result,sampleDotCode,unitName,sampleTime,resultName,deviceName
203.4,ST010237,℃,2025-05-01 08:00:00,初馏点温度,延炼100万吨/年催化裂化装置
231.2,ST010237,℃,2025-05-01 08:00:00,10%回收温度,延炼100万吨/年催化裂化装置
280.5,ST010237,℃,2025-05-01 08:00:00,50%回收温度,延炼100万吨/年催化裂化装置
343.5,ST010237,℃,2025-05-01 08:00:00,90%回收温度,延炼100万吨/年催化裂化装置
356.7,ST010237,℃,2025-05-01 08:00:00,95%回收温度,延炼100万吨/年催化裂化装置
84.5,ST010237,℃,2025-05-01 08:00:00,闪点(闭口),延炼100万吨/年催化裂化装置
-2,ST010237,℃,2025-05-01 08:00:00,凝点,延炼100万吨/年催化裂化装置
894.2,ST010237,<p>kg/m<sup>3</sup></p>,2025-05-01 08:00:00,密度(20℃),延炼100万吨/年催化裂化装置
202.5,ST010237,℃,2025-05-02 08:00:00,初馏点温度,延炼100万吨/年催化裂化装置
229.7,ST010237,℃,2025-05-02 08:00:00,10%回收温度,延炼100万吨/年催化裂化装置
274.0,ST010237,℃,2025-05-02 08:00:00,50%回收温度,延炼100万吨/年催化裂化装置
337.7,ST010237,℃,2025-05-02 08:00:00,90%回收温度,延炼100万吨/年催化裂化装置
351.3,ST010237,℃,2025-05-02 08:00:00,95%回收温度,延炼100万吨/年催化裂化装置
202.4,ST010237,℃,2025-05-03 08:00:00,初馏点温度,延炼100万吨/年催化裂化装置
229.5,ST010237,℃,2025-05-03 08:00:00,10%回收温度,延炼100万吨/年催化裂化装置
272.9,ST010237,℃,2025-05-03 08:00:00,50%回收温度,延炼100万吨/年催化裂化装置
337.3,ST010237,℃,2025-05-03 08:00:00,90%回收温度,延炼100万吨/年催化裂化装置
351.5,ST010237,℃,2025-05-03 08:00:00,95%回收温度,延炼100万吨/年催化裂化装置
204.6,ST010237,℃,2025-05-04 08:00:00,初馏点温度,延炼100万吨/年催化裂化装置
232.9,ST010237,℃,2025-05-04 08:00:00,10%回收温度,延炼100万吨/年催化裂化装置
278.1,ST010237,℃,2025-05-04 08:00:00,50%回收温度,延炼100万吨/年催化裂化装置
339.0,ST010237,℃,2025-05-04 08:00:00,90%回收温度,延炼100万吨/年催化裂化装置
352.2,ST010237,℃,2025-05-04 08:00:00,95%回收温度,延炼100万吨/年催化裂化装置
203.8,ST010237,℃,2025-05-05 08:00:00,初馏点温度,延炼100万吨/年催化裂化装置
231.3,ST010237,℃,2025-05-05 08:00:00,10%回收温度,延炼100万吨/年催化裂化装置
275.6,ST010237,℃,2025-05-05 08:00:00,50%回收温度,延炼100万吨/年催化裂化装置
337.3,ST010237,℃,2025-05-05 08:00:00,90%回收温度,延炼100万吨/年催化裂化装置
350.0,ST010237,℃,2025-05-05 08:00:00,95%回收温度,延炼100万吨/年催化裂化装置
203.5,ST010237,℃,2025-05-06 08:00:00,初馏点温度,延炼100万吨/年催化裂化装置
231.4,ST010237,℃,2025-05-06 08:00:00,10%回收温度,延炼100万吨/年催化裂化装置
274.3,ST010237,℃,2025-05-06 08:00:00,50%回收温度,延炼100万吨/年催化裂化装置
324.9,ST010237,℃,2025-05-06 08:00:00,90%回收温度,延炼100万吨/年催化裂化装置
348.1,ST010237,℃,2025-05-06 08:00:00,95%回收温度,延炼100万吨/年催化裂化装置
205.1,ST010237,℃,2025-05-07 08:00:00,初馏点温度,延炼100万吨/年催化裂化装置
232.9,ST010237,℃,2025-05-07 08:00:00,10%回收温度,延炼100万吨/年催化裂化装置
279.8,ST010237,℃,2025-05-07 08:00:00,50%回收温度,延炼100万吨/年催化裂化装置
340.3,ST010237,℃,2025-05-07 08:00:00,90%回收温度,延炼100万吨/年催化裂化装置
352.8,ST010237,℃,2025-05-07 08:00:00,95%回收温度,延炼100万吨/年催化裂化装置
201.7,ST010237,℃,2025-05-08 08:00:00,初馏点温度,延炼100万吨/年催化裂化装置
229.2,ST010237,℃,2025-05-08 08:00:00,10%回收温度,延炼100万吨/年催化裂化装置
274.2,ST010237,℃,2025-05-08 08:00:00,50%回收温度,延炼100万吨/年催化裂化装置
337.0,ST010237,℃,2025-05-08 08:00:00,90%回收温度,延炼100万吨/年催化裂化装置
349.7,ST010237,℃,2025-05-08 08:00:00,95%回收温度,延炼100万吨/年催化裂化装置
80.5,ST010237,℃,2025-05-08 08:00:00,闪点(闭口),延炼100万吨/年催化裂化装置
-5,ST010237,℃,2025-05-08 08:00:00,凝点,延炼100万吨/年催化裂化装置
202.9,ST010237,℃,2025-05-09 08:00:00,初馏点温度,延炼100万吨/年催化裂化装置
230.5,ST010237,℃,2025-05-09 08:00:00,10%回收温度,延炼100万吨/年催化裂化装置
277.0,ST010237,℃,2025-05-09 08:00:00,50%回收温度,延炼100万吨/年催化裂化装置
339.8,ST010237,℃,2025-05-09 08:00:00,90%回收温度,延炼100万吨/年催化裂化装置
353.3,ST010237,℃,2025-05-09 08:00:00,95%回收温度,延炼100万吨/年催化裂化装置
204.8,ST010237,℃,2025-05-10 08:00:00,初馏点温度,延炼100万吨/年催化裂化装置
232.2,ST010237,℃,2025-05-10 08:00:00,10%回收温度,延炼100万吨/年催化裂化装置
279.4,ST010237,℃,2025-05-10 08:00:00,50%回收温度,延炼100万吨/年催化裂化装置
343.3,ST010237,℃,2025-05-10 08:00:00,90%回收温度,延炼100万吨/年催化裂化装置
356.7,ST010237,℃,2025-05-10 08:00:00,95%回收温度,延炼100万吨/年催化裂化装置
203.4,ST010237,℃,2025-05-11 08:00:00,初馏点温度,延炼100万吨/年催化裂化装置
230.7,ST010237,℃,2025-05-11 08:00:00,10%回收温度,延炼100万吨/年催化裂化装置
276.8,ST010237,℃,2025-05-11 08:00:00,50%回收温度,延炼100万吨/年催化裂化装置
343.1,ST010237,℃,2025-05-11 08:00:00,90%回收温度,延炼100万吨/年催化裂化装置
357.8,ST010237,℃,2025-05-11 08:00:00,95%回收温度,延炼100万吨/年催化裂化装置
203.9,ST010237,℃,2025-05-12 08:00:00,初馏点温度,延炼100万吨/年催化裂化装置
231.2,ST010237,℃,2025-05-12 08:00:00,10%回收温度,延炼100万吨/年催化裂化装置
285.5,ST010237,℃,2025-05-12 08:00:00,50%回收温度,延炼100万吨/年催化裂化装置
349.2,ST010237,℃,2025-05-12 08:00:00,90%回收温度,延炼100万吨/年催化裂化装置
363.7,ST010237,℃,2025-05-12 08:00:00,95%回收温度,延炼100万吨/年催化裂化装置
200.9,ST010237,℃,2025-05-13 08:00:00,初馏点温度,延炼100万吨/年催化裂化装置
228.9,ST010237,℃,2025-05-13 08:00:00,10%回收温度,延炼100万吨/年催化裂化装置
277.9,ST010237,℃,2025-05-13 08:00:00,50%回收温度,延炼100万吨/年催化裂化装置
348.8,ST010237,℃,2025-05-13 08:00:00,90%回收温度,延炼100万吨/年催化裂化装置
363.8,ST010237,℃,2025-05-13 08:00:00,95%回收温度,延炼100万吨/年催化裂化装置
198.6,ST010237,℃,2025-05-14 08:00:00,初馏点温度,延炼100万吨/年催化裂化装置
225.1,ST010237,℃,2025-05-14 08:00:00,10%回收温度,延炼100万吨/年催化裂化装置
275.3,ST010237,℃,2025-05-14 08:00:00,50%回收温度,延炼100万吨/年催化裂化装置
347.3,ST010237,℃,2025-05-14 08:00:00,90%回收温度,延炼100万吨/年催化裂化装置
361.9,ST010237,℃,2025-05-14 08:00:00,95%回收温度,延炼100万吨/年催化裂化装置
84.5,ST010237,℃,2025-05-15 08:00:00,闪点(闭口),延炼100万吨/年催化裂化装置
-4,ST010237,℃,2025-05-15 08:00:00,凝点,延炼100万吨/年催化裂化装置
203.1,ST010237,℃,2025-05-15 08:00:00,初馏点温度,延炼100万吨/年催化裂化装置
230.8,ST010237,℃,2025-05-15 08:00:00,10%回收温度,延炼100万吨/年催化裂化装置
278.7,ST010237,℃,2025-05-15 08:00:00,50%回收温度,延炼100万吨/年催化裂化装置
343.2,ST010237,℃,2025-05-15 08:00:00,90%回收温度,延炼100万吨/年催化裂化装置
357.6,ST010237,℃,2025-05-15 08:00:00,95%回收温度,延炼100万吨/年催化裂化装置
203.3,ST010237,℃,2025-05-16 08:00:00,初馏点温度,延炼100万吨/年催化裂化装置
230.9,ST010237,℃,2025-05-16 08:00:00,10%回收温度,延炼100万吨/年催化裂化装置
281.6,ST010237,℃,2025-05-16 08:00:00,50%回收温度,延炼100万吨/年催化裂化装置
348.7,ST010237,℃,2025-05-16 08:00:00,90%回收温度,延炼100万吨/年催化裂化装置
361.8,ST010237,℃,2025-05-16 08:00:00,95%回收温度,延炼100万吨/年催化裂化装置
200.9,ST010237,℃,2025-05-17 08:00:00,初馏点温度,延炼100万吨/年催化裂化装置
228.9,ST010237,℃,2025-05-17 08:00:00,10%回收温度,延炼100万吨/年催化裂化装置
275.8,ST010237,℃,2025-05-17 08:00:00,50%回收温度,延炼100万吨/年催化裂化装置
344.1,ST010237,℃,2025-05-17 08:00:00,90%回收温度,延炼100万吨/年催化裂化装置
359.3,ST010237,℃,2025-05-17 08:00:00,95%回收温度,延炼100万吨/年催化裂化装置
203.7,ST010237,℃,2025-05-18 08:00:00,初馏点温度,延炼100万吨/年催化裂化装置
231.6,ST010237,℃,2025-05-18 08:00:00,10%回收温度,延炼100万吨/年催化裂化装置
283.5,ST010237,℃,2025-05-18 08:00:00,50%回收温度,延炼100万吨/年催化裂化装置
345.9,ST010237,℃,2025-05-18 08:00:00,90%回收温度,延炼100万吨/年催化裂化装置
358.8,ST010237,℃,2025-05-18 08:00:00,95%回收温度,延炼100万吨/年催化裂化装置
203.9,ST010237,℃,2025-05-19 08:00:00,初馏点温度,延炼100万吨/年催化裂化装置
231.4,ST010237,℃,2025-05-19 08:00:00,10%回收温度,延炼100万吨/年催化裂化装置
281.2,ST010237,℃,2025-05-19 08:00:00,50%回收温度,延炼100万吨/年催化裂化装置
347.5,ST010237,℃,2025-05-19 08:00:00,90%回收温度,延炼100万吨/年催化裂化装置
360.6,ST010237,℃,2025-05-19 08:00:00,95%回收温度,延炼100万吨/年催化裂化装置
203.4,ST010237,℃,2025-05-20 08:00:00,初馏点温度,延炼100万吨/年催化裂化装置
230.7,ST010237,℃,2025-05-20 08:00:00,10%回收温度,延炼100万吨/年催化裂化装置
277.3,ST010237,℃,2025-05-20 08:00:00,50%回收温度,延炼100万吨/年催化裂化装置
343.6,ST010237,℃,2025-05-20 08:00:00,90%回收温度,延炼100万吨/年催化裂化装置
358.7,ST010237,℃,2025-05-20 08:00:00,95%回收温度,延炼100万吨/年催化裂化装置
205.0,ST010237,℃,2025-05-21 08:00:00,初馏点温度,延炼100万吨/年催化裂化装置
232.3,ST010237,℃,2025-05-21 08:00:00,10%回收温度,延炼100万吨/年催化裂化装置
282.5,ST010237,℃,2025-05-21 08:00:00,50%回收温度,延炼100万吨/年催化裂化装置
348.1,ST010237,℃,2025-05-21 08:00:00,90%回收温度,延炼100万吨/年催化裂化装置
361.2,ST010237,℃,2025-05-21 08:00:00,95%回收温度,延炼100万吨/年催化裂化装置
83.0,ST010237,℃,2025-05-22 08:00:00,闪点(闭口),延炼100万吨/年催化裂化装置
-5,ST010237,℃,2025-05-22 08:00:00,凝点,延炼100万吨/年催化裂化装置
203.4,ST010237,℃,2025-05-22 08:00:00,初馏点温度,延炼100万吨/年催化裂化装置
231.0,ST010237,℃,2025-05-22 08:00:00,10%回收温度,延炼100万吨/年催化裂化装置
282.2,ST010237,℃,2025-05-22 08:00:00,50%回收温度,延炼100万吨/年催化裂化装置
350.1,ST010237,℃,2025-05-22 08:00:00,90%回收温度,延炼100万吨/年催化裂化装置
364.7,ST010237,℃,2025-05-22 08:00:00,95%回收温度,延炼100万吨/年催化裂化装置
202.4,ST010237,℃,2025-05-23 08:00:00,初馏点温度,延炼100万吨/年催化裂化装置
228.9,ST010237,℃,2025-05-23 08:00:00,10%回收温度,延炼100万吨/年催化裂化装置
271.6,ST010237,℃,2025-05-23 08:00:00,50%回收温度,延炼100万吨/年催化裂化装置
338.8,ST010237,℃,2025-05-23 08:00:00,90%回收温度,延炼100万吨/年催化裂化装置
354.4,ST010237,℃,2025-05-23 08:00:00,95%回收温度,延炼100万吨/年催化裂化装置
203.4,ST010237,℃,2025-05-24 08:00:00,初馏点温度,延炼100万吨/年催化裂化装置
231.0,ST010237,℃,2025-05-24 08:00:00,10%回收温度,延炼100万吨/年催化裂化装置
280.1,ST010237,℃,2025-05-24 08:00:00,50%回收温度,延炼100万吨/年催化裂化装置
346.2,ST010237,℃,2025-05-24 08:00:00,90%回收温度,延炼100万吨/年催化裂化装置
359.6,ST010237,℃,2025-05-24 08:00:00,95%回收温度,延炼100万吨/年催化裂化装置
202.6,ST010237,℃,2025-05-25 08:00:00,初馏点温度,延炼100万吨/年催化裂化装置
229.9,ST010237,℃,2025-05-25 08:00:00,10%回收温度,延炼100万吨/年催化裂化装置
277.6,ST010237,℃,2025-05-25 08:00:00,50%回收温度,延炼100万吨/年催化裂化装置
344.3,ST010237,℃,2025-05-25 08:00:00,90%回收温度,延炼100万吨/年催化裂化装置
358.6,ST010237,℃,2025-05-25 08:00:00,95%回收温度,延炼100万吨/年催化裂化装置
203.9,ST010237,℃,2025-05-26 08:00:00,初馏点温度,延炼100万吨/年催化裂化装置
231.6,ST010237,℃,2025-05-26 08:00:00,10%回收温度,延炼100万吨/年催化裂化装置
276.3,ST010237,℃,2025-05-26 08:00:00,50%回收温度,延炼100万吨/年催化裂化装置
343.0,ST010237,℃,2025-05-26 08:00:00,90%回收温度,延炼100万吨/年催化裂化装置
358.8,ST010237,℃,2025-05-26 08:00:00,95%回收温度,延炼100万吨/年催化裂化装置
202.9,ST010237,℃,2025-05-27 08:00:00,初馏点温度,延炼100万吨/年催化裂化装置
229.6,ST010237,℃,2025-05-27 08:00:00,10%回收温度,延炼100万吨/年催化裂化装置
277.8,ST010237,℃,2025-05-27 08:00:00,50%回收温度,延炼100万吨/年催化裂化装置
349.3,ST010237,℃,2025-05-27 08:00:00,90%回收温度,延炼100万吨/年催化裂化装置
364.2,ST010237,℃,2025-05-27 08:00:00,95%回收温度,延炼100万吨/年催化裂化装置
202.7,ST010237,℃,2025-05-28 08:00:00,初馏点温度,延炼100万吨/年催化裂化装置
230.0,ST010237,℃,2025-05-28 08:00:00,10%回收温度,延炼100万吨/年催化裂化装置
275.7,ST010237,℃,2025-05-28 08:00:00,50%回收温度,延炼100万吨/年催化裂化装置
343.6,ST010237,℃,2025-05-28 08:00:00,90%回收温度,延炼100万吨/年催化裂化装置
359.2,ST010237,℃,2025-05-28 08:00:00,95%回收温度,延炼100万吨/年催化裂化装置
84.5,ST010237,℃,2025-05-29 08:00:00,闪点(闭口),延炼100万吨/年催化裂化装置
-4,ST010237,℃,2025-05-29 08:00:00,凝点,延炼100万吨/年催化裂化装置
202.8,ST010237,℃,2025-05-29 08:00:00,初馏点温度,延炼100万吨/年催化裂化装置
230.1,ST010237,℃,2025-05-29 08:00:00,10%回收温度,延炼100万吨/年催化裂化装置
277.2,ST010237,℃,2025-05-29 08:00:00,50%回收温度,延炼100万吨/年催化裂化装置
341.1,ST010237,℃,2025-05-29 08:00:00,90%回收温度,延炼100万吨/年催化裂化装置
355.1,ST010237,℃,2025-05-29 08:00:00,95%回收温度,延炼100万吨/年催化裂化装置
204.1,ST010237,℃,2025-05-30 08:00:00,初馏点温度,延炼100万吨/年催化裂化装置
232.5,ST010237,℃,2025-05-30 08:00:00,10%回收温度,延炼100万吨/年催化裂化装置
291.2,ST010237,℃,2025-05-30 08:00:00,50%回收温度,延炼100万吨/年催化裂化装置
352.9,ST010237,℃,2025-05-30 08:00:00,90%回收温度,延炼100万吨/年催化裂化装置
366.1,ST010237,℃,2025-05-30 08:00:00,95%回收温度,延炼100万吨/年催化裂化装置
201.1,ST010237,℃,2025-05-31 08:00:00,初馏点温度,延炼100万吨/年催化裂化装置
227.7,ST010237,℃,2025-05-31 08:00:00,10%回收温度,延炼100万吨/年催化裂化装置
272.0,ST010237,℃,2025-05-31 08:00:00,50%回收温度,延炼100万吨/年催化裂化装置
338.7,ST010237,℃,2025-05-31 08:00:00,90%回收温度,延炼100万吨/年催化裂化装置
353.6,ST010237,℃,2025-05-31 08:00:00,95%回收温度,延炼100万吨/年催化裂化装置
205.4,ST010237,℃,2025-06-01 08:00:00,初馏点温度,延炼100万吨/年催化裂化装置
233.3,ST010237,℃,2025-06-01 08:00:00,10%回收温度,延炼100万吨/年催化裂化装置
281.4,ST010237,℃,2025-06-01 08:00:00,50%回收温度,延炼100万吨/年催化裂化装置
343.8,ST010237,℃,2025-06-01 08:00:00,90%回收温度,延炼100万吨/年催化裂化装置
357.3,ST010237,℃,2025-06-01 08:00:00,95%回收温度,延炼100万吨/年催化裂化装置
903.4,ST010237,<p>kg/m<sup>3</sup></p>,2025-06-01 08:00:00,密度(20℃),延炼100万吨/年催化裂化装置
203.1,ST010237,℃,2025-06-02 08:03:00,初馏点温度,延炼100万吨/年催化裂化装置
231.0,ST010237,℃,2025-06-02 08:03:00,10%回收温度,延炼100万吨/年催化裂化装置
278.5,ST010237,℃,2025-06-02 08:03:00,50%回收温度,延炼100万吨/年催化裂化装置
343.7,ST010237,℃,2025-06-02 08:03:00,90%回收温度,延炼100万吨/年催化裂化装置
358.1,ST010237,℃,2025-06-02 08:03:00,95%回收温度,延炼100万吨/年催化裂化装置
199.2,ST010237,℃,2025-06-03 08:00:00,初馏点温度,延炼100万吨/年催化裂化装置
225.6,ST010237,℃,2025-06-03 08:00:00,10%回收温度,延炼100万吨/年催化裂化装置
273.3,ST010237,℃,2025-06-03 08:00:00,50%回收温度,延炼100万吨/年催化裂化装置
340.5,ST010237,℃,2025-06-03 08:00:00,90%回收温度,延炼100万吨/年催化裂化装置
355.7,ST010237,℃,2025-06-03 08:00:00,95%回收温度,延炼100万吨/年催化裂化装置
202.3,ST010237,℃,2025-06-04 08:00:00,初馏点温度,延炼100万吨/年催化裂化装置
229.4,ST010237,℃,2025-06-04 08:00:00,10%回收温度,延炼100万吨/年催化裂化装置
277.1,ST010237,℃,2025-06-04 08:00:00,50%回收温度,延炼100万吨/年催化裂化装置
345.5,ST010237,℃,2025-06-04 08:00:00,90%回收温度,延炼100万吨/年催化裂化装置
360.2,ST010237,℃,2025-06-04 08:00:00,95%回收温度,延炼100万吨/年催化裂化装置
198.9,ST010237,℃,2025-06-05 08:00:00,初馏点温度,延炼100万吨/年催化裂化装置
225.7,ST010237,℃,2025-06-05 08:00:00,10%回收温度,延炼100万吨/年催化裂化装置
274.0,ST010237,℃,2025-06-05 08:00:00,50%回收温度,延炼100万吨/年催化裂化装置
343.4,ST010237,℃,2025-06-05 08:00:00,90%回收温度,延炼100万吨/年催化裂化装置
359.1,ST010237,℃,2025-06-05 08:00:00,95%回收温度,延炼100万吨/年催化裂化装置
82.5,ST010237,℃,2025-06-05 08:00:00,闪点(闭口),延炼100万吨/年催化裂化装置
-3,ST010237,℃,2025-06-05 08:00:00,凝点,延炼100万吨/年催化裂化装置
202.2,ST010237,℃,2025-06-06 08:00:00,初馏点温度,延炼100万吨/年催化裂化装置
229.6,ST010237,℃,2025-06-06 08:00:00,10%回收温度,延炼100万吨/年催化裂化装置
273.9,ST010237,℃,2025-06-06 08:00:00,50%回收温度,延炼100万吨/年催化裂化装置
341.6,ST010237,℃,2025-06-06 08:00:00,90%回收温度,延炼100万吨/年催化裂化装置
358.3,ST010237,℃,2025-06-06 08:00:00,95%回收温度,延炼100万吨/年催化裂化装置
274.7,ST010237,℃,2025-06-07 08:00:00,50%回收温度,延炼100万吨/年催化裂化装置
346.2,ST010237,℃,2025-06-07 08:00:00,90%回收温度,延炼100万吨/年催化裂化装置
361.0,ST010237,℃,2025-06-07 08:00:00,95%回收温度,延炼100万吨/年催化裂化装置
198.2,ST010237,℃,2025-06-07 08:00:00,初馏点温度,延炼100万吨/年催化裂化装置
224.5,ST010237,℃,2025-06-07 08:00:00,10%回收温度,延炼100万吨/年催化裂化装置
201.9,ST010237,℃,2025-06-08 08:00:00,初馏点温度,延炼100万吨/年催化裂化装置
229.4,ST010237,℃,2025-06-08 08:00:00,10%回收温度,延炼100万吨/年催化裂化装置
282.1,ST010237,℃,2025-06-08 08:00:00,50%回收温度,延炼100万吨/年催化裂化装置
352.0,ST010237,℃,2025-06-08 08:00:00,90%回收温度,延炼100万吨/年催化裂化装置
367.5,ST010237,℃,2025-06-08 08:00:00,95%回收温度,延炼100万吨/年催化裂化装置
199.9,ST010237,℃,2025-06-09 08:00:00,初馏点温度,延炼100万吨/年催化裂化装置
227.8,ST010237,℃,2025-06-09 08:00:00,10%回收温度,延炼100万吨/年催化裂化装置
277.9,ST010237,℃,2025-06-09 08:00:00,50%回收温度,延炼100万吨/年催化裂化装置
349.1,ST010237,℃,2025-06-09 08:00:00,90%回收温度,延炼100万吨/年催化裂化装置
364.1,ST010237,℃,2025-06-09 08:00:00,95%回收温度,延炼100万吨/年催化裂化装置
202.4,ST010237,℃,2025-06-10 08:00:00,初馏点温度,延炼100万吨/年催化裂化装置
230.2,ST010237,℃,2025-06-10 08:00:00,10%回收温度,延炼100万吨/年催化裂化装置
283.6,ST010237,℃,2025-06-10 08:00:00,50%回收温度,延炼100万吨/年催化裂化装置
351.5,ST010237,℃,2025-06-10 08:00:00,90%回收温度,延炼100万吨/年催化裂化装置
366.7,ST010237,℃,2025-06-10 08:00:00,95%回收温度,延炼100万吨/年催化裂化装置
196.5,ST010237,℃,2025-06-11 08:00:00,初馏点温度,延炼100万吨/年催化裂化装置
222.7,ST010237,℃,2025-06-11 08:00:00,10%回收温度,延炼100万吨/年催化裂化装置
267.7,ST010237,℃,2025-06-11 08:00:00,50%回收温度,延炼100万吨/年催化裂化装置
332.9,ST010237,℃,2025-06-11 08:00:00,90%回收温度,延炼100万吨/年催化裂化装置
348.0,ST010237,℃,2025-06-11 08:00:00,95%回收温度,延炼100万吨/年催化裂化装置
75.5,ST010237,℃,2025-06-12 08:00:00,闪点(闭口),延炼100万吨/年催化裂化装置
-4,ST010237,℃,2025-06-12 08:00:00,凝点,延炼100万吨/年催化裂化装置
196.7,ST010237,℃,2025-06-12 08:00:00,初馏点温度,延炼100万吨/年催化裂化装置
223.2,ST010237,℃,2025-06-12 08:00:00,10%回收温度,延炼100万吨/年催化裂化装置
274.4,ST010237,℃,2025-06-12 08:00:00,50%回收温度,延炼100万吨/年催化裂化装置
344.5,ST010237,℃,2025-06-12 08:00:00,90%回收温度,延炼100万吨/年催化裂化装置
359.5,ST010237,℃,2025-06-12 08:00:00,95%回收温度,延炼100万吨/年催化裂化装置
192.3,ST010237,℃,2025-06-13 08:00:00,初馏点温度,延炼100万吨/年催化裂化装置
218.4,ST010237,℃,2025-06-13 08:00:00,10%回收温度,延炼100万吨/年催化裂化装置
270.0,ST010237,℃,2025-06-13 08:00:00,50%回收温度,延炼100万吨/年催化裂化装置
342.0,ST010237,℃,2025-06-13 08:00:00,90%回收温度,延炼100万吨/年催化裂化装置
359.1,ST010237,℃,2025-06-13 08:00:00,95%回收温度,延炼100万吨/年催化裂化装置
203.7,ST010237,℃,2025-06-14 08:00:00,初馏点温度,延炼100万吨/年催化裂化装置
231.9,ST010237,℃,2025-06-14 08:00:00,10%回收温度,延炼100万吨/年催化裂化装置
278.5,ST010237,℃,2025-06-14 08:00:00,50%回收温度,延炼100万吨/年催化裂化装置
343.4,ST010237,℃,2025-06-14 08:00:00,90%回收温度,延炼100万吨/年催化裂化装置
358.4,ST010237,℃,2025-06-14 08:00:00,95%回收温度,延炼100万吨/年催化裂化装置
205.9,ST010237,℃,2025-06-15 08:00:00,初馏点温度,延炼100万吨/年催化裂化装置
234.5,ST010237,℃,2025-06-15 08:00:00,10%回收温度,延炼100万吨/年催化裂化装置
284.0,ST010237,℃,2025-06-15 08:00:00,50%回收温度,延炼100万吨/年催化裂化装置
347.9,ST010237,℃,2025-06-15 08:00:00,90%回收温度,延炼100万吨/年催化裂化装置
360.8,ST010237,℃,2025-06-15 08:00:00,95%回收温度,延炼100万吨/年催化裂化装置
202.7,ST010237,℃,2025-06-16 08:00:00,初馏点温度,延炼100万吨/年催化裂化装置
231.4,ST010237,℃,2025-06-16 08:00:00,10%回收温度,延炼100万吨/年催化裂化装置
286.1,ST010237,℃,2025-06-16 08:00:00,50%回收温度,延炼100万吨/年催化裂化装置
353.2,ST010237,℃,2025-06-16 08:00:00,90%回收温度,延炼100万吨/年催化裂化装置
367.9,ST010237,℃,2025-06-16 08:00:00,95%回收温度,延炼100万吨/年催化裂化装置
199.0,ST010237,℃,2025-06-17 08:00:00,初馏点温度,延炼100万吨/年催化裂化装置
227.5,ST010237,℃,2025-06-17 08:00:00,10%回收温度,延炼100万吨/年催化裂化装置
274.9,ST010237,℃,2025-06-17 08:00:00,50%回收温度,延炼100万吨/年催化裂化装置
344.0,ST010237,℃,2025-06-17 08:00:00,90%回收温度,延炼100万吨/年催化裂化装置
359.5,ST010237,℃,2025-06-17 08:00:00,95%回收温度,延炼100万吨/年催化裂化装置
202.5,ST010237,℃,2025-06-18 08:00:00,初馏点温度,延炼100万吨/年催化裂化装置
230.5,ST010237,℃,2025-06-18 08:00:00,10%回收温度,延炼100万吨/年催化裂化装置
281.4,ST010237,℃,2025-06-18 08:00:00,50%回收温度,延炼100万吨/年催化裂化装置
349.9,ST010237,℃,2025-06-18 08:00:00,90%回收温度,延炼100万吨/年催化裂化装置
364.8,ST010237,℃,2025-06-18 08:00:00,95%回收温度,延炼100万吨/年催化裂化装置
-2,ST010237,℃,2025-06-19 08:00:00,凝点,延炼100万吨/年催化裂化装置
201.5,ST010237,℃,2025-06-19 08:00:00,初馏点温度,延炼100万吨/年催化裂化装置
229.4,ST010237,℃,2025-06-19 08:00:00,10%回收温度,延炼100万吨/年催化裂化装置
276.4,ST010237,℃,2025-06-19 08:00:00,50%回收温度,延炼100万吨/年催化裂化装置
346.4,ST010237,℃,2025-06-19 08:00:00,90%回收温度,延炼100万吨/年催化裂化装置
361.3,ST010237,℃,2025-06-19 08:00:00,95%回收温度,延炼100万吨/年催化裂化装置
82.0,ST010237,℃,2025-06-19 08:00:00,闪点(闭口),延炼100万吨/年催化裂化装置
199.3,ST010237,℃,2025-06-20 08:00:00,初馏点温度,延炼100万吨/年催化裂化装置
227.9,ST010237,℃,2025-06-20 08:00:00,10%回收温度,延炼100万吨/年催化裂化装置
279.3,ST010237,℃,2025-06-20 08:00:00,50%回收温度,延炼100万吨/年催化裂化装置
350.0,ST010237,℃,2025-06-20 08:00:00,90%回收温度,延炼100万吨/年催化裂化装置
365.4,ST010237,℃,2025-06-20 08:00:00,95%回收温度,延炼100万吨/年催化裂化装置
202.8,ST010237,℃,2025-06-21 08:00:00,初馏点温度,延炼100万吨/年催化裂化装置
230.5,ST010237,℃,2025-06-21 08:00:00,10%回收温度,延炼100万吨/年催化裂化装置
282.1,ST010237,℃,2025-06-21 08:00:00,50%回收温度,延炼100万吨/年催化裂化装置
349.9,ST010237,℃,2025-06-21 08:00:00,90%回收温度,延炼100万吨/年催化裂化装置
364.3,ST010237,℃,2025-06-21 08:00:00,95%回收温度,延炼100万吨/年催化裂化装置
201.7,ST010237,℃,2025-06-22 08:00:00,初馏点温度,延炼100万吨/年催化裂化装置
229.7,ST010237,℃,2025-06-22 08:00:00,10%回收温度,延炼100万吨/年催化裂化装置
277.9,ST010237,℃,2025-06-22 08:00:00,50%回收温度,延炼100万吨/年催化裂化装置
346.1,ST010237,℃,2025-06-22 08:00:00,90%回收温度,延炼100万吨/年催化裂化装置
354.5,ST010237,℃,2025-06-22 08:00:00,95%回收温度,延炼100万吨/年催化裂化装置
206.7,ST010237,℃,2025-06-23 08:00:00,初馏点温度,延炼100万吨/年催化裂化装置
238.4,ST010237,℃,2025-06-23 08:00:00,10%回收温度,延炼100万吨/年催化裂化装置
285.5,ST010237,℃,2025-06-23 08:00:00,50%回收温度,延炼100万吨/年催化裂化装置
348.2,ST010237,℃,2025-06-23 08:00:00,90%回收温度,延炼100万吨/年催化裂化装置
361.7,ST010237,℃,2025-06-23 08:00:00,95%回收温度,延炼100万吨/年催化裂化装置
203.3,ST010237,℃,2025-06-24 08:00:00,初馏点温度,延炼100万吨/年催化裂化装置
230.8,ST010237,℃,2025-06-24 08:00:00,10%回收温度,延炼100万吨/年催化裂化装置
281.5,ST010237,℃,2025-06-24 08:00:00,50%回收温度,延炼100万吨/年催化裂化装置
348.1,ST010237,℃,2025-06-24 08:00:00,90%回收温度,延炼100万吨/年催化裂化装置
361.5,ST010237,℃,2025-06-24 08:00:00,95%回收温度,延炼100万吨/年催化裂化装置
348.4,ST010237,℃,2025-06-25 08:00:00,90%回收温度,延炼100万吨/年催化裂化装置
362.7,ST010237,℃,2025-06-25 08:00:00,95%回收温度,延炼100万吨/年催化裂化装置
204.8,ST010237,℃,2025-06-25 08:00:00,初馏点温度,延炼100万吨/年催化裂化装置
233.4,ST010237,℃,2025-06-25 08:00:00,10%回收温度,延炼100万吨/年催化裂化装置
282.7,ST010237,℃,2025-06-25 08:00:00,50%回收温度,延炼100万吨/年催化裂化装置
80.5,ST010237,℃,2025-06-26 08:00:00,闪点(闭口),延炼100万吨/年催化裂化装置
-4,ST010237,℃,2025-06-26 08:00:00,凝点,延炼100万吨/年催化裂化装置
202.0,ST010237,℃,2025-06-26 08:00:00,初馏点温度,延炼100万吨/年催化裂化装置
230.2,ST010237,℃,2025-06-26 08:00:00,10%回收温度,延炼100万吨/年催化裂化装置
280.9,ST010237,℃,2025-06-26 08:00:00,50%回收温度,延炼100万吨/年催化裂化装置
349.6,ST010237,℃,2025-06-26 08:00:00,90%回收温度,延炼100万吨/年催化裂化装置
364.5,ST010237,℃,2025-06-26 08:00:00,95%回收温度,延炼100万吨/年催化裂化装置
203.2,ST010237,℃,2025-06-27 08:00:00,初馏点温度,延炼100万吨/年催化裂化装置
231.4,ST010237,℃,2025-06-27 08:00:00,10%回收温度,延炼100万吨/年催化裂化装置
281.9,ST010237,℃,2025-06-27 08:00:00,50%回收温度,延炼100万吨/年催化裂化装置
350.2,ST010237,℃,2025-06-27 08:00:00,90%回收温度,延炼100万吨/年催化裂化装置
365.1,ST010237,℃,2025-06-27 08:00:00,95%回收温度,延炼100万吨/年催化裂化装置
203.3,ST010237,℃,2025-06-28 08:00:00,初馏点温度,延炼100万吨/年催化裂化装置
231.6,ST010237,℃,2025-06-28 08:00:00,10%回收温度,延炼100万吨/年催化裂化装置
282.3,ST010237,℃,2025-06-28 08:00:00,50%回收温度,延炼100万吨/年催化裂化装置
348.4,ST010237,℃,2025-06-28 08:00:00,90%回收温度,延炼100万吨/年催化裂化装置
362.2,ST010237,℃,2025-06-28 08:00:00,95%回收温度,延炼100万吨/年催化裂化装置
199.2,ST010237,℃,2025-06-29 08:00:00,初馏点温度,延炼100万吨/年催化裂化装置
228.0,ST010237,℃,2025-06-29 08:00:00,10%回收温度,延炼100万吨/年催化裂化装置
273.6,ST010237,℃,2025-06-29 08:00:00,50%回收温度,延炼100万吨/年催化裂化装置
342.0,ST010237,℃,2025-06-29 08:00:00,90%回收温度,延炼100万吨/年催化裂化装置
358.8,ST010237,℃,2025-06-29 08:00:00,95%回收温度,延炼100万吨/年催化裂化装置
205.3,ST010237,℃,2025-06-30 08:00:00,初馏点温度,延炼100万吨/年催化裂化装置
232.7,ST010237,℃,2025-06-30 08:00:00,10%回收温度,延炼100万吨/年催化裂化装置
282.5,ST010237,℃,2025-06-30 08:00:00,50%回收温度,延炼100万吨/年催化裂化装置
347.5,ST010237,℃,2025-06-30 08:00:00,90%回收温度,延炼100万吨/年催化裂化装置
361.3,ST010237,℃,2025-06-30 08:00:00,95%回收温度,延炼100万吨/年催化裂化装置
907.7,ST010237,<p>kg/m<sup>3</sup></p>,2025-07-01 08:00:00,密度(20℃),延炼100万吨/年催化裂化装置
204.7,ST010237,℃,2025-07-01 08:00:00,初馏点温度,延炼100万吨/年催化裂化装置
234.0,ST010237,℃,2025-07-01 08:00:00,10%回收温度,延炼100万吨/年催化裂化装置
290.2,ST010237,℃,2025-07-01 08:00:00,50%回收温度,延炼100万吨/年催化裂化装置
350.0,ST010237,℃,2025-07-01 08:00:00,90%回收温度,延炼100万吨/年催化裂化装置
362.8,ST010237,℃,2025-07-01 08:00:00,95%回收温度,延炼100万吨/年催化裂化装置
203.5,ST010237,℃,2025-07-02 08:00:00,初馏点温度,延炼100万吨/年催化裂化装置
232.6,ST010237,℃,2025-07-02 08:00:00,10%回收温度,延炼100万吨/年催化裂化装置
286.5,ST010237,℃,2025-07-02 08:00:00,50%回收温度,延炼100万吨/年催化裂化装置
349.1,ST010237,℃,2025-07-02 08:00:00,90%回收温度,延炼100万吨/年催化裂化装置
362.7,ST010237,℃,2025-07-02 08:00:00,95%回收温度,延炼100万吨/年催化裂化装置
77.0,ST010237,℃,2025-07-03 08:00:00,闪点(闭口),延炼100万吨/年催化裂化装置
-8,ST010237,℃,2025-07-03 08:00:00,凝点,延炼100万吨/年催化裂化装置
197.7,ST010237,℃,2025-07-03 08:00:00,初馏点温度,延炼100万吨/年催化裂化装置
226.2,ST010237,℃,2025-07-03 08:00:00,10%回收温度,延炼100万吨/年催化裂化装置
271.7,ST010237,℃,2025-07-03 08:00:00,50%回收温度,延炼100万吨/年催化裂化装置
339.9,ST010237,℃,2025-07-03 08:00:00,90%回收温度,延炼100万吨/年催化裂化装置
356.3,ST010237,℃,2025-07-03 08:00:00,95%回收温度,延炼100万吨/年催化裂化装置
198.9,ST010237,℃,2025-07-04 08:00:00,初馏点温度,延炼100万吨/年催化裂化装置
227.3,ST010237,℃,2025-07-04 08:00:00,10%回收温度,延炼100万吨/年催化裂化装置
275.5,ST010237,℃,2025-07-04 08:00:00,50%回收温度,延炼100万吨/年催化裂化装置
342.3,ST010237,℃,2025-07-04 08:00:00,90%回收温度,延炼100万吨/年催化裂化装置
357.2,ST010237,℃,2025-07-04 08:00:00,95%回收温度,延炼100万吨/年催化裂化装置
202.3,ST010237,℃,2025-07-05 08:00:00,初馏点温度,延炼100万吨/年催化裂化装置
230.6,ST010237,℃,2025-07-05 08:00:00,10%回收温度,延炼100万吨/年催化裂化装置
279.4,ST010237,℃,2025-07-05 08:00:00,50%回收温度,延炼100万吨/年催化裂化装置
342.0,ST010237,℃,2025-07-05 08:00:00,90%回收温度,延炼100万吨/年催化裂化装置
355.1,ST010237,℃,2025-07-05 08:00:00,95%回收温度,延炼100万吨/年催化裂化装置
201.0,ST010237,℃,2025-07-06 08:00:00,初馏点温度,延炼100万吨/年催化裂化装置
229.8,ST010237,℃,2025-07-06 08:00:00,10%回收温度,延炼100万吨/年催化裂化装置
282.9,ST010237,℃,2025-07-06 08:00:00,50%回收温度,延炼100万吨/年催化裂化装置
348.8,ST010237,℃,2025-07-06 08:00:00,90%回收温度,延炼100万吨/年催化裂化装置
361.8,ST010237,℃,2025-07-06 08:00:00,95%回收温度,延炼100万吨/年催化裂化装置
198.6,ST010237,℃,2025-07-07 08:00:00,初馏点温度,延炼100万吨/年催化裂化装置
226.8,ST010237,℃,2025-07-07 08:00:00,10%回收温度,延炼100万吨/年催化裂化装置
273.0,ST010237,℃,2025-07-07 08:00:00,50%回收温度,延炼100万吨/年催化裂化装置
341.9,ST010237,℃,2025-07-07 08:00:00,90%回收温度,延炼100万吨/年催化裂化装置
358.2,ST010237,℃,2025-07-07 08:00:00,95%回收温度,延炼100万吨/年催化裂化装置
210.3,ST010237,℃,2025-07-08 08:00:00,初馏点温度,延炼100万吨/年催化裂化装置
246.2,ST010237,℃,2025-07-08 08:00:00,10%回收温度,延炼100万吨/年催化裂化装置
303.1,ST010237,℃,2025-07-08 08:00:00,50%回收温度,延炼100万吨/年催化裂化装置
358.2,ST010237,℃,2025-07-08 08:00:00,90%回收温度,延炼100万吨/年催化裂化装置
369.4,ST010237,℃,2025-07-08 08:00:00,95%回收温度,延炼100万吨/年催化裂化装置
199.2,ST010237,℃,2025-07-09 08:00:00,初馏点温度,延炼100万吨/年催化裂化装置
228.4,ST010237,℃,2025-07-09 08:00:00,10%回收温度,延炼100万吨/年催化裂化装置
277.2,ST010237,℃,2025-07-09 08:00:00,50%回收温度,延炼100万吨/年催化裂化装置
342.6,ST010237,℃,2025-07-09 08:00:00,90%回收温度,延炼100万吨/年催化裂化装置
356.1,ST010237,℃,2025-07-09 08:00:00,95%回收温度,延炼100万吨/年催化裂化装置
76.0,ST010237,℃,2025-07-10 08:00:00,闪点(闭口),延炼100万吨/年催化裂化装置
-5,ST010237,℃,2025-07-10 08:00:00,凝点,延炼100万吨/年催化裂化装置
197.8,ST010237,℃,2025-07-10 08:00:00,初馏点温度,延炼100万吨/年催化裂化装置
226.6,ST010237,℃,2025-07-10 08:00:00,10%回收温度,延炼100万吨/年催化裂化装置
277.5,ST010237,℃,2025-07-10 08:00:00,50%回收温度,延炼100万吨/年催化裂化装置
345.5,ST010237,℃,2025-07-10 08:00:00,90%回收温度,延炼100万吨/年催化裂化装置
359.7,ST010237,℃,2025-07-10 08:00:00,95%回收温度,延炼100万吨/年催化裂化装置
200.7,ST010237,℃,2025-07-11 08:00:00,初馏点温度,延炼100万吨/年催化裂化装置
229.1,ST010237,℃,2025-07-11 08:00:00,10%回收温度,延炼100万吨/年催化裂化装置
275.4,ST010237,℃,2025-07-11 08:00:00,50%回收温度,延炼100万吨/年催化裂化装置
343.4,ST010237,℃,2025-07-11 08:00:00,90%回收温度,延炼100万吨/年催化裂化装置
359.0,ST010237,℃,2025-07-11 08:00:00,95%回收温度,延炼100万吨/年催化裂化装置
201.3,ST010237,℃,2025-07-12 08:00:00,初馏点温度,延炼100万吨/年催化裂化装置
229.4,ST010237,℃,2025-07-12 08:00:00,10%回收温度,延炼100万吨/年催化裂化装置
277.0,ST010237,℃,2025-07-12 08:00:00,50%回收温度,延炼100万吨/年催化裂化装置
344.5,ST010237,℃,2025-07-12 08:00:00,90%回收温度,延炼100万吨/年催化裂化装置
359.5,ST010237,℃,2025-07-12 08:00:00,95%回收温度,延炼100万吨/年催化裂化装置
201.1,ST010237,℃,2025-07-13 08:00:00,初馏点温度,延炼100万吨/年催化裂化装置
229.4,ST010237,℃,2025-07-13 08:00:00,10%回收温度,延炼100万吨/年催化裂化装置
275.9,ST010237,℃,2025-07-13 08:00:00,50%回收温度,延炼100万吨/年催化裂化装置
343.9,ST010237,℃,2025-07-13 08:00:00,90%回收温度,延炼100万吨/年催化裂化装置
359.3,ST010237,℃,2025-07-13 08:00:00,95%回收温度,延炼100万吨/年催化裂化装置
199.3,ST010237,℃,2025-07-14 08:00:00,初馏点温度,延炼100万吨/年催化裂化装置
228.2,ST010237,℃,2025-07-14 08:00:00,10%回收温度,延炼100万吨/年催化裂化装置
279.3,ST010237,℃,2025-07-14 08:00:00,50%回收温度,延炼100万吨/年催化裂化装置
348.2,ST010237,℃,2025-07-14 08:00:00,90%回收温度,延炼100万吨/年催化裂化装置
362.2,ST010237,℃,2025-07-14 08:00:00,95%回收温度,延炼100万吨/年催化裂化装置
201.6,ST010237,℃,2025-07-15 08:00:00,初馏点温度,延炼100万吨/年催化裂化装置
229.7,ST010237,℃,2025-07-15 08:00:00,10%回收温度,延炼100万吨/年催化裂化装置
278.0,ST010237,℃,2025-07-15 08:00:00,50%回收温度,延炼100万吨/年催化裂化装置
346.7,ST010237,℃,2025-07-15 08:00:00,90%回收温度,延炼100万吨/年催化裂化装置
360.8,ST010237,℃,2025-07-15 08:00:00,95%回收温度,延炼100万吨/年催化裂化装置
203.3,ST010237,℃,2025-07-16 08:00:00,初馏点温度,延炼100万吨/年催化裂化装置
231.7,ST010237,℃,2025-07-16 08:00:00,10%回收温度,延炼100万吨/年催化裂化装置
283.9,ST010237,℃,2025-07-16 08:00:00,50%回收温度,延炼100万吨/年催化裂化装置
351.7,ST010237,℃,2025-07-16 08:00:00,90%回收温度,延炼100万吨/年催化裂化装置
367.1,ST010237,℃,2025-07-16 08:00:00,95%回收温度,延炼100万吨/年催化裂化装置
200.8,ST010237,℃,2025-07-17 08:00:00,初馏点温度,延炼100万吨/年催化裂化装置
229.5,ST010237,℃,2025-07-17 08:00:00,10%回收温度,延炼100万吨/年催化裂化装置
281.4,ST010237,℃,2025-07-17 08:00:00,50%回收温度,延炼100万吨/年催化裂化装置
349.0,ST010237,℃,2025-07-17 08:00:00,90%回收温度,延炼100万吨/年催化裂化装置
362.9,ST010237,℃,2025-07-17 08:00:00,95%回收温度,延炼100万吨/年催化裂化装置
80.0,ST010237,℃,2025-07-17 08:00:00,闪点(闭口),延炼100万吨/年催化裂化装置
-5,ST010237,℃,2025-07-17 08:00:00,凝点,延炼100万吨/年催化裂化装置
196.7,ST010237,℃,2025-07-18 08:00:00,初馏点温度,延炼100万吨/年催化裂化装置
224.5,ST010237,℃,2025-07-18 08:00:00,10%回收温度,延炼100万吨/年催化裂化装置
272.7,ST010237,℃,2025-07-18 08:00:00,50%回收温度,延炼100万吨/年催化裂化装置
343.6,ST010237,℃,2025-07-18 08:00:00,90%回收温度,延炼100万吨/年催化裂化装置
359.8,ST010237,℃,2025-07-18 08:00:00,95%回收温度,延炼100万吨/年催化裂化装置
198.8,ST010237,℃,2025-07-19 08:00:00,初馏点温度,延炼100万吨/年催化裂化装置
226.4,ST010237,℃,2025-07-19 08:00:00,10%回收温度,延炼100万吨/年催化裂化装置
272.2,ST010237,℃,2025-07-19 08:00:00,50%回收温度,延炼100万吨/年催化裂化装置
342.7,ST010237,℃,2025-07-19 08:00:00,90%回收温度,延炼100万吨/年催化裂化装置
359.6,ST010237,℃,2025-07-19 08:00:00,95%回收温度,延炼100万吨/年催化裂化装置
200.7,ST010237,℃,2025-07-20 08:00:00,初馏点温度,延炼100万吨/年催化裂化装置
229.3,ST010237,℃,2025-07-20 08:00:00,10%回收温度,延炼100万吨/年催化裂化装置
279.5,ST010237,℃,2025-07-20 08:00:00,50%回收温度,延炼100万吨/年催化裂化装置
357.6,ST010237,℃,2025-07-20 08:00:00,90%回收温度,延炼100万吨/年催化裂化装置
372.0,ST010237,℃,2025-07-20 08:00:00,95%回收温度,延炼100万吨/年催化裂化装置
200.3,ST010237,℃,2025-07-21 08:00:00,初馏点温度,延炼100万吨/年催化裂化装置
228.6,ST010237,℃,2025-07-21 08:00:00,10%回收温度,延炼100万吨/年催化裂化装置
276.5,ST010237,℃,2025-07-21 08:00:00,50%回收温度,延炼100万吨/年催化裂化装置
342.1,ST010237,℃,2025-07-21 08:00:00,90%回收温度,延炼100万吨/年催化裂化装置
356.8,ST010237,℃,2025-07-21 08:00:00,95%回收温度,延炼100万吨/年催化裂化装置
199.3,ST010237,℃,2025-07-22 08:00:00,初馏点温度,延炼100万吨/年催化裂化装置
278.8,ST010237,℃,2025-07-22 08:00:00,50%回收温度,延炼100万吨/年催化裂化装置
348.5,ST010237,℃,2025-07-22 08:00:00,90%回收温度,延炼100万吨/年催化裂化装置
362.2,ST010237,℃,2025-07-22 08:00:00,95%回收温度,延炼100万吨/年催化裂化装置
227.1,ST010237,℃,2025-07-22 08:00:00,10%回收温度,延炼100万吨/年催化裂化装置
198.2,ST010237,℃,2025-07-23 08:00:00,初馏点温度,延炼100万吨/年催化裂化装置
226.7,ST010237,℃,2025-07-23 08:00:00,10%回收温度,延炼100万吨/年催化裂化装置
276.1,ST010237,℃,2025-07-23 08:00:00,50%回收温度,延炼100万吨/年催化裂化装置
348.5,ST010237,℃,2025-07-23 08:00:00,90%回收温度,延炼100万吨/年催化裂化装置
363.8,ST010237,℃,2025-07-23 08:00:00,95%回收温度,延炼100万吨/年催化裂化装置
77.0,ST010237,℃,2025-07-24 08:00:00,闪点(闭口),延炼100万吨/年催化裂化装置
-2,ST010237,℃,2025-07-24 08:00:00,凝点,延炼100万吨/年催化裂化装置
197.7,ST010237,℃,2025-07-24 08:00:00,初馏点温度,延炼100万吨/年催化裂化装置
225.8,ST010237,℃,2025-07-24 08:00:00,10%回收温度,延炼100万吨/年催化裂化装置
280.3,ST010237,℃,2025-07-24 08:00:00,50%回收温度,延炼100万吨/年催化裂化装置
353.7,ST010237,℃,2025-07-24 08:00:00,90%回收温度,延炼100万吨/年催化裂化装置
369.6,ST010237,℃,2025-07-24 08:00:00,95%回收温度,延炼100万吨/年催化裂化装置
197.3,ST010237,℃,2025-07-25 08:00:00,初馏点温度,延炼100万吨/年催化裂化装置
225.2,ST010237,℃,2025-07-25 08:00:00,10%回收温度,延炼100万吨/年催化裂化装置
275.4,ST010237,℃,2025-07-25 08:00:00,50%回收温度,延炼100万吨/年催化裂化装置
349.7,ST010237,℃,2025-07-25 08:00:00,90%回收温度,延炼100万吨/年催化裂化装置
365.6,ST010237,℃,2025-07-25 08:00:00,95%回收温度,延炼100万吨/年催化裂化装置
198.4,ST010237,℃,2025-07-26 08:00:00,初馏点温度,延炼100万吨/年催化裂化装置
227.1,ST010237,℃,2025-07-26 08:00:00,10%回收温度,延炼100万吨/年催化裂化装置
280.5,ST010237,℃,2025-07-26 08:00:00,50%回收温度,延炼100万吨/年催化裂化装置
352.5,ST010237,℃,2025-07-26 08:00:00,90%回收温度,延炼100万吨/年催化裂化装置
368.6,ST010237,℃,2025-07-26 08:00:00,95%回收温度,延炼100万吨/年催化裂化装置
202.0,ST010237,℃,2025-07-27 08:00:00,初馏点温度,延炼100万吨/年催化裂化装置
230.5,ST010237,℃,2025-07-27 08:00:00,10%回收温度,延炼100万吨/年催化裂化装置
283.3,ST010237,℃,2025-07-27 08:00:00,50%回收温度,延炼100万吨/年催化裂化装置
353.4,ST010237,℃,2025-07-27 08:00:00,90%回收温度,延炼100万吨/年催化裂化装置
369.6,ST010237,℃,2025-07-27 08:00:00,95%回收温度,延炼100万吨/年催化裂化装置
203.1,ST010237,℃,2025-07-28 08:00:00,初馏点温度,延炼100万吨/年催化裂化装置
231.7,ST010237,℃,2025-07-28 08:00:00,10%回收温度,延炼100万吨/年催化裂化装置
285.5,ST010237,℃,2025-07-28 08:00:00,50%回收温度,延炼100万吨/年催化裂化装置
348.2,ST010237,℃,2025-07-28 08:00:00,90%回收温度,延炼100万吨/年催化裂化装置
361.1,ST010237,℃,2025-07-28 08:00:00,95%回收温度,延炼100万吨/年催化裂化装置
204.9,ST010237,℃,2025-07-29 08:00:00,初馏点温度,延炼100万吨/年催化裂化装置
234.0,ST010237,℃,2025-07-29 08:00:00,10%回收温度,延炼100万吨/年催化裂化装置
291.3,ST010237,℃,2025-07-29 08:00:00,50%回收温度,延炼100万吨/年催化裂化装置
342.1,ST010237,℃,2025-07-29 08:00:00,90%回收温度,延炼100万吨/年催化裂化装置
371.2,ST010237,℃,2025-07-29 08:00:00,95%回收温度,延炼100万吨/年催化裂化装置
198.4,ST010237,℃,2025-07-30 08:00:00,初馏点温度,延炼100万吨/年催化裂化装置
227.4,ST010237,℃,2025-07-30 08:00:00,10%回收温度,延炼100万吨/年催化裂化装置
280.4,ST010237,℃,2025-07-30 08:00:00,50%回收温度,延炼100万吨/年催化裂化装置
349.2,ST010237,℃,2025-07-30 08:00:00,90%回收温度,延炼100万吨/年催化裂化装置
363.9,ST010237,℃,2025-07-30 08:00:00,95%回收温度,延炼100万吨/年催化裂化装置
81.0,ST010237,℃,2025-07-31 08:00:00,闪点(闭口),延炼100万吨/年催化裂化装置
-2,ST010237,℃,2025-07-31 08:00:00,凝点,延炼100万吨/年催化裂化装置
202.7,ST010237,℃,2025-07-31 08:00:00,初馏点温度,延炼100万吨/年催化裂化装置
231.0,ST010237,℃,2025-07-31 08:00:00,10%回收温度,延炼100万吨/年催化裂化装置
285.9,ST010237,℃,2025-07-31 08:00:00,50%回收温度,延炼100万吨/年催化裂化装置
353.7,ST010237,℃,2025-07-31 08:00:00,90%回收温度,延炼100万吨/年催化裂化装置
368.7,ST010237,℃,2025-07-31 08:00:00,95%回收温度,延炼100万吨/年催化裂化装置
897.4,ST010237,<p>kg/m<sup>3</sup></p>,2025-08-01 08:00:00,密度(20℃),延炼100万吨/年催化裂化装置
200.9,ST010237,℃,2025-08-01 08:00:00,初馏点温度,延炼100万吨/年催化裂化装置
229.3,ST010237,℃,2025-08-01 08:00:00,10%回收温度,延炼100万吨/年催化裂化装置
279.1,ST010237,℃,2025-08-01 08:00:00,50%回收温度,延炼100万吨/年催化裂化装置
352.1,ST010237,℃,2025-08-01 08:00:00,90%回收温度,延炼100万吨/年催化裂化装置
368.8,ST010237,℃,2025-08-01 08:00:00,95%回收温度,延炼100万吨/年催化裂化装置
202.3,ST010237,℃,2025-08-02 08:00:00,初馏点温度,延炼100万吨/年催化裂化装置
230.4,ST010237,℃,2025-08-02 08:00:00,10%回收温度,延炼100万吨/年催化裂化装置
284.7,ST010237,℃,2025-08-02 08:00:00,50%回收温度,延炼100万吨/年催化裂化装置
352.4,ST010237,℃,2025-08-02 08:00:00,90%回收温度,延炼100万吨/年催化裂化装置
367.6,ST010237,℃,2025-08-02 08:00:00,95%回收温度,延炼100万吨/年催化裂化装置
202.5,ST010237,℃,2025-08-03 08:00:00,初馏点温度,延炼100万吨/年催化裂化装置
230.7,ST010237,℃,2025-08-03 08:00:00,10%回收温度,延炼100万吨/年催化裂化装置
284.8,ST010237,℃,2025-08-03 08:00:00,50%回收温度,延炼100万吨/年催化裂化装置
352.5,ST010237,℃,2025-08-03 08:00:00,90%回收温度,延炼100万吨/年催化裂化装置
367.7,ST010237,℃,2025-08-03 08:00:00,95%回收温度,延炼100万吨/年催化裂化装置
202.5,ST010237,℃,2025-08-04 08:00:00,初馏点温度,延炼100万吨/年催化裂化装置
230.5,ST010237,℃,2025-08-04 08:00:00,10%回收温度,延炼100万吨/年催化裂化装置
284.0,ST010237,℃,2025-08-04 08:00:00,50%回收温度,延炼100万吨/年催化裂化装置
353.4,ST010237,℃,2025-08-04 08:00:00,90%回收温度,延炼100万吨/年催化裂化装置
369.0,ST010237,℃,2025-08-04 08:00:00,95%回收温度,延炼100万吨/年催化裂化装置
203.3,ST010237,℃,2025-08-05 08:00:00,初馏点温度,延炼100万吨/年催化裂化装置
231.8,ST010237,℃,2025-08-05 08:00:00,10%回收温度,延炼100万吨/年催化裂化装置
286.4,ST010237,℃,2025-08-05 08:00:00,50%回收温度,延炼100万吨/年催化裂化装置
354.6,ST010237,℃,2025-08-05 08:00:00,90%回收温度,延炼100万吨/年催化裂化装置
369.5,ST010237,℃,2025-08-05 08:00:00,95%回收温度,延炼100万吨/年催化裂化装置
202.3,ST010237,℃,2025-08-06 08:00:00,初馏点温度,延炼100万吨/年催化裂化装置
230.4,ST010237,℃,2025-08-06 08:00:00,10%回收温度,延炼100万吨/年催化裂化装置
283.0,ST010237,℃,2025-08-06 08:00:00,50%回收温度,延炼100万吨/年催化裂化装置
358.0,ST010237,℃,2025-08-06 08:00:00,90%回收温度,延炼100万吨/年催化裂化装置
373.0,ST010237,℃,2025-08-06 08:00:00,95%回收温度,延炼100万吨/年催化裂化装置
206.0,ST010237,℃,2025-08-07 08:00:00,初馏点温度,延炼100万吨/年催化裂化装置
236.8,ST010237,℃,2025-08-07 08:00:00,10%回收温度,延炼100万吨/年催化裂化装置
295.3,ST010237,℃,2025-08-07 08:00:00,50%回收温度,延炼100万吨/年催化裂化装置
359.5,ST010237,℃,2025-08-07 08:00:00,90%回收温度,延炼100万吨/年催化裂化装置
373.0,ST010237,℃,2025-08-07 08:00:00,95%回收温度,延炼100万吨/年催化裂化装置
-1,ST010237,℃,2025-08-07 08:00:00,凝点,延炼100万吨/年催化裂化装置
85.0,ST010237,℃,2025-08-07 08:00:00,闪点(闭口),延炼100万吨/年催化裂化装置
203.5,ST010237,℃,2025-08-08 08:00:00,初馏点温度,延炼100万吨/年催化裂化装置
232.0,ST010237,℃,2025-08-08 08:00:00,10%回收温度,延炼100万吨/年催化裂化装置
283.3,ST010237,℃,2025-08-08 08:00:00,50%回收温度,延炼100万吨/年催化裂化装置
354.6,ST010237,℃,2025-08-08 08:00:00,90%回收温度,延炼100万吨/年催化裂化装置
371.2,ST010237,℃,2025-08-08 08:00:00,95%回收温度,延炼100万吨/年催化裂化装置
204.6,ST010237,℃,2025-08-09 08:00:00,初馏点温度,延炼100万吨/年催化裂化装置
232.9,ST010237,℃,2025-08-09 08:00:00,10%回收温度,延炼100万吨/年催化裂化装置
286.5,ST010237,℃,2025-08-09 08:00:00,50%回收温度,延炼100万吨/年催化裂化装置
355.1,ST010237,℃,2025-08-09 08:00:00,90%回收温度,延炼100万吨/年催化裂化装置
370.4,ST010237,℃,2025-08-09 08:00:00,95%回收温度,延炼100万吨/年催化裂化装置
204.1,ST010237,℃,2025-08-10 08:00:00,初馏点温度,延炼100万吨/年催化裂化装置
232.4,ST010237,℃,2025-08-10 08:00:00,10%回收温度,延炼100万吨/年催化裂化装置
285.0,ST010237,℃,2025-08-10 08:00:00,50%回收温度,延炼100万吨/年催化裂化装置
353.9,ST010237,℃,2025-08-10 08:00:00,90%回收温度,延炼100万吨/年催化裂化装置
369.6,ST010237,℃,2025-08-10 08:00:00,95%回收温度,延炼100万吨/年催化裂化装置
202.0,ST010237,℃,2025-08-11 08:00:00,初馏点温度,延炼100万吨/年催化裂化装置
230.1,ST010237,℃,2025-08-11 08:00:00,10%回收温度,延炼100万吨/年催化裂化装置
276.8,ST010237,℃,2025-08-11 08:00:00,50%回收温度,延炼100万吨/年催化裂化装置
346.2,ST010237,℃,2025-08-11 08:00:00,90%回收温度,延炼100万吨/年催化裂化装置
361.6,ST010237,℃,2025-08-11 08:00:00,95%回收温度,延炼100万吨/年催化裂化装置
206.0,ST010237,℃,2025-08-12 08:00:00,初馏点温度,延炼100万吨/年催化裂化装置
235.7,ST010237,℃,2025-08-12 08:00:00,10%回收温度,延炼100万吨/年催化裂化装置
285.6,ST010237,℃,2025-08-12 08:00:00,50%回收温度,延炼100万吨/年催化裂化装置
349.9,ST010237,℃,2025-08-12 08:00:00,90%回收温度,延炼100万吨/年催化裂化装置
364.8,ST010237,℃,2025-08-12 08:00:00,95%回收温度,延炼100万吨/年催化裂化装置
232.2,ST010237,℃,2025-08-13 08:00:00,10%回收温度,延炼100万吨/年催化裂化装置
284.3,ST010237,℃,2025-08-13 08:00:00,50%回收温度,延炼100万吨/年催化裂化装置
352.7,ST010237,℃,2025-08-13 08:00:00,90%回收温度,延炼100万吨/年催化裂化装置
368.6,ST010237,℃,2025-08-13 08:00:00,95%回收温度,延炼100万吨/年催化裂化装置
203.9,ST010237,℃,2025-08-13 08:00:00,初馏点温度,延炼100万吨/年催化裂化装置
80.5,ST010237,℃,2025-08-14 08:00:00,闪点(闭口),延炼100万吨/年催化裂化装置
-2,ST010237,℃,2025-08-14 08:00:00,凝点,延炼100万吨/年催化裂化装置
203.3,ST010237,℃,2025-08-14 08:00:00,初馏点温度,延炼100万吨/年催化裂化装置
231.5,ST010237,℃,2025-08-14 08:00:00,10%回收温度,延炼100万吨/年催化裂化装置
281.2,ST010237,℃,2025-08-14 08:00:00,50%回收温度,延炼100万吨/年催化裂化装置
352.4,ST010237,℃,2025-08-14 08:00:00,90%回收温度,延炼100万吨/年催化裂化装置
368.8,ST010237,℃,2025-08-14 08:00:00,95%回收温度,延炼100万吨/年催化裂化装置
1313,ST010237,mg/kg,2025-08-14 08:00:00,硫含量,延炼100万吨/年催化裂化装置
205.3,ST010237,℃,2025-08-15 08:00:00,初馏点温度,延炼100万吨/年催化裂化装置
233.8,ST010237,℃,2025-08-15 08:00:00,10%回收温度,延炼100万吨/年催化裂化装置
288.3,ST010237,℃,2025-08-15 08:00:00,50%回收温度,延炼100万吨/年催化裂化装置
358.8,ST010237,℃,2025-08-15 08:00:00,90%回收温度,延炼100万吨/年催化裂化装置
373.0,ST010237,℃,2025-08-15 08:00:00,95%回收温度,延炼100万吨/年催化裂化装置
205.3,ST010237,℃,2025-08-16 08:00:00,初馏点温度,延炼100万吨/年催化裂化装置
233.7,ST010237,℃,2025-08-16 08:00:00,10%回收温度,延炼100万吨/年催化裂化装置
284.4,ST010237,℃,2025-08-16 08:00:00,50%回收温度,延炼100万吨/年催化裂化装置
353.0,ST010237,℃,2025-08-16 08:00:00,90%回收温度,延炼100万吨/年催化裂化装置
369.1,ST010237,℃,2025-08-16 08:00:00,95%回收温度,延炼100万吨/年催化裂化装置
203.7,ST010237,℃,2025-08-17 08:00:00,初馏点温度,延炼100万吨/年催化裂化装置
231.9,ST010237,℃,2025-08-17 08:00:00,10%回收温度,延炼100万吨/年催化裂化装置
282.6,ST010237,℃,2025-08-17 08:00:00,50%回收温度,延炼100万吨/年催化裂化装置
347.9,ST010237,℃,2025-08-17 08:00:00,90%回收温度,延炼100万吨/年催化裂化装置
361.8,ST010237,℃,2025-08-17 08:00:00,95%回收温度,延炼100万吨/年催化裂化装置
205.4,ST010237,℃,2025-08-18 08:00:00,初馏点温度,延炼100万吨/年催化裂化装置
233.6,ST010237,℃,2025-08-18 08:00:00,10%回收温度,延炼100万吨/年催化裂化装置
284.9,ST010237,℃,2025-08-18 08:00:00,50%回收温度,延炼100万吨/年催化裂化装置
351.9,ST010237,℃,2025-08-18 08:00:00,90%回收温度,延炼100万吨/年催化裂化装置
367.5,ST010237,℃,2025-08-18 08:00:00,95%回收温度,延炼100万吨/年催化裂化装置
203.7,ST010237,℃,2025-08-19 08:00:00,初馏点温度,延炼100万吨/年催化裂化装置
232.1,ST010237,℃,2025-08-19 08:00:00,10%回收温度,延炼100万吨/年催化裂化装置
283.7,ST010237,℃,2025-08-19 08:00:00,50%回收温度,延炼100万吨/年催化裂化装置
352.8,ST010237,℃,2025-08-19 08:00:00,90%回收温度,延炼100万吨/年催化裂化装置
368.8,ST010237,℃,2025-08-19 08:00:00,95%回收温度,延炼100万吨/年催化裂化装置
203.5,ST010237,℃,2025-08-20 08:00:00,初馏点温度,延炼100万吨/年催化裂化装置
231.7,ST010237,℃,2025-08-20 08:00:00,10%回收温度,延炼100万吨/年催化裂化装置
280.7,ST010237,℃,2025-08-20 08:00:00,50%回收温度,延炼100万吨/年催化裂化装置
350.5,ST010237,℃,2025-08-20 08:00:00,90%回收温度,延炼100万吨/年催化裂化装置
366.5,ST010237,℃,2025-08-20 08:00:00,95%回收温度,延炼100万吨/年催化裂化装置
82.5,ST010237,℃,2025-08-21 08:00:00,闪点(闭口),延炼100万吨/年催化裂化装置
1508,ST010237,mg/kg,2025-08-21 08:00:00,硫含量,延炼100万吨/年催化裂化装置
-3,ST010237,℃,2025-08-21 08:00:00,凝点,延炼100万吨/年催化裂化装置
204.1,ST010237,℃,2025-08-21 08:00:00,初馏点温度,延炼100万吨/年催化裂化装置
232.5,ST010237,℃,2025-08-21 08:00:00,10%回收温度,延炼100万吨/年催化裂化装置
283.9,ST010237,℃,2025-08-21 08:00:00,50%回收温度,延炼100万吨/年催化裂化装置
353.4,ST010237,℃,2025-08-21 08:00:00,90%回收温度,延炼100万吨/年催化裂化装置
369.5,ST010237,℃,2025-08-21 08:00:00,95%回收温度,延炼100万吨/年催化裂化装置
372.5,ST010237,℃,2025-08-22 08:00:00,95%回收温度,延炼100万吨/年催化裂化装置
355.5,ST010237,℃,2025-08-22 08:00:00,90%回收温度,延炼100万吨/年催化裂化装置
280.0,ST010237,℃,2025-08-22 08:00:00,50%回收温度,延炼100万吨/年催化裂化装置
230.0,ST010237,℃,2025-08-22 08:00:00,10%回收温度,延炼100万吨/年催化裂化装置
203.0,ST010237,℃,2025-08-22 08:00:00,初馏点温度,延炼100万吨/年催化裂化装置
205.5,ST010237,℃,2025-08-23 08:00:00,初馏点温度,延炼100万吨/年催化裂化装置
233.7,ST010237,℃,2025-08-23 08:00:00,10%回收温度,延炼100万吨/年催化裂化装置
288.9,ST010237,℃,2025-08-23 08:00:00,50%回收温度,延炼100万吨/年催化裂化装置
362.4,ST010237,℃,2025-08-23 08:00:00,90%回收温度,延炼100万吨/年催化裂化装置
373.0,ST010237,℃,2025-08-23 08:00:00,95%回收温度,延炼100万吨/年催化裂化装置
205.2,ST010237,℃,2025-08-24 08:00:00,初馏点温度,延炼100万吨/年催化裂化装置
233.4,ST010237,℃,2025-08-24 08:00:00,10%回收温度,延炼100万吨/年催化裂化装置
287.4,ST010237,℃,2025-08-24 08:00:00,50%回收温度,延炼100万吨/年催化裂化装置
362.2,ST010237,℃,2025-08-24 08:00:00,90%回收温度,延炼100万吨/年催化裂化装置
373.0,ST010237,℃,2025-08-24 08:00:00,95%回收温度,延炼100万吨/年催化裂化装置
207.0,ST010237,℃,2025-08-25 08:00:00,初馏点温度,延炼100万吨/年催化裂化装置
237.1,ST010237,℃,2025-08-25 08:00:00,10%回收温度,延炼100万吨/年催化裂化装置
289.5,ST010237,℃,2025-08-25 08:00:00,50%回收温度,延炼100万吨/年催化裂化装置
358.8,ST010237,℃,2025-08-25 08:00:00,90%回收温度,延炼100万吨/年催化裂化装置
372.9,ST010237,℃,2025-08-25 08:00:00,95%回收温度,延炼100万吨/年催化裂化装置
204.7,ST010237,℃,2025-08-26 08:00:00,初馏点温度,延炼100万吨/年催化裂化装置
233.1,ST010237,℃,2025-08-26 08:00:00,10%回收温度,延炼100万吨/年催化裂化装置
283.7,ST010237,℃,2025-08-26 08:00:00,50%回收温度,延炼100万吨/年催化裂化装置
354.2,ST010237,℃,2025-08-26 08:00:00,90%回收温度,延炼100万吨/年催化裂化装置
370.7,ST010237,℃,2025-08-26 08:00:00,95%回收温度,延炼100万吨/年催化裂化装置
206.8,ST010237,℃,2025-08-27 08:00:00,初馏点温度,延炼100万吨/年催化裂化装置
236.8,ST010237,℃,2025-08-27 08:00:00,10%回收温度,延炼100万吨/年催化裂化装置
290.3,ST010237,℃,2025-08-27 08:00:00,50%回收温度,延炼100万吨/年催化裂化装置
361.0,ST010237,℃,2025-08-27 08:00:00,90%回收温度,延炼100万吨/年催化裂化装置
372.0,ST010237,℃,2025-08-27 08:00:00,95%回收温度,延炼100万吨/年催化裂化装置
86.0,ST010237,℃,2025-08-28 08:00:00,闪点(闭口),延炼100万吨/年催化裂化装置
-1,ST010237,℃,2025-08-28 08:00:00,凝点,延炼100万吨/年催化裂化装置
1512,ST010237,mg/kg,2025-08-28 08:00:00,硫含量,延炼100万吨/年催化裂化装置
206.3,ST010237,℃,2025-08-28 08:00:00,初馏点温度,延炼100万吨/年催化裂化装置
235.3,ST010237,℃,2025-08-28 08:00:00,10%回收温度,延炼100万吨/年催化裂化装置
286.2,ST010237,℃,2025-08-28 08:00:00,50%回收温度,延炼100万吨/年催化裂化装置
357.3,ST010237,℃,2025-08-28 08:00:00,90%回收温度,延炼100万吨/年催化裂化装置
373.5,ST010237,℃,2025-08-28 08:00:00,95%回收温度,延炼100万吨/年催化裂化装置
206.5,ST010237,℃,2025-08-29 08:00:00,初馏点温度,延炼100万吨/年催化裂化装置
236.2,ST010237,℃,2025-08-29 08:00:00,10%回收温度,延炼100万吨/年催化裂化装置
290.7,ST010237,℃,2025-08-29 08:00:00,50%回收温度,延炼100万吨/年催化裂化装置
361.9,ST010237,℃,2025-08-29 08:00:00,90%回收温度,延炼100万吨/年催化裂化装置
373.0,ST010237,℃,2025-08-29 08:00:00,95%回收温度,延炼100万吨/年催化裂化装置
206.1,ST010237,℃,2025-08-30 08:00:00,初馏点温度,延炼100万吨/年催化裂化装置
234.1,ST010237,℃,2025-08-30 08:00:00,10%回收温度,延炼100万吨/年催化裂化装置
282.9,ST010237,℃,2025-08-30 08:00:00,50%回收温度,延炼100万吨/年催化裂化装置
352.0,ST010237,℃,2025-08-30 08:00:00,90%回收温度,延炼100万吨/年催化裂化装置
368.5,ST010237,℃,2025-08-30 08:00:00,95%回收温度,延炼100万吨/年催化裂化装置
206.4,ST010237,℃,2025-08-31 08:00:00,初馏点温度,延炼100万吨/年催化裂化装置
235.5,ST010237,℃,2025-08-31 08:00:00,10%回收温度,延炼100万吨/年催化裂化装置
287.0,ST010237,℃,2025-08-31 08:00:00,50%回收温度,延炼100万吨/年催化裂化装置
353.0,ST010237,℃,2025-08-31 08:00:00,90%回收温度,延炼100万吨/年催化裂化装置
368.7,ST010237,℃,2025-08-31 08:00:00,95%回收温度,延炼100万吨/年催化裂化装置
907.4,ST010237,<p>kg/m<sup>3</sup></p>,2025-09-01 08:00:00,密度(20℃),延炼100万吨/年催化裂化装置
204.9,ST010237,℃,2025-09-01 08:00:00,初馏点温度,延炼100万吨/年催化裂化装置
233.1,ST010237,℃,2025-09-01 08:00:00,10%回收温度,延炼100万吨/年催化裂化装置
283.9,ST010237,℃,2025-09-01 08:00:00,50%回收温度,延炼100万吨/年催化裂化装置
349.6,ST010237,℃,2025-09-01 08:00:00,90%回收温度,延炼100万吨/年催化裂化装置
364.2,ST010237,℃,2025-09-01 08:00:00,95%回收温度,延炼100万吨/年催化裂化装置
203.5,ST010237,℃,2025-09-02 08:00:00,初馏点温度,延炼100万吨/年催化裂化装置
231.5,ST010237,℃,2025-09-02 08:00:00,10%回收温度,延炼100万吨/年催化裂化装置
277.8,ST010237,℃,2025-09-02 08:00:00,50%回收温度,延炼100万吨/年催化裂化装置
347.2,ST010237,℃,2025-09-02 08:00:00,90%回收温度,延炼100万吨/年催化裂化装置
362.7,ST010237,℃,2025-09-02 08:00:00,95%回收温度,延炼100万吨/年催化裂化装置
205.1,ST010237,℃,2025-09-03 08:00:00,初馏点温度,延炼100万吨/年催化裂化装置
233.6,ST010237,℃,2025-09-03 08:00:00,10%回收温度,延炼100万吨/年催化裂化装置
286.0,ST010237,℃,2025-09-03 08:00:00,50%回收温度,延炼100万吨/年催化裂化装置
356.7,ST010237,℃,2025-09-03 08:00:00,90%回收温度,延炼100万吨/年催化裂化装置
372.4,ST010237,℃,2025-09-03 08:00:00,95%回收温度,延炼100万吨/年催化裂化装置
-2,ST010237,℃,2025-09-04 08:00:00,凝点,延炼100万吨/年催化裂化装置
206.4,ST010237,℃,2025-09-04 08:00:00,初馏点温度,延炼100万吨/年催化裂化装置
235.4,ST010237,℃,2025-09-04 08:00:00,10%回收温度,延炼100万吨/年催化裂化装置
287.2,ST010237,℃,2025-09-04 08:00:00,50%回收温度,延炼100万吨/年催化裂化装置
353.6,ST010237,℃,2025-09-04 08:00:00,90%回收温度,延炼100万吨/年催化裂化装置
368.9,ST010237,℃,2025-09-04 08:00:00,95%回收温度,延炼100万吨/年催化裂化装置
86.0,ST010237,℃,2025-09-04 08:00:00,闪点(闭口),延炼100万吨/年催化裂化装置
1658,ST010237,mg/kg,2025-09-04 08:00:00,硫含量,延炼100万吨/年催化裂化装置
206.0,ST010237,℃,2025-09-05 08:00:00,初馏点温度,延炼100万吨/年催化裂化装置
235.1,ST010237,℃,2025-09-05 08:00:00,10%回收温度,延炼100万吨/年催化裂化装置
285.2,ST010237,℃,2025-09-05 08:00:00,50%回收温度,延炼100万吨/年催化裂化装置
349.8,ST010237,℃,2025-09-05 08:00:00,90%回收温度,延炼100万吨/年催化裂化装置
364.3,ST010237,℃,2025-09-05 08:00:00,95%回收温度,延炼100万吨/年催化裂化装置
232.3,ST010237,℃,2025-09-06 08:00:00,10%回收温度,延炼100万吨/年催化裂化装置
278.6,ST010237,℃,2025-09-06 08:00:00,50%回收温度,延炼100万吨/年催化裂化装置
347.9,ST010237,℃,2025-09-06 08:00:00,90%回收温度,延炼100万吨/年催化裂化装置
204.1,ST010237,℃,2025-09-06 08:00:00,初馏点温度,延炼100万吨/年催化裂化装置
362.8,ST010237,℃,2025-09-06 08:00:00,95%回收温度,延炼100万吨/年催化裂化装置
205.5,ST010237,℃,2025-09-07 08:00:00,初馏点温度,延炼100万吨/年催化裂化装置
233.7,ST010237,℃,2025-09-07 08:00:00,10%回收温度,延炼100万吨/年催化裂化装置
283.4,ST010237,℃,2025-09-07 08:00:00,50%回收温度,延炼100万吨/年催化裂化装置
350.6,ST010237,℃,2025-09-07 08:00:00,90%回收温度,延炼100万吨/年催化裂化装置
365.8,ST010237,℃,2025-09-07 08:00:00,95%回收温度,延炼100万吨/年催化裂化装置
204.9,ST010237,℃,2025-09-08 08:00:00,初馏点温度,延炼100万吨/年催化裂化装置
233.2,ST010237,℃,2025-09-08 08:00:00,10%回收温度,延炼100万吨/年催化裂化装置
284.6,ST010237,℃,2025-09-08 08:00:00,50%回收温度,延炼100万吨/年催化裂化装置
350.6,ST010237,℃,2025-09-08 08:00:00,90%回收温度,延炼100万吨/年催化裂化装置
365.4,ST010237,℃,2025-09-08 08:00:00,95%回收温度,延炼100万吨/年催化裂化装置
204.5,ST010237,℃,2025-09-09 08:00:00,初馏点温度,延炼100万吨/年催化裂化装置
232.8,ST010237,℃,2025-09-09 08:00:00,10%回收温度,延炼100万吨/年催化裂化装置
279.9,ST010237,℃,2025-09-09 08:00:00,50%回收温度,延炼100万吨/年催化裂化装置
345.8,ST010237,℃,2025-09-09 08:00:00,90%回收温度,延炼100万吨/年催化裂化装置
360.2,ST010237,℃,2025-09-09 08:00:00,95%回收温度,延炼100万吨/年催化裂化装置
205.6,ST010237,℃,2025-09-10 08:00:00,初馏点温度,延炼100万吨/年催化裂化装置
234.2,ST010237,℃,2025-09-10 08:00:00,10%回收温度,延炼100万吨/年催化裂化装置
283.1,ST010237,℃,2025-09-10 08:00:00,50%回收温度,延炼100万吨/年催化裂化装置
348.9,ST010237,℃,2025-09-10 08:00:00,90%回收温度,延炼100万吨/年催化裂化装置
363.1,ST010237,℃,2025-09-10 08:00:00,95%回收温度,延炼100万吨/年催化裂化装置
133,ST010237,mg/kg,2025-09-11 08:00:00,硫含量,延炼100万吨/年催化裂化装置
203.7,ST010237,℃,2025-09-11 08:00:00,初馏点温度,延炼100万吨/年催化裂化装置
232.2,ST010237,℃,2025-09-11 08:00:00,10%回收温度,延炼100万吨/年催化裂化装置
282.5,ST010237,℃,2025-09-11 08:00:00,50%回收温度,延炼100万吨/年催化裂化装置
351.7,ST010237,℃,2025-09-11 08:00:00,90%回收温度,延炼100万吨/年催化裂化装置
367.8,ST010237,℃,2025-09-11 08:00:00,95%回收温度,延炼100万吨/年催化裂化装置
83.5,ST010237,℃,2025-09-11 08:00:00,闪点(闭口),延炼100万吨/年催化裂化装置
-3,ST010237,℃,2025-09-11 08:00:00,凝点,延炼100万吨/年催化裂化装置
204.5,ST010237,℃,2025-09-12 08:00:00,初馏点温度,延炼100万吨/年催化裂化装置
233.0,ST010237,℃,2025-09-12 08:00:00,10%回收温度,延炼100万吨/年催化裂化装置
283.8,ST010237,℃,2025-09-12 08:00:00,50%回收温度,延炼100万吨/年催化裂化装置
347.4,ST010237,℃,2025-09-12 08:00:00,90%回收温度,延炼100万吨/年催化裂化装置
360.3,ST010237,℃,2025-09-12 08:00:00,95%回收温度,延炼100万吨/年催化裂化装置
347.1,ST010237,℃,2025-09-13 08:00:00,90%回收温度,延炼100万吨/年催化裂化装置
360.9,ST010237,℃,2025-09-13 08:00:00,95%回收温度,延炼100万吨/年催化裂化装置
205.3,ST010237,℃,2025-09-13 08:00:00,初馏点温度,延炼100万吨/年催化裂化装置
233.7,ST010237,℃,2025-09-13 08:00:00,10%回收温度,延炼100万吨/年催化裂化装置
282.0,ST010237,℃,2025-09-13 08:00:00,50%回收温度,延炼100万吨/年催化裂化装置
205.4,ST010237,℃,2025-09-14 08:00:00,初馏点温度,延炼100万吨/年催化裂化装置
233.7,ST010237,℃,2025-09-14 08:00:00,10%回收温度,延炼100万吨/年催化裂化装置
283.9,ST010237,℃,2025-09-14 08:00:00,50%回收温度,延炼100万吨/年催化裂化装置
350.7,ST010237,℃,2025-09-14 08:00:00,90%回收温度,延炼100万吨/年催化裂化装置
365.7,ST010237,℃,2025-09-14 08:00:00,95%回收温度,延炼100万吨/年催化裂化装置
230.9,ST010237,℃,2025-09-15 08:00:00,10%回收温度,延炼100万吨/年催化裂化装置
202.5,ST010237,℃,2025-09-15 08:00:00,初馏点温度,延炼100万吨/年催化裂化装置
277.4,ST010237,℃,2025-09-15 08:00:00,50%回收温度,延炼100万吨/年催化裂化装置
342.3,ST010237,℃,2025-09-15 08:00:00,90%回收温度,延炼100万吨/年催化裂化装置
357.7,ST010237,℃,2025-09-15 08:00:00,95%回收温度,延炼100万吨/年催化裂化装置
207.1,ST010237,℃,2025-09-16 08:00:00,初馏点温度,延炼100万吨/年催化裂化装置
239.0,ST010237,℃,2025-09-16 08:00:00,10%回收温度,延炼100万吨/年催化裂化装置
289.6,ST010237,℃,2025-09-16 08:00:00,50%回收温度,延炼100万吨/年催化裂化装置
354.9,ST010237,℃,2025-09-16 08:00:00,90%回收温度,延炼100万吨/年催化裂化装置
369.8,ST010237,℃,2025-09-16 08:00:00,95%回收温度,延炼100万吨/年催化裂化装置
203.3,ST010237,℃,2025-09-17 08:00:00,初馏点温度,延炼100万吨/年催化裂化装置
231.8,ST010237,℃,2025-09-17 08:00:00,10%回收温度,延炼100万吨/年催化裂化装置
281.2,ST010237,℃,2025-09-17 08:00:00,50%回收温度,延炼100万吨/年催化裂化装置
350.6,ST010237,℃,2025-09-17 08:00:00,90%回收温度,延炼100万吨/年催化裂化装置
366.3,ST010237,℃,2025-09-17 08:00:00,95%回收温度,延炼100万吨/年催化裂化装置
798,ST010237,mg/kg,2025-09-18 08:00:00,硫含量,延炼100万吨/年催化裂化装置
205.2,ST010237,℃,2025-09-18 08:00:00,初馏点温度,延炼100万吨/年催化裂化装置
233.8,ST010237,℃,2025-09-18 08:00:00,10%回收温度,延炼100万吨/年催化裂化装置
280.7,ST010237,℃,2025-09-18 08:00:00,50%回收温度,延炼100万吨/年催化裂化装置
348.0,ST010237,℃,2025-09-18 08:00:00,90%回收温度,延炼100万吨/年催化裂化装置
362.5,ST010237,℃,2025-09-18 08:00:00,95%回收温度,延炼100万吨/年催化裂化装置
79.5,ST010237,℃,2025-09-18 08:00:00,闪点(闭口),延炼100万吨/年催化裂化装置
-4,ST010237,℃,2025-09-18 08:00:00,凝点,延炼100万吨/年催化裂化装置
207.4,ST010237,℃,2025-09-19 08:00:00,初馏点温度,延炼100万吨/年催化裂化装置
239.4,ST010237,℃,2025-09-19 08:00:00,10%回收温度,延炼100万吨/年催化裂化装置
290.2,ST010237,℃,2025-09-19 08:00:00,50%回收温度,延炼100万吨/年催化裂化装置
351.9,ST010237,℃,2025-09-19 08:00:00,90%回收温度,延炼100万吨/年催化裂化装置
366.0,ST010237,℃,2025-09-19 08:00:00,95%回收温度,延炼100万吨/年催化裂化装置
235.6,ST010237,℃,2025-09-20 08:00:00,10%回收温度,延炼100万吨/年催化裂化装置
206.0,ST010237,℃,2025-09-20 08:00:00,初馏点温度,延炼100万吨/年催化裂化装置
285.3,ST010237,℃,2025-09-20 08:00:00,50%回收温度,延炼100万吨/年催化裂化装置
349.5,ST010237,℃,2025-09-20 08:00:00,90%回收温度,延炼100万吨/年催化裂化装置
363.7,ST010237,℃,2025-09-20 08:00:00,95%回收温度,延炼100万吨/年催化裂化装置
205.0,ST010237,℃,2025-09-21 08:00:00,初馏点温度,延炼100万吨/年催化裂化装置
233.3,ST010237,℃,2025-09-21 08:00:00,10%回收温度,延炼100万吨/年催化裂化装置
282.2,ST010237,℃,2025-09-21 08:00:00,50%回收温度,延炼100万吨/年催化裂化装置
349.1,ST010237,℃,2025-09-21 08:00:00,90%回收温度,延炼100万吨/年催化裂化装置
363.5,ST010237,℃,2025-09-21 08:00:00,95%回收温度,延炼100万吨/年催化裂化装置
205.1,ST010237,℃,2025-09-22 08:00:00,初馏点温度,延炼100万吨/年催化裂化装置
233.7,ST010237,℃,2025-09-22 08:00:00,10%回收温度,延炼100万吨/年催化裂化装置
283.7,ST010237,℃,2025-09-22 08:00:00,50%回收温度,延炼100万吨/年催化裂化装置
349.2,ST010237,℃,2025-09-22 08:00:00,90%回收温度,延炼100万吨/年催化裂化装置
363.4,ST010237,℃,2025-09-22 08:00:00,95%回收温度,延炼100万吨/年催化裂化装置
205.9,ST010237,℃,2025-09-23 08:00:00,初馏点温度,延炼100万吨/年催化裂化装置
235.2,ST010237,℃,2025-09-23 08:00:00,10%回收温度,延炼100万吨/年催化裂化装置
283.2,ST010237,℃,2025-09-23 08:00:00,50%回收温度,延炼100万吨/年催化裂化装置
346.9,ST010237,℃,2025-09-23 08:00:00,90%回收温度,延炼100万吨/年催化裂化装置
360.6,ST010237,℃,2025-09-23 08:00:00,95%回收温度,延炼100万吨/年催化裂化装置
364.4,ST010237,℃,2025-09-24 08:00:00,95%回收温度,延炼100万吨/年催化裂化装置
205.4,ST010237,℃,2025-09-24 08:00:00,初馏点温度,延炼100万吨/年催化裂化装置
234.4,ST010237,℃,2025-09-24 08:00:00,10%回收温度,延炼100万吨/年催化裂化装置
284.1,ST010237,℃,2025-09-24 08:00:00,50%回收温度,延炼100万吨/年催化裂化装置
350.0,ST010237,℃,2025-09-24 08:00:00,90%回收温度,延炼100万吨/年催化裂化装置
204.6,ST010237,℃,2025-09-25 08:00:00,初馏点温度,延炼100万吨/年催化裂化装置
233.3,ST010237,℃,2025-09-25 08:00:00,10%回收温度,延炼100万吨/年催化裂化装置
284.4,ST010237,℃,2025-09-25 08:00:00,50%回收温度,延炼100万吨/年催化裂化装置
350.9,ST010237,℃,2025-09-25 08:00:00,90%回收温度,延炼100万吨/年催化裂化装置
366.0,ST010237,℃,2025-09-25 08:00:00,95%回收温度,延炼100万吨/年催化裂化装置
82.5,ST010237,℃,2025-09-25 08:00:00,闪点(闭口),延炼100万吨/年催化裂化装置
-3,ST010237,℃,2025-09-25 08:00:00,凝点,延炼100万吨/年催化裂化装置
1704,ST010237,mg/kg,2025-09-25 08:00:00,硫含量,延炼100万吨/年催化裂化装置
205.7,ST010237,℃,2025-09-26 08:00:00,初馏点温度,延炼100万吨/年催化裂化装置
234.9,ST010237,℃,2025-09-26 08:00:00,10%回收温度,延炼100万吨/年催化裂化装置
281.6,ST010237,℃,2025-09-26 08:00:00,50%回收温度,延炼100万吨/年催化裂化装置
344.5,ST010237,℃,2025-09-26 08:00:00,90%回收温度,延炼100万吨/年催化裂化装置
358.6,ST010237,℃,2025-09-26 08:00:00,95%回收温度,延炼100万吨/年催化裂化装置
206.7,ST010237,℃,2025-09-27 08:00:00,初馏点温度,延炼100万吨/年催化裂化装置
237.4,ST010237,℃,2025-09-27 08:00:00,10%回收温度,延炼100万吨/年催化裂化装置
286.8,ST010237,℃,2025-09-27 08:00:00,50%回收温度,延炼100万吨/年催化裂化装置
348.3,ST010237,℃,2025-09-27 08:00:00,90%回收温度,延炼100万吨/年催化裂化装置
361.2,ST010237,℃,2025-09-27 08:00:00,95%回收温度,延炼100万吨/年催化裂化装置
206.4,ST010237,℃,2025-09-28 08:00:00,初馏点温度,延炼100万吨/年催化裂化装置
235.7,ST010237,℃,2025-09-28 08:00:00,10%回收温度,延炼100万吨/年催化裂化装置
283.9,ST010237,℃,2025-09-28 08:00:00,50%回收温度,延炼100万吨/年催化裂化装置
349.8,ST010237,℃,2025-09-28 08:00:00,90%回收温度,延炼100万吨/年催化裂化装置
364.4,ST010237,℃,2025-09-28 08:00:00,95%回收温度,延炼100万吨/年催化裂化装置
205.3,ST010237,℃,2025-09-29 08:00:00,初馏点温度,延炼100万吨/年催化裂化装置
233.7,ST010237,℃,2025-09-29 08:00:00,10%回收温度,延炼100万吨/年催化裂化装置
282.3,ST010237,℃,2025-09-29 08:00:00,50%回收温度,延炼100万吨/年催化裂化装置
348.3,ST010237,℃,2025-09-29 08:00:00,90%回收温度,延炼100万吨/年催化裂化装置
362.1,ST010237,℃,2025-09-29 08:00:00,95%回收温度,延炼100万吨/年催化裂化装置
207.1,ST010237,℃,2025-09-30 08:00:00,初馏点温度,延炼100万吨/年催化裂化装置
237.9,ST010237,℃,2025-09-30 08:00:00,10%回收温度,延炼100万吨/年催化裂化装置
289.3,ST010237,℃,2025-09-30 08:00:00,50%回收温度,延炼100万吨/年催化裂化装置
354.0,ST010237,℃,2025-09-30 08:00:00,90%回收温度,延炼100万吨/年催化裂化装置
368.5,ST010237,℃,2025-09-30 08:00:00,95%回收温度,延炼100万吨/年催化裂化装置
900.0,ST010237,<p>kg/m<sup>3</sup></p>,2025-10-01 08:00:00,密度(20℃),延炼100万吨/年催化裂化装置
204.5,ST010237,℃,2025-10-01 08:00:00,初馏点温度,延炼100万吨/年催化裂化装置
232.8,ST010237,℃,2025-10-01 08:00:00,10%回收温度,延炼100万吨/年催化裂化装置
280.5,ST010237,℃,2025-10-01 08:00:00,50%回收温度,延炼100万吨/年催化裂化装置
349.1,ST010237,℃,2025-10-01 08:00:00,90%回收温度,延炼100万吨/年催化裂化装置
363.9,ST010237,℃,2025-10-01 08:00:00,95%回收温度,延炼100万吨/年催化裂化装置
205.3,ST010237,℃,2025-10-02 08:00:00,初馏点温度,延炼100万吨/年催化裂化装置
234.0,ST010237,℃,2025-10-02 08:00:00,10%回收温度,延炼100万吨/年催化裂化装置
281.1,ST010237,℃,2025-10-02 08:00:00,50%回收温度,延炼100万吨/年催化裂化装置
345.4,ST010237,℃,2025-10-02 08:00:00,90%回收温度,延炼100万吨/年催化裂化装置
359.4,ST010237,℃,2025-10-02 08:00:00,95%回收温度,延炼100万吨/年催化裂化装置
1360,ST010237,mg/kg,2025-10-02 08:00:00,硫含量,延炼100万吨/年催化裂化装置
84.0,ST010237,℃,2025-10-02 08:00:00,闪点(闭口),延炼100万吨/年催化裂化装置
-2,ST010237,℃,2025-10-02 08:00:00,凝点,延炼100万吨/年催化裂化装置
205.2,ST010237,℃,2025-10-03 08:00:00,初馏点温度,延炼100万吨/年催化裂化装置
234.2,ST010237,℃,2025-10-03 08:00:00,10%回收温度,延炼100万吨/年催化裂化装置
283.6,ST010237,℃,2025-10-03 08:00:00,50%回收温度,延炼100万吨/年催化裂化装置
348.0,ST010237,℃,2025-10-03 08:00:00,90%回收温度,延炼100万吨/年催化裂化装置
361.2,ST010237,℃,2025-10-03 08:00:00,95%回收温度,延炼100万吨/年催化裂化装置
206.2,ST010237,℃,2025-10-04 08:00:00,初馏点温度,延炼100万吨/年催化裂化装置
235.5,ST010237,℃,2025-10-04 08:00:00,10%回收温度,延炼100万吨/年催化裂化装置
284.2,ST010237,℃,2025-10-04 08:00:00,50%回收温度,延炼100万吨/年催化裂化装置
346.2,ST010237,℃,2025-10-04 08:00:00,90%回收温度,延炼100万吨/年催化裂化装置
359.3,ST010237,℃,2025-10-04 08:00:00,95%回收温度,延炼100万吨/年催化裂化装置
205.6,ST010237,℃,2025-10-05 08:00:00,初馏点温度,延炼100万吨/年催化裂化装置
234.8,ST010237,℃,2025-10-05 08:00:00,10%回收温度,延炼100万吨/年催化裂化装置
282.6,ST010237,℃,2025-10-05 08:00:00,50%回收温度,延炼100万吨/年催化裂化装置
346.2,ST010237,℃,2025-10-05 08:00:00,90%回收温度,延炼100万吨/年催化裂化装置
359.6,ST010237,℃,2025-10-05 08:00:00,95%回收温度,延炼100万吨/年催化裂化装置
234.0,ST010237,℃,2025-10-06 08:00:00,10%回收温度,延炼100万吨/年催化裂化装置
282.5,ST010237,℃,2025-10-06 08:00:00,50%回收温度,延炼100万吨/年催化裂化装置
346.7,ST010237,℃,2025-10-06 08:00:00,90%回收温度,延炼100万吨/年催化裂化装置
360.1,ST010237,℃,2025-10-06 08:00:00,95%回收温度,延炼100万吨/年催化裂化装置
205.3,ST010237,℃,2025-10-06 08:00:00,初馏点温度,延炼100万吨/年催化裂化装置
203.7,ST010237,℃,2025-10-07 08:00:00,初馏点温度,延炼100万吨/年催化裂化装置
232.1,ST010237,℃,2025-10-07 08:00:00,10%回收温度,延炼100万吨/年催化裂化装置
278.1,ST010237,℃,2025-10-07 08:00:00,50%回收温度,延炼100万吨/年催化裂化装置
342.4,ST010237,℃,2025-10-07 08:00:00,90%回收温度,延炼100万吨/年催化裂化装置
357.2,ST010237,℃,2025-10-07 08:00:00,95%回收温度,延炼100万吨/年催化裂化装置
203.2,ST010237,℃,2025-10-08 08:00:00,初馏点温度,延炼100万吨/年催化裂化装置
231.7,ST010237,℃,2025-10-08 08:00:00,10%回收温度,延炼100万吨/年催化裂化装置
277.6,ST010237,℃,2025-10-08 08:00:00,50%回收温度,延炼100万吨/年催化裂化装置
342.7,ST010237,℃,2025-10-08 08:00:00,90%回收温度,延炼100万吨/年催化裂化装置
357.3,ST010237,℃,2025-10-08 08:00:00,95%回收温度,延炼100万吨/年催化裂化装置
204.3,ST010237,℃,2025-10-09 08:00:00,初馏点温度,延炼100万吨/年催化裂化装置
232.9,ST010237,℃,2025-10-09 08:00:00,10%回收温度,延炼100万吨/年催化裂化装置
280.3,ST010237,℃,2025-10-09 08:00:00,50%回收温度,延炼100万吨/年催化裂化装置
346.1,ST010237,℃,2025-10-09 08:00:00,90%回收温度,延炼100万吨/年催化裂化装置
360.4,ST010237,℃,2025-10-09 08:00:00,95%回收温度,延炼100万吨/年催化裂化装置
79.5,ST010237,℃,2025-10-09 08:00:00,闪点(闭口),延炼100万吨/年催化裂化装置
-2,ST010237,℃,2025-10-09 08:00:00,凝点,延炼100万吨/年催化裂化装置
1274,ST010237,mg/kg,2025-10-09 08:00:00,硫含量,延炼100万吨/年催化裂化装置
204.6,ST010237,℃,2025-10-10 08:00:00,初馏点温度,延炼100万吨/年催化裂化装置
233.0,ST010237,℃,2025-10-10 08:00:00,10%回收温度,延炼100万吨/年催化裂化装置
283.8,ST010237,℃,2025-10-10 08:00:00,50%回收温度,延炼100万吨/年催化裂化装置
350.1,ST010237,℃,2025-10-10 08:00:00,90%回收温度,延炼100万吨/年催化裂化装置
364.5,ST010237,℃,2025-10-10 08:00:00,95%回收温度,延炼100万吨/年催化裂化装置
203.5,ST010237,℃,2025-10-11 08:00:00,初馏点温度,延炼100万吨/年催化裂化装置
231.7,ST010237,℃,2025-10-11 08:00:00,10%回收温度,延炼100万吨/年催化裂化装置
277.7,ST010237,℃,2025-10-11 08:00:00,50%回收温度,延炼100万吨/年催化裂化装置
345.7,ST010237,℃,2025-10-11 08:00:00,90%回收温度,延炼100万吨/年催化裂化装置
360.4,ST010237,℃,2025-10-11 08:00:00,95%回收温度,延炼100万吨/年催化裂化装置
205.7,ST010237,℃,2025-10-12 08:00:00,初馏点温度,延炼100万吨/年催化裂化装置
234.1,ST010237,℃,2025-10-12 08:00:00,10%回收温度,延炼100万吨/年催化裂化装置
282.5,ST010237,℃,2025-10-12 08:00:00,50%回收温度,延炼100万吨/年催化裂化装置
349.1,ST010237,℃,2025-10-12 08:00:00,90%回收温度,延炼100万吨/年催化裂化装置
363.7,ST010237,℃,2025-10-12 08:00:00,95%回收温度,延炼100万吨/年催化裂化装置
206.7,ST010237,℃,2025-10-13 08:00:00,初馏点温度,延炼100万吨/年催化裂化装置
236.0,ST010237,℃,2025-10-13 08:00:00,10%回收温度,延炼100万吨/年催化裂化装置
284.5,ST010237,℃,2025-10-13 08:00:00,50%回收温度,延炼100万吨/年催化裂化装置
349.4,ST010237,℃,2025-10-13 08:00:00,90%回收温度,延炼100万吨/年催化裂化装置
363.8,ST010237,℃,2025-10-13 08:00:00,95%回收温度,延炼100万吨/年催化裂化装置
206.9,ST010237,℃,2025-10-14 08:00:00,初馏点温度,延炼100万吨/年催化裂化装置
236.6,ST010237,℃,2025-10-14 08:00:00,10%回收温度,延炼100万吨/年催化裂化装置
287.7,ST010237,℃,2025-10-14 08:00:00,50%回收温度,延炼100万吨/年催化裂化装置
355.3,ST010237,℃,2025-10-14 08:00:00,90%回收温度,延炼100万吨/年催化裂化装置
370.4,ST010237,℃,2025-10-14 08:00:00,95%回收温度,延炼100万吨/年催化裂化装置
203.9,ST010237,℃,2025-10-15 08:00:00,初馏点温度,延炼100万吨/年催化裂化装置
232.0,ST010237,℃,2025-10-15 08:00:00,10%回收温度,延炼100万吨/年催化裂化装置
284.7,ST010237,℃,2025-10-15 08:00:00,50%回收温度,延炼100万吨/年催化裂化装置
358.1,ST010237,℃,2025-10-15 08:00:00,90%回收温度,延炼100万吨/年催化裂化装置
372.8,ST010237,℃,2025-10-15 08:00:00,95%回收温度,延炼100万吨/年催化裂化装置
203.5,ST010237,℃,2025-10-16 08:00:00,初馏点温度,延炼100万吨/年催化裂化装置
235.5,ST010237,℃,2025-10-16 08:00:00,10%回收温度,延炼100万吨/年催化裂化装置
289.5,ST010237,℃,2025-10-16 08:00:00,50%回收温度,延炼100万吨/年催化裂化装置
362.0,ST010237,℃,2025-10-16 08:00:00,90%回收温度,延炼100万吨/年催化裂化装置
377.0,ST010237,℃,2025-10-16 08:00:00,95%回收温度,延炼100万吨/年催化裂化装置
83.5,ST010237,℃,2025-10-16 08:00:00,闪点(闭口),延炼100万吨/年催化裂化装置
-2,ST010237,℃,2025-10-16 08:00:00,凝点,延炼100万吨/年催化裂化装置
805,ST010237,mg/kg,2025-10-16 08:00:00,硫含量,延炼100万吨/年催化裂化装置
205.8,ST010237,℃,2025-10-17 08:00:00,初馏点温度,延炼100万吨/年催化裂化装置
233.8,ST010237,℃,2025-10-17 08:00:00,10%回收温度,延炼100万吨/年催化裂化装置
283.8,ST010237,℃,2025-10-17 08:00:00,50%回收温度,延炼100万吨/年催化裂化装置
352.1,ST010237,℃,2025-10-17 08:00:00,90%回收温度,延炼100万吨/年催化裂化装置
368.4,ST010237,℃,2025-10-17 08:00:00,95%回收温度,延炼100万吨/年催化裂化装置
205.4,ST010237,℃,2025-10-18 08:00:00,初馏点温度,延炼100万吨/年催化裂化装置
233.5,ST010237,℃,2025-10-18 08:00:00,10%回收温度,延炼100万吨/年催化裂化装置
281.8,ST010237,℃,2025-10-18 08:00:00,50%回收温度,延炼100万吨/年催化裂化装置
347.4,ST010237,℃,2025-10-18 08:00:00,90%回收温度,延炼100万吨/年催化裂化装置
361.3,ST010237,℃,2025-10-18 08:00:00,95%回收温度,延炼100万吨/年催化裂化装置
205.7,ST010237,℃,2025-10-19 08:00:00,初馏点温度,延炼100万吨/年催化裂化装置
234.3,ST010237,℃,2025-10-19 08:00:00,10%回收温度,延炼100万吨/年催化裂化装置
287.4,ST010237,℃,2025-10-19 08:00:00,50%回收温度,延炼100万吨/年催化裂化装置
352.6,ST010237,℃,2025-10-19 08:00:00,90%回收温度,延炼100万吨/年催化裂化装置
367.4,ST010237,℃,2025-10-19 08:00:00,95%回收温度,延炼100万吨/年催化裂化装置
206.5,ST010237,℃,2025-10-20 08:00:00,初馏点温度,延炼100万吨/年催化裂化装置
235.2,ST010237,℃,2025-10-20 08:00:00,10%回收温度,延炼100万吨/年催化裂化装置
284.6,ST010237,℃,2025-10-20 08:00:00,50%回收温度,延炼100万吨/年催化裂化装置
351.8,ST010237,℃,2025-10-20 08:00:00,90%回收温度,延炼100万吨/年催化裂化装置
367.5,ST010237,℃,2025-10-20 08:00:00,95%回收温度,延炼100万吨/年催化裂化装置
205.9,ST010237,℃,2025-10-21 08:00:00,初馏点温度,延炼100万吨/年催化裂化装置
235.3,ST010237,℃,2025-10-21 08:00:00,10%回收温度,延炼100万吨/年催化裂化装置
283.4,ST010237,℃,2025-10-21 08:00:00,50%回收温度,延炼100万吨/年催化裂化装置
349.0,ST010237,℃,2025-10-21 08:00:00,90%回收温度,延炼100万吨/年催化裂化装置
363.2,ST010237,℃,2025-10-21 08:00:00,95%回收温度,延炼100万吨/年催化裂化装置
206.4,ST010237,℃,2025-10-22 08:00:00,初馏点温度,延炼100万吨/年催化裂化装置
234.9,ST010237,℃,2025-10-22 08:00:00,10%回收温度,延炼100万吨/年催化裂化装置
283.8,ST010237,℃,2025-10-22 08:00:00,50%回收温度,延炼100万吨/年催化裂化装置
349.2,ST010237,℃,2025-10-22 08:00:00,90%回收温度,延炼100万吨/年催化裂化装置
363.4,ST010237,℃,2025-10-22 08:00:00,95%回收温度,延炼100万吨/年催化裂化装置
205.2,ST010237,℃,2025-10-23 08:00:00,初馏点温度,延炼100万吨/年催化裂化装置
232.9,ST010237,℃,2025-10-23 08:00:00,10%回收温度,延炼100万吨/年催化裂化装置
280.3,ST010237,℃,2025-10-23 08:00:00,50%回收温度,延炼100万吨/年催化裂化装置
348.4,ST010237,℃,2025-10-23 08:00:00,90%回收温度,延炼100万吨/年催化裂化装置
362.7,ST010237,℃,2025-10-23 08:00:00,95%回收温度,延炼100万吨/年催化裂化装置
82.5,ST010237,℃,2025-10-23 08:00:00,闪点(闭口),延炼100万吨/年催化裂化装置
-2,ST010237,℃,2025-10-23 08:00:00,凝点,延炼100万吨/年催化裂化装置
1133,ST010237,mg/kg,2025-10-23 08:00:00,硫含量,延炼100万吨/年催化裂化装置
205.7,ST010237,℃,2025-10-24 08:00:00,初馏点温度,延炼100万吨/年催化裂化装置
233.7,ST010237,℃,2025-10-24 08:00:00,10%回收温度,延炼100万吨/年催化裂化装置
281.7,ST010237,℃,2025-10-24 08:00:00,50%回收温度,延炼100万吨/年催化裂化装置
352.0,ST010237,℃,2025-10-24 08:00:00,90%回收温度,延炼100万吨/年催化裂化装置
368.2,ST010237,℃,2025-10-24 08:00:00,95%回收温度,延炼100万吨/年催化裂化装置
207.1,ST010237,℃,2025-10-25 08:00:00,初馏点温度,延炼100万吨/年催化裂化装置
236.8,ST010237,℃,2025-10-25 08:00:00,10%回收温度,延炼100万吨/年催化裂化装置
286.6,ST010237,℃,2025-10-25 08:00:00,50%回收温度,延炼100万吨/年催化裂化装置
351.1,ST010237,℃,2025-10-25 08:00:00,90%回收温度,延炼100万吨/年催化裂化装置
365.8,ST010237,℃,2025-10-25 08:00:00,95%回收温度,延炼100万吨/年催化裂化装置
206.4,ST010237,℃,2025-10-26 08:00:00,初馏点温度,延炼100万吨/年催化裂化装置
234.9,ST010237,℃,2025-10-26 08:00:00,10%回收温度,延炼100万吨/年催化裂化装置
286.0,ST010237,℃,2025-10-26 08:00:00,50%回收温度,延炼100万吨/年催化裂化装置
351.0,ST010237,℃,2025-10-26 08:00:00,90%回收温度,延炼100万吨/年催化裂化装置
365.8,ST010237,℃,2025-10-26 08:00:00,95%回收温度,延炼100万吨/年催化裂化装置
204.2,ST010237,℃,2025-10-27 08:00:00,初馏点温度,延炼100万吨/年催化裂化装置
232.4,ST010237,℃,2025-10-27 08:00:00,10%回收温度,延炼100万吨/年催化裂化装置
279.2,ST010237,℃,2025-10-27 08:00:00,50%回收温度,延炼100万吨/年催化裂化装置
347.2,ST010237,℃,2025-10-27 08:00:00,90%回收温度,延炼100万吨/年催化裂化装置
361.9,ST010237,℃,2025-10-27 08:00:00,95%回收温度,延炼100万吨/年催化裂化装置
206.8,ST010237,℃,2025-10-28 08:00:00,初馏点温度,延炼100万吨/年催化裂化装置
235.8,ST010237,℃,2025-10-28 08:00:00,10%回收温度,延炼100万吨/年催化裂化装置
283.1,ST010237,℃,2025-10-28 08:00:00,50%回收温度,延炼100万吨/年催化裂化装置
350.2,ST010237,℃,2025-10-28 08:00:00,90%回收温度,延炼100万吨/年催化裂化装置
365.4,ST010237,℃,2025-10-28 08:00:00,95%回收温度,延炼100万吨/年催化裂化装置
235.7,ST010237,℃,2025-10-29 08:00:00,10%回收温度,延炼100万吨/年催化裂化装置
284.4,ST010237,℃,2025-10-29 08:00:00,50%回收温度,延炼100万吨/年催化裂化装置
206.7,ST010237,℃,2025-10-29 08:00:00,初馏点温度,延炼100万吨/年催化裂化装置
349.2,ST010237,℃,2025-10-29 08:00:00,90%回收温度,延炼100万吨/年催化裂化装置
363.4,ST010237,℃,2025-10-29 08:00:00,95%回收温度,延炼100万吨/年催化裂化装置
205.9,ST010237,℃,2025-10-30 08:00:00,初馏点温度,延炼100万吨/年催化裂化装置
234.7,ST010237,℃,2025-10-30 08:00:00,10%回收温度,延炼100万吨/年催化裂化装置
284.6,ST010237,℃,2025-10-30 08:00:00,50%回收温度,延炼100万吨/年催化裂化装置
350.0,ST010237,℃,2025-10-30 08:00:00,90%回收温度,延炼100万吨/年催化裂化装置
364.3,ST010237,℃,2025-10-30 08:00:00,95%回收温度,延炼100万吨/年催化裂化装置
81.5,ST010237,℃,2025-10-30 08:00:00,闪点(闭口),延炼100万吨/年催化裂化装置
-2,ST010237,℃,2025-10-30 08:00:00,凝点,延炼100万吨/年催化裂化装置
1493,ST010237,mg/kg,2025-10-30 08:00:00,硫含量,延炼100万吨/年催化裂化装置
203.9,ST010237,℃,2025-10-31 08:00:00,初馏点温度,延炼100万吨/年催化裂化装置
232.5,ST010237,℃,2025-10-31 08:00:00,10%回收温度,延炼100万吨/年催化裂化装置
279.7,ST010237,℃,2025-10-31 08:00:00,50%回收温度,延炼100万吨/年催化裂化装置
347.9,ST010237,℃,2025-10-31 08:00:00,90%回收温度,延炼100万吨/年催化裂化装置
362.6,ST010237,℃,2025-10-31 08:00:00,95%回收温度,延炼100万吨/年催化裂化装置
904.8,ST010237,<p>kg/m<sup>3</sup></p>,2025-11-01 08:00:00,密度(20℃),延炼100万吨/年催化裂化装置
204.7,ST010237,℃,2025-11-01 08:00:00,初馏点温度,延炼100万吨/年催化裂化装置
232.6,ST010237,℃,2025-11-01 08:00:00,10%回收温度,延炼100万吨/年催化裂化装置
277.7,ST010237,℃,2025-11-01 08:00:00,50%回收温度,延炼100万吨/年催化裂化装置
342.2,ST010237,℃,2025-11-01 08:00:00,90%回收温度,延炼100万吨/年催化裂化装置
357.1,ST010237,℃,2025-11-01 08:00:00,95%回收温度,延炼100万吨/年催化裂化装置
234.0,ST010237,℃,2025-11-02 08:00:00,10%回收温度,延炼100万吨/年催化裂化装置
205.9,ST010237,℃,2025-11-02 08:00:00,初馏点温度,延炼100万吨/年催化裂化装置
281.1,ST010237,℃,2025-11-02 08:00:00,50%回收温度,延炼100万吨/年催化裂化装置
342.8,ST010237,℃,2025-11-02 08:00:00,90%回收温度,延炼100万吨/年催化裂化装置
356.4,ST010237,℃,2025-11-02 08:00:00,95%回收温度,延炼100万吨/年催化裂化装置
204.7,ST010237,℃,2025-11-03 08:00:00,初馏点温度,延炼100万吨/年催化裂化装置
233.0,ST010237,℃,2025-11-03 08:00:00,10%回收温度,延炼100万吨/年催化裂化装置
279.0,ST010237,℃,2025-11-03 08:00:00,50%回收温度,延炼100万吨/年催化裂化装置
339.7,ST010237,℃,2025-11-03 08:00:00,90%回收温度,延炼100万吨/年催化裂化装置
352.6,ST010237,℃,2025-11-03 08:00:00,95%回收温度,延炼100万吨/年催化裂化装置
205.7,ST010237,℃,2025-11-04 08:00:00,初馏点温度,延炼100万吨/年催化裂化装置
234.1,ST010237,℃,2025-11-04 08:00:00,10%回收温度,延炼100万吨/年催化裂化装置
281.6,ST010237,℃,2025-11-04 08:00:00,50%回收温度,延炼100万吨/年催化裂化装置
344.5,ST010237,℃,2025-11-04 08:00:00,90%回收温度,延炼100万吨/年催化裂化装置
358.0,ST010237,℃,2025-11-04 08:00:00,95%回收温度,延炼100万吨/年催化裂化装置
205.5,ST010237,℃,2025-11-05 08:00:00,初馏点温度,延炼100万吨/年催化裂化装置
233.4,ST010237,℃,2025-11-05 08:00:00,10%回收温度,延炼100万吨/年催化裂化装置
280.8,ST010237,℃,2025-11-05 08:00:00,50%回收温度,延炼100万吨/年催化裂化装置
348.3,ST010237,℃,2025-11-05 08:00:00,90%回收温度,延炼100万吨/年催化裂化装置
362.7,ST010237,℃,2025-11-05 08:00:00,95%回收温度,延炼100万吨/年催化裂化装置
204.5,ST010237,℃,2025-11-06 08:00:00,初馏点温度,延炼100万吨/年催化裂化装置
233.0,ST010237,℃,2025-11-06 08:00:00,10%回收温度,延炼100万吨/年催化裂化装置
279.3,ST010237,℃,2025-11-06 08:00:00,50%回收温度,延炼100万吨/年催化裂化装置
342.8,ST010237,℃,2025-11-06 08:00:00,90%回收温度,延炼100万吨/年催化裂化装置
357.3,ST010237,℃,2025-11-06 08:00:00,95%回收温度,延炼100万吨/年催化裂化装置
80.0,ST010237,℃,2025-11-06 08:00:00,闪点(闭口),延炼100万吨/年催化裂化装置
-6,ST010237,℃,2025-11-06 08:00:00,凝点,延炼100万吨/年催化裂化装置
1485,ST010237,mg/kg,2025-11-06 08:00:00,硫含量,延炼100万吨/年催化裂化装置
206.1,ST010237,℃,2025-11-07 08:00:00,初馏点温度,延炼100万吨/年催化裂化装置
234.8,ST010237,℃,2025-11-07 08:00:00,10%回收温度,延炼100万吨/年催化裂化装置
285.9,ST010237,℃,2025-11-07 08:00:00,50%回收温度,延炼100万吨/年催化裂化装置
347.2,ST010237,℃,2025-11-07 08:00:00,90%回收温度,延炼100万吨/年催化裂化装置
359.7,ST010237,℃,2025-11-07 08:00:00,95%回收温度,延炼100万吨/年催化裂化装置
205.3,ST010237,℃,2025-11-08 08:00:00,初馏点温度,延炼100万吨/年催化裂化装置
233.9,ST010237,℃,2025-11-08 08:00:00,10%回收温度,延炼100万吨/年催化裂化装置
280.8,ST010237,℃,2025-11-08 08:00:00,50%回收温度,延炼100万吨/年催化裂化装置
343.0,ST010237,℃,2025-11-08 08:00:00,90%回收温度,延炼100万吨/年催化裂化装置
356.4,ST010237,℃,2025-11-08 08:00:00,95%回收温度,延炼100万吨/年催化裂化装置
205.7,ST010237,℃,2025-11-09 08:00:00,初馏点温度,延炼100万吨/年催化裂化装置
234.4,ST010237,℃,2025-11-09 08:00:00,10%回收温度,延炼100万吨/年催化裂化装置
281.8,ST010237,℃,2025-11-09 08:00:00,50%回收温度,延炼100万吨/年催化裂化装置
345.8,ST010237,℃,2025-11-09 08:00:00,90%回收温度,延炼100万吨/年催化裂化装置
359.5,ST010237,℃,2025-11-09 08:00:00,95%回收温度,延炼100万吨/年催化裂化装置
206.6,ST010237,℃,2025-11-10 08:00:00,初馏点温度,延炼100万吨/年催化裂化装置
236.5,ST010237,℃,2025-11-10 08:00:00,10%回收温度,延炼100万吨/年催化裂化装置
284.6,ST010237,℃,2025-11-10 08:00:00,50%回收温度,延炼100万吨/年催化裂化装置
344.5,ST010237,℃,2025-11-10 08:00:00,90%回收温度,延炼100万吨/年催化裂化装置
357.6,ST010237,℃,2025-11-10 08:00:00,95%回收温度,延炼100万吨/年催化裂化装置
206.3,ST010237,℃,2025-11-11 08:00:00,初馏点温度,延炼100万吨/年催化裂化装置
235.7,ST010237,℃,2025-11-11 08:00:00,10%回收温度,延炼100万吨/年催化裂化装置
281.8,ST010237,℃,2025-11-11 08:00:00,50%回收温度,延炼100万吨/年催化裂化装置
342.4,ST010237,℃,2025-11-11 08:00:00,90%回收温度,延炼100万吨/年催化裂化装置
355.5,ST010237,℃,2025-11-11 08:00:00,95%回收温度,延炼100万吨/年催化裂化装置
205.4,ST010237,℃,2025-11-12 08:00:00,初馏点温度,延炼100万吨/年催化裂化装置
234.5,ST010237,℃,2025-11-12 08:00:00,10%回收温度,延炼100万吨/年催化裂化装置
280.9,ST010237,℃,2025-11-12 08:00:00,50%回收温度,延炼100万吨/年催化裂化装置
340.8,ST010237,℃,2025-11-12 08:00:00,90%回收温度,延炼100万吨/年催化裂化装置
353.6,ST010237,℃,2025-11-12 08:00:00,95%回收温度,延炼100万吨/年催化裂化装置
78.5,ST010237,℃,2025-11-13 08:00:00,闪点(闭口),延炼100万吨/年催化裂化装置
-7,ST010237,℃,2025-11-13 08:00:00,凝点,延炼100万吨/年催化裂化装置
1412,ST010237,mg/kg,2025-11-13 08:00:00,硫含量,延炼100万吨/年催化裂化装置
233.7,ST010237,℃,2025-11-13 08:00:00,10%回收温度,延炼100万吨/年催化裂化装置
205.5,ST010237,℃,2025-11-13 08:00:00,初馏点温度,延炼100万吨/年催化裂化装置
277.4,ST010237,℃,2025-11-13 08:00:00,50%回收温度,延炼100万吨/年催化裂化装置
337.0,ST010237,℃,2025-11-13 08:00:00,90%回收温度,延炼100万吨/年催化裂化装置
349.8,ST010237,℃,2025-11-13 08:00:00,95%回收温度,延炼100万吨/年催化裂化装置
205.8,ST010237,℃,2025-11-14 08:00:00,初馏点温度,延炼100万吨/年催化裂化装置
235.6,ST010237,℃,2025-11-14 08:00:00,10%回收温度,延炼100万吨/年催化裂化装置
279.9,ST010237,℃,2025-11-14 08:00:00,50%回收温度,延炼100万吨/年催化裂化装置
336.3,ST010237,℃,2025-11-14 08:00:00,90%回收温度,延炼100万吨/年催化裂化装置
348.2,ST010237,℃,2025-11-14 08:00:00,95%回收温度,延炼100万吨/年催化裂化装置
207.3,ST010237,℃,2025-11-15 08:00:00,初馏点温度,延炼100万吨/年催化裂化装置
237.6,ST010237,℃,2025-11-15 08:00:00,10%回收温度,延炼100万吨/年催化裂化装置
282.5,ST010237,℃,2025-11-15 08:00:00,50%回收温度,延炼100万吨/年催化裂化装置
342.7,ST010237,℃,2025-11-15 08:00:00,90%回收温度,延炼100万吨/年催化裂化装置
356.4,ST010237,℃,2025-11-15 08:00:00,95%回收温度,延炼100万吨/年催化裂化装置
203.5,ST010237,℃,2025-11-16 08:00:00,初馏点温度,延炼100万吨/年催化裂化装置
232.5,ST010237,℃,2025-11-16 08:00:00,10%回收温度,延炼100万吨/年催化裂化装置
277.1,ST010237,℃,2025-11-16 08:00:00,50%回收温度,延炼100万吨/年催化裂化装置
336.9,ST010237,℃,2025-11-16 08:00:00,90%回收温度,延炼100万吨/年催化裂化装置
349.5,ST010237,℃,2025-11-16 08:00:00,95%回收温度,延炼100万吨/年催化裂化装置
202.0,ST010237,℃,2025-11-17 08:00:00,初馏点温度,延炼100万吨/年催化裂化装置
231.5,ST010237,℃,2025-11-17 08:00:00,10%回收温度,延炼100万吨/年催化裂化装置
272.7,ST010237,℃,2025-11-17 08:00:00,50%回收温度,延炼100万吨/年催化裂化装置
329.2,ST010237,℃,2025-11-17 08:00:00,90%回收温度,延炼100万吨/年催化裂化装置
342.2,ST010237,℃,2025-11-17 08:00:00,95%回收温度,延炼100万吨/年催化裂化装置
203.2,ST010237,℃,2025-11-18 08:00:00,初馏点温度,延炼100万吨/年催化裂化装置
232.2,ST010237,℃,2025-11-18 08:00:00,10%回收温度,延炼100万吨/年催化裂化装置
278.2,ST010237,℃,2025-11-18 08:00:00,50%回收温度,延炼100万吨/年催化裂化装置
338.6,ST010237,℃,2025-11-18 08:00:00,90%回收温度,延炼100万吨/年催化裂化装置
351.0,ST010237,℃,2025-11-18 08:00:00,95%回收温度,延炼100万吨/年催化裂化装置
351.9,ST010237,℃,2025-11-19 08:00:00,95%回收温度,延炼100万吨/年催化裂化装置
202.9,ST010237,℃,2025-11-19 08:00:00,初馏点温度,延炼100万吨/年催化裂化装置
231.5,ST010237,℃,2025-11-19 08:00:00,10%回收温度,延炼100万吨/年催化裂化装置
277.6,ST010237,℃,2025-11-19 08:00:00,50%回收温度,延炼100万吨/年催化裂化装置
338.7,ST010237,℃,2025-11-19 08:00:00,90%回收温度,延炼100万吨/年催化裂化装置
1795,ST010237,mg/kg,2025-11-20 08:00:00,硫含量,延炼100万吨/年催化裂化装置
-6,ST010237,℃,2025-11-20 08:00:00,凝点,延炼100万吨/年催化裂化装置
206.2,ST010237,℃,2025-11-20 08:00:00,初馏点温度,延炼100万吨/年催化裂化装置
235.3,ST010237,℃,2025-11-20 08:00:00,10%回收温度,延炼100万吨/年催化裂化装置
283.5,ST010237,℃,2025-11-20 08:00:00,50%回收温度,延炼100万吨/年催化裂化装置
344.4,ST010237,℃,2025-11-20 08:00:00,90%回收温度,延炼100万吨/年催化裂化装置
357.6,ST010237,℃,2025-11-20 08:00:00,95%回收温度,延炼100万吨/年催化裂化装置
84.0,ST010237,℃,2025-11-20 08:00:00,闪点(闭口),延炼100万吨/年催化裂化装置
206.3,ST010237,℃,2025-11-21 08:00:00,初馏点温度,延炼100万吨/年催化裂化装置
235.3,ST010237,℃,2025-11-21 08:00:00,10%回收温度,延炼100万吨/年催化裂化装置
278.3,ST010237,℃,2025-11-21 08:00:00,50%回收温度,延炼100万吨/年催化裂化装置
339.6,ST010237,℃,2025-11-21 08:00:00,90%回收温度,延炼100万吨/年催化裂化装置
353.7,ST010237,℃,2025-11-21 08:00:00,95%回收温度,延炼100万吨/年催化裂化装置
206.9,ST010237,℃,2025-11-22 08:00:00,初馏点温度,延炼100万吨/年催化裂化装置
236.2,ST010237,℃,2025-11-22 08:00:00,10%回收温度,延炼100万吨/年催化裂化装置
279.9,ST010237,℃,2025-11-22 08:00:00,50%回收温度,延炼100万吨/年催化裂化装置
340.6,ST010237,℃,2025-11-22 08:00:00,90%回收温度,延炼100万吨/年催化裂化装置
354.2,ST010237,℃,2025-11-22 08:00:00,95%回收温度,延炼100万吨/年催化裂化装置
206.4,ST010237,℃,2025-11-23 08:00:00,初馏点温度,延炼100万吨/年催化裂化装置
235.1,ST010237,℃,2025-11-23 08:00:00,10%回收温度,延炼100万吨/年催化裂化装置
279.5,ST010237,℃,2025-11-23 08:00:00,50%回收温度,延炼100万吨/年催化裂化装置
339.6,ST010237,℃,2025-11-23 08:00:00,90%回收温度,延炼100万吨/年催化裂化装置
352.9,ST010237,℃,2025-11-23 08:00:00,95%回收温度,延炼100万吨/年催化裂化装置
205.3,ST010237,℃,2025-11-24 08:00:00,初馏点温度,延炼100万吨/年催化裂化装置
233.7,ST010237,℃,2025-11-24 08:00:00,10%回收温度,延炼100万吨/年催化裂化装置
278.0,ST010237,℃,2025-11-24 08:00:00,50%回收温度,延炼100万吨/年催化裂化装置
337.3,ST010237,℃,2025-11-24 08:00:00,90%回收温度,延炼100万吨/年催化裂化装置
350.0,ST010237,℃,2025-11-24 08:00:00,95%回收温度,延炼100万吨/年催化裂化装置
206.4,ST010237,℃,2025-11-25 08:00:00,初馏点温度,延炼100万吨/年催化裂化装置
234.4,ST010237,℃,2025-11-25 08:00:00,10%回收温度,延炼100万吨/年催化裂化装置
278.9,ST010237,℃,2025-11-25 08:00:00,50%回收温度,延炼100万吨/年催化裂化装置
339.0,ST010237,℃,2025-11-25 08:00:00,90%回收温度,延炼100万吨/年催化裂化装置
352.0,ST010237,℃,2025-11-25 08:00:00,95%回收温度,延炼100万吨/年催化裂化装置
336.3,ST010237,℃,2025-11-26 08:00:00,90%回收温度,延炼100万吨/年催化裂化装置
348.4,ST010237,℃,2025-11-26 08:00:00,95%回收温度,延炼100万吨/年催化裂化装置
205.8,ST010237,℃,2025-11-26 08:00:00,初馏点温度,延炼100万吨/年催化裂化装置
234.1,ST010237,℃,2025-11-26 08:00:00,10%回收温度,延炼100万吨/年催化裂化装置
278.5,ST010237,℃,2025-11-26 08:00:00,50%回收温度,延炼100万吨/年催化裂化装置
-9,ST010237,℃,2025-11-27 08:00:00,凝点,延炼100万吨/年催化裂化装置
84.0,ST010237,℃,2025-11-27 08:00:00,闪点(闭口),延炼100万吨/年催化裂化装置
1792,ST010237,mg/kg,2025-11-27 08:00:00,硫含量,延炼100万吨/年催化裂化装置
205.1,ST010237,℃,2025-11-27 08:00:00,初馏点温度,延炼100万吨/年催化裂化装置
233.5,ST010237,℃,2025-11-27 08:00:00,10%回收温度,延炼100万吨/年催化裂化装置
278.4,ST010237,℃,2025-11-27 08:00:00,50%回收温度,延炼100万吨/年催化裂化装置
336.6,ST010237,℃,2025-11-27 08:00:00,90%回收温度,延炼100万吨/年催化裂化装置
348.7,ST010237,℃,2025-11-27 08:00:00,95%回收温度,延炼100万吨/年催化裂化装置
206.2,ST010237,℃,2025-11-28 08:00:00,初馏点温度,延炼100万吨/年催化裂化装置
236.1,ST010237,℃,2025-11-28 08:00:00,10%回收温度,延炼100万吨/年催化裂化装置
281.6,ST010237,℃,2025-11-28 08:00:00,50%回收温度,延炼100万吨/年催化裂化装置
340.7,ST010237,℃,2025-11-28 08:00:00,90%回收温度,延炼100万吨/年催化裂化装置
353.3,ST010237,℃,2025-11-28 08:00:00,95%回收温度,延炼100万吨/年催化裂化装置
206.4,ST010237,℃,2025-11-29 08:00:00,初馏点温度,延炼100万吨/年催化裂化装置
234.7,ST010237,℃,2025-11-29 08:00:00,10%回收温度,延炼100万吨/年催化裂化装置
278.1,ST010237,℃,2025-11-29 08:00:00,50%回收温度,延炼100万吨/年催化裂化装置
336.6,ST010237,℃,2025-11-29 08:00:00,90%回收温度,延炼100万吨/年催化裂化装置
348.8,ST010237,℃,2025-11-29 08:00:00,95%回收温度,延炼100万吨/年催化裂化装置
205.9,ST010237,℃,2025-11-30 08:00:00,初馏点温度,延炼100万吨/年催化裂化装置
234.1,ST010237,℃,2025-11-30 08:00:00,10%回收温度,延炼100万吨/年催化裂化装置
277.7,ST010237,℃,2025-11-30 08:00:00,50%回收温度,延炼100万吨/年催化裂化装置
334.7,ST010237,℃,2025-11-30 08:00:00,90%回收温度,延炼100万吨/年催化裂化装置
347.1,ST010237,℃,2025-11-30 08:00:00,95%回收温度,延炼100万吨/年催化裂化装置
204.5,ST010237,℃,2025-12-01 08:00:00,初馏点温度,延炼100万吨/年催化裂化装置
233.2,ST010237,℃,2025-12-01 08:00:00,10%回收温度,延炼100万吨/年催化裂化装置
275.4,ST010237,℃,2025-12-01 08:00:00,50%回收温度,延炼100万吨/年催化裂化装置
331.8,ST010237,℃,2025-12-01 08:00:00,90%回收温度,延炼100万吨/年催化裂化装置
344.4,ST010237,℃,2025-12-01 08:00:00,95%回收温度,延炼100万吨/年催化裂化装置
901.6,ST010237,<p>kg/m<sup>3</sup></p>,2025-12-01 08:00:00,密度(20℃),延炼100万吨/年催化裂化装置
202.6,ST010237,℃,2025-12-02 08:00:00,初馏点温度,延炼100万吨/年催化裂化装置
231.4,ST010237,℃,2025-12-02 08:00:00,10%回收温度,延炼100万吨/年催化裂化装置
273.5,ST010237,℃,2025-12-02 08:00:00,50%回收温度,延炼100万吨/年催化裂化装置
333.7,ST010237,℃,2025-12-02 08:00:00,90%回收温度,延炼100万吨/年催化裂化装置
347.1,ST010237,℃,2025-12-02 08:00:00,95%回收温度,延炼100万吨/年催化裂化装置
207.3,ST010237,℃,2025-12-03 08:00:00,初馏点温度,延炼100万吨/年催化裂化装置
237.2,ST010237,℃,2025-12-03 08:00:00,10%回收温度,延炼100万吨/年催化裂化装置
279.6,ST010237,℃,2025-12-03 08:00:00,50%回收温度,延炼100万吨/年催化裂化装置
338.3,ST010237,℃,2025-12-03 08:00:00,90%回收温度,延炼100万吨/年催化裂化装置
351.3,ST010237,℃,2025-12-03 08:00:00,95%回收温度,延炼100万吨/年催化裂化装置
80.0,ST010237,℃,2025-12-04 08:00:00,闪点(闭口),延炼100万吨/年催化裂化装置
-8,ST010237,℃,2025-12-04 08:00:00,凝点,延炼100万吨/年催化裂化装置
204.4,ST010237,℃,2025-12-04 08:00:00,初馏点温度,延炼100万吨/年催化裂化装置
233.2,ST010237,℃,2025-12-04 08:00:00,10%回收温度,延炼100万吨/年催化裂化装置
279.3,ST010237,℃,2025-12-04 08:00:00,50%回收温度,延炼100万吨/年催化裂化装置
339.3,ST010237,℃,2025-12-04 08:00:00,90%回收温度,延炼100万吨/年催化裂化装置
351.8,ST010237,℃,2025-12-04 08:00:00,95%回收温度,延炼100万吨/年催化裂化装置
2021,ST010237,mg/kg,2025-12-04 08:00:00,硫含量,延炼100万吨/年催化裂化装置
204.6,ST010237,℃,2025-12-05 08:00:00,初馏点温度,延炼100万吨/年催化裂化装置
233.3,ST010237,℃,2025-12-05 08:00:00,10%回收温度,延炼100万吨/年催化裂化装置
279.0,ST010237,℃,2025-12-05 08:00:00,50%回收温度,延炼100万吨/年催化裂化装置
339.2,ST010237,℃,2025-12-05 08:00:00,90%回收温度,延炼100万吨/年催化裂化装置
352.4,ST010237,℃,2025-12-05 08:00:00,95%回收温度,延炼100万吨/年催化裂化装置
205.3,ST010237,℃,2025-12-06 08:00:00,初馏点温度,延炼100万吨/年催化裂化装置
234.1,ST010237,℃,2025-12-06 08:00:00,10%回收温度,延炼100万吨/年催化裂化装置
278.3,ST010237,℃,2025-12-06 08:00:00,50%回收温度,延炼100万吨/年催化裂化装置
337.6,ST010237,℃,2025-12-06 08:00:00,90%回收温度,延炼100万吨/年催化裂化装置
350.0,ST010237,℃,2025-12-06 08:00:00,95%回收温度,延炼100万吨/年催化裂化装置
203.2,ST010237,℃,2025-12-07 08:00:00,初馏点温度,延炼100万吨/年催化裂化装置
231.8,ST010237,℃,2025-12-07 08:00:00,10%回收温度,延炼100万吨/年催化裂化装置
275.5,ST010237,℃,2025-12-07 08:00:00,50%回收温度,延炼100万吨/年催化裂化装置
337.0,ST010237,℃,2025-12-07 08:00:00,90%回收温度,延炼100万吨/年催化裂化装置
350.1,ST010237,℃,2025-12-07 08:00:00,95%回收温度,延炼100万吨/年催化裂化装置
205.4,ST010237,℃,2025-12-08 08:00:00,初馏点温度,延炼100万吨/年催化裂化装置
233.7,ST010237,℃,2025-12-08 08:00:00,10%回收温度,延炼100万吨/年催化裂化装置
280.4,ST010237,℃,2025-12-08 08:00:00,50%回收温度,延炼100万吨/年催化裂化装置
341.2,ST010237,℃,2025-12-08 08:00:00,90%回收温度,延炼100万吨/年催化裂化装置
354.5,ST010237,℃,2025-12-08 08:00:00,95%回收温度,延炼100万吨/年催化裂化装置
207.9,ST010237,℃,2025-12-09 08:00:00,初馏点温度,延炼100万吨/年催化裂化装置
238.0,ST010237,℃,2025-12-09 08:00:00,10%回收温度,延炼100万吨/年催化裂化装置
284.3,ST010237,℃,2025-12-09 08:00:00,50%回收温度,延炼100万吨/年催化裂化装置
345.0,ST010237,℃,2025-12-09 08:00:00,90%回收温度,延炼100万吨/年催化裂化装置
358.4,ST010237,℃,2025-12-09 08:00:00,95%回收温度,延炼100万吨/年催化裂化装置
208.1,ST010237,℃,2025-12-10 08:00:00,初馏点温度,延炼100万吨/年催化裂化装置
237.7,ST010237,℃,2025-12-10 08:00:00,10%回收温度,延炼100万吨/年催化裂化装置
285.3,ST010237,℃,2025-12-10 08:00:00,50%回收温度,延炼100万吨/年催化裂化装置
248.6,ST010237,℃,2025-12-10 08:00:00,90%回收温度,延炼100万吨/年催化裂化装置
362.2,ST010237,℃,2025-12-10 08:00:00,95%回收温度,延炼100万吨/年催化裂化装置
207.4,ST010237,℃,2025-12-11 08:00:00,初馏点温度,延炼100万吨/年催化裂化装置
238.4,ST010237,℃,2025-12-11 08:00:00,10%回收温度,延炼100万吨/年催化裂化装置
285.8,ST010237,℃,2025-12-11 08:00:00,50%回收温度,延炼100万吨/年催化裂化装置
344.2,ST010237,℃,2025-12-11 08:00:00,90%回收温度,延炼100万吨/年催化裂化装置
357.2,ST010237,℃,2025-12-11 08:00:00,95%回收温度,延炼100万吨/年催化裂化装置
76.5,ST010237,℃,2025-12-11 08:00:00,闪点(闭口),延炼100万吨/年催化裂化装置
-8,ST010237,℃,2025-12-11 08:00:00,凝点,延炼100万吨/年催化裂化装置
1907,ST010237,mg/kg,2025-12-11 08:00:00,硫含量,延炼100万吨/年催化裂化装置
206.9,ST010237,℃,2025-12-12 08:00:00,初馏点温度,延炼100万吨/年催化裂化装置
237.2,ST010237,℃,2025-12-12 08:00:00,10%回收温度,延炼100万吨/年催化裂化装置
285.4,ST010237,℃,2025-12-12 08:00:00,50%回收温度,延炼100万吨/年催化裂化装置
346.8,ST010237,℃,2025-12-12 08:00:00,90%回收温度,延炼100万吨/年催化裂化装置
359.6,ST010237,℃,2025-12-12 08:00:00,95%回收温度,延炼100万吨/年催化裂化装置
206.6,ST010237,℃,2025-12-13 08:00:00,初馏点温度,延炼100万吨/年催化裂化装置
236.0,ST010237,℃,2025-12-13 08:00:00,10%回收温度,延炼100万吨/年催化裂化装置
286.5,ST010237,℃,2025-12-13 08:00:00,50%回收温度,延炼100万吨/年催化裂化装置
346.7,ST010237,℃,2025-12-13 08:00:00,90%回收温度,延炼100万吨/年催化裂化装置
359.3,ST010237,℃,2025-12-13 08:00:00,95%回收温度,延炼100万吨/年催化裂化装置
207.6,ST010237,℃,2025-12-14 08:00:00,初馏点温度,延炼100万吨/年催化裂化装置
238.4,ST010237,℃,2025-12-14 08:00:00,10%回收温度,延炼100万吨/年催化裂化装置
287.8,ST010237,℃,2025-12-14 08:00:00,50%回收温度,延炼100万吨/年催化裂化装置
347.9,ST010237,℃,2025-12-14 08:00:00,90%回收温度,延炼100万吨/年催化裂化装置
360.5,ST010237,℃,2025-12-14 08:00:00,95%回收温度,延炼100万吨/年催化裂化装置
205.7,ST010237,℃,2025-12-15 08:00:00,初馏点温度,延炼100万吨/年催化裂化装置
234.4,ST010237,℃,2025-12-15 08:00:00,10%回收温度,延炼100万吨/年催化裂化装置
277.1,ST010237,℃,2025-12-15 08:00:00,50%回收温度,延炼100万吨/年催化裂化装置
336.1,ST010237,℃,2025-12-15 08:00:00,90%回收温度,延炼100万吨/年催化裂化装置
348.8,ST010237,℃,2025-12-15 08:00:00,95%回收温度,延炼100万吨/年催化裂化装置
210.0,ST010237,℃,2025-12-16 08:00:00,初馏点温度,延炼100万吨/年催化裂化装置
240.6,ST010237,℃,2025-12-16 08:00:00,10%回收温度,延炼100万吨/年催化裂化装置
285.4,ST010237,℃,2025-12-16 08:00:00,50%回收温度,延炼100万吨/年催化裂化装置
344.4,ST010237,℃,2025-12-16 08:00:00,90%回收温度,延炼100万吨/年催化裂化装置
357.5,ST010237,℃,2025-12-16 08:00:00,95%回收温度,延炼100万吨/年催化裂化装置
206.8,ST010237,℃,2025-12-17 08:00:00,初馏点温度,延炼100万吨/年催化裂化装置
236.6,ST010237,℃,2025-12-17 08:00:00,10%回收温度,延炼100万吨/年催化裂化装置
284.2,ST010237,℃,2025-12-17 08:00:00,50%回收温度,延炼100万吨/年催化裂化装置
342.6,ST010237,℃,2025-12-17 08:00:00,90%回收温度,延炼100万吨/年催化裂化装置
355.0,ST010237,℃,2025-12-17 08:00:00,95%回收温度,延炼100万吨/年催化裂化装置
1772,ST010237,mg/kg,2025-12-18 08:00:00,硫含量,延炼100万吨/年催化裂化装置
205.5,ST010237,℃,2025-12-18 08:00:00,初馏点温度,延炼100万吨/年催化裂化装置
234.6,ST010237,℃,2025-12-18 08:00:00,10%回收温度,延炼100万吨/年催化裂化装置
281.3,ST010237,℃,2025-12-18 08:00:00,50%回收温度,延炼100万吨/年催化裂化装置
340.5,ST010237,℃,2025-12-18 08:00:00,90%回收温度,延炼100万吨/年催化裂化装置
352.9,ST010237,℃,2025-12-18 08:00:00,95%回收温度,延炼100万吨/年催化裂化装置
77.5,ST010237,℃,2025-12-18 08:00:00,闪点(闭口),延炼100万吨/年催化裂化装置
-7,ST010237,℃,2025-12-18 08:00:00,凝点,延炼100万吨/年催化裂化装置
202.7,ST010237,℃,2025-12-19 08:00:00,初馏点温度,延炼100万吨/年催化裂化装置
231.2,ST010237,℃,2025-12-19 08:00:00,10%回收温度,延炼100万吨/年催化裂化装置
280.2,ST010237,℃,2025-12-19 08:00:00,50%回收温度,延炼100万吨/年催化裂化装置
345.9,ST010237,℃,2025-12-19 08:00:00,90%回收温度,延炼100万吨/年催化裂化装置
359.0,ST010237,℃,2025-12-19 08:00:00,95%回收温度,延炼100万吨/年催化裂化装置
206.0,ST010237,℃,2025-12-20 08:00:00,初馏点温度,延炼100万吨/年催化裂化装置
234.7,ST010237,℃,2025-12-20 08:00:00,10%回收温度,延炼100万吨/年催化裂化装置
283.9,ST010237,℃,2025-12-20 08:00:00,50%回收温度,延炼100万吨/年催化裂化装置
344.9,ST010237,℃,2025-12-20 08:00:00,90%回收温度,延炼100万吨/年催化裂化装置
357.7,ST010237,℃,2025-12-20 08:00:00,95%回收温度,延炼100万吨/年催化裂化装置
205.4,ST010237,℃,2025-12-21 08:00:00,初馏点温度,延炼100万吨/年催化裂化装置
234.2,ST010237,℃,2025-12-21 08:00:00,10%回收温度,延炼100万吨/年催化裂化装置
280.4,ST010237,℃,2025-12-21 08:00:00,50%回收温度,延炼100万吨/年催化裂化装置
339.8,ST010237,℃,2025-12-21 08:00:00,90%回收温度,延炼100万吨/年催化裂化装置
352.2,ST010237,℃,2025-12-21 08:00:00,95%回收温度,延炼100万吨/年催化裂化装置
212.0,ST010237,℃,2025-12-22 08:00:00,初馏点温度,延炼100万吨/年催化裂化装置
243.7,ST010237,℃,2025-12-22 08:00:00,10%回收温度,延炼100万吨/年催化裂化装置
288.7,ST010237,℃,2025-12-22 08:00:00,50%回收温度,延炼100万吨/年催化裂化装置
345.1,ST010237,℃,2025-12-22 08:00:00,90%回收温度,延炼100万吨/年催化裂化装置
357.6,ST010237,℃,2025-12-22 08:00:00,95%回收温度,延炼100万吨/年催化裂化装置
207.3,ST010237,℃,2025-12-23 08:00:00,初馏点温度,延炼100万吨/年催化裂化装置
238.1,ST010237,℃,2025-12-23 08:00:00,10%回收温度,延炼100万吨/年催化裂化装置
283.2,ST010237,℃,2025-12-23 08:00:00,50%回收温度,延炼100万吨/年催化裂化装置
343.4,ST010237,℃,2025-12-23 08:00:00,90%回收温度,延炼100万吨/年催化裂化装置
356.7,ST010237,℃,2025-12-23 08:00:00,95%回收温度,延炼100万吨/年催化裂化装置
206.2,ST010237,℃,2025-12-24 08:00:00,初馏点温度,延炼100万吨/年催化裂化装置
234.9,ST010237,℃,2025-12-24 08:00:00,10%回收温度,延炼100万吨/年催化裂化装置
279.7,ST010237,℃,2025-12-24 08:00:00,50%回收温度,延炼100万吨/年催化裂化装置
337.7,ST010237,℃,2025-12-24 08:00:00,90%回收温度,延炼100万吨/年催化裂化装置
349.8,ST010237,℃,2025-12-24 08:00:00,95%回收温度,延炼100万吨/年催化裂化装置
207.2,ST010237,℃,2025-12-25 08:00:00,初馏点温度,延炼100万吨/年催化裂化装置
236.7,ST010237,℃,2025-12-25 08:00:00,10%回收温度,延炼100万吨/年催化裂化装置
280.6,ST010237,℃,2025-12-25 08:00:00,50%回收温度,延炼100万吨/年催化裂化装置
339.1,ST010237,℃,2025-12-25 08:00:00,90%回收温度,延炼100万吨/年催化裂化装置
351.6,ST010237,℃,2025-12-25 08:00:00,95%回收温度,延炼100万吨/年催化裂化装置
87.0,ST010237,℃,2025-12-25 08:00:00,闪点(闭口),延炼100万吨/年催化裂化装置
-6,ST010237,℃,2025-12-25 08:00:00,凝点,延炼100万吨/年催化裂化装置
2331,ST010237,mg/kg,2025-12-25 08:00:00,硫含量,延炼100万吨/年催化裂化装置
207.0,ST010237,℃,2025-12-26 08:00:00,初馏点温度,延炼100万吨/年催化裂化装置
236.7,ST010237,℃,2025-12-26 08:00:00,10%回收温度,延炼100万吨/年催化裂化装置
281.1,ST010237,℃,2025-12-26 08:00:00,50%回收温度,延炼100万吨/年催化裂化装置
336.7,ST010237,℃,2025-12-26 08:00:00,90%回收温度,延炼100万吨/年催化裂化装置
348.4,ST010237,℃,2025-12-26 08:00:00,95%回收温度,延炼100万吨/年催化裂化装置
205.3,ST010237,℃,2025-12-27 08:00:00,初馏点温度,延炼100万吨/年催化裂化装置
233.7,ST010237,℃,2025-12-27 08:00:00,10%回收温度,延炼100万吨/年催化裂化装置
275.3,ST010237,℃,2025-12-27 08:00:00,50%回收温度,延炼100万吨/年催化裂化装置
332.3,ST010237,℃,2025-12-27 08:00:00,90%回收温度,延炼100万吨/年催化裂化装置
345.3,ST010237,℃,2025-12-27 08:00:00,95%回收温度,延炼100万吨/年催化裂化装置
208.4,ST010237,℃,2025-12-28 08:00:00,初馏点温度,延炼100万吨/年催化裂化装置
238.2,ST010237,℃,2025-12-28 08:00:00,10%回收温度,延炼100万吨/年催化裂化装置
282.0,ST010237,℃,2025-12-28 08:00:00,50%回收温度,延炼100万吨/年催化裂化装置
340.2,ST010237,℃,2025-12-28 08:00:00,90%回收温度,延炼100万吨/年催化裂化装置
352.8,ST010237,℃,2025-12-28 08:00:00,95%回收温度,延炼100万吨/年催化裂化装置
205.9,ST010237,℃,2025-12-29 08:00:00,初馏点温度,延炼100万吨/年催化裂化装置
234.2,ST010237,℃,2025-12-29 08:00:00,10%回收温度,延炼100万吨/年催化裂化装置
277.8,ST010237,℃,2025-12-29 08:00:00,50%回收温度,延炼100万吨/年催化裂化装置
335.2,ST010237,℃,2025-12-29 08:00:00,90%回收温度,延炼100万吨/年催化裂化装置
347.7,ST010237,℃,2025-12-29 08:00:00,95%回收温度,延炼100万吨/年催化裂化装置
205.7,ST010237,℃,2025-12-30 08:00:00,初馏点温度,延炼100万吨/年催化裂化装置
234.1,ST010237,℃,2025-12-30 08:00:00,10%回收温度,延炼100万吨/年催化裂化装置
277.6,ST010237,℃,2025-12-30 08:00:00,50%回收温度,延炼100万吨/年催化裂化装置
334.9,ST010237,℃,2025-12-30 08:00:00,90%回收温度,延炼100万吨/年催化裂化装置
347.3,ST010237,℃,2025-12-30 08:00:00,95%回收温度,延炼100万吨/年催化裂化装置
204.6,ST010237,℃,2025-12-31 08:00:00,初馏点温度,延炼100万吨/年催化裂化装置
233.2,ST010237,℃,2025-12-31 08:00:00,10%回收温度,延炼100万吨/年催化裂化装置
276.9,ST010237,℃,2025-12-31 08:00:00,50%回收温度,延炼100万吨/年催化裂化装置
336.0,ST010237,℃,2025-12-31 08:00:00,90%回收温度,延炼100万吨/年催化裂化装置
348.6,ST010237,℃,2025-12-31 08:00:00,95%回收温度,延炼100万吨/年催化裂化装置
909.8,ST010237,<p>kg/m<sup>3</sup></p>,2026-01-01 08:00:00,密度(20℃),延炼100万吨/年催化裂化装置
206.9,ST010237,℃,2026-01-01 08:00:00,初馏点温度,延炼100万吨/年催化裂化装置
236.5,ST010237,℃,2026-01-01 08:00:00,10%回收温度,延炼100万吨/年催化裂化装置
282.6,ST010237,℃,2026-01-01 08:00:00,50%回收温度,延炼100万吨/年催化裂化装置
339.5,ST010237,℃,2026-01-01 08:00:00,90%回收温度,延炼100万吨/年催化裂化装置
350.9,ST010237,℃,2026-01-01 08:00:00,95%回收温度,延炼100万吨/年催化裂化装置
2548,ST010237,mg/kg,2026-01-01 08:00:00,硫含量,延炼100万吨/年催化裂化装置
88.0,ST010237,℃,2026-01-01 08:00:00,闪点(闭口),延炼100万吨/年催化裂化装置
-7,ST010237,℃,2026-01-01 08:00:00,凝点,延炼100万吨/年催化裂化装置
207.1,ST010237,℃,2026-01-02 08:00:00,初馏点温度,延炼100万吨/年催化裂化装置
235.9,ST010237,℃,2026-01-02 08:00:00,10%回收温度,延炼100万吨/年催化裂化装置
278.3,ST010237,℃,2026-01-02 08:00:00,50%回收温度,延炼100万吨/年催化裂化装置
335.6,ST010237,℃,2026-01-02 08:00:00,90%回收温度,延炼100万吨/年催化裂化装置
348.2,ST010237,℃,2026-01-02 08:00:00,95%回收温度,延炼100万吨/年催化裂化装置
207.9,ST010237,℃,2026-01-03 08:00:00,初馏点温度,延炼100万吨/年催化裂化装置
237.7,ST010237,℃,2026-01-03 08:00:00,10%回收温度,延炼100万吨/年催化裂化装置
282.6,ST010237,℃,2026-01-03 08:00:00,50%回收温度,延炼100万吨/年催化裂化装置
338.2,ST010237,℃,2026-01-03 08:00:00,90%回收温度,延炼100万吨/年催化裂化装置
349.7,ST010237,℃,2026-01-03 08:00:00,95%回收温度,延炼100万吨/年催化裂化装置
204.3,ST010237,℃,2026-01-04 08:00:00,初馏点温度,延炼100万吨/年催化裂化装置
233.0,ST010237,℃,2026-01-04 08:00:00,10%回收温度,延炼100万吨/年催化裂化装置
276.2,ST010237,℃,2026-01-04 08:00:00,50%回收温度,延炼100万吨/年催化裂化装置
333.1,ST010237,℃,2026-01-04 08:00:00,90%回收温度,延炼100万吨/年催化裂化装置
345.5,ST010237,℃,2026-01-04 08:00:00,95%回收温度,延炼100万吨/年催化裂化装置
205.9,ST010237,℃,2026-01-05 08:00:00,初馏点温度,延炼100万吨/年催化裂化装置
234.6,ST010237,℃,2026-01-05 08:00:00,10%回收温度,延炼100万吨/年催化裂化装置
278.5,ST010237,℃,2026-01-05 08:00:00,50%回收温度,延炼100万吨/年催化裂化装置
333.7,ST010237,℃,2026-01-05 08:00:00,90%回收温度,延炼100万吨/年催化裂化装置
345.6,ST010237,℃,2026-01-05 08:00:00,95%回收温度,延炼100万吨/年催化裂化装置
205.7,ST010237,℃,2026-01-06 08:00:00,初馏点温度,延炼100万吨/年催化裂化装置
233.9,ST010237,℃,2026-01-06 08:00:00,10%回收温度,延炼100万吨/年催化裂化装置
276.5,ST010237,℃,2026-01-06 08:00:00,50%回收温度,延炼100万吨/年催化裂化装置
330.4,ST010237,℃,2026-01-06 08:00:00,90%回收温度,延炼100万吨/年催化裂化装置
342.1,ST010237,℃,2026-01-06 08:00:00,95%回收温度,延炼100万吨/年催化裂化装置
204.6,ST010237,℃,2026-01-07 08:00:00,初馏点温度,延炼100万吨/年催化裂化装置
233.3,ST010237,℃,2026-01-07 08:00:00,10%回收温度,延炼100万吨/年催化裂化装置
331.0,ST010237,℃,2026-01-07 08:00:00,90%回收温度,延炼100万吨/年催化裂化装置
342.8,ST010237,℃,2026-01-07 08:00:00,95%回收温度,延炼100万吨/年催化裂化装置
276.3,ST010237,℃,2026-01-07 08:00:00,50%回收温度,延炼100万吨/年催化裂化装置
79.0,ST010237,℃,2026-01-08 08:00:00,闪点(闭口),延炼100万吨/年催化裂化装置
1713,ST010237,mg/kg,2026-01-08 08:00:00,硫含量,延炼100万吨/年催化裂化装置
203.5,ST010237,℃,2026-01-08 08:00:00,初馏点温度,延炼100万吨/年催化裂化装置
232.4,ST010237,℃,2026-01-08 08:00:00,10%回收温度,延炼100万吨/年催化裂化装置
275.4,ST010237,℃,2026-01-08 08:00:00,50%回收温度,延炼100万吨/年催化裂化装置
335.2,ST010237,℃,2026-01-08 08:00:00,90%回收温度,延炼100万吨/年催化裂化装置
347.9,ST010237,℃,2026-01-08 08:00:00,95%回收温度,延炼100万吨/年催化裂化装置
-11,ST010237,℃,2026-01-08 08:00:00,凝点,延炼100万吨/年催化裂化装置
207.3,ST010237,℃,2026-01-09 08:00:00,初馏点温度,延炼100万吨/年催化裂化装置
236.6,ST010237,℃,2026-01-09 08:00:00,10%回收温度,延炼100万吨/年催化裂化装置
282.3,ST010237,℃,2026-01-09 08:00:00,50%回收温度,延炼100万吨/年催化裂化装置
340.7,ST010237,℃,2026-01-09 08:00:00,90%回收温度,延炼100万吨/年催化裂化装置
353.3,ST010237,℃,2026-01-09 08:00:00,95%回收温度,延炼100万吨/年催化裂化装置
205.5,ST010237,℃,2026-01-10 08:00:00,初馏点温度,延炼100万吨/年催化裂化装置
234.4,ST010237,℃,2026-01-10 08:00:00,10%回收温度,延炼100万吨/年催化裂化装置
278.4,ST010237,℃,2026-01-10 08:00:00,50%回收温度,延炼100万吨/年催化裂化装置
336.5,ST010237,℃,2026-01-10 08:00:00,90%回收温度,延炼100万吨/年催化裂化装置
348.8,ST010237,℃,2026-01-10 08:00:00,95%回收温度,延炼100万吨/年催化裂化装置
205.5,ST010237,℃,2026-01-11 08:00:00,初馏点温度,延炼100万吨/年催化裂化装置
235.0,ST010237,℃,2026-01-11 08:00:00,10%回收温度,延炼100万吨/年催化裂化装置
278.2,ST010237,℃,2026-01-11 08:00:00,50%回收温度,延炼100万吨/年催化裂化装置
335.0,ST010237,℃,2026-01-11 08:00:00,90%回收温度,延炼100万吨/年催化裂化装置
347.7,ST010237,℃,2026-01-11 08:00:00,95%回收温度,延炼100万吨/年催化裂化装置
202.5,ST010237,℃,2026-01-12 08:00:00,初馏点温度,延炼100万吨/年催化裂化装置
232.6,ST010237,℃,2026-01-12 08:00:00,10%回收温度,延炼100万吨/年催化裂化装置
275.0,ST010237,℃,2026-01-12 08:00:00,50%回收温度,延炼100万吨/年催化裂化装置
331.5,ST010237,℃,2026-01-12 08:00:00,90%回收温度,延炼100万吨/年催化裂化装置
344.3,ST010237,℃,2026-01-12 08:00:00,95%回收温度,延炼100万吨/年催化裂化装置
207.7,ST010237,℃,2026-01-13 08:00:00,初馏点温度,延炼100万吨/年催化裂化装置
238.2,ST010237,℃,2026-01-13 08:00:00,10%回收温度,延炼100万吨/年催化裂化装置
282.5,ST010237,℃,2026-01-13 08:00:00,50%回收温度,延炼100万吨/年催化裂化装置
339.1,ST010237,℃,2026-01-13 08:00:00,90%回收温度,延炼100万吨/年催化裂化装置
351.0,ST010237,℃,2026-01-13 08:00:00,95%回收温度,延炼100万吨/年催化裂化装置
203.9,ST010237,℃,2026-01-14 08:00:00,初馏点温度,延炼100万吨/年催化裂化装置
233.4,ST010237,℃,2026-01-14 08:00:00,10%回收温度,延炼100万吨/年催化裂化装置
276.8,ST010237,℃,2026-01-14 08:00:00,50%回收温度,延炼100万吨/年催化裂化装置
334.7,ST010237,℃,2026-01-14 08:00:00,90%回收温度,延炼100万吨/年催化裂化装置
347.4,ST010237,℃,2026-01-14 08:00:00,95%回收温度,延炼100万吨/年催化裂化装置
208.6,ST010237,℃,2026-01-15 08:00:00,初馏点温度,延炼100万吨/年催化裂化装置
240.0,ST010237,℃,2026-01-15 08:00:00,10%回收温度,延炼100万吨/年催化裂化装置
282.7,ST010237,℃,2026-01-15 08:00:00,50%回收温度,延炼100万吨/年催化裂化装置
338.4,ST010237,℃,2026-01-15 08:00:00,90%回收温度,延炼100万吨/年催化裂化装置
350.5,ST010237,℃,2026-01-15 08:00:00,95%回收温度,延炼100万吨/年催化裂化装置
2062,ST010237,mg/kg,2026-01-15 08:00:00,硫含量,延炼100万吨/年催化裂化装置
-7,ST010237,℃,2026-01-15 08:00:00,凝点,延炼100万吨/年催化裂化装置
83.0,ST010237,℃,2026-01-15 08:00:00,闪点(闭口),延炼100万吨/年催化裂化装置
201.8,ST010237,℃,2026-01-16 08:00:00,初馏点温度,延炼100万吨/年催化裂化装置
232.0,ST010237,℃,2026-01-16 08:00:00,10%回收温度,延炼100万吨/年催化裂化装置
275.9,ST010237,℃,2026-01-16 08:00:00,50%回收温度,延炼100万吨/年催化裂化装置
332.8,ST010237,℃,2026-01-16 08:00:00,90%回收温度,延炼100万吨/年催化裂化装置
344.9,ST010237,℃,2026-01-16 08:00:00,95%回收温度,延炼100万吨/年催化裂化装置
205.1,ST010237,℃,2026-01-17 08:00:00,初馏点温度,延炼100万吨/年催化裂化装置
234.6,ST010237,℃,2026-01-17 08:00:00,10%回收温度,延炼100万吨/年催化裂化装置
278.4,ST010237,℃,2026-01-17 08:00:00,50%回收温度,延炼100万吨/年催化裂化装置
332.6,ST010237,℃,2026-01-17 08:00:00,90%回收温度,延炼100万吨/年催化裂化装置
344.2,ST010237,℃,2026-01-17 08:00:00,95%回收温度,延炼100万吨/年催化裂化装置
343.3,ST010237,℃,2026-01-18 08:00:00,95%回收温度,延炼100万吨/年催化裂化装置
206.3,ST010237,℃,2026-01-18 08:00:00,初馏点温度,延炼100万吨/年催化裂化装置
245.0,ST010237,℃,2026-01-18 08:00:00,10%回收温度,延炼100万吨/年催化裂化装置
283.9,ST010237,℃,2026-01-18 08:00:00,50%回收温度,延炼100万吨/年催化裂化装置
332.1,ST010237,℃,2026-01-18 08:00:00,90%回收温度,延炼100万吨/年催化裂化装置
205.9,ST010237,℃,2026-01-19 08:00:00,初馏点温度,延炼100万吨/年催化裂化装置
243.9,ST010237,℃,2026-01-19 08:00:00,10%回收温度,延炼100万吨/年催化裂化装置
280.5,ST010237,℃,2026-01-19 08:00:00,50%回收温度,延炼100万吨/年催化裂化装置
337.3,ST010237,℃,2026-01-19 08:00:00,90%回收温度,延炼100万吨/年催化裂化装置
349.3,ST010237,℃,2026-01-19 08:00:00,95%回收温度,延炼100万吨/年催化裂化装置
206.7,ST010237,℃,2026-01-20 08:00:00,初馏点温度,延炼100万吨/年催化裂化装置
236.0,ST010237,℃,2026-01-20 08:00:00,10%回收温度,延炼100万吨/年催化裂化装置
276.5,ST010237,℃,2026-01-20 08:00:00,50%回收温度,延炼100万吨/年催化裂化装置
327.2,ST010237,℃,2026-01-20 08:00:00,90%回收温度,延炼100万吨/年催化裂化装置
337.9,ST010237,℃,2026-01-20 08:00:00,95%回收温度,延炼100万吨/年催化裂化装置
212.1,ST010237,℃,2026-01-21 08:00:00,初馏点温度,延炼100万吨/年催化裂化装置
247.5,ST010237,℃,2026-01-21 08:00:00,10%回收温度,延炼100万吨/年催化裂化装置
285.2,ST010237,℃,2026-01-21 08:00:00,50%回收温度,延炼100万吨/年催化裂化装置
331.6,ST010237,℃,2026-01-21 08:00:00,90%回收温度,延炼100万吨/年催化裂化装置
341.3,ST010237,℃,2026-01-21 08:00:00,95%回收温度,延炼100万吨/年催化裂化装置
1689,ST010237,mg/kg,2026-01-22 08:00:00,硫含量,延炼100万吨/年催化裂化装置
83.0,ST010237,℃,2026-01-22 08:00:00,闪点(闭口),延炼100万吨/年催化裂化装置
-7,ST010237,℃,2026-01-22 08:00:00,凝点,延炼100万吨/年催化裂化装置
205.5,ST010237,℃,2026-01-22 08:00:00,初馏点温度,延炼100万吨/年催化裂化装置
233.4,ST010237,℃,2026-01-22 08:00:00,10%回收温度,延炼100万吨/年催化裂化装置
278.6,ST010237,℃,2026-01-22 08:00:00,50%回收温度,延炼100万吨/年催化裂化装置
335.8,ST010237,℃,2026-01-22 08:00:00,90%回收温度,延炼100万吨/年催化裂化装置
347.9,ST010237,℃,2026-01-22 08:00:00,95%回收温度,延炼100万吨/年催化裂化装置
207.1,ST010237,℃,2026-01-23 08:00:00,初馏点温度,延炼100万吨/年催化裂化装置
235.8,ST010237,℃,2026-01-23 08:00:00,10%回收温度,延炼100万吨/年催化裂化装置
285.4,ST010237,℃,2026-01-23 08:00:00,50%回收温度,延炼100万吨/年催化裂化装置
343.0,ST010237,℃,2026-01-23 08:00:00,90%回收温度,延炼100万吨/年催化裂化装置
355.0,ST010237,℃,2026-01-23 08:00:00,95%回收温度,延炼100万吨/年催化裂化装置
211.3,ST010237,℃,2026-01-24 08:00:00,初馏点温度,延炼100万吨/年催化裂化装置
242.4,ST010237,℃,2026-01-24 08:00:00,10%回收温度,延炼100万吨/年催化裂化装置
288.3,ST010237,℃,2026-01-24 08:00:00,50%回收温度,延炼100万吨/年催化裂化装置
345.6,ST010237,℃,2026-01-24 08:00:00,90%回收温度,延炼100万吨/年催化裂化装置
358.4,ST010237,℃,2026-01-24 08:00:00,95%回收温度,延炼100万吨/年催化裂化装置
209.1,ST010237,℃,2026-01-25 08:00:00,初馏点温度,延炼100万吨/年催化裂化装置
239.7,ST010237,℃,2026-01-25 08:00:00,10%回收温度,延炼100万吨/年催化裂化装置
283.5,ST010237,℃,2026-01-25 08:00:00,50%回收温度,延炼100万吨/年催化裂化装置
344.4,ST010237,℃,2026-01-25 08:00:00,90%回收温度,延炼100万吨/年催化裂化装置
358.3,ST010237,℃,2026-01-25 08:00:00,95%回收温度,延炼100万吨/年催化裂化装置
206.2,ST010237,℃,2026-01-26 08:00:00,初馏点温度,延炼100万吨/年催化裂化装置
234.4,ST010237,℃,2026-01-26 08:00:00,10%回收温度,延炼100万吨/年催化裂化装置
281.4,ST010237,℃,2026-01-26 08:00:00,50%回收温度,延炼100万吨/年催化裂化装置
344.7,ST010237,℃,2026-01-26 08:00:00,90%回收温度,延炼100万吨/年催化裂化装置
358.6,ST010237,℃,2026-01-26 08:00:00,95%回收温度,延炼100万吨/年催化裂化装置
206.2,ST010237,℃,2026-01-27 08:00:00,初馏点温度,延炼100万吨/年催化裂化装置
234.0,ST010237,℃,2026-01-27 08:00:00,10%回收温度,延炼100万吨/年催化裂化装置
281.1,ST010237,℃,2026-01-27 08:00:00,50%回收温度,延炼100万吨/年催化裂化装置
345.6,ST010237,℃,2026-01-27 08:00:00,90%回收温度,延炼100万吨/年催化裂化装置
359.5,ST010237,℃,2026-01-27 08:00:00,95%回收温度,延炼100万吨/年催化裂化装置
207.4,ST010237,℃,2026-01-28 08:00:00,初馏点温度,延炼100万吨/年催化裂化装置
236.9,ST010237,℃,2026-01-28 08:00:00,10%回收温度,延炼100万吨/年催化裂化装置
283.8,ST010237,℃,2026-01-28 08:00:00,50%回收温度,延炼100万吨/年催化裂化装置
344.9,ST010237,℃,2026-01-28 08:00:00,90%回收温度,延炼100万吨/年催化裂化装置
358.3,ST010237,℃,2026-01-28 08:00:00,95%回收温度,延炼100万吨/年催化裂化装置
-6,ST010237,℃,2026-01-29 08:00:00,凝点,延炼100万吨/年催化裂化装置
83.0,ST010237,℃,2026-01-29 08:00:00,闪点(闭口),延炼100万吨/年催化裂化装置
1650,ST010237,mg/kg,2026-01-29 08:00:00,硫含量,延炼100万吨/年催化裂化装置
206.1,ST010237,℃,2026-01-29 08:00:00,初馏点温度,延炼100万吨/年催化裂化装置
234.5,ST010237,℃,2026-01-29 08:00:00,10%回收温度,延炼100万吨/年催化裂化装置
281.7,ST010237,℃,2026-01-29 08:00:00,50%回收温度,延炼100万吨/年催化裂化装置
346.3,ST010237,℃,2026-01-29 08:00:00,90%回收温度,延炼100万吨/年催化裂化装置
360.0,ST010237,℃,2026-01-29 08:00:00,95%回收温度,延炼100万吨/年催化裂化装置
208.9,ST010237,℃,2026-01-30 08:00:00,初馏点温度,延炼100万吨/年催化裂化装置
240.1,ST010237,℃,2026-01-30 08:00:00,10%回收温度,延炼100万吨/年催化裂化装置
288.9,ST010237,℃,2026-01-30 08:00:00,50%回收温度,延炼100万吨/年催化裂化装置
350.4,ST010237,℃,2026-01-30 08:00:00,90%回收温度,延炼100万吨/年催化裂化装置
364.1,ST010237,℃,2026-01-30 08:00:00,95%回收温度,延炼100万吨/年催化裂化装置
207.8,ST010237,℃,2026-01-31 08:00:00,初馏点温度,延炼100万吨/年催化裂化装置
238.0,ST010237,℃,2026-01-31 08:00:00,10%回收温度,延炼100万吨/年催化裂化装置
288.0,ST010237,℃,2026-01-31 08:00:00,50%回收温度,延炼100万吨/年催化裂化装置
349.7,ST010237,℃,2026-01-31 08:00:00,90%回收温度,延炼100万吨/年催化裂化装置
363.0,ST010237,℃,2026-01-31 08:00:00,95%回收温度,延炼100万吨/年催化裂化装置
903.9,ST010237,<p>kg/m<sup>3</sup></p>,2026-02-01 08:00:00,密度(20℃),延炼100万吨/年催化裂化装置
206.8,ST010237,℃,2026-02-01 08:00:00,初馏点温度,延炼100万吨/年催化裂化装置
236.1,ST010237,℃,2026-02-01 08:00:00,10%回收温度,延炼100万吨/年催化裂化装置
284.6,ST010237,℃,2026-02-01 08:00:00,50%回收温度,延炼100万吨/年催化裂化装置
342.7,ST010237,℃,2026-02-01 08:00:00,90%回收温度,延炼100万吨/年催化裂化装置
354.7,ST010237,℃,2026-02-01 08:00:00,95%回收温度,延炼100万吨/年催化裂化装置
207.2,ST010237,℃,2026-02-02 08:00:00,初馏点温度,延炼100万吨/年催化裂化装置
236.4,ST010237,℃,2026-02-02 08:00:00,10%回收温度,延炼100万吨/年催化裂化装置
283.7,ST010237,℃,2026-02-02 08:00:00,50%回收温度,延炼100万吨/年催化裂化装置
343.4,ST010237,℃,2026-02-02 08:00:00,90%回收温度,延炼100万吨/年催化裂化装置
357.0,ST010237,℃,2026-02-02 08:00:00,95%回收温度,延炼100万吨/年催化裂化装置
206.2,ST010237,℃,2026-02-03 08:00:00,初馏点温度,延炼100万吨/年催化裂化装置
234.8,ST010237,℃,2026-02-03 08:00:00,10%回收温度,延炼100万吨/年催化裂化装置
279.3,ST010237,℃,2026-02-03 08:00:00,50%回收温度,延炼100万吨/年催化裂化装置
336.9,ST010237,℃,2026-02-03 08:00:00,90%回收温度,延炼100万吨/年催化裂化装置
349.1,ST010237,℃,2026-02-03 08:00:00,95%回收温度,延炼100万吨/年催化裂化装置
204.9,ST010237,℃,2026-02-04 08:00:00,初馏点温度,延炼100万吨/年催化裂化装置
233.5,ST010237,℃,2026-02-04 08:00:00,10%回收温度,延炼100万吨/年催化裂化装置
277.5,ST010237,℃,2026-02-04 08:00:00,50%回收温度,延炼100万吨/年催化裂化装置
335.8,ST010237,℃,2026-02-04 08:00:00,90%回收温度,延炼100万吨/年催化裂化装置
348.5,ST010237,℃,2026-02-04 08:00:00,95%回收温度,延炼100万吨/年催化裂化装置
85.0,ST010237,℃,2026-02-05 08:00:00,闪点(闭口),延炼100万吨/年催化裂化装置
-7,ST010237,℃,2026-02-05 08:00:00,凝点,延炼100万吨/年催化裂化装置
204.6,ST010237,℃,2026-02-05 08:00:00,初馏点温度,延炼100万吨/年催化裂化装置
233.8,ST010237,℃,2026-02-05 08:00:00,10%回收温度,延炼100万吨/年催化裂化装置
279.7,ST010237,℃,2026-02-05 08:00:00,50%回收温度,延炼100万吨/年催化裂化装置
336.9,ST010237,℃,2026-02-05 08:00:00,90%回收温度,延炼100万吨/年催化裂化装置
348.8,ST010237,℃,2026-02-05 08:00:00,95%回收温度,延炼100万吨/年催化裂化装置
1634,ST010237,mg/kg,2026-02-05 08:00:00,硫含量,延炼100万吨/年催化裂化装置
201.8,ST010237,℃,2026-02-06 08:00:00,初馏点温度,延炼100万吨/年催化裂化装置
232.2,ST010237,℃,2026-02-06 08:00:00,10%回收温度,延炼100万吨/年催化裂化装置
277.0,ST010237,℃,2026-02-06 08:00:00,50%回收温度,延炼100万吨/年催化裂化装置
335.0,ST010237,℃,2026-02-06 08:00:00,90%回收温度,延炼100万吨/年催化裂化装置
347.6,ST010237,℃,2026-02-06 08:00:00,95%回收温度,延炼100万吨/年催化裂化装置
198.7,ST010237,℃,2026-02-07 08:00:00,初馏点温度,延炼100万吨/年催化裂化装置
230.2,ST010237,℃,2026-02-07 08:00:00,10%回收温度,延炼100万吨/年催化裂化装置
274.7,ST010237,℃,2026-02-07 08:00:00,50%回收温度,延炼100万吨/年催化裂化装置
333.7,ST010237,℃,2026-02-07 08:00:00,90%回收温度,延炼100万吨/年催化裂化装置
346.7,ST010237,℃,2026-02-07 08:00:00,95%回收温度,延炼100万吨/年催化裂化装置
203.2,ST010237,℃,2026-02-08 08:00:00,初馏点温度,延炼100万吨/年催化裂化装置
232.3,ST010237,℃,2026-02-08 08:00:00,10%回收温度,延炼100万吨/年催化裂化装置
276.3,ST010237,℃,2026-02-08 08:00:00,50%回收温度,延炼100万吨/年催化裂化装置
332.9,ST010237,℃,2026-02-08 08:00:00,90%回收温度,延炼100万吨/年催化裂化装置
345.2,ST010237,℃,2026-02-08 08:00:00,95%回收温度,延炼100万吨/年催化裂化装置
206.2,ST010237,℃,2026-02-09 08:00:00,初馏点温度,延炼100万吨/年催化裂化装置
234.3,ST010237,℃,2026-02-09 08:00:00,10%回收温度,延炼100万吨/年催化裂化装置
279.3,ST010237,℃,2026-02-09 08:00:00,50%回收温度,延炼100万吨/年催化裂化装置
335.5,ST010237,℃,2026-02-09 08:00:00,90%回收温度,延炼100万吨/年催化裂化装置
347.3,ST010237,℃,2026-02-09 08:00:00,95%回收温度,延炼100万吨/年催化裂化装置
204.9,ST010237,℃,2026-02-10 08:00:00,初馏点温度,延炼100万吨/年催化裂化装置
233.0,ST010237,℃,2026-02-10 08:00:00,10%回收温度,延炼100万吨/年催化裂化装置
275.8,ST010237,℃,2026-02-10 08:00:00,50%回收温度,延炼100万吨/年催化裂化装置
333.1,ST010237,℃,2026-02-10 08:00:00,90%回收温度,延炼100万吨/年催化裂化装置
345.9,ST010237,℃,2026-02-10 08:00:00,95%回收温度,延炼100万吨/年催化裂化装置
204.6,ST010237,℃,2026-02-11 08:00:00,初馏点温度,延炼100万吨/年催化裂化装置
232.7,ST010237,℃,2026-02-11 08:00:00,10%回收温度,延炼100万吨/年催化裂化装置
274.7,ST010237,℃,2026-02-11 08:00:00,50%回收温度,延炼100万吨/年催化裂化装置
329.6,ST010237,℃,2026-02-11 08:00:00,90%回收温度,延炼100万吨/年催化裂化装置
341.8,ST010237,℃,2026-02-11 08:00:00,95%回收温度,延炼100万吨/年催化裂化装置
89.0,ST010237,℃,2026-02-12 08:00:00,闪点(闭口),延炼100万吨/年催化裂化装置
-7,ST010237,℃,2026-02-12 08:00:00,凝点,延炼100万吨/年催化裂化装置
207.0,ST010237,℃,2026-02-12 08:00:00,初馏点温度,延炼100万吨/年催化裂化装置
235.3,ST010237,℃,2026-02-12 08:00:00,10%回收温度,延炼100万吨/年催化裂化装置
279.4,ST010237,℃,2026-02-12 08:00:00,50%回收温度,延炼100万吨/年催化裂化装置
333.6,ST010237,℃,2026-02-12 08:00:00,90%回收温度,延炼100万吨/年催化裂化装置
345.5,ST010237,℃,2026-02-12 08:00:00,95%回收温度,延炼100万吨/年催化裂化装置
1814,ST010237,mg/kg,2026-02-12 08:00:00,硫含量,延炼100万吨/年催化裂化装置
206.3,ST010237,℃,2026-02-13 08:00:00,初馏点温度,延炼100万吨/年催化裂化装置
234.0,ST010237,℃,2026-02-13 08:00:00,10%回收温度,延炼100万吨/年催化裂化装置
274.3,ST010237,℃,2026-02-13 08:00:00,50%回收温度,延炼100万吨/年催化裂化装置
326.2,ST010237,℃,2026-02-13 08:00:00,90%回收温度,延炼100万吨/年催化裂化装置
337.2,ST010237,℃,2026-02-13 08:00:00,95%回收温度,延炼100万吨/年催化裂化装置
333.7,ST010237,℃,2026-02-14 08:00:00,90%回收温度,延炼100万吨/年催化裂化装置
346.5,ST010237,℃,2026-02-14 08:00:00,95%回收温度,延炼100万吨/年催化裂化装置
209.5,ST010237,℃,2026-02-14 08:00:00,初馏点温度,延炼100万吨/年催化裂化装置
239.2,ST010237,℃,2026-02-14 08:00:00,10%回收温度,延炼100万吨/年催化裂化装置
280.3,ST010237,℃,2026-02-14 08:00:00,50%回收温度,延炼100万吨/年催化裂化装置
206.3,ST010237,℃,2026-02-15 08:00:00,初馏点温度,延炼100万吨/年催化裂化装置
234.3,ST010237,℃,2026-02-15 08:00:00,10%回收温度,延炼100万吨/年催化裂化装置
274.0,ST010237,℃,2026-02-15 08:00:00,50%回收温度,延炼100万吨/年催化裂化装置
325.9,ST010237,℃,2026-02-15 08:00:00,90%回收温度,延炼100万吨/年催化裂化装置
337.2,ST010237,℃,2026-02-15 08:00:00,95%回收温度,延炼100万吨/年催化裂化装置
207.0,ST010237,℃,2026-02-16 08:00:00,初馏点温度,延炼100万吨/年催化裂化装置
235.6,ST010237,℃,2026-02-16 08:00:00,10%回收温度,延炼100万吨/年催化裂化装置
277.0,ST010237,℃,2026-02-16 08:00:00,50%回收温度,延炼100万吨/年催化裂化装置
327.1,ST010237,℃,2026-02-16 08:00:00,90%回收温度,延炼100万吨/年催化裂化装置
337.4,ST010237,℃,2026-02-16 08:00:00,95%回收温度,延炼100万吨/年催化裂化装置
209.2,ST010237,℃,2026-02-17 08:00:00,初馏点温度,延炼100万吨/年催化裂化装置
238.7,ST010237,℃,2026-02-17 08:00:00,10%回收温度,延炼100万吨/年催化裂化装置
280.5,ST010237,℃,2026-02-17 08:00:00,50%回收温度,延炼100万吨/年催化裂化装置
331.1,ST010237,℃,2026-02-17 08:00:00,90%回收温度,延炼100万吨/年催化裂化装置
342.1,ST010237,℃,2026-02-17 08:00:00,95%回收温度,延炼100万吨/年催化裂化装置
206.4,ST010237,℃,2026-02-18 08:00:00,初馏点温度,延炼100万吨/年催化裂化装置
234.3,ST010237,℃,2026-02-18 08:00:00,10%回收温度,延炼100万吨/年催化裂化装置
276.6,ST010237,℃,2026-02-18 08:00:00,50%回收温度,延炼100万吨/年催化裂化装置
328.1,ST010237,℃,2026-02-18 08:00:00,90%回收温度,延炼100万吨/年催化裂化装置
338.6,ST010237,℃,2026-02-18 08:00:00,95%回收温度,延炼100万吨/年催化裂化装置
206.7,ST010237,℃,2026-02-19 08:00:00,初馏点温度,延炼100万吨/年催化裂化装置
235.2,ST010237,℃,2026-02-19 08:00:00,10%回收温度,延炼100万吨/年催化裂化装置
276.0,ST010237,℃,2026-02-19 08:00:00,50%回收温度,延炼100万吨/年催化裂化装置
328.0,ST010237,℃,2026-02-19 08:00:00,90%回收温度,延炼100万吨/年催化裂化装置
338.9,ST010237,℃,2026-02-19 08:00:00,95%回收温度,延炼100万吨/年催化裂化装置
1651,ST010237,mg/kg,2026-02-19 08:00:00,硫含量,延炼100万吨/年催化裂化装置
84.5,ST010237,℃,2026-02-19 08:00:00,闪点(闭口),延炼100万吨/年催化裂化装置
-10,ST010237,℃,2026-02-19 08:00:00,凝点,延炼100万吨/年催化裂化装置
210.0,ST010237,℃,2026-02-20 08:00:00,初馏点温度,延炼100万吨/年催化裂化装置
238.9,ST010237,℃,2026-02-20 08:00:00,10%回收温度,延炼100万吨/年催化裂化装置
279.9,ST010237,℃,2026-02-20 08:00:00,50%回收温度,延炼100万吨/年催化裂化装置
332.7,ST010237,℃,2026-02-20 08:00:00,90%回收温度,延炼100万吨/年催化裂化装置
344.5,ST010237,℃,2026-02-20 08:00:00,95%回收温度,延炼100万吨/年催化裂化装置
208.4,ST010237,℃,2026-02-21 08:00:00,初馏点温度,延炼100万吨/年催化裂化装置
238.1,ST010237,℃,2026-02-21 08:00:00,10%回收温度,延炼100万吨/年催化裂化装置
282.3,ST010237,℃,2026-02-21 08:00:00,50%回收温度,延炼100万吨/年催化裂化装置
335.3,ST010237,℃,2026-02-21 08:00:00,90%回收温度,延炼100万吨/年催化裂化装置
346.6,ST010237,℃,2026-02-21 08:00:00,95%回收温度,延炼100万吨/年催化裂化装置
207.3,ST010237,℃,2026-02-22 08:00:00,初馏点温度,延炼100万吨/年催化裂化装置
235.4,ST010237,℃,2026-02-22 08:00:00,10%回收温度,延炼100万吨/年催化裂化装置
278.4,ST010237,℃,2026-02-22 08:00:00,50%回收温度,延炼100万吨/年催化裂化装置
333.7,ST010237,℃,2026-02-22 08:00:00,90%回收温度,延炼100万吨/年催化裂化装置
345.5,ST010237,℃,2026-02-22 08:00:00,95%回收温度,延炼100万吨/年催化裂化装置
206.5,ST010237,℃,2026-02-23 08:00:00,初馏点温度,延炼100万吨/年催化裂化装置
234.9,ST010237,℃,2026-02-23 08:00:00,10%回收温度,延炼100万吨/年催化裂化装置
275.2,ST010237,℃,2026-02-23 08:00:00,50%回收温度,延炼100万吨/年催化裂化装置
328.7,ST010237,℃,2026-02-23 08:00:00,90%回收温度,延炼100万吨/年催化裂化装置
340.4,ST010237,℃,2026-02-23 08:00:00,95%回收温度,延炼100万吨/年催化裂化装置
329.5,ST010237,℃,2026-02-23 20:00:00,95%回收温度,延炼100万吨/年催化裂化装置
318.5,ST010237,℃,2026-02-23 20:00:00,90%回收温度,延炼100万吨/年催化裂化装置
279.0,ST010237,℃,2026-02-23 20:00:00,50%回收温度,延炼100万吨/年催化裂化装置
240.0,ST010237,℃,2026-02-23 20:00:00,10%回收温度,延炼100万吨/年催化裂化装置
206.0,ST010237,℃,2026-02-23 20:00:00,初馏点温度,延炼100万吨/年催化裂化装置
316.5,ST010237,℃,2026-02-23 22:30:00,95%回收温度,延炼100万吨/年催化裂化装置
305.5,ST010237,℃,2026-02-23 22:30:00,90%回收温度,延炼100万吨/年催化裂化装置
268.0,ST010237,℃,2026-02-23 22:30:00,50%回收温度,延炼100万吨/年催化裂化装置
235.0,ST010237,℃,2026-02-23 22:30:00,10%回收温度,延炼100万吨/年催化裂化装置
201.0,ST010237,℃,2026-02-23 22:30:00,初馏点温度,延炼100万吨/年催化裂化装置
341.5,ST010237,℃,2026-02-24 00:00:00,95%回收温度,延炼100万吨/年催化裂化装置
330.5,ST010237,℃,2026-02-24 00:00:00,90%回收温度,延炼100万吨/年催化裂化装置
287.5,ST010237,℃,2026-02-24 00:00:00,50%回收温度,延炼100万吨/年催化裂化装置
244.0,ST010237,℃,2026-02-24 00:00:00,10%回收温度,延炼100万吨/年催化裂化装置
203.0,ST010237,℃,2026-02-24 00:00:00,初馏点温度,延炼100万吨/年催化裂化装置
192.2,ST010237,℃,2026-02-24 08:00:00,初馏点温度,延炼100万吨/年催化裂化装置
228.7,ST010237,℃,2026-02-24 08:00:00,10%回收温度,延炼100万吨/年催化裂化装置
281.3,ST010237,℃,2026-02-24 08:00:00,50%回收温度,延炼100万吨/年催化裂化装置
331.2,ST010237,℃,2026-02-24 08:00:00,90%回收温度,延炼100万吨/年催化裂化装置
341.0,ST010237,℃,2026-02-24 08:00:00,95%回收温度,延炼100万吨/年催化裂化装置
363.5,ST010237,℃,2026-02-24 11:00:00,95%回收温度,延炼100万吨/年催化裂化装置
351.5,ST010237,℃,2026-02-24 11:00:00,90%回收温度,延炼100万吨/年催化裂化装置
295.5,ST010237,℃,2026-02-24 11:00:00,50%回收温度,延炼100万吨/年催化裂化装置
249.5,ST010237,℃,2026-02-24 11:00:00,10%回收温度,延炼100万吨/年催化裂化装置
211.0,ST010237,℃,2026-02-24 11:00:00,初馏点温度,延炼100万吨/年催化裂化装置
207.2,ST010237,℃,2026-02-25 08:00:00,初馏点温度,延炼100万吨/年催化裂化装置
234.1,ST010237,℃,2026-02-25 08:00:00,10%回收温度,延炼100万吨/年催化裂化装置
276.5,ST010237,℃,2026-02-25 08:00:00,50%回收温度,延炼100万吨/年催化裂化装置
330.3,ST010237,℃,2026-02-25 08:00:00,90%回收温度,延炼100万吨/年催化裂化装置
341.8,ST010237,℃,2026-02-25 08:00:00,95%回收温度,延炼100万吨/年催化裂化装置
91.0,ST010237,℃,2026-02-26 08:00:00,闪点(闭口),延炼100万吨/年催化裂化装置
-8,ST010237,℃,2026-02-26 08:00:00,凝点,延炼100万吨/年催化裂化装置
1834,ST010237,mg/kg,2026-02-26 08:00:00,硫含量,延炼100万吨/年催化裂化装置
208.1,ST010237,℃,2026-02-26 08:00:00,初馏点温度,延炼100万吨/年催化裂化装置
236.5,ST010237,℃,2026-02-26 08:00:00,10%回收温度,延炼100万吨/年催化裂化装置
282.4,ST010237,℃,2026-02-26 08:00:00,50%回收温度,延炼100万吨/年催化裂化装置
332.5,ST010237,℃,2026-02-26 08:00:00,90%回收温度,延炼100万吨/年催化裂化装置
343.0,ST010237,℃,2026-02-26 08:00:00,95%回收温度,延炼100万吨/年催化裂化装置
207.3,ST010237,℃,2026-02-27 08:00:00,初馏点温度,延炼100万吨/年催化裂化装置
234.8,ST010237,℃,2026-02-27 08:00:00,10%回收温度,延炼100万吨/年催化裂化装置
276.1,ST010237,℃,2026-02-27 08:00:00,50%回收温度,延炼100万吨/年催化裂化装置
333.1,ST010237,℃,2026-02-27 08:00:00,90%回收温度,延炼100万吨/年催化裂化装置
345.5,ST010237,℃,2026-02-27 08:00:00,95%回收温度,延炼100万吨/年催化裂化装置
238.5,ST010237,℃,2026-02-28 08:00:00,10%回收温度,延炼100万吨/年催化裂化装置
279.1,ST010237,℃,2026-02-28 08:00:00,50%回收温度,延炼100万吨/年催化裂化装置
209.0,ST010237,℃,2026-02-28 08:00:00,初馏点温度,延炼100万吨/年催化裂化装置
331.9,ST010237,℃,2026-02-28 08:00:00,90%回收温度,延炼100万吨/年催化裂化装置
343.2,ST010237,℃,2026-02-28 08:00:00,95%回收温度,延炼100万吨/年催化裂化装置
903.6,ST010237,<p>kg/m<sup>3</sup></p>,2026-03-01 08:00:00,密度(20℃),延炼100万吨/年催化裂化装置
206.4,ST010237,℃,2026-03-01 08:00:00,初馏点温度,延炼100万吨/年催化裂化装置
234.2,ST010237,℃,2026-03-01 08:00:00,10%回收温度,延炼100万吨/年催化裂化装置
274.2,ST010237,℃,2026-03-01 08:00:00,50%回收温度,延炼100万吨/年催化裂化装置
327.9,ST010237,℃,2026-03-01 08:00:00,90%回收温度,延炼100万吨/年催化裂化装置
339.0,ST010237,℃,2026-03-01 08:00:00,95%回收温度,延炼100万吨/年催化裂化装置
205.9,ST010237,℃,2026-03-02 08:00:00,初馏点温度,延炼100万吨/年催化裂化装置
234.1,ST010237,℃,2026-03-02 08:00:00,10%回收温度,延炼100万吨/年催化裂化装置
273.7,ST010237,℃,2026-03-02 08:00:00,50%回收温度,延炼100万吨/年催化裂化装置
326.6,ST010237,℃,2026-03-02 08:00:00,90%回收温度,延炼100万吨/年催化裂化装置
337.6,ST010237,℃,2026-03-02 08:00:00,95%回收温度,延炼100万吨/年催化裂化装置
206.6,ST010237,℃,2026-03-03 08:00:00,初馏点温度,延炼100万吨/年催化裂化装置
234.4,ST010237,℃,2026-03-03 08:00:00,10%回收温度,延炼100万吨/年催化裂化装置
276.5,ST010237,℃,2026-03-03 08:00:00,50%回收温度,延炼100万吨/年催化裂化装置
330.2,ST010237,℃,2026-03-03 08:00:00,90%回收温度,延炼100万吨/年催化裂化装置
341.4,ST010237,℃,2026-03-03 08:00:00,95%回收温度,延炼100万吨/年催化裂化装置
204.4,ST010237,℃,2026-03-04 08:00:00,初馏点温度,延炼100万吨/年催化裂化装置
233.0,ST010237,℃,2026-03-04 08:00:00,10%回收温度,延炼100万吨/年催化裂化装置
278.5,ST010237,℃,2026-03-04 08:00:00,50%回收温度,延炼100万吨/年催化裂化装置
336.2,ST010237,℃,2026-03-04 08:00:00,90%回收温度,延炼100万吨/年催化裂化装置
348.3,ST010237,℃,2026-03-04 08:00:00,95%回收温度,延炼100万吨/年催化裂化装置
206.2,ST010237,℃,2026-03-05 08:00:00,初馏点温度,延炼100万吨/年催化裂化装置
234.5,ST010237,℃,2026-03-05 08:00:00,10%回收温度,延炼100万吨/年催化裂化装置
280.2,ST010237,℃,2026-03-05 08:00:00,50%回收温度,延炼100万吨/年催化裂化装置
339.7,ST010237,℃,2026-03-05 08:00:00,90%回收温度,延炼100万吨/年催化裂化装置
351.9,ST010237,℃,2026-03-05 08:00:00,95%回收温度,延炼100万吨/年催化裂化装置
78.0,ST010237,℃,2026-03-05 08:00:00,闪点(闭口),延炼100万吨/年催化裂化装置
1719,ST010237,mg/kg,2026-03-05 08:00:00,硫含量,延炼100万吨/年催化裂化装置
-5,ST010237,℃,2026-03-05 08:00:00,凝点,延炼100万吨/年催化裂化装置
200.1,ST010237,℃,2026-03-06 08:00:00,初馏点温度,延炼100万吨/年催化裂化装置
230.6,ST010237,℃,2026-03-06 08:00:00,10%回收温度,延炼100万吨/年催化裂化装置
274.5,ST010237,℃,2026-03-06 08:00:00,50%回收温度,延炼100万吨/年催化裂化装置
334.8,ST010237,℃,2026-03-06 08:00:00,90%回收温度,延炼100万吨/年催化裂化装置
347.8,ST010237,℃,2026-03-06 08:00:00,95%回收温度,延炼100万吨/年催化裂化装置
206.5,ST010237,℃,2026-03-07 08:00:00,初馏点温度,延炼100万吨/年催化裂化装置
235.0,ST010237,℃,2026-03-07 08:00:00,10%回收温度,延炼100万吨/年催化裂化装置
281.9,ST010237,℃,2026-03-07 08:00:00,50%回收温度,延炼100万吨/年催化裂化装置
339.8,ST010237,℃,2026-03-07 08:00:00,90%回收温度,延炼100万吨/年催化裂化装置
351.5,ST010237,℃,2026-03-07 08:00:00,95%回收温度,延炼100万吨/年催化裂化装置
206.3,ST010237,℃,2026-03-08 08:00:00,初馏点温度,延炼100万吨/年催化裂化装置
234.9,ST010237,℃,2026-03-08 08:00:00,10%回收温度,延炼100万吨/年催化裂化装置
283.0,ST010237,℃,2026-03-08 08:00:00,50%回收温度,延炼100万吨/年催化裂化装置
340.6,ST010237,℃,2026-03-08 08:00:00,90%回收温度,延炼100万吨/年催化裂化装置
352.3,ST010237,℃,2026-03-08 08:00:00,95%回收温度,延炼100万吨/年催化裂化装置
206.2,ST010237,℃,2026-03-09 08:00:00,初馏点温度,延炼100万吨/年催化裂化装置
234.3,ST010237,℃,2026-03-09 08:00:00,10%回收温度,延炼100万吨/年催化裂化装置
281.1,ST010237,℃,2026-03-09 08:00:00,50%回收温度,延炼100万吨/年催化裂化装置
340.7,ST010237,℃,2026-03-09 08:00:00,90%回收温度,延炼100万吨/年催化裂化装置
353.1,ST010237,℃,2026-03-09 08:00:00,95%回收温度,延炼100万吨/年催化裂化装置
203.3,ST010237,℃,2026-03-10 08:00:00,初馏点温度,延炼100万吨/年催化裂化装置
233.0,ST010237,℃,2026-03-10 08:00:00,10%回收温度,延炼100万吨/年催化裂化装置
277.4,ST010237,℃,2026-03-10 08:00:00,50%回收温度,延炼100万吨/年催化裂化装置
336.6,ST010237,℃,2026-03-10 08:00:00,90%回收温度,延炼100万吨/年催化裂化装置
348.9,ST010237,℃,2026-03-10 08:00:00,95%回收温度,延炼100万吨/年催化裂化装置
202.6,ST010237,℃,2026-03-11 08:00:00,初馏点温度,延炼100万吨/年催化裂化装置
232.5,ST010237,℃,2026-03-11 08:00:00,10%回收温度,延炼100万吨/年催化裂化装置
278.5,ST010237,℃,2026-03-11 08:00:00,50%回收温度,延炼100万吨/年催化裂化装置
338.1,ST010237,℃,2026-03-11 08:00:00,90%回收温度,延炼100万吨/年催化裂化装置
350.1,ST010237,℃,2026-03-11 08:00:00,95%回收温度,延炼100万吨/年催化裂化装置
1534,ST010237,mg/kg,2026-03-12 08:00:00,硫含量,延炼100万吨/年催化裂化装置
202.6,ST010237,℃,2026-03-12 08:00:00,初馏点温度,延炼100万吨/年催化裂化装置
232.4,ST010237,℃,2026-03-12 08:00:00,10%回收温度,延炼100万吨/年催化裂化装置
278.5,ST010237,℃,2026-03-12 08:00:00,50%回收温度,延炼100万吨/年催化裂化装置
337.8,ST010237,℃,2026-03-12 08:00:00,90%回收温度,延炼100万吨/年催化裂化装置
350.0,ST010237,℃,2026-03-12 08:00:00,95%回收温度,延炼100万吨/年催化裂化装置
79.0,ST010237,℃,2026-03-12 08:00:00,闪点(闭口),延炼100万吨/年催化裂化装置
-5,ST010237,℃,2026-03-12 08:00:00,凝点,延炼100万吨/年催化裂化装置
208.3,ST010237,℃,2026-03-13 08:00:00,初馏点温度,延炼100万吨/年催化裂化装置
238.9,ST010237,℃,2026-03-13 08:00:00,10%回收温度,延炼100万吨/年催化裂化装置
282.9,ST010237,℃,2026-03-13 08:00:00,50%回收温度,延炼100万吨/年催化裂化装置
338.6,ST010237,℃,2026-03-13 08:00:00,90%回收温度,延炼100万吨/年催化裂化装置
349.7,ST010237,℃,2026-03-13 08:00:00,95%回收温度,延炼100万吨/年催化裂化装置
208.4,ST010237,℃,2026-03-14 08:00:00,初馏点温度,延炼100万吨/年催化裂化装置
237.6,ST010237,℃,2026-03-14 08:00:00,10%回收温度,延炼100万吨/年催化裂化装置
279.3,ST010237,℃,2026-03-14 08:00:00,50%回收温度,延炼100万吨/年催化裂化装置
335.8,ST010237,℃,2026-03-14 08:00:00,90%回收温度,延炼100万吨/年催化裂化装置
348.2,ST010237,℃,2026-03-14 08:00:00,95%回收温度,延炼100万吨/年催化裂化装置
210.7,ST010237,℃,2026-03-15 08:00:00,初馏点温度,延炼100万吨/年催化裂化装置
241.1,ST010237,℃,2026-03-15 08:00:00,10%回收温度,延炼100万吨/年催化裂化装置
284.0,ST010237,℃,2026-03-15 08:00:00,50%回收温度,延炼100万吨/年催化裂化装置
337.2,ST010237,℃,2026-03-15 08:00:00,90%回收温度,延炼100万吨/年催化裂化装置
348.5,ST010237,℃,2026-03-15 08:00:00,95%回收温度,延炼100万吨/年催化裂化装置
209.3,ST010237,℃,2026-03-16 08:00:00,初馏点温度,延炼100万吨/年催化裂化装置
237.2,ST010237,℃,2026-03-16 08:00:00,10%回收温度,延炼100万吨/年催化裂化装置
278.6,ST010237,℃,2026-03-16 08:00:00,50%回收温度,延炼100万吨/年催化裂化装置
335.7,ST010237,℃,2026-03-16 08:00:00,90%回收温度,延炼100万吨/年催化裂化装置
348.2,ST010237,℃,2026-03-16 08:00:00,95%回收温度,延炼100万吨/年催化裂化装置
212.1,ST010237,℃,2026-03-17 08:00:00,初馏点温度,延炼100万吨/年催化裂化装置
240.8,ST010237,℃,2026-03-17 08:00:00,10%回收温度,延炼100万吨/年催化裂化装置
280.0,ST010237,℃,2026-03-17 08:00:00,50%回收温度,延炼100万吨/年催化裂化装置
342.1,ST010237,℃,2026-03-17 08:00:00,90%回收温度,延炼100万吨/年催化裂化装置
352.8,ST010237,℃,2026-03-17 08:00:00,95%回收温度,延炼100万吨/年催化裂化装置
219.3,ST010237,℃,2026-03-18 08:00:00,初馏点温度,延炼100万吨/年催化裂化装置
248.9,ST010237,℃,2026-03-18 08:00:00,10%回收温度,延炼100万吨/年催化裂化装置
293.7,ST010237,℃,2026-03-18 08:00:00,50%回收温度,延炼100万吨/年催化裂化装置
347.1,ST010237,℃,2026-03-18 08:00:00,90%回收温度,延炼100万吨/年催化裂化装置
359.2,ST010237,℃,2026-03-18 08:00:00,95%回收温度,延炼100万吨/年催化裂化装置
212.5,ST010237,℃,2026-03-19 08:00:00,初馏点温度,延炼100万吨/年催化裂化装置
242.3,ST010237,℃,2026-03-19 08:00:00,10%回收温度,延炼100万吨/年催化裂化装置
284.0,ST010237,℃,2026-03-19 08:00:00,50%回收温度,延炼100万吨/年催化裂化装置
334.8,ST010237,℃,2026-03-19 08:00:00,90%回收温度,延炼100万吨/年催化裂化装置
346.3,ST010237,℃,2026-03-19 08:00:00,95%回收温度,延炼100万吨/年催化裂化装置
91.5,ST010237,℃,2026-03-19 08:00:00,闪点(闭口),延炼100万吨/年催化裂化装置
2193,ST010237,mg/kg,2026-03-19 08:00:00,硫含量,延炼100万吨/年催化裂化装置
-6,ST010237,℃,2026-03-19 08:00:00,凝点,延炼100万吨/年催化裂化装置
210.9,ST010237,℃,2026-03-20 08:00:00,初馏点温度,延炼100万吨/年催化裂化装置
241.2,ST010237,℃,2026-03-20 08:00:00,10%回收温度,延炼100万吨/年催化裂化装置
281.5,ST010237,℃,2026-03-20 08:00:00,50%回收温度,延炼100万吨/年催化裂化装置
331.1,ST010237,℃,2026-03-20 08:00:00,90%回收温度,延炼100万吨/年催化裂化装置
341.7,ST010237,℃,2026-03-20 08:00:00,95%回收温度,延炼100万吨/年催化裂化装置
207.7,ST010237,℃,2026-03-21 08:00:00,初馏点温度,延炼100万吨/年催化裂化装置
236.9,ST010237,℃,2026-03-21 08:00:00,10%回收温度,延炼100万吨/年催化裂化装置
274.5,ST010237,℃,2026-03-21 08:00:00,50%回收温度,延炼100万吨/年催化裂化装置
322.9,ST010237,℃,2026-03-21 08:00:00,90%回收温度,延炼100万吨/年催化裂化装置
333.3,ST010237,℃,2026-03-21 08:00:00,95%回收温度,延炼100万吨/年催化裂化装置
211.7,ST010237,℃,2026-03-22 08:00:00,初馏点温度,延炼100万吨/年催化裂化装置
243.1,ST010237,℃,2026-03-22 08:00:00,10%回收温度,延炼100万吨/年催化裂化装置
288.9,ST010237,℃,2026-03-22 08:00:00,50%回收温度,延炼100万吨/年催化裂化装置
348.6,ST010237,℃,2026-03-22 08:00:00,90%回收温度,延炼100万吨/年催化裂化装置
361.4,ST010237,℃,2026-03-22 08:00:00,95%回收温度,延炼100万吨/年催化裂化装置
208.1,ST010237,℃,2026-03-23 08:00:00,初馏点温度,延炼100万吨/年催化裂化装置
237.4,ST010237,℃,2026-03-23 08:00:00,10%回收温度,延炼100万吨/年催化裂化装置
277.1,ST010237,℃,2026-03-23 08:00:00,50%回收温度,延炼100万吨/年催化裂化装置
327.5,ST010237,℃,2026-03-23 08:00:00,90%回收温度,延炼100万吨/年催化裂化装置
338.1,ST010237,℃,2026-03-23 08:00:00,95%回收温度,延炼100万吨/年催化裂化装置
209.3,ST010237,℃,2026-03-24 08:00:00,初馏点温度,延炼100万吨/年催化裂化装置
239.8,ST010237,℃,2026-03-24 08:00:00,10%回收温度,延炼100万吨/年催化裂化装置
288.4,ST010237,℃,2026-03-24 08:00:00,50%回收温度,延炼100万吨/年催化裂化装置
348.2,ST010237,℃,2026-03-24 08:00:00,90%回收温度,延炼100万吨/年催化裂化装置
362.3,ST010237,℃,2026-03-24 08:00:00,95%回收温度,延炼100万吨/年催化裂化装置
207.9,ST010237,℃,2026-03-25 08:00:00,初馏点温度,延炼100万吨/年催化裂化装置
235.6,ST010237,℃,2026-03-25 08:00:00,10%回收温度,延炼100万吨/年催化裂化装置
276.9,ST010237,℃,2026-03-25 08:00:00,50%回收温度,延炼100万吨/年催化裂化装置
323.5,ST010237,℃,2026-03-25 08:00:00,90%回收温度,延炼100万吨/年催化裂化装置
333.2,ST010237,℃,2026-03-25 08:00:00,95%回收温度,延炼100万吨/年催化裂化装置
207.1,ST010237,℃,2026-03-26 08:00:00,初馏点温度,延炼100万吨/年催化裂化装置
234.4,ST010237,℃,2026-03-26 08:00:00,10%回收温度,延炼100万吨/年催化裂化装置
277.2,ST010237,℃,2026-03-26 08:00:00,50%回收温度,延炼100万吨/年催化裂化装置
335.9,ST010237,℃,2026-03-26 08:00:00,90%回收温度,延炼100万吨/年催化裂化装置
348.8,ST010237,℃,2026-03-26 08:00:00,95%回收温度,延炼100万吨/年催化裂化装置
83.5,ST010237,℃,2026-03-26 08:00:00,闪点(闭口),延炼100万吨/年催化裂化装置
-7,ST010237,℃,2026-03-26 08:00:00,凝点,延炼100万吨/年催化裂化装置
1250,ST010237,mg/kg,2026-03-26 08:00:00,硫含量,延炼100万吨/年催化裂化装置
208.5,ST010237,℃,2026-03-27 08:00:00,初馏点温度,延炼100万吨/年催化裂化装置
254.0,ST010237,℃,2026-03-27 08:00:00,10%回收温度,延炼100万吨/年催化裂化装置
282.6,ST010237,℃,2026-03-27 08:00:00,50%回收温度,延炼100万吨/年催化裂化装置
338.7,ST010237,℃,2026-03-27 08:00:00,90%回收温度,延炼100万吨/年催化裂化装置
351.0,ST010237,℃,2026-03-27 08:00:00,95%回收温度,延炼100万吨/年催化裂化装置
208.9,ST010237,℃,2026-03-28 08:00:00,初馏点温度,延炼100万吨/年催化裂化装置
236.2,ST010237,℃,2026-03-28 08:00:00,10%回收温度,延炼100万吨/年催化裂化装置
287.3,ST010237,℃,2026-03-28 08:00:00,50%回收温度,延炼100万吨/年催化裂化装置
352.2,ST010237,℃,2026-03-28 08:00:00,90%回收温度,延炼100万吨/年催化裂化装置
367.1,ST010237,℃,2026-03-28 08:00:00,95%回收温度,延炼100万吨/年催化裂化装置
206.8,ST010237,℃,2026-03-29 08:00:00,初馏点温度,延炼100万吨/年催化裂化装置
233.9,ST010237,℃,2026-03-29 08:00:00,10%回收温度,延炼100万吨/年催化裂化装置
275.7,ST010237,℃,2026-03-29 08:00:00,50%回收温度,延炼100万吨/年催化裂化装置
332.1,ST010237,℃,2026-03-29 08:00:00,90%回收温度,延炼100万吨/年催化裂化装置
344.7,ST010237,℃,2026-03-29 08:00:00,95%回收温度,延炼100万吨/年催化裂化装置
207.5,ST010237,℃,2026-03-30 08:00:00,初馏点温度,延炼100万吨/年催化裂化装置
234.7,ST010237,℃,2026-03-30 08:00:00,10%回收温度,延炼100万吨/年催化裂化装置
280.0,ST010237,℃,2026-03-30 08:00:00,50%回收温度,延炼100万吨/年催化裂化装置
337.1,ST010237,℃,2026-03-30 08:00:00,90%回收温度,延炼100万吨/年催化裂化装置
349.1,ST010237,℃,2026-03-30 08:00:00,95%回收温度,延炼100万吨/年催化裂化装置
207.1,ST010237,℃,2026-03-31 08:00:00,初馏点温度,延炼100万吨/年催化裂化装置
234.2,ST010237,℃,2026-03-31 08:00:00,10%回收温度,延炼100万吨/年催化裂化装置
281.0,ST010237,℃,2026-03-31 08:00:00,50%回收温度,延炼100万吨/年催化裂化装置
340.7,ST010237,℃,2026-03-31 08:00:00,90%回收温度,延炼100万吨/年催化裂化装置
352.9,ST010237,℃,2026-03-31 08:00:00,95%回收温度,延炼100万吨/年催化裂化装置
208.5,ST010237,℃,2026-04-01 08:00:00,初馏点温度,延炼100万吨/年催化裂化装置
236.0,ST010237,℃,2026-04-01 08:00:00,10%回收温度,延炼100万吨/年催化裂化装置
286.8,ST010237,℃,2026-04-01 08:00:00,50%回收温度,延炼100万吨/年催化裂化装置
353.3,ST010237,℃,2026-04-01 08:00:00,90%回收温度,延炼100万吨/年催化裂化装置
369.0,ST010237,℃,2026-04-01 08:00:00,95%回收温度,延炼100万吨/年催化裂化装置
901.5,ST010237,<p>kg/m<sup>3</sup></p>,2026-04-01 08:00:00,密度(20℃),延炼100万吨/年催化裂化装置
203.4,ST010237,℃,2026-04-02 08:00:00,初馏点温度,延炼100万吨/年催化裂化装置
230.0,ST010237,℃,2026-04-02 08:00:00,10%回收温度,延炼100万吨/年催化裂化装置
266.5,ST010237,℃,2026-04-02 08:00:00,50%回收温度,延炼100万吨/年催化裂化装置
314.5,ST010237,℃,2026-04-02 08:00:00,90%回收温度,延炼100万吨/年催化裂化装置
326.2,ST010237,℃,2026-04-02 08:00:00,95%回收温度,延炼100万吨/年催化裂化装置
78.0,ST010237,℃,2026-04-02 08:00:00,闪点(闭口),延炼100万吨/年催化裂化装置
-17,ST010237,℃,2026-04-02 08:00:00,凝点,延炼100万吨/年催化裂化装置
1305,ST010237,mg/kg,2026-04-02 08:00:00,硫含量,延炼100万吨/年催化裂化装置
209.5,ST010237,℃,2026-04-03 08:00:00,初馏点温度,延炼100万吨/年催化裂化装置
238.2,ST010237,℃,2026-04-03 08:00:00,10%回收温度,延炼100万吨/年催化裂化装置
287.3,ST010237,℃,2026-04-03 08:00:00,50%回收温度,延炼100万吨/年催化裂化装置
342.7,ST010237,℃,2026-04-03 08:00:00,90%回收温度,延炼100万吨/年催化裂化装置
353.7,ST010237,℃,2026-04-03 08:00:00,95%回收温度,延炼100万吨/年催化裂化装置
204.7,ST010237,℃,2026-04-04 08:00:00,初馏点温度,延炼100万吨/年催化裂化装置
231.7,ST010237,℃,2026-04-04 08:00:00,10%回收温度,延炼100万吨/年催化裂化装置
273.0,ST010237,℃,2026-04-04 08:00:00,50%回收温度,延炼100万吨/年催化裂化装置
328.5,ST010237,℃,2026-04-04 08:00:00,90%回收温度,延炼100万吨/年催化裂化装置
340.6,ST010237,℃,2026-04-04 08:00:00,95%回收温度,延炼100万吨/年催化裂化装置
230.8,ST010237,℃,2026-04-05 08:00:00,10%回收温度,延炼100万吨/年催化裂化装置
270.1,ST010237,℃,2026-04-05 08:00:00,50%回收温度,延炼100万吨/年催化裂化装置
323.8,ST010237,℃,2026-04-05 08:00:00,90%回收温度,延炼100万吨/年催化裂化装置
204.3,ST010237,℃,2026-04-05 08:00:00,初馏点温度,延炼100万吨/年催化裂化装置
336.1,ST010237,℃,2026-04-05 08:00:00,95%回收温度,延炼100万吨/年催化裂化装置
206.8,ST010237,℃,2026-04-06 08:00:00,初馏点温度,延炼100万吨/年催化裂化装置
233.9,ST010237,℃,2026-04-06 08:00:00,10%回收温度,延炼100万吨/年催化裂化装置
276.0,ST010237,℃,2026-04-06 08:00:00,50%回收温度,延炼100万吨/年催化裂化装置
326.5,ST010237,℃,2026-04-06 08:00:00,90%回收温度,延炼100万吨/年催化裂化装置
336.6,ST010237,℃,2026-04-06 08:00:00,95%回收温度,延炼100万吨/年催化裂化装置
203.4,ST010237,℃,2026-04-07 08:00:00,初馏点温度,延炼100万吨/年催化裂化装置
229.4,ST010237,℃,2026-04-07 08:00:00,10%回收温度,延炼100万吨/年催化裂化装置
270.4,ST010237,℃,2026-04-07 08:00:00,50%回收温度,延炼100万吨/年催化裂化装置
324.0,ST010237,℃,2026-04-07 08:00:00,90%回收温度,延炼100万吨/年催化裂化装置
336.0,ST010237,℃,2026-04-07 08:00:00,95%回收温度,延炼100万吨/年催化裂化装置
205.1,ST010237,℃,2026-04-08 08:00:00,初馏点温度,延炼100万吨/年催化裂化装置
232.1,ST010237,℃,2026-04-08 08:00:00,10%回收温度,延炼100万吨/年催化裂化装置
272.9,ST010237,℃,2026-04-08 08:00:00,50%回收温度,延炼100万吨/年催化裂化装置
325.4,ST010237,℃,2026-04-08 08:00:00,90%回收温度,延炼100万吨/年催化裂化装置
336.9,ST010237,℃,2026-04-08 08:00:00,95%回收温度,延炼100万吨/年催化裂化装置
86.0,ST010237,℃,2026-04-09 08:00:00,闪点(闭口),延炼100万吨/年催化裂化装置
1830,ST010237,mg/kg,2026-04-09 08:00:00,硫含量,延炼100万吨/年催化裂化装置
205.7,ST010237,℃,2026-04-09 08:00:00,初馏点温度,延炼100万吨/年催化裂化装置
232.7,ST010237,℃,2026-04-09 08:00:00,10%回收温度,延炼100万吨/年催化裂化装置
275.9,ST010237,℃,2026-04-09 08:00:00,50%回收温度,延炼100万吨/年催化裂化装置
328.8,ST010237,℃,2026-04-09 08:00:00,90%回收温度,延炼100万吨/年催化裂化装置
339.5,ST010237,℃,2026-04-09 08:00:00,95%回收温度,延炼100万吨/年催化裂化装置
-10,ST010237,℃,2026-04-09 08:00:00,凝点,延炼100万吨/年催化裂化装置
204.1,ST010237,℃,2026-04-10 08:00:00,初馏点温度,延炼100万吨/年催化裂化装置
230.0,ST010237,℃,2026-04-10 08:00:00,10%回收温度,延炼100万吨/年催化裂化装置
272.1,ST010237,℃,2026-04-10 08:00:00,50%回收温度,延炼100万吨/年催化裂化装置
325.6,ST010237,℃,2026-04-10 08:00:00,90%回收温度,延炼100万吨/年催化裂化装置
336.7,ST010237,℃,2026-04-10 08:00:00,95%回收温度,延炼100万吨/年催化裂化装置
208.9,ST010237,℃,2026-04-11 08:00:00,初馏点温度,延炼100万吨/年催化裂化装置
234.9,ST010237,℃,2026-04-11 08:00:00,10%回收温度,延炼100万吨/年催化裂化装置
376.9,ST010237,℃,2026-04-11 08:00:00,50%回收温度,延炼100万吨/年催化裂化装置
321.0,ST010237,℃,2026-04-11 08:00:00,90%回收温度,延炼100万吨/年催化裂化装置
332.6,ST010237,℃,2026-04-11 08:00:00,95%回收温度,延炼100万吨/年催化裂化装置
204.4,ST010237,℃,2026-04-12 08:00:00,初馏点温度,延炼100万吨/年催化裂化装置
229.4,ST010237,℃,2026-04-12 08:00:00,10%回收温度,延炼100万吨/年催化裂化装置
259.6,ST010237,℃,2026-04-12 08:00:00,50%回收温度,延炼100万吨/年催化裂化装置
311.5,ST010237,℃,2026-04-12 08:00:00,90%回收温度,延炼100万吨/年催化裂化装置
324.8,ST010237,℃,2026-04-12 08:00:00,95%回收温度,延炼100万吨/年催化裂化装置
207.9,ST010237,℃,2026-04-13 08:00:00,初馏点温度,延炼100万吨/年催化裂化装置
234.7,ST010237,℃,2026-04-13 08:00:00,10%回收温度,延炼100万吨/年催化裂化装置
274.1,ST010237,℃,2026-04-13 08:00:00,50%回收温度,延炼100万吨/年催化裂化装置
319.4,ST010237,℃,2026-04-13 08:00:00,90%回收温度,延炼100万吨/年催化裂化装置
328.6,ST010237,℃,2026-04-13 08:00:00,95%回收温度,延炼100万吨/年催化裂化装置
209.5,ST010237,℃,2026-04-14 08:00:00,初馏点温度,延炼100万吨/年催化裂化装置
235.8,ST010237,℃,2026-04-14 08:00:00,10%回收温度,延炼100万吨/年催化裂化装置
275.0,ST010237,℃,2026-04-14 08:00:00,50%回收温度,延炼100万吨/年催化裂化装置
321.5,ST010237,℃,2026-04-14 08:00:00,90%回收温度,延炼100万吨/年催化裂化装置
331.1,ST010237,℃,2026-04-14 08:00:00,95%回收温度,延炼100万吨/年催化裂化装置
212.0,ST010237,℃,2026-04-15 08:00:00,初馏点温度,延炼100万吨/年催化裂化装置
239.6,ST010237,℃,2026-04-15 08:00:00,10%回收温度,延炼100万吨/年催化裂化装置
280.7,ST010237,℃,2026-04-15 08:00:00,50%回收温度,延炼100万吨/年催化裂化装置
325.0,ST010237,℃,2026-04-15 08:00:00,90%回收温度,延炼100万吨/年催化裂化装置
333.6,ST010237,℃,2026-04-15 08:00:00,95%回收温度,延炼100万吨/年催化裂化装置
212.9,ST010237,℃,2026-04-16 08:00:00,初馏点温度,延炼100万吨/年催化裂化装置
238.9,ST010237,℃,2026-04-16 08:00:00,10%回收温度,延炼100万吨/年催化裂化装置
279.0,ST010237,℃,2026-04-16 08:00:00,50%回收温度,延炼100万吨/年催化裂化装置
323.1,ST010237,℃,2026-04-16 08:00:00,90%回收温度,延炼100万吨/年催化裂化装置
331.4,ST010237,℃,2026-04-16 08:00:00,95%回收温度,延炼100万吨/年催化裂化装置
91.5,ST010237,℃,2026-04-16 08:00:00,闪点(闭口),延炼100万吨/年催化裂化装置
-12,ST010237,℃,2026-04-16 08:00:00,凝点,延炼100万吨/年催化裂化装置
1598,ST010237,mg/kg,2026-04-16 08:00:00,硫含量,延炼100万吨/年催化裂化装置
210.3,ST010237,℃,2026-04-17 08:00:00,初馏点温度,延炼100万吨/年催化裂化装置
237.5,ST010237,℃,2026-04-17 08:00:00,10%回收温度,延炼100万吨/年催化裂化装置
275.4,ST010237,℃,2026-04-17 08:00:00,50%回收温度,延炼100万吨/年催化裂化装置
320.6,ST010237,℃,2026-04-17 08:00:00,90%回收温度,延炼100万吨/年催化裂化装置
329.8,ST010237,℃,2026-04-17 08:00:00,95%回收温度,延炼100万吨/年催化裂化装置
209.5,ST010237,℃,2026-04-18 08:00:00,初馏点温度,延炼100万吨/年催化裂化装置
235.8,ST010237,℃,2026-04-18 08:00:00,10%回收温度,延炼100万吨/年催化裂化装置
276.4,ST010237,℃,2026-04-18 08:00:00,50%回收温度,延炼100万吨/年催化裂化装置
324.5,ST010237,℃,2026-04-18 08:00:00,90%回收温度,延炼100万吨/年催化裂化装置
333.6,ST010237,℃,2026-04-18 08:00:00,95%回收温度,延炼100万吨/年催化裂化装置
209.5,ST010237,℃,2026-04-19 08:00:00,初馏点温度,延炼100万吨/年催化裂化装置
235.3,ST010237,℃,2026-04-19 08:00:00,10%回收温度,延炼100万吨/年催化裂化装置
278.2,ST010237,℃,2026-04-19 08:00:00,50%回收温度,延炼100万吨/年催化裂化装置
326.9,ST010237,℃,2026-04-19 08:00:00,90%回收温度,延炼100万吨/年催化裂化装置
336.7,ST010237,℃,2026-04-19 08:00:00,95%回收温度,延炼100万吨/年催化裂化装置
213.1,ST010237,℃,2026-04-20 08:00:00,初馏点温度,延炼100万吨/年催化裂化装置
238.8,ST010237,℃,2026-04-20 08:00:00,10%回收温度,延炼100万吨/年催化裂化装置
281.5,ST010237,℃,2026-04-20 08:00:00,50%回收温度,延炼100万吨/年催化裂化装置
328.2,ST010237,℃,2026-04-20 08:00:00,90%回收温度,延炼100万吨/年催化裂化装置
337.8,ST010237,℃,2026-04-20 08:00:00,95%回收温度,延炼100万吨/年催化裂化装置
208.1,ST010237,℃,2026-04-21 08:00:00,初馏点温度,延炼100万吨/年催化裂化装置
234.5,ST010237,℃,2026-04-21 08:00:00,10%回收温度,延炼100万吨/年催化裂化装置
272.6,ST010237,℃,2026-04-21 08:00:00,50%回收温度,延炼100万吨/年催化裂化装置
317.2,ST010237,℃,2026-04-21 08:00:00,90%回收温度,延炼100万吨/年催化裂化装置
327.0,ST010237,℃,2026-04-21 08:00:00,95%回收温度,延炼100万吨/年催化裂化装置
213.6,ST010237,℃,2026-04-22 08:00:00,初馏点温度,延炼100万吨/年催化裂化装置
239.3,ST010237,℃,2026-04-22 08:00:00,10%回收温度,延炼100万吨/年催化裂化装置
278.0,ST010237,℃,2026-04-22 08:00:00,50%回收温度,延炼100万吨/年催化裂化装置
318.8,ST010237,℃,2026-04-22 08:00:00,90%回收温度,延炼100万吨/年催化裂化装置
327.2,ST010237,℃,2026-04-22 08:00:00,95%回收温度,延炼100万吨/年催化裂化装置
1511,ST010237,mg/kg,2026-04-23 08:00:00,硫含量,延炼100万吨/年催化裂化装置
208.7,ST010237,℃,2026-04-23 08:00:00,初馏点温度,延炼100万吨/年催化裂化装置
234.8,ST010237,℃,2026-04-23 08:00:00,10%回收温度,延炼100万吨/年催化裂化装置
273.0,ST010237,℃,2026-04-23 08:00:00,50%回收温度,延炼100万吨/年催化裂化装置
321.7,ST010237,℃,2026-04-23 08:00:00,90%回收温度,延炼100万吨/年催化裂化装置
331.8,ST010237,℃,2026-04-23 08:00:00,95%回收温度,延炼100万吨/年催化裂化装置
89.5,ST010237,℃,2026-04-23 08:00:00,闪点(闭口),延炼100万吨/年催化裂化装置
-12,ST010237,℃,2026-04-23 08:00:00,凝点,延炼100万吨/年催化裂化装置
214.6,ST010237,℃,2026-04-24 08:00:00,初馏点温度,延炼100万吨/年催化裂化装置
238.8,ST010237,℃,2026-04-24 08:00:00,10%回收温度,延炼100万吨/年催化裂化装置
281.0,ST010237,℃,2026-04-24 08:00:00,50%回收温度,延炼100万吨/年催化裂化装置
328.1,ST010237,℃,2026-04-24 08:00:00,90%回收温度,延炼100万吨/年催化裂化装置
337.9,ST010237,℃,2026-04-24 08:00:00,95%回收温度,延炼100万吨/年催化裂化装置
208.7,ST010237,℃,2026-04-25 08:00:00,初馏点温度,延炼100万吨/年催化裂化装置
235.1,ST010237,℃,2026-04-25 08:00:00,10%回收温度,延炼100万吨/年催化裂化装置
273.5,ST010237,℃,2026-04-25 08:00:00,50%回收温度,延炼100万吨/年催化裂化装置
322.9,ST010237,℃,2026-04-25 08:00:00,90%回收温度,延炼100万吨/年催化裂化装置
333.3,ST010237,℃,2026-04-25 08:00:00,95%回收温度,延炼100万吨/年催化裂化装置
212.4,ST010237,℃,2026-04-26 08:00:00,初馏点温度,延炼100万吨/年催化裂化装置
238.7,ST010237,℃,2026-04-26 08:00:00,10%回收温度,延炼100万吨/年催化裂化装置
269.2,ST010237,℃,2026-04-26 08:00:00,50%回收温度,延炼100万吨/年催化裂化装置
307.5,ST010237,℃,2026-04-26 08:00:00,90%回收温度,延炼100万吨/年催化裂化装置
316.4,ST010237,℃,2026-04-26 08:00:00,95%回收温度,延炼100万吨/年催化裂化装置
