result,sampleDotCode,unitName,sampleTime,resultName,deviceName
3.00,ST040127,<p>ppm</p>,2025-05-01 08:00:00,硫含量,延化180万吨/年汽油精制装置
<0.5,ST040127,<p>mg/100mL</p>,2025-05-01 08:00:00,未洗胶质,延化180万吨/年汽油精制装置
1,ST040127,级,2025-05-01 08:00:00,铜片腐蚀(50℃，3h),延化180万吨/年汽油精制装置
63.2,ST040127,<p>kPa</p>,2025-05-01 08:00:00,饱和蒸汽压(X),延化180万吨/年汽油精制装置
24.0,ST040127,%（v/v) ,2025-05-01 08:00:00,烯烃含量,延化180万吨/年汽油精制装置
15.3,ST040127,%（v/v) ,2025-05-01 08:00:00,芳烃含量,延化180万吨/年汽油精制装置
60.7,ST040127,%（v/v) ,2025-05-01 08:00:00,烷烃含量,延化180万吨/年汽油精制装置
43.9,ST040127,℃,2025-05-01 08:00:00,10%平均蒸发温度T10%,延化180万吨/年汽油精制装置
715.6,ST040127,<p>kg/m<sup>3</sup></p>,2025-05-01 08:00:00,密度(20℃),延化180万吨/年汽油精制装置
45.00,ST040127,<p>gBr/100g</p>,2025-05-01 08:00:00,溴价 gBr/100g,延化180万吨/年汽油精制装置
36.3,ST040127,℃,2025-05-01 08:00:00,初馏点蒸发温度 TIBP,延化180万吨/年汽油精制装置
70.3,ST040127,℃,2025-05-01 08:00:00,50%平均蒸发温度T50%,延化180万吨/年汽油精制装置
0.8,ST040127,<p>%</p>,2025-05-01 08:00:00,平均残留百分数(B),延化180万吨/年汽油精制装置
149.9,ST040127,℃,2025-05-01 08:00:00,90%平均蒸发温度T90%,延化180万吨/年汽油精制装置
177.3,ST040127,℃,2025-05-01 08:00:00,终馏点蒸发温度TFBP,延化180万吨/年汽油精制装置
98.0,ST040127,<p>%</p>,2025-05-01 08:00:00,全馏,延化180万吨/年汽油精制装置
3.00,ST040127,<p>ppm</p>,2025-05-01 15:30:00,硫含量,延化180万吨/年汽油精制装置
2.00,ST040127,<p>ppm</p>,2025-05-01 20:00:00,硫含量,延化180万吨/年汽油精制装置
159.3,ST040127,℃,2025-05-02 08:00:00,90%平均蒸发温度T90%,延化180万吨/年汽油精制装置
35.6,ST040127,℃,2025-05-02 08:00:00,初馏点蒸发温度 TIBP,延化180万吨/年汽油精制装置
98.0,ST040127,<p>%</p>,2025-05-02 08:00:00,全馏,延化180万吨/年汽油精制装置
47.7,ST040127,℃,2025-05-02 08:00:00,10%平均蒸发温度T10%,延化180万吨/年汽油精制装置
85.9,ST040127,℃,2025-05-02 08:00:00,50%平均蒸发温度T50%,延化180万吨/年汽油精制装置
3.00,ST040127,<p>ppm</p>,2025-05-02 08:00:00,硫含量,延化180万吨/年汽油精制装置
185.3,ST040127,℃,2025-05-02 08:00:00,终馏点蒸发温度TFBP,延化180万吨/年汽油精制装置
0.8,ST040127,<p>%</p>,2025-05-02 08:00:00,平均残留百分数(B),延化180万吨/年汽油精制装置
716.2,ST040127,<p>kg/m<sup>3</sup></p>,2025-05-02 08:00:00,密度(20℃),延化180万吨/年汽油精制装置
50.00,ST040127,<p>gBr/100g</p>,2025-05-02 08:00:00,溴价 gBr/100g,延化180万吨/年汽油精制装置
3.00,ST040127,<p>ppm</p>,2025-05-02 20:00:00,硫含量,延化180万吨/年汽油精制装置
98.0,ST040127,<p>%</p>,2025-05-03 08:00:00,全馏,延化180万吨/年汽油精制装置
715.7,ST040127,<p>kg/m<sup>3</sup></p>,2025-05-03 08:00:00,密度(20℃),延化180万吨/年汽油精制装置
48.00,ST040127,<p>gBr/100g</p>,2025-05-03 08:00:00,溴价 gBr/100g,延化180万吨/年汽油精制装置
43.6,ST040127,℃,2025-05-03 08:00:00,10%平均蒸发温度T10%,延化180万吨/年汽油精制装置
74.3,ST040127,℃,2025-05-03 08:00:00,50%平均蒸发温度T50%,延化180万吨/年汽油精制装置
151.9,ST040127,℃,2025-05-03 08:00:00,90%平均蒸发温度T90%,延化180万吨/年汽油精制装置
179.1,ST040127,℃,2025-05-03 08:00:00,终馏点蒸发温度TFBP,延化180万吨/年汽油精制装置
0.8,ST040127,<p>%</p>,2025-05-03 08:00:00,平均残留百分数(B),延化180万吨/年汽油精制装置
33.0,ST040127,℃,2025-05-03 08:00:00,初馏点蒸发温度 TIBP,延化180万吨/年汽油精制装置
3.00,ST040127,<p>ppm</p>,2025-05-03 08:00:00,硫含量,延化180万吨/年汽油精制装置
2.00,ST040127,<p>ppm</p>,2025-05-03 20:00:00,硫含量,延化180万吨/年汽油精制装置
159.3,ST040127,℃,2025-05-04 08:00:00,90%平均蒸发温度T90%,延化180万吨/年汽油精制装置
716.6,ST040127,<p>kg/m<sup>3</sup></p>,2025-05-04 08:00:00,密度(20℃),延化180万吨/年汽油精制装置
50.00,ST040127,<p>gBr/100g</p>,2025-05-04 08:00:00,溴价 gBr/100g,延化180万吨/年汽油精制装置
29.7,ST040127,℃,2025-05-04 08:00:00,初馏点蒸发温度 TIBP,延化180万吨/年汽油精制装置
47.5,ST040127,℃,2025-05-04 08:00:00,10%平均蒸发温度T10%,延化180万吨/年汽油精制装置
82.6,ST040127,℃,2025-05-04 08:00:00,50%平均蒸发温度T50%,延化180万吨/年汽油精制装置
184.3,ST040127,℃,2025-05-04 08:00:00,终馏点蒸发温度TFBP,延化180万吨/年汽油精制装置
98.0,ST040127,<p>%</p>,2025-05-04 08:00:00,全馏,延化180万吨/年汽油精制装置
0.8,ST040127,<p>%</p>,2025-05-04 08:00:00,平均残留百分数(B),延化180万吨/年汽油精制装置
3.00,ST040127,<p>ppm</p>,2025-05-04 08:00:00,硫含量,延化180万吨/年汽油精制装置
3.00,ST040127,<p>ppm</p>,2025-05-04 20:00:00,硫含量,延化180万吨/年汽油精制装置
89.4,ST040127,℃,2025-05-05 08:00:00,50%平均蒸发温度T50%,延化180万吨/年汽油精制装置
0.8,ST040127,<p>%</p>,2025-05-05 08:00:00,平均残留百分数(B),延化180万吨/年汽油精制装置
716.5,ST040127,<p>kg/m<sup>3</sup></p>,2025-05-05 08:00:00,密度(20℃),延化180万吨/年汽油精制装置
29.4,ST040127,℃,2025-05-05 08:00:00,初馏点蒸发温度 TIBP,延化180万吨/年汽油精制装置
48.9,ST040127,℃,2025-05-05 08:00:00,10%平均蒸发温度T10%,延化180万吨/年汽油精制装置
54.00,ST040127,<p>gBr/100g</p>,2025-05-05 08:00:00,溴价 gBr/100g,延化180万吨/年汽油精制装置
164.2,ST040127,℃,2025-05-05 08:00:00,90%平均蒸发温度T90%,延化180万吨/年汽油精制装置
189.1,ST040127,℃,2025-05-05 08:00:00,终馏点蒸发温度TFBP,延化180万吨/年汽油精制装置
98.0,ST040127,<p>%</p>,2025-05-05 08:00:00,全馏,延化180万吨/年汽油精制装置
3.00,ST040127,<p>ppm</p>,2025-05-05 08:00:00,硫含量,延化180万吨/年汽油精制装置
87.4,ST040127,,2025-05-05 08:00:00,研究法辛烷值(RON),延化180万吨/年汽油精制装置
3.00,ST040127,<p>ppm</p>,2025-05-05 20:00:00,硫含量,延化180万吨/年汽油精制装置
82.2,ST040127,℃,2025-05-06 08:00:00,50%平均蒸发温度T50%,延化180万吨/年汽油精制装置
716.0,ST040127,<p>kg/m<sup>3</sup></p>,2025-05-06 08:00:00,密度(20℃),延化180万吨/年汽油精制装置
52.00,ST040127,<p>gBr/100g</p>,2025-05-06 08:00:00,溴价 gBr/100g,延化180万吨/年汽油精制装置
29.7,ST040127,℃,2025-05-06 08:00:00,初馏点蒸发温度 TIBP,延化180万吨/年汽油精制装置
47.1,ST040127,℃,2025-05-06 08:00:00,10%平均蒸发温度T10%,延化180万吨/年汽油精制装置
3.00,ST040127,<p>ppm</p>,2025-05-06 08:00:00,硫含量,延化180万吨/年汽油精制装置
159.7,ST040127,℃,2025-05-06 08:00:00,90%平均蒸发温度T90%,延化180万吨/年汽油精制装置
185.0,ST040127,℃,2025-05-06 08:00:00,终馏点蒸发温度TFBP,延化180万吨/年汽油精制装置
98.0,ST040127,<p>%</p>,2025-05-06 08:00:00,全馏,延化180万吨/年汽油精制装置
0.8,ST040127,<p>%</p>,2025-05-06 08:00:00,平均残留百分数(B),延化180万吨/年汽油精制装置
3.00,ST040127,<p>ppm</p>,2025-05-06 20:00:00,硫含量,延化180万吨/年汽油精制装置
36.5,ST040127,℃,2025-05-07 08:00:00,初馏点蒸发温度 TIBP,延化180万吨/年汽油精制装置
45.4,ST040127,℃,2025-05-07 08:00:00,10%平均蒸发温度T10%,延化180万吨/年汽油精制装置
74.4,ST040127,℃,2025-05-07 08:00:00,50%平均蒸发温度T50%,延化180万吨/年汽油精制装置
154.0,ST040127,℃,2025-05-07 08:00:00,90%平均蒸发温度T90%,延化180万吨/年汽油精制装置
181.0,ST040127,℃,2025-05-07 08:00:00,终馏点蒸发温度TFBP,延化180万吨/年汽油精制装置
717.6,ST040127,<p>kg/m<sup>3</sup></p>,2025-05-07 08:00:00,密度(20℃),延化180万吨/年汽油精制装置
0.8,ST040127,<p>%</p>,2025-05-07 08:00:00,平均残留百分数(B),延化180万吨/年汽油精制装置
53.00,ST040127,<p>gBr/100g</p>,2025-05-07 08:00:00,溴价 gBr/100g,延化180万吨/年汽油精制装置
98.0,ST040127,<p>%</p>,2025-05-07 08:00:00,全馏,延化180万吨/年汽油精制装置
3.00,ST040127,<p>ppm</p>,2025-05-07 08:00:00,硫含量,延化180万吨/年汽油精制装置
2.00,ST040127,<p>ppm</p>,2025-05-07 20:00:00,硫含量,延化180万吨/年汽油精制装置
3.00,ST040127,<p>ppm</p>,2025-05-08 08:00:00,硫含量,延化180万吨/年汽油精制装置
1,ST040127,级,2025-05-08 08:00:00,铜片腐蚀(50℃，3h),延化180万吨/年汽油精制装置
88.0,ST040127,℃,2025-05-08 08:00:00,50%平均蒸发温度T50%,延化180万吨/年汽油精制装置
<0.5,ST040127,<p>mg/100mL</p>,2025-05-08 08:00:00,未洗胶质,延化180万吨/年汽油精制装置
24.3,ST040127,%（v/v) ,2025-05-08 08:00:00,烯烃含量,延化180万吨/年汽油精制装置
15.6,ST040127,%（v/v) ,2025-05-08 08:00:00,芳烃含量,延化180万吨/年汽油精制装置
60.1,ST040127,%（v/v) ,2025-05-08 08:00:00,烷烃含量,延化180万吨/年汽油精制装置
56.00,ST040127,<p>gBr/100g</p>,2025-05-08 08:00:00,溴价 gBr/100g,延化180万吨/年汽油精制装置
32.7,ST040127,℃,2025-05-08 08:00:00,初馏点蒸发温度 TIBP,延化180万吨/年汽油精制装置
49.6,ST040127,℃,2025-05-08 08:00:00,10%平均蒸发温度T10%,延化180万吨/年汽油精制装置
161.6,ST040127,℃,2025-05-08 08:00:00,90%平均蒸发温度T90%,延化180万吨/年汽油精制装置
189.0,ST040127,℃,2025-05-08 08:00:00,终馏点蒸发温度TFBP,延化180万吨/年汽油精制装置
98.0,ST040127,<p>%</p>,2025-05-08 08:00:00,全馏,延化180万吨/年汽油精制装置
0.8,ST040127,<p>%</p>,2025-05-08 08:00:00,平均残留百分数(B),延化180万吨/年汽油精制装置
715.7,ST040127,<p>kg/m<sup>3</sup></p>,2025-05-08 08:00:00,密度(20℃),延化180万吨/年汽油精制装置
66.2,ST040127,<p>kPa</p>,2025-05-08 08:00:00,饱和蒸汽压(X),延化180万吨/年汽油精制装置
3.00,ST040127,<p>ppm</p>,2025-05-08 20:00:00,硫含量,延化180万吨/年汽油精制装置
715.7,ST040127,<p>kg/m<sup>3</sup></p>,2025-05-09 08:00:00,密度(20℃),延化180万吨/年汽油精制装置
52.00,ST040127,<p>gBr/100g</p>,2025-05-09 08:00:00,溴价 gBr/100g,延化180万吨/年汽油精制装置
34.8,ST040127,℃,2025-05-09 08:00:00,初馏点蒸发温度 TIBP,延化180万吨/年汽油精制装置
45.6,ST040127,℃,2025-05-09 08:00:00,10%平均蒸发温度T10%,延化180万吨/年汽油精制装置
77.0,ST040127,℃,2025-05-09 08:00:00,50%平均蒸发温度T50%,延化180万吨/年汽油精制装置
154.7,ST040127,℃,2025-05-09 08:00:00,90%平均蒸发温度T90%,延化180万吨/年汽油精制装置
181.6,ST040127,℃,2025-05-09 08:00:00,终馏点蒸发温度TFBP,延化180万吨/年汽油精制装置
98.0,ST040127,<p>%</p>,2025-05-09 08:00:00,全馏,延化180万吨/年汽油精制装置
0.8,ST040127,<p>%</p>,2025-05-09 08:00:00,平均残留百分数(B),延化180万吨/年汽油精制装置
3.00,ST040127,<p>ppm</p>,2025-05-09 08:00:00,硫含量,延化180万吨/年汽油精制装置
3.00,ST040127,<p>ppm</p>,2025-05-09 20:00:00,硫含量,延化180万吨/年汽油精制装置
3.00,ST040127,<p>ppm</p>,2025-05-10 08:00:00,硫含量,延化180万吨/年汽油精制装置
152.4,ST040127,℃,2025-05-10 08:00:00,90%平均蒸发温度T90%,延化180万吨/年汽油精制装置
713.1,ST040127,<p>kg/m<sup>3</sup></p>,2025-05-10 08:00:00,密度(20℃),延化180万吨/年汽油精制装置
50.00,ST040127,<p>gBr/100g</p>,2025-05-10 08:00:00,溴价 gBr/100g,延化180万吨/年汽油精制装置
31.9,ST040127,℃,2025-05-10 08:00:00,初馏点蒸发温度 TIBP,延化180万吨/年汽油精制装置
41.8,ST040127,℃,2025-05-10 08:00:00,10%平均蒸发温度T10%,延化180万吨/年汽油精制装置
72.0,ST040127,℃,2025-05-10 08:00:00,50%平均蒸发温度T50%,延化180万吨/年汽油精制装置
181.8,ST040127,℃,2025-05-10 08:00:00,终馏点蒸发温度TFBP,延化180万吨/年汽油精制装置
0.8,ST040127,<p>%</p>,2025-05-10 08:00:00,平均残留百分数(B),延化180万吨/年汽油精制装置
98.0,ST040127,<p>%</p>,2025-05-10 08:00:00,全馏,延化180万吨/年汽油精制装置
3.00,ST040127,<p>ppm</p>,2025-05-10 20:00:00,硫含量,延化180万吨/年汽油精制装置
160.1,ST040127,℃,2025-05-11 08:00:00,90%平均蒸发温度T90%,延化180万吨/年汽油精制装置
3.00,ST040127,<p>ppm</p>,2025-05-11 08:00:00,硫含量,延化180万吨/年汽油精制装置
34.4,ST040127,℃,2025-05-11 08:00:00,初馏点蒸发温度 TIBP,延化180万吨/年汽油精制装置
47.3,ST040127,℃,2025-05-11 08:00:00,10%平均蒸发温度T10%,延化180万吨/年汽油精制装置
82.1,ST040127,℃,2025-05-11 08:00:00,50%平均蒸发温度T50%,延化180万吨/年汽油精制装置
54.00,ST040127,<p>gBr/100g</p>,2025-05-11 08:00:00,溴价 gBr/100g,延化180万吨/年汽油精制装置
185.5,ST040127,℃,2025-05-11 08:00:00,终馏点蒸发温度TFBP,延化180万吨/年汽油精制装置
98.0,ST040127,<p>%</p>,2025-05-11 08:00:00,全馏,延化180万吨/年汽油精制装置
0.8,ST040127,<p>%</p>,2025-05-11 08:00:00,平均残留百分数(B),延化180万吨/年汽油精制装置
717.7,ST040127,<p>kg/m<sup>3</sup></p>,2025-05-11 08:00:00,密度(20℃),延化180万吨/年汽油精制装置
3.00,ST040127,<p>ppm</p>,2025-05-11 20:00:00,硫含量,延化180万吨/年汽油精制装置
33.6,ST040127,℃,2025-05-12 08:00:00,初馏点蒸发温度 TIBP,延化180万吨/年汽油精制装置
43.4,ST040127,℃,2025-05-12 08:00:00,10%平均蒸发温度T10%,延化180万吨/年汽油精制装置
73.8,ST040127,℃,2025-05-12 08:00:00,50%平均蒸发温度T50%,延化180万吨/年汽油精制装置
153.3,ST040127,℃,2025-05-12 08:00:00,90%平均蒸发温度T90%,延化180万吨/年汽油精制装置
180.4,ST040127,℃,2025-05-12 08:00:00,终馏点蒸发温度TFBP,延化180万吨/年汽油精制装置
98.0,ST040127,<p>%</p>,2025-05-12 08:00:00,全馏,延化180万吨/年汽油精制装置
0.8,ST040127,<p>%</p>,2025-05-12 08:00:00,平均残留百分数(B),延化180万吨/年汽油精制装置
713.8,ST040127,<p>kg/m<sup>3</sup></p>,2025-05-12 08:00:00,密度(20℃),延化180万吨/年汽油精制装置
54.00,ST040127,<p>gBr/100g</p>,2025-05-12 08:00:00,溴价 gBr/100g,延化180万吨/年汽油精制装置
87.6,ST040127,,2025-05-12 08:00:00,研究法辛烷值(RON),延化180万吨/年汽油精制装置
3.00,ST040127,<p>ppm</p>,2025-05-12 08:00:00,硫含量,延化180万吨/年汽油精制装置
3.00,ST040127,<p>ppm</p>,2025-05-12 20:00:00,硫含量,延化180万吨/年汽油精制装置
49.9,ST040127,℃,2025-05-13 08:00:00,10%平均蒸发温度T10%,延化180万吨/年汽油精制装置
87.9,ST040127,℃,2025-05-13 08:00:00,50%平均蒸发温度T50%,延化180万吨/年汽油精制装置
162.1,ST040127,℃,2025-05-13 08:00:00,90%平均蒸发温度T90%,延化180万吨/年汽油精制装置
189.7,ST040127,℃,2025-05-13 08:00:00,终馏点蒸发温度TFBP,延化180万吨/年汽油精制装置
98.0,ST040127,<p>%</p>,2025-05-13 08:00:00,全馏,延化180万吨/年汽油精制装置
33.2,ST040127,℃,2025-05-13 08:00:00,初馏点蒸发温度 TIBP,延化180万吨/年汽油精制装置
0.8,ST040127,<p>%</p>,2025-05-13 08:00:00,平均残留百分数(B),延化180万吨/年汽油精制装置
55.00,ST040127,<p>gBr/100g</p>,2025-05-13 08:00:00,溴价 gBr/100g,延化180万吨/年汽油精制装置
716.1,ST040127,<p>kg/m<sup>3</sup></p>,2025-05-13 08:00:00,密度(20℃),延化180万吨/年汽油精制装置
3.00,ST040127,<p>ppm</p>,2025-05-13 08:00:00,硫含量,延化180万吨/年汽油精制装置
2.00,ST040127,<p>ppm</p>,2025-05-13 20:00:00,硫含量,延化180万吨/年汽油精制装置
32.1,ST040127,℃,2025-05-14 08:00:00,初馏点蒸发温度 TIBP,延化180万吨/年汽油精制装置
47.0,ST040127,℃,2025-05-14 08:00:00,10%平均蒸发温度T10%,延化180万吨/年汽油精制装置
87.8,ST040127,℃,2025-05-14 08:00:00,50%平均蒸发温度T50%,延化180万吨/年汽油精制装置
160.2,ST040127,℃,2025-05-14 08:00:00,90%平均蒸发温度T90%,延化180万吨/年汽油精制装置
190.2,ST040127,℃,2025-05-14 08:00:00,终馏点蒸发温度TFBP,延化180万吨/年汽油精制装置
98.0,ST040127,<p>%</p>,2025-05-14 08:00:00,全馏,延化180万吨/年汽油精制装置
714.9,ST040127,<p>kg/m<sup>3</sup></p>,2025-05-14 08:00:00,密度(20℃),延化180万吨/年汽油精制装置
56.00,ST040127,<p>gBr/100g</p>,2025-05-14 08:00:00,溴价 gBr/100g,延化180万吨/年汽油精制装置
3.00,ST040127,<p>ppm</p>,2025-05-14 08:00:00,硫含量,延化180万吨/年汽油精制装置
0.8,ST040127,<p>%</p>,2025-05-14 08:00:00,平均残留百分数(B),延化180万吨/年汽油精制装置
2.00,ST040127,<p>ppm</p>,2025-05-14 20:00:00,硫含量,延化180万吨/年汽油精制装置
64.9,ST040127,<p>kPa</p>,2025-05-15 08:00:00,饱和蒸汽压(X),延化180万吨/年汽油精制装置
49.1,ST040127,℃,2025-05-15 08:00:00,10%平均蒸发温度T10%,延化180万吨/年汽油精制装置
23.7,ST040127,%（v/v) ,2025-05-15 08:00:00,烯烃含量,延化180万吨/年汽油精制装置
15.7,ST040127,%（v/v) ,2025-05-15 08:00:00,芳烃含量,延化180万吨/年汽油精制装置
60.6,ST040127,%（v/v) ,2025-05-15 08:00:00,烷烃含量,延化180万吨/年汽油精制装置
3.00,ST040127,<p>ppm</p>,2025-05-15 08:00:00,硫含量,延化180万吨/年汽油精制装置
33.0,ST040127,℃,2025-05-15 08:00:00,初馏点蒸发温度 TIBP,延化180万吨/年汽油精制装置
87.0,ST040127,℃,2025-05-15 08:00:00,50%平均蒸发温度T50%,延化180万吨/年汽油精制装置
162.7,ST040127,℃,2025-05-15 08:00:00,90%平均蒸发温度T90%,延化180万吨/年汽油精制装置
189.3,ST040127,℃,2025-05-15 08:00:00,终馏点蒸发温度TFBP,延化180万吨/年汽油精制装置
98.0,ST040127,<p>%</p>,2025-05-15 08:00:00,全馏,延化180万吨/年汽油精制装置
0.8,ST040127,<p>%</p>,2025-05-15 08:00:00,平均残留百分数(B),延化180万吨/年汽油精制装置
716.3,ST040127,<p>kg/m<sup>3</sup></p>,2025-05-15 08:00:00,密度(20℃),延化180万吨/年汽油精制装置
54.00,ST040127,<p>gBr/100g</p>,2025-05-15 08:00:00,溴价 gBr/100g,延化180万吨/年汽油精制装置
<0.5,ST040127,<p>mg/100mL</p>,2025-05-15 08:00:00,未洗胶质,延化180万吨/年汽油精制装置
1,ST040127,级,2025-05-15 08:00:00,铜片腐蚀(50℃，3h),延化180万吨/年汽油精制装置
3.00,ST040127,<p>ppm</p>,2025-05-15 20:00:00,硫含量,延化180万吨/年汽油精制装置
3.00,ST040127,<p>ppm</p>,2025-05-16 08:00:00,硫含量,延化180万吨/年汽油精制装置
86.7,ST040127,℃,2025-05-16 08:00:00,50%平均蒸发温度T50%,延化180万吨/年汽油精制装置
160.8,ST040127,℃,2025-05-16 08:00:00,90%平均蒸发温度T90%,延化180万吨/年汽油精制装置
188.7,ST040127,℃,2025-05-16 08:00:00,终馏点蒸发温度TFBP,延化180万吨/年汽油精制装置
98.0,ST040127,<p>%</p>,2025-05-16 08:00:00,全馏,延化180万吨/年汽油精制装置
0.8,ST040127,<p>%</p>,2025-05-16 08:00:00,平均残留百分数(B),延化180万吨/年汽油精制装置
34.5,ST040127,℃,2025-05-16 08:00:00,初馏点蒸发温度 TIBP,延化180万吨/年汽油精制装置
50.0,ST040127,℃,2025-05-16 08:00:00,10%平均蒸发温度T10%,延化180万吨/年汽油精制装置
715.3,ST040127,<p>kg/m<sup>3</sup></p>,2025-05-16 08:00:00,密度(20℃),延化180万吨/年汽油精制装置
56.00,ST040127,<p>gBr/100g</p>,2025-05-16 08:00:00,溴价 gBr/100g,延化180万吨/年汽油精制装置
3.00,ST040127,<p>ppm</p>,2025-05-16 20:00:00,硫含量,延化180万吨/年汽油精制装置
75.6,ST040127,℃,2025-05-17 08:00:00,50%平均蒸发温度T50%,延化180万吨/年汽油精制装置
98.0,ST040127,<p>%</p>,2025-05-17 08:00:00,全馏,延化180万吨/年汽油精制装置
3.00,ST040127,<p>ppm</p>,2025-05-17 08:00:00,硫含量,延化180万吨/年汽油精制装置
45.0,ST040127,℃,2025-05-17 08:00:00,10%平均蒸发温度T10%,延化180万吨/年汽油精制装置
34.7,ST040127,℃,2025-05-17 08:00:00,初馏点蒸发温度 TIBP,延化180万吨/年汽油精制装置
55.00,ST040127,<p>gBr/100g</p>,2025-05-17 08:00:00,溴价 gBr/100g,延化180万吨/年汽油精制装置
154.7,ST040127,℃,2025-05-17 08:00:00,90%平均蒸发温度T90%,延化180万吨/年汽油精制装置
181.3,ST040127,℃,2025-05-17 08:00:00,终馏点蒸发温度TFBP,延化180万吨/年汽油精制装置
0.9,ST040127,<p>%</p>,2025-05-17 08:00:00,平均残留百分数(B),延化180万吨/年汽油精制装置
716.3,ST040127,<p>kg/m<sup>3</sup></p>,2025-05-17 08:00:00,密度(20℃),延化180万吨/年汽油精制装置
3.00,ST040127,<p>ppm</p>,2025-05-17 20:00:00,硫含量,延化180万吨/年汽油精制装置
716.0,ST040127,<p>kg/m<sup>3</sup></p>,2025-05-18 08:00:00,密度(20℃),延化180万吨/年汽油精制装置
161.7,ST040127,℃,2025-05-18 08:00:00,90%平均蒸发温度T90%,延化180万吨/年汽油精制装置
35.5,ST040127,℃,2025-05-18 08:00:00,初馏点蒸发温度 TIBP,延化180万吨/年汽油精制装置
51.2,ST040127,℃,2025-05-18 08:00:00,10%平均蒸发温度T10%,延化180万吨/年汽油精制装置
3.00,ST040127,<p>ppm</p>,2025-05-18 08:00:00,硫含量,延化180万吨/年汽油精制装置
189.9,ST040127,℃,2025-05-18 08:00:00,终馏点蒸发温度TFBP,延化180万吨/年汽油精制装置
98.0,ST040127,<p>%</p>,2025-05-18 08:00:00,全馏,延化180万吨/年汽油精制装置
0.8,ST040127,<p>%</p>,2025-05-18 08:00:00,平均残留百分数(B),延化180万吨/年汽油精制装置
54.00,ST040127,<p>gBr/100g</p>,2025-05-18 08:00:00,溴价 gBr/100g,延化180万吨/年汽油精制装置
88.3,ST040127,℃,2025-05-18 08:00:00,50%平均蒸发温度T50%,延化180万吨/年汽油精制装置
3.00,ST040127,<p>ppm</p>,2025-05-18 20:00:00,硫含量,延化180万吨/年汽油精制装置
3.00,ST040127,<p>ppm</p>,2025-05-19 08:00:00,硫含量,延化180万吨/年汽油精制装置
0.8,ST040127,<p>%</p>,2025-05-19 08:00:00,平均残留百分数(B),延化180万吨/年汽油精制装置
54.00,ST040127,<p>gBr/100g</p>,2025-05-19 08:00:00,溴价 gBr/100g,延化180万吨/年汽油精制装置
718.1,ST040127,<p>kg/m<sup>3</sup></p>,2025-05-19 08:00:00,密度(20℃),延化180万吨/年汽油精制装置
98.0,ST040127,<p>%</p>,2025-05-19 08:00:00,全馏,延化180万吨/年汽油精制装置
190.5,ST040127,℃,2025-05-19 08:00:00,终馏点蒸发温度TFBP,延化180万吨/年汽油精制装置
163.1,ST040127,℃,2025-05-19 08:00:00,90%平均蒸发温度T90%,延化180万吨/年汽油精制装置
90.2,ST040127,℃,2025-05-19 08:00:00,50%平均蒸发温度T50%,延化180万吨/年汽油精制装置
52.1,ST040127,℃,2025-05-19 08:00:00,10%平均蒸发温度T10%,延化180万吨/年汽油精制装置
36.4,ST040127,℃,2025-05-19 08:00:00,初馏点蒸发温度 TIBP,延化180万吨/年汽油精制装置
98.0,ST040127,<p>%</p>,2025-05-19 14:22:00,全馏,延化180万吨/年汽油精制装置
3.00,ST040127,<p>ppm</p>,2025-05-19 14:22:00,硫含量,延化180万吨/年汽油精制装置
0.8,ST040127,<p>%</p>,2025-05-19 14:22:00,平均残留百分数(B),延化180万吨/年汽油精制装置
54.00,ST040127,<p>gBr/100g</p>,2025-05-19 14:22:00,溴价 gBr/100g,延化180万吨/年汽油精制装置
191.5,ST040127,℃,2025-05-19 14:22:00,终馏点蒸发温度TFBP,延化180万吨/年汽油精制装置
163.0,ST040127,℃,2025-05-19 14:22:00,90%平均蒸发温度T90%,延化180万吨/年汽油精制装置
88.7,ST040127,℃,2025-05-19 14:22:00,50%平均蒸发温度T50%,延化180万吨/年汽油精制装置
51.9,ST040127,℃,2025-05-19 14:22:00,10%平均蒸发温度T10%,延化180万吨/年汽油精制装置
39.0,ST040127,℃,2025-05-19 14:22:00,初馏点蒸发温度 TIBP,延化180万吨/年汽油精制装置
3.00,ST040127,<p>ppm</p>,2025-05-19 20:00:00,硫含量,延化180万吨/年汽油精制装置
0.8,ST040127,<p>%</p>,2025-05-20 08:00:00,平均残留百分数(B),延化180万吨/年汽油精制装置
3.00,ST040127,<p>ppm</p>,2025-05-20 08:00:00,硫含量,延化180万吨/年汽油精制装置
163.8,ST040127,℃,2025-05-20 08:00:00,90%平均蒸发温度T90%,延化180万吨/年汽油精制装置
60.3,ST040127,<p>kPa</p>,2025-05-20 08:00:00,饱和蒸汽压(X),延化180万吨/年汽油精制装置
98.0,ST040127,<p>%</p>,2025-05-20 08:00:00,全馏,延化180万吨/年汽油精制装置
56.00,ST040127,<p>gBr/100g</p>,2025-05-20 08:00:00,溴价 gBr/100g,延化180万吨/年汽油精制装置
718.8,ST040127,<p>kg/m<sup>3</sup></p>,2025-05-20 08:00:00,密度(20℃),延化180万吨/年汽油精制装置
37.4,ST040127,℃,2025-05-20 08:00:00,初馏点蒸发温度 TIBP,延化180万吨/年汽油精制装置
51.0,ST040127,℃,2025-05-20 08:00:00,10%平均蒸发温度T10%,延化180万吨/年汽油精制装置
89.2,ST040127,℃,2025-05-20 08:00:00,50%平均蒸发温度T50%,延化180万吨/年汽油精制装置
192.2,ST040127,℃,2025-05-20 08:00:00,终馏点蒸发温度TFBP,延化180万吨/年汽油精制装置
3.00,ST040127,<p>ppm</p>,2025-05-20 20:00:00,硫含量,延化180万吨/年汽油精制装置
98.0,ST040127,<p>%</p>,2025-05-21 08:00:00,全馏,延化180万吨/年汽油精制装置
0.8,ST040127,<p>%</p>,2025-05-21 08:00:00,平均残留百分数(B),延化180万吨/年汽油精制装置
716.0,ST040127,<p>kg/m<sup>3</sup></p>,2025-05-21 08:00:00,密度(20℃),延化180万吨/年汽油精制装置
55.00,ST040127,<p>gBr/100g</p>,2025-05-21 08:00:00,溴价 gBr/100g,延化180万吨/年汽油精制装置
3.00,ST040127,<p>ppm</p>,2025-05-21 08:00:00,硫含量,延化180万吨/年汽油精制装置
162.0,ST040127,℃,2025-05-21 08:00:00,90%平均蒸发温度T90%,延化180万吨/年汽油精制装置
190.4,ST040127,℃,2025-05-21 08:00:00,终馏点蒸发温度TFBP,延化180万吨/年汽油精制装置
36.0,ST040127,℃,2025-05-21 08:00:00,初馏点蒸发温度 TIBP,延化180万吨/年汽油精制装置
49.6,ST040127,℃,2025-05-21 08:00:00,10%平均蒸发温度T10%,延化180万吨/年汽油精制装置
88.0,ST040127,℃,2025-05-21 08:00:00,50%平均蒸发温度T50%,延化180万吨/年汽油精制装置
3.00,ST040127,<p>ppm</p>,2025-05-21 20:00:00,硫含量,延化180万吨/年汽油精制装置
1,ST040127,级,2025-05-22 08:00:00,铜片腐蚀(50℃，3h),延化180万吨/年汽油精制装置
3.00,ST040127,<p>ppm</p>,2025-05-22 08:00:00,硫含量,延化180万吨/年汽油精制装置
57.5,ST040127,%（v/v) ,2025-05-22 08:00:00,烷烃含量,延化180万吨/年汽油精制装置
<0.5,ST040127,<p>mg/100mL</p>,2025-05-22 08:00:00,未洗胶质,延化180万吨/年汽油精制装置
62.0,ST040127,<p>kPa</p>,2025-05-22 08:00:00,饱和蒸汽压(X),延化180万吨/年汽油精制装置
27.3,ST040127,%（v/v) ,2025-05-22 08:00:00,烯烃含量,延化180万吨/年汽油精制装置
15.2,ST040127,%（v/v) ,2025-05-22 08:00:00,芳烃含量,延化180万吨/年汽油精制装置
715.9,ST040127,<p>kg/m<sup>3</sup></p>,2025-05-22 08:00:00,密度(20℃),延化180万吨/年汽油精制装置
52.00,ST040127,<p>gBr/100g</p>,2025-05-22 08:00:00,溴价 gBr/100g,延化180万吨/年汽油精制装置
37.6,ST040127,℃,2025-05-22 08:00:00,初馏点蒸发温度 TIBP,延化180万吨/年汽油精制装置
50.2,ST040127,℃,2025-05-22 08:00:00,10%平均蒸发温度T10%,延化180万吨/年汽油精制装置
86.2,ST040127,℃,2025-05-22 08:00:00,50%平均蒸发温度T50%,延化180万吨/年汽油精制装置
160.7,ST040127,℃,2025-05-22 08:00:00,90%平均蒸发温度T90%,延化180万吨/年汽油精制装置
188.9,ST040127,℃,2025-05-22 08:00:00,终馏点蒸发温度TFBP,延化180万吨/年汽油精制装置
98.0,ST040127,<p>%</p>,2025-05-22 08:00:00,全馏,延化180万吨/年汽油精制装置
0.8,ST040127,<p>%</p>,2025-05-22 08:00:00,平均残留百分数(B),延化180万吨/年汽油精制装置
3.00,ST040127,<p>ppm</p>,2025-05-22 20:00:00,硫含量,延化180万吨/年汽油精制装置
715.1,ST040127,<p>kg/m<sup>3</sup></p>,2025-05-23 08:00:00,密度(20℃),延化180万吨/年汽油精制装置
35.1,ST040127,℃,2025-05-23 08:00:00,初馏点蒸发温度 TIBP,延化180万吨/年汽油精制装置
47.4,ST040127,℃,2025-05-23 08:00:00,10%平均蒸发温度T10%,延化180万吨/年汽油精制装置
88.5,ST040127,℃,2025-05-23 08:00:00,50%平均蒸发温度T50%,延化180万吨/年汽油精制装置
162.0,ST040127,℃,2025-05-23 08:00:00,90%平均蒸发温度T90%,延化180万吨/年汽油精制装置
191.2,ST040127,℃,2025-05-23 08:00:00,终馏点蒸发温度TFBP,延化180万吨/年汽油精制装置
98.0,ST040127,<p>%</p>,2025-05-23 08:00:00,全馏,延化180万吨/年汽油精制装置
0.8,ST040127,<p>%</p>,2025-05-23 08:00:00,平均残留百分数(B),延化180万吨/年汽油精制装置
58.00,ST040127,<p>gBr/100g</p>,2025-05-23 08:00:00,溴价 gBr/100g,延化180万吨/年汽油精制装置
3.00,ST040127,<p>ppm</p>,2025-05-23 08:00:00,硫含量,延化180万吨/年汽油精制装置
3.00,ST040127,<p>ppm</p>,2025-05-23 20:00:00,硫含量,延化180万吨/年汽油精制装置
50.5,ST040127,℃,2025-05-24 08:00:00,10%平均蒸发温度T10%,延化180万吨/年汽油精制装置
88.7,ST040127,℃,2025-05-24 08:00:00,50%平均蒸发温度T50%,延化180万吨/年汽油精制装置
717.3,ST040127,<p>kg/m<sup>3</sup></p>,2025-05-24 08:00:00,密度(20℃),延化180万吨/年汽油精制装置
54.00,ST040127,<p>gBr/100g</p>,2025-05-24 08:00:00,溴价 gBr/100g,延化180万吨/年汽油精制装置
36.8,ST040127,℃,2025-05-24 08:00:00,初馏点蒸发温度 TIBP,延化180万吨/年汽油精制装置
3.00,ST040127,<p>ppm</p>,2025-05-24 08:00:00,硫含量,延化180万吨/年汽油精制装置
163.3,ST040127,℃,2025-05-24 08:00:00,90%平均蒸发温度T90%,延化180万吨/年汽油精制装置
191.2,ST040127,℃,2025-05-24 08:00:00,终馏点蒸发温度TFBP,延化180万吨/年汽油精制装置
98.0,ST040127,<p>%</p>,2025-05-24 08:00:00,全馏,延化180万吨/年汽油精制装置
0.8,ST040127,<p>%</p>,2025-05-24 08:00:00,平均残留百分数(B),延化180万吨/年汽油精制装置
3.00,ST040127,<p>ppm</p>,2025-05-24 20:00:00,硫含量,延化180万吨/年汽油精制装置
3.00,ST040127,<p>ppm</p>,2025-05-25 08:00:00,硫含量,延化180万吨/年汽油精制装置
717.1,ST040127,<p>kg/m<sup>3</sup></p>,2025-05-25 08:00:00,密度(20℃),延化180万吨/年汽油精制装置
38.5,ST040127,℃,2025-05-25 08:00:00,初馏点蒸发温度 TIBP,延化180万吨/年汽油精制装置
51.0,ST040127,℃,2025-05-25 08:00:00,10%平均蒸发温度T10%,延化180万吨/年汽油精制装置
86.8,ST040127,℃,2025-05-25 08:00:00,50%平均蒸发温度T50%,延化180万吨/年汽油精制装置
161.1,ST040127,℃,2025-05-25 08:00:00,90%平均蒸发温度T90%,延化180万吨/年汽油精制装置
190.1,ST040127,℃,2025-05-25 08:00:00,终馏点蒸发温度TFBP,延化180万吨/年汽油精制装置
98.0,ST040127,<p>%</p>,2025-05-25 08:00:00,全馏,延化180万吨/年汽油精制装置
0.8,ST040127,<p>%</p>,2025-05-25 08:00:00,平均残留百分数(B),延化180万吨/年汽油精制装置
51.00,ST040127,<p>gBr/100g</p>,2025-05-25 08:00:00,溴价 gBr/100g,延化180万吨/年汽油精制装置
4.00,ST040127,<p>ppm</p>,2025-05-25 20:00:00,硫含量,延化180万吨/年汽油精制装置
3.00,ST040127,<p>ppm</p>,2025-05-26 08:00:00,硫含量,延化180万吨/年汽油精制装置
55.00,ST040127,<p>gBr/100g</p>,2025-05-26 08:00:00,溴价 gBr/100g,延化180万吨/年汽油精制装置
716.7,ST040127,<p>kg/m<sup>3</sup></p>,2025-05-26 08:00:00,密度(20℃),延化180万吨/年汽油精制装置
89.2,ST040127,,2025-05-26 08:00:00,研究法辛烷值(RON),延化180万吨/年汽油精制装置
34.2,ST040127,℃,2025-05-26 08:00:00,初馏点蒸发温度 TIBP,延化180万吨/年汽油精制装置
191.9,ST040127,℃,2025-05-26 08:00:00,终馏点蒸发温度TFBP,延化180万吨/年汽油精制装置
39,ST040127,<p>ppm</p>,2025-05-26 08:00:00,水含量,延化180万吨/年汽油精制装置
47.4,ST040127,℃,2025-05-26 08:00:00,10%平均蒸发温度T10%,延化180万吨/年汽油精制装置
87.7,ST040127,℃,2025-05-26 08:00:00,50%平均蒸发温度T50%,延化180万吨/年汽油精制装置
162.1,ST040127,℃,2025-05-26 08:00:00,90%平均蒸发温度T90%,延化180万吨/年汽油精制装置
98.0,ST040127,<p>%</p>,2025-05-26 08:00:00,全馏,延化180万吨/年汽油精制装置
0.8,ST040127,<p>%</p>,2025-05-26 08:00:00,平均残留百分数(B),延化180万吨/年汽油精制装置
4.00,ST040127,<p>ppm</p>,2025-05-26 20:00:00,硫含量,延化180万吨/年汽油精制装置
89.3,ST040127,℃,2025-05-27 08:00:00,50%平均蒸发温度T50%,延化180万吨/年汽油精制装置
194.3,ST040127,℃,2025-05-27 08:00:00,终馏点蒸发温度TFBP,延化180万吨/年汽油精制装置
3.00,ST040127,<p>ppm</p>,2025-05-27 08:00:00,硫含量,延化180万吨/年汽油精制装置
37.7,ST040127,℃,2025-05-27 08:00:00,初馏点蒸发温度 TIBP,延化180万吨/年汽油精制装置
50.9,ST040127,℃,2025-05-27 08:00:00,10%平均蒸发温度T10%,延化180万吨/年汽油精制装置
54.00,ST040127,<p>gBr/100g</p>,2025-05-27 08:00:00,溴价 gBr/100g,延化180万吨/年汽油精制装置
164.6,ST040127,℃,2025-05-27 08:00:00,90%平均蒸发温度T90%,延化180万吨/年汽油精制装置
98.0,ST040127,<p>%</p>,2025-05-27 08:00:00,全馏,延化180万吨/年汽油精制装置
0.8,ST040127,<p>%</p>,2025-05-27 08:00:00,平均残留百分数(B),延化180万吨/年汽油精制装置
719.1,ST040127,<p>kg/m<sup>3</sup></p>,2025-05-27 08:00:00,密度(20℃),延化180万吨/年汽油精制装置
2.00,ST040127,<p>ppm</p>,2025-05-27 20:00:00,硫含量,延化180万吨/年汽油精制装置
3.00,ST040127,<p>ppm</p>,2025-05-28 08:00:00,硫含量,延化180万吨/年汽油精制装置
37.2,ST040127,℃,2025-05-28 08:00:00,初馏点蒸发温度 TIBP,延化180万吨/年汽油精制装置
48.1,ST040127,℃,2025-05-28 08:00:00,10%平均蒸发温度T10%,延化180万吨/年汽油精制装置
86.7,ST040127,℃,2025-05-28 08:00:00,50%平均蒸发温度T50%,延化180万吨/年汽油精制装置
163.4,ST040127,℃,2025-05-28 08:00:00,90%平均蒸发温度T90%,延化180万吨/年汽油精制装置
194.1,ST040127,℃,2025-05-28 08:00:00,终馏点蒸发温度TFBP,延化180万吨/年汽油精制装置
98.0,ST040127,<p>%</p>,2025-05-28 08:00:00,全馏,延化180万吨/年汽油精制装置
0.8,ST040127,<p>%</p>,2025-05-28 08:00:00,平均残留百分数(B),延化180万吨/年汽油精制装置
718.0,ST040127,<p>kg/m<sup>3</sup></p>,2025-05-28 08:00:00,密度(20℃),延化180万吨/年汽油精制装置
52.00,ST040127,<p>gBr/100g</p>,2025-05-28 08:00:00,溴价 gBr/100g,延化180万吨/年汽油精制装置
3.00,ST040127,<p>ppm</p>,2025-05-28 20:00:00,硫含量,延化180万吨/年汽油精制装置
3.00,ST040127,<p>ppm</p>,2025-05-29 08:00:00,硫含量,延化180万吨/年汽油精制装置
64.6,ST040127,<p>kPa</p>,2025-05-29 08:00:00,饱和蒸汽压(X),延化180万吨/年汽油精制装置
25.4,ST040127,%（v/v) ,2025-05-29 08:00:00,烯烃含量,延化180万吨/年汽油精制装置
16.7,ST040127,%（v/v) ,2025-05-29 08:00:00,芳烃含量,延化180万吨/年汽油精制装置
57.9,ST040127,%（v/v) ,2025-05-29 08:00:00,烷烃含量,延化180万吨/年汽油精制装置
1,ST040127,级,2025-05-29 08:00:00,铜片腐蚀(50℃，3h),延化180万吨/年汽油精制装置
162.3,ST040127,℃,2025-05-29 08:00:00,90%平均蒸发温度T90%,延化180万吨/年汽油精制装置
34.6,ST040127,℃,2025-05-29 08:00:00,初馏点蒸发温度 TIBP,延化180万吨/年汽油精制装置
46.8,ST040127,℃,2025-05-29 08:00:00,10%平均蒸发温度T10%,延化180万吨/年汽油精制装置
84.1,ST040127,℃,2025-05-29 08:00:00,50%平均蒸发温度T50%,延化180万吨/年汽油精制装置
188.4,ST040127,℃,2025-05-29 08:00:00,终馏点蒸发温度TFBP,延化180万吨/年汽油精制装置
98.0,ST040127,<p>%</p>,2025-05-29 08:00:00,全馏,延化180万吨/年汽油精制装置
0.8,ST040127,<p>%</p>,2025-05-29 08:00:00,平均残留百分数(B),延化180万吨/年汽油精制装置
55.00,ST040127,<p>gBr/100g</p>,2025-05-29 08:00:00,溴价 gBr/100g,延化180万吨/年汽油精制装置
719.3,ST040127,<p>kg/m<sup>3</sup></p>,2025-05-29 08:00:00,密度(20℃),延化180万吨/年汽油精制装置
<0.5,ST040127,<p>mg/100mL</p>,2025-05-29 08:00:00,未洗胶质,延化180万吨/年汽油精制装置
3.00,ST040127,<p>ppm</p>,2025-05-29 20:00:00,硫含量,延化180万吨/年汽油精制装置
36.4,ST040127,℃,2025-05-30 08:00:00,初馏点蒸发温度 TIBP,延化180万吨/年汽油精制装置
86.5,ST040127,℃,2025-05-30 08:00:00,50%平均蒸发温度T50%,延化180万吨/年汽油精制装置
3.00,ST040127,<p>ppm</p>,2025-05-30 08:00:00,硫含量,延化180万吨/年汽油精制装置
716.8,ST040127,<p>kg/m<sup>3</sup></p>,2025-05-30 08:00:00,密度(20℃),延化180万吨/年汽油精制装置
53.00,ST040127,<p>gBr/100g</p>,2025-05-30 08:00:00,溴价 gBr/100g,延化180万吨/年汽油精制装置
98.0,ST040127,<p>%</p>,2025-05-30 08:00:00,全馏,延化180万吨/年汽油精制装置
49.0,ST040127,℃,2025-05-30 08:00:00,10%平均蒸发温度T10%,延化180万吨/年汽油精制装置
0.8,ST040127,<p>%</p>,2025-05-30 08:00:00,平均残留百分数(B),延化180万吨/年汽油精制装置
165.7,ST040127,℃,2025-05-30 08:00:00,90%平均蒸发温度T90%,延化180万吨/年汽油精制装置
197.6,ST040127,℃,2025-05-30 08:00:00,终馏点蒸发温度TFBP,延化180万吨/年汽油精制装置
3.00,ST040127,<p>ppm</p>,2025-05-30 20:00:00,硫含量,延化180万吨/年汽油精制装置
50.0,ST040127,℃,2025-05-31 08:00:00,10%平均蒸发温度T10%,延化180万吨/年汽油精制装置
0.8,ST040127,<p>%</p>,2025-05-31 08:00:00,平均残留百分数(B),延化180万吨/年汽油精制装置
718.4,ST040127,<p>kg/m<sup>3</sup></p>,2025-05-31 08:00:00,密度(20℃),延化180万吨/年汽油精制装置
55.00,ST040127,<p>gBr/100g</p>,2025-05-31 08:00:00,溴价 gBr/100g,延化180万吨/年汽油精制装置
37.0,ST040127,℃,2025-05-31 08:00:00,初馏点蒸发温度 TIBP,延化180万吨/年汽油精制装置
3.00,ST040127,<p>ppm</p>,2025-05-31 08:00:00,硫含量,延化180万吨/年汽油精制装置
87.6,ST040127,℃,2025-05-31 08:00:00,50%平均蒸发温度T50%,延化180万吨/年汽油精制装置
165.4,ST040127,℃,2025-05-31 08:00:00,90%平均蒸发温度T90%,延化180万吨/年汽油精制装置
195.0,ST040127,℃,2025-05-31 08:00:00,终馏点蒸发温度TFBP,延化180万吨/年汽油精制装置
98.0,ST040127,<p>%</p>,2025-05-31 08:00:00,全馏,延化180万吨/年汽油精制装置
3.00,ST040127,<p>ppm</p>,2025-05-31 20:00:00,硫含量,延化180万吨/年汽油精制装置
86.9,ST040127,℃,2025-06-01 08:00:00,50%平均蒸发温度T50%,延化180万吨/年汽油精制装置
718.6,ST040127,<p>kg/m<sup>3</sup></p>,2025-06-01 08:00:00,密度(20℃),延化180万吨/年汽油精制装置
55.00,ST040127,<p>gBr/100g</p>,2025-06-01 08:00:00,溴价 gBr/100g,延化180万吨/年汽油精制装置
36.5,ST040127,℃,2025-06-01 08:00:00,初馏点蒸发温度 TIBP,延化180万吨/年汽油精制装置
47.7,ST040127,℃,2025-06-01 08:00:00,10%平均蒸发温度T10%,延化180万吨/年汽油精制装置
167.8,ST040127,℃,2025-06-01 08:00:00,90%平均蒸发温度T90%,延化180万吨/年汽油精制装置
195.6,ST040127,℃,2025-06-01 08:00:00,终馏点蒸发温度TFBP,延化180万吨/年汽油精制装置
98.0,ST040127,<p>%</p>,2025-06-01 08:00:00,全馏,延化180万吨/年汽油精制装置
0.8,ST040127,<p>%</p>,2025-06-01 08:00:00,平均残留百分数(B),延化180万吨/年汽油精制装置
3.00,ST040127,<p>ppm</p>,2025-06-01 08:00:00,硫含量,延化180万吨/年汽油精制装置
3.00,ST040127,<p>ppm</p>,2025-06-01 20:00:00,硫含量,延化180万吨/年汽油精制装置
54.00,ST040127,<p>gBr/100g</p>,2025-06-02 08:00:00,溴价 gBr/100g,延化180万吨/年汽油精制装置
37.4,ST040127,℃,2025-06-02 08:00:00,初馏点蒸发温度 TIBP,延化180万吨/年汽油精制装置
50.3,ST040127,℃,2025-06-02 08:00:00,10%平均蒸发温度T10%,延化180万吨/年汽油精制装置
88.3,ST040127,℃,2025-06-02 08:00:00,50%平均蒸发温度T50%,延化180万吨/年汽油精制装置
165.8,ST040127,℃,2025-06-02 08:00:00,90%平均蒸发温度T90%,延化180万吨/年汽油精制装置
195.9,ST040127,℃,2025-06-02 08:00:00,终馏点蒸发温度TFBP,延化180万吨/年汽油精制装置
98.0,ST040127,<p>%</p>,2025-06-02 08:00:00,全馏,延化180万吨/年汽油精制装置
0.8,ST040127,<p>%</p>,2025-06-02 08:00:00,平均残留百分数(B),延化180万吨/年汽油精制装置
718.4,ST040127,<p>kg/m<sup>3</sup></p>,2025-06-02 08:00:00,密度(20℃),延化180万吨/年汽油精制装置
3.00,ST040127,<p>ppm</p>,2025-06-02 08:00:00,硫含量,延化180万吨/年汽油精制装置
3.00,ST040127,<p>ppm</p>,2025-06-02 20:00:00,硫含量,延化180万吨/年汽油精制装置
3.00,ST040127,<p>ppm</p>,2025-06-03 08:00:00,硫含量,延化180万吨/年汽油精制装置
37.1,ST040127,℃,2025-06-03 08:00:00,初馏点蒸发温度 TIBP,延化180万吨/年汽油精制装置
45.0,ST040127,℃,2025-06-03 08:00:00,10%平均蒸发温度T10%,延化180万吨/年汽油精制装置
82.5,ST040127,℃,2025-06-03 08:00:00,50%平均蒸发温度T50%,延化180万吨/年汽油精制装置
162.1,ST040127,℃,2025-06-03 08:00:00,90%平均蒸发温度T90%,延化180万吨/年汽油精制装置
187.8,ST040127,℃,2025-06-03 08:00:00,终馏点蒸发温度TFBP,延化180万吨/年汽油精制装置
98.0,ST040127,<p>%</p>,2025-06-03 08:00:00,全馏,延化180万吨/年汽油精制装置
0.8,ST040127,<p>%</p>,2025-06-03 08:00:00,平均残留百分数(B),延化180万吨/年汽油精制装置
54.00,ST040127,<p>gBr/100g</p>,2025-06-03 08:00:00,溴价 gBr/100g,延化180万吨/年汽油精制装置
717.6,ST040127,<p>kg/m<sup>3</sup></p>,2025-06-03 08:00:00,密度(20℃),延化180万吨/年汽油精制装置
3.00,ST040127,<p>ppm</p>,2025-06-03 20:00:00,硫含量,延化180万吨/年汽油精制装置
3.00,ST040127,<p>ppm</p>,2025-06-04 08:00:00,硫含量,延化180万吨/年汽油精制装置
716.6,ST040127,<p>kg/m<sup>3</sup></p>,2025-06-04 08:00:00,密度(20℃),延化180万吨/年汽油精制装置
54.00,ST040127,<p>gBr/100g</p>,2025-06-04 08:00:00,溴价 gBr/100g,延化180万吨/年汽油精制装置
37.3,ST040127,℃,2025-06-04 08:00:00,初馏点蒸发温度 TIBP,延化180万吨/年汽油精制装置
45.6,ST040127,℃,2025-06-04 08:00:00,10%平均蒸发温度T10%,延化180万吨/年汽油精制装置
78.9,ST040127,℃,2025-06-04 08:00:00,50%平均蒸发温度T50%,延化180万吨/年汽油精制装置
159.0,ST040127,℃,2025-06-04 08:00:00,90%平均蒸发温度T90%,延化180万吨/年汽油精制装置
185.3,ST040127,℃,2025-06-04 08:00:00,终馏点蒸发温度TFBP,延化180万吨/年汽油精制装置
98.0,ST040127,<p>%</p>,2025-06-04 08:00:00,全馏,延化180万吨/年汽油精制装置
0.8,ST040127,<p>%</p>,2025-06-04 08:00:00,平均残留百分数(B),延化180万吨/年汽油精制装置
3.00,ST040127,<p>ppm</p>,2025-06-04 20:00:00,硫含量,延化180万吨/年汽油精制装置
44.1,ST040127,℃,2025-06-05 08:00:00,10%平均蒸发温度T10%,延化180万吨/年汽油精制装置
37.2,ST040127,℃,2025-06-05 08:00:00,初馏点蒸发温度 TIBP,延化180万吨/年汽油精制装置
184.2,ST040127,℃,2025-06-05 08:00:00,终馏点蒸发温度TFBP,延化180万吨/年汽油精制装置
98.0,ST040127,<p>%</p>,2025-06-05 08:00:00,全馏,延化180万吨/年汽油精制装置
70.4,ST040127,℃,2025-06-05 08:00:00,50%平均蒸发温度T50%,延化180万吨/年汽油精制装置
0.8,ST040127,<p>%</p>,2025-06-05 08:00:00,平均残留百分数(B),延化180万吨/年汽油精制装置
1,ST040127,级,2025-06-05 08:00:00,铜片腐蚀(50℃，3h),延化180万吨/年汽油精制装置
<0.5,ST040127,<p>mg/100mL</p>,2025-06-05 08:00:00,未洗胶质,延化180万吨/年汽油精制装置
63.1,ST040127,<p>kPa</p>,2025-06-05 08:00:00,饱和蒸汽压(X),延化180万吨/年汽油精制装置
25.2,ST040127,%（v/v) ,2025-06-05 08:00:00,烯烃含量,延化180万吨/年汽油精制装置
15.8,ST040127,%（v/v) ,2025-06-05 08:00:00,芳烃含量,延化180万吨/年汽油精制装置
59.1,ST040127,%（v/v) ,2025-06-05 08:00:00,烷烃含量,延化180万吨/年汽油精制装置
3.00,ST040127,<p>ppm</p>,2025-06-05 08:00:00,硫含量,延化180万吨/年汽油精制装置
153.8,ST040127,℃,2025-06-05 08:00:00,90%平均蒸发温度T90%,延化180万吨/年汽油精制装置
716.6,ST040127,<p>kg/m<sup>3</sup></p>,2025-06-05 08:00:00,密度(20℃),延化180万吨/年汽油精制装置
56.00,ST040127,<p>gBr/100g</p>,2025-06-05 08:00:00,溴价 gBr/100g,延化180万吨/年汽油精制装置
3.00,ST040127,<p>ppm</p>,2025-06-05 20:00:00,硫含量,延化180万吨/年汽油精制装置
85.1,ST040127,℃,2025-06-06 08:00:00,50%平均蒸发温度T50%,延化180万吨/年汽油精制装置
192.1,ST040127,℃,2025-06-06 08:00:00,终馏点蒸发温度TFBP,延化180万吨/年汽油精制装置
55.00,ST040127,<p>gBr/100g</p>,2025-06-06 08:00:00,溴价 gBr/100g,延化180万吨/年汽油精制装置
38.2,ST040127,℃,2025-06-06 08:00:00,初馏点蒸发温度 TIBP,延化180万吨/年汽油精制装置
50.0,ST040127,℃,2025-06-06 08:00:00,10%平均蒸发温度T10%,延化180万吨/年汽油精制装置
3.00,ST040127,<p>ppm</p>,2025-06-06 08:00:00,硫含量,延化180万吨/年汽油精制装置
163.0,ST040127,℃,2025-06-06 08:00:00,90%平均蒸发温度T90%,延化180万吨/年汽油精制装置
98.0,ST040127,<p>%</p>,2025-06-06 08:00:00,全馏,延化180万吨/年汽油精制装置
0.8,ST040127,<p>%</p>,2025-06-06 08:00:00,平均残留百分数(B),延化180万吨/年汽油精制装置
716.5,ST040127,<p>kg/m<sup>3</sup></p>,2025-06-06 08:00:00,密度(20℃),延化180万吨/年汽油精制装置
3.00,ST040127,<p>ppm</p>,2025-06-06 20:00:00,硫含量,延化180万吨/年汽油精制装置
39.3,ST040127,℃,2025-06-07 08:00:00,初馏点蒸发温度 TIBP,延化180万吨/年汽油精制装置
50.0,ST040127,℃,2025-06-07 08:00:00,10%平均蒸发温度T10%,延化180万吨/年汽油精制装置
163.9,ST040127,℃,2025-06-07 08:00:00,90%平均蒸发温度T90%,延化180万吨/年汽油精制装置
193.0,ST040127,℃,2025-06-07 08:00:00,终馏点蒸发温度TFBP,延化180万吨/年汽油精制装置
98.0,ST040127,<p>%</p>,2025-06-07 08:00:00,全馏,延化180万吨/年汽油精制装置
56.00,ST040127,<p>gBr/100g</p>,2025-06-07 08:00:00,溴价 gBr/100g,延化180万吨/年汽油精制装置
0.8,ST040127,<p>%</p>,2025-06-07 08:00:00,平均残留百分数(B),延化180万吨/年汽油精制装置
3.00,ST040127,<p>ppm</p>,2025-06-07 08:00:00,硫含量,延化180万吨/年汽油精制装置
84.4,ST040127,℃,2025-06-07 08:00:00,50%平均蒸发温度T50%,延化180万吨/年汽油精制装置
717.1,ST040127,<p>kg/m<sup>3</sup></p>,2025-06-07 08:00:00,密度(20℃),延化180万吨/年汽油精制装置
3.00,ST040127,<p>ppm</p>,2025-06-07 20:00:00,硫含量,延化180万吨/年汽油精制装置
49.9,ST040127,℃,2025-06-08 08:00:00,10%平均蒸发温度T10%,延化180万吨/年汽油精制装置
717.5,ST040127,<p>kg/m<sup>3</sup></p>,2025-06-08 08:00:00,密度(20℃),延化180万吨/年汽油精制装置
55.00,ST040127,<p>gBr/100g</p>,2025-06-08 08:00:00,溴价 gBr/100g,延化180万吨/年汽油精制装置
3.00,ST040127,<p>ppm</p>,2025-06-08 08:00:00,硫含量,延化180万吨/年汽油精制装置
86.5,ST040127,℃,2025-06-08 08:00:00,50%平均蒸发温度T50%,延化180万吨/年汽油精制装置
164.1,ST040127,℃,2025-06-08 08:00:00,90%平均蒸发温度T90%,延化180万吨/年汽油精制装置
192.9,ST040127,℃,2025-06-08 08:00:00,终馏点蒸发温度TFBP,延化180万吨/年汽油精制装置
98.0,ST040127,<p>%</p>,2025-06-08 08:00:00,全馏,延化180万吨/年汽油精制装置
0.8,ST040127,<p>%</p>,2025-06-08 08:00:00,平均残留百分数(B),延化180万吨/年汽油精制装置
38.1,ST040127,℃,2025-06-08 08:00:00,初馏点蒸发温度 TIBP,延化180万吨/年汽油精制装置
3.00,ST040127,<p>ppm</p>,2025-06-08 20:00:00,硫含量,延化180万吨/年汽油精制装置
38.0,ST040127,℃,2025-06-09 08:00:00,初馏点蒸发温度 TIBP,延化180万吨/年汽油精制装置
50.3,ST040127,℃,2025-06-09 08:00:00,10%平均蒸发温度T10%,延化180万吨/年汽油精制装置
82.5,ST040127,℃,2025-06-09 08:00:00,50%平均蒸发温度T50%,延化180万吨/年汽油精制装置
163.5,ST040127,℃,2025-06-09 08:00:00,90%平均蒸发温度T90%,延化180万吨/年汽油精制装置
191.1,ST040127,℃,2025-06-09 08:00:00,终馏点蒸发温度TFBP,延化180万吨/年汽油精制装置
98.0,ST040127,<p>%</p>,2025-06-09 08:00:00,全馏,延化180万吨/年汽油精制装置
0.8,ST040127,<p>%</p>,2025-06-09 08:00:00,平均残留百分数(B),延化180万吨/年汽油精制装置
3.00,ST040127,<p>ppm</p>,2025-06-09 08:00:00,硫含量,延化180万吨/年汽油精制装置
717.4,ST040127,<p>kg/m<sup>3</sup></p>,2025-06-09 08:00:00,密度(20℃),延化180万吨/年汽油精制装置
54.00,ST040127,<p>gBr/100g</p>,2025-06-09 08:00:00,溴价 gBr/100g,延化180万吨/年汽油精制装置
3.00,ST040127,<p>ppm</p>,2025-06-09 20:00:00,硫含量,延化180万吨/年汽油精制装置
37.3,ST040127,℃,2025-06-10 08:00:00,初馏点蒸发温度 TIBP,延化180万吨/年汽油精制装置
49.2,ST040127,℃,2025-06-10 08:00:00,10%平均蒸发温度T10%,延化180万吨/年汽油精制装置
86.5,ST040127,℃,2025-06-10 08:00:00,50%平均蒸发温度T50%,延化180万吨/年汽油精制装置
165.1,ST040127,℃,2025-06-10 08:00:00,90%平均蒸发温度T90%,延化180万吨/年汽油精制装置
194.7,ST040127,℃,2025-06-10 08:00:00,终馏点蒸发温度TFBP,延化180万吨/年汽油精制装置
98.0,ST040127,<p>%</p>,2025-06-10 08:00:00,全馏,延化180万吨/年汽油精制装置
0.8,ST040127,<p>%</p>,2025-06-10 08:00:00,平均残留百分数(B),延化180万吨/年汽油精制装置
717.9,ST040127,<p>kg/m<sup>3</sup></p>,2025-06-10 08:00:00,密度(20℃),延化180万吨/年汽油精制装置
55.00,ST040127,<p>gBr/100g</p>,2025-06-10 08:00:00,溴价 gBr/100g,延化180万吨/年汽油精制装置
3.00,ST040127,<p>ppm</p>,2025-06-10 08:00:00,硫含量,延化180万吨/年汽油精制装置
3.00,ST040127,<p>ppm</p>,2025-06-10 20:00:00,硫含量,延化180万吨/年汽油精制装置
49.9,ST040127,℃,2025-06-11 08:00:00,10%平均蒸发温度T10%,延化180万吨/年汽油精制装置
3.00,ST040127,<p>ppm</p>,2025-06-11 08:00:00,硫含量,延化180万吨/年汽油精制装置
716.0,ST040127,<p>kg/m<sup>3</sup></p>,2025-06-11 08:00:00,密度(20℃),延化180万吨/年汽油精制装置
56.00,ST040127,<p>gBr/100g</p>,2025-06-11 08:00:00,溴价 gBr/100g,延化180万吨/年汽油精制装置
38.8,ST040127,℃,2025-06-11 08:00:00,初馏点蒸发温度 TIBP,延化180万吨/年汽油精制装置
0.8,ST040127,<p>%</p>,2025-06-11 08:00:00,平均残留百分数(B),延化180万吨/年汽油精制装置
85.1,ST040127,℃,2025-06-11 08:00:00,50%平均蒸发温度T50%,延化180万吨/年汽油精制装置
162.5,ST040127,℃,2025-06-11 08:00:00,90%平均蒸发温度T90%,延化180万吨/年汽油精制装置
190.2,ST040127,℃,2025-06-11 08:00:00,终馏点蒸发温度TFBP,延化180万吨/年汽油精制装置
98.0,ST040127,<p>%</p>,2025-06-11 08:00:00,全馏,延化180万吨/年汽油精制装置
3.00,ST040127,<p>ppm</p>,2025-06-11 20:00:00,硫含量,延化180万吨/年汽油精制装置
3.00,ST040127,<p>ppm</p>,2025-06-12 08:00:00,硫含量,延化180万吨/年汽油精制装置
0.8,ST040127,<p>%</p>,2025-06-12 08:00:00,平均残留百分数(B),延化180万吨/年汽油精制装置
25.2,ST040127,%（v/v) ,2025-06-12 08:00:00,烯烃含量,延化180万吨/年汽油精制装置
15.7,ST040127,%（v/v) ,2025-06-12 08:00:00,芳烃含量,延化180万吨/年汽油精制装置
59.2,ST040127,%（v/v) ,2025-06-12 08:00:00,烷烃含量,延化180万吨/年汽油精制装置
<0.5,ST040127,<p>mg/100mL</p>,2025-06-12 08:00:00,未洗胶质,延化180万吨/年汽油精制装置
62.2,ST040127,<p>kPa</p>,2025-06-12 08:00:00,饱和蒸汽压(X),延化180万吨/年汽油精制装置
38.7,ST040127,℃,2025-06-12 08:00:00,初馏点蒸发温度 TIBP,延化180万吨/年汽油精制装置
47.1,ST040127,℃,2025-06-12 08:00:00,10%平均蒸发温度T10%,延化180万吨/年汽油精制装置
75.6,ST040127,℃,2025-06-12 08:00:00,50%平均蒸发温度T50%,延化180万吨/年汽油精制装置
157.5,ST040127,℃,2025-06-12 08:00:00,90%平均蒸发温度T90%,延化180万吨/年汽油精制装置
184.3,ST040127,℃,2025-06-12 08:00:00,终馏点蒸发温度TFBP,延化180万吨/年汽油精制装置
98.0,ST040127,<p>%</p>,2025-06-12 08:00:00,全馏,延化180万吨/年汽油精制装置
716.2,ST040127,<p>kg/m<sup>3</sup></p>,2025-06-12 08:00:00,密度(20℃),延化180万吨/年汽油精制装置
48.00,ST040127,<p>gBr/100g</p>,2025-06-12 08:00:00,溴价 gBr/100g,延化180万吨/年汽油精制装置
1,ST040127,级,2025-06-12 08:00:00,铜片腐蚀(50℃，3h),延化180万吨/年汽油精制装置
3.00,ST040127,<p>ppm</p>,2025-06-12 20:00:00,硫含量,延化180万吨/年汽油精制装置
48.1,ST040127,℃,2025-06-13 08:00:00,10%平均蒸发温度T10%,延化180万吨/年汽油精制装置
715.4,ST040127,<p>kg/m<sup>3</sup></p>,2025-06-13 08:00:00,密度(20℃),延化180万吨/年汽油精制装置
47.00,ST040127,<p>gBr/100g</p>,2025-06-13 08:00:00,溴价 gBr/100g,延化180万吨/年汽油精制装置
32.9,ST040127,℃,2025-06-13 08:00:00,初馏点蒸发温度 TIBP,延化180万吨/年汽油精制装置
3.00,ST040127,<p>ppm</p>,2025-06-13 08:00:00,硫含量,延化180万吨/年汽油精制装置
0.8,ST040127,<p>%</p>,2025-06-13 08:00:00,平均残留百分数(B),延化180万吨/年汽油精制装置
88.0,ST040127,℃,2025-06-13 08:00:00,50%平均蒸发温度T50%,延化180万吨/年汽油精制装置
160.4,ST040127,℃,2025-06-13 08:00:00,90%平均蒸发温度T90%,延化180万吨/年汽油精制装置
190.1,ST040127,℃,2025-06-13 08:00:00,终馏点蒸发温度TFBP,延化180万吨/年汽油精制装置
98.0,ST040127,<p>%</p>,2025-06-13 08:00:00,全馏,延化180万吨/年汽油精制装置
3.00,ST040127,<p>ppm</p>,2025-06-13 20:00:00,硫含量,延化180万吨/年汽油精制装置
98.0,ST040127,<p>%</p>,2025-06-14 08:00:00,全馏,延化180万吨/年汽油精制装置
193.3,ST040127,℃,2025-06-14 08:00:00,终馏点蒸发温度TFBP,延化180万吨/年汽油精制装置
50.3,ST040127,℃,2025-06-14 08:00:00,10%平均蒸发温度T10%,延化180万吨/年汽油精制装置
88.0,ST040127,℃,2025-06-14 08:00:00,50%平均蒸发温度T50%,延化180万吨/年汽油精制装置
164.6,ST040127,℃,2025-06-14 08:00:00,90%平均蒸发温度T90%,延化180万吨/年汽油精制装置
3.00,ST040127,<p>ppm</p>,2025-06-14 08:00:00,硫含量,延化180万吨/年汽油精制装置
0.8,ST040127,<p>%</p>,2025-06-14 08:00:00,平均残留百分数(B),延化180万吨/年汽油精制装置
37.1,ST040127,℃,2025-06-14 08:00:00,初馏点蒸发温度 TIBP,延化180万吨/年汽油精制装置
717.6,ST040127,<p>kg/m<sup>3</sup></p>,2025-06-14 08:00:00,密度(20℃),延化180万吨/年汽油精制装置
50.00,ST040127,<p>gBr/100g</p>,2025-06-14 08:00:00,溴价 gBr/100g,延化180万吨/年汽油精制装置
3.00,ST040127,<p>ppm</p>,2025-06-14 20:00:00,硫含量,延化180万吨/年汽油精制装置
3.00,ST040127,<p>ppm</p>,2025-06-15 08:00:00,硫含量,延化180万吨/年汽油精制装置
190.2,ST040127,℃,2025-06-15 08:00:00,终馏点蒸发温度TFBP,延化180万吨/年汽油精制装置
717.0,ST040127,<p>kg/m<sup>3</sup></p>,2025-06-15 08:00:00,密度(20℃),延化180万吨/年汽油精制装置
48.00,ST040127,<p>gBr/100g</p>,2025-06-15 08:00:00,溴价 gBr/100g,延化180万吨/年汽油精制装置
36.6,ST040127,℃,2025-06-15 08:00:00,初馏点蒸发温度 TIBP,延化180万吨/年汽油精制装置
48.8,ST040127,℃,2025-06-15 08:00:00,10%平均蒸发温度T10%,延化180万吨/年汽油精制装置
82.2,ST040127,℃,2025-06-15 08:00:00,50%平均蒸发温度T50%,延化180万吨/年汽油精制装置
162.5,ST040127,℃,2025-06-15 08:00:00,90%平均蒸发温度T90%,延化180万吨/年汽油精制装置
98.0,ST040127,<p>%</p>,2025-06-15 08:00:00,全馏,延化180万吨/年汽油精制装置
0.8,ST040127,<p>%</p>,2025-06-15 08:00:00,平均残留百分数(B),延化180万吨/年汽油精制装置
3.00,ST040127,<p>ppm</p>,2025-06-15 20:00:00,硫含量,延化180万吨/年汽油精制装置
80.7,ST040127,℃,2025-06-16 08:00:00,50%平均蒸发温度T50%,延化180万吨/年汽油精制装置
717.0,ST040127,<p>kg/m<sup>3</sup></p>,2025-06-16 08:00:00,密度(20℃),延化180万吨/年汽油精制装置
55.00,ST040127,<p>gBr/100g</p>,2025-06-16 08:00:00,溴价 gBr/100g,延化180万吨/年汽油精制装置
36.8,ST040127,℃,2025-06-16 08:00:00,初馏点蒸发温度 TIBP,延化180万吨/年汽油精制装置
47.9,ST040127,℃,2025-06-16 08:00:00,10%平均蒸发温度T10%,延化180万吨/年汽油精制装置
87.6,ST040127,,2025-06-16 08:00:00,研究法辛烷值(RON),延化180万吨/年汽油精制装置
188.4,ST040127,℃,2025-06-16 08:00:00,终馏点蒸发温度TFBP,延化180万吨/年汽油精制装置
98.0,ST040127,<p>%</p>,2025-06-16 08:00:00,全馏,延化180万吨/年汽油精制装置
0.8,ST040127,<p>%</p>,2025-06-16 08:00:00,平均残留百分数(B),延化180万吨/年汽油精制装置
3.00,ST040127,<p>ppm</p>,2025-06-16 08:00:00,硫含量,延化180万吨/年汽油精制装置
161.4,ST040127,℃,2025-06-16 08:00:00,90%平均蒸发温度T90%,延化180万吨/年汽油精制装置
3.00,ST040127,<p>ppm</p>,2025-06-16 20:00:00,硫含量,延化180万吨/年汽油精制装置
50.6,ST040127,℃,2025-06-17 08:00:00,10%平均蒸发温度T10%,延化180万吨/年汽油精制装置
88.5,ST040127,℃,2025-06-17 08:00:00,50%平均蒸发温度T50%,延化180万吨/年汽油精制装置
193.7,ST040127,℃,2025-06-17 08:00:00,终馏点蒸发温度TFBP,延化180万吨/年汽油精制装置
98.0,ST040127,<p>%</p>,2025-06-17 08:00:00,全馏,延化180万吨/年汽油精制装置
0.8,ST040127,<p>%</p>,2025-06-17 08:00:00,平均残留百分数(B),延化180万吨/年汽油精制装置
37.3,ST040127,℃,2025-06-17 08:00:00,初馏点蒸发温度 TIBP,延化180万吨/年汽油精制装置
3.00,ST040127,<p>ppm</p>,2025-06-17 08:00:00,硫含量,延化180万吨/年汽油精制装置
52.00,ST040127,<p>gBr/100g</p>,2025-06-17 08:00:00,溴价 gBr/100g,延化180万吨/年汽油精制装置
164.2,ST040127,℃,2025-06-17 08:00:00,90%平均蒸发温度T90%,延化180万吨/年汽油精制装置
715.3,ST040127,<p>kg/m<sup>3</sup></p>,2025-06-17 08:00:00,密度(20℃),延化180万吨/年汽油精制装置
3.00,ST040127,<p>ppm</p>,2025-06-17 20:00:00,硫含量,延化180万吨/年汽油精制装置
193.2,ST040127,℃,2025-06-18 08:00:00,终馏点蒸发温度TFBP,延化180万吨/年汽油精制装置
54.00,ST040127,<p>gBr/100g</p>,2025-06-18 08:00:00,溴价 gBr/100g,延化180万吨/年汽油精制装置
37.6,ST040127,℃,2025-06-18 08:00:00,初馏点蒸发温度 TIBP,延化180万吨/年汽油精制装置
51.2,ST040127,℃,2025-06-18 08:00:00,10%平均蒸发温度T10%,延化180万吨/年汽油精制装置
89.3,ST040127,℃,2025-06-18 08:00:00,50%平均蒸发温度T50%,延化180万吨/年汽油精制装置
164.5,ST040127,℃,2025-06-18 08:00:00,90%平均蒸发温度T90%,延化180万吨/年汽油精制装置
98.0,ST040127,<p>%</p>,2025-06-18 08:00:00,全馏,延化180万吨/年汽油精制装置
0.8,ST040127,<p>%</p>,2025-06-18 08:00:00,平均残留百分数(B),延化180万吨/年汽油精制装置
715.9,ST040127,<p>kg/m<sup>3</sup></p>,2025-06-18 08:00:00,密度(20℃),延化180万吨/年汽油精制装置
3.00,ST040127,<p>ppm</p>,2025-06-18 08:00:00,硫含量,延化180万吨/年汽油精制装置
2.00,ST040127,<p>ppm</p>,2025-06-18 20:00:00,硫含量,延化180万吨/年汽油精制装置
55.00,ST040127,<p>gBr/100g</p>,2025-06-19 08:00:00,溴价 gBr/100g,延化180万吨/年汽油精制装置
0.8,ST040127,<p>%</p>,2025-06-19 08:00:00,平均残留百分数(B),延化180万吨/年汽油精制装置
1,ST040127,级,2025-06-19 08:00:00,铜片腐蚀(50℃，3h),延化180万吨/年汽油精制装置
<0.5,ST040127,<p>mg/100mL</p>,2025-06-19 08:00:00,未洗胶质,延化180万吨/年汽油精制装置
715.9,ST040127,<p>kg/m<sup>3</sup></p>,2025-06-19 08:00:00,密度(20℃),延化180万吨/年汽油精制装置
164.3,ST040127,℃,2025-06-19 08:00:00,90%平均蒸发温度T90%,延化180万吨/年汽油精制装置
25.4,ST040127,%（v/v) ,2025-06-19 08:00:00,烯烃含量,延化180万吨/年汽油精制装置
15.6,ST040127,%（v/v) ,2025-06-19 08:00:00,芳烃含量,延化180万吨/年汽油精制装置
58.9,ST040127,%（v/v) ,2025-06-19 08:00:00,烷烃含量,延化180万吨/年汽油精制装置
62.9,ST040127,<p>kPa</p>,2025-06-19 08:00:00,饱和蒸汽压(X),延化180万吨/年汽油精制装置
37.8,ST040127,℃,2025-06-19 08:00:00,初馏点蒸发温度 TIBP,延化180万吨/年汽油精制装置
51.6,ST040127,℃,2025-06-19 08:00:00,10%平均蒸发温度T10%,延化180万吨/年汽油精制装置
90.0,ST040127,℃,2025-06-19 08:00:00,50%平均蒸发温度T50%,延化180万吨/年汽油精制装置
193.3,ST040127,℃,2025-06-19 08:00:00,终馏点蒸发温度TFBP,延化180万吨/年汽油精制装置
98.0,ST040127,<p>%</p>,2025-06-19 08:00:00,全馏,延化180万吨/年汽油精制装置
3.00,ST040127,<p>ppm</p>,2025-06-19 08:00:00,硫含量,延化180万吨/年汽油精制装置
2.00,ST040127,<p>ppm</p>,2025-06-19 20:00:00,硫含量,延化180万吨/年汽油精制装置
3.00,ST040127,<p>ppm</p>,2025-06-20 08:00:00,硫含量,延化180万吨/年汽油精制装置
716.5,ST040127,<p>kg/m<sup>3</sup></p>,2025-06-20 08:00:00,密度(20℃),延化180万吨/年汽油精制装置
37.7,ST040127,℃,2025-06-20 08:00:00,初馏点蒸发温度 TIBP,延化180万吨/年汽油精制装置
47.8,ST040127,℃,2025-06-20 08:00:00,10%平均蒸发温度T10%,延化180万吨/年汽油精制装置
80.1,ST040127,℃,2025-06-20 08:00:00,50%平均蒸发温度T50%,延化180万吨/年汽油精制装置
160.7,ST040127,℃,2025-06-20 08:00:00,90%平均蒸发温度T90%,延化180万吨/年汽油精制装置
187.9,ST040127,℃,2025-06-20 08:00:00,终馏点蒸发温度TFBP,延化180万吨/年汽油精制装置
98.0,ST040127,<p>%</p>,2025-06-20 08:00:00,全馏,延化180万吨/年汽油精制装置
0.8,ST040127,<p>%</p>,2025-06-20 08:00:00,平均残留百分数(B),延化180万吨/年汽油精制装置
53.00,ST040127,<p>gBr/100g</p>,2025-06-20 08:00:00,溴价 gBr/100g,延化180万吨/年汽油精制装置
2.00,ST040127,<p>ppm</p>,2025-06-20 20:00:00,硫含量,延化180万吨/年汽油精制装置
716.5,ST040127,<p>kg/m<sup>3</sup></p>,2025-06-21 08:00:00,密度(20℃),延化180万吨/年汽油精制装置
55.00,ST040127,<p>gBr/100g</p>,2025-06-21 08:00:00,溴价 gBr/100g,延化180万吨/年汽油精制装置
37.5,ST040127,℃,2025-06-21 08:00:00,初馏点蒸发温度 TIBP,延化180万吨/年汽油精制装置
50.9,ST040127,℃,2025-06-21 08:00:00,10%平均蒸发温度T10%,延化180万吨/年汽油精制装置
88.3,ST040127,℃,2025-06-21 08:00:00,50%平均蒸发温度T50%,延化180万吨/年汽油精制装置
163.5,ST040127,℃,2025-06-21 08:00:00,90%平均蒸发温度T90%,延化180万吨/年汽油精制装置
193.5,ST040127,℃,2025-06-21 08:00:00,终馏点蒸发温度TFBP,延化180万吨/年汽油精制装置
98.0,ST040127,<p>%</p>,2025-06-21 08:00:00,全馏,延化180万吨/年汽油精制装置
0.8,ST040127,<p>%</p>,2025-06-21 08:00:00,平均残留百分数(B),延化180万吨/年汽油精制装置
3.00,ST040127,<p>ppm</p>,2025-06-21 08:00:00,硫含量,延化180万吨/年汽油精制装置
3.00,ST040127,<p>ppm</p>,2025-06-21 20:00:00,硫含量,延化180万吨/年汽油精制装置
3.00,ST040127,<p>ppm</p>,2025-06-22 08:00:00,硫含量,延化180万吨/年汽油精制装置
50.9,ST040127,℃,2025-06-22 08:00:00,10%平均蒸发温度T10%,延化180万吨/年汽油精制装置
716.5,ST040127,<p>kg/m<sup>3</sup></p>,2025-06-22 08:00:00,密度(20℃),延化180万吨/年汽油精制装置
56.00,ST040127,<p>gBr/100g</p>,2025-06-22 08:00:00,溴价 gBr/100g,延化180万吨/年汽油精制装置
38.0,ST040127,℃,2025-06-22 08:00:00,初馏点蒸发温度 TIBP,延化180万吨/年汽油精制装置
0.8,ST040127,<p>%</p>,2025-06-22 08:00:00,平均残留百分数(B),延化180万吨/年汽油精制装置
88.1,ST040127,℃,2025-06-22 08:00:00,50%平均蒸发温度T50%,延化180万吨/年汽油精制装置
163.7,ST040127,℃,2025-06-22 08:00:00,90%平均蒸发温度T90%,延化180万吨/年汽油精制装置
193.0,ST040127,℃,2025-06-22 08:00:00,终馏点蒸发温度TFBP,延化180万吨/年汽油精制装置
98.0,ST040127,<p>%</p>,2025-06-22 08:00:00,全馏,延化180万吨/年汽油精制装置
3.00,ST040127,<p>ppm</p>,2025-06-22 20:00:00,硫含量,延化180万吨/年汽油精制装置
3.00,ST040127,<p>ppm</p>,2025-06-23 08:00:00,硫含量,延化180万吨/年汽油精制装置
87.5,ST040127,,2025-06-23 08:00:00,研究法辛烷值(RON),延化180万吨/年汽油精制装置
192.9,ST040127,℃,2025-06-23 08:00:00,终馏点蒸发温度TFBP,延化180万吨/年汽油精制装置
716.8,ST040127,<p>kg/m<sup>3</sup></p>,2025-06-23 08:00:00,密度(20℃),延化180万吨/年汽油精制装置
53.00,ST040127,<p>gBr/100g</p>,2025-06-23 08:00:00,溴价 gBr/100g,延化180万吨/年汽油精制装置
37.9,ST040127,℃,2025-06-23 08:00:00,初馏点蒸发温度 TIBP,延化180万吨/年汽油精制装置
50.6,ST040127,℃,2025-06-23 08:00:00,10%平均蒸发温度T10%,延化180万吨/年汽油精制装置
87.1,ST040127,℃,2025-06-23 08:00:00,50%平均蒸发温度T50%,延化180万吨/年汽油精制装置
163.0,ST040127,℃,2025-06-23 08:00:00,90%平均蒸发温度T90%,延化180万吨/年汽油精制装置
98.0,ST040127,<p>%</p>,2025-06-23 08:00:00,全馏,延化180万吨/年汽油精制装置
0.8,ST040127,<p>%</p>,2025-06-23 08:00:00,平均残留百分数(B),延化180万吨/年汽油精制装置
3.00,ST040127,<p>ppm</p>,2025-06-23 20:00:00,硫含量,延化180万吨/年汽油精制装置
73.4,ST040127,℃,2025-06-24 08:00:00,50%平均蒸发温度T50%,延化180万吨/年汽油精制装置
55.00,ST040127,<p>gBr/100g</p>,2025-06-24 08:00:00,溴价 gBr/100g,延化180万吨/年汽油精制装置
37.7,ST040127,℃,2025-06-24 08:00:00,初馏点蒸发温度 TIBP,延化180万吨/年汽油精制装置
45.5,ST040127,℃,2025-06-24 08:00:00,10%平均蒸发温度T10%,延化180万吨/年汽油精制装置
154.2,ST040127,℃,2025-06-24 08:00:00,90%平均蒸发温度T90%,延化180万吨/年汽油精制装置
183.5,ST040127,℃,2025-06-24 08:00:00,终馏点蒸发温度TFBP,延化180万吨/年汽油精制装置
98.0,ST040127,<p>%</p>,2025-06-24 08:00:00,全馏,延化180万吨/年汽油精制装置
0.8,ST040127,<p>%</p>,2025-06-24 08:00:00,平均残留百分数(B),延化180万吨/年汽油精制装置
3.00,ST040127,<p>ppm</p>,2025-06-24 08:00:00,硫含量,延化180万吨/年汽油精制装置
716.1,ST040127,<p>kg/m<sup>3</sup></p>,2025-06-24 08:00:00,密度(20℃),延化180万吨/年汽油精制装置
3.00,ST040127,<p>ppm</p>,2025-06-24 20:00:00,硫含量,延化180万吨/年汽油精制装置
164.7,ST040127,℃,2025-06-25 08:00:00,90%平均蒸发温度T90%,延化180万吨/年汽油精制装置
193.6,ST040127,℃,2025-06-25 08:00:00,终馏点蒸发温度TFBP,延化180万吨/年汽油精制装置
98.0,ST040127,<p>%</p>,2025-06-25 08:00:00,全馏,延化180万吨/年汽油精制装置
0.8,ST040127,<p>%</p>,2025-06-25 08:00:00,平均残留百分数(B),延化180万吨/年汽油精制装置
48.1,ST040127,℃,2025-06-25 08:00:00,10%平均蒸发温度T10%,延化180万吨/年汽油精制装置
87.2,ST040127,℃,2025-06-25 08:00:00,50%平均蒸发温度T50%,延化180万吨/年汽油精制装置
3.00,ST040127,<p>ppm</p>,2025-06-25 08:00:00,硫含量,延化180万吨/年汽油精制装置
716.6,ST040127,<p>kg/m<sup>3</sup></p>,2025-06-25 08:00:00,密度(20℃),延化180万吨/年汽油精制装置
34.5,ST040127,℃,2025-06-25 08:00:00,初馏点蒸发温度 TIBP,延化180万吨/年汽油精制装置
54.00,ST040127,<p>gBr/100g</p>,2025-06-25 08:00:00,溴价 gBr/100g,延化180万吨/年汽油精制装置
3.00,ST040127,<p>ppm</p>,2025-06-25 20:00:00,硫含量,延化180万吨/年汽油精制装置
183.3,ST040127,℃,2025-06-26 08:00:00,终馏点蒸发温度TFBP,延化180万吨/年汽油精制装置
74.1,ST040127,℃,2025-06-26 08:00:00,50%平均蒸发温度T50%,延化180万吨/年汽油精制装置
0.8,ST040127,<p>%</p>,2025-06-26 08:00:00,平均残留百分数(B),延化180万吨/年汽油精制装置
98.0,ST040127,<p>%</p>,2025-06-26 08:00:00,全馏,延化180万吨/年汽油精制装置
<0.5,ST040127,<p>mg/100mL</p>,2025-06-26 08:00:00,未洗胶质,延化180万吨/年汽油精制装置
59.7,ST040127,%（v/v) ,2025-06-26 08:00:00,烷烃含量,延化180万吨/年汽油精制装置
63.4,ST040127,<p>kPa</p>,2025-06-26 08:00:00,饱和蒸汽压(X),延化180万吨/年汽油精制装置
24.4,ST040127,%（v/v) ,2025-06-26 08:00:00,烯烃含量,延化180万吨/年汽油精制装置
15.9,ST040127,%（v/v) ,2025-06-26 08:00:00,芳烃含量,延化180万吨/年汽油精制装置
3.00,ST040127,<p>ppm</p>,2025-06-26 08:00:00,硫含量,延化180万吨/年汽油精制装置
1,ST040127,级,2025-06-26 08:00:00,铜片腐蚀(50℃，3h),延化180万吨/年汽油精制装置
154.0,ST040127,℃,2025-06-26 08:00:00,90%平均蒸发温度T90%,延化180万吨/年汽油精制装置
715.9,ST040127,<p>kg/m<sup>3</sup></p>,2025-06-26 08:00:00,密度(20℃),延化180万吨/年汽油精制装置
52.00,ST040127,<p>gBr/100g</p>,2025-06-26 08:00:00,溴价 gBr/100g,延化180万吨/年汽油精制装置
38.0,ST040127,℃,2025-06-26 08:00:00,初馏点蒸发温度 TIBP,延化180万吨/年汽油精制装置
46.0,ST040127,℃,2025-06-26 08:00:00,10%平均蒸发温度T10%,延化180万吨/年汽油精制装置
3.00,ST040127,<p>ppm</p>,2025-06-26 20:00:00,硫含量,延化180万吨/年汽油精制装置
75.9,ST040127,℃,2025-06-27 08:00:00,50%平均蒸发温度T50%,延化180万吨/年汽油精制装置
717.8,ST040127,<p>kg/m<sup>3</sup></p>,2025-06-27 08:00:00,密度(20℃),延化180万吨/年汽油精制装置
38.0,ST040127,℃,2025-06-27 08:00:00,初馏点蒸发温度 TIBP,延化180万吨/年汽油精制装置
46.6,ST040127,℃,2025-06-27 08:00:00,10%平均蒸发温度T10%,延化180万吨/年汽油精制装置
157.2,ST040127,℃,2025-06-27 08:00:00,90%平均蒸发温度T90%,延化180万吨/年汽油精制装置
184.4,ST040127,℃,2025-06-27 08:00:00,终馏点蒸发温度TFBP,延化180万吨/年汽油精制装置
98.0,ST040127,<p>%</p>,2025-06-27 08:00:00,全馏,延化180万吨/年汽油精制装置
0.8,ST040127,<p>%</p>,2025-06-27 08:00:00,平均残留百分数(B),延化180万吨/年汽油精制装置
55.00,ST040127,<p>gBr/100g</p>,2025-06-27 08:00:00,溴价 gBr/100g,延化180万吨/年汽油精制装置
3.00,ST040127,<p>ppm</p>,2025-06-27 08:00:00,硫含量,延化180万吨/年汽油精制装置
4.00,ST040127,<p>ppm</p>,2025-06-27 20:00:00,硫含量,延化180万吨/年汽油精制装置
3.00,ST040127,<p>ppm</p>,2025-06-28 08:00:00,硫含量,延化180万吨/年汽油精制装置
38.1,ST040127,℃,2025-06-28 08:00:00,初馏点蒸发温度 TIBP,延化180万吨/年汽油精制装置
53.9,ST040127,℃,2025-06-28 08:00:00,10%平均蒸发温度T10%,延化180万吨/年汽油精制装置
75.1,ST040127,℃,2025-06-28 08:00:00,50%平均蒸发温度T50%,延化180万吨/年汽油精制装置
155.3,ST040127,℃,2025-06-28 08:00:00,90%平均蒸发温度T90%,延化180万吨/年汽油精制装置
181.5,ST040127,℃,2025-06-28 08:00:00,终馏点蒸发温度TFBP,延化180万吨/年汽油精制装置
98.0,ST040127,<p>%</p>,2025-06-28 08:00:00,全馏,延化180万吨/年汽油精制装置
0.8,ST040127,<p>%</p>,2025-06-28 08:00:00,平均残留百分数(B),延化180万吨/年汽油精制装置
716.5,ST040127,<p>kg/m<sup>3</sup></p>,2025-06-28 08:00:00,密度(20℃),延化180万吨/年汽油精制装置
55.00,ST040127,<p>gBr/100g</p>,2025-06-28 08:00:00,溴价 gBr/100g,延化180万吨/年汽油精制装置
3.00,ST040127,<p>ppm</p>,2025-06-28 20:00:00,硫含量,延化180万吨/年汽油精制装置
3.00,ST040127,<p>ppm</p>,2025-06-29 08:00:00,硫含量,延化180万吨/年汽油精制装置
98.0,ST040127,<p>%</p>,2025-06-29 08:00:00,全馏,延化180万吨/年汽油精制装置
38.6,ST040127,℃,2025-06-29 08:00:00,初馏点蒸发温度 TIBP,延化180万吨/年汽油精制装置
48.6,ST040127,℃,2025-06-29 08:00:00,10%平均蒸发温度T10%,延化180万吨/年汽油精制装置
80.4,ST040127,℃,2025-06-29 08:00:00,50%平均蒸发温度T50%,延化180万吨/年汽油精制装置
160.3,ST040127,℃,2025-06-29 08:00:00,90%平均蒸发温度T90%,延化180万吨/年汽油精制装置
187.3,ST040127,℃,2025-06-29 08:00:00,终馏点蒸发温度TFBP,延化180万吨/年汽油精制装置
0.8,ST040127,<p>%</p>,2025-06-29 08:00:00,平均残留百分数(B),延化180万吨/年汽油精制装置
717.6,ST040127,<p>kg/m<sup>3</sup></p>,2025-06-29 08:00:00,密度(20℃),延化180万吨/年汽油精制装置
49.00,ST040127,<p>gBr/100g</p>,2025-06-29 08:00:00,溴价 gBr/100g,延化180万吨/年汽油精制装置
3.00,ST040127,<p>ppm</p>,2025-06-29 20:00:00,硫含量,延化180万吨/年汽油精制装置
50.1,ST040127,℃,2025-06-30 08:00:00,10%平均蒸发温度T10%,延化180万吨/年汽油精制装置
0.8,ST040127,<p>%</p>,2025-06-30 08:00:00,平均残留百分数(B),延化180万吨/年汽油精制装置
717.6,ST040127,<p>kg/m<sup>3</sup></p>,2025-06-30 08:00:00,密度(20℃),延化180万吨/年汽油精制装置
52.00,ST040127,<p>gBr/100g</p>,2025-06-30 08:00:00,溴价 gBr/100g,延化180万吨/年汽油精制装置
37.1,ST040127,℃,2025-06-30 08:00:00,初馏点蒸发温度 TIBP,延化180万吨/年汽油精制装置
3.00,ST040127,<p>ppm</p>,2025-06-30 08:00:00,硫含量,延化180万吨/年汽油精制装置
87.2,ST040127,℃,2025-06-30 08:00:00,50%平均蒸发温度T50%,延化180万吨/年汽油精制装置
164.1,ST040127,℃,2025-06-30 08:00:00,90%平均蒸发温度T90%,延化180万吨/年汽油精制装置
193.5,ST040127,℃,2025-06-30 08:00:00,终馏点蒸发温度TFBP,延化180万吨/年汽油精制装置
98.0,ST040127,<p>%</p>,2025-06-30 08:00:00,全馏,延化180万吨/年汽油精制装置
3.00,ST040127,<p>ppm</p>,2025-06-30 14:30:00,硫含量,延化180万吨/年汽油精制装置
3.00,ST040127,<p>ppm</p>,2025-06-30 20:00:00,硫含量,延化180万吨/年汽油精制装置
3.00,ST040127,<p>ppm</p>,2025-07-01 08:00:00,硫含量,延化180万吨/年汽油精制装置
717.3,ST040127,<p>kg/m<sup>3</sup></p>,2025-07-01 08:00:00,密度(20℃),延化180万吨/年汽油精制装置
56.00,ST040127,<p>gBr/100g</p>,2025-07-01 08:00:00,溴价 gBr/100g,延化180万吨/年汽油精制装置
48.0,ST040127,℃,2025-07-01 08:00:00,10%平均蒸发温度T10%,延化180万吨/年汽油精制装置
87.6,ST040127,℃,2025-07-01 08:00:00,50%平均蒸发温度T50%,延化180万吨/年汽油精制装置
161.9,ST040127,℃,2025-07-01 08:00:00,90%平均蒸发温度T90%,延化180万吨/年汽油精制装置
32.9,ST040127,℃,2025-07-01 08:00:00,初馏点蒸发温度 TIBP,延化180万吨/年汽油精制装置
98.0,ST040127,<p>%</p>,2025-07-01 08:00:00,全馏,延化180万吨/年汽油精制装置
0.8,ST040127,<p>%</p>,2025-07-01 08:00:00,平均残留百分数(B),延化180万吨/年汽油精制装置
192.1,ST040127,℃,2025-07-01 08:00:00,终馏点蒸发温度TFBP,延化180万吨/年汽油精制装置
3.00,ST040127,<p>ppm</p>,2025-07-01 20:00:00,硫含量,延化180万吨/年汽油精制装置
38.1,ST040127,℃,2025-07-02 08:00:00,初馏点蒸发温度 TIBP,延化180万吨/年汽油精制装置
48.9,ST040127,℃,2025-07-02 08:00:00,10%平均蒸发温度T10%,延化180万吨/年汽油精制装置
82.3,ST040127,℃,2025-07-02 08:00:00,50%平均蒸发温度T50%,延化180万吨/年汽油精制装置
160.3,ST040127,℃,2025-07-02 08:00:00,90%平均蒸发温度T90%,延化180万吨/年汽油精制装置
184.9,ST040127,℃,2025-07-02 08:00:00,终馏点蒸发温度TFBP,延化180万吨/年汽油精制装置
98.0,ST040127,<p>%</p>,2025-07-02 08:00:00,全馏,延化180万吨/年汽油精制装置
0.8,ST040127,<p>%</p>,2025-07-02 08:00:00,平均残留百分数(B),延化180万吨/年汽油精制装置
52.00,ST040127,<p>gBr/100g</p>,2025-07-02 08:00:00,溴价 gBr/100g,延化180万吨/年汽油精制装置
716.4,ST040127,<p>kg/m<sup>3</sup></p>,2025-07-02 08:00:00,密度(20℃),延化180万吨/年汽油精制装置
3.00,ST040127,<p>ppm</p>,2025-07-02 08:00:00,硫含量,延化180万吨/年汽油精制装置
3.00,ST040127,<p>ppm</p>,2025-07-02 20:00:00,硫含量,延化180万吨/年汽油精制装置
74.6,ST040127,℃,2025-07-03 08:00:00,50%平均蒸发温度T50%,延化180万吨/年汽油精制装置
154.4,ST040127,℃,2025-07-03 08:00:00,90%平均蒸发温度T90%,延化180万吨/年汽油精制装置
183.2,ST040127,℃,2025-07-03 08:00:00,终馏点蒸发温度TFBP,延化180万吨/年汽油精制装置
98.0,ST040127,<p>%</p>,2025-07-03 08:00:00,全馏,延化180万吨/年汽油精制装置
0.8,ST040127,<p>%</p>,2025-07-03 08:00:00,平均残留百分数(B),延化180万吨/年汽油精制装置
<0.5,ST040127,<p>mg/100mL</p>,2025-07-03 08:00:00,未洗胶质,延化180万吨/年汽油精制装置
62.6,ST040127,<p>kPa</p>,2025-07-03 08:00:00,饱和蒸汽压(X),延化180万吨/年汽油精制装置
3.00,ST040127,<p>ppm</p>,2025-07-03 08:00:00,硫含量,延化180万吨/年汽油精制装置
54.00,ST040127,<p>gBr/100g</p>,2025-07-03 08:00:00,溴价 gBr/100g,延化180万吨/年汽油精制装置
716.2,ST040127,<p>kg/m<sup>3</sup></p>,2025-07-03 08:00:00,密度(20℃),延化180万吨/年汽油精制装置
38.5,ST040127,℃,2025-07-03 08:00:00,初馏点蒸发温度 TIBP,延化180万吨/年汽油精制装置
46.7,ST040127,℃,2025-07-03 08:00:00,10%平均蒸发温度T10%,延化180万吨/年汽油精制装置
23.2,ST040127,%（v/v) ,2025-07-03 08:00:00,烯烃含量,延化180万吨/年汽油精制装置
15.6,ST040127,%（v/v) ,2025-07-03 08:00:00,芳烃含量,延化180万吨/年汽油精制装置
61.1,ST040127,%（v/v) ,2025-07-03 08:00:00,烷烃含量,延化180万吨/年汽油精制装置
1,ST040127,级,2025-07-03 08:00:00,铜片腐蚀(50℃，3h),延化180万吨/年汽油精制装置
3.00,ST040127,<p>ppm</p>,2025-07-03 20:00:00,硫含量,延化180万吨/年汽油精制装置
184.5,ST040127,℃,2025-07-04 08:00:00,终馏点蒸发温度TFBP,延化180万吨/年汽油精制装置
38.0,ST040127,℃,2025-07-04 08:00:00,初馏点蒸发温度 TIBP,延化180万吨/年汽油精制装置
46.5,ST040127,℃,2025-07-04 08:00:00,10%平均蒸发温度T10%,延化180万吨/年汽油精制装置
75.6,ST040127,℃,2025-07-04 08:00:00,50%平均蒸发温度T50%,延化180万吨/年汽油精制装置
156.9,ST040127,℃,2025-07-04 08:00:00,90%平均蒸发温度T90%,延化180万吨/年汽油精制装置
56.00,ST040127,<p>gBr/100g</p>,2025-07-04 08:00:00,溴价 gBr/100g,延化180万吨/年汽油精制装置
98.0,ST040127,<p>%</p>,2025-07-04 08:00:00,全馏,延化180万吨/年汽油精制装置
0.8,ST040127,<p>%</p>,2025-07-04 08:00:00,平均残留百分数(B),延化180万吨/年汽油精制装置
3.00,ST040127,<p>ppm</p>,2025-07-04 08:00:00,硫含量,延化180万吨/年汽油精制装置
715.1,ST040127,<p>kg/m<sup>3</sup></p>,2025-07-04 08:00:00,密度(20℃),延化180万吨/年汽油精制装置
3.00,ST040127,<p>ppm</p>,2025-07-04 20:00:00,硫含量,延化180万吨/年汽油精制装置
3.00,ST040127,<p>ppm</p>,2025-07-05 08:00:00,硫含量,延化180万吨/年汽油精制装置
157.7,ST040127,℃,2025-07-05 08:00:00,90%平均蒸发温度T90%,延化180万吨/年汽油精制装置
36.4,ST040127,℃,2025-07-05 08:00:00,初馏点蒸发温度 TIBP,延化180万吨/年汽油精制装置
45.6,ST040127,℃,2025-07-05 08:00:00,10%平均蒸发温度T10%,延化180万吨/年汽油精制装置
76.1,ST040127,℃,2025-07-05 08:00:00,50%平均蒸发温度T50%,延化180万吨/年汽油精制装置
52.00,ST040127,<p>gBr/100g</p>,2025-07-05 08:00:00,溴价 gBr/100g,延化180万吨/年汽油精制装置
184.9,ST040127,℃,2025-07-05 08:00:00,终馏点蒸发温度TFBP,延化180万吨/年汽油精制装置
98.0,ST040127,<p>%</p>,2025-07-05 08:00:00,全馏,延化180万吨/年汽油精制装置
0.8,ST040127,<p>%</p>,2025-07-05 08:00:00,平均残留百分数(B),延化180万吨/年汽油精制装置
716.2,ST040127,<p>kg/m<sup>3</sup></p>,2025-07-05 08:00:00,密度(20℃),延化180万吨/年汽油精制装置
3.00,ST040127,<p>ppm</p>,2025-07-05 20:00:00,硫含量,延化180万吨/年汽油精制装置
78.9,ST040127,℃,2025-07-06 08:00:00,50%平均蒸发温度T50%,延化180万吨/年汽油精制装置
714.9,ST040127,<p>kg/m<sup>3</sup></p>,2025-07-06 08:00:00,密度(20℃),延化180万吨/年汽油精制装置
49.00,ST040127,<p>gBr/100g</p>,2025-07-06 08:00:00,溴价 gBr/100g,延化180万吨/年汽油精制装置
37.0,ST040127,℃,2025-07-06 08:00:00,初馏点蒸发温度 TIBP,延化180万吨/年汽油精制装置
47.5,ST040127,℃,2025-07-06 08:00:00,10%平均蒸发温度T10%,延化180万吨/年汽油精制装置
3.00,ST040127,<p>ppm</p>,2025-07-06 08:00:00,硫含量,延化180万吨/年汽油精制装置
157.9,ST040127,℃,2025-07-06 08:00:00,90%平均蒸发温度T90%,延化180万吨/年汽油精制装置
184.6,ST040127,℃,2025-07-06 08:00:00,终馏点蒸发温度TFBP,延化180万吨/年汽油精制装置
98.0,ST040127,<p>%</p>,2025-07-06 08:00:00,全馏,延化180万吨/年汽油精制装置
0.8,ST040127,<p>%</p>,2025-07-06 08:00:00,平均残留百分数(B),延化180万吨/年汽油精制装置
3.00,ST040127,<p>ppm</p>,2025-07-06 20:00:00,硫含量,延化180万吨/年汽油精制装置
48.7,ST040127,℃,2025-07-07 08:00:00,10%平均蒸发温度T10%,延化180万吨/年汽油精制装置
3.00,ST040127,<p>ppm</p>,2025-07-07 08:00:00,硫含量,延化180万吨/年汽油精制装置
48.00,ST040127,<p>gBr/100g</p>,2025-07-07 08:00:00,溴价 gBr/100g,延化180万吨/年汽油精制装置
98.0,ST040127,<p>%</p>,2025-07-07 08:00:00,全馏,延化180万吨/年汽油精制装置
38.8,ST040127,℃,2025-07-07 08:00:00,初馏点蒸发温度 TIBP,延化180万吨/年汽油精制装置
717.3,ST040127,<p>kg/m<sup>3</sup></p>,2025-07-07 08:00:00,密度(20℃),延化180万吨/年汽油精制装置
80.9,ST040127,℃,2025-07-07 08:00:00,50%平均蒸发温度T50%,延化180万吨/年汽油精制装置
159.2,ST040127,℃,2025-07-07 08:00:00,90%平均蒸发温度T90%,延化180万吨/年汽油精制装置
184.9,ST040127,℃,2025-07-07 08:00:00,终馏点蒸发温度TFBP,延化180万吨/年汽油精制装置
0.8,ST040127,<p>%</p>,2025-07-07 08:00:00,平均残留百分数(B),延化180万吨/年汽油精制装置
2.00,ST040127,<p>ppm</p>,2025-07-07 20:00:00,硫含量,延化180万吨/年汽油精制装置
3.00,ST040127,<p>ppm</p>,2025-07-08 08:00:00,硫含量,延化180万吨/年汽油精制装置
46.8,ST040127,℃,2025-07-08 08:00:00,10%平均蒸发温度T10%,延化180万吨/年汽油精制装置
50.00,ST040127,<p>gBr/100g</p>,2025-07-08 08:00:00,溴价 gBr/100g,延化180万吨/年汽油精制装置
718.7,ST040127,<p>kg/m<sup>3</sup></p>,2025-07-08 08:00:00,密度(20℃),延化180万吨/年汽油精制装置
37.6,ST040127,℃,2025-07-08 08:00:00,初馏点蒸发温度 TIBP,延化180万吨/年汽油精制装置
77.3,ST040127,℃,2025-07-08 08:00:00,50%平均蒸发温度T50%,延化180万吨/年汽油精制装置
159.1,ST040127,℃,2025-07-08 08:00:00,90%平均蒸发温度T90%,延化180万吨/年汽油精制装置
186.6,ST040127,℃,2025-07-08 08:00:00,终馏点蒸发温度TFBP,延化180万吨/年汽油精制装置
98.0,ST040127,<p>%</p>,2025-07-08 08:00:00,全馏,延化180万吨/年汽油精制装置
0.8,ST040127,<p>%</p>,2025-07-08 08:00:00,平均残留百分数(B),延化180万吨/年汽油精制装置
2.00,ST040127,<p>ppm</p>,2025-07-08 20:00:00,硫含量,延化180万吨/年汽油精制装置
184.1,ST040127,℃,2025-07-09 08:00:00,终馏点蒸发温度TFBP,延化180万吨/年汽油精制装置
38.3,ST040127,℃,2025-07-09 08:00:00,初馏点蒸发温度 TIBP,延化180万吨/年汽油精制装置
46.0,ST040127,℃,2025-07-09 08:00:00,10%平均蒸发温度T10%,延化180万吨/年汽油精制装置
73.7,ST040127,℃,2025-07-09 08:00:00,50%平均蒸发温度T50%,延化180万吨/年汽油精制装置
155.1,ST040127,℃,2025-07-09 08:00:00,90%平均蒸发温度T90%,延化180万吨/年汽油精制装置
49.00,ST040127,<p>gBr/100g</p>,2025-07-09 08:00:00,溴价 gBr/100g,延化180万吨/年汽油精制装置
98.0,ST040127,<p>%</p>,2025-07-09 08:00:00,全馏,延化180万吨/年汽油精制装置
0.8,ST040127,<p>%</p>,2025-07-09 08:00:00,平均残留百分数(B),延化180万吨/年汽油精制装置
3.00,ST040127,<p>ppm</p>,2025-07-09 08:00:00,硫含量,延化180万吨/年汽油精制装置
716.8,ST040127,<p>kg/m<sup>3</sup></p>,2025-07-09 08:00:00,密度(20℃),延化180万吨/年汽油精制装置
2.00,ST040127,<p>ppm</p>,2025-07-09 20:00:00,硫含量,延化180万吨/年汽油精制装置
51.00,ST040127,<p>gBr/100g</p>,2025-07-10 08:00:00,溴价 gBr/100g,延化180万吨/年汽油精制装置
716.9,ST040127,<p>kg/m<sup>3</sup></p>,2025-07-10 08:00:00,密度(20℃),延化180万吨/年汽油精制装置
37.7,ST040127,℃,2025-07-10 08:00:00,初馏点蒸发温度 TIBP,延化180万吨/年汽油精制装置
46.0,ST040127,℃,2025-07-10 08:00:00,10%平均蒸发温度T10%,延化180万吨/年汽油精制装置
75.1,ST040127,℃,2025-07-10 08:00:00,50%平均蒸发温度T50%,延化180万吨/年汽油精制装置
156.6,ST040127,℃,2025-07-10 08:00:00,90%平均蒸发温度T90%,延化180万吨/年汽油精制装置
183.1,ST040127,℃,2025-07-10 08:00:00,终馏点蒸发温度TFBP,延化180万吨/年汽油精制装置
98.0,ST040127,<p>%</p>,2025-07-10 08:00:00,全馏,延化180万吨/年汽油精制装置
0.8,ST040127,<p>%</p>,2025-07-10 08:00:00,平均残留百分数(B),延化180万吨/年汽油精制装置
3.00,ST040127,<p>ppm</p>,2025-07-10 08:00:00,硫含量,延化180万吨/年汽油精制装置
60.0,ST040127,%（v/v) ,2025-07-10 08:00:00,烷烃含量,延化180万吨/年汽油精制装置
<0.5,ST040127,<p>mg/100mL</p>,2025-07-10 08:00:00,未洗胶质,延化180万吨/年汽油精制装置
24.3,ST040127,%（v/v) ,2025-07-10 08:00:00,烯烃含量,延化180万吨/年汽油精制装置
15.7,ST040127,%（v/v) ,2025-07-10 08:00:00,芳烃含量,延化180万吨/年汽油精制装置
1,ST040127,级,2025-07-10 08:00:00,铜片腐蚀(50℃，3h),延化180万吨/年汽油精制装置
62.4,ST040127,<p>kPa</p>,2025-07-10 08:00:00,饱和蒸汽压(X),延化180万吨/年汽油精制装置
3.00,ST040127,<p>ppm</p>,2025-07-10 20:00:00,硫含量,延化180万吨/年汽油精制装置
3.00,ST040127,<p>ppm</p>,2025-07-11 08:00:00,硫含量,延化180万吨/年汽油精制装置
84.0,ST040127,℃,2025-07-11 08:00:00,50%平均蒸发温度T50%,延化180万吨/年汽油精制装置
53.00,ST040127,<p>gBr/100g</p>,2025-07-11 08:00:00,溴价 gBr/100g,延化180万吨/年汽油精制装置
39.8,ST040127,℃,2025-07-11 08:00:00,初馏点蒸发温度 TIBP,延化180万吨/年汽油精制装置
50.5,ST040127,℃,2025-07-11 08:00:00,10%平均蒸发温度T10%,延化180万吨/年汽油精制装置
717.3,ST040127,<p>kg/m<sup>3</sup></p>,2025-07-11 08:00:00,密度(20℃),延化180万吨/年汽油精制装置
162.1,ST040127,℃,2025-07-11 08:00:00,90%平均蒸发温度T90%,延化180万吨/年汽油精制装置
186.1,ST040127,℃,2025-07-11 08:00:00,终馏点蒸发温度TFBP,延化180万吨/年汽油精制装置
98.0,ST040127,<p>%</p>,2025-07-11 08:00:00,全馏,延化180万吨/年汽油精制装置
0.8,ST040127,<p>%</p>,2025-07-11 08:00:00,平均残留百分数(B),延化180万吨/年汽油精制装置
3.00,ST040127,<p>ppm</p>,2025-07-11 20:00:00,硫含量,延化180万吨/年汽油精制装置
3.00,ST040127,<p>ppm</p>,2025-07-12 08:00:00,硫含量,延化180万吨/年汽油精制装置
73.2,ST040127,℃,2025-07-12 08:00:00,50%平均蒸发温度T50%,延化180万吨/年汽油精制装置
716.9,ST040127,<p>kg/m<sup>3</sup></p>,2025-07-12 08:00:00,密度(20℃),延化180万吨/年汽油精制装置
54.00,ST040127,<p>gBr/100g</p>,2025-07-12 08:00:00,溴价 gBr/100g,延化180万吨/年汽油精制装置
44.9,ST040127,℃,2025-07-12 08:00:00,10%平均蒸发温度T10%,延化180万吨/年汽油精制装置
37.0,ST040127,℃,2025-07-12 08:00:00,初馏点蒸发温度 TIBP,延化180万吨/年汽油精制装置
153.7,ST040127,℃,2025-07-12 08:00:00,90%平均蒸发温度T90%,延化180万吨/年汽油精制装置
181.6,ST040127,℃,2025-07-12 08:00:00,终馏点蒸发温度TFBP,延化180万吨/年汽油精制装置
98.0,ST040127,<p>%</p>,2025-07-12 08:00:00,全馏,延化180万吨/年汽油精制装置
0.8,ST040127,<p>%</p>,2025-07-12 08:00:00,平均残留百分数(B),延化180万吨/年汽油精制装置
3.00,ST040127,<p>ppm</p>,2025-07-12 20:00:00,硫含量,延化180万吨/年汽油精制装置
3.00,ST040127,<p>ppm</p>,2025-07-13 08:00:00,硫含量,延化180万吨/年汽油精制装置
716.9,ST040127,<p>kg/m<sup>3</sup></p>,2025-07-13 08:00:00,密度(20℃),延化180万吨/年汽油精制装置
56.00,ST040127,<p>gBr/100g</p>,2025-07-13 08:00:00,溴价 gBr/100g,延化180万吨/年汽油精制装置
98.0,ST040127,<p>%</p>,2025-07-13 08:00:00,全馏,延化180万吨/年汽油精制装置
32.9,ST040127,℃,2025-07-13 08:00:00,初馏点蒸发温度 TIBP,延化180万吨/年汽油精制装置
48.1,ST040127,℃,2025-07-13 08:00:00,10%平均蒸发温度T10%,延化180万吨/年汽油精制装置
87.6,ST040127,℃,2025-07-13 08:00:00,50%平均蒸发温度T50%,延化180万吨/年汽油精制装置
163.1,ST040127,℃,2025-07-13 08:00:00,90%平均蒸发温度T90%,延化180万吨/年汽油精制装置
192.2,ST040127,℃,2025-07-13 08:00:00,终馏点蒸发温度TFBP,延化180万吨/年汽油精制装置
0.8,ST040127,<p>%</p>,2025-07-13 08:00:00,平均残留百分数(B),延化180万吨/年汽油精制装置
5.00,ST040127,<p>ppm</p>,2025-07-13 20:00:00,硫含量,延化180万吨/年汽油精制装置
157.0,ST040127,℃,2025-07-14 08:00:00,90%平均蒸发温度T90%,延化180万吨/年汽油精制装置
181.0,ST040127,℃,2025-07-14 08:00:00,终馏点蒸发温度TFBP,延化180万吨/年汽油精制装置
98.0,ST040127,<p>%</p>,2025-07-14 08:00:00,全馏,延化180万吨/年汽油精制装置
0.8,ST040127,<p>%</p>,2025-07-14 08:00:00,平均残留百分数(B),延化180万吨/年汽油精制装置
3.00,ST040127,<p>ppm</p>,2025-07-14 08:00:00,硫含量,延化180万吨/年汽油精制装置
87.4,ST040127,,2025-07-14 08:00:00,研究法辛烷值(RON),延化180万吨/年汽油精制装置
717.1,ST040127,<p>kg/m<sup>3</sup></p>,2025-07-14 08:00:00,密度(20℃),延化180万吨/年汽油精制装置
52.00,ST040127,<p>gBr/100g</p>,2025-07-14 08:00:00,溴价 gBr/100g,延化180万吨/年汽油精制装置
38.4,ST040127,℃,2025-07-14 08:00:00,初馏点蒸发温度 TIBP,延化180万吨/年汽油精制装置
47.2,ST040127,℃,2025-07-14 08:00:00,10%平均蒸发温度T10%,延化180万吨/年汽油精制装置
77.3,ST040127,℃,2025-07-14 08:00:00,50%平均蒸发温度T50%,延化180万吨/年汽油精制装置
7.00,ST040127,<p>ppm</p>,2025-07-14 20:00:00,硫含量,延化180万吨/年汽油精制装置
716.4,ST040127,<p>kg/m<sup>3</sup></p>,2025-07-15 08:00:00,密度(20℃),延化180万吨/年汽油精制装置
55.00,ST040127,<p>gBr/100g</p>,2025-07-15 08:00:00,溴价 gBr/100g,延化180万吨/年汽油精制装置
3.00,ST040127,<p>ppm</p>,2025-07-15 08:00:00,硫含量,延化180万吨/年汽油精制装置
36.8,ST040127,℃,2025-07-15 08:00:00,初馏点蒸发温度 TIBP,延化180万吨/年汽油精制装置
43.0,ST040127,℃,2025-07-15 08:00:00,10%平均蒸发温度T10%,延化180万吨/年汽油精制装置
0.8,ST040127,<p>%</p>,2025-07-15 08:00:00,平均残留百分数(B),延化180万吨/年汽油精制装置
155.0,ST040127,℃,2025-07-15 08:00:00,90%平均蒸发温度T90%,延化180万吨/年汽油精制装置
179.0,ST040127,℃,2025-07-15 08:00:00,终馏点蒸发温度TFBP,延化180万吨/年汽油精制装置
98.0,ST040127,<p>%</p>,2025-07-15 08:00:00,全馏,延化180万吨/年汽油精制装置
73.9,ST040127,℃,2025-07-15 08:00:00,50%平均蒸发温度T50%,延化180万吨/年汽油精制装置
4.00,ST040127,<p>ppm</p>,2025-07-15 20:00:00,硫含量,延化180万吨/年汽油精制装置
50.3,ST040127,℃,2025-07-16 08:00:00,10%平均蒸发温度T10%,延化180万吨/年汽油精制装置
718.5,ST040127,<p>kg/m<sup>3</sup></p>,2025-07-16 08:00:00,密度(20℃),延化180万吨/年汽油精制装置
3.00,ST040127,<p>ppm</p>,2025-07-16 08:00:00,硫含量,延化180万吨/年汽油精制装置
56.00,ST040127,<p>gBr/100g</p>,2025-07-16 08:00:00,溴价 gBr/100g,延化180万吨/年汽油精制装置
35.9,ST040127,℃,2025-07-16 08:00:00,初馏点蒸发温度 TIBP,延化180万吨/年汽油精制装置
0.8,ST040127,<p>%</p>,2025-07-16 08:00:00,平均残留百分数(B),延化180万吨/年汽油精制装置
90.4,ST040127,℃,2025-07-16 08:00:00,50%平均蒸发温度T50%,延化180万吨/年汽油精制装置
166.2,ST040127,℃,2025-07-16 08:00:00,90%平均蒸发温度T90%,延化180万吨/年汽油精制装置
196.0,ST040127,℃,2025-07-16 08:00:00,终馏点蒸发温度TFBP,延化180万吨/年汽油精制装置
98.0,ST040127,<p>%</p>,2025-07-16 08:00:00,全馏,延化180万吨/年汽油精制装置
2.00,ST040127,<p>ppm</p>,2025-07-16 20:00:00,硫含量,延化180万吨/年汽油精制装置
2.00,ST040127,<p>ppm</p>,2025-07-17 05:30:00,硫含量,延化180万吨/年汽油精制装置
2.00,ST040127,<p>ppm</p>,2025-07-17 06:30:00,硫含量,延化180万吨/年汽油精制装置
25.3,ST040127,%（v/v) ,2025-07-17 08:00:00,烯烃含量,延化180万吨/年汽油精制装置
16.2,ST040127,%（v/v) ,2025-07-17 08:00:00,芳烃含量,延化180万吨/年汽油精制装置
58.6,ST040127,%（v/v) ,2025-07-17 08:00:00,烷烃含量,延化180万吨/年汽油精制装置
3.00,ST040127,<p>ppm</p>,2025-07-17 08:00:00,硫含量,延化180万吨/年汽油精制装置
92.0,ST040127,℃,2025-07-17 08:00:00,50%平均蒸发温度T50%,延化180万吨/年汽油精制装置
167.9,ST040127,℃,2025-07-17 08:00:00,90%平均蒸发温度T90%,延化180万吨/年汽油精制装置
196.8,ST040127,℃,2025-07-17 08:00:00,终馏点蒸发温度TFBP,延化180万吨/年汽油精制装置
0.8,ST040127,<p>%</p>,2025-07-17 08:00:00,平均残留百分数(B),延化180万吨/年汽油精制装置
712.7,ST040127,<p>kg/m<sup>3</sup></p>,2025-07-17 08:00:00,密度(20℃),延化180万吨/年汽油精制装置
1,ST040127,级,2025-07-17 08:00:00,铜片腐蚀(50℃，3h),延化180万吨/年汽油精制装置
55.00,ST040127,<p>gBr/100g</p>,2025-07-17 08:00:00,溴价 gBr/100g,延化180万吨/年汽油精制装置
67.3,ST040127,<p>kPa</p>,2025-07-17 08:00:00,饱和蒸汽压(X),延化180万吨/年汽油精制装置
<0.5,ST040127,<p>mg/100mL</p>,2025-07-17 08:00:00,未洗胶质,延化180万吨/年汽油精制装置
98.0,ST040127,<p>%</p>,2025-07-17 08:00:00,全馏,延化180万吨/年汽油精制装置
31.5,ST040127,℃,2025-07-17 08:00:00,初馏点蒸发温度 TIBP,延化180万吨/年汽油精制装置
51.5,ST040127,℃,2025-07-17 08:00:00,10%平均蒸发温度T10%,延化180万吨/年汽油精制装置
2.00,ST040127,<p>ppm</p>,2025-07-17 20:00:00,硫含量,延化180万吨/年汽油精制装置
161.3,ST040127,℃,2025-07-18 08:00:00,90%平均蒸发温度T90%,延化180万吨/年汽油精制装置
3.00,ST040127,<p>ppm</p>,2025-07-18 08:00:00,硫含量,延化180万吨/年汽油精制装置
37.2,ST040127,℃,2025-07-18 08:00:00,初馏点蒸发温度 TIBP,延化180万吨/年汽油精制装置
48.2,ST040127,℃,2025-07-18 08:00:00,10%平均蒸发温度T10%,延化180万吨/年汽油精制装置
81.9,ST040127,℃,2025-07-18 08:00:00,50%平均蒸发温度T50%,延化180万吨/年汽油精制装置
58.00,ST040127,<p>gBr/100g</p>,2025-07-18 08:00:00,溴价 gBr/100g,延化180万吨/年汽油精制装置
187.0,ST040127,℃,2025-07-18 08:00:00,终馏点蒸发温度TFBP,延化180万吨/年汽油精制装置
98.0,ST040127,<p>%</p>,2025-07-18 08:00:00,全馏,延化180万吨/年汽油精制装置
0.8,ST040127,<p>%</p>,2025-07-18 08:00:00,平均残留百分数(B),延化180万吨/年汽油精制装置
718.4,ST040127,<p>kg/m<sup>3</sup></p>,2025-07-18 08:00:00,密度(20℃),延化180万吨/年汽油精制装置
3.00,ST040127,<p>ppm</p>,2025-07-18 20:00:00,硫含量,延化180万吨/年汽油精制装置
48.3,ST040127,℃,2025-07-19 08:00:00,10%平均蒸发温度T10%,延化180万吨/年汽油精制装置
0.8,ST040127,<p>%</p>,2025-07-19 08:00:00,平均残留百分数(B),延化180万吨/年汽油精制装置
56.00,ST040127,<p>gBr/100g</p>,2025-07-19 08:00:00,溴价 gBr/100g,延化180万吨/年汽油精制装置
719.5,ST040127,<p>kg/m<sup>3</sup></p>,2025-07-19 08:00:00,密度(20℃),延化180万吨/年汽油精制装置
34.2,ST040127,℃,2025-07-19 08:00:00,初馏点蒸发温度 TIBP,延化180万吨/年汽油精制装置
3.00,ST040127,<p>ppm</p>,2025-07-19 08:00:00,硫含量,延化180万吨/年汽油精制装置
89.5,ST040127,℃,2025-07-19 08:00:00,50%平均蒸发温度T50%,延化180万吨/年汽油精制装置
166.1,ST040127,℃,2025-07-19 08:00:00,90%平均蒸发温度T90%,延化180万吨/年汽油精制装置
193.8,ST040127,℃,2025-07-19 08:00:00,终馏点蒸发温度TFBP,延化180万吨/年汽油精制装置
98.0,ST040127,<p>%</p>,2025-07-19 08:00:00,全馏,延化180万吨/年汽油精制装置
3.00,ST040127,<p>ppm</p>,2025-07-19 20:00:00,硫含量,延化180万吨/年汽油精制装置
165.3,ST040127,℃,2025-07-20 08:00:00,90%平均蒸发温度T90%,延化180万吨/年汽油精制装置
3.00,ST040127,<p>ppm</p>,2025-07-20 08:00:00,硫含量,延化180万吨/年汽油精制装置
717.6,ST040127,<p>kg/m<sup>3</sup></p>,2025-07-20 08:00:00,密度(20℃),延化180万吨/年汽油精制装置
56.00,ST040127,<p>gBr/100g</p>,2025-07-20 08:00:00,溴价 gBr/100g,延化180万吨/年汽油精制装置
37.0,ST040127,℃,2025-07-20 08:00:00,初馏点蒸发温度 TIBP,延化180万吨/年汽油精制装置
50.1,ST040127,℃,2025-07-20 08:00:00,10%平均蒸发温度T10%,延化180万吨/年汽油精制装置
89.3,ST040127,℃,2025-07-20 08:00:00,50%平均蒸发温度T50%,延化180万吨/年汽油精制装置
195.9,ST040127,℃,2025-07-20 08:00:00,终馏点蒸发温度TFBP,延化180万吨/年汽油精制装置
98.0,ST040127,<p>%</p>,2025-07-20 08:00:00,全馏,延化180万吨/年汽油精制装置
0.8,ST040127,<p>%</p>,2025-07-20 08:00:00,平均残留百分数(B),延化180万吨/年汽油精制装置
2.00,ST040127,<p>ppm</p>,2025-07-20 20:00:00,硫含量,延化180万吨/年汽油精制装置
50.9,ST040127,℃,2025-07-21 08:00:00,10%平均蒸发温度T10%,延化180万吨/年汽油精制装置
89.9,ST040127,℃,2025-07-21 08:00:00,50%平均蒸发温度T50%,延化180万吨/年汽油精制装置
166.0,ST040127,℃,2025-07-21 08:00:00,90%平均蒸发温度T90%,延化180万吨/年汽油精制装置
196.1,ST040127,℃,2025-07-21 08:00:00,终馏点蒸发温度TFBP,延化180万吨/年汽油精制装置
98.0,ST040127,<p>%</p>,2025-07-21 08:00:00,全馏,延化180万吨/年汽油精制装置
37.7,ST040127,℃,2025-07-21 08:00:00,初馏点蒸发温度 TIBP,延化180万吨/年汽油精制装置
0.8,ST040127,<p>%</p>,2025-07-21 08:00:00,平均残留百分数(B),延化180万吨/年汽油精制装置
87.3,ST040127,,2025-07-21 08:00:00,研究法辛烷值(RON),延化180万吨/年汽油精制装置
718.9,ST040127,<p>kg/m<sup>3</sup></p>,2025-07-21 08:00:00,密度(20℃),延化180万吨/年汽油精制装置
55.00,ST040127,<p>gBr/100g</p>,2025-07-21 08:00:00,溴价 gBr/100g,延化180万吨/年汽油精制装置
3.00,ST040127,<p>ppm</p>,2025-07-21 08:00:00,硫含量,延化180万吨/年汽油精制装置
2.00,ST040127,<p>ppm</p>,2025-07-21 20:00:00,硫含量,延化180万吨/年汽油精制装置
165.0,ST040127,℃,2025-07-22 08:00:00,90%平均蒸发温度T90%,延化180万吨/年汽油精制装置
194.8,ST040127,℃,2025-07-22 08:00:00,终馏点蒸发温度TFBP,延化180万吨/年汽油精制装置
717.2,ST040127,<p>kg/m<sup>3</sup></p>,2025-07-22 08:00:00,密度(20℃),延化180万吨/年汽油精制装置
58.00,ST040127,<p>gBr/100g</p>,2025-07-22 08:00:00,溴价 gBr/100g,延化180万吨/年汽油精制装置
90.4,ST040127,℃,2025-07-22 08:00:00,50%平均蒸发温度T50%,延化180万吨/年汽油精制装置
3.00,ST040127,<p>ppm</p>,2025-07-22 08:00:00,硫含量,延化180万吨/年汽油精制装置
98.0,ST040127,<p>%</p>,2025-07-22 08:00:00,全馏,延化180万吨/年汽油精制装置
0.8,ST040127,<p>%</p>,2025-07-22 08:00:00,平均残留百分数(B),延化180万吨/年汽油精制装置
37.3,ST040127,℃,2025-07-22 08:00:00,初馏点蒸发温度 TIBP,延化180万吨/年汽油精制装置
51.0,ST040127,℃,2025-07-22 08:00:00,10%平均蒸发温度T10%,延化180万吨/年汽油精制装置
2.00,ST040127,<p>ppm</p>,2025-07-22 20:00:00,硫含量,延化180万吨/年汽油精制装置
80.5,ST040127,℃,2025-07-23 08:00:00,50%平均蒸发温度T50%,延化180万吨/年汽油精制装置
48.5,ST040127,℃,2025-07-23 08:00:00,10%平均蒸发温度T10%,延化180万吨/年汽油精制装置
717.2,ST040127,<p>kg/m<sup>3</sup></p>,2025-07-23 08:00:00,密度(20℃),延化180万吨/年汽油精制装置
56.00,ST040127,<p>gBr/100g</p>,2025-07-23 08:00:00,溴价 gBr/100g,延化180万吨/年汽油精制装置
36.4,ST040127,℃,2025-07-23 08:00:00,初馏点蒸发温度 TIBP,延化180万吨/年汽油精制装置
3.00,ST040127,<p>ppm</p>,2025-07-23 08:00:00,硫含量,延化180万吨/年汽油精制装置
158.6,ST040127,℃,2025-07-23 08:00:00,90%平均蒸发温度T90%,延化180万吨/年汽油精制装置
184.6,ST040127,℃,2025-07-23 08:00:00,终馏点蒸发温度TFBP,延化180万吨/年汽油精制装置
98.0,ST040127,<p>%</p>,2025-07-23 08:00:00,全馏,延化180万吨/年汽油精制装置
0.8,ST040127,<p>%</p>,2025-07-23 08:00:00,平均残留百分数(B),延化180万吨/年汽油精制装置
2.00,ST040127,<p>ppm</p>,2025-07-23 20:00:00,硫含量,延化180万吨/年汽油精制装置
3.00,ST040127,<p>ppm</p>,2025-07-24 08:00:00,硫含量,延化180万吨/年汽油精制装置
36.8,ST040127,℃,2025-07-24 08:00:00,初馏点蒸发温度 TIBP,延化180万吨/年汽油精制装置
50.1,ST040127,℃,2025-07-24 08:00:00,10%平均蒸发温度T10%,延化180万吨/年汽油精制装置
89.5,ST040127,℃,2025-07-24 08:00:00,50%平均蒸发温度T50%,延化180万吨/年汽油精制装置
165.2,ST040127,℃,2025-07-24 08:00:00,90%平均蒸发温度T90%,延化180万吨/年汽油精制装置
194.4,ST040127,℃,2025-07-24 08:00:00,终馏点蒸发温度TFBP,延化180万吨/年汽油精制装置
98.0,ST040127,<p>%</p>,2025-07-24 08:00:00,全馏,延化180万吨/年汽油精制装置
0.8,ST040127,<p>%</p>,2025-07-24 08:00:00,平均残留百分数(B),延化180万吨/年汽油精制装置
1,ST040127,级,2025-07-24 08:00:00,铜片腐蚀(50℃，3h),延化180万吨/年汽油精制装置
716.7,ST040127,<p>kg/m<sup>3</sup></p>,2025-07-24 08:00:00,密度(20℃),延化180万吨/年汽油精制装置
<0.5,ST040127,<p>mg/100mL</p>,2025-07-24 08:00:00,未洗胶质,延化180万吨/年汽油精制装置
64.3,ST040127,<p>kPa</p>,2025-07-24 08:00:00,饱和蒸汽压(X),延化180万吨/年汽油精制装置
26.3,ST040127,%（v/v) ,2025-07-24 08:00:00,烯烃含量,延化180万吨/年汽油精制装置
15.6,ST040127,%（v/v) ,2025-07-24 08:00:00,芳烃含量,延化180万吨/年汽油精制装置
58.1,ST040127,%（v/v) ,2025-07-24 08:00:00,烷烃含量,延化180万吨/年汽油精制装置
58.00,ST040127,<p>gBr/100g</p>,2025-07-24 08:00:00,溴价 gBr/100g,延化180万吨/年汽油精制装置
3.00,ST040127,<p>ppm</p>,2025-07-24 20:00:00,硫含量,延化180万吨/年汽油精制装置
3.00,ST040127,<p>ppm</p>,2025-07-25 08:00:00,硫含量,延化180万吨/年汽油精制装置
55.00,ST040127,<p>gBr/100g</p>,2025-07-25 08:00:00,溴价 gBr/100g,延化180万吨/年汽油精制装置
36.1,ST040127,℃,2025-07-25 08:00:00,初馏点蒸发温度 TIBP,延化180万吨/年汽油精制装置
46.7,ST040127,℃,2025-07-25 08:00:00,10%平均蒸发温度T10%,延化180万吨/年汽油精制装置
80.1,ST040127,℃,2025-07-25 08:00:00,50%平均蒸发温度T50%,延化180万吨/年汽油精制装置
159.9,ST040127,℃,2025-07-25 08:00:00,90%平均蒸发温度T90%,延化180万吨/年汽油精制装置
186.6,ST040127,℃,2025-07-25 08:00:00,终馏点蒸发温度TFBP,延化180万吨/年汽油精制装置
98.0,ST040127,<p>%</p>,2025-07-25 08:00:00,全馏,延化180万吨/年汽油精制装置
0.8,ST040127,<p>%</p>,2025-07-25 08:00:00,平均残留百分数(B),延化180万吨/年汽油精制装置
718.1,ST040127,<p>kg/m<sup>3</sup></p>,2025-07-25 08:00:00,密度(20℃),延化180万吨/年汽油精制装置
3.00,ST040127,<p>ppm</p>,2025-07-25 20:00:00,硫含量,延化180万吨/年汽油精制装置
38.3,ST040127,℃,2025-07-26 08:00:00,初馏点蒸发温度 TIBP,延化180万吨/年汽油精制装置
50.9,ST040127,℃,2025-07-26 08:00:00,10%平均蒸发温度T10%,延化180万吨/年汽油精制装置
87.5,ST040127,℃,2025-07-26 08:00:00,50%平均蒸发温度T50%,延化180万吨/年汽油精制装置
164.3,ST040127,℃,2025-07-26 08:00:00,90%平均蒸发温度T90%,延化180万吨/年汽油精制装置
192.4,ST040127,℃,2025-07-26 08:00:00,终馏点蒸发温度TFBP,延化180万吨/年汽油精制装置
3.00,ST040127,<p>ppm</p>,2025-07-26 08:00:00,硫含量,延化180万吨/年汽油精制装置
0.8,ST040127,<p>%</p>,2025-07-26 08:00:00,平均残留百分数(B),延化180万吨/年汽油精制装置
718.9,ST040127,<p>kg/m<sup>3</sup></p>,2025-07-26 08:00:00,密度(20℃),延化180万吨/年汽油精制装置
52.00,ST040127,<p>gBr/100g</p>,2025-07-26 08:00:00,溴价 gBr/100g,延化180万吨/年汽油精制装置
98.0,ST040127,<p>%</p>,2025-07-26 08:00:00,全馏,延化180万吨/年汽油精制装置
3.00,ST040127,<p>ppm</p>,2025-07-26 20:00:00,硫含量,延化180万吨/年汽油精制装置
183.9,ST040127,℃,2025-07-27 08:00:00,终馏点蒸发温度TFBP,延化180万吨/年汽油精制装置
3.00,ST040127,<p>ppm</p>,2025-07-27 08:00:00,硫含量,延化180万吨/年汽油精制装置
718.5,ST040127,<p>kg/m<sup>3</sup></p>,2025-07-27 08:00:00,密度(20℃),延化180万吨/年汽油精制装置
54.00,ST040127,<p>gBr/100g</p>,2025-07-27 08:00:00,溴价 gBr/100g,延化180万吨/年汽油精制装置
36.3,ST040127,℃,2025-07-27 08:00:00,初馏点蒸发温度 TIBP,延化180万吨/年汽油精制装置
49.3,ST040127,℃,2025-07-27 08:00:00,10%平均蒸发温度T10%,延化180万吨/年汽油精制装置
82.4,ST040127,℃,2025-07-27 08:00:00,50%平均蒸发温度T50%,延化180万吨/年汽油精制装置
158.4,ST040127,℃,2025-07-27 08:00:00,90%平均蒸发温度T90%,延化180万吨/年汽油精制装置
98.0,ST040127,<p>%</p>,2025-07-27 08:00:00,全馏,延化180万吨/年汽油精制装置
0.8,ST040127,<p>%</p>,2025-07-27 08:00:00,平均残留百分数(B),延化180万吨/年汽油精制装置
3.00,ST040127,<p>ppm</p>,2025-07-27 20:00:00,硫含量,延化180万吨/年汽油精制装置
37.7,ST040127,℃,2025-07-28 08:00:00,初馏点蒸发温度 TIBP,延化180万吨/年汽油精制装置
87.0,ST040127,,2025-07-28 08:00:00,研究法辛烷值(RON),延化180万吨/年汽油精制装置
3.00,ST040127,<p>ppm</p>,2025-07-28 08:00:00,硫含量,延化180万吨/年汽油精制装置
51.00,ST040127,<p>gBr/100g</p>,2025-07-28 08:00:00,溴价 gBr/100g,延化180万吨/年汽油精制装置
718.4,ST040127,<p>kg/m<sup>3</sup></p>,2025-07-28 08:00:00,密度(20℃),延化180万吨/年汽油精制装置
0.8,ST040127,<p>%</p>,2025-07-28 08:00:00,平均残留百分数(B),延化180万吨/年汽油精制装置
49.7,ST040127,℃,2025-07-28 08:00:00,10%平均蒸发温度T10%,延化180万吨/年汽油精制装置
84.6,ST040127,℃,2025-07-28 08:00:00,50%平均蒸发温度T50%,延化180万吨/年汽油精制装置
161.4,ST040127,℃,2025-07-28 08:00:00,90%平均蒸发温度T90%,延化180万吨/年汽油精制装置
187.0,ST040127,℃,2025-07-28 08:00:00,终馏点蒸发温度TFBP,延化180万吨/年汽油精制装置
98.0,ST040127,<p>%</p>,2025-07-28 08:00:00,全馏,延化180万吨/年汽油精制装置
3.00,ST040127,<p>ppm</p>,2025-07-28 20:00:00,硫含量,延化180万吨/年汽油精制装置
3.00,ST040127,<p>ppm</p>,2025-07-29 08:00:00,硫含量,延化180万吨/年汽油精制装置
719.6,ST040127,<p>kg/m<sup>3</sup></p>,2025-07-29 08:00:00,密度(20℃),延化180万吨/年汽油精制装置
56.00,ST040127,<p>gBr/100g</p>,2025-07-29 08:00:00,溴价 gBr/100g,延化180万吨/年汽油精制装置
37.6,ST040127,℃,2025-07-29 08:00:00,初馏点蒸发温度 TIBP,延化180万吨/年汽油精制装置
47.1,ST040127,℃,2025-07-29 08:00:00,10%平均蒸发温度T10%,延化180万吨/年汽油精制装置
78.9,ST040127,℃,2025-07-29 08:00:00,50%平均蒸发温度T50%,延化180万吨/年汽油精制装置
159.7,ST040127,℃,2025-07-29 08:00:00,90%平均蒸发温度T90%,延化180万吨/年汽油精制装置
186.9,ST040127,℃,2025-07-29 08:00:00,终馏点蒸发温度TFBP,延化180万吨/年汽油精制装置
98.0,ST040127,<p>%</p>,2025-07-29 08:00:00,全馏,延化180万吨/年汽油精制装置
0.8,ST040127,<p>%</p>,2025-07-29 08:00:00,平均残留百分数(B),延化180万吨/年汽油精制装置
3.00,ST040127,<p>ppm</p>,2025-07-29 20:00:00,硫含量,延化180万吨/年汽油精制装置
719.0,ST040127,<p>kg/m<sup>3</sup></p>,2025-07-30 08:00:00,密度(20℃),延化180万吨/年汽油精制装置
58.00,ST040127,<p>gBr/100g</p>,2025-07-30 08:00:00,溴价 gBr/100g,延化180万吨/年汽油精制装置
33.0,ST040127,℃,2025-07-30 08:00:00,初馏点蒸发温度 TIBP,延化180万吨/年汽油精制装置
49.0,ST040127,℃,2025-07-30 08:00:00,10%平均蒸发温度T10%,延化180万吨/年汽油精制装置
87.5,ST040127,℃,2025-07-30 08:00:00,50%平均蒸发温度T50%,延化180万吨/年汽油精制装置
3.00,ST040127,<p>ppm</p>,2025-07-30 08:00:00,硫含量,延化180万吨/年汽油精制装置
194.5,ST040127,℃,2025-07-30 08:00:00,终馏点蒸发温度TFBP,延化180万吨/年汽油精制装置
98.0,ST040127,<p>%</p>,2025-07-30 08:00:00,全馏,延化180万吨/年汽油精制装置
0.8,ST040127,<p>%</p>,2025-07-30 08:00:00,平均残留百分数(B),延化180万吨/年汽油精制装置
166.9,ST040127,℃,2025-07-30 08:00:00,90%平均蒸发温度T90%,延化180万吨/年汽油精制装置
3.00,ST040127,<p>ppm</p>,2025-07-30 20:00:00,硫含量,延化180万吨/年汽油精制装置
719.8,ST040127,<p>kg/m<sup>3</sup></p>,2025-07-31 08:00:00,密度(20℃),延化180万吨/年汽油精制装置
1,ST040127,级,2025-07-31 08:00:00,铜片腐蚀(50℃，3h),延化180万吨/年汽油精制装置
61.5,ST040127,<p>kPa</p>,2025-07-31 08:00:00,饱和蒸汽压(X),延化180万吨/年汽油精制装置
36.4,ST040127,℃,2025-07-31 08:00:00,初馏点蒸发温度 TIBP,延化180万吨/年汽油精制装置
0.8,ST040127,<p>%</p>,2025-07-31 08:00:00,平均残留百分数(B),延化180万吨/年汽油精制装置
56.00,ST040127,<p>gBr/100g</p>,2025-07-31 08:00:00,溴价 gBr/100g,延化180万吨/年汽油精制装置
48.1,ST040127,℃,2025-07-31 08:00:00,10%平均蒸发温度T10%,延化180万吨/年汽油精制装置
82.0,ST040127,℃,2025-07-31 08:00:00,50%平均蒸发温度T50%,延化180万吨/年汽油精制装置
160.8,ST040127,℃,2025-07-31 08:00:00,90%平均蒸发温度T90%,延化180万吨/年汽油精制装置
187.5,ST040127,℃,2025-07-31 08:00:00,终馏点蒸发温度TFBP,延化180万吨/年汽油精制装置
98.0,ST040127,<p>%</p>,2025-07-31 08:00:00,全馏,延化180万吨/年汽油精制装置
3.00,ST040127,<p>ppm</p>,2025-07-31 08:00:00,硫含量,延化180万吨/年汽油精制装置
56.9,ST040127,%（v/v) ,2025-07-31 08:00:00,烷烃含量,延化180万吨/年汽油精制装置
<0.5,ST040127,<p>mg/100mL</p>,2025-07-31 08:00:00,未洗胶质,延化180万吨/年汽油精制装置
26.6,ST040127,%（v/v) ,2025-07-31 08:00:00,烯烃含量,延化180万吨/年汽油精制装置
16.5,ST040127,%（v/v) ,2025-07-31 08:00:00,芳烃含量,延化180万吨/年汽油精制装置
4.00,ST040127,<p>ppm</p>,2025-07-31 20:00:00,硫含量,延化180万吨/年汽油精制装置
45.2,ST040127,℃,2025-08-01 08:00:00,10%平均蒸发温度T10%,延化180万吨/年汽油精制装置
3.00,ST040127,<p>ppm</p>,2025-08-01 08:00:00,硫含量,延化180万吨/年汽油精制装置
718.6,ST040127,<p>kg/m<sup>3</sup></p>,2025-08-01 08:00:00,密度(20℃),延化180万吨/年汽油精制装置
34.0,ST040127,℃,2025-08-01 08:00:00,初馏点蒸发温度 TIBP,延化180万吨/年汽油精制装置
160.4,ST040127,℃,2025-08-01 08:00:00,90%平均蒸发温度T90%,延化180万吨/年汽油精制装置
0.8,ST040127,<p>%</p>,2025-08-01 08:00:00,平均残留百分数(B),延化180万吨/年汽油精制装置
78.5,ST040127,℃,2025-08-01 08:00:00,50%平均蒸发温度T50%,延化180万吨/年汽油精制装置
54.00,ST040127,<p>gBr/100g</p>,2025-08-01 08:00:00,溴价 gBr/100g,延化180万吨/年汽油精制装置
183.4,ST040127,℃,2025-08-01 08:00:00,终馏点蒸发温度TFBP,延化180万吨/年汽油精制装置
98.0,ST040127,<p>%</p>,2025-08-01 08:00:00,全馏,延化180万吨/年汽油精制装置
2.00,ST040127,<p>ppm</p>,2025-08-01 20:00:00,硫含量,延化180万吨/年汽油精制装置
717.8,ST040127,<p>kg/m<sup>3</sup></p>,2025-08-02 08:00:00,密度(20℃),延化180万吨/年汽油精制装置
3.00,ST040127,<p>ppm</p>,2025-08-02 08:00:00,硫含量,延化180万吨/年汽油精制装置
52.00,ST040127,<p>gBr/100g</p>,2025-08-02 08:00:00,溴价 gBr/100g,延化180万吨/年汽油精制装置
34.1,ST040127,℃,2025-08-02 08:00:00,初馏点蒸发温度 TIBP,延化180万吨/年汽油精制装置
43.8,ST040127,℃,2025-08-02 08:00:00,10%平均蒸发温度T10%,延化180万吨/年汽油精制装置
74.8,ST040127,℃,2025-08-02 08:00:00,50%平均蒸发温度T50%,延化180万吨/年汽油精制装置
156.2,ST040127,℃,2025-08-02 08:00:00,90%平均蒸发温度T90%,延化180万吨/年汽油精制装置
184.9,ST040127,℃,2025-08-02 08:00:00,终馏点蒸发温度TFBP,延化180万吨/年汽油精制装置
98.0,ST040127,<p>%</p>,2025-08-02 08:00:00,全馏,延化180万吨/年汽油精制装置
0.8,ST040127,<p>%</p>,2025-08-02 08:00:00,平均残留百分数(B),延化180万吨/年汽油精制装置
2.00,ST040127,<p>ppm</p>,2025-08-02 20:00:00,硫含量,延化180万吨/年汽油精制装置
717.6,ST040127,<p>kg/m<sup>3</sup></p>,2025-08-03 08:00:00,密度(20℃),延化180万吨/年汽油精制装置
50.00,ST040127,<p>gBr/100g</p>,2025-08-03 08:00:00,溴价 gBr/100g,延化180万吨/年汽油精制装置
45.6,ST040127,℃,2025-08-03 08:00:00,10%平均蒸发温度T10%,延化180万吨/年汽油精制装置
34.4,ST040127,℃,2025-08-03 08:00:00,初馏点蒸发温度 TIBP,延化180万吨/年汽油精制装置
80.1,ST040127,℃,2025-08-03 08:00:00,50%平均蒸发温度T50%,延化180万吨/年汽油精制装置
159.4,ST040127,℃,2025-08-03 08:00:00,90%平均蒸发温度T90%,延化180万吨/年汽油精制装置
186.9,ST040127,℃,2025-08-03 08:00:00,终馏点蒸发温度TFBP,延化180万吨/年汽油精制装置
98.0,ST040127,<p>%</p>,2025-08-03 08:00:00,全馏,延化180万吨/年汽油精制装置
0.8,ST040127,<p>%</p>,2025-08-03 08:00:00,平均残留百分数(B),延化180万吨/年汽油精制装置
3.00,ST040127,<p>ppm</p>,2025-08-03 08:00:00,硫含量,延化180万吨/年汽油精制装置
3.00,ST040127,<p>ppm</p>,2025-08-03 20:00:00,硫含量,延化180万吨/年汽油精制装置
719.3,ST040127,<p>kg/m<sup>3</sup></p>,2025-08-04 08:00:00,密度(20℃),延化180万吨/年汽油精制装置
3.00,ST040127,<p>ppm</p>,2025-08-04 08:00:00,硫含量,延化180万吨/年汽油精制装置
87.6,ST040127,,2025-08-04 08:00:00,研究法辛烷值(RON),延化180万吨/年汽油精制装置
45.2,ST040127,℃,2025-08-04 08:00:00,10%平均蒸发温度T10%,延化180万吨/年汽油精制装置
76.0,ST040127,℃,2025-08-04 08:00:00,50%平均蒸发温度T50%,延化180万吨/年汽油精制装置
165.5,ST040127,℃,2025-08-04 08:00:00,90%平均蒸发温度T90%,延化180万吨/年汽油精制装置
185.4,ST040127,℃,2025-08-04 08:00:00,终馏点蒸发温度TFBP,延化180万吨/年汽油精制装置
98.0,ST040127,<p>%</p>,2025-08-04 08:00:00,全馏,延化180万吨/年汽油精制装置
0.8,ST040127,<p>%</p>,2025-08-04 08:00:00,平均残留百分数(B),延化180万吨/年汽油精制装置
35.4,ST040127,℃,2025-08-04 08:00:00,初馏点蒸发温度 TIBP,延化180万吨/年汽油精制装置
53.00,ST040127,<p>gBr/100g</p>,2025-08-04 08:00:00,溴价 gBr/100g,延化180万吨/年汽油精制装置
3.00,ST040127,<p>ppm</p>,2025-08-04 20:00:00,硫含量,延化180万吨/年汽油精制装置
78.7,ST040127,℃,2025-08-05 08:00:00,50%平均蒸发温度T50%,延化180万吨/年汽油精制装置
718.0,ST040127,<p>kg/m<sup>3</sup></p>,2025-08-05 08:00:00,密度(20℃),延化180万吨/年汽油精制装置
59.00,ST040127,<p>gBr/100g</p>,2025-08-05 08:00:00,溴价 gBr/100g,延化180万吨/年汽油精制装置
34.2,ST040127,℃,2025-08-05 08:00:00,初馏点蒸发温度 TIBP,延化180万吨/年汽油精制装置
45.1,ST040127,℃,2025-08-05 08:00:00,10%平均蒸发温度T10%,延化180万吨/年汽油精制装置
158.2,ST040127,℃,2025-08-05 08:00:00,90%平均蒸发温度T90%,延化180万吨/年汽油精制装置
186.1,ST040127,℃,2025-08-05 08:00:00,终馏点蒸发温度TFBP,延化180万吨/年汽油精制装置
98.0,ST040127,<p>%</p>,2025-08-05 08:00:00,全馏,延化180万吨/年汽油精制装置
0.8,ST040127,<p>%</p>,2025-08-05 08:00:00,平均残留百分数(B),延化180万吨/年汽油精制装置
3.00,ST040127,<p>ppm</p>,2025-08-05 08:00:00,硫含量,延化180万吨/年汽油精制装置
3.00,ST040127,<p>ppm</p>,2025-08-05 20:00:00,硫含量,延化180万吨/年汽油精制装置
47.9,ST040127,℃,2025-08-06 08:00:00,10%平均蒸发温度T10%,延化180万吨/年汽油精制装置
3.00,ST040127,<p>ppm</p>,2025-08-06 08:00:00,硫含量,延化180万吨/年汽油精制装置
719.4,ST040127,<p>kg/m<sup>3</sup></p>,2025-08-06 08:00:00,密度(20℃),延化180万吨/年汽油精制装置
56.00,ST040127,<p>gBr/100g</p>,2025-08-06 08:00:00,溴价 gBr/100g,延化180万吨/年汽油精制装置
32.5,ST040127,℃,2025-08-06 08:00:00,初馏点蒸发温度 TIBP,延化180万吨/年汽油精制装置
0.8,ST040127,<p>%</p>,2025-08-06 08:00:00,平均残留百分数(B),延化180万吨/年汽油精制装置
89.2,ST040127,℃,2025-08-06 08:00:00,50%平均蒸发温度T50%,延化180万吨/年汽油精制装置
165.9,ST040127,℃,2025-08-06 08:00:00,90%平均蒸发温度T90%,延化180万吨/年汽油精制装置
194.1,ST040127,℃,2025-08-06 08:00:00,终馏点蒸发温度TFBP,延化180万吨/年汽油精制装置
98.0,ST040127,<p>%</p>,2025-08-06 08:00:00,全馏,延化180万吨/年汽油精制装置
3.00,ST040127,<p>ppm</p>,2025-08-06 20:00:00,硫含量,延化180万吨/年汽油精制装置
15.8,ST040127,%（v/v) ,2025-08-07 08:00:00,芳烃含量,延化180万吨/年汽油精制装置
57.1,ST040127,%（v/v) ,2025-08-07 08:00:00,烷烃含量,延化180万吨/年汽油精制装置
3.00,ST040127,<p>ppm</p>,2025-08-07 08:00:00,硫含量,延化180万吨/年汽油精制装置
35.1,ST040127,℃,2025-08-07 08:00:00,初馏点蒸发温度 TIBP,延化180万吨/年汽油精制装置
45.4,ST040127,℃,2025-08-07 08:00:00,10%平均蒸发温度T10%,延化180万吨/年汽油精制装置
78.1,ST040127,℃,2025-08-07 08:00:00,50%平均蒸发温度T50%,延化180万吨/年汽油精制装置
158.5,ST040127,℃,2025-08-07 08:00:00,90%平均蒸发温度T90%,延化180万吨/年汽油精制装置
186.8,ST040127,℃,2025-08-07 08:00:00,终馏点蒸发温度TFBP,延化180万吨/年汽油精制装置
98.0,ST040127,<p>%</p>,2025-08-07 08:00:00,全馏,延化180万吨/年汽油精制装置
0.8,ST040127,<p>%</p>,2025-08-07 08:00:00,平均残留百分数(B),延化180万吨/年汽油精制装置
718.7,ST040127,<p>kg/m<sup>3</sup></p>,2025-08-07 08:00:00,密度(20℃),延化180万吨/年汽油精制装置
54.00,ST040127,<p>gBr/100g</p>,2025-08-07 08:00:00,溴价 gBr/100g,延化180万吨/年汽油精制装置
<0.5,ST040127,<p>mg/100mL</p>,2025-08-07 08:00:00,未洗胶质,延化180万吨/年汽油精制装置
64.0,ST040127,<p>kPa</p>,2025-08-07 08:00:00,饱和蒸汽压(X),延化180万吨/年汽油精制装置
1,ST040127,级,2025-08-07 08:00:00,铜片腐蚀(50℃，3h),延化180万吨/年汽油精制装置
27.1,ST040127,%（v/v) ,2025-08-07 08:00:00,烯烃含量,延化180万吨/年汽油精制装置
3.00,ST040127,<p>ppm</p>,2025-08-07 20:00:00,硫含量,延化180万吨/年汽油精制装置
157.4,ST040127,℃,2025-08-08 08:00:00,90%平均蒸发温度T90%,延化180万吨/年汽油精制装置
53.00,ST040127,<p>gBr/100g</p>,2025-08-08 08:00:00,溴价 gBr/100g,延化180万吨/年汽油精制装置
719.4,ST040127,<p>kg/m<sup>3</sup></p>,2025-08-08 08:00:00,密度(20℃),延化180万吨/年汽油精制装置
38.1,ST040127,℃,2025-08-08 08:00:00,初馏点蒸发温度 TIBP,延化180万吨/年汽油精制装置
47.6,ST040127,℃,2025-08-08 08:00:00,10%平均蒸发温度T10%,延化180万吨/年汽油精制装置
78.6,ST040127,℃,2025-08-08 08:00:00,50%平均蒸发温度T50%,延化180万吨/年汽油精制装置
3.00,ST040127,<p>ppm</p>,2025-08-08 08:00:00,硫含量,延化180万吨/年汽油精制装置
185.3,ST040127,℃,2025-08-08 08:00:00,终馏点蒸发温度TFBP,延化180万吨/年汽油精制装置
98.0,ST040127,<p>%</p>,2025-08-08 08:00:00,全馏,延化180万吨/年汽油精制装置
0.8,ST040127,<p>%</p>,2025-08-08 08:00:00,平均残留百分数(B),延化180万吨/年汽油精制装置
5.00,ST040127,<p>ppm</p>,2025-08-08 20:00:00,硫含量,延化180万吨/年汽油精制装置
10.00,ST040127,<p>ppm</p>,2025-08-08 21:27:00,硫含量,延化180万吨/年汽油精制装置
3.00,ST040127,<p>ppm</p>,2025-08-08 22:26:00,硫含量,延化180万吨/年汽油精制装置
2.00,ST040127,<p>ppm</p>,2025-08-08 23:26:00,硫含量,延化180万吨/年汽油精制装置
98.0,ST040127,<p>%</p>,2025-08-09 08:00:00,全馏,延化180万吨/年汽油精制装置
0.8,ST040127,<p>%</p>,2025-08-09 08:00:00,平均残留百分数(B),延化180万吨/年汽油精制装置
52.00,ST040127,<p>gBr/100g</p>,2025-08-09 08:00:00,溴价 gBr/100g,延化180万吨/年汽油精制装置
4.00,ST040127,<p>ppm</p>,2025-08-09 08:00:00,硫含量,延化180万吨/年汽油精制装置
160.0,ST040127,℃,2025-08-09 08:00:00,90%平均蒸发温度T90%,延化180万吨/年汽油精制装置
190.5,ST040127,℃,2025-08-09 08:00:00,终馏点蒸发温度TFBP,延化180万吨/年汽油精制装置
36.5,ST040127,℃,2025-08-09 08:00:00,初馏点蒸发温度 TIBP,延化180万吨/年汽油精制装置
48.0,ST040127,℃,2025-08-09 08:00:00,10%平均蒸发温度T10%,延化180万吨/年汽油精制装置
81.5,ST040127,℃,2025-08-09 08:00:00,50%平均蒸发温度T50%,延化180万吨/年汽油精制装置
719.7,ST040127,<p>kg/m<sup>3</sup></p>,2025-08-09 08:00:00,密度(20℃),延化180万吨/年汽油精制装置
4.00,ST040127,<p>ppm</p>,2025-08-09 20:00:00,硫含量,延化180万吨/年汽油精制装置
36.4,ST040127,℃,2025-08-10 08:00:00,初馏点蒸发温度 TIBP,延化180万吨/年汽油精制装置
51.1,ST040127,℃,2025-08-10 08:00:00,10%平均蒸发温度T10%,延化180万吨/年汽油精制装置
87.6,ST040127,℃,2025-08-10 08:00:00,50%平均蒸发温度T50%,延化180万吨/年汽油精制装置
166.0,ST040127,℃,2025-08-10 08:00:00,90%平均蒸发温度T90%,延化180万吨/年汽油精制装置
195.2,ST040127,℃,2025-08-10 08:00:00,终馏点蒸发温度TFBP,延化180万吨/年汽油精制装置
3.00,ST040127,<p>ppm</p>,2025-08-10 08:00:00,硫含量,延化180万吨/年汽油精制装置
0.8,ST040127,<p>%</p>,2025-08-10 08:00:00,平均残留百分数(B),延化180万吨/年汽油精制装置
54.00,ST040127,<p>gBr/100g</p>,2025-08-10 08:00:00,溴价 gBr/100g,延化180万吨/年汽油精制装置
98.0,ST040127,<p>%</p>,2025-08-10 08:00:00,全馏,延化180万吨/年汽油精制装置
719.3,ST040127,<p>kg/m<sup>3</sup></p>,2025-08-10 08:00:00,密度(20℃),延化180万吨/年汽油精制装置
3.00,ST040127,<p>ppm</p>,2025-08-10 20:00:00,硫含量,延化180万吨/年汽油精制装置
50.6,ST040127,℃,2025-08-11 08:00:00,10%平均蒸发温度T10%,延化180万吨/年汽油精制装置
3.00,ST040127,<p>ppm</p>,2025-08-11 08:00:00,硫含量,延化180万吨/年汽油精制装置
719.2,ST040127,<p>kg/m<sup>3</sup></p>,2025-08-11 08:00:00,密度(20℃),延化180万吨/年汽油精制装置
57.00,ST040127,<p>gBr/100g</p>,2025-08-11 08:00:00,溴价 gBr/100g,延化180万吨/年汽油精制装置
35.8,ST040127,℃,2025-08-11 08:00:00,初馏点蒸发温度 TIBP,延化180万吨/年汽油精制装置
87.4,ST040127,,2025-08-11 08:00:00,研究法辛烷值(RON),延化180万吨/年汽油精制装置
90.2,ST040127,℃,2025-08-11 08:00:00,50%平均蒸发温度T50%,延化180万吨/年汽油精制装置
166.8,ST040127,℃,2025-08-11 08:00:00,90%平均蒸发温度T90%,延化180万吨/年汽油精制装置
197.9,ST040127,℃,2025-08-11 08:00:00,终馏点蒸发温度TFBP,延化180万吨/年汽油精制装置
98.0,ST040127,<p>%</p>,2025-08-11 08:00:00,全馏,延化180万吨/年汽油精制装置
0.8,ST040127,<p>%</p>,2025-08-11 08:00:00,平均残留百分数(B),延化180万吨/年汽油精制装置
3.00,ST040127,<p>ppm</p>,2025-08-11 20:00:00,硫含量,延化180万吨/年汽油精制装置
3.00,ST040127,<p>ppm</p>,2025-08-12 08:00:00,硫含量,延化180万吨/年汽油精制装置
32.1,ST040127,℃,2025-08-12 08:00:00,初馏点蒸发温度 TIBP,延化180万吨/年汽油精制装置
47.4,ST040127,℃,2025-08-12 08:00:00,10%平均蒸发温度T10%,延化180万吨/年汽油精制装置
88.9,ST040127,℃,2025-08-12 08:00:00,50%平均蒸发温度T50%,延化180万吨/年汽油精制装置
166.2,ST040127,℃,2025-08-12 08:00:00,90%平均蒸发温度T90%,延化180万吨/年汽油精制装置
54.00,ST040127,<p>gBr/100g</p>,2025-08-12 08:00:00,溴价 gBr/100g,延化180万吨/年汽油精制装置
98.0,ST040127,<p>%</p>,2025-08-12 08:00:00,全馏,延化180万吨/年汽油精制装置
0.8,ST040127,<p>%</p>,2025-08-12 08:00:00,平均残留百分数(B),延化180万吨/年汽油精制装置
195.2,ST040127,℃,2025-08-12 08:00:00,终馏点蒸发温度TFBP,延化180万吨/年汽油精制装置
718.6,ST040127,<p>kg/m<sup>3</sup></p>,2025-08-12 08:00:00,密度(20℃),延化180万吨/年汽油精制装置
3.00,ST040127,<p>ppm</p>,2025-08-12 20:00:00,硫含量,延化180万吨/年汽油精制装置
165.7,ST040127,℃,2025-08-13 08:00:00,90%平均蒸发温度T90%,延化180万吨/年汽油精制装置
719.1,ST040127,<p>kg/m<sup>3</sup></p>,2025-08-13 08:00:00,密度(20℃),延化180万吨/年汽油精制装置
35.5,ST040127,℃,2025-08-13 08:00:00,初馏点蒸发温度 TIBP,延化180万吨/年汽油精制装置
50.4,ST040127,℃,2025-08-13 08:00:00,10%平均蒸发温度T10%,延化180万吨/年汽油精制装置
91.1,ST040127,℃,2025-08-13 08:00:00,50%平均蒸发温度T50%,延化180万吨/年汽油精制装置
3.00,ST040127,<p>ppm</p>,2025-08-13 08:00:00,硫含量,延化180万吨/年汽油精制装置
193.5,ST040127,℃,2025-08-13 08:00:00,终馏点蒸发温度TFBP,延化180万吨/年汽油精制装置
98.0,ST040127,<p>%</p>,2025-08-13 08:00:00,全馏,延化180万吨/年汽油精制装置
0.8,ST040127,<p>%</p>,2025-08-13 08:00:00,平均残留百分数(B),延化180万吨/年汽油精制装置
53.00,ST040127,<p>gBr/100g</p>,2025-08-13 08:00:00,溴价 gBr/100g,延化180万吨/年汽油精制装置
3.00,ST040127,<p>ppm</p>,2025-08-13 20:00:00,硫含量,延化180万吨/年汽油精制装置
718.8,ST040127,<p>kg/m<sup>3</sup></p>,2025-08-14 08:00:00,密度(20℃),延化180万吨/年汽油精制装置
56.9,ST040127,%（v/v) ,2025-08-14 08:00:00,烷烃含量,延化180万吨/年汽油精制装置
1,ST040127,级,2025-08-14 08:00:00,铜片腐蚀(50℃，3h),延化180万吨/年汽油精制装置
98.4,ST040127,<p>%</p>,2025-08-14 08:00:00,校正回收百分数(RC),延化180万吨/年汽油精制装置
98.4,ST040127,<p>%</p>,2025-08-14 08:00:00,校正回收百分数(RC),延化180万吨/年汽油精制装置
0.8,ST040127,<p>%</p>,2025-08-14 08:00:00,校正损失百分数(LC),延化180万吨/年汽油精制装置
0.8,ST040127,<p>%</p>,2025-08-14 08:00:00,校正损失百分数(LC),延化180万吨/年汽油精制装置
36.5,ST040127,℃,2025-08-14 08:00:00,初馏点蒸发温度 TIBP,延化180万吨/年汽油精制装置
49.0,ST040127,℃,2025-08-14 08:00:00,10%平均蒸发温度T10%,延化180万吨/年汽油精制装置
89.5,ST040127,℃,2025-08-14 08:00:00,50%平均蒸发温度T50%,延化180万吨/年汽油精制装置
163.5,ST040127,℃,2025-08-14 08:00:00,90%平均蒸发温度T90%,延化180万吨/年汽油精制装置
55.00,ST040127,<p>gBr/100g</p>,2025-08-14 08:00:00,溴价 gBr/100g,延化180万吨/年汽油精制装置
194.5,ST040127,℃,2025-08-14 08:00:00,终馏点蒸发温度TFBP,延化180万吨/年汽油精制装置
98.4,ST040127,<p>%</p>,2025-08-14 08:00:00,全馏,延化180万吨/年汽油精制装置
3.00,ST040127,<p>ppm</p>,2025-08-14 08:00:00,硫含量,延化180万吨/年汽油精制装置
16.0,ST040127,%（v/v) ,2025-08-14 08:00:00,芳烃含量,延化180万吨/年汽油精制装置
0.30,ST040127,<p>mg/100mL</p>,2025-08-14 08:00:00,未洗胶质,延化180万吨/年汽油精制装置
62.7,ST040127,<p>kPa</p>,2025-08-14 08:00:00,饱和蒸汽压(X),延化180万吨/年汽油精制装置
27.2,ST040127,%（v/v) ,2025-08-14 08:00:00,烯烃含量,延化180万吨/年汽油精制装置
3.00,ST040127,<p>ppm</p>,2025-08-14 20:00:00,硫含量,延化180万吨/年汽油精制装置
91.8,ST040127,℃,2025-08-15 08:00:00,50%平均蒸发温度T50%,延化180万吨/年汽油精制装置
53.00,ST040127,<p>gBr/100g</p>,2025-08-15 08:00:00,溴价 gBr/100g,延化180万吨/年汽油精制装置
3.00,ST040127,<p>ppm</p>,2025-08-15 08:00:00,硫含量,延化180万吨/年汽油精制装置
37.3,ST040127,℃,2025-08-15 08:00:00,初馏点蒸发温度 TIBP,延化180万吨/年汽油精制装置
51.5,ST040127,℃,2025-08-15 08:00:00,10%平均蒸发温度T10%,延化180万吨/年汽油精制装置
0.8,ST040127,<p>%</p>,2025-08-15 08:00:00,平均残留百分数(B),延化180万吨/年汽油精制装置
165.8,ST040127,℃,2025-08-15 08:00:00,90%平均蒸发温度T90%,延化180万吨/年汽油精制装置
194.3,ST040127,℃,2025-08-15 08:00:00,终馏点蒸发温度TFBP,延化180万吨/年汽油精制装置
98.0,ST040127,<p>%</p>,2025-08-15 08:00:00,全馏,延化180万吨/年汽油精制装置
719.7,ST040127,<p>kg/m<sup>3</sup></p>,2025-08-15 08:00:00,密度(20℃),延化180万吨/年汽油精制装置
3.00,ST040127,<p>ppm</p>,2025-08-15 20:00:00,硫含量,延化180万吨/年汽油精制装置
91.7,ST040127,℃,2025-08-16 08:00:00,50%平均蒸发温度T50%,延化180万吨/年汽油精制装置
166.8,ST040127,℃,2025-08-16 08:00:00,90%平均蒸发温度T90%,延化180万吨/年汽油精制装置
195.1,ST040127,℃,2025-08-16 08:00:00,终馏点蒸发温度TFBP,延化180万吨/年汽油精制装置
98.0,ST040127,<p>%</p>,2025-08-16 08:00:00,全馏,延化180万吨/年汽油精制装置
0.8,ST040127,<p>%</p>,2025-08-16 08:00:00,平均残留百分数(B),延化180万吨/年汽油精制装置
51.7,ST040127,℃,2025-08-16 08:00:00,10%平均蒸发温度T10%,延化180万吨/年汽油精制装置
719.7,ST040127,<p>kg/m<sup>3</sup></p>,2025-08-16 08:00:00,密度(20℃),延化180万吨/年汽油精制装置
3.00,ST040127,<p>ppm</p>,2025-08-16 08:00:00,硫含量,延化180万吨/年汽油精制装置
58.00,ST040127,<p>gBr/100g</p>,2025-08-16 08:00:00,溴价 gBr/100g,延化180万吨/年汽油精制装置
37.7,ST040127,℃,2025-08-16 08:00:00,初馏点蒸发温度 TIBP,延化180万吨/年汽油精制装置
3.00,ST040127,<p>ppm</p>,2025-08-16 20:00:00,硫含量,延化180万吨/年汽油精制装置
38.1,ST040127,℃,2025-08-17 08:00:00,初馏点蒸发温度 TIBP,延化180万吨/年汽油精制装置
52.1,ST040127,℃,2025-08-17 08:00:00,10%平均蒸发温度T10%,延化180万吨/年汽油精制装置
92.5,ST040127,℃,2025-08-17 08:00:00,50%平均蒸发温度T50%,延化180万吨/年汽油精制装置
165.6,ST040127,℃,2025-08-17 08:00:00,90%平均蒸发温度T90%,延化180万吨/年汽油精制装置
193.8,ST040127,℃,2025-08-17 08:00:00,终馏点蒸发温度TFBP,延化180万吨/年汽油精制装置
98.0,ST040127,<p>%</p>,2025-08-17 08:00:00,全馏,延化180万吨/年汽油精制装置
0.8,ST040127,<p>%</p>,2025-08-17 08:00:00,平均残留百分数(B),延化180万吨/年汽油精制装置
3.00,ST040127,<p>ppm</p>,2025-08-17 08:00:00,硫含量,延化180万吨/年汽油精制装置
720.7,ST040127,<p>kg/m<sup>3</sup></p>,2025-08-17 08:00:00,密度(20℃),延化180万吨/年汽油精制装置
56.00,ST040127,<p>gBr/100g</p>,2025-08-17 08:00:00,溴价 gBr/100g,延化180万吨/年汽油精制装置
3.00,ST040127,<p>ppm</p>,2025-08-17 20:00:00,硫含量,延化180万吨/年汽油精制装置
54.00,ST040127,<p>gBr/100g</p>,2025-08-18 08:00:00,溴价 gBr/100g,延化180万吨/年汽油精制装置
165.2,ST040127,℃,2025-08-18 08:00:00,90%平均蒸发温度T90%,延化180万吨/年汽油精制装置
194.2,ST040127,℃,2025-08-18 08:00:00,终馏点蒸发温度TFBP,延化180万吨/年汽油精制装置
98.0,ST040127,<p>%</p>,2025-08-18 08:00:00,全馏,延化180万吨/年汽油精制装置
0.8,ST040127,<p>%</p>,2025-08-18 08:00:00,平均残留百分数(B),延化180万吨/年汽油精制装置
89.9,ST040127,℃,2025-08-18 08:00:00,50%平均蒸发温度T50%,延化180万吨/年汽油精制装置
720.1,ST040127,<p>kg/m<sup>3</sup></p>,2025-08-18 08:00:00,密度(20℃),延化180万吨/年汽油精制装置
4.00,ST040127,<p>ppm</p>,2025-08-18 08:00:00,硫含量,延化180万吨/年汽油精制装置
87.6,ST040127,,2025-08-18 08:00:00,研究法辛烷值(RON),延化180万吨/年汽油精制装置
33.0,ST040127,℃,2025-08-18 08:00:00,初馏点蒸发温度 TIBP,延化180万吨/年汽油精制装置
48.8,ST040127,℃,2025-08-18 08:00:00,10%平均蒸发温度T10%,延化180万吨/年汽油精制装置
4.00,ST040127,<p>ppm</p>,2025-08-18 20:00:00,硫含量,延化180万吨/年汽油精制装置
0.8,ST040127,<p>%</p>,2025-08-19 08:00:00,校正损失百分数(LC),延化180万吨/年汽油精制装置
190.5,ST040127,℃,2025-08-19 08:00:00,终馏点蒸发温度TFBP,延化180万吨/年汽油精制装置
166.0,ST040127,℃,2025-08-19 08:00:00,90%平均蒸发温度T90%,延化180万吨/年汽油精制装置
93.5,ST040127,℃,2025-08-19 08:00:00,50%平均蒸发温度T50%,延化180万吨/年汽油精制装置
56.5,ST040127,℃,2025-08-19 08:00:00,10%平均蒸发温度T10%,延化180万吨/年汽油精制装置
40.0,ST040127,℃,2025-08-19 08:00:00,初馏点蒸发温度 TIBP,延化180万吨/年汽油精制装置
4.00,ST040127,<p>ppm</p>,2025-08-19 08:00:00,硫含量,延化180万吨/年汽油精制装置
0.8,ST040127,<p>%</p>,2025-08-19 08:00:00,校正损失百分数(LC),延化180万吨/年汽油精制装置
98.4,ST040127,<p>%</p>,2025-08-19 08:00:00,校正回收百分数(RC),延化180万吨/年汽油精制装置
98.4,ST040127,<p>%</p>,2025-08-19 08:00:00,校正回收百分数(RC),延化180万吨/年汽油精制装置
98.4,ST040127,<p>%</p>,2025-08-19 08:00:00,全馏,延化180万吨/年汽油精制装置
720.5,ST040127,<p>kg/m<sup>3</sup></p>,2025-08-19 08:00:00,密度(20℃),延化180万吨/年汽油精制装置
56.00,ST040127,<p>gBr/100g</p>,2025-08-19 08:00:00,溴价 gBr/100g,延化180万吨/年汽油精制装置
4.00,ST040127,<p>ppm</p>,2025-08-19 20:00:00,硫含量,延化180万吨/年汽油精制装置
165.3,ST040127,℃,2025-08-20 08:00:00,90%平均蒸发温度T90%,延化180万吨/年汽油精制装置
3.00,ST040127,<p>ppm</p>,2025-08-20 08:00:00,硫含量,延化180万吨/年汽油精制装置
34.5,ST040127,℃,2025-08-20 08:00:00,初馏点蒸发温度 TIBP,延化180万吨/年汽油精制装置
48.6,ST040127,℃,2025-08-20 08:00:00,10%平均蒸发温度T10%,延化180万吨/年汽油精制装置
90.8,ST040127,℃,2025-08-20 08:00:00,50%平均蒸发温度T50%,延化180万吨/年汽油精制装置
54.00,ST040127,<p>gBr/100g</p>,2025-08-20 08:00:00,溴价 gBr/100g,延化180万吨/年汽油精制装置
193.4,ST040127,℃,2025-08-20 08:00:00,终馏点蒸发温度TFBP,延化180万吨/年汽油精制装置
98.0,ST040127,<p>%</p>,2025-08-20 08:00:00,全馏,延化180万吨/年汽油精制装置
0.8,ST040127,<p>%</p>,2025-08-20 08:00:00,平均残留百分数(B),延化180万吨/年汽油精制装置
720.1,ST040127,<p>kg/m<sup>3</sup></p>,2025-08-20 08:00:00,密度(20℃),延化180万吨/年汽油精制装置
4.00,ST040127,<p>ppm</p>,2025-08-20 20:00:00,硫含量,延化180万吨/年汽油精制装置
<0.5,ST040127,<p>mg/100mL</p>,2025-08-21 08:00:00,未洗胶质,延化180万吨/年汽油精制装置
59.7,ST040127,<p>kPa</p>,2025-08-21 08:00:00,饱和蒸汽压(X),延化180万吨/年汽油精制装置
27.6,ST040127,%（v/v) ,2025-08-21 08:00:00,烯烃含量,延化180万吨/年汽油精制装置
17.0,ST040127,%（v/v) ,2025-08-21 08:00:00,芳烃含量,延化180万吨/年汽油精制装置
55.4,ST040127,%（v/v) ,2025-08-21 08:00:00,烷烃含量,延化180万吨/年汽油精制装置
1,ST040127,级,2025-08-21 08:00:00,铜片腐蚀(50℃，3h),延化180万吨/年汽油精制装置
37.0,ST040127,℃,2025-08-21 08:00:00,初馏点蒸发温度 TIBP,延化180万吨/年汽油精制装置
51.1,ST040127,℃,2025-08-21 08:00:00,10%平均蒸发温度T10%,延化180万吨/年汽油精制装置
90.8,ST040127,℃,2025-08-21 08:00:00,50%平均蒸发温度T50%,延化180万吨/年汽油精制装置
166.3,ST040127,℃,2025-08-21 08:00:00,90%平均蒸发温度T90%,延化180万吨/年汽油精制装置
195.8,ST040127,℃,2025-08-21 08:00:00,终馏点蒸发温度TFBP,延化180万吨/年汽油精制装置
98.0,ST040127,<p>%</p>,2025-08-21 08:00:00,全馏,延化180万吨/年汽油精制装置
0.8,ST040127,<p>%</p>,2025-08-21 08:00:00,平均残留百分数(B),延化180万吨/年汽油精制装置
720.0,ST040127,<p>kg/m<sup>3</sup></p>,2025-08-21 08:00:00,密度(20℃),延化180万吨/年汽油精制装置
4.00,ST040127,<p>ppm</p>,2025-08-21 08:00:00,硫含量,延化180万吨/年汽油精制装置
56.00,ST040127,<p>gBr/100g</p>,2025-08-21 08:00:00,溴价 gBr/100g,延化180万吨/年汽油精制装置
4.00,ST040127,<p>ppm</p>,2025-08-21 20:00:00,硫含量,延化180万吨/年汽油精制装置
57.00,ST040127,<p>gBr/100g</p>,2025-08-22 08:00:00,溴价 gBr/100g,延化180万吨/年汽油精制装置
37.2,ST040127,℃,2025-08-22 08:00:00,初馏点蒸发温度 TIBP,延化180万吨/年汽油精制装置
51.2,ST040127,℃,2025-08-22 08:00:00,10%平均蒸发温度T10%,延化180万吨/年汽油精制装置
92.0,ST040127,℃,2025-08-22 08:00:00,50%平均蒸发温度T50%,延化180万吨/年汽油精制装置
166.2,ST040127,℃,2025-08-22 08:00:00,90%平均蒸发温度T90%,延化180万吨/年汽油精制装置
194.6,ST040127,℃,2025-08-22 08:00:00,终馏点蒸发温度TFBP,延化180万吨/年汽油精制装置
98.0,ST040127,<p>%</p>,2025-08-22 08:00:00,全馏,延化180万吨/年汽油精制装置
0.8,ST040127,<p>%</p>,2025-08-22 08:00:00,平均残留百分数(B),延化180万吨/年汽油精制装置
719.8,ST040127,<p>kg/m<sup>3</sup></p>,2025-08-22 08:00:00,密度(20℃),延化180万吨/年汽油精制装置
4.00,ST040127,<p>ppm</p>,2025-08-22 08:00:00,硫含量,延化180万吨/年汽油精制装置
4.00,ST040127,<p>ppm</p>,2025-08-22 20:00:00,硫含量,延化180万吨/年汽油精制装置
34.9,ST040127,℃,2025-08-23 08:00:00,初馏点蒸发温度 TIBP,延化180万吨/年汽油精制装置
166.3,ST040127,℃,2025-08-23 08:00:00,90%平均蒸发温度T90%,延化180万吨/年汽油精制装置
4.00,ST040127,<p>ppm</p>,2025-08-23 08:00:00,硫含量,延化180万吨/年汽油精制装置
720.0,ST040127,<p>kg/m<sup>3</sup></p>,2025-08-23 08:00:00,密度(20℃),延化180万吨/年汽油精制装置
58.00,ST040127,<p>gBr/100g</p>,2025-08-23 08:00:00,溴价 gBr/100g,延化180万吨/年汽油精制装置
0.8,ST040127,<p>%</p>,2025-08-23 08:00:00,平均残留百分数(B),延化180万吨/年汽油精制装置
49.6,ST040127,℃,2025-08-23 08:00:00,10%平均蒸发温度T10%,延化180万吨/年汽油精制装置
90.8,ST040127,℃,2025-08-23 08:00:00,50%平均蒸发温度T50%,延化180万吨/年汽油精制装置
194.7,ST040127,℃,2025-08-23 08:00:00,终馏点蒸发温度TFBP,延化180万吨/年汽油精制装置
98.0,ST040127,<p>%</p>,2025-08-23 08:00:00,全馏,延化180万吨/年汽油精制装置
5.00,ST040127,<p>ppm</p>,2025-08-23 20:00:00,硫含量,延化180万吨/年汽油精制装置
195.0,ST040127,℃,2025-08-24 08:00:00,终馏点蒸发温度TFBP,延化180万吨/年汽油精制装置
98.0,ST040127,<p>%</p>,2025-08-24 08:00:00,全馏,延化180万吨/年汽油精制装置
0.8,ST040127,<p>%</p>,2025-08-24 08:00:00,平均残留百分数(B),延化180万吨/年汽油精制装置
719.8,ST040127,<p>kg/m<sup>3</sup></p>,2025-08-24 08:00:00,密度(20℃),延化180万吨/年汽油精制装置
58.00,ST040127,<p>gBr/100g</p>,2025-08-24 08:00:00,溴价 gBr/100g,延化180万吨/年汽油精制装置
167.6,ST040127,℃,2025-08-24 08:00:00,90%平均蒸发温度T90%,延化180万吨/年汽油精制装置
3.00,ST040127,<p>ppm</p>,2025-08-24 08:00:00,硫含量,延化180万吨/年汽油精制装置
36.7,ST040127,℃,2025-08-24 08:00:00,初馏点蒸发温度 TIBP,延化180万吨/年汽油精制装置
51.4,ST040127,℃,2025-08-24 08:00:00,10%平均蒸发温度T10%,延化180万吨/年汽油精制装置
91.7,ST040127,℃,2025-08-24 08:00:00,50%平均蒸发温度T50%,延化180万吨/年汽油精制装置
4.00,ST040127,<p>ppm</p>,2025-08-24 20:00:00,硫含量,延化180万吨/年汽油精制装置
98.4,ST040127,<p>%</p>,2025-08-25 08:00:00,校正回收百分数(RC),延化180万吨/年汽油精制装置
4.00,ST040127,<p>ppm</p>,2025-08-25 08:00:00,硫含量,延化180万吨/年汽油精制装置
98.4,ST040127,<p>%</p>,2025-08-25 08:00:00,校正回收百分数(RC),延化180万吨/年汽油精制装置
0.8,ST040127,<p>%</p>,2025-08-25 08:00:00,校正损失百分数(LC),延化180万吨/年汽油精制装置
0.8,ST040127,<p>%</p>,2025-08-25 08:00:00,校正损失百分数(LC),延化180万吨/年汽油精制装置
36.5,ST040127,℃,2025-08-25 08:00:00,初馏点蒸发温度 TIBP,延化180万吨/年汽油精制装置
55.0,ST040127,℃,2025-08-25 08:00:00,10%平均蒸发温度T10%,延化180万吨/年汽油精制装置
58.00,ST040127,<p>gBr/100g</p>,2025-08-25 08:00:00,溴价 gBr/100g,延化180万吨/年汽油精制装置
719.8,ST040127,<p>kg/m<sup>3</sup></p>,2025-08-25 08:00:00,密度(20℃),延化180万吨/年汽油精制装置
87.6,ST040127,,2025-08-25 08:00:00,研究法辛烷值(RON),延化180万吨/年汽油精制装置
91.5,ST040127,℃,2025-08-25 08:00:00,50%平均蒸发温度T50%,延化180万吨/年汽油精制装置
165.0,ST040127,℃,2025-08-25 08:00:00,90%平均蒸发温度T90%,延化180万吨/年汽油精制装置
192.5,ST040127,℃,2025-08-25 08:00:00,终馏点蒸发温度TFBP,延化180万吨/年汽油精制装置
98.4,ST040127,<p>%</p>,2025-08-25 08:00:00,全馏,延化180万吨/年汽油精制装置
3.00,ST040127,<p>ppm</p>,2025-08-25 20:00:00,硫含量,延化180万吨/年汽油精制装置
4.00,ST040127,<p>ppm</p>,2025-08-26 08:00:00,硫含量,延化180万吨/年汽油精制装置
49.9,ST040127,℃,2025-08-26 08:00:00,10%平均蒸发温度T10%,延化180万吨/年汽油精制装置
718.4,ST040127,<p>kg/m<sup>3</sup></p>,2025-08-26 08:00:00,密度(20℃),延化180万吨/年汽油精制装置
57.00,ST040127,<p>gBr/100g</p>,2025-08-26 08:00:00,溴价 gBr/100g,延化180万吨/年汽油精制装置
36.3,ST040127,℃,2025-08-26 08:00:00,初馏点蒸发温度 TIBP,延化180万吨/年汽油精制装置
0.8,ST040127,<p>%</p>,2025-08-26 08:00:00,平均残留百分数(B),延化180万吨/年汽油精制装置
89.2,ST040127,℃,2025-08-26 08:00:00,50%平均蒸发温度T50%,延化180万吨/年汽油精制装置
165.5,ST040127,℃,2025-08-26 08:00:00,90%平均蒸发温度T90%,延化180万吨/年汽油精制装置
194.3,ST040127,℃,2025-08-26 08:00:00,终馏点蒸发温度TFBP,延化180万吨/年汽油精制装置
98.0,ST040127,<p>%</p>,2025-08-26 08:00:00,全馏,延化180万吨/年汽油精制装置
3.00,ST040127,<p>ppm</p>,2025-08-26 20:00:00,硫含量,延化180万吨/年汽油精制装置
93.1,ST040127,℃,2025-08-27 08:00:00,50%平均蒸发温度T50%,延化180万吨/年汽油精制装置
3.00,ST040127,<p>ppm</p>,2025-08-27 08:00:00,硫含量,延化180万吨/年汽油精制装置
718.8,ST040127,<p>kg/m<sup>3</sup></p>,2025-08-27 08:00:00,密度(20℃),延化180万吨/年汽油精制装置
55.00,ST040127,<p>gBr/100g</p>,2025-08-27 08:00:00,溴价 gBr/100g,延化180万吨/年汽油精制装置
51.5,ST040127,℃,2025-08-27 08:00:00,10%平均蒸发温度T10%,延化180万吨/年汽油精制装置
36.4,ST040127,℃,2025-08-27 08:00:00,初馏点蒸发温度 TIBP,延化180万吨/年汽油精制装置
166.4,ST040127,℃,2025-08-27 08:00:00,90%平均蒸发温度T90%,延化180万吨/年汽油精制装置
195.0,ST040127,℃,2025-08-27 08:00:00,终馏点蒸发温度TFBP,延化180万吨/年汽油精制装置
98.0,ST040127,<p>%</p>,2025-08-27 08:00:00,全馏,延化180万吨/年汽油精制装置
0.8,ST040127,<p>%</p>,2025-08-27 08:00:00,平均残留百分数(B),延化180万吨/年汽油精制装置
3.00,ST040127,<p>ppm</p>,2025-08-27 20:00:00,硫含量,延化180万吨/年汽油精制装置
3.00,ST040127,<p>ppm</p>,2025-08-28 08:00:00,硫含量,延化180万吨/年汽油精制装置
57.6,ST040127,%（v/v) ,2025-08-28 08:00:00,烷烃含量,延化180万吨/年汽油精制装置
62.2,ST040127,<p>kPa</p>,2025-08-28 08:00:00,饱和蒸汽压(X),延化180万吨/年汽油精制装置
36.2,ST040127,℃,2025-08-28 08:00:00,初馏点蒸发温度 TIBP,延化180万吨/年汽油精制装置
50.8,ST040127,℃,2025-08-28 08:00:00,10%平均蒸发温度T10%,延化180万吨/年汽油精制装置
92.1,ST040127,℃,2025-08-28 08:00:00,50%平均蒸发温度T50%,延化180万吨/年汽油精制装置
167.2,ST040127,℃,2025-08-28 08:00:00,90%平均蒸发温度T90%,延化180万吨/年汽油精制装置
198.5,ST040127,℃,2025-08-28 08:00:00,终馏点蒸发温度TFBP,延化180万吨/年汽油精制装置
98.0,ST040127,<p>%</p>,2025-08-28 08:00:00,全馏,延化180万吨/年汽油精制装置
0.8,ST040127,<p>%</p>,2025-08-28 08:00:00,平均残留百分数(B),延化180万吨/年汽油精制装置
719.5,ST040127,<p>kg/m<sup>3</sup></p>,2025-08-28 08:00:00,密度(20℃),延化180万吨/年汽油精制装置
57.00,ST040127,<p>gBr/100g</p>,2025-08-28 08:00:00,溴价 gBr/100g,延化180万吨/年汽油精制装置
1,ST040127,级,2025-08-28 08:00:00,铜片腐蚀(50℃，3h),延化180万吨/年汽油精制装置
<0.5,ST040127,<p>mg/100mL</p>,2025-08-28 08:00:00,未洗胶质,延化180万吨/年汽油精制装置
26.4,ST040127,%（v/v) ,2025-08-28 08:00:00,烯烃含量,延化180万吨/年汽油精制装置
16.0,ST040127,%（v/v) ,2025-08-28 08:00:00,芳烃含量,延化180万吨/年汽油精制装置
3.00,ST040127,<p>ppm</p>,2025-08-28 20:00:00,硫含量,延化180万吨/年汽油精制装置
58.00,ST040127,<p>gBr/100g</p>,2025-08-29 08:00:00,溴价 gBr/100g,延化180万吨/年汽油精制装置
718.5,ST040127,<p>kg/m<sup>3</sup></p>,2025-08-29 08:00:00,密度(20℃),延化180万吨/年汽油精制装置
36.1,ST040127,℃,2025-08-29 08:00:00,初馏点蒸发温度 TIBP,延化180万吨/年汽油精制装置
165.9,ST040127,℃,2025-08-29 08:00:00,90%平均蒸发温度T90%,延化180万吨/年汽油精制装置
50.8,ST040127,℃,2025-08-29 08:00:00,10%平均蒸发温度T10%,延化180万吨/年汽油精制装置
91.1,ST040127,℃,2025-08-29 08:00:00,50%平均蒸发温度T50%,延化180万吨/年汽油精制装置
194.2,ST040127,℃,2025-08-29 08:00:00,终馏点蒸发温度TFBP,延化180万吨/年汽油精制装置
98.0,ST040127,<p>%</p>,2025-08-29 08:00:00,全馏,延化180万吨/年汽油精制装置
0.8,ST040127,<p>%</p>,2025-08-29 08:00:00,平均残留百分数(B),延化180万吨/年汽油精制装置
3.00,ST040127,<p>ppm</p>,2025-08-29 08:00:00,硫含量,延化180万吨/年汽油精制装置
3.00,ST040127,<p>ppm</p>,2025-08-29 20:00:00,硫含量,延化180万吨/年汽油精制装置
165.8,ST040127,℃,2025-08-30 08:00:00,90%平均蒸发温度T90%,延化180万吨/年汽油精制装置
3.00,ST040127,<p>ppm</p>,2025-08-30 08:00:00,硫含量,延化180万吨/年汽油精制装置
35.7,ST040127,℃,2025-08-30 08:00:00,初馏点蒸发温度 TIBP,延化180万吨/年汽油精制装置
50.3,ST040127,℃,2025-08-30 08:00:00,10%平均蒸发温度T10%,延化180万吨/年汽油精制装置
90.5,ST040127,℃,2025-08-30 08:00:00,50%平均蒸发温度T50%,延化180万吨/年汽油精制装置
58.00,ST040127,<p>gBr/100g</p>,2025-08-30 08:00:00,溴价 gBr/100g,延化180万吨/年汽油精制装置
194.2,ST040127,℃,2025-08-30 08:00:00,终馏点蒸发温度TFBP,延化180万吨/年汽油精制装置
98.0,ST040127,<p>%</p>,2025-08-30 08:00:00,全馏,延化180万吨/年汽油精制装置
0.8,ST040127,<p>%</p>,2025-08-30 08:00:00,平均残留百分数(B),延化180万吨/年汽油精制装置
719.1,ST040127,<p>kg/m<sup>3</sup></p>,2025-08-30 08:00:00,密度(20℃),延化180万吨/年汽油精制装置
3.00,ST040127,<p>ppm</p>,2025-08-30 20:00:00,硫含量,延化180万吨/年汽油精制装置
0.8,ST040127,<p>%</p>,2025-08-31 08:00:00,平均残留百分数(B),延化180万吨/年汽油精制装置
3.00,ST040127,<p>ppm</p>,2025-08-31 08:00:00,硫含量,延化180万吨/年汽油精制装置
35.5,ST040127,℃,2025-08-31 08:00:00,初馏点蒸发温度 TIBP,延化180万吨/年汽油精制装置
50.7,ST040127,℃,2025-08-31 08:00:00,10%平均蒸发温度T10%,延化180万吨/年汽油精制装置
92.1,ST040127,℃,2025-08-31 08:00:00,50%平均蒸发温度T50%,延化180万吨/年汽油精制装置
167.5,ST040127,℃,2025-08-31 08:00:00,90%平均蒸发温度T90%,延化180万吨/年汽油精制装置
196.6,ST040127,℃,2025-08-31 08:00:00,终馏点蒸发温度TFBP,延化180万吨/年汽油精制装置
98.0,ST040127,<p>%</p>,2025-08-31 08:00:00,全馏,延化180万吨/年汽油精制装置
719.6,ST040127,<p>kg/m<sup>3</sup></p>,2025-08-31 08:00:00,密度(20℃),延化180万吨/年汽油精制装置
55.00,ST040127,<p>gBr/100g</p>,2025-08-31 08:00:00,溴价 gBr/100g,延化180万吨/年汽油精制装置
3.00,ST040127,<p>ppm</p>,2025-08-31 20:00:00,硫含量,延化180万吨/年汽油精制装置
56.00,ST040127,<p>gBr/100g</p>,2025-09-01 08:00:00,溴价 gBr/100g,延化180万吨/年汽油精制装置
3.00,ST040127,<p>ppm</p>,2025-09-01 08:00:00,硫含量,延化180万吨/年汽油精制装置
719.6,ST040127,<p>kg/m<sup>3</sup></p>,2025-09-01 08:00:00,密度(20℃),延化180万吨/年汽油精制装置
32.9,ST040127,℃,2025-09-01 08:00:00,初馏点蒸发温度 TIBP,延化180万吨/年汽油精制装置
48.6,ST040127,℃,2025-09-01 08:00:00,10%平均蒸发温度T10%,延化180万吨/年汽油精制装置
91.6,ST040127,℃,2025-09-01 08:00:00,50%平均蒸发温度T50%,延化180万吨/年汽油精制装置
167.0,ST040127,℃,2025-09-01 08:00:00,90%平均蒸发温度T90%,延化180万吨/年汽油精制装置
195.4,ST040127,℃,2025-09-01 08:00:00,终馏点蒸发温度TFBP,延化180万吨/年汽油精制装置
98.0,ST040127,<p>%</p>,2025-09-01 08:00:00,全馏,延化180万吨/年汽油精制装置
0.8,ST040127,<p>%</p>,2025-09-01 08:00:00,平均残留百分数(B),延化180万吨/年汽油精制装置
3.00,ST040127,<p>ppm</p>,2025-09-01 20:00:00,硫含量,延化180万吨/年汽油精制装置
98.0,ST040127,<p>%</p>,2025-09-02 08:00:00,全馏,延化180万吨/年汽油精制装置
49.9,ST040127,℃,2025-09-02 08:00:00,10%平均蒸发温度T10%,延化180万吨/年汽油精制装置
91.5,ST040127,℃,2025-09-02 08:00:00,50%平均蒸发温度T50%,延化180万吨/年汽油精制装置
167.6,ST040127,℃,2025-09-02 08:00:00,90%平均蒸发温度T90%,延化180万吨/年汽油精制装置
197.3,ST040127,℃,2025-09-02 08:00:00,终馏点蒸发温度TFBP,延化180万吨/年汽油精制装置
719.3,ST040127,<p>kg/m<sup>3</sup></p>,2025-09-02 08:00:00,密度(20℃),延化180万吨/年汽油精制装置
0.8,ST040127,<p>%</p>,2025-09-02 08:00:00,平均残留百分数(B),延化180万吨/年汽油精制装置
34.9,ST040127,℃,2025-09-02 08:00:00,初馏点蒸发温度 TIBP,延化180万吨/年汽油精制装置
57.00,ST040127,<p>gBr/100g</p>,2025-09-02 08:00:00,溴价 gBr/100g,延化180万吨/年汽油精制装置
3.00,ST040127,<p>ppm</p>,2025-09-02 08:00:00,硫含量,延化180万吨/年汽油精制装置
3.00,ST040127,<p>ppm</p>,2025-09-02 20:00:00,硫含量,延化180万吨/年汽油精制装置
3.00,ST040127,<p>ppm</p>,2025-09-03 08:00:00,硫含量,延化180万吨/年汽油精制装置
58.00,ST040127,<p>gBr/100g</p>,2025-09-03 08:00:00,溴价 gBr/100g,延化180万吨/年汽油精制装置
719.2,ST040127,<p>kg/m<sup>3</sup></p>,2025-09-03 08:00:00,密度(20℃),延化180万吨/年汽油精制装置
36.0,ST040127,℃,2025-09-03 08:00:00,初馏点蒸发温度 TIBP,延化180万吨/年汽油精制装置
50.8,ST040127,℃,2025-09-03 08:00:00,10%平均蒸发温度T10%,延化180万吨/年汽油精制装置
91.6,ST040127,℃,2025-09-03 08:00:00,50%平均蒸发温度T50%,延化180万吨/年汽油精制装置
166.0,ST040127,℃,2025-09-03 08:00:00,90%平均蒸发温度T90%,延化180万吨/年汽油精制装置
195.0,ST040127,℃,2025-09-03 08:00:00,终馏点蒸发温度TFBP,延化180万吨/年汽油精制装置
98.0,ST040127,<p>%</p>,2025-09-03 08:00:00,全馏,延化180万吨/年汽油精制装置
0.8,ST040127,<p>%</p>,2025-09-03 08:00:00,平均残留百分数(B),延化180万吨/年汽油精制装置
3.00,ST040127,<p>ppm</p>,2025-09-03 20:00:00,硫含量,延化180万吨/年汽油精制装置
3.00,ST040127,<p>ppm</p>,2025-09-04 08:00:00,硫含量,延化180万吨/年汽油精制装置
61.7,ST040127,<p>kPa</p>,2025-09-04 08:00:00,饱和蒸汽压(X),延化180万吨/年汽油精制装置
26.0,ST040127,%（v/v) ,2025-09-04 08:00:00,烯烃含量,延化180万吨/年汽油精制装置
16.0,ST040127,%（v/v) ,2025-09-04 08:00:00,芳烃含量,延化180万吨/年汽油精制装置
58.1,ST040127,%（v/v) ,2025-09-04 08:00:00,烷烃含量,延化180万吨/年汽油精制装置
<0.5,ST040127,<p>mg/100mL</p>,2025-09-04 08:00:00,未洗胶质,延化180万吨/年汽油精制装置
720.3,ST040127,<p>kg/m<sup>3</sup></p>,2025-09-04 08:00:00,密度(20℃),延化180万吨/年汽油精制装置
58.00,ST040127,<p>gBr/100g</p>,2025-09-04 08:00:00,溴价 gBr/100g,延化180万吨/年汽油精制装置
36.7,ST040127,℃,2025-09-04 08:00:00,初馏点蒸发温度 TIBP,延化180万吨/年汽油精制装置
51.6,ST040127,℃,2025-09-04 08:00:00,10%平均蒸发温度T10%,延化180万吨/年汽油精制装置
92.7,ST040127,℃,2025-09-04 08:00:00,50%平均蒸发温度T50%,延化180万吨/年汽油精制装置
167.1,ST040127,℃,2025-09-04 08:00:00,90%平均蒸发温度T90%,延化180万吨/年汽油精制装置
195.5,ST040127,℃,2025-09-04 08:00:00,终馏点蒸发温度TFBP,延化180万吨/年汽油精制装置
98.0,ST040127,<p>%</p>,2025-09-04 08:00:00,全馏,延化180万吨/年汽油精制装置
0.8,ST040127,<p>%</p>,2025-09-04 08:00:00,平均残留百分数(B),延化180万吨/年汽油精制装置
1,ST040127,级,2025-09-04 08:00:00,铜片腐蚀(50℃，3h),延化180万吨/年汽油精制装置
3.00,ST040127,<p>ppm</p>,2025-09-04 20:00:00,硫含量,延化180万吨/年汽油精制装置
50.8,ST040127,℃,2025-09-05 08:00:00,10%平均蒸发温度T10%,延化180万吨/年汽油精制装置
3.00,ST040127,<p>ppm</p>,2025-09-05 08:00:00,硫含量,延化180万吨/年汽油精制装置
719.8,ST040127,<p>kg/m<sup>3</sup></p>,2025-09-05 08:00:00,密度(20℃),延化180万吨/年汽油精制装置
55.00,ST040127,<p>gBr/100g</p>,2025-09-05 08:00:00,溴价 gBr/100g,延化180万吨/年汽油精制装置
35.8,ST040127,℃,2025-09-05 08:00:00,初馏点蒸发温度 TIBP,延化180万吨/年汽油精制装置
0.8,ST040127,<p>%</p>,2025-09-05 08:00:00,平均残留百分数(B),延化180万吨/年汽油精制装置
91.6,ST040127,℃,2025-09-05 08:00:00,50%平均蒸发温度T50%,延化180万吨/年汽油精制装置
165.8,ST040127,℃,2025-09-05 08:00:00,90%平均蒸发温度T90%,延化180万吨/年汽油精制装置
194.4,ST040127,℃,2025-09-05 08:00:00,终馏点蒸发温度TFBP,延化180万吨/年汽油精制装置
98.0,ST040127,<p>%</p>,2025-09-05 08:00:00,全馏,延化180万吨/年汽油精制装置
3.00,ST040127,<p>ppm</p>,2025-09-05 20:00:00,硫含量,延化180万吨/年汽油精制装置
36.0,ST040127,℃,2025-09-06 08:00:00,初馏点蒸发温度 TIBP,延化180万吨/年汽油精制装置
51.6,ST040127,℃,2025-09-06 08:00:00,10%平均蒸发温度T10%,延化180万吨/年汽油精制装置
93.8,ST040127,℃,2025-09-06 08:00:00,50%平均蒸发温度T50%,延化180万吨/年汽油精制装置
167.3,ST040127,℃,2025-09-06 08:00:00,90%平均蒸发温度T90%,延化180万吨/年汽油精制装置
196.6,ST040127,℃,2025-09-06 08:00:00,终馏点蒸发温度TFBP,延化180万吨/年汽油精制装置
0.8,ST040127,<p>%</p>,2025-09-06 08:00:00,平均残留百分数(B),延化180万吨/年汽油精制装置
55.00,ST040127,<p>gBr/100g</p>,2025-09-06 08:00:00,溴价 gBr/100g,延化180万吨/年汽油精制装置
3.00,ST040127,<p>ppm</p>,2025-09-06 08:00:00,硫含量,延化180万吨/年汽油精制装置
98.0,ST040127,<p>%</p>,2025-09-06 08:00:00,全馏,延化180万吨/年汽油精制装置
719.0,ST040127,<p>kg/m<sup>3</sup></p>,2025-09-06 08:00:00,密度(20℃),延化180万吨/年汽油精制装置
3.00,ST040127,<p>ppm</p>,2025-09-06 20:00:00,硫含量,延化180万吨/年汽油精制装置
3.00,ST040127,<p>ppm</p>,2025-09-07 08:00:00,硫含量,延化180万吨/年汽油精制装置
719.5,ST040127,<p>kg/m<sup>3</sup></p>,2025-09-07 08:00:00,密度(20℃),延化180万吨/年汽油精制装置
56.00,ST040127,<p>gBr/100g</p>,2025-09-07 08:00:00,溴价 gBr/100g,延化180万吨/年汽油精制装置
35.1,ST040127,℃,2025-09-07 08:00:00,初馏点蒸发温度 TIBP,延化180万吨/年汽油精制装置
50.6,ST040127,℃,2025-09-07 08:00:00,10%平均蒸发温度T10%,延化180万吨/年汽油精制装置
0.8,ST040127,<p>%</p>,2025-09-07 08:00:00,平均残留百分数(B),延化180万吨/年汽油精制装置
166.3,ST040127,℃,2025-09-07 08:00:00,90%平均蒸发温度T90%,延化180万吨/年汽油精制装置
196.3,ST040127,℃,2025-09-07 08:00:00,终馏点蒸发温度TFBP,延化180万吨/年汽油精制装置
98.0,ST040127,<p>%</p>,2025-09-07 08:00:00,全馏,延化180万吨/年汽油精制装置
92.1,ST040127,℃,2025-09-07 08:00:00,50%平均蒸发温度T50%,延化180万吨/年汽油精制装置
3.00,ST040127,<p>ppm</p>,2025-09-07 20:00:00,硫含量,延化180万吨/年汽油精制装置
2.00,ST040127,<p>ppm</p>,2025-09-07 23:00:00,硫含量,延化180万吨/年汽油精制装置
2.00,ST040127,<p>ppm</p>,2025-09-08 00:00:00,硫含量,延化180万吨/年汽油精制装置
58.00,ST040127,<p>gBr/100g</p>,2025-09-08 08:00:00,溴价 gBr/100g,延化180万吨/年汽油精制装置
719.9,ST040127,<p>kg/m<sup>3</sup></p>,2025-09-08 08:00:00,密度(20℃),延化180万吨/年汽油精制装置
36.4,ST040127,℃,2025-09-08 08:00:00,初馏点蒸发温度 TIBP,延化180万吨/年汽油精制装置
98.0,ST040127,<p>%</p>,2025-09-08 08:00:00,全馏,延化180万吨/年汽油精制装置
3.00,ST040127,<p>ppm</p>,2025-09-08 08:00:00,硫含量,延化180万吨/年汽油精制装置
87.3,ST040127,,2025-09-08 08:00:00,研究法辛烷值(RON),延化180万吨/年汽油精制装置
51.5,ST040127,℃,2025-09-08 08:00:00,10%平均蒸发温度T10%,延化180万吨/年汽油精制装置
93.4,ST040127,℃,2025-09-08 08:00:00,50%平均蒸发温度T50%,延化180万吨/年汽油精制装置
166.2,ST040127,℃,2025-09-08 08:00:00,90%平均蒸发温度T90%,延化180万吨/年汽油精制装置
194.9,ST040127,℃,2025-09-08 08:00:00,终馏点蒸发温度TFBP,延化180万吨/年汽油精制装置
0.8,ST040127,<p>%</p>,2025-09-08 08:00:00,平均残留百分数(B),延化180万吨/年汽油精制装置
3.00,ST040127,<p>ppm</p>,2025-09-08 20:00:00,硫含量,延化180万吨/年汽油精制装置
91.0,ST040127,℃,2025-09-09 08:00:00,50%平均蒸发温度T50%,延化180万吨/年汽油精制装置
166.5,ST040127,℃,2025-09-09 08:00:00,90%平均蒸发温度T90%,延化180万吨/年汽油精制装置
57.00,ST040127,<p>gBr/100g</p>,2025-09-09 08:00:00,溴价 gBr/100g,延化180万吨/年汽油精制装置
35.0,ST040127,℃,2025-09-09 08:00:00,初馏点蒸发温度 TIBP,延化180万吨/年汽油精制装置
50.3,ST040127,℃,2025-09-09 08:00:00,10%平均蒸发温度T10%,延化180万吨/年汽油精制装置
3.00,ST040127,<p>ppm</p>,2025-09-09 08:00:00,硫含量,延化180万吨/年汽油精制装置
195.3,ST040127,℃,2025-09-09 08:00:00,终馏点蒸发温度TFBP,延化180万吨/年汽油精制装置
98.0,ST040127,<p>%</p>,2025-09-09 08:00:00,全馏,延化180万吨/年汽油精制装置
0.8,ST040127,<p>%</p>,2025-09-09 08:00:00,平均残留百分数(B),延化180万吨/年汽油精制装置
719.8,ST040127,<p>kg/m<sup>3</sup></p>,2025-09-09 08:00:00,密度(20℃),延化180万吨/年汽油精制装置
3.00,ST040127,<p>ppm</p>,2025-09-09 20:00:00,硫含量,延化180万吨/年汽油精制装置
166.1,ST040127,℃,2025-09-10 08:00:00,90%平均蒸发温度T90%,延化180万吨/年汽油精制装置
3.00,ST040127,<p>ppm</p>,2025-09-10 08:00:00,硫含量,延化180万吨/年汽油精制装置
35.2,ST040127,℃,2025-09-10 08:00:00,初馏点蒸发温度 TIBP,延化180万吨/年汽油精制装置
50.6,ST040127,℃,2025-09-10 08:00:00,10%平均蒸发温度T10%,延化180万吨/年汽油精制装置
92.0,ST040127,℃,2025-09-10 08:00:00,50%平均蒸发温度T50%,延化180万吨/年汽油精制装置
57.00,ST040127,<p>gBr/100g</p>,2025-09-10 08:00:00,溴价 gBr/100g,延化180万吨/年汽油精制装置
195.9,ST040127,℃,2025-09-10 08:00:00,终馏点蒸发温度TFBP,延化180万吨/年汽油精制装置
98.0,ST040127,<p>%</p>,2025-09-10 08:00:00,全馏,延化180万吨/年汽油精制装置
0.8,ST040127,<p>%</p>,2025-09-10 08:00:00,平均残留百分数(B),延化180万吨/年汽油精制装置
719.3,ST040127,<p>kg/m<sup>3</sup></p>,2025-09-10 08:00:00,密度(20℃),延化180万吨/年汽油精制装置
3.00,ST040127,<p>ppm</p>,2025-09-10 20:00:00,硫含量,延化180万吨/年汽油精制装置
1,ST040127,级,2025-09-11 08:00:00,铜片腐蚀(50℃，3h),延化180万吨/年汽油精制装置
0.8,ST040127,<p>%</p>,2025-09-11 08:00:00,平均残留百分数(B),延化180万吨/年汽油精制装置
52.3,ST040127,℃,2025-09-11 08:00:00,10%平均蒸发温度T10%,延化180万吨/年汽油精制装置
94.0,ST040127,℃,2025-09-11 08:00:00,50%平均蒸发温度T50%,延化180万吨/年汽油精制装置
166.4,ST040127,℃,2025-09-11 08:00:00,90%平均蒸发温度T90%,延化180万吨/年汽油精制装置
195.3,ST040127,℃,2025-09-11 08:00:00,终馏点蒸发温度TFBP,延化180万吨/年汽油精制装置
98.0,ST040127,<p>%</p>,2025-09-11 08:00:00,全馏,延化180万吨/年汽油精制装置
<0.5,ST040127,<p>mg/100mL</p>,2025-09-11 08:00:00,未洗胶质,延化180万吨/年汽油精制装置
61.3,ST040127,<p>kPa</p>,2025-09-11 08:00:00,饱和蒸汽压(X),延化180万吨/年汽油精制装置
721.4,ST040127,<p>kg/m<sup>3</sup></p>,2025-09-11 08:00:00,密度(20℃),延化180万吨/年汽油精制装置
59.00,ST040127,<p>gBr/100g</p>,2025-09-11 08:00:00,溴价 gBr/100g,延化180万吨/年汽油精制装置
57.4,ST040127,%（v/v) ,2025-09-11 08:00:00,烷烃含量,延化180万吨/年汽油精制装置
3.00,ST040127,<p>ppm</p>,2025-09-11 08:00:00,硫含量,延化180万吨/年汽油精制装置
26.2,ST040127,%（v/v) ,2025-09-11 08:00:00,烯烃含量,延化180万吨/年汽油精制装置
16.4,ST040127,%（v/v) ,2025-09-11 08:00:00,芳烃含量,延化180万吨/年汽油精制装置
36.3,ST040127,℃,2025-09-11 08:00:00,初馏点蒸发温度 TIBP,延化180万吨/年汽油精制装置
5.00,ST040127,<p>ppm</p>,2025-09-11 14:30:00,硫含量,延化180万吨/年汽油精制装置
4.00,ST040127,<p>ppm</p>,2025-09-11 20:00:00,硫含量,延化180万吨/年汽油精制装置
57.00,ST040127,<p>gBr/100g</p>,2025-09-12 08:00:00,溴价 gBr/100g,延化180万吨/年汽油精制装置
5.00,ST040127,<p>ppm</p>,2025-09-12 08:00:00,硫含量,延化180万吨/年汽油精制装置
36.5,ST040127,℃,2025-09-12 08:00:00,初馏点蒸发温度 TIBP,延化180万吨/年汽油精制装置
52.0,ST040127,℃,2025-09-12 08:00:00,10%平均蒸发温度T10%,延化180万吨/年汽油精制装置
93.5,ST040127,℃,2025-09-12 08:00:00,50%平均蒸发温度T50%,延化180万吨/年汽油精制装置
165.4,ST040127,℃,2025-09-12 08:00:00,90%平均蒸发温度T90%,延化180万吨/年汽油精制装置
193.4,ST040127,℃,2025-09-12 08:00:00,终馏点蒸发温度TFBP,延化180万吨/年汽油精制装置
98.0,ST040127,<p>%</p>,2025-09-12 08:00:00,全馏,延化180万吨/年汽油精制装置
0.8,ST040127,<p>%</p>,2025-09-12 08:00:00,平均残留百分数(B),延化180万吨/年汽油精制装置
720.8,ST040127,<p>kg/m<sup>3</sup></p>,2025-09-12 08:00:00,密度(20℃),延化180万吨/年汽油精制装置
4.00,ST040127,<p>ppm</p>,2025-09-12 20:00:00,硫含量,延化180万吨/年汽油精制装置
196.4,ST040127,℃,2025-09-13 08:00:00,终馏点蒸发温度TFBP,延化180万吨/年汽油精制装置
719.5,ST040127,<p>kg/m<sup>3</sup></p>,2025-09-13 08:00:00,密度(20℃),延化180万吨/年汽油精制装置
57.00,ST040127,<p>gBr/100g</p>,2025-09-13 08:00:00,溴价 gBr/100g,延化180万吨/年汽油精制装置
5.00,ST040127,<p>ppm</p>,2025-09-13 08:00:00,硫含量,延化180万吨/年汽油精制装置
51.4,ST040127,℃,2025-09-13 08:00:00,10%平均蒸发温度T10%,延化180万吨/年汽油精制装置
93.7,ST040127,℃,2025-09-13 08:00:00,50%平均蒸发温度T50%,延化180万吨/年汽油精制装置
166.8,ST040127,℃,2025-09-13 08:00:00,90%平均蒸发温度T90%,延化180万吨/年汽油精制装置
36.0,ST040127,℃,2025-09-13 08:00:00,初馏点蒸发温度 TIBP,延化180万吨/年汽油精制装置
0.8,ST040127,<p>%</p>,2025-09-13 08:00:00,平均残留百分数(B),延化180万吨/年汽油精制装置
98.0,ST040127,<p>%</p>,2025-09-13 08:00:00,全馏,延化180万吨/年汽油精制装置
5.00,ST040127,<p>ppm</p>,2025-09-13 20:00:00,硫含量,延化180万吨/年汽油精制装置
56.00,ST040127,<p>gBr/100g</p>,2025-09-14 08:00:00,溴价 gBr/100g,延化180万吨/年汽油精制装置
720.3,ST040127,<p>kg/m<sup>3</sup></p>,2025-09-14 08:00:00,密度(20℃),延化180万吨/年汽油精制装置
36.0,ST040127,℃,2025-09-14 08:00:00,初馏点蒸发温度 TIBP,延化180万吨/年汽油精制装置
51.3,ST040127,℃,2025-09-14 08:00:00,10%平均蒸发温度T10%,延化180万吨/年汽油精制装置
92.8,ST040127,℃,2025-09-14 08:00:00,50%平均蒸发温度T50%,延化180万吨/年汽油精制装置
166.5,ST040127,℃,2025-09-14 08:00:00,90%平均蒸发温度T90%,延化180万吨/年汽油精制装置
194.8,ST040127,℃,2025-09-14 08:00:00,终馏点蒸发温度TFBP,延化180万吨/年汽油精制装置
98.0,ST040127,<p>%</p>,2025-09-14 08:00:00,全馏,延化180万吨/年汽油精制装置
0.8,ST040127,<p>%</p>,2025-09-14 08:00:00,平均残留百分数(B),延化180万吨/年汽油精制装置
5.00,ST040127,<p>ppm</p>,2025-09-14 08:00:00,硫含量,延化180万吨/年汽油精制装置
5.00,ST040127,<p>ppm</p>,2025-09-14 20:00:00,硫含量,延化180万吨/年汽油精制装置
36.1,ST040127,℃,2025-09-15 08:00:00,初馏点蒸发温度 TIBP,延化180万吨/年汽油精制装置
87.4,ST040127,,2025-09-15 08:00:00,研究法辛烷值(RON),延化180万吨/年汽油精制装置
5.00,ST040127,<p>ppm</p>,2025-09-15 08:00:00,硫含量,延化180万吨/年汽油精制装置
721.5,ST040127,<p>kg/m<sup>3</sup></p>,2025-09-15 08:00:00,密度(20℃),延化180万吨/年汽油精制装置
55.00,ST040127,<p>gBr/100g</p>,2025-09-15 08:00:00,溴价 gBr/100g,延化180万吨/年汽油精制装置
0.8,ST040127,<p>%</p>,2025-09-15 08:00:00,平均残留百分数(B),延化180万吨/年汽油精制装置
51.9,ST040127,℃,2025-09-15 08:00:00,10%平均蒸发温度T10%,延化180万吨/年汽油精制装置
94.5,ST040127,℃,2025-09-15 08:00:00,50%平均蒸发温度T50%,延化180万吨/年汽油精制装置
167.1,ST040127,℃,2025-09-15 08:00:00,90%平均蒸发温度T90%,延化180万吨/年汽油精制装置
195.9,ST040127,℃,2025-09-15 08:00:00,终馏点蒸发温度TFBP,延化180万吨/年汽油精制装置
98.0,ST040127,<p>%</p>,2025-09-15 08:00:00,全馏,延化180万吨/年汽油精制装置
5.00,ST040127,<p>ppm</p>,2025-09-15 20:00:00,硫含量,延化180万吨/年汽油精制装置
721.5,ST040127,<p>kg/m<sup>3</sup></p>,2025-09-16 08:00:00,密度(20℃),延化180万吨/年汽油精制装置
52.00,ST040127,<p>gBr/100g</p>,2025-09-16 08:00:00,溴价 gBr/100g,延化180万吨/年汽油精制装置
37.0,ST040127,℃,2025-09-16 08:00:00,初馏点蒸发温度 TIBP,延化180万吨/年汽油精制装置
52.3,ST040127,℃,2025-09-16 08:00:00,10%平均蒸发温度T10%,延化180万吨/年汽油精制装置
94.2,ST040127,℃,2025-09-16 08:00:00,50%平均蒸发温度T50%,延化180万吨/年汽油精制装置
166.4,ST040127,℃,2025-09-16 08:00:00,90%平均蒸发温度T90%,延化180万吨/年汽油精制装置
195.8,ST040127,℃,2025-09-16 08:00:00,终馏点蒸发温度TFBP,延化180万吨/年汽油精制装置
98.0,ST040127,<p>%</p>,2025-09-16 08:00:00,全馏,延化180万吨/年汽油精制装置
0.8,ST040127,<p>%</p>,2025-09-16 08:00:00,平均残留百分数(B),延化180万吨/年汽油精制装置
4.00,ST040127,<p>ppm</p>,2025-09-16 14:30:00,硫含量,延化180万吨/年汽油精制装置
16.1,ST040127,%（v/v) ,2025-09-16 16:22:00,芳烃含量,延化180万吨/年汽油精制装置
24.8,ST040127,%（v/v) ,2025-09-16 16:22:00,烯烃含量,延化180万吨/年汽油精制装置
3.00,ST040127,<p>ppm</p>,2025-09-16 16:22:00,硫含量,延化180万吨/年汽油精制装置
59.2,ST040127,%（v/v) ,2025-09-16 16:22:00,烷烃含量,延化180万吨/年汽油精制装置
1,ST040127,级,2025-09-16 16:22:00,铜片腐蚀(50℃，3h),延化180万吨/年汽油精制装置
52.00,ST040127,<p>gBr/100g</p>,2025-09-16 16:22:00,溴价 gBr/100g,延化180万吨/年汽油精制装置
721.1,ST040127,<p>kg/m<sup>3</sup></p>,2025-09-16 16:22:00,密度(20℃),延化180万吨/年汽油精制装置
37.5,ST040127,℃,2025-09-16 16:22:00,初馏点蒸发温度 TIBP,延化180万吨/年汽油精制装置
52.7,ST040127,℃,2025-09-16 16:22:00,10%平均蒸发温度T10%,延化180万吨/年汽油精制装置
93.4,ST040127,℃,2025-09-16 16:22:00,50%平均蒸发温度T50%,延化180万吨/年汽油精制装置
165.3,ST040127,℃,2025-09-16 16:22:00,90%平均蒸发温度T90%,延化180万吨/年汽油精制装置
193.6,ST040127,℃,2025-09-16 16:22:00,终馏点蒸发温度TFBP,延化180万吨/年汽油精制装置
98.0,ST040127,<p>%</p>,2025-09-16 16:22:00,全馏,延化180万吨/年汽油精制装置
0.8,ST040127,<p>%</p>,2025-09-16 16:22:00,平均残留百分数(B),延化180万吨/年汽油精制装置
5.90,ST040127,<p>ppm</p>,2025-09-16 20:00:00,硫含量,延化180万吨/年汽油精制装置
196.6,ST040127,℃,2025-09-17 08:00:00,终馏点蒸发温度TFBP,延化180万吨/年汽油精制装置
34.6,ST040127,℃,2025-09-17 08:00:00,初馏点蒸发温度 TIBP,延化180万吨/年汽油精制装置
48.3,ST040127,℃,2025-09-17 08:00:00,10%平均蒸发温度T10%,延化180万吨/年汽油精制装置
90.9,ST040127,℃,2025-09-17 08:00:00,50%平均蒸发温度T50%,延化180万吨/年汽油精制装置
167.2,ST040127,℃,2025-09-17 08:00:00,90%平均蒸发温度T90%,延化180万吨/年汽油精制装置
5.00,ST040127,<p>ppm</p>,2025-09-17 08:00:00,硫含量,延化180万吨/年汽油精制装置
98.0,ST040127,<p>%</p>,2025-09-17 08:00:00,全馏,延化180万吨/年汽油精制装置
0.8,ST040127,<p>%</p>,2025-09-17 08:00:00,平均残留百分数(B),延化180万吨/年汽油精制装置
719.4,ST040127,<p>kg/m<sup>3</sup></p>,2025-09-17 08:00:00,密度(20℃),延化180万吨/年汽油精制装置
54.00,ST040127,<p>gBr/100g</p>,2025-09-17 08:00:00,溴价 gBr/100g,延化180万吨/年汽油精制装置
3.50,ST040127,<p>ppm</p>,2025-09-17 20:00:00,硫含量,延化180万吨/年汽油精制装置
35.8,ST040127,℃,2025-09-18 08:00:00,初馏点蒸发温度 TIBP,延化180万吨/年汽油精制装置
56.5,ST040127,%（v/v) ,2025-09-18 08:00:00,烷烃含量,延化180万吨/年汽油精制装置
94.3,ST040127,℃,2025-09-18 08:00:00,50%平均蒸发温度T50%,延化180万吨/年汽油精制装置
166.7,ST040127,℃,2025-09-18 08:00:00,90%平均蒸发温度T90%,延化180万吨/年汽油精制装置
195.5,ST040127,℃,2025-09-18 08:00:00,终馏点蒸发温度TFBP,延化180万吨/年汽油精制装置
98.0,ST040127,<p>%</p>,2025-09-18 08:00:00,全馏,延化180万吨/年汽油精制装置
0.8,ST040127,<p>%</p>,2025-09-18 08:00:00,平均残留百分数(B),延化180万吨/年汽油精制装置
51.5,ST040127,℃,2025-09-18 08:00:00,10%平均蒸发温度T10%,延化180万吨/年汽油精制装置
1,ST040127,级,2025-09-18 08:00:00,铜片腐蚀(50℃，3h),延化180万吨/年汽油精制装置
721.1,ST040127,<p>kg/m<sup>3</sup></p>,2025-09-18 08:00:00,密度(20℃),延化180万吨/年汽油精制装置
52.00,ST040127,<p>gBr/100g</p>,2025-09-18 08:00:00,溴价 gBr/100g,延化180万吨/年汽油精制装置
3.00,ST040127,<p>ppm</p>,2025-09-18 08:00:00,硫含量,延化180万吨/年汽油精制装置
<0.5,ST040127,<p>mg/100mL</p>,2025-09-18 08:00:00,未洗胶质,延化180万吨/年汽油精制装置
62.6,ST040127,<p>kPa</p>,2025-09-18 08:00:00,饱和蒸汽压(X),延化180万吨/年汽油精制装置
27.7,ST040127,%（v/v) ,2025-09-18 08:00:00,烯烃含量,延化180万吨/年汽油精制装置
15.8,ST040127,%（v/v) ,2025-09-18 08:00:00,芳烃含量,延化180万吨/年汽油精制装置
4.00,ST040127,<p>ppm</p>,2025-09-18 20:00:00,硫含量,延化180万吨/年汽油精制装置
168.5,ST040127,℃,2025-09-19 08:00:00,90%平均蒸发温度T90%,延化180万吨/年汽油精制装置
50.7,ST040127,℃,2025-09-19 08:00:00,10%平均蒸发温度T10%,延化180万吨/年汽油精制装置
93.5,ST040127,℃,2025-09-19 08:00:00,50%平均蒸发温度T50%,延化180万吨/年汽油精制装置
34.1,ST040127,℃,2025-09-19 08:00:00,初馏点蒸发温度 TIBP,延化180万吨/年汽油精制装置
198.7,ST040127,℃,2025-09-19 08:00:00,终馏点蒸发温度TFBP,延化180万吨/年汽油精制装置
5.00,ST040127,<p>ppm</p>,2025-09-19 08:00:00,硫含量,延化180万吨/年汽油精制装置
0.8,ST040127,<p>%</p>,2025-09-19 08:00:00,平均残留百分数(B),延化180万吨/年汽油精制装置
720.4,ST040127,<p>kg/m<sup>3</sup></p>,2025-09-19 08:00:00,密度(20℃),延化180万吨/年汽油精制装置
53.00,ST040127,<p>gBr/100g</p>,2025-09-19 08:00:00,溴价 gBr/100g,延化180万吨/年汽油精制装置
98.0,ST040127,<p>%</p>,2025-09-19 08:00:00,全馏,延化180万吨/年汽油精制装置
6.00,ST040127,<p>ppm</p>,2025-09-19 20:00:00,硫含量,延化180万吨/年汽油精制装置
166.6,ST040127,℃,2025-09-20 08:00:00,90%平均蒸发温度T90%,延化180万吨/年汽油精制装置
195.9,ST040127,℃,2025-09-20 08:00:00,终馏点蒸发温度TFBP,延化180万吨/年汽油精制装置
98.0,ST040127,<p>%</p>,2025-09-20 08:00:00,全馏,延化180万吨/年汽油精制装置
0.8,ST040127,<p>%</p>,2025-09-20 08:00:00,平均残留百分数(B),延化180万吨/年汽油精制装置
52.00,ST040127,<p>gBr/100g</p>,2025-09-20 08:00:00,溴价 gBr/100g,延化180万吨/年汽油精制装置
4.00,ST040127,<p>ppm</p>,2025-09-20 08:00:00,硫含量,延化180万吨/年汽油精制装置
719.0,ST040127,<p>kg/m<sup>3</sup></p>,2025-09-20 08:00:00,密度(20℃),延化180万吨/年汽油精制装置
35.4,ST040127,℃,2025-09-20 08:00:00,初馏点蒸发温度 TIBP,延化180万吨/年汽油精制装置
51.1,ST040127,℃,2025-09-20 08:00:00,10%平均蒸发温度T10%,延化180万吨/年汽油精制装置
93.0,ST040127,℃,2025-09-20 08:00:00,50%平均蒸发温度T50%,延化180万吨/年汽油精制装置
5.00,ST040127,<p>ppm</p>,2025-09-20 20:00:00,硫含量,延化180万吨/年汽油精制装置
35.1,ST040127,℃,2025-09-21 08:00:00,初馏点蒸发温度 TIBP,延化180万吨/年汽油精制装置
167.9,ST040127,℃,2025-09-21 08:00:00,90%平均蒸发温度T90%,延化180万吨/年汽油精制装置
6.00,ST040127,<p>ppm</p>,2025-09-21 08:00:00,硫含量,延化180万吨/年汽油精制装置
719.4,ST040127,<p>kg/m<sup>3</sup></p>,2025-09-21 08:00:00,密度(20℃),延化180万吨/年汽油精制装置
54.00,ST040127,<p>gBr/100g</p>,2025-09-21 08:00:00,溴价 gBr/100g,延化180万吨/年汽油精制装置
0.8,ST040127,<p>%</p>,2025-09-21 08:00:00,平均残留百分数(B),延化180万吨/年汽油精制装置
50.8,ST040127,℃,2025-09-21 08:00:00,10%平均蒸发温度T10%,延化180万吨/年汽油精制装置
92.8,ST040127,℃,2025-09-21 08:00:00,50%平均蒸发温度T50%,延化180万吨/年汽油精制装置
198.9,ST040127,℃,2025-09-21 08:00:00,终馏点蒸发温度TFBP,延化180万吨/年汽油精制装置
98.0,ST040127,<p>%</p>,2025-09-21 08:00:00,全馏,延化180万吨/年汽油精制装置
4.00,ST040127,<p>ppm</p>,2025-09-21 20:00:00,硫含量,延化180万吨/年汽油精制装置
34.5,ST040127,℃,2025-09-22 08:00:00,初馏点蒸发温度 TIBP,延化180万吨/年汽油精制装置
87.7,ST040127,,2025-09-22 08:00:00,研究法辛烷值(RON),延化180万吨/年汽油精制装置
5.00,ST040127,<p>ppm</p>,2025-09-22 08:00:00,硫含量,延化180万吨/年汽油精制装置
720.6,ST040127,<p>kg/m<sup>3</sup></p>,2025-09-22 08:00:00,密度(20℃),延化180万吨/年汽油精制装置
54.00,ST040127,<p>gBr/100g</p>,2025-09-22 08:00:00,溴价 gBr/100g,延化180万吨/年汽油精制装置
0.8,ST040127,<p>%</p>,2025-09-22 08:00:00,平均残留百分数(B),延化180万吨/年汽油精制装置
50.2,ST040127,℃,2025-09-22 08:00:00,10%平均蒸发温度T10%,延化180万吨/年汽油精制装置
92.6,ST040127,℃,2025-09-22 08:00:00,50%平均蒸发温度T50%,延化180万吨/年汽油精制装置
168.1,ST040127,℃,2025-09-22 08:00:00,90%平均蒸发温度T90%,延化180万吨/年汽油精制装置
199.2,ST040127,℃,2025-09-22 08:00:00,终馏点蒸发温度TFBP,延化180万吨/年汽油精制装置
98.0,ST040127,<p>%</p>,2025-09-22 08:00:00,全馏,延化180万吨/年汽油精制装置
4.00,ST040127,<p>ppm</p>,2025-09-22 20:00:00,硫含量,延化180万吨/年汽油精制装置
198.0,ST040127,℃,2025-09-23 08:00:00,终馏点蒸发温度TFBP,延化180万吨/年汽油精制装置
35.4,ST040127,℃,2025-09-23 08:00:00,初馏点蒸发温度 TIBP,延化180万吨/年汽油精制装置
50.8,ST040127,℃,2025-09-23 08:00:00,10%平均蒸发温度T10%,延化180万吨/年汽油精制装置
92.8,ST040127,℃,2025-09-23 08:00:00,50%平均蒸发温度T50%,延化180万吨/年汽油精制装置
167.3,ST040127,℃,2025-09-23 08:00:00,90%平均蒸发温度T90%,延化180万吨/年汽油精制装置
4.00,ST040127,<p>ppm</p>,2025-09-23 08:00:00,硫含量,延化180万吨/年汽油精制装置
98.0,ST040127,<p>%</p>,2025-09-23 08:00:00,全馏,延化180万吨/年汽油精制装置
0.8,ST040127,<p>%</p>,2025-09-23 08:00:00,平均残留百分数(B),延化180万吨/年汽油精制装置
719.3,ST040127,<p>kg/m<sup>3</sup></p>,2025-09-23 08:00:00,密度(20℃),延化180万吨/年汽油精制装置
58.00,ST040127,<p>gBr/100g</p>,2025-09-23 08:00:00,溴价 gBr/100g,延化180万吨/年汽油精制装置
4.00,ST040127,<p>ppm</p>,2025-09-23 20:00:00,硫含量,延化180万吨/年汽油精制装置
198.4,ST040127,℃,2025-09-24 08:00:00,终馏点蒸发温度TFBP,延化180万吨/年汽油精制装置
34.2,ST040127,℃,2025-09-24 08:00:00,初馏点蒸发温度 TIBP,延化180万吨/年汽油精制装置
50.6,ST040127,℃,2025-09-24 08:00:00,10%平均蒸发温度T10%,延化180万吨/年汽油精制装置
93.1,ST040127,℃,2025-09-24 08:00:00,50%平均蒸发温度T50%,延化180万吨/年汽油精制装置
167.7,ST040127,℃,2025-09-24 08:00:00,90%平均蒸发温度T90%,延化180万吨/年汽油精制装置
54.00,ST040127,<p>gBr/100g</p>,2025-09-24 08:00:00,溴价 gBr/100g,延化180万吨/年汽油精制装置
98.0,ST040127,<p>%</p>,2025-09-24 08:00:00,全馏,延化180万吨/年汽油精制装置
0.8,ST040127,<p>%</p>,2025-09-24 08:00:00,平均残留百分数(B),延化180万吨/年汽油精制装置
4.00,ST040127,<p>ppm</p>,2025-09-24 08:00:00,硫含量,延化180万吨/年汽油精制装置
720.2,ST040127,<p>kg/m<sup>3</sup></p>,2025-09-24 08:00:00,密度(20℃),延化180万吨/年汽油精制装置
6.00,ST040127,<p>ppm</p>,2025-09-24 20:00:00,硫含量,延化180万吨/年汽油精制装置
15.4,ST040127,%（v/v) ,2025-09-25 08:00:00,芳烃含量,延化180万吨/年汽油精制装置
58.0,ST040127,%（v/v) ,2025-09-25 08:00:00,烷烃含量,延化180万吨/年汽油精制装置
3.00,ST040127,<p>ppm</p>,2025-09-25 08:00:00,硫含量,延化180万吨/年汽油精制装置
26.6,ST040127,%（v/v) ,2025-09-25 08:00:00,烯烃含量,延化180万吨/年汽油精制装置
197.6,ST040127,℃,2025-09-25 08:00:00,终馏点蒸发温度TFBP,延化180万吨/年汽油精制装置
<0.5,ST040127,<p>mg/100mL</p>,2025-09-25 08:00:00,未洗胶质,延化180万吨/年汽油精制装置
64.8,ST040127,<p>kPa</p>,2025-09-25 08:00:00,饱和蒸汽压(X),延化180万吨/年汽油精制装置
53.00,ST040127,<p>gBr/100g</p>,2025-09-25 08:00:00,溴价 gBr/100g,延化180万吨/年汽油精制装置
720.8,ST040127,<p>kg/m<sup>3</sup></p>,2025-09-25 08:00:00,密度(20℃),延化180万吨/年汽油精制装置
35.4,ST040127,℃,2025-09-25 08:00:00,初馏点蒸发温度 TIBP,延化180万吨/年汽油精制装置
52.0,ST040127,℃,2025-09-25 08:00:00,10%平均蒸发温度T10%,延化180万吨/年汽油精制装置
95.5,ST040127,℃,2025-09-25 08:00:00,50%平均蒸发温度T50%,延化180万吨/年汽油精制装置
167.7,ST040127,℃,2025-09-25 08:00:00,90%平均蒸发温度T90%,延化180万吨/年汽油精制装置
98.0,ST040127,<p>%</p>,2025-09-25 08:00:00,全馏,延化180万吨/年汽油精制装置
0.8,ST040127,<p>%</p>,2025-09-25 08:00:00,平均残留百分数(B),延化180万吨/年汽油精制装置
1,ST040127,级,2025-09-25 08:00:00,铜片腐蚀(50℃，3h),延化180万吨/年汽油精制装置
4.00,ST040127,<p>ppm</p>,2025-09-25 20:00:00,硫含量,延化180万吨/年汽油精制装置
197.2,ST040127,℃,2025-09-26 08:00:00,终馏点蒸发温度TFBP,延化180万吨/年汽油精制装置
3.00,ST040127,<p>ppm</p>,2025-09-26 08:00:00,硫含量,延化180万吨/年汽油精制装置
719.4,ST040127,<p>kg/m<sup>3</sup></p>,2025-09-26 08:00:00,密度(20℃),延化180万吨/年汽油精制装置
53.00,ST040127,<p>gBr/100g</p>,2025-09-26 08:00:00,溴价 gBr/100g,延化180万吨/年汽油精制装置
35.3,ST040127,℃,2025-09-26 08:00:00,初馏点蒸发温度 TIBP,延化180万吨/年汽油精制装置
51.0,ST040127,℃,2025-09-26 08:00:00,10%平均蒸发温度T10%,延化180万吨/年汽油精制装置
93.1,ST040127,℃,2025-09-26 08:00:00,50%平均蒸发温度T50%,延化180万吨/年汽油精制装置
166.8,ST040127,℃,2025-09-26 08:00:00,90%平均蒸发温度T90%,延化180万吨/年汽油精制装置
98.0,ST040127,<p>%</p>,2025-09-26 08:00:00,全馏,延化180万吨/年汽油精制装置
0.8,ST040127,<p>%</p>,2025-09-26 08:00:00,平均残留百分数(B),延化180万吨/年汽油精制装置
4.00,ST040127,<p>ppm</p>,2025-09-26 20:00:00,硫含量,延化180万吨/年汽油精制装置
200.5,ST040127,℃,2025-09-27 08:00:00,终馏点蒸发温度TFBP,延化180万吨/年汽油精制装置
35.7,ST040127,℃,2025-09-27 08:00:00,初馏点蒸发温度 TIBP,延化180万吨/年汽油精制装置
50.9,ST040127,℃,2025-09-27 08:00:00,10%平均蒸发温度T10%,延化180万吨/年汽油精制装置
92.8,ST040127,℃,2025-09-27 08:00:00,50%平均蒸发温度T50%,延化180万吨/年汽油精制装置
168.4,ST040127,℃,2025-09-27 08:00:00,90%平均蒸发温度T90%,延化180万吨/年汽油精制装置
3.00,ST040127,<p>ppm</p>,2025-09-27 08:00:00,硫含量,延化180万吨/年汽油精制装置
98.0,ST040127,<p>%</p>,2025-09-27 08:00:00,全馏,延化180万吨/年汽油精制装置
0.8,ST040127,<p>%</p>,2025-09-27 08:00:00,平均残留百分数(B),延化180万吨/年汽油精制装置
720.4,ST040127,<p>kg/m<sup>3</sup></p>,2025-09-27 08:00:00,密度(20℃),延化180万吨/年汽油精制装置
52.00,ST040127,<p>gBr/100g</p>,2025-09-27 08:00:00,溴价 gBr/100g,延化180万吨/年汽油精制装置
3.00,ST040127,<p>ppm</p>,2025-09-27 20:00:00,硫含量,延化180万吨/年汽油精制装置
198.8,ST040127,℃,2025-09-28 08:00:00,终馏点蒸发温度TFBP,延化180万吨/年汽油精制装置
721.5,ST040127,<p>kg/m<sup>3</sup></p>,2025-09-28 08:00:00,密度(20℃),延化180万吨/年汽油精制装置
55.00,ST040127,<p>gBr/100g</p>,2025-09-28 08:00:00,溴价 gBr/100g,延化180万吨/年汽油精制装置
36.7,ST040127,℃,2025-09-28 08:00:00,初馏点蒸发温度 TIBP,延化180万吨/年汽油精制装置
51.4,ST040127,℃,2025-09-28 08:00:00,10%平均蒸发温度T10%,延化180万吨/年汽油精制装置
93.5,ST040127,℃,2025-09-28 08:00:00,50%平均蒸发温度T50%,延化180万吨/年汽油精制装置
167.5,ST040127,℃,2025-09-28 08:00:00,90%平均蒸发温度T90%,延化180万吨/年汽油精制装置
98.0,ST040127,<p>%</p>,2025-09-28 08:00:00,全馏,延化180万吨/年汽油精制装置
0.8,ST040127,<p>%</p>,2025-09-28 08:00:00,平均残留百分数(B),延化180万吨/年汽油精制装置
3.00,ST040127,<p>ppm</p>,2025-09-28 08:00:00,硫含量,延化180万吨/年汽油精制装置
3.00,ST040127,<p>ppm</p>,2025-09-28 20:00:00,硫含量,延化180万吨/年汽油精制装置
197.3,ST040127,℃,2025-09-29 08:00:00,终馏点蒸发温度TFBP,延化180万吨/年汽油精制装置
32.6,ST040127,℃,2025-09-29 08:00:00,初馏点蒸发温度 TIBP,延化180万吨/年汽油精制装置
49.4,ST040127,℃,2025-09-29 08:00:00,10%平均蒸发温度T10%,延化180万吨/年汽油精制装置
92.4,ST040127,℃,2025-09-29 08:00:00,50%平均蒸发温度T50%,延化180万吨/年汽油精制装置
167.7,ST040127,℃,2025-09-29 08:00:00,90%平均蒸发温度T90%,延化180万吨/年汽油精制装置
720.1,ST040127,<p>kg/m<sup>3</sup></p>,2025-09-29 08:00:00,密度(20℃),延化180万吨/年汽油精制装置
98.0,ST040127,<p>%</p>,2025-09-29 08:00:00,全馏,延化180万吨/年汽油精制装置
0.8,ST040127,<p>%</p>,2025-09-29 08:00:00,平均残留百分数(B),延化180万吨/年汽油精制装置
3.00,ST040127,<p>ppm</p>,2025-09-29 08:00:00,硫含量,延化180万吨/年汽油精制装置
58.00,ST040127,<p>gBr/100g</p>,2025-09-29 08:00:00,溴价 gBr/100g,延化180万吨/年汽油精制装置
87.5,ST040127,,2025-09-29 08:00:00,研究法辛烷值(RON),延化180万吨/年汽油精制装置
3.00,ST040127,<p>ppm</p>,2025-09-29 20:00:00,硫含量,延化180万吨/年汽油精制装置
3.00,ST040127,<p>ppm</p>,2025-09-30 08:00:00,硫含量,延化180万吨/年汽油精制装置
200.2,ST040127,℃,2025-09-30 08:00:00,终馏点蒸发温度TFBP,延化180万吨/年汽油精制装置
98.0,ST040127,<p>%</p>,2025-09-30 08:00:00,全馏,延化180万吨/年汽油精制装置
0.8,ST040127,<p>%</p>,2025-09-30 08:00:00,平均残留百分数(B),延化180万吨/年汽油精制装置
38.0,ST040127,℃,2025-09-30 08:00:00,初馏点蒸发温度 TIBP,延化180万吨/年汽油精制装置
54.1,ST040127,℃,2025-09-30 08:00:00,10%平均蒸发温度T10%,延化180万吨/年汽油精制装置
100.1,ST040127,℃,2025-09-30 08:00:00,50%平均蒸发温度T50%,延化180万吨/年汽油精制装置
170.5,ST040127,℃,2025-09-30 08:00:00,90%平均蒸发温度T90%,延化180万吨/年汽油精制装置
55.00,ST040127,<p>gBr/100g</p>,2025-09-30 08:00:00,溴价 gBr/100g,延化180万吨/年汽油精制装置
718.8,ST040127,<p>kg/m<sup>3</sup></p>,2025-09-30 08:00:00,密度(20℃),延化180万吨/年汽油精制装置
3.00,ST040127,<p>ppm</p>,2025-09-30 20:00:00,硫含量,延化180万吨/年汽油精制装置
49.1,ST040127,℃,2025-10-01 08:00:00,10%平均蒸发温度T10%,延化180万吨/年汽油精制装置
3.00,ST040127,<p>ppm</p>,2025-10-01 08:00:00,硫含量,延化180万吨/年汽油精制装置
719.8,ST040127,<p>kg/m<sup>3</sup></p>,2025-10-01 08:00:00,密度(20℃),延化180万吨/年汽油精制装置
54.00,ST040127,<p>gBr/100g</p>,2025-10-01 08:00:00,溴价 gBr/100g,延化180万吨/年汽油精制装置
33.3,ST040127,℃,2025-10-01 08:00:00,初馏点蒸发温度 TIBP,延化180万吨/年汽油精制装置
0.8,ST040127,<p>%</p>,2025-10-01 08:00:00,平均残留百分数(B),延化180万吨/年汽油精制装置
93.7,ST040127,℃,2025-10-01 08:00:00,50%平均蒸发温度T50%,延化180万吨/年汽油精制装置
166.9,ST040127,℃,2025-10-01 08:00:00,90%平均蒸发温度T90%,延化180万吨/年汽油精制装置
196.4,ST040127,℃,2025-10-01 08:00:00,终馏点蒸发温度TFBP,延化180万吨/年汽油精制装置
98.0,ST040127,<p>%</p>,2025-10-01 08:00:00,全馏,延化180万吨/年汽油精制装置
3.00,ST040127,<p>ppm</p>,2025-10-01 20:00:00,硫含量,延化180万吨/年汽油精制装置
1,ST040127,级,2025-10-02 08:00:00,铜片腐蚀(50℃，3h),延化180万吨/年汽油精制装置
0.8,ST040127,<p>%</p>,2025-10-02 08:00:00,平均残留百分数(B),延化180万吨/年汽油精制装置
719.0,ST040127,<p>kg/m<sup>3</sup></p>,2025-10-02 08:00:00,密度(20℃),延化180万吨/年汽油精制装置
57.00,ST040127,<p>gBr/100g</p>,2025-10-02 08:00:00,溴价 gBr/100g,延化180万吨/年汽油精制装置
<0.5,ST040127,<p>mg/100mL</p>,2025-10-02 08:00:00,未洗胶质,延化180万吨/年汽油精制装置
61.6,ST040127,<p>kPa</p>,2025-10-02 08:00:00,饱和蒸汽压(X),延化180万吨/年汽油精制装置
26.7,ST040127,%（v/v) ,2025-10-02 08:00:00,烯烃含量,延化180万吨/年汽油精制装置
15.6,ST040127,%（v/v) ,2025-10-02 08:00:00,芳烃含量,延化180万吨/年汽油精制装置
3.00,ST040127,<p>ppm</p>,2025-10-02 08:00:00,硫含量,延化180万吨/年汽油精制装置
57.7,ST040127,%（v/v) ,2025-10-02 08:00:00,烷烃含量,延化180万吨/年汽油精制装置
36.0,ST040127,℃,2025-10-02 08:00:00,初馏点蒸发温度 TIBP,延化180万吨/年汽油精制装置
51.1,ST040127,℃,2025-10-02 08:00:00,10%平均蒸发温度T10%,延化180万吨/年汽油精制装置
92.8,ST040127,℃,2025-10-02 08:00:00,50%平均蒸发温度T50%,延化180万吨/年汽油精制装置
167.6,ST040127,℃,2025-10-02 08:00:00,90%平均蒸发温度T90%,延化180万吨/年汽油精制装置
197.9,ST040127,℃,2025-10-02 08:00:00,终馏点蒸发温度TFBP,延化180万吨/年汽油精制装置
98.0,ST040127,<p>%</p>,2025-10-02 08:00:00,全馏,延化180万吨/年汽油精制装置
3.00,ST040127,<p>ppm</p>,2025-10-02 20:00:00,硫含量,延化180万吨/年汽油精制装置
198.0,ST040127,℃,2025-10-03 08:00:00,终馏点蒸发温度TFBP,延化180万吨/年汽油精制装置
4.00,ST040127,<p>ppm</p>,2025-10-03 08:00:00,硫含量,延化180万吨/年汽油精制装置
719.5,ST040127,<p>kg/m<sup>3</sup></p>,2025-10-03 08:00:00,密度(20℃),延化180万吨/年汽油精制装置
58.00,ST040127,<p>gBr/100g</p>,2025-10-03 08:00:00,溴价 gBr/100g,延化180万吨/年汽油精制装置
98.0,ST040127,<p>%</p>,2025-10-03 08:00:00,全馏,延化180万吨/年汽油精制装置
36.7,ST040127,℃,2025-10-03 08:00:00,初馏点蒸发温度 TIBP,延化180万吨/年汽油精制装置
51.8,ST040127,℃,2025-10-03 08:00:00,10%平均蒸发温度T10%,延化180万吨/年汽油精制装置
92.4,ST040127,℃,2025-10-03 08:00:00,50%平均蒸发温度T50%,延化180万吨/年汽油精制装置
167.0,ST040127,℃,2025-10-03 08:00:00,90%平均蒸发温度T90%,延化180万吨/年汽油精制装置
0.8,ST040127,<p>%</p>,2025-10-03 08:00:00,平均残留百分数(B),延化180万吨/年汽油精制装置
3.00,ST040127,<p>ppm</p>,2025-10-03 20:00:00,硫含量,延化180万吨/年汽油精制装置
4.00,ST040127,<p>ppm</p>,2025-10-04 08:00:00,硫含量,延化180万吨/年汽油精制装置
167.9,ST040127,℃,2025-10-04 08:00:00,90%平均蒸发温度T90%,延化180万吨/年汽油精制装置
719.6,ST040127,<p>kg/m<sup>3</sup></p>,2025-10-04 08:00:00,密度(20℃),延化180万吨/年汽油精制装置
38.4,ST040127,℃,2025-10-04 08:00:00,初馏点蒸发温度 TIBP,延化180万吨/年汽油精制装置
55.0,ST040127,℃,2025-10-04 08:00:00,10%平均蒸发温度T10%,延化180万吨/年汽油精制装置
97.3,ST040127,℃,2025-10-04 08:00:00,50%平均蒸发温度T50%,延化180万吨/年汽油精制装置
198.5,ST040127,℃,2025-10-04 08:00:00,终馏点蒸发温度TFBP,延化180万吨/年汽油精制装置
98.0,ST040127,<p>%</p>,2025-10-04 08:00:00,全馏,延化180万吨/年汽油精制装置
0.8,ST040127,<p>%</p>,2025-10-04 08:00:00,平均残留百分数(B),延化180万吨/年汽油精制装置
54.00,ST040127,<p>gBr/100g</p>,2025-10-04 08:00:00,溴价 gBr/100g,延化180万吨/年汽油精制装置
3.00,ST040127,<p>ppm</p>,2025-10-04 20:00:00,硫含量,延化180万吨/年汽油精制装置
198.4,ST040127,℃,2025-10-05 08:00:00,终馏点蒸发温度TFBP,延化180万吨/年汽油精制装置
35.8,ST040127,℃,2025-10-05 08:00:00,初馏点蒸发温度 TIBP,延化180万吨/年汽油精制装置
50.9,ST040127,℃,2025-10-05 08:00:00,10%平均蒸发温度T10%,延化180万吨/年汽油精制装置
92.2,ST040127,℃,2025-10-05 08:00:00,50%平均蒸发温度T50%,延化180万吨/年汽油精制装置
167.6,ST040127,℃,2025-10-05 08:00:00,90%平均蒸发温度T90%,延化180万吨/年汽油精制装置
98.0,ST040127,<p>%</p>,2025-10-05 08:00:00,全馏,延化180万吨/年汽油精制装置
0.8,ST040127,<p>%</p>,2025-10-05 08:00:00,平均残留百分数(B),延化180万吨/年汽油精制装置
3.00,ST040127,<p>ppm</p>,2025-10-05 08:00:00,硫含量,延化180万吨/年汽油精制装置
58.00,ST040127,<p>gBr/100g</p>,2025-10-05 08:00:00,溴价 gBr/100g,延化180万吨/年汽油精制装置
720.4,ST040127,<p>kg/m<sup>3</sup></p>,2025-10-05 08:00:00,密度(20℃),延化180万吨/年汽油精制装置
4.00,ST040127,<p>ppm</p>,2025-10-05 20:00:00,硫含量,延化180万吨/年汽油精制装置
87.6,ST040127,,2025-10-06 08:00:00,研究法辛烷值(RON),延化180万吨/年汽油精制装置
198.5,ST040127,℃,2025-10-06 08:00:00,终馏点蒸发温度TFBP,延化180万吨/年汽油精制装置
98.0,ST040127,<p>%</p>,2025-10-06 08:00:00,全馏,延化180万吨/年汽油精制装置
0.8,ST040127,<p>%</p>,2025-10-06 08:00:00,平均残留百分数(B),延化180万吨/年汽油精制装置
3.00,ST040127,<p>ppm</p>,2025-10-06 08:00:00,硫含量,延化180万吨/年汽油精制装置
167.8,ST040127,℃,2025-10-06 08:00:00,90%平均蒸发温度T90%,延化180万吨/年汽油精制装置
719.4,ST040127,<p>kg/m<sup>3</sup></p>,2025-10-06 08:00:00,密度(20℃),延化180万吨/年汽油精制装置
56.00,ST040127,<p>gBr/100g</p>,2025-10-06 08:00:00,溴价 gBr/100g,延化180万吨/年汽油精制装置
36.5,ST040127,℃,2025-10-06 08:00:00,初馏点蒸发温度 TIBP,延化180万吨/年汽油精制装置
52.5,ST040127,℃,2025-10-06 08:00:00,10%平均蒸发温度T10%,延化180万吨/年汽油精制装置
93.6,ST040127,℃,2025-10-06 08:00:00,50%平均蒸发温度T50%,延化180万吨/年汽油精制装置
3.00,ST040127,<p>ppm</p>,2025-10-06 20:00:00,硫含量,延化180万吨/年汽油精制装置
37.7,ST040127,℃,2025-10-07 08:00:00,初馏点蒸发温度 TIBP,延化180万吨/年汽油精制装置
719.9,ST040127,<p>kg/m<sup>3</sup></p>,2025-10-07 08:00:00,密度(20℃),延化180万吨/年汽油精制装置
54.00,ST040127,<p>gBr/100g</p>,2025-10-07 08:00:00,溴价 gBr/100g,延化180万吨/年汽油精制装置
98.0,ST040127,<p>%</p>,2025-10-07 08:00:00,全馏,延化180万吨/年汽油精制装置
3.00,ST040127,<p>ppm</p>,2025-10-07 08:00:00,硫含量,延化180万吨/年汽油精制装置
0.8,ST040127,<p>%</p>,2025-10-07 08:00:00,平均残留百分数(B),延化180万吨/年汽油精制装置
52.3,ST040127,℃,2025-10-07 08:00:00,10%平均蒸发温度T10%,延化180万吨/年汽油精制装置
94.4,ST040127,℃,2025-10-07 08:00:00,50%平均蒸发温度T50%,延化180万吨/年汽油精制装置
166.5,ST040127,℃,2025-10-07 08:00:00,90%平均蒸发温度T90%,延化180万吨/年汽油精制装置
195.7,ST040127,℃,2025-10-07 08:00:00,终馏点蒸发温度TFBP,延化180万吨/年汽油精制装置
3.00,ST040127,<p>ppm</p>,2025-10-07 20:00:00,硫含量,延化180万吨/年汽油精制装置
3.00,ST040127,<p>ppm</p>,2025-10-08 08:00:00,硫含量,延化180万吨/年汽油精制装置
52.0,ST040127,℃,2025-10-08 08:00:00,10%平均蒸发温度T10%,延化180万吨/年汽油精制装置
719.5,ST040127,<p>kg/m<sup>3</sup></p>,2025-10-08 08:00:00,密度(20℃),延化180万吨/年汽油精制装置
55.00,ST040127,<p>gBr/100g</p>,2025-10-08 08:00:00,溴价 gBr/100g,延化180万吨/年汽油精制装置
36.8,ST040127,℃,2025-10-08 08:00:00,初馏点蒸发温度 TIBP,延化180万吨/年汽油精制装置
0.8,ST040127,<p>%</p>,2025-10-08 08:00:00,平均残留百分数(B),延化180万吨/年汽油精制装置
93.6,ST040127,℃,2025-10-08 08:00:00,50%平均蒸发温度T50%,延化180万吨/年汽油精制装置
166.6,ST040127,℃,2025-10-08 08:00:00,90%平均蒸发温度T90%,延化180万吨/年汽油精制装置
196.1,ST040127,℃,2025-10-08 08:00:00,终馏点蒸发温度TFBP,延化180万吨/年汽油精制装置
98.0,ST040127,<p>%</p>,2025-10-08 08:00:00,全馏,延化180万吨/年汽油精制装置
3.00,ST040127,<p>ppm</p>,2025-10-08 20:00:00,硫含量,延化180万吨/年汽油精制装置
1,ST040127,级,2025-10-09 08:00:00,铜片腐蚀(50℃，3h),延化180万吨/年汽油精制装置
<0.5,ST040127,<p>mg/100mL</p>,2025-10-09 08:00:00,未洗胶质,延化180万吨/年汽油精制装置
62.2,ST040127,<p>kPa</p>,2025-10-09 08:00:00,饱和蒸汽压(X),延化180万吨/年汽油精制装置
26.4,ST040127,%（v/v) ,2025-10-09 08:00:00,烯烃含量,延化180万吨/年汽油精制装置
16.0,ST040127,%（v/v) ,2025-10-09 08:00:00,芳烃含量,延化180万吨/年汽油精制装置
57.6,ST040127,%（v/v) ,2025-10-09 08:00:00,烷烃含量,延化180万吨/年汽油精制装置
37.4,ST040127,℃,2025-10-09 08:00:00,初馏点蒸发温度 TIBP,延化180万吨/年汽油精制装置
52.2,ST040127,℃,2025-10-09 08:00:00,10%平均蒸发温度T10%,延化180万吨/年汽油精制装置
93.9,ST040127,℃,2025-10-09 08:00:00,50%平均蒸发温度T50%,延化180万吨/年汽油精制装置
166.2,ST040127,℃,2025-10-09 08:00:00,90%平均蒸发温度T90%,延化180万吨/年汽油精制装置
194.9,ST040127,℃,2025-10-09 08:00:00,终馏点蒸发温度TFBP,延化180万吨/年汽油精制装置
98.0,ST040127,<p>%</p>,2025-10-09 08:00:00,全馏,延化180万吨/年汽油精制装置
0.8,ST040127,<p>%</p>,2025-10-09 08:00:00,平均残留百分数(B),延化180万吨/年汽油精制装置
719.9,ST040127,<p>kg/m<sup>3</sup></p>,2025-10-09 08:00:00,密度(20℃),延化180万吨/年汽油精制装置
54.00,ST040127,<p>gBr/100g</p>,2025-10-09 08:00:00,溴价 gBr/100g,延化180万吨/年汽油精制装置
3.00,ST040127,<p>ppm</p>,2025-10-09 08:00:00,硫含量,延化180万吨/年汽油精制装置
3.00,ST040127,<p>ppm</p>,2025-10-09 20:00:00,硫含量,延化180万吨/年汽油精制装置
719.4,ST040127,<p>kg/m<sup>3</sup></p>,2025-10-10 08:00:00,密度(20℃),延化180万吨/年汽油精制装置
57.00,ST040127,<p>gBr/100g</p>,2025-10-10 08:00:00,溴价 gBr/100g,延化180万吨/年汽油精制装置
36.5,ST040127,℃,2025-10-10 08:00:00,初馏点蒸发温度 TIBP,延化180万吨/年汽油精制装置
51.2,ST040127,℃,2025-10-10 08:00:00,10%平均蒸发温度T10%,延化180万吨/年汽油精制装置
92.1,ST040127,℃,2025-10-10 08:00:00,50%平均蒸发温度T50%,延化180万吨/年汽油精制装置
165.4,ST040127,℃,2025-10-10 08:00:00,90%平均蒸发温度T90%,延化180万吨/年汽油精制装置
194.0,ST040127,℃,2025-10-10 08:00:00,终馏点蒸发温度TFBP,延化180万吨/年汽油精制装置
98.0,ST040127,<p>%</p>,2025-10-10 08:00:00,全馏,延化180万吨/年汽油精制装置
0.8,ST040127,<p>%</p>,2025-10-10 08:00:00,平均残留百分数(B),延化180万吨/年汽油精制装置
3.00,ST040127,<p>ppm</p>,2025-10-10 08:00:00,硫含量,延化180万吨/年汽油精制装置
3.00,ST040127,<p>ppm</p>,2025-10-10 20:00:00,硫含量,延化180万吨/年汽油精制装置
35.3,ST040127,℃,2025-10-11 08:00:00,初馏点蒸发温度 TIBP,延化180万吨/年汽油精制装置
50.3,ST040127,℃,2025-10-11 08:00:00,10%平均蒸发温度T10%,延化180万吨/年汽油精制装置
3.00,ST040127,<p>ppm</p>,2025-10-11 08:00:00,硫含量,延化180万吨/年汽油精制装置
91.9,ST040127,℃,2025-10-11 08:00:00,50%平均蒸发温度T50%,延化180万吨/年汽油精制装置
166.5,ST040127,℃,2025-10-11 08:00:00,90%平均蒸发温度T90%,延化180万吨/年汽油精制装置
197.3,ST040127,℃,2025-10-11 08:00:00,终馏点蒸发温度TFBP,延化180万吨/年汽油精制装置
98.0,ST040127,<p>%</p>,2025-10-11 08:00:00,全馏,延化180万吨/年汽油精制装置
0.8,ST040127,<p>%</p>,2025-10-11 08:00:00,平均残留百分数(B),延化180万吨/年汽油精制装置
718.6,ST040127,<p>kg/m<sup>3</sup></p>,2025-10-11 08:00:00,密度(20℃),延化180万吨/年汽油精制装置
54.00,ST040127,<p>gBr/100g</p>,2025-10-11 08:00:00,溴价 gBr/100g,延化180万吨/年汽油精制装置
3.00,ST040127,<p>ppm</p>,2025-10-11 20:00:00,硫含量,延化180万吨/年汽油精制装置
718.2,ST040127,<p>kg/m<sup>3</sup></p>,2025-10-12 08:00:00,密度(20℃),延化180万吨/年汽油精制装置
55.00,ST040127,<p>gBr/100g</p>,2025-10-12 08:00:00,溴价 gBr/100g,延化180万吨/年汽油精制装置
98.0,ST040127,<p>%</p>,2025-10-12 08:00:00,全馏,延化180万吨/年汽油精制装置
0.8,ST040127,<p>%</p>,2025-10-12 08:00:00,平均残留百分数(B),延化180万吨/年汽油精制装置
3.00,ST040127,<p>ppm</p>,2025-10-12 08:00:00,硫含量,延化180万吨/年汽油精制装置
34.0,ST040127,℃,2025-10-12 08:00:00,初馏点蒸发温度 TIBP,延化180万吨/年汽油精制装置
49.2,ST040127,℃,2025-10-12 08:00:00,10%平均蒸发温度T10%,延化180万吨/年汽油精制装置
91.3,ST040127,℃,2025-10-12 08:00:00,50%平均蒸发温度T50%,延化180万吨/年汽油精制装置
165.0,ST040127,℃,2025-10-12 08:00:00,90%平均蒸发温度T90%,延化180万吨/年汽油精制装置
193.6,ST040127,℃,2025-10-12 08:00:00,终馏点蒸发温度TFBP,延化180万吨/年汽油精制装置
2.00,ST040127,<p>ppm</p>,2025-10-12 20:00:00,硫含量,延化180万吨/年汽油精制装置
93.2,ST040127,℃,2025-10-13 08:00:00,50%平均蒸发温度T50%,延化180万吨/年汽油精制装置
719.7,ST040127,<p>kg/m<sup>3</sup></p>,2025-10-13 08:00:00,密度(20℃),延化180万吨/年汽油精制装置
56.00,ST040127,<p>gBr/100g</p>,2025-10-13 08:00:00,溴价 gBr/100g,延化180万吨/年汽油精制装置
36.8,ST040127,℃,2025-10-13 08:00:00,初馏点蒸发温度 TIBP,延化180万吨/年汽油精制装置
53.2,ST040127,℃,2025-10-13 08:00:00,10%平均蒸发温度T10%,延化180万吨/年汽油精制装置
88.0,ST040127,,2025-10-13 08:00:00,研究法辛烷值(RON),延化180万吨/年汽油精制装置
168.6,ST040127,℃,2025-10-13 08:00:00,90%平均蒸发温度T90%,延化180万吨/年汽油精制装置
197.6,ST040127,℃,2025-10-13 08:00:00,终馏点蒸发温度TFBP,延化180万吨/年汽油精制装置
98.0,ST040127,<p>%</p>,2025-10-13 08:00:00,全馏,延化180万吨/年汽油精制装置
0.8,ST040127,<p>%</p>,2025-10-13 08:00:00,平均残留百分数(B),延化180万吨/年汽油精制装置
3.00,ST040127,<p>ppm</p>,2025-10-13 08:00:00,硫含量,延化180万吨/年汽油精制装置
3.00,ST040127,<p>ppm</p>,2025-10-13 20:00:00,硫含量,延化180万吨/年汽油精制装置
719.4,ST040127,<p>kg/m<sup>3</sup></p>,2025-10-14 08:00:00,密度(20℃),延化180万吨/年汽油精制装置
56.00,ST040127,<p>gBr/100g</p>,2025-10-14 08:00:00,溴价 gBr/100g,延化180万吨/年汽油精制装置
34.9,ST040127,℃,2025-10-14 08:00:00,初馏点蒸发温度 TIBP,延化180万吨/年汽油精制装置
50.7,ST040127,℃,2025-10-14 08:00:00,10%平均蒸发温度T10%,延化180万吨/年汽油精制装置
92.7,ST040127,℃,2025-10-14 08:00:00,50%平均蒸发温度T50%,延化180万吨/年汽油精制装置
4.00,ST040127,<p>ppm</p>,2025-10-14 08:00:00,硫含量,延化180万吨/年汽油精制装置
197.8,ST040127,℃,2025-10-14 08:00:00,终馏点蒸发温度TFBP,延化180万吨/年汽油精制装置
98.0,ST040127,<p>%</p>,2025-10-14 08:00:00,全馏,延化180万吨/年汽油精制装置
0.8,ST040127,<p>%</p>,2025-10-14 08:00:00,平均残留百分数(B),延化180万吨/年汽油精制装置
167.6,ST040127,℃,2025-10-14 08:00:00,90%平均蒸发温度T90%,延化180万吨/年汽油精制装置
4.00,ST040127,<p>ppm</p>,2025-10-14 20:00:00,硫含量,延化180万吨/年汽油精制装置
91.2,ST040127,℃,2025-10-15 08:00:00,50%平均蒸发温度T50%,延化180万吨/年汽油精制装置
3.00,ST040127,<p>ppm</p>,2025-10-15 08:00:00,硫含量,延化180万吨/年汽油精制装置
718.0,ST040127,<p>kg/m<sup>3</sup></p>,2025-10-15 08:00:00,密度(20℃),延化180万吨/年汽油精制装置
34.2,ST040127,℃,2025-10-15 08:00:00,初馏点蒸发温度 TIBP,延化180万吨/年汽油精制装置
49.4,ST040127,℃,2025-10-15 08:00:00,10%平均蒸发温度T10%,延化180万吨/年汽油精制装置
55.00,ST040127,<p>gBr/100g</p>,2025-10-15 08:00:00,溴价 gBr/100g,延化180万吨/年汽油精制装置
165.9,ST040127,℃,2025-10-15 08:00:00,90%平均蒸发温度T90%,延化180万吨/年汽油精制装置
195.8,ST040127,℃,2025-10-15 08:00:00,终馏点蒸发温度TFBP,延化180万吨/年汽油精制装置
98.0,ST040127,<p>%</p>,2025-10-15 08:00:00,全馏,延化180万吨/年汽油精制装置
0.8,ST040127,<p>%</p>,2025-10-15 08:00:00,平均残留百分数(B),延化180万吨/年汽油精制装置
3.00,ST040127,<p>ppm</p>,2025-10-15 20:00:00,硫含量,延化180万吨/年汽油精制装置
27.9,ST040127,%（v/v) ,2025-10-16 08:00:00,烯烃含量,延化180万吨/年汽油精制装置
15.8,ST040127,%（v/v) ,2025-10-16 08:00:00,芳烃含量,延化180万吨/年汽油精制装置
56.3,ST040127,%（v/v) ,2025-10-16 08:00:00,烷烃含量,延化180万吨/年汽油精制装置
0.8,ST040127,<p>%</p>,2025-10-16 08:00:00,平均残留百分数(B),延化180万吨/年汽油精制装置
<0.5,ST040127,<p>mg/100mL</p>,2025-10-16 08:00:00,未洗胶质,延化180万吨/年汽油精制装置
62.8,ST040127,<p>kPa</p>,2025-10-16 08:00:00,饱和蒸汽压(X),延化180万吨/年汽油精制装置
720.0,ST040127,<p>kg/m<sup>3</sup></p>,2025-10-16 08:00:00,密度(20℃),延化180万吨/年汽油精制装置
56.00,ST040127,<p>gBr/100g</p>,2025-10-16 08:00:00,溴价 gBr/100g,延化180万吨/年汽油精制装置
34.6,ST040127,℃,2025-10-16 08:00:00,初馏点蒸发温度 TIBP,延化180万吨/年汽油精制装置
49.5,ST040127,℃,2025-10-16 08:00:00,10%平均蒸发温度T10%,延化180万吨/年汽油精制装置
91.3,ST040127,℃,2025-10-16 08:00:00,50%平均蒸发温度T50%,延化180万吨/年汽油精制装置
165.6,ST040127,℃,2025-10-16 08:00:00,90%平均蒸发温度T90%,延化180万吨/年汽油精制装置
193.8,ST040127,℃,2025-10-16 08:00:00,终馏点蒸发温度TFBP,延化180万吨/年汽油精制装置
98.4,ST040127,<p>%</p>,2025-10-16 08:00:00,全馏,延化180万吨/年汽油精制装置
1,ST040127,级,2025-10-16 08:00:00,铜片腐蚀(50℃，3h),延化180万吨/年汽油精制装置
4.00,ST040127,<p>ppm</p>,2025-10-16 08:00:00,硫含量,延化180万吨/年汽油精制装置
4.00,ST040127,<p>ppm</p>,2025-10-16 20:00:00,硫含量,延化180万吨/年汽油精制装置
3.00,ST040127,<p>ppm</p>,2025-10-17 08:00:00,硫含量,延化180万吨/年汽油精制装置
719.5,ST040127,<p>kg/m<sup>3</sup></p>,2025-10-17 08:00:00,密度(20℃),延化180万吨/年汽油精制装置
58.00,ST040127,<p>gBr/100g</p>,2025-10-17 08:00:00,溴价 gBr/100g,延化180万吨/年汽油精制装置
34.4,ST040127,℃,2025-10-17 08:00:00,初馏点蒸发温度 TIBP,延化180万吨/年汽油精制装置
164.3,ST040127,℃,2025-10-17 08:00:00,90%平均蒸发温度T90%,延化180万吨/年汽油精制装置
0.8,ST040127,<p>%</p>,2025-10-17 08:00:00,平均残留百分数(B),延化180万吨/年汽油精制装置
49.3,ST040127,℃,2025-10-17 08:00:00,10%平均蒸发温度T10%,延化180万吨/年汽油精制装置
89.8,ST040127,℃,2025-10-17 08:00:00,50%平均蒸发温度T50%,延化180万吨/年汽油精制装置
193.6,ST040127,℃,2025-10-17 08:00:00,终馏点蒸发温度TFBP,延化180万吨/年汽油精制装置
98.0,ST040127,<p>%</p>,2025-10-17 08:00:00,全馏,延化180万吨/年汽油精制装置
3.00,ST040127,<p>ppm</p>,2025-10-17 20:00:00,硫含量,延化180万吨/年汽油精制装置
167.0,ST040127,℃,2025-10-18 08:00:00,90%平均蒸发温度T90%,延化180万吨/年汽油精制装置
718.8,ST040127,<p>kg/m<sup>3</sup></p>,2025-10-18 08:00:00,密度(20℃),延化180万吨/年汽油精制装置
55.00,ST040127,<p>gBr/100g</p>,2025-10-18 08:00:00,溴价 gBr/100g,延化180万吨/年汽油精制装置
36.0,ST040127,℃,2025-10-18 08:00:00,初馏点蒸发温度 TIBP,延化180万吨/年汽油精制装置
51.8,ST040127,℃,2025-10-18 08:00:00,10%平均蒸发温度T10%,延化180万吨/年汽油精制装置
94.1,ST040127,℃,2025-10-18 08:00:00,50%平均蒸发温度T50%,延化180万吨/年汽油精制装置
196.9,ST040127,℃,2025-10-18 08:00:00,终馏点蒸发温度TFBP,延化180万吨/年汽油精制装置
98.0,ST040127,<p>%</p>,2025-10-18 08:00:00,全馏,延化180万吨/年汽油精制装置
0.8,ST040127,<p>%</p>,2025-10-18 08:00:00,平均残留百分数(B),延化180万吨/年汽油精制装置
3.00,ST040127,<p>ppm</p>,2025-10-18 08:00:00,硫含量,延化180万吨/年汽油精制装置
4.00,ST040127,<p>ppm</p>,2025-10-18 20:00:00,硫含量,延化180万吨/年汽油精制装置
36.1,ST040127,℃,2025-10-19 08:00:00,初馏点蒸发温度 TIBP,延化180万吨/年汽油精制装置
52.5,ST040127,℃,2025-10-19 08:00:00,10%平均蒸发温度T10%,延化180万吨/年汽油精制装置
96.7,ST040127,℃,2025-10-19 08:00:00,50%平均蒸发温度T50%,延化180万吨/年汽油精制装置
168.3,ST040127,℃,2025-10-19 08:00:00,90%平均蒸发温度T90%,延化180万吨/年汽油精制装置
719.6,ST040127,<p>kg/m<sup>3</sup></p>,2025-10-19 08:00:00,密度(20℃),延化180万吨/年汽油精制装置
56.00,ST040127,<p>gBr/100g</p>,2025-10-19 08:00:00,溴价 gBr/100g,延化180万吨/年汽油精制装置
3.00,ST040127,<p>ppm</p>,2025-10-19 08:00:00,硫含量,延化180万吨/年汽油精制装置
197.1,ST040127,℃,2025-10-19 08:00:00,终馏点蒸发温度TFBP,延化180万吨/年汽油精制装置
98.0,ST040127,<p>%</p>,2025-10-19 08:00:00,全馏,延化180万吨/年汽油精制装置
0.8,ST040127,<p>%</p>,2025-10-19 08:00:00,平均残留百分数(B),延化180万吨/年汽油精制装置
3.00,ST040127,<p>ppm</p>,2025-10-19 20:00:00,硫含量,延化180万吨/年汽油精制装置
49.4,ST040127,℃,2025-10-20 08:00:00,10%平均蒸发温度T10%,延化180万吨/年汽油精制装置
4.00,ST040127,<p>ppm</p>,2025-10-20 08:00:00,硫含量,延化180万吨/年汽油精制装置
87.5,ST040127,,2025-10-20 08:00:00,研究法辛烷值(RON),延化180万吨/年汽油精制装置
718.5,ST040127,<p>kg/m<sup>3</sup></p>,2025-10-20 08:00:00,密度(20℃),延化180万吨/年汽油精制装置
33.1,ST040127,℃,2025-10-20 08:00:00,初馏点蒸发温度 TIBP,延化180万吨/年汽油精制装置
57.00,ST040127,<p>gBr/100g</p>,2025-10-20 08:00:00,溴价 gBr/100g,延化180万吨/年汽油精制装置
92.9,ST040127,℃,2025-10-20 08:00:00,50%平均蒸发温度T50%,延化180万吨/年汽油精制装置
166.3,ST040127,℃,2025-10-20 08:00:00,90%平均蒸发温度T90%,延化180万吨/年汽油精制装置
195.3,ST040127,℃,2025-10-20 08:00:00,终馏点蒸发温度TFBP,延化180万吨/年汽油精制装置
98.0,ST040127,<p>%</p>,2025-10-20 08:00:00,全馏,延化180万吨/年汽油精制装置
0.8,ST040127,<p>%</p>,2025-10-20 08:00:00,平均残留百分数(B),延化180万吨/年汽油精制装置
3.00,ST040127,<p>ppm</p>,2025-10-20 20:00:00,硫含量,延化180万吨/年汽油精制装置
35.0,ST040127,℃,2025-10-21 08:00:00,初馏点蒸发温度 TIBP,延化180万吨/年汽油精制装置
50.6,ST040127,℃,2025-10-21 08:00:00,10%平均蒸发温度T10%,延化180万吨/年汽油精制装置
93.2,ST040127,℃,2025-10-21 08:00:00,50%平均蒸发温度T50%,延化180万吨/年汽油精制装置
166.6,ST040127,℃,2025-10-21 08:00:00,90%平均蒸发温度T90%,延化180万吨/年汽油精制装置
195.3,ST040127,℃,2025-10-21 08:00:00,终馏点蒸发温度TFBP,延化180万吨/年汽油精制装置
98.0,ST040127,<p>%</p>,2025-10-21 08:00:00,全馏,延化180万吨/年汽油精制装置
0.8,ST040127,<p>%</p>,2025-10-21 08:00:00,平均残留百分数(B),延化180万吨/年汽油精制装置
4.00,ST040127,<p>ppm</p>,2025-10-21 08:00:00,硫含量,延化180万吨/年汽油精制装置
56.00,ST040127,<p>gBr/100g</p>,2025-10-21 08:00:00,溴价 gBr/100g,延化180万吨/年汽油精制装置
719.1,ST040127,<p>kg/m<sup>3</sup></p>,2025-10-21 08:00:00,密度(20℃),延化180万吨/年汽油精制装置
3.00,ST040127,<p>ppm</p>,2025-10-21 20:00:00,硫含量,延化180万吨/年汽油精制装置
32.3,ST040127,℃,2025-10-22 08:00:00,初馏点蒸发温度 TIBP,延化180万吨/年汽油精制装置
4.00,ST040127,<p>ppm</p>,2025-10-22 08:00:00,硫含量,延化180万吨/年汽油精制装置
0.8,ST040127,<p>%</p>,2025-10-22 08:00:00,平均残留百分数(B),延化180万吨/年汽油精制装置
718.5,ST040127,<p>kg/m<sup>3</sup></p>,2025-10-22 08:00:00,密度(20℃),延化180万吨/年汽油精制装置
55.00,ST040127,<p>gBr/100g</p>,2025-10-22 08:00:00,溴价 gBr/100g,延化180万吨/年汽油精制装置
98.0,ST040127,<p>%</p>,2025-10-22 08:00:00,全馏,延化180万吨/年汽油精制装置
48.0,ST040127,℃,2025-10-22 08:00:00,10%平均蒸发温度T10%,延化180万吨/年汽油精制装置
90.2,ST040127,℃,2025-10-22 08:00:00,50%平均蒸发温度T50%,延化180万吨/年汽油精制装置
166.7,ST040127,℃,2025-10-22 08:00:00,90%平均蒸发温度T90%,延化180万吨/年汽油精制装置
194.9,ST040127,℃,2025-10-22 08:00:00,终馏点蒸发温度TFBP,延化180万吨/年汽油精制装置
4.00,ST040127,<p>ppm</p>,2025-10-22 20:00:00,硫含量,延化180万吨/年汽油精制装置
1,ST040127,级,2025-10-23 08:00:00,铜片腐蚀(50℃，3h),延化180万吨/年汽油精制装置
<0.5,ST040127,<p>mg/100mL</p>,2025-10-23 08:00:00,未洗胶质,延化180万吨/年汽油精制装置
63.7,ST040127,<p>kPa</p>,2025-10-23 08:00:00,饱和蒸汽压(X),延化180万吨/年汽油精制装置
4.00,ST040127,<p>ppm</p>,2025-10-23 08:00:00,硫含量,延化180万吨/年汽油精制装置
27.1,ST040127,%（v/v) ,2025-10-23 08:00:00,烯烃含量,延化180万吨/年汽油精制装置
16.2,ST040127,%（v/v) ,2025-10-23 08:00:00,芳烃含量,延化180万吨/年汽油精制装置
56.7,ST040127,%（v/v) ,2025-10-23 08:00:00,烷烃含量,延化180万吨/年汽油精制装置
34.4,ST040127,℃,2025-10-23 08:00:00,初馏点蒸发温度 TIBP,延化180万吨/年汽油精制装置
49.1,ST040127,℃,2025-10-23 08:00:00,10%平均蒸发温度T10%,延化180万吨/年汽油精制装置
89.2,ST040127,℃,2025-10-23 08:00:00,50%平均蒸发温度T50%,延化180万吨/年汽油精制装置
165.0,ST040127,℃,2025-10-23 08:00:00,90%平均蒸发温度T90%,延化180万吨/年汽油精制装置
194.0,ST040127,℃,2025-10-23 08:00:00,终馏点蒸发温度TFBP,延化180万吨/年汽油精制装置
98.0,ST040127,<p>%</p>,2025-10-23 08:00:00,全馏,延化180万吨/年汽油精制装置
0.8,ST040127,<p>%</p>,2025-10-23 08:00:00,平均残留百分数(B),延化180万吨/年汽油精制装置
720.4,ST040127,<p>kg/m<sup>3</sup></p>,2025-10-23 08:00:00,密度(20℃),延化180万吨/年汽油精制装置
54.00,ST040127,<p>gBr/100g</p>,2025-10-23 08:00:00,溴价 gBr/100g,延化180万吨/年汽油精制装置
4.00,ST040127,<p>ppm</p>,2025-10-23 20:00:00,硫含量,延化180万吨/年汽油精制装置
719.8,ST040127,<p>kg/m<sup>3</sup></p>,2025-10-24 08:00:00,密度(20℃),延化180万吨/年汽油精制装置
34.4,ST040127,℃,2025-10-24 08:00:00,初馏点蒸发温度 TIBP,延化180万吨/年汽油精制装置
51.0,ST040127,℃,2025-10-24 08:00:00,10%平均蒸发温度T10%,延化180万吨/年汽油精制装置
94.3,ST040127,℃,2025-10-24 08:00:00,50%平均蒸发温度T50%,延化180万吨/年汽油精制装置
169.5,ST040127,℃,2025-10-24 08:00:00,90%平均蒸发温度T90%,延化180万吨/年汽油精制装置
3.00,ST040127,<p>ppm</p>,2025-10-24 08:00:00,硫含量,延化180万吨/年汽油精制装置
53.00,ST040127,<p>gBr/100g</p>,2025-10-24 08:00:00,溴价 gBr/100g,延化180万吨/年汽油精制装置
199.1,ST040127,℃,2025-10-24 08:00:00,终馏点蒸发温度TFBP,延化180万吨/年汽油精制装置
98.0,ST040127,<p>%</p>,2025-10-24 08:00:00,全馏,延化180万吨/年汽油精制装置
0.8,ST040127,<p>%</p>,2025-10-24 08:00:00,平均残留百分数(B),延化180万吨/年汽油精制装置
3.00,ST040127,<p>ppm</p>,2025-10-24 20:00:00,硫含量,延化180万吨/年汽油精制装置
3.00,ST040127,<p>ppm</p>,2025-10-25 08:00:00,硫含量,延化180万吨/年汽油精制装置
167.9,ST040127,℃,2025-10-25 08:00:00,90%平均蒸发温度T90%,延化180万吨/年汽油精制装置
35.5,ST040127,℃,2025-10-25 08:00:00,初馏点蒸发温度 TIBP,延化180万吨/年汽油精制装置
52.3,ST040127,℃,2025-10-25 08:00:00,10%平均蒸发温度T10%,延化180万吨/年汽油精制装置
94.6,ST040127,℃,2025-10-25 08:00:00,50%平均蒸发温度T50%,延化180万吨/年汽油精制装置
55.00,ST040127,<p>gBr/100g</p>,2025-10-25 08:00:00,溴价 gBr/100g,延化180万吨/年汽油精制装置
197.3,ST040127,℃,2025-10-25 08:00:00,终馏点蒸发温度TFBP,延化180万吨/年汽油精制装置
98.0,ST040127,<p>%</p>,2025-10-25 08:00:00,全馏,延化180万吨/年汽油精制装置
0.8,ST040127,<p>%</p>,2025-10-25 08:00:00,平均残留百分数(B),延化180万吨/年汽油精制装置
719.8,ST040127,<p>kg/m<sup>3</sup></p>,2025-10-25 08:00:00,密度(20℃),延化180万吨/年汽油精制装置
3.00,ST040127,<p>ppm</p>,2025-10-25 20:00:00,硫含量,延化180万吨/年汽油精制装置
719.6,ST040127,<p>kg/m<sup>3</sup></p>,2025-10-26 08:00:00,密度(20℃),延化180万吨/年汽油精制装置
53.00,ST040127,<p>gBr/100g</p>,2025-10-26 08:00:00,溴价 gBr/100g,延化180万吨/年汽油精制装置
35.3,ST040127,℃,2025-10-26 08:00:00,初馏点蒸发温度 TIBP,延化180万吨/年汽油精制装置
51.0,ST040127,℃,2025-10-26 08:00:00,10%平均蒸发温度T10%,延化180万吨/年汽油精制装置
93.1,ST040127,℃,2025-10-26 08:00:00,50%平均蒸发温度T50%,延化180万吨/年汽油精制装置
166.9,ST040127,℃,2025-10-26 08:00:00,90%平均蒸发温度T90%,延化180万吨/年汽油精制装置
98.0,ST040127,<p>%</p>,2025-10-26 08:00:00,全馏,延化180万吨/年汽油精制装置
0.8,ST040127,<p>%</p>,2025-10-26 08:00:00,平均残留百分数(B),延化180万吨/年汽油精制装置
196.2,ST040127,℃,2025-10-26 08:00:00,终馏点蒸发温度TFBP,延化180万吨/年汽油精制装置
4.00,ST040127,<p>ppm</p>,2025-10-26 08:00:00,硫含量,延化180万吨/年汽油精制装置
4.00,ST040127,<p>ppm</p>,2025-10-26 20:00:00,硫含量,延化180万吨/年汽油精制装置
49.6,ST040127,℃,2025-10-27 08:00:00,10%平均蒸发温度T10%,延化180万吨/年汽油精制装置
3.00,ST040127,<p>ppm</p>,2025-10-27 08:00:00,硫含量,延化180万吨/年汽油精制装置
719.9,ST040127,<p>kg/m<sup>3</sup></p>,2025-10-27 08:00:00,密度(20℃),延化180万吨/年汽油精制装置
57.00,ST040127,<p>gBr/100g</p>,2025-10-27 08:00:00,溴价 gBr/100g,延化180万吨/年汽油精制装置
34.5,ST040127,℃,2025-10-27 08:00:00,初馏点蒸发温度 TIBP,延化180万吨/年汽油精制装置
87.3,ST040127,,2025-10-27 08:00:00,研究法辛烷值(RON),延化180万吨/年汽油精制装置
90.8,ST040127,℃,2025-10-27 08:00:00,50%平均蒸发温度T50%,延化180万吨/年汽油精制装置
166.9,ST040127,℃,2025-10-27 08:00:00,90%平均蒸发温度T90%,延化180万吨/年汽油精制装置
196.7,ST040127,℃,2025-10-27 08:00:00,终馏点蒸发温度TFBP,延化180万吨/年汽油精制装置
98.0,ST040127,<p>%</p>,2025-10-27 08:00:00,全馏,延化180万吨/年汽油精制装置
0.8,ST040127,<p>%</p>,2025-10-27 08:00:00,平均残留百分数(B),延化180万吨/年汽油精制装置
3.00,ST040127,<p>ppm</p>,2025-10-27 20:00:00,硫含量,延化180万吨/年汽油精制装置
193.3,ST040127,℃,2025-10-28 08:00:00,终馏点蒸发温度TFBP,延化180万吨/年汽油精制装置
34.3,ST040127,℃,2025-10-28 08:00:00,初馏点蒸发温度 TIBP,延化180万吨/年汽油精制装置
49.2,ST040127,℃,2025-10-28 08:00:00,10%平均蒸发温度T10%,延化180万吨/年汽油精制装置
90.3,ST040127,℃,2025-10-28 08:00:00,50%平均蒸发温度T50%,延化180万吨/年汽油精制装置
165.4,ST040127,℃,2025-10-28 08:00:00,90%平均蒸发温度T90%,延化180万吨/年汽油精制装置
3.00,ST040127,<p>ppm</p>,2025-10-28 08:00:00,硫含量,延化180万吨/年汽油精制装置
0.8,ST040127,<p>%</p>,2025-10-28 08:00:00,平均残留百分数(B),延化180万吨/年汽油精制装置
719.7,ST040127,<p>kg/m<sup>3</sup></p>,2025-10-28 08:00:00,密度(20℃),延化180万吨/年汽油精制装置
58.00,ST040127,<p>gBr/100g</p>,2025-10-28 08:00:00,溴价 gBr/100g,延化180万吨/年汽油精制装置
98.0,ST040127,<p>%</p>,2025-10-28 08:00:00,全馏,延化180万吨/年汽油精制装置
4.00,ST040127,<p>ppm</p>,2025-10-28 20:00:00,硫含量,延化180万吨/年汽油精制装置
195.0,ST040127,℃,2025-10-29 08:00:00,终馏点蒸发温度TFBP,延化180万吨/年汽油精制装置
36.0,ST040127,℃,2025-10-29 08:00:00,初馏点蒸发温度 TIBP,延化180万吨/年汽油精制装置
51.6,ST040127,℃,2025-10-29 08:00:00,10%平均蒸发温度T10%,延化180万吨/年汽油精制装置
93.1,ST040127,℃,2025-10-29 08:00:00,50%平均蒸发温度T50%,延化180万吨/年汽油精制装置
166.3,ST040127,℃,2025-10-29 08:00:00,90%平均蒸发温度T90%,延化180万吨/年汽油精制装置
3.00,ST040127,<p>ppm</p>,2025-10-29 08:00:00,硫含量,延化180万吨/年汽油精制装置
98.0,ST040127,<p>%</p>,2025-10-29 08:00:00,全馏,延化180万吨/年汽油精制装置
0.8,ST040127,<p>%</p>,2025-10-29 08:00:00,平均残留百分数(B),延化180万吨/年汽油精制装置
720.4,ST040127,<p>kg/m<sup>3</sup></p>,2025-10-29 08:00:00,密度(20℃),延化180万吨/年汽油精制装置
54.00,ST040127,<p>gBr/100g</p>,2025-10-29 08:00:00,溴价 gBr/100g,延化180万吨/年汽油精制装置
3.00,ST040127,<p>ppm</p>,2025-10-29 20:00:00,硫含量,延化180万吨/年汽油精制装置
98.0,ST040127,<p>%</p>,2025-10-30 08:00:00,全馏,延化180万吨/年汽油精制装置
36.2,ST040127,℃,2025-10-30 08:00:00,初馏点蒸发温度 TIBP,延化180万吨/年汽油精制装置
52.0,ST040127,℃,2025-10-30 08:00:00,10%平均蒸发温度T10%,延化180万吨/年汽油精制装置
94.6,ST040127,℃,2025-10-30 08:00:00,50%平均蒸发温度T50%,延化180万吨/年汽油精制装置
166.4,ST040127,℃,2025-10-30 08:00:00,90%平均蒸发温度T90%,延化180万吨/年汽油精制装置
195.0,ST040127,℃,2025-10-30 08:00:00,终馏点蒸发温度TFBP,延化180万吨/年汽油精制装置
0.8,ST040127,<p>%</p>,2025-10-30 08:00:00,平均残留百分数(B),延化180万吨/年汽油精制装置
<0.5,ST040127,<p>mg/100mL</p>,2025-10-30 08:00:00,未洗胶质,延化180万吨/年汽油精制装置
61.4,ST040127,<p>kPa</p>,2025-10-30 08:00:00,饱和蒸汽压(X),延化180万吨/年汽油精制装置
720.7,ST040127,<p>kg/m<sup>3</sup></p>,2025-10-30 08:00:00,密度(20℃),延化180万吨/年汽油精制装置
50.00,ST040127,<p>gBr/100g</p>,2025-10-30 08:00:00,溴价 gBr/100g,延化180万吨/年汽油精制装置
1,ST040127,级,2025-10-30 08:00:00,铜片腐蚀(50℃，3h),延化180万吨/年汽油精制装置
25.0,ST040127,%（v/v) ,2025-10-30 08:00:00,烯烃含量,延化180万吨/年汽油精制装置
16.0,ST040127,%（v/v) ,2025-10-30 08:00:00,芳烃含量,延化180万吨/年汽油精制装置
59.0,ST040127,%（v/v) ,2025-10-30 08:00:00,烷烃含量,延化180万吨/年汽油精制装置
3.00,ST040127,<p>ppm</p>,2025-10-30 08:00:00,硫含量,延化180万吨/年汽油精制装置
3.00,ST040127,<p>ppm</p>,2025-10-30 20:00:00,硫含量,延化180万吨/年汽油精制装置
34.4,ST040127,℃,2025-10-31 08:00:00,初馏点蒸发温度 TIBP,延化180万吨/年汽油精制装置
48.7,ST040127,℃,2025-10-31 08:00:00,10%平均蒸发温度T10%,延化180万吨/年汽油精制装置
89.6,ST040127,℃,2025-10-31 08:00:00,50%平均蒸发温度T50%,延化180万吨/年汽油精制装置
717.1,ST040127,<p>kg/m<sup>3</sup></p>,2025-10-31 08:00:00,密度(20℃),延化180万吨/年汽油精制装置
165.0,ST040127,℃,2025-10-31 08:00:00,90%平均蒸发温度T90%,延化180万吨/年汽油精制装置
193.5,ST040127,℃,2025-10-31 08:00:00,终馏点蒸发温度TFBP,延化180万吨/年汽油精制装置
98.0,ST040127,<p>%</p>,2025-10-31 08:00:00,全馏,延化180万吨/年汽油精制装置
0.8,ST040127,<p>%</p>,2025-10-31 08:00:00,平均残留百分数(B),延化180万吨/年汽油精制装置
52.00,ST040127,<p>gBr/100g</p>,2025-10-31 08:00:00,溴价 gBr/100g,延化180万吨/年汽油精制装置
3.00,ST040127,<p>ppm</p>,2025-10-31 08:00:00,硫含量,延化180万吨/年汽油精制装置
3.00,ST040127,<p>ppm</p>,2025-10-31 20:00:00,硫含量,延化180万吨/年汽油精制装置
193.1,ST040127,℃,2025-11-01 08:00:00,终馏点蒸发温度TFBP,延化180万吨/年汽油精制装置
56.00,ST040127,<p>gBr/100g</p>,2025-11-01 08:00:00,溴价 gBr/100g,延化180万吨/年汽油精制装置
0.8,ST040127,<p>%</p>,2025-11-01 08:00:00,平均残留百分数(B),延化180万吨/年汽油精制装置
98.0,ST040127,<p>%</p>,2025-11-01 08:00:00,全馏,延化180万吨/年汽油精制装置
716.3,ST040127,<p>kg/m<sup>3</sup></p>,2025-11-01 08:00:00,密度(20℃),延化180万吨/年汽油精制装置
164.8,ST040127,℃,2025-11-01 08:00:00,90%平均蒸发温度T90%,延化180万吨/年汽油精制装置
3.00,ST040127,<p>ppm</p>,2025-11-01 08:00:00,硫含量,延化180万吨/年汽油精制装置
33.9,ST040127,℃,2025-11-01 08:00:00,初馏点蒸发温度 TIBP,延化180万吨/年汽油精制装置
48.8,ST040127,℃,2025-11-01 08:00:00,10%平均蒸发温度T10%,延化180万吨/年汽油精制装置
89.4,ST040127,℃,2025-11-01 08:00:00,50%平均蒸发温度T50%,延化180万吨/年汽油精制装置
5.00,ST040127,<p>ppm</p>,2025-11-01 15:00:00,硫含量,延化180万吨/年汽油精制装置
90.1,ST040127,℃,2025-11-01 15:45:00,50%平均蒸发温度T50%,延化180万吨/年汽油精制装置
0.8,ST040127,<p>%</p>,2025-11-01 15:45:00,平均残留百分数(B),延化180万吨/年汽油精制装置
98.0,ST040127,<p>%</p>,2025-11-01 15:45:00,全馏,延化180万吨/年汽油精制装置
165.7,ST040127,℃,2025-11-01 15:45:00,90%平均蒸发温度T90%,延化180万吨/年汽油精制装置
193.5,ST040127,℃,2025-11-01 15:45:00,终馏点蒸发温度TFBP,延化180万吨/年汽油精制装置
717.6,ST040127,<p>kg/m<sup>3</sup></p>,2025-11-01 15:45:00,密度(20℃),延化180万吨/年汽油精制装置
54.00,ST040127,<p>gBr/100g</p>,2025-11-01 15:45:00,溴价 gBr/100g,延化180万吨/年汽油精制装置
34.2,ST040127,℃,2025-11-01 15:45:00,初馏点蒸发温度 TIBP,延化180万吨/年汽油精制装置
49.2,ST040127,℃,2025-11-01 15:45:00,10%平均蒸发温度T10%,延化180万吨/年汽油精制装置
3.00,ST040127,<p>ppm</p>,2025-11-01 20:00:00,硫含量,延化180万吨/年汽油精制装置
195.0,ST040127,℃,2025-11-02 08:00:00,终馏点蒸发温度TFBP,延化180万吨/年汽油精制装置
32.2,ST040127,℃,2025-11-02 08:00:00,初馏点蒸发温度 TIBP,延化180万吨/年汽油精制装置
47.3,ST040127,℃,2025-11-02 08:00:00,10%平均蒸发温度T10%,延化180万吨/年汽油精制装置
88.1,ST040127,℃,2025-11-02 08:00:00,50%平均蒸发温度T50%,延化180万吨/年汽油精制装置
165.3,ST040127,℃,2025-11-02 08:00:00,90%平均蒸发温度T90%,延化180万吨/年汽油精制装置
3.00,ST040127,<p>ppm</p>,2025-11-02 08:00:00,硫含量,延化180万吨/年汽油精制装置
98.0,ST040127,<p>%</p>,2025-11-02 08:00:00,全馏,延化180万吨/年汽油精制装置
0.8,ST040127,<p>%</p>,2025-11-02 08:00:00,平均残留百分数(B),延化180万吨/年汽油精制装置
715.5,ST040127,<p>kg/m<sup>3</sup></p>,2025-11-02 08:00:00,密度(20℃),延化180万吨/年汽油精制装置
54.00,ST040127,<p>gBr/100g</p>,2025-11-02 08:00:00,溴价 gBr/100g,延化180万吨/年汽油精制装置
5.00,ST040127,<p>ppm</p>,2025-11-02 20:00:00,硫含量,延化180万吨/年汽油精制装置
716.7,ST040127,<p>kg/m<sup>3</sup></p>,2025-11-03 08:00:00,密度(20℃),延化180万吨/年汽油精制装置
54.00,ST040127,<p>gBr/100g</p>,2025-11-03 08:00:00,溴价 gBr/100g,延化180万吨/年汽油精制装置
3.00,ST040127,<p>ppm</p>,2025-11-03 08:00:00,硫含量,延化180万吨/年汽油精制装置
88.3,ST040127,,2025-11-03 08:00:00,研究法辛烷值(RON),延化180万吨/年汽油精制装置
31.6,ST040127,℃,2025-11-03 08:00:00,初馏点蒸发温度 TIBP,延化180万吨/年汽油精制装置
47.0,ST040127,℃,2025-11-03 08:00:00,10%平均蒸发温度T10%,延化180万吨/年汽油精制装置
89.6,ST040127,℃,2025-11-03 08:00:00,50%平均蒸发温度T50%,延化180万吨/年汽油精制装置
169.7,ST040127,℃,2025-11-03 08:00:00,90%平均蒸发温度T90%,延化180万吨/年汽油精制装置
197.8,ST040127,℃,2025-11-03 08:00:00,终馏点蒸发温度TFBP,延化180万吨/年汽油精制装置
98.0,ST040127,<p>%</p>,2025-11-03 08:00:00,全馏,延化180万吨/年汽油精制装置
0.8,ST040127,<p>%</p>,2025-11-03 08:00:00,平均残留百分数(B),延化180万吨/年汽油精制装置
3.00,ST040127,<p>ppm</p>,2025-11-03 20:00:00,硫含量,延化180万吨/年汽油精制装置
56.00,ST040127,<p>gBr/100g</p>,2025-11-04 08:00:00,溴价 gBr/100g,延化180万吨/年汽油精制装置
714.9,ST040127,<p>kg/m<sup>3</sup></p>,2025-11-04 08:00:00,密度(20℃),延化180万吨/年汽油精制装置
27.4,ST040127,℃,2025-11-04 08:00:00,初馏点蒸发温度 TIBP,延化180万吨/年汽油精制装置
44.2,ST040127,℃,2025-11-04 08:00:00,10%平均蒸发温度T10%,延化180万吨/年汽油精制装置
87.3,ST040127,℃,2025-11-04 08:00:00,50%平均蒸发温度T50%,延化180万吨/年汽油精制装置
164.6,ST040127,℃,2025-11-04 08:00:00,90%平均蒸发温度T90%,延化180万吨/年汽油精制装置
192.9,ST040127,℃,2025-11-04 08:00:00,终馏点蒸发温度TFBP,延化180万吨/年汽油精制装置
98.0,ST040127,<p>%</p>,2025-11-04 08:00:00,全馏,延化180万吨/年汽油精制装置
0.8,ST040127,<p>%</p>,2025-11-04 08:00:00,平均残留百分数(B),延化180万吨/年汽油精制装置
3.00,ST040127,<p>ppm</p>,2025-11-04 08:00:00,硫含量,延化180万吨/年汽油精制装置
3.00,ST040127,<p>ppm</p>,2025-11-04 20:00:00,硫含量,延化180万吨/年汽油精制装置
3.00,ST040127,<p>ppm</p>,2025-11-05 08:00:00,硫含量,延化180万吨/年汽油精制装置
28.1,ST040127,℃,2025-11-05 08:00:00,初馏点蒸发温度 TIBP,延化180万吨/年汽油精制装置
45.2,ST040127,℃,2025-11-05 08:00:00,10%平均蒸发温度T10%,延化180万吨/年汽油精制装置
88.2,ST040127,℃,2025-11-05 08:00:00,50%平均蒸发温度T50%,延化180万吨/年汽油精制装置
167.2,ST040127,℃,2025-11-05 08:00:00,90%平均蒸发温度T90%,延化180万吨/年汽油精制装置
195.3,ST040127,℃,2025-11-05 08:00:00,终馏点蒸发温度TFBP,延化180万吨/年汽油精制装置
98.0,ST040127,<p>%</p>,2025-11-05 08:00:00,全馏,延化180万吨/年汽油精制装置
0.8,ST040127,<p>%</p>,2025-11-05 08:00:00,平均残留百分数(B),延化180万吨/年汽油精制装置
714.8,ST040127,<p>kg/m<sup>3</sup></p>,2025-11-05 08:00:00,密度(20℃),延化180万吨/年汽油精制装置
56.00,ST040127,<p>gBr/100g</p>,2025-11-05 08:00:00,溴价 gBr/100g,延化180万吨/年汽油精制装置
3.00,ST040127,<p>ppm</p>,2025-11-05 20:00:00,硫含量,延化180万吨/年汽油精制装置
714.6,ST040127,<p>kg/m<sup>3</sup></p>,2025-11-06 08:00:00,密度(20℃),延化180万吨/年汽油精制装置
15.2,ST040127,%（v/v) ,2025-11-06 08:00:00,芳烃含量,延化180万吨/年汽油精制装置
24.8,ST040127,%（v/v) ,2025-11-06 08:00:00,烯烃含量,延化180万吨/年汽油精制装置
71.8,ST040127,<p>kPa</p>,2025-11-06 08:00:00,饱和蒸汽压(X),延化180万吨/年汽油精制装置
1,ST040127,级,2025-11-06 08:00:00,铜片腐蚀(50℃，3h),延化180万吨/年汽油精制装置
0.8,ST040127,<p>%</p>,2025-11-06 08:00:00,平均残留百分数(B),延化180万吨/年汽油精制装置
98.0,ST040127,<p>%</p>,2025-11-06 08:00:00,全馏,延化180万吨/年汽油精制装置
194.1,ST040127,℃,2025-11-06 08:00:00,终馏点蒸发温度TFBP,延化180万吨/年汽油精制装置
165.8,ST040127,℃,2025-11-06 08:00:00,90%平均蒸发温度T90%,延化180万吨/年汽油精制装置
88.2,ST040127,℃,2025-11-06 08:00:00,50%平均蒸发温度T50%,延化180万吨/年汽油精制装置
3.00,ST040127,<p>ppm</p>,2025-11-06 08:00:00,硫含量,延化180万吨/年汽油精制装置
<0.5,ST040127,<p>mg/100mL</p>,2025-11-06 08:00:00,未洗胶质,延化180万吨/年汽油精制装置
60.0,ST040127,%（v/v) ,2025-11-06 08:00:00,烷烃含量,延化180万吨/年汽油精制装置
57.00,ST040127,<p>gBr/100g</p>,2025-11-06 08:00:00,溴价 gBr/100g,延化180万吨/年汽油精制装置
29.9,ST040127,℃,2025-11-06 08:00:00,初馏点蒸发温度 TIBP,延化180万吨/年汽油精制装置
46.2,ST040127,℃,2025-11-06 08:00:00,10%平均蒸发温度T10%,延化180万吨/年汽油精制装置
55.00,ST040127,<p>gBr/100g</p>,2025-11-06 14:30:00,溴价 gBr/100g,延化180万吨/年汽油精制装置
713.8,ST040127,<p>kg/m<sup>3</sup></p>,2025-11-06 14:30:00,密度(20℃),延化180万吨/年汽油精制装置
0.8,ST040127,<p>%</p>,2025-11-06 14:30:00,平均残留百分数(B),延化180万吨/年汽油精制装置
194.0,ST040127,℃,2025-11-06 14:30:00,终馏点蒸发温度TFBP,延化180万吨/年汽油精制装置
98.0,ST040127,<p>%</p>,2025-11-06 14:30:00,全馏,延化180万吨/年汽油精制装置
86.8,ST040127,℃,2025-11-06 14:30:00,50%平均蒸发温度T50%,延化180万吨/年汽油精制装置
43.2,ST040127,℃,2025-11-06 14:30:00,10%平均蒸发温度T10%,延化180万吨/年汽油精制装置
27.0,ST040127,℃,2025-11-06 14:30:00,初馏点蒸发温度 TIBP,延化180万吨/年汽油精制装置
4.00,ST040127,<p>ppm</p>,2025-11-06 14:30:00,硫含量,延化180万吨/年汽油精制装置
165.0,ST040127,℃,2025-11-06 14:30:00,90%平均蒸发温度T90%,延化180万吨/年汽油精制装置
193.6,ST040127,℃,2025-11-07 08:00:00,终馏点蒸发温度TFBP,延化180万吨/年汽油精制装置
98.0,ST040127,<p>%</p>,2025-11-07 08:00:00,全馏,延化180万吨/年汽油精制装置
0.8,ST040127,<p>%</p>,2025-11-07 08:00:00,平均残留百分数(B),延化180万吨/年汽油精制装置
45.6,ST040127,℃,2025-11-07 08:00:00,10%平均蒸发温度T10%,延化180万吨/年汽油精制装置
714.7,ST040127,<p>kg/m<sup>3</sup></p>,2025-11-07 08:00:00,密度(20℃),延化180万吨/年汽油精制装置
3.00,ST040127,<p>ppm</p>,2025-11-07 08:00:00,硫含量,延化180万吨/年汽油精制装置
30.3,ST040127,℃,2025-11-07 08:00:00,初馏点蒸发温度 TIBP,延化180万吨/年汽油精制装置
86.9,ST040127,℃,2025-11-07 08:00:00,50%平均蒸发温度T50%,延化180万吨/年汽油精制装置
165.2,ST040127,℃,2025-11-07 08:00:00,90%平均蒸发温度T90%,延化180万吨/年汽油精制装置
56.00,ST040127,<p>gBr/100g</p>,2025-11-07 08:00:00,溴价 gBr/100g,延化180万吨/年汽油精制装置
5.00,ST040127,<p>ppm</p>,2025-11-07 20:00:00,硫含量,延化180万吨/年汽油精制装置
196.5,ST040127,℃,2025-11-08 08:00:00,终馏点蒸发温度TFBP,延化180万吨/年汽油精制装置
98.0,ST040127,<p>%</p>,2025-11-08 08:00:00,全馏,延化180万吨/年汽油精制装置
0.8,ST040127,<p>%</p>,2025-11-08 08:00:00,平均残留百分数(B),延化180万吨/年汽油精制装置
714.8,ST040127,<p>kg/m<sup>3</sup></p>,2025-11-08 08:00:00,密度(20℃),延化180万吨/年汽油精制装置
87.1,ST040127,℃,2025-11-08 08:00:00,50%平均蒸发温度T50%,延化180万吨/年汽油精制装置
166.9,ST040127,℃,2025-11-08 08:00:00,90%平均蒸发温度T90%,延化180万吨/年汽油精制装置
3.00,ST040127,<p>ppm</p>,2025-11-08 08:00:00,硫含量,延化180万吨/年汽油精制装置
28.7,ST040127,℃,2025-11-08 08:00:00,初馏点蒸发温度 TIBP,延化180万吨/年汽油精制装置
44.7,ST040127,℃,2025-11-08 08:00:00,10%平均蒸发温度T10%,延化180万吨/年汽油精制装置
57.00,ST040127,<p>gBr/100g</p>,2025-11-08 08:00:00,溴价 gBr/100g,延化180万吨/年汽油精制装置
3.00,ST040127,<p>ppm</p>,2025-11-08 20:00:00,硫含量,延化180万吨/年汽油精制装置
4.00,ST040127,<p>ppm</p>,2025-11-09 00:00:00,硫含量,延化180万吨/年汽油精制装置
47.5,ST040127,℃,2025-11-09 08:00:00,10%平均蒸发温度T10%,延化180万吨/年汽油精制装置
87.6,ST040127,℃,2025-11-09 08:00:00,50%平均蒸发温度T50%,延化180万吨/年汽油精制装置
164.8,ST040127,℃,2025-11-09 08:00:00,90%平均蒸发温度T90%,延化180万吨/年汽油精制装置
194.3,ST040127,℃,2025-11-09 08:00:00,终馏点蒸发温度TFBP,延化180万吨/年汽油精制装置
3.00,ST040127,<p>ppm</p>,2025-11-09 08:00:00,硫含量,延化180万吨/年汽油精制装置
0.8,ST040127,<p>%</p>,2025-11-09 08:00:00,平均残留百分数(B),延化180万吨/年汽油精制装置
32.7,ST040127,℃,2025-11-09 08:00:00,初馏点蒸发温度 TIBP,延化180万吨/年汽油精制装置
98.0,ST040127,<p>%</p>,2025-11-09 08:00:00,全馏,延化180万吨/年汽油精制装置
716.2,ST040127,<p>kg/m<sup>3</sup></p>,2025-11-09 08:00:00,密度(20℃),延化180万吨/年汽油精制装置
55.00,ST040127,<p>gBr/100g</p>,2025-11-09 08:00:00,溴价 gBr/100g,延化180万吨/年汽油精制装置
3.00,ST040127,<p>ppm</p>,2025-11-09 20:00:00,硫含量,延化180万吨/年汽油精制装置
3.00,ST040127,<p>ppm</p>,2025-11-10 08:00:00,硫含量,延化180万吨/年汽油精制装置
716.5,ST040127,<p>kg/m<sup>3</sup></p>,2025-11-10 08:00:00,密度(20℃),延化180万吨/年汽油精制装置
55.00,ST040127,<p>gBr/100g</p>,2025-11-10 08:00:00,溴价 gBr/100g,延化180万吨/年汽油精制装置
31.6,ST040127,℃,2025-11-10 08:00:00,初馏点蒸发温度 TIBP,延化180万吨/年汽油精制装置
46.8,ST040127,℃,2025-11-10 08:00:00,10%平均蒸发温度T10%,延化180万吨/年汽油精制装置
86.9,ST040127,℃,2025-11-10 08:00:00,50%平均蒸发温度T50%,延化180万吨/年汽油精制装置
165.3,ST040127,℃,2025-11-10 08:00:00,90%平均蒸发温度T90%,延化180万吨/年汽油精制装置
195.2,ST040127,℃,2025-11-10 08:00:00,终馏点蒸发温度TFBP,延化180万吨/年汽油精制装置
98.0,ST040127,<p>%</p>,2025-11-10 08:00:00,全馏,延化180万吨/年汽油精制装置
0.8,ST040127,<p>%</p>,2025-11-10 08:00:00,平均残留百分数(B),延化180万吨/年汽油精制装置
3.00,ST040127,<p>ppm</p>,2025-11-10 20:00:00,硫含量,延化180万吨/年汽油精制装置
3.00,ST040127,<p>ppm</p>,2025-11-11 08:00:00,硫含量,延化180万吨/年汽油精制装置
0.8,ST040127,<p>%</p>,2025-11-11 08:00:00,平均残留百分数(B),延化180万吨/年汽油精制装置
33.2,ST040127,℃,2025-11-11 08:00:00,初馏点蒸发温度 TIBP,延化180万吨/年汽油精制装置
47.8,ST040127,℃,2025-11-11 08:00:00,10%平均蒸发温度T10%,延化180万吨/年汽油精制装置
88.1,ST040127,℃,2025-11-11 08:00:00,50%平均蒸发温度T50%,延化180万吨/年汽油精制装置
168.2,ST040127,℃,2025-11-11 08:00:00,90%平均蒸发温度T90%,延化180万吨/年汽油精制装置
200.4,ST040127,℃,2025-11-11 08:00:00,终馏点蒸发温度TFBP,延化180万吨/年汽油精制装置
98.0,ST040127,<p>%</p>,2025-11-11 08:00:00,全馏,延化180万吨/年汽油精制装置
717.0,ST040127,<p>kg/m<sup>3</sup></p>,2025-11-11 08:00:00,密度(20℃),延化180万吨/年汽油精制装置
52.00,ST040127,<p>gBr/100g</p>,2025-11-11 08:00:00,溴价 gBr/100g,延化180万吨/年汽油精制装置
3.00,ST040127,<p>ppm</p>,2025-11-11 20:00:00,硫含量,延化180万吨/年汽油精制装置
3.00,ST040127,<p>ppm</p>,2025-11-12 08:00:00,硫含量,延化180万吨/年汽油精制装置
45.8,ST040127,℃,2025-11-12 08:00:00,10%平均蒸发温度T10%,延化180万吨/年汽油精制装置
717.3,ST040127,<p>kg/m<sup>3</sup></p>,2025-11-12 08:00:00,密度(20℃),延化180万吨/年汽油精制装置
53.00,ST040127,<p>gBr/100g</p>,2025-11-12 08:00:00,溴价 gBr/100g,延化180万吨/年汽油精制装置
33.1,ST040127,℃,2025-11-12 08:00:00,初馏点蒸发温度 TIBP,延化180万吨/年汽油精制装置
83.4,ST040127,℃,2025-11-12 08:00:00,50%平均蒸发温度T50%,延化180万吨/年汽油精制装置
165.6,ST040127,℃,2025-11-12 08:00:00,90%平均蒸发温度T90%,延化180万吨/年汽油精制装置
195.3,ST040127,℃,2025-11-12 08:00:00,终馏点蒸发温度TFBP,延化180万吨/年汽油精制装置
98.0,ST040127,<p>%</p>,2025-11-12 08:00:00,全馏,延化180万吨/年汽油精制装置
0.8,ST040127,<p>%</p>,2025-11-12 08:00:00,平均残留百分数(B),延化180万吨/年汽油精制装置
3.00,ST040127,<p>ppm</p>,2025-11-12 20:00:00,硫含量,延化180万吨/年汽油精制装置
55.00,ST040127,<p>gBr/100g</p>,2025-11-13 08:00:00,溴价 gBr/100g,延化180万吨/年汽油精制装置
68.6,ST040127,<p>kPa</p>,2025-11-13 08:00:00,饱和蒸汽压(X),延化180万吨/年汽油精制装置
46.4,ST040127,℃,2025-11-13 08:00:00,10%平均蒸发温度T10%,延化180万吨/年汽油精制装置
86.2,ST040127,℃,2025-11-13 08:00:00,50%平均蒸发温度T50%,延化180万吨/年汽油精制装置
195.9,ST040127,℃,2025-11-13 08:00:00,终馏点蒸发温度TFBP,延化180万吨/年汽油精制装置
98.0,ST040127,<p>%</p>,2025-11-13 08:00:00,全馏,延化180万吨/年汽油精制装置
0.8,ST040127,<p>%</p>,2025-11-13 08:00:00,平均残留百分数(B),延化180万吨/年汽油精制装置
32.6,ST040127,℃,2025-11-13 08:00:00,初馏点蒸发温度 TIBP,延化180万吨/年汽油精制装置
1,ST040127,级,2025-11-13 08:00:00,铜片腐蚀(50℃，3h),延化180万吨/年汽油精制装置
716.2,ST040127,<p>kg/m<sup>3</sup></p>,2025-11-13 08:00:00,密度(20℃),延化180万吨/年汽油精制装置
24.8,ST040127,%（v/v) ,2025-11-13 08:00:00,烯烃含量,延化180万吨/年汽油精制装置
15.9,ST040127,%（v/v) ,2025-11-13 08:00:00,芳烃含量,延化180万吨/年汽油精制装置
59.4,ST040127,%（v/v) ,2025-11-13 08:00:00,烷烃含量,延化180万吨/年汽油精制装置
3.00,ST040127,<p>ppm</p>,2025-11-13 08:00:00,硫含量,延化180万吨/年汽油精制装置
166.5,ST040127,℃,2025-11-13 08:00:00,90%平均蒸发温度T90%,延化180万吨/年汽油精制装置
<0.5,ST040127,<p>mg/100mL</p>,2025-11-13 08:00:00,未洗胶质,延化180万吨/年汽油精制装置
3.00,ST040127,<p>ppm</p>,2025-11-13 20:00:00,硫含量,延化180万吨/年汽油精制装置
46.5,ST040127,℃,2025-11-15 02:00:00,10%平均蒸发温度T10%,延化180万吨/年汽油精制装置
51.00,ST040127,<p>gBr/100g</p>,2025-11-15 02:00:00,溴价 gBr/100g,延化180万吨/年汽油精制装置
197.5,ST040127,℃,2025-11-15 02:00:00,终馏点蒸发温度TFBP,延化180万吨/年汽油精制装置
164.5,ST040127,℃,2025-11-15 02:00:00,90%平均蒸发温度T90%,延化180万吨/年汽油精制装置
83.5,ST040127,℃,2025-11-15 02:00:00,50%平均蒸发温度T50%,延化180万吨/年汽油精制装置
712.5,ST040127,<p>kg/m<sup>3</sup></p>,2025-11-15 02:00:00,密度(20℃),延化180万吨/年汽油精制装置
0.8,ST040127,<p>%</p>,2025-11-15 02:00:00,校正损失百分数(LC),延化180万吨/年汽油精制装置
0.8,ST040127,<p>%</p>,2025-11-15 02:00:00,校正损失百分数(LC),延化180万吨/年汽油精制装置
98.4,ST040127,<p>%</p>,2025-11-15 02:00:00,校正回收百分数(RC),延化180万吨/年汽油精制装置
98.4,ST040127,<p>%</p>,2025-11-15 02:00:00,校正回收百分数(RC),延化180万吨/年汽油精制装置
98.4,ST040127,<p>%</p>,2025-11-15 02:00:00,全馏,延化180万吨/年汽油精制装置
33.5,ST040127,℃,2025-11-15 02:00:00,初馏点蒸发温度 TIBP,延化180万吨/年汽油精制装置
3.00,ST040127,<p>ppm</p>,2025-11-15 03:00:00,硫含量,延化180万吨/年汽油精制装置
3.00,ST040127,<p>ppm</p>,2025-11-15 03:30:00,硫含量,延化180万吨/年汽油精制装置
3.00,ST040127,<p>ppm</p>,2025-11-15 08:00:00,硫含量,延化180万吨/年汽油精制装置
170.5,ST040127,℃,2025-11-15 08:00:00,90%平均蒸发温度T90%,延化180万吨/年汽油精制装置
88.5,ST040127,℃,2025-11-15 08:00:00,50%平均蒸发温度T50%,延化180万吨/年汽油精制装置
47.5,ST040127,℃,2025-11-15 08:00:00,10%平均蒸发温度T10%,延化180万吨/年汽油精制装置
36.5,ST040127,℃,2025-11-15 08:00:00,初馏点蒸发温度 TIBP,延化180万吨/年汽油精制装置
0.8,ST040127,<p>%</p>,2025-11-15 08:00:00,校正损失百分数(LC),延化180万吨/年汽油精制装置
0.8,ST040127,<p>%</p>,2025-11-15 08:00:00,校正损失百分数(LC),延化180万吨/年汽油精制装置
98.4,ST040127,<p>%</p>,2025-11-15 08:00:00,校正回收百分数(RC),延化180万吨/年汽油精制装置
98.4,ST040127,<p>%</p>,2025-11-15 08:00:00,全馏,延化180万吨/年汽油精制装置
98.4,ST040127,<p>%</p>,2025-11-15 08:00:00,校正回收百分数(RC),延化180万吨/年汽油精制装置
715.8,ST040127,<p>kg/m<sup>3</sup></p>,2025-11-15 08:00:00,密度(20℃),延化180万吨/年汽油精制装置
55.00,ST040127,<p>gBr/100g</p>,2025-11-15 08:00:00,溴价 gBr/100g,延化180万吨/年汽油精制装置
194.5,ST040127,℃,2025-11-15 08:00:00,终馏点蒸发温度TFBP,延化180万吨/年汽油精制装置
2.00,ST040127,<p>ppm</p>,2025-11-15 20:00:00,硫含量,延化180万吨/年汽油精制装置
3.00,ST040127,<p>ppm</p>,2025-11-16 08:00:00,硫含量,延化180万吨/年汽油精制装置
47.1,ST040127,℃,2025-11-16 08:00:00,10%平均蒸发温度T10%,延化180万吨/年汽油精制装置
32.7,ST040127,℃,2025-11-16 08:00:00,初馏点蒸发温度 TIBP,延化180万吨/年汽油精制装置
166.9,ST040127,℃,2025-11-16 08:00:00,90%平均蒸发温度T90%,延化180万吨/年汽油精制装置
88.1,ST040127,℃,2025-11-16 08:00:00,50%平均蒸发温度T50%,延化180万吨/年汽油精制装置
196.3,ST040127,℃,2025-11-16 08:00:00,终馏点蒸发温度TFBP,延化180万吨/年汽油精制装置
98.0,ST040127,<p>%</p>,2025-11-16 08:00:00,全馏,延化180万吨/年汽油精制装置
0.8,ST040127,<p>%</p>,2025-11-16 08:00:00,平均残留百分数(B),延化180万吨/年汽油精制装置
715.0,ST040127,<p>kg/m<sup>3</sup></p>,2025-11-16 08:00:00,密度(20℃),延化180万吨/年汽油精制装置
53.00,ST040127,<p>gBr/100g</p>,2025-11-16 08:00:00,溴价 gBr/100g,延化180万吨/年汽油精制装置
2.00,ST040127,<p>ppm</p>,2025-11-16 20:00:00,硫含量,延化180万吨/年汽油精制装置
3.00,ST040127,<p>ppm</p>,2025-11-17 08:00:00,硫含量,延化180万吨/年汽油精制装置
31.2,ST040127,℃,2025-11-17 08:00:00,初馏点蒸发温度 TIBP,延化180万吨/年汽油精制装置
43.4,ST040127,℃,2025-11-17 08:00:00,10%平均蒸发温度T10%,延化180万吨/年汽油精制装置
80.5,ST040127,℃,2025-11-17 08:00:00,50%平均蒸发温度T50%,延化180万吨/年汽油精制装置
163.9,ST040127,℃,2025-11-17 08:00:00,90%平均蒸发温度T90%,延化180万吨/年汽油精制装置
193.6,ST040127,℃,2025-11-17 08:00:00,终馏点蒸发温度TFBP,延化180万吨/年汽油精制装置
98.0,ST040127,<p>%</p>,2025-11-17 08:00:00,全馏,延化180万吨/年汽油精制装置
0.8,ST040127,<p>%</p>,2025-11-17 08:00:00,平均残留百分数(B),延化180万吨/年汽油精制装置
53.00,ST040127,<p>gBr/100g</p>,2025-11-17 08:00:00,溴价 gBr/100g,延化180万吨/年汽油精制装置
715.7,ST040127,<p>kg/m<sup>3</sup></p>,2025-11-17 08:00:00,密度(20℃),延化180万吨/年汽油精制装置
89.4,ST040127,,2025-11-17 08:00:00,研究法辛烷值(RON),延化180万吨/年汽油精制装置
2.00,ST040127,<p>ppm</p>,2025-11-17 20:00:00,硫含量,延化180万吨/年汽油精制装置
82.7,ST040127,℃,2025-11-18 08:00:00,50%平均蒸发温度T50%,延化180万吨/年汽油精制装置
54.00,ST040127,<p>gBr/100g</p>,2025-11-18 08:00:00,溴价 gBr/100g,延化180万吨/年汽油精制装置
716.4,ST040127,<p>kg/m<sup>3</sup></p>,2025-11-18 08:00:00,密度(20℃),延化180万吨/年汽油精制装置
32.2,ST040127,℃,2025-11-18 08:00:00,初馏点蒸发温度 TIBP,延化180万吨/年汽油精制装置
45.0,ST040127,℃,2025-11-18 08:00:00,10%平均蒸发温度T10%,延化180万吨/年汽油精制装置
3.00,ST040127,<p>ppm</p>,2025-11-18 08:00:00,硫含量,延化180万吨/年汽油精制装置
164.2,ST040127,℃,2025-11-18 08:00:00,90%平均蒸发温度T90%,延化180万吨/年汽油精制装置
193.6,ST040127,℃,2025-11-18 08:00:00,终馏点蒸发温度TFBP,延化180万吨/年汽油精制装置
98.0,ST040127,<p>%</p>,2025-11-18 08:00:00,全馏,延化180万吨/年汽油精制装置
0.8,ST040127,<p>%</p>,2025-11-18 08:00:00,平均残留百分数(B),延化180万吨/年汽油精制装置
2.00,ST040127,<p>ppm</p>,2025-11-18 20:00:00,硫含量,延化180万吨/年汽油精制装置
3.00,ST040127,<p>ppm</p>,2025-11-19 08:00:00,硫含量,延化180万吨/年汽油精制装置
52.00,ST040127,<p>gBr/100g</p>,2025-11-19 08:00:00,溴价 gBr/100g,延化180万吨/年汽油精制装置
34.3,ST040127,℃,2025-11-19 08:00:00,初馏点蒸发温度 TIBP,延化180万吨/年汽油精制装置
46.8,ST040127,℃,2025-11-19 08:00:00,10%平均蒸发温度T10%,延化180万吨/年汽油精制装置
83.6,ST040127,℃,2025-11-19 08:00:00,50%平均蒸发温度T50%,延化180万吨/年汽油精制装置
164.7,ST040127,℃,2025-11-19 08:00:00,90%平均蒸发温度T90%,延化180万吨/年汽油精制装置
195.8,ST040127,℃,2025-11-19 08:00:00,终馏点蒸发温度TFBP,延化180万吨/年汽油精制装置
98.0,ST040127,<p>%</p>,2025-11-19 08:00:00,全馏,延化180万吨/年汽油精制装置
0.8,ST040127,<p>%</p>,2025-11-19 08:00:00,平均残留百分数(B),延化180万吨/年汽油精制装置
715.9,ST040127,<p>kg/m<sup>3</sup></p>,2025-11-19 08:00:00,密度(20℃),延化180万吨/年汽油精制装置
3.00,ST040127,<p>ppm</p>,2025-11-19 20:00:00,硫含量,延化180万吨/年汽油精制装置
3.00,ST040127,<p>ppm</p>,2025-11-20 01:00:00,硫含量,延化180万吨/年汽油精制装置
3.00,ST040127,<p>ppm</p>,2025-11-20 02:30:00,硫含量,延化180万吨/年汽油精制装置
5.00,ST040127,<p>ppm</p>,2025-11-20 03:40:00,硫含量,延化180万吨/年汽油精制装置
24.0,ST040127,%（v/v) ,2025-11-20 08:00:00,烯烃含量,延化180万吨/年汽油精制装置
16.0,ST040127,%（v/v) ,2025-11-20 08:00:00,芳烃含量,延化180万吨/年汽油精制装置
60.0,ST040127,%（v/v) ,2025-11-20 08:00:00,烷烃含量,延化180万吨/年汽油精制装置
3.00,ST040127,<p>ppm</p>,2025-11-20 08:00:00,硫含量,延化180万吨/年汽油精制装置
44.6,ST040127,℃,2025-11-20 08:00:00,10%平均蒸发温度T10%,延化180万吨/年汽油精制装置
36.1,ST040127,℃,2025-11-20 08:00:00,初馏点蒸发温度 TIBP,延化180万吨/年汽油精制装置
88.8,ST040127,℃,2025-11-20 08:00:00,50%平均蒸发温度T50%,延化180万吨/年汽油精制装置
169.0,ST040127,℃,2025-11-20 08:00:00,90%平均蒸发温度T90%,延化180万吨/年汽油精制装置
200.7,ST040127,℃,2025-11-20 08:00:00,终馏点蒸发温度TFBP,延化180万吨/年汽油精制装置
98.0,ST040127,<p>%</p>,2025-11-20 08:00:00,全馏,延化180万吨/年汽油精制装置
0.8,ST040127,<p>%</p>,2025-11-20 08:00:00,平均残留百分数(B),延化180万吨/年汽油精制装置
54.00,ST040127,<p>gBr/100g</p>,2025-11-20 08:00:00,溴价 gBr/100g,延化180万吨/年汽油精制装置
67.2,ST040127,<p>kPa</p>,2025-11-20 08:00:00,饱和蒸汽压(X),延化180万吨/年汽油精制装置
<0.5,ST040127,<p>mg/100mL</p>,2025-11-20 08:00:00,未洗胶质,延化180万吨/年汽油精制装置
1,ST040127,级,2025-11-20 08:00:00,铜片腐蚀(50℃，3h),延化180万吨/年汽油精制装置
717.0,ST040127,<p>kg/m<sup>3</sup></p>,2025-11-20 08:00:00,密度(20℃),延化180万吨/年汽油精制装置
3.00,ST040127,<p>ppm</p>,2025-11-20 20:00:00,硫含量,延化180万吨/年汽油精制装置
32.2,ST040127,℃,2025-11-21 08:00:00,初馏点蒸发温度 TIBP,延化180万吨/年汽油精制装置
0.8,ST040127,<p>%</p>,2025-11-21 08:00:00,平均残留百分数(B),延化180万吨/年汽油精制装置
47.4,ST040127,℃,2025-11-21 08:00:00,10%平均蒸发温度T10%,延化180万吨/年汽油精制装置
87.2,ST040127,℃,2025-11-21 08:00:00,50%平均蒸发温度T50%,延化180万吨/年汽油精制装置
167.6,ST040127,℃,2025-11-21 08:00:00,90%平均蒸发温度T90%,延化180万吨/年汽油精制装置
3.00,ST040127,<p>ppm</p>,2025-11-21 08:00:00,硫含量,延化180万吨/年汽油精制装置
98.0,ST040127,<p>%</p>,2025-11-21 08:00:00,全馏,延化180万吨/年汽油精制装置
717.4,ST040127,<p>kg/m<sup>3</sup></p>,2025-11-21 08:00:00,密度(20℃),延化180万吨/年汽油精制装置
54.00,ST040127,<p>gBr/100g</p>,2025-11-21 08:00:00,溴价 gBr/100g,延化180万吨/年汽油精制装置
196.2,ST040127,℃,2025-11-21 08:00:00,终馏点蒸发温度TFBP,延化180万吨/年汽油精制装置
3.00,ST040127,<p>ppm</p>,2025-11-21 20:00:00,硫含量,延化180万吨/年汽油精制装置
31.7,ST040127,℃,2025-11-22 08:00:00,初馏点蒸发温度 TIBP,延化180万吨/年汽油精制装置
3.00,ST040127,<p>ppm</p>,2025-11-22 08:00:00,硫含量,延化180万吨/年汽油精制装置
43.5,ST040127,℃,2025-11-22 08:00:00,10%平均蒸发温度T10%,延化180万吨/年汽油精制装置
79.0,ST040127,℃,2025-11-22 08:00:00,50%平均蒸发温度T50%,延化180万吨/年汽油精制装置
190.1,ST040127,℃,2025-11-22 08:00:00,终馏点蒸发温度TFBP,延化180万吨/年汽油精制装置
163.4,ST040127,℃,2025-11-22 08:00:00,90%平均蒸发温度T90%,延化180万吨/年汽油精制装置
98.0,ST040127,<p>%</p>,2025-11-22 08:00:00,全馏,延化180万吨/年汽油精制装置
0.8,ST040127,<p>%</p>,2025-11-22 08:00:00,平均残留百分数(B),延化180万吨/年汽油精制装置
54.00,ST040127,<p>gBr/100g</p>,2025-11-22 08:00:00,溴价 gBr/100g,延化180万吨/年汽油精制装置
715.8,ST040127,<p>kg/m<sup>3</sup></p>,2025-11-22 08:00:00,密度(20℃),延化180万吨/年汽油精制装置
3.00,ST040127,<p>ppm</p>,2025-11-22 20:00:00,硫含量,延化180万吨/年汽油精制装置
3.00,ST040127,<p>ppm</p>,2025-11-23 08:00:00,硫含量,延化180万吨/年汽油精制装置
716.9,ST040127,<p>kg/m<sup>3</sup></p>,2025-11-23 08:00:00,密度(20℃),延化180万吨/年汽油精制装置
55.00,ST040127,<p>gBr/100g</p>,2025-11-23 08:00:00,溴价 gBr/100g,延化180万吨/年汽油精制装置
31.8,ST040127,℃,2025-11-23 08:00:00,初馏点蒸发温度 TIBP,延化180万吨/年汽油精制装置
45.4,ST040127,℃,2025-11-23 08:00:00,10%平均蒸发温度T10%,延化180万吨/年汽油精制装置
83.7,ST040127,℃,2025-11-23 08:00:00,50%平均蒸发温度T50%,延化180万吨/年汽油精制装置
167.0,ST040127,℃,2025-11-23 08:00:00,90%平均蒸发温度T90%,延化180万吨/年汽油精制装置
194.8,ST040127,℃,2025-11-23 08:00:00,终馏点蒸发温度TFBP,延化180万吨/年汽油精制装置
98.0,ST040127,<p>%</p>,2025-11-23 08:00:00,全馏,延化180万吨/年汽油精制装置
0.8,ST040127,<p>%</p>,2025-11-23 08:00:00,平均残留百分数(B),延化180万吨/年汽油精制装置
2.00,ST040127,<p>ppm</p>,2025-11-23 20:00:00,硫含量,延化180万吨/年汽油精制装置
89.0,ST040127,,2025-11-24 08:00:00,研究法辛烷值(RON),延化180万吨/年汽油精制装置
3.00,ST040127,<p>ppm</p>,2025-11-24 08:00:00,硫含量,延化180万吨/年汽油精制装置
718.3,ST040127,<p>kg/m<sup>3</sup></p>,2025-11-24 08:00:00,密度(20℃),延化180万吨/年汽油精制装置
53.00,ST040127,<p>gBr/100g</p>,2025-11-24 08:00:00,溴价 gBr/100g,延化180万吨/年汽油精制装置
32.5,ST040127,℃,2025-11-24 08:00:00,初馏点蒸发温度 TIBP,延化180万吨/年汽油精制装置
44.8,ST040127,℃,2025-11-24 08:00:00,10%平均蒸发温度T10%,延化180万吨/年汽油精制装置
81.4,ST040127,℃,2025-11-24 08:00:00,50%平均蒸发温度T50%,延化180万吨/年汽油精制装置
165.5,ST040127,℃,2025-11-24 08:00:00,90%平均蒸发温度T90%,延化180万吨/年汽油精制装置
194.4,ST040127,℃,2025-11-24 08:00:00,终馏点蒸发温度TFBP,延化180万吨/年汽油精制装置
98.0,ST040127,<p>%</p>,2025-11-24 08:00:00,全馏,延化180万吨/年汽油精制装置
0.8,ST040127,<p>%</p>,2025-11-24 08:00:00,平均残留百分数(B),延化180万吨/年汽油精制装置
2.00,ST040127,<p>ppm</p>,2025-11-24 20:00:00,硫含量,延化180万吨/年汽油精制装置
35.8,ST040127,℃,2025-11-25 08:00:00,初馏点蒸发温度 TIBP,延化180万吨/年汽油精制装置
45.6,ST040127,℃,2025-11-25 08:00:00,10%平均蒸发温度T10%,延化180万吨/年汽油精制装置
85.4,ST040127,℃,2025-11-25 08:00:00,50%平均蒸发温度T50%,延化180万吨/年汽油精制装置
166.4,ST040127,℃,2025-11-25 08:00:00,90%平均蒸发温度T90%,延化180万吨/年汽油精制装置
3.00,ST040127,<p>ppm</p>,2025-11-25 08:00:00,硫含量,延化180万吨/年汽油精制装置
98.0,ST040127,<p>%</p>,2025-11-25 08:00:00,全馏,延化180万吨/年汽油精制装置
0.8,ST040127,<p>%</p>,2025-11-25 08:00:00,平均残留百分数(B),延化180万吨/年汽油精制装置
58.00,ST040127,<p>gBr/100g</p>,2025-11-25 08:00:00,溴价 gBr/100g,延化180万吨/年汽油精制装置
715.9,ST040127,<p>kg/m<sup>3</sup></p>,2025-11-25 08:00:00,密度(20℃),延化180万吨/年汽油精制装置
199.5,ST040127,℃,2025-11-25 08:00:00,终馏点蒸发温度TFBP,延化180万吨/年汽油精制装置
3.00,ST040127,<p>ppm</p>,2025-11-25 20:00:00,硫含量,延化180万吨/年汽油精制装置
90.3,ST040127,℃,2025-11-26 08:00:00,50%平均蒸发温度T50%,延化180万吨/年汽油精制装置
3.00,ST040127,<p>ppm</p>,2025-11-26 08:00:00,硫含量,延化180万吨/年汽油精制装置
0.8,ST040127,<p>%</p>,2025-11-26 08:00:00,平均残留百分数(B),延化180万吨/年汽油精制装置
98.0,ST040127,<p>%</p>,2025-11-26 08:00:00,全馏,延化180万吨/年汽油精制装置
715.6,ST040127,<p>kg/m<sup>3</sup></p>,2025-11-26 08:00:00,密度(20℃),延化180万吨/年汽油精制装置
54.00,ST040127,<p>gBr/100g</p>,2025-11-26 08:00:00,溴价 gBr/100g,延化180万吨/年汽油精制装置
34.5,ST040127,℃,2025-11-26 08:00:00,初馏点蒸发温度 TIBP,延化180万吨/年汽油精制装置
49.3,ST040127,℃,2025-11-26 08:00:00,10%平均蒸发温度T10%,延化180万吨/年汽油精制装置
168.0,ST040127,℃,2025-11-26 08:00:00,90%平均蒸发温度T90%,延化180万吨/年汽油精制装置
196.7,ST040127,℃,2025-11-26 08:00:00,终馏点蒸发温度TFBP,延化180万吨/年汽油精制装置
7.00,ST040127,<p>ppm</p>,2025-11-26 19:00:00,硫含量,延化180万吨/年汽油精制装置
3.00,ST040127,<p>ppm</p>,2025-11-26 20:00:00,硫含量,延化180万吨/年汽油精制装置
3.00,ST040127,<p>ppm</p>,2025-11-26 21:30:00,硫含量,延化180万吨/年汽油精制装置
3.00,ST040127,<p>ppm</p>,2025-11-26 22:30:00,硫含量,延化180万吨/年汽油精制装置
1,ST040127,级,2025-11-27 08:00:00,铜片腐蚀(50℃，3h),延化180万吨/年汽油精制装置
0.8,ST040127,<p>%</p>,2025-11-27 08:00:00,平均残留百分数(B),延化180万吨/年汽油精制装置
98.0,ST040127,<p>%</p>,2025-11-27 08:00:00,全馏,延化180万吨/年汽油精制装置
190.9,ST040127,℃,2025-11-27 08:00:00,终馏点蒸发温度TFBP,延化180万吨/年汽油精制装置
162.4,ST040127,℃,2025-11-27 08:00:00,90%平均蒸发温度T90%,延化180万吨/年汽油精制装置
76.3,ST040127,℃,2025-11-27 08:00:00,50%平均蒸发温度T50%,延化180万吨/年汽油精制装置
3.00,ST040127,<p>ppm</p>,2025-11-27 08:00:00,硫含量,延化180万吨/年汽油精制装置
42.6,ST040127,℃,2025-11-27 08:00:00,10%平均蒸发温度T10%,延化180万吨/年汽油精制装置
31.8,ST040127,℃,2025-11-27 08:00:00,初馏点蒸发温度 TIBP,延化180万吨/年汽油精制装置
68.4,ST040127,<p>kPa</p>,2025-11-27 08:00:00,饱和蒸汽压(X),延化180万吨/年汽油精制装置
<0.5,ST040127,<p>mg/100mL</p>,2025-11-27 08:00:00,未洗胶质,延化180万吨/年汽油精制装置
59.8,ST040127,%（v/v) ,2025-11-27 08:00:00,烷烃含量,延化180万吨/年汽油精制装置
57.00,ST040127,<p>gBr/100g</p>,2025-11-27 08:00:00,溴价 gBr/100g,延化180万吨/年汽油精制装置
16.3,ST040127,%（v/v) ,2025-11-27 08:00:00,芳烃含量,延化180万吨/年汽油精制装置
23.9,ST040127,%（v/v) ,2025-11-27 08:00:00,烯烃含量,延化180万吨/年汽油精制装置
715.8,ST040127,<p>kg/m<sup>3</sup></p>,2025-11-27 08:00:00,密度(20℃),延化180万吨/年汽油精制装置
3.00,ST040127,<p>ppm</p>,2025-11-27 20:00:00,硫含量,延化180万吨/年汽油精制装置
3.00,ST040127,<p>ppm</p>,2025-11-28 08:00:00,硫含量,延化180万吨/年汽油精制装置
86.1,ST040127,℃,2025-11-28 08:00:00,50%平均蒸发温度T50%,延化180万吨/年汽油精制装置
46.7,ST040127,℃,2025-11-28 08:00:00,10%平均蒸发温度T10%,延化180万吨/年汽油精制装置
31.9,ST040127,℃,2025-11-28 08:00:00,初馏点蒸发温度 TIBP,延化180万吨/年汽油精制装置
55.00,ST040127,<p>gBr/100g</p>,2025-11-28 08:00:00,溴价 gBr/100g,延化180万吨/年汽油精制装置
715.5,ST040127,<p>kg/m<sup>3</sup></p>,2025-11-28 08:00:00,密度(20℃),延化180万吨/年汽油精制装置
98.0,ST040127,<p>%</p>,2025-11-28 08:00:00,全馏,延化180万吨/年汽油精制装置
197.3,ST040127,℃,2025-11-28 08:00:00,终馏点蒸发温度TFBP,延化180万吨/年汽油精制装置
167.0,ST040127,℃,2025-11-28 08:00:00,90%平均蒸发温度T90%,延化180万吨/年汽油精制装置
0.8,ST040127,<p>%</p>,2025-11-28 08:00:00,平均残留百分数(B),延化180万吨/年汽油精制装置
3.00,ST040127,<p>ppm</p>,2025-11-28 20:00:00,硫含量,延化180万吨/年汽油精制装置
98.0,ST040127,<p>%</p>,2025-11-29 08:00:00,全馏,延化180万吨/年汽油精制装置
194.1,ST040127,℃,2025-11-29 08:00:00,终馏点蒸发温度TFBP,延化180万吨/年汽油精制装置
166.1,ST040127,℃,2025-11-29 08:00:00,90%平均蒸发温度T90%,延化180万吨/年汽油精制装置
0.8,ST040127,<p>%</p>,2025-11-29 08:00:00,平均残留百分数(B),延化180万吨/年汽油精制装置
82.8,ST040127,℃,2025-11-29 08:00:00,50%平均蒸发温度T50%,延化180万吨/年汽油精制装置
43.9,ST040127,℃,2025-11-29 08:00:00,10%平均蒸发温度T10%,延化180万吨/年汽油精制装置
30.2,ST040127,℃,2025-11-29 08:00:00,初馏点蒸发温度 TIBP,延化180万吨/年汽油精制装置
715.3,ST040127,<p>kg/m<sup>3</sup></p>,2025-11-29 08:00:00,密度(20℃),延化180万吨/年汽油精制装置
54.00,ST040127,<p>gBr/100g</p>,2025-11-29 08:00:00,溴价 gBr/100g,延化180万吨/年汽油精制装置
3.00,ST040127,<p>ppm</p>,2025-11-29 08:00:00,硫含量,延化180万吨/年汽油精制装置
2.00,ST040127,<p>ppm</p>,2025-11-29 20:00:00,硫含量,延化180万吨/年汽油精制装置
3.00,ST040127,<p>ppm</p>,2025-11-30 08:00:00,硫含量,延化180万吨/年汽油精制装置
54.00,ST040127,<p>gBr/100g</p>,2025-11-30 08:00:00,溴价 gBr/100g,延化180万吨/年汽油精制装置
717.0,ST040127,<p>kg/m<sup>3</sup></p>,2025-11-30 08:00:00,密度(20℃),延化180万吨/年汽油精制装置
0.8,ST040127,<p>%</p>,2025-11-30 08:00:00,平均残留百分数(B),延化180万吨/年汽油精制装置
98.0,ST040127,<p>%</p>,2025-11-30 08:00:00,全馏,延化180万吨/年汽油精制装置
47.1,ST040127,℃,2025-11-30 08:00:00,10%平均蒸发温度T10%,延化180万吨/年汽油精制装置
168.9,ST040127,℃,2025-11-30 08:00:00,90%平均蒸发温度T90%,延化180万吨/年汽油精制装置
197.3,ST040127,℃,2025-11-30 08:00:00,终馏点蒸发温度TFBP,延化180万吨/年汽油精制装置
87.4,ST040127,℃,2025-11-30 08:00:00,50%平均蒸发温度T50%,延化180万吨/年汽油精制装置
33.7,ST040127,℃,2025-11-30 08:00:00,初馏点蒸发温度 TIBP,延化180万吨/年汽油精制装置
2.00,ST040127,<p>ppm</p>,2025-11-30 20:00:00,硫含量,延化180万吨/年汽油精制装置
3.00,ST040127,<p>ppm</p>,2025-12-01 08:00:00,硫含量,延化180万吨/年汽油精制装置
716.4,ST040127,<p>kg/m<sup>3</sup></p>,2025-12-01 08:00:00,密度(20℃),延化180万吨/年汽油精制装置
51.00,ST040127,<p>gBr/100g</p>,2025-12-01 08:00:00,溴价 gBr/100g,延化180万吨/年汽油精制装置
31.5,ST040127,℃,2025-12-01 08:00:00,初馏点蒸发温度 TIBP,延化180万吨/年汽油精制装置
43.9,ST040127,℃,2025-12-01 08:00:00,10%平均蒸发温度T10%,延化180万吨/年汽油精制装置
78.8,ST040127,℃,2025-12-01 08:00:00,50%平均蒸发温度T50%,延化180万吨/年汽油精制装置
163.1,ST040127,℃,2025-12-01 08:00:00,90%平均蒸发温度T90%,延化180万吨/年汽油精制装置
191.3,ST040127,℃,2025-12-01 08:00:00,终馏点蒸发温度TFBP,延化180万吨/年汽油精制装置
98.0,ST040127,<p>%</p>,2025-12-01 08:00:00,全馏,延化180万吨/年汽油精制装置
0.8,ST040127,<p>%</p>,2025-12-01 08:00:00,平均残留百分数(B),延化180万吨/年汽油精制装置
88.7,ST040127,,2025-12-01 08:00:00,研究法辛烷值(RON),延化180万吨/年汽油精制装置
2.00,ST040127,<p>ppm</p>,2025-12-01 20:00:00,硫含量,延化180万吨/年汽油精制装置
53.00,ST040127,<p>gBr/100g</p>,2025-12-02 08:00:00,溴价 gBr/100g,延化180万吨/年汽油精制装置
3.00,ST040127,<p>ppm</p>,2025-12-02 08:00:00,硫含量,延化180万吨/年汽油精制装置
162.1,ST040127,℃,2025-12-02 08:00:00,90%平均蒸发温度T90%,延化180万吨/年汽油精制装置
715.2,ST040127,<p>kg/m<sup>3</sup></p>,2025-12-02 08:00:00,密度(20℃),延化180万吨/年汽油精制装置
192.6,ST040127,℃,2025-12-02 08:00:00,终馏点蒸发温度TFBP,延化180万吨/年汽油精制装置
98.0,ST040127,<p>%</p>,2025-12-02 08:00:00,全馏,延化180万吨/年汽油精制装置
31.8,ST040127,℃,2025-12-02 08:00:00,初馏点蒸发温度 TIBP,延化180万吨/年汽油精制装置
42.6,ST040127,℃,2025-12-02 08:00:00,10%平均蒸发温度T10%,延化180万吨/年汽油精制装置
79.4,ST040127,℃,2025-12-02 08:00:00,50%平均蒸发温度T50%,延化180万吨/年汽油精制装置
0.8,ST040127,<p>%</p>,2025-12-02 08:00:00,平均残留百分数(B),延化180万吨/年汽油精制装置
3.00,ST040127,<p>ppm</p>,2025-12-02 20:00:00,硫含量,延化180万吨/年汽油精制装置
43.5,ST040127,℃,2025-12-03 08:00:00,10%平均蒸发温度T10%,延化180万吨/年汽油精制装置
717.3,ST040127,<p>kg/m<sup>3</sup></p>,2025-12-03 08:00:00,密度(20℃),延化180万吨/年汽油精制装置
49.00,ST040127,<p>gBr/100g</p>,2025-12-03 08:00:00,溴价 gBr/100g,延化180万吨/年汽油精制装置
3.00,ST040127,<p>ppm</p>,2025-12-03 08:00:00,硫含量,延化180万吨/年汽油精制装置
31.6,ST040127,℃,2025-12-03 08:00:00,初馏点蒸发温度 TIBP,延化180万吨/年汽油精制装置
0.8,ST040127,<p>%</p>,2025-12-03 08:00:00,平均残留百分数(B),延化180万吨/年汽油精制装置
79.5,ST040127,℃,2025-12-03 08:00:00,50%平均蒸发温度T50%,延化180万吨/年汽油精制装置
164.4,ST040127,℃,2025-12-03 08:00:00,90%平均蒸发温度T90%,延化180万吨/年汽油精制装置
194.0,ST040127,℃,2025-12-03 08:00:00,终馏点蒸发温度TFBP,延化180万吨/年汽油精制装置
98.0,ST040127,<p>%</p>,2025-12-03 08:00:00,全馏,延化180万吨/年汽油精制装置
3.00,ST040127,<p>ppm</p>,2025-12-03 20:00:00,硫含量,延化180万吨/年汽油精制装置
25.0,ST040127,%（v/v) ,2025-12-04 08:00:00,烯烃含量,延化180万吨/年汽油精制装置
15.1,ST040127,%（v/v) ,2025-12-04 08:00:00,芳烃含量,延化180万吨/年汽油精制装置
59.8,ST040127,%（v/v) ,2025-12-04 08:00:00,烷烃含量,延化180万吨/年汽油精制装置
3.00,ST040127,<p>ppm</p>,2025-12-04 08:00:00,硫含量,延化180万吨/年汽油精制装置
73.1,ST040127,<p>kPa</p>,2025-12-04 08:00:00,饱和蒸汽压(X),延化180万吨/年汽油精制装置
<0.5,ST040127,<p>mg/100mL</p>,2025-12-04 08:00:00,未洗胶质,延化180万吨/年汽油精制装置
714.4,ST040127,<p>kg/m<sup>3</sup></p>,2025-12-04 08:00:00,密度(20℃),延化180万吨/年汽油精制装置
1,ST040127,级,2025-12-04 08:00:00,铜片腐蚀(50℃，3h),延化180万吨/年汽油精制装置
56.00,ST040127,<p>gBr/100g</p>,2025-12-04 08:00:00,溴价 gBr/100g,延化180万吨/年汽油精制装置
29.7,ST040127,℃,2025-12-04 08:00:00,初馏点蒸发温度 TIBP,延化180万吨/年汽油精制装置
41.5,ST040127,℃,2025-12-04 08:00:00,10%平均蒸发温度T10%,延化180万吨/年汽油精制装置
76.8,ST040127,℃,2025-12-04 08:00:00,50%平均蒸发温度T50%,延化180万吨/年汽油精制装置
164.2,ST040127,℃,2025-12-04 08:00:00,90%平均蒸发温度T90%,延化180万吨/年汽油精制装置
193.9,ST040127,℃,2025-12-04 08:00:00,终馏点蒸发温度TFBP,延化180万吨/年汽油精制装置
98.0,ST040127,<p>%</p>,2025-12-04 08:00:00,全馏,延化180万吨/年汽油精制装置
0.8,ST040127,<p>%</p>,2025-12-04 08:00:00,平均残留百分数(B),延化180万吨/年汽油精制装置
3.00,ST040127,<p>ppm</p>,2025-12-04 20:00:00,硫含量,延化180万吨/年汽油精制装置
32.2,ST040127,℃,2025-12-05 08:00:00,初馏点蒸发温度 TIBP,延化180万吨/年汽油精制装置
48.1,ST040127,℃,2025-12-05 08:00:00,10%平均蒸发温度T10%,延化180万吨/年汽油精制装置
93.2,ST040127,℃,2025-12-05 08:00:00,50%平均蒸发温度T50%,延化180万吨/年汽油精制装置
171.2,ST040127,℃,2025-12-05 08:00:00,90%平均蒸发温度T90%,延化180万吨/年汽油精制装置
98.0,ST040127,<p>%</p>,2025-12-05 08:00:00,全馏,延化180万吨/年汽油精制装置
716.3,ST040127,<p>kg/m<sup>3</sup></p>,2025-12-05 08:00:00,密度(20℃),延化180万吨/年汽油精制装置
0.8,ST040127,<p>%</p>,2025-12-05 08:00:00,平均残留百分数(B),延化180万吨/年汽油精制装置
52.00,ST040127,<p>gBr/100g</p>,2025-12-05 08:00:00,溴价 gBr/100g,延化180万吨/年汽油精制装置
3.00,ST040127,<p>ppm</p>,2025-12-05 08:00:00,硫含量,延化180万吨/年汽油精制装置
199.1,ST040127,℃,2025-12-05 08:00:00,终馏点蒸发温度TFBP,延化180万吨/年汽油精制装置
3.00,ST040127,<p>ppm</p>,2025-12-05 20:00:00,硫含量,延化180万吨/年汽油精制装置
3.00,ST040127,<p>ppm</p>,2025-12-06 08:00:00,硫含量,延化180万吨/年汽油精制装置
714.1,ST040127,<p>kg/m<sup>3</sup></p>,2025-12-06 08:00:00,密度(20℃),延化180万吨/年汽油精制装置
52.00,ST040127,<p>gBr/100g</p>,2025-12-06 08:00:00,溴价 gBr/100g,延化180万吨/年汽油精制装置
31.3,ST040127,℃,2025-12-06 08:00:00,初馏点蒸发温度 TIBP,延化180万吨/年汽油精制装置
43.3,ST040127,℃,2025-12-06 08:00:00,10%平均蒸发温度T10%,延化180万吨/年汽油精制装置
162.7,ST040127,℃,2025-12-06 08:00:00,90%平均蒸发温度T90%,延化180万吨/年汽油精制装置
79.4,ST040127,℃,2025-12-06 08:00:00,50%平均蒸发温度T50%,延化180万吨/年汽油精制装置
189.4,ST040127,℃,2025-12-06 08:00:00,终馏点蒸发温度TFBP,延化180万吨/年汽油精制装置
98.0,ST040127,<p>%</p>,2025-12-06 08:00:00,全馏,延化180万吨/年汽油精制装置
0.8,ST040127,<p>%</p>,2025-12-06 08:00:00,平均残留百分数(B),延化180万吨/年汽油精制装置
3.00,ST040127,<p>ppm</p>,2025-12-06 20:00:00,硫含量,延化180万吨/年汽油精制装置
39.8,ST040127,℃,2025-12-07 08:00:00,10%平均蒸发温度T10%,延化180万吨/年汽油精制装置
28.2,ST040127,℃,2025-12-07 08:00:00,初馏点蒸发温度 TIBP,延化180万吨/年汽油精制装置
74.1,ST040127,℃,2025-12-07 08:00:00,50%平均蒸发温度T50%,延化180万吨/年汽油精制装置
157.2,ST040127,℃,2025-12-07 08:00:00,90%平均蒸发温度T90%,延化180万吨/年汽油精制装置
185.6,ST040127,℃,2025-12-07 08:00:00,终馏点蒸发温度TFBP,延化180万吨/年汽油精制装置
54.00,ST040127,<p>gBr/100g</p>,2025-12-07 08:00:00,溴价 gBr/100g,延化180万吨/年汽油精制装置
0.8,ST040127,<p>%</p>,2025-12-07 08:00:00,平均残留百分数(B),延化180万吨/年汽油精制装置
713.7,ST040127,<p>kg/m<sup>3</sup></p>,2025-12-07 08:00:00,密度(20℃),延化180万吨/年汽油精制装置
3.00,ST040127,<p>ppm</p>,2025-12-07 08:00:00,硫含量,延化180万吨/年汽油精制装置
98.0,ST040127,<p>%</p>,2025-12-07 08:00:00,全馏,延化180万吨/年汽油精制装置
3.00,ST040127,<p>ppm</p>,2025-12-07 20:00:00,硫含量,延化180万吨/年汽油精制装置
88.0,ST040127,,2025-12-08 08:00:00,研究法辛烷值(RON),延化180万吨/年汽油精制装置
3.00,ST040127,<p>ppm</p>,2025-12-08 08:00:00,硫含量,延化180万吨/年汽油精制装置
29.1,ST040127,℃,2025-12-08 08:00:00,初馏点蒸发温度 TIBP,延化180万吨/年汽油精制装置
38.0,ST040127,℃,2025-12-08 08:00:00,10%平均蒸发温度T10%,延化180万吨/年汽油精制装置
73.4,ST040127,℃,2025-12-08 08:00:00,50%平均蒸发温度T50%,延化180万吨/年汽油精制装置
158.8,ST040127,℃,2025-12-08 08:00:00,90%平均蒸发温度T90%,延化180万吨/年汽油精制装置
186.8,ST040127,℃,2025-12-08 08:00:00,终馏点蒸发温度TFBP,延化180万吨/年汽油精制装置
98.0,ST040127,<p>%</p>,2025-12-08 08:00:00,全馏,延化180万吨/年汽油精制装置
0.8,ST040127,<p>%</p>,2025-12-08 08:00:00,平均残留百分数(B),延化180万吨/年汽油精制装置
713.9,ST040127,<p>kg/m<sup>3</sup></p>,2025-12-08 08:00:00,密度(20℃),延化180万吨/年汽油精制装置
51.00,ST040127,<p>gBr/100g</p>,2025-12-08 08:00:00,溴价 gBr/100g,延化180万吨/年汽油精制装置
3.00,ST040127,<p>ppm</p>,2025-12-08 20:00:00,硫含量,延化180万吨/年汽油精制装置
3.00,ST040127,<p>ppm</p>,2025-12-09 08:00:00,硫含量,延化180万吨/年汽油精制装置
27.2,ST040127,℃,2025-12-09 08:00:00,初馏点蒸发温度 TIBP,延化180万吨/年汽油精制装置
41.9,ST040127,℃,2025-12-09 08:00:00,10%平均蒸发温度T10%,延化180万吨/年汽油精制装置
81.4,ST040127,℃,2025-12-09 08:00:00,50%平均蒸发温度T50%,延化180万吨/年汽油精制装置
164.6,ST040127,℃,2025-12-09 08:00:00,90%平均蒸发温度T90%,延化180万吨/年汽油精制装置
195.2,ST040127,℃,2025-12-09 08:00:00,终馏点蒸发温度TFBP,延化180万吨/年汽油精制装置
98.0,ST040127,<p>%</p>,2025-12-09 08:00:00,全馏,延化180万吨/年汽油精制装置
0.8,ST040127,<p>%</p>,2025-12-09 08:00:00,平均残留百分数(B),延化180万吨/年汽油精制装置
50.00,ST040127,<p>gBr/100g</p>,2025-12-09 08:00:00,溴价 gBr/100g,延化180万吨/年汽油精制装置
714.0,ST040127,<p>kg/m<sup>3</sup></p>,2025-12-09 08:00:00,密度(20℃),延化180万吨/年汽油精制装置
3.00,ST040127,<p>ppm</p>,2025-12-09 20:00:00,硫含量,延化180万吨/年汽油精制装置
197.6,ST040127,℃,2025-12-10 08:00:00,终馏点蒸发温度TFBP,延化180万吨/年汽油精制装置
98.0,ST040127,<p>%</p>,2025-12-10 08:00:00,全馏,延化180万吨/年汽油精制装置
0.8,ST040127,<p>%</p>,2025-12-10 08:00:00,平均残留百分数(B),延化180万吨/年汽油精制装置
714.2,ST040127,<p>kg/m<sup>3</sup></p>,2025-12-10 08:00:00,密度(20℃),延化180万吨/年汽油精制装置
54.00,ST040127,<p>gBr/100g</p>,2025-12-10 08:00:00,溴价 gBr/100g,延化180万吨/年汽油精制装置
3.00,ST040127,<p>ppm</p>,2025-12-10 08:00:00,硫含量,延化180万吨/年汽油精制装置
28.0,ST040127,℃,2025-12-10 08:00:00,初馏点蒸发温度 TIBP,延化180万吨/年汽油精制装置
43.1,ST040127,℃,2025-12-10 08:00:00,10%平均蒸发温度T10%,延化180万吨/年汽油精制装置
86.1,ST040127,℃,2025-12-10 08:00:00,50%平均蒸发温度T50%,延化180万吨/年汽油精制装置
166.2,ST040127,℃,2025-12-10 08:00:00,90%平均蒸发温度T90%,延化180万吨/年汽油精制装置
3.00,ST040127,<p>ppm</p>,2025-12-10 20:00:00,硫含量,延化180万吨/年汽油精制装置
714.5,ST040127,<p>kg/m<sup>3</sup></p>,2025-12-11 08:00:00,密度(20℃),延化180万吨/年汽油精制装置
1,ST040127,级,2025-12-11 08:00:00,铜片腐蚀(50℃，3h),延化180万吨/年汽油精制装置
26.3,ST040127,%（v/v) ,2025-12-11 08:00:00,烯烃含量,延化180万吨/年汽油精制装置
74.2,ST040127,<p>kPa</p>,2025-12-11 08:00:00,饱和蒸汽压(X),延化180万吨/年汽油精制装置
15.7,ST040127,%（v/v) ,2025-12-11 08:00:00,芳烃含量,延化180万吨/年汽油精制装置
3.00,ST040127,<p>ppm</p>,2025-12-11 08:00:00,硫含量,延化180万吨/年汽油精制装置
28.3,ST040127,℃,2025-12-11 08:00:00,初馏点蒸发温度 TIBP,延化180万吨/年汽油精制装置
41.9,ST040127,℃,2025-12-11 08:00:00,10%平均蒸发温度T10%,延化180万吨/年汽油精制装置
81.0,ST040127,℃,2025-12-11 08:00:00,50%平均蒸发温度T50%,延化180万吨/年汽油精制装置
164.6,ST040127,℃,2025-12-11 08:00:00,90%平均蒸发温度T90%,延化180万吨/年汽油精制装置
191.0,ST040127,℃,2025-12-11 08:00:00,终馏点蒸发温度TFBP,延化180万吨/年汽油精制装置
98.0,ST040127,<p>%</p>,2025-12-11 08:00:00,全馏,延化180万吨/年汽油精制装置
0.8,ST040127,<p>%</p>,2025-12-11 08:00:00,平均残留百分数(B),延化180万吨/年汽油精制装置
56.00,ST040127,<p>gBr/100g</p>,2025-12-11 08:00:00,溴价 gBr/100g,延化180万吨/年汽油精制装置
58.0,ST040127,%（v/v) ,2025-12-11 08:00:00,烷烃含量,延化180万吨/年汽油精制装置
<0.5,ST040127,<p>mg/100mL</p>,2025-12-11 08:00:00,未洗胶质,延化180万吨/年汽油精制装置
2.00,ST040127,<p>ppm</p>,2025-12-11 20:00:00,硫含量,延化180万吨/年汽油精制装置
715.3,ST040127,<p>kg/m<sup>3</sup></p>,2025-12-12 08:00:00,密度(20℃),延化180万吨/年汽油精制装置
55.00,ST040127,<p>gBr/100g</p>,2025-12-12 08:00:00,溴价 gBr/100g,延化180万吨/年汽油精制装置
32.2,ST040127,℃,2025-12-12 08:00:00,初馏点蒸发温度 TIBP,延化180万吨/年汽油精制装置
43.0,ST040127,℃,2025-12-12 08:00:00,10%平均蒸发温度T10%,延化180万吨/年汽油精制装置
81.4,ST040127,℃,2025-12-12 08:00:00,50%平均蒸发温度T50%,延化180万吨/年汽油精制装置
3.00,ST040127,<p>ppm</p>,2025-12-12 08:00:00,硫含量,延化180万吨/年汽油精制装置
193.8,ST040127,℃,2025-12-12 08:00:00,终馏点蒸发温度TFBP,延化180万吨/年汽油精制装置
98.0,ST040127,<p>%</p>,2025-12-12 08:00:00,全馏,延化180万吨/年汽油精制装置
0.8,ST040127,<p>%</p>,2025-12-12 08:00:00,平均残留百分数(B),延化180万吨/年汽油精制装置
165.6,ST040127,℃,2025-12-12 08:00:00,90%平均蒸发温度T90%,延化180万吨/年汽油精制装置
3.00,ST040127,<p>ppm</p>,2025-12-12 20:00:00,硫含量,延化180万吨/年汽油精制装置
30.7,ST040127,℃,2025-12-13 08:00:00,初馏点蒸发温度 TIBP,延化180万吨/年汽油精制装置
44.3,ST040127,℃,2025-12-13 08:00:00,10%平均蒸发温度T10%,延化180万吨/年汽油精制装置
83.9,ST040127,℃,2025-12-13 08:00:00,50%平均蒸发温度T50%,延化180万吨/年汽油精制装置
167.5,ST040127,℃,2025-12-13 08:00:00,90%平均蒸发温度T90%,延化180万吨/年汽油精制装置
194.6,ST040127,℃,2025-12-13 08:00:00,终馏点蒸发温度TFBP,延化180万吨/年汽油精制装置
98.0,ST040127,<p>%</p>,2025-12-13 08:00:00,全馏,延化180万吨/年汽油精制装置
0.8,ST040127,<p>%</p>,2025-12-13 08:00:00,平均残留百分数(B),延化180万吨/年汽油精制装置
53.00,ST040127,<p>gBr/100g</p>,2025-12-13 08:00:00,溴价 gBr/100g,延化180万吨/年汽油精制装置
3.00,ST040127,<p>ppm</p>,2025-12-13 08:00:00,硫含量,延化180万吨/年汽油精制装置
716.1,ST040127,<p>kg/m<sup>3</sup></p>,2025-12-13 08:00:00,密度(20℃),延化180万吨/年汽油精制装置
2.00,ST040127,<p>ppm</p>,2025-12-13 20:00:00,硫含量,延化180万吨/年汽油精制装置
43.9,ST040127,℃,2025-12-14 08:00:00,10%平均蒸发温度T10%,延化180万吨/年汽油精制装置
31.4,ST040127,℃,2025-12-14 08:00:00,初馏点蒸发温度 TIBP,延化180万吨/年汽油精制装置
80.7,ST040127,℃,2025-12-14 08:00:00,50%平均蒸发温度T50%,延化180万吨/年汽油精制装置
163.5,ST040127,℃,2025-12-14 08:00:00,90%平均蒸发温度T90%,延化180万吨/年汽油精制装置
196.1,ST040127,℃,2025-12-14 08:00:00,终馏点蒸发温度TFBP,延化180万吨/年汽油精制装置
3.00,ST040127,<p>ppm</p>,2025-12-14 08:00:00,硫含量,延化180万吨/年汽油精制装置
0.8,ST040127,<p>%</p>,2025-12-14 08:00:00,平均残留百分数(B),延化180万吨/年汽油精制装置
715.3,ST040127,<p>kg/m<sup>3</sup></p>,2025-12-14 08:00:00,密度(20℃),延化180万吨/年汽油精制装置
55.00,ST040127,<p>gBr/100g</p>,2025-12-14 08:00:00,溴价 gBr/100g,延化180万吨/年汽油精制装置
98.0,ST040127,<p>%</p>,2025-12-14 08:00:00,全馏,延化180万吨/年汽油精制装置
3.00,ST040127,<p>ppm</p>,2025-12-14 20:00:00,硫含量,延化180万吨/年汽油精制装置
3.00,ST040127,<p>ppm</p>,2025-12-15 08:00:00,硫含量,延化180万吨/年汽油精制装置
30.5,ST040127,℃,2025-12-15 08:00:00,初馏点蒸发温度 TIBP,延化180万吨/年汽油精制装置
43.3,ST040127,℃,2025-12-15 08:00:00,10%平均蒸发温度T10%,延化180万吨/年汽油精制装置
80.6,ST040127,℃,2025-12-15 08:00:00,50%平均蒸发温度T50%,延化180万吨/年汽油精制装置
163.9,ST040127,℃,2025-12-15 08:00:00,90%平均蒸发温度T90%,延化180万吨/年汽油精制装置
193.0,ST040127,℃,2025-12-15 08:00:00,终馏点蒸发温度TFBP,延化180万吨/年汽油精制装置
98.0,ST040127,<p>%</p>,2025-12-15 08:00:00,全馏,延化180万吨/年汽油精制装置
0.8,ST040127,<p>%</p>,2025-12-15 08:00:00,平均残留百分数(B),延化180万吨/年汽油精制装置
715.8,ST040127,<p>kg/m<sup>3</sup></p>,2025-12-15 08:00:00,密度(20℃),延化180万吨/年汽油精制装置
56.00,ST040127,<p>gBr/100g</p>,2025-12-15 08:00:00,溴价 gBr/100g,延化180万吨/年汽油精制装置
88.1,ST040127,,2025-12-15 08:00:00,研究法辛烷值(RON),延化180万吨/年汽油精制装置
3.00,ST040127,<p>ppm</p>,2025-12-15 20:00:00,硫含量,延化180万吨/年汽油精制装置
30.3,ST040127,℃,2025-12-16 08:00:00,初馏点蒸发温度 TIBP,延化180万吨/年汽油精制装置
42.7,ST040127,℃,2025-12-16 08:00:00,10%平均蒸发温度T10%,延化180万吨/年汽油精制装置
79.4,ST040127,℃,2025-12-16 08:00:00,50%平均蒸发温度T50%,延化180万吨/年汽油精制装置
165.1,ST040127,℃,2025-12-16 08:00:00,90%平均蒸发温度T90%,延化180万吨/年汽油精制装置
194.3,ST040127,℃,2025-12-16 08:00:00,终馏点蒸发温度TFBP,延化180万吨/年汽油精制装置
98.0,ST040127,<p>%</p>,2025-12-16 08:00:00,全馏,延化180万吨/年汽油精制装置
0.8,ST040127,<p>%</p>,2025-12-16 08:00:00,平均残留百分数(B),延化180万吨/年汽油精制装置
717.4,ST040127,<p>kg/m<sup>3</sup></p>,2025-12-16 08:00:00,密度(20℃),延化180万吨/年汽油精制装置
56.00,ST040127,<p>gBr/100g</p>,2025-12-16 08:00:00,溴价 gBr/100g,延化180万吨/年汽油精制装置
3.00,ST040127,<p>ppm</p>,2025-12-16 08:00:00,硫含量,延化180万吨/年汽油精制装置
3.00,ST040127,<p>ppm</p>,2025-12-16 20:00:00,硫含量,延化180万吨/年汽油精制装置
8.00,ST040127,<p>ppm</p>,2025-12-17 08:00:00,硫含量,延化180万吨/年汽油精制装置
31.3,ST040127,℃,2025-12-17 08:00:00,初馏点蒸发温度 TIBP,延化180万吨/年汽油精制装置
44.3,ST040127,℃,2025-12-17 08:00:00,10%平均蒸发温度T10%,延化180万吨/年汽油精制装置
83.6,ST040127,℃,2025-12-17 08:00:00,50%平均蒸发温度T50%,延化180万吨/年汽油精制装置
167.3,ST040127,℃,2025-12-17 08:00:00,90%平均蒸发温度T90%,延化180万吨/年汽油精制装置
194.6,ST040127,℃,2025-12-17 08:00:00,终馏点蒸发温度TFBP,延化180万吨/年汽油精制装置
55.00,ST040127,<p>gBr/100g</p>,2025-12-17 08:00:00,溴价 gBr/100g,延化180万吨/年汽油精制装置
98.0,ST040127,<p>%</p>,2025-12-17 08:00:00,全馏,延化180万吨/年汽油精制装置
0.8,ST040127,<p>%</p>,2025-12-17 08:00:00,平均残留百分数(B),延化180万吨/年汽油精制装置
715.6,ST040127,<p>kg/m<sup>3</sup></p>,2025-12-17 08:00:00,密度(20℃),延化180万吨/年汽油精制装置
8.00,ST040127,<p>ppm</p>,2025-12-17 13:00:00,硫含量,延化180万吨/年汽油精制装置
2.00,ST040127,<p>ppm</p>,2025-12-17 20:00:00,硫含量,延化180万吨/年汽油精制装置
55.00,ST040127,<p>gBr/100g</p>,2025-12-18 08:00:00,溴价 gBr/100g,延化180万吨/年汽油精制装置
59.1,ST040127,%（v/v) ,2025-12-18 08:00:00,烷烃含量,延化180万吨/年汽油精制装置
69.8,ST040127,<p>kPa</p>,2025-12-18 08:00:00,饱和蒸汽压(X),延化180万吨/年汽油精制装置
<0.5,ST040127,<p>mg/100mL</p>,2025-12-18 08:00:00,未洗胶质,延化180万吨/年汽油精制装置
24.4,ST040127,%（v/v) ,2025-12-18 08:00:00,烯烃含量,延化180万吨/年汽油精制装置
32.4,ST040127,℃,2025-12-18 08:00:00,初馏点蒸发温度 TIBP,延化180万吨/年汽油精制装置
48.9,ST040127,℃,2025-12-18 08:00:00,10%平均蒸发温度T10%,延化180万吨/年汽油精制装置
91.9,ST040127,℃,2025-12-18 08:00:00,50%平均蒸发温度T50%,延化180万吨/年汽油精制装置
170.0,ST040127,℃,2025-12-18 08:00:00,90%平均蒸发温度T90%,延化180万吨/年汽油精制装置
197.7,ST040127,℃,2025-12-18 08:00:00,终馏点蒸发温度TFBP,延化180万吨/年汽油精制装置
98.0,ST040127,<p>%</p>,2025-12-18 08:00:00,全馏,延化180万吨/年汽油精制装置
0.8,ST040127,<p>%</p>,2025-12-18 08:00:00,平均残留百分数(B),延化180万吨/年汽油精制装置
5.00,ST040127,<p>ppm</p>,2025-12-18 08:00:00,硫含量,延化180万吨/年汽油精制装置
1,ST040127,级,2025-12-18 08:00:00,铜片腐蚀(50℃，3h),延化180万吨/年汽油精制装置
718.2,ST040127,<p>kg/m<sup>3</sup></p>,2025-12-18 08:00:00,密度(20℃),延化180万吨/年汽油精制装置
16.5,ST040127,%（v/v) ,2025-12-18 08:00:00,芳烃含量,延化180万吨/年汽油精制装置
3.00,ST040127,<p>ppm</p>,2025-12-18 20:00:00,硫含量,延化180万吨/年汽油精制装置
714.6,ST040127,<p>kg/m<sup>3</sup></p>,2025-12-19 08:00:00,密度(20℃),延化180万吨/年汽油精制装置
56.00,ST040127,<p>gBr/100g</p>,2025-12-19 08:00:00,溴价 gBr/100g,延化180万吨/年汽油精制装置
30.4,ST040127,℃,2025-12-19 08:00:00,初馏点蒸发温度 TIBP,延化180万吨/年汽油精制装置
41.7,ST040127,℃,2025-12-19 08:00:00,10%平均蒸发温度T10%,延化180万吨/年汽油精制装置
75.1,ST040127,℃,2025-12-19 08:00:00,50%平均蒸发温度T50%,延化180万吨/年汽油精制装置
157.3,ST040127,℃,2025-12-19 08:00:00,90%平均蒸发温度T90%,延化180万吨/年汽油精制装置
184.8,ST040127,℃,2025-12-19 08:00:00,终馏点蒸发温度TFBP,延化180万吨/年汽油精制装置
98.0,ST040127,<p>%</p>,2025-12-19 08:00:00,全馏,延化180万吨/年汽油精制装置
0.8,ST040127,<p>%</p>,2025-12-19 08:00:00,平均残留百分数(B),延化180万吨/年汽油精制装置
3.00,ST040127,<p>ppm</p>,2025-12-19 08:00:00,硫含量,延化180万吨/年汽油精制装置
5.00,ST040127,<p>ppm</p>,2025-12-19 20:00:00,硫含量,延化180万吨/年汽油精制装置
42.5,ST040127,℃,2025-12-20 08:00:00,10%平均蒸发温度T10%,延化180万吨/年汽油精制装置
31.2,ST040127,℃,2025-12-20 08:00:00,初馏点蒸发温度 TIBP,延化180万吨/年汽油精制装置
78.6,ST040127,℃,2025-12-20 08:00:00,50%平均蒸发温度T50%,延化180万吨/年汽油精制装置
189.2,ST040127,℃,2025-12-20 08:00:00,终馏点蒸发温度TFBP,延化180万吨/年汽油精制装置
160.5,ST040127,℃,2025-12-20 08:00:00,90%平均蒸发温度T90%,延化180万吨/年汽油精制装置
3.00,ST040127,<p>ppm</p>,2025-12-20 08:00:00,硫含量,延化180万吨/年汽油精制装置
0.8,ST040127,<p>%</p>,2025-12-20 08:00:00,平均残留百分数(B),延化180万吨/年汽油精制装置
716.1,ST040127,<p>kg/m<sup>3</sup></p>,2025-12-20 08:00:00,密度(20℃),延化180万吨/年汽油精制装置
52.00,ST040127,<p>gBr/100g</p>,2025-12-20 08:00:00,溴价 gBr/100g,延化180万吨/年汽油精制装置
98.0,ST040127,<p>%</p>,2025-12-20 08:00:00,全馏,延化180万吨/年汽油精制装置
3.00,ST040127,<p>ppm</p>,2025-12-20 20:00:00,硫含量,延化180万吨/年汽油精制装置
3.00,ST040127,<p>ppm</p>,2025-12-21 08:00:00,硫含量,延化180万吨/年汽油精制装置
43.6,ST040127,℃,2025-12-21 08:00:00,10%平均蒸发温度T10%,延化180万吨/年汽油精制装置
31.0,ST040127,℃,2025-12-21 08:00:00,初馏点蒸发温度 TIBP,延化180万吨/年汽油精制装置
80.3,ST040127,℃,2025-12-21 08:00:00,50%平均蒸发温度T50%,延化180万吨/年汽油精制装置
162.0,ST040127,℃,2025-12-21 08:00:00,90%平均蒸发温度T90%,延化180万吨/年汽油精制装置
189.9,ST040127,℃,2025-12-21 08:00:00,终馏点蒸发温度TFBP,延化180万吨/年汽油精制装置
98.0,ST040127,<p>%</p>,2025-12-21 08:00:00,全馏,延化180万吨/年汽油精制装置
0.8,ST040127,<p>%</p>,2025-12-21 08:00:00,平均残留百分数(B),延化180万吨/年汽油精制装置
716.1,ST040127,<p>kg/m<sup>3</sup></p>,2025-12-21 08:00:00,密度(20℃),延化180万吨/年汽油精制装置
56.00,ST040127,<p>gBr/100g</p>,2025-12-21 08:00:00,溴价 gBr/100g,延化180万吨/年汽油精制装置
4.00,ST040127,<p>ppm</p>,2025-12-21 20:00:00,硫含量,延化180万吨/年汽油精制装置
716.6,ST040127,<p>kg/m<sup>3</sup></p>,2025-12-22 08:00:00,密度(20℃),延化180万吨/年汽油精制装置
56.00,ST040127,<p>gBr/100g</p>,2025-12-22 08:00:00,溴价 gBr/100g,延化180万吨/年汽油精制装置
28.8,ST040127,℃,2025-12-22 08:00:00,初馏点蒸发温度 TIBP,延化180万吨/年汽油精制装置
42.9,ST040127,℃,2025-12-22 08:00:00,10%平均蒸发温度T10%,延化180万吨/年汽油精制装置
80.4,ST040127,℃,2025-12-22 08:00:00,50%平均蒸发温度T50%,延化180万吨/年汽油精制装置
163.0,ST040127,℃,2025-12-22 08:00:00,90%平均蒸发温度T90%,延化180万吨/年汽油精制装置
190.1,ST040127,℃,2025-12-22 08:00:00,终馏点蒸发温度TFBP,延化180万吨/年汽油精制装置
3.00,ST040127,<p>ppm</p>,2025-12-22 08:00:00,硫含量,延化180万吨/年汽油精制装置
98.0,ST040127,<p>%</p>,2025-12-22 08:00:00,全馏,延化180万吨/年汽油精制装置
0.8,ST040127,<p>%</p>,2025-12-22 08:00:00,平均残留百分数(B),延化180万吨/年汽油精制装置
88.7,ST040127,,2025-12-22 08:00:00,研究法辛烷值(RON),延化180万吨/年汽油精制装置
3.00,ST040127,<p>ppm</p>,2025-12-22 14:00:00,硫含量,延化180万吨/年汽油精制装置
2.00,ST040127,<p>ppm</p>,2025-12-22 20:00:00,硫含量,延化180万吨/年汽油精制装置
719.5,ST040127,<p>kg/m<sup>3</sup></p>,2025-12-23 08:00:00,密度(20℃),延化180万吨/年汽油精制装置
55.00,ST040127,<p>gBr/100g</p>,2025-12-23 08:00:00,溴价 gBr/100g,延化180万吨/年汽油精制装置
31.9,ST040127,℃,2025-12-23 08:00:00,初馏点蒸发温度 TIBP,延化180万吨/年汽油精制装置
90.6,ST040127,℃,2025-12-23 08:00:00,50%平均蒸发温度T50%,延化180万吨/年汽油精制装置
47.5,ST040127,℃,2025-12-23 08:00:00,10%平均蒸发温度T10%,延化180万吨/年汽油精制装置
166.9,ST040127,℃,2025-12-23 08:00:00,90%平均蒸发温度T90%,延化180万吨/年汽油精制装置
195.3,ST040127,℃,2025-12-23 08:00:00,终馏点蒸发温度TFBP,延化180万吨/年汽油精制装置
98.0,ST040127,<p>%</p>,2025-12-23 08:00:00,全馏,延化180万吨/年汽油精制装置
0.8,ST040127,<p>%</p>,2025-12-23 08:00:00,平均残留百分数(B),延化180万吨/年汽油精制装置
3.00,ST040127,<p>ppm</p>,2025-12-23 08:00:00,硫含量,延化180万吨/年汽油精制装置
3.00,ST040127,<p>ppm</p>,2025-12-23 20:00:00,硫含量,延化180万吨/年汽油精制装置
30.6,ST040127,℃,2025-12-24 08:00:00,初馏点蒸发温度 TIBP,延化180万吨/年汽油精制装置
45.7,ST040127,℃,2025-12-24 08:00:00,10%平均蒸发温度T10%,延化180万吨/年汽油精制装置
86.4,ST040127,℃,2025-12-24 08:00:00,50%平均蒸发温度T50%,延化180万吨/年汽油精制装置
167.5,ST040127,℃,2025-12-24 08:00:00,90%平均蒸发温度T90%,延化180万吨/年汽油精制装置
197.2,ST040127,℃,2025-12-24 08:00:00,终馏点蒸发温度TFBP,延化180万吨/年汽油精制装置
98.0,ST040127,<p>%</p>,2025-12-24 08:00:00,全馏,延化180万吨/年汽油精制装置
0.8,ST040127,<p>%</p>,2025-12-24 08:00:00,平均残留百分数(B),延化180万吨/年汽油精制装置
716.8,ST040127,<p>kg/m<sup>3</sup></p>,2025-12-24 08:00:00,密度(20℃),延化180万吨/年汽油精制装置
56.00,ST040127,<p>gBr/100g</p>,2025-12-24 08:00:00,溴价 gBr/100g,延化180万吨/年汽油精制装置
3.00,ST040127,<p>ppm</p>,2025-12-24 08:00:00,硫含量,延化180万吨/年汽油精制装置
3.00,ST040127,<p>ppm</p>,2025-12-24 20:00:00,硫含量,延化180万吨/年汽油精制装置
0.8,ST040127,<p>%</p>,2025-12-25 08:00:00,平均残留百分数(B),延化180万吨/年汽油精制装置
3.00,ST040127,<p>ppm</p>,2025-12-25 08:00:00,硫含量,延化180万吨/年汽油精制装置
69.9,ST040127,<p>kPa</p>,2025-12-25 08:00:00,饱和蒸汽压(X),延化180万吨/年汽油精制装置
<0.5,ST040127,<p>mg/100mL</p>,2025-12-25 08:00:00,未洗胶质,延化180万吨/年汽油精制装置
24.5,ST040127,%（v/v) ,2025-12-25 08:00:00,烯烃含量,延化180万吨/年汽油精制装置
16.0,ST040127,%（v/v) ,2025-12-25 08:00:00,芳烃含量,延化180万吨/年汽油精制装置
1,ST040127,级,2025-12-25 08:00:00,铜片腐蚀(50℃，3h),延化180万吨/年汽油精制装置
716.1,ST040127,<p>kg/m<sup>3</sup></p>,2025-12-25 08:00:00,密度(20℃),延化180万吨/年汽油精制装置
54.00,ST040127,<p>gBr/100g</p>,2025-12-25 08:00:00,溴价 gBr/100g,延化180万吨/年汽油精制装置
31.1,ST040127,℃,2025-12-25 08:00:00,初馏点蒸发温度 TIBP,延化180万吨/年汽油精制装置
44.3,ST040127,℃,2025-12-25 08:00:00,10%平均蒸发温度T10%,延化180万吨/年汽油精制装置
80.2,ST040127,℃,2025-12-25 08:00:00,50%平均蒸发温度T50%,延化180万吨/年汽油精制装置
161.9,ST040127,℃,2025-12-25 08:00:00,90%平均蒸发温度T90%,延化180万吨/年汽油精制装置
189.4,ST040127,℃,2025-12-25 08:00:00,终馏点蒸发温度TFBP,延化180万吨/年汽油精制装置
98.0,ST040127,<p>%</p>,2025-12-25 08:00:00,全馏,延化180万吨/年汽油精制装置
59.5,ST040127,%（v/v) ,2025-12-25 08:00:00,烷烃含量,延化180万吨/年汽油精制装置
3.00,ST040127,<p>ppm</p>,2025-12-25 20:00:00,硫含量,延化180万吨/年汽油精制装置
3.00,ST040127,<p>ppm</p>,2025-12-26 08:00:00,硫含量,延化180万吨/年汽油精制装置
41.4,ST040127,℃,2025-12-26 08:00:00,10%平均蒸发温度T10%,延化180万吨/年汽油精制装置
29.2,ST040127,℃,2025-12-26 08:00:00,初馏点蒸发温度 TIBP,延化180万吨/年汽油精制装置
76.4,ST040127,℃,2025-12-26 08:00:00,50%平均蒸发温度T50%,延化180万吨/年汽油精制装置
158.8,ST040127,℃,2025-12-26 08:00:00,90%平均蒸发温度T90%,延化180万吨/年汽油精制装置
186.1,ST040127,℃,2025-12-26 08:00:00,终馏点蒸发温度TFBP,延化180万吨/年汽油精制装置
98.0,ST040127,<p>%</p>,2025-12-26 08:00:00,全馏,延化180万吨/年汽油精制装置
0.8,ST040127,<p>%</p>,2025-12-26 08:00:00,平均残留百分数(B),延化180万吨/年汽油精制装置
56.00,ST040127,<p>gBr/100g</p>,2025-12-26 08:00:00,溴价 gBr/100g,延化180万吨/年汽油精制装置
717.1,ST040127,<p>kg/m<sup>3</sup></p>,2025-12-26 08:00:00,密度(20℃),延化180万吨/年汽油精制装置
3.00,ST040127,<p>ppm</p>,2025-12-26 20:00:00,硫含量,延化180万吨/年汽油精制装置
188.4,ST040127,℃,2025-12-27 08:00:00,终馏点蒸发温度TFBP,延化180万吨/年汽油精制装置
29.6,ST040127,℃,2025-12-27 08:00:00,初馏点蒸发温度 TIBP,延化180万吨/年汽油精制装置
77.7,ST040127,℃,2025-12-27 08:00:00,50%平均蒸发温度T50%,延化180万吨/年汽油精制装置
42.0,ST040127,℃,2025-12-27 08:00:00,10%平均蒸发温度T10%,延化180万吨/年汽油精制装置
160.3,ST040127,℃,2025-12-27 08:00:00,90%平均蒸发温度T90%,延化180万吨/年汽油精制装置
716.3,ST040127,<p>kg/m<sup>3</sup></p>,2025-12-27 08:00:00,密度(20℃),延化180万吨/年汽油精制装置
98.0,ST040127,<p>%</p>,2025-12-27 08:00:00,全馏,延化180万吨/年汽油精制装置
0.8,ST040127,<p>%</p>,2025-12-27 08:00:00,平均残留百分数(B),延化180万吨/年汽油精制装置
55.00,ST040127,<p>gBr/100g</p>,2025-12-27 08:00:00,溴价 gBr/100g,延化180万吨/年汽油精制装置
3.00,ST040127,<p>ppm</p>,2025-12-27 08:00:00,硫含量,延化180万吨/年汽油精制装置
2.00,ST040127,<p>ppm</p>,2025-12-27 20:00:00,硫含量,延化180万吨/年汽油精制装置
86.4,ST040127,℃,2025-12-28 08:00:00,50%平均蒸发温度T50%,延化180万吨/年汽油精制装置
3.00,ST040127,<p>ppm</p>,2025-12-28 08:00:00,硫含量,延化180万吨/年汽油精制装置
715.4,ST040127,<p>kg/m<sup>3</sup></p>,2025-12-28 08:00:00,密度(20℃),延化180万吨/年汽油精制装置
30.6,ST040127,℃,2025-12-28 08:00:00,初馏点蒸发温度 TIBP,延化180万吨/年汽油精制装置
45.7,ST040127,℃,2025-12-28 08:00:00,10%平均蒸发温度T10%,延化180万吨/年汽油精制装置
57.00,ST040127,<p>gBr/100g</p>,2025-12-28 08:00:00,溴价 gBr/100g,延化180万吨/年汽油精制装置
166.5,ST040127,℃,2025-12-28 08:00:00,90%平均蒸发温度T90%,延化180万吨/年汽油精制装置
197.2,ST040127,℃,2025-12-28 08:00:00,终馏点蒸发温度TFBP,延化180万吨/年汽油精制装置
0.8,ST040127,<p>%</p>,2025-12-28 08:00:00,平均残留百分数(B),延化180万吨/年汽油精制装置
98.0,ST040127,<p>%</p>,2025-12-28 08:00:00,全馏,延化180万吨/年汽油精制装置
3.00,ST040127,<p>ppm</p>,2025-12-28 20:00:00,硫含量,延化180万吨/年汽油精制装置
195.5,ST040127,℃,2025-12-29 08:00:00,终馏点蒸发温度TFBP,延化180万吨/年汽油精制装置
31.8,ST040127,℃,2025-12-29 08:00:00,初馏点蒸发温度 TIBP,延化180万吨/年汽油精制装置
45.5,ST040127,℃,2025-12-29 08:00:00,10%平均蒸发温度T10%,延化180万吨/年汽油精制装置
86.4,ST040127,℃,2025-12-29 08:00:00,50%平均蒸发温度T50%,延化180万吨/年汽油精制装置
165.8,ST040127,℃,2025-12-29 08:00:00,90%平均蒸发温度T90%,延化180万吨/年汽油精制装置
3.00,ST040127,<p>ppm</p>,2025-12-29 08:00:00,硫含量,延化180万吨/年汽油精制装置
98.0,ST040127,<p>%</p>,2025-12-29 08:00:00,全馏,延化180万吨/年汽油精制装置
0.8,ST040127,<p>%</p>,2025-12-29 08:00:00,平均残留百分数(B),延化180万吨/年汽油精制装置
55.00,ST040127,<p>gBr/100g</p>,2025-12-29 08:00:00,溴价 gBr/100g,延化180万吨/年汽油精制装置
714.8,ST040127,<p>kg/m<sup>3</sup></p>,2025-12-29 08:00:00,密度(20℃),延化180万吨/年汽油精制装置
88.1,ST040127,,2025-12-29 08:00:00,研究法辛烷值(RON),延化180万吨/年汽油精制装置
3.00,ST040127,<p>ppm</p>,2025-12-29 20:00:00,硫含量,延化180万吨/年汽油精制装置
29.1,ST040127,℃,2025-12-30 08:00:00,初馏点蒸发温度 TIBP,延化180万吨/年汽油精制装置
38.7,ST040127,℃,2025-12-30 08:00:00,10%平均蒸发温度T10%,延化180万吨/年汽油精制装置
75.1,ST040127,℃,2025-12-30 08:00:00,50%平均蒸发温度T50%,延化180万吨/年汽油精制装置
165.6,ST040127,℃,2025-12-30 08:00:00,90%平均蒸发温度T90%,延化180万吨/年汽油精制装置
189.6,ST040127,℃,2025-12-30 08:00:00,终馏点蒸发温度TFBP,延化180万吨/年汽油精制装置
56.00,ST040127,<p>gBr/100g</p>,2025-12-30 08:00:00,溴价 gBr/100g,延化180万吨/年汽油精制装置
0.8,ST040127,<p>%</p>,2025-12-30 08:00:00,平均残留百分数(B),延化180万吨/年汽油精制装置
98.0,ST040127,<p>%</p>,2025-12-30 08:00:00,全馏,延化180万吨/年汽油精制装置
3.00,ST040127,<p>ppm</p>,2025-12-30 08:00:00,硫含量,延化180万吨/年汽油精制装置
714.9,ST040127,<p>kg/m<sup>3</sup></p>,2025-12-30 08:00:00,密度(20℃),延化180万吨/年汽油精制装置
3.00,ST040127,<p>ppm</p>,2025-12-30 20:00:00,硫含量,延化180万吨/年汽油精制装置
0.8,ST040127,<p>%</p>,2025-12-31 08:00:00,平均残留百分数(B),延化180万吨/年汽油精制装置
157.9,ST040127,℃,2025-12-31 08:00:00,90%平均蒸发温度T90%,延化180万吨/年汽油精制装置
3.00,ST040127,<p>ppm</p>,2025-12-31 08:00:00,硫含量,延化180万吨/年汽油精制装置
185.6,ST040127,℃,2025-12-31 08:00:00,终馏点蒸发温度TFBP,延化180万吨/年汽油精制装置
98.0,ST040127,<p>%</p>,2025-12-31 08:00:00,全馏,延化180万吨/年汽油精制装置
78.6,ST040127,℃,2025-12-31 08:00:00,50%平均蒸发温度T50%,延化180万吨/年汽油精制装置
55.00,ST040127,<p>gBr/100g</p>,2025-12-31 08:00:00,溴价 gBr/100g,延化180万吨/年汽油精制装置
714.3,ST040127,<p>kg/m<sup>3</sup></p>,2025-12-31 08:00:00,密度(20℃),延化180万吨/年汽油精制装置
27.7,ST040127,℃,2025-12-31 08:00:00,初馏点蒸发温度 TIBP,延化180万吨/年汽油精制装置
37.7,ST040127,℃,2025-12-31 08:00:00,10%平均蒸发温度T10%,延化180万吨/年汽油精制装置
3.00,ST040127,<p>ppm</p>,2025-12-31 20:00:00,硫含量,延化180万吨/年汽油精制装置
31.5,ST040127,℃,2026-01-01 08:00:00,初馏点蒸发温度 TIBP,延化180万吨/年汽油精制装置
1,ST040127,级,2026-01-01 08:00:00,铜片腐蚀(50℃，3h),延化180万吨/年汽油精制装置
82.8,ST040127,℃,2026-01-01 08:00:00,50%平均蒸发温度T50%,延化180万吨/年汽油精制装置
165.1,ST040127,℃,2026-01-01 08:00:00,90%平均蒸发温度T90%,延化180万吨/年汽油精制装置
193.1,ST040127,℃,2026-01-01 08:00:00,终馏点蒸发温度TFBP,延化180万吨/年汽油精制装置
98.0,ST040127,<p>%</p>,2026-01-01 08:00:00,全馏,延化180万吨/年汽油精制装置
0.8,ST040127,<p>%</p>,2026-01-01 08:00:00,平均残留百分数(B),延化180万吨/年汽油精制装置
715.1,ST040127,<p>kg/m<sup>3</sup></p>,2026-01-01 08:00:00,密度(20℃),延化180万吨/年汽油精制装置
53.00,ST040127,<p>gBr/100g</p>,2026-01-01 08:00:00,溴价 gBr/100g,延化180万吨/年汽油精制装置
<0.5,ST040127,<p>mg/100mL</p>,2026-01-01 08:00:00,未洗胶质,延化180万吨/年汽油精制装置
69.2,ST040127,<p>kPa</p>,2026-01-01 08:00:00,饱和蒸汽压(X),延化180万吨/年汽油精制装置
25.1,ST040127,%（v/v) ,2026-01-01 08:00:00,烯烃含量,延化180万吨/年汽油精制装置
15.7,ST040127,%（v/v) ,2026-01-01 08:00:00,芳烃含量,延化180万吨/年汽油精制装置
59.2,ST040127,%（v/v) ,2026-01-01 08:00:00,烷烃含量,延化180万吨/年汽油精制装置
3.00,ST040127,<p>ppm</p>,2026-01-01 08:00:00,硫含量,延化180万吨/年汽油精制装置
44.7,ST040127,℃,2026-01-01 08:00:00,10%平均蒸发温度T10%,延化180万吨/年汽油精制装置
3.00,ST040127,<p>ppm</p>,2026-01-01 20:00:00,硫含量,延化180万吨/年汽油精制装置
46.6,ST040127,℃,2026-01-02 08:00:00,10%平均蒸发温度T10%,延化180万吨/年汽油精制装置
31.4,ST040127,℃,2026-01-02 08:00:00,初馏点蒸发温度 TIBP,延化180万吨/年汽油精制装置
86.7,ST040127,℃,2026-01-02 08:00:00,50%平均蒸发温度T50%,延化180万吨/年汽油精制装置
166.2,ST040127,℃,2026-01-02 08:00:00,90%平均蒸发温度T90%,延化180万吨/年汽油精制装置
196.0,ST040127,℃,2026-01-02 08:00:00,终馏点蒸发温度TFBP,延化180万吨/年汽油精制装置
3.00,ST040127,<p>ppm</p>,2026-01-02 08:00:00,硫含量,延化180万吨/年汽油精制装置
0.8,ST040127,<p>%</p>,2026-01-02 08:00:00,平均残留百分数(B),延化180万吨/年汽油精制装置
715.3,ST040127,<p>kg/m<sup>3</sup></p>,2026-01-02 08:00:00,密度(20℃),延化180万吨/年汽油精制装置
56.00,ST040127,<p>gBr/100g</p>,2026-01-02 08:00:00,溴价 gBr/100g,延化180万吨/年汽油精制装置
98.0,ST040127,<p>%</p>,2026-01-02 08:00:00,全馏,延化180万吨/年汽油精制装置
3.00,ST040127,<p>ppm</p>,2026-01-02 20:00:00,硫含量,延化180万吨/年汽油精制装置
45.2,ST040127,℃,2026-01-03 08:00:00,10%平均蒸发温度T10%,延化180万吨/年汽油精制装置
27.6,ST040127,℃,2026-01-03 08:00:00,初馏点蒸发温度 TIBP,延化180万吨/年汽油精制装置
86.7,ST040127,℃,2026-01-03 08:00:00,50%平均蒸发温度T50%,延化180万吨/年汽油精制装置
165.8,ST040127,℃,2026-01-03 08:00:00,90%平均蒸发温度T90%,延化180万吨/年汽油精制装置
195.8,ST040127,℃,2026-01-03 08:00:00,终馏点蒸发温度TFBP,延化180万吨/年汽油精制装置
98.0,ST040127,<p>%</p>,2026-01-03 08:00:00,全馏,延化180万吨/年汽油精制装置
0.8,ST040127,<p>%</p>,2026-01-03 08:00:00,平均残留百分数(B),延化180万吨/年汽油精制装置
55.00,ST040127,<p>gBr/100g</p>,2026-01-03 08:00:00,溴价 gBr/100g,延化180万吨/年汽油精制装置
714.9,ST040127,<p>kg/m<sup>3</sup></p>,2026-01-03 08:00:00,密度(20℃),延化180万吨/年汽油精制装置
3.00,ST040127,<p>ppm</p>,2026-01-03 08:00:00,硫含量,延化180万吨/年汽油精制装置
3.00,ST040127,<p>ppm</p>,2026-01-03 20:00:00,硫含量,延化180万吨/年汽油精制装置
3.00,ST040127,<p>ppm</p>,2026-01-04 08:00:00,硫含量,延化180万吨/年汽油精制装置
715.2,ST040127,<p>kg/m<sup>3</sup></p>,2026-01-04 08:00:00,密度(20℃),延化180万吨/年汽油精制装置
58.00,ST040127,<p>gBr/100g</p>,2026-01-04 08:00:00,溴价 gBr/100g,延化180万吨/年汽油精制装置
31.5,ST040127,℃,2026-01-04 08:00:00,初馏点蒸发温度 TIBP,延化180万吨/年汽油精制装置
46.4,ST040127,℃,2026-01-04 08:00:00,10%平均蒸发温度T10%,延化180万吨/年汽油精制装置
87.8,ST040127,℃,2026-01-04 08:00:00,50%平均蒸发温度T50%,延化180万吨/年汽油精制装置
167.9,ST040127,℃,2026-01-04 08:00:00,90%平均蒸发温度T90%,延化180万吨/年汽油精制装置
197.0,ST040127,℃,2026-01-04 08:00:00,终馏点蒸发温度TFBP,延化180万吨/年汽油精制装置
98.0,ST040127,<p>%</p>,2026-01-04 08:00:00,全馏,延化180万吨/年汽油精制装置
0.8,ST040127,<p>%</p>,2026-01-04 08:00:00,平均残留百分数(B),延化180万吨/年汽油精制装置
2.00,ST040127,<p>ppm</p>,2026-01-04 20:00:00,硫含量,延化180万吨/年汽油精制装置
714.4,ST040127,<p>kg/m<sup>3</sup></p>,2026-01-05 08:00:00,密度(20℃),延化180万吨/年汽油精制装置
3.00,ST040127,<p>ppm</p>,2026-01-05 08:00:00,硫含量,延化180万吨/年汽油精制装置
29.6,ST040127,℃,2026-01-05 08:00:00,初馏点蒸发温度 TIBP,延化180万吨/年汽油精制装置
88.2,ST040127,,2026-01-05 08:00:00,研究法辛烷值(RON),延化180万吨/年汽油精制装置
43.6,ST040127,℃,2026-01-05 08:00:00,10%平均蒸发温度T10%,延化180万吨/年汽油精制装置
53.00,ST040127,<p>gBr/100g</p>,2026-01-05 08:00:00,溴价 gBr/100g,延化180万吨/年汽油精制装置
82.9,ST040127,℃,2026-01-05 08:00:00,50%平均蒸发温度T50%,延化180万吨/年汽油精制装置
166.0,ST040127,℃,2026-01-05 08:00:00,90%平均蒸发温度T90%,延化180万吨/年汽油精制装置
194.2,ST040127,℃,2026-01-05 08:00:00,终馏点蒸发温度TFBP,延化180万吨/年汽油精制装置
98.0,ST040127,<p>%</p>,2026-01-05 08:00:00,全馏,延化180万吨/年汽油精制装置
0.8,ST040127,<p>%</p>,2026-01-05 08:00:00,平均残留百分数(B),延化180万吨/年汽油精制装置
3.00,ST040127,<p>ppm</p>,2026-01-05 20:00:00,硫含量,延化180万吨/年汽油精制装置
27.6,ST040127,℃,2026-01-06 08:00:00,初馏点蒸发温度 TIBP,延化180万吨/年汽油精制装置
41.2,ST040127,℃,2026-01-06 08:00:00,10%平均蒸发温度T10%,延化180万吨/年汽油精制装置
80.1,ST040127,℃,2026-01-06 08:00:00,50%平均蒸发温度T50%,延化180万吨/年汽油精制装置
161.8,ST040127,℃,2026-01-06 08:00:00,90%平均蒸发温度T90%,延化180万吨/年汽油精制装置
190.0,ST040127,℃,2026-01-06 08:00:00,终馏点蒸发温度TFBP,延化180万吨/年汽油精制装置
56.00,ST040127,<p>gBr/100g</p>,2026-01-06 08:00:00,溴价 gBr/100g,延化180万吨/年汽油精制装置
0.8,ST040127,<p>%</p>,2026-01-06 08:00:00,平均残留百分数(B),延化180万吨/年汽油精制装置
98.0,ST040127,<p>%</p>,2026-01-06 08:00:00,全馏,延化180万吨/年汽油精制装置
3.00,ST040127,<p>ppm</p>,2026-01-06 08:00:00,硫含量,延化180万吨/年汽油精制装置
716.0,ST040127,<p>kg/m<sup>3</sup></p>,2026-01-06 08:00:00,密度(20℃),延化180万吨/年汽油精制装置
3.00,ST040127,<p>ppm</p>,2026-01-06 20:00:00,硫含量,延化180万吨/年汽油精制装置
43.5,ST040127,℃,2026-01-07 08:00:00,10%平均蒸发温度T10%,延化180万吨/年汽油精制装置
29.1,ST040127,℃,2026-01-07 08:00:00,初馏点蒸发温度 TIBP,延化180万吨/年汽油精制装置
192.8,ST040127,℃,2026-01-07 08:00:00,终馏点蒸发温度TFBP,延化180万吨/年汽油精制装置
82.1,ST040127,℃,2026-01-07 08:00:00,50%平均蒸发温度T50%,延化180万吨/年汽油精制装置
164.2,ST040127,℃,2026-01-07 08:00:00,90%平均蒸发温度T90%,延化180万吨/年汽油精制装置
3.00,ST040127,<p>ppm</p>,2026-01-07 08:00:00,硫含量,延化180万吨/年汽油精制装置
98.0,ST040127,<p>%</p>,2026-01-07 08:00:00,全馏,延化180万吨/年汽油精制装置
0.8,ST040127,<p>%</p>,2026-01-07 08:00:00,平均残留百分数(B),延化180万吨/年汽油精制装置
716.4,ST040127,<p>kg/m<sup>3</sup></p>,2026-01-07 08:00:00,密度(20℃),延化180万吨/年汽油精制装置
52.00,ST040127,<p>gBr/100g</p>,2026-01-07 08:00:00,溴价 gBr/100g,延化180万吨/年汽油精制装置
3.00,ST040127,<p>ppm</p>,2026-01-07 20:00:00,硫含量,延化180万吨/年汽油精制装置
24.4,ST040127,%（v/v) ,2026-01-08 08:00:00,烯烃含量,延化180万吨/年汽油精制装置
<0.5,ST040127,<p>mg/100mL</p>,2026-01-08 08:00:00,未洗胶质,延化180万吨/年汽油精制装置
3.00,ST040127,<p>ppm</p>,2026-01-08 08:00:00,硫含量,延化180万吨/年汽油精制装置
15.3,ST040127,%（v/v) ,2026-01-08 08:00:00,芳烃含量,延化180万吨/年汽油精制装置
60.3,ST040127,%（v/v) ,2026-01-08 08:00:00,烷烃含量,延化180万吨/年汽油精制装置
29.3,ST040127,℃,2026-01-08 08:00:00,初馏点蒸发温度 TIBP,延化180万吨/年汽油精制装置
1,ST040127,级,2026-01-08 08:00:00,铜片腐蚀(50℃，3h),延化180万吨/年汽油精制装置
42.4,ST040127,℃,2026-01-08 08:00:00,10%平均蒸发温度T10%,延化180万吨/年汽油精制装置
80.0,ST040127,℃,2026-01-08 08:00:00,50%平均蒸发温度T50%,延化180万吨/年汽油精制装置
162.9,ST040127,℃,2026-01-08 08:00:00,90%平均蒸发温度T90%,延化180万吨/年汽油精制装置
190.7,ST040127,℃,2026-01-08 08:00:00,终馏点蒸发温度TFBP,延化180万吨/年汽油精制装置
98.0,ST040127,<p>%</p>,2026-01-08 08:00:00,全馏,延化180万吨/年汽油精制装置
0.8,ST040127,<p>%</p>,2026-01-08 08:00:00,平均残留百分数(B),延化180万吨/年汽油精制装置
714.9,ST040127,<p>kg/m<sup>3</sup></p>,2026-01-08 08:00:00,密度(20℃),延化180万吨/年汽油精制装置
54.00,ST040127,<p>gBr/100g</p>,2026-01-08 08:00:00,溴价 gBr/100g,延化180万吨/年汽油精制装置
71.3,ST040127,<p>kPa</p>,2026-01-08 08:00:00,饱和蒸汽压(X),延化180万吨/年汽油精制装置
3.00,ST040127,<p>ppm</p>,2026-01-08 20:00:00,硫含量,延化180万吨/年汽油精制装置
169.4,ST040127,℃,2026-01-09 08:00:00,90%平均蒸发温度T90%,延化180万吨/年汽油精制装置
714.9,ST040127,<p>kg/m<sup>3</sup></p>,2026-01-09 08:00:00,密度(20℃),延化180万吨/年汽油精制装置
48.8,ST040127,℃,2026-01-09 08:00:00,10%平均蒸发温度T10%,延化180万吨/年汽油精制装置
52.00,ST040127,<p>gBr/100g</p>,2026-01-09 08:00:00,溴价 gBr/100g,延化180万吨/年汽油精制装置
87.1,ST040127,℃,2026-01-09 08:00:00,50%平均蒸发温度T50%,延化180万吨/年汽油精制装置
3.00,ST040127,<p>ppm</p>,2026-01-09 08:00:00,硫含量,延化180万吨/年汽油精制装置
196.8,ST040127,℃,2026-01-09 08:00:00,终馏点蒸发温度TFBP,延化180万吨/年汽油精制装置
98.0,ST040127,<p>%</p>,2026-01-09 08:00:00,全馏,延化180万吨/年汽油精制装置
0.8,ST040127,<p>%</p>,2026-01-09 08:00:00,平均残留百分数(B),延化180万吨/年汽油精制装置
32.6,ST040127,℃,2026-01-09 08:00:00,初馏点蒸发温度 TIBP,延化180万吨/年汽油精制装置
3.00,ST040127,<p>ppm</p>,2026-01-09 20:00:00,硫含量,延化180万吨/年汽油精制装置
46.3,ST040127,℃,2026-01-10 08:00:00,10%平均蒸发温度T10%,延化180万吨/年汽油精制装置
32.5,ST040127,℃,2026-01-10 08:00:00,初馏点蒸发温度 TIBP,延化180万吨/年汽油精制装置
86.8,ST040127,℃,2026-01-10 08:00:00,50%平均蒸发温度T50%,延化180万吨/年汽油精制装置
165.8,ST040127,℃,2026-01-10 08:00:00,90%平均蒸发温度T90%,延化180万吨/年汽油精制装置
196.7,ST040127,℃,2026-01-10 08:00:00,终馏点蒸发温度TFBP,延化180万吨/年汽油精制装置
714.1,ST040127,<p>kg/m<sup>3</sup></p>,2026-01-10 08:00:00,密度(20℃),延化180万吨/年汽油精制装置
0.8,ST040127,<p>%</p>,2026-01-10 08:00:00,平均残留百分数(B),延化180万吨/年汽油精制装置
53.00,ST040127,<p>gBr/100g</p>,2026-01-10 08:00:00,溴价 gBr/100g,延化180万吨/年汽油精制装置
3.00,ST040127,<p>ppm</p>,2026-01-10 08:00:00,硫含量,延化180万吨/年汽油精制装置
98.0,ST040127,<p>%</p>,2026-01-10 08:00:00,全馏,延化180万吨/年汽油精制装置
3.00,ST040127,<p>ppm</p>,2026-01-10 20:00:00,硫含量,延化180万吨/年汽油精制装置
3.00,ST040127,<p>ppm</p>,2026-01-11 08:00:00,硫含量,延化180万吨/年汽油精制装置
41.8,ST040127,℃,2026-01-11 08:00:00,10%平均蒸发温度T10%,延化180万吨/年汽油精制装置
29.7,ST040127,℃,2026-01-11 08:00:00,初馏点蒸发温度 TIBP,延化180万吨/年汽油精制装置
80.3,ST040127,℃,2026-01-11 08:00:00,50%平均蒸发温度T50%,延化180万吨/年汽油精制装置
164.5,ST040127,℃,2026-01-11 08:00:00,90%平均蒸发温度T90%,延化180万吨/年汽油精制装置
54.00,ST040127,<p>gBr/100g</p>,2026-01-11 08:00:00,溴价 gBr/100g,延化180万吨/年汽油精制装置
98.0,ST040127,<p>%</p>,2026-01-11 08:00:00,全馏,延化180万吨/年汽油精制装置
193.7,ST040127,℃,2026-01-11 08:00:00,终馏点蒸发温度TFBP,延化180万吨/年汽油精制装置
0.8,ST040127,<p>%</p>,2026-01-11 08:00:00,平均残留百分数(B),延化180万吨/年汽油精制装置
714.2,ST040127,<p>kg/m<sup>3</sup></p>,2026-01-11 08:00:00,密度(20℃),延化180万吨/年汽油精制装置
3.00,ST040127,<p>ppm</p>,2026-01-11 20:00:00,硫含量,延化180万吨/年汽油精制装置
41.6,ST040127,℃,2026-01-12 08:00:00,10%平均蒸发温度T10%,延化180万吨/年汽油精制装置
79.5,ST040127,℃,2026-01-12 08:00:00,50%平均蒸发温度T50%,延化180万吨/年汽油精制装置
163.2,ST040127,℃,2026-01-12 08:00:00,90%平均蒸发温度T90%,延化180万吨/年汽油精制装置
192.8,ST040127,℃,2026-01-12 08:00:00,终馏点蒸发温度TFBP,延化180万吨/年汽油精制装置
0.8,ST040127,<p>%</p>,2026-01-12 08:00:00,平均残留百分数(B),延化180万吨/年汽油精制装置
28.4,ST040127,℃,2026-01-12 08:00:00,初馏点蒸发温度 TIBP,延化180万吨/年汽油精制装置
714.5,ST040127,<p>kg/m<sup>3</sup></p>,2026-01-12 08:00:00,密度(20℃),延化180万吨/年汽油精制装置
52.00,ST040127,<p>gBr/100g</p>,2026-01-12 08:00:00,溴价 gBr/100g,延化180万吨/年汽油精制装置
98.0,ST040127,<p>%</p>,2026-01-12 08:00:00,全馏,延化180万吨/年汽油精制装置
3.00,ST040127,<p>ppm</p>,2026-01-12 08:00:00,硫含量,延化180万吨/年汽油精制装置
3.00,ST040127,<p>ppm</p>,2026-01-12 20:00:00,硫含量,延化180万吨/年汽油精制装置
195.1,ST040127,℃,2026-01-13 08:00:00,终馏点蒸发温度TFBP,延化180万吨/年汽油精制装置
42.3,ST040127,℃,2026-01-13 08:00:00,10%平均蒸发温度T10%,延化180万吨/年汽油精制装置
29.7,ST040127,℃,2026-01-13 08:00:00,初馏点蒸发温度 TIBP,延化180万吨/年汽油精制装置
83.4,ST040127,℃,2026-01-13 08:00:00,50%平均蒸发温度T50%,延化180万吨/年汽油精制装置
166.0,ST040127,℃,2026-01-13 08:00:00,90%平均蒸发温度T90%,延化180万吨/年汽油精制装置
54.00,ST040127,<p>gBr/100g</p>,2026-01-13 08:00:00,溴价 gBr/100g,延化180万吨/年汽油精制装置
98.0,ST040127,<p>%</p>,2026-01-13 08:00:00,全馏,延化180万吨/年汽油精制装置
0.8,ST040127,<p>%</p>,2026-01-13 08:00:00,平均残留百分数(B),延化180万吨/年汽油精制装置
714.6,ST040127,<p>kg/m<sup>3</sup></p>,2026-01-13 08:00:00,密度(20℃),延化180万吨/年汽油精制装置
3.00,ST040127,<p>ppm</p>,2026-01-13 08:00:00,硫含量,延化180万吨/年汽油精制装置
3.00,ST040127,<p>ppm</p>,2026-01-13 20:00:00,硫含量,延化180万吨/年汽油精制装置
47.3,ST040127,℃,2026-01-14 08:00:00,10%平均蒸发温度T10%,延化180万吨/年汽油精制装置
30.9,ST040127,℃,2026-01-14 08:00:00,初馏点蒸发温度 TIBP,延化180万吨/年汽油精制装置
90.3,ST040127,℃,2026-01-14 08:00:00,50%平均蒸发温度T50%,延化180万吨/年汽油精制装置
167.4,ST040127,℃,2026-01-14 08:00:00,90%平均蒸发温度T90%,延化180万吨/年汽油精制装置
194.2,ST040127,℃,2026-01-14 08:00:00,终馏点蒸发温度TFBP,延化180万吨/年汽油精制装置
98.0,ST040127,<p>%</p>,2026-01-14 08:00:00,全馏,延化180万吨/年汽油精制装置
0.8,ST040127,<p>%</p>,2026-01-14 08:00:00,平均残留百分数(B),延化180万吨/年汽油精制装置
53.00,ST040127,<p>gBr/100g</p>,2026-01-14 08:00:00,溴价 gBr/100g,延化180万吨/年汽油精制装置
714.2,ST040127,<p>kg/m<sup>3</sup></p>,2026-01-14 08:00:00,密度(20℃),延化180万吨/年汽油精制装置
3.00,ST040127,<p>ppm</p>,2026-01-14 08:00:00,硫含量,延化180万吨/年汽油精制装置
2.00,ST040127,<p>ppm</p>,2026-01-14 20:00:00,硫含量,延化180万吨/年汽油精制装置
710.1,ST040127,<p>kg/m<sup>3</sup></p>,2026-01-15 08:00:00,密度(20℃),延化180万吨/年汽油精制装置
3.00,ST040127,<p>ppm</p>,2026-01-15 08:00:00,硫含量,延化180万吨/年汽油精制装置
54.00,ST040127,<p>gBr/100g</p>,2026-01-15 08:00:00,溴价 gBr/100g,延化180万吨/年汽油精制装置
38.8,ST040127,℃,2026-01-15 08:00:00,10%平均蒸发温度T10%,延化180万吨/年汽油精制装置
24.7,ST040127,℃,2026-01-15 08:00:00,初馏点蒸发温度 TIBP,延化180万吨/年汽油精制装置
77.5,ST040127,℃,2026-01-15 08:00:00,50%平均蒸发温度T50%,延化180万吨/年汽油精制装置
161.2,ST040127,℃,2026-01-15 08:00:00,90%平均蒸发温度T90%,延化180万吨/年汽油精制装置
189.7,ST040127,℃,2026-01-15 08:00:00,终馏点蒸发温度TFBP,延化180万吨/年汽油精制装置
98.0,ST040127,<p>%</p>,2026-01-15 08:00:00,全馏,延化180万吨/年汽油精制装置
1,ST040127,级,2026-01-15 08:00:00,铜片腐蚀(50℃，3h),延化180万吨/年汽油精制装置
<0.5,ST040127,<p>mg/100mL</p>,2026-01-15 08:00:00,未洗胶质,延化180万吨/年汽油精制装置
26.3,ST040127,%（v/v) ,2026-01-15 08:00:00,烯烃含量,延化180万吨/年汽油精制装置
14.9,ST040127,%（v/v) ,2026-01-15 08:00:00,芳烃含量,延化180万吨/年汽油精制装置
58.8,ST040127,%（v/v) ,2026-01-15 08:00:00,烷烃含量,延化180万吨/年汽油精制装置
78.5,ST040127,<p>kPa</p>,2026-01-15 08:00:00,饱和蒸汽压(X),延化180万吨/年汽油精制装置
0.8,ST040127,<p>%</p>,2026-01-15 08:00:00,平均残留百分数(B),延化180万吨/年汽油精制装置
3.00,ST040127,<p>ppm</p>,2026-01-15 20:00:00,硫含量,延化180万吨/年汽油精制装置
53.00,ST040127,<p>gBr/100g</p>,2026-01-16 08:00:00,溴价 gBr/100g,延化180万吨/年汽油精制装置
715.3,ST040127,<p>kg/m<sup>3</sup></p>,2026-01-16 08:00:00,密度(20℃),延化180万吨/年汽油精制装置
28.5,ST040127,℃,2026-01-16 08:00:00,初馏点蒸发温度 TIBP,延化180万吨/年汽油精制装置
44.9,ST040127,℃,2026-01-16 08:00:00,10%平均蒸发温度T10%,延化180万吨/年汽油精制装置
3.00,ST040127,<p>ppm</p>,2026-01-16 08:00:00,硫含量,延化180万吨/年汽油精制装置
167.5,ST040127,℃,2026-01-16 08:00:00,90%平均蒸发温度T90%,延化180万吨/年汽油精制装置
197.9,ST040127,℃,2026-01-16 08:00:00,终馏点蒸发温度TFBP,延化180万吨/年汽油精制装置
98.0,ST040127,<p>%</p>,2026-01-16 08:00:00,全馏,延化180万吨/年汽油精制装置
0.8,ST040127,<p>%</p>,2026-01-16 08:00:00,平均残留百分数(B),延化180万吨/年汽油精制装置
88.7,ST040127,℃,2026-01-16 08:00:00,50%平均蒸发温度T50%,延化180万吨/年汽油精制装置
2.00,ST040127,<p>ppm</p>,2026-01-16 20:00:00,硫含量,延化180万吨/年汽油精制装置
52.00,ST040127,<p>gBr/100g</p>,2026-01-17 08:00:00,溴价 gBr/100g,延化180万吨/年汽油精制装置
713.4,ST040127,<p>kg/m<sup>3</sup></p>,2026-01-17 08:00:00,密度(20℃),延化180万吨/年汽油精制装置
30.3,ST040127,℃,2026-01-17 08:00:00,初馏点蒸发温度 TIBP,延化180万吨/年汽油精制装置
46.9,ST040127,℃,2026-01-17 08:00:00,10%平均蒸发温度T10%,延化180万吨/年汽油精制装置
90.3,ST040127,℃,2026-01-17 08:00:00,50%平均蒸发温度T50%,延化180万吨/年汽油精制装置
170.1,ST040127,℃,2026-01-17 08:00:00,90%平均蒸发温度T90%,延化180万吨/年汽油精制装置
199.5,ST040127,℃,2026-01-17 08:00:00,终馏点蒸发温度TFBP,延化180万吨/年汽油精制装置
98.0,ST040127,<p>%</p>,2026-01-17 08:00:00,全馏,延化180万吨/年汽油精制装置
0.8,ST040127,<p>%</p>,2026-01-17 08:00:00,平均残留百分数(B),延化180万吨/年汽油精制装置
3.00,ST040127,<p>ppm</p>,2026-01-17 08:00:00,硫含量,延化180万吨/年汽油精制装置
3.00,ST040127,<p>ppm</p>,2026-01-17 20:00:00,硫含量,延化180万吨/年汽油精制装置
68,ST040127,<p>ppm</p>,2026-01-18 08:00:00,水含量,延化180万吨/年汽油精制装置
53.00,ST040127,<p>gBr/100g</p>,2026-01-18 08:00:00,溴价 gBr/100g,延化180万吨/年汽油精制装置
26.9,ST040127,℃,2026-01-18 08:00:00,初馏点蒸发温度 TIBP,延化180万吨/年汽油精制装置
43.2,ST040127,℃,2026-01-18 08:00:00,10%平均蒸发温度T10%,延化180万吨/年汽油精制装置
87.8,ST040127,℃,2026-01-18 08:00:00,50%平均蒸发温度T50%,延化180万吨/年汽油精制装置
167.2,ST040127,℃,2026-01-18 08:00:00,90%平均蒸发温度T90%,延化180万吨/年汽油精制装置
195.5,ST040127,℃,2026-01-18 08:00:00,终馏点蒸发温度TFBP,延化180万吨/年汽油精制装置
98.0,ST040127,<p>%</p>,2026-01-18 08:00:00,全馏,延化180万吨/年汽油精制装置
0.8,ST040127,<p>%</p>,2026-01-18 08:00:00,平均残留百分数(B),延化180万吨/年汽油精制装置
713.6,ST040127,<p>kg/m<sup>3</sup></p>,2026-01-18 08:00:00,密度(20℃),延化180万吨/年汽油精制装置
3.00,ST040127,<p>ppm</p>,2026-01-18 08:00:00,硫含量,延化180万吨/年汽油精制装置
3.00,ST040127,<p>ppm</p>,2026-01-18 20:00:00,硫含量,延化180万吨/年汽油精制装置
0.8,ST040127,<p>%</p>,2026-01-19 08:00:00,平均残留百分数(B),延化180万吨/年汽油精制装置
89.2,ST040127,,2026-01-19 08:00:00,研究法辛烷值(RON),延化180万吨/年汽油精制装置
3.00,ST040127,<p>ppm</p>,2026-01-19 08:00:00,硫含量,延化180万吨/年汽油精制装置
713.8,ST040127,<p>kg/m<sup>3</sup></p>,2026-01-19 08:00:00,密度(20℃),延化180万吨/年汽油精制装置
55.00,ST040127,<p>gBr/100g</p>,2026-01-19 08:00:00,溴价 gBr/100g,延化180万吨/年汽油精制装置
98.0,ST040127,<p>%</p>,2026-01-19 08:00:00,全馏,延化180万吨/年汽油精制装置
25.2,ST040127,℃,2026-01-19 08:00:00,初馏点蒸发温度 TIBP,延化180万吨/年汽油精制装置
40.3,ST040127,℃,2026-01-19 08:00:00,10%平均蒸发温度T10%,延化180万吨/年汽油精制装置
80.2,ST040127,℃,2026-01-19 08:00:00,50%平均蒸发温度T50%,延化180万吨/年汽油精制装置
163.5,ST040127,℃,2026-01-19 08:00:00,90%平均蒸发温度T90%,延化180万吨/年汽油精制装置
193.3,ST040127,℃,2026-01-19 08:00:00,终馏点蒸发温度TFBP,延化180万吨/年汽油精制装置
3.00,ST040127,<p>ppm</p>,2026-01-19 20:00:00,硫含量,延化180万吨/年汽油精制装置
27.7,ST040127,℃,2026-01-20 08:00:00,初馏点蒸发温度 TIBP,延化180万吨/年汽油精制装置
52.00,ST040127,<p>gBr/100g</p>,2026-01-20 08:00:00,溴价 gBr/100g,延化180万吨/年汽油精制装置
713.1,ST040127,<p>kg/m<sup>3</sup></p>,2026-01-20 08:00:00,密度(20℃),延化180万吨/年汽油精制装置
3.00,ST040127,<p>ppm</p>,2026-01-20 08:00:00,硫含量,延化180万吨/年汽油精制装置
40.9,ST040127,℃,2026-01-20 08:00:00,10%平均蒸发温度T10%,延化180万吨/年汽油精制装置
0.8,ST040127,<p>%</p>,2026-01-20 08:00:00,平均残留百分数(B),延化180万吨/年汽油精制装置
85.1,ST040127,℃,2026-01-20 08:00:00,50%平均蒸发温度T50%,延化180万吨/年汽油精制装置
197.0,ST040127,℃,2026-01-20 08:00:00,终馏点蒸发温度TFBP,延化180万吨/年汽油精制装置
166.0,ST040127,℃,2026-01-20 08:00:00,90%平均蒸发温度T90%,延化180万吨/年汽油精制装置
98.0,ST040127,<p>%</p>,2026-01-20 08:00:00,全馏,延化180万吨/年汽油精制装置
3.00,ST040127,<p>ppm</p>,2026-01-20 20:00:00,硫含量,延化180万吨/年汽油精制装置
52.00,ST040127,<p>gBr/100g</p>,2026-01-21 08:00:00,溴价 gBr/100g,延化180万吨/年汽油精制装置
713.7,ST040127,<p>kg/m<sup>3</sup></p>,2026-01-21 08:00:00,密度(20℃),延化180万吨/年汽油精制装置
28.1,ST040127,℃,2026-01-21 08:00:00,初馏点蒸发温度 TIBP,延化180万吨/年汽油精制装置
43.2,ST040127,℃,2026-01-21 08:00:00,10%平均蒸发温度T10%,延化180万吨/年汽油精制装置
86.6,ST040127,℃,2026-01-21 08:00:00,50%平均蒸发温度T50%,延化180万吨/年汽油精制装置
167.8,ST040127,℃,2026-01-21 08:00:00,90%平均蒸发温度T90%,延化180万吨/年汽油精制装置
200.8,ST040127,℃,2026-01-21 08:00:00,终馏点蒸发温度TFBP,延化180万吨/年汽油精制装置
98.0,ST040127,<p>%</p>,2026-01-21 08:00:00,全馏,延化180万吨/年汽油精制装置
0.8,ST040127,<p>%</p>,2026-01-21 08:00:00,平均残留百分数(B),延化180万吨/年汽油精制装置
3.00,ST040127,<p>ppm</p>,2026-01-21 08:00:00,硫含量,延化180万吨/年汽油精制装置
3.00,ST040127,<p>ppm</p>,2026-01-21 20:00:00,硫含量,延化180万吨/年汽油精制装置
40.9,ST040127,℃,2026-01-22 08:00:00,10%平均蒸发温度T10%,延化180万吨/年汽油精制装置
14.7,ST040127,%（v/v) ,2026-01-22 08:00:00,芳烃含量,延化180万吨/年汽油精制装置
83.1,ST040127,℃,2026-01-22 08:00:00,50%平均蒸发温度T50%,延化180万吨/年汽油精制装置
56.5,ST040127,%（v/v) ,2026-01-22 08:00:00,烷烃含量,延化180万吨/年汽油精制装置
3.00,ST040127,<p>ppm</p>,2026-01-22 08:00:00,硫含量,延化180万吨/年汽油精制装置
24.6,ST040127,℃,2026-01-22 08:00:00,初馏点蒸发温度 TIBP,延化180万吨/年汽油精制装置
<0.5,ST040127,<p>mg/100mL</p>,2026-01-22 08:00:00,未洗胶质,延化180万吨/年汽油精制装置
164.9,ST040127,℃,2026-01-22 08:00:00,90%平均蒸发温度T90%,延化180万吨/年汽油精制装置
194.5,ST040127,℃,2026-01-22 08:00:00,终馏点蒸发温度TFBP,延化180万吨/年汽油精制装置
98.0,ST040127,<p>%</p>,2026-01-22 08:00:00,全馏,延化180万吨/年汽油精制装置
0.8,ST040127,<p>%</p>,2026-01-22 08:00:00,平均残留百分数(B),延化180万吨/年汽油精制装置
1,ST040127,级,2026-01-22 08:00:00,铜片腐蚀(50℃，3h),延化180万吨/年汽油精制装置
52.00,ST040127,<p>gBr/100g</p>,2026-01-22 08:00:00,溴价 gBr/100g,延化180万吨/年汽油精制装置
714.8,ST040127,<p>kg/m<sup>3</sup></p>,2026-01-22 08:00:00,密度(20℃),延化180万吨/年汽油精制装置
79.5,ST040127,<p>kPa</p>,2026-01-22 08:00:00,饱和蒸汽压(X),延化180万吨/年汽油精制装置
28.8,ST040127,%（v/v) ,2026-01-22 08:00:00,烯烃含量,延化180万吨/年汽油精制装置
3.00,ST040127,<p>ppm</p>,2026-01-22 20:00:00,硫含量,延化180万吨/年汽油精制装置
74.0,ST040127,℃,2026-01-23 08:00:00,50%平均蒸发温度T50%,延化180万吨/年汽油精制装置
714.0,ST040127,<p>kg/m<sup>3</sup></p>,2026-01-23 08:00:00,密度(20℃),延化180万吨/年汽油精制装置
55.00,ST040127,<p>gBr/100g</p>,2026-01-23 08:00:00,溴价 gBr/100g,延化180万吨/年汽油精制装置
27.2,ST040127,℃,2026-01-23 08:00:00,初馏点蒸发温度 TIBP,延化180万吨/年汽油精制装置
38.2,ST040127,℃,2026-01-23 08:00:00,10%平均蒸发温度T10%,延化180万吨/年汽油精制装置
3.00,ST040127,<p>ppm</p>,2026-01-23 08:00:00,硫含量,延化180万吨/年汽油精制装置
158.5,ST040127,℃,2026-01-23 08:00:00,90%平均蒸发温度T90%,延化180万吨/年汽油精制装置
186.8,ST040127,℃,2026-01-23 08:00:00,终馏点蒸发温度TFBP,延化180万吨/年汽油精制装置
98.0,ST040127,<p>%</p>,2026-01-23 08:00:00,全馏,延化180万吨/年汽油精制装置
0.8,ST040127,<p>%</p>,2026-01-23 08:00:00,平均残留百分数(B),延化180万吨/年汽油精制装置
3.00,ST040127,<p>ppm</p>,2026-01-23 20:00:00,硫含量,延化180万吨/年汽油精制装置
85.0,ST040127,℃,2026-01-24 08:00:00,50%平均蒸发温度T50%,延化180万吨/年汽油精制装置
3.00,ST040127,<p>ppm</p>,2026-01-24 08:00:00,硫含量,延化180万吨/年汽油精制装置
27.4,ST040127,℃,2026-01-24 08:00:00,初馏点蒸发温度 TIBP,延化180万吨/年汽油精制装置
711.7,ST040127,<p>kg/m<sup>3</sup></p>,2026-01-24 08:00:00,密度(20℃),延化180万吨/年汽油精制装置
40.7,ST040127,℃,2026-01-24 08:00:00,10%平均蒸发温度T10%,延化180万吨/年汽油精制装置
54.00,ST040127,<p>gBr/100g</p>,2026-01-24 08:00:00,溴价 gBr/100g,延化180万吨/年汽油精制装置
165.8,ST040127,℃,2026-01-24 08:00:00,90%平均蒸发温度T90%,延化180万吨/年汽油精制装置
196.0,ST040127,℃,2026-01-24 08:00:00,终馏点蒸发温度TFBP,延化180万吨/年汽油精制装置
98.0,ST040127,<p>%</p>,2026-01-24 08:00:00,全馏,延化180万吨/年汽油精制装置
0.8,ST040127,<p>%</p>,2026-01-24 08:00:00,平均残留百分数(B),延化180万吨/年汽油精制装置
3.00,ST040127,<p>ppm</p>,2026-01-24 20:00:00,硫含量,延化180万吨/年汽油精制装置
187.3,ST040127,℃,2026-01-25 08:00:00,终馏点蒸发温度TFBP,延化180万吨/年汽油精制装置
26.6,ST040127,℃,2026-01-25 08:00:00,初馏点蒸发温度 TIBP,延化180万吨/年汽油精制装置
39.6,ST040127,℃,2026-01-25 08:00:00,10%平均蒸发温度T10%,延化180万吨/年汽油精制装置
76.9,ST040127,℃,2026-01-25 08:00:00,50%平均蒸发温度T50%,延化180万吨/年汽油精制装置
159.8,ST040127,℃,2026-01-25 08:00:00,90%平均蒸发温度T90%,延化180万吨/年汽油精制装置
3.00,ST040127,<p>ppm</p>,2026-01-25 08:00:00,硫含量,延化180万吨/年汽油精制装置
98.0,ST040127,<p>%</p>,2026-01-25 08:00:00,全馏,延化180万吨/年汽油精制装置
0.8,ST040127,<p>%</p>,2026-01-25 08:00:00,平均残留百分数(B),延化180万吨/年汽油精制装置
715.2,ST040127,<p>kg/m<sup>3</sup></p>,2026-01-25 08:00:00,密度(20℃),延化180万吨/年汽油精制装置
50.00,ST040127,<p>gBr/100g</p>,2026-01-25 08:00:00,溴价 gBr/100g,延化180万吨/年汽油精制装置
3.00,ST040127,<p>ppm</p>,2026-01-25 20:00:00,硫含量,延化180万吨/年汽油精制装置
716.3,ST040127,<p>kg/m<sup>3</sup></p>,2026-01-26 08:00:00,密度(20℃),延化180万吨/年汽油精制装置
3.00,ST040127,<p>ppm</p>,2026-01-26 08:00:00,硫含量,延化180万吨/年汽油精制装置
40.6,ST040127,℃,2026-01-26 08:00:00,10%平均蒸发温度T10%,延化180万吨/年汽油精制装置
26.7,ST040127,℃,2026-01-26 08:00:00,初馏点蒸发温度 TIBP,延化180万吨/年汽油精制装置
78.0,ST040127,℃,2026-01-26 08:00:00,50%平均蒸发温度T50%,延化180万吨/年汽油精制装置
161.2,ST040127,℃,2026-01-26 08:00:00,90%平均蒸发温度T90%,延化180万吨/年汽油精制装置
189.3,ST040127,℃,2026-01-26 08:00:00,终馏点蒸发温度TFBP,延化180万吨/年汽油精制装置
0.8,ST040127,<p>%</p>,2026-01-26 08:00:00,平均残留百分数(B),延化180万吨/年汽油精制装置
98.0,ST040127,<p>%</p>,2026-01-26 08:00:00,全馏,延化180万吨/年汽油精制装置
52.00,ST040127,<p>gBr/100g</p>,2026-01-26 08:00:00,溴价 gBr/100g,延化180万吨/年汽油精制装置
3.00,ST040127,<p>ppm</p>,2026-01-26 20:00:00,硫含量,延化180万吨/年汽油精制装置
163.0,ST040127,℃,2026-01-27 08:00:00,90%平均蒸发温度T90%,延化180万吨/年汽油精制装置
3.00,ST040127,<p>ppm</p>,2026-01-27 08:00:00,硫含量,延化180万吨/年汽油精制装置
22.5,ST040127,℃,2026-01-27 08:00:00,初馏点蒸发温度 TIBP,延化180万吨/年汽油精制装置
41.3,ST040127,℃,2026-01-27 08:00:00,10%平均蒸发温度T10%,延化180万吨/年汽油精制装置
81.8,ST040127,℃,2026-01-27 08:00:00,50%平均蒸发温度T50%,延化180万吨/年汽油精制装置
54.00,ST040127,<p>gBr/100g</p>,2026-01-27 08:00:00,溴价 gBr/100g,延化180万吨/年汽油精制装置
189.7,ST040127,℃,2026-01-27 08:00:00,终馏点蒸发温度TFBP,延化180万吨/年汽油精制装置
98.0,ST040127,<p>%</p>,2026-01-27 08:00:00,全馏,延化180万吨/年汽油精制装置
0.8,ST040127,<p>%</p>,2026-01-27 08:00:00,平均残留百分数(B),延化180万吨/年汽油精制装置
716.3,ST040127,<p>kg/m<sup>3</sup></p>,2026-01-27 08:00:00,密度(20℃),延化180万吨/年汽油精制装置
3.00,ST040127,<p>ppm</p>,2026-01-27 20:00:00,硫含量,延化180万吨/年汽油精制装置
716.2,ST040127,<p>kg/m<sup>3</sup></p>,2026-01-28 08:00:00,密度(20℃),延化180万吨/年汽油精制装置
3.00,ST040127,<p>ppm</p>,2026-01-28 08:00:00,硫含量,延化180万吨/年汽油精制装置
50.00,ST040127,<p>gBr/100g</p>,2026-01-28 08:00:00,溴价 gBr/100g,延化180万吨/年汽油精制装置
27.9,ST040127,℃,2026-01-28 08:00:00,初馏点蒸发温度 TIBP,延化180万吨/年汽油精制装置
43.9,ST040127,℃,2026-01-28 08:00:00,10%平均蒸发温度T10%,延化180万吨/年汽油精制装置
87.9,ST040127,℃,2026-01-28 08:00:00,50%平均蒸发温度T50%,延化180万吨/年汽油精制装置
167.4,ST040127,℃,2026-01-28 08:00:00,90%平均蒸发温度T90%,延化180万吨/年汽油精制装置
199.1,ST040127,℃,2026-01-28 08:00:00,终馏点蒸发温度TFBP,延化180万吨/年汽油精制装置
98.0,ST040127,<p>%</p>,2026-01-28 08:00:00,全馏,延化180万吨/年汽油精制装置
0.8,ST040127,<p>%</p>,2026-01-28 08:00:00,平均残留百分数(B),延化180万吨/年汽油精制装置
3.00,ST040127,<p>ppm</p>,2026-01-28 20:00:00,硫含量,延化180万吨/年汽油精制装置
28.2,ST040127,℃,2026-01-29 08:00:00,初馏点蒸发温度 TIBP,延化180万吨/年汽油精制装置
1,ST040127,级,2026-01-29 08:00:00,铜片腐蚀(50℃，3h),延化180万吨/年汽油精制装置
44.4,ST040127,℃,2026-01-29 08:00:00,10%平均蒸发温度T10%,延化180万吨/年汽油精制装置
88.8,ST040127,℃,2026-01-29 08:00:00,50%平均蒸发温度T50%,延化180万吨/年汽油精制装置
167.6,ST040127,℃,2026-01-29 08:00:00,90%平均蒸发温度T90%,延化180万吨/年汽油精制装置
198.2,ST040127,℃,2026-01-29 08:00:00,终馏点蒸发温度TFBP,延化180万吨/年汽油精制装置
98.0,ST040127,<p>%</p>,2026-01-29 08:00:00,全馏,延化180万吨/年汽油精制装置
0.8,ST040127,<p>%</p>,2026-01-29 08:00:00,平均残留百分数(B),延化180万吨/年汽油精制装置
715.9,ST040127,<p>kg/m<sup>3</sup></p>,2026-01-29 08:00:00,密度(20℃),延化180万吨/年汽油精制装置
53.00,ST040127,<p>gBr/100g</p>,2026-01-29 08:00:00,溴价 gBr/100g,延化180万吨/年汽油精制装置
<0.5,ST040127,<p>mg/100mL</p>,2026-01-29 08:00:00,未洗胶质,延化180万吨/年汽油精制装置
78.7,ST040127,<p>kPa</p>,2026-01-29 08:00:00,饱和蒸汽压(X),延化180万吨/年汽油精制装置
28.0,ST040127,%（v/v) ,2026-01-29 08:00:00,烯烃含量,延化180万吨/年汽油精制装置
14.9,ST040127,%（v/v) ,2026-01-29 08:00:00,芳烃含量,延化180万吨/年汽油精制装置
57.1,ST040127,%（v/v) ,2026-01-29 08:00:00,烷烃含量,延化180万吨/年汽油精制装置
3.00,ST040127,<p>ppm</p>,2026-01-29 08:00:00,硫含量,延化180万吨/年汽油精制装置
3.00,ST040127,<p>ppm</p>,2026-01-29 20:00:00,硫含量,延化180万吨/年汽油精制装置
28.3,ST040127,℃,2026-01-30 08:00:00,初馏点蒸发温度 TIBP,延化180万吨/年汽油精制装置
716.4,ST040127,<p>kg/m<sup>3</sup></p>,2026-01-30 08:00:00,密度(20℃),延化180万吨/年汽油精制装置
4.00,ST040127,<p>ppm</p>,2026-01-30 08:00:00,硫含量,延化180万吨/年汽油精制装置
56.00,ST040127,<p>gBr/100g</p>,2026-01-30 08:00:00,溴价 gBr/100g,延化180万吨/年汽油精制装置
42.8,ST040127,℃,2026-01-30 08:00:00,10%平均蒸发温度T10%,延化180万吨/年汽油精制装置
0.8,ST040127,<p>%</p>,2026-01-30 08:00:00,平均残留百分数(B),延化180万吨/年汽油精制装置
84.5,ST040127,℃,2026-01-30 08:00:00,50%平均蒸发温度T50%,延化180万吨/年汽油精制装置
165.1,ST040127,℃,2026-01-30 08:00:00,90%平均蒸发温度T90%,延化180万吨/年汽油精制装置
194.6,ST040127,℃,2026-01-30 08:00:00,终馏点蒸发温度TFBP,延化180万吨/年汽油精制装置
98.0,ST040127,<p>%</p>,2026-01-30 08:00:00,全馏,延化180万吨/年汽油精制装置
3.00,ST040127,<p>ppm</p>,2026-01-30 20:00:00,硫含量,延化180万吨/年汽油精制装置
3.00,ST040127,<p>ppm</p>,2026-01-31 08:00:00,硫含量,延化180万吨/年汽油精制装置
41.6,ST040127,℃,2026-01-31 08:00:00,10%平均蒸发温度T10%,延化180万吨/年汽油精制装置
27.9,ST040127,℃,2026-01-31 08:00:00,初馏点蒸发温度 TIBP,延化180万吨/年汽油精制装置
78.5,ST040127,℃,2026-01-31 08:00:00,50%平均蒸发温度T50%,延化180万吨/年汽油精制装置
160.5,ST040127,℃,2026-01-31 08:00:00,90%平均蒸发温度T90%,延化180万吨/年汽油精制装置
190.5,ST040127,℃,2026-01-31 08:00:00,终馏点蒸发温度TFBP,延化180万吨/年汽油精制装置
98.0,ST040127,<p>%</p>,2026-01-31 08:00:00,全馏,延化180万吨/年汽油精制装置
0.8,ST040127,<p>%</p>,2026-01-31 08:00:00,平均残留百分数(B),延化180万吨/年汽油精制装置
716.7,ST040127,<p>kg/m<sup>3</sup></p>,2026-01-31 08:00:00,密度(20℃),延化180万吨/年汽油精制装置
54.00,ST040127,<p>gBr/100g</p>,2026-01-31 08:00:00,溴价 gBr/100g,延化180万吨/年汽油精制装置
3.00,ST040127,<p>ppm</p>,2026-01-31 20:00:00,硫含量,延化180万吨/年汽油精制装置
710.2,ST040127,<p>kg/m<sup>3</sup></p>,2026-02-01 08:00:00,密度(20℃),延化180万吨/年汽油精制装置
56.00,ST040127,<p>gBr/100g</p>,2026-02-01 08:00:00,溴价 gBr/100g,延化180万吨/年汽油精制装置
23.6,ST040127,℃,2026-02-01 08:00:00,初馏点蒸发温度 TIBP,延化180万吨/年汽油精制装置
40.8,ST040127,℃,2026-02-01 08:00:00,10%平均蒸发温度T10%,延化180万吨/年汽油精制装置
76.3,ST040127,℃,2026-02-01 08:00:00,50%平均蒸发温度T50%,延化180万吨/年汽油精制装置
158.8,ST040127,℃,2026-02-01 08:00:00,90%平均蒸发温度T90%,延化180万吨/年汽油精制装置
188.2,ST040127,℃,2026-02-01 08:00:00,终馏点蒸发温度TFBP,延化180万吨/年汽油精制装置
98.0,ST040127,<p>%</p>,2026-02-01 08:00:00,全馏,延化180万吨/年汽油精制装置
0.8,ST040127,<p>%</p>,2026-02-01 08:00:00,平均残留百分数(B),延化180万吨/年汽油精制装置
3.00,ST040127,<p>ppm</p>,2026-02-01 08:00:00,硫含量,延化180万吨/年汽油精制装置
3.00,ST040127,<p>ppm</p>,2026-02-01 20:00:00,硫含量,延化180万吨/年汽油精制装置
98.0,ST040127,<p>%</p>,2026-02-02 08:00:00,全馏,延化180万吨/年汽油精制装置
0.8,ST040127,<p>%</p>,2026-02-02 08:00:00,平均残留百分数(B),延化180万吨/年汽油精制装置
58.00,ST040127,<p>gBr/100g</p>,2026-02-02 08:00:00,溴价 gBr/100g,延化180万吨/年汽油精制装置
715.0,ST040127,<p>kg/m<sup>3</sup></p>,2026-02-02 08:00:00,密度(20℃),延化180万吨/年汽油精制装置
3.00,ST040127,<p>ppm</p>,2026-02-02 08:00:00,硫含量,延化180万吨/年汽油精制装置
196.1,ST040127,℃,2026-02-02 08:00:00,终馏点蒸发温度TFBP,延化180万吨/年汽油精制装置
88.4,ST040127,,2026-02-02 08:00:00,研究法辛烷值(RON),延化180万吨/年汽油精制装置
28.2,ST040127,℃,2026-02-02 08:00:00,初馏点蒸发温度 TIBP,延化180万吨/年汽油精制装置
44.3,ST040127,℃,2026-02-02 08:00:00,10%平均蒸发温度T10%,延化180万吨/年汽油精制装置
87.5,ST040127,℃,2026-02-02 08:00:00,50%平均蒸发温度T50%,延化180万吨/年汽油精制装置
165.5,ST040127,℃,2026-02-02 08:00:00,90%平均蒸发温度T90%,延化180万吨/年汽油精制装置
3.00,ST040127,<p>ppm</p>,2026-02-02 20:00:00,硫含量,延化180万吨/年汽油精制装置
715.5,ST040127,<p>kg/m<sup>3</sup></p>,2026-02-03 08:00:00,密度(20℃),延化180万吨/年汽油精制装置
28.0,ST040127,℃,2026-02-03 08:00:00,初馏点蒸发温度 TIBP,延化180万吨/年汽油精制装置
41.5,ST040127,℃,2026-02-03 08:00:00,10%平均蒸发温度T10%,延化180万吨/年汽油精制装置
79.4,ST040127,℃,2026-02-03 08:00:00,50%平均蒸发温度T50%,延化180万吨/年汽油精制装置
165.0,ST040127,℃,2026-02-03 08:00:00,90%平均蒸发温度T90%,延化180万吨/年汽油精制装置
193.8,ST040127,℃,2026-02-03 08:00:00,终馏点蒸发温度TFBP,延化180万吨/年汽油精制装置
98.0,ST040127,<p>%</p>,2026-02-03 08:00:00,全馏,延化180万吨/年汽油精制装置
0.8,ST040127,<p>%</p>,2026-02-03 08:00:00,平均残留百分数(B),延化180万吨/年汽油精制装置
55.00,ST040127,<p>gBr/100g</p>,2026-02-03 08:00:00,溴价 gBr/100g,延化180万吨/年汽油精制装置
3.00,ST040127,<p>ppm</p>,2026-02-03 08:00:00,硫含量,延化180万吨/年汽油精制装置
3.00,ST040127,<p>ppm</p>,2026-02-03 20:00:00,硫含量,延化180万吨/年汽油精制装置
714.7,ST040127,<p>kg/m<sup>3</sup></p>,2026-02-04 08:00:00,密度(20℃),延化180万吨/年汽油精制装置
54.00,ST040127,<p>gBr/100g</p>,2026-02-04 08:00:00,溴价 gBr/100g,延化180万吨/年汽油精制装置
26.6,ST040127,℃,2026-02-04 08:00:00,初馏点蒸发温度 TIBP,延化180万吨/年汽油精制装置
37.9,ST040127,℃,2026-02-04 08:00:00,10%平均蒸发温度T10%,延化180万吨/年汽油精制装置
75.0,ST040127,℃,2026-02-04 08:00:00,50%平均蒸发温度T50%,延化180万吨/年汽油精制装置
159.2,ST040127,℃,2026-02-04 08:00:00,90%平均蒸发温度T90%,延化180万吨/年汽油精制装置
187.3,ST040127,℃,2026-02-04 08:00:00,终馏点蒸发温度TFBP,延化180万吨/年汽油精制装置
0.8,ST040127,<p>%</p>,2026-02-04 08:00:00,平均残留百分数(B),延化180万吨/年汽油精制装置
98.0,ST040127,<p>%</p>,2026-02-04 08:00:00,全馏,延化180万吨/年汽油精制装置
3.00,ST040127,<p>ppm</p>,2026-02-04 08:00:00,硫含量,延化180万吨/年汽油精制装置
3.00,ST040127,<p>ppm</p>,2026-02-04 20:00:00,硫含量,延化180万吨/年汽油精制装置
715.1,ST040127,<p>kg/m<sup>3</sup></p>,2026-02-05 08:00:00,密度(20℃),延化180万吨/年汽油精制装置
1,ST040127,级,2026-02-05 08:00:00,铜片腐蚀(50℃，3h),延化180万吨/年汽油精制装置
28.6,ST040127,℃,2026-02-05 08:00:00,初馏点蒸发温度 TIBP,延化180万吨/年汽油精制装置
38.8,ST040127,℃,2026-02-05 08:00:00,10%平均蒸发温度T10%,延化180万吨/年汽油精制装置
79.2,ST040127,℃,2026-02-05 08:00:00,50%平均蒸发温度T50%,延化180万吨/年汽油精制装置
158.4,ST040127,℃,2026-02-05 08:00:00,90%平均蒸发温度T90%,延化180万吨/年汽油精制装置
186.7,ST040127,℃,2026-02-05 08:00:00,终馏点蒸发温度TFBP,延化180万吨/年汽油精制装置
98.0,ST040127,<p>%</p>,2026-02-05 08:00:00,全馏,延化180万吨/年汽油精制装置
0.8,ST040127,<p>%</p>,2026-02-05 08:00:00,平均残留百分数(B),延化180万吨/年汽油精制装置
56.00,ST040127,<p>gBr/100g</p>,2026-02-05 08:00:00,溴价 gBr/100g,延化180万吨/年汽油精制装置
3.00,ST040127,<p>ppm</p>,2026-02-05 08:00:00,硫含量,延化180万吨/年汽油精制装置
0.20,ST040127,<p>mg/100mL</p>,2026-02-05 08:00:00,未洗胶质,延化180万吨/年汽油精制装置
78.4,ST040127,<p>kPa</p>,2026-02-05 08:00:00,饱和蒸汽压(X),延化180万吨/年汽油精制装置
26.6,ST040127,%（v/v) ,2026-02-05 08:00:00,烯烃含量,延化180万吨/年汽油精制装置
15.4,ST040127,%（v/v) ,2026-02-05 08:00:00,芳烃含量,延化180万吨/年汽油精制装置
58.0,ST040127,%（v/v) ,2026-02-05 08:00:00,烷烃含量,延化180万吨/年汽油精制装置
3.00,ST040127,<p>ppm</p>,2026-02-05 20:00:00,硫含量,延化180万吨/年汽油精制装置
42.5,ST040127,℃,2026-02-06 08:00:00,10%平均蒸发温度T10%,延化180万吨/年汽油精制装置
28.8,ST040127,℃,2026-02-06 08:00:00,初馏点蒸发温度 TIBP,延化180万吨/年汽油精制装置
80.5,ST040127,℃,2026-02-06 08:00:00,50%平均蒸发温度T50%,延化180万吨/年汽油精制装置
161.2,ST040127,℃,2026-02-06 08:00:00,90%平均蒸发温度T90%,延化180万吨/年汽油精制装置
188.7,ST040127,℃,2026-02-06 08:00:00,终馏点蒸发温度TFBP,延化180万吨/年汽油精制装置
3.00,ST040127,<p>ppm</p>,2026-02-06 08:00:00,硫含量,延化180万吨/年汽油精制装置
0.8,ST040127,<p>%</p>,2026-02-06 08:00:00,平均残留百分数(B),延化180万吨/年汽油精制装置
715.8,ST040127,<p>kg/m<sup>3</sup></p>,2026-02-06 08:00:00,密度(20℃),延化180万吨/年汽油精制装置
58.00,ST040127,<p>gBr/100g</p>,2026-02-06 08:00:00,溴价 gBr/100g,延化180万吨/年汽油精制装置
98.0,ST040127,<p>%</p>,2026-02-06 08:00:00,全馏,延化180万吨/年汽油精制装置
3.00,ST040127,<p>ppm</p>,2026-02-06 20:00:00,硫含量,延化180万吨/年汽油精制装置
73.0,ST040127,℃,2026-02-07 08:00:00,50%平均蒸发温度T50%,延化180万吨/年汽油精制装置
56.00,ST040127,<p>gBr/100g</p>,2026-02-07 08:00:00,溴价 gBr/100g,延化180万吨/年汽油精制装置
716.8,ST040127,<p>kg/m<sup>3</sup></p>,2026-02-07 08:00:00,密度(20℃),延化180万吨/年汽油精制装置
42.0,ST040127,℃,2026-02-07 08:00:00,10%平均蒸发温度T10%,延化180万吨/年汽油精制装置
26.9,ST040127,℃,2026-02-07 08:00:00,初馏点蒸发温度 TIBP,延化180万吨/年汽油精制装置
3.00,ST040127,<p>ppm</p>,2026-02-07 08:00:00,硫含量,延化180万吨/年汽油精制装置
161.5,ST040127,℃,2026-02-07 08:00:00,90%平均蒸发温度T90%,延化180万吨/年汽油精制装置
188.0,ST040127,℃,2026-02-07 08:00:00,终馏点蒸发温度TFBP,延化180万吨/年汽油精制装置
98.0,ST040127,<p>%</p>,2026-02-07 08:00:00,全馏,延化180万吨/年汽油精制装置
0.8,ST040127,<p>%</p>,2026-02-07 08:00:00,平均残留百分数(B),延化180万吨/年汽油精制装置
3.00,ST040127,<p>ppm</p>,2026-02-07 20:00:00,硫含量,延化180万吨/年汽油精制装置
52.00,ST040127,<p>gBr/100g</p>,2026-02-08 08:00:00,溴价 gBr/100g,延化180万吨/年汽油精制装置
715.8,ST040127,<p>kg/m<sup>3</sup></p>,2026-02-08 08:00:00,密度(20℃),延化180万吨/年汽油精制装置
41.2,ST040127,℃,2026-02-08 08:00:00,10%平均蒸发温度T10%,延化180万吨/年汽油精制装置
81.5,ST040127,℃,2026-02-08 08:00:00,50%平均蒸发温度T50%,延化180万吨/年汽油精制装置
162.1,ST040127,℃,2026-02-08 08:00:00,90%平均蒸发温度T90%,延化180万吨/年汽油精制装置
189.5,ST040127,℃,2026-02-08 08:00:00,终馏点蒸发温度TFBP,延化180万吨/年汽油精制装置
98.0,ST040127,<p>%</p>,2026-02-08 08:00:00,全馏,延化180万吨/年汽油精制装置
0.8,ST040127,<p>%</p>,2026-02-08 08:00:00,平均残留百分数(B),延化180万吨/年汽油精制装置
23.0,ST040127,℃,2026-02-08 08:00:00,初馏点蒸发温度 TIBP,延化180万吨/年汽油精制装置
3.00,ST040127,<p>ppm</p>,2026-02-08 08:00:00,硫含量,延化180万吨/年汽油精制装置
3.00,ST040127,<p>ppm</p>,2026-02-08 20:00:00,硫含量,延化180万吨/年汽油精制装置
26.6,ST040127,℃,2026-02-09 08:00:00,初馏点蒸发温度 TIBP,延化180万吨/年汽油精制装置
38.7,ST040127,℃,2026-02-09 08:00:00,10%平均蒸发温度T10%,延化180万吨/年汽油精制装置
74.5,ST040127,℃,2026-02-09 08:00:00,50%平均蒸发温度T50%,延化180万吨/年汽油精制装置
158.6,ST040127,℃,2026-02-09 08:00:00,90%平均蒸发温度T90%,延化180万吨/年汽油精制装置
186.7,ST040127,℃,2026-02-09 08:00:00,终馏点蒸发温度TFBP,延化180万吨/年汽油精制装置
98.0,ST040127,<p>%</p>,2026-02-09 08:00:00,全馏,延化180万吨/年汽油精制装置
0.8,ST040127,<p>%</p>,2026-02-09 08:00:00,平均残留百分数(B),延化180万吨/年汽油精制装置
715.9,ST040127,<p>kg/m<sup>3</sup></p>,2026-02-09 08:00:00,密度(20℃),延化180万吨/年汽油精制装置
3.00,ST040127,<p>ppm</p>,2026-02-09 08:00:00,硫含量,延化180万吨/年汽油精制装置
54.00,ST040127,<p>gBr/100g</p>,2026-02-09 08:00:00,溴价 gBr/100g,延化180万吨/年汽油精制装置
88.7,ST040127,,2026-02-09 08:00:00,研究法辛烷值(RON),延化180万吨/年汽油精制装置
3.00,ST040127,<p>ppm</p>,2026-02-09 20:00:00,硫含量,延化180万吨/年汽油精制装置
156.8,ST040127,℃,2026-02-10 08:00:00,90%平均蒸发温度T90%,延化180万吨/年汽油精制装置
3.00,ST040127,<p>ppm</p>,2026-02-10 08:00:00,硫含量,延化180万吨/年汽油精制装置
39.4,ST040127,℃,2026-02-10 08:00:00,10%平均蒸发温度T10%,延化180万吨/年汽油精制装置
26.8,ST040127,℃,2026-02-10 08:00:00,初馏点蒸发温度 TIBP,延化180万吨/年汽油精制装置
74.9,ST040127,℃,2026-02-10 08:00:00,50%平均蒸发温度T50%,延化180万吨/年汽油精制装置
56.00,ST040127,<p>gBr/100g</p>,2026-02-10 08:00:00,溴价 gBr/100g,延化180万吨/年汽油精制装置
185.3,ST040127,℃,2026-02-10 08:00:00,终馏点蒸发温度TFBP,延化180万吨/年汽油精制装置
98.0,ST040127,<p>%</p>,2026-02-10 08:00:00,全馏,延化180万吨/年汽油精制装置
0.8,ST040127,<p>%</p>,2026-02-10 08:00:00,平均残留百分数(B),延化180万吨/年汽油精制装置
715.7,ST040127,<p>kg/m<sup>3</sup></p>,2026-02-10 08:00:00,密度(20℃),延化180万吨/年汽油精制装置
3.00,ST040127,<p>ppm</p>,2026-02-10 20:00:00,硫含量,延化180万吨/年汽油精制装置
40.9,ST040127,℃,2026-02-11 08:00:00,10%平均蒸发温度T10%,延化180万吨/年汽油精制装置
27.5,ST040127,℃,2026-02-11 08:00:00,初馏点蒸发温度 TIBP,延化180万吨/年汽油精制装置
78.8,ST040127,℃,2026-02-11 08:00:00,50%平均蒸发温度T50%,延化180万吨/年汽油精制装置
161.7,ST040127,℃,2026-02-11 08:00:00,90%平均蒸发温度T90%,延化180万吨/年汽油精制装置
188.4,ST040127,℃,2026-02-11 08:00:00,终馏点蒸发温度TFBP,延化180万吨/年汽油精制装置
98.0,ST040127,<p>%</p>,2026-02-11 08:00:00,全馏,延化180万吨/年汽油精制装置
0.8,ST040127,<p>%</p>,2026-02-11 08:00:00,平均残留百分数(B),延化180万吨/年汽油精制装置
716.6,ST040127,<p>kg/m<sup>3</sup></p>,2026-02-11 08:00:00,密度(20℃),延化180万吨/年汽油精制装置
56.00,ST040127,<p>gBr/100g</p>,2026-02-11 08:00:00,溴价 gBr/100g,延化180万吨/年汽油精制装置
3.00,ST040127,<p>ppm</p>,2026-02-11 08:00:00,硫含量,延化180万吨/年汽油精制装置
3.00,ST040127,<p>ppm</p>,2026-02-11 20:00:00,硫含量,延化180万吨/年汽油精制装置
3.00,ST040127,<p>ppm</p>,2026-02-12 08:00:00,硫含量,延化180万吨/年汽油精制装置
75.4,ST040127,<p>kPa</p>,2026-02-12 08:00:00,饱和蒸汽压(X),延化180万吨/年汽油精制装置
<0.5,ST040127,<p>mg/100mL</p>,2026-02-12 08:00:00,未洗胶质,延化180万吨/年汽油精制装置
25.3,ST040127,%（v/v) ,2026-02-12 08:00:00,烯烃含量,延化180万吨/年汽油精制装置
15.2,ST040127,%（v/v) ,2026-02-12 08:00:00,芳烃含量,延化180万吨/年汽油精制装置
59.5,ST040127,%（v/v) ,2026-02-12 08:00:00,烷烃含量,延化180万吨/年汽油精制装置
27.3,ST040127,℃,2026-02-12 08:00:00,初馏点蒸发温度 TIBP,延化180万吨/年汽油精制装置
715.3,ST040127,<p>kg/m<sup>3</sup></p>,2026-02-12 08:00:00,密度(20℃),延化180万吨/年汽油精制装置
40.4,ST040127,℃,2026-02-12 08:00:00,10%平均蒸发温度T10%,延化180万吨/年汽油精制装置
78.1,ST040127,℃,2026-02-12 08:00:00,50%平均蒸发温度T50%,延化180万吨/年汽油精制装置
160.3,ST040127,℃,2026-02-12 08:00:00,90%平均蒸发温度T90%,延化180万吨/年汽油精制装置
187.2,ST040127,℃,2026-02-12 08:00:00,终馏点蒸发温度TFBP,延化180万吨/年汽油精制装置
98.0,ST040127,<p>%</p>,2026-02-12 08:00:00,全馏,延化180万吨/年汽油精制装置
0.8,ST040127,<p>%</p>,2026-02-12 08:00:00,平均残留百分数(B),延化180万吨/年汽油精制装置
55.00,ST040127,<p>gBr/100g</p>,2026-02-12 08:00:00,溴价 gBr/100g,延化180万吨/年汽油精制装置
1,ST040127,级,2026-02-12 08:00:00,铜片腐蚀(50℃，3h),延化180万吨/年汽油精制装置
2.00,ST040127,<p>ppm</p>,2026-02-12 20:00:00,硫含量,延化180万吨/年汽油精制装置
188.9,ST040127,℃,2026-02-13 08:00:00,终馏点蒸发温度TFBP,延化180万吨/年汽油精制装置
27.5,ST040127,℃,2026-02-13 08:00:00,初馏点蒸发温度 TIBP,延化180万吨/年汽油精制装置
41.6,ST040127,℃,2026-02-13 08:00:00,10%平均蒸发温度T10%,延化180万吨/年汽油精制装置
81.4,ST040127,℃,2026-02-13 08:00:00,50%平均蒸发温度T50%,延化180万吨/年汽油精制装置
162.6,ST040127,℃,2026-02-13 08:00:00,90%平均蒸发温度T90%,延化180万吨/年汽油精制装置
55.00,ST040127,<p>gBr/100g</p>,2026-02-13 08:00:00,溴价 gBr/100g,延化180万吨/年汽油精制装置
98.0,ST040127,<p>%</p>,2026-02-13 08:00:00,全馏,延化180万吨/年汽油精制装置
0.8,ST040127,<p>%</p>,2026-02-13 08:00:00,平均残留百分数(B),延化180万吨/年汽油精制装置
3.00,ST040127,<p>ppm</p>,2026-02-13 08:00:00,硫含量,延化180万吨/年汽油精制装置
715.3,ST040127,<p>kg/m<sup>3</sup></p>,2026-02-13 08:00:00,密度(20℃),延化180万吨/年汽油精制装置
3.00,ST040127,<p>ppm</p>,2026-02-13 20:00:00,硫含量,延化180万吨/年汽油精制装置
88.0,ST040127,℃,2026-02-14 08:00:00,50%平均蒸发温度T50%,延化180万吨/年汽油精制装置
166.8,ST040127,℃,2026-02-14 08:00:00,90%平均蒸发温度T90%,延化180万吨/年汽油精制装置
196.8,ST040127,℃,2026-02-14 08:00:00,终馏点蒸发温度TFBP,延化180万吨/年汽油精制装置
98.0,ST040127,<p>%</p>,2026-02-14 08:00:00,全馏,延化180万吨/年汽油精制装置
0.8,ST040127,<p>%</p>,2026-02-14 08:00:00,平均残留百分数(B),延化180万吨/年汽油精制装置
716.9,ST040127,<p>kg/m<sup>3</sup></p>,2026-02-14 08:00:00,密度(20℃),延化180万吨/年汽油精制装置
3.00,ST040127,<p>ppm</p>,2026-02-14 08:00:00,硫含量,延化180万吨/年汽油精制装置
46.2,ST040127,℃,2026-02-14 08:00:00,10%平均蒸发温度T10%,延化180万吨/年汽油精制装置
30.8,ST040127,℃,2026-02-14 08:00:00,初馏点蒸发温度 TIBP,延化180万吨/年汽油精制装置
56.00,ST040127,<p>gBr/100g</p>,2026-02-14 08:00:00,溴价 gBr/100g,延化180万吨/年汽油精制装置
3.00,ST040127,<p>ppm</p>,2026-02-14 20:00:00,硫含量,延化180万吨/年汽油精制装置
27.2,ST040127,℃,2026-02-15 08:00:00,初馏点蒸发温度 TIBP,延化180万吨/年汽油精制装置
40.5,ST040127,℃,2026-02-15 08:00:00,10%平均蒸发温度T10%,延化180万吨/年汽油精制装置
76.2,ST040127,℃,2026-02-15 08:00:00,50%平均蒸发温度T50%,延化180万吨/年汽油精制装置
159.8,ST040127,℃,2026-02-15 08:00:00,90%平均蒸发温度T90%,延化180万吨/年汽油精制装置
188.6,ST040127,℃,2026-02-15 08:00:00,终馏点蒸发温度TFBP,延化180万吨/年汽油精制装置
98.0,ST040127,<p>%</p>,2026-02-15 08:00:00,全馏,延化180万吨/年汽油精制装置
0.8,ST040127,<p>%</p>,2026-02-15 08:00:00,平均残留百分数(B),延化180万吨/年汽油精制装置
715.2,ST040127,<p>kg/m<sup>3</sup></p>,2026-02-15 08:00:00,密度(20℃),延化180万吨/年汽油精制装置
54.00,ST040127,<p>gBr/100g</p>,2026-02-15 08:00:00,溴价 gBr/100g,延化180万吨/年汽油精制装置
3.00,ST040127,<p>ppm</p>,2026-02-15 08:00:00,硫含量,延化180万吨/年汽油精制装置
2.00,ST040127,<p>ppm</p>,2026-02-15 20:00:00,硫含量,延化180万吨/年汽油精制装置
77.2,ST040127,℃,2026-02-16 08:00:00,50%平均蒸发温度T50%,延化180万吨/年汽油精制装置
715.0,ST040127,<p>kg/m<sup>3</sup></p>,2026-02-16 08:00:00,密度(20℃),延化180万吨/年汽油精制装置
55.00,ST040127,<p>gBr/100g</p>,2026-02-16 08:00:00,溴价 gBr/100g,延化180万吨/年汽油精制装置
26.9,ST040127,℃,2026-02-16 08:00:00,初馏点蒸发温度 TIBP,延化180万吨/年汽油精制装置
39.9,ST040127,℃,2026-02-16 08:00:00,10%平均蒸发温度T10%,延化180万吨/年汽油精制装置
3.00,ST040127,<p>ppm</p>,2026-02-16 08:00:00,硫含量,延化180万吨/年汽油精制装置
160.6,ST040127,℃,2026-02-16 08:00:00,90%平均蒸发温度T90%,延化180万吨/年汽油精制装置
188.0,ST040127,℃,2026-02-16 08:00:00,终馏点蒸发温度TFBP,延化180万吨/年汽油精制装置
98.0,ST040127,<p>%</p>,2026-02-16 08:00:00,全馏,延化180万吨/年汽油精制装置
0.8,ST040127,<p>%</p>,2026-02-16 08:00:00,平均残留百分数(B),延化180万吨/年汽油精制装置
88.3,ST040127,,2026-02-16 08:00:00,研究法辛烷值(RON),延化180万吨/年汽油精制装置
2.00,ST040127,<p>ppm</p>,2026-02-16 20:00:00,硫含量,延化180万吨/年汽油精制装置
188.2,ST040127,℃,2026-02-17 08:00:00,终馏点蒸发温度TFBP,延化180万吨/年汽油精制装置
98.0,ST040127,<p>%</p>,2026-02-17 08:00:00,全馏,延化180万吨/年汽油精制装置
0.8,ST040127,<p>%</p>,2026-02-17 08:00:00,平均残留百分数(B),延化180万吨/年汽油精制装置
3.00,ST040127,<p>ppm</p>,2026-02-17 08:00:00,硫含量,延化180万吨/年汽油精制装置
715.4,ST040127,<p>kg/m<sup>3</sup></p>,2026-02-17 08:00:00,密度(20℃),延化180万吨/年汽油精制装置
56.00,ST040127,<p>gBr/100g</p>,2026-02-17 08:00:00,溴价 gBr/100g,延化180万吨/年汽油精制装置
27.1,ST040127,℃,2026-02-17 08:00:00,初馏点蒸发温度 TIBP,延化180万吨/年汽油精制装置
40.2,ST040127,℃,2026-02-17 08:00:00,10%平均蒸发温度T10%,延化180万吨/年汽油精制装置
77.9,ST040127,℃,2026-02-17 08:00:00,50%平均蒸发温度T50%,延化180万吨/年汽油精制装置
161.3,ST040127,℃,2026-02-17 08:00:00,90%平均蒸发温度T90%,延化180万吨/年汽油精制装置
2.00,ST040127,<p>ppm</p>,2026-02-17 20:00:00,硫含量,延化180万吨/年汽油精制装置
3.00,ST040127,<p>ppm</p>,2026-02-18 08:00:00,硫含量,延化180万吨/年汽油精制装置
714.8,ST040127,<p>kg/m<sup>3</sup></p>,2026-02-18 08:00:00,密度(20℃),延化180万吨/年汽油精制装置
54.00,ST040127,<p>gBr/100g</p>,2026-02-18 08:00:00,溴价 gBr/100g,延化180万吨/年汽油精制装置
26.9,ST040127,℃,2026-02-18 08:00:00,初馏点蒸发温度 TIBP,延化180万吨/年汽油精制装置
39.7,ST040127,℃,2026-02-18 08:00:00,10%平均蒸发温度T10%,延化180万吨/年汽油精制装置
78.4,ST040127,℃,2026-02-18 08:00:00,50%平均蒸发温度T50%,延化180万吨/年汽油精制装置
161.6,ST040127,℃,2026-02-18 08:00:00,90%平均蒸发温度T90%,延化180万吨/年汽油精制装置
188.9,ST040127,℃,2026-02-18 08:00:00,终馏点蒸发温度TFBP,延化180万吨/年汽油精制装置
98.0,ST040127,<p>%</p>,2026-02-18 08:00:00,全馏,延化180万吨/年汽油精制装置
0.8,ST040127,<p>%</p>,2026-02-18 08:00:00,平均残留百分数(B),延化180万吨/年汽油精制装置
2.00,ST040127,<p>ppm</p>,2026-02-18 20:00:00,硫含量,延化180万吨/年汽油精制装置
29.3,ST040127,℃,2026-02-19 08:00:00,初馏点蒸发温度 TIBP,延化180万吨/年汽油精制装置
46.2,ST040127,℃,2026-02-19 08:00:00,10%平均蒸发温度T10%,延化180万吨/年汽油精制装置
88.6,ST040127,℃,2026-02-19 08:00:00,50%平均蒸发温度T50%,延化180万吨/年汽油精制装置
166.0,ST040127,℃,2026-02-19 08:00:00,90%平均蒸发温度T90%,延化180万吨/年汽油精制装置
192.0,ST040127,℃,2026-02-19 08:00:00,终馏点蒸发温度TFBP,延化180万吨/年汽油精制装置
98.0,ST040127,<p>%</p>,2026-02-19 08:00:00,全馏,延化180万吨/年汽油精制装置
0.8,ST040127,<p>%</p>,2026-02-19 08:00:00,平均残留百分数(B),延化180万吨/年汽油精制装置
714.2,ST040127,<p>kg/m<sup>3</sup></p>,2026-02-19 08:00:00,密度(20℃),延化180万吨/年汽油精制装置
58.00,ST040127,<p>gBr/100g</p>,2026-02-19 08:00:00,溴价 gBr/100g,延化180万吨/年汽油精制装置
<0.5,ST040127,<p>mg/100mL</p>,2026-02-19 08:00:00,未洗胶质,延化180万吨/年汽油精制装置
77.4,ST040127,<p>kPa</p>,2026-02-19 08:00:00,饱和蒸汽压(X),延化180万吨/年汽油精制装置
25.6,ST040127,%（v/v) ,2026-02-19 08:00:00,烯烃含量,延化180万吨/年汽油精制装置
15.4,ST040127,%（v/v) ,2026-02-19 08:00:00,芳烃含量,延化180万吨/年汽油精制装置
59.0,ST040127,%（v/v) ,2026-02-19 08:00:00,烷烃含量,延化180万吨/年汽油精制装置
3.00,ST040127,<p>ppm</p>,2026-02-19 08:00:00,硫含量,延化180万吨/年汽油精制装置
1,ST040127,级,2026-02-19 08:00:00,铜片腐蚀(50℃，3h),延化180万吨/年汽油精制装置
3.00,ST040127,<p>ppm</p>,2026-02-19 20:00:00,硫含量,延化180万吨/年汽油精制装置
3.00,ST040127,<p>ppm</p>,2026-02-20 08:00:00,硫含量,延化180万吨/年汽油精制装置
27.0,ST040127,℃,2026-02-20 08:00:00,初馏点蒸发温度 TIBP,延化180万吨/年汽油精制装置
40.4,ST040127,℃,2026-02-20 08:00:00,10%平均蒸发温度T10%,延化180万吨/年汽油精制装置
78.6,ST040127,℃,2026-02-20 08:00:00,50%平均蒸发温度T50%,延化180万吨/年汽油精制装置
161.4,ST040127,℃,2026-02-20 08:00:00,90%平均蒸发温度T90%,延化180万吨/年汽油精制装置
188.6,ST040127,℃,2026-02-20 08:00:00,终馏点蒸发温度TFBP,延化180万吨/年汽油精制装置
98.0,ST040127,<p>%</p>,2026-02-20 08:00:00,全馏,延化180万吨/年汽油精制装置
0.8,ST040127,<p>%</p>,2026-02-20 08:00:00,平均残留百分数(B),延化180万吨/年汽油精制装置
715.4,ST040127,<p>kg/m<sup>3</sup></p>,2026-02-20 08:00:00,密度(20℃),延化180万吨/年汽油精制装置
58.00,ST040127,<p>gBr/100g</p>,2026-02-20 08:00:00,溴价 gBr/100g,延化180万吨/年汽油精制装置
3.00,ST040127,<p>ppm</p>,2026-02-20 20:00:00,硫含量,延化180万吨/年汽油精制装置
0.8,ST040127,<p>%</p>,2026-02-21 08:00:00,平均残留百分数(B),延化180万吨/年汽油精制装置
29.5,ST040127,℃,2026-02-21 08:00:00,初馏点蒸发温度 TIBP,延化180万吨/年汽油精制装置
40.6,ST040127,℃,2026-02-21 08:00:00,10%平均蒸发温度T10%,延化180万吨/年汽油精制装置
76.5,ST040127,℃,2026-02-21 08:00:00,50%平均蒸发温度T50%,延化180万吨/年汽油精制装置
161.5,ST040127,℃,2026-02-21 08:00:00,90%平均蒸发温度T90%,延化180万吨/年汽油精制装置
189.0,ST040127,℃,2026-02-21 08:00:00,终馏点蒸发温度TFBP,延化180万吨/年汽油精制装置
98.0,ST040127,<p>%</p>,2026-02-21 08:00:00,全馏,延化180万吨/年汽油精制装置
713.6,ST040127,<p>kg/m<sup>3</sup></p>,2026-02-21 08:00:00,密度(20℃),延化180万吨/年汽油精制装置
55.00,ST040127,<p>gBr/100g</p>,2026-02-21 08:00:00,溴价 gBr/100g,延化180万吨/年汽油精制装置
3.00,ST040127,<p>ppm</p>,2026-02-21 08:00:00,硫含量,延化180万吨/年汽油精制装置
3.00,ST040127,<p>ppm</p>,2026-02-21 20:00:00,硫含量,延化180万吨/年汽油精制装置
98.0,ST040127,<p>%</p>,2026-02-22 08:00:00,全馏,延化180万吨/年汽油精制装置
0.8,ST040127,<p>%</p>,2026-02-22 08:00:00,平均残留百分数(B),延化180万吨/年汽油精制装置
3.00,ST040127,<p>ppm</p>,2026-02-22 08:00:00,硫含量,延化180万吨/年汽油精制装置
715.8,ST040127,<p>kg/m<sup>3</sup></p>,2026-02-22 08:00:00,密度(20℃),延化180万吨/年汽油精制装置
54.00,ST040127,<p>gBr/100g</p>,2026-02-22 08:00:00,溴价 gBr/100g,延化180万吨/年汽油精制装置
29.4,ST040127,℃,2026-02-22 08:00:00,初馏点蒸发温度 TIBP,延化180万吨/年汽油精制装置
44.2,ST040127,℃,2026-02-22 08:00:00,10%平均蒸发温度T10%,延化180万吨/年汽油精制装置
84.5,ST040127,℃,2026-02-22 08:00:00,50%平均蒸发温度T50%,延化180万吨/年汽油精制装置
164.9,ST040127,℃,2026-02-22 08:00:00,90%平均蒸发温度T90%,延化180万吨/年汽油精制装置
192.7,ST040127,℃,2026-02-22 08:00:00,终馏点蒸发温度TFBP,延化180万吨/年汽油精制装置
3.00,ST040127,<p>ppm</p>,2026-02-22 20:00:00,硫含量,延化180万吨/年汽油精制装置
162.0,ST040127,℃,2026-02-23 08:00:00,90%平均蒸发温度T90%,延化180万吨/年汽油精制装置
190.0,ST040127,℃,2026-02-23 08:00:00,终馏点蒸发温度TFBP,延化180万吨/年汽油精制装置
98.0,ST040127,<p>%</p>,2026-02-23 08:00:00,全馏,延化180万吨/年汽油精制装置
0.8,ST040127,<p>%</p>,2026-02-23 08:00:00,平均残留百分数(B),延化180万吨/年汽油精制装置
714.9,ST040127,<p>kg/m<sup>3</sup></p>,2026-02-23 08:00:00,密度(20℃),延化180万吨/年汽油精制装置
52.00,ST040127,<p>gBr/100g</p>,2026-02-23 08:00:00,溴价 gBr/100g,延化180万吨/年汽油精制装置
26.5,ST040127,℃,2026-02-23 08:00:00,初馏点蒸发温度 TIBP,延化180万吨/年汽油精制装置
40.4,ST040127,℃,2026-02-23 08:00:00,10%平均蒸发温度T10%,延化180万吨/年汽油精制装置
79.4,ST040127,℃,2026-02-23 08:00:00,50%平均蒸发温度T50%,延化180万吨/年汽油精制装置
89.6,ST040127,,2026-02-23 08:00:00,研究法辛烷值(RON),延化180万吨/年汽油精制装置
3.00,ST040127,<p>ppm</p>,2026-02-23 08:00:00,硫含量,延化180万吨/年汽油精制装置
2.00,ST040127,<p>ppm</p>,2026-02-23 20:00:00,硫含量,延化180万吨/年汽油精制装置
715.6,ST040127,<p>kg/m<sup>3</sup></p>,2026-02-24 08:00:00,密度(20℃),延化180万吨/年汽油精制装置
50.00,ST040127,<p>gBr/100g</p>,2026-02-24 08:00:00,溴价 gBr/100g,延化180万吨/年汽油精制装置
3.00,ST040127,<p>ppm</p>,2026-02-24 08:00:00,硫含量,延化180万吨/年汽油精制装置
26.2,ST040127,℃,2026-02-24 08:00:00,初馏点蒸发温度 TIBP,延化180万吨/年汽油精制装置
38.9,ST040127,℃,2026-02-24 08:00:00,10%平均蒸发温度T10%,延化180万吨/年汽油精制装置
76.9,ST040127,℃,2026-02-24 08:00:00,50%平均蒸发温度T50%,延化180万吨/年汽油精制装置
158.0,ST040127,℃,2026-02-24 08:00:00,90%平均蒸发温度T90%,延化180万吨/年汽油精制装置
186.7,ST040127,℃,2026-02-24 08:00:00,终馏点蒸发温度TFBP,延化180万吨/年汽油精制装置
98.0,ST040127,<p>%</p>,2026-02-24 08:00:00,全馏,延化180万吨/年汽油精制装置
0.8,ST040127,<p>%</p>,2026-02-24 08:00:00,平均残留百分数(B),延化180万吨/年汽油精制装置
3.00,ST040127,<p>ppm</p>,2026-02-24 20:00:00,硫含量,延化180万吨/年汽油精制装置
714.9,ST040127,<p>kg/m<sup>3</sup></p>,2026-02-25 08:00:00,密度(20℃),延化180万吨/年汽油精制装置
54.00,ST040127,<p>gBr/100g</p>,2026-02-25 08:00:00,溴价 gBr/100g,延化180万吨/年汽油精制装置
3.00,ST040127,<p>ppm</p>,2026-02-25 08:00:00,硫含量,延化180万吨/年汽油精制装置
24.9,ST040127,℃,2026-02-25 08:00:00,初馏点蒸发温度 TIBP,延化180万吨/年汽油精制装置
40.8,ST040127,℃,2026-02-25 08:00:00,10%平均蒸发温度T10%,延化180万吨/年汽油精制装置
81.9,ST040127,℃,2026-02-25 08:00:00,50%平均蒸发温度T50%,延化180万吨/年汽油精制装置
160.8,ST040127,℃,2026-02-25 08:00:00,90%平均蒸发温度T90%,延化180万吨/年汽油精制装置
186.6,ST040127,℃,2026-02-25 08:00:00,终馏点蒸发温度TFBP,延化180万吨/年汽油精制装置
98.0,ST040127,<p>%</p>,2026-02-25 08:00:00,全馏,延化180万吨/年汽油精制装置
0.8,ST040127,<p>%</p>,2026-02-25 08:00:00,平均残留百分数(B),延化180万吨/年汽油精制装置
3.00,ST040127,<p>ppm</p>,2026-02-25 20:00:00,硫含量,延化180万吨/年汽油精制装置
3.00,ST040127,<p>ppm</p>,2026-02-26 08:00:00,硫含量,延化180万吨/年汽油精制装置
<0.5,ST040127,<p>mg/100mL</p>,2026-02-26 08:00:00,未洗胶质,延化180万吨/年汽油精制装置
75.7,ST040127,<p>kPa</p>,2026-02-26 08:00:00,饱和蒸汽压(X),延化180万吨/年汽油精制装置
26.0,ST040127,%（v/v) ,2026-02-26 08:00:00,烯烃含量,延化180万吨/年汽油精制装置
15.4,ST040127,%（v/v) ,2026-02-26 08:00:00,芳烃含量,延化180万吨/年汽油精制装置
58.6,ST040127,%（v/v) ,2026-02-26 08:00:00,烷烃含量,延化180万吨/年汽油精制装置
1,ST040127,级,2026-02-26 08:00:00,铜片腐蚀(50℃，3h),延化180万吨/年汽油精制装置
715.5,ST040127,<p>kg/m<sup>3</sup></p>,2026-02-26 08:00:00,密度(20℃),延化180万吨/年汽油精制装置
53.00,ST040127,<p>gBr/100g</p>,2026-02-26 08:00:00,溴价 gBr/100g,延化180万吨/年汽油精制装置
28.0,ST040127,℃,2026-02-26 08:00:00,初馏点蒸发温度 TIBP,延化180万吨/年汽油精制装置
44.1,ST040127,℃,2026-02-26 08:00:00,10%平均蒸发温度T10%,延化180万吨/年汽油精制装置
87.4,ST040127,℃,2026-02-26 08:00:00,50%平均蒸发温度T50%,延化180万吨/年汽油精制装置
166.1,ST040127,℃,2026-02-26 08:00:00,90%平均蒸发温度T90%,延化180万吨/年汽油精制装置
195.2,ST040127,℃,2026-02-26 08:00:00,终馏点蒸发温度TFBP,延化180万吨/年汽油精制装置
98.0,ST040127,<p>%</p>,2026-02-26 08:00:00,全馏,延化180万吨/年汽油精制装置
0.8,ST040127,<p>%</p>,2026-02-26 08:00:00,平均残留百分数(B),延化180万吨/年汽油精制装置
3.00,ST040127,<p>ppm</p>,2026-02-26 20:00:00,硫含量,延化180万吨/年汽油精制装置
3.00,ST040127,<p>ppm</p>,2026-02-27 08:00:00,硫含量,延化180万吨/年汽油精制装置
27.7,ST040127,℃,2026-02-27 08:00:00,初馏点蒸发温度 TIBP,延化180万吨/年汽油精制装置
40.4,ST040127,℃,2026-02-27 08:00:00,10%平均蒸发温度T10%,延化180万吨/年汽油精制装置
77.5,ST040127,℃,2026-02-27 08:00:00,50%平均蒸发温度T50%,延化180万吨/年汽油精制装置
161.9,ST040127,℃,2026-02-27 08:00:00,90%平均蒸发温度T90%,延化180万吨/年汽油精制装置
188.2,ST040127,℃,2026-02-27 08:00:00,终馏点蒸发温度TFBP,延化180万吨/年汽油精制装置
98.0,ST040127,<p>%</p>,2026-02-27 08:00:00,全馏,延化180万吨/年汽油精制装置
0.8,ST040127,<p>%</p>,2026-02-27 08:00:00,平均残留百分数(B),延化180万吨/年汽油精制装置
716.8,ST040127,<p>kg/m<sup>3</sup></p>,2026-02-27 08:00:00,密度(20℃),延化180万吨/年汽油精制装置
56.00,ST040127,<p>gBr/100g</p>,2026-02-27 08:00:00,溴价 gBr/100g,延化180万吨/年汽油精制装置
2.00,ST040127,<p>ppm</p>,2026-02-27 20:00:00,硫含量,延化180万吨/年汽油精制装置
71.5,ST040127,℃,2026-02-28 08:00:00,50%平均蒸发温度T50%,延化180万吨/年汽油精制装置
54.00,ST040127,<p>gBr/100g</p>,2026-02-28 08:00:00,溴价 gBr/100g,延化180万吨/年汽油精制装置
716.9,ST040127,<p>kg/m<sup>3</sup></p>,2026-02-28 08:00:00,密度(20℃),延化180万吨/年汽油精制装置
26.2,ST040127,℃,2026-02-28 08:00:00,初馏点蒸发温度 TIBP,延化180万吨/年汽油精制装置
37.7,ST040127,℃,2026-02-28 08:00:00,10%平均蒸发温度T10%,延化180万吨/年汽油精制装置
3.00,ST040127,<p>ppm</p>,2026-02-28 08:00:00,硫含量,延化180万吨/年汽油精制装置
152.4,ST040127,℃,2026-02-28 08:00:00,90%平均蒸发温度T90%,延化180万吨/年汽油精制装置
184.0,ST040127,℃,2026-02-28 08:00:00,终馏点蒸发温度TFBP,延化180万吨/年汽油精制装置
98.0,ST040127,<p>%</p>,2026-02-28 08:00:00,全馏,延化180万吨/年汽油精制装置
0.8,ST040127,<p>%</p>,2026-02-28 08:00:00,平均残留百分数(B),延化180万吨/年汽油精制装置
2.00,ST040127,<p>ppm</p>,2026-02-28 20:00:00,硫含量,延化180万吨/年汽油精制装置
3.00,ST040127,<p>ppm</p>,2026-03-01 08:00:00,硫含量,延化180万吨/年汽油精制装置
55.00,ST040127,<p>gBr/100g</p>,2026-03-01 08:00:00,溴价 gBr/100g,延化180万吨/年汽油精制装置
0.8,ST040127,<p>%</p>,2026-03-01 08:00:00,平均残留百分数(B),延化180万吨/年汽油精制装置
98.0,ST040127,<p>%</p>,2026-03-01 08:00:00,全馏,延化180万吨/年汽油精制装置
715.2,ST040127,<p>kg/m<sup>3</sup></p>,2026-03-01 08:00:00,密度(20℃),延化180万吨/年汽油精制装置
160.2,ST040127,℃,2026-03-01 08:00:00,90%平均蒸发温度T90%,延化180万吨/年汽油精制装置
78.6,ST040127,℃,2026-03-01 08:00:00,50%平均蒸发温度T50%,延化180万吨/年汽油精制装置
39.0,ST040127,℃,2026-03-01 08:00:00,10%平均蒸发温度T10%,延化180万吨/年汽油精制装置
25.1,ST040127,℃,2026-03-01 08:00:00,初馏点蒸发温度 TIBP,延化180万吨/年汽油精制装置
188.0,ST040127,℃,2026-03-01 08:00:00,终馏点蒸发温度TFBP,延化180万吨/年汽油精制装置
2.00,ST040127,<p>ppm</p>,2026-03-01 20:00:00,硫含量,延化180万吨/年汽油精制装置
3.00,ST040127,<p>ppm</p>,2026-03-02 08:00:00,硫含量,延化180万吨/年汽油精制装置
714.9,ST040127,<p>kg/m<sup>3</sup></p>,2026-03-02 08:00:00,密度(20℃),延化180万吨/年汽油精制装置
0.8,ST040127,<p>%</p>,2026-03-02 08:00:00,平均残留百分数(B),延化180万吨/年汽油精制装置
98.0,ST040127,<p>%</p>,2026-03-02 08:00:00,全馏,延化180万吨/年汽油精制装置
186.0,ST040127,℃,2026-03-02 08:00:00,终馏点蒸发温度TFBP,延化180万吨/年汽油精制装置
54.00,ST040127,<p>gBr/100g</p>,2026-03-02 08:00:00,溴价 gBr/100g,延化180万吨/年汽油精制装置
76.6,ST040127,℃,2026-03-02 08:00:00,50%平均蒸发温度T50%,延化180万吨/年汽油精制装置
89.1,ST040127,,2026-03-02 08:00:00,研究法辛烷值(RON),延化180万吨/年汽油精制装置
38.1,ST040127,℃,2026-03-02 08:00:00,10%平均蒸发温度T10%,延化180万吨/年汽油精制装置
26.0,ST040127,℃,2026-03-02 08:00:00,初馏点蒸发温度 TIBP,延化180万吨/年汽油精制装置
158.7,ST040127,℃,2026-03-02 08:00:00,90%平均蒸发温度T90%,延化180万吨/年汽油精制装置
2.00,ST040127,<p>ppm</p>,2026-03-02 20:00:00,硫含量,延化180万吨/年汽油精制装置
3.00,ST040127,<p>ppm</p>,2026-03-03 08:00:00,硫含量,延化180万吨/年汽油精制装置
26.7,ST040127,℃,2026-03-03 08:00:00,初馏点蒸发温度 TIBP,延化180万吨/年汽油精制装置
39.3,ST040127,℃,2026-03-03 08:00:00,10%平均蒸发温度T10%,延化180万吨/年汽油精制装置
78.5,ST040127,℃,2026-03-03 08:00:00,50%平均蒸发温度T50%,延化180万吨/年汽油精制装置
159.8,ST040127,℃,2026-03-03 08:00:00,90%平均蒸发温度T90%,延化180万吨/年汽油精制装置
187.3,ST040127,℃,2026-03-03 08:00:00,终馏点蒸发温度TFBP,延化180万吨/年汽油精制装置
98.0,ST040127,<p>%</p>,2026-03-03 08:00:00,全馏,延化180万吨/年汽油精制装置
0.8,ST040127,<p>%</p>,2026-03-03 08:00:00,平均残留百分数(B),延化180万吨/年汽油精制装置
56.00,ST040127,<p>gBr/100g</p>,2026-03-03 08:00:00,溴价 gBr/100g,延化180万吨/年汽油精制装置
715.3,ST040127,<p>kg/m<sup>3</sup></p>,2026-03-03 08:00:00,密度(20℃),延化180万吨/年汽油精制装置
26.5,ST040127,%（v/v) ,2026-03-03 15:44:00,烯烃含量,延化180万吨/年汽油精制装置
15.4,ST040127,%（v/v) ,2026-03-03 15:44:00,芳烃含量,延化180万吨/年汽油精制装置
58.1,ST040127,%（v/v) ,2026-03-03 15:44:00,烷烃含量,延化180万吨/年汽油精制装置
2.00,ST040127,<p>ppm</p>,2026-03-03 20:00:00,硫含量,延化180万吨/年汽油精制装置
52.00,ST040127,<p>gBr/100g</p>,2026-03-04 08:00:00,溴价 gBr/100g,延化180万吨/年汽油精制装置
3.00,ST040127,<p>ppm</p>,2026-03-04 08:00:00,硫含量,延化180万吨/年汽油精制装置
27.7,ST040127,℃,2026-03-04 08:00:00,初馏点蒸发温度 TIBP,延化180万吨/年汽油精制装置
39.9,ST040127,℃,2026-03-04 08:00:00,10%平均蒸发温度T10%,延化180万吨/年汽油精制装置
74.8,ST040127,℃,2026-03-04 08:00:00,50%平均蒸发温度T50%,延化180万吨/年汽油精制装置
159.1,ST040127,℃,2026-03-04 08:00:00,90%平均蒸发温度T90%,延化180万吨/年汽油精制装置
187.3,ST040127,℃,2026-03-04 08:00:00,终馏点蒸发温度TFBP,延化180万吨/年汽油精制装置
98.0,ST040127,<p>%</p>,2026-03-04 08:00:00,全馏,延化180万吨/年汽油精制装置
0.8,ST040127,<p>%</p>,2026-03-04 08:00:00,平均残留百分数(B),延化180万吨/年汽油精制装置
715.2,ST040127,<p>kg/m<sup>3</sup></p>,2026-03-04 08:00:00,密度(20℃),延化180万吨/年汽油精制装置
3.00,ST040127,<p>ppm</p>,2026-03-04 20:00:00,硫含量,延化180万吨/年汽油精制装置
1,ST040127,级,2026-03-05 08:00:00,铜片腐蚀(50℃，3h),延化180万吨/年汽油精制装置
57.8,ST040127,%（v/v) ,2026-03-05 08:00:00,烷烃含量,延化180万吨/年汽油精制装置
<0.5,ST040127,<p>mg/100mL</p>,2026-03-05 08:00:00,未洗胶质,延化180万吨/年汽油精制装置
79.8,ST040127,<p>kPa</p>,2026-03-05 08:00:00,饱和蒸汽压(X),延化180万吨/年汽油精制装置
54.00,ST040127,<p>gBr/100g</p>,2026-03-05 08:00:00,溴价 gBr/100g,延化180万吨/年汽油精制装置
715.6,ST040127,<p>kg/m<sup>3</sup></p>,2026-03-05 08:00:00,密度(20℃),延化180万吨/年汽油精制装置
26.4,ST040127,℃,2026-03-05 08:00:00,初馏点蒸发温度 TIBP,延化180万吨/年汽油精制装置
37.7,ST040127,℃,2026-03-05 08:00:00,10%平均蒸发温度T10%,延化180万吨/年汽油精制装置
76.4,ST040127,℃,2026-03-05 08:00:00,50%平均蒸发温度T50%,延化180万吨/年汽油精制装置
158.3,ST040127,℃,2026-03-05 08:00:00,90%平均蒸发温度T90%,延化180万吨/年汽油精制装置
186.7,ST040127,℃,2026-03-05 08:00:00,终馏点蒸发温度TFBP,延化180万吨/年汽油精制装置
98.0,ST040127,<p>%</p>,2026-03-05 08:00:00,全馏,延化180万吨/年汽油精制装置
0.8,ST040127,<p>%</p>,2026-03-05 08:00:00,平均残留百分数(B),延化180万吨/年汽油精制装置
3.00,ST040127,<p>ppm</p>,2026-03-05 08:00:00,硫含量,延化180万吨/年汽油精制装置
27.4,ST040127,%（v/v) ,2026-03-05 08:00:00,烯烃含量,延化180万吨/年汽油精制装置
14.8,ST040127,%（v/v) ,2026-03-05 08:00:00,芳烃含量,延化180万吨/年汽油精制装置
3.00,ST040127,<p>ppm</p>,2026-03-05 20:00:00,硫含量,延化180万吨/年汽油精制装置
714.8,ST040127,<p>kg/m<sup>3</sup></p>,2026-03-06 08:00:00,密度(20℃),延化180万吨/年汽油精制装置
55.00,ST040127,<p>gBr/100g</p>,2026-03-06 08:00:00,溴价 gBr/100g,延化180万吨/年汽油精制装置
3.00,ST040127,<p>ppm</p>,2026-03-06 08:00:00,硫含量,延化180万吨/年汽油精制装置
27.1,ST040127,℃,2026-03-06 08:00:00,初馏点蒸发温度 TIBP,延化180万吨/年汽油精制装置
39.5,ST040127,℃,2026-03-06 08:00:00,10%平均蒸发温度T10%,延化180万吨/年汽油精制装置
74.3,ST040127,℃,2026-03-06 08:00:00,50%平均蒸发温度T50%,延化180万吨/年汽油精制装置
158.1,ST040127,℃,2026-03-06 08:00:00,90%平均蒸发温度T90%,延化180万吨/年汽油精制装置
186.4,ST040127,℃,2026-03-06 08:00:00,终馏点蒸发温度TFBP,延化180万吨/年汽油精制装置
98.0,ST040127,<p>%</p>,2026-03-06 08:00:00,全馏,延化180万吨/年汽油精制装置
0.8,ST040127,<p>%</p>,2026-03-06 08:00:00,平均残留百分数(B),延化180万吨/年汽油精制装置
3.00,ST040127,<p>ppm</p>,2026-03-06 20:00:00,硫含量,延化180万吨/年汽油精制装置
27.9,ST040127,℃,2026-03-07 08:00:00,初馏点蒸发温度 TIBP,延化180万吨/年汽油精制装置
41.9,ST040127,℃,2026-03-07 08:00:00,10%平均蒸发温度T10%,延化180万吨/年汽油精制装置
84.1,ST040127,℃,2026-03-07 08:00:00,50%平均蒸发温度T50%,延化180万吨/年汽油精制装置
164.7,ST040127,℃,2026-03-07 08:00:00,90%平均蒸发温度T90%,延化180万吨/年汽油精制装置
193.9,ST040127,℃,2026-03-07 08:00:00,终馏点蒸发温度TFBP,延化180万吨/年汽油精制装置
98.0,ST040127,<p>%</p>,2026-03-07 08:00:00,全馏,延化180万吨/年汽油精制装置
0.8,ST040127,<p>%</p>,2026-03-07 08:00:00,平均残留百分数(B),延化180万吨/年汽油精制装置
3.00,ST040127,<p>ppm</p>,2026-03-07 08:00:00,硫含量,延化180万吨/年汽油精制装置
715.3,ST040127,<p>kg/m<sup>3</sup></p>,2026-03-07 08:00:00,密度(20℃),延化180万吨/年汽油精制装置
53.00,ST040127,<p>gBr/100g</p>,2026-03-07 08:00:00,溴价 gBr/100g,延化180万吨/年汽油精制装置
3.00,ST040127,<p>ppm</p>,2026-03-07 20:00:00,硫含量,延化180万吨/年汽油精制装置
27.5,ST040127,℃,2026-03-08 08:00:00,初馏点蒸发温度 TIBP,延化180万吨/年汽油精制装置
40.2,ST040127,℃,2026-03-08 08:00:00,10%平均蒸发温度T10%,延化180万吨/年汽油精制装置
81.3,ST040127,℃,2026-03-08 08:00:00,50%平均蒸发温度T50%,延化180万吨/年汽油精制装置
163.0,ST040127,℃,2026-03-08 08:00:00,90%平均蒸发温度T90%,延化180万吨/年汽油精制装置
192.2,ST040127,℃,2026-03-08 08:00:00,终馏点蒸发温度TFBP,延化180万吨/年汽油精制装置
98.0,ST040127,<p>%</p>,2026-03-08 08:00:00,全馏,延化180万吨/年汽油精制装置
0.8,ST040127,<p>%</p>,2026-03-08 08:00:00,平均残留百分数(B),延化180万吨/年汽油精制装置
715.5,ST040127,<p>kg/m<sup>3</sup></p>,2026-03-08 08:00:00,密度(20℃),延化180万吨/年汽油精制装置
54.00,ST040127,<p>gBr/100g</p>,2026-03-08 08:00:00,溴价 gBr/100g,延化180万吨/年汽油精制装置
3.00,ST040127,<p>ppm</p>,2026-03-08 08:00:00,硫含量,延化180万吨/年汽油精制装置
3.00,ST040127,<p>ppm</p>,2026-03-08 20:00:00,硫含量,延化180万吨/年汽油精制装置
3.00,ST040127,<p>ppm</p>,2026-03-09 08:00:00,硫含量,延化180万吨/年汽油精制装置
88.2,ST040127,,2026-03-09 08:00:00,研究法辛烷值(RON),延化180万吨/年汽油精制装置
0.8,ST040127,<p>%</p>,2026-03-09 08:00:00,平均残留百分数(B),延化180万吨/年汽油精制装置
715.7,ST040127,<p>kg/m<sup>3</sup></p>,2026-03-09 08:00:00,密度(20℃),延化180万吨/年汽油精制装置
53.00,ST040127,<p>gBr/100g</p>,2026-03-09 08:00:00,溴价 gBr/100g,延化180万吨/年汽油精制装置
98.0,ST040127,<p>%</p>,2026-03-09 08:00:00,全馏,延化180万吨/年汽油精制装置
39.9,ST040127,℃,2026-03-09 08:00:00,10%平均蒸发温度T10%,延化180万吨/年汽油精制装置
82.2,ST040127,℃,2026-03-09 08:00:00,50%平均蒸发温度T50%,延化180万吨/年汽油精制装置
163.4,ST040127,℃,2026-03-09 08:00:00,90%平均蒸发温度T90%,延化180万吨/年汽油精制装置
190.8,ST040127,℃,2026-03-09 08:00:00,终馏点蒸发温度TFBP,延化180万吨/年汽油精制装置
25.3,ST040127,℃,2026-03-09 08:00:00,初馏点蒸发温度 TIBP,延化180万吨/年汽油精制装置
3.00,ST040127,<p>ppm</p>,2026-03-09 19:00:00,硫含量,延化180万吨/年汽油精制装置
98.0,ST040127,<p>%</p>,2026-03-09 19:00:00,全馏,延化180万吨/年汽油精制装置
0.8,ST040127,<p>%</p>,2026-03-09 19:00:00,平均残留百分数(B),延化180万吨/年汽油精制装置
51.00,ST040127,<p>gBr/100g</p>,2026-03-09 19:00:00,溴价 gBr/100g,延化180万吨/年汽油精制装置
716.1,ST040127,<p>kg/m<sup>3</sup></p>,2026-03-09 19:00:00,密度(20℃),延化180万吨/年汽油精制装置
25.5,ST040127,℃,2026-03-09 19:00:00,初馏点蒸发温度 TIBP,延化180万吨/年汽油精制装置
40.5,ST040127,℃,2026-03-09 19:00:00,10%平均蒸发温度T10%,延化180万吨/年汽油精制装置
82.0,ST040127,℃,2026-03-09 19:00:00,50%平均蒸发温度T50%,延化180万吨/年汽油精制装置
162.6,ST040127,℃,2026-03-09 19:00:00,90%平均蒸发温度T90%,延化180万吨/年汽油精制装置
190.8,ST040127,℃,2026-03-09 19:00:00,终馏点蒸发温度TFBP,延化180万吨/年汽油精制装置
3.00,ST040127,<p>ppm</p>,2026-03-09 20:00:00,硫含量,延化180万吨/年汽油精制装置
167.3,ST040127,℃,2026-03-10 08:00:00,90%平均蒸发温度T90%,延化180万吨/年汽油精制装置
3.00,ST040127,<p>ppm</p>,2026-03-10 08:00:00,硫含量,延化180万吨/年汽油精制装置
28.0,ST040127,℃,2026-03-10 08:00:00,初馏点蒸发温度 TIBP,延化180万吨/年汽油精制装置
43.5,ST040127,℃,2026-03-10 08:00:00,10%平均蒸发温度T10%,延化180万吨/年汽油精制装置
87.4,ST040127,℃,2026-03-10 08:00:00,50%平均蒸发温度T50%,延化180万吨/年汽油精制装置
56.00,ST040127,<p>gBr/100g</p>,2026-03-10 08:00:00,溴价 gBr/100g,延化180万吨/年汽油精制装置
196.2,ST040127,℃,2026-03-10 08:00:00,终馏点蒸发温度TFBP,延化180万吨/年汽油精制装置
98.0,ST040127,<p>%</p>,2026-03-10 08:00:00,全馏,延化180万吨/年汽油精制装置
0.8,ST040127,<p>%</p>,2026-03-10 08:00:00,平均残留百分数(B),延化180万吨/年汽油精制装置
715.6,ST040127,<p>kg/m<sup>3</sup></p>,2026-03-10 08:00:00,密度(20℃),延化180万吨/年汽油精制装置
3.00,ST040127,<p>ppm</p>,2026-03-10 20:00:00,硫含量,延化180万吨/年汽油精制装置
714.2,ST040127,<p>kg/m<sup>3</sup></p>,2026-03-11 08:00:00,密度(20℃),延化180万吨/年汽油精制装置
55.00,ST040127,<p>gBr/100g</p>,2026-03-11 08:00:00,溴价 gBr/100g,延化180万吨/年汽油精制装置
27.0,ST040127,℃,2026-03-11 08:00:00,初馏点蒸发温度 TIBP,延化180万吨/年汽油精制装置
42.3,ST040127,℃,2026-03-11 08:00:00,10%平均蒸发温度T10%,延化180万吨/年汽油精制装置
87.9,ST040127,℃,2026-03-11 08:00:00,50%平均蒸发温度T50%,延化180万吨/年汽油精制装置
166.3,ST040127,℃,2026-03-11 08:00:00,90%平均蒸发温度T90%,延化180万吨/年汽油精制装置
198.0,ST040127,℃,2026-03-11 08:00:00,终馏点蒸发温度TFBP,延化180万吨/年汽油精制装置
98.0,ST040127,<p>%</p>,2026-03-11 08:00:00,全馏,延化180万吨/年汽油精制装置
0.8,ST040127,<p>%</p>,2026-03-11 08:00:00,平均残留百分数(B),延化180万吨/年汽油精制装置
3.00,ST040127,<p>ppm</p>,2026-03-11 08:00:00,硫含量,延化180万吨/年汽油精制装置
3.00,ST040127,<p>ppm</p>,2026-03-11 20:00:00,硫含量,延化180万吨/年汽油精制装置
<0.5,ST040127,<p>mg/100mL</p>,2026-03-12 08:00:00,未洗胶质,延化180万吨/年汽油精制装置
52.00,ST040127,<p>gBr/100g</p>,2026-03-12 08:00:00,溴价 gBr/100g,延化180万吨/年汽油精制装置
78.5,ST040127,<p>kPa</p>,2026-03-12 08:00:00,饱和蒸汽压(X),延化180万吨/年汽油精制装置
27.1,ST040127,%（v/v) ,2026-03-12 08:00:00,烯烃含量,延化180万吨/年汽油精制装置
17.2,ST040127,%（v/v) ,2026-03-12 08:00:00,芳烃含量,延化180万吨/年汽油精制装置
55.7,ST040127,%（v/v) ,2026-03-12 08:00:00,烷烃含量,延化180万吨/年汽油精制装置
3.00,ST040127,<p>ppm</p>,2026-03-12 08:00:00,硫含量,延化180万吨/年汽油精制装置
26.0,ST040127,℃,2026-03-12 08:00:00,初馏点蒸发温度 TIBP,延化180万吨/年汽油精制装置
46.5,ST040127,℃,2026-03-12 08:00:00,10%平均蒸发温度T10%,延化180万吨/年汽油精制装置
92.1,ST040127,℃,2026-03-12 08:00:00,50%平均蒸发温度T50%,延化180万吨/年汽油精制装置
167.5,ST040127,℃,2026-03-12 08:00:00,90%平均蒸发温度T90%,延化180万吨/年汽油精制装置
199.2,ST040127,℃,2026-03-12 08:00:00,终馏点蒸发温度TFBP,延化180万吨/年汽油精制装置
98.0,ST040127,<p>%</p>,2026-03-12 08:00:00,全馏,延化180万吨/年汽油精制装置
0.8,ST040127,<p>%</p>,2026-03-12 08:00:00,平均残留百分数(B),延化180万吨/年汽油精制装置
1,ST040127,级,2026-03-12 08:00:00,铜片腐蚀(50℃，3h),延化180万吨/年汽油精制装置
717.2,ST040127,<p>kg/m<sup>3</sup></p>,2026-03-12 08:00:00,密度(20℃),延化180万吨/年汽油精制装置
2.00,ST040127,<p>ppm</p>,2026-03-12 20:00:00,硫含量,延化180万吨/年汽油精制装置
3.00,ST040127,<p>ppm</p>,2026-03-13 08:00:00,硫含量,延化180万吨/年汽油精制装置
716.6,ST040127,<p>kg/m<sup>3</sup></p>,2026-03-13 08:00:00,密度(20℃),延化180万吨/年汽油精制装置
51.00,ST040127,<p>gBr/100g</p>,2026-03-13 08:00:00,溴价 gBr/100g,延化180万吨/年汽油精制装置
0.8,ST040127,<p>%</p>,2026-03-13 08:00:00,平均残留百分数(B),延化180万吨/年汽油精制装置
25.0,ST040127,℃,2026-03-13 08:00:00,初馏点蒸发温度 TIBP,延化180万吨/年汽油精制装置
42.5,ST040127,℃,2026-03-13 08:00:00,10%平均蒸发温度T10%,延化180万吨/年汽油精制装置
87.6,ST040127,℃,2026-03-13 08:00:00,50%平均蒸发温度T50%,延化180万吨/年汽油精制装置
166.6,ST040127,℃,2026-03-13 08:00:00,90%平均蒸发温度T90%,延化180万吨/年汽油精制装置
197.7,ST040127,℃,2026-03-13 08:00:00,终馏点蒸发温度TFBP,延化180万吨/年汽油精制装置
98.0,ST040127,<p>%</p>,2026-03-13 08:00:00,全馏,延化180万吨/年汽油精制装置
2.00,ST040127,<p>ppm</p>,2026-03-13 20:00:00,硫含量,延化180万吨/年汽油精制装置
714.9,ST040127,<p>kg/m<sup>3</sup></p>,2026-03-14 08:00:00,密度(20℃),延化180万吨/年汽油精制装置
50.00,ST040127,<p>gBr/100g</p>,2026-03-14 08:00:00,溴价 gBr/100g,延化180万吨/年汽油精制装置
24.4,ST040127,℃,2026-03-14 08:00:00,初馏点蒸发温度 TIBP,延化180万吨/年汽油精制装置
39.5,ST040127,℃,2026-03-14 08:00:00,10%平均蒸发温度T10%,延化180万吨/年汽油精制装置
77.5,ST040127,℃,2026-03-14 08:00:00,50%平均蒸发温度T50%,延化180万吨/年汽油精制装置
3.00,ST040127,<p>ppm</p>,2026-03-14 08:00:00,硫含量,延化180万吨/年汽油精制装置
159.2,ST040127,℃,2026-03-14 08:00:00,90%平均蒸发温度T90%,延化180万吨/年汽油精制装置
188.5,ST040127,℃,2026-03-14 08:00:00,终馏点蒸发温度TFBP,延化180万吨/年汽油精制装置
98.0,ST040127,<p>%</p>,2026-03-14 08:00:00,全馏,延化180万吨/年汽油精制装置
0.8,ST040127,<p>%</p>,2026-03-14 08:00:00,平均残留百分数(B),延化180万吨/年汽油精制装置
3.00,ST040127,<p>ppm</p>,2026-03-14 20:00:00,硫含量,延化180万吨/年汽油精制装置
3.00,ST040127,<p>ppm</p>,2026-03-15 08:00:00,硫含量,延化180万吨/年汽油精制装置
52.00,ST040127,<p>gBr/100g</p>,2026-03-15 08:00:00,溴价 gBr/100g,延化180万吨/年汽油精制装置
716.0,ST040127,<p>kg/m<sup>3</sup></p>,2026-03-15 08:00:00,密度(20℃),延化180万吨/年汽油精制装置
27.0,ST040127,℃,2026-03-15 08:00:00,初馏点蒸发温度 TIBP,延化180万吨/年汽油精制装置
42.4,ST040127,℃,2026-03-15 08:00:00,10%平均蒸发温度T10%,延化180万吨/年汽油精制装置
82.7,ST040127,℃,2026-03-15 08:00:00,50%平均蒸发温度T50%,延化180万吨/年汽油精制装置
163.9,ST040127,℃,2026-03-15 08:00:00,90%平均蒸发温度T90%,延化180万吨/年汽油精制装置
193.0,ST040127,℃,2026-03-15 08:00:00,终馏点蒸发温度TFBP,延化180万吨/年汽油精制装置
98.0,ST040127,<p>%</p>,2026-03-15 08:00:00,全馏,延化180万吨/年汽油精制装置
0.8,ST040127,<p>%</p>,2026-03-15 08:00:00,平均残留百分数(B),延化180万吨/年汽油精制装置
3.00,ST040127,<p>ppm</p>,2026-03-15 20:00:00,硫含量,延化180万吨/年汽油精制装置
3.00,ST040127,<p>ppm</p>,2026-03-16 08:00:00,硫含量,延化180万吨/年汽油精制装置
88.4,ST040127,,2026-03-16 08:00:00,研究法辛烷值(RON),延化180万吨/年汽油精制装置
54.00,ST040127,<p>gBr/100g</p>,2026-03-16 08:00:00,溴价 gBr/100g,延化180万吨/年汽油精制装置
716.6,ST040127,<p>kg/m<sup>3</sup></p>,2026-03-16 08:00:00,密度(20℃),延化180万吨/年汽油精制装置
26.8,ST040127,℃,2026-03-16 08:00:00,初馏点蒸发温度 TIBP,延化180万吨/年汽油精制装置
41.9,ST040127,℃,2026-03-16 08:00:00,10%平均蒸发温度T10%,延化180万吨/年汽油精制装置
83.1,ST040127,℃,2026-03-16 08:00:00,50%平均蒸发温度T50%,延化180万吨/年汽油精制装置
165.1,ST040127,℃,2026-03-16 08:00:00,90%平均蒸发温度T90%,延化180万吨/年汽油精制装置
193.7,ST040127,℃,2026-03-16 08:00:00,终馏点蒸发温度TFBP,延化180万吨/年汽油精制装置
98.0,ST040127,<p>%</p>,2026-03-16 08:00:00,全馏,延化180万吨/年汽油精制装置
0.8,ST040127,<p>%</p>,2026-03-16 08:00:00,平均残留百分数(B),延化180万吨/年汽油精制装置
3.00,ST040127,<p>ppm</p>,2026-03-16 20:00:00,硫含量,延化180万吨/年汽油精制装置
88.1,ST040127,℃,2026-03-17 08:00:00,50%平均蒸发温度T50%,延化180万吨/年汽油精制装置
716.4,ST040127,<p>kg/m<sup>3</sup></p>,2026-03-17 08:00:00,密度(20℃),延化180万吨/年汽油精制装置
50.00,ST040127,<p>gBr/100g</p>,2026-03-17 08:00:00,溴价 gBr/100g,延化180万吨/年汽油精制装置
28.0,ST040127,℃,2026-03-17 08:00:00,初馏点蒸发温度 TIBP,延化180万吨/年汽油精制装置
43.7,ST040127,℃,2026-03-17 08:00:00,10%平均蒸发温度T10%,延化180万吨/年汽油精制装置
3.00,ST040127,<p>ppm</p>,2026-03-17 08:00:00,硫含量,延化180万吨/年汽油精制装置
169.4,ST040127,℃,2026-03-17 08:00:00,90%平均蒸发温度T90%,延化180万吨/年汽油精制装置
199.3,ST040127,℃,2026-03-17 08:00:00,终馏点蒸发温度TFBP,延化180万吨/年汽油精制装置
98.0,ST040127,<p>%</p>,2026-03-17 08:00:00,全馏,延化180万吨/年汽油精制装置
0.8,ST040127,<p>%</p>,2026-03-17 08:00:00,平均残留百分数(B),延化180万吨/年汽油精制装置
4.00,ST040127,<p>ppm</p>,2026-03-17 20:00:00,硫含量,延化180万吨/年汽油精制装置
3.00,ST040127,<p>ppm</p>,2026-03-18 08:00:00,硫含量,延化180万吨/年汽油精制装置
24.5,ST040127,℃,2026-03-18 08:00:00,初馏点蒸发温度 TIBP,延化180万吨/年汽油精制装置
40.0,ST040127,℃,2026-03-18 08:00:00,10%平均蒸发温度T10%,延化180万吨/年汽油精制装置
78.2,ST040127,℃,2026-03-18 08:00:00,50%平均蒸发温度T50%,延化180万吨/年汽油精制装置
159.6,ST040127,℃,2026-03-18 08:00:00,90%平均蒸发温度T90%,延化180万吨/年汽油精制装置
195.3,ST040127,℃,2026-03-18 08:00:00,终馏点蒸发温度TFBP,延化180万吨/年汽油精制装置
98.0,ST040127,<p>%</p>,2026-03-18 08:00:00,全馏,延化180万吨/年汽油精制装置
0.8,ST040127,<p>%</p>,2026-03-18 08:00:00,平均残留百分数(B),延化180万吨/年汽油精制装置
717.3,ST040127,<p>kg/m<sup>3</sup></p>,2026-03-18 08:00:00,密度(20℃),延化180万吨/年汽油精制装置
52.00,ST040127,<p>gBr/100g</p>,2026-03-18 08:00:00,溴价 gBr/100g,延化180万吨/年汽油精制装置
3.00,ST040127,<p>ppm</p>,2026-03-18 20:00:00,硫含量,延化180万吨/年汽油精制装置
3.00,ST040127,<p>ppm</p>,2026-03-19 08:00:00,硫含量,延化180万吨/年汽油精制装置
22.9,ST040127,℃,2026-03-19 08:00:00,初馏点蒸发温度 TIBP,延化180万吨/年汽油精制装置
51.00,ST040127,<p>gBr/100g</p>,2026-03-19 08:00:00,溴价 gBr/100g,延化180万吨/年汽油精制装置
26.2,ST040127,%（v/v) ,2026-03-19 08:00:00,烯烃含量,延化180万吨/年汽油精制装置
15.3,ST040127,%（v/v) ,2026-03-19 08:00:00,芳烃含量,延化180万吨/年汽油精制装置
58.5,ST040127,%（v/v) ,2026-03-19 08:00:00,烷烃含量,延化180万吨/年汽油精制装置
<0.5,ST040127,<p>mg/100mL</p>,2026-03-19 08:00:00,未洗胶质,延化180万吨/年汽油精制装置
80.4,ST040127,<p>kPa</p>,2026-03-19 08:00:00,饱和蒸汽压(X),延化180万吨/年汽油精制装置
1,ST040127,级,2026-03-19 08:00:00,铜片腐蚀(50℃，3h),延化180万吨/年汽油精制装置
38.7,ST040127,℃,2026-03-19 08:00:00,10%平均蒸发温度T10%,延化180万吨/年汽油精制装置
81.9,ST040127,℃,2026-03-19 08:00:00,50%平均蒸发温度T50%,延化180万吨/年汽油精制装置
161.4,ST040127,℃,2026-03-19 08:00:00,90%平均蒸发温度T90%,延化180万吨/年汽油精制装置
189.4,ST040127,℃,2026-03-19 08:00:00,终馏点蒸发温度TFBP,延化180万吨/年汽油精制装置
98.0,ST040127,<p>%</p>,2026-03-19 08:00:00,全馏,延化180万吨/年汽油精制装置
0.8,ST040127,<p>%</p>,2026-03-19 08:00:00,平均残留百分数(B),延化180万吨/年汽油精制装置
714.0,ST040127,<p>kg/m<sup>3</sup></p>,2026-03-19 08:00:00,密度(20℃),延化180万吨/年汽油精制装置
3.00,ST040127,<p>ppm</p>,2026-03-19 20:00:00,硫含量,延化180万吨/年汽油精制装置
37.1,ST040127,℃,2026-03-20 08:00:00,10%平均蒸发温度T10%,延化180万吨/年汽油精制装置
78.1,ST040127,℃,2026-03-20 08:00:00,50%平均蒸发温度T50%,延化180万吨/年汽油精制装置
159.1,ST040127,℃,2026-03-20 08:00:00,90%平均蒸发温度T90%,延化180万吨/年汽油精制装置
187.4,ST040127,℃,2026-03-20 08:00:00,终馏点蒸发温度TFBP,延化180万吨/年汽油精制装置
53.00,ST040127,<p>gBr/100g</p>,2026-03-20 08:00:00,溴价 gBr/100g,延化180万吨/年汽油精制装置
3.00,ST040127,<p>ppm</p>,2026-03-20 08:00:00,硫含量,延化180万吨/年汽油精制装置
22.5,ST040127,℃,2026-03-20 08:00:00,初馏点蒸发温度 TIBP,延化180万吨/年汽油精制装置
0.8,ST040127,<p>%</p>,2026-03-20 08:00:00,平均残留百分数(B),延化180万吨/年汽油精制装置
714.5,ST040127,<p>kg/m<sup>3</sup></p>,2026-03-20 08:00:00,密度(20℃),延化180万吨/年汽油精制装置
98.0,ST040127,<p>%</p>,2026-03-20 08:00:00,全馏,延化180万吨/年汽油精制装置
3.00,ST040127,<p>ppm</p>,2026-03-20 20:00:00,硫含量,延化180万吨/年汽油精制装置
3.00,ST040127,<p>ppm</p>,2026-03-21 08:00:00,硫含量,延化180万吨/年汽油精制装置
716.3,ST040127,<p>kg/m<sup>3</sup></p>,2026-03-21 08:00:00,密度(20℃),延化180万吨/年汽油精制装置
54.00,ST040127,<p>gBr/100g</p>,2026-03-21 08:00:00,溴价 gBr/100g,延化180万吨/年汽油精制装置
24.3,ST040127,℃,2026-03-21 08:00:00,初馏点蒸发温度 TIBP,延化180万吨/年汽油精制装置
40.9,ST040127,℃,2026-03-21 08:00:00,10%平均蒸发温度T10%,延化180万吨/年汽油精制装置
83.6,ST040127,℃,2026-03-21 08:00:00,50%平均蒸发温度T50%,延化180万吨/年汽油精制装置
163.3,ST040127,℃,2026-03-21 08:00:00,90%平均蒸发温度T90%,延化180万吨/年汽油精制装置
193.3,ST040127,℃,2026-03-21 08:00:00,终馏点蒸发温度TFBP,延化180万吨/年汽油精制装置
98.0,ST040127,<p>%</p>,2026-03-21 08:00:00,全馏,延化180万吨/年汽油精制装置
0.8,ST040127,<p>%</p>,2026-03-21 08:00:00,平均残留百分数(B),延化180万吨/年汽油精制装置
3.00,ST040127,<p>ppm</p>,2026-03-21 20:00:00,硫含量,延化180万吨/年汽油精制装置
3.00,ST040127,<p>ppm</p>,2026-03-22 08:00:00,硫含量,延化180万吨/年汽油精制装置
22.5,ST040127,℃,2026-03-22 08:00:00,初馏点蒸发温度 TIBP,延化180万吨/年汽油精制装置
36.3,ST040127,℃,2026-03-22 08:00:00,10%平均蒸发温度T10%,延化180万吨/年汽油精制装置
74.8,ST040127,℃,2026-03-22 08:00:00,50%平均蒸发温度T50%,延化180万吨/年汽油精制装置
155.7,ST040127,℃,2026-03-22 08:00:00,90%平均蒸发温度T90%,延化180万吨/年汽油精制装置
183.8,ST040127,℃,2026-03-22 08:00:00,终馏点蒸发温度TFBP,延化180万吨/年汽油精制装置
98.0,ST040127,<p>%</p>,2026-03-22 08:00:00,全馏,延化180万吨/年汽油精制装置
0.8,ST040127,<p>%</p>,2026-03-22 08:00:00,平均残留百分数(B),延化180万吨/年汽油精制装置
714.9,ST040127,<p>kg/m<sup>3</sup></p>,2026-03-22 08:00:00,密度(20℃),延化180万吨/年汽油精制装置
56.00,ST040127,<p>gBr/100g</p>,2026-03-22 08:00:00,溴价 gBr/100g,延化180万吨/年汽油精制装置
3.00,ST040127,<p>ppm</p>,2026-03-22 20:00:00,硫含量,延化180万吨/年汽油精制装置
3.00,ST040127,<p>ppm</p>,2026-03-23 08:00:00,硫含量,延化180万吨/年汽油精制装置
88.4,ST040127,,2026-03-23 08:00:00,研究法辛烷值(RON),延化180万吨/年汽油精制装置
27.3,ST040127,℃,2026-03-23 08:00:00,初馏点蒸发温度 TIBP,延化180万吨/年汽油精制装置
40.4,ST040127,℃,2026-03-23 08:00:00,10%平均蒸发温度T10%,延化180万吨/年汽油精制装置
87.0,ST040127,℃,2026-03-23 08:00:00,50%平均蒸发温度T50%,延化180万吨/年汽油精制装置
165.2,ST040127,℃,2026-03-23 08:00:00,90%平均蒸发温度T90%,延化180万吨/年汽油精制装置
195.7,ST040127,℃,2026-03-23 08:00:00,终馏点蒸发温度TFBP,延化180万吨/年汽油精制装置
98.0,ST040127,<p>%</p>,2026-03-23 08:00:00,全馏,延化180万吨/年汽油精制装置
0.8,ST040127,<p>%</p>,2026-03-23 08:00:00,平均残留百分数(B),延化180万吨/年汽油精制装置
715.3,ST040127,<p>kg/m<sup>3</sup></p>,2026-03-23 08:00:00,密度(20℃),延化180万吨/年汽油精制装置
52.00,ST040127,<p>gBr/100g</p>,2026-03-23 08:00:00,溴价 gBr/100g,延化180万吨/年汽油精制装置
3.00,ST040127,<p>ppm</p>,2026-03-23 20:00:00,硫含量,延化180万吨/年汽油精制装置
3.00,ST040127,<p>ppm</p>,2026-03-24 08:00:00,硫含量,延化180万吨/年汽油精制装置
25.0,ST040127,℃,2026-03-24 08:00:00,初馏点蒸发温度 TIBP,延化180万吨/年汽油精制装置
40.3,ST040127,℃,2026-03-24 08:00:00,10%平均蒸发温度T10%,延化180万吨/年汽油精制装置
82.7,ST040127,℃,2026-03-24 08:00:00,50%平均蒸发温度T50%,延化180万吨/年汽油精制装置
162.4,ST040127,℃,2026-03-24 08:00:00,90%平均蒸发温度T90%,延化180万吨/年汽油精制装置
192.5,ST040127,℃,2026-03-24 08:00:00,终馏点蒸发温度TFBP,延化180万吨/年汽油精制装置
98.0,ST040127,<p>%</p>,2026-03-24 08:00:00,全馏,延化180万吨/年汽油精制装置
0.8,ST040127,<p>%</p>,2026-03-24 08:00:00,平均残留百分数(B),延化180万吨/年汽油精制装置
715.7,ST040127,<p>kg/m<sup>3</sup></p>,2026-03-24 08:00:00,密度(20℃),延化180万吨/年汽油精制装置
53.00,ST040127,<p>gBr/100g</p>,2026-03-24 08:00:00,溴价 gBr/100g,延化180万吨/年汽油精制装置
3.00,ST040127,<p>ppm</p>,2026-03-24 20:00:00,硫含量,延化180万吨/年汽油精制装置
3.00,ST040127,<p>ppm</p>,2026-03-25 08:00:00,硫含量,延化180万吨/年汽油精制装置
715.6,ST040127,<p>kg/m<sup>3</sup></p>,2026-03-25 08:00:00,密度(20℃),延化180万吨/年汽油精制装置
54.00,ST040127,<p>gBr/100g</p>,2026-03-25 08:00:00,溴价 gBr/100g,延化180万吨/年汽油精制装置
187.2,ST040127,℃,2026-03-25 08:00:00,终馏点蒸发温度TFBP,延化180万吨/年汽油精制装置
98.0,ST040127,<p>%</p>,2026-03-25 08:00:00,全馏,延化180万吨/年汽油精制装置
0.8,ST040127,<p>%</p>,2026-03-25 08:00:00,平均残留百分数(B),延化180万吨/年汽油精制装置
37.0,ST040127,℃,2026-03-25 08:00:00,10%平均蒸发温度T10%,延化180万吨/年汽油精制装置
78.4,ST040127,℃,2026-03-25 08:00:00,50%平均蒸发温度T50%,延化180万吨/年汽油精制装置
160.1,ST040127,℃,2026-03-25 08:00:00,90%平均蒸发温度T90%,延化180万吨/年汽油精制装置
24.0,ST040127,℃,2026-03-25 08:00:00,初馏点蒸发温度 TIBP,延化180万吨/年汽油精制装置
3.00,ST040127,<p>ppm</p>,2026-03-25 20:00:00,硫含量,延化180万吨/年汽油精制装置
3.00,ST040127,<p>ppm</p>,2026-03-26 08:00:00,硫含量,延化180万吨/年汽油精制装置
26.8,ST040127,%（v/v) ,2026-03-26 08:00:00,烯烃含量,延化180万吨/年汽油精制装置
14.9,ST040127,%（v/v) ,2026-03-26 08:00:00,芳烃含量,延化180万吨/年汽油精制装置
58.3,ST040127,%（v/v) ,2026-03-26 08:00:00,烷烃含量,延化180万吨/年汽油精制装置
714.2,ST040127,<p>kg/m<sup>3</sup></p>,2026-03-26 08:00:00,密度(20℃),延化180万吨/年汽油精制装置
56.00,ST040127,<p>gBr/100g</p>,2026-03-26 08:00:00,溴价 gBr/100g,延化180万吨/年汽油精制装置
24.6,ST040127,℃,2026-03-26 08:00:00,初馏点蒸发温度 TIBP,延化180万吨/年汽油精制装置
38.8,ST040127,℃,2026-03-26 08:00:00,10%平均蒸发温度T10%,延化180万吨/年汽油精制装置
81.1,ST040127,℃,2026-03-26 08:00:00,50%平均蒸发温度T50%,延化180万吨/年汽油精制装置
160.9,ST040127,℃,2026-03-26 08:00:00,90%平均蒸发温度T90%,延化180万吨/年汽油精制装置
187.8,ST040127,℃,2026-03-26 08:00:00,终馏点蒸发温度TFBP,延化180万吨/年汽油精制装置
98.0,ST040127,<p>%</p>,2026-03-26 08:00:00,全馏,延化180万吨/年汽油精制装置
0.8,ST040127,<p>%</p>,2026-03-26 08:00:00,平均残留百分数(B),延化180万吨/年汽油精制装置
1,ST040127,级,2026-03-26 08:00:00,铜片腐蚀(50℃，3h),延化180万吨/年汽油精制装置
<0.5,ST040127,<p>mg/100mL</p>,2026-03-26 08:00:00,未洗胶质,延化180万吨/年汽油精制装置
80.8,ST040127,<p>kPa</p>,2026-03-26 08:00:00,饱和蒸汽压(X),延化180万吨/年汽油精制装置
3.00,ST040127,<p>ppm</p>,2026-03-26 20:00:00,硫含量,延化180万吨/年汽油精制装置
56.00,ST040127,<p>gBr/100g</p>,2026-03-27 08:00:00,溴价 gBr/100g,延化180万吨/年汽油精制装置
713.6,ST040127,<p>kg/m<sup>3</sup></p>,2026-03-27 08:00:00,密度(20℃),延化180万吨/年汽油精制装置
22.9,ST040127,℃,2026-03-27 08:00:00,初馏点蒸发温度 TIBP,延化180万吨/年汽油精制装置
37.0,ST040127,℃,2026-03-27 08:00:00,10%平均蒸发温度T10%,延化180万吨/年汽油精制装置
77.2,ST040127,℃,2026-03-27 08:00:00,50%平均蒸发温度T50%,延化180万吨/年汽油精制装置
158.5,ST040127,℃,2026-03-27 08:00:00,90%平均蒸发温度T90%,延化180万吨/年汽油精制装置
187.3,ST040127,℃,2026-03-27 08:00:00,终馏点蒸发温度TFBP,延化180万吨/年汽油精制装置
98.0,ST040127,<p>%</p>,2026-03-27 08:00:00,全馏,延化180万吨/年汽油精制装置
0.8,ST040127,<p>%</p>,2026-03-27 08:00:00,平均残留百分数(B),延化180万吨/年汽油精制装置
3.00,ST040127,<p>ppm</p>,2026-03-27 08:00:00,硫含量,延化180万吨/年汽油精制装置
5.00,ST040127,<p>ppm</p>,2026-03-27 20:00:00,硫含量,延化180万吨/年汽油精制装置
3.00,ST040127,<p>ppm</p>,2026-03-28 08:00:00,硫含量,延化180万吨/年汽油精制装置
53.00,ST040127,<p>gBr/100g</p>,2026-03-28 08:00:00,溴价 gBr/100g,延化180万吨/年汽油精制装置
714.8,ST040127,<p>kg/m<sup>3</sup></p>,2026-03-28 08:00:00,密度(20℃),延化180万吨/年汽油精制装置
24.2,ST040127,℃,2026-03-28 08:00:00,初馏点蒸发温度 TIBP,延化180万吨/年汽油精制装置
38.8,ST040127,℃,2026-03-28 08:00:00,10%平均蒸发温度T10%,延化180万吨/年汽油精制装置
78.3,ST040127,℃,2026-03-28 08:00:00,50%平均蒸发温度T50%,延化180万吨/年汽油精制装置
157.7,ST040127,℃,2026-03-28 08:00:00,90%平均蒸发温度T90%,延化180万吨/年汽油精制装置
184.6,ST040127,℃,2026-03-28 08:00:00,终馏点蒸发温度TFBP,延化180万吨/年汽油精制装置
98.0,ST040127,<p>%</p>,2026-03-28 08:00:00,全馏,延化180万吨/年汽油精制装置
0.8,ST040127,<p>%</p>,2026-03-28 08:00:00,平均残留百分数(B),延化180万吨/年汽油精制装置
4.00,ST040127,<p>ppm</p>,2026-03-28 20:00:00,硫含量,延化180万吨/年汽油精制装置
89.5,ST040127,℃,2026-03-29 08:00:00,50%平均蒸发温度T50%,延化180万吨/年汽油精制装置
713.9,ST040127,<p>kg/m<sup>3</sup></p>,2026-03-29 08:00:00,密度(20℃),延化180万吨/年汽油精制装置
52.00,ST040127,<p>gBr/100g</p>,2026-03-29 08:00:00,溴价 gBr/100g,延化180万吨/年汽油精制装置
28.2,ST040127,℃,2026-03-29 08:00:00,初馏点蒸发温度 TIBP,延化180万吨/年汽油精制装置
44.4,ST040127,℃,2026-03-29 08:00:00,10%平均蒸发温度T10%,延化180万吨/年汽油精制装置
3.00,ST040127,<p>ppm</p>,2026-03-29 08:00:00,硫含量,延化180万吨/年汽油精制装置
164.2,ST040127,℃,2026-03-29 08:00:00,90%平均蒸发温度T90%,延化180万吨/年汽油精制装置
191.9,ST040127,℃,2026-03-29 08:00:00,终馏点蒸发温度TFBP,延化180万吨/年汽油精制装置
98.0,ST040127,<p>%</p>,2026-03-29 08:00:00,全馏,延化180万吨/年汽油精制装置
0.8,ST040127,<p>%</p>,2026-03-29 08:00:00,平均残留百分数(B),延化180万吨/年汽油精制装置
3.00,ST040127,<p>ppm</p>,2026-03-29 20:00:00,硫含量,延化180万吨/年汽油精制装置
40.2,ST040127,℃,2026-03-30 08:00:00,10%平均蒸发温度T10%,延化180万吨/年汽油精制装置
56.00,ST040127,<p>gBr/100g</p>,2026-03-30 08:00:00,溴价 gBr/100g,延化180万吨/年汽油精制装置
714.4,ST040127,<p>kg/m<sup>3</sup></p>,2026-03-30 08:00:00,密度(20℃),延化180万吨/年汽油精制装置
87.7,ST040127,,2026-03-30 08:00:00,研究法辛烷值(RON),延化180万吨/年汽油精制装置
3.00,ST040127,<p>ppm</p>,2026-03-30 08:00:00,硫含量,延化180万吨/年汽油精制装置
0.8,ST040127,<p>%</p>,2026-03-30 08:00:00,平均残留百分数(B),延化180万吨/年汽油精制装置
79.6,ST040127,℃,2026-03-30 08:00:00,50%平均蒸发温度T50%,延化180万吨/年汽油精制装置
158.4,ST040127,℃,2026-03-30 08:00:00,90%平均蒸发温度T90%,延化180万吨/年汽油精制装置
187.6,ST040127,℃,2026-03-30 08:00:00,终馏点蒸发温度TFBP,延化180万吨/年汽油精制装置
98.0,ST040127,<p>%</p>,2026-03-30 08:00:00,全馏,延化180万吨/年汽油精制装置
26.5,ST040127,℃,2026-03-30 08:00:00,初馏点蒸发温度 TIBP,延化180万吨/年汽油精制装置
3.00,ST040127,<p>ppm</p>,2026-03-30 20:00:00,硫含量,延化180万吨/年汽油精制装置
713.6,ST040127,<p>kg/m<sup>3</sup></p>,2026-03-31 08:00:00,密度(20℃),延化180万吨/年汽油精制装置
3.00,ST040127,<p>ppm</p>,2026-03-31 08:00:00,硫含量,延化180万吨/年汽油精制装置
24.3,ST040127,℃,2026-03-31 08:00:00,初馏点蒸发温度 TIBP,延化180万吨/年汽油精制装置
36.1,ST040127,℃,2026-03-31 08:00:00,10%平均蒸发温度T10%,延化180万吨/年汽油精制装置
72.3,ST040127,℃,2026-03-31 08:00:00,50%平均蒸发温度T50%,延化180万吨/年汽油精制装置
152.2,ST040127,℃,2026-03-31 08:00:00,90%平均蒸发温度T90%,延化180万吨/年汽油精制装置
181.2,ST040127,℃,2026-03-31 08:00:00,终馏点蒸发温度TFBP,延化180万吨/年汽油精制装置
98.0,ST040127,<p>%</p>,2026-03-31 08:00:00,全馏,延化180万吨/年汽油精制装置
0.8,ST040127,<p>%</p>,2026-03-31 08:00:00,平均残留百分数(B),延化180万吨/年汽油精制装置
52.00,ST040127,<p>gBr/100g</p>,2026-03-31 08:00:00,溴价 gBr/100g,延化180万吨/年汽油精制装置
3.00,ST040127,<p>ppm</p>,2026-03-31 20:00:00,硫含量,延化180万吨/年汽油精制装置
25.6,ST040127,℃,2026-04-01 08:00:00,初馏点蒸发温度 TIBP,延化180万吨/年汽油精制装置
35.8,ST040127,℃,2026-04-01 08:00:00,10%平均蒸发温度T10%,延化180万吨/年汽油精制装置
85.4,ST040127,℃,2026-04-01 08:00:00,50%平均蒸发温度T50%,延化180万吨/年汽油精制装置
154.5,ST040127,℃,2026-04-01 08:00:00,90%平均蒸发温度T90%,延化180万吨/年汽油精制装置
182.5,ST040127,℃,2026-04-01 08:00:00,终馏点蒸发温度TFBP,延化180万吨/年汽油精制装置
98.0,ST040127,<p>%</p>,2026-04-01 08:00:00,全馏,延化180万吨/年汽油精制装置
0.8,ST040127,<p>%</p>,2026-04-01 08:00:00,平均残留百分数(B),延化180万吨/年汽油精制装置
715.2,ST040127,<p>kg/m<sup>3</sup></p>,2026-04-01 08:00:00,密度(20℃),延化180万吨/年汽油精制装置
55.00,ST040127,<p>gBr/100g</p>,2026-04-01 08:00:00,溴价 gBr/100g,延化180万吨/年汽油精制装置
3.00,ST040127,<p>ppm</p>,2026-04-01 08:00:00,硫含量,延化180万吨/年汽油精制装置
2.00,ST040127,<p>ppm</p>,2026-04-01 20:00:00,硫含量,延化180万吨/年汽油精制装置
98.0,ST040127,<p>%</p>,2026-04-02 08:00:00,全馏,延化180万吨/年汽油精制装置
179.0,ST040127,℃,2026-04-02 08:00:00,终馏点蒸发温度TFBP,延化180万吨/年汽油精制装置
1,ST040127,级,2026-04-02 08:00:00,铜片腐蚀(50℃，3h),延化180万吨/年汽油精制装置
<0.5,ST040127,<p>mg/100mL</p>,2026-04-02 08:00:00,未洗胶质,延化180万吨/年汽油精制装置
81.2,ST040127,<p>kPa</p>,2026-04-02 08:00:00,饱和蒸汽压(X),延化180万吨/年汽油精制装置
27.4,ST040127,%（v/v) ,2026-04-02 08:00:00,烯烃含量,延化180万吨/年汽油精制装置
14.4,ST040127,%（v/v) ,2026-04-02 08:00:00,芳烃含量,延化180万吨/年汽油精制装置
58.2,ST040127,%（v/v) ,2026-04-02 08:00:00,烷烃含量,延化180万吨/年汽油精制装置
3.00,ST040127,<p>ppm</p>,2026-04-02 08:00:00,硫含量,延化180万吨/年汽油精制装置
23.1,ST040127,℃,2026-04-02 08:00:00,初馏点蒸发温度 TIBP,延化180万吨/年汽油精制装置
33.8,ST040127,℃,2026-04-02 08:00:00,10%平均蒸发温度T10%,延化180万吨/年汽油精制装置
85.0,ST040127,℃,2026-04-02 08:00:00,50%平均蒸发温度T50%,延化180万吨/年汽油精制装置
149.4,ST040127,℃,2026-04-02 08:00:00,90%平均蒸发温度T90%,延化180万吨/年汽油精制装置
54.00,ST040127,<p>gBr/100g</p>,2026-04-02 08:00:00,溴价 gBr/100g,延化180万吨/年汽油精制装置
713.2,ST040127,<p>kg/m<sup>3</sup></p>,2026-04-02 08:00:00,密度(20℃),延化180万吨/年汽油精制装置
0.8,ST040127,<p>%</p>,2026-04-02 08:00:00,平均残留百分数(B),延化180万吨/年汽油精制装置
2.00,ST040127,<p>ppm</p>,2026-04-02 20:00:00,硫含量,延化180万吨/年汽油精制装置
192.6,ST040127,℃,2026-04-03 08:00:00,终馏点蒸发温度TFBP,延化180万吨/年汽油精制装置
28.0,ST040127,℃,2026-04-03 08:00:00,初馏点蒸发温度 TIBP,延化180万吨/年汽油精制装置
43.6,ST040127,℃,2026-04-03 08:00:00,10%平均蒸发温度T10%,延化180万吨/年汽油精制装置
89.0,ST040127,℃,2026-04-03 08:00:00,50%平均蒸发温度T50%,延化180万吨/年汽油精制装置
162.8,ST040127,℃,2026-04-03 08:00:00,90%平均蒸发温度T90%,延化180万吨/年汽油精制装置
54.00,ST040127,<p>gBr/100g</p>,2026-04-03 08:00:00,溴价 gBr/100g,延化180万吨/年汽油精制装置
98.0,ST040127,<p>%</p>,2026-04-03 08:00:00,全馏,延化180万吨/年汽油精制装置
0.8,ST040127,<p>%</p>,2026-04-03 08:00:00,平均残留百分数(B),延化180万吨/年汽油精制装置
3.00,ST040127,<p>ppm</p>,2026-04-03 08:00:00,硫含量,延化180万吨/年汽油精制装置
714.6,ST040127,<p>kg/m<sup>3</sup></p>,2026-04-03 08:00:00,密度(20℃),延化180万吨/年汽油精制装置
2.00,ST040127,<p>ppm</p>,2026-04-03 20:00:00,硫含量,延化180万吨/年汽油精制装置
3.00,ST040127,<p>ppm</p>,2026-04-04 08:00:00,硫含量,延化180万吨/年汽油精制装置
55.00,ST040127,<p>gBr/100g</p>,2026-04-04 08:00:00,溴价 gBr/100g,延化180万吨/年汽油精制装置
25.1,ST040127,℃,2026-04-04 08:00:00,初馏点蒸发温度 TIBP,延化180万吨/年汽油精制装置
36.9,ST040127,℃,2026-04-04 08:00:00,10%平均蒸发温度T10%,延化180万吨/年汽油精制装置
78.4,ST040127,℃,2026-04-04 08:00:00,50%平均蒸发温度T50%,延化180万吨/年汽油精制装置
154.5,ST040127,℃,2026-04-04 08:00:00,90%平均蒸发温度T90%,延化180万吨/年汽油精制装置
185.1,ST040127,℃,2026-04-04 08:00:00,终馏点蒸发温度TFBP,延化180万吨/年汽油精制装置
98.0,ST040127,<p>%</p>,2026-04-04 08:00:00,全馏,延化180万吨/年汽油精制装置
0.8,ST040127,<p>%</p>,2026-04-04 08:00:00,平均残留百分数(B),延化180万吨/年汽油精制装置
714.3,ST040127,<p>kg/m<sup>3</sup></p>,2026-04-04 08:00:00,密度(20℃),延化180万吨/年汽油精制装置
3.00,ST040127,<p>ppm</p>,2026-04-04 20:00:00,硫含量,延化180万吨/年汽油精制装置
25.2,ST040127,℃,2026-04-05 08:00:00,初馏点蒸发温度 TIBP,延化180万吨/年汽油精制装置
40.7,ST040127,℃,2026-04-05 08:00:00,10%平均蒸发温度T10%,延化180万吨/年汽油精制装置
80.9,ST040127,℃,2026-04-05 08:00:00,50%平均蒸发温度T50%,延化180万吨/年汽油精制装置
161.1,ST040127,℃,2026-04-05 08:00:00,90%平均蒸发温度T90%,延化180万吨/年汽油精制装置
188.8,ST040127,℃,2026-04-05 08:00:00,终馏点蒸发温度TFBP,延化180万吨/年汽油精制装置
98.0,ST040127,<p>%</p>,2026-04-05 08:00:00,全馏,延化180万吨/年汽油精制装置
0.8,ST040127,<p>%</p>,2026-04-05 08:00:00,平均残留百分数(B),延化180万吨/年汽油精制装置
715.6,ST040127,<p>kg/m<sup>3</sup></p>,2026-04-05 08:00:00,密度(20℃),延化180万吨/年汽油精制装置
55.00,ST040127,<p>gBr/100g</p>,2026-04-05 08:00:00,溴价 gBr/100g,延化180万吨/年汽油精制装置
3.00,ST040127,<p>ppm</p>,2026-04-05 08:00:00,硫含量,延化180万吨/年汽油精制装置
3.00,ST040127,<p>ppm</p>,2026-04-05 20:00:00,硫含量,延化180万吨/年汽油精制装置
158.7,ST040127,℃,2026-04-06 08:00:00,90%平均蒸发温度T90%,延化180万吨/年汽油精制装置
715.3,ST040127,<p>kg/m<sup>3</sup></p>,2026-04-06 08:00:00,密度(20℃),延化180万吨/年汽油精制装置
25.3,ST040127,℃,2026-04-06 08:00:00,初馏点蒸发温度 TIBP,延化180万吨/年汽油精制装置
38.8,ST040127,℃,2026-04-06 08:00:00,10%平均蒸发温度T10%,延化180万吨/年汽油精制装置
78.2,ST040127,℃,2026-04-06 08:00:00,50%平均蒸发温度T50%,延化180万吨/年汽油精制装置
54.00,ST040127,<p>gBr/100g</p>,2026-04-06 08:00:00,溴价 gBr/100g,延化180万吨/年汽油精制装置
186.1,ST040127,℃,2026-04-06 08:00:00,终馏点蒸发温度TFBP,延化180万吨/年汽油精制装置
98.0,ST040127,<p>%</p>,2026-04-06 08:00:00,全馏,延化180万吨/年汽油精制装置
0.8,ST040127,<p>%</p>,2026-04-06 08:00:00,平均残留百分数(B),延化180万吨/年汽油精制装置
3.00,ST040127,<p>ppm</p>,2026-04-06 08:00:00,硫含量,延化180万吨/年汽油精制装置
3.00,ST040127,<p>ppm</p>,2026-04-06 20:00:00,硫含量,延化180万吨/年汽油精制装置
55.00,ST040127,<p>gBr/100g</p>,2026-04-07 08:00:00,溴价 gBr/100g,延化180万吨/年汽油精制装置
43.2,ST040127,℃,2026-04-07 08:00:00,10%平均蒸发温度T10%,延化180万吨/年汽油精制装置
87.3,ST040127,℃,2026-04-07 08:00:00,50%平均蒸发温度T50%,延化180万吨/年汽油精制装置
164.2,ST040127,℃,2026-04-07 08:00:00,90%平均蒸发温度T90%,延化180万吨/年汽油精制装置
193.7,ST040127,℃,2026-04-07 08:00:00,终馏点蒸发温度TFBP,延化180万吨/年汽油精制装置
714.7,ST040127,<p>kg/m<sup>3</sup></p>,2026-04-07 08:00:00,密度(20℃),延化180万吨/年汽油精制装置
98.0,ST040127,<p>%</p>,2026-04-07 08:00:00,全馏,延化180万吨/年汽油精制装置
0.8,ST040127,<p>%</p>,2026-04-07 08:00:00,平均残留百分数(B),延化180万吨/年汽油精制装置
23.7,ST040127,℃,2026-04-07 08:00:00,初馏点蒸发温度 TIBP,延化180万吨/年汽油精制装置
3.00,ST040127,<p>ppm</p>,2026-04-07 08:00:00,硫含量,延化180万吨/年汽油精制装置
3.00,ST040127,<p>ppm</p>,2026-04-07 20:00:00,硫含量,延化180万吨/年汽油精制装置
5.00,ST040127,<p>ppm</p>,2026-04-08 08:00:00,硫含量,延化180万吨/年汽油精制装置
44.7,ST040127,℃,2026-04-08 08:00:00,10%平均蒸发温度T10%,延化180万吨/年汽油精制装置
90.0,ST040127,℃,2026-04-08 08:00:00,50%平均蒸发温度T50%,延化180万吨/年汽油精制装置
28.2,ST040127,℃,2026-04-08 08:00:00,初馏点蒸发温度 TIBP,延化180万吨/年汽油精制装置
164.3,ST040127,℃,2026-04-08 08:00:00,90%平均蒸发温度T90%,延化180万吨/年汽油精制装置
191.9,ST040127,℃,2026-04-08 08:00:00,终馏点蒸发温度TFBP,延化180万吨/年汽油精制装置
98.0,ST040127,<p>%</p>,2026-04-08 08:00:00,全馏,延化180万吨/年汽油精制装置
0.8,ST040127,<p>%</p>,2026-04-08 08:00:00,平均残留百分数(B),延化180万吨/年汽油精制装置
713.7,ST040127,<p>kg/m<sup>3</sup></p>,2026-04-08 08:00:00,密度(20℃),延化180万吨/年汽油精制装置
54.00,ST040127,<p>gBr/100g</p>,2026-04-08 08:00:00,溴价 gBr/100g,延化180万吨/年汽油精制装置
2.00,ST040127,<p>ppm</p>,2026-04-08 20:00:00,硫含量,延化180万吨/年汽油精制装置
54.00,ST040127,<p>gBr/100g</p>,2026-04-09 08:00:00,溴价 gBr/100g,延化180万吨/年汽油精制装置
1,ST040127,级,2026-04-09 08:00:00,铜片腐蚀(50℃，3h),延化180万吨/年汽油精制装置
164.6,ST040127,℃,2026-04-09 08:00:00,90%平均蒸发温度T90%,延化180万吨/年汽油精制装置
193.5,ST040127,℃,2026-04-09 08:00:00,终馏点蒸发温度TFBP,延化180万吨/年汽油精制装置
98.0,ST040127,<p>%</p>,2026-04-09 08:00:00,全馏,延化180万吨/年汽油精制装置
0.8,ST040127,<p>%</p>,2026-04-09 08:00:00,平均残留百分数(B),延化180万吨/年汽油精制装置
24.5,ST040127,℃,2026-04-09 08:00:00,初馏点蒸发温度 TIBP,延化180万吨/年汽油精制装置
44.3,ST040127,℃,2026-04-09 08:00:00,10%平均蒸发温度T10%,延化180万吨/年汽油精制装置
88.7,ST040127,℃,2026-04-09 08:00:00,50%平均蒸发温度T50%,延化180万吨/年汽油精制装置
714.7,ST040127,<p>kg/m<sup>3</sup></p>,2026-04-09 08:00:00,密度(20℃),延化180万吨/年汽油精制装置
4.00,ST040127,<p>ppm</p>,2026-04-09 08:00:00,硫含量,延化180万吨/年汽油精制装置
25.0,ST040127,%（v/v) ,2026-04-09 08:00:00,烯烃含量,延化180万吨/年汽油精制装置
15.1,ST040127,%（v/v) ,2026-04-09 08:00:00,芳烃含量,延化180万吨/年汽油精制装置
59.8,ST040127,%（v/v) ,2026-04-09 08:00:00,烷烃含量,延化180万吨/年汽油精制装置
<0.5,ST040127,<p>mg/100mL</p>,2026-04-09 08:00:00,未洗胶质,延化180万吨/年汽油精制装置
77.9,ST040127,<p>kPa</p>,2026-04-09 08:00:00,饱和蒸汽压(X),延化180万吨/年汽油精制装置
4.00,ST040127,<p>ppm</p>,2026-04-09 20:00:00,硫含量,延化180万吨/年汽油精制装置
716.0,ST040127,<p>kg/m<sup>3</sup></p>,2026-04-10 08:00:00,密度(20℃),延化180万吨/年汽油精制装置
52.00,ST040127,<p>gBr/100g</p>,2026-04-10 08:00:00,溴价 gBr/100g,延化180万吨/年汽油精制装置
25.5,ST040127,℃,2026-04-10 08:00:00,初馏点蒸发温度 TIBP,延化180万吨/年汽油精制装置
38.2,ST040127,℃,2026-04-10 08:00:00,10%平均蒸发温度T10%,延化180万吨/年汽油精制装置
79.1,ST040127,℃,2026-04-10 08:00:00,50%平均蒸发温度T50%,延化180万吨/年汽油精制装置
159.4,ST040127,℃,2026-04-10 08:00:00,90%平均蒸发温度T90%,延化180万吨/年汽油精制装置
186.1,ST040127,℃,2026-04-10 08:00:00,终馏点蒸发温度TFBP,延化180万吨/年汽油精制装置
98.0,ST040127,<p>%</p>,2026-04-10 08:00:00,全馏,延化180万吨/年汽油精制装置
0.8,ST040127,<p>%</p>,2026-04-10 08:00:00,平均残留百分数(B),延化180万吨/年汽油精制装置
4.00,ST040127,<p>ppm</p>,2026-04-10 08:00:00,硫含量,延化180万吨/年汽油精制装置
4.00,ST040127,<p>ppm</p>,2026-04-10 20:00:00,硫含量,延化180万吨/年汽油精制装置
716.0,ST040127,<p>kg/m<sup>3</sup></p>,2026-04-11 08:00:00,密度(20℃),延化180万吨/年汽油精制装置
53.00,ST040127,<p>gBr/100g</p>,2026-04-11 08:00:00,溴价 gBr/100g,延化180万吨/年汽油精制装置
25.0,ST040127,℃,2026-04-11 08:00:00,初馏点蒸发温度 TIBP,延化180万吨/年汽油精制装置
38.9,ST040127,℃,2026-04-11 08:00:00,10%平均蒸发温度T10%,延化180万吨/年汽油精制装置
76.8,ST040127,℃,2026-04-11 08:00:00,50%平均蒸发温度T50%,延化180万吨/年汽油精制装置
155.1,ST040127,℃,2026-04-11 08:00:00,90%平均蒸发温度T90%,延化180万吨/年汽油精制装置
184.6,ST040127,℃,2026-04-11 08:00:00,终馏点蒸发温度TFBP,延化180万吨/年汽油精制装置
98.0,ST040127,<p>%</p>,2026-04-11 08:00:00,全馏,延化180万吨/年汽油精制装置
0.8,ST040127,<p>%</p>,2026-04-11 08:00:00,平均残留百分数(B),延化180万吨/年汽油精制装置
3.00,ST040127,<p>ppm</p>,2026-04-11 08:00:00,硫含量,延化180万吨/年汽油精制装置
3.00,ST040127,<p>ppm</p>,2026-04-11 20:00:00,硫含量,延化180万吨/年汽油精制装置
27.8,ST040127,℃,2026-04-12 08:00:00,初馏点蒸发温度 TIBP,延化180万吨/年汽油精制装置
45.3,ST040127,℃,2026-04-12 08:00:00,10%平均蒸发温度T10%,延化180万吨/年汽油精制装置
88.9,ST040127,℃,2026-04-12 08:00:00,50%平均蒸发温度T50%,延化180万吨/年汽油精制装置
165.5,ST040127,℃,2026-04-12 08:00:00,90%平均蒸发温度T90%,延化180万吨/年汽油精制装置
5.00,ST040127,<p>ppm</p>,2026-04-12 08:00:00,硫含量,延化180万吨/年汽油精制装置
0.8,ST040127,<p>%</p>,2026-04-12 08:00:00,平均残留百分数(B),延化180万吨/年汽油精制装置
54.00,ST040127,<p>gBr/100g</p>,2026-04-12 08:00:00,溴价 gBr/100g,延化180万吨/年汽油精制装置
716.8,ST040127,<p>kg/m<sup>3</sup></p>,2026-04-12 08:00:00,密度(20℃),延化180万吨/年汽油精制装置
195.4,ST040127,℃,2026-04-12 08:00:00,终馏点蒸发温度TFBP,延化180万吨/年汽油精制装置
98.0,ST040127,<p>%</p>,2026-04-12 08:00:00,全馏,延化180万吨/年汽油精制装置
5.00,ST040127,<p>ppm</p>,2026-04-12 20:00:00,硫含量,延化180万吨/年汽油精制装置
88.8,ST040127,,2026-04-13 08:00:00,研究法辛烷值(RON),延化180万吨/年汽油精制装置
713.4,ST040127,<p>kg/m<sup>3</sup></p>,2026-04-13 08:00:00,密度(20℃),延化180万吨/年汽油精制装置
24.5,ST040127,℃,2026-04-13 08:00:00,初馏点蒸发温度 TIBP,延化180万吨/年汽油精制装置
42.2,ST040127,℃,2026-04-13 08:00:00,10%平均蒸发温度T10%,延化180万吨/年汽油精制装置
85.0,ST040127,℃,2026-04-13 08:00:00,50%平均蒸发温度T50%,延化180万吨/年汽油精制装置
163.3,ST040127,℃,2026-04-13 08:00:00,90%平均蒸发温度T90%,延化180万吨/年汽油精制装置
192.7,ST040127,℃,2026-04-13 08:00:00,终馏点蒸发温度TFBP,延化180万吨/年汽油精制装置
54.00,ST040127,<p>gBr/100g</p>,2026-04-13 08:00:00,溴价 gBr/100g,延化180万吨/年汽油精制装置
98.0,ST040127,<p>%</p>,2026-04-13 08:00:00,全馏,延化180万吨/年汽油精制装置
0.8,ST040127,<p>%</p>,2026-04-13 08:00:00,平均残留百分数(B),延化180万吨/年汽油精制装置
5.00,ST040127,<p>ppm</p>,2026-04-13 08:00:00,硫含量,延化180万吨/年汽油精制装置
6.00,ST040127,<p>ppm</p>,2026-04-13 14:00:00,硫含量,延化180万吨/年汽油精制装置
7.00,ST040127,<p>ppm</p>,2026-04-13 20:00:00,硫含量,延化180万吨/年汽油精制装置
5.00,ST040127,<p>ppm</p>,2026-04-14 00:00:00,硫含量,延化180万吨/年汽油精制装置
714.9,ST040127,<p>kg/m<sup>3</sup></p>,2026-04-14 08:00:00,密度(20℃),延化180万吨/年汽油精制装置
25.8,ST040127,℃,2026-04-14 08:00:00,初馏点蒸发温度 TIBP,延化180万吨/年汽油精制装置
41.3,ST040127,℃,2026-04-14 08:00:00,10%平均蒸发温度T10%,延化180万吨/年汽油精制装置
52.00,ST040127,<p>gBr/100g</p>,2026-04-14 08:00:00,溴价 gBr/100g,延化180万吨/年汽油精制装置
81.3,ST040127,℃,2026-04-14 08:00:00,50%平均蒸发温度T50%,延化180万吨/年汽油精制装置
160.2,ST040127,℃,2026-04-14 08:00:00,90%平均蒸发温度T90%,延化180万吨/年汽油精制装置
187.0,ST040127,℃,2026-04-14 08:00:00,终馏点蒸发温度TFBP,延化180万吨/年汽油精制装置
98.0,ST040127,<p>%</p>,2026-04-14 08:00:00,全馏,延化180万吨/年汽油精制装置
0.8,ST040127,<p>%</p>,2026-04-14 08:00:00,平均残留百分数(B),延化180万吨/年汽油精制装置
5.00,ST040127,<p>ppm</p>,2026-04-14 08:00:00,硫含量,延化180万吨/年汽油精制装置
6.00,ST040127,<p>ppm</p>,2026-04-14 20:00:00,硫含量,延化180万吨/年汽油精制装置
715.0,ST040127,<p>kg/m<sup>3</sup></p>,2026-04-15 08:00:00,密度(20℃),延化180万吨/年汽油精制装置
54.00,ST040127,<p>gBr/100g</p>,2026-04-15 08:00:00,溴价 gBr/100g,延化180万吨/年汽油精制装置
28.2,ST040127,℃,2026-04-15 08:00:00,初馏点蒸发温度 TIBP,延化180万吨/年汽油精制装置
44.0,ST040127,℃,2026-04-15 08:00:00,10%平均蒸发温度T10%,延化180万吨/年汽油精制装置
88.6,ST040127,℃,2026-04-15 08:00:00,50%平均蒸发温度T50%,延化180万吨/年汽油精制装置
163.5,ST040127,℃,2026-04-15 08:00:00,90%平均蒸发温度T90%,延化180万吨/年汽油精制装置
193.7,ST040127,℃,2026-04-15 08:00:00,终馏点蒸发温度TFBP,延化180万吨/年汽油精制装置
98.0,ST040127,<p>%</p>,2026-04-15 08:00:00,全馏,延化180万吨/年汽油精制装置
0.8,ST040127,<p>%</p>,2026-04-15 08:00:00,平均残留百分数(B),延化180万吨/年汽油精制装置
5.00,ST040127,<p>ppm</p>,2026-04-15 08:00:00,硫含量,延化180万吨/年汽油精制装置
8.00,ST040127,<p>ppm</p>,2026-04-15 20:00:00,硫含量,延化180万吨/年汽油精制装置
<0.5,ST040127,<p>mg/100mL</p>,2026-04-16 08:00:00,未洗胶质,延化180万吨/年汽油精制装置
76.5,ST040127,<p>kPa</p>,2026-04-16 08:00:00,饱和蒸汽压(X),延化180万吨/年汽油精制装置
27.2,ST040127,%（v/v) ,2026-04-16 08:00:00,烯烃含量,延化180万吨/年汽油精制装置
15.0,ST040127,%（v/v) ,2026-04-16 08:00:00,芳烃含量,延化180万吨/年汽油精制装置
57.8,ST040127,%（v/v) ,2026-04-16 08:00:00,烷烃含量,延化180万吨/年汽油精制装置
1,ST040127,级,2026-04-16 08:00:00,铜片腐蚀(50℃，3h),延化180万吨/年汽油精制装置
714.7,ST040127,<p>kg/m<sup>3</sup></p>,2026-04-16 08:00:00,密度(20℃),延化180万吨/年汽油精制装置
53.00,ST040127,<p>gBr/100g</p>,2026-04-16 08:00:00,溴价 gBr/100g,延化180万吨/年汽油精制装置
3.00,ST040127,<p>ppm</p>,2026-04-16 08:00:00,硫含量,延化180万吨/年汽油精制装置
25.7,ST040127,℃,2026-04-16 08:00:00,初馏点蒸发温度 TIBP,延化180万吨/年汽油精制装置
44.8,ST040127,℃,2026-04-16 08:00:00,10%平均蒸发温度T10%,延化180万吨/年汽油精制装置
89.4,ST040127,℃,2026-04-16 08:00:00,50%平均蒸发温度T50%,延化180万吨/年汽油精制装置
165.7,ST040127,℃,2026-04-16 08:00:00,90%平均蒸发温度T90%,延化180万吨/年汽油精制装置
195.4,ST040127,℃,2026-04-16 08:00:00,终馏点蒸发温度TFBP,延化180万吨/年汽油精制装置
98.0,ST040127,<p>%</p>,2026-04-16 08:00:00,全馏,延化180万吨/年汽油精制装置
0.8,ST040127,<p>%</p>,2026-04-16 08:00:00,平均残留百分数(B),延化180万吨/年汽油精制装置
3.00,ST040127,<p>ppm</p>,2026-04-16 20:00:00,硫含量,延化180万吨/年汽油精制装置
5.00,ST040127,<p>ppm</p>,2026-04-17 08:00:00,硫含量,延化180万吨/年汽油精制装置
27.4,ST040127,℃,2026-04-17 08:00:00,初馏点蒸发温度 TIBP,延化180万吨/年汽油精制装置
43.1,ST040127,℃,2026-04-17 08:00:00,10%平均蒸发温度T10%,延化180万吨/年汽油精制装置
83.9,ST040127,℃,2026-04-17 08:00:00,50%平均蒸发温度T50%,延化180万吨/年汽油精制装置
161.3,ST040127,℃,2026-04-17 08:00:00,90%平均蒸发温度T90%,延化180万吨/年汽油精制装置
713.0,ST040127,<p>kg/m<sup>3</sup></p>,2026-04-17 08:00:00,密度(20℃),延化180万吨/年汽油精制装置
191.8,ST040127,℃,2026-04-17 08:00:00,终馏点蒸发温度TFBP,延化180万吨/年汽油精制装置
98.0,ST040127,<p>%</p>,2026-04-17 08:00:00,全馏,延化180万吨/年汽油精制装置
0.8,ST040127,<p>%</p>,2026-04-17 08:00:00,平均残留百分数(B),延化180万吨/年汽油精制装置
55.00,ST040127,<p>gBr/100g</p>,2026-04-17 08:00:00,溴价 gBr/100g,延化180万吨/年汽油精制装置
6.00,ST040127,<p>ppm</p>,2026-04-17 20:00:00,硫含量,延化180万吨/年汽油精制装置
24.4,ST040127,℃,2026-04-18 08:00:00,初馏点蒸发温度 TIBP,延化180万吨/年汽油精制装置
39.3,ST040127,℃,2026-04-18 08:00:00,10%平均蒸发温度T10%,延化180万吨/年汽油精制装置
78.5,ST040127,℃,2026-04-18 08:00:00,50%平均蒸发温度T50%,延化180万吨/年汽油精制装置
159.3,ST040127,℃,2026-04-18 08:00:00,90%平均蒸发温度T90%,延化180万吨/年汽油精制装置
187.2,ST040127,℃,2026-04-18 08:00:00,终馏点蒸发温度TFBP,延化180万吨/年汽油精制装置
98.0,ST040127,<p>%</p>,2026-04-18 08:00:00,全馏,延化180万吨/年汽油精制装置
0.8,ST040127,<p>%</p>,2026-04-18 08:00:00,平均残留百分数(B),延化180万吨/年汽油精制装置
713.2,ST040127,<p>kg/m<sup>3</sup></p>,2026-04-18 08:00:00,密度(20℃),延化180万吨/年汽油精制装置
56.00,ST040127,<p>gBr/100g</p>,2026-04-18 08:00:00,溴价 gBr/100g,延化180万吨/年汽油精制装置
3.00,ST040127,<p>ppm</p>,2026-04-18 08:00:00,硫含量,延化180万吨/年汽油精制装置
4.00,ST040127,<p>ppm</p>,2026-04-18 20:00:00,硫含量,延化180万吨/年汽油精制装置
26.1,ST040127,℃,2026-04-19 08:00:00,初馏点蒸发温度 TIBP,延化180万吨/年汽油精制装置
40.9,ST040127,℃,2026-04-19 08:00:00,10%平均蒸发温度T10%,延化180万吨/年汽油精制装置
80.8,ST040127,℃,2026-04-19 08:00:00,50%平均蒸发温度T50%,延化180万吨/年汽油精制装置
161.7,ST040127,℃,2026-04-19 08:00:00,90%平均蒸发温度T90%,延化180万吨/年汽油精制装置
190.2,ST040127,℃,2026-04-19 08:00:00,终馏点蒸发温度TFBP,延化180万吨/年汽油精制装置
98.0,ST040127,<p>%</p>,2026-04-19 08:00:00,全馏,延化180万吨/年汽油精制装置
0.8,ST040127,<p>%</p>,2026-04-19 08:00:00,平均残留百分数(B),延化180万吨/年汽油精制装置
713.1,ST040127,<p>kg/m<sup>3</sup></p>,2026-04-19 08:00:00,密度(20℃),延化180万吨/年汽油精制装置
55.00,ST040127,<p>gBr/100g</p>,2026-04-19 08:00:00,溴价 gBr/100g,延化180万吨/年汽油精制装置
3.00,ST040127,<p>ppm</p>,2026-04-19 08:00:00,硫含量,延化180万吨/年汽油精制装置
3.00,ST040127,<p>ppm</p>,2026-04-19 20:00:00,硫含量,延化180万吨/年汽油精制装置
88.5,ST040127,,2026-04-20 08:00:00,研究法辛烷值(RON),延化180万吨/年汽油精制装置
714.7,ST040127,<p>kg/m<sup>3</sup></p>,2026-04-20 08:00:00,密度(20℃),延化180万吨/年汽油精制装置
55.00,ST040127,<p>gBr/100g</p>,2026-04-20 08:00:00,溴价 gBr/100g,延化180万吨/年汽油精制装置
3.00,ST040127,<p>ppm</p>,2026-04-20 08:00:00,硫含量,延化180万吨/年汽油精制装置
25.5,ST040127,℃,2026-04-20 08:00:00,初馏点蒸发温度 TIBP,延化180万吨/年汽油精制装置
38.5,ST040127,℃,2026-04-20 08:00:00,10%平均蒸发温度T10%,延化180万吨/年汽油精制装置
79.8,ST040127,℃,2026-04-20 08:00:00,50%平均蒸发温度T50%,延化180万吨/年汽油精制装置
159.2,ST040127,℃,2026-04-20 08:00:00,90%平均蒸发温度T90%,延化180万吨/年汽油精制装置
184.0,ST040127,℃,2026-04-20 08:00:00,终馏点蒸发温度TFBP,延化180万吨/年汽油精制装置
98.0,ST040127,<p>%</p>,2026-04-20 08:00:00,全馏,延化180万吨/年汽油精制装置
0.8,ST040127,<p>%</p>,2026-04-20 08:00:00,平均残留百分数(B),延化180万吨/年汽油精制装置
3.00,ST040127,<p>ppm</p>,2026-04-20 20:00:00,硫含量,延化180万吨/年汽油精制装置
41.0,ST040127,℃,2026-04-21 08:00:00,10%平均蒸发温度T10%,延化180万吨/年汽油精制装置
79.8,ST040127,℃,2026-04-21 08:00:00,50%平均蒸发温度T50%,延化180万吨/年汽油精制装置
161.0,ST040127,℃,2026-04-21 08:00:00,90%平均蒸发温度T90%,延化180万吨/年汽油精制装置
188.3,ST040127,℃,2026-04-21 08:00:00,终馏点蒸发温度TFBP,延化180万吨/年汽油精制装置
3.00,ST040127,<p>ppm</p>,2026-04-21 08:00:00,硫含量,延化180万吨/年汽油精制装置
98.0,ST040127,<p>%</p>,2026-04-21 08:00:00,全馏,延化180万吨/年汽油精制装置
0.8,ST040127,<p>%</p>,2026-04-21 08:00:00,平均残留百分数(B),延化180万吨/年汽油精制装置
27.3,ST040127,℃,2026-04-21 08:00:00,初馏点蒸发温度 TIBP,延化180万吨/年汽油精制装置
714.5,ST040127,<p>kg/m<sup>3</sup></p>,2026-04-21 08:00:00,密度(20℃),延化180万吨/年汽油精制装置
55.00,ST040127,<p>gBr/100g</p>,2026-04-21 08:00:00,溴价 gBr/100g,延化180万吨/年汽油精制装置
2.00,ST040127,<p>ppm</p>,2026-04-21 20:00:00,硫含量,延化180万吨/年汽油精制装置
41.6,ST040127,℃,2026-04-22 08:00:00,10%平均蒸发温度T10%,延化180万吨/年汽油精制装置
3.00,ST040127,<p>ppm</p>,2026-04-22 08:00:00,硫含量,延化180万吨/年汽油精制装置
56.00,ST040127,<p>gBr/100g</p>,2026-04-22 08:00:00,溴价 gBr/100g,延化180万吨/年汽油精制装置
714.5,ST040127,<p>kg/m<sup>3</sup></p>,2026-04-22 08:00:00,密度(20℃),延化180万吨/年汽油精制装置
27.0,ST040127,℃,2026-04-22 08:00:00,初馏点蒸发温度 TIBP,延化180万吨/年汽油精制装置
0.8,ST040127,<p>%</p>,2026-04-22 08:00:00,平均残留百分数(B),延化180万吨/年汽油精制装置
81.5,ST040127,℃,2026-04-22 08:00:00,50%平均蒸发温度T50%,延化180万吨/年汽油精制装置
160.7,ST040127,℃,2026-04-22 08:00:00,90%平均蒸发温度T90%,延化180万吨/年汽油精制装置
188.4,ST040127,℃,2026-04-22 08:00:00,终馏点蒸发温度TFBP,延化180万吨/年汽油精制装置
98.0,ST040127,<p>%</p>,2026-04-22 08:00:00,全馏,延化180万吨/年汽油精制装置
3.00,ST040127,<p>ppm</p>,2026-04-22 20:00:00,硫含量,延化180万吨/年汽油精制装置
77.3,ST040127,<p>kPa</p>,2026-04-23 08:00:00,饱和蒸汽压(X),延化180万吨/年汽油精制装置
<0.5,ST040127,<p>mg/100mL</p>,2026-04-23 08:00:00,未洗胶质,延化180万吨/年汽油精制装置
26.2,ST040127,℃,2026-04-23 08:00:00,初馏点蒸发温度 TIBP,延化180万吨/年汽油精制装置
41.1,ST040127,℃,2026-04-23 08:00:00,10%平均蒸发温度T10%,延化180万吨/年汽油精制装置
81.1,ST040127,℃,2026-04-23 08:00:00,50%平均蒸发温度T50%,延化180万吨/年汽油精制装置
161.9,ST040127,℃,2026-04-23 08:00:00,90%平均蒸发温度T90%,延化180万吨/年汽油精制装置
189.6,ST040127,℃,2026-04-23 08:00:00,终馏点蒸发温度TFBP,延化180万吨/年汽油精制装置
98.0,ST040127,<p>%</p>,2026-04-23 08:00:00,全馏,延化180万吨/年汽油精制装置
0.8,ST040127,<p>%</p>,2026-04-23 08:00:00,平均残留百分数(B),延化180万吨/年汽油精制装置
3.00,ST040127,<p>ppm</p>,2026-04-23 08:00:00,硫含量,延化180万吨/年汽油精制装置
56.00,ST040127,<p>gBr/100g</p>,2026-04-23 08:00:00,溴价 gBr/100g,延化180万吨/年汽油精制装置
25.6,ST040127,%（v/v) ,2026-04-23 08:00:00,烯烃含量,延化180万吨/年汽油精制装置
14.4,ST040127,%（v/v) ,2026-04-23 08:00:00,芳烃含量,延化180万吨/年汽油精制装置
59.9,ST040127,%（v/v) ,2026-04-23 08:00:00,烷烃含量,延化180万吨/年汽油精制装置
715.0,ST040127,<p>kg/m<sup>3</sup></p>,2026-04-23 08:00:00,密度(20℃),延化180万吨/年汽油精制装置
1,ST040127,级,2026-04-23 08:00:00,铜片腐蚀(50℃，3h),延化180万吨/年汽油精制装置
3.00,ST040127,<p>ppm</p>,2026-04-23 20:00:00,硫含量,延化180万吨/年汽油精制装置
4.00,ST040127,<p>ppm</p>,2026-04-24 08:00:00,硫含量,延化180万吨/年汽油精制装置
55.00,ST040127,<p>gBr/100g</p>,2026-04-24 08:00:00,溴价 gBr/100g,延化180万吨/年汽油精制装置
715.2,ST040127,<p>kg/m<sup>3</sup></p>,2026-04-24 08:00:00,密度(20℃),延化180万吨/年汽油精制装置
29.3,ST040127,℃,2026-04-24 08:00:00,初馏点蒸发温度 TIBP,延化180万吨/年汽油精制装置
44.7,ST040127,℃,2026-04-24 08:00:00,10%平均蒸发温度T10%,延化180万吨/年汽油精制装置
84.8,ST040127,℃,2026-04-24 08:00:00,50%平均蒸发温度T50%,延化180万吨/年汽油精制装置
160.6,ST040127,℃,2026-04-24 08:00:00,90%平均蒸发温度T90%,延化180万吨/年汽油精制装置
188.5,ST040127,℃,2026-04-24 08:00:00,终馏点蒸发温度TFBP,延化180万吨/年汽油精制装置
98.0,ST040127,<p>%</p>,2026-04-24 08:00:00,全馏,延化180万吨/年汽油精制装置
0.8,ST040127,<p>%</p>,2026-04-24 08:00:00,平均残留百分数(B),延化180万吨/年汽油精制装置
4.00,ST040127,<p>ppm</p>,2026-04-24 20:00:00,硫含量,延化180万吨/年汽油精制装置
23.8,ST040127,℃,2026-04-25 08:00:00,初馏点蒸发温度 TIBP,延化180万吨/年汽油精制装置
38.0,ST040127,℃,2026-04-25 08:00:00,10%平均蒸发温度T10%,延化180万吨/年汽油精制装置
76.0,ST040127,℃,2026-04-25 08:00:00,50%平均蒸发温度T50%,延化180万吨/年汽油精制装置
158.2,ST040127,℃,2026-04-25 08:00:00,90%平均蒸发温度T90%,延化180万吨/年汽油精制装置
186.8,ST040127,℃,2026-04-25 08:00:00,终馏点蒸发温度TFBP,延化180万吨/年汽油精制装置
98.0,ST040127,<p>%</p>,2026-04-25 08:00:00,全馏,延化180万吨/年汽油精制装置
0.8,ST040127,<p>%</p>,2026-04-25 08:00:00,平均残留百分数(B),延化180万吨/年汽油精制装置
710.3,ST040127,<p>kg/m<sup>3</sup></p>,2026-04-25 08:00:00,密度(20℃),延化180万吨/年汽油精制装置
53.00,ST040127,<p>gBr/100g</p>,2026-04-25 08:00:00,溴价 gBr/100g,延化180万吨/年汽油精制装置
3.00,ST040127,<p>ppm</p>,2026-04-25 08:00:00,硫含量,延化180万吨/年汽油精制装置
3.00,ST040127,<p>ppm</p>,2026-04-25 20:00:00,硫含量,延化180万吨/年汽油精制装置
3.00,ST040127,<p>ppm</p>,2026-04-26 08:00:00,硫含量,延化180万吨/年汽油精制装置
712.5,ST040127,<p>kg/m<sup>3</sup></p>,2026-04-26 08:00:00,密度(20℃),延化180万吨/年汽油精制装置
54.00,ST040127,<p>gBr/100g</p>,2026-04-26 08:00:00,溴价 gBr/100g,延化180万吨/年汽油精制装置
26.4,ST040127,℃,2026-04-26 08:00:00,初馏点蒸发温度 TIBP,延化180万吨/年汽油精制装置
80.3,ST040127,℃,2026-04-26 08:00:00,50%平均蒸发温度T50%,延化180万吨/年汽油精制装置
159.2,ST040127,℃,2026-04-26 08:00:00,90%平均蒸发温度T90%,延化180万吨/年汽油精制装置
186.6,ST040127,℃,2026-04-26 08:00:00,终馏点蒸发温度TFBP,延化180万吨/年汽油精制装置
98.0,ST040127,<p>%</p>,2026-04-26 08:00:00,全馏,延化180万吨/年汽油精制装置
0.8,ST040127,<p>%</p>,2026-04-26 08:00:00,平均残留百分数(B),延化180万吨/年汽油精制装置
41.0,ST040127,℃,2026-04-26 08:00:00,10%平均蒸发温度T10%,延化180万吨/年汽油精制装置
2.00,ST040127,<p>ppm</p>,2026-04-26 20:00:00,硫含量,延化180万吨/年汽油精制装置
88.4,ST040127,,2026-04-27 08:00:00,研究法辛烷值(RON),延化180万吨/年汽油精制装置
3.00,ST040127,<p>ppm</p>,2026-04-27 08:00:00,硫含量,延化180万吨/年汽油精制装置
44.5,ST040127,℃,2026-04-27 08:00:00,10%平均蒸发温度T10%,延化180万吨/年汽油精制装置
28.2,ST040127,℃,2026-04-27 08:00:00,初馏点蒸发温度 TIBP,延化180万吨/年汽油精制装置
90.1,ST040127,℃,2026-04-27 08:00:00,50%平均蒸发温度T50%,延化180万吨/年汽油精制装置
164.8,ST040127,℃,2026-04-27 08:00:00,90%平均蒸发温度T90%,延化180万吨/年汽油精制装置
197.7,ST040127,℃,2026-04-27 08:00:00,终馏点蒸发温度TFBP,延化180万吨/年汽油精制装置
98.0,ST040127,<p>%</p>,2026-04-27 08:00:00,全馏,延化180万吨/年汽油精制装置
0.8,ST040127,<p>%</p>,2026-04-27 08:00:00,平均残留百分数(B),延化180万吨/年汽油精制装置
715.5,ST040127,<p>kg/m<sup>3</sup></p>,2026-04-27 08:00:00,密度(20℃),延化180万吨/年汽油精制装置
54.00,ST040127,<p>gBr/100g</p>,2026-04-27 08:00:00,溴价 gBr/100g,延化180万吨/年汽油精制装置
2.00,ST040127,<p>ppm</p>,2026-04-27 20:00:00,硫含量,延化180万吨/年汽油精制装置
93.2,ST040127,℃,2026-04-28 08:00:00,50%平均蒸发温度T50%,延化180万吨/年汽油精制装置
165.0,ST040127,℃,2026-04-28 08:00:00,90%平均蒸发温度T90%,延化180万吨/年汽油精制装置
193.2,ST040127,℃,2026-04-28 08:00:00,终馏点蒸发温度TFBP,延化180万吨/年汽油精制装置
98.0,ST040127,<p>%</p>,2026-04-28 08:00:00,全馏,延化180万吨/年汽油精制装置
0.8,ST040127,<p>%</p>,2026-04-28 08:00:00,平均残留百分数(B),延化180万吨/年汽油精制装置
28.0,ST040127,℃,2026-04-28 08:00:00,初馏点蒸发温度 TIBP,延化180万吨/年汽油精制装置
48.3,ST040127,℃,2026-04-28 08:00:00,10%平均蒸发温度T10%,延化180万吨/年汽油精制装置
3.00,ST040127,<p>ppm</p>,2026-04-28 08:00:00,硫含量,延化180万吨/年汽油精制装置
716.0,ST040127,<p>kg/m<sup>3</sup></p>,2026-04-28 08:00:00,密度(20℃),延化180万吨/年汽油精制装置
53.00,ST040127,<p>gBr/100g</p>,2026-04-28 08:00:00,溴价 gBr/100g,延化180万吨/年汽油精制装置
3.00,ST040127,<p>ppm</p>,2026-04-28 20:00:00,硫含量,延化180万吨/年汽油精制装置
3.00,ST040127,<p>ppm</p>,2026-04-29 08:00:00,硫含量,延化180万吨/年汽油精制装置
717.7,ST040127,<p>kg/m<sup>3</sup></p>,2026-04-29 08:00:00,密度(20℃),延化180万吨/年汽油精制装置
52.00,ST040127,<p>gBr/100g</p>,2026-04-29 08:00:00,溴价 gBr/100g,延化180万吨/年汽油精制装置
30.8,ST040127,℃,2026-04-29 08:00:00,初馏点蒸发温度 TIBP,延化180万吨/年汽油精制装置
46.3,ST040127,℃,2026-04-29 08:00:00,10%平均蒸发温度T10%,延化180万吨/年汽油精制装置
85.2,ST040127,℃,2026-04-29 08:00:00,50%平均蒸发温度T50%,延化180万吨/年汽油精制装置
161.1,ST040127,℃,2026-04-29 08:00:00,90%平均蒸发温度T90%,延化180万吨/年汽油精制装置
188.0,ST040127,℃,2026-04-29 08:00:00,终馏点蒸发温度TFBP,延化180万吨/年汽油精制装置
98.0,ST040127,<p>%</p>,2026-04-29 08:00:00,全馏,延化180万吨/年汽油精制装置
0.8,ST040127,<p>%</p>,2026-04-29 08:00:00,平均残留百分数(B),延化180万吨/年汽油精制装置
3.00,ST040127,<p>ppm</p>,2026-04-29 20:00:00,硫含量,延化180万吨/年汽油精制装置
717.0,ST040127,<p>kg/m<sup>3</sup></p>,2026-04-30 08:00:00,密度(20℃),延化180万吨/年汽油精制装置
1,ST040127,级,2026-04-30 08:00:00,铜片腐蚀(50℃，3h),延化180万吨/年汽油精制装置
31.5,ST040127,℃,2026-04-30 08:00:00,初馏点蒸发温度 TIBP,延化180万吨/年汽油精制装置
45.3,ST040127,℃,2026-04-30 08:00:00,10%平均蒸发温度T10%,延化180万吨/年汽油精制装置
84.6,ST040127,℃,2026-04-30 08:00:00,50%平均蒸发温度T50%,延化180万吨/年汽油精制装置
160.7,ST040127,℃,2026-04-30 08:00:00,90%平均蒸发温度T90%,延化180万吨/年汽油精制装置
187.2,ST040127,℃,2026-04-30 08:00:00,终馏点蒸发温度TFBP,延化180万吨/年汽油精制装置
98.0,ST040127,<p>%</p>,2026-04-30 08:00:00,全馏,延化180万吨/年汽油精制装置
0.8,ST040127,<p>%</p>,2026-04-30 08:00:00,平均残留百分数(B),延化180万吨/年汽油精制装置
3.00,ST040127,<p>ppm</p>,2026-04-30 08:00:00,硫含量,延化180万吨/年汽油精制装置
<0.5,ST040127,<p>mg/100mL</p>,2026-04-30 08:00:00,未洗胶质,延化180万吨/年汽油精制装置
70.5,ST040127,<p>kPa</p>,2026-04-30 08:00:00,饱和蒸汽压(X),延化180万吨/年汽油精制装置
25.2,ST040127,%（v/v) ,2026-04-30 08:00:00,烯烃含量,延化180万吨/年汽油精制装置
15.6,ST040127,%（v/v) ,2026-04-30 08:00:00,芳烃含量,延化180万吨/年汽油精制装置
59.1,ST040127,%（v/v) ,2026-04-30 08:00:00,烷烃含量,延化180万吨/年汽油精制装置
53.00,ST040127,<p>gBr/100g</p>,2026-04-30 08:00:00,溴价 gBr/100g,延化180万吨/年汽油精制装置
3.00,ST040127,<p>ppm</p>,2026-04-30 20:00:00,硫含量,延化180万吨/年汽油精制装置
