result,sampleDotCode,unitName,sampleTime,resultName,deviceName
0.20,ST040126,"<p>%(v/v)</p>
",2025-05-01 08:00:00,氧气,延化180万吨/年汽油精制装置
2.13,ST040126,"<p>%(v/v)</p>
",2025-05-01 08:00:00,碳五(合计),延化180万吨/年汽油精制装置
0.00,ST040126,"<p>%(v/v)</p>
",2025-05-01 08:00:00,一氧化碳,延化180万吨/年汽油精制装置
0.00,ST040126,"<p>%(v/v)</p>
",2025-05-01 08:00:00,二氧化碳,延化180万吨/年汽油精制装置
82.03,ST040126,"<p>%(v/v)</p>
",2025-05-01 08:00:00,氢气,延化180万吨/年汽油精制装置
3.43,ST040126,"<p>%(v/v)</p>
",2025-05-01 08:00:00,甲烷,延化180万吨/年汽油精制装置
2.75,ST040126,"<p>%(v/v)</p>
",2025-05-01 08:00:00,丙烷,延化180万吨/年汽油精制装置
0.00,ST040126,"<p>%(v/v)</p>
",2025-05-01 08:00:00,丙烯,延化180万吨/年汽油精制装置
0.00,ST040126,"<p>%(v/v)</p>
",2025-05-01 08:00:00,乙烯,延化180万吨/年汽油精制装置
5.80,ST040126,"<p>%(v/v)</p>
",2025-05-01 08:00:00,碳四(合计),延化180万吨/年汽油精制装置
1.97,ST040126,"<p>%(v/v)</p>
",2025-05-01 08:00:00,异戊烷,延化180万吨/年汽油精制装置
0.16,ST040126,"<p>%(v/v)</p>
",2025-05-01 08:00:00,正戊烷,延化180万吨/年汽油精制装置
3.17,ST040126,"<p>%(v/v)</p>
",2025-05-01 08:00:00,乙烷,延化180万吨/年汽油精制装置
0.00,ST040126,"<p>%(v/v)</p>
",2025-05-01 08:00:00,碳五+其他,延化180万吨/年汽油精制装置
0.49,ST040126,"<p>%(v/v)</p>
",2025-05-01 08:00:00,氮气,延化180万吨/年汽油精制装置
0.14,ST040126,"<p>%(v/v)</p>
",2025-05-05 08:00:00,氧气,延化180万吨/年汽油精制装置
3.00,ST040126,"<p>%(v/v)</p>
",2025-05-05 08:00:00,碳五(合计),延化180万吨/年汽油精制装置
0.00,ST040126,"<p>%(v/v)</p>
",2025-05-05 08:00:00,一氧化碳,延化180万吨/年汽油精制装置
0.00,ST040126,"<p>%(v/v)</p>
",2025-05-05 08:00:00,二氧化碳,延化180万吨/年汽油精制装置
85.46,ST040126,"<p>%(v/v)</p>
",2025-05-05 08:00:00,氢气,延化180万吨/年汽油精制装置
3.58,ST040126,"<p>%(v/v)</p>
",2025-05-05 08:00:00,甲烷,延化180万吨/年汽油精制装置
0.85,ST040126,"<p>%(v/v)</p>
",2025-05-05 08:00:00,丙烷,延化180万吨/年汽油精制装置
0.00,ST040126,"<p>%(v/v)</p>
",2025-05-05 08:00:00,丙烯,延化180万吨/年汽油精制装置
0.06,ST040126,"<p>%(v/v)</p>
",2025-05-05 08:00:00,乙烯,延化180万吨/年汽油精制装置
2.04,ST040126,"<p>%(v/v)</p>
",2025-05-05 08:00:00,碳四(合计),延化180万吨/年汽油精制装置
2.72,ST040126,"<p>%(v/v)</p>
",2025-05-05 08:00:00,异戊烷,延化180万吨/年汽油精制装置
0.28,ST040126,"<p>%(v/v)</p>
",2025-05-05 08:00:00,正戊烷,延化180万吨/年汽油精制装置
3.40,ST040126,"<p>%(v/v)</p>
",2025-05-05 08:00:00,乙烷,延化180万吨/年汽油精制装置
0.00,ST040126,"<p>%(v/v)</p>
",2025-05-05 08:00:00,碳五+其他,延化180万吨/年汽油精制装置
1.47,ST040126,"<p>%(v/v)</p>
",2025-05-05 08:00:00,氮气,延化180万吨/年汽油精制装置
0.00,ST040126,"<p>%(v/v)</p>
",2025-05-08 08:00:00,二氧化碳,延化180万吨/年汽油精制装置
1.91,ST040126,"<p>%(v/v)</p>
",2025-05-08 08:00:00,碳五(合计),延化180万吨/年汽油精制装置
0.77,ST040126,"<p>%(v/v)</p>
",2025-05-08 08:00:00,氮气,延化180万吨/年汽油精制装置
0.00,ST040126,"<p>%(v/v)</p>
",2025-05-08 08:00:00,一氧化碳,延化180万吨/年汽油精制装置
84.78,ST040126,"<p>%(v/v)</p>
",2025-05-08 08:00:00,氢气,延化180万吨/年汽油精制装置
3.42,ST040126,"<p>%(v/v)</p>
",2025-05-08 08:00:00,甲烷,延化180万吨/年汽油精制装置
1.10,ST040126,"<p>%(v/v)</p>
",2025-05-08 08:00:00,丙烷,延化180万吨/年汽油精制装置
0.00,ST040126,"<p>%(v/v)</p>
",2025-05-08 08:00:00,丙烯,延化180万吨/年汽油精制装置
0.06,ST040126,"<p>%(v/v)</p>
",2025-05-08 08:00:00,乙烯,延化180万吨/年汽油精制装置
3.46,ST040126,"<p>%(v/v)</p>
",2025-05-08 08:00:00,乙烷,延化180万吨/年汽油精制装置
4.29,ST040126,"<p>%(v/v)</p>
",2025-05-08 08:00:00,碳四(合计),延化180万吨/年汽油精制装置
1.63,ST040126,"<p>%(v/v)</p>
",2025-05-08 08:00:00,异戊烷,延化180万吨/年汽油精制装置
0.28,ST040126,"<p>%(v/v)</p>
",2025-05-08 08:00:00,正戊烷,延化180万吨/年汽油精制装置
0.00,ST040126,"<p>%(v/v)</p>
",2025-05-08 08:00:00,碳五+其他,延化180万吨/年汽油精制装置
0.21,ST040126,"<p>%(v/v)</p>
",2025-05-08 08:00:00,氧气,延化180万吨/年汽油精制装置
81.39,ST040126,"<p>%(v/v)</p>
",2025-05-12 08:00:00,氢气,延化180万吨/年汽油精制装置
0.00,ST040126,"<p>%(v/v)</p>
",2025-05-12 08:00:00,二氧化碳,延化180万吨/年汽油精制装置
3.35,ST040126,"<p>%(v/v)</p>
",2025-05-12 08:00:00,丙烷,延化180万吨/年汽油精制装置
0.00,ST040126,"<p>%(v/v)</p>
",2025-05-12 08:00:00,丙烯,延化180万吨/年汽油精制装置
0.07,ST040126,"<p>%(v/v)</p>
",2025-05-12 08:00:00,乙烯,延化180万吨/年汽油精制装置
5.12,ST040126,"<p>%(v/v)</p>
",2025-05-12 08:00:00,碳四(合计),延化180万吨/年汽油精制装置
1.01,ST040126,"<p>%(v/v)</p>
",2025-05-12 08:00:00,异戊烷,延化180万吨/年汽油精制装置
0.12,ST040126,"<p>%(v/v)</p>
",2025-05-12 08:00:00,正戊烷,延化180万吨/年汽油精制装置
3.85,ST040126,"<p>%(v/v)</p>
",2025-05-12 08:00:00,乙烷,延化180万吨/年汽油精制装置
0.00,ST040126,"<p>%(v/v)</p>
",2025-05-12 08:00:00,碳五+其他,延化180万吨/年汽油精制装置
1.13,ST040126,"<p>%(v/v)</p>
",2025-05-12 08:00:00,碳五(合计),延化180万吨/年汽油精制装置
0.24,ST040126,"<p>%(v/v)</p>
",2025-05-12 08:00:00,氧气,延化180万吨/年汽油精制装置
1.14,ST040126,"<p>%(v/v)</p>
",2025-05-12 08:00:00,氮气,延化180万吨/年汽油精制装置
0.00,ST040126,"<p>%(v/v)</p>
",2025-05-12 08:00:00,一氧化碳,延化180万吨/年汽油精制装置
3.71,ST040126,"<p>%(v/v)</p>
",2025-05-12 08:00:00,甲烷,延化180万吨/年汽油精制装置
81.82,ST040126,"<p>%(v/v)</p>
",2025-05-15 08:00:00,氢气,延化180万吨/年汽油精制装置
1.12,ST040126,"<p>%(v/v)</p>
",2025-05-15 08:00:00,碳五(合计),延化180万吨/年汽油精制装置
0.67,ST040126,"<p>%(v/v)</p>
",2025-05-15 08:00:00,氮气,延化180万吨/年汽油精制装置
0.00,ST040126,"<p>%(v/v)</p>
",2025-05-15 08:00:00,一氧化碳,延化180万吨/年汽油精制装置
0.00,ST040126,"<p>%(v/v)</p>
",2025-05-15 08:00:00,二氧化碳,延化180万吨/年汽油精制装置
4.07,ST040126,"<p>%(v/v)</p>
",2025-05-15 08:00:00,甲烷,延化180万吨/年汽油精制装置
2.94,ST040126,"<p>%(v/v)</p>
",2025-05-15 08:00:00,丙烷,延化180万吨/年汽油精制装置
0.00,ST040126,"<p>%(v/v)</p>
",2025-05-15 08:00:00,丙烯,延化180万吨/年汽油精制装置
0.07,ST040126,"<p>%(v/v)</p>
",2025-05-15 08:00:00,乙烯,延化180万吨/年汽油精制装置
5.31,ST040126,"<p>%(v/v)</p>
",2025-05-15 08:00:00,碳四(合计),延化180万吨/年汽油精制装置
1.02,ST040126,"<p>%(v/v)</p>
",2025-05-15 08:00:00,异戊烷,延化180万吨/年汽油精制装置
0.10,ST040126,"<p>%(v/v)</p>
",2025-05-15 08:00:00,正戊烷,延化180万吨/年汽油精制装置
3.87,ST040126,"<p>%(v/v)</p>
",2025-05-15 08:00:00,乙烷,延化180万吨/年汽油精制装置
0.00,ST040126,"<p>%(v/v)</p>
",2025-05-15 08:00:00,碳五+其他,延化180万吨/年汽油精制装置
0.13,ST040126,"<p>%(v/v)</p>
",2025-05-15 08:00:00,氧气,延化180万吨/年汽油精制装置
0.00,ST040126,"<p>%(v/v)</p>
",2025-05-19 08:00:00,二氧化碳,延化180万吨/年汽油精制装置
2.53,ST040126,"<p>%(v/v)</p>
",2025-05-19 08:00:00,碳五(合计),延化180万吨/年汽油精制装置
0.66,ST040126,"<p>%(v/v)</p>
",2025-05-19 08:00:00,氮气,延化180万吨/年汽油精制装置
0.00,ST040126,"<p>%(v/v)</p>
",2025-05-19 08:00:00,一氧化碳,延化180万吨/年汽油精制装置
81.59,ST040126,"<p>%(v/v)</p>
",2025-05-19 08:00:00,氢气,延化180万吨/年汽油精制装置
3.20,ST040126,"<p>%(v/v)</p>
",2025-05-19 08:00:00,甲烷,延化180万吨/年汽油精制装置
2.09,ST040126,"<p>%(v/v)</p>
",2025-05-19 08:00:00,丙烷,延化180万吨/年汽油精制装置
0.00,ST040126,"<p>%(v/v)</p>
",2025-05-19 08:00:00,丙烯,延化180万吨/年汽油精制装置
0.09,ST040126,"<p>%(v/v)</p>
",2025-05-19 08:00:00,乙烯,延化180万吨/年汽油精制装置
6.37,ST040126,"<p>%(v/v)</p>
",2025-05-19 08:00:00,碳四(合计),延化180万吨/年汽油精制装置
0.72,ST040126,"<p>%(v/v)</p>
",2025-05-19 08:00:00,异戊烷,延化180万吨/年汽油精制装置
1.81,ST040126,"<p>%(v/v)</p>
",2025-05-19 08:00:00,正戊烷,延化180万吨/年汽油精制装置
3.04,ST040126,"<p>%(v/v)</p>
",2025-05-19 08:00:00,乙烷,延化180万吨/年汽油精制装置
0.00,ST040126,"<p>%(v/v)</p>
",2025-05-19 08:00:00,碳五+其他,延化180万吨/年汽油精制装置
0.43,ST040126,"<p>%(v/v)</p>
",2025-05-19 08:00:00,氧气,延化180万吨/年汽油精制装置
0.00,ST040126,"<p>%(v/v)</p>
",2025-05-22 08:00:00,二氧化碳,延化180万吨/年汽油精制装置
0.00,ST040126,"<p>%(v/v)</p>
",2025-05-22 08:00:00,氧气,延化180万吨/年汽油精制装置
0.00,ST040126,"<p>%(v/v)</p>
",2025-05-22 08:00:00,氮气,延化180万吨/年汽油精制装置
0.00,ST040126,"<p>%(v/v)</p>
",2025-05-22 08:00:00,一氧化碳,延化180万吨/年汽油精制装置
72.91,ST040126,"<p>%(v/v)</p>
",2025-05-22 08:00:00,氢气,延化180万吨/年汽油精制装置
2.85,ST040126,"<p>%(v/v)</p>
",2025-05-22 08:00:00,甲烷,延化180万吨/年汽油精制装置
3.28,ST040126,"<p>%(v/v)</p>
",2025-05-22 08:00:00,丙烷,延化180万吨/年汽油精制装置
0.00,ST040126,"<p>%(v/v)</p>
",2025-05-22 08:00:00,丙烯,延化180万吨/年汽油精制装置
0.00,ST040126,"<p>%(v/v)</p>
",2025-05-22 08:00:00,乙烯,延化180万吨/年汽油精制装置
13.73,ST040126,"<p>%(v/v)</p>
",2025-05-22 08:00:00,碳四(合计),延化180万吨/年汽油精制装置
2.35,ST040126,"<p>%(v/v)</p>
",2025-05-22 08:00:00,异戊烷,延化180万吨/年汽油精制装置
1.26,ST040126,"<p>%(v/v)</p>
",2025-05-22 08:00:00,正戊烷,延化180万吨/年汽油精制装置
3.62,ST040126,"<p>%(v/v)</p>
",2025-05-22 08:00:00,乙烷,延化180万吨/年汽油精制装置
0.00,ST040126,"<p>%(v/v)</p>
",2025-05-22 08:00:00,碳五+其他,延化180万吨/年汽油精制装置
3.61,ST040126,"<p>%(v/v)</p>
",2025-05-22 08:00:00,碳五(合计),延化180万吨/年汽油精制装置
3.80,ST040126,"<p>%(v/v)</p>
",2025-05-26 08:00:00,乙烷,延化180万吨/年汽油精制装置
0.00,ST040126,"<p>%(v/v)</p>
",2025-05-26 08:00:00,碳五+其他,延化180万吨/年汽油精制装置
1.32,ST040126,"<p>%(v/v)</p>
",2025-05-26 08:00:00,正戊烷,延化180万吨/年汽油精制装置
0.65,ST040126,"<p>%(v/v)</p>
",2025-05-26 08:00:00,异戊烷,延化180万吨/年汽油精制装置
2.61,ST040126,"<p>%(v/v)</p>
",2025-05-26 08:00:00,碳四(合计),延化180万吨/年汽油精制装置
0.10,ST040126,"<p>%(v/v)</p>
",2025-05-26 08:00:00,乙烯,延化180万吨/年汽油精制装置
1.73,ST040126,"<p>%(v/v)</p>
",2025-05-26 08:00:00,丙烯,延化180万吨/年汽油精制装置
3.83,ST040126,"<p>%(v/v)</p>
",2025-05-26 08:00:00,丙烷,延化180万吨/年汽油精制装置
3.20,ST040126,"<p>%(v/v)</p>
",2025-05-26 08:00:00,甲烷,延化180万吨/年汽油精制装置
81.65,ST040126,"<p>%(v/v)</p>
",2025-05-26 08:00:00,氢气,延化180万吨/年汽油精制装置
0.00,ST040126,"<p>%(v/v)</p>
",2025-05-26 08:00:00,二氧化碳,延化180万吨/年汽油精制装置
0.00,ST040126,"<p>%(v/v)</p>
",2025-05-26 08:00:00,一氧化碳,延化180万吨/年汽油精制装置
0.89,ST040126,"<p>%(v/v)</p>
",2025-05-26 08:00:00,氮气,延化180万吨/年汽油精制装置
0.22,ST040126,"<p>%(v/v)</p>
",2025-05-26 08:00:00,氧气,延化180万吨/年汽油精制装置
1.97,ST040126,"<p>%(v/v)</p>
",2025-05-26 08:00:00,碳五(合计),延化180万吨/年汽油精制装置
2.64,ST040126,"<p>%(v/v)</p>
",2025-05-29 08:00:00,丙烷,延化180万吨/年汽油精制装置
3.29,ST040126,"<p>%(v/v)</p>
",2025-05-29 08:00:00,乙烷,延化180万吨/年汽油精制装置
84.02,ST040126,"<p>%(v/v)</p>
",2025-05-29 08:00:00,氢气,延化180万吨/年汽油精制装置
0.00,ST040126,"<p>%(v/v)</p>
",2025-05-29 08:00:00,二氧化碳,延化180万吨/年汽油精制装置
0.00,ST040126,"<p>%(v/v)</p>
",2025-05-29 08:00:00,一氧化碳,延化180万吨/年汽油精制装置
0.82,ST040126,"<p>%(v/v)</p>
",2025-05-29 08:00:00,氮气,延化180万吨/年汽油精制装置
0.23,ST040126,"<p>%(v/v)</p>
",2025-05-29 08:00:00,氧气,延化180万吨/年汽油精制装置
3.76,ST040126,"<p>%(v/v)</p>
",2025-05-29 08:00:00,碳四(合计),延化180万吨/年汽油精制装置
0.10,ST040126,"<p>%(v/v)</p>
",2025-05-29 08:00:00,乙烯,延化180万吨/年汽油精制装置
1.77,ST040126,"<p>%(v/v)</p>
",2025-05-29 08:00:00,碳五(合计),延化180万吨/年汽油精制装置
0.00,ST040126,"<p>%(v/v)</p>
",2025-05-29 08:00:00,碳五+其他,延化180万吨/年汽油精制装置
1.11,ST040126,"<p>%(v/v)</p>
",2025-05-29 08:00:00,正戊烷,延化180万吨/年汽油精制装置
0.66,ST040126,"<p>%(v/v)</p>
",2025-05-29 08:00:00,异戊烷,延化180万吨/年汽油精制装置
0.00,ST040126,"<p>%(v/v)</p>
",2025-05-29 08:00:00,丙烯,延化180万吨/年汽油精制装置
3.37,ST040126,"<p>%(v/v)</p>
",2025-05-29 08:00:00,甲烷,延化180万吨/年汽油精制装置
3.50,ST040126,"<p>%(v/v)</p>
",2025-06-02 08:00:00,甲烷,延化180万吨/年汽油精制装置
0.12,ST040126,"<p>%(v/v)</p>
",2025-06-02 08:00:00,碳五(合计),延化180万吨/年汽油精制装置
0.32,ST040126,"<p>%(v/v)</p>
",2025-06-02 08:00:00,氮气,延化180万吨/年汽油精制装置
0.00,ST040126,"<p>%(v/v)</p>
",2025-06-02 08:00:00,一氧化碳,延化180万吨/年汽油精制装置
0.00,ST040126,"<p>%(v/v)</p>
",2025-06-02 08:00:00,二氧化碳,延化180万吨/年汽油精制装置
82.55,ST040126,"<p>%(v/v)</p>
",2025-06-02 08:00:00,氢气,延化180万吨/年汽油精制装置
2.43,ST040126,"<p>%(v/v)</p>
",2025-06-02 08:00:00,丙烷,延化180万吨/年汽油精制装置
0.00,ST040126,"<p>%(v/v)</p>
",2025-06-02 08:00:00,丙烯,延化180万吨/年汽油精制装置
0.00,ST040126,"<p>%(v/v)</p>
",2025-06-02 08:00:00,乙烯,延化180万吨/年汽油精制装置
7.32,ST040126,"<p>%(v/v)</p>
",2025-06-02 08:00:00,碳四(合计),延化180万吨/年汽油精制装置
0.02,ST040126,"<p>%(v/v)</p>
",2025-06-02 08:00:00,异戊烷,延化180万吨/年汽油精制装置
0.10,ST040126,"<p>%(v/v)</p>
",2025-06-02 08:00:00,正戊烷,延化180万吨/年汽油精制装置
3.54,ST040126,"<p>%(v/v)</p>
",2025-06-02 08:00:00,乙烷,延化180万吨/年汽油精制装置
0.00,ST040126,"<p>%(v/v)</p>
",2025-06-02 08:00:00,碳五+其他,延化180万吨/年汽油精制装置
0.22,ST040126,"<p>%(v/v)</p>
",2025-06-02 08:00:00,氧气,延化180万吨/年汽油精制装置
0.21,ST040126,"<p>%(v/v)</p>
",2025-06-05 08:00:00,氧气,延化180万吨/年汽油精制装置
0.01,ST040126,"<p>%(v/v)</p>
",2025-06-05 08:00:00,碳五(合计),延化180万吨/年汽油精制装置
0.00,ST040126,"<p>%(v/v)</p>
",2025-06-05 08:00:00,一氧化碳,延化180万吨/年汽油精制装置
0.00,ST040126,"<p>%(v/v)</p>
",2025-06-05 08:00:00,二氧化碳,延化180万吨/年汽油精制装置
0.65,ST040126,"<p>%(v/v)</p>
",2025-06-05 08:00:00,丙烯,延化180万吨/年汽油精制装置
81.25,ST040126,"<p>%(v/v)</p>
",2025-06-05 08:00:00,氢气,延化180万吨/年汽油精制装置
3.59,ST040126,"<p>%(v/v)</p>
",2025-06-05 08:00:00,甲烷,延化180万吨/年汽油精制装置
2.64,ST040126,"<p>%(v/v)</p>
",2025-06-05 08:00:00,丙烷,延化180万吨/年汽油精制装置
0.00,ST040126,"<p>%(v/v)</p>
",2025-06-05 08:00:00,乙烯,延化180万吨/年汽油精制装置
6.85,ST040126,"<p>%(v/v)</p>
",2025-06-05 08:00:00,碳四(合计),延化180万吨/年汽油精制装置
0.01,ST040126,"<p>%(v/v)</p>
",2025-06-05 08:00:00,异戊烷,延化180万吨/年汽油精制装置
0.00,ST040126,"<p>%(v/v)</p>
",2025-06-05 08:00:00,正戊烷,延化180万吨/年汽油精制装置
3.33,ST040126,"<p>%(v/v)</p>
",2025-06-05 08:00:00,乙烷,延化180万吨/年汽油精制装置
0.00,ST040126,"<p>%(v/v)</p>
",2025-06-05 08:00:00,碳五+其他,延化180万吨/年汽油精制装置
1.47,ST040126,"<p>%(v/v)</p>
",2025-06-05 08:00:00,氮气,延化180万吨/年汽油精制装置
77.53,ST040126,"<p>%(v/v)</p>
",2025-06-09 08:00:00,氢气,延化180万吨/年汽油精制装置
0.00,ST040126,"<p>%(v/v)</p>
",2025-06-09 08:00:00,碳五+其他,延化180万吨/年汽油精制装置
0.48,ST040126,"<p>%(v/v)</p>
",2025-06-09 08:00:00,氮气,延化180万吨/年汽油精制装置
0.00,ST040126,"<p>%(v/v)</p>
",2025-06-09 08:00:00,一氧化碳,延化180万吨/年汽油精制装置
0.00,ST040126,"<p>%(v/v)</p>
",2025-06-09 08:00:00,二氧化碳,延化180万吨/年汽油精制装置
3.45,ST040126,"<p>%(v/v)</p>
",2025-06-09 08:00:00,甲烷,延化180万吨/年汽油精制装置
3.01,ST040126,"<p>%(v/v)</p>
",2025-06-09 08:00:00,丙烷,延化180万吨/年汽油精制装置
0.00,ST040126,"<p>%(v/v)</p>
",2025-06-09 08:00:00,丙烯,延化180万吨/年汽油精制装置
0.06,ST040126,"<p>%(v/v)</p>
",2025-06-09 08:00:00,乙烯,延化180万吨/年汽油精制装置
6.93,ST040126,"<p>%(v/v)</p>
",2025-06-09 08:00:00,碳四(合计),延化180万吨/年汽油精制装置
4.95,ST040126,"<p>%(v/v)</p>
",2025-06-09 08:00:00,异戊烷,延化180万吨/年汽油精制装置
4.95,ST040126,"<p>%(v/v)</p>
",2025-06-09 08:00:00,碳五(合计),延化180万吨/年汽油精制装置
0.00,ST040126,"<p>%(v/v)</p>
",2025-06-09 08:00:00,正戊烷,延化180万吨/年汽油精制装置
3.59,ST040126,"<p>%(v/v)</p>
",2025-06-09 08:00:00,乙烷,延化180万吨/年汽油精制装置
0.00,ST040126,"<p>%(v/v)</p>
",2025-06-09 08:00:00,氧气,延化180万吨/年汽油精制装置
0.00,ST040126,"<p>%(v/v)</p>
",2025-06-12 08:00:00,二氧化碳,延化180万吨/年汽油精制装置
2.99,ST040126,"<p>%(v/v)</p>
",2025-06-12 08:00:00,碳五(合计),延化180万吨/年汽油精制装置
0.65,ST040126,"<p>%(v/v)</p>
",2025-06-12 08:00:00,氮气,延化180万吨/年汽油精制装置
0.00,ST040126,"<p>%(v/v)</p>
",2025-06-12 08:00:00,一氧化碳,延化180万吨/年汽油精制装置
80.51,ST040126,"<p>%(v/v)</p>
",2025-06-12 08:00:00,氢气,延化180万吨/年汽油精制装置
3.72,ST040126,"<p>%(v/v)</p>
",2025-06-12 08:00:00,甲烷,延化180万吨/年汽油精制装置
3.26,ST040126,"<p>%(v/v)</p>
",2025-06-12 08:00:00,丙烷,延化180万吨/年汽油精制装置
0.00,ST040126,"<p>%(v/v)</p>
",2025-06-12 08:00:00,丙烯,延化180万吨/年汽油精制装置
0.07,ST040126,"<p>%(v/v)</p>
",2025-06-12 08:00:00,乙烯,延化180万吨/年汽油精制装置
4.71,ST040126,"<p>%(v/v)</p>
",2025-06-12 08:00:00,碳四(合计),延化180万吨/年汽油精制装置
0.82,ST040126,"<p>%(v/v)</p>
",2025-06-12 08:00:00,异戊烷,延化180万吨/年汽油精制装置
2.17,ST040126,"<p>%(v/v)</p>
",2025-06-12 08:00:00,正戊烷,延化180万吨/年汽油精制装置
3.89,ST040126,"<p>%(v/v)</p>
",2025-06-12 08:00:00,乙烷,延化180万吨/年汽油精制装置
0.00,ST040126,"<p>%(v/v)</p>
",2025-06-12 08:00:00,碳五+其他,延化180万吨/年汽油精制装置
0.20,ST040126,"<p>%(v/v)</p>
",2025-06-12 08:00:00,氧气,延化180万吨/年汽油精制装置
0.00,ST040126,"<p>%(v/v)</p>
",2025-06-16 08:00:00,二氧化碳,延化180万吨/年汽油精制装置
0.00,ST040126,"<p>%(v/v)</p>
",2025-06-16 08:00:00,碳五+其他,延化180万吨/年汽油精制装置
0.00,ST040126,"<p>%(v/v)</p>
",2025-06-16 08:00:00,氮气,延化180万吨/年汽油精制装置
0.00,ST040126,"<p>%(v/v)</p>
",2025-06-16 08:00:00,一氧化碳,延化180万吨/年汽油精制装置
80.43,ST040126,"<p>%(v/v)</p>
",2025-06-16 08:00:00,氢气,延化180万吨/年汽油精制装置
3.41,ST040126,"<p>%(v/v)</p>
",2025-06-16 08:00:00,甲烷,延化180万吨/年汽油精制装置
2.89,ST040126,"<p>%(v/v)</p>
",2025-06-16 08:00:00,丙烷,延化180万吨/年汽油精制装置
0.88,ST040126,"<p>%(v/v)</p>
",2025-06-16 08:00:00,丙烯,延化180万吨/年汽油精制装置
0.06,ST040126,"<p>%(v/v)</p>
",2025-06-16 08:00:00,乙烯,延化180万吨/年汽油精制装置
8.87,ST040126,"<p>%(v/v)</p>
",2025-06-16 08:00:00,碳四(合计),延化180万吨/年汽油精制装置
0.00,ST040126,"<p>%(v/v)</p>
",2025-06-16 08:00:00,异戊烷,延化180万吨/年汽油精制装置
0.00,ST040126,"<p>%(v/v)</p>
",2025-06-16 08:00:00,碳五(合计),延化180万吨/年汽油精制装置
0.00,ST040126,"<p>%(v/v)</p>
",2025-06-16 08:00:00,正戊烷,延化180万吨/年汽油精制装置
3.24,ST040126,"<p>%(v/v)</p>
",2025-06-16 08:00:00,乙烷,延化180万吨/年汽油精制装置
0.22,ST040126,"<p>%(v/v)</p>
",2025-06-16 08:00:00,氧气,延化180万吨/年汽油精制装置
0.00,ST040126,"<p>%(v/v)</p>
",2025-06-19 08:00:00,二氧化碳,延化180万吨/年汽油精制装置
0.00,ST040126,"<p>%(v/v)</p>
",2025-06-19 08:00:00,一氧化碳,延化180万吨/年汽油精制装置
2.87,ST040126,"<p>%(v/v)</p>
",2025-06-19 08:00:00,丙烷,延化180万吨/年汽油精制装置
1.04,ST040126,"<p>%(v/v)</p>
",2025-06-19 08:00:00,丙烯,延化180万吨/年汽油精制装置
0.00,ST040126,"<p>%(v/v)</p>
",2025-06-19 08:00:00,乙烯,延化180万吨/年汽油精制装置
9.64,ST040126,"<p>%(v/v)</p>
",2025-06-19 08:00:00,碳四(合计),延化180万吨/年汽油精制装置
0.00,ST040126,"<p>%(v/v)</p>
",2025-06-19 08:00:00,异戊烷,延化180万吨/年汽油精制装置
0.00,ST040126,"<p>%(v/v)</p>
",2025-06-19 08:00:00,正戊烷,延化180万吨/年汽油精制装置
3.61,ST040126,"<p>%(v/v)</p>
",2025-06-19 08:00:00,乙烷,延化180万吨/年汽油精制装置
0.00,ST040126,"<p>%(v/v)</p>
",2025-06-19 08:00:00,碳五+其他,延化180万吨/年汽油精制装置
0.00,ST040126,"<p>%(v/v)</p>
",2025-06-19 08:00:00,碳五(合计),延化180万吨/年汽油精制装置
78.16,ST040126,"<p>%(v/v)</p>
",2025-06-19 08:00:00,氢气,延化180万吨/年汽油精制装置
0.27,ST040126,"<p>%(v/v)</p>
",2025-06-19 08:00:00,氧气,延化180万吨/年汽油精制装置
1.00,ST040126,"<p>%(v/v)</p>
",2025-06-19 08:00:00,氮气,延化180万吨/年汽油精制装置
3.41,ST040126,"<p>%(v/v)</p>
",2025-06-19 08:00:00,甲烷,延化180万吨/年汽油精制装置
0.00,ST040126,"<p>%(v/v)</p>
",2025-06-23 08:00:00,二氧化碳,延化180万吨/年汽油精制装置
0.24,ST040126,"<p>%(v/v)</p>
",2025-06-23 08:00:00,氧气,延化180万吨/年汽油精制装置
1.45,ST040126,"<p>%(v/v)</p>
",2025-06-23 08:00:00,氮气,延化180万吨/年汽油精制装置
0.00,ST040126,"<p>%(v/v)</p>
",2025-06-23 08:00:00,一氧化碳,延化180万吨/年汽油精制装置
74.00,ST040126,"<p>%(v/v)</p>
",2025-06-23 08:00:00,氢气,延化180万吨/年汽油精制装置
3.33,ST040126,"<p>%(v/v)</p>
",2025-06-23 08:00:00,甲烷,延化180万吨/年汽油精制装置
2.95,ST040126,"<p>%(v/v)</p>
",2025-06-23 08:00:00,丙烷,延化180万吨/年汽油精制装置
0.84,ST040126,"<p>%(v/v)</p>
",2025-06-23 08:00:00,丙烯,延化180万吨/年汽油精制装置
0.07,ST040126,"<p>%(v/v)</p>
",2025-06-23 08:00:00,乙烯,延化180万吨/年汽油精制装置
13.46,ST040126,"<p>%(v/v)</p>
",2025-06-23 08:00:00,碳四(合计),延化180万吨/年汽油精制装置
0.00,ST040126,"<p>%(v/v)</p>
",2025-06-23 08:00:00,异戊烷,延化180万吨/年汽油精制装置
0.00,ST040126,"<p>%(v/v)</p>
",2025-06-23 08:00:00,正戊烷,延化180万吨/年汽油精制装置
3.66,ST040126,"<p>%(v/v)</p>
",2025-06-23 08:00:00,乙烷,延化180万吨/年汽油精制装置
0.00,ST040126,"<p>%(v/v)</p>
",2025-06-23 08:00:00,碳五+其他,延化180万吨/年汽油精制装置
0.00,ST040126,"<p>%(v/v)</p>
",2025-06-23 08:00:00,碳五(合计),延化180万吨/年汽油精制装置
2.94,ST040126,"<p>%(v/v)</p>
",2025-06-26 08:00:00,丙烷,延化180万吨/年汽油精制装置
0.92,ST040126,"<p>%(v/v)</p>
",2025-06-26 08:00:00,丙烯,延化180万吨/年汽油精制装置
74.93,ST040126,"<p>%(v/v)</p>
",2025-06-26 08:00:00,氢气,延化180万吨/年汽油精制装置
0.00,ST040126,"<p>%(v/v)</p>
",2025-06-26 08:00:00,二氧化碳,延化180万吨/年汽油精制装置
0.00,ST040126,"<p>%(v/v)</p>
",2025-06-26 08:00:00,一氧化碳,延化180万吨/年汽油精制装置
1.53,ST040126,"<p>%(v/v)</p>
",2025-06-26 08:00:00,氮气,延化180万吨/年汽油精制装置
0.32,ST040126,"<p>%(v/v)</p>
",2025-06-26 08:00:00,氧气,延化180万吨/年汽油精制装置
1.11,ST040126,"<p>%(v/v)</p>
",2025-06-26 08:00:00,碳五(合计),延化180万吨/年汽油精制装置
0.00,ST040126,"<p>%(v/v)</p>
",2025-06-26 08:00:00,碳五+其他,延化180万吨/年汽油精制装置
3.70,ST040126,"<p>%(v/v)</p>
",2025-06-26 08:00:00,乙烷,延化180万吨/年汽油精制装置
0.00,ST040126,"<p>%(v/v)</p>
",2025-06-26 08:00:00,正戊烷,延化180万吨/年汽油精制装置
1.11,ST040126,"<p>%(v/v)</p>
",2025-06-26 08:00:00,异戊烷,延化180万吨/年汽油精制装置
11.08,ST040126,"<p>%(v/v)</p>
",2025-06-26 08:00:00,碳四(合计),延化180万吨/年汽油精制装置
0.00,ST040126,"<p>%(v/v)</p>
",2025-06-26 08:00:00,乙烯,延化180万吨/年汽油精制装置
3.47,ST040126,"<p>%(v/v)</p>
",2025-06-26 08:00:00,甲烷,延化180万吨/年汽油精制装置
2.74,ST040126,"<p>%(v/v)</p>
",2025-06-30 08:00:00,丙烷,延化180万吨/年汽油精制装置
3.37,ST040126,"<p>%(v/v)</p>
",2025-06-30 08:00:00,甲烷,延化180万吨/年汽油精制装置
73.71,ST040126,"<p>%(v/v)</p>
",2025-06-30 08:00:00,氢气,延化180万吨/年汽油精制装置
0.00,ST040126,"<p>%(v/v)</p>
",2025-06-30 08:00:00,一氧化碳,延化180万吨/年汽油精制装置
1.36,ST040126,"<p>%(v/v)</p>
",2025-06-30 08:00:00,氮气,延化180万吨/年汽油精制装置
0.20,ST040126,"<p>%(v/v)</p>
",2025-06-30 08:00:00,氧气,延化180万吨/年汽油精制装置
0.00,ST040126,"<p>%(v/v)</p>
",2025-06-30 08:00:00,二氧化碳,延化180万吨/年汽油精制装置
0.76,ST040126,"<p>%(v/v)</p>
",2025-06-30 08:00:00,碳五(合计),延化180万吨/年汽油精制装置
0.00,ST040126,"<p>%(v/v)</p>
",2025-06-30 08:00:00,碳五+其他,延化180万吨/年汽油精制装置
3.59,ST040126,"<p>%(v/v)</p>
",2025-06-30 08:00:00,乙烷,延化180万吨/年汽油精制装置
0.00,ST040126,"<p>%(v/v)</p>
",2025-06-30 08:00:00,正戊烷,延化180万吨/年汽油精制装置
0.76,ST040126,"<p>%(v/v)</p>
",2025-06-30 08:00:00,异戊烷,延化180万吨/年汽油精制装置
0.74,ST040126,"<p>%(v/v)</p>
",2025-06-30 08:00:00,丙烯,延化180万吨/年汽油精制装置
0.00,ST040126,"<p>%(v/v)</p>
",2025-06-30 08:00:00,乙烯,延化180万吨/年汽油精制装置
13.53,ST040126,"<p>%(v/v)</p>
",2025-06-30 08:00:00,碳四(合计),延化180万吨/年汽油精制装置
0.00,ST040126,"<p>%(v/v)</p>
",2025-07-03 08:00:00,二氧化碳,延化180万吨/年汽油精制装置
0.82,ST040126,"<p>%(v/v)</p>
",2025-07-03 08:00:00,碳五(合计),延化180万吨/年汽油精制装置
1.27,ST040126,"<p>%(v/v)</p>
",2025-07-03 08:00:00,氮气,延化180万吨/年汽油精制装置
0.00,ST040126,"<p>%(v/v)</p>
",2025-07-03 08:00:00,一氧化碳,延化180万吨/年汽油精制装置
76.99,ST040126,"<p>%(v/v)</p>
",2025-07-03 08:00:00,氢气,延化180万吨/年汽油精制装置
3.65,ST040126,"<p>%(v/v)</p>
",2025-07-03 08:00:00,甲烷,延化180万吨/年汽油精制装置
3.33,ST040126,"<p>%(v/v)</p>
",2025-07-03 08:00:00,丙烷,延化180万吨/年汽油精制装置
0.89,ST040126,"<p>%(v/v)</p>
",2025-07-03 08:00:00,丙烯,延化180万吨/年汽油精制装置
0.07,ST040126,"<p>%(v/v)</p>
",2025-07-03 08:00:00,乙烯,延化180万吨/年汽油精制装置
9.10,ST040126,"<p>%(v/v)</p>
",2025-07-03 08:00:00,碳四(合计),延化180万吨/年汽油精制装置
0.82,ST040126,"<p>%(v/v)</p>
",2025-07-03 08:00:00,异戊烷,延化180万吨/年汽油精制装置
0.00,ST040126,"<p>%(v/v)</p>
",2025-07-03 08:00:00,正戊烷,延化180万吨/年汽油精制装置
3.62,ST040126,"<p>%(v/v)</p>
",2025-07-03 08:00:00,乙烷,延化180万吨/年汽油精制装置
0.00,ST040126,"<p>%(v/v)</p>
",2025-07-03 08:00:00,碳五+其他,延化180万吨/年汽油精制装置
0.26,ST040126,"<p>%(v/v)</p>
",2025-07-03 08:00:00,氧气,延化180万吨/年汽油精制装置
2.94,ST040126,"<p>%(v/v)</p>
",2025-07-07 08:00:00,丙烷,延化180万吨/年汽油精制装置
3.52,ST040126,"<p>%(v/v)</p>
",2025-07-07 08:00:00,碳五(合计),延化180万吨/年汽油精制装置
1.05,ST040126,"<p>%(v/v)</p>
",2025-07-07 08:00:00,氮气,延化180万吨/年汽油精制装置
0.00,ST040126,"<p>%(v/v)</p>
",2025-07-07 08:00:00,一氧化碳,延化180万吨/年汽油精制装置
0.00,ST040126,"<p>%(v/v)</p>
",2025-07-07 08:00:00,二氧化碳,延化180万吨/年汽油精制装置
69.78,ST040126,"<p>%(v/v)</p>
",2025-07-07 08:00:00,氢气,延化180万吨/年汽油精制装置
3.36,ST040126,"<p>%(v/v)</p>
",2025-07-07 08:00:00,甲烷,延化180万吨/年汽油精制装置
0.95,ST040126,"<p>%(v/v)</p>
",2025-07-07 08:00:00,丙烯,延化180万吨/年汽油精制装置
0.07,ST040126,"<p>%(v/v)</p>
",2025-07-07 08:00:00,乙烯,延化180万吨/年汽油精制装置
14.49,ST040126,"<p>%(v/v)</p>
",2025-07-07 08:00:00,碳四(合计),延化180万吨/年汽油精制装置
0.00,ST040126,"<p>%(v/v)</p>
",2025-07-07 08:00:00,碳五+其他,延化180万吨/年汽油精制装置
3.52,ST040126,"<p>%(v/v)</p>
",2025-07-07 08:00:00,异戊烷,延化180万吨/年汽油精制装置
0.00,ST040126,"<p>%(v/v)</p>
",2025-07-07 08:00:00,正戊烷,延化180万吨/年汽油精制装置
3.58,ST040126,"<p>%(v/v)</p>
",2025-07-07 08:00:00,乙烷,延化180万吨/年汽油精制装置
0.26,ST040126,"<p>%(v/v)</p>
",2025-07-07 08:00:00,氧气,延化180万吨/年汽油精制装置
0.00,ST040126,"<p>%(v/v)</p>
",2025-07-10 08:00:00,二氧化碳,延化180万吨/年汽油精制装置
0.84,ST040126,"<p>%(v/v)</p>
",2025-07-10 08:00:00,碳五(合计),延化180万吨/年汽油精制装置
1.36,ST040126,"<p>%(v/v)</p>
",2025-07-10 08:00:00,氮气,延化180万吨/年汽油精制装置
0.00,ST040126,"<p>%(v/v)</p>
",2025-07-10 08:00:00,一氧化碳,延化180万吨/年汽油精制装置
72.65,ST040126,"<p>%(v/v)</p>
",2025-07-10 08:00:00,氢气,延化180万吨/年汽油精制装置
3.29,ST040126,"<p>%(v/v)</p>
",2025-07-10 08:00:00,甲烷,延化180万吨/年汽油精制装置
2.81,ST040126,"<p>%(v/v)</p>
",2025-07-10 08:00:00,丙烷,延化180万吨/年汽油精制装置
0.73,ST040126,"<p>%(v/v)</p>
",2025-07-10 08:00:00,丙烯,延化180万吨/年汽油精制装置
0.02,ST040126,"<p>%(v/v)</p>
",2025-07-10 08:00:00,乙烯,延化180万吨/年汽油精制装置
14.33,ST040126,"<p>%(v/v)</p>
",2025-07-10 08:00:00,碳四(合计),延化180万吨/年汽油精制装置
0.84,ST040126,"<p>%(v/v)</p>
",2025-07-10 08:00:00,异戊烷,延化180万吨/年汽油精制装置
0.00,ST040126,"<p>%(v/v)</p>
",2025-07-10 08:00:00,正戊烷,延化180万吨/年汽油精制装置
3.71,ST040126,"<p>%(v/v)</p>
",2025-07-10 08:00:00,乙烷,延化180万吨/年汽油精制装置
0.00,ST040126,"<p>%(v/v)</p>
",2025-07-10 08:00:00,碳五+其他,延化180万吨/年汽油精制装置
0.26,ST040126,"<p>%(v/v)</p>
",2025-07-10 08:00:00,氧气,延化180万吨/年汽油精制装置
0.00,ST040126,"<p>%(v/v)</p>
",2025-07-14 08:00:00,二氧化碳,延化180万吨/年汽油精制装置
1.98,ST040126,"<p>%(v/v)</p>
",2025-07-14 08:00:00,碳五(合计),延化180万吨/年汽油精制装置
1.17,ST040126,"<p>%(v/v)</p>
",2025-07-14 08:00:00,氮气,延化180万吨/年汽油精制装置
0.00,ST040126,"<p>%(v/v)</p>
",2025-07-14 08:00:00,一氧化碳,延化180万吨/年汽油精制装置
74.13,ST040126,"<p>%(v/v)</p>
",2025-07-14 08:00:00,氢气,延化180万吨/年汽油精制装置
3.38,ST040126,"<p>%(v/v)</p>
",2025-07-14 08:00:00,甲烷,延化180万吨/年汽油精制装置
3.27,ST040126,"<p>%(v/v)</p>
",2025-07-14 08:00:00,丙烷,延化180万吨/年汽油精制装置
0.63,ST040126,"<p>%(v/v)</p>
",2025-07-14 08:00:00,丙烯,延化180万吨/年汽油精制装置
0.07,ST040126,"<p>%(v/v)</p>
",2025-07-14 08:00:00,乙烯,延化180万吨/年汽油精制装置
11.53,ST040126,"<p>%(v/v)</p>
",2025-07-14 08:00:00,碳四(合计),延化180万吨/年汽油精制装置
1.98,ST040126,"<p>%(v/v)</p>
",2025-07-14 08:00:00,异戊烷,延化180万吨/年汽油精制装置
0.00,ST040126,"<p>%(v/v)</p>
",2025-07-14 08:00:00,正戊烷,延化180万吨/年汽油精制装置
3.62,ST040126,"<p>%(v/v)</p>
",2025-07-14 08:00:00,乙烷,延化180万吨/年汽油精制装置
0.00,ST040126,"<p>%(v/v)</p>
",2025-07-14 08:00:00,碳五+其他,延化180万吨/年汽油精制装置
0.22,ST040126,"<p>%(v/v)</p>
",2025-07-14 08:00:00,氧气,延化180万吨/年汽油精制装置
0.00,ST040126,"<p>%(v/v)</p>
",2025-07-17 08:00:00,二氧化碳,延化180万吨/年汽油精制装置
4.42,ST040126,"<p>%(v/v)</p>
",2025-07-17 08:00:00,碳五(合计),延化180万吨/年汽油精制装置
0.00,ST040126,"<p>%(v/v)</p>
",2025-07-17 08:00:00,氮气,延化180万吨/年汽油精制装置
0.00,ST040126,"<p>%(v/v)</p>
",2025-07-17 08:00:00,一氧化碳,延化180万吨/年汽油精制装置
66.83,ST040126,"<p>%(v/v)</p>
",2025-07-17 08:00:00,氢气,延化180万吨/年汽油精制装置
3.91,ST040126,"<p>%(v/v)</p>
",2025-07-17 08:00:00,甲烷,延化180万吨/年汽油精制装置
5.30,ST040126,"<p>%(v/v)</p>
",2025-07-17 08:00:00,丙烷,延化180万吨/年汽油精制装置
0.56,ST040126,"<p>%(v/v)</p>
",2025-07-17 08:00:00,丙烯,延化180万吨/年汽油精制装置
0.03,ST040126,"<p>%(v/v)</p>
",2025-07-17 08:00:00,乙烯,延化180万吨/年汽油精制装置
10.54,ST040126,"<p>%(v/v)</p>
",2025-07-17 08:00:00,碳四(合计),延化180万吨/年汽油精制装置
0.00,ST040126,"<p>%(v/v)</p>
",2025-07-17 08:00:00,异戊烷,延化180万吨/年汽油精制装置
4.42,ST040126,"<p>%(v/v)</p>
",2025-07-17 08:00:00,正戊烷,延化180万吨/年汽油精制装置
8.13,ST040126,"<p>%(v/v)</p>
",2025-07-17 08:00:00,乙烷,延化180万吨/年汽油精制装置
0.00,ST040126,"<p>%(v/v)</p>
",2025-07-17 08:00:00,碳五+其他,延化180万吨/年汽油精制装置
0.28,ST040126,"<p>%(v/v)</p>
",2025-07-17 08:00:00,氧气,延化180万吨/年汽油精制装置
0.00,ST040126,"<p>%(v/v)</p>
",2025-07-21 08:00:00,碳五+其他,延化180万吨/年汽油精制装置
3.69,ST040126,"<p>%(v/v)</p>
",2025-07-21 08:00:00,乙烷,延化180万吨/年汽油精制装置
0.00,ST040126,"<p>%(v/v)</p>
",2025-07-21 08:00:00,氧气,延化180万吨/年汽油精制装置
0.00,ST040126,"<p>%(v/v)</p>
",2025-07-21 08:00:00,一氧化碳,延化180万吨/年汽油精制装置
0.00,ST040126,"<p>%(v/v)</p>
",2025-07-21 08:00:00,二氧化碳,延化180万吨/年汽油精制装置
76.20,ST040126,"<p>%(v/v)</p>
",2025-07-21 08:00:00,氢气,延化180万吨/年汽油精制装置
3.41,ST040126,"<p>%(v/v)</p>
",2025-07-21 08:00:00,甲烷,延化180万吨/年汽油精制装置
3.39,ST040126,"<p>%(v/v)</p>
",2025-07-21 08:00:00,丙烷,延化180万吨/年汽油精制装置
0.65,ST040126,"<p>%(v/v)</p>
",2025-07-21 08:00:00,丙烯,延化180万吨/年汽油精制装置
0.00,ST040126,"<p>%(v/v)</p>
",2025-07-21 08:00:00,乙烯,延化180万吨/年汽油精制装置
7.40,ST040126,"<p>%(v/v)</p>
",2025-07-21 08:00:00,碳四(合计),延化180万吨/年汽油精制装置
0.33,ST040126,"<p>%(v/v)</p>
",2025-07-21 08:00:00,氮气,延化180万吨/年汽油精制装置
2.19,ST040126,"<p>%(v/v)</p>
",2025-07-21 08:00:00,异戊烷,延化180万吨/年汽油精制装置
2.74,ST040126,"<p>%(v/v)</p>
",2025-07-21 08:00:00,正戊烷,延化180万吨/年汽油精制装置
4.93,ST040126,"<p>%(v/v)</p>
",2025-07-21 08:00:00,碳五(合计),延化180万吨/年汽油精制装置
0.57,ST040126,"<p>%(v/v)</p>
",2025-07-24 08:00:00,氧气,延化180万吨/年汽油精制装置
3.32,ST040126,"<p>%(v/v)</p>
",2025-07-24 08:00:00,碳五(合计),延化180万吨/年汽油精制装置
0.00,ST040126,"<p>%(v/v)</p>
",2025-07-24 08:00:00,一氧化碳,延化180万吨/年汽油精制装置
0.00,ST040126,"<p>%(v/v)</p>
",2025-07-24 08:00:00,二氧化碳,延化180万吨/年汽油精制装置
65.73,ST040126,"<p>%(v/v)</p>
",2025-07-24 08:00:00,氢气,延化180万吨/年汽油精制装置
2.89,ST040126,"<p>%(v/v)</p>
",2025-07-24 08:00:00,甲烷,延化180万吨/年汽油精制装置
3.10,ST040126,"<p>%(v/v)</p>
",2025-07-24 08:00:00,丙烷,延化180万吨/年汽油精制装置
0.00,ST040126,"<p>%(v/v)</p>
",2025-07-24 08:00:00,丙烯,延化180万吨/年汽油精制装置
0.00,ST040126,"<p>%(v/v)</p>
",2025-07-24 08:00:00,乙烯,延化180万吨/年汽油精制装置
18.75,ST040126,"<p>%(v/v)</p>
",2025-07-24 08:00:00,碳四(合计),延化180万吨/年汽油精制装置
1.66,ST040126,"<p>%(v/v)</p>
",2025-07-24 08:00:00,异戊烷,延化180万吨/年汽油精制装置
1.66,ST040126,"<p>%(v/v)</p>
",2025-07-24 08:00:00,正戊烷,延化180万吨/年汽油精制装置
3.38,ST040126,"<p>%(v/v)</p>
",2025-07-24 08:00:00,乙烷,延化180万吨/年汽油精制装置
0.00,ST040126,"<p>%(v/v)</p>
",2025-07-24 08:00:00,碳五+其他,延化180万吨/年汽油精制装置
2.26,ST040126,"<p>%(v/v)</p>
",2025-07-24 08:00:00,氮气,延化180万吨/年汽油精制装置
62.16,ST040126,"<p>%(v/v)</p>
",2025-07-28 08:00:00,氢气,延化180万吨/年汽油精制装置
0.32,ST040126,"<p>%(v/v)</p>
",2025-07-28 08:00:00,氧气,延化180万吨/年汽油精制装置
0.98,ST040126,"<p>%(v/v)</p>
",2025-07-28 08:00:00,氮气,延化180万吨/年汽油精制装置
0.00,ST040126,"<p>%(v/v)</p>
",2025-07-28 08:00:00,一氧化碳,延化180万吨/年汽油精制装置
0.00,ST040126,"<p>%(v/v)</p>
",2025-07-28 08:00:00,二氧化碳,延化180万吨/年汽油精制装置
2.64,ST040126,"<p>%(v/v)</p>
",2025-07-28 08:00:00,甲烷,延化180万吨/年汽油精制装置
2.42,ST040126,"<p>%(v/v)</p>
",2025-07-28 08:00:00,丙烷,延化180万吨/年汽油精制装置
0.12,ST040126,"<p>%(v/v)</p>
",2025-07-28 08:00:00,丙烯,延化180万吨/年汽油精制装置
0.00,ST040126,"<p>%(v/v)</p>
",2025-07-28 08:00:00,乙烯,延化180万吨/年汽油精制装置
25.59,ST040126,"<p>%(v/v)</p>
",2025-07-28 08:00:00,碳四(合计),延化180万吨/年汽油精制装置
0.00,ST040126,"<p>%(v/v)</p>
",2025-07-28 08:00:00,异戊烷,延化180万吨/年汽油精制装置
2.90,ST040126,"<p>%(v/v)</p>
",2025-07-28 08:00:00,正戊烷,延化180万吨/年汽油精制装置
2.87,ST040126,"<p>%(v/v)</p>
",2025-07-28 08:00:00,乙烷,延化180万吨/年汽油精制装置
0.00,ST040126,"<p>%(v/v)</p>
",2025-07-28 08:00:00,碳五+其他,延化180万吨/年汽油精制装置
2.90,ST040126,"<p>%(v/v)</p>
",2025-07-28 08:00:00,碳五(合计),延化180万吨/年汽油精制装置
0.06,ST040126,"<p>%(v/v)</p>
",2025-07-31 08:00:00,乙烯,延化180万吨/年汽油精制装置
0.00,ST040126,"<p>%(v/v)</p>
",2025-07-31 08:00:00,丙烯,延化180万吨/年汽油精制装置
1.15,ST040126,"<p>%(v/v)</p>
",2025-07-31 08:00:00,异戊烷,延化180万吨/年汽油精制装置
1.04,ST040126,"<p>%(v/v)</p>
",2025-07-31 08:00:00,正戊烷,延化180万吨/年汽油精制装置
3.23,ST040126,"<p>%(v/v)</p>
",2025-07-31 08:00:00,乙烷,延化180万吨/年汽油精制装置
0.00,ST040126,"<p>%(v/v)</p>
",2025-07-31 08:00:00,碳五+其他,延化180万吨/年汽油精制装置
2.19,ST040126,"<p>%(v/v)</p>
",2025-07-31 08:00:00,碳五(合计),延化180万吨/年汽油精制装置
0.00,ST040126,"<p>%(v/v)</p>
",2025-07-31 08:00:00,二氧化碳,延化180万吨/年汽油精制装置
0.17,ST040126,"<p>%(v/v)</p>
",2025-07-31 08:00:00,氧气,延化180万吨/年汽油精制装置
0.51,ST040126,"<p>%(v/v)</p>
",2025-07-31 08:00:00,氮气,延化180万吨/年汽油精制装置
0.00,ST040126,"<p>%(v/v)</p>
",2025-07-31 08:00:00,一氧化碳,延化180万吨/年汽油精制装置
70.21,ST040126,"<p>%(v/v)</p>
",2025-07-31 08:00:00,氢气,延化180万吨/年汽油精制装置
3.10,ST040126,"<p>%(v/v)</p>
",2025-07-31 08:00:00,甲烷,延化180万吨/年汽油精制装置
2.94,ST040126,"<p>%(v/v)</p>
",2025-07-31 08:00:00,丙烷,延化180万吨/年汽油精制装置
17.59,ST040126,"<p>%(v/v)</p>
",2025-07-31 08:00:00,碳四(合计),延化180万吨/年汽油精制装置
3.44,ST040126,"<p>%(v/v)</p>
",2025-08-04 08:00:00,乙烷,延化180万吨/年汽油精制装置
0.00,ST040126,"<p>%(v/v)</p>
",2025-08-04 08:00:00,碳五+其他,延化180万吨/年汽油精制装置
2.43,ST040126,"<p>%(v/v)</p>
",2025-08-04 08:00:00,碳五(合计),延化180万吨/年汽油精制装置
1.37,ST040126,"<p>%(v/v)</p>
",2025-08-04 08:00:00,异戊烷,延化180万吨/年汽油精制装置
16.04,ST040126,"<p>%(v/v)</p>
",2025-08-04 08:00:00,碳四(合计),延化180万吨/年汽油精制装置
0.00,ST040126,"<p>%(v/v)</p>
",2025-08-04 08:00:00,乙烯,延化180万吨/年汽油精制装置
0.00,ST040126,"<p>%(v/v)</p>
",2025-08-04 08:00:00,丙烯,延化180万吨/年汽油精制装置
3.24,ST040126,"<p>%(v/v)</p>
",2025-08-04 08:00:00,丙烷,延化180万吨/年汽油精制装置
3.05,ST040126,"<p>%(v/v)</p>
",2025-08-04 08:00:00,甲烷,延化180万吨/年汽油精制装置
71.10,ST040126,"<p>%(v/v)</p>
",2025-08-04 08:00:00,氢气,延化180万吨/年汽油精制装置
0.00,ST040126,"<p>%(v/v)</p>
",2025-08-04 08:00:00,二氧化碳,延化180万吨/年汽油精制装置
0.00,ST040126,"<p>%(v/v)</p>
",2025-08-04 08:00:00,一氧化碳,延化180万吨/年汽油精制装置
0.43,ST040126,"<p>%(v/v)</p>
",2025-08-04 08:00:00,氮气,延化180万吨/年汽油精制装置
0.27,ST040126,"<p>%(v/v)</p>
",2025-08-04 08:00:00,氧气,延化180万吨/年汽油精制装置
1.06,ST040126,"<p>%(v/v)</p>
",2025-08-04 08:00:00,正戊烷,延化180万吨/年汽油精制装置
3.11,ST040126,"<p>%(v/v)</p>
",2025-08-07 08:00:00,甲烷,延化180万吨/年汽油精制装置
67.81,ST040126,"<p>%(v/v)</p>
",2025-08-07 08:00:00,氢气,延化180万吨/年汽油精制装置
0.00,ST040126,"<p>%(v/v)</p>
",2025-08-07 08:00:00,二氧化碳,延化180万吨/年汽油精制装置
0.12,ST040126,"<p>%(v/v)</p>
",2025-08-07 08:00:00,氮气,延化180万吨/年汽油精制装置
0.23,ST040126,"<p>%(v/v)</p>
",2025-08-07 08:00:00,氧气,延化180万吨/年汽油精制装置
1.54,ST040126,"<p>%(v/v)</p>
",2025-08-07 08:00:00,碳五(合计),延化180万吨/年汽油精制装置
0.00,ST040126,"<p>%(v/v)</p>
",2025-08-07 08:00:00,一氧化碳,延化180万吨/年汽油精制装置
0.00,ST040126,"<p>%(v/v)</p>
",2025-08-07 08:00:00,碳五+其他,延化180万吨/年汽油精制装置
3.82,ST040126,"<p>%(v/v)</p>
",2025-08-07 08:00:00,乙烷,延化180万吨/年汽油精制装置
0.00,ST040126,"<p>%(v/v)</p>
",2025-08-07 08:00:00,正戊烷,延化180万吨/年汽油精制装置
1.54,ST040126,"<p>%(v/v)</p>
",2025-08-07 08:00:00,异戊烷,延化180万吨/年汽油精制装置
19.83,ST040126,"<p>%(v/v)</p>
",2025-08-07 08:00:00,碳四(合计),延化180万吨/年汽油精制装置
0.08,ST040126,"<p>%(v/v)</p>
",2025-08-07 08:00:00,乙烯,延化180万吨/年汽油精制装置
0.00,ST040126,"<p>%(v/v)</p>
",2025-08-07 08:00:00,丙烯,延化180万吨/年汽油精制装置
3.46,ST040126,"<p>%(v/v)</p>
",2025-08-07 08:00:00,丙烷,延化180万吨/年汽油精制装置
0.40,ST040126,"<p>%(v/v)</p>
",2025-08-11 08:00:00,氧气,延化180万吨/年汽油精制装置
1.59,ST040126,"<p>%(v/v)</p>
",2025-08-11 08:00:00,氮气,延化180万吨/年汽油精制装置
0.94,ST040126,"<p>%(v/v)</p>
",2025-08-11 08:00:00,碳五(合计),延化180万吨/年汽油精制装置
0.00,ST040126,"<p>%(v/v)</p>
",2025-08-11 08:00:00,碳五+其他,延化180万吨/年汽油精制装置
0.02,ST040126,"<p>%(v/v)</p>
",2025-08-11 08:00:00,正戊烷,延化180万吨/年汽油精制装置
0.92,ST040126,"<p>%(v/v)</p>
",2025-08-11 08:00:00,异戊烷,延化180万吨/年汽油精制装置
28.70,ST040126,"<p>%(v/v)</p>
",2025-08-11 08:00:00,碳四(合计),延化180万吨/年汽油精制装置
2.80,ST040126,"<p>%(v/v)</p>
",2025-08-11 08:00:00,乙烷,延化180万吨/年汽油精制装置
0.06,ST040126,"<p>%(v/v)</p>
",2025-08-11 08:00:00,乙烯,延化180万吨/年汽油精制装置
0.00,ST040126,"<p>%(v/v)</p>
",2025-08-11 08:00:00,丙烯,延化180万吨/年汽油精制装置
2.49,ST040126,"<p>%(v/v)</p>
",2025-08-11 08:00:00,丙烷,延化180万吨/年汽油精制装置
2.40,ST040126,"<p>%(v/v)</p>
",2025-08-11 08:00:00,甲烷,延化180万吨/年汽油精制装置
60.62,ST040126,"<p>%(v/v)</p>
",2025-08-11 08:00:00,氢气,延化180万吨/年汽油精制装置
0.00,ST040126,"<p>%(v/v)</p>
",2025-08-11 08:00:00,二氧化碳,延化180万吨/年汽油精制装置
0.00,ST040126,"<p>%(v/v)</p>
",2025-08-11 08:00:00,一氧化碳,延化180万吨/年汽油精制装置
0.00,ST040126,"<p>%(v/v)</p>
",2025-08-14 08:00:00,二氧化碳,延化180万吨/年汽油精制装置
1.75,ST040126,"<p>%(v/v)</p>
",2025-08-14 08:00:00,碳五(合计),延化180万吨/年汽油精制装置
3.11,ST040126,"<p>%(v/v)</p>
",2025-08-14 08:00:00,乙烷,延化180万吨/年汽油精制装置
0.05,ST040126,"<p>%(v/v)</p>
",2025-08-14 08:00:00,正戊烷,延化180万吨/年汽油精制装置
1.70,ST040126,"<p>%(v/v)</p>
",2025-08-14 08:00:00,异戊烷,延化180万吨/年汽油精制装置
0.06,ST040126,"<p>%(v/v)</p>
",2025-08-14 08:00:00,乙烯,延化180万吨/年汽油精制装置
0.33,ST040126,"<p>%(v/v)</p>
",2025-08-14 08:00:00,丙烯,延化180万吨/年汽油精制装置
2.93,ST040126,"<p>%(v/v)</p>
",2025-08-14 08:00:00,丙烷,延化180万吨/年汽油精制装置
21.08,ST040126,"<p>%(v/v)</p>
",2025-08-14 08:00:00,碳四(合计),延化180万吨/年汽油精制装置
2.98,ST040126,"<p>%(v/v)</p>
",2025-08-14 08:00:00,甲烷,延化180万吨/年汽油精制装置
67.39,ST040126,"<p>%(v/v)</p>
",2025-08-14 08:00:00,氢气,延化180万吨/年汽油精制装置
0.00,ST040126,"<p>%(v/v)</p>
",2025-08-14 08:00:00,一氧化碳,延化180万吨/年汽油精制装置
0.16,ST040126,"<p>%(v/v)</p>
",2025-08-14 08:00:00,氮气,延化180万吨/年汽油精制装置
0.21,ST040126,"<p>%(v/v)</p>
",2025-08-14 08:00:00,氧气,延化180万吨/年汽油精制装置
0.00,ST040126,"<p>%(v/v)</p>
",2025-08-14 08:00:00,碳五+其他,延化180万吨/年汽油精制装置
79.28,ST040126,"<p>%(v/v)</p>
",2025-08-18 08:00:00,氢气,延化180万吨/年汽油精制装置
2.92,ST040126,"<p>%(v/v)</p>
",2025-08-18 08:00:00,甲烷,延化180万吨/年汽油精制装置
2.88,ST040126,"<p>%(v/v)</p>
",2025-08-18 08:00:00,丙烷,延化180万吨/年汽油精制装置
1.54,ST040126,"<p>%(v/v)</p>
",2025-08-18 08:00:00,丙烯,延化180万吨/年汽油精制装置
0.09,ST040126,"<p>%(v/v)</p>
",2025-08-18 08:00:00,乙烯,延化180万吨/年汽油精制装置
8.44,ST040126,"<p>%(v/v)</p>
",2025-08-18 08:00:00,碳四(合计),延化180万吨/年汽油精制装置
0.08,ST040126,"<p>%(v/v)</p>
",2025-08-18 08:00:00,异戊烷,延化180万吨/年汽油精制装置
0.00,ST040126,"<p>%(v/v)</p>
",2025-08-18 08:00:00,正戊烷,延化180万吨/年汽油精制装置
3.37,ST040126,"<p>%(v/v)</p>
",2025-08-18 08:00:00,乙烷,延化180万吨/年汽油精制装置
0.00,ST040126,"<p>%(v/v)</p>
",2025-08-18 08:00:00,碳五+其他,延化180万吨/年汽油精制装置
0.08,ST040126,"<p>%(v/v)</p>
",2025-08-18 08:00:00,碳五(合计),延化180万吨/年汽油精制装置
0.32,ST040126,"<p>%(v/v)</p>
",2025-08-18 08:00:00,氧气,延化180万吨/年汽油精制装置
1.08,ST040126,"<p>%(v/v)</p>
",2025-08-18 08:00:00,氮气,延化180万吨/年汽油精制装置
0.00,ST040126,"<p>%(v/v)</p>
",2025-08-18 08:00:00,一氧化碳,延化180万吨/年汽油精制装置
0.00,ST040126,"<p>%(v/v)</p>
",2025-08-18 08:00:00,二氧化碳,延化180万吨/年汽油精制装置
2.02,ST040126,"<p>%(v/v)</p>
",2025-08-21 08:00:00,丙烷,延化180万吨/年汽油精制装置
0.00,ST040126,"<p>%(v/v)</p>
",2025-08-21 08:00:00,二氧化碳,延化180万吨/年汽油精制装置
55.87,ST040126,"<p>%(v/v)</p>
",2025-08-21 08:00:00,氢气,延化180万吨/年汽油精制装置
0.00,ST040126,"<p>%(v/v)</p>
",2025-08-21 08:00:00,一氧化碳,延化180万吨/年汽油精制装置
0.15,ST040126,"<p>%(v/v)</p>
",2025-08-21 08:00:00,氮气,延化180万吨/年汽油精制装置
0.07,ST040126,"<p>%(v/v)</p>
",2025-08-21 08:00:00,氧气,延化180万吨/年汽油精制装置
0.09,ST040126,"<p>%(v/v)</p>
",2025-08-21 08:00:00,碳五(合计),延化180万吨/年汽油精制装置
0.98,ST040126,"<p>%(v/v)</p>
",2025-08-21 08:00:00,丙烯,延化180万吨/年汽油精制装置
0.07,ST040126,"<p>%(v/v)</p>
",2025-08-21 08:00:00,乙烯,延化180万吨/年汽油精制装置
36.36,ST040126,"<p>%(v/v)</p>
",2025-08-21 08:00:00,碳四(合计),延化180万吨/年汽油精制装置
0.09,ST040126,"<p>%(v/v)</p>
",2025-08-21 08:00:00,异戊烷,延化180万吨/年汽油精制装置
0.00,ST040126,"<p>%(v/v)</p>
",2025-08-21 08:00:00,正戊烷,延化180万吨/年汽油精制装置
2.37,ST040126,"<p>%(v/v)</p>
",2025-08-21 08:00:00,乙烷,延化180万吨/年汽油精制装置
0.00,ST040126,"<p>%(v/v)</p>
",2025-08-21 08:00:00,碳五+其他,延化180万吨/年汽油精制装置
2.02,ST040126,"<p>%(v/v)</p>
",2025-08-21 08:00:00,甲烷,延化180万吨/年汽油精制装置
2.68,ST040126,"<p>%(v/v)</p>
",2025-08-25 08:00:00,丙烷,延化180万吨/年汽油精制装置
2.71,ST040126,"<p>%(v/v)</p>
",2025-08-25 08:00:00,甲烷,延化180万吨/年汽油精制装置
0.00,ST040126,"<p>%(v/v)</p>
",2025-08-25 08:00:00,二氧化碳,延化180万吨/年汽油精制装置
0.00,ST040126,"<p>%(v/v)</p>
",2025-08-25 08:00:00,一氧化碳,延化180万吨/年汽油精制装置
0.43,ST040126,"<p>%(v/v)</p>
",2025-08-25 08:00:00,氮气,延化180万吨/年汽油精制装置
0.24,ST040126,"<p>%(v/v)</p>
",2025-08-25 08:00:00,氧气,延化180万吨/年汽油精制装置
73.31,ST040126,"<p>%(v/v)</p>
",2025-08-25 08:00:00,氢气,延化180万吨/年汽油精制装置
0.00,ST040126,"<p>%(v/v)</p>
",2025-08-25 08:00:00,丙烯,延化180万吨/年汽油精制装置
0.03,ST040126,"<p>%(v/v)</p>
",2025-08-25 08:00:00,碳五(合计),延化180万吨/年汽油精制装置
0.00,ST040126,"<p>%(v/v)</p>
",2025-08-25 08:00:00,碳五+其他,延化180万吨/年汽油精制装置
0.00,ST040126,"<p>%(v/v)</p>
",2025-08-25 08:00:00,正戊烷,延化180万吨/年汽油精制装置
0.03,ST040126,"<p>%(v/v)</p>
",2025-08-25 08:00:00,异戊烷,延化180万吨/年汽油精制装置
17.36,ST040126,"<p>%(v/v)</p>
",2025-08-25 08:00:00,碳四(合计),延化180万吨/年汽油精制装置
3.14,ST040126,"<p>%(v/v)</p>
",2025-08-25 08:00:00,乙烷,延化180万吨/年汽油精制装置
0.10,ST040126,"<p>%(v/v)</p>
",2025-08-25 08:00:00,乙烯,延化180万吨/年汽油精制装置
0.21,ST040126,"<p>%(v/v)</p>
",2025-08-28 08:00:00,氧气,延化180万吨/年汽油精制装置
0.19,ST040126,"<p>%(v/v)</p>
",2025-08-28 08:00:00,碳五(合计),延化180万吨/年汽油精制装置
0.00,ST040126,"<p>%(v/v)</p>
",2025-08-28 08:00:00,一氧化碳,延化180万吨/年汽油精制装置
0.00,ST040126,"<p>%(v/v)</p>
",2025-08-28 08:00:00,二氧化碳,延化180万吨/年汽油精制装置
61.62,ST040126,"<p>%(v/v)</p>
",2025-08-28 08:00:00,氢气,延化180万吨/年汽油精制装置
2.63,ST040126,"<p>%(v/v)</p>
",2025-08-28 08:00:00,甲烷,延化180万吨/年汽油精制装置
2.59,ST040126,"<p>%(v/v)</p>
",2025-08-28 08:00:00,丙烷,延化180万吨/年汽油精制装置
0.00,ST040126,"<p>%(v/v)</p>
",2025-08-28 08:00:00,碳五+其他,延化180万吨/年汽油精制装置
3.04,ST040126,"<p>%(v/v)</p>
",2025-08-28 08:00:00,乙烷,延化180万吨/年汽油精制装置
0.00,ST040126,"<p>%(v/v)</p>
",2025-08-28 08:00:00,正戊烷,延化180万吨/年汽油精制装置
0.19,ST040126,"<p>%(v/v)</p>
",2025-08-28 08:00:00,异戊烷,延化180万吨/年汽油精制装置
28.45,ST040126,"<p>%(v/v)</p>
",2025-08-28 08:00:00,碳四(合计),延化180万吨/年汽油精制装置
0.06,ST040126,"<p>%(v/v)</p>
",2025-08-28 08:00:00,乙烯,延化180万吨/年汽油精制装置
0.91,ST040126,"<p>%(v/v)</p>
",2025-08-28 08:00:00,丙烯,延化180万吨/年汽油精制装置
0.30,ST040126,"<p>%(v/v)</p>
",2025-08-28 08:00:00,氮气,延化180万吨/年汽油精制装置
0.19,ST040126,"<p>%(v/v)</p>
",2025-09-01 08:00:00,氧气,延化180万吨/年汽油精制装置
1.81,ST040126,"<p>%(v/v)</p>
",2025-09-01 08:00:00,碳五(合计),延化180万吨/年汽油精制装置
0.00,ST040126,"<p>%(v/v)</p>
",2025-09-01 08:00:00,一氧化碳,延化180万吨/年汽油精制装置
0.00,ST040126,"<p>%(v/v)</p>
",2025-09-01 08:00:00,二氧化碳,延化180万吨/年汽油精制装置
66.72,ST040126,"<p>%(v/v)</p>
",2025-09-01 08:00:00,氢气,延化180万吨/年汽油精制装置
2.58,ST040126,"<p>%(v/v)</p>
",2025-09-01 08:00:00,甲烷,延化180万吨/年汽油精制装置
2.46,ST040126,"<p>%(v/v)</p>
",2025-09-01 08:00:00,丙烷,延化180万吨/年汽油精制装置
0.86,ST040126,"<p>%(v/v)</p>
",2025-09-01 08:00:00,丙烯,延化180万吨/年汽油精制装置
0.06,ST040126,"<p>%(v/v)</p>
",2025-09-01 08:00:00,乙烯,延化180万吨/年汽油精制装置
22.33,ST040126,"<p>%(v/v)</p>
",2025-09-01 08:00:00,碳四(合计),延化180万吨/年汽油精制装置
1.81,ST040126,"<p>%(v/v)</p>
",2025-09-01 08:00:00,异戊烷,延化180万吨/年汽油精制装置
0.00,ST040126,"<p>%(v/v)</p>
",2025-09-01 08:00:00,正戊烷,延化180万吨/年汽油精制装置
2.81,ST040126,"<p>%(v/v)</p>
",2025-09-01 08:00:00,乙烷,延化180万吨/年汽油精制装置
0.00,ST040126,"<p>%(v/v)</p>
",2025-09-01 08:00:00,碳五+其他,延化180万吨/年汽油精制装置
0.18,ST040126,"<p>%(v/v)</p>
",2025-09-01 08:00:00,氮气,延化180万吨/年汽油精制装置
0.00,ST040126,"<p>%(v/v)</p>
",2025-09-04 08:00:00,二氧化碳,延化180万吨/年汽油精制装置
0.13,ST040126,"<p>%(v/v)</p>
",2025-09-04 08:00:00,碳五(合计),延化180万吨/年汽油精制装置
0.00,ST040126,"<p>%(v/v)</p>
",2025-09-04 08:00:00,氮气,延化180万吨/年汽油精制装置
0.00,ST040126,"<p>%(v/v)</p>
",2025-09-04 08:00:00,一氧化碳,延化180万吨/年汽油精制装置
74.92,ST040126,"<p>%(v/v)</p>
",2025-09-04 08:00:00,氢气,延化180万吨/年汽油精制装置
2.56,ST040126,"<p>%(v/v)</p>
",2025-09-04 08:00:00,甲烷,延化180万吨/年汽油精制装置
2.00,ST040126,"<p>%(v/v)</p>
",2025-09-04 08:00:00,丙烷,延化180万吨/年汽油精制装置
0.76,ST040126,"<p>%(v/v)</p>
",2025-09-04 08:00:00,丙烯,延化180万吨/年汽油精制装置
0.06,ST040126,"<p>%(v/v)</p>
",2025-09-04 08:00:00,乙烯,延化180万吨/年汽油精制装置
16.82,ST040126,"<p>%(v/v)</p>
",2025-09-04 08:00:00,碳四(合计),延化180万吨/年汽油精制装置
0.13,ST040126,"<p>%(v/v)</p>
",2025-09-04 08:00:00,异戊烷,延化180万吨/年汽油精制装置
0.00,ST040126,"<p>%(v/v)</p>
",2025-09-04 08:00:00,正戊烷,延化180万吨/年汽油精制装置
2.75,ST040126,"<p>%(v/v)</p>
",2025-09-04 08:00:00,乙烷,延化180万吨/年汽油精制装置
0.00,ST040126,"<p>%(v/v)</p>
",2025-09-04 08:00:00,碳五+其他,延化180万吨/年汽油精制装置
0.00,ST040126,"<p>%(v/v)</p>
",2025-09-04 08:00:00,氧气,延化180万吨/年汽油精制装置
80.76,ST040126,"<p>%(v/v)</p>
",2025-09-08 08:00:00,氢气,延化180万吨/年汽油精制装置
0.00,ST040126,"<p>%(v/v)</p>
",2025-09-08 08:00:00,一氧化碳,延化180万吨/年汽油精制装置
2.02,ST040126,"<p>%(v/v)</p>
",2025-09-08 08:00:00,丙烷,延化180万吨/年汽油精制装置
0.55,ST040126,"<p>%(v/v)</p>
",2025-09-08 08:00:00,丙烯,延化180万吨/年汽油精制装置
0.04,ST040126,"<p>%(v/v)</p>
",2025-09-08 08:00:00,乙烯,延化180万吨/年汽油精制装置
11.65,ST040126,"<p>%(v/v)</p>
",2025-09-08 08:00:00,碳四(合计),延化180万吨/年汽油精制装置
0.71,ST040126,"<p>%(v/v)</p>
",2025-09-08 08:00:00,异戊烷,延化180万吨/年汽油精制装置
0.00,ST040126,"<p>%(v/v)</p>
",2025-09-08 08:00:00,正戊烷,延化180万吨/年汽油精制装置
1.98,ST040126,"<p>%(v/v)</p>
",2025-09-08 08:00:00,乙烷,延化180万吨/年汽油精制装置
0.00,ST040126,"<p>%(v/v)</p>
",2025-09-08 08:00:00,碳五+其他,延化180万吨/年汽油精制装置
0.71,ST040126,"<p>%(v/v)</p>
",2025-09-08 08:00:00,碳五(合计),延化180万吨/年汽油精制装置
0.00,ST040126,"<p>%(v/v)</p>
",2025-09-08 08:00:00,二氧化碳,延化180万吨/年汽油精制装置
0.17,ST040126,"<p>%(v/v)</p>
",2025-09-08 08:00:00,氧气,延化180万吨/年汽油精制装置
0.20,ST040126,"<p>%(v/v)</p>
",2025-09-08 08:00:00,氮气,延化180万吨/年汽油精制装置
1.92,ST040126,"<p>%(v/v)</p>
",2025-09-08 08:00:00,甲烷,延化180万吨/年汽油精制装置
0.68,ST040126,"<p>%(v/v)</p>
",2025-09-11 08:00:00,氧气,延化180万吨/年汽油精制装置
0.59,ST040126,"<p>%(v/v)</p>
",2025-09-11 08:00:00,碳五(合计),延化180万吨/年汽油精制装置
0.00,ST040126,"<p>%(v/v)</p>
",2025-09-11 08:00:00,一氧化碳,延化180万吨/年汽油精制装置
0.00,ST040126,"<p>%(v/v)</p>
",2025-09-11 08:00:00,二氧化碳,延化180万吨/年汽油精制装置
94.08,ST040126,"<p>%(v/v)</p>
",2025-09-11 08:00:00,氢气,延化180万吨/年汽油精制装置
1.20,ST040126,"<p>%(v/v)</p>
",2025-09-11 08:00:00,甲烷,延化180万吨/年汽油精制装置
0.14,ST040126,"<p>%(v/v)</p>
",2025-09-11 08:00:00,丙烷,延化180万吨/年汽油精制装置
0.05,ST040126,"<p>%(v/v)</p>
",2025-09-11 08:00:00,丙烯,延化180万吨/年汽油精制装置
0.01,ST040126,"<p>%(v/v)</p>
",2025-09-11 08:00:00,乙烯,延化180万吨/年汽油精制装置
1.27,ST040126,"<p>%(v/v)</p>
",2025-09-11 08:00:00,碳四(合计),延化180万吨/年汽油精制装置
0.00,ST040126,"<p>%(v/v)</p>
",2025-09-11 08:00:00,异戊烷,延化180万吨/年汽油精制装置
0.59,ST040126,"<p>%(v/v)</p>
",2025-09-11 08:00:00,正戊烷,延化180万吨/年汽油精制装置
0.45,ST040126,"<p>%(v/v)</p>
",2025-09-11 08:00:00,乙烷,延化180万吨/年汽油精制装置
0.00,ST040126,"<p>%(v/v)</p>
",2025-09-11 08:00:00,碳五+其他,延化180万吨/年汽油精制装置
1.53,ST040126,"<p>%(v/v)</p>
",2025-09-11 08:00:00,氮气,延化180万吨/年汽油精制装置
0.00,ST040126,"<p>%(v/v)</p>
",2025-09-15 08:00:00,二氧化碳,延化180万吨/年汽油精制装置
2.43,ST040126,"<p>%(v/v)</p>
",2025-09-15 08:00:00,碳五(合计),延化180万吨/年汽油精制装置
1.06,ST040126,"<p>%(v/v)</p>
",2025-09-15 08:00:00,氮气,延化180万吨/年汽油精制装置
0.00,ST040126,"<p>%(v/v)</p>
",2025-09-15 08:00:00,一氧化碳,延化180万吨/年汽油精制装置
78.11,ST040126,"<p>%(v/v)</p>
",2025-09-15 08:00:00,氢气,延化180万吨/年汽油精制装置
1.78,ST040126,"<p>%(v/v)</p>
",2025-09-15 08:00:00,甲烷,延化180万吨/年汽油精制装置
1.43,ST040126,"<p>%(v/v)</p>
",2025-09-15 08:00:00,丙烷,延化180万吨/年汽油精制装置
0.00,ST040126,"<p>%(v/v)</p>
",2025-09-15 08:00:00,丙烯,延化180万吨/年汽油精制装置
0.04,ST040126,"<p>%(v/v)</p>
",2025-09-15 08:00:00,乙烯,延化180万吨/年汽油精制装置
12.66,ST040126,"<p>%(v/v)</p>
",2025-09-15 08:00:00,碳四(合计),延化180万吨/年汽油精制装置
2.43,ST040126,"<p>%(v/v)</p>
",2025-09-15 08:00:00,异戊烷,延化180万吨/年汽油精制装置
0.00,ST040126,"<p>%(v/v)</p>
",2025-09-15 08:00:00,正戊烷,延化180万吨/年汽油精制装置
1.79,ST040126,"<p>%(v/v)</p>
",2025-09-15 08:00:00,乙烷,延化180万吨/年汽油精制装置
0.00,ST040126,"<p>%(v/v)</p>
",2025-09-15 08:00:00,碳五+其他,延化180万吨/年汽油精制装置
0.70,ST040126,"<p>%(v/v)</p>
",2025-09-15 08:00:00,氧气,延化180万吨/年汽油精制装置
0.26,ST040126,"<p>%(v/v)</p>
",2025-09-18 08:00:00,氧气,延化180万吨/年汽油精制装置
2.19,ST040126,"<p>%(v/v)</p>
",2025-09-18 08:00:00,碳五(合计),延化180万吨/年汽油精制装置
0.00,ST040126,"<p>%(v/v)</p>
",2025-09-18 08:00:00,一氧化碳,延化180万吨/年汽油精制装置
0.00,ST040126,"<p>%(v/v)</p>
",2025-09-18 08:00:00,二氧化碳,延化180万吨/年汽油精制装置
0.00,ST040126,"<p>%(v/v)</p>
",2025-09-18 08:00:00,丙烯,延化180万吨/年汽油精制装置
74.79,ST040126,"<p>%(v/v)</p>
",2025-09-18 08:00:00,氢气,延化180万吨/年汽油精制装置
1.95,ST040126,"<p>%(v/v)</p>
",2025-09-18 08:00:00,甲烷,延化180万吨/年汽油精制装置
0.80,ST040126,"<p>%(v/v)</p>
",2025-09-18 08:00:00,丙烷,延化180万吨/年汽油精制装置
0.01,ST040126,"<p>%(v/v)</p>
",2025-09-18 08:00:00,乙烯,延化180万吨/年汽油精制装置
17.26,ST040126,"<p>%(v/v)</p>
",2025-09-18 08:00:00,碳四(合计),延化180万吨/年汽油精制装置
2.19,ST040126,"<p>%(v/v)</p>
",2025-09-18 08:00:00,异戊烷,延化180万吨/年汽油精制装置
0.00,ST040126,"<p>%(v/v)</p>
",2025-09-18 08:00:00,正戊烷,延化180万吨/年汽油精制装置
1.95,ST040126,"<p>%(v/v)</p>
",2025-09-18 08:00:00,乙烷,延化180万吨/年汽油精制装置
0.00,ST040126,"<p>%(v/v)</p>
",2025-09-18 08:00:00,碳五+其他,延化180万吨/年汽油精制装置
0.79,ST040126,"<p>%(v/v)</p>
",2025-09-18 08:00:00,氮气,延化180万吨/年汽油精制装置
0.00,ST040126,"<p>%(v/v)</p>
",2025-09-22 08:00:00,二氧化碳,延化180万吨/年汽油精制装置
0.16,ST040126,"<p>%(v/v)</p>
",2025-09-22 08:00:00,氧气,延化180万吨/年汽油精制装置
0.48,ST040126,"<p>%(v/v)</p>
",2025-09-22 08:00:00,氮气,延化180万吨/年汽油精制装置
0.00,ST040126,"<p>%(v/v)</p>
",2025-09-22 08:00:00,一氧化碳,延化180万吨/年汽油精制装置
81.63,ST040126,"<p>%(v/v)</p>
",2025-09-22 08:00:00,氢气,延化180万吨/年汽油精制装置
2.23,ST040126,"<p>%(v/v)</p>
",2025-09-22 08:00:00,甲烷,延化180万吨/年汽油精制装置
1.73,ST040126,"<p>%(v/v)</p>
",2025-09-22 08:00:00,丙烷,延化180万吨/年汽油精制装置
0.59,ST040126,"<p>%(v/v)</p>
",2025-09-22 08:00:00,丙烯,延化180万吨/年汽油精制装置
0.05,ST040126,"<p>%(v/v)</p>
",2025-09-22 08:00:00,乙烯,延化180万吨/年汽油精制装置
9.72,ST040126,"<p>%(v/v)</p>
",2025-09-22 08:00:00,碳四(合计),延化180万吨/年汽油精制装置
1.18,ST040126,"<p>%(v/v)</p>
",2025-09-22 08:00:00,异戊烷,延化180万吨/年汽油精制装置
0.03,ST040126,"<p>%(v/v)</p>
",2025-09-22 08:00:00,正戊烷,延化180万吨/年汽油精制装置
2.20,ST040126,"<p>%(v/v)</p>
",2025-09-22 08:00:00,乙烷,延化180万吨/年汽油精制装置
0.00,ST040126,"<p>%(v/v)</p>
",2025-09-22 08:00:00,碳五+其他,延化180万吨/年汽油精制装置
1.21,ST040126,"<p>%(v/v)</p>
",2025-09-22 08:00:00,碳五(合计),延化180万吨/年汽油精制装置
2.40,ST040126,"<p>%(v/v)</p>
",2025-09-25 08:00:00,丙烷,延化180万吨/年汽油精制装置
0.92,ST040126,"<p>%(v/v)</p>
",2025-09-25 08:00:00,丙烯,延化180万吨/年汽油精制装置
81.11,ST040126,"<p>%(v/v)</p>
",2025-09-25 08:00:00,氢气,延化180万吨/年汽油精制装置
0.00,ST040126,"<p>%(v/v)</p>
",2025-09-25 08:00:00,一氧化碳,延化180万吨/年汽油精制装置
0.30,ST040126,"<p>%(v/v)</p>
",2025-09-25 08:00:00,氮气,延化180万吨/年汽油精制装置
0.20,ST040126,"<p>%(v/v)</p>
",2025-09-25 08:00:00,氧气,延化180万吨/年汽油精制装置
0.00,ST040126,"<p>%(v/v)</p>
",2025-09-25 08:00:00,二氧化碳,延化180万吨/年汽油精制装置
3.32,ST040126,"<p>%(v/v)</p>
",2025-09-25 08:00:00,碳五(合计),延化180万吨/年汽油精制装置
0.00,ST040126,"<p>%(v/v)</p>
",2025-09-25 08:00:00,碳五+其他,延化180万吨/年汽油精制装置
2.68,ST040126,"<p>%(v/v)</p>
",2025-09-25 08:00:00,乙烷,延化180万吨/年汽油精制装置
0.19,ST040126,"<p>%(v/v)</p>
",2025-09-25 08:00:00,正戊烷,延化180万吨/年汽油精制装置
3.13,ST040126,"<p>%(v/v)</p>
",2025-09-25 08:00:00,异戊烷,延化180万吨/年汽油精制装置
6.53,ST040126,"<p>%(v/v)</p>
",2025-09-25 08:00:00,碳四(合计),延化180万吨/年汽油精制装置
0.01,ST040126,"<p>%(v/v)</p>
",2025-09-25 08:00:00,乙烯,延化180万吨/年汽油精制装置
2.53,ST040126,"<p>%(v/v)</p>
",2025-09-25 08:00:00,甲烷,延化180万吨/年汽油精制装置
1.09,ST040126,"<p>%(v/v)</p>
",2025-09-29 08:00:00,丙烯,延化180万吨/年汽油精制装置
2.46,ST040126,"<p>%(v/v)</p>
",2025-09-29 08:00:00,丙烷,延化180万吨/年汽油精制装置
2.68,ST040126,"<p>%(v/v)</p>
",2025-09-29 08:00:00,甲烷,延化180万吨/年汽油精制装置
78.43,ST040126,"<p>%(v/v)</p>
",2025-09-29 08:00:00,氢气,延化180万吨/年汽油精制装置
0.00,ST040126,"<p>%(v/v)</p>
",2025-09-29 08:00:00,二氧化碳,延化180万吨/年汽油精制装置
0.00,ST040126,"<p>%(v/v)</p>
",2025-09-29 08:00:00,一氧化碳,延化180万吨/年汽油精制装置
1.62,ST040126,"<p>%(v/v)</p>
",2025-09-29 08:00:00,氮气,延化180万吨/年汽油精制装置
0.91,ST040126,"<p>%(v/v)</p>
",2025-09-29 08:00:00,氧气,延化180万吨/年汽油精制装置
0.00,ST040126,"<p>%(v/v)</p>
",2025-09-29 08:00:00,碳五+其他,延化180万吨/年汽油精制装置
3.12,ST040126,"<p>%(v/v)</p>
",2025-09-29 08:00:00,乙烷,延化180万吨/年汽油精制装置
0.00,ST040126,"<p>%(v/v)</p>
",2025-09-29 08:00:00,正戊烷,延化180万吨/年汽油精制装置
0.01,ST040126,"<p>%(v/v)</p>
",2025-09-29 08:00:00,异戊烷,延化180万吨/年汽油精制装置
0.07,ST040126,"<p>%(v/v)</p>
",2025-09-29 08:00:00,乙烯,延化180万吨/年汽油精制装置
9.61,ST040126,"<p>%(v/v)</p>
",2025-09-29 08:00:00,碳四(合计),延化180万吨/年汽油精制装置
0.01,ST040126,"<p>%(v/v)</p>
",2025-09-29 08:00:00,碳五(合计),延化180万吨/年汽油精制装置
3.07,ST040126,"<p>%(v/v)</p>
",2025-10-02 08:00:00,乙烷,延化180万吨/年汽油精制装置
0.56,ST040126,"<p>%(v/v)</p>
",2025-10-02 08:00:00,碳五(合计),延化180万吨/年汽油精制装置
0.53,ST040126,"<p>%(v/v)</p>
",2025-10-02 08:00:00,异戊烷,延化180万吨/年汽油精制装置
0.00,ST040126,"<p>%(v/v)</p>
",2025-10-02 08:00:00,碳五+其他,延化180万吨/年汽油精制装置
24.43,ST040126,"<p>%(v/v)</p>
",2025-10-02 08:00:00,碳四(合计),延化180万吨/年汽油精制装置
0.06,ST040126,"<p>%(v/v)</p>
",2025-10-02 08:00:00,乙烯,延化180万吨/年汽油精制装置
1.31,ST040126,"<p>%(v/v)</p>
",2025-10-02 08:00:00,丙烯,延化180万吨/年汽油精制装置
2.48,ST040126,"<p>%(v/v)</p>
",2025-10-02 08:00:00,甲烷,延化180万吨/年汽油精制装置
63.98,ST040126,"<p>%(v/v)</p>
",2025-10-02 08:00:00,氢气,延化180万吨/年汽油精制装置
0.00,ST040126,"<p>%(v/v)</p>
",2025-10-02 08:00:00,二氧化碳,延化180万吨/年汽油精制装置
0.00,ST040126,"<p>%(v/v)</p>
",2025-10-02 08:00:00,一氧化碳,延化180万吨/年汽油精制装置
1.03,ST040126,"<p>%(v/v)</p>
",2025-10-02 08:00:00,氮气,延化180万吨/年汽油精制装置
0.24,ST040126,"<p>%(v/v)</p>
",2025-10-02 08:00:00,氧气,延化180万吨/年汽油精制装置
2.84,ST040126,"<p>%(v/v)</p>
",2025-10-02 08:00:00,丙烷,延化180万吨/年汽油精制装置
0.03,ST040126,"<p>%(v/v)</p>
",2025-10-02 08:00:00,正戊烷,延化180万吨/年汽油精制装置
0.00,ST040126,"<p>%(v/v)</p>
",2025-10-06 08:00:00,碳五+其他,延化180万吨/年汽油精制装置
3.10,ST040126,"<p>%(v/v)</p>
",2025-10-06 08:00:00,乙烷,延化180万吨/年汽油精制装置
0.15,ST040126,"<p>%(v/v)</p>
",2025-10-06 08:00:00,正戊烷,延化180万吨/年汽油精制装置
8.92,ST040126,"<p>%(v/v)</p>
",2025-10-06 08:00:00,碳四(合计),延化180万吨/年汽油精制装置
0.06,ST040126,"<p>%(v/v)</p>
",2025-10-06 08:00:00,乙烯,延化180万吨/年汽油精制装置
1.21,ST040126,"<p>%(v/v)</p>
",2025-10-06 08:00:00,丙烯,延化180万吨/年汽油精制装置
0.16,ST040126,"<p>%(v/v)</p>
",2025-10-06 08:00:00,异戊烷,延化180万吨/年汽油精制装置
2.56,ST040126,"<p>%(v/v)</p>
",2025-10-06 08:00:00,丙烷,延化180万吨/年汽油精制装置
2.58,ST040126,"<p>%(v/v)</p>
",2025-10-06 08:00:00,甲烷,延化180万吨/年汽油精制装置
78.25,ST040126,"<p>%(v/v)</p>
",2025-10-06 08:00:00,氢气,延化180万吨/年汽油精制装置
0.00,ST040126,"<p>%(v/v)</p>
",2025-10-06 08:00:00,一氧化碳,延化180万吨/年汽油精制装置
2.21,ST040126,"<p>%(v/v)</p>
",2025-10-06 08:00:00,氮气,延化180万吨/年汽油精制装置
0.80,ST040126,"<p>%(v/v)</p>
",2025-10-06 08:00:00,氧气,延化180万吨/年汽油精制装置
0.00,ST040126,"<p>%(v/v)</p>
",2025-10-06 08:00:00,二氧化碳,延化180万吨/年汽油精制装置
0.31,ST040126,"<p>%(v/v)</p>
",2025-10-06 08:00:00,碳五(合计),延化180万吨/年汽油精制装置
0.00,ST040126,"<p>%(v/v)</p>
",2025-10-09 08:00:00,二氧化碳,延化180万吨/年汽油精制装置
0.36,ST040126,"<p>%(v/v)</p>
",2025-10-09 08:00:00,碳五(合计),延化180万吨/年汽油精制装置
0.12,ST040126,"<p>%(v/v)</p>
",2025-10-09 08:00:00,氮气,延化180万吨/年汽油精制装置
0.00,ST040126,"<p>%(v/v)</p>
",2025-10-09 08:00:00,一氧化碳,延化180万吨/年汽油精制装置
0.16,ST040126,"<p>%(v/v)</p>
",2025-10-09 08:00:00,氧气,延化180万吨/年汽油精制装置
0.00,ST040126,"<p>%(v/v)</p>
",2025-10-09 08:00:00,碳五+其他,延化180万吨/年汽油精制装置
3.06,ST040126,"<p>%(v/v)</p>
",2025-10-09 08:00:00,乙烷,延化180万吨/年汽油精制装置
0.02,ST040126,"<p>%(v/v)</p>
",2025-10-09 08:00:00,正戊烷,延化180万吨/年汽油精制装置
0.34,ST040126,"<p>%(v/v)</p>
",2025-10-09 08:00:00,异戊烷,延化180万吨/年汽油精制装置
15.67,ST040126,"<p>%(v/v)</p>
",2025-10-09 08:00:00,碳四(合计),延化180万吨/年汽油精制装置
0.06,ST040126,"<p>%(v/v)</p>
",2025-10-09 08:00:00,乙烯,延化180万吨/年汽油精制装置
0.89,ST040126,"<p>%(v/v)</p>
",2025-10-09 08:00:00,丙烯,延化180万吨/年汽油精制装置
2.46,ST040126,"<p>%(v/v)</p>
",2025-10-09 08:00:00,丙烷,延化180万吨/年汽油精制装置
2.52,ST040126,"<p>%(v/v)</p>
",2025-10-09 08:00:00,甲烷,延化180万吨/年汽油精制装置
74.70,ST040126,"<p>%(v/v)</p>
",2025-10-09 08:00:00,氢气,延化180万吨/年汽油精制装置
0.01,ST040126,"<p>%(v/v)</p>
",2025-10-13 08:00:00,正戊烷,延化180万吨/年汽油精制装置
65.61,ST040126,"<p>%(v/v)</p>
",2025-10-13 08:00:00,氢气,延化180万吨/年汽油精制装置
0.00,ST040126,"<p>%(v/v)</p>
",2025-10-13 08:00:00,碳五+其他,延化180万吨/年汽油精制装置
0.43,ST040126,"<p>%(v/v)</p>
",2025-10-13 08:00:00,碳五(合计),延化180万吨/年汽油精制装置
0.42,ST040126,"<p>%(v/v)</p>
",2025-10-13 08:00:00,异戊烷,延化180万吨/年汽油精制装置
21.75,ST040126,"<p>%(v/v)</p>
",2025-10-13 08:00:00,碳四(合计),延化180万吨/年汽油精制装置
0.06,ST040126,"<p>%(v/v)</p>
",2025-10-13 08:00:00,乙烯,延化180万吨/年汽油精制装置
0.76,ST040126,"<p>%(v/v)</p>
",2025-10-13 08:00:00,丙烯,延化180万吨/年汽油精制装置
2.21,ST040126,"<p>%(v/v)</p>
",2025-10-13 08:00:00,丙烷,延化180万吨/年汽油精制装置
2.61,ST040126,"<p>%(v/v)</p>
",2025-10-13 08:00:00,甲烷,延化180万吨/年汽油精制装置
0.00,ST040126,"<p>%(v/v)</p>
",2025-10-13 08:00:00,二氧化碳,延化180万吨/年汽油精制装置
0.00,ST040126,"<p>%(v/v)</p>
",2025-10-13 08:00:00,一氧化碳,延化180万吨/年汽油精制装置
2.93,ST040126,"<p>%(v/v)</p>
",2025-10-13 08:00:00,氮气,延化180万吨/年汽油精制装置
0.82,ST040126,"<p>%(v/v)</p>
",2025-10-13 08:00:00,氧气,延化180万吨/年汽油精制装置
2.82,ST040126,"<p>%(v/v)</p>
",2025-10-13 08:00:00,乙烷,延化180万吨/年汽油精制装置
0.00,ST040126,"<p>%(v/v)</p>
",2025-10-16 08:00:00,二氧化碳,延化180万吨/年汽油精制装置
2.70,ST040126,"<p>%(v/v)</p>
",2025-10-16 08:00:00,甲烷,延化180万吨/年汽油精制装置
2.16,ST040126,"<p>%(v/v)</p>
",2025-10-16 08:00:00,丙烷,延化180万吨/年汽油精制装置
0.74,ST040126,"<p>%(v/v)</p>
",2025-10-16 08:00:00,丙烯,延化180万吨/年汽油精制装置
0.07,ST040126,"<p>%(v/v)</p>
",2025-10-16 08:00:00,乙烯,延化180万吨/年汽油精制装置
18.73,ST040126,"<p>%(v/v)</p>
",2025-10-16 08:00:00,碳四(合计),延化180万吨/年汽油精制装置
0.75,ST040126,"<p>%(v/v)</p>
",2025-10-16 08:00:00,异戊烷,延化180万吨/年汽油精制装置
0.01,ST040126,"<p>%(v/v)</p>
",2025-10-16 08:00:00,正戊烷,延化180万吨/年汽油精制装置
2.98,ST040126,"<p>%(v/v)</p>
",2025-10-16 08:00:00,乙烷,延化180万吨/年汽油精制装置
0.00,ST040126,"<p>%(v/v)</p>
",2025-10-16 08:00:00,碳五+其他,延化180万吨/年汽油精制装置
0.76,ST040126,"<p>%(v/v)</p>
",2025-10-16 08:00:00,碳五(合计),延化180万吨/年汽油精制装置
71.25,ST040126,"<p>%(v/v)</p>
",2025-10-16 08:00:00,氢气,延化180万吨/年汽油精制装置
0.13,ST040126,"<p>%(v/v)</p>
",2025-10-16 08:00:00,氧气,延化180万吨/年汽油精制装置
0.48,ST040126,"<p>%(v/v)</p>
",2025-10-16 08:00:00,氮气,延化180万吨/年汽油精制装置
0.00,ST040126,"<p>%(v/v)</p>
",2025-10-16 08:00:00,一氧化碳,延化180万吨/年汽油精制装置
0.00,ST040126,"<p>%(v/v)</p>
",2025-10-20 08:00:00,二氧化碳,延化180万吨/年汽油精制装置
0.09,ST040126,"<p>%(v/v)</p>
",2025-10-20 08:00:00,氧气,延化180万吨/年汽油精制装置
0.74,ST040126,"<p>%(v/v)</p>
",2025-10-20 08:00:00,碳五(合计),延化180万吨/年汽油精制装置
0.00,ST040126,"<p>%(v/v)</p>
",2025-10-20 08:00:00,碳五+其他,延化180万吨/年汽油精制装置
0.17,ST040126,"<p>%(v/v)</p>
",2025-10-20 08:00:00,乙烷,延化180万吨/年汽油精制装置
0.02,ST040126,"<p>%(v/v)</p>
",2025-10-20 08:00:00,正戊烷,延化180万吨/年汽油精制装置
0.72,ST040126,"<p>%(v/v)</p>
",2025-10-20 08:00:00,异戊烷,延化180万吨/年汽油精制装置
24.85,ST040126,"<p>%(v/v)</p>
",2025-10-20 08:00:00,碳四(合计),延化180万吨/年汽油精制装置
0.05,ST040126,"<p>%(v/v)</p>
",2025-10-20 08:00:00,乙烯,延化180万吨/年汽油精制装置
1.06,ST040126,"<p>%(v/v)</p>
",2025-10-20 08:00:00,丙烯,延化180万吨/年汽油精制装置
2.36,ST040126,"<p>%(v/v)</p>
",2025-10-20 08:00:00,丙烷,延化180万吨/年汽油精制装置
2.51,ST040126,"<p>%(v/v)</p>
",2025-10-20 08:00:00,甲烷,延化180万吨/年汽油精制装置
66.99,ST040126,"<p>%(v/v)</p>
",2025-10-20 08:00:00,氢气,延化180万吨/年汽油精制装置
0.00,ST040126,"<p>%(v/v)</p>
",2025-10-20 08:00:00,一氧化碳,延化180万吨/年汽油精制装置
1.18,ST040126,"<p>%(v/v)</p>
",2025-10-20 08:00:00,氮气,延化180万吨/年汽油精制装置
2.69,ST040126,"<p>%(v/v)</p>
",2025-10-23 08:00:00,甲烷,延化180万吨/年汽油精制装置
1.07,ST040126,"<p>%(v/v)</p>
",2025-10-23 08:00:00,碳五(合计),延化180万吨/年汽油精制装置
3.13,ST040126,"<p>%(v/v)</p>
",2025-10-23 08:00:00,乙烷,延化180万吨/年汽油精制装置
0.05,ST040126,"<p>%(v/v)</p>
",2025-10-23 08:00:00,正戊烷,延化180万吨/年汽油精制装置
1.02,ST040126,"<p>%(v/v)</p>
",2025-10-23 08:00:00,异戊烷,延化180万吨/年汽油精制装置
8.37,ST040126,"<p>%(v/v)</p>
",2025-10-23 08:00:00,碳四(合计),延化180万吨/年汽油精制装置
0.07,ST040126,"<p>%(v/v)</p>
",2025-10-23 08:00:00,乙烯,延化180万吨/年汽油精制装置
0.99,ST040126,"<p>%(v/v)</p>
",2025-10-23 08:00:00,丙烯,延化180万吨/年汽油精制装置
2.34,ST040126,"<p>%(v/v)</p>
",2025-10-23 08:00:00,丙烷,延化180万吨/年汽油精制装置
80.33,ST040126,"<p>%(v/v)</p>
",2025-10-23 08:00:00,氢气,延化180万吨/年汽油精制装置
0.00,ST040126,"<p>%(v/v)</p>
",2025-10-23 08:00:00,二氧化碳,延化180万吨/年汽油精制装置
0.00,ST040126,"<p>%(v/v)</p>
",2025-10-23 08:00:00,一氧化碳,延化180万吨/年汽油精制装置
0.87,ST040126,"<p>%(v/v)</p>
",2025-10-23 08:00:00,氮气,延化180万吨/年汽油精制装置
0.14,ST040126,"<p>%(v/v)</p>
",2025-10-23 08:00:00,氧气,延化180万吨/年汽油精制装置
0.00,ST040126,"<p>%(v/v)</p>
",2025-10-23 08:00:00,碳五+其他,延化180万吨/年汽油精制装置
0.00,ST040126,"<p>%(v/v)</p>
",2025-10-27 08:00:00,二氧化碳,延化180万吨/年汽油精制装置
0.12,ST040126,"<p>%(v/v)</p>
",2025-10-27 08:00:00,氧气,延化180万吨/年汽油精制装置
0.50,ST040126,"<p>%(v/v)</p>
",2025-10-27 08:00:00,氮气,延化180万吨/年汽油精制装置
0.00,ST040126,"<p>%(v/v)</p>
",2025-10-27 08:00:00,一氧化碳,延化180万吨/年汽油精制装置
75.41,ST040126,"<p>%(v/v)</p>
",2025-10-27 08:00:00,氢气,延化180万吨/年汽油精制装置
3.08,ST040126,"<p>%(v/v)</p>
",2025-10-27 08:00:00,甲烷,延化180万吨/年汽油精制装置
2.56,ST040126,"<p>%(v/v)</p>
",2025-10-27 08:00:00,丙烷,延化180万吨/年汽油精制装置
1.03,ST040126,"<p>%(v/v)</p>
",2025-10-27 08:00:00,丙烯,延化180万吨/年汽油精制装置
0.06,ST040126,"<p>%(v/v)</p>
",2025-10-27 08:00:00,正戊烷,延化180万吨/年汽油精制装置
0.05,ST040126,"<p>%(v/v)</p>
",2025-10-27 08:00:00,乙烯,延化180万吨/年汽油精制装置
14.46,ST040126,"<p>%(v/v)</p>
",2025-10-27 08:00:00,碳四(合计),延化180万吨/年汽油精制装置
0.63,ST040126,"<p>%(v/v)</p>
",2025-10-27 08:00:00,异戊烷,延化180万吨/年汽油精制装置
2.10,ST040126,"<p>%(v/v)</p>
",2025-10-27 08:00:00,乙烷,延化180万吨/年汽油精制装置
0.00,ST040126,"<p>%(v/v)</p>
",2025-10-27 08:00:00,碳五+其他,延化180万吨/年汽油精制装置
0.69,ST040126,"<p>%(v/v)</p>
",2025-10-27 08:00:00,碳五(合计),延化180万吨/年汽油精制装置
0.00,ST040126,"<p>%(v/v)</p>
",2025-10-30 08:00:00,二氧化碳,延化180万吨/年汽油精制装置
0.71,ST040126,"<p>%(v/v)</p>
",2025-10-30 08:00:00,碳五(合计),延化180万吨/年汽油精制装置
0.30,ST040126,"<p>%(v/v)</p>
",2025-10-30 08:00:00,氮气,延化180万吨/年汽油精制装置
0.00,ST040126,"<p>%(v/v)</p>
",2025-10-30 08:00:00,一氧化碳,延化180万吨/年汽油精制装置
71.79,ST040126,"<p>%(v/v)</p>
",2025-10-30 08:00:00,氢气,延化180万吨/年汽油精制装置
2.64,ST040126,"<p>%(v/v)</p>
",2025-10-30 08:00:00,甲烷,延化180万吨/年汽油精制装置
2.10,ST040126,"<p>%(v/v)</p>
",2025-10-30 08:00:00,丙烷,延化180万吨/年汽油精制装置
1.03,ST040126,"<p>%(v/v)</p>
",2025-10-30 08:00:00,丙烯,延化180万吨/年汽油精制装置
0.06,ST040126,"<p>%(v/v)</p>
",2025-10-30 08:00:00,乙烯,延化180万吨/年汽油精制装置
18.62,ST040126,"<p>%(v/v)</p>
",2025-10-30 08:00:00,碳四(合计),延化180万吨/年汽油精制装置
0.70,ST040126,"<p>%(v/v)</p>
",2025-10-30 08:00:00,异戊烷,延化180万吨/年汽油精制装置
0.01,ST040126,"<p>%(v/v)</p>
",2025-10-30 08:00:00,正戊烷,延化180万吨/年汽油精制装置
2.55,ST040126,"<p>%(v/v)</p>
",2025-10-30 08:00:00,乙烷,延化180万吨/年汽油精制装置
0.00,ST040126,"<p>%(v/v)</p>
",2025-10-30 08:00:00,碳五+其他,延化180万吨/年汽油精制装置
0.20,ST040126,"<p>%(v/v)</p>
",2025-10-30 08:00:00,氧气,延化180万吨/年汽油精制装置
3.19,ST040126,"<p>%(v/v)</p>
",2025-11-03 08:00:00,甲烷,延化180万吨/年汽油精制装置
0.61,ST040126,"<p>%(v/v)</p>
",2025-11-03 08:00:00,碳五(合计),延化180万吨/年汽油精制装置
0.73,ST040126,"<p>%(v/v)</p>
",2025-11-03 08:00:00,氮气,延化180万吨/年汽油精制装置
0.00,ST040126,"<p>%(v/v)</p>
",2025-11-03 08:00:00,一氧化碳,延化180万吨/年汽油精制装置
0.00,ST040126,"<p>%(v/v)</p>
",2025-11-03 08:00:00,二氧化碳,延化180万吨/年汽油精制装置
78.08,ST040126,"<p>%(v/v)</p>
",2025-11-03 08:00:00,氢气,延化180万吨/年汽油精制装置
3.12,ST040126,"<p>%(v/v)</p>
",2025-11-03 08:00:00,丙烷,延化180万吨/年汽油精制装置
1.33,ST040126,"<p>%(v/v)</p>
",2025-11-03 08:00:00,丙烯,延化180万吨/年汽油精制装置
0.08,ST040126,"<p>%(v/v)</p>
",2025-11-03 08:00:00,乙烯,延化180万吨/年汽油精制装置
10.09,ST040126,"<p>%(v/v)</p>
",2025-11-03 08:00:00,碳四(合计),延化180万吨/年汽油精制装置
0.60,ST040126,"<p>%(v/v)</p>
",2025-11-03 08:00:00,异戊烷,延化180万吨/年汽油精制装置
0.01,ST040126,"<p>%(v/v)</p>
",2025-11-03 08:00:00,正戊烷,延化180万吨/年汽油精制装置
2.56,ST040126,"<p>%(v/v)</p>
",2025-11-03 08:00:00,乙烷,延化180万吨/年汽油精制装置
0.00,ST040126,"<p>%(v/v)</p>
",2025-11-03 08:00:00,碳五+其他,延化180万吨/年汽油精制装置
0.21,ST040126,"<p>%(v/v)</p>
",2025-11-03 08:00:00,氧气,延化180万吨/年汽油精制装置
0.00,ST040126,"<p>%(v/v)</p>
",2025-11-06 08:00:00,碳五+其他,延化180万吨/年汽油精制装置
14.25,ST040126,"<p>%(v/v)</p>
",2025-11-06 08:00:00,碳四(合计),延化180万吨/年汽油精制装置
0.05,ST040126,"<p>%(v/v)</p>
",2025-11-06 08:00:00,正戊烷,延化180万吨/年汽油精制装置
3.08,ST040126,"<p>%(v/v)</p>
",2025-11-06 08:00:00,乙烷,延化180万吨/年汽油精制装置
0.30,ST040126,"<p>%(v/v)</p>
",2025-11-06 08:00:00,碳五(合计),延化180万吨/年汽油精制装置
0.20,ST040126,"<p>%(v/v)</p>
",2025-11-06 08:00:00,氧气,延化180万吨/年汽油精制装置
0.72,ST040126,"<p>%(v/v)</p>
",2025-11-06 08:00:00,氮气,延化180万吨/年汽油精制装置
0.00,ST040126,"<p>%(v/v)</p>
",2025-11-06 08:00:00,一氧化碳,延化180万吨/年汽油精制装置
0.00,ST040126,"<p>%(v/v)</p>
",2025-11-06 08:00:00,二氧化碳,延化180万吨/年汽油精制装置
73.36,ST040126,"<p>%(v/v)</p>
",2025-11-06 08:00:00,氢气,延化180万吨/年汽油精制装置
3.25,ST040126,"<p>%(v/v)</p>
",2025-11-06 08:00:00,甲烷,延化180万吨/年汽油精制装置
3.39,ST040126,"<p>%(v/v)</p>
",2025-11-06 08:00:00,丙烷,延化180万吨/年汽油精制装置
1.37,ST040126,"<p>%(v/v)</p>
",2025-11-06 08:00:00,丙烯,延化180万吨/年汽油精制装置
0.08,ST040126,"<p>%(v/v)</p>
",2025-11-06 08:00:00,乙烯,延化180万吨/年汽油精制装置
0.25,ST040126,"<p>%(v/v)</p>
",2025-11-06 08:00:00,异戊烷,延化180万吨/年汽油精制装置
0.19,ST040126,"<p>%(v/v)</p>
",2025-11-10 08:00:00,氧气,延化180万吨/年汽油精制装置
0.09,ST040126,"<p>%(v/v)</p>
",2025-11-10 08:00:00,碳五(合计),延化180万吨/年汽油精制装置
0.00,ST040126,"<p>%(v/v)</p>
",2025-11-10 08:00:00,一氧化碳,延化180万吨/年汽油精制装置
0.00,ST040126,"<p>%(v/v)</p>
",2025-11-10 08:00:00,二氧化碳,延化180万吨/年汽油精制装置
81.38,ST040126,"<p>%(v/v)</p>
",2025-11-10 08:00:00,氢气,延化180万吨/年汽油精制装置
3.41,ST040126,"<p>%(v/v)</p>
",2025-11-10 08:00:00,甲烷,延化180万吨/年汽油精制装置
2.37,ST040126,"<p>%(v/v)</p>
",2025-11-10 08:00:00,丙烷,延化180万吨/年汽油精制装置
1.01,ST040126,"<p>%(v/v)</p>
",2025-11-10 08:00:00,丙烯,延化180万吨/年汽油精制装置
0.07,ST040126,"<p>%(v/v)</p>
",2025-11-10 08:00:00,乙烯,延化180万吨/年汽油精制装置
6.84,ST040126,"<p>%(v/v)</p>
",2025-11-10 08:00:00,碳四(合计),延化180万吨/年汽油精制装置
0.08,ST040126,"<p>%(v/v)</p>
",2025-11-10 08:00:00,异戊烷,延化180万吨/年汽油精制装置
0.01,ST040126,"<p>%(v/v)</p>
",2025-11-10 08:00:00,正戊烷,延化180万吨/年汽油精制装置
3.38,ST040126,"<p>%(v/v)</p>
",2025-11-10 08:00:00,乙烷,延化180万吨/年汽油精制装置
0.00,ST040126,"<p>%(v/v)</p>
",2025-11-10 08:00:00,碳五+其他,延化180万吨/年汽油精制装置
1.26,ST040126,"<p>%(v/v)</p>
",2025-11-10 08:00:00,氮气,延化180万吨/年汽油精制装置
0.00,ST040126,"<p>%(v/v)</p>
",2025-11-13 08:00:00,二氧化碳,延化180万吨/年汽油精制装置
0.69,ST040126,"<p>%(v/v)</p>
",2025-11-13 08:00:00,碳五(合计),延化180万吨/年汽油精制装置
0.69,ST040126,"<p>%(v/v)</p>
",2025-11-13 08:00:00,氮气,延化180万吨/年汽油精制装置
0.00,ST040126,"<p>%(v/v)</p>
",2025-11-13 08:00:00,一氧化碳,延化180万吨/年汽油精制装置
81.53,ST040126,"<p>%(v/v)</p>
",2025-11-13 08:00:00,氢气,延化180万吨/年汽油精制装置
3.59,ST040126,"<p>%(v/v)</p>
",2025-11-13 08:00:00,甲烷,延化180万吨/年汽油精制装置
2.81,ST040126,"<p>%(v/v)</p>
",2025-11-13 08:00:00,丙烷,延化180万吨/年汽油精制装置
1.08,ST040126,"<p>%(v/v)</p>
",2025-11-13 08:00:00,丙烯,延化180万吨/年汽油精制装置
0.06,ST040126,"<p>%(v/v)</p>
",2025-11-13 08:00:00,乙烯,延化180万吨/年汽油精制装置
5.84,ST040126,"<p>%(v/v)</p>
",2025-11-13 08:00:00,碳四(合计),延化180万吨/年汽油精制装置
0.58,ST040126,"<p>%(v/v)</p>
",2025-11-13 08:00:00,异戊烷,延化180万吨/年汽油精制装置
0.11,ST040126,"<p>%(v/v)</p>
",2025-11-13 08:00:00,正戊烷,延化180万吨/年汽油精制装置
3.61,ST040126,"<p>%(v/v)</p>
",2025-11-13 08:00:00,乙烷,延化180万吨/年汽油精制装置
0.00,ST040126,"<p>%(v/v)</p>
",2025-11-13 08:00:00,碳五+其他,延化180万吨/年汽油精制装置
0.10,ST040126,"<p>%(v/v)</p>
",2025-11-13 08:00:00,氧气,延化180万吨/年汽油精制装置
0.00,ST040126,"<p>%(v/v)</p>
",2025-11-17 08:00:00,二氧化碳,延化180万吨/年汽油精制装置
0.77,ST040126,"<p>%(v/v)</p>
",2025-11-17 08:00:00,碳五(合计),延化180万吨/年汽油精制装置
0.69,ST040126,"<p>%(v/v)</p>
",2025-11-17 08:00:00,氮气,延化180万吨/年汽油精制装置
0.00,ST040126,"<p>%(v/v)</p>
",2025-11-17 08:00:00,一氧化碳,延化180万吨/年汽油精制装置
86.22,ST040126,"<p>%(v/v)</p>
",2025-11-17 08:00:00,氢气,延化180万吨/年汽油精制装置
2.64,ST040126,"<p>%(v/v)</p>
",2025-11-17 08:00:00,甲烷,延化180万吨/年汽油精制装置
2.95,ST040126,"<p>%(v/v)</p>
",2025-11-17 08:00:00,丙烷,延化180万吨/年汽油精制装置
1.26,ST040126,"<p>%(v/v)</p>
",2025-11-17 08:00:00,丙烯,延化180万吨/年汽油精制装置
0.06,ST040126,"<p>%(v/v)</p>
",2025-11-17 08:00:00,乙烯,延化180万吨/年汽油精制装置
2.85,ST040126,"<p>%(v/v)</p>
",2025-11-17 08:00:00,碳四(合计),延化180万吨/年汽油精制装置
0.52,ST040126,"<p>%(v/v)</p>
",2025-11-17 08:00:00,异戊烷,延化180万吨/年汽油精制装置
0.25,ST040126,"<p>%(v/v)</p>
",2025-11-17 08:00:00,正戊烷,延化180万吨/年汽油精制装置
2.44,ST040126,"<p>%(v/v)</p>
",2025-11-17 08:00:00,乙烷,延化180万吨/年汽油精制装置
0.00,ST040126,"<p>%(v/v)</p>
",2025-11-17 08:00:00,碳五+其他,延化180万吨/年汽油精制装置
0.12,ST040126,"<p>%(v/v)</p>
",2025-11-17 08:00:00,氧气,延化180万吨/年汽油精制装置
10.31,ST040126,"<p>%(v/v)</p>
",2025-11-20 08:00:00,碳四(合计),延化180万吨/年汽油精制装置
0.00,ST040126,"<p>%(v/v)</p>
",2025-11-20 08:00:00,二氧化碳,延化180万吨/年汽油精制装置
3.03,ST040126,"<p>%(v/v)</p>
",2025-11-20 08:00:00,甲烷,延化180万吨/年汽油精制装置
2.17,ST040126,"<p>%(v/v)</p>
",2025-11-20 08:00:00,丙烷,延化180万吨/年汽油精制装置
0.71,ST040126,"<p>%(v/v)</p>
",2025-11-20 08:00:00,丙烯,延化180万吨/年汽油精制装置
0.00,ST040126,"<p>%(v/v)</p>
",2025-11-20 08:00:00,乙烯,延化180万吨/年汽油精制装置
2.38,ST040126,"<p>%(v/v)</p>
",2025-11-20 08:00:00,异戊烷,延化180万吨/年汽油精制装置
0.18,ST040126,"<p>%(v/v)</p>
",2025-11-20 08:00:00,正戊烷,延化180万吨/年汽油精制装置
3.26,ST040126,"<p>%(v/v)</p>
",2025-11-20 08:00:00,乙烷,延化180万吨/年汽油精制装置
0.00,ST040126,"<p>%(v/v)</p>
",2025-11-20 08:00:00,碳五+其他,延化180万吨/年汽油精制装置
2.56,ST040126,"<p>%(v/v)</p>
",2025-11-20 08:00:00,碳五(合计),延化180万吨/年汽油精制装置
0.35,ST040126,"<p>%(v/v)</p>
",2025-11-20 08:00:00,氧气,延化180万吨/年汽油精制装置
1.55,ST040126,"<p>%(v/v)</p>
",2025-11-20 08:00:00,氮气,延化180万吨/年汽油精制装置
0.00,ST040126,"<p>%(v/v)</p>
",2025-11-20 08:00:00,一氧化碳,延化180万吨/年汽油精制装置
76.06,ST040126,"<p>%(v/v)</p>
",2025-11-20 08:00:00,氢气,延化180万吨/年汽油精制装置
0.29,ST040126,"<p>%(v/v)</p>
",2025-11-24 08:00:00,氧气,延化180万吨/年汽油精制装置
1.23,ST040126,"<p>%(v/v)</p>
",2025-11-24 08:00:00,氮气,延化180万吨/年汽油精制装置
0.00,ST040126,"<p>%(v/v)</p>
",2025-11-24 08:00:00,一氧化碳,延化180万吨/年汽油精制装置
77.37,ST040126,"<p>%(v/v)</p>
",2025-11-24 08:00:00,氢气,延化180万吨/年汽油精制装置
3.07,ST040126,"<p>%(v/v)</p>
",2025-11-24 08:00:00,甲烷,延化180万吨/年汽油精制装置
3.21,ST040126,"<p>%(v/v)</p>
",2025-11-24 08:00:00,丙烷,延化180万吨/年汽油精制装置
1.01,ST040126,"<p>%(v/v)</p>
",2025-11-24 08:00:00,丙烯,延化180万吨/年汽油精制装置
3.32,ST040126,"<p>%(v/v)</p>
",2025-11-24 08:00:00,乙烷,延化180万吨/年汽油精制装置
0.06,ST040126,"<p>%(v/v)</p>
",2025-11-24 08:00:00,乙烯,延化180万吨/年汽油精制装置
7.85,ST040126,"<p>%(v/v)</p>
",2025-11-24 08:00:00,碳四(合计),延化180万吨/年汽油精制装置
2.42,ST040126,"<p>%(v/v)</p>
",2025-11-24 08:00:00,异戊烷,延化180万吨/年汽油精制装置
0.00,ST040126,"<p>%(v/v)</p>
",2025-11-24 08:00:00,碳五+其他,延化180万吨/年汽油精制装置
2.59,ST040126,"<p>%(v/v)</p>
",2025-11-24 08:00:00,碳五(合计),延化180万吨/年汽油精制装置
0.17,ST040126,"<p>%(v/v)</p>
",2025-11-24 08:00:00,正戊烷,延化180万吨/年汽油精制装置
0.00,ST040126,"<p>%(v/v)</p>
",2025-11-24 08:00:00,二氧化碳,延化180万吨/年汽油精制装置
0.00,ST040126,"<p>%(v/v)</p>
",2025-11-27 08:00:00,二氧化碳,延化180万吨/年汽油精制装置
0.13,ST040126,"<p>%(v/v)</p>
",2025-11-27 08:00:00,氧气,延化180万吨/年汽油精制装置
1.46,ST040126,"<p>%(v/v)</p>
",2025-11-27 08:00:00,氮气,延化180万吨/年汽油精制装置
0.00,ST040126,"<p>%(v/v)</p>
",2025-11-27 08:00:00,一氧化碳,延化180万吨/年汽油精制装置
68.21,ST040126,"<p>%(v/v)</p>
",2025-11-27 08:00:00,氢气,延化180万吨/年汽油精制装置
4.68,ST040126,"<p>%(v/v)</p>
",2025-11-27 08:00:00,甲烷,延化180万吨/年汽油精制装置
3.51,ST040126,"<p>%(v/v)</p>
",2025-11-27 08:00:00,丙烷,延化180万吨/年汽油精制装置
1.45,ST040126,"<p>%(v/v)</p>
",2025-11-27 08:00:00,丙烯,延化180万吨/年汽油精制装置
0.09,ST040126,"<p>%(v/v)</p>
",2025-11-27 08:00:00,乙烯,延化180万吨/年汽油精制装置
14.08,ST040126,"<p>%(v/v)</p>
",2025-11-27 08:00:00,碳四(合计),延化180万吨/年汽油精制装置
1.08,ST040126,"<p>%(v/v)</p>
",2025-11-27 08:00:00,异戊烷,延化180万吨/年汽油精制装置
0.05,ST040126,"<p>%(v/v)</p>
",2025-11-27 08:00:00,正戊烷,延化180万吨/年汽油精制装置
5.26,ST040126,"<p>%(v/v)</p>
",2025-11-27 08:00:00,乙烷,延化180万吨/年汽油精制装置
0.00,ST040126,"<p>%(v/v)</p>
",2025-11-27 08:00:00,碳五+其他,延化180万吨/年汽油精制装置
1.13,ST040126,"<p>%(v/v)</p>
",2025-11-27 08:00:00,碳五(合计),延化180万吨/年汽油精制装置
0.05,ST040126,"<p>%(v/v)</p>
",2025-12-01 08:00:00,乙烯,延化180万吨/年汽油精制装置
0.78,ST040126,"<p>%(v/v)</p>
",2025-12-01 08:00:00,丙烯,延化180万吨/年汽油精制装置
2.10,ST040126,"<p>%(v/v)</p>
",2025-12-01 08:00:00,异戊烷,延化180万吨/年汽油精制装置
0.15,ST040126,"<p>%(v/v)</p>
",2025-12-01 08:00:00,正戊烷,延化180万吨/年汽油精制装置
2.94,ST040126,"<p>%(v/v)</p>
",2025-12-01 08:00:00,乙烷,延化180万吨/年汽油精制装置
0.00,ST040126,"<p>%(v/v)</p>
",2025-12-01 08:00:00,碳五+其他,延化180万吨/年汽油精制装置
2.25,ST040126,"<p>%(v/v)</p>
",2025-12-01 08:00:00,碳五(合计),延化180万吨/年汽油精制装置
0.20,ST040126,"<p>%(v/v)</p>
",2025-12-01 08:00:00,氧气,延化180万吨/年汽油精制装置
0.51,ST040126,"<p>%(v/v)</p>
",2025-12-01 08:00:00,氮气,延化180万吨/年汽油精制装置
0.00,ST040126,"<p>%(v/v)</p>
",2025-12-01 08:00:00,一氧化碳,延化180万吨/年汽油精制装置
0.00,ST040126,"<p>%(v/v)</p>
",2025-12-01 08:00:00,二氧化碳,延化180万吨/年汽油精制装置
74.62,ST040126,"<p>%(v/v)</p>
",2025-12-01 08:00:00,氢气,延化180万吨/年汽油精制装置
2.88,ST040126,"<p>%(v/v)</p>
",2025-12-01 08:00:00,甲烷,延化180万吨/年汽油精制装置
2.43,ST040126,"<p>%(v/v)</p>
",2025-12-01 08:00:00,丙烷,延化180万吨/年汽油精制装置
13.34,ST040126,"<p>%(v/v)</p>
",2025-12-01 08:00:00,碳四(合计),延化180万吨/年汽油精制装置
0.00,ST040126,"<p>%(v/v)</p>
",2025-12-04 08:00:00,二氧化碳,延化180万吨/年汽油精制装置
0.72,ST040126,"<p>%(v/v)</p>
",2025-12-04 08:00:00,氧气,延化180万吨/年汽油精制装置
1.08,ST040126,"<p>%(v/v)</p>
",2025-12-04 08:00:00,氮气,延化180万吨/年汽油精制装置
0.00,ST040126,"<p>%(v/v)</p>
",2025-12-04 08:00:00,一氧化碳,延化180万吨/年汽油精制装置
80.16,ST040126,"<p>%(v/v)</p>
",2025-12-04 08:00:00,氢气,延化180万吨/年汽油精制装置
3.34,ST040126,"<p>%(v/v)</p>
",2025-12-04 08:00:00,甲烷,延化180万吨/年汽油精制装置
2.17,ST040126,"<p>%(v/v)</p>
",2025-12-04 08:00:00,丙烷,延化180万吨/年汽油精制装置
0.75,ST040126,"<p>%(v/v)</p>
",2025-12-04 08:00:00,丙烯,延化180万吨/年汽油精制装置
0.06,ST040126,"<p>%(v/v)</p>
",2025-12-04 08:00:00,乙烯,延化180万吨/年汽油精制装置
7.69,ST040126,"<p>%(v/v)</p>
",2025-12-04 08:00:00,碳四(合计),延化180万吨/年汽油精制装置
0.83,ST040126,"<p>%(v/v)</p>
",2025-12-04 08:00:00,异戊烷,延化180万吨/年汽油精制装置
0.03,ST040126,"<p>%(v/v)</p>
",2025-12-04 08:00:00,正戊烷,延化180万吨/年汽油精制装置
3.17,ST040126,"<p>%(v/v)</p>
",2025-12-04 08:00:00,乙烷,延化180万吨/年汽油精制装置
0.00,ST040126,"<p>%(v/v)</p>
",2025-12-04 08:00:00,碳五+其他,延化180万吨/年汽油精制装置
0.86,ST040126,"<p>%(v/v)</p>
",2025-12-04 08:00:00,碳五(合计),延化180万吨/年汽油精制装置
0.00,ST040126,"<p>%(v/v)</p>
",2025-12-08 08:00:00,二氧化碳,延化180万吨/年汽油精制装置
2.42,ST040126,"<p>%(v/v)</p>
",2025-12-08 08:00:00,碳五(合计),延化180万吨/年汽油精制装置
0.85,ST040126,"<p>%(v/v)</p>
",2025-12-08 08:00:00,氮气,延化180万吨/年汽油精制装置
0.00,ST040126,"<p>%(v/v)</p>
",2025-12-08 08:00:00,一氧化碳,延化180万吨/年汽油精制装置
82.19,ST040126,"<p>%(v/v)</p>
",2025-12-08 08:00:00,氢气,延化180万吨/年汽油精制装置
3.40,ST040126,"<p>%(v/v)</p>
",2025-12-08 08:00:00,甲烷,延化180万吨/年汽油精制装置
2.65,ST040126,"<p>%(v/v)</p>
",2025-12-08 08:00:00,丙烷,延化180万吨/年汽油精制装置
2.21,ST040126,"<p>%(v/v)</p>
",2025-12-08 08:00:00,异戊烷,延化180万吨/年汽油精制装置
0.59,ST040126,"<p>%(v/v)</p>
",2025-12-08 08:00:00,丙烯,延化180万吨/年汽油精制装置
0.05,ST040126,"<p>%(v/v)</p>
",2025-12-08 08:00:00,乙烯,延化180万吨/年汽油精制装置
4.62,ST040126,"<p>%(v/v)</p>
",2025-12-08 08:00:00,碳四(合计),延化180万吨/年汽油精制装置
0.21,ST040126,"<p>%(v/v)</p>
",2025-12-08 08:00:00,正戊烷,延化180万吨/年汽油精制装置
3.16,ST040126,"<p>%(v/v)</p>
",2025-12-08 08:00:00,乙烷,延化180万吨/年汽油精制装置
0.00,ST040126,"<p>%(v/v)</p>
",2025-12-08 08:00:00,碳五+其他,延化180万吨/年汽油精制装置
0.07,ST040126,"<p>%(v/v)</p>
",2025-12-08 08:00:00,氧气,延化180万吨/年汽油精制装置
0.19,ST040126,"<p>%(v/v)</p>
",2025-12-11 08:00:00,氧气,延化180万吨/年汽油精制装置
2.22,ST040126,"<p>%(v/v)</p>
",2025-12-11 08:00:00,碳五(合计),延化180万吨/年汽油精制装置
0.00,ST040126,"<p>%(v/v)</p>
",2025-12-11 08:00:00,一氧化碳,延化180万吨/年汽油精制装置
0.00,ST040126,"<p>%(v/v)</p>
",2025-12-11 08:00:00,二氧化碳,延化180万吨/年汽油精制装置
0.68,ST040126,"<p>%(v/v)</p>
",2025-12-11 08:00:00,丙烯,延化180万吨/年汽油精制装置
81.41,ST040126,"<p>%(v/v)</p>
",2025-12-11 08:00:00,氢气,延化180万吨/年汽油精制装置
3.04,ST040126,"<p>%(v/v)</p>
",2025-12-11 08:00:00,甲烷,延化180万吨/年汽油精制装置
1.80,ST040126,"<p>%(v/v)</p>
",2025-12-11 08:00:00,丙烷,延化180万吨/年汽油精制装置
0.07,ST040126,"<p>%(v/v)</p>
",2025-12-11 08:00:00,乙烯,延化180万吨/年汽油精制装置
7.02,ST040126,"<p>%(v/v)</p>
",2025-12-11 08:00:00,碳四(合计),延化180万吨/年汽油精制装置
2.02,ST040126,"<p>%(v/v)</p>
",2025-12-11 08:00:00,异戊烷,延化180万吨/年汽油精制装置
0.20,ST040126,"<p>%(v/v)</p>
",2025-12-11 08:00:00,正戊烷,延化180万吨/年汽油精制装置
3.06,ST040126,"<p>%(v/v)</p>
",2025-12-11 08:00:00,乙烷,延化180万吨/年汽油精制装置
0.00,ST040126,"<p>%(v/v)</p>
",2025-12-11 08:00:00,碳五+其他,延化180万吨/年汽油精制装置
0.51,ST040126,"<p>%(v/v)</p>
",2025-12-11 08:00:00,氮气,延化180万吨/年汽油精制装置
0.00,ST040126,"<p>%(v/v)</p>
",2025-12-15 08:00:00,二氧化碳,延化180万吨/年汽油精制装置
2.14,ST040126,"<p>%(v/v)</p>
",2025-12-15 08:00:00,碳五(合计),延化180万吨/年汽油精制装置
1.58,ST040126,"<p>%(v/v)</p>
",2025-12-15 08:00:00,氮气,延化180万吨/年汽油精制装置
0.00,ST040126,"<p>%(v/v)</p>
",2025-12-15 08:00:00,一氧化碳,延化180万吨/年汽油精制装置
0.78,ST040126,"<p>%(v/v)</p>
",2025-12-15 08:00:00,丙烯,延化180万吨/年汽油精制装置
77.14,ST040126,"<p>%(v/v)</p>
",2025-12-15 08:00:00,氢气,延化180万吨/年汽油精制装置
2.87,ST040126,"<p>%(v/v)</p>
",2025-12-15 08:00:00,甲烷,延化180万吨/年汽油精制装置
2.16,ST040126,"<p>%(v/v)</p>
",2025-12-15 08:00:00,丙烷,延化180万吨/年汽油精制装置
0.06,ST040126,"<p>%(v/v)</p>
",2025-12-15 08:00:00,乙烯,延化180万吨/年汽油精制装置
9.43,ST040126,"<p>%(v/v)</p>
",2025-12-15 08:00:00,碳四(合计),延化180万吨/年汽油精制装置
2.00,ST040126,"<p>%(v/v)</p>
",2025-12-15 08:00:00,异戊烷,延化180万吨/年汽油精制装置
0.14,ST040126,"<p>%(v/v)</p>
",2025-12-15 08:00:00,正戊烷,延化180万吨/年汽油精制装置
3.02,ST040126,"<p>%(v/v)</p>
",2025-12-15 08:00:00,乙烷,延化180万吨/年汽油精制装置
0.00,ST040126,"<p>%(v/v)</p>
",2025-12-15 08:00:00,碳五+其他,延化180万吨/年汽油精制装置
0.82,ST040126,"<p>%(v/v)</p>
",2025-12-15 08:00:00,氧气,延化180万吨/年汽油精制装置
0.00,ST040126,"<p>%(v/v)</p>
",2025-12-18 08:00:00,二氧化碳,延化180万吨/年汽油精制装置
2.60,ST040126,"<p>%(v/v)</p>
",2025-12-18 08:00:00,碳五(合计),延化180万吨/年汽油精制装置
0.68,ST040126,"<p>%(v/v)</p>
",2025-12-18 08:00:00,氮气,延化180万吨/年汽油精制装置
0.00,ST040126,"<p>%(v/v)</p>
",2025-12-18 08:00:00,一氧化碳,延化180万吨/年汽油精制装置
0.83,ST040126,"<p>%(v/v)</p>
",2025-12-18 08:00:00,丙烯,延化180万吨/年汽油精制装置
81.54,ST040126,"<p>%(v/v)</p>
",2025-12-18 08:00:00,氢气,延化180万吨/年汽油精制装置
3.81,ST040126,"<p>%(v/v)</p>
",2025-12-18 08:00:00,甲烷,延化180万吨/年汽油精制装置
2.37,ST040126,"<p>%(v/v)</p>
",2025-12-18 08:00:00,丙烷,延化180万吨/年汽油精制装置
0.00,ST040126,"<p>%(v/v)</p>
",2025-12-18 08:00:00,乙烯,延化180万吨/年汽油精制装置
3.79,ST040126,"<p>%(v/v)</p>
",2025-12-18 08:00:00,碳四(合计),延化180万吨/年汽油精制装置
2.38,ST040126,"<p>%(v/v)</p>
",2025-12-18 08:00:00,异戊烷,延化180万吨/年汽油精制装置
0.22,ST040126,"<p>%(v/v)</p>
",2025-12-18 08:00:00,正戊烷,延化180万吨/年汽油精制装置
4.27,ST040126,"<p>%(v/v)</p>
",2025-12-18 08:00:00,乙烷,延化180万吨/年汽油精制装置
0.00,ST040126,"<p>%(v/v)</p>
",2025-12-18 08:00:00,碳五+其他,延化180万吨/年汽油精制装置
0.11,ST040126,"<p>%(v/v)</p>
",2025-12-18 08:00:00,氧气,延化180万吨/年汽油精制装置
0.00,ST040126,"<p>%(v/v)</p>
",2025-12-22 08:00:00,二氧化碳,延化180万吨/年汽油精制装置
2.98,ST040126,"<p>%(v/v)</p>
",2025-12-22 08:00:00,碳五(合计),延化180万吨/年汽油精制装置
2.65,ST040126,"<p>%(v/v)</p>
",2025-12-22 08:00:00,氮气,延化180万吨/年汽油精制装置
0.00,ST040126,"<p>%(v/v)</p>
",2025-12-22 08:00:00,一氧化碳,延化180万吨/年汽油精制装置
75.20,ST040126,"<p>%(v/v)</p>
",2025-12-22 08:00:00,氢气,延化180万吨/年汽油精制装置
3.75,ST040126,"<p>%(v/v)</p>
",2025-12-22 08:00:00,甲烷,延化180万吨/年汽油精制装置
2.41,ST040126,"<p>%(v/v)</p>
",2025-12-22 08:00:00,丙烷,延化180万吨/年汽油精制装置
0.95,ST040126,"<p>%(v/v)</p>
",2025-12-22 08:00:00,丙烯,延化180万吨/年汽油精制装置
0.07,ST040126,"<p>%(v/v)</p>
",2025-12-22 08:00:00,乙烯,延化180万吨/年汽油精制装置
7.49,ST040126,"<p>%(v/v)</p>
",2025-12-22 08:00:00,碳四(合计),延化180万吨/年汽油精制装置
2.71,ST040126,"<p>%(v/v)</p>
",2025-12-22 08:00:00,异戊烷,延化180万吨/年汽油精制装置
0.27,ST040126,"<p>%(v/v)</p>
",2025-12-22 08:00:00,正戊烷,延化180万吨/年汽油精制装置
3.90,ST040126,"<p>%(v/v)</p>
",2025-12-22 08:00:00,乙烷,延化180万吨/年汽油精制装置
0.00,ST040126,"<p>%(v/v)</p>
",2025-12-22 08:00:00,碳五+其他,延化180万吨/年汽油精制装置
0.60,ST040126,"<p>%(v/v)</p>
",2025-12-22 08:00:00,氧气,延化180万吨/年汽油精制装置
0.85,ST040126,"<p>%(v/v)</p>
",2025-12-25 08:00:00,氮气,延化180万吨/年汽油精制装置
0.19,ST040126,"<p>%(v/v)</p>
",2025-12-25 08:00:00,氧气,延化180万吨/年汽油精制装置
81.78,ST040126,"<p>%(v/v)</p>
",2025-12-25 08:00:00,氢气,延化180万吨/年汽油精制装置
3.67,ST040126,"<p>%(v/v)</p>
",2025-12-25 08:00:00,甲烷,延化180万吨/年汽油精制装置
2.25,ST040126,"<p>%(v/v)</p>
",2025-12-25 08:00:00,丙烷,延化180万吨/年汽油精制装置
0.65,ST040126,"<p>%(v/v)</p>
",2025-12-25 08:00:00,丙烯,延化180万吨/年汽油精制装置
0.00,ST040126,"<p>%(v/v)</p>
",2025-12-25 08:00:00,乙烯,延化180万吨/年汽油精制装置
4.58,ST040126,"<p>%(v/v)</p>
",2025-12-25 08:00:00,碳四(合计),延化180万吨/年汽油精制装置
2.46,ST040126,"<p>%(v/v)</p>
",2025-12-25 08:00:00,异戊烷,延化180万吨/年汽油精制装置
0.28,ST040126,"<p>%(v/v)</p>
",2025-12-25 08:00:00,正戊烷,延化180万吨/年汽油精制装置
3.29,ST040126,"<p>%(v/v)</p>
",2025-12-25 08:00:00,乙烷,延化180万吨/年汽油精制装置
0.00,ST040126,"<p>%(v/v)</p>
",2025-12-25 08:00:00,碳五+其他,延化180万吨/年汽油精制装置
2.74,ST040126,"<p>%(v/v)</p>
",2025-12-25 08:00:00,碳五(合计),延化180万吨/年汽油精制装置
0.00,ST040126,"<p>%(v/v)</p>
",2025-12-25 08:00:00,二氧化碳,延化180万吨/年汽油精制装置
0.00,ST040126,"<p>%(v/v)</p>
",2025-12-25 08:00:00,一氧化碳,延化180万吨/年汽油精制装置
81.00,ST040126,"<p>%(v/v)</p>
",2025-12-29 08:00:00,氢气,延化180万吨/年汽油精制装置
0.19,ST040126,"<p>%(v/v)</p>
",2025-12-29 08:00:00,氧气,延化180万吨/年汽油精制装置
0.00,ST040126,"<p>%(v/v)</p>
",2025-12-29 08:00:00,一氧化碳,延化180万吨/年汽油精制装置
0.00,ST040126,"<p>%(v/v)</p>
",2025-12-29 08:00:00,二氧化碳,延化180万吨/年汽油精制装置
3.75,ST040126,"<p>%(v/v)</p>
",2025-12-29 08:00:00,甲烷,延化180万吨/年汽油精制装置
1.67,ST040126,"<p>%(v/v)</p>
",2025-12-29 08:00:00,丙烷,延化180万吨/年汽油精制装置
0.00,ST040126,"<p>%(v/v)</p>
",2025-12-29 08:00:00,丙烯,延化180万吨/年汽油精制装置
0.07,ST040126,"<p>%(v/v)</p>
",2025-12-29 08:00:00,乙烯,延化180万吨/年汽油精制装置
6.39,ST040126,"<p>%(v/v)</p>
",2025-12-29 08:00:00,碳四(合计),延化180万吨/年汽油精制装置
2.57,ST040126,"<p>%(v/v)</p>
",2025-12-29 08:00:00,异戊烷,延化180万吨/年汽油精制装置
0.26,ST040126,"<p>%(v/v)</p>
",2025-12-29 08:00:00,正戊烷,延化180万吨/年汽油精制装置
3.70,ST040126,"<p>%(v/v)</p>
",2025-12-29 08:00:00,乙烷,延化180万吨/年汽油精制装置
0.00,ST040126,"<p>%(v/v)</p>
",2025-12-29 08:00:00,碳五+其他,延化180万吨/年汽油精制装置
2.83,ST040126,"<p>%(v/v)</p>
",2025-12-29 08:00:00,碳五(合计),延化180万吨/年汽油精制装置
0.40,ST040126,"<p>%(v/v)</p>
",2025-12-29 08:00:00,氮气,延化180万吨/年汽油精制装置
0.19,ST040126,"<p>%(v/v)</p>
",2026-01-01 08:00:00,氧气,延化180万吨/年汽油精制装置
2.46,ST040126,"<p>%(v/v)</p>
",2026-01-01 08:00:00,碳五(合计),延化180万吨/年汽油精制装置
0.00,ST040126,"<p>%(v/v)</p>
",2026-01-01 08:00:00,一氧化碳,延化180万吨/年汽油精制装置
0.00,ST040126,"<p>%(v/v)</p>
",2026-01-01 08:00:00,二氧化碳,延化180万吨/年汽油精制装置
83.29,ST040126,"<p>%(v/v)</p>
",2026-01-01 08:00:00,氢气,延化180万吨/年汽油精制装置
3.70,ST040126,"<p>%(v/v)</p>
",2026-01-01 08:00:00,甲烷,延化180万吨/年汽油精制装置
2.20,ST040126,"<p>%(v/v)</p>
",2026-01-01 08:00:00,丙烷,延化180万吨/年汽油精制装置
0.00,ST040126,"<p>%(v/v)</p>
",2026-01-01 08:00:00,丙烯,延化180万吨/年汽油精制装置
0.00,ST040126,"<p>%(v/v)</p>
",2026-01-01 08:00:00,乙烯,延化180万吨/年汽油精制装置
3.90,ST040126,"<p>%(v/v)</p>
",2026-01-01 08:00:00,碳四(合计),延化180万吨/年汽油精制装置
2.24,ST040126,"<p>%(v/v)</p>
",2026-01-01 08:00:00,异戊烷,延化180万吨/年汽油精制装置
0.22,ST040126,"<p>%(v/v)</p>
",2026-01-01 08:00:00,正戊烷,延化180万吨/年汽油精制装置
4.26,ST040126,"<p>%(v/v)</p>
",2026-01-01 08:00:00,乙烷,延化180万吨/年汽油精制装置
0.00,ST040126,"<p>%(v/v)</p>
",2026-01-01 08:00:00,碳五+其他,延化180万吨/年汽油精制装置
0.00,ST040126,"<p>%(v/v)</p>
",2026-01-01 08:00:00,氮气,延化180万吨/年汽油精制装置
0.00,ST040126,"<p>%(v/v)</p>
",2026-01-05 08:00:00,二氧化碳,延化180万吨/年汽油精制装置
2.10,ST040126,"<p>%(v/v)</p>
",2026-01-05 08:00:00,碳五(合计),延化180万吨/年汽油精制装置
0.23,ST040126,"<p>%(v/v)</p>
",2026-01-05 08:00:00,氮气,延化180万吨/年汽油精制装置
0.00,ST040126,"<p>%(v/v)</p>
",2026-01-05 08:00:00,一氧化碳,延化180万吨/年汽油精制装置
80.59,ST040126,"<p>%(v/v)</p>
",2026-01-05 08:00:00,氢气,延化180万吨/年汽油精制装置
3.84,ST040126,"<p>%(v/v)</p>
",2026-01-05 08:00:00,甲烷,延化180万吨/年汽油精制装置
1.83,ST040126,"<p>%(v/v)</p>
",2026-01-05 08:00:00,丙烷,延化180万吨/年汽油精制装置
1.02,ST040126,"<p>%(v/v)</p>
",2026-01-05 08:00:00,丙烯,延化180万吨/年汽油精制装置
0.00,ST040126,"<p>%(v/v)</p>
",2026-01-05 08:00:00,乙烯,延化180万吨/年汽油精制装置
5.70,ST040126,"<p>%(v/v)</p>
",2026-01-05 08:00:00,碳四(合计),延化180万吨/年汽油精制装置
1.92,ST040126,"<p>%(v/v)</p>
",2026-01-05 08:00:00,异戊烷,延化180万吨/年汽油精制装置
0.18,ST040126,"<p>%(v/v)</p>
",2026-01-05 08:00:00,正戊烷,延化180万吨/年汽油精制装置
4.50,ST040126,"<p>%(v/v)</p>
",2026-01-05 08:00:00,乙烷,延化180万吨/年汽油精制装置
0.00,ST040126,"<p>%(v/v)</p>
",2026-01-05 08:00:00,碳五+其他,延化180万吨/年汽油精制装置
0.19,ST040126,"<p>%(v/v)</p>
",2026-01-05 08:00:00,氧气,延化180万吨/年汽油精制装置
0.13,ST040126,"<p>%(v/v)</p>
",2026-01-08 08:00:00,氧气,延化180万吨/年汽油精制装置
2.04,ST040126,"<p>%(v/v)</p>
",2026-01-08 08:00:00,碳五(合计),延化180万吨/年汽油精制装置
0.00,ST040126,"<p>%(v/v)</p>
",2026-01-08 08:00:00,一氧化碳,延化180万吨/年汽油精制装置
0.00,ST040126,"<p>%(v/v)</p>
",2026-01-08 08:00:00,二氧化碳,延化180万吨/年汽油精制装置
77.25,ST040126,"<p>%(v/v)</p>
",2026-01-08 08:00:00,氢气,延化180万吨/年汽油精制装置
3.98,ST040126,"<p>%(v/v)</p>
",2026-01-08 08:00:00,甲烷,延化180万吨/年汽油精制装置
2.72,ST040126,"<p>%(v/v)</p>
",2026-01-08 08:00:00,丙烷,延化180万吨/年汽油精制装置
1.49,ST040126,"<p>%(v/v)</p>
",2026-01-08 08:00:00,丙烯,延化180万吨/年汽油精制装置
0.00,ST040126,"<p>%(v/v)</p>
",2026-01-08 08:00:00,乙烯,延化180万吨/年汽油精制装置
7.26,ST040126,"<p>%(v/v)</p>
",2026-01-08 08:00:00,碳四(合计),延化180万吨/年汽油精制装置
1.87,ST040126,"<p>%(v/v)</p>
",2026-01-08 08:00:00,异戊烷,延化180万吨/年汽油精制装置
0.17,ST040126,"<p>%(v/v)</p>
",2026-01-08 08:00:00,正戊烷,延化180万吨/年汽油精制装置
4.45,ST040126,"<p>%(v/v)</p>
",2026-01-08 08:00:00,乙烷,延化180万吨/年汽油精制装置
0.00,ST040126,"<p>%(v/v)</p>
",2026-01-08 08:00:00,碳五+其他,延化180万吨/年汽油精制装置
0.68,ST040126,"<p>%(v/v)</p>
",2026-01-08 08:00:00,氮气,延化180万吨/年汽油精制装置
0.00,ST040126,"<p>%(v/v)</p>
",2026-01-12 08:00:00,一氧化碳,延化180万吨/年汽油精制装置
1.01,ST040126,"<p>%(v/v)</p>
",2026-01-12 08:00:00,氮气,延化180万吨/年汽油精制装置
79.65,ST040126,"<p>%(v/v)</p>
",2026-01-12 08:00:00,氢气,延化180万吨/年汽油精制装置
3.86,ST040126,"<p>%(v/v)</p>
",2026-01-12 08:00:00,甲烷,延化180万吨/年汽油精制装置
2.86,ST040126,"<p>%(v/v)</p>
",2026-01-12 08:00:00,丙烷,延化180万吨/年汽油精制装置
1.45,ST040126,"<p>%(v/v)</p>
",2026-01-12 08:00:00,丙烯,延化180万吨/年汽油精制装置
0.00,ST040126,"<p>%(v/v)</p>
",2026-01-12 08:00:00,乙烯,延化180万吨/年汽油精制装置
4.83,ST040126,"<p>%(v/v)</p>
",2026-01-12 08:00:00,碳四(合计),延化180万吨/年汽油精制装置
1.42,ST040126,"<p>%(v/v)</p>
",2026-01-12 08:00:00,异戊烷,延化180万吨/年汽油精制装置
0.23,ST040126,"<p>%(v/v)</p>
",2026-01-12 08:00:00,正戊烷,延化180万吨/年汽油精制装置
4.51,ST040126,"<p>%(v/v)</p>
",2026-01-12 08:00:00,乙烷,延化180万吨/年汽油精制装置
0.00,ST040126,"<p>%(v/v)</p>
",2026-01-12 08:00:00,碳五+其他,延化180万吨/年汽油精制装置
1.65,ST040126,"<p>%(v/v)</p>
",2026-01-12 08:00:00,碳五(合计),延化180万吨/年汽油精制装置
0.18,ST040126,"<p>%(v/v)</p>
",2026-01-12 08:00:00,氧气,延化180万吨/年汽油精制装置
0.00,ST040126,"<p>%(v/v)</p>
",2026-01-12 08:00:00,二氧化碳,延化180万吨/年汽油精制装置
75.07,ST040126,"<p>%(v/v)</p>
",2026-01-15 08:00:00,氢气,延化180万吨/年汽油精制装置
0.00,ST040126,"<p>%(v/v)</p>
",2026-01-15 08:00:00,碳五+其他,延化180万吨/年汽油精制装置
1.42,ST040126,"<p>%(v/v)</p>
",2026-01-15 08:00:00,氮气,延化180万吨/年汽油精制装置
0.00,ST040126,"<p>%(v/v)</p>
",2026-01-15 08:00:00,一氧化碳,延化180万吨/年汽油精制装置
0.00,ST040126,"<p>%(v/v)</p>
",2026-01-15 08:00:00,二氧化碳,延化180万吨/年汽油精制装置
3.83,ST040126,"<p>%(v/v)</p>
",2026-01-15 08:00:00,甲烷,延化180万吨/年汽油精制装置
2.41,ST040126,"<p>%(v/v)</p>
",2026-01-15 08:00:00,丙烷,延化180万吨/年汽油精制装置
1.43,ST040126,"<p>%(v/v)</p>
",2026-01-15 08:00:00,丙烯,延化180万吨/年汽油精制装置
0.00,ST040126,"<p>%(v/v)</p>
",2026-01-15 08:00:00,乙烯,延化180万吨/年汽油精制装置
9.34,ST040126,"<p>%(v/v)</p>
",2026-01-15 08:00:00,碳四(合计),延化180万吨/年汽油精制装置
1.77,ST040126,"<p>%(v/v)</p>
",2026-01-15 08:00:00,异戊烷,延化180万吨/年汽油精制装置
1.94,ST040126,"<p>%(v/v)</p>
",2026-01-15 08:00:00,碳五(合计),延化180万吨/年汽油精制装置
0.17,ST040126,"<p>%(v/v)</p>
",2026-01-15 08:00:00,正戊烷,延化180万吨/年汽油精制装置
4.02,ST040126,"<p>%(v/v)</p>
",2026-01-15 08:00:00,乙烷,延化180万吨/年汽油精制装置
0.54,ST040126,"<p>%(v/v)</p>
",2026-01-15 08:00:00,氧气,延化180万吨/年汽油精制装置
4.45,ST040126,"<p>%(v/v)</p>
",2026-01-19 08:00:00,碳四(合计),延化180万吨/年汽油精制装置
1.61,ST040126,"<p>%(v/v)</p>
",2026-01-19 08:00:00,异戊烷,延化180万吨/年汽油精制装置
0.16,ST040126,"<p>%(v/v)</p>
",2026-01-19 08:00:00,正戊烷,延化180万吨/年汽油精制装置
5.36,ST040126,"<p>%(v/v)</p>
",2026-01-19 08:00:00,乙烷,延化180万吨/年汽油精制装置
0.00,ST040126,"<p>%(v/v)</p>
",2026-01-19 08:00:00,碳五+其他,延化180万吨/年汽油精制装置
1.77,ST040126,"<p>%(v/v)</p>
",2026-01-19 08:00:00,碳五(合计),延化180万吨/年汽油精制装置
0.20,ST040126,"<p>%(v/v)</p>
",2026-01-19 08:00:00,氧气,延化180万吨/年汽油精制装置
1.35,ST040126,"<p>%(v/v)</p>
",2026-01-19 08:00:00,氮气,延化180万吨/年汽油精制装置
0.00,ST040126,"<p>%(v/v)</p>
",2026-01-19 08:00:00,一氧化碳,延化180万吨/年汽油精制装置
0.00,ST040126,"<p>%(v/v)</p>
",2026-01-19 08:00:00,二氧化碳,延化180万吨/年汽油精制装置
79.58,ST040126,"<p>%(v/v)</p>
",2026-01-19 08:00:00,氢气,延化180万吨/年汽油精制装置
4.79,ST040126,"<p>%(v/v)</p>
",2026-01-19 08:00:00,甲烷,延化180万吨/年汽油精制装置
1.57,ST040126,"<p>%(v/v)</p>
",2026-01-19 08:00:00,丙烷,延化180万吨/年汽油精制装置
0.93,ST040126,"<p>%(v/v)</p>
",2026-01-19 08:00:00,丙烯,延化180万吨/年汽油精制装置
0.00,ST040126,"<p>%(v/v)</p>
",2026-01-19 08:00:00,乙烯,延化180万吨/年汽油精制装置
1.68,ST040126,"<p>%(v/v)</p>
",2026-01-22 08:00:00,异戊烷,延化180万吨/年汽油精制装置
0.19,ST040126,"<p>%(v/v)</p>
",2026-01-22 08:00:00,氧气,延化180万吨/年汽油精制装置
3.54,ST040126,"<p>%(v/v)</p>
",2026-01-22 08:00:00,碳四(合计),延化180万吨/年汽油精制装置
0.00,ST040126,"<p>%(v/v)</p>
",2026-01-22 08:00:00,乙烯,延化180万吨/年汽油精制装置
0.86,ST040126,"<p>%(v/v)</p>
",2026-01-22 08:00:00,丙烯,延化180万吨/年汽油精制装置
4.70,ST040126,"<p>%(v/v)</p>
",2026-01-22 08:00:00,甲烷,延化180万吨/年汽油精制装置
81.43,ST040126,"<p>%(v/v)</p>
",2026-01-22 08:00:00,氢气,延化180万吨/年汽油精制装置
0.00,ST040126,"<p>%(v/v)</p>
",2026-01-22 08:00:00,二氧化碳,延化180万吨/年汽油精制装置
1.13,ST040126,"<p>%(v/v)</p>
",2026-01-22 08:00:00,丙烷,延化180万吨/年汽油精制装置
1.87,ST040126,"<p>%(v/v)</p>
",2026-01-22 08:00:00,碳五(合计),延化180万吨/年汽油精制装置
0.00,ST040126,"<p>%(v/v)</p>
",2026-01-22 08:00:00,碳五+其他,延化180万吨/年汽油精制装置
5.95,ST040126,"<p>%(v/v)</p>
",2026-01-22 08:00:00,乙烷,延化180万吨/年汽油精制装置
0.19,ST040126,"<p>%(v/v)</p>
",2026-01-22 08:00:00,正戊烷,延化180万吨/年汽油精制装置
0.33,ST040126,"<p>%(v/v)</p>
",2026-01-22 08:00:00,氮气,延化180万吨/年汽油精制装置
0.00,ST040126,"<p>%(v/v)</p>
",2026-01-22 08:00:00,一氧化碳,延化180万吨/年汽油精制装置
0.00,ST040126,"<p>%(v/v)</p>
",2026-01-26 08:00:00,一氧化碳,延化180万吨/年汽油精制装置
0.00,ST040126,"<p>%(v/v)</p>
",2026-01-26 08:00:00,碳五+其他,延化180万吨/年汽油精制装置
0.00,ST040126,"<p>%(v/v)</p>
",2026-01-26 08:00:00,氧气,延化180万吨/年汽油精制装置
0.31,ST040126,"<p>%(v/v)</p>
",2026-01-26 08:00:00,氮气,延化180万吨/年汽油精制装置
0.00,ST040126,"<p>%(v/v)</p>
",2026-01-26 08:00:00,二氧化碳,延化180万吨/年汽油精制装置
1.04,ST040126,"<p>%(v/v)</p>
",2026-01-26 08:00:00,丙烯,延化180万吨/年汽油精制装置
79.80,ST040126,"<p>%(v/v)</p>
",2026-01-26 08:00:00,氢气,延化180万吨/年汽油精制装置
4.04,ST040126,"<p>%(v/v)</p>
",2026-01-26 08:00:00,甲烷,延化180万吨/年汽油精制装置
1.62,ST040126,"<p>%(v/v)</p>
",2026-01-26 08:00:00,丙烷,延化180万吨/年汽油精制装置
0.09,ST040126,"<p>%(v/v)</p>
",2026-01-26 08:00:00,乙烯,延化180万吨/年汽油精制装置
6.87,ST040126,"<p>%(v/v)</p>
",2026-01-26 08:00:00,碳四(合计),延化180万吨/年汽油精制装置
2.37,ST040126,"<p>%(v/v)</p>
",2026-01-26 08:00:00,异戊烷,延化180万吨/年汽油精制装置
0.31,ST040126,"<p>%(v/v)</p>
",2026-01-26 08:00:00,正戊烷,延化180万吨/年汽油精制装置
3.55,ST040126,"<p>%(v/v)</p>
",2026-01-26 08:00:00,乙烷,延化180万吨/年汽油精制装置
2.68,ST040126,"<p>%(v/v)</p>
",2026-01-26 08:00:00,碳五(合计),延化180万吨/年汽油精制装置
0.72,ST040126,"<p>%(v/v)</p>
",2026-01-29 08:00:00,丙烯,延化180万吨/年汽油精制装置
1.04,ST040126,"<p>%(v/v)</p>
",2026-01-29 08:00:00,丙烷,延化180万吨/年汽油精制装置
4.65,ST040126,"<p>%(v/v)</p>
",2026-01-29 08:00:00,甲烷,延化180万吨/年汽油精制装置
80.29,ST040126,"<p>%(v/v)</p>
",2026-01-29 08:00:00,氢气,延化180万吨/年汽油精制装置
0.00,ST040126,"<p>%(v/v)</p>
",2026-01-29 08:00:00,二氧化碳,延化180万吨/年汽油精制装置
0.00,ST040126,"<p>%(v/v)</p>
",2026-01-29 08:00:00,一氧化碳,延化180万吨/年汽油精制装置
0.35,ST040126,"<p>%(v/v)</p>
",2026-01-29 08:00:00,氮气,延化180万吨/年汽油精制装置
0.19,ST040126,"<p>%(v/v)</p>
",2026-01-29 08:00:00,氧气,延化180万吨/年汽油精制装置
2.42,ST040126,"<p>%(v/v)</p>
",2026-01-29 08:00:00,碳五(合计),延化180万吨/年汽油精制装置
0.00,ST040126,"<p>%(v/v)</p>
",2026-01-29 08:00:00,碳五+其他,延化180万吨/年汽油精制装置
4.34,ST040126,"<p>%(v/v)</p>
",2026-01-29 08:00:00,乙烷,延化180万吨/年汽油精制装置
0.27,ST040126,"<p>%(v/v)</p>
",2026-01-29 08:00:00,正戊烷,延化180万吨/年汽油精制装置
2.15,ST040126,"<p>%(v/v)</p>
",2026-01-29 08:00:00,异戊烷,延化180万吨/年汽油精制装置
0.11,ST040126,"<p>%(v/v)</p>
",2026-01-29 08:00:00,乙烯,延化180万吨/年汽油精制装置
5.89,ST040126,"<p>%(v/v)</p>
",2026-01-29 08:00:00,碳四(合计),延化180万吨/年汽油精制装置
84.75,ST040126,"<p>%(v/v)</p>
",2026-02-02 08:00:00,氢气,延化180万吨/年汽油精制装置
1.14,ST040126,"<p>%(v/v)</p>
",2026-02-02 08:00:00,丙烷,延化180万吨/年汽油精制装置
0.00,ST040126,"<p>%(v/v)</p>
",2026-02-02 08:00:00,丙烯,延化180万吨/年汽油精制装置
0.10,ST040126,"<p>%(v/v)</p>
",2026-02-02 08:00:00,乙烯,延化180万吨/年汽油精制装置
1.71,ST040126,"<p>%(v/v)</p>
",2026-02-02 08:00:00,碳四(合计),延化180万吨/年汽油精制装置
0.07,ST040126,"<p>%(v/v)</p>
",2026-02-02 08:00:00,异戊烷,延化180万吨/年汽油精制装置
0.06,ST040126,"<p>%(v/v)</p>
",2026-02-02 08:00:00,正戊烷,延化180万吨/年汽油精制装置
3.27,ST040126,"<p>%(v/v)</p>
",2026-02-02 08:00:00,乙烷,延化180万吨/年汽油精制装置
0.00,ST040126,"<p>%(v/v)</p>
",2026-02-02 08:00:00,碳五+其他,延化180万吨/年汽油精制装置
0.13,ST040126,"<p>%(v/v)</p>
",2026-02-02 08:00:00,碳五(合计),延化180万吨/年汽油精制装置
7.12,ST040126,"<p>%(v/v)</p>
",2026-02-02 08:00:00,甲烷,延化180万吨/年汽油精制装置
0.72,ST040126,"<p>%(v/v)</p>
",2026-02-02 08:00:00,氧气,延化180万吨/年汽油精制装置
1.06,ST040126,"<p>%(v/v)</p>
",2026-02-02 08:00:00,氮气,延化180万吨/年汽油精制装置
0.00,ST040126,"<p>%(v/v)</p>
",2026-02-02 08:00:00,一氧化碳,延化180万吨/年汽油精制装置
0.00,ST040126,"<p>%(v/v)</p>
",2026-02-02 08:00:00,二氧化碳,延化180万吨/年汽油精制装置
0.13,ST040126,"<p>%(v/v)</p>
",2026-02-05 08:00:00,氧气,延化180万吨/年汽油精制装置
2.45,ST040126,"<p>%(v/v)</p>
",2026-02-05 08:00:00,碳五(合计),延化180万吨/年汽油精制装置
0.00,ST040126,"<p>%(v/v)</p>
",2026-02-05 08:00:00,一氧化碳,延化180万吨/年汽油精制装置
0.00,ST040126,"<p>%(v/v)</p>
",2026-02-05 08:00:00,二氧化碳,延化180万吨/年汽油精制装置
83.20,ST040126,"<p>%(v/v)</p>
",2026-02-05 08:00:00,氢气,延化180万吨/年汽油精制装置
4.90,ST040126,"<p>%(v/v)</p>
",2026-02-05 08:00:00,甲烷,延化180万吨/年汽油精制装置
0.68,ST040126,"<p>%(v/v)</p>
",2026-02-05 08:00:00,丙烷,延化180万吨/年汽油精制装置
0.50,ST040126,"<p>%(v/v)</p>
",2026-02-05 08:00:00,丙烯,延化180万吨/年汽油精制装置
0.10,ST040126,"<p>%(v/v)</p>
",2026-02-05 08:00:00,乙烯,延化180万吨/年汽油精制装置
2.67,ST040126,"<p>%(v/v)</p>
",2026-02-05 08:00:00,碳四(合计),延化180万吨/年汽油精制装置
2.14,ST040126,"<p>%(v/v)</p>
",2026-02-05 08:00:00,异戊烷,延化180万吨/年汽油精制装置
0.31,ST040126,"<p>%(v/v)</p>
",2026-02-05 08:00:00,正戊烷,延化180万吨/年汽油精制装置
4.79,ST040126,"<p>%(v/v)</p>
",2026-02-05 08:00:00,乙烷,延化180万吨/年汽油精制装置
0.00,ST040126,"<p>%(v/v)</p>
",2026-02-05 08:00:00,碳五+其他,延化180万吨/年汽油精制装置
0.58,ST040126,"<p>%(v/v)</p>
",2026-02-05 08:00:00,氮气,延化180万吨/年汽油精制装置
0.20,ST040126,"<p>%(v/v)</p>
",2026-02-09 08:00:00,氧气,延化180万吨/年汽油精制装置
1.61,ST040126,"<p>%(v/v)</p>
",2026-02-09 08:00:00,碳五(合计),延化180万吨/年汽油精制装置
0.00,ST040126,"<p>%(v/v)</p>
",2026-02-09 08:00:00,一氧化碳,延化180万吨/年汽油精制装置
0.00,ST040126,"<p>%(v/v)</p>
",2026-02-09 08:00:00,二氧化碳,延化180万吨/年汽油精制装置
80.00,ST040126,"<p>%(v/v)</p>
",2026-02-09 08:00:00,氢气,延化180万吨/年汽油精制装置
4.93,ST040126,"<p>%(v/v)</p>
",2026-02-09 08:00:00,甲烷,延化180万吨/年汽油精制装置
1.45,ST040126,"<p>%(v/v)</p>
",2026-02-09 08:00:00,丙烷,延化180万吨/年汽油精制装置
1.21,ST040126,"<p>%(v/v)</p>
",2026-02-09 08:00:00,丙烯,延化180万吨/年汽油精制装置
0.13,ST040126,"<p>%(v/v)</p>
",2026-02-09 08:00:00,乙烯,延化180万吨/年汽油精制装置
5.94,ST040126,"<p>%(v/v)</p>
",2026-02-09 08:00:00,碳四(合计),延化180万吨/年汽油精制装置
0.00,ST040126,"<p>%(v/v)</p>
",2026-02-09 08:00:00,碳五+其他,延化180万吨/年汽油精制装置
1.31,ST040126,"<p>%(v/v)</p>
",2026-02-09 08:00:00,异戊烷,延化180万吨/年汽油精制装置
0.30,ST040126,"<p>%(v/v)</p>
",2026-02-09 08:00:00,正戊烷,延化180万吨/年汽油精制装置
4.20,ST040126,"<p>%(v/v)</p>
",2026-02-09 08:00:00,乙烷,延化180万吨/年汽油精制装置
0.33,ST040126,"<p>%(v/v)</p>
",2026-02-09 08:00:00,氮气,延化180万吨/年汽油精制装置
0.43,ST040126,"<p>%(v/v)</p>
",2026-02-12 08:00:00,氧气,延化180万吨/年汽油精制装置
3.06,ST040126,"<p>%(v/v)</p>
",2026-02-12 08:00:00,碳五(合计),延化180万吨/年汽油精制装置
0.89,ST040126,"<p>%(v/v)</p>
",2026-02-12 08:00:00,氮气,延化180万吨/年汽油精制装置
0.00,ST040126,"<p>%(v/v)</p>
",2026-02-12 08:00:00,一氧化碳,延化180万吨/年汽油精制装置
0.00,ST040126,"<p>%(v/v)</p>
",2026-02-12 08:00:00,二氧化碳,延化180万吨/年汽油精制装置
5.02,ST040126,"<p>%(v/v)</p>
",2026-02-12 08:00:00,甲烷,延化180万吨/年汽油精制装置
0.58,ST040126,"<p>%(v/v)</p>
",2026-02-12 08:00:00,丙烷,延化180万吨/年汽油精制装置
0.35,ST040126,"<p>%(v/v)</p>
",2026-02-12 08:00:00,丙烯,延化180万吨/年汽油精制装置
0.00,ST040126,"<p>%(v/v)</p>
",2026-02-12 08:00:00,乙烯,延化180万吨/年汽油精制装置
2.59,ST040126,"<p>%(v/v)</p>
",2026-02-12 08:00:00,碳四(合计),延化180万吨/年汽油精制装置
0.79,ST040126,"<p>%(v/v)</p>
",2026-02-12 08:00:00,异戊烷,延化180万吨/年汽油精制装置
2.27,ST040126,"<p>%(v/v)</p>
",2026-02-12 08:00:00,正戊烷,延化180万吨/年汽油精制装置
3.26,ST040126,"<p>%(v/v)</p>
",2026-02-12 08:00:00,乙烷,延化180万吨/年汽油精制装置
0.00,ST040126,"<p>%(v/v)</p>
",2026-02-12 08:00:00,碳五+其他,延化180万吨/年汽油精制装置
83.82,ST040126,"<p>%(v/v)</p>
",2026-02-12 08:00:00,氢气,延化180万吨/年汽油精制装置
0.21,ST040126,"<p>%(v/v)</p>
",2026-02-16 08:00:00,氧气,延化180万吨/年汽油精制装置
1.90,ST040126,"<p>%(v/v)</p>
",2026-02-16 08:00:00,碳五(合计),延化180万吨/年汽油精制装置
0.00,ST040126,"<p>%(v/v)</p>
",2026-02-16 08:00:00,一氧化碳,延化180万吨/年汽油精制装置
0.00,ST040126,"<p>%(v/v)</p>
",2026-02-16 08:00:00,二氧化碳,延化180万吨/年汽油精制装置
83.02,ST040126,"<p>%(v/v)</p>
",2026-02-16 08:00:00,氢气,延化180万吨/年汽油精制装置
5.10,ST040126,"<p>%(v/v)</p>
",2026-02-16 08:00:00,甲烷,延化180万吨/年汽油精制装置
0.65,ST040126,"<p>%(v/v)</p>
",2026-02-16 08:00:00,丙烷,延化180万吨/年汽油精制装置
0.00,ST040126,"<p>%(v/v)</p>
",2026-02-16 08:00:00,丙烯,延化180万吨/年汽油精制装置
0.00,ST040126,"<p>%(v/v)</p>
",2026-02-16 08:00:00,乙烯,延化180万吨/年汽油精制装置
4.08,ST040126,"<p>%(v/v)</p>
",2026-02-16 08:00:00,碳四(合计),延化180万吨/年汽油精制装置
1.71,ST040126,"<p>%(v/v)</p>
",2026-02-16 08:00:00,异戊烷,延化180万吨/年汽油精制装置
0.19,ST040126,"<p>%(v/v)</p>
",2026-02-16 08:00:00,正戊烷,延化180万吨/年汽油精制装置
3.38,ST040126,"<p>%(v/v)</p>
",2026-02-16 08:00:00,乙烷,延化180万吨/年汽油精制装置
0.00,ST040126,"<p>%(v/v)</p>
",2026-02-16 08:00:00,碳五+其他,延化180万吨/年汽油精制装置
1.66,ST040126,"<p>%(v/v)</p>
",2026-02-16 08:00:00,氮气,延化180万吨/年汽油精制装置
0.00,ST040126,"<p>%(v/v)</p>
",2026-02-19 08:00:00,二氧化碳,延化180万吨/年汽油精制装置
2.60,ST040126,"<p>%(v/v)</p>
",2026-02-19 08:00:00,碳五(合计),延化180万吨/年汽油精制装置
0.48,ST040126,"<p>%(v/v)</p>
",2026-02-19 08:00:00,氮气,延化180万吨/年汽油精制装置
0.00,ST040126,"<p>%(v/v)</p>
",2026-02-19 08:00:00,一氧化碳,延化180万吨/年汽油精制装置
79.93,ST040126,"<p>%(v/v)</p>
",2026-02-19 08:00:00,氢气,延化180万吨/年汽油精制装置
4.69,ST040126,"<p>%(v/v)</p>
",2026-02-19 08:00:00,甲烷,延化180万吨/年汽油精制装置
2.49,ST040126,"<p>%(v/v)</p>
",2026-02-19 08:00:00,丙烷,延化180万吨/年汽油精制装置
0.00,ST040126,"<p>%(v/v)</p>
",2026-02-19 08:00:00,丙烯,延化180万吨/年汽油精制装置
0.11,ST040126,"<p>%(v/v)</p>
",2026-02-19 08:00:00,乙烯,延化180万吨/年汽油精制装置
3.81,ST040126,"<p>%(v/v)</p>
",2026-02-19 08:00:00,碳四(合计),延化180万吨/年汽油精制装置
2.32,ST040126,"<p>%(v/v)</p>
",2026-02-19 08:00:00,异戊烷,延化180万吨/年汽油精制装置
0.28,ST040126,"<p>%(v/v)</p>
",2026-02-19 08:00:00,正戊烷,延化180万吨/年汽油精制装置
5.68,ST040126,"<p>%(v/v)</p>
",2026-02-19 08:00:00,乙烷,延化180万吨/年汽油精制装置
0.00,ST040126,"<p>%(v/v)</p>
",2026-02-19 08:00:00,碳五+其他,延化180万吨/年汽油精制装置
0.21,ST040126,"<p>%(v/v)</p>
",2026-02-19 08:00:00,氧气,延化180万吨/年汽油精制装置
0.00,ST040126,"<p>%(v/v)</p>
",2026-02-23 08:00:00,二氧化碳,延化180万吨/年汽油精制装置
2.65,ST040126,"<p>%(v/v)</p>
",2026-02-23 08:00:00,碳五(合计),延化180万吨/年汽油精制装置
0.54,ST040126,"<p>%(v/v)</p>
",2026-02-23 08:00:00,氮气,延化180万吨/年汽油精制装置
0.00,ST040126,"<p>%(v/v)</p>
",2026-02-23 08:00:00,一氧化碳,延化180万吨/年汽油精制装置
83.86,ST040126,"<p>%(v/v)</p>
",2026-02-23 08:00:00,氢气,延化180万吨/年汽油精制装置
4.44,ST040126,"<p>%(v/v)</p>
",2026-02-23 08:00:00,甲烷,延化180万吨/年汽油精制装置
0.55,ST040126,"<p>%(v/v)</p>
",2026-02-23 08:00:00,丙烷,延化180万吨/年汽油精制装置
0.00,ST040126,"<p>%(v/v)</p>
",2026-02-23 08:00:00,丙烯,延化180万吨/年汽油精制装置
0.00,ST040126,"<p>%(v/v)</p>
",2026-02-23 08:00:00,乙烯,延化180万吨/年汽油精制装置
4.54,ST040126,"<p>%(v/v)</p>
",2026-02-23 08:00:00,碳四(合计),延化180万吨/年汽油精制装置
2.32,ST040126,"<p>%(v/v)</p>
",2026-02-23 08:00:00,异戊烷,延化180万吨/年汽油精制装置
0.33,ST040126,"<p>%(v/v)</p>
",2026-02-23 08:00:00,正戊烷,延化180万吨/年汽油精制装置
3.22,ST040126,"<p>%(v/v)</p>
",2026-02-23 08:00:00,乙烷,延化180万吨/年汽油精制装置
0.00,ST040126,"<p>%(v/v)</p>
",2026-02-23 08:00:00,碳五+其他,延化180万吨/年汽油精制装置
0.20,ST040126,"<p>%(v/v)</p>
",2026-02-23 08:00:00,氧气,延化180万吨/年汽油精制装置
0.20,ST040126,"<p>%(v/v)</p>
",2026-02-26 08:00:00,氧气,延化180万吨/年汽油精制装置
1.94,ST040126,"<p>%(v/v)</p>
",2026-02-26 08:00:00,碳五(合计),延化180万吨/年汽油精制装置
0.00,ST040126,"<p>%(v/v)</p>
",2026-02-26 08:00:00,一氧化碳,延化180万吨/年汽油精制装置
0.00,ST040126,"<p>%(v/v)</p>
",2026-02-26 08:00:00,二氧化碳,延化180万吨/年汽油精制装置
83.80,ST040126,"<p>%(v/v)</p>
",2026-02-26 08:00:00,氢气,延化180万吨/年汽油精制装置
4.73,ST040126,"<p>%(v/v)</p>
",2026-02-26 08:00:00,甲烷,延化180万吨/年汽油精制装置
0.74,ST040126,"<p>%(v/v)</p>
",2026-02-26 08:00:00,丙烷,延化180万吨/年汽油精制装置
0.00,ST040126,"<p>%(v/v)</p>
",2026-02-26 08:00:00,丙烯,延化180万吨/年汽油精制装置
0.20,ST040126,"<p>%(v/v)</p>
",2026-02-26 08:00:00,正戊烷,延化180万吨/年汽油精制装置
0.00,ST040126,"<p>%(v/v)</p>
",2026-02-26 08:00:00,乙烯,延化180万吨/年汽油精制装置
4.17,ST040126,"<p>%(v/v)</p>
",2026-02-26 08:00:00,碳四(合计),延化180万吨/年汽油精制装置
1.74,ST040126,"<p>%(v/v)</p>
",2026-02-26 08:00:00,异戊烷,延化180万吨/年汽油精制装置
4.13,ST040126,"<p>%(v/v)</p>
",2026-02-26 08:00:00,乙烷,延化180万吨/年汽油精制装置
0.00,ST040126,"<p>%(v/v)</p>
",2026-02-26 08:00:00,碳五+其他,延化180万吨/年汽油精制装置
0.29,ST040126,"<p>%(v/v)</p>
",2026-02-26 08:00:00,氮气,延化180万吨/年汽油精制装置
0.00,ST040126,"<p>%(v/v)</p>
",2026-03-02 08:00:00,乙烯,延化180万吨/年汽油精制装置
0.00,ST040126,"<p>%(v/v)</p>
",2026-03-02 08:00:00,丙烯,延化180万吨/年汽油精制装置
0.54,ST040126,"<p>%(v/v)</p>
",2026-03-02 08:00:00,异戊烷,延化180万吨/年汽油精制装置
2.21,ST040126,"<p>%(v/v)</p>
",2026-03-02 08:00:00,正戊烷,延化180万吨/年汽油精制装置
2.27,ST040126,"<p>%(v/v)</p>
",2026-03-02 08:00:00,乙烷,延化180万吨/年汽油精制装置
0.00,ST040126,"<p>%(v/v)</p>
",2026-03-02 08:00:00,碳五+其他,延化180万吨/年汽油精制装置
2.75,ST040126,"<p>%(v/v)</p>
",2026-03-02 08:00:00,碳五(合计),延化180万吨/年汽油精制装置
0.20,ST040126,"<p>%(v/v)</p>
",2026-03-02 08:00:00,氧气,延化180万吨/年汽油精制装置
0.20,ST040126,"<p>%(v/v)</p>
",2026-03-02 08:00:00,氮气,延化180万吨/年汽油精制装置
0.00,ST040126,"<p>%(v/v)</p>
",2026-03-02 08:00:00,一氧化碳,延化180万吨/年汽油精制装置
1.56,ST040126,"<p>%(v/v)</p>
",2026-03-02 08:00:00,丙烷,延化180万吨/年汽油精制装置
0.00,ST040126,"<p>%(v/v)</p>
",2026-03-02 08:00:00,二氧化碳,延化180万吨/年汽油精制装置
82.69,ST040126,"<p>%(v/v)</p>
",2026-03-02 08:00:00,氢气,延化180万吨/年汽油精制装置
4.42,ST040126,"<p>%(v/v)</p>
",2026-03-02 08:00:00,甲烷,延化180万吨/年汽油精制装置
5.91,ST040126,"<p>%(v/v)</p>
",2026-03-02 08:00:00,碳四(合计),延化180万吨/年汽油精制装置
0.21,ST040126,"<p>%(v/v)</p>
",2026-03-05 08:00:00,氧气,延化180万吨/年汽油精制装置
1.37,ST040126,"<p>%(v/v)</p>
",2026-03-05 08:00:00,氮气,延化180万吨/年汽油精制装置
0.00,ST040126,"<p>%(v/v)</p>
",2026-03-05 08:00:00,一氧化碳,延化180万吨/年汽油精制装置
0.00,ST040126,"<p>%(v/v)</p>
",2026-03-05 08:00:00,二氧化碳,延化180万吨/年汽油精制装置
84.00,ST040126,"<p>%(v/v)</p>
",2026-03-05 08:00:00,氢气,延化180万吨/年汽油精制装置
3.98,ST040126,"<p>%(v/v)</p>
",2026-03-05 08:00:00,甲烷,延化180万吨/年汽油精制装置
0.74,ST040126,"<p>%(v/v)</p>
",2026-03-05 08:00:00,丙烷,延化180万吨/年汽油精制装置
0.00,ST040126,"<p>%(v/v)</p>
",2026-03-05 08:00:00,丙烯,延化180万吨/年汽油精制装置
0.10,ST040126,"<p>%(v/v)</p>
",2026-03-05 08:00:00,乙烯,延化180万吨/年汽油精制装置
5.18,ST040126,"<p>%(v/v)</p>
",2026-03-05 08:00:00,碳四(合计),延化180万吨/年汽油精制装置
0.02,ST040126,"<p>%(v/v)</p>
",2026-03-05 08:00:00,异戊烷,延化180万吨/年汽油精制装置
2.54,ST040126,"<p>%(v/v)</p>
",2026-03-05 08:00:00,正戊烷,延化180万吨/年汽油精制装置
1.86,ST040126,"<p>%(v/v)</p>
",2026-03-05 08:00:00,乙烷,延化180万吨/年汽油精制装置
0.00,ST040126,"<p>%(v/v)</p>
",2026-03-05 08:00:00,碳五+其他,延化180万吨/年汽油精制装置
2.56,ST040126,"<p>%(v/v)</p>
",2026-03-05 08:00:00,碳五(合计),延化180万吨/年汽油精制装置
0.00,ST040126,"<p>%(v/v)</p>
",2026-03-09 08:00:00,碳五+其他,延化180万吨/年汽油精制装置
2.47,ST040126,"<p>%(v/v)</p>
",2026-03-09 08:00:00,碳五(合计),延化180万吨/年汽油精制装置
0.00,ST040126,"<p>%(v/v)</p>
",2026-03-09 08:00:00,一氧化碳,延化180万吨/年汽油精制装置
0.19,ST040126,"<p>%(v/v)</p>
",2026-03-09 08:00:00,氧气,延化180万吨/年汽油精制装置
0.43,ST040126,"<p>%(v/v)</p>
",2026-03-09 08:00:00,氮气,延化180万吨/年汽油精制装置
0.00,ST040126,"<p>%(v/v)</p>
",2026-03-09 08:00:00,二氧化碳,延化180万吨/年汽油精制装置
88.51,ST040126,"<p>%(v/v)</p>
",2026-03-09 08:00:00,氢气,延化180万吨/年汽油精制装置
4.23,ST040126,"<p>%(v/v)</p>
",2026-03-09 08:00:00,甲烷,延化180万吨/年汽油精制装置
2.07,ST040126,"<p>%(v/v)</p>
",2026-03-09 08:00:00,碳四(合计),延化180万吨/年汽油精制装置
0.38,ST040126,"<p>%(v/v)</p>
",2026-03-09 08:00:00,丙烷,延化180万吨/年汽油精制装置
0.00,ST040126,"<p>%(v/v)</p>
",2026-03-09 08:00:00,丙烯,延化180万吨/年汽油精制装置
0.09,ST040126,"<p>%(v/v)</p>
",2026-03-09 08:00:00,乙烯,延化180万吨/年汽油精制装置
0.44,ST040126,"<p>%(v/v)</p>
",2026-03-09 08:00:00,异戊烷,延化180万吨/年汽油精制装置
2.03,ST040126,"<p>%(v/v)</p>
",2026-03-09 08:00:00,正戊烷,延化180万吨/年汽油精制装置
1.63,ST040126,"<p>%(v/v)</p>
",2026-03-09 08:00:00,乙烷,延化180万吨/年汽油精制装置
0.00,ST040126,"<p>%(v/v)</p>
",2026-03-12 08:00:00,二氧化碳,延化180万吨/年汽油精制装置
0.00,ST040126,"<p>%(v/v)</p>
",2026-03-12 08:00:00,一氧化碳,延化180万吨/年汽油精制装置
4.41,ST040126,"<p>%(v/v)</p>
",2026-03-12 08:00:00,甲烷,延化180万吨/年汽油精制装置
0.77,ST040126,"<p>%(v/v)</p>
",2026-03-12 08:00:00,丙烷,延化180万吨/年汽油精制装置
0.00,ST040126,"<p>%(v/v)</p>
",2026-03-12 08:00:00,丙烯,延化180万吨/年汽油精制装置
0.00,ST040126,"<p>%(v/v)</p>
",2026-03-12 08:00:00,乙烯,延化180万吨/年汽油精制装置
2.97,ST040126,"<p>%(v/v)</p>
",2026-03-12 08:00:00,碳四(合计),延化180万吨/年汽油精制装置
0.24,ST040126,"<p>%(v/v)</p>
",2026-03-12 08:00:00,异戊烷,延化180万吨/年汽油精制装置
2.33,ST040126,"<p>%(v/v)</p>
",2026-03-12 08:00:00,正戊烷,延化180万吨/年汽油精制装置
2.22,ST040126,"<p>%(v/v)</p>
",2026-03-12 08:00:00,乙烷,延化180万吨/年汽油精制装置
0.00,ST040126,"<p>%(v/v)</p>
",2026-03-12 08:00:00,碳五+其他,延化180万吨/年汽油精制装置
2.57,ST040126,"<p>%(v/v)</p>
",2026-03-12 08:00:00,碳五(合计),延化180万吨/年汽油精制装置
0.19,ST040126,"<p>%(v/v)</p>
",2026-03-12 08:00:00,氧气,延化180万吨/年汽油精制装置
0.00,ST040126,"<p>%(v/v)</p>
",2026-03-12 08:00:00,氮气,延化180万吨/年汽油精制装置
86.87,ST040126,"<p>%(v/v)</p>
",2026-03-12 08:00:00,氢气,延化180万吨/年汽油精制装置
0.44,ST040126,"<p>%(v/v)</p>
",2026-03-16 08:00:00,异戊烷,延化180万吨/年汽油精制装置
2.27,ST040126,"<p>%(v/v)</p>
",2026-03-16 08:00:00,碳五(合计),延化180万吨/年汽油精制装置
0.00,ST040126,"<p>%(v/v)</p>
",2026-03-16 08:00:00,乙烯,延化180万吨/年汽油精制装置
5.01,ST040126,"<p>%(v/v)</p>
",2026-03-16 08:00:00,碳四(合计),延化180万吨/年汽油精制装置
1.83,ST040126,"<p>%(v/v)</p>
",2026-03-16 08:00:00,正戊烷,延化180万吨/年汽油精制装置
2.08,ST040126,"<p>%(v/v)</p>
",2026-03-16 08:00:00,乙烷,延化180万吨/年汽油精制装置
0.00,ST040126,"<p>%(v/v)</p>
",2026-03-16 08:00:00,碳五+其他,延化180万吨/年汽油精制装置
0.20,ST040126,"<p>%(v/v)</p>
",2026-03-16 08:00:00,氧气,延化180万吨/年汽油精制装置
0.61,ST040126,"<p>%(v/v)</p>
",2026-03-16 08:00:00,氮气,延化180万吨/年汽油精制装置
0.00,ST040126,"<p>%(v/v)</p>
",2026-03-16 08:00:00,一氧化碳,延化180万吨/年汽油精制装置
0.00,ST040126,"<p>%(v/v)</p>
",2026-03-16 08:00:00,二氧化碳,延化180万吨/年汽油精制装置
85.53,ST040126,"<p>%(v/v)</p>
",2026-03-16 08:00:00,氢气,延化180万吨/年汽油精制装置
3.84,ST040126,"<p>%(v/v)</p>
",2026-03-16 08:00:00,甲烷,延化180万吨/年汽油精制装置
0.46,ST040126,"<p>%(v/v)</p>
",2026-03-16 08:00:00,丙烷,延化180万吨/年汽油精制装置
0.00,ST040126,"<p>%(v/v)</p>
",2026-03-16 08:00:00,丙烯,延化180万吨/年汽油精制装置
0.00,ST040126,"<p>%(v/v)</p>
",2026-03-19 08:00:00,二氧化碳,延化180万吨/年汽油精制装置
2.15,ST040126,"<p>%(v/v)</p>
",2026-03-19 08:00:00,碳五(合计),延化180万吨/年汽油精制装置
1.51,ST040126,"<p>%(v/v)</p>
",2026-03-19 08:00:00,氮气,延化180万吨/年汽油精制装置
0.00,ST040126,"<p>%(v/v)</p>
",2026-03-19 08:00:00,一氧化碳,延化180万吨/年汽油精制装置
79.43,ST040126,"<p>%(v/v)</p>
",2026-03-19 08:00:00,氢气,延化180万吨/年汽油精制装置
5.60,ST040126,"<p>%(v/v)</p>
",2026-03-19 08:00:00,甲烷,延化180万吨/年汽油精制装置
0.34,ST040126,"<p>%(v/v)</p>
",2026-03-19 08:00:00,丙烷,延化180万吨/年汽油精制装置
0.00,ST040126,"<p>%(v/v)</p>
",2026-03-19 08:00:00,丙烯,延化180万吨/年汽油精制装置
0.21,ST040126,"<p>%(v/v)</p>
",2026-03-19 08:00:00,乙烯,延化180万吨/年汽油精制装置
5.39,ST040126,"<p>%(v/v)</p>
",2026-03-19 08:00:00,碳四(合计),延化180万吨/年汽油精制装置
0.43,ST040126,"<p>%(v/v)</p>
",2026-03-19 08:00:00,异戊烷,延化180万吨/年汽油精制装置
1.72,ST040126,"<p>%(v/v)</p>
",2026-03-19 08:00:00,正戊烷,延化180万吨/年汽油精制装置
5.08,ST040126,"<p>%(v/v)</p>
",2026-03-19 08:00:00,乙烷,延化180万吨/年汽油精制装置
0.00,ST040126,"<p>%(v/v)</p>
",2026-03-19 08:00:00,碳五+其他,延化180万吨/年汽油精制装置
0.29,ST040126,"<p>%(v/v)</p>
",2026-03-19 08:00:00,氧气,延化180万吨/年汽油精制装置
0.00,ST040126,"<p>%(v/v)</p>
",2026-03-23 08:00:00,碳五+其他,延化180万吨/年汽油精制装置
5.72,ST040126,"<p>%(v/v)</p>
",2026-03-23 08:00:00,碳四(合计),延化180万吨/年汽油精制装置
1.93,ST040126,"<p>%(v/v)</p>
",2026-03-23 08:00:00,正戊烷,延化180万吨/年汽油精制装置
1.31,ST040126,"<p>%(v/v)</p>
",2026-03-23 08:00:00,乙烷,延化180万吨/年汽油精制装置
2.38,ST040126,"<p>%(v/v)</p>
",2026-03-23 08:00:00,碳五(合计),延化180万吨/年汽油精制装置
0.00,ST040126,"<p>%(v/v)</p>
",2026-03-23 08:00:00,二氧化碳,延化180万吨/年汽油精制装置
0.20,ST040126,"<p>%(v/v)</p>
",2026-03-23 08:00:00,氧气,延化180万吨/年汽油精制装置
0.21,ST040126,"<p>%(v/v)</p>
",2026-03-23 08:00:00,氮气,延化180万吨/年汽油精制装置
0.00,ST040126,"<p>%(v/v)</p>
",2026-03-23 08:00:00,一氧化碳,延化180万吨/年汽油精制装置
86.36,ST040126,"<p>%(v/v)</p>
",2026-03-23 08:00:00,氢气,延化180万吨/年汽油精制装置
3.48,ST040126,"<p>%(v/v)</p>
",2026-03-23 08:00:00,甲烷,延化180万吨/年汽油精制装置
0.34,ST040126,"<p>%(v/v)</p>
",2026-03-23 08:00:00,丙烷,延化180万吨/年汽油精制装置
0.00,ST040126,"<p>%(v/v)</p>
",2026-03-23 08:00:00,丙烯,延化180万吨/年汽油精制装置
0.00,ST040126,"<p>%(v/v)</p>
",2026-03-23 08:00:00,乙烯,延化180万吨/年汽油精制装置
0.45,ST040126,"<p>%(v/v)</p>
",2026-03-23 08:00:00,异戊烷,延化180万吨/年汽油精制装置
0.17,ST040126,"<p>%(v/v)</p>
",2026-03-26 08:00:00,氧气,延化180万吨/年汽油精制装置
2.77,ST040126,"<p>%(v/v)</p>
",2026-03-26 08:00:00,碳五(合计),延化180万吨/年汽油精制装置
0.00,ST040126,"<p>%(v/v)</p>
",2026-03-26 08:00:00,一氧化碳,延化180万吨/年汽油精制装置
0.00,ST040126,"<p>%(v/v)</p>
",2026-03-26 08:00:00,二氧化碳,延化180万吨/年汽油精制装置
87.43,ST040126,"<p>%(v/v)</p>
",2026-03-26 08:00:00,氢气,延化180万吨/年汽油精制装置
0.03,ST040126,"<p>%(v/v)</p>
",2026-03-26 08:00:00,乙烯,延化180万吨/年汽油精制装置
3.23,ST040126,"<p>%(v/v)</p>
",2026-03-26 08:00:00,甲烷,延化180万吨/年汽油精制装置
0.31,ST040126,"<p>%(v/v)</p>
",2026-03-26 08:00:00,丙烷,延化180万吨/年汽油精制装置
0.00,ST040126,"<p>%(v/v)</p>
",2026-03-26 08:00:00,丙烯,延化180万吨/年汽油精制装置
4.65,ST040126,"<p>%(v/v)</p>
",2026-03-26 08:00:00,碳四(合计),延化180万吨/年汽油精制装置
0.41,ST040126,"<p>%(v/v)</p>
",2026-03-26 08:00:00,异戊烷,延化180万吨/年汽油精制装置
2.36,ST040126,"<p>%(v/v)</p>
",2026-03-26 08:00:00,正戊烷,延化180万吨/年汽油精制装置
0.91,ST040126,"<p>%(v/v)</p>
",2026-03-26 08:00:00,乙烷,延化180万吨/年汽油精制装置
0.00,ST040126,"<p>%(v/v)</p>
",2026-03-26 08:00:00,碳五+其他,延化180万吨/年汽油精制装置
0.50,ST040126,"<p>%(v/v)</p>
",2026-03-26 08:00:00,氮气,延化180万吨/年汽油精制装置
0.46,ST040126,"<p>%(v/v)</p>
",2026-03-30 08:00:00,异戊烷,延化180万吨/年汽油精制装置
5.18,ST040126,"<p>%(v/v)</p>
",2026-03-30 08:00:00,碳四(合计),延化180万吨/年汽油精制装置
0.00,ST040126,"<p>%(v/v)</p>
",2026-03-30 08:00:00,氮气,延化180万吨/年汽油精制装置
0.00,ST040126,"<p>%(v/v)</p>
",2026-03-30 08:00:00,一氧化碳,延化180万吨/年汽油精制装置
2.07,ST040126,"<p>%(v/v)</p>
",2026-03-30 08:00:00,正戊烷,延化180万吨/年汽油精制装置
0.97,ST040126,"<p>%(v/v)</p>
",2026-03-30 08:00:00,乙烷,延化180万吨/年汽油精制装置
86.98,ST040126,"<p>%(v/v)</p>
",2026-03-30 08:00:00,氢气,延化180万吨/年汽油精制装置
0.00,ST040126,"<p>%(v/v)</p>
",2026-03-30 08:00:00,碳五+其他,延化180万吨/年汽油精制装置
2.53,ST040126,"<p>%(v/v)</p>
",2026-03-30 08:00:00,碳五(合计),延化180万吨/年汽油精制装置
0.00,ST040126,"<p>%(v/v)</p>
",2026-03-30 08:00:00,二氧化碳,延化180万吨/年汽油精制装置
3.77,ST040126,"<p>%(v/v)</p>
",2026-03-30 08:00:00,甲烷,延化180万吨/年汽油精制装置
0.34,ST040126,"<p>%(v/v)</p>
",2026-03-30 08:00:00,丙烷,延化180万吨/年汽油精制装置
0.00,ST040126,"<p>%(v/v)</p>
",2026-03-30 08:00:00,丙烯,延化180万吨/年汽油精制装置
0.04,ST040126,"<p>%(v/v)</p>
",2026-03-30 08:00:00,乙烯,延化180万吨/年汽油精制装置
0.19,ST040126,"<p>%(v/v)</p>
",2026-03-30 08:00:00,氧气,延化180万吨/年汽油精制装置
5.42,ST040126,"<p>%(v/v)</p>
",2026-04-02 08:00:00,碳四(合计),延化180万吨/年汽油精制装置
0.10,ST040126,"<p>%(v/v)</p>
",2026-04-02 08:00:00,乙烯,延化180万吨/年汽油精制装置
2.34,ST040126,"<p>%(v/v)</p>
",2026-04-02 08:00:00,正戊烷,延化180万吨/年汽油精制装置
1.77,ST040126,"<p>%(v/v)</p>
",2026-04-02 08:00:00,乙烷,延化180万吨/年汽油精制装置
0.00,ST040126,"<p>%(v/v)</p>
",2026-04-02 08:00:00,碳五+其他,延化180万吨/年汽油精制装置
2.81,ST040126,"<p>%(v/v)</p>
",2026-04-02 08:00:00,碳五(合计),延化180万吨/年汽油精制装置
0.14,ST040126,"<p>%(v/v)</p>
",2026-04-02 08:00:00,氧气,延化180万吨/年汽油精制装置
0.79,ST040126,"<p>%(v/v)</p>
",2026-04-02 08:00:00,氮气,延化180万吨/年汽油精制装置
0.00,ST040126,"<p>%(v/v)</p>
",2026-04-02 08:00:00,一氧化碳,延化180万吨/年汽油精制装置
0.00,ST040126,"<p>%(v/v)</p>
",2026-04-02 08:00:00,二氧化碳,延化180万吨/年汽油精制装置
84.71,ST040126,"<p>%(v/v)</p>
",2026-04-02 08:00:00,氢气,延化180万吨/年汽油精制装置
3.73,ST040126,"<p>%(v/v)</p>
",2026-04-02 08:00:00,甲烷,延化180万吨/年汽油精制装置
0.33,ST040126,"<p>%(v/v)</p>
",2026-04-02 08:00:00,丙烷,延化180万吨/年汽油精制装置
0.20,ST040126,"<p>%(v/v)</p>
",2026-04-02 08:00:00,丙烯,延化180万吨/年汽油精制装置
0.47,ST040126,"<p>%(v/v)</p>
",2026-04-02 08:00:00,异戊烷,延化180万吨/年汽油精制装置
0.15,ST040126,"<p>%(v/v)</p>
",2026-04-06 08:00:00,氧气,延化180万吨/年汽油精制装置
1.06,ST040126,"<p>%(v/v)</p>
",2026-04-06 08:00:00,氮气,延化180万吨/年汽油精制装置
0.00,ST040126,"<p>%(v/v)</p>
",2026-04-06 08:00:00,一氧化碳,延化180万吨/年汽油精制装置
0.00,ST040126,"<p>%(v/v)</p>
",2026-04-06 08:00:00,二氧化碳,延化180万吨/年汽油精制装置
88.88,ST040126,"<p>%(v/v)</p>
",2026-04-06 08:00:00,氢气,延化180万吨/年汽油精制装置
3.20,ST040126,"<p>%(v/v)</p>
",2026-04-06 08:00:00,甲烷,延化180万吨/年汽油精制装置
0.28,ST040126,"<p>%(v/v)</p>
",2026-04-06 08:00:00,丙烷,延化180万吨/年汽油精制装置
0.00,ST040126,"<p>%(v/v)</p>
",2026-04-06 08:00:00,丙烯,延化180万吨/年汽油精制装置
0.03,ST040126,"<p>%(v/v)</p>
",2026-04-06 08:00:00,乙烯,延化180万吨/年汽油精制装置
4.30,ST040126,"<p>%(v/v)</p>
",2026-04-06 08:00:00,碳四(合计),延化180万吨/年汽油精制装置
0.03,ST040126,"<p>%(v/v)</p>
",2026-04-06 08:00:00,异戊烷,延化180万吨/年汽油精制装置
1.23,ST040126,"<p>%(v/v)</p>
",2026-04-06 08:00:00,正戊烷,延化180万吨/年汽油精制装置
0.84,ST040126,"<p>%(v/v)</p>
",2026-04-06 08:00:00,乙烷,延化180万吨/年汽油精制装置
0.00,ST040126,"<p>%(v/v)</p>
",2026-04-06 08:00:00,碳五+其他,延化180万吨/年汽油精制装置
1.26,ST040126,"<p>%(v/v)</p>
",2026-04-06 08:00:00,碳五(合计),延化180万吨/年汽油精制装置
1.11,ST040126,"<p>%(v/v)</p>
",2026-04-09 08:00:00,碳五(合计),延化180万吨/年汽油精制装置
0.00,ST040126,"<p>%(v/v)</p>
",2026-04-09 08:00:00,碳五+其他,延化180万吨/年汽油精制装置
0.71,ST040126,"<p>%(v/v)</p>
",2026-04-09 08:00:00,氮气,延化180万吨/年汽油精制装置
0.00,ST040126,"<p>%(v/v)</p>
",2026-04-09 08:00:00,一氧化碳,延化180万吨/年汽油精制装置
0.00,ST040126,"<p>%(v/v)</p>
",2026-04-09 08:00:00,二氧化碳,延化180万吨/年汽油精制装置
88.47,ST040126,"<p>%(v/v)</p>
",2026-04-09 08:00:00,氢气,延化180万吨/年汽油精制装置
4.30,ST040126,"<p>%(v/v)</p>
",2026-04-09 08:00:00,甲烷,延化180万吨/年汽油精制装置
0.27,ST040126,"<p>%(v/v)</p>
",2026-04-09 08:00:00,丙烷,延化180万吨/年汽油精制装置
0.00,ST040126,"<p>%(v/v)</p>
",2026-04-09 08:00:00,丙烯,延化180万吨/年汽油精制装置
0.02,ST040126,"<p>%(v/v)</p>
",2026-04-09 08:00:00,乙烯,延化180万吨/年汽油精制装置
3.70,ST040126,"<p>%(v/v)</p>
",2026-04-09 08:00:00,碳四(合计),延化180万吨/年汽油精制装置
0.03,ST040126,"<p>%(v/v)</p>
",2026-04-09 08:00:00,异戊烷,延化180万吨/年汽油精制装置
1.08,ST040126,"<p>%(v/v)</p>
",2026-04-09 08:00:00,正戊烷,延化180万吨/年汽油精制装置
0.98,ST040126,"<p>%(v/v)</p>
",2026-04-09 08:00:00,乙烷,延化180万吨/年汽油精制装置
0.44,ST040126,"<p>%(v/v)</p>
",2026-04-09 08:00:00,氧气,延化180万吨/年汽油精制装置
0.00,ST040126,"<p>%(v/v)</p>
",2026-04-13 08:00:00,二氧化碳,延化180万吨/年汽油精制装置
1.45,ST040126,"<p>%(v/v)</p>
",2026-04-13 08:00:00,碳五(合计),延化180万吨/年汽油精制装置
1.46,ST040126,"<p>%(v/v)</p>
",2026-04-13 08:00:00,氮气,延化180万吨/年汽油精制装置
0.00,ST040126,"<p>%(v/v)</p>
",2026-04-13 08:00:00,一氧化碳,延化180万吨/年汽油精制装置
89.33,ST040126,"<p>%(v/v)</p>
",2026-04-13 08:00:00,氢气,延化180万吨/年汽油精制装置
3.93,ST040126,"<p>%(v/v)</p>
",2026-04-13 08:00:00,甲烷,延化180万吨/年汽油精制装置
0.10,ST040126,"<p>%(v/v)</p>
",2026-04-13 08:00:00,丙烷,延化180万吨/年汽油精制装置
0.08,ST040126,"<p>%(v/v)</p>
",2026-04-13 08:00:00,丙烯,延化180万吨/年汽油精制装置
0.00,ST040126,"<p>%(v/v)</p>
",2026-04-13 08:00:00,乙烯,延化180万吨/年汽油精制装置
2.85,ST040126,"<p>%(v/v)</p>
",2026-04-13 08:00:00,碳四(合计),延化180万吨/年汽油精制装置
0.01,ST040126,"<p>%(v/v)</p>
",2026-04-13 08:00:00,异戊烷,延化180万吨/年汽油精制装置
1.44,ST040126,"<p>%(v/v)</p>
",2026-04-13 08:00:00,正戊烷,延化180万吨/年汽油精制装置
0.52,ST040126,"<p>%(v/v)</p>
",2026-04-13 08:00:00,乙烷,延化180万吨/年汽油精制装置
0.00,ST040126,"<p>%(v/v)</p>
",2026-04-13 08:00:00,碳五+其他,延化180万吨/年汽油精制装置
0.28,ST040126,"<p>%(v/v)</p>
",2026-04-13 08:00:00,氧气,延化180万吨/年汽油精制装置
0.37,ST040126,"<p>%(v/v)</p>
",2026-04-16 08:00:00,氧气,延化180万吨/年汽油精制装置
1.42,ST040126,"<p>%(v/v)</p>
",2026-04-16 08:00:00,碳五(合计),延化180万吨/年汽油精制装置
0.00,ST040126,"<p>%(v/v)</p>
",2026-04-16 08:00:00,一氧化碳,延化180万吨/年汽油精制装置
0.00,ST040126,"<p>%(v/v)</p>
",2026-04-16 08:00:00,二氧化碳,延化180万吨/年汽油精制装置
89.96,ST040126,"<p>%(v/v)</p>
",2026-04-16 08:00:00,氢气,延化180万吨/年汽油精制装置
4.11,ST040126,"<p>%(v/v)</p>
",2026-04-16 08:00:00,甲烷,延化180万吨/年汽油精制装置
0.28,ST040126,"<p>%(v/v)</p>
",2026-04-16 08:00:00,丙烷,延化180万吨/年汽油精制装置
0.12,ST040126,"<p>%(v/v)</p>
",2026-04-16 08:00:00,丙烯,延化180万吨/年汽油精制装置
0.00,ST040126,"<p>%(v/v)</p>
",2026-04-16 08:00:00,乙烯,延化180万吨/年汽油精制装置
3.03,ST040126,"<p>%(v/v)</p>
",2026-04-16 08:00:00,碳四(合计),延化180万吨/年汽油精制装置
0.16,ST040126,"<p>%(v/v)</p>
",2026-04-16 08:00:00,异戊烷,延化180万吨/年汽油精制装置
1.26,ST040126,"<p>%(v/v)</p>
",2026-04-16 08:00:00,正戊烷,延化180万吨/年汽油精制装置
0.66,ST040126,"<p>%(v/v)</p>
",2026-04-16 08:00:00,乙烷,延化180万吨/年汽油精制装置
0.00,ST040126,"<p>%(v/v)</p>
",2026-04-16 08:00:00,碳五+其他,延化180万吨/年汽油精制装置
0.05,ST040126,"<p>%(v/v)</p>
",2026-04-16 08:00:00,氮气,延化180万吨/年汽油精制装置
0.17,ST040126,"<p>%(v/v)</p>
",2026-04-20 08:00:00,氧气,延化180万吨/年汽油精制装置
0.84,ST040126,"<p>%(v/v)</p>
",2026-04-20 08:00:00,碳五(合计),延化180万吨/年汽油精制装置
0.00,ST040126,"<p>%(v/v)</p>
",2026-04-20 08:00:00,一氧化碳,延化180万吨/年汽油精制装置
0.00,ST040126,"<p>%(v/v)</p>
",2026-04-20 08:00:00,二氧化碳,延化180万吨/年汽油精制装置
90.19,ST040126,"<p>%(v/v)</p>
",2026-04-20 08:00:00,氢气,延化180万吨/年汽油精制装置
4.93,ST040126,"<p>%(v/v)</p>
",2026-04-20 08:00:00,甲烷,延化180万吨/年汽油精制装置
0.14,ST040126,"<p>%(v/v)</p>
",2026-04-20 08:00:00,丙烷,延化180万吨/年汽油精制装置
0.10,ST040126,"<p>%(v/v)</p>
",2026-04-20 08:00:00,丙烯,延化180万吨/年汽油精制装置
0.02,ST040126,"<p>%(v/v)</p>
",2026-04-20 08:00:00,乙烯,延化180万吨/年汽油精制装置
1.45,ST040126,"<p>%(v/v)</p>
",2026-04-20 08:00:00,碳四(合计),延化180万吨/年汽油精制装置
0.74,ST040126,"<p>%(v/v)</p>
",2026-04-20 08:00:00,异戊烷,延化180万吨/年汽油精制装置
0.10,ST040126,"<p>%(v/v)</p>
",2026-04-20 08:00:00,正戊烷,延化180万吨/年汽油精制装置
0.67,ST040126,"<p>%(v/v)</p>
",2026-04-20 08:00:00,乙烷,延化180万吨/年汽油精制装置
0.00,ST040126,"<p>%(v/v)</p>
",2026-04-20 08:00:00,碳五+其他,延化180万吨/年汽油精制装置
1.49,ST040126,"<p>%(v/v)</p>
",2026-04-20 08:00:00,氮气,延化180万吨/年汽油精制装置
0.18,ST040126,"<p>%(v/v)</p>
",2026-04-23 08:00:00,氧气,延化180万吨/年汽油精制装置
0.84,ST040126,"<p>%(v/v)</p>
",2026-04-23 08:00:00,碳五(合计),延化180万吨/年汽油精制装置
0.00,ST040126,"<p>%(v/v)</p>
",2026-04-23 08:00:00,一氧化碳,延化180万吨/年汽油精制装置
0.00,ST040126,"<p>%(v/v)</p>
",2026-04-23 08:00:00,二氧化碳,延化180万吨/年汽油精制装置
92.56,ST040126,"<p>%(v/v)</p>
",2026-04-23 08:00:00,氢气,延化180万吨/年汽油精制装置
4.07,ST040126,"<p>%(v/v)</p>
",2026-04-23 08:00:00,甲烷,延化180万吨/年汽油精制装置
0.11,ST040126,"<p>%(v/v)</p>
",2026-04-23 08:00:00,丙烷,延化180万吨/年汽油精制装置
0.07,ST040126,"<p>%(v/v)</p>
",2026-04-23 08:00:00,丙烯,延化180万吨/年汽油精制装置
0.02,ST040126,"<p>%(v/v)</p>
",2026-04-23 08:00:00,乙烯,延化180万吨/年汽油精制装置
0.00,ST040126,"<p>%(v/v)</p>
",2026-04-23 08:00:00,碳五+其他,延化180万吨/年汽油精制装置
1.55,ST040126,"<p>%(v/v)</p>
",2026-04-23 08:00:00,碳四(合计),延化180万吨/年汽油精制装置
0.74,ST040126,"<p>%(v/v)</p>
",2026-04-23 08:00:00,异戊烷,延化180万吨/年汽油精制装置
0.10,ST040126,"<p>%(v/v)</p>
",2026-04-23 08:00:00,正戊烷,延化180万吨/年汽油精制装置
0.60,ST040126,"<p>%(v/v)</p>
",2026-04-23 08:00:00,乙烷,延化180万吨/年汽油精制装置
0.00,ST040126,"<p>%(v/v)</p>
",2026-04-23 08:00:00,氮气,延化180万吨/年汽油精制装置
90.57,ST040126,"<p>%(v/v)</p>
",2026-04-27 08:00:00,氢气,延化180万吨/年汽油精制装置
0.00,ST040126,"<p>%(v/v)</p>
",2026-04-27 08:00:00,一氧化碳,延化180万吨/年汽油精制装置
0.17,ST040126,"<p>%(v/v)</p>
",2026-04-27 08:00:00,丙烷,延化180万吨/年汽油精制装置
0.00,ST040126,"<p>%(v/v)</p>
",2026-04-27 08:00:00,丙烯,延化180万吨/年汽油精制装置
0.05,ST040126,"<p>%(v/v)</p>
",2026-04-27 08:00:00,乙烯,延化180万吨/年汽油精制装置
2.10,ST040126,"<p>%(v/v)</p>
",2026-04-27 08:00:00,碳四(合计),延化180万吨/年汽油精制装置
0.83,ST040126,"<p>%(v/v)</p>
",2026-04-27 08:00:00,异戊烷,延化180万吨/年汽油精制装置
0.10,ST040126,"<p>%(v/v)</p>
",2026-04-27 08:00:00,正戊烷,延化180万吨/年汽油精制装置
2.18,ST040126,"<p>%(v/v)</p>
",2026-04-27 08:00:00,乙烷,延化180万吨/年汽油精制装置
0.00,ST040126,"<p>%(v/v)</p>
",2026-04-27 08:00:00,碳五+其他,延化180万吨/年汽油精制装置
0.93,ST040126,"<p>%(v/v)</p>
",2026-04-27 08:00:00,碳五(合计),延化180万吨/年汽油精制装置
0.00,ST040126,"<p>%(v/v)</p>
",2026-04-27 08:00:00,二氧化碳,延化180万吨/年汽油精制装置
0.28,ST040126,"<p>%(v/v)</p>
",2026-04-27 08:00:00,氧气,延化180万吨/年汽油精制装置
0.75,ST040126,"<p>%(v/v)</p>
",2026-04-27 08:00:00,氮气,延化180万吨/年汽油精制装置
2.97,ST040126,"<p>%(v/v)</p>
",2026-04-27 08:00:00,甲烷,延化180万吨/年汽油精制装置
0.18,ST040126,"<p>%(v/v)</p>
",2026-04-30 08:00:00,二氧化碳,延化180万吨/年汽油精制装置
1.17,ST040126,"<p>%(v/v)</p>
",2026-04-30 08:00:00,碳五(合计),延化180万吨/年汽油精制装置
0.78,ST040126,"<p>%(v/v)</p>
",2026-04-30 08:00:00,氮气,延化180万吨/年汽油精制装置
0.70,ST040126,"<p>%(v/v)</p>
",2026-04-30 08:00:00,一氧化碳,延化180万吨/年汽油精制装置
89.74,ST040126,"<p>%(v/v)</p>
",2026-04-30 08:00:00,氢气,延化180万吨/年汽油精制装置
4.19,ST040126,"<p>%(v/v)</p>
",2026-04-30 08:00:00,甲烷,延化180万吨/年汽油精制装置
0.22,ST040126,"<p>%(v/v)</p>
",2026-04-30 08:00:00,丙烷,延化180万吨/年汽油精制装置
0.00,ST040126,"<p>%(v/v)</p>
",2026-04-30 08:00:00,丙烯,延化180万吨/年汽油精制装置
0.00,ST040126,"<p>%(v/v)</p>
",2026-04-30 08:00:00,乙烯,延化180万吨/年汽油精制装置
1.88,ST040126,"<p>%(v/v)</p>
",2026-04-30 08:00:00,碳四(合计),延化180万吨/年汽油精制装置
1.04,ST040126,"<p>%(v/v)</p>
",2026-04-30 08:00:00,异戊烷,延化180万吨/年汽油精制装置
0.13,ST040126,"<p>%(v/v)</p>
",2026-04-30 08:00:00,正戊烷,延化180万吨/年汽油精制装置
0.75,ST040126,"<p>%(v/v)</p>
",2026-04-30 08:00:00,乙烷,延化180万吨/年汽油精制装置
0.00,ST040126,"<p>%(v/v)</p>
",2026-04-30 08:00:00,碳五+其他,延化180万吨/年汽油精制装置
0.39,ST040126,"<p>%(v/v)</p>
",2026-04-30 08:00:00,氧气,延化180万吨/年汽油精制装置
