result,sampleDotCode,unitName,sampleTime,resultName,deviceName
0.00,ST040098,<p>%(v/v)</p>,2025-05-01 08:00:00,碳五,延化60万吨/年气体分馏装置
0.00,ST040098,<p>%(v/v)</p>,2025-05-01 08:00:00,异丁烯,延化60万吨/年气体分馏装置
0.00,ST040098,<p>%(v/v)</p>,2025-05-01 08:00:00,顺丁烯,延化60万吨/年气体分馏装置
0.00,ST040098,<p>%(v/v)</p>,2025-05-01 08:00:00,反丁烯,延化60万吨/年气体分馏装置
0.00,ST040098,<p>%(v/v)</p>,2025-05-01 08:00:00,正丁烯,延化60万吨/年气体分馏装置
0.00,ST040098,<p>%(v/v)</p>,2025-05-01 08:00:00,异丁烷,延化60万吨/年气体分馏装置
2.28,ST040098,<p>%(v/v)</p>,2025-05-01 08:00:00,丙烯,延化60万吨/年气体分馏装置
97.72,ST040098,<p>%(v/v)</p>,2025-05-01 08:00:00,丙烷,延化60万吨/年气体分馏装置
0.000,ST040098,"<p>%(v/v)</p>
",2025-05-01 08:00:00,乙烷+乙烯,延化60万吨/年气体分馏装置
0.00,ST040098,<p>%(v/v)</p>,2025-05-01 08:00:00,正丁烷,延化60万吨/年气体分馏装置
0.00,ST040098,<p>%(v/v)</p>,2025-05-02 08:00:00,碳五,延化60万吨/年气体分馏装置
0.00,ST040098,<p>%(v/v)</p>,2025-05-02 08:00:00,异丁烯,延化60万吨/年气体分馏装置
0.00,ST040098,<p>%(v/v)</p>,2025-05-02 08:00:00,顺丁烯,延化60万吨/年气体分馏装置
0.00,ST040098,<p>%(v/v)</p>,2025-05-02 08:00:00,反丁烯,延化60万吨/年气体分馏装置
0.00,ST040098,<p>%(v/v)</p>,2025-05-02 08:00:00,正丁烯,延化60万吨/年气体分馏装置
0.04,ST040098,<p>%(v/v)</p>,2025-05-02 08:00:00,异丁烷,延化60万吨/年气体分馏装置
1.73,ST040098,<p>%(v/v)</p>,2025-05-02 08:00:00,丙烯,延化60万吨/年气体分馏装置
98.23,ST040098,<p>%(v/v)</p>,2025-05-02 08:00:00,丙烷,延化60万吨/年气体分馏装置
0.000,ST040098,"<p>%(v/v)</p>
",2025-05-02 08:00:00,乙烷+乙烯,延化60万吨/年气体分馏装置
0.00,ST040098,<p>%(v/v)</p>,2025-05-02 08:00:00,正丁烷,延化60万吨/年气体分馏装置
0.00,ST040098,<p>%(v/v)</p>,2025-05-03 08:00:00,碳五,延化60万吨/年气体分馏装置
0.00,ST040098,<p>%(v/v)</p>,2025-05-03 08:00:00,异丁烯,延化60万吨/年气体分馏装置
0.00,ST040098,<p>%(v/v)</p>,2025-05-03 08:00:00,顺丁烯,延化60万吨/年气体分馏装置
0.00,ST040098,<p>%(v/v)</p>,2025-05-03 08:00:00,反丁烯,延化60万吨/年气体分馏装置
0.00,ST040098,<p>%(v/v)</p>,2025-05-03 08:00:00,正丁烯,延化60万吨/年气体分馏装置
0.00,ST040098,<p>%(v/v)</p>,2025-05-03 08:00:00,异丁烷,延化60万吨/年气体分馏装置
2.62,ST040098,<p>%(v/v)</p>,2025-05-03 08:00:00,丙烯,延化60万吨/年气体分馏装置
97.38,ST040098,<p>%(v/v)</p>,2025-05-03 08:00:00,丙烷,延化60万吨/年气体分馏装置
0.000,ST040098,"<p>%(v/v)</p>
",2025-05-03 08:00:00,乙烷+乙烯,延化60万吨/年气体分馏装置
0.00,ST040098,<p>%(v/v)</p>,2025-05-03 08:00:00,正丁烷,延化60万吨/年气体分馏装置
0.00,ST040098,<p>%(v/v)</p>,2025-05-04 08:00:00,碳五,延化60万吨/年气体分馏装置
0.00,ST040098,<p>%(v/v)</p>,2025-05-04 08:00:00,异丁烯,延化60万吨/年气体分馏装置
0.00,ST040098,<p>%(v/v)</p>,2025-05-04 08:00:00,顺丁烯,延化60万吨/年气体分馏装置
0.00,ST040098,<p>%(v/v)</p>,2025-05-04 08:00:00,反丁烯,延化60万吨/年气体分馏装置
0.00,ST040098,<p>%(v/v)</p>,2025-05-04 08:00:00,正丁烯,延化60万吨/年气体分馏装置
0.00,ST040098,<p>%(v/v)</p>,2025-05-04 08:00:00,异丁烷,延化60万吨/年气体分馏装置
0.84,ST040098,<p>%(v/v)</p>,2025-05-04 08:00:00,丙烯,延化60万吨/年气体分馏装置
99.16,ST040098,<p>%(v/v)</p>,2025-05-04 08:00:00,丙烷,延化60万吨/年气体分馏装置
0.000,ST040098,"<p>%(v/v)</p>
",2025-05-04 08:00:00,乙烷+乙烯,延化60万吨/年气体分馏装置
0.00,ST040098,<p>%(v/v)</p>,2025-05-04 08:00:00,正丁烷,延化60万吨/年气体分馏装置
0.00,ST040098,<p>%(v/v)</p>,2025-05-05 08:00:00,碳五,延化60万吨/年气体分馏装置
0.00,ST040098,<p>%(v/v)</p>,2025-05-05 08:00:00,异丁烯,延化60万吨/年气体分馏装置
0.00,ST040098,<p>%(v/v)</p>,2025-05-05 08:00:00,顺丁烯,延化60万吨/年气体分馏装置
0.00,ST040098,<p>%(v/v)</p>,2025-05-05 08:00:00,反丁烯,延化60万吨/年气体分馏装置
0.00,ST040098,<p>%(v/v)</p>,2025-05-05 08:00:00,正丁烯,延化60万吨/年气体分馏装置
0.00,ST040098,<p>%(v/v)</p>,2025-05-05 08:00:00,异丁烷,延化60万吨/年气体分馏装置
1.24,ST040098,<p>%(v/v)</p>,2025-05-05 08:00:00,丙烯,延化60万吨/年气体分馏装置
98.76,ST040098,<p>%(v/v)</p>,2025-05-05 08:00:00,丙烷,延化60万吨/年气体分馏装置
0.000,ST040098,"<p>%(v/v)</p>
",2025-05-05 08:00:00,乙烷+乙烯,延化60万吨/年气体分馏装置
0.00,ST040098,<p>%(v/v)</p>,2025-05-05 08:00:00,正丁烷,延化60万吨/年气体分馏装置
0.00,ST040098,<p>%(v/v)</p>,2025-05-06 08:00:00,碳五,延化60万吨/年气体分馏装置
0.01,ST040098,<p>%(v/v)</p>,2025-05-06 08:00:00,异丁烯,延化60万吨/年气体分馏装置
0.00,ST040098,<p>%(v/v)</p>,2025-05-06 08:00:00,顺丁烯,延化60万吨/年气体分馏装置
0.01,ST040098,<p>%(v/v)</p>,2025-05-06 08:00:00,反丁烯,延化60万吨/年气体分馏装置
0.01,ST040098,<p>%(v/v)</p>,2025-05-06 08:00:00,正丁烯,延化60万吨/年气体分馏装置
0.02,ST040098,<p>%(v/v)</p>,2025-05-06 08:00:00,异丁烷,延化60万吨/年气体分馏装置
1.42,ST040098,<p>%(v/v)</p>,2025-05-06 08:00:00,丙烯,延化60万吨/年气体分馏装置
98.52,ST040098,<p>%(v/v)</p>,2025-05-06 08:00:00,丙烷,延化60万吨/年气体分馏装置
0.000,ST040098,"<p>%(v/v)</p>
",2025-05-06 08:00:00,乙烷+乙烯,延化60万吨/年气体分馏装置
0.01,ST040098,<p>%(v/v)</p>,2025-05-06 08:00:00,正丁烷,延化60万吨/年气体分馏装置
0.00,ST040098,<p>%(v/v)</p>,2025-05-07 08:00:00,顺丁烯,延化60万吨/年气体分馏装置
0.00,ST040098,<p>%(v/v)</p>,2025-05-07 08:00:00,反丁烯,延化60万吨/年气体分馏装置
0.00,ST040098,<p>%(v/v)</p>,2025-05-07 08:00:00,正丁烷,延化60万吨/年气体分馏装置
0.00,ST040098,<p>%(v/v)</p>,2025-05-07 08:00:00,异丁烷,延化60万吨/年气体分馏装置
0.00,ST040098,<p>%(v/v)</p>,2025-05-07 08:00:00,异丁烯,延化60万吨/年气体分馏装置
98.72,ST040098,<p>%(v/v)</p>,2025-05-07 08:00:00,丙烷,延化60万吨/年气体分馏装置
0.000,ST040098,"<p>%(v/v)</p>
",2025-05-07 08:00:00,乙烷+乙烯,延化60万吨/年气体分馏装置
0.00,ST040098,<p>%(v/v)</p>,2025-05-07 08:00:00,正丁烯,延化60万吨/年气体分馏装置
0.00,ST040098,<p>%(v/v)</p>,2025-05-07 08:00:00,碳五,延化60万吨/年气体分馏装置
1.28,ST040098,<p>%(v/v)</p>,2025-05-07 08:00:00,丙烯,延化60万吨/年气体分馏装置
0.00,ST040098,<p>%(v/v)</p>,2025-05-08 08:00:00,碳五,延化60万吨/年气体分馏装置
0.01,ST040098,<p>%(v/v)</p>,2025-05-08 08:00:00,异丁烯,延化60万吨/年气体分馏装置
0.00,ST040098,<p>%(v/v)</p>,2025-05-08 08:00:00,顺丁烯,延化60万吨/年气体分馏装置
0.02,ST040098,<p>%(v/v)</p>,2025-05-08 08:00:00,反丁烯,延化60万吨/年气体分馏装置
0.02,ST040098,<p>%(v/v)</p>,2025-05-08 08:00:00,正丁烯,延化60万吨/年气体分馏装置
0.03,ST040098,<p>%(v/v)</p>,2025-05-08 08:00:00,异丁烷,延化60万吨/年气体分馏装置
1.30,ST040098,<p>%(v/v)</p>,2025-05-08 08:00:00,丙烯,延化60万吨/年气体分馏装置
98.60,ST040098,<p>%(v/v)</p>,2025-05-08 08:00:00,丙烷,延化60万吨/年气体分馏装置
0.000,ST040098,"<p>%(v/v)</p>
",2025-05-08 08:00:00,乙烷+乙烯,延化60万吨/年气体分馏装置
0.02,ST040098,<p>%(v/v)</p>,2025-05-08 08:00:00,正丁烷,延化60万吨/年气体分馏装置
0.00,ST040098,<p>%(v/v)</p>,2025-05-09 08:00:00,碳五,延化60万吨/年气体分馏装置
0.00,ST040098,<p>%(v/v)</p>,2025-05-09 08:00:00,异丁烯,延化60万吨/年气体分馏装置
0.00,ST040098,<p>%(v/v)</p>,2025-05-09 08:00:00,顺丁烯,延化60万吨/年气体分馏装置
0.00,ST040098,<p>%(v/v)</p>,2025-05-09 08:00:00,反丁烯,延化60万吨/年气体分馏装置
0.00,ST040098,<p>%(v/v)</p>,2025-05-09 08:00:00,正丁烯,延化60万吨/年气体分馏装置
0.02,ST040098,<p>%(v/v)</p>,2025-05-09 08:00:00,异丁烷,延化60万吨/年气体分馏装置
1.28,ST040098,<p>%(v/v)</p>,2025-05-09 08:00:00,丙烯,延化60万吨/年气体分馏装置
98.68,ST040098,<p>%(v/v)</p>,2025-05-09 08:00:00,丙烷,延化60万吨/年气体分馏装置
0.000,ST040098,"<p>%(v/v)</p>
",2025-05-09 08:00:00,乙烷+乙烯,延化60万吨/年气体分馏装置
0.02,ST040098,<p>%(v/v)</p>,2025-05-09 08:00:00,正丁烷,延化60万吨/年气体分馏装置
0.00,ST040098,<p>%(v/v)</p>,2025-05-10 08:00:00,碳五,延化60万吨/年气体分馏装置
0.00,ST040098,<p>%(v/v)</p>,2025-05-10 08:00:00,异丁烯,延化60万吨/年气体分馏装置
0.00,ST040098,<p>%(v/v)</p>,2025-05-10 08:00:00,顺丁烯,延化60万吨/年气体分馏装置
0.00,ST040098,<p>%(v/v)</p>,2025-05-10 08:00:00,反丁烯,延化60万吨/年气体分馏装置
0.00,ST040098,<p>%(v/v)</p>,2025-05-10 08:00:00,正丁烯,延化60万吨/年气体分馏装置
0.00,ST040098,<p>%(v/v)</p>,2025-05-10 08:00:00,异丁烷,延化60万吨/年气体分馏装置
1.42,ST040098,<p>%(v/v)</p>,2025-05-10 08:00:00,丙烯,延化60万吨/年气体分馏装置
98.58,ST040098,<p>%(v/v)</p>,2025-05-10 08:00:00,丙烷,延化60万吨/年气体分馏装置
0.000,ST040098,"<p>%(v/v)</p>
",2025-05-10 08:00:00,乙烷+乙烯,延化60万吨/年气体分馏装置
0.00,ST040098,<p>%(v/v)</p>,2025-05-10 08:00:00,正丁烷,延化60万吨/年气体分馏装置
0.00,ST040098,<p>%(v/v)</p>,2025-05-11 08:00:00,碳五,延化60万吨/年气体分馏装置
0.00,ST040098,<p>%(v/v)</p>,2025-05-11 08:00:00,异丁烯,延化60万吨/年气体分馏装置
0.00,ST040098,<p>%(v/v)</p>,2025-05-11 08:00:00,顺丁烯,延化60万吨/年气体分馏装置
0.00,ST040098,<p>%(v/v)</p>,2025-05-11 08:00:00,反丁烯,延化60万吨/年气体分馏装置
0.00,ST040098,<p>%(v/v)</p>,2025-05-11 08:00:00,正丁烯,延化60万吨/年气体分馏装置
0.00,ST040098,<p>%(v/v)</p>,2025-05-11 08:00:00,异丁烷,延化60万吨/年气体分馏装置
1.33,ST040098,<p>%(v/v)</p>,2025-05-11 08:00:00,丙烯,延化60万吨/年气体分馏装置
98.67,ST040098,<p>%(v/v)</p>,2025-05-11 08:00:00,丙烷,延化60万吨/年气体分馏装置
0.000,ST040098,"<p>%(v/v)</p>
",2025-05-11 08:00:00,乙烷+乙烯,延化60万吨/年气体分馏装置
0.00,ST040098,<p>%(v/v)</p>,2025-05-11 08:00:00,正丁烷,延化60万吨/年气体分馏装置
0.00,ST040098,<p>%(v/v)</p>,2025-05-12 08:00:00,碳五,延化60万吨/年气体分馏装置
0.00,ST040098,<p>%(v/v)</p>,2025-05-12 08:00:00,异丁烯,延化60万吨/年气体分馏装置
0.00,ST040098,<p>%(v/v)</p>,2025-05-12 08:00:00,顺丁烯,延化60万吨/年气体分馏装置
0.01,ST040098,<p>%(v/v)</p>,2025-05-12 08:00:00,反丁烯,延化60万吨/年气体分馏装置
0.00,ST040098,<p>%(v/v)</p>,2025-05-12 08:00:00,正丁烯,延化60万吨/年气体分馏装置
0.01,ST040098,<p>%(v/v)</p>,2025-05-12 08:00:00,异丁烷,延化60万吨/年气体分馏装置
1.36,ST040098,<p>%(v/v)</p>,2025-05-12 08:00:00,丙烯,延化60万吨/年气体分馏装置
98.61,ST040098,<p>%(v/v)</p>,2025-05-12 08:00:00,丙烷,延化60万吨/年气体分馏装置
0.000,ST040098,"<p>%(v/v)</p>
",2025-05-12 08:00:00,乙烷+乙烯,延化60万吨/年气体分馏装置
0.01,ST040098,<p>%(v/v)</p>,2025-05-12 08:00:00,正丁烷,延化60万吨/年气体分馏装置
0.000,ST040098,"<p>%(v/v)</p>
",2025-05-13 08:00:00,乙烷+乙烯,延化60万吨/年气体分馏装置
0.00,ST040098,<p>%(v/v)</p>,2025-05-13 08:00:00,正丁烯,延化60万吨/年气体分馏装置
0.00,ST040098,<p>%(v/v)</p>,2025-05-13 08:00:00,碳五,延化60万吨/年气体分馏装置
0.00,ST040098,<p>%(v/v)</p>,2025-05-13 08:00:00,异丁烯,延化60万吨/年气体分馏装置
98.34,ST040098,<p>%(v/v)</p>,2025-05-13 08:00:00,丙烷,延化60万吨/年气体分馏装置
0.00,ST040098,<p>%(v/v)</p>,2025-05-13 08:00:00,反丁烯,延化60万吨/年气体分馏装置
0.00,ST040098,<p>%(v/v)</p>,2025-05-13 08:00:00,正丁烷,延化60万吨/年气体分馏装置
0.02,ST040098,<p>%(v/v)</p>,2025-05-13 08:00:00,异丁烷,延化60万吨/年气体分馏装置
1.64,ST040098,<p>%(v/v)</p>,2025-05-13 08:00:00,丙烯,延化60万吨/年气体分馏装置
0.00,ST040098,<p>%(v/v)</p>,2025-05-13 08:00:00,顺丁烯,延化60万吨/年气体分馏装置
0.00,ST040098,<p>%(v/v)</p>,2025-05-14 08:00:00,碳五,延化60万吨/年气体分馏装置
0.01,ST040098,<p>%(v/v)</p>,2025-05-14 08:00:00,异丁烯,延化60万吨/年气体分馏装置
0.01,ST040098,<p>%(v/v)</p>,2025-05-14 08:00:00,顺丁烯,延化60万吨/年气体分馏装置
0.01,ST040098,<p>%(v/v)</p>,2025-05-14 08:00:00,反丁烯,延化60万吨/年气体分馏装置
0.01,ST040098,<p>%(v/v)</p>,2025-05-14 08:00:00,正丁烯,延化60万吨/年气体分馏装置
0.02,ST040098,<p>%(v/v)</p>,2025-05-14 08:00:00,异丁烷,延化60万吨/年气体分馏装置
2.91,ST040098,<p>%(v/v)</p>,2025-05-14 08:00:00,丙烯,延化60万吨/年气体分馏装置
97.02,ST040098,<p>%(v/v)</p>,2025-05-14 08:00:00,丙烷,延化60万吨/年气体分馏装置
0.000,ST040098,"<p>%(v/v)</p>
",2025-05-14 08:00:00,乙烷+乙烯,延化60万吨/年气体分馏装置
0.01,ST040098,<p>%(v/v)</p>,2025-05-14 08:00:00,正丁烷,延化60万吨/年气体分馏装置
0.00,ST040098,<p>%(v/v)</p>,2025-05-15 08:00:00,碳五,延化60万吨/年气体分馏装置
0.00,ST040098,<p>%(v/v)</p>,2025-05-15 08:00:00,异丁烯,延化60万吨/年气体分馏装置
0.00,ST040098,<p>%(v/v)</p>,2025-05-15 08:00:00,顺丁烯,延化60万吨/年气体分馏装置
0.01,ST040098,<p>%(v/v)</p>,2025-05-15 08:00:00,反丁烯,延化60万吨/年气体分馏装置
0.00,ST040098,<p>%(v/v)</p>,2025-05-15 08:00:00,正丁烯,延化60万吨/年气体分馏装置
0.02,ST040098,<p>%(v/v)</p>,2025-05-15 08:00:00,异丁烷,延化60万吨/年气体分馏装置
1.53,ST040098,<p>%(v/v)</p>,2025-05-15 08:00:00,丙烯,延化60万吨/年气体分馏装置
98.43,ST040098,<p>%(v/v)</p>,2025-05-15 08:00:00,丙烷,延化60万吨/年气体分馏装置
0.000,ST040098,"<p>%(v/v)</p>
",2025-05-15 08:00:00,乙烷+乙烯,延化60万吨/年气体分馏装置
0.01,ST040098,<p>%(v/v)</p>,2025-05-15 08:00:00,正丁烷,延化60万吨/年气体分馏装置
0.00,ST040098,<p>%(v/v)</p>,2025-05-16 08:00:00,碳五,延化60万吨/年气体分馏装置
0.00,ST040098,<p>%(v/v)</p>,2025-05-16 08:00:00,异丁烯,延化60万吨/年气体分馏装置
0.00,ST040098,<p>%(v/v)</p>,2025-05-16 08:00:00,顺丁烯,延化60万吨/年气体分馏装置
0.00,ST040098,<p>%(v/v)</p>,2025-05-16 08:00:00,反丁烯,延化60万吨/年气体分馏装置
0.00,ST040098,<p>%(v/v)</p>,2025-05-16 08:00:00,正丁烯,延化60万吨/年气体分馏装置
0.00,ST040098,<p>%(v/v)</p>,2025-05-16 08:00:00,异丁烷,延化60万吨/年气体分馏装置
0.94,ST040098,<p>%(v/v)</p>,2025-05-16 08:00:00,丙烯,延化60万吨/年气体分馏装置
99.06,ST040098,<p>%(v/v)</p>,2025-05-16 08:00:00,丙烷,延化60万吨/年气体分馏装置
0.000,ST040098,"<p>%(v/v)</p>
",2025-05-16 08:00:00,乙烷+乙烯,延化60万吨/年气体分馏装置
0.00,ST040098,<p>%(v/v)</p>,2025-05-16 08:00:00,正丁烷,延化60万吨/年气体分馏装置
0.00,ST040098,<p>%(v/v)</p>,2025-05-17 08:00:00,碳五,延化60万吨/年气体分馏装置
0.00,ST040098,<p>%(v/v)</p>,2025-05-17 08:00:00,异丁烯,延化60万吨/年气体分馏装置
0.00,ST040098,<p>%(v/v)</p>,2025-05-17 08:00:00,顺丁烯,延化60万吨/年气体分馏装置
0.00,ST040098,<p>%(v/v)</p>,2025-05-17 08:00:00,反丁烯,延化60万吨/年气体分馏装置
0.00,ST040098,<p>%(v/v)</p>,2025-05-17 08:00:00,正丁烷,延化60万吨/年气体分馏装置
0.00,ST040098,<p>%(v/v)</p>,2025-05-17 08:00:00,异丁烷,延化60万吨/年气体分馏装置
0.35,ST040098,<p>%(v/v)</p>,2025-05-17 08:00:00,丙烯,延化60万吨/年气体分馏装置
99.65,ST040098,<p>%(v/v)</p>,2025-05-17 08:00:00,丙烷,延化60万吨/年气体分馏装置
0.000,ST040098,"<p>%(v/v)</p>
",2025-05-17 08:00:00,乙烷+乙烯,延化60万吨/年气体分馏装置
0.00,ST040098,<p>%(v/v)</p>,2025-05-17 08:00:00,正丁烯,延化60万吨/年气体分馏装置
98.49,ST040098,<p>%(v/v)</p>,2025-05-18 08:00:00,丙烷,延化60万吨/年气体分馏装置
0.000,ST040098,"<p>%(v/v)</p>
",2025-05-18 08:00:00,乙烷+乙烯,延化60万吨/年气体分馏装置
0.00,ST040098,<p>%(v/v)</p>,2025-05-18 08:00:00,正丁烯,延化60万吨/年气体分馏装置
0.00,ST040098,<p>%(v/v)</p>,2025-05-18 08:00:00,碳五,延化60万吨/年气体分馏装置
1.51,ST040098,<p>%(v/v)</p>,2025-05-18 08:00:00,丙烯,延化60万吨/年气体分馏装置
0.00,ST040098,<p>%(v/v)</p>,2025-05-18 08:00:00,顺丁烯,延化60万吨/年气体分馏装置
0.00,ST040098,<p>%(v/v)</p>,2025-05-18 08:00:00,反丁烯,延化60万吨/年气体分馏装置
0.00,ST040098,<p>%(v/v)</p>,2025-05-18 08:00:00,正丁烷,延化60万吨/年气体分馏装置
0.00,ST040098,<p>%(v/v)</p>,2025-05-18 08:00:00,异丁烷,延化60万吨/年气体分馏装置
0.00,ST040098,<p>%(v/v)</p>,2025-05-18 08:00:00,异丁烯,延化60万吨/年气体分馏装置
0.00,ST040098,<p>%(v/v)</p>,2025-05-19 08:00:00,碳五,延化60万吨/年气体分馏装置
0.00,ST040098,<p>%(v/v)</p>,2025-05-19 08:00:00,异丁烯,延化60万吨/年气体分馏装置
0.00,ST040098,<p>%(v/v)</p>,2025-05-19 08:00:00,顺丁烯,延化60万吨/年气体分馏装置
0.00,ST040098,<p>%(v/v)</p>,2025-05-19 08:00:00,反丁烯,延化60万吨/年气体分馏装置
0.00,ST040098,<p>%(v/v)</p>,2025-05-19 08:00:00,正丁烯,延化60万吨/年气体分馏装置
0.00,ST040098,<p>%(v/v)</p>,2025-05-19 08:00:00,异丁烷,延化60万吨/年气体分馏装置
0.93,ST040098,<p>%(v/v)</p>,2025-05-19 08:00:00,丙烯,延化60万吨/年气体分馏装置
99.07,ST040098,<p>%(v/v)</p>,2025-05-19 08:00:00,丙烷,延化60万吨/年气体分馏装置
0.000,ST040098,"<p>%(v/v)</p>
",2025-05-19 08:00:00,乙烷+乙烯,延化60万吨/年气体分馏装置
0.00,ST040098,<p>%(v/v)</p>,2025-05-19 08:00:00,正丁烷,延化60万吨/年气体分馏装置
0.00,ST040098,<p>%(v/v)</p>,2025-05-20 08:00:00,顺丁烯,延化60万吨/年气体分馏装置
0.00,ST040098,<p>%(v/v)</p>,2025-05-20 08:00:00,反丁烯,延化60万吨/年气体分馏装置
0.01,ST040098,<p>%(v/v)</p>,2025-05-20 08:00:00,正丁烷,延化60万吨/年气体分馏装置
0.02,ST040098,<p>%(v/v)</p>,2025-05-20 08:00:00,异丁烷,延化60万吨/年气体分馏装置
0.00,ST040098,<p>%(v/v)</p>,2025-05-20 08:00:00,异丁烯,延化60万吨/年气体分馏装置
98.00,ST040098,<p>%(v/v)</p>,2025-05-20 08:00:00,丙烷,延化60万吨/年气体分馏装置
0.000,ST040098,"<p>%(v/v)</p>
",2025-05-20 08:00:00,乙烷+乙烯,延化60万吨/年气体分馏装置
0.01,ST040098,<p>%(v/v)</p>,2025-05-20 08:00:00,正丁烯,延化60万吨/年气体分馏装置
0.00,ST040098,<p>%(v/v)</p>,2025-05-20 08:00:00,碳五,延化60万吨/年气体分馏装置
1.96,ST040098,<p>%(v/v)</p>,2025-05-20 08:00:00,丙烯,延化60万吨/年气体分馏装置
0.00,ST040098,<p>%(v/v)</p>,2025-05-21 08:00:00,碳五,延化60万吨/年气体分馏装置
0.00,ST040098,<p>%(v/v)</p>,2025-05-21 08:00:00,异丁烯,延化60万吨/年气体分馏装置
0.00,ST040098,<p>%(v/v)</p>,2025-05-21 08:00:00,顺丁烯,延化60万吨/年气体分馏装置
0.00,ST040098,<p>%(v/v)</p>,2025-05-21 08:00:00,反丁烯,延化60万吨/年气体分馏装置
0.00,ST040098,<p>%(v/v)</p>,2025-05-21 08:00:00,正丁烯,延化60万吨/年气体分馏装置
0.00,ST040098,<p>%(v/v)</p>,2025-05-21 08:00:00,异丁烷,延化60万吨/年气体分馏装置
1.97,ST040098,<p>%(v/v)</p>,2025-05-21 08:00:00,丙烯,延化60万吨/年气体分馏装置
98.03,ST040098,<p>%(v/v)</p>,2025-05-21 08:00:00,丙烷,延化60万吨/年气体分馏装置
0.000,ST040098,"<p>%(v/v)</p>
",2025-05-21 08:00:00,乙烷+乙烯,延化60万吨/年气体分馏装置
0.00,ST040098,<p>%(v/v)</p>,2025-05-21 08:00:00,正丁烷,延化60万吨/年气体分馏装置
0.00,ST040098,<p>%(v/v)</p>,2025-05-22 08:00:00,碳五,延化60万吨/年气体分馏装置
0.00,ST040098,<p>%(v/v)</p>,2025-05-22 08:00:00,异丁烯,延化60万吨/年气体分馏装置
0.00,ST040098,<p>%(v/v)</p>,2025-05-22 08:00:00,顺丁烯,延化60万吨/年气体分馏装置
0.00,ST040098,<p>%(v/v)</p>,2025-05-22 08:00:00,反丁烯,延化60万吨/年气体分馏装置
0.00,ST040098,<p>%(v/v)</p>,2025-05-22 08:00:00,正丁烯,延化60万吨/年气体分馏装置
0.00,ST040098,<p>%(v/v)</p>,2025-05-22 08:00:00,异丁烷,延化60万吨/年气体分馏装置
1.15,ST040098,<p>%(v/v)</p>,2025-05-22 08:00:00,丙烯,延化60万吨/年气体分馏装置
98.85,ST040098,<p>%(v/v)</p>,2025-05-22 08:00:00,丙烷,延化60万吨/年气体分馏装置
0.000,ST040098,"<p>%(v/v)</p>
",2025-05-22 08:00:00,乙烷+乙烯,延化60万吨/年气体分馏装置
0.00,ST040098,<p>%(v/v)</p>,2025-05-22 08:00:00,正丁烷,延化60万吨/年气体分馏装置
0.00,ST040098,<p>%(v/v)</p>,2025-05-23 08:00:00,正丁烯,延化60万吨/年气体分馏装置
0.00,ST040098,<p>%(v/v)</p>,2025-05-23 08:00:00,碳五,延化60万吨/年气体分馏装置
0.00,ST040098,<p>%(v/v)</p>,2025-05-23 08:00:00,异丁烯,延化60万吨/年气体分馏装置
0.00,ST040098,<p>%(v/v)</p>,2025-05-23 08:00:00,顺丁烯,延化60万吨/年气体分馏装置
0.000,ST040098,"<p>%(v/v)</p>
",2025-05-23 08:00:00,乙烷+乙烯,延化60万吨/年气体分馏装置
0.00,ST040098,<p>%(v/v)</p>,2025-05-23 08:00:00,正丁烷,延化60万吨/年气体分馏装置
0.00,ST040098,<p>%(v/v)</p>,2025-05-23 08:00:00,异丁烷,延化60万吨/年气体分馏装置
1.14,ST040098,<p>%(v/v)</p>,2025-05-23 08:00:00,丙烯,延化60万吨/年气体分馏装置
98.86,ST040098,<p>%(v/v)</p>,2025-05-23 08:00:00,丙烷,延化60万吨/年气体分馏装置
0.00,ST040098,<p>%(v/v)</p>,2025-05-23 08:00:00,反丁烯,延化60万吨/年气体分馏装置
0.00,ST040098,<p>%(v/v)</p>,2025-05-24 08:00:00,碳五,延化60万吨/年气体分馏装置
0.00,ST040098,<p>%(v/v)</p>,2025-05-24 08:00:00,异丁烯,延化60万吨/年气体分馏装置
0.00,ST040098,<p>%(v/v)</p>,2025-05-24 08:00:00,顺丁烯,延化60万吨/年气体分馏装置
0.01,ST040098,<p>%(v/v)</p>,2025-05-24 08:00:00,反丁烯,延化60万吨/年气体分馏装置
0.00,ST040098,<p>%(v/v)</p>,2025-05-24 08:00:00,正丁烯,延化60万吨/年气体分馏装置
0.01,ST040098,<p>%(v/v)</p>,2025-05-24 08:00:00,异丁烷,延化60万吨/年气体分馏装置
1.13,ST040098,<p>%(v/v)</p>,2025-05-24 08:00:00,丙烯,延化60万吨/年气体分馏装置
98.84,ST040098,<p>%(v/v)</p>,2025-05-24 08:00:00,丙烷,延化60万吨/年气体分馏装置
0.000,ST040098,"<p>%(v/v)</p>
",2025-05-24 08:00:00,乙烷+乙烯,延化60万吨/年气体分馏装置
0.01,ST040098,<p>%(v/v)</p>,2025-05-24 08:00:00,正丁烷,延化60万吨/年气体分馏装置
0.00,ST040098,<p>%(v/v)</p>,2025-05-25 08:00:00,碳五,延化60万吨/年气体分馏装置
0.00,ST040098,<p>%(v/v)</p>,2025-05-25 08:00:00,异丁烯,延化60万吨/年气体分馏装置
0.00,ST040098,<p>%(v/v)</p>,2025-05-25 08:00:00,顺丁烯,延化60万吨/年气体分馏装置
0.00,ST040098,<p>%(v/v)</p>,2025-05-25 08:00:00,反丁烯,延化60万吨/年气体分馏装置
0.00,ST040098,<p>%(v/v)</p>,2025-05-25 08:00:00,正丁烯,延化60万吨/年气体分馏装置
0.00,ST040098,<p>%(v/v)</p>,2025-05-25 08:00:00,异丁烷,延化60万吨/年气体分馏装置
1.11,ST040098,<p>%(v/v)</p>,2025-05-25 08:00:00,丙烯,延化60万吨/年气体分馏装置
98.89,ST040098,<p>%(v/v)</p>,2025-05-25 08:00:00,丙烷,延化60万吨/年气体分馏装置
0.000,ST040098,"<p>%(v/v)</p>
",2025-05-25 08:00:00,乙烷+乙烯,延化60万吨/年气体分馏装置
0.00,ST040098,<p>%(v/v)</p>,2025-05-25 08:00:00,正丁烷,延化60万吨/年气体分馏装置
1.91,ST040098,<p>%(v/v)</p>,2025-05-26 08:00:00,丙烯,延化60万吨/年气体分馏装置
98.01,ST040098,<p>%(v/v)</p>,2025-05-26 08:00:00,丙烷,延化60万吨/年气体分馏装置
0.000,ST040098,"<p>%(v/v)</p>
",2025-05-26 08:00:00,乙烷+乙烯,延化60万吨/年气体分馏装置
0.01,ST040098,<p>%(v/v)</p>,2025-05-26 08:00:00,正丁烯,延化60万吨/年气体分馏装置
0.03,ST040098,<p>%(v/v)</p>,2025-05-26 08:00:00,异丁烷,延化60万吨/年气体分馏装置
0.00,ST040098,<p>%(v/v)</p>,2025-05-26 08:00:00,异丁烯,延化60万吨/年气体分馏装置
0.01,ST040098,<p>%(v/v)</p>,2025-05-26 08:00:00,顺丁烯,延化60万吨/年气体分馏装置
0.01,ST040098,<p>%(v/v)</p>,2025-05-26 08:00:00,反丁烯,延化60万吨/年气体分馏装置
0.02,ST040098,<p>%(v/v)</p>,2025-05-26 08:00:00,正丁烷,延化60万吨/年气体分馏装置
0.00,ST040098,<p>%(v/v)</p>,2025-05-26 08:00:00,碳五,延化60万吨/年气体分馏装置
0.00,ST040098,<p>%(v/v)</p>,2025-05-27 08:00:00,碳五,延化60万吨/年气体分馏装置
0.00,ST040098,<p>%(v/v)</p>,2025-05-27 08:00:00,异丁烯,延化60万吨/年气体分馏装置
0.00,ST040098,<p>%(v/v)</p>,2025-05-27 08:00:00,顺丁烯,延化60万吨/年气体分馏装置
0.00,ST040098,<p>%(v/v)</p>,2025-05-27 08:00:00,反丁烯,延化60万吨/年气体分馏装置
0.00,ST040098,<p>%(v/v)</p>,2025-05-27 08:00:00,正丁烯,延化60万吨/年气体分馏装置
0.00,ST040098,<p>%(v/v)</p>,2025-05-27 08:00:00,异丁烷,延化60万吨/年气体分馏装置
1.47,ST040098,<p>%(v/v)</p>,2025-05-27 08:00:00,丙烯,延化60万吨/年气体分馏装置
98.53,ST040098,<p>%(v/v)</p>,2025-05-27 08:00:00,丙烷,延化60万吨/年气体分馏装置
0.000,ST040098,"<p>%(v/v)</p>
",2025-05-27 08:00:00,乙烷+乙烯,延化60万吨/年气体分馏装置
0.00,ST040098,<p>%(v/v)</p>,2025-05-27 08:00:00,正丁烷,延化60万吨/年气体分馏装置
0.00,ST040098,<p>%(v/v)</p>,2025-05-28 08:00:00,碳五,延化60万吨/年气体分馏装置
0.00,ST040098,<p>%(v/v)</p>,2025-05-28 08:00:00,异丁烯,延化60万吨/年气体分馏装置
0.00,ST040098,<p>%(v/v)</p>,2025-05-28 08:00:00,顺丁烯,延化60万吨/年气体分馏装置
0.00,ST040098,<p>%(v/v)</p>,2025-05-28 08:00:00,反丁烯,延化60万吨/年气体分馏装置
0.00,ST040098,<p>%(v/v)</p>,2025-05-28 08:00:00,正丁烯,延化60万吨/年气体分馏装置
0.00,ST040098,<p>%(v/v)</p>,2025-05-28 08:00:00,异丁烷,延化60万吨/年气体分馏装置
1.62,ST040098,<p>%(v/v)</p>,2025-05-28 08:00:00,丙烯,延化60万吨/年气体分馏装置
98.38,ST040098,<p>%(v/v)</p>,2025-05-28 08:00:00,丙烷,延化60万吨/年气体分馏装置
0.000,ST040098,"<p>%(v/v)</p>
",2025-05-28 08:00:00,乙烷+乙烯,延化60万吨/年气体分馏装置
0.00,ST040098,<p>%(v/v)</p>,2025-05-28 08:00:00,正丁烷,延化60万吨/年气体分馏装置
0.00,ST040098,<p>%(v/v)</p>,2025-05-29 08:00:00,碳五,延化60万吨/年气体分馏装置
0.00,ST040098,<p>%(v/v)</p>,2025-05-29 08:00:00,异丁烯,延化60万吨/年气体分馏装置
0.00,ST040098,<p>%(v/v)</p>,2025-05-29 08:00:00,顺丁烯,延化60万吨/年气体分馏装置
0.00,ST040098,<p>%(v/v)</p>,2025-05-29 08:00:00,反丁烯,延化60万吨/年气体分馏装置
0.00,ST040098,<p>%(v/v)</p>,2025-05-29 08:00:00,正丁烯,延化60万吨/年气体分馏装置
0.00,ST040098,<p>%(v/v)</p>,2025-05-29 08:00:00,异丁烷,延化60万吨/年气体分馏装置
1.52,ST040098,<p>%(v/v)</p>,2025-05-29 08:00:00,丙烯,延化60万吨/年气体分馏装置
98.48,ST040098,<p>%(v/v)</p>,2025-05-29 08:00:00,丙烷,延化60万吨/年气体分馏装置
0.000,ST040098,"<p>%(v/v)</p>
",2025-05-29 08:00:00,乙烷+乙烯,延化60万吨/年气体分馏装置
0.00,ST040098,<p>%(v/v)</p>,2025-05-29 08:00:00,正丁烷,延化60万吨/年气体分馏装置
0.00,ST040098,<p>%(v/v)</p>,2025-05-30 08:00:00,碳五,延化60万吨/年气体分馏装置
0.00,ST040098,<p>%(v/v)</p>,2025-05-30 08:00:00,异丁烯,延化60万吨/年气体分馏装置
0.00,ST040098,<p>%(v/v)</p>,2025-05-30 08:00:00,顺丁烯,延化60万吨/年气体分馏装置
0.00,ST040098,<p>%(v/v)</p>,2025-05-30 08:00:00,反丁烯,延化60万吨/年气体分馏装置
0.00,ST040098,<p>%(v/v)</p>,2025-05-30 08:00:00,正丁烯,延化60万吨/年气体分馏装置
0.01,ST040098,<p>%(v/v)</p>,2025-05-30 08:00:00,异丁烷,延化60万吨/年气体分馏装置
1.96,ST040098,<p>%(v/v)</p>,2025-05-30 08:00:00,丙烯,延化60万吨/年气体分馏装置
98.02,ST040098,<p>%(v/v)</p>,2025-05-30 08:00:00,丙烷,延化60万吨/年气体分馏装置
0.000,ST040098,"<p>%(v/v)</p>
",2025-05-30 08:00:00,乙烷+乙烯,延化60万吨/年气体分馏装置
0.01,ST040098,<p>%(v/v)</p>,2025-05-30 08:00:00,正丁烷,延化60万吨/年气体分馏装置
0.00,ST040098,<p>%(v/v)</p>,2025-05-31 08:00:00,碳五,延化60万吨/年气体分馏装置
0.00,ST040098,<p>%(v/v)</p>,2025-05-31 08:00:00,异丁烯,延化60万吨/年气体分馏装置
0.00,ST040098,<p>%(v/v)</p>,2025-05-31 08:00:00,顺丁烯,延化60万吨/年气体分馏装置
0.00,ST040098,<p>%(v/v)</p>,2025-05-31 08:00:00,反丁烯,延化60万吨/年气体分馏装置
0.00,ST040098,<p>%(v/v)</p>,2025-05-31 08:00:00,正丁烯,延化60万吨/年气体分馏装置
0.00,ST040098,<p>%(v/v)</p>,2025-05-31 08:00:00,异丁烷,延化60万吨/年气体分馏装置
1.18,ST040098,<p>%(v/v)</p>,2025-05-31 08:00:00,丙烯,延化60万吨/年气体分馏装置
98.82,ST040098,<p>%(v/v)</p>,2025-05-31 08:00:00,丙烷,延化60万吨/年气体分馏装置
0.000,ST040098,"<p>%(v/v)</p>
",2025-05-31 08:00:00,乙烷+乙烯,延化60万吨/年气体分馏装置
0.00,ST040098,<p>%(v/v)</p>,2025-05-31 08:00:00,正丁烷,延化60万吨/年气体分馏装置
0.00,ST040098,<p>%(v/v)</p>,2025-06-01 08:00:00,碳五,延化60万吨/年气体分馏装置
0.00,ST040098,<p>%(v/v)</p>,2025-06-01 08:00:00,异丁烯,延化60万吨/年气体分馏装置
0.01,ST040098,<p>%(v/v)</p>,2025-06-01 08:00:00,顺丁烯,延化60万吨/年气体分馏装置
0.01,ST040098,<p>%(v/v)</p>,2025-06-01 08:00:00,反丁烯,延化60万吨/年气体分馏装置
0.01,ST040098,<p>%(v/v)</p>,2025-06-01 08:00:00,正丁烯,延化60万吨/年气体分馏装置
0.02,ST040098,<p>%(v/v)</p>,2025-06-01 08:00:00,异丁烷,延化60万吨/年气体分馏装置
1.65,ST040098,<p>%(v/v)</p>,2025-06-01 08:00:00,丙烯,延化60万吨/年气体分馏装置
98.29,ST040098,<p>%(v/v)</p>,2025-06-01 08:00:00,丙烷,延化60万吨/年气体分馏装置
0.000,ST040098,"<p>%(v/v)</p>
",2025-06-01 08:00:00,乙烷+乙烯,延化60万吨/年气体分馏装置
0.01,ST040098,<p>%(v/v)</p>,2025-06-01 08:00:00,正丁烷,延化60万吨/年气体分馏装置
0.00,ST040098,<p>%(v/v)</p>,2025-06-02 08:00:00,碳五,延化60万吨/年气体分馏装置
0.00,ST040098,<p>%(v/v)</p>,2025-06-02 08:00:00,异丁烯,延化60万吨/年气体分馏装置
0.00,ST040098,<p>%(v/v)</p>,2025-06-02 08:00:00,顺丁烯,延化60万吨/年气体分馏装置
0.00,ST040098,<p>%(v/v)</p>,2025-06-02 08:00:00,反丁烯,延化60万吨/年气体分馏装置
0.00,ST040098,<p>%(v/v)</p>,2025-06-02 08:00:00,正丁烯,延化60万吨/年气体分馏装置
0.00,ST040098,<p>%(v/v)</p>,2025-06-02 08:00:00,异丁烷,延化60万吨/年气体分馏装置
1.81,ST040098,<p>%(v/v)</p>,2025-06-02 08:00:00,丙烯,延化60万吨/年气体分馏装置
98.19,ST040098,<p>%(v/v)</p>,2025-06-02 08:00:00,丙烷,延化60万吨/年气体分馏装置
0.000,ST040098,"<p>%(v/v)</p>
",2025-06-02 08:00:00,乙烷+乙烯,延化60万吨/年气体分馏装置
0.00,ST040098,<p>%(v/v)</p>,2025-06-02 08:00:00,正丁烷,延化60万吨/年气体分馏装置
0.00,ST040098,<p>%(v/v)</p>,2025-06-03 08:00:00,碳五,延化60万吨/年气体分馏装置
0.00,ST040098,<p>%(v/v)</p>,2025-06-03 08:00:00,异丁烯,延化60万吨/年气体分馏装置
0.00,ST040098,<p>%(v/v)</p>,2025-06-03 08:00:00,顺丁烯,延化60万吨/年气体分馏装置
0.00,ST040098,<p>%(v/v)</p>,2025-06-03 08:00:00,反丁烯,延化60万吨/年气体分馏装置
0.00,ST040098,<p>%(v/v)</p>,2025-06-03 08:00:00,正丁烯,延化60万吨/年气体分馏装置
0.00,ST040098,<p>%(v/v)</p>,2025-06-03 08:00:00,异丁烷,延化60万吨/年气体分馏装置
1.05,ST040098,<p>%(v/v)</p>,2025-06-03 08:00:00,丙烯,延化60万吨/年气体分馏装置
98.95,ST040098,<p>%(v/v)</p>,2025-06-03 08:00:00,丙烷,延化60万吨/年气体分馏装置
0.000,ST040098,"<p>%(v/v)</p>
",2025-06-03 08:00:00,乙烷+乙烯,延化60万吨/年气体分馏装置
0.00,ST040098,<p>%(v/v)</p>,2025-06-03 08:00:00,正丁烷,延化60万吨/年气体分馏装置
0.00,ST040098,<p>%(v/v)</p>,2025-06-04 08:00:00,碳五,延化60万吨/年气体分馏装置
0.00,ST040098,<p>%(v/v)</p>,2025-06-04 08:00:00,异丁烯,延化60万吨/年气体分馏装置
0.00,ST040098,<p>%(v/v)</p>,2025-06-04 08:00:00,顺丁烯,延化60万吨/年气体分馏装置
0.00,ST040098,<p>%(v/v)</p>,2025-06-04 08:00:00,反丁烯,延化60万吨/年气体分馏装置
0.00,ST040098,<p>%(v/v)</p>,2025-06-04 08:00:00,正丁烯,延化60万吨/年气体分馏装置
0.00,ST040098,<p>%(v/v)</p>,2025-06-04 08:00:00,异丁烷,延化60万吨/年气体分馏装置
1.43,ST040098,<p>%(v/v)</p>,2025-06-04 08:00:00,丙烯,延化60万吨/年气体分馏装置
98.57,ST040098,<p>%(v/v)</p>,2025-06-04 08:00:00,丙烷,延化60万吨/年气体分馏装置
0.000,ST040098,"<p>%(v/v)</p>
",2025-06-04 08:00:00,乙烷+乙烯,延化60万吨/年气体分馏装置
0.00,ST040098,<p>%(v/v)</p>,2025-06-04 08:00:00,正丁烷,延化60万吨/年气体分馏装置
0.00,ST040098,<p>%(v/v)</p>,2025-06-05 08:00:00,碳五,延化60万吨/年气体分馏装置
0.00,ST040098,<p>%(v/v)</p>,2025-06-05 08:00:00,异丁烯,延化60万吨/年气体分馏装置
0.00,ST040098,<p>%(v/v)</p>,2025-06-05 08:00:00,顺丁烯,延化60万吨/年气体分馏装置
0.00,ST040098,<p>%(v/v)</p>,2025-06-05 08:00:00,反丁烯,延化60万吨/年气体分馏装置
0.00,ST040098,<p>%(v/v)</p>,2025-06-05 08:00:00,正丁烯,延化60万吨/年气体分馏装置
0.01,ST040098,<p>%(v/v)</p>,2025-06-05 08:00:00,异丁烷,延化60万吨/年气体分馏装置
0.63,ST040098,<p>%(v/v)</p>,2025-06-05 08:00:00,丙烯,延化60万吨/年气体分馏装置
99.36,ST040098,<p>%(v/v)</p>,2025-06-05 08:00:00,丙烷,延化60万吨/年气体分馏装置
0.000,ST040098,"<p>%(v/v)</p>
",2025-06-05 08:00:00,乙烷+乙烯,延化60万吨/年气体分馏装置
0.00,ST040098,<p>%(v/v)</p>,2025-06-05 08:00:00,正丁烷,延化60万吨/年气体分馏装置
0.00,ST040098,<p>%(v/v)</p>,2025-06-06 08:00:00,碳五,延化60万吨/年气体分馏装置
0.00,ST040098,<p>%(v/v)</p>,2025-06-06 08:00:00,异丁烯,延化60万吨/年气体分馏装置
0.00,ST040098,<p>%(v/v)</p>,2025-06-06 08:00:00,顺丁烯,延化60万吨/年气体分馏装置
0.01,ST040098,<p>%(v/v)</p>,2025-06-06 08:00:00,反丁烯,延化60万吨/年气体分馏装置
0.00,ST040098,<p>%(v/v)</p>,2025-06-06 08:00:00,正丁烯,延化60万吨/年气体分馏装置
0.03,ST040098,<p>%(v/v)</p>,2025-06-06 08:00:00,异丁烷,延化60万吨/年气体分馏装置
1.52,ST040098,<p>%(v/v)</p>,2025-06-06 08:00:00,丙烯,延化60万吨/年气体分馏装置
98.43,ST040098,<p>%(v/v)</p>,2025-06-06 08:00:00,丙烷,延化60万吨/年气体分馏装置
0.000,ST040098,"<p>%(v/v)</p>
",2025-06-06 08:00:00,乙烷+乙烯,延化60万吨/年气体分馏装置
0.01,ST040098,<p>%(v/v)</p>,2025-06-06 08:00:00,正丁烷,延化60万吨/年气体分馏装置
0.01,ST040098,<p>%(v/v)</p>,2025-06-07 08:00:00,正丁烷,延化60万吨/年气体分馏装置
0.04,ST040098,<p>%(v/v)</p>,2025-06-07 08:00:00,异丁烷,延化60万吨/年气体分馏装置
1.55,ST040098,<p>%(v/v)</p>,2025-06-07 08:00:00,丙烯,延化60万吨/年气体分馏装置
98.40,ST040098,<p>%(v/v)</p>,2025-06-07 08:00:00,丙烷,延化60万吨/年气体分馏装置
0.00,ST040098,<p>%(v/v)</p>,2025-06-07 08:00:00,反丁烯,延化60万吨/年气体分馏装置
0.00,ST040098,<p>%(v/v)</p>,2025-06-07 08:00:00,正丁烯,延化60万吨/年气体分馏装置
0.00,ST040098,<p>%(v/v)</p>,2025-06-07 08:00:00,碳五,延化60万吨/年气体分馏装置
0.00,ST040098,<p>%(v/v)</p>,2025-06-07 08:00:00,异丁烯,延化60万吨/年气体分馏装置
0.00,ST040098,<p>%(v/v)</p>,2025-06-07 08:00:00,顺丁烯,延化60万吨/年气体分馏装置
0.000,ST040098,"<p>%(v/v)</p>
",2025-06-07 08:00:00,乙烷+乙烯,延化60万吨/年气体分馏装置
0.00,ST040098,<p>%(v/v)</p>,2025-06-08 08:00:00,碳五,延化60万吨/年气体分馏装置
0.00,ST040098,<p>%(v/v)</p>,2025-06-08 08:00:00,异丁烯,延化60万吨/年气体分馏装置
0.00,ST040098,<p>%(v/v)</p>,2025-06-08 08:00:00,顺丁烯,延化60万吨/年气体分馏装置
0.00,ST040098,<p>%(v/v)</p>,2025-06-08 08:00:00,反丁烯,延化60万吨/年气体分馏装置
0.00,ST040098,<p>%(v/v)</p>,2025-06-08 08:00:00,正丁烯,延化60万吨/年气体分馏装置
0.00,ST040098,<p>%(v/v)</p>,2025-06-08 08:00:00,异丁烷,延化60万吨/年气体分馏装置
1.26,ST040098,<p>%(v/v)</p>,2025-06-08 08:00:00,丙烯,延化60万吨/年气体分馏装置
98.74,ST040098,<p>%(v/v)</p>,2025-06-08 08:00:00,丙烷,延化60万吨/年气体分馏装置
0.000,ST040098,"<p>%(v/v)</p>
",2025-06-08 08:00:00,乙烷+乙烯,延化60万吨/年气体分馏装置
0.00,ST040098,<p>%(v/v)</p>,2025-06-08 08:00:00,正丁烷,延化60万吨/年气体分馏装置
0.00,ST040098,<p>%(v/v)</p>,2025-06-09 08:00:00,碳五,延化60万吨/年气体分馏装置
0.00,ST040098,<p>%(v/v)</p>,2025-06-09 08:00:00,异丁烯,延化60万吨/年气体分馏装置
0.00,ST040098,<p>%(v/v)</p>,2025-06-09 08:00:00,顺丁烯,延化60万吨/年气体分馏装置
0.00,ST040098,<p>%(v/v)</p>,2025-06-09 08:00:00,反丁烯,延化60万吨/年气体分馏装置
0.00,ST040098,<p>%(v/v)</p>,2025-06-09 08:00:00,正丁烯,延化60万吨/年气体分馏装置
0.00,ST040098,<p>%(v/v)</p>,2025-06-09 08:00:00,异丁烷,延化60万吨/年气体分馏装置
1.23,ST040098,<p>%(v/v)</p>,2025-06-09 08:00:00,丙烯,延化60万吨/年气体分馏装置
98.77,ST040098,<p>%(v/v)</p>,2025-06-09 08:00:00,丙烷,延化60万吨/年气体分馏装置
0.000,ST040098,"<p>%(v/v)</p>
",2025-06-09 08:00:00,乙烷+乙烯,延化60万吨/年气体分馏装置
0.00,ST040098,<p>%(v/v)</p>,2025-06-09 08:00:00,正丁烷,延化60万吨/年气体分馏装置
0.00,ST040098,<p>%(v/v)</p>,2025-06-10 08:00:00,碳五,延化60万吨/年气体分馏装置
0.00,ST040098,<p>%(v/v)</p>,2025-06-10 08:00:00,异丁烯,延化60万吨/年气体分馏装置
0.00,ST040098,<p>%(v/v)</p>,2025-06-10 08:00:00,顺丁烯,延化60万吨/年气体分馏装置
0.00,ST040098,<p>%(v/v)</p>,2025-06-10 08:00:00,反丁烯,延化60万吨/年气体分馏装置
0.00,ST040098,<p>%(v/v)</p>,2025-06-10 08:00:00,正丁烯,延化60万吨/年气体分馏装置
0.00,ST040098,<p>%(v/v)</p>,2025-06-10 08:00:00,异丁烷,延化60万吨/年气体分馏装置
1.37,ST040098,<p>%(v/v)</p>,2025-06-10 08:00:00,丙烯,延化60万吨/年气体分馏装置
98.63,ST040098,<p>%(v/v)</p>,2025-06-10 08:00:00,丙烷,延化60万吨/年气体分馏装置
0.000,ST040098,"<p>%(v/v)</p>
",2025-06-10 08:00:00,乙烷+乙烯,延化60万吨/年气体分馏装置
0.00,ST040098,<p>%(v/v)</p>,2025-06-10 08:00:00,正丁烷,延化60万吨/年气体分馏装置
0.00,ST040098,<p>%(v/v)</p>,2025-06-11 08:00:00,碳五,延化60万吨/年气体分馏装置
0.01,ST040098,<p>%(v/v)</p>,2025-06-11 08:00:00,异丁烯,延化60万吨/年气体分馏装置
0.00,ST040098,<p>%(v/v)</p>,2025-06-11 08:00:00,顺丁烯,延化60万吨/年气体分馏装置
0.01,ST040098,<p>%(v/v)</p>,2025-06-11 08:00:00,反丁烯,延化60万吨/年气体分馏装置
0.01,ST040098,<p>%(v/v)</p>,2025-06-11 08:00:00,正丁烯,延化60万吨/年气体分馏装置
0.01,ST040098,<p>%(v/v)</p>,2025-06-11 08:00:00,异丁烷,延化60万吨/年气体分馏装置
1.73,ST040098,<p>%(v/v)</p>,2025-06-11 08:00:00,丙烯,延化60万吨/年气体分馏装置
98.22,ST040098,<p>%(v/v)</p>,2025-06-11 08:00:00,丙烷,延化60万吨/年气体分馏装置
0.000,ST040098,"<p>%(v/v)</p>
",2025-06-11 08:00:00,乙烷+乙烯,延化60万吨/年气体分馏装置
0.01,ST040098,<p>%(v/v)</p>,2025-06-11 08:00:00,正丁烷,延化60万吨/年气体分馏装置
0.00,ST040098,<p>%(v/v)</p>,2025-06-12 08:00:00,碳五,延化60万吨/年气体分馏装置
0.00,ST040098,<p>%(v/v)</p>,2025-06-12 08:00:00,异丁烯,延化60万吨/年气体分馏装置
0.00,ST040098,<p>%(v/v)</p>,2025-06-12 08:00:00,顺丁烯,延化60万吨/年气体分馏装置
0.00,ST040098,<p>%(v/v)</p>,2025-06-12 08:00:00,反丁烯,延化60万吨/年气体分馏装置
0.00,ST040098,<p>%(v/v)</p>,2025-06-12 08:00:00,正丁烯,延化60万吨/年气体分馏装置
0.02,ST040098,<p>%(v/v)</p>,2025-06-12 08:00:00,异丁烷,延化60万吨/年气体分馏装置
1.59,ST040098,<p>%(v/v)</p>,2025-06-12 08:00:00,丙烯,延化60万吨/年气体分馏装置
98.39,ST040098,<p>%(v/v)</p>,2025-06-12 08:00:00,丙烷,延化60万吨/年气体分馏装置
0.000,ST040098,"<p>%(v/v)</p>
",2025-06-12 08:00:00,乙烷+乙烯,延化60万吨/年气体分馏装置
0.00,ST040098,<p>%(v/v)</p>,2025-06-12 08:00:00,正丁烷,延化60万吨/年气体分馏装置
0.000,ST040098,"<p>%(v/v)</p>
",2025-06-13 08:00:00,乙烷+乙烯,延化60万吨/年气体分馏装置
0.01,ST040098,<p>%(v/v)</p>,2025-06-13 08:00:00,正丁烯,延化60万吨/年气体分馏装置
0.00,ST040098,<p>%(v/v)</p>,2025-06-13 08:00:00,碳五,延化60万吨/年气体分馏装置
0.00,ST040098,<p>%(v/v)</p>,2025-06-13 08:00:00,异丁烯,延化60万吨/年气体分馏装置
97.85,ST040098,<p>%(v/v)</p>,2025-06-13 08:00:00,丙烷,延化60万吨/年气体分馏装置
0.01,ST040098,<p>%(v/v)</p>,2025-06-13 08:00:00,反丁烯,延化60万吨/年气体分馏装置
0.03,ST040098,<p>%(v/v)</p>,2025-06-13 08:00:00,正丁烷,延化60万吨/年气体分馏装置
0.04,ST040098,<p>%(v/v)</p>,2025-06-13 08:00:00,异丁烷,延化60万吨/年气体分馏装置
2.06,ST040098,<p>%(v/v)</p>,2025-06-13 08:00:00,丙烯,延化60万吨/年气体分馏装置
0.00,ST040098,<p>%(v/v)</p>,2025-06-13 08:00:00,顺丁烯,延化60万吨/年气体分馏装置
0.00,ST040098,<p>%(v/v)</p>,2025-06-14 08:00:00,碳五,延化60万吨/年气体分馏装置
0.00,ST040098,<p>%(v/v)</p>,2025-06-14 08:00:00,异丁烯,延化60万吨/年气体分馏装置
0.00,ST040098,<p>%(v/v)</p>,2025-06-14 08:00:00,顺丁烯,延化60万吨/年气体分馏装置
0.00,ST040098,<p>%(v/v)</p>,2025-06-14 08:00:00,反丁烯,延化60万吨/年气体分馏装置
0.00,ST040098,<p>%(v/v)</p>,2025-06-14 08:00:00,正丁烯,延化60万吨/年气体分馏装置
0.00,ST040098,<p>%(v/v)</p>,2025-06-14 08:00:00,异丁烷,延化60万吨/年气体分馏装置
2.19,ST040098,<p>%(v/v)</p>,2025-06-14 08:00:00,丙烯,延化60万吨/年气体分馏装置
97.81,ST040098,<p>%(v/v)</p>,2025-06-14 08:00:00,丙烷,延化60万吨/年气体分馏装置
0.000,ST040098,"<p>%(v/v)</p>
",2025-06-14 08:00:00,乙烷+乙烯,延化60万吨/年气体分馏装置
0.00,ST040098,<p>%(v/v)</p>,2025-06-14 08:00:00,正丁烷,延化60万吨/年气体分馏装置
0.00,ST040098,<p>%(v/v)</p>,2025-06-15 08:00:00,碳五,延化60万吨/年气体分馏装置
0.00,ST040098,<p>%(v/v)</p>,2025-06-15 08:00:00,异丁烯,延化60万吨/年气体分馏装置
0.00,ST040098,<p>%(v/v)</p>,2025-06-15 08:00:00,顺丁烯,延化60万吨/年气体分馏装置
0.00,ST040098,<p>%(v/v)</p>,2025-06-15 08:00:00,反丁烯,延化60万吨/年气体分馏装置
0.00,ST040098,<p>%(v/v)</p>,2025-06-15 08:00:00,正丁烯,延化60万吨/年气体分馏装置
0.00,ST040098,<p>%(v/v)</p>,2025-06-15 08:00:00,异丁烷,延化60万吨/年气体分馏装置
1.92,ST040098,<p>%(v/v)</p>,2025-06-15 08:00:00,丙烯,延化60万吨/年气体分馏装置
98.08,ST040098,<p>%(v/v)</p>,2025-06-15 08:00:00,丙烷,延化60万吨/年气体分馏装置
0.000,ST040098,"<p>%(v/v)</p>
",2025-06-15 08:00:00,乙烷+乙烯,延化60万吨/年气体分馏装置
0.00,ST040098,<p>%(v/v)</p>,2025-06-15 08:00:00,正丁烷,延化60万吨/年气体分馏装置
0.00,ST040098,<p>%(v/v)</p>,2025-06-16 08:00:00,碳五,延化60万吨/年气体分馏装置
0.00,ST040098,<p>%(v/v)</p>,2025-06-16 08:00:00,异丁烯,延化60万吨/年气体分馏装置
0.00,ST040098,<p>%(v/v)</p>,2025-06-16 08:00:00,顺丁烯,延化60万吨/年气体分馏装置
0.00,ST040098,<p>%(v/v)</p>,2025-06-16 08:00:00,反丁烯,延化60万吨/年气体分馏装置
0.00,ST040098,<p>%(v/v)</p>,2025-06-16 08:00:00,正丁烯,延化60万吨/年气体分馏装置
0.00,ST040098,<p>%(v/v)</p>,2025-06-16 08:00:00,异丁烷,延化60万吨/年气体分馏装置
2.26,ST040098,<p>%(v/v)</p>,2025-06-16 08:00:00,丙烯,延化60万吨/年气体分馏装置
97.74,ST040098,<p>%(v/v)</p>,2025-06-16 08:00:00,丙烷,延化60万吨/年气体分馏装置
0.000,ST040098,"<p>%(v/v)</p>
",2025-06-16 08:00:00,乙烷+乙烯,延化60万吨/年气体分馏装置
0.00,ST040098,<p>%(v/v)</p>,2025-06-16 08:00:00,正丁烷,延化60万吨/年气体分馏装置
0.00,ST040098,<p>%(v/v)</p>,2025-06-17 08:00:00,碳五,延化60万吨/年气体分馏装置
0.00,ST040098,<p>%(v/v)</p>,2025-06-17 08:00:00,异丁烯,延化60万吨/年气体分馏装置
0.00,ST040098,<p>%(v/v)</p>,2025-06-17 08:00:00,顺丁烯,延化60万吨/年气体分馏装置
0.01,ST040098,<p>%(v/v)</p>,2025-06-17 08:00:00,反丁烯,延化60万吨/年气体分馏装置
0.00,ST040098,<p>%(v/v)</p>,2025-06-17 08:00:00,正丁烯,延化60万吨/年气体分馏装置
0.01,ST040098,<p>%(v/v)</p>,2025-06-17 08:00:00,异丁烷,延化60万吨/年气体分馏装置
1.81,ST040098,<p>%(v/v)</p>,2025-06-17 08:00:00,丙烯,延化60万吨/年气体分馏装置
98.16,ST040098,<p>%(v/v)</p>,2025-06-17 08:00:00,丙烷,延化60万吨/年气体分馏装置
0.000,ST040098,"<p>%(v/v)</p>
",2025-06-17 08:00:00,乙烷+乙烯,延化60万吨/年气体分馏装置
0.01,ST040098,<p>%(v/v)</p>,2025-06-17 08:00:00,正丁烷,延化60万吨/年气体分馏装置
0.00,ST040098,<p>%(v/v)</p>,2025-06-18 08:00:00,碳五,延化60万吨/年气体分馏装置
0.00,ST040098,<p>%(v/v)</p>,2025-06-18 08:00:00,异丁烯,延化60万吨/年气体分馏装置
0.00,ST040098,<p>%(v/v)</p>,2025-06-18 08:00:00,顺丁烯,延化60万吨/年气体分馏装置
0.00,ST040098,<p>%(v/v)</p>,2025-06-18 08:00:00,反丁烯,延化60万吨/年气体分馏装置
0.00,ST040098,<p>%(v/v)</p>,2025-06-18 08:00:00,正丁烷,延化60万吨/年气体分馏装置
0.00,ST040098,<p>%(v/v)</p>,2025-06-18 08:00:00,异丁烷,延化60万吨/年气体分馏装置
1.21,ST040098,<p>%(v/v)</p>,2025-06-18 08:00:00,丙烯,延化60万吨/年气体分馏装置
98.79,ST040098,<p>%(v/v)</p>,2025-06-18 08:00:00,丙烷,延化60万吨/年气体分馏装置
0.000,ST040098,"<p>%(v/v)</p>
",2025-06-18 08:00:00,乙烷+乙烯,延化60万吨/年气体分馏装置
0.00,ST040098,<p>%(v/v)</p>,2025-06-18 08:00:00,正丁烯,延化60万吨/年气体分馏装置
0.00,ST040098,<p>%(v/v)</p>,2025-06-19 08:00:00,碳五,延化60万吨/年气体分馏装置
0.00,ST040098,<p>%(v/v)</p>,2025-06-19 08:00:00,异丁烯,延化60万吨/年气体分馏装置
0.00,ST040098,<p>%(v/v)</p>,2025-06-19 08:00:00,顺丁烯,延化60万吨/年气体分馏装置
0.00,ST040098,<p>%(v/v)</p>,2025-06-19 08:00:00,反丁烯,延化60万吨/年气体分馏装置
0.00,ST040098,<p>%(v/v)</p>,2025-06-19 08:00:00,正丁烯,延化60万吨/年气体分馏装置
0.00,ST040098,<p>%(v/v)</p>,2025-06-19 08:00:00,异丁烷,延化60万吨/年气体分馏装置
1.17,ST040098,<p>%(v/v)</p>,2025-06-19 08:00:00,丙烯,延化60万吨/年气体分馏装置
98.83,ST040098,<p>%(v/v)</p>,2025-06-19 08:00:00,丙烷,延化60万吨/年气体分馏装置
0.000,ST040098,"<p>%(v/v)</p>
",2025-06-19 08:00:00,乙烷+乙烯,延化60万吨/年气体分馏装置
0.00,ST040098,<p>%(v/v)</p>,2025-06-19 08:00:00,正丁烷,延化60万吨/年气体分馏装置
0.00,ST040098,<p>%(v/v)</p>,2025-06-20 08:00:00,顺丁烯,延化60万吨/年气体分馏装置
0.00,ST040098,<p>%(v/v)</p>,2025-06-20 08:00:00,反丁烯,延化60万吨/年气体分馏装置
0.00,ST040098,<p>%(v/v)</p>,2025-06-20 08:00:00,正丁烷,延化60万吨/年气体分馏装置
0.00,ST040098,<p>%(v/v)</p>,2025-06-20 08:00:00,异丁烷,延化60万吨/年气体分馏装置
0.00,ST040098,<p>%(v/v)</p>,2025-06-20 08:00:00,异丁烯,延化60万吨/年气体分馏装置
98.93,ST040098,<p>%(v/v)</p>,2025-06-20 08:00:00,丙烷,延化60万吨/年气体分馏装置
0.000,ST040098,"<p>%(v/v)</p>
",2025-06-20 08:00:00,乙烷+乙烯,延化60万吨/年气体分馏装置
0.00,ST040098,<p>%(v/v)</p>,2025-06-20 08:00:00,正丁烯,延化60万吨/年气体分馏装置
0.00,ST040098,<p>%(v/v)</p>,2025-06-20 08:00:00,碳五,延化60万吨/年气体分馏装置
1.07,ST040098,<p>%(v/v)</p>,2025-06-20 08:00:00,丙烯,延化60万吨/年气体分馏装置
0.00,ST040098,<p>%(v/v)</p>,2025-06-21 08:00:00,碳五,延化60万吨/年气体分馏装置
0.00,ST040098,<p>%(v/v)</p>,2025-06-21 08:00:00,异丁烯,延化60万吨/年气体分馏装置
0.00,ST040098,<p>%(v/v)</p>,2025-06-21 08:00:00,顺丁烯,延化60万吨/年气体分馏装置
0.00,ST040098,<p>%(v/v)</p>,2025-06-21 08:00:00,反丁烯,延化60万吨/年气体分馏装置
0.00,ST040098,<p>%(v/v)</p>,2025-06-21 08:00:00,正丁烯,延化60万吨/年气体分馏装置
0.00,ST040098,<p>%(v/v)</p>,2025-06-21 08:00:00,异丁烷,延化60万吨/年气体分馏装置
1.25,ST040098,<p>%(v/v)</p>,2025-06-21 08:00:00,丙烯,延化60万吨/年气体分馏装置
98.75,ST040098,<p>%(v/v)</p>,2025-06-21 08:00:00,丙烷,延化60万吨/年气体分馏装置
0.000,ST040098,"<p>%(v/v)</p>
",2025-06-21 08:00:00,乙烷+乙烯,延化60万吨/年气体分馏装置
0.00,ST040098,<p>%(v/v)</p>,2025-06-21 08:00:00,正丁烷,延化60万吨/年气体分馏装置
0.00,ST040098,<p>%(v/v)</p>,2025-06-22 08:00:00,碳五,延化60万吨/年气体分馏装置
0.00,ST040098,<p>%(v/v)</p>,2025-06-22 08:00:00,异丁烯,延化60万吨/年气体分馏装置
0.00,ST040098,<p>%(v/v)</p>,2025-06-22 08:00:00,顺丁烯,延化60万吨/年气体分馏装置
0.00,ST040098,<p>%(v/v)</p>,2025-06-22 08:00:00,反丁烯,延化60万吨/年气体分馏装置
0.00,ST040098,<p>%(v/v)</p>,2025-06-22 08:00:00,正丁烯,延化60万吨/年气体分馏装置
0.00,ST040098,<p>%(v/v)</p>,2025-06-22 08:00:00,异丁烷,延化60万吨/年气体分馏装置
1.48,ST040098,<p>%(v/v)</p>,2025-06-22 08:00:00,丙烯,延化60万吨/年气体分馏装置
98.52,ST040098,<p>%(v/v)</p>,2025-06-22 08:00:00,丙烷,延化60万吨/年气体分馏装置
0.000,ST040098,"<p>%(v/v)</p>
",2025-06-22 08:00:00,乙烷+乙烯,延化60万吨/年气体分馏装置
0.00,ST040098,<p>%(v/v)</p>,2025-06-22 08:00:00,正丁烷,延化60万吨/年气体分馏装置
0.00,ST040098,<p>%(v/v)</p>,2025-06-23 08:00:00,碳五,延化60万吨/年气体分馏装置
0.00,ST040098,<p>%(v/v)</p>,2025-06-23 08:00:00,异丁烯,延化60万吨/年气体分馏装置
0.00,ST040098,<p>%(v/v)</p>,2025-06-23 08:00:00,顺丁烯,延化60万吨/年气体分馏装置
0.00,ST040098,<p>%(v/v)</p>,2025-06-23 08:00:00,反丁烯,延化60万吨/年气体分馏装置
0.00,ST040098,<p>%(v/v)</p>,2025-06-23 08:00:00,正丁烯,延化60万吨/年气体分馏装置
0.00,ST040098,<p>%(v/v)</p>,2025-06-23 08:00:00,异丁烷,延化60万吨/年气体分馏装置
1.53,ST040098,<p>%(v/v)</p>,2025-06-23 08:00:00,丙烯,延化60万吨/年气体分馏装置
98.47,ST040098,<p>%(v/v)</p>,2025-06-23 08:00:00,丙烷,延化60万吨/年气体分馏装置
0.000,ST040098,"<p>%(v/v)</p>
",2025-06-23 08:00:00,乙烷+乙烯,延化60万吨/年气体分馏装置
0.00,ST040098,<p>%(v/v)</p>,2025-06-23 08:00:00,正丁烷,延化60万吨/年气体分馏装置
0.00,ST040098,<p>%(v/v)</p>,2025-06-24 08:00:00,碳五,延化60万吨/年气体分馏装置
0.00,ST040098,<p>%(v/v)</p>,2025-06-24 08:00:00,异丁烯,延化60万吨/年气体分馏装置
0.00,ST040098,<p>%(v/v)</p>,2025-06-24 08:00:00,顺丁烯,延化60万吨/年气体分馏装置
0.00,ST040098,<p>%(v/v)</p>,2025-06-24 08:00:00,反丁烯,延化60万吨/年气体分馏装置
0.00,ST040098,<p>%(v/v)</p>,2025-06-24 08:00:00,正丁烯,延化60万吨/年气体分馏装置
0.00,ST040098,<p>%(v/v)</p>,2025-06-24 08:00:00,异丁烷,延化60万吨/年气体分馏装置
1.39,ST040098,<p>%(v/v)</p>,2025-06-24 08:00:00,丙烯,延化60万吨/年气体分馏装置
98.61,ST040098,<p>%(v/v)</p>,2025-06-24 08:00:00,丙烷,延化60万吨/年气体分馏装置
0.000,ST040098,"<p>%(v/v)</p>
",2025-06-24 08:00:00,乙烷+乙烯,延化60万吨/年气体分馏装置
0.00,ST040098,<p>%(v/v)</p>,2025-06-24 08:00:00,正丁烷,延化60万吨/年气体分馏装置
0.00,ST040098,<p>%(v/v)</p>,2025-06-25 08:00:00,碳五,延化60万吨/年气体分馏装置
0.00,ST040098,<p>%(v/v)</p>,2025-06-25 08:00:00,异丁烯,延化60万吨/年气体分馏装置
0.00,ST040098,<p>%(v/v)</p>,2025-06-25 08:00:00,顺丁烯,延化60万吨/年气体分馏装置
0.00,ST040098,<p>%(v/v)</p>,2025-06-25 08:00:00,反丁烯,延化60万吨/年气体分馏装置
0.00,ST040098,<p>%(v/v)</p>,2025-06-25 08:00:00,正丁烯,延化60万吨/年气体分馏装置
0.00,ST040098,<p>%(v/v)</p>,2025-06-25 08:00:00,异丁烷,延化60万吨/年气体分馏装置
1.27,ST040098,<p>%(v/v)</p>,2025-06-25 08:00:00,丙烯,延化60万吨/年气体分馏装置
98.73,ST040098,<p>%(v/v)</p>,2025-06-25 08:00:00,丙烷,延化60万吨/年气体分馏装置
0.000,ST040098,"<p>%(v/v)</p>
",2025-06-25 08:00:00,乙烷+乙烯,延化60万吨/年气体分馏装置
0.00,ST040098,<p>%(v/v)</p>,2025-06-25 08:00:00,正丁烷,延化60万吨/年气体分馏装置
1.35,ST040098,<p>%(v/v)</p>,2025-06-26 08:00:00,丙烯,延化60万吨/年气体分馏装置
98.65,ST040098,<p>%(v/v)</p>,2025-06-26 08:00:00,丙烷,延化60万吨/年气体分馏装置
0.000,ST040098,"<p>%(v/v)</p>
",2025-06-26 08:00:00,乙烷+乙烯,延化60万吨/年气体分馏装置
0.00,ST040098,<p>%(v/v)</p>,2025-06-26 08:00:00,正丁烯,延化60万吨/年气体分馏装置
0.00,ST040098,<p>%(v/v)</p>,2025-06-26 08:00:00,异丁烷,延化60万吨/年气体分馏装置
0.00,ST040098,<p>%(v/v)</p>,2025-06-26 08:00:00,异丁烯,延化60万吨/年气体分馏装置
0.00,ST040098,<p>%(v/v)</p>,2025-06-26 08:00:00,顺丁烯,延化60万吨/年气体分馏装置
0.00,ST040098,<p>%(v/v)</p>,2025-06-26 08:00:00,反丁烯,延化60万吨/年气体分馏装置
0.00,ST040098,<p>%(v/v)</p>,2025-06-26 08:00:00,正丁烷,延化60万吨/年气体分馏装置
0.00,ST040098,<p>%(v/v)</p>,2025-06-26 08:00:00,碳五,延化60万吨/年气体分馏装置
0.00,ST040098,<p>%(v/v)</p>,2025-06-27 08:00:00,碳五,延化60万吨/年气体分馏装置
0.00,ST040098,<p>%(v/v)</p>,2025-06-27 08:00:00,异丁烯,延化60万吨/年气体分馏装置
0.00,ST040098,<p>%(v/v)</p>,2025-06-27 08:00:00,顺丁烯,延化60万吨/年气体分馏装置
0.00,ST040098,<p>%(v/v)</p>,2025-06-27 08:00:00,反丁烯,延化60万吨/年气体分馏装置
0.00,ST040098,<p>%(v/v)</p>,2025-06-27 08:00:00,正丁烯,延化60万吨/年气体分馏装置
0.00,ST040098,<p>%(v/v)</p>,2025-06-27 08:00:00,异丁烷,延化60万吨/年气体分馏装置
1.28,ST040098,<p>%(v/v)</p>,2025-06-27 08:00:00,丙烯,延化60万吨/年气体分馏装置
98.72,ST040098,<p>%(v/v)</p>,2025-06-27 08:00:00,丙烷,延化60万吨/年气体分馏装置
0.000,ST040098,"<p>%(v/v)</p>
",2025-06-27 08:00:00,乙烷+乙烯,延化60万吨/年气体分馏装置
0.00,ST040098,<p>%(v/v)</p>,2025-06-27 08:00:00,正丁烷,延化60万吨/年气体分馏装置
0.00,ST040098,<p>%(v/v)</p>,2025-06-28 08:00:00,碳五,延化60万吨/年气体分馏装置
0.00,ST040098,<p>%(v/v)</p>,2025-06-28 08:00:00,异丁烯,延化60万吨/年气体分馏装置
0.00,ST040098,<p>%(v/v)</p>,2025-06-28 08:00:00,顺丁烯,延化60万吨/年气体分馏装置
0.00,ST040098,<p>%(v/v)</p>,2025-06-28 08:00:00,反丁烯,延化60万吨/年气体分馏装置
0.00,ST040098,<p>%(v/v)</p>,2025-06-28 08:00:00,正丁烯,延化60万吨/年气体分馏装置
0.00,ST040098,<p>%(v/v)</p>,2025-06-28 08:00:00,异丁烷,延化60万吨/年气体分馏装置
1.93,ST040098,<p>%(v/v)</p>,2025-06-28 08:00:00,丙烯,延化60万吨/年气体分馏装置
98.07,ST040098,<p>%(v/v)</p>,2025-06-28 08:00:00,丙烷,延化60万吨/年气体分馏装置
0.000,ST040098,"<p>%(v/v)</p>
",2025-06-28 08:00:00,乙烷+乙烯,延化60万吨/年气体分馏装置
0.00,ST040098,<p>%(v/v)</p>,2025-06-28 08:00:00,正丁烷,延化60万吨/年气体分馏装置
0.00,ST040098,<p>%(v/v)</p>,2025-06-29 08:00:00,碳五,延化60万吨/年气体分馏装置
0.00,ST040098,<p>%(v/v)</p>,2025-06-29 08:00:00,异丁烯,延化60万吨/年气体分馏装置
0.02,ST040098,<p>%(v/v)</p>,2025-06-29 08:00:00,顺丁烯,延化60万吨/年气体分馏装置
0.01,ST040098,<p>%(v/v)</p>,2025-06-29 08:00:00,反丁烯,延化60万吨/年气体分馏装置
0.00,ST040098,<p>%(v/v)</p>,2025-06-29 08:00:00,正丁烯,延化60万吨/年气体分馏装置
0.03,ST040098,<p>%(v/v)</p>,2025-06-29 08:00:00,异丁烷,延化60万吨/年气体分馏装置
1.59,ST040098,<p>%(v/v)</p>,2025-06-29 08:00:00,丙烯,延化60万吨/年气体分馏装置
98.34,ST040098,<p>%(v/v)</p>,2025-06-29 08:00:00,丙烷,延化60万吨/年气体分馏装置
0.000,ST040098,"<p>%(v/v)</p>
",2025-06-29 08:00:00,乙烷+乙烯,延化60万吨/年气体分馏装置
0.01,ST040098,<p>%(v/v)</p>,2025-06-29 08:00:00,正丁烷,延化60万吨/年气体分馏装置
0.00,ST040098,<p>%(v/v)</p>,2025-06-30 08:00:00,碳五,延化60万吨/年气体分馏装置
0.00,ST040098,<p>%(v/v)</p>,2025-06-30 08:00:00,异丁烯,延化60万吨/年气体分馏装置
0.00,ST040098,<p>%(v/v)</p>,2025-06-30 08:00:00,顺丁烯,延化60万吨/年气体分馏装置
0.01,ST040098,<p>%(v/v)</p>,2025-06-30 08:00:00,反丁烯,延化60万吨/年气体分馏装置
0.00,ST040098,<p>%(v/v)</p>,2025-06-30 08:00:00,正丁烯,延化60万吨/年气体分馏装置
0.03,ST040098,<p>%(v/v)</p>,2025-06-30 08:00:00,异丁烷,延化60万吨/年气体分馏装置
1.46,ST040098,<p>%(v/v)</p>,2025-06-30 08:00:00,丙烯,延化60万吨/年气体分馏装置
98.48,ST040098,<p>%(v/v)</p>,2025-06-30 08:00:00,丙烷,延化60万吨/年气体分馏装置
0.000,ST040098,"<p>%(v/v)</p>
",2025-06-30 08:00:00,乙烷+乙烯,延化60万吨/年气体分馏装置
0.02,ST040098,<p>%(v/v)</p>,2025-06-30 08:00:00,正丁烷,延化60万吨/年气体分馏装置
0.00,ST040098,<p>%(v/v)</p>,2025-07-01 08:00:00,碳五,延化60万吨/年气体分馏装置
0.00,ST040098,<p>%(v/v)</p>,2025-07-01 08:00:00,异丁烯,延化60万吨/年气体分馏装置
0.00,ST040098,<p>%(v/v)</p>,2025-07-01 08:00:00,顺丁烯,延化60万吨/年气体分馏装置
0.00,ST040098,<p>%(v/v)</p>,2025-07-01 08:00:00,反丁烯,延化60万吨/年气体分馏装置
0.00,ST040098,<p>%(v/v)</p>,2025-07-01 08:00:00,正丁烯,延化60万吨/年气体分馏装置
0.01,ST040098,<p>%(v/v)</p>,2025-07-01 08:00:00,异丁烷,延化60万吨/年气体分馏装置
1.19,ST040098,<p>%(v/v)</p>,2025-07-01 08:00:00,丙烯,延化60万吨/年气体分馏装置
98.80,ST040098,<p>%(v/v)</p>,2025-07-01 08:00:00,丙烷,延化60万吨/年气体分馏装置
0.000,ST040098,"<p>%(v/v)</p>
",2025-07-01 08:00:00,乙烷+乙烯,延化60万吨/年气体分馏装置
0.00,ST040098,<p>%(v/v)</p>,2025-07-01 08:00:00,正丁烷,延化60万吨/年气体分馏装置
0.00,ST040098,<p>%(v/v)</p>,2025-07-02 08:00:00,碳五,延化60万吨/年气体分馏装置
0.00,ST040098,<p>%(v/v)</p>,2025-07-02 08:00:00,异丁烯,延化60万吨/年气体分馏装置
0.00,ST040098,<p>%(v/v)</p>,2025-07-02 08:00:00,顺丁烯,延化60万吨/年气体分馏装置
0.00,ST040098,<p>%(v/v)</p>,2025-07-02 08:00:00,反丁烯,延化60万吨/年气体分馏装置
0.00,ST040098,<p>%(v/v)</p>,2025-07-02 08:00:00,正丁烯,延化60万吨/年气体分馏装置
0.00,ST040098,<p>%(v/v)</p>,2025-07-02 08:00:00,异丁烷,延化60万吨/年气体分馏装置
0.03,ST040098,<p>%(v/v)</p>,2025-07-02 08:00:00,丙烯,延化60万吨/年气体分馏装置
99.97,ST040098,<p>%(v/v)</p>,2025-07-02 08:00:00,丙烷,延化60万吨/年气体分馏装置
0.000,ST040098,"<p>%(v/v)</p>
",2025-07-02 08:00:00,乙烷+乙烯,延化60万吨/年气体分馏装置
0.00,ST040098,<p>%(v/v)</p>,2025-07-02 08:00:00,正丁烷,延化60万吨/年气体分馏装置
0.00,ST040098,<p>%(v/v)</p>,2025-07-03 08:00:00,碳五,延化60万吨/年气体分馏装置
0.00,ST040098,<p>%(v/v)</p>,2025-07-03 08:00:00,异丁烯,延化60万吨/年气体分馏装置
0.00,ST040098,<p>%(v/v)</p>,2025-07-03 08:00:00,顺丁烯,延化60万吨/年气体分馏装置
0.00,ST040098,<p>%(v/v)</p>,2025-07-03 08:00:00,反丁烯,延化60万吨/年气体分馏装置
0.00,ST040098,<p>%(v/v)</p>,2025-07-03 08:00:00,正丁烯,延化60万吨/年气体分馏装置
0.00,ST040098,<p>%(v/v)</p>,2025-07-03 08:00:00,异丁烷,延化60万吨/年气体分馏装置
0.13,ST040098,<p>%(v/v)</p>,2025-07-03 08:00:00,丙烯,延化60万吨/年气体分馏装置
99.87,ST040098,<p>%(v/v)</p>,2025-07-03 08:00:00,丙烷,延化60万吨/年气体分馏装置
0.000,ST040098,"<p>%(v/v)</p>
",2025-07-03 08:00:00,乙烷+乙烯,延化60万吨/年气体分馏装置
0.00,ST040098,<p>%(v/v)</p>,2025-07-03 08:00:00,正丁烷,延化60万吨/年气体分馏装置
0.00,ST040098,<p>%(v/v)</p>,2025-07-04 08:00:00,碳五,延化60万吨/年气体分馏装置
0.00,ST040098,<p>%(v/v)</p>,2025-07-04 08:00:00,异丁烯,延化60万吨/年气体分馏装置
0.00,ST040098,<p>%(v/v)</p>,2025-07-04 08:00:00,顺丁烯,延化60万吨/年气体分馏装置
0.01,ST040098,<p>%(v/v)</p>,2025-07-04 08:00:00,反丁烯,延化60万吨/年气体分馏装置
0.01,ST040098,<p>%(v/v)</p>,2025-07-04 08:00:00,正丁烯,延化60万吨/年气体分馏装置
0.03,ST040098,<p>%(v/v)</p>,2025-07-04 08:00:00,异丁烷,延化60万吨/年气体分馏装置
1.07,ST040098,<p>%(v/v)</p>,2025-07-04 08:00:00,丙烯,延化60万吨/年气体分馏装置
98.87,ST040098,<p>%(v/v)</p>,2025-07-04 08:00:00,丙烷,延化60万吨/年气体分馏装置
0.000,ST040098,"<p>%(v/v)</p>
",2025-07-04 08:00:00,乙烷+乙烯,延化60万吨/年气体分馏装置
0.01,ST040098,<p>%(v/v)</p>,2025-07-04 08:00:00,正丁烷,延化60万吨/年气体分馏装置
0.00,ST040098,<p>%(v/v)</p>,2025-07-05 08:00:00,碳五,延化60万吨/年气体分馏装置
0.00,ST040098,<p>%(v/v)</p>,2025-07-05 08:00:00,异丁烯,延化60万吨/年气体分馏装置
0.01,ST040098,<p>%(v/v)</p>,2025-07-05 08:00:00,顺丁烯,延化60万吨/年气体分馏装置
0.01,ST040098,<p>%(v/v)</p>,2025-07-05 08:00:00,反丁烯,延化60万吨/年气体分馏装置
0.01,ST040098,<p>%(v/v)</p>,2025-07-05 08:00:00,正丁烯,延化60万吨/年气体分馏装置
0.03,ST040098,<p>%(v/v)</p>,2025-07-05 08:00:00,异丁烷,延化60万吨/年气体分馏装置
1.29,ST040098,<p>%(v/v)</p>,2025-07-05 08:00:00,丙烯,延化60万吨/年气体分馏装置
98.64,ST040098,<p>%(v/v)</p>,2025-07-05 08:00:00,丙烷,延化60万吨/年气体分馏装置
0.000,ST040098,"<p>%(v/v)</p>
",2025-07-05 08:00:00,乙烷+乙烯,延化60万吨/年气体分馏装置
0.01,ST040098,<p>%(v/v)</p>,2025-07-05 08:00:00,正丁烷,延化60万吨/年气体分馏装置
0.00,ST040098,<p>%(v/v)</p>,2025-07-06 08:00:00,碳五,延化60万吨/年气体分馏装置
0.00,ST040098,<p>%(v/v)</p>,2025-07-06 08:00:00,异丁烯,延化60万吨/年气体分馏装置
0.00,ST040098,<p>%(v/v)</p>,2025-07-06 08:00:00,顺丁烯,延化60万吨/年气体分馏装置
0.01,ST040098,<p>%(v/v)</p>,2025-07-06 08:00:00,反丁烯,延化60万吨/年气体分馏装置
0.00,ST040098,<p>%(v/v)</p>,2025-07-06 08:00:00,正丁烯,延化60万吨/年气体分馏装置
0.02,ST040098,<p>%(v/v)</p>,2025-07-06 08:00:00,异丁烷,延化60万吨/年气体分馏装置
1.09,ST040098,<p>%(v/v)</p>,2025-07-06 08:00:00,丙烯,延化60万吨/年气体分馏装置
98.87,ST040098,<p>%(v/v)</p>,2025-07-06 08:00:00,丙烷,延化60万吨/年气体分馏装置
0.000,ST040098,"<p>%(v/v)</p>
",2025-07-06 08:00:00,乙烷+乙烯,延化60万吨/年气体分馏装置
0.01,ST040098,<p>%(v/v)</p>,2025-07-06 08:00:00,正丁烷,延化60万吨/年气体分馏装置
0.01,ST040098,<p>%(v/v)</p>,2025-07-07 08:00:00,正丁烷,延化60万吨/年气体分馏装置
0.02,ST040098,<p>%(v/v)</p>,2025-07-07 08:00:00,异丁烷,延化60万吨/年气体分馏装置
1.25,ST040098,<p>%(v/v)</p>,2025-07-07 08:00:00,丙烯,延化60万吨/年气体分馏装置
98.71,ST040098,<p>%(v/v)</p>,2025-07-07 08:00:00,丙烷,延化60万吨/年气体分馏装置
0.01,ST040098,<p>%(v/v)</p>,2025-07-07 08:00:00,反丁烯,延化60万吨/年气体分馏装置
0.00,ST040098,<p>%(v/v)</p>,2025-07-07 08:00:00,正丁烯,延化60万吨/年气体分馏装置
0.00,ST040098,<p>%(v/v)</p>,2025-07-07 08:00:00,碳五,延化60万吨/年气体分馏装置
0.00,ST040098,<p>%(v/v)</p>,2025-07-07 08:00:00,异丁烯,延化60万吨/年气体分馏装置
0.00,ST040098,<p>%(v/v)</p>,2025-07-07 08:00:00,顺丁烯,延化60万吨/年气体分馏装置
0.000,ST040098,"<p>%(v/v)</p>
",2025-07-07 08:00:00,乙烷+乙烯,延化60万吨/年气体分馏装置
0.00,ST040098,<p>%(v/v)</p>,2025-07-08 08:00:00,碳五,延化60万吨/年气体分馏装置
0.00,ST040098,<p>%(v/v)</p>,2025-07-08 08:00:00,异丁烯,延化60万吨/年气体分馏装置
0.00,ST040098,<p>%(v/v)</p>,2025-07-08 08:00:00,顺丁烯,延化60万吨/年气体分馏装置
0.01,ST040098,<p>%(v/v)</p>,2025-07-08 08:00:00,反丁烯,延化60万吨/年气体分馏装置
0.00,ST040098,<p>%(v/v)</p>,2025-07-08 08:00:00,正丁烯,延化60万吨/年气体分馏装置
0.03,ST040098,<p>%(v/v)</p>,2025-07-08 08:00:00,异丁烷,延化60万吨/年气体分馏装置
1.11,ST040098,<p>%(v/v)</p>,2025-07-08 08:00:00,丙烯,延化60万吨/年气体分馏装置
98.84,ST040098,<p>%(v/v)</p>,2025-07-08 08:00:00,丙烷,延化60万吨/年气体分馏装置
0.000,ST040098,"<p>%(v/v)</p>
",2025-07-08 08:00:00,乙烷+乙烯,延化60万吨/年气体分馏装置
0.01,ST040098,<p>%(v/v)</p>,2025-07-08 08:00:00,正丁烷,延化60万吨/年气体分馏装置
0.00,ST040098,<p>%(v/v)</p>,2025-07-09 08:00:00,碳五,延化60万吨/年气体分馏装置
0.00,ST040098,<p>%(v/v)</p>,2025-07-09 08:00:00,异丁烯,延化60万吨/年气体分馏装置
0.00,ST040098,<p>%(v/v)</p>,2025-07-09 08:00:00,顺丁烯,延化60万吨/年气体分馏装置
0.00,ST040098,<p>%(v/v)</p>,2025-07-09 08:00:00,反丁烯,延化60万吨/年气体分馏装置
0.00,ST040098,<p>%(v/v)</p>,2025-07-09 08:00:00,正丁烯,延化60万吨/年气体分馏装置
0.00,ST040098,<p>%(v/v)</p>,2025-07-09 08:00:00,异丁烷,延化60万吨/年气体分馏装置
1.17,ST040098,<p>%(v/v)</p>,2025-07-09 08:00:00,丙烯,延化60万吨/年气体分馏装置
98.83,ST040098,<p>%(v/v)</p>,2025-07-09 08:00:00,丙烷,延化60万吨/年气体分馏装置
0.000,ST040098,"<p>%(v/v)</p>
",2025-07-09 08:00:00,乙烷+乙烯,延化60万吨/年气体分馏装置
0.00,ST040098,<p>%(v/v)</p>,2025-07-09 08:00:00,正丁烷,延化60万吨/年气体分馏装置
0.00,ST040098,<p>%(v/v)</p>,2025-07-10 08:00:00,碳五,延化60万吨/年气体分馏装置
0.00,ST040098,<p>%(v/v)</p>,2025-07-10 08:00:00,异丁烯,延化60万吨/年气体分馏装置
0.00,ST040098,<p>%(v/v)</p>,2025-07-10 08:00:00,顺丁烯,延化60万吨/年气体分馏装置
0.00,ST040098,<p>%(v/v)</p>,2025-07-10 08:00:00,反丁烯,延化60万吨/年气体分馏装置
0.00,ST040098,<p>%(v/v)</p>,2025-07-10 08:00:00,正丁烯,延化60万吨/年气体分馏装置
0.00,ST040098,<p>%(v/v)</p>,2025-07-10 08:00:00,异丁烷,延化60万吨/年气体分馏装置
0.85,ST040098,<p>%(v/v)</p>,2025-07-10 08:00:00,丙烯,延化60万吨/年气体分馏装置
99.15,ST040098,<p>%(v/v)</p>,2025-07-10 08:00:00,丙烷,延化60万吨/年气体分馏装置
0.000,ST040098,"<p>%(v/v)</p>
",2025-07-10 08:00:00,乙烷+乙烯,延化60万吨/年气体分馏装置
0.00,ST040098,<p>%(v/v)</p>,2025-07-10 08:00:00,正丁烷,延化60万吨/年气体分馏装置
0.00,ST040098,<p>%(v/v)</p>,2025-07-11 08:00:00,碳五,延化60万吨/年气体分馏装置
0.00,ST040098,<p>%(v/v)</p>,2025-07-11 08:00:00,异丁烯,延化60万吨/年气体分馏装置
0.01,ST040098,<p>%(v/v)</p>,2025-07-11 08:00:00,顺丁烯,延化60万吨/年气体分馏装置
0.02,ST040098,<p>%(v/v)</p>,2025-07-11 08:00:00,反丁烯,延化60万吨/年气体分馏装置
0.01,ST040098,<p>%(v/v)</p>,2025-07-11 08:00:00,正丁烯,延化60万吨/年气体分馏装置
0.02,ST040098,<p>%(v/v)</p>,2025-07-11 08:00:00,异丁烷,延化60万吨/年气体分馏装置
2.68,ST040098,<p>%(v/v)</p>,2025-07-11 08:00:00,丙烯,延化60万吨/年气体分馏装置
97.26,ST040098,<p>%(v/v)</p>,2025-07-11 08:00:00,丙烷,延化60万吨/年气体分馏装置
0.000,ST040098,"<p>%(v/v)</p>
",2025-07-11 08:00:00,乙烷+乙烯,延化60万吨/年气体分馏装置
0.00,ST040098,<p>%(v/v)</p>,2025-07-11 08:00:00,正丁烷,延化60万吨/年气体分馏装置
0.00,ST040098,<p>%(v/v)</p>,2025-07-12 08:00:00,碳五,延化60万吨/年气体分馏装置
0.00,ST040098,<p>%(v/v)</p>,2025-07-12 08:00:00,异丁烯,延化60万吨/年气体分馏装置
0.00,ST040098,<p>%(v/v)</p>,2025-07-12 08:00:00,顺丁烯,延化60万吨/年气体分馏装置
0.00,ST040098,<p>%(v/v)</p>,2025-07-12 08:00:00,反丁烯,延化60万吨/年气体分馏装置
0.00,ST040098,<p>%(v/v)</p>,2025-07-12 08:00:00,正丁烯,延化60万吨/年气体分馏装置
0.00,ST040098,<p>%(v/v)</p>,2025-07-12 08:00:00,异丁烷,延化60万吨/年气体分馏装置
0.85,ST040098,<p>%(v/v)</p>,2025-07-12 08:00:00,丙烯,延化60万吨/年气体分馏装置
99.15,ST040098,<p>%(v/v)</p>,2025-07-12 08:00:00,丙烷,延化60万吨/年气体分馏装置
0.000,ST040098,"<p>%(v/v)</p>
",2025-07-12 08:00:00,乙烷+乙烯,延化60万吨/年气体分馏装置
0.00,ST040098,<p>%(v/v)</p>,2025-07-12 08:00:00,正丁烷,延化60万吨/年气体分馏装置
0.000,ST040098,"<p>%(v/v)</p>
",2025-07-13 08:00:00,乙烷+乙烯,延化60万吨/年气体分馏装置
0.00,ST040098,<p>%(v/v)</p>,2025-07-13 08:00:00,正丁烯,延化60万吨/年气体分馏装置
0.00,ST040098,<p>%(v/v)</p>,2025-07-13 08:00:00,碳五,延化60万吨/年气体分馏装置
0.00,ST040098,<p>%(v/v)</p>,2025-07-13 08:00:00,异丁烯,延化60万吨/年气体分馏装置
99.27,ST040098,<p>%(v/v)</p>,2025-07-13 08:00:00,丙烷,延化60万吨/年气体分馏装置
0.00,ST040098,<p>%(v/v)</p>,2025-07-13 08:00:00,反丁烯,延化60万吨/年气体分馏装置
0.00,ST040098,<p>%(v/v)</p>,2025-07-13 08:00:00,正丁烷,延化60万吨/年气体分馏装置
0.01,ST040098,<p>%(v/v)</p>,2025-07-13 08:00:00,异丁烷,延化60万吨/年气体分馏装置
0.72,ST040098,<p>%(v/v)</p>,2025-07-13 08:00:00,丙烯,延化60万吨/年气体分馏装置
0.00,ST040098,<p>%(v/v)</p>,2025-07-13 08:00:00,顺丁烯,延化60万吨/年气体分馏装置
0.00,ST040098,<p>%(v/v)</p>,2025-07-14 08:00:00,碳五,延化60万吨/年气体分馏装置
0.00,ST040098,<p>%(v/v)</p>,2025-07-14 08:00:00,异丁烯,延化60万吨/年气体分馏装置
0.00,ST040098,<p>%(v/v)</p>,2025-07-14 08:00:00,顺丁烯,延化60万吨/年气体分馏装置
0.00,ST040098,<p>%(v/v)</p>,2025-07-14 08:00:00,反丁烯,延化60万吨/年气体分馏装置
0.00,ST040098,<p>%(v/v)</p>,2025-07-14 08:00:00,正丁烯,延化60万吨/年气体分馏装置
0.00,ST040098,<p>%(v/v)</p>,2025-07-14 08:00:00,异丁烷,延化60万吨/年气体分馏装置
0.52,ST040098,<p>%(v/v)</p>,2025-07-14 08:00:00,丙烯,延化60万吨/年气体分馏装置
99.48,ST040098,<p>%(v/v)</p>,2025-07-14 08:00:00,丙烷,延化60万吨/年气体分馏装置
0.000,ST040098,"<p>%(v/v)</p>
",2025-07-14 08:00:00,乙烷+乙烯,延化60万吨/年气体分馏装置
0.00,ST040098,<p>%(v/v)</p>,2025-07-14 08:00:00,正丁烷,延化60万吨/年气体分馏装置
0.00,ST040098,<p>%(v/v)</p>,2025-07-15 08:00:00,碳五,延化60万吨/年气体分馏装置
0.00,ST040098,<p>%(v/v)</p>,2025-07-15 08:00:00,异丁烯,延化60万吨/年气体分馏装置
0.00,ST040098,<p>%(v/v)</p>,2025-07-15 08:00:00,顺丁烯,延化60万吨/年气体分馏装置
0.00,ST040098,<p>%(v/v)</p>,2025-07-15 08:00:00,反丁烯,延化60万吨/年气体分馏装置
0.00,ST040098,<p>%(v/v)</p>,2025-07-15 08:00:00,正丁烯,延化60万吨/年气体分馏装置
0.00,ST040098,<p>%(v/v)</p>,2025-07-15 08:00:00,异丁烷,延化60万吨/年气体分馏装置
0.66,ST040098,<p>%(v/v)</p>,2025-07-15 08:00:00,丙烯,延化60万吨/年气体分馏装置
99.34,ST040098,<p>%(v/v)</p>,2025-07-15 08:00:00,丙烷,延化60万吨/年气体分馏装置
0.000,ST040098,"<p>%(v/v)</p>
",2025-07-15 08:00:00,乙烷+乙烯,延化60万吨/年气体分馏装置
0.00,ST040098,<p>%(v/v)</p>,2025-07-15 08:00:00,正丁烷,延化60万吨/年气体分馏装置
0.00,ST040098,<p>%(v/v)</p>,2025-07-16 08:00:00,碳五,延化60万吨/年气体分馏装置
0.00,ST040098,<p>%(v/v)</p>,2025-07-16 08:00:00,异丁烯,延化60万吨/年气体分馏装置
0.00,ST040098,<p>%(v/v)</p>,2025-07-16 08:00:00,顺丁烯,延化60万吨/年气体分馏装置
0.00,ST040098,<p>%(v/v)</p>,2025-07-16 08:00:00,反丁烯,延化60万吨/年气体分馏装置
0.00,ST040098,<p>%(v/v)</p>,2025-07-16 08:00:00,正丁烯,延化60万吨/年气体分馏装置
0.01,ST040098,<p>%(v/v)</p>,2025-07-16 08:00:00,异丁烷,延化60万吨/年气体分馏装置
0.76,ST040098,<p>%(v/v)</p>,2025-07-16 08:00:00,丙烯,延化60万吨/年气体分馏装置
99.23,ST040098,<p>%(v/v)</p>,2025-07-16 08:00:00,丙烷,延化60万吨/年气体分馏装置
0.000,ST040098,"<p>%(v/v)</p>
",2025-07-16 08:00:00,乙烷+乙烯,延化60万吨/年气体分馏装置
0.00,ST040098,<p>%(v/v)</p>,2025-07-16 08:00:00,正丁烷,延化60万吨/年气体分馏装置
0.00,ST040098,<p>%(v/v)</p>,2025-07-18 08:00:00,碳五,延化60万吨/年气体分馏装置
0.00,ST040098,<p>%(v/v)</p>,2025-07-18 08:00:00,异丁烯,延化60万吨/年气体分馏装置
0.00,ST040098,<p>%(v/v)</p>,2025-07-18 08:00:00,顺丁烯,延化60万吨/年气体分馏装置
0.00,ST040098,<p>%(v/v)</p>,2025-07-18 08:00:00,反丁烯,延化60万吨/年气体分馏装置
0.00,ST040098,<p>%(v/v)</p>,2025-07-18 08:00:00,正丁烷,延化60万吨/年气体分馏装置
0.00,ST040098,<p>%(v/v)</p>,2025-07-18 08:00:00,异丁烷,延化60万吨/年气体分馏装置
2.40,ST040098,<p>%(v/v)</p>,2025-07-18 08:00:00,丙烯,延化60万吨/年气体分馏装置
97.60,ST040098,<p>%(v/v)</p>,2025-07-18 08:00:00,丙烷,延化60万吨/年气体分馏装置
0.000,ST040098,"<p>%(v/v)</p>
",2025-07-18 08:00:00,乙烷+乙烯,延化60万吨/年气体分馏装置
0.00,ST040098,<p>%(v/v)</p>,2025-07-18 08:00:00,正丁烯,延化60万吨/年气体分馏装置
0.00,ST040098,<p>%(v/v)</p>,2025-07-19 08:00:00,碳五,延化60万吨/年气体分馏装置
0.00,ST040098,<p>%(v/v)</p>,2025-07-19 08:00:00,异丁烯,延化60万吨/年气体分馏装置
0.00,ST040098,<p>%(v/v)</p>,2025-07-19 08:00:00,顺丁烯,延化60万吨/年气体分馏装置
0.00,ST040098,<p>%(v/v)</p>,2025-07-19 08:00:00,反丁烯,延化60万吨/年气体分馏装置
0.00,ST040098,<p>%(v/v)</p>,2025-07-19 08:00:00,正丁烯,延化60万吨/年气体分馏装置
0.01,ST040098,<p>%(v/v)</p>,2025-07-19 08:00:00,异丁烷,延化60万吨/年气体分馏装置
1.91,ST040098,<p>%(v/v)</p>,2025-07-19 08:00:00,丙烯,延化60万吨/年气体分馏装置
98.08,ST040098,<p>%(v/v)</p>,2025-07-19 08:00:00,丙烷,延化60万吨/年气体分馏装置
0.000,ST040098,"<p>%(v/v)</p>
",2025-07-19 08:00:00,乙烷+乙烯,延化60万吨/年气体分馏装置
0.00,ST040098,<p>%(v/v)</p>,2025-07-19 08:00:00,正丁烷,延化60万吨/年气体分馏装置
0.00,ST040098,<p>%(v/v)</p>,2025-07-20 08:00:00,碳五,延化60万吨/年气体分馏装置
0.01,ST040098,<p>%(v/v)</p>,2025-07-20 08:00:00,正丁烯,延化60万吨/年气体分馏装置
0.000,ST040098,"<p>%(v/v)</p>
",2025-07-20 08:00:00,乙烷+乙烯,延化60万吨/年气体分馏装置
95.06,ST040098,<p>%(v/v)</p>,2025-07-20 08:00:00,丙烷,延化60万吨/年气体分馏装置
0.00,ST040098,<p>%(v/v)</p>,2025-07-20 08:00:00,异丁烯,延化60万吨/年气体分馏装置
0.02,ST040098,<p>%(v/v)</p>,2025-07-20 08:00:00,异丁烷,延化60万吨/年气体分馏装置
0.01,ST040098,<p>%(v/v)</p>,2025-07-20 08:00:00,正丁烷,延化60万吨/年气体分馏装置
0.01,ST040098,<p>%(v/v)</p>,2025-07-20 08:00:00,反丁烯,延化60万吨/年气体分馏装置
0.01,ST040098,<p>%(v/v)</p>,2025-07-20 08:00:00,顺丁烯,延化60万吨/年气体分馏装置
4.88,ST040098,<p>%(v/v)</p>,2025-07-20 08:00:00,丙烯,延化60万吨/年气体分馏装置
0.01,ST040098,<p>%(v/v)</p>,2025-07-20 13:00:00,碳五,延化60万吨/年气体分馏装置
0.01,ST040098,<p>%(v/v)</p>,2025-07-20 13:00:00,正丁烯,延化60万吨/年气体分馏装置
0.000,ST040098,"<p>%(v/v)</p>
",2025-07-20 13:00:00,乙烷+乙烯,延化60万吨/年气体分馏装置
97.64,ST040098,<p>%(v/v)</p>,2025-07-20 13:00:00,丙烷,延化60万吨/年气体分馏装置
2.28,ST040098,<p>%(v/v)</p>,2025-07-20 13:00:00,丙烯,延化60万吨/年气体分馏装置
0.02,ST040098,<p>%(v/v)</p>,2025-07-20 13:00:00,异丁烷,延化60万吨/年气体分馏装置
0.01,ST040098,<p>%(v/v)</p>,2025-07-20 13:00:00,正丁烷,延化60万吨/年气体分馏装置
0.01,ST040098,<p>%(v/v)</p>,2025-07-20 13:00:00,异丁烯,延化60万吨/年气体分馏装置
0.01,ST040098,<p>%(v/v)</p>,2025-07-20 13:00:00,顺丁烯,延化60万吨/年气体分馏装置
0.01,ST040098,<p>%(v/v)</p>,2025-07-20 13:00:00,反丁烯,延化60万吨/年气体分馏装置
0.00,ST040098,<p>%(v/v)</p>,2025-07-21 08:00:00,顺丁烯,延化60万吨/年气体分馏装置
0.00,ST040098,<p>%(v/v)</p>,2025-07-21 08:00:00,反丁烯,延化60万吨/年气体分馏装置
0.00,ST040098,<p>%(v/v)</p>,2025-07-21 08:00:00,正丁烷,延化60万吨/年气体分馏装置
0.01,ST040098,<p>%(v/v)</p>,2025-07-21 08:00:00,异丁烷,延化60万吨/年气体分馏装置
0.00,ST040098,<p>%(v/v)</p>,2025-07-21 08:00:00,异丁烯,延化60万吨/年气体分馏装置
97.65,ST040098,<p>%(v/v)</p>,2025-07-21 08:00:00,丙烷,延化60万吨/年气体分馏装置
0.000,ST040098,"<p>%(v/v)</p>
",2025-07-21 08:00:00,乙烷+乙烯,延化60万吨/年气体分馏装置
0.00,ST040098,<p>%(v/v)</p>,2025-07-21 08:00:00,正丁烯,延化60万吨/年气体分馏装置
0.00,ST040098,<p>%(v/v)</p>,2025-07-21 08:00:00,碳五,延化60万吨/年气体分馏装置
2.34,ST040098,<p>%(v/v)</p>,2025-07-21 08:00:00,丙烯,延化60万吨/年气体分馏装置
0.00,ST040098,<p>%(v/v)</p>,2025-07-22 08:00:00,碳五,延化60万吨/年气体分馏装置
0.00,ST040098,<p>%(v/v)</p>,2025-07-22 08:00:00,异丁烯,延化60万吨/年气体分馏装置
0.00,ST040098,<p>%(v/v)</p>,2025-07-22 08:00:00,顺丁烯,延化60万吨/年气体分馏装置
0.00,ST040098,<p>%(v/v)</p>,2025-07-22 08:00:00,反丁烯,延化60万吨/年气体分馏装置
0.00,ST040098,<p>%(v/v)</p>,2025-07-22 08:00:00,正丁烯,延化60万吨/年气体分馏装置
0.00,ST040098,<p>%(v/v)</p>,2025-07-22 08:00:00,异丁烷,延化60万吨/年气体分馏装置
0.03,ST040098,<p>%(v/v)</p>,2025-07-22 08:00:00,丙烯,延化60万吨/年气体分馏装置
99.97,ST040098,<p>%(v/v)</p>,2025-07-22 08:00:00,丙烷,延化60万吨/年气体分馏装置
0.000,ST040098,"<p>%(v/v)</p>
",2025-07-22 08:00:00,乙烷+乙烯,延化60万吨/年气体分馏装置
0.00,ST040098,<p>%(v/v)</p>,2025-07-22 08:00:00,正丁烷,延化60万吨/年气体分馏装置
0.00,ST040098,<p>%(v/v)</p>,2025-07-23 08:00:00,碳五,延化60万吨/年气体分馏装置
0.00,ST040098,<p>%(v/v)</p>,2025-07-23 08:00:00,异丁烯,延化60万吨/年气体分馏装置
0.01,ST040098,<p>%(v/v)</p>,2025-07-23 08:00:00,顺丁烯,延化60万吨/年气体分馏装置
0.01,ST040098,<p>%(v/v)</p>,2025-07-23 08:00:00,反丁烯,延化60万吨/年气体分馏装置
0.00,ST040098,<p>%(v/v)</p>,2025-07-23 08:00:00,正丁烯,延化60万吨/年气体分馏装置
0.01,ST040098,<p>%(v/v)</p>,2025-07-23 08:00:00,异丁烷,延化60万吨/年气体分馏装置
0.64,ST040098,<p>%(v/v)</p>,2025-07-23 08:00:00,丙烯,延化60万吨/年气体分馏装置
99.32,ST040098,<p>%(v/v)</p>,2025-07-23 08:00:00,丙烷,延化60万吨/年气体分馏装置
0.000,ST040098,"<p>%(v/v)</p>
",2025-07-23 08:00:00,乙烷+乙烯,延化60万吨/年气体分馏装置
0.01,ST040098,<p>%(v/v)</p>,2025-07-23 08:00:00,正丁烷,延化60万吨/年气体分馏装置
0.00,ST040098,<p>%(v/v)</p>,2025-07-24 08:00:00,碳五,延化60万吨/年气体分馏装置
0.00,ST040098,<p>%(v/v)</p>,2025-07-24 08:00:00,异丁烯,延化60万吨/年气体分馏装置
0.00,ST040098,<p>%(v/v)</p>,2025-07-24 08:00:00,顺丁烯,延化60万吨/年气体分馏装置
0.00,ST040098,<p>%(v/v)</p>,2025-07-24 08:00:00,反丁烯,延化60万吨/年气体分馏装置
0.00,ST040098,<p>%(v/v)</p>,2025-07-24 08:00:00,正丁烯,延化60万吨/年气体分馏装置
0.01,ST040098,<p>%(v/v)</p>,2025-07-24 08:00:00,异丁烷,延化60万吨/年气体分馏装置
2.13,ST040098,<p>%(v/v)</p>,2025-07-24 08:00:00,丙烯,延化60万吨/年气体分馏装置
97.86,ST040098,<p>%(v/v)</p>,2025-07-24 08:00:00,丙烷,延化60万吨/年气体分馏装置
0.000,ST040098,"<p>%(v/v)</p>
",2025-07-24 08:00:00,乙烷+乙烯,延化60万吨/年气体分馏装置
0.00,ST040098,<p>%(v/v)</p>,2025-07-24 08:00:00,正丁烷,延化60万吨/年气体分馏装置
0.00,ST040098,<p>%(v/v)</p>,2025-07-25 08:00:00,碳五,延化60万吨/年气体分馏装置
0.00,ST040098,<p>%(v/v)</p>,2025-07-25 08:00:00,异丁烯,延化60万吨/年气体分馏装置
0.00,ST040098,<p>%(v/v)</p>,2025-07-25 08:00:00,顺丁烯,延化60万吨/年气体分馏装置
0.00,ST040098,<p>%(v/v)</p>,2025-07-25 08:00:00,反丁烯,延化60万吨/年气体分馏装置
0.00,ST040098,<p>%(v/v)</p>,2025-07-25 08:00:00,正丁烯,延化60万吨/年气体分馏装置
0.01,ST040098,<p>%(v/v)</p>,2025-07-25 08:00:00,异丁烷,延化60万吨/年气体分馏装置
0.25,ST040098,<p>%(v/v)</p>,2025-07-25 08:00:00,丙烯,延化60万吨/年气体分馏装置
99.74,ST040098,<p>%(v/v)</p>,2025-07-25 08:00:00,丙烷,延化60万吨/年气体分馏装置
0.000,ST040098,"<p>%(v/v)</p>
",2025-07-25 08:00:00,乙烷+乙烯,延化60万吨/年气体分馏装置
0.00,ST040098,<p>%(v/v)</p>,2025-07-25 08:00:00,正丁烷,延化60万吨/年气体分馏装置
0.00,ST040098,<p>%(v/v)</p>,2025-07-26 08:00:00,正丁烯,延化60万吨/年气体分馏装置
0.00,ST040098,<p>%(v/v)</p>,2025-07-26 08:00:00,碳五,延化60万吨/年气体分馏装置
0.00,ST040098,<p>%(v/v)</p>,2025-07-26 08:00:00,异丁烯,延化60万吨/年气体分馏装置
0.00,ST040098,<p>%(v/v)</p>,2025-07-26 08:00:00,顺丁烯,延化60万吨/年气体分馏装置
0.000,ST040098,"<p>%(v/v)</p>
",2025-07-26 08:00:00,乙烷+乙烯,延化60万吨/年气体分馏装置
0.00,ST040098,<p>%(v/v)</p>,2025-07-26 08:00:00,正丁烷,延化60万吨/年气体分馏装置
0.00,ST040098,<p>%(v/v)</p>,2025-07-26 08:00:00,异丁烷,延化60万吨/年气体分馏装置
1.93,ST040098,<p>%(v/v)</p>,2025-07-26 08:00:00,丙烯,延化60万吨/年气体分馏装置
98.07,ST040098,<p>%(v/v)</p>,2025-07-26 08:00:00,丙烷,延化60万吨/年气体分馏装置
0.00,ST040098,<p>%(v/v)</p>,2025-07-26 08:00:00,反丁烯,延化60万吨/年气体分馏装置
0.00,ST040098,<p>%(v/v)</p>,2025-07-27 08:00:00,碳五,延化60万吨/年气体分馏装置
0.00,ST040098,<p>%(v/v)</p>,2025-07-27 08:00:00,异丁烯,延化60万吨/年气体分馏装置
0.00,ST040098,<p>%(v/v)</p>,2025-07-27 08:00:00,顺丁烯,延化60万吨/年气体分馏装置
0.00,ST040098,<p>%(v/v)</p>,2025-07-27 08:00:00,反丁烯,延化60万吨/年气体分馏装置
0.00,ST040098,<p>%(v/v)</p>,2025-07-27 08:00:00,正丁烯,延化60万吨/年气体分馏装置
0.00,ST040098,<p>%(v/v)</p>,2025-07-27 08:00:00,异丁烷,延化60万吨/年气体分馏装置
0.39,ST040098,<p>%(v/v)</p>,2025-07-27 08:00:00,丙烯,延化60万吨/年气体分馏装置
99.61,ST040098,<p>%(v/v)</p>,2025-07-27 08:00:00,丙烷,延化60万吨/年气体分馏装置
0.000,ST040098,"<p>%(v/v)</p>
",2025-07-27 08:00:00,乙烷+乙烯,延化60万吨/年气体分馏装置
0.00,ST040098,<p>%(v/v)</p>,2025-07-27 08:00:00,正丁烷,延化60万吨/年气体分馏装置
0.00,ST040098,<p>%(v/v)</p>,2025-07-28 08:00:00,碳五,延化60万吨/年气体分馏装置
0.00,ST040098,<p>%(v/v)</p>,2025-07-28 08:00:00,异丁烯,延化60万吨/年气体分馏装置
0.00,ST040098,<p>%(v/v)</p>,2025-07-28 08:00:00,顺丁烯,延化60万吨/年气体分馏装置
0.01,ST040098,<p>%(v/v)</p>,2025-07-28 08:00:00,反丁烯,延化60万吨/年气体分馏装置
0.01,ST040098,<p>%(v/v)</p>,2025-07-28 08:00:00,正丁烯,延化60万吨/年气体分馏装置
0.02,ST040098,<p>%(v/v)</p>,2025-07-28 08:00:00,异丁烷,延化60万吨/年气体分馏装置
1.95,ST040098,<p>%(v/v)</p>,2025-07-28 08:00:00,丙烯,延化60万吨/年气体分馏装置
98.00,ST040098,<p>%(v/v)</p>,2025-07-28 08:00:00,丙烷,延化60万吨/年气体分馏装置
0.000,ST040098,"<p>%(v/v)</p>
",2025-07-28 08:00:00,乙烷+乙烯,延化60万吨/年气体分馏装置
0.01,ST040098,<p>%(v/v)</p>,2025-07-28 08:00:00,正丁烷,延化60万吨/年气体分馏装置
0.00,ST040098,<p>%(v/v)</p>,2025-07-29 08:00:00,碳五,延化60万吨/年气体分馏装置
0.00,ST040098,<p>%(v/v)</p>,2025-07-29 08:00:00,异丁烯,延化60万吨/年气体分馏装置
0.01,ST040098,<p>%(v/v)</p>,2025-07-29 08:00:00,顺丁烯,延化60万吨/年气体分馏装置
0.01,ST040098,<p>%(v/v)</p>,2025-07-29 08:00:00,反丁烯,延化60万吨/年气体分馏装置
0.00,ST040098,<p>%(v/v)</p>,2025-07-29 08:00:00,正丁烯,延化60万吨/年气体分馏装置
0.02,ST040098,<p>%(v/v)</p>,2025-07-29 08:00:00,异丁烷,延化60万吨/年气体分馏装置
0.94,ST040098,<p>%(v/v)</p>,2025-07-29 08:00:00,丙烯,延化60万吨/年气体分馏装置
99.01,ST040098,<p>%(v/v)</p>,2025-07-29 08:00:00,丙烷,延化60万吨/年气体分馏装置
0.000,ST040098,"<p>%(v/v)</p>
",2025-07-29 08:00:00,乙烷+乙烯,延化60万吨/年气体分馏装置
0.01,ST040098,<p>%(v/v)</p>,2025-07-29 08:00:00,正丁烷,延化60万吨/年气体分馏装置
0.00,ST040098,<p>%(v/v)</p>,2025-07-30 08:00:00,碳五,延化60万吨/年气体分馏装置
0.00,ST040098,<p>%(v/v)</p>,2025-07-30 08:00:00,异丁烯,延化60万吨/年气体分馏装置
0.00,ST040098,<p>%(v/v)</p>,2025-07-30 08:00:00,顺丁烯,延化60万吨/年气体分馏装置
0.00,ST040098,<p>%(v/v)</p>,2025-07-30 08:00:00,反丁烯,延化60万吨/年气体分馏装置
0.00,ST040098,<p>%(v/v)</p>,2025-07-30 08:00:00,正丁烯,延化60万吨/年气体分馏装置
0.01,ST040098,<p>%(v/v)</p>,2025-07-30 08:00:00,异丁烷,延化60万吨/年气体分馏装置
0.90,ST040098,<p>%(v/v)</p>,2025-07-30 08:00:00,丙烯,延化60万吨/年气体分馏装置
99.09,ST040098,<p>%(v/v)</p>,2025-07-30 08:00:00,丙烷,延化60万吨/年气体分馏装置
0.000,ST040098,"<p>%(v/v)</p>
",2025-07-30 08:00:00,乙烷+乙烯,延化60万吨/年气体分馏装置
0.00,ST040098,<p>%(v/v)</p>,2025-07-30 08:00:00,正丁烷,延化60万吨/年气体分馏装置
0.00,ST040098,<p>%(v/v)</p>,2025-07-31 08:00:00,碳五,延化60万吨/年气体分馏装置
0.00,ST040098,<p>%(v/v)</p>,2025-07-31 08:00:00,异丁烯,延化60万吨/年气体分馏装置
0.00,ST040098,<p>%(v/v)</p>,2025-07-31 08:00:00,顺丁烯,延化60万吨/年气体分馏装置
0.01,ST040098,<p>%(v/v)</p>,2025-07-31 08:00:00,反丁烯,延化60万吨/年气体分馏装置
0.01,ST040098,<p>%(v/v)</p>,2025-07-31 08:00:00,正丁烯,延化60万吨/年气体分馏装置
0.03,ST040098,<p>%(v/v)</p>,2025-07-31 08:00:00,异丁烷,延化60万吨/年气体分馏装置
1.49,ST040098,<p>%(v/v)</p>,2025-07-31 08:00:00,丙烯,延化60万吨/年气体分馏装置
98.45,ST040098,<p>%(v/v)</p>,2025-07-31 08:00:00,丙烷,延化60万吨/年气体分馏装置
0.000,ST040098,"<p>%(v/v)</p>
",2025-07-31 08:00:00,乙烷+乙烯,延化60万吨/年气体分馏装置
0.01,ST040098,<p>%(v/v)</p>,2025-07-31 08:00:00,正丁烷,延化60万吨/年气体分馏装置
0.00,ST040098,<p>%(v/v)</p>,2025-08-01 08:00:00,碳五,延化60万吨/年气体分馏装置
0.00,ST040098,<p>%(v/v)</p>,2025-08-01 08:00:00,异丁烯,延化60万吨/年气体分馏装置
0.00,ST040098,<p>%(v/v)</p>,2025-08-01 08:00:00,顺丁烯,延化60万吨/年气体分馏装置
0.00,ST040098,<p>%(v/v)</p>,2025-08-01 08:00:00,反丁烯,延化60万吨/年气体分馏装置
0.00,ST040098,<p>%(v/v)</p>,2025-08-01 08:00:00,正丁烯,延化60万吨/年气体分馏装置
0.00,ST040098,<p>%(v/v)</p>,2025-08-01 08:00:00,异丁烷,延化60万吨/年气体分馏装置
1.61,ST040098,<p>%(v/v)</p>,2025-08-01 08:00:00,丙烯,延化60万吨/年气体分馏装置
98.39,ST040098,<p>%(v/v)</p>,2025-08-01 08:00:00,丙烷,延化60万吨/年气体分馏装置
0.000,ST040098,"<p>%(v/v)</p>
",2025-08-01 08:00:00,乙烷+乙烯,延化60万吨/年气体分馏装置
0.00,ST040098,<p>%(v/v)</p>,2025-08-01 08:00:00,正丁烷,延化60万吨/年气体分馏装置
0.00,ST040098,<p>%(v/v)</p>,2025-08-02 08:00:00,碳五,延化60万吨/年气体分馏装置
0.00,ST040098,<p>%(v/v)</p>,2025-08-02 08:00:00,异丁烯,延化60万吨/年气体分馏装置
0.00,ST040098,<p>%(v/v)</p>,2025-08-02 08:00:00,顺丁烯,延化60万吨/年气体分馏装置
0.00,ST040098,<p>%(v/v)</p>,2025-08-02 08:00:00,反丁烯,延化60万吨/年气体分馏装置
0.00,ST040098,<p>%(v/v)</p>,2025-08-02 08:00:00,正丁烯,延化60万吨/年气体分馏装置
0.00,ST040098,<p>%(v/v)</p>,2025-08-02 08:00:00,异丁烷,延化60万吨/年气体分馏装置
0.73,ST040098,<p>%(v/v)</p>,2025-08-02 08:00:00,丙烯,延化60万吨/年气体分馏装置
99.27,ST040098,<p>%(v/v)</p>,2025-08-02 08:00:00,丙烷,延化60万吨/年气体分馏装置
0.000,ST040098,"<p>%(v/v)</p>
",2025-08-02 08:00:00,乙烷+乙烯,延化60万吨/年气体分馏装置
0.00,ST040098,<p>%(v/v)</p>,2025-08-02 08:00:00,正丁烷,延化60万吨/年气体分馏装置
0.00,ST040098,<p>%(v/v)</p>,2025-08-03 08:00:00,碳五,延化60万吨/年气体分馏装置
0.00,ST040098,<p>%(v/v)</p>,2025-08-03 08:00:00,异丁烯,延化60万吨/年气体分馏装置
0.01,ST040098,<p>%(v/v)</p>,2025-08-03 08:00:00,顺丁烯,延化60万吨/年气体分馏装置
0.02,ST040098,<p>%(v/v)</p>,2025-08-03 08:00:00,反丁烯,延化60万吨/年气体分馏装置
0.02,ST040098,<p>%(v/v)</p>,2025-08-03 08:00:00,正丁烯,延化60万吨/年气体分馏装置
0.10,ST040098,<p>%(v/v)</p>,2025-08-03 08:00:00,异丁烷,延化60万吨/年气体分馏装置
1.27,ST040098,<p>%(v/v)</p>,2025-08-03 08:00:00,丙烯,延化60万吨/年气体分馏装置
98.55,ST040098,<p>%(v/v)</p>,2025-08-03 08:00:00,丙烷,延化60万吨/年气体分馏装置
0.000,ST040098,"<p>%(v/v)</p>
",2025-08-03 08:00:00,乙烷+乙烯,延化60万吨/年气体分馏装置
0.03,ST040098,<p>%(v/v)</p>,2025-08-03 08:00:00,正丁烷,延化60万吨/年气体分馏装置
0.00,ST040098,<p>%(v/v)</p>,2025-08-04 08:00:00,碳五,延化60万吨/年气体分馏装置
0.00,ST040098,<p>%(v/v)</p>,2025-08-04 08:00:00,异丁烯,延化60万吨/年气体分馏装置
0.00,ST040098,<p>%(v/v)</p>,2025-08-04 08:00:00,顺丁烯,延化60万吨/年气体分馏装置
0.00,ST040098,<p>%(v/v)</p>,2025-08-04 08:00:00,反丁烯,延化60万吨/年气体分馏装置
0.00,ST040098,<p>%(v/v)</p>,2025-08-04 08:00:00,正丁烯,延化60万吨/年气体分馏装置
0.01,ST040098,<p>%(v/v)</p>,2025-08-04 08:00:00,异丁烷,延化60万吨/年气体分馏装置
1.04,ST040098,<p>%(v/v)</p>,2025-08-04 08:00:00,丙烯,延化60万吨/年气体分馏装置
98.94,ST040098,<p>%(v/v)</p>,2025-08-04 08:00:00,丙烷,延化60万吨/年气体分馏装置
0.000,ST040098,"<p>%(v/v)</p>
",2025-08-04 08:00:00,乙烷+乙烯,延化60万吨/年气体分馏装置
0.01,ST040098,<p>%(v/v)</p>,2025-08-04 08:00:00,正丁烷,延化60万吨/年气体分馏装置
0.00,ST040098,<p>%(v/v)</p>,2025-08-05 08:00:00,碳五,延化60万吨/年气体分馏装置
0.00,ST040098,<p>%(v/v)</p>,2025-08-05 08:00:00,异丁烯,延化60万吨/年气体分馏装置
0.00,ST040098,<p>%(v/v)</p>,2025-08-05 08:00:00,顺丁烯,延化60万吨/年气体分馏装置
0.00,ST040098,<p>%(v/v)</p>,2025-08-05 08:00:00,反丁烯,延化60万吨/年气体分馏装置
0.00,ST040098,<p>%(v/v)</p>,2025-08-05 08:00:00,正丁烯,延化60万吨/年气体分馏装置
0.02,ST040098,<p>%(v/v)</p>,2025-08-05 08:00:00,异丁烷,延化60万吨/年气体分馏装置
1.03,ST040098,<p>%(v/v)</p>,2025-08-05 08:00:00,丙烯,延化60万吨/年气体分馏装置
98.95,ST040098,<p>%(v/v)</p>,2025-08-05 08:00:00,丙烷,延化60万吨/年气体分馏装置
0.000,ST040098,"<p>%(v/v)</p>
",2025-08-05 08:00:00,乙烷+乙烯,延化60万吨/年气体分馏装置
0.00,ST040098,<p>%(v/v)</p>,2025-08-05 08:00:00,正丁烷,延化60万吨/年气体分馏装置
0.00,ST040098,<p>%(v/v)</p>,2025-08-06 08:00:00,碳五,延化60万吨/年气体分馏装置
0.00,ST040098,<p>%(v/v)</p>,2025-08-06 08:00:00,异丁烯,延化60万吨/年气体分馏装置
0.00,ST040098,<p>%(v/v)</p>,2025-08-06 08:00:00,顺丁烯,延化60万吨/年气体分馏装置
0.00,ST040098,<p>%(v/v)</p>,2025-08-06 08:00:00,反丁烯,延化60万吨/年气体分馏装置
0.00,ST040098,<p>%(v/v)</p>,2025-08-06 08:00:00,正丁烯,延化60万吨/年气体分馏装置
0.01,ST040098,<p>%(v/v)</p>,2025-08-06 08:00:00,异丁烷,延化60万吨/年气体分馏装置
1.93,ST040098,<p>%(v/v)</p>,2025-08-06 08:00:00,丙烯,延化60万吨/年气体分馏装置
98.06,ST040098,<p>%(v/v)</p>,2025-08-06 08:00:00,丙烷,延化60万吨/年气体分馏装置
0.000,ST040098,"<p>%(v/v)</p>
",2025-08-06 08:00:00,乙烷+乙烯,延化60万吨/年气体分馏装置
0.00,ST040098,<p>%(v/v)</p>,2025-08-06 08:00:00,正丁烷,延化60万吨/年气体分馏装置
0.02,ST040098,<p>%(v/v)</p>,2025-08-07 08:00:00,正丁烷,延化60万吨/年气体分馏装置
0.05,ST040098,<p>%(v/v)</p>,2025-08-07 08:00:00,异丁烷,延化60万吨/年气体分馏装置
1.78,ST040098,<p>%(v/v)</p>,2025-08-07 08:00:00,丙烯,延化60万吨/年气体分馏装置
98.07,ST040098,<p>%(v/v)</p>,2025-08-07 08:00:00,丙烷,延化60万吨/年气体分馏装置
0.02,ST040098,<p>%(v/v)</p>,2025-08-07 08:00:00,反丁烯,延化60万吨/年气体分馏装置
0.02,ST040098,<p>%(v/v)</p>,2025-08-07 08:00:00,正丁烯,延化60万吨/年气体分馏装置
0.00,ST040098,<p>%(v/v)</p>,2025-08-07 08:00:00,碳五,延化60万吨/年气体分馏装置
0.02,ST040098,<p>%(v/v)</p>,2025-08-07 08:00:00,异丁烯,延化60万吨/年气体分馏装置
0.02,ST040098,<p>%(v/v)</p>,2025-08-07 08:00:00,顺丁烯,延化60万吨/年气体分馏装置
0.000,ST040098,"<p>%(v/v)</p>
",2025-08-07 08:00:00,乙烷+乙烯,延化60万吨/年气体分馏装置
0.00,ST040098,<p>%(v/v)</p>,2025-08-08 08:00:00,碳五,延化60万吨/年气体分馏装置
0.00,ST040098,<p>%(v/v)</p>,2025-08-08 08:00:00,异丁烯,延化60万吨/年气体分馏装置
0.00,ST040098,<p>%(v/v)</p>,2025-08-08 08:00:00,顺丁烯,延化60万吨/年气体分馏装置
0.01,ST040098,<p>%(v/v)</p>,2025-08-08 08:00:00,反丁烯,延化60万吨/年气体分馏装置
0.00,ST040098,<p>%(v/v)</p>,2025-08-08 08:00:00,正丁烯,延化60万吨/年气体分馏装置
0.02,ST040098,<p>%(v/v)</p>,2025-08-08 08:00:00,异丁烷,延化60万吨/年气体分馏装置
0.53,ST040098,<p>%(v/v)</p>,2025-08-08 08:00:00,丙烯,延化60万吨/年气体分馏装置
99.43,ST040098,<p>%(v/v)</p>,2025-08-08 08:00:00,丙烷,延化60万吨/年气体分馏装置
0.000,ST040098,"<p>%(v/v)</p>
",2025-08-08 08:00:00,乙烷+乙烯,延化60万吨/年气体分馏装置
0.01,ST040098,<p>%(v/v)</p>,2025-08-08 08:00:00,正丁烷,延化60万吨/年气体分馏装置
0.00,ST040098,<p>%(v/v)</p>,2025-08-09 08:00:00,碳五,延化60万吨/年气体分馏装置
0.00,ST040098,<p>%(v/v)</p>,2025-08-09 08:00:00,异丁烯,延化60万吨/年气体分馏装置
0.00,ST040098,<p>%(v/v)</p>,2025-08-09 08:00:00,顺丁烯,延化60万吨/年气体分馏装置
0.00,ST040098,<p>%(v/v)</p>,2025-08-09 08:00:00,反丁烯,延化60万吨/年气体分馏装置
0.00,ST040098,<p>%(v/v)</p>,2025-08-09 08:00:00,正丁烯,延化60万吨/年气体分馏装置
0.00,ST040098,<p>%(v/v)</p>,2025-08-09 08:00:00,异丁烷,延化60万吨/年气体分馏装置
1.63,ST040098,<p>%(v/v)</p>,2025-08-09 08:00:00,丙烯,延化60万吨/年气体分馏装置
98.37,ST040098,<p>%(v/v)</p>,2025-08-09 08:00:00,丙烷,延化60万吨/年气体分馏装置
0.000,ST040098,"<p>%(v/v)</p>
",2025-08-09 08:00:00,乙烷+乙烯,延化60万吨/年气体分馏装置
0.00,ST040098,<p>%(v/v)</p>,2025-08-09 08:00:00,正丁烷,延化60万吨/年气体分馏装置
0.00,ST040098,<p>%(v/v)</p>,2025-08-10 08:00:00,碳五,延化60万吨/年气体分馏装置
0.00,ST040098,<p>%(v/v)</p>,2025-08-10 08:00:00,异丁烯,延化60万吨/年气体分馏装置
0.00,ST040098,<p>%(v/v)</p>,2025-08-10 08:00:00,顺丁烯,延化60万吨/年气体分馏装置
0.00,ST040098,<p>%(v/v)</p>,2025-08-10 08:00:00,反丁烯,延化60万吨/年气体分馏装置
0.00,ST040098,<p>%(v/v)</p>,2025-08-10 08:00:00,正丁烯,延化60万吨/年气体分馏装置
0.00,ST040098,<p>%(v/v)</p>,2025-08-10 08:00:00,异丁烷,延化60万吨/年气体分馏装置
2.51,ST040098,<p>%(v/v)</p>,2025-08-10 08:00:00,丙烯,延化60万吨/年气体分馏装置
97.49,ST040098,<p>%(v/v)</p>,2025-08-10 08:00:00,丙烷,延化60万吨/年气体分馏装置
0.000,ST040098,"<p>%(v/v)</p>
",2025-08-10 08:00:00,乙烷+乙烯,延化60万吨/年气体分馏装置
0.00,ST040098,<p>%(v/v)</p>,2025-08-10 08:00:00,正丁烷,延化60万吨/年气体分馏装置
0.00,ST040098,<p>%(v/v)</p>,2025-08-11 08:00:00,碳五,延化60万吨/年气体分馏装置
0.00,ST040098,<p>%(v/v)</p>,2025-08-11 08:00:00,异丁烯,延化60万吨/年气体分馏装置
0.00,ST040098,<p>%(v/v)</p>,2025-08-11 08:00:00,顺丁烯,延化60万吨/年气体分馏装置
0.00,ST040098,<p>%(v/v)</p>,2025-08-11 08:00:00,反丁烯,延化60万吨/年气体分馏装置
0.00,ST040098,<p>%(v/v)</p>,2025-08-11 08:00:00,正丁烯,延化60万吨/年气体分馏装置
0.00,ST040098,<p>%(v/v)</p>,2025-08-11 08:00:00,异丁烷,延化60万吨/年气体分馏装置
2.59,ST040098,<p>%(v/v)</p>,2025-08-11 08:00:00,丙烯,延化60万吨/年气体分馏装置
97.41,ST040098,<p>%(v/v)</p>,2025-08-11 08:00:00,丙烷,延化60万吨/年气体分馏装置
0.000,ST040098,"<p>%(v/v)</p>
",2025-08-11 08:00:00,乙烷+乙烯,延化60万吨/年气体分馏装置
0.00,ST040098,<p>%(v/v)</p>,2025-08-11 08:00:00,正丁烷,延化60万吨/年气体分馏装置
0.00,ST040098,<p>%(v/v)</p>,2025-08-12 08:00:00,碳五,延化60万吨/年气体分馏装置
0.00,ST040098,<p>%(v/v)</p>,2025-08-12 08:00:00,异丁烯,延化60万吨/年气体分馏装置
0.00,ST040098,<p>%(v/v)</p>,2025-08-12 08:00:00,顺丁烯,延化60万吨/年气体分馏装置
0.00,ST040098,<p>%(v/v)</p>,2025-08-12 08:00:00,反丁烯,延化60万吨/年气体分馏装置
0.00,ST040098,<p>%(v/v)</p>,2025-08-12 08:00:00,正丁烯,延化60万吨/年气体分馏装置
0.01,ST040098,<p>%(v/v)</p>,2025-08-12 08:00:00,异丁烷,延化60万吨/年气体分馏装置
2.22,ST040098,<p>%(v/v)</p>,2025-08-12 08:00:00,丙烯,延化60万吨/年气体分馏装置
97.76,ST040098,<p>%(v/v)</p>,2025-08-12 08:00:00,丙烷,延化60万吨/年气体分馏装置
0.000,ST040098,"<p>%(v/v)</p>
",2025-08-12 08:00:00,乙烷+乙烯,延化60万吨/年气体分馏装置
0.01,ST040098,<p>%(v/v)</p>,2025-08-12 08:00:00,正丁烷,延化60万吨/年气体分馏装置
0.000,ST040098,"<p>%(v/v)</p>
",2025-08-13 08:00:00,乙烷+乙烯,延化60万吨/年气体分馏装置
0.01,ST040098,<p>%(v/v)</p>,2025-08-13 08:00:00,正丁烯,延化60万吨/年气体分馏装置
0.00,ST040098,<p>%(v/v)</p>,2025-08-13 08:00:00,碳五,延化60万吨/年气体分馏装置
0.00,ST040098,<p>%(v/v)</p>,2025-08-13 08:00:00,异丁烯,延化60万吨/年气体分馏装置
97.72,ST040098,<p>%(v/v)</p>,2025-08-13 08:00:00,丙烷,延化60万吨/年气体分馏装置
0.01,ST040098,<p>%(v/v)</p>,2025-08-13 08:00:00,反丁烯,延化60万吨/年气体分馏装置
0.01,ST040098,<p>%(v/v)</p>,2025-08-13 08:00:00,正丁烷,延化60万吨/年气体分馏装置
0.03,ST040098,<p>%(v/v)</p>,2025-08-13 08:00:00,异丁烷,延化60万吨/年气体分馏装置
2.22,ST040098,<p>%(v/v)</p>,2025-08-13 08:00:00,丙烯,延化60万吨/年气体分馏装置
0.00,ST040098,<p>%(v/v)</p>,2025-08-13 08:00:00,顺丁烯,延化60万吨/年气体分馏装置
0.00,ST040098,<p>%(v/v)</p>,2025-08-13 16:54:00,碳五,延化60万吨/年气体分馏装置
0.00,ST040098,<p>%(v/v)</p>,2025-08-13 16:54:00,异丁烯,延化60万吨/年气体分馏装置
0.00,ST040098,<p>%(v/v)</p>,2025-08-13 16:54:00,顺丁烯,延化60万吨/年气体分馏装置
0.00,ST040098,<p>%(v/v)</p>,2025-08-13 16:54:00,反丁烯,延化60万吨/年气体分馏装置
0.00,ST040098,<p>%(v/v)</p>,2025-08-13 16:54:00,正丁烷,延化60万吨/年气体分馏装置
0.01,ST040098,<p>%(v/v)</p>,2025-08-13 16:54:00,异丁烷,延化60万吨/年气体分馏装置
1.78,ST040098,<p>%(v/v)</p>,2025-08-13 16:54:00,丙烯,延化60万吨/年气体分馏装置
98.21,ST040098,<p>%(v/v)</p>,2025-08-13 16:54:00,丙烷,延化60万吨/年气体分馏装置
0.000,ST040098,"<p>%(v/v)</p>
",2025-08-13 16:54:00,乙烷+乙烯,延化60万吨/年气体分馏装置
0.00,ST040098,<p>%(v/v)</p>,2025-08-13 16:54:00,正丁烯,延化60万吨/年气体分馏装置
0.00,ST040098,<p>%(v/v)</p>,2025-08-13 18:30:00,碳五,延化60万吨/年气体分馏装置
0.00,ST040098,<p>%(v/v)</p>,2025-08-13 18:30:00,异丁烯,延化60万吨/年气体分馏装置
0.00,ST040098,<p>%(v/v)</p>,2025-08-13 18:30:00,正丁烯,延化60万吨/年气体分馏装置
0.000,ST040098,"<p>%(v/v)</p>
",2025-08-13 18:30:00,乙烷+乙烯,延化60万吨/年气体分馏装置
97.98,ST040098,<p>%(v/v)</p>,2025-08-13 18:30:00,丙烷,延化60万吨/年气体分馏装置
2.02,ST040098,<p>%(v/v)</p>,2025-08-13 18:30:00,丙烯,延化60万吨/年气体分馏装置
0.00,ST040098,<p>%(v/v)</p>,2025-08-13 18:30:00,异丁烷,延化60万吨/年气体分馏装置
0.00,ST040098,<p>%(v/v)</p>,2025-08-13 18:30:00,正丁烷,延化60万吨/年气体分馏装置
0.00,ST040098,<p>%(v/v)</p>,2025-08-13 18:30:00,反丁烯,延化60万吨/年气体分馏装置
0.00,ST040098,<p>%(v/v)</p>,2025-08-13 18:30:00,顺丁烯,延化60万吨/年气体分馏装置
0.00,ST040098,<p>%(v/v)</p>,2025-08-13 20:00:00,顺丁烯,延化60万吨/年气体分馏装置
0.00,ST040098,<p>%(v/v)</p>,2025-08-13 20:00:00,碳五,延化60万吨/年气体分馏装置
0.00,ST040098,<p>%(v/v)</p>,2025-08-13 20:00:00,正丁烯,延化60万吨/年气体分馏装置
0.000,ST040098,"<p>%(v/v)</p>
",2025-08-13 20:00:00,乙烷+乙烯,延化60万吨/年气体分馏装置
0.00,ST040098,<p>%(v/v)</p>,2025-08-13 20:00:00,异丁烯,延化60万吨/年气体分馏装置
2.52,ST040098,<p>%(v/v)</p>,2025-08-13 20:00:00,丙烯,延化60万吨/年气体分馏装置
0.00,ST040098,<p>%(v/v)</p>,2025-08-13 20:00:00,异丁烷,延化60万吨/年气体分馏装置
0.00,ST040098,<p>%(v/v)</p>,2025-08-13 20:00:00,正丁烷,延化60万吨/年气体分馏装置
0.00,ST040098,<p>%(v/v)</p>,2025-08-13 20:00:00,反丁烯,延化60万吨/年气体分馏装置
97.48,ST040098,<p>%(v/v)</p>,2025-08-13 20:00:00,丙烷,延化60万吨/年气体分馏装置
0.00,ST040098,<p>%(v/v)</p>,2025-08-14 03:00:00,碳五,延化60万吨/年气体分馏装置
0.00,ST040098,<p>%(v/v)</p>,2025-08-14 03:00:00,正丁烯,延化60万吨/年气体分馏装置
0.000,ST040098,"<p>%(v/v)</p>
",2025-08-14 03:00:00,乙烷+乙烯,延化60万吨/年气体分馏装置
97.58,ST040098,<p>%(v/v)</p>,2025-08-14 03:00:00,丙烷,延化60万吨/年气体分馏装置
0.00,ST040098,<p>%(v/v)</p>,2025-08-14 03:00:00,异丁烯,延化60万吨/年气体分馏装置
0.00,ST040098,<p>%(v/v)</p>,2025-08-14 03:00:00,异丁烷,延化60万吨/年气体分馏装置
0.00,ST040098,<p>%(v/v)</p>,2025-08-14 03:00:00,正丁烷,延化60万吨/年气体分馏装置
0.00,ST040098,<p>%(v/v)</p>,2025-08-14 03:00:00,反丁烯,延化60万吨/年气体分馏装置
0.00,ST040098,<p>%(v/v)</p>,2025-08-14 03:00:00,顺丁烯,延化60万吨/年气体分馏装置
2.42,ST040098,<p>%(v/v)</p>,2025-08-14 03:00:00,丙烯,延化60万吨/年气体分馏装置
0.00,ST040098,<p>%(v/v)</p>,2025-08-14 08:00:00,碳五,延化60万吨/年气体分馏装置
0.00,ST040098,<p>%(v/v)</p>,2025-08-14 08:00:00,顺丁烯,延化60万吨/年气体分馏装置
0.00,ST040098,<p>%(v/v)</p>,2025-08-14 08:00:00,反丁烯,延化60万吨/年气体分馏装置
0.00,ST040098,<p>%(v/v)</p>,2025-08-14 08:00:00,正丁烷,延化60万吨/年气体分馏装置
0.00,ST040098,<p>%(v/v)</p>,2025-08-14 08:00:00,异丁烷,延化60万吨/年气体分馏装置
3.07,ST040098,<p>%(v/v)</p>,2025-08-14 08:00:00,丙烯,延化60万吨/年气体分馏装置
96.93,ST040098,<p>%(v/v)</p>,2025-08-14 08:00:00,丙烷,延化60万吨/年气体分馏装置
0.000,ST040098,"<p>%(v/v)</p>
",2025-08-14 08:00:00,乙烷+乙烯,延化60万吨/年气体分馏装置
0.00,ST040098,<p>%(v/v)</p>,2025-08-14 08:00:00,异丁烯,延化60万吨/年气体分馏装置
0.00,ST040098,<p>%(v/v)</p>,2025-08-14 08:00:00,正丁烯,延化60万吨/年气体分馏装置
0.00,ST040098,<p>%(v/v)</p>,2025-08-14 10:30:00,碳五,延化60万吨/年气体分馏装置
0.00,ST040098,<p>%(v/v)</p>,2025-08-14 10:30:00,顺丁烯,延化60万吨/年气体分馏装置
0.00,ST040098,<p>%(v/v)</p>,2025-08-14 10:30:00,反丁烯,延化60万吨/年气体分馏装置
0.00,ST040098,<p>%(v/v)</p>,2025-08-14 10:30:00,正丁烷,延化60万吨/年气体分馏装置
0.00,ST040098,<p>%(v/v)</p>,2025-08-14 10:30:00,异丁烷,延化60万吨/年气体分馏装置
1.59,ST040098,<p>%(v/v)</p>,2025-08-14 10:30:00,丙烯,延化60万吨/年气体分馏装置
98.41,ST040098,<p>%(v/v)</p>,2025-08-14 10:30:00,丙烷,延化60万吨/年气体分馏装置
0.000,ST040098,"<p>%(v/v)</p>
",2025-08-14 10:30:00,乙烷+乙烯,延化60万吨/年气体分馏装置
0.00,ST040098,<p>%(v/v)</p>,2025-08-14 10:30:00,异丁烯,延化60万吨/年气体分馏装置
0.00,ST040098,<p>%(v/v)</p>,2025-08-14 10:30:00,正丁烯,延化60万吨/年气体分馏装置
0.00,ST040098,<p>%(v/v)</p>,2025-08-14 13:00:00,正丁烯,延化60万吨/年气体分馏装置
0.000,ST040098,"<p>%(v/v)</p>
",2025-08-14 13:00:00,乙烷+乙烯,延化60万吨/年气体分馏装置
98.45,ST040098,<p>%(v/v)</p>,2025-08-14 13:00:00,丙烷,延化60万吨/年气体分馏装置
1.55,ST040098,<p>%(v/v)</p>,2025-08-14 13:00:00,丙烯,延化60万吨/年气体分馏装置
0.00,ST040098,<p>%(v/v)</p>,2025-08-14 13:00:00,异丁烷,延化60万吨/年气体分馏装置
0.00,ST040098,<p>%(v/v)</p>,2025-08-14 13:00:00,正丁烷,延化60万吨/年气体分馏装置
0.00,ST040098,<p>%(v/v)</p>,2025-08-14 13:00:00,反丁烯,延化60万吨/年气体分馏装置
0.00,ST040098,<p>%(v/v)</p>,2025-08-14 13:00:00,碳五,延化60万吨/年气体分馏装置
0.00,ST040098,<p>%(v/v)</p>,2025-08-14 13:00:00,异丁烯,延化60万吨/年气体分馏装置
0.00,ST040098,<p>%(v/v)</p>,2025-08-14 13:00:00,顺丁烯,延化60万吨/年气体分馏装置
0.00,ST040098,<p>%(v/v)</p>,2025-08-15 08:00:00,碳五,延化60万吨/年气体分馏装置
0.00,ST040098,<p>%(v/v)</p>,2025-08-15 08:00:00,异丁烯,延化60万吨/年气体分馏装置
0.00,ST040098,<p>%(v/v)</p>,2025-08-15 08:00:00,顺丁烯,延化60万吨/年气体分馏装置
0.00,ST040098,<p>%(v/v)</p>,2025-08-15 08:00:00,反丁烯,延化60万吨/年气体分馏装置
0.00,ST040098,<p>%(v/v)</p>,2025-08-15 08:00:00,正丁烯,延化60万吨/年气体分馏装置
0.00,ST040098,<p>%(v/v)</p>,2025-08-15 08:00:00,异丁烷,延化60万吨/年气体分馏装置
0.71,ST040098,<p>%(v/v)</p>,2025-08-15 08:00:00,丙烯,延化60万吨/年气体分馏装置
99.29,ST040098,<p>%(v/v)</p>,2025-08-15 08:00:00,丙烷,延化60万吨/年气体分馏装置
0.000,ST040098,"<p>%(v/v)</p>
",2025-08-15 08:00:00,乙烷+乙烯,延化60万吨/年气体分馏装置
0.00,ST040098,<p>%(v/v)</p>,2025-08-15 08:00:00,正丁烷,延化60万吨/年气体分馏装置
0.00,ST040098,<p>%(v/v)</p>,2025-08-16 08:00:00,碳五,延化60万吨/年气体分馏装置
0.00,ST040098,<p>%(v/v)</p>,2025-08-16 08:00:00,异丁烯,延化60万吨/年气体分馏装置
0.00,ST040098,<p>%(v/v)</p>,2025-08-16 08:00:00,顺丁烯,延化60万吨/年气体分馏装置
0.00,ST040098,<p>%(v/v)</p>,2025-08-16 08:00:00,反丁烯,延化60万吨/年气体分馏装置
0.00,ST040098,<p>%(v/v)</p>,2025-08-16 08:00:00,正丁烯,延化60万吨/年气体分馏装置
0.00,ST040098,<p>%(v/v)</p>,2025-08-16 08:00:00,异丁烷,延化60万吨/年气体分馏装置
1.02,ST040098,<p>%(v/v)</p>,2025-08-16 08:00:00,丙烯,延化60万吨/年气体分馏装置
98.98,ST040098,<p>%(v/v)</p>,2025-08-16 08:00:00,丙烷,延化60万吨/年气体分馏装置
0.000,ST040098,"<p>%(v/v)</p>
",2025-08-16 08:00:00,乙烷+乙烯,延化60万吨/年气体分馏装置
0.00,ST040098,<p>%(v/v)</p>,2025-08-16 08:00:00,正丁烷,延化60万吨/年气体分馏装置
0.00,ST040098,<p>%(v/v)</p>,2025-08-17 08:00:00,碳五,延化60万吨/年气体分馏装置
0.00,ST040098,<p>%(v/v)</p>,2025-08-17 08:00:00,异丁烯,延化60万吨/年气体分馏装置
0.00,ST040098,<p>%(v/v)</p>,2025-08-17 08:00:00,顺丁烯,延化60万吨/年气体分馏装置
0.00,ST040098,<p>%(v/v)</p>,2025-08-17 08:00:00,反丁烯,延化60万吨/年气体分馏装置
0.00,ST040098,<p>%(v/v)</p>,2025-08-17 08:00:00,正丁烯,延化60万吨/年气体分馏装置
0.02,ST040098,<p>%(v/v)</p>,2025-08-17 08:00:00,异丁烷,延化60万吨/年气体分馏装置
1.06,ST040098,<p>%(v/v)</p>,2025-08-17 08:00:00,丙烯,延化60万吨/年气体分馏装置
98.91,ST040098,<p>%(v/v)</p>,2025-08-17 08:00:00,丙烷,延化60万吨/年气体分馏装置
0.000,ST040098,"<p>%(v/v)</p>
",2025-08-17 08:00:00,乙烷+乙烯,延化60万吨/年气体分馏装置
0.01,ST040098,<p>%(v/v)</p>,2025-08-17 08:00:00,正丁烷,延化60万吨/年气体分馏装置
0.00,ST040098,<p>%(v/v)</p>,2025-08-18 08:00:00,碳五,延化60万吨/年气体分馏装置
0.00,ST040098,<p>%(v/v)</p>,2025-08-18 08:00:00,异丁烯,延化60万吨/年气体分馏装置
0.00,ST040098,<p>%(v/v)</p>,2025-08-18 08:00:00,顺丁烯,延化60万吨/年气体分馏装置
0.00,ST040098,<p>%(v/v)</p>,2025-08-18 08:00:00,反丁烯,延化60万吨/年气体分馏装置
0.00,ST040098,<p>%(v/v)</p>,2025-08-18 08:00:00,正丁烯,延化60万吨/年气体分馏装置
0.00,ST040098,<p>%(v/v)</p>,2025-08-18 08:00:00,异丁烷,延化60万吨/年气体分馏装置
1.05,ST040098,<p>%(v/v)</p>,2025-08-18 08:00:00,丙烯,延化60万吨/年气体分馏装置
98.95,ST040098,<p>%(v/v)</p>,2025-08-18 08:00:00,丙烷,延化60万吨/年气体分馏装置
0.000,ST040098,"<p>%(v/v)</p>
",2025-08-18 08:00:00,乙烷+乙烯,延化60万吨/年气体分馏装置
0.00,ST040098,<p>%(v/v)</p>,2025-08-18 08:00:00,正丁烷,延化60万吨/年气体分馏装置
0.00,ST040098,<p>%(v/v)</p>,2025-08-19 08:00:00,碳五,延化60万吨/年气体分馏装置
0.01,ST040098,<p>%(v/v)</p>,2025-08-19 08:00:00,异丁烯,延化60万吨/年气体分馏装置
0.00,ST040098,<p>%(v/v)</p>,2025-08-19 08:00:00,顺丁烯,延化60万吨/年气体分馏装置
0.01,ST040098,<p>%(v/v)</p>,2025-08-19 08:00:00,反丁烯,延化60万吨/年气体分馏装置
0.00,ST040098,<p>%(v/v)</p>,2025-08-19 08:00:00,正丁烯,延化60万吨/年气体分馏装置
0.01,ST040098,<p>%(v/v)</p>,2025-08-19 08:00:00,异丁烷,延化60万吨/年气体分馏装置
0.77,ST040098,<p>%(v/v)</p>,2025-08-19 08:00:00,丙烯,延化60万吨/年气体分馏装置
99.19,ST040098,<p>%(v/v)</p>,2025-08-19 08:00:00,丙烷,延化60万吨/年气体分馏装置
0.000,ST040098,"<p>%(v/v)</p>
",2025-08-19 08:00:00,乙烷+乙烯,延化60万吨/年气体分馏装置
0.01,ST040098,<p>%(v/v)</p>,2025-08-19 08:00:00,正丁烷,延化60万吨/年气体分馏装置
0.01,ST040098,<p>%(v/v)</p>,2025-08-20 08:00:00,异丁烯,延化60万吨/年气体分馏装置
0.01,ST040098,<p>%(v/v)</p>,2025-08-20 08:00:00,顺丁烯,延化60万吨/年气体分馏装置
0.01,ST040098,<p>%(v/v)</p>,2025-08-20 08:00:00,反丁烯,延化60万吨/年气体分馏装置
0.01,ST040098,<p>%(v/v)</p>,2025-08-20 08:00:00,正丁烷,延化60万吨/年气体分馏装置
0.00,ST040098,<p>%(v/v)</p>,2025-08-20 08:00:00,碳五,延化60万吨/年气体分馏装置
0.80,ST040098,<p>%(v/v)</p>,2025-08-20 08:00:00,丙烯,延化60万吨/年气体分馏装置
99.14,ST040098,<p>%(v/v)</p>,2025-08-20 08:00:00,丙烷,延化60万吨/年气体分馏装置
0.000,ST040098,"<p>%(v/v)</p>
",2025-08-20 08:00:00,乙烷+乙烯,延化60万吨/年气体分馏装置
0.00,ST040098,<p>%(v/v)</p>,2025-08-20 08:00:00,正丁烯,延化60万吨/年气体分馏装置
0.02,ST040098,<p>%(v/v)</p>,2025-08-20 08:00:00,异丁烷,延化60万吨/年气体分馏装置
0.000,ST040098,"<p>%(v/v)</p>
",2025-08-21 08:00:00,乙烷+乙烯,延化60万吨/年气体分馏装置
0.00,ST040098,<p>%(v/v)</p>,2025-08-21 08:00:00,正丁烯,延化60万吨/年气体分馏装置
0.00,ST040098,<p>%(v/v)</p>,2025-08-21 08:00:00,碳五,延化60万吨/年气体分馏装置
0.00,ST040098,<p>%(v/v)</p>,2025-08-21 08:00:00,异丁烯,延化60万吨/年气体分馏装置
99.28,ST040098,<p>%(v/v)</p>,2025-08-21 08:00:00,丙烷,延化60万吨/年气体分馏装置
0.00,ST040098,<p>%(v/v)</p>,2025-08-21 08:00:00,反丁烯,延化60万吨/年气体分馏装置
0.00,ST040098,<p>%(v/v)</p>,2025-08-21 08:00:00,正丁烷,延化60万吨/年气体分馏装置
0.01,ST040098,<p>%(v/v)</p>,2025-08-21 08:00:00,异丁烷,延化60万吨/年气体分馏装置
0.71,ST040098,<p>%(v/v)</p>,2025-08-21 08:00:00,丙烯,延化60万吨/年气体分馏装置
0.00,ST040098,<p>%(v/v)</p>,2025-08-21 08:00:00,顺丁烯,延化60万吨/年气体分馏装置
0.00,ST040098,<p>%(v/v)</p>,2025-08-22 08:00:00,碳五,延化60万吨/年气体分馏装置
0.00,ST040098,<p>%(v/v)</p>,2025-08-22 08:00:00,异丁烯,延化60万吨/年气体分馏装置
0.00,ST040098,<p>%(v/v)</p>,2025-08-22 08:00:00,顺丁烯,延化60万吨/年气体分馏装置
0.00,ST040098,<p>%(v/v)</p>,2025-08-22 08:00:00,反丁烯,延化60万吨/年气体分馏装置
0.00,ST040098,<p>%(v/v)</p>,2025-08-22 08:00:00,正丁烯,延化60万吨/年气体分馏装置
0.00,ST040098,<p>%(v/v)</p>,2025-08-22 08:00:00,异丁烷,延化60万吨/年气体分馏装置
0.27,ST040098,<p>%(v/v)</p>,2025-08-22 08:00:00,丙烯,延化60万吨/年气体分馏装置
99.73,ST040098,<p>%(v/v)</p>,2025-08-22 08:00:00,丙烷,延化60万吨/年气体分馏装置
0.000,ST040098,"<p>%(v/v)</p>
",2025-08-22 08:00:00,乙烷+乙烯,延化60万吨/年气体分馏装置
0.00,ST040098,<p>%(v/v)</p>,2025-08-22 08:00:00,正丁烷,延化60万吨/年气体分馏装置
0.00,ST040098,<p>%(v/v)</p>,2025-08-23 08:00:00,碳五,延化60万吨/年气体分馏装置
0.00,ST040098,<p>%(v/v)</p>,2025-08-23 08:00:00,异丁烯,延化60万吨/年气体分馏装置
0.00,ST040098,<p>%(v/v)</p>,2025-08-23 08:00:00,顺丁烯,延化60万吨/年气体分馏装置
0.00,ST040098,<p>%(v/v)</p>,2025-08-23 08:00:00,反丁烯,延化60万吨/年气体分馏装置
0.00,ST040098,<p>%(v/v)</p>,2025-08-23 08:00:00,正丁烯,延化60万吨/年气体分馏装置
0.00,ST040098,<p>%(v/v)</p>,2025-08-23 08:00:00,异丁烷,延化60万吨/年气体分馏装置
1.18,ST040098,<p>%(v/v)</p>,2025-08-23 08:00:00,丙烯,延化60万吨/年气体分馏装置
98.82,ST040098,<p>%(v/v)</p>,2025-08-23 08:00:00,丙烷,延化60万吨/年气体分馏装置
0.000,ST040098,"<p>%(v/v)</p>
",2025-08-23 08:00:00,乙烷+乙烯,延化60万吨/年气体分馏装置
0.00,ST040098,<p>%(v/v)</p>,2025-08-23 08:00:00,正丁烷,延化60万吨/年气体分馏装置
0.00,ST040098,<p>%(v/v)</p>,2025-08-24 08:00:00,碳五,延化60万吨/年气体分馏装置
0.00,ST040098,<p>%(v/v)</p>,2025-08-24 08:00:00,异丁烯,延化60万吨/年气体分馏装置
0.01,ST040098,<p>%(v/v)</p>,2025-08-24 08:00:00,顺丁烯,延化60万吨/年气体分馏装置
0.00,ST040098,<p>%(v/v)</p>,2025-08-24 08:00:00,反丁烯,延化60万吨/年气体分馏装置
0.00,ST040098,<p>%(v/v)</p>,2025-08-24 08:00:00,正丁烯,延化60万吨/年气体分馏装置
0.01,ST040098,<p>%(v/v)</p>,2025-08-24 08:00:00,异丁烷,延化60万吨/年气体分馏装置
0.31,ST040098,<p>%(v/v)</p>,2025-08-24 08:00:00,丙烯,延化60万吨/年气体分馏装置
99.66,ST040098,<p>%(v/v)</p>,2025-08-24 08:00:00,丙烷,延化60万吨/年气体分馏装置
0.000,ST040098,"<p>%(v/v)</p>
",2025-08-24 08:00:00,乙烷+乙烯,延化60万吨/年气体分馏装置
0.01,ST040098,<p>%(v/v)</p>,2025-08-24 08:00:00,正丁烷,延化60万吨/年气体分馏装置
0.00,ST040098,<p>%(v/v)</p>,2025-08-25 08:00:00,碳五,延化60万吨/年气体分馏装置
0.01,ST040098,<p>%(v/v)</p>,2025-08-25 08:00:00,异丁烯,延化60万吨/年气体分馏装置
0.01,ST040098,<p>%(v/v)</p>,2025-08-25 08:00:00,顺丁烯,延化60万吨/年气体分馏装置
0.01,ST040098,<p>%(v/v)</p>,2025-08-25 08:00:00,反丁烯,延化60万吨/年气体分馏装置
0.01,ST040098,<p>%(v/v)</p>,2025-08-25 08:00:00,正丁烯,延化60万吨/年气体分馏装置
0.00,ST040098,<p>%(v/v)</p>,2025-08-25 08:00:00,异丁烷,延化60万吨/年气体分馏装置
0.54,ST040098,<p>%(v/v)</p>,2025-08-25 08:00:00,丙烯,延化60万吨/年气体分馏装置
99.41,ST040098,<p>%(v/v)</p>,2025-08-25 08:00:00,丙烷,延化60万吨/年气体分馏装置
0.000,ST040098,"<p>%(v/v)</p>
",2025-08-25 08:00:00,乙烷+乙烯,延化60万吨/年气体分馏装置
0.01,ST040098,<p>%(v/v)</p>,2025-08-25 08:00:00,正丁烷,延化60万吨/年气体分馏装置
0.00,ST040098,<p>%(v/v)</p>,2025-08-26 08:00:00,碳五,延化60万吨/年气体分馏装置
0.00,ST040098,<p>%(v/v)</p>,2025-08-26 08:00:00,异丁烯,延化60万吨/年气体分馏装置
0.00,ST040098,<p>%(v/v)</p>,2025-08-26 08:00:00,顺丁烯,延化60万吨/年气体分馏装置
0.00,ST040098,<p>%(v/v)</p>,2025-08-26 08:00:00,反丁烯,延化60万吨/年气体分馏装置
0.00,ST040098,<p>%(v/v)</p>,2025-08-26 08:00:00,正丁烯,延化60万吨/年气体分馏装置
0.02,ST040098,<p>%(v/v)</p>,2025-08-26 08:00:00,异丁烷,延化60万吨/年气体分馏装置
0.65,ST040098,<p>%(v/v)</p>,2025-08-26 08:00:00,丙烯,延化60万吨/年气体分馏装置
99.32,ST040098,<p>%(v/v)</p>,2025-08-26 08:00:00,丙烷,延化60万吨/年气体分馏装置
0.000,ST040098,"<p>%(v/v)</p>
",2025-08-26 08:00:00,乙烷+乙烯,延化60万吨/年气体分馏装置
0.01,ST040098,<p>%(v/v)</p>,2025-08-26 08:00:00,正丁烷,延化60万吨/年气体分馏装置
0.00,ST040098,<p>%(v/v)</p>,2025-08-27 08:00:00,碳五,延化60万吨/年气体分馏装置
0.00,ST040098,<p>%(v/v)</p>,2025-08-27 08:00:00,异丁烯,延化60万吨/年气体分馏装置
0.00,ST040098,<p>%(v/v)</p>,2025-08-27 08:00:00,顺丁烯,延化60万吨/年气体分馏装置
0.00,ST040098,<p>%(v/v)</p>,2025-08-27 08:00:00,反丁烯,延化60万吨/年气体分馏装置
0.00,ST040098,<p>%(v/v)</p>,2025-08-27 08:00:00,正丁烯,延化60万吨/年气体分馏装置
0.01,ST040098,<p>%(v/v)</p>,2025-08-27 08:00:00,异丁烷,延化60万吨/年气体分馏装置
0.52,ST040098,<p>%(v/v)</p>,2025-08-27 08:00:00,丙烯,延化60万吨/年气体分馏装置
99.47,ST040098,<p>%(v/v)</p>,2025-08-27 08:00:00,丙烷,延化60万吨/年气体分馏装置
0.000,ST040098,"<p>%(v/v)</p>
",2025-08-27 08:00:00,乙烷+乙烯,延化60万吨/年气体分馏装置
0.00,ST040098,<p>%(v/v)</p>,2025-08-27 08:00:00,正丁烷,延化60万吨/年气体分馏装置
0.00,ST040098,<p>%(v/v)</p>,2025-08-28 08:00:00,异丁烯,延化60万吨/年气体分馏装置
0.00,ST040098,<p>%(v/v)</p>,2025-08-28 08:00:00,碳五,延化60万吨/年气体分馏装置
0.00,ST040098,<p>%(v/v)</p>,2025-08-28 08:00:00,顺丁烯,延化60万吨/年气体分馏装置
0.00,ST040098,<p>%(v/v)</p>,2025-08-28 08:00:00,反丁烯,延化60万吨/年气体分馏装置
0.00,ST040098,<p>%(v/v)</p>,2025-08-28 08:00:00,正丁烯,延化60万吨/年气体分馏装置
0.00,ST040098,<p>%(v/v)</p>,2025-08-28 08:00:00,异丁烷,延化60万吨/年气体分馏装置
0.52,ST040098,<p>%(v/v)</p>,2025-08-28 08:00:00,丙烯,延化60万吨/年气体分馏装置
99.48,ST040098,<p>%(v/v)</p>,2025-08-28 08:00:00,丙烷,延化60万吨/年气体分馏装置
0.000,ST040098,"<p>%(v/v)</p>
",2025-08-28 08:00:00,乙烷+乙烯,延化60万吨/年气体分馏装置
0.00,ST040098,<p>%(v/v)</p>,2025-08-28 08:00:00,正丁烷,延化60万吨/年气体分馏装置
0.00,ST040098,<p>%(v/v)</p>,2025-08-29 08:00:00,碳五,延化60万吨/年气体分馏装置
0.00,ST040098,<p>%(v/v)</p>,2025-08-29 08:00:00,异丁烯,延化60万吨/年气体分馏装置
0.00,ST040098,<p>%(v/v)</p>,2025-08-29 08:00:00,顺丁烯,延化60万吨/年气体分馏装置
0.00,ST040098,<p>%(v/v)</p>,2025-08-29 08:00:00,反丁烯,延化60万吨/年气体分馏装置
0.00,ST040098,<p>%(v/v)</p>,2025-08-29 08:00:00,正丁烯,延化60万吨/年气体分馏装置
0.02,ST040098,<p>%(v/v)</p>,2025-08-29 08:00:00,异丁烷,延化60万吨/年气体分馏装置
0.72,ST040098,<p>%(v/v)</p>,2025-08-29 08:00:00,丙烯,延化60万吨/年气体分馏装置
99.26,ST040098,<p>%(v/v)</p>,2025-08-29 08:00:00,丙烷,延化60万吨/年气体分馏装置
0.000,ST040098,"<p>%(v/v)</p>
",2025-08-29 08:00:00,乙烷+乙烯,延化60万吨/年气体分馏装置
0.00,ST040098,<p>%(v/v)</p>,2025-08-29 08:00:00,正丁烷,延化60万吨/年气体分馏装置
0.00,ST040098,<p>%(v/v)</p>,2025-08-30 08:00:00,碳五,延化60万吨/年气体分馏装置
0.00,ST040098,<p>%(v/v)</p>,2025-08-30 08:00:00,异丁烯,延化60万吨/年气体分馏装置
0.00,ST040098,<p>%(v/v)</p>,2025-08-30 08:00:00,顺丁烯,延化60万吨/年气体分馏装置
0.00,ST040098,<p>%(v/v)</p>,2025-08-30 08:00:00,反丁烯,延化60万吨/年气体分馏装置
0.00,ST040098,<p>%(v/v)</p>,2025-08-30 08:00:00,正丁烯,延化60万吨/年气体分馏装置
0.01,ST040098,<p>%(v/v)</p>,2025-08-30 08:00:00,异丁烷,延化60万吨/年气体分馏装置
2.39,ST040098,<p>%(v/v)</p>,2025-08-30 08:00:00,丙烯,延化60万吨/年气体分馏装置
97.60,ST040098,<p>%(v/v)</p>,2025-08-30 08:00:00,丙烷,延化60万吨/年气体分馏装置
0.000,ST040098,"<p>%(v/v)</p>
",2025-08-30 08:00:00,乙烷+乙烯,延化60万吨/年气体分馏装置
0.00,ST040098,<p>%(v/v)</p>,2025-08-30 08:00:00,正丁烷,延化60万吨/年气体分馏装置
0.00,ST040098,<p>%(v/v)</p>,2025-08-31 08:00:00,碳五,延化60万吨/年气体分馏装置
0.01,ST040098,<p>%(v/v)</p>,2025-08-31 08:00:00,异丁烯,延化60万吨/年气体分馏装置
0.01,ST040098,<p>%(v/v)</p>,2025-08-31 08:00:00,顺丁烯,延化60万吨/年气体分馏装置
0.02,ST040098,<p>%(v/v)</p>,2025-08-31 08:00:00,反丁烯,延化60万吨/年气体分馏装置
0.01,ST040098,<p>%(v/v)</p>,2025-08-31 08:00:00,正丁烯,延化60万吨/年气体分馏装置
0.03,ST040098,<p>%(v/v)</p>,2025-08-31 08:00:00,异丁烷,延化60万吨/年气体分馏装置
0.58,ST040098,<p>%(v/v)</p>,2025-08-31 08:00:00,丙烯,延化60万吨/年气体分馏装置
99.33,ST040098,<p>%(v/v)</p>,2025-08-31 08:00:00,丙烷,延化60万吨/年气体分馏装置
0.000,ST040098,"<p>%(v/v)</p>
",2025-08-31 08:00:00,乙烷+乙烯,延化60万吨/年气体分馏装置
0.01,ST040098,<p>%(v/v)</p>,2025-08-31 08:00:00,正丁烷,延化60万吨/年气体分馏装置
0.00,ST040098,<p>%(v/v)</p>,2025-09-01 08:00:00,碳五,延化60万吨/年气体分馏装置
0.00,ST040098,<p>%(v/v)</p>,2025-09-01 08:00:00,异丁烯,延化60万吨/年气体分馏装置
0.04,ST040098,<p>%(v/v)</p>,2025-09-01 08:00:00,顺丁烯,延化60万吨/年气体分馏装置
0.06,ST040098,<p>%(v/v)</p>,2025-09-01 08:00:00,反丁烯,延化60万吨/年气体分馏装置
0.04,ST040098,<p>%(v/v)</p>,2025-09-01 08:00:00,正丁烯,延化60万吨/年气体分馏装置
0.11,ST040098,<p>%(v/v)</p>,2025-09-01 08:00:00,异丁烷,延化60万吨/年气体分馏装置
0.51,ST040098,<p>%(v/v)</p>,2025-09-01 08:00:00,丙烯,延化60万吨/年气体分馏装置
99.17,ST040098,<p>%(v/v)</p>,2025-09-01 08:00:00,丙烷,延化60万吨/年气体分馏装置
0.000,ST040098,"<p>%(v/v)</p>
",2025-09-01 08:00:00,乙烷+乙烯,延化60万吨/年气体分馏装置
0.07,ST040098,<p>%(v/v)</p>,2025-09-01 08:00:00,正丁烷,延化60万吨/年气体分馏装置
0.00,ST040098,<p>%(v/v)</p>,2025-09-02 08:00:00,碳五,延化60万吨/年气体分馏装置
0.00,ST040098,<p>%(v/v)</p>,2025-09-02 08:00:00,异丁烯,延化60万吨/年气体分馏装置
0.00,ST040098,<p>%(v/v)</p>,2025-09-02 08:00:00,顺丁烯,延化60万吨/年气体分馏装置
0.00,ST040098,<p>%(v/v)</p>,2025-09-02 08:00:00,反丁烯,延化60万吨/年气体分馏装置
0.00,ST040098,<p>%(v/v)</p>,2025-09-02 08:00:00,正丁烯,延化60万吨/年气体分馏装置
0.00,ST040098,<p>%(v/v)</p>,2025-09-02 08:00:00,异丁烷,延化60万吨/年气体分馏装置
0.61,ST040098,<p>%(v/v)</p>,2025-09-02 08:00:00,丙烯,延化60万吨/年气体分馏装置
99.39,ST040098,<p>%(v/v)</p>,2025-09-02 08:00:00,丙烷,延化60万吨/年气体分馏装置
0.000,ST040098,"<p>%(v/v)</p>
",2025-09-02 08:00:00,乙烷+乙烯,延化60万吨/年气体分馏装置
0.00,ST040098,<p>%(v/v)</p>,2025-09-02 08:00:00,正丁烷,延化60万吨/年气体分馏装置
0.00,ST040098,<p>%(v/v)</p>,2025-09-03 08:00:00,正丁烷,延化60万吨/年气体分馏装置
0.01,ST040098,<p>%(v/v)</p>,2025-09-03 08:00:00,异丁烷,延化60万吨/年气体分馏装置
0.47,ST040098,<p>%(v/v)</p>,2025-09-03 08:00:00,丙烯,延化60万吨/年气体分馏装置
99.52,ST040098,<p>%(v/v)</p>,2025-09-03 08:00:00,丙烷,延化60万吨/年气体分馏装置
0.00,ST040098,<p>%(v/v)</p>,2025-09-03 08:00:00,顺丁烯,延化60万吨/年气体分馏装置
0.00,ST040098,<p>%(v/v)</p>,2025-09-03 08:00:00,正丁烯,延化60万吨/年气体分馏装置
0.00,ST040098,<p>%(v/v)</p>,2025-09-03 08:00:00,反丁烯,延化60万吨/年气体分馏装置
0.00,ST040098,<p>%(v/v)</p>,2025-09-03 08:00:00,碳五,延化60万吨/年气体分馏装置
0.00,ST040098,<p>%(v/v)</p>,2025-09-03 08:00:00,异丁烯,延化60万吨/年气体分馏装置
0.000,ST040098,"<p>%(v/v)</p>
",2025-09-03 08:00:00,乙烷+乙烯,延化60万吨/年气体分馏装置
0.00,ST040098,<p>%(v/v)</p>,2025-09-04 08:00:00,反丁烯,延化60万吨/年气体分馏装置
0.00,ST040098,<p>%(v/v)</p>,2025-09-04 08:00:00,碳五,延化60万吨/年气体分馏装置
0.00,ST040098,<p>%(v/v)</p>,2025-09-04 08:00:00,异丁烯,延化60万吨/年气体分馏装置
0.00,ST040098,<p>%(v/v)</p>,2025-09-04 08:00:00,顺丁烯,延化60万吨/年气体分馏装置
0.00,ST040098,<p>%(v/v)</p>,2025-09-04 08:00:00,正丁烯,延化60万吨/年气体分馏装置
0.00,ST040098,<p>%(v/v)</p>,2025-09-04 08:00:00,异丁烷,延化60万吨/年气体分馏装置
0.56,ST040098,<p>%(v/v)</p>,2025-09-04 08:00:00,丙烯,延化60万吨/年气体分馏装置
99.44,ST040098,<p>%(v/v)</p>,2025-09-04 08:00:00,丙烷,延化60万吨/年气体分馏装置
0.000,ST040098,"<p>%(v/v)</p>
",2025-09-04 08:00:00,乙烷+乙烯,延化60万吨/年气体分馏装置
0.00,ST040098,<p>%(v/v)</p>,2025-09-04 08:00:00,正丁烷,延化60万吨/年气体分馏装置
0.00,ST040098,<p>%(v/v)</p>,2025-09-05 08:00:00,碳五,延化60万吨/年气体分馏装置
0.00,ST040098,<p>%(v/v)</p>,2025-09-05 08:00:00,异丁烯,延化60万吨/年气体分馏装置
0.00,ST040098,<p>%(v/v)</p>,2025-09-05 08:00:00,顺丁烯,延化60万吨/年气体分馏装置
0.00,ST040098,<p>%(v/v)</p>,2025-09-05 08:00:00,反丁烯,延化60万吨/年气体分馏装置
0.00,ST040098,<p>%(v/v)</p>,2025-09-05 08:00:00,正丁烯,延化60万吨/年气体分馏装置
0.000,ST040098,"<p>%(v/v)</p>
",2025-09-05 08:00:00,乙烷+乙烯,延化60万吨/年气体分馏装置
0.00,ST040098,<p>%(v/v)</p>,2025-09-05 08:00:00,异丁烷,延化60万吨/年气体分馏装置
0.43,ST040098,<p>%(v/v)</p>,2025-09-05 08:00:00,丙烯,延化60万吨/年气体分馏装置
99.57,ST040098,<p>%(v/v)</p>,2025-09-05 08:00:00,丙烷,延化60万吨/年气体分馏装置
0.00,ST040098,<p>%(v/v)</p>,2025-09-05 08:00:00,正丁烷,延化60万吨/年气体分馏装置
0.00,ST040098,<p>%(v/v)</p>,2025-09-06 08:00:00,反丁烯,延化60万吨/年气体分馏装置
0.00,ST040098,<p>%(v/v)</p>,2025-09-06 08:00:00,碳五,延化60万吨/年气体分馏装置
0.00,ST040098,<p>%(v/v)</p>,2025-09-06 08:00:00,异丁烯,延化60万吨/年气体分馏装置
0.00,ST040098,<p>%(v/v)</p>,2025-09-06 08:00:00,顺丁烯,延化60万吨/年气体分馏装置
0.00,ST040098,<p>%(v/v)</p>,2025-09-06 08:00:00,正丁烯,延化60万吨/年气体分馏装置
0.00,ST040098,<p>%(v/v)</p>,2025-09-06 08:00:00,异丁烷,延化60万吨/年气体分馏装置
0.72,ST040098,<p>%(v/v)</p>,2025-09-06 08:00:00,丙烯,延化60万吨/年气体分馏装置
99.28,ST040098,<p>%(v/v)</p>,2025-09-06 08:00:00,丙烷,延化60万吨/年气体分馏装置
0.000,ST040098,"<p>%(v/v)</p>
",2025-09-06 08:00:00,乙烷+乙烯,延化60万吨/年气体分馏装置
0.00,ST040098,<p>%(v/v)</p>,2025-09-06 08:00:00,正丁烷,延化60万吨/年气体分馏装置
0.00,ST040098,<p>%(v/v)</p>,2025-09-07 08:00:00,正丁烷,延化60万吨/年气体分馏装置
0.00,ST040098,<p>%(v/v)</p>,2025-09-07 08:00:00,异丁烷,延化60万吨/年气体分馏装置
0.51,ST040098,<p>%(v/v)</p>,2025-09-07 08:00:00,丙烯,延化60万吨/年气体分馏装置
99.49,ST040098,<p>%(v/v)</p>,2025-09-07 08:00:00,丙烷,延化60万吨/年气体分馏装置
0.00,ST040098,<p>%(v/v)</p>,2025-09-07 08:00:00,反丁烯,延化60万吨/年气体分馏装置
0.00,ST040098,<p>%(v/v)</p>,2025-09-07 08:00:00,正丁烯,延化60万吨/年气体分馏装置
0.00,ST040098,<p>%(v/v)</p>,2025-09-07 08:00:00,碳五,延化60万吨/年气体分馏装置
0.00,ST040098,<p>%(v/v)</p>,2025-09-07 08:00:00,异丁烯,延化60万吨/年气体分馏装置
0.00,ST040098,<p>%(v/v)</p>,2025-09-07 08:00:00,顺丁烯,延化60万吨/年气体分馏装置
0.000,ST040098,"<p>%(v/v)</p>
",2025-09-07 08:00:00,乙烷+乙烯,延化60万吨/年气体分馏装置
0.00,ST040098,<p>%(v/v)</p>,2025-09-08 08:00:00,碳五,延化60万吨/年气体分馏装置
0.00,ST040098,<p>%(v/v)</p>,2025-09-08 08:00:00,异丁烯,延化60万吨/年气体分馏装置
0.00,ST040098,<p>%(v/v)</p>,2025-09-08 08:00:00,顺丁烯,延化60万吨/年气体分馏装置
0.00,ST040098,<p>%(v/v)</p>,2025-09-08 08:00:00,反丁烯,延化60万吨/年气体分馏装置
0.00,ST040098,<p>%(v/v)</p>,2025-09-08 08:00:00,正丁烯,延化60万吨/年气体分馏装置
0.02,ST040098,<p>%(v/v)</p>,2025-09-08 08:00:00,异丁烷,延化60万吨/年气体分馏装置
1.69,ST040098,<p>%(v/v)</p>,2025-09-08 08:00:00,丙烯,延化60万吨/年气体分馏装置
98.29,ST040098,<p>%(v/v)</p>,2025-09-08 08:00:00,丙烷,延化60万吨/年气体分馏装置
0.000,ST040098,"<p>%(v/v)</p>
",2025-09-08 08:00:00,乙烷+乙烯,延化60万吨/年气体分馏装置
0.00,ST040098,<p>%(v/v)</p>,2025-09-08 08:00:00,正丁烷,延化60万吨/年气体分馏装置
0.00,ST040098,<p>%(v/v)</p>,2025-09-09 08:00:00,反丁烯,延化60万吨/年气体分馏装置
0.00,ST040098,<p>%(v/v)</p>,2025-09-09 08:00:00,碳五,延化60万吨/年气体分馏装置
0.00,ST040098,<p>%(v/v)</p>,2025-09-09 08:00:00,异丁烯,延化60万吨/年气体分馏装置
0.00,ST040098,<p>%(v/v)</p>,2025-09-09 08:00:00,顺丁烯,延化60万吨/年气体分馏装置
0.00,ST040098,<p>%(v/v)</p>,2025-09-09 08:00:00,正丁烯,延化60万吨/年气体分馏装置
0.00,ST040098,<p>%(v/v)</p>,2025-09-09 08:00:00,异丁烷,延化60万吨/年气体分馏装置
2.26,ST040098,<p>%(v/v)</p>,2025-09-09 08:00:00,丙烯,延化60万吨/年气体分馏装置
97.74,ST040098,<p>%(v/v)</p>,2025-09-09 08:00:00,丙烷,延化60万吨/年气体分馏装置
0.000,ST040098,"<p>%(v/v)</p>
",2025-09-09 08:00:00,乙烷+乙烯,延化60万吨/年气体分馏装置
0.00,ST040098,<p>%(v/v)</p>,2025-09-09 08:00:00,正丁烷,延化60万吨/年气体分馏装置
0.00,ST040098,<p>%(v/v)</p>,2025-09-10 08:00:00,反丁烯,延化60万吨/年气体分馏装置
0.00,ST040098,<p>%(v/v)</p>,2025-09-10 08:00:00,碳五,延化60万吨/年气体分馏装置
0.00,ST040098,<p>%(v/v)</p>,2025-09-10 08:00:00,异丁烯,延化60万吨/年气体分馏装置
0.00,ST040098,<p>%(v/v)</p>,2025-09-10 08:00:00,顺丁烯,延化60万吨/年气体分馏装置
0.00,ST040098,<p>%(v/v)</p>,2025-09-10 08:00:00,正丁烯,延化60万吨/年气体分馏装置
0.02,ST040098,<p>%(v/v)</p>,2025-09-10 08:00:00,异丁烷,延化60万吨/年气体分馏装置
0.75,ST040098,<p>%(v/v)</p>,2025-09-10 08:00:00,丙烯,延化60万吨/年气体分馏装置
99.23,ST040098,<p>%(v/v)</p>,2025-09-10 08:00:00,丙烷,延化60万吨/年气体分馏装置
0.000,ST040098,"<p>%(v/v)</p>
",2025-09-10 08:00:00,乙烷+乙烯,延化60万吨/年气体分馏装置
0.00,ST040098,<p>%(v/v)</p>,2025-09-10 08:00:00,正丁烷,延化60万吨/年气体分馏装置
0.00,ST040098,<p>%(v/v)</p>,2025-09-11 08:00:00,碳五,延化60万吨/年气体分馏装置
0.01,ST040098,<p>%(v/v)</p>,2025-09-11 08:00:00,异丁烯,延化60万吨/年气体分馏装置
0.01,ST040098,<p>%(v/v)</p>,2025-09-11 08:00:00,顺丁烯,延化60万吨/年气体分馏装置
0.01,ST040098,<p>%(v/v)</p>,2025-09-11 08:00:00,反丁烯,延化60万吨/年气体分馏装置
0.01,ST040098,<p>%(v/v)</p>,2025-09-11 08:00:00,正丁烯,延化60万吨/年气体分馏装置
0.01,ST040098,<p>%(v/v)</p>,2025-09-11 08:00:00,异丁烷,延化60万吨/年气体分馏装置
0.07,ST040098,<p>%(v/v)</p>,2025-09-11 08:00:00,丙烯,延化60万吨/年气体分馏装置
99.86,ST040098,<p>%(v/v)</p>,2025-09-11 08:00:00,丙烷,延化60万吨/年气体分馏装置
0.000,ST040098,"<p>%(v/v)</p>
",2025-09-11 08:00:00,乙烷+乙烯,延化60万吨/年气体分馏装置
0.02,ST040098,<p>%(v/v)</p>,2025-09-11 08:00:00,正丁烷,延化60万吨/年气体分馏装置
0.01,ST040098,<p>%(v/v)</p>,2025-09-12 08:00:00,反丁烯,延化60万吨/年气体分馏装置
0.00,ST040098,<p>%(v/v)</p>,2025-09-12 08:00:00,碳五,延化60万吨/年气体分馏装置
0.00,ST040098,<p>%(v/v)</p>,2025-09-12 08:00:00,异丁烯,延化60万吨/年气体分馏装置
0.00,ST040098,<p>%(v/v)</p>,2025-09-12 08:00:00,顺丁烯,延化60万吨/年气体分馏装置
0.00,ST040098,<p>%(v/v)</p>,2025-09-12 08:00:00,正丁烯,延化60万吨/年气体分馏装置
0.03,ST040098,<p>%(v/v)</p>,2025-09-12 08:00:00,异丁烷,延化60万吨/年气体分馏装置
1.36,ST040098,<p>%(v/v)</p>,2025-09-12 08:00:00,丙烯,延化60万吨/年气体分馏装置
98.59,ST040098,<p>%(v/v)</p>,2025-09-12 08:00:00,丙烷,延化60万吨/年气体分馏装置
0.000,ST040098,"<p>%(v/v)</p>
",2025-09-12 08:00:00,乙烷+乙烯,延化60万吨/年气体分馏装置
0.01,ST040098,<p>%(v/v)</p>,2025-09-12 08:00:00,正丁烷,延化60万吨/年气体分馏装置
0.000,ST040098,"<p>%(v/v)</p>
",2025-09-13 08:00:00,乙烷+乙烯,延化60万吨/年气体分馏装置
0.00,ST040098,<p>%(v/v)</p>,2025-09-13 08:00:00,正丁烯,延化60万吨/年气体分馏装置
0.00,ST040098,<p>%(v/v)</p>,2025-09-13 08:00:00,碳五,延化60万吨/年气体分馏装置
0.00,ST040098,<p>%(v/v)</p>,2025-09-13 08:00:00,异丁烯,延化60万吨/年气体分馏装置
98.96,ST040098,<p>%(v/v)</p>,2025-09-13 08:00:00,丙烷,延化60万吨/年气体分馏装置
0.00,ST040098,<p>%(v/v)</p>,2025-09-13 08:00:00,反丁烯,延化60万吨/年气体分馏装置
0.00,ST040098,<p>%(v/v)</p>,2025-09-13 08:00:00,正丁烷,延化60万吨/年气体分馏装置
0.05,ST040098,<p>%(v/v)</p>,2025-09-13 08:00:00,异丁烷,延化60万吨/年气体分馏装置
0.99,ST040098,<p>%(v/v)</p>,2025-09-13 08:00:00,丙烯,延化60万吨/年气体分馏装置
0.00,ST040098,<p>%(v/v)</p>,2025-09-13 08:00:00,顺丁烯,延化60万吨/年气体分馏装置
0.00,ST040098,<p>%(v/v)</p>,2025-09-14 08:00:00,反丁烯,延化60万吨/年气体分馏装置
0.00,ST040098,<p>%(v/v)</p>,2025-09-14 08:00:00,碳五,延化60万吨/年气体分馏装置
0.00,ST040098,<p>%(v/v)</p>,2025-09-14 08:00:00,异丁烯,延化60万吨/年气体分馏装置
0.00,ST040098,<p>%(v/v)</p>,2025-09-14 08:00:00,顺丁烯,延化60万吨/年气体分馏装置
0.00,ST040098,<p>%(v/v)</p>,2025-09-14 08:00:00,正丁烯,延化60万吨/年气体分馏装置
0.01,ST040098,<p>%(v/v)</p>,2025-09-14 08:00:00,异丁烷,延化60万吨/年气体分馏装置
1.01,ST040098,<p>%(v/v)</p>,2025-09-14 08:00:00,丙烯,延化60万吨/年气体分馏装置
98.97,ST040098,<p>%(v/v)</p>,2025-09-14 08:00:00,丙烷,延化60万吨/年气体分馏装置
0.000,ST040098,"<p>%(v/v)</p>
",2025-09-14 08:00:00,乙烷+乙烯,延化60万吨/年气体分馏装置
0.01,ST040098,<p>%(v/v)</p>,2025-09-14 08:00:00,正丁烷,延化60万吨/年气体分馏装置
0.00,ST040098,<p>%(v/v)</p>,2025-09-15 08:00:00,碳五,延化60万吨/年气体分馏装置
0.00,ST040098,<p>%(v/v)</p>,2025-09-15 08:00:00,异丁烯,延化60万吨/年气体分馏装置
0.00,ST040098,<p>%(v/v)</p>,2025-09-15 08:00:00,顺丁烯,延化60万吨/年气体分馏装置
0.00,ST040098,<p>%(v/v)</p>,2025-09-15 08:00:00,反丁烯,延化60万吨/年气体分馏装置
0.00,ST040098,<p>%(v/v)</p>,2025-09-15 08:00:00,正丁烯,延化60万吨/年气体分馏装置
0.01,ST040098,<p>%(v/v)</p>,2025-09-15 08:00:00,异丁烷,延化60万吨/年气体分馏装置
1.85,ST040098,<p>%(v/v)</p>,2025-09-15 08:00:00,丙烯,延化60万吨/年气体分馏装置
98.14,ST040098,<p>%(v/v)</p>,2025-09-15 08:00:00,丙烷,延化60万吨/年气体分馏装置
0.000,ST040098,"<p>%(v/v)</p>
",2025-09-15 08:00:00,乙烷+乙烯,延化60万吨/年气体分馏装置
0.00,ST040098,<p>%(v/v)</p>,2025-09-15 08:00:00,正丁烷,延化60万吨/年气体分馏装置
0.00,ST040098,<p>%(v/v)</p>,2025-09-16 08:00:00,正丁烷,延化60万吨/年气体分馏装置
0.00,ST040098,<p>%(v/v)</p>,2025-09-16 08:00:00,碳五,延化60万吨/年气体分馏装置
0.00,ST040098,<p>%(v/v)</p>,2025-09-16 08:00:00,异丁烯,延化60万吨/年气体分馏装置
0.00,ST040098,<p>%(v/v)</p>,2025-09-16 08:00:00,顺丁烯,延化60万吨/年气体分馏装置
0.00,ST040098,<p>%(v/v)</p>,2025-09-16 08:00:00,正丁烯,延化60万吨/年气体分馏装置
0.00,ST040098,<p>%(v/v)</p>,2025-09-16 08:00:00,异丁烷,延化60万吨/年气体分馏装置
1.24,ST040098,<p>%(v/v)</p>,2025-09-16 08:00:00,丙烯,延化60万吨/年气体分馏装置
98.76,ST040098,<p>%(v/v)</p>,2025-09-16 08:00:00,丙烷,延化60万吨/年气体分馏装置
0.000,ST040098,"<p>%(v/v)</p>
",2025-09-16 08:00:00,乙烷+乙烯,延化60万吨/年气体分馏装置
0.00,ST040098,<p>%(v/v)</p>,2025-09-16 08:00:00,反丁烯,延化60万吨/年气体分馏装置
0.00,ST040098,<p>%(v/v)</p>,2025-09-17 08:00:00,顺丁烯,延化60万吨/年气体分馏装置
0.00,ST040098,<p>%(v/v)</p>,2025-09-17 08:00:00,碳五,延化60万吨/年气体分馏装置
0.00,ST040098,<p>%(v/v)</p>,2025-09-17 08:00:00,异丁烯,延化60万吨/年气体分馏装置
0.00,ST040098,<p>%(v/v)</p>,2025-09-17 08:00:00,反丁烯,延化60万吨/年气体分馏装置
0.00,ST040098,<p>%(v/v)</p>,2025-09-17 08:00:00,正丁烯,延化60万吨/年气体分馏装置
0.00,ST040098,<p>%(v/v)</p>,2025-09-17 08:00:00,异丁烷,延化60万吨/年气体分馏装置
0.17,ST040098,<p>%(v/v)</p>,2025-09-17 08:00:00,丙烯,延化60万吨/年气体分馏装置
99.83,ST040098,<p>%(v/v)</p>,2025-09-17 08:00:00,丙烷,延化60万吨/年气体分馏装置
0.000,ST040098,"<p>%(v/v)</p>
",2025-09-17 08:00:00,乙烷+乙烯,延化60万吨/年气体分馏装置
0.00,ST040098,<p>%(v/v)</p>,2025-09-17 08:00:00,正丁烷,延化60万吨/年气体分馏装置
0.00,ST040098,<p>%(v/v)</p>,2025-09-18 08:00:00,碳五,延化60万吨/年气体分馏装置
0.00,ST040098,<p>%(v/v)</p>,2025-09-18 08:00:00,异丁烯,延化60万吨/年气体分馏装置
0.00,ST040098,<p>%(v/v)</p>,2025-09-18 08:00:00,顺丁烯,延化60万吨/年气体分馏装置
0.00,ST040098,<p>%(v/v)</p>,2025-09-18 08:00:00,反丁烯,延化60万吨/年气体分馏装置
0.00,ST040098,<p>%(v/v)</p>,2025-09-18 08:00:00,正丁烷,延化60万吨/年气体分馏装置
0.00,ST040098,<p>%(v/v)</p>,2025-09-18 08:00:00,异丁烷,延化60万吨/年气体分馏装置
1.31,ST040098,<p>%(v/v)</p>,2025-09-18 08:00:00,丙烯,延化60万吨/年气体分馏装置
98.69,ST040098,<p>%(v/v)</p>,2025-09-18 08:00:00,丙烷,延化60万吨/年气体分馏装置
0.000,ST040098,"<p>%(v/v)</p>
",2025-09-18 08:00:00,乙烷+乙烯,延化60万吨/年气体分馏装置
0.00,ST040098,<p>%(v/v)</p>,2025-09-18 08:00:00,正丁烯,延化60万吨/年气体分馏装置
0.00,ST040098,<p>%(v/v)</p>,2025-09-19 08:00:00,反丁烯,延化60万吨/年气体分馏装置
0.00,ST040098,<p>%(v/v)</p>,2025-09-19 08:00:00,碳五,延化60万吨/年气体分馏装置
0.00,ST040098,<p>%(v/v)</p>,2025-09-19 08:00:00,异丁烯,延化60万吨/年气体分馏装置
0.00,ST040098,<p>%(v/v)</p>,2025-09-19 08:00:00,顺丁烯,延化60万吨/年气体分馏装置
0.00,ST040098,<p>%(v/v)</p>,2025-09-19 08:00:00,正丁烯,延化60万吨/年气体分馏装置
0.00,ST040098,<p>%(v/v)</p>,2025-09-19 08:00:00,异丁烷,延化60万吨/年气体分馏装置
1.28,ST040098,<p>%(v/v)</p>,2025-09-19 08:00:00,丙烯,延化60万吨/年气体分馏装置
98.72,ST040098,<p>%(v/v)</p>,2025-09-19 08:00:00,丙烷,延化60万吨/年气体分馏装置
0.000,ST040098,"<p>%(v/v)</p>
",2025-09-19 08:00:00,乙烷+乙烯,延化60万吨/年气体分馏装置
0.00,ST040098,<p>%(v/v)</p>,2025-09-19 08:00:00,正丁烷,延化60万吨/年气体分馏装置
0.00,ST040098,<p>%(v/v)</p>,2025-09-20 08:00:00,异丁烯,延化60万吨/年气体分馏装置
0.00,ST040098,<p>%(v/v)</p>,2025-09-20 08:00:00,顺丁烯,延化60万吨/年气体分馏装置
0.01,ST040098,<p>%(v/v)</p>,2025-09-20 08:00:00,正丁烷,延化60万吨/年气体分馏装置
0.04,ST040098,<p>%(v/v)</p>,2025-09-20 08:00:00,异丁烷,延化60万吨/年气体分馏装置
0.00,ST040098,<p>%(v/v)</p>,2025-09-20 08:00:00,碳五,延化60万吨/年气体分馏装置
99.93,ST040098,<p>%(v/v)</p>,2025-09-20 08:00:00,丙烷,延化60万吨/年气体分馏装置
0.000,ST040098,"<p>%(v/v)</p>
",2025-09-20 08:00:00,乙烷+乙烯,延化60万吨/年气体分馏装置
0.00,ST040098,<p>%(v/v)</p>,2025-09-20 08:00:00,正丁烯,延化60万吨/年气体分馏装置
0.00,ST040098,<p>%(v/v)</p>,2025-09-20 08:00:00,反丁烯,延化60万吨/年气体分馏装置
0.02,ST040098,<p>%(v/v)</p>,2025-09-20 08:00:00,丙烯,延化60万吨/年气体分馏装置
0.00,ST040098,<p>%(v/v)</p>,2025-09-21 08:00:00,正丁烯,延化60万吨/年气体分馏装置
0.00,ST040098,<p>%(v/v)</p>,2025-09-21 08:00:00,碳五,延化60万吨/年气体分馏装置
0.00,ST040098,<p>%(v/v)</p>,2025-09-21 08:00:00,异丁烯,延化60万吨/年气体分馏装置
0.00,ST040098,<p>%(v/v)</p>,2025-09-21 08:00:00,顺丁烯,延化60万吨/年气体分馏装置
0.000,ST040098,"<p>%(v/v)</p>
",2025-09-21 08:00:00,乙烷+乙烯,延化60万吨/年气体分馏装置
0.00,ST040098,<p>%(v/v)</p>,2025-09-21 08:00:00,正丁烷,延化60万吨/年气体分馏装置
0.01,ST040098,<p>%(v/v)</p>,2025-09-21 08:00:00,异丁烷,延化60万吨/年气体分馏装置
0.03,ST040098,<p>%(v/v)</p>,2025-09-21 08:00:00,丙烯,延化60万吨/年气体分馏装置
99.96,ST040098,<p>%(v/v)</p>,2025-09-21 08:00:00,丙烷,延化60万吨/年气体分馏装置
0.00,ST040098,<p>%(v/v)</p>,2025-09-21 08:00:00,反丁烯,延化60万吨/年气体分馏装置
0.00,ST040098,<p>%(v/v)</p>,2025-09-22 08:00:00,反丁烯,延化60万吨/年气体分馏装置
0.00,ST040098,<p>%(v/v)</p>,2025-09-22 08:00:00,碳五,延化60万吨/年气体分馏装置
0.00,ST040098,<p>%(v/v)</p>,2025-09-22 08:00:00,异丁烯,延化60万吨/年气体分馏装置
0.00,ST040098,<p>%(v/v)</p>,2025-09-22 08:00:00,顺丁烯,延化60万吨/年气体分馏装置
0.00,ST040098,<p>%(v/v)</p>,2025-09-22 08:00:00,正丁烯,延化60万吨/年气体分馏装置
0.00,ST040098,<p>%(v/v)</p>,2025-09-22 08:00:00,异丁烷,延化60万吨/年气体分馏装置
1.20,ST040098,<p>%(v/v)</p>,2025-09-22 08:00:00,丙烯,延化60万吨/年气体分馏装置
98.80,ST040098,<p>%(v/v)</p>,2025-09-22 08:00:00,丙烷,延化60万吨/年气体分馏装置
0.000,ST040098,"<p>%(v/v)</p>
",2025-09-22 08:00:00,乙烷+乙烯,延化60万吨/年气体分馏装置
0.00,ST040098,<p>%(v/v)</p>,2025-09-22 08:00:00,正丁烷,延化60万吨/年气体分馏装置
0.00,ST040098,<p>%(v/v)</p>,2025-09-23 08:00:00,反丁烯,延化60万吨/年气体分馏装置
0.00,ST040098,<p>%(v/v)</p>,2025-09-23 08:00:00,碳五,延化60万吨/年气体分馏装置
0.00,ST040098,<p>%(v/v)</p>,2025-09-23 08:00:00,异丁烯,延化60万吨/年气体分馏装置
0.00,ST040098,<p>%(v/v)</p>,2025-09-23 08:00:00,顺丁烯,延化60万吨/年气体分馏装置
0.00,ST040098,<p>%(v/v)</p>,2025-09-23 08:00:00,正丁烯,延化60万吨/年气体分馏装置
0.03,ST040098,<p>%(v/v)</p>,2025-09-23 08:00:00,异丁烷,延化60万吨/年气体分馏装置
1.28,ST040098,<p>%(v/v)</p>,2025-09-23 08:00:00,丙烯,延化60万吨/年气体分馏装置
98.69,ST040098,<p>%(v/v)</p>,2025-09-23 08:00:00,丙烷,延化60万吨/年气体分馏装置
0.000,ST040098,"<p>%(v/v)</p>
",2025-09-23 08:00:00,乙烷+乙烯,延化60万吨/年气体分馏装置
0.00,ST040098,<p>%(v/v)</p>,2025-09-23 08:00:00,正丁烷,延化60万吨/年气体分馏装置
0.00,ST040098,<p>%(v/v)</p>,2025-09-24 08:00:00,正丁烷,延化60万吨/年气体分馏装置
0.01,ST040098,<p>%(v/v)</p>,2025-09-24 08:00:00,异丁烷,延化60万吨/年气体分馏装置
1.20,ST040098,<p>%(v/v)</p>,2025-09-24 08:00:00,丙烯,延化60万吨/年气体分馏装置
98.79,ST040098,<p>%(v/v)</p>,2025-09-24 08:00:00,丙烷,延化60万吨/年气体分馏装置
0.00,ST040098,<p>%(v/v)</p>,2025-09-24 08:00:00,反丁烯,延化60万吨/年气体分馏装置
0.00,ST040098,<p>%(v/v)</p>,2025-09-24 08:00:00,正丁烯,延化60万吨/年气体分馏装置
0.00,ST040098,<p>%(v/v)</p>,2025-09-24 08:00:00,碳五,延化60万吨/年气体分馏装置
0.00,ST040098,<p>%(v/v)</p>,2025-09-24 08:00:00,异丁烯,延化60万吨/年气体分馏装置
0.00,ST040098,<p>%(v/v)</p>,2025-09-24 08:00:00,顺丁烯,延化60万吨/年气体分馏装置
0.000,ST040098,"<p>%(v/v)</p>
",2025-09-24 08:00:00,乙烷+乙烯,延化60万吨/年气体分馏装置
0.00,ST040098,<p>%(v/v)</p>,2025-09-25 08:00:00,反丁烯,延化60万吨/年气体分馏装置
0.00,ST040098,<p>%(v/v)</p>,2025-09-25 08:00:00,碳五,延化60万吨/年气体分馏装置
0.00,ST040098,<p>%(v/v)</p>,2025-09-25 08:00:00,异丁烯,延化60万吨/年气体分馏装置
0.00,ST040098,<p>%(v/v)</p>,2025-09-25 08:00:00,顺丁烯,延化60万吨/年气体分馏装置
0.00,ST040098,<p>%(v/v)</p>,2025-09-25 08:00:00,正丁烯,延化60万吨/年气体分馏装置
0.02,ST040098,<p>%(v/v)</p>,2025-09-25 08:00:00,异丁烷,延化60万吨/年气体分馏装置
0.71,ST040098,<p>%(v/v)</p>,2025-09-25 08:00:00,丙烯,延化60万吨/年气体分馏装置
99.27,ST040098,<p>%(v/v)</p>,2025-09-25 08:00:00,丙烷,延化60万吨/年气体分馏装置
0.000,ST040098,"<p>%(v/v)</p>
",2025-09-25 08:00:00,乙烷+乙烯,延化60万吨/年气体分馏装置
0.00,ST040098,<p>%(v/v)</p>,2025-09-25 08:00:00,正丁烷,延化60万吨/年气体分馏装置
1.63,ST040098,<p>%(v/v)</p>,2025-09-26 08:00:00,丙烯,延化60万吨/年气体分馏装置
98.37,ST040098,<p>%(v/v)</p>,2025-09-26 08:00:00,丙烷,延化60万吨/年气体分馏装置
0.000,ST040098,"<p>%(v/v)</p>
",2025-09-26 08:00:00,乙烷+乙烯,延化60万吨/年气体分馏装置
0.00,ST040098,<p>%(v/v)</p>,2025-09-26 08:00:00,正丁烯,延化60万吨/年气体分馏装置
0.00,ST040098,<p>%(v/v)</p>,2025-09-26 08:00:00,异丁烷,延化60万吨/年气体分馏装置
0.00,ST040098,<p>%(v/v)</p>,2025-09-26 08:00:00,碳五,延化60万吨/年气体分馏装置
0.00,ST040098,<p>%(v/v)</p>,2025-09-26 08:00:00,异丁烯,延化60万吨/年气体分馏装置
0.00,ST040098,<p>%(v/v)</p>,2025-09-26 08:00:00,顺丁烯,延化60万吨/年气体分馏装置
0.00,ST040098,<p>%(v/v)</p>,2025-09-26 08:00:00,正丁烷,延化60万吨/年气体分馏装置
0.00,ST040098,<p>%(v/v)</p>,2025-09-26 08:00:00,反丁烯,延化60万吨/年气体分馏装置
0.03,ST040098,<p>%(v/v)</p>,2025-09-27 08:00:00,反丁烯,延化60万吨/年气体分馏装置
0.00,ST040098,<p>%(v/v)</p>,2025-09-27 08:00:00,碳五,延化60万吨/年气体分馏装置
0.02,ST040098,<p>%(v/v)</p>,2025-09-27 08:00:00,异丁烯,延化60万吨/年气体分馏装置
0.03,ST040098,<p>%(v/v)</p>,2025-09-27 08:00:00,顺丁烯,延化60万吨/年气体分馏装置
0.03,ST040098,<p>%(v/v)</p>,2025-09-27 08:00:00,正丁烯,延化60万吨/年气体分馏装置
0.12,ST040098,<p>%(v/v)</p>,2025-09-27 08:00:00,异丁烷,延化60万吨/年气体分馏装置
2.35,ST040098,<p>%(v/v)</p>,2025-09-27 08:00:00,丙烯,延化60万吨/年气体分馏装置
97.38,ST040098,<p>%(v/v)</p>,2025-09-27 08:00:00,丙烷,延化60万吨/年气体分馏装置
0.000,ST040098,"<p>%(v/v)</p>
",2025-09-27 08:00:00,乙烷+乙烯,延化60万吨/年气体分馏装置
0.04,ST040098,<p>%(v/v)</p>,2025-09-27 08:00:00,正丁烷,延化60万吨/年气体分馏装置
0.00,ST040098,<p>%(v/v)</p>,2025-09-28 08:00:00,反丁烯,延化60万吨/年气体分馏装置
0.00,ST040098,<p>%(v/v)</p>,2025-09-28 08:00:00,碳五,延化60万吨/年气体分馏装置
0.00,ST040098,<p>%(v/v)</p>,2025-09-28 08:00:00,异丁烯,延化60万吨/年气体分馏装置
0.00,ST040098,<p>%(v/v)</p>,2025-09-28 08:00:00,顺丁烯,延化60万吨/年气体分馏装置
0.00,ST040098,<p>%(v/v)</p>,2025-09-28 08:00:00,正丁烯,延化60万吨/年气体分馏装置
0.03,ST040098,<p>%(v/v)</p>,2025-09-28 08:00:00,异丁烷,延化60万吨/年气体分馏装置
2.01,ST040098,<p>%(v/v)</p>,2025-09-28 08:00:00,丙烯,延化60万吨/年气体分馏装置
97.96,ST040098,<p>%(v/v)</p>,2025-09-28 08:00:00,丙烷,延化60万吨/年气体分馏装置
0.000,ST040098,"<p>%(v/v)</p>
",2025-09-28 08:00:00,乙烷+乙烯,延化60万吨/年气体分馏装置
0.00,ST040098,<p>%(v/v)</p>,2025-09-28 08:00:00,正丁烷,延化60万吨/年气体分馏装置
0.00,ST040098,<p>%(v/v)</p>,2025-09-29 08:00:00,碳五,延化60万吨/年气体分馏装置
0.00,ST040098,<p>%(v/v)</p>,2025-09-29 08:00:00,异丁烯,延化60万吨/年气体分馏装置
0.00,ST040098,<p>%(v/v)</p>,2025-09-29 08:00:00,顺丁烯,延化60万吨/年气体分馏装置
0.00,ST040098,<p>%(v/v)</p>,2025-09-29 08:00:00,反丁烯,延化60万吨/年气体分馏装置
0.00,ST040098,<p>%(v/v)</p>,2025-09-29 08:00:00,正丁烯,延化60万吨/年气体分馏装置
0.09,ST040098,<p>%(v/v)</p>,2025-09-29 08:00:00,异丁烷,延化60万吨/年气体分馏装置
1.80,ST040098,<p>%(v/v)</p>,2025-09-29 08:00:00,丙烯,延化60万吨/年气体分馏装置
98.11,ST040098,<p>%(v/v)</p>,2025-09-29 08:00:00,丙烷,延化60万吨/年气体分馏装置
0.000,ST040098,"<p>%(v/v)</p>
",2025-09-29 08:00:00,乙烷+乙烯,延化60万吨/年气体分馏装置
0.00,ST040098,<p>%(v/v)</p>,2025-09-29 08:00:00,正丁烷,延化60万吨/年气体分馏装置
0.00,ST040098,<p>%(v/v)</p>,2025-09-30 08:00:00,反丁烯,延化60万吨/年气体分馏装置
0.00,ST040098,<p>%(v/v)</p>,2025-09-30 08:00:00,碳五,延化60万吨/年气体分馏装置
0.00,ST040098,<p>%(v/v)</p>,2025-09-30 08:00:00,异丁烯,延化60万吨/年气体分馏装置
0.00,ST040098,<p>%(v/v)</p>,2025-09-30 08:00:00,顺丁烯,延化60万吨/年气体分馏装置
0.00,ST040098,<p>%(v/v)</p>,2025-09-30 08:00:00,正丁烯,延化60万吨/年气体分馏装置
0.03,ST040098,<p>%(v/v)</p>,2025-09-30 08:00:00,异丁烷,延化60万吨/年气体分馏装置
1.98,ST040098,<p>%(v/v)</p>,2025-09-30 08:00:00,丙烯,延化60万吨/年气体分馏装置
97.97,ST040098,<p>%(v/v)</p>,2025-09-30 08:00:00,丙烷,延化60万吨/年气体分馏装置
0.000,ST040098,"<p>%(v/v)</p>
",2025-09-30 08:00:00,乙烷+乙烯,延化60万吨/年气体分馏装置
0.02,ST040098,<p>%(v/v)</p>,2025-09-30 08:00:00,正丁烷,延化60万吨/年气体分馏装置
0.00,ST040098,<p>%(v/v)</p>,2025-10-01 08:00:00,碳五,延化60万吨/年气体分馏装置
0.02,ST040098,<p>%(v/v)</p>,2025-10-01 08:00:00,异丁烯,延化60万吨/年气体分馏装置
0.02,ST040098,<p>%(v/v)</p>,2025-10-01 08:00:00,顺丁烯,延化60万吨/年气体分馏装置
0.03,ST040098,<p>%(v/v)</p>,2025-10-01 08:00:00,反丁烯,延化60万吨/年气体分馏装置
0.02,ST040098,<p>%(v/v)</p>,2025-10-01 08:00:00,正丁烯,延化60万吨/年气体分馏装置
0.16,ST040098,<p>%(v/v)</p>,2025-10-01 08:00:00,异丁烷,延化60万吨/年气体分馏装置
2.40,ST040098,<p>%(v/v)</p>,2025-10-01 08:00:00,丙烯,延化60万吨/年气体分馏装置
97.31,ST040098,<p>%(v/v)</p>,2025-10-01 08:00:00,丙烷,延化60万吨/年气体分馏装置
0.000,ST040098,"<p>%(v/v)</p>
",2025-10-01 08:00:00,乙烷+乙烯,延化60万吨/年气体分馏装置
0.04,ST040098,<p>%(v/v)</p>,2025-10-01 08:00:00,正丁烷,延化60万吨/年气体分馏装置
0.00,ST040098,<p>%(v/v)</p>,2025-10-02 08:00:00,反丁烯,延化60万吨/年气体分馏装置
0.00,ST040098,<p>%(v/v)</p>,2025-10-02 08:00:00,碳五,延化60万吨/年气体分馏装置
0.00,ST040098,<p>%(v/v)</p>,2025-10-02 08:00:00,异丁烯,延化60万吨/年气体分馏装置
0.00,ST040098,<p>%(v/v)</p>,2025-10-02 08:00:00,顺丁烯,延化60万吨/年气体分馏装置
0.00,ST040098,<p>%(v/v)</p>,2025-10-02 08:00:00,正丁烯,延化60万吨/年气体分馏装置
0.000,ST040098,"<p>%(v/v)</p>
",2025-10-02 08:00:00,乙烷+乙烯,延化60万吨/年气体分馏装置
0.00,ST040098,<p>%(v/v)</p>,2025-10-02 08:00:00,异丁烷,延化60万吨/年气体分馏装置
2.47,ST040098,<p>%(v/v)</p>,2025-10-02 08:00:00,丙烯,延化60万吨/年气体分馏装置
97.53,ST040098,<p>%(v/v)</p>,2025-10-02 08:00:00,丙烷,延化60万吨/年气体分馏装置
0.00,ST040098,<p>%(v/v)</p>,2025-10-02 08:00:00,正丁烷,延化60万吨/年气体分馏装置
0.06,ST040098,<p>%(v/v)</p>,2025-10-03 08:00:00,异丁烷,延化60万吨/年气体分馏装置
0.01,ST040098,<p>%(v/v)</p>,2025-10-03 08:00:00,顺丁烯,延化60万吨/年气体分馏装置
0.01,ST040098,<p>%(v/v)</p>,2025-10-03 08:00:00,反丁烯,延化60万吨/年气体分馏装置
0.01,ST040098,<p>%(v/v)</p>,2025-10-03 08:00:00,正丁烷,延化60万吨/年气体分馏装置
0.01,ST040098,<p>%(v/v)</p>,2025-10-03 08:00:00,异丁烯,延化60万吨/年气体分馏装置
97.87,ST040098,<p>%(v/v)</p>,2025-10-03 08:00:00,丙烷,延化60万吨/年气体分馏装置
0.000,ST040098,"<p>%(v/v)</p>
",2025-10-03 08:00:00,乙烷+乙烯,延化60万吨/年气体分馏装置
0.01,ST040098,<p>%(v/v)</p>,2025-10-03 08:00:00,正丁烯,延化60万吨/年气体分馏装置
0.00,ST040098,<p>%(v/v)</p>,2025-10-03 08:00:00,碳五,延化60万吨/年气体分馏装置
2.02,ST040098,<p>%(v/v)</p>,2025-10-03 08:00:00,丙烯,延化60万吨/年气体分馏装置
0.00,ST040098,<p>%(v/v)</p>,2025-10-04 08:00:00,碳五,延化60万吨/年气体分馏装置
0.00,ST040098,<p>%(v/v)</p>,2025-10-04 08:00:00,异丁烯,延化60万吨/年气体分馏装置
0.00,ST040098,<p>%(v/v)</p>,2025-10-04 08:00:00,顺丁烯,延化60万吨/年气体分馏装置
0.82,ST040098,<p>%(v/v)</p>,2025-10-04 08:00:00,丙烯,延化60万吨/年气体分馏装置
0.00,ST040098,<p>%(v/v)</p>,2025-10-04 08:00:00,正丁烯,延化60万吨/年气体分馏装置
0.00,ST040098,<p>%(v/v)</p>,2025-10-04 08:00:00,正丁烷,延化60万吨/年气体分馏装置
0.01,ST040098,<p>%(v/v)</p>,2025-10-04 08:00:00,异丁烷,延化60万吨/年气体分馏装置
99.17,ST040098,<p>%(v/v)</p>,2025-10-04 08:00:00,丙烷,延化60万吨/年气体分馏装置
0.000,ST040098,"<p>%(v/v)</p>
",2025-10-04 08:00:00,乙烷+乙烯,延化60万吨/年气体分馏装置
0.00,ST040098,<p>%(v/v)</p>,2025-10-04 08:00:00,反丁烯,延化60万吨/年气体分馏装置
0.02,ST040098,<p>%(v/v)</p>,2025-10-05 08:00:00,异丁烷,延化60万吨/年气体分馏装置
0.00,ST040098,<p>%(v/v)</p>,2025-10-05 08:00:00,碳五,延化60万吨/年气体分馏装置
0.00,ST040098,<p>%(v/v)</p>,2025-10-05 08:00:00,异丁烯,延化60万吨/年气体分馏装置
0.00,ST040098,<p>%(v/v)</p>,2025-10-05 08:00:00,顺丁烯,延化60万吨/年气体分馏装置
0.00,ST040098,<p>%(v/v)</p>,2025-10-05 08:00:00,正丁烯,延化60万吨/年气体分馏装置
0.00,ST040098,<p>%(v/v)</p>,2025-10-05 08:00:00,正丁烷,延化60万吨/年气体分馏装置
0.58,ST040098,<p>%(v/v)</p>,2025-10-05 08:00:00,丙烯,延化60万吨/年气体分馏装置
99.40,ST040098,<p>%(v/v)</p>,2025-10-05 08:00:00,丙烷,延化60万吨/年气体分馏装置
0.000,ST040098,"<p>%(v/v)</p>
",2025-10-05 08:00:00,乙烷+乙烯,延化60万吨/年气体分馏装置
0.00,ST040098,<p>%(v/v)</p>,2025-10-05 08:00:00,反丁烯,延化60万吨/年气体分馏装置
0.00,ST040098,<p>%(v/v)</p>,2025-10-06 08:00:00,碳五,延化60万吨/年气体分馏装置
0.00,ST040098,<p>%(v/v)</p>,2025-10-06 08:00:00,异丁烯,延化60万吨/年气体分馏装置
0.00,ST040098,<p>%(v/v)</p>,2025-10-06 08:00:00,顺丁烯,延化60万吨/年气体分馏装置
0.00,ST040098,<p>%(v/v)</p>,2025-10-06 08:00:00,反丁烯,延化60万吨/年气体分馏装置
0.00,ST040098,<p>%(v/v)</p>,2025-10-06 08:00:00,正丁烯,延化60万吨/年气体分馏装置
0.00,ST040098,<p>%(v/v)</p>,2025-10-06 08:00:00,异丁烷,延化60万吨/年气体分馏装置
1.27,ST040098,<p>%(v/v)</p>,2025-10-06 08:00:00,丙烯,延化60万吨/年气体分馏装置
98.73,ST040098,<p>%(v/v)</p>,2025-10-06 08:00:00,丙烷,延化60万吨/年气体分馏装置
0.000,ST040098,"<p>%(v/v)</p>
",2025-10-06 08:00:00,乙烷+乙烯,延化60万吨/年气体分馏装置
0.00,ST040098,<p>%(v/v)</p>,2025-10-06 08:00:00,正丁烷,延化60万吨/年气体分馏装置
0.00,ST040098,<p>%(v/v)</p>,2025-10-07 08:00:00,正丁烷,延化60万吨/年气体分馏装置
0.02,ST040098,<p>%(v/v)</p>,2025-10-07 08:00:00,异丁烷,延化60万吨/年气体分馏装置
0.64,ST040098,<p>%(v/v)</p>,2025-10-07 08:00:00,丙烯,延化60万吨/年气体分馏装置
99.34,ST040098,<p>%(v/v)</p>,2025-10-07 08:00:00,丙烷,延化60万吨/年气体分馏装置
0.00,ST040098,<p>%(v/v)</p>,2025-10-07 08:00:00,反丁烯,延化60万吨/年气体分馏装置
0.00,ST040098,<p>%(v/v)</p>,2025-10-07 08:00:00,正丁烯,延化60万吨/年气体分馏装置
0.00,ST040098,<p>%(v/v)</p>,2025-10-07 08:00:00,碳五,延化60万吨/年气体分馏装置
0.00,ST040098,<p>%(v/v)</p>,2025-10-07 08:00:00,异丁烯,延化60万吨/年气体分馏装置
0.00,ST040098,<p>%(v/v)</p>,2025-10-07 08:00:00,顺丁烯,延化60万吨/年气体分馏装置
0.000,ST040098,"<p>%(v/v)</p>
",2025-10-07 08:00:00,乙烷+乙烯,延化60万吨/年气体分馏装置
0.00,ST040098,<p>%(v/v)</p>,2025-10-08 08:00:00,反丁烯,延化60万吨/年气体分馏装置
0.00,ST040098,<p>%(v/v)</p>,2025-10-08 08:00:00,碳五,延化60万吨/年气体分馏装置
0.00,ST040098,<p>%(v/v)</p>,2025-10-08 08:00:00,异丁烯,延化60万吨/年气体分馏装置
0.00,ST040098,<p>%(v/v)</p>,2025-10-08 08:00:00,顺丁烯,延化60万吨/年气体分馏装置
0.00,ST040098,<p>%(v/v)</p>,2025-10-08 08:00:00,正丁烯,延化60万吨/年气体分馏装置
0.04,ST040098,<p>%(v/v)</p>,2025-10-08 08:00:00,异丁烷,延化60万吨/年气体分馏装置
0.62,ST040098,<p>%(v/v)</p>,2025-10-08 08:00:00,丙烯,延化60万吨/年气体分馏装置
99.34,ST040098,<p>%(v/v)</p>,2025-10-08 08:00:00,丙烷,延化60万吨/年气体分馏装置
0.000,ST040098,"<p>%(v/v)</p>
",2025-10-08 08:00:00,乙烷+乙烯,延化60万吨/年气体分馏装置
0.00,ST040098,<p>%(v/v)</p>,2025-10-08 08:00:00,正丁烷,延化60万吨/年气体分馏装置
0.00,ST040098,<p>%(v/v)</p>,2025-10-09 08:00:00,碳五,延化60万吨/年气体分馏装置
0.00,ST040098,<p>%(v/v)</p>,2025-10-09 08:00:00,异丁烯,延化60万吨/年气体分馏装置
0.00,ST040098,<p>%(v/v)</p>,2025-10-09 08:00:00,顺丁烯,延化60万吨/年气体分馏装置
0.00,ST040098,<p>%(v/v)</p>,2025-10-09 08:00:00,反丁烯,延化60万吨/年气体分馏装置
0.00,ST040098,<p>%(v/v)</p>,2025-10-09 08:00:00,正丁烯,延化60万吨/年气体分馏装置
0.04,ST040098,<p>%(v/v)</p>,2025-10-09 08:00:00,异丁烷,延化60万吨/年气体分馏装置
1.15,ST040098,<p>%(v/v)</p>,2025-10-09 08:00:00,丙烯,延化60万吨/年气体分馏装置
98.80,ST040098,<p>%(v/v)</p>,2025-10-09 08:00:00,丙烷,延化60万吨/年气体分馏装置
0.000,ST040098,"<p>%(v/v)</p>
",2025-10-09 08:00:00,乙烷+乙烯,延化60万吨/年气体分馏装置
0.01,ST040098,<p>%(v/v)</p>,2025-10-09 08:00:00,正丁烷,延化60万吨/年气体分馏装置
0.00,ST040098,<p>%(v/v)</p>,2025-10-10 08:00:00,碳五,延化60万吨/年气体分馏装置
0.00,ST040098,<p>%(v/v)</p>,2025-10-10 08:00:00,异丁烯,延化60万吨/年气体分馏装置
0.00,ST040098,<p>%(v/v)</p>,2025-10-10 08:00:00,顺丁烯,延化60万吨/年气体分馏装置
0.01,ST040098,<p>%(v/v)</p>,2025-10-10 08:00:00,反丁烯,延化60万吨/年气体分馏装置
0.00,ST040098,<p>%(v/v)</p>,2025-10-10 08:00:00,正丁烯,延化60万吨/年气体分馏装置
0.08,ST040098,<p>%(v/v)</p>,2025-10-10 08:00:00,异丁烷,延化60万吨/年气体分馏装置
0.65,ST040098,<p>%(v/v)</p>,2025-10-10 08:00:00,丙烯,延化60万吨/年气体分馏装置
99.25,ST040098,<p>%(v/v)</p>,2025-10-10 08:00:00,丙烷,延化60万吨/年气体分馏装置
0.000,ST040098,"<p>%(v/v)</p>
",2025-10-10 08:00:00,乙烷+乙烯,延化60万吨/年气体分馏装置
0.01,ST040098,<p>%(v/v)</p>,2025-10-10 08:00:00,正丁烷,延化60万吨/年气体分馏装置
0.00,ST040098,<p>%(v/v)</p>,2025-10-11 05:00:00,顺丁烯,延化60万吨/年气体分馏装置
0.00,ST040098,<p>%(v/v)</p>,2025-10-11 05:00:00,碳五,延化60万吨/年气体分馏装置
0.00,ST040098,<p>%(v/v)</p>,2025-10-11 05:00:00,正丁烯,延化60万吨/年气体分馏装置
0.000,ST040098,"<p>%(v/v)</p>
",2025-10-11 05:00:00,乙烷+乙烯,延化60万吨/年气体分馏装置
86.69,ST040098,<p>%(v/v)</p>,2025-10-11 05:00:00,丙烷,延化60万吨/年气体分馏装置
13.31,ST040098,<p>%(v/v)</p>,2025-10-11 05:00:00,丙烯,延化60万吨/年气体分馏装置
0.00,ST040098,<p>%(v/v)</p>,2025-10-11 05:00:00,异丁烷,延化60万吨/年气体分馏装置
0.00,ST040098,<p>%(v/v)</p>,2025-10-11 05:00:00,正丁烷,延化60万吨/年气体分馏装置
0.00,ST040098,<p>%(v/v)</p>,2025-10-11 05:00:00,反丁烯,延化60万吨/年气体分馏装置
0.00,ST040098,<p>%(v/v)</p>,2025-10-11 05:00:00,异丁烯,延化60万吨/年气体分馏装置
0.00,ST040098,<p>%(v/v)</p>,2025-10-11 07:00:00,碳五,延化60万吨/年气体分馏装置
0.000,ST040098,"<p>%(v/v)</p>
",2025-10-11 07:00:00,乙烷+乙烯,延化60万吨/年气体分馏装置
81.09,ST040098,<p>%(v/v)</p>,2025-10-11 07:00:00,丙烷,延化60万吨/年气体分馏装置
18.91,ST040098,<p>%(v/v)</p>,2025-10-11 07:00:00,丙烯,延化60万吨/年气体分馏装置
0.00,ST040098,<p>%(v/v)</p>,2025-10-11 07:00:00,正丁烯,延化60万吨/年气体分馏装置
0.00,ST040098,<p>%(v/v)</p>,2025-10-11 07:00:00,正丁烷,延化60万吨/年气体分馏装置
0.00,ST040098,<p>%(v/v)</p>,2025-10-11 07:00:00,反丁烯,延化60万吨/年气体分馏装置
0.00,ST040098,<p>%(v/v)</p>,2025-10-11 07:00:00,顺丁烯,延化60万吨/年气体分馏装置
0.00,ST040098,<p>%(v/v)</p>,2025-10-11 07:00:00,异丁烯,延化60万吨/年气体分馏装置
0.00,ST040098,<p>%(v/v)</p>,2025-10-11 07:00:00,异丁烷,延化60万吨/年气体分馏装置
0.000,ST040098,"<p>%(v/v)</p>
",2025-10-12 18:01:00,乙烷+乙烯,延化60万吨/年气体分馏装置
0.00,ST040098,<p>%(v/v)</p>,2025-10-12 18:01:00,正丁烯,延化60万吨/年气体分馏装置
0.00,ST040098,<p>%(v/v)</p>,2025-10-12 18:01:00,反丁烯,延化60万吨/年气体分馏装置
0.00,ST040098,<p>%(v/v)</p>,2025-10-12 18:01:00,碳五,延化60万吨/年气体分馏装置
0.00,ST040098,<p>%(v/v)</p>,2025-10-12 18:01:00,异丁烯,延化60万吨/年气体分馏装置
0.00,ST040098,<p>%(v/v)</p>,2025-10-12 18:01:00,顺丁烯,延化60万吨/年气体分馏装置
0.00,ST040098,<p>%(v/v)</p>,2025-10-12 18:01:00,正丁烷,延化60万吨/年气体分馏装置
0.01,ST040098,<p>%(v/v)</p>,2025-10-12 18:01:00,异丁烷,延化60万吨/年气体分馏装置
5.27,ST040098,<p>%(v/v)</p>,2025-10-12 18:01:00,丙烯,延化60万吨/年气体分馏装置
94.72,ST040098,<p>%(v/v)</p>,2025-10-12 18:01:00,丙烷,延化60万吨/年气体分馏装置
0.00,ST040098,<p>%(v/v)</p>,2025-10-13 00:00:00,顺丁烯,延化60万吨/年气体分馏装置
0.00,ST040098,<p>%(v/v)</p>,2025-10-13 00:00:00,异丁烯,延化60万吨/年气体分馏装置
0.00,ST040098,<p>%(v/v)</p>,2025-10-13 00:00:00,正丁烯,延化60万吨/年气体分馏装置
0.000,ST040098,"<p>%(v/v)</p>
",2025-10-13 00:00:00,乙烷+乙烯,延化60万吨/年气体分馏装置
98.21,ST040098,<p>%(v/v)</p>,2025-10-13 00:00:00,丙烷,延化60万吨/年气体分馏装置
1.79,ST040098,<p>%(v/v)</p>,2025-10-13 00:00:00,丙烯,延化60万吨/年气体分馏装置
0.00,ST040098,<p>%(v/v)</p>,2025-10-13 00:00:00,异丁烷,延化60万吨/年气体分馏装置
0.00,ST040098,<p>%(v/v)</p>,2025-10-13 00:00:00,正丁烷,延化60万吨/年气体分馏装置
0.00,ST040098,<p>%(v/v)</p>,2025-10-13 00:00:00,反丁烯,延化60万吨/年气体分馏装置
0.00,ST040098,<p>%(v/v)</p>,2025-10-13 00:00:00,碳五,延化60万吨/年气体分馏装置
0.00,ST040098,<p>%(v/v)</p>,2025-10-13 01:42:00,反丁烯,延化60万吨/年气体分馏装置
0.000,ST040098,"<p>%(v/v)</p>
",2025-10-13 01:42:00,乙烷+乙烯,延化60万吨/年气体分馏装置
98.38,ST040098,<p>%(v/v)</p>,2025-10-13 01:42:00,丙烷,延化60万吨/年气体分馏装置
1.62,ST040098,<p>%(v/v)</p>,2025-10-13 01:42:00,丙烯,延化60万吨/年气体分馏装置
0.00,ST040098,<p>%(v/v)</p>,2025-10-13 01:42:00,正丁烯,延化60万吨/年气体分馏装置
0.00,ST040098,<p>%(v/v)</p>,2025-10-13 01:42:00,正丁烷,延化60万吨/年气体分馏装置
0.00,ST040098,<p>%(v/v)</p>,2025-10-13 01:42:00,顺丁烯,延化60万吨/年气体分馏装置
0.00,ST040098,<p>%(v/v)</p>,2025-10-13 01:42:00,异丁烯,延化60万吨/年气体分馏装置
0.00,ST040098,<p>%(v/v)</p>,2025-10-13 01:42:00,碳五,延化60万吨/年气体分馏装置
0.00,ST040098,<p>%(v/v)</p>,2025-10-13 01:42:00,异丁烷,延化60万吨/年气体分馏装置
0.00,ST040098,<p>%(v/v)</p>,2025-10-13 08:00:00,异丁烯,延化60万吨/年气体分馏装置
0.00,ST040098,<p>%(v/v)</p>,2025-10-13 08:00:00,碳五,延化60万吨/年气体分馏装置
0.00,ST040098,<p>%(v/v)</p>,2025-10-13 08:00:00,反丁烯,延化60万吨/年气体分馏装置
0.00,ST040098,<p>%(v/v)</p>,2025-10-13 08:00:00,正丁烯,延化60万吨/年气体分馏装置
0.00,ST040098,<p>%(v/v)</p>,2025-10-13 08:00:00,顺丁烯,延化60万吨/年气体分馏装置
0.000,ST040098,"<p>%(v/v)</p>
",2025-10-13 08:00:00,乙烷+乙烯,延化60万吨/年气体分馏装置
94.95,ST040098,<p>%(v/v)</p>,2025-10-13 08:00:00,丙烷,延化60万吨/年气体分馏装置
5.05,ST040098,<p>%(v/v)</p>,2025-10-13 08:00:00,丙烯,延化60万吨/年气体分馏装置
0.00,ST040098,<p>%(v/v)</p>,2025-10-13 08:00:00,异丁烷,延化60万吨/年气体分馏装置
0.00,ST040098,<p>%(v/v)</p>,2025-10-13 08:00:00,正丁烷,延化60万吨/年气体分馏装置
0.00,ST040098,<p>%(v/v)</p>,2025-10-13 11:00:00,碳五,延化60万吨/年气体分馏装置
0.00,ST040098,<p>%(v/v)</p>,2025-10-13 11:00:00,异丁烯,延化60万吨/年气体分馏装置
0.00,ST040098,<p>%(v/v)</p>,2025-10-13 11:00:00,顺丁烯,延化60万吨/年气体分馏装置
0.00,ST040098,<p>%(v/v)</p>,2025-10-13 11:00:00,正丁烯,延化60万吨/年气体分馏装置
0.000,ST040098,"<p>%(v/v)</p>
",2025-10-13 11:00:00,乙烷+乙烯,延化60万吨/年气体分馏装置
92.10,ST040098,<p>%(v/v)</p>,2025-10-13 11:00:00,丙烷,延化60万吨/年气体分馏装置
7.90,ST040098,<p>%(v/v)</p>,2025-10-13 11:00:00,丙烯,延化60万吨/年气体分馏装置
0.00,ST040098,<p>%(v/v)</p>,2025-10-13 11:00:00,异丁烷,延化60万吨/年气体分馏装置
0.00,ST040098,<p>%(v/v)</p>,2025-10-13 11:00:00,正丁烷,延化60万吨/年气体分馏装置
0.00,ST040098,<p>%(v/v)</p>,2025-10-13 11:00:00,反丁烯,延化60万吨/年气体分馏装置
0.00,ST040098,<p>%(v/v)</p>,2025-10-13 14:00:00,碳五,延化60万吨/年气体分馏装置
0.00,ST040098,<p>%(v/v)</p>,2025-10-13 14:00:00,正丁烷,延化60万吨/年气体分馏装置
0.00,ST040098,<p>%(v/v)</p>,2025-10-13 14:00:00,异丁烷,延化60万吨/年气体分馏装置
1.76,ST040098,<p>%(v/v)</p>,2025-10-13 14:00:00,丙烯,延化60万吨/年气体分馏装置
0.00,ST040098,<p>%(v/v)</p>,2025-10-13 14:00:00,正丁烯,延化60万吨/年气体分馏装置
0.000,ST040098,"<p>%(v/v)</p>
",2025-10-13 14:00:00,乙烷+乙烯,延化60万吨/年气体分馏装置
0.00,ST040098,<p>%(v/v)</p>,2025-10-13 14:00:00,反丁烯,延化60万吨/年气体分馏装置
0.00,ST040098,<p>%(v/v)</p>,2025-10-13 14:00:00,顺丁烯,延化60万吨/年气体分馏装置
0.00,ST040098,<p>%(v/v)</p>,2025-10-13 14:00:00,异丁烯,延化60万吨/年气体分馏装置
98.24,ST040098,<p>%(v/v)</p>,2025-10-13 14:00:00,丙烷,延化60万吨/年气体分馏装置
1.54,ST040098,<p>%(v/v)</p>,2025-10-13 15:00:00,丙烯,延化60万吨/年气体分馏装置
98.46,ST040098,<p>%(v/v)</p>,2025-10-13 15:00:00,丙烷,延化60万吨/年气体分馏装置
0.000,ST040098,"<p>%(v/v)</p>
",2025-10-13 15:00:00,乙烷+乙烯,延化60万吨/年气体分馏装置
0.00,ST040098,<p>%(v/v)</p>,2025-10-13 15:00:00,正丁烯,延化60万吨/年气体分馏装置
0.00,ST040098,<p>%(v/v)</p>,2025-10-13 15:00:00,反丁烯,延化60万吨/年气体分馏装置
0.00,ST040098,<p>%(v/v)</p>,2025-10-13 15:00:00,碳五,延化60万吨/年气体分馏装置
0.00,ST040098,<p>%(v/v)</p>,2025-10-13 15:00:00,异丁烯,延化60万吨/年气体分馏装置
0.00,ST040098,<p>%(v/v)</p>,2025-10-13 15:00:00,顺丁烯,延化60万吨/年气体分馏装置
0.00,ST040098,<p>%(v/v)</p>,2025-10-13 15:00:00,正丁烷,延化60万吨/年气体分馏装置
0.00,ST040098,<p>%(v/v)</p>,2025-10-13 15:00:00,异丁烷,延化60万吨/年气体分馏装置
0.00,ST040098,<p>%(v/v)</p>,2025-10-13 22:20:00,碳五,延化60万吨/年气体分馏装置
0.00,ST040098,<p>%(v/v)</p>,2025-10-13 22:20:00,异丁烯,延化60万吨/年气体分馏装置
0.00,ST040098,<p>%(v/v)</p>,2025-10-13 22:20:00,顺丁烯,延化60万吨/年气体分馏装置
0.00,ST040098,<p>%(v/v)</p>,2025-10-13 22:20:00,反丁烯,延化60万吨/年气体分馏装置
0.00,ST040098,<p>%(v/v)</p>,2025-10-13 22:20:00,正丁烯,延化60万吨/年气体分馏装置
0.01,ST040098,<p>%(v/v)</p>,2025-10-13 22:20:00,异丁烷,延化60万吨/年气体分馏装置
2.42,ST040098,<p>%(v/v)</p>,2025-10-13 22:20:00,丙烯,延化60万吨/年气体分馏装置
97.57,ST040098,<p>%(v/v)</p>,2025-10-13 22:20:00,丙烷,延化60万吨/年气体分馏装置
0.000,ST040098,"<p>%(v/v)</p>
",2025-10-13 22:20:00,乙烷+乙烯,延化60万吨/年气体分馏装置
0.00,ST040098,<p>%(v/v)</p>,2025-10-13 22:20:00,正丁烷,延化60万吨/年气体分馏装置
0.00,ST040098,<p>%(v/v)</p>,2025-10-14 08:00:00,反丁烯,延化60万吨/年气体分馏装置
0.00,ST040098,<p>%(v/v)</p>,2025-10-14 08:00:00,碳五,延化60万吨/年气体分馏装置
0.00,ST040098,<p>%(v/v)</p>,2025-10-14 08:00:00,异丁烯,延化60万吨/年气体分馏装置
0.00,ST040098,<p>%(v/v)</p>,2025-10-14 08:00:00,顺丁烯,延化60万吨/年气体分馏装置
0.00,ST040098,<p>%(v/v)</p>,2025-10-14 08:00:00,正丁烯,延化60万吨/年气体分馏装置
0.02,ST040098,<p>%(v/v)</p>,2025-10-14 08:00:00,异丁烷,延化60万吨/年气体分馏装置
1.83,ST040098,<p>%(v/v)</p>,2025-10-14 08:00:00,丙烯,延化60万吨/年气体分馏装置
98.15,ST040098,<p>%(v/v)</p>,2025-10-14 08:00:00,丙烷,延化60万吨/年气体分馏装置
0.000,ST040098,"<p>%(v/v)</p>
",2025-10-14 08:00:00,乙烷+乙烯,延化60万吨/年气体分馏装置
0.00,ST040098,<p>%(v/v)</p>,2025-10-14 08:00:00,正丁烷,延化60万吨/年气体分馏装置
0.01,ST040098,<p>%(v/v)</p>,2025-10-15 08:00:00,反丁烯,延化60万吨/年气体分馏装置
0.00,ST040098,<p>%(v/v)</p>,2025-10-15 08:00:00,碳五,延化60万吨/年气体分馏装置
0.00,ST040098,<p>%(v/v)</p>,2025-10-15 08:00:00,异丁烯,延化60万吨/年气体分馏装置
0.00,ST040098,<p>%(v/v)</p>,2025-10-15 08:00:00,顺丁烯,延化60万吨/年气体分馏装置
0.01,ST040098,<p>%(v/v)</p>,2025-10-15 08:00:00,正丁烯,延化60万吨/年气体分馏装置
0.03,ST040098,<p>%(v/v)</p>,2025-10-15 08:00:00,异丁烷,延化60万吨/年气体分馏装置
2.44,ST040098,<p>%(v/v)</p>,2025-10-15 08:00:00,丙烯,延化60万吨/年气体分馏装置
97.49,ST040098,<p>%(v/v)</p>,2025-10-15 08:00:00,丙烷,延化60万吨/年气体分馏装置
0.000,ST040098,"<p>%(v/v)</p>
",2025-10-15 08:00:00,乙烷+乙烯,延化60万吨/年气体分馏装置
0.02,ST040098,<p>%(v/v)</p>,2025-10-15 08:00:00,正丁烷,延化60万吨/年气体分馏装置
0.00,ST040098,<p>%(v/v)</p>,2025-10-16 08:00:00,碳五,延化60万吨/年气体分馏装置
0.00,ST040098,<p>%(v/v)</p>,2025-10-16 08:00:00,异丁烯,延化60万吨/年气体分馏装置
0.00,ST040098,<p>%(v/v)</p>,2025-10-16 08:00:00,顺丁烯,延化60万吨/年气体分馏装置
0.00,ST040098,<p>%(v/v)</p>,2025-10-16 08:00:00,反丁烯,延化60万吨/年气体分馏装置
0.00,ST040098,<p>%(v/v)</p>,2025-10-16 08:00:00,正丁烯,延化60万吨/年气体分馏装置
0.00,ST040098,<p>%(v/v)</p>,2025-10-16 08:00:00,异丁烷,延化60万吨/年气体分馏装置
2.52,ST040098,<p>%(v/v)</p>,2025-10-16 08:00:00,丙烯,延化60万吨/年气体分馏装置
97.48,ST040098,<p>%(v/v)</p>,2025-10-16 08:00:00,丙烷,延化60万吨/年气体分馏装置
0.000,ST040098,"<p>%(v/v)</p>
",2025-10-16 08:00:00,乙烷+乙烯,延化60万吨/年气体分馏装置
0.00,ST040098,<p>%(v/v)</p>,2025-10-16 08:00:00,正丁烷,延化60万吨/年气体分馏装置
0.00,ST040098,<p>%(v/v)</p>,2025-10-17 08:00:00,反丁烯,延化60万吨/年气体分馏装置
0.00,ST040098,<p>%(v/v)</p>,2025-10-17 08:00:00,碳五,延化60万吨/年气体分馏装置
0.00,ST040098,<p>%(v/v)</p>,2025-10-17 08:00:00,异丁烯,延化60万吨/年气体分馏装置
0.00,ST040098,<p>%(v/v)</p>,2025-10-17 08:00:00,顺丁烯,延化60万吨/年气体分馏装置
0.00,ST040098,<p>%(v/v)</p>,2025-10-17 08:00:00,正丁烯,延化60万吨/年气体分馏装置
0.00,ST040098,<p>%(v/v)</p>,2025-10-17 08:00:00,异丁烷,延化60万吨/年气体分馏装置
3.00,ST040098,<p>%(v/v)</p>,2025-10-17 08:00:00,丙烯,延化60万吨/年气体分馏装置
97.00,ST040098,<p>%(v/v)</p>,2025-10-17 08:00:00,丙烷,延化60万吨/年气体分馏装置
0.000,ST040098,"<p>%(v/v)</p>
",2025-10-17 08:00:00,乙烷+乙烯,延化60万吨/年气体分馏装置
0.00,ST040098,<p>%(v/v)</p>,2025-10-17 08:00:00,正丁烷,延化60万吨/年气体分馏装置
0.01,ST040098,<p>%(v/v)</p>,2025-10-18 08:00:00,反丁烯,延化60万吨/年气体分馏装置
0.00,ST040098,<p>%(v/v)</p>,2025-10-18 08:00:00,碳五,延化60万吨/年气体分馏装置
0.01,ST040098,<p>%(v/v)</p>,2025-10-18 08:00:00,异丁烯,延化60万吨/年气体分馏装置
0.01,ST040098,<p>%(v/v)</p>,2025-10-18 08:00:00,顺丁烯,延化60万吨/年气体分馏装置
0.01,ST040098,<p>%(v/v)</p>,2025-10-18 08:00:00,正丁烯,延化60万吨/年气体分馏装置
0.09,ST040098,<p>%(v/v)</p>,2025-10-18 08:00:00,异丁烷,延化60万吨/年气体分馏装置
2.03,ST040098,<p>%(v/v)</p>,2025-10-18 08:00:00,丙烯,延化60万吨/年气体分馏装置
97.82,ST040098,<p>%(v/v)</p>,2025-10-18 08:00:00,丙烷,延化60万吨/年气体分馏装置
0.000,ST040098,"<p>%(v/v)</p>
",2025-10-18 08:00:00,乙烷+乙烯,延化60万吨/年气体分馏装置
0.02,ST040098,<p>%(v/v)</p>,2025-10-18 08:00:00,正丁烷,延化60万吨/年气体分馏装置
2.59,ST040098,<p>%(v/v)</p>,2025-10-19 08:00:00,丙烯,延化60万吨/年气体分馏装置
97.30,ST040098,<p>%(v/v)</p>,2025-10-19 08:00:00,丙烷,延化60万吨/年气体分馏装置
0.000,ST040098,"<p>%(v/v)</p>
",2025-10-19 08:00:00,乙烷+乙烯,延化60万吨/年气体分馏装置
0.01,ST040098,<p>%(v/v)</p>,2025-10-19 08:00:00,正丁烯,延化60万吨/年气体分馏装置
0.03,ST040098,<p>%(v/v)</p>,2025-10-19 08:00:00,异丁烷,延化60万吨/年气体分馏装置
0.01,ST040098,<p>%(v/v)</p>,2025-10-19 08:00:00,异丁烯,延化60万吨/年气体分馏装置
0.01,ST040098,<p>%(v/v)</p>,2025-10-19 08:00:00,顺丁烯,延化60万吨/年气体分馏装置
0.02,ST040098,<p>%(v/v)</p>,2025-10-19 08:00:00,反丁烯,延化60万吨/年气体分馏装置
0.03,ST040098,<p>%(v/v)</p>,2025-10-19 08:00:00,正丁烷,延化60万吨/年气体分馏装置
0.00,ST040098,<p>%(v/v)</p>,2025-10-19 08:00:00,碳五,延化60万吨/年气体分馏装置
0.00,ST040098,<p>%(v/v)</p>,2025-10-20 08:00:00,反丁烯,延化60万吨/年气体分馏装置
0.00,ST040098,<p>%(v/v)</p>,2025-10-20 08:00:00,碳五,延化60万吨/年气体分馏装置
0.00,ST040098,<p>%(v/v)</p>,2025-10-20 08:00:00,异丁烯,延化60万吨/年气体分馏装置
0.00,ST040098,<p>%(v/v)</p>,2025-10-20 08:00:00,顺丁烯,延化60万吨/年气体分馏装置
0.00,ST040098,<p>%(v/v)</p>,2025-10-20 08:00:00,正丁烯,延化60万吨/年气体分馏装置
0.01,ST040098,<p>%(v/v)</p>,2025-10-20 08:00:00,异丁烷,延化60万吨/年气体分馏装置
0.48,ST040098,<p>%(v/v)</p>,2025-10-20 08:00:00,丙烯,延化60万吨/年气体分馏装置
99.51,ST040098,<p>%(v/v)</p>,2025-10-20 08:00:00,丙烷,延化60万吨/年气体分馏装置
0.000,ST040098,"<p>%(v/v)</p>
",2025-10-20 08:00:00,乙烷+乙烯,延化60万吨/年气体分馏装置
0.00,ST040098,<p>%(v/v)</p>,2025-10-20 08:00:00,正丁烷,延化60万吨/年气体分馏装置
0.01,ST040098,<p>%(v/v)</p>,2025-10-21 08:00:00,反丁烯,延化60万吨/年气体分馏装置
0.00,ST040098,<p>%(v/v)</p>,2025-10-21 08:00:00,碳五,延化60万吨/年气体分馏装置
0.01,ST040098,<p>%(v/v)</p>,2025-10-21 08:00:00,异丁烯,延化60万吨/年气体分馏装置
0.00,ST040098,<p>%(v/v)</p>,2025-10-21 08:00:00,顺丁烯,延化60万吨/年气体分馏装置
0.01,ST040098,<p>%(v/v)</p>,2025-10-21 08:00:00,正丁烯,延化60万吨/年气体分馏装置
0.08,ST040098,<p>%(v/v)</p>,2025-10-21 08:00:00,异丁烷,延化60万吨/年气体分馏装置
2.00,ST040098,<p>%(v/v)</p>,2025-10-21 08:00:00,丙烯,延化60万吨/年气体分馏装置
97.86,ST040098,<p>%(v/v)</p>,2025-10-21 08:00:00,丙烷,延化60万吨/年气体分馏装置
0.000,ST040098,"<p>%(v/v)</p>
",2025-10-21 08:00:00,乙烷+乙烯,延化60万吨/年气体分馏装置
0.03,ST040098,<p>%(v/v)</p>,2025-10-21 08:00:00,正丁烷,延化60万吨/年气体分馏装置
0.00,ST040098,<p>%(v/v)</p>,2025-10-22 08:00:00,反丁烯,延化60万吨/年气体分馏装置
0.00,ST040098,<p>%(v/v)</p>,2025-10-22 08:00:00,碳五,延化60万吨/年气体分馏装置
0.00,ST040098,<p>%(v/v)</p>,2025-10-22 08:00:00,异丁烯,延化60万吨/年气体分馏装置
0.00,ST040098,<p>%(v/v)</p>,2025-10-22 08:00:00,顺丁烯,延化60万吨/年气体分馏装置
0.00,ST040098,<p>%(v/v)</p>,2025-10-22 08:00:00,正丁烯,延化60万吨/年气体分馏装置
0.04,ST040098,<p>%(v/v)</p>,2025-10-22 08:00:00,异丁烷,延化60万吨/年气体分馏装置
1.75,ST040098,<p>%(v/v)</p>,2025-10-22 08:00:00,丙烯,延化60万吨/年气体分馏装置
98.21,ST040098,<p>%(v/v)</p>,2025-10-22 08:00:00,丙烷,延化60万吨/年气体分馏装置
0.000,ST040098,"<p>%(v/v)</p>
",2025-10-22 08:00:00,乙烷+乙烯,延化60万吨/年气体分馏装置
0.00,ST040098,<p>%(v/v)</p>,2025-10-22 08:00:00,正丁烷,延化60万吨/年气体分馏装置
0.00,ST040098,<p>%(v/v)</p>,2025-10-23 08:00:00,正丁烷,延化60万吨/年气体分馏装置
0.00,ST040098,<p>%(v/v)</p>,2025-10-23 08:00:00,碳五,延化60万吨/年气体分馏装置
0.00,ST040098,<p>%(v/v)</p>,2025-10-23 08:00:00,异丁烯,延化60万吨/年气体分馏装置
0.00,ST040098,<p>%(v/v)</p>,2025-10-23 08:00:00,顺丁烯,延化60万吨/年气体分馏装置
0.00,ST040098,<p>%(v/v)</p>,2025-10-23 08:00:00,正丁烯,延化60万吨/年气体分馏装置
0.05,ST040098,<p>%(v/v)</p>,2025-10-23 08:00:00,异丁烷,延化60万吨/年气体分馏装置
1.65,ST040098,<p>%(v/v)</p>,2025-10-23 08:00:00,丙烯,延化60万吨/年气体分馏装置
98.30,ST040098,<p>%(v/v)</p>,2025-10-23 08:00:00,丙烷,延化60万吨/年气体分馏装置
0.000,ST040098,"<p>%(v/v)</p>
",2025-10-23 08:00:00,乙烷+乙烯,延化60万吨/年气体分馏装置
0.00,ST040098,<p>%(v/v)</p>,2025-10-23 08:00:00,反丁烯,延化60万吨/年气体分馏装置
0.00,ST040098,<p>%(v/v)</p>,2025-10-24 08:00:00,反丁烯,延化60万吨/年气体分馏装置
0.00,ST040098,<p>%(v/v)</p>,2025-10-24 08:00:00,碳五,延化60万吨/年气体分馏装置
0.00,ST040098,<p>%(v/v)</p>,2025-10-24 08:00:00,异丁烯,延化60万吨/年气体分馏装置
0.00,ST040098,<p>%(v/v)</p>,2025-10-24 08:00:00,顺丁烯,延化60万吨/年气体分馏装置
0.00,ST040098,<p>%(v/v)</p>,2025-10-24 08:00:00,正丁烯,延化60万吨/年气体分馏装置
0.11,ST040098,<p>%(v/v)</p>,2025-10-24 08:00:00,异丁烷,延化60万吨/年气体分馏装置
1.19,ST040098,<p>%(v/v)</p>,2025-10-24 08:00:00,丙烯,延化60万吨/年气体分馏装置
98.70,ST040098,<p>%(v/v)</p>,2025-10-24 08:00:00,丙烷,延化60万吨/年气体分馏装置
0.000,ST040098,"<p>%(v/v)</p>
",2025-10-24 08:00:00,乙烷+乙烯,延化60万吨/年气体分馏装置
0.00,ST040098,<p>%(v/v)</p>,2025-10-24 08:00:00,正丁烷,延化60万吨/年气体分馏装置
0.00,ST040098,<p>%(v/v)</p>,2025-10-25 08:00:00,碳五,延化60万吨/年气体分馏装置
0.00,ST040098,<p>%(v/v)</p>,2025-10-25 08:00:00,异丁烯,延化60万吨/年气体分馏装置
0.00,ST040098,<p>%(v/v)</p>,2025-10-25 08:00:00,顺丁烯,延化60万吨/年气体分馏装置
0.00,ST040098,<p>%(v/v)</p>,2025-10-25 08:00:00,反丁烯,延化60万吨/年气体分馏装置
0.00,ST040098,<p>%(v/v)</p>,2025-10-25 08:00:00,正丁烯,延化60万吨/年气体分馏装置
0.02,ST040098,<p>%(v/v)</p>,2025-10-25 08:00:00,异丁烷,延化60万吨/年气体分馏装置
1.18,ST040098,<p>%(v/v)</p>,2025-10-25 08:00:00,丙烯,延化60万吨/年气体分馏装置
98.80,ST040098,<p>%(v/v)</p>,2025-10-25 08:00:00,丙烷,延化60万吨/年气体分馏装置
0.000,ST040098,"<p>%(v/v)</p>
",2025-10-25 08:00:00,乙烷+乙烯,延化60万吨/年气体分馏装置
0.00,ST040098,<p>%(v/v)</p>,2025-10-25 08:00:00,正丁烷,延化60万吨/年气体分馏装置
0.00,ST040098,<p>%(v/v)</p>,2025-10-26 08:00:00,碳五,延化60万吨/年气体分馏装置
0.00,ST040098,<p>%(v/v)</p>,2025-10-26 08:00:00,异丁烯,延化60万吨/年气体分馏装置
0.00,ST040098,<p>%(v/v)</p>,2025-10-26 08:00:00,顺丁烯,延化60万吨/年气体分馏装置
0.00,ST040098,<p>%(v/v)</p>,2025-10-26 08:00:00,反丁烯,延化60万吨/年气体分馏装置
0.00,ST040098,<p>%(v/v)</p>,2025-10-26 08:00:00,正丁烯,延化60万吨/年气体分馏装置
0.01,ST040098,<p>%(v/v)</p>,2025-10-26 08:00:00,异丁烷,延化60万吨/年气体分馏装置
1.60,ST040098,<p>%(v/v)</p>,2025-10-26 08:00:00,丙烯,延化60万吨/年气体分馏装置
98.39,ST040098,<p>%(v/v)</p>,2025-10-26 08:00:00,丙烷,延化60万吨/年气体分馏装置
0.000,ST040098,"<p>%(v/v)</p>
",2025-10-26 08:00:00,乙烷+乙烯,延化60万吨/年气体分馏装置
0.00,ST040098,<p>%(v/v)</p>,2025-10-26 08:00:00,正丁烷,延化60万吨/年气体分馏装置
0.01,ST040098,<p>%(v/v)</p>,2025-10-27 08:00:00,反丁烯,延化60万吨/年气体分馏装置
0.00,ST040098,<p>%(v/v)</p>,2025-10-27 08:00:00,碳五,延化60万吨/年气体分馏装置
0.01,ST040098,<p>%(v/v)</p>,2025-10-27 08:00:00,异丁烯,延化60万吨/年气体分馏装置
0.00,ST040098,<p>%(v/v)</p>,2025-10-27 08:00:00,顺丁烯,延化60万吨/年气体分馏装置
0.01,ST040098,<p>%(v/v)</p>,2025-10-27 08:00:00,正丁烯,延化60万吨/年气体分馏装置
0.04,ST040098,<p>%(v/v)</p>,2025-10-27 08:00:00,异丁烷,延化60万吨/年气体分馏装置
1.18,ST040098,<p>%(v/v)</p>,2025-10-27 08:00:00,丙烯,延化60万吨/年气体分馏装置
98.74,ST040098,<p>%(v/v)</p>,2025-10-27 08:00:00,丙烷,延化60万吨/年气体分馏装置
0.000,ST040098,"<p>%(v/v)</p>
",2025-10-27 08:00:00,乙烷+乙烯,延化60万吨/年气体分馏装置
0.01,ST040098,<p>%(v/v)</p>,2025-10-27 08:00:00,正丁烷,延化60万吨/年气体分馏装置
0.00,ST040098,<p>%(v/v)</p>,2025-10-28 08:00:00,碳五,延化60万吨/年气体分馏装置
0.00,ST040098,<p>%(v/v)</p>,2025-10-28 08:00:00,正丁烷,延化60万吨/年气体分馏装置
0.00,ST040098,<p>%(v/v)</p>,2025-10-28 08:00:00,异丁烯,延化60万吨/年气体分馏装置
0.00,ST040098,<p>%(v/v)</p>,2025-10-28 08:00:00,顺丁烯,延化60万吨/年气体分馏装置
0.00,ST040098,<p>%(v/v)</p>,2025-10-28 08:00:00,正丁烯,延化60万吨/年气体分馏装置
0.01,ST040098,<p>%(v/v)</p>,2025-10-28 08:00:00,异丁烷,延化60万吨/年气体分馏装置
2.20,ST040098,<p>%(v/v)</p>,2025-10-28 08:00:00,丙烯,延化60万吨/年气体分馏装置
97.79,ST040098,<p>%(v/v)</p>,2025-10-28 08:00:00,丙烷,延化60万吨/年气体分馏装置
0.000,ST040098,"<p>%(v/v)</p>
",2025-10-28 08:00:00,乙烷+乙烯,延化60万吨/年气体分馏装置
0.00,ST040098,<p>%(v/v)</p>,2025-10-28 08:00:00,反丁烯,延化60万吨/年气体分馏装置
0.03,ST040098,<p>%(v/v)</p>,2025-10-29 08:00:00,异丁烷,延化60万吨/年气体分馏装置
0.00,ST040098,<p>%(v/v)</p>,2025-10-29 08:00:00,碳五,延化60万吨/年气体分馏装置
0.00,ST040098,<p>%(v/v)</p>,2025-10-29 08:00:00,异丁烯,延化60万吨/年气体分馏装置
0.00,ST040098,<p>%(v/v)</p>,2025-10-29 08:00:00,顺丁烯,延化60万吨/年气体分馏装置
0.00,ST040098,<p>%(v/v)</p>,2025-10-29 08:00:00,正丁烯,延化60万吨/年气体分馏装置
0.01,ST040098,<p>%(v/v)</p>,2025-10-29 08:00:00,正丁烷,延化60万吨/年气体分馏装置
1.15,ST040098,<p>%(v/v)</p>,2025-10-29 08:00:00,丙烯,延化60万吨/年气体分馏装置
98.80,ST040098,<p>%(v/v)</p>,2025-10-29 08:00:00,丙烷,延化60万吨/年气体分馏装置
0.000,ST040098,"<p>%(v/v)</p>
",2025-10-29 08:00:00,乙烷+乙烯,延化60万吨/年气体分馏装置
0.01,ST040098,<p>%(v/v)</p>,2025-10-29 08:00:00,反丁烯,延化60万吨/年气体分馏装置
0.02,ST040098,<p>%(v/v)</p>,2025-10-30 08:00:00,反丁烯,延化60万吨/年气体分馏装置
0.00,ST040098,<p>%(v/v)</p>,2025-10-30 08:00:00,碳五,延化60万吨/年气体分馏装置
0.01,ST040098,<p>%(v/v)</p>,2025-10-30 08:00:00,异丁烯,延化60万吨/年气体分馏装置
0.01,ST040098,<p>%(v/v)</p>,2025-10-30 08:00:00,顺丁烯,延化60万吨/年气体分馏装置
0.02,ST040098,<p>%(v/v)</p>,2025-10-30 08:00:00,正丁烯,延化60万吨/年气体分馏装置
0.04,ST040098,<p>%(v/v)</p>,2025-10-30 08:00:00,异丁烷,延化60万吨/年气体分馏装置
1.62,ST040098,<p>%(v/v)</p>,2025-10-30 08:00:00,丙烯,延化60万吨/年气体分馏装置
98.25,ST040098,<p>%(v/v)</p>,2025-10-30 08:00:00,丙烷,延化60万吨/年气体分馏装置
0.000,ST040098,"<p>%(v/v)</p>
",2025-10-30 08:00:00,乙烷+乙烯,延化60万吨/年气体分馏装置
0.03,ST040098,<p>%(v/v)</p>,2025-10-30 08:00:00,正丁烷,延化60万吨/年气体分馏装置
0.00,ST040098,<p>%(v/v)</p>,2025-10-31 08:00:00,反丁烯,延化60万吨/年气体分馏装置
0.00,ST040098,<p>%(v/v)</p>,2025-10-31 08:00:00,碳五,延化60万吨/年气体分馏装置
0.00,ST040098,<p>%(v/v)</p>,2025-10-31 08:00:00,异丁烯,延化60万吨/年气体分馏装置
0.00,ST040098,<p>%(v/v)</p>,2025-10-31 08:00:00,顺丁烯,延化60万吨/年气体分馏装置
0.00,ST040098,<p>%(v/v)</p>,2025-10-31 08:00:00,正丁烯,延化60万吨/年气体分馏装置
0.01,ST040098,<p>%(v/v)</p>,2025-10-31 08:00:00,异丁烷,延化60万吨/年气体分馏装置
2.45,ST040098,<p>%(v/v)</p>,2025-10-31 08:00:00,丙烯,延化60万吨/年气体分馏装置
97.54,ST040098,<p>%(v/v)</p>,2025-10-31 08:00:00,丙烷,延化60万吨/年气体分馏装置
0.000,ST040098,"<p>%(v/v)</p>
",2025-10-31 08:00:00,乙烷+乙烯,延化60万吨/年气体分馏装置
0.00,ST040098,<p>%(v/v)</p>,2025-10-31 08:00:00,正丁烷,延化60万吨/年气体分馏装置
0.00,ST040098,<p>%(v/v)</p>,2025-11-01 08:00:00,反丁烯,延化60万吨/年气体分馏装置
0.00,ST040098,<p>%(v/v)</p>,2025-11-01 08:00:00,碳五,延化60万吨/年气体分馏装置
0.00,ST040098,<p>%(v/v)</p>,2025-11-01 08:00:00,异丁烯,延化60万吨/年气体分馏装置
0.00,ST040098,<p>%(v/v)</p>,2025-11-01 08:00:00,顺丁烯,延化60万吨/年气体分馏装置
0.00,ST040098,<p>%(v/v)</p>,2025-11-01 08:00:00,正丁烯,延化60万吨/年气体分馏装置
0.00,ST040098,<p>%(v/v)</p>,2025-11-01 08:00:00,异丁烷,延化60万吨/年气体分馏装置
1.01,ST040098,<p>%(v/v)</p>,2025-11-01 08:00:00,丙烯,延化60万吨/年气体分馏装置
98.99,ST040098,<p>%(v/v)</p>,2025-11-01 08:00:00,丙烷,延化60万吨/年气体分馏装置
0.000,ST040098,"<p>%(v/v)</p>
",2025-11-01 08:00:00,乙烷+乙烯,延化60万吨/年气体分馏装置
0.00,ST040098,<p>%(v/v)</p>,2025-11-01 08:00:00,正丁烷,延化60万吨/年气体分馏装置
0.00,ST040098,<p>%(v/v)</p>,2025-11-02 08:00:00,反丁烯,延化60万吨/年气体分馏装置
0.00,ST040098,<p>%(v/v)</p>,2025-11-02 08:00:00,碳五,延化60万吨/年气体分馏装置
0.00,ST040098,<p>%(v/v)</p>,2025-11-02 08:00:00,异丁烯,延化60万吨/年气体分馏装置
0.00,ST040098,<p>%(v/v)</p>,2025-11-02 08:00:00,顺丁烯,延化60万吨/年气体分馏装置
0.00,ST040098,<p>%(v/v)</p>,2025-11-02 08:00:00,正丁烷,延化60万吨/年气体分馏装置
0.01,ST040098,<p>%(v/v)</p>,2025-11-02 08:00:00,异丁烷,延化60万吨/年气体分馏装置
2.14,ST040098,<p>%(v/v)</p>,2025-11-02 08:00:00,丙烯,延化60万吨/年气体分馏装置
97.85,ST040098,<p>%(v/v)</p>,2025-11-02 08:00:00,丙烷,延化60万吨/年气体分馏装置
0.000,ST040098,"<p>%(v/v)</p>
",2025-11-02 08:00:00,乙烷+乙烯,延化60万吨/年气体分馏装置
0.00,ST040098,<p>%(v/v)</p>,2025-11-02 08:00:00,正丁烯,延化60万吨/年气体分馏装置
0.00,ST040098,<p>%(v/v)</p>,2025-11-03 08:00:00,碳五,延化60万吨/年气体分馏装置
0.00,ST040098,<p>%(v/v)</p>,2025-11-03 08:00:00,异丁烯,延化60万吨/年气体分馏装置
0.00,ST040098,<p>%(v/v)</p>,2025-11-03 08:00:00,顺丁烯,延化60万吨/年气体分馏装置
0.00,ST040098,<p>%(v/v)</p>,2025-11-03 08:00:00,反丁烯,延化60万吨/年气体分馏装置
0.00,ST040098,<p>%(v/v)</p>,2025-11-03 08:00:00,正丁烯,延化60万吨/年气体分馏装置
0.01,ST040098,<p>%(v/v)</p>,2025-11-03 08:00:00,异丁烷,延化60万吨/年气体分馏装置
2.15,ST040098,<p>%(v/v)</p>,2025-11-03 08:00:00,丙烯,延化60万吨/年气体分馏装置
97.84,ST040098,<p>%(v/v)</p>,2025-11-03 08:00:00,丙烷,延化60万吨/年气体分馏装置
0.000,ST040098,"<p>%(v/v)</p>
",2025-11-03 08:00:00,乙烷+乙烯,延化60万吨/年气体分馏装置
0.00,ST040098,<p>%(v/v)</p>,2025-11-03 08:00:00,正丁烷,延化60万吨/年气体分馏装置
0.00,ST040098,<p>%(v/v)</p>,2025-11-04 08:00:00,碳五,延化60万吨/年气体分馏装置
0.00,ST040098,<p>%(v/v)</p>,2025-11-04 08:00:00,异丁烯,延化60万吨/年气体分馏装置
0.00,ST040098,<p>%(v/v)</p>,2025-11-04 08:00:00,顺丁烯,延化60万吨/年气体分馏装置
0.00,ST040098,<p>%(v/v)</p>,2025-11-04 08:00:00,反丁烯,延化60万吨/年气体分馏装置
0.00,ST040098,<p>%(v/v)</p>,2025-11-04 08:00:00,正丁烯,延化60万吨/年气体分馏装置
0.01,ST040098,<p>%(v/v)</p>,2025-11-04 08:00:00,异丁烷,延化60万吨/年气体分馏装置
2.70,ST040098,<p>%(v/v)</p>,2025-11-04 08:00:00,丙烯,延化60万吨/年气体分馏装置
97.29,ST040098,<p>%(v/v)</p>,2025-11-04 08:00:00,丙烷,延化60万吨/年气体分馏装置
0.000,ST040098,"<p>%(v/v)</p>
",2025-11-04 08:00:00,乙烷+乙烯,延化60万吨/年气体分馏装置
0.00,ST040098,<p>%(v/v)</p>,2025-11-04 08:00:00,正丁烷,延化60万吨/年气体分馏装置
0.00,ST040098,<p>%(v/v)</p>,2025-11-05 08:00:00,反丁烯,延化60万吨/年气体分馏装置
0.00,ST040098,<p>%(v/v)</p>,2025-11-05 08:00:00,碳五,延化60万吨/年气体分馏装置
0.00,ST040098,<p>%(v/v)</p>,2025-11-05 08:00:00,异丁烯,延化60万吨/年气体分馏装置
0.00,ST040098,<p>%(v/v)</p>,2025-11-05 08:00:00,顺丁烯,延化60万吨/年气体分馏装置
0.00,ST040098,<p>%(v/v)</p>,2025-11-05 08:00:00,正丁烯,延化60万吨/年气体分馏装置
0.00,ST040098,<p>%(v/v)</p>,2025-11-05 08:00:00,异丁烷,延化60万吨/年气体分馏装置
1.37,ST040098,<p>%(v/v)</p>,2025-11-05 08:00:00,丙烯,延化60万吨/年气体分馏装置
98.63,ST040098,<p>%(v/v)</p>,2025-11-05 08:00:00,丙烷,延化60万吨/年气体分馏装置
0.000,ST040098,"<p>%(v/v)</p>
",2025-11-05 08:00:00,乙烷+乙烯,延化60万吨/年气体分馏装置
0.00,ST040098,<p>%(v/v)</p>,2025-11-05 08:00:00,正丁烷,延化60万吨/年气体分馏装置
0.00,ST040098,<p>%(v/v)</p>,2025-11-06 08:00:00,反丁烯,延化60万吨/年气体分馏装置
0.00,ST040098,<p>%(v/v)</p>,2025-11-06 08:00:00,碳五,延化60万吨/年气体分馏装置
0.00,ST040098,<p>%(v/v)</p>,2025-11-06 08:00:00,异丁烯,延化60万吨/年气体分馏装置
0.00,ST040098,<p>%(v/v)</p>,2025-11-06 08:00:00,顺丁烯,延化60万吨/年气体分馏装置
0.00,ST040098,<p>%(v/v)</p>,2025-11-06 08:00:00,正丁烯,延化60万吨/年气体分馏装置
0.01,ST040098,<p>%(v/v)</p>,2025-11-06 08:00:00,异丁烷,延化60万吨/年气体分馏装置
1.84,ST040098,<p>%(v/v)</p>,2025-11-06 08:00:00,丙烯,延化60万吨/年气体分馏装置
98.15,ST040098,<p>%(v/v)</p>,2025-11-06 08:00:00,丙烷,延化60万吨/年气体分馏装置
0.000,ST040098,"<p>%(v/v)</p>
",2025-11-06 08:00:00,乙烷+乙烯,延化60万吨/年气体分馏装置
0.00,ST040098,<p>%(v/v)</p>,2025-11-06 08:00:00,正丁烷,延化60万吨/年气体分馏装置
0.00,ST040098,<p>%(v/v)</p>,2025-11-07 08:00:00,碳五,延化60万吨/年气体分馏装置
0.00,ST040098,<p>%(v/v)</p>,2025-11-07 08:00:00,异丁烯,延化60万吨/年气体分馏装置
0.00,ST040098,<p>%(v/v)</p>,2025-11-07 08:00:00,正丁烯,延化60万吨/年气体分馏装置
0.000,ST040098,"<p>%(v/v)</p>
",2025-11-07 08:00:00,乙烷+乙烯,延化60万吨/年气体分馏装置
98.57,ST040098,<p>%(v/v)</p>,2025-11-07 08:00:00,丙烷,延化60万吨/年气体分馏装置
1.43,ST040098,<p>%(v/v)</p>,2025-11-07 08:00:00,丙烯,延化60万吨/年气体分馏装置
0.00,ST040098,<p>%(v/v)</p>,2025-11-07 08:00:00,异丁烷,延化60万吨/年气体分馏装置
0.00,ST040098,<p>%(v/v)</p>,2025-11-07 08:00:00,正丁烷,延化60万吨/年气体分馏装置
0.00,ST040098,<p>%(v/v)</p>,2025-11-07 08:00:00,反丁烯,延化60万吨/年气体分馏装置
0.00,ST040098,<p>%(v/v)</p>,2025-11-07 08:00:00,顺丁烯,延化60万吨/年气体分馏装置
0.00,ST040098,<p>%(v/v)</p>,2025-11-07 22:00:00,碳五,延化60万吨/年气体分馏装置
0.000,ST040098,"<p>%(v/v)</p>
",2025-11-07 22:00:00,乙烷+乙烯,延化60万吨/年气体分馏装置
95.04,ST040098,<p>%(v/v)</p>,2025-11-07 22:00:00,丙烷,延化60万吨/年气体分馏装置
4.96,ST040098,<p>%(v/v)</p>,2025-11-07 22:00:00,丙烯,延化60万吨/年气体分馏装置
0.00,ST040098,<p>%(v/v)</p>,2025-11-07 22:00:00,正丁烯,延化60万吨/年气体分馏装置
0.00,ST040098,<p>%(v/v)</p>,2025-11-07 22:00:00,正丁烷,延化60万吨/年气体分馏装置
0.00,ST040098,<p>%(v/v)</p>,2025-11-07 22:00:00,反丁烯,延化60万吨/年气体分馏装置
0.00,ST040098,<p>%(v/v)</p>,2025-11-07 22:00:00,顺丁烯,延化60万吨/年气体分馏装置
0.00,ST040098,<p>%(v/v)</p>,2025-11-07 22:00:00,异丁烯,延化60万吨/年气体分馏装置
0.00,ST040098,<p>%(v/v)</p>,2025-11-07 22:00:00,异丁烷,延化60万吨/年气体分馏装置
0.00,ST040098,<p>%(v/v)</p>,2025-11-08 00:00:00,正丁烷,延化60万吨/年气体分馏装置
0.00,ST040098,<p>%(v/v)</p>,2025-11-08 00:00:00,反丁烯,延化60万吨/年气体分馏装置
3.73,ST040098,<p>%(v/v)</p>,2025-11-08 00:00:00,丙烯,延化60万吨/年气体分馏装置
96.27,ST040098,<p>%(v/v)</p>,2025-11-08 00:00:00,丙烷,延化60万吨/年气体分馏装置
0.00,ST040098,<p>%(v/v)</p>,2025-11-08 00:00:00,异丁烷,延化60万吨/年气体分馏装置
0.00,ST040098,<p>%(v/v)</p>,2025-11-08 00:00:00,顺丁烯,延化60万吨/年气体分馏装置
0.00,ST040098,<p>%(v/v)</p>,2025-11-08 00:00:00,异丁烯,延化60万吨/年气体分馏装置
0.00,ST040098,<p>%(v/v)</p>,2025-11-08 00:00:00,碳五,延化60万吨/年气体分馏装置
0.00,ST040098,<p>%(v/v)</p>,2025-11-08 00:00:00,正丁烯,延化60万吨/年气体分馏装置
0.000,ST040098,"<p>%(v/v)</p>
",2025-11-08 00:00:00,乙烷+乙烯,延化60万吨/年气体分馏装置
1.99,ST040098,<p>%(v/v)</p>,2025-11-08 02:30:00,丙烯,延化60万吨/年气体分馏装置
0.00,ST040098,<p>%(v/v)</p>,2025-11-08 02:30:00,碳五,延化60万吨/年气体分馏装置
0.000,ST040098,"<p>%(v/v)</p>
",2025-11-08 02:30:00,乙烷+乙烯,延化60万吨/年气体分馏装置
0.00,ST040098,<p>%(v/v)</p>,2025-11-08 02:30:00,正丁烯,延化60万吨/年气体分馏装置
98.01,ST040098,<p>%(v/v)</p>,2025-11-08 02:30:00,丙烷,延化60万吨/年气体分馏装置
0.00,ST040098,<p>%(v/v)</p>,2025-11-08 02:30:00,异丁烯,延化60万吨/年气体分馏装置
0.00,ST040098,<p>%(v/v)</p>,2025-11-08 02:30:00,顺丁烯,延化60万吨/年气体分馏装置
0.00,ST040098,<p>%(v/v)</p>,2025-11-08 02:30:00,反丁烯,延化60万吨/年气体分馏装置
0.00,ST040098,<p>%(v/v)</p>,2025-11-08 02:30:00,正丁烷,延化60万吨/年气体分馏装置
0.00,ST040098,<p>%(v/v)</p>,2025-11-08 02:30:00,异丁烷,延化60万吨/年气体分馏装置
0.00,ST040098,<p>%(v/v)</p>,2025-11-08 06:30:00,正丁烯,延化60万吨/年气体分馏装置
0.00,ST040098,<p>%(v/v)</p>,2025-11-08 06:30:00,碳五,延化60万吨/年气体分馏装置
0.00,ST040098,<p>%(v/v)</p>,2025-11-08 06:30:00,正丁烷,延化60万吨/年气体分馏装置
0.00,ST040098,<p>%(v/v)</p>,2025-11-08 06:30:00,异丁烷,延化60万吨/年气体分馏装置
1.25,ST040098,<p>%(v/v)</p>,2025-11-08 06:30:00,丙烯,延化60万吨/年气体分馏装置
98.75,ST040098,<p>%(v/v)</p>,2025-11-08 06:30:00,丙烷,延化60万吨/年气体分馏装置
0.000,ST040098,"<p>%(v/v)</p>
",2025-11-08 06:30:00,乙烷+乙烯,延化60万吨/年气体分馏装置
0.00,ST040098,<p>%(v/v)</p>,2025-11-08 06:30:00,顺丁烯,延化60万吨/年气体分馏装置
0.00,ST040098,<p>%(v/v)</p>,2025-11-08 06:30:00,异丁烯,延化60万吨/年气体分馏装置
0.00,ST040098,<p>%(v/v)</p>,2025-11-08 06:30:00,反丁烯,延化60万吨/年气体分馏装置
0.00,ST040098,<p>%(v/v)</p>,2025-11-08 08:00:00,异丁烯,延化60万吨/年气体分馏装置
0.00,ST040098,<p>%(v/v)</p>,2025-11-08 08:00:00,顺丁烯,延化60万吨/年气体分馏装置
0.00,ST040098,<p>%(v/v)</p>,2025-11-08 08:00:00,反丁烯,延化60万吨/年气体分馏装置
0.00,ST040098,<p>%(v/v)</p>,2025-11-08 08:00:00,正丁烷,延化60万吨/年气体分馏装置
0.00,ST040098,<p>%(v/v)</p>,2025-11-08 08:00:00,碳五,延化60万吨/年气体分馏装置
1.28,ST040098,<p>%(v/v)</p>,2025-11-08 08:00:00,丙烯,延化60万吨/年气体分馏装置
98.72,ST040098,<p>%(v/v)</p>,2025-11-08 08:00:00,丙烷,延化60万吨/年气体分馏装置
0.000,ST040098,"<p>%(v/v)</p>
",2025-11-08 08:00:00,乙烷+乙烯,延化60万吨/年气体分馏装置
0.00,ST040098,<p>%(v/v)</p>,2025-11-08 08:00:00,正丁烯,延化60万吨/年气体分馏装置
0.00,ST040098,<p>%(v/v)</p>,2025-11-08 08:00:00,异丁烷,延化60万吨/年气体分馏装置
0.00,ST040098,<p>%(v/v)</p>,2025-11-08 19:30:00,正丁烷,延化60万吨/年气体分馏装置
0.00,ST040098,<p>%(v/v)</p>,2025-11-08 19:30:00,反丁烯,延化60万吨/年气体分馏装置
0.00,ST040098,<p>%(v/v)</p>,2025-11-08 19:30:00,异丁烯,延化60万吨/年气体分馏装置
0.00,ST040098,<p>%(v/v)</p>,2025-11-08 19:30:00,碳五,延化60万吨/年气体分馏装置
97.12,ST040098,<p>%(v/v)</p>,2025-11-08 19:30:00,丙烷,延化60万吨/年气体分馏装置
2.88,ST040098,<p>%(v/v)</p>,2025-11-08 19:30:00,丙烯,延化60万吨/年气体分馏装置
0.00,ST040098,<p>%(v/v)</p>,2025-11-08 19:30:00,异丁烷,延化60万吨/年气体分馏装置
0.00,ST040098,<p>%(v/v)</p>,2025-11-08 19:30:00,正丁烯,延化60万吨/年气体分馏装置
0.000,ST040098,"<p>%(v/v)</p>
",2025-11-08 19:30:00,乙烷+乙烯,延化60万吨/年气体分馏装置
0.00,ST040098,<p>%(v/v)</p>,2025-11-08 19:30:00,顺丁烯,延化60万吨/年气体分馏装置
0.00,ST040098,<p>%(v/v)</p>,2025-11-09 08:00:00,碳五,延化60万吨/年气体分馏装置
0.00,ST040098,<p>%(v/v)</p>,2025-11-09 08:00:00,异丁烯,延化60万吨/年气体分馏装置
0.00,ST040098,<p>%(v/v)</p>,2025-11-09 08:00:00,顺丁烯,延化60万吨/年气体分馏装置
0.00,ST040098,<p>%(v/v)</p>,2025-11-09 08:00:00,反丁烯,延化60万吨/年气体分馏装置
0.00,ST040098,<p>%(v/v)</p>,2025-11-09 08:00:00,正丁烯,延化60万吨/年气体分馏装置
0.02,ST040098,<p>%(v/v)</p>,2025-11-09 08:00:00,异丁烷,延化60万吨/年气体分馏装置
2.96,ST040098,<p>%(v/v)</p>,2025-11-09 08:00:00,丙烯,延化60万吨/年气体分馏装置
97.02,ST040098,<p>%(v/v)</p>,2025-11-09 08:00:00,丙烷,延化60万吨/年气体分馏装置
0.000,ST040098,"<p>%(v/v)</p>
",2025-11-09 08:00:00,乙烷+乙烯,延化60万吨/年气体分馏装置
0.00,ST040098,<p>%(v/v)</p>,2025-11-09 08:00:00,正丁烷,延化60万吨/年气体分馏装置
0.000,ST040098,"<p>%(v/v)</p>
",2025-11-10 08:00:00,乙烷+乙烯,延化60万吨/年气体分馏装置
0.00,ST040098,<p>%(v/v)</p>,2025-11-10 08:00:00,正丁烯,延化60万吨/年气体分馏装置
0.00,ST040098,<p>%(v/v)</p>,2025-11-10 08:00:00,碳五,延化60万吨/年气体分馏装置
0.00,ST040098,<p>%(v/v)</p>,2025-11-10 08:00:00,异丁烯,延化60万吨/年气体分馏装置
97.32,ST040098,<p>%(v/v)</p>,2025-11-10 08:00:00,丙烷,延化60万吨/年气体分馏装置
0.00,ST040098,<p>%(v/v)</p>,2025-11-10 08:00:00,反丁烯,延化60万吨/年气体分馏装置
0.00,ST040098,<p>%(v/v)</p>,2025-11-10 08:00:00,正丁烷,延化60万吨/年气体分馏装置
0.09,ST040098,<p>%(v/v)</p>,2025-11-10 08:00:00,异丁烷,延化60万吨/年气体分馏装置
2.59,ST040098,<p>%(v/v)</p>,2025-11-10 08:00:00,丙烯,延化60万吨/年气体分馏装置
0.00,ST040098,<p>%(v/v)</p>,2025-11-10 08:00:00,顺丁烯,延化60万吨/年气体分馏装置
0.02,ST040098,<p>%(v/v)</p>,2025-11-11 08:00:00,顺丁烯,延化60万吨/年气体分馏装置
0.02,ST040098,<p>%(v/v)</p>,2025-11-11 08:00:00,异丁烯,延化60万吨/年气体分馏装置
0.00,ST040098,<p>%(v/v)</p>,2025-11-11 08:00:00,碳五,延化60万吨/年气体分馏装置
0.02,ST040098,<p>%(v/v)</p>,2025-11-11 08:00:00,反丁烯,延化60万吨/年气体分馏装置
0.02,ST040098,<p>%(v/v)</p>,2025-11-11 08:00:00,正丁烯,延化60万吨/年气体分馏装置
0.04,ST040098,<p>%(v/v)</p>,2025-11-11 08:00:00,异丁烷,延化60万吨/年气体分馏装置
2.29,ST040098,<p>%(v/v)</p>,2025-11-11 08:00:00,丙烯,延化60万吨/年气体分馏装置
97.57,ST040098,<p>%(v/v)</p>,2025-11-11 08:00:00,丙烷,延化60万吨/年气体分馏装置
0.000,ST040098,"<p>%(v/v)</p>
",2025-11-11 08:00:00,乙烷+乙烯,延化60万吨/年气体分馏装置
0.02,ST040098,<p>%(v/v)</p>,2025-11-11 08:00:00,正丁烷,延化60万吨/年气体分馏装置
0.00,ST040098,<p>%(v/v)</p>,2025-11-11 19:54:00,顺丁烯,延化60万吨/年气体分馏装置
0.00,ST040098,<p>%(v/v)</p>,2025-11-11 19:54:00,异丁烯,延化60万吨/年气体分馏装置
0.00,ST040098,<p>%(v/v)</p>,2025-11-11 19:54:00,碳五,延化60万吨/年气体分馏装置
0.00,ST040098,<p>%(v/v)</p>,2025-11-11 19:54:00,反丁烯,延化60万吨/年气体分馏装置
0.01,ST040098,<p>%(v/v)</p>,2025-11-11 19:54:00,正丁烷,延化60万吨/年气体分馏装置
0.00,ST040098,<p>%(v/v)</p>,2025-11-11 19:54:00,正丁烯,延化60万吨/年气体分馏装置
0.000,ST040098,"<p>%(v/v)</p>
",2025-11-11 19:54:00,乙烷+乙烯,延化60万吨/年气体分馏装置
95.06,ST040098,<p>%(v/v)</p>,2025-11-11 19:54:00,丙烷,延化60万吨/年气体分馏装置
4.90,ST040098,<p>%(v/v)</p>,2025-11-11 19:54:00,丙烯,延化60万吨/年气体分馏装置
0.03,ST040098,<p>%(v/v)</p>,2025-11-11 19:54:00,异丁烷,延化60万吨/年气体分馏装置
0.000,ST040098,"<p>%(v/v)</p>
",2025-11-11 22:18:00,乙烷+乙烯,延化60万吨/年气体分馏装置
0.00,ST040098,<p>%(v/v)</p>,2025-11-11 22:18:00,碳五,延化60万吨/年气体分馏装置
0.00,ST040098,<p>%(v/v)</p>,2025-11-11 22:18:00,异丁烯,延化60万吨/年气体分馏装置
0.00,ST040098,<p>%(v/v)</p>,2025-11-11 22:18:00,反丁烯,延化60万吨/年气体分馏装置
0.00,ST040098,<p>%(v/v)</p>,2025-11-11 22:18:00,正丁烯,延化60万吨/年气体分馏装置
4.32,ST040098,<p>%(v/v)</p>,2025-11-11 22:18:00,丙烯,延化60万吨/年气体分馏装置
0.00,ST040098,<p>%(v/v)</p>,2025-11-11 22:18:00,顺丁烯,延化60万吨/年气体分馏装置
0.02,ST040098,<p>%(v/v)</p>,2025-11-11 22:18:00,异丁烷,延化60万吨/年气体分馏装置
0.01,ST040098,<p>%(v/v)</p>,2025-11-11 22:18:00,正丁烷,延化60万吨/年气体分馏装置
95.65,ST040098,<p>%(v/v)</p>,2025-11-11 22:18:00,丙烷,延化60万吨/年气体分馏装置
2.57,ST040098,<p>%(v/v)</p>,2025-11-12 02:30:00,丙烯,延化60万吨/年气体分馏装置
0.00,ST040098,<p>%(v/v)</p>,2025-11-12 02:30:00,碳五,延化60万吨/年气体分馏装置
0.00,ST040098,<p>%(v/v)</p>,2025-11-12 02:30:00,正丁烯,延化60万吨/年气体分馏装置
0.000,ST040098,"<p>%(v/v)</p>
",2025-11-12 02:30:00,乙烷+乙烯,延化60万吨/年气体分馏装置
97.42,ST040098,<p>%(v/v)</p>,2025-11-12 02:30:00,丙烷,延化60万吨/年气体分馏装置
0.01,ST040098,<p>%(v/v)</p>,2025-11-12 02:30:00,异丁烷,延化60万吨/年气体分馏装置
0.00,ST040098,<p>%(v/v)</p>,2025-11-12 02:30:00,正丁烷,延化60万吨/年气体分馏装置
0.00,ST040098,<p>%(v/v)</p>,2025-11-12 02:30:00,反丁烯,延化60万吨/年气体分馏装置
0.00,ST040098,<p>%(v/v)</p>,2025-11-12 02:30:00,顺丁烯,延化60万吨/年气体分馏装置
0.00,ST040098,<p>%(v/v)</p>,2025-11-12 02:30:00,异丁烯,延化60万吨/年气体分馏装置
0.00,ST040098,<p>%(v/v)</p>,2025-11-12 08:00:00,反丁烯,延化60万吨/年气体分馏装置
98.40,ST040098,<p>%(v/v)</p>,2025-11-12 08:00:00,丙烷,延化60万吨/年气体分馏装置
1.60,ST040098,<p>%(v/v)</p>,2025-11-12 08:00:00,丙烯,延化60万吨/年气体分馏装置
0.00,ST040098,<p>%(v/v)</p>,2025-11-12 08:00:00,异丁烷,延化60万吨/年气体分馏装置
0.00,ST040098,<p>%(v/v)</p>,2025-11-12 08:00:00,正丁烯,延化60万吨/年气体分馏装置
0.00,ST040098,<p>%(v/v)</p>,2025-11-12 08:00:00,正丁烷,延化60万吨/年气体分馏装置
0.00,ST040098,<p>%(v/v)</p>,2025-11-12 08:00:00,顺丁烯,延化60万吨/年气体分馏装置
0.00,ST040098,<p>%(v/v)</p>,2025-11-12 08:00:00,异丁烯,延化60万吨/年气体分馏装置
0.00,ST040098,<p>%(v/v)</p>,2025-11-12 08:00:00,碳五,延化60万吨/年气体分馏装置
0.000,ST040098,"<p>%(v/v)</p>
",2025-11-12 08:00:00,乙烷+乙烯,延化60万吨/年气体分馏装置
0.00,ST040098,<p>%(v/v)</p>,2025-11-13 08:00:00,反丁烯,延化60万吨/年气体分馏装置
0.00,ST040098,<p>%(v/v)</p>,2025-11-13 08:00:00,碳五,延化60万吨/年气体分馏装置
0.00,ST040098,<p>%(v/v)</p>,2025-11-13 08:00:00,异丁烯,延化60万吨/年气体分馏装置
0.00,ST040098,<p>%(v/v)</p>,2025-11-13 08:00:00,顺丁烯,延化60万吨/年气体分馏装置
0.00,ST040098,<p>%(v/v)</p>,2025-11-13 08:00:00,正丁烯,延化60万吨/年气体分馏装置
0.08,ST040098,<p>%(v/v)</p>,2025-11-13 08:00:00,异丁烷,延化60万吨/年气体分馏装置
0.03,ST040098,<p>%(v/v)</p>,2025-11-13 08:00:00,丙烯,延化60万吨/年气体分馏装置
99.89,ST040098,<p>%(v/v)</p>,2025-11-13 08:00:00,丙烷,延化60万吨/年气体分馏装置
0.000,ST040098,"<p>%(v/v)</p>
",2025-11-13 08:00:00,乙烷+乙烯,延化60万吨/年气体分馏装置
0.00,ST040098,<p>%(v/v)</p>,2025-11-13 08:00:00,正丁烷,延化60万吨/年气体分馏装置
0.00,ST040098,<p>%(v/v)</p>,2025-11-15 17:00:00,顺丁烯,延化60万吨/年气体分馏装置
0.00,ST040098,<p>%(v/v)</p>,2025-11-15 17:00:00,异丁烯,延化60万吨/年气体分馏装置
0.00,ST040098,<p>%(v/v)</p>,2025-11-15 17:00:00,正丁烷,延化60万吨/年气体分馏装置
0.02,ST040098,<p>%(v/v)</p>,2025-11-15 17:00:00,异丁烷,延化60万吨/年气体分馏装置
0.04,ST040098,<p>%(v/v)</p>,2025-11-15 17:00:00,丙烯,延化60万吨/年气体分馏装置
99.94,ST040098,<p>%(v/v)</p>,2025-11-15 17:00:00,丙烷,延化60万吨/年气体分馏装置
0.000,ST040098,"<p>%(v/v)</p>
",2025-11-15 17:00:00,乙烷+乙烯,延化60万吨/年气体分馏装置
0.00,ST040098,<p>%(v/v)</p>,2025-11-15 17:00:00,正丁烯,延化60万吨/年气体分馏装置
0.00,ST040098,<p>%(v/v)</p>,2025-11-15 17:00:00,反丁烯,延化60万吨/年气体分馏装置
0.00,ST040098,<p>%(v/v)</p>,2025-11-15 17:00:00,碳五,延化60万吨/年气体分馏装置
0.00,ST040098,<p>%(v/v)</p>,2025-11-15 20:02:00,顺丁烯,延化60万吨/年气体分馏装置
0.00,ST040098,<p>%(v/v)</p>,2025-11-15 20:02:00,反丁烯,延化60万吨/年气体分馏装置
0.00,ST040098,<p>%(v/v)</p>,2025-11-15 20:02:00,正丁烷,延化60万吨/年气体分馏装置
0.02,ST040098,<p>%(v/v)</p>,2025-11-15 20:02:00,异丁烷,延化60万吨/年气体分馏装置
0.00,ST040098,<p>%(v/v)</p>,2025-11-15 20:02:00,碳五,延化60万吨/年气体分馏装置
98.45,ST040098,<p>%(v/v)</p>,2025-11-15 20:02:00,丙烷,延化60万吨/年气体分馏装置
0.000,ST040098,"<p>%(v/v)</p>
",2025-11-15 20:02:00,乙烷+乙烯,延化60万吨/年气体分馏装置
0.00,ST040098,<p>%(v/v)</p>,2025-11-15 20:02:00,正丁烯,延化60万吨/年气体分馏装置
0.00,ST040098,<p>%(v/v)</p>,2025-11-15 20:02:00,异丁烯,延化60万吨/年气体分馏装置
1.53,ST040098,<p>%(v/v)</p>,2025-11-15 20:02:00,丙烯,延化60万吨/年气体分馏装置
0.00,ST040098,<p>%(v/v)</p>,2025-11-16 08:00:00,碳五,延化60万吨/年气体分馏装置
0.01,ST040098,<p>%(v/v)</p>,2025-11-16 08:00:00,异丁烯,延化60万吨/年气体分馏装置
0.01,ST040098,<p>%(v/v)</p>,2025-11-16 08:00:00,顺丁烯,延化60万吨/年气体分馏装置
0.01,ST040098,<p>%(v/v)</p>,2025-11-16 08:00:00,反丁烯,延化60万吨/年气体分馏装置
0.01,ST040098,<p>%(v/v)</p>,2025-11-16 08:00:00,正丁烯,延化60万吨/年气体分馏装置
0.03,ST040098,<p>%(v/v)</p>,2025-11-16 08:00:00,异丁烷,延化60万吨/年气体分馏装置
1.71,ST040098,<p>%(v/v)</p>,2025-11-16 08:00:00,丙烯,延化60万吨/年气体分馏装置
98.20,ST040098,<p>%(v/v)</p>,2025-11-16 08:00:00,丙烷,延化60万吨/年气体分馏装置
0.000,ST040098,"<p>%(v/v)</p>
",2025-11-16 08:00:00,乙烷+乙烯,延化60万吨/年气体分馏装置
0.02,ST040098,<p>%(v/v)</p>,2025-11-16 08:00:00,正丁烷,延化60万吨/年气体分馏装置
0.00,ST040098,<p>%(v/v)</p>,2025-11-17 08:00:00,碳五,延化60万吨/年气体分馏装置
0.00,ST040098,<p>%(v/v)</p>,2025-11-17 08:00:00,异丁烯,延化60万吨/年气体分馏装置
0.01,ST040098,<p>%(v/v)</p>,2025-11-17 08:00:00,顺丁烯,延化60万吨/年气体分馏装置
0.01,ST040098,<p>%(v/v)</p>,2025-11-17 08:00:00,反丁烯,延化60万吨/年气体分馏装置
0.01,ST040098,<p>%(v/v)</p>,2025-11-17 08:00:00,正丁烯,延化60万吨/年气体分馏装置
0.04,ST040098,<p>%(v/v)</p>,2025-11-17 08:00:00,异丁烷,延化60万吨/年气体分馏装置
1.03,ST040098,<p>%(v/v)</p>,2025-11-17 08:00:00,丙烯,延化60万吨/年气体分馏装置
98.89,ST040098,<p>%(v/v)</p>,2025-11-17 08:00:00,丙烷,延化60万吨/年气体分馏装置
0.000,ST040098,"<p>%(v/v)</p>
",2025-11-17 08:00:00,乙烷+乙烯,延化60万吨/年气体分馏装置
0.01,ST040098,<p>%(v/v)</p>,2025-11-17 08:00:00,正丁烷,延化60万吨/年气体分馏装置
0.000,ST040098,"<p>%(v/v)</p>
",2025-11-19 04:46:00,乙烷+乙烯,延化60万吨/年气体分馏装置
97.02,ST040098,<p>%(v/v)</p>,2025-11-19 04:46:00,丙烷,延化60万吨/年气体分馏装置
0.00,ST040098,<p>%(v/v)</p>,2025-11-19 04:46:00,正丁烷,延化60万吨/年气体分馏装置
0.00,ST040098,<p>%(v/v)</p>,2025-11-19 04:46:00,反丁烯,延化60万吨/年气体分馏装置
0.00,ST040098,<p>%(v/v)</p>,2025-11-19 04:46:00,顺丁烯,延化60万吨/年气体分馏装置
0.00,ST040098,<p>%(v/v)</p>,2025-11-19 04:46:00,碳五,延化60万吨/年气体分馏装置
0.00,ST040098,<p>%(v/v)</p>,2025-11-19 04:46:00,正丁烯,延化60万吨/年气体分馏装置
0.00,ST040098,<p>%(v/v)</p>,2025-11-19 04:46:00,异丁烯,延化60万吨/年气体分馏装置
0.00,ST040098,<p>%(v/v)</p>,2025-11-19 04:46:00,异丁烷,延化60万吨/年气体分馏装置
2.98,ST040098,<p>%(v/v)</p>,2025-11-19 04:46:00,丙烯,延化60万吨/年气体分馏装置
0.00,ST040098,<p>%(v/v)</p>,2025-11-19 08:00:00,碳五,延化60万吨/年气体分馏装置
0.00,ST040098,<p>%(v/v)</p>,2025-11-19 08:00:00,反丁烯,延化60万吨/年气体分馏装置
2.46,ST040098,<p>%(v/v)</p>,2025-11-19 08:00:00,丙烯,延化60万吨/年气体分馏装置
97.53,ST040098,<p>%(v/v)</p>,2025-11-19 08:00:00,丙烷,延化60万吨/年气体分馏装置
0.01,ST040098,<p>%(v/v)</p>,2025-11-19 08:00:00,异丁烷,延化60万吨/年气体分馏装置
0.00,ST040098,<p>%(v/v)</p>,2025-11-19 08:00:00,正丁烯,延化60万吨/年气体分馏装置
0.00,ST040098,<p>%(v/v)</p>,2025-11-19 08:00:00,正丁烷,延化60万吨/年气体分馏装置
0.00,ST040098,<p>%(v/v)</p>,2025-11-19 08:00:00,顺丁烯,延化60万吨/年气体分馏装置
0.00,ST040098,<p>%(v/v)</p>,2025-11-19 08:00:00,异丁烯,延化60万吨/年气体分馏装置
0.000,ST040098,"<p>%(v/v)</p>
",2025-11-19 08:00:00,乙烷+乙烯,延化60万吨/年气体分馏装置
0.00,ST040098,<p>%(v/v)</p>,2025-11-19 13:07:00,正丁烷,延化60万吨/年气体分馏装置
0.00,ST040098,<p>%(v/v)</p>,2025-11-19 13:07:00,顺丁烯,延化60万吨/年气体分馏装置
0.00,ST040098,<p>%(v/v)</p>,2025-11-19 13:07:00,异丁烯,延化60万吨/年气体分馏装置
0.00,ST040098,<p>%(v/v)</p>,2025-11-19 13:07:00,碳五,延化60万吨/年气体分馏装置
0.00,ST040098,<p>%(v/v)</p>,2025-11-19 13:07:00,反丁烯,延化60万吨/年气体分馏装置
0.00,ST040098,<p>%(v/v)</p>,2025-11-19 13:07:00,正丁烯,延化60万吨/年气体分馏装置
0.000,ST040098,"<p>%(v/v)</p>
",2025-11-19 13:07:00,乙烷+乙烯,延化60万吨/年气体分馏装置
0.00,ST040098,<p>%(v/v)</p>,2025-11-19 13:07:00,异丁烷,延化60万吨/年气体分馏装置
3.37,ST040098,<p>%(v/v)</p>,2025-11-19 13:07:00,丙烯,延化60万吨/年气体分馏装置
96.63,ST040098,<p>%(v/v)</p>,2025-11-19 13:07:00,丙烷,延化60万吨/年气体分馏装置
0.00,ST040098,<p>%(v/v)</p>,2025-11-20 08:00:00,反丁烯,延化60万吨/年气体分馏装置
0.00,ST040098,<p>%(v/v)</p>,2025-11-20 08:00:00,碳五,延化60万吨/年气体分馏装置
0.00,ST040098,<p>%(v/v)</p>,2025-11-20 08:00:00,异丁烯,延化60万吨/年气体分馏装置
0.00,ST040098,<p>%(v/v)</p>,2025-11-20 08:00:00,顺丁烯,延化60万吨/年气体分馏装置
0.00,ST040098,<p>%(v/v)</p>,2025-11-20 08:00:00,正丁烯,延化60万吨/年气体分馏装置
0.02,ST040098,<p>%(v/v)</p>,2025-11-20 08:00:00,异丁烷,延化60万吨/年气体分馏装置
1.39,ST040098,<p>%(v/v)</p>,2025-11-20 08:00:00,丙烯,延化60万吨/年气体分馏装置
98.58,ST040098,<p>%(v/v)</p>,2025-11-20 08:00:00,丙烷,延化60万吨/年气体分馏装置
0.000,ST040098,"<p>%(v/v)</p>
",2025-11-20 08:00:00,乙烷+乙烯,延化60万吨/年气体分馏装置
0.01,ST040098,<p>%(v/v)</p>,2025-11-20 08:00:00,正丁烷,延化60万吨/年气体分馏装置
0.00,ST040098,<p>%(v/v)</p>,2025-11-21 08:00:00,碳五,延化60万吨/年气体分馏装置
0.00,ST040098,<p>%(v/v)</p>,2025-11-21 08:00:00,异丁烯,延化60万吨/年气体分馏装置
0.00,ST040098,<p>%(v/v)</p>,2025-11-21 08:00:00,顺丁烯,延化60万吨/年气体分馏装置
0.00,ST040098,<p>%(v/v)</p>,2025-11-21 08:00:00,反丁烯,延化60万吨/年气体分馏装置
0.00,ST040098,<p>%(v/v)</p>,2025-11-21 08:00:00,正丁烯,延化60万吨/年气体分馏装置
0.03,ST040098,<p>%(v/v)</p>,2025-11-21 08:00:00,异丁烷,延化60万吨/年气体分馏装置
2.90,ST040098,<p>%(v/v)</p>,2025-11-21 08:00:00,丙烯,延化60万吨/年气体分馏装置
97.06,ST040098,<p>%(v/v)</p>,2025-11-21 08:00:00,丙烷,延化60万吨/年气体分馏装置
0.000,ST040098,"<p>%(v/v)</p>
",2025-11-21 08:00:00,乙烷+乙烯,延化60万吨/年气体分馏装置
0.01,ST040098,<p>%(v/v)</p>,2025-11-21 08:00:00,正丁烷,延化60万吨/年气体分馏装置
0.04,ST040098,<p>%(v/v)</p>,2025-11-22 08:00:00,反丁烯,延化60万吨/年气体分馏装置
0.00,ST040098,<p>%(v/v)</p>,2025-11-22 08:00:00,碳五,延化60万吨/年气体分馏装置
0.04,ST040098,<p>%(v/v)</p>,2025-11-22 08:00:00,异丁烯,延化60万吨/年气体分馏装置
0.04,ST040098,<p>%(v/v)</p>,2025-11-22 08:00:00,顺丁烯,延化60万吨/年气体分馏装置
0.04,ST040098,<p>%(v/v)</p>,2025-11-22 08:00:00,正丁烯,延化60万吨/年气体分馏装置
0.000,ST040098,"<p>%(v/v)</p>
",2025-11-22 08:00:00,乙烷+乙烯,延化60万吨/年气体分馏装置
0.08,ST040098,<p>%(v/v)</p>,2025-11-22 08:00:00,异丁烷,延化60万吨/年气体分馏装置
1.88,ST040098,<p>%(v/v)</p>,2025-11-22 08:00:00,丙烯,延化60万吨/年气体分馏装置
97.83,ST040098,<p>%(v/v)</p>,2025-11-22 08:00:00,丙烷,延化60万吨/年气体分馏装置
0.05,ST040098,<p>%(v/v)</p>,2025-11-22 08:00:00,正丁烷,延化60万吨/年气体分馏装置
0.01,ST040098,<p>%(v/v)</p>,2025-11-23 08:00:00,反丁烯,延化60万吨/年气体分馏装置
0.000,ST040098,"<p>%(v/v)</p>
",2025-11-23 08:00:00,乙烷+乙烯,延化60万吨/年气体分馏装置
0.01,ST040098,<p>%(v/v)</p>,2025-11-23 08:00:00,正丁烯,延化60万吨/年气体分馏装置
0.00,ST040098,<p>%(v/v)</p>,2025-11-23 08:00:00,碳五,延化60万吨/年气体分馏装置
98.79,ST040098,<p>%(v/v)</p>,2025-11-23 08:00:00,丙烷,延化60万吨/年气体分馏装置
0.01,ST040098,<p>%(v/v)</p>,2025-11-23 08:00:00,顺丁烯,延化60万吨/年气体分馏装置
0.01,ST040098,<p>%(v/v)</p>,2025-11-23 08:00:00,正丁烷,延化60万吨/年气体分馏装置
0.15,ST040098,<p>%(v/v)</p>,2025-11-23 08:00:00,异丁烷,延化60万吨/年气体分馏装置
1.01,ST040098,<p>%(v/v)</p>,2025-11-23 08:00:00,丙烯,延化60万吨/年气体分馏装置
0.01,ST040098,<p>%(v/v)</p>,2025-11-23 08:00:00,异丁烯,延化60万吨/年气体分馏装置
0.00,ST040098,<p>%(v/v)</p>,2025-11-24 08:00:00,反丁烯,延化60万吨/年气体分馏装置
0.00,ST040098,<p>%(v/v)</p>,2025-11-24 08:00:00,碳五,延化60万吨/年气体分馏装置
0.00,ST040098,<p>%(v/v)</p>,2025-11-24 08:00:00,异丁烯,延化60万吨/年气体分馏装置
0.00,ST040098,<p>%(v/v)</p>,2025-11-24 08:00:00,顺丁烯,延化60万吨/年气体分馏装置
0.00,ST040098,<p>%(v/v)</p>,2025-11-24 08:00:00,正丁烯,延化60万吨/年气体分馏装置
0.06,ST040098,<p>%(v/v)</p>,2025-11-24 08:00:00,异丁烷,延化60万吨/年气体分馏装置
1.84,ST040098,<p>%(v/v)</p>,2025-11-24 08:00:00,丙烯,延化60万吨/年气体分馏装置
98.10,ST040098,<p>%(v/v)</p>,2025-11-24 08:00:00,丙烷,延化60万吨/年气体分馏装置
0.000,ST040098,"<p>%(v/v)</p>
",2025-11-24 08:00:00,乙烷+乙烯,延化60万吨/年气体分馏装置
0.00,ST040098,<p>%(v/v)</p>,2025-11-24 08:00:00,正丁烷,延化60万吨/年气体分馏装置
0.00,ST040098,<p>%(v/v)</p>,2025-11-25 08:00:00,反丁烯,延化60万吨/年气体分馏装置
0.00,ST040098,<p>%(v/v)</p>,2025-11-25 08:00:00,碳五,延化60万吨/年气体分馏装置
0.01,ST040098,<p>%(v/v)</p>,2025-11-25 08:00:00,异丁烯,延化60万吨/年气体分馏装置
0.00,ST040098,<p>%(v/v)</p>,2025-11-25 08:00:00,顺丁烯,延化60万吨/年气体分馏装置
0.00,ST040098,<p>%(v/v)</p>,2025-11-25 08:00:00,正丁烯,延化60万吨/年气体分馏装置
0.07,ST040098,<p>%(v/v)</p>,2025-11-25 08:00:00,异丁烷,延化60万吨/年气体分馏装置
2.41,ST040098,<p>%(v/v)</p>,2025-11-25 08:00:00,丙烯,延化60万吨/年气体分馏装置
97.51,ST040098,<p>%(v/v)</p>,2025-11-25 08:00:00,丙烷,延化60万吨/年气体分馏装置
0.000,ST040098,"<p>%(v/v)</p>
",2025-11-25 08:00:00,乙烷+乙烯,延化60万吨/年气体分馏装置
0.00,ST040098,<p>%(v/v)</p>,2025-11-25 08:00:00,正丁烷,延化60万吨/年气体分馏装置
0.01,ST040098,<p>%(v/v)</p>,2025-11-26 08:00:00,反丁烯,延化60万吨/年气体分馏装置
0.00,ST040098,<p>%(v/v)</p>,2025-11-26 08:00:00,碳五,延化60万吨/年气体分馏装置
0.00,ST040098,<p>%(v/v)</p>,2025-11-26 08:00:00,异丁烯,延化60万吨/年气体分馏装置
0.00,ST040098,<p>%(v/v)</p>,2025-11-26 08:00:00,顺丁烯,延化60万吨/年气体分馏装置
0.00,ST040098,<p>%(v/v)</p>,2025-11-26 08:00:00,正丁烯,延化60万吨/年气体分馏装置
0.06,ST040098,<p>%(v/v)</p>,2025-11-26 08:00:00,异丁烷,延化60万吨/年气体分馏装置
2.00,ST040098,<p>%(v/v)</p>,2025-11-26 08:00:00,丙烯,延化60万吨/年气体分馏装置
97.92,ST040098,<p>%(v/v)</p>,2025-11-26 08:00:00,丙烷,延化60万吨/年气体分馏装置
0.000,ST040098,"<p>%(v/v)</p>
",2025-11-26 08:00:00,乙烷+乙烯,延化60万吨/年气体分馏装置
0.01,ST040098,<p>%(v/v)</p>,2025-11-26 08:00:00,正丁烷,延化60万吨/年气体分馏装置
0.00,ST040098,<p>%(v/v)</p>,2025-11-27 18:00:00,碳五,延化60万吨/年气体分馏装置
0.01,ST040098,<p>%(v/v)</p>,2025-11-27 18:00:00,异丁烯,延化60万吨/年气体分馏装置
0.01,ST040098,<p>%(v/v)</p>,2025-11-27 18:00:00,顺丁烯,延化60万吨/年气体分馏装置
0.01,ST040098,<p>%(v/v)</p>,2025-11-27 18:00:00,反丁烯,延化60万吨/年气体分馏装置
0.01,ST040098,<p>%(v/v)</p>,2025-11-27 18:00:00,正丁烯,延化60万吨/年气体分馏装置
0.10,ST040098,<p>%(v/v)</p>,2025-11-27 18:00:00,异丁烷,延化60万吨/年气体分馏装置
1.91,ST040098,<p>%(v/v)</p>,2025-11-27 18:00:00,丙烯,延化60万吨/年气体分馏装置
97.94,ST040098,<p>%(v/v)</p>,2025-11-27 18:00:00,丙烷,延化60万吨/年气体分馏装置
0.000,ST040098,"<p>%(v/v)</p>
",2025-11-27 18:00:00,乙烷+乙烯,延化60万吨/年气体分馏装置
0.01,ST040098,<p>%(v/v)</p>,2025-11-27 18:00:00,正丁烷,延化60万吨/年气体分馏装置
0.00,ST040098,<p>%(v/v)</p>,2025-11-28 08:00:00,碳五,延化60万吨/年气体分馏装置
0.02,ST040098,<p>%(v/v)</p>,2025-11-28 08:00:00,异丁烯,延化60万吨/年气体分馏装置
0.02,ST040098,<p>%(v/v)</p>,2025-11-28 08:00:00,顺丁烯,延化60万吨/年气体分馏装置
0.02,ST040098,<p>%(v/v)</p>,2025-11-28 08:00:00,反丁烯,延化60万吨/年气体分馏装置
0.02,ST040098,<p>%(v/v)</p>,2025-11-28 08:00:00,正丁烯,延化60万吨/年气体分馏装置
0.09,ST040098,<p>%(v/v)</p>,2025-11-28 08:00:00,异丁烷,延化60万吨/年气体分馏装置
2.10,ST040098,<p>%(v/v)</p>,2025-11-28 08:00:00,丙烯,延化60万吨/年气体分馏装置
97.69,ST040098,<p>%(v/v)</p>,2025-11-28 08:00:00,丙烷,延化60万吨/年气体分馏装置
0.000,ST040098,"<p>%(v/v)</p>
",2025-11-28 08:00:00,乙烷+乙烯,延化60万吨/年气体分馏装置
0.04,ST040098,<p>%(v/v)</p>,2025-11-28 08:00:00,正丁烷,延化60万吨/年气体分馏装置
0.01,ST040098,<p>%(v/v)</p>,2025-11-29 08:00:00,顺丁烯,延化60万吨/年气体分馏装置
0.00,ST040098,<p>%(v/v)</p>,2025-11-29 08:00:00,碳五,延化60万吨/年气体分馏装置
0.01,ST040098,<p>%(v/v)</p>,2025-11-29 08:00:00,异丁烯,延化60万吨/年气体分馏装置
0.01,ST040098,<p>%(v/v)</p>,2025-11-29 08:00:00,反丁烯,延化60万吨/年气体分馏装置
0.000,ST040098,"<p>%(v/v)</p>
",2025-11-29 08:00:00,乙烷+乙烯,延化60万吨/年气体分馏装置
0.07,ST040098,<p>%(v/v)</p>,2025-11-29 08:00:00,异丁烷,延化60万吨/年气体分馏装置
0.01,ST040098,<p>%(v/v)</p>,2025-11-29 08:00:00,正丁烯,延化60万吨/年气体分馏装置
1.45,ST040098,<p>%(v/v)</p>,2025-11-29 08:00:00,丙烯,延化60万吨/年气体分馏装置
98.42,ST040098,<p>%(v/v)</p>,2025-11-29 08:00:00,丙烷,延化60万吨/年气体分馏装置
0.02,ST040098,<p>%(v/v)</p>,2025-11-29 08:00:00,正丁烷,延化60万吨/年气体分馏装置
0.01,ST040098,<p>%(v/v)</p>,2025-11-30 08:00:00,顺丁烯,延化60万吨/年气体分馏装置
0.00,ST040098,<p>%(v/v)</p>,2025-11-30 08:00:00,反丁烯,延化60万吨/年气体分馏装置
0.01,ST040098,<p>%(v/v)</p>,2025-11-30 08:00:00,正丁烷,延化60万吨/年气体分馏装置
0.04,ST040098,<p>%(v/v)</p>,2025-11-30 08:00:00,异丁烷,延化60万吨/年气体分馏装置
1.51,ST040098,<p>%(v/v)</p>,2025-11-30 08:00:00,丙烯,延化60万吨/年气体分馏装置
98.43,ST040098,<p>%(v/v)</p>,2025-11-30 08:00:00,丙烷,延化60万吨/年气体分馏装置
0.000,ST040098,"<p>%(v/v)</p>
",2025-11-30 08:00:00,乙烷+乙烯,延化60万吨/年气体分馏装置
0.00,ST040098,<p>%(v/v)</p>,2025-11-30 08:00:00,正丁烯,延化60万吨/年气体分馏装置
0.00,ST040098,<p>%(v/v)</p>,2025-11-30 08:00:00,碳五,延化60万吨/年气体分馏装置
0.00,ST040098,<p>%(v/v)</p>,2025-11-30 08:00:00,异丁烯,延化60万吨/年气体分馏装置
0.00,ST040098,<p>%(v/v)</p>,2025-12-01 08:00:00,碳五,延化60万吨/年气体分馏装置
0.00,ST040098,<p>%(v/v)</p>,2025-12-01 08:00:00,异丁烯,延化60万吨/年气体分馏装置
0.00,ST040098,<p>%(v/v)</p>,2025-12-01 08:00:00,顺丁烯,延化60万吨/年气体分馏装置
0.00,ST040098,<p>%(v/v)</p>,2025-12-01 08:00:00,反丁烯,延化60万吨/年气体分馏装置
0.00,ST040098,<p>%(v/v)</p>,2025-12-01 08:00:00,正丁烯,延化60万吨/年气体分馏装置
0.00,ST040098,<p>%(v/v)</p>,2025-12-01 08:00:00,异丁烷,延化60万吨/年气体分馏装置
2.55,ST040098,<p>%(v/v)</p>,2025-12-01 08:00:00,丙烯,延化60万吨/年气体分馏装置
97.44,ST040098,<p>%(v/v)</p>,2025-12-01 08:00:00,丙烷,延化60万吨/年气体分馏装置
0.000,ST040098,"<p>%(v/v)</p>
",2025-12-01 08:00:00,乙烷+乙烯,延化60万吨/年气体分馏装置
0.01,ST040098,<p>%(v/v)</p>,2025-12-01 08:00:00,正丁烷,延化60万吨/年气体分馏装置
0.00,ST040098,<p>%(v/v)</p>,2025-12-02 08:00:00,反丁烯,延化60万吨/年气体分馏装置
0.00,ST040098,<p>%(v/v)</p>,2025-12-02 08:00:00,碳五,延化60万吨/年气体分馏装置
0.00,ST040098,<p>%(v/v)</p>,2025-12-02 08:00:00,异丁烯,延化60万吨/年气体分馏装置
0.00,ST040098,<p>%(v/v)</p>,2025-12-02 08:00:00,顺丁烯,延化60万吨/年气体分馏装置
0.00,ST040098,<p>%(v/v)</p>,2025-12-02 08:00:00,正丁烯,延化60万吨/年气体分馏装置
0.04,ST040098,<p>%(v/v)</p>,2025-12-02 08:00:00,异丁烷,延化60万吨/年气体分馏装置
1.82,ST040098,<p>%(v/v)</p>,2025-12-02 08:00:00,丙烯,延化60万吨/年气体分馏装置
98.12,ST040098,<p>%(v/v)</p>,2025-12-02 08:00:00,丙烷,延化60万吨/年气体分馏装置
0.000,ST040098,"<p>%(v/v)</p>
",2025-12-02 08:00:00,乙烷+乙烯,延化60万吨/年气体分馏装置
0.02,ST040098,<p>%(v/v)</p>,2025-12-02 08:00:00,正丁烷,延化60万吨/年气体分馏装置
0.00,ST040098,<p>%(v/v)</p>,2025-12-03 08:00:00,碳五,延化60万吨/年气体分馏装置
0.00,ST040098,<p>%(v/v)</p>,2025-12-03 08:00:00,异丁烯,延化60万吨/年气体分馏装置
0.00,ST040098,<p>%(v/v)</p>,2025-12-03 08:00:00,顺丁烯,延化60万吨/年气体分馏装置
0.00,ST040098,<p>%(v/v)</p>,2025-12-03 08:00:00,反丁烯,延化60万吨/年气体分馏装置
0.00,ST040098,<p>%(v/v)</p>,2025-12-03 08:00:00,正丁烯,延化60万吨/年气体分馏装置
0.01,ST040098,<p>%(v/v)</p>,2025-12-03 08:00:00,异丁烷,延化60万吨/年气体分馏装置
1.82,ST040098,<p>%(v/v)</p>,2025-12-03 08:00:00,丙烯,延化60万吨/年气体分馏装置
98.17,ST040098,<p>%(v/v)</p>,2025-12-03 08:00:00,丙烷,延化60万吨/年气体分馏装置
0.000,ST040098,"<p>%(v/v)</p>
",2025-12-03 08:00:00,乙烷+乙烯,延化60万吨/年气体分馏装置
0.00,ST040098,<p>%(v/v)</p>,2025-12-03 08:00:00,正丁烷,延化60万吨/年气体分馏装置
0.000,ST040098,"<p>%(v/v)</p>
",2025-12-04 08:00:00,乙烷+乙烯,延化60万吨/年气体分馏装置
0.01,ST040098,<p>%(v/v)</p>,2025-12-04 08:00:00,正丁烯,延化60万吨/年气体分馏装置
0.01,ST040098,<p>%(v/v)</p>,2025-12-04 08:00:00,反丁烯,延化60万吨/年气体分馏装置
0.00,ST040098,<p>%(v/v)</p>,2025-12-04 08:00:00,碳五,延化60万吨/年气体分馏装置
97.38,ST040098,<p>%(v/v)</p>,2025-12-04 08:00:00,丙烷,延化60万吨/年气体分馏装置
0.00,ST040098,<p>%(v/v)</p>,2025-12-04 08:00:00,顺丁烯,延化60万吨/年气体分馏装置
0.01,ST040098,<p>%(v/v)</p>,2025-12-04 08:00:00,正丁烷,延化60万吨/年气体分馏装置
0.01,ST040098,<p>%(v/v)</p>,2025-12-04 08:00:00,异丁烷,延化60万吨/年气体分馏装置
2.57,ST040098,<p>%(v/v)</p>,2025-12-04 08:00:00,丙烯,延化60万吨/年气体分馏装置
0.01,ST040098,<p>%(v/v)</p>,2025-12-04 08:00:00,异丁烯,延化60万吨/年气体分馏装置
0.00,ST040098,<p>%(v/v)</p>,2025-12-05 08:00:00,碳五,延化60万吨/年气体分馏装置
0.00,ST040098,<p>%(v/v)</p>,2025-12-05 08:00:00,异丁烯,延化60万吨/年气体分馏装置
0.00,ST040098,<p>%(v/v)</p>,2025-12-05 08:00:00,顺丁烯,延化60万吨/年气体分馏装置
0.01,ST040098,<p>%(v/v)</p>,2025-12-05 08:00:00,反丁烯,延化60万吨/年气体分馏装置
0.01,ST040098,<p>%(v/v)</p>,2025-12-05 08:00:00,正丁烯,延化60万吨/年气体分馏装置
0.09,ST040098,<p>%(v/v)</p>,2025-12-05 08:00:00,异丁烷,延化60万吨/年气体分馏装置
1.94,ST040098,<p>%(v/v)</p>,2025-12-05 08:00:00,丙烯,延化60万吨/年气体分馏装置
97.94,ST040098,<p>%(v/v)</p>,2025-12-05 08:00:00,丙烷,延化60万吨/年气体分馏装置
0.000,ST040098,"<p>%(v/v)</p>
",2025-12-05 08:00:00,乙烷+乙烯,延化60万吨/年气体分馏装置
0.01,ST040098,<p>%(v/v)</p>,2025-12-05 08:00:00,正丁烷,延化60万吨/年气体分馏装置
0.00,ST040098,<p>%(v/v)</p>,2025-12-06 08:00:00,碳五,延化60万吨/年气体分馏装置
0.01,ST040098,<p>%(v/v)</p>,2025-12-06 08:00:00,异丁烯,延化60万吨/年气体分馏装置
0.01,ST040098,<p>%(v/v)</p>,2025-12-06 08:00:00,顺丁烯,延化60万吨/年气体分馏装置
0.01,ST040098,<p>%(v/v)</p>,2025-12-06 08:00:00,反丁烯,延化60万吨/年气体分馏装置
0.01,ST040098,<p>%(v/v)</p>,2025-12-06 08:00:00,正丁烯,延化60万吨/年气体分馏装置
0.03,ST040098,<p>%(v/v)</p>,2025-12-06 08:00:00,异丁烷,延化60万吨/年气体分馏装置
0.92,ST040098,<p>%(v/v)</p>,2025-12-06 08:00:00,丙烯,延化60万吨/年气体分馏装置
99.00,ST040098,<p>%(v/v)</p>,2025-12-06 08:00:00,丙烷,延化60万吨/年气体分馏装置
0.000,ST040098,"<p>%(v/v)</p>
",2025-12-06 08:00:00,乙烷+乙烯,延化60万吨/年气体分馏装置
0.01,ST040098,<p>%(v/v)</p>,2025-12-06 08:00:00,正丁烷,延化60万吨/年气体分馏装置
0.00,ST040098,<p>%(v/v)</p>,2025-12-07 08:00:00,反丁烯,延化60万吨/年气体分馏装置
0.00,ST040098,<p>%(v/v)</p>,2025-12-07 08:00:00,碳五,延化60万吨/年气体分馏装置
0.00,ST040098,<p>%(v/v)</p>,2025-12-07 08:00:00,异丁烯,延化60万吨/年气体分馏装置
0.00,ST040098,<p>%(v/v)</p>,2025-12-07 08:00:00,顺丁烯,延化60万吨/年气体分馏装置
0.00,ST040098,<p>%(v/v)</p>,2025-12-07 08:00:00,正丁烯,延化60万吨/年气体分馏装置
0.01,ST040098,<p>%(v/v)</p>,2025-12-07 08:00:00,异丁烷,延化60万吨/年气体分馏装置
1.01,ST040098,<p>%(v/v)</p>,2025-12-07 08:00:00,丙烯,延化60万吨/年气体分馏装置
98.98,ST040098,<p>%(v/v)</p>,2025-12-07 08:00:00,丙烷,延化60万吨/年气体分馏装置
0.000,ST040098,"<p>%(v/v)</p>
",2025-12-07 08:00:00,乙烷+乙烯,延化60万吨/年气体分馏装置
0.00,ST040098,<p>%(v/v)</p>,2025-12-07 08:00:00,正丁烷,延化60万吨/年气体分馏装置
0.00,ST040098,<p>%(v/v)</p>,2025-12-08 08:00:00,碳五,延化60万吨/年气体分馏装置
0.00,ST040098,<p>%(v/v)</p>,2025-12-08 08:00:00,异丁烯,延化60万吨/年气体分馏装置
0.00,ST040098,<p>%(v/v)</p>,2025-12-08 08:00:00,顺丁烯,延化60万吨/年气体分馏装置
0.01,ST040098,<p>%(v/v)</p>,2025-12-08 08:00:00,反丁烯,延化60万吨/年气体分馏装置
0.01,ST040098,<p>%(v/v)</p>,2025-12-08 08:00:00,正丁烯,延化60万吨/年气体分馏装置
0.00,ST040098,<p>%(v/v)</p>,2025-12-08 08:00:00,正丁烷,延化60万吨/年气体分馏装置
0.02,ST040098,<p>%(v/v)</p>,2025-12-08 08:00:00,异丁烷,延化60万吨/年气体分馏装置
0.88,ST040098,<p>%(v/v)</p>,2025-12-08 08:00:00,丙烯,延化60万吨/年气体分馏装置
0.000,ST040098,"<p>%(v/v)</p>
",2025-12-08 08:00:00,乙烷+乙烯,延化60万吨/年气体分馏装置
99.08,ST040098,<p>%(v/v)</p>,2025-12-08 08:00:00,丙烷,延化60万吨/年气体分馏装置
0.00,ST040098,<p>%(v/v)</p>,2025-12-09 08:00:00,碳五,延化60万吨/年气体分馏装置
0.00,ST040098,<p>%(v/v)</p>,2025-12-09 08:00:00,异丁烯,延化60万吨/年气体分馏装置
0.04,ST040098,<p>%(v/v)</p>,2025-12-09 08:00:00,异丁烷,延化60万吨/年气体分馏装置
0.00,ST040098,<p>%(v/v)</p>,2025-12-09 08:00:00,顺丁烯,延化60万吨/年气体分馏装置
0.01,ST040098,<p>%(v/v)</p>,2025-12-09 08:00:00,正丁烯,延化60万吨/年气体分馏装置
0.01,ST040098,<p>%(v/v)</p>,2025-12-09 08:00:00,正丁烷,延化60万吨/年气体分馏装置
2.14,ST040098,<p>%(v/v)</p>,2025-12-09 08:00:00,丙烯,延化60万吨/年气体分馏装置
97.79,ST040098,<p>%(v/v)</p>,2025-12-09 08:00:00,丙烷,延化60万吨/年气体分馏装置
0.000,ST040098,"<p>%(v/v)</p>
",2025-12-09 08:00:00,乙烷+乙烯,延化60万吨/年气体分馏装置
0.01,ST040098,<p>%(v/v)</p>,2025-12-09 08:00:00,反丁烯,延化60万吨/年气体分馏装置
0.00,ST040098,<p>%(v/v)</p>,2025-12-10 08:00:00,碳五,延化60万吨/年气体分馏装置
0.01,ST040098,<p>%(v/v)</p>,2025-12-10 08:00:00,异丁烯,延化60万吨/年气体分馏装置
0.01,ST040098,<p>%(v/v)</p>,2025-12-10 08:00:00,顺丁烯,延化60万吨/年气体分馏装置
0.01,ST040098,<p>%(v/v)</p>,2025-12-10 08:00:00,反丁烯,延化60万吨/年气体分馏装置
0.01,ST040098,<p>%(v/v)</p>,2025-12-10 08:00:00,正丁烯,延化60万吨/年气体分馏装置
0.13,ST040098,<p>%(v/v)</p>,2025-12-10 08:00:00,异丁烷,延化60万吨/年气体分馏装置
1.56,ST040098,<p>%(v/v)</p>,2025-12-10 08:00:00,丙烯,延化60万吨/年气体分馏装置
98.24,ST040098,<p>%(v/v)</p>,2025-12-10 08:00:00,丙烷,延化60万吨/年气体分馏装置
0.000,ST040098,"<p>%(v/v)</p>
",2025-12-10 08:00:00,乙烷+乙烯,延化60万吨/年气体分馏装置
0.03,ST040098,<p>%(v/v)</p>,2025-12-10 08:00:00,正丁烷,延化60万吨/年气体分馏装置
0.00,ST040098,<p>%(v/v)</p>,2025-12-11 08:00:00,异丁烯,延化60万吨/年气体分馏装置
0.00,ST040098,<p>%(v/v)</p>,2025-12-11 08:00:00,顺丁烯,延化60万吨/年气体分馏装置
0.00,ST040098,<p>%(v/v)</p>,2025-12-11 08:00:00,正丁烷,延化60万吨/年气体分馏装置
0.03,ST040098,<p>%(v/v)</p>,2025-12-11 08:00:00,异丁烷,延化60万吨/年气体分馏装置
0.00,ST040098,<p>%(v/v)</p>,2025-12-11 08:00:00,碳五,延化60万吨/年气体分馏装置
97.83,ST040098,<p>%(v/v)</p>,2025-12-11 08:00:00,丙烷,延化60万吨/年气体分馏装置
0.000,ST040098,"<p>%(v/v)</p>
",2025-12-11 08:00:00,乙烷+乙烯,延化60万吨/年气体分馏装置
0.00,ST040098,<p>%(v/v)</p>,2025-12-11 08:00:00,正丁烯,延化60万吨/年气体分馏装置
0.00,ST040098,<p>%(v/v)</p>,2025-12-11 08:00:00,反丁烯,延化60万吨/年气体分馏装置
2.14,ST040098,<p>%(v/v)</p>,2025-12-11 08:00:00,丙烯,延化60万吨/年气体分馏装置
0.00,ST040098,<p>%(v/v)</p>,2025-12-12 08:00:00,碳五,延化60万吨/年气体分馏装置
0.00,ST040098,<p>%(v/v)</p>,2025-12-12 08:00:00,异丁烯,延化60万吨/年气体分馏装置
0.00,ST040098,<p>%(v/v)</p>,2025-12-12 08:00:00,异丁烷,延化60万吨/年气体分馏装置
0.00,ST040098,<p>%(v/v)</p>,2025-12-12 08:00:00,顺丁烯,延化60万吨/年气体分馏装置
0.00,ST040098,<p>%(v/v)</p>,2025-12-12 08:00:00,正丁烯,延化60万吨/年气体分馏装置
0.00,ST040098,<p>%(v/v)</p>,2025-12-12 08:00:00,正丁烷,延化60万吨/年气体分馏装置
1.84,ST040098,<p>%(v/v)</p>,2025-12-12 08:00:00,丙烯,延化60万吨/年气体分馏装置
98.16,ST040098,<p>%(v/v)</p>,2025-12-12 08:00:00,丙烷,延化60万吨/年气体分馏装置
0.000,ST040098,"<p>%(v/v)</p>
",2025-12-12 08:00:00,乙烷+乙烯,延化60万吨/年气体分馏装置
0.00,ST040098,<p>%(v/v)</p>,2025-12-12 08:00:00,反丁烯,延化60万吨/年气体分馏装置
0.00,ST040098,<p>%(v/v)</p>,2025-12-13 08:00:00,碳五,延化60万吨/年气体分馏装置
0.00,ST040098,<p>%(v/v)</p>,2025-12-13 08:00:00,异丁烯,延化60万吨/年气体分馏装置
0.00,ST040098,<p>%(v/v)</p>,2025-12-13 08:00:00,顺丁烯,延化60万吨/年气体分馏装置
0.02,ST040098,<p>%(v/v)</p>,2025-12-13 08:00:00,反丁烯,延化60万吨/年气体分馏装置
0.00,ST040098,<p>%(v/v)</p>,2025-12-13 08:00:00,正丁烯,延化60万吨/年气体分馏装置
0.00,ST040098,<p>%(v/v)</p>,2025-12-13 08:00:00,异丁烷,延化60万吨/年气体分馏装置
2.14,ST040098,<p>%(v/v)</p>,2025-12-13 08:00:00,丙烯,延化60万吨/年气体分馏装置
97.82,ST040098,<p>%(v/v)</p>,2025-12-13 08:00:00,丙烷,延化60万吨/年气体分馏装置
0.000,ST040098,"<p>%(v/v)</p>
",2025-12-13 08:00:00,乙烷+乙烯,延化60万吨/年气体分馏装置
0.02,ST040098,<p>%(v/v)</p>,2025-12-13 08:00:00,正丁烷,延化60万吨/年气体分馏装置
0.01,ST040098,<p>%(v/v)</p>,2025-12-14 08:00:00,反丁烯,延化60万吨/年气体分馏装置
0.00,ST040098,<p>%(v/v)</p>,2025-12-14 08:00:00,碳五,延化60万吨/年气体分馏装置
0.00,ST040098,<p>%(v/v)</p>,2025-12-14 08:00:00,异丁烯,延化60万吨/年气体分馏装置
0.01,ST040098,<p>%(v/v)</p>,2025-12-14 08:00:00,顺丁烯,延化60万吨/年气体分馏装置
0.02,ST040098,<p>%(v/v)</p>,2025-12-14 08:00:00,正丁烯,延化60万吨/年气体分馏装置
0.02,ST040098,<p>%(v/v)</p>,2025-12-14 08:00:00,异丁烷,延化60万吨/年气体分馏装置
2.46,ST040098,<p>%(v/v)</p>,2025-12-14 08:00:00,丙烯,延化60万吨/年气体分馏装置
97.48,ST040098,<p>%(v/v)</p>,2025-12-14 08:00:00,丙烷,延化60万吨/年气体分馏装置
0.000,ST040098,"<p>%(v/v)</p>
",2025-12-14 08:00:00,乙烷+乙烯,延化60万吨/年气体分馏装置
0.00,ST040098,<p>%(v/v)</p>,2025-12-14 08:00:00,正丁烷,延化60万吨/年气体分馏装置
0.00,ST040098,<p>%(v/v)</p>,2025-12-15 08:00:00,碳五,延化60万吨/年气体分馏装置
0.01,ST040098,<p>%(v/v)</p>,2025-12-15 08:00:00,异丁烯,延化60万吨/年气体分馏装置
0.00,ST040098,<p>%(v/v)</p>,2025-12-15 08:00:00,顺丁烯,延化60万吨/年气体分馏装置
0.00,ST040098,<p>%(v/v)</p>,2025-12-15 08:00:00,反丁烯,延化60万吨/年气体分馏装置
0.00,ST040098,<p>%(v/v)</p>,2025-12-15 08:00:00,正丁烯,延化60万吨/年气体分馏装置
0.09,ST040098,<p>%(v/v)</p>,2025-12-15 08:00:00,异丁烷,延化60万吨/年气体分馏装置
2.46,ST040098,<p>%(v/v)</p>,2025-12-15 08:00:00,丙烯,延化60万吨/年气体分馏装置
97.44,ST040098,<p>%(v/v)</p>,2025-12-15 08:00:00,丙烷,延化60万吨/年气体分馏装置
0.000,ST040098,"<p>%(v/v)</p>
",2025-12-15 08:00:00,乙烷+乙烯,延化60万吨/年气体分馏装置
0.00,ST040098,<p>%(v/v)</p>,2025-12-15 08:00:00,正丁烷,延化60万吨/年气体分馏装置
0.02,ST040098,<p>%(v/v)</p>,2025-12-16 08:00:00,反丁烯,延化60万吨/年气体分馏装置
0.00,ST040098,<p>%(v/v)</p>,2025-12-16 08:00:00,碳五,延化60万吨/年气体分馏装置
0.03,ST040098,<p>%(v/v)</p>,2025-12-16 08:00:00,异丁烯,延化60万吨/年气体分馏装置
0.02,ST040098,<p>%(v/v)</p>,2025-12-16 08:00:00,顺丁烯,延化60万吨/年气体分馏装置
0.02,ST040098,<p>%(v/v)</p>,2025-12-16 08:00:00,正丁烯,延化60万吨/年气体分馏装置
0.18,ST040098,<p>%(v/v)</p>,2025-12-16 08:00:00,异丁烷,延化60万吨/年气体分馏装置
1.04,ST040098,<p>%(v/v)</p>,2025-12-16 08:00:00,丙烯,延化60万吨/年气体分馏装置
98.65,ST040098,<p>%(v/v)</p>,2025-12-16 08:00:00,丙烷,延化60万吨/年气体分馏装置
0.000,ST040098,"<p>%(v/v)</p>
",2025-12-16 08:00:00,乙烷+乙烯,延化60万吨/年气体分馏装置
0.04,ST040098,<p>%(v/v)</p>,2025-12-16 08:00:00,正丁烷,延化60万吨/年气体分馏装置
0.18,ST040098,<p>%(v/v)</p>,2025-12-17 08:00:00,异丁烷,延化60万吨/年气体分馏装置
97.96,ST040098,<p>%(v/v)</p>,2025-12-17 08:00:00,丙烷,延化60万吨/年气体分馏装置
0.000,ST040098,"<p>%(v/v)</p>
",2025-12-17 08:00:00,乙烷+乙烯,延化60万吨/年气体分馏装置
0.00,ST040098,<p>%(v/v)</p>,2025-12-17 08:00:00,正丁烯,延化60万吨/年气体分馏装置
0.02,ST040098,<p>%(v/v)</p>,2025-12-17 08:00:00,正丁烷,延化60万吨/年气体分馏装置
0.00,ST040098,<p>%(v/v)</p>,2025-12-17 08:00:00,异丁烯,延化60万吨/年气体分馏装置
1.84,ST040098,<p>%(v/v)</p>,2025-12-17 08:00:00,丙烯,延化60万吨/年气体分馏装置
0.00,ST040098,<p>%(v/v)</p>,2025-12-17 08:00:00,顺丁烯,延化60万吨/年气体分馏装置
0.00,ST040098,<p>%(v/v)</p>,2025-12-17 08:00:00,反丁烯,延化60万吨/年气体分馏装置
0.00,ST040098,<p>%(v/v)</p>,2025-12-17 08:00:00,碳五,延化60万吨/年气体分馏装置
0.00,ST040098,<p>%(v/v)</p>,2025-12-18 08:00:00,碳五,延化60万吨/年气体分馏装置
0.01,ST040098,<p>%(v/v)</p>,2025-12-18 08:00:00,异丁烯,延化60万吨/年气体分馏装置
0.00,ST040098,<p>%(v/v)</p>,2025-12-18 08:00:00,顺丁烯,延化60万吨/年气体分馏装置
0.00,ST040098,<p>%(v/v)</p>,2025-12-18 08:00:00,反丁烯,延化60万吨/年气体分馏装置
0.01,ST040098,<p>%(v/v)</p>,2025-12-18 08:00:00,正丁烯,延化60万吨/年气体分馏装置
0.07,ST040098,<p>%(v/v)</p>,2025-12-18 08:00:00,异丁烷,延化60万吨/年气体分馏装置
2.27,ST040098,<p>%(v/v)</p>,2025-12-18 08:00:00,丙烯,延化60万吨/年气体分馏装置
97.63,ST040098,<p>%(v/v)</p>,2025-12-18 08:00:00,丙烷,延化60万吨/年气体分馏装置
0.000,ST040098,"<p>%(v/v)</p>
",2025-12-18 08:00:00,乙烷+乙烯,延化60万吨/年气体分馏装置
0.01,ST040098,<p>%(v/v)</p>,2025-12-18 08:00:00,正丁烷,延化60万吨/年气体分馏装置
0.00,ST040098,<p>%(v/v)</p>,2025-12-19 08:00:00,碳五,延化60万吨/年气体分馏装置
0.00,ST040098,<p>%(v/v)</p>,2025-12-19 08:00:00,正丁烷,延化60万吨/年气体分馏装置
0.00,ST040098,<p>%(v/v)</p>,2025-12-19 08:00:00,异丁烯,延化60万吨/年气体分馏装置
0.00,ST040098,<p>%(v/v)</p>,2025-12-19 08:00:00,顺丁烯,延化60万吨/年气体分馏装置
0.00,ST040098,<p>%(v/v)</p>,2025-12-19 08:00:00,正丁烯,延化60万吨/年气体分馏装置
0.00,ST040098,<p>%(v/v)</p>,2025-12-19 08:00:00,异丁烷,延化60万吨/年气体分馏装置
1.30,ST040098,<p>%(v/v)</p>,2025-12-19 08:00:00,丙烯,延化60万吨/年气体分馏装置
98.70,ST040098,<p>%(v/v)</p>,2025-12-19 08:00:00,丙烷,延化60万吨/年气体分馏装置
0.000,ST040098,"<p>%(v/v)</p>
",2025-12-19 08:00:00,乙烷+乙烯,延化60万吨/年气体分馏装置
0.00,ST040098,<p>%(v/v)</p>,2025-12-19 08:00:00,反丁烯,延化60万吨/年气体分馏装置
0.00,ST040098,<p>%(v/v)</p>,2025-12-20 08:00:00,反丁烯,延化60万吨/年气体分馏装置
0.00,ST040098,<p>%(v/v)</p>,2025-12-20 08:00:00,碳五,延化60万吨/年气体分馏装置
0.00,ST040098,<p>%(v/v)</p>,2025-12-20 08:00:00,异丁烯,延化60万吨/年气体分馏装置
0.00,ST040098,<p>%(v/v)</p>,2025-12-20 08:00:00,顺丁烯,延化60万吨/年气体分馏装置
0.00,ST040098,<p>%(v/v)</p>,2025-12-20 08:00:00,正丁烯,延化60万吨/年气体分馏装置
0.06,ST040098,<p>%(v/v)</p>,2025-12-20 08:00:00,异丁烷,延化60万吨/年气体分馏装置
1.96,ST040098,<p>%(v/v)</p>,2025-12-20 08:00:00,丙烯,延化60万吨/年气体分馏装置
97.97,ST040098,<p>%(v/v)</p>,2025-12-20 08:00:00,丙烷,延化60万吨/年气体分馏装置
0.000,ST040098,"<p>%(v/v)</p>
",2025-12-20 08:00:00,乙烷+乙烯,延化60万吨/年气体分馏装置
0.01,ST040098,<p>%(v/v)</p>,2025-12-20 08:00:00,正丁烷,延化60万吨/年气体分馏装置
0.01,ST040098,<p>%(v/v)</p>,2025-12-21 08:00:00,异丁烯,延化60万吨/年气体分馏装置
0.00,ST040098,<p>%(v/v)</p>,2025-12-21 08:00:00,顺丁烯,延化60万吨/年气体分馏装置
0.00,ST040098,<p>%(v/v)</p>,2025-12-21 08:00:00,反丁烯,延化60万吨/年气体分馏装置
0.00,ST040098,<p>%(v/v)</p>,2025-12-21 08:00:00,正丁烷,延化60万吨/年气体分馏装置
0.14,ST040098,<p>%(v/v)</p>,2025-12-21 08:00:00,异丁烷,延化60万吨/年气体分馏装置
1.97,ST040098,<p>%(v/v)</p>,2025-12-21 08:00:00,丙烯,延化60万吨/年气体分馏装置
97.87,ST040098,<p>%(v/v)</p>,2025-12-21 08:00:00,丙烷,延化60万吨/年气体分馏装置
0.000,ST040098,"<p>%(v/v)</p>
",2025-12-21 08:00:00,乙烷+乙烯,延化60万吨/年气体分馏装置
0.01,ST040098,<p>%(v/v)</p>,2025-12-21 08:00:00,正丁烯,延化60万吨/年气体分馏装置
0.00,ST040098,<p>%(v/v)</p>,2025-12-21 08:00:00,碳五,延化60万吨/年气体分馏装置
0.02,ST040098,<p>%(v/v)</p>,2025-12-22 08:00:00,正丁烷,延化60万吨/年气体分馏装置
0.00,ST040098,<p>%(v/v)</p>,2025-12-22 08:00:00,碳五,延化60万吨/年气体分馏装置
0.01,ST040098,<p>%(v/v)</p>,2025-12-22 08:00:00,异丁烯,延化60万吨/年气体分馏装置
0.01,ST040098,<p>%(v/v)</p>,2025-12-22 08:00:00,顺丁烯,延化60万吨/年气体分馏装置
0.01,ST040098,<p>%(v/v)</p>,2025-12-22 08:00:00,正丁烯,延化60万吨/年气体分馏装置
0.10,ST040098,<p>%(v/v)</p>,2025-12-22 08:00:00,异丁烷,延化60万吨/年气体分馏装置
2.48,ST040098,<p>%(v/v)</p>,2025-12-22 08:00:00,丙烯,延化60万吨/年气体分馏装置
97.36,ST040098,<p>%(v/v)</p>,2025-12-22 08:00:00,丙烷,延化60万吨/年气体分馏装置
0.000,ST040098,"<p>%(v/v)</p>
",2025-12-22 08:00:00,乙烷+乙烯,延化60万吨/年气体分馏装置
0.01,ST040098,<p>%(v/v)</p>,2025-12-22 08:00:00,反丁烯,延化60万吨/年气体分馏装置
0.00,ST040098,<p>%(v/v)</p>,2025-12-23 08:00:00,反丁烯,延化60万吨/年气体分馏装置
0.00,ST040098,<p>%(v/v)</p>,2025-12-23 08:00:00,碳五,延化60万吨/年气体分馏装置
0.00,ST040098,<p>%(v/v)</p>,2025-12-23 08:00:00,异丁烯,延化60万吨/年气体分馏装置
0.00,ST040098,<p>%(v/v)</p>,2025-12-23 08:00:00,顺丁烯,延化60万吨/年气体分馏装置
0.00,ST040098,<p>%(v/v)</p>,2025-12-23 08:00:00,正丁烯,延化60万吨/年气体分馏装置
0.09,ST040098,<p>%(v/v)</p>,2025-12-23 08:00:00,异丁烷,延化60万吨/年气体分馏装置
2.16,ST040098,<p>%(v/v)</p>,2025-12-23 08:00:00,丙烯,延化60万吨/年气体分馏装置
97.75,ST040098,<p>%(v/v)</p>,2025-12-23 08:00:00,丙烷,延化60万吨/年气体分馏装置
0.000,ST040098,"<p>%(v/v)</p>
",2025-12-23 08:00:00,乙烷+乙烯,延化60万吨/年气体分馏装置
0.00,ST040098,<p>%(v/v)</p>,2025-12-23 08:00:00,正丁烷,延化60万吨/年气体分馏装置
0.00,ST040098,<p>%(v/v)</p>,2025-12-24 08:00:00,碳五,延化60万吨/年气体分馏装置
0.00,ST040098,<p>%(v/v)</p>,2025-12-24 08:00:00,异丁烯,延化60万吨/年气体分馏装置
0.00,ST040098,<p>%(v/v)</p>,2025-12-24 08:00:00,顺丁烯,延化60万吨/年气体分馏装置
0.00,ST040098,<p>%(v/v)</p>,2025-12-24 08:00:00,反丁烯,延化60万吨/年气体分馏装置
0.00,ST040098,<p>%(v/v)</p>,2025-12-24 08:00:00,正丁烯,延化60万吨/年气体分馏装置
0.12,ST040098,<p>%(v/v)</p>,2025-12-24 08:00:00,异丁烷,延化60万吨/年气体分馏装置
2.14,ST040098,<p>%(v/v)</p>,2025-12-24 08:00:00,丙烯,延化60万吨/年气体分馏装置
97.74,ST040098,<p>%(v/v)</p>,2025-12-24 08:00:00,丙烷,延化60万吨/年气体分馏装置
0.000,ST040098,"<p>%(v/v)</p>
",2025-12-24 08:00:00,乙烷+乙烯,延化60万吨/年气体分馏装置
0.00,ST040098,<p>%(v/v)</p>,2025-12-24 08:00:00,正丁烷,延化60万吨/年气体分馏装置
0.00,ST040098,<p>%(v/v)</p>,2025-12-25 08:00:00,反丁烯,延化60万吨/年气体分馏装置
0.00,ST040098,<p>%(v/v)</p>,2025-12-25 08:00:00,碳五,延化60万吨/年气体分馏装置
0.00,ST040098,<p>%(v/v)</p>,2025-12-25 08:00:00,异丁烯,延化60万吨/年气体分馏装置
0.00,ST040098,<p>%(v/v)</p>,2025-12-25 08:00:00,顺丁烯,延化60万吨/年气体分馏装置
0.00,ST040098,<p>%(v/v)</p>,2025-12-25 08:00:00,正丁烯,延化60万吨/年气体分馏装置
0.10,ST040098,<p>%(v/v)</p>,2025-12-25 08:00:00,异丁烷,延化60万吨/年气体分馏装置
1.73,ST040098,<p>%(v/v)</p>,2025-12-25 08:00:00,丙烯,延化60万吨/年气体分馏装置
98.16,ST040098,<p>%(v/v)</p>,2025-12-25 08:00:00,丙烷,延化60万吨/年气体分馏装置
0.000,ST040098,"<p>%(v/v)</p>
",2025-12-25 08:00:00,乙烷+乙烯,延化60万吨/年气体分馏装置
0.01,ST040098,<p>%(v/v)</p>,2025-12-25 08:00:00,正丁烷,延化60万吨/年气体分馏装置
0.01,ST040098,<p>%(v/v)</p>,2025-12-26 08:00:00,反丁烯,延化60万吨/年气体分馏装置
0.00,ST040098,<p>%(v/v)</p>,2025-12-26 08:00:00,碳五,延化60万吨/年气体分馏装置
0.01,ST040098,<p>%(v/v)</p>,2025-12-26 08:00:00,异丁烯,延化60万吨/年气体分馏装置
0.00,ST040098,<p>%(v/v)</p>,2025-12-26 08:00:00,顺丁烯,延化60万吨/年气体分馏装置
0.01,ST040098,<p>%(v/v)</p>,2025-12-26 08:00:00,正丁烯,延化60万吨/年气体分馏装置
0.000,ST040098,"<p>%(v/v)</p>
",2025-12-26 08:00:00,乙烷+乙烯,延化60万吨/年气体分馏装置
0.04,ST040098,<p>%(v/v)</p>,2025-12-26 08:00:00,异丁烷,延化60万吨/年气体分馏装置
2.87,ST040098,<p>%(v/v)</p>,2025-12-26 08:00:00,丙烯,延化60万吨/年气体分馏装置
97.02,ST040098,<p>%(v/v)</p>,2025-12-26 08:00:00,丙烷,延化60万吨/年气体分馏装置
0.04,ST040098,<p>%(v/v)</p>,2025-12-26 08:00:00,正丁烷,延化60万吨/年气体分馏装置
0.00,ST040098,<p>%(v/v)</p>,2025-12-27 08:00:00,反丁烯,延化60万吨/年气体分馏装置
0.00,ST040098,<p>%(v/v)</p>,2025-12-27 08:00:00,碳五,延化60万吨/年气体分馏装置
0.00,ST040098,<p>%(v/v)</p>,2025-12-27 08:00:00,异丁烯,延化60万吨/年气体分馏装置
0.00,ST040098,<p>%(v/v)</p>,2025-12-27 08:00:00,顺丁烯,延化60万吨/年气体分馏装置
0.00,ST040098,<p>%(v/v)</p>,2025-12-27 08:00:00,正丁烯,延化60万吨/年气体分馏装置
0.08,ST040098,<p>%(v/v)</p>,2025-12-27 08:00:00,异丁烷,延化60万吨/年气体分馏装置
2.92,ST040098,<p>%(v/v)</p>,2025-12-27 08:00:00,丙烯,延化60万吨/年气体分馏装置
97.00,ST040098,<p>%(v/v)</p>,2025-12-27 08:00:00,丙烷,延化60万吨/年气体分馏装置
0.000,ST040098,"<p>%(v/v)</p>
",2025-12-27 08:00:00,乙烷+乙烯,延化60万吨/年气体分馏装置
0.00,ST040098,<p>%(v/v)</p>,2025-12-27 08:00:00,正丁烷,延化60万吨/年气体分馏装置
0.00,ST040098,<p>%(v/v)</p>,2025-12-28 08:00:00,反丁烯,延化60万吨/年气体分馏装置
0.00,ST040098,<p>%(v/v)</p>,2025-12-28 08:00:00,碳五,延化60万吨/年气体分馏装置
0.00,ST040098,<p>%(v/v)</p>,2025-12-28 08:00:00,异丁烯,延化60万吨/年气体分馏装置
0.01,ST040098,<p>%(v/v)</p>,2025-12-28 08:00:00,顺丁烯,延化60万吨/年气体分馏装置
0.00,ST040098,<p>%(v/v)</p>,2025-12-28 08:00:00,正丁烯,延化60万吨/年气体分馏装置
0.09,ST040098,<p>%(v/v)</p>,2025-12-28 08:00:00,异丁烷,延化60万吨/年气体分馏装置
1.99,ST040098,<p>%(v/v)</p>,2025-12-28 08:00:00,丙烯,延化60万吨/年气体分馏装置
97.91,ST040098,<p>%(v/v)</p>,2025-12-28 08:00:00,丙烷,延化60万吨/年气体分馏装置
0.000,ST040098,"<p>%(v/v)</p>
",2025-12-28 08:00:00,乙烷+乙烯,延化60万吨/年气体分馏装置
0.00,ST040098,<p>%(v/v)</p>,2025-12-28 08:00:00,正丁烷,延化60万吨/年气体分馏装置
0.00,ST040098,<p>%(v/v)</p>,2025-12-29 08:00:00,碳五,延化60万吨/年气体分馏装置
0.00,ST040098,<p>%(v/v)</p>,2025-12-29 08:00:00,异丁烯,延化60万吨/年气体分馏装置
0.00,ST040098,<p>%(v/v)</p>,2025-12-29 08:00:00,顺丁烯,延化60万吨/年气体分馏装置
0.00,ST040098,<p>%(v/v)</p>,2025-12-29 08:00:00,反丁烯,延化60万吨/年气体分馏装置
0.00,ST040098,<p>%(v/v)</p>,2025-12-29 08:00:00,正丁烯,延化60万吨/年气体分馏装置
0.03,ST040098,<p>%(v/v)</p>,2025-12-29 08:00:00,异丁烷,延化60万吨/年气体分馏装置
2.30,ST040098,<p>%(v/v)</p>,2025-12-29 08:00:00,丙烯,延化60万吨/年气体分馏装置
97.67,ST040098,<p>%(v/v)</p>,2025-12-29 08:00:00,丙烷,延化60万吨/年气体分馏装置
0.000,ST040098,"<p>%(v/v)</p>
",2025-12-29 08:00:00,乙烷+乙烯,延化60万吨/年气体分馏装置
0.00,ST040098,<p>%(v/v)</p>,2025-12-29 08:00:00,正丁烷,延化60万吨/年气体分馏装置
0.00,ST040098,<p>%(v/v)</p>,2025-12-30 08:00:00,反丁烯,延化60万吨/年气体分馏装置
0.00,ST040098,<p>%(v/v)</p>,2025-12-30 08:00:00,碳五,延化60万吨/年气体分馏装置
0.00,ST040098,<p>%(v/v)</p>,2025-12-30 08:00:00,异丁烯,延化60万吨/年气体分馏装置
0.00,ST040098,<p>%(v/v)</p>,2025-12-30 08:00:00,顺丁烯,延化60万吨/年气体分馏装置
0.00,ST040098,<p>%(v/v)</p>,2025-12-30 08:00:00,正丁烯,延化60万吨/年气体分馏装置
0.05,ST040098,<p>%(v/v)</p>,2025-12-30 08:00:00,异丁烷,延化60万吨/年气体分馏装置
0.49,ST040098,<p>%(v/v)</p>,2025-12-30 08:00:00,丙烯,延化60万吨/年气体分馏装置
99.45,ST040098,<p>%(v/v)</p>,2025-12-30 08:00:00,丙烷,延化60万吨/年气体分馏装置
0.000,ST040098,"<p>%(v/v)</p>
",2025-12-30 08:00:00,乙烷+乙烯,延化60万吨/年气体分馏装置
0.01,ST040098,<p>%(v/v)</p>,2025-12-30 08:00:00,正丁烷,延化60万吨/年气体分馏装置
0.00,ST040098,<p>%(v/v)</p>,2025-12-31 08:00:00,碳五,延化60万吨/年气体分馏装置
0.00,ST040098,<p>%(v/v)</p>,2025-12-31 08:00:00,异丁烯,延化60万吨/年气体分馏装置
0.00,ST040098,<p>%(v/v)</p>,2025-12-31 08:00:00,顺丁烯,延化60万吨/年气体分馏装置
0.00,ST040098,<p>%(v/v)</p>,2025-12-31 08:00:00,反丁烯,延化60万吨/年气体分馏装置
0.00,ST040098,<p>%(v/v)</p>,2025-12-31 08:00:00,正丁烯,延化60万吨/年气体分馏装置
0.09,ST040098,<p>%(v/v)</p>,2025-12-31 08:00:00,异丁烷,延化60万吨/年气体分馏装置
2.22,ST040098,<p>%(v/v)</p>,2025-12-31 08:00:00,丙烯,延化60万吨/年气体分馏装置
97.69,ST040098,<p>%(v/v)</p>,2025-12-31 08:00:00,丙烷,延化60万吨/年气体分馏装置
0.000,ST040098,"<p>%(v/v)</p>
",2025-12-31 08:00:00,乙烷+乙烯,延化60万吨/年气体分馏装置
0.00,ST040098,<p>%(v/v)</p>,2025-12-31 08:00:00,正丁烷,延化60万吨/年气体分馏装置
0.00,ST040098,<p>%(v/v)</p>,2026-01-01 08:00:00,碳五,延化60万吨/年气体分馏装置
0.00,ST040098,<p>%(v/v)</p>,2026-01-01 08:00:00,异丁烯,延化60万吨/年气体分馏装置
0.00,ST040098,<p>%(v/v)</p>,2026-01-01 08:00:00,顺丁烯,延化60万吨/年气体分馏装置
0.00,ST040098,<p>%(v/v)</p>,2026-01-01 08:00:00,反丁烯,延化60万吨/年气体分馏装置
0.00,ST040098,<p>%(v/v)</p>,2026-01-01 08:00:00,正丁烯,延化60万吨/年气体分馏装置
0.04,ST040098,<p>%(v/v)</p>,2026-01-01 08:00:00,异丁烷,延化60万吨/年气体分馏装置
1.73,ST040098,<p>%(v/v)</p>,2026-01-01 08:00:00,丙烯,延化60万吨/年气体分馏装置
98.23,ST040098,<p>%(v/v)</p>,2026-01-01 08:00:00,丙烷,延化60万吨/年气体分馏装置
0.000,ST040098,"<p>%(v/v)</p>
",2026-01-01 08:00:00,乙烷+乙烯,延化60万吨/年气体分馏装置
0.00,ST040098,<p>%(v/v)</p>,2026-01-01 08:00:00,正丁烷,延化60万吨/年气体分馏装置
0.00,ST040098,<p>%(v/v)</p>,2026-01-02 08:00:00,反丁烯,延化60万吨/年气体分馏装置
0.00,ST040098,<p>%(v/v)</p>,2026-01-02 08:00:00,碳五,延化60万吨/年气体分馏装置
0.00,ST040098,<p>%(v/v)</p>,2026-01-02 08:00:00,异丁烯,延化60万吨/年气体分馏装置
0.00,ST040098,<p>%(v/v)</p>,2026-01-02 08:00:00,顺丁烯,延化60万吨/年气体分馏装置
0.00,ST040098,<p>%(v/v)</p>,2026-01-02 08:00:00,正丁烯,延化60万吨/年气体分馏装置
0.01,ST040098,<p>%(v/v)</p>,2026-01-02 08:00:00,异丁烷,延化60万吨/年气体分馏装置
1.68,ST040098,<p>%(v/v)</p>,2026-01-02 08:00:00,丙烯,延化60万吨/年气体分馏装置
98.31,ST040098,<p>%(v/v)</p>,2026-01-02 08:00:00,丙烷,延化60万吨/年气体分馏装置
0.000,ST040098,"<p>%(v/v)</p>
",2026-01-02 08:00:00,乙烷+乙烯,延化60万吨/年气体分馏装置
0.00,ST040098,<p>%(v/v)</p>,2026-01-02 08:00:00,正丁烷,延化60万吨/年气体分馏装置
0.09,ST040098,<p>%(v/v)</p>,2026-01-03 08:00:00,正丁烷,延化60万吨/年气体分馏装置
0.01,ST040098,<p>%(v/v)</p>,2026-01-03 08:00:00,碳五,延化60万吨/年气体分馏装置
0.04,ST040098,<p>%(v/v)</p>,2026-01-03 08:00:00,异丁烯,延化60万吨/年气体分馏装置
0.06,ST040098,<p>%(v/v)</p>,2026-01-03 08:00:00,顺丁烯,延化60万吨/年气体分馏装置
0.04,ST040098,<p>%(v/v)</p>,2026-01-03 08:00:00,正丁烯,延化60万吨/年气体分馏装置
0.15,ST040098,<p>%(v/v)</p>,2026-01-03 08:00:00,异丁烷,延化60万吨/年气体分馏装置
1.46,ST040098,<p>%(v/v)</p>,2026-01-03 08:00:00,丙烯,延化60万吨/年气体分馏装置
98.09,ST040098,<p>%(v/v)</p>,2026-01-03 08:00:00,丙烷,延化60万吨/年气体分馏装置
0.000,ST040098,"<p>%(v/v)</p>
",2026-01-03 08:00:00,乙烷+乙烯,延化60万吨/年气体分馏装置
0.06,ST040098,<p>%(v/v)</p>,2026-01-03 08:00:00,反丁烯,延化60万吨/年气体分馏装置
0.00,ST040098,<p>%(v/v)</p>,2026-01-04 08:00:00,碳五,延化60万吨/年气体分馏装置
0.00,ST040098,<p>%(v/v)</p>,2026-01-04 08:00:00,异丁烯,延化60万吨/年气体分馏装置
0.00,ST040098,<p>%(v/v)</p>,2026-01-04 08:00:00,顺丁烯,延化60万吨/年气体分馏装置
0.00,ST040098,<p>%(v/v)</p>,2026-01-04 08:00:00,反丁烯,延化60万吨/年气体分馏装置
0.00,ST040098,<p>%(v/v)</p>,2026-01-04 08:00:00,正丁烯,延化60万吨/年气体分馏装置
0.00,ST040098,<p>%(v/v)</p>,2026-01-04 08:00:00,异丁烷,延化60万吨/年气体分馏装置
1.06,ST040098,<p>%(v/v)</p>,2026-01-04 08:00:00,丙烯,延化60万吨/年气体分馏装置
98.94,ST040098,<p>%(v/v)</p>,2026-01-04 08:00:00,丙烷,延化60万吨/年气体分馏装置
0.000,ST040098,"<p>%(v/v)</p>
",2026-01-04 08:00:00,乙烷+乙烯,延化60万吨/年气体分馏装置
0.00,ST040098,<p>%(v/v)</p>,2026-01-04 08:00:00,正丁烷,延化60万吨/年气体分馏装置
0.00,ST040098,<p>%(v/v)</p>,2026-01-05 08:00:00,反丁烯,延化60万吨/年气体分馏装置
0.00,ST040098,<p>%(v/v)</p>,2026-01-05 08:00:00,碳五,延化60万吨/年气体分馏装置
0.00,ST040098,<p>%(v/v)</p>,2026-01-05 08:00:00,异丁烯,延化60万吨/年气体分馏装置
0.00,ST040098,<p>%(v/v)</p>,2026-01-05 08:00:00,顺丁烯,延化60万吨/年气体分馏装置
0.00,ST040098,<p>%(v/v)</p>,2026-01-05 08:00:00,正丁烯,延化60万吨/年气体分馏装置
0.01,ST040098,<p>%(v/v)</p>,2026-01-05 08:00:00,异丁烷,延化60万吨/年气体分馏装置
2.85,ST040098,<p>%(v/v)</p>,2026-01-05 08:00:00,丙烯,延化60万吨/年气体分馏装置
97.14,ST040098,<p>%(v/v)</p>,2026-01-05 08:00:00,丙烷,延化60万吨/年气体分馏装置
0.000,ST040098,"<p>%(v/v)</p>
",2026-01-05 08:00:00,乙烷+乙烯,延化60万吨/年气体分馏装置
0.00,ST040098,<p>%(v/v)</p>,2026-01-05 08:00:00,正丁烷,延化60万吨/年气体分馏装置
0.00,ST040098,<p>%(v/v)</p>,2026-01-06 08:00:00,正丁烷,延化60万吨/年气体分馏装置
0.01,ST040098,<p>%(v/v)</p>,2026-01-06 08:00:00,异丁烷,延化60万吨/年气体分馏装置
1.80,ST040098,<p>%(v/v)</p>,2026-01-06 08:00:00,丙烯,延化60万吨/年气体分馏装置
98.19,ST040098,<p>%(v/v)</p>,2026-01-06 08:00:00,丙烷,延化60万吨/年气体分馏装置
0.00,ST040098,<p>%(v/v)</p>,2026-01-06 08:00:00,顺丁烯,延化60万吨/年气体分馏装置
0.00,ST040098,<p>%(v/v)</p>,2026-01-06 08:00:00,正丁烯,延化60万吨/年气体分馏装置
0.00,ST040098,<p>%(v/v)</p>,2026-01-06 08:00:00,反丁烯,延化60万吨/年气体分馏装置
0.00,ST040098,<p>%(v/v)</p>,2026-01-06 08:00:00,碳五,延化60万吨/年气体分馏装置
0.00,ST040098,<p>%(v/v)</p>,2026-01-06 08:00:00,异丁烯,延化60万吨/年气体分馏装置
0.000,ST040098,"<p>%(v/v)</p>
",2026-01-06 08:00:00,乙烷+乙烯,延化60万吨/年气体分馏装置
0.08,ST040098,<p>%(v/v)</p>,2026-01-07 08:00:00,反丁烯,延化60万吨/年气体分馏装置
0.00,ST040098,<p>%(v/v)</p>,2026-01-07 08:00:00,碳五,延化60万吨/年气体分馏装置
0.00,ST040098,<p>%(v/v)</p>,2026-01-07 08:00:00,异丁烯,延化60万吨/年气体分馏装置
0.06,ST040098,<p>%(v/v)</p>,2026-01-07 08:00:00,顺丁烯,延化60万吨/年气体分馏装置
0.06,ST040098,<p>%(v/v)</p>,2026-01-07 08:00:00,正丁烯,延化60万吨/年气体分馏装置
0.15,ST040098,<p>%(v/v)</p>,2026-01-07 08:00:00,异丁烷,延化60万吨/年气体分馏装置
1.90,ST040098,<p>%(v/v)</p>,2026-01-07 08:00:00,丙烯,延化60万吨/年气体分馏装置
97.66,ST040098,<p>%(v/v)</p>,2026-01-07 08:00:00,丙烷,延化60万吨/年气体分馏装置
0.000,ST040098,"<p>%(v/v)</p>
",2026-01-07 08:00:00,乙烷+乙烯,延化60万吨/年气体分馏装置
0.09,ST040098,<p>%(v/v)</p>,2026-01-07 08:00:00,正丁烷,延化60万吨/年气体分馏装置
0.00,ST040098,<p>%(v/v)</p>,2026-01-08 08:00:00,碳五,延化60万吨/年气体分馏装置
0.00,ST040098,<p>%(v/v)</p>,2026-01-08 08:00:00,异丁烯,延化60万吨/年气体分馏装置
0.00,ST040098,<p>%(v/v)</p>,2026-01-08 08:00:00,顺丁烯,延化60万吨/年气体分馏装置
0.00,ST040098,<p>%(v/v)</p>,2026-01-08 08:00:00,反丁烯,延化60万吨/年气体分馏装置
0.00,ST040098,<p>%(v/v)</p>,2026-01-08 08:00:00,正丁烯,延化60万吨/年气体分馏装置
0.01,ST040098,<p>%(v/v)</p>,2026-01-08 08:00:00,异丁烷,延化60万吨/年气体分馏装置
1.88,ST040098,<p>%(v/v)</p>,2026-01-08 08:00:00,丙烯,延化60万吨/年气体分馏装置
98.11,ST040098,<p>%(v/v)</p>,2026-01-08 08:00:00,丙烷,延化60万吨/年气体分馏装置
0.000,ST040098,"<p>%(v/v)</p>
",2026-01-08 08:00:00,乙烷+乙烯,延化60万吨/年气体分馏装置
0.00,ST040098,<p>%(v/v)</p>,2026-01-08 08:00:00,正丁烷,延化60万吨/年气体分馏装置
0.02,ST040098,<p>%(v/v)</p>,2026-01-09 08:00:00,反丁烯,延化60万吨/年气体分馏装置
0.00,ST040098,<p>%(v/v)</p>,2026-01-09 08:00:00,碳五,延化60万吨/年气体分馏装置
0.01,ST040098,<p>%(v/v)</p>,2026-01-09 08:00:00,异丁烯,延化60万吨/年气体分馏装置
0.03,ST040098,<p>%(v/v)</p>,2026-01-09 08:00:00,顺丁烯,延化60万吨/年气体分馏装置
0.02,ST040098,<p>%(v/v)</p>,2026-01-09 08:00:00,正丁烯,延化60万吨/年气体分馏装置
0.05,ST040098,<p>%(v/v)</p>,2026-01-09 08:00:00,异丁烷,延化60万吨/年气体分馏装置
2.48,ST040098,<p>%(v/v)</p>,2026-01-09 08:00:00,丙烯,延化60万吨/年气体分馏装置
97.35,ST040098,<p>%(v/v)</p>,2026-01-09 08:00:00,丙烷,延化60万吨/年气体分馏装置
0.000,ST040098,"<p>%(v/v)</p>
",2026-01-09 08:00:00,乙烷+乙烯,延化60万吨/年气体分馏装置
0.04,ST040098,<p>%(v/v)</p>,2026-01-09 08:00:00,正丁烷,延化60万吨/年气体分馏装置
0.00,ST040098,<p>%(v/v)</p>,2026-01-10 08:00:00,碳五,延化60万吨/年气体分馏装置
0.00,ST040098,<p>%(v/v)</p>,2026-01-10 08:00:00,异丁烯,延化60万吨/年气体分馏装置
0.00,ST040098,<p>%(v/v)</p>,2026-01-10 08:00:00,顺丁烯,延化60万吨/年气体分馏装置
0.01,ST040098,<p>%(v/v)</p>,2026-01-10 08:00:00,反丁烯,延化60万吨/年气体分馏装置
0.01,ST040098,<p>%(v/v)</p>,2026-01-10 08:00:00,正丁烯,延化60万吨/年气体分馏装置
0.01,ST040098,<p>%(v/v)</p>,2026-01-10 08:00:00,正丁烷,延化60万吨/年气体分馏装置
0.03,ST040098,<p>%(v/v)</p>,2026-01-10 08:00:00,异丁烷,延化60万吨/年气体分馏装置
0.57,ST040098,<p>%(v/v)</p>,2026-01-10 08:00:00,丙烯,延化60万吨/年气体分馏装置
0.000,ST040098,"<p>%(v/v)</p>
",2026-01-10 08:00:00,乙烷+乙烯,延化60万吨/年气体分馏装置
99.37,ST040098,<p>%(v/v)</p>,2026-01-10 08:00:00,丙烷,延化60万吨/年气体分馏装置
0.00,ST040098,<p>%(v/v)</p>,2026-01-11 08:00:00,碳五,延化60万吨/年气体分馏装置
0.03,ST040098,<p>%(v/v)</p>,2026-01-11 08:00:00,异丁烯,延化60万吨/年气体分馏装置
0.01,ST040098,<p>%(v/v)</p>,2026-01-11 08:00:00,顺丁烯,延化60万吨/年气体分馏装置
0.02,ST040098,<p>%(v/v)</p>,2026-01-11 08:00:00,反丁烯,延化60万吨/年气体分馏装置
0.03,ST040098,<p>%(v/v)</p>,2026-01-11 08:00:00,正丁烯,延化60万吨/年气体分馏装置
0.12,ST040098,<p>%(v/v)</p>,2026-01-11 08:00:00,异丁烷,延化60万吨/年气体分馏装置
1.56,ST040098,<p>%(v/v)</p>,2026-01-11 08:00:00,丙烯,延化60万吨/年气体分馏装置
98.20,ST040098,<p>%(v/v)</p>,2026-01-11 08:00:00,丙烷,延化60万吨/年气体分馏装置
0.000,ST040098,"<p>%(v/v)</p>
",2026-01-11 08:00:00,乙烷+乙烯,延化60万吨/年气体分馏装置
0.03,ST040098,<p>%(v/v)</p>,2026-01-11 08:00:00,正丁烷,延化60万吨/年气体分馏装置
0.000,ST040098,"<p>%(v/v)</p>
",2026-01-12 08:00:00,乙烷+乙烯,延化60万吨/年气体分馏装置
0.01,ST040098,<p>%(v/v)</p>,2026-01-12 08:00:00,正丁烯,延化60万吨/年气体分馏装置
0.02,ST040098,<p>%(v/v)</p>,2026-01-12 08:00:00,反丁烯,延化60万吨/年气体分馏装置
0.00,ST040098,<p>%(v/v)</p>,2026-01-12 08:00:00,碳五,延化60万吨/年气体分馏装置
97.50,ST040098,<p>%(v/v)</p>,2026-01-12 08:00:00,丙烷,延化60万吨/年气体分馏装置
0.03,ST040098,<p>%(v/v)</p>,2026-01-12 08:00:00,顺丁烯,延化60万吨/年气体分馏装置
0.04,ST040098,<p>%(v/v)</p>,2026-01-12 08:00:00,正丁烷,延化60万吨/年气体分馏装置
0.08,ST040098,<p>%(v/v)</p>,2026-01-12 08:00:00,异丁烷,延化60万吨/年气体分馏装置
2.31,ST040098,<p>%(v/v)</p>,2026-01-12 08:00:00,丙烯,延化60万吨/年气体分馏装置
0.01,ST040098,<p>%(v/v)</p>,2026-01-12 08:00:00,异丁烯,延化60万吨/年气体分馏装置
0.00,ST040098,<p>%(v/v)</p>,2026-01-13 08:00:00,碳五,延化60万吨/年气体分馏装置
0.01,ST040098,<p>%(v/v)</p>,2026-01-13 08:00:00,异丁烯,延化60万吨/年气体分馏装置
0.01,ST040098,<p>%(v/v)</p>,2026-01-13 08:00:00,顺丁烯,延化60万吨/年气体分馏装置
0.02,ST040098,<p>%(v/v)</p>,2026-01-13 08:00:00,反丁烯,延化60万吨/年气体分馏装置
0.02,ST040098,<p>%(v/v)</p>,2026-01-13 08:00:00,正丁烯,延化60万吨/年气体分馏装置
0.07,ST040098,<p>%(v/v)</p>,2026-01-13 08:00:00,异丁烷,延化60万吨/年气体分馏装置
2.53,ST040098,<p>%(v/v)</p>,2026-01-13 08:00:00,丙烯,延化60万吨/年气体分馏装置
97.31,ST040098,<p>%(v/v)</p>,2026-01-13 08:00:00,丙烷,延化60万吨/年气体分馏装置
0.000,ST040098,"<p>%(v/v)</p>
",2026-01-13 08:00:00,乙烷+乙烯,延化60万吨/年气体分馏装置
0.03,ST040098,<p>%(v/v)</p>,2026-01-13 08:00:00,正丁烷,延化60万吨/年气体分馏装置
0.00,ST040098,<p>%(v/v)</p>,2026-01-14 08:00:00,反丁烯,延化60万吨/年气体分馏装置
0.00,ST040098,<p>%(v/v)</p>,2026-01-14 08:00:00,碳五,延化60万吨/年气体分馏装置
0.00,ST040098,<p>%(v/v)</p>,2026-01-14 08:00:00,正丁烯,延化60万吨/年气体分馏装置
0.000,ST040098,"<p>%(v/v)</p>
",2026-01-14 08:00:00,乙烷+乙烯,延化60万吨/年气体分馏装置
96.73,ST040098,<p>%(v/v)</p>,2026-01-14 08:00:00,丙烷,延化60万吨/年气体分馏装置
3.26,ST040098,<p>%(v/v)</p>,2026-01-14 08:00:00,丙烯,延化60万吨/年气体分馏装置
0.01,ST040098,<p>%(v/v)</p>,2026-01-14 08:00:00,异丁烷,延化60万吨/年气体分馏装置
0.00,ST040098,<p>%(v/v)</p>,2026-01-14 08:00:00,正丁烷,延化60万吨/年气体分馏装置
0.00,ST040098,<p>%(v/v)</p>,2026-01-14 08:00:00,顺丁烯,延化60万吨/年气体分馏装置
0.00,ST040098,<p>%(v/v)</p>,2026-01-14 08:00:00,异丁烯,延化60万吨/年气体分馏装置
0.04,ST040098,<p>%(v/v)</p>,2026-01-14 16:17:00,反丁烯,延化60万吨/年气体分馏装置
0.000,ST040098,"<p>%(v/v)</p>
",2026-01-14 16:17:00,乙烷+乙烯,延化60万吨/年气体分馏装置
96.38,ST040098,<p>%(v/v)</p>,2026-01-14 16:17:00,丙烷,延化60万吨/年气体分馏装置
3.44,ST040098,<p>%(v/v)</p>,2026-01-14 16:17:00,丙烯,延化60万吨/年气体分馏装置
0.02,ST040098,<p>%(v/v)</p>,2026-01-14 16:17:00,正丁烯,延化60万吨/年气体分馏装置
0.03,ST040098,<p>%(v/v)</p>,2026-01-14 16:17:00,正丁烷,延化60万吨/年气体分馏装置
0.03,ST040098,<p>%(v/v)</p>,2026-01-14 16:17:00,顺丁烯,延化60万吨/年气体分馏装置
0.02,ST040098,<p>%(v/v)</p>,2026-01-14 16:17:00,异丁烯,延化60万吨/年气体分馏装置
0.00,ST040098,<p>%(v/v)</p>,2026-01-14 16:17:00,碳五,延化60万吨/年气体分馏装置
0.04,ST040098,<p>%(v/v)</p>,2026-01-14 16:17:00,异丁烷,延化60万吨/年气体分馏装置
0.01,ST040098,<p>%(v/v)</p>,2026-01-14 21:00:00,正丁烷,延化60万吨/年气体分馏装置
0.00,ST040098,<p>%(v/v)</p>,2026-01-14 21:00:00,碳五,延化60万吨/年气体分馏装置
0.00,ST040098,<p>%(v/v)</p>,2026-01-14 21:00:00,异丁烯,延化60万吨/年气体分馏装置
0.00,ST040098,<p>%(v/v)</p>,2026-01-14 21:00:00,顺丁烯,延化60万吨/年气体分馏装置
0.01,ST040098,<p>%(v/v)</p>,2026-01-14 21:00:00,反丁烯,延化60万吨/年气体分馏装置
0.02,ST040098,<p>%(v/v)</p>,2026-01-14 21:00:00,异丁烷,延化60万吨/年气体分馏装置
2.90,ST040098,<p>%(v/v)</p>,2026-01-14 21:00:00,丙烯,延化60万吨/年气体分馏装置
97.05,ST040098,<p>%(v/v)</p>,2026-01-14 21:00:00,丙烷,延化60万吨/年气体分馏装置
0.000,ST040098,"<p>%(v/v)</p>
",2026-01-14 21:00:00,乙烷+乙烯,延化60万吨/年气体分馏装置
0.01,ST040098,<p>%(v/v)</p>,2026-01-14 21:00:00,正丁烯,延化60万吨/年气体分馏装置
0.00,ST040098,<p>%(v/v)</p>,2026-01-15 08:00:00,碳五,延化60万吨/年气体分馏装置
0.00,ST040098,<p>%(v/v)</p>,2026-01-15 08:00:00,异丁烯,延化60万吨/年气体分馏装置
0.00,ST040098,<p>%(v/v)</p>,2026-01-15 08:00:00,顺丁烯,延化60万吨/年气体分馏装置
0.00,ST040098,<p>%(v/v)</p>,2026-01-15 08:00:00,反丁烯,延化60万吨/年气体分馏装置
0.00,ST040098,<p>%(v/v)</p>,2026-01-15 08:00:00,正丁烯,延化60万吨/年气体分馏装置
0.02,ST040098,<p>%(v/v)</p>,2026-01-15 08:00:00,异丁烷,延化60万吨/年气体分馏装置
1.20,ST040098,<p>%(v/v)</p>,2026-01-15 08:00:00,丙烯,延化60万吨/年气体分馏装置
98.78,ST040098,<p>%(v/v)</p>,2026-01-15 08:00:00,丙烷,延化60万吨/年气体分馏装置
0.000,ST040098,"<p>%(v/v)</p>
",2026-01-15 08:00:00,乙烷+乙烯,延化60万吨/年气体分馏装置
0.00,ST040098,<p>%(v/v)</p>,2026-01-15 08:00:00,正丁烷,延化60万吨/年气体分馏装置
0.06,ST040098,<p>%(v/v)</p>,2026-01-16 08:00:00,反丁烯,延化60万吨/年气体分馏装置
0.00,ST040098,<p>%(v/v)</p>,2026-01-16 08:00:00,碳五,延化60万吨/年气体分馏装置
0.04,ST040098,<p>%(v/v)</p>,2026-01-16 08:00:00,异丁烯,延化60万吨/年气体分馏装置
0.01,ST040098,<p>%(v/v)</p>,2026-01-16 08:00:00,顺丁烯,延化60万吨/年气体分馏装置
0.07,ST040098,<p>%(v/v)</p>,2026-01-16 08:00:00,正丁烯,延化60万吨/年气体分馏装置
0.10,ST040098,<p>%(v/v)</p>,2026-01-16 08:00:00,异丁烷,延化60万吨/年气体分馏装置
1.80,ST040098,<p>%(v/v)</p>,2026-01-16 08:00:00,丙烯,延化60万吨/年气体分馏装置
97.85,ST040098,<p>%(v/v)</p>,2026-01-16 08:00:00,丙烷,延化60万吨/年气体分馏装置
0.000,ST040098,"<p>%(v/v)</p>
",2026-01-16 08:00:00,乙烷+乙烯,延化60万吨/年气体分馏装置
0.07,ST040098,<p>%(v/v)</p>,2026-01-16 08:00:00,正丁烷,延化60万吨/年气体分馏装置
0.03,ST040098,<p>%(v/v)</p>,2026-01-17 08:00:00,反丁烯,延化60万吨/年气体分馏装置
0.42,ST040098,<p>%(v/v)</p>,2026-01-17 08:00:00,正丁烷,延化60万吨/年气体分馏装置
0.30,ST040098,<p>%(v/v)</p>,2026-01-17 08:00:00,异丁烷,延化60万吨/年气体分馏装置
0.27,ST040098,<p>%(v/v)</p>,2026-01-17 08:00:00,丙烯,延化60万吨/年气体分馏装置
0.02,ST040098,<p>%(v/v)</p>,2026-01-17 08:00:00,顺丁烯,延化60万吨/年气体分馏装置
0.000,ST040098,"<p>%(v/v)</p>
",2026-01-17 08:00:00,乙烷+乙烯,延化60万吨/年气体分馏装置
0.03,ST040098,<p>%(v/v)</p>,2026-01-17 08:00:00,正丁烯,延化60万吨/年气体分馏装置
0.00,ST040098,<p>%(v/v)</p>,2026-01-17 08:00:00,碳五,延化60万吨/年气体分馏装置
0.03,ST040098,<p>%(v/v)</p>,2026-01-17 08:00:00,异丁烯,延化60万吨/年气体分馏装置
98.90,ST040098,<p>%(v/v)</p>,2026-01-17 08:00:00,丙烷,延化60万吨/年气体分馏装置
0.00,ST040098,<p>%(v/v)</p>,2026-01-18 08:00:00,碳五,延化60万吨/年气体分馏装置
0.00,ST040098,<p>%(v/v)</p>,2026-01-18 08:00:00,异丁烯,延化60万吨/年气体分馏装置
0.00,ST040098,<p>%(v/v)</p>,2026-01-18 08:00:00,顺丁烯,延化60万吨/年气体分馏装置
0.00,ST040098,<p>%(v/v)</p>,2026-01-18 08:00:00,反丁烯,延化60万吨/年气体分馏装置
0.00,ST040098,<p>%(v/v)</p>,2026-01-18 08:00:00,正丁烯,延化60万吨/年气体分馏装置
0.01,ST040098,<p>%(v/v)</p>,2026-01-18 08:00:00,异丁烷,延化60万吨/年气体分馏装置
0.26,ST040098,<p>%(v/v)</p>,2026-01-18 08:00:00,丙烯,延化60万吨/年气体分馏装置
99.73,ST040098,<p>%(v/v)</p>,2026-01-18 08:00:00,丙烷,延化60万吨/年气体分馏装置
0.000,ST040098,"<p>%(v/v)</p>
",2026-01-18 08:00:00,乙烷+乙烯,延化60万吨/年气体分馏装置
0.00,ST040098,<p>%(v/v)</p>,2026-01-18 08:00:00,正丁烷,延化60万吨/年气体分馏装置
0.00,ST040098,<p>%(v/v)</p>,2026-01-19 08:00:00,碳五,延化60万吨/年气体分馏装置
0.00,ST040098,<p>%(v/v)</p>,2026-01-19 08:00:00,异丁烯,延化60万吨/年气体分馏装置
0.00,ST040098,<p>%(v/v)</p>,2026-01-19 08:00:00,顺丁烯,延化60万吨/年气体分馏装置
0.00,ST040098,<p>%(v/v)</p>,2026-01-19 08:00:00,反丁烯,延化60万吨/年气体分馏装置
0.00,ST040098,<p>%(v/v)</p>,2026-01-19 08:00:00,正丁烯,延化60万吨/年气体分馏装置
0.01,ST040098,<p>%(v/v)</p>,2026-01-19 08:00:00,异丁烷,延化60万吨/年气体分馏装置
1.58,ST040098,<p>%(v/v)</p>,2026-01-19 08:00:00,丙烯,延化60万吨/年气体分馏装置
98.40,ST040098,<p>%(v/v)</p>,2026-01-19 08:00:00,丙烷,延化60万吨/年气体分馏装置
0.000,ST040098,"<p>%(v/v)</p>
",2026-01-19 08:00:00,乙烷+乙烯,延化60万吨/年气体分馏装置
0.01,ST040098,<p>%(v/v)</p>,2026-01-19 08:00:00,正丁烷,延化60万吨/年气体分馏装置
0.01,ST040098,<p>%(v/v)</p>,2026-01-20 08:00:00,正丁烷,延化60万吨/年气体分馏装置
0.00,ST040098,<p>%(v/v)</p>,2026-01-20 08:00:00,异丁烯,延化60万吨/年气体分馏装置
0.00,ST040098,<p>%(v/v)</p>,2026-01-20 08:00:00,顺丁烯,延化60万吨/年气体分馏装置
0.01,ST040098,<p>%(v/v)</p>,2026-01-20 08:00:00,反丁烯,延化60万吨/年气体分馏装置
0.00,ST040098,<p>%(v/v)</p>,2026-01-20 08:00:00,正丁烯,延化60万吨/年气体分馏装置
2.81,ST040098,<p>%(v/v)</p>,2026-01-20 08:00:00,丙烯,延化60万吨/年气体分馏装置
97.16,ST040098,<p>%(v/v)</p>,2026-01-20 08:00:00,丙烷,延化60万吨/年气体分馏装置
0.000,ST040098,"<p>%(v/v)</p>
",2026-01-20 08:00:00,乙烷+乙烯,延化60万吨/年气体分馏装置
0.00,ST040098,<p>%(v/v)</p>,2026-01-20 08:00:00,碳五,延化60万吨/年气体分馏装置
0.01,ST040098,<p>%(v/v)</p>,2026-01-20 08:00:00,异丁烷,延化60万吨/年气体分馏装置
0.03,ST040098,<p>%(v/v)</p>,2026-01-21 08:00:00,正丁烷,延化60万吨/年气体分馏装置
0.00,ST040098,<p>%(v/v)</p>,2026-01-21 08:00:00,碳五,延化60万吨/年气体分馏装置
0.02,ST040098,<p>%(v/v)</p>,2026-01-21 08:00:00,异丁烯,延化60万吨/年气体分馏装置
0.02,ST040098,<p>%(v/v)</p>,2026-01-21 08:00:00,顺丁烯,延化60万吨/年气体分馏装置
0.02,ST040098,<p>%(v/v)</p>,2026-01-21 08:00:00,正丁烯,延化60万吨/年气体分馏装置
0.08,ST040098,<p>%(v/v)</p>,2026-01-21 08:00:00,异丁烷,延化60万吨/年气体分馏装置
2.01,ST040098,<p>%(v/v)</p>,2026-01-21 08:00:00,丙烯,延化60万吨/年气体分馏装置
97.80,ST040098,<p>%(v/v)</p>,2026-01-21 08:00:00,丙烷,延化60万吨/年气体分馏装置
0.000,ST040098,"<p>%(v/v)</p>
",2026-01-21 08:00:00,乙烷+乙烯,延化60万吨/年气体分馏装置
0.02,ST040098,<p>%(v/v)</p>,2026-01-21 08:00:00,反丁烯,延化60万吨/年气体分馏装置
0.00,ST040098,<p>%(v/v)</p>,2026-01-22 08:00:00,反丁烯,延化60万吨/年气体分馏装置
0.00,ST040098,<p>%(v/v)</p>,2026-01-22 08:00:00,碳五,延化60万吨/年气体分馏装置
0.00,ST040098,<p>%(v/v)</p>,2026-01-22 08:00:00,异丁烯,延化60万吨/年气体分馏装置
0.00,ST040098,<p>%(v/v)</p>,2026-01-22 08:00:00,顺丁烯,延化60万吨/年气体分馏装置
0.00,ST040098,<p>%(v/v)</p>,2026-01-22 08:00:00,正丁烯,延化60万吨/年气体分馏装置
0.02,ST040098,<p>%(v/v)</p>,2026-01-22 08:00:00,异丁烷,延化60万吨/年气体分馏装置
1.53,ST040098,<p>%(v/v)</p>,2026-01-22 08:00:00,丙烯,延化60万吨/年气体分馏装置
98.45,ST040098,<p>%(v/v)</p>,2026-01-22 08:00:00,丙烷,延化60万吨/年气体分馏装置
0.000,ST040098,"<p>%(v/v)</p>
",2026-01-22 08:00:00,乙烷+乙烯,延化60万吨/年气体分馏装置
0.00,ST040098,<p>%(v/v)</p>,2026-01-22 08:00:00,正丁烷,延化60万吨/年气体分馏装置
1.26,ST040098,<p>%(v/v)</p>,2026-01-23 08:00:00,丙烯,延化60万吨/年气体分馏装置
98.50,ST040098,<p>%(v/v)</p>,2026-01-23 08:00:00,丙烷,延化60万吨/年气体分馏装置
0.000,ST040098,"<p>%(v/v)</p>
",2026-01-23 08:00:00,乙烷+乙烯,延化60万吨/年气体分馏装置
0.02,ST040098,<p>%(v/v)</p>,2026-01-23 08:00:00,正丁烯,延化60万吨/年气体分馏装置
0.15,ST040098,<p>%(v/v)</p>,2026-01-23 08:00:00,异丁烷,延化60万吨/年气体分馏装置
0.00,ST040098,<p>%(v/v)</p>,2026-01-23 08:00:00,碳五,延化60万吨/年气体分馏装置
0.02,ST040098,<p>%(v/v)</p>,2026-01-23 08:00:00,异丁烯,延化60万吨/年气体分馏装置
0.01,ST040098,<p>%(v/v)</p>,2026-01-23 08:00:00,顺丁烯,延化60万吨/年气体分馏装置
0.02,ST040098,<p>%(v/v)</p>,2026-01-23 08:00:00,正丁烷,延化60万吨/年气体分馏装置
0.02,ST040098,<p>%(v/v)</p>,2026-01-23 08:00:00,反丁烯,延化60万吨/年气体分馏装置
0.00,ST040098,<p>%(v/v)</p>,2026-01-24 08:00:00,碳五,延化60万吨/年气体分馏装置
0.00,ST040098,<p>%(v/v)</p>,2026-01-24 08:00:00,异丁烯,延化60万吨/年气体分馏装置
0.00,ST040098,<p>%(v/v)</p>,2026-01-24 08:00:00,顺丁烯,延化60万吨/年气体分馏装置
0.00,ST040098,<p>%(v/v)</p>,2026-01-24 08:00:00,反丁烯,延化60万吨/年气体分馏装置
0.00,ST040098,<p>%(v/v)</p>,2026-01-24 08:00:00,正丁烯,延化60万吨/年气体分馏装置
0.02,ST040098,<p>%(v/v)</p>,2026-01-24 08:00:00,异丁烷,延化60万吨/年气体分馏装置
0.72,ST040098,<p>%(v/v)</p>,2026-01-24 08:00:00,丙烯,延化60万吨/年气体分馏装置
99.26,ST040098,<p>%(v/v)</p>,2026-01-24 08:00:00,丙烷,延化60万吨/年气体分馏装置
0.000,ST040098,"<p>%(v/v)</p>
",2026-01-24 08:00:00,乙烷+乙烯,延化60万吨/年气体分馏装置
0.00,ST040098,<p>%(v/v)</p>,2026-01-24 08:00:00,正丁烷,延化60万吨/年气体分馏装置
0.01,ST040098,<p>%(v/v)</p>,2026-01-25 08:00:00,正丁烷,延化60万吨/年气体分馏装置
0.00,ST040098,<p>%(v/v)</p>,2026-01-25 08:00:00,碳五,延化60万吨/年气体分馏装置
0.01,ST040098,<p>%(v/v)</p>,2026-01-25 08:00:00,异丁烯,延化60万吨/年气体分馏装置
0.01,ST040098,<p>%(v/v)</p>,2026-01-25 08:00:00,顺丁烯,延化60万吨/年气体分馏装置
0.01,ST040098,<p>%(v/v)</p>,2026-01-25 08:00:00,正丁烯,延化60万吨/年气体分馏装置
0.03,ST040098,<p>%(v/v)</p>,2026-01-25 08:00:00,异丁烷,延化60万吨/年气体分馏装置
2.26,ST040098,<p>%(v/v)</p>,2026-01-25 08:00:00,丙烯,延化60万吨/年气体分馏装置
97.66,ST040098,<p>%(v/v)</p>,2026-01-25 08:00:00,丙烷,延化60万吨/年气体分馏装置
0.000,ST040098,"<p>%(v/v)</p>
",2026-01-25 08:00:00,乙烷+乙烯,延化60万吨/年气体分馏装置
0.01,ST040098,<p>%(v/v)</p>,2026-01-25 08:00:00,反丁烯,延化60万吨/年气体分馏装置
0.00,ST040098,<p>%(v/v)</p>,2026-01-26 08:00:00,碳五,延化60万吨/年气体分馏装置
0.00,ST040098,<p>%(v/v)</p>,2026-01-26 08:00:00,异丁烯,延化60万吨/年气体分馏装置
0.00,ST040098,<p>%(v/v)</p>,2026-01-26 08:00:00,顺丁烯,延化60万吨/年气体分馏装置
0.00,ST040098,<p>%(v/v)</p>,2026-01-26 08:00:00,反丁烯,延化60万吨/年气体分馏装置
0.00,ST040098,<p>%(v/v)</p>,2026-01-26 08:00:00,正丁烯,延化60万吨/年气体分馏装置
0.01,ST040098,<p>%(v/v)</p>,2026-01-26 08:00:00,异丁烷,延化60万吨/年气体分馏装置
2.51,ST040098,<p>%(v/v)</p>,2026-01-26 08:00:00,丙烯,延化60万吨/年气体分馏装置
97.48,ST040098,<p>%(v/v)</p>,2026-01-26 08:00:00,丙烷,延化60万吨/年气体分馏装置
0.000,ST040098,"<p>%(v/v)</p>
",2026-01-26 08:00:00,乙烷+乙烯,延化60万吨/年气体分馏装置
0.00,ST040098,<p>%(v/v)</p>,2026-01-26 08:00:00,正丁烷,延化60万吨/年气体分馏装置
0.02,ST040098,<p>%(v/v)</p>,2026-01-27 08:00:00,反丁烯,延化60万吨/年气体分馏装置
0.00,ST040098,<p>%(v/v)</p>,2026-01-27 08:00:00,碳五,延化60万吨/年气体分馏装置
0.02,ST040098,<p>%(v/v)</p>,2026-01-27 08:00:00,异丁烯,延化60万吨/年气体分馏装置
0.01,ST040098,<p>%(v/v)</p>,2026-01-27 08:00:00,顺丁烯,延化60万吨/年气体分馏装置
0.000,ST040098,"<p>%(v/v)</p>
",2026-01-27 08:00:00,乙烷+乙烯,延化60万吨/年气体分馏装置
0.04,ST040098,<p>%(v/v)</p>,2026-01-27 08:00:00,异丁烷,延化60万吨/年气体分馏装置
0.02,ST040098,<p>%(v/v)</p>,2026-01-27 08:00:00,正丁烯,延化60万吨/年气体分馏装置
2.55,ST040098,<p>%(v/v)</p>,2026-01-27 08:00:00,丙烯,延化60万吨/年气体分馏装置
97.31,ST040098,<p>%(v/v)</p>,2026-01-27 08:00:00,丙烷,延化60万吨/年气体分馏装置
0.03,ST040098,<p>%(v/v)</p>,2026-01-27 08:00:00,正丁烷,延化60万吨/年气体分馏装置
0.01,ST040098,<p>%(v/v)</p>,2026-01-28 08:00:00,反丁烯,延化60万吨/年气体分馏装置
0.00,ST040098,<p>%(v/v)</p>,2026-01-28 08:00:00,碳五,延化60万吨/年气体分馏装置
0.00,ST040098,<p>%(v/v)</p>,2026-01-28 08:00:00,异丁烯,延化60万吨/年气体分馏装置
0.00,ST040098,<p>%(v/v)</p>,2026-01-28 08:00:00,顺丁烯,延化60万吨/年气体分馏装置
0.00,ST040098,<p>%(v/v)</p>,2026-01-28 08:00:00,正丁烯,延化60万吨/年气体分馏装置
0.01,ST040098,<p>%(v/v)</p>,2026-01-28 08:00:00,异丁烷,延化60万吨/年气体分馏装置
2.37,ST040098,<p>%(v/v)</p>,2026-01-28 08:00:00,丙烯,延化60万吨/年气体分馏装置
97.61,ST040098,<p>%(v/v)</p>,2026-01-28 08:00:00,丙烷,延化60万吨/年气体分馏装置
0.000,ST040098,"<p>%(v/v)</p>
",2026-01-28 08:00:00,乙烷+乙烯,延化60万吨/年气体分馏装置
0.00,ST040098,<p>%(v/v)</p>,2026-01-28 08:00:00,正丁烷,延化60万吨/年气体分馏装置
0.05,ST040098,<p>%(v/v)</p>,2026-01-29 08:00:00,反丁烯,延化60万吨/年气体分馏装置
0.01,ST040098,<p>%(v/v)</p>,2026-01-29 08:00:00,碳五,延化60万吨/年气体分馏装置
0.13,ST040098,<p>%(v/v)</p>,2026-01-29 08:00:00,异丁烯,延化60万吨/年气体分馏装置
0.06,ST040098,<p>%(v/v)</p>,2026-01-29 08:00:00,顺丁烯,延化60万吨/年气体分馏装置
0.09,ST040098,<p>%(v/v)</p>,2026-01-29 08:00:00,正丁烯,延化60万吨/年气体分馏装置
1.03,ST040098,<p>%(v/v)</p>,2026-01-29 08:00:00,异丁烷,延化60万吨/年气体分馏装置
1.16,ST040098,<p>%(v/v)</p>,2026-01-29 08:00:00,丙烯,延化60万吨/年气体分馏装置
97.29,ST040098,<p>%(v/v)</p>,2026-01-29 08:00:00,丙烷,延化60万吨/年气体分馏装置
0.000,ST040098,"<p>%(v/v)</p>
",2026-01-29 08:00:00,乙烷+乙烯,延化60万吨/年气体分馏装置
0.18,ST040098,<p>%(v/v)</p>,2026-01-29 08:00:00,正丁烷,延化60万吨/年气体分馏装置
0.00,ST040098,<p>%(v/v)</p>,2026-01-30 08:00:00,反丁烯,延化60万吨/年气体分馏装置
0.00,ST040098,<p>%(v/v)</p>,2026-01-30 08:00:00,碳五,延化60万吨/年气体分馏装置
0.00,ST040098,<p>%(v/v)</p>,2026-01-30 08:00:00,异丁烯,延化60万吨/年气体分馏装置
0.00,ST040098,<p>%(v/v)</p>,2026-01-30 08:00:00,顺丁烯,延化60万吨/年气体分馏装置
0.000,ST040098,"<p>%(v/v)</p>
",2026-01-30 08:00:00,乙烷+乙烯,延化60万吨/年气体分馏装置
0.00,ST040098,<p>%(v/v)</p>,2026-01-30 08:00:00,异丁烷,延化60万吨/年气体分馏装置
0.00,ST040098,<p>%(v/v)</p>,2026-01-30 08:00:00,正丁烯,延化60万吨/年气体分馏装置
0.58,ST040098,<p>%(v/v)</p>,2026-01-30 08:00:00,丙烯,延化60万吨/年气体分馏装置
99.42,ST040098,<p>%(v/v)</p>,2026-01-30 08:00:00,丙烷,延化60万吨/年气体分馏装置
0.00,ST040098,<p>%(v/v)</p>,2026-01-30 08:00:00,正丁烷,延化60万吨/年气体分馏装置
0.00,ST040098,<p>%(v/v)</p>,2026-01-31 08:00:00,反丁烯,延化60万吨/年气体分馏装置
0.00,ST040098,<p>%(v/v)</p>,2026-01-31 08:00:00,碳五,延化60万吨/年气体分馏装置
0.00,ST040098,<p>%(v/v)</p>,2026-01-31 08:00:00,异丁烯,延化60万吨/年气体分馏装置
0.00,ST040098,<p>%(v/v)</p>,2026-01-31 08:00:00,顺丁烯,延化60万吨/年气体分馏装置
0.00,ST040098,<p>%(v/v)</p>,2026-01-31 08:00:00,正丁烯,延化60万吨/年气体分馏装置
0.01,ST040098,<p>%(v/v)</p>,2026-01-31 08:00:00,异丁烷,延化60万吨/年气体分馏装置
0.87,ST040098,<p>%(v/v)</p>,2026-01-31 08:00:00,丙烯,延化60万吨/年气体分馏装置
99.11,ST040098,<p>%(v/v)</p>,2026-01-31 08:00:00,丙烷,延化60万吨/年气体分馏装置
0.000,ST040098,"<p>%(v/v)</p>
",2026-01-31 08:00:00,乙烷+乙烯,延化60万吨/年气体分馏装置
0.01,ST040098,<p>%(v/v)</p>,2026-01-31 08:00:00,正丁烷,延化60万吨/年气体分馏装置
0.00,ST040098,<p>%(v/v)</p>,2026-02-01 08:00:00,反丁烯,延化60万吨/年气体分馏装置
0.00,ST040098,<p>%(v/v)</p>,2026-02-01 08:00:00,碳五,延化60万吨/年气体分馏装置
0.00,ST040098,<p>%(v/v)</p>,2026-02-01 08:00:00,异丁烯,延化60万吨/年气体分馏装置
0.00,ST040098,<p>%(v/v)</p>,2026-02-01 08:00:00,顺丁烯,延化60万吨/年气体分馏装置
0.00,ST040098,<p>%(v/v)</p>,2026-02-01 08:00:00,正丁烯,延化60万吨/年气体分馏装置
0.01,ST040098,<p>%(v/v)</p>,2026-02-01 08:00:00,异丁烷,延化60万吨/年气体分馏装置
2.07,ST040098,<p>%(v/v)</p>,2026-02-01 08:00:00,丙烯,延化60万吨/年气体分馏装置
97.92,ST040098,<p>%(v/v)</p>,2026-02-01 08:00:00,丙烷,延化60万吨/年气体分馏装置
0.000,ST040098,"<p>%(v/v)</p>
",2026-02-01 08:00:00,乙烷+乙烯,延化60万吨/年气体分馏装置
0.00,ST040098,<p>%(v/v)</p>,2026-02-01 08:00:00,正丁烷,延化60万吨/年气体分馏装置
0.00,ST040098,<p>%(v/v)</p>,2026-02-02 08:00:00,碳五,延化60万吨/年气体分馏装置
0.01,ST040098,<p>%(v/v)</p>,2026-02-02 08:00:00,异丁烯,延化60万吨/年气体分馏装置
0.01,ST040098,<p>%(v/v)</p>,2026-02-02 08:00:00,正丁烯,延化60万吨/年气体分馏装置
0.000,ST040098,"<p>%(v/v)</p>
",2026-02-02 08:00:00,乙烷+乙烯,延化60万吨/年气体分馏装置
92.99,ST040098,<p>%(v/v)</p>,2026-02-02 08:00:00,丙烷,延化60万吨/年气体分馏装置
6.94,ST040098,<p>%(v/v)</p>,2026-02-02 08:00:00,丙烯,延化60万吨/年气体分馏装置
0.02,ST040098,<p>%(v/v)</p>,2026-02-02 08:00:00,异丁烷,延化60万吨/年气体分馏装置
0.01,ST040098,<p>%(v/v)</p>,2026-02-02 08:00:00,正丁烷,延化60万吨/年气体分馏装置
0.01,ST040098,<p>%(v/v)</p>,2026-02-02 08:00:00,反丁烯,延化60万吨/年气体分馏装置
0.01,ST040098,<p>%(v/v)</p>,2026-02-02 08:00:00,顺丁烯,延化60万吨/年气体分馏装置
0.00,ST040098,<p>%(v/v)</p>,2026-02-02 12:01:00,反丁烯,延化60万吨/年气体分馏装置
98.82,ST040098,<p>%(v/v)</p>,2026-02-02 12:01:00,丙烷,延化60万吨/年气体分馏装置
1.18,ST040098,<p>%(v/v)</p>,2026-02-02 12:01:00,丙烯,延化60万吨/年气体分馏装置
0.00,ST040098,<p>%(v/v)</p>,2026-02-02 12:01:00,正丁烯,延化60万吨/年气体分馏装置
0.000,ST040098,"<p>%(v/v)</p>
",2026-02-02 12:01:00,乙烷+乙烯,延化60万吨/年气体分馏装置
0.00,ST040098,<p>%(v/v)</p>,2026-02-02 12:01:00,正丁烷,延化60万吨/年气体分馏装置
0.00,ST040098,<p>%(v/v)</p>,2026-02-02 12:01:00,顺丁烯,延化60万吨/年气体分馏装置
0.00,ST040098,<p>%(v/v)</p>,2026-02-02 12:01:00,异丁烯,延化60万吨/年气体分馏装置
0.00,ST040098,<p>%(v/v)</p>,2026-02-02 12:01:00,碳五,延化60万吨/年气体分馏装置
0.00,ST040098,<p>%(v/v)</p>,2026-02-02 12:01:00,异丁烷,延化60万吨/年气体分馏装置
0.00,ST040098,<p>%(v/v)</p>,2026-02-03 08:00:00,碳五,延化60万吨/年气体分馏装置
0.00,ST040098,<p>%(v/v)</p>,2026-02-03 08:00:00,异丁烯,延化60万吨/年气体分馏装置
0.00,ST040098,<p>%(v/v)</p>,2026-02-03 08:00:00,顺丁烯,延化60万吨/年气体分馏装置
0.00,ST040098,<p>%(v/v)</p>,2026-02-03 08:00:00,反丁烯,延化60万吨/年气体分馏装置
0.00,ST040098,<p>%(v/v)</p>,2026-02-03 08:00:00,正丁烯,延化60万吨/年气体分馏装置
0.01,ST040098,<p>%(v/v)</p>,2026-02-03 08:00:00,异丁烷,延化60万吨/年气体分馏装置
0.52,ST040098,<p>%(v/v)</p>,2026-02-03 08:00:00,丙烯,延化60万吨/年气体分馏装置
99.47,ST040098,<p>%(v/v)</p>,2026-02-03 08:00:00,丙烷,延化60万吨/年气体分馏装置
0.000,ST040098,"<p>%(v/v)</p>
",2026-02-03 08:00:00,乙烷+乙烯,延化60万吨/年气体分馏装置
0.00,ST040098,<p>%(v/v)</p>,2026-02-03 08:00:00,正丁烷,延化60万吨/年气体分馏装置
0.01,ST040098,<p>%(v/v)</p>,2026-02-04 08:00:00,反丁烯,延化60万吨/年气体分馏装置
0.00,ST040098,<p>%(v/v)</p>,2026-02-04 08:00:00,碳五,延化60万吨/年气体分馏装置
0.00,ST040098,<p>%(v/v)</p>,2026-02-04 08:00:00,异丁烯,延化60万吨/年气体分馏装置
0.00,ST040098,<p>%(v/v)</p>,2026-02-04 08:00:00,顺丁烯,延化60万吨/年气体分馏装置
0.00,ST040098,<p>%(v/v)</p>,2026-02-04 08:00:00,正丁烯,延化60万吨/年气体分馏装置
0.01,ST040098,<p>%(v/v)</p>,2026-02-04 08:00:00,异丁烷,延化60万吨/年气体分馏装置
1.97,ST040098,<p>%(v/v)</p>,2026-02-04 08:00:00,丙烯,延化60万吨/年气体分馏装置
98.00,ST040098,<p>%(v/v)</p>,2026-02-04 08:00:00,丙烷,延化60万吨/年气体分馏装置
0.000,ST040098,"<p>%(v/v)</p>
",2026-02-04 08:00:00,乙烷+乙烯,延化60万吨/年气体分馏装置
0.01,ST040098,<p>%(v/v)</p>,2026-02-04 08:00:00,正丁烷,延化60万吨/年气体分馏装置
0.00,ST040098,<p>%(v/v)</p>,2026-02-05 08:00:00,反丁烯,延化60万吨/年气体分馏装置
0.00,ST040098,<p>%(v/v)</p>,2026-02-05 08:00:00,碳五,延化60万吨/年气体分馏装置
0.00,ST040098,<p>%(v/v)</p>,2026-02-05 08:00:00,异丁烯,延化60万吨/年气体分馏装置
0.00,ST040098,<p>%(v/v)</p>,2026-02-05 08:00:00,顺丁烯,延化60万吨/年气体分馏装置
0.00,ST040098,<p>%(v/v)</p>,2026-02-05 08:00:00,正丁烯,延化60万吨/年气体分馏装置
0.00,ST040098,<p>%(v/v)</p>,2026-02-05 08:00:00,异丁烷,延化60万吨/年气体分馏装置
1.83,ST040098,<p>%(v/v)</p>,2026-02-05 08:00:00,丙烯,延化60万吨/年气体分馏装置
98.17,ST040098,<p>%(v/v)</p>,2026-02-05 08:00:00,丙烷,延化60万吨/年气体分馏装置
0.000,ST040098,"<p>%(v/v)</p>
",2026-02-05 08:00:00,乙烷+乙烯,延化60万吨/年气体分馏装置
0.00,ST040098,<p>%(v/v)</p>,2026-02-05 08:00:00,正丁烷,延化60万吨/年气体分馏装置
0.00,ST040098,<p>%(v/v)</p>,2026-02-06 08:00:00,碳五,延化60万吨/年气体分馏装置
0.00,ST040098,<p>%(v/v)</p>,2026-02-06 08:00:00,异丁烯,延化60万吨/年气体分馏装置
0.00,ST040098,<p>%(v/v)</p>,2026-02-06 08:00:00,顺丁烯,延化60万吨/年气体分馏装置
0.00,ST040098,<p>%(v/v)</p>,2026-02-06 08:00:00,反丁烯,延化60万吨/年气体分馏装置
0.00,ST040098,<p>%(v/v)</p>,2026-02-06 08:00:00,正丁烯,延化60万吨/年气体分馏装置
0.00,ST040098,<p>%(v/v)</p>,2026-02-06 08:00:00,异丁烷,延化60万吨/年气体分馏装置
1.73,ST040098,<p>%(v/v)</p>,2026-02-06 08:00:00,丙烯,延化60万吨/年气体分馏装置
98.27,ST040098,<p>%(v/v)</p>,2026-02-06 08:00:00,丙烷,延化60万吨/年气体分馏装置
0.000,ST040098,"<p>%(v/v)</p>
",2026-02-06 08:00:00,乙烷+乙烯,延化60万吨/年气体分馏装置
0.00,ST040098,<p>%(v/v)</p>,2026-02-06 08:00:00,正丁烷,延化60万吨/年气体分馏装置
0.00,ST040098,<p>%(v/v)</p>,2026-02-07 08:00:00,碳五,延化60万吨/年气体分馏装置
0.00,ST040098,<p>%(v/v)</p>,2026-02-07 08:00:00,异丁烯,延化60万吨/年气体分馏装置
0.00,ST040098,<p>%(v/v)</p>,2026-02-07 08:00:00,顺丁烯,延化60万吨/年气体分馏装置
0.00,ST040098,<p>%(v/v)</p>,2026-02-07 08:00:00,反丁烯,延化60万吨/年气体分馏装置
0.00,ST040098,<p>%(v/v)</p>,2026-02-07 08:00:00,正丁烯,延化60万吨/年气体分馏装置
0.00,ST040098,<p>%(v/v)</p>,2026-02-07 08:00:00,异丁烷,延化60万吨/年气体分馏装置
1.08,ST040098,<p>%(v/v)</p>,2026-02-07 08:00:00,丙烯,延化60万吨/年气体分馏装置
98.92,ST040098,<p>%(v/v)</p>,2026-02-07 08:00:00,丙烷,延化60万吨/年气体分馏装置
0.000,ST040098,"<p>%(v/v)</p>
",2026-02-07 08:00:00,乙烷+乙烯,延化60万吨/年气体分馏装置
0.00,ST040098,<p>%(v/v)</p>,2026-02-07 08:00:00,正丁烷,延化60万吨/年气体分馏装置
0.01,ST040098,<p>%(v/v)</p>,2026-02-08 08:00:00,反丁烯,延化60万吨/年气体分馏装置
0.01,ST040098,<p>%(v/v)</p>,2026-02-08 08:00:00,正丁烷,延化60万吨/年气体分馏装置
0.02,ST040098,<p>%(v/v)</p>,2026-02-08 08:00:00,异丁烷,延化60万吨/年气体分馏装置
1.53,ST040098,<p>%(v/v)</p>,2026-02-08 08:00:00,丙烯,延化60万吨/年气体分馏装置
0.00,ST040098,<p>%(v/v)</p>,2026-02-08 08:00:00,顺丁烯,延化60万吨/年气体分馏装置
0.000,ST040098,"<p>%(v/v)</p>
",2026-02-08 08:00:00,乙烷+乙烯,延化60万吨/年气体分馏装置
0.00,ST040098,<p>%(v/v)</p>,2026-02-08 08:00:00,正丁烯,延化60万吨/年气体分馏装置
0.00,ST040098,<p>%(v/v)</p>,2026-02-08 08:00:00,碳五,延化60万吨/年气体分馏装置
0.01,ST040098,<p>%(v/v)</p>,2026-02-08 08:00:00,异丁烯,延化60万吨/年气体分馏装置
98.42,ST040098,<p>%(v/v)</p>,2026-02-08 08:00:00,丙烷,延化60万吨/年气体分馏装置
0.00,ST040098,<p>%(v/v)</p>,2026-02-09 08:00:00,顺丁烯,延化60万吨/年气体分馏装置
0.00,ST040098,<p>%(v/v)</p>,2026-02-09 08:00:00,碳五,延化60万吨/年气体分馏装置
0.00,ST040098,<p>%(v/v)</p>,2026-02-09 08:00:00,异丁烯,延化60万吨/年气体分馏装置
0.00,ST040098,<p>%(v/v)</p>,2026-02-09 08:00:00,反丁烯,延化60万吨/年气体分馏装置
0.00,ST040098,<p>%(v/v)</p>,2026-02-09 08:00:00,正丁烯,延化60万吨/年气体分馏装置
0.00,ST040098,<p>%(v/v)</p>,2026-02-09 08:00:00,正丁烷,延化60万吨/年气体分馏装置
0.01,ST040098,<p>%(v/v)</p>,2026-02-09 08:00:00,异丁烷,延化60万吨/年气体分馏装置
0.67,ST040098,<p>%(v/v)</p>,2026-02-09 08:00:00,丙烯,延化60万吨/年气体分馏装置
0.000,ST040098,"<p>%(v/v)</p>
",2026-02-09 08:00:00,乙烷+乙烯,延化60万吨/年气体分馏装置
99.32,ST040098,<p>%(v/v)</p>,2026-02-09 08:00:00,丙烷,延化60万吨/年气体分馏装置
0.00,ST040098,<p>%(v/v)</p>,2026-02-10 08:00:00,反丁烯,延化60万吨/年气体分馏装置
0.00,ST040098,<p>%(v/v)</p>,2026-02-10 08:00:00,碳五,延化60万吨/年气体分馏装置
0.00,ST040098,<p>%(v/v)</p>,2026-02-10 08:00:00,异丁烯,延化60万吨/年气体分馏装置
0.00,ST040098,<p>%(v/v)</p>,2026-02-10 08:00:00,顺丁烯,延化60万吨/年气体分馏装置
0.00,ST040098,<p>%(v/v)</p>,2026-02-10 08:00:00,正丁烯,延化60万吨/年气体分馏装置
0.05,ST040098,<p>%(v/v)</p>,2026-02-10 08:00:00,异丁烷,延化60万吨/年气体分馏装置
0.68,ST040098,<p>%(v/v)</p>,2026-02-10 08:00:00,丙烯,延化60万吨/年气体分馏装置
99.22,ST040098,<p>%(v/v)</p>,2026-02-10 08:00:00,丙烷,延化60万吨/年气体分馏装置
0.000,ST040098,"<p>%(v/v)</p>
",2026-02-10 08:00:00,乙烷+乙烯,延化60万吨/年气体分馏装置
0.05,ST040098,<p>%(v/v)</p>,2026-02-10 08:00:00,正丁烷,延化60万吨/年气体分馏装置
0.00,ST040098,<p>%(v/v)</p>,2026-02-11 08:00:00,正丁烷,延化60万吨/年气体分馏装置
0.00,ST040098,<p>%(v/v)</p>,2026-02-11 08:00:00,异丁烷,延化60万吨/年气体分馏装置
0.98,ST040098,<p>%(v/v)</p>,2026-02-11 08:00:00,丙烯,延化60万吨/年气体分馏装置
99.02,ST040098,<p>%(v/v)</p>,2026-02-11 08:00:00,丙烷,延化60万吨/年气体分馏装置
0.00,ST040098,<p>%(v/v)</p>,2026-02-11 08:00:00,正丁烯,延化60万吨/年气体分馏装置
0.00,ST040098,<p>%(v/v)</p>,2026-02-11 08:00:00,碳五,延化60万吨/年气体分馏装置
0.00,ST040098,<p>%(v/v)</p>,2026-02-11 08:00:00,异丁烯,延化60万吨/年气体分馏装置
0.00,ST040098,<p>%(v/v)</p>,2026-02-11 08:00:00,顺丁烯,延化60万吨/年气体分馏装置
0.000,ST040098,"<p>%(v/v)</p>
",2026-02-11 08:00:00,乙烷+乙烯,延化60万吨/年气体分馏装置
0.00,ST040098,<p>%(v/v)</p>,2026-02-11 08:00:00,反丁烯,延化60万吨/年气体分馏装置
0.02,ST040098,<p>%(v/v)</p>,2026-02-12 08:00:00,异丁烷,延化60万吨/年气体分馏装置
0.00,ST040098,<p>%(v/v)</p>,2026-02-12 08:00:00,顺丁烯,延化60万吨/年气体分馏装置
0.01,ST040098,<p>%(v/v)</p>,2026-02-12 08:00:00,反丁烯,延化60万吨/年气体分馏装置
0.01,ST040098,<p>%(v/v)</p>,2026-02-12 08:00:00,正丁烷,延化60万吨/年气体分馏装置
0.00,ST040098,<p>%(v/v)</p>,2026-02-12 08:00:00,异丁烯,延化60万吨/年气体分馏装置
99.22,ST040098,<p>%(v/v)</p>,2026-02-12 08:00:00,丙烷,延化60万吨/年气体分馏装置
0.000,ST040098,"<p>%(v/v)</p>
",2026-02-12 08:00:00,乙烷+乙烯,延化60万吨/年气体分馏装置
0.00,ST040098,<p>%(v/v)</p>,2026-02-12 08:00:00,正丁烯,延化60万吨/年气体分馏装置
0.00,ST040098,<p>%(v/v)</p>,2026-02-12 08:00:00,碳五,延化60万吨/年气体分馏装置
0.74,ST040098,<p>%(v/v)</p>,2026-02-12 08:00:00,丙烯,延化60万吨/年气体分馏装置
0.00,ST040098,<p>%(v/v)</p>,2026-02-13 08:00:00,反丁烯,延化60万吨/年气体分馏装置
0.00,ST040098,<p>%(v/v)</p>,2026-02-13 08:00:00,碳五,延化60万吨/年气体分馏装置
0.00,ST040098,<p>%(v/v)</p>,2026-02-13 08:00:00,异丁烯,延化60万吨/年气体分馏装置
0.00,ST040098,<p>%(v/v)</p>,2026-02-13 08:00:00,顺丁烯,延化60万吨/年气体分馏装置
0.00,ST040098,<p>%(v/v)</p>,2026-02-13 08:00:00,正丁烯,延化60万吨/年气体分馏装置
0.00,ST040098,<p>%(v/v)</p>,2026-02-13 08:00:00,异丁烷,延化60万吨/年气体分馏装置
0.72,ST040098,<p>%(v/v)</p>,2026-02-13 08:00:00,丙烯,延化60万吨/年气体分馏装置
99.28,ST040098,<p>%(v/v)</p>,2026-02-13 08:00:00,丙烷,延化60万吨/年气体分馏装置
0.000,ST040098,"<p>%(v/v)</p>
",2026-02-13 08:00:00,乙烷+乙烯,延化60万吨/年气体分馏装置
0.00,ST040098,<p>%(v/v)</p>,2026-02-13 08:00:00,正丁烷,延化60万吨/年气体分馏装置
0.01,ST040098,<p>%(v/v)</p>,2026-02-14 08:00:00,反丁烯,延化60万吨/年气体分馏装置
0.00,ST040098,<p>%(v/v)</p>,2026-02-14 08:00:00,碳五,延化60万吨/年气体分馏装置
0.01,ST040098,<p>%(v/v)</p>,2026-02-14 08:00:00,异丁烯,延化60万吨/年气体分馏装置
0.00,ST040098,<p>%(v/v)</p>,2026-02-14 08:00:00,顺丁烯,延化60万吨/年气体分馏装置
0.00,ST040098,<p>%(v/v)</p>,2026-02-14 08:00:00,正丁烯,延化60万吨/年气体分馏装置
0.02,ST040098,<p>%(v/v)</p>,2026-02-14 08:00:00,异丁烷,延化60万吨/年气体分馏装置
0.23,ST040098,<p>%(v/v)</p>,2026-02-14 08:00:00,丙烯,延化60万吨/年气体分馏装置
99.72,ST040098,<p>%(v/v)</p>,2026-02-14 08:00:00,丙烷,延化60万吨/年气体分馏装置
0.000,ST040098,"<p>%(v/v)</p>
",2026-02-14 08:00:00,乙烷+乙烯,延化60万吨/年气体分馏装置
0.01,ST040098,<p>%(v/v)</p>,2026-02-14 08:00:00,正丁烷,延化60万吨/年气体分馏装置
0.00,ST040098,<p>%(v/v)</p>,2026-02-15 08:00:00,反丁烯,延化60万吨/年气体分馏装置
0.00,ST040098,<p>%(v/v)</p>,2026-02-15 08:00:00,碳五,延化60万吨/年气体分馏装置
0.00,ST040098,<p>%(v/v)</p>,2026-02-15 08:00:00,异丁烯,延化60万吨/年气体分馏装置
0.00,ST040098,<p>%(v/v)</p>,2026-02-15 08:00:00,顺丁烯,延化60万吨/年气体分馏装置
0.00,ST040098,<p>%(v/v)</p>,2026-02-15 08:00:00,正丁烯,延化60万吨/年气体分馏装置
0.00,ST040098,<p>%(v/v)</p>,2026-02-15 08:00:00,异丁烷,延化60万吨/年气体分馏装置
0.17,ST040098,<p>%(v/v)</p>,2026-02-15 08:00:00,丙烯,延化60万吨/年气体分馏装置
99.83,ST040098,<p>%(v/v)</p>,2026-02-15 08:00:00,丙烷,延化60万吨/年气体分馏装置
0.000,ST040098,"<p>%(v/v)</p>
",2026-02-15 08:00:00,乙烷+乙烯,延化60万吨/年气体分馏装置
0.00,ST040098,<p>%(v/v)</p>,2026-02-15 08:00:00,正丁烷,延化60万吨/年气体分馏装置
0.00,ST040098,<p>%(v/v)</p>,2026-02-16 08:00:00,反丁烯,延化60万吨/年气体分馏装置
0.00,ST040098,<p>%(v/v)</p>,2026-02-16 08:00:00,碳五,延化60万吨/年气体分馏装置
0.00,ST040098,<p>%(v/v)</p>,2026-02-16 08:00:00,异丁烯,延化60万吨/年气体分馏装置
0.00,ST040098,<p>%(v/v)</p>,2026-02-16 08:00:00,顺丁烯,延化60万吨/年气体分馏装置
0.00,ST040098,<p>%(v/v)</p>,2026-02-16 08:00:00,正丁烯,延化60万吨/年气体分馏装置
0.00,ST040098,<p>%(v/v)</p>,2026-02-16 08:00:00,异丁烷,延化60万吨/年气体分馏装置
1.46,ST040098,<p>%(v/v)</p>,2026-02-16 08:00:00,丙烯,延化60万吨/年气体分馏装置
98.54,ST040098,<p>%(v/v)</p>,2026-02-16 08:00:00,丙烷,延化60万吨/年气体分馏装置
0.000,ST040098,"<p>%(v/v)</p>
",2026-02-16 08:00:00,乙烷+乙烯,延化60万吨/年气体分馏装置
0.00,ST040098,<p>%(v/v)</p>,2026-02-16 08:00:00,正丁烷,延化60万吨/年气体分馏装置
0.000,ST040098,"<p>%(v/v)</p>
",2026-02-17 08:00:00,乙烷+乙烯,延化60万吨/年气体分馏装置
0.00,ST040098,<p>%(v/v)</p>,2026-02-17 08:00:00,正丁烯,延化60万吨/年气体分馏装置
0.00,ST040098,<p>%(v/v)</p>,2026-02-17 08:00:00,碳五,延化60万吨/年气体分馏装置
0.00,ST040098,<p>%(v/v)</p>,2026-02-17 08:00:00,异丁烯,延化60万吨/年气体分馏装置
98.95,ST040098,<p>%(v/v)</p>,2026-02-17 08:00:00,丙烷,延化60万吨/年气体分馏装置
0.00,ST040098,<p>%(v/v)</p>,2026-02-17 08:00:00,反丁烯,延化60万吨/年气体分馏装置
0.00,ST040098,<p>%(v/v)</p>,2026-02-17 08:00:00,正丁烷,延化60万吨/年气体分馏装置
0.00,ST040098,<p>%(v/v)</p>,2026-02-17 08:00:00,异丁烷,延化60万吨/年气体分馏装置
1.05,ST040098,<p>%(v/v)</p>,2026-02-17 08:00:00,丙烯,延化60万吨/年气体分馏装置
0.00,ST040098,<p>%(v/v)</p>,2026-02-17 08:00:00,顺丁烯,延化60万吨/年气体分馏装置
0.00,ST040098,<p>%(v/v)</p>,2026-02-18 08:00:00,反丁烯,延化60万吨/年气体分馏装置
0.00,ST040098,<p>%(v/v)</p>,2026-02-18 08:00:00,碳五,延化60万吨/年气体分馏装置
0.00,ST040098,<p>%(v/v)</p>,2026-02-18 08:00:00,异丁烯,延化60万吨/年气体分馏装置
0.00,ST040098,<p>%(v/v)</p>,2026-02-18 08:00:00,顺丁烯,延化60万吨/年气体分馏装置
0.000,ST040098,"<p>%(v/v)</p>
",2026-02-18 08:00:00,乙烷+乙烯,延化60万吨/年气体分馏装置
0.01,ST040098,<p>%(v/v)</p>,2026-02-18 08:00:00,正丁烯,延化60万吨/年气体分馏装置
0.03,ST040098,<p>%(v/v)</p>,2026-02-18 08:00:00,异丁烷,延化60万吨/年气体分馏装置
0.30,ST040098,<p>%(v/v)</p>,2026-02-18 08:00:00,丙烯,延化60万吨/年气体分馏装置
99.65,ST040098,<p>%(v/v)</p>,2026-02-18 08:00:00,丙烷,延化60万吨/年气体分馏装置
0.01,ST040098,<p>%(v/v)</p>,2026-02-18 08:00:00,正丁烷,延化60万吨/年气体分馏装置
0.00,ST040098,<p>%(v/v)</p>,2026-02-19 08:00:00,碳五,延化60万吨/年气体分馏装置
0.00,ST040098,<p>%(v/v)</p>,2026-02-19 08:00:00,异丁烯,延化60万吨/年气体分馏装置
0.00,ST040098,<p>%(v/v)</p>,2026-02-19 08:00:00,顺丁烯,延化60万吨/年气体分馏装置
0.00,ST040098,<p>%(v/v)</p>,2026-02-19 08:00:00,反丁烯,延化60万吨/年气体分馏装置
0.00,ST040098,<p>%(v/v)</p>,2026-02-19 08:00:00,正丁烯,延化60万吨/年气体分馏装置
0.00,ST040098,<p>%(v/v)</p>,2026-02-19 08:00:00,异丁烷,延化60万吨/年气体分馏装置
0.51,ST040098,<p>%(v/v)</p>,2026-02-19 08:00:00,丙烯,延化60万吨/年气体分馏装置
99.49,ST040098,<p>%(v/v)</p>,2026-02-19 08:00:00,丙烷,延化60万吨/年气体分馏装置
0.000,ST040098,"<p>%(v/v)</p>
",2026-02-19 08:00:00,乙烷+乙烯,延化60万吨/年气体分馏装置
0.00,ST040098,<p>%(v/v)</p>,2026-02-19 08:00:00,正丁烷,延化60万吨/年气体分馏装置
0.01,ST040098,<p>%(v/v)</p>,2026-02-20 08:00:00,反丁烯,延化60万吨/年气体分馏装置
0.00,ST040098,<p>%(v/v)</p>,2026-02-20 08:00:00,碳五,延化60万吨/年气体分馏装置
0.01,ST040098,<p>%(v/v)</p>,2026-02-20 08:00:00,异丁烯,延化60万吨/年气体分馏装置
0.01,ST040098,<p>%(v/v)</p>,2026-02-20 08:00:00,顺丁烯,延化60万吨/年气体分馏装置
0.01,ST040098,<p>%(v/v)</p>,2026-02-20 08:00:00,正丁烯,延化60万吨/年气体分馏装置
0.03,ST040098,<p>%(v/v)</p>,2026-02-20 08:00:00,异丁烷,延化60万吨/年气体分馏装置
1.32,ST040098,<p>%(v/v)</p>,2026-02-20 08:00:00,丙烯,延化60万吨/年气体分馏装置
98.59,ST040098,<p>%(v/v)</p>,2026-02-20 08:00:00,丙烷,延化60万吨/年气体分馏装置
0.000,ST040098,"<p>%(v/v)</p>
",2026-02-20 08:00:00,乙烷+乙烯,延化60万吨/年气体分馏装置
0.02,ST040098,<p>%(v/v)</p>,2026-02-20 08:00:00,正丁烷,延化60万吨/年气体分馏装置
0.00,ST040098,<p>%(v/v)</p>,2026-02-21 08:00:00,正丁烯,延化60万吨/年气体分馏装置
0.00,ST040098,<p>%(v/v)</p>,2026-02-21 08:00:00,碳五,延化60万吨/年气体分馏装置
0.00,ST040098,<p>%(v/v)</p>,2026-02-21 08:00:00,异丁烯,延化60万吨/年气体分馏装置
0.00,ST040098,<p>%(v/v)</p>,2026-02-21 08:00:00,顺丁烯,延化60万吨/年气体分馏装置
0.000,ST040098,"<p>%(v/v)</p>
",2026-02-21 08:00:00,乙烷+乙烯,延化60万吨/年气体分馏装置
0.00,ST040098,<p>%(v/v)</p>,2026-02-21 08:00:00,正丁烷,延化60万吨/年气体分馏装置
0.00,ST040098,<p>%(v/v)</p>,2026-02-21 08:00:00,异丁烷,延化60万吨/年气体分馏装置
1.13,ST040098,<p>%(v/v)</p>,2026-02-21 08:00:00,丙烯,延化60万吨/年气体分馏装置
98.87,ST040098,<p>%(v/v)</p>,2026-02-21 08:00:00,丙烷,延化60万吨/年气体分馏装置
0.00,ST040098,<p>%(v/v)</p>,2026-02-21 08:00:00,反丁烯,延化60万吨/年气体分馏装置
0.00,ST040098,<p>%(v/v)</p>,2026-02-21 20:36:00,反丁烯,延化60万吨/年气体分馏装置
0.00,ST040098,<p>%(v/v)</p>,2026-02-21 20:36:00,正丁烯,延化60万吨/年气体分馏装置
0.000,ST040098,"<p>%(v/v)</p>
",2026-02-21 20:36:00,乙烷+乙烯,延化60万吨/年气体分馏装置
98.30,ST040098,<p>%(v/v)</p>,2026-02-21 20:36:00,丙烷,延化60万吨/年气体分馏装置
1.69,ST040098,<p>%(v/v)</p>,2026-02-21 20:36:00,丙烯,延化60万吨/年气体分馏装置
0.01,ST040098,<p>%(v/v)</p>,2026-02-21 20:36:00,异丁烷,延化60万吨/年气体分馏装置
0.00,ST040098,<p>%(v/v)</p>,2026-02-21 20:36:00,正丁烷,延化60万吨/年气体分馏装置
0.00,ST040098,<p>%(v/v)</p>,2026-02-21 20:36:00,顺丁烯,延化60万吨/年气体分馏装置
0.00,ST040098,<p>%(v/v)</p>,2026-02-21 20:36:00,异丁烯,延化60万吨/年气体分馏装置
0.00,ST040098,<p>%(v/v)</p>,2026-02-21 20:36:00,碳五,延化60万吨/年气体分馏装置
1.03,ST040098,<p>%(v/v)</p>,2026-02-21 22:22:00,丙烯,延化60万吨/年气体分馏装置
0.01,ST040098,<p>%(v/v)</p>,2026-02-21 22:22:00,异丁烷,延化60万吨/年气体分馏装置
0.00,ST040098,<p>%(v/v)</p>,2026-02-21 22:22:00,正丁烷,延化60万吨/年气体分馏装置
0.00,ST040098,<p>%(v/v)</p>,2026-02-21 22:22:00,顺丁烯,延化60万吨/年气体分馏装置
0.00,ST040098,<p>%(v/v)</p>,2026-02-21 22:22:00,正丁烯,延化60万吨/年气体分馏装置
0.000,ST040098,"<p>%(v/v)</p>
",2026-02-21 22:22:00,乙烷+乙烯,延化60万吨/年气体分馏装置
0.00,ST040098,<p>%(v/v)</p>,2026-02-21 22:22:00,碳五,延化60万吨/年气体分馏装置
0.00,ST040098,<p>%(v/v)</p>,2026-02-21 22:22:00,反丁烯,延化60万吨/年气体分馏装置
98.96,ST040098,<p>%(v/v)</p>,2026-02-21 22:22:00,丙烷,延化60万吨/年气体分馏装置
0.00,ST040098,<p>%(v/v)</p>,2026-02-21 22:22:00,异丁烯,延化60万吨/年气体分馏装置
0.00,ST040098,<p>%(v/v)</p>,2026-02-22 08:00:00,反丁烯,延化60万吨/年气体分馏装置
0.00,ST040098,<p>%(v/v)</p>,2026-02-22 08:00:00,正丁烷,延化60万吨/年气体分馏装置
0.01,ST040098,<p>%(v/v)</p>,2026-02-22 08:00:00,异丁烷,延化60万吨/年气体分馏装置
0.59,ST040098,<p>%(v/v)</p>,2026-02-22 08:00:00,丙烯,延化60万吨/年气体分馏装置
99.40,ST040098,<p>%(v/v)</p>,2026-02-22 08:00:00,丙烷,延化60万吨/年气体分馏装置
0.000,ST040098,"<p>%(v/v)</p>
",2026-02-22 08:00:00,乙烷+乙烯,延化60万吨/年气体分馏装置
0.00,ST040098,<p>%(v/v)</p>,2026-02-22 08:00:00,正丁烯,延化60万吨/年气体分馏装置
0.00,ST040098,<p>%(v/v)</p>,2026-02-22 08:00:00,碳五,延化60万吨/年气体分馏装置
0.00,ST040098,<p>%(v/v)</p>,2026-02-22 08:00:00,异丁烯,延化60万吨/年气体分馏装置
0.00,ST040098,<p>%(v/v)</p>,2026-02-22 08:00:00,顺丁烯,延化60万吨/年气体分馏装置
1.13,ST040098,<p>%(v/v)</p>,2026-02-23 08:00:00,丙烯,延化60万吨/年气体分馏装置
0.00,ST040098,<p>%(v/v)</p>,2026-02-23 08:00:00,碳五,延化60万吨/年气体分馏装置
0.00,ST040098,<p>%(v/v)</p>,2026-02-23 08:00:00,异丁烯,延化60万吨/年气体分馏装置
0.00,ST040098,<p>%(v/v)</p>,2026-02-23 08:00:00,顺丁烯,延化60万吨/年气体分馏装置
0.00,ST040098,<p>%(v/v)</p>,2026-02-23 08:00:00,反丁烯,延化60万吨/年气体分馏装置
0.00,ST040098,<p>%(v/v)</p>,2026-02-23 08:00:00,正丁烷,延化60万吨/年气体分馏装置
0.00,ST040098,<p>%(v/v)</p>,2026-02-23 08:00:00,异丁烷,延化60万吨/年气体分馏装置
98.87,ST040098,<p>%(v/v)</p>,2026-02-23 08:00:00,丙烷,延化60万吨/年气体分馏装置
0.000,ST040098,"<p>%(v/v)</p>
",2026-02-23 08:00:00,乙烷+乙烯,延化60万吨/年气体分馏装置
0.00,ST040098,<p>%(v/v)</p>,2026-02-23 08:00:00,正丁烯,延化60万吨/年气体分馏装置
0.00,ST040098,<p>%(v/v)</p>,2026-02-24 08:00:00,碳五,延化60万吨/年气体分馏装置
0.00,ST040098,<p>%(v/v)</p>,2026-02-24 08:00:00,正丁烯,延化60万吨/年气体分馏装置
0.060,ST040098,"<p>%(v/v)</p>
",2026-02-24 08:00:00,乙烷+乙烯,延化60万吨/年气体分馏装置
99.88,ST040098,<p>%(v/v)</p>,2026-02-24 08:00:00,丙烷,延化60万吨/年气体分馏装置
0.03,ST040098,<p>%(v/v)</p>,2026-02-24 08:00:00,丙烯,延化60万吨/年气体分馏装置
0.02,ST040098,<p>%(v/v)</p>,2026-02-24 08:00:00,异丁烷,延化60万吨/年气体分馏装置
0.01,ST040098,<p>%(v/v)</p>,2026-02-24 08:00:00,正丁烷,延化60万吨/年气体分馏装置
0.00,ST040098,<p>%(v/v)</p>,2026-02-24 08:00:00,反丁烯,延化60万吨/年气体分馏装置
0.00,ST040098,<p>%(v/v)</p>,2026-02-24 08:00:00,顺丁烯,延化60万吨/年气体分馏装置
0.00,ST040098,<p>%(v/v)</p>,2026-02-24 08:00:00,异丁烯,延化60万吨/年气体分馏装置
98.93,ST040098,<p>%(v/v)</p>,2026-02-25 08:00:00,丙烷,延化60万吨/年气体分馏装置
1.03,ST040098,<p>%(v/v)</p>,2026-02-25 08:00:00,丙烯,延化60万吨/年气体分馏装置
0.04,ST040098,<p>%(v/v)</p>,2026-02-25 08:00:00,异丁烷,延化60万吨/年气体分馏装置
0.00,ST040098,<p>%(v/v)</p>,2026-02-25 08:00:00,正丁烷,延化60万吨/年气体分馏装置
0.00,ST040098,<p>%(v/v)</p>,2026-02-25 08:00:00,碳五,延化60万吨/年气体分馏装置
0.00,ST040098,<p>%(v/v)</p>,2026-02-25 08:00:00,顺丁烯,延化60万吨/年气体分馏装置
0.00,ST040098,<p>%(v/v)</p>,2026-02-25 08:00:00,异丁烯,延化60万吨/年气体分馏装置
0.000,ST040098,"<p>%(v/v)</p>
",2026-02-25 08:00:00,乙烷+乙烯,延化60万吨/年气体分馏装置
0.00,ST040098,<p>%(v/v)</p>,2026-02-25 08:00:00,正丁烯,延化60万吨/年气体分馏装置
0.00,ST040098,<p>%(v/v)</p>,2026-02-25 08:00:00,反丁烯,延化60万吨/年气体分馏装置
0.02,ST040098,<p>%(v/v)</p>,2026-02-26 08:00:00,正丁烷,延化60万吨/年气体分馏装置
0.01,ST040098,<p>%(v/v)</p>,2026-02-26 08:00:00,顺丁烯,延化60万吨/年气体分馏装置
0.01,ST040098,<p>%(v/v)</p>,2026-02-26 08:00:00,正丁烯,延化60万吨/年气体分馏装置
0.000,ST040098,"<p>%(v/v)</p>
",2026-02-26 08:00:00,乙烷+乙烯,延化60万吨/年气体分馏装置
98.37,ST040098,<p>%(v/v)</p>,2026-02-26 08:00:00,丙烷,延化60万吨/年气体分馏装置
1.51,ST040098,<p>%(v/v)</p>,2026-02-26 08:00:00,丙烯,延化60万吨/年气体分馏装置
0.06,ST040098,<p>%(v/v)</p>,2026-02-26 08:00:00,异丁烷,延化60万吨/年气体分馏装置
0.01,ST040098,<p>%(v/v)</p>,2026-02-26 08:00:00,反丁烯,延化60万吨/年气体分馏装置
0.01,ST040098,<p>%(v/v)</p>,2026-02-26 08:00:00,异丁烯,延化60万吨/年气体分馏装置
0.00,ST040098,<p>%(v/v)</p>,2026-02-26 08:00:00,碳五,延化60万吨/年气体分馏装置
0.03,ST040098,<p>%(v/v)</p>,2026-02-27 08:00:00,异丁烷,延化60万吨/年气体分馏装置
0.00,ST040098,<p>%(v/v)</p>,2026-02-27 08:00:00,正丁烯,延化60万吨/年气体分馏装置
0.000,ST040098,"<p>%(v/v)</p>
",2026-02-27 08:00:00,乙烷+乙烯,延化60万吨/年气体分馏装置
98.69,ST040098,<p>%(v/v)</p>,2026-02-27 08:00:00,丙烷,延化60万吨/年气体分馏装置
1.27,ST040098,<p>%(v/v)</p>,2026-02-27 08:00:00,丙烯,延化60万吨/年气体分馏装置
0.01,ST040098,<p>%(v/v)</p>,2026-02-27 08:00:00,正丁烷,延化60万吨/年气体分馏装置
0.00,ST040098,<p>%(v/v)</p>,2026-02-27 08:00:00,反丁烯,延化60万吨/年气体分馏装置
0.00,ST040098,<p>%(v/v)</p>,2026-02-27 08:00:00,顺丁烯,延化60万吨/年气体分馏装置
0.00,ST040098,<p>%(v/v)</p>,2026-02-27 08:00:00,异丁烯,延化60万吨/年气体分馏装置
0.00,ST040098,<p>%(v/v)</p>,2026-02-27 08:00:00,碳五,延化60万吨/年气体分馏装置
0.01,ST040098,<p>%(v/v)</p>,2026-02-28 08:00:00,异丁烯,延化60万吨/年气体分馏装置
0.000,ST040098,"<p>%(v/v)</p>
",2026-02-28 08:00:00,乙烷+乙烯,延化60万吨/年气体分馏装置
0.00,ST040098,<p>%(v/v)</p>,2026-02-28 08:00:00,顺丁烯,延化60万吨/年气体分馏装置
0.00,ST040098,<p>%(v/v)</p>,2026-02-28 08:00:00,反丁烯,延化60万吨/年气体分馏装置
97.67,ST040098,<p>%(v/v)</p>,2026-02-28 08:00:00,丙烷,延化60万吨/年气体分馏装置
0.88,ST040098,<p>%(v/v)</p>,2026-02-28 08:00:00,异丁烷,延化60万吨/年气体分馏装置
1.43,ST040098,<p>%(v/v)</p>,2026-02-28 08:00:00,丙烯,延化60万吨/年气体分馏装置
0.00,ST040098,<p>%(v/v)</p>,2026-02-28 08:00:00,碳五,延化60万吨/年气体分馏装置
0.00,ST040098,<p>%(v/v)</p>,2026-02-28 08:00:00,正丁烯,延化60万吨/年气体分馏装置
0.01,ST040098,<p>%(v/v)</p>,2026-02-28 08:00:00,正丁烷,延化60万吨/年气体分馏装置
0.00,ST040098,<p>%(v/v)</p>,2026-03-01 08:00:00,碳五,延化60万吨/年气体分馏装置
0.00,ST040098,<p>%(v/v)</p>,2026-03-01 08:00:00,异丁烯,延化60万吨/年气体分馏装置
0.00,ST040098,<p>%(v/v)</p>,2026-03-01 08:00:00,顺丁烯,延化60万吨/年气体分馏装置
0.00,ST040098,<p>%(v/v)</p>,2026-03-01 08:00:00,正丁烷,延化60万吨/年气体分馏装置
0.00,ST040098,<p>%(v/v)</p>,2026-03-01 08:00:00,反丁烯,延化60万吨/年气体分馏装置
1.45,ST040098,<p>%(v/v)</p>,2026-03-01 08:00:00,丙烯,延化60万吨/年气体分馏装置
98.55,ST040098,<p>%(v/v)</p>,2026-03-01 08:00:00,丙烷,延化60万吨/年气体分馏装置
0.000,ST040098,"<p>%(v/v)</p>
",2026-03-01 08:00:00,乙烷+乙烯,延化60万吨/年气体分馏装置
0.00,ST040098,<p>%(v/v)</p>,2026-03-01 08:00:00,正丁烯,延化60万吨/年气体分馏装置
0.00,ST040098,<p>%(v/v)</p>,2026-03-01 08:00:00,异丁烷,延化60万吨/年气体分馏装置
0.00,ST040098,<p>%(v/v)</p>,2026-03-02 08:00:00,异丁烷,延化60万吨/年气体分馏装置
0.00,ST040098,<p>%(v/v)</p>,2026-03-02 08:00:00,碳五,延化60万吨/年气体分馏装置
0.00,ST040098,<p>%(v/v)</p>,2026-03-02 08:00:00,异丁烯,延化60万吨/年气体分馏装置
0.00,ST040098,<p>%(v/v)</p>,2026-03-02 08:00:00,顺丁烯,延化60万吨/年气体分馏装置
0.00,ST040098,<p>%(v/v)</p>,2026-03-02 08:00:00,正丁烯,延化60万吨/年气体分馏装置
0.00,ST040098,<p>%(v/v)</p>,2026-03-02 08:00:00,正丁烷,延化60万吨/年气体分馏装置
1.40,ST040098,<p>%(v/v)</p>,2026-03-02 08:00:00,丙烯,延化60万吨/年气体分馏装置
98.60,ST040098,<p>%(v/v)</p>,2026-03-02 08:00:00,丙烷,延化60万吨/年气体分馏装置
0.000,ST040098,"<p>%(v/v)</p>
",2026-03-02 08:00:00,乙烷+乙烯,延化60万吨/年气体分馏装置
0.00,ST040098,<p>%(v/v)</p>,2026-03-02 08:00:00,反丁烯,延化60万吨/年气体分馏装置
0.00,ST040098,<p>%(v/v)</p>,2026-03-03 08:00:00,碳五,延化60万吨/年气体分馏装置
0.00,ST040098,<p>%(v/v)</p>,2026-03-03 08:00:00,异丁烯,延化60万吨/年气体分馏装置
0.00,ST040098,<p>%(v/v)</p>,2026-03-03 08:00:00,顺丁烯,延化60万吨/年气体分馏装置
0.00,ST040098,<p>%(v/v)</p>,2026-03-03 08:00:00,反丁烯,延化60万吨/年气体分馏装置
0.00,ST040098,<p>%(v/v)</p>,2026-03-03 08:00:00,正丁烯,延化60万吨/年气体分馏装置
0.04,ST040098,<p>%(v/v)</p>,2026-03-03 08:00:00,异丁烷,延化60万吨/年气体分馏装置
1.06,ST040098,<p>%(v/v)</p>,2026-03-03 08:00:00,丙烯,延化60万吨/年气体分馏装置
98.90,ST040098,<p>%(v/v)</p>,2026-03-03 08:00:00,丙烷,延化60万吨/年气体分馏装置
0.000,ST040098,"<p>%(v/v)</p>
",2026-03-03 08:00:00,乙烷+乙烯,延化60万吨/年气体分馏装置
0.00,ST040098,<p>%(v/v)</p>,2026-03-03 08:00:00,正丁烷,延化60万吨/年气体分馏装置
0.02,ST040098,<p>%(v/v)</p>,2026-03-04 08:00:00,反丁烯,延化60万吨/年气体分馏装置
0.00,ST040098,<p>%(v/v)</p>,2026-03-04 08:00:00,碳五,延化60万吨/年气体分馏装置
0.02,ST040098,<p>%(v/v)</p>,2026-03-04 08:00:00,异丁烯,延化60万吨/年气体分馏装置
0.02,ST040098,<p>%(v/v)</p>,2026-03-04 08:00:00,顺丁烯,延化60万吨/年气体分馏装置
0.02,ST040098,<p>%(v/v)</p>,2026-03-04 08:00:00,正丁烯,延化60万吨/年气体分馏装置
0.09,ST040098,<p>%(v/v)</p>,2026-03-04 08:00:00,异丁烷,延化60万吨/年气体分馏装置
1.47,ST040098,<p>%(v/v)</p>,2026-03-04 08:00:00,丙烯,延化60万吨/年气体分馏装置
98.32,ST040098,<p>%(v/v)</p>,2026-03-04 08:00:00,丙烷,延化60万吨/年气体分馏装置
0.000,ST040098,"<p>%(v/v)</p>
",2026-03-04 08:00:00,乙烷+乙烯,延化60万吨/年气体分馏装置
0.04,ST040098,<p>%(v/v)</p>,2026-03-04 08:00:00,正丁烷,延化60万吨/年气体分馏装置
0.00,ST040098,<p>%(v/v)</p>,2026-03-05 08:00:00,碳五,延化60万吨/年气体分馏装置
0.00,ST040098,<p>%(v/v)</p>,2026-03-05 08:00:00,异丁烯,延化60万吨/年气体分馏装置
0.00,ST040098,<p>%(v/v)</p>,2026-03-05 08:00:00,顺丁烯,延化60万吨/年气体分馏装置
0.00,ST040098,<p>%(v/v)</p>,2026-03-05 08:00:00,反丁烯,延化60万吨/年气体分馏装置
0.00,ST040098,<p>%(v/v)</p>,2026-03-05 08:00:00,正丁烯,延化60万吨/年气体分馏装置
0.02,ST040098,<p>%(v/v)</p>,2026-03-05 08:00:00,异丁烷,延化60万吨/年气体分馏装置
0.73,ST040098,<p>%(v/v)</p>,2026-03-05 08:00:00,丙烯,延化60万吨/年气体分馏装置
99.25,ST040098,<p>%(v/v)</p>,2026-03-05 08:00:00,丙烷,延化60万吨/年气体分馏装置
0.000,ST040098,"<p>%(v/v)</p>
",2026-03-05 08:00:00,乙烷+乙烯,延化60万吨/年气体分馏装置
0.00,ST040098,<p>%(v/v)</p>,2026-03-05 08:00:00,正丁烷,延化60万吨/年气体分馏装置
0.00,ST040098,<p>%(v/v)</p>,2026-03-06 08:00:00,反丁烯,延化60万吨/年气体分馏装置
0.00,ST040098,<p>%(v/v)</p>,2026-03-06 08:00:00,碳五,延化60万吨/年气体分馏装置
0.00,ST040098,<p>%(v/v)</p>,2026-03-06 08:00:00,异丁烯,延化60万吨/年气体分馏装置
0.00,ST040098,<p>%(v/v)</p>,2026-03-06 08:00:00,顺丁烯,延化60万吨/年气体分馏装置
0.00,ST040098,<p>%(v/v)</p>,2026-03-06 08:00:00,正丁烯,延化60万吨/年气体分馏装置
0.01,ST040098,<p>%(v/v)</p>,2026-03-06 08:00:00,异丁烷,延化60万吨/年气体分馏装置
1.69,ST040098,<p>%(v/v)</p>,2026-03-06 08:00:00,丙烯,延化60万吨/年气体分馏装置
98.30,ST040098,<p>%(v/v)</p>,2026-03-06 08:00:00,丙烷,延化60万吨/年气体分馏装置
0.000,ST040098,"<p>%(v/v)</p>
",2026-03-06 08:00:00,乙烷+乙烯,延化60万吨/年气体分馏装置
0.00,ST040098,<p>%(v/v)</p>,2026-03-06 08:00:00,正丁烷,延化60万吨/年气体分馏装置
0.01,ST040098,<p>%(v/v)</p>,2026-03-07 08:00:00,反丁烯,延化60万吨/年气体分馏装置
0.00,ST040098,<p>%(v/v)</p>,2026-03-07 08:00:00,碳五,延化60万吨/年气体分馏装置
0.01,ST040098,<p>%(v/v)</p>,2026-03-07 08:00:00,异丁烯,延化60万吨/年气体分馏装置
0.01,ST040098,<p>%(v/v)</p>,2026-03-07 08:00:00,顺丁烯,延化60万吨/年气体分馏装置
0.01,ST040098,<p>%(v/v)</p>,2026-03-07 08:00:00,正丁烯,延化60万吨/年气体分馏装置
0.05,ST040098,<p>%(v/v)</p>,2026-03-07 08:00:00,异丁烷,延化60万吨/年气体分馏装置
0.99,ST040098,<p>%(v/v)</p>,2026-03-07 08:00:00,丙烯,延化60万吨/年气体分馏装置
98.89,ST040098,<p>%(v/v)</p>,2026-03-07 08:00:00,丙烷,延化60万吨/年气体分馏装置
0.000,ST040098,"<p>%(v/v)</p>
",2026-03-07 08:00:00,乙烷+乙烯,延化60万吨/年气体分馏装置
0.03,ST040098,<p>%(v/v)</p>,2026-03-07 08:00:00,正丁烷,延化60万吨/年气体分馏装置
0.19,ST040098,<p>%(v/v)</p>,2026-03-08 08:00:00,正丁烷,延化60万吨/年气体分馏装置
0.32,ST040098,<p>%(v/v)</p>,2026-03-08 08:00:00,异丁烷,延化60万吨/年气体分馏装置
0.71,ST040098,<p>%(v/v)</p>,2026-03-08 08:00:00,丙烯,延化60万吨/年气体分馏装置
98.40,ST040098,<p>%(v/v)</p>,2026-03-08 08:00:00,丙烷,延化60万吨/年气体分馏装置
0.01,ST040098,<p>%(v/v)</p>,2026-03-08 08:00:00,顺丁烯,延化60万吨/年气体分馏装置
0.11,ST040098,<p>%(v/v)</p>,2026-03-08 08:00:00,正丁烯,延化60万吨/年气体分馏装置
0.14,ST040098,<p>%(v/v)</p>,2026-03-08 08:00:00,反丁烯,延化60万吨/年气体分馏装置
0.00,ST040098,<p>%(v/v)</p>,2026-03-08 08:00:00,碳五,延化60万吨/年气体分馏装置
0.12,ST040098,<p>%(v/v)</p>,2026-03-08 08:00:00,异丁烯,延化60万吨/年气体分馏装置
0.000,ST040098,"<p>%(v/v)</p>
",2026-03-08 08:00:00,乙烷+乙烯,延化60万吨/年气体分馏装置
0.00,ST040098,<p>%(v/v)</p>,2026-03-09 08:00:00,反丁烯,延化60万吨/年气体分馏装置
0.00,ST040098,<p>%(v/v)</p>,2026-03-09 08:00:00,碳五,延化60万吨/年气体分馏装置
0.00,ST040098,<p>%(v/v)</p>,2026-03-09 08:00:00,异丁烯,延化60万吨/年气体分馏装置
0.00,ST040098,<p>%(v/v)</p>,2026-03-09 08:00:00,顺丁烯,延化60万吨/年气体分馏装置
0.00,ST040098,<p>%(v/v)</p>,2026-03-09 08:00:00,正丁烯,延化60万吨/年气体分馏装置
0.00,ST040098,<p>%(v/v)</p>,2026-03-09 08:00:00,异丁烷,延化60万吨/年气体分馏装置
2.03,ST040098,<p>%(v/v)</p>,2026-03-09 08:00:00,丙烯,延化60万吨/年气体分馏装置
97.97,ST040098,<p>%(v/v)</p>,2026-03-09 08:00:00,丙烷,延化60万吨/年气体分馏装置
0.000,ST040098,"<p>%(v/v)</p>
",2026-03-09 08:00:00,乙烷+乙烯,延化60万吨/年气体分馏装置
0.00,ST040098,<p>%(v/v)</p>,2026-03-09 08:00:00,正丁烷,延化60万吨/年气体分馏装置
0.01,ST040098,<p>%(v/v)</p>,2026-03-10 08:00:00,反丁烯,延化60万吨/年气体分馏装置
0.00,ST040098,<p>%(v/v)</p>,2026-03-10 08:00:00,碳五,延化60万吨/年气体分馏装置
0.00,ST040098,<p>%(v/v)</p>,2026-03-10 08:00:00,异丁烯,延化60万吨/年气体分馏装置
0.00,ST040098,<p>%(v/v)</p>,2026-03-10 08:00:00,顺丁烯,延化60万吨/年气体分馏装置
0.00,ST040098,<p>%(v/v)</p>,2026-03-10 08:00:00,正丁烯,延化60万吨/年气体分馏装置
0.000,ST040098,"<p>%(v/v)</p>
",2026-03-10 08:00:00,乙烷+乙烯,延化60万吨/年气体分馏装置
0.01,ST040098,<p>%(v/v)</p>,2026-03-10 08:00:00,异丁烷,延化60万吨/年气体分馏装置
0.54,ST040098,<p>%(v/v)</p>,2026-03-10 08:00:00,丙烯,延化60万吨/年气体分馏装置
99.43,ST040098,<p>%(v/v)</p>,2026-03-10 08:00:00,丙烷,延化60万吨/年气体分馏装置
0.01,ST040098,<p>%(v/v)</p>,2026-03-10 08:00:00,正丁烷,延化60万吨/年气体分馏装置
0.00,ST040098,<p>%(v/v)</p>,2026-03-11 08:00:00,反丁烯,延化60万吨/年气体分馏装置
0.00,ST040098,<p>%(v/v)</p>,2026-03-11 08:00:00,碳五,延化60万吨/年气体分馏装置
0.00,ST040098,<p>%(v/v)</p>,2026-03-11 08:00:00,异丁烯,延化60万吨/年气体分馏装置
0.00,ST040098,<p>%(v/v)</p>,2026-03-11 08:00:00,顺丁烯,延化60万吨/年气体分馏装置
0.00,ST040098,<p>%(v/v)</p>,2026-03-11 08:00:00,正丁烯,延化60万吨/年气体分馏装置
0.03,ST040098,<p>%(v/v)</p>,2026-03-11 08:00:00,异丁烷,延化60万吨/年气体分馏装置
1.18,ST040098,<p>%(v/v)</p>,2026-03-11 08:00:00,丙烯,延化60万吨/年气体分馏装置
98.79,ST040098,<p>%(v/v)</p>,2026-03-11 08:00:00,丙烷,延化60万吨/年气体分馏装置
0.000,ST040098,"<p>%(v/v)</p>
",2026-03-11 08:00:00,乙烷+乙烯,延化60万吨/年气体分馏装置
0.00,ST040098,<p>%(v/v)</p>,2026-03-11 08:00:00,正丁烷,延化60万吨/年气体分馏装置
0.00,ST040098,<p>%(v/v)</p>,2026-03-12 08:00:00,碳五,延化60万吨/年气体分馏装置
0.00,ST040098,<p>%(v/v)</p>,2026-03-12 08:00:00,异丁烯,延化60万吨/年气体分馏装置
0.00,ST040098,<p>%(v/v)</p>,2026-03-12 08:00:00,顺丁烯,延化60万吨/年气体分馏装置
0.00,ST040098,<p>%(v/v)</p>,2026-03-12 08:00:00,反丁烯,延化60万吨/年气体分馏装置
0.00,ST040098,<p>%(v/v)</p>,2026-03-12 08:00:00,正丁烯,延化60万吨/年气体分馏装置
0.01,ST040098,<p>%(v/v)</p>,2026-03-12 08:00:00,异丁烷,延化60万吨/年气体分馏装置
1.53,ST040098,<p>%(v/v)</p>,2026-03-12 08:00:00,丙烯,延化60万吨/年气体分馏装置
98.45,ST040098,<p>%(v/v)</p>,2026-03-12 08:00:00,丙烷,延化60万吨/年气体分馏装置
0.000,ST040098,"<p>%(v/v)</p>
",2026-03-12 08:00:00,乙烷+乙烯,延化60万吨/年气体分馏装置
0.01,ST040098,<p>%(v/v)</p>,2026-03-12 08:00:00,正丁烷,延化60万吨/年气体分馏装置
0.01,ST040098,<p>%(v/v)</p>,2026-03-13 08:00:00,反丁烯,延化60万吨/年气体分馏装置
0.00,ST040098,<p>%(v/v)</p>,2026-03-13 08:00:00,碳五,延化60万吨/年气体分馏装置
0.01,ST040098,<p>%(v/v)</p>,2026-03-13 08:00:00,异丁烯,延化60万吨/年气体分馏装置
0.01,ST040098,<p>%(v/v)</p>,2026-03-13 08:00:00,顺丁烯,延化60万吨/年气体分馏装置
0.01,ST040098,<p>%(v/v)</p>,2026-03-13 08:00:00,正丁烯,延化60万吨/年气体分馏装置
0.03,ST040098,<p>%(v/v)</p>,2026-03-13 08:00:00,异丁烷,延化60万吨/年气体分馏装置
0.27,ST040098,<p>%(v/v)</p>,2026-03-13 08:00:00,丙烯,延化60万吨/年气体分馏装置
99.65,ST040098,<p>%(v/v)</p>,2026-03-13 08:00:00,丙烷,延化60万吨/年气体分馏装置
0.000,ST040098,"<p>%(v/v)</p>
",2026-03-13 08:00:00,乙烷+乙烯,延化60万吨/年气体分馏装置
0.01,ST040098,<p>%(v/v)</p>,2026-03-13 08:00:00,正丁烷,延化60万吨/年气体分馏装置
0.000,ST040098,"<p>%(v/v)</p>
",2026-03-14 08:00:00,乙烷+乙烯,延化60万吨/年气体分馏装置
0.08,ST040098,<p>%(v/v)</p>,2026-03-14 08:00:00,正丁烯,延化60万吨/年气体分馏装置
0.12,ST040098,<p>%(v/v)</p>,2026-03-14 08:00:00,反丁烯,延化60万吨/年气体分馏装置
0.01,ST040098,<p>%(v/v)</p>,2026-03-14 08:00:00,碳五,延化60万吨/年气体分馏装置
98.41,ST040098,<p>%(v/v)</p>,2026-03-14 08:00:00,丙烷,延化60万吨/年气体分馏装置
0.10,ST040098,<p>%(v/v)</p>,2026-03-14 08:00:00,顺丁烯,延化60万吨/年气体分馏装置
0.13,ST040098,<p>%(v/v)</p>,2026-03-14 08:00:00,正丁烷,延化60万吨/年气体分馏装置
0.20,ST040098,<p>%(v/v)</p>,2026-03-14 08:00:00,异丁烷,延化60万吨/年气体分馏装置
0.91,ST040098,<p>%(v/v)</p>,2026-03-14 08:00:00,丙烯,延化60万吨/年气体分馏装置
0.04,ST040098,<p>%(v/v)</p>,2026-03-14 08:00:00,异丁烯,延化60万吨/年气体分馏装置
0.00,ST040098,<p>%(v/v)</p>,2026-03-15 08:00:00,反丁烯,延化60万吨/年气体分馏装置
0.00,ST040098,<p>%(v/v)</p>,2026-03-15 08:00:00,碳五,延化60万吨/年气体分馏装置
0.00,ST040098,<p>%(v/v)</p>,2026-03-15 08:00:00,异丁烯,延化60万吨/年气体分馏装置
0.00,ST040098,<p>%(v/v)</p>,2026-03-15 08:00:00,顺丁烯,延化60万吨/年气体分馏装置
0.00,ST040098,<p>%(v/v)</p>,2026-03-15 08:00:00,正丁烯,延化60万吨/年气体分馏装置
0.01,ST040098,<p>%(v/v)</p>,2026-03-15 08:00:00,异丁烷,延化60万吨/年气体分馏装置
2.26,ST040098,<p>%(v/v)</p>,2026-03-15 08:00:00,丙烯,延化60万吨/年气体分馏装置
97.73,ST040098,<p>%(v/v)</p>,2026-03-15 08:00:00,丙烷,延化60万吨/年气体分馏装置
0.000,ST040098,"<p>%(v/v)</p>
",2026-03-15 08:00:00,乙烷+乙烯,延化60万吨/年气体分馏装置
0.00,ST040098,<p>%(v/v)</p>,2026-03-15 08:00:00,正丁烷,延化60万吨/年气体分馏装置
0.00,ST040098,<p>%(v/v)</p>,2026-03-16 08:00:00,碳五,延化60万吨/年气体分馏装置
0.00,ST040098,<p>%(v/v)</p>,2026-03-16 08:00:00,异丁烯,延化60万吨/年气体分馏装置
0.00,ST040098,<p>%(v/v)</p>,2026-03-16 08:00:00,顺丁烯,延化60万吨/年气体分馏装置
0.00,ST040098,<p>%(v/v)</p>,2026-03-16 08:00:00,反丁烯,延化60万吨/年气体分馏装置
0.00,ST040098,<p>%(v/v)</p>,2026-03-16 08:00:00,正丁烯,延化60万吨/年气体分馏装置
0.01,ST040098,<p>%(v/v)</p>,2026-03-16 08:00:00,异丁烷,延化60万吨/年气体分馏装置
1.81,ST040098,<p>%(v/v)</p>,2026-03-16 08:00:00,丙烯,延化60万吨/年气体分馏装置
98.17,ST040098,<p>%(v/v)</p>,2026-03-16 08:00:00,丙烷,延化60万吨/年气体分馏装置
0.000,ST040098,"<p>%(v/v)</p>
",2026-03-16 08:00:00,乙烷+乙烯,延化60万吨/年气体分馏装置
0.01,ST040098,<p>%(v/v)</p>,2026-03-16 08:00:00,正丁烷,延化60万吨/年气体分馏装置
0.01,ST040098,<p>%(v/v)</p>,2026-03-17 08:00:00,反丁烯,延化60万吨/年气体分馏装置
0.02,ST040098,<p>%(v/v)</p>,2026-03-17 08:00:00,正丁烷,延化60万吨/年气体分馏装置
0.07,ST040098,<p>%(v/v)</p>,2026-03-17 08:00:00,异丁烷,延化60万吨/年气体分馏装置
1.32,ST040098,<p>%(v/v)</p>,2026-03-17 08:00:00,丙烯,延化60万吨/年气体分馏装置
0.01,ST040098,<p>%(v/v)</p>,2026-03-17 08:00:00,顺丁烯,延化60万吨/年气体分馏装置
0.000,ST040098,"<p>%(v/v)</p>
",2026-03-17 08:00:00,乙烷+乙烯,延化60万吨/年气体分馏装置
0.01,ST040098,<p>%(v/v)</p>,2026-03-17 08:00:00,正丁烯,延化60万吨/年气体分馏装置
0.00,ST040098,<p>%(v/v)</p>,2026-03-17 08:00:00,碳五,延化60万吨/年气体分馏装置
0.01,ST040098,<p>%(v/v)</p>,2026-03-17 08:00:00,异丁烯,延化60万吨/年气体分馏装置
98.55,ST040098,<p>%(v/v)</p>,2026-03-17 08:00:00,丙烷,延化60万吨/年气体分馏装置
0.00,ST040098,<p>%(v/v)</p>,2026-03-18 08:00:00,碳五,延化60万吨/年气体分馏装置
0.00,ST040098,<p>%(v/v)</p>,2026-03-18 08:00:00,异丁烯,延化60万吨/年气体分馏装置
0.00,ST040098,<p>%(v/v)</p>,2026-03-18 08:00:00,顺丁烯,延化60万吨/年气体分馏装置
0.00,ST040098,<p>%(v/v)</p>,2026-03-18 08:00:00,反丁烯,延化60万吨/年气体分馏装置
0.00,ST040098,<p>%(v/v)</p>,2026-03-18 08:00:00,正丁烷,延化60万吨/年气体分馏装置
0.01,ST040098,<p>%(v/v)</p>,2026-03-18 08:00:00,异丁烷,延化60万吨/年气体分馏装置
0.11,ST040098,<p>%(v/v)</p>,2026-03-18 08:00:00,丙烯,延化60万吨/年气体分馏装置
99.88,ST040098,<p>%(v/v)</p>,2026-03-18 08:00:00,丙烷,延化60万吨/年气体分馏装置
0.000,ST040098,"<p>%(v/v)</p>
",2026-03-18 08:00:00,乙烷+乙烯,延化60万吨/年气体分馏装置
0.00,ST040098,<p>%(v/v)</p>,2026-03-18 08:00:00,正丁烯,延化60万吨/年气体分馏装置
0.30,ST040098,<p>%(v/v)</p>,2026-03-19 08:00:00,丙烯,延化60万吨/年气体分馏装置
0.03,ST040098,<p>%(v/v)</p>,2026-03-19 08:00:00,正丁烷,延化60万吨/年气体分馏装置
0.12,ST040098,<p>%(v/v)</p>,2026-03-19 08:00:00,异丁烷,延化60万吨/年气体分馏装置
99.51,ST040098,<p>%(v/v)</p>,2026-03-19 08:00:00,丙烷,延化60万吨/年气体分馏装置
0.01,ST040098,<p>%(v/v)</p>,2026-03-19 08:00:00,反丁烯,延化60万吨/年气体分馏装置
0.01,ST040098,<p>%(v/v)</p>,2026-03-19 08:00:00,正丁烯,延化60万吨/年气体分馏装置
0.00,ST040098,<p>%(v/v)</p>,2026-03-19 08:00:00,碳五,延化60万吨/年气体分馏装置
0.01,ST040098,<p>%(v/v)</p>,2026-03-19 08:00:00,异丁烯,延化60万吨/年气体分馏装置
0.01,ST040098,<p>%(v/v)</p>,2026-03-19 08:00:00,顺丁烯,延化60万吨/年气体分馏装置
0.000,ST040098,"<p>%(v/v)</p>
",2026-03-19 08:00:00,乙烷+乙烯,延化60万吨/年气体分馏装置
0.18,ST040098,<p>%(v/v)</p>,2026-03-20 08:00:00,反丁烯,延化60万吨/年气体分馏装置
0.00,ST040098,<p>%(v/v)</p>,2026-03-20 08:00:00,碳五,延化60万吨/年气体分馏装置
0.15,ST040098,<p>%(v/v)</p>,2026-03-20 08:00:00,异丁烯,延化60万吨/年气体分馏装置
0.13,ST040098,<p>%(v/v)</p>,2026-03-20 08:00:00,顺丁烯,延化60万吨/年气体分馏装置
0.15,ST040098,<p>%(v/v)</p>,2026-03-20 08:00:00,正丁烯,延化60万吨/年气体分馏装置
0.44,ST040098,<p>%(v/v)</p>,2026-03-20 08:00:00,异丁烷,延化60万吨/年气体分馏装置
1.48,ST040098,<p>%(v/v)</p>,2026-03-20 08:00:00,丙烯,延化60万吨/年气体分馏装置
97.24,ST040098,<p>%(v/v)</p>,2026-03-20 08:00:00,丙烷,延化60万吨/年气体分馏装置
0.000,ST040098,"<p>%(v/v)</p>
",2026-03-20 08:00:00,乙烷+乙烯,延化60万吨/年气体分馏装置
0.23,ST040098,<p>%(v/v)</p>,2026-03-20 08:00:00,正丁烷,延化60万吨/年气体分馏装置
0.00,ST040098,<p>%(v/v)</p>,2026-03-21 08:00:00,顺丁烯,延化60万吨/年气体分馏装置
0.00,ST040098,<p>%(v/v)</p>,2026-03-21 08:00:00,反丁烯,延化60万吨/年气体分馏装置
0.00,ST040098,<p>%(v/v)</p>,2026-03-21 08:00:00,正丁烷,延化60万吨/年气体分馏装置
0.00,ST040098,<p>%(v/v)</p>,2026-03-21 08:00:00,异丁烷,延化60万吨/年气体分馏装置
0.00,ST040098,<p>%(v/v)</p>,2026-03-21 08:00:00,异丁烯,延化60万吨/年气体分馏装置
99.05,ST040098,<p>%(v/v)</p>,2026-03-21 08:00:00,丙烷,延化60万吨/年气体分馏装置
0.000,ST040098,"<p>%(v/v)</p>
",2026-03-21 08:00:00,乙烷+乙烯,延化60万吨/年气体分馏装置
0.00,ST040098,<p>%(v/v)</p>,2026-03-21 08:00:00,正丁烯,延化60万吨/年气体分馏装置
0.00,ST040098,<p>%(v/v)</p>,2026-03-21 08:00:00,碳五,延化60万吨/年气体分馏装置
0.95,ST040098,<p>%(v/v)</p>,2026-03-21 08:00:00,丙烯,延化60万吨/年气体分馏装置
0.00,ST040098,<p>%(v/v)</p>,2026-03-22 08:00:00,碳五,延化60万吨/年气体分馏装置
0.00,ST040098,<p>%(v/v)</p>,2026-03-22 08:00:00,异丁烯,延化60万吨/年气体分馏装置
0.00,ST040098,<p>%(v/v)</p>,2026-03-22 08:00:00,顺丁烯,延化60万吨/年气体分馏装置
0.00,ST040098,<p>%(v/v)</p>,2026-03-22 08:00:00,反丁烯,延化60万吨/年气体分馏装置
99.33,ST040098,<p>%(v/v)</p>,2026-03-22 08:00:00,丙烷,延化60万吨/年气体分馏装置
0.000,ST040098,"<p>%(v/v)</p>
",2026-03-22 08:00:00,乙烷+乙烯,延化60万吨/年气体分馏装置
0.00,ST040098,<p>%(v/v)</p>,2026-03-22 08:00:00,正丁烯,延化60万吨/年气体分馏装置
0.01,ST040098,<p>%(v/v)</p>,2026-03-22 08:00:00,异丁烷,延化60万吨/年气体分馏装置
0.65,ST040098,<p>%(v/v)</p>,2026-03-22 08:00:00,丙烯,延化60万吨/年气体分馏装置
0.01,ST040098,<p>%(v/v)</p>,2026-03-22 08:00:00,正丁烷,延化60万吨/年气体分馏装置
0.00,ST040098,<p>%(v/v)</p>,2026-03-23 08:00:00,碳五,延化60万吨/年气体分馏装置
0.00,ST040098,<p>%(v/v)</p>,2026-03-23 08:00:00,异丁烯,延化60万吨/年气体分馏装置
0.00,ST040098,<p>%(v/v)</p>,2026-03-23 08:00:00,顺丁烯,延化60万吨/年气体分馏装置
0.00,ST040098,<p>%(v/v)</p>,2026-03-23 08:00:00,反丁烯,延化60万吨/年气体分馏装置
0.00,ST040098,<p>%(v/v)</p>,2026-03-23 08:00:00,正丁烯,延化60万吨/年气体分馏装置
98.99,ST040098,<p>%(v/v)</p>,2026-03-23 08:00:00,丙烷,延化60万吨/年气体分馏装置
0.05,ST040098,<p>%(v/v)</p>,2026-03-23 08:00:00,异丁烷,延化60万吨/年气体分馏装置
0.95,ST040098,<p>%(v/v)</p>,2026-03-23 08:00:00,丙烯,延化60万吨/年气体分馏装置
0.000,ST040098,"<p>%(v/v)</p>
",2026-03-23 08:00:00,乙烷+乙烯,延化60万吨/年气体分馏装置
0.01,ST040098,<p>%(v/v)</p>,2026-03-23 08:00:00,正丁烷,延化60万吨/年气体分馏装置
0.00,ST040098,<p>%(v/v)</p>,2026-03-24 08:00:00,碳五,延化60万吨/年气体分馏装置
0.00,ST040098,<p>%(v/v)</p>,2026-03-24 08:00:00,异丁烯,延化60万吨/年气体分馏装置
0.00,ST040098,<p>%(v/v)</p>,2026-03-24 08:00:00,顺丁烯,延化60万吨/年气体分馏装置
0.00,ST040098,<p>%(v/v)</p>,2026-03-24 08:00:00,反丁烯,延化60万吨/年气体分馏装置
0.00,ST040098,<p>%(v/v)</p>,2026-03-24 08:00:00,正丁烯,延化60万吨/年气体分馏装置
0.18,ST040098,<p>%(v/v)</p>,2026-03-24 08:00:00,异丁烷,延化60万吨/年气体分馏装置
1.73,ST040098,<p>%(v/v)</p>,2026-03-24 08:00:00,丙烯,延化60万吨/年气体分馏装置
98.04,ST040098,<p>%(v/v)</p>,2026-03-24 08:00:00,丙烷,延化60万吨/年气体分馏装置
0.000,ST040098,"<p>%(v/v)</p>
",2026-03-24 08:00:00,乙烷+乙烯,延化60万吨/年气体分馏装置
0.05,ST040098,<p>%(v/v)</p>,2026-03-24 08:00:00,正丁烷,延化60万吨/年气体分馏装置
0.09,ST040098,<p>%(v/v)</p>,2026-03-25 08:00:00,反丁烯,延化60万吨/年气体分馏装置
0.00,ST040098,<p>%(v/v)</p>,2026-03-25 08:00:00,碳五,延化60万吨/年气体分馏装置
0.01,ST040098,<p>%(v/v)</p>,2026-03-25 08:00:00,异丁烯,延化60万吨/年气体分馏装置
0.06,ST040098,<p>%(v/v)</p>,2026-03-25 08:00:00,顺丁烯,延化60万吨/年气体分馏装置
0.10,ST040098,<p>%(v/v)</p>,2026-03-25 08:00:00,正丁烯,延化60万吨/年气体分馏装置
0.45,ST040098,<p>%(v/v)</p>,2026-03-25 08:00:00,异丁烷,延化60万吨/年气体分馏装置
1.22,ST040098,<p>%(v/v)</p>,2026-03-25 08:00:00,丙烯,延化60万吨/年气体分馏装置
97.94,ST040098,<p>%(v/v)</p>,2026-03-25 08:00:00,丙烷,延化60万吨/年气体分馏装置
0.000,ST040098,"<p>%(v/v)</p>
",2026-03-25 08:00:00,乙烷+乙烯,延化60万吨/年气体分馏装置
0.13,ST040098,<p>%(v/v)</p>,2026-03-25 08:00:00,正丁烷,延化60万吨/年气体分馏装置
0.33,ST040098,<p>%(v/v)</p>,2026-03-26 08:00:00,异丁烷,延化60万吨/年气体分馏装置
0.00,ST040098,<p>%(v/v)</p>,2026-03-26 08:00:00,碳五,延化60万吨/年气体分馏装置
0.08,ST040098,<p>%(v/v)</p>,2026-03-26 08:00:00,异丁烯,延化60万吨/年气体分馏装置
0.08,ST040098,<p>%(v/v)</p>,2026-03-26 08:00:00,顺丁烯,延化60万吨/年气体分馏装置
0.08,ST040098,<p>%(v/v)</p>,2026-03-26 08:00:00,正丁烯,延化60万吨/年气体分馏装置
0.44,ST040098,<p>%(v/v)</p>,2026-03-26 08:00:00,正丁烷,延化60万吨/年气体分馏装置
1.83,ST040098,<p>%(v/v)</p>,2026-03-26 08:00:00,丙烯,延化60万吨/年气体分馏装置
97.06,ST040098,<p>%(v/v)</p>,2026-03-26 08:00:00,丙烷,延化60万吨/年气体分馏装置
0.000,ST040098,"<p>%(v/v)</p>
",2026-03-26 08:00:00,乙烷+乙烯,延化60万吨/年气体分馏装置
0.10,ST040098,<p>%(v/v)</p>,2026-03-26 08:00:00,反丁烯,延化60万吨/年气体分馏装置
0.00,ST040098,<p>%(v/v)</p>,2026-03-27 08:00:00,反丁烯,延化60万吨/年气体分馏装置
0.00,ST040098,<p>%(v/v)</p>,2026-03-27 08:00:00,碳五,延化60万吨/年气体分馏装置
0.00,ST040098,<p>%(v/v)</p>,2026-03-27 08:00:00,异丁烯,延化60万吨/年气体分馏装置
0.00,ST040098,<p>%(v/v)</p>,2026-03-27 08:00:00,顺丁烯,延化60万吨/年气体分馏装置
0.00,ST040098,<p>%(v/v)</p>,2026-03-27 08:00:00,正丁烯,延化60万吨/年气体分馏装置
0.000,ST040098,"<p>%(v/v)</p>
",2026-03-27 08:00:00,乙烷+乙烯,延化60万吨/年气体分馏装置
0.00,ST040098,<p>%(v/v)</p>,2026-03-27 08:00:00,异丁烷,延化60万吨/年气体分馏装置
2.36,ST040098,<p>%(v/v)</p>,2026-03-27 08:00:00,丙烯,延化60万吨/年气体分馏装置
97.64,ST040098,<p>%(v/v)</p>,2026-03-27 08:00:00,丙烷,延化60万吨/年气体分馏装置
0.00,ST040098,<p>%(v/v)</p>,2026-03-27 08:00:00,正丁烷,延化60万吨/年气体分馏装置
0.00,ST040098,<p>%(v/v)</p>,2026-03-28 08:00:00,反丁烯,延化60万吨/年气体分馏装置
0.00,ST040098,<p>%(v/v)</p>,2026-03-28 08:00:00,碳五,延化60万吨/年气体分馏装置
0.00,ST040098,<p>%(v/v)</p>,2026-03-28 08:00:00,异丁烯,延化60万吨/年气体分馏装置
0.00,ST040098,<p>%(v/v)</p>,2026-03-28 08:00:00,顺丁烯,延化60万吨/年气体分馏装置
0.00,ST040098,<p>%(v/v)</p>,2026-03-28 08:00:00,正丁烯,延化60万吨/年气体分馏装置
0.01,ST040098,<p>%(v/v)</p>,2026-03-28 08:00:00,异丁烷,延化60万吨/年气体分馏装置
2.22,ST040098,<p>%(v/v)</p>,2026-03-28 08:00:00,丙烯,延化60万吨/年气体分馏装置
97.76,ST040098,<p>%(v/v)</p>,2026-03-28 08:00:00,丙烷,延化60万吨/年气体分馏装置
0.000,ST040098,"<p>%(v/v)</p>
",2026-03-28 08:00:00,乙烷+乙烯,延化60万吨/年气体分馏装置
0.01,ST040098,<p>%(v/v)</p>,2026-03-28 08:00:00,正丁烷,延化60万吨/年气体分馏装置
0.00,ST040098,<p>%(v/v)</p>,2026-03-29 08:00:00,反丁烯,延化60万吨/年气体分馏装置
0.00,ST040098,<p>%(v/v)</p>,2026-03-29 08:00:00,碳五,延化60万吨/年气体分馏装置
0.00,ST040098,<p>%(v/v)</p>,2026-03-29 08:00:00,异丁烯,延化60万吨/年气体分馏装置
0.00,ST040098,<p>%(v/v)</p>,2026-03-29 08:00:00,顺丁烯,延化60万吨/年气体分馏装置
0.00,ST040098,<p>%(v/v)</p>,2026-03-29 08:00:00,正丁烯,延化60万吨/年气体分馏装置
0.11,ST040098,<p>%(v/v)</p>,2026-03-29 08:00:00,异丁烷,延化60万吨/年气体分馏装置
0.36,ST040098,<p>%(v/v)</p>,2026-03-29 08:00:00,丙烯,延化60万吨/年气体分馏装置
99.52,ST040098,<p>%(v/v)</p>,2026-03-29 08:00:00,丙烷,延化60万吨/年气体分馏装置
0.000,ST040098,"<p>%(v/v)</p>
",2026-03-29 08:00:00,乙烷+乙烯,延化60万吨/年气体分馏装置
0.01,ST040098,<p>%(v/v)</p>,2026-03-29 08:00:00,正丁烷,延化60万吨/年气体分馏装置
0.00,ST040098,<p>%(v/v)</p>,2026-03-30 08:00:00,反丁烯,延化60万吨/年气体分馏装置
0.00,ST040098,<p>%(v/v)</p>,2026-03-30 08:00:00,碳五,延化60万吨/年气体分馏装置
0.00,ST040098,<p>%(v/v)</p>,2026-03-30 08:00:00,异丁烯,延化60万吨/年气体分馏装置
0.00,ST040098,<p>%(v/v)</p>,2026-03-30 08:00:00,顺丁烯,延化60万吨/年气体分馏装置
0.00,ST040098,<p>%(v/v)</p>,2026-03-30 08:00:00,正丁烯,延化60万吨/年气体分馏装置
0.17,ST040098,<p>%(v/v)</p>,2026-03-30 08:00:00,异丁烷,延化60万吨/年气体分馏装置
1.13,ST040098,<p>%(v/v)</p>,2026-03-30 08:00:00,丙烯,延化60万吨/年气体分馏装置
98.67,ST040098,<p>%(v/v)</p>,2026-03-30 08:00:00,丙烷,延化60万吨/年气体分馏装置
0.000,ST040098,"<p>%(v/v)</p>
",2026-03-30 08:00:00,乙烷+乙烯,延化60万吨/年气体分馏装置
0.03,ST040098,<p>%(v/v)</p>,2026-03-30 08:00:00,正丁烷,延化60万吨/年气体分馏装置
0.00,ST040098,<p>%(v/v)</p>,2026-03-31 08:00:00,碳五,延化60万吨/年气体分馏装置
0.00,ST040098,<p>%(v/v)</p>,2026-03-31 08:00:00,异丁烯,延化60万吨/年气体分馏装置
0.00,ST040098,<p>%(v/v)</p>,2026-03-31 08:00:00,顺丁烯,延化60万吨/年气体分馏装置
0.01,ST040098,<p>%(v/v)</p>,2026-03-31 08:00:00,反丁烯,延化60万吨/年气体分馏装置
0.01,ST040098,<p>%(v/v)</p>,2026-03-31 08:00:00,正丁烯,延化60万吨/年气体分馏装置
0.06,ST040098,<p>%(v/v)</p>,2026-03-31 08:00:00,异丁烷,延化60万吨/年气体分馏装置
1.55,ST040098,<p>%(v/v)</p>,2026-03-31 08:00:00,丙烯,延化60万吨/年气体分馏装置
98.36,ST040098,<p>%(v/v)</p>,2026-03-31 08:00:00,丙烷,延化60万吨/年气体分馏装置
0.000,ST040098,"<p>%(v/v)</p>
",2026-03-31 08:00:00,乙烷+乙烯,延化60万吨/年气体分馏装置
0.01,ST040098,<p>%(v/v)</p>,2026-03-31 08:00:00,正丁烷,延化60万吨/年气体分馏装置
0.05,ST040098,<p>%(v/v)</p>,2026-04-01 08:00:00,反丁烯,延化60万吨/年气体分馏装置
0.01,ST040098,<p>%(v/v)</p>,2026-04-01 08:00:00,碳五,延化60万吨/年气体分馏装置
0.07,ST040098,<p>%(v/v)</p>,2026-04-01 08:00:00,异丁烯,延化60万吨/年气体分馏装置
0.05,ST040098,<p>%(v/v)</p>,2026-04-01 08:00:00,顺丁烯,延化60万吨/年气体分馏装置
0.05,ST040098,<p>%(v/v)</p>,2026-04-01 08:00:00,正丁烯,延化60万吨/年气体分馏装置
0.39,ST040098,<p>%(v/v)</p>,2026-04-01 08:00:00,异丁烷,延化60万吨/年气体分馏装置
1.05,ST040098,<p>%(v/v)</p>,2026-04-01 08:00:00,丙烯,延化60万吨/年气体分馏装置
97.87,ST040098,<p>%(v/v)</p>,2026-04-01 08:00:00,丙烷,延化60万吨/年气体分馏装置
0.000,ST040098,"<p>%(v/v)</p>
",2026-04-01 08:00:00,乙烷+乙烯,延化60万吨/年气体分馏装置
0.46,ST040098,<p>%(v/v)</p>,2026-04-01 08:00:00,正丁烷,延化60万吨/年气体分馏装置
0.00,ST040098,<p>%(v/v)</p>,2026-04-02 08:00:00,碳五,延化60万吨/年气体分馏装置
0.00,ST040098,<p>%(v/v)</p>,2026-04-02 08:00:00,异丁烯,延化60万吨/年气体分馏装置
0.00,ST040098,<p>%(v/v)</p>,2026-04-02 08:00:00,顺丁烯,延化60万吨/年气体分馏装置
0.00,ST040098,<p>%(v/v)</p>,2026-04-02 08:00:00,反丁烯,延化60万吨/年气体分馏装置
0.00,ST040098,<p>%(v/v)</p>,2026-04-02 08:00:00,正丁烯,延化60万吨/年气体分馏装置
0.00,ST040098,<p>%(v/v)</p>,2026-04-02 08:00:00,异丁烷,延化60万吨/年气体分馏装置
0.86,ST040098,<p>%(v/v)</p>,2026-04-02 08:00:00,丙烯,延化60万吨/年气体分馏装置
99.14,ST040098,<p>%(v/v)</p>,2026-04-02 08:00:00,丙烷,延化60万吨/年气体分馏装置
0.000,ST040098,"<p>%(v/v)</p>
",2026-04-02 08:00:00,乙烷+乙烯,延化60万吨/年气体分馏装置
0.00,ST040098,<p>%(v/v)</p>,2026-04-02 08:00:00,正丁烷,延化60万吨/年气体分馏装置
0.01,ST040098,<p>%(v/v)</p>,2026-04-03 08:00:00,反丁烯,延化60万吨/年气体分馏装置
0.00,ST040098,<p>%(v/v)</p>,2026-04-03 08:00:00,碳五,延化60万吨/年气体分馏装置
0.01,ST040098,<p>%(v/v)</p>,2026-04-03 08:00:00,异丁烯,延化60万吨/年气体分馏装置
0.01,ST040098,<p>%(v/v)</p>,2026-04-03 08:00:00,顺丁烯,延化60万吨/年气体分馏装置
0.00,ST040098,<p>%(v/v)</p>,2026-04-03 08:00:00,正丁烯,延化60万吨/年气体分馏装置
0.03,ST040098,<p>%(v/v)</p>,2026-04-03 08:00:00,异丁烷,延化60万吨/年气体分馏装置
1.49,ST040098,<p>%(v/v)</p>,2026-04-03 08:00:00,丙烯,延化60万吨/年气体分馏装置
98.44,ST040098,<p>%(v/v)</p>,2026-04-03 08:00:00,丙烷,延化60万吨/年气体分馏装置
0.000,ST040098,"<p>%(v/v)</p>
",2026-04-03 08:00:00,乙烷+乙烯,延化60万吨/年气体分馏装置
0.01,ST040098,<p>%(v/v)</p>,2026-04-03 08:00:00,正丁烷,延化60万吨/年气体分馏装置
0.00,ST040098,<p>%(v/v)</p>,2026-04-04 08:00:00,反丁烯,延化60万吨/年气体分馏装置
0.00,ST040098,<p>%(v/v)</p>,2026-04-04 08:00:00,碳五,延化60万吨/年气体分馏装置
0.00,ST040098,<p>%(v/v)</p>,2026-04-04 08:00:00,异丁烯,延化60万吨/年气体分馏装置
0.00,ST040098,<p>%(v/v)</p>,2026-04-04 08:00:00,顺丁烯,延化60万吨/年气体分馏装置
0.00,ST040098,<p>%(v/v)</p>,2026-04-04 08:00:00,正丁烯,延化60万吨/年气体分馏装置
0.00,ST040098,<p>%(v/v)</p>,2026-04-04 08:00:00,异丁烷,延化60万吨/年气体分馏装置
2.97,ST040098,<p>%(v/v)</p>,2026-04-04 08:00:00,丙烯,延化60万吨/年气体分馏装置
97.03,ST040098,<p>%(v/v)</p>,2026-04-04 08:00:00,丙烷,延化60万吨/年气体分馏装置
0.000,ST040098,"<p>%(v/v)</p>
",2026-04-04 08:00:00,乙烷+乙烯,延化60万吨/年气体分馏装置
0.00,ST040098,<p>%(v/v)</p>,2026-04-04 08:00:00,正丁烷,延化60万吨/年气体分馏装置
0.00,ST040098,<p>%(v/v)</p>,2026-04-05 08:00:00,反丁烯,延化60万吨/年气体分馏装置
0.01,ST040098,<p>%(v/v)</p>,2026-04-05 08:00:00,异丁烯,延化60万吨/年气体分馏装置
0.00,ST040098,<p>%(v/v)</p>,2026-04-05 08:00:00,顺丁烯,延化60万吨/年气体分馏装置
0.00,ST040098,<p>%(v/v)</p>,2026-04-05 08:00:00,碳五,延化60万吨/年气体分馏装置
0.01,ST040098,<p>%(v/v)</p>,2026-04-05 08:00:00,正丁烯,延化60万吨/年气体分馏装置
0.09,ST040098,<p>%(v/v)</p>,2026-04-05 08:00:00,异丁烷,延化60万吨/年气体分馏装置
0.42,ST040098,<p>%(v/v)</p>,2026-04-05 08:00:00,丙烯,延化60万吨/年气体分馏装置
99.46,ST040098,<p>%(v/v)</p>,2026-04-05 08:00:00,丙烷,延化60万吨/年气体分馏装置
0.000,ST040098,"<p>%(v/v)</p>
",2026-04-05 08:00:00,乙烷+乙烯,延化60万吨/年气体分馏装置
0.01,ST040098,<p>%(v/v)</p>,2026-04-05 08:00:00,正丁烷,延化60万吨/年气体分馏装置
0.00,ST040098,<p>%(v/v)</p>,2026-04-06 08:00:00,碳五,延化60万吨/年气体分馏装置
0.00,ST040098,<p>%(v/v)</p>,2026-04-06 08:00:00,异丁烯,延化60万吨/年气体分馏装置
0.01,ST040098,<p>%(v/v)</p>,2026-04-06 08:00:00,异丁烷,延化60万吨/年气体分馏装置
0.00,ST040098,<p>%(v/v)</p>,2026-04-06 08:00:00,顺丁烯,延化60万吨/年气体分馏装置
0.00,ST040098,<p>%(v/v)</p>,2026-04-06 08:00:00,正丁烯,延化60万吨/年气体分馏装置
0.00,ST040098,<p>%(v/v)</p>,2026-04-06 08:00:00,正丁烷,延化60万吨/年气体分馏装置
0.50,ST040098,<p>%(v/v)</p>,2026-04-06 08:00:00,丙烯,延化60万吨/年气体分馏装置
99.49,ST040098,<p>%(v/v)</p>,2026-04-06 08:00:00,丙烷,延化60万吨/年气体分馏装置
0.000,ST040098,"<p>%(v/v)</p>
",2026-04-06 08:00:00,乙烷+乙烯,延化60万吨/年气体分馏装置
0.00,ST040098,<p>%(v/v)</p>,2026-04-06 08:00:00,反丁烯,延化60万吨/年气体分馏装置
0.01,ST040098,<p>%(v/v)</p>,2026-04-07 08:00:00,碳五,延化60万吨/年气体分馏装置
0.02,ST040098,<p>%(v/v)</p>,2026-04-07 08:00:00,异丁烯,延化60万吨/年气体分馏装置
0.02,ST040098,<p>%(v/v)</p>,2026-04-07 08:00:00,顺丁烯,延化60万吨/年气体分馏装置
0.02,ST040098,<p>%(v/v)</p>,2026-04-07 08:00:00,反丁烯,延化60万吨/年气体分馏装置
0.01,ST040098,<p>%(v/v)</p>,2026-04-07 08:00:00,正丁烯,延化60万吨/年气体分馏装置
0.05,ST040098,<p>%(v/v)</p>,2026-04-07 08:00:00,异丁烷,延化60万吨/年气体分馏装置
0.76,ST040098,<p>%(v/v)</p>,2026-04-07 08:00:00,丙烯,延化60万吨/年气体分馏装置
99.08,ST040098,<p>%(v/v)</p>,2026-04-07 08:00:00,丙烷,延化60万吨/年气体分馏装置
0.000,ST040098,"<p>%(v/v)</p>
",2026-04-07 08:00:00,乙烷+乙烯,延化60万吨/年气体分馏装置
0.03,ST040098,<p>%(v/v)</p>,2026-04-07 08:00:00,正丁烷,延化60万吨/年气体分馏装置
0.00,ST040098,<p>%(v/v)</p>,2026-04-08 08:00:00,碳五,延化60万吨/年气体分馏装置
0.00,ST040098,<p>%(v/v)</p>,2026-04-08 08:00:00,正丁烷,延化60万吨/年气体分馏装置
0.00,ST040098,<p>%(v/v)</p>,2026-04-08 08:00:00,异丁烯,延化60万吨/年气体分馏装置
0.00,ST040098,<p>%(v/v)</p>,2026-04-08 08:00:00,顺丁烯,延化60万吨/年气体分馏装置
0.00,ST040098,<p>%(v/v)</p>,2026-04-08 08:00:00,正丁烯,延化60万吨/年气体分馏装置
0.00,ST040098,<p>%(v/v)</p>,2026-04-08 08:00:00,异丁烷,延化60万吨/年气体分馏装置
1.05,ST040098,<p>%(v/v)</p>,2026-04-08 08:00:00,丙烯,延化60万吨/年气体分馏装置
98.95,ST040098,<p>%(v/v)</p>,2026-04-08 08:00:00,丙烷,延化60万吨/年气体分馏装置
0.000,ST040098,"<p>%(v/v)</p>
",2026-04-08 08:00:00,乙烷+乙烯,延化60万吨/年气体分馏装置
0.00,ST040098,<p>%(v/v)</p>,2026-04-08 08:00:00,反丁烯,延化60万吨/年气体分馏装置
0.00,ST040098,<p>%(v/v)</p>,2026-04-09 08:00:00,碳五,延化60万吨/年气体分馏装置
0.01,ST040098,<p>%(v/v)</p>,2026-04-09 08:00:00,异丁烯,延化60万吨/年气体分馏装置
0.01,ST040098,<p>%(v/v)</p>,2026-04-09 08:00:00,顺丁烯,延化60万吨/年气体分馏装置
0.00,ST040098,<p>%(v/v)</p>,2026-04-09 08:00:00,反丁烯,延化60万吨/年气体分馏装置
0.00,ST040098,<p>%(v/v)</p>,2026-04-09 08:00:00,正丁烯,延化60万吨/年气体分馏装置
0.02,ST040098,<p>%(v/v)</p>,2026-04-09 08:00:00,异丁烷,延化60万吨/年气体分馏装置
1.61,ST040098,<p>%(v/v)</p>,2026-04-09 08:00:00,丙烯,延化60万吨/年气体分馏装置
98.34,ST040098,<p>%(v/v)</p>,2026-04-09 08:00:00,丙烷,延化60万吨/年气体分馏装置
0.000,ST040098,"<p>%(v/v)</p>
",2026-04-09 08:00:00,乙烷+乙烯,延化60万吨/年气体分馏装置
0.01,ST040098,<p>%(v/v)</p>,2026-04-09 08:00:00,正丁烷,延化60万吨/年气体分馏装置
0.00,ST040098,<p>%(v/v)</p>,2026-04-10 08:00:00,碳五,延化60万吨/年气体分馏装置
0.00,ST040098,<p>%(v/v)</p>,2026-04-10 08:00:00,异丁烯,延化60万吨/年气体分馏装置
0.00,ST040098,<p>%(v/v)</p>,2026-04-10 08:00:00,顺丁烯,延化60万吨/年气体分馏装置
0.00,ST040098,<p>%(v/v)</p>,2026-04-10 08:00:00,反丁烯,延化60万吨/年气体分馏装置
0.00,ST040098,<p>%(v/v)</p>,2026-04-10 08:00:00,正丁烯,延化60万吨/年气体分馏装置
0.01,ST040098,<p>%(v/v)</p>,2026-04-10 08:00:00,异丁烷,延化60万吨/年气体分馏装置
0.34,ST040098,<p>%(v/v)</p>,2026-04-10 08:00:00,丙烯,延化60万吨/年气体分馏装置
99.65,ST040098,<p>%(v/v)</p>,2026-04-10 08:00:00,丙烷,延化60万吨/年气体分馏装置
0.000,ST040098,"<p>%(v/v)</p>
",2026-04-10 08:00:00,乙烷+乙烯,延化60万吨/年气体分馏装置
0.00,ST040098,<p>%(v/v)</p>,2026-04-10 08:00:00,正丁烷,延化60万吨/年气体分馏装置
0.03,ST040098,<p>%(v/v)</p>,2026-04-11 08:00:00,正丁烷,延化60万吨/年气体分馏装置
0.17,ST040098,<p>%(v/v)</p>,2026-04-11 08:00:00,异丁烷,延化60万吨/年气体分馏装置
1.63,ST040098,<p>%(v/v)</p>,2026-04-11 08:00:00,丙烯,延化60万吨/年气体分馏装置
98.11,ST040098,<p>%(v/v)</p>,2026-04-11 08:00:00,丙烷,延化60万吨/年气体分馏装置
0.01,ST040098,<p>%(v/v)</p>,2026-04-11 08:00:00,顺丁烯,延化60万吨/年气体分馏装置
0.02,ST040098,<p>%(v/v)</p>,2026-04-11 08:00:00,正丁烯,延化60万吨/年气体分馏装置
0.02,ST040098,<p>%(v/v)</p>,2026-04-11 08:00:00,反丁烯,延化60万吨/年气体分馏装置
0.00,ST040098,<p>%(v/v)</p>,2026-04-11 08:00:00,碳五,延化60万吨/年气体分馏装置
0.01,ST040098,<p>%(v/v)</p>,2026-04-11 08:00:00,异丁烯,延化60万吨/年气体分馏装置
0.000,ST040098,"<p>%(v/v)</p>
",2026-04-11 08:00:00,乙烷+乙烯,延化60万吨/年气体分馏装置
99.93,ST040098,<p>%(v/v)</p>,2026-04-12 08:00:00,丙烷,延化60万吨/年气体分馏装置
0.01,ST040098,<p>%(v/v)</p>,2026-04-12 08:00:00,正丁烷,延化60万吨/年气体分馏装置
0.03,ST040098,<p>%(v/v)</p>,2026-04-12 08:00:00,异丁烷,延化60万吨/年气体分馏装置
0.02,ST040098,<p>%(v/v)</p>,2026-04-12 08:00:00,丙烯,延化60万吨/年气体分馏装置
0.000,ST040098,"<p>%(v/v)</p>
",2026-04-12 08:00:00,乙烷+乙烯,延化60万吨/年气体分馏装置
0.00,ST040098,<p>%(v/v)</p>,2026-04-12 08:00:00,正丁烯,延化60万吨/年气体分馏装置
0.00,ST040098,<p>%(v/v)</p>,2026-04-12 08:00:00,碳五,延化60万吨/年气体分馏装置
0.00,ST040098,<p>%(v/v)</p>,2026-04-12 08:00:00,异丁烯,延化60万吨/年气体分馏装置
0.00,ST040098,<p>%(v/v)</p>,2026-04-12 08:00:00,顺丁烯,延化60万吨/年气体分馏装置
0.01,ST040098,<p>%(v/v)</p>,2026-04-12 08:00:00,反丁烯,延化60万吨/年气体分馏装置
0.00,ST040098,<p>%(v/v)</p>,2026-04-13 08:00:00,碳五,延化60万吨/年气体分馏装置
0.07,ST040098,<p>%(v/v)</p>,2026-04-13 08:00:00,异丁烯,延化60万吨/年气体分馏装置
0.04,ST040098,<p>%(v/v)</p>,2026-04-13 08:00:00,顺丁烯,延化60万吨/年气体分馏装置
0.04,ST040098,<p>%(v/v)</p>,2026-04-13 08:00:00,反丁烯,延化60万吨/年气体分馏装置
0.05,ST040098,<p>%(v/v)</p>,2026-04-13 08:00:00,正丁烯,延化60万吨/年气体分馏装置
0.32,ST040098,<p>%(v/v)</p>,2026-04-13 08:00:00,异丁烷,延化60万吨/年气体分馏装置
0.50,ST040098,<p>%(v/v)</p>,2026-04-13 08:00:00,丙烯,延化60万吨/年气体分馏装置
98.85,ST040098,<p>%(v/v)</p>,2026-04-13 08:00:00,丙烷,延化60万吨/年气体分馏装置
0.000,ST040098,"<p>%(v/v)</p>
",2026-04-13 08:00:00,乙烷+乙烯,延化60万吨/年气体分馏装置
0.13,ST040098,<p>%(v/v)</p>,2026-04-13 08:00:00,正丁烷,延化60万吨/年气体分馏装置
0.00,ST040098,<p>%(v/v)</p>,2026-04-14 08:00:00,碳五,延化60万吨/年气体分馏装置
0.00,ST040098,<p>%(v/v)</p>,2026-04-14 08:00:00,异丁烯,延化60万吨/年气体分馏装置
0.00,ST040098,<p>%(v/v)</p>,2026-04-14 08:00:00,顺丁烯,延化60万吨/年气体分馏装置
0.00,ST040098,<p>%(v/v)</p>,2026-04-14 08:00:00,反丁烯,延化60万吨/年气体分馏装置
0.00,ST040098,<p>%(v/v)</p>,2026-04-14 08:00:00,正丁烯,延化60万吨/年气体分馏装置
0.00,ST040098,<p>%(v/v)</p>,2026-04-14 08:00:00,异丁烷,延化60万吨/年气体分馏装置
2.51,ST040098,<p>%(v/v)</p>,2026-04-14 08:00:00,丙烯,延化60万吨/年气体分馏装置
97.49,ST040098,<p>%(v/v)</p>,2026-04-14 08:00:00,丙烷,延化60万吨/年气体分馏装置
0.000,ST040098,"<p>%(v/v)</p>
",2026-04-14 08:00:00,乙烷+乙烯,延化60万吨/年气体分馏装置
0.00,ST040098,<p>%(v/v)</p>,2026-04-14 08:00:00,正丁烷,延化60万吨/年气体分馏装置
0.02,ST040098,<p>%(v/v)</p>,2026-04-15 08:00:00,反丁烯,延化60万吨/年气体分馏装置
0.00,ST040098,<p>%(v/v)</p>,2026-04-15 08:00:00,碳五,延化60万吨/年气体分馏装置
0.03,ST040098,<p>%(v/v)</p>,2026-04-15 08:00:00,异丁烯,延化60万吨/年气体分馏装置
0.02,ST040098,<p>%(v/v)</p>,2026-04-15 08:00:00,顺丁烯,延化60万吨/年气体分馏装置
0.02,ST040098,<p>%(v/v)</p>,2026-04-15 08:00:00,正丁烯,延化60万吨/年气体分馏装置
0.06,ST040098,<p>%(v/v)</p>,2026-04-15 08:00:00,异丁烷,延化60万吨/年气体分馏装置
1.59,ST040098,<p>%(v/v)</p>,2026-04-15 08:00:00,丙烯,延化60万吨/年气体分馏装置
98.23,ST040098,<p>%(v/v)</p>,2026-04-15 08:00:00,丙烷,延化60万吨/年气体分馏装置
0.000,ST040098,"<p>%(v/v)</p>
",2026-04-15 08:00:00,乙烷+乙烯,延化60万吨/年气体分馏装置
0.03,ST040098,<p>%(v/v)</p>,2026-04-15 08:00:00,正丁烷,延化60万吨/年气体分馏装置
0.18,ST040098,<p>%(v/v)</p>,2026-04-16 08:00:00,异丁烷,延化60万吨/年气体分馏装置
0.00,ST040098,<p>%(v/v)</p>,2026-04-16 08:00:00,碳五,延化60万吨/年气体分馏装置
0.00,ST040098,<p>%(v/v)</p>,2026-04-16 08:00:00,异丁烯,延化60万吨/年气体分馏装置
0.00,ST040098,<p>%(v/v)</p>,2026-04-16 08:00:00,顺丁烯,延化60万吨/年气体分馏装置
0.00,ST040098,<p>%(v/v)</p>,2026-04-16 08:00:00,正丁烯,延化60万吨/年气体分馏装置
0.00,ST040098,<p>%(v/v)</p>,2026-04-16 08:00:00,正丁烷,延化60万吨/年气体分馏装置
1.28,ST040098,<p>%(v/v)</p>,2026-04-16 08:00:00,丙烯,延化60万吨/年气体分馏装置
98.54,ST040098,<p>%(v/v)</p>,2026-04-16 08:00:00,丙烷,延化60万吨/年气体分馏装置
0.000,ST040098,"<p>%(v/v)</p>
",2026-04-16 08:00:00,乙烷+乙烯,延化60万吨/年气体分馏装置
0.00,ST040098,<p>%(v/v)</p>,2026-04-16 08:00:00,反丁烯,延化60万吨/年气体分馏装置
0.000,ST040098,"<p>%(v/v)</p>
",2026-04-17 08:00:00,乙烷+乙烯,延化60万吨/年气体分馏装置
0.00,ST040098,<p>%(v/v)</p>,2026-04-17 08:00:00,正丁烯,延化60万吨/年气体分馏装置
0.00,ST040098,<p>%(v/v)</p>,2026-04-17 08:00:00,碳五,延化60万吨/年气体分馏装置
0.00,ST040098,<p>%(v/v)</p>,2026-04-17 08:00:00,异丁烯,延化60万吨/年气体分馏装置
99.75,ST040098,<p>%(v/v)</p>,2026-04-17 08:00:00,丙烷,延化60万吨/年气体分馏装置
0.00,ST040098,<p>%(v/v)</p>,2026-04-17 08:00:00,反丁烯,延化60万吨/年气体分馏装置
0.01,ST040098,<p>%(v/v)</p>,2026-04-17 08:00:00,正丁烷,延化60万吨/年气体分馏装置
0.05,ST040098,<p>%(v/v)</p>,2026-04-17 08:00:00,异丁烷,延化60万吨/年气体分馏装置
0.19,ST040098,<p>%(v/v)</p>,2026-04-17 08:00:00,丙烯,延化60万吨/年气体分馏装置
0.00,ST040098,<p>%(v/v)</p>,2026-04-17 08:00:00,顺丁烯,延化60万吨/年气体分馏装置
0.01,ST040098,<p>%(v/v)</p>,2026-04-18 08:00:00,正丁烷,延化60万吨/年气体分馏装置
0.04,ST040098,<p>%(v/v)</p>,2026-04-18 08:00:00,异丁烷,延化60万吨/年气体分馏装置
0.31,ST040098,<p>%(v/v)</p>,2026-04-18 08:00:00,丙烯,延化60万吨/年气体分馏装置
99.60,ST040098,<p>%(v/v)</p>,2026-04-18 08:00:00,丙烷,延化60万吨/年气体分馏装置
0.01,ST040098,<p>%(v/v)</p>,2026-04-18 08:00:00,反丁烯,延化60万吨/年气体分馏装置
0.01,ST040098,<p>%(v/v)</p>,2026-04-18 08:00:00,正丁烯,延化60万吨/年气体分馏装置
0.00,ST040098,<p>%(v/v)</p>,2026-04-18 08:00:00,碳五,延化60万吨/年气体分馏装置
0.01,ST040098,<p>%(v/v)</p>,2026-04-18 08:00:00,异丁烯,延化60万吨/年气体分馏装置
0.01,ST040098,<p>%(v/v)</p>,2026-04-18 08:00:00,顺丁烯,延化60万吨/年气体分馏装置
0.000,ST040098,"<p>%(v/v)</p>
",2026-04-18 08:00:00,乙烷+乙烯,延化60万吨/年气体分馏装置
0.08,ST040098,<p>%(v/v)</p>,2026-04-19 08:00:00,顺丁烯,延化60万吨/年气体分馏装置
0.08,ST040098,<p>%(v/v)</p>,2026-04-19 08:00:00,正丁烯,延化60万吨/年气体分馏装置
0.00,ST040098,<p>%(v/v)</p>,2026-04-19 08:00:00,碳五,延化60万吨/年气体分馏装置
0.10,ST040098,<p>%(v/v)</p>,2026-04-19 08:00:00,异丁烯,延化60万吨/年气体分馏装置
98.72,ST040098,<p>%(v/v)</p>,2026-04-19 08:00:00,丙烷,延化60万吨/年气体分馏装置
0.15,ST040098,<p>%(v/v)</p>,2026-04-19 08:00:00,正丁烷,延化60万吨/年气体分馏装置
0.000,ST040098,"<p>%(v/v)</p>
",2026-04-19 08:00:00,乙烷+乙烯,延化60万吨/年气体分馏装置
0.32,ST040098,<p>%(v/v)</p>,2026-04-19 08:00:00,异丁烷,延化60万吨/年气体分馏装置
0.47,ST040098,<p>%(v/v)</p>,2026-04-19 08:00:00,丙烯,延化60万吨/年气体分馏装置
0.08,ST040098,<p>%(v/v)</p>,2026-04-19 08:00:00,反丁烯,延化60万吨/年气体分馏装置
0.00,ST040098,<p>%(v/v)</p>,2026-04-20 08:00:00,碳五,延化60万吨/年气体分馏装置
0.00,ST040098,<p>%(v/v)</p>,2026-04-20 08:00:00,异丁烯,延化60万吨/年气体分馏装置
0.00,ST040098,<p>%(v/v)</p>,2026-04-20 08:00:00,顺丁烯,延化60万吨/年气体分馏装置
0.00,ST040098,<p>%(v/v)</p>,2026-04-20 08:00:00,反丁烯,延化60万吨/年气体分馏装置
0.00,ST040098,<p>%(v/v)</p>,2026-04-20 08:00:00,正丁烯,延化60万吨/年气体分馏装置
0.00,ST040098,<p>%(v/v)</p>,2026-04-20 08:00:00,异丁烷,延化60万吨/年气体分馏装置
1.47,ST040098,<p>%(v/v)</p>,2026-04-20 08:00:00,丙烯,延化60万吨/年气体分馏装置
98.53,ST040098,<p>%(v/v)</p>,2026-04-20 08:00:00,丙烷,延化60万吨/年气体分馏装置
0.000,ST040098,"<p>%(v/v)</p>
",2026-04-20 08:00:00,乙烷+乙烯,延化60万吨/年气体分馏装置
0.00,ST040098,<p>%(v/v)</p>,2026-04-20 08:00:00,正丁烷,延化60万吨/年气体分馏装置
0.00,ST040098,<p>%(v/v)</p>,2026-04-21 08:00:00,顺丁烯,延化60万吨/年气体分馏装置
0.00,ST040098,<p>%(v/v)</p>,2026-04-21 08:00:00,碳五,延化60万吨/年气体分馏装置
0.01,ST040098,<p>%(v/v)</p>,2026-04-21 08:00:00,异丁烯,延化60万吨/年气体分馏装置
0.01,ST040098,<p>%(v/v)</p>,2026-04-21 08:00:00,反丁烯,延化60万吨/年气体分馏装置
0.01,ST040098,<p>%(v/v)</p>,2026-04-21 08:00:00,正丁烯,延化60万吨/年气体分馏装置
0.03,ST040098,<p>%(v/v)</p>,2026-04-21 08:00:00,异丁烷,延化60万吨/年气体分馏装置
2.45,ST040098,<p>%(v/v)</p>,2026-04-21 08:00:00,丙烯,延化60万吨/年气体分馏装置
97.47,ST040098,<p>%(v/v)</p>,2026-04-21 08:00:00,丙烷,延化60万吨/年气体分馏装置
0.000,ST040098,"<p>%(v/v)</p>
",2026-04-21 08:00:00,乙烷+乙烯,延化60万吨/年气体分馏装置
0.02,ST040098,<p>%(v/v)</p>,2026-04-21 08:00:00,正丁烷,延化60万吨/年气体分馏装置
0.00,ST040098,<p>%(v/v)</p>,2026-04-22 08:00:00,碳五,延化60万吨/年气体分馏装置
0.00,ST040098,<p>%(v/v)</p>,2026-04-22 08:00:00,异丁烯,延化60万吨/年气体分馏装置
0.00,ST040098,<p>%(v/v)</p>,2026-04-22 08:00:00,顺丁烯,延化60万吨/年气体分馏装置
0.00,ST040098,<p>%(v/v)</p>,2026-04-22 08:00:00,反丁烯,延化60万吨/年气体分馏装置
0.00,ST040098,<p>%(v/v)</p>,2026-04-22 08:00:00,正丁烯,延化60万吨/年气体分馏装置
0.04,ST040098,<p>%(v/v)</p>,2026-04-22 08:00:00,异丁烷,延化60万吨/年气体分馏装置
2.10,ST040098,<p>%(v/v)</p>,2026-04-22 08:00:00,丙烯,延化60万吨/年气体分馏装置
97.85,ST040098,<p>%(v/v)</p>,2026-04-22 08:00:00,丙烷,延化60万吨/年气体分馏装置
0.000,ST040098,"<p>%(v/v)</p>
",2026-04-22 08:00:00,乙烷+乙烯,延化60万吨/年气体分馏装置
0.01,ST040098,<p>%(v/v)</p>,2026-04-22 08:00:00,正丁烷,延化60万吨/年气体分馏装置
0.01,ST040098,<p>%(v/v)</p>,2026-04-23 08:00:00,反丁烯,延化60万吨/年气体分馏装置
0.00,ST040098,<p>%(v/v)</p>,2026-04-23 08:00:00,碳五,延化60万吨/年气体分馏装置
0.00,ST040098,<p>%(v/v)</p>,2026-04-23 08:00:00,异丁烯,延化60万吨/年气体分馏装置
0.00,ST040098,<p>%(v/v)</p>,2026-04-23 08:00:00,顺丁烯,延化60万吨/年气体分馏装置
0.01,ST040098,<p>%(v/v)</p>,2026-04-23 08:00:00,正丁烯,延化60万吨/年气体分馏装置
0.10,ST040098,<p>%(v/v)</p>,2026-04-23 08:00:00,异丁烷,延化60万吨/年气体分馏装置
2.07,ST040098,<p>%(v/v)</p>,2026-04-23 08:00:00,丙烯,延化60万吨/年气体分馏装置
97.79,ST040098,<p>%(v/v)</p>,2026-04-23 08:00:00,丙烷,延化60万吨/年气体分馏装置
0.000,ST040098,"<p>%(v/v)</p>
",2026-04-23 08:00:00,乙烷+乙烯,延化60万吨/年气体分馏装置
0.02,ST040098,<p>%(v/v)</p>,2026-04-23 08:00:00,正丁烷,延化60万吨/年气体分馏装置
0.00,ST040098,<p>%(v/v)</p>,2026-04-24 08:00:00,顺丁烯,延化60万吨/年气体分馏装置
0.01,ST040098,<p>%(v/v)</p>,2026-04-24 08:00:00,反丁烯,延化60万吨/年气体分馏装置
0.01,ST040098,<p>%(v/v)</p>,2026-04-24 08:00:00,正丁烷,延化60万吨/年气体分馏装置
0.06,ST040098,<p>%(v/v)</p>,2026-04-24 08:00:00,异丁烷,延化60万吨/年气体分馏装置
0.01,ST040098,<p>%(v/v)</p>,2026-04-24 08:00:00,异丁烯,延化60万吨/年气体分馏装置
99.73,ST040098,<p>%(v/v)</p>,2026-04-24 08:00:00,丙烷,延化60万吨/年气体分馏装置
0.000,ST040098,"<p>%(v/v)</p>
",2026-04-24 08:00:00,乙烷+乙烯,延化60万吨/年气体分馏装置
0.01,ST040098,<p>%(v/v)</p>,2026-04-24 08:00:00,正丁烯,延化60万吨/年气体分馏装置
0.00,ST040098,<p>%(v/v)</p>,2026-04-24 08:00:00,碳五,延化60万吨/年气体分馏装置
0.17,ST040098,<p>%(v/v)</p>,2026-04-24 08:00:00,丙烯,延化60万吨/年气体分馏装置
0.00,ST040098,<p>%(v/v)</p>,2026-04-25 08:00:00,碳五,延化60万吨/年气体分馏装置
0.04,ST040098,<p>%(v/v)</p>,2026-04-25 08:00:00,异丁烯,延化60万吨/年气体分馏装置
0.03,ST040098,<p>%(v/v)</p>,2026-04-25 08:00:00,顺丁烯,延化60万吨/年气体分馏装置
0.03,ST040098,<p>%(v/v)</p>,2026-04-25 08:00:00,反丁烯,延化60万吨/年气体分馏装置
0.02,ST040098,<p>%(v/v)</p>,2026-04-25 08:00:00,正丁烯,延化60万吨/年气体分馏装置
0.14,ST040098,<p>%(v/v)</p>,2026-04-25 08:00:00,异丁烷,延化60万吨/年气体分馏装置
0.13,ST040098,<p>%(v/v)</p>,2026-04-25 08:00:00,丙烯,延化60万吨/年气体分馏装置
99.55,ST040098,<p>%(v/v)</p>,2026-04-25 08:00:00,丙烷,延化60万吨/年气体分馏装置
0.000,ST040098,"<p>%(v/v)</p>
",2026-04-25 08:00:00,乙烷+乙烯,延化60万吨/年气体分馏装置
0.06,ST040098,<p>%(v/v)</p>,2026-04-25 08:00:00,正丁烷,延化60万吨/年气体分馏装置
0.00,ST040098,<p>%(v/v)</p>,2026-04-26 08:00:00,反丁烯,延化60万吨/年气体分馏装置
0.00,ST040098,<p>%(v/v)</p>,2026-04-26 08:00:00,碳五,延化60万吨/年气体分馏装置
0.00,ST040098,<p>%(v/v)</p>,2026-04-26 08:00:00,异丁烯,延化60万吨/年气体分馏装置
0.00,ST040098,<p>%(v/v)</p>,2026-04-26 08:00:00,顺丁烯,延化60万吨/年气体分馏装置
0.00,ST040098,<p>%(v/v)</p>,2026-04-26 08:00:00,正丁烯,延化60万吨/年气体分馏装置
0.00,ST040098,<p>%(v/v)</p>,2026-04-26 08:00:00,异丁烷,延化60万吨/年气体分馏装置
0.34,ST040098,<p>%(v/v)</p>,2026-04-26 08:00:00,丙烯,延化60万吨/年气体分馏装置
99.66,ST040098,<p>%(v/v)</p>,2026-04-26 08:00:00,丙烷,延化60万吨/年气体分馏装置
0.000,ST040098,"<p>%(v/v)</p>
",2026-04-26 08:00:00,乙烷+乙烯,延化60万吨/年气体分馏装置
0.00,ST040098,<p>%(v/v)</p>,2026-04-26 08:00:00,正丁烷,延化60万吨/年气体分馏装置
0.00,ST040098,<p>%(v/v)</p>,2026-04-27 08:00:00,反丁烯,延化60万吨/年气体分馏装置
0.00,ST040098,<p>%(v/v)</p>,2026-04-27 08:00:00,碳五,延化60万吨/年气体分馏装置
0.00,ST040098,<p>%(v/v)</p>,2026-04-27 08:00:00,异丁烯,延化60万吨/年气体分馏装置
0.01,ST040098,<p>%(v/v)</p>,2026-04-27 08:00:00,顺丁烯,延化60万吨/年气体分馏装置
0.00,ST040098,<p>%(v/v)</p>,2026-04-27 08:00:00,正丁烯,延化60万吨/年气体分馏装置
0.01,ST040098,<p>%(v/v)</p>,2026-04-27 08:00:00,异丁烷,延化60万吨/年气体分馏装置
1.32,ST040098,<p>%(v/v)</p>,2026-04-27 08:00:00,丙烯,延化60万吨/年气体分馏装置
98.65,ST040098,<p>%(v/v)</p>,2026-04-27 08:00:00,丙烷,延化60万吨/年气体分馏装置
0.000,ST040098,"<p>%(v/v)</p>
",2026-04-27 08:00:00,乙烷+乙烯,延化60万吨/年气体分馏装置
0.01,ST040098,<p>%(v/v)</p>,2026-04-27 08:00:00,正丁烷,延化60万吨/年气体分馏装置
0.01,ST040098,<p>%(v/v)</p>,2026-04-28 08:00:00,反丁烯,延化60万吨/年气体分馏装置
0.00,ST040098,<p>%(v/v)</p>,2026-04-28 08:00:00,碳五,延化60万吨/年气体分馏装置
0.00,ST040098,<p>%(v/v)</p>,2026-04-28 08:00:00,异丁烯,延化60万吨/年气体分馏装置
0.00,ST040098,<p>%(v/v)</p>,2026-04-28 08:00:00,顺丁烯,延化60万吨/年气体分馏装置
0.01,ST040098,<p>%(v/v)</p>,2026-04-28 08:00:00,正丁烯,延化60万吨/年气体分馏装置
0.01,ST040098,<p>%(v/v)</p>,2026-04-28 08:00:00,异丁烷,延化60万吨/年气体分馏装置
0.05,ST040098,<p>%(v/v)</p>,2026-04-28 08:00:00,丙烯,延化60万吨/年气体分馏装置
99.91,ST040098,<p>%(v/v)</p>,2026-04-28 08:00:00,丙烷,延化60万吨/年气体分馏装置
0.000,ST040098,"<p>%(v/v)</p>
",2026-04-28 08:00:00,乙烷+乙烯,延化60万吨/年气体分馏装置
0.01,ST040098,<p>%(v/v)</p>,2026-04-28 08:00:00,正丁烷,延化60万吨/年气体分馏装置
0.00,ST040098,<p>%(v/v)</p>,2026-04-29 08:00:00,反丁烯,延化60万吨/年气体分馏装置
0.00,ST040098,<p>%(v/v)</p>,2026-04-29 08:00:00,碳五,延化60万吨/年气体分馏装置
0.00,ST040098,<p>%(v/v)</p>,2026-04-29 08:00:00,异丁烯,延化60万吨/年气体分馏装置
0.00,ST040098,<p>%(v/v)</p>,2026-04-29 08:00:00,顺丁烯,延化60万吨/年气体分馏装置
0.00,ST040098,<p>%(v/v)</p>,2026-04-29 08:00:00,正丁烯,延化60万吨/年气体分馏装置
0.06,ST040098,<p>%(v/v)</p>,2026-04-29 08:00:00,异丁烷,延化60万吨/年气体分馏装置
0.25,ST040098,<p>%(v/v)</p>,2026-04-29 08:00:00,丙烯,延化60万吨/年气体分馏装置
99.68,ST040098,<p>%(v/v)</p>,2026-04-29 08:00:00,丙烷,延化60万吨/年气体分馏装置
0.000,ST040098,"<p>%(v/v)</p>
",2026-04-29 08:00:00,乙烷+乙烯,延化60万吨/年气体分馏装置
0.01,ST040098,<p>%(v/v)</p>,2026-04-29 08:00:00,正丁烷,延化60万吨/年气体分馏装置
0.00,ST040098,<p>%(v/v)</p>,2026-04-30 08:00:00,反丁烯,延化60万吨/年气体分馏装置
0.00,ST040098,<p>%(v/v)</p>,2026-04-30 08:00:00,碳五,延化60万吨/年气体分馏装置
0.00,ST040098,<p>%(v/v)</p>,2026-04-30 08:00:00,异丁烯,延化60万吨/年气体分馏装置
0.00,ST040098,<p>%(v/v)</p>,2026-04-30 08:00:00,顺丁烯,延化60万吨/年气体分馏装置
0.00,ST040098,<p>%(v/v)</p>,2026-04-30 08:00:00,正丁烯,延化60万吨/年气体分馏装置
0.01,ST040098,<p>%(v/v)</p>,2026-04-30 08:00:00,异丁烷,延化60万吨/年气体分馏装置
0.26,ST040098,<p>%(v/v)</p>,2026-04-30 08:00:00,丙烯,延化60万吨/年气体分馏装置
99.73,ST040098,<p>%(v/v)</p>,2026-04-30 08:00:00,丙烷,延化60万吨/年气体分馏装置
0.000,ST040098,"<p>%(v/v)</p>
",2026-04-30 08:00:00,乙烷+乙烯,延化60万吨/年气体分馏装置
0.00,ST040098,<p>%(v/v)</p>,2026-04-30 08:00:00,正丁烷,延化60万吨/年气体分馏装置
