result,sampleDotCode,unitName,sampleTime,resultName,deviceName
<-19,ST040042,℃,2025-05-01 20:00:00,冷滤点,延化140万吨/年柴油精制装置
-26,ST040042,℃,2025-05-01 20:00:00,凝点,延化140万吨/年柴油精制装置
864.0,ST040042,<p>kg/m<sup>3</sup></p>,2025-05-01 20:00:00,密度ρ20,延化140万吨/年柴油精制装置
3.00,ST040042,<p>ppm</p>,2025-05-01 20:00:00,硫含量,延化140万吨/年柴油精制装置
346.5,ST040042,℃,2025-05-01 20:00:00,95%回收温度,延化140万吨/年柴油精制装置
82.0,ST040042,℃,2025-05-01 20:00:00,闪点(闭口),延化140万吨/年柴油精制装置
262.0,ST040042,℃,2025-05-01 20:00:00,50%回收温度,延化140万吨/年柴油精制装置
218.5,ST040042,℃,2025-05-01 20:00:00,10%回收温度,延化140万吨/年柴油精制装置
192.5,ST040042,℃,2025-05-01 20:00:00,初馏点,延化140万吨/年柴油精制装置
41,ST040042,,2025-05-01 20:00:00,十六烷指数,延化140万吨/年柴油精制装置
332.5,ST040042,℃,2025-05-01 20:00:00,90%回收温度,延化140万吨/年柴油精制装置
<-19,ST040042,℃,2025-05-02 20:00:00,冷滤点,延化140万吨/年柴油精制装置
-25,ST040042,℃,2025-05-02 20:00:00,凝点,延化140万吨/年柴油精制装置
864.1,ST040042,<p>kg/m<sup>3</sup></p>,2025-05-02 20:00:00,密度ρ20,延化140万吨/年柴油精制装置
3.00,ST040042,<p>ppm</p>,2025-05-02 20:00:00,硫含量,延化140万吨/年柴油精制装置
352.5,ST040042,℃,2025-05-02 20:00:00,95%回收温度,延化140万吨/年柴油精制装置
82.0,ST040042,℃,2025-05-02 20:00:00,闪点(闭口),延化140万吨/年柴油精制装置
266.0,ST040042,℃,2025-05-02 20:00:00,50%回收温度,延化140万吨/年柴油精制装置
221.5,ST040042,℃,2025-05-02 20:00:00,10%回收温度,延化140万吨/年柴油精制装置
191.5,ST040042,℃,2025-05-02 20:00:00,初馏点,延化140万吨/年柴油精制装置
42,ST040042,,2025-05-02 20:00:00,十六烷指数,延化140万吨/年柴油精制装置
335.5,ST040042,℃,2025-05-02 20:00:00,90%回收温度,延化140万吨/年柴油精制装置
265.0,ST040042,℃,2025-05-03 20:00:00,50%回收温度,延化140万吨/年柴油精制装置
336.5,ST040042,℃,2025-05-03 20:00:00,90%回收温度,延化140万吨/年柴油精制装置
356.0,ST040042,℃,2025-05-03 20:00:00,95%回收温度,延化140万吨/年柴油精制装置
<-19,ST040042,℃,2025-05-03 20:00:00,冷滤点,延化140万吨/年柴油精制装置
-24,ST040042,℃,2025-05-03 20:00:00,凝点,延化140万吨/年柴油精制装置
219.5,ST040042,℃,2025-05-03 20:00:00,10%回收温度,延化140万吨/年柴油精制装置
4.00,ST040042,<p>ppm</p>,2025-05-03 20:00:00,硫含量,延化140万吨/年柴油精制装置
41,ST040042,,2025-05-03 20:00:00,十六烷指数,延化140万吨/年柴油精制装置
83.0,ST040042,℃,2025-05-03 20:00:00,闪点(闭口),延化140万吨/年柴油精制装置
192.0,ST040042,℃,2025-05-03 20:00:00,初馏点,延化140万吨/年柴油精制装置
863.8,ST040042,<p>kg/m<sup>3</sup></p>,2025-05-03 20:00:00,密度ρ20,延化140万吨/年柴油精制装置
197.0,ST040042,℃,2025-05-04 20:00:00,初馏点,延化140万吨/年柴油精制装置
222.0,ST040042,℃,2025-05-04 20:00:00,10%回收温度,延化140万吨/年柴油精制装置
267.0,ST040042,℃,2025-05-04 20:00:00,50%回收温度,延化140万吨/年柴油精制装置
334.5,ST040042,℃,2025-05-04 20:00:00,90%回收温度,延化140万吨/年柴油精制装置
354.5,ST040042,℃,2025-05-04 20:00:00,95%回收温度,延化140万吨/年柴油精制装置
82.0,ST040042,℃,2025-05-04 20:00:00,闪点(闭口),延化140万吨/年柴油精制装置
-24,ST040042,℃,2025-05-04 20:00:00,凝点,延化140万吨/年柴油精制装置
863.9,ST040042,<p>kg/m<sup>3</sup></p>,2025-05-04 20:00:00,密度ρ20,延化140万吨/年柴油精制装置
4.00,ST040042,<p>ppm</p>,2025-05-04 20:00:00,硫含量,延化140万吨/年柴油精制装置
42,ST040042,,2025-05-04 20:00:00,十六烷指数,延化140万吨/年柴油精制装置
<-19,ST040042,℃,2025-05-04 20:00:00,冷滤点,延化140万吨/年柴油精制装置
4.00,ST040042,<p>ppm</p>,2025-05-05 20:00:00,硫含量,延化140万吨/年柴油精制装置
<-19,ST040042,℃,2025-05-05 20:00:00,冷滤点,延化140万吨/年柴油精制装置
-24,ST040042,℃,2025-05-05 20:00:00,凝点,延化140万吨/年柴油精制装置
864.0,ST040042,<p>kg/m<sup>3</sup></p>,2025-05-05 20:00:00,密度ρ20,延化140万吨/年柴油精制装置
354.5,ST040042,℃,2025-05-05 20:00:00,95%回收温度,延化140万吨/年柴油精制装置
83.0,ST040042,℃,2025-05-05 20:00:00,闪点(闭口),延化140万吨/年柴油精制装置
267.5,ST040042,℃,2025-05-05 20:00:00,50%回收温度,延化140万吨/年柴油精制装置
220.5,ST040042,℃,2025-05-05 20:00:00,10%回收温度,延化140万吨/年柴油精制装置
191.0,ST040042,℃,2025-05-05 20:00:00,初馏点,延化140万吨/年柴油精制装置
42,ST040042,,2025-05-05 20:00:00,十六烷指数,延化140万吨/年柴油精制装置
334.0,ST040042,℃,2025-05-05 20:00:00,90%回收温度,延化140万吨/年柴油精制装置
864.8,ST040042,<p>kg/m<sup>3</sup></p>,2025-05-06 20:00:00,密度ρ20,延化140万吨/年柴油精制装置
82.0,ST040042,℃,2025-05-06 20:00:00,闪点(闭口),延化140万吨/年柴油精制装置
194.0,ST040042,℃,2025-05-06 20:00:00,初馏点,延化140万吨/年柴油精制装置
221.0,ST040042,℃,2025-05-06 20:00:00,10%回收温度,延化140万吨/年柴油精制装置
265.0,ST040042,℃,2025-05-06 20:00:00,50%回收温度,延化140万吨/年柴油精制装置
-24,ST040042,℃,2025-05-06 20:00:00,凝点,延化140万吨/年柴油精制装置
354.0,ST040042,℃,2025-05-06 20:00:00,95%回收温度,延化140万吨/年柴油精制装置
41,ST040042,,2025-05-06 20:00:00,十六烷指数,延化140万吨/年柴油精制装置
4.00,ST040042,<p>ppm</p>,2025-05-06 20:00:00,硫含量,延化140万吨/年柴油精制装置
<-19,ST040042,℃,2025-05-06 20:00:00,冷滤点,延化140万吨/年柴油精制装置
333.0,ST040042,℃,2025-05-06 20:00:00,90%回收温度,延化140万吨/年柴油精制装置
4.00,ST040042,<p>ppm</p>,2025-05-07 20:00:00,硫含量,延化140万吨/年柴油精制装置
<-19,ST040042,℃,2025-05-07 20:00:00,冷滤点,延化140万吨/年柴油精制装置
-25,ST040042,℃,2025-05-07 20:00:00,凝点,延化140万吨/年柴油精制装置
861.5,ST040042,<p>kg/m<sup>3</sup></p>,2025-05-07 20:00:00,密度ρ20,延化140万吨/年柴油精制装置
353.5,ST040042,℃,2025-05-07 20:00:00,95%回收温度,延化140万吨/年柴油精制装置
83.0,ST040042,℃,2025-05-07 20:00:00,闪点(闭口),延化140万吨/年柴油精制装置
265.0,ST040042,℃,2025-05-07 20:00:00,50%回收温度,延化140万吨/年柴油精制装置
221.5,ST040042,℃,2025-05-07 20:00:00,10%回收温度,延化140万吨/年柴油精制装置
191.5,ST040042,℃,2025-05-07 20:00:00,初馏点,延化140万吨/年柴油精制装置
42,ST040042,,2025-05-07 20:00:00,十六烷指数,延化140万吨/年柴油精制装置
334.5,ST040042,℃,2025-05-07 20:00:00,90%回收温度,延化140万吨/年柴油精制装置
-16,ST040042,℃,2025-05-08 20:00:00,冷滤点,延化140万吨/年柴油精制装置
-23,ST040042,℃,2025-05-08 20:00:00,凝点,延化140万吨/年柴油精制装置
863.7,ST040042,<p>kg/m<sup>3</sup></p>,2025-05-08 20:00:00,密度ρ20,延化140万吨/年柴油精制装置
3.00,ST040042,<p>ppm</p>,2025-05-08 20:00:00,硫含量,延化140万吨/年柴油精制装置
42,ST040042,,2025-05-08 20:00:00,十六烷指数,延化140万吨/年柴油精制装置
354.5,ST040042,℃,2025-05-08 20:00:00,95%回收温度,延化140万吨/年柴油精制装置
194.5,ST040042,℃,2025-05-08 20:00:00,初馏点,延化140万吨/年柴油精制装置
222.5,ST040042,℃,2025-05-08 20:00:00,10%回收温度,延化140万吨/年柴油精制装置
265.0,ST040042,℃,2025-05-08 20:00:00,50%回收温度,延化140万吨/年柴油精制装置
334.5,ST040042,℃,2025-05-08 20:00:00,90%回收温度,延化140万吨/年柴油精制装置
82.0,ST040042,℃,2025-05-08 20:00:00,闪点(闭口),延化140万吨/年柴油精制装置
190.0,ST040042,℃,2025-05-09 20:00:00,初馏点,延化140万吨/年柴油精制装置
221.0,ST040042,℃,2025-05-09 20:00:00,10%回收温度,延化140万吨/年柴油精制装置
266.0,ST040042,℃,2025-05-09 20:00:00,50%回收温度,延化140万吨/年柴油精制装置
337.0,ST040042,℃,2025-05-09 20:00:00,90%回收温度,延化140万吨/年柴油精制装置
356.0,ST040042,℃,2025-05-09 20:00:00,95%回收温度,延化140万吨/年柴油精制装置
83.0,ST040042,℃,2025-05-09 20:00:00,闪点(闭口),延化140万吨/年柴油精制装置
864.8,ST040042,<p>kg/m<sup>3</sup></p>,2025-05-09 20:00:00,密度ρ20,延化140万吨/年柴油精制装置
3.00,ST040042,<p>ppm</p>,2025-05-09 20:00:00,硫含量,延化140万吨/年柴油精制装置
-18,ST040042,℃,2025-05-09 20:00:00,冷滤点,延化140万吨/年柴油精制装置
42,ST040042,,2025-05-09 20:00:00,十六烷指数,延化140万吨/年柴油精制装置
-24,ST040042,℃,2025-05-09 20:00:00,凝点,延化140万吨/年柴油精制装置
194.6,ST040042,℃,2025-05-10 20:00:00,初馏点,延化140万吨/年柴油精制装置
221.7,ST040042,℃,2025-05-10 20:00:00,10%回收温度,延化140万吨/年柴油精制装置
267.0,ST040042,℃,2025-05-10 20:00:00,50%回收温度,延化140万吨/年柴油精制装置
334.9,ST040042,℃,2025-05-10 20:00:00,90%回收温度,延化140万吨/年柴油精制装置
354.5,ST040042,℃,2025-05-10 20:00:00,95%回收温度,延化140万吨/年柴油精制装置
81.0,ST040042,℃,2025-05-10 20:00:00,闪点(闭口),延化140万吨/年柴油精制装置
-23,ST040042,℃,2025-05-10 20:00:00,凝点,延化140万吨/年柴油精制装置
865.7,ST040042,<p>kg/m<sup>3</sup></p>,2025-05-10 20:00:00,密度ρ20,延化140万吨/年柴油精制装置
3.00,ST040042,<p>ppm</p>,2025-05-10 20:00:00,硫含量,延化140万吨/年柴油精制装置
41,ST040042,,2025-05-10 20:00:00,十六烷指数,延化140万吨/年柴油精制装置
-16,ST040042,℃,2025-05-10 20:00:00,冷滤点,延化140万吨/年柴油精制装置
-24,ST040042,℃,2025-05-11 20:00:00,凝点,延化140万吨/年柴油精制装置
193.0,ST040042,℃,2025-05-11 20:00:00,初馏点,延化140万吨/年柴油精制装置
222.5,ST040042,℃,2025-05-11 20:00:00,10%回收温度,延化140万吨/年柴油精制装置
265.0,ST040042,℃,2025-05-11 20:00:00,50%回收温度,延化140万吨/年柴油精制装置
336.0,ST040042,℃,2025-05-11 20:00:00,90%回收温度,延化140万吨/年柴油精制装置
82.0,ST040042,℃,2025-05-11 20:00:00,闪点(闭口),延化140万吨/年柴油精制装置
-17,ST040042,℃,2025-05-11 20:00:00,冷滤点,延化140万吨/年柴油精制装置
866.0,ST040042,<p>kg/m<sup>3</sup></p>,2025-05-11 20:00:00,密度ρ20,延化140万吨/年柴油精制装置
3.00,ST040042,<p>ppm</p>,2025-05-11 20:00:00,硫含量,延化140万吨/年柴油精制装置
41,ST040042,,2025-05-11 20:00:00,十六烷指数,延化140万吨/年柴油精制装置
355.5,ST040042,℃,2025-05-11 20:00:00,95%回收温度,延化140万吨/年柴油精制装置
41,ST040042,,2025-05-12 20:00:00,十六烷指数,延化140万吨/年柴油精制装置
82.0,ST040042,℃,2025-05-12 20:00:00,闪点(闭口),延化140万吨/年柴油精制装置
865.3,ST040042,<p>kg/m<sup>3</sup></p>,2025-05-12 20:00:00,密度ρ20,延化140万吨/年柴油精制装置
3.00,ST040042,<p>ppm</p>,2025-05-12 20:00:00,硫含量,延化140万吨/年柴油精制装置
335.5,ST040042,℃,2025-05-12 20:00:00,90%回收温度,延化140万吨/年柴油精制装置
-23,ST040042,℃,2025-05-12 20:00:00,凝点,延化140万吨/年柴油精制装置
221.0,ST040042,℃,2025-05-12 20:00:00,10%回收温度,延化140万吨/年柴油精制装置
266.5,ST040042,℃,2025-05-12 20:00:00,50%回收温度,延化140万吨/年柴油精制装置
355.0,ST040042,℃,2025-05-12 20:00:00,95%回收温度,延化140万吨/年柴油精制装置
-16,ST040042,℃,2025-05-12 20:00:00,冷滤点,延化140万吨/年柴油精制装置
194.5,ST040042,℃,2025-05-12 20:00:00,初馏点,延化140万吨/年柴油精制装置
-18,ST040042,℃,2025-05-13 20:00:00,冷滤点,延化140万吨/年柴油精制装置
-25,ST040042,℃,2025-05-13 20:00:00,凝点,延化140万吨/年柴油精制装置
867.5,ST040042,<p>kg/m<sup>3</sup></p>,2025-05-13 20:00:00,密度ρ20,延化140万吨/年柴油精制装置
3.00,ST040042,<p>ppm</p>,2025-05-13 20:00:00,硫含量,延化140万吨/年柴油精制装置
350.5,ST040042,℃,2025-05-13 20:00:00,95%回收温度,延化140万吨/年柴油精制装置
81.0,ST040042,℃,2025-05-13 20:00:00,闪点(闭口),延化140万吨/年柴油精制装置
269.0,ST040042,℃,2025-05-13 20:00:00,50%回收温度,延化140万吨/年柴油精制装置
220.5,ST040042,℃,2025-05-13 20:00:00,10%回收温度,延化140万吨/年柴油精制装置
194.5,ST040042,℃,2025-05-13 20:00:00,初馏点,延化140万吨/年柴油精制装置
41,ST040042,,2025-05-13 20:00:00,十六烷指数,延化140万吨/年柴油精制装置
331.5,ST040042,℃,2025-05-13 20:00:00,90%回收温度,延化140万吨/年柴油精制装置
260.0,ST040042,℃,2025-05-14 20:00:00,50%回收温度,延化140万吨/年柴油精制装置
868.0,ST040042,<p>kg/m<sup>3</sup></p>,2025-05-14 20:00:00,密度ρ20,延化140万吨/年柴油精制装置
348.5,ST040042,℃,2025-05-14 20:00:00,95%回收温度,延化140万吨/年柴油精制装置
330.5,ST040042,℃,2025-05-14 20:00:00,90%回收温度,延化140万吨/年柴油精制装置
219.5,ST040042,℃,2025-05-14 20:00:00,10%回收温度,延化140万吨/年柴油精制装置
191.5,ST040042,℃,2025-05-14 20:00:00,初馏点,延化140万吨/年柴油精制装置
39,ST040042,,2025-05-14 20:00:00,十六烷指数,延化140万吨/年柴油精制装置
-24,ST040042,℃,2025-05-14 20:00:00,凝点,延化140万吨/年柴油精制装置
5.00,ST040042,<p>ppm</p>,2025-05-14 20:00:00,硫含量,延化140万吨/年柴油精制装置
82.0,ST040042,℃,2025-05-14 20:00:00,闪点(闭口),延化140万吨/年柴油精制装置
-19,ST040042,℃,2025-05-14 20:00:00,冷滤点,延化140万吨/年柴油精制装置
3.00,ST040042,<p>ppm</p>,2025-05-15 20:00:00,硫含量,延化140万吨/年柴油精制装置
-18,ST040042,℃,2025-05-15 20:00:00,冷滤点,延化140万吨/年柴油精制装置
-24,ST040042,℃,2025-05-15 20:00:00,凝点,延化140万吨/年柴油精制装置
867.2,ST040042,<p>kg/m<sup>3</sup></p>,2025-05-15 20:00:00,密度ρ20,延化140万吨/年柴油精制装置
40,ST040042,,2025-05-15 20:00:00,十六烷指数,延化140万吨/年柴油精制装置
352.0,ST040042,℃,2025-05-15 20:00:00,95%回收温度,延化140万吨/年柴油精制装置
196.0,ST040042,℃,2025-05-15 20:00:00,初馏点,延化140万吨/年柴油精制装置
221.0,ST040042,℃,2025-05-15 20:00:00,10%回收温度,延化140万吨/年柴油精制装置
264.5,ST040042,℃,2025-05-15 20:00:00,50%回收温度,延化140万吨/年柴油精制装置
332.5,ST040042,℃,2025-05-15 20:00:00,90%回收温度,延化140万吨/年柴油精制装置
83.0,ST040042,℃,2025-05-15 20:00:00,闪点(闭口),延化140万吨/年柴油精制装置
332.0,ST040042,℃,2025-05-16 20:00:00,90%回收温度,延化140万吨/年柴油精制装置
195.0,ST040042,℃,2025-05-16 20:00:00,初馏点,延化140万吨/年柴油精制装置
220.0,ST040042,℃,2025-05-16 20:00:00,10%回收温度,延化140万吨/年柴油精制装置
263.0,ST040042,℃,2025-05-16 20:00:00,50%回收温度,延化140万吨/年柴油精制装置
351.0,ST040042,℃,2025-05-16 20:00:00,95%回收温度,延化140万吨/年柴油精制装置
83.0,ST040042,℃,2025-05-16 20:00:00,闪点(闭口),延化140万吨/年柴油精制装置
41,ST040042,,2025-05-16 20:00:00,十六烷指数,延化140万吨/年柴油精制装置
-23,ST040042,℃,2025-05-16 20:00:00,凝点,延化140万吨/年柴油精制装置
865.6,ST040042,<p>kg/m<sup>3</sup></p>,2025-05-16 20:00:00,密度ρ20,延化140万吨/年柴油精制装置
3.00,ST040042,<p>ppm</p>,2025-05-16 20:00:00,硫含量,延化140万吨/年柴油精制装置
-19,ST040042,℃,2025-05-16 20:00:00,冷滤点,延化140万吨/年柴油精制装置
193.0,ST040042,℃,2025-05-17 20:00:00,初馏点,延化140万吨/年柴油精制装置
220.0,ST040042,℃,2025-05-17 20:00:00,10%回收温度,延化140万吨/年柴油精制装置
262.0,ST040042,℃,2025-05-17 20:00:00,50%回收温度,延化140万吨/年柴油精制装置
332.0,ST040042,℃,2025-05-17 20:00:00,90%回收温度,延化140万吨/年柴油精制装置
353.0,ST040042,℃,2025-05-17 20:00:00,95%回收温度,延化140万吨/年柴油精制装置
81.0,ST040042,℃,2025-05-17 20:00:00,闪点(闭口),延化140万吨/年柴油精制装置
-24,ST040042,℃,2025-05-17 20:00:00,凝点,延化140万吨/年柴油精制装置
866.8,ST040042,<p>kg/m<sup>3</sup></p>,2025-05-17 20:00:00,密度ρ20,延化140万吨/年柴油精制装置
4.80,ST040042,<p>ppm</p>,2025-05-17 20:00:00,硫含量,延化140万吨/年柴油精制装置
40,ST040042,,2025-05-17 20:00:00,十六烷指数,延化140万吨/年柴油精制装置
-19,ST040042,℃,2025-05-17 20:00:00,冷滤点,延化140万吨/年柴油精制装置
331.0,ST040042,℃,2025-05-18 20:00:00,90%回收温度,延化140万吨/年柴油精制装置
267.5,ST040042,℃,2025-05-18 20:00:00,50%回收温度,延化140万吨/年柴油精制装置
220.0,ST040042,℃,2025-05-18 20:00:00,10%回收温度,延化140万吨/年柴油精制装置
195.0,ST040042,℃,2025-05-18 20:00:00,初馏点,延化140万吨/年柴油精制装置
41,ST040042,,2025-05-18 20:00:00,十六烷指数,延化140万吨/年柴油精制装置
349.5,ST040042,℃,2025-05-18 20:00:00,95%回收温度,延化140万吨/年柴油精制装置
866.1,ST040042,<p>kg/m<sup>3</sup></p>,2025-05-18 20:00:00,密度ρ20,延化140万吨/年柴油精制装置
-16,ST040042,℃,2025-05-18 20:00:00,冷滤点,延化140万吨/年柴油精制装置
-22,ST040042,℃,2025-05-18 20:00:00,凝点,延化140万吨/年柴油精制装置
5.00,ST040042,<p>ppm</p>,2025-05-18 20:00:00,硫含量,延化140万吨/年柴油精制装置
82.0,ST040042,℃,2025-05-18 20:00:00,闪点(闭口),延化140万吨/年柴油精制装置
5.00,ST040042,<p>ppm</p>,2025-05-19 20:00:00,硫含量,延化140万吨/年柴油精制装置
-16,ST040042,℃,2025-05-19 20:00:00,冷滤点,延化140万吨/年柴油精制装置
-23,ST040042,℃,2025-05-19 20:00:00,凝点,延化140万吨/年柴油精制装置
866.7,ST040042,<p>kg/m<sup>3</sup></p>,2025-05-19 20:00:00,密度ρ20,延化140万吨/年柴油精制装置
351.5,ST040042,℃,2025-05-19 20:00:00,95%回收温度,延化140万吨/年柴油精制装置
83.0,ST040042,℃,2025-05-19 20:00:00,闪点(闭口),延化140万吨/年柴油精制装置
264.0,ST040042,℃,2025-05-19 20:00:00,50%回收温度,延化140万吨/年柴油精制装置
219.5,ST040042,℃,2025-05-19 20:00:00,10%回收温度,延化140万吨/年柴油精制装置
195.5,ST040042,℃,2025-05-19 20:00:00,初馏点,延化140万吨/年柴油精制装置
40,ST040042,,2025-05-19 20:00:00,十六烷指数,延化140万吨/年柴油精制装置
333.5,ST040042,℃,2025-05-19 20:00:00,90%回收温度,延化140万吨/年柴油精制装置
353.0,ST040042,℃,2025-05-20 20:00:00,95%回收温度,延化140万吨/年柴油精制装置
-22,ST040042,℃,2025-05-20 20:00:00,凝点,延化140万吨/年柴油精制装置
866.9,ST040042,<p>kg/m<sup>3</sup></p>,2025-05-20 20:00:00,密度ρ20,延化140万吨/年柴油精制装置
4.00,ST040042,<p>ppm</p>,2025-05-20 20:00:00,硫含量,延化140万吨/年柴油精制装置
330.5,ST040042,℃,2025-05-20 20:00:00,90%回收温度,延化140万吨/年柴油精制装置
83.0,ST040042,℃,2025-05-20 20:00:00,闪点(闭口),延化140万吨/年柴油精制装置
218.0,ST040042,℃,2025-05-20 20:00:00,10%回收温度,延化140万吨/年柴油精制装置
192.5,ST040042,℃,2025-05-20 20:00:00,初馏点,延化140万吨/年柴油精制装置
-16,ST040042,℃,2025-05-20 20:00:00,冷滤点,延化140万吨/年柴油精制装置
40,ST040042,,2025-05-20 20:00:00,十六烷指数,延化140万吨/年柴油精制装置
263.5,ST040042,℃,2025-05-20 20:00:00,50%回收温度,延化140万吨/年柴油精制装置
4.00,ST040042,<p>ppm</p>,2025-05-21 20:00:00,硫含量,延化140万吨/年柴油精制装置
-16,ST040042,℃,2025-05-21 20:00:00,冷滤点,延化140万吨/年柴油精制装置
-22,ST040042,℃,2025-05-21 20:00:00,凝点,延化140万吨/年柴油精制装置
865.8,ST040042,<p>kg/m<sup>3</sup></p>,2025-05-21 20:00:00,密度ρ20,延化140万吨/年柴油精制装置
41,ST040042,,2025-05-21 20:00:00,十六烷指数,延化140万吨/年柴油精制装置
351.0,ST040042,℃,2025-05-21 20:00:00,95%回收温度,延化140万吨/年柴油精制装置
195.5,ST040042,℃,2025-05-21 20:00:00,初馏点,延化140万吨/年柴油精制装置
220.5,ST040042,℃,2025-05-21 20:00:00,10%回收温度,延化140万吨/年柴油精制装置
264.5,ST040042,℃,2025-05-21 20:00:00,50%回收温度,延化140万吨/年柴油精制装置
332.0,ST040042,℃,2025-05-21 20:00:00,90%回收温度,延化140万吨/年柴油精制装置
81.0,ST040042,℃,2025-05-21 20:00:00,闪点(闭口),延化140万吨/年柴油精制装置
330.0,ST040042,℃,2025-05-22 20:00:00,90%回收温度,延化140万吨/年柴油精制装置
194.0,ST040042,℃,2025-05-22 20:00:00,初馏点,延化140万吨/年柴油精制装置
219.5,ST040042,℃,2025-05-22 20:00:00,10%回收温度,延化140万吨/年柴油精制装置
263.0,ST040042,℃,2025-05-22 20:00:00,50%回收温度,延化140万吨/年柴油精制装置
352.0,ST040042,℃,2025-05-22 20:00:00,95%回收温度,延化140万吨/年柴油精制装置
82.0,ST040042,℃,2025-05-22 20:00:00,闪点(闭口),延化140万吨/年柴油精制装置
-22,ST040042,℃,2025-05-22 20:00:00,凝点,延化140万吨/年柴油精制装置
865.6,ST040042,<p>kg/m<sup>3</sup></p>,2025-05-22 20:00:00,密度ρ20,延化140万吨/年柴油精制装置
4.00,ST040042,<p>ppm</p>,2025-05-22 20:00:00,硫含量,延化140万吨/年柴油精制装置
40,ST040042,,2025-05-22 20:00:00,十六烷指数,延化140万吨/年柴油精制装置
-16,ST040042,℃,2025-05-22 20:00:00,冷滤点,延化140万吨/年柴油精制装置
4.00,ST040042,<p>ppm</p>,2025-05-23 20:00:00,硫含量,延化140万吨/年柴油精制装置
-17,ST040042,℃,2025-05-23 20:00:00,冷滤点,延化140万吨/年柴油精制装置
-22,ST040042,℃,2025-05-23 20:00:00,凝点,延化140万吨/年柴油精制装置
865.3,ST040042,<p>kg/m<sup>3</sup></p>,2025-05-23 20:00:00,密度ρ20,延化140万吨/年柴油精制装置
349.5,ST040042,℃,2025-05-23 20:00:00,95%回收温度,延化140万吨/年柴油精制装置
40,ST040042,,2025-05-23 20:00:00,十六烷指数,延化140万吨/年柴油精制装置
262.0,ST040042,℃,2025-05-23 20:00:00,50%回收温度,延化140万吨/年柴油精制装置
82.0,ST040042,℃,2025-05-23 20:00:00,闪点(闭口),延化140万吨/年柴油精制装置
221.5,ST040042,℃,2025-05-23 20:00:00,10%回收温度,延化140万吨/年柴油精制装置
189.5,ST040042,℃,2025-05-23 20:00:00,初馏点,延化140万吨/年柴油精制装置
330.5,ST040042,℃,2025-05-23 20:00:00,90%回收温度,延化140万吨/年柴油精制装置
866.5,ST040042,<p>kg/m<sup>3</sup></p>,2025-05-24 20:00:00,密度ρ20,延化140万吨/年柴油精制装置
190.5,ST040042,℃,2025-05-24 20:00:00,初馏点,延化140万吨/年柴油精制装置
220.0,ST040042,℃,2025-05-24 20:00:00,10%回收温度,延化140万吨/年柴油精制装置
261.0,ST040042,℃,2025-05-24 20:00:00,50%回收温度,延化140万吨/年柴油精制装置
330.5,ST040042,℃,2025-05-24 20:00:00,90%回收温度,延化140万吨/年柴油精制装置
-23,ST040042,℃,2025-05-24 20:00:00,凝点,延化140万吨/年柴油精制装置
40,ST040042,,2025-05-24 20:00:00,十六烷指数,延化140万吨/年柴油精制装置
83.0,ST040042,℃,2025-05-24 20:00:00,闪点(闭口),延化140万吨/年柴油精制装置
4.00,ST040042,<p>ppm</p>,2025-05-24 20:00:00,硫含量,延化140万吨/年柴油精制装置
-16,ST040042,℃,2025-05-24 20:00:00,冷滤点,延化140万吨/年柴油精制装置
348.0,ST040042,℃,2025-05-24 20:00:00,95%回收温度,延化140万吨/年柴油精制装置
4.00,ST040042,<p>ppm</p>,2025-05-25 20:00:00,硫含量,延化140万吨/年柴油精制装置
-17,ST040042,℃,2025-05-25 20:00:00,冷滤点,延化140万吨/年柴油精制装置
-24,ST040042,℃,2025-05-25 20:00:00,凝点,延化140万吨/年柴油精制装置
867.0,ST040042,<p>kg/m<sup>3</sup></p>,2025-05-25 20:00:00,密度ρ20,延化140万吨/年柴油精制装置
348.5,ST040042,℃,2025-05-25 20:00:00,95%回收温度,延化140万吨/年柴油精制装置
80.0,ST040042,℃,2025-05-25 20:00:00,闪点(闭口),延化140万吨/年柴油精制装置
40,ST040042,,2025-05-25 20:00:00,十六烷指数,延化140万吨/年柴油精制装置
261.0,ST040042,℃,2025-05-25 20:00:00,50%回收温度,延化140万吨/年柴油精制装置
220.5,ST040042,℃,2025-05-25 20:00:00,10%回收温度,延化140万吨/年柴油精制装置
194.5,ST040042,℃,2025-05-25 20:00:00,初馏点,延化140万吨/年柴油精制装置
331.5,ST040042,℃,2025-05-25 20:00:00,90%回收温度,延化140万吨/年柴油精制装置
-18,ST040042,℃,2025-05-26 20:00:00,冷滤点,延化140万吨/年柴油精制装置
350.5,ST040042,℃,2025-05-26 20:00:00,95%回收温度,延化140万吨/年柴油精制装置
-25,ST040042,℃,2025-05-26 20:00:00,凝点,延化140万吨/年柴油精制装置
866.4,ST040042,<p>kg/m<sup>3</sup></p>,2025-05-26 20:00:00,密度ρ20,延化140万吨/年柴油精制装置
4.00,ST040042,<p>ppm</p>,2025-05-26 20:00:00,硫含量,延化140万吨/年柴油精制装置
81.0,ST040042,℃,2025-05-26 20:00:00,闪点(闭口),延化140万吨/年柴油精制装置
264.0,ST040042,℃,2025-05-26 20:00:00,50%回收温度,延化140万吨/年柴油精制装置
223.5,ST040042,℃,2025-05-26 20:00:00,10%回收温度,延化140万吨/年柴油精制装置
196.5,ST040042,℃,2025-05-26 20:00:00,初馏点,延化140万吨/年柴油精制装置
40,ST040042,,2025-05-26 20:00:00,十六烷指数,延化140万吨/年柴油精制装置
332.5,ST040042,℃,2025-05-26 20:00:00,90%回收温度,延化140万吨/年柴油精制装置
-17,ST040042,℃,2025-05-27 20:00:00,冷滤点,延化140万吨/年柴油精制装置
-24,ST040042,℃,2025-05-27 20:00:00,凝点,延化140万吨/年柴油精制装置
864.7,ST040042,<p>kg/m<sup>3</sup></p>,2025-05-27 20:00:00,密度ρ20,延化140万吨/年柴油精制装置
4.00,ST040042,<p>ppm</p>,2025-05-27 20:00:00,硫含量,延化140万吨/年柴油精制装置
41,ST040042,,2025-05-27 20:00:00,十六烷指数,延化140万吨/年柴油精制装置
84.0,ST040042,℃,2025-05-27 20:00:00,闪点(闭口),延化140万吨/年柴油精制装置
220.0,ST040042,℃,2025-05-27 20:00:00,10%回收温度,延化140万吨/年柴油精制装置
262.5,ST040042,℃,2025-05-27 20:00:00,50%回收温度,延化140万吨/年柴油精制装置
329.0,ST040042,℃,2025-05-27 20:00:00,90%回收温度,延化140万吨/年柴油精制装置
349.0,ST040042,℃,2025-05-27 20:00:00,95%回收温度,延化140万吨/年柴油精制装置
195.0,ST040042,℃,2025-05-27 20:00:00,初馏点,延化140万吨/年柴油精制装置
-18,ST040042,℃,2025-05-28 20:00:00,冷滤点,延化140万吨/年柴油精制装置
-24,ST040042,℃,2025-05-28 20:00:00,凝点,延化140万吨/年柴油精制装置
866.7,ST040042,<p>kg/m<sup>3</sup></p>,2025-05-28 20:00:00,密度ρ20,延化140万吨/年柴油精制装置
4.00,ST040042,<p>ppm</p>,2025-05-28 20:00:00,硫含量,延化140万吨/年柴油精制装置
40,ST040042,,2025-05-28 20:00:00,十六烷指数,延化140万吨/年柴油精制装置
349.0,ST040042,℃,2025-05-28 20:00:00,95%回收温度,延化140万吨/年柴油精制装置
196.0,ST040042,℃,2025-05-28 20:00:00,初馏点,延化140万吨/年柴油精制装置
221.0,ST040042,℃,2025-05-28 20:00:00,10%回收温度,延化140万吨/年柴油精制装置
263.0,ST040042,℃,2025-05-28 20:00:00,50%回收温度,延化140万吨/年柴油精制装置
328.5,ST040042,℃,2025-05-28 20:00:00,90%回收温度,延化140万吨/年柴油精制装置
82.0,ST040042,℃,2025-05-28 20:00:00,闪点(闭口),延化140万吨/年柴油精制装置
39,ST040042,,2025-05-29 20:00:00,十六烷指数,延化140万吨/年柴油精制装置
81.0,ST040042,℃,2025-05-29 20:00:00,闪点(闭口),延化140万吨/年柴油精制装置
-18,ST040042,℃,2025-05-29 20:00:00,冷滤点,延化140万吨/年柴油精制装置
-25,ST040042,℃,2025-05-29 20:00:00,凝点,延化140万吨/年柴油精制装置
867.2,ST040042,<p>kg/m<sup>3</sup></p>,2025-05-29 20:00:00,密度ρ20,延化140万吨/年柴油精制装置
193.5,ST040042,℃,2025-05-29 20:00:00,初馏点,延化140万吨/年柴油精制装置
345.5,ST040042,℃,2025-05-29 20:00:00,95%回收温度,延化140万吨/年柴油精制装置
327.5,ST040042,℃,2025-05-29 20:00:00,90%回收温度,延化140万吨/年柴油精制装置
259.0,ST040042,℃,2025-05-29 20:00:00,50%回收温度,延化140万吨/年柴油精制装置
223.0,ST040042,℃,2025-05-29 20:00:00,10%回收温度,延化140万吨/年柴油精制装置
4.00,ST040042,<p>ppm</p>,2025-05-29 20:00:00,硫含量,延化140万吨/年柴油精制装置
346.5,ST040042,℃,2025-05-30 20:00:00,95%回收温度,延化140万吨/年柴油精制装置
-19,ST040042,℃,2025-05-30 20:00:00,冷滤点,延化140万吨/年柴油精制装置
-25,ST040042,℃,2025-05-30 20:00:00,凝点,延化140万吨/年柴油精制装置
867.9,ST040042,<p>kg/m<sup>3</sup></p>,2025-05-30 20:00:00,密度ρ20,延化140万吨/年柴油精制装置
4.00,ST040042,<p>ppm</p>,2025-05-30 20:00:00,硫含量,延化140万吨/年柴油精制装置
82.0,ST040042,℃,2025-05-30 20:00:00,闪点(闭口),延化140万吨/年柴油精制装置
261.0,ST040042,℃,2025-05-30 20:00:00,50%回收温度,延化140万吨/年柴油精制装置
224.0,ST040042,℃,2025-05-30 20:00:00,10%回收温度,延化140万吨/年柴油精制装置
194.5,ST040042,℃,2025-05-30 20:00:00,初馏点,延化140万吨/年柴油精制装置
39,ST040042,,2025-05-30 20:00:00,十六烷指数,延化140万吨/年柴油精制装置
328.0,ST040042,℃,2025-05-30 20:00:00,90%回收温度,延化140万吨/年柴油精制装置
4.00,ST040042,<p>ppm</p>,2025-05-31 20:00:00,硫含量,延化140万吨/年柴油精制装置
-18,ST040042,℃,2025-05-31 20:00:00,冷滤点,延化140万吨/年柴油精制装置
-25,ST040042,℃,2025-05-31 20:00:00,凝点,延化140万吨/年柴油精制装置
868.3,ST040042,<p>kg/m<sup>3</sup></p>,2025-05-31 20:00:00,密度ρ20,延化140万吨/年柴油精制装置
343.5,ST040042,℃,2025-05-31 20:00:00,95%回收温度,延化140万吨/年柴油精制装置
80.0,ST040042,℃,2025-05-31 20:00:00,闪点(闭口),延化140万吨/年柴油精制装置
263.0,ST040042,℃,2025-05-31 20:00:00,50%回收温度,延化140万吨/年柴油精制装置
223.5,ST040042,℃,2025-05-31 20:00:00,10%回收温度,延化140万吨/年柴油精制装置
195.5,ST040042,℃,2025-05-31 20:00:00,初馏点,延化140万吨/年柴油精制装置
40,ST040042,,2025-05-31 20:00:00,十六烷指数,延化140万吨/年柴油精制装置
326.5,ST040042,℃,2025-05-31 20:00:00,90%回收温度,延化140万吨/年柴油精制装置
-24,ST040042,℃,2025-06-01 20:00:00,凝点,延化140万吨/年柴油精制装置
39,ST040042,,2025-06-01 20:00:00,十六烷指数,延化140万吨/年柴油精制装置
82.0,ST040042,℃,2025-06-01 20:00:00,闪点(闭口),延化140万吨/年柴油精制装置
-17,ST040042,℃,2025-06-01 20:00:00,冷滤点,延化140万吨/年柴油精制装置
868.0,ST040042,<p>kg/m<sup>3</sup></p>,2025-06-01 20:00:00,密度ρ20,延化140万吨/年柴油精制装置
194.5,ST040042,℃,2025-06-01 20:00:00,初馏点,延化140万吨/年柴油精制装置
344.5,ST040042,℃,2025-06-01 20:00:00,95%回收温度,延化140万吨/年柴油精制装置
328.5,ST040042,℃,2025-06-01 20:00:00,90%回收温度,延化140万吨/年柴油精制装置
261.0,ST040042,℃,2025-06-01 20:00:00,50%回收温度,延化140万吨/年柴油精制装置
221.5,ST040042,℃,2025-06-01 20:00:00,10%回收温度,延化140万吨/年柴油精制装置
4.00,ST040042,<p>ppm</p>,2025-06-01 20:00:00,硫含量,延化140万吨/年柴油精制装置
327.5,ST040042,℃,2025-06-02 20:00:00,90%回收温度,延化140万吨/年柴油精制装置
867.3,ST040042,<p>kg/m<sup>3</sup></p>,2025-06-02 20:00:00,密度ρ20,延化140万吨/年柴油精制装置
3.00,ST040042,<p>ppm</p>,2025-06-02 20:00:00,硫含量,延化140万吨/年柴油精制装置
346.5,ST040042,℃,2025-06-02 20:00:00,95%回收温度,延化140万吨/年柴油精制装置
262.0,ST040042,℃,2025-06-02 20:00:00,50%回收温度,延化140万吨/年柴油精制装置
<-26,ST040042,℃,2025-06-02 20:00:00,凝点,延化140万吨/年柴油精制装置
194.5,ST040042,℃,2025-06-02 20:00:00,初馏点,延化140万吨/年柴油精制装置
40,ST040042,,2025-06-02 20:00:00,十六烷指数,延化140万吨/年柴油精制装置
82.0,ST040042,℃,2025-06-02 20:00:00,闪点(闭口),延化140万吨/年柴油精制装置
<-19,ST040042,℃,2025-06-02 20:00:00,冷滤点,延化140万吨/年柴油精制装置
222.5,ST040042,℃,2025-06-02 20:00:00,10%回收温度,延化140万吨/年柴油精制装置
3.00,ST040042,<p>ppm</p>,2025-06-03 20:00:00,硫含量,延化140万吨/年柴油精制装置
<-19,ST040042,℃,2025-06-03 20:00:00,冷滤点,延化140万吨/年柴油精制装置
<-26,ST040042,℃,2025-06-03 20:00:00,凝点,延化140万吨/年柴油精制装置
868.6,ST040042,<p>kg/m<sup>3</sup></p>,2025-06-03 20:00:00,密度ρ20,延化140万吨/年柴油精制装置
39,ST040042,,2025-06-03 20:00:00,十六烷指数,延化140万吨/年柴油精制装置
346.5,ST040042,℃,2025-06-03 20:00:00,95%回收温度,延化140万吨/年柴油精制装置
192.5,ST040042,℃,2025-06-03 20:00:00,初馏点,延化140万吨/年柴油精制装置
220.0,ST040042,℃,2025-06-03 20:00:00,10%回收温度,延化140万吨/年柴油精制装置
261.0,ST040042,℃,2025-06-03 20:00:00,50%回收温度,延化140万吨/年柴油精制装置
326.0,ST040042,℃,2025-06-03 20:00:00,90%回收温度,延化140万吨/年柴油精制装置
82.0,ST040042,℃,2025-06-03 20:00:00,闪点(闭口),延化140万吨/年柴油精制装置
<-19,ST040042,℃,2025-06-04 20:00:00,冷滤点,延化140万吨/年柴油精制装置
<-26,ST040042,℃,2025-06-04 20:00:00,凝点,延化140万吨/年柴油精制装置
327.5,ST040042,℃,2025-06-04 20:00:00,90%回收温度,延化140万吨/年柴油精制装置
869.3,ST040042,<p>kg/m<sup>3</sup></p>,2025-06-04 20:00:00,密度ρ20,延化140万吨/年柴油精制装置
3.00,ST040042,<p>ppm</p>,2025-06-04 20:00:00,硫含量,延化140万吨/年柴油精制装置
81.0,ST040042,℃,2025-06-04 20:00:00,闪点(闭口),延化140万吨/年柴油精制装置
263.0,ST040042,℃,2025-06-04 20:00:00,50%回收温度,延化140万吨/年柴油精制装置
223.0,ST040042,℃,2025-06-04 20:00:00,10%回收温度,延化140万吨/年柴油精制装置
195.0,ST040042,℃,2025-06-04 20:00:00,初馏点,延化140万吨/年柴油精制装置
39,ST040042,,2025-06-04 20:00:00,十六烷指数,延化140万吨/年柴油精制装置
348.0,ST040042,℃,2025-06-04 20:00:00,95%回收温度,延化140万吨/年柴油精制装置
194.5,ST040042,℃,2025-06-05 20:00:00,初馏点,延化140万吨/年柴油精制装置
39,ST040042,,2025-06-05 20:00:00,十六烷指数,延化140万吨/年柴油精制装置
82.0,ST040042,℃,2025-06-05 20:00:00,闪点(闭口),延化140万吨/年柴油精制装置
<-19,ST040042,℃,2025-06-05 20:00:00,冷滤点,延化140万吨/年柴油精制装置
<-26,ST040042,℃,2025-06-05 20:00:00,凝点,延化140万吨/年柴油精制装置
223.0,ST040042,℃,2025-06-05 20:00:00,10%回收温度,延化140万吨/年柴油精制装置
3.00,ST040042,<p>ppm</p>,2025-06-05 20:00:00,硫含量,延化140万吨/年柴油精制装置
348.5,ST040042,℃,2025-06-05 20:00:00,95%回收温度,延化140万吨/年柴油精制装置
329.5,ST040042,℃,2025-06-05 20:00:00,90%回收温度,延化140万吨/年柴油精制装置
262.0,ST040042,℃,2025-06-05 20:00:00,50%回收温度,延化140万吨/年柴油精制装置
869.1,ST040042,<p>kg/m<sup>3</sup></p>,2025-06-05 20:00:00,密度ρ20,延化140万吨/年柴油精制装置
<-19,ST040042,℃,2025-06-06 20:00:00,冷滤点,延化140万吨/年柴油精制装置
<-26,ST040042,℃,2025-06-06 20:00:00,凝点,延化140万吨/年柴油精制装置
868.8,ST040042,<p>kg/m<sup>3</sup></p>,2025-06-06 20:00:00,密度ρ20,延化140万吨/年柴油精制装置
3.00,ST040042,<p>ppm</p>,2025-06-06 20:00:00,硫含量,延化140万吨/年柴油精制装置
349.5,ST040042,℃,2025-06-06 20:00:00,95%回收温度,延化140万吨/年柴油精制装置
80.0,ST040042,℃,2025-06-06 20:00:00,闪点(闭口),延化140万吨/年柴油精制装置
264.5,ST040042,℃,2025-06-06 20:00:00,50%回收温度,延化140万吨/年柴油精制装置
225.0,ST040042,℃,2025-06-06 20:00:00,10%回收温度,延化140万吨/年柴油精制装置
196.5,ST040042,℃,2025-06-06 20:00:00,初馏点,延化140万吨/年柴油精制装置
40,ST040042,,2025-06-06 20:00:00,十六烷指数,延化140万吨/年柴油精制装置
329.0,ST040042,℃,2025-06-06 20:00:00,90%回收温度,延化140万吨/年柴油精制装置
39,ST040042,,2025-06-07 20:00:00,十六烷指数,延化140万吨/年柴油精制装置
79.0,ST040042,℃,2025-06-07 20:00:00,闪点(闭口),延化140万吨/年柴油精制装置
345.7,ST040042,℃,2025-06-07 20:00:00,95%回收温度,延化140万吨/年柴油精制装置
194.8,ST040042,℃,2025-06-07 20:00:00,初馏点,延化140万吨/年柴油精制装置
220.6,ST040042,℃,2025-06-07 20:00:00,10%回收温度,延化140万吨/年柴油精制装置
868.0,ST040042,<p>kg/m<sup>3</sup></p>,2025-06-07 20:00:00,密度ρ20,延化140万吨/年柴油精制装置
325.7,ST040042,℃,2025-06-07 20:00:00,90%回收温度,延化140万吨/年柴油精制装置
3.00,ST040042,<p>ppm</p>,2025-06-07 20:00:00,硫含量,延化140万吨/年柴油精制装置
<-19,ST040042,℃,2025-06-07 20:00:00,冷滤点,延化140万吨/年柴油精制装置
<-26,ST040042,℃,2025-06-07 20:00:00,凝点,延化140万吨/年柴油精制装置
261.0,ST040042,℃,2025-06-07 20:00:00,50%回收温度,延化140万吨/年柴油精制装置
2.00,ST040042,<p>ppm</p>,2025-06-08 20:00:00,硫含量,延化140万吨/年柴油精制装置
<-19,ST040042,℃,2025-06-08 20:00:00,冷滤点,延化140万吨/年柴油精制装置
<-26,ST040042,℃,2025-06-08 20:00:00,凝点,延化140万吨/年柴油精制装置
867.5,ST040042,<p>kg/m<sup>3</sup></p>,2025-06-08 20:00:00,密度ρ20,延化140万吨/年柴油精制装置
40,ST040042,,2025-06-08 20:00:00,十六烷指数,延化140万吨/年柴油精制装置
346.0,ST040042,℃,2025-06-08 20:00:00,95%回收温度,延化140万吨/年柴油精制装置
195.5,ST040042,℃,2025-06-08 20:00:00,初馏点,延化140万吨/年柴油精制装置
220.5,ST040042,℃,2025-06-08 20:00:00,10%回收温度,延化140万吨/年柴油精制装置
261.0,ST040042,℃,2025-06-08 20:00:00,50%回收温度,延化140万吨/年柴油精制装置
326.0,ST040042,℃,2025-06-08 20:00:00,90%回收温度,延化140万吨/年柴油精制装置
80.0,ST040042,℃,2025-06-08 20:00:00,闪点(闭口),延化140万吨/年柴油精制装置
82.0,ST040042,℃,2025-06-09 20:00:00,闪点(闭口),延化140万吨/年柴油精制装置
<-19,ST040042,℃,2025-06-09 20:00:00,冷滤点,延化140万吨/年柴油精制装置
<-26,ST040042,℃,2025-06-09 20:00:00,凝点,延化140万吨/年柴油精制装置
867.7,ST040042,<p>kg/m<sup>3</sup></p>,2025-06-09 20:00:00,密度ρ20,延化140万吨/年柴油精制装置
3.00,ST040042,<p>ppm</p>,2025-06-09 20:00:00,硫含量,延化140万吨/年柴油精制装置
346.5,ST040042,℃,2025-06-09 20:00:00,95%回收温度,延化140万吨/年柴油精制装置
194.5,ST040042,℃,2025-06-09 20:00:00,初馏点,延化140万吨/年柴油精制装置
221.2,ST040042,℃,2025-06-09 20:00:00,10%回收温度,延化140万吨/年柴油精制装置
261.8,ST040042,℃,2025-06-09 20:00:00,50%回收温度,延化140万吨/年柴油精制装置
326.6,ST040042,℃,2025-06-09 20:00:00,90%回收温度,延化140万吨/年柴油精制装置
40,ST040042,,2025-06-09 20:00:00,十六烷指数,延化140万吨/年柴油精制装置
<-19,ST040042,℃,2025-06-10 20:00:00,冷滤点,延化140万吨/年柴油精制装置
<-26,ST040042,℃,2025-06-10 20:00:00,凝点,延化140万吨/年柴油精制装置
868.2,ST040042,<p>kg/m<sup>3</sup></p>,2025-06-10 20:00:00,密度ρ20,延化140万吨/年柴油精制装置
3.00,ST040042,<p>ppm</p>,2025-06-10 20:00:00,硫含量,延化140万吨/年柴油精制装置
345.5,ST040042,℃,2025-06-10 20:00:00,95%回收温度,延化140万吨/年柴油精制装置
81.0,ST040042,℃,2025-06-10 20:00:00,闪点(闭口),延化140万吨/年柴油精制装置
260.0,ST040042,℃,2025-06-10 20:00:00,50%回收温度,延化140万吨/年柴油精制装置
217.5,ST040042,℃,2025-06-10 20:00:00,10%回收温度,延化140万吨/年柴油精制装置
189.5,ST040042,℃,2025-06-10 20:00:00,初馏点,延化140万吨/年柴油精制装置
38,ST040042,,2025-06-10 20:00:00,十六烷指数,延化140万吨/年柴油精制装置
326.5,ST040042,℃,2025-06-10 20:00:00,90%回收温度,延化140万吨/年柴油精制装置
<-19,ST040042,℃,2025-06-11 20:00:00,冷滤点,延化140万吨/年柴油精制装置
<-26,ST040042,℃,2025-06-11 20:00:00,凝点,延化140万吨/年柴油精制装置
3.00,ST040042,<p>ppm</p>,2025-06-11 20:00:00,硫含量,延化140万吨/年柴油精制装置
221.0,ST040042,℃,2025-06-11 20:00:00,10%回收温度,延化140万吨/年柴油精制装置
348.5,ST040042,℃,2025-06-11 20:00:00,95%回收温度,延化140万吨/年柴油精制装置
868.8,ST040042,<p>kg/m<sup>3</sup></p>,2025-06-11 20:00:00,密度ρ20,延化140万吨/年柴油精制装置
264.0,ST040042,℃,2025-06-11 20:00:00,50%回收温度,延化140万吨/年柴油精制装置
192.5,ST040042,℃,2025-06-11 20:00:00,初馏点,延化140万吨/年柴油精制装置
40,ST040042,,2025-06-11 20:00:00,十六烷指数,延化140万吨/年柴油精制装置
82.0,ST040042,℃,2025-06-11 20:00:00,闪点(闭口),延化140万吨/年柴油精制装置
327.5,ST040042,℃,2025-06-11 20:00:00,90%回收温度,延化140万吨/年柴油精制装置
222.5,ST040042,℃,2025-06-12 20:00:00,10%回收温度,延化140万吨/年柴油精制装置
263.5,ST040042,℃,2025-06-12 20:00:00,50%回收温度,延化140万吨/年柴油精制装置
327.5,ST040042,℃,2025-06-12 20:00:00,90%回收温度,延化140万吨/年柴油精制装置
351.5,ST040042,℃,2025-06-12 20:00:00,95%回收温度,延化140万吨/年柴油精制装置
83.0,ST040042,℃,2025-06-12 20:00:00,闪点(闭口),延化140万吨/年柴油精制装置
196.5,ST040042,℃,2025-06-12 20:00:00,初馏点,延化140万吨/年柴油精制装置
<-26,ST040042,℃,2025-06-12 20:00:00,凝点,延化140万吨/年柴油精制装置
868.4,ST040042,<p>kg/m<sup>3</sup></p>,2025-06-12 20:00:00,密度ρ20,延化140万吨/年柴油精制装置
3.00,ST040042,<p>ppm</p>,2025-06-12 20:00:00,硫含量,延化140万吨/年柴油精制装置
40,ST040042,,2025-06-12 20:00:00,十六烷指数,延化140万吨/年柴油精制装置
<-19,ST040042,℃,2025-06-12 20:00:00,冷滤点,延化140万吨/年柴油精制装置
866.8,ST040042,<p>kg/m<sup>3</sup></p>,2025-06-13 20:00:00,密度ρ20,延化140万吨/年柴油精制装置
82.0,ST040042,℃,2025-06-13 20:00:00,闪点(闭口),延化140万吨/年柴油精制装置
-18,ST040042,℃,2025-06-13 20:00:00,冷滤点,延化140万吨/年柴油精制装置
-25,ST040042,℃,2025-06-13 20:00:00,凝点,延化140万吨/年柴油精制装置
3.00,ST040042,<p>ppm</p>,2025-06-13 20:00:00,硫含量,延化140万吨/年柴油精制装置
41,ST040042,,2025-06-13 20:00:00,十六烷指数,延化140万吨/年柴油精制装置
325.5,ST040042,℃,2025-06-13 20:00:00,90%回收温度,延化140万吨/年柴油精制装置
265.0,ST040042,℃,2025-06-13 20:00:00,50%回收温度,延化140万吨/年柴油精制装置
221.5,ST040042,℃,2025-06-13 20:00:00,10%回收温度,延化140万吨/年柴油精制装置
194.5,ST040042,℃,2025-06-13 20:00:00,初馏点,延化140万吨/年柴油精制装置
349.5,ST040042,℃,2025-06-13 20:00:00,95%回收温度,延化140万吨/年柴油精制装置
329.5,ST040042,℃,2025-06-14 20:00:00,90%回收温度,延化140万吨/年柴油精制装置
867.8,ST040042,<p>kg/m<sup>3</sup></p>,2025-06-14 20:00:00,密度ρ20,延化140万吨/年柴油精制装置
3.00,ST040042,<p>ppm</p>,2025-06-14 20:00:00,硫含量,延化140万吨/年柴油精制装置
349.5,ST040042,℃,2025-06-14 20:00:00,95%回收温度,延化140万吨/年柴油精制装置
267.0,ST040042,℃,2025-06-14 20:00:00,50%回收温度,延化140万吨/年柴油精制装置
224.5,ST040042,℃,2025-06-14 20:00:00,10%回收温度,延化140万吨/年柴油精制装置
197.5,ST040042,℃,2025-06-14 20:00:00,初馏点,延化140万吨/年柴油精制装置
41,ST040042,,2025-06-14 20:00:00,十六烷指数,延化140万吨/年柴油精制装置
81.0,ST040042,℃,2025-06-14 20:00:00,闪点(闭口),延化140万吨/年柴油精制装置
<-19,ST040042,℃,2025-06-14 20:00:00,冷滤点,延化140万吨/年柴油精制装置
<-26,ST040042,℃,2025-06-14 20:00:00,凝点,延化140万吨/年柴油精制装置
867.5,ST040042,<p>kg/m<sup>3</sup></p>,2025-06-15 20:00:00,密度ρ20,延化140万吨/年柴油精制装置
4.00,ST040042,<p>ppm</p>,2025-06-15 20:00:00,硫含量,延化140万吨/年柴油精制装置
347.5,ST040042,℃,2025-06-15 20:00:00,95%回收温度,延化140万吨/年柴油精制装置
328.5,ST040042,℃,2025-06-15 20:00:00,90%回收温度,延化140万吨/年柴油精制装置
266.0,ST040042,℃,2025-06-15 20:00:00,50%回收温度,延化140万吨/年柴油精制装置
<-26,ST040042,℃,2025-06-15 20:00:00,凝点,延化140万吨/年柴油精制装置
196.5,ST040042,℃,2025-06-15 20:00:00,初馏点,延化140万吨/年柴油精制装置
41,ST040042,,2025-06-15 20:00:00,十六烷指数,延化140万吨/年柴油精制装置
83.0,ST040042,℃,2025-06-15 20:00:00,闪点(闭口),延化140万吨/年柴油精制装置
<-19,ST040042,℃,2025-06-15 20:00:00,冷滤点,延化140万吨/年柴油精制装置
224.5,ST040042,℃,2025-06-15 20:00:00,10%回收温度,延化140万吨/年柴油精制装置
328.0,ST040042,℃,2025-06-16 20:00:00,90%回收温度,延化140万吨/年柴油精制装置
<-19,ST040042,℃,2025-06-16 20:00:00,冷滤点,延化140万吨/年柴油精制装置
<-26,ST040042,℃,2025-06-16 20:00:00,凝点,延化140万吨/年柴油精制装置
347.5,ST040042,℃,2025-06-16 20:00:00,95%回收温度,延化140万吨/年柴油精制装置
263.0,ST040042,℃,2025-06-16 20:00:00,50%回收温度,延化140万吨/年柴油精制装置
3.00,ST040042,<p>ppm</p>,2025-06-16 20:00:00,硫含量,延化140万吨/年柴油精制装置
195.0,ST040042,℃,2025-06-16 20:00:00,初馏点,延化140万吨/年柴油精制装置
40,ST040042,,2025-06-16 20:00:00,十六烷指数,延化140万吨/年柴油精制装置
83.0,ST040042,℃,2025-06-16 20:00:00,闪点(闭口),延化140万吨/年柴油精制装置
867.0,ST040042,<p>kg/m<sup>3</sup></p>,2025-06-16 20:00:00,密度ρ20,延化140万吨/年柴油精制装置
223.5,ST040042,℃,2025-06-16 20:00:00,10%回收温度,延化140万吨/年柴油精制装置
865.3,ST040042,<p>kg/m<sup>3</sup></p>,2025-06-17 15:00:00,密度ρ20,延化140万吨/年柴油精制装置
<-26,ST040042,℃,2025-06-17 15:00:00,凝点,延化140万吨/年柴油精制装置
<-19,ST040042,℃,2025-06-17 15:00:00,冷滤点,延化140万吨/年柴油精制装置
355.5,ST040042,℃,2025-06-17 15:00:00,95%回收温度,延化140万吨/年柴油精制装置
2.00,ST040042,<p>ppm</p>,2025-06-17 15:00:00,硫含量,延化140万吨/年柴油精制装置
330.5,ST040042,℃,2025-06-17 15:00:00,90%回收温度,延化140万吨/年柴油精制装置
40,ST040042,,2025-06-17 15:00:00,十六烷指数,延化140万吨/年柴油精制装置
194.5,ST040042,℃,2025-06-17 15:00:00,初馏点,延化140万吨/年柴油精制装置
218.5,ST040042,℃,2025-06-17 15:00:00,10%回收温度,延化140万吨/年柴油精制装置
260.0,ST040042,℃,2025-06-17 15:00:00,50%回收温度,延化140万吨/年柴油精制装置
82.0,ST040042,℃,2025-06-17 15:00:00,闪点(闭口),延化140万吨/年柴油精制装置
262.0,ST040042,℃,2025-06-17 20:00:00,50%回收温度,延化140万吨/年柴油精制装置
328.5,ST040042,℃,2025-06-17 20:00:00,90%回收温度,延化140万吨/年柴油精制装置
353.5,ST040042,℃,2025-06-17 20:00:00,95%回收温度,延化140万吨/年柴油精制装置
220.0,ST040042,℃,2025-06-17 20:00:00,10%回收温度,延化140万吨/年柴油精制装置
<-26,ST040042,℃,2025-06-17 20:00:00,凝点,延化140万吨/年柴油精制装置
<-19,ST040042,℃,2025-06-17 20:00:00,冷滤点,延化140万吨/年柴油精制装置
81.0,ST040042,℃,2025-06-17 20:00:00,闪点(闭口),延化140万吨/年柴油精制装置
3.00,ST040042,<p>ppm</p>,2025-06-17 20:00:00,硫含量,延化140万吨/年柴油精制装置
195.5,ST040042,℃,2025-06-17 20:00:00,初馏点,延化140万吨/年柴油精制装置
40,ST040042,,2025-06-17 20:00:00,十六烷指数,延化140万吨/年柴油精制装置
866.5,ST040042,<p>kg/m<sup>3</sup></p>,2025-06-17 20:00:00,密度ρ20,延化140万吨/年柴油精制装置
866.0,ST040042,<p>kg/m<sup>3</sup></p>,2025-06-18 20:00:00,密度ρ20,延化140万吨/年柴油精制装置
3.00,ST040042,<p>ppm</p>,2025-06-18 20:00:00,硫含量,延化140万吨/年柴油精制装置
352.5,ST040042,℃,2025-06-18 20:00:00,95%回收温度,延化140万吨/年柴油精制装置
330.0,ST040042,℃,2025-06-18 20:00:00,90%回收温度,延化140万吨/年柴油精制装置
261.0,ST040042,℃,2025-06-18 20:00:00,50%回收温度,延化140万吨/年柴油精制装置
83.0,ST040042,℃,2025-06-18 20:00:00,闪点(闭口),延化140万吨/年柴油精制装置
194.5,ST040042,℃,2025-06-18 20:00:00,初馏点,延化140万吨/年柴油精制装置
40,ST040042,,2025-06-18 20:00:00,十六烷指数,延化140万吨/年柴油精制装置
<-19,ST040042,℃,2025-06-18 20:00:00,冷滤点,延化140万吨/年柴油精制装置
<-26,ST040042,℃,2025-06-18 20:00:00,凝点,延化140万吨/年柴油精制装置
219.5,ST040042,℃,2025-06-18 20:00:00,10%回收温度,延化140万吨/年柴油精制装置
<-19,ST040042,℃,2025-06-19 20:00:00,冷滤点,延化140万吨/年柴油精制装置
<-26,ST040042,℃,2025-06-19 20:00:00,凝点,延化140万吨/年柴油精制装置
219.0,ST040042,℃,2025-06-19 20:00:00,10%回收温度,延化140万吨/年柴油精制装置
866.9,ST040042,<p>kg/m<sup>3</sup></p>,2025-06-19 20:00:00,密度ρ20,延化140万吨/年柴油精制装置
3.00,ST040042,<p>ppm</p>,2025-06-19 20:00:00,硫含量,延化140万吨/年柴油精制装置
83.0,ST040042,℃,2025-06-19 20:00:00,闪点(闭口),延化140万吨/年柴油精制装置
259.5,ST040042,℃,2025-06-19 20:00:00,50%回收温度,延化140万吨/年柴油精制装置
325.0,ST040042,℃,2025-06-19 20:00:00,90%回收温度,延化140万吨/年柴油精制装置
345.0,ST040042,℃,2025-06-19 20:00:00,95%回收温度,延化140万吨/年柴油精制装置
39,ST040042,,2025-06-19 20:00:00,十六烷指数,延化140万吨/年柴油精制装置
194.5,ST040042,℃,2025-06-19 20:00:00,初馏点,延化140万吨/年柴油精制装置
<-26,ST040042,℃,2025-06-20 20:00:00,凝点,延化140万吨/年柴油精制装置
4.00,ST040042,<p>ppm</p>,2025-06-20 20:00:00,硫含量,延化140万吨/年柴油精制装置
866.8,ST040042,<p>kg/m<sup>3</sup></p>,2025-06-20 20:00:00,密度ρ20,延化140万吨/年柴油精制装置
82.0,ST040042,℃,2025-06-20 20:00:00,闪点(闭口),延化140万吨/年柴油精制装置
195.1,ST040042,℃,2025-06-20 20:00:00,初馏点,延化140万吨/年柴油精制装置
40,ST040042,,2025-06-20 20:00:00,十六烷指数,延化140万吨/年柴油精制装置
260.2,ST040042,℃,2025-06-20 20:00:00,50%回收温度,延化140万吨/年柴油精制装置
325.6,ST040042,℃,2025-06-20 20:00:00,90%回收温度,延化140万吨/年柴油精制装置
345.7,ST040042,℃,2025-06-20 20:00:00,95%回收温度,延化140万吨/年柴油精制装置
<-19,ST040042,℃,2025-06-20 20:00:00,冷滤点,延化140万吨/年柴油精制装置
219.2,ST040042,℃,2025-06-20 20:00:00,10%回收温度,延化140万吨/年柴油精制装置
84.0,ST040042,℃,2025-06-21 20:00:00,闪点(闭口),延化140万吨/年柴油精制装置
4.00,ST040042,<p>ppm</p>,2025-06-21 20:00:00,硫含量,延化140万吨/年柴油精制装置
<-19,ST040042,℃,2025-06-21 20:00:00,冷滤点,延化140万吨/年柴油精制装置
<-26,ST040042,℃,2025-06-21 20:00:00,凝点,延化140万吨/年柴油精制装置
866.7,ST040042,<p>kg/m<sup>3</sup></p>,2025-06-21 20:00:00,密度ρ20,延化140万吨/年柴油精制装置
346.1,ST040042,℃,2025-06-21 20:00:00,95%回收温度,延化140万吨/年柴油精制装置
192.9,ST040042,℃,2025-06-21 20:00:00,初馏点,延化140万吨/年柴油精制装置
219.2,ST040042,℃,2025-06-21 20:00:00,10%回收温度,延化140万吨/年柴油精制装置
260.6,ST040042,℃,2025-06-21 20:00:00,50%回收温度,延化140万吨/年柴油精制装置
326.1,ST040042,℃,2025-06-21 20:00:00,90%回收温度,延化140万吨/年柴油精制装置
40,ST040042,,2025-06-21 20:00:00,十六烷指数,延化140万吨/年柴油精制装置
3.00,ST040042,<p>ppm</p>,2025-06-22 20:00:00,硫含量,延化140万吨/年柴油精制装置
<-19,ST040042,℃,2025-06-22 20:00:00,冷滤点,延化140万吨/年柴油精制装置
<-26,ST040042,℃,2025-06-22 20:00:00,凝点,延化140万吨/年柴油精制装置
866.0,ST040042,<p>kg/m<sup>3</sup></p>,2025-06-22 20:00:00,密度ρ20,延化140万吨/年柴油精制装置
39,ST040042,,2025-06-22 20:00:00,十六烷指数,延化140万吨/年柴油精制装置
346.5,ST040042,℃,2025-06-22 20:00:00,95%回收温度,延化140万吨/年柴油精制装置
195.5,ST040042,℃,2025-06-22 20:00:00,初馏点,延化140万吨/年柴油精制装置
219.5,ST040042,℃,2025-06-22 20:00:00,10%回收温度,延化140万吨/年柴油精制装置
259.0,ST040042,℃,2025-06-22 20:00:00,50%回收温度,延化140万吨/年柴油精制装置
327.5,ST040042,℃,2025-06-22 20:00:00,90%回收温度,延化140万吨/年柴油精制装置
83.0,ST040042,℃,2025-06-22 20:00:00,闪点(闭口),延化140万吨/年柴油精制装置
864.9,ST040042,<p>kg/m<sup>3</sup></p>,2025-06-23 20:00:00,密度ρ20,延化140万吨/年柴油精制装置
40,ST040042,,2025-06-23 20:00:00,十六烷指数,延化140万吨/年柴油精制装置
82.0,ST040042,℃,2025-06-23 20:00:00,闪点(闭口),延化140万吨/年柴油精制装置
194.2,ST040042,℃,2025-06-23 20:00:00,初馏点,延化140万吨/年柴油精制装置
217.6,ST040042,℃,2025-06-23 20:00:00,10%回收温度,延化140万吨/年柴油精制装置
<-26,ST040042,℃,2025-06-23 20:00:00,凝点,延化140万吨/年柴油精制装置
325.5,ST040042,℃,2025-06-23 20:00:00,90%回收温度,延化140万吨/年柴油精制装置
345.9,ST040042,℃,2025-06-23 20:00:00,95%回收温度,延化140万吨/年柴油精制装置
3.00,ST040042,<p>ppm</p>,2025-06-23 20:00:00,硫含量,延化140万吨/年柴油精制装置
<-19,ST040042,℃,2025-06-23 20:00:00,冷滤点,延化140万吨/年柴油精制装置
259.4,ST040042,℃,2025-06-23 20:00:00,50%回收温度,延化140万吨/年柴油精制装置
<-19,ST040042,℃,2025-06-24 20:00:00,冷滤点,延化140万吨/年柴油精制装置
<-26,ST040042,℃,2025-06-24 20:00:00,凝点,延化140万吨/年柴油精制装置
864.7,ST040042,<p>kg/m<sup>3</sup></p>,2025-06-24 20:00:00,密度ρ20,延化140万吨/年柴油精制装置
3.00,ST040042,<p>ppm</p>,2025-06-24 20:00:00,硫含量,延化140万吨/年柴油精制装置
346.5,ST040042,℃,2025-06-24 20:00:00,95%回收温度,延化140万吨/年柴油精制装置
83.0,ST040042,℃,2025-06-24 20:00:00,闪点(闭口),延化140万吨/年柴油精制装置
261.5,ST040042,℃,2025-06-24 20:00:00,50%回收温度,延化140万吨/年柴油精制装置
219.5,ST040042,℃,2025-06-24 20:00:00,10%回收温度,延化140万吨/年柴油精制装置
196.5,ST040042,℃,2025-06-24 20:00:00,初馏点,延化140万吨/年柴油精制装置
40,ST040042,,2025-06-24 20:00:00,十六烷指数,延化140万吨/年柴油精制装置
325.5,ST040042,℃,2025-06-24 20:00:00,90%回收温度,延化140万吨/年柴油精制装置
<-19,ST040042,℃,2025-06-25 20:00:00,冷滤点,延化140万吨/年柴油精制装置
<-26,ST040042,℃,2025-06-25 20:00:00,凝点,延化140万吨/年柴油精制装置
3.00,ST040042,<p>ppm</p>,2025-06-25 20:00:00,硫含量,延化140万吨/年柴油精制装置
41,ST040042,,2025-06-25 20:00:00,十六烷指数,延化140万吨/年柴油精制装置
82.0,ST040042,℃,2025-06-25 20:00:00,闪点(闭口),延化140万吨/年柴油精制装置
197.5,ST040042,℃,2025-06-25 20:00:00,初馏点,延化140万吨/年柴油精制装置
348.0,ST040042,℃,2025-06-25 20:00:00,95%回收温度,延化140万吨/年柴油精制装置
328.0,ST040042,℃,2025-06-25 20:00:00,90%回收温度,延化140万吨/年柴油精制装置
260.5,ST040042,℃,2025-06-25 20:00:00,50%回收温度,延化140万吨/年柴油精制装置
220.0,ST040042,℃,2025-06-25 20:00:00,10%回收温度,延化140万吨/年柴油精制装置
863.2,ST040042,<p>kg/m<sup>3</sup></p>,2025-06-25 20:00:00,密度ρ20,延化140万吨/年柴油精制装置
326.0,ST040042,℃,2025-06-26 20:00:00,90%回收温度,延化140万吨/年柴油精制装置
194.3,ST040042,℃,2025-06-26 20:00:00,初馏点,延化140万吨/年柴油精制装置
218.2,ST040042,℃,2025-06-26 20:00:00,10%回收温度,延化140万吨/年柴油精制装置
259.7,ST040042,℃,2025-06-26 20:00:00,50%回收温度,延化140万吨/年柴油精制装置
346.3,ST040042,℃,2025-06-26 20:00:00,95%回收温度,延化140万吨/年柴油精制装置
82.0,ST040042,℃,2025-06-26 20:00:00,闪点(闭口),延化140万吨/年柴油精制装置
<-26,ST040042,℃,2025-06-26 20:00:00,凝点,延化140万吨/年柴油精制装置
863.0,ST040042,<p>kg/m<sup>3</sup></p>,2025-06-26 20:00:00,密度ρ20,延化140万吨/年柴油精制装置
3.00,ST040042,<p>ppm</p>,2025-06-26 20:00:00,硫含量,延化140万吨/年柴油精制装置
40,ST040042,,2025-06-26 20:00:00,十六烷指数,延化140万吨/年柴油精制装置
<-19,ST040042,℃,2025-06-26 20:00:00,冷滤点,延化140万吨/年柴油精制装置
194.8,ST040042,℃,2025-06-27 20:00:00,初馏点,延化140万吨/年柴油精制装置
218.5,ST040042,℃,2025-06-27 20:00:00,10%回收温度,延化140万吨/年柴油精制装置
259.8,ST040042,℃,2025-06-27 20:00:00,50%回收温度,延化140万吨/年柴油精制装置
326.3,ST040042,℃,2025-06-27 20:00:00,90%回收温度,延化140万吨/年柴油精制装置
346.8,ST040042,℃,2025-06-27 20:00:00,95%回收温度,延化140万吨/年柴油精制装置
83.0,ST040042,℃,2025-06-27 20:00:00,闪点(闭口),延化140万吨/年柴油精制装置
<-26,ST040042,℃,2025-06-27 20:00:00,凝点,延化140万吨/年柴油精制装置
862.7,ST040042,<p>kg/m<sup>3</sup></p>,2025-06-27 20:00:00,密度ρ20,延化140万吨/年柴油精制装置
3.00,ST040042,<p>ppm</p>,2025-06-27 20:00:00,硫含量,延化140万吨/年柴油精制装置
41,ST040042,,2025-06-27 20:00:00,十六烷指数,延化140万吨/年柴油精制装置
<-19,ST040042,℃,2025-06-27 20:00:00,冷滤点,延化140万吨/年柴油精制装置
325.6,ST040042,℃,2025-06-28 20:00:00,90%回收温度,延化140万吨/年柴油精制装置
195.2,ST040042,℃,2025-06-28 20:00:00,初馏点,延化140万吨/年柴油精制装置
218.5,ST040042,℃,2025-06-28 20:00:00,10%回收温度,延化140万吨/年柴油精制装置
259.4,ST040042,℃,2025-06-28 20:00:00,50%回收温度,延化140万吨/年柴油精制装置
346.4,ST040042,℃,2025-06-28 20:00:00,95%回收温度,延化140万吨/年柴油精制装置
<-19,ST040042,℃,2025-06-28 20:00:00,冷滤点,延化140万吨/年柴油精制装置
865.1,ST040042,<p>kg/m<sup>3</sup></p>,2025-06-28 20:00:00,密度ρ20,延化140万吨/年柴油精制装置
3.00,ST040042,<p>ppm</p>,2025-06-28 20:00:00,硫含量,延化140万吨/年柴油精制装置
40,ST040042,,2025-06-28 20:00:00,十六烷指数,延化140万吨/年柴油精制装置
83.0,ST040042,℃,2025-06-28 20:00:00,闪点(闭口),延化140万吨/年柴油精制装置
<-26,ST040042,℃,2025-06-28 20:00:00,凝点,延化140万吨/年柴油精制装置
259.2,ST040042,℃,2025-06-29 20:00:00,50%回收温度,延化140万吨/年柴油精制装置
325.4,ST040042,℃,2025-06-29 20:00:00,90%回收温度,延化140万吨/年柴油精制装置
346.0,ST040042,℃,2025-06-29 20:00:00,95%回收温度,延化140万吨/年柴油精制装置
<-19,ST040042,℃,2025-06-29 20:00:00,冷滤点,延化140万吨/年柴油精制装置
<-26,ST040042,℃,2025-06-29 20:00:00,凝点,延化140万吨/年柴油精制装置
217.9,ST040042,℃,2025-06-29 20:00:00,10%回收温度,延化140万吨/年柴油精制装置
3.00,ST040042,<p>ppm</p>,2025-06-29 20:00:00,硫含量,延化140万吨/年柴油精制装置
40,ST040042,,2025-06-29 20:00:00,十六烷指数,延化140万吨/年柴油精制装置
83.0,ST040042,℃,2025-06-29 20:00:00,闪点(闭口),延化140万吨/年柴油精制装置
194.6,ST040042,℃,2025-06-29 20:00:00,初馏点,延化140万吨/年柴油精制装置
863.8,ST040042,<p>kg/m<sup>3</sup></p>,2025-06-29 20:00:00,密度ρ20,延化140万吨/年柴油精制装置
40,ST040042,,2025-06-30 20:00:00,十六烷指数,延化140万吨/年柴油精制装置
<-19,ST040042,℃,2025-06-30 20:00:00,冷滤点,延化140万吨/年柴油精制装置
<-26,ST040042,℃,2025-06-30 20:00:00,凝点,延化140万吨/年柴油精制装置
863.9,ST040042,<p>kg/m<sup>3</sup></p>,2025-06-30 20:00:00,密度ρ20,延化140万吨/年柴油精制装置
3.00,ST040042,<p>ppm</p>,2025-06-30 20:00:00,硫含量,延化140万吨/年柴油精制装置
346.4,ST040042,℃,2025-06-30 20:00:00,95%回收温度,延化140万吨/年柴油精制装置
194.1,ST040042,℃,2025-06-30 20:00:00,初馏点,延化140万吨/年柴油精制装置
217.4,ST040042,℃,2025-06-30 20:00:00,10%回收温度,延化140万吨/年柴油精制装置
259.0,ST040042,℃,2025-06-30 20:00:00,50%回收温度,延化140万吨/年柴油精制装置
325.7,ST040042,℃,2025-06-30 20:00:00,90%回收温度,延化140万吨/年柴油精制装置
84.0,ST040042,℃,2025-06-30 20:00:00,闪点(闭口),延化140万吨/年柴油精制装置
325.9,ST040042,℃,2025-07-01 20:00:00,90%回收温度,延化140万吨/年柴油精制装置
193.5,ST040042,℃,2025-07-01 20:00:00,初馏点,延化140万吨/年柴油精制装置
217.0,ST040042,℃,2025-07-01 20:00:00,10%回收温度,延化140万吨/年柴油精制装置
258.5,ST040042,℃,2025-07-01 20:00:00,50%回收温度,延化140万吨/年柴油精制装置
3.00,ST040042,<p>ppm</p>,2025-07-01 20:00:00,硫含量,延化140万吨/年柴油精制装置
84.0,ST040042,℃,2025-07-01 20:00:00,闪点(闭口),延化140万吨/年柴油精制装置
-20,ST040042,℃,2025-07-01 20:00:00,凝点,延化140万吨/年柴油精制装置
863.7,ST040042,<p>kg/m<sup>3</sup></p>,2025-07-01 20:00:00,密度ρ20,延化140万吨/年柴油精制装置
40,ST040042,,2025-07-01 20:00:00,十六烷指数,延化140万吨/年柴油精制装置
-15,ST040042,℃,2025-07-01 20:00:00,冷滤点,延化140万吨/年柴油精制装置
346.8,ST040042,℃,2025-07-01 20:00:00,95%回收温度,延化140万吨/年柴油精制装置
327.0,ST040042,℃,2025-07-02 20:00:00,90%回收温度,延化140万吨/年柴油精制装置
194.1,ST040042,℃,2025-07-02 20:00:00,初馏点,延化140万吨/年柴油精制装置
218.7,ST040042,℃,2025-07-02 20:00:00,10%回收温度,延化140万吨/年柴油精制装置
260.1,ST040042,℃,2025-07-02 20:00:00,50%回收温度,延化140万吨/年柴油精制装置
347.7,ST040042,℃,2025-07-02 20:00:00,95%回收温度,延化140万吨/年柴油精制装置
864.9,ST040042,<p>kg/m<sup>3</sup></p>,2025-07-02 20:00:00,密度ρ20,延化140万吨/年柴油精制装置
40,ST040042,,2025-07-02 20:00:00,十六烷指数,延化140万吨/年柴油精制装置
83.0,ST040042,℃,2025-07-02 20:00:00,闪点(闭口),延化140万吨/年柴油精制装置
<-19,ST040042,℃,2025-07-02 20:00:00,冷滤点,延化140万吨/年柴油精制装置
3.00,ST040042,<p>ppm</p>,2025-07-02 20:00:00,硫含量,延化140万吨/年柴油精制装置
<-26,ST040042,℃,2025-07-02 20:00:00,凝点,延化140万吨/年柴油精制装置
40,ST040042,,2025-07-03 20:00:00,十六烷指数,延化140万吨/年柴油精制装置
83.0,ST040042,℃,2025-07-03 20:00:00,闪点(闭口),延化140万吨/年柴油精制装置
347.9,ST040042,℃,2025-07-03 20:00:00,95%回收温度,延化140万吨/年柴油精制装置
195.9,ST040042,℃,2025-07-03 20:00:00,初馏点,延化140万吨/年柴油精制装置
219.2,ST040042,℃,2025-07-03 20:00:00,10%回收温度,延化140万吨/年柴油精制装置
3.00,ST040042,<p>ppm</p>,2025-07-03 20:00:00,硫含量,延化140万吨/年柴油精制装置
327.2,ST040042,℃,2025-07-03 20:00:00,90%回收温度,延化140万吨/年柴油精制装置
<-19,ST040042,℃,2025-07-03 20:00:00,冷滤点,延化140万吨/年柴油精制装置
<-26,ST040042,℃,2025-07-03 20:00:00,凝点,延化140万吨/年柴油精制装置
866.6,ST040042,<p>kg/m<sup>3</sup></p>,2025-07-03 20:00:00,密度ρ20,延化140万吨/年柴油精制装置
260.1,ST040042,℃,2025-07-03 20:00:00,50%回收温度,延化140万吨/年柴油精制装置
3.00,ST040042,<p>ppm</p>,2025-07-04 20:00:00,硫含量,延化140万吨/年柴油精制装置
<-19,ST040042,℃,2025-07-04 20:00:00,冷滤点,延化140万吨/年柴油精制装置
<-26,ST040042,℃,2025-07-04 20:00:00,凝点,延化140万吨/年柴油精制装置
863.6,ST040042,<p>kg/m<sup>3</sup></p>,2025-07-04 20:00:00,密度ρ20,延化140万吨/年柴油精制装置
40,ST040042,,2025-07-04 20:00:00,十六烷指数,延化140万吨/年柴油精制装置
346.7,ST040042,℃,2025-07-04 20:00:00,95%回收温度,延化140万吨/年柴油精制装置
193.4,ST040042,℃,2025-07-04 20:00:00,初馏点,延化140万吨/年柴油精制装置
216.9,ST040042,℃,2025-07-04 20:00:00,10%回收温度,延化140万吨/年柴油精制装置
258.6,ST040042,℃,2025-07-04 20:00:00,50%回收温度,延化140万吨/年柴油精制装置
326.0,ST040042,℃,2025-07-04 20:00:00,90%回收温度,延化140万吨/年柴油精制装置
83.0,ST040042,℃,2025-07-04 20:00:00,闪点(闭口),延化140万吨/年柴油精制装置
193.7,ST040042,℃,2025-07-05 20:00:00,初馏点,延化140万吨/年柴油精制装置
217.1,ST040042,℃,2025-07-05 20:00:00,10%回收温度,延化140万吨/年柴油精制装置
258.6,ST040042,℃,2025-07-05 20:00:00,50%回收温度,延化140万吨/年柴油精制装置
325.8,ST040042,℃,2025-07-05 20:00:00,90%回收温度,延化140万吨/年柴油精制装置
346.5,ST040042,℃,2025-07-05 20:00:00,95%回收温度,延化140万吨/年柴油精制装置
82.0,ST040042,℃,2025-07-05 20:00:00,闪点(闭口),延化140万吨/年柴油精制装置
<-26,ST040042,℃,2025-07-05 20:00:00,凝点,延化140万吨/年柴油精制装置
864.2,ST040042,<p>kg/m<sup>3</sup></p>,2025-07-05 20:00:00,密度ρ20,延化140万吨/年柴油精制装置
3.00,ST040042,<p>ppm</p>,2025-07-05 20:00:00,硫含量,延化140万吨/年柴油精制装置
40,ST040042,,2025-07-05 20:00:00,十六烷指数,延化140万吨/年柴油精制装置
<-19,ST040042,℃,2025-07-05 20:00:00,冷滤点,延化140万吨/年柴油精制装置
866.1,ST040042,<p>kg/m<sup>3</sup></p>,2025-07-06 20:00:00,密度ρ20,延化140万吨/年柴油精制装置
<-19,ST040042,℃,2025-07-06 20:00:00,冷滤点,延化140万吨/年柴油精制装置
<-26,ST040042,℃,2025-07-06 20:00:00,凝点,延化140万吨/年柴油精制装置
261.0,ST040042,℃,2025-07-06 20:00:00,50%回收温度,延化140万吨/年柴油精制装置
3.00,ST040042,<p>ppm</p>,2025-07-06 20:00:00,硫含量,延化140万吨/年柴油精制装置
83.0,ST040042,℃,2025-07-06 20:00:00,闪点(闭口),延化140万吨/年柴油精制装置
332.5,ST040042,℃,2025-07-06 20:00:00,90%回收温度,延化140万吨/年柴油精制装置
218.5,ST040042,℃,2025-07-06 20:00:00,10%回收温度,延化140万吨/年柴油精制装置
194.5,ST040042,℃,2025-07-06 20:00:00,初馏点,延化140万吨/年柴油精制装置
40,ST040042,,2025-07-06 20:00:00,十六烷指数,延化140万吨/年柴油精制装置
351.5,ST040042,℃,2025-07-06 20:00:00,95%回收温度,延化140万吨/年柴油精制装置
-24,ST040042,℃,2025-07-07 20:00:00,凝点,延化140万吨/年柴油精制装置
867.4,ST040042,<p>kg/m<sup>3</sup></p>,2025-07-07 20:00:00,密度ρ20,延化140万吨/年柴油精制装置
3.00,ST040042,<p>ppm</p>,2025-07-07 20:00:00,硫含量,延化140万吨/年柴油精制装置
39,ST040042,,2025-07-07 20:00:00,十六烷指数,延化140万吨/年柴油精制装置
83.0,ST040042,℃,2025-07-07 20:00:00,闪点(闭口),延化140万吨/年柴油精制装置
<-19,ST040042,℃,2025-07-07 20:00:00,冷滤点,延化140万吨/年柴油精制装置
216.8,ST040042,℃,2025-07-07 20:00:00,10%回收温度,延化140万吨/年柴油精制装置
257.1,ST040042,℃,2025-07-07 20:00:00,50%回收温度,延化140万吨/年柴油精制装置
325.0,ST040042,℃,2025-07-07 20:00:00,90%回收温度,延化140万吨/年柴油精制装置
346.1,ST040042,℃,2025-07-07 20:00:00,95%回收温度,延化140万吨/年柴油精制装置
194.2,ST040042,℃,2025-07-07 20:00:00,初馏点,延化140万吨/年柴油精制装置
866.4,ST040042,<p>kg/m<sup>3</sup></p>,2025-07-08 20:00:00,密度ρ20,延化140万吨/年柴油精制装置
3.00,ST040042,<p>ppm</p>,2025-07-08 20:00:00,硫含量,延化140万吨/年柴油精制装置
195.1,ST040042,℃,2025-07-08 20:00:00,初馏点,延化140万吨/年柴油精制装置
218.7,ST040042,℃,2025-07-08 20:00:00,10%回收温度,延化140万吨/年柴油精制装置
260.1,ST040042,℃,2025-07-08 20:00:00,50%回收温度,延化140万吨/年柴油精制装置
82.0,ST040042,℃,2025-07-08 20:00:00,闪点(闭口),延化140万吨/年柴油精制装置
347.9,ST040042,℃,2025-07-08 20:00:00,95%回收温度,延化140万吨/年柴油精制装置
40,ST040042,,2025-07-08 20:00:00,十六烷指数,延化140万吨/年柴油精制装置
<-19,ST040042,℃,2025-07-08 20:00:00,冷滤点,延化140万吨/年柴油精制装置
<-26,ST040042,℃,2025-07-08 20:00:00,凝点,延化140万吨/年柴油精制装置
327.3,ST040042,℃,2025-07-08 20:00:00,90%回收温度,延化140万吨/年柴油精制装置
195.6,ST040042,℃,2025-07-09 20:00:00,初馏点,延化140万吨/年柴油精制装置
218.7,ST040042,℃,2025-07-09 20:00:00,10%回收温度,延化140万吨/年柴油精制装置
259.8,ST040042,℃,2025-07-09 20:00:00,50%回收温度,延化140万吨/年柴油精制装置
327.1,ST040042,℃,2025-07-09 20:00:00,90%回收温度,延化140万吨/年柴油精制装置
347.9,ST040042,℃,2025-07-09 20:00:00,95%回收温度,延化140万吨/年柴油精制装置
<-26,ST040042,℃,2025-07-09 20:00:00,凝点,延化140万吨/年柴油精制装置
3.00,ST040042,<p>ppm</p>,2025-07-09 20:00:00,硫含量,延化140万吨/年柴油精制装置
40,ST040042,,2025-07-09 20:00:00,十六烷指数,延化140万吨/年柴油精制装置
83.0,ST040042,℃,2025-07-09 20:00:00,闪点(闭口),延化140万吨/年柴油精制装置
<-19,ST040042,℃,2025-07-09 20:00:00,冷滤点,延化140万吨/年柴油精制装置
866.6,ST040042,<p>kg/m<sup>3</sup></p>,2025-07-09 20:00:00,密度ρ20,延化140万吨/年柴油精制装置
<-19,ST040042,℃,2025-07-10 20:00:00,冷滤点,延化140万吨/年柴油精制装置
192.1,ST040042,℃,2025-07-10 20:00:00,初馏点,延化140万吨/年柴油精制装置
216.7,ST040042,℃,2025-07-10 20:00:00,10%回收温度,延化140万吨/年柴油精制装置
259.9,ST040042,℃,2025-07-10 20:00:00,50%回收温度,延化140万吨/年柴油精制装置
325.2,ST040042,℃,2025-07-10 20:00:00,90%回收温度,延化140万吨/年柴油精制装置
84.0,ST040042,℃,2025-07-10 20:00:00,闪点(闭口),延化140万吨/年柴油精制装置
<-26,ST040042,℃,2025-07-10 20:00:00,凝点,延化140万吨/年柴油精制装置
863.1,ST040042,<p>kg/m<sup>3</sup></p>,2025-07-10 20:00:00,密度ρ20,延化140万吨/年柴油精制装置
3.00,ST040042,<p>ppm</p>,2025-07-10 20:00:00,硫含量,延化140万吨/年柴油精制装置
41,ST040042,,2025-07-10 20:00:00,十六烷指数,延化140万吨/年柴油精制装置
345.4,ST040042,℃,2025-07-10 20:00:00,95%回收温度,延化140万吨/年柴油精制装置
3.00,ST040042,<p>ppm</p>,2025-07-11 20:00:00,硫含量,延化140万吨/年柴油精制装置
<-19,ST040042,℃,2025-07-11 20:00:00,冷滤点,延化140万吨/年柴油精制装置
<-26,ST040042,℃,2025-07-11 20:00:00,凝点,延化140万吨/年柴油精制装置
863.3,ST040042,<p>kg/m<sup>3</sup></p>,2025-07-11 20:00:00,密度ρ20,延化140万吨/年柴油精制装置
40,ST040042,,2025-07-11 20:00:00,十六烷指数,延化140万吨/年柴油精制装置
347.5,ST040042,℃,2025-07-11 20:00:00,95%回收温度,延化140万吨/年柴油精制装置
81.0,ST040042,℃,2025-07-11 20:00:00,闪点(闭口),延化140万吨/年柴油精制装置
193.7,ST040042,℃,2025-07-11 20:00:00,初馏点,延化140万吨/年柴油精制装置
217.8,ST040042,℃,2025-07-11 20:00:00,10%回收温度,延化140万吨/年柴油精制装置
326.9,ST040042,℃,2025-07-11 20:00:00,90%回收温度,延化140万吨/年柴油精制装置
259.9,ST040042,℃,2025-07-11 20:00:00,50%回收温度,延化140万吨/年柴油精制装置
345.5,ST040042,℃,2025-07-12 20:00:00,95%回收温度,延化140万吨/年柴油精制装置
<-19,ST040042,℃,2025-07-12 20:00:00,冷滤点,延化140万吨/年柴油精制装置
<-26,ST040042,℃,2025-07-12 20:00:00,凝点,延化140万吨/年柴油精制装置
866.1,ST040042,<p>kg/m<sup>3</sup></p>,2025-07-12 20:00:00,密度ρ20,延化140万吨/年柴油精制装置
3.00,ST040042,<p>ppm</p>,2025-07-12 20:00:00,硫含量,延化140万吨/年柴油精制装置
324.9,ST040042,℃,2025-07-12 20:00:00,90%回收温度,延化140万吨/年柴油精制装置
82.0,ST040042,℃,2025-07-12 20:00:00,闪点(闭口),延化140万吨/年柴油精制装置
192.5,ST040042,℃,2025-07-12 20:00:00,初馏点,延化140万吨/年柴油精制装置
216.8,ST040042,℃,2025-07-12 20:00:00,10%回收温度,延化140万吨/年柴油精制装置
258.4,ST040042,℃,2025-07-12 20:00:00,50%回收温度,延化140万吨/年柴油精制装置
39,ST040042,,2025-07-12 20:00:00,十六烷指数,延化140万吨/年柴油精制装置
5.00,ST040042,<p>ppm</p>,2025-07-13 20:00:00,硫含量,延化140万吨/年柴油精制装置
<-19,ST040042,℃,2025-07-13 20:00:00,冷滤点,延化140万吨/年柴油精制装置
<-26,ST040042,℃,2025-07-13 20:00:00,凝点,延化140万吨/年柴油精制装置
866.6,ST040042,<p>kg/m<sup>3</sup></p>,2025-07-13 20:00:00,密度ρ20,延化140万吨/年柴油精制装置
39,ST040042,,2025-07-13 20:00:00,十六烷指数,延化140万吨/年柴油精制装置
345.2,ST040042,℃,2025-07-13 20:00:00,95%回收温度,延化140万吨/年柴油精制装置
82.0,ST040042,℃,2025-07-13 20:00:00,闪点(闭口),延化140万吨/年柴油精制装置
191.8,ST040042,℃,2025-07-13 20:00:00,初馏点,延化140万吨/年柴油精制装置
216.8,ST040042,℃,2025-07-13 20:00:00,10%回收温度,延化140万吨/年柴油精制装置
324.7,ST040042,℃,2025-07-13 20:00:00,90%回收温度,延化140万吨/年柴油精制装置
258.2,ST040042,℃,2025-07-13 20:00:00,50%回收温度,延化140万吨/年柴油精制装置
193.8,ST040042,℃,2025-07-14 20:00:00,初馏点,延化140万吨/年柴油精制装置
218.1,ST040042,℃,2025-07-14 20:00:00,10%回收温度,延化140万吨/年柴油精制装置
259.7,ST040042,℃,2025-07-14 20:00:00,50%回收温度,延化140万吨/年柴油精制装置
325.7,ST040042,℃,2025-07-14 20:00:00,90%回收温度,延化140万吨/年柴油精制装置
346.1,ST040042,℃,2025-07-14 20:00:00,95%回收温度,延化140万吨/年柴油精制装置
83.0,ST040042,℃,2025-07-14 20:00:00,闪点(闭口),延化140万吨/年柴油精制装置
<-26,ST040042,℃,2025-07-14 20:00:00,凝点,延化140万吨/年柴油精制装置
866.4,ST040042,<p>kg/m<sup>3</sup></p>,2025-07-14 20:00:00,密度ρ20,延化140万吨/年柴油精制装置
4.00,ST040042,<p>ppm</p>,2025-07-14 20:00:00,硫含量,延化140万吨/年柴油精制装置
40,ST040042,,2025-07-14 20:00:00,十六烷指数,延化140万吨/年柴油精制装置
<-19,ST040042,℃,2025-07-14 20:00:00,冷滤点,延化140万吨/年柴油精制装置
<-19,ST040042,℃,2025-07-15 20:00:00,冷滤点,延化140万吨/年柴油精制装置
<-26,ST040042,℃,2025-07-15 20:00:00,凝点,延化140万吨/年柴油精制装置
866.8,ST040042,<p>kg/m<sup>3</sup></p>,2025-07-15 20:00:00,密度ρ20,延化140万吨/年柴油精制装置
4.00,ST040042,<p>ppm</p>,2025-07-15 20:00:00,硫含量,延化140万吨/年柴油精制装置
40,ST040042,,2025-07-15 20:00:00,十六烷指数,延化140万吨/年柴油精制装置
83.0,ST040042,℃,2025-07-15 20:00:00,闪点(闭口),延化140万吨/年柴油精制装置
194.6,ST040042,℃,2025-07-15 20:00:00,初馏点,延化140万吨/年柴油精制装置
219.1,ST040042,℃,2025-07-15 20:00:00,10%回收温度,延化140万吨/年柴油精制装置
260.3,ST040042,℃,2025-07-15 20:00:00,50%回收温度,延化140万吨/年柴油精制装置
326.3,ST040042,℃,2025-07-15 20:00:00,90%回收温度,延化140万吨/年柴油精制装置
346.4,ST040042,℃,2025-07-15 20:00:00,95%回收温度,延化140万吨/年柴油精制装置
193.4,ST040042,℃,2025-07-16 20:00:00,初馏点,延化140万吨/年柴油精制装置
866.5,ST040042,<p>kg/m<sup>3</sup></p>,2025-07-16 20:00:00,密度ρ20,延化140万吨/年柴油精制装置
217.3,ST040042,℃,2025-07-16 20:00:00,10%回收温度,延化140万吨/年柴油精制装置
258.7,ST040042,℃,2025-07-16 20:00:00,50%回收温度,延化140万吨/年柴油精制装置
325.1,ST040042,℃,2025-07-16 20:00:00,90%回收温度,延化140万吨/年柴油精制装置
82.0,ST040042,℃,2025-07-16 20:00:00,闪点(闭口),延化140万吨/年柴油精制装置
39,ST040042,,2025-07-16 20:00:00,十六烷指数,延化140万吨/年柴油精制装置
<-19,ST040042,℃,2025-07-16 20:00:00,冷滤点,延化140万吨/年柴油精制装置
<-26,ST040042,℃,2025-07-16 20:00:00,凝点,延化140万吨/年柴油精制装置
4.00,ST040042,<p>ppm</p>,2025-07-16 20:00:00,硫含量,延化140万吨/年柴油精制装置
345.5,ST040042,℃,2025-07-16 20:00:00,95%回收温度,延化140万吨/年柴油精制装置
<-19,ST040042,℃,2025-07-17 20:00:00,冷滤点,延化140万吨/年柴油精制装置
193.3,ST040042,℃,2025-07-17 20:00:00,初馏点,延化140万吨/年柴油精制装置
217.5,ST040042,℃,2025-07-17 20:00:00,10%回收温度,延化140万吨/年柴油精制装置
258.8,ST040042,℃,2025-07-17 20:00:00,50%回收温度,延化140万吨/年柴油精制装置
325.0,ST040042,℃,2025-07-17 20:00:00,90%回收温度,延化140万吨/年柴油精制装置
81.0,ST040042,℃,2025-07-17 20:00:00,闪点(闭口),延化140万吨/年柴油精制装置
<-26,ST040042,℃,2025-07-17 20:00:00,凝点,延化140万吨/年柴油精制装置
866.2,ST040042,<p>kg/m<sup>3</sup></p>,2025-07-17 20:00:00,密度ρ20,延化140万吨/年柴油精制装置
4.00,ST040042,<p>ppm</p>,2025-07-17 20:00:00,硫含量,延化140万吨/年柴油精制装置
39,ST040042,,2025-07-17 20:00:00,十六烷指数,延化140万吨/年柴油精制装置
345.2,ST040042,℃,2025-07-17 20:00:00,95%回收温度,延化140万吨/年柴油精制装置
81.0,ST040042,℃,2025-07-18 20:00:00,闪点(闭口),延化140万吨/年柴油精制装置
192.2,ST040042,℃,2025-07-18 20:00:00,初馏点,延化140万吨/年柴油精制装置
217.6,ST040042,℃,2025-07-18 20:00:00,10%回收温度,延化140万吨/年柴油精制装置
259.4,ST040042,℃,2025-07-18 20:00:00,50%回收温度,延化140万吨/年柴油精制装置
325.5,ST040042,℃,2025-07-18 20:00:00,90%回收温度,延化140万吨/年柴油精制装置
39,ST040042,,2025-07-18 20:00:00,十六烷指数,延化140万吨/年柴油精制装置
3.00,ST040042,<p>ppm</p>,2025-07-18 20:00:00,硫含量,延化140万吨/年柴油精制装置
<-19,ST040042,℃,2025-07-18 20:00:00,冷滤点,延化140万吨/年柴油精制装置
<-26,ST040042,℃,2025-07-18 20:00:00,凝点,延化140万吨/年柴油精制装置
866.5,ST040042,<p>kg/m<sup>3</sup></p>,2025-07-18 20:00:00,密度ρ20,延化140万吨/年柴油精制装置
345.9,ST040042,℃,2025-07-18 20:00:00,95%回收温度,延化140万吨/年柴油精制装置
2.00,ST040042,<p>ppm</p>,2025-07-19 20:00:00,硫含量,延化140万吨/年柴油精制装置
<-19,ST040042,℃,2025-07-19 20:00:00,冷滤点,延化140万吨/年柴油精制装置
<-26,ST040042,℃,2025-07-19 20:00:00,凝点,延化140万吨/年柴油精制装置
867.1,ST040042,<p>kg/m<sup>3</sup></p>,2025-07-19 20:00:00,密度ρ20,延化140万吨/年柴油精制装置
40,ST040042,,2025-07-19 20:00:00,十六烷指数,延化140万吨/年柴油精制装置
346.6,ST040042,℃,2025-07-19 20:00:00,95%回收温度,延化140万吨/年柴油精制装置
194.9,ST040042,℃,2025-07-19 20:00:00,初馏点,延化140万吨/年柴油精制装置
220.1,ST040042,℃,2025-07-19 20:00:00,10%回收温度,延化140万吨/年柴油精制装置
261.1,ST040042,℃,2025-07-19 20:00:00,50%回收温度,延化140万吨/年柴油精制装置
326.5,ST040042,℃,2025-07-19 20:00:00,90%回收温度,延化140万吨/年柴油精制装置
82.0,ST040042,℃,2025-07-19 20:00:00,闪点(闭口),延化140万吨/年柴油精制装置
346.1,ST040042,℃,2025-07-20 20:00:00,95%回收温度,延化140万吨/年柴油精制装置
193.7,ST040042,℃,2025-07-20 20:00:00,初馏点,延化140万吨/年柴油精制装置
219.5,ST040042,℃,2025-07-20 20:00:00,10%回收温度,延化140万吨/年柴油精制装置
260.0,ST040042,℃,2025-07-20 20:00:00,50%回收温度,延化140万吨/年柴油精制装置
325.8,ST040042,℃,2025-07-20 20:00:00,90%回收温度,延化140万吨/年柴油精制装置
2.00,ST040042,<p>ppm</p>,2025-07-20 20:00:00,硫含量,延化140万吨/年柴油精制装置
82.0,ST040042,℃,2025-07-20 20:00:00,闪点(闭口),延化140万吨/年柴油精制装置
<-19,ST040042,℃,2025-07-20 20:00:00,冷滤点,延化140万吨/年柴油精制装置
<-26,ST040042,℃,2025-07-20 20:00:00,凝点,延化140万吨/年柴油精制装置
866.5,ST040042,<p>kg/m<sup>3</sup></p>,2025-07-20 20:00:00,密度ρ20,延化140万吨/年柴油精制装置
40,ST040042,,2025-07-20 20:00:00,十六烷指数,延化140万吨/年柴油精制装置
344.6,ST040042,℃,2025-07-21 20:00:00,95%回收温度,延化140万吨/年柴油精制装置
39,ST040042,,2025-07-21 20:00:00,十六烷指数,延化140万吨/年柴油精制装置
192.5,ST040042,℃,2025-07-21 20:00:00,初馏点,延化140万吨/年柴油精制装置
218.2,ST040042,℃,2025-07-21 20:00:00,10%回收温度,延化140万吨/年柴油精制装置
258.6,ST040042,℃,2025-07-21 20:00:00,50%回收温度,延化140万吨/年柴油精制装置
81.0,ST040042,℃,2025-07-21 20:00:00,闪点(闭口),延化140万吨/年柴油精制装置
<-19,ST040042,℃,2025-07-21 20:00:00,冷滤点,延化140万吨/年柴油精制装置
<-26,ST040042,℃,2025-07-21 20:00:00,凝点,延化140万吨/年柴油精制装置
867.6,ST040042,<p>kg/m<sup>3</sup></p>,2025-07-21 20:00:00,密度ρ20,延化140万吨/年柴油精制装置
2.00,ST040042,<p>ppm</p>,2025-07-21 20:00:00,硫含量,延化140万吨/年柴油精制装置
324.3,ST040042,℃,2025-07-21 20:00:00,90%回收温度,延化140万吨/年柴油精制装置
344.5,ST040042,℃,2025-07-22 20:00:00,95%回收温度,延化140万吨/年柴油精制装置
<-19,ST040042,℃,2025-07-22 20:00:00,冷滤点,延化140万吨/年柴油精制装置
<-26,ST040042,℃,2025-07-22 20:00:00,凝点,延化140万吨/年柴油精制装置
82.0,ST040042,℃,2025-07-22 20:00:00,闪点(闭口),延化140万吨/年柴油精制装置
192.2,ST040042,℃,2025-07-22 20:00:00,初馏点,延化140万吨/年柴油精制装置
39,ST040042,,2025-07-22 20:00:00,十六烷指数,延化140万吨/年柴油精制装置
258.5,ST040042,℃,2025-07-22 20:00:00,50%回收温度,延化140万吨/年柴油精制装置
324.2,ST040042,℃,2025-07-22 20:00:00,90%回收温度,延化140万吨/年柴油精制装置
868.3,ST040042,<p>kg/m<sup>3</sup></p>,2025-07-22 20:00:00,密度ρ20,延化140万吨/年柴油精制装置
2.00,ST040042,<p>ppm</p>,2025-07-22 20:00:00,硫含量,延化140万吨/年柴油精制装置
217.9,ST040042,℃,2025-07-22 20:00:00,10%回收温度,延化140万吨/年柴油精制装置
867.8,ST040042,<p>kg/m<sup>3</sup></p>,2025-07-23 20:00:00,密度ρ20,延化140万吨/年柴油精制装置
39,ST040042,,2025-07-23 20:00:00,十六烷指数,延化140万吨/年柴油精制装置
82.0,ST040042,℃,2025-07-23 20:00:00,闪点(闭口),延化140万吨/年柴油精制装置
192.1,ST040042,℃,2025-07-23 20:00:00,初馏点,延化140万吨/年柴油精制装置
218.0,ST040042,℃,2025-07-23 20:00:00,10%回收温度,延化140万吨/年柴油精制装置
<-26,ST040042,℃,2025-07-23 20:00:00,凝点,延化140万吨/年柴油精制装置
324.2,ST040042,℃,2025-07-23 20:00:00,90%回收温度,延化140万吨/年柴油精制装置
344.7,ST040042,℃,2025-07-23 20:00:00,95%回收温度,延化140万吨/年柴油精制装置
2.00,ST040042,<p>ppm</p>,2025-07-23 20:00:00,硫含量,延化140万吨/年柴油精制装置
<-19,ST040042,℃,2025-07-23 20:00:00,冷滤点,延化140万吨/年柴油精制装置
258.3,ST040042,℃,2025-07-23 20:00:00,50%回收温度,延化140万吨/年柴油精制装置
867.5,ST040042,<p>kg/m<sup>3</sup></p>,2025-07-24 20:00:00,密度ρ20,延化140万吨/年柴油精制装置
2.00,ST040042,<p>ppm</p>,2025-07-24 20:00:00,硫含量,延化140万吨/年柴油精制装置
80.0,ST040042,℃,2025-07-24 20:00:00,闪点(闭口),延化140万吨/年柴油精制装置
344.6,ST040042,℃,2025-07-24 20:00:00,95%回收温度,延化140万吨/年柴油精制装置
191.7,ST040042,℃,2025-07-24 20:00:00,初馏点,延化140万吨/年柴油精制装置
39,ST040042,,2025-07-24 20:00:00,十六烷指数,延化140万吨/年柴油精制装置
259.1,ST040042,℃,2025-07-24 20:00:00,50%回收温度,延化140万吨/年柴油精制装置
324.6,ST040042,℃,2025-07-24 20:00:00,90%回收温度,延化140万吨/年柴油精制装置
<-19,ST040042,℃,2025-07-24 20:00:00,冷滤点,延化140万吨/年柴油精制装置
<-26,ST040042,℃,2025-07-24 20:00:00,凝点,延化140万吨/年柴油精制装置
218.9,ST040042,℃,2025-07-24 20:00:00,10%回收温度,延化140万吨/年柴油精制装置
325.1,ST040042,℃,2025-07-25 20:00:00,90%回收温度,延化140万吨/年柴油精制装置
82.0,ST040042,℃,2025-07-25 20:00:00,闪点(闭口),延化140万吨/年柴油精制装置
191.5,ST040042,℃,2025-07-25 20:00:00,初馏点,延化140万吨/年柴油精制装置
218.4,ST040042,℃,2025-07-25 20:00:00,10%回收温度,延化140万吨/年柴油精制装置
259.4,ST040042,℃,2025-07-25 20:00:00,50%回收温度,延化140万吨/年柴油精制装置
39,ST040042,,2025-07-25 20:00:00,十六烷指数,延化140万吨/年柴油精制装置
<-19,ST040042,℃,2025-07-25 20:00:00,冷滤点,延化140万吨/年柴油精制装置
<-26,ST040042,℃,2025-07-25 20:00:00,凝点,延化140万吨/年柴油精制装置
867.5,ST040042,<p>kg/m<sup>3</sup></p>,2025-07-25 20:00:00,密度ρ20,延化140万吨/年柴油精制装置
2.00,ST040042,<p>ppm</p>,2025-07-25 20:00:00,硫含量,延化140万吨/年柴油精制装置
345.2,ST040042,℃,2025-07-25 20:00:00,95%回收温度,延化140万吨/年柴油精制装置
39,ST040042,,2025-07-26 20:00:00,十六烷指数,延化140万吨/年柴油精制装置
866.9,ST040042,<p>kg/m<sup>3</sup></p>,2025-07-26 20:00:00,密度ρ20,延化140万吨/年柴油精制装置
2.00,ST040042,<p>ppm</p>,2025-07-26 20:00:00,硫含量,延化140万吨/年柴油精制装置
81.0,ST040042,℃,2025-07-26 20:00:00,闪点(闭口),延化140万吨/年柴油精制装置
<-19,ST040042,℃,2025-07-26 20:00:00,冷滤点,延化140万吨/年柴油精制装置
344.4,ST040042,℃,2025-07-26 20:00:00,95%回收温度,延化140万吨/年柴油精制装置
191.2,ST040042,℃,2025-07-26 20:00:00,初馏点,延化140万吨/年柴油精制装置
217.1,ST040042,℃,2025-07-26 20:00:00,10%回收温度,延化140万吨/年柴油精制装置
258.1,ST040042,℃,2025-07-26 20:00:00,50%回收温度,延化140万吨/年柴油精制装置
324.3,ST040042,℃,2025-07-26 20:00:00,90%回收温度,延化140万吨/年柴油精制装置
<-26,ST040042,℃,2025-07-26 20:00:00,凝点,延化140万吨/年柴油精制装置
325.1,ST040042,℃,2025-07-27 20:00:00,90%回收温度,延化140万吨/年柴油精制装置
193.6,ST040042,℃,2025-07-27 20:00:00,初馏点,延化140万吨/年柴油精制装置
219.0,ST040042,℃,2025-07-27 20:00:00,10%回收温度,延化140万吨/年柴油精制装置
259.7,ST040042,℃,2025-07-27 20:00:00,50%回收温度,延化140万吨/年柴油精制装置
345.2,ST040042,℃,2025-07-27 20:00:00,95%回收温度,延化140万吨/年柴油精制装置
82.0,ST040042,℃,2025-07-27 20:00:00,闪点(闭口),延化140万吨/年柴油精制装置
<-26,ST040042,℃,2025-07-27 20:00:00,凝点,延化140万吨/年柴油精制装置
867.4,ST040042,<p>kg/m<sup>3</sup></p>,2025-07-27 20:00:00,密度ρ20,延化140万吨/年柴油精制装置
4.00,ST040042,<p>ppm</p>,2025-07-27 20:00:00,硫含量,延化140万吨/年柴油精制装置
39,ST040042,,2025-07-27 20:00:00,十六烷指数,延化140万吨/年柴油精制装置
<-19,ST040042,℃,2025-07-27 20:00:00,冷滤点,延化140万吨/年柴油精制装置
3.00,ST040042,<p>ppm</p>,2025-07-28 20:00:00,硫含量,延化140万吨/年柴油精制装置
<-19,ST040042,℃,2025-07-28 20:00:00,冷滤点,延化140万吨/年柴油精制装置
<-26,ST040042,℃,2025-07-28 20:00:00,凝点,延化140万吨/年柴油精制装置
867.2,ST040042,<p>kg/m<sup>3</sup></p>,2025-07-28 20:00:00,密度ρ20,延化140万吨/年柴油精制装置
39,ST040042,,2025-07-28 20:00:00,十六烷指数,延化140万吨/年柴油精制装置
345.2,ST040042,℃,2025-07-28 20:00:00,95%回收温度,延化140万吨/年柴油精制装置
192.6,ST040042,℃,2025-07-28 20:00:00,初馏点,延化140万吨/年柴油精制装置
218.7,ST040042,℃,2025-07-28 20:00:00,10%回收温度,延化140万吨/年柴油精制装置
259.7,ST040042,℃,2025-07-28 20:00:00,50%回收温度,延化140万吨/年柴油精制装置
325.2,ST040042,℃,2025-07-28 20:00:00,90%回收温度,延化140万吨/年柴油精制装置
82.0,ST040042,℃,2025-07-28 20:00:00,闪点(闭口),延化140万吨/年柴油精制装置
3.00,ST040042,<p>ppm</p>,2025-07-29 20:00:00,硫含量,延化140万吨/年柴油精制装置
<-19,ST040042,℃,2025-07-29 20:00:00,冷滤点,延化140万吨/年柴油精制装置
<-26,ST040042,℃,2025-07-29 20:00:00,凝点,延化140万吨/年柴油精制装置
867.5,ST040042,<p>kg/m<sup>3</sup></p>,2025-07-29 20:00:00,密度ρ20,延化140万吨/年柴油精制装置
39,ST040042,,2025-07-29 20:00:00,十六烷指数,延化140万吨/年柴油精制装置
345.8,ST040042,℃,2025-07-29 20:00:00,95%回收温度,延化140万吨/年柴油精制装置
192.8,ST040042,℃,2025-07-29 20:00:00,初馏点,延化140万吨/年柴油精制装置
219.2,ST040042,℃,2025-07-29 20:00:00,10%回收温度,延化140万吨/年柴油精制装置
260.5,ST040042,℃,2025-07-29 20:00:00,50%回收温度,延化140万吨/年柴油精制装置
325.9,ST040042,℃,2025-07-29 20:00:00,90%回收温度,延化140万吨/年柴油精制装置
81.0,ST040042,℃,2025-07-29 20:00:00,闪点(闭口),延化140万吨/年柴油精制装置
<-19,ST040042,℃,2025-07-30 20:00:00,冷滤点,延化140万吨/年柴油精制装置
<-26,ST040042,℃,2025-07-30 20:00:00,凝点,延化140万吨/年柴油精制装置
3.00,ST040042,<p>ppm</p>,2025-07-30 20:00:00,硫含量,延化140万吨/年柴油精制装置
40,ST040042,,2025-07-30 20:00:00,十六烷指数,延化140万吨/年柴油精制装置
80.0,ST040042,℃,2025-07-30 20:00:00,闪点(闭口),延化140万吨/年柴油精制装置
866.1,ST040042,<p>kg/m<sup>3</sup></p>,2025-07-30 20:00:00,密度ρ20,延化140万吨/年柴油精制装置
218.9,ST040042,℃,2025-07-30 20:00:00,10%回收温度,延化140万吨/年柴油精制装置
260.5,ST040042,℃,2025-07-30 20:00:00,50%回收温度,延化140万吨/年柴油精制装置
326.7,ST040042,℃,2025-07-30 20:00:00,90%回收温度,延化140万吨/年柴油精制装置
346.5,ST040042,℃,2025-07-30 20:00:00,95%回收温度,延化140万吨/年柴油精制装置
191.7,ST040042,℃,2025-07-30 20:00:00,初馏点,延化140万吨/年柴油精制装置
-24,ST040042,℃,2025-07-31 20:00:00,凝点,延化140万吨/年柴油精制装置
260.1,ST040042,℃,2025-07-31 20:00:00,50%回收温度,延化140万吨/年柴油精制装置
3.00,ST040042,<p>ppm</p>,2025-07-31 20:00:00,硫含量,延化140万吨/年柴油精制装置
<-19,ST040042,℃,2025-07-31 20:00:00,冷滤点,延化140万吨/年柴油精制装置
39,ST040042,,2025-07-31 20:00:00,十六烷指数,延化140万吨/年柴油精制装置
346.0,ST040042,℃,2025-07-31 20:00:00,95%回收温度,延化140万吨/年柴油精制装置
867.2,ST040042,<p>kg/m<sup>3</sup></p>,2025-07-31 20:00:00,密度ρ20,延化140万吨/年柴油精制装置
191.7,ST040042,℃,2025-07-31 20:00:00,初馏点,延化140万吨/年柴油精制装置
218.7,ST040042,℃,2025-07-31 20:00:00,10%回收温度,延化140万吨/年柴油精制装置
326.2,ST040042,℃,2025-07-31 20:00:00,90%回收温度,延化140万吨/年柴油精制装置
79.0,ST040042,℃,2025-07-31 20:00:00,闪点(闭口),延化140万吨/年柴油精制装置
<-19,ST040042,℃,2025-08-01 20:00:00,冷滤点,延化140万吨/年柴油精制装置
<-26,ST040042,℃,2025-08-01 20:00:00,凝点,延化140万吨/年柴油精制装置
40,ST040042,,2025-08-01 20:00:00,十六烷指数,延化140万吨/年柴油精制装置
80.0,ST040042,℃,2025-08-01 20:00:00,闪点(闭口),延化140万吨/年柴油精制装置
192.0,ST040042,℃,2025-08-01 20:00:00,初馏点,延化140万吨/年柴油精制装置
3.00,ST040042,<p>ppm</p>,2025-08-01 20:00:00,硫含量,延化140万吨/年柴油精制装置
261.3,ST040042,℃,2025-08-01 20:00:00,50%回收温度,延化140万吨/年柴油精制装置
327.2,ST040042,℃,2025-08-01 20:00:00,90%回收温度,延化140万吨/年柴油精制装置
346.8,ST040042,℃,2025-08-01 20:00:00,95%回收温度,延化140万吨/年柴油精制装置
867.7,ST040042,<p>kg/m<sup>3</sup></p>,2025-08-01 20:00:00,密度ρ20,延化140万吨/年柴油精制装置
219.9,ST040042,℃,2025-08-01 20:00:00,10%回收温度,延化140万吨/年柴油精制装置
193.7,ST040042,℃,2025-08-02 20:00:00,初馏点,延化140万吨/年柴油精制装置
221.5,ST040042,℃,2025-08-02 20:00:00,10%回收温度,延化140万吨/年柴油精制装置
263.0,ST040042,℃,2025-08-02 20:00:00,50%回收温度,延化140万吨/年柴油精制装置
328.5,ST040042,℃,2025-08-02 20:00:00,90%回收温度,延化140万吨/年柴油精制装置
347.7,ST040042,℃,2025-08-02 20:00:00,95%回收温度,延化140万吨/年柴油精制装置
40,ST040042,,2025-08-02 20:00:00,十六烷指数,延化140万吨/年柴油精制装置
<-19,ST040042,℃,2025-08-02 20:00:00,冷滤点,延化140万吨/年柴油精制装置
<-26,ST040042,℃,2025-08-02 20:00:00,凝点,延化140万吨/年柴油精制装置
868.1,ST040042,<p>kg/m<sup>3</sup></p>,2025-08-02 20:00:00,密度ρ20,延化140万吨/年柴油精制装置
4.00,ST040042,<p>ppm</p>,2025-08-02 20:00:00,硫含量,延化140万吨/年柴油精制装置
79.0,ST040042,℃,2025-08-02 20:00:00,闪点(闭口),延化140万吨/年柴油精制装置
<-19,ST040042,℃,2025-08-03 20:00:00,冷滤点,延化140万吨/年柴油精制装置
<-26,ST040042,℃,2025-08-03 20:00:00,凝点,延化140万吨/年柴油精制装置
39,ST040042,,2025-08-03 20:00:00,十六烷指数,延化140万吨/年柴油精制装置
193.9,ST040042,℃,2025-08-03 20:00:00,初馏点,延化140万吨/年柴油精制装置
221.0,ST040042,℃,2025-08-03 20:00:00,10%回收温度,延化140万吨/年柴油精制装置
347.6,ST040042,℃,2025-08-03 20:00:00,95%回收温度,延化140万吨/年柴油精制装置
868.5,ST040042,<p>kg/m<sup>3</sup></p>,2025-08-03 20:00:00,密度ρ20,延化140万吨/年柴油精制装置
5.00,ST040042,<p>ppm</p>,2025-08-03 20:00:00,硫含量,延化140万吨/年柴油精制装置
80.0,ST040042,℃,2025-08-03 20:00:00,闪点(闭口),延化140万吨/年柴油精制装置
328.1,ST040042,℃,2025-08-03 20:00:00,90%回收温度,延化140万吨/年柴油精制装置
262.0,ST040042,℃,2025-08-03 20:00:00,50%回收温度,延化140万吨/年柴油精制装置
<-19,ST040042,℃,2025-08-04 20:00:00,冷滤点,延化140万吨/年柴油精制装置
<-26,ST040042,℃,2025-08-04 20:00:00,凝点,延化140万吨/年柴油精制装置
263.0,ST040042,℃,2025-08-04 20:00:00,50%回收温度,延化140万吨/年柴油精制装置
194.1,ST040042,℃,2025-08-04 20:00:00,初馏点,延化140万吨/年柴油精制装置
221.8,ST040042,℃,2025-08-04 20:00:00,10%回收温度,延化140万吨/年柴油精制装置
79.0,ST040042,℃,2025-08-04 20:00:00,闪点(闭口),延化140万吨/年柴油精制装置
348.2,ST040042,℃,2025-08-04 20:00:00,95%回收温度,延化140万吨/年柴油精制装置
868.3,ST040042,<p>kg/m<sup>3</sup></p>,2025-08-04 20:00:00,密度ρ20,延化140万吨/年柴油精制装置
5.00,ST040042,<p>ppm</p>,2025-08-04 20:00:00,硫含量,延化140万吨/年柴油精制装置
40,ST040042,,2025-08-04 20:00:00,十六烷指数,延化140万吨/年柴油精制装置
328.8,ST040042,℃,2025-08-04 20:00:00,90%回收温度,延化140万吨/年柴油精制装置
5.00,ST040042,<p>ppm</p>,2025-08-05 20:00:00,硫含量,延化140万吨/年柴油精制装置
<-19,ST040042,℃,2025-08-05 20:00:00,冷滤点,延化140万吨/年柴油精制装置
<-26,ST040042,℃,2025-08-05 20:00:00,凝点,延化140万吨/年柴油精制装置
868.8,ST040042,<p>kg/m<sup>3</sup></p>,2025-08-05 20:00:00,密度ρ20,延化140万吨/年柴油精制装置
39,ST040042,,2025-08-05 20:00:00,十六烷指数,延化140万吨/年柴油精制装置
347.7,ST040042,℃,2025-08-05 20:00:00,95%回收温度,延化140万吨/年柴油精制装置
188.4,ST040042,℃,2025-08-05 20:00:00,初馏点,延化140万吨/年柴油精制装置
219.2,ST040042,℃,2025-08-05 20:00:00,10%回收温度,延化140万吨/年柴油精制装置
261.4,ST040042,℃,2025-08-05 20:00:00,50%回收温度,延化140万吨/年柴油精制装置
328.0,ST040042,℃,2025-08-05 20:00:00,90%回收温度,延化140万吨/年柴油精制装置
79.0,ST040042,℃,2025-08-05 20:00:00,闪点(闭口),延化140万吨/年柴油精制装置
39,ST040042,,2025-08-06 20:00:00,十六烷指数,延化140万吨/年柴油精制装置
79.0,ST040042,℃,2025-08-06 20:00:00,闪点(闭口),延化140万吨/年柴油精制装置
189.6,ST040042,℃,2025-08-06 20:00:00,初馏点,延化140万吨/年柴油精制装置
220.2,ST040042,℃,2025-08-06 20:00:00,10%回收温度,延化140万吨/年柴油精制装置
262.1,ST040042,℃,2025-08-06 20:00:00,50%回收温度,延化140万吨/年柴油精制装置
5.00,ST040042,<p>ppm</p>,2025-08-06 20:00:00,硫含量,延化140万吨/年柴油精制装置
348.9,ST040042,℃,2025-08-06 20:00:00,95%回收温度,延化140万吨/年柴油精制装置
<-19,ST040042,℃,2025-08-06 20:00:00,冷滤点,延化140万吨/年柴油精制装置
<-26,ST040042,℃,2025-08-06 20:00:00,凝点,延化140万吨/年柴油精制装置
868.4,ST040042,<p>kg/m<sup>3</sup></p>,2025-08-06 20:00:00,密度ρ20,延化140万吨/年柴油精制装置
329.2,ST040042,℃,2025-08-06 20:00:00,90%回收温度,延化140万吨/年柴油精制装置
6.00,ST040042,<p>ppm</p>,2025-08-07 20:00:00,硫含量,延化140万吨/年柴油精制装置
<-19,ST040042,℃,2025-08-07 20:00:00,冷滤点,延化140万吨/年柴油精制装置
<-26,ST040042,℃,2025-08-07 20:00:00,凝点,延化140万吨/年柴油精制装置
868.4,ST040042,<p>kg/m<sup>3</sup></p>,2025-08-07 20:00:00,密度ρ20,延化140万吨/年柴油精制装置
40,ST040042,,2025-08-07 20:00:00,十六烷指数,延化140万吨/年柴油精制装置
349.7,ST040042,℃,2025-08-07 20:00:00,95%回收温度,延化140万吨/年柴油精制装置
192.8,ST040042,℃,2025-08-07 20:00:00,初馏点,延化140万吨/年柴油精制装置
221.7,ST040042,℃,2025-08-07 20:00:00,10%回收温度,延化140万吨/年柴油精制装置
263.1,ST040042,℃,2025-08-07 20:00:00,50%回收温度,延化140万吨/年柴油精制装置
330.0,ST040042,℃,2025-08-07 20:00:00,90%回收温度,延化140万吨/年柴油精制装置
78.0,ST040042,℃,2025-08-07 20:00:00,闪点(闭口),延化140万吨/年柴油精制装置
195.2,ST040042,℃,2025-08-08 20:00:00,初馏点,延化140万吨/年柴油精制装置
222.0,ST040042,℃,2025-08-08 20:00:00,10%回收温度,延化140万吨/年柴油精制装置
263.4,ST040042,℃,2025-08-08 20:00:00,50%回收温度,延化140万吨/年柴油精制装置
330.6,ST040042,℃,2025-08-08 20:00:00,90%回收温度,延化140万吨/年柴油精制装置
350.2,ST040042,℃,2025-08-08 20:00:00,95%回收温度,延化140万吨/年柴油精制装置
80.0,ST040042,℃,2025-08-08 20:00:00,闪点(闭口),延化140万吨/年柴油精制装置
<-26,ST040042,℃,2025-08-08 20:00:00,凝点,延化140万吨/年柴油精制装置
868.7,ST040042,<p>kg/m<sup>3</sup></p>,2025-08-08 20:00:00,密度ρ20,延化140万吨/年柴油精制装置
8.00,ST040042,<p>ppm</p>,2025-08-08 20:00:00,硫含量,延化140万吨/年柴油精制装置
40,ST040042,,2025-08-08 20:00:00,十六烷指数,延化140万吨/年柴油精制装置
<-19,ST040042,℃,2025-08-08 20:00:00,冷滤点,延化140万吨/年柴油精制装置
329.5,ST040042,℃,2025-08-09 20:00:00,90%回收温度,延化140万吨/年柴油精制装置
193.6,ST040042,℃,2025-08-09 20:00:00,初馏点,延化140万吨/年柴油精制装置
221.1,ST040042,℃,2025-08-09 20:00:00,10%回收温度,延化140万吨/年柴油精制装置
262.6,ST040042,℃,2025-08-09 20:00:00,50%回收温度,延化140万吨/年柴油精制装置
349.2,ST040042,℃,2025-08-09 20:00:00,95%回收温度,延化140万吨/年柴油精制装置
6.00,ST040042,<p>ppm</p>,2025-08-09 20:00:00,硫含量,延化140万吨/年柴油精制装置
80.0,ST040042,℃,2025-08-09 20:00:00,闪点(闭口),延化140万吨/年柴油精制装置
<-19,ST040042,℃,2025-08-09 20:00:00,冷滤点,延化140万吨/年柴油精制装置
-26,ST040042,℃,2025-08-09 20:00:00,凝点,延化140万吨/年柴油精制装置
868.0,ST040042,<p>kg/m<sup>3</sup></p>,2025-08-09 20:00:00,密度ρ20,延化140万吨/年柴油精制装置
40,ST040042,,2025-08-09 20:00:00,十六烷指数,延化140万吨/年柴油精制装置
79.0,ST040042,℃,2025-08-10 20:00:00,闪点(闭口),延化140万吨/年柴油精制装置
<-19,ST040042,℃,2025-08-10 20:00:00,冷滤点,延化140万吨/年柴油精制装置
-26,ST040042,℃,2025-08-10 20:00:00,凝点,延化140万吨/年柴油精制装置
868.7,ST040042,<p>kg/m<sup>3</sup></p>,2025-08-10 20:00:00,密度ρ20,延化140万吨/年柴油精制装置
6.00,ST040042,<p>ppm</p>,2025-08-10 20:00:00,硫含量,延化140万吨/年柴油精制装置
349.0,ST040042,℃,2025-08-10 20:00:00,95%回收温度,延化140万吨/年柴油精制装置
193.2,ST040042,℃,2025-08-10 20:00:00,初馏点,延化140万吨/年柴油精制装置
220.7,ST040042,℃,2025-08-10 20:00:00,10%回收温度,延化140万吨/年柴油精制装置
262.6,ST040042,℃,2025-08-10 20:00:00,50%回收温度,延化140万吨/年柴油精制装置
329.3,ST040042,℃,2025-08-10 20:00:00,90%回收温度,延化140万吨/年柴油精制装置
40,ST040042,,2025-08-10 20:00:00,十六烷指数,延化140万吨/年柴油精制装置
191.1,ST040042,℃,2025-08-11 20:00:00,初馏点,延化140万吨/年柴油精制装置
348.1,ST040042,℃,2025-08-11 20:00:00,95%回收温度,延化140万吨/年柴油精制装置
219.5,ST040042,℃,2025-08-11 20:00:00,10%回收温度,延化140万吨/年柴油精制装置
261.4,ST040042,℃,2025-08-11 20:00:00,50%回收温度,延化140万吨/年柴油精制装置
328.3,ST040042,℃,2025-08-11 20:00:00,90%回收温度,延化140万吨/年柴油精制装置
79.0,ST040042,℃,2025-08-11 20:00:00,闪点(闭口),延化140万吨/年柴油精制装置
-26,ST040042,℃,2025-08-11 20:00:00,凝点,延化140万吨/年柴油精制装置
868.7,ST040042,<p>kg/m<sup>3</sup></p>,2025-08-11 20:00:00,密度ρ20,延化140万吨/年柴油精制装置
3.00,ST040042,<p>ppm</p>,2025-08-11 20:00:00,硫含量,延化140万吨/年柴油精制装置
39,ST040042,,2025-08-11 20:00:00,十六烷指数,延化140万吨/年柴油精制装置
<-19,ST040042,℃,2025-08-11 20:00:00,冷滤点,延化140万吨/年柴油精制装置
219.6,ST040042,℃,2025-08-12 20:00:00,10%回收温度,延化140万吨/年柴油精制装置
261.3,ST040042,℃,2025-08-12 20:00:00,50%回收温度,延化140万吨/年柴油精制装置
327.8,ST040042,℃,2025-08-12 20:00:00,90%回收温度,延化140万吨/年柴油精制装置
347.6,ST040042,℃,2025-08-12 20:00:00,95%回收温度,延化140万吨/年柴油精制装置
5.00,ST040042,<p>ppm</p>,2025-08-12 20:00:00,硫含量,延化140万吨/年柴油精制装置
190.9,ST040042,℃,2025-08-12 20:00:00,初馏点,延化140万吨/年柴油精制装置
-26,ST040042,℃,2025-08-12 20:00:00,凝点,延化140万吨/年柴油精制装置
868.5,ST040042,<p>kg/m<sup>3</sup></p>,2025-08-12 20:00:00,密度ρ20,延化140万吨/年柴油精制装置
39,ST040042,,2025-08-12 20:00:00,十六烷指数,延化140万吨/年柴油精制装置
79.0,ST040042,℃,2025-08-12 20:00:00,闪点(闭口),延化140万吨/年柴油精制装置
<-19,ST040042,℃,2025-08-12 20:00:00,冷滤点,延化140万吨/年柴油精制装置
<-19,ST040042,℃,2025-08-13 20:00:00,冷滤点,延化140万吨/年柴油精制装置
-24,ST040042,℃,2025-08-13 20:00:00,凝点,延化140万吨/年柴油精制装置
868.3,ST040042,<p>kg/m<sup>3</sup></p>,2025-08-13 20:00:00,密度ρ20,延化140万吨/年柴油精制装置
5.00,ST040042,<p>ppm</p>,2025-08-13 20:00:00,硫含量,延化140万吨/年柴油精制装置
39,ST040042,,2025-08-13 20:00:00,十六烷指数,延化140万吨/年柴油精制装置
347.6,ST040042,℃,2025-08-13 20:00:00,95%回收温度,延化140万吨/年柴油精制装置
193.2,ST040042,℃,2025-08-13 20:00:00,初馏点,延化140万吨/年柴油精制装置
220.3,ST040042,℃,2025-08-13 20:00:00,10%回收温度,延化140万吨/年柴油精制装置
261.8,ST040042,℃,2025-08-13 20:00:00,50%回收温度,延化140万吨/年柴油精制装置
327.9,ST040042,℃,2025-08-13 20:00:00,90%回收温度,延化140万吨/年柴油精制装置
78.0,ST040042,℃,2025-08-13 20:00:00,闪点(闭口),延化140万吨/年柴油精制装置
219.5,ST040042,℃,2025-08-14 20:00:00,10%回收温度,延化140万吨/年柴油精制装置
<-19,ST040042,℃,2025-08-14 20:00:00,冷滤点,延化140万吨/年柴油精制装置
<-26,ST040042,℃,2025-08-14 20:00:00,凝点,延化140万吨/年柴油精制装置
80.0,ST040042,℃,2025-08-14 20:00:00,闪点(闭口),延化140万吨/年柴油精制装置
868.4,ST040042,<p>kg/m<sup>3</sup></p>,2025-08-14 20:00:00,密度ρ20,延化140万吨/年柴油精制装置
6.00,ST040042,<p>ppm</p>,2025-08-14 20:00:00,硫含量,延化140万吨/年柴油精制装置
39,ST040042,,2025-08-14 20:00:00,十六烷指数,延化140万吨/年柴油精制装置
261.0,ST040042,℃,2025-08-14 20:00:00,50%回收温度,延化140万吨/年柴油精制装置
327.6,ST040042,℃,2025-08-14 20:00:00,90%回收温度,延化140万吨/年柴油精制装置
192.6,ST040042,℃,2025-08-14 20:00:00,初馏点,延化140万吨/年柴油精制装置
347.5,ST040042,℃,2025-08-14 20:00:00,95%回收温度,延化140万吨/年柴油精制装置
260.9,ST040042,℃,2025-08-15 20:00:00,50%回收温度,延化140万吨/年柴油精制装置
<-19,ST040042,℃,2025-08-15 20:00:00,冷滤点,延化140万吨/年柴油精制装置
<-26,ST040042,℃,2025-08-15 20:00:00,凝点,延化140万吨/年柴油精制装置
193.7,ST040042,℃,2025-08-15 20:00:00,初馏点,延化140万吨/年柴油精制装置
219.8,ST040042,℃,2025-08-15 20:00:00,10%回收温度,延化140万吨/年柴油精制装置
81.0,ST040042,℃,2025-08-15 20:00:00,闪点(闭口),延化140万吨/年柴油精制装置
347.1,ST040042,℃,2025-08-15 20:00:00,95%回收温度,延化140万吨/年柴油精制装置
868.1,ST040042,<p>kg/m<sup>3</sup></p>,2025-08-15 20:00:00,密度ρ20,延化140万吨/年柴油精制装置
4.00,ST040042,<p>ppm</p>,2025-08-15 20:00:00,硫含量,延化140万吨/年柴油精制装置
39,ST040042,,2025-08-15 20:00:00,十六烷指数,延化140万吨/年柴油精制装置
327.3,ST040042,℃,2025-08-15 20:00:00,90%回收温度,延化140万吨/年柴油精制装置
193.8,ST040042,℃,2025-08-16 20:00:00,初馏点,延化140万吨/年柴油精制装置
347.4,ST040042,℃,2025-08-16 20:00:00,95%回收温度,延化140万吨/年柴油精制装置
220.2,ST040042,℃,2025-08-16 20:00:00,10%回收温度,延化140万吨/年柴油精制装置
261.7,ST040042,℃,2025-08-16 20:00:00,50%回收温度,延化140万吨/年柴油精制装置
327.6,ST040042,℃,2025-08-16 20:00:00,90%回收温度,延化140万吨/年柴油精制装置
81.0,ST040042,℃,2025-08-16 20:00:00,闪点(闭口),延化140万吨/年柴油精制装置
<-26,ST040042,℃,2025-08-16 20:00:00,凝点,延化140万吨/年柴油精制装置
867.9,ST040042,<p>kg/m<sup>3</sup></p>,2025-08-16 20:00:00,密度ρ20,延化140万吨/年柴油精制装置
4.00,ST040042,<p>ppm</p>,2025-08-16 20:00:00,硫含量,延化140万吨/年柴油精制装置
40,ST040042,,2025-08-16 20:00:00,十六烷指数,延化140万吨/年柴油精制装置
<-19,ST040042,℃,2025-08-16 20:00:00,冷滤点,延化140万吨/年柴油精制装置
81.0,ST040042,℃,2025-08-17 20:00:00,闪点(闭口),延化140万吨/年柴油精制装置
868.0,ST040042,<p>kg/m<sup>3</sup></p>,2025-08-17 20:00:00,密度ρ20,延化140万吨/年柴油精制装置
5.00,ST040042,<p>ppm</p>,2025-08-17 20:00:00,硫含量,延化140万吨/年柴油精制装置
40,ST040042,,2025-08-17 20:00:00,十六烷指数,延化140万吨/年柴油精制装置
193.9,ST040042,℃,2025-08-17 20:00:00,初馏点,延化140万吨/年柴油精制装置
<-26,ST040042,℃,2025-08-17 20:00:00,凝点,延化140万吨/年柴油精制装置
262.0,ST040042,℃,2025-08-17 20:00:00,50%回收温度,延化140万吨/年柴油精制装置
328.7,ST040042,℃,2025-08-17 20:00:00,90%回收温度,延化140万吨/年柴油精制装置
348.4,ST040042,℃,2025-08-17 20:00:00,95%回收温度,延化140万吨/年柴油精制装置
<-19,ST040042,℃,2025-08-17 20:00:00,冷滤点,延化140万吨/年柴油精制装置
220.1,ST040042,℃,2025-08-17 20:00:00,10%回收温度,延化140万吨/年柴油精制装置
39,ST040042,,2025-08-18 20:00:00,十六烷指数,延化140万吨/年柴油精制装置
192.8,ST040042,℃,2025-08-18 20:00:00,初馏点,延化140万吨/年柴油精制装置
219.1,ST040042,℃,2025-08-18 20:00:00,10%回收温度,延化140万吨/年柴油精制装置
260.7,ST040042,℃,2025-08-18 20:00:00,50%回收温度,延化140万吨/年柴油精制装置
327.6,ST040042,℃,2025-08-18 20:00:00,90%回收温度,延化140万吨/年柴油精制装置
6.00,ST040042,<p>ppm</p>,2025-08-18 20:00:00,硫含量,延化140万吨/年柴油精制装置
81.0,ST040042,℃,2025-08-18 20:00:00,闪点(闭口),延化140万吨/年柴油精制装置
<-19,ST040042,℃,2025-08-18 20:00:00,冷滤点,延化140万吨/年柴油精制装置
<-26,ST040042,℃,2025-08-18 20:00:00,凝点,延化140万吨/年柴油精制装置
867.7,ST040042,<p>kg/m<sup>3</sup></p>,2025-08-18 20:00:00,密度ρ20,延化140万吨/年柴油精制装置
347.5,ST040042,℃,2025-08-18 20:00:00,95%回收温度,延化140万吨/年柴油精制装置
328.5,ST040042,℃,2025-08-19 20:00:00,90%回收温度,延化140万吨/年柴油精制装置
193.9,ST040042,℃,2025-08-19 20:00:00,初馏点,延化140万吨/年柴油精制装置
220.3,ST040042,℃,2025-08-19 20:00:00,10%回收温度,延化140万吨/年柴油精制装置
262.0,ST040042,℃,2025-08-19 20:00:00,50%回收温度,延化140万吨/年柴油精制装置
348.2,ST040042,℃,2025-08-19 20:00:00,95%回收温度,延化140万吨/年柴油精制装置
80.0,ST040042,℃,2025-08-19 20:00:00,闪点(闭口),延化140万吨/年柴油精制装置
-25,ST040042,℃,2025-08-19 20:00:00,凝点,延化140万吨/年柴油精制装置
865.3,ST040042,<p>kg/m<sup>3</sup></p>,2025-08-19 20:00:00,密度ρ20,延化140万吨/年柴油精制装置
4.00,ST040042,<p>ppm</p>,2025-08-19 20:00:00,硫含量,延化140万吨/年柴油精制装置
40,ST040042,,2025-08-19 20:00:00,十六烷指数,延化140万吨/年柴油精制装置
<-19,ST040042,℃,2025-08-19 20:00:00,冷滤点,延化140万吨/年柴油精制装置
348.1,ST040042,℃,2025-08-20 20:00:00,95%回收温度,延化140万吨/年柴油精制装置
219.8,ST040042,℃,2025-08-20 20:00:00,10%回收温度,延化140万吨/年柴油精制装置
260.9,ST040042,℃,2025-08-20 20:00:00,50%回收温度,延化140万吨/年柴油精制装置
328.0,ST040042,℃,2025-08-20 20:00:00,90%回收温度,延化140万吨/年柴油精制装置
193.7,ST040042,℃,2025-08-20 20:00:00,初馏点,延化140万吨/年柴油精制装置
79.0,ST040042,℃,2025-08-20 20:00:00,闪点(闭口),延化140万吨/年柴油精制装置
-26,ST040042,℃,2025-08-20 20:00:00,凝点,延化140万吨/年柴油精制装置
39,ST040042,,2025-08-20 20:00:00,十六烷指数,延化140万吨/年柴油精制装置
867.9,ST040042,<p>kg/m<sup>3</sup></p>,2025-08-20 20:00:00,密度ρ20,延化140万吨/年柴油精制装置
3.00,ST040042,<p>ppm</p>,2025-08-20 20:00:00,硫含量,延化140万吨/年柴油精制装置
<-19,ST040042,℃,2025-08-20 20:00:00,冷滤点,延化140万吨/年柴油精制装置
867.9,ST040042,<p>kg/m<sup>3</sup></p>,2025-08-21 20:00:00,密度ρ20,延化140万吨/年柴油精制装置
<-19,ST040042,℃,2025-08-21 20:00:00,冷滤点,延化140万吨/年柴油精制装置
<-26,ST040042,℃,2025-08-21 20:00:00,凝点,延化140万吨/年柴油精制装置
4.00,ST040042,<p>ppm</p>,2025-08-21 20:00:00,硫含量,延化140万吨/年柴油精制装置
39,ST040042,,2025-08-21 20:00:00,十六烷指数,延化140万吨/年柴油精制装置
347.7,ST040042,℃,2025-08-21 20:00:00,95%回收温度,延化140万吨/年柴油精制装置
193.3,ST040042,℃,2025-08-21 20:00:00,初馏点,延化140万吨/年柴油精制装置
219.2,ST040042,℃,2025-08-21 20:00:00,10%回收温度,延化140万吨/年柴油精制装置
260.5,ST040042,℃,2025-08-21 20:00:00,50%回收温度,延化140万吨/年柴油精制装置
327.5,ST040042,℃,2025-08-21 20:00:00,90%回收温度,延化140万吨/年柴油精制装置
80.0,ST040042,℃,2025-08-21 20:00:00,闪点(闭口),延化140万吨/年柴油精制装置
260.4,ST040042,℃,2025-08-22 20:00:00,50%回收温度,延化140万吨/年柴油精制装置
<-19,ST040042,℃,2025-08-22 20:00:00,冷滤点,延化140万吨/年柴油精制装置
<-26,ST040042,℃,2025-08-22 20:00:00,凝点,延化140万吨/年柴油精制装置
868.3,ST040042,<p>kg/m<sup>3</sup></p>,2025-08-22 20:00:00,密度ρ20,延化140万吨/年柴油精制装置
5.00,ST040042,<p>ppm</p>,2025-08-22 20:00:00,硫含量,延化140万吨/年柴油精制装置
348.3,ST040042,℃,2025-08-22 20:00:00,95%回收温度,延化140万吨/年柴油精制装置
39,ST040042,,2025-08-22 20:00:00,十六烷指数,延化140万吨/年柴油精制装置
193.6,ST040042,℃,2025-08-22 20:00:00,初馏点,延化140万吨/年柴油精制装置
219.1,ST040042,℃,2025-08-22 20:00:00,10%回收温度,延化140万吨/年柴油精制装置
327.8,ST040042,℃,2025-08-22 20:00:00,90%回收温度,延化140万吨/年柴油精制装置
81.0,ST040042,℃,2025-08-22 20:00:00,闪点(闭口),延化140万吨/年柴油精制装置
80.0,ST040042,℃,2025-08-23 20:00:00,闪点(闭口),延化140万吨/年柴油精制装置
193.3,ST040042,℃,2025-08-23 20:00:00,初馏点,延化140万吨/年柴油精制装置
<-19,ST040042,℃,2025-08-23 20:00:00,冷滤点,延化140万吨/年柴油精制装置
<-26,ST040042,℃,2025-08-23 20:00:00,凝点,延化140万吨/年柴油精制装置
6.00,ST040042,<p>ppm</p>,2025-08-23 20:00:00,硫含量,延化140万吨/年柴油精制装置
347.8,ST040042,℃,2025-08-23 20:00:00,95%回收温度,延化140万吨/年柴油精制装置
39,ST040042,,2025-08-23 20:00:00,十六烷指数,延化140万吨/年柴油精制装置
219.7,ST040042,℃,2025-08-23 20:00:00,10%回收温度,延化140万吨/年柴油精制装置
260.9,ST040042,℃,2025-08-23 20:00:00,50%回收温度,延化140万吨/年柴油精制装置
327.7,ST040042,℃,2025-08-23 20:00:00,90%回收温度,延化140万吨/年柴油精制装置
868.2,ST040042,<p>kg/m<sup>3</sup></p>,2025-08-23 20:00:00,密度ρ20,延化140万吨/年柴油精制装置
260.9,ST040042,℃,2025-08-24 20:00:00,50%回收温度,延化140万吨/年柴油精制装置
348.3,ST040042,℃,2025-08-24 20:00:00,95%回收温度,延化140万吨/年柴油精制装置
<-19,ST040042,℃,2025-08-24 20:00:00,冷滤点,延化140万吨/年柴油精制装置
<-26,ST040042,℃,2025-08-24 20:00:00,凝点,延化140万吨/年柴油精制装置
868.3,ST040042,<p>kg/m<sup>3</sup></p>,2025-08-24 20:00:00,密度ρ20,延化140万吨/年柴油精制装置
219.8,ST040042,℃,2025-08-24 20:00:00,10%回收温度,延化140万吨/年柴油精制装置
39,ST040042,,2025-08-24 20:00:00,十六烷指数,延化140万吨/年柴油精制装置
80.0,ST040042,℃,2025-08-24 20:00:00,闪点(闭口),延化140万吨/年柴油精制装置
328.0,ST040042,℃,2025-08-24 20:00:00,90%回收温度,延化140万吨/年柴油精制装置
193.2,ST040042,℃,2025-08-24 20:00:00,初馏点,延化140万吨/年柴油精制装置
5.00,ST040042,<p>ppm</p>,2025-08-24 20:00:00,硫含量,延化140万吨/年柴油精制装置
<-19,ST040042,℃,2025-08-25 20:00:00,冷滤点,延化140万吨/年柴油精制装置
<-26,ST040042,℃,2025-08-25 20:00:00,凝点,延化140万吨/年柴油精制装置
868.4,ST040042,<p>kg/m<sup>3</sup></p>,2025-08-25 20:00:00,密度ρ20,延化140万吨/年柴油精制装置
193.0,ST040042,℃,2025-08-25 20:00:00,初馏点,延化140万吨/年柴油精制装置
220.1,ST040042,℃,2025-08-25 20:00:00,10%回收温度,延化140万吨/年柴油精制装置
80.0,ST040042,℃,2025-08-25 20:00:00,闪点(闭口),延化140万吨/年柴油精制装置
330.1,ST040042,℃,2025-08-25 20:00:00,90%回收温度,延化140万吨/年柴油精制装置
350.6,ST040042,℃,2025-08-25 20:00:00,95%回收温度,延化140万吨/年柴油精制装置
5.00,ST040042,<p>ppm</p>,2025-08-25 20:00:00,硫含量,延化140万吨/年柴油精制装置
40,ST040042,,2025-08-25 20:00:00,十六烷指数,延化140万吨/年柴油精制装置
261.9,ST040042,℃,2025-08-25 20:00:00,50%回收温度,延化140万吨/年柴油精制装置
193.7,ST040042,℃,2025-08-26 20:00:00,初馏点,延化140万吨/年柴油精制装置
<-19,ST040042,℃,2025-08-26 20:00:00,冷滤点,延化140万吨/年柴油精制装置
<-26,ST040042,℃,2025-08-26 20:00:00,凝点,延化140万吨/年柴油精制装置
6.00,ST040042,<p>ppm</p>,2025-08-26 20:00:00,硫含量,延化140万吨/年柴油精制装置
40,ST040042,,2025-08-26 20:00:00,十六烷指数,延化140万吨/年柴油精制装置
868.3,ST040042,<p>kg/m<sup>3</sup></p>,2025-08-26 20:00:00,密度ρ20,延化140万吨/年柴油精制装置
221.0,ST040042,℃,2025-08-26 20:00:00,10%回收温度,延化140万吨/年柴油精制装置
262.6,ST040042,℃,2025-08-26 20:00:00,50%回收温度,延化140万吨/年柴油精制装置
330.6,ST040042,℃,2025-08-26 20:00:00,90%回收温度,延化140万吨/年柴油精制装置
350.8,ST040042,℃,2025-08-26 20:00:00,95%回收温度,延化140万吨/年柴油精制装置
80.0,ST040042,℃,2025-08-26 20:00:00,闪点(闭口),延化140万吨/年柴油精制装置
331.2,ST040042,℃,2025-08-27 20:00:00,90%回收温度,延化140万吨/年柴油精制装置
194.3,ST040042,℃,2025-08-27 20:00:00,初馏点,延化140万吨/年柴油精制装置
221.8,ST040042,℃,2025-08-27 20:00:00,10%回收温度,延化140万吨/年柴油精制装置
263.6,ST040042,℃,2025-08-27 20:00:00,50%回收温度,延化140万吨/年柴油精制装置
351.3,ST040042,℃,2025-08-27 20:00:00,95%回收温度,延化140万吨/年柴油精制装置
79.0,ST040042,℃,2025-08-27 20:00:00,闪点(闭口),延化140万吨/年柴油精制装置
<-26,ST040042,℃,2025-08-27 20:00:00,凝点,延化140万吨/年柴油精制装置
868.4,ST040042,<p>kg/m<sup>3</sup></p>,2025-08-27 20:00:00,密度ρ20,延化140万吨/年柴油精制装置
5.00,ST040042,<p>ppm</p>,2025-08-27 20:00:00,硫含量,延化140万吨/年柴油精制装置
40,ST040042,,2025-08-27 20:00:00,十六烷指数,延化140万吨/年柴油精制装置
<-19,ST040042,℃,2025-08-27 20:00:00,冷滤点,延化140万吨/年柴油精制装置
331.0,ST040042,℃,2025-08-28 20:00:00,90%回收温度,延化140万吨/年柴油精制装置
192.5,ST040042,℃,2025-08-28 20:00:00,初馏点,延化140万吨/年柴油精制装置
220.8,ST040042,℃,2025-08-28 20:00:00,10%回收温度,延化140万吨/年柴油精制装置
262.6,ST040042,℃,2025-08-28 20:00:00,50%回收温度,延化140万吨/年柴油精制装置
351.3,ST040042,℃,2025-08-28 20:00:00,95%回收温度,延化140万吨/年柴油精制装置
7.00,ST040042,<p>ppm</p>,2025-08-28 20:00:00,硫含量,延化140万吨/年柴油精制装置
-25,ST040042,℃,2025-08-28 20:00:00,凝点,延化140万吨/年柴油精制装置
868.7,ST040042,<p>kg/m<sup>3</sup></p>,2025-08-28 20:00:00,密度ρ20,延化140万吨/年柴油精制装置
39,ST040042,,2025-08-28 20:00:00,十六烷指数,延化140万吨/年柴油精制装置
78.0,ST040042,℃,2025-08-28 20:00:00,闪点(闭口),延化140万吨/年柴油精制装置
<-19,ST040042,℃,2025-08-28 20:00:00,冷滤点,延化140万吨/年柴油精制装置
<-19,ST040042,℃,2025-08-29 20:00:00,冷滤点,延化140万吨/年柴油精制装置
-25,ST040042,℃,2025-08-29 20:00:00,凝点,延化140万吨/年柴油精制装置
868.6,ST040042,<p>kg/m<sup>3</sup></p>,2025-08-29 20:00:00,密度ρ20,延化140万吨/年柴油精制装置
6.00,ST040042,<p>ppm</p>,2025-08-29 20:00:00,硫含量,延化140万吨/年柴油精制装置
39,ST040042,,2025-08-29 20:00:00,十六烷指数,延化140万吨/年柴油精制装置
329.0,ST040042,℃,2025-08-29 20:00:00,90%回收温度,延化140万吨/年柴油精制装置
192.9,ST040042,℃,2025-08-29 20:00:00,初馏点,延化140万吨/年柴油精制装置
349.7,ST040042,℃,2025-08-29 20:00:00,95%回收温度,延化140万吨/年柴油精制装置
219.9,ST040042,℃,2025-08-29 20:00:00,10%回收温度,延化140万吨/年柴油精制装置
261.1,ST040042,℃,2025-08-29 20:00:00,50%回收温度,延化140万吨/年柴油精制装置
79.0,ST040042,℃,2025-08-29 20:00:00,闪点(闭口),延化140万吨/年柴油精制装置
219.9,ST040042,℃,2025-08-30 20:00:00,10%回收温度,延化140万吨/年柴油精制装置
260.3,ST040042,℃,2025-08-30 20:00:00,50%回收温度,延化140万吨/年柴油精制装置
328.1,ST040042,℃,2025-08-30 20:00:00,90%回收温度,延化140万吨/年柴油精制装置
349.0,ST040042,℃,2025-08-30 20:00:00,95%回收温度,延化140万吨/年柴油精制装置
<-19,ST040042,℃,2025-08-30 20:00:00,冷滤点,延化140万吨/年柴油精制装置
194.3,ST040042,℃,2025-08-30 20:00:00,初馏点,延化140万吨/年柴油精制装置
869.0,ST040042,<p>kg/m<sup>3</sup></p>,2025-08-30 20:00:00,密度ρ20,延化140万吨/年柴油精制装置
5.00,ST040042,<p>ppm</p>,2025-08-30 20:00:00,硫含量,延化140万吨/年柴油精制装置
39,ST040042,,2025-08-30 20:00:00,十六烷指数,延化140万吨/年柴油精制装置
81.0,ST040042,℃,2025-08-30 20:00:00,闪点(闭口),延化140万吨/年柴油精制装置
-26,ST040042,℃,2025-08-30 20:00:00,凝点,延化140万吨/年柴油精制装置
328.9,ST040042,℃,2025-08-31 20:00:00,90%回收温度,延化140万吨/年柴油精制装置
194.1,ST040042,℃,2025-08-31 20:00:00,初馏点,延化140万吨/年柴油精制装置
220.1,ST040042,℃,2025-08-31 20:00:00,10%回收温度,延化140万吨/年柴油精制装置
260.6,ST040042,℃,2025-08-31 20:00:00,50%回收温度,延化140万吨/年柴油精制装置
349.1,ST040042,℃,2025-08-31 20:00:00,95%回收温度,延化140万吨/年柴油精制装置
80.0,ST040042,℃,2025-08-31 20:00:00,闪点(闭口),延化140万吨/年柴油精制装置
-26,ST040042,℃,2025-08-31 20:00:00,凝点,延化140万吨/年柴油精制装置
869.1,ST040042,<p>kg/m<sup>3</sup></p>,2025-08-31 20:00:00,密度ρ20,延化140万吨/年柴油精制装置
4.00,ST040042,<p>ppm</p>,2025-08-31 20:00:00,硫含量,延化140万吨/年柴油精制装置
39,ST040042,,2025-08-31 20:00:00,十六烷指数,延化140万吨/年柴油精制装置
<-19,ST040042,℃,2025-08-31 20:00:00,冷滤点,延化140万吨/年柴油精制装置
193.4,ST040042,℃,2025-09-01 20:00:00,初馏点,延化140万吨/年柴油精制装置
220.3,ST040042,℃,2025-09-01 20:00:00,10%回收温度,延化140万吨/年柴油精制装置
261.5,ST040042,℃,2025-09-01 20:00:00,50%回收温度,延化140万吨/年柴油精制装置
329.7,ST040042,℃,2025-09-01 20:00:00,90%回收温度,延化140万吨/年柴油精制装置
350.3,ST040042,℃,2025-09-01 20:00:00,95%回收温度,延化140万吨/年柴油精制装置
80.0,ST040042,℃,2025-09-01 20:00:00,闪点(闭口),延化140万吨/年柴油精制装置
<-19,ST040042,℃,2025-09-01 20:00:00,冷滤点,延化140万吨/年柴油精制装置
-26,ST040042,℃,2025-09-01 20:00:00,凝点,延化140万吨/年柴油精制装置
869.3,ST040042,<p>kg/m<sup>3</sup></p>,2025-09-01 20:00:00,密度ρ20,延化140万吨/年柴油精制装置
7.00,ST040042,<p>ppm</p>,2025-09-01 20:00:00,硫含量,延化140万吨/年柴油精制装置
39,ST040042,,2025-09-01 20:00:00,十六烷指数,延化140万吨/年柴油精制装置
194.7,ST040042,℃,2025-09-02 20:00:00,初馏点,延化140万吨/年柴油精制装置
221.5,ST040042,℃,2025-09-02 20:00:00,10%回收温度,延化140万吨/年柴油精制装置
263.1,ST040042,℃,2025-09-02 20:00:00,50%回收温度,延化140万吨/年柴油精制装置
330.7,ST040042,℃,2025-09-02 20:00:00,90%回收温度,延化140万吨/年柴油精制装置
350.8,ST040042,℃,2025-09-02 20:00:00,95%回收温度,延化140万吨/年柴油精制装置
40,ST040042,,2025-09-02 20:00:00,十六烷指数,延化140万吨/年柴油精制装置
-25,ST040042,℃,2025-09-02 20:00:00,凝点,延化140万吨/年柴油精制装置
868.9,ST040042,<p>kg/m<sup>3</sup></p>,2025-09-02 20:00:00,密度ρ20,延化140万吨/年柴油精制装置
6.00,ST040042,<p>ppm</p>,2025-09-02 20:00:00,硫含量,延化140万吨/年柴油精制装置
79.0,ST040042,℃,2025-09-02 20:00:00,闪点(闭口),延化140万吨/年柴油精制装置
<-19,ST040042,℃,2025-09-02 20:00:00,冷滤点,延化140万吨/年柴油精制装置
328.8,ST040042,℃,2025-09-03 20:00:00,90%回收温度,延化140万吨/年柴油精制装置
193.9,ST040042,℃,2025-09-03 20:00:00,初馏点,延化140万吨/年柴油精制装置
220.8,ST040042,℃,2025-09-03 20:00:00,10%回收温度,延化140万吨/年柴油精制装置
261.5,ST040042,℃,2025-09-03 20:00:00,50%回收温度,延化140万吨/年柴油精制装置
348.9,ST040042,℃,2025-09-03 20:00:00,95%回收温度,延化140万吨/年柴油精制装置
6.00,ST040042,<p>ppm</p>,2025-09-03 20:00:00,硫含量,延化140万吨/年柴油精制装置
868.5,ST040042,<p>kg/m<sup>3</sup></p>,2025-09-03 20:00:00,密度ρ20,延化140万吨/年柴油精制装置
39,ST040042,,2025-09-03 20:00:00,十六烷指数,延化140万吨/年柴油精制装置
79.0,ST040042,℃,2025-09-03 20:00:00,闪点(闭口),延化140万吨/年柴油精制装置
-26,ST040042,℃,2025-09-03 20:00:00,凝点,延化140万吨/年柴油精制装置
<-19,ST040042,℃,2025-09-03 20:00:00,冷滤点,延化140万吨/年柴油精制装置
328.4,ST040042,℃,2025-09-04 20:00:00,90%回收温度,延化140万吨/年柴油精制装置
194.3,ST040042,℃,2025-09-04 20:00:00,初馏点,延化140万吨/年柴油精制装置
220.5,ST040042,℃,2025-09-04 20:00:00,10%回收温度,延化140万吨/年柴油精制装置
261.3,ST040042,℃,2025-09-04 20:00:00,50%回收温度,延化140万吨/年柴油精制装置
348.5,ST040042,℃,2025-09-04 20:00:00,95%回收温度,延化140万吨/年柴油精制装置
81.0,ST040042,℃,2025-09-04 20:00:00,闪点(闭口),延化140万吨/年柴油精制装置
7.00,ST040042,<p>ppm</p>,2025-09-04 20:00:00,硫含量,延化140万吨/年柴油精制装置
39,ST040042,,2025-09-04 20:00:00,十六烷指数,延化140万吨/年柴油精制装置
<-19,ST040042,℃,2025-09-04 20:00:00,冷滤点,延化140万吨/年柴油精制装置
-26,ST040042,℃,2025-09-04 20:00:00,凝点,延化140万吨/年柴油精制装置
868.1,ST040042,<p>kg/m<sup>3</sup></p>,2025-09-04 20:00:00,密度ρ20,延化140万吨/年柴油精制装置
39,ST040042,,2025-09-05 20:00:00,十六烷指数,延化140万吨/年柴油精制装置
<-19,ST040042,℃,2025-09-05 20:00:00,冷滤点,延化140万吨/年柴油精制装置
-26,ST040042,℃,2025-09-05 20:00:00,凝点,延化140万吨/年柴油精制装置
868.7,ST040042,<p>kg/m<sup>3</sup></p>,2025-09-05 20:00:00,密度ρ20,延化140万吨/年柴油精制装置
82.0,ST040042,℃,2025-09-05 20:00:00,闪点(闭口),延化140万吨/年柴油精制装置
6.00,ST040042,<p>ppm</p>,2025-09-05 20:00:00,硫含量,延化140万吨/年柴油精制装置
219.7,ST040042,℃,2025-09-05 20:00:00,10%回收温度,延化140万吨/年柴油精制装置
259.8,ST040042,℃,2025-09-05 20:00:00,50%回收温度,延化140万吨/年柴油精制装置
327.0,ST040042,℃,2025-09-05 20:00:00,90%回收温度,延化140万吨/年柴油精制装置
347.8,ST040042,℃,2025-09-05 20:00:00,95%回收温度,延化140万吨/年柴油精制装置
195.3,ST040042,℃,2025-09-05 20:00:00,初馏点,延化140万吨/年柴油精制装置
39,ST040042,,2025-09-06 20:00:00,十六烷指数,延化140万吨/年柴油精制装置
82.0,ST040042,℃,2025-09-06 20:00:00,闪点(闭口),延化140万吨/年柴油精制装置
196.5,ST040042,℃,2025-09-06 20:00:00,初馏点,延化140万吨/年柴油精制装置
220.9,ST040042,℃,2025-09-06 20:00:00,10%回收温度,延化140万吨/年柴油精制装置
260.3,ST040042,℃,2025-09-06 20:00:00,50%回收温度,延化140万吨/年柴油精制装置
8.00,ST040042,<p>ppm</p>,2025-09-06 20:00:00,硫含量,延化140万吨/年柴油精制装置
326.3,ST040042,℃,2025-09-06 20:00:00,90%回收温度,延化140万吨/年柴油精制装置
346.7,ST040042,℃,2025-09-06 20:00:00,95%回收温度,延化140万吨/年柴油精制装置
<-19,ST040042,℃,2025-09-06 20:00:00,冷滤点,延化140万吨/年柴油精制装置
<-26,ST040042,℃,2025-09-06 20:00:00,凝点,延化140万吨/年柴油精制装置
868.7,ST040042,<p>kg/m<sup>3</sup></p>,2025-09-06 20:00:00,密度ρ20,延化140万吨/年柴油精制装置
325.5,ST040042,℃,2025-09-07 20:00:00,90%回收温度,延化140万吨/年柴油精制装置
194.2,ST040042,℃,2025-09-07 20:00:00,初馏点,延化140万吨/年柴油精制装置
219.1,ST040042,℃,2025-09-07 20:00:00,10%回收温度,延化140万吨/年柴油精制装置
259.3,ST040042,℃,2025-09-07 20:00:00,50%回收温度,延化140万吨/年柴油精制装置
346.1,ST040042,℃,2025-09-07 20:00:00,95%回收温度,延化140万吨/年柴油精制装置
83.0,ST040042,℃,2025-09-07 20:00:00,闪点(闭口),延化140万吨/年柴油精制装置
<-26,ST040042,℃,2025-09-07 20:00:00,凝点,延化140万吨/年柴油精制装置
867.7,ST040042,<p>kg/m<sup>3</sup></p>,2025-09-07 20:00:00,密度ρ20,延化140万吨/年柴油精制装置
4.00,ST040042,<p>ppm</p>,2025-09-07 20:00:00,硫含量,延化140万吨/年柴油精制装置
39,ST040042,,2025-09-07 20:00:00,十六烷指数,延化140万吨/年柴油精制装置
<-19,ST040042,℃,2025-09-07 20:00:00,冷滤点,延化140万吨/年柴油精制装置
6.00,ST040042,<p>ppm</p>,2025-09-08 20:00:00,硫含量,延化140万吨/年柴油精制装置
<-19,ST040042,℃,2025-09-08 20:00:00,冷滤点,延化140万吨/年柴油精制装置
<-26,ST040042,℃,2025-09-08 20:00:00,凝点,延化140万吨/年柴油精制装置
867.7,ST040042,<p>kg/m<sup>3</sup></p>,2025-09-08 20:00:00,密度ρ20,延化140万吨/年柴油精制装置
39,ST040042,,2025-09-08 20:00:00,十六烷指数,延化140万吨/年柴油精制装置
346.6,ST040042,℃,2025-09-08 20:00:00,95%回收温度,延化140万吨/年柴油精制装置
193.5,ST040042,℃,2025-09-08 20:00:00,初馏点,延化140万吨/年柴油精制装置
218.1,ST040042,℃,2025-09-08 20:00:00,10%回收温度,延化140万吨/年柴油精制装置
258.7,ST040042,℃,2025-09-08 20:00:00,50%回收温度,延化140万吨/年柴油精制装置
325.7,ST040042,℃,2025-09-08 20:00:00,90%回收温度,延化140万吨/年柴油精制装置
81.0,ST040042,℃,2025-09-08 20:00:00,闪点(闭口),延化140万吨/年柴油精制装置
193.5,ST040042,℃,2025-09-09 20:00:00,初馏点,延化140万吨/年柴油精制装置
217.8,ST040042,℃,2025-09-09 20:00:00,10%回收温度,延化140万吨/年柴油精制装置
258.2,ST040042,℃,2025-09-09 20:00:00,50%回收温度,延化140万吨/年柴油精制装置
325.3,ST040042,℃,2025-09-09 20:00:00,90%回收温度,延化140万吨/年柴油精制装置
346.3,ST040042,℃,2025-09-09 20:00:00,95%回收温度,延化140万吨/年柴油精制装置
81.0,ST040042,℃,2025-09-09 20:00:00,闪点(闭口),延化140万吨/年柴油精制装置
<-26,ST040042,℃,2025-09-09 20:00:00,凝点,延化140万吨/年柴油精制装置
867.0,ST040042,<p>kg/m<sup>3</sup></p>,2025-09-09 20:00:00,密度ρ20,延化140万吨/年柴油精制装置
6.00,ST040042,<p>ppm</p>,2025-09-09 20:00:00,硫含量,延化140万吨/年柴油精制装置
39,ST040042,,2025-09-09 20:00:00,十六烷指数,延化140万吨/年柴油精制装置
<-19,ST040042,℃,2025-09-09 20:00:00,冷滤点,延化140万吨/年柴油精制装置
324.1,ST040042,℃,2025-09-10 20:00:00,90%回收温度,延化140万吨/年柴油精制装置
192.6,ST040042,℃,2025-09-10 20:00:00,初馏点,延化140万吨/年柴油精制装置
216.8,ST040042,℃,2025-09-10 20:00:00,10%回收温度,延化140万吨/年柴油精制装置
257.1,ST040042,℃,2025-09-10 20:00:00,50%回收温度,延化140万吨/年柴油精制装置
345.1,ST040042,℃,2025-09-10 20:00:00,95%回收温度,延化140万吨/年柴油精制装置
<-19,ST040042,℃,2025-09-10 20:00:00,冷滤点,延化140万吨/年柴油精制装置
865.3,ST040042,<p>kg/m<sup>3</sup></p>,2025-09-10 20:00:00,密度ρ20,延化140万吨/年柴油精制装置
6.00,ST040042,<p>ppm</p>,2025-09-10 20:00:00,硫含量,延化140万吨/年柴油精制装置
39,ST040042,,2025-09-10 20:00:00,十六烷指数,延化140万吨/年柴油精制装置
83.0,ST040042,℃,2025-09-10 20:00:00,闪点(闭口),延化140万吨/年柴油精制装置
<-26,ST040042,℃,2025-09-10 20:00:00,凝点,延化140万吨/年柴油精制装置
345.3,ST040042,℃,2025-09-11 20:00:00,95%回收温度,延化140万吨/年柴油精制装置
6.00,ST040042,<p>ppm</p>,2025-09-11 20:00:00,硫含量,延化140万吨/年柴油精制装置
193.2,ST040042,℃,2025-09-11 20:00:00,初馏点,延化140万吨/年柴油精制装置
217.0,ST040042,℃,2025-09-11 20:00:00,10%回收温度,延化140万吨/年柴油精制装置
257.2,ST040042,℃,2025-09-11 20:00:00,50%回收温度,延化140万吨/年柴油精制装置
84.0,ST040042,℃,2025-09-11 20:00:00,闪点(闭口),延化140万吨/年柴油精制装置
<-19,ST040042,℃,2025-09-11 20:00:00,冷滤点,延化140万吨/年柴油精制装置
<-26,ST040042,℃,2025-09-11 20:00:00,凝点,延化140万吨/年柴油精制装置
866.9,ST040042,<p>kg/m<sup>3</sup></p>,2025-09-11 20:00:00,密度ρ20,延化140万吨/年柴油精制装置
39,ST040042,,2025-09-11 20:00:00,十六烷指数,延化140万吨/年柴油精制装置
324.2,ST040042,℃,2025-09-11 20:00:00,90%回收温度,延化140万吨/年柴油精制装置
194.7,ST040042,℃,2025-09-12 20:00:00,初馏点,延化140万吨/年柴油精制装置
219.1,ST040042,℃,2025-09-12 20:00:00,10%回收温度,延化140万吨/年柴油精制装置
259.1,ST040042,℃,2025-09-12 20:00:00,50%回收温度,延化140万吨/年柴油精制装置
325.9,ST040042,℃,2025-09-12 20:00:00,90%回收温度,延化140万吨/年柴油精制装置
6.00,ST040042,<p>ppm</p>,2025-09-12 20:00:00,硫含量,延化140万吨/年柴油精制装置
346.8,ST040042,℃,2025-09-12 20:00:00,95%回收温度,延化140万吨/年柴油精制装置
<-26,ST040042,℃,2025-09-12 20:00:00,凝点,延化140万吨/年柴油精制装置
867.7,ST040042,<p>kg/m<sup>3</sup></p>,2025-09-12 20:00:00,密度ρ20,延化140万吨/年柴油精制装置
39,ST040042,,2025-09-12 20:00:00,十六烷指数,延化140万吨/年柴油精制装置
81.0,ST040042,℃,2025-09-12 20:00:00,闪点(闭口),延化140万吨/年柴油精制装置
<-19,ST040042,℃,2025-09-12 20:00:00,冷滤点,延化140万吨/年柴油精制装置
326.3,ST040042,℃,2025-09-13 20:00:00,90%回收温度,延化140万吨/年柴油精制装置
193.8,ST040042,℃,2025-09-13 20:00:00,初馏点,延化140万吨/年柴油精制装置
218.2,ST040042,℃,2025-09-13 20:00:00,10%回收温度,延化140万吨/年柴油精制装置
259.1,ST040042,℃,2025-09-13 20:00:00,50%回收温度,延化140万吨/年柴油精制装置
347.2,ST040042,℃,2025-09-13 20:00:00,95%回收温度,延化140万吨/年柴油精制装置
6.00,ST040042,<p>ppm</p>,2025-09-13 20:00:00,硫含量,延化140万吨/年柴油精制装置
83.0,ST040042,℃,2025-09-13 20:00:00,闪点(闭口),延化140万吨/年柴油精制装置
<-19,ST040042,℃,2025-09-13 20:00:00,冷滤点,延化140万吨/年柴油精制装置
<-26,ST040042,℃,2025-09-13 20:00:00,凝点,延化140万吨/年柴油精制装置
867.2,ST040042,<p>kg/m<sup>3</sup></p>,2025-09-13 20:00:00,密度ρ20,延化140万吨/年柴油精制装置
39,ST040042,,2025-09-13 20:00:00,十六烷指数,延化140万吨/年柴油精制装置
194.0,ST040042,℃,2025-09-14 20:00:00,初馏点,延化140万吨/年柴油精制装置
218.4,ST040042,℃,2025-09-14 20:00:00,10%回收温度,延化140万吨/年柴油精制装置
258.7,ST040042,℃,2025-09-14 20:00:00,50%回收温度,延化140万吨/年柴油精制装置
325.8,ST040042,℃,2025-09-14 20:00:00,90%回收温度,延化140万吨/年柴油精制装置
346.7,ST040042,℃,2025-09-14 20:00:00,95%回收温度,延化140万吨/年柴油精制装置
<-19,ST040042,℃,2025-09-14 20:00:00,冷滤点,延化140万吨/年柴油精制装置
<-26,ST040042,℃,2025-09-14 20:00:00,凝点,延化140万吨/年柴油精制装置
39,ST040042,,2025-09-14 20:00:00,十六烷指数,延化140万吨/年柴油精制装置
83.0,ST040042,℃,2025-09-14 20:00:00,闪点(闭口),延化140万吨/年柴油精制装置
867.1,ST040042,<p>kg/m<sup>3</sup></p>,2025-09-14 20:00:00,密度ρ20,延化140万吨/年柴油精制装置
6.00,ST040042,<p>ppm</p>,2025-09-14 20:00:00,硫含量,延化140万吨/年柴油精制装置
<-26,ST040042,℃,2025-09-15 20:00:00,凝点,延化140万吨/年柴油精制装置
192.1,ST040042,℃,2025-09-15 20:00:00,初馏点,延化140万吨/年柴油精制装置
216.9,ST040042,℃,2025-09-15 20:00:00,10%回收温度,延化140万吨/年柴油精制装置
257.4,ST040042,℃,2025-09-15 20:00:00,50%回收温度,延化140万吨/年柴油精制装置
324.6,ST040042,℃,2025-09-15 20:00:00,90%回收温度,延化140万吨/年柴油精制装置
82.0,ST040042,℃,2025-09-15 20:00:00,闪点(闭口),延化140万吨/年柴油精制装置
<-19,ST040042,℃,2025-09-15 20:00:00,冷滤点,延化140万吨/年柴油精制装置
865.7,ST040042,<p>kg/m<sup>3</sup></p>,2025-09-15 20:00:00,密度ρ20,延化140万吨/年柴油精制装置
4.00,ST040042,<p>ppm</p>,2025-09-15 20:00:00,硫含量,延化140万吨/年柴油精制装置
39,ST040042,,2025-09-15 20:00:00,十六烷指数,延化140万吨/年柴油精制装置
345.8,ST040042,℃,2025-09-15 20:00:00,95%回收温度,延化140万吨/年柴油精制装置
6.00,ST040042,<p>ppm</p>,2025-09-16 20:00:00,硫含量,延化140万吨/年柴油精制装置
<-19,ST040042,℃,2025-09-16 20:00:00,冷滤点,延化140万吨/年柴油精制装置
<-26,ST040042,℃,2025-09-16 20:00:00,凝点,延化140万吨/年柴油精制装置
866.6,ST040042,<p>kg/m<sup>3</sup></p>,2025-09-16 20:00:00,密度ρ20,延化140万吨/年柴油精制装置
39,ST040042,,2025-09-16 20:00:00,十六烷指数,延化140万吨/年柴油精制装置
346.1,ST040042,℃,2025-09-16 20:00:00,95%回收温度,延化140万吨/年柴油精制装置
83.0,ST040042,℃,2025-09-16 20:00:00,闪点(闭口),延化140万吨/年柴油精制装置
194.2,ST040042,℃,2025-09-16 20:00:00,初馏点,延化140万吨/年柴油精制装置
218.4,ST040042,℃,2025-09-16 20:00:00,10%回收温度,延化140万吨/年柴油精制装置
324.9,ST040042,℃,2025-09-16 20:00:00,90%回收温度,延化140万吨/年柴油精制装置
257.9,ST040042,℃,2025-09-16 20:00:00,50%回收温度,延化140万吨/年柴油精制装置
39,ST040042,,2025-09-17 20:00:00,十六烷指数,延化140万吨/年柴油精制装置
<-19,ST040042,℃,2025-09-17 20:00:00,冷滤点,延化140万吨/年柴油精制装置
866.5,ST040042,<p>kg/m<sup>3</sup></p>,2025-09-17 20:00:00,密度ρ20,延化140万吨/年柴油精制装置
5.00,ST040042,<p>ppm</p>,2025-09-17 20:00:00,硫含量,延化140万吨/年柴油精制装置
84.0,ST040042,℃,2025-09-17 20:00:00,闪点(闭口),延化140万吨/年柴油精制装置
345.9,ST040042,℃,2025-09-17 20:00:00,95%回收温度,延化140万吨/年柴油精制装置
193.7,ST040042,℃,2025-09-17 20:00:00,初馏点,延化140万吨/年柴油精制装置
218.3,ST040042,℃,2025-09-17 20:00:00,10%回收温度,延化140万吨/年柴油精制装置
258.6,ST040042,℃,2025-09-17 20:00:00,50%回收温度,延化140万吨/年柴油精制装置
325.2,ST040042,℃,2025-09-17 20:00:00,90%回收温度,延化140万吨/年柴油精制装置
<-26,ST040042,℃,2025-09-17 20:00:00,凝点,延化140万吨/年柴油精制装置
219.5,ST040042,℃,2025-09-18 20:00:00,10%回收温度,延化140万吨/年柴油精制装置
259.2,ST040042,℃,2025-09-18 20:00:00,50%回收温度,延化140万吨/年柴油精制装置
325.5,ST040042,℃,2025-09-18 20:00:00,90%回收温度,延化140万吨/年柴油精制装置
346.1,ST040042,℃,2025-09-18 20:00:00,95%回收温度,延化140万吨/年柴油精制装置
39,ST040042,,2025-09-18 20:00:00,十六烷指数,延化140万吨/年柴油精制装置
195.3,ST040042,℃,2025-09-18 20:00:00,初馏点,延化140万吨/年柴油精制装置
<-19,ST040042,℃,2025-09-18 20:00:00,冷滤点,延化140万吨/年柴油精制装置
<-26,ST040042,℃,2025-09-18 20:00:00,凝点,延化140万吨/年柴油精制装置
866.9,ST040042,<p>kg/m<sup>3</sup></p>,2025-09-18 20:00:00,密度ρ20,延化140万吨/年柴油精制装置
3.00,ST040042,<p>ppm</p>,2025-09-18 20:00:00,硫含量,延化140万吨/年柴油精制装置
84.0,ST040042,℃,2025-09-18 20:00:00,闪点(闭口),延化140万吨/年柴油精制装置
3.00,ST040042,<p>ppm</p>,2025-09-19 10:56:00,硫含量,延化140万吨/年柴油精制装置
<-26,ST040042,℃,2025-09-19 20:00:00,凝点,延化140万吨/年柴油精制装置
865.9,ST040042,<p>kg/m<sup>3</sup></p>,2025-09-19 20:00:00,密度ρ20,延化140万吨/年柴油精制装置
4.00,ST040042,<p>ppm</p>,2025-09-19 20:00:00,硫含量,延化140万吨/年柴油精制装置
39,ST040042,,2025-09-19 20:00:00,十六烷指数,延化140万吨/年柴油精制装置
194.3,ST040042,℃,2025-09-19 20:00:00,初馏点,延化140万吨/年柴油精制装置
219.7,ST040042,℃,2025-09-19 20:00:00,10%回收温度,延化140万吨/年柴油精制装置
259.1,ST040042,℃,2025-09-19 20:00:00,50%回收温度,延化140万吨/年柴油精制装置
325.3,ST040042,℃,2025-09-19 20:00:00,90%回收温度,延化140万吨/年柴油精制装置
345.9,ST040042,℃,2025-09-19 20:00:00,95%回收温度,延化140万吨/年柴油精制装置
<-19,ST040042,℃,2025-09-19 20:00:00,冷滤点,延化140万吨/年柴油精制装置
84.0,ST040042,℃,2025-09-19 20:00:00,闪点(闭口),延化140万吨/年柴油精制装置
347.0,ST040042,℃,2025-09-20 20:00:00,95%回收温度,延化140万吨/年柴油精制装置
196.1,ST040042,℃,2025-09-20 20:00:00,初馏点,延化140万吨/年柴油精制装置
220.5,ST040042,℃,2025-09-20 20:00:00,10%回收温度,延化140万吨/年柴油精制装置
260.6,ST040042,℃,2025-09-20 20:00:00,50%回收温度,延化140万吨/年柴油精制装置
326.7,ST040042,℃,2025-09-20 20:00:00,90%回收温度,延化140万吨/年柴油精制装置
84.0,ST040042,℃,2025-09-20 20:00:00,闪点(闭口),延化140万吨/年柴油精制装置
<-26,ST040042,℃,2025-09-20 20:00:00,凝点,延化140万吨/年柴油精制装置
866.1,ST040042,<p>kg/m<sup>3</sup></p>,2025-09-20 20:00:00,密度ρ20,延化140万吨/年柴油精制装置
6.00,ST040042,<p>ppm</p>,2025-09-20 20:00:00,硫含量,延化140万吨/年柴油精制装置
40,ST040042,,2025-09-20 20:00:00,十六烷指数,延化140万吨/年柴油精制装置
<-19,ST040042,℃,2025-09-20 20:00:00,冷滤点,延化140万吨/年柴油精制装置
<-26,ST040042,℃,2025-09-21 20:00:00,凝点,延化140万吨/年柴油精制装置
40,ST040042,,2025-09-21 20:00:00,十六烷指数,延化140万吨/年柴油精制装置
83.0,ST040042,℃,2025-09-21 20:00:00,闪点(闭口),延化140万吨/年柴油精制装置
<-19,ST040042,℃,2025-09-21 20:00:00,冷滤点,延化140万吨/年柴油精制装置
865.5,ST040042,<p>kg/m<sup>3</sup></p>,2025-09-21 20:00:00,密度ρ20,延化140万吨/年柴油精制装置
345.9,ST040042,℃,2025-09-21 20:00:00,95%回收温度,延化140万吨/年柴油精制装置
194.6,ST040042,℃,2025-09-21 20:00:00,初馏点,延化140万吨/年柴油精制装置
220.1,ST040042,℃,2025-09-21 20:00:00,10%回收温度,延化140万吨/年柴油精制装置
259.9,ST040042,℃,2025-09-21 20:00:00,50%回收温度,延化140万吨/年柴油精制装置
325.5,ST040042,℃,2025-09-21 20:00:00,90%回收温度,延化140万吨/年柴油精制装置
4.00,ST040042,<p>ppm</p>,2025-09-21 20:00:00,硫含量,延化140万吨/年柴油精制装置
199.9,ST040042,℃,2025-09-22 20:00:00,初馏点,延化140万吨/年柴油精制装置
263.3,ST040042,℃,2025-09-22 20:00:00,50%回收温度,延化140万吨/年柴油精制装置
327.2,ST040042,℃,2025-09-22 20:00:00,90%回收温度,延化140万吨/年柴油精制装置
347.1,ST040042,℃,2025-09-22 20:00:00,95%回收温度,延化140万吨/年柴油精制装置
223.4,ST040042,℃,2025-09-22 20:00:00,10%回收温度,延化140万吨/年柴油精制装置
<-26,ST040042,℃,2025-09-22 20:00:00,凝点,延化140万吨/年柴油精制装置
6.00,ST040042,<p>ppm</p>,2025-09-22 20:00:00,硫含量,延化140万吨/年柴油精制装置
40,ST040042,,2025-09-22 20:00:00,十六烷指数,延化140万吨/年柴油精制装置
84.0,ST040042,℃,2025-09-22 20:00:00,闪点(闭口),延化140万吨/年柴油精制装置
<-19,ST040042,℃,2025-09-22 20:00:00,冷滤点,延化140万吨/年柴油精制装置
866.2,ST040042,<p>kg/m<sup>3</sup></p>,2025-09-22 20:00:00,密度ρ20,延化140万吨/年柴油精制装置
<-19,ST040042,℃,2025-09-23 20:00:00,冷滤点,延化140万吨/年柴油精制装置
202.3,ST040042,℃,2025-09-23 20:00:00,初馏点,延化140万吨/年柴油精制装置
224.0,ST040042,℃,2025-09-23 20:00:00,10%回收温度,延化140万吨/年柴油精制装置
263.5,ST040042,℃,2025-09-23 20:00:00,50%回收温度,延化140万吨/年柴油精制装置
327.0,ST040042,℃,2025-09-23 20:00:00,90%回收温度,延化140万吨/年柴油精制装置
85.0,ST040042,℃,2025-09-23 20:00:00,闪点(闭口),延化140万吨/年柴油精制装置
<-26,ST040042,℃,2025-09-23 20:00:00,凝点,延化140万吨/年柴油精制装置
865.8,ST040042,<p>kg/m<sup>3</sup></p>,2025-09-23 20:00:00,密度ρ20,延化140万吨/年柴油精制装置
5.00,ST040042,<p>ppm</p>,2025-09-23 20:00:00,硫含量,延化140万吨/年柴油精制装置
41,ST040042,,2025-09-23 20:00:00,十六烷指数,延化140万吨/年柴油精制装置
346.9,ST040042,℃,2025-09-23 20:00:00,95%回收温度,延化140万吨/年柴油精制装置
865.0,ST040042,<p>kg/m<sup>3</sup></p>,2025-09-24 20:00:00,密度ρ20,延化140万吨/年柴油精制装置
4.00,ST040042,<p>ppm</p>,2025-09-24 20:00:00,硫含量,延化140万吨/年柴油精制装置
82.0,ST040042,℃,2025-09-24 20:00:00,闪点(闭口),延化140万吨/年柴油精制装置
197.1,ST040042,℃,2025-09-24 20:00:00,初馏点,延化140万吨/年柴油精制装置
222.2,ST040042,℃,2025-09-24 20:00:00,10%回收温度,延化140万吨/年柴油精制装置
<-19,ST040042,℃,2025-09-24 20:00:00,冷滤点,延化140万吨/年柴油精制装置
327.4,ST040042,℃,2025-09-24 20:00:00,90%回收温度,延化140万吨/年柴油精制装置
347.5,ST040042,℃,2025-09-24 20:00:00,95%回收温度,延化140万吨/年柴油精制装置
<-26,ST040042,℃,2025-09-24 20:00:00,凝点,延化140万吨/年柴油精制装置
41,ST040042,,2025-09-24 20:00:00,十六烷指数,延化140万吨/年柴油精制装置
262.5,ST040042,℃,2025-09-24 20:00:00,50%回收温度,延化140万吨/年柴油精制装置
<-19,ST040042,℃,2025-09-25 20:00:00,冷滤点,延化140万吨/年柴油精制装置
40,ST040042,,2025-09-25 20:00:00,十六烷指数,延化140万吨/年柴油精制装置
82.0,ST040042,℃,2025-09-25 20:00:00,闪点(闭口),延化140万吨/年柴油精制装置
195.4,ST040042,℃,2025-09-25 20:00:00,初馏点,延化140万吨/年柴油精制装置
219.9,ST040042,℃,2025-09-25 20:00:00,10%回收温度,延化140万吨/年柴油精制装置
5.00,ST040042,<p>ppm</p>,2025-09-25 20:00:00,硫含量,延化140万吨/年柴油精制装置
325.4,ST040042,℃,2025-09-25 20:00:00,90%回收温度,延化140万吨/年柴油精制装置
345.9,ST040042,℃,2025-09-25 20:00:00,95%回收温度,延化140万吨/年柴油精制装置
<-26,ST040042,℃,2025-09-25 20:00:00,凝点,延化140万吨/年柴油精制装置
864.3,ST040042,<p>kg/m<sup>3</sup></p>,2025-09-25 20:00:00,密度ρ20,延化140万吨/年柴油精制装置
259.9,ST040042,℃,2025-09-25 20:00:00,50%回收温度,延化140万吨/年柴油精制装置
5.00,ST040042,<p>ppm</p>,2025-09-26 20:00:00,硫含量,延化140万吨/年柴油精制装置
<-19,ST040042,℃,2025-09-26 20:00:00,冷滤点,延化140万吨/年柴油精制装置
<-26,ST040042,℃,2025-09-26 20:00:00,凝点,延化140万吨/年柴油精制装置
82.0,ST040042,℃,2025-09-26 20:00:00,闪点(闭口),延化140万吨/年柴油精制装置
197.0,ST040042,℃,2025-09-26 20:00:00,初馏点,延化140万吨/年柴油精制装置
40,ST040042,,2025-09-26 20:00:00,十六烷指数,延化140万吨/年柴油精制装置
261.3,ST040042,℃,2025-09-26 20:00:00,50%回收温度,延化140万吨/年柴油精制装置
326.2,ST040042,℃,2025-09-26 20:00:00,90%回收温度,延化140万吨/年柴油精制装置
346.5,ST040042,℃,2025-09-26 20:00:00,95%回收温度,延化140万吨/年柴油精制装置
864.7,ST040042,<p>kg/m<sup>3</sup></p>,2025-09-26 20:00:00,密度ρ20,延化140万吨/年柴油精制装置
221.3,ST040042,℃,2025-09-26 20:00:00,10%回收温度,延化140万吨/年柴油精制装置
326.1,ST040042,℃,2025-09-27 20:00:00,90%回收温度,延化140万吨/年柴油精制装置
<-19,ST040042,℃,2025-09-27 20:00:00,冷滤点,延化140万吨/年柴油精制装置
<-26,ST040042,℃,2025-09-27 20:00:00,凝点,延化140万吨/年柴油精制装置
197.0,ST040042,℃,2025-09-27 20:00:00,初馏点,延化140万吨/年柴油精制装置
221.3,ST040042,℃,2025-09-27 20:00:00,10%回收温度,延化140万吨/年柴油精制装置
82.0,ST040042,℃,2025-09-27 20:00:00,闪点(闭口),延化140万吨/年柴油精制装置
40,ST040042,,2025-09-27 20:00:00,十六烷指数,延化140万吨/年柴油精制装置
346.5,ST040042,℃,2025-09-27 20:00:00,95%回收温度,延化140万吨/年柴油精制装置
865.1,ST040042,<p>kg/m<sup>3</sup></p>,2025-09-27 20:00:00,密度ρ20,延化140万吨/年柴油精制装置
4.00,ST040042,<p>ppm</p>,2025-09-27 20:00:00,硫含量,延化140万吨/年柴油精制装置
261.2,ST040042,℃,2025-09-27 20:00:00,50%回收温度,延化140万吨/年柴油精制装置
258.1,ST040042,℃,2025-09-28 20:00:00,50%回收温度,延化140万吨/年柴油精制装置
865.0,ST040042,<p>kg/m<sup>3</sup></p>,2025-09-28 20:00:00,密度ρ20,延化140万吨/年柴油精制装置
5.00,ST040042,<p>ppm</p>,2025-09-28 20:00:00,硫含量,延化140万吨/年柴油精制装置
83.0,ST040042,℃,2025-09-28 20:00:00,闪点(闭口),延化140万吨/年柴油精制装置
193.3,ST040042,℃,2025-09-28 20:00:00,初馏点,延化140万吨/年柴油精制装置
40,ST040042,,2025-09-28 20:00:00,十六烷指数,延化140万吨/年柴油精制装置
324.3,ST040042,℃,2025-09-28 20:00:00,90%回收温度,延化140万吨/年柴油精制装置
344.9,ST040042,℃,2025-09-28 20:00:00,95%回收温度,延化140万吨/年柴油精制装置
<-19,ST040042,℃,2025-09-28 20:00:00,冷滤点,延化140万吨/年柴油精制装置
<-26,ST040042,℃,2025-09-28 20:00:00,凝点,延化140万吨/年柴油精制装置
218.0,ST040042,℃,2025-09-28 20:00:00,10%回收温度,延化140万吨/年柴油精制装置
327.0,ST040042,℃,2025-09-29 20:00:00,90%回收温度,延化140万吨/年柴油精制装置
201.8,ST040042,℃,2025-09-29 20:00:00,初馏点,延化140万吨/年柴油精制装置
224.4,ST040042,℃,2025-09-29 20:00:00,10%回收温度,延化140万吨/年柴油精制装置
263.9,ST040042,℃,2025-09-29 20:00:00,50%回收温度,延化140万吨/年柴油精制装置
347.0,ST040042,℃,2025-09-29 20:00:00,95%回收温度,延化140万吨/年柴油精制装置
4.00,ST040042,<p>ppm</p>,2025-09-29 20:00:00,硫含量,延化140万吨/年柴油精制装置
41,ST040042,,2025-09-29 20:00:00,十六烷指数,延化140万吨/年柴油精制装置
82.0,ST040042,℃,2025-09-29 20:00:00,闪点(闭口),延化140万吨/年柴油精制装置
<-19,ST040042,℃,2025-09-29 20:00:00,冷滤点,延化140万吨/年柴油精制装置
864.4,ST040042,<p>kg/m<sup>3</sup></p>,2025-09-29 20:00:00,密度ρ20,延化140万吨/年柴油精制装置
<-26,ST040042,℃,2025-09-29 20:00:00,凝点,延化140万吨/年柴油精制装置
<-19,ST040042,℃,2025-09-30 20:00:00,冷滤点,延化140万吨/年柴油精制装置
<-26,ST040042,℃,2025-09-30 20:00:00,凝点,延化140万吨/年柴油精制装置
220.2,ST040042,℃,2025-09-30 20:00:00,10%回收温度,延化140万吨/年柴油精制装置
864.4,ST040042,<p>kg/m<sup>3</sup></p>,2025-09-30 20:00:00,密度ρ20,延化140万吨/年柴油精制装置
7.00,ST040042,<p>ppm</p>,2025-09-30 20:00:00,硫含量,延化140万吨/年柴油精制装置
82.0,ST040042,℃,2025-09-30 20:00:00,闪点(闭口),延化140万吨/年柴油精制装置
260.0,ST040042,℃,2025-09-30 20:00:00,50%回收温度,延化140万吨/年柴油精制装置
325.3,ST040042,℃,2025-09-30 20:00:00,90%回收温度,延化140万吨/年柴油精制装置
345.7,ST040042,℃,2025-09-30 20:00:00,95%回收温度,延化140万吨/年柴油精制装置
40,ST040042,,2025-09-30 20:00:00,十六烷指数,延化140万吨/年柴油精制装置
195.6,ST040042,℃,2025-09-30 20:00:00,初馏点,延化140万吨/年柴油精制装置
263.4,ST040042,℃,2025-10-01 20:00:00,50%回收温度,延化140万吨/年柴油精制装置
863.0,ST040042,<p>kg/m<sup>3</sup></p>,2025-10-01 20:00:00,密度ρ20,延化140万吨/年柴油精制装置
5.00,ST040042,<p>ppm</p>,2025-10-01 20:00:00,硫含量,延化140万吨/年柴油精制装置
41,ST040042,,2025-10-01 20:00:00,十六烷指数,延化140万吨/年柴油精制装置
81.0,ST040042,℃,2025-10-01 20:00:00,闪点(闭口),延化140万吨/年柴油精制装置
<-26,ST040042,℃,2025-10-01 20:00:00,凝点,延化140万吨/年柴油精制装置
222.5,ST040042,℃,2025-10-01 20:00:00,10%回收温度,延化140万吨/年柴油精制装置
328.4,ST040042,℃,2025-10-01 20:00:00,90%回收温度,延化140万吨/年柴油精制装置
348.1,ST040042,℃,2025-10-01 20:00:00,95%回收温度,延化140万吨/年柴油精制装置
<-19,ST040042,℃,2025-10-01 20:00:00,冷滤点,延化140万吨/年柴油精制装置
196.3,ST040042,℃,2025-10-01 20:00:00,初馏点,延化140万吨/年柴油精制装置
219.5,ST040042,℃,2025-10-02 20:00:00,10%回收温度,延化140万吨/年柴油精制装置
864.5,ST040042,<p>kg/m<sup>3</sup></p>,2025-10-02 20:00:00,密度ρ20,延化140万吨/年柴油精制装置
82.0,ST040042,℃,2025-10-02 20:00:00,闪点(闭口),延化140万吨/年柴油精制装置
<-19,ST040042,℃,2025-10-02 20:00:00,冷滤点,延化140万吨/年柴油精制装置
<-26,ST040042,℃,2025-10-02 20:00:00,凝点,延化140万吨/年柴油精制装置
349.0,ST040042,℃,2025-10-02 20:00:00,95%回收温度,延化140万吨/年柴油精制装置
39,ST040042,,2025-10-02 20:00:00,十六烷指数,延化140万吨/年柴油精制装置
193.5,ST040042,℃,2025-10-02 20:00:00,初馏点,延化140万吨/年柴油精制装置
257.0,ST040042,℃,2025-10-02 20:00:00,50%回收温度,延化140万吨/年柴油精制装置
325.5,ST040042,℃,2025-10-02 20:00:00,90%回收温度,延化140万吨/年柴油精制装置
6.00,ST040042,<p>ppm</p>,2025-10-02 20:00:00,硫含量,延化140万吨/年柴油精制装置
82.0,ST040042,℃,2025-10-03 20:00:00,闪点(闭口),延化140万吨/年柴油精制装置
12.00,ST040042,<p>ppm</p>,2025-10-03 20:00:00,硫含量,延化140万吨/年柴油精制装置
<-19,ST040042,℃,2025-10-03 20:00:00,冷滤点,延化140万吨/年柴油精制装置
<-26,ST040042,℃,2025-10-03 20:00:00,凝点,延化140万吨/年柴油精制装置
863.7,ST040042,<p>kg/m<sup>3</sup></p>,2025-10-03 20:00:00,密度ρ20,延化140万吨/年柴油精制装置
345.4,ST040042,℃,2025-10-03 20:00:00,95%回收温度,延化140万吨/年柴油精制装置
196.2,ST040042,℃,2025-10-03 20:00:00,初馏点,延化140万吨/年柴油精制装置
220.7,ST040042,℃,2025-10-03 20:00:00,10%回收温度,延化140万吨/年柴油精制装置
260.9,ST040042,℃,2025-10-03 20:00:00,50%回收温度,延化140万吨/年柴油精制装置
325.4,ST040042,℃,2025-10-03 20:00:00,90%回收温度,延化140万吨/年柴油精制装置
41,ST040042,,2025-10-03 20:00:00,十六烷指数,延化140万吨/年柴油精制装置
257.9,ST040042,℃,2025-10-04 20:00:00,50%回收温度,延化140万吨/年柴油精制装置
82.0,ST040042,℃,2025-10-04 20:00:00,闪点(闭口),延化140万吨/年柴油精制装置
193.5,ST040042,℃,2025-10-04 20:00:00,初馏点,延化140万吨/年柴油精制装置
217.8,ST040042,℃,2025-10-04 20:00:00,10%回收温度,延化140万吨/年柴油精制装置
323.3,ST040042,℃,2025-10-04 20:00:00,90%回收温度,延化140万吨/年柴油精制装置
40,ST040042,,2025-10-04 20:00:00,十六烷指数,延化140万吨/年柴油精制装置
343.5,ST040042,℃,2025-10-04 20:00:00,95%回收温度,延化140万吨/年柴油精制装置
<-19,ST040042,℃,2025-10-04 20:00:00,冷滤点,延化140万吨/年柴油精制装置
<-26,ST040042,℃,2025-10-04 20:00:00,凝点,延化140万吨/年柴油精制装置
15.00,ST040042,<p>ppm</p>,2025-10-04 20:00:00,硫含量,延化140万吨/年柴油精制装置
863.9,ST040042,<p>kg/m<sup>3</sup></p>,2025-10-04 20:00:00,密度ρ20,延化140万吨/年柴油精制装置
193.1,ST040042,℃,2025-10-05 20:00:00,初馏点,延化140万吨/年柴油精制装置
217.0,ST040042,℃,2025-10-05 20:00:00,10%回收温度,延化140万吨/年柴油精制装置
256.7,ST040042,℃,2025-10-05 20:00:00,50%回收温度,延化140万吨/年柴油精制装置
322.4,ST040042,℃,2025-10-05 20:00:00,90%回收温度,延化140万吨/年柴油精制装置
342.8,ST040042,℃,2025-10-05 20:00:00,95%回收温度,延化140万吨/年柴油精制装置
82.0,ST040042,℃,2025-10-05 20:00:00,闪点(闭口),延化140万吨/年柴油精制装置
12.00,ST040042,<p>ppm</p>,2025-10-05 20:00:00,硫含量,延化140万吨/年柴油精制装置
40,ST040042,,2025-10-05 20:00:00,十六烷指数,延化140万吨/年柴油精制装置
<-19,ST040042,℃,2025-10-05 20:00:00,冷滤点,延化140万吨/年柴油精制装置
<-26,ST040042,℃,2025-10-05 20:00:00,凝点,延化140万吨/年柴油精制装置
863.8,ST040042,<p>kg/m<sup>3</sup></p>,2025-10-05 20:00:00,密度ρ20,延化140万吨/年柴油精制装置
3.00,ST040042,<p>ppm</p>,2025-10-06 09:00:00,硫含量,延化140万吨/年柴油精制装置
324.8,ST040042,℃,2025-10-06 20:00:00,90%回收温度,延化140万吨/年柴油精制装置
345.1,ST040042,℃,2025-10-06 20:00:00,95%回收温度,延化140万吨/年柴油精制装置
195.9,ST040042,℃,2025-10-06 20:00:00,初馏点,延化140万吨/年柴油精制装置
220.3,ST040042,℃,2025-10-06 20:00:00,10%回收温度,延化140万吨/年柴油精制装置
<-26,ST040042,℃,2025-10-06 20:00:00,凝点,延化140万吨/年柴油精制装置
863.8,ST040042,<p>kg/m<sup>3</sup></p>,2025-10-06 20:00:00,密度ρ20,延化140万吨/年柴油精制装置
3.00,ST040042,<p>ppm</p>,2025-10-06 20:00:00,硫含量,延化140万吨/年柴油精制装置
41,ST040042,,2025-10-06 20:00:00,十六烷指数,延化140万吨/年柴油精制装置
82.0,ST040042,℃,2025-10-06 20:00:00,闪点(闭口),延化140万吨/年柴油精制装置
260.0,ST040042,℃,2025-10-06 20:00:00,50%回收温度,延化140万吨/年柴油精制装置
<-19,ST040042,℃,2025-10-06 20:00:00,冷滤点,延化140万吨/年柴油精制装置
<-19,ST040042,℃,2025-10-07 20:00:00,冷滤点,延化140万吨/年柴油精制装置
<-26,ST040042,℃,2025-10-07 20:00:00,凝点,延化140万吨/年柴油精制装置
863.7,ST040042,<p>kg/m<sup>3</sup></p>,2025-10-07 20:00:00,密度ρ20,延化140万吨/年柴油精制装置
3.00,ST040042,<p>ppm</p>,2025-10-07 20:00:00,硫含量,延化140万吨/年柴油精制装置
194.4,ST040042,℃,2025-10-07 20:00:00,初馏点,延化140万吨/年柴油精制装置
83.0,ST040042,℃,2025-10-07 20:00:00,闪点(闭口),延化140万吨/年柴油精制装置
258.8,ST040042,℃,2025-10-07 20:00:00,50%回收温度,延化140万吨/年柴油精制装置
324.2,ST040042,℃,2025-10-07 20:00:00,90%回收温度,延化140万吨/年柴油精制装置
344.6,ST040042,℃,2025-10-07 20:00:00,95%回收温度,延化140万吨/年柴油精制装置
40,ST040042,,2025-10-07 20:00:00,十六烷指数,延化140万吨/年柴油精制装置
218.6,ST040042,℃,2025-10-07 20:00:00,10%回收温度,延化140万吨/年柴油精制装置
258.0,ST040042,℃,2025-10-08 20:00:00,50%回收温度,延化140万吨/年柴油精制装置
323.4,ST040042,℃,2025-10-08 20:00:00,90%回收温度,延化140万吨/年柴油精制装置
343.7,ST040042,℃,2025-10-08 20:00:00,95%回收温度,延化140万吨/年柴油精制装置
193.7,ST040042,℃,2025-10-08 20:00:00,初馏点,延化140万吨/年柴油精制装置
40,ST040042,,2025-10-08 20:00:00,十六烷指数,延化140万吨/年柴油精制装置
217.8,ST040042,℃,2025-10-08 20:00:00,10%回收温度,延化140万吨/年柴油精制装置
<-19,ST040042,℃,2025-10-08 20:00:00,冷滤点,延化140万吨/年柴油精制装置
<-26,ST040042,℃,2025-10-08 20:00:00,凝点,延化140万吨/年柴油精制装置
863.9,ST040042,<p>kg/m<sup>3</sup></p>,2025-10-08 20:00:00,密度ρ20,延化140万吨/年柴油精制装置
3.00,ST040042,<p>ppm</p>,2025-10-08 20:00:00,硫含量,延化140万吨/年柴油精制装置
82.0,ST040042,℃,2025-10-08 20:00:00,闪点(闭口),延化140万吨/年柴油精制装置
82.0,ST040042,℃,2025-10-09 20:00:00,闪点(闭口),延化140万吨/年柴油精制装置
<-26,ST040042,℃,2025-10-09 20:00:00,凝点,延化140万吨/年柴油精制装置
864.8,ST040042,<p>kg/m<sup>3</sup></p>,2025-10-09 20:00:00,密度ρ20,延化140万吨/年柴油精制装置
3.00,ST040042,<p>ppm</p>,2025-10-09 20:00:00,硫含量,延化140万吨/年柴油精制装置
40,ST040042,,2025-10-09 20:00:00,十六烷指数,延化140万吨/年柴油精制装置
<-19,ST040042,℃,2025-10-09 20:00:00,冷滤点,延化140万吨/年柴油精制装置
219.0,ST040042,℃,2025-10-09 20:00:00,10%回收温度,延化140万吨/年柴油精制装置
258.9,ST040042,℃,2025-10-09 20:00:00,50%回收温度,延化140万吨/年柴油精制装置
323.5,ST040042,℃,2025-10-09 20:00:00,90%回收温度,延化140万吨/年柴油精制装置
343.7,ST040042,℃,2025-10-09 20:00:00,95%回收温度,延化140万吨/年柴油精制装置
194.5,ST040042,℃,2025-10-09 20:00:00,初馏点,延化140万吨/年柴油精制装置
<-19,ST040042,℃,2025-10-10 20:00:00,冷滤点,延化140万吨/年柴油精制装置
<-26,ST040042,℃,2025-10-10 20:00:00,凝点,延化140万吨/年柴油精制装置
863.9,ST040042,<p>kg/m<sup>3</sup></p>,2025-10-10 20:00:00,密度ρ20,延化140万吨/年柴油精制装置
3.00,ST040042,<p>ppm</p>,2025-10-10 20:00:00,硫含量,延化140万吨/年柴油精制装置
40,ST040042,,2025-10-10 20:00:00,十六烷指数,延化140万吨/年柴油精制装置
343.5,ST040042,℃,2025-10-10 20:00:00,95%回收温度,延化140万吨/年柴油精制装置
195.2,ST040042,℃,2025-10-10 20:00:00,初馏点,延化140万吨/年柴油精制装置
219.3,ST040042,℃,2025-10-10 20:00:00,10%回收温度,延化140万吨/年柴油精制装置
259.1,ST040042,℃,2025-10-10 20:00:00,50%回收温度,延化140万吨/年柴油精制装置
323.5,ST040042,℃,2025-10-10 20:00:00,90%回收温度,延化140万吨/年柴油精制装置
81.0,ST040042,℃,2025-10-10 20:00:00,闪点(闭口),延化140万吨/年柴油精制装置
3.00,ST040042,<p>ppm</p>,2025-10-11 20:00:00,硫含量,延化140万吨/年柴油精制装置
<-19,ST040042,℃,2025-10-11 20:00:00,冷滤点,延化140万吨/年柴油精制装置
<-26,ST040042,℃,2025-10-11 20:00:00,凝点,延化140万吨/年柴油精制装置
863.5,ST040042,<p>kg/m<sup>3</sup></p>,2025-10-11 20:00:00,密度ρ20,延化140万吨/年柴油精制装置
40,ST040042,,2025-10-11 20:00:00,十六烷指数,延化140万吨/年柴油精制装置
343.4,ST040042,℃,2025-10-11 20:00:00,95%回收温度,延化140万吨/年柴油精制装置
192.8,ST040042,℃,2025-10-11 20:00:00,初馏点,延化140万吨/年柴油精制装置
216.3,ST040042,℃,2025-10-11 20:00:00,10%回收温度,延化140万吨/年柴油精制装置
256.2,ST040042,℃,2025-10-11 20:00:00,50%回收温度,延化140万吨/年柴油精制装置
322.8,ST040042,℃,2025-10-11 20:00:00,90%回收温度,延化140万吨/年柴油精制装置
82.0,ST040042,℃,2025-10-11 20:00:00,闪点(闭口),延化140万吨/年柴油精制装置
324.3,ST040042,℃,2025-10-12 20:00:00,90%回收温度,延化140万吨/年柴油精制装置
193.6,ST040042,℃,2025-10-12 20:00:00,初馏点,延化140万吨/年柴油精制装置
218.3,ST040042,℃,2025-10-12 20:00:00,10%回收温度,延化140万吨/年柴油精制装置
258.3,ST040042,℃,2025-10-12 20:00:00,50%回收温度,延化140万吨/年柴油精制装置
344.5,ST040042,℃,2025-10-12 20:00:00,95%回收温度,延化140万吨/年柴油精制装置
40,ST040042,,2025-10-12 20:00:00,十六烷指数,延化140万吨/年柴油精制装置
<-26,ST040042,℃,2025-10-12 20:00:00,凝点,延化140万吨/年柴油精制装置
864.6,ST040042,<p>kg/m<sup>3</sup></p>,2025-10-12 20:00:00,密度ρ20,延化140万吨/年柴油精制装置
3.00,ST040042,<p>ppm</p>,2025-10-12 20:00:00,硫含量,延化140万吨/年柴油精制装置
81.0,ST040042,℃,2025-10-12 20:00:00,闪点(闭口),延化140万吨/年柴油精制装置
<-19,ST040042,℃,2025-10-12 20:00:00,冷滤点,延化140万吨/年柴油精制装置
218.3,ST040042,℃,2025-10-13 20:00:00,10%回收温度,延化140万吨/年柴油精制装置
258.8,ST040042,℃,2025-10-13 20:00:00,50%回收温度,延化140万吨/年柴油精制装置
324.5,ST040042,℃,2025-10-13 20:00:00,90%回收温度,延化140万吨/年柴油精制装置
<-19,ST040042,℃,2025-10-13 20:00:00,冷滤点,延化140万吨/年柴油精制装置
<-26,ST040042,℃,2025-10-13 20:00:00,凝点,延化140万吨/年柴油精制装置
192.4,ST040042,℃,2025-10-13 20:00:00,初馏点,延化140万吨/年柴油精制装置
3.00,ST040042,<p>ppm</p>,2025-10-13 20:00:00,硫含量,延化140万吨/年柴油精制装置
40,ST040042,,2025-10-13 20:00:00,十六烷指数,延化140万吨/年柴油精制装置
82.0,ST040042,℃,2025-10-13 20:00:00,闪点(闭口),延化140万吨/年柴油精制装置
344.6,ST040042,℃,2025-10-13 20:00:00,95%回收温度,延化140万吨/年柴油精制装置
864.4,ST040042,<p>kg/m<sup>3</sup></p>,2025-10-13 20:00:00,密度ρ20,延化140万吨/年柴油精制装置
323.7,ST040042,℃,2025-10-14 20:00:00,90%回收温度,延化140万吨/年柴油精制装置
192.6,ST040042,℃,2025-10-14 20:00:00,初馏点,延化140万吨/年柴油精制装置
218.2,ST040042,℃,2025-10-14 20:00:00,10%回收温度,延化140万吨/年柴油精制装置
258.7,ST040042,℃,2025-10-14 20:00:00,50%回收温度,延化140万吨/年柴油精制装置
343.7,ST040042,℃,2025-10-14 20:00:00,95%回收温度,延化140万吨/年柴油精制装置
81.0,ST040042,℃,2025-10-14 20:00:00,闪点(闭口),延化140万吨/年柴油精制装置
865.0,ST040042,<p>kg/m<sup>3</sup></p>,2025-10-14 20:00:00,密度ρ20,延化140万吨/年柴油精制装置
3.00,ST040042,<p>ppm</p>,2025-10-14 20:00:00,硫含量,延化140万吨/年柴油精制装置
<-19,ST040042,℃,2025-10-14 20:00:00,冷滤点,延化140万吨/年柴油精制装置
40,ST040042,,2025-10-14 20:00:00,十六烷指数,延化140万吨/年柴油精制装置
<-26,ST040042,℃,2025-10-14 20:00:00,凝点,延化140万吨/年柴油精制装置
327.7,ST040042,℃,2025-10-15 20:00:00,90%回收温度,延化140万吨/年柴油精制装置
39,ST040042,,2025-10-15 20:00:00,十六烷指数,延化140万吨/年柴油精制装置
82.0,ST040042,℃,2025-10-15 20:00:00,闪点(闭口),延化140万吨/年柴油精制装置
<-19,ST040042,℃,2025-10-15 20:00:00,冷滤点,延化140万吨/年柴油精制装置
<-26,ST040042,℃,2025-10-15 20:00:00,凝点,延化140万吨/年柴油精制装置
347.8,ST040042,℃,2025-10-15 20:00:00,95%回收温度,延化140万吨/年柴油精制装置
3.00,ST040042,<p>ppm</p>,2025-10-15 20:00:00,硫含量,延化140万吨/年柴油精制装置
195.6,ST040042,℃,2025-10-15 20:00:00,初馏点,延化140万吨/年柴油精制装置
220.7,ST040042,℃,2025-10-15 20:00:00,10%回收温度,延化140万吨/年柴油精制装置
260.7,ST040042,℃,2025-10-15 20:00:00,50%回收温度,延化140万吨/年柴油精制装置
869.2,ST040042,<p>kg/m<sup>3</sup></p>,2025-10-15 20:00:00,密度ρ20,延化140万吨/年柴油精制装置
<-19,ST040042,℃,2025-10-16 20:00:00,冷滤点,延化140万吨/年柴油精制装置
<-26,ST040042,℃,2025-10-16 20:00:00,凝点,延化140万吨/年柴油精制装置
867.2,ST040042,<p>kg/m<sup>3</sup></p>,2025-10-16 20:00:00,密度ρ20,延化140万吨/年柴油精制装置
3.00,ST040042,<p>ppm</p>,2025-10-16 20:00:00,硫含量,延化140万吨/年柴油精制装置
39,ST040042,,2025-10-16 20:00:00,十六烷指数,延化140万吨/年柴油精制装置
347.2,ST040042,℃,2025-10-16 20:00:00,95%回收温度,延化140万吨/年柴油精制装置
194.8,ST040042,℃,2025-10-16 20:00:00,初馏点,延化140万吨/年柴油精制装置
219.7,ST040042,℃,2025-10-16 20:00:00,10%回收温度,延化140万吨/年柴油精制装置
260.0,ST040042,℃,2025-10-16 20:00:00,50%回收温度,延化140万吨/年柴油精制装置
327.1,ST040042,℃,2025-10-16 20:00:00,90%回收温度,延化140万吨/年柴油精制装置
82.0,ST040042,℃,2025-10-16 20:00:00,闪点(闭口),延化140万吨/年柴油精制装置
260.6,ST040042,℃,2025-10-17 20:00:00,50%回收温度,延化140万吨/年柴油精制装置
40,ST040042,,2025-10-17 20:00:00,十六烷指数,延化140万吨/年柴油精制装置
82.0,ST040042,℃,2025-10-17 20:00:00,闪点(闭口),延化140万吨/年柴油精制装置
195.1,ST040042,℃,2025-10-17 20:00:00,初馏点,延化140万吨/年柴油精制装置
220.0,ST040042,℃,2025-10-17 20:00:00,10%回收温度,延化140万吨/年柴油精制装置
866.0,ST040042,<p>kg/m<sup>3</sup></p>,2025-10-17 20:00:00,密度ρ20,延化140万吨/年柴油精制装置
347.4,ST040042,℃,2025-10-17 20:00:00,95%回收温度,延化140万吨/年柴油精制装置
3.00,ST040042,<p>ppm</p>,2025-10-17 20:00:00,硫含量,延化140万吨/年柴油精制装置
<-19,ST040042,℃,2025-10-17 20:00:00,冷滤点,延化140万吨/年柴油精制装置
<-26,ST040042,℃,2025-10-17 20:00:00,凝点,延化140万吨/年柴油精制装置
327.5,ST040042,℃,2025-10-17 20:00:00,90%回收温度,延化140万吨/年柴油精制装置
40,ST040042,,2025-10-18 20:00:00,十六烷指数,延化140万吨/年柴油精制装置
81.0,ST040042,℃,2025-10-18 20:00:00,闪点(闭口),延化140万吨/年柴油精制装置
194.1,ST040042,℃,2025-10-18 20:00:00,初馏点,延化140万吨/年柴油精制装置
219.7,ST040042,℃,2025-10-18 20:00:00,10%回收温度,延化140万吨/年柴油精制装置
260.0,ST040042,℃,2025-10-18 20:00:00,50%回收温度,延化140万吨/年柴油精制装置
866.4,ST040042,<p>kg/m<sup>3</sup></p>,2025-10-18 20:00:00,密度ρ20,延化140万吨/年柴油精制装置
346.9,ST040042,℃,2025-10-18 20:00:00,95%回收温度,延化140万吨/年柴油精制装置
8.00,ST040042,<p>ppm</p>,2025-10-18 20:00:00,硫含量,延化140万吨/年柴油精制装置
<-19,ST040042,℃,2025-10-18 20:00:00,冷滤点,延化140万吨/年柴油精制装置
<-26,ST040042,℃,2025-10-18 20:00:00,凝点,延化140万吨/年柴油精制装置
326.8,ST040042,℃,2025-10-18 20:00:00,90%回收温度,延化140万吨/年柴油精制装置
40,ST040042,,2025-10-19 20:00:00,十六烷指数,延化140万吨/年柴油精制装置
81.0,ST040042,℃,2025-10-19 20:00:00,闪点(闭口),延化140万吨/年柴油精制装置
326.9,ST040042,℃,2025-10-19 20:00:00,90%回收温度,延化140万吨/年柴油精制装置
<-26,ST040042,℃,2025-10-19 20:00:00,凝点,延化140万吨/年柴油精制装置
5.00,ST040042,<p>ppm</p>,2025-10-19 20:00:00,硫含量,延化140万吨/年柴油精制装置
347.0,ST040042,℃,2025-10-19 20:00:00,95%回收温度,延化140万吨/年柴油精制装置
866.1,ST040042,<p>kg/m<sup>3</sup></p>,2025-10-19 20:00:00,密度ρ20,延化140万吨/年柴油精制装置
195.1,ST040042,℃,2025-10-19 20:00:00,初馏点,延化140万吨/年柴油精制装置
220.0,ST040042,℃,2025-10-19 20:00:00,10%回收温度,延化140万吨/年柴油精制装置
259.9,ST040042,℃,2025-10-19 20:00:00,50%回收温度,延化140万吨/年柴油精制装置
<-19,ST040042,℃,2025-10-19 20:00:00,冷滤点,延化140万吨/年柴油精制装置
196.9,ST040042,℃,2025-10-20 20:00:00,初馏点,延化140万吨/年柴油精制装置
221.8,ST040042,℃,2025-10-20 20:00:00,10%回收温度,延化140万吨/年柴油精制装置
261.4,ST040042,℃,2025-10-20 20:00:00,50%回收温度,延化140万吨/年柴油精制装置
327.5,ST040042,℃,2025-10-20 20:00:00,90%回收温度,延化140万吨/年柴油精制装置
347.5,ST040042,℃,2025-10-20 20:00:00,95%回收温度,延化140万吨/年柴油精制装置
82.0,ST040042,℃,2025-10-20 20:00:00,闪点(闭口),延化140万吨/年柴油精制装置
<-26,ST040042,℃,2025-10-20 20:00:00,凝点,延化140万吨/年柴油精制装置
867.2,ST040042,<p>kg/m<sup>3</sup></p>,2025-10-20 20:00:00,密度ρ20,延化140万吨/年柴油精制装置
4.00,ST040042,<p>ppm</p>,2025-10-20 20:00:00,硫含量,延化140万吨/年柴油精制装置
40,ST040042,,2025-10-20 20:00:00,十六烷指数,延化140万吨/年柴油精制装置
<-19,ST040042,℃,2025-10-20 20:00:00,冷滤点,延化140万吨/年柴油精制装置
39,ST040042,,2025-10-21 20:00:00,十六烷指数,延化140万吨/年柴油精制装置
<-19,ST040042,℃,2025-10-21 20:00:00,冷滤点,延化140万吨/年柴油精制装置
<-26,ST040042,℃,2025-10-21 20:00:00,凝点,延化140万吨/年柴油精制装置
866.7,ST040042,<p>kg/m<sup>3</sup></p>,2025-10-21 20:00:00,密度ρ20,延化140万吨/年柴油精制装置
3.00,ST040042,<p>ppm</p>,2025-10-21 20:00:00,硫含量,延化140万吨/年柴油精制装置
346.7,ST040042,℃,2025-10-21 20:00:00,95%回收温度,延化140万吨/年柴油精制装置
194.5,ST040042,℃,2025-10-21 20:00:00,初馏点,延化140万吨/年柴油精制装置
219.5,ST040042,℃,2025-10-21 20:00:00,10%回收温度,延化140万吨/年柴油精制装置
259.5,ST040042,℃,2025-10-21 20:00:00,50%回收温度,延化140万吨/年柴油精制装置
326.5,ST040042,℃,2025-10-21 20:00:00,90%回收温度,延化140万吨/年柴油精制装置
81.0,ST040042,℃,2025-10-21 20:00:00,闪点(闭口),延化140万吨/年柴油精制装置
5.00,ST040042,<p>ppm</p>,2025-10-22 20:00:00,硫含量,延化140万吨/年柴油精制装置
<-19,ST040042,℃,2025-10-22 20:00:00,冷滤点,延化140万吨/年柴油精制装置
<-26,ST040042,℃,2025-10-22 20:00:00,凝点,延化140万吨/年柴油精制装置
865.2,ST040042,<p>kg/m<sup>3</sup></p>,2025-10-22 20:00:00,密度ρ20,延化140万吨/年柴油精制装置
40,ST040042,,2025-10-22 20:00:00,十六烷指数,延化140万吨/年柴油精制装置
346.3,ST040042,℃,2025-10-22 20:00:00,95%回收温度,延化140万吨/年柴油精制装置
195.1,ST040042,℃,2025-10-22 20:00:00,初馏点,延化140万吨/年柴油精制装置
218.1,ST040042,℃,2025-10-22 20:00:00,10%回收温度,延化140万吨/年柴油精制装置
258.3,ST040042,℃,2025-10-22 20:00:00,50%回收温度,延化140万吨/年柴油精制装置
326.1,ST040042,℃,2025-10-22 20:00:00,90%回收温度,延化140万吨/年柴油精制装置
82.0,ST040042,℃,2025-10-22 20:00:00,闪点(闭口),延化140万吨/年柴油精制装置
325.7,ST040042,℃,2025-10-23 20:00:00,90%回收温度,延化140万吨/年柴油精制装置
195.5,ST040042,℃,2025-10-23 20:00:00,初馏点,延化140万吨/年柴油精制装置
218.5,ST040042,℃,2025-10-23 20:00:00,10%回收温度,延化140万吨/年柴油精制装置
258.6,ST040042,℃,2025-10-23 20:00:00,50%回收温度,延化140万吨/年柴油精制装置
345.8,ST040042,℃,2025-10-23 20:00:00,95%回收温度,延化140万吨/年柴油精制装置
-19,ST040042,℃,2025-10-23 20:00:00,冷滤点,延化140万吨/年柴油精制装置
40,ST040042,,2025-10-23 20:00:00,十六烷指数,延化140万吨/年柴油精制装置
-25,ST040042,℃,2025-10-23 20:00:00,凝点,延化140万吨/年柴油精制装置
864.2,ST040042,<p>kg/m<sup>3</sup></p>,2025-10-23 20:00:00,密度ρ20,延化140万吨/年柴油精制装置
4.00,ST040042,<p>ppm</p>,2025-10-23 20:00:00,硫含量,延化140万吨/年柴油精制装置
81.0,ST040042,℃,2025-10-23 20:00:00,闪点(闭口),延化140万吨/年柴油精制装置
258.7,ST040042,℃,2025-10-24 20:00:00,50%回收温度,延化140万吨/年柴油精制装置
325.3,ST040042,℃,2025-10-24 20:00:00,90%回收温度,延化140万吨/年柴油精制装置
345.0,ST040042,℃,2025-10-24 20:00:00,95%回收温度,延化140万吨/年柴油精制装置
<-19,ST040042,℃,2025-10-24 20:00:00,冷滤点,延化140万吨/年柴油精制装置
-26,ST040042,℃,2025-10-24 20:00:00,凝点,延化140万吨/年柴油精制装置
219.0,ST040042,℃,2025-10-24 20:00:00,10%回收温度,延化140万吨/年柴油精制装置
4.00,ST040042,<p>ppm</p>,2025-10-24 20:00:00,硫含量,延化140万吨/年柴油精制装置
39,ST040042,,2025-10-24 20:00:00,十六烷指数,延化140万吨/年柴油精制装置
81.0,ST040042,℃,2025-10-24 20:00:00,闪点(闭口),延化140万吨/年柴油精制装置
193.2,ST040042,℃,2025-10-24 20:00:00,初馏点,延化140万吨/年柴油精制装置
866.4,ST040042,<p>kg/m<sup>3</sup></p>,2025-10-24 20:00:00,密度ρ20,延化140万吨/年柴油精制装置
<-26,ST040042,℃,2025-10-25 12:30:00,凝点,延化140万吨/年柴油精制装置
<-19,ST040042,℃,2025-10-25 12:30:00,冷滤点,延化140万吨/年柴油精制装置
39,ST040042,,2025-10-25 12:30:00,十六烷指数,延化140万吨/年柴油精制装置
344.6,ST040042,℃,2025-10-25 12:30:00,95%回收温度,延化140万吨/年柴油精制装置
259.8,ST040042,℃,2025-10-25 12:30:00,50%回收温度,延化140万吨/年柴油精制装置
79.0,ST040042,℃,2025-10-25 12:30:00,闪点(闭口),延化140万吨/年柴油精制装置
5.00,ST040042,<p>ppm</p>,2025-10-25 12:30:00,硫含量,延化140万吨/年柴油精制装置
868.0,ST040042,<p>kg/m<sup>3</sup></p>,2025-10-25 12:30:00,密度ρ20,延化140万吨/年柴油精制装置
194.0,ST040042,℃,2025-10-25 12:30:00,初馏点,延化140万吨/年柴油精制装置
325.1,ST040042,℃,2025-10-25 12:30:00,90%回收温度,延化140万吨/年柴油精制装置
220.3,ST040042,℃,2025-10-25 12:30:00,10%回收温度,延化140万吨/年柴油精制装置
342.6,ST040042,℃,2025-10-25 20:00:00,95%回收温度,延化140万吨/年柴油精制装置
323.1,ST040042,℃,2025-10-25 20:00:00,90%回收温度,延化140万吨/年柴油精制装置
257.0,ST040042,℃,2025-10-25 20:00:00,50%回收温度,延化140万吨/年柴油精制装置
218.5,ST040042,℃,2025-10-25 20:00:00,10%回收温度,延化140万吨/年柴油精制装置
194.0,ST040042,℃,2025-10-25 20:00:00,初馏点,延化140万吨/年柴油精制装置
80.0,ST040042,℃,2025-10-25 20:00:00,闪点(闭口),延化140万吨/年柴油精制装置
5.00,ST040042,<p>ppm</p>,2025-10-25 20:00:00,硫含量,延化140万吨/年柴油精制装置
869.0,ST040042,<p>kg/m<sup>3</sup></p>,2025-10-25 20:00:00,密度ρ20,延化140万吨/年柴油精制装置
<-26,ST040042,℃,2025-10-25 20:00:00,凝点,延化140万吨/年柴油精制装置
38,ST040042,,2025-10-25 20:00:00,十六烷指数,延化140万吨/年柴油精制装置
<-19,ST040042,℃,2025-10-25 20:00:00,冷滤点,延化140万吨/年柴油精制装置
257.6,ST040042,℃,2025-10-26 20:00:00,50%回收温度,延化140万吨/年柴油精制装置
196.7,ST040042,℃,2025-10-26 20:00:00,初馏点,延化140万吨/年柴油精制装置
220.0,ST040042,℃,2025-10-26 20:00:00,10%回收温度,延化140万吨/年柴油精制装置
323.5,ST040042,℃,2025-10-26 20:00:00,90%回收温度,延化140万吨/年柴油精制装置
342.7,ST040042,℃,2025-10-26 20:00:00,95%回收温度,延化140万吨/年柴油精制装置
871.0,ST040042,<p>kg/m<sup>3</sup></p>,2025-10-26 20:00:00,密度ρ20,延化140万吨/年柴油精制装置
<-26,ST040042,℃,2025-10-26 20:00:00,凝点,延化140万吨/年柴油精制装置
5.00,ST040042,<p>ppm</p>,2025-10-26 20:00:00,硫含量,延化140万吨/年柴油精制装置
38,ST040042,,2025-10-26 20:00:00,十六烷指数,延化140万吨/年柴油精制装置
82.0,ST040042,℃,2025-10-26 20:00:00,闪点(闭口),延化140万吨/年柴油精制装置
<-19,ST040042,℃,2025-10-26 20:00:00,冷滤点,延化140万吨/年柴油精制装置
5.00,ST040042,<p>ppm</p>,2025-10-27 20:00:00,硫含量,延化140万吨/年柴油精制装置
38,ST040042,,2025-10-27 20:00:00,十六烷指数,延化140万吨/年柴油精制装置
82.0,ST040042,℃,2025-10-27 20:00:00,闪点(闭口),延化140万吨/年柴油精制装置
869.9,ST040042,<p>kg/m<sup>3</sup></p>,2025-10-27 20:00:00,密度ρ20,延化140万吨/年柴油精制装置
322.5,ST040042,℃,2025-10-27 20:00:00,90%回收温度,延化140万吨/年柴油精制装置
<-26,ST040042,℃,2025-10-27 20:00:00,凝点,延化140万吨/年柴油精制装置
218.8,ST040042,℃,2025-10-27 20:00:00,10%回收温度,延化140万吨/年柴油精制装置
256.8,ST040042,℃,2025-10-27 20:00:00,50%回收温度,延化140万吨/年柴油精制装置
342.0,ST040042,℃,2025-10-27 20:00:00,95%回收温度,延化140万吨/年柴油精制装置
<-19,ST040042,℃,2025-10-27 20:00:00,冷滤点,延化140万吨/年柴油精制装置
195.4,ST040042,℃,2025-10-27 20:00:00,初馏点,延化140万吨/年柴油精制装置
37,ST040042,,2025-10-28 20:00:00,十六烷指数,延化140万吨/年柴油精制装置
870.8,ST040042,<p>kg/m<sup>3</sup></p>,2025-10-28 20:00:00,密度ρ20,延化140万吨/年柴油精制装置
5.00,ST040042,<p>ppm</p>,2025-10-28 20:00:00,硫含量,延化140万吨/年柴油精制装置
82.0,ST040042,℃,2025-10-28 20:00:00,闪点(闭口),延化140万吨/年柴油精制装置
<-19,ST040042,℃,2025-10-28 20:00:00,冷滤点,延化140万吨/年柴油精制装置
339.9,ST040042,℃,2025-10-28 20:00:00,95%回收温度,延化140万吨/年柴油精制装置
195.5,ST040042,℃,2025-10-28 20:00:00,初馏点,延化140万吨/年柴油精制装置
218.5,ST040042,℃,2025-10-28 20:00:00,10%回收温度,延化140万吨/年柴油精制装置
255.4,ST040042,℃,2025-10-28 20:00:00,50%回收温度,延化140万吨/年柴油精制装置
320.2,ST040042,℃,2025-10-28 20:00:00,90%回收温度,延化140万吨/年柴油精制装置
<-26,ST040042,℃,2025-10-28 20:00:00,凝点,延化140万吨/年柴油精制装置
318.9,ST040042,℃,2025-10-29 20:00:00,90%回收温度,延化140万吨/年柴油精制装置
195.5,ST040042,℃,2025-10-29 20:00:00,初馏点,延化140万吨/年柴油精制装置
218.3,ST040042,℃,2025-10-29 20:00:00,10%回收温度,延化140万吨/年柴油精制装置
254.6,ST040042,℃,2025-10-29 20:00:00,50%回收温度,延化140万吨/年柴油精制装置
339.2,ST040042,℃,2025-10-29 20:00:00,95%回收温度,延化140万吨/年柴油精制装置
5.00,ST040042,<p>ppm</p>,2025-10-29 20:00:00,硫含量,延化140万吨/年柴油精制装置
82.0,ST040042,℃,2025-10-29 20:00:00,闪点(闭口),延化140万吨/年柴油精制装置
<-19,ST040042,℃,2025-10-29 20:00:00,冷滤点,延化140万吨/年柴油精制装置
<-26,ST040042,℃,2025-10-29 20:00:00,凝点,延化140万吨/年柴油精制装置
872.8,ST040042,<p>kg/m<sup>3</sup></p>,2025-10-29 20:00:00,密度ρ20,延化140万吨/年柴油精制装置
36,ST040042,,2025-10-29 20:00:00,十六烷指数,延化140万吨/年柴油精制装置
320.1,ST040042,℃,2025-10-30 20:00:00,90%回收温度,延化140万吨/年柴油精制装置
195.4,ST040042,℃,2025-10-30 20:00:00,初馏点,延化140万吨/年柴油精制装置
218.7,ST040042,℃,2025-10-30 20:00:00,10%回收温度,延化140万吨/年柴油精制装置
255.5,ST040042,℃,2025-10-30 20:00:00,50%回收温度,延化140万吨/年柴油精制装置
340.2,ST040042,℃,2025-10-30 20:00:00,95%回收温度,延化140万吨/年柴油精制装置
83.0,ST040042,℃,2025-10-30 20:00:00,闪点(闭口),延化140万吨/年柴油精制装置
<-26,ST040042,℃,2025-10-30 20:00:00,凝点,延化140万吨/年柴油精制装置
873.1,ST040042,<p>kg/m<sup>3</sup></p>,2025-10-30 20:00:00,密度ρ20,延化140万吨/年柴油精制装置
5.00,ST040042,<p>ppm</p>,2025-10-30 20:00:00,硫含量,延化140万吨/年柴油精制装置
37,ST040042,,2025-10-30 20:00:00,十六烷指数,延化140万吨/年柴油精制装置
<-19,ST040042,℃,2025-10-30 20:00:00,冷滤点,延化140万吨/年柴油精制装置
4.00,ST040042,<p>ppm</p>,2025-10-31 20:00:00,硫含量,延化140万吨/年柴油精制装置
<-19,ST040042,℃,2025-10-31 20:00:00,冷滤点,延化140万吨/年柴油精制装置
<-26,ST040042,℃,2025-10-31 20:00:00,凝点,延化140万吨/年柴油精制装置
872.0,ST040042,<p>kg/m<sup>3</sup></p>,2025-10-31 20:00:00,密度ρ20,延化140万吨/年柴油精制装置
36,ST040042,,2025-10-31 20:00:00,十六烷指数,延化140万吨/年柴油精制装置
338.7,ST040042,℃,2025-10-31 20:00:00,95%回收温度,延化140万吨/年柴油精制装置
194.7,ST040042,℃,2025-10-31 20:00:00,初馏点,延化140万吨/年柴油精制装置
217.5,ST040042,℃,2025-10-31 20:00:00,10%回收温度,延化140万吨/年柴油精制装置
253.9,ST040042,℃,2025-10-31 20:00:00,50%回收温度,延化140万吨/年柴油精制装置
318.2,ST040042,℃,2025-10-31 20:00:00,90%回收温度,延化140万吨/年柴油精制装置
80.0,ST040042,℃,2025-10-31 20:00:00,闪点(闭口),延化140万吨/年柴油精制装置
871.2,ST040042,<p>kg/m<sup>3</sup></p>,2025-11-01 20:00:00,密度ρ20,延化140万吨/年柴油精制装置
196.3,ST040042,℃,2025-11-01 20:00:00,初馏点,延化140万吨/年柴油精制装置
<-19,ST040042,℃,2025-11-01 20:00:00,冷滤点,延化140万吨/年柴油精制装置
<-26,ST040042,℃,2025-11-01 20:00:00,凝点,延化140万吨/年柴油精制装置
3.00,ST040042,<p>ppm</p>,2025-11-01 20:00:00,硫含量,延化140万吨/年柴油精制装置
218.3,ST040042,℃,2025-11-01 20:00:00,10%回收温度,延化140万吨/年柴油精制装置
256.6,ST040042,℃,2025-11-01 20:00:00,50%回收温度,延化140万吨/年柴油精制装置
320.8,ST040042,℃,2025-11-01 20:00:00,90%回收温度,延化140万吨/年柴油精制装置
339.1,ST040042,℃,2025-11-01 20:00:00,95%回收温度,延化140万吨/年柴油精制装置
37,ST040042,,2025-11-01 20:00:00,十六烷指数,延化140万吨/年柴油精制装置
81.0,ST040042,℃,2025-11-01 20:00:00,闪点(闭口),延化140万吨/年柴油精制装置
316.5,ST040042,℃,2025-11-02 20:00:00,90%回收温度,延化140万吨/年柴油精制装置
872.4,ST040042,<p>kg/m<sup>3</sup></p>,2025-11-02 20:00:00,密度ρ20,延化140万吨/年柴油精制装置
80.0,ST040042,℃,2025-11-02 20:00:00,闪点(闭口),延化140万吨/年柴油精制装置
194.9,ST040042,℃,2025-11-02 20:00:00,初馏点,延化140万吨/年柴油精制装置
217.7,ST040042,℃,2025-11-02 20:00:00,10%回收温度,延化140万吨/年柴油精制装置
36,ST040042,,2025-11-02 20:00:00,十六烷指数,延化140万吨/年柴油精制装置
336.9,ST040042,℃,2025-11-02 20:00:00,95%回收温度,延化140万吨/年柴油精制装置
<-19,ST040042,℃,2025-11-02 20:00:00,冷滤点,延化140万吨/年柴油精制装置
<-26,ST040042,℃,2025-11-02 20:00:00,凝点,延化140万吨/年柴油精制装置
5.00,ST040042,<p>ppm</p>,2025-11-02 20:00:00,硫含量,延化140万吨/年柴油精制装置
253.4,ST040042,℃,2025-11-02 20:00:00,50%回收温度,延化140万吨/年柴油精制装置
872.2,ST040042,<p>kg/m<sup>3</sup></p>,2025-11-03 20:00:00,密度ρ20,延化140万吨/年柴油精制装置
5.00,ST040042,<p>ppm</p>,2025-11-03 20:00:00,硫含量,延化140万吨/年柴油精制装置
194.7,ST040042,℃,2025-11-03 20:00:00,初馏点,延化140万吨/年柴油精制装置
217.5,ST040042,℃,2025-11-03 20:00:00,10%回收温度,延化140万吨/年柴油精制装置
253.2,ST040042,℃,2025-11-03 20:00:00,50%回收温度,延化140万吨/年柴油精制装置
<-19,ST040042,℃,2025-11-03 20:00:00,冷滤点,延化140万吨/年柴油精制装置
336.4,ST040042,℃,2025-11-03 20:00:00,95%回收温度,延化140万吨/年柴油精制装置
36,ST040042,,2025-11-03 20:00:00,十六烷指数,延化140万吨/年柴油精制装置
76.0,ST040042,℃,2025-11-03 20:00:00,闪点(闭口),延化140万吨/年柴油精制装置
<-26,ST040042,℃,2025-11-03 20:00:00,凝点,延化140万吨/年柴油精制装置
316.1,ST040042,℃,2025-11-03 20:00:00,90%回收温度,延化140万吨/年柴油精制装置
3.00,ST040042,<p>ppm</p>,2025-11-04 20:00:00,硫含量,延化140万吨/年柴油精制装置
<-19,ST040042,℃,2025-11-04 20:00:00,冷滤点,延化140万吨/年柴油精制装置
<-26,ST040042,℃,2025-11-04 20:00:00,凝点,延化140万吨/年柴油精制装置
870.2,ST040042,<p>kg/m<sup>3</sup></p>,2025-11-04 20:00:00,密度ρ20,延化140万吨/年柴油精制装置
37,ST040042,,2025-11-04 20:00:00,十六烷指数,延化140万吨/年柴油精制装置
194.0,ST040042,℃,2025-11-04 20:00:00,初馏点,延化140万吨/年柴油精制装置
216.7,ST040042,℃,2025-11-04 20:00:00,10%回收温度,延化140万吨/年柴油精制装置
252.2,ST040042,℃,2025-11-04 20:00:00,50%回收温度,延化140万吨/年柴油精制装置
314.2,ST040042,℃,2025-11-04 20:00:00,90%回收温度,延化140万吨/年柴油精制装置
334.7,ST040042,℃,2025-11-04 20:00:00,95%回收温度,延化140万吨/年柴油精制装置
80.0,ST040042,℃,2025-11-04 20:00:00,闪点(闭口),延化140万吨/年柴油精制装置
81.0,ST040042,℃,2025-11-05 20:00:00,闪点(闭口),延化140万吨/年柴油精制装置
870.8,ST040042,<p>kg/m<sup>3</sup></p>,2025-11-05 20:00:00,密度ρ20,延化140万吨/年柴油精制装置
37,ST040042,,2025-11-05 20:00:00,十六烷指数,延化140万吨/年柴油精制装置
<-19,ST040042,℃,2025-11-05 20:00:00,冷滤点,延化140万吨/年柴油精制装置
<-26,ST040042,℃,2025-11-05 20:00:00,凝点,延化140万吨/年柴油精制装置
336.6,ST040042,℃,2025-11-05 20:00:00,95%回收温度,延化140万吨/年柴油精制装置
193.2,ST040042,℃,2025-11-05 20:00:00,初馏点,延化140万吨/年柴油精制装置
217.5,ST040042,℃,2025-11-05 20:00:00,10%回收温度,延化140万吨/年柴油精制装置
253.5,ST040042,℃,2025-11-05 20:00:00,50%回收温度,延化140万吨/年柴油精制装置
316.3,ST040042,℃,2025-11-05 20:00:00,90%回收温度,延化140万吨/年柴油精制装置
3.00,ST040042,<p>ppm</p>,2025-11-05 20:00:00,硫含量,延化140万吨/年柴油精制装置
194.1,ST040042,℃,2025-11-06 20:00:00,初馏点,延化140万吨/年柴油精制装置
217.3,ST040042,℃,2025-11-06 20:00:00,10%回收温度,延化140万吨/年柴油精制装置
253.6,ST040042,℃,2025-11-06 20:00:00,50%回收温度,延化140万吨/年柴油精制装置
317.2,ST040042,℃,2025-11-06 20:00:00,90%回收温度,延化140万吨/年柴油精制装置
337.5,ST040042,℃,2025-11-06 20:00:00,95%回收温度,延化140万吨/年柴油精制装置
82.0,ST040042,℃,2025-11-06 20:00:00,闪点(闭口),延化140万吨/年柴油精制装置
<-26,ST040042,℃,2025-11-06 20:00:00,凝点,延化140万吨/年柴油精制装置
870.5,ST040042,<p>kg/m<sup>3</sup></p>,2025-11-06 20:00:00,密度ρ20,延化140万吨/年柴油精制装置
3.00,ST040042,<p>ppm</p>,2025-11-06 20:00:00,硫含量,延化140万吨/年柴油精制装置
37,ST040042,,2025-11-06 20:00:00,十六烷指数,延化140万吨/年柴油精制装置
<-19,ST040042,℃,2025-11-06 20:00:00,冷滤点,延化140万吨/年柴油精制装置
868.9,ST040042,<p>kg/m<sup>3</sup></p>,2025-11-07 20:00:00,密度ρ20,延化140万吨/年柴油精制装置
83.0,ST040042,℃,2025-11-07 20:00:00,闪点(闭口),延化140万吨/年柴油精制装置
194.0,ST040042,℃,2025-11-07 20:00:00,初馏点,延化140万吨/年柴油精制装置
216.0,ST040042,℃,2025-11-07 20:00:00,10%回收温度,延化140万吨/年柴油精制装置
252.0,ST040042,℃,2025-11-07 20:00:00,50%回收温度,延化140万吨/年柴油精制装置
<-26,ST040042,℃,2025-11-07 20:00:00,凝点,延化140万吨/年柴油精制装置
334.0,ST040042,℃,2025-11-07 20:00:00,95%回收温度,延化140万吨/年柴油精制装置
37,ST040042,,2025-11-07 20:00:00,十六烷指数,延化140万吨/年柴油精制装置
4.00,ST040042,<p>ppm</p>,2025-11-07 20:00:00,硫含量,延化140万吨/年柴油精制装置
<-19,ST040042,℃,2025-11-07 20:00:00,冷滤点,延化140万吨/年柴油精制装置
318.0,ST040042,℃,2025-11-07 20:00:00,90%回收温度,延化140万吨/年柴油精制装置
36,ST040042,,2025-11-08 20:00:00,十六烷指数,延化140万吨/年柴油精制装置
<-19,ST040042,℃,2025-11-08 20:00:00,冷滤点,延化140万吨/年柴油精制装置
<-26,ST040042,℃,2025-11-08 20:00:00,凝点,延化140万吨/年柴油精制装置
869.7,ST040042,<p>kg/m<sup>3</sup></p>,2025-11-08 20:00:00,密度ρ20,延化140万吨/年柴油精制装置
3.00,ST040042,<p>ppm</p>,2025-11-08 20:00:00,硫含量,延化140万吨/年柴油精制装置
332.5,ST040042,℃,2025-11-08 20:00:00,95%回收温度,延化140万吨/年柴油精制装置
192.5,ST040042,℃,2025-11-08 20:00:00,初馏点,延化140万吨/年柴油精制装置
215.0,ST040042,℃,2025-11-08 20:00:00,10%回收温度,延化140万吨/年柴油精制装置
249.9,ST040042,℃,2025-11-08 20:00:00,50%回收温度,延化140万吨/年柴油精制装置
311.6,ST040042,℃,2025-11-08 20:00:00,90%回收温度,延化140万吨/年柴油精制装置
82.0,ST040042,℃,2025-11-08 20:00:00,闪点(闭口),延化140万吨/年柴油精制装置
314.7,ST040042,℃,2025-11-09 20:00:00,90%回收温度,延化140万吨/年柴油精制装置
193.4,ST040042,℃,2025-11-09 20:00:00,初馏点,延化140万吨/年柴油精制装置
215.5,ST040042,℃,2025-11-09 20:00:00,10%回收温度,延化140万吨/年柴油精制装置
251.9,ST040042,℃,2025-11-09 20:00:00,50%回收温度,延化140万吨/年柴油精制装置
867.9,ST040042,<p>kg/m<sup>3</sup></p>,2025-11-09 20:00:00,密度ρ20,延化140万吨/年柴油精制装置
80.0,ST040042,℃,2025-11-09 20:00:00,闪点(闭口),延化140万吨/年柴油精制装置
<-19,ST040042,℃,2025-11-09 20:00:00,冷滤点,延化140万吨/年柴油精制装置
<-26,ST040042,℃,2025-11-09 20:00:00,凝点,延化140万吨/年柴油精制装置
2.00,ST040042,<p>ppm</p>,2025-11-09 20:00:00,硫含量,延化140万吨/年柴油精制装置
52,ST040042,,2025-11-09 20:00:00,十六烷指数,延化140万吨/年柴油精制装置
336.1,ST040042,℃,2025-11-09 20:00:00,95%回收温度,延化140万吨/年柴油精制装置
316.0,ST040042,℃,2025-11-10 20:00:00,90%回收温度,延化140万吨/年柴油精制装置
192.8,ST040042,℃,2025-11-10 20:00:00,初馏点,延化140万吨/年柴油精制装置
215.1,ST040042,℃,2025-11-10 20:00:00,10%回收温度,延化140万吨/年柴油精制装置
252.5,ST040042,℃,2025-11-10 20:00:00,50%回收温度,延化140万吨/年柴油精制装置
337.4,ST040042,℃,2025-11-10 20:00:00,95%回收温度,延化140万吨/年柴油精制装置
84.0,ST040042,℃,2025-11-10 20:00:00,闪点(闭口),延化140万吨/年柴油精制装置
<-26,ST040042,℃,2025-11-10 20:00:00,凝点,延化140万吨/年柴油精制装置
865.7,ST040042,<p>kg/m<sup>3</sup></p>,2025-11-10 20:00:00,密度ρ20,延化140万吨/年柴油精制装置
3.00,ST040042,<p>ppm</p>,2025-11-10 20:00:00,硫含量,延化140万吨/年柴油精制装置
38,ST040042,,2025-11-10 20:00:00,十六烷指数,延化140万吨/年柴油精制装置
<-19,ST040042,℃,2025-11-10 20:00:00,冷滤点,延化140万吨/年柴油精制装置
3.00,ST040042,<p>ppm</p>,2025-11-11 20:00:00,硫含量,延化140万吨/年柴油精制装置
<-19,ST040042,℃,2025-11-11 20:00:00,冷滤点,延化140万吨/年柴油精制装置
<-26,ST040042,℃,2025-11-11 20:00:00,凝点,延化140万吨/年柴油精制装置
864.4,ST040042,<p>kg/m<sup>3</sup></p>,2025-11-11 20:00:00,密度ρ20,延化140万吨/年柴油精制装置
39,ST040042,,2025-11-11 20:00:00,十六烷指数,延化140万吨/年柴油精制装置
338.5,ST040042,℃,2025-11-11 20:00:00,95%回收温度,延化140万吨/年柴油精制装置
194.1,ST040042,℃,2025-11-11 20:00:00,初馏点,延化140万吨/年柴油精制装置
216.9,ST040042,℃,2025-11-11 20:00:00,10%回收温度,延化140万吨/年柴油精制装置
254.5,ST040042,℃,2025-11-11 20:00:00,50%回收温度,延化140万吨/年柴油精制装置
317.7,ST040042,℃,2025-11-11 20:00:00,90%回收温度,延化140万吨/年柴油精制装置
83.0,ST040042,℃,2025-11-11 20:00:00,闪点(闭口),延化140万吨/年柴油精制装置
78.0,ST040042,℃,2025-11-12 20:00:00,闪点(闭口),延化140万吨/年柴油精制装置
<-19,ST040042,℃,2025-11-12 20:00:00,冷滤点,延化140万吨/年柴油精制装置
<-26,ST040042,℃,2025-11-12 20:00:00,凝点,延化140万吨/年柴油精制装置
318.2,ST040042,℃,2025-11-12 20:00:00,90%回收温度,延化140万吨/年柴油精制装置
194.8,ST040042,℃,2025-11-12 20:00:00,初馏点,延化140万吨/年柴油精制装置
39,ST040042,,2025-11-12 20:00:00,十六烷指数,延化140万吨/年柴油精制装置
255.2,ST040042,℃,2025-11-12 20:00:00,50%回收温度,延化140万吨/年柴油精制装置
339.0,ST040042,℃,2025-11-12 20:00:00,95%回收温度,延化140万吨/年柴油精制装置
864.3,ST040042,<p>kg/m<sup>3</sup></p>,2025-11-12 20:00:00,密度ρ20,延化140万吨/年柴油精制装置
3.00,ST040042,<p>ppm</p>,2025-11-12 20:00:00,硫含量,延化140万吨/年柴油精制装置
218.0,ST040042,℃,2025-11-12 20:00:00,10%回收温度,延化140万吨/年柴油精制装置
863.4,ST040042,<p>kg/m<sup>3</sup></p>,2025-11-13 20:00:00,密度ρ20,延化140万吨/年柴油精制装置
2.00,ST040042,<p>ppm</p>,2025-11-13 20:00:00,硫含量,延化140万吨/年柴油精制装置
39,ST040042,,2025-11-13 20:00:00,十六烷指数,延化140万吨/年柴油精制装置
80.0,ST040042,℃,2025-11-13 20:00:00,闪点(闭口),延化140万吨/年柴油精制装置
195.4,ST040042,℃,2025-11-13 20:00:00,初馏点,延化140万吨/年柴油精制装置
<-26,ST040042,℃,2025-11-13 20:00:00,凝点,延化140万吨/年柴油精制装置
318.1,ST040042,℃,2025-11-13 20:00:00,90%回收温度,延化140万吨/年柴油精制装置
338.7,ST040042,℃,2025-11-13 20:00:00,95%回收温度,延化140万吨/年柴油精制装置
218.4,ST040042,℃,2025-11-13 20:00:00,10%回收温度,延化140万吨/年柴油精制装置
<-19,ST040042,℃,2025-11-13 20:00:00,冷滤点,延化140万吨/年柴油精制装置
255.9,ST040042,℃,2025-11-13 20:00:00,50%回收温度,延化140万吨/年柴油精制装置
39,ST040042,,2025-11-16 00:00:00,十六烷指数,延化140万吨/年柴油精制装置
194.5,ST040042,℃,2025-11-16 00:00:00,初馏点,延化140万吨/年柴油精制装置
220.5,ST040042,℃,2025-11-16 00:00:00,10%回收温度,延化140万吨/年柴油精制装置
254.0,ST040042,℃,2025-11-16 00:00:00,50%回收温度,延化140万吨/年柴油精制装置
318.5,ST040042,℃,2025-11-16 00:00:00,90%回收温度,延化140万吨/年柴油精制装置
80.0,ST040042,℃,2025-11-16 00:00:00,闪点(闭口),延化140万吨/年柴油精制装置
863.4,ST040042,<p>kg/m<sup>3</sup></p>,2025-11-16 00:00:00,密度ρ20,延化140万吨/年柴油精制装置
<-26,ST040042,℃,2025-11-16 00:00:00,凝点,延化140万吨/年柴油精制装置
<-19,ST040042,℃,2025-11-16 00:00:00,冷滤点,延化140万吨/年柴油精制装置
3.00,ST040042,<p>ppm</p>,2025-11-16 00:00:00,硫含量,延化140万吨/年柴油精制装置
1,ST040042,级,2025-11-16 00:00:00,铜片腐蚀(50℃，3h),延化140万吨/年柴油精制装置
336.5,ST040042,℃,2025-11-16 00:00:00,95%回收温度,延化140万吨/年柴油精制装置
39,ST040042,,2025-11-16 02:00:00,十六烷指数,延化140万吨/年柴油精制装置
196.5,ST040042,℃,2025-11-16 02:00:00,初馏点,延化140万吨/年柴油精制装置
218.5,ST040042,℃,2025-11-16 02:00:00,10%回收温度,延化140万吨/年柴油精制装置
313.5,ST040042,℃,2025-11-16 02:00:00,90%回收温度,延化140万吨/年柴油精制装置
333.5,ST040042,℃,2025-11-16 02:00:00,95%回收温度,延化140万吨/年柴油精制装置
2.00,ST040042,<p>ppm</p>,2025-11-16 02:00:00,硫含量,延化140万吨/年柴油精制装置
864.9,ST040042,<p>kg/m<sup>3</sup></p>,2025-11-16 02:00:00,密度ρ20,延化140万吨/年柴油精制装置
<-26,ST040042,℃,2025-11-16 02:00:00,凝点,延化140万吨/年柴油精制装置
<-19,ST040042,℃,2025-11-16 02:00:00,冷滤点,延化140万吨/年柴油精制装置
80.0,ST040042,℃,2025-11-16 02:00:00,闪点(闭口),延化140万吨/年柴油精制装置
1,ST040042,级,2025-11-16 02:00:00,铜片腐蚀(50℃，3h),延化140万吨/年柴油精制装置
251.0,ST040042,℃,2025-11-16 02:00:00,50%回收温度,延化140万吨/年柴油精制装置
310.5,ST040042,℃,2025-11-16 07:00:00,90%回收温度,延化140万吨/年柴油精制装置
865.0,ST040042,<p>kg/m<sup>3</sup></p>,2025-11-16 07:00:00,密度ρ20,延化140万吨/年柴油精制装置
<-26,ST040042,℃,2025-11-16 07:00:00,凝点,延化140万吨/年柴油精制装置
<-19,ST040042,℃,2025-11-16 07:00:00,冷滤点,延化140万吨/年柴油精制装置
78.0,ST040042,℃,2025-11-16 07:00:00,闪点(闭口),延化140万吨/年柴油精制装置
38,ST040042,,2025-11-16 07:00:00,十六烷指数,延化140万吨/年柴油精制装置
192.5,ST040042,℃,2025-11-16 07:00:00,初馏点,延化140万吨/年柴油精制装置
216.5,ST040042,℃,2025-11-16 07:00:00,10%回收温度,延化140万吨/年柴油精制装置
250.0,ST040042,℃,2025-11-16 07:00:00,50%回收温度,延化140万吨/年柴油精制装置
330.5,ST040042,℃,2025-11-16 07:00:00,95%回收温度,延化140万吨/年柴油精制装置
2.00,ST040042,<p>ppm</p>,2025-11-16 07:00:00,硫含量,延化140万吨/年柴油精制装置
3.00,ST040042,<p>ppm</p>,2025-11-16 09:44:00,硫含量,延化140万吨/年柴油精制装置
<-19,ST040042,℃,2025-11-16 09:44:00,冷滤点,延化140万吨/年柴油精制装置
335.6,ST040042,℃,2025-11-16 09:44:00,95%回收温度,延化140万吨/年柴油精制装置
313.9,ST040042,℃,2025-11-16 09:44:00,90%回收温度,延化140万吨/年柴油精制装置
252.2,ST040042,℃,2025-11-16 09:44:00,50%回收温度,延化140万吨/年柴油精制装置
<-26,ST040042,℃,2025-11-16 09:44:00,凝点,延化140万吨/年柴油精制装置
78.0,ST040042,℃,2025-11-16 09:44:00,闪点(闭口),延化140万吨/年柴油精制装置
38,ST040042,,2025-11-16 09:44:00,十六烷指数,延化140万吨/年柴油精制装置
865.4,ST040042,<p>kg/m<sup>3</sup></p>,2025-11-16 09:44:00,密度ρ20,延化140万吨/年柴油精制装置
193.0,ST040042,℃,2025-11-16 09:44:00,初馏点,延化140万吨/年柴油精制装置
215.6,ST040042,℃,2025-11-16 09:44:00,10%回收温度,延化140万吨/年柴油精制装置
<-26,ST040042,℃,2025-11-16 12:31:00,凝点,延化140万吨/年柴油精制装置
2.00,ST040042,<p>ppm</p>,2025-11-16 12:31:00,硫含量,延化140万吨/年柴油精制装置
314.5,ST040042,℃,2025-11-16 12:31:00,90%回收温度,延化140万吨/年柴油精制装置
193.7,ST040042,℃,2025-11-16 12:31:00,初馏点,延化140万吨/年柴油精制装置
216.6,ST040042,℃,2025-11-16 12:31:00,10%回收温度,延化140万吨/年柴油精制装置
253.1,ST040042,℃,2025-11-16 12:31:00,50%回收温度,延化140万吨/年柴油精制装置
336.1,ST040042,℃,2025-11-16 12:31:00,95%回收温度,延化140万吨/年柴油精制装置
865.5,ST040042,<p>kg/m<sup>3</sup></p>,2025-11-16 12:31:00,密度ρ20,延化140万吨/年柴油精制装置
38,ST040042,,2025-11-16 12:31:00,十六烷指数,延化140万吨/年柴油精制装置
78.0,ST040042,℃,2025-11-16 12:31:00,闪点(闭口),延化140万吨/年柴油精制装置
<-19,ST040042,℃,2025-11-16 12:31:00,冷滤点,延化140万吨/年柴油精制装置
<-19,ST040042,℃,2025-11-16 20:00:00,冷滤点,延化140万吨/年柴油精制装置
<-26,ST040042,℃,2025-11-16 20:00:00,凝点,延化140万吨/年柴油精制装置
2.00,ST040042,<p>ppm</p>,2025-11-16 20:00:00,硫含量,延化140万吨/年柴油精制装置
38,ST040042,,2025-11-16 20:00:00,十六烷指数,延化140万吨/年柴油精制装置
78.0,ST040042,℃,2025-11-16 20:00:00,闪点(闭口),延化140万吨/年柴油精制装置
865.2,ST040042,<p>kg/m<sup>3</sup></p>,2025-11-16 20:00:00,密度ρ20,延化140万吨/年柴油精制装置
217.3,ST040042,℃,2025-11-16 20:00:00,10%回收温度,延化140万吨/年柴油精制装置
254.1,ST040042,℃,2025-11-16 20:00:00,50%回收温度,延化140万吨/年柴油精制装置
314.7,ST040042,℃,2025-11-16 20:00:00,90%回收温度,延化140万吨/年柴油精制装置
335.7,ST040042,℃,2025-11-16 20:00:00,95%回收温度,延化140万吨/年柴油精制装置
194.0,ST040042,℃,2025-11-16 20:00:00,初馏点,延化140万吨/年柴油精制装置
192.1,ST040042,℃,2025-11-17 20:00:00,初馏点,延化140万吨/年柴油精制装置
219.6,ST040042,℃,2025-11-17 20:00:00,10%回收温度,延化140万吨/年柴油精制装置
258.3,ST040042,℃,2025-11-17 20:00:00,50%回收温度,延化140万吨/年柴油精制装置
321.8,ST040042,℃,2025-11-17 20:00:00,90%回收温度,延化140万吨/年柴油精制装置
341.7,ST040042,℃,2025-11-17 20:00:00,95%回收温度,延化140万吨/年柴油精制装置
<-26,ST040042,℃,2025-11-17 20:00:00,凝点,延化140万吨/年柴油精制装置
864.2,ST040042,<p>kg/m<sup>3</sup></p>,2025-11-17 20:00:00,密度ρ20,延化140万吨/年柴油精制装置
4.00,ST040042,<p>ppm</p>,2025-11-17 20:00:00,硫含量,延化140万吨/年柴油精制装置
40,ST040042,,2025-11-17 20:00:00,十六烷指数,延化140万吨/年柴油精制装置
79.0,ST040042,℃,2025-11-17 20:00:00,闪点(闭口),延化140万吨/年柴油精制装置
<-19,ST040042,℃,2025-11-17 20:00:00,冷滤点,延化140万吨/年柴油精制装置
321.4,ST040042,℃,2025-11-18 20:00:00,90%回收温度,延化140万吨/年柴油精制装置
192.9,ST040042,℃,2025-11-18 20:00:00,初馏点,延化140万吨/年柴油精制装置
217.7,ST040042,℃,2025-11-18 20:00:00,10%回收温度,延化140万吨/年柴油精制装置
257.7,ST040042,℃,2025-11-18 20:00:00,50%回收温度,延化140万吨/年柴油精制装置
341.6,ST040042,℃,2025-11-18 20:00:00,95%回收温度,延化140万吨/年柴油精制装置
861.9,ST040042,<p>kg/m<sup>3</sup></p>,2025-11-18 20:00:00,密度ρ20,延化140万吨/年柴油精制装置
41,ST040042,,2025-11-18 20:00:00,十六烷指数,延化140万吨/年柴油精制装置
4.00,ST040042,<p>ppm</p>,2025-11-18 20:00:00,硫含量,延化140万吨/年柴油精制装置
79.0,ST040042,℃,2025-11-18 20:00:00,闪点(闭口),延化140万吨/年柴油精制装置
<-26,ST040042,℃,2025-11-18 20:00:00,凝点,延化140万吨/年柴油精制装置
<-19,ST040042,℃,2025-11-18 20:00:00,冷滤点,延化140万吨/年柴油精制装置
869.7,ST040042,<p>kg/m<sup>3</sup></p>,2025-11-19 20:00:00,密度ρ20,延化140万吨/年柴油精制装置
217.8,ST040042,℃,2025-11-19 20:00:00,10%回收温度,延化140万吨/年柴油精制装置
256.3,ST040042,℃,2025-11-19 20:00:00,50%回收温度,延化140万吨/年柴油精制装置
319.6,ST040042,℃,2025-11-19 20:00:00,90%回收温度,延化140万吨/年柴油精制装置
339.7,ST040042,℃,2025-11-19 20:00:00,95%回收温度,延化140万吨/年柴油精制装置
194.4,ST040042,℃,2025-11-19 20:00:00,初馏点,延化140万吨/年柴油精制装置
78.0,ST040042,℃,2025-11-19 20:00:00,闪点(闭口),延化140万吨/年柴油精制装置
<-19,ST040042,℃,2025-11-19 20:00:00,冷滤点,延化140万吨/年柴油精制装置
<-26,ST040042,℃,2025-11-19 20:00:00,凝点,延化140万吨/年柴油精制装置
3.00,ST040042,<p>ppm</p>,2025-11-19 20:00:00,硫含量,延化140万吨/年柴油精制装置
38,ST040042,,2025-11-19 20:00:00,十六烷指数,延化140万吨/年柴油精制装置
316.0,ST040042,℃,2025-11-20 20:00:00,90%回收温度,延化140万吨/年柴油精制装置
193.5,ST040042,℃,2025-11-20 20:00:00,初馏点,延化140万吨/年柴油精制装置
217.4,ST040042,℃,2025-11-20 20:00:00,10%回收温度,延化140万吨/年柴油精制装置
254.1,ST040042,℃,2025-11-20 20:00:00,50%回收温度,延化140万吨/年柴油精制装置
336.3,ST040042,℃,2025-11-20 20:00:00,95%回收温度,延化140万吨/年柴油精制装置
78.0,ST040042,℃,2025-11-20 20:00:00,闪点(闭口),延化140万吨/年柴油精制装置
<-19,ST040042,℃,2025-11-20 20:00:00,冷滤点,延化140万吨/年柴油精制装置
<-26,ST040042,℃,2025-11-20 20:00:00,凝点,延化140万吨/年柴油精制装置
3.00,ST040042,<p>ppm</p>,2025-11-20 20:00:00,硫含量,延化140万吨/年柴油精制装置
37,ST040042,,2025-11-20 20:00:00,十六烷指数,延化140万吨/年柴油精制装置
870.6,ST040042,<p>kg/m<sup>3</sup></p>,2025-11-20 20:00:00,密度ρ20,延化140万吨/年柴油精制装置
7.00,ST040042,<p>ppm</p>,2025-11-21 20:00:00,硫含量,延化140万吨/年柴油精制装置
79.0,ST040042,℃,2025-11-21 20:00:00,闪点(闭口),延化140万吨/年柴油精制装置
317.8,ST040042,℃,2025-11-21 20:00:00,90%回收温度,延化140万吨/年柴油精制装置
192.9,ST040042,℃,2025-11-21 20:00:00,初馏点,延化140万吨/年柴油精制装置
217.1,ST040042,℃,2025-11-21 20:00:00,10%回收温度,延化140万吨/年柴油精制装置
37,ST040042,,2025-11-21 20:00:00,十六烷指数,延化140万吨/年柴油精制装置
337.8,ST040042,℃,2025-11-21 20:00:00,95%回收温度,延化140万吨/年柴油精制装置
<-19,ST040042,℃,2025-11-21 20:00:00,冷滤点,延化140万吨/年柴油精制装置
<-26,ST040042,℃,2025-11-21 20:00:00,凝点,延化140万吨/年柴油精制装置
869.6,ST040042,<p>kg/m<sup>3</sup></p>,2025-11-21 20:00:00,密度ρ20,延化140万吨/年柴油精制装置
254.8,ST040042,℃,2025-11-21 20:00:00,50%回收温度,延化140万吨/年柴油精制装置
40,ST040042,,2025-11-22 20:00:00,十六烷指数,延化140万吨/年柴油精制装置
75.0,ST040042,℃,2025-11-22 20:00:00,闪点(闭口),延化140万吨/年柴油精制装置
<-19,ST040042,℃,2025-11-22 20:00:00,冷滤点,延化140万吨/年柴油精制装置
861.9,ST040042,<p>kg/m<sup>3</sup></p>,2025-11-22 20:00:00,密度ρ20,延化140万吨/年柴油精制装置
3.00,ST040042,<p>ppm</p>,2025-11-22 20:00:00,硫含量,延化140万吨/年柴油精制装置
<-26,ST040042,℃,2025-11-22 20:00:00,凝点,延化140万吨/年柴油精制装置
214.7,ST040042,℃,2025-11-22 20:00:00,10%回收温度,延化140万吨/年柴油精制装置
254.4,ST040042,℃,2025-11-22 20:00:00,50%回收温度,延化140万吨/年柴油精制装置
318.0,ST040042,℃,2025-11-22 20:00:00,90%回收温度,延化140万吨/年柴油精制装置
338.5,ST040042,℃,2025-11-22 20:00:00,95%回收温度,延化140万吨/年柴油精制装置
188.7,ST040042,℃,2025-11-22 20:00:00,初馏点,延化140万吨/年柴油精制装置
868.3,ST040042,<p>kg/m<sup>3</sup></p>,2025-11-23 20:00:00,密度ρ20,延化140万吨/年柴油精制装置
78.0,ST040042,℃,2025-11-23 20:00:00,闪点(闭口),延化140万吨/年柴油精制装置
<-19,ST040042,℃,2025-11-23 20:00:00,冷滤点,延化140万吨/年柴油精制装置
<-26,ST040042,℃,2025-11-23 20:00:00,凝点,延化140万吨/年柴油精制装置
7.00,ST040042,<p>ppm</p>,2025-11-23 20:00:00,硫含量,延化140万吨/年柴油精制装置
319.7,ST040042,℃,2025-11-23 20:00:00,90%回收温度,延化140万吨/年柴油精制装置
192.9,ST040042,℃,2025-11-23 20:00:00,初馏点,延化140万吨/年柴油精制装置
339.9,ST040042,℃,2025-11-23 20:00:00,95%回收温度,延化140万吨/年柴油精制装置
218.1,ST040042,℃,2025-11-23 20:00:00,10%回收温度,延化140万吨/年柴油精制装置
256.0,ST040042,℃,2025-11-23 20:00:00,50%回收温度,延化140万吨/年柴油精制装置
40,ST040042,,2025-11-23 20:00:00,十六烷指数,延化140万吨/年柴油精制装置
319.9,ST040042,℃,2025-11-24 20:00:00,90%回收温度,延化140万吨/年柴油精制装置
196.7,ST040042,℃,2025-11-24 20:00:00,初馏点,延化140万吨/年柴油精制装置
219.8,ST040042,℃,2025-11-24 20:00:00,10%回收温度,延化140万吨/年柴油精制装置
255.5,ST040042,℃,2025-11-24 20:00:00,50%回收温度,延化140万吨/年柴油精制装置
340.3,ST040042,℃,2025-11-24 20:00:00,95%回收温度,延化140万吨/年柴油精制装置
80.0,ST040042,℃,2025-11-24 20:00:00,闪点(闭口),延化140万吨/年柴油精制装置
7.00,ST040042,<p>ppm</p>,2025-11-24 20:00:00,硫含量,延化140万吨/年柴油精制装置
<-19,ST040042,℃,2025-11-24 20:00:00,冷滤点,延化140万吨/年柴油精制装置
<-26,ST040042,℃,2025-11-24 20:00:00,凝点,延化140万吨/年柴油精制装置
872.5,ST040042,<p>kg/m<sup>3</sup></p>,2025-11-24 20:00:00,密度ρ20,延化140万吨/年柴油精制装置
37,ST040042,,2025-11-24 20:00:00,十六烷指数,延化140万吨/年柴油精制装置
321.5,ST040042,℃,2025-11-25 20:00:00,90%回收温度,延化140万吨/年柴油精制装置
195.6,ST040042,℃,2025-11-25 20:00:00,初馏点,延化140万吨/年柴油精制装置
219.9,ST040042,℃,2025-11-25 20:00:00,10%回收温度,延化140万吨/年柴油精制装置
256.5,ST040042,℃,2025-11-25 20:00:00,50%回收温度,延化140万吨/年柴油精制装置
342.0,ST040042,℃,2025-11-25 20:00:00,95%回收温度,延化140万吨/年柴油精制装置
37,ST040042,,2025-11-25 20:00:00,十六烷指数,延化140万吨/年柴油精制装置
<-26,ST040042,℃,2025-11-25 20:00:00,凝点,延化140万吨/年柴油精制装置
80.0,ST040042,℃,2025-11-25 20:00:00,闪点(闭口),延化140万吨/年柴油精制装置
872.2,ST040042,<p>kg/m<sup>3</sup></p>,2025-11-25 20:00:00,密度ρ20,延化140万吨/年柴油精制装置
7.00,ST040042,<p>ppm</p>,2025-11-25 20:00:00,硫含量,延化140万吨/年柴油精制装置
<-19,ST040042,℃,2025-11-25 20:00:00,冷滤点,延化140万吨/年柴油精制装置
78.0,ST040042,℃,2025-11-27 13:00:00,闪点(闭口),延化140万吨/年柴油精制装置
38,ST040042,,2025-11-27 13:00:00,十六烷指数,延化140万吨/年柴油精制装置
871.7,ST040042,<p>kg/m<sup>3</sup></p>,2025-11-27 13:00:00,密度ρ20,延化140万吨/年柴油精制装置
341.0,ST040042,℃,2025-11-27 13:00:00,95%回收温度,延化140万吨/年柴油精制装置
324.0,ST040042,℃,2025-11-27 13:00:00,90%回收温度,延化140万吨/年柴油精制装置
260.0,ST040042,℃,2025-11-27 13:00:00,50%回收温度,延化140万吨/年柴油精制装置
223.0,ST040042,℃,2025-11-27 13:00:00,10%回收温度,延化140万吨/年柴油精制装置
198.0,ST040042,℃,2025-11-27 13:00:00,初馏点,延化140万吨/年柴油精制装置
78.0,ST040042,℃,2025-11-27 14:17:00,闪点(闭口),延化140万吨/年柴油精制装置
220.9,ST040042,℃,2025-11-27 14:17:00,10%回收温度,延化140万吨/年柴油精制装置
195.8,ST040042,℃,2025-11-27 14:17:00,初馏点,延化140万吨/年柴油精制装置
256.4,ST040042,℃,2025-11-27 14:17:00,50%回收温度,延化140万吨/年柴油精制装置
318.3,ST040042,℃,2025-11-27 14:17:00,90%回收温度,延化140万吨/年柴油精制装置
336.9,ST040042,℃,2025-11-27 14:17:00,95%回收温度,延化140万吨/年柴油精制装置
-16,ST040042,℃,2025-11-27 14:17:00,冷滤点,延化140万吨/年柴油精制装置
-22,ST040042,℃,2025-11-27 14:17:00,凝点,延化140万吨/年柴油精制装置
870.3,ST040042,<p>kg/m<sup>3</sup></p>,2025-11-27 14:17:00,密度ρ20,延化140万吨/年柴油精制装置
10.00,ST040042,<p>ppm</p>,2025-11-27 14:17:00,硫含量,延化140万吨/年柴油精制装置
38,ST040042,,2025-11-27 14:17:00,十六烷指数,延化140万吨/年柴油精制装置
3.00,ST040042,<p>ppm</p>,2025-11-27 15:05:00,硫含量,延化140万吨/年柴油精制装置
870.8,ST040042,<p>kg/m<sup>3</sup></p>,2025-11-27 20:00:00,密度ρ20,延化140万吨/年柴油精制装置
-25,ST040042,℃,2025-11-27 20:00:00,凝点,延化140万吨/年柴油精制装置
-15,ST040042,℃,2025-11-27 20:00:00,冷滤点,延化140万吨/年柴油精制装置
338.8,ST040042,℃,2025-11-27 20:00:00,95%回收温度,延化140万吨/年柴油精制装置
319.7,ST040042,℃,2025-11-27 20:00:00,90%回收温度,延化140万吨/年柴油精制装置
256.5,ST040042,℃,2025-11-27 20:00:00,50%回收温度,延化140万吨/年柴油精制装置
220.3,ST040042,℃,2025-11-27 20:00:00,10%回收温度,延化140万吨/年柴油精制装置
193.1,ST040042,℃,2025-11-27 20:00:00,初馏点,延化140万吨/年柴油精制装置
4.00,ST040042,<p>ppm</p>,2025-11-27 20:00:00,硫含量,延化140万吨/年柴油精制装置
37,ST040042,,2025-11-27 20:00:00,十六烷指数,延化140万吨/年柴油精制装置
78.0,ST040042,℃,2025-11-27 20:00:00,闪点(闭口),延化140万吨/年柴油精制装置
<-26,ST040042,℃,2025-11-28 20:00:00,凝点,延化140万吨/年柴油精制装置
<-19,ST040042,℃,2025-11-28 20:00:00,冷滤点,延化140万吨/年柴油精制装置
869.3,ST040042,<p>kg/m<sup>3</sup></p>,2025-11-28 20:00:00,密度ρ20,延化140万吨/年柴油精制装置
3.00,ST040042,<p>ppm</p>,2025-11-28 20:00:00,硫含量,延化140万吨/年柴油精制装置
193.2,ST040042,℃,2025-11-28 20:00:00,初馏点,延化140万吨/年柴油精制装置
37,ST040042,,2025-11-28 20:00:00,十六烷指数,延化140万吨/年柴油精制装置
80.0,ST040042,℃,2025-11-28 20:00:00,闪点(闭口),延化140万吨/年柴油精制装置
252.8,ST040042,℃,2025-11-28 20:00:00,50%回收温度,延化140万吨/年柴油精制装置
315.5,ST040042,℃,2025-11-28 20:00:00,90%回收温度,延化140万吨/年柴油精制装置
336.8,ST040042,℃,2025-11-28 20:00:00,95%回收温度,延化140万吨/年柴油精制装置
216.5,ST040042,℃,2025-11-28 20:00:00,10%回收温度,延化140万吨/年柴油精制装置
3.00,ST040042,<p>ppm</p>,2025-11-29 20:00:00,硫含量,延化140万吨/年柴油精制装置
<-19,ST040042,℃,2025-11-29 20:00:00,冷滤点,延化140万吨/年柴油精制装置
<-26,ST040042,℃,2025-11-29 20:00:00,凝点,延化140万吨/年柴油精制装置
872.3,ST040042,<p>kg/m<sup>3</sup></p>,2025-11-29 20:00:00,密度ρ20,延化140万吨/年柴油精制装置
78.0,ST040042,℃,2025-11-29 20:00:00,闪点(闭口),延化140万吨/年柴油精制装置
36,ST040042,,2025-11-29 20:00:00,十六烷指数,延化140万吨/年柴油精制装置
194.0,ST040042,℃,2025-11-29 20:00:00,初馏点,延化140万吨/年柴油精制装置
217.7,ST040042,℃,2025-11-29 20:00:00,10%回收温度,延化140万吨/年柴油精制装置
253.6,ST040042,℃,2025-11-29 20:00:00,50%回收温度,延化140万吨/年柴油精制装置
316.7,ST040042,℃,2025-11-29 20:00:00,90%回收温度,延化140万吨/年柴油精制装置
337.5,ST040042,℃,2025-11-29 20:00:00,95%回收温度,延化140万吨/年柴油精制装置
<-26,ST040042,℃,2025-11-30 20:00:00,凝点,延化140万吨/年柴油精制装置
<-19,ST040042,℃,2025-11-30 20:00:00,冷滤点,延化140万吨/年柴油精制装置
37,ST040042,,2025-11-30 20:00:00,十六烷指数,延化140万吨/年柴油精制装置
78.0,ST040042,℃,2025-11-30 20:00:00,闪点(闭口),延化140万吨/年柴油精制装置
871.6,ST040042,<p>kg/m<sup>3</sup></p>,2025-11-30 20:00:00,密度ρ20,延化140万吨/年柴油精制装置
338.4,ST040042,℃,2025-11-30 20:00:00,95%回收温度,延化140万吨/年柴油精制装置
193.8,ST040042,℃,2025-11-30 20:00:00,初馏点,延化140万吨/年柴油精制装置
217.2,ST040042,℃,2025-11-30 20:00:00,10%回收温度,延化140万吨/年柴油精制装置
253.4,ST040042,℃,2025-11-30 20:00:00,50%回收温度,延化140万吨/年柴油精制装置
317.2,ST040042,℃,2025-11-30 20:00:00,90%回收温度,延化140万吨/年柴油精制装置
3.00,ST040042,<p>ppm</p>,2025-11-30 20:00:00,硫含量,延化140万吨/年柴油精制装置
3.00,ST040042,<p>ppm</p>,2025-12-01 20:00:00,硫含量,延化140万吨/年柴油精制装置
37,ST040042,,2025-12-01 20:00:00,十六烷指数,延化140万吨/年柴油精制装置
80.0,ST040042,℃,2025-12-01 20:00:00,闪点(闭口),延化140万吨/年柴油精制装置
<-19,ST040042,℃,2025-12-01 20:00:00,冷滤点,延化140万吨/年柴油精制装置
<-26,ST040042,℃,2025-12-01 20:00:00,凝点,延化140万吨/年柴油精制装置
340.5,ST040042,℃,2025-12-01 20:00:00,95%回收温度,延化140万吨/年柴油精制装置
195.2,ST040042,℃,2025-12-01 20:00:00,初馏点,延化140万吨/年柴油精制装置
218.3,ST040042,℃,2025-12-01 20:00:00,10%回收温度,延化140万吨/年柴油精制装置
254.6,ST040042,℃,2025-12-01 20:00:00,50%回收温度,延化140万吨/年柴油精制装置
319.5,ST040042,℃,2025-12-01 20:00:00,90%回收温度,延化140万吨/年柴油精制装置
870.1,ST040042,<p>kg/m<sup>3</sup></p>,2025-12-01 20:00:00,密度ρ20,延化140万吨/年柴油精制装置
195.6,ST040042,℃,2025-12-02 20:00:00,初馏点,延化140万吨/年柴油精制装置
218.5,ST040042,℃,2025-12-02 20:00:00,10%回收温度,延化140万吨/年柴油精制装置
254.2,ST040042,℃,2025-12-02 20:00:00,50%回收温度,延化140万吨/年柴油精制装置
317.7,ST040042,℃,2025-12-02 20:00:00,90%回收温度,延化140万吨/年柴油精制装置
338.5,ST040042,℃,2025-12-02 20:00:00,95%回收温度,延化140万吨/年柴油精制装置
37,ST040042,,2025-12-02 20:00:00,十六烷指数,延化140万吨/年柴油精制装置
<-19,ST040042,℃,2025-12-02 20:00:00,冷滤点,延化140万吨/年柴油精制装置
<-26,ST040042,℃,2025-12-02 20:00:00,凝点,延化140万吨/年柴油精制装置
871.4,ST040042,<p>kg/m<sup>3</sup></p>,2025-12-02 20:00:00,密度ρ20,延化140万吨/年柴油精制装置
4.00,ST040042,<p>ppm</p>,2025-12-02 20:00:00,硫含量,延化140万吨/年柴油精制装置
81.0,ST040042,℃,2025-12-02 20:00:00,闪点(闭口),延化140万吨/年柴油精制装置
192.1,ST040042,℃,2025-12-03 20:00:00,初馏点,延化140万吨/年柴油精制装置
215.7,ST040042,℃,2025-12-03 20:00:00,10%回收温度,延化140万吨/年柴油精制装置
253.9,ST040042,℃,2025-12-03 20:00:00,50%回收温度,延化140万吨/年柴油精制装置
318.1,ST040042,℃,2025-12-03 20:00:00,90%回收温度,延化140万吨/年柴油精制装置
339.2,ST040042,℃,2025-12-03 20:00:00,95%回收温度,延化140万吨/年柴油精制装置
78.0,ST040042,℃,2025-12-03 20:00:00,闪点(闭口),延化140万吨/年柴油精制装置
<-26,ST040042,℃,2025-12-03 20:00:00,凝点,延化140万吨/年柴油精制装置
866.5,ST040042,<p>kg/m<sup>3</sup></p>,2025-12-03 20:00:00,密度ρ20,延化140万吨/年柴油精制装置
3.00,ST040042,<p>ppm</p>,2025-12-03 20:00:00,硫含量,延化140万吨/年柴油精制装置
38,ST040042,,2025-12-03 20:00:00,十六烷指数,延化140万吨/年柴油精制装置
<-19,ST040042,℃,2025-12-03 20:00:00,冷滤点,延化140万吨/年柴油精制装置
316.3,ST040042,℃,2025-12-04 20:00:00,90%回收温度,延化140万吨/年柴油精制装置
<-26,ST040042,℃,2025-12-04 20:00:00,凝点,延化140万吨/年柴油精制装置
<-19,ST040042,℃,2025-12-04 20:00:00,冷滤点,延化140万吨/年柴油精制装置
870.2,ST040042,<p>kg/m<sup>3</sup></p>,2025-12-04 20:00:00,密度ρ20,延化140万吨/年柴油精制装置
5.00,ST040042,<p>ppm</p>,2025-12-04 20:00:00,硫含量,延化140万吨/年柴油精制装置
80.0,ST040042,℃,2025-12-04 20:00:00,闪点(闭口),延化140万吨/年柴油精制装置
217.2,ST040042,℃,2025-12-04 20:00:00,10%回收温度,延化140万吨/年柴油精制装置
253.5,ST040042,℃,2025-12-04 20:00:00,50%回收温度,延化140万吨/年柴油精制装置
337.0,ST040042,℃,2025-12-04 20:00:00,95%回收温度,延化140万吨/年柴油精制装置
36,ST040042,,2025-12-04 20:00:00,十六烷指数,延化140万吨/年柴油精制装置
193.8,ST040042,℃,2025-12-04 20:00:00,初馏点,延化140万吨/年柴油精制装置
5.00,ST040042,<p>ppm</p>,2025-12-05 20:00:00,硫含量,延化140万吨/年柴油精制装置
<-19,ST040042,℃,2025-12-05 20:00:00,冷滤点,延化140万吨/年柴油精制装置
<-26,ST040042,℃,2025-12-05 20:00:00,凝点,延化140万吨/年柴油精制装置
865.0,ST040042,<p>kg/m<sup>3</sup></p>,2025-12-05 20:00:00,密度ρ20,延化140万吨/年柴油精制装置
38,ST040042,,2025-12-05 20:00:00,十六烷指数,延化140万吨/年柴油精制装置
337.3,ST040042,℃,2025-12-05 20:00:00,95%回收温度,延化140万吨/年柴油精制装置
316.0,ST040042,℃,2025-12-05 20:00:00,90%回收温度,延化140万吨/年柴油精制装置
191.1,ST040042,℃,2025-12-05 20:00:00,初馏点,延化140万吨/年柴油精制装置
215.0,ST040042,℃,2025-12-05 20:00:00,10%回收温度,延化140万吨/年柴油精制装置
252.7,ST040042,℃,2025-12-05 20:00:00,50%回收温度,延化140万吨/年柴油精制装置
77.0,ST040042,℃,2025-12-05 20:00:00,闪点(闭口),延化140万吨/年柴油精制装置
316.6,ST040042,℃,2025-12-06 20:00:00,90%回收温度,延化140万吨/年柴油精制装置
191.9,ST040042,℃,2025-12-06 20:00:00,初馏点,延化140万吨/年柴油精制装置
215.4,ST040042,℃,2025-12-06 20:00:00,10%回收温度,延化140万吨/年柴油精制装置
252.8,ST040042,℃,2025-12-06 20:00:00,50%回收温度,延化140万吨/年柴油精制装置
338.1,ST040042,℃,2025-12-06 20:00:00,95%回收温度,延化140万吨/年柴油精制装置
77.0,ST040042,℃,2025-12-06 20:00:00,闪点(闭口),延化140万吨/年柴油精制装置
<-26,ST040042,℃,2025-12-06 20:00:00,凝点,延化140万吨/年柴油精制装置
865.8,ST040042,<p>kg/m<sup>3</sup></p>,2025-12-06 20:00:00,密度ρ20,延化140万吨/年柴油精制装置
5.00,ST040042,<p>ppm</p>,2025-12-06 20:00:00,硫含量,延化140万吨/年柴油精制装置
38,ST040042,,2025-12-06 20:00:00,十六烷指数,延化140万吨/年柴油精制装置
<-19,ST040042,℃,2025-12-06 20:00:00,冷滤点,延化140万吨/年柴油精制装置
<-19,ST040042,℃,2025-12-07 20:00:00,冷滤点,延化140万吨/年柴油精制装置
<-26,ST040042,℃,2025-12-07 20:00:00,凝点,延化140万吨/年柴油精制装置
317.3,ST040042,℃,2025-12-07 20:00:00,90%回收温度,延化140万吨/年柴油精制装置
192.9,ST040042,℃,2025-12-07 20:00:00,初馏点,延化140万吨/年柴油精制装置
216.7,ST040042,℃,2025-12-07 20:00:00,10%回收温度,延化140万吨/年柴油精制装置
38,ST040042,,2025-12-07 20:00:00,十六烷指数,延化140万吨/年柴油精制装置
338.6,ST040042,℃,2025-12-07 20:00:00,95%回收温度,延化140万吨/年柴油精制装置
78.0,ST040042,℃,2025-12-07 20:00:00,闪点(闭口),延化140万吨/年柴油精制装置
868.3,ST040042,<p>kg/m<sup>3</sup></p>,2025-12-07 20:00:00,密度ρ20,延化140万吨/年柴油精制装置
3.00,ST040042,<p>ppm</p>,2025-12-07 20:00:00,硫含量,延化140万吨/年柴油精制装置
253.6,ST040042,℃,2025-12-07 20:00:00,50%回收温度,延化140万吨/年柴油精制装置
<-19,ST040042,℃,2025-12-08 20:00:00,冷滤点,延化140万吨/年柴油精制装置
<-26,ST040042,℃,2025-12-08 20:00:00,凝点,延化140万吨/年柴油精制装置
3.00,ST040042,<p>ppm</p>,2025-12-08 20:00:00,硫含量,延化140万吨/年柴油精制装置
38,ST040042,,2025-12-08 20:00:00,十六烷指数,延化140万吨/年柴油精制装置
192.6,ST040042,℃,2025-12-08 20:00:00,初馏点,延化140万吨/年柴油精制装置
79.0,ST040042,℃,2025-12-08 20:00:00,闪点(闭口),延化140万吨/年柴油精制装置
253.9,ST040042,℃,2025-12-08 20:00:00,50%回收温度,延化140万吨/年柴油精制装置
317.3,ST040042,℃,2025-12-08 20:00:00,90%回收温度,延化140万吨/年柴油精制装置
338.4,ST040042,℃,2025-12-08 20:00:00,95%回收温度,延化140万吨/年柴油精制装置
867.4,ST040042,<p>kg/m<sup>3</sup></p>,2025-12-08 20:00:00,密度ρ20,延化140万吨/年柴油精制装置
216.2,ST040042,℃,2025-12-08 20:00:00,10%回收温度,延化140万吨/年柴油精制装置
<-19,ST040042,℃,2025-12-09 20:00:00,冷滤点,延化140万吨/年柴油精制装置
<-26,ST040042,℃,2025-12-09 20:00:00,凝点,延化140万吨/年柴油精制装置
868.5,ST040042,<p>kg/m<sup>3</sup></p>,2025-12-09 20:00:00,密度ρ20,延化140万吨/年柴油精制装置
3.00,ST040042,<p>ppm</p>,2025-12-09 20:00:00,硫含量,延化140万吨/年柴油精制装置
37,ST040042,,2025-12-09 20:00:00,十六烷指数,延化140万吨/年柴油精制装置
337.9,ST040042,℃,2025-12-09 20:00:00,95%回收温度,延化140万吨/年柴油精制装置
191.9,ST040042,℃,2025-12-09 20:00:00,初馏点,延化140万吨/年柴油精制装置
215.6,ST040042,℃,2025-12-09 20:00:00,10%回收温度,延化140万吨/年柴油精制装置
252.9,ST040042,℃,2025-12-09 20:00:00,50%回收温度,延化140万吨/年柴油精制装置
316.8,ST040042,℃,2025-12-09 20:00:00,90%回收温度,延化140万吨/年柴油精制装置
78.0,ST040042,℃,2025-12-09 20:00:00,闪点(闭口),延化140万吨/年柴油精制装置
76.0,ST040042,℃,2025-12-10 20:00:00,闪点(闭口),延化140万吨/年柴油精制装置
<-26,ST040042,℃,2025-12-10 20:00:00,凝点,延化140万吨/年柴油精制装置
863.6,ST040042,<p>kg/m<sup>3</sup></p>,2025-12-10 20:00:00,密度ρ20,延化140万吨/年柴油精制装置
3.00,ST040042,<p>ppm</p>,2025-12-10 20:00:00,硫含量,延化140万吨/年柴油精制装置
38,ST040042,,2025-12-10 20:00:00,十六烷指数,延化140万吨/年柴油精制装置
<-19,ST040042,℃,2025-12-10 20:00:00,冷滤点,延化140万吨/年柴油精制装置
213.1,ST040042,℃,2025-12-10 20:00:00,10%回收温度,延化140万吨/年柴油精制装置
252.1,ST040042,℃,2025-12-10 20:00:00,50%回收温度,延化140万吨/年柴油精制装置
316.9,ST040042,℃,2025-12-10 20:00:00,90%回收温度,延化140万吨/年柴油精制装置
338.6,ST040042,℃,2025-12-10 20:00:00,95%回收温度,延化140万吨/年柴油精制装置
187.3,ST040042,℃,2025-12-10 20:00:00,初馏点,延化140万吨/年柴油精制装置
37,ST040042,,2025-12-11 20:00:00,十六烷指数,延化140万吨/年柴油精制装置
<-19,ST040042,℃,2025-12-11 20:00:00,冷滤点,延化140万吨/年柴油精制装置
<-26,ST040042,℃,2025-12-11 20:00:00,凝点,延化140万吨/年柴油精制装置
868.8,ST040042,<p>kg/m<sup>3</sup></p>,2025-12-11 20:00:00,密度ρ20,延化140万吨/年柴油精制装置
3.00,ST040042,<p>ppm</p>,2025-12-11 20:00:00,硫含量,延化140万吨/年柴油精制装置
337.5,ST040042,℃,2025-12-11 20:00:00,95%回收温度,延化140万吨/年柴油精制装置
192.2,ST040042,℃,2025-12-11 20:00:00,初馏点,延化140万吨/年柴油精制装置
215.8,ST040042,℃,2025-12-11 20:00:00,10%回收温度,延化140万吨/年柴油精制装置
252.8,ST040042,℃,2025-12-11 20:00:00,50%回收温度,延化140万吨/年柴油精制装置
316.4,ST040042,℃,2025-12-11 20:00:00,90%回收温度,延化140万吨/年柴油精制装置
78.0,ST040042,℃,2025-12-11 20:00:00,闪点(闭口),延化140万吨/年柴油精制装置
354.8,ST040042,℃,2025-12-12 20:00:00,95%回收温度,延化140万吨/年柴油精制装置
38,ST040042,,2025-12-12 20:00:00,十六烷指数,延化140万吨/年柴油精制装置
190.8,ST040042,℃,2025-12-12 20:00:00,初馏点,延化140万吨/年柴油精制装置
214.8,ST040042,℃,2025-12-12 20:00:00,10%回收温度,延化140万吨/年柴油精制装置
252.7,ST040042,℃,2025-12-12 20:00:00,50%回收温度,延化140万吨/年柴油精制装置
77.0,ST040042,℃,2025-12-12 20:00:00,闪点(闭口),延化140万吨/年柴油精制装置
<-19,ST040042,℃,2025-12-12 20:00:00,冷滤点,延化140万吨/年柴油精制装置
<-26,ST040042,℃,2025-12-12 20:00:00,凝点,延化140万吨/年柴油精制装置
864.5,ST040042,<p>kg/m<sup>3</sup></p>,2025-12-12 20:00:00,密度ρ20,延化140万吨/年柴油精制装置
3.00,ST040042,<p>ppm</p>,2025-12-12 20:00:00,硫含量,延化140万吨/年柴油精制装置
317.3,ST040042,℃,2025-12-12 20:00:00,90%回收温度,延化140万吨/年柴油精制装置
316.9,ST040042,℃,2025-12-13 20:00:00,90%回收温度,延化140万吨/年柴油精制装置
189.5,ST040042,℃,2025-12-13 20:00:00,初馏点,延化140万吨/年柴油精制装置
213.9,ST040042,℃,2025-12-13 20:00:00,10%回收温度,延化140万吨/年柴油精制装置
252.0,ST040042,℃,2025-12-13 20:00:00,50%回收温度,延化140万吨/年柴油精制装置
338.8,ST040042,℃,2025-12-13 20:00:00,95%回收温度,延化140万吨/年柴油精制装置
77.0,ST040042,℃,2025-12-13 20:00:00,闪点(闭口),延化140万吨/年柴油精制装置
<-26,ST040042,℃,2025-12-13 20:00:00,凝点,延化140万吨/年柴油精制装置
863.1,ST040042,<p>kg/m<sup>3</sup></p>,2025-12-13 20:00:00,密度ρ20,延化140万吨/年柴油精制装置
2.00,ST040042,<p>ppm</p>,2025-12-13 20:00:00,硫含量,延化140万吨/年柴油精制装置
39,ST040042,,2025-12-13 20:00:00,十六烷指数,延化140万吨/年柴油精制装置
<-19,ST040042,℃,2025-12-13 20:00:00,冷滤点,延化140万吨/年柴油精制装置
<-19,ST040042,℃,2025-12-14 20:00:00,冷滤点,延化140万吨/年柴油精制装置
<-26,ST040042,℃,2025-12-14 20:00:00,凝点,延化140万吨/年柴油精制装置
38,ST040042,,2025-12-14 20:00:00,十六烷指数,延化140万吨/年柴油精制装置
76.0,ST040042,℃,2025-12-14 20:00:00,闪点(闭口),延化140万吨/年柴油精制装置
188.2,ST040042,℃,2025-12-14 20:00:00,初馏点,延化140万吨/年柴油精制装置
3.00,ST040042,<p>ppm</p>,2025-12-14 20:00:00,硫含量,延化140万吨/年柴油精制装置
252.5,ST040042,℃,2025-12-14 20:00:00,50%回收温度,延化140万吨/年柴油精制装置
317.9,ST040042,℃,2025-12-14 20:00:00,90%回收温度,延化140万吨/年柴油精制装置
339.8,ST040042,℃,2025-12-14 20:00:00,95%回收温度,延化140万吨/年柴油精制装置
864.7,ST040042,<p>kg/m<sup>3</sup></p>,2025-12-14 20:00:00,密度ρ20,延化140万吨/年柴油精制装置
213.9,ST040042,℃,2025-12-14 20:00:00,10%回收温度,延化140万吨/年柴油精制装置
<-26,ST040042,℃,2025-12-15 20:00:00,凝点,延化140万吨/年柴油精制装置
186.7,ST040042,℃,2025-12-15 20:00:00,初馏点,延化140万吨/年柴油精制装置
212.7,ST040042,℃,2025-12-15 20:00:00,10%回收温度,延化140万吨/年柴油精制装置
251.7,ST040042,℃,2025-12-15 20:00:00,50%回收温度,延化140万吨/年柴油精制装置
317.3,ST040042,℃,2025-12-15 20:00:00,90%回收温度,延化140万吨/年柴油精制装置
73.0,ST040042,℃,2025-12-15 20:00:00,闪点(闭口),延化140万吨/年柴油精制装置
<-19,ST040042,℃,2025-12-15 20:00:00,冷滤点,延化140万吨/年柴油精制装置
867.4,ST040042,<p>kg/m<sup>3</sup></p>,2025-12-15 20:00:00,密度ρ20,延化140万吨/年柴油精制装置
3.00,ST040042,<p>ppm</p>,2025-12-15 20:00:00,硫含量,延化140万吨/年柴油精制装置
37,ST040042,,2025-12-15 20:00:00,十六烷指数,延化140万吨/年柴油精制装置
339.3,ST040042,℃,2025-12-15 20:00:00,95%回收温度,延化140万吨/年柴油精制装置
<-19,ST040042,℃,2025-12-16 20:00:00,冷滤点,延化140万吨/年柴油精制装置
<-26,ST040042,℃,2025-12-16 20:00:00,凝点,延化140万吨/年柴油精制装置
867.6,ST040042,<p>kg/m<sup>3</sup></p>,2025-12-16 20:00:00,密度ρ20,延化140万吨/年柴油精制装置
2.00,ST040042,<p>ppm</p>,2025-12-16 20:00:00,硫含量,延化140万吨/年柴油精制装置
213.7,ST040042,℃,2025-12-16 20:00:00,10%回收温度,延化140万吨/年柴油精制装置
37,ST040042,,2025-12-16 20:00:00,十六烷指数,延化140万吨/年柴油精制装置
76.0,ST040042,℃,2025-12-16 20:00:00,闪点(闭口),延化140万吨/年柴油精制装置
187.9,ST040042,℃,2025-12-16 20:00:00,初馏点,延化140万吨/年柴油精制装置
252.0,ST040042,℃,2025-12-16 20:00:00,50%回收温度,延化140万吨/年柴油精制装置
317.1,ST040042,℃,2025-12-16 20:00:00,90%回收温度,延化140万吨/年柴油精制装置
338.8,ST040042,℃,2025-12-16 20:00:00,95%回收温度,延化140万吨/年柴油精制装置
870.3,ST040042,<p>kg/m<sup>3</sup></p>,2025-12-17 20:00:00,密度ρ20,延化140万吨/年柴油精制装置
316.3,ST040042,℃,2025-12-17 20:00:00,90%回收温度,延化140万吨/年柴油精制装置
191.2,ST040042,℃,2025-12-17 20:00:00,初馏点,延化140万吨/年柴油精制装置
215.0,ST040042,℃,2025-12-17 20:00:00,10%回收温度,延化140万吨/年柴油精制装置
251.6,ST040042,℃,2025-12-17 20:00:00,50%回收温度,延化140万吨/年柴油精制装置
77.0,ST040042,℃,2025-12-17 20:00:00,闪点(闭口),延化140万吨/年柴油精制装置
36,ST040042,,2025-12-17 20:00:00,十六烷指数,延化140万吨/年柴油精制装置
<-19,ST040042,℃,2025-12-17 20:00:00,冷滤点,延化140万吨/年柴油精制装置
<-26,ST040042,℃,2025-12-17 20:00:00,凝点,延化140万吨/年柴油精制装置
2.00,ST040042,<p>ppm</p>,2025-12-17 20:00:00,硫含量,延化140万吨/年柴油精制装置
338.1,ST040042,℃,2025-12-17 20:00:00,95%回收温度,延化140万吨/年柴油精制装置
<-19,ST040042,℃,2025-12-18 20:00:00,冷滤点,延化140万吨/年柴油精制装置
190.3,ST040042,℃,2025-12-18 20:00:00,初馏点,延化140万吨/年柴油精制装置
214.5,ST040042,℃,2025-12-18 20:00:00,10%回收温度,延化140万吨/年柴油精制装置
251.4,ST040042,℃,2025-12-18 20:00:00,50%回收温度,延化140万吨/年柴油精制装置
316.4,ST040042,℃,2025-12-18 20:00:00,90%回收温度,延化140万吨/年柴油精制装置
78.0,ST040042,℃,2025-12-18 20:00:00,闪点(闭口),延化140万吨/年柴油精制装置
<-26,ST040042,℃,2025-12-18 20:00:00,凝点,延化140万吨/年柴油精制装置
870.3,ST040042,<p>kg/m<sup>3</sup></p>,2025-12-18 20:00:00,密度ρ20,延化140万吨/年柴油精制装置
2.00,ST040042,<p>ppm</p>,2025-12-18 20:00:00,硫含量,延化140万吨/年柴油精制装置
36,ST040042,,2025-12-18 20:00:00,十六烷指数,延化140万吨/年柴油精制装置
338.2,ST040042,℃,2025-12-18 20:00:00,95%回收温度,延化140万吨/年柴油精制装置
315.5,ST040042,℃,2025-12-19 20:00:00,90%回收温度,延化140万吨/年柴油精制装置
<-19,ST040042,℃,2025-12-19 20:00:00,冷滤点,延化140万吨/年柴油精制装置
<-26,ST040042,℃,2025-12-19 20:00:00,凝点,延化140万吨/年柴油精制装置
191.1,ST040042,℃,2025-12-19 20:00:00,初馏点,延化140万吨/年柴油精制装置
214.7,ST040042,℃,2025-12-19 20:00:00,10%回收温度,延化140万吨/年柴油精制装置
78.0,ST040042,℃,2025-12-19 20:00:00,闪点(闭口),延化140万吨/年柴油精制装置
36,ST040042,,2025-12-19 20:00:00,十六烷指数,延化140万吨/年柴油精制装置
337.3,ST040042,℃,2025-12-19 20:00:00,95%回收温度,延化140万吨/年柴油精制装置
871.1,ST040042,<p>kg/m<sup>3</sup></p>,2025-12-19 20:00:00,密度ρ20,延化140万吨/年柴油精制装置
3.00,ST040042,<p>ppm</p>,2025-12-19 20:00:00,硫含量,延化140万吨/年柴油精制装置
251.2,ST040042,℃,2025-12-19 20:00:00,50%回收温度,延化140万吨/年柴油精制装置
190.1,ST040042,℃,2025-12-20 20:00:00,初馏点,延化140万吨/年柴油精制装置
214.4,ST040042,℃,2025-12-20 20:00:00,10%回收温度,延化140万吨/年柴油精制装置
251.1,ST040042,℃,2025-12-20 20:00:00,50%回收温度,延化140万吨/年柴油精制装置
315.7,ST040042,℃,2025-12-20 20:00:00,90%回收温度,延化140万吨/年柴油精制装置
337.6,ST040042,℃,2025-12-20 20:00:00,95%回收温度,延化140万吨/年柴油精制装置
78.0,ST040042,℃,2025-12-20 20:00:00,闪点(闭口),延化140万吨/年柴油精制装置
<-26,ST040042,℃,2025-12-20 20:00:00,凝点,延化140万吨/年柴油精制装置
871.1,ST040042,<p>kg/m<sup>3</sup></p>,2025-12-20 20:00:00,密度ρ20,延化140万吨/年柴油精制装置
3.00,ST040042,<p>ppm</p>,2025-12-20 20:00:00,硫含量,延化140万吨/年柴油精制装置
36,ST040042,,2025-12-20 20:00:00,十六烷指数,延化140万吨/年柴油精制装置
<-19,ST040042,℃,2025-12-20 20:00:00,冷滤点,延化140万吨/年柴油精制装置
<-19,ST040042,℃,2025-12-21 20:00:00,冷滤点,延化140万吨/年柴油精制装置
<-26,ST040042,℃,2025-12-21 20:00:00,凝点,延化140万吨/年柴油精制装置
870.9,ST040042,<p>kg/m<sup>3</sup></p>,2025-12-21 20:00:00,密度ρ20,延化140万吨/年柴油精制装置
2.00,ST040042,<p>ppm</p>,2025-12-21 20:00:00,硫含量,延化140万吨/年柴油精制装置
36,ST040042,,2025-12-21 20:00:00,十六烷指数,延化140万吨/年柴油精制装置
336.9,ST040042,℃,2025-12-21 20:00:00,95%回收温度,延化140万吨/年柴油精制装置
189.0,ST040042,℃,2025-12-21 20:00:00,初馏点,延化140万吨/年柴油精制装置
213.7,ST040042,℃,2025-12-21 20:00:00,10%回收温度,延化140万吨/年柴油精制装置
250.5,ST040042,℃,2025-12-21 20:00:00,50%回收温度,延化140万吨/年柴油精制装置
315.0,ST040042,℃,2025-12-21 20:00:00,90%回收温度,延化140万吨/年柴油精制装置
76.0,ST040042,℃,2025-12-21 20:00:00,闪点(闭口),延化140万吨/年柴油精制装置
316.3,ST040042,℃,2025-12-22 20:00:00,90%回收温度,延化140万吨/年柴油精制装置
190.4,ST040042,℃,2025-12-22 20:00:00,初馏点,延化140万吨/年柴油精制装置
215.2,ST040042,℃,2025-12-22 20:00:00,10%回收温度,延化140万吨/年柴油精制装置
252.1,ST040042,℃,2025-12-22 20:00:00,50%回收温度,延化140万吨/年柴油精制装置
337.9,ST040042,℃,2025-12-22 20:00:00,95%回收温度,延化140万吨/年柴油精制装置
77.0,ST040042,℃,2025-12-22 20:00:00,闪点(闭口),延化140万吨/年柴油精制装置
<-26,ST040042,℃,2025-12-22 20:00:00,凝点,延化140万吨/年柴油精制装置
871.3,ST040042,<p>kg/m<sup>3</sup></p>,2025-12-22 20:00:00,密度ρ20,延化140万吨/年柴油精制装置
2.00,ST040042,<p>ppm</p>,2025-12-22 20:00:00,硫含量,延化140万吨/年柴油精制装置
36,ST040042,,2025-12-22 20:00:00,十六烷指数,延化140万吨/年柴油精制装置
<-19,ST040042,℃,2025-12-22 20:00:00,冷滤点,延化140万吨/年柴油精制装置
36,ST040042,,2025-12-23 20:00:00,十六烷指数,延化140万吨/年柴油精制装置
78.0,ST040042,℃,2025-12-23 20:00:00,闪点(闭口),延化140万吨/年柴油精制装置
<-19,ST040042,℃,2025-12-23 20:00:00,冷滤点,延化140万吨/年柴油精制装置
<-26,ST040042,℃,2025-12-23 20:00:00,凝点,延化140万吨/年柴油精制装置
871.6,ST040042,<p>kg/m<sup>3</sup></p>,2025-12-23 20:00:00,密度ρ20,延化140万吨/年柴油精制装置
337.5,ST040042,℃,2025-12-23 20:00:00,95%回收温度,延化140万吨/年柴油精制装置
190.5,ST040042,℃,2025-12-23 20:00:00,初馏点,延化140万吨/年柴油精制装置
214.5,ST040042,℃,2025-12-23 20:00:00,10%回收温度,延化140万吨/年柴油精制装置
251.3,ST040042,℃,2025-12-23 20:00:00,50%回收温度,延化140万吨/年柴油精制装置
316.1,ST040042,℃,2025-12-23 20:00:00,90%回收温度,延化140万吨/年柴油精制装置
2.00,ST040042,<p>ppm</p>,2025-12-23 20:00:00,硫含量,延化140万吨/年柴油精制装置
191.9,ST040042,℃,2025-12-24 20:00:00,初馏点,延化140万吨/年柴油精制装置
215.5,ST040042,℃,2025-12-24 20:00:00,10%回收温度,延化140万吨/年柴油精制装置
251.5,ST040042,℃,2025-12-24 20:00:00,50%回收温度,延化140万吨/年柴油精制装置
316.1,ST040042,℃,2025-12-24 20:00:00,90%回收温度,延化140万吨/年柴油精制装置
337.7,ST040042,℃,2025-12-24 20:00:00,95%回收温度,延化140万吨/年柴油精制装置
78.0,ST040042,℃,2025-12-24 20:00:00,闪点(闭口),延化140万吨/年柴油精制装置
<-26,ST040042,℃,2025-12-24 20:00:00,凝点,延化140万吨/年柴油精制装置
871.9,ST040042,<p>kg/m<sup>3</sup></p>,2025-12-24 20:00:00,密度ρ20,延化140万吨/年柴油精制装置
2.00,ST040042,<p>ppm</p>,2025-12-24 20:00:00,硫含量,延化140万吨/年柴油精制装置
36,ST040042,,2025-12-24 20:00:00,十六烷指数,延化140万吨/年柴油精制装置
<-19,ST040042,℃,2025-12-24 20:00:00,冷滤点,延化140万吨/年柴油精制装置
315.1,ST040042,℃,2025-12-25 20:00:00,90%回收温度,延化140万吨/年柴油精制装置
189.4,ST040042,℃,2025-12-25 20:00:00,初馏点,延化140万吨/年柴油精制装置
214.1,ST040042,℃,2025-12-25 20:00:00,10%回收温度,延化140万吨/年柴油精制装置
250.6,ST040042,℃,2025-12-25 20:00:00,50%回收温度,延化140万吨/年柴油精制装置
336.9,ST040042,℃,2025-12-25 20:00:00,95%回收温度,延化140万吨/年柴油精制装置
79.0,ST040042,℃,2025-12-25 20:00:00,闪点(闭口),延化140万吨/年柴油精制装置
<-26,ST040042,℃,2025-12-25 20:00:00,凝点,延化140万吨/年柴油精制装置
871.2,ST040042,<p>kg/m<sup>3</sup></p>,2025-12-25 20:00:00,密度ρ20,延化140万吨/年柴油精制装置
2.00,ST040042,<p>ppm</p>,2025-12-25 20:00:00,硫含量,延化140万吨/年柴油精制装置
36,ST040042,,2025-12-25 20:00:00,十六烷指数,延化140万吨/年柴油精制装置
<-19,ST040042,℃,2025-12-25 20:00:00,冷滤点,延化140万吨/年柴油精制装置
315.7,ST040042,℃,2025-12-26 20:00:00,90%回收温度,延化140万吨/年柴油精制装置
191.9,ST040042,℃,2025-12-26 20:00:00,初馏点,延化140万吨/年柴油精制装置
215.3,ST040042,℃,2025-12-26 20:00:00,10%回收温度,延化140万吨/年柴油精制装置
251.3,ST040042,℃,2025-12-26 20:00:00,50%回收温度,延化140万吨/年柴油精制装置
337.6,ST040042,℃,2025-12-26 20:00:00,95%回收温度,延化140万吨/年柴油精制装置
78.0,ST040042,℃,2025-12-26 20:00:00,闪点(闭口),延化140万吨/年柴油精制装置
<-26,ST040042,℃,2025-12-26 20:00:00,凝点,延化140万吨/年柴油精制装置
871.4,ST040042,<p>kg/m<sup>3</sup></p>,2025-12-26 20:00:00,密度ρ20,延化140万吨/年柴油精制装置
3.00,ST040042,<p>ppm</p>,2025-12-26 20:00:00,硫含量,延化140万吨/年柴油精制装置
36,ST040042,,2025-12-26 20:00:00,十六烷指数,延化140万吨/年柴油精制装置
<-19,ST040042,℃,2025-12-26 20:00:00,冷滤点,延化140万吨/年柴油精制装置
192.7,ST040042,℃,2025-12-27 20:00:00,初馏点,延化140万吨/年柴油精制装置
215.7,ST040042,℃,2025-12-27 20:00:00,10%回收温度,延化140万吨/年柴油精制装置
251.5,ST040042,℃,2025-12-27 20:00:00,50%回收温度,延化140万吨/年柴油精制装置
315.7,ST040042,℃,2025-12-27 20:00:00,90%回收温度,延化140万吨/年柴油精制装置
337.4,ST040042,℃,2025-12-27 20:00:00,95%回收温度,延化140万吨/年柴油精制装置
77.0,ST040042,℃,2025-12-27 20:00:00,闪点(闭口),延化140万吨/年柴油精制装置
<-26,ST040042,℃,2025-12-27 20:00:00,凝点,延化140万吨/年柴油精制装置
871.8,ST040042,<p>kg/m<sup>3</sup></p>,2025-12-27 20:00:00,密度ρ20,延化140万吨/年柴油精制装置
2.00,ST040042,<p>ppm</p>,2025-12-27 20:00:00,硫含量,延化140万吨/年柴油精制装置
36,ST040042,,2025-12-27 20:00:00,十六烷指数,延化140万吨/年柴油精制装置
<-19,ST040042,℃,2025-12-27 20:00:00,冷滤点,延化140万吨/年柴油精制装置
336.4,ST040042,℃,2025-12-28 20:00:00,95%回收温度,延化140万吨/年柴油精制装置
214.7,ST040042,℃,2025-12-28 20:00:00,10%回收温度,延化140万吨/年柴油精制装置
250.6,ST040042,℃,2025-12-28 20:00:00,50%回收温度,延化140万吨/年柴油精制装置
314.8,ST040042,℃,2025-12-28 20:00:00,90%回收温度,延化140万吨/年柴油精制装置
191.3,ST040042,℃,2025-12-28 20:00:00,初馏点,延化140万吨/年柴油精制装置
79.0,ST040042,℃,2025-12-28 20:00:00,闪点(闭口),延化140万吨/年柴油精制装置
871.3,ST040042,<p>kg/m<sup>3</sup></p>,2025-12-28 20:00:00,密度ρ20,延化140万吨/年柴油精制装置
2.00,ST040042,<p>ppm</p>,2025-12-28 20:00:00,硫含量,延化140万吨/年柴油精制装置
<-19,ST040042,℃,2025-12-28 20:00:00,冷滤点,延化140万吨/年柴油精制装置
36,ST040042,,2025-12-28 20:00:00,十六烷指数,延化140万吨/年柴油精制装置
<-26,ST040042,℃,2025-12-28 20:00:00,凝点,延化140万吨/年柴油精制装置
871.1,ST040042,<p>kg/m<sup>3</sup></p>,2025-12-29 20:00:00,密度ρ20,延化140万吨/年柴油精制装置
<-19,ST040042,℃,2025-12-29 20:00:00,冷滤点,延化140万吨/年柴油精制装置
<-26,ST040042,℃,2025-12-29 20:00:00,凝点,延化140万吨/年柴油精制装置
2.00,ST040042,<p>ppm</p>,2025-12-29 20:00:00,硫含量,延化140万吨/年柴油精制装置
36,ST040042,,2025-12-29 20:00:00,十六烷指数,延化140万吨/年柴油精制装置
337.5,ST040042,℃,2025-12-29 20:00:00,95%回收温度,延化140万吨/年柴油精制装置
192.0,ST040042,℃,2025-12-29 20:00:00,初馏点,延化140万吨/年柴油精制装置
215.2,ST040042,℃,2025-12-29 20:00:00,10%回收温度,延化140万吨/年柴油精制装置
251.3,ST040042,℃,2025-12-29 20:00:00,50%回收温度,延化140万吨/年柴油精制装置
316.0,ST040042,℃,2025-12-29 20:00:00,90%回收温度,延化140万吨/年柴油精制装置
79.0,ST040042,℃,2025-12-29 20:00:00,闪点(闭口),延化140万吨/年柴油精制装置
315.7,ST040042,℃,2025-12-30 20:00:00,90%回收温度,延化140万吨/年柴油精制装置
192.0,ST040042,℃,2025-12-30 20:00:00,初馏点,延化140万吨/年柴油精制装置
215.7,ST040042,℃,2025-12-30 20:00:00,10%回收温度,延化140万吨/年柴油精制装置
251.5,ST040042,℃,2025-12-30 20:00:00,50%回收温度,延化140万吨/年柴油精制装置
337.4,ST040042,℃,2025-12-30 20:00:00,95%回收温度,延化140万吨/年柴油精制装置
78.0,ST040042,℃,2025-12-30 20:00:00,闪点(闭口),延化140万吨/年柴油精制装置
<-26,ST040042,℃,2025-12-30 20:00:00,凝点,延化140万吨/年柴油精制装置
871.0,ST040042,<p>kg/m<sup>3</sup></p>,2025-12-30 20:00:00,密度ρ20,延化140万吨/年柴油精制装置
3.00,ST040042,<p>ppm</p>,2025-12-30 20:00:00,硫含量,延化140万吨/年柴油精制装置
36,ST040042,,2025-12-30 20:00:00,十六烷指数,延化140万吨/年柴油精制装置
<-19,ST040042,℃,2025-12-30 20:00:00,冷滤点,延化140万吨/年柴油精制装置
36,ST040042,,2025-12-31 20:00:00,十六烷指数,延化140万吨/年柴油精制装置
249.5,ST040042,℃,2025-12-31 20:00:00,50%回收温度,延化140万吨/年柴油精制装置
312.4,ST040042,℃,2025-12-31 20:00:00,90%回收温度,延化140万吨/年柴油精制装置
334.6,ST040042,℃,2025-12-31 20:00:00,95%回收温度,延化140万吨/年柴油精制装置
3.50,ST040042,<p>ppm</p>,2025-12-31 20:00:00,硫含量,延化140万吨/年柴油精制装置
76.0,ST040042,℃,2025-12-31 20:00:00,闪点(闭口),延化140万吨/年柴油精制装置
214.3,ST040042,℃,2025-12-31 20:00:00,10%回收温度,延化140万吨/年柴油精制装置
<-19,ST040042,℃,2025-12-31 20:00:00,冷滤点,延化140万吨/年柴油精制装置
<-26,ST040042,℃,2025-12-31 20:00:00,凝点,延化140万吨/年柴油精制装置
871.0,ST040042,<p>kg/m<sup>3</sup></p>,2025-12-31 20:00:00,密度ρ20,延化140万吨/年柴油精制装置
189.4,ST040042,℃,2025-12-31 20:00:00,初馏点,延化140万吨/年柴油精制装置
870.8,ST040042,<p>kg/m<sup>3</sup></p>,2026-01-01 20:00:00,密度ρ20,延化140万吨/年柴油精制装置
3.00,ST040042,<p>ppm</p>,2026-01-01 20:00:00,硫含量,延化140万吨/年柴油精制装置
36,ST040042,,2026-01-01 20:00:00,十六烷指数,延化140万吨/年柴油精制装置
77.0,ST040042,℃,2026-01-01 20:00:00,闪点(闭口),延化140万吨/年柴油精制装置
188.8,ST040042,℃,2026-01-01 20:00:00,初馏点,延化140万吨/年柴油精制装置
334.6,ST040042,℃,2026-01-01 20:00:00,95%回收温度,延化140万吨/年柴油精制装置
248.6,ST040042,℃,2026-01-01 20:00:00,50%回收温度,延化140万吨/年柴油精制装置
<-19,ST040042,℃,2026-01-01 20:00:00,冷滤点,延化140万吨/年柴油精制装置
<-26,ST040042,℃,2026-01-01 20:00:00,凝点,延化140万吨/年柴油精制装置
312.2,ST040042,℃,2026-01-01 20:00:00,90%回收温度,延化140万吨/年柴油精制装置
213.6,ST040042,℃,2026-01-01 20:00:00,10%回收温度,延化140万吨/年柴油精制装置
<-19,ST040042,℃,2026-01-02 20:00:00,冷滤点,延化140万吨/年柴油精制装置
<-26,ST040042,℃,2026-01-02 20:00:00,凝点,延化140万吨/年柴油精制装置
871.5,ST040042,<p>kg/m<sup>3</sup></p>,2026-01-02 20:00:00,密度ρ20,延化140万吨/年柴油精制装置
3.00,ST040042,<p>ppm</p>,2026-01-02 20:00:00,硫含量,延化140万吨/年柴油精制装置
35,ST040042,,2026-01-02 20:00:00,十六烷指数,延化140万吨/年柴油精制装置
333.5,ST040042,℃,2026-01-02 20:00:00,95%回收温度,延化140万吨/年柴油精制装置
186.3,ST040042,℃,2026-01-02 20:00:00,初馏点,延化140万吨/年柴油精制装置
211.8,ST040042,℃,2026-01-02 20:00:00,10%回收温度,延化140万吨/年柴油精制装置
247.4,ST040042,℃,2026-01-02 20:00:00,50%回收温度,延化140万吨/年柴油精制装置
310.9,ST040042,℃,2026-01-02 20:00:00,90%回收温度,延化140万吨/年柴油精制装置
76.0,ST040042,℃,2026-01-02 20:00:00,闪点(闭口),延化140万吨/年柴油精制装置
186.3,ST040042,℃,2026-01-03 20:00:00,初馏点,延化140万吨/年柴油精制装置
<-19,ST040042,℃,2026-01-03 20:00:00,冷滤点,延化140万吨/年柴油精制装置
871.5,ST040042,<p>kg/m<sup>3</sup></p>,2026-01-03 20:00:00,密度ρ20,延化140万吨/年柴油精制装置
3.50,ST040042,<p>ppm</p>,2026-01-03 20:00:00,硫含量,延化140万吨/年柴油精制装置
35,ST040042,,2026-01-03 20:00:00,十六烷指数,延化140万吨/年柴油精制装置
<-26,ST040042,℃,2026-01-03 20:00:00,凝点,延化140万吨/年柴油精制装置
212.0,ST040042,℃,2026-01-03 20:00:00,10%回收温度,延化140万吨/年柴油精制装置
247.5,ST040042,℃,2026-01-03 20:00:00,50%回收温度,延化140万吨/年柴油精制装置
310.7,ST040042,℃,2026-01-03 20:00:00,90%回收温度,延化140万吨/年柴油精制装置
333.2,ST040042,℃,2026-01-03 20:00:00,95%回收温度,延化140万吨/年柴油精制装置
76.0,ST040042,℃,2026-01-03 20:00:00,闪点(闭口),延化140万吨/年柴油精制装置
<-19,ST040042,℃,2026-01-04 20:00:00,冷滤点,延化140万吨/年柴油精制装置
<-26,ST040042,℃,2026-01-04 20:00:00,凝点,延化140万吨/年柴油精制装置
186.7,ST040042,℃,2026-01-04 20:00:00,初馏点,延化140万吨/年柴油精制装置
870.7,ST040042,<p>kg/m<sup>3</sup></p>,2026-01-04 20:00:00,密度ρ20,延化140万吨/年柴油精制装置
3.00,ST040042,<p>ppm</p>,2026-01-04 20:00:00,硫含量,延化140万吨/年柴油精制装置
332.5,ST040042,℃,2026-01-04 20:00:00,95%回收温度,延化140万吨/年柴油精制装置
76.0,ST040042,℃,2026-01-04 20:00:00,闪点(闭口),延化140万吨/年柴油精制装置
211.5,ST040042,℃,2026-01-04 20:00:00,10%回收温度,延化140万吨/年柴油精制装置
246.7,ST040042,℃,2026-01-04 20:00:00,50%回收温度,延化140万吨/年柴油精制装置
309.8,ST040042,℃,2026-01-04 20:00:00,90%回收温度,延化140万吨/年柴油精制装置
35,ST040042,,2026-01-04 20:00:00,十六烷指数,延化140万吨/年柴油精制装置
<-19,ST040042,℃,2026-01-05 20:00:00,冷滤点,延化140万吨/年柴油精制装置
<-26,ST040042,℃,2026-01-05 20:00:00,凝点,延化140万吨/年柴油精制装置
868.6,ST040042,<p>kg/m<sup>3</sup></p>,2026-01-05 20:00:00,密度ρ20,延化140万吨/年柴油精制装置
35,ST040042,,2026-01-05 20:00:00,十六烷指数,延化140万吨/年柴油精制装置
74.0,ST040042,℃,2026-01-05 20:00:00,闪点(闭口),延化140万吨/年柴油精制装置
3.00,ST040042,<p>ppm</p>,2026-01-05 20:00:00,硫含量,延化140万吨/年柴油精制装置
209.9,ST040042,℃,2026-01-05 20:00:00,10%回收温度,延化140万吨/年柴油精制装置
245.7,ST040042,℃,2026-01-05 20:00:00,50%回收温度,延化140万吨/年柴油精制装置
308.2,ST040042,℃,2026-01-05 20:00:00,90%回收温度,延化140万吨/年柴油精制装置
330.9,ST040042,℃,2026-01-05 20:00:00,95%回收温度,延化140万吨/年柴油精制装置
184.1,ST040042,℃,2026-01-05 20:00:00,初馏点,延化140万吨/年柴油精制装置
308.6,ST040042,℃,2026-01-06 20:00:00,90%回收温度,延化140万吨/年柴油精制装置
331.4,ST040042,℃,2026-01-06 20:00:00,95%回收温度,延化140万吨/年柴油精制装置
<-19,ST040042,℃,2026-01-06 20:00:00,冷滤点,延化140万吨/年柴油精制装置
<-26,ST040042,℃,2026-01-06 20:00:00,凝点,延化140万吨/年柴油精制装置
869.9,ST040042,<p>kg/m<sup>3</sup></p>,2026-01-06 20:00:00,密度ρ20,延化140万吨/年柴油精制装置
246.1,ST040042,℃,2026-01-06 20:00:00,50%回收温度,延化140万吨/年柴油精制装置
35,ST040042,,2026-01-06 20:00:00,十六烷指数,延化140万吨/年柴油精制装置
75.0,ST040042,℃,2026-01-06 20:00:00,闪点(闭口),延化140万吨/年柴油精制装置
186.7,ST040042,℃,2026-01-06 20:00:00,初馏点,延化140万吨/年柴油精制装置
211.5,ST040042,℃,2026-01-06 20:00:00,10%回收温度,延化140万吨/年柴油精制装置
2.00,ST040042,<p>ppm</p>,2026-01-06 20:00:00,硫含量,延化140万吨/年柴油精制装置
246.8,ST040042,℃,2026-01-07 20:00:00,50%回收温度,延化140万吨/年柴油精制装置
186.2,ST040042,℃,2026-01-07 20:00:00,初馏点,延化140万吨/年柴油精制装置
211.4,ST040042,℃,2026-01-07 20:00:00,10%回收温度,延化140万吨/年柴油精制装置
308.9,ST040042,℃,2026-01-07 20:00:00,90%回收温度,延化140万吨/年柴油精制装置
331.5,ST040042,℃,2026-01-07 20:00:00,95%回收温度,延化140万吨/年柴油精制装置
35,ST040042,,2026-01-07 20:00:00,十六烷指数,延化140万吨/年柴油精制装置
<-19,ST040042,℃,2026-01-07 20:00:00,冷滤点,延化140万吨/年柴油精制装置
<-26,ST040042,℃,2026-01-07 20:00:00,凝点,延化140万吨/年柴油精制装置
869.7,ST040042,<p>kg/m<sup>3</sup></p>,2026-01-07 20:00:00,密度ρ20,延化140万吨/年柴油精制装置
2.00,ST040042,<p>ppm</p>,2026-01-07 20:00:00,硫含量,延化140万吨/年柴油精制装置
75.0,ST040042,℃,2026-01-07 20:00:00,闪点(闭口),延化140万吨/年柴油精制装置
3.00,ST040042,<p>ppm</p>,2026-01-08 20:00:00,硫含量,延化140万吨/年柴油精制装置
<-19,ST040042,℃,2026-01-08 20:00:00,冷滤点,延化140万吨/年柴油精制装置
<-26,ST040042,℃,2026-01-08 20:00:00,凝点,延化140万吨/年柴油精制装置
870.1,ST040042,<p>kg/m<sup>3</sup></p>,2026-01-08 20:00:00,密度ρ20,延化140万吨/年柴油精制装置
35,ST040042,,2026-01-08 20:00:00,十六烷指数,延化140万吨/年柴油精制装置
307.2,ST040042,℃,2026-01-08 20:00:00,90%回收温度,延化140万吨/年柴油精制装置
75.0,ST040042,℃,2026-01-08 20:00:00,闪点(闭口),延化140万吨/年柴油精制装置
184.8,ST040042,℃,2026-01-08 20:00:00,初馏点,延化140万吨/年柴油精制装置
210.4,ST040042,℃,2026-01-08 20:00:00,10%回收温度,延化140万吨/年柴油精制装置
245.6,ST040042,℃,2026-01-08 20:00:00,50%回收温度,延化140万吨/年柴油精制装置
329.8,ST040042,℃,2026-01-08 20:00:00,95%回收温度,延化140万吨/年柴油精制装置
307.7,ST040042,℃,2026-01-09 20:00:00,90%回收温度,延化140万吨/年柴油精制装置
183.4,ST040042,℃,2026-01-09 20:00:00,初馏点,延化140万吨/年柴油精制装置
211.2,ST040042,℃,2026-01-09 20:00:00,10%回收温度,延化140万吨/年柴油精制装置
246.9,ST040042,℃,2026-01-09 20:00:00,50%回收温度,延化140万吨/年柴油精制装置
329.7,ST040042,℃,2026-01-09 20:00:00,95%回收温度,延化140万吨/年柴油精制装置
75.0,ST040042,℃,2026-01-09 20:00:00,闪点(闭口),延化140万吨/年柴油精制装置
<-26,ST040042,℃,2026-01-09 20:00:00,凝点,延化140万吨/年柴油精制装置
870.1,ST040042,<p>kg/m<sup>3</sup></p>,2026-01-09 20:00:00,密度ρ20,延化140万吨/年柴油精制装置
2.00,ST040042,<p>ppm</p>,2026-01-09 20:00:00,硫含量,延化140万吨/年柴油精制装置
35,ST040042,,2026-01-09 20:00:00,十六烷指数,延化140万吨/年柴油精制装置
<-19,ST040042,℃,2026-01-09 20:00:00,冷滤点,延化140万吨/年柴油精制装置
870.4,ST040042,<p>kg/m<sup>3</sup></p>,2026-01-10 20:00:00,密度ρ20,延化140万吨/年柴油精制装置
2.00,ST040042,<p>ppm</p>,2026-01-10 20:00:00,硫含量,延化140万吨/年柴油精制装置
35,ST040042,,2026-01-10 20:00:00,十六烷指数,延化140万吨/年柴油精制装置
<-19,ST040042,℃,2026-01-10 20:00:00,冷滤点,延化140万吨/年柴油精制装置
<-26,ST040042,℃,2026-01-10 20:00:00,凝点,延化140万吨/年柴油精制装置
330.4,ST040042,℃,2026-01-10 20:00:00,95%回收温度,延化140万吨/年柴油精制装置
187.7,ST040042,℃,2026-01-10 20:00:00,初馏点,延化140万吨/年柴油精制装置
212.0,ST040042,℃,2026-01-10 20:00:00,10%回收温度,延化140万吨/年柴油精制装置
246.3,ST040042,℃,2026-01-10 20:00:00,50%回收温度,延化140万吨/年柴油精制装置
308.0,ST040042,℃,2026-01-10 20:00:00,90%回收温度,延化140万吨/年柴油精制装置
77.0,ST040042,℃,2026-01-10 20:00:00,闪点(闭口),延化140万吨/年柴油精制装置
247.0,ST040042,℃,2026-01-11 20:00:00,50%回收温度,延化140万吨/年柴油精制装置
187.5,ST040042,℃,2026-01-11 20:00:00,初馏点,延化140万吨/年柴油精制装置
212.0,ST040042,℃,2026-01-11 20:00:00,10%回收温度,延化140万吨/年柴油精制装置
309.0,ST040042,℃,2026-01-11 20:00:00,90%回收温度,延化140万吨/年柴油精制装置
331.3,ST040042,℃,2026-01-11 20:00:00,95%回收温度,延化140万吨/年柴油精制装置
77.0,ST040042,℃,2026-01-11 20:00:00,闪点(闭口),延化140万吨/年柴油精制装置
<-26,ST040042,℃,2026-01-11 20:00:00,凝点,延化140万吨/年柴油精制装置
869.9,ST040042,<p>kg/m<sup>3</sup></p>,2026-01-11 20:00:00,密度ρ20,延化140万吨/年柴油精制装置
3.00,ST040042,<p>ppm</p>,2026-01-11 20:00:00,硫含量,延化140万吨/年柴油精制装置
36,ST040042,,2026-01-11 20:00:00,十六烷指数,延化140万吨/年柴油精制装置
<-19,ST040042,℃,2026-01-11 20:00:00,冷滤点,延化140万吨/年柴油精制装置
868.0,ST040042,<p>kg/m<sup>3</sup></p>,2026-01-12 20:00:00,密度ρ20,延化140万吨/年柴油精制装置
3.00,ST040042,<p>ppm</p>,2026-01-12 20:00:00,硫含量,延化140万吨/年柴油精制装置
36,ST040042,,2026-01-12 20:00:00,十六烷指数,延化140万吨/年柴油精制装置
<-19,ST040042,℃,2026-01-12 20:00:00,冷滤点,延化140万吨/年柴油精制装置
<-26,ST040042,℃,2026-01-12 20:00:00,凝点,延化140万吨/年柴油精制装置
78.0,ST040042,℃,2026-01-12 20:00:00,闪点(闭口),延化140万吨/年柴油精制装置
213.1,ST040042,℃,2026-01-12 20:00:00,10%回收温度,延化140万吨/年柴油精制装置
247.6,ST040042,℃,2026-01-12 20:00:00,50%回收温度,延化140万吨/年柴油精制装置
308.6,ST040042,℃,2026-01-12 20:00:00,90%回收温度,延化140万吨/年柴油精制装置
330.7,ST040042,℃,2026-01-12 20:00:00,95%回收温度,延化140万吨/年柴油精制装置
188.7,ST040042,℃,2026-01-12 20:00:00,初馏点,延化140万吨/年柴油精制装置
<-19,ST040042,℃,2026-01-13 20:00:00,冷滤点,延化140万吨/年柴油精制装置
<-26,ST040042,℃,2026-01-13 20:00:00,凝点,延化140万吨/年柴油精制装置
3.00,ST040042,<p>ppm</p>,2026-01-13 20:00:00,硫含量,延化140万吨/年柴油精制装置
36,ST040042,,2026-01-13 20:00:00,十六烷指数,延化140万吨/年柴油精制装置
77.0,ST040042,℃,2026-01-13 20:00:00,闪点(闭口),延化140万吨/年柴油精制装置
869.8,ST040042,<p>kg/m<sup>3</sup></p>,2026-01-13 20:00:00,密度ρ20,延化140万吨/年柴油精制装置
212.7,ST040042,℃,2026-01-13 20:00:00,10%回收温度,延化140万吨/年柴油精制装置
247.5,ST040042,℃,2026-01-13 20:00:00,50%回收温度,延化140万吨/年柴油精制装置
308.3,ST040042,℃,2026-01-13 20:00:00,90%回收温度,延化140万吨/年柴油精制装置
330.2,ST040042,℃,2026-01-13 20:00:00,95%回收温度,延化140万吨/年柴油精制装置
187.9,ST040042,℃,2026-01-13 20:00:00,初馏点,延化140万吨/年柴油精制装置
187.6,ST040042,℃,2026-01-14 20:00:00,初馏点,延化140万吨/年柴油精制装置
211.8,ST040042,℃,2026-01-14 20:00:00,10%回收温度,延化140万吨/年柴油精制装置
246.2,ST040042,℃,2026-01-14 20:00:00,50%回收温度,延化140万吨/年柴油精制装置
307.8,ST040042,℃,2026-01-14 20:00:00,90%回收温度,延化140万吨/年柴油精制装置
330.0,ST040042,℃,2026-01-14 20:00:00,95%回收温度,延化140万吨/年柴油精制装置
78.0,ST040042,℃,2026-01-14 20:00:00,闪点(闭口),延化140万吨/年柴油精制装置
<-26,ST040042,℃,2026-01-14 20:00:00,凝点,延化140万吨/年柴油精制装置
870.1,ST040042,<p>kg/m<sup>3</sup></p>,2026-01-14 20:00:00,密度ρ20,延化140万吨/年柴油精制装置
2.00,ST040042,<p>ppm</p>,2026-01-14 20:00:00,硫含量,延化140万吨/年柴油精制装置
35,ST040042,,2026-01-14 20:00:00,十六烷指数,延化140万吨/年柴油精制装置
<-19,ST040042,℃,2026-01-14 20:00:00,冷滤点,延化140万吨/年柴油精制装置
308.2,ST040042,℃,2026-01-15 20:00:00,90%回收温度,延化140万吨/年柴油精制装置
184.6,ST040042,℃,2026-01-15 20:00:00,初馏点,延化140万吨/年柴油精制装置
209.6,ST040042,℃,2026-01-15 20:00:00,10%回收温度,延化140万吨/年柴油精制装置
246.3,ST040042,℃,2026-01-15 20:00:00,50%回收温度,延化140万吨/年柴油精制装置
330.3,ST040042,℃,2026-01-15 20:00:00,95%回收温度,延化140万吨/年柴油精制装置
77.0,ST040042,℃,2026-01-15 20:00:00,闪点(闭口),延化140万吨/年柴油精制装置
<-19,ST040042,℃,2026-01-15 20:00:00,冷滤点,延化140万吨/年柴油精制装置
<-26,ST040042,℃,2026-01-15 20:00:00,凝点,延化140万吨/年柴油精制装置
869.6,ST040042,<p>kg/m<sup>3</sup></p>,2026-01-15 20:00:00,密度ρ20,延化140万吨/年柴油精制装置
35,ST040042,,2026-01-15 20:00:00,十六烷指数,延化140万吨/年柴油精制装置
3.00,ST040042,<p>ppm</p>,2026-01-15 20:00:00,硫含量,延化140万吨/年柴油精制装置
182.4,ST040042,℃,2026-01-16 20:00:00,初馏点,延化140万吨/年柴油精制装置
209.8,ST040042,℃,2026-01-16 20:00:00,10%回收温度,延化140万吨/年柴油精制装置
247.2,ST040042,℃,2026-01-16 20:00:00,50%回收温度,延化140万吨/年柴油精制装置
309.6,ST040042,℃,2026-01-16 20:00:00,90%回收温度,延化140万吨/年柴油精制装置
331.8,ST040042,℃,2026-01-16 20:00:00,95%回收温度,延化140万吨/年柴油精制装置
78.0,ST040042,℃,2026-01-16 20:00:00,闪点(闭口),延化140万吨/年柴油精制装置
<-26,ST040042,℃,2026-01-16 20:00:00,凝点,延化140万吨/年柴油精制装置
868.3,ST040042,<p>kg/m<sup>3</sup></p>,2026-01-16 20:00:00,密度ρ20,延化140万吨/年柴油精制装置
3.00,ST040042,<p>ppm</p>,2026-01-16 20:00:00,硫含量,延化140万吨/年柴油精制装置
36,ST040042,,2026-01-16 20:00:00,十六烷指数,延化140万吨/年柴油精制装置
<-19,ST040042,℃,2026-01-16 20:00:00,冷滤点,延化140万吨/年柴油精制装置
331.5,ST040042,℃,2026-01-17 20:00:00,95%回收温度,延化140万吨/年柴油精制装置
212.2,ST040042,℃,2026-01-17 20:00:00,10%回收温度,延化140万吨/年柴油精制装置
247.6,ST040042,℃,2026-01-17 20:00:00,50%回收温度,延化140万吨/年柴油精制装置
309.6,ST040042,℃,2026-01-17 20:00:00,90%回收温度,延化140万吨/年柴油精制装置
<-19,ST040042,℃,2026-01-17 20:00:00,冷滤点,延化140万吨/年柴油精制装置
77.0,ST040042,℃,2026-01-17 20:00:00,闪点(闭口),延化140万吨/年柴油精制装置
<-26,ST040042,℃,2026-01-17 20:00:00,凝点,延化140万吨/年柴油精制装置
867.7,ST040042,<p>kg/m<sup>3</sup></p>,2026-01-17 20:00:00,密度ρ20,延化140万吨/年柴油精制装置
3.00,ST040042,<p>ppm</p>,2026-01-17 20:00:00,硫含量,延化140万吨/年柴油精制装置
36,ST040042,,2026-01-17 20:00:00,十六烷指数,延化140万吨/年柴油精制装置
187.1,ST040042,℃,2026-01-17 20:00:00,初馏点,延化140万吨/年柴油精制装置
<-19,ST040042,℃,2026-01-18 20:00:00,冷滤点,延化140万吨/年柴油精制装置
<-26,ST040042,℃,2026-01-18 20:00:00,凝点,延化140万吨/年柴油精制装置
869.5,ST040042,<p>kg/m<sup>3</sup></p>,2026-01-18 20:00:00,密度ρ20,延化140万吨/年柴油精制装置
36,ST040042,,2026-01-18 20:00:00,十六烷指数,延化140万吨/年柴油精制装置
78.0,ST040042,℃,2026-01-18 20:00:00,闪点(闭口),延化140万吨/年柴油精制装置
3.00,ST040042,<p>ppm</p>,2026-01-18 20:00:00,硫含量,延化140万吨/年柴油精制装置
331.0,ST040042,℃,2026-01-18 20:00:00,95%回收温度,延化140万吨/年柴油精制装置
213.7,ST040042,℃,2026-01-18 20:00:00,10%回收温度,延化140万吨/年柴油精制装置
248.4,ST040042,℃,2026-01-18 20:00:00,50%回收温度,延化140万吨/年柴油精制装置
309.4,ST040042,℃,2026-01-18 20:00:00,90%回收温度,延化140万吨/年柴油精制装置
190.1,ST040042,℃,2026-01-18 20:00:00,初馏点,延化140万吨/年柴油精制装置
331.0,ST040042,℃,2026-01-19 20:00:00,95%回收温度,延化140万吨/年柴油精制装置
<-26,ST040042,℃,2026-01-19 20:00:00,凝点,延化140万吨/年柴油精制装置
<-19,ST040042,℃,2026-01-19 20:00:00,冷滤点,延化140万吨/年柴油精制装置
191.6,ST040042,℃,2026-01-19 20:00:00,初馏点,延化140万吨/年柴油精制装置
214.4,ST040042,℃,2026-01-19 20:00:00,10%回收温度,延化140万吨/年柴油精制装置
79.0,ST040042,℃,2026-01-19 20:00:00,闪点(闭口),延化140万吨/年柴油精制装置
309.6,ST040042,℃,2026-01-19 20:00:00,90%回收温度,延化140万吨/年柴油精制装置
869.0,ST040042,<p>kg/m<sup>3</sup></p>,2026-01-19 20:00:00,密度ρ20,延化140万吨/年柴油精制装置
2.00,ST040042,<p>ppm</p>,2026-01-19 20:00:00,硫含量,延化140万吨/年柴油精制装置
36,ST040042,,2026-01-19 20:00:00,十六烷指数,延化140万吨/年柴油精制装置
248.8,ST040042,℃,2026-01-19 20:00:00,50%回收温度,延化140万吨/年柴油精制装置
<-19,ST040042,℃,2026-01-20 20:00:00,冷滤点,延化140万吨/年柴油精制装置
<-26,ST040042,℃,2026-01-20 20:00:00,凝点,延化140万吨/年柴油精制装置
78.0,ST040042,℃,2026-01-20 20:00:00,闪点(闭口),延化140万吨/年柴油精制装置
309.0,ST040042,℃,2026-01-20 20:00:00,90%回收温度,延化140万吨/年柴油精制装置
186.3,ST040042,℃,2026-01-20 20:00:00,初馏点,延化140万吨/年柴油精制装置
36,ST040042,,2026-01-20 20:00:00,十六烷指数,延化140万吨/年柴油精制装置
247.5,ST040042,℃,2026-01-20 20:00:00,50%回收温度,延化140万吨/年柴油精制装置
330.8,ST040042,℃,2026-01-20 20:00:00,95%回收温度,延化140万吨/年柴油精制装置
868.8,ST040042,<p>kg/m<sup>3</sup></p>,2026-01-20 20:00:00,密度ρ20,延化140万吨/年柴油精制装置
6.00,ST040042,<p>ppm</p>,2026-01-20 20:00:00,硫含量,延化140万吨/年柴油精制装置
212.0,ST040042,℃,2026-01-20 20:00:00,10%回收温度,延化140万吨/年柴油精制装置
188.3,ST040042,℃,2026-01-21 20:00:00,初馏点,延化140万吨/年柴油精制装置
213.1,ST040042,℃,2026-01-21 20:00:00,10%回收温度,延化140万吨/年柴油精制装置
247.9,ST040042,℃,2026-01-21 20:00:00,50%回收温度,延化140万吨/年柴油精制装置
308.6,ST040042,℃,2026-01-21 20:00:00,90%回收温度,延化140万吨/年柴油精制装置
330.0,ST040042,℃,2026-01-21 20:00:00,95%回收温度,延化140万吨/年柴油精制装置
36,ST040042,,2026-01-21 20:00:00,十六烷指数,延化140万吨/年柴油精制装置
<-19,ST040042,℃,2026-01-21 20:00:00,冷滤点,延化140万吨/年柴油精制装置
<-26,ST040042,℃,2026-01-21 20:00:00,凝点,延化140万吨/年柴油精制装置
867.6,ST040042,<p>kg/m<sup>3</sup></p>,2026-01-21 20:00:00,密度ρ20,延化140万吨/年柴油精制装置
5.00,ST040042,<p>ppm</p>,2026-01-21 20:00:00,硫含量,延化140万吨/年柴油精制装置
79.0,ST040042,℃,2026-01-21 20:00:00,闪点(闭口),延化140万吨/年柴油精制装置
329.5,ST040042,℃,2026-01-22 20:00:00,95%回收温度,延化140万吨/年柴油精制装置
36,ST040042,,2026-01-22 20:00:00,十六烷指数,延化140万吨/年柴油精制装置
76.0,ST040042,℃,2026-01-22 20:00:00,闪点(闭口),延化140万吨/年柴油精制装置
<-26,ST040042,℃,2026-01-22 20:00:00,凝点,延化140万吨/年柴油精制装置
867.6,ST040042,<p>kg/m<sup>3</sup></p>,2026-01-22 20:00:00,密度ρ20,延化140万吨/年柴油精制装置
246.3,ST040042,℃,2026-01-22 20:00:00,50%回收温度,延化140万吨/年柴油精制装置
<-19,ST040042,℃,2026-01-22 20:00:00,冷滤点,延化140万吨/年柴油精制装置
307.7,ST040042,℃,2026-01-22 20:00:00,90%回收温度,延化140万吨/年柴油精制装置
186.0,ST040042,℃,2026-01-22 20:00:00,初馏点,延化140万吨/年柴油精制装置
210.9,ST040042,℃,2026-01-22 20:00:00,10%回收温度,延化140万吨/年柴油精制装置
4.00,ST040042,<p>ppm</p>,2026-01-22 20:00:00,硫含量,延化140万吨/年柴油精制装置
187.6,ST040042,℃,2026-01-23 20:00:00,初馏点,延化140万吨/年柴油精制装置
212.1,ST040042,℃,2026-01-23 20:00:00,10%回收温度,延化140万吨/年柴油精制装置
247.1,ST040042,℃,2026-01-23 20:00:00,50%回收温度,延化140万吨/年柴油精制装置
308.5,ST040042,℃,2026-01-23 20:00:00,90%回收温度,延化140万吨/年柴油精制装置
867.4,ST040042,<p>kg/m<sup>3</sup></p>,2026-01-23 20:00:00,密度ρ20,延化140万吨/年柴油精制装置
76.0,ST040042,℃,2026-01-23 20:00:00,闪点(闭口),延化140万吨/年柴油精制装置
<-19,ST040042,℃,2026-01-23 20:00:00,冷滤点,延化140万吨/年柴油精制装置
<-26,ST040042,℃,2026-01-23 20:00:00,凝点,延化140万吨/年柴油精制装置
5.00,ST040042,<p>ppm</p>,2026-01-23 20:00:00,硫含量,延化140万吨/年柴油精制装置
36,ST040042,,2026-01-23 20:00:00,十六烷指数,延化140万吨/年柴油精制装置
330.3,ST040042,℃,2026-01-23 20:00:00,95%回收温度,延化140万吨/年柴油精制装置
308.8,ST040042,℃,2026-01-24 20:00:00,90%回收温度,延化140万吨/年柴油精制装置
187.7,ST040042,℃,2026-01-24 20:00:00,初馏点,延化140万吨/年柴油精制装置
211.9,ST040042,℃,2026-01-24 20:00:00,10%回收温度,延化140万吨/年柴油精制装置
246.9,ST040042,℃,2026-01-24 20:00:00,50%回收温度,延化140万吨/年柴油精制装置
330.6,ST040042,℃,2026-01-24 20:00:00,95%回收温度,延化140万吨/年柴油精制装置
77.0,ST040042,℃,2026-01-24 20:00:00,闪点(闭口),延化140万吨/年柴油精制装置
<-26,ST040042,℃,2026-01-24 20:00:00,凝点,延化140万吨/年柴油精制装置
866.4,ST040042,<p>kg/m<sup>3</sup></p>,2026-01-24 20:00:00,密度ρ20,延化140万吨/年柴油精制装置
5.00,ST040042,<p>ppm</p>,2026-01-24 20:00:00,硫含量,延化140万吨/年柴油精制装置
36,ST040042,,2026-01-24 20:00:00,十六烷指数,延化140万吨/年柴油精制装置
<-19,ST040042,℃,2026-01-24 20:00:00,冷滤点,延化140万吨/年柴油精制装置
331.0,ST040042,℃,2026-01-25 20:00:00,95%回收温度,延化140万吨/年柴油精制装置
189.2,ST040042,℃,2026-01-25 20:00:00,初馏点,延化140万吨/年柴油精制装置
212.7,ST040042,℃,2026-01-25 20:00:00,10%回收温度,延化140万吨/年柴油精制装置
247.5,ST040042,℃,2026-01-25 20:00:00,50%回收温度,延化140万吨/年柴油精制装置
309.3,ST040042,℃,2026-01-25 20:00:00,90%回收温度,延化140万吨/年柴油精制装置
<-19,ST040042,℃,2026-01-25 20:00:00,冷滤点,延化140万吨/年柴油精制装置
<-26,ST040042,℃,2026-01-25 20:00:00,凝点,延化140万吨/年柴油精制装置
866.6,ST040042,<p>kg/m<sup>3</sup></p>,2026-01-25 20:00:00,密度ρ20,延化140万吨/年柴油精制装置
5.00,ST040042,<p>ppm</p>,2026-01-25 20:00:00,硫含量,延化140万吨/年柴油精制装置
37,ST040042,,2026-01-25 20:00:00,十六烷指数,延化140万吨/年柴油精制装置
79.0,ST040042,℃,2026-01-25 20:00:00,闪点(闭口),延化140万吨/年柴油精制装置
187.5,ST040042,℃,2026-01-26 20:00:00,初馏点,延化140万吨/年柴油精制装置
212.3,ST040042,℃,2026-01-26 20:00:00,10%回收温度,延化140万吨/年柴油精制装置
247.5,ST040042,℃,2026-01-26 20:00:00,50%回收温度,延化140万吨/年柴油精制装置
309.6,ST040042,℃,2026-01-26 20:00:00,90%回收温度,延化140万吨/年柴油精制装置
331.4,ST040042,℃,2026-01-26 20:00:00,95%回收温度,延化140万吨/年柴油精制装置
78.0,ST040042,℃,2026-01-26 20:00:00,闪点(闭口),延化140万吨/年柴油精制装置
<-26,ST040042,℃,2026-01-26 20:00:00,凝点,延化140万吨/年柴油精制装置
866.3,ST040042,<p>kg/m<sup>3</sup></p>,2026-01-26 20:00:00,密度ρ20,延化140万吨/年柴油精制装置
4.00,ST040042,<p>ppm</p>,2026-01-26 20:00:00,硫含量,延化140万吨/年柴油精制装置
36,ST040042,,2026-01-26 20:00:00,十六烷指数,延化140万吨/年柴油精制装置
<-19,ST040042,℃,2026-01-26 20:00:00,冷滤点,延化140万吨/年柴油精制装置
213.7,ST040042,℃,2026-01-27 20:00:00,10%回收温度,延化140万吨/年柴油精制装置
248.6,ST040042,℃,2026-01-27 20:00:00,50%回收温度,延化140万吨/年柴油精制装置
190.7,ST040042,℃,2026-01-27 20:00:00,初馏点,延化140万吨/年柴油精制装置
310.1,ST040042,℃,2026-01-27 20:00:00,90%回收温度,延化140万吨/年柴油精制装置
331.5,ST040042,℃,2026-01-27 20:00:00,95%回收温度,延化140万吨/年柴油精制装置
79.0,ST040042,℃,2026-01-27 20:00:00,闪点(闭口),延化140万吨/年柴油精制装置
<-26,ST040042,℃,2026-01-27 20:00:00,凝点,延化140万吨/年柴油精制装置
866.7,ST040042,<p>kg/m<sup>3</sup></p>,2026-01-27 20:00:00,密度ρ20,延化140万吨/年柴油精制装置
3.00,ST040042,<p>ppm</p>,2026-01-27 20:00:00,硫含量,延化140万吨/年柴油精制装置
37,ST040042,,2026-01-27 20:00:00,十六烷指数,延化140万吨/年柴油精制装置
<-19,ST040042,℃,2026-01-27 20:00:00,冷滤点,延化140万吨/年柴油精制装置
3.00,ST040042,<p>ppm</p>,2026-01-28 20:00:00,硫含量,延化140万吨/年柴油精制装置
37,ST040042,,2026-01-28 20:00:00,十六烷指数,延化140万吨/年柴油精制装置
190.9,ST040042,℃,2026-01-28 20:00:00,初馏点,延化140万吨/年柴油精制装置
213.6,ST040042,℃,2026-01-28 20:00:00,10%回收温度,延化140万吨/年柴油精制装置
248.3,ST040042,℃,2026-01-28 20:00:00,50%回收温度,延化140万吨/年柴油精制装置
866.6,ST040042,<p>kg/m<sup>3</sup></p>,2026-01-28 20:00:00,密度ρ20,延化140万吨/年柴油精制装置
331.9,ST040042,℃,2026-01-28 20:00:00,95%回收温度,延化140万吨/年柴油精制装置
<-19,ST040042,℃,2026-01-28 20:00:00,冷滤点,延化140万吨/年柴油精制装置
<-26,ST040042,℃,2026-01-28 20:00:00,凝点,延化140万吨/年柴油精制装置
80.0,ST040042,℃,2026-01-28 20:00:00,闪点(闭口),延化140万吨/年柴油精制装置
310.4,ST040042,℃,2026-01-28 20:00:00,90%回收温度,延化140万吨/年柴油精制装置
192.1,ST040042,℃,2026-01-29 20:00:00,初馏点,延化140万吨/年柴油精制装置
214.0,ST040042,℃,2026-01-29 20:00:00,10%回收温度,延化140万吨/年柴油精制装置
248.6,ST040042,℃,2026-01-29 20:00:00,50%回收温度,延化140万吨/年柴油精制装置
310.6,ST040042,℃,2026-01-29 20:00:00,90%回收温度,延化140万吨/年柴油精制装置
332.1,ST040042,℃,2026-01-29 20:00:00,95%回收温度,延化140万吨/年柴油精制装置
80.0,ST040042,℃,2026-01-29 20:00:00,闪点(闭口),延化140万吨/年柴油精制装置
<-26,ST040042,℃,2026-01-29 20:00:00,凝点,延化140万吨/年柴油精制装置
866.4,ST040042,<p>kg/m<sup>3</sup></p>,2026-01-29 20:00:00,密度ρ20,延化140万吨/年柴油精制装置
3.00,ST040042,<p>ppm</p>,2026-01-29 20:00:00,硫含量,延化140万吨/年柴油精制装置
37,ST040042,,2026-01-29 20:00:00,十六烷指数,延化140万吨/年柴油精制装置
<-19,ST040042,℃,2026-01-29 20:00:00,冷滤点,延化140万吨/年柴油精制装置
37,ST040042,,2026-01-30 20:00:00,十六烷指数,延化140万吨/年柴油精制装置
<-19,ST040042,℃,2026-01-30 20:00:00,冷滤点,延化140万吨/年柴油精制装置
<-26,ST040042,℃,2026-01-30 20:00:00,凝点,延化140万吨/年柴油精制装置
4.00,ST040042,<p>ppm</p>,2026-01-30 20:00:00,硫含量,延化140万吨/年柴油精制装置
82.0,ST040042,℃,2026-01-30 20:00:00,闪点(闭口),延化140万吨/年柴油精制装置
312.9,ST040042,℃,2026-01-30 20:00:00,90%回收温度,延化140万吨/年柴油精制装置
866.7,ST040042,<p>kg/m<sup>3</sup></p>,2026-01-30 20:00:00,密度ρ20,延化140万吨/年柴油精制装置
193.6,ST040042,℃,2026-01-30 20:00:00,初馏点,延化140万吨/年柴油精制装置
215.2,ST040042,℃,2026-01-30 20:00:00,10%回收温度,延化140万吨/年柴油精制装置
250.1,ST040042,℃,2026-01-30 20:00:00,50%回收温度,延化140万吨/年柴油精制装置
334.0,ST040042,℃,2026-01-30 20:00:00,95%回收温度,延化140万吨/年柴油精制装置
315.1,ST040042,℃,2026-01-31 20:00:00,90%回收温度,延化140万吨/年柴油精制装置
195.1,ST040042,℃,2026-01-31 20:00:00,初馏点,延化140万吨/年柴油精制装置
217.0,ST040042,℃,2026-01-31 20:00:00,10%回收温度,延化140万吨/年柴油精制装置
252.6,ST040042,℃,2026-01-31 20:00:00,50%回收温度,延化140万吨/年柴油精制装置
336.0,ST040042,℃,2026-01-31 20:00:00,95%回收温度,延化140万吨/年柴油精制装置
82.0,ST040042,℃,2026-01-31 20:00:00,闪点(闭口),延化140万吨/年柴油精制装置
<-26,ST040042,℃,2026-01-31 20:00:00,凝点,延化140万吨/年柴油精制装置
866.4,ST040042,<p>kg/m<sup>3</sup></p>,2026-01-31 20:00:00,密度ρ20,延化140万吨/年柴油精制装置
3.00,ST040042,<p>ppm</p>,2026-01-31 20:00:00,硫含量,延化140万吨/年柴油精制装置
38,ST040042,,2026-01-31 20:00:00,十六烷指数,延化140万吨/年柴油精制装置
<-19,ST040042,℃,2026-01-31 20:00:00,冷滤点,延化140万吨/年柴油精制装置
<-19,ST040042,℃,2026-02-01 20:00:00,冷滤点,延化140万吨/年柴油精制装置
<-26,ST040042,℃,2026-02-01 20:00:00,凝点,延化140万吨/年柴油精制装置
865.3,ST040042,<p>kg/m<sup>3</sup></p>,2026-02-01 20:00:00,密度ρ20,延化140万吨/年柴油精制装置
4.00,ST040042,<p>ppm</p>,2026-02-01 20:00:00,硫含量,延化140万吨/年柴油精制装置
38,ST040042,,2026-02-01 20:00:00,十六烷指数,延化140万吨/年柴油精制装置
334.7,ST040042,℃,2026-02-01 20:00:00,95%回收温度,延化140万吨/年柴油精制装置
189.1,ST040042,℃,2026-02-01 20:00:00,初馏点,延化140万吨/年柴油精制装置
214.4,ST040042,℃,2026-02-01 20:00:00,10%回收温度,延化140万吨/年柴油精制装置
250.9,ST040042,℃,2026-02-01 20:00:00,50%回收温度,延化140万吨/年柴油精制装置
313.7,ST040042,℃,2026-02-01 20:00:00,90%回收温度,延化140万吨/年柴油精制装置
81.0,ST040042,℃,2026-02-01 20:00:00,闪点(闭口),延化140万吨/年柴油精制装置
4.00,ST040042,<p>ppm</p>,2026-02-02 20:00:00,硫含量,延化140万吨/年柴油精制装置
<-19,ST040042,℃,2026-02-02 20:00:00,冷滤点,延化140万吨/年柴油精制装置
<-26,ST040042,℃,2026-02-02 20:00:00,凝点,延化140万吨/年柴油精制装置
864.2,ST040042,<p>kg/m<sup>3</sup></p>,2026-02-02 20:00:00,密度ρ20,延化140万吨/年柴油精制装置
38,ST040042,,2026-02-02 20:00:00,十六烷指数,延化140万吨/年柴油精制装置
335.0,ST040042,℃,2026-02-02 20:00:00,95%回收温度,延化140万吨/年柴油精制装置
193.1,ST040042,℃,2026-02-02 20:00:00,初馏点,延化140万吨/年柴油精制装置
215.1,ST040042,℃,2026-02-02 20:00:00,10%回收温度,延化140万吨/年柴油精制装置
250.9,ST040042,℃,2026-02-02 20:00:00,50%回收温度,延化140万吨/年柴油精制装置
313.8,ST040042,℃,2026-02-02 20:00:00,90%回收温度,延化140万吨/年柴油精制装置
80.0,ST040042,℃,2026-02-02 20:00:00,闪点(闭口),延化140万吨/年柴油精制装置
<-19,ST040042,℃,2026-02-03 20:00:00,冷滤点,延化140万吨/年柴油精制装置
<-26,ST040042,℃,2026-02-03 20:00:00,凝点,延化140万吨/年柴油精制装置
865.1,ST040042,<p>kg/m<sup>3</sup></p>,2026-02-03 20:00:00,密度ρ20,延化140万吨/年柴油精制装置
4.00,ST040042,<p>ppm</p>,2026-02-03 20:00:00,硫含量,延化140万吨/年柴油精制装置
38,ST040042,,2026-02-03 20:00:00,十六烷指数,延化140万吨/年柴油精制装置
334.7,ST040042,℃,2026-02-03 20:00:00,95%回收温度,延化140万吨/年柴油精制装置
192.7,ST040042,℃,2026-02-03 20:00:00,初馏点,延化140万吨/年柴油精制装置
215.1,ST040042,℃,2026-02-03 20:00:00,10%回收温度,延化140万吨/年柴油精制装置
251.0,ST040042,℃,2026-02-03 20:00:00,50%回收温度,延化140万吨/年柴油精制装置
313.7,ST040042,℃,2026-02-03 20:00:00,90%回收温度,延化140万吨/年柴油精制装置
81.0,ST040042,℃,2026-02-03 20:00:00,闪点(闭口),延化140万吨/年柴油精制装置
<-19,ST040042,℃,2026-02-04 20:00:00,冷滤点,延化140万吨/年柴油精制装置
<-26,ST040042,℃,2026-02-04 20:00:00,凝点,延化140万吨/年柴油精制装置
864.2,ST040042,<p>kg/m<sup>3</sup></p>,2026-02-04 20:00:00,密度ρ20,延化140万吨/年柴油精制装置
4.00,ST040042,<p>ppm</p>,2026-02-04 20:00:00,硫含量,延化140万吨/年柴油精制装置
38,ST040042,,2026-02-04 20:00:00,十六烷指数,延化140万吨/年柴油精制装置
335.0,ST040042,℃,2026-02-04 20:00:00,95%回收温度,延化140万吨/年柴油精制装置
193.5,ST040042,℃,2026-02-04 20:00:00,初馏点,延化140万吨/年柴油精制装置
215.4,ST040042,℃,2026-02-04 20:00:00,10%回收温度,延化140万吨/年柴油精制装置
251.5,ST040042,℃,2026-02-04 20:00:00,50%回收温度,延化140万吨/年柴油精制装置
314.0,ST040042,℃,2026-02-04 20:00:00,90%回收温度,延化140万吨/年柴油精制装置
81.0,ST040042,℃,2026-02-04 20:00:00,闪点(闭口),延化140万吨/年柴油精制装置
39,ST040042,,2026-02-05 20:00:00,十六烷指数,延化140万吨/年柴油精制装置
197.9,ST040042,℃,2026-02-05 20:00:00,初馏点,延化140万吨/年柴油精制装置
220.4,ST040042,℃,2026-02-05 20:00:00,10%回收温度,延化140万吨/年柴油精制装置
256.0,ST040042,℃,2026-02-05 20:00:00,50%回收温度,延化140万吨/年柴油精制装置
317.7,ST040042,℃,2026-02-05 20:00:00,90%回收温度,延化140万吨/年柴油精制装置
76.0,ST040042,℃,2026-02-05 20:00:00,闪点(闭口),延化140万吨/年柴油精制装置
4.00,ST040042,<p>ppm</p>,2026-02-05 20:00:00,硫含量,延化140万吨/年柴油精制装置
<-19,ST040042,℃,2026-02-05 20:00:00,冷滤点,延化140万吨/年柴油精制装置
<-26,ST040042,℃,2026-02-05 20:00:00,凝点,延化140万吨/年柴油精制装置
865.0,ST040042,<p>kg/m<sup>3</sup></p>,2026-02-05 20:00:00,密度ρ20,延化140万吨/年柴油精制装置
337.8,ST040042,℃,2026-02-05 20:00:00,95%回收温度,延化140万吨/年柴油精制装置
81.0,ST040042,℃,2026-02-06 20:00:00,闪点(闭口),延化140万吨/年柴油精制装置
<-19,ST040042,℃,2026-02-06 20:00:00,冷滤点,延化140万吨/年柴油精制装置
<-26,ST040042,℃,2026-02-06 20:00:00,凝点,延化140万吨/年柴油精制装置
4.00,ST040042,<p>ppm</p>,2026-02-06 20:00:00,硫含量,延化140万吨/年柴油精制装置
863.8,ST040042,<p>kg/m<sup>3</sup></p>,2026-02-06 20:00:00,密度ρ20,延化140万吨/年柴油精制装置
39,ST040042,,2026-02-06 20:00:00,十六烷指数,延化140万吨/年柴油精制装置
219.3,ST040042,℃,2026-02-06 20:00:00,10%回收温度,延化140万吨/年柴油精制装置
254.8,ST040042,℃,2026-02-06 20:00:00,50%回收温度,延化140万吨/年柴油精制装置
317.0,ST040042,℃,2026-02-06 20:00:00,90%回收温度,延化140万吨/年柴油精制装置
337.3,ST040042,℃,2026-02-06 20:00:00,95%回收温度,延化140万吨/年柴油精制装置
198.3,ST040042,℃,2026-02-06 20:00:00,初馏点,延化140万吨/年柴油精制装置
199.9,ST040042,℃,2026-02-07 20:00:00,初馏点,延化140万吨/年柴油精制装置
220.8,ST040042,℃,2026-02-07 20:00:00,10%回收温度,延化140万吨/年柴油精制装置
256.5,ST040042,℃,2026-02-07 20:00:00,50%回收温度,延化140万吨/年柴油精制装置
<-26,ST040042,℃,2026-02-07 20:00:00,凝点,延化140万吨/年柴油精制装置
318.4,ST040042,℃,2026-02-07 20:00:00,90%回收温度,延化140万吨/年柴油精制装置
82.0,ST040042,℃,2026-02-07 20:00:00,闪点(闭口),延化140万吨/年柴油精制装置
<-19,ST040042,℃,2026-02-07 20:00:00,冷滤点,延化140万吨/年柴油精制装置
862.3,ST040042,<p>kg/m<sup>3</sup></p>,2026-02-07 20:00:00,密度ρ20,延化140万吨/年柴油精制装置
4.00,ST040042,<p>ppm</p>,2026-02-07 20:00:00,硫含量,延化140万吨/年柴油精制装置
40,ST040042,,2026-02-07 20:00:00,十六烷指数,延化140万吨/年柴油精制装置
338.4,ST040042,℃,2026-02-07 20:00:00,95%回收温度,延化140万吨/年柴油精制装置
3.00,ST040042,<p>ppm</p>,2026-02-08 20:00:00,硫含量,延化140万吨/年柴油精制装置
<-19,ST040042,℃,2026-02-08 20:00:00,冷滤点,延化140万吨/年柴油精制装置
<-26,ST040042,℃,2026-02-08 20:00:00,凝点,延化140万吨/年柴油精制装置
861.5,ST040042,<p>kg/m<sup>3</sup></p>,2026-02-08 20:00:00,密度ρ20,延化140万吨/年柴油精制装置
195.4,ST040042,℃,2026-02-08 20:00:00,初馏点,延化140万吨/年柴油精制装置
80.0,ST040042,℃,2026-02-08 20:00:00,闪点(闭口),延化140万吨/年柴油精制装置
255.0,ST040042,℃,2026-02-08 20:00:00,50%回收温度,延化140万吨/年柴油精制装置
317.7,ST040042,℃,2026-02-08 20:00:00,90%回收温度,延化140万吨/年柴油精制装置
338.0,ST040042,℃,2026-02-08 20:00:00,95%回收温度,延化140万吨/年柴油精制装置
40,ST040042,,2026-02-08 20:00:00,十六烷指数,延化140万吨/年柴油精制装置
218.1,ST040042,℃,2026-02-08 20:00:00,10%回收温度,延化140万吨/年柴油精制装置
81.0,ST040042,℃,2026-02-09 20:00:00,闪点(闭口),延化140万吨/年柴油精制装置
337.3,ST040042,℃,2026-02-09 20:00:00,95%回收温度,延化140万吨/年柴油精制装置
<-19,ST040042,℃,2026-02-09 20:00:00,冷滤点,延化140万吨/年柴油精制装置
198.0,ST040042,℃,2026-02-09 20:00:00,初馏点,延化140万吨/年柴油精制装置
219.1,ST040042,℃,2026-02-09 20:00:00,10%回收温度,延化140万吨/年柴油精制装置
39,ST040042,,2026-02-09 20:00:00,十六烷指数,延化140万吨/年柴油精制装置
316.8,ST040042,℃,2026-02-09 20:00:00,90%回收温度,延化140万吨/年柴油精制装置
<-26,ST040042,℃,2026-02-09 20:00:00,凝点,延化140万吨/年柴油精制装置
864.0,ST040042,<p>kg/m<sup>3</sup></p>,2026-02-09 20:00:00,密度ρ20,延化140万吨/年柴油精制装置
3.00,ST040042,<p>ppm</p>,2026-02-09 20:00:00,硫含量,延化140万吨/年柴油精制装置
254.6,ST040042,℃,2026-02-09 20:00:00,50%回收温度,延化140万吨/年柴油精制装置
81.0,ST040042,℃,2026-02-10 20:00:00,闪点(闭口),延化140万吨/年柴油精制装置
<-19,ST040042,℃,2026-02-10 20:00:00,冷滤点,延化140万吨/年柴油精制装置
<-26,ST040042,℃,2026-02-10 20:00:00,凝点,延化140万吨/年柴油精制装置
863.5,ST040042,<p>kg/m<sup>3</sup></p>,2026-02-10 20:00:00,密度ρ20,延化140万吨/年柴油精制装置
3.00,ST040042,<p>ppm</p>,2026-02-10 20:00:00,硫含量,延化140万吨/年柴油精制装置
337.6,ST040042,℃,2026-02-10 20:00:00,95%回收温度,延化140万吨/年柴油精制装置
196.4,ST040042,℃,2026-02-10 20:00:00,初馏点,延化140万吨/年柴油精制装置
218.1,ST040042,℃,2026-02-10 20:00:00,10%回收温度,延化140万吨/年柴油精制装置
254.1,ST040042,℃,2026-02-10 20:00:00,50%回收温度,延化140万吨/年柴油精制装置
316.8,ST040042,℃,2026-02-10 20:00:00,90%回收温度,延化140万吨/年柴油精制装置
39,ST040042,,2026-02-10 20:00:00,十六烷指数,延化140万吨/年柴油精制装置
865.9,ST040042,<p>kg/m<sup>3</sup></p>,2026-02-11 20:00:00,密度ρ20,延化140万吨/年柴油精制装置
4.00,ST040042,<p>ppm</p>,2026-02-11 20:00:00,硫含量,延化140万吨/年柴油精制装置
39,ST040042,,2026-02-11 20:00:00,十六烷指数,延化140万吨/年柴油精制装置
80.0,ST040042,℃,2026-02-11 20:00:00,闪点(闭口),延化140万吨/年柴油精制装置
<-19,ST040042,℃,2026-02-11 20:00:00,冷滤点,延化140万吨/年柴油精制装置
339.0,ST040042,℃,2026-02-11 20:00:00,95%回收温度,延化140万吨/年柴油精制装置
318.6,ST040042,℃,2026-02-11 20:00:00,90%回收温度,延化140万吨/年柴油精制装置
200.1,ST040042,℃,2026-02-11 20:00:00,初馏点,延化140万吨/年柴油精制装置
220.5,ST040042,℃,2026-02-11 20:00:00,10%回收温度,延化140万吨/年柴油精制装置
255.9,ST040042,℃,2026-02-11 20:00:00,50%回收温度,延化140万吨/年柴油精制装置
<-26,ST040042,℃,2026-02-11 20:00:00,凝点,延化140万吨/年柴油精制装置
2.00,ST040042,<p>ppm</p>,2026-02-12 20:00:00,硫含量,延化140万吨/年柴油精制装置
<-19,ST040042,℃,2026-02-12 20:00:00,冷滤点,延化140万吨/年柴油精制装置
<-26,ST040042,℃,2026-02-12 20:00:00,凝点,延化140万吨/年柴油精制装置
862.9,ST040042,<p>kg/m<sup>3</sup></p>,2026-02-12 20:00:00,密度ρ20,延化140万吨/年柴油精制装置
39,ST040042,,2026-02-12 20:00:00,十六烷指数,延化140万吨/年柴油精制装置
337.4,ST040042,℃,2026-02-12 20:00:00,95%回收温度,延化140万吨/年柴油精制装置
194.9,ST040042,℃,2026-02-12 20:00:00,初馏点,延化140万吨/年柴油精制装置
216.9,ST040042,℃,2026-02-12 20:00:00,10%回收温度,延化140万吨/年柴油精制装置
253.9,ST040042,℃,2026-02-12 20:00:00,50%回收温度,延化140万吨/年柴油精制装置
316.7,ST040042,℃,2026-02-12 20:00:00,90%回收温度,延化140万吨/年柴油精制装置
79.0,ST040042,℃,2026-02-12 20:00:00,闪点(闭口),延化140万吨/年柴油精制装置
<-19,ST040042,℃,2026-02-13 20:00:00,冷滤点,延化140万吨/年柴油精制装置
196.3,ST040042,℃,2026-02-13 20:00:00,初馏点,延化140万吨/年柴油精制装置
218.0,ST040042,℃,2026-02-13 20:00:00,10%回收温度,延化140万吨/年柴油精制装置
254.0,ST040042,℃,2026-02-13 20:00:00,50%回收温度,延化140万吨/年柴油精制装置
318.6,ST040042,℃,2026-02-13 20:00:00,90%回收温度,延化140万吨/年柴油精制装置
336.8,ST040042,℃,2026-02-13 20:00:00,95%回收温度,延化140万吨/年柴油精制装置
<-26,ST040042,℃,2026-02-13 20:00:00,凝点,延化140万吨/年柴油精制装置
864.7,ST040042,<p>kg/m<sup>3</sup></p>,2026-02-13 20:00:00,密度ρ20,延化140万吨/年柴油精制装置
3.00,ST040042,<p>ppm</p>,2026-02-13 20:00:00,硫含量,延化140万吨/年柴油精制装置
39,ST040042,,2026-02-13 20:00:00,十六烷指数,延化140万吨/年柴油精制装置
77.0,ST040042,℃,2026-02-13 20:00:00,闪点(闭口),延化140万吨/年柴油精制装置
252.0,ST040042,℃,2026-02-14 20:00:00,50%回收温度,延化140万吨/年柴油精制装置
315.0,ST040042,℃,2026-02-14 20:00:00,90%回收温度,延化140万吨/年柴油精制装置
336.1,ST040042,℃,2026-02-14 20:00:00,95%回收温度,延化140万吨/年柴油精制装置
216.5,ST040042,℃,2026-02-14 20:00:00,10%回收温度,延化140万吨/年柴油精制装置
193.8,ST040042,℃,2026-02-14 20:00:00,初馏点,延化140万吨/年柴油精制装置
78.0,ST040042,℃,2026-02-14 20:00:00,闪点(闭口),延化140万吨/年柴油精制装置
<-26,ST040042,℃,2026-02-14 20:00:00,凝点,延化140万吨/年柴油精制装置
867.1,ST040042,<p>kg/m<sup>3</sup></p>,2026-02-14 20:00:00,密度ρ20,延化140万吨/年柴油精制装置
3.00,ST040042,<p>ppm</p>,2026-02-14 20:00:00,硫含量,延化140万吨/年柴油精制装置
37,ST040042,,2026-02-14 20:00:00,十六烷指数,延化140万吨/年柴油精制装置
<-19,ST040042,℃,2026-02-14 20:00:00,冷滤点,延化140万吨/年柴油精制装置
38,ST040042,,2026-02-15 20:00:00,十六烷指数,延化140万吨/年柴油精制装置
80.0,ST040042,℃,2026-02-15 20:00:00,闪点(闭口),延化140万吨/年柴油精制装置
3.00,ST040042,<p>ppm</p>,2026-02-15 20:00:00,硫含量,延化140万吨/年柴油精制装置
315.2,ST040042,℃,2026-02-15 20:00:00,90%回收温度,延化140万吨/年柴油精制装置
195.0,ST040042,℃,2026-02-15 20:00:00,初馏点,延化140万吨/年柴油精制装置
865.0,ST040042,<p>kg/m<sup>3</sup></p>,2026-02-15 20:00:00,密度ρ20,延化140万吨/年柴油精制装置
253.0,ST040042,℃,2026-02-15 20:00:00,50%回收温度,延化140万吨/年柴油精制装置
336.4,ST040042,℃,2026-02-15 20:00:00,95%回收温度,延化140万吨/年柴油精制装置
<-19,ST040042,℃,2026-02-15 20:00:00,冷滤点,延化140万吨/年柴油精制装置
<-26,ST040042,℃,2026-02-15 20:00:00,凝点,延化140万吨/年柴油精制装置
216.9,ST040042,℃,2026-02-15 20:00:00,10%回收温度,延化140万吨/年柴油精制装置
865.8,ST040042,<p>kg/m<sup>3</sup></p>,2026-02-16 20:00:00,密度ρ20,延化140万吨/年柴油精制装置
2.00,ST040042,<p>ppm</p>,2026-02-16 20:00:00,硫含量,延化140万吨/年柴油精制装置
39,ST040042,,2026-02-16 20:00:00,十六烷指数,延化140万吨/年柴油精制装置
79.0,ST040042,℃,2026-02-16 20:00:00,闪点(闭口),延化140万吨/年柴油精制装置
196.9,ST040042,℃,2026-02-16 20:00:00,初馏点,延化140万吨/年柴油精制装置
<-26,ST040042,℃,2026-02-16 20:00:00,凝点,延化140万吨/年柴油精制装置
254.2,ST040042,℃,2026-02-16 20:00:00,50%回收温度,延化140万吨/年柴油精制装置
316.4,ST040042,℃,2026-02-16 20:00:00,90%回收温度,延化140万吨/年柴油精制装置
337.5,ST040042,℃,2026-02-16 20:00:00,95%回收温度,延化140万吨/年柴油精制装置
<-19,ST040042,℃,2026-02-16 20:00:00,冷滤点,延化140万吨/年柴油精制装置
218.7,ST040042,℃,2026-02-16 20:00:00,10%回收温度,延化140万吨/年柴油精制装置
80.0,ST040042,℃,2026-02-17 20:00:00,闪点(闭口),延化140万吨/年柴油精制装置
<-19,ST040042,℃,2026-02-17 20:00:00,冷滤点,延化140万吨/年柴油精制装置
<-26,ST040042,℃,2026-02-17 20:00:00,凝点,延化140万吨/年柴油精制装置
867.8,ST040042,<p>kg/m<sup>3</sup></p>,2026-02-17 20:00:00,密度ρ20,延化140万吨/年柴油精制装置
2.00,ST040042,<p>ppm</p>,2026-02-17 20:00:00,硫含量,延化140万吨/年柴油精制装置
335.7,ST040042,℃,2026-02-17 20:00:00,95%回收温度,延化140万吨/年柴油精制装置
196.5,ST040042,℃,2026-02-17 20:00:00,初馏点,延化140万吨/年柴油精制装置
218.0,ST040042,℃,2026-02-17 20:00:00,10%回收温度,延化140万吨/年柴油精制装置
252.6,ST040042,℃,2026-02-17 20:00:00,50%回收温度,延化140万吨/年柴油精制装置
314.4,ST040042,℃,2026-02-17 20:00:00,90%回收温度,延化140万吨/年柴油精制装置
38,ST040042,,2026-02-17 20:00:00,十六烷指数,延化140万吨/年柴油精制装置
79.0,ST040042,℃,2026-02-18 20:00:00,闪点(闭口),延化140万吨/年柴油精制装置
865.1,ST040042,<p>kg/m<sup>3</sup></p>,2026-02-18 20:00:00,密度ρ20,延化140万吨/年柴油精制装置
2.00,ST040042,<p>ppm</p>,2026-02-18 20:00:00,硫含量,延化140万吨/年柴油精制装置
38,ST040042,,2026-02-18 20:00:00,十六烷指数,延化140万吨/年柴油精制装置
195.8,ST040042,℃,2026-02-18 20:00:00,初馏点,延化140万吨/年柴油精制装置
<-26,ST040042,℃,2026-02-18 20:00:00,凝点,延化140万吨/年柴油精制装置
252.2,ST040042,℃,2026-02-18 20:00:00,50%回收温度,延化140万吨/年柴油精制装置
314.1,ST040042,℃,2026-02-18 20:00:00,90%回收温度,延化140万吨/年柴油精制装置
335.6,ST040042,℃,2026-02-18 20:00:00,95%回收温度,延化140万吨/年柴油精制装置
<-19,ST040042,℃,2026-02-18 20:00:00,冷滤点,延化140万吨/年柴油精制装置
217.1,ST040042,℃,2026-02-18 20:00:00,10%回收温度,延化140万吨/年柴油精制装置
194.5,ST040042,℃,2026-02-19 20:00:00,初馏点,延化140万吨/年柴油精制装置
333.9,ST040042,℃,2026-02-19 20:00:00,95%回收温度,延化140万吨/年柴油精制装置
216.7,ST040042,℃,2026-02-19 20:00:00,10%回收温度,延化140万吨/年柴油精制装置
251.4,ST040042,℃,2026-02-19 20:00:00,50%回收温度,延化140万吨/年柴油精制装置
312.7,ST040042,℃,2026-02-19 20:00:00,90%回收温度,延化140万吨/年柴油精制装置
<-26,ST040042,℃,2026-02-19 20:00:00,凝点,延化140万吨/年柴油精制装置
867.4,ST040042,<p>kg/m<sup>3</sup></p>,2026-02-19 20:00:00,密度ρ20,延化140万吨/年柴油精制装置
3.00,ST040042,<p>ppm</p>,2026-02-19 20:00:00,硫含量,延化140万吨/年柴油精制装置
80.0,ST040042,℃,2026-02-19 20:00:00,闪点(闭口),延化140万吨/年柴油精制装置
<-19,ST040042,℃,2026-02-19 20:00:00,冷滤点,延化140万吨/年柴油精制装置
37,ST040042,,2026-02-19 20:00:00,十六烷指数,延化140万吨/年柴油精制装置
335.2,ST040042,℃,2026-02-20 20:00:00,95%回收温度,延化140万吨/年柴油精制装置
217.0,ST040042,℃,2026-02-20 20:00:00,10%回收温度,延化140万吨/年柴油精制装置
252.4,ST040042,℃,2026-02-20 20:00:00,50%回收温度,延化140万吨/年柴油精制装置
314.0,ST040042,℃,2026-02-20 20:00:00,90%回收温度,延化140万吨/年柴油精制装置
<-19,ST040042,℃,2026-02-20 20:00:00,冷滤点,延化140万吨/年柴油精制装置
194.7,ST040042,℃,2026-02-20 20:00:00,初馏点,延化140万吨/年柴油精制装置
866.9,ST040042,<p>kg/m<sup>3</sup></p>,2026-02-20 20:00:00,密度ρ20,延化140万吨/年柴油精制装置
3.00,ST040042,<p>ppm</p>,2026-02-20 20:00:00,硫含量,延化140万吨/年柴油精制装置
38,ST040042,,2026-02-20 20:00:00,十六烷指数,延化140万吨/年柴油精制装置
79.0,ST040042,℃,2026-02-20 20:00:00,闪点(闭口),延化140万吨/年柴油精制装置
<-26,ST040042,℃,2026-02-20 20:00:00,凝点,延化140万吨/年柴油精制装置
37,ST040042,,2026-02-21 20:00:00,十六烷指数,延化140万吨/年柴油精制装置
194.7,ST040042,℃,2026-02-21 20:00:00,初馏点,延化140万吨/年柴油精制装置
217.1,ST040042,℃,2026-02-21 20:00:00,10%回收温度,延化140万吨/年柴油精制装置
314.3,ST040042,℃,2026-02-21 20:00:00,90%回收温度,延化140万吨/年柴油精制装置
335.5,ST040042,℃,2026-02-21 20:00:00,95%回收温度,延化140万吨/年柴油精制装置
867.2,ST040042,<p>kg/m<sup>3</sup></p>,2026-02-21 20:00:00,密度ρ20,延化140万吨/年柴油精制装置
<-26,ST040042,℃,2026-02-21 20:00:00,凝点,延化140万吨/年柴油精制装置
79.0,ST040042,℃,2026-02-21 20:00:00,闪点(闭口),延化140万吨/年柴油精制装置
252.2,ST040042,℃,2026-02-21 20:00:00,50%回收温度,延化140万吨/年柴油精制装置
3.00,ST040042,<p>ppm</p>,2026-02-21 20:00:00,硫含量,延化140万吨/年柴油精制装置
<-19,ST040042,℃,2026-02-21 20:00:00,冷滤点,延化140万吨/年柴油精制装置
335.0,ST040042,℃,2026-02-22 20:00:00,95%回收温度,延化140万吨/年柴油精制装置
218.4,ST040042,℃,2026-02-22 20:00:00,10%回收温度,延化140万吨/年柴油精制装置
253.0,ST040042,℃,2026-02-22 20:00:00,50%回收温度,延化140万吨/年柴油精制装置
314.1,ST040042,℃,2026-02-22 20:00:00,90%回收温度,延化140万吨/年柴油精制装置
38,ST040042,,2026-02-22 20:00:00,十六烷指数,延化140万吨/年柴油精制装置
196.4,ST040042,℃,2026-02-22 20:00:00,初馏点,延化140万吨/年柴油精制装置
<-19,ST040042,℃,2026-02-22 20:00:00,冷滤点,延化140万吨/年柴油精制装置
<-26,ST040042,℃,2026-02-22 20:00:00,凝点,延化140万吨/年柴油精制装置
867.7,ST040042,<p>kg/m<sup>3</sup></p>,2026-02-22 20:00:00,密度ρ20,延化140万吨/年柴油精制装置
3.00,ST040042,<p>ppm</p>,2026-02-22 20:00:00,硫含量,延化140万吨/年柴油精制装置
79.0,ST040042,℃,2026-02-22 20:00:00,闪点(闭口),延化140万吨/年柴油精制装置
334.7,ST040042,℃,2026-02-23 20:00:00,95%回收温度,延化140万吨/年柴油精制装置
195.0,ST040042,℃,2026-02-23 20:00:00,初馏点,延化140万吨/年柴油精制装置
216.3,ST040042,℃,2026-02-23 20:00:00,10%回收温度,延化140万吨/年柴油精制装置
251.4,ST040042,℃,2026-02-23 20:00:00,50%回收温度,延化140万吨/年柴油精制装置
313.5,ST040042,℃,2026-02-23 20:00:00,90%回收温度,延化140万吨/年柴油精制装置
80.0,ST040042,℃,2026-02-23 20:00:00,闪点(闭口),延化140万吨/年柴油精制装置
<-19,ST040042,℃,2026-02-23 20:00:00,冷滤点,延化140万吨/年柴油精制装置
<-26,ST040042,℃,2026-02-23 20:00:00,凝点,延化140万吨/年柴油精制装置
865.0,ST040042,<p>kg/m<sup>3</sup></p>,2026-02-23 20:00:00,密度ρ20,延化140万吨/年柴油精制装置
2.00,ST040042,<p>ppm</p>,2026-02-23 20:00:00,硫含量,延化140万吨/年柴油精制装置
38,ST040042,,2026-02-23 20:00:00,十六烷指数,延化140万吨/年柴油精制装置
38,ST040042,,2026-02-24 20:00:00,十六烷指数,延化140万吨/年柴油精制装置
<-26,ST040042,℃,2026-02-24 20:00:00,凝点,延化140万吨/年柴油精制装置
864.7,ST040042,<p>kg/m<sup>3</sup></p>,2026-02-24 20:00:00,密度ρ20,延化140万吨/年柴油精制装置
4.00,ST040042,<p>ppm</p>,2026-02-24 20:00:00,硫含量,延化140万吨/年柴油精制装置
79.0,ST040042,℃,2026-02-24 20:00:00,闪点(闭口),延化140万吨/年柴油精制装置
335.4,ST040042,℃,2026-02-24 20:00:00,95%回收温度,延化140万吨/年柴油精制装置
196.1,ST040042,℃,2026-02-24 20:00:00,初馏点,延化140万吨/年柴油精制装置
217.4,ST040042,℃,2026-02-24 20:00:00,10%回收温度,延化140万吨/年柴油精制装置
251.8,ST040042,℃,2026-02-24 20:00:00,50%回收温度,延化140万吨/年柴油精制装置
314.0,ST040042,℃,2026-02-24 20:00:00,90%回收温度,延化140万吨/年柴油精制装置
<-19,ST040042,℃,2026-02-24 20:00:00,冷滤点,延化140万吨/年柴油精制装置
314.9,ST040042,℃,2026-02-25 20:00:00,90%回收温度,延化140万吨/年柴油精制装置
196.8,ST040042,℃,2026-02-25 20:00:00,初馏点,延化140万吨/年柴油精制装置
218.2,ST040042,℃,2026-02-25 20:00:00,10%回收温度,延化140万吨/年柴油精制装置
252.5,ST040042,℃,2026-02-25 20:00:00,50%回收温度,延化140万吨/年柴油精制装置
335.6,ST040042,℃,2026-02-25 20:00:00,95%回收温度,延化140万吨/年柴油精制装置
80.0,ST040042,℃,2026-02-25 20:00:00,闪点(闭口),延化140万吨/年柴油精制装置
<-26,ST040042,℃,2026-02-25 20:00:00,凝点,延化140万吨/年柴油精制装置
864.9,ST040042,<p>kg/m<sup>3</sup></p>,2026-02-25 20:00:00,密度ρ20,延化140万吨/年柴油精制装置
4.00,ST040042,<p>ppm</p>,2026-02-25 20:00:00,硫含量,延化140万吨/年柴油精制装置
38,ST040042,,2026-02-25 20:00:00,十六烷指数,延化140万吨/年柴油精制装置
<-19,ST040042,℃,2026-02-25 20:00:00,冷滤点,延化140万吨/年柴油精制装置
3.00,ST040042,<p>ppm</p>,2026-02-26 20:00:00,硫含量,延化140万吨/年柴油精制装置
<-19,ST040042,℃,2026-02-26 20:00:00,冷滤点,延化140万吨/年柴油精制装置
<-26,ST040042,℃,2026-02-26 20:00:00,凝点,延化140万吨/年柴油精制装置
867.2,ST040042,<p>kg/m<sup>3</sup></p>,2026-02-26 20:00:00,密度ρ20,延化140万吨/年柴油精制装置
37,ST040042,,2026-02-26 20:00:00,十六烷指数,延化140万吨/年柴油精制装置
197.2,ST040042,℃,2026-02-26 20:00:00,初馏点,延化140万吨/年柴油精制装置
334.1,ST040042,℃,2026-02-26 20:00:00,95%回收温度,延化140万吨/年柴油精制装置
218.8,ST040042,℃,2026-02-26 20:00:00,10%回收温度,延化140万吨/年柴油精制装置
251.1,ST040042,℃,2026-02-26 20:00:00,50%回收温度,延化140万吨/年柴油精制装置
313.0,ST040042,℃,2026-02-26 20:00:00,90%回收温度,延化140万吨/年柴油精制装置
80.0,ST040042,℃,2026-02-26 20:00:00,闪点(闭口),延化140万吨/年柴油精制装置
868.8,ST040042,<p>kg/m<sup>3</sup></p>,2026-02-27 20:00:00,密度ρ20,延化140万吨/年柴油精制装置
2.00,ST040042,<p>ppm</p>,2026-02-27 20:00:00,硫含量,延化140万吨/年柴油精制装置
38,ST040042,,2026-02-27 20:00:00,十六烷指数,延化140万吨/年柴油精制装置
81.0,ST040042,℃,2026-02-27 20:00:00,闪点(闭口),延化140万吨/年柴油精制装置
199.5,ST040042,℃,2026-02-27 20:00:00,初馏点,延化140万吨/年柴油精制装置
316.5,ST040042,℃,2026-02-27 20:00:00,90%回收温度,延化140万吨/年柴油精制装置
<-26,ST040042,℃,2026-02-27 20:00:00,凝点,延化140万吨/年柴油精制装置
337.1,ST040042,℃,2026-02-27 20:00:00,95%回收温度,延化140万吨/年柴油精制装置
219.7,ST040042,℃,2026-02-27 20:00:00,10%回收温度,延化140万吨/年柴油精制装置
254.4,ST040042,℃,2026-02-27 20:00:00,50%回收温度,延化140万吨/年柴油精制装置
<-19,ST040042,℃,2026-02-27 20:00:00,冷滤点,延化140万吨/年柴油精制装置
2.00,ST040042,<p>ppm</p>,2026-02-28 20:00:00,硫含量,延化140万吨/年柴油精制装置
<-19,ST040042,℃,2026-02-28 20:00:00,冷滤点,延化140万吨/年柴油精制装置
<-26,ST040042,℃,2026-02-28 20:00:00,凝点,延化140万吨/年柴油精制装置
868.8,ST040042,<p>kg/m<sup>3</sup></p>,2026-02-28 20:00:00,密度ρ20,延化140万吨/年柴油精制装置
218.7,ST040042,℃,2026-02-28 20:00:00,10%回收温度,延化140万吨/年柴油精制装置
336.1,ST040042,℃,2026-02-28 20:00:00,95%回收温度,延化140万吨/年柴油精制装置
81.0,ST040042,℃,2026-02-28 20:00:00,闪点(闭口),延化140万吨/年柴油精制装置
197.7,ST040042,℃,2026-02-28 20:00:00,初馏点,延化140万吨/年柴油精制装置
253.7,ST040042,℃,2026-02-28 20:00:00,50%回收温度,延化140万吨/年柴油精制装置
315.5,ST040042,℃,2026-02-28 20:00:00,90%回收温度,延化140万吨/年柴油精制装置
38,ST040042,,2026-02-28 20:00:00,十六烷指数,延化140万吨/年柴油精制装置
314.4,ST040042,℃,2026-03-01 20:00:00,90%回收温度,延化140万吨/年柴油精制装置
253.0,ST040042,℃,2026-03-01 20:00:00,50%回收温度,延化140万吨/年柴油精制装置
218.0,ST040042,℃,2026-03-01 20:00:00,10%回收温度,延化140万吨/年柴油精制装置
196.2,ST040042,℃,2026-03-01 20:00:00,初馏点,延化140万吨/年柴油精制装置
37,ST040042,,2026-03-01 20:00:00,十六烷指数,延化140万吨/年柴油精制装置
81.0,ST040042,℃,2026-03-01 20:00:00,闪点(闭口),延化140万吨/年柴油精制装置
<-19,ST040042,℃,2026-03-01 20:00:00,冷滤点,延化140万吨/年柴油精制装置
<-26,ST040042,℃,2026-03-01 20:00:00,凝点,延化140万吨/年柴油精制装置
868.9,ST040042,<p>kg/m<sup>3</sup></p>,2026-03-01 20:00:00,密度ρ20,延化140万吨/年柴油精制装置
2.00,ST040042,<p>ppm</p>,2026-03-01 20:00:00,硫含量,延化140万吨/年柴油精制装置
335.0,ST040042,℃,2026-03-01 20:00:00,95%回收温度,延化140万吨/年柴油精制装置
334.7,ST040042,℃,2026-03-02 20:00:00,95%回收温度,延化140万吨/年柴油精制装置
252.4,ST040042,℃,2026-03-02 20:00:00,50%回收温度,延化140万吨/年柴油精制装置
217.4,ST040042,℃,2026-03-02 20:00:00,10%回收温度,延化140万吨/年柴油精制装置
195.8,ST040042,℃,2026-03-02 20:00:00,初馏点,延化140万吨/年柴油精制装置
313.9,ST040042,℃,2026-03-02 20:00:00,90%回收温度,延化140万吨/年柴油精制装置
<-19,ST040042,℃,2026-03-02 20:00:00,冷滤点,延化140万吨/年柴油精制装置
2.00,ST040042,<p>ppm</p>,2026-03-02 20:00:00,硫含量,延化140万吨/年柴油精制装置
869.0,ST040042,<p>kg/m<sup>3</sup></p>,2026-03-02 20:00:00,密度ρ20,延化140万吨/年柴油精制装置
<-26,ST040042,℃,2026-03-02 20:00:00,凝点,延化140万吨/年柴油精制装置
80.0,ST040042,℃,2026-03-02 20:00:00,闪点(闭口),延化140万吨/年柴油精制装置
37,ST040042,,2026-03-02 20:00:00,十六烷指数,延化140万吨/年柴油精制装置
313.7,ST040042,℃,2026-03-03 20:00:00,90%回收温度,延化140万吨/年柴油精制装置
195.6,ST040042,℃,2026-03-03 20:00:00,初馏点,延化140万吨/年柴油精制装置
217.4,ST040042,℃,2026-03-03 20:00:00,10%回收温度,延化140万吨/年柴油精制装置
252.3,ST040042,℃,2026-03-03 20:00:00,50%回收温度,延化140万吨/年柴油精制装置
334.2,ST040042,℃,2026-03-03 20:00:00,95%回收温度,延化140万吨/年柴油精制装置
2.00,ST040042,<p>ppm</p>,2026-03-03 20:00:00,硫含量,延化140万吨/年柴油精制装置
<-26,ST040042,℃,2026-03-03 20:00:00,凝点,延化140万吨/年柴油精制装置
<-19,ST040042,℃,2026-03-03 20:00:00,冷滤点,延化140万吨/年柴油精制装置
81.0,ST040042,℃,2026-03-03 20:00:00,闪点(闭口),延化140万吨/年柴油精制装置
37,ST040042,,2026-03-03 20:00:00,十六烷指数,延化140万吨/年柴油精制装置
869.6,ST040042,<p>kg/m<sup>3</sup></p>,2026-03-03 20:00:00,密度ρ20,延化140万吨/年柴油精制装置
312.0,ST040042,℃,2026-03-04 20:00:00,90%回收温度,延化140万吨/年柴油精制装置
193.8,ST040042,℃,2026-03-04 20:00:00,初馏点,延化140万吨/年柴油精制装置
215.6,ST040042,℃,2026-03-04 20:00:00,10%回收温度,延化140万吨/年柴油精制装置
250.5,ST040042,℃,2026-03-04 20:00:00,50%回收温度,延化140万吨/年柴油精制装置
332.6,ST040042,℃,2026-03-04 20:00:00,95%回收温度,延化140万吨/年柴油精制装置
869.1,ST040042,<p>kg/m<sup>3</sup></p>,2026-03-04 20:00:00,密度ρ20,延化140万吨/年柴油精制装置
36,ST040042,,2026-03-04 20:00:00,十六烷指数,延化140万吨/年柴油精制装置
<-19,ST040042,℃,2026-03-04 20:00:00,冷滤点,延化140万吨/年柴油精制装置
<-26,ST040042,℃,2026-03-04 20:00:00,凝点,延化140万吨/年柴油精制装置
3.00,ST040042,<p>ppm</p>,2026-03-04 20:00:00,硫含量,延化140万吨/年柴油精制装置
79.0,ST040042,℃,2026-03-04 20:00:00,闪点(闭口),延化140万吨/年柴油精制装置
194.7,ST040042,℃,2026-03-05 20:00:00,初馏点,延化140万吨/年柴油精制装置
216.5,ST040042,℃,2026-03-05 20:00:00,10%回收温度,延化140万吨/年柴油精制装置
251.1,ST040042,℃,2026-03-05 20:00:00,50%回收温度,延化140万吨/年柴油精制装置
312.7,ST040042,℃,2026-03-05 20:00:00,90%回收温度,延化140万吨/年柴油精制装置
333.5,ST040042,℃,2026-03-05 20:00:00,95%回收温度,延化140万吨/年柴油精制装置
3.00,ST040042,<p>ppm</p>,2026-03-05 20:00:00,硫含量,延化140万吨/年柴油精制装置
79.0,ST040042,℃,2026-03-05 20:00:00,闪点(闭口),延化140万吨/年柴油精制装置
<-19,ST040042,℃,2026-03-05 20:00:00,冷滤点,延化140万吨/年柴油精制装置
<-26,ST040042,℃,2026-03-05 20:00:00,凝点,延化140万吨/年柴油精制装置
869.3,ST040042,<p>kg/m<sup>3</sup></p>,2026-03-05 20:00:00,密度ρ20,延化140万吨/年柴油精制装置
37,ST040042,,2026-03-05 20:00:00,十六烷指数,延化140万吨/年柴油精制装置
3.00,ST040042,<p>ppm</p>,2026-03-06 20:00:00,硫含量,延化140万吨/年柴油精制装置
<-19,ST040042,℃,2026-03-06 20:00:00,冷滤点,延化140万吨/年柴油精制装置
<-26,ST040042,℃,2026-03-06 20:00:00,凝点,延化140万吨/年柴油精制装置
868.9,ST040042,<p>kg/m<sup>3</sup></p>,2026-03-06 20:00:00,密度ρ20,延化140万吨/年柴油精制装置
37,ST040042,,2026-03-06 20:00:00,十六烷指数,延化140万吨/年柴油精制装置
335.0,ST040042,℃,2026-03-06 20:00:00,95%回收温度,延化140万吨/年柴油精制装置
196.4,ST040042,℃,2026-03-06 20:00:00,初馏点,延化140万吨/年柴油精制装置
218.2,ST040042,℃,2026-03-06 20:00:00,10%回收温度,延化140万吨/年柴油精制装置
253.0,ST040042,℃,2026-03-06 20:00:00,50%回收温度,延化140万吨/年柴油精制装置
314.4,ST040042,℃,2026-03-06 20:00:00,90%回收温度,延化140万吨/年柴油精制装置
80.0,ST040042,℃,2026-03-06 20:00:00,闪点(闭口),延化140万吨/年柴油精制装置
<-19,ST040042,℃,2026-03-07 20:00:00,冷滤点,延化140万吨/年柴油精制装置
<-26,ST040042,℃,2026-03-07 20:00:00,凝点,延化140万吨/年柴油精制装置
869.0,ST040042,<p>kg/m<sup>3</sup></p>,2026-03-07 20:00:00,密度ρ20,延化140万吨/年柴油精制装置
3.00,ST040042,<p>ppm</p>,2026-03-07 20:00:00,硫含量,延化140万吨/年柴油精制装置
37,ST040042,,2026-03-07 20:00:00,十六烷指数,延化140万吨/年柴油精制装置
336.0,ST040042,℃,2026-03-07 20:00:00,95%回收温度,延化140万吨/年柴油精制装置
196.1,ST040042,℃,2026-03-07 20:00:00,初馏点,延化140万吨/年柴油精制装置
218.2,ST040042,℃,2026-03-07 20:00:00,10%回收温度,延化140万吨/年柴油精制装置
253.4,ST040042,℃,2026-03-07 20:00:00,50%回收温度,延化140万吨/年柴油精制装置
315.2,ST040042,℃,2026-03-07 20:00:00,90%回收温度,延化140万吨/年柴油精制装置
80.0,ST040042,℃,2026-03-07 20:00:00,闪点(闭口),延化140万吨/年柴油精制装置
3.00,ST040042,<p>ppm</p>,2026-03-08 20:00:00,硫含量,延化140万吨/年柴油精制装置
<-19,ST040042,℃,2026-03-08 20:00:00,冷滤点,延化140万吨/年柴油精制装置
<-26,ST040042,℃,2026-03-08 20:00:00,凝点,延化140万吨/年柴油精制装置
869.1,ST040042,<p>kg/m<sup>3</sup></p>,2026-03-08 20:00:00,密度ρ20,延化140万吨/年柴油精制装置
79.0,ST040042,℃,2026-03-08 20:00:00,闪点(闭口),延化140万吨/年柴油精制装置
37,ST040042,,2026-03-08 20:00:00,十六烷指数,延化140万吨/年柴油精制装置
336.7,ST040042,℃,2026-03-08 20:00:00,95%回收温度,延化140万吨/年柴油精制装置
193.3,ST040042,℃,2026-03-08 20:00:00,初馏点,延化140万吨/年柴油精制装置
216.4,ST040042,℃,2026-03-08 20:00:00,10%回收温度,延化140万吨/年柴油精制装置
252.8,ST040042,℃,2026-03-08 20:00:00,50%回收温度,延化140万吨/年柴油精制装置
315.7,ST040042,℃,2026-03-08 20:00:00,90%回收温度,延化140万吨/年柴油精制装置
<-19,ST040042,℃,2026-03-09 20:00:00,冷滤点,延化140万吨/年柴油精制装置
<-26,ST040042,℃,2026-03-09 20:00:00,凝点,延化140万吨/年柴油精制装置
869.2,ST040042,<p>kg/m<sup>3</sup></p>,2026-03-09 20:00:00,密度ρ20,延化140万吨/年柴油精制装置
4.00,ST040042,<p>ppm</p>,2026-03-09 20:00:00,硫含量,延化140万吨/年柴油精制装置
37,ST040042,,2026-03-09 20:00:00,十六烷指数,延化140万吨/年柴油精制装置
196.3,ST040042,℃,2026-03-09 20:00:00,初馏点,延化140万吨/年柴油精制装置
218.4,ST040042,℃,2026-03-09 20:00:00,10%回收温度,延化140万吨/年柴油精制装置
253.9,ST040042,℃,2026-03-09 20:00:00,50%回收温度,延化140万吨/年柴油精制装置
316.2,ST040042,℃,2026-03-09 20:00:00,90%回收温度,延化140万吨/年柴油精制装置
336.9,ST040042,℃,2026-03-09 20:00:00,95%回收温度,延化140万吨/年柴油精制装置
81.0,ST040042,℃,2026-03-09 20:00:00,闪点(闭口),延化140万吨/年柴油精制装置
<-19,ST040042,℃,2026-03-10 20:00:00,冷滤点,延化140万吨/年柴油精制装置
37,ST040042,,2026-03-10 20:00:00,十六烷指数,延化140万吨/年柴油精制装置
<-26,ST040042,℃,2026-03-10 20:00:00,凝点,延化140万吨/年柴油精制装置
869.8,ST040042,<p>kg/m<sup>3</sup></p>,2026-03-10 20:00:00,密度ρ20,延化140万吨/年柴油精制装置
4.00,ST040042,<p>ppm</p>,2026-03-10 20:00:00,硫含量,延化140万吨/年柴油精制装置
336.6,ST040042,℃,2026-03-10 20:00:00,95%回收温度,延化140万吨/年柴油精制装置
195.3,ST040042,℃,2026-03-10 20:00:00,初馏点,延化140万吨/年柴油精制装置
217.5,ST040042,℃,2026-03-10 20:00:00,10%回收温度,延化140万吨/年柴油精制装置
253.2,ST040042,℃,2026-03-10 20:00:00,50%回收温度,延化140万吨/年柴油精制装置
315.6,ST040042,℃,2026-03-10 20:00:00,90%回收温度,延化140万吨/年柴油精制装置
80.0,ST040042,℃,2026-03-10 20:00:00,闪点(闭口),延化140万吨/年柴油精制装置
316.8,ST040042,℃,2026-03-11 20:00:00,90%回收温度,延化140万吨/年柴油精制装置
196.3,ST040042,℃,2026-03-11 20:00:00,初馏点,延化140万吨/年柴油精制装置
218.7,ST040042,℃,2026-03-11 20:00:00,10%回收温度,延化140万吨/年柴油精制装置
254.1,ST040042,℃,2026-03-11 20:00:00,50%回收温度,延化140万吨/年柴油精制装置
337.4,ST040042,℃,2026-03-11 20:00:00,95%回收温度,延化140万吨/年柴油精制装置
80.0,ST040042,℃,2026-03-11 20:00:00,闪点(闭口),延化140万吨/年柴油精制装置
<-26,ST040042,℃,2026-03-11 20:00:00,凝点,延化140万吨/年柴油精制装置
870.2,ST040042,<p>kg/m<sup>3</sup></p>,2026-03-11 20:00:00,密度ρ20,延化140万吨/年柴油精制装置
4.00,ST040042,<p>ppm</p>,2026-03-11 20:00:00,硫含量,延化140万吨/年柴油精制装置
37,ST040042,,2026-03-11 20:00:00,十六烷指数,延化140万吨/年柴油精制装置
<-19,ST040042,℃,2026-03-11 20:00:00,冷滤点,延化140万吨/年柴油精制装置
317.0,ST040042,℃,2026-03-12 20:00:00,90%回收温度,延化140万吨/年柴油精制装置
196.0,ST040042,℃,2026-03-12 20:00:00,初馏点,延化140万吨/年柴油精制装置
218.5,ST040042,℃,2026-03-12 20:00:00,10%回收温度,延化140万吨/年柴油精制装置
254.0,ST040042,℃,2026-03-12 20:00:00,50%回收温度,延化140万吨/年柴油精制装置
337.5,ST040042,℃,2026-03-12 20:00:00,95%回收温度,延化140万吨/年柴油精制装置
79.0,ST040042,℃,2026-03-12 20:00:00,闪点(闭口),延化140万吨/年柴油精制装置
<-26,ST040042,℃,2026-03-12 20:00:00,凝点,延化140万吨/年柴油精制装置
870.1,ST040042,<p>kg/m<sup>3</sup></p>,2026-03-12 20:00:00,密度ρ20,延化140万吨/年柴油精制装置
3.00,ST040042,<p>ppm</p>,2026-03-12 20:00:00,硫含量,延化140万吨/年柴油精制装置
37,ST040042,,2026-03-12 20:00:00,十六烷指数,延化140万吨/年柴油精制装置
<-19,ST040042,℃,2026-03-12 20:00:00,冷滤点,延化140万吨/年柴油精制装置
255.3,ST040042,℃,2026-03-13 20:00:00,50%回收温度,延化140万吨/年柴油精制装置
318.9,ST040042,℃,2026-03-13 20:00:00,90%回收温度,延化140万吨/年柴油精制装置
339.6,ST040042,℃,2026-03-13 20:00:00,95%回收温度,延化140万吨/年柴油精制装置
<-19,ST040042,℃,2026-03-13 20:00:00,冷滤点,延化140万吨/年柴油精制装置
<-26,ST040042,℃,2026-03-13 20:00:00,凝点,延化140万吨/年柴油精制装置
220.0,ST040042,℃,2026-03-13 20:00:00,10%回收温度,延化140万吨/年柴油精制装置
3.00,ST040042,<p>ppm</p>,2026-03-13 20:00:00,硫含量,延化140万吨/年柴油精制装置
37,ST040042,,2026-03-13 20:00:00,十六烷指数,延化140万吨/年柴油精制装置
82.0,ST040042,℃,2026-03-13 20:00:00,闪点(闭口),延化140万吨/年柴油精制装置
197.8,ST040042,℃,2026-03-13 20:00:00,初馏点,延化140万吨/年柴油精制装置
870.0,ST040042,<p>kg/m<sup>3</sup></p>,2026-03-13 20:00:00,密度ρ20,延化140万吨/年柴油精制装置
82.0,ST040042,℃,2026-03-14 20:00:00,闪点(闭口),延化140万吨/年柴油精制装置
199.8,ST040042,℃,2026-03-14 20:00:00,初馏点,延化140万吨/年柴油精制装置
220.7,ST040042,℃,2026-03-14 20:00:00,10%回收温度,延化140万吨/年柴油精制装置
255.8,ST040042,℃,2026-03-14 20:00:00,50%回收温度,延化140万吨/年柴油精制装置
319.4,ST040042,℃,2026-03-14 20:00:00,90%回收温度,延化140万吨/年柴油精制装置
38,ST040042,,2026-03-14 20:00:00,十六烷指数,延化140万吨/年柴油精制装置
<-19,ST040042,℃,2026-03-14 20:00:00,冷滤点,延化140万吨/年柴油精制装置
<-26,ST040042,℃,2026-03-14 20:00:00,凝点,延化140万吨/年柴油精制装置
870.0,ST040042,<p>kg/m<sup>3</sup></p>,2026-03-14 20:00:00,密度ρ20,延化140万吨/年柴油精制装置
3.00,ST040042,<p>ppm</p>,2026-03-14 20:00:00,硫含量,延化140万吨/年柴油精制装置
339.9,ST040042,℃,2026-03-14 20:00:00,95%回收温度,延化140万吨/年柴油精制装置
319.0,ST040042,℃,2026-03-15 20:00:00,90%回收温度,延化140万吨/年柴油精制装置
197.0,ST040042,℃,2026-03-15 20:00:00,初馏点,延化140万吨/年柴油精制装置
220.6,ST040042,℃,2026-03-15 20:00:00,10%回收温度,延化140万吨/年柴油精制装置
256.3,ST040042,℃,2026-03-15 20:00:00,50%回收温度,延化140万吨/年柴油精制装置
339.3,ST040042,℃,2026-03-15 20:00:00,95%回收温度,延化140万吨/年柴油精制装置
<-19,ST040042,℃,2026-03-15 20:00:00,冷滤点,延化140万吨/年柴油精制装置
<-26,ST040042,℃,2026-03-15 20:00:00,凝点,延化140万吨/年柴油精制装置
869.9,ST040042,<p>kg/m<sup>3</sup></p>,2026-03-15 20:00:00,密度ρ20,延化140万吨/年柴油精制装置
4.00,ST040042,<p>ppm</p>,2026-03-15 20:00:00,硫含量,延化140万吨/年柴油精制装置
38,ST040042,,2026-03-15 20:00:00,十六烷指数,延化140万吨/年柴油精制装置
83.0,ST040042,℃,2026-03-15 20:00:00,闪点(闭口),延化140万吨/年柴油精制装置
<-19,ST040042,℃,2026-03-16 20:00:00,冷滤点,延化140万吨/年柴油精制装置
<-26,ST040042,℃,2026-03-16 20:00:00,凝点,延化140万吨/年柴油精制装置
870.0,ST040042,<p>kg/m<sup>3</sup></p>,2026-03-16 20:00:00,密度ρ20,延化140万吨/年柴油精制装置
4.00,ST040042,<p>ppm</p>,2026-03-16 20:00:00,硫含量,延化140万吨/年柴油精制装置
38,ST040042,,2026-03-16 20:00:00,十六烷指数,延化140万吨/年柴油精制装置
338.8,ST040042,℃,2026-03-16 20:00:00,95%回收温度,延化140万吨/年柴油精制装置
198.1,ST040042,℃,2026-03-16 20:00:00,初馏点,延化140万吨/年柴油精制装置
220.8,ST040042,℃,2026-03-16 20:00:00,10%回收温度,延化140万吨/年柴油精制装置
256.0,ST040042,℃,2026-03-16 20:00:00,50%回收温度,延化140万吨/年柴油精制装置
318.4,ST040042,℃,2026-03-16 20:00:00,90%回收温度,延化140万吨/年柴油精制装置
82.0,ST040042,℃,2026-03-16 20:00:00,闪点(闭口),延化140万吨/年柴油精制装置
<-19,ST040042,℃,2026-03-17 20:00:00,冷滤点,延化140万吨/年柴油精制装置
199.1,ST040042,℃,2026-03-17 20:00:00,初馏点,延化140万吨/年柴油精制装置
220.1,ST040042,℃,2026-03-17 20:00:00,10%回收温度,延化140万吨/年柴油精制装置
254.5,ST040042,℃,2026-03-17 20:00:00,50%回收温度,延化140万吨/年柴油精制装置
316.8,ST040042,℃,2026-03-17 20:00:00,90%回收温度,延化140万吨/年柴油精制装置
80.0,ST040042,℃,2026-03-17 20:00:00,闪点(闭口),延化140万吨/年柴油精制装置
<-26,ST040042,℃,2026-03-17 20:00:00,凝点,延化140万吨/年柴油精制装置
869.6,ST040042,<p>kg/m<sup>3</sup></p>,2026-03-17 20:00:00,密度ρ20,延化140万吨/年柴油精制装置
4.00,ST040042,<p>ppm</p>,2026-03-17 20:00:00,硫含量,延化140万吨/年柴油精制装置
37,ST040042,,2026-03-17 20:00:00,十六烷指数,延化140万吨/年柴油精制装置
337.5,ST040042,℃,2026-03-17 20:00:00,95%回收温度,延化140万吨/年柴油精制装置
869.5,ST040042,<p>kg/m<sup>3</sup></p>,2026-03-18 20:00:00,密度ρ20,延化140万吨/年柴油精制装置
197.4,ST040042,℃,2026-03-18 20:00:00,初馏点,延化140万吨/年柴油精制装置
<-19,ST040042,℃,2026-03-18 20:00:00,冷滤点,延化140万吨/年柴油精制装置
<-26,ST040042,℃,2026-03-18 20:00:00,凝点,延化140万吨/年柴油精制装置
4.00,ST040042,<p>ppm</p>,2026-03-18 20:00:00,硫含量,延化140万吨/年柴油精制装置
335.8,ST040042,℃,2026-03-18 20:00:00,95%回收温度,延化140万吨/年柴油精制装置
80.0,ST040042,℃,2026-03-18 20:00:00,闪点(闭口),延化140万吨/年柴油精制装置
218.7,ST040042,℃,2026-03-18 20:00:00,10%回收温度,延化140万吨/年柴油精制装置
253.2,ST040042,℃,2026-03-18 20:00:00,50%回收温度,延化140万吨/年柴油精制装置
314.8,ST040042,℃,2026-03-18 20:00:00,90%回收温度,延化140万吨/年柴油精制装置
37,ST040042,,2026-03-18 20:00:00,十六烷指数,延化140万吨/年柴油精制装置
4.00,ST040042,<p>ppm</p>,2026-03-19 20:00:00,硫含量,延化140万吨/年柴油精制装置
<-19,ST040042,℃,2026-03-19 20:00:00,冷滤点,延化140万吨/年柴油精制装置
<-26,ST040042,℃,2026-03-19 20:00:00,凝点,延化140万吨/年柴油精制装置
869.2,ST040042,<p>kg/m<sup>3</sup></p>,2026-03-19 20:00:00,密度ρ20,延化140万吨/年柴油精制装置
37,ST040042,,2026-03-19 20:00:00,十六烷指数,延化140万吨/年柴油精制装置
336.2,ST040042,℃,2026-03-19 20:00:00,95%回收温度,延化140万吨/年柴油精制装置
195.9,ST040042,℃,2026-03-19 20:00:00,初馏点,延化140万吨/年柴油精制装置
219.0,ST040042,℃,2026-03-19 20:00:00,10%回收温度,延化140万吨/年柴油精制装置
254.0,ST040042,℃,2026-03-19 20:00:00,50%回收温度,延化140万吨/年柴油精制装置
315.3,ST040042,℃,2026-03-19 20:00:00,90%回收温度,延化140万吨/年柴油精制装置
80.0,ST040042,℃,2026-03-19 20:00:00,闪点(闭口),延化140万吨/年柴油精制装置
4.00,ST040042,<p>ppm</p>,2026-03-20 20:00:00,硫含量,延化140万吨/年柴油精制装置
38,ST040042,,2026-03-20 20:00:00,十六烷指数,延化140万吨/年柴油精制装置
80.0,ST040042,℃,2026-03-20 20:00:00,闪点(闭口),延化140万吨/年柴油精制装置
314.7,ST040042,℃,2026-03-20 20:00:00,90%回收温度,延化140万吨/年柴油精制装置
197.4,ST040042,℃,2026-03-20 20:00:00,初馏点,延化140万吨/年柴油精制装置
868.3,ST040042,<p>kg/m<sup>3</sup></p>,2026-03-20 20:00:00,密度ρ20,延化140万吨/年柴油精制装置
253.9,ST040042,℃,2026-03-20 20:00:00,50%回收温度,延化140万吨/年柴油精制装置
335.5,ST040042,℃,2026-03-20 20:00:00,95%回收温度,延化140万吨/年柴油精制装置
<-19,ST040042,℃,2026-03-20 20:00:00,冷滤点,延化140万吨/年柴油精制装置
<-26,ST040042,℃,2026-03-20 20:00:00,凝点,延化140万吨/年柴油精制装置
219.4,ST040042,℃,2026-03-20 20:00:00,10%回收温度,延化140万吨/年柴油精制装置
196.7,ST040042,℃,2026-03-21 20:00:00,初馏点,延化140万吨/年柴油精制装置
218.0,ST040042,℃,2026-03-21 20:00:00,10%回收温度,延化140万吨/年柴油精制装置
252.2,ST040042,℃,2026-03-21 20:00:00,50%回收温度,延化140万吨/年柴油精制装置
313.6,ST040042,℃,2026-03-21 20:00:00,90%回收温度,延化140万吨/年柴油精制装置
334.7,ST040042,℃,2026-03-21 20:00:00,95%回收温度,延化140万吨/年柴油精制装置
<-26,ST040042,℃,2026-03-21 20:00:00,凝点,延化140万吨/年柴油精制装置
5.00,ST040042,<p>ppm</p>,2026-03-21 20:00:00,硫含量,延化140万吨/年柴油精制装置
37,ST040042,,2026-03-21 20:00:00,十六烷指数,延化140万吨/年柴油精制装置
79.0,ST040042,℃,2026-03-21 20:00:00,闪点(闭口),延化140万吨/年柴油精制装置
<-19,ST040042,℃,2026-03-21 20:00:00,冷滤点,延化140万吨/年柴油精制装置
868.6,ST040042,<p>kg/m<sup>3</sup></p>,2026-03-21 20:00:00,密度ρ20,延化140万吨/年柴油精制装置
312.5,ST040042,℃,2026-03-22 20:00:00,90%回收温度,延化140万吨/年柴油精制装置
195.0,ST040042,℃,2026-03-22 20:00:00,初馏点,延化140万吨/年柴油精制装置
217.6,ST040042,℃,2026-03-22 20:00:00,10%回收温度,延化140万吨/年柴油精制装置
251.8,ST040042,℃,2026-03-22 20:00:00,50%回收温度,延化140万吨/年柴油精制装置
333.6,ST040042,℃,2026-03-22 20:00:00,95%回收温度,延化140万吨/年柴油精制装置
79.0,ST040042,℃,2026-03-22 20:00:00,闪点(闭口),延化140万吨/年柴油精制装置
<-26,ST040042,℃,2026-03-22 20:00:00,凝点,延化140万吨/年柴油精制装置
868.6,ST040042,<p>kg/m<sup>3</sup></p>,2026-03-22 20:00:00,密度ρ20,延化140万吨/年柴油精制装置
5.00,ST040042,<p>ppm</p>,2026-03-22 20:00:00,硫含量,延化140万吨/年柴油精制装置
37,ST040042,,2026-03-22 20:00:00,十六烷指数,延化140万吨/年柴油精制装置
<-19,ST040042,℃,2026-03-22 20:00:00,冷滤点,延化140万吨/年柴油精制装置
194.9,ST040042,℃,2026-03-23 20:00:00,初馏点,延化140万吨/年柴油精制装置
216.5,ST040042,℃,2026-03-23 20:00:00,10%回收温度,延化140万吨/年柴油精制装置
250.5,ST040042,℃,2026-03-23 20:00:00,50%回收温度,延化140万吨/年柴油精制装置
311.4,ST040042,℃,2026-03-23 20:00:00,90%回收温度,延化140万吨/年柴油精制装置
332.6,ST040042,℃,2026-03-23 20:00:00,95%回收温度,延化140万吨/年柴油精制装置
78.0,ST040042,℃,2026-03-23 20:00:00,闪点(闭口),延化140万吨/年柴油精制装置
<-26,ST040042,℃,2026-03-23 20:00:00,凝点,延化140万吨/年柴油精制装置
868.2,ST040042,<p>kg/m<sup>3</sup></p>,2026-03-23 20:00:00,密度ρ20,延化140万吨/年柴油精制装置
5.00,ST040042,<p>ppm</p>,2026-03-23 20:00:00,硫含量,延化140万吨/年柴油精制装置
37,ST040042,,2026-03-23 20:00:00,十六烷指数,延化140万吨/年柴油精制装置
<-19,ST040042,℃,2026-03-23 20:00:00,冷滤点,延化140万吨/年柴油精制装置
3.00,ST040042,<p>ppm</p>,2026-03-24 20:00:00,硫含量,延化140万吨/年柴油精制装置
<-19,ST040042,℃,2026-03-24 20:00:00,冷滤点,延化140万吨/年柴油精制装置
<-26,ST040042,℃,2026-03-24 20:00:00,凝点,延化140万吨/年柴油精制装置
867.4,ST040042,<p>kg/m<sup>3</sup></p>,2026-03-24 20:00:00,密度ρ20,延化140万吨/年柴油精制装置
38,ST040042,,2026-03-24 20:00:00,十六烷指数,延化140万吨/年柴油精制装置
335.2,ST040042,℃,2026-03-24 20:00:00,95%回收温度,延化140万吨/年柴油精制装置
196.5,ST040042,℃,2026-03-24 20:00:00,初馏点,延化140万吨/年柴油精制装置
218.4,ST040042,℃,2026-03-24 20:00:00,10%回收温度,延化140万吨/年柴油精制装置
252.9,ST040042,℃,2026-03-24 20:00:00,50%回收温度,延化140万吨/年柴油精制装置
314.0,ST040042,℃,2026-03-24 20:00:00,90%回收温度,延化140万吨/年柴油精制装置
79.0,ST040042,℃,2026-03-24 20:00:00,闪点(闭口),延化140万吨/年柴油精制装置
<-26,ST040042,℃,2026-03-25 20:00:00,凝点,延化140万吨/年柴油精制装置
38,ST040042,,2026-03-25 20:00:00,十六烷指数,延化140万吨/年柴油精制装置
77.0,ST040042,℃,2026-03-25 20:00:00,闪点(闭口),延化140万吨/年柴油精制装置
<-19,ST040042,℃,2026-03-25 20:00:00,冷滤点,延化140万吨/年柴油精制装置
864.6,ST040042,<p>kg/m<sup>3</sup></p>,2026-03-25 20:00:00,密度ρ20,延化140万吨/年柴油精制装置
333.6,ST040042,℃,2026-03-25 20:00:00,95%回收温度,延化140万吨/年柴油精制装置
2.00,ST040042,<p>ppm</p>,2026-03-25 20:00:00,硫含量,延化140万吨/年柴油精制装置
193.4,ST040042,℃,2026-03-25 20:00:00,初馏点,延化140万吨/年柴油精制装置
215.2,ST040042,℃,2026-03-25 20:00:00,10%回收温度,延化140万吨/年柴油精制装置
312.2,ST040042,℃,2026-03-25 20:00:00,90%回收温度,延化140万吨/年柴油精制装置
250.5,ST040042,℃,2026-03-25 20:00:00,50%回收温度,延化140万吨/年柴油精制装置
<-26,ST040042,℃,2026-03-26 20:00:00,凝点,延化140万吨/年柴油精制装置
867.8,ST040042,<p>kg/m<sup>3</sup></p>,2026-03-26 20:00:00,密度ρ20,延化140万吨/年柴油精制装置
3.00,ST040042,<p>ppm</p>,2026-03-26 20:00:00,硫含量,延化140万吨/年柴油精制装置
37,ST040042,,2026-03-26 20:00:00,十六烷指数,延化140万吨/年柴油精制装置
79.0,ST040042,℃,2026-03-26 20:00:00,闪点(闭口),延化140万吨/年柴油精制装置
<-19,ST040042,℃,2026-03-26 20:00:00,冷滤点,延化140万吨/年柴油精制装置
195.6,ST040042,℃,2026-03-26 20:00:00,初馏点,延化140万吨/年柴油精制装置
217.4,ST040042,℃,2026-03-26 20:00:00,10%回收温度,延化140万吨/年柴油精制装置
252.0,ST040042,℃,2026-03-26 20:00:00,50%回收温度,延化140万吨/年柴油精制装置
334.5,ST040042,℃,2026-03-26 20:00:00,95%回收温度,延化140万吨/年柴油精制装置
313.2,ST040042,℃,2026-03-26 20:00:00,90%回收温度,延化140万吨/年柴油精制装置
2.00,ST040042,<p>ppm</p>,2026-03-27 20:00:00,硫含量,延化140万吨/年柴油精制装置
37,ST040042,,2026-03-27 20:00:00,十六烷指数,延化140万吨/年柴油精制装置
77.0,ST040042,℃,2026-03-27 20:00:00,闪点(闭口),延化140万吨/年柴油精制装置
314.4,ST040042,℃,2026-03-27 20:00:00,90%回收温度,延化140万吨/年柴油精制装置
195.0,ST040042,℃,2026-03-27 20:00:00,初馏点,延化140万吨/年柴油精制装置
867.2,ST040042,<p>kg/m<sup>3</sup></p>,2026-03-27 20:00:00,密度ρ20,延化140万吨/年柴油精制装置
252.5,ST040042,℃,2026-03-27 20:00:00,50%回收温度,延化140万吨/年柴油精制装置
335.8,ST040042,℃,2026-03-27 20:00:00,95%回收温度,延化140万吨/年柴油精制装置
<-19,ST040042,℃,2026-03-27 20:00:00,冷滤点,延化140万吨/年柴油精制装置
<-26,ST040042,℃,2026-03-27 20:00:00,凝点,延化140万吨/年柴油精制装置
217.2,ST040042,℃,2026-03-27 20:00:00,10%回收温度,延化140万吨/年柴油精制装置
<-19,ST040042,℃,2026-03-28 20:00:00,冷滤点,延化140万吨/年柴油精制装置
<-26,ST040042,℃,2026-03-28 20:00:00,凝点,延化140万吨/年柴油精制装置
867.2,ST040042,<p>kg/m<sup>3</sup></p>,2026-03-28 20:00:00,密度ρ20,延化140万吨/年柴油精制装置
2.00,ST040042,<p>ppm</p>,2026-03-28 20:00:00,硫含量,延化140万吨/年柴油精制装置
37,ST040042,,2026-03-28 20:00:00,十六烷指数,延化140万吨/年柴油精制装置
78.0,ST040042,℃,2026-03-28 20:00:00,闪点(闭口),延化140万吨/年柴油精制装置
216.1,ST040042,℃,2026-03-28 20:00:00,10%回收温度,延化140万吨/年柴油精制装置
251.6,ST040042,℃,2026-03-28 20:00:00,50%回收温度,延化140万吨/年柴油精制装置
313.9,ST040042,℃,2026-03-28 20:00:00,90%回收温度,延化140万吨/年柴油精制装置
335.5,ST040042,℃,2026-03-28 20:00:00,95%回收温度,延化140万吨/年柴油精制装置
194.4,ST040042,℃,2026-03-28 20:00:00,初馏点,延化140万吨/年柴油精制装置
195.8,ST040042,℃,2026-03-29 20:00:00,初馏点,延化140万吨/年柴油精制装置
217.2,ST040042,℃,2026-03-29 20:00:00,10%回收温度,延化140万吨/年柴油精制装置
252.2,ST040042,℃,2026-03-29 20:00:00,50%回收温度,延化140万吨/年柴油精制装置
314.2,ST040042,℃,2026-03-29 20:00:00,90%回收温度,延化140万吨/年柴油精制装置
335.5,ST040042,℃,2026-03-29 20:00:00,95%回收温度,延化140万吨/年柴油精制装置
79.0,ST040042,℃,2026-03-29 20:00:00,闪点(闭口),延化140万吨/年柴油精制装置
<-19,ST040042,℃,2026-03-29 20:00:00,冷滤点,延化140万吨/年柴油精制装置
<-26,ST040042,℃,2026-03-29 20:00:00,凝点,延化140万吨/年柴油精制装置
868.3,ST040042,<p>kg/m<sup>3</sup></p>,2026-03-29 20:00:00,密度ρ20,延化140万吨/年柴油精制装置
2.00,ST040042,<p>ppm</p>,2026-03-29 20:00:00,硫含量,延化140万吨/年柴油精制装置
38,ST040042,,2026-03-29 20:00:00,十六烷指数,延化140万吨/年柴油精制装置
867.2,ST040042,<p>kg/m<sup>3</sup></p>,2026-03-30 20:00:00,密度ρ20,延化140万吨/年柴油精制装置
2.00,ST040042,<p>ppm</p>,2026-03-30 20:00:00,硫含量,延化140万吨/年柴油精制装置
37,ST040042,,2026-03-30 20:00:00,十六烷指数,延化140万吨/年柴油精制装置
78.0,ST040042,℃,2026-03-30 20:00:00,闪点(闭口),延化140万吨/年柴油精制装置
194.7,ST040042,℃,2026-03-30 20:00:00,初馏点,延化140万吨/年柴油精制装置
<-26,ST040042,℃,2026-03-30 20:00:00,凝点,延化140万吨/年柴油精制装置
252.1,ST040042,℃,2026-03-30 20:00:00,50%回收温度,延化140万吨/年柴油精制装置
314.8,ST040042,℃,2026-03-30 20:00:00,90%回收温度,延化140万吨/年柴油精制装置
336.4,ST040042,℃,2026-03-30 20:00:00,95%回收温度,延化140万吨/年柴油精制装置
<-19,ST040042,℃,2026-03-30 20:00:00,冷滤点,延化140万吨/年柴油精制装置
216.8,ST040042,℃,2026-03-30 20:00:00,10%回收温度,延化140万吨/年柴油精制装置
868.0,ST040042,<p>kg/m<sup>3</sup></p>,2026-03-31 20:00:00,密度ρ20,延化140万吨/年柴油精制装置
37,ST040042,,2026-03-31 20:00:00,十六烷指数,延化140万吨/年柴油精制装置
194.1,ST040042,℃,2026-03-31 20:00:00,初馏点,延化140万吨/年柴油精制装置
216.9,ST040042,℃,2026-03-31 20:00:00,10%回收温度,延化140万吨/年柴油精制装置
252.3,ST040042,℃,2026-03-31 20:00:00,50%回收温度,延化140万吨/年柴油精制装置
2.00,ST040042,<p>ppm</p>,2026-03-31 20:00:00,硫含量,延化140万吨/年柴油精制装置
336.4,ST040042,℃,2026-03-31 20:00:00,95%回收温度,延化140万吨/年柴油精制装置
77.0,ST040042,℃,2026-03-31 20:00:00,闪点(闭口),延化140万吨/年柴油精制装置
<-19,ST040042,℃,2026-03-31 20:00:00,冷滤点,延化140万吨/年柴油精制装置
<-26,ST040042,℃,2026-03-31 20:00:00,凝点,延化140万吨/年柴油精制装置
314.8,ST040042,℃,2026-03-31 20:00:00,90%回收温度,延化140万吨/年柴油精制装置
<-26,ST040042,℃,2026-04-01 20:00:00,凝点,延化140万吨/年柴油精制装置
37,ST040042,,2026-04-01 20:00:00,十六烷指数,延化140万吨/年柴油精制装置
<-19,ST040042,℃,2026-04-01 20:00:00,冷滤点,延化140万吨/年柴油精制装置
868.9,ST040042,<p>kg/m<sup>3</sup></p>,2026-04-01 20:00:00,密度ρ20,延化140万吨/年柴油精制装置
2.00,ST040042,<p>ppm</p>,2026-04-01 20:00:00,硫含量,延化140万吨/年柴油精制装置
336.0,ST040042,℃,2026-04-01 20:00:00,95%回收温度,延化140万吨/年柴油精制装置
197.1,ST040042,℃,2026-04-01 20:00:00,初馏点,延化140万吨/年柴油精制装置
217.0,ST040042,℃,2026-04-01 20:00:00,10%回收温度,延化140万吨/年柴油精制装置
252.5,ST040042,℃,2026-04-01 20:00:00,50%回收温度,延化140万吨/年柴油精制装置
314.7,ST040042,℃,2026-04-01 20:00:00,90%回收温度,延化140万吨/年柴油精制装置
80.0,ST040042,℃,2026-04-01 20:00:00,闪点(闭口),延化140万吨/年柴油精制装置
315.2,ST040042,℃,2026-04-02 20:00:00,90%回收温度,延化140万吨/年柴油精制装置
196.0,ST040042,℃,2026-04-02 20:00:00,初馏点,延化140万吨/年柴油精制装置
217.0,ST040042,℃,2026-04-02 20:00:00,10%回收温度,延化140万吨/年柴油精制装置
252.0,ST040042,℃,2026-04-02 20:00:00,50%回收温度,延化140万吨/年柴油精制装置
336.9,ST040042,℃,2026-04-02 20:00:00,95%回收温度,延化140万吨/年柴油精制装置
3.00,ST040042,<p>ppm</p>,2026-04-02 20:00:00,硫含量,延化140万吨/年柴油精制装置
37,ST040042,,2026-04-02 20:00:00,十六烷指数,延化140万吨/年柴油精制装置
80.0,ST040042,℃,2026-04-02 20:00:00,闪点(闭口),延化140万吨/年柴油精制装置
<-19,ST040042,℃,2026-04-02 20:00:00,冷滤点,延化140万吨/年柴油精制装置
868.8,ST040042,<p>kg/m<sup>3</sup></p>,2026-04-02 20:00:00,密度ρ20,延化140万吨/年柴油精制装置
<-26,ST040042,℃,2026-04-02 20:00:00,凝点,延化140万吨/年柴油精制装置
<-19,ST040042,℃,2026-04-03 20:00:00,冷滤点,延化140万吨/年柴油精制装置
<-26,ST040042,℃,2026-04-03 20:00:00,凝点,延化140万吨/年柴油精制装置
868.6,ST040042,<p>kg/m<sup>3</sup></p>,2026-04-03 20:00:00,密度ρ20,延化140万吨/年柴油精制装置
3.70,ST040042,<p>ppm</p>,2026-04-03 20:00:00,硫含量,延化140万吨/年柴油精制装置
195.9,ST040042,℃,2026-04-03 20:00:00,初馏点,延化140万吨/年柴油精制装置
79.0,ST040042,℃,2026-04-03 20:00:00,闪点(闭口),延化140万吨/年柴油精制装置
251.6,ST040042,℃,2026-04-03 20:00:00,50%回收温度,延化140万吨/年柴油精制装置
314.9,ST040042,℃,2026-04-03 20:00:00,90%回收温度,延化140万吨/年柴油精制装置
336.4,ST040042,℃,2026-04-03 20:00:00,95%回收温度,延化140万吨/年柴油精制装置
37,ST040042,,2026-04-03 20:00:00,十六烷指数,延化140万吨/年柴油精制装置
216.7,ST040042,℃,2026-04-03 20:00:00,10%回收温度,延化140万吨/年柴油精制装置
315.2,ST040042,℃,2026-04-04 20:00:00,90%回收温度,延化140万吨/年柴油精制装置
196.4,ST040042,℃,2026-04-04 20:00:00,初馏点,延化140万吨/年柴油精制装置
217.6,ST040042,℃,2026-04-04 20:00:00,10%回收温度,延化140万吨/年柴油精制装置
252.5,ST040042,℃,2026-04-04 20:00:00,50%回收温度,延化140万吨/年柴油精制装置
336.8,ST040042,℃,2026-04-04 20:00:00,95%回收温度,延化140万吨/年柴油精制装置
78.0,ST040042,℃,2026-04-04 20:00:00,闪点(闭口),延化140万吨/年柴油精制装置
<-26,ST040042,℃,2026-04-04 20:00:00,凝点,延化140万吨/年柴油精制装置
868.2,ST040042,<p>kg/m<sup>3</sup></p>,2026-04-04 20:00:00,密度ρ20,延化140万吨/年柴油精制装置
3.00,ST040042,<p>ppm</p>,2026-04-04 20:00:00,硫含量,延化140万吨/年柴油精制装置
37,ST040042,,2026-04-04 20:00:00,十六烷指数,延化140万吨/年柴油精制装置
<-19,ST040042,℃,2026-04-04 20:00:00,冷滤点,延化140万吨/年柴油精制装置
<-26,ST040042,℃,2026-04-05 20:00:00,凝点,延化140万吨/年柴油精制装置
867.4,ST040042,<p>kg/m<sup>3</sup></p>,2026-04-05 20:00:00,密度ρ20,延化140万吨/年柴油精制装置
3.00,ST040042,<p>ppm</p>,2026-04-05 20:00:00,硫含量,延化140万吨/年柴油精制装置
37,ST040042,,2026-04-05 20:00:00,十六烷指数,延化140万吨/年柴油精制装置
77.0,ST040042,℃,2026-04-05 20:00:00,闪点(闭口),延化140万吨/年柴油精制装置
335.5,ST040042,℃,2026-04-05 20:00:00,95%回收温度,延化140万吨/年柴油精制装置
195.2,ST040042,℃,2026-04-05 20:00:00,初馏点,延化140万吨/年柴油精制装置
216.3,ST040042,℃,2026-04-05 20:00:00,10%回收温度,延化140万吨/年柴油精制装置
251.0,ST040042,℃,2026-04-05 20:00:00,50%回收温度,延化140万吨/年柴油精制装置
313.8,ST040042,℃,2026-04-05 20:00:00,90%回收温度,延化140万吨/年柴油精制装置
<-19,ST040042,℃,2026-04-05 20:00:00,冷滤点,延化140万吨/年柴油精制装置
<-26,ST040042,℃,2026-04-06 20:00:00,凝点,延化140万吨/年柴油精制装置
867.2,ST040042,<p>kg/m<sup>3</sup></p>,2026-04-06 20:00:00,密度ρ20,延化140万吨/年柴油精制装置
37,ST040042,,2026-04-06 20:00:00,十六烷指数,延化140万吨/年柴油精制装置
78.0,ST040042,℃,2026-04-06 20:00:00,闪点(闭口),延化140万吨/年柴油精制装置
196.3,ST040042,℃,2026-04-06 20:00:00,初馏点,延化140万吨/年柴油精制装置
<-19,ST040042,℃,2026-04-06 20:00:00,冷滤点,延化140万吨/年柴油精制装置
252.2,ST040042,℃,2026-04-06 20:00:00,50%回收温度,延化140万吨/年柴油精制装置
314.6,ST040042,℃,2026-04-06 20:00:00,90%回收温度,延化140万吨/年柴油精制装置
336.2,ST040042,℃,2026-04-06 20:00:00,95%回收温度,延化140万吨/年柴油精制装置
3.00,ST040042,<p>ppm</p>,2026-04-06 20:00:00,硫含量,延化140万吨/年柴油精制装置
217.4,ST040042,℃,2026-04-06 20:00:00,10%回收温度,延化140万吨/年柴油精制装置
314.6,ST040042,℃,2026-04-07 20:00:00,90%回收温度,延化140万吨/年柴油精制装置
196.2,ST040042,℃,2026-04-07 20:00:00,初馏点,延化140万吨/年柴油精制装置
217.5,ST040042,℃,2026-04-07 20:00:00,10%回收温度,延化140万吨/年柴油精制装置
252.4,ST040042,℃,2026-04-07 20:00:00,50%回收温度,延化140万吨/年柴油精制装置
336.1,ST040042,℃,2026-04-07 20:00:00,95%回收温度,延化140万吨/年柴油精制装置
78.0,ST040042,℃,2026-04-07 20:00:00,闪点(闭口),延化140万吨/年柴油精制装置
<-26,ST040042,℃,2026-04-07 20:00:00,凝点,延化140万吨/年柴油精制装置
867.2,ST040042,<p>kg/m<sup>3</sup></p>,2026-04-07 20:00:00,密度ρ20,延化140万吨/年柴油精制装置
3.20,ST040042,<p>ppm</p>,2026-04-07 20:00:00,硫含量,延化140万吨/年柴油精制装置
37,ST040042,,2026-04-07 20:00:00,十六烷指数,延化140万吨/年柴油精制装置
<-19,ST040042,℃,2026-04-07 20:00:00,冷滤点,延化140万吨/年柴油精制装置
2.00,ST040042,<p>ppm</p>,2026-04-08 20:00:00,硫含量,延化140万吨/年柴油精制装置
<-19,ST040042,℃,2026-04-08 20:00:00,冷滤点,延化140万吨/年柴油精制装置
<-26,ST040042,℃,2026-04-08 20:00:00,凝点,延化140万吨/年柴油精制装置
863.1,ST040042,<p>kg/m<sup>3</sup></p>,2026-04-08 20:00:00,密度ρ20,延化140万吨/年柴油精制装置
39,ST040042,,2026-04-08 20:00:00,十六烷指数,延化140万吨/年柴油精制装置
337.5,ST040042,℃,2026-04-08 20:00:00,95%回收温度,延化140万吨/年柴油精制装置
195.9,ST040042,℃,2026-04-08 20:00:00,初馏点,延化140万吨/年柴油精制装置
217.0,ST040042,℃,2026-04-08 20:00:00,10%回收温度,延化140万吨/年柴油精制装置
253.3,ST040042,℃,2026-04-08 20:00:00,50%回收温度,延化140万吨/年柴油精制装置
316.1,ST040042,℃,2026-04-08 20:00:00,90%回收温度,延化140万吨/年柴油精制装置
78.0,ST040042,℃,2026-04-08 20:00:00,闪点(闭口),延化140万吨/年柴油精制装置
<-19,ST040042,℃,2026-04-09 20:00:00,冷滤点,延化140万吨/年柴油精制装置
<-26,ST040042,℃,2026-04-09 20:00:00,凝点,延化140万吨/年柴油精制装置
38,ST040042,,2026-04-09 20:00:00,十六烷指数,延化140万吨/年柴油精制装置
198.2,ST040042,℃,2026-04-09 20:00:00,初馏点,延化140万吨/年柴油精制装置
218.7,ST040042,℃,2026-04-09 20:00:00,10%回收温度,延化140万吨/年柴油精制装置
3.00,ST040042,<p>ppm</p>,2026-04-09 20:00:00,硫含量,延化140万吨/年柴油精制装置
314.4,ST040042,℃,2026-04-09 20:00:00,90%回收温度,延化140万吨/年柴油精制装置
335.3,ST040042,℃,2026-04-09 20:00:00,95%回收温度,延化140万吨/年柴油精制装置
79.0,ST040042,℃,2026-04-09 20:00:00,闪点(闭口),延化140万吨/年柴油精制装置
866.9,ST040042,<p>kg/m<sup>3</sup></p>,2026-04-09 20:00:00,密度ρ20,延化140万吨/年柴油精制装置
253.2,ST040042,℃,2026-04-09 20:00:00,50%回收温度,延化140万吨/年柴油精制装置
196.2,ST040042,℃,2026-04-10 20:00:00,初馏点,延化140万吨/年柴油精制装置
217.7,ST040042,℃,2026-04-10 20:00:00,10%回收温度,延化140万吨/年柴油精制装置
252.2,ST040042,℃,2026-04-10 20:00:00,50%回收温度,延化140万吨/年柴油精制装置
314.1,ST040042,℃,2026-04-10 20:00:00,90%回收温度,延化140万吨/年柴油精制装置
335.4,ST040042,℃,2026-04-10 20:00:00,95%回收温度,延化140万吨/年柴油精制装置
78.0,ST040042,℃,2026-04-10 20:00:00,闪点(闭口),延化140万吨/年柴油精制装置
<-19,ST040042,℃,2026-04-10 20:00:00,冷滤点,延化140万吨/年柴油精制装置
<-26,ST040042,℃,2026-04-10 20:00:00,凝点,延化140万吨/年柴油精制装置
867.5,ST040042,<p>kg/m<sup>3</sup></p>,2026-04-10 20:00:00,密度ρ20,延化140万吨/年柴油精制装置
3.00,ST040042,<p>ppm</p>,2026-04-10 20:00:00,硫含量,延化140万吨/年柴油精制装置
37,ST040042,,2026-04-10 20:00:00,十六烷指数,延化140万吨/年柴油精制装置
78.0,ST040042,℃,2026-04-11 20:00:00,闪点(闭口),延化140万吨/年柴油精制装置
3.00,ST040042,<p>ppm</p>,2026-04-11 20:00:00,硫含量,延化140万吨/年柴油精制装置
<-19,ST040042,℃,2026-04-11 20:00:00,冷滤点,延化140万吨/年柴油精制装置
<-26,ST040042,℃,2026-04-11 20:00:00,凝点,延化140万吨/年柴油精制装置
865.5,ST040042,<p>kg/m<sup>3</sup></p>,2026-04-11 20:00:00,密度ρ20,延化140万吨/年柴油精制装置
315.9,ST040042,℃,2026-04-11 20:00:00,90%回收温度,延化140万吨/年柴油精制装置
337.3,ST040042,℃,2026-04-11 20:00:00,95%回收温度,延化140万吨/年柴油精制装置
196.2,ST040042,℃,2026-04-11 20:00:00,初馏点,延化140万吨/年柴油精制装置
218.5,ST040042,℃,2026-04-11 20:00:00,10%回收温度,延化140万吨/年柴油精制装置
253.5,ST040042,℃,2026-04-11 20:00:00,50%回收温度,延化140万吨/年柴油精制装置
38,ST040042,,2026-04-11 20:00:00,十六烷指数,延化140万吨/年柴油精制装置
217.5,ST040042,℃,2026-04-12 20:00:00,10%回收温度,延化140万吨/年柴油精制装置
32,ST040042,,2026-04-12 20:00:00,十六烷指数,延化140万吨/年柴油精制装置
79.0,ST040042,℃,2026-04-12 20:00:00,闪点(闭口),延化140万吨/年柴油精制装置
314.1,ST040042,℃,2026-04-12 20:00:00,90%回收温度,延化140万吨/年柴油精制装置
335.4,ST040042,℃,2026-04-12 20:00:00,95%回收温度,延化140万吨/年柴油精制装置
252.2,ST040042,℃,2026-04-12 20:00:00,50%回收温度,延化140万吨/年柴油精制装置
<-19,ST040042,℃,2026-04-12 20:00:00,冷滤点,延化140万吨/年柴油精制装置
<-26,ST040042,℃,2026-04-12 20:00:00,凝点,延化140万吨/年柴油精制装置
866.7,ST040042,<p>kg/m<sup>3</sup></p>,2026-04-12 20:00:00,密度ρ20,延化140万吨/年柴油精制装置
195.4,ST040042,℃,2026-04-12 20:00:00,初馏点,延化140万吨/年柴油精制装置
3.00,ST040042,<p>ppm</p>,2026-04-12 20:00:00,硫含量,延化140万吨/年柴油精制装置
313.0,ST040042,℃,2026-04-13 20:00:00,90%回收温度,延化140万吨/年柴油精制装置
195.6,ST040042,℃,2026-04-13 20:00:00,初馏点,延化140万吨/年柴油精制装置
216.8,ST040042,℃,2026-04-13 20:00:00,10%回收温度,延化140万吨/年柴油精制装置
251.1,ST040042,℃,2026-04-13 20:00:00,50%回收温度,延化140万吨/年柴油精制装置
334.4,ST040042,℃,2026-04-13 20:00:00,95%回收温度,延化140万吨/年柴油精制装置
78.0,ST040042,℃,2026-04-13 20:00:00,闪点(闭口),延化140万吨/年柴油精制装置
<-19,ST040042,℃,2026-04-13 20:00:00,冷滤点,延化140万吨/年柴油精制装置
<-26,ST040042,℃,2026-04-13 20:00:00,凝点,延化140万吨/年柴油精制装置
867.1,ST040042,<p>kg/m<sup>3</sup></p>,2026-04-13 20:00:00,密度ρ20,延化140万吨/年柴油精制装置
3.00,ST040042,<p>ppm</p>,2026-04-13 20:00:00,硫含量,延化140万吨/年柴油精制装置
37,ST040042,,2026-04-13 20:00:00,十六烷指数,延化140万吨/年柴油精制装置
313.3,ST040042,℃,2026-04-14 20:00:00,90%回收温度,延化140万吨/年柴油精制装置
196.6,ST040042,℃,2026-04-14 20:00:00,初馏点,延化140万吨/年柴油精制装置
218.0,ST040042,℃,2026-04-14 20:00:00,10%回收温度,延化140万吨/年柴油精制装置
252.2,ST040042,℃,2026-04-14 20:00:00,50%回收温度,延化140万吨/年柴油精制装置
334.4,ST040042,℃,2026-04-14 20:00:00,95%回收温度,延化140万吨/年柴油精制装置
78.0,ST040042,℃,2026-04-14 20:00:00,闪点(闭口),延化140万吨/年柴油精制装置
<-26,ST040042,℃,2026-04-14 20:00:00,凝点,延化140万吨/年柴油精制装置
866.2,ST040042,<p>kg/m<sup>3</sup></p>,2026-04-14 20:00:00,密度ρ20,延化140万吨/年柴油精制装置
3.00,ST040042,<p>ppm</p>,2026-04-14 20:00:00,硫含量,延化140万吨/年柴油精制装置
38,ST040042,,2026-04-14 20:00:00,十六烷指数,延化140万吨/年柴油精制装置
<-19,ST040042,℃,2026-04-14 20:00:00,冷滤点,延化140万吨/年柴油精制装置
3.00,ST040042,<p>ppm</p>,2026-04-15 20:00:00,硫含量,延化140万吨/年柴油精制装置
38,ST040042,,2026-04-15 20:00:00,十六烷指数,延化140万吨/年柴油精制装置
196.7,ST040042,℃,2026-04-15 20:00:00,初馏点,延化140万吨/年柴油精制装置
217.9,ST040042,℃,2026-04-15 20:00:00,10%回收温度,延化140万吨/年柴油精制装置
252.2,ST040042,℃,2026-04-15 20:00:00,50%回收温度,延化140万吨/年柴油精制装置
75.0,ST040042,℃,2026-04-15 20:00:00,闪点(闭口),延化140万吨/年柴油精制装置
334.8,ST040042,℃,2026-04-15 20:00:00,95%回收温度,延化140万吨/年柴油精制装置
866.7,ST040042,<p>kg/m<sup>3</sup></p>,2026-04-15 20:00:00,密度ρ20,延化140万吨/年柴油精制装置
<-19,ST040042,℃,2026-04-15 20:00:00,冷滤点,延化140万吨/年柴油精制装置
<-26,ST040042,℃,2026-04-15 20:00:00,凝点,延化140万吨/年柴油精制装置
313.6,ST040042,℃,2026-04-15 20:00:00,90%回收温度,延化140万吨/年柴油精制装置
314.0,ST040042,℃,2026-04-16 20:00:00,90%回收温度,延化140万吨/年柴油精制装置
196.5,ST040042,℃,2026-04-16 20:00:00,初馏点,延化140万吨/年柴油精制装置
217.9,ST040042,℃,2026-04-16 20:00:00,10%回收温度,延化140万吨/年柴油精制装置
252.5,ST040042,℃,2026-04-16 20:00:00,50%回收温度,延化140万吨/年柴油精制装置
335.1,ST040042,℃,2026-04-16 20:00:00,95%回收温度,延化140万吨/年柴油精制装置
76.0,ST040042,℃,2026-04-16 20:00:00,闪点(闭口),延化140万吨/年柴油精制装置
866.0,ST040042,<p>kg/m<sup>3</sup></p>,2026-04-16 20:00:00,密度ρ20,延化140万吨/年柴油精制装置
3.00,ST040042,<p>ppm</p>,2026-04-16 20:00:00,硫含量,延化140万吨/年柴油精制装置
<-19,ST040042,℃,2026-04-16 20:00:00,冷滤点,延化140万吨/年柴油精制装置
38,ST040042,,2026-04-16 20:00:00,十六烷指数,延化140万吨/年柴油精制装置
<-26,ST040042,℃,2026-04-16 20:00:00,凝点,延化140万吨/年柴油精制装置
866.3,ST040042,<p>kg/m<sup>3</sup></p>,2026-04-17 20:00:00,密度ρ20,延化140万吨/年柴油精制装置
314.5,ST040042,℃,2026-04-17 20:00:00,90%回收温度,延化140万吨/年柴油精制装置
197.3,ST040042,℃,2026-04-17 20:00:00,初馏点,延化140万吨/年柴油精制装置
218.8,ST040042,℃,2026-04-17 20:00:00,10%回收温度,延化140万吨/年柴油精制装置
253.3,ST040042,℃,2026-04-17 20:00:00,50%回收温度,延化140万吨/年柴油精制装置
<-26,ST040042,℃,2026-04-17 20:00:00,凝点,延化140万吨/年柴油精制装置
38,ST040042,,2026-04-17 20:00:00,十六烷指数,延化140万吨/年柴油精制装置
79.0,ST040042,℃,2026-04-17 20:00:00,闪点(闭口),延化140万吨/年柴油精制装置
3.00,ST040042,<p>ppm</p>,2026-04-17 20:00:00,硫含量,延化140万吨/年柴油精制装置
<-19,ST040042,℃,2026-04-17 20:00:00,冷滤点,延化140万吨/年柴油精制装置
335.5,ST040042,℃,2026-04-17 20:00:00,95%回收温度,延化140万吨/年柴油精制装置
312.9,ST040042,℃,2026-04-18 20:00:00,90%回收温度,延化140万吨/年柴油精制装置
197.2,ST040042,℃,2026-04-18 20:00:00,初馏点,延化140万吨/年柴油精制装置
218.0,ST040042,℃,2026-04-18 20:00:00,10%回收温度,延化140万吨/年柴油精制装置
251.9,ST040042,℃,2026-04-18 20:00:00,50%回收温度,延化140万吨/年柴油精制装置
334.2,ST040042,℃,2026-04-18 20:00:00,95%回收温度,延化140万吨/年柴油精制装置
79.0,ST040042,℃,2026-04-18 20:00:00,闪点(闭口),延化140万吨/年柴油精制装置
<-26,ST040042,℃,2026-04-18 20:00:00,凝点,延化140万吨/年柴油精制装置
866.5,ST040042,<p>kg/m<sup>3</sup></p>,2026-04-18 20:00:00,密度ρ20,延化140万吨/年柴油精制装置
3.00,ST040042,<p>ppm</p>,2026-04-18 20:00:00,硫含量,延化140万吨/年柴油精制装置
38,ST040042,,2026-04-18 20:00:00,十六烷指数,延化140万吨/年柴油精制装置
<-19,ST040042,℃,2026-04-18 20:00:00,冷滤点,延化140万吨/年柴油精制装置
3.00,ST040042,<p>ppm</p>,2026-04-19 20:00:00,硫含量,延化140万吨/年柴油精制装置
<-19,ST040042,℃,2026-04-19 20:00:00,冷滤点,延化140万吨/年柴油精制装置
<-26,ST040042,℃,2026-04-19 20:00:00,凝点,延化140万吨/年柴油精制装置
866.8,ST040042,<p>kg/m<sup>3</sup></p>,2026-04-19 20:00:00,密度ρ20,延化140万吨/年柴油精制装置
38,ST040042,,2026-04-19 20:00:00,十六烷指数,延化140万吨/年柴油精制装置
198.0,ST040042,℃,2026-04-19 20:00:00,初馏点,延化140万吨/年柴油精制装置
218.5,ST040042,℃,2026-04-19 20:00:00,10%回收温度,延化140万吨/年柴油精制装置
252.4,ST040042,℃,2026-04-19 20:00:00,50%回收温度,延化140万吨/年柴油精制装置
313.7,ST040042,℃,2026-04-19 20:00:00,90%回收温度,延化140万吨/年柴油精制装置
335.0,ST040042,℃,2026-04-19 20:00:00,95%回收温度,延化140万吨/年柴油精制装置
77.0,ST040042,℃,2026-04-19 20:00:00,闪点(闭口),延化140万吨/年柴油精制装置
<-19,ST040042,℃,2026-04-20 20:00:00,冷滤点,延化140万吨/年柴油精制装置
<-26,ST040042,℃,2026-04-20 20:00:00,凝点,延化140万吨/年柴油精制装置
866.0,ST040042,<p>kg/m<sup>3</sup></p>,2026-04-20 20:00:00,密度ρ20,延化140万吨/年柴油精制装置
3.00,ST040042,<p>ppm</p>,2026-04-20 20:00:00,硫含量,延化140万吨/年柴油精制装置
313.9,ST040042,℃,2026-04-20 20:00:00,90%回收温度,延化140万吨/年柴油精制装置
197.1,ST040042,℃,2026-04-20 20:00:00,初馏点,延化140万吨/年柴油精制装置
218.0,ST040042,℃,2026-04-20 20:00:00,10%回收温度,延化140万吨/年柴油精制装置
252.5,ST040042,℃,2026-04-20 20:00:00,50%回收温度,延化140万吨/年柴油精制装置
335.4,ST040042,℃,2026-04-20 20:00:00,95%回收温度,延化140万吨/年柴油精制装置
38,ST040042,,2026-04-20 20:00:00,十六烷指数,延化140万吨/年柴油精制装置
76.0,ST040042,℃,2026-04-20 20:00:00,闪点(闭口),延化140万吨/年柴油精制装置
315.0,ST040042,℃,2026-04-21 20:00:00,90%回收温度,延化140万吨/年柴油精制装置
199.1,ST040042,℃,2026-04-21 20:00:00,初馏点,延化140万吨/年柴油精制装置
219.8,ST040042,℃,2026-04-21 20:00:00,10%回收温度,延化140万吨/年柴油精制装置
253.9,ST040042,℃,2026-04-21 20:00:00,50%回收温度,延化140万吨/年柴油精制装置
336.0,ST040042,℃,2026-04-21 20:00:00,95%回收温度,延化140万吨/年柴油精制装置
78.0,ST040042,℃,2026-04-21 20:00:00,闪点(闭口),延化140万吨/年柴油精制装置
<-26,ST040042,℃,2026-04-21 20:00:00,凝点,延化140万吨/年柴油精制装置
867.0,ST040042,<p>kg/m<sup>3</sup></p>,2026-04-21 20:00:00,密度ρ20,延化140万吨/年柴油精制装置
2.00,ST040042,<p>ppm</p>,2026-04-21 20:00:00,硫含量,延化140万吨/年柴油精制装置
38,ST040042,,2026-04-21 20:00:00,十六烷指数,延化140万吨/年柴油精制装置
<-19,ST040042,℃,2026-04-21 20:00:00,冷滤点,延化140万吨/年柴油精制装置
866.2,ST040042,<p>kg/m<sup>3</sup></p>,2026-04-22 20:00:00,密度ρ20,延化140万吨/年柴油精制装置
2.00,ST040042,<p>ppm</p>,2026-04-22 20:00:00,硫含量,延化140万吨/年柴油精制装置
38,ST040042,,2026-04-22 20:00:00,十六烷指数,延化140万吨/年柴油精制装置
78.0,ST040042,℃,2026-04-22 20:00:00,闪点(闭口),延化140万吨/年柴油精制装置
196.8,ST040042,℃,2026-04-22 20:00:00,初馏点,延化140万吨/年柴油精制装置
<-26,ST040042,℃,2026-04-22 20:00:00,凝点,延化140万吨/年柴油精制装置
252.4,ST040042,℃,2026-04-22 20:00:00,50%回收温度,延化140万吨/年柴油精制装置
313.7,ST040042,℃,2026-04-22 20:00:00,90%回收温度,延化140万吨/年柴油精制装置
334.8,ST040042,℃,2026-04-22 20:00:00,95%回收温度,延化140万吨/年柴油精制装置
<-19,ST040042,℃,2026-04-22 20:00:00,冷滤点,延化140万吨/年柴油精制装置
217.9,ST040042,℃,2026-04-22 20:00:00,10%回收温度,延化140万吨/年柴油精制装置
3.00,ST040042,<p>ppm</p>,2026-04-23 20:00:00,硫含量,延化140万吨/年柴油精制装置
38,ST040042,,2026-04-23 20:00:00,十六烷指数,延化140万吨/年柴油精制装置
78.0,ST040042,℃,2026-04-23 20:00:00,闪点(闭口),延化140万吨/年柴油精制装置
336.4,ST040042,℃,2026-04-23 20:00:00,95%回收温度,延化140万吨/年柴油精制装置
<-19,ST040042,℃,2026-04-23 20:00:00,冷滤点,延化140万吨/年柴油精制装置
865.8,ST040042,<p>kg/m<sup>3</sup></p>,2026-04-23 20:00:00,密度ρ20,延化140万吨/年柴油精制装置
197.9,ST040042,℃,2026-04-23 20:00:00,初馏点,延化140万吨/年柴油精制装置
219.0,ST040042,℃,2026-04-23 20:00:00,10%回收温度,延化140万吨/年柴油精制装置
253.6,ST040042,℃,2026-04-23 20:00:00,50%回收温度,延化140万吨/年柴油精制装置
315.2,ST040042,℃,2026-04-23 20:00:00,90%回收温度,延化140万吨/年柴油精制装置
<-26,ST040042,℃,2026-04-23 20:00:00,凝点,延化140万吨/年柴油精制装置
252.3,ST040042,℃,2026-04-24 20:00:00,50%回收温度,延化140万吨/年柴油精制装置
38,ST040042,,2026-04-24 20:00:00,十六烷指数,延化140万吨/年柴油精制装置
196.9,ST040042,℃,2026-04-24 20:00:00,初馏点,延化140万吨/年柴油精制装置
217.9,ST040042,℃,2026-04-24 20:00:00,10%回收温度,延化140万吨/年柴油精制装置
313.7,ST040042,℃,2026-04-24 20:00:00,90%回收温度,延化140万吨/年柴油精制装置
4.00,ST040042,<p>ppm</p>,2026-04-24 20:00:00,硫含量,延化140万吨/年柴油精制装置
866.1,ST040042,<p>kg/m<sup>3</sup></p>,2026-04-24 20:00:00,密度ρ20,延化140万吨/年柴油精制装置
77.0,ST040042,℃,2026-04-24 20:00:00,闪点(闭口),延化140万吨/年柴油精制装置
<-19,ST040042,℃,2026-04-24 20:00:00,冷滤点,延化140万吨/年柴油精制装置
<-26,ST040042,℃,2026-04-24 20:00:00,凝点,延化140万吨/年柴油精制装置
335.1,ST040042,℃,2026-04-24 20:00:00,95%回收温度,延化140万吨/年柴油精制装置
3.00,ST040042,<p>ppm</p>,2026-04-25 20:00:00,硫含量,延化140万吨/年柴油精制装置
<-19,ST040042,℃,2026-04-25 20:00:00,冷滤点,延化140万吨/年柴油精制装置
<-26,ST040042,℃,2026-04-25 20:00:00,凝点,延化140万吨/年柴油精制装置
863.8,ST040042,<p>kg/m<sup>3</sup></p>,2026-04-25 20:00:00,密度ρ20,延化140万吨/年柴油精制装置
195.8,ST040042,℃,2026-04-25 20:00:00,初馏点,延化140万吨/年柴油精制装置
77.0,ST040042,℃,2026-04-25 20:00:00,闪点(闭口),延化140万吨/年柴油精制装置
217.1,ST040042,℃,2026-04-25 20:00:00,10%回收温度,延化140万吨/年柴油精制装置
251.7,ST040042,℃,2026-04-25 20:00:00,50%回收温度,延化140万吨/年柴油精制装置
313.0,ST040042,℃,2026-04-25 20:00:00,90%回收温度,延化140万吨/年柴油精制装置
38,ST040042,,2026-04-25 20:00:00,十六烷指数,延化140万吨/年柴油精制装置
334.5,ST040042,℃,2026-04-25 20:00:00,95%回收温度,延化140万吨/年柴油精制装置
<-19,ST040042,℃,2026-04-26 20:00:00,冷滤点,延化140万吨/年柴油精制装置
<-26,ST040042,℃,2026-04-26 20:00:00,凝点,延化140万吨/年柴油精制装置
864.2,ST040042,<p>kg/m<sup>3</sup></p>,2026-04-26 20:00:00,密度ρ20,延化140万吨/年柴油精制装置
2.00,ST040042,<p>ppm</p>,2026-04-26 20:00:00,硫含量,延化140万吨/年柴油精制装置
196.3,ST040042,℃,2026-04-26 20:00:00,初馏点,延化140万吨/年柴油精制装置
77.0,ST040042,℃,2026-04-26 20:00:00,闪点(闭口),延化140万吨/年柴油精制装置
252.1,ST040042,℃,2026-04-26 20:00:00,50%回收温度,延化140万吨/年柴油精制装置
313.0,ST040042,℃,2026-04-26 20:00:00,90%回收温度,延化140万吨/年柴油精制装置
38,ST040042,,2026-04-26 20:00:00,十六烷指数,延化140万吨/年柴油精制装置
334.5,ST040042,℃,2026-04-26 20:00:00,95%回收温度,延化140万吨/年柴油精制装置
217.6,ST040042,℃,2026-04-26 20:00:00,10%回收温度,延化140万吨/年柴油精制装置
315.1,ST040042,℃,2026-04-27 20:00:00,90%回收温度,延化140万吨/年柴油精制装置
196.5,ST040042,℃,2026-04-27 20:00:00,初馏点,延化140万吨/年柴油精制装置
217.5,ST040042,℃,2026-04-27 20:00:00,10%回收温度,延化140万吨/年柴油精制装置
253.3,ST040042,℃,2026-04-27 20:00:00,50%回收温度,延化140万吨/年柴油精制装置
335.8,ST040042,℃,2026-04-27 20:00:00,95%回收温度,延化140万吨/年柴油精制装置
78.0,ST040042,℃,2026-04-27 20:00:00,闪点(闭口),延化140万吨/年柴油精制装置
<-19,ST040042,℃,2026-04-27 20:00:00,冷滤点,延化140万吨/年柴油精制装置
<-26,ST040042,℃,2026-04-27 20:00:00,凝点,延化140万吨/年柴油精制装置
864.7,ST040042,<p>kg/m<sup>3</sup></p>,2026-04-27 20:00:00,密度ρ20,延化140万吨/年柴油精制装置
38,ST040042,,2026-04-27 20:00:00,十六烷指数,延化140万吨/年柴油精制装置
2.00,ST040042,<p>ppm</p>,2026-04-27 20:00:00,硫含量,延化140万吨/年柴油精制装置
193.9,ST040042,℃,2026-04-28 20:00:00,初馏点,延化140万吨/年柴油精制装置
217.0,ST040042,℃,2026-04-28 20:00:00,10%回收温度,延化140万吨/年柴油精制装置
253.7,ST040042,℃,2026-04-28 20:00:00,50%回收温度,延化140万吨/年柴油精制装置
316.6,ST040042,℃,2026-04-28 20:00:00,90%回收温度,延化140万吨/年柴油精制装置
<-19,ST040042,℃,2026-04-28 20:00:00,冷滤点,延化140万吨/年柴油精制装置
3.00,ST040042,<p>ppm</p>,2026-04-28 20:00:00,硫含量,延化140万吨/年柴油精制装置
<-26,ST040042,℃,2026-04-28 20:00:00,凝点,延化140万吨/年柴油精制装置
860.2,ST040042,<p>kg/m<sup>3</sup></p>,2026-04-28 20:00:00,密度ρ20,延化140万吨/年柴油精制装置
338.5,ST040042,℃,2026-04-28 20:00:00,95%回收温度,延化140万吨/年柴油精制装置
40,ST040042,,2026-04-28 20:00:00,十六烷指数,延化140万吨/年柴油精制装置
76.0,ST040042,℃,2026-04-28 20:00:00,闪点(闭口),延化140万吨/年柴油精制装置
315.8,ST040042,℃,2026-04-29 20:00:00,90%回收温度,延化140万吨/年柴油精制装置
196.0,ST040042,℃,2026-04-29 20:00:00,初馏点,延化140万吨/年柴油精制装置
217.0,ST040042,℃,2026-04-29 20:00:00,10%回收温度,延化140万吨/年柴油精制装置
252.3,ST040042,℃,2026-04-29 20:00:00,50%回收温度,延化140万吨/年柴油精制装置
338.3,ST040042,℃,2026-04-29 20:00:00,95%回收温度,延化140万吨/年柴油精制装置
77.0,ST040042,℃,2026-04-29 20:00:00,闪点(闭口),延化140万吨/年柴油精制装置
<-26,ST040042,℃,2026-04-29 20:00:00,凝点,延化140万吨/年柴油精制装置
857.6,ST040042,<p>kg/m<sup>3</sup></p>,2026-04-29 20:00:00,密度ρ20,延化140万吨/年柴油精制装置
3.00,ST040042,<p>ppm</p>,2026-04-29 20:00:00,硫含量,延化140万吨/年柴油精制装置
40,ST040042,,2026-04-29 20:00:00,十六烷指数,延化140万吨/年柴油精制装置
<-19,ST040042,℃,2026-04-29 20:00:00,冷滤点,延化140万吨/年柴油精制装置
41,ST040042,,2026-04-30 20:00:00,十六烷指数,延化140万吨/年柴油精制装置
76.0,ST040042,℃,2026-04-30 20:00:00,闪点(闭口),延化140万吨/年柴油精制装置
195.1,ST040042,℃,2026-04-30 20:00:00,初馏点,延化140万吨/年柴油精制装置
216.8,ST040042,℃,2026-04-30 20:00:00,10%回收温度,延化140万吨/年柴油精制装置
252.9,ST040042,℃,2026-04-30 20:00:00,50%回收温度,延化140万吨/年柴油精制装置
<-26,ST040042,℃,2026-04-30 20:00:00,凝点,延化140万吨/年柴油精制装置
338.3,ST040042,℃,2026-04-30 20:00:00,95%回收温度,延化140万吨/年柴油精制装置
855.3,ST040042,<p>kg/m<sup>3</sup></p>,2026-04-30 20:00:00,密度ρ20,延化140万吨/年柴油精制装置
3.00,ST040042,<p>ppm</p>,2026-04-30 20:00:00,硫含量,延化140万吨/年柴油精制装置
<-19,ST040042,℃,2026-04-30 20:00:00,冷滤点,延化140万吨/年柴油精制装置
316.0,ST040042,℃,2026-04-30 20:00:00,90%回收温度,延化140万吨/年柴油精制装置
