result,sampleDotCode,unitName,sampleTime,resultName,deviceName
196.0,ST010195,℃,2025-05-01 08:00:00,初馏点温度,延炼200万吨/年催化裂化装置
219.3,ST010195,℃,2025-05-01 08:00:00,10%回收温度,延炼200万吨/年催化裂化装置
250.3,ST010195,℃,2025-05-01 08:00:00,50%回收温度,延炼200万吨/年催化裂化装置
311.4,ST010195,℃,2025-05-01 08:00:00,90%回收温度,延炼200万吨/年催化裂化装置
329.4,ST010195,℃,2025-05-01 08:00:00,95%回收温度,延炼200万吨/年催化裂化装置
1037,ST010195,mg/kg,2025-05-01 08:00:00,硫含量,延炼200万吨/年催化裂化装置
72.5,ST010195,℃,2025-05-01 08:00:00,闪点(闭口),延炼200万吨/年催化裂化装置
<-20,ST010195,℃,2025-05-01 08:00:00,凝点,延炼200万吨/年催化裂化装置
196.9,ST010195,℃,2025-05-02 08:00:00,初馏点温度,延炼200万吨/年催化裂化装置
220.3,ST010195,℃,2025-05-02 08:00:00,10%回收温度,延炼200万吨/年催化裂化装置
252.7,ST010195,℃,2025-05-02 08:00:00,50%回收温度,延炼200万吨/年催化裂化装置
313.3,ST010195,℃,2025-05-02 08:00:00,90%回收温度,延炼200万吨/年催化裂化装置
331.7,ST010195,℃,2025-05-02 08:00:00,95%回收温度,延炼200万吨/年催化裂化装置
199.0,ST010195,℃,2025-05-03 08:00:00,初馏点温度,延炼200万吨/年催化裂化装置
221.2,ST010195,℃,2025-05-03 08:00:00,10%回收温度,延炼200万吨/年催化裂化装置
254.2,ST010195,℃,2025-05-03 08:00:00,50%回收温度,延炼200万吨/年催化裂化装置
317.0,ST010195,℃,2025-05-03 08:00:00,90%回收温度,延炼200万吨/年催化裂化装置
336.5,ST010195,℃,2025-05-03 08:00:00,95%回收温度,延炼200万吨/年催化裂化装置
195.4,ST010195,℃,2025-05-04 08:00:00,初馏点温度,延炼200万吨/年催化裂化装置
219.5,ST010195,℃,2025-05-04 08:00:00,10%回收温度,延炼200万吨/年催化裂化装置
251.3,ST010195,℃,2025-05-04 08:00:00,50%回收温度,延炼200万吨/年催化裂化装置
312.4,ST010195,℃,2025-05-04 08:00:00,90%回收温度,延炼200万吨/年催化裂化装置
330.7,ST010195,℃,2025-05-04 08:00:00,95%回收温度,延炼200万吨/年催化裂化装置
197.2,ST010195,℃,2025-05-05 08:00:00,初馏点温度,延炼200万吨/年催化裂化装置
220.5,ST010195,℃,2025-05-05 08:00:00,10%回收温度,延炼200万吨/年催化裂化装置
252.3,ST010195,℃,2025-05-05 08:00:00,50%回收温度,延炼200万吨/年催化裂化装置
312.9,ST010195,℃,2025-05-05 08:00:00,90%回收温度,延炼200万吨/年催化裂化装置
331.3,ST010195,℃,2025-05-05 08:00:00,95%回收温度,延炼200万吨/年催化裂化装置
196.4,ST010195,℃,2025-05-06 08:00:00,初馏点温度,延炼200万吨/年催化裂化装置
219.6,ST010195,℃,2025-05-06 08:00:00,10%回收温度,延炼200万吨/年催化裂化装置
251.2,ST010195,℃,2025-05-06 08:00:00,50%回收温度,延炼200万吨/年催化裂化装置
312.0,ST010195,℃,2025-05-06 08:00:00,90%回收温度,延炼200万吨/年催化裂化装置
330.3,ST010195,℃,2025-05-06 08:00:00,95%回收温度,延炼200万吨/年催化裂化装置
199.5,ST010195,℃,2025-05-07 08:00:00,初馏点温度,延炼200万吨/年催化裂化装置
221.9,ST010195,℃,2025-05-07 08:00:00,10%回收温度,延炼200万吨/年催化裂化装置
254.6,ST010195,℃,2025-05-07 08:00:00,50%回收温度,延炼200万吨/年催化裂化装置
315.8,ST010195,℃,2025-05-07 08:00:00,90%回收温度,延炼200万吨/年催化裂化装置
334.2,ST010195,℃,2025-05-07 08:00:00,95%回收温度,延炼200万吨/年催化裂化装置
74.5,ST010195,℃,2025-05-08 08:00:00,闪点(闭口),延炼200万吨/年催化裂化装置
1013,ST010195,mg/kg,2025-05-08 08:00:00,硫含量,延炼200万吨/年催化裂化装置
<-20,ST010195,℃,2025-05-08 08:00:00,凝点,延炼200万吨/年催化裂化装置
198.6,ST010195,℃,2025-05-08 08:00:00,初馏点温度,延炼200万吨/年催化裂化装置
221.7,ST010195,℃,2025-05-08 08:00:00,10%回收温度,延炼200万吨/年催化裂化装置
255.4,ST010195,℃,2025-05-08 08:00:00,50%回收温度,延炼200万吨/年催化裂化装置
317.5,ST010195,℃,2025-05-08 08:00:00,90%回收温度,延炼200万吨/年催化裂化装置
336.8,ST010195,℃,2025-05-08 08:00:00,95%回收温度,延炼200万吨/年催化裂化装置
200.5,ST010195,℃,2025-05-09 08:00:00,初馏点温度,延炼200万吨/年催化裂化装置
222.4,ST010195,℃,2025-05-09 08:00:00,10%回收温度,延炼200万吨/年催化裂化装置
255.2,ST010195,℃,2025-05-09 08:00:00,50%回收温度,延炼200万吨/年催化裂化装置
316.1,ST010195,℃,2025-05-09 08:00:00,90%回收温度,延炼200万吨/年催化裂化装置
334.5,ST010195,℃,2025-05-09 08:00:00,95%回收温度,延炼200万吨/年催化裂化装置
198.6,ST010195,℃,2025-05-10 08:00:00,初馏点温度,延炼200万吨/年催化裂化装置
221.3,ST010195,℃,2025-05-10 08:00:00,10%回收温度,延炼200万吨/年催化裂化装置
253.9,ST010195,℃,2025-05-10 08:00:00,50%回收温度,延炼200万吨/年催化裂化装置
313.8,ST010195,℃,2025-05-10 08:00:00,90%回收温度,延炼200万吨/年催化裂化装置
331.6,ST010195,℃,2025-05-10 08:00:00,95%回收温度,延炼200万吨/年催化裂化装置
199.2,ST010195,℃,2025-05-11 08:00:00,初馏点温度,延炼200万吨/年催化裂化装置
221.7,ST010195,℃,2025-05-11 08:00:00,10%回收温度,延炼200万吨/年催化裂化装置
253.8,ST010195,℃,2025-05-11 08:00:00,50%回收温度,延炼200万吨/年催化裂化装置
312.8,ST010195,℃,2025-05-11 08:00:00,90%回收温度,延炼200万吨/年催化裂化装置
330.3,ST010195,℃,2025-05-11 08:00:00,95%回收温度,延炼200万吨/年催化裂化装置
197.6,ST010195,℃,2025-05-12 08:00:00,初馏点温度,延炼200万吨/年催化裂化装置
220.1,ST010195,℃,2025-05-12 08:00:00,10%回收温度,延炼200万吨/年催化裂化装置
251.9,ST010195,℃,2025-05-12 08:00:00,50%回收温度,延炼200万吨/年催化裂化装置
311.5,ST010195,℃,2025-05-12 08:00:00,90%回收温度,延炼200万吨/年催化裂化装置
329.0,ST010195,℃,2025-05-12 08:00:00,95%回收温度,延炼200万吨/年催化裂化装置
195.5,ST010195,℃,2025-05-13 08:00:00,初馏点温度,延炼200万吨/年催化裂化装置
219.6,ST010195,℃,2025-05-13 08:00:00,10%回收温度,延炼200万吨/年催化裂化装置
251.5,ST010195,℃,2025-05-13 08:00:00,50%回收温度,延炼200万吨/年催化裂化装置
311.7,ST010195,℃,2025-05-13 08:00:00,90%回收温度,延炼200万吨/年催化裂化装置
329.3,ST010195,℃,2025-05-13 08:00:00,95%回收温度,延炼200万吨/年催化裂化装置
197.5,ST010195,℃,2025-05-14 08:00:00,初馏点温度,延炼200万吨/年催化裂化装置
220.7,ST010195,℃,2025-05-14 08:00:00,10%回收温度,延炼200万吨/年催化裂化装置
253.2,ST010195,℃,2025-05-14 08:00:00,50%回收温度,延炼200万吨/年催化裂化装置
313.1,ST010195,℃,2025-05-14 08:00:00,90%回收温度,延炼200万吨/年催化裂化装置
330.9,ST010195,℃,2025-05-14 08:00:00,95%回收温度,延炼200万吨/年催化裂化装置
74.5,ST010195,℃,2025-05-15 08:00:00,闪点(闭口),延炼200万吨/年催化裂化装置
<-20,ST010195,℃,2025-05-15 08:00:00,凝点,延炼200万吨/年催化裂化装置
874,ST010195,mg/kg,2025-05-15 08:00:00,硫含量,延炼200万吨/年催化裂化装置
199.3,ST010195,℃,2025-05-15 08:00:00,初馏点温度,延炼200万吨/年催化裂化装置
221.7,ST010195,℃,2025-05-15 08:00:00,10%回收温度,延炼200万吨/年催化裂化装置
253.6,ST010195,℃,2025-05-15 08:00:00,50%回收温度,延炼200万吨/年催化裂化装置
312.2,ST010195,℃,2025-05-15 08:00:00,90%回收温度,延炼200万吨/年催化裂化装置
329.5,ST010195,℃,2025-05-15 08:00:00,95%回收温度,延炼200万吨/年催化裂化装置
195.5,ST010195,℃,2025-05-16 09:13:00,初馏点温度,延炼200万吨/年催化裂化装置
219.2,ST010195,℃,2025-05-16 09:13:00,10%回收温度,延炼200万吨/年催化裂化装置
250.0,ST010195,℃,2025-05-16 09:13:00,50%回收温度,延炼200万吨/年催化裂化装置
311.1,ST010195,℃,2025-05-16 09:13:00,90%回收温度,延炼200万吨/年催化裂化装置
329.2,ST010195,℃,2025-05-16 09:13:00,95%回收温度,延炼200万吨/年催化裂化装置
223.9,ST010195,℃,2025-05-17 08:00:00,10%回收温度,延炼200万吨/年催化裂化装置
257.8,ST010195,℃,2025-05-17 08:00:00,50%回收温度,延炼200万吨/年催化裂化装置
320.0,ST010195,℃,2025-05-17 08:00:00,90%回收温度,延炼200万吨/年催化裂化装置
339.1,ST010195,℃,2025-05-17 08:00:00,95%回收温度,延炼200万吨/年催化裂化装置
201.4,ST010195,℃,2025-05-17 08:00:00,初馏点温度,延炼200万吨/年催化裂化装置
198.2,ST010195,℃,2025-05-18 08:00:00,初馏点温度,延炼200万吨/年催化裂化装置
220.0,ST010195,℃,2025-05-18 08:00:00,10%回收温度,延炼200万吨/年催化裂化装置
252.0,ST010195,℃,2025-05-18 08:00:00,50%回收温度,延炼200万吨/年催化裂化装置
312.0,ST010195,℃,2025-05-18 08:00:00,90%回收温度,延炼200万吨/年催化裂化装置
329.7,ST010195,℃,2025-05-18 08:00:00,95%回收温度,延炼200万吨/年催化裂化装置
201.6,ST010195,℃,2025-05-19 08:00:00,初馏点温度,延炼200万吨/年催化裂化装置
224.4,ST010195,℃,2025-05-19 08:00:00,10%回收温度,延炼200万吨/年催化裂化装置
258.3,ST010195,℃,2025-05-19 08:00:00,50%回收温度,延炼200万吨/年催化裂化装置
320.5,ST010195,℃,2025-05-19 08:00:00,90%回收温度,延炼200万吨/年催化裂化装置
339.1,ST010195,℃,2025-05-19 08:00:00,95%回收温度,延炼200万吨/年催化裂化装置
201.7,ST010195,℃,2025-05-20 08:00:00,初馏点温度,延炼200万吨/年催化裂化装置
224.6,ST010195,℃,2025-05-20 08:00:00,10%回收温度,延炼200万吨/年催化裂化装置
258.5,ST010195,℃,2025-05-20 08:00:00,50%回收温度,延炼200万吨/年催化裂化装置
319.6,ST010195,℃,2025-05-20 08:00:00,90%回收温度,延炼200万吨/年催化裂化装置
338.5,ST010195,℃,2025-05-20 08:00:00,95%回收温度,延炼200万吨/年催化裂化装置
199.4,ST010195,℃,2025-05-21 08:00:00,初馏点温度,延炼200万吨/年催化裂化装置
222.2,ST010195,℃,2025-05-21 08:00:00,10%回收温度,延炼200万吨/年催化裂化装置
254.4,ST010195,℃,2025-05-21 08:00:00,50%回收温度,延炼200万吨/年催化裂化装置
313.6,ST010195,℃,2025-05-21 08:00:00,90%回收温度,延炼200万吨/年催化裂化装置
331.2,ST010195,℃,2025-05-21 08:00:00,95%回收温度,延炼200万吨/年催化裂化装置
311.6,ST010195,℃,2025-05-22 08:00:00,90%回收温度,延炼200万吨/年催化裂化装置
329.1,ST010195,℃,2025-05-22 08:00:00,95%回收温度,延炼200万吨/年催化裂化装置
198.1,ST010195,℃,2025-05-22 08:00:00,初馏点温度,延炼200万吨/年催化裂化装置
220.8,ST010195,℃,2025-05-22 08:00:00,10%回收温度,延炼200万吨/年催化裂化装置
252.7,ST010195,℃,2025-05-22 08:00:00,50%回收温度,延炼200万吨/年催化裂化装置
76.0,ST010195,℃,2025-05-22 08:00:00,闪点(闭口),延炼200万吨/年催化裂化装置
<-20,ST010195,℃,2025-05-22 08:00:00,凝点,延炼200万吨/年催化裂化装置
864,ST010195,mg/kg,2025-05-22 08:00:00,硫含量,延炼200万吨/年催化裂化装置
200.2,ST010195,℃,2025-05-23 08:00:00,初馏点温度,延炼200万吨/年催化裂化装置
222.5,ST010195,℃,2025-05-23 08:00:00,10%回收温度,延炼200万吨/年催化裂化装置
255.1,ST010195,℃,2025-05-23 08:00:00,50%回收温度,延炼200万吨/年催化裂化装置
314.8,ST010195,℃,2025-05-23 08:00:00,90%回收温度,延炼200万吨/年催化裂化装置
332.4,ST010195,℃,2025-05-23 08:00:00,95%回收温度,延炼200万吨/年催化裂化装置
200.4,ST010195,℃,2025-05-24 08:00:00,初馏点温度,延炼200万吨/年催化裂化装置
222.6,ST010195,℃,2025-05-24 08:00:00,10%回收温度,延炼200万吨/年催化裂化装置
255.2,ST010195,℃,2025-05-24 08:00:00,50%回收温度,延炼200万吨/年催化裂化装置
315.3,ST010195,℃,2025-05-24 08:00:00,90%回收温度,延炼200万吨/年催化裂化装置
333.2,ST010195,℃,2025-05-24 08:00:00,95%回收温度,延炼200万吨/年催化裂化装置
200.9,ST010195,℃,2025-05-25 08:00:00,初馏点温度,延炼200万吨/年催化裂化装置
223.9,ST010195,℃,2025-05-25 08:00:00,10%回收温度,延炼200万吨/年催化裂化装置
255.3,ST010195,℃,2025-05-25 08:00:00,50%回收温度,延炼200万吨/年催化裂化装置
313.0,ST010195,℃,2025-05-25 08:00:00,90%回收温度,延炼200万吨/年催化裂化装置
330.2,ST010195,℃,2025-05-25 08:00:00,95%回收温度,延炼200万吨/年催化裂化装置
201.3,ST010195,℃,2025-05-26 08:00:00,初馏点温度,延炼200万吨/年催化裂化装置
224.8,ST010195,℃,2025-05-26 08:00:00,10%回收温度,延炼200万吨/年催化裂化装置
258.5,ST010195,℃,2025-05-26 08:00:00,50%回收温度,延炼200万吨/年催化裂化装置
319.3,ST010195,℃,2025-05-26 08:00:00,90%回收温度,延炼200万吨/年催化裂化装置
336.5,ST010195,℃,2025-05-26 08:00:00,95%回收温度,延炼200万吨/年催化裂化装置
202.7,ST010195,℃,2025-05-27 08:00:00,初馏点温度,延炼200万吨/年催化裂化装置
227.6,ST010195,℃,2025-05-27 08:00:00,10%回收温度,延炼200万吨/年催化裂化装置
260.1,ST010195,℃,2025-05-27 08:00:00,50%回收温度,延炼200万吨/年催化裂化装置
322.9,ST010195,℃,2025-05-27 08:00:00,90%回收温度,延炼200万吨/年催化裂化装置
338.8,ST010195,℃,2025-05-27 08:00:00,95%回收温度,延炼200万吨/年催化裂化装置
204.0,ST010195,℃,2025-05-28 08:00:00,初馏点温度,延炼200万吨/年催化裂化装置
228.9,ST010195,℃,2025-05-28 08:00:00,10%回收温度,延炼200万吨/年催化裂化装置
260.9,ST010195,℃,2025-05-28 08:00:00,50%回收温度,延炼200万吨/年催化裂化装置
323.9,ST010195,℃,2025-05-28 08:00:00,90%回收温度,延炼200万吨/年催化裂化装置
339.2,ST010195,℃,2025-05-28 08:00:00,95%回收温度,延炼200万吨/年催化裂化装置
604,ST010195,mg/kg,2025-05-29 08:00:00,硫含量,延炼200万吨/年催化裂化装置
207.1,ST010195,℃,2025-05-29 08:00:00,初馏点温度,延炼200万吨/年催化裂化装置
233.5,ST010195,℃,2025-05-29 08:00:00,10%回收温度,延炼200万吨/年催化裂化装置
262.9,ST010195,℃,2025-05-29 08:00:00,50%回收温度,延炼200万吨/年催化裂化装置
324.6,ST010195,℃,2025-05-29 08:00:00,90%回收温度,延炼200万吨/年催化裂化装置
339.6,ST010195,℃,2025-05-29 08:00:00,95%回收温度,延炼200万吨/年催化裂化装置
78.5,ST010195,℃,2025-05-29 08:00:00,闪点(闭口),延炼200万吨/年催化裂化装置
<-20,ST010195,℃,2025-05-29 08:00:00,凝点,延炼200万吨/年催化裂化装置
206.8,ST010195,℃,2025-05-30 08:00:00,初馏点温度,延炼200万吨/年催化裂化装置
232.5,ST010195,℃,2025-05-30 08:00:00,10%回收温度,延炼200万吨/年催化裂化装置
262.4,ST010195,℃,2025-05-30 08:00:00,50%回收温度,延炼200万吨/年催化裂化装置
325.5,ST010195,℃,2025-05-30 08:00:00,90%回收温度,延炼200万吨/年催化裂化装置
340.5,ST010195,℃,2025-05-30 08:00:00,95%回收温度,延炼200万吨/年催化裂化装置
232.2,ST010195,℃,2025-05-31 08:00:00,10%回收温度,延炼200万吨/年催化裂化装置
262.4,ST010195,℃,2025-05-31 08:00:00,50%回收温度,延炼200万吨/年催化裂化装置
325.9,ST010195,℃,2025-05-31 08:00:00,90%回收温度,延炼200万吨/年催化裂化装置
341.0,ST010195,℃,2025-05-31 08:00:00,95%回收温度,延炼200万吨/年催化裂化装置
207.0,ST010195,℃,2025-05-31 08:00:00,初馏点温度,延炼200万吨/年催化裂化装置
206.7,ST010195,℃,2025-06-01 08:00:00,初馏点温度,延炼200万吨/年催化裂化装置
232.5,ST010195,℃,2025-06-01 08:00:00,10%回收温度,延炼200万吨/年催化裂化装置
262.0,ST010195,℃,2025-06-01 08:00:00,50%回收温度,延炼200万吨/年催化裂化装置
324.2,ST010195,℃,2025-06-01 08:00:00,90%回收温度,延炼200万吨/年催化裂化装置
339.6,ST010195,℃,2025-06-01 08:00:00,95%回收温度,延炼200万吨/年催化裂化装置
205.0,ST010195,℃,2025-06-02 08:10:00,初馏点温度,延炼200万吨/年催化裂化装置
229.6,ST010195,℃,2025-06-02 08:10:00,10%回收温度,延炼200万吨/年催化裂化装置
260.3,ST010195,℃,2025-06-02 08:10:00,50%回收温度,延炼200万吨/年催化裂化装置
322.9,ST010195,℃,2025-06-02 08:10:00,90%回收温度,延炼200万吨/年催化裂化装置
339.3,ST010195,℃,2025-06-02 08:10:00,95%回收温度,延炼200万吨/年催化裂化装置
206.2,ST010195,℃,2025-06-03 08:00:00,初馏点温度,延炼200万吨/年催化裂化装置
231.3,ST010195,℃,2025-06-03 08:00:00,10%回收温度,延炼200万吨/年催化裂化装置
260.8,ST010195,℃,2025-06-03 08:00:00,50%回收温度,延炼200万吨/年催化裂化装置
323.0,ST010195,℃,2025-06-03 08:00:00,90%回收温度,延炼200万吨/年催化裂化装置
339.3,ST010195,℃,2025-06-03 08:00:00,95%回收温度,延炼200万吨/年催化裂化装置
204.4,ST010195,℃,2025-06-04 08:00:00,初馏点温度,延炼200万吨/年催化裂化装置
228.6,ST010195,℃,2025-06-04 08:00:00,10%回收温度,延炼200万吨/年催化裂化装置
261.7,ST010195,℃,2025-06-04 08:00:00,50%回收温度,延炼200万吨/年催化裂化装置
325.1,ST010195,℃,2025-06-04 08:00:00,90%回收温度,延炼200万吨/年催化裂化装置
340.9,ST010195,℃,2025-06-04 08:00:00,95%回收温度,延炼200万吨/年催化裂化装置
1331,ST010195,mg/kg,2025-06-05 08:00:00,硫含量,延炼200万吨/年催化裂化装置
206.5,ST010195,℃,2025-06-05 08:00:00,初馏点温度,延炼200万吨/年催化裂化装置
231.4,ST010195,℃,2025-06-05 08:00:00,10%回收温度,延炼200万吨/年催化裂化装置
262.4,ST010195,℃,2025-06-05 08:00:00,50%回收温度,延炼200万吨/年催化裂化装置
325.2,ST010195,℃,2025-06-05 08:00:00,90%回收温度,延炼200万吨/年催化裂化装置
340.2,ST010195,℃,2025-06-05 08:00:00,95%回收温度,延炼200万吨/年催化裂化装置
79.5,ST010195,℃,2025-06-05 08:00:00,闪点(闭口),延炼200万吨/年催化裂化装置
<-20,ST010195,℃,2025-06-05 08:00:00,凝点,延炼200万吨/年催化裂化装置
202.6,ST010195,℃,2025-06-06 08:00:00,初馏点温度,延炼200万吨/年催化裂化装置
226.2,ST010195,℃,2025-06-06 08:00:00,10%回收温度,延炼200万吨/年催化裂化装置
259.6,ST010195,℃,2025-06-06 08:00:00,50%回收温度,延炼200万吨/年催化裂化装置
322.6,ST010195,℃,2025-06-06 08:00:00,90%回收温度,延炼200万吨/年催化裂化装置
338.8,ST010195,℃,2025-06-06 08:00:00,95%回收温度,延炼200万吨/年催化裂化装置
209.2,ST010195,℃,2025-06-07 08:00:00,初馏点温度,延炼200万吨/年催化裂化装置
235.7,ST010195,℃,2025-06-07 08:00:00,10%回收温度,延炼200万吨/年催化裂化装置
270.9,ST010195,℃,2025-06-07 08:00:00,50%回收温度,延炼200万吨/年催化裂化装置
328.1,ST010195,℃,2025-06-07 08:00:00,90%回收温度,延炼200万吨/年催化裂化装置
342.5,ST010195,℃,2025-06-07 08:00:00,95%回收温度,延炼200万吨/年催化裂化装置
205.6,ST010195,℃,2025-06-08 08:00:00,初馏点温度,延炼200万吨/年催化裂化装置
230.1,ST010195,℃,2025-06-08 08:00:00,10%回收温度,延炼200万吨/年催化裂化装置
261.6,ST010195,℃,2025-06-08 08:00:00,50%回收温度,延炼200万吨/年催化裂化装置
325.3,ST010195,℃,2025-06-08 08:00:00,90%回收温度,延炼200万吨/年催化裂化装置
340.2,ST010195,℃,2025-06-08 08:00:00,95%回收温度,延炼200万吨/年催化裂化装置
205.4,ST010195,℃,2025-06-09 08:00:00,初馏点温度,延炼200万吨/年催化裂化装置
229.8,ST010195,℃,2025-06-09 08:00:00,10%回收温度,延炼200万吨/年催化裂化装置
261.3,ST010195,℃,2025-06-09 08:00:00,50%回收温度,延炼200万吨/年催化裂化装置
325.2,ST010195,℃,2025-06-09 08:00:00,90%回收温度,延炼200万吨/年催化裂化装置
340.4,ST010195,℃,2025-06-09 08:00:00,95%回收温度,延炼200万吨/年催化裂化装置
206.3,ST010195,℃,2025-06-10 08:00:00,初馏点温度,延炼200万吨/年催化裂化装置
230.9,ST010195,℃,2025-06-10 08:00:00,10%回收温度,延炼200万吨/年催化裂化装置
262.3,ST010195,℃,2025-06-10 08:00:00,50%回收温度,延炼200万吨/年催化裂化装置
326.7,ST010195,℃,2025-06-10 08:00:00,90%回收温度,延炼200万吨/年催化裂化装置
342.0,ST010195,℃,2025-06-10 08:00:00,95%回收温度,延炼200万吨/年催化裂化装置
203.5,ST010195,℃,2025-06-11 08:00:00,初馏点温度,延炼200万吨/年催化裂化装置
227.4,ST010195,℃,2025-06-11 08:00:00,10%回收温度,延炼200万吨/年催化裂化装置
260.2,ST010195,℃,2025-06-11 08:00:00,50%回收温度,延炼200万吨/年催化裂化装置
324.0,ST010195,℃,2025-06-11 08:00:00,90%回收温度,延炼200万吨/年催化裂化装置
339.9,ST010195,℃,2025-06-11 08:00:00,95%回收温度,延炼200万吨/年催化裂化装置
203.5,ST010195,℃,2025-06-12 08:00:00,初馏点温度,延炼200万吨/年催化裂化装置
227.7,ST010195,℃,2025-06-12 08:00:00,10%回收温度,延炼200万吨/年催化裂化装置
260.8,ST010195,℃,2025-06-12 08:00:00,50%回收温度,延炼200万吨/年催化裂化装置
324.9,ST010195,℃,2025-06-12 08:00:00,90%回收温度,延炼200万吨/年催化裂化装置
340.2,ST010195,℃,2025-06-12 08:00:00,95%回收温度,延炼200万吨/年催化裂化装置
82.0,ST010195,℃,2025-06-12 08:00:00,闪点(闭口),延炼200万吨/年催化裂化装置
<-20,ST010195,℃,2025-06-12 08:00:00,凝点,延炼200万吨/年催化裂化装置
1167,ST010195,mg/kg,2025-06-12 08:00:00,硫含量,延炼200万吨/年催化裂化装置
204.5,ST010195,℃,2025-06-13 08:00:00,初馏点温度,延炼200万吨/年催化裂化装置
228.6,ST010195,℃,2025-06-13 08:00:00,10%回收温度,延炼200万吨/年催化裂化装置
261.9,ST010195,℃,2025-06-13 08:00:00,50%回收温度,延炼200万吨/年催化裂化装置
326.1,ST010195,℃,2025-06-13 08:00:00,90%回收温度,延炼200万吨/年催化裂化装置
341.0,ST010195,℃,2025-06-13 08:00:00,95%回收温度,延炼200万吨/年催化裂化装置
206.0,ST010195,℃,2025-06-14 08:00:00,初馏点温度,延炼200万吨/年催化裂化装置
231.1,ST010195,℃,2025-06-14 08:00:00,10%回收温度,延炼200万吨/年催化裂化装置
262.6,ST010195,℃,2025-06-14 08:00:00,50%回收温度,延炼200万吨/年催化裂化装置
326.8,ST010195,℃,2025-06-14 08:00:00,90%回收温度,延炼200万吨/年催化裂化装置
341.9,ST010195,℃,2025-06-14 08:00:00,95%回收温度,延炼200万吨/年催化裂化装置
205.2,ST010195,℃,2025-06-15 08:00:00,初馏点温度,延炼200万吨/年催化裂化装置
230.2,ST010195,℃,2025-06-15 08:00:00,10%回收温度,延炼200万吨/年催化裂化装置
263.2,ST010195,℃,2025-06-15 08:00:00,50%回收温度,延炼200万吨/年催化裂化装置
327.3,ST010195,℃,2025-06-15 08:00:00,90%回收温度,延炼200万吨/年催化裂化装置
342.4,ST010195,℃,2025-06-15 08:00:00,95%回收温度,延炼200万吨/年催化裂化装置
205.4,ST010195,℃,2025-06-16 08:00:00,初馏点温度,延炼200万吨/年催化裂化装置
230.5,ST010195,℃,2025-06-16 08:00:00,10%回收温度,延炼200万吨/年催化裂化装置
263.2,ST010195,℃,2025-06-16 08:00:00,50%回收温度,延炼200万吨/年催化裂化装置
327.3,ST010195,℃,2025-06-16 08:00:00,90%回收温度,延炼200万吨/年催化裂化装置
342.4,ST010195,℃,2025-06-16 08:00:00,95%回收温度,延炼200万吨/年催化裂化装置
202.0,ST010195,℃,2025-06-17 08:00:00,初馏点温度,延炼200万吨/年催化裂化装置
225.0,ST010195,℃,2025-06-17 08:00:00,10%回收温度,延炼200万吨/年催化裂化装置
260.1,ST010195,℃,2025-06-17 08:00:00,50%回收温度,延炼200万吨/年催化裂化装置
326.1,ST010195,℃,2025-06-17 08:00:00,90%回收温度,延炼200万吨/年催化裂化装置
342.0,ST010195,℃,2025-06-17 08:00:00,95%回收温度,延炼200万吨/年催化裂化装置
201.7,ST010195,℃,2025-06-18 08:00:00,初馏点温度,延炼200万吨/年催化裂化装置
224.5,ST010195,℃,2025-06-18 08:00:00,10%回收温度,延炼200万吨/年催化裂化装置
259.5,ST010195,℃,2025-06-18 08:00:00,50%回收温度,延炼200万吨/年催化裂化装置
324.6,ST010195,℃,2025-06-18 08:00:00,90%回收温度,延炼200万吨/年催化裂化装置
340.5,ST010195,℃,2025-06-18 08:00:00,95%回收温度,延炼200万吨/年催化裂化装置
201.4,ST010195,℃,2025-06-19 08:00:00,初馏点温度,延炼200万吨/年催化裂化装置
223.9,ST010195,℃,2025-06-19 08:00:00,10%回收温度,延炼200万吨/年催化裂化装置
259.2,ST010195,℃,2025-06-19 08:00:00,50%回收温度,延炼200万吨/年催化裂化装置
323.7,ST010195,℃,2025-06-19 08:00:00,90%回收温度,延炼200万吨/年催化裂化装置
339.8,ST010195,℃,2025-06-19 08:00:00,95%回收温度,延炼200万吨/年催化裂化装置
79.0,ST010195,℃,2025-06-19 08:00:00,闪点(闭口),延炼200万吨/年催化裂化装置
<-20,ST010195,℃,2025-06-19 08:00:00,凝点,延炼200万吨/年催化裂化装置
1073,ST010195,mg/kg,2025-06-19 08:00:00,硫含量,延炼200万吨/年催化裂化装置
203.2,ST010195,℃,2025-06-20 08:00:00,初馏点温度,延炼200万吨/年催化裂化装置
228.4,ST010195,℃,2025-06-20 08:00:00,10%回收温度,延炼200万吨/年催化裂化装置
262.7,ST010195,℃,2025-06-20 08:00:00,50%回收温度,延炼200万吨/年催化裂化装置
326.7,ST010195,℃,2025-06-20 08:00:00,90%回收温度,延炼200万吨/年催化裂化装置
342.0,ST010195,℃,2025-06-20 08:00:00,95%回收温度,延炼200万吨/年催化裂化装置
202.4,ST010195,℃,2025-06-21 08:00:00,初馏点温度,延炼200万吨/年催化裂化装置
226.6,ST010195,℃,2025-06-21 08:00:00,10%回收温度,延炼200万吨/年催化裂化装置
261.6,ST010195,℃,2025-06-21 08:00:00,50%回收温度,延炼200万吨/年催化裂化装置
326.9,ST010195,℃,2025-06-21 08:00:00,90%回收温度,延炼200万吨/年催化裂化装置
342.7,ST010195,℃,2025-06-21 08:00:00,95%回收温度,延炼200万吨/年催化裂化装置
202.0,ST010195,℃,2025-06-22 08:00:00,初馏点温度,延炼200万吨/年催化裂化装置
225.5,ST010195,℃,2025-06-22 08:00:00,10%回收温度,延炼200万吨/年催化裂化装置
259.9,ST010195,℃,2025-06-22 08:00:00,50%回收温度,延炼200万吨/年催化裂化装置
324.3,ST010195,℃,2025-06-22 08:00:00,90%回收温度,延炼200万吨/年催化裂化装置
340.0,ST010195,℃,2025-06-22 08:00:00,95%回收温度,延炼200万吨/年催化裂化装置
201.6,ST010195,℃,2025-06-23 08:00:00,初馏点温度,延炼200万吨/年催化裂化装置
224.3,ST010195,℃,2025-06-23 08:00:00,10%回收温度,延炼200万吨/年催化裂化装置
259.5,ST010195,℃,2025-06-23 08:00:00,50%回收温度,延炼200万吨/年催化裂化装置
323.9,ST010195,℃,2025-06-23 08:00:00,90%回收温度,延炼200万吨/年催化裂化装置
339.9,ST010195,℃,2025-06-23 08:00:00,95%回收温度,延炼200万吨/年催化裂化装置
202.2,ST010195,℃,2025-06-24 08:00:00,初馏点温度,延炼200万吨/年催化裂化装置
225.8,ST010195,℃,2025-06-24 08:00:00,10%回收温度,延炼200万吨/年催化裂化装置
260.5,ST010195,℃,2025-06-24 08:00:00,50%回收温度,延炼200万吨/年催化裂化装置
325.7,ST010195,℃,2025-06-24 08:00:00,90%回收温度,延炼200万吨/年催化裂化装置
341.1,ST010195,℃,2025-06-24 08:00:00,95%回收温度,延炼200万吨/年催化裂化装置
261.8,ST010195,℃,2025-06-25 08:00:00,50%回收温度,延炼200万吨/年催化裂化装置
328.4,ST010195,℃,2025-06-25 08:00:00,90%回收温度,延炼200万吨/年催化裂化装置
345.2,ST010195,℃,2025-06-25 08:00:00,95%回收温度,延炼200万吨/年催化裂化装置
203.0,ST010195,℃,2025-06-25 08:00:00,初馏点温度,延炼200万吨/年催化裂化装置
227.7,ST010195,℃,2025-06-25 08:00:00,10%回收温度,延炼200万吨/年催化裂化装置
201.9,ST010195,℃,2025-06-26 08:00:00,初馏点温度,延炼200万吨/年催化裂化装置
224.5,ST010195,℃,2025-06-26 08:00:00,10%回收温度,延炼200万吨/年催化裂化装置
260.1,ST010195,℃,2025-06-26 08:00:00,50%回收温度,延炼200万吨/年催化裂化装置
327.6,ST010195,℃,2025-06-26 08:00:00,90%回收温度,延炼200万吨/年催化裂化装置
344.3,ST010195,℃,2025-06-26 08:00:00,95%回收温度,延炼200万吨/年催化裂化装置
78.0,ST010195,℃,2025-06-26 08:00:00,闪点(闭口),延炼200万吨/年催化裂化装置
<-20,ST010195,℃,2025-06-26 08:00:00,凝点,延炼200万吨/年催化裂化装置
1003,ST010195,mg/kg,2025-06-26 08:00:00,硫含量,延炼200万吨/年催化裂化装置
203.1,ST010195,℃,2025-06-27 08:00:00,初馏点温度,延炼200万吨/年催化裂化装置
227.8,ST010195,℃,2025-06-27 08:00:00,10%回收温度,延炼200万吨/年催化裂化装置
261.6,ST010195,℃,2025-06-27 08:00:00,50%回收温度,延炼200万吨/年催化裂化装置
328.0,ST010195,℃,2025-06-27 08:00:00,90%回收温度,延炼200万吨/年催化裂化装置
344.2,ST010195,℃,2025-06-27 08:00:00,95%回收温度,延炼200万吨/年催化裂化装置
202.0,ST010195,℃,2025-06-28 08:00:00,初馏点温度,延炼200万吨/年催化裂化装置
225.3,ST010195,℃,2025-06-28 08:00:00,10%回收温度,延炼200万吨/年催化裂化装置
260.8,ST010195,℃,2025-06-28 08:00:00,50%回收温度,延炼200万吨/年催化裂化装置
328.1,ST010195,℃,2025-06-28 08:00:00,90%回收温度,延炼200万吨/年催化裂化装置
344.4,ST010195,℃,2025-06-28 08:00:00,95%回收温度,延炼200万吨/年催化裂化装置
203.0,ST010195,℃,2025-06-29 08:00:00,初馏点温度,延炼200万吨/年催化裂化装置
228.0,ST010195,℃,2025-06-29 08:00:00,10%回收温度,延炼200万吨/年催化裂化装置
263.3,ST010195,℃,2025-06-29 08:00:00,50%回收温度,延炼200万吨/年催化裂化装置
329.1,ST010195,℃,2025-06-29 08:00:00,90%回收温度,延炼200万吨/年催化裂化装置
345.7,ST010195,℃,2025-06-29 08:00:00,95%回收温度,延炼200万吨/年催化裂化装置
202.8,ST010195,℃,2025-06-30 08:00:00,初馏点温度,延炼200万吨/年催化裂化装置
227.6,ST010195,℃,2025-06-30 08:00:00,10%回收温度,延炼200万吨/年催化裂化装置
262.2,ST010195,℃,2025-06-30 08:00:00,50%回收温度,延炼200万吨/年催化裂化装置
328.2,ST010195,℃,2025-06-30 08:00:00,90%回收温度,延炼200万吨/年催化裂化装置
344.6,ST010195,℃,2025-06-30 08:00:00,95%回收温度,延炼200万吨/年催化裂化装置
203.2,ST010195,℃,2025-07-01 08:00:00,初馏点温度,延炼200万吨/年催化裂化装置
228.5,ST010195,℃,2025-07-01 08:00:00,10%回收温度,延炼200万吨/年催化裂化装置
264.3,ST010195,℃,2025-07-01 08:00:00,50%回收温度,延炼200万吨/年催化裂化装置
329.1,ST010195,℃,2025-07-01 08:00:00,90%回收温度,延炼200万吨/年催化裂化装置
345.6,ST010195,℃,2025-07-01 08:00:00,95%回收温度,延炼200万吨/年催化裂化装置
203.0,ST010195,℃,2025-07-02 08:00:00,初馏点温度,延炼200万吨/年催化裂化装置
227.6,ST010195,℃,2025-07-02 08:00:00,10%回收温度,延炼200万吨/年催化裂化装置
261.3,ST010195,℃,2025-07-02 08:00:00,50%回收温度,延炼200万吨/年催化裂化装置
326.6,ST010195,℃,2025-07-02 08:00:00,90%回收温度,延炼200万吨/年催化裂化装置
342.3,ST010195,℃,2025-07-02 08:00:00,95%回收温度,延炼200万吨/年催化裂化装置
202.3,ST010195,℃,2025-07-03 08:00:00,初馏点温度,延炼200万吨/年催化裂化装置
225.7,ST010195,℃,2025-07-03 08:00:00,10%回收温度,延炼200万吨/年催化裂化装置
259.7,ST010195,℃,2025-07-03 08:00:00,50%回收温度,延炼200万吨/年催化裂化装置
325.1,ST010195,℃,2025-07-03 08:00:00,90%回收温度,延炼200万吨/年催化裂化装置
342.1,ST010195,℃,2025-07-03 08:00:00,95%回收温度,延炼200万吨/年催化裂化装置
80.0,ST010195,℃,2025-07-03 08:00:00,闪点(闭口),延炼200万吨/年催化裂化装置
<-20,ST010195,℃,2025-07-03 08:00:00,凝点,延炼200万吨/年催化裂化装置
822,ST010195,mg/kg,2025-07-03 08:00:00,硫含量,延炼200万吨/年催化裂化装置
202.2,ST010195,℃,2025-07-04 08:00:00,初馏点温度,延炼200万吨/年催化裂化装置
225.6,ST010195,℃,2025-07-04 08:00:00,10%回收温度,延炼200万吨/年催化裂化装置
259.6,ST010195,℃,2025-07-04 08:00:00,50%回收温度,延炼200万吨/年催化裂化装置
324.8,ST010195,℃,2025-07-04 08:00:00,90%回收温度,延炼200万吨/年催化裂化装置
341.7,ST010195,℃,2025-07-04 08:00:00,95%回收温度,延炼200万吨/年催化裂化装置
201.6,ST010195,℃,2025-07-05 08:00:00,初馏点温度,延炼200万吨/年催化裂化装置
224.4,ST010195,℃,2025-07-05 08:00:00,10%回收温度,延炼200万吨/年催化裂化装置
259.5,ST010195,℃,2025-07-05 08:00:00,50%回收温度,延炼200万吨/年催化裂化装置
324.5,ST010195,℃,2025-07-05 08:00:00,90%回收温度,延炼200万吨/年催化裂化装置
341.1,ST010195,℃,2025-07-05 08:00:00,95%回收温度,延炼200万吨/年催化裂化装置
203.1,ST010195,℃,2025-07-06 08:00:00,初馏点温度,延炼200万吨/年催化裂化装置
227.0,ST010195,℃,2025-07-06 08:00:00,10%回收温度,延炼200万吨/年催化裂化装置
261.6,ST010195,℃,2025-07-06 08:00:00,50%回收温度,延炼200万吨/年催化裂化装置
328.8,ST010195,℃,2025-07-06 08:00:00,90%回收温度,延炼200万吨/年催化裂化装置
346.5,ST010195,℃,2025-07-06 08:00:00,95%回收温度,延炼200万吨/年催化裂化装置
202.5,ST010195,℃,2025-07-07 08:00:00,初馏点温度,延炼200万吨/年催化裂化装置
226.6,ST010195,℃,2025-07-07 08:00:00,10%回收温度,延炼200万吨/年催化裂化装置
260.2,ST010195,℃,2025-07-07 08:00:00,50%回收温度,延炼200万吨/年催化裂化装置
325.7,ST010195,℃,2025-07-07 08:00:00,90%回收温度,延炼200万吨/年催化裂化装置
342.2,ST010195,℃,2025-07-07 08:00:00,95%回收温度,延炼200万吨/年催化裂化装置
202.2,ST010195,℃,2025-07-08 08:00:00,初馏点温度,延炼200万吨/年催化裂化装置
225.7,ST010195,℃,2025-07-08 08:00:00,10%回收温度,延炼200万吨/年催化裂化装置
259.6,ST010195,℃,2025-07-08 08:00:00,50%回收温度,延炼200万吨/年催化裂化装置
323.8,ST010195,℃,2025-07-08 08:00:00,90%回收温度,延炼200万吨/年催化裂化装置
340.3,ST010195,℃,2025-07-08 08:00:00,95%回收温度,延炼200万吨/年催化裂化装置
225.0,ST010195,℃,2025-07-09 08:00:00,10%回收温度,延炼200万吨/年催化裂化装置
259.0,ST010195,℃,2025-07-09 08:00:00,50%回收温度,延炼200万吨/年催化裂化装置
321.8,ST010195,℃,2025-07-09 08:00:00,90%回收温度,延炼200万吨/年催化裂化装置
338.9,ST010195,℃,2025-07-09 08:00:00,95%回收温度,延炼200万吨/年催化裂化装置
202.0,ST010195,℃,2025-07-09 08:00:00,初馏点温度,延炼200万吨/年催化裂化装置
838,ST010195,mg/kg,2025-07-10 08:00:00,硫含量,延炼200万吨/年催化裂化装置
81.0,ST010195,℃,2025-07-10 08:00:00,闪点(闭口),延炼200万吨/年催化裂化装置
<-20,ST010195,℃,2025-07-10 08:00:00,凝点,延炼200万吨/年催化裂化装置
202.0,ST010195,℃,2025-07-10 08:00:00,初馏点温度,延炼200万吨/年催化裂化装置
224.9,ST010195,℃,2025-07-10 08:00:00,10%回收温度,延炼200万吨/年催化裂化装置
258.7,ST010195,℃,2025-07-10 08:00:00,50%回收温度,延炼200万吨/年催化裂化装置
321.6,ST010195,℃,2025-07-10 08:00:00,90%回收温度,延炼200万吨/年催化裂化装置
339.0,ST010195,℃,2025-07-10 08:00:00,95%回收温度,延炼200万吨/年催化裂化装置
201.8,ST010195,℃,2025-07-11 08:00:00,初馏点温度,延炼200万吨/年催化裂化装置
224.2,ST010195,℃,2025-07-11 08:00:00,10%回收温度,延炼200万吨/年催化裂化装置
258.4,ST010195,℃,2025-07-11 08:00:00,50%回收温度,延炼200万吨/年催化裂化装置
321.2,ST010195,℃,2025-07-11 08:00:00,90%回收温度,延炼200万吨/年催化裂化装置
338.8,ST010195,℃,2025-07-11 08:00:00,95%回收温度,延炼200万吨/年催化裂化装置
201.6,ST010195,℃,2025-07-12 08:00:00,初馏点温度,延炼200万吨/年催化裂化装置
224.4,ST010195,℃,2025-07-12 08:00:00,10%回收温度,延炼200万吨/年催化裂化装置
258.0,ST010195,℃,2025-07-12 08:00:00,50%回收温度,延炼200万吨/年催化裂化装置
320.1,ST010195,℃,2025-07-12 08:00:00,90%回收温度,延炼200万吨/年催化裂化装置
338.2,ST010195,℃,2025-07-12 08:00:00,95%回收温度,延炼200万吨/年催化裂化装置
202.6,ST010195,℃,2025-07-13 08:00:00,初馏点温度,延炼200万吨/年催化裂化装置
226.7,ST010195,℃,2025-07-13 08:00:00,10%回收温度,延炼200万吨/年催化裂化装置
259.7,ST010195,℃,2025-07-13 08:00:00,50%回收温度,延炼200万吨/年催化裂化装置
322.3,ST010195,℃,2025-07-13 08:00:00,90%回收温度,延炼200万吨/年催化裂化装置
339.1,ST010195,℃,2025-07-13 08:00:00,95%回收温度,延炼200万吨/年催化裂化装置
201.8,ST010195,℃,2025-07-14 08:00:00,初馏点温度,延炼200万吨/年催化裂化装置
224.7,ST010195,℃,2025-07-14 08:00:00,10%回收温度,延炼200万吨/年催化裂化装置
258.7,ST010195,℃,2025-07-14 08:00:00,50%回收温度,延炼200万吨/年催化裂化装置
320.7,ST010195,℃,2025-07-14 08:00:00,90%回收温度,延炼200万吨/年催化裂化装置
338.3,ST010195,℃,2025-07-14 08:00:00,95%回收温度,延炼200万吨/年催化裂化装置
201.0,ST010195,℃,2025-07-15 08:00:00,初馏点温度,延炼200万吨/年催化裂化装置
223.7,ST010195,℃,2025-07-15 08:00:00,10%回收温度,延炼200万吨/年催化裂化装置
258.2,ST010195,℃,2025-07-15 08:00:00,50%回收温度,延炼200万吨/年催化裂化装置
320.3,ST010195,℃,2025-07-15 08:00:00,90%回收温度,延炼200万吨/年催化裂化装置
338.0,ST010195,℃,2025-07-15 08:00:00,95%回收温度,延炼200万吨/年催化裂化装置
206.1,ST010195,℃,2025-07-16 08:00:00,初馏点温度,延炼200万吨/年催化裂化装置
231.8,ST010195,℃,2025-07-16 08:00:00,10%回收温度,延炼200万吨/年催化裂化装置
261.7,ST010195,℃,2025-07-16 08:00:00,50%回收温度,延炼200万吨/年催化裂化装置
324.4,ST010195,℃,2025-07-16 08:00:00,90%回收温度,延炼200万吨/年催化裂化装置
339.8,ST010195,℃,2025-07-16 08:00:00,95%回收温度,延炼200万吨/年催化裂化装置
81.0,ST010195,℃,2025-07-17 08:00:00,闪点(闭口),延炼200万吨/年催化裂化装置
<-20,ST010195,℃,2025-07-17 08:00:00,凝点,延炼200万吨/年催化裂化装置
203.0,ST010195,℃,2025-07-17 08:00:00,初馏点温度,延炼200万吨/年催化裂化装置
227.8,ST010195,℃,2025-07-17 08:00:00,10%回收温度,延炼200万吨/年催化裂化装置
259.6,ST010195,℃,2025-07-17 08:00:00,50%回收温度,延炼200万吨/年催化裂化装置
321.9,ST010195,℃,2025-07-17 08:00:00,90%回收温度,延炼200万吨/年催化裂化装置
338.8,ST010195,℃,2025-07-17 08:00:00,95%回收温度,延炼200万吨/年催化裂化装置
1009,ST010195,mg/kg,2025-07-17 08:00:00,硫含量,延炼200万吨/年催化裂化装置
204.5,ST010195,℃,2025-07-18 08:00:00,初馏点温度,延炼200万吨/年催化裂化装置
229.6,ST010195,℃,2025-07-18 08:00:00,10%回收温度,延炼200万吨/年催化裂化装置
260.3,ST010195,℃,2025-07-18 08:00:00,50%回收温度,延炼200万吨/年催化裂化装置
323.0,ST010195,℃,2025-07-18 08:00:00,90%回收温度,延炼200万吨/年催化裂化装置
339.4,ST010195,℃,2025-07-18 08:00:00,95%回收温度,延炼200万吨/年催化裂化装置
204.1,ST010195,℃,2025-07-19 08:00:00,初馏点温度,延炼200万吨/年催化裂化装置
228.8,ST010195,℃,2025-07-19 08:00:00,10%回收温度,延炼200万吨/年催化裂化装置
260.3,ST010195,℃,2025-07-19 08:00:00,50%回收温度,延炼200万吨/年催化裂化装置
323.2,ST010195,℃,2025-07-19 08:00:00,90%回收温度,延炼200万吨/年催化裂化装置
339.3,ST010195,℃,2025-07-19 08:00:00,95%回收温度,延炼200万吨/年催化裂化装置
203.8,ST010195,℃,2025-07-20 08:00:00,初馏点温度,延炼200万吨/年催化裂化装置
228.7,ST010195,℃,2025-07-20 08:00:00,10%回收温度,延炼200万吨/年催化裂化装置
260.0,ST010195,℃,2025-07-20 08:00:00,50%回收温度,延炼200万吨/年催化裂化装置
321.8,ST010195,℃,2025-07-20 08:00:00,90%回收温度,延炼200万吨/年催化裂化装置
338.6,ST010195,℃,2025-07-20 08:00:00,95%回收温度,延炼200万吨/年催化裂化装置
208.3,ST010195,℃,2025-07-21 08:00:00,初馏点温度,延炼200万吨/年催化裂化装置
231.3,ST010195,℃,2025-07-21 08:00:00,10%回收温度,延炼200万吨/年催化裂化装置
260.4,ST010195,℃,2025-07-21 08:00:00,50%回收温度,延炼200万吨/年催化裂化装置
320.3,ST010195,℃,2025-07-21 08:00:00,90%回收温度,延炼200万吨/年催化裂化装置
333.3,ST010195,℃,2025-07-21 08:00:00,95%回收温度,延炼200万吨/年催化裂化装置
204.7,ST010195,℃,2025-07-22 08:00:00,初馏点温度,延炼200万吨/年催化裂化装置
229.9,ST010195,℃,2025-07-22 08:00:00,10%回收温度,延炼200万吨/年催化裂化装置
261.0,ST010195,℃,2025-07-22 08:00:00,50%回收温度,延炼200万吨/年催化裂化装置
323.5,ST010195,℃,2025-07-22 08:00:00,90%回收温度,延炼200万吨/年催化裂化装置
339.1,ST010195,℃,2025-07-22 08:00:00,95%回收温度,延炼200万吨/年催化裂化装置
202.7,ST010195,℃,2025-07-23 08:00:00,初馏点温度,延炼200万吨/年催化裂化装置
227.6,ST010195,℃,2025-07-23 08:00:00,10%回收温度,延炼200万吨/年催化裂化装置
259.6,ST010195,℃,2025-07-23 08:00:00,50%回收温度,延炼200万吨/年催化裂化装置
320.7,ST010195,℃,2025-07-23 08:00:00,90%回收温度,延炼200万吨/年催化裂化装置
337.9,ST010195,℃,2025-07-23 08:00:00,95%回收温度,延炼200万吨/年催化裂化装置
1081,ST010195,mg/kg,2025-07-24 08:00:00,硫含量,延炼200万吨/年催化裂化装置
81.0,ST010195,℃,2025-07-24 08:00:00,闪点(闭口),延炼200万吨/年催化裂化装置
<-20,ST010195,℃,2025-07-24 08:00:00,凝点,延炼200万吨/年催化裂化装置
202.7,ST010195,℃,2025-07-24 08:00:00,初馏点温度,延炼200万吨/年催化裂化装置
227.8,ST010195,℃,2025-07-24 08:00:00,10%回收温度,延炼200万吨/年催化裂化装置
259.5,ST010195,℃,2025-07-24 08:00:00,50%回收温度,延炼200万吨/年催化裂化装置
320.7,ST010195,℃,2025-07-24 08:00:00,90%回收温度,延炼200万吨/年催化裂化装置
337.9,ST010195,℃,2025-07-24 08:00:00,95%回收温度,延炼200万吨/年催化裂化装置
203.8,ST010195,℃,2025-07-25 08:00:00,初馏点温度,延炼200万吨/年催化裂化装置
229.0,ST010195,℃,2025-07-25 08:00:00,10%回收温度,延炼200万吨/年催化裂化装置
260.0,ST010195,℃,2025-07-25 08:00:00,50%回收温度,延炼200万吨/年催化裂化装置
321.6,ST010195,℃,2025-07-25 08:00:00,90%回收温度,延炼200万吨/年催化裂化装置
338.3,ST010195,℃,2025-07-25 08:00:00,95%回收温度,延炼200万吨/年催化裂化装置
204.7,ST010195,℃,2025-07-26 08:00:00,初馏点温度,延炼200万吨/年催化裂化装置
230.0,ST010195,℃,2025-07-26 08:00:00,10%回收温度,延炼200万吨/年催化裂化装置
260.8,ST010195,℃,2025-07-26 08:00:00,50%回收温度,延炼200万吨/年催化裂化装置
322.8,ST010195,℃,2025-07-26 08:00:00,90%回收温度,延炼200万吨/年催化裂化装置
338.7,ST010195,℃,2025-07-26 08:00:00,95%回收温度,延炼200万吨/年催化裂化装置
202.5,ST010195,℃,2025-07-27 08:00:00,初馏点温度,延炼200万吨/年催化裂化装置
227.6,ST010195,℃,2025-07-27 08:00:00,10%回收温度,延炼200万吨/年催化裂化装置
259.6,ST010195,℃,2025-07-27 08:00:00,50%回收温度,延炼200万吨/年催化裂化装置
320.9,ST010195,℃,2025-07-27 08:00:00,90%回收温度,延炼200万吨/年催化裂化装置
337.9,ST010195,℃,2025-07-27 08:00:00,95%回收温度,延炼200万吨/年催化裂化装置
202.6,ST010195,℃,2025-07-28 08:00:00,初馏点温度,延炼200万吨/年催化裂化装置
227.7,ST010195,℃,2025-07-28 08:00:00,10%回收温度,延炼200万吨/年催化裂化装置
259.9,ST010195,℃,2025-07-28 08:00:00,50%回收温度,延炼200万吨/年催化裂化装置
321.7,ST010195,℃,2025-07-28 08:00:00,90%回收温度,延炼200万吨/年催化裂化装置
338.3,ST010195,℃,2025-07-28 08:00:00,95%回收温度,延炼200万吨/年催化裂化装置
203.3,ST010195,℃,2025-07-29 08:00:00,初馏点温度,延炼200万吨/年催化裂化装置
228.8,ST010195,℃,2025-07-29 08:00:00,10%回收温度,延炼200万吨/年催化裂化装置
260.2,ST010195,℃,2025-07-29 08:00:00,50%回收温度,延炼200万吨/年催化裂化装置
322.1,ST010195,℃,2025-07-29 08:00:00,90%回收温度,延炼200万吨/年催化裂化装置
338.4,ST010195,℃,2025-07-29 08:00:00,95%回收温度,延炼200万吨/年催化裂化装置
202.9,ST010195,℃,2025-07-30 08:00:00,初馏点温度,延炼200万吨/年催化裂化装置
228.1,ST010195,℃,2025-07-30 08:00:00,10%回收温度,延炼200万吨/年催化裂化装置
259.9,ST010195,℃,2025-07-30 08:00:00,50%回收温度,延炼200万吨/年催化裂化装置
321.9,ST010195,℃,2025-07-30 08:00:00,90%回收温度,延炼200万吨/年催化裂化装置
338.6,ST010195,℃,2025-07-30 08:00:00,95%回收温度,延炼200万吨/年催化裂化装置
80.0,ST010195,℃,2025-07-31 08:00:00,闪点(闭口),延炼200万吨/年催化裂化装置
<-20,ST010195,℃,2025-07-31 08:00:00,凝点,延炼200万吨/年催化裂化装置
1067,ST010195,mg/kg,2025-07-31 08:00:00,硫含量,延炼200万吨/年催化裂化装置
202.9,ST010195,℃,2025-07-31 08:00:00,初馏点温度,延炼200万吨/年催化裂化装置
228.0,ST010195,℃,2025-07-31 08:00:00,10%回收温度,延炼200万吨/年催化裂化装置
260.4,ST010195,℃,2025-07-31 08:00:00,50%回收温度,延炼200万吨/年催化裂化装置
323.7,ST010195,℃,2025-07-31 08:00:00,90%回收温度,延炼200万吨/年催化裂化装置
339.5,ST010195,℃,2025-07-31 08:00:00,95%回收温度,延炼200万吨/年催化裂化装置
204.5,ST010195,℃,2025-08-01 08:00:00,初馏点温度,延炼200万吨/年催化裂化装置
229.7,ST010195,℃,2025-08-01 08:00:00,10%回收温度,延炼200万吨/年催化裂化装置
260.9,ST010195,℃,2025-08-01 08:00:00,50%回收温度,延炼200万吨/年催化裂化装置
324.6,ST010195,℃,2025-08-01 08:00:00,90%回收温度,延炼200万吨/年催化裂化装置
340.3,ST010195,℃,2025-08-01 08:00:00,95%回收温度,延炼200万吨/年催化裂化装置
204.1,ST010195,℃,2025-08-02 08:00:00,初馏点温度,延炼200万吨/年催化裂化装置
229.6,ST010195,℃,2025-08-02 08:00:00,10%回收温度,延炼200万吨/年催化裂化装置
260.8,ST010195,℃,2025-08-02 08:00:00,50%回收温度,延炼200万吨/年催化裂化装置
323.9,ST010195,℃,2025-08-02 08:00:00,90%回收温度,延炼200万吨/年催化裂化装置
339.8,ST010195,℃,2025-08-02 08:00:00,95%回收温度,延炼200万吨/年催化裂化装置
204.7,ST010195,℃,2025-08-03 08:00:00,初馏点温度,延炼200万吨/年催化裂化装置
230.0,ST010195,℃,2025-08-03 08:00:00,10%回收温度,延炼200万吨/年催化裂化装置
261.2,ST010195,℃,2025-08-03 08:00:00,50%回收温度,延炼200万吨/年催化裂化装置
324.7,ST010195,℃,2025-08-03 08:00:00,90%回收温度,延炼200万吨/年催化裂化装置
339.9,ST010195,℃,2025-08-03 08:00:00,95%回收温度,延炼200万吨/年催化裂化装置
204.3,ST010195,℃,2025-08-04 08:00:00,初馏点温度,延炼200万吨/年催化裂化装置
229.5,ST010195,℃,2025-08-04 08:00:00,10%回收温度,延炼200万吨/年催化裂化装置
260.9,ST010195,℃,2025-08-04 08:00:00,50%回收温度,延炼200万吨/年催化裂化装置
324.5,ST010195,℃,2025-08-04 08:00:00,90%回收温度,延炼200万吨/年催化裂化装置
340.2,ST010195,℃,2025-08-04 08:00:00,95%回收温度,延炼200万吨/年催化裂化装置
207.8,ST010195,℃,2025-08-05 08:00:00,初馏点温度,延炼200万吨/年催化裂化装置
234.3,ST010195,℃,2025-08-05 08:00:00,10%回收温度,延炼200万吨/年催化裂化装置
365.8,ST010195,℃,2025-08-05 08:00:00,50%回收温度,延炼200万吨/年催化裂化装置
328.2,ST010195,℃,2025-08-05 08:00:00,90%回收温度,延炼200万吨/年催化裂化装置
343.0,ST010195,℃,2025-08-05 08:00:00,95%回收温度,延炼200万吨/年催化裂化装置
203.0,ST010195,℃,2025-08-06 08:00:00,初馏点温度,延炼200万吨/年催化裂化装置
228.7,ST010195,℃,2025-08-06 08:00:00,10%回收温度,延炼200万吨/年催化裂化装置
260.3,ST010195,℃,2025-08-06 08:00:00,50%回收温度,延炼200万吨/年催化裂化装置
323.5,ST010195,℃,2025-08-06 08:00:00,90%回收温度,延炼200万吨/年催化裂化装置
339.6,ST010195,℃,2025-08-06 08:00:00,95%回收温度,延炼200万吨/年催化裂化装置
83.0,ST010195,℃,2025-08-07 08:00:00,闪点(闭口),延炼200万吨/年催化裂化装置
<-20,ST010195,℃,2025-08-07 08:00:00,凝点,延炼200万吨/年催化裂化装置
204.9,ST010195,℃,2025-08-07 08:00:00,初馏点温度,延炼200万吨/年催化裂化装置
230.4,ST010195,℃,2025-08-07 08:00:00,10%回收温度,延炼200万吨/年催化裂化装置
261.2,ST010195,℃,2025-08-07 08:00:00,50%回收温度,延炼200万吨/年催化裂化装置
324.2,ST010195,℃,2025-08-07 08:00:00,90%回收温度,延炼200万吨/年催化裂化装置
339.8,ST010195,℃,2025-08-07 08:00:00,95%回收温度,延炼200万吨/年催化裂化装置
1169,ST010195,mg/kg,2025-08-07 08:00:00,硫含量,延炼200万吨/年催化裂化装置
202.9,ST010195,℃,2025-08-08 08:00:00,初馏点温度,延炼200万吨/年催化裂化装置
228.1,ST010195,℃,2025-08-08 08:00:00,10%回收温度,延炼200万吨/年催化裂化装置
261.1,ST010195,℃,2025-08-08 08:00:00,50%回收温度,延炼200万吨/年催化裂化装置
324.2,ST010195,℃,2025-08-08 08:00:00,90%回收温度,延炼200万吨/年催化裂化装置
339.8,ST010195,℃,2025-08-08 08:00:00,95%回收温度,延炼200万吨/年催化裂化装置
202.3,ST010195,℃,2025-08-09 08:00:00,初馏点温度,延炼200万吨/年催化裂化装置
227.0,ST010195,℃,2025-08-09 08:00:00,10%回收温度,延炼200万吨/年催化裂化装置
260.0,ST010195,℃,2025-08-09 08:00:00,50%回收温度,延炼200万吨/年催化裂化装置
323.2,ST010195,℃,2025-08-09 08:00:00,90%回收温度,延炼200万吨/年催化裂化装置
339.3,ST010195,℃,2025-08-09 08:00:00,95%回收温度,延炼200万吨/年催化裂化装置
204.0,ST010195,℃,2025-08-10 08:00:00,初馏点温度,延炼200万吨/年催化裂化装置
229.4,ST010195,℃,2025-08-10 08:00:00,10%回收温度,延炼200万吨/年催化裂化装置
261.1,ST010195,℃,2025-08-10 08:00:00,50%回收温度,延炼200万吨/年催化裂化装置
324.1,ST010195,℃,2025-08-10 08:00:00,90%回收温度,延炼200万吨/年催化裂化装置
339.5,ST010195,℃,2025-08-10 08:00:00,95%回收温度,延炼200万吨/年催化裂化装置
203.6,ST010195,℃,2025-08-11 08:00:00,初馏点温度,延炼200万吨/年催化裂化装置
229.3,ST010195,℃,2025-08-11 08:00:00,10%回收温度,延炼200万吨/年催化裂化装置
260.6,ST010195,℃,2025-08-11 08:00:00,50%回收温度,延炼200万吨/年催化裂化装置
322.5,ST010195,℃,2025-08-11 08:00:00,90%回收温度,延炼200万吨/年催化裂化装置
338.5,ST010195,℃,2025-08-11 08:00:00,95%回收温度,延炼200万吨/年催化裂化装置
201.8,ST010195,℃,2025-08-12 08:00:00,初馏点温度,延炼200万吨/年催化裂化装置
225.5,ST010195,℃,2025-08-12 08:00:00,10%回收温度,延炼200万吨/年催化裂化装置
258.4,ST010195,℃,2025-08-12 08:00:00,50%回收温度,延炼200万吨/年催化裂化装置
319.7,ST010195,℃,2025-08-12 08:00:00,90%回收温度,延炼200万吨/年催化裂化装置
337.7,ST010195,℃,2025-08-12 08:00:00,95%回收温度,延炼200万吨/年催化裂化装置
201.8,ST010195,℃,2025-08-13 08:00:00,初馏点温度,延炼200万吨/年催化裂化装置
225.6,ST010195,℃,2025-08-13 08:00:00,10%回收温度,延炼200万吨/年催化裂化装置
258.9,ST010195,℃,2025-08-13 08:00:00,50%回收温度,延炼200万吨/年催化裂化装置
320.7,ST010195,℃,2025-08-13 08:00:00,90%回收温度,延炼200万吨/年催化裂化装置
338.0,ST010195,℃,2025-08-13 08:00:00,95%回收温度,延炼200万吨/年催化裂化装置
1222,ST010195,mg/kg,2025-08-14 08:00:00,硫含量,延炼200万吨/年催化裂化装置
202.3,ST010195,℃,2025-08-14 08:00:00,初馏点温度,延炼200万吨/年催化裂化装置
227.2,ST010195,℃,2025-08-14 08:00:00,10%回收温度,延炼200万吨/年催化裂化装置
259.4,ST010195,℃,2025-08-14 08:00:00,50%回收温度,延炼200万吨/年催化裂化装置
319.3,ST010195,℃,2025-08-14 08:00:00,90%回收温度,延炼200万吨/年催化裂化装置
336.5,ST010195,℃,2025-08-14 08:00:00,95%回收温度,延炼200万吨/年催化裂化装置
79.5,ST010195,℃,2025-08-14 08:00:00,闪点(闭口),延炼200万吨/年催化裂化装置
<-20,ST010195,℃,2025-08-14 08:00:00,凝点,延炼200万吨/年催化裂化装置
202.0,ST010195,℃,2025-08-15 08:00:00,初馏点温度,延炼200万吨/年催化裂化装置
226.2,ST010195,℃,2025-08-15 08:00:00,10%回收温度,延炼200万吨/年催化裂化装置
259.3,ST010195,℃,2025-08-15 08:00:00,50%回收温度,延炼200万吨/年催化裂化装置
321.2,ST010195,℃,2025-08-15 08:00:00,90%回收温度,延炼200万吨/年催化裂化装置
338.0,ST010195,℃,2025-08-15 08:00:00,95%回收温度,延炼200万吨/年催化裂化装置
202.4,ST010195,℃,2025-08-16 08:00:00,初馏点温度,延炼200万吨/年催化裂化装置
226.5,ST010195,℃,2025-08-16 08:00:00,10%回收温度,延炼200万吨/年催化裂化装置
259.6,ST010195,℃,2025-08-16 08:00:00,50%回收温度,延炼200万吨/年催化裂化装置
322.0,ST010195,℃,2025-08-16 08:00:00,90%回收温度,延炼200万吨/年催化裂化装置
338.8,ST010195,℃,2025-08-16 08:00:00,95%回收温度,延炼200万吨/年催化裂化装置
201.1,ST010195,℃,2025-08-17 08:00:00,初馏点温度,延炼200万吨/年催化裂化装置
224.3,ST010195,℃,2025-08-17 08:00:00,10%回收温度,延炼200万吨/年催化裂化装置
257.9,ST010195,℃,2025-08-17 08:00:00,50%回收温度,延炼200万吨/年催化裂化装置
318.9,ST010195,℃,2025-08-17 08:00:00,90%回收温度,延炼200万吨/年催化裂化装置
336.9,ST010195,℃,2025-08-17 08:00:00,95%回收温度,延炼200万吨/年催化裂化装置
202.9,ST010195,℃,2025-08-18 08:00:00,初馏点温度,延炼200万吨/年催化裂化装置
228.1,ST010195,℃,2025-08-18 08:00:00,10%回收温度,延炼200万吨/年催化裂化装置
260.0,ST010195,℃,2025-08-18 08:00:00,50%回收温度,延炼200万吨/年催化裂化装置
320.9,ST010195,℃,2025-08-18 08:00:00,90%回收温度,延炼200万吨/年催化裂化装置
337.9,ST010195,℃,2025-08-18 08:00:00,95%回收温度,延炼200万吨/年催化裂化装置
201.9,ST010195,℃,2025-08-19 08:00:00,初馏点温度,延炼200万吨/年催化裂化装置
226.1,ST010195,℃,2025-08-19 08:00:00,10%回收温度,延炼200万吨/年催化裂化装置
258.9,ST010195,℃,2025-08-19 08:00:00,50%回收温度,延炼200万吨/年催化裂化装置
320.2,ST010195,℃,2025-08-19 08:00:00,90%回收温度,延炼200万吨/年催化裂化装置
338.0,ST010195,℃,2025-08-19 08:00:00,95%回收温度,延炼200万吨/年催化裂化装置
201.9,ST010195,℃,2025-08-20 08:00:00,初馏点温度,延炼200万吨/年催化裂化装置
225.6,ST010195,℃,2025-08-20 08:00:00,10%回收温度,延炼200万吨/年催化裂化装置
259.2,ST010195,℃,2025-08-20 08:00:00,50%回收温度,延炼200万吨/年催化裂化装置
320.7,ST010195,℃,2025-08-20 08:00:00,90%回收温度,延炼200万吨/年催化裂化装置
338.1,ST010195,℃,2025-08-20 08:00:00,95%回收温度,延炼200万吨/年催化裂化装置
1203,ST010195,mg/kg,2025-08-21 08:00:00,硫含量,延炼200万吨/年催化裂化装置
77.0,ST010195,℃,2025-08-21 08:00:00,闪点(闭口),延炼200万吨/年催化裂化装置
<-20,ST010195,℃,2025-08-21 08:00:00,凝点,延炼200万吨/年催化裂化装置
200.9,ST010195,℃,2025-08-21 08:00:00,初馏点温度,延炼200万吨/年催化裂化装置
224.3,ST010195,℃,2025-08-21 08:00:00,10%回收温度,延炼200万吨/年催化裂化装置
257.8,ST010195,℃,2025-08-21 08:00:00,50%回收温度,延炼200万吨/年催化裂化装置
318.2,ST010195,℃,2025-08-21 08:00:00,90%回收温度,延炼200万吨/年催化裂化装置
336.4,ST010195,℃,2025-08-21 08:00:00,95%回收温度,延炼200万吨/年催化裂化装置
200.9,ST010195,℃,2025-08-22 08:00:00,初馏点温度,延炼200万吨/年催化裂化装置
224.3,ST010195,℃,2025-08-22 08:00:00,10%回收温度,延炼200万吨/年催化裂化装置
257.2,ST010195,℃,2025-08-22 08:00:00,50%回收温度,延炼200万吨/年催化裂化装置
318.1,ST010195,℃,2025-08-22 08:00:00,90%回收温度,延炼200万吨/年催化裂化装置
336.7,ST010195,℃,2025-08-22 08:00:00,95%回收温度,延炼200万吨/年催化裂化装置
201.8,ST010195,℃,2025-08-23 08:00:00,初馏点温度,延炼200万吨/年催化裂化装置
225.3,ST010195,℃,2025-08-23 08:00:00,10%回收温度,延炼200万吨/年催化裂化装置
258.6,ST010195,℃,2025-08-23 08:00:00,50%回收温度,延炼200万吨/年催化裂化装置
320.2,ST010195,℃,2025-08-23 08:00:00,90%回收温度,延炼200万吨/年催化裂化装置
338.1,ST010195,℃,2025-08-23 08:00:00,95%回收温度,延炼200万吨/年催化裂化装置
203.1,ST010195,℃,2025-08-24 08:00:00,初馏点温度,延炼200万吨/年催化裂化装置
228.4,ST010195,℃,2025-08-24 08:00:00,10%回收温度,延炼200万吨/年催化裂化装置
259.3,ST010195,℃,2025-08-24 08:00:00,50%回收温度,延炼200万吨/年催化裂化装置
319.0,ST010195,℃,2025-08-24 08:00:00,90%回收温度,延炼200万吨/年催化裂化装置
337.0,ST010195,℃,2025-08-24 08:00:00,95%回收温度,延炼200万吨/年催化裂化装置
202.2,ST010195,℃,2025-08-25 08:00:00,初馏点温度,延炼200万吨/年催化裂化装置
226.5,ST010195,℃,2025-08-25 08:00:00,10%回收温度,延炼200万吨/年催化裂化装置
259.0,ST010195,℃,2025-08-25 08:00:00,50%回收温度,延炼200万吨/年催化裂化装置
319.7,ST010195,℃,2025-08-25 08:00:00,90%回收温度,延炼200万吨/年催化裂化装置
337.4,ST010195,℃,2025-08-25 08:00:00,95%回收温度,延炼200万吨/年催化裂化装置
200.9,ST010195,℃,2025-08-26 08:00:00,初馏点温度,延炼200万吨/年催化裂化装置
224.5,ST010195,℃,2025-08-26 08:00:00,10%回收温度,延炼200万吨/年催化裂化装置
258.0,ST010195,℃,2025-08-26 08:00:00,50%回收温度,延炼200万吨/年催化裂化装置
319.0,ST010195,℃,2025-08-26 08:00:00,90%回收温度,延炼200万吨/年催化裂化装置
337.2,ST010195,℃,2025-08-26 08:00:00,95%回收温度,延炼200万吨/年催化裂化装置
202.1,ST010195,℃,2025-08-27 08:00:00,初馏点温度,延炼200万吨/年催化裂化装置
226.2,ST010195,℃,2025-08-27 08:00:00,10%回收温度,延炼200万吨/年催化裂化装置
258.9,ST010195,℃,2025-08-27 08:00:00,50%回收温度,延炼200万吨/年催化裂化装置
321.3,ST010195,℃,2025-08-27 08:00:00,90%回收温度,延炼200万吨/年催化裂化装置
338.8,ST010195,℃,2025-08-27 08:00:00,95%回收温度,延炼200万吨/年催化裂化装置
80.5,ST010195,℃,2025-08-28 08:00:00,闪点(闭口),延炼200万吨/年催化裂化装置
<-20,ST010195,℃,2025-08-28 08:00:00,凝点,延炼200万吨/年催化裂化装置
1271,ST010195,mg/kg,2025-08-28 08:00:00,硫含量,延炼200万吨/年催化裂化装置
202.7,ST010195,℃,2025-08-28 08:00:00,初馏点温度,延炼200万吨/年催化裂化装置
227.8,ST010195,℃,2025-08-28 08:00:00,10%回收温度,延炼200万吨/年催化裂化装置
259.7,ST010195,℃,2025-08-28 08:00:00,50%回收温度,延炼200万吨/年催化裂化装置
322.0,ST010195,℃,2025-08-28 08:00:00,90%回收温度,延炼200万吨/年催化裂化装置
338.8,ST010195,℃,2025-08-28 08:00:00,95%回收温度,延炼200万吨/年催化裂化装置
201.6,ST010195,℃,2025-08-29 08:00:00,初馏点温度,延炼200万吨/年催化裂化装置
224.4,ST010195,℃,2025-08-29 08:00:00,10%回收温度,延炼200万吨/年催化裂化装置
257.7,ST010195,℃,2025-08-29 08:00:00,50%回收温度,延炼200万吨/年催化裂化装置
319.3,ST010195,℃,2025-08-29 08:00:00,90%回收温度,延炼200万吨/年催化裂化装置
338.1,ST010195,℃,2025-08-29 08:00:00,95%回收温度,延炼200万吨/年催化裂化装置
201.7,ST010195,℃,2025-08-30 08:00:00,初馏点温度,延炼200万吨/年催化裂化装置
224.7,ST010195,℃,2025-08-30 08:00:00,10%回收温度,延炼200万吨/年催化裂化装置
258.7,ST010195,℃,2025-08-30 08:00:00,50%回收温度,延炼200万吨/年催化裂化装置
322.6,ST010195,℃,2025-08-30 08:00:00,90%回收温度,延炼200万吨/年催化裂化装置
339.7,ST010195,℃,2025-08-30 08:00:00,95%回收温度,延炼200万吨/年催化裂化装置
202.5,ST010195,℃,2025-08-31 08:00:00,初馏点温度,延炼200万吨/年催化裂化装置
228.0,ST010195,℃,2025-08-31 08:00:00,10%回收温度,延炼200万吨/年催化裂化装置
259.5,ST010195,℃,2025-08-31 08:00:00,50%回收温度,延炼200万吨/年催化裂化装置
320.6,ST010195,℃,2025-08-31 08:00:00,90%回收温度,延炼200万吨/年催化裂化装置
338.1,ST010195,℃,2025-08-31 08:00:00,95%回收温度,延炼200万吨/年催化裂化装置
202.1,ST010195,℃,2025-09-01 08:00:00,初馏点温度,延炼200万吨/年催化裂化装置
225.9,ST010195,℃,2025-09-01 08:00:00,10%回收温度,延炼200万吨/年催化裂化装置
258.9,ST010195,℃,2025-09-01 08:00:00,50%回收温度,延炼200万吨/年催化裂化装置
321.1,ST010195,℃,2025-09-01 08:00:00,90%回收温度,延炼200万吨/年催化裂化装置
338.7,ST010195,℃,2025-09-01 08:00:00,95%回收温度,延炼200万吨/年催化裂化装置
202.3,ST010195,℃,2025-09-02 08:00:00,初馏点温度,延炼200万吨/年催化裂化装置
227.2,ST010195,℃,2025-09-02 08:00:00,10%回收温度,延炼200万吨/年催化裂化装置
259.3,ST010195,℃,2025-09-02 08:00:00,50%回收温度,延炼200万吨/年催化裂化装置
320.0,ST010195,℃,2025-09-02 08:00:00,90%回收温度,延炼200万吨/年催化裂化装置
338.0,ST010195,℃,2025-09-02 08:00:00,95%回收温度,延炼200万吨/年催化裂化装置
201.7,ST010195,℃,2025-09-03 08:00:00,初馏点温度,延炼200万吨/年催化裂化装置
225.7,ST010195,℃,2025-09-03 08:00:00,10%回收温度,延炼200万吨/年催化裂化装置
258.7,ST010195,℃,2025-09-03 08:00:00,50%回收温度,延炼200万吨/年催化裂化装置
320.8,ST010195,℃,2025-09-03 08:00:00,90%回收温度,延炼200万吨/年催化裂化装置
338.7,ST010195,℃,2025-09-03 08:00:00,95%回收温度,延炼200万吨/年催化裂化装置
1315,ST010195,mg/kg,2025-09-04 08:00:00,硫含量,延炼200万吨/年催化裂化装置
78.0,ST010195,℃,2025-09-04 08:00:00,闪点(闭口),延炼200万吨/年催化裂化装置
201.6,ST010195,℃,2025-09-04 08:00:00,初馏点温度,延炼200万吨/年催化裂化装置
225.0,ST010195,℃,2025-09-04 08:00:00,10%回收温度,延炼200万吨/年催化裂化装置
258.6,ST010195,℃,2025-09-04 08:00:00,50%回收温度,延炼200万吨/年催化裂化装置
321.1,ST010195,℃,2025-09-04 08:00:00,90%回收温度,延炼200万吨/年催化裂化装置
338.9,ST010195,℃,2025-09-04 08:00:00,95%回收温度,延炼200万吨/年催化裂化装置
<-20,ST010195,℃,2025-09-04 08:00:00,凝点,延炼200万吨/年催化裂化装置
201.6,ST010195,℃,2025-09-05 08:00:00,初馏点温度,延炼200万吨/年催化裂化装置
225.0,ST010195,℃,2025-09-05 08:00:00,10%回收温度,延炼200万吨/年催化裂化装置
258.3,ST010195,℃,2025-09-05 08:00:00,50%回收温度,延炼200万吨/年催化裂化装置
319.5,ST010195,℃,2025-09-05 08:00:00,90%回收温度,延炼200万吨/年催化裂化装置
337.8,ST010195,℃,2025-09-05 08:00:00,95%回收温度,延炼200万吨/年催化裂化装置
225.9,ST010195,℃,2025-09-06 08:00:00,10%回收温度,延炼200万吨/年催化裂化装置
259.2,ST010195,℃,2025-09-06 08:00:00,50%回收温度,延炼200万吨/年催化裂化装置
321.3,ST010195,℃,2025-09-06 08:00:00,90%回收温度,延炼200万吨/年催化裂化装置
338.6,ST010195,℃,2025-09-06 08:00:00,95%回收温度,延炼200万吨/年催化裂化装置
202.2,ST010195,℃,2025-09-06 08:00:00,初馏点温度,延炼200万吨/年催化裂化装置
201.5,ST010195,℃,2025-09-07 08:00:00,初馏点温度,延炼200万吨/年催化裂化装置
224.6,ST010195,℃,2025-09-07 08:00:00,10%回收温度,延炼200万吨/年催化裂化装置
258.0,ST010195,℃,2025-09-07 08:00:00,50%回收温度,延炼200万吨/年催化裂化装置
318.8,ST010195,℃,2025-09-07 08:00:00,90%回收温度,延炼200万吨/年催化裂化装置
336.9,ST010195,℃,2025-09-07 08:00:00,95%回收温度,延炼200万吨/年催化裂化装置
202.0,ST010195,℃,2025-09-08 08:00:00,初馏点温度,延炼200万吨/年催化裂化装置
226.4,ST010195,℃,2025-09-08 08:00:00,10%回收温度,延炼200万吨/年催化裂化装置
259.0,ST010195,℃,2025-09-08 08:00:00,50%回收温度,延炼200万吨/年催化裂化装置
319.9,ST010195,℃,2025-09-08 08:00:00,90%回收温度,延炼200万吨/年催化裂化装置
337.7,ST010195,℃,2025-09-08 08:00:00,95%回收温度,延炼200万吨/年催化裂化装置
202.2,ST010195,℃,2025-09-09 08:00:00,初馏点温度,延炼200万吨/年催化裂化装置
226.0,ST010195,℃,2025-09-09 08:00:00,10%回收温度,延炼200万吨/年催化裂化装置
259.7,ST010195,℃,2025-09-09 08:00:00,50%回收温度,延炼200万吨/年催化裂化装置
323.5,ST010195,℃,2025-09-09 08:00:00,90%回收温度,延炼200万吨/年催化裂化装置
339.9,ST010195,℃,2025-09-09 08:00:00,95%回收温度,延炼200万吨/年催化裂化装置
201.9,ST010195,℃,2025-09-10 08:00:00,初馏点温度,延炼200万吨/年催化裂化装置
225.9,ST010195,℃,2025-09-10 08:00:00,10%回收温度,延炼200万吨/年催化裂化装置
258.8,ST010195,℃,2025-09-10 08:00:00,50%回收温度,延炼200万吨/年催化裂化装置
320.6,ST010195,℃,2025-09-10 08:00:00,90%回收温度,延炼200万吨/年催化裂化装置
338.4,ST010195,℃,2025-09-10 08:00:00,95%回收温度,延炼200万吨/年催化裂化装置
202.6,ST010195,℃,2025-09-11 08:00:00,初馏点温度,延炼200万吨/年催化裂化装置
228.1,ST010195,℃,2025-09-11 08:00:00,10%回收温度,延炼200万吨/年催化裂化装置
259.5,ST010195,℃,2025-09-11 08:00:00,50%回收温度,延炼200万吨/年催化裂化装置
321.1,ST010195,℃,2025-09-11 08:00:00,90%回收温度,延炼200万吨/年催化裂化装置
338.6,ST010195,℃,2025-09-11 08:00:00,95%回收温度,延炼200万吨/年催化裂化装置
80.5,ST010195,℃,2025-09-11 08:00:00,闪点(闭口),延炼200万吨/年催化裂化装置
<-20,ST010195,℃,2025-09-11 08:00:00,凝点,延炼200万吨/年催化裂化装置
1339,ST010195,mg/kg,2025-09-11 08:00:00,硫含量,延炼200万吨/年催化裂化装置
202.3,ST010195,℃,2025-09-12 08:00:00,初馏点温度,延炼200万吨/年催化裂化装置
227.1,ST010195,℃,2025-09-12 08:00:00,10%回收温度,延炼200万吨/年催化裂化装置
259.4,ST010195,℃,2025-09-12 08:00:00,50%回收温度,延炼200万吨/年催化裂化装置
321.2,ST010195,℃,2025-09-12 08:00:00,90%回收温度,延炼200万吨/年催化裂化装置
338.6,ST010195,℃,2025-09-12 08:00:00,95%回收温度,延炼200万吨/年催化裂化装置
201.7,ST010195,℃,2025-09-13 08:00:00,初馏点温度,延炼200万吨/年催化裂化装置
225.7,ST010195,℃,2025-09-13 08:00:00,10%回收温度,延炼200万吨/年催化裂化装置
258.8,ST010195,℃,2025-09-13 08:00:00,50%回收温度,延炼200万吨/年催化裂化装置
320.7,ST010195,℃,2025-09-13 08:00:00,90%回收温度,延炼200万吨/年催化裂化装置
338.6,ST010195,℃,2025-09-13 08:00:00,95%回收温度,延炼200万吨/年催化裂化装置
201.8,ST010195,℃,2025-09-14 08:00:00,初馏点温度,延炼200万吨/年催化裂化装置
226.3,ST010195,℃,2025-09-14 08:00:00,10%回收温度,延炼200万吨/年催化裂化装置
259.0,ST010195,℃,2025-09-14 08:00:00,50%回收温度,延炼200万吨/年催化裂化装置
320.3,ST010195,℃,2025-09-14 08:00:00,90%回收温度,延炼200万吨/年催化裂化装置
338.1,ST010195,℃,2025-09-14 08:00:00,95%回收温度,延炼200万吨/年催化裂化装置
202.5,ST010195,℃,2025-09-15 08:00:00,初馏点温度,延炼200万吨/年催化裂化装置
227.7,ST010195,℃,2025-09-15 08:00:00,10%回收温度,延炼200万吨/年催化裂化装置
259.7,ST010195,℃,2025-09-15 08:00:00,50%回收温度,延炼200万吨/年催化裂化装置
321.7,ST010195,℃,2025-09-15 08:00:00,90%回收温度,延炼200万吨/年催化裂化装置
338.6,ST010195,℃,2025-09-15 08:00:00,95%回收温度,延炼200万吨/年催化裂化装置
202.5,ST010195,℃,2025-09-16 08:00:00,初馏点温度,延炼200万吨/年催化裂化装置
227.6,ST010195,℃,2025-09-16 08:00:00,10%回收温度,延炼200万吨/年催化裂化装置
260.8,ST010195,℃,2025-09-16 08:00:00,50%回收温度,延炼200万吨/年催化裂化装置
325.9,ST010195,℃,2025-09-16 08:00:00,90%回收温度,延炼200万吨/年催化裂化装置
341.7,ST010195,℃,2025-09-16 08:00:00,95%回收温度,延炼200万吨/年催化裂化装置
203.0,ST010195,℃,2025-09-17 08:00:00,初馏点温度,延炼200万吨/年催化裂化装置
228.4,ST010195,℃,2025-09-17 08:00:00,10%回收温度,延炼200万吨/年催化裂化装置
261.9,ST010195,℃,2025-09-17 08:00:00,50%回收温度,延炼200万吨/年催化裂化装置
326.7,ST010195,℃,2025-09-17 08:00:00,90%回收温度,延炼200万吨/年催化裂化装置
342.6,ST010195,℃,2025-09-17 08:00:00,95%回收温度,延炼200万吨/年催化裂化装置
79.5,ST010195,℃,2025-09-18 08:00:00,闪点(闭口),延炼200万吨/年催化裂化装置
<-20,ST010195,℃,2025-09-18 08:00:00,凝点,延炼200万吨/年催化裂化装置
202.5,ST010195,℃,2025-09-18 08:00:00,初馏点温度,延炼200万吨/年催化裂化装置
227.7,ST010195,℃,2025-09-18 08:00:00,10%回收温度,延炼200万吨/年催化裂化装置
260.3,ST010195,℃,2025-09-18 08:00:00,50%回收温度,延炼200万吨/年催化裂化装置
323.6,ST010195,℃,2025-09-18 08:00:00,90%回收温度,延炼200万吨/年催化裂化装置
339.5,ST010195,℃,2025-09-18 08:00:00,95%回收温度,延炼200万吨/年催化裂化装置
1380,ST010195,mg/kg,2025-09-18 08:00:00,硫含量,延炼200万吨/年催化裂化装置
202.7,ST010195,℃,2025-09-19 08:00:00,初馏点温度,延炼200万吨/年催化裂化装置
228.0,ST010195,℃,2025-09-19 08:00:00,10%回收温度,延炼200万吨/年催化裂化装置
260.2,ST010195,℃,2025-09-19 08:00:00,50%回收温度,延炼200万吨/年催化裂化装置
323.0,ST010195,℃,2025-09-19 08:00:00,90%回收温度,延炼200万吨/年催化裂化装置
339.3,ST010195,℃,2025-09-19 08:00:00,95%回收温度,延炼200万吨/年催化裂化装置
201.6,ST010195,℃,2025-09-20 08:00:00,初馏点温度,延炼200万吨/年催化裂化装置
225.8,ST010195,℃,2025-09-20 08:00:00,10%回收温度,延炼200万吨/年催化裂化装置
259.6,ST010195,℃,2025-09-20 08:00:00,50%回收温度,延炼200万吨/年催化裂化装置
322.4,ST010195,℃,2025-09-20 08:00:00,90%回收温度,延炼200万吨/年催化裂化装置
339.1,ST010195,℃,2025-09-20 08:00:00,95%回收温度,延炼200万吨/年催化裂化装置
201.3,ST010195,℃,2025-09-21 08:00:00,初馏点温度,延炼200万吨/年催化裂化装置
225.3,ST010195,℃,2025-09-21 08:00:00,10%回收温度,延炼200万吨/年催化裂化装置
259.1,ST010195,℃,2025-09-21 08:00:00,50%回收温度,延炼200万吨/年催化裂化装置
321.8,ST010195,℃,2025-09-21 08:00:00,90%回收温度,延炼200万吨/年催化裂化装置
338.9,ST010195,℃,2025-09-21 08:00:00,95%回收温度,延炼200万吨/年催化裂化装置
202.7,ST010195,℃,2025-09-22 08:00:00,初馏点温度,延炼200万吨/年催化裂化装置
228.1,ST010195,℃,2025-09-22 08:00:00,10%回收温度,延炼200万吨/年催化裂化装置
260.2,ST010195,℃,2025-09-22 08:00:00,50%回收温度,延炼200万吨/年催化裂化装置
323.2,ST010195,℃,2025-09-22 08:00:00,90%回收温度,延炼200万吨/年催化裂化装置
339.6,ST010195,℃,2025-09-22 08:00:00,95%回收温度,延炼200万吨/年催化裂化装置
338.2,ST010195,℃,2025-09-23 08:00:00,95%回收温度,延炼200万吨/年催化裂化装置
201.1,ST010195,℃,2025-09-23 08:00:00,初馏点温度,延炼200万吨/年催化裂化装置
224.8,ST010195,℃,2025-09-23 08:00:00,10%回收温度,延炼200万吨/年催化裂化装置
258.2,ST010195,℃,2025-09-23 08:00:00,50%回收温度,延炼200万吨/年催化裂化装置
320.1,ST010195,℃,2025-09-23 08:00:00,90%回收温度,延炼200万吨/年催化裂化装置
201.6,ST010195,℃,2025-09-24 08:00:00,初馏点温度,延炼200万吨/年催化裂化装置
225.1,ST010195,℃,2025-09-24 08:00:00,10%回收温度,延炼200万吨/年催化裂化装置
258.9,ST010195,℃,2025-09-24 08:00:00,50%回收温度,延炼200万吨/年催化裂化装置
321.6,ST010195,℃,2025-09-24 08:00:00,90%回收温度,延炼200万吨/年催化裂化装置
338.9,ST010195,℃,2025-09-24 08:00:00,95%回收温度,延炼200万吨/年催化裂化装置
79.5,ST010195,℃,2025-09-25 08:00:00,闪点(闭口),延炼200万吨/年催化裂化装置
<-20,ST010195,℃,2025-09-25 08:00:00,凝点,延炼200万吨/年催化裂化装置
1278,ST010195,mg/kg,2025-09-25 08:00:00,硫含量,延炼200万吨/年催化裂化装置
202.6,ST010195,℃,2025-09-25 08:00:00,初馏点温度,延炼200万吨/年催化裂化装置
228.0,ST010195,℃,2025-09-25 08:00:00,10%回收温度,延炼200万吨/年催化裂化装置
259.9,ST010195,℃,2025-09-25 08:00:00,50%回收温度,延炼200万吨/年催化裂化装置
321.5,ST010195,℃,2025-09-25 08:00:00,90%回收温度,延炼200万吨/年催化裂化装置
338.6,ST010195,℃,2025-09-25 08:00:00,95%回收温度,延炼200万吨/年催化裂化装置
201.6,ST010195,℃,2025-09-26 08:00:00,初馏点温度,延炼200万吨/年催化裂化装置
225.9,ST010195,℃,2025-09-26 08:00:00,10%回收温度,延炼200万吨/年催化裂化装置
258.8,ST010195,℃,2025-09-26 08:00:00,50%回收温度,延炼200万吨/年催化裂化装置
319.9,ST010195,℃,2025-09-26 08:00:00,90%回收温度,延炼200万吨/年催化裂化装置
337.8,ST010195,℃,2025-09-26 08:00:00,95%回收温度,延炼200万吨/年催化裂化装置
202.7,ST010195,℃,2025-09-27 08:00:00,初馏点温度,延炼200万吨/年催化裂化装置
228.4,ST010195,℃,2025-09-27 08:00:00,10%回收温度,延炼200万吨/年催化裂化装置
260.0,ST010195,℃,2025-09-27 08:00:00,50%回收温度,延炼200万吨/年催化裂化装置
321.5,ST010195,℃,2025-09-27 08:00:00,90%回收温度,延炼200万吨/年催化裂化装置
338.5,ST010195,℃,2025-09-27 08:00:00,95%回收温度,延炼200万吨/年催化裂化装置
202.5,ST010195,℃,2025-09-28 08:00:00,初馏点温度,延炼200万吨/年催化裂化装置
227.7,ST010195,℃,2025-09-28 08:00:00,10%回收温度,延炼200万吨/年催化裂化装置
259.8,ST010195,℃,2025-09-28 08:00:00,50%回收温度,延炼200万吨/年催化裂化装置
321.5,ST010195,℃,2025-09-28 08:00:00,90%回收温度,延炼200万吨/年催化裂化装置
338.6,ST010195,℃,2025-09-28 08:00:00,95%回收温度,延炼200万吨/年催化裂化装置
202.1,ST010195,℃,2025-09-29 08:00:00,初馏点温度,延炼200万吨/年催化裂化装置
226.6,ST010195,℃,2025-09-29 08:00:00,10%回收温度,延炼200万吨/年催化裂化装置
259.2,ST010195,℃,2025-09-29 08:00:00,50%回收温度,延炼200万吨/年催化裂化装置
321.2,ST010195,℃,2025-09-29 08:00:00,90%回收温度,延炼200万吨/年催化裂化装置
338.6,ST010195,℃,2025-09-29 08:00:00,95%回收温度,延炼200万吨/年催化裂化装置
199.8,ST010195,℃,2025-09-30 08:00:00,初馏点温度,延炼200万吨/年催化裂化装置
223.1,ST010195,℃,2025-09-30 08:00:00,10%回收温度,延炼200万吨/年催化裂化装置
256.6,ST010195,℃,2025-09-30 08:00:00,50%回收温度,延炼200万吨/年催化裂化装置
318.1,ST010195,℃,2025-09-30 08:00:00,90%回收温度,延炼200万吨/年催化裂化装置
337.1,ST010195,℃,2025-09-30 08:00:00,95%回收温度,延炼200万吨/年催化裂化装置
200.1,ST010195,℃,2025-10-01 08:00:00,初馏点温度,延炼200万吨/年催化裂化装置
223.8,ST010195,℃,2025-10-01 08:00:00,10%回收温度,延炼200万吨/年催化裂化装置
257.7,ST010195,℃,2025-10-01 08:00:00,50%回收温度,延炼200万吨/年催化裂化装置
319.0,ST010195,℃,2025-10-01 08:00:00,90%回收温度,延炼200万吨/年催化裂化装置
337.6,ST010195,℃,2025-10-01 08:00:00,95%回收温度,延炼200万吨/年催化裂化装置
1135,ST010195,mg/kg,2025-10-02 08:00:00,硫含量,延炼200万吨/年催化裂化装置
200.9,ST010195,℃,2025-10-02 08:00:00,初馏点温度,延炼200万吨/年催化裂化装置
224.5,ST010195,℃,2025-10-02 08:00:00,10%回收温度,延炼200万吨/年催化裂化装置
257.8,ST010195,℃,2025-10-02 08:00:00,50%回收温度,延炼200万吨/年催化裂化装置
318.3,ST010195,℃,2025-10-02 08:00:00,90%回收温度,延炼200万吨/年催化裂化装置
336.7,ST010195,℃,2025-10-02 08:00:00,95%回收温度,延炼200万吨/年催化裂化装置
76.5,ST010195,℃,2025-10-02 08:00:00,闪点(闭口),延炼200万吨/年催化裂化装置
<-20,ST010195,℃,2025-10-02 08:00:00,凝点,延炼200万吨/年催化裂化装置
200.3,ST010195,℃,2025-10-03 08:00:00,初馏点温度,延炼200万吨/年催化裂化装置
223.6,ST010195,℃,2025-10-03 08:00:00,10%回收温度,延炼200万吨/年催化裂化装置
256.4,ST010195,℃,2025-10-03 08:00:00,50%回收温度,延炼200万吨/年催化裂化装置
316.1,ST010195,℃,2025-10-03 08:00:00,90%回收温度,延炼200万吨/年催化裂化装置
333.8,ST010195,℃,2025-10-03 08:00:00,95%回收温度,延炼200万吨/年催化裂化装置
201.5,ST010195,℃,2025-10-04 08:00:00,初馏点温度,延炼200万吨/年催化裂化装置
225.0,ST010195,℃,2025-10-04 08:00:00,10%回收温度,延炼200万吨/年催化裂化装置
258.7,ST010195,℃,2025-10-04 08:00:00,50%回收温度,延炼200万吨/年催化裂化装置
320.2,ST010195,℃,2025-10-04 08:00:00,90%回收温度,延炼200万吨/年催化裂化装置
338.2,ST010195,℃,2025-10-04 08:00:00,95%回收温度,延炼200万吨/年催化裂化装置
202.9,ST010195,℃,2025-10-05 08:00:00,初馏点温度,延炼200万吨/年催化裂化装置
228.5,ST010195,℃,2025-10-05 08:00:00,10%回收温度,延炼200万吨/年催化裂化装置
260.3,ST010195,℃,2025-10-05 08:00:00,50%回收温度,延炼200万吨/年催化裂化装置
322.7,ST010195,℃,2025-10-05 08:00:00,90%回收温度,延炼200万吨/年催化裂化装置
339.3,ST010195,℃,2025-10-05 08:00:00,95%回收温度,延炼200万吨/年催化裂化装置
202.0,ST010195,℃,2025-10-06 08:00:00,初馏点温度,延炼200万吨/年催化裂化装置
226.5,ST010195,℃,2025-10-06 08:00:00,10%回收温度,延炼200万吨/年催化裂化装置
259.5,ST010195,℃,2025-10-06 08:00:00,50%回收温度,延炼200万吨/年催化裂化装置
321.9,ST010195,℃,2025-10-06 08:00:00,90%回收温度,延炼200万吨/年催化裂化装置
339.1,ST010195,℃,2025-10-06 08:00:00,95%回收温度,延炼200万吨/年催化裂化装置
201.5,ST010195,℃,2025-10-07 08:00:00,初馏点温度,延炼200万吨/年催化裂化装置
224.9,ST010195,℃,2025-10-07 08:00:00,10%回收温度,延炼200万吨/年催化裂化装置
258.3,ST010195,℃,2025-10-07 08:00:00,50%回收温度,延炼200万吨/年催化裂化装置
319.1,ST010195,℃,2025-10-07 08:00:00,90%回收温度,延炼200万吨/年催化裂化装置
337.8,ST010195,℃,2025-10-07 08:00:00,95%回收温度,延炼200万吨/年催化裂化装置
200.2,ST010195,℃,2025-10-08 08:00:00,初馏点温度,延炼200万吨/年催化裂化装置
223.3,ST010195,℃,2025-10-08 08:00:00,10%回收温度,延炼200万吨/年催化裂化装置
256.3,ST010195,℃,2025-10-08 08:00:00,50%回收温度,延炼200万吨/年催化裂化装置
316.3,ST010195,℃,2025-10-08 08:00:00,90%回收温度,延炼200万吨/年催化裂化装置
334.2,ST010195,℃,2025-10-08 08:00:00,95%回收温度,延炼200万吨/年催化裂化装置
1207,ST010195,mg/kg,2025-10-09 08:00:00,硫含量,延炼200万吨/年催化裂化装置
75.5,ST010195,℃,2025-10-09 08:00:00,闪点(闭口),延炼200万吨/年催化裂化装置
<-20,ST010195,℃,2025-10-09 08:00:00,凝点,延炼200万吨/年催化裂化装置
201.3,ST010195,℃,2025-10-09 08:00:00,初馏点温度,延炼200万吨/年催化裂化装置
224.7,ST010195,℃,2025-10-09 08:00:00,10%回收温度,延炼200万吨/年催化裂化装置
258.3,ST010195,℃,2025-10-09 08:00:00,50%回收温度,延炼200万吨/年催化裂化装置
320.4,ST010195,℃,2025-10-09 08:00:00,90%回收温度,延炼200万吨/年催化裂化装置
338.7,ST010195,℃,2025-10-09 08:00:00,95%回收温度,延炼200万吨/年催化裂化装置
200.7,ST010195,℃,2025-10-10 08:00:00,初馏点温度,延炼200万吨/年催化裂化装置
224.6,ST010195,℃,2025-10-10 08:00:00,10%回收温度,延炼200万吨/年催化裂化装置
258.4,ST010195,℃,2025-10-10 08:00:00,50%回收温度,延炼200万吨/年催化裂化装置
319.9,ST010195,℃,2025-10-10 08:00:00,90%回收温度,延炼200万吨/年催化裂化装置
338.1,ST010195,℃,2025-10-10 08:00:00,95%回收温度,延炼200万吨/年催化裂化装置
201.6,ST010195,℃,2025-10-11 08:00:00,初馏点温度,延炼200万吨/年催化裂化装置
225.0,ST010195,℃,2025-10-11 08:00:00,10%回收温度,延炼200万吨/年催化裂化装置
258.2,ST010195,℃,2025-10-11 08:00:00,50%回收温度,延炼200万吨/年催化裂化装置
319.6,ST010195,℃,2025-10-11 08:00:00,90%回收温度,延炼200万吨/年催化裂化装置
338.3,ST010195,℃,2025-10-11 08:00:00,95%回收温度,延炼200万吨/年催化裂化装置
201.7,ST010195,℃,2025-10-12 08:00:00,初馏点温度,延炼200万吨/年催化裂化装置
225.7,ST010195,℃,2025-10-12 08:00:00,10%回收温度,延炼200万吨/年催化裂化装置
259.0,ST010195,℃,2025-10-12 08:00:00,50%回收温度,延炼200万吨/年催化裂化装置
320.7,ST010195,℃,2025-10-12 08:00:00,90%回收温度,延炼200万吨/年催化裂化装置
338.7,ST010195,℃,2025-10-12 08:00:00,95%回收温度,延炼200万吨/年催化裂化装置
201.8,ST010195,℃,2025-10-13 08:00:00,初馏点温度,延炼200万吨/年催化裂化装置
225.4,ST010195,℃,2025-10-13 08:00:00,10%回收温度,延炼200万吨/年催化裂化装置
259.1,ST010195,℃,2025-10-13 08:00:00,50%回收温度,延炼200万吨/年催化裂化装置
321.7,ST010195,℃,2025-10-13 08:00:00,90%回收温度,延炼200万吨/年催化裂化装置
339.2,ST010195,℃,2025-10-13 08:00:00,95%回收温度,延炼200万吨/年催化裂化装置
202.4,ST010195,℃,2025-10-14 08:00:00,初馏点温度,延炼200万吨/年催化裂化装置
227.5,ST010195,℃,2025-10-14 08:00:00,10%回收温度,延炼200万吨/年催化裂化装置
260.3,ST010195,℃,2025-10-14 08:00:00,50%回收温度,延炼200万吨/年催化裂化装置
323.6,ST010195,℃,2025-10-14 08:00:00,90%回收温度,延炼200万吨/年催化裂化装置
340.1,ST010195,℃,2025-10-14 08:00:00,95%回收温度,延炼200万吨/年催化裂化装置
202.5,ST010195,℃,2025-10-15 08:00:00,初馏点温度,延炼200万吨/年催化裂化装置
227.5,ST010195,℃,2025-10-15 08:00:00,10%回收温度,延炼200万吨/年催化裂化装置
260.3,ST010195,℃,2025-10-15 08:00:00,50%回收温度,延炼200万吨/年催化裂化装置
323.6,ST010195,℃,2025-10-15 08:00:00,90%回收温度,延炼200万吨/年催化裂化装置
340.0,ST010195,℃,2025-10-15 08:00:00,95%回收温度,延炼200万吨/年催化裂化装置
226.7,ST010195,℃,2025-10-16 08:00:00,10%回收温度,延炼200万吨/年催化裂化装置
260.1,ST010195,℃,2025-10-16 08:00:00,50%回收温度,延炼200万吨/年催化裂化装置
323.1,ST010195,℃,2025-10-16 08:00:00,90%回收温度,延炼200万吨/年催化裂化装置
339.3,ST010195,℃,2025-10-16 08:00:00,95%回收温度,延炼200万吨/年催化裂化装置
76.5,ST010195,℃,2025-10-16 08:00:00,闪点(闭口),延炼200万吨/年催化裂化装置
<-20,ST010195,℃,2025-10-16 08:00:00,凝点,延炼200万吨/年催化裂化装置
1382,ST010195,mg/kg,2025-10-16 08:00:00,硫含量,延炼200万吨/年催化裂化装置
201.1,ST010195,℃,2025-10-16 08:00:00,初馏点温度,延炼200万吨/年催化裂化装置
203.0,ST010195,℃,2025-10-17 08:00:00,初馏点温度,延炼200万吨/年催化裂化装置
224.7,ST010195,℃,2025-10-17 08:00:00,10%回收温度,延炼200万吨/年催化裂化装置
257.9,ST010195,℃,2025-10-17 08:00:00,50%回收温度,延炼200万吨/年催化裂化装置
318.6,ST010195,℃,2025-10-17 08:00:00,90%回收温度,延炼200万吨/年催化裂化装置
332.7,ST010195,℃,2025-10-17 08:00:00,95%回收温度,延炼200万吨/年催化裂化装置
201.4,ST010195,℃,2025-10-18 08:00:00,初馏点温度,延炼200万吨/年催化裂化装置
226.6,ST010195,℃,2025-10-18 08:00:00,10%回收温度,延炼200万吨/年催化裂化装置
260.4,ST010195,℃,2025-10-18 08:00:00,50%回收温度,延炼200万吨/年催化裂化装置
323.3,ST010195,℃,2025-10-18 08:00:00,90%回收温度,延炼200万吨/年催化裂化装置
339.3,ST010195,℃,2025-10-18 08:00:00,95%回收温度,延炼200万吨/年催化裂化装置
341.0,ST010195,℃,2025-10-18 12:00:00,95%回收温度,延炼200万吨/年催化裂化装置
324.0,ST010195,℃,2025-10-18 12:00:00,90%回收温度,延炼200万吨/年催化裂化装置
254.5,ST010195,℃,2025-10-18 12:00:00,50%回收温度,延炼200万吨/年催化裂化装置
215.5,ST010195,℃,2025-10-18 12:00:00,10%回收温度,延炼200万吨/年催化裂化装置
191.0,ST010195,℃,2025-10-18 12:00:00,初馏点温度,延炼200万吨/年催化裂化装置
76.0,ST010195,℃,2025-10-18 12:00:00,闪点(闭口),延炼200万吨/年催化裂化装置
77.0,ST010195,℃,2025-10-18 14:00:00,闪点(闭口),延炼200万吨/年催化裂化装置
253.0,ST010195,℃,2025-10-18 14:00:00,50%回收温度,延炼200万吨/年催化裂化装置
337.0,ST010195,℃,2025-10-18 14:00:00,95%回收温度,延炼200万吨/年催化裂化装置
322.0,ST010195,℃,2025-10-18 14:00:00,90%回收温度,延炼200万吨/年催化裂化装置
214.5,ST010195,℃,2025-10-18 14:00:00,10%回收温度,延炼200万吨/年催化裂化装置
189.0,ST010195,℃,2025-10-18 14:00:00,初馏点温度,延炼200万吨/年催化裂化装置
199.9,ST010195,℃,2025-10-19 08:00:00,初馏点温度,延炼200万吨/年催化裂化装置
225.2,ST010195,℃,2025-10-19 08:00:00,10%回收温度,延炼200万吨/年催化裂化装置
259.5,ST010195,℃,2025-10-19 08:00:00,50%回收温度,延炼200万吨/年催化裂化装置
325.5,ST010195,℃,2025-10-19 08:00:00,90%回收温度,延炼200万吨/年催化裂化装置
342.0,ST010195,℃,2025-10-19 08:00:00,95%回收温度,延炼200万吨/年催化裂化装置
199.6,ST010195,℃,2025-10-20 08:00:00,初馏点温度,延炼200万吨/年催化裂化装置
224.9,ST010195,℃,2025-10-20 08:00:00,10%回收温度,延炼200万吨/年催化裂化装置
259.5,ST010195,℃,2025-10-20 08:00:00,50%回收温度,延炼200万吨/年催化裂化装置
324.4,ST010195,℃,2025-10-20 08:00:00,90%回收温度,延炼200万吨/年催化裂化装置
340.8,ST010195,℃,2025-10-20 08:00:00,95%回收温度,延炼200万吨/年催化裂化装置
198.9,ST010195,℃,2025-10-21 08:00:00,初馏点温度,延炼200万吨/年催化裂化装置
223.4,ST010195,℃,2025-10-21 08:00:00,10%回收温度,延炼200万吨/年催化裂化装置
258.7,ST010195,℃,2025-10-21 08:00:00,50%回收温度,延炼200万吨/年催化裂化装置
323.0,ST010195,℃,2025-10-21 08:00:00,90%回收温度,延炼200万吨/年催化裂化装置
339.6,ST010195,℃,2025-10-21 08:00:00,95%回收温度,延炼200万吨/年催化裂化装置
198.3,ST010195,℃,2025-10-22 08:00:00,初馏点温度,延炼200万吨/年催化裂化装置
223.3,ST010195,℃,2025-10-22 08:00:00,10%回收温度,延炼200万吨/年催化裂化装置
258.6,ST010195,℃,2025-10-22 08:00:00,50%回收温度,延炼200万吨/年催化裂化装置
322.9,ST010195,℃,2025-10-22 08:00:00,90%回收温度,延炼200万吨/年催化裂化装置
339.9,ST010195,℃,2025-10-22 08:00:00,95%回收温度,延炼200万吨/年催化裂化装置
202.8,ST010195,℃,2025-10-23 08:00:00,初馏点温度,延炼200万吨/年催化裂化装置
228.8,ST010195,℃,2025-10-23 08:00:00,10%回收温度,延炼200万吨/年催化裂化装置
262.6,ST010195,℃,2025-10-23 08:00:00,50%回收温度,延炼200万吨/年催化裂化装置
326.9,ST010195,℃,2025-10-23 08:00:00,90%回收温度,延炼200万吨/年催化裂化装置
342.0,ST010195,℃,2025-10-23 08:00:00,95%回收温度,延炼200万吨/年催化裂化装置
80.5,ST010195,℃,2025-10-23 08:00:00,闪点(闭口),延炼200万吨/年催化裂化装置
<-20,ST010195,℃,2025-10-23 08:00:00,凝点,延炼200万吨/年催化裂化装置
1399,ST010195,mg/kg,2025-10-23 08:00:00,硫含量,延炼200万吨/年催化裂化装置
204.6,ST010195,℃,2025-10-24 08:00:00,初馏点温度,延炼200万吨/年催化裂化装置
231.3,ST010195,℃,2025-10-24 08:00:00,10%回收温度,延炼200万吨/年催化裂化装置
264.0,ST010195,℃,2025-10-24 08:00:00,50%回收温度,延炼200万吨/年催化裂化装置
327.0,ST010195,℃,2025-10-24 08:00:00,90%回收温度,延炼200万吨/年催化裂化装置
341.6,ST010195,℃,2025-10-24 08:00:00,95%回收温度,延炼200万吨/年催化裂化装置
226.8,ST010195,℃,2025-10-25 08:00:00,10%回收温度,延炼200万吨/年催化裂化装置
261.0,ST010195,℃,2025-10-25 08:00:00,50%回收温度,延炼200万吨/年催化裂化装置
323.8,ST010195,℃,2025-10-25 08:00:00,90%回收温度,延炼200万吨/年催化裂化装置
339.0,ST010195,℃,2025-10-25 08:00:00,95%回收温度,延炼200万吨/年催化裂化装置
200.5,ST010195,℃,2025-10-25 08:00:00,初馏点温度,延炼200万吨/年催化裂化装置
202.8,ST010195,℃,2025-10-26 08:00:00,初馏点温度,延炼200万吨/年催化裂化装置
229.3,ST010195,℃,2025-10-26 08:00:00,10%回收温度,延炼200万吨/年催化裂化装置
262.5,ST010195,℃,2025-10-26 08:00:00,50%回收温度,延炼200万吨/年催化裂化装置
324.5,ST010195,℃,2025-10-26 08:00:00,90%回收温度,延炼200万吨/年催化裂化装置
338.9,ST010195,℃,2025-10-26 08:00:00,95%回收温度,延炼200万吨/年催化裂化装置
202.4,ST010195,℃,2025-10-27 08:00:00,初馏点温度,延炼200万吨/年催化裂化装置
228.7,ST010195,℃,2025-10-27 08:00:00,10%回收温度,延炼200万吨/年催化裂化装置
261.5,ST010195,℃,2025-10-27 08:00:00,50%回收温度,延炼200万吨/年催化裂化装置
323.2,ST010195,℃,2025-10-27 08:00:00,90%回收温度,延炼200万吨/年催化裂化装置
338.4,ST010195,℃,2025-10-27 08:00:00,95%回收温度,延炼200万吨/年催化裂化装置
202.1,ST010195,℃,2025-10-28 08:00:00,初馏点温度,延炼200万吨/年催化裂化装置
228.2,ST010195,℃,2025-10-28 08:00:00,10%回收温度,延炼200万吨/年催化裂化装置
261.8,ST010195,℃,2025-10-28 08:00:00,50%回收温度,延炼200万吨/年催化裂化装置
324.3,ST010195,℃,2025-10-28 08:00:00,90%回收温度,延炼200万吨/年催化裂化装置
339.2,ST010195,℃,2025-10-28 08:00:00,95%回收温度,延炼200万吨/年催化裂化装置
202.0,ST010195,℃,2025-10-29 08:00:00,初馏点温度,延炼200万吨/年催化裂化装置
227.6,ST010195,℃,2025-10-29 08:00:00,10%回收温度,延炼200万吨/年催化裂化装置
261.6,ST010195,℃,2025-10-29 08:00:00,50%回收温度,延炼200万吨/年催化裂化装置
325.3,ST010195,℃,2025-10-29 08:00:00,90%回收温度,延炼200万吨/年催化裂化装置
340.2,ST010195,℃,2025-10-29 08:00:00,95%回收温度,延炼200万吨/年催化裂化装置
78.5,ST010195,℃,2025-10-30 08:00:00,闪点(闭口),延炼200万吨/年催化裂化装置
<-20,ST010195,℃,2025-10-30 08:00:00,凝点,延炼200万吨/年催化裂化装置
1357,ST010195,mg/kg,2025-10-30 08:00:00,硫含量,延炼200万吨/年催化裂化装置
202.6,ST010195,℃,2025-10-30 08:00:00,初馏点温度,延炼200万吨/年催化裂化装置
229.0,ST010195,℃,2025-10-30 08:00:00,10%回收温度,延炼200万吨/年催化裂化装置
262.2,ST010195,℃,2025-10-30 08:00:00,50%回收温度,延炼200万吨/年催化裂化装置
324.5,ST010195,℃,2025-10-30 08:00:00,90%回收温度,延炼200万吨/年催化裂化装置
339.3,ST010195,℃,2025-10-30 08:00:00,95%回收温度,延炼200万吨/年催化裂化装置
200.5,ST010195,℃,2025-10-31 08:00:00,初馏点温度,延炼200万吨/年催化裂化装置
226.1,ST010195,℃,2025-10-31 08:00:00,10%回收温度,延炼200万吨/年催化裂化装置
260.9,ST010195,℃,2025-10-31 08:00:00,50%回收温度,延炼200万吨/年催化裂化装置
324.5,ST010195,℃,2025-10-31 08:00:00,90%回收温度,延炼200万吨/年催化裂化装置
339.6,ST010195,℃,2025-10-31 08:00:00,95%回收温度,延炼200万吨/年催化裂化装置
200.1,ST010195,℃,2025-11-01 08:00:00,初馏点温度,延炼200万吨/年催化裂化装置
225.8,ST010195,℃,2025-11-01 08:00:00,10%回收温度,延炼200万吨/年催化裂化装置
260.0,ST010195,℃,2025-11-01 08:00:00,50%回收温度,延炼200万吨/年催化裂化装置
321.1,ST010195,℃,2025-11-01 08:00:00,90%回收温度,延炼200万吨/年催化裂化装置
337.6,ST010195,℃,2025-11-01 08:00:00,95%回收温度,延炼200万吨/年催化裂化装置
201.5,ST010195,℃,2025-11-02 08:00:00,初馏点温度,延炼200万吨/年催化裂化装置
228.0,ST010195,℃,2025-11-02 08:00:00,10%回收温度,延炼200万吨/年催化裂化装置
261.4,ST010195,℃,2025-11-02 08:00:00,50%回收温度,延炼200万吨/年催化裂化装置
321.7,ST010195,℃,2025-11-02 08:00:00,90%回收温度,延炼200万吨/年催化裂化装置
337.2,ST010195,℃,2025-11-02 08:00:00,95%回收温度,延炼200万吨/年催化裂化装置
199.9,ST010195,℃,2025-11-03 08:00:00,初馏点温度,延炼200万吨/年催化裂化装置
225.4,ST010195,℃,2025-11-03 08:00:00,10%回收温度,延炼200万吨/年催化裂化装置
259.1,ST010195,℃,2025-11-03 08:00:00,50%回收温度,延炼200万吨/年催化裂化装置
317.5,ST010195,℃,2025-11-03 08:00:00,90%回收温度,延炼200万吨/年催化裂化装置
333.9,ST010195,℃,2025-11-03 08:00:00,95%回收温度,延炼200万吨/年催化裂化装置
201.0,ST010195,℃,2025-11-04 08:00:00,初馏点温度,延炼200万吨/年催化裂化装置
226.5,ST010195,℃,2025-11-04 08:00:00,10%回收温度,延炼200万吨/年催化裂化装置
260.8,ST010195,℃,2025-11-04 08:00:00,50%回收温度,延炼200万吨/年催化裂化装置
324.0,ST010195,℃,2025-11-04 08:00:00,90%回收温度,延炼200万吨/年催化裂化装置
339.3,ST010195,℃,2025-11-04 08:00:00,95%回收温度,延炼200万吨/年催化裂化装置
201.9,ST010195,℃,2025-11-05 08:00:00,初馏点温度,延炼200万吨/年催化裂化装置
227.5,ST010195,℃,2025-11-05 08:00:00,10%回收温度,延炼200万吨/年催化裂化装置
261.8,ST010195,℃,2025-11-05 08:00:00,50%回收温度,延炼200万吨/年催化裂化装置
325.5,ST010195,℃,2025-11-05 08:00:00,90%回收温度,延炼200万吨/年催化裂化装置
340.2,ST010195,℃,2025-11-05 08:00:00,95%回收温度,延炼200万吨/年催化裂化装置
77.0,ST010195,℃,2025-11-06 08:00:00,闪点(闭口),延炼200万吨/年催化裂化装置
-17,ST010195,℃,2025-11-06 08:00:00,凝点,延炼200万吨/年催化裂化装置
1217,ST010195,mg/kg,2025-11-06 08:00:00,硫含量,延炼200万吨/年催化裂化装置
201.4,ST010195,℃,2025-11-06 08:00:00,初馏点温度,延炼200万吨/年催化裂化装置
226.8,ST010195,℃,2025-11-06 08:00:00,10%回收温度,延炼200万吨/年催化裂化装置
261.1,ST010195,℃,2025-11-06 08:00:00,50%回收温度,延炼200万吨/年催化裂化装置
324.0,ST010195,℃,2025-11-06 08:00:00,90%回收温度,延炼200万吨/年催化裂化装置
339.2,ST010195,℃,2025-11-06 08:00:00,95%回收温度,延炼200万吨/年催化裂化装置
202.7,ST010195,℃,2025-11-07 08:00:00,初馏点温度,延炼200万吨/年催化裂化装置
229.7,ST010195,℃,2025-11-07 08:00:00,10%回收温度,延炼200万吨/年催化裂化装置
263.5,ST010195,℃,2025-11-07 08:00:00,50%回收温度,延炼200万吨/年催化裂化装置
326.4,ST010195,℃,2025-11-07 08:00:00,90%回收温度,延炼200万吨/年催化裂化装置
340.7,ST010195,℃,2025-11-07 08:00:00,95%回收温度,延炼200万吨/年催化裂化装置
202.4,ST010195,℃,2025-11-08 08:00:00,初馏点温度,延炼200万吨/年催化裂化装置
229.4,ST010195,℃,2025-11-08 08:00:00,10%回收温度,延炼200万吨/年催化裂化装置
262.8,ST010195,℃,2025-11-08 08:00:00,50%回收温度,延炼200万吨/年催化裂化装置
324.9,ST010195,℃,2025-11-08 08:00:00,90%回收温度,延炼200万吨/年催化裂化装置
339.4,ST010195,℃,2025-11-08 08:00:00,95%回收温度,延炼200万吨/年催化裂化装置
200.6,ST010195,℃,2025-11-09 08:00:00,初馏点温度,延炼200万吨/年催化裂化装置
227.2,ST010195,℃,2025-11-09 08:00:00,10%回收温度,延炼200万吨/年催化裂化装置
261.5,ST010195,℃,2025-11-09 08:00:00,50%回收温度,延炼200万吨/年催化裂化装置
324.4,ST010195,℃,2025-11-09 08:00:00,90%回收温度,延炼200万吨/年催化裂化装置
339.2,ST010195,℃,2025-11-09 08:00:00,95%回收温度,延炼200万吨/年催化裂化装置
201.4,ST010195,℃,2025-11-10 08:00:00,初馏点温度,延炼200万吨/年催化裂化装置
227.6,ST010195,℃,2025-11-10 08:00:00,10%回收温度,延炼200万吨/年催化裂化装置
261.9,ST010195,℃,2025-11-10 08:00:00,50%回收温度,延炼200万吨/年催化裂化装置
324.8,ST010195,℃,2025-11-10 08:00:00,90%回收温度,延炼200万吨/年催化裂化装置
339.4,ST010195,℃,2025-11-10 08:00:00,95%回收温度,延炼200万吨/年催化裂化装置
202.4,ST010195,℃,2025-11-11 08:00:00,初馏点温度,延炼200万吨/年催化裂化装置
228.1,ST010195,℃,2025-11-11 08:00:00,10%回收温度,延炼200万吨/年催化裂化装置
261.6,ST010195,℃,2025-11-11 08:00:00,50%回收温度,延炼200万吨/年催化裂化装置
324.6,ST010195,℃,2025-11-11 08:00:00,90%回收温度,延炼200万吨/年催化裂化装置
339.5,ST010195,℃,2025-11-11 08:00:00,95%回收温度,延炼200万吨/年催化裂化装置
203.4,ST010195,℃,2025-11-12 08:00:00,初馏点温度,延炼200万吨/年催化裂化装置
229.9,ST010195,℃,2025-11-12 08:00:00,10%回收温度,延炼200万吨/年催化裂化装置
262.6,ST010195,℃,2025-11-12 08:00:00,50%回收温度,延炼200万吨/年催化裂化装置
325.0,ST010195,℃,2025-11-12 08:00:00,90%回收温度,延炼200万吨/年催化裂化装置
339.4,ST010195,℃,2025-11-12 08:00:00,95%回收温度,延炼200万吨/年催化裂化装置
203.7,ST010195,℃,2025-11-13 08:00:00,初馏点温度,延炼200万吨/年催化裂化装置
230.6,ST010195,℃,2025-11-13 08:00:00,10%回收温度,延炼200万吨/年催化裂化装置
267.4,ST010195,℃,2025-11-13 08:00:00,50%回收温度,延炼200万吨/年催化裂化装置
330.6,ST010195,℃,2025-11-13 08:00:00,90%回收温度,延炼200万吨/年催化裂化装置
345.8,ST010195,℃,2025-11-13 08:00:00,95%回收温度,延炼200万吨/年催化裂化装置
76.0,ST010195,℃,2025-11-13 08:00:00,闪点(闭口),延炼200万吨/年催化裂化装置
-15,ST010195,℃,2025-11-13 08:00:00,凝点,延炼200万吨/年催化裂化装置
1352,ST010195,mg/kg,2025-11-13 08:00:00,硫含量,延炼200万吨/年催化裂化装置
201.5,ST010195,℃,2025-11-14 08:00:00,初馏点温度,延炼200万吨/年催化裂化装置
227.5,ST010195,℃,2025-11-14 08:00:00,10%回收温度,延炼200万吨/年催化裂化装置
261.1,ST010195,℃,2025-11-14 08:00:00,50%回收温度,延炼200万吨/年催化裂化装置
322.7,ST010195,℃,2025-11-14 08:00:00,90%回收温度,延炼200万吨/年催化裂化装置
338.5,ST010195,℃,2025-11-14 08:00:00,95%回收温度,延炼200万吨/年催化裂化装置
201.4,ST010195,℃,2025-11-15 08:00:00,初馏点温度,延炼200万吨/年催化裂化装置
226.5,ST010195,℃,2025-11-15 08:00:00,10%回收温度,延炼200万吨/年催化裂化装置
259.1,ST010195,℃,2025-11-15 08:00:00,50%回收温度,延炼200万吨/年催化裂化装置
316.5,ST010195,℃,2025-11-15 08:00:00,90%回收温度,延炼200万吨/年催化裂化装置
333.3,ST010195,℃,2025-11-15 08:00:00,95%回收温度,延炼200万吨/年催化裂化装置
201.0,ST010195,℃,2025-11-16 08:00:00,初馏点温度,延炼200万吨/年催化裂化装置
226.5,ST010195,℃,2025-11-16 08:00:00,10%回收温度,延炼200万吨/年催化裂化装置
258.9,ST010195,℃,2025-11-16 08:00:00,50%回收温度,延炼200万吨/年催化裂化装置
317.0,ST010195,℃,2025-11-16 08:00:00,90%回收温度,延炼200万吨/年催化裂化装置
334.7,ST010195,℃,2025-11-16 08:00:00,95%回收温度,延炼200万吨/年催化裂化装置
201.8,ST010195,℃,2025-11-17 08:00:00,初馏点温度,延炼200万吨/年催化裂化装置
228.1,ST010195,℃,2025-11-17 08:00:00,10%回收温度,延炼200万吨/年催化裂化装置
260.1,ST010195,℃,2025-11-17 08:00:00,50%回收温度,延炼200万吨/年催化裂化装置
320.2,ST010195,℃,2025-11-17 08:00:00,90%回收温度,延炼200万吨/年催化裂化装置
337.8,ST010195,℃,2025-11-17 08:00:00,95%回收温度,延炼200万吨/年催化裂化装置
199.7,ST010195,℃,2025-11-18 08:00:00,初馏点温度,延炼200万吨/年催化裂化装置
225.2,ST010195,℃,2025-11-18 08:00:00,10%回收温度,延炼200万吨/年催化裂化装置
256.8,ST010195,℃,2025-11-18 08:00:00,50%回收温度,延炼200万吨/年催化裂化装置
313.2,ST010195,℃,2025-11-18 08:00:00,90%回收温度,延炼200万吨/年催化裂化装置
329.6,ST010195,℃,2025-11-18 08:00:00,95%回收温度,延炼200万吨/年催化裂化装置
201.7,ST010195,℃,2025-11-19 08:00:00,初馏点温度,延炼200万吨/年催化裂化装置
226.4,ST010195,℃,2025-11-19 08:00:00,10%回收温度,延炼200万吨/年催化裂化装置
257.8,ST010195,℃,2025-11-19 08:00:00,50%回收温度,延炼200万吨/年催化裂化装置
316.0,ST010195,℃,2025-11-19 08:00:00,90%回收温度,延炼200万吨/年催化裂化装置
333.5,ST010195,℃,2025-11-19 08:00:00,95%回收温度,延炼200万吨/年催化裂化装置
1331,ST010195,mg/kg,2025-11-20 08:00:00,硫含量,延炼200万吨/年催化裂化装置
75.0,ST010195,℃,2025-11-20 08:00:00,闪点(闭口),延炼200万吨/年催化裂化装置
-17,ST010195,℃,2025-11-20 08:00:00,凝点,延炼200万吨/年催化裂化装置
202.0,ST010195,℃,2025-11-20 08:00:00,初馏点温度,延炼200万吨/年催化裂化装置
225.2,ST010195,℃,2025-11-20 08:00:00,10%回收温度,延炼200万吨/年催化裂化装置
256.8,ST010195,℃,2025-11-20 08:00:00,50%回收温度,延炼200万吨/年催化裂化装置
314.3,ST010195,℃,2025-11-20 08:00:00,90%回收温度,延炼200万吨/年催化裂化装置
331.6,ST010195,℃,2025-11-20 08:00:00,95%回收温度,延炼200万吨/年催化裂化装置
202.9,ST010195,℃,2025-11-21 08:00:00,初馏点温度,延炼200万吨/年催化裂化装置
227.9,ST010195,℃,2025-11-21 08:00:00,10%回收温度,延炼200万吨/年催化裂化装置
258.3,ST010195,℃,2025-11-21 08:00:00,50%回收温度,延炼200万吨/年催化裂化装置
316.2,ST010195,℃,2025-11-21 08:00:00,90%回收温度,延炼200万吨/年催化裂化装置
333.8,ST010195,℃,2025-11-21 08:00:00,95%回收温度,延炼200万吨/年催化裂化装置
202.1,ST010195,℃,2025-11-22 08:00:00,初馏点温度,延炼200万吨/年催化裂化装置
226.2,ST010195,℃,2025-11-22 08:00:00,10%回收温度,延炼200万吨/年催化裂化装置
257.1,ST010195,℃,2025-11-22 08:00:00,50%回收温度,延炼200万吨/年催化裂化装置
315.0,ST010195,℃,2025-11-22 08:00:00,90%回收温度,延炼200万吨/年催化裂化装置
332.5,ST010195,℃,2025-11-22 08:00:00,95%回收温度,延炼200万吨/年催化裂化装置
202.2,ST010195,℃,2025-11-23 08:00:00,初馏点温度,延炼200万吨/年催化裂化装置
226.3,ST010195,℃,2025-11-23 08:00:00,10%回收温度,延炼200万吨/年催化裂化装置
256.4,ST010195,℃,2025-11-23 08:00:00,50%回收温度,延炼200万吨/年催化裂化装置
312.3,ST010195,℃,2025-11-23 08:00:00,90%回收温度,延炼200万吨/年催化裂化装置
329.3,ST010195,℃,2025-11-23 08:00:00,95%回收温度,延炼200万吨/年催化裂化装置
205.0,ST010195,℃,2025-11-24 08:00:00,初馏点温度,延炼200万吨/年催化裂化装置
230.1,ST010195,℃,2025-11-24 08:00:00,10%回收温度,延炼200万吨/年催化裂化装置
259.6,ST010195,℃,2025-11-24 08:00:00,50%回收温度,延炼200万吨/年催化裂化装置
320.6,ST010195,℃,2025-11-24 08:00:00,90%回收温度,延炼200万吨/年催化裂化装置
338.7,ST010195,℃,2025-11-24 08:00:00,95%回收温度,延炼200万吨/年催化裂化装置
202.4,ST010195,℃,2025-11-25 08:00:00,初馏点温度,延炼200万吨/年催化裂化装置
226.5,ST010195,℃,2025-11-25 08:00:00,10%回收温度,延炼200万吨/年催化裂化装置
257.1,ST010195,℃,2025-11-25 08:00:00,50%回收温度,延炼200万吨/年催化裂化装置
314.0,ST010195,℃,2025-11-25 08:00:00,90%回收温度,延炼200万吨/年催化裂化装置
331.2,ST010195,℃,2025-11-25 08:00:00,95%回收温度,延炼200万吨/年催化裂化装置
202.1,ST010195,℃,2025-11-26 08:00:00,初馏点温度,延炼200万吨/年催化裂化装置
225.6,ST010195,℃,2025-11-26 08:00:00,10%回收温度,延炼200万吨/年催化裂化装置
255.9,ST010195,℃,2025-11-26 08:00:00,50%回收温度,延炼200万吨/年催化裂化装置
312.5,ST010195,℃,2025-11-26 08:00:00,90%回收温度,延炼200万吨/年催化裂化装置
330.1,ST010195,℃,2025-11-26 08:00:00,95%回收温度,延炼200万吨/年催化裂化装置
624,ST010195,mg/kg,2025-11-27 08:00:00,硫含量,延炼200万吨/年催化裂化装置
77.0,ST010195,℃,2025-11-27 08:00:00,闪点(闭口),延炼200万吨/年催化裂化装置
<-20,ST010195,℃,2025-11-27 08:00:00,凝点,延炼200万吨/年催化裂化装置
202.2,ST010195,℃,2025-11-27 08:00:00,初馏点温度,延炼200万吨/年催化裂化装置
225.7,ST010195,℃,2025-11-27 08:00:00,10%回收温度,延炼200万吨/年催化裂化装置
256.4,ST010195,℃,2025-11-27 08:00:00,50%回收温度,延炼200万吨/年催化裂化装置
313.9,ST010195,℃,2025-11-27 08:00:00,90%回收温度,延炼200万吨/年催化裂化装置
331.5,ST010195,℃,2025-11-27 08:00:00,95%回收温度,延炼200万吨/年催化裂化装置
201.9,ST010195,℃,2025-11-28 08:00:00,初馏点温度,延炼200万吨/年催化裂化装置
225.5,ST010195,℃,2025-11-28 08:00:00,10%回收温度,延炼200万吨/年催化裂化装置
255.6,ST010195,℃,2025-11-28 08:00:00,50%回收温度,延炼200万吨/年催化裂化装置
311.7,ST010195,℃,2025-11-28 08:00:00,90%回收温度,延炼200万吨/年催化裂化装置
329.4,ST010195,℃,2025-11-28 08:00:00,95%回收温度,延炼200万吨/年催化裂化装置
202.4,ST010195,℃,2025-11-29 08:00:00,初馏点温度,延炼200万吨/年催化裂化装置
226.3,ST010195,℃,2025-11-29 08:00:00,10%回收温度,延炼200万吨/年催化裂化装置
256.1,ST010195,℃,2025-11-29 08:00:00,50%回收温度,延炼200万吨/年催化裂化装置
312.4,ST010195,℃,2025-11-29 08:00:00,90%回收温度,延炼200万吨/年催化裂化装置
329.8,ST010195,℃,2025-11-29 08:00:00,95%回收温度,延炼200万吨/年催化裂化装置
203.1,ST010195,℃,2025-11-30 08:00:00,初馏点温度,延炼200万吨/年催化裂化装置
228.5,ST010195,℃,2025-11-30 08:00:00,10%回收温度,延炼200万吨/年催化裂化装置
257.7,ST010195,℃,2025-11-30 08:00:00,50%回收温度,延炼200万吨/年催化裂化装置
314.1,ST010195,℃,2025-11-30 08:00:00,90%回收温度,延炼200万吨/年催化裂化装置
331.3,ST010195,℃,2025-11-30 08:00:00,95%回收温度,延炼200万吨/年催化裂化装置
202.7,ST010195,℃,2025-12-01 08:00:00,初馏点温度,延炼200万吨/年催化裂化装置
227.1,ST010195,℃,2025-12-01 08:00:00,10%回收温度,延炼200万吨/年催化裂化装置
257.1,ST010195,℃,2025-12-01 08:00:00,50%回收温度,延炼200万吨/年催化裂化装置
313.8,ST010195,℃,2025-12-01 08:00:00,90%回收温度,延炼200万吨/年催化裂化装置
346.9,ST010195,℃,2025-12-01 08:00:00,95%回收温度,延炼200万吨/年催化裂化装置
201.9,ST010195,℃,2025-12-02 08:00:00,初馏点温度,延炼200万吨/年催化裂化装置
225.5,ST010195,℃,2025-12-02 08:00:00,10%回收温度,延炼200万吨/年催化裂化装置
255.6,ST010195,℃,2025-12-02 08:00:00,50%回收温度,延炼200万吨/年催化裂化装置
311.6,ST010195,℃,2025-12-02 08:00:00,90%回收温度,延炼200万吨/年催化裂化装置
328.8,ST010195,℃,2025-12-02 08:00:00,95%回收温度,延炼200万吨/年催化裂化装置
202.5,ST010195,℃,2025-12-03 08:00:00,初馏点温度,延炼200万吨/年催化裂化装置
226.4,ST010195,℃,2025-12-03 08:00:00,10%回收温度,延炼200万吨/年催化裂化装置
256.8,ST010195,℃,2025-12-03 08:00:00,50%回收温度,延炼200万吨/年催化裂化装置
314.1,ST010195,℃,2025-12-03 08:00:00,90%回收温度,延炼200万吨/年催化裂化装置
331.5,ST010195,℃,2025-12-03 08:00:00,95%回收温度,延炼200万吨/年催化裂化装置
1302,ST010195,mg/kg,2025-12-04 08:00:00,硫含量,延炼200万吨/年催化裂化装置
75.0,ST010195,℃,2025-12-04 08:00:00,闪点(闭口),延炼200万吨/年催化裂化装置
<-20,ST010195,℃,2025-12-04 08:00:00,凝点,延炼200万吨/年催化裂化装置
201.9,ST010195,℃,2025-12-04 08:00:00,初馏点温度,延炼200万吨/年催化裂化装置
225.4,ST010195,℃,2025-12-04 08:00:00,10%回收温度,延炼200万吨/年催化裂化装置
256.0,ST010195,℃,2025-12-04 08:00:00,50%回收温度,延炼200万吨/年催化裂化装置
313.4,ST010195,℃,2025-12-04 08:00:00,90%回收温度,延炼200万吨/年催化裂化装置
331.2,ST010195,℃,2025-12-04 08:00:00,95%回收温度,延炼200万吨/年催化裂化装置
200.9,ST010195,℃,2025-12-05 08:00:00,初馏点温度,延炼200万吨/年催化裂化装置
225.2,ST010195,℃,2025-12-05 08:00:00,10%回收温度,延炼200万吨/年催化裂化装置
256.0,ST010195,℃,2025-12-05 08:00:00,50%回收温度,延炼200万吨/年催化裂化装置
312.7,ST010195,℃,2025-12-05 08:00:00,90%回收温度,延炼200万吨/年催化裂化装置
329.8,ST010195,℃,2025-12-05 08:00:00,95%回收温度,延炼200万吨/年催化裂化装置
201.3,ST010195,℃,2025-12-06 08:00:00,初馏点温度,延炼200万吨/年催化裂化装置
225.0,ST010195,℃,2025-12-06 08:00:00,10%回收温度,延炼200万吨/年催化裂化装置
255.9,ST010195,℃,2025-12-06 08:00:00,50%回收温度,延炼200万吨/年催化裂化装置
313.0,ST010195,℃,2025-12-06 08:00:00,90%回收温度,延炼200万吨/年催化裂化装置
330.2,ST010195,℃,2025-12-06 08:00:00,95%回收温度,延炼200万吨/年催化裂化装置
201.6,ST010195,℃,2025-12-07 08:00:00,初馏点温度,延炼200万吨/年催化裂化装置
224.6,ST010195,℃,2025-12-07 08:00:00,10%回收温度,延炼200万吨/年催化裂化装置
255.0,ST010195,℃,2025-12-07 08:00:00,50%回收温度,延炼200万吨/年催化裂化装置
312.2,ST010195,℃,2025-12-07 08:00:00,90%回收温度,延炼200万吨/年催化裂化装置
329.8,ST010195,℃,2025-12-07 08:00:00,95%回收温度,延炼200万吨/年催化裂化装置
200.1,ST010195,℃,2025-12-08 08:00:00,初馏点温度,延炼200万吨/年催化裂化装置
224.1,ST010195,℃,2025-12-08 08:00:00,10%回收温度,延炼200万吨/年催化裂化装置
254.3,ST010195,℃,2025-12-08 08:00:00,50%回收温度,延炼200万吨/年催化裂化装置
310.9,ST010195,℃,2025-12-08 08:00:00,90%回收温度,延炼200万吨/年催化裂化装置
328.6,ST010195,℃,2025-12-08 08:00:00,95%回收温度,延炼200万吨/年催化裂化装置
201.7,ST010195,℃,2025-12-09 08:00:00,初馏点温度,延炼200万吨/年催化裂化装置
225.9,ST010195,℃,2025-12-09 08:00:00,10%回收温度,延炼200万吨/年催化裂化装置
256.5,ST010195,℃,2025-12-09 08:00:00,50%回收温度,延炼200万吨/年催化裂化装置
313.7,ST010195,℃,2025-12-09 08:00:00,90%回收温度,延炼200万吨/年催化裂化装置
331.2,ST010195,℃,2025-12-09 08:00:00,95%回收温度,延炼200万吨/年催化裂化装置
258.6,ST010195,℃,2025-12-10 08:00:00,50%回收温度,延炼200万吨/年催化裂化装置
317.1,ST010195,℃,2025-12-10 08:00:00,90%回收温度,延炼200万吨/年催化裂化装置
203.4,ST010195,℃,2025-12-10 08:00:00,初馏点温度,延炼200万吨/年催化裂化装置
227.7,ST010195,℃,2025-12-10 08:00:00,10%回收温度,延炼200万吨/年催化裂化装置
335.6,ST010195,℃,2025-12-10 08:00:00,95%回收温度,延炼200万吨/年催化裂化装置
75.5,ST010195,℃,2025-12-11 08:00:00,闪点(闭口),延炼200万吨/年催化裂化装置
<-20,ST010195,℃,2025-12-11 08:00:00,凝点,延炼200万吨/年催化裂化装置
1274,ST010195,mg/kg,2025-12-11 08:00:00,硫含量,延炼200万吨/年催化裂化装置
201.3,ST010195,℃,2025-12-11 08:00:00,初馏点温度,延炼200万吨/年催化裂化装置
224.5,ST010195,℃,2025-12-11 08:00:00,10%回收温度,延炼200万吨/年催化裂化装置
255.1,ST010195,℃,2025-12-11 08:00:00,50%回收温度,延炼200万吨/年催化裂化装置
313.2,ST010195,℃,2025-12-11 08:00:00,90%回收温度,延炼200万吨/年催化裂化装置
331.0,ST010195,℃,2025-12-11 08:00:00,95%回收温度,延炼200万吨/年催化裂化装置
201.1,ST010195,℃,2025-12-12 08:00:00,初馏点温度,延炼200万吨/年催化裂化装置
225.2,ST010195,℃,2025-12-12 08:00:00,10%回收温度,延炼200万吨/年催化裂化装置
255.6,ST010195,℃,2025-12-12 08:00:00,50%回收温度,延炼200万吨/年催化裂化装置
312.5,ST010195,℃,2025-12-12 08:00:00,90%回收温度,延炼200万吨/年催化裂化装置
330.1,ST010195,℃,2025-12-12 08:00:00,95%回收温度,延炼200万吨/年催化裂化装置
201.7,ST010195,℃,2025-12-13 08:00:00,初馏点温度,延炼200万吨/年催化裂化装置
225.2,ST010195,℃,2025-12-13 08:00:00,10%回收温度,延炼200万吨/年催化裂化装置
255.5,ST010195,℃,2025-12-13 08:00:00,50%回收温度,延炼200万吨/年催化裂化装置
311.1,ST010195,℃,2025-12-13 08:00:00,90%回收温度,延炼200万吨/年催化裂化装置
328.5,ST010195,℃,2025-12-13 08:00:00,95%回收温度,延炼200万吨/年催化裂化装置
199.8,ST010195,℃,2025-12-14 08:00:00,初馏点温度,延炼200万吨/年催化裂化装置
223.3,ST010195,℃,2025-12-14 08:00:00,10%回收温度,延炼200万吨/年催化裂化装置
253.1,ST010195,℃,2025-12-14 08:00:00,50%回收温度,延炼200万吨/年催化裂化装置
309.5,ST010195,℃,2025-12-14 08:00:00,90%回收温度,延炼200万吨/年催化裂化装置
327.7,ST010195,℃,2025-12-14 08:00:00,95%回收温度,延炼200万吨/年催化裂化装置
199.6,ST010195,℃,2025-12-15 08:00:00,初馏点温度,延炼200万吨/年催化裂化装置
223.0,ST010195,℃,2025-12-15 08:00:00,10%回收温度,延炼200万吨/年催化裂化装置
252.6,ST010195,℃,2025-12-15 08:00:00,50%回收温度,延炼200万吨/年催化裂化装置
309.0,ST010195,℃,2025-12-15 08:00:00,90%回收温度,延炼200万吨/年催化裂化装置
327.5,ST010195,℃,2025-12-15 08:00:00,95%回收温度,延炼200万吨/年催化裂化装置
203.4,ST010195,℃,2025-12-16 08:00:00,初馏点温度,延炼200万吨/年催化裂化装置
228.5,ST010195,℃,2025-12-16 08:00:00,10%回收温度,延炼200万吨/年催化裂化装置
259.0,ST010195,℃,2025-12-16 08:00:00,50%回收温度,延炼200万吨/年催化裂化装置
316.5,ST010195,℃,2025-12-16 08:00:00,90%回收温度,延炼200万吨/年催化裂化装置
334.5,ST010195,℃,2025-12-16 08:00:00,95%回收温度,延炼200万吨/年催化裂化装置
202.1,ST010195,℃,2025-12-17 08:00:00,初馏点温度,延炼200万吨/年催化裂化装置
225.7,ST010195,℃,2025-12-17 08:00:00,10%回收温度,延炼200万吨/年催化裂化装置
255.7,ST010195,℃,2025-12-17 08:00:00,50%回收温度,延炼200万吨/年催化裂化装置
312.9,ST010195,℃,2025-12-17 08:00:00,90%回收温度,延炼200万吨/年催化裂化装置
331.0,ST010195,℃,2025-12-17 08:00:00,95%回收温度,延炼200万吨/年催化裂化装置
78.5,ST010195,℃,2025-12-18 08:00:00,闪点(闭口),延炼200万吨/年催化裂化装置
<-20,ST010195,℃,2025-12-18 08:00:00,凝点,延炼200万吨/年催化裂化装置
202.3,ST010195,℃,2025-12-18 08:00:00,初馏点温度,延炼200万吨/年催化裂化装置
226.3,ST010195,℃,2025-12-18 08:00:00,10%回收温度,延炼200万吨/年催化裂化装置
256.1,ST010195,℃,2025-12-18 08:00:00,50%回收温度,延炼200万吨/年催化裂化装置
312.1,ST010195,℃,2025-12-18 08:00:00,90%回收温度,延炼200万吨/年催化裂化装置
329.5,ST010195,℃,2025-12-18 08:00:00,95%回收温度,延炼200万吨/年催化裂化装置
1344,ST010195,mg/kg,2025-12-18 08:00:00,硫含量,延炼200万吨/年催化裂化装置
199.0,ST010195,℃,2025-12-19 08:00:00,初馏点温度,延炼200万吨/年催化裂化装置
223.1,ST010195,℃,2025-12-19 08:00:00,10%回收温度,延炼200万吨/年催化裂化装置
253.2,ST010195,℃,2025-12-19 08:00:00,50%回收温度,延炼200万吨/年催化裂化装置
310.3,ST010195,℃,2025-12-19 08:00:00,90%回收温度,延炼200万吨/年催化裂化装置
328.3,ST010195,℃,2025-12-19 08:00:00,95%回收温度,延炼200万吨/年催化裂化装置
201.3,ST010195,℃,2025-12-20 08:00:00,初馏点温度,延炼200万吨/年催化裂化装置
225.2,ST010195,℃,2025-12-20 08:00:00,10%回收温度,延炼200万吨/年催化裂化装置
256.1,ST010195,℃,2025-12-20 08:00:00,50%回收温度,延炼200万吨/年催化裂化装置
313.2,ST010195,℃,2025-12-20 08:00:00,90%回收温度,延炼200万吨/年催化裂化装置
330.4,ST010195,℃,2025-12-20 08:00:00,95%回收温度,延炼200万吨/年催化裂化装置
223.9,ST010195,℃,2025-12-21 08:00:00,10%回收温度,延炼200万吨/年催化裂化装置
254.5,ST010195,℃,2025-12-21 08:00:00,50%回收温度,延炼200万吨/年催化裂化装置
312.2,ST010195,℃,2025-12-21 08:00:00,90%回收温度,延炼200万吨/年催化裂化装置
330.1,ST010195,℃,2025-12-21 08:00:00,95%回收温度,延炼200万吨/年催化裂化装置
199.8,ST010195,℃,2025-12-21 08:00:00,初馏点温度,延炼200万吨/年催化裂化装置
202.6,ST010195,℃,2025-12-22 08:00:00,初馏点温度,延炼200万吨/年催化裂化装置
227.2,ST010195,℃,2025-12-22 08:00:00,10%回收温度,延炼200万吨/年催化裂化装置
257.6,ST010195,℃,2025-12-22 08:00:00,50%回收温度,延炼200万吨/年催化裂化装置
315.3,ST010195,℃,2025-12-22 08:00:00,90%回收温度,延炼200万吨/年催化裂化装置
333.4,ST010195,℃,2025-12-22 08:00:00,95%回收温度,延炼200万吨/年催化裂化装置
316.0,ST010195,℃,2025-12-23 08:00:00,90%回收温度,延炼200万吨/年催化裂化装置
334.5,ST010195,℃,2025-12-23 08:00:00,95%回收温度,延炼200万吨/年催化裂化装置
201.9,ST010195,℃,2025-12-23 08:00:00,初馏点温度,延炼200万吨/年催化裂化装置
225.3,ST010195,℃,2025-12-23 08:00:00,10%回收温度,延炼200万吨/年催化裂化装置
256.5,ST010195,℃,2025-12-23 08:00:00,50%回收温度,延炼200万吨/年催化裂化装置
200.5,ST010195,℃,2025-12-24 08:00:00,初馏点温度,延炼200万吨/年催化裂化装置
224.3,ST010195,℃,2025-12-24 08:00:00,10%回收温度,延炼200万吨/年催化裂化装置
253.4,ST010195,℃,2025-12-24 08:00:00,50%回收温度,延炼200万吨/年催化裂化装置
310.2,ST010195,℃,2025-12-24 08:00:00,90%回收温度,延炼200万吨/年催化裂化装置
328.4,ST010195,℃,2025-12-24 08:00:00,95%回收温度,延炼200万吨/年催化裂化装置
199.8,ST010195,℃,2025-12-25 08:00:00,初馏点温度,延炼200万吨/年催化裂化装置
222.5,ST010195,℃,2025-12-25 08:00:00,10%回收温度,延炼200万吨/年催化裂化装置
249.2,ST010195,℃,2025-12-25 08:00:00,50%回收温度,延炼200万吨/年催化裂化装置
305.2,ST010195,℃,2025-12-25 08:00:00,90%回收温度,延炼200万吨/年催化裂化装置
325.2,ST010195,℃,2025-12-25 08:00:00,95%回收温度,延炼200万吨/年催化裂化装置
1510,ST010195,mg/kg,2025-12-25 08:00:00,硫含量,延炼200万吨/年催化裂化装置
72.0,ST010195,℃,2025-12-25 08:00:00,闪点(闭口),延炼200万吨/年催化裂化装置
<-20,ST010195,℃,2025-12-25 08:00:00,凝点,延炼200万吨/年催化裂化装置
202.1,ST010195,℃,2025-12-26 08:00:00,初馏点温度,延炼200万吨/年催化裂化装置
225.3,ST010195,℃,2025-12-26 08:00:00,10%回收温度,延炼200万吨/年催化裂化装置
256.2,ST010195,℃,2025-12-26 08:00:00,50%回收温度,延炼200万吨/年催化裂化装置
313.9,ST010195,℃,2025-12-26 08:00:00,90%回收温度,延炼200万吨/年催化裂化装置
331.5,ST010195,℃,2025-12-26 08:00:00,95%回收温度,延炼200万吨/年催化裂化装置
201.5,ST010195,℃,2025-12-27 08:00:00,初馏点温度,延炼200万吨/年催化裂化装置
224.5,ST010195,℃,2025-12-27 08:00:00,10%回收温度,延炼200万吨/年催化裂化装置
255.3,ST010195,℃,2025-12-27 08:00:00,50%回收温度,延炼200万吨/年催化裂化装置
312.5,ST010195,℃,2025-12-27 08:00:00,90%回收温度,延炼200万吨/年催化裂化装置
330.1,ST010195,℃,2025-12-27 08:00:00,95%回收温度,延炼200万吨/年催化裂化装置
201.9,ST010195,℃,2025-12-28 08:00:00,初馏点温度,延炼200万吨/年催化裂化装置
224.9,ST010195,℃,2025-12-28 08:00:00,10%回收温度,延炼200万吨/年催化裂化装置
255.3,ST010195,℃,2025-12-28 08:00:00,50%回收温度,延炼200万吨/年催化裂化装置
312.2,ST010195,℃,2025-12-28 08:00:00,90%回收温度,延炼200万吨/年催化裂化装置
329.7,ST010195,℃,2025-12-28 08:00:00,95%回收温度,延炼200万吨/年催化裂化装置
202.3,ST010195,℃,2025-12-29 08:00:00,初馏点温度,延炼200万吨/年催化裂化装置
226.4,ST010195,℃,2025-12-29 08:00:00,10%回收温度,延炼200万吨/年催化裂化装置
256.7,ST010195,℃,2025-12-29 08:00:00,50%回收温度,延炼200万吨/年催化裂化装置
312.8,ST010195,℃,2025-12-29 08:00:00,90%回收温度,延炼200万吨/年催化裂化装置
330.1,ST010195,℃,2025-12-29 08:00:00,95%回收温度,延炼200万吨/年催化裂化装置
202.5,ST010195,℃,2025-12-30 08:00:00,初馏点温度,延炼200万吨/年催化裂化装置
224.3,ST010195,℃,2025-12-30 08:00:00,10%回收温度,延炼200万吨/年催化裂化装置
257.4,ST010195,℃,2025-12-30 08:00:00,50%回收温度,延炼200万吨/年催化裂化装置
315.3,ST010195,℃,2025-12-30 08:00:00,90%回收温度,延炼200万吨/年催化裂化装置
333.1,ST010195,℃,2025-12-30 08:00:00,95%回收温度,延炼200万吨/年催化裂化装置
202.0,ST010195,℃,2025-12-31 08:00:00,初馏点温度,延炼200万吨/年催化裂化装置
225.0,ST010195,℃,2025-12-31 08:00:00,10%回收温度,延炼200万吨/年催化裂化装置
256.5,ST010195,℃,2025-12-31 08:00:00,50%回收温度,延炼200万吨/年催化裂化装置
315.0,ST010195,℃,2025-12-31 08:00:00,90%回收温度,延炼200万吨/年催化裂化装置
333.0,ST010195,℃,2025-12-31 08:00:00,95%回收温度,延炼200万吨/年催化裂化装置
202.5,ST010195,℃,2026-01-01 08:00:00,初馏点温度,延炼200万吨/年催化裂化装置
226.2,ST010195,℃,2026-01-01 08:00:00,10%回收温度,延炼200万吨/年催化裂化装置
257.1,ST010195,℃,2026-01-01 08:00:00,50%回收温度,延炼200万吨/年催化裂化装置
314.7,ST010195,℃,2026-01-01 08:00:00,90%回收温度,延炼200万吨/年催化裂化装置
331.9,ST010195,℃,2026-01-01 08:00:00,95%回收温度,延炼200万吨/年催化裂化装置
78.0,ST010195,℃,2026-01-01 08:00:00,闪点(闭口),延炼200万吨/年催化裂化装置
<-20,ST010195,℃,2026-01-01 08:00:00,凝点,延炼200万吨/年催化裂化装置
1565,ST010195,mg/kg,2026-01-01 08:00:00,硫含量,延炼200万吨/年催化裂化装置
201.5,ST010195,℃,2026-01-02 08:00:00,初馏点温度,延炼200万吨/年催化裂化装置
224.1,ST010195,℃,2026-01-02 08:00:00,10%回收温度,延炼200万吨/年催化裂化装置
255.2,ST010195,℃,2026-01-02 08:00:00,50%回收温度,延炼200万吨/年催化裂化装置
312.7,ST010195,℃,2026-01-02 08:00:00,90%回收温度,延炼200万吨/年催化裂化装置
330.1,ST010195,℃,2026-01-02 08:00:00,95%回收温度,延炼200万吨/年催化裂化装置
202.1,ST010195,℃,2026-01-03 08:00:00,初馏点温度,延炼200万吨/年催化裂化装置
225.5,ST010195,℃,2026-01-03 08:00:00,10%回收温度,延炼200万吨/年催化裂化装置
256.4,ST010195,℃,2026-01-03 08:00:00,50%回收温度,延炼200万吨/年催化裂化装置
313.9,ST010195,℃,2026-01-03 08:00:00,90%回收温度,延炼200万吨/年催化裂化装置
331.5,ST010195,℃,2026-01-03 08:00:00,95%回收温度,延炼200万吨/年催化裂化装置
201.3,ST010195,℃,2026-01-04 08:00:00,初馏点温度,延炼200万吨/年催化裂化装置
224.3,ST010195,℃,2026-01-04 08:00:00,10%回收温度,延炼200万吨/年催化裂化装置
254.2,ST010195,℃,2026-01-04 08:00:00,50%回收温度,延炼200万吨/年催化裂化装置
310.7,ST010195,℃,2026-01-04 08:00:00,90%回收温度,延炼200万吨/年催化裂化装置
328.3,ST010195,℃,2026-01-04 08:00:00,95%回收温度,延炼200万吨/年催化裂化装置
200.5,ST010195,℃,2026-01-05 08:00:00,初馏点温度,延炼200万吨/年催化裂化装置
223.5,ST010195,℃,2026-01-05 08:00:00,10%回收温度,延炼200万吨/年催化裂化装置
253.6,ST010195,℃,2026-01-05 08:00:00,50%回收温度,延炼200万吨/年催化裂化装置
310.0,ST010195,℃,2026-01-05 08:00:00,90%回收温度,延炼200万吨/年催化裂化装置
327.9,ST010195,℃,2026-01-05 08:00:00,95%回收温度,延炼200万吨/年催化裂化装置
202.1,ST010195,℃,2026-01-06 08:00:00,初馏点温度,延炼200万吨/年催化裂化装置
224.9,ST010195,℃,2026-01-06 08:00:00,10%回收温度,延炼200万吨/年催化裂化装置
256.1,ST010195,℃,2026-01-06 08:00:00,50%回收温度,延炼200万吨/年催化裂化装置
313.9,ST010195,℃,2026-01-06 08:00:00,90%回收温度,延炼200万吨/年催化裂化装置
331.5,ST010195,℃,2026-01-06 08:00:00,95%回收温度,延炼200万吨/年催化裂化装置
201.4,ST010195,℃,2026-01-07 08:00:00,初馏点温度,延炼200万吨/年催化裂化装置
224.1,ST010195,℃,2026-01-07 08:00:00,10%回收温度,延炼200万吨/年催化裂化装置
254.3,ST010195,℃,2026-01-07 08:00:00,50%回收温度,延炼200万吨/年催化裂化装置
310.9,ST010195,℃,2026-01-07 08:00:00,90%回收温度,延炼200万吨/年催化裂化装置
328.6,ST010195,℃,2026-01-07 08:00:00,95%回收温度,延炼200万吨/年催化裂化装置
<-20,ST010195,℃,2026-01-08 08:00:00,凝点,延炼200万吨/年催化裂化装置
1156,ST010195,mg/kg,2026-01-08 08:00:00,硫含量,延炼200万吨/年催化裂化装置
200.8,ST010195,℃,2026-01-08 08:00:00,初馏点温度,延炼200万吨/年催化裂化装置
223.5,ST010195,℃,2026-01-08 08:00:00,10%回收温度,延炼200万吨/年催化裂化装置
254.4,ST010195,℃,2026-01-08 08:00:00,50%回收温度,延炼200万吨/年催化裂化装置
311.9,ST010195,℃,2026-01-08 08:00:00,90%回收温度,延炼200万吨/年催化裂化装置
329.5,ST010195,℃,2026-01-08 08:00:00,95%回收温度,延炼200万吨/年催化裂化装置
74.0,ST010195,℃,2026-01-08 08:00:00,闪点(闭口),延炼200万吨/年催化裂化装置
202.1,ST010195,℃,2026-01-09 08:00:00,初馏点温度,延炼200万吨/年催化裂化装置
225.3,ST010195,℃,2026-01-09 08:00:00,10%回收温度,延炼200万吨/年催化裂化装置
256.2,ST010195,℃,2026-01-09 08:00:00,50%回收温度,延炼200万吨/年催化裂化装置
313.9,ST010195,℃,2026-01-09 08:00:00,90%回收温度,延炼200万吨/年催化裂化装置
331.2,ST010195,℃,2026-01-09 08:00:00,95%回收温度,延炼200万吨/年催化裂化装置
202.5,ST010195,℃,2026-01-10 08:00:00,初馏点温度,延炼200万吨/年催化裂化装置
226.8,ST010195,℃,2026-01-10 08:00:00,10%回收温度,延炼200万吨/年催化裂化装置
257.5,ST010195,℃,2026-01-10 08:00:00,50%回收温度,延炼200万吨/年催化裂化装置
316.2,ST010195,℃,2026-01-10 08:00:00,90%回收温度,延炼200万吨/年催化裂化装置
334.2,ST010195,℃,2026-01-10 08:00:00,95%回收温度,延炼200万吨/年催化裂化装置
202.2,ST010195,℃,2026-01-11 08:00:00,初馏点温度,延炼200万吨/年催化裂化装置
225.5,ST010195,℃,2026-01-11 08:00:00,10%回收温度,延炼200万吨/年催化裂化装置
256.0,ST010195,℃,2026-01-11 08:00:00,50%回收温度,延炼200万吨/年催化裂化装置
312.4,ST010195,℃,2026-01-11 08:00:00,90%回收温度,延炼200万吨/年催化裂化装置
329.5,ST010195,℃,2026-01-11 08:00:00,95%回收温度,延炼200万吨/年催化裂化装置
201.4,ST010195,℃,2026-01-12 08:00:00,初馏点温度,延炼200万吨/年催化裂化装置
223.8,ST010195,℃,2026-01-12 08:00:00,10%回收温度,延炼200万吨/年催化裂化装置
253.0,ST010195,℃,2026-01-12 08:00:00,50%回收温度,延炼200万吨/年催化裂化装置
308.6,ST010195,℃,2026-01-12 08:00:00,90%回收温度,延炼200万吨/年催化裂化装置
327.2,ST010195,℃,2026-01-12 08:00:00,95%回收温度,延炼200万吨/年催化裂化装置
206.8,ST010195,℃,2026-01-13 08:00:00,初馏点温度,延炼200万吨/年催化裂化装置
237.0,ST010195,℃,2026-01-13 08:00:00,10%回收温度,延炼200万吨/年催化裂化装置
294.8,ST010195,℃,2026-01-13 08:00:00,50%回收温度,延炼200万吨/年催化裂化装置
352.3,ST010195,℃,2026-01-13 08:00:00,90%回收温度,延炼200万吨/年催化裂化装置
363.3,ST010195,℃,2026-01-13 08:00:00,95%回收温度,延炼200万吨/年催化裂化装置
328.5,ST010195,℃,2026-01-13 10:00:00,95%回收温度,延炼200万吨/年催化裂化装置
313.5,ST010195,℃,2026-01-13 10:00:00,90%回收温度,延炼200万吨/年催化裂化装置
253.0,ST010195,℃,2026-01-13 10:00:00,50%回收温度,延炼200万吨/年催化裂化装置
221.0,ST010195,℃,2026-01-13 10:00:00,10%回收温度,延炼200万吨/年催化裂化装置
198.0,ST010195,℃,2026-01-13 10:00:00,初馏点温度,延炼200万吨/年催化裂化装置
202.6,ST010195,℃,2026-01-14 08:00:00,初馏点温度,延炼200万吨/年催化裂化装置
226.9,ST010195,℃,2026-01-14 08:00:00,10%回收温度,延炼200万吨/年催化裂化装置
257.8,ST010195,℃,2026-01-14 08:00:00,50%回收温度,延炼200万吨/年催化裂化装置
314.6,ST010195,℃,2026-01-14 08:00:00,90%回收温度,延炼200万吨/年催化裂化装置
331.4,ST010195,℃,2026-01-14 08:00:00,95%回收温度,延炼200万吨/年催化裂化装置
201.3,ST010195,℃,2026-01-15 08:00:00,初馏点温度,延炼200万吨/年催化裂化装置
224.1,ST010195,℃,2026-01-15 08:00:00,10%回收温度,延炼200万吨/年催化裂化装置
253.8,ST010195,℃,2026-01-15 08:00:00,50%回收温度,延炼200万吨/年催化裂化装置
310.3,ST010195,℃,2026-01-15 08:00:00,90%回收温度,延炼200万吨/年催化裂化装置
327.9,ST010195,℃,2026-01-15 08:00:00,95%回收温度,延炼200万吨/年催化裂化装置
989,ST010195,mg/kg,2026-01-15 08:00:00,硫含量,延炼200万吨/年催化裂化装置
77.0,ST010195,℃,2026-01-15 08:00:00,闪点(闭口),延炼200万吨/年催化裂化装置
<-20,ST010195,℃,2026-01-15 08:00:00,凝点,延炼200万吨/年催化裂化装置
202.7,ST010195,℃,2026-01-16 08:00:00,初馏点温度,延炼200万吨/年催化裂化装置
226.5,ST010195,℃,2026-01-16 08:00:00,10%回收温度,延炼200万吨/年催化裂化装置
255.7,ST010195,℃,2026-01-16 08:00:00,50%回收温度,延炼200万吨/年催化裂化装置
310.7,ST010195,℃,2026-01-16 08:00:00,90%回收温度,延炼200万吨/年催化裂化装置
327.9,ST010195,℃,2026-01-16 08:00:00,95%回收温度,延炼200万吨/年催化裂化装置
202.2,ST010195,℃,2026-01-17 08:00:00,初馏点温度,延炼200万吨/年催化裂化装置
224.9,ST010195,℃,2026-01-17 08:00:00,10%回收温度,延炼200万吨/年催化裂化装置
255.5,ST010195,℃,2026-01-17 08:00:00,50%回收温度,延炼200万吨/年催化裂化装置
313.3,ST010195,℃,2026-01-17 08:00:00,90%回收温度,延炼200万吨/年催化裂化装置
330.3,ST010195,℃,2026-01-17 08:00:00,95%回收温度,延炼200万吨/年催化裂化装置
201.4,ST010195,℃,2026-01-18 08:00:00,初馏点温度,延炼200万吨/年催化裂化装置
224.6,ST010195,℃,2026-01-18 08:00:00,10%回收温度,延炼200万吨/年催化裂化装置
255.6,ST010195,℃,2026-01-18 08:00:00,50%回收温度,延炼200万吨/年催化裂化装置
312.6,ST010195,℃,2026-01-18 08:00:00,90%回收温度,延炼200万吨/年催化裂化装置
329.5,ST010195,℃,2026-01-18 08:00:00,95%回收温度,延炼200万吨/年催化裂化装置
200.9,ST010195,℃,2026-01-19 08:00:00,初馏点温度,延炼200万吨/年催化裂化装置
224.5,ST010195,℃,2026-01-19 08:00:00,10%回收温度,延炼200万吨/年催化裂化装置
255.0,ST010195,℃,2026-01-19 08:00:00,50%回收温度,延炼200万吨/年催化裂化装置
311.8,ST010195,℃,2026-01-19 08:00:00,90%回收温度,延炼200万吨/年催化裂化装置
329.0,ST010195,℃,2026-01-19 08:00:00,95%回收温度,延炼200万吨/年催化裂化装置
201.8,ST010195,℃,2026-01-20 08:00:00,初馏点温度,延炼200万吨/年催化裂化装置
224.9,ST010195,℃,2026-01-20 08:00:00,10%回收温度,延炼200万吨/年催化裂化装置
254.4,ST010195,℃,2026-01-20 08:00:00,50%回收温度,延炼200万吨/年催化裂化装置
309.5,ST010195,℃,2026-01-20 08:00:00,90%回收温度,延炼200万吨/年催化裂化装置
327.3,ST010195,℃,2026-01-20 08:00:00,95%回收温度,延炼200万吨/年催化裂化装置
202.5,ST010195,℃,2026-01-21 08:00:00,初馏点温度,延炼200万吨/年催化裂化装置
226.1,ST010195,℃,2026-01-21 08:00:00,10%回收温度,延炼200万吨/年催化裂化装置
256.0,ST010195,℃,2026-01-21 08:00:00,50%回收温度,延炼200万吨/年催化裂化装置
312.3,ST010195,℃,2026-01-21 08:00:00,90%回收温度,延炼200万吨/年催化裂化装置
329.3,ST010195,℃,2026-01-21 08:00:00,95%回收温度,延炼200万吨/年催化裂化装置
202.5,ST010195,℃,2026-01-22 08:00:00,初馏点温度,延炼200万吨/年催化裂化装置
225.9,ST010195,℃,2026-01-22 08:00:00,10%回收温度,延炼200万吨/年催化裂化装置
256.0,ST010195,℃,2026-01-22 08:00:00,50%回收温度,延炼200万吨/年催化裂化装置
313.1,ST010195,℃,2026-01-22 08:00:00,90%回收温度,延炼200万吨/年催化裂化装置
330.0,ST010195,℃,2026-01-22 08:00:00,95%回收温度,延炼200万吨/年催化裂化装置
78.0,ST010195,℃,2026-01-22 08:00:00,闪点(闭口),延炼200万吨/年催化裂化装置
<-20,ST010195,℃,2026-01-22 08:00:00,凝点,延炼200万吨/年催化裂化装置
933,ST010195,mg/kg,2026-01-22 08:00:00,硫含量,延炼200万吨/年催化裂化装置
202.4,ST010195,℃,2026-01-23 08:00:00,初馏点温度,延炼200万吨/年催化裂化装置
225.5,ST010195,℃,2026-01-23 08:00:00,10%回收温度,延炼200万吨/年催化裂化装置
256.0,ST010195,℃,2026-01-23 08:00:00,50%回收温度,延炼200万吨/年催化裂化装置
312.5,ST010195,℃,2026-01-23 08:00:00,90%回收温度,延炼200万吨/年催化裂化装置
329.4,ST010195,℃,2026-01-23 08:00:00,95%回收温度,延炼200万吨/年催化裂化装置
203.2,ST010195,℃,2026-01-24 08:00:00,初馏点温度,延炼200万吨/年催化裂化装置
227.6,ST010195,℃,2026-01-24 08:00:00,10%回收温度,延炼200万吨/年催化裂化装置
257.7,ST010195,℃,2026-01-24 08:00:00,50%回收温度,延炼200万吨/年催化裂化装置
313.6,ST010195,℃,2026-01-24 08:00:00,90%回收温度,延炼200万吨/年催化裂化装置
330.0,ST010195,℃,2026-01-24 08:00:00,95%回收温度,延炼200万吨/年催化裂化装置
202.5,ST010195,℃,2026-01-25 08:00:00,初馏点温度,延炼200万吨/年催化裂化装置
225.5,ST010195,℃,2026-01-25 08:00:00,10%回收温度,延炼200万吨/年催化裂化装置
256.2,ST010195,℃,2026-01-25 08:00:00,50%回收温度,延炼200万吨/年催化裂化装置
312.7,ST010195,℃,2026-01-25 08:00:00,90%回收温度,延炼200万吨/年催化裂化装置
329.5,ST010195,℃,2026-01-25 08:00:00,95%回收温度,延炼200万吨/年催化裂化装置
202.9,ST010195,℃,2026-01-26 08:00:00,初馏点温度,延炼200万吨/年催化裂化装置
226.8,ST010195,℃,2026-01-26 08:00:00,10%回收温度,延炼200万吨/年催化裂化装置
257.1,ST010195,℃,2026-01-26 08:00:00,50%回收温度,延炼200万吨/年催化裂化装置
312.9,ST010195,℃,2026-01-26 08:00:00,90%回收温度,延炼200万吨/年催化裂化装置
329.2,ST010195,℃,2026-01-26 08:00:00,95%回收温度,延炼200万吨/年催化裂化装置
201.9,ST010195,℃,2026-01-27 08:00:00,初馏点温度,延炼200万吨/年催化裂化装置
224.6,ST010195,℃,2026-01-27 08:00:00,10%回收温度,延炼200万吨/年催化裂化装置
254.3,ST010195,℃,2026-01-27 08:00:00,50%回收温度,延炼200万吨/年催化裂化装置
309.7,ST010195,℃,2026-01-27 08:00:00,90%回收温度,延炼200万吨/年催化裂化装置
327.3,ST010195,℃,2026-01-27 08:00:00,95%回收温度,延炼200万吨/年催化裂化装置
202.3,ST010195,℃,2026-01-28 08:00:00,初馏点温度,延炼200万吨/年催化裂化装置
225.3,ST010195,℃,2026-01-28 08:00:00,10%回收温度,延炼200万吨/年催化裂化装置
255.0,ST010195,℃,2026-01-28 08:00:00,50%回收温度,延炼200万吨/年催化裂化装置
310.0,ST010195,℃,2026-01-28 08:00:00,90%回收温度,延炼200万吨/年催化裂化装置
327.4,ST010195,℃,2026-01-28 08:00:00,95%回收温度,延炼200万吨/年催化裂化装置
857,ST010195,mg/kg,2026-01-29 08:00:00,硫含量,延炼200万吨/年催化裂化装置
203.1,ST010195,℃,2026-01-29 08:00:00,初馏点温度,延炼200万吨/年催化裂化装置
227.4,ST010195,℃,2026-01-29 08:00:00,10%回收温度,延炼200万吨/年催化裂化装置
257.3,ST010195,℃,2026-01-29 08:00:00,50%回收温度,延炼200万吨/年催化裂化装置
312.9,ST010195,℃,2026-01-29 08:00:00,90%回收温度,延炼200万吨/年催化裂化装置
329.2,ST010195,℃,2026-01-29 08:00:00,95%回收温度,延炼200万吨/年催化裂化装置
79.0,ST010195,℃,2026-01-29 08:00:00,闪点(闭口),延炼200万吨/年催化裂化装置
<-20,ST010195,℃,2026-01-29 08:00:00,凝点,延炼200万吨/年催化裂化装置
202.9,ST010195,℃,2026-01-30 08:00:00,初馏点温度,延炼200万吨/年催化裂化装置
227.4,ST010195,℃,2026-01-30 08:00:00,10%回收温度,延炼200万吨/年催化裂化装置
257.3,ST010195,℃,2026-01-30 08:00:00,50%回收温度,延炼200万吨/年催化裂化装置
313.2,ST010195,℃,2026-01-30 08:00:00,90%回收温度,延炼200万吨/年催化裂化装置
329.7,ST010195,℃,2026-01-30 08:00:00,95%回收温度,延炼200万吨/年催化裂化装置
203.2,ST010195,℃,2026-01-31 08:00:00,初馏点温度,延炼200万吨/年催化裂化装置
227.9,ST010195,℃,2026-01-31 08:00:00,10%回收温度,延炼200万吨/年催化裂化装置
257.3,ST010195,℃,2026-01-31 08:00:00,50%回收温度,延炼200万吨/年催化裂化装置
312.4,ST010195,℃,2026-01-31 08:00:00,90%回收温度,延炼200万吨/年催化裂化装置
328.8,ST010195,℃,2026-01-31 08:00:00,95%回收温度,延炼200万吨/年催化裂化装置
202.3,ST010195,℃,2026-02-01 08:00:00,初馏点温度,延炼200万吨/年催化裂化装置
225.3,ST010195,℃,2026-02-01 08:00:00,10%回收温度,延炼200万吨/年催化裂化装置
254.6,ST010195,℃,2026-02-01 08:00:00,50%回收温度,延炼200万吨/年催化裂化装置
307.9,ST010195,℃,2026-02-01 08:00:00,90%回收温度,延炼200万吨/年催化裂化装置
326.3,ST010195,℃,2026-02-01 08:00:00,95%回收温度,延炼200万吨/年催化裂化装置
202.0,ST010195,℃,2026-02-02 08:00:00,初馏点温度,延炼200万吨/年催化裂化装置
224.7,ST010195,℃,2026-02-02 08:00:00,10%回收温度,延炼200万吨/年催化裂化装置
255.0,ST010195,℃,2026-02-02 08:00:00,50%回收温度,延炼200万吨/年催化裂化装置
311.2,ST010195,℃,2026-02-02 08:00:00,90%回收温度,延炼200万吨/年催化裂化装置
328.3,ST010195,℃,2026-02-02 08:00:00,95%回收温度,延炼200万吨/年催化裂化装置
201.9,ST010195,℃,2026-02-03 08:00:00,初馏点温度,延炼200万吨/年催化裂化装置
224.6,ST010195,℃,2026-02-03 08:00:00,10%回收温度,延炼200万吨/年催化裂化装置
253.1,ST010195,℃,2026-02-03 08:00:00,50%回收温度,延炼200万吨/年催化裂化装置
308.4,ST010195,℃,2026-02-03 08:00:00,90%回收温度,延炼200万吨/年催化裂化装置
327.2,ST010195,℃,2026-02-03 08:00:00,95%回收温度,延炼200万吨/年催化裂化装置
202.4,ST010195,℃,2026-02-04 08:00:00,初馏点温度,延炼200万吨/年催化裂化装置
225.0,ST010195,℃,2026-02-04 08:00:00,10%回收温度,延炼200万吨/年催化裂化装置
255.1,ST010195,℃,2026-02-04 08:00:00,50%回收温度,延炼200万吨/年催化裂化装置
311.8,ST010195,℃,2026-02-04 08:00:00,90%回收温度,延炼200万吨/年催化裂化装置
329.0,ST010195,℃,2026-02-04 08:00:00,95%回收温度,延炼200万吨/年催化裂化装置
202.6,ST010195,℃,2026-02-05 08:00:00,初馏点温度,延炼200万吨/年催化裂化装置
225.8,ST010195,℃,2026-02-05 08:00:00,10%回收温度,延炼200万吨/年催化裂化装置
256.2,ST010195,℃,2026-02-05 08:00:00,50%回收温度,延炼200万吨/年催化裂化装置
312.9,ST010195,℃,2026-02-05 08:00:00,90%回收温度,延炼200万吨/年催化裂化装置
329.9,ST010195,℃,2026-02-05 08:00:00,95%回收温度,延炼200万吨/年催化裂化装置
1126,ST010195,mg/kg,2026-02-05 08:00:00,硫含量,延炼200万吨/年催化裂化装置
79.0,ST010195,℃,2026-02-05 08:00:00,闪点(闭口),延炼200万吨/年催化裂化装置
<-20,ST010195,℃,2026-02-05 08:00:00,凝点,延炼200万吨/年催化裂化装置
201.0,ST010195,℃,2026-02-06 08:00:00,初馏点温度,延炼200万吨/年催化裂化装置
223.3,ST010195,℃,2026-02-06 08:00:00,10%回收温度,延炼200万吨/年催化裂化装置
253.2,ST010195,℃,2026-02-06 08:00:00,50%回收温度,延炼200万吨/年催化裂化装置
310.9,ST010195,℃,2026-02-06 08:00:00,90%回收温度,延炼200万吨/年催化裂化装置
328.6,ST010195,℃,2026-02-06 08:00:00,95%回收温度,延炼200万吨/年催化裂化装置
201.8,ST010195,℃,2026-02-07 08:00:00,初馏点温度,延炼200万吨/年催化裂化装置
224.6,ST010195,℃,2026-02-07 08:00:00,10%回收温度,延炼200万吨/年催化裂化装置
254.3,ST010195,℃,2026-02-07 08:00:00,50%回收温度,延炼200万吨/年催化裂化装置
311.4,ST010195,℃,2026-02-07 08:00:00,90%回收温度,延炼200万吨/年催化裂化装置
329.1,ST010195,℃,2026-02-07 08:00:00,95%回收温度,延炼200万吨/年催化裂化装置
202.5,ST010195,℃,2026-02-08 08:00:00,初馏点温度,延炼200万吨/年催化裂化装置
225.4,ST010195,℃,2026-02-08 08:00:00,10%回收温度,延炼200万吨/年催化裂化装置
255.4,ST010195,℃,2026-02-08 08:00:00,50%回收温度,延炼200万吨/年催化裂化装置
312.8,ST010195,℃,2026-02-08 08:00:00,90%回收温度,延炼200万吨/年催化裂化装置
330.4,ST010195,℃,2026-02-08 08:00:00,95%回收温度,延炼200万吨/年催化裂化装置
203.8,ST010195,℃,2026-02-09 08:00:00,初馏点温度,延炼200万吨/年催化裂化装置
228.0,ST010195,℃,2026-02-09 08:00:00,10%回收温度,延炼200万吨/年催化裂化装置
257.2,ST010195,℃,2026-02-09 08:00:00,50%回收温度,延炼200万吨/年催化裂化装置
313.8,ST010195,℃,2026-02-09 08:00:00,90%回收温度,延炼200万吨/年催化裂化装置
331.2,ST010195,℃,2026-02-09 08:00:00,95%回收温度,延炼200万吨/年催化裂化装置
202.9,ST010195,℃,2026-02-10 08:00:00,初馏点温度,延炼200万吨/年催化裂化装置
226.6,ST010195,℃,2026-02-10 08:00:00,10%回收温度,延炼200万吨/年催化裂化装置
256.4,ST010195,℃,2026-02-10 08:00:00,50%回收温度,延炼200万吨/年催化裂化装置
313.2,ST010195,℃,2026-02-10 08:00:00,90%回收温度,延炼200万吨/年催化裂化装置
330.4,ST010195,℃,2026-02-10 08:00:00,95%回收温度,延炼200万吨/年催化裂化装置
201.6,ST010195,℃,2026-02-11 08:00:00,初馏点温度,延炼200万吨/年催化裂化装置
224.1,ST010195,℃,2026-02-11 08:00:00,10%回收温度,延炼200万吨/年催化裂化装置
252.6,ST010195,℃,2026-02-11 08:00:00,50%回收温度,延炼200万吨/年催化裂化装置
308.6,ST010195,℃,2026-02-11 08:00:00,90%回收温度,延炼200万吨/年催化裂化装置
327.5,ST010195,℃,2026-02-11 08:00:00,95%回收温度,延炼200万吨/年催化裂化装置
<-20,ST010195,℃,2026-02-12 08:00:00,凝点,延炼200万吨/年催化裂化装置
78.0,ST010195,℃,2026-02-12 08:00:00,闪点(闭口),延炼200万吨/年催化裂化装置
202.3,ST010195,℃,2026-02-12 08:00:00,初馏点温度,延炼200万吨/年催化裂化装置
224.6,ST010195,℃,2026-02-12 08:00:00,10%回收温度,延炼200万吨/年催化裂化装置
254.0,ST010195,℃,2026-02-12 08:00:00,50%回收温度,延炼200万吨/年催化裂化装置
311.5,ST010195,℃,2026-02-12 08:00:00,90%回收温度,延炼200万吨/年催化裂化装置
329.5,ST010195,℃,2026-02-12 08:00:00,95%回收温度,延炼200万吨/年催化裂化装置
1089,ST010195,mg/kg,2026-02-12 08:00:00,硫含量,延炼200万吨/年催化裂化装置
201.4,ST010195,℃,2026-02-13 08:00:00,初馏点温度,延炼200万吨/年催化裂化装置
223.8,ST010195,℃,2026-02-13 08:00:00,10%回收温度,延炼200万吨/年催化裂化装置
252.5,ST010195,℃,2026-02-13 08:00:00,50%回收温度,延炼200万吨/年催化裂化装置
309.6,ST010195,℃,2026-02-13 08:00:00,90%回收温度,延炼200万吨/年催化裂化装置
328.0,ST010195,℃,2026-02-13 08:00:00,95%回收温度,延炼200万吨/年催化裂化装置
200.8,ST010195,℃,2026-02-14 08:00:00,初馏点温度,延炼200万吨/年催化裂化装置
223.0,ST010195,℃,2026-02-14 08:00:00,10%回收温度,延炼200万吨/年催化裂化装置
249.7,ST010195,℃,2026-02-14 08:00:00,50%回收温度,延炼200万吨/年催化裂化装置
306.5,ST010195,℃,2026-02-14 08:00:00,90%回收温度,延炼200万吨/年催化裂化装置
326.8,ST010195,℃,2026-02-14 08:00:00,95%回收温度,延炼200万吨/年催化裂化装置
202.3,ST010195,℃,2026-02-15 08:00:00,初馏点温度,延炼200万吨/年催化裂化装置
225.3,ST010195,℃,2026-02-15 08:00:00,10%回收温度,延炼200万吨/年催化裂化装置
254.4,ST010195,℃,2026-02-15 08:00:00,50%回收温度,延炼200万吨/年催化裂化装置
310.5,ST010195,℃,2026-02-15 08:00:00,90%回收温度,延炼200万吨/年催化裂化装置
328.4,ST010195,℃,2026-02-15 08:00:00,95%回收温度,延炼200万吨/年催化裂化装置
201.2,ST010195,℃,2026-02-16 08:00:00,初馏点温度,延炼200万吨/年催化裂化装置
223.3,ST010195,℃,2026-02-16 08:00:00,10%回收温度,延炼200万吨/年催化裂化装置
250.7,ST010195,℃,2026-02-16 08:00:00,50%回收温度,延炼200万吨/年催化裂化装置
306.8,ST010195,℃,2026-02-16 08:00:00,90%回收温度,延炼200万吨/年催化裂化装置
326.8,ST010195,℃,2026-02-16 08:00:00,95%回收温度,延炼200万吨/年催化裂化装置
201.7,ST010195,℃,2026-02-17 08:00:00,初馏点温度,延炼200万吨/年催化裂化装置
223.9,ST010195,℃,2026-02-17 08:00:00,10%回收温度,延炼200万吨/年催化裂化装置
250.9,ST010195,℃,2026-02-17 08:00:00,50%回收温度,延炼200万吨/年催化裂化装置
306.1,ST010195,℃,2026-02-17 08:00:00,90%回收温度,延炼200万吨/年催化裂化装置
326.4,ST010195,℃,2026-02-17 08:00:00,95%回收温度,延炼200万吨/年催化裂化装置
328.6,ST010195,℃,2026-02-18 08:00:00,95%回收温度,延炼200万吨/年催化裂化装置
201.3,ST010195,℃,2026-02-18 08:00:00,初馏点温度,延炼200万吨/年催化裂化装置
223.8,ST010195,℃,2026-02-18 08:00:00,10%回收温度,延炼200万吨/年催化裂化装置
251.7,ST010195,℃,2026-02-18 08:00:00,50%回收温度,延炼200万吨/年催化裂化装置
309.6,ST010195,℃,2026-02-18 08:00:00,90%回收温度,延炼200万吨/年催化裂化装置
<-20,ST010195,℃,2026-02-19 08:00:00,凝点,延炼200万吨/年催化裂化装置
76.0,ST010195,℃,2026-02-19 08:00:00,闪点(闭口),延炼200万吨/年催化裂化装置
828,ST010195,mg/kg,2026-02-19 08:00:00,硫含量,延炼200万吨/年催化裂化装置
201.0,ST010195,℃,2026-02-19 08:00:00,初馏点温度,延炼200万吨/年催化裂化装置
223.3,ST010195,℃,2026-02-19 08:00:00,10%回收温度,延炼200万吨/年催化裂化装置
249.3,ST010195,℃,2026-02-19 08:00:00,50%回收温度,延炼200万吨/年催化裂化装置
305.1,ST010195,℃,2026-02-19 08:00:00,90%回收温度,延炼200万吨/年催化裂化装置
325.4,ST010195,℃,2026-02-19 08:00:00,95%回收温度,延炼200万吨/年催化裂化装置
305.4,ST010195,℃,2026-02-20 08:00:00,90%回收温度,延炼200万吨/年催化裂化装置
325.5,ST010195,℃,2026-02-20 08:00:00,95%回收温度,延炼200万吨/年催化裂化装置
201.0,ST010195,℃,2026-02-20 08:00:00,初馏点温度,延炼200万吨/年催化裂化装置
223.3,ST010195,℃,2026-02-20 08:00:00,10%回收温度,延炼200万吨/年催化裂化装置
250.2,ST010195,℃,2026-02-20 08:00:00,50%回收温度,延炼200万吨/年催化裂化装置
202.1,ST010195,℃,2026-02-21 08:00:00,初馏点温度,延炼200万吨/年催化裂化装置
224.5,ST010195,℃,2026-02-21 08:00:00,10%回收温度,延炼200万吨/年催化裂化装置
252.2,ST010195,℃,2026-02-21 08:00:00,50%回收温度,延炼200万吨/年催化裂化装置
308.1,ST010195,℃,2026-02-21 08:00:00,90%回收温度,延炼200万吨/年催化裂化装置
327.5,ST010195,℃,2026-02-21 08:00:00,95%回收温度,延炼200万吨/年催化裂化装置
202.1,ST010195,℃,2026-02-22 08:00:00,初馏点温度,延炼200万吨/年催化裂化装置
224.2,ST010195,℃,2026-02-22 08:00:00,10%回收温度,延炼200万吨/年催化裂化装置
251.9,ST010195,℃,2026-02-22 08:00:00,50%回收温度,延炼200万吨/年催化裂化装置
307.6,ST010195,℃,2026-02-22 08:00:00,90%回收温度,延炼200万吨/年催化裂化装置
327.2,ST010195,℃,2026-02-22 08:00:00,95%回收温度,延炼200万吨/年催化裂化装置
201.6,ST010195,℃,2026-02-23 08:00:00,初馏点温度,延炼200万吨/年催化裂化装置
223.5,ST010195,℃,2026-02-23 08:00:00,10%回收温度,延炼200万吨/年催化裂化装置
249.9,ST010195,℃,2026-02-23 08:00:00,50%回收温度,延炼200万吨/年催化裂化装置
305.6,ST010195,℃,2026-02-23 08:00:00,90%回收温度,延炼200万吨/年催化裂化装置
325.8,ST010195,℃,2026-02-23 08:00:00,95%回收温度,延炼200万吨/年催化裂化装置
201.8,ST010195,℃,2026-02-24 08:00:00,初馏点温度,延炼200万吨/年催化裂化装置
223.9,ST010195,℃,2026-02-24 08:00:00,10%回收温度,延炼200万吨/年催化裂化装置
251.9,ST010195,℃,2026-02-24 08:00:00,50%回收温度,延炼200万吨/年催化裂化装置
308.8,ST010195,℃,2026-02-24 08:00:00,90%回收温度,延炼200万吨/年催化裂化装置
327.8,ST010195,℃,2026-02-24 08:00:00,95%回收温度,延炼200万吨/年催化裂化装置
202.4,ST010195,℃,2026-02-25 08:00:00,初馏点温度,延炼200万吨/年催化裂化装置
226.0,ST010195,℃,2026-02-25 08:00:00,10%回收温度,延炼200万吨/年催化裂化装置
257.3,ST010195,℃,2026-02-25 08:00:00,50%回收温度,延炼200万吨/年催化裂化装置
315.0,ST010195,℃,2026-02-25 08:00:00,90%回收温度,延炼200万吨/年催化裂化装置
332.2,ST010195,℃,2026-02-25 08:00:00,95%回收温度,延炼200万吨/年催化裂化装置
201.4,ST010195,℃,2026-02-26 08:00:00,初馏点温度,延炼200万吨/年催化裂化装置
225.0,ST010195,℃,2026-02-26 08:00:00,10%回收温度,延炼200万吨/年催化裂化装置
256.3,ST010195,℃,2026-02-26 08:00:00,50%回收温度,延炼200万吨/年催化裂化装置
314.4,ST010195,℃,2026-02-26 08:00:00,90%回收温度,延炼200万吨/年催化裂化装置
331.9,ST010195,℃,2026-02-26 08:00:00,95%回收温度,延炼200万吨/年催化裂化装置
1004,ST010195,mg/kg,2026-02-26 08:00:00,硫含量,延炼200万吨/年催化裂化装置
76.5,ST010195,℃,2026-02-26 08:00:00,闪点(闭口),延炼200万吨/年催化裂化装置
<-20,ST010195,℃,2026-02-26 08:00:00,凝点,延炼200万吨/年催化裂化装置
202.7,ST010195,℃,2026-02-27 08:00:00,初馏点温度,延炼200万吨/年催化裂化装置
226.7,ST010195,℃,2026-02-27 08:00:00,10%回收温度,延炼200万吨/年催化裂化装置
257.1,ST010195,℃,2026-02-27 08:00:00,50%回收温度,延炼200万吨/年催化裂化装置
314.1,ST010195,℃,2026-02-27 08:00:00,90%回收温度,延炼200万吨/年催化裂化装置
331.2,ST010195,℃,2026-02-27 08:00:00,95%回收温度,延炼200万吨/年催化裂化装置
203.3,ST010195,℃,2026-02-28 08:00:00,初馏点温度,延炼200万吨/年催化裂化装置
228.2,ST010195,℃,2026-02-28 08:00:00,10%回收温度,延炼200万吨/年催化裂化装置
258.8,ST010195,℃,2026-02-28 08:00:00,50%回收温度,延炼200万吨/年催化裂化装置
316.3,ST010195,℃,2026-02-28 08:00:00,90%回收温度,延炼200万吨/年催化裂化装置
333.4,ST010195,℃,2026-02-28 08:00:00,95%回收温度,延炼200万吨/年催化裂化装置
203.0,ST010195,℃,2026-03-01 08:00:00,初馏点温度,延炼200万吨/年催化裂化装置
227.9,ST010195,℃,2026-03-01 08:00:00,10%回收温度,延炼200万吨/年催化裂化装置
258.8,ST010195,℃,2026-03-01 08:00:00,50%回收温度,延炼200万吨/年催化裂化装置
318.4,ST010195,℃,2026-03-01 08:00:00,90%回收温度,延炼200万吨/年催化裂化装置
336.9,ST010195,℃,2026-03-01 08:00:00,95%回收温度,延炼200万吨/年催化裂化装置
203.7,ST010195,℃,2026-03-02 08:00:00,初馏点温度,延炼200万吨/年催化裂化装置
229.0,ST010195,℃,2026-03-02 08:00:00,10%回收温度,延炼200万吨/年催化裂化装置
258.0,ST010195,℃,2026-03-02 08:00:00,50%回收温度,延炼200万吨/年催化裂化装置
313.5,ST010195,℃,2026-03-02 08:00:00,90%回收温度,延炼200万吨/年催化裂化装置
330.0,ST010195,℃,2026-03-02 08:00:00,95%回收温度,延炼200万吨/年催化裂化装置
202.6,ST010195,℃,2026-03-03 08:00:00,初馏点温度,延炼200万吨/年催化裂化装置
225.9,ST010195,℃,2026-03-03 08:00:00,10%回收温度,延炼200万吨/年催化裂化装置
256.2,ST010195,℃,2026-03-03 08:00:00,50%回收温度,延炼200万吨/年催化裂化装置
313.3,ST010195,℃,2026-03-03 08:00:00,90%回收温度,延炼200万吨/年催化裂化装置
330.4,ST010195,℃,2026-03-03 08:00:00,95%回收温度,延炼200万吨/年催化裂化装置
202.1,ST010195,℃,2026-03-04 08:00:00,初馏点温度,延炼200万吨/年催化裂化装置
225.2,ST010195,℃,2026-03-04 08:00:00,10%回收温度,延炼200万吨/年催化裂化装置
254.4,ST010195,℃,2026-03-04 08:00:00,50%回收温度,延炼200万吨/年催化裂化装置
310.2,ST010195,℃,2026-03-04 08:00:00,90%回收温度,延炼200万吨/年催化裂化装置
328.0,ST010195,℃,2026-03-04 08:00:00,95%回收温度,延炼200万吨/年催化裂化装置
81.0,ST010195,℃,2026-03-05 08:00:00,闪点(闭口),延炼200万吨/年催化裂化装置
<-20,ST010195,℃,2026-03-05 08:00:00,凝点,延炼200万吨/年催化裂化装置
925,ST010195,mg/kg,2026-03-05 08:00:00,硫含量,延炼200万吨/年催化裂化装置
203.2,ST010195,℃,2026-03-05 08:00:00,初馏点温度,延炼200万吨/年催化裂化装置
227.2,ST010195,℃,2026-03-05 08:00:00,10%回收温度,延炼200万吨/年催化裂化装置
256.7,ST010195,℃,2026-03-05 08:00:00,50%回收温度,延炼200万吨/年催化裂化装置
312.7,ST010195,℃,2026-03-05 08:00:00,90%回收温度,延炼200万吨/年催化裂化装置
330.0,ST010195,℃,2026-03-05 08:00:00,95%回收温度,延炼200万吨/年催化裂化装置
202.7,ST010195,℃,2026-03-06 08:00:00,初馏点温度,延炼200万吨/年催化裂化装置
226.6,ST010195,℃,2026-03-06 08:00:00,10%回收温度,延炼200万吨/年催化裂化装置
256.3,ST010195,℃,2026-03-06 08:00:00,50%回收温度,延炼200万吨/年催化裂化装置
313.0,ST010195,℃,2026-03-06 08:00:00,90%回收温度,延炼200万吨/年催化裂化装置
330.8,ST010195,℃,2026-03-06 08:00:00,95%回收温度,延炼200万吨/年催化裂化装置
202.7,ST010195,℃,2026-03-07 08:00:00,初馏点温度,延炼200万吨/年催化裂化装置
225.9,ST010195,℃,2026-03-07 08:00:00,10%回收温度,延炼200万吨/年催化裂化装置
255.2,ST010195,℃,2026-03-07 08:00:00,50%回收温度,延炼200万吨/年催化裂化装置
310.8,ST010195,℃,2026-03-07 08:00:00,90%回收温度,延炼200万吨/年催化裂化装置
328.5,ST010195,℃,2026-03-07 08:00:00,95%回收温度,延炼200万吨/年催化裂化装置
202.7,ST010195,℃,2026-03-08 08:00:00,初馏点温度,延炼200万吨/年催化裂化装置
226.1,ST010195,℃,2026-03-08 08:00:00,10%回收温度,延炼200万吨/年催化裂化装置
255.0,ST010195,℃,2026-03-08 08:00:00,50%回收温度,延炼200万吨/年催化裂化装置
310.0,ST010195,℃,2026-03-08 08:00:00,90%回收温度,延炼200万吨/年催化裂化装置
327.9,ST010195,℃,2026-03-08 08:00:00,95%回收温度,延炼200万吨/年催化裂化装置
202.9,ST010195,℃,2026-03-09 08:00:00,初馏点温度,延炼200万吨/年催化裂化装置
226.5,ST010195,℃,2026-03-09 08:00:00,10%回收温度,延炼200万吨/年催化裂化装置
255.2,ST010195,℃,2026-03-09 08:00:00,50%回收温度,延炼200万吨/年催化裂化装置
310.1,ST010195,℃,2026-03-09 08:00:00,90%回收温度,延炼200万吨/年催化裂化装置
327.9,ST010195,℃,2026-03-09 08:00:00,95%回收温度,延炼200万吨/年催化裂化装置
202.9,ST010195,℃,2026-03-10 08:00:00,初馏点温度,延炼200万吨/年催化裂化装置
226.3,ST010195,℃,2026-03-10 08:00:00,10%回收温度,延炼200万吨/年催化裂化装置
255.9,ST010195,℃,2026-03-10 08:00:00,50%回收温度,延炼200万吨/年催化裂化装置
312.4,ST010195,℃,2026-03-10 08:00:00,90%回收温度,延炼200万吨/年催化裂化装置
330.0,ST010195,℃,2026-03-10 08:00:00,95%回收温度,延炼200万吨/年催化裂化装置
203.1,ST010195,℃,2026-03-11 08:00:00,初馏点温度,延炼200万吨/年催化裂化装置
227.0,ST010195,℃,2026-03-11 08:00:00,10%回收温度,延炼200万吨/年催化裂化装置
256.2,ST010195,℃,2026-03-11 08:00:00,50%回收温度,延炼200万吨/年催化裂化装置
312.2,ST010195,℃,2026-03-11 08:00:00,90%回收温度,延炼200万吨/年催化裂化装置
329.5,ST010195,℃,2026-03-11 08:00:00,95%回收温度,延炼200万吨/年催化裂化装置
1185,ST010195,mg/kg,2026-03-12 08:00:00,硫含量,延炼200万吨/年催化裂化装置
202.6,ST010195,℃,2026-03-12 08:00:00,初馏点温度,延炼200万吨/年催化裂化装置
225.6,ST010195,℃,2026-03-12 08:00:00,10%回收温度,延炼200万吨/年催化裂化装置
254.4,ST010195,℃,2026-03-12 08:00:00,50%回收温度,延炼200万吨/年催化裂化装置
310.4,ST010195,℃,2026-03-12 08:00:00,90%回收温度,延炼200万吨/年催化裂化装置
328.6,ST010195,℃,2026-03-12 08:00:00,95%回收温度,延炼200万吨/年催化裂化装置
79.5,ST010195,℃,2026-03-12 08:00:00,闪点(闭口),延炼200万吨/年催化裂化装置
<-20,ST010195,℃,2026-03-12 08:00:00,凝点,延炼200万吨/年催化裂化装置
203.1,ST010195,℃,2026-03-13 08:00:00,初馏点温度,延炼200万吨/年催化裂化装置
227.3,ST010195,℃,2026-03-13 08:00:00,10%回收温度,延炼200万吨/年催化裂化装置
256.6,ST010195,℃,2026-03-13 08:00:00,50%回收温度,延炼200万吨/年催化裂化装置
312.6,ST010195,℃,2026-03-13 08:00:00,90%回收温度,延炼200万吨/年催化裂化装置
329.8,ST010195,℃,2026-03-13 08:00:00,95%回收温度,延炼200万吨/年催化裂化装置
201.7,ST010195,℃,2026-03-14 08:00:00,初馏点温度,延炼200万吨/年催化裂化装置
225.3,ST010195,℃,2026-03-14 08:00:00,10%回收温度,延炼200万吨/年催化裂化装置
255.2,ST010195,℃,2026-03-14 08:00:00,50%回收温度,延炼200万吨/年催化裂化装置
310.9,ST010195,℃,2026-03-14 08:00:00,90%回收温度,延炼200万吨/年催化裂化装置
328.3,ST010195,℃,2026-03-14 08:00:00,95%回收温度,延炼200万吨/年催化裂化装置
202.0,ST010195,℃,2026-03-15 08:00:00,初馏点温度,延炼200万吨/年催化裂化装置
225.5,ST010195,℃,2026-03-15 08:00:00,10%回收温度,延炼200万吨/年催化裂化装置
255.3,ST010195,℃,2026-03-15 08:00:00,50%回收温度,延炼200万吨/年催化裂化装置
311.2,ST010195,℃,2026-03-15 08:00:00,90%回收温度,延炼200万吨/年催化裂化装置
328.6,ST010195,℃,2026-03-15 08:00:00,95%回收温度,延炼200万吨/年催化裂化装置
203.2,ST010195,℃,2026-03-16 08:00:00,初馏点温度,延炼200万吨/年催化裂化装置
227.6,ST010195,℃,2026-03-16 08:00:00,10%回收温度,延炼200万吨/年催化裂化装置
258.0,ST010195,℃,2026-03-16 08:00:00,50%回收温度,延炼200万吨/年催化裂化装置
314.2,ST010195,℃,2026-03-16 08:00:00,90%回收温度,延炼200万吨/年催化裂化装置
331.3,ST010195,℃,2026-03-16 08:00:00,95%回收温度,延炼200万吨/年催化裂化装置
201.5,ST010195,℃,2026-03-17 08:00:00,初馏点温度,延炼200万吨/年催化裂化装置
225.3,ST010195,℃,2026-03-17 08:00:00,10%回收温度,延炼200万吨/年催化裂化装置
255.2,ST010195,℃,2026-03-17 08:00:00,50%回收温度,延炼200万吨/年催化裂化装置
311.3,ST010195,℃,2026-03-17 08:00:00,90%回收温度,延炼200万吨/年催化裂化装置
328.6,ST010195,℃,2026-03-17 08:00:00,95%回收温度,延炼200万吨/年催化裂化装置
198.8,ST010195,℃,2026-03-18 08:00:00,初馏点温度,延炼200万吨/年催化裂化装置
223.6,ST010195,℃,2026-03-18 08:00:00,10%回收温度,延炼200万吨/年催化裂化装置
253.0,ST010195,℃,2026-03-18 08:00:00,50%回收温度,延炼200万吨/年催化裂化装置
308.9,ST010195,℃,2026-03-18 08:00:00,90%回收温度,延炼200万吨/年催化裂化装置
327.4,ST010195,℃,2026-03-18 08:00:00,95%回收温度,延炼200万吨/年催化裂化装置
201.2,ST010195,℃,2026-03-19 08:00:00,初馏点温度,延炼200万吨/年催化裂化装置
225.7,ST010195,℃,2026-03-19 08:00:00,10%回收温度,延炼200万吨/年催化裂化装置
257.2,ST010195,℃,2026-03-19 08:00:00,50%回收温度,延炼200万吨/年催化裂化装置
317.2,ST010195,℃,2026-03-19 08:00:00,90%回收温度,延炼200万吨/年催化裂化装置
335.9,ST010195,℃,2026-03-19 08:00:00,95%回收温度,延炼200万吨/年催化裂化装置
77.0,ST010195,℃,2026-03-19 08:00:00,闪点(闭口),延炼200万吨/年催化裂化装置
1674,ST010195,mg/kg,2026-03-19 08:00:00,硫含量,延炼200万吨/年催化裂化装置
<-20,ST010195,℃,2026-03-19 08:00:00,凝点,延炼200万吨/年催化裂化装置
199.8,ST010195,℃,2026-03-20 08:00:00,初馏点温度,延炼200万吨/年催化裂化装置
224.2,ST010195,℃,2026-03-20 08:00:00,10%回收温度,延炼200万吨/年催化裂化装置
253.6,ST010195,℃,2026-03-20 08:00:00,50%回收温度,延炼200万吨/年催化裂化装置
308.8,ST010195,℃,2026-03-20 08:00:00,90%回收温度,延炼200万吨/年催化裂化装置
327.5,ST010195,℃,2026-03-20 08:00:00,95%回收温度,延炼200万吨/年催化裂化装置
200.1,ST010195,℃,2026-03-21 08:00:00,初馏点温度,延炼200万吨/年催化裂化装置
224.7,ST010195,℃,2026-03-21 08:00:00,10%回收温度,延炼200万吨/年催化裂化装置
255.4,ST010195,℃,2026-03-21 08:00:00,50%回收温度,延炼200万吨/年催化裂化装置
312.4,ST010195,℃,2026-03-21 08:00:00,90%回收温度,延炼200万吨/年催化裂化装置
329.8,ST010195,℃,2026-03-21 08:00:00,95%回收温度,延炼200万吨/年催化裂化装置
199.8,ST010195,℃,2026-03-22 08:00:00,初馏点温度,延炼200万吨/年催化裂化装置
223.9,ST010195,℃,2026-03-22 08:00:00,10%回收温度,延炼200万吨/年催化裂化装置
253.4,ST010195,℃,2026-03-22 08:00:00,50%回收温度,延炼200万吨/年催化裂化装置
309.2,ST010195,℃,2026-03-22 08:00:00,90%回收温度,延炼200万吨/年催化裂化装置
327.7,ST010195,℃,2026-03-22 08:00:00,95%回收温度,延炼200万吨/年催化裂化装置
200.5,ST010195,℃,2026-03-23 08:00:00,初馏点温度,延炼200万吨/年催化裂化装置
225.1,ST010195,℃,2026-03-23 08:00:00,10%回收温度,延炼200万吨/年催化裂化装置
255.4,ST010195,℃,2026-03-23 08:00:00,50%回收温度,延炼200万吨/年催化裂化装置
311.3,ST010195,℃,2026-03-23 08:00:00,90%回收温度,延炼200万吨/年催化裂化装置
328.8,ST010195,℃,2026-03-23 08:00:00,95%回收温度,延炼200万吨/年催化裂化装置
201.1,ST010195,℃,2026-03-24 08:00:00,初馏点温度,延炼200万吨/年催化裂化装置
225.0,ST010195,℃,2026-03-24 08:00:00,10%回收温度,延炼200万吨/年催化裂化装置
255.0,ST010195,℃,2026-03-24 08:00:00,50%回收温度,延炼200万吨/年催化裂化装置
311.1,ST010195,℃,2026-03-24 08:00:00,90%回收温度,延炼200万吨/年催化裂化装置
328.6,ST010195,℃,2026-03-24 08:00:00,95%回收温度,延炼200万吨/年催化裂化装置
201.6,ST010195,℃,2026-03-25 08:00:00,初馏点温度,延炼200万吨/年催化裂化装置
224.9,ST010195,℃,2026-03-25 08:00:00,10%回收温度,延炼200万吨/年催化裂化装置
255.7,ST010195,℃,2026-03-25 08:00:00,50%回收温度,延炼200万吨/年催化裂化装置
313.8,ST010195,℃,2026-03-25 08:00:00,90%回收温度,延炼200万吨/年催化裂化装置
332.0,ST010195,℃,2026-03-25 08:00:00,95%回收温度,延炼200万吨/年催化裂化装置
1368,ST010195,mg/kg,2026-03-26 08:00:00,硫含量,延炼200万吨/年催化裂化装置
78.0,ST010195,℃,2026-03-26 08:00:00,闪点(闭口),延炼200万吨/年催化裂化装置
<-20,ST010195,℃,2026-03-26 08:00:00,凝点,延炼200万吨/年催化裂化装置
199.6,ST010195,℃,2026-03-26 08:00:00,初馏点温度,延炼200万吨/年催化裂化装置
223.5,ST010195,℃,2026-03-26 08:00:00,10%回收温度,延炼200万吨/年催化裂化装置
254.8,ST010195,℃,2026-03-26 08:00:00,50%回收温度,延炼200万吨/年催化裂化装置
313.5,ST010195,℃,2026-03-26 08:00:00,90%回收温度,延炼200万吨/年催化裂化装置
331.8,ST010195,℃,2026-03-26 08:00:00,95%回收温度,延炼200万吨/年催化裂化装置
200.4,ST010195,℃,2026-03-27 08:00:00,初馏点温度,延炼200万吨/年催化裂化装置
223.9,ST010195,℃,2026-03-27 08:00:00,10%回收温度,延炼200万吨/年催化裂化装置
255.4,ST010195,℃,2026-03-27 08:00:00,50%回收温度,延炼200万吨/年催化裂化装置
314.4,ST010195,℃,2026-03-27 08:00:00,90%回收温度,延炼200万吨/年催化裂化装置
332.6,ST010195,℃,2026-03-27 08:00:00,95%回收温度,延炼200万吨/年催化裂化装置
198.7,ST010195,℃,2026-03-28 08:00:00,初馏点温度,延炼200万吨/年催化裂化装置
222.7,ST010195,℃,2026-03-28 08:00:00,10%回收温度,延炼200万吨/年催化裂化装置
252.8,ST010195,℃,2026-03-28 08:00:00,50%回收温度,延炼200万吨/年催化裂化装置
310.4,ST010195,℃,2026-03-28 08:00:00,90%回收温度,延炼200万吨/年催化裂化装置
328.6,ST010195,℃,2026-03-28 08:00:00,95%回收温度,延炼200万吨/年催化裂化装置
200.7,ST010195,℃,2026-03-29 08:00:00,初馏点温度,延炼200万吨/年催化裂化装置
224.2,ST010195,℃,2026-03-29 08:00:00,10%回收温度,延炼200万吨/年催化裂化装置
255.3,ST010195,℃,2026-03-29 08:00:00,50%回收温度,延炼200万吨/年催化裂化装置
313.9,ST010195,℃,2026-03-29 08:00:00,90%回收温度,延炼200万吨/年催化裂化装置
332.0,ST010195,℃,2026-03-29 08:00:00,95%回收温度,延炼200万吨/年催化裂化装置
199.1,ST010195,℃,2026-03-30 08:00:00,初馏点温度,延炼200万吨/年催化裂化装置
223.3,ST010195,℃,2026-03-30 08:00:00,10%回收温度,延炼200万吨/年催化裂化装置
254.1,ST010195,℃,2026-03-30 08:00:00,50%回收温度,延炼200万吨/年催化裂化装置
312.8,ST010195,℃,2026-03-30 08:00:00,90%回收温度,延炼200万吨/年催化裂化装置
331.0,ST010195,℃,2026-03-30 08:00:00,95%回收温度,延炼200万吨/年催化裂化装置
204.0,ST010195,℃,2026-03-31 08:00:00,初馏点温度,延炼200万吨/年催化裂化装置
228.1,ST010195,℃,2026-03-31 08:00:00,10%回收温度,延炼200万吨/年催化裂化装置
260.2,ST010195,℃,2026-03-31 08:00:00,50%回收温度,延炼200万吨/年催化裂化装置
320.3,ST010195,℃,2026-03-31 08:00:00,90%回收温度,延炼200万吨/年催化裂化装置
339.2,ST010195,℃,2026-03-31 08:00:00,95%回收温度,延炼200万吨/年催化裂化装置
199.7,ST010195,℃,2026-04-01 08:00:00,初馏点温度,延炼200万吨/年催化裂化装置
223.4,ST010195,℃,2026-04-01 08:00:00,10%回收温度,延炼200万吨/年催化裂化装置
252.9,ST010195,℃,2026-04-01 08:00:00,50%回收温度,延炼200万吨/年催化裂化装置
310.3,ST010195,℃,2026-04-01 08:00:00,90%回收温度,延炼200万吨/年催化裂化装置
328.7,ST010195,℃,2026-04-01 08:00:00,95%回收温度,延炼200万吨/年催化裂化装置
74.5,ST010195,℃,2026-04-02 08:00:00,闪点(闭口),延炼200万吨/年催化裂化装置
<-20,ST010195,℃,2026-04-02 08:00:00,凝点,延炼200万吨/年催化裂化装置
968,ST010195,mg/kg,2026-04-02 08:00:00,硫含量,延炼200万吨/年催化裂化装置
200.0,ST010195,℃,2026-04-02 08:00:00,初馏点温度,延炼200万吨/年催化裂化装置
224.1,ST010195,℃,2026-04-02 08:00:00,10%回收温度,延炼200万吨/年催化裂化装置
254.7,ST010195,℃,2026-04-02 08:00:00,50%回收温度,延炼200万吨/年催化裂化装置
312.0,ST010195,℃,2026-04-02 08:00:00,90%回收温度,延炼200万吨/年催化裂化装置
329.5,ST010195,℃,2026-04-02 08:00:00,95%回收温度,延炼200万吨/年催化裂化装置
225.6,ST010195,℃,2026-04-03 08:00:00,10%回收温度,延炼200万吨/年催化裂化装置
256.8,ST010195,℃,2026-04-03 08:00:00,50%回收温度,延炼200万吨/年催化裂化装置
314.1,ST010195,℃,2026-04-03 08:00:00,90%回收温度,延炼200万吨/年催化裂化装置
331.5,ST010195,℃,2026-04-03 08:00:00,95%回收温度,延炼200万吨/年催化裂化装置
202.2,ST010195,℃,2026-04-03 08:00:00,初馏点温度,延炼200万吨/年催化裂化装置
201.9,ST010195,℃,2026-04-04 08:00:00,初馏点温度,延炼200万吨/年催化裂化装置
225.1,ST010195,℃,2026-04-04 08:00:00,10%回收温度,延炼200万吨/年催化裂化装置
256.1,ST010195,℃,2026-04-04 08:00:00,50%回收温度,延炼200万吨/年催化裂化装置
313.1,ST010195,℃,2026-04-04 08:00:00,90%回收温度,延炼200万吨/年催化裂化装置
330.3,ST010195,℃,2026-04-04 08:00:00,95%回收温度,延炼200万吨/年催化裂化装置
201.5,ST010195,℃,2026-04-05 08:00:00,初馏点温度,延炼200万吨/年催化裂化装置
224.7,ST010195,℃,2026-04-05 08:00:00,10%回收温度,延炼200万吨/年催化裂化装置
254.8,ST010195,℃,2026-04-05 08:00:00,50%回收温度,延炼200万吨/年催化裂化装置
312.4,ST010195,℃,2026-04-05 08:00:00,90%回收温度,延炼200万吨/年催化裂化装置
330.4,ST010195,℃,2026-04-05 08:00:00,95%回收温度,延炼200万吨/年催化裂化装置
201.7,ST010195,℃,2026-04-06 08:00:00,初馏点温度,延炼200万吨/年催化裂化装置
225.0,ST010195,℃,2026-04-06 08:00:00,10%回收温度,延炼200万吨/年催化裂化装置
255.4,ST010195,℃,2026-04-06 08:00:00,50%回收温度,延炼200万吨/年催化裂化装置
312.2,ST010195,℃,2026-04-06 08:00:00,90%回收温度,延炼200万吨/年催化裂化装置
329.8,ST010195,℃,2026-04-06 08:00:00,95%回收温度,延炼200万吨/年催化裂化装置
201.6,ST010195,℃,2026-04-07 08:00:00,初馏点温度,延炼200万吨/年催化裂化装置
224.9,ST010195,℃,2026-04-07 08:00:00,10%回收温度,延炼200万吨/年催化裂化装置
255.2,ST010195,℃,2026-04-07 08:00:00,50%回收温度,延炼200万吨/年催化裂化装置
312.5,ST010195,℃,2026-04-07 08:00:00,90%回收温度,延炼200万吨/年催化裂化装置
330.5,ST010195,℃,2026-04-07 08:00:00,95%回收温度,延炼200万吨/年催化裂化装置
201.1,ST010195,℃,2026-04-08 08:00:00,初馏点温度,延炼200万吨/年催化裂化装置
224.2,ST010195,℃,2026-04-08 08:00:00,10%回收温度,延炼200万吨/年催化裂化装置
254.8,ST010195,℃,2026-04-08 08:00:00,50%回收温度,延炼200万吨/年催化裂化装置
312.8,ST010195,℃,2026-04-08 08:00:00,90%回收温度,延炼200万吨/年催化裂化装置
330.7,ST010195,℃,2026-04-08 08:00:00,95%回收温度,延炼200万吨/年催化裂化装置
<-20,ST010195,℃,2026-04-09 08:00:00,凝点,延炼200万吨/年催化裂化装置
1587,ST010195,mg/kg,2026-04-09 08:00:00,硫含量,延炼200万吨/年催化裂化装置
202.9,ST010195,℃,2026-04-09 08:00:00,初馏点温度,延炼200万吨/年催化裂化装置
226.5,ST010195,℃,2026-04-09 08:00:00,10%回收温度,延炼200万吨/年催化裂化装置
257.7,ST010195,℃,2026-04-09 08:00:00,50%回收温度,延炼200万吨/年催化裂化装置
316.3,ST010195,℃,2026-04-09 08:00:00,90%回收温度,延炼200万吨/年催化裂化装置
334.5,ST010195,℃,2026-04-09 08:00:00,95%回收温度,延炼200万吨/年催化裂化装置
78.0,ST010195,℃,2026-04-09 08:00:00,闪点(闭口),延炼200万吨/年催化裂化装置
201.9,ST010195,℃,2026-04-10 08:00:00,初馏点温度,延炼200万吨/年催化裂化装置
225.4,ST010195,℃,2026-04-10 08:00:00,10%回收温度,延炼200万吨/年催化裂化装置
256.2,ST010195,℃,2026-04-10 08:00:00,50%回收温度,延炼200万吨/年催化裂化装置
313.9,ST010195,℃,2026-04-10 08:00:00,90%回收温度,延炼200万吨/年催化裂化装置
331.6,ST010195,℃,2026-04-10 08:00:00,95%回收温度,延炼200万吨/年催化裂化装置
198.7,ST010195,℃,2026-04-11 08:00:00,初馏点温度,延炼200万吨/年催化裂化装置
222.4,ST010195,℃,2026-04-11 08:00:00,10%回收温度,延炼200万吨/年催化裂化装置
252.5,ST010195,℃,2026-04-11 08:00:00,50%回收温度,延炼200万吨/年催化裂化装置
310.5,ST010195,℃,2026-04-11 08:00:00,90%回收温度,延炼200万吨/年催化裂化装置
328.7,ST010195,℃,2026-04-11 08:00:00,95%回收温度,延炼200万吨/年催化裂化装置
197.7,ST010195,℃,2026-04-12 08:00:00,初馏点温度,延炼200万吨/年催化裂化装置
221.7,ST010195,℃,2026-04-12 08:00:00,10%回收温度,延炼200万吨/年催化裂化装置
252.4,ST010195,℃,2026-04-12 08:00:00,50%回收温度,延炼200万吨/年催化裂化装置
310.5,ST010195,℃,2026-04-12 08:00:00,90%回收温度,延炼200万吨/年催化裂化装置
328.6,ST010195,℃,2026-04-12 08:00:00,95%回收温度,延炼200万吨/年催化裂化装置
202.5,ST010195,℃,2026-04-13 08:00:00,初馏点温度,延炼200万吨/年催化裂化装置
225.8,ST010195,℃,2026-04-13 08:00:00,10%回收温度,延炼200万吨/年催化裂化装置
257.5,ST010195,℃,2026-04-13 08:00:00,50%回收温度,延炼200万吨/年催化裂化装置
317.4,ST010195,℃,2026-04-13 08:00:00,90%回收温度,延炼200万吨/年催化裂化装置
336.1,ST010195,℃,2026-04-13 08:00:00,95%回收温度,延炼200万吨/年催化裂化装置
202.7,ST010195,℃,2026-04-14 08:00:00,初馏点温度,延炼200万吨/年催化裂化装置
226.4,ST010195,℃,2026-04-14 08:00:00,10%回收温度,延炼200万吨/年催化裂化装置
257.4,ST010195,℃,2026-04-14 08:00:00,50%回收温度,延炼200万吨/年催化裂化装置
315.0,ST010195,℃,2026-04-14 08:00:00,90%回收温度,延炼200万吨/年催化裂化装置
332.4,ST010195,℃,2026-04-14 08:00:00,95%回收温度,延炼200万吨/年催化裂化装置
202.3,ST010195,℃,2026-04-15 08:00:00,初馏点温度,延炼200万吨/年催化裂化装置
225.3,ST010195,℃,2026-04-15 08:00:00,10%回收温度,延炼200万吨/年催化裂化装置
255.9,ST010195,℃,2026-04-15 08:00:00,50%回收温度,延炼200万吨/年催化裂化装置
312.8,ST010195,℃,2026-04-15 08:00:00,90%回收温度,延炼200万吨/年催化裂化装置
330.3,ST010195,℃,2026-04-15 08:00:00,95%回收温度,延炼200万吨/年催化裂化装置
201.6,ST010195,℃,2026-04-16 08:00:00,初馏点温度,延炼200万吨/年催化裂化装置
225.3,ST010195,℃,2026-04-16 08:00:00,10%回收温度,延炼200万吨/年催化裂化装置
256.4,ST010195,℃,2026-04-16 08:00:00,50%回收温度,延炼200万吨/年催化裂化装置
313.6,ST010195,℃,2026-04-16 08:00:00,90%回收温度,延炼200万吨/年催化裂化装置
331.0,ST010195,℃,2026-04-16 08:00:00,95%回收温度,延炼200万吨/年催化裂化装置
75.5,ST010195,℃,2026-04-16 08:00:00,闪点(闭口),延炼200万吨/年催化裂化装置
<-20,ST010195,℃,2026-04-16 08:00:00,凝点,延炼200万吨/年催化裂化装置
1376,ST010195,mg/kg,2026-04-16 08:00:00,硫含量,延炼200万吨/年催化裂化装置
199.6,ST010195,℃,2026-04-17 08:00:00,初馏点温度,延炼200万吨/年催化裂化装置
223.5,ST010195,℃,2026-04-17 08:00:00,10%回收温度,延炼200万吨/年催化裂化装置
253.6,ST010195,℃,2026-04-17 08:00:00,50%回收温度,延炼200万吨/年催化裂化装置
310.6,ST010195,℃,2026-04-17 08:00:00,90%回收温度,延炼200万吨/年催化裂化装置
328.5,ST010195,℃,2026-04-17 08:00:00,95%回收温度,延炼200万吨/年催化裂化装置
202.3,ST010195,℃,2026-04-18 08:00:00,初馏点温度,延炼200万吨/年催化裂化装置
225.6,ST010195,℃,2026-04-18 08:00:00,10%回收温度,延炼200万吨/年催化裂化装置
255.9,ST010195,℃,2026-04-18 08:00:00,50%回收温度,延炼200万吨/年催化裂化装置
312.8,ST010195,℃,2026-04-18 08:00:00,90%回收温度,延炼200万吨/年催化裂化装置
330.4,ST010195,℃,2026-04-18 08:00:00,95%回收温度,延炼200万吨/年催化裂化装置
202.8,ST010195,℃,2026-04-19 08:00:00,初馏点温度,延炼200万吨/年催化裂化装置
226.1,ST010195,℃,2026-04-19 08:00:00,10%回收温度,延炼200万吨/年催化裂化装置
256.0,ST010195,℃,2026-04-19 08:00:00,50%回收温度,延炼200万吨/年催化裂化装置
312.4,ST010195,℃,2026-04-19 08:00:00,90%回收温度,延炼200万吨/年催化裂化装置
330.1,ST010195,℃,2026-04-19 08:00:00,95%回收温度,延炼200万吨/年催化裂化装置
201.6,ST010195,℃,2026-04-20 08:00:00,初馏点温度,延炼200万吨/年催化裂化装置
224.3,ST010195,℃,2026-04-20 08:00:00,10%回收温度,延炼200万吨/年催化裂化装置
255.1,ST010195,℃,2026-04-20 08:00:00,50%回收温度,延炼200万吨/年催化裂化装置
312.9,ST010195,℃,2026-04-20 08:00:00,90%回收温度,延炼200万吨/年催化裂化装置
330.8,ST010195,℃,2026-04-20 08:00:00,95%回收温度,延炼200万吨/年催化裂化装置
199.1,ST010195,℃,2026-04-21 08:00:00,初馏点温度,延炼200万吨/年催化裂化装置
223.5,ST010195,℃,2026-04-21 08:00:00,10%回收温度,延炼200万吨/年催化裂化装置
254.5,ST010195,℃,2026-04-21 08:00:00,50%回收温度,延炼200万吨/年催化裂化装置
312.3,ST010195,℃,2026-04-21 08:00:00,90%回收温度,延炼200万吨/年催化裂化装置
329.8,ST010195,℃,2026-04-21 08:00:00,95%回收温度,延炼200万吨/年催化裂化装置
200.0,ST010195,℃,2026-04-22 08:00:00,初馏点温度,延炼200万吨/年催化裂化装置
223.7,ST010195,℃,2026-04-22 08:00:00,10%回收温度,延炼200万吨/年催化裂化装置
254.0,ST010195,℃,2026-04-22 08:00:00,50%回收温度,延炼200万吨/年催化裂化装置
310.7,ST010195,℃,2026-04-22 08:00:00,90%回收温度,延炼200万吨/年催化裂化装置
328.5,ST010195,℃,2026-04-22 08:00:00,95%回收温度,延炼200万吨/年催化裂化装置
200.9,ST010195,℃,2026-04-23 08:00:00,初馏点温度,延炼200万吨/年催化裂化装置
224.8,ST010195,℃,2026-04-23 08:00:00,10%回收温度,延炼200万吨/年催化裂化装置
255.2,ST010195,℃,2026-04-23 08:00:00,50%回收温度,延炼200万吨/年催化裂化装置
311.7,ST010195,℃,2026-04-23 08:00:00,90%回收温度,延炼200万吨/年催化裂化装置
329.4,ST010195,℃,2026-04-23 08:00:00,95%回收温度,延炼200万吨/年催化裂化装置
75.5,ST010195,℃,2026-04-23 08:00:00,闪点(闭口),延炼200万吨/年催化裂化装置
<-20,ST010195,℃,2026-04-23 08:00:00,凝点,延炼200万吨/年催化裂化装置
1269,ST010195,mg/kg,2026-04-23 08:00:00,硫含量,延炼200万吨/年催化裂化装置
200.5,ST010195,℃,2026-04-24 08:00:00,初馏点温度,延炼200万吨/年催化裂化装置
224.2,ST010195,℃,2026-04-24 08:00:00,10%回收温度,延炼200万吨/年催化裂化装置
254.5,ST010195,℃,2026-04-24 08:00:00,50%回收温度,延炼200万吨/年催化裂化装置
311.8,ST010195,℃,2026-04-24 08:00:00,90%回收温度,延炼200万吨/年催化裂化装置
329.5,ST010195,℃,2026-04-24 08:00:00,95%回收温度,延炼200万吨/年催化裂化装置
202.0,ST010195,℃,2026-04-25 08:00:00,初馏点温度,延炼200万吨/年催化裂化装置
224.4,ST010195,℃,2026-04-25 08:00:00,10%回收温度,延炼200万吨/年催化裂化装置
254.5,ST010195,℃,2026-04-25 08:00:00,50%回收温度,延炼200万吨/年催化裂化装置
312.5,ST010195,℃,2026-04-25 08:00:00,90%回收温度,延炼200万吨/年催化裂化装置
330.4,ST010195,℃,2026-04-25 08:00:00,95%回收温度,延炼200万吨/年催化裂化装置
199.6,ST010195,℃,2026-04-26 08:00:00,初馏点温度,延炼200万吨/年催化裂化装置
222.6,ST010195,℃,2026-04-26 08:00:00,10%回收温度,延炼200万吨/年催化裂化装置
252.1,ST010195,℃,2026-04-26 08:00:00,50%回收温度,延炼200万吨/年催化裂化装置
310.0,ST010195,℃,2026-04-26 08:00:00,90%回收温度,延炼200万吨/年催化裂化装置
328.4,ST010195,℃,2026-04-26 08:00:00,95%回收温度,延炼200万吨/年催化裂化装置
199.4,ST010195,℃,2026-04-27 08:00:00,初馏点温度,延炼200万吨/年催化裂化装置
222.5,ST010195,℃,2026-04-27 08:00:00,10%回收温度,延炼200万吨/年催化裂化装置
251.0,ST010195,℃,2026-04-27 08:00:00,50%回收温度,延炼200万吨/年催化裂化装置
306.9,ST010195,℃,2026-04-27 08:00:00,90%回收温度,延炼200万吨/年催化裂化装置
327.0,ST010195,℃,2026-04-27 08:00:00,95%回收温度,延炼200万吨/年催化裂化装置
202.8,ST010195,℃,2026-04-28 08:00:00,初馏点温度,延炼200万吨/年催化裂化装置
225.5,ST010195,℃,2026-04-28 08:00:00,10%回收温度,延炼200万吨/年催化裂化装置
255.3,ST010195,℃,2026-04-28 08:00:00,50%回收温度,延炼200万吨/年催化裂化装置
311.9,ST010195,℃,2026-04-28 08:00:00,90%回收温度,延炼200万吨/年催化裂化装置
329.5,ST010195,℃,2026-04-28 08:00:00,95%回收温度,延炼200万吨/年催化裂化装置
202.2,ST010195,℃,2026-04-29 08:00:00,初馏点温度,延炼200万吨/年催化裂化装置
224.6,ST010195,℃,2026-04-29 08:00:00,10%回收温度,延炼200万吨/年催化裂化装置
253.1,ST010195,℃,2026-04-29 08:00:00,50%回收温度,延炼200万吨/年催化裂化装置
309.2,ST010195,℃,2026-04-29 08:00:00,90%回收温度,延炼200万吨/年催化裂化装置
328.0,ST010195,℃,2026-04-29 08:00:00,95%回收温度,延炼200万吨/年催化裂化装置
200.9,ST010195,℃,2026-04-30 08:00:00,初馏点温度,延炼200万吨/年催化裂化装置
224.0,ST010195,℃,2026-04-30 08:00:00,10%回收温度,延炼200万吨/年催化裂化装置
253.0,ST010195,℃,2026-04-30 08:00:00,50%回收温度,延炼200万吨/年催化裂化装置
308.9,ST010195,℃,2026-04-30 08:00:00,90%回收温度,延炼200万吨/年催化裂化装置
327.5,ST010195,℃,2026-04-30 08:00:00,95%回收温度,延炼200万吨/年催化裂化装置
75.5,ST010195,℃,2026-04-30 08:00:00,闪点(闭口),延炼200万吨/年催化裂化装置
<-20,ST010195,℃,2026-04-30 08:00:00,凝点,延炼200万吨/年催化裂化装置
1448,ST010195,mg/kg,2026-04-30 08:00:00,硫含量,延炼200万吨/年催化裂化装置
