result,sampleDotCode,unitName,sampleTime,resultName,deviceName
59.8,ST010193,<p>kPa</p>,2025-05-01 08:00:00,蒸气压（5月1日-10月31日）,延炼200万吨/年催化裂化装置
89.6,ST010193,,2025-05-01 08:00:00,研究法辛烷值(RON),延炼200万吨/年催化裂化装置
37.6,ST010193,<p>℃</p>,2025-05-01 08:00:00,初馏点,延炼200万吨/年催化裂化装置
51.0,ST010193,<p>℃</p>,2025-05-01 08:00:00,10%蒸发温度,延炼200万吨/年催化裂化装置
87.8,ST010193,<p>℃</p>,2025-05-01 08:00:00,50%蒸发温度,延炼200万吨/年催化裂化装置
160.6,ST010193,<p>℃</p>,2025-05-01 08:00:00,90%蒸发温度,延炼200万吨/年催化裂化装置
183.2,ST010193,<p>℃</p>,2025-05-01 08:00:00,终馏点,延炼200万吨/年催化裂化装置
714.8,ST010193,<p>kg/m<sup>3</sup></p>,2025-05-01 08:00:00,密度(20℃),延炼200万吨/年催化裂化装置
14.7,ST010193,体积分数 %,2025-05-01 08:00:00,芳烃含量,延炼200万吨/年催化裂化装置
33.5,ST010193,体积分数 %,2025-05-01 08:00:00,烯烃含量,延炼200万吨/年催化裂化装置
83.6,ST010193,mg/kg,2025-05-01 08:00:00,硫含量,延炼200万吨/年催化裂化装置
1.3,ST010193,<p>mg/kg</p>,2025-05-01 08:00:00,氯含量,延炼200万吨/年催化裂化装置
明水,ST010193,,2025-05-01 08:00:00,水含量,延炼200万吨/年催化裂化装置
7.8,ST010193,<p>mg/kg</p>,2025-05-01 08:00:00,氯含量,延炼200万吨/年催化裂化装置
明水,ST010193,,2025-05-01 08:00:00,水含量,延炼200万吨/年催化裂化装置
37.7,ST010193,<p>℃</p>,2025-05-02 08:00:00,初馏点,延炼200万吨/年催化裂化装置
50.9,ST010193,<p>℃</p>,2025-05-02 08:00:00,10%蒸发温度,延炼200万吨/年催化裂化装置
87.3,ST010193,<p>℃</p>,2025-05-02 08:00:00,50%蒸发温度,延炼200万吨/年催化裂化装置
160.9,ST010193,<p>℃</p>,2025-05-02 08:00:00,90%蒸发温度,延炼200万吨/年催化裂化装置
184.2,ST010193,<p>℃</p>,2025-05-02 08:00:00,终馏点,延炼200万吨/年催化裂化装置
36.9,ST010193,<p>℃</p>,2025-05-03 08:00:00,初馏点,延炼200万吨/年催化裂化装置
50.5,ST010193,<p>℃</p>,2025-05-03 08:00:00,10%蒸发温度,延炼200万吨/年催化裂化装置
87.7,ST010193,<p>℃</p>,2025-05-03 08:00:00,50%蒸发温度,延炼200万吨/年催化裂化装置
160.9,ST010193,<p>℃</p>,2025-05-03 08:00:00,90%蒸发温度,延炼200万吨/年催化裂化装置
184.0,ST010193,<p>℃</p>,2025-05-03 08:00:00,终馏点,延炼200万吨/年催化裂化装置
37.1,ST010193,<p>℃</p>,2025-05-04 08:00:00,初馏点,延炼200万吨/年催化裂化装置
50.7,ST010193,<p>℃</p>,2025-05-04 08:00:00,10%蒸发温度,延炼200万吨/年催化裂化装置
87.7,ST010193,<p>℃</p>,2025-05-04 08:00:00,50%蒸发温度,延炼200万吨/年催化裂化装置
162.0,ST010193,<p>℃</p>,2025-05-04 08:00:00,90%蒸发温度,延炼200万吨/年催化裂化装置
185.9,ST010193,<p>℃</p>,2025-05-04 08:00:00,终馏点,延炼200万吨/年催化裂化装置
37.2,ST010193,<p>℃</p>,2025-05-05 08:00:00,初馏点,延炼200万吨/年催化裂化装置
51.0,ST010193,<p>℃</p>,2025-05-05 08:00:00,10%蒸发温度,延炼200万吨/年催化裂化装置
87.4,ST010193,<p>℃</p>,2025-05-05 08:00:00,50%蒸发温度,延炼200万吨/年催化裂化装置
162.4,ST010193,<p>℃</p>,2025-05-05 08:00:00,90%蒸发温度,延炼200万吨/年催化裂化装置
187.0,ST010193,<p>℃</p>,2025-05-05 08:00:00,终馏点,延炼200万吨/年催化裂化装置
89.7,ST010193,,2025-05-05 08:00:00,研究法辛烷值(RON),延炼200万吨/年催化裂化装置
15.6,ST010193,体积分数 %,2025-05-05 08:00:00,芳烃含量,延炼200万吨/年催化裂化装置
33.2,ST010193,体积分数 %,2025-05-05 08:00:00,烯烃含量,延炼200万吨/年催化裂化装置
37.3,ST010193,<p>℃</p>,2025-05-06 08:00:00,初馏点,延炼200万吨/年催化裂化装置
51.0,ST010193,<p>℃</p>,2025-05-06 08:00:00,10%蒸发温度,延炼200万吨/年催化裂化装置
87.8,ST010193,<p>℃</p>,2025-05-06 08:00:00,50%蒸发温度,延炼200万吨/年催化裂化装置
161.3,ST010193,<p>℃</p>,2025-05-06 08:00:00,90%蒸发温度,延炼200万吨/年催化裂化装置
185.0,ST010193,<p>℃</p>,2025-05-06 08:00:00,终馏点,延炼200万吨/年催化裂化装置
36.5,ST010193,<p>℃</p>,2025-05-07 08:00:00,初馏点,延炼200万吨/年催化裂化装置
188.0,ST010193,<p>℃</p>,2025-05-07 08:00:00,终馏点,延炼200万吨/年催化裂化装置
1.0,ST010193,体积分数 %,2025-05-07 08:00:00,残馏量,延炼200万吨/年催化裂化装置
0.7,ST010193,体积分数 %,2025-05-07 08:00:00,校正损失,延炼200万吨/年催化裂化装置
98.3,ST010193,体积分数 %,2025-05-07 08:00:00,全馏量,延炼200万吨/年催化裂化装置
52.0,ST010193,<p>℃</p>,2025-05-07 08:00:00,10%蒸发温度,延炼200万吨/年催化裂化装置
89.5,ST010193,<p>℃</p>,2025-05-07 08:00:00,50%蒸发温度,延炼200万吨/年催化裂化装置
160.0,ST010193,<p>℃</p>,2025-05-07 08:00:00,90%蒸发温度,延炼200万吨/年催化裂化装置
90.4,ST010193,,2025-05-08 08:00:00,研究法辛烷值(RON),延炼200万吨/年催化裂化装置
58.1,ST010193,<p>kPa</p>,2025-05-08 08:00:00,蒸气压（5月1日-10月31日）,延炼200万吨/年催化裂化装置
15.8,ST010193,体积分数 %,2025-05-08 08:00:00,芳烃含量,延炼200万吨/年催化裂化装置
33.3,ST010193,体积分数 %,2025-05-08 08:00:00,烯烃含量,延炼200万吨/年催化裂化装置
37.7,ST010193,<p>℃</p>,2025-05-08 08:00:00,初馏点,延炼200万吨/年催化裂化装置
51.4,ST010193,<p>℃</p>,2025-05-08 08:00:00,10%蒸发温度,延炼200万吨/年催化裂化装置
87.7,ST010193,<p>℃</p>,2025-05-08 08:00:00,50%蒸发温度,延炼200万吨/年催化裂化装置
162.6,ST010193,<p>℃</p>,2025-05-08 08:00:00,90%蒸发温度,延炼200万吨/年催化裂化装置
186.8,ST010193,<p>℃</p>,2025-05-08 08:00:00,终馏点,延炼200万吨/年催化裂化装置
92.4,ST010193,mg/kg,2025-05-08 08:00:00,硫含量,延炼200万吨/年催化裂化装置
明水,ST010193,,2025-05-08 08:00:00,水含量,延炼200万吨/年催化裂化装置
明水,ST010193,,2025-05-08 08:00:00,水含量,延炼200万吨/年催化裂化装置
0.5,ST010193,<p>mg/kg</p>,2025-05-08 08:00:00,氯含量,延炼200万吨/年催化裂化装置
0.9,ST010193,<p>mg/kg</p>,2025-05-08 08:00:00,氯含量,延炼200万吨/年催化裂化装置
37.5,ST010193,<p>℃</p>,2025-05-09 08:00:00,初馏点,延炼200万吨/年催化裂化装置
51.0,ST010193,<p>℃</p>,2025-05-09 08:00:00,10%蒸发温度,延炼200万吨/年催化裂化装置
87.4,ST010193,<p>℃</p>,2025-05-09 08:00:00,50%蒸发温度,延炼200万吨/年催化裂化装置
161.6,ST010193,<p>℃</p>,2025-05-09 08:00:00,90%蒸发温度,延炼200万吨/年催化裂化装置
185.7,ST010193,<p>℃</p>,2025-05-09 08:00:00,终馏点,延炼200万吨/年催化裂化装置
37.1,ST010193,<p>℃</p>,2025-05-10 08:00:00,初馏点,延炼200万吨/年催化裂化装置
50.6,ST010193,<p>℃</p>,2025-05-10 08:00:00,10%蒸发温度,延炼200万吨/年催化裂化装置
86.9,ST010193,<p>℃</p>,2025-05-10 08:00:00,50%蒸发温度,延炼200万吨/年催化裂化装置
162.4,ST010193,<p>℃</p>,2025-05-10 08:00:00,90%蒸发温度,延炼200万吨/年催化裂化装置
186.7,ST010193,<p>℃</p>,2025-05-10 08:00:00,终馏点,延炼200万吨/年催化裂化装置
37.6,ST010193,<p>℃</p>,2025-05-11 08:00:00,初馏点,延炼200万吨/年催化裂化装置
51.0,ST010193,<p>℃</p>,2025-05-11 08:00:00,10%蒸发温度,延炼200万吨/年催化裂化装置
87.4,ST010193,<p>℃</p>,2025-05-11 08:00:00,50%蒸发温度,延炼200万吨/年催化裂化装置
161.6,ST010193,<p>℃</p>,2025-05-11 08:00:00,90%蒸发温度,延炼200万吨/年催化裂化装置
185.4,ST010193,<p>℃</p>,2025-05-11 08:00:00,终馏点,延炼200万吨/年催化裂化装置
89.6,ST010193,,2025-05-12 08:00:00,研究法辛烷值(RON),延炼200万吨/年催化裂化装置
15.4,ST010193,体积分数 %,2025-05-12 08:00:00,芳烃含量,延炼200万吨/年催化裂化装置
33.1,ST010193,体积分数 %,2025-05-12 08:00:00,烯烃含量,延炼200万吨/年催化裂化装置
37.7,ST010193,<p>℃</p>,2025-05-12 08:00:00,初馏点,延炼200万吨/年催化裂化装置
51.1,ST010193,<p>℃</p>,2025-05-12 08:00:00,10%蒸发温度,延炼200万吨/年催化裂化装置
87.3,ST010193,<p>℃</p>,2025-05-12 08:00:00,50%蒸发温度,延炼200万吨/年催化裂化装置
161.5,ST010193,<p>℃</p>,2025-05-12 08:00:00,90%蒸发温度,延炼200万吨/年催化裂化装置
185.7,ST010193,<p>℃</p>,2025-05-12 08:00:00,终馏点,延炼200万吨/年催化裂化装置
37.6,ST010193,<p>℃</p>,2025-05-13 08:00:00,初馏点,延炼200万吨/年催化裂化装置
51.0,ST010193,<p>℃</p>,2025-05-13 08:00:00,10%蒸发温度,延炼200万吨/年催化裂化装置
87.0,ST010193,<p>℃</p>,2025-05-13 08:00:00,50%蒸发温度,延炼200万吨/年催化裂化装置
161.5,ST010193,<p>℃</p>,2025-05-13 08:00:00,90%蒸发温度,延炼200万吨/年催化裂化装置
185.3,ST010193,<p>℃</p>,2025-05-13 08:00:00,终馏点,延炼200万吨/年催化裂化装置
37.6,ST010193,<p>℃</p>,2025-05-14 08:00:00,初馏点,延炼200万吨/年催化裂化装置
51.1,ST010193,<p>℃</p>,2025-05-14 08:00:00,10%蒸发温度,延炼200万吨/年催化裂化装置
87.1,ST010193,<p>℃</p>,2025-05-14 08:00:00,50%蒸发温度,延炼200万吨/年催化裂化装置
161.5,ST010193,<p>℃</p>,2025-05-14 08:00:00,90%蒸发温度,延炼200万吨/年催化裂化装置
185.5,ST010193,<p>℃</p>,2025-05-14 08:00:00,终馏点,延炼200万吨/年催化裂化装置
15.7,ST010193,体积分数 %,2025-05-15 08:00:00,芳烃含量,延炼200万吨/年催化裂化装置
33.0,ST010193,体积分数 %,2025-05-15 08:00:00,烯烃含量,延炼200万吨/年催化裂化装置
88.8,ST010193,,2025-05-15 08:00:00,研究法辛烷值(RON),延炼200万吨/年催化裂化装置
79.5,ST010193,mg/kg,2025-05-15 08:00:00,硫含量,延炼200万吨/年催化裂化装置
37.5,ST010193,<p>℃</p>,2025-05-15 08:00:00,初馏点,延炼200万吨/年催化裂化装置
50.7,ST010193,<p>℃</p>,2025-05-15 08:00:00,10%蒸发温度,延炼200万吨/年催化裂化装置
86.6,ST010193,<p>℃</p>,2025-05-15 08:00:00,50%蒸发温度,延炼200万吨/年催化裂化装置
162.6,ST010193,<p>℃</p>,2025-05-15 08:00:00,90%蒸发温度,延炼200万吨/年催化裂化装置
187.3,ST010193,<p>℃</p>,2025-05-15 08:00:00,终馏点,延炼200万吨/年催化裂化装置
61.5,ST010193,<p>kPa</p>,2025-05-15 08:00:00,蒸气压（5月1日-10月31日）,延炼200万吨/年催化裂化装置
明水,ST010193,,2025-05-15 08:00:00,水含量,延炼200万吨/年催化裂化装置
10.9,ST010193,<p>mg/kg</p>,2025-05-15 08:00:00,氯含量,延炼200万吨/年催化裂化装置
0.6,ST010193,<p>mg/kg</p>,2025-05-15 08:00:00,氯含量,延炼200万吨/年催化裂化装置
明水,ST010193,,2025-05-15 08:00:00,水含量,延炼200万吨/年催化裂化装置
37.3,ST010193,<p>℃</p>,2025-05-16 09:13:00,初馏点,延炼200万吨/年催化裂化装置
51.0,ST010193,<p>℃</p>,2025-05-16 09:13:00,10%蒸发温度,延炼200万吨/年催化裂化装置
86.7,ST010193,<p>℃</p>,2025-05-16 09:13:00,50%蒸发温度,延炼200万吨/年催化裂化装置
161.7,ST010193,<p>℃</p>,2025-05-16 09:13:00,90%蒸发温度,延炼200万吨/年催化裂化装置
186.1,ST010193,<p>℃</p>,2025-05-16 09:13:00,终馏点,延炼200万吨/年催化裂化装置
38.1,ST010193,<p>℃</p>,2025-05-16 13:00:00,初馏点,延炼200万吨/年催化裂化装置
51.6,ST010193,<p>℃</p>,2025-05-16 13:00:00,10%蒸发温度,延炼200万吨/年催化裂化装置
87.6,ST010193,<p>℃</p>,2025-05-16 13:00:00,50%蒸发温度,延炼200万吨/年催化裂化装置
162.2,ST010193,<p>℃</p>,2025-05-16 13:00:00,90%蒸发温度,延炼200万吨/年催化裂化装置
186.3,ST010193,<p>℃</p>,2025-05-16 13:00:00,终馏点,延炼200万吨/年催化裂化装置
89.3,ST010193,,2025-05-16 13:00:00,研究法辛烷值(RON),延炼200万吨/年催化裂化装置
16.0,ST010193,体积分数 %,2025-05-16 13:00:00,芳烃含量,延炼200万吨/年催化裂化装置
33.4,ST010193,体积分数 %,2025-05-16 13:00:00,烯烃含量,延炼200万吨/年催化裂化装置
37.5,ST010193,<p>℃</p>,2025-05-17 08:00:00,初馏点,延炼200万吨/年催化裂化装置
50.6,ST010193,<p>℃</p>,2025-05-17 08:00:00,10%蒸发温度,延炼200万吨/年催化裂化装置
86.4,ST010193,<p>℃</p>,2025-05-17 08:00:00,50%蒸发温度,延炼200万吨/年催化裂化装置
161.6,ST010193,<p>℃</p>,2025-05-17 08:00:00,90%蒸发温度,延炼200万吨/年催化裂化装置
186.2,ST010193,<p>℃</p>,2025-05-17 08:00:00,终馏点,延炼200万吨/年催化裂化装置
37.4,ST010193,<p>℃</p>,2025-05-18 08:00:00,初馏点,延炼200万吨/年催化裂化装置
50.7,ST010193,<p>℃</p>,2025-05-18 08:00:00,10%蒸发温度,延炼200万吨/年催化裂化装置
86.6,ST010193,<p>℃</p>,2025-05-18 08:00:00,50%蒸发温度,延炼200万吨/年催化裂化装置
161.5,ST010193,<p>℃</p>,2025-05-18 08:00:00,90%蒸发温度,延炼200万吨/年催化裂化装置
185.5,ST010193,<p>℃</p>,2025-05-18 08:00:00,终馏点,延炼200万吨/年催化裂化装置
15.6,ST010193,体积分数 %,2025-05-18 08:00:00,芳烃含量,延炼200万吨/年催化裂化装置
33.6,ST010193,体积分数 %,2025-05-18 08:00:00,烯烃含量,延炼200万吨/年催化裂化装置
89.3,ST010193,,2025-05-18 08:00:00,研究法辛烷值(RON),延炼200万吨/年催化裂化装置
15.5,ST010193,体积分数 %,2025-05-19 08:00:00,芳烃含量,延炼200万吨/年催化裂化装置
33.4,ST010193,体积分数 %,2025-05-19 08:00:00,烯烃含量,延炼200万吨/年催化裂化装置
89.4,ST010193,,2025-05-19 08:00:00,研究法辛烷值(RON),延炼200万吨/年催化裂化装置
37.5,ST010193,<p>℃</p>,2025-05-19 08:00:00,初馏点,延炼200万吨/年催化裂化装置
50.9,ST010193,<p>℃</p>,2025-05-19 08:00:00,10%蒸发温度,延炼200万吨/年催化裂化装置
86.7,ST010193,<p>℃</p>,2025-05-19 08:00:00,50%蒸发温度,延炼200万吨/年催化裂化装置
161.8,ST010193,<p>℃</p>,2025-05-19 08:00:00,90%蒸发温度,延炼200万吨/年催化裂化装置
186.5,ST010193,<p>℃</p>,2025-05-19 08:00:00,终馏点,延炼200万吨/年催化裂化装置
89.7,ST010193,,2025-05-20 08:00:00,研究法辛烷值(RON),延炼200万吨/年催化裂化装置
15.6,ST010193,体积分数 %,2025-05-20 08:00:00,芳烃含量,延炼200万吨/年催化裂化装置
33.2,ST010193,体积分数 %,2025-05-20 08:00:00,烯烃含量,延炼200万吨/年催化裂化装置
37.2,ST010193,<p>℃</p>,2025-05-20 08:00:00,初馏点,延炼200万吨/年催化裂化装置
50.6,ST010193,<p>℃</p>,2025-05-20 08:00:00,10%蒸发温度,延炼200万吨/年催化裂化装置
86.5,ST010193,<p>℃</p>,2025-05-20 08:00:00,50%蒸发温度,延炼200万吨/年催化裂化装置
161.7,ST010193,<p>℃</p>,2025-05-20 08:00:00,90%蒸发温度,延炼200万吨/年催化裂化装置
186.5,ST010193,<p>℃</p>,2025-05-20 08:00:00,终馏点,延炼200万吨/年催化裂化装置
89.8,ST010193,,2025-05-21 08:00:00,研究法辛烷值(RON),延炼200万吨/年催化裂化装置
15.3,ST010193,体积分数 %,2025-05-21 08:00:00,芳烃含量,延炼200万吨/年催化裂化装置
33.9,ST010193,体积分数 %,2025-05-21 08:00:00,烯烃含量,延炼200万吨/年催化裂化装置
36.5,ST010193,<p>℃</p>,2025-05-21 08:00:00,初馏点,延炼200万吨/年催化裂化装置
187.5,ST010193,<p>℃</p>,2025-05-21 08:00:00,终馏点,延炼200万吨/年催化裂化装置
1.0,ST010193,体积分数 %,2025-05-21 08:00:00,残馏量,延炼200万吨/年催化裂化装置
0.7,ST010193,体积分数 %,2025-05-21 08:00:00,校正损失,延炼200万吨/年催化裂化装置
98.3,ST010193,体积分数 %,2025-05-21 08:00:00,全馏量,延炼200万吨/年催化裂化装置
51.5,ST010193,<p>℃</p>,2025-05-21 08:00:00,10%蒸发温度,延炼200万吨/年催化裂化装置
87.5,ST010193,<p>℃</p>,2025-05-21 08:00:00,50%蒸发温度,延炼200万吨/年催化裂化装置
161.0,ST010193,<p>℃</p>,2025-05-21 08:00:00,90%蒸发温度,延炼200万吨/年催化裂化装置
79.1,ST010193,mg/kg,2025-05-22 08:00:00,硫含量,延炼200万吨/年催化裂化装置
16.0,ST010193,体积分数 %,2025-05-22 08:00:00,芳烃含量,延炼200万吨/年催化裂化装置
32.9,ST010193,体积分数 %,2025-05-22 08:00:00,烯烃含量,延炼200万吨/年催化裂化装置
61.4,ST010193,<p>kPa</p>,2025-05-22 08:00:00,蒸气压（5月1日-10月31日）,延炼200万吨/年催化裂化装置
37.7,ST010193,<p>℃</p>,2025-05-22 08:00:00,初馏点,延炼200万吨/年催化裂化装置
50.9,ST010193,<p>℃</p>,2025-05-22 08:00:00,10%蒸发温度,延炼200万吨/年催化裂化装置
86.3,ST010193,<p>℃</p>,2025-05-22 08:00:00,50%蒸发温度,延炼200万吨/年催化裂化装置
161.8,ST010193,<p>℃</p>,2025-05-22 08:00:00,90%蒸发温度,延炼200万吨/年催化裂化装置
186.6,ST010193,<p>℃</p>,2025-05-22 08:00:00,终馏点,延炼200万吨/年催化裂化装置
89.8,ST010193,,2025-05-22 08:00:00,研究法辛烷值(RON),延炼200万吨/年催化裂化装置
明水,ST010193,,2025-05-22 08:00:00,水含量,延炼200万吨/年催化裂化装置
12.9,ST010193,<p>mg/kg</p>,2025-05-22 08:00:00,氯含量,延炼200万吨/年催化裂化装置
4.5,ST010193,<p>mg/kg</p>,2025-05-22 08:00:00,氯含量,延炼200万吨/年催化裂化装置
明水,ST010193,,2025-05-22 08:00:00,水含量,延炼200万吨/年催化裂化装置
37.6,ST010193,<p>℃</p>,2025-05-23 08:00:00,初馏点,延炼200万吨/年催化裂化装置
51.0,ST010193,<p>℃</p>,2025-05-23 08:00:00,10%蒸发温度,延炼200万吨/年催化裂化装置
86.8,ST010193,<p>℃</p>,2025-05-23 08:00:00,50%蒸发温度,延炼200万吨/年催化裂化装置
162.2,ST010193,<p>℃</p>,2025-05-23 08:00:00,90%蒸发温度,延炼200万吨/年催化裂化装置
186.6,ST010193,<p>℃</p>,2025-05-23 08:00:00,终馏点,延炼200万吨/年催化裂化装置
89.0,ST010193,,2025-05-23 08:00:00,研究法辛烷值(RON),延炼200万吨/年催化裂化装置
15.7,ST010193,体积分数 %,2025-05-23 08:00:00,芳烃含量,延炼200万吨/年催化裂化装置
33.1,ST010193,体积分数 %,2025-05-23 08:00:00,烯烃含量,延炼200万吨/年催化裂化装置
89.6,ST010193,,2025-05-24 08:00:00,研究法辛烷值(RON),延炼200万吨/年催化裂化装置
37.5,ST010193,<p>℃</p>,2025-05-24 08:00:00,初馏点,延炼200万吨/年催化裂化装置
50.8,ST010193,<p>℃</p>,2025-05-24 08:00:00,10%蒸发温度,延炼200万吨/年催化裂化装置
86.6,ST010193,<p>℃</p>,2025-05-24 08:00:00,50%蒸发温度,延炼200万吨/年催化裂化装置
161.9,ST010193,<p>℃</p>,2025-05-24 08:00:00,90%蒸发温度,延炼200万吨/年催化裂化装置
185.9,ST010193,<p>℃</p>,2025-05-24 08:00:00,终馏点,延炼200万吨/年催化裂化装置
15.4,ST010193,体积分数 %,2025-05-24 08:00:00,芳烃含量,延炼200万吨/年催化裂化装置
33.4,ST010193,体积分数 %,2025-05-24 08:00:00,烯烃含量,延炼200万吨/年催化裂化装置
37.7,ST010193,<p>℃</p>,2025-05-25 08:00:00,初馏点,延炼200万吨/年催化裂化装置
50.9,ST010193,<p>℃</p>,2025-05-25 08:00:00,10%蒸发温度,延炼200万吨/年催化裂化装置
86.3,ST010193,<p>℃</p>,2025-05-25 08:00:00,50%蒸发温度,延炼200万吨/年催化裂化装置
162.5,ST010193,<p>℃</p>,2025-05-25 08:00:00,90%蒸发温度,延炼200万吨/年催化裂化装置
188.1,ST010193,<p>℃</p>,2025-05-25 08:00:00,终馏点,延炼200万吨/年催化裂化装置
90.0,ST010193,,2025-05-25 08:00:00,研究法辛烷值(RON),延炼200万吨/年催化裂化装置
15.3,ST010193,体积分数 %,2025-05-25 08:00:00,芳烃含量,延炼200万吨/年催化裂化装置
33.6,ST010193,体积分数 %,2025-05-25 08:00:00,烯烃含量,延炼200万吨/年催化裂化装置
37.8,ST010193,<p>℃</p>,2025-05-26 08:00:00,初馏点,延炼200万吨/年催化裂化装置
51.2,ST010193,<p>℃</p>,2025-05-26 08:00:00,10%蒸发温度,延炼200万吨/年催化裂化装置
86.3,ST010193,<p>℃</p>,2025-05-26 08:00:00,50%蒸发温度,延炼200万吨/年催化裂化装置
162.9,ST010193,<p>℃</p>,2025-05-26 08:00:00,90%蒸发温度,延炼200万吨/年催化裂化装置
188.0,ST010193,<p>℃</p>,2025-05-26 08:00:00,终馏点,延炼200万吨/年催化裂化装置
90.2,ST010193,,2025-05-26 08:00:00,研究法辛烷值(RON),延炼200万吨/年催化裂化装置
15.7,ST010193,体积分数 %,2025-05-26 08:00:00,芳烃含量,延炼200万吨/年催化裂化装置
34.4,ST010193,体积分数 %,2025-05-26 08:00:00,烯烃含量,延炼200万吨/年催化裂化装置
16.5,ST010193,体积分数 %,2025-05-27 08:00:00,芳烃含量,延炼200万吨/年催化裂化装置
34.8,ST010193,体积分数 %,2025-05-27 08:00:00,烯烃含量,延炼200万吨/年催化裂化装置
90.6,ST010193,,2025-05-27 08:00:00,研究法辛烷值(RON),延炼200万吨/年催化裂化装置
37.5,ST010193,<p>℃</p>,2025-05-27 08:00:00,初馏点,延炼200万吨/年催化裂化装置
51.0,ST010193,<p>℃</p>,2025-05-27 08:00:00,10%蒸发温度,延炼200万吨/年催化裂化装置
86.2,ST010193,<p>℃</p>,2025-05-27 08:00:00,50%蒸发温度,延炼200万吨/年催化裂化装置
167.7,ST010193,<p>℃</p>,2025-05-27 08:00:00,90%蒸发温度,延炼200万吨/年催化裂化装置
190.2,ST010193,<p>℃</p>,2025-05-27 08:00:00,终馏点,延炼200万吨/年催化裂化装置
37.8,ST010193,<p>℃</p>,2025-05-28 08:00:00,初馏点,延炼200万吨/年催化裂化装置
51.2,ST010193,<p>℃</p>,2025-05-28 08:00:00,10%蒸发温度,延炼200万吨/年催化裂化装置
85.3,ST010193,<p>℃</p>,2025-05-28 08:00:00,50%蒸发温度,延炼200万吨/年催化裂化装置
167.7,ST010193,<p>℃</p>,2025-05-28 08:00:00,90%蒸发温度,延炼200万吨/年催化裂化装置
190.4,ST010193,<p>℃</p>,2025-05-28 08:00:00,终馏点,延炼200万吨/年催化裂化装置
90.3,ST010193,,2025-05-28 08:00:00,研究法辛烷值(RON),延炼200万吨/年催化裂化装置
16.8,ST010193,体积分数 %,2025-05-28 08:00:00,芳烃含量,延炼200万吨/年催化裂化装置
33.6,ST010193,体积分数 %,2025-05-28 08:00:00,烯烃含量,延炼200万吨/年催化裂化装置
17.4,ST010193,体积分数 %,2025-05-29 08:00:00,芳烃含量,延炼200万吨/年催化裂化装置
33.8,ST010193,体积分数 %,2025-05-29 08:00:00,烯烃含量,延炼200万吨/年催化裂化装置
90.1,ST010193,,2025-05-29 08:00:00,研究法辛烷值(RON),延炼200万吨/年催化裂化装置
89.5,ST010193,mg/kg,2025-05-29 08:00:00,硫含量,延炼200万吨/年催化裂化装置
37.5,ST010193,<p>℃</p>,2025-05-29 08:00:00,初馏点,延炼200万吨/年催化裂化装置
50.9,ST010193,<p>℃</p>,2025-05-29 08:00:00,10%蒸发温度,延炼200万吨/年催化裂化装置
85.7,ST010193,<p>℃</p>,2025-05-29 08:00:00,50%蒸发温度,延炼200万吨/年催化裂化装置
173.1,ST010193,<p>℃</p>,2025-05-29 08:00:00,90%蒸发温度,延炼200万吨/年催化裂化装置
195.6,ST010193,<p>℃</p>,2025-05-29 08:00:00,终馏点,延炼200万吨/年催化裂化装置
62.2,ST010193,<p>kPa</p>,2025-05-29 08:00:00,蒸气压（5月1日-10月31日）,延炼200万吨/年催化裂化装置
0.5,ST010193,<p>mg/kg</p>,2025-05-29 08:00:00,氯含量,延炼200万吨/年催化裂化装置
明水,ST010193,,2025-05-29 08:00:00,水含量,延炼200万吨/年催化裂化装置
13.9,ST010193,<p>mg/kg</p>,2025-05-29 08:00:00,氯含量,延炼200万吨/年催化裂化装置
明水,ST010193,,2025-05-29 08:00:00,水含量,延炼200万吨/年催化裂化装置
37.6,ST010193,<p>℃</p>,2025-05-30 08:00:00,初馏点,延炼200万吨/年催化裂化装置
51.0,ST010193,<p>℃</p>,2025-05-30 08:00:00,10%蒸发温度,延炼200万吨/年催化裂化装置
85.9,ST010193,<p>℃</p>,2025-05-30 08:00:00,50%蒸发温度,延炼200万吨/年催化裂化装置
172.0,ST010193,<p>℃</p>,2025-05-30 08:00:00,90%蒸发温度,延炼200万吨/年催化裂化装置
194.4,ST010193,<p>℃</p>,2025-05-30 08:00:00,终馏点,延炼200万吨/年催化裂化装置
90.0,ST010193,,2025-05-30 08:00:00,研究法辛烷值(RON),延炼200万吨/年催化裂化装置
15.7,ST010193,体积分数 %,2025-05-30 08:00:00,芳烃含量,延炼200万吨/年催化裂化装置
31.4,ST010193,体积分数 %,2025-05-30 08:00:00,烯烃含量,延炼200万吨/年催化裂化装置
37.2,ST010193,<p>℃</p>,2025-05-31 08:00:00,初馏点,延炼200万吨/年催化裂化装置
50.4,ST010193,<p>℃</p>,2025-05-31 08:00:00,10%蒸发温度,延炼200万吨/年催化裂化装置
84.6,ST010193,<p>℃</p>,2025-05-31 08:00:00,50%蒸发温度,延炼200万吨/年催化裂化装置
169.2,ST010193,<p>℃</p>,2025-05-31 08:00:00,90%蒸发温度,延炼200万吨/年催化裂化装置
191.7,ST010193,<p>℃</p>,2025-05-31 08:00:00,终馏点,延炼200万吨/年催化裂化装置
90.6,ST010193,,2025-05-31 08:00:00,研究法辛烷值(RON),延炼200万吨/年催化裂化装置
16.8,ST010193,体积分数 %,2025-05-31 08:00:00,芳烃含量,延炼200万吨/年催化裂化装置
33.9,ST010193,体积分数 %,2025-05-31 08:00:00,烯烃含量,延炼200万吨/年催化裂化装置
37.7,ST010193,<p>℃</p>,2025-06-01 08:00:00,初馏点,延炼200万吨/年催化裂化装置
50.9,ST010193,<p>℃</p>,2025-06-01 08:00:00,10%蒸发温度,延炼200万吨/年催化裂化装置
84.6,ST010193,<p>℃</p>,2025-06-01 08:00:00,50%蒸发温度,延炼200万吨/年催化裂化装置
169.7,ST010193,<p>℃</p>,2025-06-01 08:00:00,90%蒸发温度,延炼200万吨/年催化裂化装置
192.6,ST010193,<p>℃</p>,2025-06-01 08:00:00,终馏点,延炼200万吨/年催化裂化装置
719.5,ST010193,<p>kg/m<sup>3</sup></p>,2025-06-01 08:00:00,密度(20℃),延炼200万吨/年催化裂化装置
90.6,ST010193,,2025-06-01 08:00:00,研究法辛烷值(RON),延炼200万吨/年催化裂化装置
16.8,ST010193,体积分数 %,2025-06-01 08:00:00,芳烃含量,延炼200万吨/年催化裂化装置
34.1,ST010193,体积分数 %,2025-06-01 08:00:00,烯烃含量,延炼200万吨/年催化裂化装置
37.7,ST010193,<p>℃</p>,2025-06-02 08:10:00,初馏点,延炼200万吨/年催化裂化装置
50.9,ST010193,<p>℃</p>,2025-06-02 08:10:00,10%蒸发温度,延炼200万吨/年催化裂化装置
84.4,ST010193,<p>℃</p>,2025-06-02 08:10:00,50%蒸发温度,延炼200万吨/年催化裂化装置
170.0,ST010193,<p>℃</p>,2025-06-02 08:10:00,90%蒸发温度,延炼200万吨/年催化裂化装置
193.9,ST010193,<p>℃</p>,2025-06-02 08:10:00,终馏点,延炼200万吨/年催化裂化装置
90.5,ST010193,,2025-06-02 08:10:00,研究法辛烷值(RON),延炼200万吨/年催化裂化装置
16.9,ST010193,体积分数 %,2025-06-02 08:10:00,芳烃含量,延炼200万吨/年催化裂化装置
33.9,ST010193,体积分数 %,2025-06-02 08:10:00,烯烃含量,延炼200万吨/年催化裂化装置
90.7,ST010193,,2025-06-03 08:00:00,研究法辛烷值(RON),延炼200万吨/年催化裂化装置
17.5,ST010193,体积分数 %,2025-06-03 08:00:00,芳烃含量,延炼200万吨/年催化裂化装置
33.6,ST010193,体积分数 %,2025-06-03 08:00:00,烯烃含量,延炼200万吨/年催化裂化装置
37.7,ST010193,<p>℃</p>,2025-06-03 08:00:00,初馏点,延炼200万吨/年催化裂化装置
50.9,ST010193,<p>℃</p>,2025-06-03 08:00:00,10%蒸发温度,延炼200万吨/年催化裂化装置
85.3,ST010193,<p>℃</p>,2025-06-03 08:00:00,50%蒸发温度,延炼200万吨/年催化裂化装置
170.4,ST010193,<p>℃</p>,2025-06-03 08:00:00,90%蒸发温度,延炼200万吨/年催化裂化装置
192.0,ST010193,<p>℃</p>,2025-06-03 08:00:00,终馏点,延炼200万吨/年催化裂化装置
37.5,ST010193,<p>℃</p>,2025-06-04 08:00:00,初馏点,延炼200万吨/年催化裂化装置
194.0,ST010193,<p>℃</p>,2025-06-04 08:00:00,终馏点,延炼200万吨/年催化裂化装置
0.8,ST010193,体积分数 %,2025-06-04 08:00:00,残馏量,延炼200万吨/年催化裂化装置
0.8,ST010193,体积分数 %,2025-06-04 08:00:00,校正损失,延炼200万吨/年催化裂化装置
98.4,ST010193,体积分数 %,2025-06-04 08:00:00,全馏量,延炼200万吨/年催化裂化装置
51.5,ST010193,<p>℃</p>,2025-06-04 08:00:00,10%蒸发温度,延炼200万吨/年催化裂化装置
87.0,ST010193,<p>℃</p>,2025-06-04 08:00:00,50%蒸发温度,延炼200万吨/年催化裂化装置
164.5,ST010193,<p>℃</p>,2025-06-04 08:00:00,90%蒸发温度,延炼200万吨/年催化裂化装置
90.6,ST010193,,2025-06-04 08:00:00,研究法辛烷值(RON),延炼200万吨/年催化裂化装置
17.3,ST010193,体积分数 %,2025-06-04 08:00:00,芳烃含量,延炼200万吨/年催化裂化装置
32.6,ST010193,体积分数 %,2025-06-04 08:00:00,烯烃含量,延炼200万吨/年催化裂化装置
16.0,ST010193,体积分数 %,2025-06-05 08:00:00,芳烃含量,延炼200万吨/年催化裂化装置
33.4,ST010193,体积分数 %,2025-06-05 08:00:00,烯烃含量,延炼200万吨/年催化裂化装置
90.3,ST010193,,2025-06-05 08:00:00,研究法辛烷值(RON),延炼200万吨/年催化裂化装置
60.8,ST010193,<p>kPa</p>,2025-06-05 08:00:00,蒸气压（5月1日-10月31日）,延炼200万吨/年催化裂化装置
86.2,ST010193,mg/kg,2025-06-05 08:00:00,硫含量,延炼200万吨/年催化裂化装置
37.7,ST010193,<p>℃</p>,2025-06-05 08:00:00,初馏点,延炼200万吨/年催化裂化装置
50.4,ST010193,<p>℃</p>,2025-06-05 08:00:00,10%蒸发温度,延炼200万吨/年催化裂化装置
83.4,ST010193,<p>℃</p>,2025-06-05 08:00:00,50%蒸发温度,延炼200万吨/年催化裂化装置
166.9,ST010193,<p>℃</p>,2025-06-05 08:00:00,90%蒸发温度,延炼200万吨/年催化裂化装置
190.3,ST010193,<p>℃</p>,2025-06-05 08:00:00,终馏点,延炼200万吨/年催化裂化装置
明水,ST010193,,2025-06-05 08:00:00,水含量,延炼200万吨/年催化裂化装置
0.7,ST010193,<p>mg/kg</p>,2025-06-05 08:00:00,氯含量,延炼200万吨/年催化裂化装置
12.6,ST010193,<p>mg/kg</p>,2025-06-05 08:00:00,氯含量,延炼200万吨/年催化裂化装置
明水,ST010193,,2025-06-05 08:00:00,水含量,延炼200万吨/年催化裂化装置
90.9,ST010193,,2025-06-06 08:00:00,研究法辛烷值(RON),延炼200万吨/年催化裂化装置
15.7,ST010193,体积分数 %,2025-06-06 08:00:00,芳烃含量,延炼200万吨/年催化裂化装置
33.6,ST010193,体积分数 %,2025-06-06 08:00:00,烯烃含量,延炼200万吨/年催化裂化装置
37.8,ST010193,<p>℃</p>,2025-06-06 08:00:00,初馏点,延炼200万吨/年催化裂化装置
50.7,ST010193,<p>℃</p>,2025-06-06 08:00:00,10%蒸发温度,延炼200万吨/年催化裂化装置
84.1,ST010193,<p>℃</p>,2025-06-06 08:00:00,50%蒸发温度,延炼200万吨/年催化裂化装置
165.8,ST010193,<p>℃</p>,2025-06-06 08:00:00,90%蒸发温度,延炼200万吨/年催化裂化装置
190.0,ST010193,<p>℃</p>,2025-06-06 08:00:00,终馏点,延炼200万吨/年催化裂化装置
90.6,ST010193,,2025-06-07 08:00:00,研究法辛烷值(RON),延炼200万吨/年催化裂化装置
16.1,ST010193,体积分数 %,2025-06-07 08:00:00,芳烃含量,延炼200万吨/年催化裂化装置
33.8,ST010193,体积分数 %,2025-06-07 08:00:00,烯烃含量,延炼200万吨/年催化裂化装置
38.0,ST010193,<p>℃</p>,2025-06-07 08:00:00,初馏点,延炼200万吨/年催化裂化装置
50.9,ST010193,<p>℃</p>,2025-06-07 08:00:00,10%蒸发温度,延炼200万吨/年催化裂化装置
83.8,ST010193,<p>℃</p>,2025-06-07 08:00:00,50%蒸发温度,延炼200万吨/年催化裂化装置
166.8,ST010193,<p>℃</p>,2025-06-07 08:00:00,90%蒸发温度,延炼200万吨/年催化裂化装置
190.5,ST010193,<p>℃</p>,2025-06-07 08:00:00,终馏点,延炼200万吨/年催化裂化装置
90.7,ST010193,,2025-06-08 08:00:00,研究法辛烷值(RON),延炼200万吨/年催化裂化装置
16.3,ST010193,体积分数 %,2025-06-08 08:00:00,芳烃含量,延炼200万吨/年催化裂化装置
33.7,ST010193,体积分数 %,2025-06-08 08:00:00,烯烃含量,延炼200万吨/年催化裂化装置
37.7,ST010193,<p>℃</p>,2025-06-08 08:00:00,初馏点,延炼200万吨/年催化裂化装置
50.7,ST010193,<p>℃</p>,2025-06-08 08:00:00,10%蒸发温度,延炼200万吨/年催化裂化装置
83.5,ST010193,<p>℃</p>,2025-06-08 08:00:00,50%蒸发温度,延炼200万吨/年催化裂化装置
167.1,ST010193,<p>℃</p>,2025-06-08 08:00:00,90%蒸发温度,延炼200万吨/年催化裂化装置
190.3,ST010193,<p>℃</p>,2025-06-08 08:00:00,终馏点,延炼200万吨/年催化裂化装置
90.8,ST010193,,2025-06-09 08:00:00,研究法辛烷值(RON),延炼200万吨/年催化裂化装置
16.8,ST010193,体积分数 %,2025-06-09 08:00:00,芳烃含量,延炼200万吨/年催化裂化装置
33.4,ST010193,体积分数 %,2025-06-09 08:00:00,烯烃含量,延炼200万吨/年催化裂化装置
37.1,ST010193,<p>℃</p>,2025-06-09 08:00:00,初馏点,延炼200万吨/年催化裂化装置
50.8,ST010193,<p>℃</p>,2025-06-09 08:00:00,10%蒸发温度,延炼200万吨/年催化裂化装置
83.6,ST010193,<p>℃</p>,2025-06-09 08:00:00,50%蒸发温度,延炼200万吨/年催化裂化装置
167.1,ST010193,<p>℃</p>,2025-06-09 08:00:00,90%蒸发温度,延炼200万吨/年催化裂化装置
190.3,ST010193,<p>℃</p>,2025-06-09 08:00:00,终馏点,延炼200万吨/年催化裂化装置
90.8,ST010193,,2025-06-10 08:00:00,研究法辛烷值(RON),延炼200万吨/年催化裂化装置
16.8,ST010193,体积分数 %,2025-06-10 08:00:00,芳烃含量,延炼200万吨/年催化裂化装置
33.9,ST010193,体积分数 %,2025-06-10 08:00:00,烯烃含量,延炼200万吨/年催化裂化装置
37.6,ST010193,<p>℃</p>,2025-06-10 08:00:00,初馏点,延炼200万吨/年催化裂化装置
50.5,ST010193,<p>℃</p>,2025-06-10 08:00:00,10%蒸发温度,延炼200万吨/年催化裂化装置
83.3,ST010193,<p>℃</p>,2025-06-10 08:00:00,50%蒸发温度,延炼200万吨/年催化裂化装置
168.5,ST010193,<p>℃</p>,2025-06-10 08:00:00,90%蒸发温度,延炼200万吨/年催化裂化装置
191.8,ST010193,<p>℃</p>,2025-06-10 08:00:00,终馏点,延炼200万吨/年催化裂化装置
37.6,ST010193,<p>℃</p>,2025-06-11 08:00:00,初馏点,延炼200万吨/年催化裂化装置
50.4,ST010193,<p>℃</p>,2025-06-11 08:00:00,10%蒸发温度,延炼200万吨/年催化裂化装置
84.3,ST010193,<p>℃</p>,2025-06-11 08:00:00,50%蒸发温度,延炼200万吨/年催化裂化装置
164.2,ST010193,<p>℃</p>,2025-06-11 08:00:00,90%蒸发温度,延炼200万吨/年催化裂化装置
189.6,ST010193,<p>℃</p>,2025-06-11 08:00:00,终馏点,延炼200万吨/年催化裂化装置
15.9,ST010193,体积分数 %,2025-06-11 08:00:00,芳烃含量,延炼200万吨/年催化裂化装置
33.8,ST010193,体积分数 %,2025-06-11 08:00:00,烯烃含量,延炼200万吨/年催化裂化装置
90.7,ST010193,,2025-06-11 08:00:00,研究法辛烷值(RON),延炼200万吨/年催化裂化装置
90.8,ST010193,,2025-06-12 08:00:00,研究法辛烷值(RON),延炼200万吨/年催化裂化装置
91.2,ST010193,mg/kg,2025-06-12 08:00:00,硫含量,延炼200万吨/年催化裂化装置
16.1,ST010193,体积分数 %,2025-06-12 08:00:00,芳烃含量,延炼200万吨/年催化裂化装置
33.9,ST010193,体积分数 %,2025-06-12 08:00:00,烯烃含量,延炼200万吨/年催化裂化装置
58.7,ST010193,<p>kPa</p>,2025-06-12 08:00:00,蒸气压（5月1日-10月31日）,延炼200万吨/年催化裂化装置
37.7,ST010193,<p>℃</p>,2025-06-12 08:00:00,初馏点,延炼200万吨/年催化裂化装置
50.5,ST010193,<p>℃</p>,2025-06-12 08:00:00,10%蒸发温度,延炼200万吨/年催化裂化装置
84.4,ST010193,<p>℃</p>,2025-06-12 08:00:00,50%蒸发温度,延炼200万吨/年催化裂化装置
164.0,ST010193,<p>℃</p>,2025-06-12 08:00:00,90%蒸发温度,延炼200万吨/年催化裂化装置
189.4,ST010193,<p>℃</p>,2025-06-12 08:00:00,终馏点,延炼200万吨/年催化裂化装置
0.5,ST010193,<p>mg/kg</p>,2025-06-12 08:00:00,氯含量,延炼200万吨/年催化裂化装置
明水,ST010193,,2025-06-12 08:00:00,水含量,延炼200万吨/年催化裂化装置
5.9,ST010193,<p>mg/kg</p>,2025-06-12 08:00:00,氯含量,延炼200万吨/年催化裂化装置
明水,ST010193,,2025-06-12 08:00:00,水含量,延炼200万吨/年催化裂化装置
90.6,ST010193,,2025-06-13 08:00:00,研究法辛烷值(RON),延炼200万吨/年催化裂化装置
15.3,ST010193,体积分数 %,2025-06-13 08:00:00,芳烃含量,延炼200万吨/年催化裂化装置
34.0,ST010193,体积分数 %,2025-06-13 08:00:00,烯烃含量,延炼200万吨/年催化裂化装置
37.7,ST010193,<p>℃</p>,2025-06-13 08:00:00,初馏点,延炼200万吨/年催化裂化装置
50.4,ST010193,<p>℃</p>,2025-06-13 08:00:00,10%蒸发温度,延炼200万吨/年催化裂化装置
84.6,ST010193,<p>℃</p>,2025-06-13 08:00:00,50%蒸发温度,延炼200万吨/年催化裂化装置
163.1,ST010193,<p>℃</p>,2025-06-13 08:00:00,90%蒸发温度,延炼200万吨/年催化裂化装置
189.0,ST010193,<p>℃</p>,2025-06-13 08:00:00,终馏点,延炼200万吨/年催化裂化装置
37.7,ST010193,<p>℃</p>,2025-06-14 08:00:00,初馏点,延炼200万吨/年催化裂化装置
50.8,ST010193,<p>℃</p>,2025-06-14 08:00:00,10%蒸发温度,延炼200万吨/年催化裂化装置
84.4,ST010193,<p>℃</p>,2025-06-14 08:00:00,50%蒸发温度,延炼200万吨/年催化裂化装置
165.9,ST010193,<p>℃</p>,2025-06-14 08:00:00,90%蒸发温度,延炼200万吨/年催化裂化装置
189.4,ST010193,<p>℃</p>,2025-06-14 08:00:00,终馏点,延炼200万吨/年催化裂化装置
90.6,ST010193,,2025-06-14 08:00:00,研究法辛烷值(RON),延炼200万吨/年催化裂化装置
16.3,ST010193,体积分数 %,2025-06-14 08:00:00,芳烃含量,延炼200万吨/年催化裂化装置
34.4,ST010193,体积分数 %,2025-06-14 08:00:00,烯烃含量,延炼200万吨/年催化裂化装置
90.5,ST010193,,2025-06-15 08:00:00,研究法辛烷值(RON),延炼200万吨/年催化裂化装置
15.9,ST010193,体积分数 %,2025-06-15 08:00:00,芳烃含量,延炼200万吨/年催化裂化装置
34.2,ST010193,体积分数 %,2025-06-15 08:00:00,烯烃含量,延炼200万吨/年催化裂化装置
37.7,ST010193,<p>℃</p>,2025-06-15 08:00:00,初馏点,延炼200万吨/年催化裂化装置
50.8,ST010193,<p>℃</p>,2025-06-15 08:00:00,10%蒸发温度,延炼200万吨/年催化裂化装置
84.6,ST010193,<p>℃</p>,2025-06-15 08:00:00,50%蒸发温度,延炼200万吨/年催化裂化装置
164.1,ST010193,<p>℃</p>,2025-06-15 08:00:00,90%蒸发温度,延炼200万吨/年催化裂化装置
189.0,ST010193,<p>℃</p>,2025-06-15 08:00:00,终馏点,延炼200万吨/年催化裂化装置
90.4,ST010193,,2025-06-16 08:00:00,研究法辛烷值(RON),延炼200万吨/年催化裂化装置
17.4,ST010193,体积分数 %,2025-06-16 08:00:00,芳烃含量,延炼200万吨/年催化裂化装置
33.3,ST010193,体积分数 %,2025-06-16 08:00:00,烯烃含量,延炼200万吨/年催化裂化装置
35.5,ST010193,<p>℃</p>,2025-06-16 08:00:00,初馏点,延炼200万吨/年催化裂化装置
189.0,ST010193,<p>℃</p>,2025-06-16 08:00:00,终馏点,延炼200万吨/年催化裂化装置
0.8,ST010193,体积分数 %,2025-06-16 08:00:00,残馏量,延炼200万吨/年催化裂化装置
0.8,ST010193,体积分数 %,2025-06-16 08:00:00,校正损失,延炼200万吨/年催化裂化装置
98.4,ST010193,体积分数 %,2025-06-16 08:00:00,全馏量,延炼200万吨/年催化裂化装置
49.5,ST010193,<p>℃</p>,2025-06-16 08:00:00,10%蒸发温度,延炼200万吨/年催化裂化装置
86.5,ST010193,<p>℃</p>,2025-06-16 08:00:00,50%蒸发温度,延炼200万吨/年催化裂化装置
161.5,ST010193,<p>℃</p>,2025-06-16 08:00:00,90%蒸发温度,延炼200万吨/年催化裂化装置
37.7,ST010193,<p>℃</p>,2025-06-17 08:00:00,初馏点,延炼200万吨/年催化裂化装置
50.7,ST010193,<p>℃</p>,2025-06-17 08:00:00,10%蒸发温度,延炼200万吨/年催化裂化装置
85.1,ST010193,<p>℃</p>,2025-06-17 08:00:00,50%蒸发温度,延炼200万吨/年催化裂化装置
163.3,ST010193,<p>℃</p>,2025-06-17 08:00:00,90%蒸发温度,延炼200万吨/年催化裂化装置
188.8,ST010193,<p>℃</p>,2025-06-17 08:00:00,终馏点,延炼200万吨/年催化裂化装置
37.6,ST010193,<p>℃</p>,2025-06-18 08:00:00,初馏点,延炼200万吨/年催化裂化装置
50.8,ST010193,<p>℃</p>,2025-06-18 08:00:00,10%蒸发温度,延炼200万吨/年催化裂化装置
85.5,ST010193,<p>℃</p>,2025-06-18 08:00:00,50%蒸发温度,延炼200万吨/年催化裂化装置
163.1,ST010193,<p>℃</p>,2025-06-18 08:00:00,90%蒸发温度,延炼200万吨/年催化裂化装置
188.3,ST010193,<p>℃</p>,2025-06-18 08:00:00,终馏点,延炼200万吨/年催化裂化装置
89.4,ST010193,,2025-06-19 08:00:00,研究法辛烷值(RON),延炼200万吨/年催化裂化装置
15.0,ST010193,体积分数 %,2025-06-19 08:00:00,芳烃含量,延炼200万吨/年催化裂化装置
35.0,ST010193,体积分数 %,2025-06-19 08:00:00,烯烃含量,延炼200万吨/年催化裂化装置
64.0,ST010193,<p>kPa</p>,2025-06-19 08:00:00,蒸气压（5月1日-10月31日）,延炼200万吨/年催化裂化装置
86.4,ST010193,mg/kg,2025-06-19 08:00:00,硫含量,延炼200万吨/年催化裂化装置
37.2,ST010193,<p>℃</p>,2025-06-19 08:00:00,初馏点,延炼200万吨/年催化裂化装置
50.5,ST010193,<p>℃</p>,2025-06-19 08:00:00,10%蒸发温度,延炼200万吨/年催化裂化装置
85.7,ST010193,<p>℃</p>,2025-06-19 08:00:00,50%蒸发温度,延炼200万吨/年催化裂化装置
162.4,ST010193,<p>℃</p>,2025-06-19 08:00:00,90%蒸发温度,延炼200万吨/年催化裂化装置
187.6,ST010193,<p>℃</p>,2025-06-19 08:00:00,终馏点,延炼200万吨/年催化裂化装置
7.1,ST010193,<p>mg/kg</p>,2025-06-19 08:00:00,氯含量,延炼200万吨/年催化裂化装置
明水,ST010193,,2025-06-19 08:00:00,水含量,延炼200万吨/年催化裂化装置
＜0.4,ST010193,<p>mg/kg</p>,2025-06-19 08:00:00,氯含量,延炼200万吨/年催化裂化装置
明水,ST010193,,2025-06-19 08:00:00,水含量,延炼200万吨/年催化裂化装置
37.2,ST010193,<p>℃</p>,2025-06-20 08:00:00,初馏点,延炼200万吨/年催化裂化装置
50.4,ST010193,<p>℃</p>,2025-06-20 08:00:00,10%蒸发温度,延炼200万吨/年催化裂化装置
85.3,ST010193,<p>℃</p>,2025-06-20 08:00:00,50%蒸发温度,延炼200万吨/年催化裂化装置
162.7,ST010193,<p>℃</p>,2025-06-20 08:00:00,90%蒸发温度,延炼200万吨/年催化裂化装置
187.9,ST010193,<p>℃</p>,2025-06-20 08:00:00,终馏点,延炼200万吨/年催化裂化装置
15.8,ST010193,体积分数 %,2025-06-21 08:00:00,芳烃含量,延炼200万吨/年催化裂化装置
33.7,ST010193,体积分数 %,2025-06-21 08:00:00,烯烃含量,延炼200万吨/年催化裂化装置
89.8,ST010193,,2025-06-21 08:00:00,研究法辛烷值(RON),延炼200万吨/年催化裂化装置
37.5,ST010193,<p>℃</p>,2025-06-21 08:00:00,初馏点,延炼200万吨/年催化裂化装置
50.4,ST010193,<p>℃</p>,2025-06-21 08:00:00,10%蒸发温度,延炼200万吨/年催化裂化装置
85.3,ST010193,<p>℃</p>,2025-06-21 08:00:00,50%蒸发温度,延炼200万吨/年催化裂化装置
162.4,ST010193,<p>℃</p>,2025-06-21 08:00:00,90%蒸发温度,延炼200万吨/年催化裂化装置
187.5,ST010193,<p>℃</p>,2025-06-21 08:00:00,终馏点,延炼200万吨/年催化裂化装置
37.4,ST010193,<p>℃</p>,2025-06-22 08:00:00,初馏点,延炼200万吨/年催化裂化装置
50.6,ST010193,<p>℃</p>,2025-06-22 08:00:00,10%蒸发温度,延炼200万吨/年催化裂化装置
85.5,ST010193,<p>℃</p>,2025-06-22 08:00:00,50%蒸发温度,延炼200万吨/年催化裂化装置
163.5,ST010193,<p>℃</p>,2025-06-22 08:00:00,90%蒸发温度,延炼200万吨/年催化裂化装置
189.1,ST010193,<p>℃</p>,2025-06-22 08:00:00,终馏点,延炼200万吨/年催化裂化装置
90.3,ST010193,,2025-06-23 08:00:00,研究法辛烷值(RON),延炼200万吨/年催化裂化装置
15.4,ST010193,体积分数 %,2025-06-23 08:00:00,芳烃含量,延炼200万吨/年催化裂化装置
33.5,ST010193,体积分数 %,2025-06-23 08:00:00,烯烃含量,延炼200万吨/年催化裂化装置
37.6,ST010193,<p>℃</p>,2025-06-23 08:00:00,初馏点,延炼200万吨/年催化裂化装置
50.6,ST010193,<p>℃</p>,2025-06-23 08:00:00,10%蒸发温度,延炼200万吨/年催化裂化装置
85.7,ST010193,<p>℃</p>,2025-06-23 08:00:00,50%蒸发温度,延炼200万吨/年催化裂化装置
162.6,ST010193,<p>℃</p>,2025-06-23 08:00:00,90%蒸发温度,延炼200万吨/年催化裂化装置
187.8,ST010193,<p>℃</p>,2025-06-23 08:00:00,终馏点,延炼200万吨/年催化裂化装置
37.4,ST010193,<p>℃</p>,2025-06-24 08:00:00,初馏点,延炼200万吨/年催化裂化装置
50.4,ST010193,<p>℃</p>,2025-06-24 08:00:00,10%蒸发温度,延炼200万吨/年催化裂化装置
85.6,ST010193,<p>℃</p>,2025-06-24 08:00:00,50%蒸发温度,延炼200万吨/年催化裂化装置
162.4,ST010193,<p>℃</p>,2025-06-24 08:00:00,90%蒸发温度,延炼200万吨/年催化裂化装置
187.5,ST010193,<p>℃</p>,2025-06-24 08:00:00,终馏点,延炼200万吨/年催化裂化装置
37.5,ST010193,<p>℃</p>,2025-06-25 08:00:00,初馏点,延炼200万吨/年催化裂化装置
50.4,ST010193,<p>℃</p>,2025-06-25 08:00:00,10%蒸发温度,延炼200万吨/年催化裂化装置
85.0,ST010193,<p>℃</p>,2025-06-25 08:00:00,50%蒸发温度,延炼200万吨/年催化裂化装置
163.5,ST010193,<p>℃</p>,2025-06-25 08:00:00,90%蒸发温度,延炼200万吨/年催化裂化装置
188.5,ST010193,<p>℃</p>,2025-06-25 08:00:00,终馏点,延炼200万吨/年催化裂化装置
37.6,ST010193,<p>℃</p>,2025-06-26 08:00:00,初馏点,延炼200万吨/年催化裂化装置
50.6,ST010193,<p>℃</p>,2025-06-26 08:00:00,10%蒸发温度,延炼200万吨/年催化裂化装置
85.6,ST010193,<p>℃</p>,2025-06-26 08:00:00,50%蒸发温度,延炼200万吨/年催化裂化装置
162.7,ST010193,<p>℃</p>,2025-06-26 08:00:00,90%蒸发温度,延炼200万吨/年催化裂化装置
187.9,ST010193,<p>℃</p>,2025-06-26 08:00:00,终馏点,延炼200万吨/年催化裂化装置
60.7,ST010193,<p>kPa</p>,2025-06-26 08:00:00,蒸气压（5月1日-10月31日）,延炼200万吨/年催化裂化装置
33.8,ST010193,体积分数 %,2025-06-26 08:00:00,烯烃含量,延炼200万吨/年催化裂化装置
14.9,ST010193,体积分数 %,2025-06-26 08:00:00,芳烃含量,延炼200万吨/年催化裂化装置
82.7,ST010193,mg/kg,2025-06-26 08:00:00,硫含量,延炼200万吨/年催化裂化装置
89.9,ST010193,,2025-06-26 08:00:00,研究法辛烷值(RON),延炼200万吨/年催化裂化装置
0.5,ST010193,<p>mg/kg</p>,2025-06-26 08:00:00,氯含量,延炼200万吨/年催化裂化装置
明水,ST010193,,2025-06-26 08:00:00,水含量,延炼200万吨/年催化裂化装置
6.9,ST010193,<p>mg/kg</p>,2025-06-26 08:00:00,氯含量,延炼200万吨/年催化裂化装置
明水,ST010193,,2025-06-26 08:00:00,水含量,延炼200万吨/年催化裂化装置
37.4,ST010193,<p>℃</p>,2025-06-27 08:00:00,初馏点,延炼200万吨/年催化裂化装置
50.6,ST010193,<p>℃</p>,2025-06-27 08:00:00,10%蒸发温度,延炼200万吨/年催化裂化装置
85.6,ST010193,<p>℃</p>,2025-06-27 08:00:00,50%蒸发温度,延炼200万吨/年催化裂化装置
164.3,ST010193,<p>℃</p>,2025-06-27 08:00:00,90%蒸发温度,延炼200万吨/年催化裂化装置
188.8,ST010193,<p>℃</p>,2025-06-27 08:00:00,终馏点,延炼200万吨/年催化裂化装置
15.6,ST010193,体积分数 %,2025-06-28 08:00:00,芳烃含量,延炼200万吨/年催化裂化装置
33.8,ST010193,体积分数 %,2025-06-28 08:00:00,烯烃含量,延炼200万吨/年催化裂化装置
37.2,ST010193,<p>℃</p>,2025-06-28 08:00:00,初馏点,延炼200万吨/年催化裂化装置
50.4,ST010193,<p>℃</p>,2025-06-28 08:00:00,10%蒸发温度,延炼200万吨/年催化裂化装置
85.5,ST010193,<p>℃</p>,2025-06-28 08:00:00,50%蒸发温度,延炼200万吨/年催化裂化装置
162.7,ST010193,<p>℃</p>,2025-06-28 08:00:00,90%蒸发温度,延炼200万吨/年催化裂化装置
187.7,ST010193,<p>℃</p>,2025-06-28 08:00:00,终馏点,延炼200万吨/年催化裂化装置
90.0,ST010193,,2025-06-28 08:00:00,研究法辛烷值(RON),延炼200万吨/年催化裂化装置
37.5,ST010193,<p>℃</p>,2025-06-29 08:00:00,初馏点,延炼200万吨/年催化裂化装置
50.6,ST010193,<p>℃</p>,2025-06-29 08:00:00,10%蒸发温度,延炼200万吨/年催化裂化装置
85.3,ST010193,<p>℃</p>,2025-06-29 08:00:00,50%蒸发温度,延炼200万吨/年催化裂化装置
163.8,ST010193,<p>℃</p>,2025-06-29 08:00:00,90%蒸发温度,延炼200万吨/年催化裂化装置
188.7,ST010193,<p>℃</p>,2025-06-29 08:00:00,终馏点,延炼200万吨/年催化裂化装置
90.0,ST010193,,2025-06-30 08:00:00,研究法辛烷值(RON),延炼200万吨/年催化裂化装置
15.7,ST010193,体积分数 %,2025-06-30 08:00:00,芳烃含量,延炼200万吨/年催化裂化装置
33.4,ST010193,体积分数 %,2025-06-30 08:00:00,烯烃含量,延炼200万吨/年催化裂化装置
37.5,ST010193,<p>℃</p>,2025-06-30 08:00:00,初馏点,延炼200万吨/年催化裂化装置
50.6,ST010193,<p>℃</p>,2025-06-30 08:00:00,10%蒸发温度,延炼200万吨/年催化裂化装置
85.6,ST010193,<p>℃</p>,2025-06-30 08:00:00,50%蒸发温度,延炼200万吨/年催化裂化装置
163.6,ST010193,<p>℃</p>,2025-06-30 08:00:00,90%蒸发温度,延炼200万吨/年催化裂化装置
188.7,ST010193,<p>℃</p>,2025-06-30 08:00:00,终馏点,延炼200万吨/年催化裂化装置
716.5,ST010193,<p>kg/m<sup>3</sup></p>,2025-07-01 08:00:00,密度(20℃),延炼200万吨/年催化裂化装置
161.5,ST010193,<p>℃</p>,2025-07-01 08:00:00,90%蒸发温度,延炼200万吨/年催化裂化装置
87.0,ST010193,<p>℃</p>,2025-07-01 08:00:00,50%蒸发温度,延炼200万吨/年催化裂化装置
51.5,ST010193,<p>℃</p>,2025-07-01 08:00:00,10%蒸发温度,延炼200万吨/年催化裂化装置
98.3,ST010193,体积分数 %,2025-07-01 08:00:00,全馏量,延炼200万吨/年催化裂化装置
0.7,ST010193,体积分数 %,2025-07-01 08:00:00,校正损失,延炼200万吨/年催化裂化装置
1.0,ST010193,体积分数 %,2025-07-01 08:00:00,残馏量,延炼200万吨/年催化裂化装置
187.0,ST010193,<p>℃</p>,2025-07-01 08:00:00,终馏点,延炼200万吨/年催化裂化装置
37.0,ST010193,<p>℃</p>,2025-07-01 08:00:00,初馏点,延炼200万吨/年催化裂化装置
37.5,ST010193,<p>℃</p>,2025-07-02 08:00:00,初馏点,延炼200万吨/年催化裂化装置
50.5,ST010193,<p>℃</p>,2025-07-02 08:00:00,10%蒸发温度,延炼200万吨/年催化裂化装置
85.3,ST010193,<p>℃</p>,2025-07-02 08:00:00,50%蒸发温度,延炼200万吨/年催化裂化装置
163.6,ST010193,<p>℃</p>,2025-07-02 08:00:00,90%蒸发温度,延炼200万吨/年催化裂化装置
188.5,ST010193,<p>℃</p>,2025-07-02 08:00:00,终馏点,延炼200万吨/年催化裂化装置
37.5,ST010193,<p>℃</p>,2025-07-03 08:00:00,初馏点,延炼200万吨/年催化裂化装置
50.5,ST010193,<p>℃</p>,2025-07-03 08:00:00,10%蒸发温度,延炼200万吨/年催化裂化装置
85.1,ST010193,<p>℃</p>,2025-07-03 08:00:00,50%蒸发温度,延炼200万吨/年催化裂化装置
163.7,ST010193,<p>℃</p>,2025-07-03 08:00:00,90%蒸发温度,延炼200万吨/年催化裂化装置
188.6,ST010193,<p>℃</p>,2025-07-03 08:00:00,终馏点,延炼200万吨/年催化裂化装置
16.1,ST010193,体积分数 %,2025-07-03 08:00:00,芳烃含量,延炼200万吨/年催化裂化装置
31.4,ST010193,体积分数 %,2025-07-03 08:00:00,烯烃含量,延炼200万吨/年催化裂化装置
61.6,ST010193,<p>kPa</p>,2025-07-03 08:00:00,蒸气压（5月1日-10月31日）,延炼200万吨/年催化裂化装置
90.0,ST010193,,2025-07-03 08:00:00,研究法辛烷值(RON),延炼200万吨/年催化裂化装置
74.2,ST010193,mg/kg,2025-07-03 08:00:00,硫含量,延炼200万吨/年催化裂化装置
0.7,ST010193,<p>mg/kg</p>,2025-07-03 08:00:00,氯含量,延炼200万吨/年催化裂化装置
明水,ST010193,,2025-07-03 08:00:00,水含量,延炼200万吨/年催化裂化装置
2.8,ST010193,<p>mg/kg</p>,2025-07-03 08:00:00,氯含量,延炼200万吨/年催化裂化装置
明水,ST010193,,2025-07-03 08:00:00,水含量,延炼200万吨/年催化裂化装置
37.6,ST010193,<p>℃</p>,2025-07-04 08:00:00,初馏点,延炼200万吨/年催化裂化装置
50.6,ST010193,<p>℃</p>,2025-07-04 08:00:00,10%蒸发温度,延炼200万吨/年催化裂化装置
85.5,ST010193,<p>℃</p>,2025-07-04 08:00:00,50%蒸发温度,延炼200万吨/年催化裂化装置
163.1,ST010193,<p>℃</p>,2025-07-04 08:00:00,90%蒸发温度,延炼200万吨/年催化裂化装置
187.9,ST010193,<p>℃</p>,2025-07-04 08:00:00,终馏点,延炼200万吨/年催化裂化装置
89.3,ST010193,,2025-07-05 08:00:00,研究法辛烷值(RON),延炼200万吨/年催化裂化装置
15.3,ST010193,体积分数 %,2025-07-05 08:00:00,芳烃含量,延炼200万吨/年催化裂化装置
32.3,ST010193,体积分数 %,2025-07-05 08:00:00,烯烃含量,延炼200万吨/年催化裂化装置
37.6,ST010193,<p>℃</p>,2025-07-05 08:00:00,初馏点,延炼200万吨/年催化裂化装置
50.5,ST010193,<p>℃</p>,2025-07-05 08:00:00,10%蒸发温度,延炼200万吨/年催化裂化装置
85.7,ST010193,<p>℃</p>,2025-07-05 08:00:00,50%蒸发温度,延炼200万吨/年催化裂化装置
162.2,ST010193,<p>℃</p>,2025-07-05 08:00:00,90%蒸发温度,延炼200万吨/年催化裂化装置
186.9,ST010193,<p>℃</p>,2025-07-05 08:00:00,终馏点,延炼200万吨/年催化裂化装置
37.5,ST010193,<p>℃</p>,2025-07-06 08:00:00,初馏点,延炼200万吨/年催化裂化装置
50.5,ST010193,<p>℃</p>,2025-07-06 08:00:00,10%蒸发温度,延炼200万吨/年催化裂化装置
85.4,ST010193,<p>℃</p>,2025-07-06 08:00:00,50%蒸发温度,延炼200万吨/年催化裂化装置
162.8,ST010193,<p>℃</p>,2025-07-06 08:00:00,90%蒸发温度,延炼200万吨/年催化裂化装置
187.5,ST010193,<p>℃</p>,2025-07-06 08:00:00,终馏点,延炼200万吨/年催化裂化装置
37.5,ST010193,<p>℃</p>,2025-07-07 08:00:00,初馏点,延炼200万吨/年催化裂化装置
50.6,ST010193,<p>℃</p>,2025-07-07 08:00:00,10%蒸发温度,延炼200万吨/年催化裂化装置
85.6,ST010193,<p>℃</p>,2025-07-07 08:00:00,50%蒸发温度,延炼200万吨/年催化裂化装置
163.5,ST010193,<p>℃</p>,2025-07-07 08:00:00,90%蒸发温度,延炼200万吨/年催化裂化装置
187.8,ST010193,<p>℃</p>,2025-07-07 08:00:00,终馏点,延炼200万吨/年催化裂化装置
90.0,ST010193,,2025-07-07 08:00:00,研究法辛烷值(RON),延炼200万吨/年催化裂化装置
16.3,ST010193,体积分数 %,2025-07-07 08:00:00,芳烃含量,延炼200万吨/年催化裂化装置
32.2,ST010193,体积分数 %,2025-07-07 08:00:00,烯烃含量,延炼200万吨/年催化裂化装置
37.6,ST010193,<p>℃</p>,2025-07-08 08:00:00,初馏点,延炼200万吨/年催化裂化装置
50.7,ST010193,<p>℃</p>,2025-07-08 08:00:00,10%蒸发温度,延炼200万吨/年催化裂化装置
85.7,ST010193,<p>℃</p>,2025-07-08 08:00:00,50%蒸发温度,延炼200万吨/年催化裂化装置
164.5,ST010193,<p>℃</p>,2025-07-08 08:00:00,90%蒸发温度,延炼200万吨/年催化裂化装置
188.7,ST010193,<p>℃</p>,2025-07-08 08:00:00,终馏点,延炼200万吨/年催化裂化装置
37.7,ST010193,<p>℃</p>,2025-07-09 08:00:00,初馏点,延炼200万吨/年催化裂化装置
50.9,ST010193,<p>℃</p>,2025-07-09 08:00:00,10%蒸发温度,延炼200万吨/年催化裂化装置
85.7,ST010193,<p>℃</p>,2025-07-09 08:00:00,50%蒸发温度,延炼200万吨/年催化裂化装置
163.4,ST010193,<p>℃</p>,2025-07-09 08:00:00,90%蒸发温度,延炼200万吨/年催化裂化装置
188.4,ST010193,<p>℃</p>,2025-07-09 08:00:00,终馏点,延炼200万吨/年催化裂化装置
89.2,ST010193,,2025-07-10 08:00:00,研究法辛烷值(RON),延炼200万吨/年催化裂化装置
16.1,ST010193,体积分数 %,2025-07-10 08:00:00,芳烃含量,延炼200万吨/年催化裂化装置
33.0,ST010193,体积分数 %,2025-07-10 08:00:00,烯烃含量,延炼200万吨/年催化裂化装置
59.6,ST010193,<p>kPa</p>,2025-07-10 08:00:00,蒸气压（5月1日-10月31日）,延炼200万吨/年催化裂化装置
73.2,ST010193,mg/kg,2025-07-10 08:00:00,硫含量,延炼200万吨/年催化裂化装置
37.7,ST010193,<p>℃</p>,2025-07-10 08:00:00,初馏点,延炼200万吨/年催化裂化装置
51.0,ST010193,<p>℃</p>,2025-07-10 08:00:00,10%蒸发温度,延炼200万吨/年催化裂化装置
85.8,ST010193,<p>℃</p>,2025-07-10 08:00:00,50%蒸发温度,延炼200万吨/年催化裂化装置
164.4,ST010193,<p>℃</p>,2025-07-10 08:00:00,90%蒸发温度,延炼200万吨/年催化裂化装置
188.9,ST010193,<p>℃</p>,2025-07-10 08:00:00,终馏点,延炼200万吨/年催化裂化装置
明水,ST010193,,2025-07-10 08:00:00,水含量,延炼200万吨/年催化裂化装置
明水,ST010193,,2025-07-10 08:00:00,水含量,延炼200万吨/年催化裂化装置
0.9,ST010193,<p>mg/kg</p>,2025-07-10 08:00:00,氯含量,延炼200万吨/年催化裂化装置
16.3,ST010193,<p>mg/kg</p>,2025-07-10 08:00:00,氯含量,延炼200万吨/年催化裂化装置
37.6,ST010193,<p>℃</p>,2025-07-11 08:00:00,初馏点,延炼200万吨/年催化裂化装置
50.6,ST010193,<p>℃</p>,2025-07-11 08:00:00,10%蒸发温度,延炼200万吨/年催化裂化装置
85.9,ST010193,<p>℃</p>,2025-07-11 08:00:00,50%蒸发温度,延炼200万吨/年催化裂化装置
162.9,ST010193,<p>℃</p>,2025-07-11 08:00:00,90%蒸发温度,延炼200万吨/年催化裂化装置
188.0,ST010193,<p>℃</p>,2025-07-11 08:00:00,终馏点,延炼200万吨/年催化裂化装置
16.0,ST010193,体积分数 %,2025-07-12 08:00:00,芳烃含量,延炼200万吨/年催化裂化装置
33.7,ST010193,体积分数 %,2025-07-12 08:00:00,烯烃含量,延炼200万吨/年催化裂化装置
89.8,ST010193,,2025-07-12 08:00:00,研究法辛烷值(RON),延炼200万吨/年催化裂化装置
37.0,ST010193,<p>℃</p>,2025-07-12 08:00:00,初馏点,延炼200万吨/年催化裂化装置
50.4,ST010193,<p>℃</p>,2025-07-12 08:00:00,10%蒸发温度,延炼200万吨/年催化裂化装置
85.6,ST010193,<p>℃</p>,2025-07-12 08:00:00,50%蒸发温度,延炼200万吨/年催化裂化装置
164.3,ST010193,<p>℃</p>,2025-07-12 08:00:00,90%蒸发温度,延炼200万吨/年催化裂化装置
188.8,ST010193,<p>℃</p>,2025-07-12 08:00:00,终馏点,延炼200万吨/年催化裂化装置
37.2,ST010193,<p>℃</p>,2025-07-13 08:00:00,初馏点,延炼200万吨/年催化裂化装置
50.5,ST010193,<p>℃</p>,2025-07-13 08:00:00,10%蒸发温度,延炼200万吨/年催化裂化装置
86.2,ST010193,<p>℃</p>,2025-07-13 08:00:00,50%蒸发温度,延炼200万吨/年催化裂化装置
162.8,ST010193,<p>℃</p>,2025-07-13 08:00:00,90%蒸发温度,延炼200万吨/年催化裂化装置
187.7,ST010193,<p>℃</p>,2025-07-13 08:00:00,终馏点,延炼200万吨/年催化裂化装置
15.9,ST010193,体积分数 %,2025-07-14 08:00:00,芳烃含量,延炼200万吨/年催化裂化装置
33.7,ST010193,体积分数 %,2025-07-14 08:00:00,烯烃含量,延炼200万吨/年催化裂化装置
36.0,ST010193,<p>℃</p>,2025-07-14 08:00:00,初馏点,延炼200万吨/年催化裂化装置
187.0,ST010193,<p>℃</p>,2025-07-14 08:00:00,终馏点,延炼200万吨/年催化裂化装置
1.0,ST010193,体积分数 %,2025-07-14 08:00:00,残馏量,延炼200万吨/年催化裂化装置
0.7,ST010193,体积分数 %,2025-07-14 08:00:00,校正损失,延炼200万吨/年催化裂化装置
98.3,ST010193,体积分数 %,2025-07-14 08:00:00,全馏量,延炼200万吨/年催化裂化装置
51.5,ST010193,<p>℃</p>,2025-07-14 08:00:00,10%蒸发温度,延炼200万吨/年催化裂化装置
89.0,ST010193,<p>℃</p>,2025-07-14 08:00:00,50%蒸发温度,延炼200万吨/年催化裂化装置
162.0,ST010193,<p>℃</p>,2025-07-14 08:00:00,90%蒸发温度,延炼200万吨/年催化裂化装置
89.8,ST010193,,2025-07-14 08:00:00,研究法辛烷值(RON),延炼200万吨/年催化裂化装置
37.5,ST010193,<p>℃</p>,2025-07-15 08:00:00,初馏点,延炼200万吨/年催化裂化装置
50.7,ST010193,<p>℃</p>,2025-07-15 08:00:00,10%蒸发温度,延炼200万吨/年催化裂化装置
86.7,ST010193,<p>℃</p>,2025-07-15 08:00:00,50%蒸发温度,延炼200万吨/年催化裂化装置
162.6,ST010193,<p>℃</p>,2025-07-15 08:00:00,90%蒸发温度,延炼200万吨/年催化裂化装置
187.3,ST010193,<p>℃</p>,2025-07-15 08:00:00,终馏点,延炼200万吨/年催化裂化装置
36.9,ST010193,<p>℃</p>,2025-07-16 08:00:00,初馏点,延炼200万吨/年催化裂化装置
50.5,ST010193,<p>℃</p>,2025-07-16 08:00:00,10%蒸发温度,延炼200万吨/年催化裂化装置
87.0,ST010193,<p>℃</p>,2025-07-16 08:00:00,50%蒸发温度,延炼200万吨/年催化裂化装置
169.8,ST010193,<p>℃</p>,2025-07-16 08:00:00,90%蒸发温度,延炼200万吨/年催化裂化装置
191.8,ST010193,<p>℃</p>,2025-07-16 08:00:00,终馏点,延炼200万吨/年催化裂化装置
36.9,ST010193,<p>℃</p>,2025-07-17 08:00:00,初馏点,延炼200万吨/年催化裂化装置
50.6,ST010193,<p>℃</p>,2025-07-17 08:00:00,10%蒸发温度,延炼200万吨/年催化裂化装置
86.9,ST010193,<p>℃</p>,2025-07-17 08:00:00,50%蒸发温度,延炼200万吨/年催化裂化装置
168.2,ST010193,<p>℃</p>,2025-07-17 08:00:00,90%蒸发温度,延炼200万吨/年催化裂化装置
190.5,ST010193,<p>℃</p>,2025-07-17 08:00:00,终馏点,延炼200万吨/年催化裂化装置
89.9,ST010193,,2025-07-17 08:00:00,研究法辛烷值(RON),延炼200万吨/年催化裂化装置
16.5,ST010193,体积分数 %,2025-07-17 08:00:00,芳烃含量,延炼200万吨/年催化裂化装置
33.1,ST010193,体积分数 %,2025-07-17 08:00:00,烯烃含量,延炼200万吨/年催化裂化装置
63.3,ST010193,<p>kPa</p>,2025-07-17 08:00:00,蒸气压（5月1日-10月31日）,延炼200万吨/年催化裂化装置
90.0,ST010193,mg/kg,2025-07-17 08:00:00,硫含量,延炼200万吨/年催化裂化装置
明水,ST010193,,2025-07-17 08:00:00,水含量,延炼200万吨/年催化裂化装置
6.5,ST010193,<p>mg/kg</p>,2025-07-17 08:00:00,氯含量,延炼200万吨/年催化裂化装置
3.2,ST010193,<p>mg/kg</p>,2025-07-17 08:00:00,氯含量,延炼200万吨/年催化裂化装置
明水,ST010193,,2025-07-17 08:00:00,水含量,延炼200万吨/年催化裂化装置
37.3,ST010193,<p>℃</p>,2025-07-18 08:00:00,初馏点,延炼200万吨/年催化裂化装置
51.1,ST010193,<p>℃</p>,2025-07-18 08:00:00,10%蒸发温度,延炼200万吨/年催化裂化装置
88.1,ST010193,<p>℃</p>,2025-07-18 08:00:00,50%蒸发温度,延炼200万吨/年催化裂化装置
168.3,ST010193,<p>℃</p>,2025-07-18 08:00:00,90%蒸发温度,延炼200万吨/年催化裂化装置
190.3,ST010193,<p>℃</p>,2025-07-18 08:00:00,终馏点,延炼200万吨/年催化裂化装置
37.2,ST010193,<p>℃</p>,2025-07-19 08:00:00,初馏点,延炼200万吨/年催化裂化装置
50.9,ST010193,<p>℃</p>,2025-07-19 08:00:00,10%蒸发温度,延炼200万吨/年催化裂化装置
88.1,ST010193,<p>℃</p>,2025-07-19 08:00:00,50%蒸发温度,延炼200万吨/年催化裂化装置
168.2,ST010193,<p>℃</p>,2025-07-19 08:00:00,90%蒸发温度,延炼200万吨/年催化裂化装置
190.0,ST010193,<p>℃</p>,2025-07-19 08:00:00,终馏点,延炼200万吨/年催化裂化装置
89.7,ST010193,,2025-07-19 08:00:00,研究法辛烷值(RON),延炼200万吨/年催化裂化装置
16.6,ST010193,体积分数 %,2025-07-19 08:00:00,芳烃含量,延炼200万吨/年催化裂化装置
33.2,ST010193,体积分数 %,2025-07-19 08:00:00,烯烃含量,延炼200万吨/年催化裂化装置
36.9,ST010193,<p>℃</p>,2025-07-20 08:00:00,初馏点,延炼200万吨/年催化裂化装置
50.8,ST010193,<p>℃</p>,2025-07-20 08:00:00,10%蒸发温度,延炼200万吨/年催化裂化装置
89.2,ST010193,<p>℃</p>,2025-07-20 08:00:00,50%蒸发温度,延炼200万吨/年催化裂化装置
170.2,ST010193,<p>℃</p>,2025-07-20 08:00:00,90%蒸发温度,延炼200万吨/年催化裂化装置
192.0,ST010193,<p>℃</p>,2025-07-20 08:00:00,终馏点,延炼200万吨/年催化裂化装置
36.9,ST010193,<p>℃</p>,2025-07-21 08:00:00,初馏点,延炼200万吨/年催化裂化装置
50.5,ST010193,<p>℃</p>,2025-07-21 08:00:00,10%蒸发温度,延炼200万吨/年催化裂化装置
87.1,ST010193,<p>℃</p>,2025-07-21 08:00:00,50%蒸发温度,延炼200万吨/年催化裂化装置
170.1,ST010193,<p>℃</p>,2025-07-21 08:00:00,90%蒸发温度,延炼200万吨/年催化裂化装置
192.0,ST010193,<p>℃</p>,2025-07-21 08:00:00,终馏点,延炼200万吨/年催化裂化装置
89.3,ST010193,,2025-07-21 08:00:00,研究法辛烷值(RON),延炼200万吨/年催化裂化装置
17.3,ST010193,体积分数 %,2025-07-21 08:00:00,芳烃含量,延炼200万吨/年催化裂化装置
33.6,ST010193,体积分数 %,2025-07-21 08:00:00,烯烃含量,延炼200万吨/年催化裂化装置
37.5,ST010193,<p>℃</p>,2025-07-22 08:00:00,初馏点,延炼200万吨/年催化裂化装置
51.1,ST010193,<p>℃</p>,2025-07-22 08:00:00,10%蒸发温度,延炼200万吨/年催化裂化装置
88.4,ST010193,<p>℃</p>,2025-07-22 08:00:00,50%蒸发温度,延炼200万吨/年催化裂化装置
168.4,ST010193,<p>℃</p>,2025-07-22 08:00:00,90%蒸发温度,延炼200万吨/年催化裂化装置
190.4,ST010193,<p>℃</p>,2025-07-22 08:00:00,终馏点,延炼200万吨/年催化裂化装置
36.9,ST010193,<p>℃</p>,2025-07-23 08:00:00,初馏点,延炼200万吨/年催化裂化装置
50.5,ST010193,<p>℃</p>,2025-07-23 08:00:00,10%蒸发温度,延炼200万吨/年催化裂化装置
87.1,ST010193,<p>℃</p>,2025-07-23 08:00:00,50%蒸发温度,延炼200万吨/年催化裂化装置
167.9,ST010193,<p>℃</p>,2025-07-23 08:00:00,90%蒸发温度,延炼200万吨/年催化裂化装置
190.4,ST010193,<p>℃</p>,2025-07-23 08:00:00,终馏点,延炼200万吨/年催化裂化装置
16.3,ST010193,体积分数 %,2025-07-24 08:00:00,芳烃含量,延炼200万吨/年催化裂化装置
34.0,ST010193,体积分数 %,2025-07-24 08:00:00,烯烃含量,延炼200万吨/年催化裂化装置
89.2,ST010193,,2025-07-24 08:00:00,研究法辛烷值(RON),延炼200万吨/年催化裂化装置
36.9,ST010193,<p>℃</p>,2025-07-24 08:00:00,初馏点,延炼200万吨/年催化裂化装置
50.7,ST010193,<p>℃</p>,2025-07-24 08:00:00,10%蒸发温度,延炼200万吨/年催化裂化装置
88.0,ST010193,<p>℃</p>,2025-07-24 08:00:00,50%蒸发温度,延炼200万吨/年催化裂化装置
168.2,ST010193,<p>℃</p>,2025-07-24 08:00:00,90%蒸发温度,延炼200万吨/年催化裂化装置
190.2,ST010193,<p>℃</p>,2025-07-24 08:00:00,终馏点,延炼200万吨/年催化裂化装置
99.2,ST010193,mg/kg,2025-07-24 08:00:00,硫含量,延炼200万吨/年催化裂化装置
62.8,ST010193,<p>kPa</p>,2025-07-24 08:00:00,蒸气压（5月1日-10月31日）,延炼200万吨/年催化裂化装置
明水,ST010193,,2025-07-24 08:00:00,水含量,延炼200万吨/年催化裂化装置
8.0,ST010193,<p>mg/kg</p>,2025-07-24 08:00:00,氯含量,延炼200万吨/年催化裂化装置
2.1,ST010193,<p>mg/kg</p>,2025-07-24 08:00:00,氯含量,延炼200万吨/年催化裂化装置
明水,ST010193,,2025-07-24 08:00:00,水含量,延炼200万吨/年催化裂化装置
36.9,ST010193,<p>℃</p>,2025-07-25 08:00:00,初馏点,延炼200万吨/年催化裂化装置
50.7,ST010193,<p>℃</p>,2025-07-25 08:00:00,10%蒸发温度,延炼200万吨/年催化裂化装置
87.9,ST010193,<p>℃</p>,2025-07-25 08:00:00,50%蒸发温度,延炼200万吨/年催化裂化装置
168.6,ST010193,<p>℃</p>,2025-07-25 08:00:00,90%蒸发温度,延炼200万吨/年催化裂化装置
190.5,ST010193,<p>℃</p>,2025-07-25 08:00:00,终馏点,延炼200万吨/年催化裂化装置
88.6,ST010193,,2025-07-26 08:00:00,研究法辛烷值(RON),延炼200万吨/年催化裂化装置
15.5,ST010193,体积分数 %,2025-07-26 08:00:00,芳烃含量,延炼200万吨/年催化裂化装置
32.4,ST010193,体积分数 %,2025-07-26 08:00:00,烯烃含量,延炼200万吨/年催化裂化装置
36.9,ST010193,<p>℃</p>,2025-07-26 08:00:00,初馏点,延炼200万吨/年催化裂化装置
50.6,ST010193,<p>℃</p>,2025-07-26 08:00:00,10%蒸发温度,延炼200万吨/年催化裂化装置
87.5,ST010193,<p>℃</p>,2025-07-26 08:00:00,50%蒸发温度,延炼200万吨/年催化裂化装置
169.0,ST010193,<p>℃</p>,2025-07-26 08:00:00,90%蒸发温度,延炼200万吨/年催化裂化装置
192.4,ST010193,<p>℃</p>,2025-07-26 08:00:00,终馏点,延炼200万吨/年催化裂化装置
89.1,ST010193,,2025-07-26 18:00:00,研究法辛烷值(RON),延炼200万吨/年催化裂化装置
36.9,ST010193,<p>℃</p>,2025-07-27 08:00:00,初馏点,延炼200万吨/年催化裂化装置
50.6,ST010193,<p>℃</p>,2025-07-27 08:00:00,10%蒸发温度,延炼200万吨/年催化裂化装置
87.3,ST010193,<p>℃</p>,2025-07-27 08:00:00,50%蒸发温度,延炼200万吨/年催化裂化装置
167.4,ST010193,<p>℃</p>,2025-07-27 08:00:00,90%蒸发温度,延炼200万吨/年催化裂化装置
190.0,ST010193,<p>℃</p>,2025-07-27 08:00:00,终馏点,延炼200万吨/年催化裂化装置
16.0,ST010193,体积分数 %,2025-07-28 08:00:00,芳烃含量,延炼200万吨/年催化裂化装置
33.9,ST010193,体积分数 %,2025-07-28 08:00:00,烯烃含量,延炼200万吨/年催化裂化装置
88.9,ST010193,,2025-07-28 08:00:00,研究法辛烷值(RON),延炼200万吨/年催化裂化装置
34.0,ST010193,<p>℃</p>,2025-07-28 08:00:00,初馏点,延炼200万吨/年催化裂化装置
189.5,ST010193,<p>℃</p>,2025-07-28 08:00:00,终馏点,延炼200万吨/年催化裂化装置
0.8,ST010193,体积分数 %,2025-07-28 08:00:00,残馏量,延炼200万吨/年催化裂化装置
0.8,ST010193,体积分数 %,2025-07-28 08:00:00,校正损失,延炼200万吨/年催化裂化装置
98.4,ST010193,体积分数 %,2025-07-28 08:00:00,全馏量,延炼200万吨/年催化裂化装置
49.0,ST010193,<p>℃</p>,2025-07-28 08:00:00,10%蒸发温度,延炼200万吨/年催化裂化装置
89.5,ST010193,<p>℃</p>,2025-07-28 08:00:00,50%蒸发温度,延炼200万吨/年催化裂化装置
163.5,ST010193,<p>℃</p>,2025-07-28 08:00:00,90%蒸发温度,延炼200万吨/年催化裂化装置
36.9,ST010193,<p>℃</p>,2025-07-29 08:00:00,初馏点,延炼200万吨/年催化裂化装置
50.7,ST010193,<p>℃</p>,2025-07-29 08:00:00,10%蒸发温度,延炼200万吨/年催化裂化装置
87.6,ST010193,<p>℃</p>,2025-07-29 08:00:00,50%蒸发温度,延炼200万吨/年催化裂化装置
167.6,ST010193,<p>℃</p>,2025-07-29 08:00:00,90%蒸发温度,延炼200万吨/年催化裂化装置
189.9,ST010193,<p>℃</p>,2025-07-29 08:00:00,终馏点,延炼200万吨/年催化裂化装置
36.9,ST010193,<p>℃</p>,2025-07-30 08:00:00,初馏点,延炼200万吨/年催化裂化装置
50.8,ST010193,<p>℃</p>,2025-07-30 08:00:00,10%蒸发温度,延炼200万吨/年催化裂化装置
89.2,ST010193,<p>℃</p>,2025-07-30 08:00:00,50%蒸发温度,延炼200万吨/年催化裂化装置
169.5,ST010193,<p>℃</p>,2025-07-30 08:00:00,90%蒸发温度,延炼200万吨/年催化裂化装置
191.0,ST010193,<p>℃</p>,2025-07-30 08:00:00,终馏点,延炼200万吨/年催化裂化装置
37.1,ST010193,<p>℃</p>,2025-07-31 08:00:00,初馏点,延炼200万吨/年催化裂化装置
50.9,ST010193,<p>℃</p>,2025-07-31 08:00:00,10%蒸发温度,延炼200万吨/年催化裂化装置
88.0,ST010193,<p>℃</p>,2025-07-31 08:00:00,50%蒸发温度,延炼200万吨/年催化裂化装置
167.7,ST010193,<p>℃</p>,2025-07-31 08:00:00,90%蒸发温度,延炼200万吨/年催化裂化装置
190.0,ST010193,<p>℃</p>,2025-07-31 08:00:00,终馏点,延炼200万吨/年催化裂化装置
16.3,ST010193,体积分数 %,2025-07-31 08:00:00,芳烃含量,延炼200万吨/年催化裂化装置
33.4,ST010193,体积分数 %,2025-07-31 08:00:00,烯烃含量,延炼200万吨/年催化裂化装置
88.8,ST010193,,2025-07-31 08:00:00,研究法辛烷值(RON),延炼200万吨/年催化裂化装置
62.9,ST010193,<p>kPa</p>,2025-07-31 08:00:00,蒸气压（5月1日-10月31日）,延炼200万吨/年催化裂化装置
98.4,ST010193,mg/kg,2025-07-31 08:00:00,硫含量,延炼200万吨/年催化裂化装置
0.5,ST010193,<p>mg/kg</p>,2025-07-31 08:00:00,氯含量,延炼200万吨/年催化裂化装置
明水,ST010193,,2025-07-31 08:00:00,水含量,延炼200万吨/年催化裂化装置
3.5,ST010193,<p>mg/kg</p>,2025-07-31 08:00:00,氯含量,延炼200万吨/年催化裂化装置
明水,ST010193,,2025-07-31 08:00:00,水含量,延炼200万吨/年催化裂化装置
719.0,ST010193,<p>kg/m<sup>3</sup></p>,2025-08-01 08:00:00,密度(20℃),延炼200万吨/年催化裂化装置
36.8,ST010193,<p>℃</p>,2025-08-01 08:00:00,初馏点,延炼200万吨/年催化裂化装置
50.5,ST010193,<p>℃</p>,2025-08-01 08:00:00,10%蒸发温度,延炼200万吨/年催化裂化装置
87.6,ST010193,<p>℃</p>,2025-08-01 08:00:00,50%蒸发温度,延炼200万吨/年催化裂化装置
167.7,ST010193,<p>℃</p>,2025-08-01 08:00:00,90%蒸发温度,延炼200万吨/年催化裂化装置
190.0,ST010193,<p>℃</p>,2025-08-01 08:00:00,终馏点,延炼200万吨/年催化裂化装置
88.9,ST010193,,2025-08-02 08:00:00,研究法辛烷值(RON),延炼200万吨/年催化裂化装置
15.0,ST010193,体积分数 %,2025-08-02 08:00:00,芳烃含量,延炼200万吨/年催化裂化装置
31.5,ST010193,体积分数 %,2025-08-02 08:00:00,烯烃含量,延炼200万吨/年催化裂化装置
36.9,ST010193,<p>℃</p>,2025-08-02 08:00:00,初馏点,延炼200万吨/年催化裂化装置
50.7,ST010193,<p>℃</p>,2025-08-02 08:00:00,10%蒸发温度,延炼200万吨/年催化裂化装置
88.1,ST010193,<p>℃</p>,2025-08-02 08:00:00,50%蒸发温度,延炼200万吨/年催化裂化装置
167.3,ST010193,<p>℃</p>,2025-08-02 08:00:00,90%蒸发温度,延炼200万吨/年催化裂化装置
189.4,ST010193,<p>℃</p>,2025-08-02 08:00:00,终馏点,延炼200万吨/年催化裂化装置
37.2,ST010193,<p>℃</p>,2025-08-03 08:00:00,初馏点,延炼200万吨/年催化裂化装置
51.1,ST010193,<p>℃</p>,2025-08-03 08:00:00,10%蒸发温度,延炼200万吨/年催化裂化装置
89.7,ST010193,<p>℃</p>,2025-08-03 08:00:00,50%蒸发温度,延炼200万吨/年催化裂化装置
168.8,ST010193,<p>℃</p>,2025-08-03 08:00:00,90%蒸发温度,延炼200万吨/年催化裂化装置
190.3,ST010193,<p>℃</p>,2025-08-03 08:00:00,终馏点,延炼200万吨/年催化裂化装置
36.9,ST010193,<p>℃</p>,2025-08-04 08:00:00,初馏点,延炼200万吨/年催化裂化装置
50.8,ST010193,<p>℃</p>,2025-08-04 08:00:00,10%蒸发温度,延炼200万吨/年催化裂化装置
88.7,ST010193,<p>℃</p>,2025-08-04 08:00:00,50%蒸发温度,延炼200万吨/年催化裂化装置
168.5,ST010193,<p>℃</p>,2025-08-04 08:00:00,90%蒸发温度,延炼200万吨/年催化裂化装置
190.5,ST010193,<p>℃</p>,2025-08-04 08:00:00,终馏点,延炼200万吨/年催化裂化装置
88.8,ST010193,,2025-08-04 08:00:00,研究法辛烷值(RON),延炼200万吨/年催化裂化装置
16.4,ST010193,体积分数 %,2025-08-04 08:00:00,芳烃含量,延炼200万吨/年催化裂化装置
33.1,ST010193,体积分数 %,2025-08-04 08:00:00,烯烃含量,延炼200万吨/年催化裂化装置
36.5,ST010193,<p>℃</p>,2025-08-05 08:00:00,初馏点,延炼200万吨/年催化裂化装置
50.6,ST010193,<p>℃</p>,2025-08-05 08:00:00,10%蒸发温度,延炼200万吨/年催化裂化装置
89.0,ST010193,<p>℃</p>,2025-08-05 08:00:00,50%蒸发温度,延炼200万吨/年催化裂化装置
169.8,ST010193,<p>℃</p>,2025-08-05 08:00:00,90%蒸发温度,延炼200万吨/年催化裂化装置
191.3,ST010193,<p>℃</p>,2025-08-05 08:00:00,终馏点,延炼200万吨/年催化裂化装置
34.5,ST010193,<p>℃</p>,2025-08-06 08:00:00,初馏点,延炼200万吨/年催化裂化装置
191.0,ST010193,<p>℃</p>,2025-08-06 08:00:00,终馏点,延炼200万吨/年催化裂化装置
1.0,ST010193,体积分数 %,2025-08-06 08:00:00,残馏量,延炼200万吨/年催化裂化装置
0.7,ST010193,体积分数 %,2025-08-06 08:00:00,校正损失,延炼200万吨/年催化裂化装置
98.3,ST010193,体积分数 %,2025-08-06 08:00:00,全馏量,延炼200万吨/年催化裂化装置
49.5,ST010193,<p>℃</p>,2025-08-06 08:00:00,10%蒸发温度,延炼200万吨/年催化裂化装置
92.5,ST010193,<p>℃</p>,2025-08-06 08:00:00,50%蒸发温度,延炼200万吨/年催化裂化装置
166.5,ST010193,<p>℃</p>,2025-08-06 08:00:00,90%蒸发温度,延炼200万吨/年催化裂化装置
14.8,ST010193,体积分数 %,2025-08-07 08:00:00,芳烃含量,延炼200万吨/年催化裂化装置
32.4,ST010193,体积分数 %,2025-08-07 08:00:00,烯烃含量,延炼200万吨/年催化裂化装置
88.8,ST010193,,2025-08-07 08:00:00,研究法辛烷值(RON),延炼200万吨/年催化裂化装置
66.1,ST010193,<p>kPa</p>,2025-08-07 08:00:00,蒸气压（5月1日-10月31日）,延炼200万吨/年催化裂化装置
36.3,ST010193,<p>℃</p>,2025-08-07 08:00:00,初馏点,延炼200万吨/年催化裂化装置
50.4,ST010193,<p>℃</p>,2025-08-07 08:00:00,10%蒸发温度,延炼200万吨/年催化裂化装置
88.3,ST010193,<p>℃</p>,2025-08-07 08:00:00,50%蒸发温度,延炼200万吨/年催化裂化装置
168.5,ST010193,<p>℃</p>,2025-08-07 08:00:00,90%蒸发温度,延炼200万吨/年催化裂化装置
190.4,ST010193,<p>℃</p>,2025-08-07 08:00:00,终馏点,延炼200万吨/年催化裂化装置
104,ST010193,mg/kg,2025-08-07 08:00:00,硫含量,延炼200万吨/年催化裂化装置
明水,ST010193,,2025-08-07 08:00:00,水含量,延炼200万吨/年催化裂化装置
1.1,ST010193,<p>mg/kg</p>,2025-08-07 08:00:00,氯含量,延炼200万吨/年催化裂化装置
9.4,ST010193,<p>mg/kg</p>,2025-08-07 08:00:00,氯含量,延炼200万吨/年催化裂化装置
明水,ST010193,,2025-08-07 08:00:00,水含量,延炼200万吨/年催化裂化装置
37.2,ST010193,<p>℃</p>,2025-08-08 08:00:00,初馏点,延炼200万吨/年催化裂化装置
51.1,ST010193,<p>℃</p>,2025-08-08 08:00:00,10%蒸发温度,延炼200万吨/年催化裂化装置
89.1,ST010193,<p>℃</p>,2025-08-08 08:00:00,50%蒸发温度,延炼200万吨/年催化裂化装置
166.6,ST010193,<p>℃</p>,2025-08-08 08:00:00,90%蒸发温度,延炼200万吨/年催化裂化装置
188.8,ST010193,<p>℃</p>,2025-08-08 08:00:00,终馏点,延炼200万吨/年催化裂化装置
89.0,ST010193,,2025-08-09 08:00:00,研究法辛烷值(RON),延炼200万吨/年催化裂化装置
16.0,ST010193,体积分数 %,2025-08-09 08:00:00,芳烃含量,延炼200万吨/年催化裂化装置
35.3,ST010193,体积分数 %,2025-08-09 08:00:00,烯烃含量,延炼200万吨/年催化裂化装置
37.2,ST010193,<p>℃</p>,2025-08-09 08:00:00,初馏点,延炼200万吨/年催化裂化装置
51.1,ST010193,<p>℃</p>,2025-08-09 08:00:00,10%蒸发温度,延炼200万吨/年催化裂化装置
88.9,ST010193,<p>℃</p>,2025-08-09 08:00:00,50%蒸发温度,延炼200万吨/年催化裂化装置
167.0,ST010193,<p>℃</p>,2025-08-09 08:00:00,90%蒸发温度,延炼200万吨/年催化裂化装置
189.4,ST010193,<p>℃</p>,2025-08-09 08:00:00,终馏点,延炼200万吨/年催化裂化装置
37.2,ST010193,<p>℃</p>,2025-08-10 08:00:00,初馏点,延炼200万吨/年催化裂化装置
51.2,ST010193,<p>℃</p>,2025-08-10 08:00:00,10%蒸发温度,延炼200万吨/年催化裂化装置
89.2,ST010193,<p>℃</p>,2025-08-10 08:00:00,50%蒸发温度,延炼200万吨/年催化裂化装置
166.6,ST010193,<p>℃</p>,2025-08-10 08:00:00,90%蒸发温度,延炼200万吨/年催化裂化装置
189.0,ST010193,<p>℃</p>,2025-08-10 08:00:00,终馏点,延炼200万吨/年催化裂化装置
89.2,ST010193,,2025-08-11 08:00:00,研究法辛烷值(RON),延炼200万吨/年催化裂化装置
16.1,ST010193,体积分数 %,2025-08-11 08:00:00,芳烃含量,延炼200万吨/年催化裂化装置
34.7,ST010193,体积分数 %,2025-08-11 08:00:00,烯烃含量,延炼200万吨/年催化裂化装置
37.3,ST010193,<p>℃</p>,2025-08-11 08:00:00,初馏点,延炼200万吨/年催化裂化装置
51.5,ST010193,<p>℃</p>,2025-08-11 08:00:00,10%蒸发温度,延炼200万吨/年催化裂化装置
90.2,ST010193,<p>℃</p>,2025-08-11 08:00:00,50%蒸发温度,延炼200万吨/年催化裂化装置
168.0,ST010193,<p>℃</p>,2025-08-11 08:00:00,90%蒸发温度,延炼200万吨/年催化裂化装置
190.0,ST010193,<p>℃</p>,2025-08-11 08:00:00,终馏点,延炼200万吨/年催化裂化装置
36.9,ST010193,<p>℃</p>,2025-08-12 08:00:00,初馏点,延炼200万吨/年催化裂化装置
50.8,ST010193,<p>℃</p>,2025-08-12 08:00:00,10%蒸发温度,延炼200万吨/年催化裂化装置
89.2,ST010193,<p>℃</p>,2025-08-12 08:00:00,50%蒸发温度,延炼200万吨/年催化裂化装置
167.0,ST010193,<p>℃</p>,2025-08-12 08:00:00,90%蒸发温度,延炼200万吨/年催化裂化装置
189.0,ST010193,<p>℃</p>,2025-08-12 08:00:00,终馏点,延炼200万吨/年催化裂化装置
37.1,ST010193,<p>℃</p>,2025-08-13 08:00:00,初馏点,延炼200万吨/年催化裂化装置
51.3,ST010193,<p>℃</p>,2025-08-13 08:00:00,10%蒸发温度,延炼200万吨/年催化裂化装置
89.9,ST010193,<p>℃</p>,2025-08-13 08:00:00,50%蒸发温度,延炼200万吨/年催化裂化装置
166.6,ST010193,<p>℃</p>,2025-08-13 08:00:00,90%蒸发温度,延炼200万吨/年催化裂化装置
188.8,ST010193,<p>℃</p>,2025-08-13 08:00:00,终馏点,延炼200万吨/年催化裂化装置
62.8,ST010193,<p>kPa</p>,2025-08-14 08:00:00,蒸气压（5月1日-10月31日）,延炼200万吨/年催化裂化装置
36.8,ST010193,<p>℃</p>,2025-08-14 08:00:00,初馏点,延炼200万吨/年催化裂化装置
50.8,ST010193,<p>℃</p>,2025-08-14 08:00:00,10%蒸发温度,延炼200万吨/年催化裂化装置
88.8,ST010193,<p>℃</p>,2025-08-14 08:00:00,50%蒸发温度,延炼200万吨/年催化裂化装置
166.4,ST010193,<p>℃</p>,2025-08-14 08:00:00,90%蒸发温度,延炼200万吨/年催化裂化装置
188.4,ST010193,<p>℃</p>,2025-08-14 08:00:00,终馏点,延炼200万吨/年催化裂化装置
14.5,ST010193,体积分数 %,2025-08-14 08:00:00,芳烃含量,延炼200万吨/年催化裂化装置
32.3,ST010193,体积分数 %,2025-08-14 08:00:00,烯烃含量,延炼200万吨/年催化裂化装置
122,ST010193,mg/kg,2025-08-14 08:00:00,硫含量,延炼200万吨/年催化裂化装置
89.0,ST010193,,2025-08-14 08:00:00,研究法辛烷值(RON),延炼200万吨/年催化裂化装置
0.4,ST010193,<p>mg/kg</p>,2025-08-14 08:00:00,氯含量,延炼200万吨/年催化裂化装置
明水,ST010193,,2025-08-14 08:00:00,水含量,延炼200万吨/年催化裂化装置
4.4,ST010193,<p>mg/kg</p>,2025-08-14 08:00:00,氯含量,延炼200万吨/年催化裂化装置
明水,ST010193,,2025-08-14 08:00:00,水含量,延炼200万吨/年催化裂化装置
36.9,ST010193,<p>℃</p>,2025-08-15 08:00:00,初馏点,延炼200万吨/年催化裂化装置
50.9,ST010193,<p>℃</p>,2025-08-15 08:00:00,10%蒸发温度,延炼200万吨/年催化裂化装置
89.5,ST010193,<p>℃</p>,2025-08-15 08:00:00,50%蒸发温度,延炼200万吨/年催化裂化装置
165.8,ST010193,<p>℃</p>,2025-08-15 08:00:00,90%蒸发温度,延炼200万吨/年催化裂化装置
188.4,ST010193,<p>℃</p>,2025-08-15 08:00:00,终馏点,延炼200万吨/年催化裂化装置
15.8,ST010193,体积分数 %,2025-08-16 08:00:00,芳烃含量,延炼200万吨/年催化裂化装置
34.3,ST010193,体积分数 %,2025-08-16 08:00:00,烯烃含量,延炼200万吨/年催化裂化装置
88.9,ST010193,,2025-08-16 08:00:00,研究法辛烷值(RON),延炼200万吨/年催化裂化装置
36.8,ST010193,<p>℃</p>,2025-08-16 08:00:00,初馏点,延炼200万吨/年催化裂化装置
50.7,ST010193,<p>℃</p>,2025-08-16 08:00:00,10%蒸发温度,延炼200万吨/年催化裂化装置
88.6,ST010193,<p>℃</p>,2025-08-16 08:00:00,50%蒸发温度,延炼200万吨/年催化裂化装置
166.3,ST010193,<p>℃</p>,2025-08-16 08:00:00,90%蒸发温度,延炼200万吨/年催化裂化装置
188.6,ST010193,<p>℃</p>,2025-08-16 08:00:00,终馏点,延炼200万吨/年催化裂化装置
36.9,ST010193,<p>℃</p>,2025-08-17 08:00:00,初馏点,延炼200万吨/年催化裂化装置
50.8,ST010193,<p>℃</p>,2025-08-17 08:00:00,10%蒸发温度,延炼200万吨/年催化裂化装置
88.6,ST010193,<p>℃</p>,2025-08-17 08:00:00,50%蒸发温度,延炼200万吨/年催化裂化装置
165.5,ST010193,<p>℃</p>,2025-08-17 08:00:00,90%蒸发温度,延炼200万吨/年催化裂化装置
188.3,ST010193,<p>℃</p>,2025-08-17 08:00:00,终馏点,延炼200万吨/年催化裂化装置
89.1,ST010193,,2025-08-18 08:00:00,研究法辛烷值(RON),延炼200万吨/年催化裂化装置
15.8,ST010193,体积分数 %,2025-08-18 08:00:00,芳烃含量,延炼200万吨/年催化裂化装置
35.2,ST010193,体积分数 %,2025-08-18 08:00:00,烯烃含量,延炼200万吨/年催化裂化装置
0.7,ST010193,体积分数 %,2025-08-18 08:00:00,校正损失,延炼200万吨/年催化裂化装置
98.3,ST010193,体积分数 %,2025-08-18 08:00:00,全馏量,延炼200万吨/年催化裂化装置
50.5,ST010193,<p>℃</p>,2025-08-18 08:00:00,10%蒸发温度,延炼200万吨/年催化裂化装置
93.5,ST010193,<p>℃</p>,2025-08-18 08:00:00,50%蒸发温度,延炼200万吨/年催化裂化装置
164.5,ST010193,<p>℃</p>,2025-08-18 08:00:00,90%蒸发温度,延炼200万吨/年催化裂化装置
34.5,ST010193,<p>℃</p>,2025-08-18 08:00:00,初馏点,延炼200万吨/年催化裂化装置
188.5,ST010193,<p>℃</p>,2025-08-18 08:00:00,终馏点,延炼200万吨/年催化裂化装置
1.0,ST010193,体积分数 %,2025-08-18 08:00:00,残馏量,延炼200万吨/年催化裂化装置
36.9,ST010193,<p>℃</p>,2025-08-19 08:00:00,初馏点,延炼200万吨/年催化裂化装置
50.8,ST010193,<p>℃</p>,2025-08-19 08:00:00,10%蒸发温度,延炼200万吨/年催化裂化装置
89.2,ST010193,<p>℃</p>,2025-08-19 08:00:00,50%蒸发温度,延炼200万吨/年催化裂化装置
167.3,ST010193,<p>℃</p>,2025-08-19 08:00:00,90%蒸发温度,延炼200万吨/年催化裂化装置
189.4,ST010193,<p>℃</p>,2025-08-19 08:00:00,终馏点,延炼200万吨/年催化裂化装置
37.1,ST010193,<p>℃</p>,2025-08-20 08:00:00,初馏点,延炼200万吨/年催化裂化装置
50.8,ST010193,<p>℃</p>,2025-08-20 08:00:00,10%蒸发温度,延炼200万吨/年催化裂化装置
87.9,ST010193,<p>℃</p>,2025-08-20 08:00:00,50%蒸发温度,延炼200万吨/年催化裂化装置
164.0,ST010193,<p>℃</p>,2025-08-20 08:00:00,90%蒸发温度,延炼200万吨/年催化裂化装置
188.1,ST010193,<p>℃</p>,2025-08-20 08:00:00,终馏点,延炼200万吨/年催化裂化装置
16.2,ST010193,体积分数 %,2025-08-21 08:00:00,芳烃含量,延炼200万吨/年催化裂化装置
32.8,ST010193,体积分数 %,2025-08-21 08:00:00,烯烃含量,延炼200万吨/年催化裂化装置
88.1,ST010193,,2025-08-21 08:00:00,研究法辛烷值(RON),延炼200万吨/年催化裂化装置
64.6,ST010193,<p>kPa</p>,2025-08-21 08:00:00,蒸气压（5月1日-10月31日）,延炼200万吨/年催化裂化装置
99.3,ST010193,mg/kg,2025-08-21 08:00:00,硫含量,延炼200万吨/年催化裂化装置
36.9,ST010193,<p>℃</p>,2025-08-21 08:00:00,初馏点,延炼200万吨/年催化裂化装置
50.8,ST010193,<p>℃</p>,2025-08-21 08:00:00,10%蒸发温度,延炼200万吨/年催化裂化装置
89.1,ST010193,<p>℃</p>,2025-08-21 08:00:00,50%蒸发温度,延炼200万吨/年催化裂化装置
166.8,ST010193,<p>℃</p>,2025-08-21 08:00:00,90%蒸发温度,延炼200万吨/年催化裂化装置
189.1,ST010193,<p>℃</p>,2025-08-21 08:00:00,终馏点,延炼200万吨/年催化裂化装置
22.1,ST010193,<p>mg/kg</p>,2025-08-21 08:00:00,氯含量,延炼200万吨/年催化裂化装置
1.7,ST010193,<p>mg/kg</p>,2025-08-21 08:00:00,氯含量,延炼200万吨/年催化裂化装置
明水,ST010193,,2025-08-21 08:00:00,水含量,延炼200万吨/年催化裂化装置
明水,ST010193,,2025-08-21 08:00:00,水含量,延炼200万吨/年催化裂化装置
88.4,ST010193,,2025-08-21 15:00:00,研究法辛烷值(RON),延炼200万吨/年催化裂化装置
36.5,ST010193,<p>℃</p>,2025-08-22 08:00:00,初馏点,延炼200万吨/年催化裂化装置
50.6,ST010193,<p>℃</p>,2025-08-22 08:00:00,10%蒸发温度,延炼200万吨/年催化裂化装置
88.6,ST010193,<p>℃</p>,2025-08-22 08:00:00,50%蒸发温度,延炼200万吨/年催化裂化装置
167.2,ST010193,<p>℃</p>,2025-08-22 08:00:00,90%蒸发温度,延炼200万吨/年催化裂化装置
189.7,ST010193,<p>℃</p>,2025-08-22 08:00:00,终馏点,延炼200万吨/年催化裂化装置
36.7,ST010193,<p>℃</p>,2025-08-23 08:00:00,初馏点,延炼200万吨/年催化裂化装置
50.8,ST010193,<p>℃</p>,2025-08-23 08:00:00,10%蒸发温度,延炼200万吨/年催化裂化装置
90.0,ST010193,<p>℃</p>,2025-08-23 08:00:00,50%蒸发温度,延炼200万吨/年催化裂化装置
168.6,ST010193,<p>℃</p>,2025-08-23 08:00:00,90%蒸发温度,延炼200万吨/年催化裂化装置
190.2,ST010193,<p>℃</p>,2025-08-23 08:00:00,终馏点,延炼200万吨/年催化裂化装置
88.6,ST010193,,2025-08-23 08:00:00,研究法辛烷值(RON),延炼200万吨/年催化裂化装置
16.5,ST010193,体积分数 %,2025-08-23 08:00:00,芳烃含量,延炼200万吨/年催化裂化装置
34.1,ST010193,体积分数 %,2025-08-23 08:00:00,烯烃含量,延炼200万吨/年催化裂化装置
36.3,ST010193,<p>℃</p>,2025-08-24 08:00:00,初馏点,延炼200万吨/年催化裂化装置
50.7,ST010193,<p>℃</p>,2025-08-24 08:00:00,10%蒸发温度,延炼200万吨/年催化裂化装置
90.4,ST010193,<p>℃</p>,2025-08-24 08:00:00,50%蒸发温度,延炼200万吨/年催化裂化装置
168.0,ST010193,<p>℃</p>,2025-08-24 08:00:00,90%蒸发温度,延炼200万吨/年催化裂化装置
189.8,ST010193,<p>℃</p>,2025-08-24 08:00:00,终馏点,延炼200万吨/年催化裂化装置
15.9,ST010193,体积分数 %,2025-08-25 08:00:00,芳烃含量,延炼200万吨/年催化裂化装置
33.0,ST010193,体积分数 %,2025-08-25 08:00:00,烯烃含量,延炼200万吨/年催化裂化装置
88.8,ST010193,,2025-08-25 08:00:00,研究法辛烷值(RON),延炼200万吨/年催化裂化装置
36.5,ST010193,<p>℃</p>,2025-08-25 08:00:00,初馏点,延炼200万吨/年催化裂化装置
50.8,ST010193,<p>℃</p>,2025-08-25 08:00:00,10%蒸发温度,延炼200万吨/年催化裂化装置
90.5,ST010193,<p>℃</p>,2025-08-25 08:00:00,50%蒸发温度,延炼200万吨/年催化裂化装置
167.4,ST010193,<p>℃</p>,2025-08-25 08:00:00,90%蒸发温度,延炼200万吨/年催化裂化装置
189.3,ST010193,<p>℃</p>,2025-08-25 08:00:00,终馏点,延炼200万吨/年催化裂化装置
36.5,ST010193,<p>℃</p>,2025-08-26 08:00:00,初馏点,延炼200万吨/年催化裂化装置
50.7,ST010193,<p>℃</p>,2025-08-26 08:00:00,10%蒸发温度,延炼200万吨/年催化裂化装置
89.8,ST010193,<p>℃</p>,2025-08-26 08:00:00,50%蒸发温度,延炼200万吨/年催化裂化装置
166.1,ST010193,<p>℃</p>,2025-08-26 08:00:00,90%蒸发温度,延炼200万吨/年催化裂化装置
188.5,ST010193,<p>℃</p>,2025-08-26 08:00:00,终馏点,延炼200万吨/年催化裂化装置
36.3,ST010193,<p>℃</p>,2025-08-27 08:00:00,初馏点,延炼200万吨/年催化裂化装置
50.7,ST010193,<p>℃</p>,2025-08-27 08:00:00,10%蒸发温度,延炼200万吨/年催化裂化装置
90.6,ST010193,<p>℃</p>,2025-08-27 08:00:00,50%蒸发温度,延炼200万吨/年催化裂化装置
166.9,ST010193,<p>℃</p>,2025-08-27 08:00:00,90%蒸发温度,延炼200万吨/年催化裂化装置
188.8,ST010193,<p>℃</p>,2025-08-27 08:00:00,终馏点,延炼200万吨/年催化裂化装置
114,ST010193,mg/kg,2025-08-28 08:00:00,硫含量,延炼200万吨/年催化裂化装置
16.3,ST010193,体积分数 %,2025-08-28 08:00:00,芳烃含量,延炼200万吨/年催化裂化装置
32.6,ST010193,体积分数 %,2025-08-28 08:00:00,烯烃含量,延炼200万吨/年催化裂化装置
63.1,ST010193,<p>kPa</p>,2025-08-28 08:00:00,蒸气压（5月1日-10月31日）,延炼200万吨/年催化裂化装置
36.7,ST010193,<p>℃</p>,2025-08-28 08:00:00,初馏点,延炼200万吨/年催化裂化装置
50.9,ST010193,<p>℃</p>,2025-08-28 08:00:00,10%蒸发温度,延炼200万吨/年催化裂化装置
91.4,ST010193,<p>℃</p>,2025-08-28 08:00:00,50%蒸发温度,延炼200万吨/年催化裂化装置
167.9,ST010193,<p>℃</p>,2025-08-28 08:00:00,90%蒸发温度,延炼200万吨/年催化裂化装置
189.4,ST010193,<p>℃</p>,2025-08-28 08:00:00,终馏点,延炼200万吨/年催化裂化装置
88.8,ST010193,,2025-08-28 08:00:00,研究法辛烷值(RON),延炼200万吨/年催化裂化装置
1.0,ST010193,<p>mg/kg</p>,2025-08-28 08:00:00,氯含量,延炼200万吨/年催化裂化装置
明水,ST010193,,2025-08-28 08:00:00,水含量,延炼200万吨/年催化裂化装置
1.8,ST010193,<p>mg/kg</p>,2025-08-28 08:00:00,氯含量,延炼200万吨/年催化裂化装置
明水,ST010193,,2025-08-28 08:00:00,水含量,延炼200万吨/年催化裂化装置
36.8,ST010193,<p>℃</p>,2025-08-29 08:00:00,初馏点,延炼200万吨/年催化裂化装置
50.8,ST010193,<p>℃</p>,2025-08-29 08:00:00,10%蒸发温度,延炼200万吨/年催化裂化装置
89.5,ST010193,<p>℃</p>,2025-08-29 08:00:00,50%蒸发温度,延炼200万吨/年催化裂化装置
166.6,ST010193,<p>℃</p>,2025-08-29 08:00:00,90%蒸发温度,延炼200万吨/年催化裂化装置
188.9,ST010193,<p>℃</p>,2025-08-29 08:00:00,终馏点,延炼200万吨/年催化裂化装置
36.7,ST010193,<p>℃</p>,2025-08-30 08:00:00,初馏点,延炼200万吨/年催化裂化装置
50.7,ST010193,<p>℃</p>,2025-08-30 08:00:00,10%蒸发温度,延炼200万吨/年催化裂化装置
88.5,ST010193,<p>℃</p>,2025-08-30 08:00:00,50%蒸发温度,延炼200万吨/年催化裂化装置
165.4,ST010193,<p>℃</p>,2025-08-30 08:00:00,90%蒸发温度,延炼200万吨/年催化裂化装置
189.1,ST010193,<p>℃</p>,2025-08-30 08:00:00,终馏点,延炼200万吨/年催化裂化装置
88.4,ST010193,,2025-08-30 08:00:00,研究法辛烷值(RON),延炼200万吨/年催化裂化装置
16.0,ST010193,体积分数 %,2025-08-30 08:00:00,芳烃含量,延炼200万吨/年催化裂化装置
31.3,ST010193,体积分数 %,2025-08-30 08:00:00,烯烃含量,延炼200万吨/年催化裂化装置
36.1,ST010193,<p>℃</p>,2025-08-31 08:00:00,初馏点,延炼200万吨/年催化裂化装置
50.7,ST010193,<p>℃</p>,2025-08-31 08:00:00,10%蒸发温度,延炼200万吨/年催化裂化装置
90.7,ST010193,<p>℃</p>,2025-08-31 08:00:00,50%蒸发温度,延炼200万吨/年催化裂化装置
168.1,ST010193,<p>℃</p>,2025-08-31 08:00:00,90%蒸发温度,延炼200万吨/年催化裂化装置
190.0,ST010193,<p>℃</p>,2025-08-31 08:00:00,终馏点,延炼200万吨/年催化裂化装置
88.4,ST010193,,2025-09-01 08:00:00,研究法辛烷值(RON),延炼200万吨/年催化裂化装置
36.5,ST010193,<p>℃</p>,2025-09-01 08:00:00,初馏点,延炼200万吨/年催化裂化装置
50.8,ST010193,<p>℃</p>,2025-09-01 08:00:00,10%蒸发温度,延炼200万吨/年催化裂化装置
90.6,ST010193,<p>℃</p>,2025-09-01 08:00:00,50%蒸发温度,延炼200万吨/年催化裂化装置
166.8,ST010193,<p>℃</p>,2025-09-01 08:00:00,90%蒸发温度,延炼200万吨/年催化裂化装置
189.2,ST010193,<p>℃</p>,2025-09-01 08:00:00,终馏点,延炼200万吨/年催化裂化装置
718.8,ST010193,<p>kg/m<sup>3</sup></p>,2025-09-01 08:00:00,密度(20℃),延炼200万吨/年催化裂化装置
15.9,ST010193,体积分数 %,2025-09-01 08:00:00,芳烃含量,延炼200万吨/年催化裂化装置
33.6,ST010193,体积分数 %,2025-09-01 08:00:00,烯烃含量,延炼200万吨/年催化裂化装置
187.5,ST010193,<p>℃</p>,2025-09-02 08:00:00,终馏点,延炼200万吨/年催化裂化装置
0.8,ST010193,体积分数 %,2025-09-02 08:00:00,残馏量,延炼200万吨/年催化裂化装置
0.8,ST010193,体积分数 %,2025-09-02 08:00:00,校正损失,延炼200万吨/年催化裂化装置
98.4,ST010193,体积分数 %,2025-09-02 08:00:00,全馏量,延炼200万吨/年催化裂化装置
48.5,ST010193,<p>℃</p>,2025-09-02 08:00:00,10%蒸发温度,延炼200万吨/年催化裂化装置
94.0,ST010193,<p>℃</p>,2025-09-02 08:00:00,50%蒸发温度,延炼200万吨/年催化裂化装置
162.5,ST010193,<p>℃</p>,2025-09-02 08:00:00,90%蒸发温度,延炼200万吨/年催化裂化装置
32.5,ST010193,<p>℃</p>,2025-09-02 08:00:00,初馏点,延炼200万吨/年催化裂化装置
36.5,ST010193,<p>℃</p>,2025-09-03 08:00:00,初馏点,延炼200万吨/年催化裂化装置
50.7,ST010193,<p>℃</p>,2025-09-03 08:00:00,10%蒸发温度,延炼200万吨/年催化裂化装置
89.5,ST010193,<p>℃</p>,2025-09-03 08:00:00,50%蒸发温度,延炼200万吨/年催化裂化装置
165.0,ST010193,<p>℃</p>,2025-09-03 08:00:00,90%蒸发温度,延炼200万吨/年催化裂化装置
187.9,ST010193,<p>℃</p>,2025-09-03 08:00:00,终馏点,延炼200万吨/年催化裂化装置
89.7,ST010193,<p>℃</p>,2025-09-04 08:00:00,50%蒸发温度,延炼200万吨/年催化裂化装置
166.4,ST010193,<p>℃</p>,2025-09-04 08:00:00,90%蒸发温度,延炼200万吨/年催化裂化装置
187.9,ST010193,<p>℃</p>,2025-09-04 08:00:00,终馏点,延炼200万吨/年催化裂化装置
88.2,ST010193,,2025-09-04 08:00:00,研究法辛烷值(RON),延炼200万吨/年催化裂化装置
36.1,ST010193,<p>℃</p>,2025-09-04 08:00:00,初馏点,延炼200万吨/年催化裂化装置
50.6,ST010193,<p>℃</p>,2025-09-04 08:00:00,10%蒸发温度,延炼200万吨/年催化裂化装置
108,ST010193,mg/kg,2025-09-04 08:00:00,硫含量,延炼200万吨/年催化裂化装置
16.3,ST010193,体积分数 %,2025-09-04 08:00:00,芳烃含量,延炼200万吨/年催化裂化装置
32.3,ST010193,体积分数 %,2025-09-04 08:00:00,烯烃含量,延炼200万吨/年催化裂化装置
66.2,ST010193,<p>kPa</p>,2025-09-04 08:00:00,蒸气压（5月1日-10月31日）,延炼200万吨/年催化裂化装置
明水,ST010193,,2025-09-04 08:00:00,水含量,延炼200万吨/年催化裂化装置
1.9,ST010193,<p>mg/kg</p>,2025-09-04 08:00:00,氯含量,延炼200万吨/年催化裂化装置
23.2,ST010193,<p>mg/kg</p>,2025-09-04 08:00:00,氯含量,延炼200万吨/年催化裂化装置
明水,ST010193,,2025-09-04 08:00:00,水含量,延炼200万吨/年催化裂化装置
36.5,ST010193,<p>℃</p>,2025-09-05 08:00:00,初馏点,延炼200万吨/年催化裂化装置
50.7,ST010193,<p>℃</p>,2025-09-05 08:00:00,10%蒸发温度,延炼200万吨/年催化裂化装置
90.6,ST010193,<p>℃</p>,2025-09-05 08:00:00,50%蒸发温度,延炼200万吨/年催化裂化装置
166.8,ST010193,<p>℃</p>,2025-09-05 08:00:00,90%蒸发温度,延炼200万吨/年催化裂化装置
188.6,ST010193,<p>℃</p>,2025-09-05 08:00:00,终馏点,延炼200万吨/年催化裂化装置
36.3,ST010193,<p>℃</p>,2025-09-06 08:00:00,初馏点,延炼200万吨/年催化裂化装置
50.9,ST010193,<p>℃</p>,2025-09-06 08:00:00,10%蒸发温度,延炼200万吨/年催化裂化装置
91.8,ST010193,<p>℃</p>,2025-09-06 08:00:00,50%蒸发温度,延炼200万吨/年催化裂化装置
167.6,ST010193,<p>℃</p>,2025-09-06 08:00:00,90%蒸发温度,延炼200万吨/年催化裂化装置
189.2,ST010193,<p>℃</p>,2025-09-06 08:00:00,终馏点,延炼200万吨/年催化裂化装置
16.0,ST010193,体积分数 %,2025-09-06 08:00:00,芳烃含量,延炼200万吨/年催化裂化装置
32.9,ST010193,体积分数 %,2025-09-06 08:00:00,烯烃含量,延炼200万吨/年催化裂化装置
88.5,ST010193,,2025-09-06 08:00:00,研究法辛烷值(RON),延炼200万吨/年催化裂化装置
36.2,ST010193,<p>℃</p>,2025-09-07 08:00:00,初馏点,延炼200万吨/年催化裂化装置
50.7,ST010193,<p>℃</p>,2025-09-07 08:00:00,10%蒸发温度,延炼200万吨/年催化裂化装置
90.3,ST010193,<p>℃</p>,2025-09-07 08:00:00,50%蒸发温度,延炼200万吨/年催化裂化装置
166.6,ST010193,<p>℃</p>,2025-09-07 08:00:00,90%蒸发温度,延炼200万吨/年催化裂化装置
188.7,ST010193,<p>℃</p>,2025-09-07 08:00:00,终馏点,延炼200万吨/年催化裂化装置
15.9,ST010193,体积分数 %,2025-09-08 08:00:00,芳烃含量,延炼200万吨/年催化裂化装置
33.6,ST010193,体积分数 %,2025-09-08 08:00:00,烯烃含量,延炼200万吨/年催化裂化装置
88.3,ST010193,,2025-09-08 08:00:00,研究法辛烷值(RON),延炼200万吨/年催化裂化装置
36.0,ST010193,<p>℃</p>,2025-09-08 08:00:00,初馏点,延炼200万吨/年催化裂化装置
50.6,ST010193,<p>℃</p>,2025-09-08 08:00:00,10%蒸发温度,延炼200万吨/年催化裂化装置
91.2,ST010193,<p>℃</p>,2025-09-08 08:00:00,50%蒸发温度,延炼200万吨/年催化裂化装置
167.0,ST010193,<p>℃</p>,2025-09-08 08:00:00,90%蒸发温度,延炼200万吨/年催化裂化装置
188.8,ST010193,<p>℃</p>,2025-09-08 08:00:00,终馏点,延炼200万吨/年催化裂化装置
36.5,ST010193,<p>℃</p>,2025-09-09 08:00:00,初馏点,延炼200万吨/年催化裂化装置
50.9,ST010193,<p>℃</p>,2025-09-09 08:00:00,10%蒸发温度,延炼200万吨/年催化裂化装置
91.7,ST010193,<p>℃</p>,2025-09-09 08:00:00,50%蒸发温度,延炼200万吨/年催化裂化装置
166.6,ST010193,<p>℃</p>,2025-09-09 08:00:00,90%蒸发温度,延炼200万吨/年催化裂化装置
188.5,ST010193,<p>℃</p>,2025-09-09 08:00:00,终馏点,延炼200万吨/年催化裂化装置
36.2,ST010193,<p>℃</p>,2025-09-10 08:00:00,初馏点,延炼200万吨/年催化裂化装置
50.7,ST010193,<p>℃</p>,2025-09-10 08:00:00,10%蒸发温度,延炼200万吨/年催化裂化装置
90.9,ST010193,<p>℃</p>,2025-09-10 08:00:00,50%蒸发温度,延炼200万吨/年催化裂化装置
166.9,ST010193,<p>℃</p>,2025-09-10 08:00:00,90%蒸发温度,延炼200万吨/年催化裂化装置
188.7,ST010193,<p>℃</p>,2025-09-10 08:00:00,终馏点,延炼200万吨/年催化裂化装置
35.7,ST010193,<p>℃</p>,2025-09-11 08:00:00,初馏点,延炼200万吨/年催化裂化装置
50.5,ST010193,<p>℃</p>,2025-09-11 08:00:00,10%蒸发温度,延炼200万吨/年催化裂化装置
91.5,ST010193,<p>℃</p>,2025-09-11 08:00:00,50%蒸发温度,延炼200万吨/年催化裂化装置
169.5,ST010193,<p>℃</p>,2025-09-11 08:00:00,90%蒸发温度,延炼200万吨/年催化裂化装置
190.6,ST010193,<p>℃</p>,2025-09-11 08:00:00,终馏点,延炼200万吨/年催化裂化装置
16.9,ST010193,体积分数 %,2025-09-11 08:00:00,芳烃含量,延炼200万吨/年催化裂化装置
32.6,ST010193,体积分数 %,2025-09-11 08:00:00,烯烃含量,延炼200万吨/年催化裂化装置
88.4,ST010193,,2025-09-11 08:00:00,研究法辛烷值(RON),延炼200万吨/年催化裂化装置
109,ST010193,mg/kg,2025-09-11 08:00:00,硫含量,延炼200万吨/年催化裂化装置
68.4,ST010193,<p>kPa</p>,2025-09-11 08:00:00,蒸气压（5月1日-10月31日）,延炼200万吨/年催化裂化装置
0.7,ST010193,<p>mg/kg</p>,2025-09-11 08:00:00,氯含量,延炼200万吨/年催化裂化装置
明水,ST010193,,2025-09-11 08:00:00,水含量,延炼200万吨/年催化裂化装置
22.9,ST010193,<p>mg/kg</p>,2025-09-11 08:00:00,氯含量,延炼200万吨/年催化裂化装置
明水,ST010193,,2025-09-11 08:00:00,水含量,延炼200万吨/年催化裂化装置
36.4,ST010193,<p>℃</p>,2025-09-12 08:00:00,初馏点,延炼200万吨/年催化裂化装置
50.7,ST010193,<p>℃</p>,2025-09-12 08:00:00,10%蒸发温度,延炼200万吨/年催化裂化装置
91.2,ST010193,<p>℃</p>,2025-09-12 08:00:00,50%蒸发温度,延炼200万吨/年催化裂化装置
167.6,ST010193,<p>℃</p>,2025-09-12 08:00:00,90%蒸发温度,延炼200万吨/年催化裂化装置
189.9,ST010193,<p>℃</p>,2025-09-12 08:00:00,终馏点,延炼200万吨/年催化裂化装置
88.4,ST010193,,2025-09-13 08:00:00,研究法辛烷值(RON),延炼200万吨/年催化裂化装置
17.3,ST010193,体积分数 %,2025-09-13 08:00:00,芳烃含量,延炼200万吨/年催化裂化装置
31.9,ST010193,体积分数 %,2025-09-13 08:00:00,烯烃含量,延炼200万吨/年催化裂化装置
36.9,ST010193,<p>℃</p>,2025-09-13 08:00:00,初馏点,延炼200万吨/年催化裂化装置
51.3,ST010193,<p>℃</p>,2025-09-13 08:00:00,10%蒸发温度,延炼200万吨/年催化裂化装置
92.4,ST010193,<p>℃</p>,2025-09-13 08:00:00,50%蒸发温度,延炼200万吨/年催化裂化装置
167.5,ST010193,<p>℃</p>,2025-09-13 08:00:00,90%蒸发温度,延炼200万吨/年催化裂化装置
189.4,ST010193,<p>℃</p>,2025-09-13 08:00:00,终馏点,延炼200万吨/年催化裂化装置
36.4,ST010193,<p>℃</p>,2025-09-14 08:00:00,初馏点,延炼200万吨/年催化裂化装置
50.7,ST010193,<p>℃</p>,2025-09-14 08:00:00,10%蒸发温度,延炼200万吨/年催化裂化装置
92.0,ST010193,<p>℃</p>,2025-09-14 08:00:00,50%蒸发温度,延炼200万吨/年催化裂化装置
167.6,ST010193,<p>℃</p>,2025-09-14 08:00:00,90%蒸发温度,延炼200万吨/年催化裂化装置
189.3,ST010193,<p>℃</p>,2025-09-14 08:00:00,终馏点,延炼200万吨/年催化裂化装置
32.5,ST010193,<p>℃</p>,2025-09-15 08:00:00,初馏点,延炼200万吨/年催化裂化装置
191.5,ST010193,<p>℃</p>,2025-09-15 08:00:00,终馏点,延炼200万吨/年催化裂化装置
1.0,ST010193,体积分数 %,2025-09-15 08:00:00,残馏量,延炼200万吨/年催化裂化装置
0.7,ST010193,体积分数 %,2025-09-15 08:00:00,校正损失,延炼200万吨/年催化裂化装置
98.3,ST010193,体积分数 %,2025-09-15 08:00:00,全馏量,延炼200万吨/年催化裂化装置
48.5,ST010193,<p>℃</p>,2025-09-15 08:00:00,10%蒸发温度,延炼200万吨/年催化裂化装置
96.0,ST010193,<p>℃</p>,2025-09-15 08:00:00,50%蒸发温度,延炼200万吨/年催化裂化装置
166.0,ST010193,<p>℃</p>,2025-09-15 08:00:00,90%蒸发温度,延炼200万吨/年催化裂化装置
88.5,ST010193,,2025-09-15 08:00:00,研究法辛烷值(RON),延炼200万吨/年催化裂化装置
16.2,ST010193,体积分数 %,2025-09-15 08:00:00,芳烃含量,延炼200万吨/年催化裂化装置
34.5,ST010193,体积分数 %,2025-09-15 08:00:00,烯烃含量,延炼200万吨/年催化裂化装置
36.9,ST010193,<p>℃</p>,2025-09-16 08:00:00,初馏点,延炼200万吨/年催化裂化装置
51.3,ST010193,<p>℃</p>,2025-09-16 08:00:00,10%蒸发温度,延炼200万吨/年催化裂化装置
92.4,ST010193,<p>℃</p>,2025-09-16 08:00:00,50%蒸发温度,延炼200万吨/年催化裂化装置
166.8,ST010193,<p>℃</p>,2025-09-16 08:00:00,90%蒸发温度,延炼200万吨/年催化裂化装置
188.6,ST010193,<p>℃</p>,2025-09-16 08:00:00,终馏点,延炼200万吨/年催化裂化装置
36.9,ST010193,<p>℃</p>,2025-09-17 08:00:00,初馏点,延炼200万吨/年催化裂化装置
51.3,ST010193,<p>℃</p>,2025-09-17 08:00:00,10%蒸发温度,延炼200万吨/年催化裂化装置
92.6,ST010193,<p>℃</p>,2025-09-17 08:00:00,50%蒸发温度,延炼200万吨/年催化裂化装置
167.9,ST010193,<p>℃</p>,2025-09-17 08:00:00,90%蒸发温度,延炼200万吨/年催化裂化装置
189.4,ST010193,<p>℃</p>,2025-09-17 08:00:00,终馏点,延炼200万吨/年催化裂化装置
16.0,ST010193,体积分数 %,2025-09-18 08:00:00,芳烃含量,延炼200万吨/年催化裂化装置
33.5,ST010193,体积分数 %,2025-09-18 08:00:00,烯烃含量,延炼200万吨/年催化裂化装置
87.8,ST010193,,2025-09-18 08:00:00,研究法辛烷值(RON),延炼200万吨/年催化裂化装置
63.8,ST010193,<p>kPa</p>,2025-09-18 08:00:00,蒸气压（5月1日-10月31日）,延炼200万吨/年催化裂化装置
111,ST010193,mg/kg,2025-09-18 08:00:00,硫含量,延炼200万吨/年催化裂化装置
36.8,ST010193,<p>℃</p>,2025-09-18 08:00:00,初馏点,延炼200万吨/年催化裂化装置
51.3,ST010193,<p>℃</p>,2025-09-18 08:00:00,10%蒸发温度,延炼200万吨/年催化裂化装置
92.6,ST010193,<p>℃</p>,2025-09-18 08:00:00,50%蒸发温度,延炼200万吨/年催化裂化装置
167.8,ST010193,<p>℃</p>,2025-09-18 08:00:00,90%蒸发温度,延炼200万吨/年催化裂化装置
189.5,ST010193,<p>℃</p>,2025-09-18 08:00:00,终馏点,延炼200万吨/年催化裂化装置
4.8,ST010193,<p>mg/kg</p>,2025-09-18 08:00:00,氯含量,延炼200万吨/年催化裂化装置
2.0,ST010193,<p>mg/kg</p>,2025-09-18 08:00:00,氯含量,延炼200万吨/年催化裂化装置
明水,ST010193,,2025-09-18 08:00:00,水含量,延炼200万吨/年催化裂化装置
明水,ST010193,,2025-09-18 08:00:00,水含量,延炼200万吨/年催化裂化装置
36.7,ST010193,<p>℃</p>,2025-09-19 08:00:00,初馏点,延炼200万吨/年催化裂化装置
51.2,ST010193,<p>℃</p>,2025-09-19 08:00:00,10%蒸发温度,延炼200万吨/年催化裂化装置
92.9,ST010193,<p>℃</p>,2025-09-19 08:00:00,50%蒸发温度,延炼200万吨/年催化裂化装置
168.3,ST010193,<p>℃</p>,2025-09-19 08:00:00,90%蒸发温度,延炼200万吨/年催化裂化装置
189.5,ST010193,<p>℃</p>,2025-09-19 08:00:00,终馏点,延炼200万吨/年催化裂化装置
15.9,ST010193,体积分数 %,2025-09-20 08:00:00,芳烃含量,延炼200万吨/年催化裂化装置
33.4,ST010193,体积分数 %,2025-09-20 08:00:00,烯烃含量,延炼200万吨/年催化裂化装置
36.7,ST010193,<p>℃</p>,2025-09-20 08:00:00,初馏点,延炼200万吨/年催化裂化装置
51.1,ST010193,<p>℃</p>,2025-09-20 08:00:00,10%蒸发温度,延炼200万吨/年催化裂化装置
92.5,ST010193,<p>℃</p>,2025-09-20 08:00:00,50%蒸发温度,延炼200万吨/年催化裂化装置
167.1,ST010193,<p>℃</p>,2025-09-20 08:00:00,90%蒸发温度,延炼200万吨/年催化裂化装置
188.6,ST010193,<p>℃</p>,2025-09-20 08:00:00,终馏点,延炼200万吨/年催化裂化装置
88.1,ST010193,,2025-09-20 08:00:00,研究法辛烷值(RON),延炼200万吨/年催化裂化装置
36.9,ST010193,<p>℃</p>,2025-09-21 08:00:00,初馏点,延炼200万吨/年催化裂化装置
51.3,ST010193,<p>℃</p>,2025-09-21 08:00:00,10%蒸发温度,延炼200万吨/年催化裂化装置
92.1,ST010193,<p>℃</p>,2025-09-21 08:00:00,50%蒸发温度,延炼200万吨/年催化裂化装置
166.2,ST010193,<p>℃</p>,2025-09-21 08:00:00,90%蒸发温度,延炼200万吨/年催化裂化装置
188.3,ST010193,<p>℃</p>,2025-09-21 08:00:00,终馏点,延炼200万吨/年催化裂化装置
36.4,ST010193,<p>℃</p>,2025-09-22 08:00:00,初馏点,延炼200万吨/年催化裂化装置
51.0,ST010193,<p>℃</p>,2025-09-22 08:00:00,10%蒸发温度,延炼200万吨/年催化裂化装置
92.5,ST010193,<p>℃</p>,2025-09-22 08:00:00,50%蒸发温度,延炼200万吨/年催化裂化装置
168.4,ST010193,<p>℃</p>,2025-09-22 08:00:00,90%蒸发温度,延炼200万吨/年催化裂化装置
189.9,ST010193,<p>℃</p>,2025-09-22 08:00:00,终馏点,延炼200万吨/年催化裂化装置
88.2,ST010193,,2025-09-22 08:00:00,研究法辛烷值(RON),延炼200万吨/年催化裂化装置
16.0,ST010193,体积分数 %,2025-09-22 08:00:00,芳烃含量,延炼200万吨/年催化裂化装置
34.0,ST010193,体积分数 %,2025-09-22 08:00:00,烯烃含量,延炼200万吨/年催化裂化装置
36.3,ST010193,<p>℃</p>,2025-09-23 08:00:00,初馏点,延炼200万吨/年催化裂化装置
50.7,ST010193,<p>℃</p>,2025-09-23 08:00:00,10%蒸发温度,延炼200万吨/年催化裂化装置
92.2,ST010193,<p>℃</p>,2025-09-23 08:00:00,50%蒸发温度,延炼200万吨/年催化裂化装置
167.7,ST010193,<p>℃</p>,2025-09-23 08:00:00,90%蒸发温度,延炼200万吨/年催化裂化装置
189.3,ST010193,<p>℃</p>,2025-09-23 08:00:00,终馏点,延炼200万吨/年催化裂化装置
36.4,ST010193,<p>℃</p>,2025-09-24 08:00:00,初馏点,延炼200万吨/年催化裂化装置
50.7,ST010193,<p>℃</p>,2025-09-24 08:00:00,10%蒸发温度,延炼200万吨/年催化裂化装置
91.6,ST010193,<p>℃</p>,2025-09-24 08:00:00,50%蒸发温度,延炼200万吨/年催化裂化装置
165.9,ST010193,<p>℃</p>,2025-09-24 08:00:00,90%蒸发温度,延炼200万吨/年催化裂化装置
188.3,ST010193,<p>℃</p>,2025-09-24 08:00:00,终馏点,延炼200万吨/年催化裂化装置
36.3,ST010193,<p>℃</p>,2025-09-25 08:00:00,初馏点,延炼200万吨/年催化裂化装置
50.7,ST010193,<p>℃</p>,2025-09-25 08:00:00,10%蒸发温度,延炼200万吨/年催化裂化装置
91.4,ST010193,<p>℃</p>,2025-09-25 08:00:00,50%蒸发温度,延炼200万吨/年催化裂化装置
167.1,ST010193,<p>℃</p>,2025-09-25 08:00:00,90%蒸发温度,延炼200万吨/年催化裂化装置
189.1,ST010193,<p>℃</p>,2025-09-25 08:00:00,终馏点,延炼200万吨/年催化裂化装置
15.9,ST010193,体积分数 %,2025-09-25 08:00:00,芳烃含量,延炼200万吨/年催化裂化装置
33.6,ST010193,体积分数 %,2025-09-25 08:00:00,烯烃含量,延炼200万吨/年催化裂化装置
104,ST010193,mg/kg,2025-09-25 08:00:00,硫含量,延炼200万吨/年催化裂化装置
88.5,ST010193,,2025-09-25 08:00:00,研究法辛烷值(RON),延炼200万吨/年催化裂化装置
67.4,ST010193,<p>kPa</p>,2025-09-25 08:00:00,蒸气压（5月1日-10月31日）,延炼200万吨/年催化裂化装置
1.6,ST010193,<p>mg/kg</p>,2025-09-25 08:00:00,氯含量,延炼200万吨/年催化裂化装置
明水,ST010193,,2025-09-25 08:00:00,水含量,延炼200万吨/年催化裂化装置
12.0,ST010193,<p>mg/kg</p>,2025-09-25 08:00:00,氯含量,延炼200万吨/年催化裂化装置
明水,ST010193,,2025-09-25 08:00:00,水含量,延炼200万吨/年催化裂化装置
36.3,ST010193,<p>℃</p>,2025-09-26 08:00:00,初馏点,延炼200万吨/年催化裂化装置
50.8,ST010193,<p>℃</p>,2025-09-26 08:00:00,10%蒸发温度,延炼200万吨/年催化裂化装置
92.6,ST010193,<p>℃</p>,2025-09-26 08:00:00,50%蒸发温度,延炼200万吨/年催化裂化装置
168.0,ST010193,<p>℃</p>,2025-09-26 08:00:00,90%蒸发温度,延炼200万吨/年催化裂化装置
189.4,ST010193,<p>℃</p>,2025-09-26 08:00:00,终馏点,延炼200万吨/年催化裂化装置
15.6,ST010193,体积分数 %,2025-09-27 08:00:00,芳烃含量,延炼200万吨/年催化裂化装置
33.1,ST010193,体积分数 %,2025-09-27 08:00:00,烯烃含量,延炼200万吨/年催化裂化装置
87.7,ST010193,,2025-09-27 08:00:00,研究法辛烷值(RON),延炼200万吨/年催化裂化装置
36.3,ST010193,<p>℃</p>,2025-09-27 08:00:00,初馏点,延炼200万吨/年催化裂化装置
50.8,ST010193,<p>℃</p>,2025-09-27 08:00:00,10%蒸发温度,延炼200万吨/年催化裂化装置
92.8,ST010193,<p>℃</p>,2025-09-27 08:00:00,50%蒸发温度,延炼200万吨/年催化裂化装置
169.2,ST010193,<p>℃</p>,2025-09-27 08:00:00,90%蒸发温度,延炼200万吨/年催化裂化装置
190.3,ST010193,<p>℃</p>,2025-09-27 08:00:00,终馏点,延炼200万吨/年催化裂化装置
36.6,ST010193,<p>℃</p>,2025-09-28 08:00:00,初馏点,延炼200万吨/年催化裂化装置
51.2,ST010193,<p>℃</p>,2025-09-28 08:00:00,10%蒸发温度,延炼200万吨/年催化裂化装置
93.1,ST010193,<p>℃</p>,2025-09-28 08:00:00,50%蒸发温度,延炼200万吨/年催化裂化装置
168.9,ST010193,<p>℃</p>,2025-09-28 08:00:00,90%蒸发温度,延炼200万吨/年催化裂化装置
190.1,ST010193,<p>℃</p>,2025-09-28 08:00:00,终馏点,延炼200万吨/年催化裂化装置
88.2,ST010193,,2025-09-29 08:00:00,研究法辛烷值(RON),延炼200万吨/年催化裂化装置
15.9,ST010193,体积分数 %,2025-09-29 08:00:00,芳烃含量,延炼200万吨/年催化裂化装置
33.1,ST010193,体积分数 %,2025-09-29 08:00:00,烯烃含量,延炼200万吨/年催化裂化装置
36.9,ST010193,<p>℃</p>,2025-09-29 08:00:00,初馏点,延炼200万吨/年催化裂化装置
51.3,ST010193,<p>℃</p>,2025-09-29 08:00:00,10%蒸发温度,延炼200万吨/年催化裂化装置
93.1,ST010193,<p>℃</p>,2025-09-29 08:00:00,50%蒸发温度,延炼200万吨/年催化裂化装置
168.0,ST010193,<p>℃</p>,2025-09-29 08:00:00,90%蒸发温度,延炼200万吨/年催化裂化装置
189.2,ST010193,<p>℃</p>,2025-09-29 08:00:00,终馏点,延炼200万吨/年催化裂化装置
36.5,ST010193,<p>℃</p>,2025-09-30 08:00:00,初馏点,延炼200万吨/年催化裂化装置
50.9,ST010193,<p>℃</p>,2025-09-30 08:00:00,10%蒸发温度,延炼200万吨/年催化裂化装置
91.7,ST010193,<p>℃</p>,2025-09-30 08:00:00,50%蒸发温度,延炼200万吨/年催化裂化装置
166.6,ST010193,<p>℃</p>,2025-09-30 08:00:00,90%蒸发温度,延炼200万吨/年催化裂化装置
189.1,ST010193,<p>℃</p>,2025-09-30 08:00:00,终馏点,延炼200万吨/年催化裂化装置
719.8,ST010193,<p>kg/m<sup>3</sup></p>,2025-10-01 08:00:00,密度(20℃),延炼200万吨/年催化裂化装置
36.9,ST010193,<p>℃</p>,2025-10-01 08:00:00,初馏点,延炼200万吨/年催化裂化装置
51.3,ST010193,<p>℃</p>,2025-10-01 08:00:00,10%蒸发温度,延炼200万吨/年催化裂化装置
92.5,ST010193,<p>℃</p>,2025-10-01 08:00:00,50%蒸发温度,延炼200万吨/年催化裂化装置
166.4,ST010193,<p>℃</p>,2025-10-01 08:00:00,90%蒸发温度,延炼200万吨/年催化裂化装置
188.2,ST010193,<p>℃</p>,2025-10-01 08:00:00,终馏点,延炼200万吨/年催化裂化装置
36.4,ST010193,<p>℃</p>,2025-10-02 08:00:00,初馏点,延炼200万吨/年催化裂化装置
50.8,ST010193,<p>℃</p>,2025-10-02 08:00:00,10%蒸发温度,延炼200万吨/年催化裂化装置
92.3,ST010193,<p>℃</p>,2025-10-02 08:00:00,50%蒸发温度,延炼200万吨/年催化裂化装置
166.8,ST010193,<p>℃</p>,2025-10-02 08:00:00,90%蒸发温度,延炼200万吨/年催化裂化装置
188.5,ST010193,<p>℃</p>,2025-10-02 08:00:00,终馏点,延炼200万吨/年催化裂化装置
15.5,ST010193,体积分数 %,2025-10-02 08:00:00,芳烃含量,延炼200万吨/年催化裂化装置
32.4,ST010193,体积分数 %,2025-10-02 08:00:00,烯烃含量,延炼200万吨/年催化裂化装置
88.3,ST010193,,2025-10-02 08:00:00,研究法辛烷值(RON),延炼200万吨/年催化裂化装置
66.5,ST010193,<p>kPa</p>,2025-10-02 08:00:00,蒸气压（5月1日-10月31日）,延炼200万吨/年催化裂化装置
96.1,ST010193,mg/kg,2025-10-02 08:00:00,硫含量,延炼200万吨/年催化裂化装置
明水,ST010193,,2025-10-02 08:00:00,水含量,延炼200万吨/年催化裂化装置
0.8,ST010193,<p>mg/kg</p>,2025-10-02 08:00:00,氯含量,延炼200万吨/年催化裂化装置
8.2,ST010193,<p>mg/kg</p>,2025-10-02 08:00:00,氯含量,延炼200万吨/年催化裂化装置
明水,ST010193,,2025-10-02 08:00:00,水含量,延炼200万吨/年催化裂化装置
36.9,ST010193,<p>℃</p>,2025-10-03 08:00:00,初馏点,延炼200万吨/年催化裂化装置
51.2,ST010193,<p>℃</p>,2025-10-03 08:00:00,10%蒸发温度,延炼200万吨/年催化裂化装置
92.0,ST010193,<p>℃</p>,2025-10-03 08:00:00,50%蒸发温度,延炼200万吨/年催化裂化装置
166.9,ST010193,<p>℃</p>,2025-10-03 08:00:00,90%蒸发温度,延炼200万吨/年催化裂化装置
189.0,ST010193,<p>℃</p>,2025-10-03 08:00:00,终馏点,延炼200万吨/年催化裂化装置
36.6,ST010193,<p>℃</p>,2025-10-04 08:00:00,初馏点,延炼200万吨/年催化裂化装置
50.9,ST010193,<p>℃</p>,2025-10-04 08:00:00,10%蒸发温度,延炼200万吨/年催化裂化装置
92.1,ST010193,<p>℃</p>,2025-10-04 08:00:00,50%蒸发温度,延炼200万吨/年催化裂化装置
166.3,ST010193,<p>℃</p>,2025-10-04 08:00:00,90%蒸发温度,延炼200万吨/年催化裂化装置
188.2,ST010193,<p>℃</p>,2025-10-04 08:00:00,终馏点,延炼200万吨/年催化裂化装置
88.0,ST010193,,2025-10-04 08:00:00,研究法辛烷值(RON),延炼200万吨/年催化裂化装置
15.4,ST010193,体积分数 %,2025-10-04 08:00:00,芳烃含量,延炼200万吨/年催化裂化装置
32.0,ST010193,体积分数 %,2025-10-04 08:00:00,烯烃含量,延炼200万吨/年催化裂化装置
36.3,ST010193,<p>℃</p>,2025-10-05 08:00:00,初馏点,延炼200万吨/年催化裂化装置
50.7,ST010193,<p>℃</p>,2025-10-05 08:00:00,10%蒸发温度,延炼200万吨/年催化裂化装置
92.3,ST010193,<p>℃</p>,2025-10-05 08:00:00,50%蒸发温度,延炼200万吨/年催化裂化装置
167.8,ST010193,<p>℃</p>,2025-10-05 08:00:00,90%蒸发温度,延炼200万吨/年催化裂化装置
189.3,ST010193,<p>℃</p>,2025-10-05 08:00:00,终馏点,延炼200万吨/年催化裂化装置
36.9,ST010193,<p>℃</p>,2025-10-06 08:00:00,初馏点,延炼200万吨/年催化裂化装置
51.2,ST010193,<p>℃</p>,2025-10-06 08:00:00,10%蒸发温度,延炼200万吨/年催化裂化装置
92.0,ST010193,<p>℃</p>,2025-10-06 08:00:00,50%蒸发温度,延炼200万吨/年催化裂化装置
167.1,ST010193,<p>℃</p>,2025-10-06 08:00:00,90%蒸发温度,延炼200万吨/年催化裂化装置
188.9,ST010193,<p>℃</p>,2025-10-06 08:00:00,终馏点,延炼200万吨/年催化裂化装置
15.9,ST010193,体积分数 %,2025-10-06 08:00:00,芳烃含量,延炼200万吨/年催化裂化装置
31.3,ST010193,体积分数 %,2025-10-06 08:00:00,烯烃含量,延炼200万吨/年催化裂化装置
88.3,ST010193,,2025-10-06 08:00:00,研究法辛烷值(RON),延炼200万吨/年催化裂化装置
36.9,ST010193,<p>℃</p>,2025-10-07 08:00:00,初馏点,延炼200万吨/年催化裂化装置
51.2,ST010193,<p>℃</p>,2025-10-07 08:00:00,10%蒸发温度,延炼200万吨/年催化裂化装置
90.9,ST010193,<p>℃</p>,2025-10-07 08:00:00,50%蒸发温度,延炼200万吨/年催化裂化装置
166.4,ST010193,<p>℃</p>,2025-10-07 08:00:00,90%蒸发温度,延炼200万吨/年催化裂化装置
188.9,ST010193,<p>℃</p>,2025-10-07 08:00:00,终馏点,延炼200万吨/年催化裂化装置
36.7,ST010193,<p>℃</p>,2025-10-08 08:00:00,初馏点,延炼200万吨/年催化裂化装置
50.9,ST010193,<p>℃</p>,2025-10-08 08:00:00,10%蒸发温度,延炼200万吨/年催化裂化装置
91.5,ST010193,<p>℃</p>,2025-10-08 08:00:00,50%蒸发温度,延炼200万吨/年催化裂化装置
165.9,ST010193,<p>℃</p>,2025-10-08 08:00:00,90%蒸发温度,延炼200万吨/年催化裂化装置
188.7,ST010193,<p>℃</p>,2025-10-08 08:00:00,终馏点,延炼200万吨/年催化裂化装置
36.9,ST010193,<p>℃</p>,2025-10-09 08:00:00,初馏点,延炼200万吨/年催化裂化装置
51.3,ST010193,<p>℃</p>,2025-10-09 08:00:00,10%蒸发温度,延炼200万吨/年催化裂化装置
92.9,ST010193,<p>℃</p>,2025-10-09 08:00:00,50%蒸发温度,延炼200万吨/年催化裂化装置
167.1,ST010193,<p>℃</p>,2025-10-09 08:00:00,90%蒸发温度,延炼200万吨/年催化裂化装置
188.4,ST010193,<p>℃</p>,2025-10-09 08:00:00,终馏点,延炼200万吨/年催化裂化装置
15.7,ST010193,体积分数 %,2025-10-09 08:00:00,芳烃含量,延炼200万吨/年催化裂化装置
31.1,ST010193,体积分数 %,2025-10-09 08:00:00,烯烃含量,延炼200万吨/年催化裂化装置
64.2,ST010193,<p>kPa</p>,2025-10-09 08:00:00,蒸气压（5月1日-10月31日）,延炼200万吨/年催化裂化装置
110,ST010193,mg/kg,2025-10-09 08:00:00,硫含量,延炼200万吨/年催化裂化装置
87.8,ST010193,,2025-10-09 08:00:00,研究法辛烷值(RON),延炼200万吨/年催化裂化装置
0.7,ST010193,<p>mg/kg</p>,2025-10-09 08:00:00,氯含量,延炼200万吨/年催化裂化装置
6.8,ST010193,<p>mg/kg</p>,2025-10-09 08:00:00,氯含量,延炼200万吨/年催化裂化装置
明水,ST010193,,2025-10-09 08:00:00,水含量,延炼200万吨/年催化裂化装置
明水,ST010193,,2025-10-09 08:00:00,水含量,延炼200万吨/年催化裂化装置
36.9,ST010193,<p>℃</p>,2025-10-10 08:00:00,初馏点,延炼200万吨/年催化裂化装置
51.2,ST010193,<p>℃</p>,2025-10-10 08:00:00,10%蒸发温度,延炼200万吨/年催化裂化装置
92.1,ST010193,<p>℃</p>,2025-10-10 08:00:00,50%蒸发温度,延炼200万吨/年催化裂化装置
166.1,ST010193,<p>℃</p>,2025-10-10 08:00:00,90%蒸发温度,延炼200万吨/年催化裂化装置
188.3,ST010193,<p>℃</p>,2025-10-10 08:00:00,终馏点,延炼200万吨/年催化裂化装置
15.7,ST010193,体积分数 %,2025-10-11 08:00:00,芳烃含量,延炼200万吨/年催化裂化装置
31.1,ST010193,体积分数 %,2025-10-11 08:00:00,烯烃含量,延炼200万吨/年催化裂化装置
36.3,ST010193,<p>℃</p>,2025-10-11 08:00:00,初馏点,延炼200万吨/年催化裂化装置
50.8,ST010193,<p>℃</p>,2025-10-11 08:00:00,10%蒸发温度,延炼200万吨/年催化裂化装置
92.3,ST010193,<p>℃</p>,2025-10-11 08:00:00,50%蒸发温度,延炼200万吨/年催化裂化装置
167.4,ST010193,<p>℃</p>,2025-10-11 08:00:00,90%蒸发温度,延炼200万吨/年催化裂化装置
189.0,ST010193,<p>℃</p>,2025-10-11 08:00:00,终馏点,延炼200万吨/年催化裂化装置
87.8,ST010193,,2025-10-11 08:00:00,研究法辛烷值(RON),延炼200万吨/年催化裂化装置
36.7,ST010193,<p>℃</p>,2025-10-12 08:00:00,初馏点,延炼200万吨/年催化裂化装置
51.2,ST010193,<p>℃</p>,2025-10-12 08:00:00,10%蒸发温度,延炼200万吨/年催化裂化装置
92.6,ST010193,<p>℃</p>,2025-10-12 08:00:00,50%蒸发温度,延炼200万吨/年催化裂化装置
166.9,ST010193,<p>℃</p>,2025-10-12 08:00:00,90%蒸发温度,延炼200万吨/年催化裂化装置
188.8,ST010193,<p>℃</p>,2025-10-12 08:00:00,终馏点,延炼200万吨/年催化裂化装置
87.7,ST010193,,2025-10-13 08:00:00,研究法辛烷值(RON),延炼200万吨/年催化裂化装置
16.9,ST010193,体积分数 %,2025-10-13 08:00:00,芳烃含量,延炼200万吨/年催化裂化装置
31.6,ST010193,体积分数 %,2025-10-13 08:00:00,烯烃含量,延炼200万吨/年催化裂化装置
38.5,ST010193,<p>℃</p>,2025-10-13 08:00:00,初馏点,延炼200万吨/年催化裂化装置
57.4,ST010193,<p>℃</p>,2025-10-13 08:00:00,10%蒸发温度,延炼200万吨/年催化裂化装置
99.1,ST010193,<p>℃</p>,2025-10-13 08:00:00,50%蒸发温度,延炼200万吨/年催化裂化装置
168.7,ST010193,<p>℃</p>,2025-10-13 08:00:00,90%蒸发温度,延炼200万吨/年催化裂化装置
189.1,ST010193,<p>℃</p>,2025-10-13 08:00:00,终馏点,延炼200万吨/年催化裂化装置
36.4,ST010193,<p>℃</p>,2025-10-14 08:00:00,初馏点,延炼200万吨/年催化裂化装置
50.7,ST010193,<p>℃</p>,2025-10-14 08:00:00,10%蒸发温度,延炼200万吨/年催化裂化装置
91.7,ST010193,<p>℃</p>,2025-10-14 08:00:00,50%蒸发温度,延炼200万吨/年催化裂化装置
168.3,ST010193,<p>℃</p>,2025-10-14 08:00:00,90%蒸发温度,延炼200万吨/年催化裂化装置
189.9,ST010193,<p>℃</p>,2025-10-14 08:00:00,终馏点,延炼200万吨/年催化裂化装置
36.9,ST010193,<p>℃</p>,2025-10-15 08:00:00,初馏点,延炼200万吨/年催化裂化装置
51.2,ST010193,<p>℃</p>,2025-10-15 08:00:00,10%蒸发温度,延炼200万吨/年催化裂化装置
91.8,ST010193,<p>℃</p>,2025-10-15 08:00:00,50%蒸发温度,延炼200万吨/年催化裂化装置
167.5,ST010193,<p>℃</p>,2025-10-15 08:00:00,90%蒸发温度,延炼200万吨/年催化裂化装置
189.2,ST010193,<p>℃</p>,2025-10-15 08:00:00,终馏点,延炼200万吨/年催化裂化装置
37.0,ST010193,<p>℃</p>,2025-10-16 08:00:00,初馏点,延炼200万吨/年催化裂化装置
51.2,ST010193,<p>℃</p>,2025-10-16 08:00:00,10%蒸发温度,延炼200万吨/年催化裂化装置
91.1,ST010193,<p>℃</p>,2025-10-16 08:00:00,50%蒸发温度,延炼200万吨/年催化裂化装置
166.3,ST010193,<p>℃</p>,2025-10-16 08:00:00,90%蒸发温度,延炼200万吨/年催化裂化装置
188.8,ST010193,<p>℃</p>,2025-10-16 08:00:00,终馏点,延炼200万吨/年催化裂化装置
15.6,ST010193,体积分数 %,2025-10-16 08:00:00,芳烃含量,延炼200万吨/年催化裂化装置
32.7,ST010193,体积分数 %,2025-10-16 08:00:00,烯烃含量,延炼200万吨/年催化裂化装置
63.0,ST010193,<p>kPa</p>,2025-10-16 08:00:00,蒸气压（5月1日-10月31日）,延炼200万吨/年催化裂化装置
114,ST010193,mg/kg,2025-10-16 08:00:00,硫含量,延炼200万吨/年催化裂化装置
88.4,ST010193,,2025-10-16 08:00:00,研究法辛烷值(RON),延炼200万吨/年催化裂化装置
10.8,ST010193,<p>mg/kg</p>,2025-10-16 08:00:00,氯含量,延炼200万吨/年催化裂化装置
2.6,ST010193,<p>mg/kg</p>,2025-10-16 08:00:00,氯含量,延炼200万吨/年催化裂化装置
明水,ST010193,,2025-10-16 08:00:00,水含量,延炼200万吨/年催化裂化装置
明水,ST010193,,2025-10-16 08:00:00,水含量,延炼200万吨/年催化裂化装置
36.9,ST010193,<p>℃</p>,2025-10-17 08:00:00,初馏点,延炼200万吨/年催化裂化装置
51.0,ST010193,<p>℃</p>,2025-10-17 08:00:00,10%蒸发温度,延炼200万吨/年催化裂化装置
90.3,ST010193,<p>℃</p>,2025-10-17 08:00:00,50%蒸发温度,延炼200万吨/年催化裂化装置
165.8,ST010193,<p>℃</p>,2025-10-17 08:00:00,90%蒸发温度,延炼200万吨/年催化裂化装置
188.7,ST010193,<p>℃</p>,2025-10-17 08:00:00,终馏点,延炼200万吨/年催化裂化装置
15.7,ST010193,体积分数 %,2025-10-18 08:00:00,芳烃含量,延炼200万吨/年催化裂化装置
32.7,ST010193,体积分数 %,2025-10-18 08:00:00,烯烃含量,延炼200万吨/年催化裂化装置
36.7,ST010193,<p>℃</p>,2025-10-18 08:00:00,初馏点,延炼200万吨/年催化裂化装置
51.1,ST010193,<p>℃</p>,2025-10-18 08:00:00,10%蒸发温度,延炼200万吨/年催化裂化装置
91.8,ST010193,<p>℃</p>,2025-10-18 08:00:00,50%蒸发温度,延炼200万吨/年催化裂化装置
167.1,ST010193,<p>℃</p>,2025-10-18 08:00:00,90%蒸发温度,延炼200万吨/年催化裂化装置
189.0,ST010193,<p>℃</p>,2025-10-18 08:00:00,终馏点,延炼200万吨/年催化裂化装置
88.5,ST010193,,2025-10-18 08:00:00,研究法辛烷值(RON),延炼200万吨/年催化裂化装置
36.7,ST010193,<p>℃</p>,2025-10-19 08:00:00,初馏点,延炼200万吨/年催化裂化装置
51.2,ST010193,<p>℃</p>,2025-10-19 08:00:00,10%蒸发温度,延炼200万吨/年催化裂化装置
93.4,ST010193,<p>℃</p>,2025-10-19 08:00:00,50%蒸发温度,延炼200万吨/年催化裂化装置
168.4,ST010193,<p>℃</p>,2025-10-19 08:00:00,90%蒸发温度,延炼200万吨/年催化裂化装置
188.8,ST010193,<p>℃</p>,2025-10-19 08:00:00,终馏点,延炼200万吨/年催化裂化装置
87.4,ST010193,,2025-10-20 08:00:00,研究法辛烷值(RON),延炼200万吨/年催化裂化装置
36.9,ST010193,<p>℃</p>,2025-10-20 08:00:00,初馏点,延炼200万吨/年催化裂化装置
51.3,ST010193,<p>℃</p>,2025-10-20 08:00:00,10%蒸发温度,延炼200万吨/年催化裂化装置
93.4,ST010193,<p>℃</p>,2025-10-20 08:00:00,50%蒸发温度,延炼200万吨/年催化裂化装置
168.6,ST010193,<p>℃</p>,2025-10-20 08:00:00,90%蒸发温度,延炼200万吨/年催化裂化装置
189.1,ST010193,<p>℃</p>,2025-10-20 08:00:00,终馏点,延炼200万吨/年催化裂化装置
32.5,ST010193,体积分数 %,2025-10-20 08:00:00,烯烃含量,延炼200万吨/年催化裂化装置
15.7,ST010193,体积分数 %,2025-10-20 08:00:00,芳烃含量,延炼200万吨/年催化裂化装置
32.0,ST010193,<p>℃</p>,2025-10-21 08:00:00,初馏点,延炼200万吨/年催化裂化装置
188.0,ST010193,<p>℃</p>,2025-10-21 08:00:00,终馏点,延炼200万吨/年催化裂化装置
0.9,ST010193,体积分数 %,2025-10-21 08:00:00,残馏量,延炼200万吨/年催化裂化装置
0.8,ST010193,体积分数 %,2025-10-21 08:00:00,校正损失,延炼200万吨/年催化裂化装置
98.3,ST010193,体积分数 %,2025-10-21 08:00:00,全馏量,延炼200万吨/年催化裂化装置
48.5,ST010193,<p>℃</p>,2025-10-21 08:00:00,10%蒸发温度,延炼200万吨/年催化裂化装置
94.5,ST010193,<p>℃</p>,2025-10-21 08:00:00,50%蒸发温度,延炼200万吨/年催化裂化装置
163.0,ST010193,<p>℃</p>,2025-10-21 08:00:00,90%蒸发温度,延炼200万吨/年催化裂化装置
36.9,ST010193,<p>℃</p>,2025-10-22 08:00:00,初馏点,延炼200万吨/年催化裂化装置
51.5,ST010193,<p>℃</p>,2025-10-22 08:00:00,10%蒸发温度,延炼200万吨/年催化裂化装置
92.8,ST010193,<p>℃</p>,2025-10-22 08:00:00,50%蒸发温度,延炼200万吨/年催化裂化装置
167.3,ST010193,<p>℃</p>,2025-10-22 08:00:00,90%蒸发温度,延炼200万吨/年催化裂化装置
187.8,ST010193,<p>℃</p>,2025-10-22 08:00:00,终馏点,延炼200万吨/年催化裂化装置
36.9,ST010193,<p>℃</p>,2025-10-23 08:00:00,初馏点,延炼200万吨/年催化裂化装置
51.5,ST010193,<p>℃</p>,2025-10-23 08:00:00,10%蒸发温度,延炼200万吨/年催化裂化装置
92.6,ST010193,<p>℃</p>,2025-10-23 08:00:00,50%蒸发温度,延炼200万吨/年催化裂化装置
168.6,ST010193,<p>℃</p>,2025-10-23 08:00:00,90%蒸发温度,延炼200万吨/年催化裂化装置
189.8,ST010193,<p>℃</p>,2025-10-23 08:00:00,终馏点,延炼200万吨/年催化裂化装置
128,ST010193,mg/kg,2025-10-23 08:00:00,硫含量,延炼200万吨/年催化裂化装置
15.8,ST010193,体积分数 %,2025-10-23 08:00:00,芳烃含量,延炼200万吨/年催化裂化装置
32.0,ST010193,体积分数 %,2025-10-23 08:00:00,烯烃含量,延炼200万吨/年催化裂化装置
88.4,ST010193,,2025-10-23 08:00:00,研究法辛烷值(RON),延炼200万吨/年催化裂化装置
64.5,ST010193,<p>kPa</p>,2025-10-23 08:00:00,蒸气压（5月1日-10月31日）,延炼200万吨/年催化裂化装置
1.3,ST010193,<p>mg/kg</p>,2025-10-23 08:00:00,氯含量,延炼200万吨/年催化裂化装置
明水,ST010193,,2025-10-23 08:00:00,水含量,延炼200万吨/年催化裂化装置
6.5,ST010193,<p>mg/kg</p>,2025-10-23 08:00:00,氯含量,延炼200万吨/年催化裂化装置
明水,ST010193,,2025-10-23 08:00:00,水含量,延炼200万吨/年催化裂化装置
36.9,ST010193,<p>℃</p>,2025-10-24 08:00:00,初馏点,延炼200万吨/年催化裂化装置
51.3,ST010193,<p>℃</p>,2025-10-24 08:00:00,10%蒸发温度,延炼200万吨/年催化裂化装置
92.7,ST010193,<p>℃</p>,2025-10-24 08:00:00,50%蒸发温度,延炼200万吨/年催化裂化装置
170.0,ST010193,<p>℃</p>,2025-10-24 08:00:00,90%蒸发温度,延炼200万吨/年催化裂化装置
191.1,ST010193,<p>℃</p>,2025-10-24 08:00:00,终馏点,延炼200万吨/年催化裂化装置
88.4,ST010193,,2025-10-25 08:00:00,研究法辛烷值(RON),延炼200万吨/年催化裂化装置
15.6,ST010193,体积分数 %,2025-10-25 08:00:00,芳烃含量,延炼200万吨/年催化裂化装置
33.5,ST010193,体积分数 %,2025-10-25 08:00:00,烯烃含量,延炼200万吨/年催化裂化装置
37.0,ST010193,<p>℃</p>,2025-10-25 08:00:00,初馏点,延炼200万吨/年催化裂化装置
51.4,ST010193,<p>℃</p>,2025-10-25 08:00:00,10%蒸发温度,延炼200万吨/年催化裂化装置
91.6,ST010193,<p>℃</p>,2025-10-25 08:00:00,50%蒸发温度,延炼200万吨/年催化裂化装置
167.3,ST010193,<p>℃</p>,2025-10-25 08:00:00,90%蒸发温度,延炼200万吨/年催化裂化装置
189.4,ST010193,<p>℃</p>,2025-10-25 08:00:00,终馏点,延炼200万吨/年催化裂化装置
37.3,ST010193,<p>℃</p>,2025-10-26 08:00:00,初馏点,延炼200万吨/年催化裂化装置
51.7,ST010193,<p>℃</p>,2025-10-26 08:00:00,10%蒸发温度,延炼200万吨/年催化裂化装置
92.6,ST010193,<p>℃</p>,2025-10-26 08:00:00,50%蒸发温度,延炼200万吨/年催化裂化装置
167.9,ST010193,<p>℃</p>,2025-10-26 08:00:00,90%蒸发温度,延炼200万吨/年催化裂化装置
189.7,ST010193,<p>℃</p>,2025-10-26 08:00:00,终馏点,延炼200万吨/年催化裂化装置
16.0,ST010193,体积分数 %,2025-10-27 08:00:00,芳烃含量,延炼200万吨/年催化裂化装置
32.6,ST010193,体积分数 %,2025-10-27 08:00:00,烯烃含量,延炼200万吨/年催化裂化装置
37.3,ST010193,<p>℃</p>,2025-10-27 08:00:00,初馏点,延炼200万吨/年催化裂化装置
51.5,ST010193,<p>℃</p>,2025-10-27 08:00:00,10%蒸发温度,延炼200万吨/年催化裂化装置
92.3,ST010193,<p>℃</p>,2025-10-27 08:00:00,50%蒸发温度,延炼200万吨/年催化裂化装置
168.4,ST010193,<p>℃</p>,2025-10-27 08:00:00,90%蒸发温度,延炼200万吨/年催化裂化装置
189.9,ST010193,<p>℃</p>,2025-10-27 08:00:00,终馏点,延炼200万吨/年催化裂化装置
88.2,ST010193,,2025-10-27 08:00:00,研究法辛烷值(RON),延炼200万吨/年催化裂化装置
37.0,ST010193,<p>℃</p>,2025-10-28 08:00:00,初馏点,延炼200万吨/年催化裂化装置
51.4,ST010193,<p>℃</p>,2025-10-28 08:00:00,10%蒸发温度,延炼200万吨/年催化裂化装置
91.8,ST010193,<p>℃</p>,2025-10-28 08:00:00,50%蒸发温度,延炼200万吨/年催化裂化装置
166.7,ST010193,<p>℃</p>,2025-10-28 08:00:00,90%蒸发温度,延炼200万吨/年催化裂化装置
188.6,ST010193,<p>℃</p>,2025-10-28 08:00:00,终馏点,延炼200万吨/年催化裂化装置
36.7,ST010193,<p>℃</p>,2025-10-29 08:00:00,初馏点,延炼200万吨/年催化裂化装置
51.1,ST010193,<p>℃</p>,2025-10-29 08:00:00,10%蒸发温度,延炼200万吨/年催化裂化装置
91.5,ST010193,<p>℃</p>,2025-10-29 08:00:00,50%蒸发温度,延炼200万吨/年催化裂化装置
167.5,ST010193,<p>℃</p>,2025-10-29 08:00:00,90%蒸发温度,延炼200万吨/年催化裂化装置
189.3,ST010193,<p>℃</p>,2025-10-29 08:00:00,终馏点,延炼200万吨/年催化裂化装置
65.5,ST010193,<p>kPa</p>,2025-10-30 08:00:00,蒸气压（5月1日-10月31日）,延炼200万吨/年催化裂化装置
15.8,ST010193,体积分数 %,2025-10-30 08:00:00,芳烃含量,延炼200万吨/年催化裂化装置
30.7,ST010193,体积分数 %,2025-10-30 08:00:00,烯烃含量,延炼200万吨/年催化裂化装置
110,ST010193,mg/kg,2025-10-30 08:00:00,硫含量,延炼200万吨/年催化裂化装置
36.3,ST010193,<p>℃</p>,2025-10-30 08:00:00,初馏点,延炼200万吨/年催化裂化装置
50.7,ST010193,<p>℃</p>,2025-10-30 08:00:00,10%蒸发温度,延炼200万吨/年催化裂化装置
91.5,ST010193,<p>℃</p>,2025-10-30 08:00:00,50%蒸发温度,延炼200万吨/年催化裂化装置
167.9,ST010193,<p>℃</p>,2025-10-30 08:00:00,90%蒸发温度,延炼200万吨/年催化裂化装置
189.4,ST010193,<p>℃</p>,2025-10-30 08:00:00,终馏点,延炼200万吨/年催化裂化装置
88.5,ST010193,,2025-10-30 08:00:00,研究法辛烷值(RON),延炼200万吨/年催化裂化装置
16.2,ST010193,<p>mg/kg</p>,2025-10-30 08:00:00,氯含量,延炼200万吨/年催化裂化装置
明水,ST010193,,2025-10-30 08:00:00,水含量,延炼200万吨/年催化裂化装置
0.4,ST010193,<p>mg/kg</p>,2025-10-30 08:00:00,氯含量,延炼200万吨/年催化裂化装置
明水,ST010193,,2025-10-30 08:00:00,水含量,延炼200万吨/年催化裂化装置
36.6,ST010193,<p>℃</p>,2025-10-31 08:00:00,初馏点,延炼200万吨/年催化裂化装置
50.9,ST010193,<p>℃</p>,2025-10-31 08:00:00,10%蒸发温度,延炼200万吨/年催化裂化装置
90.2,ST010193,<p>℃</p>,2025-10-31 08:00:00,50%蒸发温度,延炼200万吨/年催化裂化装置
166.8,ST010193,<p>℃</p>,2025-10-31 08:00:00,90%蒸发温度,延炼200万吨/年催化裂化装置
189.2,ST010193,<p>℃</p>,2025-10-31 08:00:00,终馏点,延炼200万吨/年催化裂化装置
37.0,ST010193,<p>℃</p>,2025-11-01 08:00:00,初馏点,延炼200万吨/年催化裂化装置
51.4,ST010193,<p>℃</p>,2025-11-01 08:00:00,10%蒸发温度,延炼200万吨/年催化裂化装置
90.0,ST010193,<p>℃</p>,2025-11-01 08:00:00,50%蒸发温度,延炼200万吨/年催化裂化装置
164.5,ST010193,<p>℃</p>,2025-11-01 08:00:00,90%蒸发温度,延炼200万吨/年催化裂化装置
188.4,ST010193,<p>℃</p>,2025-11-01 08:00:00,终馏点,延炼200万吨/年催化裂化装置
722.2,ST010193,<p>kg/m<sup>3</sup></p>,2025-11-01 08:00:00,密度(20℃),延炼200万吨/年催化裂化装置
88.7,ST010193,,2025-11-01 08:00:00,研究法辛烷值(RON),延炼200万吨/年催化裂化装置
15.0,ST010193,体积分数 %,2025-11-01 08:00:00,芳烃含量,延炼200万吨/年催化裂化装置
33.0,ST010193,体积分数 %,2025-11-01 08:00:00,烯烃含量,延炼200万吨/年催化裂化装置
67.9,ST010193,<p>kPa</p>,2025-11-01 14:00:00,蒸气压（11月1日-4月30日）,延炼200万吨/年催化裂化装置
71.3,ST010193,<p>kPa</p>,2025-11-02 08:00:00,蒸气压（11月1日-4月30日）,延炼200万吨/年催化裂化装置
35.2,ST010193,<p>℃</p>,2025-11-02 08:00:00,初馏点,延炼200万吨/年催化裂化装置
50.0,ST010193,<p>℃</p>,2025-11-02 08:00:00,10%蒸发温度,延炼200万吨/年催化裂化装置
88.0,ST010193,<p>℃</p>,2025-11-02 08:00:00,50%蒸发温度,延炼200万吨/年催化裂化装置
164.5,ST010193,<p>℃</p>,2025-11-02 08:00:00,90%蒸发温度,延炼200万吨/年催化裂化装置
188.9,ST010193,<p>℃</p>,2025-11-02 08:00:00,终馏点,延炼200万吨/年催化裂化装置
32.9,ST010193,<p>℃</p>,2025-11-03 08:00:00,初馏点,延炼200万吨/年催化裂化装置
48.5,ST010193,<p>℃</p>,2025-11-03 08:00:00,10%蒸发温度,延炼200万吨/年催化裂化装置
88.0,ST010193,<p>℃</p>,2025-11-03 08:00:00,50%蒸发温度,延炼200万吨/年催化裂化装置
166.9,ST010193,<p>℃</p>,2025-11-03 08:00:00,90%蒸发温度,延炼200万吨/年催化裂化装置
189.2,ST010193,<p>℃</p>,2025-11-03 08:00:00,终馏点,延炼200万吨/年催化裂化装置
88.7,ST010193,,2025-11-03 08:00:00,研究法辛烷值(RON),延炼200万吨/年催化裂化装置
15.7,ST010193,体积分数 %,2025-11-03 08:00:00,芳烃含量,延炼200万吨/年催化裂化装置
31.6,ST010193,体积分数 %,2025-11-03 08:00:00,烯烃含量,延炼200万吨/年催化裂化装置
71.0,ST010193,<p>kPa</p>,2025-11-04 08:00:00,蒸气压（11月1日-4月30日）,延炼200万吨/年催化裂化装置
32.5,ST010193,<p>℃</p>,2025-11-04 08:00:00,初馏点,延炼200万吨/年催化裂化装置
48.0,ST010193,<p>℃</p>,2025-11-04 08:00:00,10%蒸发温度,延炼200万吨/年催化裂化装置
87.3,ST010193,<p>℃</p>,2025-11-04 08:00:00,50%蒸发温度,延炼200万吨/年催化裂化装置
166.6,ST010193,<p>℃</p>,2025-11-04 08:00:00,90%蒸发温度,延炼200万吨/年催化裂化装置
189.3,ST010193,<p>℃</p>,2025-11-04 08:00:00,终馏点,延炼200万吨/年催化裂化装置
32.5,ST010193,<p>℃</p>,2025-11-05 08:00:00,初馏点,延炼200万吨/年催化裂化装置
48.0,ST010193,<p>℃</p>,2025-11-05 08:00:00,10%蒸发温度,延炼200万吨/年催化裂化装置
86.9,ST010193,<p>℃</p>,2025-11-05 08:00:00,50%蒸发温度,延炼200万吨/年催化裂化装置
165.6,ST010193,<p>℃</p>,2025-11-05 08:00:00,90%蒸发温度,延炼200万吨/年催化裂化装置
189.2,ST010193,<p>℃</p>,2025-11-05 08:00:00,终馏点,延炼200万吨/年催化裂化装置
15.3,ST010193,体积分数 %,2025-11-06 08:00:00,芳烃含量,延炼200万吨/年催化裂化装置
31.0,ST010193,体积分数 %,2025-11-06 08:00:00,烯烃含量,延炼200万吨/年催化裂化装置
91.2,ST010193,mg/kg,2025-11-06 08:00:00,硫含量,延炼200万吨/年催化裂化装置
32.6,ST010193,<p>℃</p>,2025-11-06 08:00:00,初馏点,延炼200万吨/年催化裂化装置
48.3,ST010193,<p>℃</p>,2025-11-06 08:00:00,10%蒸发温度,延炼200万吨/年催化裂化装置
86.7,ST010193,<p>℃</p>,2025-11-06 08:00:00,50%蒸发温度,延炼200万吨/年催化裂化装置
164.4,ST010193,<p>℃</p>,2025-11-06 08:00:00,90%蒸发温度,延炼200万吨/年催化裂化装置
188.6,ST010193,<p>℃</p>,2025-11-06 08:00:00,终馏点,延炼200万吨/年催化裂化装置
72.6,ST010193,<p>kPa</p>,2025-11-06 08:00:00,蒸气压（11月1日-4月30日）,延炼200万吨/年催化裂化装置
89.2,ST010193,,2025-11-06 08:00:00,研究法辛烷值(RON),延炼200万吨/年催化裂化装置
34.0,ST010193,<p>mg/kg</p>,2025-11-06 08:00:00,氯含量,延炼200万吨/年催化裂化装置
明水,ST010193,,2025-11-06 08:00:00,水含量,延炼200万吨/年催化裂化装置
0.9,ST010193,<p>mg/kg</p>,2025-11-06 08:00:00,氯含量,延炼200万吨/年催化裂化装置
明水,ST010193,,2025-11-06 08:00:00,水含量,延炼200万吨/年催化裂化装置
32.6,ST010193,<p>℃</p>,2025-11-07 08:00:00,初馏点,延炼200万吨/年催化裂化装置
48.1,ST010193,<p>℃</p>,2025-11-07 08:00:00,10%蒸发温度,延炼200万吨/年催化裂化装置
86.6,ST010193,<p>℃</p>,2025-11-07 08:00:00,50%蒸发温度,延炼200万吨/年催化裂化装置
166.5,ST010193,<p>℃</p>,2025-11-07 08:00:00,90%蒸发温度,延炼200万吨/年催化裂化装置
189.1,ST010193,<p>℃</p>,2025-11-07 08:00:00,终馏点,延炼200万吨/年催化裂化装置
89.3,ST010193,,2025-11-08 08:00:00,研究法辛烷值(RON),延炼200万吨/年催化裂化装置
15.6,ST010193,体积分数 %,2025-11-08 08:00:00,芳烃含量,延炼200万吨/年催化裂化装置
31.6,ST010193,体积分数 %,2025-11-08 08:00:00,烯烃含量,延炼200万吨/年催化裂化装置
32.5,ST010193,<p>℃</p>,2025-11-08 08:00:00,初馏点,延炼200万吨/年催化裂化装置
48.1,ST010193,<p>℃</p>,2025-11-08 08:00:00,10%蒸发温度,延炼200万吨/年催化裂化装置
86.6,ST010193,<p>℃</p>,2025-11-08 08:00:00,50%蒸发温度,延炼200万吨/年催化裂化装置
165.4,ST010193,<p>℃</p>,2025-11-08 08:00:00,90%蒸发温度,延炼200万吨/年催化裂化装置
188.8,ST010193,<p>℃</p>,2025-11-08 08:00:00,终馏点,延炼200万吨/年催化裂化装置
33.1,ST010193,<p>℃</p>,2025-11-09 08:00:00,初馏点,延炼200万吨/年催化裂化装置
48.4,ST010193,<p>℃</p>,2025-11-09 08:00:00,10%蒸发温度,延炼200万吨/年催化裂化装置
86.7,ST010193,<p>℃</p>,2025-11-09 08:00:00,50%蒸发温度,延炼200万吨/年催化裂化装置
164.2,ST010193,<p>℃</p>,2025-11-09 08:00:00,90%蒸发温度,延炼200万吨/年催化裂化装置
188.8,ST010193,<p>℃</p>,2025-11-09 08:00:00,终馏点,延炼200万吨/年催化裂化装置
32.0,ST010193,<p>℃</p>,2025-11-10 08:00:00,初馏点,延炼200万吨/年催化裂化装置
190.5,ST010193,<p>℃</p>,2025-11-10 08:00:00,终馏点,延炼200万吨/年催化裂化装置
0.8,ST010193,体积分数 %,2025-11-10 08:00:00,残馏量,延炼200万吨/年催化裂化装置
0.9,ST010193,体积分数 %,2025-11-10 08:00:00,校正损失,延炼200万吨/年催化裂化装置
98.3,ST010193,体积分数 %,2025-11-10 08:00:00,全馏量,延炼200万吨/年催化裂化装置
48.0,ST010193,<p>℃</p>,2025-11-10 08:00:00,10%蒸发温度,延炼200万吨/年催化裂化装置
89.0,ST010193,<p>℃</p>,2025-11-10 08:00:00,50%蒸发温度,延炼200万吨/年催化裂化装置
161.5,ST010193,<p>℃</p>,2025-11-10 08:00:00,90%蒸发温度,延炼200万吨/年催化裂化装置
15.4,ST010193,体积分数 %,2025-11-10 08:00:00,芳烃含量,延炼200万吨/年催化裂化装置
32.1,ST010193,体积分数 %,2025-11-10 08:00:00,烯烃含量,延炼200万吨/年催化裂化装置
89.3,ST010193,,2025-11-10 08:00:00,研究法辛烷值(RON),延炼200万吨/年催化裂化装置
35.7,ST010193,<p>℃</p>,2025-11-11 08:00:00,初馏点,延炼200万吨/年催化裂化装置
50.1,ST010193,<p>℃</p>,2025-11-11 08:00:00,10%蒸发温度,延炼200万吨/年催化裂化装置
86.7,ST010193,<p>℃</p>,2025-11-11 08:00:00,50%蒸发温度,延炼200万吨/年催化裂化装置
167.1,ST010193,<p>℃</p>,2025-11-11 08:00:00,90%蒸发温度,延炼200万吨/年催化裂化装置
189.7,ST010193,<p>℃</p>,2025-11-11 08:00:00,终馏点,延炼200万吨/年催化裂化装置
35.9,ST010193,<p>℃</p>,2025-11-12 08:00:00,初馏点,延炼200万吨/年催化裂化装置
50.1,ST010193,<p>℃</p>,2025-11-12 08:00:00,10%蒸发温度,延炼200万吨/年催化裂化装置
86.6,ST010193,<p>℃</p>,2025-11-12 08:00:00,50%蒸发温度,延炼200万吨/年催化裂化装置
168.0,ST010193,<p>℃</p>,2025-11-12 08:00:00,90%蒸发温度,延炼200万吨/年催化裂化装置
190.1,ST010193,<p>℃</p>,2025-11-12 08:00:00,终馏点,延炼200万吨/年催化裂化装置
15.6,ST010193,体积分数 %,2025-11-13 08:00:00,芳烃含量,延炼200万吨/年催化裂化装置
31.8,ST010193,体积分数 %,2025-11-13 08:00:00,烯烃含量,延炼200万吨/年催化裂化装置
34.8,ST010193,<p>℃</p>,2025-11-13 08:00:00,初馏点,延炼200万吨/年催化裂化装置
49.4,ST010193,<p>℃</p>,2025-11-13 08:00:00,10%蒸发温度,延炼200万吨/年催化裂化装置
86.2,ST010193,<p>℃</p>,2025-11-13 08:00:00,50%蒸发温度,延炼200万吨/年催化裂化装置
164.6,ST010193,<p>℃</p>,2025-11-13 08:00:00,90%蒸发温度,延炼200万吨/年催化裂化装置
189.0,ST010193,<p>℃</p>,2025-11-13 08:00:00,终馏点,延炼200万吨/年催化裂化装置
89.7,ST010193,,2025-11-13 08:00:00,研究法辛烷值(RON),延炼200万吨/年催化裂化装置
70.7,ST010193,<p>kPa</p>,2025-11-13 08:00:00,蒸气压（11月1日-4月30日）,延炼200万吨/年催化裂化装置
84.0,ST010193,mg/kg,2025-11-13 08:00:00,硫含量,延炼200万吨/年催化裂化装置
明水,ST010193,,2025-11-13 08:00:00,水含量,延炼200万吨/年催化裂化装置
23.5,ST010193,<p>mg/kg</p>,2025-11-13 08:00:00,氯含量,延炼200万吨/年催化裂化装置
0.8,ST010193,<p>mg/kg</p>,2025-11-13 08:00:00,氯含量,延炼200万吨/年催化裂化装置
明水,ST010193,,2025-11-13 08:00:00,水含量,延炼200万吨/年催化裂化装置
35.4,ST010193,<p>℃</p>,2025-11-14 08:00:00,初馏点,延炼200万吨/年催化裂化装置
49.8,ST010193,<p>℃</p>,2025-11-14 08:00:00,10%蒸发温度,延炼200万吨/年催化裂化装置
86.0,ST010193,<p>℃</p>,2025-11-14 08:00:00,50%蒸发温度,延炼200万吨/年催化裂化装置
165.1,ST010193,<p>℃</p>,2025-11-14 08:00:00,90%蒸发温度,延炼200万吨/年催化裂化装置
189.2,ST010193,<p>℃</p>,2025-11-14 08:00:00,终馏点,延炼200万吨/年催化裂化装置
89.4,ST010193,,2025-11-15 08:00:00,研究法辛烷值(RON),延炼200万吨/年催化裂化装置
16.0,ST010193,体积分数 %,2025-11-15 08:00:00,芳烃含量,延炼200万吨/年催化裂化装置
31.5,ST010193,体积分数 %,2025-11-15 08:00:00,烯烃含量,延炼200万吨/年催化裂化装置
35.7,ST010193,<p>℃</p>,2025-11-15 08:00:00,初馏点,延炼200万吨/年催化裂化装置
49.9,ST010193,<p>℃</p>,2025-11-15 08:00:00,10%蒸发温度,延炼200万吨/年催化裂化装置
85.8,ST010193,<p>℃</p>,2025-11-15 08:00:00,50%蒸发温度,延炼200万吨/年催化裂化装置
166.0,ST010193,<p>℃</p>,2025-11-15 08:00:00,90%蒸发温度,延炼200万吨/年催化裂化装置
189.2,ST010193,<p>℃</p>,2025-11-15 08:00:00,终馏点,延炼200万吨/年催化裂化装置
36.3,ST010193,<p>℃</p>,2025-11-16 08:00:00,初馏点,延炼200万吨/年催化裂化装置
50.0,ST010193,<p>℃</p>,2025-11-16 08:00:00,10%蒸发温度,延炼200万吨/年催化裂化装置
86.1,ST010193,<p>℃</p>,2025-11-16 08:00:00,50%蒸发温度,延炼200万吨/年催化裂化装置
163.7,ST010193,<p>℃</p>,2025-11-16 08:00:00,90%蒸发温度,延炼200万吨/年催化裂化装置
188.8,ST010193,<p>℃</p>,2025-11-16 08:00:00,终馏点,延炼200万吨/年催化裂化装置
16.7,ST010193,体积分数 %,2025-11-17 08:00:00,芳烃含量,延炼200万吨/年催化裂化装置
31.1,ST010193,体积分数 %,2025-11-17 08:00:00,烯烃含量,延炼200万吨/年催化裂化装置
90.4,ST010193,,2025-11-17 08:00:00,研究法辛烷值(RON),延炼200万吨/年催化裂化装置
32.5,ST010193,<p>℃</p>,2025-11-17 08:00:00,初馏点,延炼200万吨/年催化裂化装置
188.5,ST010193,<p>℃</p>,2025-11-17 08:00:00,终馏点,延炼200万吨/年催化裂化装置
0.9,ST010193,体积分数 %,2025-11-17 08:00:00,残馏量,延炼200万吨/年催化裂化装置
0.8,ST010193,体积分数 %,2025-11-17 08:00:00,校正损失,延炼200万吨/年催化裂化装置
98.3,ST010193,体积分数 %,2025-11-17 08:00:00,全馏量,延炼200万吨/年催化裂化装置
48.0,ST010193,<p>℃</p>,2025-11-17 08:00:00,10%蒸发温度,延炼200万吨/年催化裂化装置
85.5,ST010193,<p>℃</p>,2025-11-17 08:00:00,50%蒸发温度,延炼200万吨/年催化裂化装置
161.5,ST010193,<p>℃</p>,2025-11-17 08:00:00,90%蒸发温度,延炼200万吨/年催化裂化装置
36.2,ST010193,<p>℃</p>,2025-11-18 08:00:00,初馏点,延炼200万吨/年催化裂化装置
50.2,ST010193,<p>℃</p>,2025-11-18 08:00:00,10%蒸发温度,延炼200万吨/年催化裂化装置
86.2,ST010193,<p>℃</p>,2025-11-18 08:00:00,50%蒸发温度,延炼200万吨/年催化裂化装置
164.4,ST010193,<p>℃</p>,2025-11-18 08:00:00,90%蒸发温度,延炼200万吨/年催化裂化装置
189.4,ST010193,<p>℃</p>,2025-11-18 08:00:00,终馏点,延炼200万吨/年催化裂化装置
36.3,ST010193,<p>℃</p>,2025-11-19 08:00:00,初馏点,延炼200万吨/年催化裂化装置
50.3,ST010193,<p>℃</p>,2025-11-19 08:00:00,10%蒸发温度,延炼200万吨/年催化裂化装置
86.0,ST010193,<p>℃</p>,2025-11-19 08:00:00,50%蒸发温度,延炼200万吨/年催化裂化装置
166.9,ST010193,<p>℃</p>,2025-11-19 08:00:00,90%蒸发温度,延炼200万吨/年催化裂化装置
189.8,ST010193,<p>℃</p>,2025-11-19 08:00:00,终馏点,延炼200万吨/年催化裂化装置
68.2,ST010193,<p>kPa</p>,2025-11-20 08:00:00,蒸气压（11月1日-4月30日）,延炼200万吨/年催化裂化装置
36.2,ST010193,<p>℃</p>,2025-11-20 08:00:00,初馏点,延炼200万吨/年催化裂化装置
50.2,ST010193,<p>℃</p>,2025-11-20 08:00:00,10%蒸发温度,延炼200万吨/年催化裂化装置
85.9,ST010193,<p>℃</p>,2025-11-20 08:00:00,50%蒸发温度,延炼200万吨/年催化裂化装置
165.6,ST010193,<p>℃</p>,2025-11-20 08:00:00,90%蒸发温度,延炼200万吨/年催化裂化装置
189.3,ST010193,<p>℃</p>,2025-11-20 08:00:00,终馏点,延炼200万吨/年催化裂化装置
12.0,ST010193,体积分数 %,2025-11-20 08:00:00,芳烃含量,延炼200万吨/年催化裂化装置
34.6,ST010193,体积分数 %,2025-11-20 08:00:00,烯烃含量,延炼200万吨/年催化裂化装置
90.8,ST010193,mg/kg,2025-11-20 08:00:00,硫含量,延炼200万吨/年催化裂化装置
90.4,ST010193,,2025-11-20 08:00:00,研究法辛烷值(RON),延炼200万吨/年催化裂化装置
明水,ST010193,,2025-11-20 08:00:00,水含量,延炼200万吨/年催化裂化装置
2.0,ST010193,<p>mg/kg</p>,2025-11-20 08:00:00,氯含量,延炼200万吨/年催化裂化装置
明水,ST010193,,2025-11-20 08:00:00,水含量,延炼200万吨/年催化裂化装置
41.2,ST010193,<p>mg/kg</p>,2025-11-20 08:00:00,氯含量,延炼200万吨/年催化裂化装置
36.2,ST010193,<p>℃</p>,2025-11-21 08:00:00,初馏点,延炼200万吨/年催化裂化装置
50.2,ST010193,<p>℃</p>,2025-11-21 08:00:00,10%蒸发温度,延炼200万吨/年催化裂化装置
86.1,ST010193,<p>℃</p>,2025-11-21 08:00:00,50%蒸发温度,延炼200万吨/年催化裂化装置
167.9,ST010193,<p>℃</p>,2025-11-21 08:00:00,90%蒸发温度,延炼200万吨/年催化裂化装置
190.2,ST010193,<p>℃</p>,2025-11-21 08:00:00,终馏点,延炼200万吨/年催化裂化装置
35.8,ST010193,<p>℃</p>,2025-11-22 08:00:00,初馏点,延炼200万吨/年催化裂化装置
50.0,ST010193,<p>℃</p>,2025-11-22 08:00:00,10%蒸发温度,延炼200万吨/年催化裂化装置
85.6,ST010193,<p>℃</p>,2025-11-22 08:00:00,50%蒸发温度,延炼200万吨/年催化裂化装置
167.6,ST010193,<p>℃</p>,2025-11-22 08:00:00,90%蒸发温度,延炼200万吨/年催化裂化装置
190.2,ST010193,<p>℃</p>,2025-11-22 08:00:00,终馏点,延炼200万吨/年催化裂化装置
90.0,ST010193,,2025-11-22 08:00:00,研究法辛烷值(RON),延炼200万吨/年催化裂化装置
16.3,ST010193,体积分数 %,2025-11-22 08:00:00,芳烃含量,延炼200万吨/年催化裂化装置
32.5,ST010193,体积分数 %,2025-11-22 08:00:00,烯烃含量,延炼200万吨/年催化裂化装置
14.3,ST010193,体积分数 %,2025-11-22 15:00:00,芳烃含量,延炼200万吨/年催化裂化装置
30.7,ST010193,体积分数 %,2025-11-22 15:00:00,烯烃含量,延炼200万吨/年催化裂化装置
36.4,ST010193,<p>℃</p>,2025-11-23 08:00:00,初馏点,延炼200万吨/年催化裂化装置
50.2,ST010193,<p>℃</p>,2025-11-23 08:00:00,10%蒸发温度,延炼200万吨/年催化裂化装置
85.5,ST010193,<p>℃</p>,2025-11-23 08:00:00,50%蒸发温度,延炼200万吨/年催化裂化装置
168.0,ST010193,<p>℃</p>,2025-11-23 08:00:00,90%蒸发温度,延炼200万吨/年催化裂化装置
190.9,ST010193,<p>℃</p>,2025-11-23 08:00:00,终馏点,延炼200万吨/年催化裂化装置
14.5,ST010193,体积分数 %,2025-11-23 08:00:00,芳烃含量,延炼200万吨/年催化裂化装置
30.9,ST010193,体积分数 %,2025-11-23 08:00:00,烯烃含量,延炼200万吨/年催化裂化装置
90.1,ST010193,,2025-11-24 08:00:00,研究法辛烷值(RON),延炼200万吨/年催化裂化装置
14.8,ST010193,体积分数 %,2025-11-24 08:00:00,芳烃含量,延炼200万吨/年催化裂化装置
32.4,ST010193,体积分数 %,2025-11-24 08:00:00,烯烃含量,延炼200万吨/年催化裂化装置
36.1,ST010193,<p>℃</p>,2025-11-24 08:00:00,初馏点,延炼200万吨/年催化裂化装置
50.0,ST010193,<p>℃</p>,2025-11-24 08:00:00,10%蒸发温度,延炼200万吨/年催化裂化装置
85.1,ST010193,<p>℃</p>,2025-11-24 08:00:00,50%蒸发温度,延炼200万吨/年催化裂化装置
167.7,ST010193,<p>℃</p>,2025-11-24 08:00:00,90%蒸发温度,延炼200万吨/年催化裂化装置
190.4,ST010193,<p>℃</p>,2025-11-24 08:00:00,终馏点,延炼200万吨/年催化裂化装置
36.2,ST010193,<p>℃</p>,2025-11-25 08:00:00,初馏点,延炼200万吨/年催化裂化装置
50.2,ST010193,<p>℃</p>,2025-11-25 08:00:00,10%蒸发温度,延炼200万吨/年催化裂化装置
86.0,ST010193,<p>℃</p>,2025-11-25 08:00:00,50%蒸发温度,延炼200万吨/年催化裂化装置
167.0,ST010193,<p>℃</p>,2025-11-25 08:00:00,90%蒸发温度,延炼200万吨/年催化裂化装置
189.7,ST010193,<p>℃</p>,2025-11-25 08:00:00,终馏点,延炼200万吨/年催化裂化装置
36.2,ST010193,<p>℃</p>,2025-11-26 08:00:00,初馏点,延炼200万吨/年催化裂化装置
50.1,ST010193,<p>℃</p>,2025-11-26 08:00:00,10%蒸发温度,延炼200万吨/年催化裂化装置
85.4,ST010193,<p>℃</p>,2025-11-26 08:00:00,50%蒸发温度,延炼200万吨/年催化裂化装置
167.5,ST010193,<p>℃</p>,2025-11-26 08:00:00,90%蒸发温度,延炼200万吨/年催化裂化装置
190.5,ST010193,<p>℃</p>,2025-11-26 08:00:00,终馏点,延炼200万吨/年催化裂化装置
90.0,ST010193,,2025-11-27 08:00:00,研究法辛烷值(RON),延炼200万吨/年催化裂化装置
36.5,ST010193,<p>℃</p>,2025-11-27 08:00:00,初馏点,延炼200万吨/年催化裂化装置
50.2,ST010193,<p>℃</p>,2025-11-27 08:00:00,10%蒸发温度,延炼200万吨/年催化裂化装置
85.6,ST010193,<p>℃</p>,2025-11-27 08:00:00,50%蒸发温度,延炼200万吨/年催化裂化装置
166.3,ST010193,<p>℃</p>,2025-11-27 08:00:00,90%蒸发温度,延炼200万吨/年催化裂化装置
189.9,ST010193,<p>℃</p>,2025-11-27 08:00:00,终馏点,延炼200万吨/年催化裂化装置
15.8,ST010193,体积分数 %,2025-11-27 08:00:00,芳烃含量,延炼200万吨/年催化裂化装置
31.0,ST010193,体积分数 %,2025-11-27 08:00:00,烯烃含量,延炼200万吨/年催化裂化装置
82.7,ST010193,mg/kg,2025-11-27 08:00:00,硫含量,延炼200万吨/年催化裂化装置
67.6,ST010193,<p>kPa</p>,2025-11-27 08:00:00,蒸气压（11月1日-4月30日）,延炼200万吨/年催化裂化装置
明水,ST010193,,2025-11-27 08:00:00,水含量,延炼200万吨/年催化裂化装置
74.8,ST010193,<p>mg/kg</p>,2025-11-27 08:00:00,氯含量,延炼200万吨/年催化裂化装置
32.7,ST010193,<p>mg/kg</p>,2025-11-27 08:00:00,氯含量,延炼200万吨/年催化裂化装置
明水,ST010193,,2025-11-27 08:00:00,水含量,延炼200万吨/年催化裂化装置
35.6,ST010193,<p>℃</p>,2025-11-28 08:00:00,初馏点,延炼200万吨/年催化裂化装置
49.8,ST010193,<p>℃</p>,2025-11-28 08:00:00,10%蒸发温度,延炼200万吨/年催化裂化装置
85.7,ST010193,<p>℃</p>,2025-11-28 08:00:00,50%蒸发温度,延炼200万吨/年催化裂化装置
165.6,ST010193,<p>℃</p>,2025-11-28 08:00:00,90%蒸发温度,延炼200万吨/年催化裂化装置
189.5,ST010193,<p>℃</p>,2025-11-28 08:00:00,终馏点,延炼200万吨/年催化裂化装置
36.2,ST010193,<p>℃</p>,2025-11-29 08:00:00,初馏点,延炼200万吨/年催化裂化装置
50.2,ST010193,<p>℃</p>,2025-11-29 08:00:00,10%蒸发温度,延炼200万吨/年催化裂化装置
85.4,ST010193,<p>℃</p>,2025-11-29 08:00:00,50%蒸发温度,延炼200万吨/年催化裂化装置
167.2,ST010193,<p>℃</p>,2025-11-29 08:00:00,90%蒸发温度,延炼200万吨/年催化裂化装置
190.0,ST010193,<p>℃</p>,2025-11-29 08:00:00,终馏点,延炼200万吨/年催化裂化装置
90.2,ST010193,,2025-11-29 08:00:00,研究法辛烷值(RON),延炼200万吨/年催化裂化装置
14.1,ST010193,体积分数 %,2025-11-29 08:00:00,芳烃含量,延炼200万吨/年催化裂化装置
32.7,ST010193,体积分数 %,2025-11-29 08:00:00,烯烃含量,延炼200万吨/年催化裂化装置
85.9,ST010193,<p>℃</p>,2025-11-30 08:00:00,50%蒸发温度,延炼200万吨/年催化裂化装置
168.4,ST010193,<p>℃</p>,2025-11-30 08:00:00,90%蒸发温度,延炼200万吨/年催化裂化装置
190.4,ST010193,<p>℃</p>,2025-11-30 08:00:00,终馏点,延炼200万吨/年催化裂化装置
35.3,ST010193,<p>℃</p>,2025-11-30 08:00:00,初馏点,延炼200万吨/年催化裂化装置
49.8,ST010193,<p>℃</p>,2025-11-30 08:00:00,10%蒸发温度,延炼200万吨/年催化裂化装置
90.0,ST010193,,2025-12-01 08:00:00,研究法辛烷值(RON),延炼200万吨/年催化裂化装置
36.9,ST010193,<p>℃</p>,2025-12-01 08:00:00,初馏点,延炼200万吨/年催化裂化装置
50.7,ST010193,<p>℃</p>,2025-12-01 08:00:00,10%蒸发温度,延炼200万吨/年催化裂化装置
85.7,ST010193,<p>℃</p>,2025-12-01 08:00:00,50%蒸发温度,延炼200万吨/年催化裂化装置
167.2,ST010193,<p>℃</p>,2025-12-01 08:00:00,90%蒸发温度,延炼200万吨/年催化裂化装置
190.0,ST010193,<p>℃</p>,2025-12-01 08:00:00,终馏点,延炼200万吨/年催化裂化装置
15.0,ST010193,体积分数 %,2025-12-01 08:00:00,芳烃含量,延炼200万吨/年催化裂化装置
30.9,ST010193,体积分数 %,2025-12-01 08:00:00,烯烃含量,延炼200万吨/年催化裂化装置
716.7,ST010193,<p>kg/m<sup>3</sup></p>,2025-12-01 08:00:00,密度(20℃),延炼200万吨/年催化裂化装置
36.6,ST010193,<p>℃</p>,2025-12-02 08:00:00,初馏点,延炼200万吨/年催化裂化装置
50.2,ST010193,<p>℃</p>,2025-12-02 08:00:00,10%蒸发温度,延炼200万吨/年催化裂化装置
85.4,ST010193,<p>℃</p>,2025-12-02 08:00:00,50%蒸发温度,延炼200万吨/年催化裂化装置
166.2,ST010193,<p>℃</p>,2025-12-02 08:00:00,90%蒸发温度,延炼200万吨/年催化裂化装置
189.7,ST010193,<p>℃</p>,2025-12-02 08:00:00,终馏点,延炼200万吨/年催化裂化装置
36.7,ST010193,<p>℃</p>,2025-12-03 08:00:00,初馏点,延炼200万吨/年催化裂化装置
50.4,ST010193,<p>℃</p>,2025-12-03 08:00:00,10%蒸发温度,延炼200万吨/年催化裂化装置
85.5,ST010193,<p>℃</p>,2025-12-03 08:00:00,50%蒸发温度,延炼200万吨/年催化裂化装置
167.0,ST010193,<p>℃</p>,2025-12-03 08:00:00,90%蒸发温度,延炼200万吨/年催化裂化装置
190.1,ST010193,<p>℃</p>,2025-12-03 08:00:00,终馏点,延炼200万吨/年催化裂化装置
73.2,ST010193,mg/kg,2025-12-04 08:00:00,硫含量,延炼200万吨/年催化裂化装置
15.2,ST010193,体积分数 %,2025-12-04 08:00:00,芳烃含量,延炼200万吨/年催化裂化装置
31.1,ST010193,体积分数 %,2025-12-04 08:00:00,烯烃含量,延炼200万吨/年催化裂化装置
90.0,ST010193,,2025-12-04 08:00:00,研究法辛烷值(RON),延炼200万吨/年催化裂化装置
68.5,ST010193,<p>kPa</p>,2025-12-04 08:00:00,蒸气压（11月1日-4月30日）,延炼200万吨/年催化裂化装置
36.3,ST010193,<p>℃</p>,2025-12-04 08:00:00,初馏点,延炼200万吨/年催化裂化装置
50.1,ST010193,<p>℃</p>,2025-12-04 08:00:00,10%蒸发温度,延炼200万吨/年催化裂化装置
85.6,ST010193,<p>℃</p>,2025-12-04 08:00:00,50%蒸发温度,延炼200万吨/年催化裂化装置
165.8,ST010193,<p>℃</p>,2025-12-04 08:00:00,90%蒸发温度,延炼200万吨/年催化裂化装置
189.7,ST010193,<p>℃</p>,2025-12-04 08:00:00,终馏点,延炼200万吨/年催化裂化装置
明水,ST010193,,2025-12-04 08:00:00,水含量,延炼200万吨/年催化裂化装置
56.8,ST010193,<p>mg/kg</p>,2025-12-04 08:00:00,氯含量,延炼200万吨/年催化裂化装置
4.1,ST010193,<p>mg/kg</p>,2025-12-04 08:00:00,氯含量,延炼200万吨/年催化裂化装置
明水,ST010193,,2025-12-04 08:00:00,水含量,延炼200万吨/年催化裂化装置
33.0,ST010193,<p>℃</p>,2025-12-05 08:00:00,初馏点,延炼200万吨/年催化裂化装置
190.0,ST010193,<p>℃</p>,2025-12-05 08:00:00,终馏点,延炼200万吨/年催化裂化装置
1.0,ST010193,体积分数 %,2025-12-05 08:00:00,残馏量,延炼200万吨/年催化裂化装置
0.8,ST010193,体积分数 %,2025-12-05 08:00:00,校正损失,延炼200万吨/年催化裂化装置
98.2,ST010193,体积分数 %,2025-12-05 08:00:00,全馏量,延炼200万吨/年催化裂化装置
48.0,ST010193,<p>℃</p>,2025-12-05 08:00:00,10%蒸发温度,延炼200万吨/年催化裂化装置
86.5,ST010193,<p>℃</p>,2025-12-05 08:00:00,50%蒸发温度,延炼200万吨/年催化裂化装置
160.0,ST010193,<p>℃</p>,2025-12-05 08:00:00,90%蒸发温度,延炼200万吨/年催化裂化装置
36.9,ST010193,<p>℃</p>,2025-12-06 08:00:00,初馏点,延炼200万吨/年催化裂化装置
50.6,ST010193,<p>℃</p>,2025-12-06 08:00:00,10%蒸发温度,延炼200万吨/年催化裂化装置
86.0,ST010193,<p>℃</p>,2025-12-06 08:00:00,50%蒸发温度,延炼200万吨/年催化裂化装置
165.0,ST010193,<p>℃</p>,2025-12-06 08:00:00,90%蒸发温度,延炼200万吨/年催化裂化装置
189.3,ST010193,<p>℃</p>,2025-12-06 08:00:00,终馏点,延炼200万吨/年催化裂化装置
68.7,ST010193,<p>kPa</p>,2025-12-07 08:00:00,蒸气压（11月1日-4月30日）,延炼200万吨/年催化裂化装置
35.9,ST010193,<p>℃</p>,2025-12-07 08:00:00,初馏点,延炼200万吨/年催化裂化装置
49.8,ST010193,<p>℃</p>,2025-12-07 08:00:00,10%蒸发温度,延炼200万吨/年催化裂化装置
85.8,ST010193,<p>℃</p>,2025-12-07 08:00:00,50%蒸发温度,延炼200万吨/年催化裂化装置
164.5,ST010193,<p>℃</p>,2025-12-07 08:00:00,90%蒸发温度,延炼200万吨/年催化裂化装置
189.2,ST010193,<p>℃</p>,2025-12-07 08:00:00,终馏点,延炼200万吨/年催化裂化装置
33.1,ST010193,<p>℃</p>,2025-12-08 08:00:00,初馏点,延炼200万吨/年催化裂化装置
48.2,ST010193,<p>℃</p>,2025-12-08 08:00:00,10%蒸发温度,延炼200万吨/年催化裂化装置
85.7,ST010193,<p>℃</p>,2025-12-08 08:00:00,50%蒸发温度,延炼200万吨/年催化裂化装置
164.3,ST010193,<p>℃</p>,2025-12-08 08:00:00,90%蒸发温度,延炼200万吨/年催化裂化装置
189.2,ST010193,<p>℃</p>,2025-12-08 08:00:00,终馏点,延炼200万吨/年催化裂化装置
74.00,ST010193,<p>kPa</p>,2025-12-08 11:30:00,蒸气压（11月1日-4月30日）,延炼200万吨/年催化裂化装置
32.5,ST010193,<p>℃</p>,2025-12-09 08:00:00,初馏点,延炼200万吨/年催化裂化装置
47.8,ST010193,<p>℃</p>,2025-12-09 08:00:00,10%蒸发温度,延炼200万吨/年催化裂化装置
85.7,ST010193,<p>℃</p>,2025-12-09 08:00:00,50%蒸发温度,延炼200万吨/年催化裂化装置
166.2,ST010193,<p>℃</p>,2025-12-09 08:00:00,90%蒸发温度,延炼200万吨/年催化裂化装置
189.6,ST010193,<p>℃</p>,2025-12-09 08:00:00,终馏点,延炼200万吨/年催化裂化装置
47.0,ST010193,<p>℃</p>,2025-12-10 08:00:00,10%蒸发温度,延炼200万吨/年催化裂化装置
85.4,ST010193,<p>℃</p>,2025-12-10 08:00:00,50%蒸发温度,延炼200万吨/年催化裂化装置
32.3,ST010193,<p>℃</p>,2025-12-10 08:00:00,初馏点,延炼200万吨/年催化裂化装置
165.9,ST010193,<p>℃</p>,2025-12-10 08:00:00,90%蒸发温度,延炼200万吨/年催化裂化装置
189.7,ST010193,<p>℃</p>,2025-12-10 08:00:00,终馏点,延炼200万吨/年催化裂化装置
89.8,ST010193,,2025-12-11 08:00:00,研究法辛烷值(RON),延炼200万吨/年催化裂化装置
73.0,ST010193,<p>kPa</p>,2025-12-11 08:00:00,蒸气压（11月1日-4月30日）,延炼200万吨/年催化裂化装置
15.0,ST010193,体积分数 %,2025-12-11 08:00:00,芳烃含量,延炼200万吨/年催化裂化装置
30.0,ST010193,体积分数 %,2025-12-11 08:00:00,烯烃含量,延炼200万吨/年催化裂化装置
76.8,ST010193,mg/kg,2025-12-11 08:00:00,硫含量,延炼200万吨/年催化裂化装置
32.5,ST010193,<p>℃</p>,2025-12-11 08:00:00,初馏点,延炼200万吨/年催化裂化装置
47.7,ST010193,<p>℃</p>,2025-12-11 08:00:00,10%蒸发温度,延炼200万吨/年催化裂化装置
85.7,ST010193,<p>℃</p>,2025-12-11 08:00:00,50%蒸发温度,延炼200万吨/年催化裂化装置
164.7,ST010193,<p>℃</p>,2025-12-11 08:00:00,90%蒸发温度,延炼200万吨/年催化裂化装置
189.5,ST010193,<p>℃</p>,2025-12-11 08:00:00,终馏点,延炼200万吨/年催化裂化装置
明水,ST010193,,2025-12-11 08:00:00,水含量,延炼200万吨/年催化裂化装置
9.2,ST010193,<p>mg/kg</p>,2025-12-11 08:00:00,氯含量,延炼200万吨/年催化裂化装置
明水,ST010193,,2025-12-11 08:00:00,水含量,延炼200万吨/年催化裂化装置
0.6,ST010193,<p>mg/kg</p>,2025-12-11 08:00:00,氯含量,延炼200万吨/年催化裂化装置
32.1,ST010193,<p>℃</p>,2025-12-12 08:00:00,初馏点,延炼200万吨/年催化裂化装置
47.5,ST010193,<p>℃</p>,2025-12-12 08:00:00,10%蒸发温度,延炼200万吨/年催化裂化装置
85.5,ST010193,<p>℃</p>,2025-12-12 08:00:00,50%蒸发温度,延炼200万吨/年催化裂化装置
166.7,ST010193,<p>℃</p>,2025-12-12 08:00:00,90%蒸发温度,延炼200万吨/年催化裂化装置
189.5,ST010193,<p>℃</p>,2025-12-12 08:00:00,终馏点,延炼200万吨/年催化裂化装置
36.3,ST010193,<p>℃</p>,2025-12-13 08:00:00,初馏点,延炼200万吨/年催化裂化装置
50.0,ST010193,<p>℃</p>,2025-12-13 08:00:00,10%蒸发温度,延炼200万吨/年催化裂化装置
85.7,ST010193,<p>℃</p>,2025-12-13 08:00:00,50%蒸发温度,延炼200万吨/年催化裂化装置
165.1,ST010193,<p>℃</p>,2025-12-13 08:00:00,90%蒸发温度,延炼200万吨/年催化裂化装置
189.1,ST010193,<p>℃</p>,2025-12-13 08:00:00,终馏点,延炼200万吨/年催化裂化装置
36.3,ST010193,<p>℃</p>,2025-12-14 08:00:00,初馏点,延炼200万吨/年催化裂化装置
50.1,ST010193,<p>℃</p>,2025-12-14 08:00:00,10%蒸发温度,延炼200万吨/年催化裂化装置
85.9,ST010193,<p>℃</p>,2025-12-14 08:00:00,50%蒸发温度,延炼200万吨/年催化裂化装置
163.8,ST010193,<p>℃</p>,2025-12-14 08:00:00,90%蒸发温度,延炼200万吨/年催化裂化装置
188.9,ST010193,<p>℃</p>,2025-12-14 08:00:00,终馏点,延炼200万吨/年催化裂化装置
35.9,ST010193,<p>℃</p>,2025-12-15 08:00:00,初馏点,延炼200万吨/年催化裂化装置
50.0,ST010193,<p>℃</p>,2025-12-15 08:00:00,10%蒸发温度,延炼200万吨/年催化裂化装置
86.2,ST010193,<p>℃</p>,2025-12-15 08:00:00,50%蒸发温度,延炼200万吨/年催化裂化装置
163.8,ST010193,<p>℃</p>,2025-12-15 08:00:00,90%蒸发温度,延炼200万吨/年催化裂化装置
188.7,ST010193,<p>℃</p>,2025-12-15 08:00:00,终馏点,延炼200万吨/年催化裂化装置
36.0,ST010193,<p>℃</p>,2025-12-16 08:00:00,初馏点,延炼200万吨/年催化裂化装置
50.0,ST010193,<p>℃</p>,2025-12-16 08:00:00,10%蒸发温度,延炼200万吨/年催化裂化装置
85.8,ST010193,<p>℃</p>,2025-12-16 08:00:00,50%蒸发温度,延炼200万吨/年催化裂化装置
165.7,ST010193,<p>℃</p>,2025-12-16 08:00:00,90%蒸发温度,延炼200万吨/年催化裂化装置
189.1,ST010193,<p>℃</p>,2025-12-16 08:00:00,终馏点,延炼200万吨/年催化裂化装置
32.0,ST010193,<p>℃</p>,2025-12-17 08:00:00,初馏点,延炼200万吨/年催化裂化装置
190.0,ST010193,<p>℃</p>,2025-12-17 08:00:00,终馏点,延炼200万吨/年催化裂化装置
1.0,ST010193,体积分数 %,2025-12-17 08:00:00,残馏量,延炼200万吨/年催化裂化装置
0.8,ST010193,体积分数 %,2025-12-17 08:00:00,校正损失,延炼200万吨/年催化裂化装置
98.2,ST010193,体积分数 %,2025-12-17 08:00:00,全馏量,延炼200万吨/年催化裂化装置
48.0,ST010193,<p>℃</p>,2025-12-17 08:00:00,10%蒸发温度,延炼200万吨/年催化裂化装置
88.0,ST010193,<p>℃</p>,2025-12-17 08:00:00,50%蒸发温度,延炼200万吨/年催化裂化装置
161.0,ST010193,<p>℃</p>,2025-12-17 08:00:00,90%蒸发温度,延炼200万吨/年催化裂化装置
15.8,ST010193,体积分数 %,2025-12-18 08:00:00,芳烃含量,延炼200万吨/年催化裂化装置
28.6,ST010193,体积分数 %,2025-12-18 08:00:00,烯烃含量,延炼200万吨/年催化裂化装置
89.2,ST010193,,2025-12-18 08:00:00,研究法辛烷值(RON),延炼200万吨/年催化裂化装置
68.6,ST010193,<p>kPa</p>,2025-12-18 08:00:00,蒸气压（11月1日-4月30日）,延炼200万吨/年催化裂化装置
34.6,ST010193,<p>℃</p>,2025-12-18 08:00:00,初馏点,延炼200万吨/年催化裂化装置
49.6,ST010193,<p>℃</p>,2025-12-18 08:00:00,10%蒸发温度,延炼200万吨/年催化裂化装置
86.4,ST010193,<p>℃</p>,2025-12-18 08:00:00,50%蒸发温度,延炼200万吨/年催化裂化装置
167.9,ST010193,<p>℃</p>,2025-12-18 08:00:00,90%蒸发温度,延炼200万吨/年催化裂化装置
190.2,ST010193,<p>℃</p>,2025-12-18 08:00:00,终馏点,延炼200万吨/年催化裂化装置
88.5,ST010193,mg/kg,2025-12-18 08:00:00,硫含量,延炼200万吨/年催化裂化装置
明水,ST010193,,2025-12-18 08:00:00,水含量,延炼200万吨/年催化裂化装置
1.1,ST010193,<p>mg/kg</p>,2025-12-18 08:00:00,氯含量,延炼200万吨/年催化裂化装置
明水,ST010193,,2025-12-18 08:00:00,水含量,延炼200万吨/年催化裂化装置
6.2,ST010193,<p>mg/kg</p>,2025-12-18 08:00:00,氯含量,延炼200万吨/年催化裂化装置
35.7,ST010193,<p>℃</p>,2025-12-19 08:00:00,初馏点,延炼200万吨/年催化裂化装置
50.2,ST010193,<p>℃</p>,2025-12-19 08:00:00,10%蒸发温度,延炼200万吨/年催化裂化装置
86.9,ST010193,<p>℃</p>,2025-12-19 08:00:00,50%蒸发温度,延炼200万吨/年催化裂化装置
164.4,ST010193,<p>℃</p>,2025-12-19 08:00:00,90%蒸发温度,延炼200万吨/年催化裂化装置
188.6,ST010193,<p>℃</p>,2025-12-19 08:00:00,终馏点,延炼200万吨/年催化裂化装置
36.5,ST010193,<p>℃</p>,2025-12-20 08:00:00,初馏点,延炼200万吨/年催化裂化装置
50.2,ST010193,<p>℃</p>,2025-12-20 08:00:00,10%蒸发温度,延炼200万吨/年催化裂化装置
86.2,ST010193,<p>℃</p>,2025-12-20 08:00:00,50%蒸发温度,延炼200万吨/年催化裂化装置
164.5,ST010193,<p>℃</p>,2025-12-20 08:00:00,90%蒸发温度,延炼200万吨/年催化裂化装置
189.0,ST010193,<p>℃</p>,2025-12-20 08:00:00,终馏点,延炼200万吨/年催化裂化装置
35.4,ST010193,<p>℃</p>,2025-12-21 08:00:00,初馏点,延炼200万吨/年催化裂化装置
49.8,ST010193,<p>℃</p>,2025-12-21 08:00:00,10%蒸发温度,延炼200万吨/年催化裂化装置
86.3,ST010193,<p>℃</p>,2025-12-21 08:00:00,50%蒸发温度,延炼200万吨/年催化裂化装置
164.8,ST010193,<p>℃</p>,2025-12-21 08:00:00,90%蒸发温度,延炼200万吨/年催化裂化装置
189.1,ST010193,<p>℃</p>,2025-12-21 08:00:00,终馏点,延炼200万吨/年催化裂化装置
33.3,ST010193,<p>℃</p>,2025-12-22 08:00:00,初馏点,延炼200万吨/年催化裂化装置
48.7,ST010193,<p>℃</p>,2025-12-22 08:00:00,10%蒸发温度,延炼200万吨/年催化裂化装置
86.2,ST010193,<p>℃</p>,2025-12-22 08:00:00,50%蒸发温度,延炼200万吨/年催化裂化装置
164.3,ST010193,<p>℃</p>,2025-12-22 08:00:00,90%蒸发温度,延炼200万吨/年催化裂化装置
189.1,ST010193,<p>℃</p>,2025-12-22 08:00:00,终馏点,延炼200万吨/年催化裂化装置
35.2,ST010193,<p>℃</p>,2025-12-23 08:00:00,初馏点,延炼200万吨/年催化裂化装置
49.9,ST010193,<p>℃</p>,2025-12-23 08:00:00,10%蒸发温度,延炼200万吨/年催化裂化装置
86.5,ST010193,<p>℃</p>,2025-12-23 08:00:00,50%蒸发温度,延炼200万吨/年催化裂化装置
165.1,ST010193,<p>℃</p>,2025-12-23 08:00:00,90%蒸发温度,延炼200万吨/年催化裂化装置
189.3,ST010193,<p>℃</p>,2025-12-23 08:00:00,终馏点,延炼200万吨/年催化裂化装置
35.3,ST010193,<p>℃</p>,2025-12-24 08:00:00,初馏点,延炼200万吨/年催化裂化装置
50.1,ST010193,<p>℃</p>,2025-12-24 08:00:00,10%蒸发温度,延炼200万吨/年催化裂化装置
88.1,ST010193,<p>℃</p>,2025-12-24 08:00:00,50%蒸发温度,延炼200万吨/年催化裂化装置
167.4,ST010193,<p>℃</p>,2025-12-24 08:00:00,90%蒸发温度,延炼200万吨/年催化裂化装置
189.5,ST010193,<p>℃</p>,2025-12-24 08:00:00,终馏点,延炼200万吨/年催化裂化装置
92.0,ST010193,mg/kg,2025-12-25 08:00:00,硫含量,延炼200万吨/年催化裂化装置
51.0,ST010193,<p>℃</p>,2025-12-25 08:00:00,10%蒸发温度,延炼200万吨/年催化裂化装置
87.0,ST010193,<p>℃</p>,2025-12-25 08:00:00,50%蒸发温度,延炼200万吨/年催化裂化装置
166.6,ST010193,<p>℃</p>,2025-12-25 08:00:00,90%蒸发温度,延炼200万吨/年催化裂化装置
189.7,ST010193,<p>℃</p>,2025-12-25 08:00:00,终馏点,延炼200万吨/年催化裂化装置
36.7,ST010193,<p>℃</p>,2025-12-25 08:00:00,初馏点,延炼200万吨/年催化裂化装置
71.0,ST010193,<p>kPa</p>,2025-12-25 08:00:00,蒸气压（11月1日-4月30日）,延炼200万吨/年催化裂化装置
16.0,ST010193,体积分数 %,2025-12-25 08:00:00,芳烃含量,延炼200万吨/年催化裂化装置
30.6,ST010193,体积分数 %,2025-12-25 08:00:00,烯烃含量,延炼200万吨/年催化裂化装置
89.0,ST010193,,2025-12-25 08:00:00,研究法辛烷值(RON),延炼200万吨/年催化裂化装置
2.2,ST010193,<p>mg/kg</p>,2025-12-25 08:00:00,氯含量,延炼200万吨/年催化裂化装置
明水,ST010193,,2025-12-25 08:00:00,水含量,延炼200万吨/年催化裂化装置
明水,ST010193,,2025-12-25 08:00:00,水含量,延炼200万吨/年催化裂化装置
9.7,ST010193,<p>mg/kg</p>,2025-12-25 08:00:00,氯含量,延炼200万吨/年催化裂化装置
35.7,ST010193,<p>℃</p>,2025-12-26 08:00:00,初馏点,延炼200万吨/年催化裂化装置
50.4,ST010193,<p>℃</p>,2025-12-26 08:00:00,10%蒸发温度,延炼200万吨/年催化裂化装置
87.2,ST010193,<p>℃</p>,2025-12-26 08:00:00,50%蒸发温度,延炼200万吨/年催化裂化装置
167.1,ST010193,<p>℃</p>,2025-12-26 08:00:00,90%蒸发温度,延炼200万吨/年催化裂化装置
189.5,ST010193,<p>℃</p>,2025-12-26 08:00:00,终馏点,延炼200万吨/年催化裂化装置
36.4,ST010193,<p>℃</p>,2025-12-27 08:00:00,初馏点,延炼200万吨/年催化裂化装置
50.5,ST010193,<p>℃</p>,2025-12-27 08:00:00,10%蒸发温度,延炼200万吨/年催化裂化装置
86.9,ST010193,<p>℃</p>,2025-12-27 08:00:00,50%蒸发温度,延炼200万吨/年催化裂化装置
164.6,ST010193,<p>℃</p>,2025-12-27 08:00:00,90%蒸发温度,延炼200万吨/年催化裂化装置
189.2,ST010193,<p>℃</p>,2025-12-27 08:00:00,终馏点,延炼200万吨/年催化裂化装置
35.6,ST010193,<p>℃</p>,2025-12-28 08:00:00,初馏点,延炼200万吨/年催化裂化装置
50.0,ST010193,<p>℃</p>,2025-12-28 08:00:00,10%蒸发温度,延炼200万吨/年催化裂化装置
87.0,ST010193,<p>℃</p>,2025-12-28 08:00:00,50%蒸发温度,延炼200万吨/年催化裂化装置
166.4,ST010193,<p>℃</p>,2025-12-28 08:00:00,90%蒸发温度,延炼200万吨/年催化裂化装置
189.2,ST010193,<p>℃</p>,2025-12-28 08:00:00,终馏点,延炼200万吨/年催化裂化装置
36.1,ST010193,<p>℃</p>,2025-12-29 08:00:00,初馏点,延炼200万吨/年催化裂化装置
50.2,ST010193,<p>℃</p>,2025-12-29 08:00:00,10%蒸发温度,延炼200万吨/年催化裂化装置
86.7,ST010193,<p>℃</p>,2025-12-29 08:00:00,50%蒸发温度,延炼200万吨/年催化裂化装置
165.3,ST010193,<p>℃</p>,2025-12-29 08:00:00,90%蒸发温度,延炼200万吨/年催化裂化装置
189.3,ST010193,<p>℃</p>,2025-12-29 08:00:00,终馏点,延炼200万吨/年催化裂化装置
35.7,ST010193,<p>℃</p>,2025-12-30 08:00:00,初馏点,延炼200万吨/年催化裂化装置
50.0,ST010193,<p>℃</p>,2025-12-30 08:00:00,10%蒸发温度,延炼200万吨/年催化裂化装置
86.5,ST010193,<p>℃</p>,2025-12-30 08:00:00,50%蒸发温度,延炼200万吨/年催化裂化装置
164.5,ST010193,<p>℃</p>,2025-12-30 08:00:00,90%蒸发温度,延炼200万吨/年催化裂化装置
188.8,ST010193,<p>℃</p>,2025-12-30 08:00:00,终馏点,延炼200万吨/年催化裂化装置
35.6,ST010193,<p>℃</p>,2025-12-31 08:00:00,初馏点,延炼200万吨/年催化裂化装置
49.9,ST010193,<p>℃</p>,2025-12-31 08:00:00,10%蒸发温度,延炼200万吨/年催化裂化装置
86.6,ST010193,<p>℃</p>,2025-12-31 08:00:00,50%蒸发温度,延炼200万吨/年催化裂化装置
164.4,ST010193,<p>℃</p>,2025-12-31 08:00:00,90%蒸发温度,延炼200万吨/年催化裂化装置
188.8,ST010193,<p>℃</p>,2025-12-31 08:00:00,终馏点,延炼200万吨/年催化裂化装置
89.7,ST010193,,2026-01-01 08:00:00,研究法辛烷值(RON),延炼200万吨/年催化裂化装置
15.6,ST010193,体积分数 %,2026-01-01 08:00:00,芳烃含量,延炼200万吨/年催化裂化装置
28.8,ST010193,体积分数 %,2026-01-01 08:00:00,烯烃含量,延炼200万吨/年催化裂化装置
90.4,ST010193,mg/kg,2026-01-01 08:00:00,硫含量,延炼200万吨/年催化裂化装置
68.4,ST010193,<p>kPa</p>,2026-01-01 08:00:00,蒸气压（11月1日-4月30日）,延炼200万吨/年催化裂化装置
717.0,ST010193,<p>kg/m<sup>3</sup></p>,2026-01-01 08:00:00,密度(20℃),延炼200万吨/年催化裂化装置
36.3,ST010193,<p>℃</p>,2026-01-01 08:00:00,初馏点,延炼200万吨/年催化裂化装置
50.4,ST010193,<p>℃</p>,2026-01-01 08:00:00,10%蒸发温度,延炼200万吨/年催化裂化装置
87.3,ST010193,<p>℃</p>,2026-01-01 08:00:00,50%蒸发温度,延炼200万吨/年催化裂化装置
167.1,ST010193,<p>℃</p>,2026-01-01 08:00:00,90%蒸发温度,延炼200万吨/年催化裂化装置
189.6,ST010193,<p>℃</p>,2026-01-01 08:00:00,终馏点,延炼200万吨/年催化裂化装置
0.9,ST010193,<p>mg/kg</p>,2026-01-01 08:00:00,氯含量,延炼200万吨/年催化裂化装置
明水,ST010193,,2026-01-01 08:00:00,水含量,延炼200万吨/年催化裂化装置
19.0,ST010193,<p>mg/kg</p>,2026-01-01 08:00:00,氯含量,延炼200万吨/年催化裂化装置
明水,ST010193,,2026-01-01 08:00:00,水含量,延炼200万吨/年催化裂化装置
35.2,ST010193,<p>℃</p>,2026-01-02 08:00:00,初馏点,延炼200万吨/年催化裂化装置
49.8,ST010193,<p>℃</p>,2026-01-02 08:00:00,10%蒸发温度,延炼200万吨/年催化裂化装置
86.9,ST010193,<p>℃</p>,2026-01-02 08:00:00,50%蒸发温度,延炼200万吨/年催化裂化装置
165.0,ST010193,<p>℃</p>,2026-01-02 08:00:00,90%蒸发温度,延炼200万吨/年催化裂化装置
189.2,ST010193,<p>℃</p>,2026-01-02 08:00:00,终馏点,延炼200万吨/年催化裂化装置
36.0,ST010193,<p>℃</p>,2026-01-03 08:00:00,初馏点,延炼200万吨/年催化裂化装置
50.3,ST010193,<p>℃</p>,2026-01-03 08:00:00,10%蒸发温度,延炼200万吨/年催化裂化装置
87.2,ST010193,<p>℃</p>,2026-01-03 08:00:00,50%蒸发温度,延炼200万吨/年催化裂化装置
166.2,ST010193,<p>℃</p>,2026-01-03 08:00:00,90%蒸发温度,延炼200万吨/年催化裂化装置
189.1,ST010193,<p>℃</p>,2026-01-03 08:00:00,终馏点,延炼200万吨/年催化裂化装置
35.6,ST010193,<p>℃</p>,2026-01-04 08:00:00,初馏点,延炼200万吨/年催化裂化装置
50.2,ST010193,<p>℃</p>,2026-01-04 08:00:00,10%蒸发温度,延炼200万吨/年催化裂化装置
87.3,ST010193,<p>℃</p>,2026-01-04 08:00:00,50%蒸发温度,延炼200万吨/年催化裂化装置
166.6,ST010193,<p>℃</p>,2026-01-04 08:00:00,90%蒸发温度,延炼200万吨/年催化裂化装置
189.4,ST010193,<p>℃</p>,2026-01-04 08:00:00,终馏点,延炼200万吨/年催化裂化装置
50.8,ST010193,<p>℃</p>,2026-01-05 08:00:00,10%蒸发温度,延炼200万吨/年催化裂化装置
87.7,ST010193,<p>℃</p>,2026-01-05 08:00:00,50%蒸发温度,延炼200万吨/年催化裂化装置
167.1,ST010193,<p>℃</p>,2026-01-05 08:00:00,90%蒸发温度,延炼200万吨/年催化裂化装置
189.9,ST010193,<p>℃</p>,2026-01-05 08:00:00,终馏点,延炼200万吨/年催化裂化装置
36.6,ST010193,<p>℃</p>,2026-01-05 08:00:00,初馏点,延炼200万吨/年催化裂化装置
33.2,ST010193,<p>℃</p>,2026-01-06 08:00:00,初馏点,延炼200万吨/年催化裂化装置
48.6,ST010193,<p>℃</p>,2026-01-06 08:00:00,10%蒸发温度,延炼200万吨/年催化裂化装置
87.0,ST010193,<p>℃</p>,2026-01-06 08:00:00,50%蒸发温度,延炼200万吨/年催化裂化装置
164.5,ST010193,<p>℃</p>,2026-01-06 08:00:00,90%蒸发温度,延炼200万吨/年催化裂化装置
189.3,ST010193,<p>℃</p>,2026-01-06 08:00:00,终馏点,延炼200万吨/年催化裂化装置
190.0,ST010193,<p>℃</p>,2026-01-07 08:00:00,终馏点,延炼200万吨/年催化裂化装置
1.0,ST010193,体积分数 %,2026-01-07 08:00:00,残馏量,延炼200万吨/年催化裂化装置
0.8,ST010193,体积分数 %,2026-01-07 08:00:00,校正损失,延炼200万吨/年催化裂化装置
98.2,ST010193,体积分数 %,2026-01-07 08:00:00,全馏量,延炼200万吨/年催化裂化装置
44.5,ST010193,<p>℃</p>,2026-01-07 08:00:00,10%蒸发温度,延炼200万吨/年催化裂化装置
89.0,ST010193,<p>℃</p>,2026-01-07 08:00:00,50%蒸发温度,延炼200万吨/年催化裂化装置
162.0,ST010193,<p>℃</p>,2026-01-07 08:00:00,90%蒸发温度,延炼200万吨/年催化裂化装置
29.5,ST010193,<p>℃</p>,2026-01-07 08:00:00,初馏点,延炼200万吨/年催化裂化装置
33.2,ST010193,<p>℃</p>,2026-01-08 08:00:00,初馏点,延炼200万吨/年催化裂化装置
49.6,ST010193,<p>℃</p>,2026-01-08 08:00:00,10%蒸发温度,延炼200万吨/年催化裂化装置
87.2,ST010193,<p>℃</p>,2026-01-08 08:00:00,50%蒸发温度,延炼200万吨/年催化裂化装置
165.1,ST010193,<p>℃</p>,2026-01-08 08:00:00,90%蒸发温度,延炼200万吨/年催化裂化装置
188.9,ST010193,<p>℃</p>,2026-01-08 08:00:00,终馏点,延炼200万吨/年催化裂化装置
15.5,ST010193,体积分数 %,2026-01-08 08:00:00,芳烃含量,延炼200万吨/年催化裂化装置
29.8,ST010193,体积分数 %,2026-01-08 08:00:00,烯烃含量,延炼200万吨/年催化裂化装置
89.4,ST010193,,2026-01-08 08:00:00,研究法辛烷值(RON),延炼200万吨/年催化裂化装置
70.6,ST010193,<p>kPa</p>,2026-01-08 08:00:00,蒸气压（11月1日-4月30日）,延炼200万吨/年催化裂化装置
76.1,ST010193,mg/kg,2026-01-08 08:00:00,硫含量,延炼200万吨/年催化裂化装置
0.9,ST010193,<p>mg/kg</p>,2026-01-08 08:00:00,氯含量,延炼200万吨/年催化裂化装置
明水,ST010193,,2026-01-08 08:00:00,水含量,延炼200万吨/年催化裂化装置
14.8,ST010193,<p>mg/kg</p>,2026-01-08 08:00:00,氯含量,延炼200万吨/年催化裂化装置
明水,ST010193,,2026-01-08 08:00:00,水含量,延炼200万吨/年催化裂化装置
33.0,ST010193,<p>℃</p>,2026-01-09 08:00:00,初馏点,延炼200万吨/年催化裂化装置
48.5,ST010193,<p>℃</p>,2026-01-09 08:00:00,10%蒸发温度,延炼200万吨/年催化裂化装置
87.3,ST010193,<p>℃</p>,2026-01-09 08:00:00,50%蒸发温度,延炼200万吨/年催化裂化装置
166.9,ST010193,<p>℃</p>,2026-01-09 08:00:00,90%蒸发温度,延炼200万吨/年催化裂化装置
189.7,ST010193,<p>℃</p>,2026-01-09 08:00:00,终馏点,延炼200万吨/年催化裂化装置
35.9,ST010193,<p>℃</p>,2026-01-10 08:00:00,初馏点,延炼200万吨/年催化裂化装置
50.3,ST010193,<p>℃</p>,2026-01-10 08:00:00,10%蒸发温度,延炼200万吨/年催化裂化装置
88.2,ST010193,<p>℃</p>,2026-01-10 08:00:00,50%蒸发温度,延炼200万吨/年催化裂化装置
167.1,ST010193,<p>℃</p>,2026-01-10 08:00:00,90%蒸发温度,延炼200万吨/年催化裂化装置
189.6,ST010193,<p>℃</p>,2026-01-10 08:00:00,终馏点,延炼200万吨/年催化裂化装置
33.2,ST010193,<p>℃</p>,2026-01-11 08:00:00,初馏点,延炼200万吨/年催化裂化装置
49.0,ST010193,<p>℃</p>,2026-01-11 08:00:00,10%蒸发温度,延炼200万吨/年催化裂化装置
88.8,ST010193,<p>℃</p>,2026-01-11 08:00:00,50%蒸发温度,延炼200万吨/年催化裂化装置
167.4,ST010193,<p>℃</p>,2026-01-11 08:00:00,90%蒸发温度,延炼200万吨/年催化裂化装置
189.5,ST010193,<p>℃</p>,2026-01-11 08:00:00,终馏点,延炼200万吨/年催化裂化装置
33.2,ST010193,<p>℃</p>,2026-01-12 08:00:00,初馏点,延炼200万吨/年催化裂化装置
48.9,ST010193,<p>℃</p>,2026-01-12 08:00:00,10%蒸发温度,延炼200万吨/年催化裂化装置
87.6,ST010193,<p>℃</p>,2026-01-12 08:00:00,50%蒸发温度,延炼200万吨/年催化裂化装置
166.3,ST010193,<p>℃</p>,2026-01-12 08:00:00,90%蒸发温度,延炼200万吨/年催化裂化装置
189.2,ST010193,<p>℃</p>,2026-01-12 08:00:00,终馏点,延炼200万吨/年催化裂化装置
35.2,ST010193,<p>℃</p>,2026-01-13 08:00:00,初馏点,延炼200万吨/年催化裂化装置
50.1,ST010193,<p>℃</p>,2026-01-13 08:00:00,10%蒸发温度,延炼200万吨/年催化裂化装置
88.6,ST010193,<p>℃</p>,2026-01-13 08:00:00,50%蒸发温度,延炼200万吨/年催化裂化装置
166.8,ST010193,<p>℃</p>,2026-01-13 08:00:00,90%蒸发温度,延炼200万吨/年催化裂化装置
189.1,ST010193,<p>℃</p>,2026-01-13 08:00:00,终馏点,延炼200万吨/年催化裂化装置
34.6,ST010193,<p>℃</p>,2026-01-14 08:00:00,初馏点,延炼200万吨/年催化裂化装置
49.7,ST010193,<p>℃</p>,2026-01-14 08:00:00,10%蒸发温度,延炼200万吨/年催化裂化装置
87.8,ST010193,<p>℃</p>,2026-01-14 08:00:00,50%蒸发温度,延炼200万吨/年催化裂化装置
165.1,ST010193,<p>℃</p>,2026-01-14 08:00:00,90%蒸发温度,延炼200万吨/年催化裂化装置
188.8,ST010193,<p>℃</p>,2026-01-14 08:00:00,终馏点,延炼200万吨/年催化裂化装置
17.3,ST010193,体积分数 %,2026-01-15 08:00:00,芳烃含量,延炼200万吨/年催化裂化装置
32.0,ST010193,体积分数 %,2026-01-15 08:00:00,烯烃含量,延炼200万吨/年催化裂化装置
90.0,ST010193,,2026-01-15 08:00:00,研究法辛烷值(RON),延炼200万吨/年催化裂化装置
77.7,ST010193,<p>kPa</p>,2026-01-15 08:00:00,蒸气压（11月1日-4月30日）,延炼200万吨/年催化裂化装置
80.7,ST010193,mg/kg,2026-01-15 08:00:00,硫含量,延炼200万吨/年催化裂化装置
32.0,ST010193,<p>℃</p>,2026-01-15 08:00:00,初馏点,延炼200万吨/年催化裂化装置
47.3,ST010193,<p>℃</p>,2026-01-15 08:00:00,10%蒸发温度,延炼200万吨/年催化裂化装置
87.3,ST010193,<p>℃</p>,2026-01-15 08:00:00,50%蒸发温度,延炼200万吨/年催化裂化装置
168.3,ST010193,<p>℃</p>,2026-01-15 08:00:00,90%蒸发温度,延炼200万吨/年催化裂化装置
190.4,ST010193,<p>℃</p>,2026-01-15 08:00:00,终馏点,延炼200万吨/年催化裂化装置
11.2,ST010193,<p>mg/kg</p>,2026-01-15 08:00:00,氯含量,延炼200万吨/年催化裂化装置
明水,ST010193,,2026-01-15 08:00:00,水含量,延炼200万吨/年催化裂化装置
0.6,ST010193,<p>mg/kg</p>,2026-01-15 08:00:00,氯含量,延炼200万吨/年催化裂化装置
明水,ST010193,,2026-01-15 08:00:00,水含量,延炼200万吨/年催化裂化装置
32.1,ST010193,<p>℃</p>,2026-01-16 08:00:00,初馏点,延炼200万吨/年催化裂化装置
47.3,ST010193,<p>℃</p>,2026-01-16 08:00:00,10%蒸发温度,延炼200万吨/年催化裂化装置
86.7,ST010193,<p>℃</p>,2026-01-16 08:00:00,50%蒸发温度,延炼200万吨/年催化裂化装置
167.2,ST010193,<p>℃</p>,2026-01-16 08:00:00,90%蒸发温度,延炼200万吨/年催化裂化装置
189.8,ST010193,<p>℃</p>,2026-01-16 08:00:00,终馏点,延炼200万吨/年催化裂化装置
32.5,ST010193,<p>℃</p>,2026-01-17 08:00:00,初馏点,延炼200万吨/年催化裂化装置
48.0,ST010193,<p>℃</p>,2026-01-17 08:00:00,10%蒸发温度,延炼200万吨/年催化裂化装置
87.1,ST010193,<p>℃</p>,2026-01-17 08:00:00,50%蒸发温度,延炼200万吨/年催化裂化装置
164.7,ST010193,<p>℃</p>,2026-01-17 08:00:00,90%蒸发温度,延炼200万吨/年催化裂化装置
189.4,ST010193,<p>℃</p>,2026-01-17 08:00:00,终馏点,延炼200万吨/年催化裂化装置
32.5,ST010193,<p>℃</p>,2026-01-18 08:00:00,初馏点,延炼200万吨/年催化裂化装置
48.1,ST010193,<p>℃</p>,2026-01-18 08:00:00,10%蒸发温度,延炼200万吨/年催化裂化装置
88.1,ST010193,<p>℃</p>,2026-01-18 08:00:00,50%蒸发温度,延炼200万吨/年催化裂化装置
166.4,ST010193,<p>℃</p>,2026-01-18 08:00:00,90%蒸发温度,延炼200万吨/年催化裂化装置
188.9,ST010193,<p>℃</p>,2026-01-18 08:00:00,终馏点,延炼200万吨/年催化裂化装置
29.5,ST010193,<p>℃</p>,2026-01-19 08:00:00,初馏点,延炼200万吨/年催化裂化装置
190.0,ST010193,<p>℃</p>,2026-01-19 08:00:00,终馏点,延炼200万吨/年催化裂化装置
1.0,ST010193,体积分数 %,2026-01-19 08:00:00,残馏量,延炼200万吨/年催化裂化装置
0.8,ST010193,体积分数 %,2026-01-19 08:00:00,校正损失,延炼200万吨/年催化裂化装置
98.2,ST010193,体积分数 %,2026-01-19 08:00:00,全馏量,延炼200万吨/年催化裂化装置
45.0,ST010193,<p>℃</p>,2026-01-19 08:00:00,10%蒸发温度,延炼200万吨/年催化裂化装置
90.0,ST010193,<p>℃</p>,2026-01-19 08:00:00,50%蒸发温度,延炼200万吨/年催化裂化装置
163.0,ST010193,<p>℃</p>,2026-01-19 08:00:00,90%蒸发温度,延炼200万吨/年催化裂化装置
32.0,ST010193,<p>℃</p>,2026-01-20 08:00:00,初馏点,延炼200万吨/年催化裂化装置
47.6,ST010193,<p>℃</p>,2026-01-20 08:00:00,10%蒸发温度,延炼200万吨/年催化裂化装置
87.4,ST010193,<p>℃</p>,2026-01-20 08:00:00,50%蒸发温度,延炼200万吨/年催化裂化装置
166.4,ST010193,<p>℃</p>,2026-01-20 08:00:00,90%蒸发温度,延炼200万吨/年催化裂化装置
189.8,ST010193,<p>℃</p>,2026-01-20 08:00:00,终馏点,延炼200万吨/年催化裂化装置
190.2,ST010193,<p>℃</p>,2026-01-21 08:00:00,终馏点,延炼200万吨/年催化裂化装置
32.7,ST010193,<p>℃</p>,2026-01-21 08:00:00,初馏点,延炼200万吨/年催化裂化装置
48.4,ST010193,<p>℃</p>,2026-01-21 08:00:00,10%蒸发温度,延炼200万吨/年催化裂化装置
87.7,ST010193,<p>℃</p>,2026-01-21 08:00:00,50%蒸发温度,延炼200万吨/年催化裂化装置
167.4,ST010193,<p>℃</p>,2026-01-21 08:00:00,90%蒸发温度,延炼200万吨/年催化裂化装置
74.3,ST010193,<p>kPa</p>,2026-01-22 08:00:00,蒸气压（11月1日-4月30日）,延炼200万吨/年催化裂化装置
32.6,ST010193,<p>℃</p>,2026-01-22 08:00:00,初馏点,延炼200万吨/年催化裂化装置
48.4,ST010193,<p>℃</p>,2026-01-22 08:00:00,10%蒸发温度,延炼200万吨/年催化裂化装置
89.5,ST010193,<p>℃</p>,2026-01-22 08:00:00,50%蒸发温度,延炼200万吨/年催化裂化装置
169.2,ST010193,<p>℃</p>,2026-01-22 08:00:00,90%蒸发温度,延炼200万吨/年催化裂化装置
190.5,ST010193,<p>℃</p>,2026-01-22 08:00:00,终馏点,延炼200万吨/年催化裂化装置
89.6,ST010193,,2026-01-22 08:00:00,研究法辛烷值(RON),延炼200万吨/年催化裂化装置
15.2,ST010193,体积分数 %,2026-01-22 08:00:00,芳烃含量,延炼200万吨/年催化裂化装置
33.5,ST010193,体积分数 %,2026-01-22 08:00:00,烯烃含量,延炼200万吨/年催化裂化装置
82.7,ST010193,mg/kg,2026-01-22 08:00:00,硫含量,延炼200万吨/年催化裂化装置
1.2,ST010193,<p>mg/kg</p>,2026-01-22 08:00:00,氯含量,延炼200万吨/年催化裂化装置
明水,ST010193,,2026-01-22 08:00:00,水含量,延炼200万吨/年催化裂化装置
18.6,ST010193,<p>mg/kg</p>,2026-01-22 08:00:00,氯含量,延炼200万吨/年催化裂化装置
明水,ST010193,,2026-01-22 08:00:00,水含量,延炼200万吨/年催化裂化装置
32.7,ST010193,<p>℃</p>,2026-01-23 08:00:00,初馏点,延炼200万吨/年催化裂化装置
48.4,ST010193,<p>℃</p>,2026-01-23 08:00:00,10%蒸发温度,延炼200万吨/年催化裂化装置
87.6,ST010193,<p>℃</p>,2026-01-23 08:00:00,50%蒸发温度,延炼200万吨/年催化裂化装置
163.4,ST010193,<p>℃</p>,2026-01-23 08:00:00,90%蒸发温度,延炼200万吨/年催化裂化装置
187.2,ST010193,<p>℃</p>,2026-01-23 08:00:00,终馏点,延炼200万吨/年催化裂化装置
35.9,ST010193,<p>℃</p>,2026-01-24 08:00:00,初馏点,延炼200万吨/年催化裂化装置
52.4,ST010193,<p>℃</p>,2026-01-24 08:00:00,10%蒸发温度,延炼200万吨/年催化裂化装置
102.9,ST010193,<p>℃</p>,2026-01-24 08:00:00,50%蒸发温度,延炼200万吨/年催化裂化装置
174.5,ST010193,<p>℃</p>,2026-01-24 08:00:00,90%蒸发温度,延炼200万吨/年催化裂化装置
194.4,ST010193,<p>℃</p>,2026-01-24 08:00:00,终馏点,延炼200万吨/年催化裂化装置
32.8,ST010193,<p>℃</p>,2026-01-25 08:00:00,初馏点,延炼200万吨/年催化裂化装置
48.8,ST010193,<p>℃</p>,2026-01-25 08:00:00,10%蒸发温度,延炼200万吨/年催化裂化装置
89.0,ST010193,<p>℃</p>,2026-01-25 08:00:00,50%蒸发温度,延炼200万吨/年催化裂化装置
166.6,ST010193,<p>℃</p>,2026-01-25 08:00:00,90%蒸发温度,延炼200万吨/年催化裂化装置
188.8,ST010193,<p>℃</p>,2026-01-25 08:00:00,终馏点,延炼200万吨/年催化裂化装置
33.1,ST010193,<p>℃</p>,2026-01-26 08:00:00,初馏点,延炼200万吨/年催化裂化装置
48.9,ST010193,<p>℃</p>,2026-01-26 08:00:00,10%蒸发温度,延炼200万吨/年催化裂化装置
88.7,ST010193,<p>℃</p>,2026-01-26 08:00:00,50%蒸发温度,延炼200万吨/年催化裂化装置
168.1,ST010193,<p>℃</p>,2026-01-26 08:00:00,90%蒸发温度,延炼200万吨/年催化裂化装置
190.1,ST010193,<p>℃</p>,2026-01-26 08:00:00,终馏点,延炼200万吨/年催化裂化装置
15.6,ST010193,体积分数 %,2026-01-26 08:00:00,芳烃含量,延炼200万吨/年催化裂化装置
33.4,ST010193,体积分数 %,2026-01-26 08:00:00,烯烃含量,延炼200万吨/年催化裂化装置
33.1,ST010193,<p>℃</p>,2026-01-27 08:00:00,初馏点,延炼200万吨/年催化裂化装置
48.9,ST010193,<p>℃</p>,2026-01-27 08:00:00,10%蒸发温度,延炼200万吨/年催化裂化装置
89.2,ST010193,<p>℃</p>,2026-01-27 08:00:00,50%蒸发温度,延炼200万吨/年催化裂化装置
166.6,ST010193,<p>℃</p>,2026-01-27 08:00:00,90%蒸发温度,延炼200万吨/年催化裂化装置
189.1,ST010193,<p>℃</p>,2026-01-27 08:00:00,终馏点,延炼200万吨/年催化裂化装置
33.2,ST010193,<p>℃</p>,2026-01-28 08:00:00,初馏点,延炼200万吨/年催化裂化装置
49.0,ST010193,<p>℃</p>,2026-01-28 08:00:00,10%蒸发温度,延炼200万吨/年催化裂化装置
89.0,ST010193,<p>℃</p>,2026-01-28 08:00:00,50%蒸发温度,延炼200万吨/年催化裂化装置
166.5,ST010193,<p>℃</p>,2026-01-28 08:00:00,90%蒸发温度,延炼200万吨/年催化裂化装置
189.3,ST010193,<p>℃</p>,2026-01-28 08:00:00,终馏点,延炼200万吨/年催化裂化装置
105,ST010193,mg/kg,2026-01-29 08:00:00,硫含量,延炼200万吨/年催化裂化装置
90.0,ST010193,,2026-01-29 08:00:00,研究法辛烷值(RON),延炼200万吨/年催化裂化装置
32.9,ST010193,<p>℃</p>,2026-01-29 08:00:00,初馏点,延炼200万吨/年催化裂化装置
49.1,ST010193,<p>℃</p>,2026-01-29 08:00:00,10%蒸发温度,延炼200万吨/年催化裂化装置
89.6,ST010193,<p>℃</p>,2026-01-29 08:00:00,50%蒸发温度,延炼200万吨/年催化裂化装置
167.4,ST010193,<p>℃</p>,2026-01-29 08:00:00,90%蒸发温度,延炼200万吨/年催化裂化装置
190.7,ST010193,<p>℃</p>,2026-01-29 08:00:00,终馏点,延炼200万吨/年催化裂化装置
14.7,ST010193,体积分数 %,2026-01-29 08:00:00,芳烃含量,延炼200万吨/年催化裂化装置
32.8,ST010193,体积分数 %,2026-01-29 08:00:00,烯烃含量,延炼200万吨/年催化裂化装置
71.1,ST010193,<p>kPa</p>,2026-01-29 08:00:00,蒸气压（11月1日-4月30日）,延炼200万吨/年催化裂化装置
3.5,ST010193,<p>mg/kg</p>,2026-01-29 08:00:00,氯含量,延炼200万吨/年催化裂化装置
明水,ST010193,,2026-01-29 08:00:00,水含量,延炼200万吨/年催化裂化装置
25.0,ST010193,<p>mg/kg</p>,2026-01-29 08:00:00,氯含量,延炼200万吨/年催化裂化装置
明水,ST010193,,2026-01-29 08:00:00,水含量,延炼200万吨/年催化裂化装置
32.9,ST010193,<p>℃</p>,2026-01-30 08:00:00,初馏点,延炼200万吨/年催化裂化装置
49.1,ST010193,<p>℃</p>,2026-01-30 08:00:00,10%蒸发温度,延炼200万吨/年催化裂化装置
90.2,ST010193,<p>℃</p>,2026-01-30 08:00:00,50%蒸发温度,延炼200万吨/年催化裂化装置
168.4,ST010193,<p>℃</p>,2026-01-30 08:00:00,90%蒸发温度,延炼200万吨/年催化裂化装置
190.3,ST010193,<p>℃</p>,2026-01-30 08:00:00,终馏点,延炼200万吨/年催化裂化装置
35.1,ST010193,<p>℃</p>,2026-01-31 08:00:00,初馏点,延炼200万吨/年催化裂化装置
50.5,ST010193,<p>℃</p>,2026-01-31 08:00:00,10%蒸发温度,延炼200万吨/年催化裂化装置
91.6,ST010193,<p>℃</p>,2026-01-31 08:00:00,50%蒸发温度,延炼200万吨/年催化裂化装置
169.9,ST010193,<p>℃</p>,2026-01-31 08:00:00,90%蒸发温度,延炼200万吨/年催化裂化装置
191.2,ST010193,<p>℃</p>,2026-01-31 08:00:00,终馏点,延炼200万吨/年催化裂化装置
32.8,ST010193,<p>℃</p>,2026-02-01 08:00:00,初馏点,延炼200万吨/年催化裂化装置
48.8,ST010193,<p>℃</p>,2026-02-01 08:00:00,10%蒸发温度,延炼200万吨/年催化裂化装置
89.5,ST010193,<p>℃</p>,2026-02-01 08:00:00,50%蒸发温度,延炼200万吨/年催化裂化装置
167.8,ST010193,<p>℃</p>,2026-02-01 08:00:00,90%蒸发温度,延炼200万吨/年催化裂化装置
189.9,ST010193,<p>℃</p>,2026-02-01 08:00:00,终馏点,延炼200万吨/年催化裂化装置
716.2,ST010193,<p>kg/m<sup>3</sup></p>,2026-02-01 08:00:00,密度(20℃),延炼200万吨/年催化裂化装置
35.5,ST010193,<p>℃</p>,2026-02-02 08:00:00,初馏点,延炼200万吨/年催化裂化装置
50.5,ST010193,<p>℃</p>,2026-02-02 08:00:00,10%蒸发温度,延炼200万吨/年催化裂化装置
89.4,ST010193,<p>℃</p>,2026-02-02 08:00:00,50%蒸发温度,延炼200万吨/年催化裂化装置
166.6,ST010193,<p>℃</p>,2026-02-02 08:00:00,90%蒸发温度,延炼200万吨/年催化裂化装置
189.0,ST010193,<p>℃</p>,2026-02-02 08:00:00,终馏点,延炼200万吨/年催化裂化装置
30.0,ST010193,<p>℃</p>,2026-02-03 08:00:00,初馏点,延炼200万吨/年催化裂化装置
191.5,ST010193,<p>℃</p>,2026-02-03 08:00:00,终馏点,延炼200万吨/年催化裂化装置
0.8,ST010193,体积分数 %,2026-02-03 08:00:00,残馏量,延炼200万吨/年催化裂化装置
0.9,ST010193,体积分数 %,2026-02-03 08:00:00,校正损失,延炼200万吨/年催化裂化装置
98.3,ST010193,体积分数 %,2026-02-03 08:00:00,全馏量,延炼200万吨/年催化裂化装置
43.0,ST010193,<p>℃</p>,2026-02-03 08:00:00,10%蒸发温度,延炼200万吨/年催化裂化装置
90.5,ST010193,<p>℃</p>,2026-02-03 08:00:00,50%蒸发温度,延炼200万吨/年催化裂化装置
163.0,ST010193,<p>℃</p>,2026-02-03 08:00:00,90%蒸发温度,延炼200万吨/年催化裂化装置
36.0,ST010193,<p>℃</p>,2026-02-04 08:00:00,初馏点,延炼200万吨/年催化裂化装置
50.8,ST010193,<p>℃</p>,2026-02-04 08:00:00,10%蒸发温度,延炼200万吨/年催化裂化装置
90.2,ST010193,<p>℃</p>,2026-02-04 08:00:00,50%蒸发温度,延炼200万吨/年催化裂化装置
167.2,ST010193,<p>℃</p>,2026-02-04 08:00:00,90%蒸发温度,延炼200万吨/年催化裂化装置
189.2,ST010193,<p>℃</p>,2026-02-04 08:00:00,终馏点,延炼200万吨/年催化裂化装置
35.8,ST010193,<p>℃</p>,2026-02-05 08:00:00,初馏点,延炼200万吨/年催化裂化装置
50.7,ST010193,<p>℃</p>,2026-02-05 08:00:00,10%蒸发温度,延炼200万吨/年催化裂化装置
92.0,ST010193,<p>℃</p>,2026-02-05 08:00:00,50%蒸发温度,延炼200万吨/年催化裂化装置
167.3,ST010193,<p>℃</p>,2026-02-05 08:00:00,90%蒸发温度,延炼200万吨/年催化裂化装置
188.8,ST010193,<p>℃</p>,2026-02-05 08:00:00,终馏点,延炼200万吨/年催化裂化装置
68.1,ST010193,<p>kPa</p>,2026-02-05 08:00:00,蒸气压（11月1日-4月30日）,延炼200万吨/年催化裂化装置
93.4,ST010193,mg/kg,2026-02-05 08:00:00,硫含量,延炼200万吨/年催化裂化装置
90.1,ST010193,,2026-02-05 08:00:00,研究法辛烷值(RON),延炼200万吨/年催化裂化装置
15.4,ST010193,体积分数 %,2026-02-05 08:00:00,芳烃含量,延炼200万吨/年催化裂化装置
33.4,ST010193,体积分数 %,2026-02-05 08:00:00,烯烃含量,延炼200万吨/年催化裂化装置
明水,ST010193,,2026-02-05 08:00:00,水含量,延炼200万吨/年催化裂化装置
10.4,ST010193,<p>mg/kg</p>,2026-02-05 08:00:00,氯含量,延炼200万吨/年催化裂化装置
1.1,ST010193,<p>mg/kg</p>,2026-02-05 08:00:00,氯含量,延炼200万吨/年催化裂化装置
明水,ST010193,,2026-02-05 08:00:00,水含量,延炼200万吨/年催化裂化装置
38.6,ST010193,<p>℃</p>,2026-02-06 08:00:00,初馏点,延炼200万吨/年催化裂化装置
54.5,ST010193,<p>℃</p>,2026-02-06 08:00:00,10%蒸发温度,延炼200万吨/年催化裂化装置
96.9,ST010193,<p>℃</p>,2026-02-06 08:00:00,50%蒸发温度,延炼200万吨/年催化裂化装置
168.5,ST010193,<p>℃</p>,2026-02-06 08:00:00,90%蒸发温度,延炼200万吨/年催化裂化装置
189.1,ST010193,<p>℃</p>,2026-02-06 08:00:00,终馏点,延炼200万吨/年催化裂化装置
36.8,ST010193,<p>℃</p>,2026-02-07 08:00:00,初馏点,延炼200万吨/年催化裂化装置
51.4,ST010193,<p>℃</p>,2026-02-07 08:00:00,10%蒸发温度,延炼200万吨/年催化裂化装置
92.4,ST010193,<p>℃</p>,2026-02-07 08:00:00,50%蒸发温度,延炼200万吨/年催化裂化装置
169.4,ST010193,<p>℃</p>,2026-02-07 08:00:00,90%蒸发温度,延炼200万吨/年催化裂化装置
190.5,ST010193,<p>℃</p>,2026-02-07 08:00:00,终馏点,延炼200万吨/年催化裂化装置
36.5,ST010193,<p>℃</p>,2026-02-08 08:00:00,初馏点,延炼200万吨/年催化裂化装置
51.5,ST010193,<p>℃</p>,2026-02-08 08:00:00,10%蒸发温度,延炼200万吨/年催化裂化装置
92.7,ST010193,<p>℃</p>,2026-02-08 08:00:00,50%蒸发温度,延炼200万吨/年催化裂化装置
167.5,ST010193,<p>℃</p>,2026-02-08 08:00:00,90%蒸发温度,延炼200万吨/年催化裂化装置
188.4,ST010193,<p>℃</p>,2026-02-08 08:00:00,终馏点,延炼200万吨/年催化裂化装置
35.9,ST010193,<p>℃</p>,2026-02-09 08:00:00,初馏点,延炼200万吨/年催化裂化装置
48.8,ST010193,<p>℃</p>,2026-02-09 08:00:00,10%蒸发温度,延炼200万吨/年催化裂化装置
89.3,ST010193,<p>℃</p>,2026-02-09 08:00:00,50%蒸发温度,延炼200万吨/年催化裂化装置
166.4,ST010193,<p>℃</p>,2026-02-09 08:00:00,90%蒸发温度,延炼200万吨/年催化裂化装置
188.6,ST010193,<p>℃</p>,2026-02-09 08:00:00,终馏点,延炼200万吨/年催化裂化装置
34.8,ST010193,<p>℃</p>,2026-02-10 08:00:00,初馏点,延炼200万吨/年催化裂化装置
50.2,ST010193,<p>℃</p>,2026-02-10 08:00:00,10%蒸发温度,延炼200万吨/年催化裂化装置
91.4,ST010193,<p>℃</p>,2026-02-10 08:00:00,50%蒸发温度,延炼200万吨/年催化裂化装置
167.9,ST010193,<p>℃</p>,2026-02-10 08:00:00,90%蒸发温度,延炼200万吨/年催化裂化装置
189.2,ST010193,<p>℃</p>,2026-02-10 08:00:00,终馏点,延炼200万吨/年催化裂化装置
30.0,ST010193,<p>℃</p>,2026-02-11 08:00:00,初馏点,延炼200万吨/年催化裂化装置
190.5,ST010193,<p>℃</p>,2026-02-11 08:00:00,终馏点,延炼200万吨/年催化裂化装置
1.0,ST010193,体积分数 %,2026-02-11 08:00:00,残馏量,延炼200万吨/年催化裂化装置
0.8,ST010193,体积分数 %,2026-02-11 08:00:00,校正损失,延炼200万吨/年催化裂化装置
98.2,ST010193,体积分数 %,2026-02-11 08:00:00,全馏量,延炼200万吨/年催化裂化装置
45.0,ST010193,<p>℃</p>,2026-02-11 08:00:00,10%蒸发温度,延炼200万吨/年催化裂化装置
91.0,ST010193,<p>℃</p>,2026-02-11 08:00:00,50%蒸发温度,延炼200万吨/年催化裂化装置
161.5,ST010193,<p>℃</p>,2026-02-11 08:00:00,90%蒸发温度,延炼200万吨/年催化裂化装置
35.8,ST010193,<p>℃</p>,2026-02-12 08:00:00,初馏点,延炼200万吨/年催化裂化装置
50.6,ST010193,<p>℃</p>,2026-02-12 08:00:00,10%蒸发温度,延炼200万吨/年催化裂化装置
89.2,ST010193,<p>℃</p>,2026-02-12 08:00:00,50%蒸发温度,延炼200万吨/年催化裂化装置
166.0,ST010193,<p>℃</p>,2026-02-12 08:00:00,90%蒸发温度,延炼200万吨/年催化裂化装置
188.7,ST010193,<p>℃</p>,2026-02-12 08:00:00,终馏点,延炼200万吨/年催化裂化装置
96.3,ST010193,mg/kg,2026-02-12 08:00:00,硫含量,延炼200万吨/年催化裂化装置
14.9,ST010193,体积分数 %,2026-02-12 08:00:00,芳烃含量,延炼200万吨/年催化裂化装置
32.0,ST010193,体积分数 %,2026-02-12 08:00:00,烯烃含量,延炼200万吨/年催化裂化装置
69.6,ST010193,<p>kPa</p>,2026-02-12 08:00:00,蒸气压（11月1日-4月30日）,延炼200万吨/年催化裂化装置
89.6,ST010193,,2026-02-12 08:00:00,研究法辛烷值(RON),延炼200万吨/年催化裂化装置
1.4,ST010193,<p>mg/kg</p>,2026-02-12 08:00:00,氯含量,延炼200万吨/年催化裂化装置
明水,ST010193,,2026-02-12 08:00:00,水含量,延炼200万吨/年催化裂化装置
0.5,ST010193,<p>mg/kg</p>,2026-02-12 08:00:00,氯含量,延炼200万吨/年催化裂化装置
明水,ST010193,,2026-02-12 08:00:00,水含量,延炼200万吨/年催化裂化装置
35.7,ST010193,<p>℃</p>,2026-02-13 08:00:00,初馏点,延炼200万吨/年催化裂化装置
50.3,ST010193,<p>℃</p>,2026-02-13 08:00:00,10%蒸发温度,延炼200万吨/年催化裂化装置
89.1,ST010193,<p>℃</p>,2026-02-13 08:00:00,50%蒸发温度,延炼200万吨/年催化裂化装置
166.6,ST010193,<p>℃</p>,2026-02-13 08:00:00,90%蒸发温度,延炼200万吨/年催化裂化装置
189.0,ST010193,<p>℃</p>,2026-02-13 08:00:00,终馏点,延炼200万吨/年催化裂化装置
35.9,ST010193,<p>℃</p>,2026-02-14 08:00:00,初馏点,延炼200万吨/年催化裂化装置
50.5,ST010193,<p>℃</p>,2026-02-14 08:00:00,10%蒸发温度,延炼200万吨/年催化裂化装置
89.6,ST010193,<p>℃</p>,2026-02-14 08:00:00,50%蒸发温度,延炼200万吨/年催化裂化装置
167.0,ST010193,<p>℃</p>,2026-02-14 08:00:00,90%蒸发温度,延炼200万吨/年催化裂化装置
189.1,ST010193,<p>℃</p>,2026-02-14 08:00:00,终馏点,延炼200万吨/年催化裂化装置
33.7,ST010193,<p>℃</p>,2026-02-15 08:00:00,初馏点,延炼200万吨/年催化裂化装置
48.9,ST010193,<p>℃</p>,2026-02-15 08:00:00,10%蒸发温度,延炼200万吨/年催化裂化装置
88.7,ST010193,<p>℃</p>,2026-02-15 08:00:00,50%蒸发温度,延炼200万吨/年催化裂化装置
167.0,ST010193,<p>℃</p>,2026-02-15 08:00:00,90%蒸发温度,延炼200万吨/年催化裂化装置
189.2,ST010193,<p>℃</p>,2026-02-15 08:00:00,终馏点,延炼200万吨/年催化裂化装置
33.4,ST010193,<p>℃</p>,2026-02-16 08:00:00,初馏点,延炼200万吨/年催化裂化装置
48.8,ST010193,<p>℃</p>,2026-02-16 08:00:00,10%蒸发温度,延炼200万吨/年催化裂化装置
88.1,ST010193,<p>℃</p>,2026-02-16 08:00:00,50%蒸发温度,延炼200万吨/年催化裂化装置
166.5,ST010193,<p>℃</p>,2026-02-16 08:00:00,90%蒸发温度,延炼200万吨/年催化裂化装置
189.1,ST010193,<p>℃</p>,2026-02-16 08:00:00,终馏点,延炼200万吨/年催化裂化装置
36.1,ST010193,<p>℃</p>,2026-02-17 08:00:00,初馏点,延炼200万吨/年催化裂化装置
50.7,ST010193,<p>℃</p>,2026-02-17 08:00:00,10%蒸发温度,延炼200万吨/年催化裂化装置
92.6,ST010193,<p>℃</p>,2026-02-17 08:00:00,50%蒸发温度,延炼200万吨/年催化裂化装置
169.2,ST010193,<p>℃</p>,2026-02-17 08:00:00,90%蒸发温度,延炼200万吨/年催化裂化装置
189.4,ST010193,<p>℃</p>,2026-02-17 08:00:00,终馏点,延炼200万吨/年催化裂化装置
36.7,ST010193,<p>℃</p>,2026-02-18 08:00:00,初馏点,延炼200万吨/年催化裂化装置
54.6,ST010193,<p>℃</p>,2026-02-18 08:00:00,10%蒸发温度,延炼200万吨/年催化裂化装置
103.2,ST010193,<p>℃</p>,2026-02-18 08:00:00,50%蒸发温度,延炼200万吨/年催化裂化装置
175.4,ST010193,<p>℃</p>,2026-02-18 08:00:00,90%蒸发温度,延炼200万吨/年催化裂化装置
195.8,ST010193,<p>℃</p>,2026-02-18 08:00:00,终馏点,延炼200万吨/年催化裂化装置
89.0,ST010193,,2026-02-19 08:00:00,研究法辛烷值(RON),延炼200万吨/年催化裂化装置
36.9,ST010193,<p>℃</p>,2026-02-19 08:00:00,初馏点,延炼200万吨/年催化裂化装置
51.7,ST010193,<p>℃</p>,2026-02-19 08:00:00,10%蒸发温度,延炼200万吨/年催化裂化装置
94.1,ST010193,<p>℃</p>,2026-02-19 08:00:00,50%蒸发温度,延炼200万吨/年催化裂化装置
168.9,ST010193,<p>℃</p>,2026-02-19 08:00:00,90%蒸发温度,延炼200万吨/年催化裂化装置
189.7,ST010193,<p>℃</p>,2026-02-19 08:00:00,终馏点,延炼200万吨/年催化裂化装置
15.0,ST010193,体积分数 %,2026-02-19 08:00:00,芳烃含量,延炼200万吨/年催化裂化装置
31.4,ST010193,体积分数 %,2026-02-19 08:00:00,烯烃含量,延炼200万吨/年催化裂化装置
66.4,ST010193,mg/kg,2026-02-19 08:00:00,硫含量,延炼200万吨/年催化裂化装置
67.3,ST010193,<p>kPa</p>,2026-02-19 08:00:00,蒸气压（11月1日-4月30日）,延炼200万吨/年催化裂化装置
0.9,ST010193,<p>mg/kg</p>,2026-02-19 08:00:00,氯含量,延炼200万吨/年催化裂化装置
13.3,ST010193,<p>mg/kg</p>,2026-02-19 08:00:00,氯含量,延炼200万吨/年催化裂化装置
明水,ST010193,,2026-02-19 08:00:00,水含量,延炼200万吨/年催化裂化装置
明水,ST010193,,2026-02-19 08:00:00,水含量,延炼200万吨/年催化裂化装置
37.0,ST010193,<p>℃</p>,2026-02-20 08:00:00,初馏点,延炼200万吨/年催化裂化装置
51.1,ST010193,<p>℃</p>,2026-02-20 08:00:00,10%蒸发温度,延炼200万吨/年催化裂化装置
92.2,ST010193,<p>℃</p>,2026-02-20 08:00:00,50%蒸发温度,延炼200万吨/年催化裂化装置
167.7,ST010193,<p>℃</p>,2026-02-20 08:00:00,90%蒸发温度,延炼200万吨/年催化裂化装置
189.3,ST010193,<p>℃</p>,2026-02-20 08:00:00,终馏点,延炼200万吨/年催化裂化装置
33.5,ST010193,<p>℃</p>,2026-02-21 08:00:00,初馏点,延炼200万吨/年催化裂化装置
49.1,ST010193,<p>℃</p>,2026-02-21 08:00:00,10%蒸发温度,延炼200万吨/年催化裂化装置
90.0,ST010193,<p>℃</p>,2026-02-21 08:00:00,50%蒸发温度,延炼200万吨/年催化裂化装置
167.3,ST010193,<p>℃</p>,2026-02-21 08:00:00,90%蒸发温度,延炼200万吨/年催化裂化装置
189.3,ST010193,<p>℃</p>,2026-02-21 08:00:00,终馏点,延炼200万吨/年催化裂化装置
32.6,ST010193,<p>℃</p>,2026-02-22 08:00:00,初馏点,延炼200万吨/年催化裂化装置
48.5,ST010193,<p>℃</p>,2026-02-22 08:00:00,10%蒸发温度,延炼200万吨/年催化裂化装置
89.4,ST010193,<p>℃</p>,2026-02-22 08:00:00,50%蒸发温度,延炼200万吨/年催化裂化装置
167.6,ST010193,<p>℃</p>,2026-02-22 08:00:00,90%蒸发温度,延炼200万吨/年催化裂化装置
189.5,ST010193,<p>℃</p>,2026-02-22 08:00:00,终馏点,延炼200万吨/年催化裂化装置
35.5,ST010193,<p>℃</p>,2026-02-23 08:00:00,初馏点,延炼200万吨/年催化裂化装置
50.4,ST010193,<p>℃</p>,2026-02-23 08:00:00,10%蒸发温度,延炼200万吨/年催化裂化装置
91.5,ST010193,<p>℃</p>,2026-02-23 08:00:00,50%蒸发温度,延炼200万吨/年催化裂化装置
168.0,ST010193,<p>℃</p>,2026-02-23 08:00:00,90%蒸发温度,延炼200万吨/年催化裂化装置
189.6,ST010193,<p>℃</p>,2026-02-23 08:00:00,终馏点,延炼200万吨/年催化裂化装置
33.0,ST010193,<p>℃</p>,2026-02-24 08:00:00,初馏点,延炼200万吨/年催化裂化装置
48.7,ST010193,<p>℃</p>,2026-02-24 08:00:00,10%蒸发温度,延炼200万吨/年催化裂化装置
88.8,ST010193,<p>℃</p>,2026-02-24 08:00:00,50%蒸发温度,延炼200万吨/年催化裂化装置
166.8,ST010193,<p>℃</p>,2026-02-24 08:00:00,90%蒸发温度,延炼200万吨/年催化裂化装置
189.3,ST010193,<p>℃</p>,2026-02-24 08:00:00,终馏点,延炼200万吨/年催化裂化装置
33.6,ST010193,<p>℃</p>,2026-02-25 08:00:00,初馏点,延炼200万吨/年催化裂化装置
49.5,ST010193,<p>℃</p>,2026-02-25 08:00:00,10%蒸发温度,延炼200万吨/年催化裂化装置
89.4,ST010193,<p>℃</p>,2026-02-25 08:00:00,50%蒸发温度,延炼200万吨/年催化裂化装置
167.1,ST010193,<p>℃</p>,2026-02-25 08:00:00,90%蒸发温度,延炼200万吨/年催化裂化装置
189.5,ST010193,<p>℃</p>,2026-02-25 08:00:00,终馏点,延炼200万吨/年催化裂化装置
15.2,ST010193,体积分数 %,2026-02-26 08:00:00,芳烃含量,延炼200万吨/年催化裂化装置
31.6,ST010193,体积分数 %,2026-02-26 08:00:00,烯烃含量,延炼200万吨/年催化裂化装置
69.7,ST010193,mg/kg,2026-02-26 08:00:00,硫含量,延炼200万吨/年催化裂化装置
90.0,ST010193,,2026-02-26 08:00:00,研究法辛烷值(RON),延炼200万吨/年催化裂化装置
73.5,ST010193,<p>kPa</p>,2026-02-26 08:00:00,蒸气压（11月1日-4月30日）,延炼200万吨/年催化裂化装置
32.7,ST010193,<p>℃</p>,2026-02-26 08:00:00,初馏点,延炼200万吨/年催化裂化装置
48.6,ST010193,<p>℃</p>,2026-02-26 08:00:00,10%蒸发温度,延炼200万吨/年催化裂化装置
88.7,ST010193,<p>℃</p>,2026-02-26 08:00:00,50%蒸发温度,延炼200万吨/年催化裂化装置
167.2,ST010193,<p>℃</p>,2026-02-26 08:00:00,90%蒸发温度,延炼200万吨/年催化裂化装置
189.7,ST010193,<p>℃</p>,2026-02-26 08:00:00,终馏点,延炼200万吨/年催化裂化装置
2.5,ST010193,<p>mg/kg</p>,2026-02-26 08:00:00,氯含量,延炼200万吨/年催化裂化装置
明水,ST010193,,2026-02-26 08:00:00,水含量,延炼200万吨/年催化裂化装置
2.1,ST010193,<p>mg/kg</p>,2026-02-26 08:00:00,氯含量,延炼200万吨/年催化裂化装置
明水,ST010193,,2026-02-26 08:00:00,水含量,延炼200万吨/年催化裂化装置
33.0,ST010193,<p>℃</p>,2026-02-27 08:00:00,初馏点,延炼200万吨/年催化裂化装置
48.6,ST010193,<p>℃</p>,2026-02-27 08:00:00,10%蒸发温度,延炼200万吨/年催化裂化装置
88.4,ST010193,<p>℃</p>,2026-02-27 08:00:00,50%蒸发温度,延炼200万吨/年催化裂化装置
167.9,ST010193,<p>℃</p>,2026-02-27 08:00:00,90%蒸发温度,延炼200万吨/年催化裂化装置
190.4,ST010193,<p>℃</p>,2026-02-27 08:00:00,终馏点,延炼200万吨/年催化裂化装置
33.2,ST010193,<p>℃</p>,2026-02-28 08:00:00,初馏点,延炼200万吨/年催化裂化装置
48.8,ST010193,<p>℃</p>,2026-02-28 08:00:00,10%蒸发温度,延炼200万吨/年催化裂化装置
89.2,ST010193,<p>℃</p>,2026-02-28 08:00:00,50%蒸发温度,延炼200万吨/年催化裂化装置
167.9,ST010193,<p>℃</p>,2026-02-28 08:00:00,90%蒸发温度,延炼200万吨/年催化裂化装置
190.0,ST010193,<p>℃</p>,2026-02-28 08:00:00,终馏点,延炼200万吨/年催化裂化装置
33.1,ST010193,<p>℃</p>,2026-03-01 08:00:00,初馏点,延炼200万吨/年催化裂化装置
48.8,ST010193,<p>℃</p>,2026-03-01 08:00:00,10%蒸发温度,延炼200万吨/年催化裂化装置
90.6,ST010193,<p>℃</p>,2026-03-01 08:00:00,50%蒸发温度,延炼200万吨/年催化裂化装置
169.9,ST010193,<p>℃</p>,2026-03-01 08:00:00,90%蒸发温度,延炼200万吨/年催化裂化装置
191.4,ST010193,<p>℃</p>,2026-03-01 08:00:00,终馏点,延炼200万吨/年催化裂化装置
720.2,ST010193,<p>kg/m<sup>3</sup></p>,2026-03-01 08:00:00,密度(20℃),延炼200万吨/年催化裂化装置
32.8,ST010193,<p>℃</p>,2026-03-02 08:00:00,初馏点,延炼200万吨/年催化裂化装置
48.9,ST010193,<p>℃</p>,2026-03-02 08:00:00,10%蒸发温度,延炼200万吨/年催化裂化装置
91.1,ST010193,<p>℃</p>,2026-03-02 08:00:00,50%蒸发温度,延炼200万吨/年催化裂化装置
170.9,ST010193,<p>℃</p>,2026-03-02 08:00:00,90%蒸发温度,延炼200万吨/年催化裂化装置
192.1,ST010193,<p>℃</p>,2026-03-02 08:00:00,终馏点,延炼200万吨/年催化裂化装置
33.2,ST010193,<p>℃</p>,2026-03-03 08:00:00,初馏点,延炼200万吨/年催化裂化装置
48.9,ST010193,<p>℃</p>,2026-03-03 08:00:00,10%蒸发温度,延炼200万吨/年催化裂化装置
89.9,ST010193,<p>℃</p>,2026-03-03 08:00:00,50%蒸发温度,延炼200万吨/年催化裂化装置
169.5,ST010193,<p>℃</p>,2026-03-03 08:00:00,90%蒸发温度,延炼200万吨/年催化裂化装置
191.0,ST010193,<p>℃</p>,2026-03-03 08:00:00,终馏点,延炼200万吨/年催化裂化装置
32.6,ST010193,<p>℃</p>,2026-03-04 08:00:00,初馏点,延炼200万吨/年催化裂化装置
48.5,ST010193,<p>℃</p>,2026-03-04 08:00:00,10%蒸发温度,延炼200万吨/年催化裂化装置
89.8,ST010193,<p>℃</p>,2026-03-04 08:00:00,50%蒸发温度,延炼200万吨/年催化裂化装置
168.7,ST010193,<p>℃</p>,2026-03-04 08:00:00,90%蒸发温度,延炼200万吨/年催化裂化装置
190.4,ST010193,<p>℃</p>,2026-03-04 08:00:00,终馏点,延炼200万吨/年催化裂化装置
15.3,ST010193,体积分数 %,2026-03-05 08:00:00,芳烃含量,延炼200万吨/年催化裂化装置
31.2,ST010193,体积分数 %,2026-03-05 08:00:00,烯烃含量,延炼200万吨/年催化裂化装置
72.6,ST010193,<p>kPa</p>,2026-03-05 08:00:00,蒸气压（11月1日-4月30日）,延炼200万吨/年催化裂化装置
67.2,ST010193,mg/kg,2026-03-05 08:00:00,硫含量,延炼200万吨/年催化裂化装置
32.7,ST010193,<p>℃</p>,2026-03-05 08:00:00,初馏点,延炼200万吨/年催化裂化装置
48.3,ST010193,<p>℃</p>,2026-03-05 08:00:00,10%蒸发温度,延炼200万吨/年催化裂化装置
89.0,ST010193,<p>℃</p>,2026-03-05 08:00:00,50%蒸发温度,延炼200万吨/年催化裂化装置
168.6,ST010193,<p>℃</p>,2026-03-05 08:00:00,90%蒸发温度,延炼200万吨/年催化裂化装置
190.4,ST010193,<p>℃</p>,2026-03-05 08:00:00,终馏点,延炼200万吨/年催化裂化装置
89.6,ST010193,,2026-03-05 08:00:00,研究法辛烷值(RON),延炼200万吨/年催化裂化装置
明水,ST010193,,2026-03-05 08:00:00,水含量,延炼200万吨/年催化裂化装置
3.4,ST010193,<p>mg/kg</p>,2026-03-05 08:00:00,氯含量,延炼200万吨/年催化裂化装置
0.6,ST010193,<p>mg/kg</p>,2026-03-05 08:00:00,氯含量,延炼200万吨/年催化裂化装置
明水,ST010193,,2026-03-05 08:00:00,水含量,延炼200万吨/年催化裂化装置
32.5,ST010193,<p>℃</p>,2026-03-06 08:00:00,初馏点,延炼200万吨/年催化裂化装置
48.4,ST010193,<p>℃</p>,2026-03-06 08:00:00,10%蒸发温度,延炼200万吨/年催化裂化装置
90.3,ST010193,<p>℃</p>,2026-03-06 08:00:00,50%蒸发温度,延炼200万吨/年催化裂化装置
168.7,ST010193,<p>℃</p>,2026-03-06 08:00:00,90%蒸发温度,延炼200万吨/年催化裂化装置
190.2,ST010193,<p>℃</p>,2026-03-06 08:00:00,终馏点,延炼200万吨/年催化裂化装置
33.1,ST010193,<p>℃</p>,2026-03-07 08:00:00,初馏点,延炼200万吨/年催化裂化装置
49.0,ST010193,<p>℃</p>,2026-03-07 08:00:00,10%蒸发温度,延炼200万吨/年催化裂化装置
91.1,ST010193,<p>℃</p>,2026-03-07 08:00:00,50%蒸发温度,延炼200万吨/年催化裂化装置
171.2,ST010193,<p>℃</p>,2026-03-07 08:00:00,90%蒸发温度,延炼200万吨/年催化裂化装置
192.4,ST010193,<p>℃</p>,2026-03-07 08:00:00,终馏点,延炼200万吨/年催化裂化装置
33.3,ST010193,<p>℃</p>,2026-03-08 08:00:00,初馏点,延炼200万吨/年催化裂化装置
49.0,ST010193,<p>℃</p>,2026-03-08 08:00:00,10%蒸发温度,延炼200万吨/年催化裂化装置
89.9,ST010193,<p>℃</p>,2026-03-08 08:00:00,50%蒸发温度,延炼200万吨/年催化裂化装置
170.1,ST010193,<p>℃</p>,2026-03-08 08:00:00,90%蒸发温度,延炼200万吨/年催化裂化装置
192.0,ST010193,<p>℃</p>,2026-03-08 08:00:00,终馏点,延炼200万吨/年催化裂化装置
33.2,ST010193,<p>℃</p>,2026-03-09 08:00:00,初馏点,延炼200万吨/年催化裂化装置
48.8,ST010193,<p>℃</p>,2026-03-09 08:00:00,10%蒸发温度,延炼200万吨/年催化裂化装置
89.5,ST010193,<p>℃</p>,2026-03-09 08:00:00,50%蒸发温度,延炼200万吨/年催化裂化装置
168.3,ST010193,<p>℃</p>,2026-03-09 08:00:00,90%蒸发温度,延炼200万吨/年催化裂化装置
190.6,ST010193,<p>℃</p>,2026-03-09 08:00:00,终馏点,延炼200万吨/年催化裂化装置
33.0,ST010193,<p>℃</p>,2026-03-10 08:00:00,初馏点,延炼200万吨/年催化裂化装置
48.9,ST010193,<p>℃</p>,2026-03-10 08:00:00,10%蒸发温度,延炼200万吨/年催化裂化装置
90.5,ST010193,<p>℃</p>,2026-03-10 08:00:00,50%蒸发温度,延炼200万吨/年催化裂化装置
168.4,ST010193,<p>℃</p>,2026-03-10 08:00:00,90%蒸发温度,延炼200万吨/年催化裂化装置
190.2,ST010193,<p>℃</p>,2026-03-10 08:00:00,终馏点,延炼200万吨/年催化裂化装置
32.8,ST010193,<p>℃</p>,2026-03-11 08:00:00,初馏点,延炼200万吨/年催化裂化装置
48.4,ST010193,<p>℃</p>,2026-03-11 08:00:00,10%蒸发温度,延炼200万吨/年催化裂化装置
90.6,ST010193,<p>℃</p>,2026-03-11 08:00:00,50%蒸发温度,延炼200万吨/年催化裂化装置
169.1,ST010193,<p>℃</p>,2026-03-11 08:00:00,90%蒸发温度,延炼200万吨/年催化裂化装置
190.4,ST010193,<p>℃</p>,2026-03-11 08:00:00,终馏点,延炼200万吨/年催化裂化装置
89.5,ST010193,,2026-03-12 08:00:00,研究法辛烷值(RON),延炼200万吨/年催化裂化装置
33.1,ST010193,<p>℃</p>,2026-03-12 08:00:00,初馏点,延炼200万吨/年催化裂化装置
48.9,ST010193,<p>℃</p>,2026-03-12 08:00:00,10%蒸发温度,延炼200万吨/年催化裂化装置
90.4,ST010193,<p>℃</p>,2026-03-12 08:00:00,50%蒸发温度,延炼200万吨/年催化裂化装置
169.5,ST010193,<p>℃</p>,2026-03-12 08:00:00,90%蒸发温度,延炼200万吨/年催化裂化装置
190.9,ST010193,<p>℃</p>,2026-03-12 08:00:00,终馏点,延炼200万吨/年催化裂化装置
90.7,ST010193,mg/kg,2026-03-12 08:00:00,硫含量,延炼200万吨/年催化裂化装置
15.6,ST010193,体积分数 %,2026-03-12 08:00:00,芳烃含量,延炼200万吨/年催化裂化装置
31.6,ST010193,体积分数 %,2026-03-12 08:00:00,烯烃含量,延炼200万吨/年催化裂化装置
69.7,ST010193,<p>kPa</p>,2026-03-12 08:00:00,蒸气压（11月1日-4月30日）,延炼200万吨/年催化裂化装置
0.9,ST010193,<p>mg/kg</p>,2026-03-12 08:00:00,氯含量,延炼200万吨/年催化裂化装置
明水,ST010193,,2026-03-12 08:00:00,水含量,延炼200万吨/年催化裂化装置
0.6,ST010193,<p>mg/kg</p>,2026-03-12 08:00:00,氯含量,延炼200万吨/年催化裂化装置
明水,ST010193,,2026-03-12 08:00:00,水含量,延炼200万吨/年催化裂化装置
32.1,ST010193,<p>℃</p>,2026-03-13 08:00:00,初馏点,延炼200万吨/年催化裂化装置
47.9,ST010193,<p>℃</p>,2026-03-13 08:00:00,10%蒸发温度,延炼200万吨/年催化裂化装置
88.9,ST010193,<p>℃</p>,2026-03-13 08:00:00,50%蒸发温度,延炼200万吨/年催化裂化装置
168.5,ST010193,<p>℃</p>,2026-03-13 08:00:00,90%蒸发温度,延炼200万吨/年催化裂化装置
190.4,ST010193,<p>℃</p>,2026-03-13 08:00:00,终馏点,延炼200万吨/年催化裂化装置
33.2,ST010193,<p>℃</p>,2026-03-14 08:00:00,初馏点,延炼200万吨/年催化裂化装置
49.4,ST010193,<p>℃</p>,2026-03-14 08:00:00,10%蒸发温度,延炼200万吨/年催化裂化装置
92.4,ST010193,<p>℃</p>,2026-03-14 08:00:00,50%蒸发温度,延炼200万吨/年催化裂化装置
168.5,ST010193,<p>℃</p>,2026-03-14 08:00:00,90%蒸发温度,延炼200万吨/年催化裂化装置
190.0,ST010193,<p>℃</p>,2026-03-14 08:00:00,终馏点,延炼200万吨/年催化裂化装置
33.8,ST010193,<p>℃</p>,2026-03-15 08:00:00,初馏点,延炼200万吨/年催化裂化装置
49.4,ST010193,<p>℃</p>,2026-03-15 08:00:00,10%蒸发温度,延炼200万吨/年催化裂化装置
89.8,ST010193,<p>℃</p>,2026-03-15 08:00:00,50%蒸发温度,延炼200万吨/年催化裂化装置
167.6,ST010193,<p>℃</p>,2026-03-15 08:00:00,90%蒸发温度,延炼200万吨/年催化裂化装置
189.8,ST010193,<p>℃</p>,2026-03-15 08:00:00,终馏点,延炼200万吨/年催化裂化装置
32.9,ST010193,<p>℃</p>,2026-03-16 08:00:00,初馏点,延炼200万吨/年催化裂化装置
49.0,ST010193,<p>℃</p>,2026-03-16 08:00:00,10%蒸发温度,延炼200万吨/年催化裂化装置
91.0,ST010193,<p>℃</p>,2026-03-16 08:00:00,50%蒸发温度,延炼200万吨/年催化裂化装置
168.6,ST010193,<p>℃</p>,2026-03-16 08:00:00,90%蒸发温度,延炼200万吨/年催化裂化装置
190.1,ST010193,<p>℃</p>,2026-03-16 08:00:00,终馏点,延炼200万吨/年催化裂化装置
33.7,ST010193,<p>℃</p>,2026-03-17 08:00:00,初馏点,延炼200万吨/年催化裂化装置
49.4,ST010193,<p>℃</p>,2026-03-17 08:00:00,10%蒸发温度,延炼200万吨/年催化裂化装置
91.0,ST010193,<p>℃</p>,2026-03-17 08:00:00,50%蒸发温度,延炼200万吨/年催化裂化装置
168.6,ST010193,<p>℃</p>,2026-03-17 08:00:00,90%蒸发温度,延炼200万吨/年催化裂化装置
190.2,ST010193,<p>℃</p>,2026-03-17 08:00:00,终馏点,延炼200万吨/年催化裂化装置
32.5,ST010193,<p>℃</p>,2026-03-18 08:00:00,初馏点,延炼200万吨/年催化裂化装置
48.3,ST010193,<p>℃</p>,2026-03-18 08:00:00,10%蒸发温度,延炼200万吨/年催化裂化装置
89.7,ST010193,<p>℃</p>,2026-03-18 08:00:00,50%蒸发温度,延炼200万吨/年催化裂化装置
165.3,ST010193,<p>℃</p>,2026-03-18 08:00:00,90%蒸发温度,延炼200万吨/年催化裂化装置
189.3,ST010193,<p>℃</p>,2026-03-18 08:00:00,终馏点,延炼200万吨/年催化裂化装置
16.2,ST010193,体积分数 %,2026-03-19 08:00:00,芳烃含量,延炼200万吨/年催化裂化装置
28.4,ST010193,体积分数 %,2026-03-19 08:00:00,烯烃含量,延炼200万吨/年催化裂化装置
32.3,ST010193,<p>℃</p>,2026-03-19 08:00:00,初馏点,延炼200万吨/年催化裂化装置
48.2,ST010193,<p>℃</p>,2026-03-19 08:00:00,10%蒸发温度,延炼200万吨/年催化裂化装置
89.7,ST010193,<p>℃</p>,2026-03-19 08:00:00,50%蒸发温度,延炼200万吨/年催化裂化装置
164.7,ST010193,<p>℃</p>,2026-03-19 08:00:00,90%蒸发温度,延炼200万吨/年催化裂化装置
189.0,ST010193,<p>℃</p>,2026-03-19 08:00:00,终馏点,延炼200万吨/年催化裂化装置
88.2,ST010193,,2026-03-19 08:00:00,研究法辛烷值(RON),延炼200万吨/年催化裂化装置
71.2,ST010193,<p>kPa</p>,2026-03-19 08:00:00,蒸气压（11月1日-4月30日）,延炼200万吨/年催化裂化装置
121,ST010193,mg/kg,2026-03-19 08:00:00,硫含量,延炼200万吨/年催化裂化装置
0.9,ST010193,<p>mg/kg</p>,2026-03-19 08:00:00,氯含量,延炼200万吨/年催化裂化装置
21.4,ST010193,<p>mg/kg</p>,2026-03-19 08:00:00,氯含量,延炼200万吨/年催化裂化装置
明水,ST010193,,2026-03-19 08:00:00,水含量,延炼200万吨/年催化裂化装置
明水,ST010193,,2026-03-19 08:00:00,水含量,延炼200万吨/年催化裂化装置
32.4,ST010193,<p>℃</p>,2026-03-20 08:00:00,初馏点,延炼200万吨/年催化裂化装置
48.4,ST010193,<p>℃</p>,2026-03-20 08:00:00,10%蒸发温度,延炼200万吨/年催化裂化装置
90.7,ST010193,<p>℃</p>,2026-03-20 08:00:00,50%蒸发温度,延炼200万吨/年催化裂化装置
166.5,ST010193,<p>℃</p>,2026-03-20 08:00:00,90%蒸发温度,延炼200万吨/年催化裂化装置
189.3,ST010193,<p>℃</p>,2026-03-20 08:00:00,终馏点,延炼200万吨/年催化裂化装置
32.4,ST010193,<p>℃</p>,2026-03-21 08:00:00,初馏点,延炼200万吨/年催化裂化装置
48.4,ST010193,<p>℃</p>,2026-03-21 08:00:00,10%蒸发温度,延炼200万吨/年催化裂化装置
90.5,ST010193,<p>℃</p>,2026-03-21 08:00:00,50%蒸发温度,延炼200万吨/年催化裂化装置
166.1,ST010193,<p>℃</p>,2026-03-21 08:00:00,90%蒸发温度,延炼200万吨/年催化裂化装置
189.4,ST010193,<p>℃</p>,2026-03-21 08:00:00,终馏点,延炼200万吨/年催化裂化装置
32.4,ST010193,<p>℃</p>,2026-03-22 08:00:00,初馏点,延炼200万吨/年催化裂化装置
48.5,ST010193,<p>℃</p>,2026-03-22 08:00:00,10%蒸发温度,延炼200万吨/年催化裂化装置
91.3,ST010193,<p>℃</p>,2026-03-22 08:00:00,50%蒸发温度,延炼200万吨/年催化裂化装置
166.2,ST010193,<p>℃</p>,2026-03-22 08:00:00,90%蒸发温度,延炼200万吨/年催化裂化装置
189.1,ST010193,<p>℃</p>,2026-03-22 08:00:00,终馏点,延炼200万吨/年催化裂化装置
32.2,ST010193,<p>℃</p>,2026-03-23 08:00:00,初馏点,延炼200万吨/年催化裂化装置
48.3,ST010193,<p>℃</p>,2026-03-23 08:00:00,10%蒸发温度,延炼200万吨/年催化裂化装置
90.5,ST010193,<p>℃</p>,2026-03-23 08:00:00,50%蒸发温度,延炼200万吨/年催化裂化装置
165.8,ST010193,<p>℃</p>,2026-03-23 08:00:00,90%蒸发温度,延炼200万吨/年催化裂化装置
189.1,ST010193,<p>℃</p>,2026-03-23 08:00:00,终馏点,延炼200万吨/年催化裂化装置
32.0,ST010193,<p>℃</p>,2026-03-24 08:00:00,初馏点,延炼200万吨/年催化裂化装置
47.7,ST010193,<p>℃</p>,2026-03-24 08:00:00,10%蒸发温度,延炼200万吨/年催化裂化装置
89.4,ST010193,<p>℃</p>,2026-03-24 08:00:00,50%蒸发温度,延炼200万吨/年催化裂化装置
165.5,ST010193,<p>℃</p>,2026-03-24 08:00:00,90%蒸发温度,延炼200万吨/年催化裂化装置
189.3,ST010193,<p>℃</p>,2026-03-24 08:00:00,终馏点,延炼200万吨/年催化裂化装置
30.5,ST010193,<p>℃</p>,2026-03-25 08:00:00,初馏点,延炼200万吨/年催化裂化装置
190.5,ST010193,<p>℃</p>,2026-03-25 08:00:00,终馏点,延炼200万吨/年催化裂化装置
1.0,ST010193,体积分数 %,2026-03-25 08:00:00,残馏量,延炼200万吨/年催化裂化装置
0.7,ST010193,体积分数 %,2026-03-25 08:00:00,校正损失,延炼200万吨/年催化裂化装置
98.3,ST010193,体积分数 %,2026-03-25 08:00:00,全馏量,延炼200万吨/年催化裂化装置
46.5,ST010193,<p>℃</p>,2026-03-25 08:00:00,10%蒸发温度,延炼200万吨/年催化裂化装置
93.5,ST010193,<p>℃</p>,2026-03-25 08:00:00,50%蒸发温度,延炼200万吨/年催化裂化装置
162.0,ST010193,<p>℃</p>,2026-03-25 08:00:00,90%蒸发温度,延炼200万吨/年催化裂化装置
89.3,ST010193,,2026-03-26 08:00:00,研究法辛烷值(RON),延炼200万吨/年催化裂化装置
14.9,ST010193,体积分数 %,2026-03-26 08:00:00,芳烃含量,延炼200万吨/年催化裂化装置
28.3,ST010193,体积分数 %,2026-03-26 08:00:00,烯烃含量,延炼200万吨/年催化裂化装置
108,ST010193,mg/kg,2026-03-26 08:00:00,硫含量,延炼200万吨/年催化裂化装置
35.2,ST010193,<p>℃</p>,2026-03-26 08:00:00,初馏点,延炼200万吨/年催化裂化装置
50.2,ST010193,<p>℃</p>,2026-03-26 08:00:00,10%蒸发温度,延炼200万吨/年催化裂化装置
90.0,ST010193,<p>℃</p>,2026-03-26 08:00:00,50%蒸发温度,延炼200万吨/年催化裂化装置
165.2,ST010193,<p>℃</p>,2026-03-26 08:00:00,90%蒸发温度,延炼200万吨/年催化裂化装置
184.5,ST010193,<p>℃</p>,2026-03-26 08:00:00,终馏点,延炼200万吨/年催化裂化装置
69.5,ST010193,<p>kPa</p>,2026-03-26 08:00:00,蒸气压（11月1日-4月30日）,延炼200万吨/年催化裂化装置
10.8,ST010193,<p>mg/kg</p>,2026-03-26 08:00:00,氯含量,延炼200万吨/年催化裂化装置
明水,ST010193,,2026-03-26 08:00:00,水含量,延炼200万吨/年催化裂化装置
2.2,ST010193,<p>mg/kg</p>,2026-03-26 08:00:00,氯含量,延炼200万吨/年催化裂化装置
明水,ST010193,,2026-03-26 08:00:00,水含量,延炼200万吨/年催化裂化装置
32.6,ST010193,<p>℃</p>,2026-03-27 08:00:00,初馏点,延炼200万吨/年催化裂化装置
48.3,ST010193,<p>℃</p>,2026-03-27 08:00:00,10%蒸发温度,延炼200万吨/年催化裂化装置
89.2,ST010193,<p>℃</p>,2026-03-27 08:00:00,50%蒸发温度,延炼200万吨/年催化裂化装置
163.2,ST010193,<p>℃</p>,2026-03-27 08:00:00,90%蒸发温度,延炼200万吨/年催化裂化装置
186.5,ST010193,<p>℃</p>,2026-03-27 08:00:00,终馏点,延炼200万吨/年催化裂化装置
32.6,ST010193,<p>℃</p>,2026-03-28 08:00:00,初馏点,延炼200万吨/年催化裂化装置
48.4,ST010193,<p>℃</p>,2026-03-28 08:00:00,10%蒸发温度,延炼200万吨/年催化裂化装置
89.7,ST010193,<p>℃</p>,2026-03-28 08:00:00,50%蒸发温度,延炼200万吨/年催化裂化装置
164.6,ST010193,<p>℃</p>,2026-03-28 08:00:00,90%蒸发温度,延炼200万吨/年催化裂化装置
188.3,ST010193,<p>℃</p>,2026-03-28 08:00:00,终馏点,延炼200万吨/年催化裂化装置
32.5,ST010193,<p>℃</p>,2026-03-29 08:00:00,初馏点,延炼200万吨/年催化裂化装置
48.3,ST010193,<p>℃</p>,2026-03-29 08:00:00,10%蒸发温度,延炼200万吨/年催化裂化装置
90.0,ST010193,<p>℃</p>,2026-03-29 08:00:00,50%蒸发温度,延炼200万吨/年催化裂化装置
164.1,ST010193,<p>℃</p>,2026-03-29 08:00:00,90%蒸发温度,延炼200万吨/年催化裂化装置
188.2,ST010193,<p>℃</p>,2026-03-29 08:00:00,终馏点,延炼200万吨/年催化裂化装置
33.3,ST010193,<p>℃</p>,2026-03-30 08:00:00,初馏点,延炼200万吨/年催化裂化装置
49.3,ST010193,<p>℃</p>,2026-03-30 08:00:00,10%蒸发温度,延炼200万吨/年催化裂化装置
90.9,ST010193,<p>℃</p>,2026-03-30 08:00:00,50%蒸发温度,延炼200万吨/年催化裂化装置
165.3,ST010193,<p>℃</p>,2026-03-30 08:00:00,90%蒸发温度,延炼200万吨/年催化裂化装置
188.8,ST010193,<p>℃</p>,2026-03-30 08:00:00,终馏点,延炼200万吨/年催化裂化装置
32.9,ST010193,<p>℃</p>,2026-03-31 08:00:00,初馏点,延炼200万吨/年催化裂化装置
48.8,ST010193,<p>℃</p>,2026-03-31 08:00:00,10%蒸发温度,延炼200万吨/年催化裂化装置
90.8,ST010193,<p>℃</p>,2026-03-31 08:00:00,50%蒸发温度,延炼200万吨/年催化裂化装置
165.5,ST010193,<p>℃</p>,2026-03-31 08:00:00,90%蒸发温度,延炼200万吨/年催化裂化装置
189.1,ST010193,<p>℃</p>,2026-03-31 08:00:00,终馏点,延炼200万吨/年催化裂化装置
716.4,ST010193,<p>kg/m<sup>3</sup></p>,2026-04-01 08:00:00,密度(20℃),延炼200万吨/年催化裂化装置
33.1,ST010193,<p>℃</p>,2026-04-01 08:00:00,初馏点,延炼200万吨/年催化裂化装置
49.2,ST010193,<p>℃</p>,2026-04-01 08:00:00,10%蒸发温度,延炼200万吨/年催化裂化装置
91.1,ST010193,<p>℃</p>,2026-04-01 08:00:00,50%蒸发温度,延炼200万吨/年催化裂化装置
164.8,ST010193,<p>℃</p>,2026-04-01 08:00:00,90%蒸发温度,延炼200万吨/年催化裂化装置
188.8,ST010193,<p>℃</p>,2026-04-01 08:00:00,终馏点,延炼200万吨/年催化裂化装置
33.6,ST010193,<p>℃</p>,2026-04-02 08:00:00,初馏点,延炼200万吨/年催化裂化装置
49.5,ST010193,<p>℃</p>,2026-04-02 08:00:00,10%蒸发温度,延炼200万吨/年催化裂化装置
90.8,ST010193,<p>℃</p>,2026-04-02 08:00:00,50%蒸发温度,延炼200万吨/年催化裂化装置
163.7,ST010193,<p>℃</p>,2026-04-02 08:00:00,90%蒸发温度,延炼200万吨/年催化裂化装置
188.2,ST010193,<p>℃</p>,2026-04-02 08:00:00,终馏点,延炼200万吨/年催化裂化装置
13.8,ST010193,体积分数 %,2026-04-02 08:00:00,芳烃含量,延炼200万吨/年催化裂化装置
29.6,ST010193,体积分数 %,2026-04-02 08:00:00,烯烃含量,延炼200万吨/年催化裂化装置
69.9,ST010193,<p>kPa</p>,2026-04-02 08:00:00,蒸气压（11月1日-4月30日）,延炼200万吨/年催化裂化装置
80.2,ST010193,mg/kg,2026-04-02 08:00:00,硫含量,延炼200万吨/年催化裂化装置
88.3,ST010193,,2026-04-02 08:00:00,研究法辛烷值(RON),延炼200万吨/年催化裂化装置
1.6,ST010193,<p>mg/kg</p>,2026-04-02 08:00:00,氯含量,延炼200万吨/年催化裂化装置
明水,ST010193,,2026-04-02 08:00:00,水含量,延炼200万吨/年催化裂化装置
明水,ST010193,,2026-04-02 08:00:00,水含量,延炼200万吨/年催化裂化装置
0.8,ST010193,<p>mg/kg</p>,2026-04-02 08:00:00,氯含量,延炼200万吨/年催化裂化装置
35.6,ST010193,<p>℃</p>,2026-04-03 08:00:00,初馏点,延炼200万吨/年催化裂化装置
50.7,ST010193,<p>℃</p>,2026-04-03 08:00:00,10%蒸发温度,延炼200万吨/年催化裂化装置
92.5,ST010193,<p>℃</p>,2026-04-03 08:00:00,50%蒸发温度,延炼200万吨/年催化裂化装置
164.8,ST010193,<p>℃</p>,2026-04-03 08:00:00,90%蒸发温度,延炼200万吨/年催化裂化装置
188.1,ST010193,<p>℃</p>,2026-04-03 08:00:00,终馏点,延炼200万吨/年催化裂化装置
32.9,ST010193,<p>℃</p>,2026-04-04 08:00:00,初馏点,延炼200万吨/年催化裂化装置
49.0,ST010193,<p>℃</p>,2026-04-04 08:00:00,10%蒸发温度,延炼200万吨/年催化裂化装置
91.4,ST010193,<p>℃</p>,2026-04-04 08:00:00,50%蒸发温度,延炼200万吨/年催化裂化装置
164.0,ST010193,<p>℃</p>,2026-04-04 08:00:00,90%蒸发温度,延炼200万吨/年催化裂化装置
188.0,ST010193,<p>℃</p>,2026-04-04 08:00:00,终馏点,延炼200万吨/年催化裂化装置
33.1,ST010193,<p>℃</p>,2026-04-05 08:00:00,初馏点,延炼200万吨/年催化裂化装置
49.2,ST010193,<p>℃</p>,2026-04-05 08:00:00,10%蒸发温度,延炼200万吨/年催化裂化装置
91.8,ST010193,<p>℃</p>,2026-04-05 08:00:00,50%蒸发温度,延炼200万吨/年催化裂化装置
166.6,ST010193,<p>℃</p>,2026-04-05 08:00:00,90%蒸发温度,延炼200万吨/年催化裂化装置
189.6,ST010193,<p>℃</p>,2026-04-05 08:00:00,终馏点,延炼200万吨/年催化裂化装置
32.7,ST010193,<p>℃</p>,2026-04-06 08:00:00,初馏点,延炼200万吨/年催化裂化装置
48.9,ST010193,<p>℃</p>,2026-04-06 08:00:00,10%蒸发温度,延炼200万吨/年催化裂化装置
91.6,ST010193,<p>℃</p>,2026-04-06 08:00:00,50%蒸发温度,延炼200万吨/年催化裂化装置
165.5,ST010193,<p>℃</p>,2026-04-06 08:00:00,90%蒸发温度,延炼200万吨/年催化裂化装置
188.8,ST010193,<p>℃</p>,2026-04-06 08:00:00,终馏点,延炼200万吨/年催化裂化装置
32.6,ST010193,<p>℃</p>,2026-04-07 08:00:00,初馏点,延炼200万吨/年催化裂化装置
48.9,ST010193,<p>℃</p>,2026-04-07 08:00:00,10%蒸发温度,延炼200万吨/年催化裂化装置
91.7,ST010193,<p>℃</p>,2026-04-07 08:00:00,50%蒸发温度,延炼200万吨/年催化裂化装置
166.5,ST010193,<p>℃</p>,2026-04-07 08:00:00,90%蒸发温度,延炼200万吨/年催化裂化装置
189.1,ST010193,<p>℃</p>,2026-04-07 08:00:00,终馏点,延炼200万吨/年催化裂化装置
35.0,ST010193,<p>℃</p>,2026-04-08 08:00:00,初馏点,延炼200万吨/年催化裂化装置
50.2,ST010193,<p>℃</p>,2026-04-08 08:00:00,10%蒸发温度,延炼200万吨/年催化裂化装置
90.9,ST010193,<p>℃</p>,2026-04-08 08:00:00,50%蒸发温度,延炼200万吨/年催化裂化装置
164.4,ST010193,<p>℃</p>,2026-04-08 08:00:00,90%蒸发温度,延炼200万吨/年催化裂化装置
188.4,ST010193,<p>℃</p>,2026-04-08 08:00:00,终馏点,延炼200万吨/年催化裂化装置
14.8,ST010193,体积分数 %,2026-04-09 08:00:00,芳烃含量,延炼200万吨/年催化裂化装置
29.5,ST010193,体积分数 %,2026-04-09 08:00:00,烯烃含量,延炼200万吨/年催化裂化装置
35.6,ST010193,<p>℃</p>,2026-04-09 08:00:00,初馏点,延炼200万吨/年催化裂化装置
50.4,ST010193,<p>℃</p>,2026-04-09 08:00:00,10%蒸发温度,延炼200万吨/年催化裂化装置
91.0,ST010193,<p>℃</p>,2026-04-09 08:00:00,50%蒸发温度,延炼200万吨/年催化裂化装置
166.1,ST010193,<p>℃</p>,2026-04-09 08:00:00,90%蒸发温度,延炼200万吨/年催化裂化装置
189.2,ST010193,<p>℃</p>,2026-04-09 08:00:00,终馏点,延炼200万吨/年催化裂化装置
65.8,ST010193,<p>kPa</p>,2026-04-09 08:00:00,蒸气压（11月1日-4月30日）,延炼200万吨/年催化裂化装置
89.0,ST010193,,2026-04-09 08:00:00,研究法辛烷值(RON),延炼200万吨/年催化裂化装置
104,ST010193,mg/kg,2026-04-09 08:00:00,硫含量,延炼200万吨/年催化裂化装置
3.3,ST010193,<p>mg/kg</p>,2026-04-09 08:00:00,氯含量,延炼200万吨/年催化裂化装置
明水,ST010193,,2026-04-09 08:00:00,水含量,延炼200万吨/年催化裂化装置
明水,ST010193,,2026-04-09 08:00:00,水含量,延炼200万吨/年催化裂化装置
12.5,ST010193,<p>mg/kg</p>,2026-04-09 08:00:00,氯含量,延炼200万吨/年催化裂化装置
35.6,ST010193,<p>℃</p>,2026-04-10 08:00:00,初馏点,延炼200万吨/年催化裂化装置
50.4,ST010193,<p>℃</p>,2026-04-10 08:00:00,10%蒸发温度,延炼200万吨/年催化裂化装置
90.4,ST010193,<p>℃</p>,2026-04-10 08:00:00,50%蒸发温度,延炼200万吨/年催化裂化装置
163.3,ST010193,<p>℃</p>,2026-04-10 08:00:00,90%蒸发温度,延炼200万吨/年催化裂化装置
188.1,ST010193,<p>℃</p>,2026-04-10 08:00:00,终馏点,延炼200万吨/年催化裂化装置
35.7,ST010193,<p>℃</p>,2026-04-11 08:00:00,初馏点,延炼200万吨/年催化裂化装置
50.5,ST010193,<p>℃</p>,2026-04-11 08:00:00,10%蒸发温度,延炼200万吨/年催化裂化装置
91.4,ST010193,<p>℃</p>,2026-04-11 08:00:00,50%蒸发温度,延炼200万吨/年催化裂化装置
165.4,ST010193,<p>℃</p>,2026-04-11 08:00:00,90%蒸发温度,延炼200万吨/年催化裂化装置
188.9,ST010193,<p>℃</p>,2026-04-11 08:00:00,终馏点,延炼200万吨/年催化裂化装置
36.7,ST010193,<p>℃</p>,2026-04-12 08:00:00,初馏点,延炼200万吨/年催化裂化装置
51.7,ST010193,<p>℃</p>,2026-04-12 08:00:00,10%蒸发温度,延炼200万吨/年催化裂化装置
93.9,ST010193,<p>℃</p>,2026-04-12 08:00:00,50%蒸发温度,延炼200万吨/年催化裂化装置
164.7,ST010193,<p>℃</p>,2026-04-12 08:00:00,90%蒸发温度,延炼200万吨/年催化裂化装置
187.6,ST010193,<p>℃</p>,2026-04-12 08:00:00,终馏点,延炼200万吨/年催化裂化装置
35.9,ST010193,<p>℃</p>,2026-04-13 08:00:00,初馏点,延炼200万吨/年催化裂化装置
50.7,ST010193,<p>℃</p>,2026-04-13 08:00:00,10%蒸发温度,延炼200万吨/年催化裂化装置
91.8,ST010193,<p>℃</p>,2026-04-13 08:00:00,50%蒸发温度,延炼200万吨/年催化裂化装置
164.2,ST010193,<p>℃</p>,2026-04-13 08:00:00,90%蒸发温度,延炼200万吨/年催化裂化装置
188.3,ST010193,<p>℃</p>,2026-04-13 08:00:00,终馏点,延炼200万吨/年催化裂化装置
35.3,ST010193,<p>℃</p>,2026-04-14 08:00:00,初馏点,延炼200万吨/年催化裂化装置
50.5,ST010193,<p>℃</p>,2026-04-14 08:00:00,10%蒸发温度,延炼200万吨/年催化裂化装置
92.4,ST010193,<p>℃</p>,2026-04-14 08:00:00,50%蒸发温度,延炼200万吨/年催化裂化装置
166.6,ST010193,<p>℃</p>,2026-04-14 08:00:00,90%蒸发温度,延炼200万吨/年催化裂化装置
189.3,ST010193,<p>℃</p>,2026-04-14 08:00:00,终馏点,延炼200万吨/年催化裂化装置
35.2,ST010193,<p>℃</p>,2026-04-15 08:00:00,初馏点,延炼200万吨/年催化裂化装置
50.1,ST010193,<p>℃</p>,2026-04-15 08:00:00,10%蒸发温度,延炼200万吨/年催化裂化装置
89.5,ST010193,<p>℃</p>,2026-04-15 08:00:00,50%蒸发温度,延炼200万吨/年催化裂化装置
163.2,ST010193,<p>℃</p>,2026-04-15 08:00:00,90%蒸发温度,延炼200万吨/年催化裂化装置
188.2,ST010193,<p>℃</p>,2026-04-15 08:00:00,终馏点,延炼200万吨/年催化裂化装置
35.6,ST010193,<p>℃</p>,2026-04-16 08:00:00,初馏点,延炼200万吨/年催化裂化装置
50.3,ST010193,<p>℃</p>,2026-04-16 08:00:00,10%蒸发温度,延炼200万吨/年催化裂化装置
89.9,ST010193,<p>℃</p>,2026-04-16 08:00:00,50%蒸发温度,延炼200万吨/年催化裂化装置
164.2,ST010193,<p>℃</p>,2026-04-16 08:00:00,90%蒸发温度,延炼200万吨/年催化裂化装置
188.6,ST010193,<p>℃</p>,2026-04-16 08:00:00,终馏点,延炼200万吨/年催化裂化装置
88.2,ST010193,,2026-04-16 08:00:00,研究法辛烷值(RON),延炼200万吨/年催化裂化装置
68.8,ST010193,<p>kPa</p>,2026-04-16 08:00:00,蒸气压（11月1日-4月30日）,延炼200万吨/年催化裂化装置
98.5,ST010193,mg/kg,2026-04-16 08:00:00,硫含量,延炼200万吨/年催化裂化装置
14.7,ST010193,体积分数 %,2026-04-16 08:00:00,芳烃含量,延炼200万吨/年催化裂化装置
29.0,ST010193,体积分数 %,2026-04-16 08:00:00,烯烃含量,延炼200万吨/年催化裂化装置
2.1,ST010193,<p>mg/kg</p>,2026-04-16 08:00:00,氯含量,延炼200万吨/年催化裂化装置
痕迹,ST010193,,2026-04-16 08:00:00,水含量,延炼200万吨/年催化裂化装置
0.7,ST010193,<p>mg/kg</p>,2026-04-16 08:00:00,氯含量,延炼200万吨/年催化裂化装置
痕迹,ST010193,,2026-04-16 08:00:00,水含量,延炼200万吨/年催化裂化装置
35.6,ST010193,<p>℃</p>,2026-04-17 08:00:00,初馏点,延炼200万吨/年催化裂化装置
50.4,ST010193,<p>℃</p>,2026-04-17 08:00:00,10%蒸发温度,延炼200万吨/年催化裂化装置
90.6,ST010193,<p>℃</p>,2026-04-17 08:00:00,50%蒸发温度,延炼200万吨/年催化裂化装置
164.3,ST010193,<p>℃</p>,2026-04-17 08:00:00,90%蒸发温度,延炼200万吨/年催化裂化装置
188.8,ST010193,<p>℃</p>,2026-04-17 08:00:00,终馏点,延炼200万吨/年催化裂化装置
36.5,ST010193,<p>℃</p>,2026-04-18 08:00:00,初馏点,延炼200万吨/年催化裂化装置
50.8,ST010193,<p>℃</p>,2026-04-18 08:00:00,10%蒸发温度,延炼200万吨/年催化裂化装置
91.6,ST010193,<p>℃</p>,2026-04-18 08:00:00,50%蒸发温度,延炼200万吨/年催化裂化装置
165.7,ST010193,<p>℃</p>,2026-04-18 08:00:00,90%蒸发温度,延炼200万吨/年催化裂化装置
189.0,ST010193,<p>℃</p>,2026-04-18 08:00:00,终馏点,延炼200万吨/年催化裂化装置
35.2,ST010193,<p>℃</p>,2026-04-19 08:00:00,初馏点,延炼200万吨/年催化裂化装置
50.4,ST010193,<p>℃</p>,2026-04-19 08:00:00,10%蒸发温度,延炼200万吨/年催化裂化装置
92.3,ST010193,<p>℃</p>,2026-04-19 08:00:00,50%蒸发温度,延炼200万吨/年催化裂化装置
166.4,ST010193,<p>℃</p>,2026-04-19 08:00:00,90%蒸发温度,延炼200万吨/年催化裂化装置
188.8,ST010193,<p>℃</p>,2026-04-19 08:00:00,终馏点,延炼200万吨/年催化裂化装置
36.9,ST010193,<p>℃</p>,2026-04-20 08:00:00,初馏点,延炼200万吨/年催化裂化装置
51.5,ST010193,<p>℃</p>,2026-04-20 08:00:00,10%蒸发温度,延炼200万吨/年催化裂化装置
92.4,ST010193,<p>℃</p>,2026-04-20 08:00:00,50%蒸发温度,延炼200万吨/年催化裂化装置
163.9,ST010193,<p>℃</p>,2026-04-20 08:00:00,90%蒸发温度,延炼200万吨/年催化裂化装置
187.8,ST010193,<p>℃</p>,2026-04-20 08:00:00,终馏点,延炼200万吨/年催化裂化装置
36.3,ST010193,<p>℃</p>,2026-04-21 08:00:00,初馏点,延炼200万吨/年催化裂化装置
50.7,ST010193,<p>℃</p>,2026-04-21 08:00:00,10%蒸发温度,延炼200万吨/年催化裂化装置
91.2,ST010193,<p>℃</p>,2026-04-21 08:00:00,50%蒸发温度,延炼200万吨/年催化裂化装置
164.0,ST010193,<p>℃</p>,2026-04-21 08:00:00,90%蒸发温度,延炼200万吨/年催化裂化装置
188.4,ST010193,<p>℃</p>,2026-04-21 08:00:00,终馏点,延炼200万吨/年催化裂化装置
65.9,ST010193,<p>kPa</p>,2026-04-21 14:00:00,蒸气压（11月1日-4月30日）,延炼200万吨/年催化裂化装置
63.2,ST010193,<p>kPa</p>,2026-04-22 08:00:00,蒸气压（11月1日-4月30日）,延炼200万吨/年催化裂化装置
36.6,ST010193,<p>℃</p>,2026-04-22 08:00:00,初馏点,延炼200万吨/年催化裂化装置
51.0,ST010193,<p>℃</p>,2026-04-22 08:00:00,10%蒸发温度,延炼200万吨/年催化裂化装置
91.1,ST010193,<p>℃</p>,2026-04-22 08:00:00,50%蒸发温度,延炼200万吨/年催化裂化装置
164.0,ST010193,<p>℃</p>,2026-04-22 08:00:00,90%蒸发温度,延炼200万吨/年催化裂化装置
188.5,ST010193,<p>℃</p>,2026-04-22 08:00:00,终馏点,延炼200万吨/年催化裂化装置
37.1,ST010193,<p>℃</p>,2026-04-23 08:00:00,初馏点,延炼200万吨/年催化裂化装置
51.6,ST010193,<p>℃</p>,2026-04-23 08:00:00,10%蒸发温度,延炼200万吨/年催化裂化装置
94.0,ST010193,mg/kg,2026-04-23 08:00:00,硫含量,延炼200万吨/年催化裂化装置
62.3,ST010193,<p>kPa</p>,2026-04-23 08:00:00,蒸气压（11月1日-4月30日）,延炼200万吨/年催化裂化装置
88.6,ST010193,,2026-04-23 08:00:00,研究法辛烷值(RON),延炼200万吨/年催化裂化装置
28.6,ST010193,体积分数 %,2026-04-23 08:00:00,烯烃含量,延炼200万吨/年催化裂化装置
15.4,ST010193,体积分数 %,2026-04-23 08:00:00,芳烃含量,延炼200万吨/年催化裂化装置
189.0,ST010193,<p>℃</p>,2026-04-23 08:00:00,终馏点,延炼200万吨/年催化裂化装置
166.5,ST010193,<p>℃</p>,2026-04-23 08:00:00,90%蒸发温度,延炼200万吨/年催化裂化装置
92.8,ST010193,<p>℃</p>,2026-04-23 08:00:00,50%蒸发温度,延炼200万吨/年催化裂化装置
明水,ST010193,,2026-04-23 08:00:00,水含量,延炼200万吨/年催化裂化装置
19.4,ST010193,<p>mg/kg</p>,2026-04-23 08:00:00,氯含量,延炼200万吨/年催化裂化装置
0.9,ST010193,<p>mg/kg</p>,2026-04-23 08:00:00,氯含量,延炼200万吨/年催化裂化装置
明水,ST010193,,2026-04-23 08:00:00,水含量,延炼200万吨/年催化裂化装置
188.2,ST010193,<p>℃</p>,2026-04-24 08:00:00,终馏点,延炼200万吨/年催化裂化装置
36.9,ST010193,<p>℃</p>,2026-04-24 08:00:00,初馏点,延炼200万吨/年催化裂化装置
163.8,ST010193,<p>℃</p>,2026-04-24 08:00:00,90%蒸发温度,延炼200万吨/年催化裂化装置
91.4,ST010193,<p>℃</p>,2026-04-24 08:00:00,50%蒸发温度,延炼200万吨/年催化裂化装置
63.2,ST010193,<p>kPa</p>,2026-04-24 08:00:00,蒸气压（11月1日-4月30日）,延炼200万吨/年催化裂化装置
51.2,ST010193,<p>℃</p>,2026-04-24 08:00:00,10%蒸发温度,延炼200万吨/年催化裂化装置
161.9,ST010193,<p>℃</p>,2026-04-25 08:00:00,终馏点,延炼200万吨/年催化裂化装置
152.1,ST010193,<p>℃</p>,2026-04-25 08:00:00,90%蒸发温度,延炼200万吨/年催化裂化装置
63.2,ST010193,<p>kPa</p>,2026-04-25 08:00:00,蒸气压（11月1日-4月30日）,延炼200万吨/年催化裂化装置
74.4,ST010193,<p>℃</p>,2026-04-25 08:00:00,10%蒸发温度,延炼200万吨/年催化裂化装置
110.7,ST010193,<p>℃</p>,2026-04-25 08:00:00,50%蒸发温度,延炼200万吨/年催化裂化装置
40.7,ST010193,<p>℃</p>,2026-04-25 08:00:00,初馏点,延炼200万吨/年催化裂化装置
163.0,ST010193,<p>℃</p>,2026-04-26 08:00:00,终馏点,延炼200万吨/年催化裂化装置
153.1,ST010193,<p>℃</p>,2026-04-26 08:00:00,90%蒸发温度,延炼200万吨/年催化裂化装置
110.7,ST010193,<p>℃</p>,2026-04-26 08:00:00,50%蒸发温度,延炼200万吨/年催化裂化装置
69.1,ST010193,<p>℃</p>,2026-04-26 08:00:00,10%蒸发温度,延炼200万吨/年催化裂化装置
38.4,ST010193,<p>℃</p>,2026-04-26 08:00:00,初馏点,延炼200万吨/年催化裂化装置
63.1,ST010193,<p>kPa</p>,2026-04-26 08:00:00,蒸气压（11月1日-4月30日）,延炼200万吨/年催化裂化装置
63.4,ST010193,<p>kPa</p>,2026-04-27 08:00:00,蒸气压（11月1日-4月30日）,延炼200万吨/年催化裂化装置
187.8,ST010193,<p>℃</p>,2026-04-27 08:00:00,终馏点,延炼200万吨/年催化裂化装置
163.5,ST010193,<p>℃</p>,2026-04-27 08:00:00,90%蒸发温度,延炼200万吨/年催化裂化装置
88.4,ST010193,,2026-04-27 08:00:00,研究法辛烷值(RON),延炼200万吨/年催化裂化装置
50.7,ST010193,<p>℃</p>,2026-04-27 08:00:00,10%蒸发温度,延炼200万吨/年催化裂化装置
91.4,ST010193,<p>℃</p>,2026-04-27 08:00:00,50%蒸发温度,延炼200万吨/年催化裂化装置
36.3,ST010193,<p>℃</p>,2026-04-27 08:00:00,初馏点,延炼200万吨/年催化裂化装置
189.2,ST010193,<p>℃</p>,2026-04-28 08:00:00,终馏点,延炼200万吨/年催化裂化装置
37.0,ST010193,<p>℃</p>,2026-04-28 08:00:00,初馏点,延炼200万吨/年催化裂化装置
51.2,ST010193,<p>℃</p>,2026-04-28 08:00:00,10%蒸发温度,延炼200万吨/年催化裂化装置
91.2,ST010193,<p>℃</p>,2026-04-28 08:00:00,50%蒸发温度,延炼200万吨/年催化裂化装置
167.2,ST010193,<p>℃</p>,2026-04-28 08:00:00,90%蒸发温度,延炼200万吨/年催化裂化装置
60.0,ST010193,<p>kPa</p>,2026-04-28 16:10:00,蒸气压（11月1日-4月30日）,延炼200万吨/年催化裂化装置
63.6,ST010193,<p>kPa</p>,2026-04-29 08:00:00,蒸气压（11月1日-4月30日）,延炼200万吨/年催化裂化装置
37.2,ST010193,<p>℃</p>,2026-04-29 08:00:00,初馏点,延炼200万吨/年催化裂化装置
189.4,ST010193,<p>℃</p>,2026-04-29 08:00:00,终馏点,延炼200万吨/年催化裂化装置
167.8,ST010193,<p>℃</p>,2026-04-29 08:00:00,90%蒸发温度,延炼200万吨/年催化裂化装置
91.6,ST010193,<p>℃</p>,2026-04-29 08:00:00,50%蒸发温度,延炼200万吨/年催化裂化装置
51.5,ST010193,<p>℃</p>,2026-04-29 08:00:00,10%蒸发温度,延炼200万吨/年催化裂化装置
明水,ST010193,,2026-04-30 08:00:00,水含量,延炼200万吨/年催化裂化装置
38.6,ST010193,<p>mg/kg</p>,2026-04-30 08:00:00,氯含量,延炼200万吨/年催化裂化装置
明水,ST010193,,2026-04-30 08:00:00,水含量,延炼200万吨/年催化裂化装置
89.5,ST010193,,2026-04-30 08:00:00,研究法辛烷值(RON),延炼200万吨/年催化裂化装置
62.6,ST010193,<p>kPa</p>,2026-04-30 08:00:00,蒸气压（11月1日-4月30日）,延炼200万吨/年催化裂化装置
37.1,ST010193,<p>℃</p>,2026-04-30 08:00:00,初馏点,延炼200万吨/年催化裂化装置
51.2,ST010193,<p>℃</p>,2026-04-30 08:00:00,10%蒸发温度,延炼200万吨/年催化裂化装置
89.5,ST010193,<p>℃</p>,2026-04-30 08:00:00,50%蒸发温度,延炼200万吨/年催化裂化装置
165.8,ST010193,<p>℃</p>,2026-04-30 08:00:00,90%蒸发温度,延炼200万吨/年催化裂化装置
189.1,ST010193,<p>℃</p>,2026-04-30 08:00:00,终馏点,延炼200万吨/年催化裂化装置
16.2,ST010193,体积分数 %,2026-04-30 08:00:00,芳烃含量,延炼200万吨/年催化裂化装置
29.4,ST010193,体积分数 %,2026-04-30 08:00:00,烯烃含量,延炼200万吨/年催化裂化装置
126,ST010193,mg/kg,2026-04-30 08:00:00,硫含量,延炼200万吨/年催化裂化装置
1.5,ST010193,<p>mg/kg</p>,2026-04-30 08:00:00,氯含量,延炼200万吨/年催化裂化装置
