result,sampleDotCode,unitName,sampleTime,resultName,deviceName
842.9,ST040003,<p>kg/m<sup>3</sup></p>,2025-05-01 08:00:00,密度,延化120万吨/年催化重整装置
107.6,ST040003,℃,2025-05-01 08:00:00,初馏点蒸发温度 TIBP,延化120万吨/年催化重整装置
119.6,ST040003,℃,2025-05-01 08:00:00,10%平均蒸发温度T10%,延化120万吨/年催化重整装置
0.8,ST040003,<p>%</p>,2025-05-01 08:00:00,平均残留百分数(B),延化120万吨/年催化重整装置
166.0,ST040003,℃,2025-05-01 08:00:00,90%平均蒸发温度T90%,延化120万吨/年催化重整装置
200.8,ST040003,℃,2025-05-01 08:00:00,终馏点蒸发温度TFBP,延化120万吨/年催化重整装置
98.0,ST040003,<p>%</p>,2025-05-01 08:00:00,全馏,延化120万吨/年催化重整装置
133.1,ST040003,℃,2025-05-01 08:00:00,50%平均蒸发温度T50%,延化120万吨/年催化重整装置
107.0,ST040003,℃,2025-05-02 08:00:00,初馏点蒸发温度 TIBP,延化120万吨/年催化重整装置
121.3,ST040003,℃,2025-05-02 08:00:00,10%平均蒸发温度T10%,延化120万吨/年催化重整装置
132.8,ST040003,℃,2025-05-02 08:00:00,50%平均蒸发温度T50%,延化120万吨/年催化重整装置
843.8,ST040003,<p>kg/m<sup>3</sup></p>,2025-05-02 08:00:00,密度,延化120万吨/年催化重整装置
199.8,ST040003,℃,2025-05-02 08:00:00,终馏点蒸发温度TFBP,延化120万吨/年催化重整装置
98.0,ST040003,<p>%</p>,2025-05-02 08:00:00,全馏,延化120万吨/年催化重整装置
0.8,ST040003,<p>%</p>,2025-05-02 08:00:00,平均残留百分数(B),延化120万吨/年催化重整装置
165.6,ST040003,℃,2025-05-02 08:00:00,90%平均蒸发温度T90%,延化120万吨/年催化重整装置
843.7,ST040003,<p>kg/m<sup>3</sup></p>,2025-05-03 08:00:00,密度,延化120万吨/年催化重整装置
106.9,ST040003,℃,2025-05-03 08:00:00,初馏点蒸发温度 TIBP,延化120万吨/年催化重整装置
121.3,ST040003,℃,2025-05-03 08:00:00,10%平均蒸发温度T10%,延化120万吨/年催化重整装置
0.8,ST040003,<p>%</p>,2025-05-03 08:00:00,平均残留百分数(B),延化120万吨/年催化重整装置
165.4,ST040003,℃,2025-05-03 08:00:00,90%平均蒸发温度T90%,延化120万吨/年催化重整装置
200.1,ST040003,℃,2025-05-03 08:00:00,终馏点蒸发温度TFBP,延化120万吨/年催化重整装置
98.0,ST040003,<p>%</p>,2025-05-03 08:00:00,全馏,延化120万吨/年催化重整装置
132.7,ST040003,℃,2025-05-03 08:00:00,50%平均蒸发温度T50%,延化120万吨/年催化重整装置
133.8,ST040003,℃,2025-05-04 08:00:00,50%平均蒸发温度T50%,延化120万吨/年催化重整装置
843.8,ST040003,<p>kg/m<sup>3</sup></p>,2025-05-04 08:00:00,密度,延化120万吨/年催化重整装置
106.8,ST040003,℃,2025-05-04 08:00:00,初馏点蒸发温度 TIBP,延化120万吨/年催化重整装置
0.8,ST040003,<p>%</p>,2025-05-04 08:00:00,平均残留百分数(B),延化120万吨/年催化重整装置
168.0,ST040003,℃,2025-05-04 08:00:00,90%平均蒸发温度T90%,延化120万吨/年催化重整装置
201.3,ST040003,℃,2025-05-04 08:00:00,终馏点蒸发温度TFBP,延化120万吨/年催化重整装置
98.0,ST040003,<p>%</p>,2025-05-04 08:00:00,全馏,延化120万吨/年催化重整装置
121.2,ST040003,℃,2025-05-04 08:00:00,10%平均蒸发温度T10%,延化120万吨/年催化重整装置
166.1,ST040003,℃,2025-05-05 08:00:00,90%平均蒸发温度T90%,延化120万吨/年催化重整装置
107.2,ST040003,℃,2025-05-05 08:00:00,初馏点蒸发温度 TIBP,延化120万吨/年催化重整装置
119.9,ST040003,℃,2025-05-05 08:00:00,10%平均蒸发温度T10%,延化120万吨/年催化重整装置
842.7,ST040003,<p>kg/m<sup>3</sup></p>,2025-05-05 08:00:00,密度,延化120万吨/年催化重整装置
200.6,ST040003,℃,2025-05-05 08:00:00,终馏点蒸发温度TFBP,延化120万吨/年催化重整装置
98.0,ST040003,<p>%</p>,2025-05-05 08:00:00,全馏,延化120万吨/年催化重整装置
0.8,ST040003,<p>%</p>,2025-05-05 08:00:00,平均残留百分数(B),延化120万吨/年催化重整装置
132.9,ST040003,℃,2025-05-05 08:00:00,50%平均蒸发温度T50%,延化120万吨/年催化重整装置
164.1,ST040003,℃,2025-05-06 08:00:00,90%平均蒸发温度T90%,延化120万吨/年催化重整装置
107.4,ST040003,℃,2025-05-06 08:00:00,初馏点蒸发温度 TIBP,延化120万吨/年催化重整装置
119.6,ST040003,℃,2025-05-06 08:00:00,10%平均蒸发温度T10%,延化120万吨/年催化重整装置
841.3,ST040003,<p>kg/m<sup>3</sup></p>,2025-05-06 08:00:00,密度,延化120万吨/年催化重整装置
197.8,ST040003,℃,2025-05-06 08:00:00,终馏点蒸发温度TFBP,延化120万吨/年催化重整装置
98.0,ST040003,<p>%</p>,2025-05-06 08:00:00,全馏,延化120万吨/年催化重整装置
0.8,ST040003,<p>%</p>,2025-05-06 08:00:00,平均残留百分数(B),延化120万吨/年催化重整装置
132.5,ST040003,℃,2025-05-06 08:00:00,50%平均蒸发温度T50%,延化120万吨/年催化重整装置
0.43,ST040003,<p>%</p>,2025-05-07 08:00:00,烯烃含量,延化120万吨/年催化重整装置
843.4,ST040003,<p>kg/m<sup>3</sup></p>,2025-05-07 08:00:00,密度,延化120万吨/年催化重整装置
7.83,ST040003,<p>%</p>,2025-05-07 08:00:00,异构烷烃,延化120万吨/年催化重整装置
11.86,ST040003,<p>%</p>,2025-05-07 08:00:00,烷烃含量,延化120万吨/年催化重整装置
1.09,ST040003,<p>%</p>,2025-05-07 08:00:00,环烷烃含量,延化120万吨/年催化重整装置
87.52,ST040003,<p>%</p>,2025-05-07 08:00:00,芳烃含量,延化120万吨/年催化重整装置
0.24,ST040003,<p>%</p>,2025-05-07 08:00:00,苯含量,延化120万吨/年催化重整装置
106.9,ST040003,,2025-05-07 08:00:00,模拟法辛烷值,延化120万吨/年催化重整装置
107.0,ST040003,℃,2025-05-07 08:00:00,初馏点蒸发温度 TIBP,延化120万吨/年催化重整装置
120.8,ST040003,℃,2025-05-07 08:00:00,10%平均蒸发温度T10%,延化120万吨/年催化重整装置
132.7,ST040003,℃,2025-05-07 08:00:00,50%平均蒸发温度T50%,延化120万吨/年催化重整装置
164.5,ST040003,℃,2025-05-07 08:00:00,90%平均蒸发温度T90%,延化120万吨/年催化重整装置
197.9,ST040003,℃,2025-05-07 08:00:00,终馏点蒸发温度TFBP,延化120万吨/年催化重整装置
98.0,ST040003,<p>%</p>,2025-05-07 08:00:00,全馏,延化120万吨/年催化重整装置
0.8,ST040003,<p>%</p>,2025-05-07 08:00:00,平均残留百分数(B),延化120万吨/年催化重整装置
2.94,ST040003,<p>%</p>,2025-05-07 08:00:00,正构烷烃,延化120万吨/年催化重整装置
107.1,ST040003,℃,2025-05-08 08:00:00,初馏点蒸发温度 TIBP,延化120万吨/年催化重整装置
120.1,ST040003,℃,2025-05-08 08:00:00,10%平均蒸发温度T10%,延化120万吨/年催化重整装置
133.0,ST040003,℃,2025-05-08 08:00:00,50%平均蒸发温度T50%,延化120万吨/年催化重整装置
843.1,ST040003,<p>kg/m<sup>3</sup></p>,2025-05-08 08:00:00,密度,延化120万吨/年催化重整装置
200.7,ST040003,℃,2025-05-08 08:00:00,终馏点蒸发温度TFBP,延化120万吨/年催化重整装置
98.0,ST040003,<p>%</p>,2025-05-08 08:00:00,全馏,延化120万吨/年催化重整装置
0.8,ST040003,<p>%</p>,2025-05-08 08:00:00,平均残留百分数(B),延化120万吨/年催化重整装置
166.8,ST040003,℃,2025-05-08 08:00:00,90%平均蒸发温度T90%,延化120万吨/年催化重整装置
98.4,ST040003,<p>%</p>,2025-05-09 08:00:00,校正回收百分数(RC),延化120万吨/年催化重整装置
98.4,ST040003,<p>%</p>,2025-05-09 08:00:00,校正回收百分数(RC),延化120万吨/年催化重整装置
0.8,ST040003,<p>%</p>,2025-05-09 08:00:00,校正损失百分数(LC),延化120万吨/年催化重整装置
0.8,ST040003,<p>%</p>,2025-05-09 08:00:00,校正损失百分数(LC),延化120万吨/年催化重整装置
201.0,ST040003,℃,2025-05-09 08:00:00,终馏点蒸发温度TFBP,延化120万吨/年催化重整装置
98.4,ST040003,<p>%</p>,2025-05-09 08:00:00,全馏,延化120万吨/年催化重整装置
108.0,ST040003,℃,2025-05-09 08:00:00,初馏点蒸发温度 TIBP,延化120万吨/年催化重整装置
119.5,ST040003,℃,2025-05-09 08:00:00,10%平均蒸发温度T10%,延化120万吨/年催化重整装置
142.0,ST040003,℃,2025-05-09 08:00:00,50%平均蒸发温度T50%,延化120万吨/年催化重整装置
167.0,ST040003,℃,2025-05-09 08:00:00,90%平均蒸发温度T90%,延化120万吨/年催化重整装置
842.4,ST040003,<p>kg/m<sup>3</sup></p>,2025-05-09 08:00:00,密度,延化120万吨/年催化重整装置
107.2,ST040003,℃,2025-05-10 08:00:00,初馏点蒸发温度 TIBP,延化120万吨/年催化重整装置
119.7,ST040003,℃,2025-05-10 08:00:00,10%平均蒸发温度T10%,延化120万吨/年催化重整装置
142.1,ST040003,℃,2025-05-10 08:00:00,50%平均蒸发温度T50%,延化120万吨/年催化重整装置
843.8,ST040003,<p>kg/m<sup>3</sup></p>,2025-05-10 08:00:00,密度,延化120万吨/年催化重整装置
202.7,ST040003,℃,2025-05-10 08:00:00,终馏点蒸发温度TFBP,延化120万吨/年催化重整装置
98.0,ST040003,<p>%</p>,2025-05-10 08:00:00,全馏,延化120万吨/年催化重整装置
0.8,ST040003,<p>%</p>,2025-05-10 08:00:00,平均残留百分数(B),延化120万吨/年催化重整装置
169.0,ST040003,℃,2025-05-10 08:00:00,90%平均蒸发温度T90%,延化120万吨/年催化重整装置
842.0,ST040003,<p>kg/m<sup>3</sup></p>,2025-05-11 08:00:00,密度,延化120万吨/年催化重整装置
167.1,ST040003,℃,2025-05-11 08:00:00,90%平均蒸发温度T90%,延化120万吨/年催化重整装置
200.7,ST040003,℃,2025-05-11 08:00:00,终馏点蒸发温度TFBP,延化120万吨/年催化重整装置
133.0,ST040003,℃,2025-05-11 08:00:00,50%平均蒸发温度T50%,延化120万吨/年催化重整装置
0.8,ST040003,<p>%</p>,2025-05-11 08:00:00,平均残留百分数(B),延化120万吨/年催化重整装置
107.1,ST040003,℃,2025-05-11 08:00:00,初馏点蒸发温度 TIBP,延化120万吨/年催化重整装置
120.3,ST040003,℃,2025-05-11 08:00:00,10%平均蒸发温度T10%,延化120万吨/年催化重整装置
98.0,ST040003,<p>%</p>,2025-05-11 08:00:00,全馏,延化120万吨/年催化重整装置
166.0,ST040003,℃,2025-05-12 08:00:00,90%平均蒸发温度T90%,延化120万吨/年催化重整装置
844.2,ST040003,<p>kg/m<sup>3</sup></p>,2025-05-12 08:00:00,密度,延化120万吨/年催化重整装置
106.9,ST040003,℃,2025-05-12 08:00:00,初馏点蒸发温度 TIBP,延化120万吨/年催化重整装置
0.8,ST040003,<p>%</p>,2025-05-12 08:00:00,平均残留百分数(B),延化120万吨/年催化重整装置
133.1,ST040003,℃,2025-05-12 08:00:00,50%平均蒸发温度T50%,延化120万吨/年催化重整装置
199.5,ST040003,℃,2025-05-12 08:00:00,终馏点蒸发温度TFBP,延化120万吨/年催化重整装置
98.0,ST040003,<p>%</p>,2025-05-12 08:00:00,全馏,延化120万吨/年催化重整装置
121.9,ST040003,℃,2025-05-12 08:00:00,10%平均蒸发温度T10%,延化120万吨/年催化重整装置
167.9,ST040003,℃,2025-05-13 08:00:00,90%平均蒸发温度T90%,延化120万吨/年催化重整装置
106.8,ST040003,℃,2025-05-13 08:00:00,初馏点蒸发温度 TIBP,延化120万吨/年催化重整装置
121.7,ST040003,℃,2025-05-13 08:00:00,10%平均蒸发温度T10%,延化120万吨/年催化重整装置
845.1,ST040003,<p>kg/m<sup>3</sup></p>,2025-05-13 08:00:00,密度,延化120万吨/年催化重整装置
201.4,ST040003,℃,2025-05-13 08:00:00,终馏点蒸发温度TFBP,延化120万吨/年催化重整装置
98.0,ST040003,<p>%</p>,2025-05-13 08:00:00,全馏,延化120万吨/年催化重整装置
0.8,ST040003,<p>%</p>,2025-05-13 08:00:00,平均残留百分数(B),延化120万吨/年催化重整装置
141.9,ST040003,℃,2025-05-13 08:00:00,50%平均蒸发温度T50%,延化120万吨/年催化重整装置
2.87,ST040003,<p>%</p>,2025-05-14 08:00:00,正构烷烃,延化120万吨/年催化重整装置
7.61,ST040003,<p>%</p>,2025-05-14 08:00:00,异构烷烃,延化120万吨/年催化重整装置
845.6,ST040003,<p>kg/m<sup>3</sup></p>,2025-05-14 08:00:00,密度,延化120万吨/年催化重整装置
106.8,ST040003,℃,2025-05-14 08:00:00,初馏点蒸发温度 TIBP,延化120万吨/年催化重整装置
121.9,ST040003,℃,2025-05-14 08:00:00,10%平均蒸发温度T10%,延化120万吨/年催化重整装置
142.7,ST040003,℃,2025-05-14 08:00:00,50%平均蒸发温度T50%,延化120万吨/年催化重整装置
169.0,ST040003,℃,2025-05-14 08:00:00,90%平均蒸发温度T90%,延化120万吨/年催化重整装置
98.0,ST040003,<p>%</p>,2025-05-14 08:00:00,全馏,延化120万吨/年催化重整装置
0.8,ST040003,<p>%</p>,2025-05-14 08:00:00,平均残留百分数(B),延化120万吨/年催化重整装置
202.9,ST040003,℃,2025-05-14 08:00:00,终馏点蒸发温度TFBP,延化120万吨/年催化重整装置
11.66,ST040003,<p>%</p>,2025-05-14 08:00:00,烷烃含量,延化120万吨/年催化重整装置
0.40,ST040003,<p>%</p>,2025-05-14 08:00:00,烯烃含量,延化120万吨/年催化重整装置
1.18,ST040003,<p>%</p>,2025-05-14 08:00:00,环烷烃含量,延化120万吨/年催化重整装置
87.55,ST040003,<p>%</p>,2025-05-14 08:00:00,芳烃含量,延化120万吨/年催化重整装置
0.21,ST040003,<p>%</p>,2025-05-14 08:00:00,苯含量,延化120万吨/年催化重整装置
106.4,ST040003,,2025-05-14 08:00:00,模拟法辛烷值,延化120万吨/年催化重整装置
98.0,ST040003,<p>%</p>,2025-05-15 08:00:00,全馏,延化120万吨/年催化重整装置
843.1,ST040003,<p>kg/m<sup>3</sup></p>,2025-05-15 08:00:00,密度,延化120万吨/年催化重整装置
106.8,ST040003,℃,2025-05-15 08:00:00,初馏点蒸发温度 TIBP,延化120万吨/年催化重整装置
0.8,ST040003,<p>%</p>,2025-05-15 08:00:00,平均残留百分数(B),延化120万吨/年催化重整装置
142.1,ST040003,℃,2025-05-15 08:00:00,50%平均蒸发温度T50%,延化120万吨/年催化重整装置
167.6,ST040003,℃,2025-05-15 08:00:00,90%平均蒸发温度T90%,延化120万吨/年催化重整装置
201.7,ST040003,℃,2025-05-15 08:00:00,终馏点蒸发温度TFBP,延化120万吨/年催化重整装置
121.1,ST040003,℃,2025-05-15 08:00:00,10%平均蒸发温度T10%,延化120万吨/年催化重整装置
119.6,ST040003,℃,2025-05-16 08:00:00,10%平均蒸发温度T10%,延化120万吨/年催化重整装置
142.3,ST040003,℃,2025-05-16 08:00:00,50%平均蒸发温度T50%,延化120万吨/年催化重整装置
166.5,ST040003,℃,2025-05-16 08:00:00,90%平均蒸发温度T90%,延化120万吨/年催化重整装置
842.3,ST040003,<p>kg/m<sup>3</sup></p>,2025-05-16 08:00:00,密度,延化120万吨/年催化重整装置
98.0,ST040003,<p>%</p>,2025-05-16 08:00:00,全馏,延化120万吨/年催化重整装置
0.8,ST040003,<p>%</p>,2025-05-16 08:00:00,平均残留百分数(B),延化120万吨/年催化重整装置
107.4,ST040003,℃,2025-05-16 08:00:00,初馏点蒸发温度 TIBP,延化120万吨/年催化重整装置
200.3,ST040003,℃,2025-05-16 08:00:00,终馏点蒸发温度TFBP,延化120万吨/年催化重整装置
842.4,ST040003,<p>kg/m<sup>3</sup></p>,2025-05-17 08:00:00,密度,延化120万吨/年催化重整装置
166.5,ST040003,℃,2025-05-17 08:00:00,90%平均蒸发温度T90%,延化120万吨/年催化重整装置
107.1,ST040003,℃,2025-05-17 08:00:00,初馏点蒸发温度 TIBP,延化120万吨/年催化重整装置
0.8,ST040003,<p>%</p>,2025-05-17 08:00:00,平均残留百分数(B),延化120万吨/年催化重整装置
142.3,ST040003,℃,2025-05-17 08:00:00,50%平均蒸发温度T50%,延化120万吨/年催化重整装置
200.1,ST040003,℃,2025-05-17 08:00:00,终馏点蒸发温度TFBP,延化120万吨/年催化重整装置
98.0,ST040003,<p>%</p>,2025-05-17 08:00:00,全馏,延化120万吨/年催化重整装置
120.5,ST040003,℃,2025-05-17 08:00:00,10%平均蒸发温度T10%,延化120万吨/年催化重整装置
842.8,ST040003,<p>kg/m<sup>3</sup></p>,2025-05-18 08:00:00,密度,延化120万吨/年催化重整装置
107.2,ST040003,℃,2025-05-18 08:00:00,初馏点蒸发温度 TIBP,延化120万吨/年催化重整装置
119.2,ST040003,℃,2025-05-18 08:00:00,10%平均蒸发温度T10%,延化120万吨/年催化重整装置
0.8,ST040003,<p>%</p>,2025-05-18 08:00:00,平均残留百分数(B),延化120万吨/年催化重整装置
166.5,ST040003,℃,2025-05-18 08:00:00,90%平均蒸发温度T90%,延化120万吨/年催化重整装置
200.3,ST040003,℃,2025-05-18 08:00:00,终馏点蒸发温度TFBP,延化120万吨/年催化重整装置
98.0,ST040003,<p>%</p>,2025-05-18 08:00:00,全馏,延化120万吨/年催化重整装置
140.0,ST040003,℃,2025-05-18 08:00:00,50%平均蒸发温度T50%,延化120万吨/年催化重整装置
167.5,ST040003,℃,2025-05-19 08:00:00,90%平均蒸发温度T90%,延化120万吨/年催化重整装置
106.8,ST040003,℃,2025-05-19 08:00:00,初馏点蒸发温度 TIBP,延化120万吨/年催化重整装置
121.7,ST040003,℃,2025-05-19 08:00:00,10%平均蒸发温度T10%,延化120万吨/年催化重整装置
843.5,ST040003,<p>kg/m<sup>3</sup></p>,2025-05-19 08:00:00,密度,延化120万吨/年催化重整装置
200.6,ST040003,℃,2025-05-19 08:00:00,终馏点蒸发温度TFBP,延化120万吨/年催化重整装置
98.0,ST040003,<p>%</p>,2025-05-19 08:00:00,全馏,延化120万吨/年催化重整装置
0.8,ST040003,<p>%</p>,2025-05-19 08:00:00,平均残留百分数(B),延化120万吨/年催化重整装置
141.9,ST040003,℃,2025-05-19 08:00:00,50%平均蒸发温度T50%,延化120万吨/年催化重整装置
98.0,ST040003,<p>%</p>,2025-05-20 08:00:00,全馏,延化120万吨/年催化重整装置
0.8,ST040003,<p>%</p>,2025-05-20 08:00:00,平均残留百分数(B),延化120万吨/年催化重整装置
842.6,ST040003,<p>kg/m<sup>3</sup></p>,2025-05-20 08:00:00,密度,延化120万吨/年催化重整装置
201.0,ST040003,℃,2025-05-20 08:00:00,终馏点蒸发温度TFBP,延化120万吨/年催化重整装置
121.5,ST040003,℃,2025-05-20 08:00:00,10%平均蒸发温度T10%,延化120万吨/年催化重整装置
142.1,ST040003,℃,2025-05-20 08:00:00,50%平均蒸发温度T50%,延化120万吨/年催化重整装置
168.2,ST040003,℃,2025-05-20 08:00:00,90%平均蒸发温度T90%,延化120万吨/年催化重整装置
106.9,ST040003,℃,2025-05-20 08:00:00,初馏点蒸发温度 TIBP,延化120万吨/年催化重整装置
199.9,ST040003,℃,2025-05-21 08:00:00,终馏点蒸发温度TFBP,延化120万吨/年催化重整装置
106.3,ST040003,,2025-05-21 08:00:00,模拟法辛烷值,延化120万吨/年催化重整装置
119.7,ST040003,℃,2025-05-21 08:00:00,10%平均蒸发温度T10%,延化120万吨/年催化重整装置
137.4,ST040003,℃,2025-05-21 08:00:00,50%平均蒸发温度T50%,延化120万吨/年催化重整装置
165.1,ST040003,℃,2025-05-21 08:00:00,90%平均蒸发温度T90%,延化120万吨/年催化重整装置
98.0,ST040003,<p>%</p>,2025-05-21 08:00:00,全馏,延化120万吨/年催化重整装置
0.8,ST040003,<p>%</p>,2025-05-21 08:00:00,平均残留百分数(B),延化120万吨/年催化重整装置
842.7,ST040003,<p>kg/m<sup>3</sup></p>,2025-05-21 08:00:00,密度,延化120万吨/年催化重整装置
2.97,ST040003,<p>%</p>,2025-05-21 08:00:00,正构烷烃,延化120万吨/年催化重整装置
8.13,ST040003,<p>%</p>,2025-05-21 08:00:00,异构烷烃,延化120万吨/年催化重整装置
12.22,ST040003,<p>%</p>,2025-05-21 08:00:00,烷烃含量,延化120万吨/年催化重整装置
0.43,ST040003,<p>%</p>,2025-05-21 08:00:00,烯烃含量,延化120万吨/年催化重整装置
1.12,ST040003,<p>%</p>,2025-05-21 08:00:00,环烷烃含量,延化120万吨/年催化重整装置
87.05,ST040003,<p>%</p>,2025-05-21 08:00:00,芳烃含量,延化120万吨/年催化重整装置
0.20,ST040003,<p>%</p>,2025-05-21 08:00:00,苯含量,延化120万吨/年催化重整装置
107.3,ST040003,℃,2025-05-21 08:00:00,初馏点蒸发温度 TIBP,延化120万吨/年催化重整装置
132.8,ST040003,℃,2025-05-22 08:00:00,50%平均蒸发温度T50%,延化120万吨/年催化重整装置
844.0,ST040003,<p>kg/m<sup>3</sup></p>,2025-05-22 08:00:00,密度,延化120万吨/年催化重整装置
106.9,ST040003,℃,2025-05-22 08:00:00,初馏点蒸发温度 TIBP,延化120万吨/年催化重整装置
0.8,ST040003,<p>%</p>,2025-05-22 08:00:00,平均残留百分数(B),延化120万吨/年催化重整装置
166.7,ST040003,℃,2025-05-22 08:00:00,90%平均蒸发温度T90%,延化120万吨/年催化重整装置
201.5,ST040003,℃,2025-05-22 08:00:00,终馏点蒸发温度TFBP,延化120万吨/年催化重整装置
98.0,ST040003,<p>%</p>,2025-05-22 08:00:00,全馏,延化120万吨/年催化重整装置
121.8,ST040003,℃,2025-05-22 08:00:00,10%平均蒸发温度T10%,延化120万吨/年催化重整装置
163.6,ST040003,℃,2025-05-23 08:00:00,90%平均蒸发温度T90%,延化120万吨/年催化重整装置
841.3,ST040003,<p>kg/m<sup>3</sup></p>,2025-05-23 08:00:00,密度,延化120万吨/年催化重整装置
107.4,ST040003,℃,2025-05-23 08:00:00,初馏点蒸发温度 TIBP,延化120万吨/年催化重整装置
0.8,ST040003,<p>%</p>,2025-05-23 08:00:00,平均残留百分数(B),延化120万吨/年催化重整装置
132.4,ST040003,℃,2025-05-23 08:00:00,50%平均蒸发温度T50%,延化120万吨/年催化重整装置
197.8,ST040003,℃,2025-05-23 08:00:00,终馏点蒸发温度TFBP,延化120万吨/年催化重整装置
98.0,ST040003,<p>%</p>,2025-05-23 08:00:00,全馏,延化120万吨/年催化重整装置
119.3,ST040003,℃,2025-05-23 08:00:00,10%平均蒸发温度T10%,延化120万吨/年催化重整装置
107.2,ST040003,℃,2025-05-24 08:00:00,初馏点蒸发温度 TIBP,延化120万吨/年催化重整装置
119.9,ST040003,℃,2025-05-24 08:00:00,10%平均蒸发温度T10%,延化120万吨/年催化重整装置
132.5,ST040003,℃,2025-05-24 08:00:00,50%平均蒸发温度T50%,延化120万吨/年催化重整装置
842.6,ST040003,<p>kg/m<sup>3</sup></p>,2025-05-24 08:00:00,密度,延化120万吨/年催化重整装置
200.8,ST040003,℃,2025-05-24 08:00:00,终馏点蒸发温度TFBP,延化120万吨/年催化重整装置
98.0,ST040003,<p>%</p>,2025-05-24 08:00:00,全馏,延化120万吨/年催化重整装置
0.8,ST040003,<p>%</p>,2025-05-24 08:00:00,平均残留百分数(B),延化120万吨/年催化重整装置
165.4,ST040003,℃,2025-05-24 08:00:00,90%平均蒸发温度T90%,延化120万吨/年催化重整装置
841.2,ST040003,<p>kg/m<sup>3</sup></p>,2025-05-25 08:00:00,密度,延化120万吨/年催化重整装置
200.8,ST040003,℃,2025-05-25 08:00:00,终馏点蒸发温度TFBP,延化120万吨/年催化重整装置
107.4,ST040003,℃,2025-05-25 08:00:00,初馏点蒸发温度 TIBP,延化120万吨/年催化重整装置
0.8,ST040003,<p>%</p>,2025-05-25 08:00:00,平均残留百分数(B),延化120万吨/年催化重整装置
132.5,ST040003,℃,2025-05-25 08:00:00,50%平均蒸发温度T50%,延化120万吨/年催化重整装置
165.5,ST040003,℃,2025-05-25 08:00:00,90%平均蒸发温度T90%,延化120万吨/年催化重整装置
98.0,ST040003,<p>%</p>,2025-05-25 08:00:00,全馏,延化120万吨/年催化重整装置
119.3,ST040003,℃,2025-05-25 08:00:00,10%平均蒸发温度T10%,延化120万吨/年催化重整装置
841.1,ST040003,<p>kg/m<sup>3</sup></p>,2025-05-26 08:00:00,密度,延化120万吨/年催化重整装置
163.5,ST040003,℃,2025-05-26 08:00:00,90%平均蒸发温度T90%,延化120万吨/年催化重整装置
107.5,ST040003,℃,2025-05-26 08:00:00,初馏点蒸发温度 TIBP,延化120万吨/年催化重整装置
0.8,ST040003,<p>%</p>,2025-05-26 08:00:00,平均残留百分数(B),延化120万吨/年催化重整装置
132.3,ST040003,℃,2025-05-26 08:00:00,50%平均蒸发温度T50%,延化120万吨/年催化重整装置
198.6,ST040003,℃,2025-05-26 08:00:00,终馏点蒸发温度TFBP,延化120万吨/年催化重整装置
98.0,ST040003,<p>%</p>,2025-05-26 08:00:00,全馏,延化120万吨/年催化重整装置
119.2,ST040003,℃,2025-05-26 08:00:00,10%平均蒸发温度T10%,延化120万吨/年催化重整装置
132.5,ST040003,℃,2025-05-27 08:00:00,50%平均蒸发温度T50%,延化120万吨/年催化重整装置
839.9,ST040003,<p>kg/m<sup>3</sup></p>,2025-05-27 08:00:00,密度,延化120万吨/年催化重整装置
107.5,ST040003,℃,2025-05-27 08:00:00,初馏点蒸发温度 TIBP,延化120万吨/年催化重整装置
0.8,ST040003,<p>%</p>,2025-05-27 08:00:00,平均残留百分数(B),延化120万吨/年催化重整装置
166.0,ST040003,℃,2025-05-27 08:00:00,90%平均蒸发温度T90%,延化120万吨/年催化重整装置
201.2,ST040003,℃,2025-05-27 08:00:00,终馏点蒸发温度TFBP,延化120万吨/年催化重整装置
98.0,ST040003,<p>%</p>,2025-05-27 08:00:00,全馏,延化120万吨/年催化重整装置
118.9,ST040003,℃,2025-05-27 08:00:00,10%平均蒸发温度T10%,延化120万吨/年催化重整装置
122.3,ST040003,℃,2025-05-28 08:00:00,10%平均蒸发温度T10%,延化120万吨/年催化重整装置
107.0,ST040003,℃,2025-05-28 08:00:00,初馏点蒸发温度 TIBP,延化120万吨/年催化重整装置
198.9,ST040003,℃,2025-05-28 08:00:00,终馏点蒸发温度TFBP,延化120万吨/年催化重整装置
0.40,ST040003,<p>%</p>,2025-05-28 08:00:00,烯烃含量,延化120万吨/年催化重整装置
3.13,ST040003,<p>%</p>,2025-05-28 08:00:00,正构烷烃,延化120万吨/年催化重整装置
7.37,ST040003,<p>%</p>,2025-05-28 08:00:00,异构烷烃,延化120万吨/年催化重整装置
11.51,ST040003,<p>%</p>,2025-05-28 08:00:00,烷烃含量,延化120万吨/年催化重整装置
1.01,ST040003,<p>%</p>,2025-05-28 08:00:00,环烷烃含量,延化120万吨/年催化重整装置
88.03,ST040003,<p>%</p>,2025-05-28 08:00:00,芳烃含量,延化120万吨/年催化重整装置
0.16,ST040003,<p>%</p>,2025-05-28 08:00:00,苯含量,延化120万吨/年催化重整装置
106.3,ST040003,,2025-05-28 08:00:00,模拟法辛烷值,延化120万吨/年催化重整装置
844.9,ST040003,<p>kg/m<sup>3</sup></p>,2025-05-28 08:00:00,密度,延化120万吨/年催化重整装置
164.5,ST040003,℃,2025-05-28 08:00:00,90%平均蒸发温度T90%,延化120万吨/年催化重整装置
98.0,ST040003,<p>%</p>,2025-05-28 08:00:00,全馏,延化120万吨/年催化重整装置
0.8,ST040003,<p>%</p>,2025-05-28 08:00:00,平均残留百分数(B),延化120万吨/年催化重整装置
132.5,ST040003,℃,2025-05-28 08:00:00,50%平均蒸发温度T50%,延化120万吨/年催化重整装置
840.9,ST040003,<p>kg/m<sup>3</sup></p>,2025-05-29 08:00:00,密度,延化120万吨/年催化重整装置
107.6,ST040003,℃,2025-05-29 08:00:00,初馏点蒸发温度 TIBP,延化120万吨/年催化重整装置
119.2,ST040003,℃,2025-05-29 08:00:00,10%平均蒸发温度T10%,延化120万吨/年催化重整装置
0.8,ST040003,<p>%</p>,2025-05-29 08:00:00,平均残留百分数(B),延化120万吨/年催化重整装置
165.4,ST040003,℃,2025-05-29 08:00:00,90%平均蒸发温度T90%,延化120万吨/年催化重整装置
200.5,ST040003,℃,2025-05-29 08:00:00,终馏点蒸发温度TFBP,延化120万吨/年催化重整装置
98.0,ST040003,<p>%</p>,2025-05-29 08:00:00,全馏,延化120万吨/年催化重整装置
132.7,ST040003,℃,2025-05-29 08:00:00,50%平均蒸发温度T50%,延化120万吨/年催化重整装置
132.8,ST040003,℃,2025-05-30 08:00:00,50%平均蒸发温度T50%,延化120万吨/年催化重整装置
841.5,ST040003,<p>kg/m<sup>3</sup></p>,2025-05-30 08:00:00,密度,延化120万吨/年催化重整装置
106.9,ST040003,℃,2025-05-30 08:00:00,初馏点蒸发温度 TIBP,延化120万吨/年催化重整装置
0.8,ST040003,<p>%</p>,2025-05-30 08:00:00,平均残留百分数(B),延化120万吨/年催化重整装置
166.0,ST040003,℃,2025-05-30 08:00:00,90%平均蒸发温度T90%,延化120万吨/年催化重整装置
200.8,ST040003,℃,2025-05-30 08:00:00,终馏点蒸发温度TFBP,延化120万吨/年催化重整装置
98.0,ST040003,<p>%</p>,2025-05-30 08:00:00,全馏,延化120万吨/年催化重整装置
122.1,ST040003,℃,2025-05-30 08:00:00,10%平均蒸发温度T10%,延化120万吨/年催化重整装置
107.2,ST040003,℃,2025-05-31 08:00:00,初馏点蒸发温度 TIBP,延化120万吨/年催化重整装置
123.9,ST040003,℃,2025-05-31 08:00:00,10%平均蒸发温度T10%,延化120万吨/年催化重整装置
133.0,ST040003,℃,2025-05-31 08:00:00,50%平均蒸发温度T50%,延化120万吨/年催化重整装置
841.2,ST040003,<p>kg/m<sup>3</sup></p>,2025-05-31 08:00:00,密度,延化120万吨/年催化重整装置
202.4,ST040003,℃,2025-05-31 08:00:00,终馏点蒸发温度TFBP,延化120万吨/年催化重整装置
98.0,ST040003,<p>%</p>,2025-05-31 08:00:00,全馏,延化120万吨/年催化重整装置
0.8,ST040003,<p>%</p>,2025-05-31 08:00:00,平均残留百分数(B),延化120万吨/年催化重整装置
168.6,ST040003,℃,2025-05-31 08:00:00,90%平均蒸发温度T90%,延化120万吨/年催化重整装置
200.3,ST040003,℃,2025-06-01 08:00:00,终馏点蒸发温度TFBP,延化120万吨/年催化重整装置
107.3,ST040003,℃,2025-06-01 08:00:00,初馏点蒸发温度 TIBP,延化120万吨/年催化重整装置
119.9,ST040003,℃,2025-06-01 08:00:00,10%平均蒸发温度T10%,延化120万吨/年催化重整装置
842.1,ST040003,<p>kg/m<sup>3</sup></p>,2025-06-01 08:00:00,密度,延化120万吨/年催化重整装置
165.6,ST040003,℃,2025-06-01 08:00:00,90%平均蒸发温度T90%,延化120万吨/年催化重整装置
98.0,ST040003,<p>%</p>,2025-06-01 08:00:00,全馏,延化120万吨/年催化重整装置
0.8,ST040003,<p>%</p>,2025-06-01 08:00:00,平均残留百分数(B),延化120万吨/年催化重整装置
132.6,ST040003,℃,2025-06-01 08:00:00,50%平均蒸发温度T50%,延化120万吨/年催化重整装置
200.0,ST040003,℃,2025-06-02 08:00:00,终馏点蒸发温度TFBP,延化120万吨/年催化重整装置
107.6,ST040003,℃,2025-06-02 08:00:00,初馏点蒸发温度 TIBP,延化120万吨/年催化重整装置
119.5,ST040003,℃,2025-06-02 08:00:00,10%平均蒸发温度T10%,延化120万吨/年催化重整装置
841.6,ST040003,<p>kg/m<sup>3</sup></p>,2025-06-02 08:00:00,密度,延化120万吨/年催化重整装置
165.2,ST040003,℃,2025-06-02 08:00:00,90%平均蒸发温度T90%,延化120万吨/年催化重整装置
98.0,ST040003,<p>%</p>,2025-06-02 08:00:00,全馏,延化120万吨/年催化重整装置
0.8,ST040003,<p>%</p>,2025-06-02 08:00:00,平均残留百分数(B),延化120万吨/年催化重整装置
132.5,ST040003,℃,2025-06-02 08:00:00,50%平均蒸发温度T50%,延化120万吨/年催化重整装置
839.6,ST040003,<p>kg/m<sup>3</sup></p>,2025-06-03 08:00:00,密度,延化120万吨/年催化重整装置
164.9,ST040003,℃,2025-06-03 08:00:00,90%平均蒸发温度T90%,延化120万吨/年催化重整装置
107.5,ST040003,℃,2025-06-03 08:00:00,初馏点蒸发温度 TIBP,延化120万吨/年催化重整装置
0.8,ST040003,<p>%</p>,2025-06-03 08:00:00,平均残留百分数(B),延化120万吨/年催化重整装置
132.5,ST040003,℃,2025-06-03 08:00:00,50%平均蒸发温度T50%,延化120万吨/年催化重整装置
197.7,ST040003,℃,2025-06-03 08:00:00,终馏点蒸发温度TFBP,延化120万吨/年催化重整装置
98.0,ST040003,<p>%</p>,2025-06-03 08:00:00,全馏,延化120万吨/年催化重整装置
119.0,ST040003,℃,2025-06-03 08:00:00,10%平均蒸发温度T10%,延化120万吨/年催化重整装置
3.28,ST040003,<p>%</p>,2025-06-04 08:00:00,正构烷烃,延化120万吨/年催化重整装置
0.8,ST040003,<p>%</p>,2025-06-04 08:00:00,平均残留百分数(B),延化120万吨/年催化重整装置
12.96,ST040003,<p>%</p>,2025-06-04 08:00:00,烷烃含量,延化120万吨/年催化重整装置
0.44,ST040003,<p>%</p>,2025-06-04 08:00:00,烯烃含量,延化120万吨/年催化重整装置
1.21,ST040003,<p>%</p>,2025-06-04 08:00:00,环烷烃含量,延化120万吨/年催化重整装置
86.28,ST040003,<p>%</p>,2025-06-04 08:00:00,芳烃含量,延化120万吨/年催化重整装置
0.21,ST040003,<p>%</p>,2025-06-04 08:00:00,苯含量,延化120万吨/年催化重整装置
105.5,ST040003,,2025-06-04 08:00:00,模拟法辛烷值,延化120万吨/年催化重整装置
201.5,ST040003,℃,2025-06-04 08:00:00,终馏点蒸发温度TFBP,延化120万吨/年催化重整装置
841.6,ST040003,<p>kg/m<sup>3</sup></p>,2025-06-04 08:00:00,密度,延化120万吨/年催化重整装置
107.2,ST040003,℃,2025-06-04 08:00:00,初馏点蒸发温度 TIBP,延化120万吨/年催化重整装置
120.3,ST040003,℃,2025-06-04 08:00:00,10%平均蒸发温度T10%,延化120万吨/年催化重整装置
132.8,ST040003,℃,2025-06-04 08:00:00,50%平均蒸发温度T50%,延化120万吨/年催化重整装置
167.7,ST040003,℃,2025-06-04 08:00:00,90%平均蒸发温度T90%,延化120万吨/年催化重整装置
98.0,ST040003,<p>%</p>,2025-06-04 08:00:00,全馏,延化120万吨/年催化重整装置
8.47,ST040003,<p>%</p>,2025-06-04 08:00:00,异构烷烃,延化120万吨/年催化重整装置
132.6,ST040003,℃,2025-06-05 08:00:00,50%平均蒸发温度T50%,延化120万吨/年催化重整装置
841.7,ST040003,<p>kg/m<sup>3</sup></p>,2025-06-05 08:00:00,密度,延化120万吨/年催化重整装置
107.1,ST040003,℃,2025-06-05 08:00:00,初馏点蒸发温度 TIBP,延化120万吨/年催化重整装置
0.8,ST040003,<p>%</p>,2025-06-05 08:00:00,平均残留百分数(B),延化120万吨/年催化重整装置
165.7,ST040003,℃,2025-06-05 08:00:00,90%平均蒸发温度T90%,延化120万吨/年催化重整装置
200.1,ST040003,℃,2025-06-05 08:00:00,终馏点蒸发温度TFBP,延化120万吨/年催化重整装置
98.0,ST040003,<p>%</p>,2025-06-05 08:00:00,全馏,延化120万吨/年催化重整装置
120.3,ST040003,℃,2025-06-05 08:00:00,10%平均蒸发温度T10%,延化120万吨/年催化重整装置
107.0,ST040003,℃,2025-06-06 08:00:00,初馏点蒸发温度 TIBP,延化120万吨/年催化重整装置
121.8,ST040003,℃,2025-06-06 08:00:00,10%平均蒸发温度T10%,延化120万吨/年催化重整装置
142.6,ST040003,℃,2025-06-06 08:00:00,50%平均蒸发温度T50%,延化120万吨/年催化重整装置
0.8,ST040003,<p>%</p>,2025-06-06 08:00:00,平均残留百分数(B),延化120万吨/年催化重整装置
842.7,ST040003,<p>kg/m<sup>3</sup></p>,2025-06-06 08:00:00,密度,延化120万吨/年催化重整装置
201.8,ST040003,℃,2025-06-06 08:00:00,终馏点蒸发温度TFBP,延化120万吨/年催化重整装置
98.0,ST040003,<p>%</p>,2025-06-06 08:00:00,全馏,延化120万吨/年催化重整装置
167.8,ST040003,℃,2025-06-06 08:00:00,90%平均蒸发温度T90%,延化120万吨/年催化重整装置
107.3,ST040003,℃,2025-06-07 08:00:00,初馏点蒸发温度 TIBP,延化120万吨/年催化重整装置
121.6,ST040003,℃,2025-06-07 08:00:00,10%平均蒸发温度T10%,延化120万吨/年催化重整装置
133.7,ST040003,℃,2025-06-07 08:00:00,50%平均蒸发温度T50%,延化120万吨/年催化重整装置
0.8,ST040003,<p>%</p>,2025-06-07 08:00:00,平均残留百分数(B),延化120万吨/年催化重整装置
166.6,ST040003,℃,2025-06-07 08:00:00,90%平均蒸发温度T90%,延化120万吨/年催化重整装置
200.5,ST040003,℃,2025-06-07 08:00:00,终馏点蒸发温度TFBP,延化120万吨/年催化重整装置
98.0,ST040003,<p>%</p>,2025-06-07 08:00:00,全馏,延化120万吨/年催化重整装置
842.9,ST040003,<p>kg/m<sup>3</sup></p>,2025-06-07 08:00:00,密度,延化120万吨/年催化重整装置
107.2,ST040003,℃,2025-06-08 08:00:00,初馏点蒸发温度 TIBP,延化120万吨/年催化重整装置
120.3,ST040003,℃,2025-06-08 08:00:00,10%平均蒸发温度T10%,延化120万吨/年催化重整装置
132.5,ST040003,℃,2025-06-08 08:00:00,50%平均蒸发温度T50%,延化120万吨/年催化重整装置
0.8,ST040003,<p>%</p>,2025-06-08 08:00:00,平均残留百分数(B),延化120万吨/年催化重整装置
200.0,ST040003,℃,2025-06-08 08:00:00,终馏点蒸发温度TFBP,延化120万吨/年催化重整装置
98.0,ST040003,<p>%</p>,2025-06-08 08:00:00,全馏,延化120万吨/年催化重整装置
843.1,ST040003,<p>kg/m<sup>3</sup></p>,2025-06-08 08:00:00,密度,延化120万吨/年催化重整装置
165.2,ST040003,℃,2025-06-08 08:00:00,90%平均蒸发温度T90%,延化120万吨/年催化重整装置
842.6,ST040003,<p>kg/m<sup>3</sup></p>,2025-06-09 08:00:00,密度,延化120万吨/年催化重整装置
106.9,ST040003,℃,2025-06-09 08:00:00,初馏点蒸发温度 TIBP,延化120万吨/年催化重整装置
121.5,ST040003,℃,2025-06-09 08:00:00,10%平均蒸发温度T10%,延化120万吨/年催化重整装置
0.8,ST040003,<p>%</p>,2025-06-09 08:00:00,平均残留百分数(B),延化120万吨/年催化重整装置
165.2,ST040003,℃,2025-06-09 08:00:00,90%平均蒸发温度T90%,延化120万吨/年催化重整装置
199.3,ST040003,℃,2025-06-09 08:00:00,终馏点蒸发温度TFBP,延化120万吨/年催化重整装置
98.0,ST040003,<p>%</p>,2025-06-09 08:00:00,全馏,延化120万吨/年催化重整装置
132.5,ST040003,℃,2025-06-09 08:00:00,50%平均蒸发温度T50%,延化120万吨/年催化重整装置
841.3,ST040003,<p>kg/m<sup>3</sup></p>,2025-06-10 08:00:00,密度,延化120万吨/年催化重整装置
121.1,ST040003,℃,2025-06-10 08:00:00,10%平均蒸发温度T10%,延化120万吨/年催化重整装置
132.6,ST040003,℃,2025-06-10 08:00:00,50%平均蒸发温度T50%,延化120万吨/年催化重整装置
98.0,ST040003,<p>%</p>,2025-06-10 08:00:00,全馏,延化120万吨/年催化重整装置
200.1,ST040003,℃,2025-06-10 08:00:00,终馏点蒸发温度TFBP,延化120万吨/年催化重整装置
0.8,ST040003,<p>%</p>,2025-06-10 08:00:00,平均残留百分数(B),延化120万吨/年催化重整装置
106.9,ST040003,℃,2025-06-10 08:00:00,初馏点蒸发温度 TIBP,延化120万吨/年催化重整装置
165.9,ST040003,℃,2025-06-10 08:00:00,90%平均蒸发温度T90%,延化120万吨/年催化重整装置
3.36,ST040003,<p>%</p>,2025-06-11 08:00:00,正构烷烃,延化120万吨/年催化重整装置
0.8,ST040003,<p>%</p>,2025-06-11 08:00:00,平均残留百分数(B),延化120万吨/年催化重整装置
13.67,ST040003,<p>%</p>,2025-06-11 08:00:00,烷烃含量,延化120万吨/年催化重整装置
0.45,ST040003,<p>%</p>,2025-06-11 08:00:00,烯烃含量,延化120万吨/年催化重整装置
1.13,ST040003,<p>%</p>,2025-06-11 08:00:00,环烷烃含量,延化120万吨/年催化重整装置
85.80,ST040003,<p>%</p>,2025-06-11 08:00:00,芳烃含量,延化120万吨/年催化重整装置
0.18,ST040003,<p>%</p>,2025-06-11 08:00:00,苯含量,延化120万吨/年催化重整装置
104.7,ST040003,,2025-06-11 08:00:00,模拟法辛烷值,延化120万吨/年催化重整装置
841.0,ST040003,<p>kg/m<sup>3</sup></p>,2025-06-11 08:00:00,密度,延化120万吨/年催化重整装置
107.6,ST040003,℃,2025-06-11 08:00:00,初馏点蒸发温度 TIBP,延化120万吨/年催化重整装置
119.3,ST040003,℃,2025-06-11 08:00:00,10%平均蒸发温度T10%,延化120万吨/年催化重整装置
132.4,ST040003,℃,2025-06-11 08:00:00,50%平均蒸发温度T50%,延化120万吨/年催化重整装置
164.4,ST040003,℃,2025-06-11 08:00:00,90%平均蒸发温度T90%,延化120万吨/年催化重整装置
198.0,ST040003,℃,2025-06-11 08:00:00,终馏点蒸发温度TFBP,延化120万吨/年催化重整装置
98.0,ST040003,<p>%</p>,2025-06-11 08:00:00,全馏,延化120万吨/年催化重整装置
9.18,ST040003,<p>%</p>,2025-06-11 08:00:00,异构烷烃,延化120万吨/年催化重整装置
98.0,ST040003,<p>%</p>,2025-06-12 08:00:00,全馏,延化120万吨/年催化重整装置
107.3,ST040003,℃,2025-06-12 08:00:00,初馏点蒸发温度 TIBP,延化120万吨/年催化重整装置
121.5,ST040003,℃,2025-06-12 08:00:00,10%平均蒸发温度T10%,延化120万吨/年催化重整装置
841.2,ST040003,<p>kg/m<sup>3</sup></p>,2025-06-12 08:00:00,密度,延化120万吨/年催化重整装置
168.7,ST040003,℃,2025-06-12 08:00:00,90%平均蒸发温度T90%,延化120万吨/年催化重整装置
201.3,ST040003,℃,2025-06-12 08:00:00,终馏点蒸发温度TFBP,延化120万吨/年催化重整装置
0.8,ST040003,<p>%</p>,2025-06-12 08:00:00,平均残留百分数(B),延化120万吨/年催化重整装置
142.2,ST040003,℃,2025-06-12 08:00:00,50%平均蒸发温度T50%,延化120万吨/年催化重整装置
132.6,ST040003,℃,2025-06-13 08:00:00,50%平均蒸发温度T50%,延化120万吨/年催化重整装置
842.2,ST040003,<p>kg/m<sup>3</sup></p>,2025-06-13 08:00:00,密度,延化120万吨/年催化重整装置
107.3,ST040003,℃,2025-06-13 08:00:00,初馏点蒸发温度 TIBP,延化120万吨/年催化重整装置
0.8,ST040003,<p>%</p>,2025-06-13 08:00:00,平均残留百分数(B),延化120万吨/年催化重整装置
165.6,ST040003,℃,2025-06-13 08:00:00,90%平均蒸发温度T90%,延化120万吨/年催化重整装置
200.4,ST040003,℃,2025-06-13 08:00:00,终馏点蒸发温度TFBP,延化120万吨/年催化重整装置
98.0,ST040003,<p>%</p>,2025-06-13 08:00:00,全馏,延化120万吨/年催化重整装置
120.0,ST040003,℃,2025-06-13 08:00:00,10%平均蒸发温度T10%,延化120万吨/年催化重整装置
107.5,ST040003,℃,2025-06-14 08:00:00,初馏点蒸发温度 TIBP,延化120万吨/年催化重整装置
119.2,ST040003,℃,2025-06-14 08:00:00,10%平均蒸发温度T10%,延化120万吨/年催化重整装置
132.7,ST040003,℃,2025-06-14 08:00:00,50%平均蒸发温度T50%,延化120万吨/年催化重整装置
840.7,ST040003,<p>kg/m<sup>3</sup></p>,2025-06-14 08:00:00,密度,延化120万吨/年催化重整装置
166.2,ST040003,℃,2025-06-14 08:00:00,90%平均蒸发温度T90%,延化120万吨/年催化重整装置
200.9,ST040003,℃,2025-06-14 08:00:00,终馏点蒸发温度TFBP,延化120万吨/年催化重整装置
98.0,ST040003,<p>%</p>,2025-06-14 08:00:00,全馏,延化120万吨/年催化重整装置
0.8,ST040003,<p>%</p>,2025-06-14 08:00:00,平均残留百分数(B),延化120万吨/年催化重整装置
107.0,ST040003,℃,2025-06-15 08:00:00,初馏点蒸发温度 TIBP,延化120万吨/年催化重整装置
121.9,ST040003,℃,2025-06-15 08:00:00,10%平均蒸发温度T10%,延化120万吨/年催化重整装置
132.5,ST040003,℃,2025-06-15 08:00:00,50%平均蒸发温度T50%,延化120万吨/年催化重整装置
164.9,ST040003,℃,2025-06-15 08:00:00,90%平均蒸发温度T90%,延化120万吨/年催化重整装置
197.7,ST040003,℃,2025-06-15 08:00:00,终馏点蒸发温度TFBP,延化120万吨/年催化重整装置
98.0,ST040003,<p>%</p>,2025-06-15 08:00:00,全馏,延化120万吨/年催化重整装置
0.8,ST040003,<p>%</p>,2025-06-15 08:00:00,平均残留百分数(B),延化120万吨/年催化重整装置
846.5,ST040003,<p>kg/m<sup>3</sup></p>,2025-06-15 08:00:00,密度,延化120万吨/年催化重整装置
199.3,ST040003,℃,2025-06-16 08:00:00,终馏点蒸发温度TFBP,延化120万吨/年催化重整装置
107.1,ST040003,℃,2025-06-16 08:00:00,初馏点蒸发温度 TIBP,延化120万吨/年催化重整装置
121.9,ST040003,℃,2025-06-16 08:00:00,10%平均蒸发温度T10%,延化120万吨/年催化重整装置
846.8,ST040003,<p>kg/m<sup>3</sup></p>,2025-06-16 08:00:00,密度,延化120万吨/年催化重整装置
164.7,ST040003,℃,2025-06-16 08:00:00,90%平均蒸发温度T90%,延化120万吨/年催化重整装置
98.0,ST040003,<p>%</p>,2025-06-16 08:00:00,全馏,延化120万吨/年催化重整装置
0.8,ST040003,<p>%</p>,2025-06-16 08:00:00,平均残留百分数(B),延化120万吨/年催化重整装置
132.6,ST040003,℃,2025-06-16 08:00:00,50%平均蒸发温度T50%,延化120万吨/年催化重整装置
843.4,ST040003,<p>kg/m<sup>3</sup></p>,2025-06-17 08:00:00,密度,延化120万吨/年催化重整装置
107.4,ST040003,℃,2025-06-17 08:00:00,初馏点蒸发温度 TIBP,延化120万吨/年催化重整装置
120.4,ST040003,℃,2025-06-17 08:00:00,10%平均蒸发温度T10%,延化120万吨/年催化重整装置
0.8,ST040003,<p>%</p>,2025-06-17 08:00:00,平均残留百分数(B),延化120万吨/年催化重整装置
164.9,ST040003,℃,2025-06-17 08:00:00,90%平均蒸发温度T90%,延化120万吨/年催化重整装置
199.5,ST040003,℃,2025-06-17 08:00:00,终馏点蒸发温度TFBP,延化120万吨/年催化重整装置
98.0,ST040003,<p>%</p>,2025-06-17 08:00:00,全馏,延化120万吨/年催化重整装置
132.5,ST040003,℃,2025-06-17 08:00:00,50%平均蒸发温度T50%,延化120万吨/年催化重整装置
841.7,ST040003,<p>kg/m<sup>3</sup></p>,2025-06-18 08:00:00,密度,延化120万吨/年催化重整装置
0.8,ST040003,<p>%</p>,2025-06-18 08:00:00,平均残留百分数(B),延化120万吨/年催化重整装置
8.44,ST040003,<p>%</p>,2025-06-18 08:00:00,异构烷烃,延化120万吨/年催化重整装置
12.55,ST040003,<p>%</p>,2025-06-18 08:00:00,烷烃含量,延化120万吨/年催化重整装置
0.45,ST040003,<p>%</p>,2025-06-18 08:00:00,烯烃含量,延化120万吨/年催化重整装置
1.10,ST040003,<p>%</p>,2025-06-18 08:00:00,环烷烃含量,延化120万吨/年催化重整装置
86.76,ST040003,<p>%</p>,2025-06-18 08:00:00,芳烃含量,延化120万吨/年催化重整装置
0.20,ST040003,<p>%</p>,2025-06-18 08:00:00,苯含量,延化120万吨/年催化重整装置
106.4,ST040003,,2025-06-18 08:00:00,模拟法辛烷值,延化120万吨/年催化重整装置
107.2,ST040003,℃,2025-06-18 08:00:00,初馏点蒸发温度 TIBP,延化120万吨/年催化重整装置
119.1,ST040003,℃,2025-06-18 08:00:00,10%平均蒸发温度T10%,延化120万吨/年催化重整装置
132.3,ST040003,℃,2025-06-18 08:00:00,50%平均蒸发温度T50%,延化120万吨/年催化重整装置
164.3,ST040003,℃,2025-06-18 08:00:00,90%平均蒸发温度T90%,延化120万吨/年催化重整装置
197.8,ST040003,℃,2025-06-18 08:00:00,终馏点蒸发温度TFBP,延化120万吨/年催化重整装置
98.0,ST040003,<p>%</p>,2025-06-18 08:00:00,全馏,延化120万吨/年催化重整装置
3.01,ST040003,<p>%</p>,2025-06-18 08:00:00,正构烷烃,延化120万吨/年催化重整装置
132.3,ST040003,℃,2025-06-19 08:00:00,50%平均蒸发温度T50%,延化120万吨/年催化重整装置
840.1,ST040003,<p>kg/m<sup>3</sup></p>,2025-06-19 08:00:00,密度,延化120万吨/年催化重整装置
107.6,ST040003,℃,2025-06-19 08:00:00,初馏点蒸发温度 TIBP,延化120万吨/年催化重整装置
0.8,ST040003,<p>%</p>,2025-06-19 08:00:00,平均残留百分数(B),延化120万吨/年催化重整装置
164.9,ST040003,℃,2025-06-19 08:00:00,90%平均蒸发温度T90%,延化120万吨/年催化重整装置
200.2,ST040003,℃,2025-06-19 08:00:00,终馏点蒸发温度TFBP,延化120万吨/年催化重整装置
98.0,ST040003,<p>%</p>,2025-06-19 08:00:00,全馏,延化120万吨/年催化重整装置
118.9,ST040003,℃,2025-06-19 08:00:00,10%平均蒸发温度T10%,延化120万吨/年催化重整装置
98.0,ST040003,<p>%</p>,2025-06-20 08:00:00,全馏,延化120万吨/年催化重整装置
0.8,ST040003,<p>%</p>,2025-06-20 08:00:00,平均残留百分数(B),延化120万吨/年催化重整装置
841.8,ST040003,<p>kg/m<sup>3</sup></p>,2025-06-20 08:00:00,密度,延化120万吨/年催化重整装置
201.1,ST040003,℃,2025-06-20 08:00:00,终馏点蒸发温度TFBP,延化120万吨/年催化重整装置
120.5,ST040003,℃,2025-06-20 08:00:00,10%平均蒸发温度T10%,延化120万吨/年催化重整装置
134.5,ST040003,℃,2025-06-20 08:00:00,50%平均蒸发温度T50%,延化120万吨/年催化重整装置
167.9,ST040003,℃,2025-06-20 08:00:00,90%平均蒸发温度T90%,延化120万吨/年催化重整装置
107.5,ST040003,℃,2025-06-20 08:00:00,初馏点蒸发温度 TIBP,延化120万吨/年催化重整装置
842.1,ST040003,<p>kg/m<sup>3</sup></p>,2025-06-21 08:00:00,密度,延化120万吨/年催化重整装置
166.3,ST040003,℃,2025-06-21 08:00:00,90%平均蒸发温度T90%,延化120万吨/年催化重整装置
107.7,ST040003,℃,2025-06-21 08:00:00,初馏点蒸发温度 TIBP,延化120万吨/年催化重整装置
0.8,ST040003,<p>%</p>,2025-06-21 08:00:00,平均残留百分数(B),延化120万吨/年催化重整装置
132.7,ST040003,℃,2025-06-21 08:00:00,50%平均蒸发温度T50%,延化120万吨/年催化重整装置
200.9,ST040003,℃,2025-06-21 08:00:00,终馏点蒸发温度TFBP,延化120万吨/年催化重整装置
98.0,ST040003,<p>%</p>,2025-06-21 08:00:00,全馏,延化120万吨/年催化重整装置
120.0,ST040003,℃,2025-06-21 08:00:00,10%平均蒸发温度T10%,延化120万吨/年催化重整装置
844.8,ST040003,<p>kg/m<sup>3</sup></p>,2025-06-22 08:00:00,密度,延化120万吨/年催化重整装置
107.0,ST040003,℃,2025-06-22 08:00:00,初馏点蒸发温度 TIBP,延化120万吨/年催化重整装置
121.8,ST040003,℃,2025-06-22 08:00:00,10%平均蒸发温度T10%,延化120万吨/年催化重整装置
0.8,ST040003,<p>%</p>,2025-06-22 08:00:00,平均残留百分数(B),延化120万吨/年催化重整装置
166.0,ST040003,℃,2025-06-22 08:00:00,90%平均蒸发温度T90%,延化120万吨/年催化重整装置
200.6,ST040003,℃,2025-06-22 08:00:00,终馏点蒸发温度TFBP,延化120万吨/年催化重整装置
98.0,ST040003,<p>%</p>,2025-06-22 08:00:00,全馏,延化120万吨/年催化重整装置
132.6,ST040003,℃,2025-06-22 08:00:00,50%平均蒸发温度T50%,延化120万吨/年催化重整装置
842.9,ST040003,<p>kg/m<sup>3</sup></p>,2025-06-23 08:00:00,密度,延化120万吨/年催化重整装置
107.4,ST040003,℃,2025-06-23 08:00:00,初馏点蒸发温度 TIBP,延化120万吨/年催化重整装置
119.8,ST040003,℃,2025-06-23 08:00:00,10%平均蒸发温度T10%,延化120万吨/年催化重整装置
0.8,ST040003,<p>%</p>,2025-06-23 08:00:00,平均残留百分数(B),延化120万吨/年催化重整装置
165.2,ST040003,℃,2025-06-23 08:00:00,90%平均蒸发温度T90%,延化120万吨/年催化重整装置
199.5,ST040003,℃,2025-06-23 08:00:00,终馏点蒸发温度TFBP,延化120万吨/年催化重整装置
98.0,ST040003,<p>%</p>,2025-06-23 08:00:00,全馏,延化120万吨/年催化重整装置
132.5,ST040003,℃,2025-06-23 08:00:00,50%平均蒸发温度T50%,延化120万吨/年催化重整装置
107.6,ST040003,℃,2025-06-24 08:00:00,初馏点蒸发温度 TIBP,延化120万吨/年催化重整装置
119.4,ST040003,℃,2025-06-24 08:00:00,10%平均蒸发温度T10%,延化120万吨/年催化重整装置
132.5,ST040003,℃,2025-06-24 08:00:00,50%平均蒸发温度T50%,延化120万吨/年催化重整装置
841.6,ST040003,<p>kg/m<sup>3</sup></p>,2025-06-24 08:00:00,密度,延化120万吨/年催化重整装置
164.9,ST040003,℃,2025-06-24 08:00:00,90%平均蒸发温度T90%,延化120万吨/年催化重整装置
198.4,ST040003,℃,2025-06-24 08:00:00,终馏点蒸发温度TFBP,延化120万吨/年催化重整装置
98.0,ST040003,<p>%</p>,2025-06-24 08:00:00,全馏,延化120万吨/年催化重整装置
0.8,ST040003,<p>%</p>,2025-06-24 08:00:00,平均残留百分数(B),延化120万吨/年催化重整装置
0.47,ST040003,<p>%</p>,2025-06-25 08:00:00,烯烃含量,延化120万吨/年催化重整装置
0.8,ST040003,<p>%</p>,2025-06-25 08:00:00,平均残留百分数(B),延化120万吨/年催化重整装置
8.52,ST040003,<p>%</p>,2025-06-25 08:00:00,异构烷烃,延化120万吨/年催化重整装置
12.68,ST040003,<p>%</p>,2025-06-25 08:00:00,烷烃含量,延化120万吨/年催化重整装置
1.08,ST040003,<p>%</p>,2025-06-25 08:00:00,环烷烃含量,延化120万吨/年催化重整装置
86.78,ST040003,<p>%</p>,2025-06-25 08:00:00,芳烃含量,延化120万吨/年催化重整装置
0.20,ST040003,<p>%</p>,2025-06-25 08:00:00,苯含量,延化120万吨/年催化重整装置
105.1,ST040003,,2025-06-25 08:00:00,模拟法辛烷值,延化120万吨/年催化重整装置
843.5,ST040003,<p>kg/m<sup>3</sup></p>,2025-06-25 08:00:00,密度,延化120万吨/年催化重整装置
107.5,ST040003,℃,2025-06-25 08:00:00,初馏点蒸发温度 TIBP,延化120万吨/年催化重整装置
119.7,ST040003,℃,2025-06-25 08:00:00,10%平均蒸发温度T10%,延化120万吨/年催化重整装置
132.6,ST040003,℃,2025-06-25 08:00:00,50%平均蒸发温度T50%,延化120万吨/年催化重整装置
165.2,ST040003,℃,2025-06-25 08:00:00,90%平均蒸发温度T90%,延化120万吨/年催化重整装置
198.6,ST040003,℃,2025-06-25 08:00:00,终馏点蒸发温度TFBP,延化120万吨/年催化重整装置
98.0,ST040003,<p>%</p>,2025-06-25 08:00:00,全馏,延化120万吨/年催化重整装置
3.08,ST040003,<p>%</p>,2025-06-25 08:00:00,正构烷烃,延化120万吨/年催化重整装置
843.6,ST040003,<p>kg/m<sup>3</sup></p>,2025-06-26 08:00:00,密度,延化120万吨/年催化重整装置
107.2,ST040003,℃,2025-06-26 08:00:00,初馏点蒸发温度 TIBP,延化120万吨/年催化重整装置
120.8,ST040003,℃,2025-06-26 08:00:00,10%平均蒸发温度T10%,延化120万吨/年催化重整装置
0.8,ST040003,<p>%</p>,2025-06-26 08:00:00,平均残留百分数(B),延化120万吨/年催化重整装置
165.6,ST040003,℃,2025-06-26 08:00:00,90%平均蒸发温度T90%,延化120万吨/年催化重整装置
198.8,ST040003,℃,2025-06-26 08:00:00,终馏点蒸发温度TFBP,延化120万吨/年催化重整装置
98.0,ST040003,<p>%</p>,2025-06-26 08:00:00,全馏,延化120万吨/年催化重整装置
132.7,ST040003,℃,2025-06-26 08:00:00,50%平均蒸发温度T50%,延化120万吨/年催化重整装置
165.8,ST040003,℃,2025-06-27 08:00:00,90%平均蒸发温度T90%,延化120万吨/年催化重整装置
107.3,ST040003,℃,2025-06-27 08:00:00,初馏点蒸发温度 TIBP,延化120万吨/年催化重整装置
120.8,ST040003,℃,2025-06-27 08:00:00,10%平均蒸发温度T10%,延化120万吨/年催化重整装置
842.7,ST040003,<p>kg/m<sup>3</sup></p>,2025-06-27 08:00:00,密度,延化120万吨/年催化重整装置
200.0,ST040003,℃,2025-06-27 08:00:00,终馏点蒸发温度TFBP,延化120万吨/年催化重整装置
98.0,ST040003,<p>%</p>,2025-06-27 08:00:00,全馏,延化120万吨/年催化重整装置
0.8,ST040003,<p>%</p>,2025-06-27 08:00:00,平均残留百分数(B),延化120万吨/年催化重整装置
132.7,ST040003,℃,2025-06-27 08:00:00,50%平均蒸发温度T50%,延化120万吨/年催化重整装置
120.0,ST040003,℃,2025-06-28 08:00:00,10%平均蒸发温度T10%,延化120万吨/年催化重整装置
132.7,ST040003,℃,2025-06-28 08:00:00,50%平均蒸发温度T50%,延化120万吨/年催化重整装置
165.4,ST040003,℃,2025-06-28 08:00:00,90%平均蒸发温度T90%,延化120万吨/年催化重整装置
843.1,ST040003,<p>kg/m<sup>3</sup></p>,2025-06-28 08:00:00,密度,延化120万吨/年催化重整装置
98.0,ST040003,<p>%</p>,2025-06-28 08:00:00,全馏,延化120万吨/年催化重整装置
0.8,ST040003,<p>%</p>,2025-06-28 08:00:00,平均残留百分数(B),延化120万吨/年催化重整装置
107.6,ST040003,℃,2025-06-28 08:00:00,初馏点蒸发温度 TIBP,延化120万吨/年催化重整装置
199.1,ST040003,℃,2025-06-28 08:00:00,终馏点蒸发温度TFBP,延化120万吨/年催化重整装置
198.6,ST040003,℃,2025-06-29 08:00:00,终馏点蒸发温度TFBP,延化120万吨/年催化重整装置
107.4,ST040003,℃,2025-06-29 08:00:00,初馏点蒸发温度 TIBP,延化120万吨/年催化重整装置
120.4,ST040003,℃,2025-06-29 08:00:00,10%平均蒸发温度T10%,延化120万吨/年催化重整装置
844.3,ST040003,<p>kg/m<sup>3</sup></p>,2025-06-29 08:00:00,密度,延化120万吨/年催化重整装置
164.9,ST040003,℃,2025-06-29 08:00:00,90%平均蒸发温度T90%,延化120万吨/年催化重整装置
98.0,ST040003,<p>%</p>,2025-06-29 08:00:00,全馏,延化120万吨/年催化重整装置
0.8,ST040003,<p>%</p>,2025-06-29 08:00:00,平均残留百分数(B),延化120万吨/年催化重整装置
132.6,ST040003,℃,2025-06-29 08:00:00,50%平均蒸发温度T50%,延化120万吨/年催化重整装置
106.9,ST040003,℃,2025-06-30 08:00:00,初馏点蒸发温度 TIBP,延化120万吨/年催化重整装置
119.6,ST040003,℃,2025-06-30 08:00:00,10%平均蒸发温度T10%,延化120万吨/年催化重整装置
132.5,ST040003,℃,2025-06-30 08:00:00,50%平均蒸发温度T50%,延化120万吨/年催化重整装置
843.6,ST040003,<p>kg/m<sup>3</sup></p>,2025-06-30 08:00:00,密度,延化120万吨/年催化重整装置
198.0,ST040003,℃,2025-06-30 08:00:00,终馏点蒸发温度TFBP,延化120万吨/年催化重整装置
98.0,ST040003,<p>%</p>,2025-06-30 08:00:00,全馏,延化120万吨/年催化重整装置
0.8,ST040003,<p>%</p>,2025-06-30 08:00:00,平均残留百分数(B),延化120万吨/年催化重整装置
164.4,ST040003,℃,2025-06-30 08:00:00,90%平均蒸发温度T90%,延化120万吨/年催化重整装置
198.0,ST040003,℃,2025-07-01 08:00:00,终馏点蒸发温度TFBP,延化120万吨/年催化重整装置
107.2,ST040003,℃,2025-07-01 08:00:00,初馏点蒸发温度 TIBP,延化120万吨/年催化重整装置
121.6,ST040003,℃,2025-07-01 08:00:00,10%平均蒸发温度T10%,延化120万吨/年催化重整装置
844.3,ST040003,<p>kg/m<sup>3</sup></p>,2025-07-01 08:00:00,密度,延化120万吨/年催化重整装置
165.1,ST040003,℃,2025-07-01 08:00:00,90%平均蒸发温度T90%,延化120万吨/年催化重整装置
98.0,ST040003,<p>%</p>,2025-07-01 08:00:00,全馏,延化120万吨/年催化重整装置
0.8,ST040003,<p>%</p>,2025-07-01 08:00:00,平均残留百分数(B),延化120万吨/年催化重整装置
132.6,ST040003,℃,2025-07-01 08:00:00,50%平均蒸发温度T50%,延化120万吨/年催化重整装置
107.3,ST040003,℃,2025-07-02 08:00:00,初馏点蒸发温度 TIBP,延化120万吨/年催化重整装置
106.3,ST040003,,2025-07-02 08:00:00,模拟法辛烷值,延化120万吨/年催化重整装置
120.7,ST040003,℃,2025-07-02 08:00:00,10%平均蒸发温度T10%,延化120万吨/年催化重整装置
132.6,ST040003,℃,2025-07-02 08:00:00,50%平均蒸发温度T50%,延化120万吨/年催化重整装置
165.2,ST040003,℃,2025-07-02 08:00:00,90%平均蒸发温度T90%,延化120万吨/年催化重整装置
98.0,ST040003,<p>%</p>,2025-07-02 08:00:00,全馏,延化120万吨/年催化重整装置
0.8,ST040003,<p>%</p>,2025-07-02 08:00:00,平均残留百分数(B),延化120万吨/年催化重整装置
842.0,ST040003,<p>kg/m<sup>3</sup></p>,2025-07-02 08:00:00,密度,延化120万吨/年催化重整装置
3.10,ST040003,<p>%</p>,2025-07-02 08:00:00,正构烷烃,延化120万吨/年催化重整装置
8.12,ST040003,<p>%</p>,2025-07-02 08:00:00,异构烷烃,延化120万吨/年催化重整装置
12.36,ST040003,<p>%</p>,2025-07-02 08:00:00,烷烃含量,延化120万吨/年催化重整装置
0.44,ST040003,<p>%</p>,2025-07-02 08:00:00,烯烃含量,延化120万吨/年催化重整装置
1.14,ST040003,<p>%</p>,2025-07-02 08:00:00,环烷烃含量,延化120万吨/年催化重整装置
86.96,ST040003,<p>%</p>,2025-07-02 08:00:00,芳烃含量,延化120万吨/年催化重整装置
0.19,ST040003,<p>%</p>,2025-07-02 08:00:00,苯含量,延化120万吨/年催化重整装置
198.1,ST040003,℃,2025-07-02 08:00:00,终馏点蒸发温度TFBP,延化120万吨/年催化重整装置
842.5,ST040003,<p>kg/m<sup>3</sup></p>,2025-07-03 08:00:00,密度,延化120万吨/年催化重整装置
107.2,ST040003,℃,2025-07-03 08:00:00,初馏点蒸发温度 TIBP,延化120万吨/年催化重整装置
121.0,ST040003,℃,2025-07-03 08:00:00,10%平均蒸发温度T10%,延化120万吨/年催化重整装置
0.8,ST040003,<p>%</p>,2025-07-03 08:00:00,平均残留百分数(B),延化120万吨/年催化重整装置
165.2,ST040003,℃,2025-07-03 08:00:00,90%平均蒸发温度T90%,延化120万吨/年催化重整装置
197.9,ST040003,℃,2025-07-03 08:00:00,终馏点蒸发温度TFBP,延化120万吨/年催化重整装置
98.0,ST040003,<p>%</p>,2025-07-03 08:00:00,全馏,延化120万吨/年催化重整装置
132.7,ST040003,℃,2025-07-03 08:00:00,50%平均蒸发温度T50%,延化120万吨/年催化重整装置
839.8,ST040003,<p>kg/m<sup>3</sup></p>,2025-07-04 08:00:00,密度,延化120万吨/年催化重整装置
132.5,ST040003,℃,2025-07-04 08:00:00,50%平均蒸发温度T50%,延化120万吨/年催化重整装置
163.9,ST040003,℃,2025-07-04 08:00:00,90%平均蒸发温度T90%,延化120万吨/年催化重整装置
119.0,ST040003,℃,2025-07-04 08:00:00,10%平均蒸发温度T10%,延化120万吨/年催化重整装置
98.0,ST040003,<p>%</p>,2025-07-04 08:00:00,全馏,延化120万吨/年催化重整装置
0.8,ST040003,<p>%</p>,2025-07-04 08:00:00,平均残留百分数(B),延化120万吨/年催化重整装置
107.7,ST040003,℃,2025-07-04 08:00:00,初馏点蒸发温度 TIBP,延化120万吨/年催化重整装置
197.5,ST040003,℃,2025-07-04 08:00:00,终馏点蒸发温度TFBP,延化120万吨/年催化重整装置
840.9,ST040003,<p>kg/m<sup>3</sup></p>,2025-07-05 08:00:00,密度,延化120万吨/年催化重整装置
107.8,ST040003,℃,2025-07-05 08:00:00,初馏点蒸发温度 TIBP,延化120万吨/年催化重整装置
119.4,ST040003,℃,2025-07-05 08:00:00,10%平均蒸发温度T10%,延化120万吨/年催化重整装置
0.8,ST040003,<p>%</p>,2025-07-05 08:00:00,平均残留百分数(B),延化120万吨/年催化重整装置
165.3,ST040003,℃,2025-07-05 08:00:00,90%平均蒸发温度T90%,延化120万吨/年催化重整装置
198.6,ST040003,℃,2025-07-05 08:00:00,终馏点蒸发温度TFBP,延化120万吨/年催化重整装置
98.0,ST040003,<p>%</p>,2025-07-05 08:00:00,全馏,延化120万吨/年催化重整装置
132.6,ST040003,℃,2025-07-05 08:00:00,50%平均蒸发温度T50%,延化120万吨/年催化重整装置
107.6,ST040003,℃,2025-07-06 08:00:00,初馏点蒸发温度 TIBP,延化120万吨/年催化重整装置
120.1,ST040003,℃,2025-07-06 08:00:00,10%平均蒸发温度T10%,延化120万吨/年催化重整装置
132.6,ST040003,℃,2025-07-06 08:00:00,50%平均蒸发温度T50%,延化120万吨/年催化重整装置
841.4,ST040003,<p>kg/m<sup>3</sup></p>,2025-07-06 08:00:00,密度,延化120万吨/年催化重整装置
197.7,ST040003,℃,2025-07-06 08:00:00,终馏点蒸发温度TFBP,延化120万吨/年催化重整装置
98.0,ST040003,<p>%</p>,2025-07-06 08:00:00,全馏,延化120万吨/年催化重整装置
0.8,ST040003,<p>%</p>,2025-07-06 08:00:00,平均残留百分数(B),延化120万吨/年催化重整装置
164.7,ST040003,℃,2025-07-06 08:00:00,90%平均蒸发温度T90%,延化120万吨/年催化重整装置
840.1,ST040003,<p>kg/m<sup>3</sup></p>,2025-07-07 08:00:00,密度,延化120万吨/年催化重整装置
132.5,ST040003,℃,2025-07-07 08:00:00,50%平均蒸发温度T50%,延化120万吨/年催化重整装置
165.5,ST040003,℃,2025-07-07 08:00:00,90%平均蒸发温度T90%,延化120万吨/年催化重整装置
119.0,ST040003,℃,2025-07-07 08:00:00,10%平均蒸发温度T10%,延化120万吨/年催化重整装置
98.0,ST040003,<p>%</p>,2025-07-07 08:00:00,全馏,延化120万吨/年催化重整装置
0.8,ST040003,<p>%</p>,2025-07-07 08:00:00,平均残留百分数(B),延化120万吨/年催化重整装置
107.5,ST040003,℃,2025-07-07 08:00:00,初馏点蒸发温度 TIBP,延化120万吨/年催化重整装置
199.9,ST040003,℃,2025-07-07 08:00:00,终馏点蒸发温度TFBP,延化120万吨/年催化重整装置
0.8,ST040003,<p>%</p>,2025-07-08 08:00:00,平均残留百分数(B),延化120万吨/年催化重整装置
841.7,ST040003,<p>kg/m<sup>3</sup></p>,2025-07-08 08:00:00,密度,延化120万吨/年催化重整装置
107.8,ST040003,℃,2025-07-08 08:00:00,初馏点蒸发温度 TIBP,延化120万吨/年催化重整装置
98.0,ST040003,<p>%</p>,2025-07-08 08:00:00,全馏,延化120万吨/年催化重整装置
133.7,ST040003,℃,2025-07-08 08:00:00,50%平均蒸发温度T50%,延化120万吨/年催化重整装置
167.9,ST040003,℃,2025-07-08 08:00:00,90%平均蒸发温度T90%,延化120万吨/年催化重整装置
201.0,ST040003,℃,2025-07-08 08:00:00,终馏点蒸发温度TFBP,延化120万吨/年催化重整装置
120.1,ST040003,℃,2025-07-08 08:00:00,10%平均蒸发温度T10%,延化120万吨/年催化重整装置
132.8,ST040003,℃,2025-07-09 08:00:00,50%平均蒸发温度T50%,延化120万吨/年催化重整装置
841.5,ST040003,<p>kg/m<sup>3</sup></p>,2025-07-09 08:00:00,密度,延化120万吨/年催化重整装置
122.1,ST040003,℃,2025-07-09 08:00:00,10%平均蒸发温度T10%,延化120万吨/年催化重整装置
165.7,ST040003,℃,2025-07-09 08:00:00,90%平均蒸发温度T90%,延化120万吨/年催化重整装置
199.1,ST040003,℃,2025-07-09 08:00:00,终馏点蒸发温度TFBP,延化120万吨/年催化重整装置
98.0,ST040003,<p>%</p>,2025-07-09 08:00:00,全馏,延化120万吨/年催化重整装置
0.8,ST040003,<p>%</p>,2025-07-09 08:00:00,平均残留百分数(B),延化120万吨/年催化重整装置
2.89,ST040003,<p>%</p>,2025-07-09 08:00:00,正构烷烃,延化120万吨/年催化重整装置
7.18,ST040003,<p>%</p>,2025-07-09 08:00:00,异构烷烃,延化120万吨/年催化重整装置
11.07,ST040003,<p>%</p>,2025-07-09 08:00:00,烷烃含量,延化120万吨/年催化重整装置
0.39,ST040003,<p>%</p>,2025-07-09 08:00:00,烯烃含量,延化120万吨/年催化重整装置
1.00,ST040003,<p>%</p>,2025-07-09 08:00:00,环烷烃含量,延化120万吨/年催化重整装置
88.27,ST040003,<p>%</p>,2025-07-09 08:00:00,芳烃含量,延化120万吨/年催化重整装置
0.18,ST040003,<p>%</p>,2025-07-09 08:00:00,苯含量,延化120万吨/年催化重整装置
107.2,ST040003,,2025-07-09 08:00:00,模拟法辛烷值,延化120万吨/年催化重整装置
107.1,ST040003,℃,2025-07-09 08:00:00,初馏点蒸发温度 TIBP,延化120万吨/年催化重整装置
165.3,ST040003,℃,2025-07-10 08:00:00,90%平均蒸发温度T90%,延化120万吨/年催化重整装置
846.1,ST040003,<p>kg/m<sup>3</sup></p>,2025-07-10 08:00:00,密度,延化120万吨/年催化重整装置
107.1,ST040003,℃,2025-07-10 08:00:00,初馏点蒸发温度 TIBP,延化120万吨/年催化重整装置
0.8,ST040003,<p>%</p>,2025-07-10 08:00:00,平均残留百分数(B),延化120万吨/年催化重整装置
132.7,ST040003,℃,2025-07-10 08:00:00,50%平均蒸发温度T50%,延化120万吨/年催化重整装置
199.1,ST040003,℃,2025-07-10 08:00:00,终馏点蒸发温度TFBP,延化120万吨/年催化重整装置
98.0,ST040003,<p>%</p>,2025-07-10 08:00:00,全馏,延化120万吨/年催化重整装置
121.9,ST040003,℃,2025-07-10 08:00:00,10%平均蒸发温度T10%,延化120万吨/年催化重整装置
165.2,ST040003,℃,2025-07-11 08:00:00,90%平均蒸发温度T90%,延化120万吨/年催化重整装置
107.4,ST040003,℃,2025-07-11 08:00:00,初馏点蒸发温度 TIBP,延化120万吨/年催化重整装置
120.6,ST040003,℃,2025-07-11 08:00:00,10%平均蒸发温度T10%,延化120万吨/年催化重整装置
844.5,ST040003,<p>kg/m<sup>3</sup></p>,2025-07-11 08:00:00,密度,延化120万吨/年催化重整装置
198.8,ST040003,℃,2025-07-11 08:00:00,终馏点蒸发温度TFBP,延化120万吨/年催化重整装置
98.0,ST040003,<p>%</p>,2025-07-11 08:00:00,全馏,延化120万吨/年催化重整装置
0.8,ST040003,<p>%</p>,2025-07-11 08:00:00,平均残留百分数(B),延化120万吨/年催化重整装置
132.7,ST040003,℃,2025-07-11 08:00:00,50%平均蒸发温度T50%,延化120万吨/年催化重整装置
197.9,ST040003,℃,2025-07-12 08:00:00,终馏点蒸发温度TFBP,延化120万吨/年催化重整装置
108.0,ST040003,℃,2025-07-12 08:00:00,初馏点蒸发温度 TIBP,延化120万吨/年催化重整装置
119.1,ST040003,℃,2025-07-12 08:00:00,10%平均蒸发温度T10%,延化120万吨/年催化重整装置
841.4,ST040003,<p>kg/m<sup>3</sup></p>,2025-07-12 08:00:00,密度,延化120万吨/年催化重整装置
164.3,ST040003,℃,2025-07-12 08:00:00,90%平均蒸发温度T90%,延化120万吨/年催化重整装置
98.0,ST040003,<p>%</p>,2025-07-12 08:00:00,全馏,延化120万吨/年催化重整装置
0.8,ST040003,<p>%</p>,2025-07-12 08:00:00,平均残留百分数(B),延化120万吨/年催化重整装置
132.5,ST040003,℃,2025-07-12 08:00:00,50%平均蒸发温度T50%,延化120万吨/年催化重整装置
107.6,ST040003,℃,2025-07-13 08:00:00,初馏点蒸发温度 TIBP,延化120万吨/年催化重整装置
119.7,ST040003,℃,2025-07-13 08:00:00,10%平均蒸发温度T10%,延化120万吨/年催化重整装置
164.4,ST040003,℃,2025-07-13 08:00:00,90%平均蒸发温度T90%,延化120万吨/年催化重整装置
132.4,ST040003,℃,2025-07-13 08:00:00,50%平均蒸发温度T50%,延化120万吨/年催化重整装置
842.0,ST040003,<p>kg/m<sup>3</sup></p>,2025-07-13 08:00:00,密度,延化120万吨/年催化重整装置
98.0,ST040003,<p>%</p>,2025-07-13 08:00:00,全馏,延化120万吨/年催化重整装置
0.8,ST040003,<p>%</p>,2025-07-13 08:00:00,平均残留百分数(B),延化120万吨/年催化重整装置
197.6,ST040003,℃,2025-07-13 08:00:00,终馏点蒸发温度TFBP,延化120万吨/年催化重整装置
0.8,ST040003,<p>%</p>,2025-07-14 08:00:00,平均残留百分数(B),延化120万吨/年催化重整装置
166.8,ST040003,℃,2025-07-14 08:00:00,90%平均蒸发温度T90%,延化120万吨/年催化重整装置
107.3,ST040003,℃,2025-07-14 08:00:00,初馏点蒸发温度 TIBP,延化120万吨/年催化重整装置
122.7,ST040003,℃,2025-07-14 08:00:00,10%平均蒸发温度T10%,延化120万吨/年催化重整装置
133.6,ST040003,℃,2025-07-14 08:00:00,50%平均蒸发温度T50%,延化120万吨/年催化重整装置
847.1,ST040003,<p>kg/m<sup>3</sup></p>,2025-07-14 08:00:00,密度,延化120万吨/年催化重整装置
198.9,ST040003,℃,2025-07-14 08:00:00,终馏点蒸发温度TFBP,延化120万吨/年催化重整装置
98.0,ST040003,<p>%</p>,2025-07-14 08:00:00,全馏,延化120万吨/年催化重整装置
107.0,ST040003,℃,2025-07-15 08:00:00,初馏点蒸发温度 TIBP,延化120万吨/年催化重整装置
121.7,ST040003,℃,2025-07-15 08:00:00,10%平均蒸发温度T10%,延化120万吨/年催化重整装置
164.5,ST040003,℃,2025-07-15 08:00:00,90%平均蒸发温度T90%,延化120万吨/年催化重整装置
132.5,ST040003,℃,2025-07-15 08:00:00,50%平均蒸发温度T50%,延化120万吨/年催化重整装置
98.0,ST040003,<p>%</p>,2025-07-15 08:00:00,全馏,延化120万吨/年催化重整装置
0.8,ST040003,<p>%</p>,2025-07-15 08:00:00,平均残留百分数(B),延化120万吨/年催化重整装置
846.1,ST040003,<p>kg/m<sup>3</sup></p>,2025-07-15 08:00:00,密度,延化120万吨/年催化重整装置
197.6,ST040003,℃,2025-07-15 08:00:00,终馏点蒸发温度TFBP,延化120万吨/年催化重整装置
0.90,ST040003,<p>%</p>,2025-07-16 08:00:00,环烷烃含量,延化120万吨/年催化重整装置
846.2,ST040003,<p>kg/m<sup>3</sup></p>,2025-07-16 08:00:00,密度,延化120万吨/年催化重整装置
6.82,ST040003,<p>%</p>,2025-07-16 08:00:00,异构烷烃,延化120万吨/年催化重整装置
10.47,ST040003,<p>%</p>,2025-07-16 08:00:00,烷烃含量,延化120万吨/年催化重整装置
0.43,ST040003,<p>%</p>,2025-07-16 08:00:00,烯烃含量,延化120万吨/年催化重整装置
88.86,ST040003,<p>%</p>,2025-07-16 08:00:00,芳烃含量,延化120万吨/年催化重整装置
0.17,ST040003,<p>%</p>,2025-07-16 08:00:00,苯含量,延化120万吨/年催化重整装置
107.3,ST040003,,2025-07-16 08:00:00,模拟法辛烷值,延化120万吨/年催化重整装置
197.9,ST040003,℃,2025-07-16 08:00:00,终馏点蒸发温度TFBP,延化120万吨/年催化重整装置
107.2,ST040003,℃,2025-07-16 08:00:00,初馏点蒸发温度 TIBP,延化120万吨/年催化重整装置
132.6,ST040003,℃,2025-07-16 08:00:00,50%平均蒸发温度T50%,延化120万吨/年催化重整装置
165.0,ST040003,℃,2025-07-16 08:00:00,90%平均蒸发温度T90%,延化120万吨/年催化重整装置
98.0,ST040003,<p>%</p>,2025-07-16 08:00:00,全馏,延化120万吨/年催化重整装置
0.8,ST040003,<p>%</p>,2025-07-16 08:00:00,平均残留百分数(B),延化120万吨/年催化重整装置
122.0,ST040003,℃,2025-07-16 08:00:00,10%平均蒸发温度T10%,延化120万吨/年催化重整装置
2.75,ST040003,<p>%</p>,2025-07-16 08:00:00,正构烷烃,延化120万吨/年催化重整装置
846.9,ST040003,<p>kg/m<sup>3</sup></p>,2025-07-17 08:00:00,密度,延化120万吨/年催化重整装置
107.1,ST040003,℃,2025-07-17 08:00:00,初馏点蒸发温度 TIBP,延化120万吨/年催化重整装置
122.1,ST040003,℃,2025-07-17 08:00:00,10%平均蒸发温度T10%,延化120万吨/年催化重整装置
0.8,ST040003,<p>%</p>,2025-07-17 08:00:00,平均残留百分数(B),延化120万吨/年催化重整装置
165.2,ST040003,℃,2025-07-17 08:00:00,90%平均蒸发温度T90%,延化120万吨/年催化重整装置
197.9,ST040003,℃,2025-07-17 08:00:00,终馏点蒸发温度TFBP,延化120万吨/年催化重整装置
98.0,ST040003,<p>%</p>,2025-07-17 08:00:00,全馏,延化120万吨/年催化重整装置
132.6,ST040003,℃,2025-07-17 08:00:00,50%平均蒸发温度T50%,延化120万吨/年催化重整装置
844.7,ST040003,<p>kg/m<sup>3</sup></p>,2025-07-18 08:00:00,密度,延化120万吨/年催化重整装置
107.2,ST040003,℃,2025-07-18 08:00:00,初馏点蒸发温度 TIBP,延化120万吨/年催化重整装置
120.5,ST040003,℃,2025-07-18 08:00:00,10%平均蒸发温度T10%,延化120万吨/年催化重整装置
0.8,ST040003,<p>%</p>,2025-07-18 08:00:00,平均残留百分数(B),延化120万吨/年催化重整装置
165.6,ST040003,℃,2025-07-18 08:00:00,90%平均蒸发温度T90%,延化120万吨/年催化重整装置
198.1,ST040003,℃,2025-07-18 08:00:00,终馏点蒸发温度TFBP,延化120万吨/年催化重整装置
98.0,ST040003,<p>%</p>,2025-07-18 08:00:00,全馏,延化120万吨/年催化重整装置
132.7,ST040003,℃,2025-07-18 08:00:00,50%平均蒸发温度T50%,延化120万吨/年催化重整装置
198.7,ST040003,℃,2025-07-19 08:00:00,终馏点蒸发温度TFBP,延化120万吨/年催化重整装置
107.1,ST040003,℃,2025-07-19 08:00:00,初馏点蒸发温度 TIBP,延化120万吨/年催化重整装置
121.9,ST040003,℃,2025-07-19 08:00:00,10%平均蒸发温度T10%,延化120万吨/年催化重整装置
846.1,ST040003,<p>kg/m<sup>3</sup></p>,2025-07-19 08:00:00,密度,延化120万吨/年催化重整装置
166.2,ST040003,℃,2025-07-19 08:00:00,90%平均蒸发温度T90%,延化120万吨/年催化重整装置
98.0,ST040003,<p>%</p>,2025-07-19 08:00:00,全馏,延化120万吨/年催化重整装置
0.8,ST040003,<p>%</p>,2025-07-19 08:00:00,平均残留百分数(B),延化120万吨/年催化重整装置
132.7,ST040003,℃,2025-07-19 08:00:00,50%平均蒸发温度T50%,延化120万吨/年催化重整装置
845.0,ST040003,<p>kg/m<sup>3</sup></p>,2025-07-20 08:00:00,密度,延化120万吨/年催化重整装置
165.4,ST040003,℃,2025-07-20 08:00:00,90%平均蒸发温度T90%,延化120万吨/年催化重整装置
107.5,ST040003,℃,2025-07-20 08:00:00,初馏点蒸发温度 TIBP,延化120万吨/年催化重整装置
0.8,ST040003,<p>%</p>,2025-07-20 08:00:00,平均残留百分数(B),延化120万吨/年催化重整装置
132.6,ST040003,℃,2025-07-20 08:00:00,50%平均蒸发温度T50%,延化120万吨/年催化重整装置
198.5,ST040003,℃,2025-07-20 08:00:00,终馏点蒸发温度TFBP,延化120万吨/年催化重整装置
98.0,ST040003,<p>%</p>,2025-07-20 08:00:00,全馏,延化120万吨/年催化重整装置
120.4,ST040003,℃,2025-07-20 08:00:00,10%平均蒸发温度T10%,延化120万吨/年催化重整装置
844.6,ST040003,<p>kg/m<sup>3</sup></p>,2025-07-21 08:00:00,密度,延化120万吨/年催化重整装置
107.1,ST040003,℃,2025-07-21 08:00:00,初馏点蒸发温度 TIBP,延化120万吨/年催化重整装置
121.2,ST040003,℃,2025-07-21 08:00:00,10%平均蒸发温度T10%,延化120万吨/年催化重整装置
0.8,ST040003,<p>%</p>,2025-07-21 08:00:00,平均残留百分数(B),延化120万吨/年催化重整装置
165.1,ST040003,℃,2025-07-21 08:00:00,90%平均蒸发温度T90%,延化120万吨/年催化重整装置
197.8,ST040003,℃,2025-07-21 08:00:00,终馏点蒸发温度TFBP,延化120万吨/年催化重整装置
98.0,ST040003,<p>%</p>,2025-07-21 08:00:00,全馏,延化120万吨/年催化重整装置
132.5,ST040003,℃,2025-07-21 08:00:00,50%平均蒸发温度T50%,延化120万吨/年催化重整装置
107.1,ST040003,℃,2025-07-22 08:00:00,初馏点蒸发温度 TIBP,延化120万吨/年催化重整装置
121.2,ST040003,℃,2025-07-22 08:00:00,10%平均蒸发温度T10%,延化120万吨/年催化重整装置
132.5,ST040003,℃,2025-07-22 08:00:00,50%平均蒸发温度T50%,延化120万吨/年催化重整装置
165.1,ST040003,℃,2025-07-22 08:00:00,90%平均蒸发温度T90%,延化120万吨/年催化重整装置
98.0,ST040003,<p>%</p>,2025-07-22 08:00:00,全馏,延化120万吨/年催化重整装置
0.8,ST040003,<p>%</p>,2025-07-22 08:00:00,平均残留百分数(B),延化120万吨/年催化重整装置
845.4,ST040003,<p>kg/m<sup>3</sup></p>,2025-07-22 08:00:00,密度,延化120万吨/年催化重整装置
197.8,ST040003,℃,2025-07-22 08:00:00,终馏点蒸发温度TFBP,延化120万吨/年催化重整装置
847.7,ST040003,<p>kg/m<sup>3</sup></p>,2025-07-23 08:00:00,密度,延化120万吨/年催化重整装置
107.1,ST040003,,2025-07-23 08:00:00,模拟法辛烷值,延化120万吨/年催化重整装置
121.6,ST040003,℃,2025-07-23 08:00:00,10%平均蒸发温度T10%,延化120万吨/年催化重整装置
132.8,ST040003,℃,2025-07-23 08:00:00,50%平均蒸发温度T50%,延化120万吨/年催化重整装置
164.2,ST040003,℃,2025-07-23 08:00:00,90%平均蒸发温度T90%,延化120万吨/年催化重整装置
198.2,ST040003,℃,2025-07-23 08:00:00,终馏点蒸发温度TFBP,延化120万吨/年催化重整装置
98.0,ST040003,<p>%</p>,2025-07-23 08:00:00,全馏,延化120万吨/年催化重整装置
0.8,ST040003,<p>%</p>,2025-07-23 08:00:00,平均残留百分数(B),延化120万吨/年催化重整装置
0.34,ST040003,<p>%</p>,2025-07-23 08:00:00,烯烃含量,延化120万吨/年催化重整装置
2.69,ST040003,<p>%</p>,2025-07-23 08:00:00,正构烷烃,延化120万吨/年催化重整装置
6.62,ST040003,<p>%</p>,2025-07-23 08:00:00,异构烷烃,延化120万吨/年催化重整装置
10.12,ST040003,<p>%</p>,2025-07-23 08:00:00,烷烃含量,延化120万吨/年催化重整装置
0.81,ST040003,<p>%</p>,2025-07-23 08:00:00,环烷烃含量,延化120万吨/年催化重整装置
89.47,ST040003,<p>%</p>,2025-07-23 08:00:00,芳烃含量,延化120万吨/年催化重整装置
0.17,ST040003,<p>%</p>,2025-07-23 08:00:00,苯含量,延化120万吨/年催化重整装置
107.5,ST040003,℃,2025-07-23 08:00:00,初馏点蒸发温度 TIBP,延化120万吨/年催化重整装置
842.2,ST040003,<p>kg/m<sup>3</sup></p>,2025-07-24 08:00:00,密度,延化120万吨/年催化重整装置
107.0,ST040003,℃,2025-07-24 08:00:00,初馏点蒸发温度 TIBP,延化120万吨/年催化重整装置
121.7,ST040003,℃,2025-07-24 08:00:00,10%平均蒸发温度T10%,延化120万吨/年催化重整装置
0.8,ST040003,<p>%</p>,2025-07-24 08:00:00,平均残留百分数(B),延化120万吨/年催化重整装置
165.6,ST040003,℃,2025-07-24 08:00:00,90%平均蒸发温度T90%,延化120万吨/年催化重整装置
198.5,ST040003,℃,2025-07-24 08:00:00,终馏点蒸发温度TFBP,延化120万吨/年催化重整装置
98.0,ST040003,<p>%</p>,2025-07-24 08:00:00,全馏,延化120万吨/年催化重整装置
132.6,ST040003,℃,2025-07-24 08:00:00,50%平均蒸发温度T50%,延化120万吨/年催化重整装置
168.2,ST040003,℃,2025-07-25 08:00:00,90%平均蒸发温度T90%,延化120万吨/年催化重整装置
107.2,ST040003,℃,2025-07-25 08:00:00,初馏点蒸发温度 TIBP,延化120万吨/年催化重整装置
122.9,ST040003,℃,2025-07-25 08:00:00,10%平均蒸发温度T10%,延化120万吨/年催化重整装置
849.6,ST040003,<p>kg/m<sup>3</sup></p>,2025-07-25 08:00:00,密度,延化120万吨/年催化重整装置
201.5,ST040003,℃,2025-07-25 08:00:00,终馏点蒸发温度TFBP,延化120万吨/年催化重整装置
98.0,ST040003,<p>%</p>,2025-07-25 08:00:00,全馏,延化120万吨/年催化重整装置
0.8,ST040003,<p>%</p>,2025-07-25 08:00:00,平均残留百分数(B),延化120万吨/年催化重整装置
133.1,ST040003,℃,2025-07-25 08:00:00,50%平均蒸发温度T50%,延化120万吨/年催化重整装置
202.0,ST040003,℃,2025-07-26 08:00:00,终馏点蒸发温度TFBP,延化120万吨/年催化重整装置
107.1,ST040003,℃,2025-07-26 08:00:00,初馏点蒸发温度 TIBP,延化120万吨/年催化重整装置
122.2,ST040003,℃,2025-07-26 08:00:00,10%平均蒸发温度T10%,延化120万吨/年催化重整装置
847.9,ST040003,<p>kg/m<sup>3</sup></p>,2025-07-26 08:00:00,密度,延化120万吨/年催化重整装置
169.5,ST040003,℃,2025-07-26 08:00:00,90%平均蒸发温度T90%,延化120万吨/年催化重整装置
98.0,ST040003,<p>%</p>,2025-07-26 08:00:00,全馏,延化120万吨/年催化重整装置
0.8,ST040003,<p>%</p>,2025-07-26 08:00:00,平均残留百分数(B),延化120万吨/年催化重整装置
131.8,ST040003,℃,2025-07-26 08:00:00,50%平均蒸发温度T50%,延化120万吨/年催化重整装置
845.3,ST040003,<p>kg/m<sup>3</sup></p>,2025-07-27 08:00:00,密度,延化120万吨/年催化重整装置
167.7,ST040003,℃,2025-07-27 08:00:00,90%平均蒸发温度T90%,延化120万吨/年催化重整装置
107.3,ST040003,℃,2025-07-27 08:00:00,初馏点蒸发温度 TIBP,延化120万吨/年催化重整装置
0.8,ST040003,<p>%</p>,2025-07-27 08:00:00,平均残留百分数(B),延化120万吨/年催化重整装置
133.3,ST040003,℃,2025-07-27 08:00:00,50%平均蒸发温度T50%,延化120万吨/年催化重整装置
201.9,ST040003,℃,2025-07-27 08:00:00,终馏点蒸发温度TFBP,延化120万吨/年催化重整装置
98.0,ST040003,<p>%</p>,2025-07-27 08:00:00,全馏,延化120万吨/年催化重整装置
121.1,ST040003,℃,2025-07-27 08:00:00,10%平均蒸发温度T10%,延化120万吨/年催化重整装置
107.5,ST040003,℃,2025-07-28 08:00:00,初馏点蒸发温度 TIBP,延化120万吨/年催化重整装置
120.1,ST040003,℃,2025-07-28 08:00:00,10%平均蒸发温度T10%,延化120万吨/年催化重整装置
133.0,ST040003,℃,2025-07-28 08:00:00,50%平均蒸发温度T50%,延化120万吨/年催化重整装置
843.9,ST040003,<p>kg/m<sup>3</sup></p>,2025-07-28 08:00:00,密度,延化120万吨/年催化重整装置
201.2,ST040003,℃,2025-07-28 08:00:00,终馏点蒸发温度TFBP,延化120万吨/年催化重整装置
98.0,ST040003,<p>%</p>,2025-07-28 08:00:00,全馏,延化120万吨/年催化重整装置
0.8,ST040003,<p>%</p>,2025-07-28 08:00:00,平均残留百分数(B),延化120万吨/年催化重整装置
168.1,ST040003,℃,2025-07-28 08:00:00,90%平均蒸发温度T90%,延化120万吨/年催化重整装置
168.0,ST040003,℃,2025-07-29 08:00:00,90%平均蒸发温度T90%,延化120万吨/年催化重整装置
107.4,ST040003,℃,2025-07-29 08:00:00,初馏点蒸发温度 TIBP,延化120万吨/年催化重整装置
120.5,ST040003,℃,2025-07-29 08:00:00,10%平均蒸发温度T10%,延化120万吨/年催化重整装置
843.2,ST040003,<p>kg/m<sup>3</sup></p>,2025-07-29 08:00:00,密度,延化120万吨/年催化重整装置
201.4,ST040003,℃,2025-07-29 08:00:00,终馏点蒸发温度TFBP,延化120万吨/年催化重整装置
98.0,ST040003,<p>%</p>,2025-07-29 08:00:00,全馏,延化120万吨/年催化重整装置
0.8,ST040003,<p>%</p>,2025-07-29 08:00:00,平均残留百分数(B),延化120万吨/年催化重整装置
133.2,ST040003,℃,2025-07-29 08:00:00,50%平均蒸发温度T50%,延化120万吨/年催化重整装置
845.6,ST040003,<p>kg/m<sup>3</sup></p>,2025-07-30 08:00:00,密度,延化120万吨/年催化重整装置
0.8,ST040003,<p>%</p>,2025-07-30 08:00:00,平均残留百分数(B),延化120万吨/年催化重整装置
0.97,ST040003,<p>%</p>,2025-07-30 08:00:00,环烷烃含量,延化120万吨/年催化重整装置
87.94,ST040003,<p>%</p>,2025-07-30 08:00:00,芳烃含量,延化120万吨/年催化重整装置
0.17,ST040003,<p>%</p>,2025-07-30 08:00:00,苯含量,延化120万吨/年催化重整装置
106.6,ST040003,,2025-07-30 08:00:00,模拟法辛烷值,延化120万吨/年催化重整装置
133.5,ST040003,℃,2025-07-30 08:00:00,50%平均蒸发温度T50%,延化120万吨/年催化重整装置
2.83,ST040003,<p>%</p>,2025-07-30 08:00:00,正构烷烃,延化120万吨/年催化重整装置
7.56,ST040003,<p>%</p>,2025-07-30 08:00:00,异构烷烃,延化120万吨/年催化重整装置
11.36,ST040003,<p>%</p>,2025-07-30 08:00:00,烷烃含量,延化120万吨/年催化重整装置
107.0,ST040003,℃,2025-07-30 08:00:00,初馏点蒸发温度 TIBP,延化120万吨/年催化重整装置
121.2,ST040003,℃,2025-07-30 08:00:00,10%平均蒸发温度T10%,延化120万吨/年催化重整装置
167.6,ST040003,℃,2025-07-30 08:00:00,90%平均蒸发温度T90%,延化120万吨/年催化重整装置
201.8,ST040003,℃,2025-07-30 08:00:00,终馏点蒸发温度TFBP,延化120万吨/年催化重整装置
98.0,ST040003,<p>%</p>,2025-07-30 08:00:00,全馏,延化120万吨/年催化重整装置
0.40,ST040003,<p>%</p>,2025-07-30 08:00:00,烯烃含量,延化120万吨/年催化重整装置
138.7,ST040003,℃,2025-07-31 08:00:00,50%平均蒸发温度T50%,延化120万吨/年催化重整装置
107.2,ST040003,℃,2025-07-31 08:00:00,初馏点蒸发温度 TIBP,延化120万吨/年催化重整装置
122.4,ST040003,℃,2025-07-31 08:00:00,10%平均蒸发温度T10%,延化120万吨/年催化重整装置
848.3,ST040003,<p>kg/m<sup>3</sup></p>,2025-07-31 08:00:00,密度,延化120万吨/年催化重整装置
202.1,ST040003,℃,2025-07-31 08:00:00,终馏点蒸发温度TFBP,延化120万吨/年催化重整装置
98.0,ST040003,<p>%</p>,2025-07-31 08:00:00,全馏,延化120万吨/年催化重整装置
0.8,ST040003,<p>%</p>,2025-07-31 08:00:00,平均残留百分数(B),延化120万吨/年催化重整装置
168.6,ST040003,℃,2025-07-31 08:00:00,90%平均蒸发温度T90%,延化120万吨/年催化重整装置
98.0,ST040003,<p>%</p>,2025-08-01 08:00:00,全馏,延化120万吨/年催化重整装置
107.2,ST040003,℃,2025-08-01 08:00:00,初馏点蒸发温度 TIBP,延化120万吨/年催化重整装置
121.6,ST040003,℃,2025-08-01 08:00:00,10%平均蒸发温度T10%,延化120万吨/年催化重整装置
846.1,ST040003,<p>kg/m<sup>3</sup></p>,2025-08-01 08:00:00,密度,延化120万吨/年催化重整装置
168.9,ST040003,℃,2025-08-01 08:00:00,90%平均蒸发温度T90%,延化120万吨/年催化重整装置
202.3,ST040003,℃,2025-08-01 08:00:00,终馏点蒸发温度TFBP,延化120万吨/年催化重整装置
0.8,ST040003,<p>%</p>,2025-08-01 08:00:00,平均残留百分数(B),延化120万吨/年催化重整装置
139.1,ST040003,℃,2025-08-01 08:00:00,50%平均蒸发温度T50%,延化120万吨/年催化重整装置
845.4,ST040003,<p>kg/m<sup>3</sup></p>,2025-08-02 08:00:00,密度,延化120万吨/年催化重整装置
107.4,ST040003,℃,2025-08-02 08:00:00,初馏点蒸发温度 TIBP,延化120万吨/年催化重整装置
120.3,ST040003,℃,2025-08-02 08:00:00,10%平均蒸发温度T10%,延化120万吨/年催化重整装置
0.8,ST040003,<p>%</p>,2025-08-02 08:00:00,平均残留百分数(B),延化120万吨/年催化重整装置
167.7,ST040003,℃,2025-08-02 08:00:00,90%平均蒸发温度T90%,延化120万吨/年催化重整装置
201.8,ST040003,℃,2025-08-02 08:00:00,终馏点蒸发温度TFBP,延化120万吨/年催化重整装置
98.0,ST040003,<p>%</p>,2025-08-02 08:00:00,全馏,延化120万吨/年催化重整装置
133.3,ST040003,℃,2025-08-02 08:00:00,50%平均蒸发温度T50%,延化120万吨/年催化重整装置
98.0,ST040003,<p>%</p>,2025-08-03 08:00:00,全馏,延化120万吨/年催化重整装置
107.2,ST040003,℃,2025-08-03 08:00:00,初馏点蒸发温度 TIBP,延化120万吨/年催化重整装置
121.7,ST040003,℃,2025-08-03 08:00:00,10%平均蒸发温度T10%,延化120万吨/年催化重整装置
845.3,ST040003,<p>kg/m<sup>3</sup></p>,2025-08-03 08:00:00,密度,延化120万吨/年催化重整装置
167.6,ST040003,℃,2025-08-03 08:00:00,90%平均蒸发温度T90%,延化120万吨/年催化重整装置
201.9,ST040003,℃,2025-08-03 08:00:00,终馏点蒸发温度TFBP,延化120万吨/年催化重整装置
0.8,ST040003,<p>%</p>,2025-08-03 08:00:00,平均残留百分数(B),延化120万吨/年催化重整装置
133.4,ST040003,℃,2025-08-03 08:00:00,50%平均蒸发温度T50%,延化120万吨/年催化重整装置
847.0,ST040003,<p>kg/m<sup>3</sup></p>,2025-08-04 08:00:00,密度,延化120万吨/年催化重整装置
0.8,ST040003,<p>%</p>,2025-08-04 08:00:00,平均残留百分数(B),延化120万吨/年催化重整装置
107.0,ST040003,℃,2025-08-04 08:00:00,初馏点蒸发温度 TIBP,延化120万吨/年催化重整装置
98.0,ST040003,<p>%</p>,2025-08-04 08:00:00,全馏,延化120万吨/年催化重整装置
137.8,ST040003,℃,2025-08-04 08:00:00,50%平均蒸发温度T50%,延化120万吨/年催化重整装置
168.2,ST040003,℃,2025-08-04 08:00:00,90%平均蒸发温度T90%,延化120万吨/年催化重整装置
202.0,ST040003,℃,2025-08-04 08:00:00,终馏点蒸发温度TFBP,延化120万吨/年催化重整装置
122.1,ST040003,℃,2025-08-04 08:00:00,10%平均蒸发温度T10%,延化120万吨/年催化重整装置
845.9,ST040003,<p>kg/m<sup>3</sup></p>,2025-08-05 08:00:00,密度,延化120万吨/年催化重整装置
107.0,ST040003,℃,2025-08-05 08:00:00,初馏点蒸发温度 TIBP,延化120万吨/年催化重整装置
121.7,ST040003,℃,2025-08-05 08:00:00,10%平均蒸发温度T10%,延化120万吨/年催化重整装置
0.8,ST040003,<p>%</p>,2025-08-05 08:00:00,平均残留百分数(B),延化120万吨/年催化重整装置
168.8,ST040003,℃,2025-08-05 08:00:00,90%平均蒸发温度T90%,延化120万吨/年催化重整装置
202.0,ST040003,℃,2025-08-05 08:00:00,终馏点蒸发温度TFBP,延化120万吨/年催化重整装置
98.0,ST040003,<p>%</p>,2025-08-05 08:00:00,全馏,延化120万吨/年催化重整装置
141.2,ST040003,℃,2025-08-05 08:00:00,50%平均蒸发温度T50%,延化120万吨/年催化重整装置
88.02,ST040003,<p>%</p>,2025-08-06 08:00:00,芳烃含量,延化120万吨/年催化重整装置
0.8,ST040003,<p>%</p>,2025-08-06 08:00:00,平均残留百分数(B),延化120万吨/年催化重整装置
106.5,ST040003,,2025-08-06 08:00:00,模拟法辛烷值,延化120万吨/年催化重整装置
133.6,ST040003,℃,2025-08-06 08:00:00,50%平均蒸发温度T50%,延化120万吨/年催化重整装置
843.1,ST040003,<p>kg/m<sup>3</sup></p>,2025-08-06 08:00:00,密度,延化120万吨/年催化重整装置
2.99,ST040003,<p>%</p>,2025-08-06 08:00:00,正构烷烃,延化120万吨/年催化重整装置
7.26,ST040003,<p>%</p>,2025-08-06 08:00:00,异构烷烃,延化120万吨/年催化重整装置
11.27,ST040003,<p>%</p>,2025-08-06 08:00:00,烷烃含量,延化120万吨/年催化重整装置
0.39,ST040003,<p>%</p>,2025-08-06 08:00:00,烯烃含量,延化120万吨/年催化重整装置
1.02,ST040003,<p>%</p>,2025-08-06 08:00:00,环烷烃含量,延化120万吨/年催化重整装置
106.8,ST040003,℃,2025-08-06 08:00:00,初馏点蒸发温度 TIBP,延化120万吨/年催化重整装置
122.0,ST040003,℃,2025-08-06 08:00:00,10%平均蒸发温度T10%,延化120万吨/年催化重整装置
167.7,ST040003,℃,2025-08-06 08:00:00,90%平均蒸发温度T90%,延化120万吨/年催化重整装置
201.8,ST040003,℃,2025-08-06 08:00:00,终馏点蒸发温度TFBP,延化120万吨/年催化重整装置
98.0,ST040003,<p>%</p>,2025-08-06 08:00:00,全馏,延化120万吨/年催化重整装置
0.20,ST040003,<p>%</p>,2025-08-06 08:00:00,苯含量,延化120万吨/年催化重整装置
844.8,ST040003,<p>kg/m<sup>3</sup></p>,2025-08-07 08:00:00,密度,延化120万吨/年催化重整装置
107.0,ST040003,℃,2025-08-07 08:00:00,初馏点蒸发温度 TIBP,延化120万吨/年催化重整装置
121.1,ST040003,℃,2025-08-07 08:00:00,10%平均蒸发温度T10%,延化120万吨/年催化重整装置
0.8,ST040003,<p>%</p>,2025-08-07 08:00:00,平均残留百分数(B),延化120万吨/年催化重整装置
168.5,ST040003,℃,2025-08-07 08:00:00,90%平均蒸发温度T90%,延化120万吨/年催化重整装置
202.0,ST040003,℃,2025-08-07 08:00:00,终馏点蒸发温度TFBP,延化120万吨/年催化重整装置
98.0,ST040003,<p>%</p>,2025-08-07 08:00:00,全馏,延化120万吨/年催化重整装置
138.1,ST040003,℃,2025-08-07 08:00:00,50%平均蒸发温度T50%,延化120万吨/年催化重整装置
168.7,ST040003,℃,2025-08-08 08:00:00,90%平均蒸发温度T90%,延化120万吨/年催化重整装置
106.9,ST040003,℃,2025-08-08 08:00:00,初馏点蒸发温度 TIBP,延化120万吨/年催化重整装置
121.7,ST040003,℃,2025-08-08 08:00:00,10%平均蒸发温度T10%,延化120万吨/年催化重整装置
845.5,ST040003,<p>kg/m<sup>3</sup></p>,2025-08-08 08:00:00,密度,延化120万吨/年催化重整装置
202.1,ST040003,℃,2025-08-08 08:00:00,终馏点蒸发温度TFBP,延化120万吨/年催化重整装置
98.0,ST040003,<p>%</p>,2025-08-08 08:00:00,全馏,延化120万吨/年催化重整装置
0.8,ST040003,<p>%</p>,2025-08-08 08:00:00,平均残留百分数(B),延化120万吨/年催化重整装置
138.5,ST040003,℃,2025-08-08 08:00:00,50%平均蒸发温度T50%,延化120万吨/年催化重整装置
107.2,ST040003,℃,2025-08-09 08:00:00,初馏点蒸发温度 TIBP,延化120万吨/年催化重整装置
122.5,ST040003,℃,2025-08-09 08:00:00,10%平均蒸发温度T10%,延化120万吨/年催化重整装置
141.9,ST040003,℃,2025-08-09 08:00:00,50%平均蒸发温度T50%,延化120万吨/年催化重整装置
848.0,ST040003,<p>kg/m<sup>3</sup></p>,2025-08-09 08:00:00,密度,延化120万吨/年催化重整装置
202.1,ST040003,℃,2025-08-09 08:00:00,终馏点蒸发温度TFBP,延化120万吨/年催化重整装置
98.0,ST040003,<p>%</p>,2025-08-09 08:00:00,全馏,延化120万吨/年催化重整装置
0.8,ST040003,<p>%</p>,2025-08-09 08:00:00,平均残留百分数(B),延化120万吨/年催化重整装置
169.1,ST040003,℃,2025-08-09 08:00:00,90%平均蒸发温度T90%,延化120万吨/年催化重整装置
169.2,ST040003,℃,2025-08-10 08:00:00,90%平均蒸发温度T90%,延化120万吨/年催化重整装置
107.2,ST040003,℃,2025-08-10 08:00:00,初馏点蒸发温度 TIBP,延化120万吨/年催化重整装置
122.7,ST040003,℃,2025-08-10 08:00:00,10%平均蒸发温度T10%,延化120万吨/年催化重整装置
849.1,ST040003,<p>kg/m<sup>3</sup></p>,2025-08-10 08:00:00,密度,延化120万吨/年催化重整装置
202.1,ST040003,℃,2025-08-10 08:00:00,终馏点蒸发温度TFBP,延化120万吨/年催化重整装置
98.0,ST040003,<p>%</p>,2025-08-10 08:00:00,全馏,延化120万吨/年催化重整装置
0.8,ST040003,<p>%</p>,2025-08-10 08:00:00,平均残留百分数(B),延化120万吨/年催化重整装置
142.0,ST040003,℃,2025-08-10 08:00:00,50%平均蒸发温度T50%,延化120万吨/年催化重整装置
202.0,ST040003,℃,2025-08-11 08:00:00,终馏点蒸发温度TFBP,延化120万吨/年催化重整装置
107.7,ST040003,℃,2025-08-11 08:00:00,初馏点蒸发温度 TIBP,延化120万吨/年催化重整装置
119.5,ST040003,℃,2025-08-11 08:00:00,10%平均蒸发温度T10%,延化120万吨/年催化重整装置
842.3,ST040003,<p>kg/m<sup>3</sup></p>,2025-08-11 08:00:00,密度,延化120万吨/年催化重整装置
168.4,ST040003,℃,2025-08-11 08:00:00,90%平均蒸发温度T90%,延化120万吨/年催化重整装置
98.0,ST040003,<p>%</p>,2025-08-11 08:00:00,全馏,延化120万吨/年催化重整装置
0.8,ST040003,<p>%</p>,2025-08-11 08:00:00,平均残留百分数(B),延化120万吨/年催化重整装置
135.1,ST040003,℃,2025-08-11 08:00:00,50%平均蒸发温度T50%,延化120万吨/年催化重整装置
107.4,ST040003,℃,2025-08-12 08:00:00,初馏点蒸发温度 TIBP,延化120万吨/年催化重整装置
119.6,ST040003,℃,2025-08-12 08:00:00,10%平均蒸发温度T10%,延化120万吨/年催化重整装置
135.4,ST040003,℃,2025-08-12 08:00:00,50%平均蒸发温度T50%,延化120万吨/年催化重整装置
0.8,ST040003,<p>%</p>,2025-08-12 08:00:00,平均残留百分数(B),延化120万吨/年催化重整装置
842.6,ST040003,<p>kg/m<sup>3</sup></p>,2025-08-12 08:00:00,密度,延化120万吨/年催化重整装置
202.1,ST040003,℃,2025-08-12 08:00:00,终馏点蒸发温度TFBP,延化120万吨/年催化重整装置
98.0,ST040003,<p>%</p>,2025-08-12 08:00:00,全馏,延化120万吨/年催化重整装置
168.4,ST040003,℃,2025-08-12 08:00:00,90%平均蒸发温度T90%,延化120万吨/年催化重整装置
12.77,ST040003,<p>%</p>,2025-08-13 08:00:00,烷烃含量,延化120万吨/年催化重整装置
202.5,ST040003,℃,2025-08-13 08:00:00,终馏点蒸发温度TFBP,延化120万吨/年催化重整装置
8.23,ST040003,<p>%</p>,2025-08-13 08:00:00,异构烷烃,延化120万吨/年催化重整装置
0.41,ST040003,<p>%</p>,2025-08-13 08:00:00,烯烃含量,延化120万吨/年催化重整装置
1.09,ST040003,<p>%</p>,2025-08-13 08:00:00,环烷烃含量,延化120万吨/年催化重整装置
86.78,ST040003,<p>%</p>,2025-08-13 08:00:00,芳烃含量,延化120万吨/年催化重整装置
0.16,ST040003,<p>%</p>,2025-08-13 08:00:00,苯含量,延化120万吨/年催化重整装置
105.2,ST040003,,2025-08-13 08:00:00,模拟法辛烷值,延化120万吨/年催化重整装置
142.6,ST040003,℃,2025-08-13 08:00:00,50%平均蒸发温度T50%,延化120万吨/年催化重整装置
98.0,ST040003,<p>%</p>,2025-08-13 08:00:00,全馏,延化120万吨/年催化重整装置
0.8,ST040003,<p>%</p>,2025-08-13 08:00:00,平均残留百分数(B),延化120万吨/年催化重整装置
842.6,ST040003,<p>kg/m<sup>3</sup></p>,2025-08-13 08:00:00,密度,延化120万吨/年催化重整装置
107.3,ST040003,℃,2025-08-13 08:00:00,初馏点蒸发温度 TIBP,延化120万吨/年催化重整装置
121.4,ST040003,℃,2025-08-13 08:00:00,10%平均蒸发温度T10%,延化120万吨/年催化重整装置
169.8,ST040003,℃,2025-08-13 08:00:00,90%平均蒸发温度T90%,延化120万吨/年催化重整装置
3.45,ST040003,<p>%</p>,2025-08-13 08:00:00,正构烷烃,延化120万吨/年催化重整装置
841.6,ST040003,<p>kg/m<sup>3</sup></p>,2025-08-14 08:00:00,密度,延化120万吨/年催化重整装置
107.3,ST040003,℃,2025-08-14 08:00:00,初馏点蒸发温度 TIBP,延化120万吨/年催化重整装置
119.1,ST040003,℃,2025-08-14 08:00:00,10%平均蒸发温度T10%,延化120万吨/年催化重整装置
0.8,ST040003,<p>%</p>,2025-08-14 08:00:00,平均残留百分数(B),延化120万吨/年催化重整装置
168.3,ST040003,℃,2025-08-14 08:00:00,90%平均蒸发温度T90%,延化120万吨/年催化重整装置
202.2,ST040003,℃,2025-08-14 08:00:00,终馏点蒸发温度TFBP,延化120万吨/年催化重整装置
98.0,ST040003,<p>%</p>,2025-08-14 08:00:00,全馏,延化120万吨/年催化重整装置
135.2,ST040003,℃,2025-08-14 08:00:00,50%平均蒸发温度T50%,延化120万吨/年催化重整装置
98.0,ST040003,<p>%</p>,2025-08-15 08:00:00,全馏,延化120万吨/年催化重整装置
107.5,ST040003,℃,2025-08-15 08:00:00,初馏点蒸发温度 TIBP,延化120万吨/年催化重整装置
119.7,ST040003,℃,2025-08-15 08:00:00,10%平均蒸发温度T10%,延化120万吨/年催化重整装置
133.9,ST040003,℃,2025-08-15 08:00:00,50%平均蒸发温度T50%,延化120万吨/年催化重整装置
168.4,ST040003,℃,2025-08-15 08:00:00,90%平均蒸发温度T90%,延化120万吨/年催化重整装置
202.3,ST040003,℃,2025-08-15 08:00:00,终馏点蒸发温度TFBP,延化120万吨/年催化重整装置
0.8,ST040003,<p>%</p>,2025-08-15 08:00:00,平均残留百分数(B),延化120万吨/年催化重整装置
841.4,ST040003,<p>kg/m<sup>3</sup></p>,2025-08-15 08:00:00,密度,延化120万吨/年催化重整装置
107.2,ST040003,℃,2025-08-16 08:00:00,初馏点蒸发温度 TIBP,延化120万吨/年催化重整装置
121.7,ST040003,℃,2025-08-16 08:00:00,10%平均蒸发温度T10%,延化120万吨/年催化重整装置
139.1,ST040003,℃,2025-08-16 08:00:00,50%平均蒸发温度T50%,延化120万吨/年催化重整装置
843.5,ST040003,<p>kg/m<sup>3</sup></p>,2025-08-16 08:00:00,密度,延化120万吨/年催化重整装置
202.4,ST040003,℃,2025-08-16 08:00:00,终馏点蒸发温度TFBP,延化120万吨/年催化重整装置
98.0,ST040003,<p>%</p>,2025-08-16 08:00:00,全馏,延化120万吨/年催化重整装置
0.8,ST040003,<p>%</p>,2025-08-16 08:00:00,平均残留百分数(B),延化120万吨/年催化重整装置
169.2,ST040003,℃,2025-08-16 08:00:00,90%平均蒸发温度T90%,延化120万吨/年催化重整装置
107.5,ST040003,℃,2025-08-17 08:00:00,初馏点蒸发温度 TIBP,延化120万吨/年催化重整装置
121.3,ST040003,℃,2025-08-17 08:00:00,10%平均蒸发温度T10%,延化120万吨/年催化重整装置
142.9,ST040003,℃,2025-08-17 08:00:00,50%平均蒸发温度T50%,延化120万吨/年催化重整装置
841.4,ST040003,<p>kg/m<sup>3</sup></p>,2025-08-17 08:00:00,密度,延化120万吨/年催化重整装置
203.0,ST040003,℃,2025-08-17 08:00:00,终馏点蒸发温度TFBP,延化120万吨/年催化重整装置
98.0,ST040003,<p>%</p>,2025-08-17 08:00:00,全馏,延化120万吨/年催化重整装置
0.8,ST040003,<p>%</p>,2025-08-17 08:00:00,平均残留百分数(B),延化120万吨/年催化重整装置
170.6,ST040003,℃,2025-08-17 08:00:00,90%平均蒸发温度T90%,延化120万吨/年催化重整装置
840.8,ST040003,<p>kg/m<sup>3</sup></p>,2025-08-18 08:00:00,密度,延化120万吨/年催化重整装置
107.5,ST040003,℃,2025-08-18 08:00:00,初馏点蒸发温度 TIBP,延化120万吨/年催化重整装置
119.3,ST040003,℃,2025-08-18 08:00:00,10%平均蒸发温度T10%,延化120万吨/年催化重整装置
0.8,ST040003,<p>%</p>,2025-08-18 08:00:00,平均残留百分数(B),延化120万吨/年催化重整装置
169.8,ST040003,℃,2025-08-18 08:00:00,90%平均蒸发温度T90%,延化120万吨/年催化重整装置
202.6,ST040003,℃,2025-08-18 08:00:00,终馏点蒸发温度TFBP,延化120万吨/年催化重整装置
98.0,ST040003,<p>%</p>,2025-08-18 08:00:00,全馏,延化120万吨/年催化重整装置
142.0,ST040003,℃,2025-08-18 08:00:00,50%平均蒸发温度T50%,延化120万吨/年催化重整装置
841.7,ST040003,<p>kg/m<sup>3</sup></p>,2025-08-19 08:00:00,密度,延化120万吨/年催化重整装置
107.5,ST040003,℃,2025-08-19 08:00:00,初馏点蒸发温度 TIBP,延化120万吨/年催化重整装置
119.8,ST040003,℃,2025-08-19 08:00:00,10%平均蒸发温度T10%,延化120万吨/年催化重整装置
0.8,ST040003,<p>%</p>,2025-08-19 08:00:00,平均残留百分数(B),延化120万吨/年催化重整装置
169.7,ST040003,℃,2025-08-19 08:00:00,90%平均蒸发温度T90%,延化120万吨/年催化重整装置
202.6,ST040003,℃,2025-08-19 08:00:00,终馏点蒸发温度TFBP,延化120万吨/年催化重整装置
98.0,ST040003,<p>%</p>,2025-08-19 08:00:00,全馏,延化120万吨/年催化重整装置
141.9,ST040003,℃,2025-08-19 08:00:00,50%平均蒸发温度T50%,延化120万吨/年催化重整装置
843.3,ST040003,<p>kg/m<sup>3</sup></p>,2025-08-20 08:00:00,密度,延化120万吨/年催化重整装置
98.4,ST040003,<p>%</p>,2025-08-20 08:00:00,全馏,延化120万吨/年催化重整装置
3.50,ST040003,<p>%</p>,2025-08-20 08:00:00,正构烷烃,延化120万吨/年催化重整装置
8.58,ST040003,<p>%</p>,2025-08-20 08:00:00,异构烷烃,延化120万吨/年催化重整装置
0.40,ST040003,<p>%</p>,2025-08-20 08:00:00,烯烃含量,延化120万吨/年催化重整装置
1.10,ST040003,<p>%</p>,2025-08-20 08:00:00,环烷烃含量,延化120万吨/年催化重整装置
86.39,ST040003,<p>%</p>,2025-08-20 08:00:00,芳烃含量,延化120万吨/年催化重整装置
0.18,ST040003,<p>%</p>,2025-08-20 08:00:00,苯含量,延化120万吨/年催化重整装置
104,ST040003,,2025-08-20 08:00:00,模拟法辛烷值,延化120万吨/年催化重整装置
116.5,ST040003,℃,2025-08-20 08:00:00,10%平均蒸发温度T10%,延化120万吨/年催化重整装置
199.5,ST040003,℃,2025-08-20 08:00:00,终馏点蒸发温度TFBP,延化120万吨/年催化重整装置
166.5,ST040003,℃,2025-08-20 08:00:00,90%平均蒸发温度T90%,延化120万吨/年催化重整装置
137.5,ST040003,℃,2025-08-20 08:00:00,50%平均蒸发温度T50%,延化120万吨/年催化重整装置
101.0,ST040003,℃,2025-08-20 08:00:00,初馏点蒸发温度 TIBP,延化120万吨/年催化重整装置
0.8,ST040003,<p>%</p>,2025-08-20 08:00:00,校正损失百分数(LC),延化120万吨/年催化重整装置
0.8,ST040003,<p>%</p>,2025-08-20 08:00:00,校正损失百分数(LC),延化120万吨/年催化重整装置
98.4,ST040003,<p>%</p>,2025-08-20 08:00:00,校正回收百分数(RC),延化120万吨/年催化重整装置
98.4,ST040003,<p>%</p>,2025-08-20 08:00:00,校正回收百分数(RC),延化120万吨/年催化重整装置
13.18,ST040003,<p>%</p>,2025-08-20 08:00:00,烷烃含量,延化120万吨/年催化重整装置
0.8,ST040003,<p>%</p>,2025-08-21 08:00:00,平均残留百分数(B),延化120万吨/年催化重整装置
107.4,ST040003,℃,2025-08-21 08:00:00,初馏点蒸发温度 TIBP,延化120万吨/年催化重整装置
843.1,ST040003,<p>kg/m<sup>3</sup></p>,2025-08-21 08:00:00,密度,延化120万吨/年催化重整装置
98.0,ST040003,<p>%</p>,2025-08-21 08:00:00,全馏,延化120万吨/年催化重整装置
141.6,ST040003,℃,2025-08-21 08:00:00,50%平均蒸发温度T50%,延化120万吨/年催化重整装置
169.6,ST040003,℃,2025-08-21 08:00:00,90%平均蒸发温度T90%,延化120万吨/年催化重整装置
202.4,ST040003,℃,2025-08-21 08:00:00,终馏点蒸发温度TFBP,延化120万吨/年催化重整装置
120.5,ST040003,℃,2025-08-21 08:00:00,10%平均蒸发温度T10%,延化120万吨/年催化重整装置
169.1,ST040003,℃,2025-08-22 08:00:00,90%平均蒸发温度T90%,延化120万吨/年催化重整装置
841.8,ST040003,<p>kg/m<sup>3</sup></p>,2025-08-22 08:00:00,密度,延化120万吨/年催化重整装置
107.6,ST040003,℃,2025-08-22 08:00:00,初馏点蒸发温度 TIBP,延化120万吨/年催化重整装置
0.8,ST040003,<p>%</p>,2025-08-22 08:00:00,平均残留百分数(B),延化120万吨/年催化重整装置
138.2,ST040003,℃,2025-08-22 08:00:00,50%平均蒸发温度T50%,延化120万吨/年催化重整装置
202.5,ST040003,℃,2025-08-22 08:00:00,终馏点蒸发温度TFBP,延化120万吨/年催化重整装置
98.0,ST040003,<p>%</p>,2025-08-22 08:00:00,全馏,延化120万吨/年催化重整装置
119.9,ST040003,℃,2025-08-22 08:00:00,10%平均蒸发温度T10%,延化120万吨/年催化重整装置
98.0,ST040003,<p>%</p>,2025-08-23 08:00:00,全馏,延化120万吨/年催化重整装置
107.0,ST040003,℃,2025-08-23 08:00:00,初馏点蒸发温度 TIBP,延化120万吨/年催化重整装置
121.6,ST040003,℃,2025-08-23 08:00:00,10%平均蒸发温度T10%,延化120万吨/年催化重整装置
843.4,ST040003,<p>kg/m<sup>3</sup></p>,2025-08-23 08:00:00,密度,延化120万吨/年催化重整装置
169.6,ST040003,℃,2025-08-23 08:00:00,90%平均蒸发温度T90%,延化120万吨/年催化重整装置
202.4,ST040003,℃,2025-08-23 08:00:00,终馏点蒸发温度TFBP,延化120万吨/年催化重整装置
0.8,ST040003,<p>%</p>,2025-08-23 08:00:00,平均残留百分数(B),延化120万吨/年催化重整装置
141.7,ST040003,℃,2025-08-23 08:00:00,50%平均蒸发温度T50%,延化120万吨/年催化重整装置
107.1,ST040003,℃,2025-08-24 08:00:00,初馏点蒸发温度 TIBP,延化120万吨/年催化重整装置
121.6,ST040003,℃,2025-08-24 08:00:00,10%平均蒸发温度T10%,延化120万吨/年催化重整装置
0.8,ST040003,<p>%</p>,2025-08-24 08:00:00,平均残留百分数(B),延化120万吨/年催化重整装置
842.7,ST040003,<p>kg/m<sup>3</sup></p>,2025-08-24 08:00:00,密度,延化120万吨/年催化重整装置
169.6,ST040003,℃,2025-08-24 08:00:00,90%平均蒸发温度T90%,延化120万吨/年催化重整装置
202.6,ST040003,℃,2025-08-24 08:00:00,终馏点蒸发温度TFBP,延化120万吨/年催化重整装置
98.0,ST040003,<p>%</p>,2025-08-24 08:00:00,全馏,延化120万吨/年催化重整装置
141.9,ST040003,℃,2025-08-24 08:00:00,50%平均蒸发温度T50%,延化120万吨/年催化重整装置
170.7,ST040003,℃,2025-08-25 08:00:00,90%平均蒸发温度T90%,延化120万吨/年催化重整装置
108.0,ST040003,℃,2025-08-25 08:00:00,初馏点蒸发温度 TIBP,延化120万吨/年催化重整装置
120.0,ST040003,℃,2025-08-25 08:00:00,10%平均蒸发温度T10%,延化120万吨/年催化重整装置
840.7,ST040003,<p>kg/m<sup>3</sup></p>,2025-08-25 08:00:00,密度,延化120万吨/年催化重整装置
202.9,ST040003,℃,2025-08-25 08:00:00,终馏点蒸发温度TFBP,延化120万吨/年催化重整装置
98.0,ST040003,<p>%</p>,2025-08-25 08:00:00,全馏,延化120万吨/年催化重整装置
0.8,ST040003,<p>%</p>,2025-08-25 08:00:00,平均残留百分数(B),延化120万吨/年催化重整装置
143.1,ST040003,℃,2025-08-25 08:00:00,50%平均蒸发温度T50%,延化120万吨/年催化重整装置
202.5,ST040003,℃,2025-08-26 08:00:00,终馏点蒸发温度TFBP,延化120万吨/年催化重整装置
842.2,ST040003,<p>kg/m<sup>3</sup></p>,2025-08-26 08:00:00,密度,延化120万吨/年催化重整装置
107.7,ST040003,℃,2025-08-26 08:00:00,初馏点蒸发温度 TIBP,延化120万吨/年催化重整装置
0.8,ST040003,<p>%</p>,2025-08-26 08:00:00,平均残留百分数(B),延化120万吨/年催化重整装置
137.7,ST040003,℃,2025-08-26 08:00:00,50%平均蒸发温度T50%,延化120万吨/年催化重整装置
169.0,ST040003,℃,2025-08-26 08:00:00,90%平均蒸发温度T90%,延化120万吨/年催化重整装置
98.0,ST040003,<p>%</p>,2025-08-26 08:00:00,全馏,延化120万吨/年催化重整装置
119.8,ST040003,℃,2025-08-26 08:00:00,10%平均蒸发温度T10%,延化120万吨/年催化重整装置
139.1,ST040003,℃,2025-08-27 08:00:00,50%平均蒸发温度T50%,延化120万吨/年催化重整装置
0.8,ST040003,<p>%</p>,2025-08-27 08:00:00,平均残留百分数(B),延化120万吨/年催化重整装置
107.4,ST040003,℃,2025-08-27 08:00:00,初馏点蒸发温度 TIBP,延化120万吨/年催化重整装置
120.5,ST040003,℃,2025-08-27 08:00:00,10%平均蒸发温度T10%,延化120万吨/年催化重整装置
169.2,ST040003,℃,2025-08-27 08:00:00,90%平均蒸发温度T90%,延化120万吨/年催化重整装置
3.39,ST040003,<p>%</p>,2025-08-27 08:00:00,正构烷烃,延化120万吨/年催化重整装置
8.77,ST040003,<p>%</p>,2025-08-27 08:00:00,异构烷烃,延化120万吨/年催化重整装置
13.28,ST040003,<p>%</p>,2025-08-27 08:00:00,烷烃含量,延化120万吨/年催化重整装置
0.43,ST040003,<p>%</p>,2025-08-27 08:00:00,烯烃含量,延化120万吨/年催化重整装置
1.12,ST040003,<p>%</p>,2025-08-27 08:00:00,环烷烃含量,延化120万吨/年催化重整装置
86.25,ST040003,<p>%</p>,2025-08-27 08:00:00,芳烃含量,延化120万吨/年催化重整装置
0.18,ST040003,<p>%</p>,2025-08-27 08:00:00,苯含量,延化120万吨/年催化重整装置
104.1,ST040003,,2025-08-27 08:00:00,模拟法辛烷值,延化120万吨/年催化重整装置
202.4,ST040003,℃,2025-08-27 08:00:00,终馏点蒸发温度TFBP,延化120万吨/年催化重整装置
98.0,ST040003,<p>%</p>,2025-08-27 08:00:00,全馏,延化120万吨/年催化重整装置
842.9,ST040003,<p>kg/m<sup>3</sup></p>,2025-08-27 08:00:00,密度,延化120万吨/年催化重整装置
202.3,ST040003,℃,2025-08-28 08:00:00,终馏点蒸发温度TFBP,延化120万吨/年催化重整装置
98.0,ST040003,<p>%</p>,2025-08-28 08:00:00,全馏,延化120万吨/年催化重整装置
0.8,ST040003,<p>%</p>,2025-08-28 08:00:00,平均残留百分数(B),延化120万吨/年催化重整装置
838.7,ST040003,<p>kg/m<sup>3</sup></p>,2025-08-28 08:00:00,密度,延化120万吨/年催化重整装置
107.6,ST040003,℃,2025-08-28 08:00:00,初馏点蒸发温度 TIBP,延化120万吨/年催化重整装置
119.2,ST040003,℃,2025-08-28 08:00:00,10%平均蒸发温度T10%,延化120万吨/年催化重整装置
168.2,ST040003,℃,2025-08-28 08:00:00,90%平均蒸发温度T90%,延化120万吨/年催化重整装置
135.5,ST040003,℃,2025-08-28 08:00:00,50%平均蒸发温度T50%,延化120万吨/年催化重整装置
169.1,ST040003,℃,2025-08-29 08:00:00,90%平均蒸发温度T90%,延化120万吨/年催化重整装置
107.5,ST040003,℃,2025-08-29 08:00:00,初馏点蒸发温度 TIBP,延化120万吨/年催化重整装置
119.7,ST040003,℃,2025-08-29 08:00:00,10%平均蒸发温度T10%,延化120万吨/年催化重整装置
840.5,ST040003,<p>kg/m<sup>3</sup></p>,2025-08-29 08:00:00,密度,延化120万吨/年催化重整装置
202.4,ST040003,℃,2025-08-29 08:00:00,终馏点蒸发温度TFBP,延化120万吨/年催化重整装置
98.0,ST040003,<p>%</p>,2025-08-29 08:00:00,全馏,延化120万吨/年催化重整装置
0.8,ST040003,<p>%</p>,2025-08-29 08:00:00,平均残留百分数(B),延化120万吨/年催化重整装置
138.7,ST040003,℃,2025-08-29 08:00:00,50%平均蒸发温度T50%,延化120万吨/年催化重整装置
167.8,ST040003,℃,2025-08-30 08:00:00,90%平均蒸发温度T90%,延化120万吨/年催化重整装置
107.7,ST040003,℃,2025-08-30 08:00:00,初馏点蒸发温度 TIBP,延化120万吨/年催化重整装置
119.0,ST040003,℃,2025-08-30 08:00:00,10%平均蒸发温度T10%,延化120万吨/年催化重整装置
839.9,ST040003,<p>kg/m<sup>3</sup></p>,2025-08-30 08:00:00,密度,延化120万吨/年催化重整装置
201.7,ST040003,℃,2025-08-30 08:00:00,终馏点蒸发温度TFBP,延化120万吨/年催化重整装置
98.0,ST040003,<p>%</p>,2025-08-30 08:00:00,全馏,延化120万吨/年催化重整装置
0.8,ST040003,<p>%</p>,2025-08-30 08:00:00,平均残留百分数(B),延化120万吨/年催化重整装置
135.1,ST040003,℃,2025-08-30 08:00:00,50%平均蒸发温度T50%,延化120万吨/年催化重整装置
841.4,ST040003,<p>kg/m<sup>3</sup></p>,2025-08-31 08:00:00,密度,延化120万吨/年催化重整装置
107.3,ST040003,℃,2025-08-31 08:00:00,初馏点蒸发温度 TIBP,延化120万吨/年催化重整装置
121.3,ST040003,℃,2025-08-31 08:00:00,10%平均蒸发温度T10%,延化120万吨/年催化重整装置
0.8,ST040003,<p>%</p>,2025-08-31 08:00:00,平均残留百分数(B),延化120万吨/年催化重整装置
170.0,ST040003,℃,2025-08-31 08:00:00,90%平均蒸发温度T90%,延化120万吨/年催化重整装置
202.4,ST040003,℃,2025-08-31 08:00:00,终馏点蒸发温度TFBP,延化120万吨/年催化重整装置
98.0,ST040003,<p>%</p>,2025-08-31 08:00:00,全馏,延化120万吨/年催化重整装置
140.7,ST040003,℃,2025-08-31 08:00:00,50%平均蒸发温度T50%,延化120万吨/年催化重整装置
168.5,ST040003,℃,2025-09-01 08:00:00,90%平均蒸发温度T90%,延化120万吨/年催化重整装置
845.3,ST040003,<p>kg/m<sup>3</sup></p>,2025-09-01 08:00:00,密度,延化120万吨/年催化重整装置
106.9,ST040003,℃,2025-09-01 08:00:00,初馏点蒸发温度 TIBP,延化120万吨/年催化重整装置
0.8,ST040003,<p>%</p>,2025-09-01 08:00:00,平均残留百分数(B),延化120万吨/年催化重整装置
139.0,ST040003,℃,2025-09-01 08:00:00,50%平均蒸发温度T50%,延化120万吨/年催化重整装置
201.9,ST040003,℃,2025-09-01 08:00:00,终馏点蒸发温度TFBP,延化120万吨/年催化重整装置
98.0,ST040003,<p>%</p>,2025-09-01 08:00:00,全馏,延化120万吨/年催化重整装置
122.0,ST040003,℃,2025-09-01 08:00:00,10%平均蒸发温度T10%,延化120万吨/年催化重整装置
107.7,ST040003,℃,2025-09-02 08:00:00,初馏点蒸发温度 TIBP,延化120万吨/年催化重整装置
119.3,ST040003,℃,2025-09-02 08:00:00,10%平均蒸发温度T10%,延化120万吨/年催化重整装置
0.8,ST040003,<p>%</p>,2025-09-02 08:00:00,平均残留百分数(B),延化120万吨/年催化重整装置
98.0,ST040003,<p>%</p>,2025-09-02 08:00:00,全馏,延化120万吨/年催化重整装置
133.2,ST040003,℃,2025-09-02 08:00:00,50%平均蒸发温度T50%,延化120万吨/年催化重整装置
167.4,ST040003,℃,2025-09-02 08:00:00,90%平均蒸发温度T90%,延化120万吨/年催化重整装置
201.5,ST040003,℃,2025-09-02 08:00:00,终馏点蒸发温度TFBP,延化120万吨/年催化重整装置
842.0,ST040003,<p>kg/m<sup>3</sup></p>,2025-09-02 08:00:00,密度,延化120万吨/年催化重整装置
0.44,ST040003,<p>%</p>,2025-09-03 08:00:00,烯烃含量,延化120万吨/年催化重整装置
0.8,ST040003,<p>%</p>,2025-09-03 08:00:00,平均残留百分数(B),延化120万吨/年催化重整装置
8.34,ST040003,<p>%</p>,2025-09-03 08:00:00,异构烷烃,延化120万吨/年催化重整装置
12.49,ST040003,<p>%</p>,2025-09-03 08:00:00,烷烃含量,延化120万吨/年催化重整装置
1.10,ST040003,<p>%</p>,2025-09-03 08:00:00,环烷烃含量,延化120万吨/年催化重整装置
86.79,ST040003,<p>%</p>,2025-09-03 08:00:00,芳烃含量,延化120万吨/年催化重整装置
0.22,ST040003,<p>%</p>,2025-09-03 08:00:00,苯含量,延化120万吨/年催化重整装置
105.9,ST040003,,2025-09-03 08:00:00,模拟法辛烷值,延化120万吨/年催化重整装置
842.6,ST040003,<p>kg/m<sup>3</sup></p>,2025-09-03 08:00:00,密度,延化120万吨/年催化重整装置
167.7,ST040003,℃,2025-09-03 08:00:00,90%平均蒸发温度T90%,延化120万吨/年催化重整装置
119.7,ST040003,℃,2025-09-03 08:00:00,10%平均蒸发温度T10%,延化120万吨/年催化重整装置
107.6,ST040003,℃,2025-09-03 08:00:00,初馏点蒸发温度 TIBP,延化120万吨/年催化重整装置
135.8,ST040003,℃,2025-09-03 08:00:00,50%平均蒸发温度T50%,延化120万吨/年催化重整装置
201.7,ST040003,℃,2025-09-03 08:00:00,终馏点蒸发温度TFBP,延化120万吨/年催化重整装置
98.0,ST040003,<p>%</p>,2025-09-03 08:00:00,全馏,延化120万吨/年催化重整装置
3.05,ST040003,<p>%</p>,2025-09-03 08:00:00,正构烷烃,延化120万吨/年催化重整装置
169.1,ST040003,℃,2025-09-04 08:00:00,90%平均蒸发温度T90%,延化120万吨/年催化重整装置
107.4,ST040003,℃,2025-09-04 08:00:00,初馏点蒸发温度 TIBP,延化120万吨/年催化重整装置
120.3,ST040003,℃,2025-09-04 08:00:00,10%平均蒸发温度T10%,延化120万吨/年催化重整装置
843.3,ST040003,<p>kg/m<sup>3</sup></p>,2025-09-04 08:00:00,密度,延化120万吨/年催化重整装置
202.1,ST040003,℃,2025-09-04 08:00:00,终馏点蒸发温度TFBP,延化120万吨/年催化重整装置
98.0,ST040003,<p>%</p>,2025-09-04 08:00:00,全馏,延化120万吨/年催化重整装置
0.8,ST040003,<p>%</p>,2025-09-04 08:00:00,平均残留百分数(B),延化120万吨/年催化重整装置
142.1,ST040003,℃,2025-09-04 08:00:00,50%平均蒸发温度T50%,延化120万吨/年催化重整装置
142.4,ST040003,℃,2025-09-05 08:00:00,50%平均蒸发温度T50%,延化120万吨/年催化重整装置
841.9,ST040003,<p>kg/m<sup>3</sup></p>,2025-09-05 08:00:00,密度,延化120万吨/年催化重整装置
107.8,ST040003,℃,2025-09-05 08:00:00,初馏点蒸发温度 TIBP,延化120万吨/年催化重整装置
0.8,ST040003,<p>%</p>,2025-09-05 08:00:00,平均残留百分数(B),延化120万吨/年催化重整装置
170.0,ST040003,℃,2025-09-05 08:00:00,90%平均蒸发温度T90%,延化120万吨/年催化重整装置
202.6,ST040003,℃,2025-09-05 08:00:00,终馏点蒸发温度TFBP,延化120万吨/年催化重整装置
98.0,ST040003,<p>%</p>,2025-09-05 08:00:00,全馏,延化120万吨/年催化重整装置
119.6,ST040003,℃,2025-09-05 08:00:00,10%平均蒸发温度T10%,延化120万吨/年催化重整装置
202.6,ST040003,℃,2025-09-06 08:00:00,终馏点蒸发温度TFBP,延化120万吨/年催化重整装置
841.7,ST040003,<p>kg/m<sup>3</sup></p>,2025-09-06 08:00:00,密度,延化120万吨/年催化重整装置
107.7,ST040003,℃,2025-09-06 08:00:00,初馏点蒸发温度 TIBP,延化120万吨/年催化重整装置
0.8,ST040003,<p>%</p>,2025-09-06 08:00:00,平均残留百分数(B),延化120万吨/年催化重整装置
142.4,ST040003,℃,2025-09-06 08:00:00,50%平均蒸发温度T50%,延化120万吨/年催化重整装置
170.0,ST040003,℃,2025-09-06 08:00:00,90%平均蒸发温度T90%,延化120万吨/年催化重整装置
98.0,ST040003,<p>%</p>,2025-09-06 08:00:00,全馏,延化120万吨/年催化重整装置
120.1,ST040003,℃,2025-09-06 08:00:00,10%平均蒸发温度T10%,延化120万吨/年催化重整装置
107.7,ST040003,℃,2025-09-07 08:00:00,初馏点蒸发温度 TIBP,延化120万吨/年催化重整装置
120.8,ST040003,℃,2025-09-07 08:00:00,10%平均蒸发温度T10%,延化120万吨/年催化重整装置
143.0,ST040003,℃,2025-09-07 08:00:00,50%平均蒸发温度T50%,延化120万吨/年催化重整装置
840.9,ST040003,<p>kg/m<sup>3</sup></p>,2025-09-07 08:00:00,密度,延化120万吨/年催化重整装置
202.4,ST040003,℃,2025-09-07 08:00:00,终馏点蒸发温度TFBP,延化120万吨/年催化重整装置
98.0,ST040003,<p>%</p>,2025-09-07 08:00:00,全馏,延化120万吨/年催化重整装置
0.8,ST040003,<p>%</p>,2025-09-07 08:00:00,平均残留百分数(B),延化120万吨/年催化重整装置
170.1,ST040003,℃,2025-09-07 08:00:00,90%平均蒸发温度T90%,延化120万吨/年催化重整装置
107.2,ST040003,℃,2025-09-08 08:00:00,初馏点蒸发温度 TIBP,延化120万吨/年催化重整装置
122.0,ST040003,℃,2025-09-08 08:00:00,10%平均蒸发温度T10%,延化120万吨/年催化重整装置
142.4,ST040003,℃,2025-09-08 08:00:00,50%平均蒸发温度T50%,延化120万吨/年催化重整装置
845.8,ST040003,<p>kg/m<sup>3</sup></p>,2025-09-08 08:00:00,密度,延化120万吨/年催化重整装置
202.4,ST040003,℃,2025-09-08 08:00:00,终馏点蒸发温度TFBP,延化120万吨/年催化重整装置
98.0,ST040003,<p>%</p>,2025-09-08 08:00:00,全馏,延化120万吨/年催化重整装置
0.8,ST040003,<p>%</p>,2025-09-08 08:00:00,平均残留百分数(B),延化120万吨/年催化重整装置
169.9,ST040003,℃,2025-09-08 08:00:00,90%平均蒸发温度T90%,延化120万吨/年催化重整装置
843.5,ST040003,<p>kg/m<sup>3</sup></p>,2025-09-09 08:00:00,密度,延化120万吨/年催化重整装置
107.4,ST040003,℃,2025-09-09 08:00:00,初馏点蒸发温度 TIBP,延化120万吨/年催化重整装置
120.5,ST040003,℃,2025-09-09 08:00:00,10%平均蒸发温度T10%,延化120万吨/年催化重整装置
0.8,ST040003,<p>%</p>,2025-09-09 08:00:00,平均残留百分数(B),延化120万吨/年催化重整装置
168.8,ST040003,℃,2025-09-09 08:00:00,90%平均蒸发温度T90%,延化120万吨/年催化重整装置
201.9,ST040003,℃,2025-09-09 08:00:00,终馏点蒸发温度TFBP,延化120万吨/年催化重整装置
98.0,ST040003,<p>%</p>,2025-09-09 08:00:00,全馏,延化120万吨/年催化重整装置
141.5,ST040003,℃,2025-09-09 08:00:00,50%平均蒸发温度T50%,延化120万吨/年催化重整装置
85.85,ST040003,<p>%</p>,2025-09-10 08:00:00,芳烃含量,延化120万吨/年催化重整装置
0.8,ST040003,<p>%</p>,2025-09-10 08:00:00,平均残留百分数(B),延化120万吨/年催化重整装置
103.8,ST040003,,2025-09-10 08:00:00,模拟法辛烷值,延化120万吨/年催化重整装置
3.47,ST040003,<p>%</p>,2025-09-10 08:00:00,正构烷烃,延化120万吨/年催化重整装置
119.7,ST040003,℃,2025-09-10 08:00:00,10%平均蒸发温度T10%,延化120万吨/年催化重整装置
9.01,ST040003,<p>%</p>,2025-09-10 08:00:00,异构烷烃,延化120万吨/年催化重整装置
13.63,ST040003,<p>%</p>,2025-09-10 08:00:00,烷烃含量,延化120万吨/年催化重整装置
0.43,ST040003,<p>%</p>,2025-09-10 08:00:00,烯烃含量,延化120万吨/年催化重整装置
1.15,ST040003,<p>%</p>,2025-09-10 08:00:00,环烷烃含量,延化120万吨/年催化重整装置
842.6,ST040003,<p>kg/m<sup>3</sup></p>,2025-09-10 08:00:00,密度,延化120万吨/年催化重整装置
107.8,ST040003,℃,2025-09-10 08:00:00,初馏点蒸发温度 TIBP,延化120万吨/年催化重整装置
141.6,ST040003,℃,2025-09-10 08:00:00,50%平均蒸发温度T50%,延化120万吨/年催化重整装置
169.3,ST040003,℃,2025-09-10 08:00:00,90%平均蒸发温度T90%,延化120万吨/年催化重整装置
202.0,ST040003,℃,2025-09-10 08:00:00,终馏点蒸发温度TFBP,延化120万吨/年催化重整装置
98.0,ST040003,<p>%</p>,2025-09-10 08:00:00,全馏,延化120万吨/年催化重整装置
0.18,ST040003,<p>%</p>,2025-09-10 08:00:00,苯含量,延化120万吨/年催化重整装置
107.7,ST040003,℃,2025-09-11 08:00:00,初馏点蒸发温度 TIBP,延化120万吨/年催化重整装置
119.9,ST040003,℃,2025-09-11 08:00:00,10%平均蒸发温度T10%,延化120万吨/年催化重整装置
142.0,ST040003,℃,2025-09-11 08:00:00,50%平均蒸发温度T50%,延化120万吨/年催化重整装置
0.8,ST040003,<p>%</p>,2025-09-11 08:00:00,平均残留百分数(B),延化120万吨/年催化重整装置
842.2,ST040003,<p>kg/m<sup>3</sup></p>,2025-09-11 08:00:00,密度,延化120万吨/年催化重整装置
202.1,ST040003,℃,2025-09-11 08:00:00,终馏点蒸发温度TFBP,延化120万吨/年催化重整装置
98.0,ST040003,<p>%</p>,2025-09-11 08:00:00,全馏,延化120万吨/年催化重整装置
169.4,ST040003,℃,2025-09-11 08:00:00,90%平均蒸发温度T90%,延化120万吨/年催化重整装置
169.7,ST040003,℃,2025-09-12 08:00:00,90%平均蒸发温度T90%,延化120万吨/年催化重整装置
107.3,ST040003,℃,2025-09-12 08:00:00,初馏点蒸发温度 TIBP,延化120万吨/年催化重整装置
119.9,ST040003,℃,2025-09-12 08:00:00,10%平均蒸发温度T10%,延化120万吨/年催化重整装置
842.0,ST040003,<p>kg/m<sup>3</sup></p>,2025-09-12 08:00:00,密度,延化120万吨/年催化重整装置
98.0,ST040003,<p>%</p>,2025-09-12 08:00:00,全馏,延化120万吨/年催化重整装置
0.8,ST040003,<p>%</p>,2025-09-12 08:00:00,平均残留百分数(B),延化120万吨/年催化重整装置
202.3,ST040003,℃,2025-09-12 08:00:00,终馏点蒸发温度TFBP,延化120万吨/年催化重整装置
142.2,ST040003,℃,2025-09-12 08:00:00,50%平均蒸发温度T50%,延化120万吨/年催化重整装置
169.5,ST040003,℃,2025-09-13 08:00:00,90%平均蒸发温度T90%,延化120万吨/年催化重整装置
107.4,ST040003,℃,2025-09-13 08:00:00,初馏点蒸发温度 TIBP,延化120万吨/年催化重整装置
119.7,ST040003,℃,2025-09-13 08:00:00,10%平均蒸发温度T10%,延化120万吨/年催化重整装置
842.3,ST040003,<p>kg/m<sup>3</sup></p>,2025-09-13 08:00:00,密度,延化120万吨/年催化重整装置
202.3,ST040003,℃,2025-09-13 08:00:00,终馏点蒸发温度TFBP,延化120万吨/年催化重整装置
98.0,ST040003,<p>%</p>,2025-09-13 08:00:00,全馏,延化120万吨/年催化重整装置
0.8,ST040003,<p>%</p>,2025-09-13 08:00:00,平均残留百分数(B),延化120万吨/年催化重整装置
142.0,ST040003,℃,2025-09-13 08:00:00,50%平均蒸发温度T50%,延化120万吨/年催化重整装置
169.7,ST040003,℃,2025-09-14 08:00:00,90%平均蒸发温度T90%,延化120万吨/年催化重整装置
841.4,ST040003,<p>kg/m<sup>3</sup></p>,2025-09-14 08:00:00,密度,延化120万吨/年催化重整装置
120.1,ST040003,℃,2025-09-14 08:00:00,10%平均蒸发温度T10%,延化120万吨/年催化重整装置
107.7,ST040003,℃,2025-09-14 08:00:00,初馏点蒸发温度 TIBP,延化120万吨/年催化重整装置
202.5,ST040003,℃,2025-09-14 08:00:00,终馏点蒸发温度TFBP,延化120万吨/年催化重整装置
98.0,ST040003,<p>%</p>,2025-09-14 08:00:00,全馏,延化120万吨/年催化重整装置
0.8,ST040003,<p>%</p>,2025-09-14 08:00:00,平均残留百分数(B),延化120万吨/年催化重整装置
142.2,ST040003,℃,2025-09-14 08:00:00,50%平均蒸发温度T50%,延化120万吨/年催化重整装置
839.7,ST040003,<p>kg/m<sup>3</sup></p>,2025-09-15 08:00:00,密度,延化120万吨/年催化重整装置
107.8,ST040003,℃,2025-09-15 08:00:00,初馏点蒸发温度 TIBP,延化120万吨/年催化重整装置
118.9,ST040003,℃,2025-09-15 08:00:00,10%平均蒸发温度T10%,延化120万吨/年催化重整装置
138.4,ST040003,℃,2025-09-15 08:00:00,50%平均蒸发温度T50%,延化120万吨/年催化重整装置
169.0,ST040003,℃,2025-09-15 08:00:00,90%平均蒸发温度T90%,延化120万吨/年催化重整装置
202.4,ST040003,℃,2025-09-15 08:00:00,终馏点蒸发温度TFBP,延化120万吨/年催化重整装置
98.0,ST040003,<p>%</p>,2025-09-15 08:00:00,全馏,延化120万吨/年催化重整装置
0.8,ST040003,<p>%</p>,2025-09-15 08:00:00,平均残留百分数(B),延化120万吨/年催化重整装置
107.7,ST040003,℃,2025-09-16 08:00:00,初馏点蒸发温度 TIBP,延化120万吨/年催化重整装置
119.8,ST040003,℃,2025-09-16 08:00:00,10%平均蒸发温度T10%,延化120万吨/年催化重整装置
142.3,ST040003,℃,2025-09-16 08:00:00,50%平均蒸发温度T50%,延化120万吨/年催化重整装置
842.3,ST040003,<p>kg/m<sup>3</sup></p>,2025-09-16 08:00:00,密度,延化120万吨/年催化重整装置
203.0,ST040003,℃,2025-09-16 08:00:00,终馏点蒸发温度TFBP,延化120万吨/年催化重整装置
98.0,ST040003,<p>%</p>,2025-09-16 08:00:00,全馏,延化120万吨/年催化重整装置
0.8,ST040003,<p>%</p>,2025-09-16 08:00:00,平均残留百分数(B),延化120万吨/年催化重整装置
170.1,ST040003,℃,2025-09-16 08:00:00,90%平均蒸发温度T90%,延化120万吨/年催化重整装置
9.20,ST040003,<p>%</p>,2025-09-17 08:00:00,异构烷烃,延化120万吨/年催化重整装置
3.25,ST040003,<p>%</p>,2025-09-17 08:00:00,正构烷烃,延化120万吨/年催化重整装置
0.42,ST040003,<p>%</p>,2025-09-17 08:00:00,烯烃含量,延化120万吨/年催化重整装置
1.18,ST040003,<p>%</p>,2025-09-17 08:00:00,环烷烃含量,延化120万吨/年催化重整装置
85.58,ST040003,<p>%</p>,2025-09-17 08:00:00,芳烃含量,延化120万吨/年催化重整装置
0.19,ST040003,<p>%</p>,2025-09-17 08:00:00,苯含量,延化120万吨/年催化重整装置
104.9,ST040003,,2025-09-17 08:00:00,模拟法辛烷值,延化120万吨/年催化重整装置
839.7,ST040003,<p>kg/m<sup>3</sup></p>,2025-09-17 08:00:00,密度,延化120万吨/年催化重整装置
107.7,ST040003,℃,2025-09-17 08:00:00,初馏点蒸发温度 TIBP,延化120万吨/年催化重整装置
118.9,ST040003,℃,2025-09-17 08:00:00,10%平均蒸发温度T10%,延化120万吨/年催化重整装置
139.3,ST040003,℃,2025-09-17 08:00:00,50%平均蒸发温度T50%,延化120万吨/年催化重整装置
169.4,ST040003,℃,2025-09-17 08:00:00,90%平均蒸发温度T90%,延化120万吨/年催化重整装置
202.6,ST040003,℃,2025-09-17 08:00:00,终馏点蒸发温度TFBP,延化120万吨/年催化重整装置
98.0,ST040003,<p>%</p>,2025-09-17 08:00:00,全馏,延化120万吨/年催化重整装置
0.8,ST040003,<p>%</p>,2025-09-17 08:00:00,平均残留百分数(B),延化120万吨/年催化重整装置
13.63,ST040003,<p>%</p>,2025-09-17 08:00:00,烷烃含量,延化120万吨/年催化重整装置
203.6,ST040003,℃,2025-09-18 08:00:00,终馏点蒸发温度TFBP,延化120万吨/年催化重整装置
107.9,ST040003,℃,2025-09-18 08:00:00,初馏点蒸发温度 TIBP,延化120万吨/年催化重整装置
119.9,ST040003,℃,2025-09-18 08:00:00,10%平均蒸发温度T10%,延化120万吨/年催化重整装置
841.7,ST040003,<p>kg/m<sup>3</sup></p>,2025-09-18 08:00:00,密度,延化120万吨/年催化重整装置
170.5,ST040003,℃,2025-09-18 08:00:00,90%平均蒸发温度T90%,延化120万吨/年催化重整装置
98.0,ST040003,<p>%</p>,2025-09-18 08:00:00,全馏,延化120万吨/年催化重整装置
0.8,ST040003,<p>%</p>,2025-09-18 08:00:00,平均残留百分数(B),延化120万吨/年催化重整装置
142.8,ST040003,℃,2025-09-18 08:00:00,50%平均蒸发温度T50%,延化120万吨/年催化重整装置
170.6,ST040003,℃,2025-09-19 08:00:00,90%平均蒸发温度T90%,延化120万吨/年催化重整装置
107.6,ST040003,℃,2025-09-19 08:00:00,初馏点蒸发温度 TIBP,延化120万吨/年催化重整装置
120.6,ST040003,℃,2025-09-19 08:00:00,10%平均蒸发温度T10%,延化120万吨/年催化重整装置
143.1,ST040003,℃,2025-09-19 08:00:00,50%平均蒸发温度T50%,延化120万吨/年催化重整装置
841.4,ST040003,<p>kg/m<sup>3</sup></p>,2025-09-19 08:00:00,密度,延化120万吨/年催化重整装置
98.0,ST040003,<p>%</p>,2025-09-19 08:00:00,全馏,延化120万吨/年催化重整装置
0.8,ST040003,<p>%</p>,2025-09-19 08:00:00,平均残留百分数(B),延化120万吨/年催化重整装置
0.30,ST040003,<p>ppm</p>,2025-09-19 08:00:00,硫含量,延化120万吨/年催化重整装置
202.9,ST040003,℃,2025-09-19 08:00:00,终馏点蒸发温度TFBP,延化120万吨/年催化重整装置
203.2,ST040003,℃,2025-09-20 08:00:00,终馏点蒸发温度TFBP,延化120万吨/年催化重整装置
839.3,ST040003,<p>kg/m<sup>3</sup></p>,2025-09-20 08:00:00,密度,延化120万吨/年催化重整装置
107.9,ST040003,℃,2025-09-20 08:00:00,初馏点蒸发温度 TIBP,延化120万吨/年催化重整装置
0.8,ST040003,<p>%</p>,2025-09-20 08:00:00,平均残留百分数(B),延化120万吨/年催化重整装置
142.3,ST040003,℃,2025-09-20 08:00:00,50%平均蒸发温度T50%,延化120万吨/年催化重整装置
170.3,ST040003,℃,2025-09-20 08:00:00,90%平均蒸发温度T90%,延化120万吨/年催化重整装置
98.0,ST040003,<p>%</p>,2025-09-20 08:00:00,全馏,延化120万吨/年催化重整装置
119.0,ST040003,℃,2025-09-20 08:00:00,10%平均蒸发温度T10%,延化120万吨/年催化重整装置
841.7,ST040003,<p>kg/m<sup>3</sup></p>,2025-09-21 08:00:00,密度,延化120万吨/年催化重整装置
107.8,ST040003,℃,2025-09-21 08:00:00,初馏点蒸发温度 TIBP,延化120万吨/年催化重整装置
119.0,ST040003,℃,2025-09-21 08:00:00,10%平均蒸发温度T10%,延化120万吨/年催化重整装置
0.8,ST040003,<p>%</p>,2025-09-21 08:00:00,平均残留百分数(B),延化120万吨/年催化重整装置
169.8,ST040003,℃,2025-09-21 08:00:00,90%平均蒸发温度T90%,延化120万吨/年催化重整装置
202.8,ST040003,℃,2025-09-21 08:00:00,终馏点蒸发温度TFBP,延化120万吨/年催化重整装置
98.0,ST040003,<p>%</p>,2025-09-21 08:00:00,全馏,延化120万吨/年催化重整装置
142.2,ST040003,℃,2025-09-21 08:00:00,50%平均蒸发温度T50%,延化120万吨/年催化重整装置
842.8,ST040003,<p>kg/m<sup>3</sup></p>,2025-09-22 08:00:00,密度,延化120万吨/年催化重整装置
107.9,ST040003,℃,2025-09-22 08:00:00,初馏点蒸发温度 TIBP,延化120万吨/年催化重整装置
119.4,ST040003,℃,2025-09-22 08:00:00,10%平均蒸发温度T10%,延化120万吨/年催化重整装置
0.8,ST040003,<p>%</p>,2025-09-22 08:00:00,平均残留百分数(B),延化120万吨/年催化重整装置
170.4,ST040003,℃,2025-09-22 08:00:00,90%平均蒸发温度T90%,延化120万吨/年催化重整装置
203.2,ST040003,℃,2025-09-22 08:00:00,终馏点蒸发温度TFBP,延化120万吨/年催化重整装置
98.0,ST040003,<p>%</p>,2025-09-22 08:00:00,全馏,延化120万吨/年催化重整装置
142.4,ST040003,℃,2025-09-22 08:00:00,50%平均蒸发温度T50%,延化120万吨/年催化重整装置
841.8,ST040003,<p>kg/m<sup>3</sup></p>,2025-09-23 08:00:00,密度,延化120万吨/年催化重整装置
170.1,ST040003,℃,2025-09-23 08:00:00,90%平均蒸发温度T90%,延化120万吨/年催化重整装置
107.8,ST040003,℃,2025-09-23 08:00:00,初馏点蒸发温度 TIBP,延化120万吨/年催化重整装置
0.8,ST040003,<p>%</p>,2025-09-23 08:00:00,平均残留百分数(B),延化120万吨/年催化重整装置
142.3,ST040003,℃,2025-09-23 08:00:00,50%平均蒸发温度T50%,延化120万吨/年催化重整装置
202.9,ST040003,℃,2025-09-23 08:00:00,终馏点蒸发温度TFBP,延化120万吨/年催化重整装置
98.0,ST040003,<p>%</p>,2025-09-23 08:00:00,全馏,延化120万吨/年催化重整装置
119.4,ST040003,℃,2025-09-23 08:00:00,10%平均蒸发温度T10%,延化120万吨/年催化重整装置
0.8,ST040003,<p>%</p>,2025-09-24 08:00:00,平均残留百分数(B),延化120万吨/年催化重整装置
842.8,ST040003,<p>kg/m<sup>3</sup></p>,2025-09-24 08:00:00,密度,延化120万吨/年催化重整装置
203.2,ST040003,℃,2025-09-24 08:00:00,终馏点蒸发温度TFBP,延化120万吨/年催化重整装置
98.0,ST040003,<p>%</p>,2025-09-24 08:00:00,全馏,延化120万吨/年催化重整装置
3.36,ST040003,<p>%</p>,2025-09-24 08:00:00,正构烷烃,延化120万吨/年催化重整装置
8.73,ST040003,<p>%</p>,2025-09-24 08:00:00,异构烷烃,延化120万吨/年催化重整装置
13.18,ST040003,<p>%</p>,2025-09-24 08:00:00,烷烃含量,延化120万吨/年催化重整装置
0.43,ST040003,<p>%</p>,2025-09-24 08:00:00,烯烃含量,延化120万吨/年催化重整装置
1.09,ST040003,<p>%</p>,2025-09-24 08:00:00,环烷烃含量,延化120万吨/年催化重整装置
86.36,ST040003,<p>%</p>,2025-09-24 08:00:00,芳烃含量,延化120万吨/年催化重整装置
0.18,ST040003,<p>%</p>,2025-09-24 08:00:00,苯含量,延化120万吨/年催化重整装置
104,ST040003,,2025-09-24 08:00:00,模拟法辛烷值,延化120万吨/年催化重整装置
107.6,ST040003,℃,2025-09-24 08:00:00,初馏点蒸发温度 TIBP,延化120万吨/年催化重整装置
120.2,ST040003,℃,2025-09-24 08:00:00,10%平均蒸发温度T10%,延化120万吨/年催化重整装置
142.6,ST040003,℃,2025-09-24 08:00:00,50%平均蒸发温度T50%,延化120万吨/年催化重整装置
170.4,ST040003,℃,2025-09-24 08:00:00,90%平均蒸发温度T90%,延化120万吨/年催化重整装置
203.1,ST040003,℃,2025-09-25 08:00:00,终馏点蒸发温度TFBP,延化120万吨/年催化重整装置
107.9,ST040003,℃,2025-09-25 08:00:00,初馏点蒸发温度 TIBP,延化120万吨/年催化重整装置
119.6,ST040003,℃,2025-09-25 08:00:00,10%平均蒸发温度T10%,延化120万吨/年催化重整装置
842.0,ST040003,<p>kg/m<sup>3</sup></p>,2025-09-25 08:00:00,密度,延化120万吨/年催化重整装置
170.1,ST040003,℃,2025-09-25 08:00:00,90%平均蒸发温度T90%,延化120万吨/年催化重整装置
98.0,ST040003,<p>%</p>,2025-09-25 08:00:00,全馏,延化120万吨/年催化重整装置
0.8,ST040003,<p>%</p>,2025-09-25 08:00:00,平均残留百分数(B),延化120万吨/年催化重整装置
142.4,ST040003,℃,2025-09-25 08:00:00,50%平均蒸发温度T50%,延化120万吨/年催化重整装置
98.0,ST040003,<p>%</p>,2025-09-26 00:00:00,全馏,延化120万吨/年催化重整装置
203.1,ST040003,℃,2025-09-26 00:00:00,终馏点蒸发温度TFBP,延化120万吨/年催化重整装置
169.6,ST040003,℃,2025-09-26 00:00:00,90%平均蒸发温度T90%,延化120万吨/年催化重整装置
142.1,ST040003,℃,2025-09-26 00:00:00,50%平均蒸发温度T50%,延化120万吨/年催化重整装置
0.8,ST040003,<p>%</p>,2025-09-26 00:00:00,平均残留百分数(B),延化120万吨/年催化重整装置
119.8,ST040003,℃,2025-09-26 00:00:00,10%平均蒸发温度T10%,延化120万吨/年催化重整装置
107.8,ST040003,℃,2025-09-26 00:00:00,初馏点蒸发温度 TIBP,延化120万吨/年催化重整装置
843.3,ST040003,<p>kg/m<sup>3</sup></p>,2025-09-26 00:00:00,密度,延化120万吨/年催化重整装置
0.8,ST040003,<p>%</p>,2025-09-26 08:00:00,平均残留百分数(B),延化120万吨/年催化重整装置
107.9,ST040003,℃,2025-09-26 08:00:00,初馏点蒸发温度 TIBP,延化120万吨/年催化重整装置
203.2,ST040003,℃,2025-09-26 08:00:00,终馏点蒸发温度TFBP,延化120万吨/年催化重整装置
169.7,ST040003,℃,2025-09-26 08:00:00,90%平均蒸发温度T90%,延化120万吨/年催化重整装置
142.1,ST040003,℃,2025-09-26 08:00:00,50%平均蒸发温度T50%,延化120万吨/年催化重整装置
98.0,ST040003,<p>%</p>,2025-09-26 08:00:00,全馏,延化120万吨/年催化重整装置
843.0,ST040003,<p>kg/m<sup>3</sup></p>,2025-09-26 08:00:00,密度,延化120万吨/年催化重整装置
119.9,ST040003,℃,2025-09-26 08:00:00,10%平均蒸发温度T10%,延化120万吨/年催化重整装置
107.5,ST040003,℃,2025-09-27 08:00:00,初馏点蒸发温度 TIBP,延化120万吨/年催化重整装置
120.9,ST040003,℃,2025-09-27 08:00:00,10%平均蒸发温度T10%,延化120万吨/年催化重整装置
142.2,ST040003,℃,2025-09-27 08:00:00,50%平均蒸发温度T50%,延化120万吨/年催化重整装置
843.1,ST040003,<p>kg/m<sup>3</sup></p>,2025-09-27 08:00:00,密度,延化120万吨/年催化重整装置
203.2,ST040003,℃,2025-09-27 08:00:00,终馏点蒸发温度TFBP,延化120万吨/年催化重整装置
98.0,ST040003,<p>%</p>,2025-09-27 08:00:00,全馏,延化120万吨/年催化重整装置
0.8,ST040003,<p>%</p>,2025-09-27 08:00:00,平均残留百分数(B),延化120万吨/年催化重整装置
169.7,ST040003,℃,2025-09-27 08:00:00,90%平均蒸发温度T90%,延化120万吨/年催化重整装置
107.7,ST040003,℃,2025-09-28 08:00:00,初馏点蒸发温度 TIBP,延化120万吨/年催化重整装置
844.3,ST040003,<p>kg/m<sup>3</sup></p>,2025-09-28 08:00:00,密度,延化120万吨/年催化重整装置
120.6,ST040003,℃,2025-09-28 08:00:00,10%平均蒸发温度T10%,延化120万吨/年催化重整装置
0.8,ST040003,<p>%</p>,2025-09-28 08:00:00,平均残留百分数(B),延化120万吨/年催化重整装置
170.2,ST040003,℃,2025-09-28 08:00:00,90%平均蒸发温度T90%,延化120万吨/年催化重整装置
203.5,ST040003,℃,2025-09-28 08:00:00,终馏点蒸发温度TFBP,延化120万吨/年催化重整装置
98.0,ST040003,<p>%</p>,2025-09-28 08:00:00,全馏,延化120万吨/年催化重整装置
142.4,ST040003,℃,2025-09-28 08:00:00,50%平均蒸发温度T50%,延化120万吨/年催化重整装置
107.8,ST040003,℃,2025-09-29 08:00:00,初馏点蒸发温度 TIBP,延化120万吨/年催化重整装置
119.9,ST040003,℃,2025-09-29 08:00:00,10%平均蒸发温度T10%,延化120万吨/年催化重整装置
0.8,ST040003,<p>%</p>,2025-09-29 08:00:00,平均残留百分数(B),延化120万吨/年催化重整装置
842.5,ST040003,<p>kg/m<sup>3</sup></p>,2025-09-29 08:00:00,密度,延化120万吨/年催化重整装置
168.8,ST040003,℃,2025-09-29 08:00:00,90%平均蒸发温度T90%,延化120万吨/年催化重整装置
202.5,ST040003,℃,2025-09-29 08:00:00,终馏点蒸发温度TFBP,延化120万吨/年催化重整装置
98.0,ST040003,<p>%</p>,2025-09-29 08:00:00,全馏,延化120万吨/年催化重整装置
140.2,ST040003,℃,2025-09-29 08:00:00,50%平均蒸发温度T50%,延化120万吨/年催化重整装置
98.0,ST040003,<p>%</p>,2025-09-30 08:00:00,全馏,延化120万吨/年催化重整装置
841.9,ST040003,<p>kg/m<sup>3</sup></p>,2025-09-30 08:00:00,密度,延化120万吨/年催化重整装置
107.7,ST040003,℃,2025-09-30 08:00:00,初馏点蒸发温度 TIBP,延化120万吨/年催化重整装置
0.8,ST040003,<p>%</p>,2025-09-30 08:00:00,平均残留百分数(B),延化120万吨/年催化重整装置
140.1,ST040003,℃,2025-09-30 08:00:00,50%平均蒸发温度T50%,延化120万吨/年催化重整装置
168.5,ST040003,℃,2025-09-30 08:00:00,90%平均蒸发温度T90%,延化120万吨/年催化重整装置
202.3,ST040003,℃,2025-09-30 08:00:00,终馏点蒸发温度TFBP,延化120万吨/年催化重整装置
119.2,ST040003,℃,2025-09-30 08:00:00,10%平均蒸发温度T10%,延化120万吨/年催化重整装置
842.5,ST040003,<p>kg/m<sup>3</sup></p>,2025-10-01 08:00:00,密度,延化120万吨/年催化重整装置
103.4,ST040003,,2025-10-01 08:00:00,模拟法辛烷值,延化120万吨/年催化重整装置
120.1,ST040003,℃,2025-10-01 08:00:00,10%平均蒸发温度T10%,延化120万吨/年催化重整装置
142.4,ST040003,℃,2025-10-01 08:00:00,50%平均蒸发温度T50%,延化120万吨/年催化重整装置
168.3,ST040003,℃,2025-10-01 08:00:00,90%平均蒸发温度T90%,延化120万吨/年催化重整装置
202.1,ST040003,℃,2025-10-01 08:00:00,终馏点蒸发温度TFBP,延化120万吨/年催化重整装置
98.0,ST040003,<p>%</p>,2025-10-01 08:00:00,全馏,延化120万吨/年催化重整装置
0.8,ST040003,<p>%</p>,2025-10-01 08:00:00,平均残留百分数(B),延化120万吨/年催化重整装置
3.17,ST040003,<p>%</p>,2025-10-01 08:00:00,正构烷烃,延化120万吨/年催化重整装置
10.19,ST040003,<p>%</p>,2025-10-01 08:00:00,异构烷烃,延化120万吨/年催化重整装置
15.03,ST040003,<p>%</p>,2025-10-01 08:00:00,烷烃含量,延化120万吨/年催化重整装置
0.57,ST040003,<p>%</p>,2025-10-01 08:00:00,烯烃含量,延化120万吨/年催化重整装置
1.67,ST040003,<p>%</p>,2025-10-01 08:00:00,环烷烃含量,延化120万吨/年催化重整装置
84.40,ST040003,<p>%</p>,2025-10-01 08:00:00,芳烃含量,延化120万吨/年催化重整装置
0.00,ST040003,<p>%</p>,2025-10-01 08:00:00,苯含量,延化120万吨/年催化重整装置
107.3,ST040003,℃,2025-10-01 08:00:00,初馏点蒸发温度 TIBP,延化120万吨/年催化重整装置
841.8,ST040003,<p>kg/m<sup>3</sup></p>,2025-10-02 08:00:00,密度,延化120万吨/年催化重整装置
107.8,ST040003,℃,2025-10-02 08:00:00,初馏点蒸发温度 TIBP,延化120万吨/年催化重整装置
119.6,ST040003,℃,2025-10-02 08:00:00,10%平均蒸发温度T10%,延化120万吨/年催化重整装置
0.8,ST040003,<p>%</p>,2025-10-02 08:00:00,平均残留百分数(B),延化120万吨/年催化重整装置
168.1,ST040003,℃,2025-10-02 08:00:00,90%平均蒸发温度T90%,延化120万吨/年催化重整装置
202.3,ST040003,℃,2025-10-02 08:00:00,终馏点蒸发温度TFBP,延化120万吨/年催化重整装置
98.0,ST040003,<p>%</p>,2025-10-02 08:00:00,全馏,延化120万吨/年催化重整装置
137.3,ST040003,℃,2025-10-02 08:00:00,50%平均蒸发温度T50%,延化120万吨/年催化重整装置
139.3,ST040003,℃,2025-10-03 08:00:00,50%平均蒸发温度T50%,延化120万吨/年催化重整装置
842.3,ST040003,<p>kg/m<sup>3</sup></p>,2025-10-03 08:00:00,密度,延化120万吨/年催化重整装置
107.3,ST040003,℃,2025-10-03 08:00:00,初馏点蒸发温度 TIBP,延化120万吨/年催化重整装置
0.8,ST040003,<p>%</p>,2025-10-03 08:00:00,平均残留百分数(B),延化120万吨/年催化重整装置
169.3,ST040003,℃,2025-10-03 08:00:00,90%平均蒸发温度T90%,延化120万吨/年催化重整装置
202.8,ST040003,℃,2025-10-03 08:00:00,终馏点蒸发温度TFBP,延化120万吨/年催化重整装置
98.0,ST040003,<p>%</p>,2025-10-03 08:00:00,全馏,延化120万吨/年催化重整装置
121.6,ST040003,℃,2025-10-03 08:00:00,10%平均蒸发温度T10%,延化120万吨/年催化重整装置
203.0,ST040003,℃,2025-10-04 08:00:00,终馏点蒸发温度TFBP,延化120万吨/年催化重整装置
841.4,ST040003,<p>kg/m<sup>3</sup></p>,2025-10-04 08:00:00,密度,延化120万吨/年催化重整装置
107.1,ST040003,℃,2025-10-04 08:00:00,初馏点蒸发温度 TIBP,延化120万吨/年催化重整装置
0.8,ST040003,<p>%</p>,2025-10-04 08:00:00,平均残留百分数(B),延化120万吨/年催化重整装置
141.5,ST040003,℃,2025-10-04 08:00:00,50%平均蒸发温度T50%,延化120万吨/年催化重整装置
169.6,ST040003,℃,2025-10-04 08:00:00,90%平均蒸发温度T90%,延化120万吨/年催化重整装置
98.0,ST040003,<p>%</p>,2025-10-04 08:00:00,全馏,延化120万吨/年催化重整装置
121.3,ST040003,℃,2025-10-04 08:00:00,10%平均蒸发温度T10%,延化120万吨/年催化重整装置
169.6,ST040003,℃,2025-10-05 08:00:00,90%平均蒸发温度T90%,延化120万吨/年催化重整装置
107.4,ST040003,℃,2025-10-05 08:00:00,初馏点蒸发温度 TIBP,延化120万吨/年催化重整装置
120.6,ST040003,℃,2025-10-05 08:00:00,10%平均蒸发温度T10%,延化120万吨/年催化重整装置
844.1,ST040003,<p>kg/m<sup>3</sup></p>,2025-10-05 08:00:00,密度,延化120万吨/年催化重整装置
203.0,ST040003,℃,2025-10-05 08:00:00,终馏点蒸发温度TFBP,延化120万吨/年催化重整装置
98.0,ST040003,<p>%</p>,2025-10-05 08:00:00,全馏,延化120万吨/年催化重整装置
0.8,ST040003,<p>%</p>,2025-10-05 08:00:00,平均残留百分数(B),延化120万吨/年催化重整装置
139.9,ST040003,℃,2025-10-05 08:00:00,50%平均蒸发温度T50%,延化120万吨/年催化重整装置
842.9,ST040003,<p>kg/m<sup>3</sup></p>,2025-10-06 08:00:00,密度,延化120万吨/年催化重整装置
107.2,ST040003,℃,2025-10-06 08:00:00,初馏点蒸发温度 TIBP,延化120万吨/年催化重整装置
121.0,ST040003,℃,2025-10-06 08:00:00,10%平均蒸发温度T10%,延化120万吨/年催化重整装置
0.8,ST040003,<p>%</p>,2025-10-06 08:00:00,平均残留百分数(B),延化120万吨/年催化重整装置
169.6,ST040003,℃,2025-10-06 08:00:00,90%平均蒸发温度T90%,延化120万吨/年催化重整装置
203.0,ST040003,℃,2025-10-06 08:00:00,终馏点蒸发温度TFBP,延化120万吨/年催化重整装置
98.0,ST040003,<p>%</p>,2025-10-06 08:00:00,全馏,延化120万吨/年催化重整装置
140.2,ST040003,℃,2025-10-06 08:00:00,50%平均蒸发温度T50%,延化120万吨/年催化重整装置
843.3,ST040003,<p>kg/m<sup>3</sup></p>,2025-10-07 08:00:00,密度,延化120万吨/年催化重整装置
107.5,ST040003,℃,2025-10-07 08:00:00,初馏点蒸发温度 TIBP,延化120万吨/年催化重整装置
122.2,ST040003,℃,2025-10-07 08:00:00,10%平均蒸发温度T10%,延化120万吨/年催化重整装置
0.8,ST040003,<p>%</p>,2025-10-07 08:00:00,平均残留百分数(B),延化120万吨/年催化重整装置
170.7,ST040003,℃,2025-10-07 08:00:00,90%平均蒸发温度T90%,延化120万吨/年催化重整装置
203.8,ST040003,℃,2025-10-07 08:00:00,终馏点蒸发温度TFBP,延化120万吨/年催化重整装置
98.0,ST040003,<p>%</p>,2025-10-07 08:00:00,全馏,延化120万吨/年催化重整装置
143.3,ST040003,℃,2025-10-07 08:00:00,50%平均蒸发温度T50%,延化120万吨/年催化重整装置
107.2,ST040003,℃,2025-10-08 08:00:00,初馏点蒸发温度 TIBP,延化120万吨/年催化重整装置
203.1,ST040003,℃,2025-10-08 08:00:00,终馏点蒸发温度TFBP,延化120万吨/年催化重整装置
139.1,ST040003,℃,2025-10-08 08:00:00,50%平均蒸发温度T50%,延化120万吨/年催化重整装置
169.2,ST040003,℃,2025-10-08 08:00:00,90%平均蒸发温度T90%,延化120万吨/年催化重整装置
98.0,ST040003,<p>%</p>,2025-10-08 08:00:00,全馏,延化120万吨/年催化重整装置
0.8,ST040003,<p>%</p>,2025-10-08 08:00:00,平均残留百分数(B),延化120万吨/年催化重整装置
844.9,ST040003,<p>kg/m<sup>3</sup></p>,2025-10-08 08:00:00,密度,延化120万吨/年催化重整装置
0.41,ST040003,<p>%</p>,2025-10-08 08:00:00,烯烃含量,延化120万吨/年催化重整装置
1.00,ST040003,<p>%</p>,2025-10-08 08:00:00,环烷烃含量,延化120万吨/年催化重整装置
87.70,ST040003,<p>%</p>,2025-10-08 08:00:00,芳烃含量,延化120万吨/年催化重整装置
105,ST040003,,2025-10-08 08:00:00,模拟法辛烷值,延化120万吨/年催化重整装置
0.16,ST040003,<p>%</p>,2025-10-08 08:00:00,苯含量,延化120万吨/年催化重整装置
3.26,ST040003,<p>%</p>,2025-10-08 08:00:00,正构烷烃,延化120万吨/年催化重整装置
7.55,ST040003,<p>%</p>,2025-10-08 08:00:00,异构烷烃,延化120万吨/年催化重整装置
11.81,ST040003,<p>%</p>,2025-10-08 08:00:00,烷烃含量,延化120万吨/年催化重整装置
121.2,ST040003,℃,2025-10-08 08:00:00,10%平均蒸发温度T10%,延化120万吨/年催化重整装置
107.7,ST040003,℃,2025-10-09 08:00:00,初馏点蒸发温度 TIBP,延化120万吨/年催化重整装置
120.0,ST040003,℃,2025-10-09 08:00:00,10%平均蒸发温度T10%,延化120万吨/年催化重整装置
141.7,ST040003,℃,2025-10-09 08:00:00,50%平均蒸发温度T50%,延化120万吨/年催化重整装置
844.8,ST040003,<p>kg/m<sup>3</sup></p>,2025-10-09 08:00:00,密度,延化120万吨/年催化重整装置
0.8,ST040003,<p>%</p>,2025-10-09 08:00:00,平均残留百分数(B),延化120万吨/年催化重整装置
204.4,ST040003,℃,2025-10-09 08:00:00,终馏点蒸发温度TFBP,延化120万吨/年催化重整装置
98.0,ST040003,<p>%</p>,2025-10-09 08:00:00,全馏,延化120万吨/年催化重整装置
170.2,ST040003,℃,2025-10-09 08:00:00,90%平均蒸发温度T90%,延化120万吨/年催化重整装置
106.7,ST040003,℃,2025-10-10 08:00:00,初馏点蒸发温度 TIBP,延化120万吨/年催化重整装置
119.3,ST040003,℃,2025-10-10 08:00:00,10%平均蒸发温度T10%,延化120万吨/年催化重整装置
141.4,ST040003,℃,2025-10-10 08:00:00,50%平均蒸发温度T50%,延化120万吨/年催化重整装置
843.3,ST040003,<p>kg/m<sup>3</sup></p>,2025-10-10 08:00:00,密度,延化120万吨/年催化重整装置
204.4,ST040003,℃,2025-10-10 08:00:00,终馏点蒸发温度TFBP,延化120万吨/年催化重整装置
98.0,ST040003,<p>%</p>,2025-10-10 08:00:00,全馏,延化120万吨/年催化重整装置
0.8,ST040003,<p>%</p>,2025-10-10 08:00:00,平均残留百分数(B),延化120万吨/年催化重整装置
170.2,ST040003,℃,2025-10-10 08:00:00,90%平均蒸发温度T90%,延化120万吨/年催化重整装置
846.0,ST040003,<p>kg/m<sup>3</sup></p>,2025-10-11 08:00:00,密度,延化120万吨/年催化重整装置
170.6,ST040003,℃,2025-10-11 08:00:00,90%平均蒸发温度T90%,延化120万吨/年催化重整装置
107.2,ST040003,℃,2025-10-11 08:00:00,初馏点蒸发温度 TIBP,延化120万吨/年催化重整装置
0.8,ST040003,<p>%</p>,2025-10-11 08:00:00,平均残留百分数(B),延化120万吨/年催化重整装置
142.3,ST040003,℃,2025-10-11 08:00:00,50%平均蒸发温度T50%,延化120万吨/年催化重整装置
204.7,ST040003,℃,2025-10-11 08:00:00,终馏点蒸发温度TFBP,延化120万吨/年催化重整装置
98.0,ST040003,<p>%</p>,2025-10-11 08:00:00,全馏,延化120万吨/年催化重整装置
119.3,ST040003,℃,2025-10-11 08:00:00,10%平均蒸发温度T10%,延化120万吨/年催化重整装置
98.0,ST040003,<p>%</p>,2025-10-12 08:00:00,全馏,延化120万吨/年催化重整装置
847.4,ST040003,<p>kg/m<sup>3</sup></p>,2025-10-12 08:00:00,密度,延化120万吨/年催化重整装置
107.2,ST040003,℃,2025-10-12 08:00:00,初馏点蒸发温度 TIBP,延化120万吨/年催化重整装置
0.8,ST040003,<p>%</p>,2025-10-12 08:00:00,平均残留百分数(B),延化120万吨/年催化重整装置
143.6,ST040003,℃,2025-10-12 08:00:00,50%平均蒸发温度T50%,延化120万吨/年催化重整装置
171.2,ST040003,℃,2025-10-12 08:00:00,90%平均蒸发温度T90%,延化120万吨/年催化重整装置
204.4,ST040003,℃,2025-10-12 08:00:00,终馏点蒸发温度TFBP,延化120万吨/年催化重整装置
122.7,ST040003,℃,2025-10-12 08:00:00,10%平均蒸发温度T10%,延化120万吨/年催化重整装置
122.5,ST040003,℃,2025-10-13 08:00:00,10%平均蒸发温度T10%,延化120万吨/年催化重整装置
846.4,ST040003,<p>kg/m<sup>3</sup></p>,2025-10-13 08:00:00,密度,延化120万吨/年催化重整装置
107.4,ST040003,℃,2025-10-13 08:00:00,初馏点蒸发温度 TIBP,延化120万吨/年催化重整装置
0.8,ST040003,<p>%</p>,2025-10-13 08:00:00,平均残留百分数(B),延化120万吨/年催化重整装置
171.2,ST040003,℃,2025-10-13 08:00:00,90%平均蒸发温度T90%,延化120万吨/年催化重整装置
204.3,ST040003,℃,2025-10-13 08:00:00,终馏点蒸发温度TFBP,延化120万吨/年催化重整装置
98.0,ST040003,<p>%</p>,2025-10-13 08:00:00,全馏,延化120万吨/年催化重整装置
143.3,ST040003,℃,2025-10-13 08:00:00,50%平均蒸发温度T50%,延化120万吨/年催化重整装置
170.6,ST040003,℃,2025-10-14 08:00:00,90%平均蒸发温度T90%,延化120万吨/年催化重整装置
107.2,ST040003,℃,2025-10-14 08:00:00,初馏点蒸发温度 TIBP,延化120万吨/年催化重整装置
122.1,ST040003,℃,2025-10-14 08:00:00,10%平均蒸发温度T10%,延化120万吨/年催化重整装置
846.3,ST040003,<p>kg/m<sup>3</sup></p>,2025-10-14 08:00:00,密度,延化120万吨/年催化重整装置
205.0,ST040003,℃,2025-10-14 08:00:00,终馏点蒸发温度TFBP,延化120万吨/年催化重整装置
98.0,ST040003,<p>%</p>,2025-10-14 08:00:00,全馏,延化120万吨/年催化重整装置
0.8,ST040003,<p>%</p>,2025-10-14 08:00:00,平均残留百分数(B),延化120万吨/年催化重整装置
142.4,ST040003,℃,2025-10-14 08:00:00,50%平均蒸发温度T50%,延化120万吨/年催化重整装置
0.38,ST040003,<p>%</p>,2025-10-15 08:00:00,烯烃含量,延化120万吨/年催化重整装置
0.8,ST040003,<p>%</p>,2025-10-15 08:00:00,平均残留百分数(B),延化120万吨/年催化重整装置
7.27,ST040003,<p>%</p>,2025-10-15 08:00:00,异构烷烃,延化120万吨/年催化重整装置
11.10,ST040003,<p>%</p>,2025-10-15 08:00:00,烷烃含量,延化120万吨/年催化重整装置
1.01,ST040003,<p>%</p>,2025-10-15 08:00:00,环烷烃含量,延化120万吨/年催化重整装置
88.04,ST040003,<p>%</p>,2025-10-15 08:00:00,芳烃含量,延化120万吨/年催化重整装置
0.16,ST040003,<p>%</p>,2025-10-15 08:00:00,苯含量,延化120万吨/年催化重整装置
105.7,ST040003,,2025-10-15 08:00:00,模拟法辛烷值,延化120万吨/年催化重整装置
846.2,ST040003,<p>kg/m<sup>3</sup></p>,2025-10-15 08:00:00,密度,延化120万吨/年催化重整装置
107.2,ST040003,℃,2025-10-15 08:00:00,初馏点蒸发温度 TIBP,延化120万吨/年催化重整装置
122.1,ST040003,℃,2025-10-15 08:00:00,10%平均蒸发温度T10%,延化120万吨/年催化重整装置
142.4,ST040003,℃,2025-10-15 08:00:00,50%平均蒸发温度T50%,延化120万吨/年催化重整装置
170.5,ST040003,℃,2025-10-15 08:00:00,90%平均蒸发温度T90%,延化120万吨/年催化重整装置
204.9,ST040003,℃,2025-10-15 08:00:00,终馏点蒸发温度TFBP,延化120万吨/年催化重整装置
98.0,ST040003,<p>%</p>,2025-10-15 08:00:00,全馏,延化120万吨/年催化重整装置
2.82,ST040003,<p>%</p>,2025-10-15 08:00:00,正构烷烃,延化120万吨/年催化重整装置
204.4,ST040003,℃,2025-10-16 08:00:00,终馏点蒸发温度TFBP,延化120万吨/年催化重整装置
107.1,ST040003,℃,2025-10-16 08:00:00,初馏点蒸发温度 TIBP,延化120万吨/年催化重整装置
122.1,ST040003,℃,2025-10-16 08:00:00,10%平均蒸发温度T10%,延化120万吨/年催化重整装置
142.7,ST040003,℃,2025-10-16 08:00:00,50%平均蒸发温度T50%,延化120万吨/年催化重整装置
170.5,ST040003,℃,2025-10-16 08:00:00,90%平均蒸发温度T90%,延化120万吨/年催化重整装置
98.0,ST040003,<p>%</p>,2025-10-16 08:00:00,全馏,延化120万吨/年催化重整装置
0.8,ST040003,<p>%</p>,2025-10-16 08:00:00,平均残留百分数(B),延化120万吨/年催化重整装置
846.5,ST040003,<p>kg/m<sup>3</sup></p>,2025-10-16 08:00:00,密度,延化120万吨/年催化重整装置
170.5,ST040003,℃,2025-10-17 08:00:00,90%平均蒸发温度T90%,延化120万吨/年催化重整装置
107.1,ST040003,℃,2025-10-17 08:00:00,初馏点蒸发温度 TIBP,延化120万吨/年催化重整装置
122.4,ST040003,℃,2025-10-17 08:00:00,10%平均蒸发温度T10%,延化120万吨/年催化重整装置
846.8,ST040003,<p>kg/m<sup>3</sup></p>,2025-10-17 08:00:00,密度,延化120万吨/年催化重整装置
204.1,ST040003,℃,2025-10-17 08:00:00,终馏点蒸发温度TFBP,延化120万吨/年催化重整装置
98.0,ST040003,<p>%</p>,2025-10-17 08:00:00,全馏,延化120万吨/年催化重整装置
0.8,ST040003,<p>%</p>,2025-10-17 08:00:00,平均残留百分数(B),延化120万吨/年催化重整装置
142.5,ST040003,℃,2025-10-17 08:00:00,50%平均蒸发温度T50%,延化120万吨/年催化重整装置
169.8,ST040003,℃,2025-10-18 08:00:00,90%平均蒸发温度T90%,延化120万吨/年催化重整装置
107.3,ST040003,℃,2025-10-18 08:00:00,初馏点蒸发温度 TIBP,延化120万吨/年催化重整装置
120.6,ST040003,℃,2025-10-18 08:00:00,10%平均蒸发温度T10%,延化120万吨/年催化重整装置
846.4,ST040003,<p>kg/m<sup>3</sup></p>,2025-10-18 08:00:00,密度,延化120万吨/年催化重整装置
203.2,ST040003,℃,2025-10-18 08:00:00,终馏点蒸发温度TFBP,延化120万吨/年催化重整装置
98.0,ST040003,<p>%</p>,2025-10-18 08:00:00,全馏,延化120万吨/年催化重整装置
0.8,ST040003,<p>%</p>,2025-10-18 08:00:00,平均残留百分数(B),延化120万吨/年催化重整装置
142.1,ST040003,℃,2025-10-18 08:00:00,50%平均蒸发温度T50%,延化120万吨/年催化重整装置
107.1,ST040003,℃,2025-10-19 08:00:00,初馏点蒸发温度 TIBP,延化120万吨/年催化重整装置
122.6,ST040003,℃,2025-10-19 08:00:00,10%平均蒸发温度T10%,延化120万吨/年催化重整装置
142.9,ST040003,℃,2025-10-19 08:00:00,50%平均蒸发温度T50%,延化120万吨/年催化重整装置
846.3,ST040003,<p>kg/m<sup>3</sup></p>,2025-10-19 08:00:00,密度,延化120万吨/年催化重整装置
204.1,ST040003,℃,2025-10-19 08:00:00,终馏点蒸发温度TFBP,延化120万吨/年催化重整装置
98.0,ST040003,<p>%</p>,2025-10-19 08:00:00,全馏,延化120万吨/年催化重整装置
0.8,ST040003,<p>%</p>,2025-10-19 08:00:00,平均残留百分数(B),延化120万吨/年催化重整装置
170.7,ST040003,℃,2025-10-19 08:00:00,90%平均蒸发温度T90%,延化120万吨/年催化重整装置
170.7,ST040003,℃,2025-10-20 08:00:00,90%平均蒸发温度T90%,延化120万吨/年催化重整装置
107.1,ST040003,℃,2025-10-20 08:00:00,初馏点蒸发温度 TIBP,延化120万吨/年催化重整装置
122.6,ST040003,℃,2025-10-20 08:00:00,10%平均蒸发温度T10%,延化120万吨/年催化重整装置
849.0,ST040003,<p>kg/m<sup>3</sup></p>,2025-10-20 08:00:00,密度,延化120万吨/年催化重整装置
204.0,ST040003,℃,2025-10-20 08:00:00,终馏点蒸发温度TFBP,延化120万吨/年催化重整装置
98.0,ST040003,<p>%</p>,2025-10-20 08:00:00,全馏,延化120万吨/年催化重整装置
0.8,ST040003,<p>%</p>,2025-10-20 08:00:00,平均残留百分数(B),延化120万吨/年催化重整装置
142.9,ST040003,℃,2025-10-20 08:00:00,50%平均蒸发温度T50%,延化120万吨/年催化重整装置
98.0,ST040003,<p>%</p>,2025-10-21 08:00:00,全馏,延化120万吨/年催化重整装置
848.5,ST040003,<p>kg/m<sup>3</sup></p>,2025-10-21 08:00:00,密度,延化120万吨/年催化重整装置
121.6,ST040003,℃,2025-10-21 08:00:00,10%平均蒸发温度T10%,延化120万吨/年催化重整装置
107.0,ST040003,℃,2025-10-21 08:00:00,初馏点蒸发温度 TIBP,延化120万吨/年催化重整装置
169.5,ST040003,℃,2025-10-21 08:00:00,90%平均蒸发温度T90%,延化120万吨/年催化重整装置
202.5,ST040003,℃,2025-10-21 08:00:00,终馏点蒸发温度TFBP,延化120万吨/年催化重整装置
0.8,ST040003,<p>%</p>,2025-10-21 08:00:00,平均残留百分数(B),延化120万吨/年催化重整装置
142.0,ST040003,℃,2025-10-21 08:00:00,50%平均蒸发温度T50%,延化120万吨/年催化重整装置
3.21,ST040003,<p>%</p>,2025-10-22 08:00:00,正构烷烃,延化120万吨/年催化重整装置
0.8,ST040003,<p>%</p>,2025-10-22 08:00:00,平均残留百分数(B),延化120万吨/年催化重整装置
11.77,ST040003,<p>%</p>,2025-10-22 08:00:00,烷烃含量,延化120万吨/年催化重整装置
0.41,ST040003,<p>%</p>,2025-10-22 08:00:00,烯烃含量,延化120万吨/年催化重整装置
0.72,ST040003,<p>%</p>,2025-10-22 08:00:00,环烷烃含量,延化120万吨/年催化重整装置
87.69,ST040003,<p>%</p>,2025-10-22 08:00:00,芳烃含量,延化120万吨/年催化重整装置
0.18,ST040003,<p>%</p>,2025-10-22 08:00:00,苯含量,延化120万吨/年催化重整装置
105.5,ST040003,,2025-10-22 08:00:00,模拟法辛烷值,延化120万吨/年催化重整装置
844.5,ST040003,<p>kg/m<sup>3</sup></p>,2025-10-22 08:00:00,密度,延化120万吨/年催化重整装置
204.3,ST040003,℃,2025-10-22 08:00:00,终馏点蒸发温度TFBP,延化120万吨/年催化重整装置
106.8,ST040003,℃,2025-10-22 08:00:00,初馏点蒸发温度 TIBP,延化120万吨/年催化重整装置
125.3,ST040003,℃,2025-10-22 08:00:00,10%平均蒸发温度T10%,延化120万吨/年催化重整装置
137.8,ST040003,℃,2025-10-22 08:00:00,50%平均蒸发温度T50%,延化120万吨/年催化重整装置
171.9,ST040003,℃,2025-10-22 08:00:00,90%平均蒸发温度T90%,延化120万吨/年催化重整装置
98.0,ST040003,<p>%</p>,2025-10-22 08:00:00,全馏,延化120万吨/年催化重整装置
7.84,ST040003,<p>%</p>,2025-10-22 08:00:00,异构烷烃,延化120万吨/年催化重整装置
107.2,ST040003,℃,2025-10-23 08:00:00,初馏点蒸发温度 TIBP,延化120万吨/年催化重整装置
121.6,ST040003,℃,2025-10-23 08:00:00,10%平均蒸发温度T10%,延化120万吨/年催化重整装置
138.2,ST040003,℃,2025-10-23 08:00:00,50%平均蒸发温度T50%,延化120万吨/年催化重整装置
843.8,ST040003,<p>kg/m<sup>3</sup></p>,2025-10-23 08:00:00,密度,延化120万吨/年催化重整装置
202.6,ST040003,℃,2025-10-23 08:00:00,终馏点蒸发温度TFBP,延化120万吨/年催化重整装置
98.0,ST040003,<p>%</p>,2025-10-23 08:00:00,全馏,延化120万吨/年催化重整装置
0.8,ST040003,<p>%</p>,2025-10-23 08:00:00,平均残留百分数(B),延化120万吨/年催化重整装置
169.1,ST040003,℃,2025-10-23 08:00:00,90%平均蒸发温度T90%,延化120万吨/年催化重整装置
845.0,ST040003,<p>kg/m<sup>3</sup></p>,2025-10-24 08:00:00,密度,延化120万吨/年催化重整装置
107.3,ST040003,℃,2025-10-24 08:00:00,初馏点蒸发温度 TIBP,延化120万吨/年催化重整装置
120.8,ST040003,℃,2025-10-24 08:00:00,10%平均蒸发温度T10%,延化120万吨/年催化重整装置
0.8,ST040003,<p>%</p>,2025-10-24 08:00:00,平均残留百分数(B),延化120万吨/年催化重整装置
169.7,ST040003,℃,2025-10-24 08:00:00,90%平均蒸发温度T90%,延化120万吨/年催化重整装置
202.7,ST040003,℃,2025-10-24 08:00:00,终馏点蒸发温度TFBP,延化120万吨/年催化重整装置
98.0,ST040003,<p>%</p>,2025-10-24 08:00:00,全馏,延化120万吨/年催化重整装置
141.9,ST040003,℃,2025-10-24 08:00:00,50%平均蒸发温度T50%,延化120万吨/年催化重整装置
98.0,ST040003,<p>%</p>,2025-10-25 08:00:00,全馏,延化120万吨/年催化重整装置
107.6,ST040003,℃,2025-10-25 08:00:00,初馏点蒸发温度 TIBP,延化120万吨/年催化重整装置
120.5,ST040003,℃,2025-10-25 08:00:00,10%平均蒸发温度T10%,延化120万吨/年催化重整装置
843.6,ST040003,<p>kg/m<sup>3</sup></p>,2025-10-25 08:00:00,密度,延化120万吨/年催化重整装置
170.3,ST040003,℃,2025-10-25 08:00:00,90%平均蒸发温度T90%,延化120万吨/年催化重整装置
202.8,ST040003,℃,2025-10-25 08:00:00,终馏点蒸发温度TFBP,延化120万吨/年催化重整装置
0.8,ST040003,<p>%</p>,2025-10-25 08:00:00,平均残留百分数(B),延化120万吨/年催化重整装置
142.8,ST040003,℃,2025-10-25 08:00:00,50%平均蒸发温度T50%,延化120万吨/年催化重整装置
202.2,ST040003,℃,2025-10-26 08:00:00,终馏点蒸发温度TFBP,延化120万吨/年催化重整装置
843.5,ST040003,<p>kg/m<sup>3</sup></p>,2025-10-26 08:00:00,密度,延化120万吨/年催化重整装置
107.8,ST040003,℃,2025-10-26 08:00:00,初馏点蒸发温度 TIBP,延化120万吨/年催化重整装置
0.8,ST040003,<p>%</p>,2025-10-26 08:00:00,平均残留百分数(B),延化120万吨/年催化重整装置
138.9,ST040003,℃,2025-10-26 08:00:00,50%平均蒸发温度T50%,延化120万吨/年催化重整装置
168.4,ST040003,℃,2025-10-26 08:00:00,90%平均蒸发温度T90%,延化120万吨/年催化重整装置
98.0,ST040003,<p>%</p>,2025-10-26 08:00:00,全馏,延化120万吨/年催化重整装置
119.5,ST040003,℃,2025-10-26 08:00:00,10%平均蒸发温度T10%,延化120万吨/年催化重整装置
107.5,ST040003,℃,2025-10-27 08:00:00,初馏点蒸发温度 TIBP,延化120万吨/年催化重整装置
119.7,ST040003,℃,2025-10-27 08:00:00,10%平均蒸发温度T10%,延化120万吨/年催化重整装置
138.1,ST040003,℃,2025-10-27 08:00:00,50%平均蒸发温度T50%,延化120万吨/年催化重整装置
843.5,ST040003,<p>kg/m<sup>3</sup></p>,2025-10-27 08:00:00,密度,延化120万吨/年催化重整装置
201.9,ST040003,℃,2025-10-27 08:00:00,终馏点蒸发温度TFBP,延化120万吨/年催化重整装置
98.0,ST040003,<p>%</p>,2025-10-27 08:00:00,全馏,延化120万吨/年催化重整装置
0.8,ST040003,<p>%</p>,2025-10-27 08:00:00,平均残留百分数(B),延化120万吨/年催化重整装置
167.9,ST040003,℃,2025-10-27 08:00:00,90%平均蒸发温度T90%,延化120万吨/年催化重整装置
201.7,ST040003,℃,2025-10-28 08:00:00,终馏点蒸发温度TFBP,延化120万吨/年催化重整装置
846.3,ST040003,<p>kg/m<sup>3</sup></p>,2025-10-28 08:00:00,密度,延化120万吨/年催化重整装置
107.0,ST040003,℃,2025-10-28 08:00:00,初馏点蒸发温度 TIBP,延化120万吨/年催化重整装置
0.8,ST040003,<p>%</p>,2025-10-28 08:00:00,平均残留百分数(B),延化120万吨/年催化重整装置
133.4,ST040003,℃,2025-10-28 08:00:00,50%平均蒸发温度T50%,延化120万吨/年催化重整装置
167.7,ST040003,℃,2025-10-28 08:00:00,90%平均蒸发温度T90%,延化120万吨/年催化重整装置
98.0,ST040003,<p>%</p>,2025-10-28 08:00:00,全馏,延化120万吨/年催化重整装置
122.0,ST040003,℃,2025-10-28 08:00:00,10%平均蒸发温度T10%,延化120万吨/年催化重整装置
3.07,ST040003,<p>%</p>,2025-10-29 08:00:00,正构烷烃,延化120万吨/年催化重整装置
98.0,ST040003,<p>%</p>,2025-10-29 08:00:00,全馏,延化120万吨/年催化重整装置
11.80,ST040003,<p>%</p>,2025-10-29 08:00:00,烷烃含量,延化120万吨/年催化重整装置
0.39,ST040003,<p>%</p>,2025-10-29 08:00:00,烯烃含量,延化120万吨/年催化重整装置
0.96,ST040003,<p>%</p>,2025-10-29 08:00:00,环烷烃含量,延化120万吨/年催化重整装置
87.68,ST040003,<p>%</p>,2025-10-29 08:00:00,芳烃含量,延化120万吨/年催化重整装置
0.17,ST040003,<p>%</p>,2025-10-29 08:00:00,苯含量,延化120万吨/年催化重整装置
105.4,ST040003,,2025-10-29 08:00:00,模拟法辛烷值,延化120万吨/年催化重整装置
106.9,ST040003,℃,2025-10-29 08:00:00,初馏点蒸发温度 TIBP,延化120万吨/年催化重整装置
121.8,ST040003,℃,2025-10-29 08:00:00,10%平均蒸发温度T10%,延化120万吨/年催化重整装置
133.4,ST040003,℃,2025-10-29 08:00:00,50%平均蒸发温度T50%,延化120万吨/年催化重整装置
167.6,ST040003,℃,2025-10-29 08:00:00,90%平均蒸发温度T90%,延化120万吨/年催化重整装置
201.7,ST040003,℃,2025-10-29 08:00:00,终馏点蒸发温度TFBP,延化120万吨/年催化重整装置
0.8,ST040003,<p>%</p>,2025-10-29 08:00:00,平均残留百分数(B),延化120万吨/年催化重整装置
845.7,ST040003,<p>kg/m<sup>3</sup></p>,2025-10-29 08:00:00,密度,延化120万吨/年催化重整装置
7.77,ST040003,<p>%</p>,2025-10-29 08:00:00,异构烷烃,延化120万吨/年催化重整装置
138.3,ST040003,℃,2025-10-30 08:00:00,50%平均蒸发温度T50%,延化120万吨/年催化重整装置
107.2,ST040003,℃,2025-10-30 08:00:00,初馏点蒸发温度 TIBP,延化120万吨/年催化重整装置
121.4,ST040003,℃,2025-10-30 08:00:00,10%平均蒸发温度T10%,延化120万吨/年催化重整装置
843.9,ST040003,<p>kg/m<sup>3</sup></p>,2025-10-30 08:00:00,密度,延化120万吨/年催化重整装置
202.1,ST040003,℃,2025-10-30 08:00:00,终馏点蒸发温度TFBP,延化120万吨/年催化重整装置
98.0,ST040003,<p>%</p>,2025-10-30 08:00:00,全馏,延化120万吨/年催化重整装置
0.8,ST040003,<p>%</p>,2025-10-30 08:00:00,平均残留百分数(B),延化120万吨/年催化重整装置
168.6,ST040003,℃,2025-10-30 08:00:00,90%平均蒸发温度T90%,延化120万吨/年催化重整装置
167.2,ST040003,℃,2025-10-31 08:00:00,90%平均蒸发温度T90%,延化120万吨/年催化重整装置
845.1,ST040003,<p>kg/m<sup>3</sup></p>,2025-10-31 08:00:00,密度,延化120万吨/年催化重整装置
107.0,ST040003,℃,2025-10-31 08:00:00,初馏点蒸发温度 TIBP,延化120万吨/年催化重整装置
0.8,ST040003,<p>%</p>,2025-10-31 08:00:00,平均残留百分数(B),延化120万吨/年催化重整装置
133.0,ST040003,℃,2025-10-31 08:00:00,50%平均蒸发温度T50%,延化120万吨/年催化重整装置
201.4,ST040003,℃,2025-10-31 08:00:00,终馏点蒸发温度TFBP,延化120万吨/年催化重整装置
98.0,ST040003,<p>%</p>,2025-10-31 08:00:00,全馏,延化120万吨/年催化重整装置
121.2,ST040003,℃,2025-10-31 08:00:00,10%平均蒸发温度T10%,延化120万吨/年催化重整装置
0.8,ST040003,<p>%</p>,2025-11-01 08:00:00,平均残留百分数(B),延化120万吨/年催化重整装置
98.0,ST040003,<p>%</p>,2025-11-01 08:00:00,全馏,延化120万吨/年催化重整装置
201.0,ST040003,℃,2025-11-01 08:00:00,终馏点蒸发温度TFBP,延化120万吨/年催化重整装置
167.2,ST040003,℃,2025-11-01 08:00:00,90%平均蒸发温度T90%,延化120万吨/年催化重整装置
132.5,ST040003,℃,2025-11-01 08:00:00,50%平均蒸发温度T50%,延化120万吨/年催化重整装置
120.7,ST040003,℃,2025-11-01 08:00:00,10%平均蒸发温度T10%,延化120万吨/年催化重整装置
845.2,ST040003,<p>kg/m<sup>3</sup></p>,2025-11-01 08:00:00,密度,延化120万吨/年催化重整装置
107.2,ST040003,℃,2025-11-01 08:00:00,初馏点蒸发温度 TIBP,延化120万吨/年催化重整装置
0.8,ST040003,<p>%</p>,2025-11-02 08:00:00,平均残留百分数(B),延化120万吨/年催化重整装置
98.0,ST040003,<p>%</p>,2025-11-02 08:00:00,全馏,延化120万吨/年催化重整装置
167.5,ST040003,℃,2025-11-02 08:00:00,90%平均蒸发温度T90%,延化120万吨/年催化重整装置
132.7,ST040003,℃,2025-11-02 08:00:00,50%平均蒸发温度T50%,延化120万吨/年催化重整装置
121.6,ST040003,℃,2025-11-02 08:00:00,10%平均蒸发温度T10%,延化120万吨/年催化重整装置
107.0,ST040003,℃,2025-11-02 08:00:00,初馏点蒸发温度 TIBP,延化120万吨/年催化重整装置
201.2,ST040003,℃,2025-11-02 08:00:00,终馏点蒸发温度TFBP,延化120万吨/年催化重整装置
846.5,ST040003,<p>kg/m<sup>3</sup></p>,2025-11-02 08:00:00,密度,延化120万吨/年催化重整装置
141.6,ST040003,℃,2025-11-03 08:00:00,50%平均蒸发温度T50%,延化120万吨/年催化重整装置
169.5,ST040003,℃,2025-11-03 08:00:00,90%平均蒸发温度T90%,延化120万吨/年催化重整装置
122.2,ST040003,℃,2025-11-03 08:00:00,10%平均蒸发温度T10%,延化120万吨/年催化重整装置
107.0,ST040003,℃,2025-11-03 08:00:00,初馏点蒸发温度 TIBP,延化120万吨/年催化重整装置
847.8,ST040003,<p>kg/m<sup>3</sup></p>,2025-11-03 08:00:00,密度,延化120万吨/年催化重整装置
0.8,ST040003,<p>%</p>,2025-11-03 08:00:00,平均残留百分数(B),延化120万吨/年催化重整装置
98.0,ST040003,<p>%</p>,2025-11-03 08:00:00,全馏,延化120万吨/年催化重整装置
202.7,ST040003,℃,2025-11-03 08:00:00,终馏点蒸发温度TFBP,延化120万吨/年催化重整装置
167.8,ST040003,℃,2025-11-04 08:00:00,90%平均蒸发温度T90%,延化120万吨/年催化重整装置
133.1,ST040003,℃,2025-11-04 08:00:00,50%平均蒸发温度T50%,延化120万吨/年催化重整装置
122.0,ST040003,℃,2025-11-04 08:00:00,10%平均蒸发温度T10%,延化120万吨/年催化重整装置
106.9,ST040003,℃,2025-11-04 08:00:00,初馏点蒸发温度 TIBP,延化120万吨/年催化重整装置
0.8,ST040003,<p>%</p>,2025-11-04 08:00:00,平均残留百分数(B),延化120万吨/年催化重整装置
98.0,ST040003,<p>%</p>,2025-11-04 08:00:00,全馏,延化120万吨/年催化重整装置
201.8,ST040003,℃,2025-11-04 08:00:00,终馏点蒸发温度TFBP,延化120万吨/年催化重整装置
848.4,ST040003,<p>kg/m<sup>3</sup></p>,2025-11-04 08:00:00,密度,延化120万吨/年催化重整装置
3.00,ST040003,<p>%</p>,2025-11-05 08:00:00,正构烷烃,延化120万吨/年催化重整装置
7.43,ST040003,<p>%</p>,2025-11-05 08:00:00,异构烷烃,延化120万吨/年催化重整装置
11.35,ST040003,<p>%</p>,2025-11-05 08:00:00,烷烃含量,延化120万吨/年催化重整装置
0.37,ST040003,<p>%</p>,2025-11-05 08:00:00,烯烃含量,延化120万吨/年催化重整装置
0.92,ST040003,<p>%</p>,2025-11-05 08:00:00,环烷烃含量,延化120万吨/年催化重整装置
88.21,ST040003,<p>%</p>,2025-11-05 08:00:00,芳烃含量,延化120万吨/年催化重整装置
0.17,ST040003,<p>%</p>,2025-11-05 08:00:00,苯含量,延化120万吨/年催化重整装置
106.8,ST040003,,2025-11-05 08:00:00,模拟法辛烷值,延化120万吨/年催化重整装置
98.0,ST040003,<p>%</p>,2025-11-05 08:00:00,全馏,延化120万吨/年催化重整装置
107.2,ST040003,℃,2025-11-05 08:00:00,初馏点蒸发温度 TIBP,延化120万吨/年催化重整装置
121.9,ST040003,℃,2025-11-05 08:00:00,10%平均蒸发温度T10%,延化120万吨/年催化重整装置
138.8,ST040003,℃,2025-11-05 08:00:00,50%平均蒸发温度T50%,延化120万吨/年催化重整装置
168.6,ST040003,℃,2025-11-05 08:00:00,90%平均蒸发温度T90%,延化120万吨/年催化重整装置
202.0,ST040003,℃,2025-11-05 08:00:00,终馏点蒸发温度TFBP,延化120万吨/年催化重整装置
0.8,ST040003,<p>%</p>,2025-11-05 08:00:00,平均残留百分数(B),延化120万吨/年催化重整装置
847.1,ST040003,<p>kg/m<sup>3</sup></p>,2025-11-05 08:00:00,密度,延化120万吨/年催化重整装置
844.2,ST040003,<p>kg/m<sup>3</sup></p>,2025-11-06 08:00:00,密度,延化120万吨/年催化重整装置
107.4,ST040003,℃,2025-11-06 08:00:00,初馏点蒸发温度 TIBP,延化120万吨/年催化重整装置
122.6,ST040003,℃,2025-11-06 08:00:00,10%平均蒸发温度T10%,延化120万吨/年催化重整装置
0.8,ST040003,<p>%</p>,2025-11-06 08:00:00,平均残留百分数(B),延化120万吨/年催化重整装置
171.1,ST040003,℃,2025-11-06 08:00:00,90%平均蒸发温度T90%,延化120万吨/年催化重整装置
203.8,ST040003,℃,2025-11-06 08:00:00,终馏点蒸发温度TFBP,延化120万吨/年催化重整装置
98.0,ST040003,<p>%</p>,2025-11-06 08:00:00,全馏,延化120万吨/年催化重整装置
143.3,ST040003,℃,2025-11-06 08:00:00,50%平均蒸发温度T50%,延化120万吨/年催化重整装置
842.7,ST040003,<p>kg/m<sup>3</sup></p>,2025-11-07 08:00:00,密度,延化120万吨/年催化重整装置
98.4,ST040003,<p>%</p>,2025-11-07 08:00:00,校正回收百分数(RC),延化120万吨/年催化重整装置
98.4,ST040003,<p>%</p>,2025-11-07 08:00:00,校正回收百分数(RC),延化120万吨/年催化重整装置
0.8,ST040003,<p>%</p>,2025-11-07 08:00:00,校正损失百分数(LC),延化120万吨/年催化重整装置
0.8,ST040003,<p>%</p>,2025-11-07 08:00:00,校正损失百分数(LC),延化120万吨/年催化重整装置
98.4,ST040003,<p>%</p>,2025-11-07 08:00:00,全馏,延化120万吨/年催化重整装置
119.5,ST040003,℃,2025-11-07 08:00:00,10%平均蒸发温度T10%,延化120万吨/年催化重整装置
135.5,ST040003,℃,2025-11-07 08:00:00,50%平均蒸发温度T50%,延化120万吨/年催化重整装置
167.0,ST040003,℃,2025-11-07 08:00:00,90%平均蒸发温度T90%,延化120万吨/年催化重整装置
201.5,ST040003,℃,2025-11-07 08:00:00,终馏点蒸发温度TFBP,延化120万吨/年催化重整装置
107.0,ST040003,℃,2025-11-07 08:00:00,初馏点蒸发温度 TIBP,延化120万吨/年催化重整装置
98.0,ST040003,<p>%</p>,2025-11-08 08:00:00,全馏,延化120万吨/年催化重整装置
0.8,ST040003,<p>%</p>,2025-11-08 08:00:00,平均残留百分数(B),延化120万吨/年催化重整装置
842.4,ST040003,<p>kg/m<sup>3</sup></p>,2025-11-08 08:00:00,密度,延化120万吨/年催化重整装置
201.7,ST040003,℃,2025-11-08 08:00:00,终馏点蒸发温度TFBP,延化120万吨/年催化重整装置
120.0,ST040003,℃,2025-11-08 08:00:00,10%平均蒸发温度T10%,延化120万吨/年催化重整装置
133.1,ST040003,℃,2025-11-08 08:00:00,50%平均蒸发温度T50%,延化120万吨/年催化重整装置
167.7,ST040003,℃,2025-11-08 08:00:00,90%平均蒸发温度T90%,延化120万吨/年催化重整装置
107.3,ST040003,℃,2025-11-08 08:00:00,初馏点蒸发温度 TIBP,延化120万吨/年催化重整装置
201.6,ST040003,℃,2025-11-09 08:00:00,终馏点蒸发温度TFBP,延化120万吨/年催化重整装置
843.4,ST040003,<p>kg/m<sup>3</sup></p>,2025-11-09 08:00:00,密度,延化120万吨/年催化重整装置
107.0,ST040003,℃,2025-11-09 08:00:00,初馏点蒸发温度 TIBP,延化120万吨/年催化重整装置
0.8,ST040003,<p>%</p>,2025-11-09 08:00:00,平均残留百分数(B),延化120万吨/年催化重整装置
133.2,ST040003,℃,2025-11-09 08:00:00,50%平均蒸发温度T50%,延化120万吨/年催化重整装置
167.6,ST040003,℃,2025-11-09 08:00:00,90%平均蒸发温度T90%,延化120万吨/年催化重整装置
98.0,ST040003,<p>%</p>,2025-11-09 08:00:00,全馏,延化120万吨/年催化重整装置
121.7,ST040003,℃,2025-11-09 08:00:00,10%平均蒸发温度T10%,延化120万吨/年催化重整装置
0.8,ST040003,<p>%</p>,2025-11-10 08:00:00,平均残留百分数(B),延化120万吨/年催化重整装置
107.5,ST040003,℃,2025-11-10 08:00:00,初馏点蒸发温度 TIBP,延化120万吨/年催化重整装置
119.2,ST040003,℃,2025-11-10 08:00:00,10%平均蒸发温度T10%,延化120万吨/年催化重整装置
841.1,ST040003,<p>kg/m<sup>3</sup></p>,2025-11-10 08:00:00,密度,延化120万吨/年催化重整装置
167.9,ST040003,℃,2025-11-10 08:00:00,90%平均蒸发温度T90%,延化120万吨/年催化重整装置
201.4,ST040003,℃,2025-11-10 08:00:00,终馏点蒸发温度TFBP,延化120万吨/年催化重整装置
98.0,ST040003,<p>%</p>,2025-11-10 08:00:00,全馏,延化120万吨/年催化重整装置
132.6,ST040003,℃,2025-11-10 08:00:00,50%平均蒸发温度T50%,延化120万吨/年催化重整装置
842.9,ST040003,<p>kg/m<sup>3</sup></p>,2025-11-11 08:00:00,密度,延化120万吨/年催化重整装置
107.2,ST040003,℃,2025-11-11 08:00:00,初馏点蒸发温度 TIBP,延化120万吨/年催化重整装置
122.0,ST040003,℃,2025-11-11 08:00:00,10%平均蒸发温度T10%,延化120万吨/年催化重整装置
0.8,ST040003,<p>%</p>,2025-11-11 08:00:00,平均残留百分数(B),延化120万吨/年催化重整装置
170.7,ST040003,℃,2025-11-11 08:00:00,90%平均蒸发温度T90%,延化120万吨/年催化重整装置
203.5,ST040003,℃,2025-11-11 08:00:00,终馏点蒸发温度TFBP,延化120万吨/年催化重整装置
98.0,ST040003,<p>%</p>,2025-11-11 08:00:00,全馏,延化120万吨/年催化重整装置
143.1,ST040003,℃,2025-11-11 08:00:00,50%平均蒸发温度T50%,延化120万吨/年催化重整装置
3.37,ST040003,<p>%</p>,2025-11-12 08:00:00,正构烷烃,延化120万吨/年催化重整装置
844.1,ST040003,<p>kg/m<sup>3</sup></p>,2025-11-12 08:00:00,密度,延化120万吨/年催化重整装置
12.42,ST040003,<p>%</p>,2025-11-12 08:00:00,烷烃含量,延化120万吨/年催化重整装置
0.43,ST040003,<p>%</p>,2025-11-12 08:00:00,烯烃含量,延化120万吨/年催化重整装置
1.07,ST040003,<p>%</p>,2025-11-12 08:00:00,环烷烃含量,延化120万吨/年催化重整装置
87.08,ST040003,<p>%</p>,2025-11-12 08:00:00,芳烃含量,延化120万吨/年催化重整装置
0.17,ST040003,<p>%</p>,2025-11-12 08:00:00,苯含量,延化120万吨/年催化重整装置
104.9,ST040003,,2025-11-12 08:00:00,模拟法辛烷值,延化120万吨/年催化重整装置
0.8,ST040003,<p>%</p>,2025-11-12 08:00:00,平均残留百分数(B),延化120万吨/年催化重整装置
107.0,ST040003,℃,2025-11-12 08:00:00,初馏点蒸发温度 TIBP,延化120万吨/年催化重整装置
121.5,ST040003,℃,2025-11-12 08:00:00,10%平均蒸发温度T10%,延化120万吨/年催化重整装置
133.0,ST040003,℃,2025-11-12 08:00:00,50%平均蒸发温度T50%,延化120万吨/年催化重整装置
167.8,ST040003,℃,2025-11-12 08:00:00,90%平均蒸发温度T90%,延化120万吨/年催化重整装置
201.8,ST040003,℃,2025-11-12 08:00:00,终馏点蒸发温度TFBP,延化120万吨/年催化重整装置
98.0,ST040003,<p>%</p>,2025-11-12 08:00:00,全馏,延化120万吨/年催化重整装置
7.98,ST040003,<p>%</p>,2025-11-12 08:00:00,异构烷烃,延化120万吨/年催化重整装置
98.0,ST040003,<p>%</p>,2025-11-13 08:00:00,全馏,延化120万吨/年催化重整装置
844.7,ST040003,<p>kg/m<sup>3</sup></p>,2025-11-13 08:00:00,密度,延化120万吨/年催化重整装置
107.4,ST040003,℃,2025-11-13 08:00:00,初馏点蒸发温度 TIBP,延化120万吨/年催化重整装置
0.8,ST040003,<p>%</p>,2025-11-13 08:00:00,平均残留百分数(B),延化120万吨/年催化重整装置
133.2,ST040003,℃,2025-11-13 08:00:00,50%平均蒸发温度T50%,延化120万吨/年催化重整装置
168.1,ST040003,℃,2025-11-13 08:00:00,90%平均蒸发温度T90%,延化120万吨/年催化重整装置
202.2,ST040003,℃,2025-11-13 08:00:00,终馏点蒸发温度TFBP,延化120万吨/年催化重整装置
120.2,ST040003,℃,2025-11-13 08:00:00,10%平均蒸发温度T10%,延化120万吨/年催化重整装置
132.5,ST040003,℃,2025-11-15 01:00:00,50%平均蒸发温度T50%,延化120万吨/年催化重整装置
98.4,ST040003,<p>%</p>,2025-11-15 01:00:00,全馏,延化120万吨/年催化重整装置
98.4,ST040003,<p>%</p>,2025-11-15 01:00:00,校正回收百分数(RC),延化120万吨/年催化重整装置
98.4,ST040003,<p>%</p>,2025-11-15 01:00:00,校正回收百分数(RC),延化120万吨/年催化重整装置
0.8,ST040003,<p>%</p>,2025-11-15 01:00:00,校正损失百分数(LC),延化120万吨/年催化重整装置
0.8,ST040003,<p>%</p>,2025-11-15 01:00:00,校正损失百分数(LC),延化120万吨/年催化重整装置
93.5,ST040003,℃,2025-11-15 01:00:00,初馏点蒸发温度 TIBP,延化120万吨/年催化重整装置
110.0,ST040003,℃,2025-11-15 01:00:00,10%平均蒸发温度T10%,延化120万吨/年催化重整装置
163.0,ST040003,℃,2025-11-15 01:00:00,90%平均蒸发温度T90%,延化120万吨/年催化重整装置
199.5,ST040003,℃,2025-11-15 01:00:00,终馏点蒸发温度TFBP,延化120万吨/年催化重整装置
840.8,ST040003,<p>kg/m<sup>3</sup></p>,2025-11-15 01:00:00,密度,延化120万吨/年催化重整装置
840.2,ST040003,<p>kg/m<sup>3</sup></p>,2025-11-15 08:00:00,密度,延化120万吨/年催化重整装置
98.4,ST040003,<p>%</p>,2025-11-15 08:00:00,全馏,延化120万吨/年催化重整装置
98.4,ST040003,<p>%</p>,2025-11-15 08:00:00,校正回收百分数(RC),延化120万吨/年催化重整装置
0.8,ST040003,<p>%</p>,2025-11-15 08:00:00,校正损失百分数(LC),延化120万吨/年催化重整装置
0.8,ST040003,<p>%</p>,2025-11-15 08:00:00,校正损失百分数(LC),延化120万吨/年催化重整装置
119.0,ST040003,℃,2025-11-15 08:00:00,10%平均蒸发温度T10%,延化120万吨/年催化重整装置
98.4,ST040003,<p>%</p>,2025-11-15 08:00:00,校正回收百分数(RC),延化120万吨/年催化重整装置
134.0,ST040003,℃,2025-11-15 08:00:00,50%平均蒸发温度T50%,延化120万吨/年催化重整装置
164.0,ST040003,℃,2025-11-15 08:00:00,90%平均蒸发温度T90%,延化120万吨/年催化重整装置
206.0,ST040003,℃,2025-11-15 08:00:00,终馏点蒸发温度TFBP,延化120万吨/年催化重整装置
105.5,ST040003,℃,2025-11-15 08:00:00,初馏点蒸发温度 TIBP,延化120万吨/年催化重整装置
168.3,ST040003,℃,2025-11-16 08:00:00,90%平均蒸发温度T90%,延化120万吨/年催化重整装置
107.3,ST040003,℃,2025-11-16 08:00:00,初馏点蒸发温度 TIBP,延化120万吨/年催化重整装置
119.7,ST040003,℃,2025-11-16 08:00:00,10%平均蒸发温度T10%,延化120万吨/年催化重整装置
841.0,ST040003,<p>kg/m<sup>3</sup></p>,2025-11-16 08:00:00,密度,延化120万吨/年催化重整装置
202.3,ST040003,℃,2025-11-16 08:00:00,终馏点蒸发温度TFBP,延化120万吨/年催化重整装置
98.0,ST040003,<p>%</p>,2025-11-16 08:00:00,全馏,延化120万吨/年催化重整装置
0.8,ST040003,<p>%</p>,2025-11-16 08:00:00,平均残留百分数(B),延化120万吨/年催化重整装置
133.5,ST040003,℃,2025-11-16 08:00:00,50%平均蒸发温度T50%,延化120万吨/年催化重整装置
841.1,ST040003,<p>kg/m<sup>3</sup></p>,2025-11-17 08:00:00,密度,延化120万吨/年催化重整装置
169.8,ST040003,℃,2025-11-17 08:00:00,90%平均蒸发温度T90%,延化120万吨/年催化重整装置
107.7,ST040003,℃,2025-11-17 08:00:00,初馏点蒸发温度 TIBP,延化120万吨/年催化重整装置
0.8,ST040003,<p>%</p>,2025-11-17 08:00:00,平均残留百分数(B),延化120万吨/年催化重整装置
142.3,ST040003,℃,2025-11-17 08:00:00,50%平均蒸发温度T50%,延化120万吨/年催化重整装置
202.6,ST040003,℃,2025-11-17 08:00:00,终馏点蒸发温度TFBP,延化120万吨/年催化重整装置
98.0,ST040003,<p>%</p>,2025-11-17 08:00:00,全馏,延化120万吨/年催化重整装置
119.9,ST040003,℃,2025-11-17 08:00:00,10%平均蒸发温度T10%,延化120万吨/年催化重整装置
169.7,ST040003,℃,2025-11-18 08:00:00,90%平均蒸发温度T90%,延化120万吨/年催化重整装置
107.2,ST040003,℃,2025-11-18 08:00:00,初馏点蒸发温度 TIBP,延化120万吨/年催化重整装置
120.7,ST040003,℃,2025-11-18 08:00:00,10%平均蒸发温度T10%,延化120万吨/年催化重整装置
139.2,ST040003,℃,2025-11-18 08:00:00,50%平均蒸发温度T50%,延化120万吨/年催化重整装置
203.6,ST040003,℃,2025-11-18 08:00:00,终馏点蒸发温度TFBP,延化120万吨/年催化重整装置
98.0,ST040003,<p>%</p>,2025-11-18 08:00:00,全馏,延化120万吨/年催化重整装置
0.8,ST040003,<p>%</p>,2025-11-18 08:00:00,平均残留百分数(B),延化120万吨/年催化重整装置
843.7,ST040003,<p>kg/m<sup>3</sup></p>,2025-11-18 08:00:00,密度,延化120万吨/年催化重整装置
107.1,ST040003,℃,2025-11-19 08:00:00,初馏点蒸发温度 TIBP,延化120万吨/年催化重整装置
107.3,ST040003,,2025-11-19 08:00:00,模拟法辛烷值,延化120万吨/年催化重整装置
133.2,ST040003,℃,2025-11-19 08:00:00,50%平均蒸发温度T50%,延化120万吨/年催化重整装置
168.4,ST040003,℃,2025-11-19 08:00:00,90%平均蒸发温度T90%,延化120万吨/年催化重整装置
202.4,ST040003,℃,2025-11-19 08:00:00,终馏点蒸发温度TFBP,延化120万吨/年催化重整装置
98.0,ST040003,<p>%</p>,2025-11-19 08:00:00,全馏,延化120万吨/年催化重整装置
0.8,ST040003,<p>%</p>,2025-11-19 08:00:00,平均残留百分数(B),延化120万吨/年催化重整装置
847.6,ST040003,<p>kg/m<sup>3</sup></p>,2025-11-19 08:00:00,密度,延化120万吨/年催化重整装置
2.60,ST040003,<p>%</p>,2025-11-19 08:00:00,正构烷烃,延化120万吨/年催化重整装置
6.69,ST040003,<p>%</p>,2025-11-19 08:00:00,异构烷烃,延化120万吨/年催化重整装置
10.17,ST040003,<p>%</p>,2025-11-19 08:00:00,烷烃含量,延化120万吨/年催化重整装置
0.38,ST040003,<p>%</p>,2025-11-19 08:00:00,烯烃含量,延化120万吨/年催化重整装置
0.88,ST040003,<p>%</p>,2025-11-19 08:00:00,环烷烃含量,延化120万吨/年催化重整装置
89.02,ST040003,<p>%</p>,2025-11-19 08:00:00,芳烃含量,延化120万吨/年催化重整装置
0.18,ST040003,<p>%</p>,2025-11-19 08:00:00,苯含量,延化120万吨/年催化重整装置
122.1,ST040003,℃,2025-11-19 08:00:00,10%平均蒸发温度T10%,延化120万吨/年催化重整装置
98.0,ST040003,<p>%</p>,2025-11-20 08:00:00,全馏,延化120万吨/年催化重整装置
0.8,ST040003,<p>%</p>,2025-11-20 08:00:00,平均残留百分数(B),延化120万吨/年催化重整装置
107.2,ST040003,℃,2025-11-20 08:00:00,初馏点蒸发温度 TIBP,延化120万吨/年催化重整装置
845.2,ST040003,<p>kg/m<sup>3</sup></p>,2025-11-20 08:00:00,密度,延化120万吨/年催化重整装置
138.6,ST040003,℃,2025-11-20 08:00:00,50%平均蒸发温度T50%,延化120万吨/年催化重整装置
169.3,ST040003,℃,2025-11-20 08:00:00,90%平均蒸发温度T90%,延化120万吨/年催化重整装置
203.2,ST040003,℃,2025-11-20 08:00:00,终馏点蒸发温度TFBP,延化120万吨/年催化重整装置
121.1,ST040003,℃,2025-11-20 08:00:00,10%平均蒸发温度T10%,延化120万吨/年催化重整装置
121.3,ST040003,℃,2025-11-21 08:00:00,10%平均蒸发温度T10%,延化120万吨/年催化重整装置
141.8,ST040003,℃,2025-11-21 08:00:00,50%平均蒸发温度T50%,延化120万吨/年催化重整装置
169.8,ST040003,℃,2025-11-21 08:00:00,90%平均蒸发温度T90%,延化120万吨/年催化重整装置
107.2,ST040003,℃,2025-11-21 08:00:00,初馏点蒸发温度 TIBP,延化120万吨/年催化重整装置
98.0,ST040003,<p>%</p>,2025-11-21 08:00:00,全馏,延化120万吨/年催化重整装置
0.8,ST040003,<p>%</p>,2025-11-21 08:00:00,平均残留百分数(B),延化120万吨/年催化重整装置
843.2,ST040003,<p>kg/m<sup>3</sup></p>,2025-11-21 08:00:00,密度,延化120万吨/年催化重整装置
203.4,ST040003,℃,2025-11-21 08:00:00,终馏点蒸发温度TFBP,延化120万吨/年催化重整装置
842.5,ST040003,<p>kg/m<sup>3</sup></p>,2025-11-22 08:00:00,密度,延化120万吨/年催化重整装置
119.3,ST040003,℃,2025-11-22 08:00:00,10%平均蒸发温度T10%,延化120万吨/年催化重整装置
133.7,ST040003,℃,2025-11-22 08:00:00,50%平均蒸发温度T50%,延化120万吨/年催化重整装置
0.8,ST040003,<p>%</p>,2025-11-22 08:00:00,平均残留百分数(B),延化120万吨/年催化重整装置
202.5,ST040003,℃,2025-11-22 08:00:00,终馏点蒸发温度TFBP,延化120万吨/年催化重整装置
107.8,ST040003,℃,2025-11-22 08:00:00,初馏点蒸发温度 TIBP,延化120万吨/年催化重整装置
98.0,ST040003,<p>%</p>,2025-11-22 08:00:00,全馏,延化120万吨/年催化重整装置
168.9,ST040003,℃,2025-11-22 08:00:00,90%平均蒸发温度T90%,延化120万吨/年催化重整装置
843.3,ST040003,<p>kg/m<sup>3</sup></p>,2025-11-23 08:00:00,密度,延化120万吨/年催化重整装置
202.5,ST040003,℃,2025-11-23 08:00:00,终馏点蒸发温度TFBP,延化120万吨/年催化重整装置
107.6,ST040003,℃,2025-11-23 08:00:00,初馏点蒸发温度 TIBP,延化120万吨/年催化重整装置
0.8,ST040003,<p>%</p>,2025-11-23 08:00:00,平均残留百分数(B),延化120万吨/年催化重整装置
137.0,ST040003,℃,2025-11-23 08:00:00,50%平均蒸发温度T50%,延化120万吨/年催化重整装置
168.7,ST040003,℃,2025-11-23 08:00:00,90%平均蒸发温度T90%,延化120万吨/年催化重整装置
98.0,ST040003,<p>%</p>,2025-11-23 08:00:00,全馏,延化120万吨/年催化重整装置
119.4,ST040003,℃,2025-11-23 08:00:00,10%平均蒸发温度T10%,延化120万吨/年催化重整装置
170.2,ST040003,℃,2025-11-24 08:00:00,90%平均蒸发温度T90%,延化120万吨/年催化重整装置
107.2,ST040003,℃,2025-11-24 08:00:00,初馏点蒸发温度 TIBP,延化120万吨/年催化重整装置
121.2,ST040003,℃,2025-11-24 08:00:00,10%平均蒸发温度T10%,延化120万吨/年催化重整装置
843.7,ST040003,<p>kg/m<sup>3</sup></p>,2025-11-24 08:00:00,密度,延化120万吨/年催化重整装置
202.7,ST040003,℃,2025-11-24 08:00:00,终馏点蒸发温度TFBP,延化120万吨/年催化重整装置
98.0,ST040003,<p>%</p>,2025-11-24 08:00:00,全馏,延化120万吨/年催化重整装置
0.8,ST040003,<p>%</p>,2025-11-24 08:00:00,平均残留百分数(B),延化120万吨/年催化重整装置
142.8,ST040003,℃,2025-11-24 08:00:00,50%平均蒸发温度T50%,延化120万吨/年催化重整装置
202.6,ST040003,℃,2025-11-25 08:00:00,终馏点蒸发温度TFBP,延化120万吨/年催化重整装置
843.0,ST040003,<p>kg/m<sup>3</sup></p>,2025-11-25 08:00:00,密度,延化120万吨/年催化重整装置
107.7,ST040003,℃,2025-11-25 08:00:00,初馏点蒸发温度 TIBP,延化120万吨/年催化重整装置
0.8,ST040003,<p>%</p>,2025-11-25 08:00:00,平均残留百分数(B),延化120万吨/年催化重整装置
135.8,ST040003,℃,2025-11-25 08:00:00,50%平均蒸发温度T50%,延化120万吨/年催化重整装置
169.4,ST040003,℃,2025-11-25 08:00:00,90%平均蒸发温度T90%,延化120万吨/年催化重整装置
98.0,ST040003,<p>%</p>,2025-11-25 08:00:00,全馏,延化120万吨/年催化重整装置
119.8,ST040003,℃,2025-11-25 08:00:00,10%平均蒸发温度T10%,延化120万吨/年催化重整装置
842.0,ST040003,<p>kg/m<sup>3</sup></p>,2025-11-26 08:00:00,密度,延化120万吨/年催化重整装置
0.8,ST040003,<p>%</p>,2025-11-26 08:00:00,平均残留百分数(B),延化120万吨/年催化重整装置
8.32,ST040003,<p>%</p>,2025-11-26 08:00:00,异构烷烃,延化120万吨/年催化重整装置
12.75,ST040003,<p>%</p>,2025-11-26 08:00:00,烷烃含量,延化120万吨/年催化重整装置
0.44,ST040003,<p>%</p>,2025-11-26 08:00:00,烯烃含量,延化120万吨/年催化重整装置
1.06,ST040003,<p>%</p>,2025-11-26 08:00:00,环烷烃含量,延化120万吨/年催化重整装置
86.74,ST040003,<p>%</p>,2025-11-26 08:00:00,芳烃含量,延化120万吨/年催化重整装置
0.20,ST040003,<p>%</p>,2025-11-26 08:00:00,苯含量,延化120万吨/年催化重整装置
105.1,ST040003,,2025-11-26 08:00:00,模拟法辛烷值,延化120万吨/年催化重整装置
167.9,ST040003,℃,2025-11-26 08:00:00,90%平均蒸发温度T90%,延化120万吨/年催化重整装置
105.8,ST040003,℃,2025-11-26 08:00:00,初馏点蒸发温度 TIBP,延化120万吨/年催化重整装置
118.9,ST040003,℃,2025-11-26 08:00:00,10%平均蒸发温度T10%,延化120万吨/年催化重整装置
133.0,ST040003,℃,2025-11-26 08:00:00,50%平均蒸发温度T50%,延化120万吨/年催化重整装置
201.8,ST040003,℃,2025-11-26 08:00:00,终馏点蒸发温度TFBP,延化120万吨/年催化重整装置
98.0,ST040003,<p>%</p>,2025-11-26 08:00:00,全馏,延化120万吨/年催化重整装置
3.37,ST040003,<p>%</p>,2025-11-26 08:00:00,正构烷烃,延化120万吨/年催化重整装置
850.1,ST040003,<p>kg/m<sup>3</sup></p>,2025-11-27 00:00:00,密度,延化120万吨/年催化重整装置
98.4,ST040003,<p>%</p>,2025-11-27 00:00:00,校正回收百分数(RC),延化120万吨/年催化重整装置
98.4,ST040003,<p>%</p>,2025-11-27 00:00:00,全馏,延化120万吨/年催化重整装置
201.0,ST040003,℃,2025-11-27 00:00:00,终馏点蒸发温度TFBP,延化120万吨/年催化重整装置
140.0,ST040003,℃,2025-11-27 00:00:00,50%平均蒸发温度T50%,延化120万吨/年催化重整装置
122.0,ST040003,℃,2025-11-27 00:00:00,10%平均蒸发温度T10%,延化120万吨/年催化重整装置
110.0,ST040003,℃,2025-11-27 00:00:00,初馏点蒸发温度 TIBP,延化120万吨/年催化重整装置
170.0,ST040003,℃,2025-11-27 00:00:00,90%平均蒸发温度T90%,延化120万吨/年催化重整装置
0.8,ST040003,<p>%</p>,2025-11-27 00:00:00,校正损失百分数(LC),延化120万吨/年催化重整装置
98.4,ST040003,<p>%</p>,2025-11-27 00:00:00,校正回收百分数(RC),延化120万吨/年催化重整装置
0.8,ST040003,<p>%</p>,2025-11-27 00:00:00,校正损失百分数(LC),延化120万吨/年催化重整装置
202.3,ST040003,℃,2025-11-27 08:00:00,终馏点蒸发温度TFBP,延化120万吨/年催化重整装置
168.9,ST040003,℃,2025-11-27 08:00:00,90%平均蒸发温度T90%,延化120万吨/年催化重整装置
141.9,ST040003,℃,2025-11-27 08:00:00,50%平均蒸发温度T50%,延化120万吨/年催化重整装置
125.6,ST040003,℃,2025-11-27 08:00:00,10%平均蒸发温度T10%,延化120万吨/年催化重整装置
107.6,ST040003,℃,2025-11-27 08:00:00,初馏点蒸发温度 TIBP,延化120万吨/年催化重整装置
0.8,ST040003,<p>%</p>,2025-11-27 08:00:00,平均残留百分数(B),延化120万吨/年催化重整装置
98.0,ST040003,<p>%</p>,2025-11-27 08:00:00,全馏,延化120万吨/年催化重整装置
850.0,ST040003,<p>kg/m<sup>3</sup></p>,2025-11-27 08:00:00,密度,延化120万吨/年催化重整装置
842.4,ST040003,<p>kg/m<sup>3</sup></p>,2025-11-28 08:00:00,密度,延化120万吨/年催化重整装置
170.1,ST040003,℃,2025-11-28 08:00:00,90%平均蒸发温度T90%,延化120万吨/年催化重整装置
107.3,ST040003,℃,2025-11-28 08:00:00,初馏点蒸发温度 TIBP,延化120万吨/年催化重整装置
0.8,ST040003,<p>%</p>,2025-11-28 08:00:00,平均残留百分数(B),延化120万吨/年催化重整装置
143.0,ST040003,℃,2025-11-28 08:00:00,50%平均蒸发温度T50%,延化120万吨/年催化重整装置
202.4,ST040003,℃,2025-11-28 08:00:00,终馏点蒸发温度TFBP,延化120万吨/年催化重整装置
98.0,ST040003,<p>%</p>,2025-11-28 08:00:00,全馏,延化120万吨/年催化重整装置
121.7,ST040003,℃,2025-11-28 08:00:00,10%平均蒸发温度T10%,延化120万吨/年催化重整装置
107.5,ST040003,℃,2025-11-29 08:00:00,初馏点蒸发温度 TIBP,延化120万吨/年催化重整装置
120.1,ST040003,℃,2025-11-29 08:00:00,10%平均蒸发温度T10%,延化120万吨/年催化重整装置
137.6,ST040003,℃,2025-11-29 08:00:00,50%平均蒸发温度T50%,延化120万吨/年催化重整装置
841.8,ST040003,<p>kg/m<sup>3</sup></p>,2025-11-29 08:00:00,密度,延化120万吨/年催化重整装置
202.0,ST040003,℃,2025-11-29 08:00:00,终馏点蒸发温度TFBP,延化120万吨/年催化重整装置
98.0,ST040003,<p>%</p>,2025-11-29 08:00:00,全馏,延化120万吨/年催化重整装置
0.8,ST040003,<p>%</p>,2025-11-29 08:00:00,平均残留百分数(B),延化120万吨/年催化重整装置
168.6,ST040003,℃,2025-11-29 08:00:00,90%平均蒸发温度T90%,延化120万吨/年催化重整装置
842.8,ST040003,<p>kg/m<sup>3</sup></p>,2025-11-30 08:00:00,密度,延化120万吨/年催化重整装置
107.5,ST040003,℃,2025-11-30 08:00:00,初馏点蒸发温度 TIBP,延化120万吨/年催化重整装置
119.9,ST040003,℃,2025-11-30 08:00:00,10%平均蒸发温度T10%,延化120万吨/年催化重整装置
0.8,ST040003,<p>%</p>,2025-11-30 08:00:00,平均残留百分数(B),延化120万吨/年催化重整装置
169.7,ST040003,℃,2025-11-30 08:00:00,90%平均蒸发温度T90%,延化120万吨/年催化重整装置
202.1,ST040003,℃,2025-11-30 08:00:00,终馏点蒸发温度TFBP,延化120万吨/年催化重整装置
98.0,ST040003,<p>%</p>,2025-11-30 08:00:00,全馏,延化120万吨/年催化重整装置
142.5,ST040003,℃,2025-11-30 08:00:00,50%平均蒸发温度T50%,延化120万吨/年催化重整装置
201.6,ST040003,℃,2025-12-01 08:00:00,终馏点蒸发温度TFBP,延化120万吨/年催化重整装置
107.5,ST040003,℃,2025-12-01 08:00:00,初馏点蒸发温度 TIBP,延化120万吨/年催化重整装置
119.1,ST040003,℃,2025-12-01 08:00:00,10%平均蒸发温度T10%,延化120万吨/年催化重整装置
839.5,ST040003,<p>kg/m<sup>3</sup></p>,2025-12-01 08:00:00,密度,延化120万吨/年催化重整装置
168.0,ST040003,℃,2025-12-01 08:00:00,90%平均蒸发温度T90%,延化120万吨/年催化重整装置
98.0,ST040003,<p>%</p>,2025-12-01 08:00:00,全馏,延化120万吨/年催化重整装置
0.8,ST040003,<p>%</p>,2025-12-01 08:00:00,平均残留百分数(B),延化120万吨/年催化重整装置
133.5,ST040003,℃,2025-12-01 08:00:00,50%平均蒸发温度T50%,延化120万吨/年催化重整装置
201.4,ST040003,℃,2025-12-02 08:00:00,终馏点蒸发温度TFBP,延化120万吨/年催化重整装置
98.0,ST040003,<p>%</p>,2025-12-02 08:00:00,全馏,延化120万吨/年催化重整装置
0.8,ST040003,<p>%</p>,2025-12-02 08:00:00,平均残留百分数(B),延化120万吨/年催化重整装置
842.3,ST040003,<p>kg/m<sup>3</sup></p>,2025-12-02 08:00:00,密度,延化120万吨/年催化重整装置
167.8,ST040003,℃,2025-12-02 08:00:00,90%平均蒸发温度T90%,延化120万吨/年催化重整装置
107.9,ST040003,℃,2025-12-02 08:00:00,初馏点蒸发温度 TIBP,延化120万吨/年催化重整装置
121.4,ST040003,℃,2025-12-02 08:00:00,10%平均蒸发温度T10%,延化120万吨/年催化重整装置
134.5,ST040003,℃,2025-12-02 08:00:00,50%平均蒸发温度T50%,延化120万吨/年催化重整装置
98.0,ST040003,<p>%</p>,2025-12-03 08:00:00,全馏,延化120万吨/年催化重整装置
841.5,ST040003,<p>kg/m<sup>3</sup></p>,2025-12-03 08:00:00,密度,延化120万吨/年催化重整装置
120.2,ST040003,℃,2025-12-03 08:00:00,10%平均蒸发温度T10%,延化120万吨/年催化重整装置
133.3,ST040003,℃,2025-12-03 08:00:00,50%平均蒸发温度T50%,延化120万吨/年催化重整装置
167.7,ST040003,℃,2025-12-03 08:00:00,90%平均蒸发温度T90%,延化120万吨/年催化重整装置
201.5,ST040003,℃,2025-12-03 08:00:00,终馏点蒸发温度TFBP,延化120万吨/年催化重整装置
0.8,ST040003,<p>%</p>,2025-12-03 08:00:00,平均残留百分数(B),延化120万吨/年催化重整装置
0.45,ST040003,<p>%</p>,2025-12-03 08:00:00,烯烃含量,延化120万吨/年催化重整装置
3.30,ST040003,<p>%</p>,2025-12-03 08:00:00,正构烷烃,延化120万吨/年催化重整装置
8.47,ST040003,<p>%</p>,2025-12-03 08:00:00,异构烷烃,延化120万吨/年催化重整装置
12.85,ST040003,<p>%</p>,2025-12-03 08:00:00,烷烃含量,延化120万吨/年催化重整装置
1.08,ST040003,<p>%</p>,2025-12-03 08:00:00,环烷烃含量,延化120万吨/年催化重整装置
86.42,ST040003,<p>%</p>,2025-12-03 08:00:00,芳烃含量,延化120万吨/年催化重整装置
0.18,ST040003,<p>%</p>,2025-12-03 08:00:00,苯含量,延化120万吨/年催化重整装置
105.6,ST040003,,2025-12-03 08:00:00,模拟法辛烷值,延化120万吨/年催化重整装置
107.5,ST040003,℃,2025-12-03 08:00:00,初馏点蒸发温度 TIBP,延化120万吨/年催化重整装置
132.8,ST040003,℃,2025-12-04 08:00:00,50%平均蒸发温度T50%,延化120万吨/年催化重整装置
167.6,ST040003,℃,2025-12-04 08:00:00,90%平均蒸发温度T90%,延化120万吨/年催化重整装置
200.8,ST040003,℃,2025-12-04 08:00:00,终馏点蒸发温度TFBP,延化120万吨/年催化重整装置
119.0,ST040003,℃,2025-12-04 08:00:00,10%平均蒸发温度T10%,延化120万吨/年催化重整装置
0.8,ST040003,<p>%</p>,2025-12-04 08:00:00,平均残留百分数(B),延化120万吨/年催化重整装置
839.2,ST040003,<p>kg/m<sup>3</sup></p>,2025-12-04 08:00:00,密度,延化120万吨/年催化重整装置
107.5,ST040003,℃,2025-12-04 08:00:00,初馏点蒸发温度 TIBP,延化120万吨/年催化重整装置
98.0,ST040003,<p>%</p>,2025-12-04 08:00:00,全馏,延化120万吨/年催化重整装置
169.9,ST040003,℃,2025-12-05 08:00:00,90%平均蒸发温度T90%,延化120万吨/年催化重整装置
107.7,ST040003,℃,2025-12-05 08:00:00,初馏点蒸发温度 TIBP,延化120万吨/年催化重整装置
119.0,ST040003,℃,2025-12-05 08:00:00,10%平均蒸发温度T10%,延化120万吨/年催化重整装置
837.4,ST040003,<p>kg/m<sup>3</sup></p>,2025-12-05 08:00:00,密度,延化120万吨/年催化重整装置
202.0,ST040003,℃,2025-12-05 08:00:00,终馏点蒸发温度TFBP,延化120万吨/年催化重整装置
98.0,ST040003,<p>%</p>,2025-12-05 08:00:00,全馏,延化120万吨/年催化重整装置
0.8,ST040003,<p>%</p>,2025-12-05 08:00:00,平均残留百分数(B),延化120万吨/年催化重整装置
142.6,ST040003,℃,2025-12-05 08:00:00,50%平均蒸发温度T50%,延化120万吨/年催化重整装置
107.6,ST040003,℃,2025-12-06 08:00:00,初馏点蒸发温度 TIBP,延化120万吨/年催化重整装置
119.3,ST040003,℃,2025-12-06 08:00:00,10%平均蒸发温度T10%,延化120万吨/年催化重整装置
132.5,ST040003,℃,2025-12-06 08:00:00,50%平均蒸发温度T50%,延化120万吨/年催化重整装置
840.5,ST040003,<p>kg/m<sup>3</sup></p>,2025-12-06 08:00:00,密度,延化120万吨/年催化重整装置
199.6,ST040003,℃,2025-12-06 08:00:00,终馏点蒸发温度TFBP,延化120万吨/年催化重整装置
98.0,ST040003,<p>%</p>,2025-12-06 08:00:00,全馏,延化120万吨/年催化重整装置
0.8,ST040003,<p>%</p>,2025-12-06 08:00:00,平均残留百分数(B),延化120万吨/年催化重整装置
165.9,ST040003,℃,2025-12-06 08:00:00,90%平均蒸发温度T90%,延化120万吨/年催化重整装置
842.7,ST040003,<p>kg/m<sup>3</sup></p>,2025-12-07 08:00:00,密度,延化120万吨/年催化重整装置
107.2,ST040003,℃,2025-12-07 08:00:00,初馏点蒸发温度 TIBP,延化120万吨/年催化重整装置
120.8,ST040003,℃,2025-12-07 08:00:00,10%平均蒸发温度T10%,延化120万吨/年催化重整装置
0.8,ST040003,<p>%</p>,2025-12-07 08:00:00,平均残留百分数(B),延化120万吨/年催化重整装置
167.2,ST040003,℃,2025-12-07 08:00:00,90%平均蒸发温度T90%,延化120万吨/年催化重整装置
201.0,ST040003,℃,2025-12-07 08:00:00,终馏点蒸发温度TFBP,延化120万吨/年催化重整装置
98.0,ST040003,<p>%</p>,2025-12-07 08:00:00,全馏,延化120万吨/年催化重整装置
132.9,ST040003,℃,2025-12-07 08:00:00,50%平均蒸发温度T50%,延化120万吨/年催化重整装置
168.9,ST040003,℃,2025-12-08 08:00:00,90%平均蒸发温度T90%,延化120万吨/年催化重整装置
845.0,ST040003,<p>kg/m<sup>3</sup></p>,2025-12-08 08:00:00,密度,延化120万吨/年催化重整装置
107.1,ST040003,℃,2025-12-08 08:00:00,初馏点蒸发温度 TIBP,延化120万吨/年催化重整装置
0.8,ST040003,<p>%</p>,2025-12-08 08:00:00,平均残留百分数(B),延化120万吨/年催化重整装置
133.9,ST040003,℃,2025-12-08 08:00:00,50%平均蒸发温度T50%,延化120万吨/年催化重整装置
201.3,ST040003,℃,2025-12-08 08:00:00,终馏点蒸发温度TFBP,延化120万吨/年催化重整装置
98.0,ST040003,<p>%</p>,2025-12-08 08:00:00,全馏,延化120万吨/年催化重整装置
122.4,ST040003,℃,2025-12-08 08:00:00,10%平均蒸发温度T10%,延化120万吨/年催化重整装置
200.8,ST040003,℃,2025-12-09 08:00:00,终馏点蒸发温度TFBP,延化120万吨/年催化重整装置
98.0,ST040003,<p>%</p>,2025-12-09 08:00:00,全馏,延化120万吨/年催化重整装置
0.8,ST040003,<p>%</p>,2025-12-09 08:00:00,平均残留百分数(B),延化120万吨/年催化重整装置
132.7,ST040003,℃,2025-12-09 08:00:00,50%平均蒸发温度T50%,延化120万吨/年催化重整装置
166.7,ST040003,℃,2025-12-09 08:00:00,90%平均蒸发温度T90%,延化120万吨/年催化重整装置
107.5,ST040003,℃,2025-12-09 08:00:00,初馏点蒸发温度 TIBP,延化120万吨/年催化重整装置
119.6,ST040003,℃,2025-12-09 08:00:00,10%平均蒸发温度T10%,延化120万吨/年催化重整装置
841.6,ST040003,<p>kg/m<sup>3</sup></p>,2025-12-09 08:00:00,密度,延化120万吨/年催化重整装置
3.41,ST040003,<p>%</p>,2025-12-10 08:00:00,正构烷烃,延化120万吨/年催化重整装置
840.2,ST040003,<p>kg/m<sup>3</sup></p>,2025-12-10 08:00:00,密度,延化120万吨/年催化重整装置
13.62,ST040003,<p>%</p>,2025-12-10 08:00:00,烷烃含量,延化120万吨/年催化重整装置
0.53,ST040003,<p>%</p>,2025-12-10 08:00:00,烯烃含量,延化120万吨/年催化重整装置
0.82,ST040003,<p>%</p>,2025-12-10 08:00:00,环烷烃含量,延化120万吨/年催化重整装置
85.79,ST040003,<p>%</p>,2025-12-10 08:00:00,芳烃含量,延化120万吨/年催化重整装置
0.22,ST040003,<p>%</p>,2025-12-10 08:00:00,苯含量,延化120万吨/年催化重整装置
105.3,ST040003,,2025-12-10 08:00:00,模拟法辛烷值,延化120万吨/年催化重整装置
0.8,ST040003,<p>%</p>,2025-12-10 08:00:00,平均残留百分数(B),延化120万吨/年催化重整装置
166.3,ST040003,℃,2025-12-10 08:00:00,90%平均蒸发温度T90%,延化120万吨/年催化重整装置
200.3,ST040003,℃,2025-12-10 08:00:00,终馏点蒸发温度TFBP,延化120万吨/年催化重整装置
98.0,ST040003,<p>%</p>,2025-12-10 08:00:00,全馏,延化120万吨/年催化重整装置
107.5,ST040003,℃,2025-12-10 08:00:00,初馏点蒸发温度 TIBP,延化120万吨/年催化重整装置
118.9,ST040003,℃,2025-12-10 08:00:00,10%平均蒸发温度T10%,延化120万吨/年催化重整装置
132.5,ST040003,℃,2025-12-10 08:00:00,50%平均蒸发温度T50%,延化120万吨/年催化重整装置
9.39,ST040003,<p>%</p>,2025-12-10 08:00:00,异构烷烃,延化120万吨/年催化重整装置
166.2,ST040003,℃,2025-12-11 08:00:00,90%平均蒸发温度T90%,延化120万吨/年催化重整装置
107.4,ST040003,℃,2025-12-11 08:00:00,初馏点蒸发温度 TIBP,延化120万吨/年催化重整装置
118.8,ST040003,℃,2025-12-11 08:00:00,10%平均蒸发温度T10%,延化120万吨/年催化重整装置
839.8,ST040003,<p>kg/m<sup>3</sup></p>,2025-12-11 08:00:00,密度,延化120万吨/年催化重整装置
200.0,ST040003,℃,2025-12-11 08:00:00,终馏点蒸发温度TFBP,延化120万吨/年催化重整装置
98.0,ST040003,<p>%</p>,2025-12-11 08:00:00,全馏,延化120万吨/年催化重整装置
0.8,ST040003,<p>%</p>,2025-12-11 08:00:00,平均残留百分数(B),延化120万吨/年催化重整装置
132.5,ST040003,℃,2025-12-11 08:00:00,50%平均蒸发温度T50%,延化120万吨/年催化重整装置
132.8,ST040003,℃,2025-12-12 08:00:00,50%平均蒸发温度T50%,延化120万吨/年催化重整装置
843.0,ST040003,<p>kg/m<sup>3</sup></p>,2025-12-12 08:00:00,密度,延化120万吨/年催化重整装置
107.2,ST040003,℃,2025-12-12 08:00:00,初馏点蒸发温度 TIBP,延化120万吨/年催化重整装置
0.8,ST040003,<p>%</p>,2025-12-12 08:00:00,平均残留百分数(B),延化120万吨/年催化重整装置
166.9,ST040003,℃,2025-12-12 08:00:00,90%平均蒸发温度T90%,延化120万吨/年催化重整装置
200.5,ST040003,℃,2025-12-12 08:00:00,终馏点蒸发温度TFBP,延化120万吨/年催化重整装置
98.0,ST040003,<p>%</p>,2025-12-12 08:00:00,全馏,延化120万吨/年催化重整装置
121.0,ST040003,℃,2025-12-12 08:00:00,10%平均蒸发温度T10%,延化120万吨/年催化重整装置
98.0,ST040003,<p>%</p>,2025-12-13 08:00:00,全馏,延化120万吨/年催化重整装置
107.4,ST040003,℃,2025-12-13 08:00:00,初馏点蒸发温度 TIBP,延化120万吨/年催化重整装置
119.2,ST040003,℃,2025-12-13 08:00:00,10%平均蒸发温度T10%,延化120万吨/年催化重整装置
841.4,ST040003,<p>kg/m<sup>3</sup></p>,2025-12-13 08:00:00,密度,延化120万吨/年催化重整装置
166.3,ST040003,℃,2025-12-13 08:00:00,90%平均蒸发温度T90%,延化120万吨/年催化重整装置
200.0,ST040003,℃,2025-12-13 08:00:00,终馏点蒸发温度TFBP,延化120万吨/年催化重整装置
0.8,ST040003,<p>%</p>,2025-12-13 08:00:00,平均残留百分数(B),延化120万吨/年催化重整装置
132.5,ST040003,℃,2025-12-13 08:00:00,50%平均蒸发温度T50%,延化120万吨/年催化重整装置
107.3,ST040003,℃,2025-12-14 08:00:00,初馏点蒸发温度 TIBP,延化120万吨/年催化重整装置
118.8,ST040003,℃,2025-12-14 08:00:00,10%平均蒸发温度T10%,延化120万吨/年催化重整装置
132.5,ST040003,℃,2025-12-14 08:00:00,50%平均蒸发温度T50%,延化120万吨/年催化重整装置
839.8,ST040003,<p>kg/m<sup>3</sup></p>,2025-12-14 08:00:00,密度,延化120万吨/年催化重整装置
200.0,ST040003,℃,2025-12-14 08:00:00,终馏点蒸发温度TFBP,延化120万吨/年催化重整装置
98.0,ST040003,<p>%</p>,2025-12-14 08:00:00,全馏,延化120万吨/年催化重整装置
0.8,ST040003,<p>%</p>,2025-12-14 08:00:00,平均残留百分数(B),延化120万吨/年催化重整装置
166.1,ST040003,℃,2025-12-14 08:00:00,90%平均蒸发温度T90%,延化120万吨/年催化重整装置
107.5,ST040003,℃,2025-12-15 08:00:00,初馏点蒸发温度 TIBP,延化120万吨/年催化重整装置
119.3,ST040003,℃,2025-12-15 08:00:00,10%平均蒸发温度T10%,延化120万吨/年催化重整装置
132.5,ST040003,℃,2025-12-15 08:00:00,50%平均蒸发温度T50%,延化120万吨/年催化重整装置
841.1,ST040003,<p>kg/m<sup>3</sup></p>,2025-12-15 08:00:00,密度,延化120万吨/年催化重整装置
200.2,ST040003,℃,2025-12-15 08:00:00,终馏点蒸发温度TFBP,延化120万吨/年催化重整装置
98.0,ST040003,<p>%</p>,2025-12-15 08:00:00,全馏,延化120万吨/年催化重整装置
0.8,ST040003,<p>%</p>,2025-12-15 08:00:00,平均残留百分数(B),延化120万吨/年催化重整装置
166.1,ST040003,℃,2025-12-15 08:00:00,90%平均蒸发温度T90%,延化120万吨/年催化重整装置
200.0,ST040003,℃,2025-12-16 08:00:00,终馏点蒸发温度TFBP,延化120万吨/年催化重整装置
98.0,ST040003,<p>%</p>,2025-12-16 08:00:00,全馏,延化120万吨/年催化重整装置
0.8,ST040003,<p>%</p>,2025-12-16 08:00:00,平均残留百分数(B),延化120万吨/年催化重整装置
132.5,ST040003,℃,2025-12-16 08:00:00,50%平均蒸发温度T50%,延化120万吨/年催化重整装置
166.0,ST040003,℃,2025-12-16 08:00:00,90%平均蒸发温度T90%,延化120万吨/年催化重整装置
106.7,ST040003,℃,2025-12-16 08:00:00,初馏点蒸发温度 TIBP,延化120万吨/年催化重整装置
119.3,ST040003,℃,2025-12-16 08:00:00,10%平均蒸发温度T10%,延化120万吨/年催化重整装置
841.4,ST040003,<p>kg/m<sup>3</sup></p>,2025-12-16 08:00:00,密度,延化120万吨/年催化重整装置
132.5,ST040003,℃,2025-12-17 08:00:00,50%平均蒸发温度T50%,延化120万吨/年催化重整装置
105.9,ST040003,,2025-12-17 08:00:00,模拟法辛烷值,延化120万吨/年催化重整装置
107.5,ST040003,℃,2025-12-17 08:00:00,初馏点蒸发温度 TIBP,延化120万吨/年催化重整装置
119.1,ST040003,℃,2025-12-17 08:00:00,10%平均蒸发温度T10%,延化120万吨/年催化重整装置
166.4,ST040003,℃,2025-12-17 08:00:00,90%平均蒸发温度T90%,延化120万吨/年催化重整装置
200.4,ST040003,℃,2025-12-17 08:00:00,终馏点蒸发温度TFBP,延化120万吨/年催化重整装置
98.0,ST040003,<p>%</p>,2025-12-17 08:00:00,全馏,延化120万吨/年催化重整装置
0.8,ST040003,<p>%</p>,2025-12-17 08:00:00,平均残留百分数(B),延化120万吨/年催化重整装置
3.17,ST040003,<p>%</p>,2025-12-17 08:00:00,正构烷烃,延化120万吨/年催化重整装置
8.57,ST040003,<p>%</p>,2025-12-17 08:00:00,异构烷烃,延化120万吨/年催化重整装置
12.78,ST040003,<p>%</p>,2025-12-17 08:00:00,烷烃含量,延化120万吨/年催化重整装置
0.43,ST040003,<p>%</p>,2025-12-17 08:00:00,烯烃含量,延化120万吨/年催化重整装置
1.04,ST040003,<p>%</p>,2025-12-17 08:00:00,环烷烃含量,延化120万吨/年催化重整装置
86.58,ST040003,<p>%</p>,2025-12-17 08:00:00,芳烃含量,延化120万吨/年催化重整装置
0.21,ST040003,<p>%</p>,2025-12-17 08:00:00,苯含量,延化120万吨/年催化重整装置
841.3,ST040003,<p>kg/m<sup>3</sup></p>,2025-12-17 08:00:00,密度,延化120万吨/年催化重整装置
107.1,ST040003,℃,2025-12-18 08:00:00,初馏点蒸发温度 TIBP,延化120万吨/年催化重整装置
118.6,ST040003,℃,2025-12-18 08:00:00,10%平均蒸发温度T10%,延化120万吨/年催化重整装置
132.3,ST040003,℃,2025-12-18 08:00:00,50%平均蒸发温度T50%,延化120万吨/年催化重整装置
839.2,ST040003,<p>kg/m<sup>3</sup></p>,2025-12-18 08:00:00,密度,延化120万吨/年催化重整装置
200.3,ST040003,℃,2025-12-18 08:00:00,终馏点蒸发温度TFBP,延化120万吨/年催化重整装置
98.0,ST040003,<p>%</p>,2025-12-18 08:00:00,全馏,延化120万吨/年催化重整装置
0.8,ST040003,<p>%</p>,2025-12-18 08:00:00,平均残留百分数(B),延化120万吨/年催化重整装置
166.0,ST040003,℃,2025-12-18 08:00:00,90%平均蒸发温度T90%,延化120万吨/年催化重整装置
98.0,ST040003,<p>%</p>,2025-12-19 08:00:00,全馏,延化120万吨/年催化重整装置
839.6,ST040003,<p>kg/m<sup>3</sup></p>,2025-12-19 08:00:00,密度,延化120万吨/年催化重整装置
107.5,ST040003,℃,2025-12-19 08:00:00,初馏点蒸发温度 TIBP,延化120万吨/年催化重整装置
0.8,ST040003,<p>%</p>,2025-12-19 08:00:00,平均残留百分数(B),延化120万吨/年催化重整装置
132.5,ST040003,℃,2025-12-19 08:00:00,50%平均蒸发温度T50%,延化120万吨/年催化重整装置
166.5,ST040003,℃,2025-12-19 08:00:00,90%平均蒸发温度T90%,延化120万吨/年催化重整装置
200.4,ST040003,℃,2025-12-19 08:00:00,终馏点蒸发温度TFBP,延化120万吨/年催化重整装置
119.0,ST040003,℃,2025-12-19 08:00:00,10%平均蒸发温度T10%,延化120万吨/年催化重整装置
839.8,ST040003,<p>kg/m<sup>3</sup></p>,2025-12-20 08:00:00,密度,延化120万吨/年催化重整装置
166.5,ST040003,℃,2025-12-20 08:00:00,90%平均蒸发温度T90%,延化120万吨/年催化重整装置
107.2,ST040003,℃,2025-12-20 08:00:00,初馏点蒸发温度 TIBP,延化120万吨/年催化重整装置
0.8,ST040003,<p>%</p>,2025-12-20 08:00:00,平均残留百分数(B),延化120万吨/年催化重整装置
132.4,ST040003,℃,2025-12-20 08:00:00,50%平均蒸发温度T50%,延化120万吨/年催化重整装置
200.3,ST040003,℃,2025-12-20 08:00:00,终馏点蒸发温度TFBP,延化120万吨/年催化重整装置
98.0,ST040003,<p>%</p>,2025-12-20 08:00:00,全馏,延化120万吨/年催化重整装置
119.2,ST040003,℃,2025-12-20 08:00:00,10%平均蒸发温度T10%,延化120万吨/年催化重整装置
200.0,ST040003,℃,2025-12-21 08:00:00,终馏点蒸发温度TFBP,延化120万吨/年催化重整装置
840.8,ST040003,<p>kg/m<sup>3</sup></p>,2025-12-21 08:00:00,密度,延化120万吨/年催化重整装置
107.5,ST040003,℃,2025-12-21 08:00:00,初馏点蒸发温度 TIBP,延化120万吨/年催化重整装置
0.8,ST040003,<p>%</p>,2025-12-21 08:00:00,平均残留百分数(B),延化120万吨/年催化重整装置
132.7,ST040003,℃,2025-12-21 08:00:00,50%平均蒸发温度T50%,延化120万吨/年催化重整装置
167.0,ST040003,℃,2025-12-21 08:00:00,90%平均蒸发温度T90%,延化120万吨/年催化重整装置
98.0,ST040003,<p>%</p>,2025-12-21 08:00:00,全馏,延化120万吨/年催化重整装置
119.1,ST040003,℃,2025-12-21 08:00:00,10%平均蒸发温度T10%,延化120万吨/年催化重整装置
839.9,ST040003,<p>kg/m<sup>3</sup></p>,2025-12-22 08:00:00,密度,延化120万吨/年催化重整装置
107.5,ST040003,℃,2025-12-22 08:00:00,初馏点蒸发温度 TIBP,延化120万吨/年催化重整装置
118.9,ST040003,℃,2025-12-22 08:00:00,10%平均蒸发温度T10%,延化120万吨/年催化重整装置
0.8,ST040003,<p>%</p>,2025-12-22 08:00:00,平均残留百分数(B),延化120万吨/年催化重整装置
167.0,ST040003,℃,2025-12-22 08:00:00,90%平均蒸发温度T90%,延化120万吨/年催化重整装置
200.6,ST040003,℃,2025-12-22 08:00:00,终馏点蒸发温度TFBP,延化120万吨/年催化重整装置
98.0,ST040003,<p>%</p>,2025-12-22 08:00:00,全馏,延化120万吨/年催化重整装置
132.7,ST040003,℃,2025-12-22 08:00:00,50%平均蒸发温度T50%,延化120万吨/年催化重整装置
200.7,ST040003,℃,2025-12-23 08:00:00,终馏点蒸发温度TFBP,延化120万吨/年催化重整装置
98.0,ST040003,<p>%</p>,2025-12-23 08:00:00,全馏,延化120万吨/年催化重整装置
0.8,ST040003,<p>%</p>,2025-12-23 08:00:00,平均残留百分数(B),延化120万吨/年催化重整装置
132.8,ST040003,℃,2025-12-23 08:00:00,50%平均蒸发温度T50%,延化120万吨/年催化重整装置
166.7,ST040003,℃,2025-12-23 08:00:00,90%平均蒸发温度T90%,延化120万吨/年催化重整装置
107.1,ST040003,℃,2025-12-23 08:00:00,初馏点蒸发温度 TIBP,延化120万吨/年催化重整装置
120.2,ST040003,℃,2025-12-23 08:00:00,10%平均蒸发温度T10%,延化120万吨/年催化重整装置
843.1,ST040003,<p>kg/m<sup>3</sup></p>,2025-12-23 08:00:00,密度,延化120万吨/年催化重整装置
106.8,ST040003,℃,2025-12-24 08:00:00,初馏点蒸发温度 TIBP,延化120万吨/年催化重整装置
105.7,ST040003,,2025-12-24 08:00:00,模拟法辛烷值,延化120万吨/年催化重整装置
133.0,ST040003,℃,2025-12-24 08:00:00,50%平均蒸发温度T50%,延化120万吨/年催化重整装置
166.9,ST040003,℃,2025-12-24 08:00:00,90%平均蒸发温度T90%,延化120万吨/年催化重整装置
200.6,ST040003,℃,2025-12-24 08:00:00,终馏点蒸发温度TFBP,延化120万吨/年催化重整装置
98.0,ST040003,<p>%</p>,2025-12-24 08:00:00,全馏,延化120万吨/年催化重整装置
0.8,ST040003,<p>%</p>,2025-12-24 08:00:00,平均残留百分数(B),延化120万吨/年催化重整装置
0.99,ST040003,<p>%</p>,2025-12-24 08:00:00,环烷烃含量,延化120万吨/年催化重整装置
844.4,ST040003,<p>kg/m<sup>3</sup></p>,2025-12-24 08:00:00,密度,延化120万吨/年催化重整装置
3.19,ST040003,<p>%</p>,2025-12-24 08:00:00,正构烷烃,延化120万吨/年催化重整装置
7.82,ST040003,<p>%</p>,2025-12-24 08:00:00,异构烷烃,延化120万吨/年催化重整装置
12.00,ST040003,<p>%</p>,2025-12-24 08:00:00,烷烃含量,延化120万吨/年催化重整装置
0.43,ST040003,<p>%</p>,2025-12-24 08:00:00,烯烃含量,延化120万吨/年催化重整装置
87.51,ST040003,<p>%</p>,2025-12-24 08:00:00,芳烃含量,延化120万吨/年催化重整装置
0.19,ST040003,<p>%</p>,2025-12-24 08:00:00,苯含量,延化120万吨/年催化重整装置
121.7,ST040003,℃,2025-12-24 08:00:00,10%平均蒸发温度T10%,延化120万吨/年催化重整装置
132.7,ST040003,℃,2025-12-25 08:00:00,50%平均蒸发温度T50%,延化120万吨/年催化重整装置
844.1,ST040003,<p>kg/m<sup>3</sup></p>,2025-12-25 08:00:00,密度,延化120万吨/年催化重整装置
106.8,ST040003,℃,2025-12-25 08:00:00,初馏点蒸发温度 TIBP,延化120万吨/年催化重整装置
0.8,ST040003,<p>%</p>,2025-12-25 08:00:00,平均残留百分数(B),延化120万吨/年催化重整装置
166.4,ST040003,℃,2025-12-25 08:00:00,90%平均蒸发温度T90%,延化120万吨/年催化重整装置
200.4,ST040003,℃,2025-12-25 08:00:00,终馏点蒸发温度TFBP,延化120万吨/年催化重整装置
98.0,ST040003,<p>%</p>,2025-12-25 08:00:00,全馏,延化120万吨/年催化重整装置
121.1,ST040003,℃,2025-12-25 08:00:00,10%平均蒸发温度T10%,延化120万吨/年催化重整装置
167.5,ST040003,℃,2025-12-26 08:00:00,90%平均蒸发温度T90%,延化120万吨/年催化重整装置
98.0,ST040003,<p>%</p>,2025-12-26 08:00:00,全馏,延化120万吨/年催化重整装置
0.8,ST040003,<p>%</p>,2025-12-26 08:00:00,平均残留百分数(B),延化120万吨/年催化重整装置
845.8,ST040003,<p>kg/m<sup>3</sup></p>,2025-12-26 08:00:00,密度,延化120万吨/年催化重整装置
121.9,ST040003,℃,2025-12-26 08:00:00,10%平均蒸发温度T10%,延化120万吨/年催化重整装置
133.0,ST040003,℃,2025-12-26 08:00:00,50%平均蒸发温度T50%,延化120万吨/年催化重整装置
200.9,ST040003,℃,2025-12-26 08:00:00,终馏点蒸发温度TFBP,延化120万吨/年催化重整装置
107.0,ST040003,℃,2025-12-26 08:00:00,初馏点蒸发温度 TIBP,延化120万吨/年催化重整装置
844.1,ST040003,<p>kg/m<sup>3</sup></p>,2025-12-27 08:00:00,密度,延化120万吨/年催化重整装置
107.1,ST040003,℃,2025-12-27 08:00:00,初馏点蒸发温度 TIBP,延化120万吨/年催化重整装置
121.3,ST040003,℃,2025-12-27 08:00:00,10%平均蒸发温度T10%,延化120万吨/年催化重整装置
0.8,ST040003,<p>%</p>,2025-12-27 08:00:00,平均残留百分数(B),延化120万吨/年催化重整装置
166.7,ST040003,℃,2025-12-27 08:00:00,90%平均蒸发温度T90%,延化120万吨/年催化重整装置
200.6,ST040003,℃,2025-12-27 08:00:00,终馏点蒸发温度TFBP,延化120万吨/年催化重整装置
98.0,ST040003,<p>%</p>,2025-12-27 08:00:00,全馏,延化120万吨/年催化重整装置
132.9,ST040003,℃,2025-12-27 08:00:00,50%平均蒸发温度T50%,延化120万吨/年催化重整装置
843.8,ST040003,<p>kg/m<sup>3</sup></p>,2025-12-28 08:00:00,密度,延化120万吨/年催化重整装置
107.3,ST040003,℃,2025-12-28 08:00:00,初馏点蒸发温度 TIBP,延化120万吨/年催化重整装置
119.9,ST040003,℃,2025-12-28 08:00:00,10%平均蒸发温度T10%,延化120万吨/年催化重整装置
0.8,ST040003,<p>%</p>,2025-12-28 08:00:00,平均残留百分数(B),延化120万吨/年催化重整装置
167.3,ST040003,℃,2025-12-28 08:00:00,90%平均蒸发温度T90%,延化120万吨/年催化重整装置
200.8,ST040003,℃,2025-12-28 08:00:00,终馏点蒸发温度TFBP,延化120万吨/年催化重整装置
98.0,ST040003,<p>%</p>,2025-12-28 08:00:00,全馏,延化120万吨/年催化重整装置
132.7,ST040003,℃,2025-12-28 08:00:00,50%平均蒸发温度T50%,延化120万吨/年催化重整装置
134.1,ST040003,℃,2025-12-29 08:00:00,50%平均蒸发温度T50%,延化120万吨/年催化重整装置
847.7,ST040003,<p>kg/m<sup>3</sup></p>,2025-12-29 08:00:00,密度,延化120万吨/年催化重整装置
107.3,ST040003,℃,2025-12-29 08:00:00,初馏点蒸发温度 TIBP,延化120万吨/年催化重整装置
0.8,ST040003,<p>%</p>,2025-12-29 08:00:00,平均残留百分数(B),延化120万吨/年催化重整装置
167.9,ST040003,℃,2025-12-29 08:00:00,90%平均蒸发温度T90%,延化120万吨/年催化重整装置
200.8,ST040003,℃,2025-12-29 08:00:00,终馏点蒸发温度TFBP,延化120万吨/年催化重整装置
98.0,ST040003,<p>%</p>,2025-12-29 08:00:00,全馏,延化120万吨/年催化重整装置
122.8,ST040003,℃,2025-12-29 08:00:00,10%平均蒸发温度T10%,延化120万吨/年催化重整装置
166.6,ST040003,℃,2025-12-30 08:00:00,90%平均蒸发温度T90%,延化120万吨/年催化重整装置
200.6,ST040003,℃,2025-12-30 08:00:00,终馏点蒸发温度TFBP,延化120万吨/年催化重整装置
98.0,ST040003,<p>%</p>,2025-12-30 08:00:00,全馏,延化120万吨/年催化重整装置
119.3,ST040003,℃,2025-12-30 08:00:00,10%平均蒸发温度T10%,延化120万吨/年催化重整装置
132.5,ST040003,℃,2025-12-30 08:00:00,50%平均蒸发温度T50%,延化120万吨/年催化重整装置
842.5,ST040003,<p>kg/m<sup>3</sup></p>,2025-12-30 08:00:00,密度,延化120万吨/年催化重整装置
107.3,ST040003,℃,2025-12-30 08:00:00,初馏点蒸发温度 TIBP,延化120万吨/年催化重整装置
0.8,ST040003,<p>%</p>,2025-12-30 08:00:00,平均残留百分数(B),延化120万吨/年催化重整装置
107.5,ST040003,℃,2025-12-31 08:00:00,初馏点蒸发温度 TIBP,延化120万吨/年催化重整装置
105.3,ST040003,,2025-12-31 08:00:00,模拟法辛烷值,延化120万吨/年催化重整装置
98.0,ST040003,<p>%</p>,2025-12-31 08:00:00,全馏,延化120万吨/年催化重整装置
0.8,ST040003,<p>%</p>,2025-12-31 08:00:00,平均残留百分数(B),延化120万吨/年催化重整装置
119.3,ST040003,℃,2025-12-31 08:00:00,10%平均蒸发温度T10%,延化120万吨/年催化重整装置
132.6,ST040003,℃,2025-12-31 08:00:00,50%平均蒸发温度T50%,延化120万吨/年催化重整装置
166.8,ST040003,℃,2025-12-31 08:00:00,90%平均蒸发温度T90%,延化120万吨/年催化重整装置
200.8,ST040003,℃,2025-12-31 08:00:00,终馏点蒸发温度TFBP,延化120万吨/年催化重整装置
87.15,ST040003,<p>%</p>,2025-12-31 08:00:00,芳烃含量,延化120万吨/年催化重整装置
3.20,ST040003,<p>%</p>,2025-12-31 08:00:00,正构烷烃,延化120万吨/年催化重整装置
8.14,ST040003,<p>%</p>,2025-12-31 08:00:00,异构烷烃,延化120万吨/年催化重整装置
12.39,ST040003,<p>%</p>,2025-12-31 08:00:00,烷烃含量,延化120万吨/年催化重整装置
0.46,ST040003,<p>%</p>,2025-12-31 08:00:00,烯烃含量,延化120万吨/年催化重整装置
1.05,ST040003,<p>%</p>,2025-12-31 08:00:00,环烷烃含量,延化120万吨/年催化重整装置
0.21,ST040003,<p>%</p>,2025-12-31 08:00:00,苯含量,延化120万吨/年催化重整装置
842.7,ST040003,<p>kg/m<sup>3</sup></p>,2025-12-31 08:00:00,密度,延化120万吨/年催化重整装置
166.2,ST040003,℃,2026-01-01 08:00:00,90%平均蒸发温度T90%,延化120万吨/年催化重整装置
107.3,ST040003,℃,2026-01-01 08:00:00,初馏点蒸发温度 TIBP,延化120万吨/年催化重整装置
120.0,ST040003,℃,2026-01-01 08:00:00,10%平均蒸发温度T10%,延化120万吨/年催化重整装置
841.9,ST040003,<p>kg/m<sup>3</sup></p>,2026-01-01 08:00:00,密度,延化120万吨/年催化重整装置
200.6,ST040003,℃,2026-01-01 08:00:00,终馏点蒸发温度TFBP,延化120万吨/年催化重整装置
98.0,ST040003,<p>%</p>,2026-01-01 08:00:00,全馏,延化120万吨/年催化重整装置
0.8,ST040003,<p>%</p>,2026-01-01 08:00:00,平均残留百分数(B),延化120万吨/年催化重整装置
132.5,ST040003,℃,2026-01-01 08:00:00,50%平均蒸发温度T50%,延化120万吨/年催化重整装置
109.8,ST040003,℃,2026-01-02 08:00:00,初馏点蒸发温度 TIBP,延化120万吨/年催化重整装置
117.4,ST040003,℃,2026-01-02 08:00:00,10%平均蒸发温度T10%,延化120万吨/年催化重整装置
127.8,ST040003,℃,2026-01-02 08:00:00,50%平均蒸发温度T50%,延化120万吨/年催化重整装置
843.8,ST040003,<p>kg/m<sup>3</sup></p>,2026-01-02 08:00:00,密度,延化120万吨/年催化重整装置
199.7,ST040003,℃,2026-01-02 08:00:00,终馏点蒸发温度TFBP,延化120万吨/年催化重整装置
98.0,ST040003,<p>%</p>,2026-01-02 08:00:00,全馏,延化120万吨/年催化重整装置
0.8,ST040003,<p>%</p>,2026-01-02 08:00:00,平均残留百分数(B),延化120万吨/年催化重整装置
167.1,ST040003,℃,2026-01-02 08:00:00,90%平均蒸发温度T90%,延化120万吨/年催化重整装置
0.8,ST040003,<p>%</p>,2026-01-03 08:00:00,平均残留百分数(B),延化120万吨/年催化重整装置
843.2,ST040003,<p>kg/m<sup>3</sup></p>,2026-01-03 08:00:00,密度,延化120万吨/年催化重整装置
107.5,ST040003,℃,2026-01-03 08:00:00,初馏点蒸发温度 TIBP,延化120万吨/年催化重整装置
98.0,ST040003,<p>%</p>,2026-01-03 08:00:00,全馏,延化120万吨/年催化重整装置
134.0,ST040003,℃,2026-01-03 08:00:00,50%平均蒸发温度T50%,延化120万吨/年催化重整装置
168.8,ST040003,℃,2026-01-03 08:00:00,90%平均蒸发温度T90%,延化120万吨/年催化重整装置
201.4,ST040003,℃,2026-01-03 08:00:00,终馏点蒸发温度TFBP,延化120万吨/年催化重整装置
121.1,ST040003,℃,2026-01-03 08:00:00,10%平均蒸发温度T10%,延化120万吨/年催化重整装置
107.2,ST040003,℃,2026-01-04 08:00:00,初馏点蒸发温度 TIBP,延化120万吨/年催化重整装置
119.5,ST040003,℃,2026-01-04 08:00:00,10%平均蒸发温度T10%,延化120万吨/年催化重整装置
132.6,ST040003,℃,2026-01-04 08:00:00,50%平均蒸发温度T50%,延化120万吨/年催化重整装置
843.6,ST040003,<p>kg/m<sup>3</sup></p>,2026-01-04 08:00:00,密度,延化120万吨/年催化重整装置
201.1,ST040003,℃,2026-01-04 08:00:00,终馏点蒸发温度TFBP,延化120万吨/年催化重整装置
98.0,ST040003,<p>%</p>,2026-01-04 08:00:00,全馏,延化120万吨/年催化重整装置
0.8,ST040003,<p>%</p>,2026-01-04 08:00:00,平均残留百分数(B),延化120万吨/年催化重整装置
166.6,ST040003,℃,2026-01-04 08:00:00,90%平均蒸发温度T90%,延化120万吨/年催化重整装置
107.6,ST040003,℃,2026-01-05 08:00:00,初馏点蒸发温度 TIBP,延化120万吨/年催化重整装置
119.3,ST040003,℃,2026-01-05 08:00:00,10%平均蒸发温度T10%,延化120万吨/年催化重整装置
132.9,ST040003,℃,2026-01-05 08:00:00,50%平均蒸发温度T50%,延化120万吨/年催化重整装置
841.0,ST040003,<p>kg/m<sup>3</sup></p>,2026-01-05 08:00:00,密度,延化120万吨/年催化重整装置
201.2,ST040003,℃,2026-01-05 08:00:00,终馏点蒸发温度TFBP,延化120万吨/年催化重整装置
98.0,ST040003,<p>%</p>,2026-01-05 08:00:00,全馏,延化120万吨/年催化重整装置
0.8,ST040003,<p>%</p>,2026-01-05 08:00:00,平均残留百分数(B),延化120万吨/年催化重整装置
167.9,ST040003,℃,2026-01-05 08:00:00,90%平均蒸发温度T90%,延化120万吨/年催化重整装置
167.9,ST040003,℃,2026-01-06 08:00:00,90%平均蒸发温度T90%,延化120万吨/年催化重整装置
107.6,ST040003,℃,2026-01-06 08:00:00,初馏点蒸发温度 TIBP,延化120万吨/年催化重整装置
119.4,ST040003,℃,2026-01-06 08:00:00,10%平均蒸发温度T10%,延化120万吨/年催化重整装置
841.4,ST040003,<p>kg/m<sup>3</sup></p>,2026-01-06 08:00:00,密度,延化120万吨/年催化重整装置
201.1,ST040003,℃,2026-01-06 08:00:00,终馏点蒸发温度TFBP,延化120万吨/年催化重整装置
98.0,ST040003,<p>%</p>,2026-01-06 08:00:00,全馏,延化120万吨/年催化重整装置
0.8,ST040003,<p>%</p>,2026-01-06 08:00:00,平均残留百分数(B),延化120万吨/年催化重整装置
133.5,ST040003,℃,2026-01-06 08:00:00,50%平均蒸发温度T50%,延化120万吨/年催化重整装置
0.98,ST040003,<p>%</p>,2026-01-07 08:00:00,环烷烃含量,延化120万吨/年催化重整装置
0.8,ST040003,<p>%</p>,2026-01-07 08:00:00,平均残留百分数(B),延化120万吨/年催化重整装置
7.54,ST040003,<p>%</p>,2026-01-07 08:00:00,异构烷烃,延化120万吨/年催化重整装置
11.55,ST040003,<p>%</p>,2026-01-07 08:00:00,烷烃含量,延化120万吨/年催化重整装置
0.42,ST040003,<p>%</p>,2026-01-07 08:00:00,烯烃含量,延化120万吨/年催化重整装置
87.77,ST040003,<p>%</p>,2026-01-07 08:00:00,芳烃含量,延化120万吨/年催化重整装置
0.20,ST040003,<p>%</p>,2026-01-07 08:00:00,苯含量,延化120万吨/年催化重整装置
106.6,ST040003,,2026-01-07 08:00:00,模拟法辛烷值,延化120万吨/年催化重整装置
200.9,ST040003,℃,2026-01-07 08:00:00,终馏点蒸发温度TFBP,延化120万吨/年催化重整装置
844.5,ST040003,<p>kg/m<sup>3</sup></p>,2026-01-07 08:00:00,密度,延化120万吨/年催化重整装置
107.0,ST040003,℃,2026-01-07 08:00:00,初馏点蒸发温度 TIBP,延化120万吨/年催化重整装置
121.3,ST040003,℃,2026-01-07 08:00:00,10%平均蒸发温度T10%,延化120万吨/年催化重整装置
132.4,ST040003,℃,2026-01-07 08:00:00,50%平均蒸发温度T50%,延化120万吨/年催化重整装置
166.3,ST040003,℃,2026-01-07 08:00:00,90%平均蒸发温度T90%,延化120万吨/年催化重整装置
98.0,ST040003,<p>%</p>,2026-01-07 08:00:00,全馏,延化120万吨/年催化重整装置
3.03,ST040003,<p>%</p>,2026-01-07 08:00:00,正构烷烃,延化120万吨/年催化重整装置
166.4,ST040003,℃,2026-01-08 08:00:00,90%平均蒸发温度T90%,延化120万吨/年催化重整装置
843.1,ST040003,<p>kg/m<sup>3</sup></p>,2026-01-08 08:00:00,密度,延化120万吨/年催化重整装置
106.9,ST040003,℃,2026-01-08 08:00:00,初馏点蒸发温度 TIBP,延化120万吨/年催化重整装置
0.8,ST040003,<p>%</p>,2026-01-08 08:00:00,平均残留百分数(B),延化120万吨/年催化重整装置
132.4,ST040003,℃,2026-01-08 08:00:00,50%平均蒸发温度T50%,延化120万吨/年催化重整装置
201.0,ST040003,℃,2026-01-08 08:00:00,终馏点蒸发温度TFBP,延化120万吨/年催化重整装置
98.0,ST040003,<p>%</p>,2026-01-08 08:00:00,全馏,延化120万吨/年催化重整装置
121.6,ST040003,℃,2026-01-08 08:00:00,10%平均蒸发温度T10%,延化120万吨/年催化重整装置
842.7,ST040003,<p>kg/m<sup>3</sup></p>,2026-01-09 08:00:00,密度,延化120万吨/年催化重整装置
166.6,ST040003,℃,2026-01-09 08:00:00,90%平均蒸发温度T90%,延化120万吨/年催化重整装置
104.7,ST040003,℃,2026-01-09 08:00:00,初馏点蒸发温度 TIBP,延化120万吨/年催化重整装置
0.8,ST040003,<p>%</p>,2026-01-09 08:00:00,平均残留百分数(B),延化120万吨/年催化重整装置
132.5,ST040003,℃,2026-01-09 08:00:00,50%平均蒸发温度T50%,延化120万吨/年催化重整装置
200.8,ST040003,℃,2026-01-09 08:00:00,终馏点蒸发温度TFBP,延化120万吨/年催化重整装置
98.0,ST040003,<p>%</p>,2026-01-09 08:00:00,全馏,延化120万吨/年催化重整装置
119.0,ST040003,℃,2026-01-09 08:00:00,10%平均蒸发温度T10%,延化120万吨/年催化重整装置
844.3,ST040003,<p>kg/m<sup>3</sup></p>,2026-01-10 08:00:00,密度,延化120万吨/年催化重整装置
107.0,ST040003,℃,2026-01-10 08:00:00,初馏点蒸发温度 TIBP,延化120万吨/年催化重整装置
121.5,ST040003,℃,2026-01-10 08:00:00,10%平均蒸发温度T10%,延化120万吨/年催化重整装置
0.8,ST040003,<p>%</p>,2026-01-10 08:00:00,平均残留百分数(B),延化120万吨/年催化重整装置
168.6,ST040003,℃,2026-01-10 08:00:00,90%平均蒸发温度T90%,延化120万吨/年催化重整装置
201.4,ST040003,℃,2026-01-10 08:00:00,终馏点蒸发温度TFBP,延化120万吨/年催化重整装置
98.0,ST040003,<p>%</p>,2026-01-10 08:00:00,全馏,延化120万吨/年催化重整装置
133.1,ST040003,℃,2026-01-10 08:00:00,50%平均蒸发温度T50%,延化120万吨/年催化重整装置
98.0,ST040003,<p>%</p>,2026-01-11 08:00:00,全馏,延化120万吨/年催化重整装置
844.8,ST040003,<p>kg/m<sup>3</sup></p>,2026-01-11 08:00:00,密度,延化120万吨/年催化重整装置
107.3,ST040003,℃,2026-01-11 08:00:00,初馏点蒸发温度 TIBP,延化120万吨/年催化重整装置
119.3,ST040003,℃,2026-01-11 08:00:00,10%平均蒸发温度T10%,延化120万吨/年催化重整装置
132.4,ST040003,℃,2026-01-11 08:00:00,50%平均蒸发温度T50%,延化120万吨/年催化重整装置
166.8,ST040003,℃,2026-01-11 08:00:00,90%平均蒸发温度T90%,延化120万吨/年催化重整装置
201.1,ST040003,℃,2026-01-11 08:00:00,终馏点蒸发温度TFBP,延化120万吨/年催化重整装置
0.8,ST040003,<p>%</p>,2026-01-11 08:00:00,平均残留百分数(B),延化120万吨/年催化重整装置
165.8,ST040003,℃,2026-01-12 08:00:00,90%平均蒸发温度T90%,延化120万吨/年催化重整装置
106.3,ST040003,℃,2026-01-12 08:00:00,初馏点蒸发温度 TIBP,延化120万吨/年催化重整装置
119.2,ST040003,℃,2026-01-12 08:00:00,10%平均蒸发温度T10%,延化120万吨/年催化重整装置
844.5,ST040003,<p>kg/m<sup>3</sup></p>,2026-01-12 08:00:00,密度,延化120万吨/年催化重整装置
200.4,ST040003,℃,2026-01-12 08:00:00,终馏点蒸发温度TFBP,延化120万吨/年催化重整装置
98.0,ST040003,<p>%</p>,2026-01-12 08:00:00,全馏,延化120万吨/年催化重整装置
0.8,ST040003,<p>%</p>,2026-01-12 08:00:00,平均残留百分数(B),延化120万吨/年催化重整装置
133.6,ST040003,℃,2026-01-12 08:00:00,50%平均蒸发温度T50%,延化120万吨/年催化重整装置
167.9,ST040003,℃,2026-01-13 08:00:00,90%平均蒸发温度T90%,延化120万吨/年催化重整装置
107.5,ST040003,℃,2026-01-13 08:00:00,初馏点蒸发温度 TIBP,延化120万吨/年催化重整装置
119.1,ST040003,℃,2026-01-13 08:00:00,10%平均蒸发温度T10%,延化120万吨/年催化重整装置
844.2,ST040003,<p>kg/m<sup>3</sup></p>,2026-01-13 08:00:00,密度,延化120万吨/年催化重整装置
201.6,ST040003,℃,2026-01-13 08:00:00,终馏点蒸发温度TFBP,延化120万吨/年催化重整装置
98.0,ST040003,<p>%</p>,2026-01-13 08:00:00,全馏,延化120万吨/年催化重整装置
0.8,ST040003,<p>%</p>,2026-01-13 08:00:00,平均残留百分数(B),延化120万吨/年催化重整装置
132.7,ST040003,℃,2026-01-13 08:00:00,50%平均蒸发温度T50%,延化120万吨/年催化重整装置
132.8,ST040003,℃,2026-01-14 08:00:00,50%平均蒸发温度T50%,延化120万吨/年催化重整装置
105.2,ST040003,,2026-01-14 08:00:00,模拟法辛烷值,延化120万吨/年催化重整装置
107.2,ST040003,℃,2026-01-14 08:00:00,初馏点蒸发温度 TIBP,延化120万吨/年催化重整装置
120.2,ST040003,℃,2026-01-14 08:00:00,10%平均蒸发温度T10%,延化120万吨/年催化重整装置
167.7,ST040003,℃,2026-01-14 08:00:00,90%平均蒸发温度T90%,延化120万吨/年催化重整装置
201.0,ST040003,℃,2026-01-14 08:00:00,终馏点蒸发温度TFBP,延化120万吨/年催化重整装置
98.0,ST040003,<p>%</p>,2026-01-14 08:00:00,全馏,延化120万吨/年催化重整装置
0.8,ST040003,<p>%</p>,2026-01-14 08:00:00,平均残留百分数(B),延化120万吨/年催化重整装置
0.44,ST040003,<p>%</p>,2026-01-14 08:00:00,烯烃含量,延化120万吨/年催化重整装置
3.23,ST040003,<p>%</p>,2026-01-14 08:00:00,正构烷烃,延化120万吨/年催化重整装置
8.20,ST040003,<p>%</p>,2026-01-14 08:00:00,异构烷烃,延化120万吨/年催化重整装置
12.44,ST040003,<p>%</p>,2026-01-14 08:00:00,烷烃含量,延化120万吨/年催化重整装置
1.01,ST040003,<p>%</p>,2026-01-14 08:00:00,环烷烃含量,延化120万吨/年催化重整装置
87.09,ST040003,<p>%</p>,2026-01-14 08:00:00,芳烃含量,延化120万吨/年催化重整装置
0.22,ST040003,<p>%</p>,2026-01-14 08:00:00,苯含量,延化120万吨/年催化重整装置
844.5,ST040003,<p>kg/m<sup>3</sup></p>,2026-01-14 08:00:00,密度,延化120万吨/年催化重整装置
107.1,ST040003,℃,2026-01-15 08:00:00,初馏点蒸发温度 TIBP,延化120万吨/年催化重整装置
122.2,ST040003,℃,2026-01-15 08:00:00,10%平均蒸发温度T10%,延化120万吨/年催化重整装置
133.5,ST040003,℃,2026-01-15 08:00:00,50%平均蒸发温度T50%,延化120万吨/年催化重整装置
845.2,ST040003,<p>kg/m<sup>3</sup></p>,2026-01-15 08:00:00,密度,延化120万吨/年催化重整装置
201.8,ST040003,℃,2026-01-15 08:00:00,终馏点蒸发温度TFBP,延化120万吨/年催化重整装置
98.0,ST040003,<p>%</p>,2026-01-15 08:00:00,全馏,延化120万吨/年催化重整装置
0.8,ST040003,<p>%</p>,2026-01-15 08:00:00,平均残留百分数(B),延化120万吨/年催化重整装置
168.1,ST040003,℃,2026-01-15 08:00:00,90%平均蒸发温度T90%,延化120万吨/年催化重整装置
842.2,ST040003,<p>kg/m<sup>3</sup></p>,2026-01-16 08:00:00,密度,延化120万吨/年催化重整装置
167.6,ST040003,℃,2026-01-16 08:00:00,90%平均蒸发温度T90%,延化120万吨/年催化重整装置
106.6,ST040003,℃,2026-01-16 08:00:00,初馏点蒸发温度 TIBP,延化120万吨/年催化重整装置
0.8,ST040003,<p>%</p>,2026-01-16 08:00:00,平均残留百分数(B),延化120万吨/年催化重整装置
133.0,ST040003,℃,2026-01-16 08:00:00,50%平均蒸发温度T50%,延化120万吨/年催化重整装置
201.8,ST040003,℃,2026-01-16 08:00:00,终馏点蒸发温度TFBP,延化120万吨/年催化重整装置
98.0,ST040003,<p>%</p>,2026-01-16 08:00:00,全馏,延化120万吨/年催化重整装置
119.9,ST040003,℃,2026-01-16 08:00:00,10%平均蒸发温度T10%,延化120万吨/年催化重整装置
0.8,ST040003,<p>%</p>,2026-01-17 08:00:00,平均残留百分数(B),延化120万吨/年催化重整装置
98.0,ST040003,<p>%</p>,2026-01-17 08:00:00,全馏,延化120万吨/年催化重整装置
202.0,ST040003,℃,2026-01-17 08:00:00,终馏点蒸发温度TFBP,延化120万吨/年催化重整装置
167.7,ST040003,℃,2026-01-17 08:00:00,90%平均蒸发温度T90%,延化120万吨/年催化重整装置
133.1,ST040003,℃,2026-01-17 08:00:00,50%平均蒸发温度T50%,延化120万吨/年催化重整装置
119.9,ST040003,℃,2026-01-17 08:00:00,10%平均蒸发温度T10%,延化120万吨/年催化重整装置
107.3,ST040003,℃,2026-01-17 08:00:00,初馏点蒸发温度 TIBP,延化120万吨/年催化重整装置
843.2,ST040003,<p>kg/m<sup>3</sup></p>,2026-01-17 08:00:00,密度,延化120万吨/年催化重整装置
98.4,ST040003,<p>%</p>,2026-01-17 23:16:00,校正回收百分数(RC),延化120万吨/年催化重整装置
98.4,ST040003,<p>%</p>,2026-01-17 23:16:00,全馏,延化120万吨/年催化重整装置
98.4,ST040003,<p>%</p>,2026-01-17 23:16:00,校正回收百分数(RC),延化120万吨/年催化重整装置
0.8,ST040003,<p>%</p>,2026-01-17 23:16:00,校正损失百分数(LC),延化120万吨/年催化重整装置
0.8,ST040003,<p>%</p>,2026-01-17 23:16:00,校正损失百分数(LC),延化120万吨/年催化重整装置
63.5,ST040003,℃,2026-01-17 23:16:00,初馏点蒸发温度 TIBP,延化120万吨/年催化重整装置
127.0,ST040003,℃,2026-01-17 23:16:00,50%平均蒸发温度T50%,延化120万吨/年催化重整装置
162.5,ST040003,℃,2026-01-17 23:16:00,90%平均蒸发温度T90%,延化120万吨/年催化重整装置
202.5,ST040003,℃,2026-01-17 23:16:00,终馏点蒸发温度TFBP,延化120万吨/年催化重整装置
96.0,ST040003,℃,2026-01-17 23:16:00,10%平均蒸发温度T10%,延化120万吨/年催化重整装置
820.7,ST040003,<p>kg/m<sup>3</sup></p>,2026-01-17 23:16:00,密度,延化120万吨/年催化重整装置
845.0,ST040003,<p>kg/m<sup>3</sup></p>,2026-01-18 00:57:00,密度,延化120万吨/年催化重整装置
121.1,ST040003,℃,2026-01-18 08:00:00,10%平均蒸发温度T10%,延化120万吨/年催化重整装置
138.1,ST040003,℃,2026-01-18 08:00:00,50%平均蒸发温度T50%,延化120万吨/年催化重整装置
168.9,ST040003,℃,2026-01-18 08:00:00,90%平均蒸发温度T90%,延化120万吨/年催化重整装置
106.9,ST040003,℃,2026-01-18 08:00:00,初馏点蒸发温度 TIBP,延化120万吨/年催化重整装置
202.8,ST040003,℃,2026-01-18 08:00:00,终馏点蒸发温度TFBP,延化120万吨/年催化重整装置
98.0,ST040003,<p>%</p>,2026-01-18 08:00:00,全馏,延化120万吨/年催化重整装置
0.8,ST040003,<p>%</p>,2026-01-18 08:00:00,平均残留百分数(B),延化120万吨/年催化重整装置
845.4,ST040003,<p>kg/m<sup>3</sup></p>,2026-01-18 08:00:00,密度,延化120万吨/年催化重整装置
104.7,ST040003,,2026-01-18 08:00:00,模拟法辛烷值,延化120万吨/年催化重整装置
103.9,ST040003,,2026-01-18 11:00:00,模拟法辛烷值,延化120万吨/年催化重整装置
848.1,ST040003,<p>kg/m<sup>3</sup></p>,2026-01-19 08:00:00,密度,延化120万吨/年催化重整装置
107.1,ST040003,℃,2026-01-19 08:00:00,初馏点蒸发温度 TIBP,延化120万吨/年催化重整装置
122.6,ST040003,℃,2026-01-19 08:00:00,10%平均蒸发温度T10%,延化120万吨/年催化重整装置
0.8,ST040003,<p>%</p>,2026-01-19 08:00:00,平均残留百分数(B),延化120万吨/年催化重整装置
169.9,ST040003,℃,2026-01-19 08:00:00,90%平均蒸发温度T90%,延化120万吨/年催化重整装置
203.6,ST040003,℃,2026-01-19 08:00:00,终馏点蒸发温度TFBP,延化120万吨/年催化重整装置
98.0,ST040003,<p>%</p>,2026-01-19 08:00:00,全馏,延化120万吨/年催化重整装置
142.3,ST040003,℃,2026-01-19 08:00:00,50%平均蒸发温度T50%,延化120万吨/年催化重整装置
847.9,ST040003,<p>kg/m<sup>3</sup></p>,2026-01-20 08:00:00,密度,延化120万吨/年催化重整装置
107.1,ST040003,℃,2026-01-20 08:00:00,初馏点蒸发温度 TIBP,延化120万吨/年催化重整装置
122.4,ST040003,℃,2026-01-20 08:00:00,10%平均蒸发温度T10%,延化120万吨/年催化重整装置
0.8,ST040003,<p>%</p>,2026-01-20 08:00:00,平均残留百分数(B),延化120万吨/年催化重整装置
170.0,ST040003,℃,2026-01-20 08:00:00,90%平均蒸发温度T90%,延化120万吨/年催化重整装置
203.7,ST040003,℃,2026-01-20 08:00:00,终馏点蒸发温度TFBP,延化120万吨/年催化重整装置
98.0,ST040003,<p>%</p>,2026-01-20 08:00:00,全馏,延化120万吨/年催化重整装置
142.3,ST040003,℃,2026-01-20 08:00:00,50%平均蒸发温度T50%,延化120万吨/年催化重整装置
842.1,ST040003,<p>kg/m<sup>3</sup></p>,2026-01-21 08:00:00,密度,延化120万吨/年催化重整装置
105,ST040003,,2026-01-21 08:00:00,模拟法辛烷值,延化120万吨/年催化重整装置
118.8,ST040003,℃,2026-01-21 08:00:00,10%平均蒸发温度T10%,延化120万吨/年催化重整装置
137.9,ST040003,℃,2026-01-21 08:00:00,50%平均蒸发温度T50%,延化120万吨/年催化重整装置
169.0,ST040003,℃,2026-01-21 08:00:00,90%平均蒸发温度T90%,延化120万吨/年催化重整装置
202.9,ST040003,℃,2026-01-21 08:00:00,终馏点蒸发温度TFBP,延化120万吨/年催化重整装置
98.0,ST040003,<p>%</p>,2026-01-21 08:00:00,全馏,延化120万吨/年催化重整装置
0.8,ST040003,<p>%</p>,2026-01-21 08:00:00,平均残留百分数(B),延化120万吨/年催化重整装置
3.01,ST040003,<p>%</p>,2026-01-21 08:00:00,正构烷烃,延化120万吨/年催化重整装置
8.74,ST040003,<p>%</p>,2026-01-21 08:00:00,异构烷烃,延化120万吨/年催化重整装置
12.97,ST040003,<p>%</p>,2026-01-21 08:00:00,烷烃含量,延化120万吨/年催化重整装置
0.46,ST040003,<p>%</p>,2026-01-21 08:00:00,烯烃含量,延化120万吨/年催化重整装置
1.22,ST040003,<p>%</p>,2026-01-21 08:00:00,环烷烃含量,延化120万吨/年催化重整装置
86.16,ST040003,<p>%</p>,2026-01-21 08:00:00,芳烃含量,延化120万吨/年催化重整装置
0.22,ST040003,<p>%</p>,2026-01-21 08:00:00,苯含量,延化120万吨/年催化重整装置
106.9,ST040003,℃,2026-01-21 08:00:00,初馏点蒸发温度 TIBP,延化120万吨/年催化重整装置
203.0,ST040003,℃,2026-01-22 08:00:00,终馏点蒸发温度TFBP,延化120万吨/年催化重整装置
98.4,ST040003,<p>%</p>,2026-01-22 08:00:00,全馏,延化120万吨/年催化重整装置
107.0,ST040003,℃,2026-01-22 08:00:00,初馏点蒸发温度 TIBP,延化120万吨/年催化重整装置
843.4,ST040003,<p>kg/m<sup>3</sup></p>,2026-01-22 08:00:00,密度,延化120万吨/年催化重整装置
98.4,ST040003,<p>%</p>,2026-01-22 08:00:00,校正回收百分数(RC),延化120万吨/年催化重整装置
165.5,ST040003,℃,2026-01-22 08:00:00,90%平均蒸发温度T90%,延化120万吨/年催化重整装置
0.8,ST040003,<p>%</p>,2026-01-22 08:00:00,校正损失百分数(LC),延化120万吨/年催化重整装置
0.8,ST040003,<p>%</p>,2026-01-22 08:00:00,校正损失百分数(LC),延化120万吨/年催化重整装置
116.0,ST040003,℃,2026-01-22 08:00:00,10%平均蒸发温度T10%,延化120万吨/年催化重整装置
135.0,ST040003,℃,2026-01-22 08:00:00,50%平均蒸发温度T50%,延化120万吨/年催化重整装置
98.4,ST040003,<p>%</p>,2026-01-22 08:00:00,校正回收百分数(RC),延化120万吨/年催化重整装置
845.4,ST040003,<p>kg/m<sup>3</sup></p>,2026-01-23 08:00:00,密度,延化120万吨/年催化重整装置
106.8,ST040003,℃,2026-01-23 08:00:00,初馏点蒸发温度 TIBP,延化120万吨/年催化重整装置
121.5,ST040003,℃,2026-01-23 08:00:00,10%平均蒸发温度T10%,延化120万吨/年催化重整装置
0.8,ST040003,<p>%</p>,2026-01-23 08:00:00,平均残留百分数(B),延化120万吨/年催化重整装置
168.7,ST040003,℃,2026-01-23 08:00:00,90%平均蒸发温度T90%,延化120万吨/年催化重整装置
202.4,ST040003,℃,2026-01-23 08:00:00,终馏点蒸发温度TFBP,延化120万吨/年催化重整装置
98.0,ST040003,<p>%</p>,2026-01-23 08:00:00,全馏,延化120万吨/年催化重整装置
138.5,ST040003,℃,2026-01-23 08:00:00,50%平均蒸发温度T50%,延化120万吨/年催化重整装置
203.9,ST040003,℃,2026-01-24 08:00:00,终馏点蒸发温度TFBP,延化120万吨/年催化重整装置
846.2,ST040003,<p>kg/m<sup>3</sup></p>,2026-01-24 08:00:00,密度,延化120万吨/年催化重整装置
107.1,ST040003,℃,2026-01-24 08:00:00,初馏点蒸发温度 TIBP,延化120万吨/年催化重整装置
0.8,ST040003,<p>%</p>,2026-01-24 08:00:00,平均残留百分数(B),延化120万吨/年催化重整装置
143.2,ST040003,℃,2026-01-24 08:00:00,50%平均蒸发温度T50%,延化120万吨/年催化重整装置
170.7,ST040003,℃,2026-01-24 08:00:00,90%平均蒸发温度T90%,延化120万吨/年催化重整装置
98.0,ST040003,<p>%</p>,2026-01-24 08:00:00,全馏,延化120万吨/年催化重整装置
122.3,ST040003,℃,2026-01-24 08:00:00,10%平均蒸发温度T10%,延化120万吨/年催化重整装置
170.8,ST040003,℃,2026-01-25 08:00:00,90%平均蒸发温度T90%,延化120万吨/年催化重整装置
107.1,ST040003,℃,2026-01-25 08:00:00,初馏点蒸发温度 TIBP,延化120万吨/年催化重整装置
121.9,ST040003,℃,2026-01-25 08:00:00,10%平均蒸发温度T10%,延化120万吨/年催化重整装置
845.4,ST040003,<p>kg/m<sup>3</sup></p>,2026-01-25 08:00:00,密度,延化120万吨/年催化重整装置
204.3,ST040003,℃,2026-01-25 08:00:00,终馏点蒸发温度TFBP,延化120万吨/年催化重整装置
98.0,ST040003,<p>%</p>,2026-01-25 08:00:00,全馏,延化120万吨/年催化重整装置
0.8,ST040003,<p>%</p>,2026-01-25 08:00:00,平均残留百分数(B),延化120万吨/年催化重整装置
143.2,ST040003,℃,2026-01-25 08:00:00,50%平均蒸发温度T50%,延化120万吨/年催化重整装置
119.3,ST040003,℃,2026-01-26 08:00:00,10%平均蒸发温度T10%,延化120万吨/年催化重整装置
138.3,ST040003,℃,2026-01-26 08:00:00,50%平均蒸发温度T50%,延化120万吨/年催化重整装置
169.1,ST040003,℃,2026-01-26 08:00:00,90%平均蒸发温度T90%,延化120万吨/年催化重整装置
107.6,ST040003,℃,2026-01-26 08:00:00,初馏点蒸发温度 TIBP,延化120万吨/年催化重整装置
98.0,ST040003,<p>%</p>,2026-01-26 08:00:00,全馏,延化120万吨/年催化重整装置
0.8,ST040003,<p>%</p>,2026-01-26 08:00:00,平均残留百分数(B),延化120万吨/年催化重整装置
843.1,ST040003,<p>kg/m<sup>3</sup></p>,2026-01-26 08:00:00,密度,延化120万吨/年催化重整装置
203.8,ST040003,℃,2026-01-26 08:00:00,终馏点蒸发温度TFBP,延化120万吨/年催化重整装置
98.0,ST040003,<p>%</p>,2026-01-27 08:00:00,全馏,延化120万吨/年催化重整装置
106.9,ST040003,℃,2026-01-27 08:00:00,初馏点蒸发温度 TIBP,延化120万吨/年催化重整装置
120.9,ST040003,℃,2026-01-27 08:00:00,10%平均蒸发温度T10%,延化120万吨/年催化重整装置
844.6,ST040003,<p>kg/m<sup>3</sup></p>,2026-01-27 08:00:00,密度,延化120万吨/年催化重整装置
169.3,ST040003,℃,2026-01-27 08:00:00,90%平均蒸发温度T90%,延化120万吨/年催化重整装置
203.7,ST040003,℃,2026-01-27 08:00:00,终馏点蒸发温度TFBP,延化120万吨/年催化重整装置
0.8,ST040003,<p>%</p>,2026-01-27 08:00:00,平均残留百分数(B),延化120万吨/年催化重整装置
141.4,ST040003,℃,2026-01-27 08:00:00,50%平均蒸发温度T50%,延化120万吨/年催化重整装置
1.07,ST040003,<p>%</p>,2026-01-28 08:00:00,环烷烃含量,延化120万吨/年催化重整装置
0.8,ST040003,<p>%</p>,2026-01-28 08:00:00,平均残留百分数(B),延化120万吨/年催化重整装置
7.79,ST040003,<p>%</p>,2026-01-28 08:00:00,异构烷烃,延化120万吨/年催化重整装置
12.10,ST040003,<p>%</p>,2026-01-28 08:00:00,烷烃含量,延化120万吨/年催化重整装置
0.44,ST040003,<p>%</p>,2026-01-28 08:00:00,烯烃含量,延化120万吨/年催化重整装置
87.37,ST040003,<p>%</p>,2026-01-28 08:00:00,芳烃含量,延化120万吨/年催化重整装置
0.19,ST040003,<p>%</p>,2026-01-28 08:00:00,苯含量,延化120万吨/年催化重整装置
105.3,ST040003,,2026-01-28 08:00:00,模拟法辛烷值,延化120万吨/年催化重整装置
845.5,ST040003,<p>kg/m<sup>3</sup></p>,2026-01-28 08:00:00,密度,延化120万吨/年催化重整装置
169.8,ST040003,℃,2026-01-28 08:00:00,90%平均蒸发温度T90%,延化120万吨/年催化重整装置
106.9,ST040003,℃,2026-01-28 08:00:00,初馏点蒸发温度 TIBP,延化120万吨/年催化重整装置
121.6,ST040003,℃,2026-01-28 08:00:00,10%平均蒸发温度T10%,延化120万吨/年催化重整装置
141.9,ST040003,℃,2026-01-28 08:00:00,50%平均蒸发温度T50%,延化120万吨/年催化重整装置
203.5,ST040003,℃,2026-01-28 08:00:00,终馏点蒸发温度TFBP,延化120万吨/年催化重整装置
98.0,ST040003,<p>%</p>,2026-01-28 08:00:00,全馏,延化120万吨/年催化重整装置
3.24,ST040003,<p>%</p>,2026-01-28 08:00:00,正构烷烃,延化120万吨/年催化重整装置
168.9,ST040003,℃,2026-01-29 08:00:00,90%平均蒸发温度T90%,延化120万吨/年催化重整装置
107.0,ST040003,℃,2026-01-29 08:00:00,初馏点蒸发温度 TIBP,延化120万吨/年催化重整装置
121.7,ST040003,℃,2026-01-29 08:00:00,10%平均蒸发温度T10%,延化120万吨/年催化重整装置
845.6,ST040003,<p>kg/m<sup>3</sup></p>,2026-01-29 08:00:00,密度,延化120万吨/年催化重整装置
203.3,ST040003,℃,2026-01-29 08:00:00,终馏点蒸发温度TFBP,延化120万吨/年催化重整装置
98.0,ST040003,<p>%</p>,2026-01-29 08:00:00,全馏,延化120万吨/年催化重整装置
0.8,ST040003,<p>%</p>,2026-01-29 08:00:00,平均残留百分数(B),延化120万吨/年催化重整装置
138.4,ST040003,℃,2026-01-29 08:00:00,50%平均蒸发温度T50%,延化120万吨/年催化重整装置
107.3,ST040003,℃,2026-01-30 08:00:00,初馏点蒸发温度 TIBP,延化120万吨/年催化重整装置
120.6,ST040003,℃,2026-01-30 08:00:00,10%平均蒸发温度T10%,延化120万吨/年催化重整装置
139.3,ST040003,℃,2026-01-30 08:00:00,50%平均蒸发温度T50%,延化120万吨/年催化重整装置
0.8,ST040003,<p>%</p>,2026-01-30 08:00:00,平均残留百分数(B),延化120万吨/年催化重整装置
201.0,ST040003,℃,2026-01-30 08:00:00,终馏点蒸发温度TFBP,延化120万吨/年催化重整装置
98.0,ST040003,<p>%</p>,2026-01-30 08:00:00,全馏,延化120万吨/年催化重整装置
845.4,ST040003,<p>kg/m<sup>3</sup></p>,2026-01-30 08:00:00,密度,延化120万吨/年催化重整装置
166.7,ST040003,℃,2026-01-30 08:00:00,90%平均蒸发温度T90%,延化120万吨/年催化重整装置
201.3,ST040003,℃,2026-01-31 08:00:00,终馏点蒸发温度TFBP,延化120万吨/年催化重整装置
107.6,ST040003,℃,2026-01-31 08:00:00,初馏点蒸发温度 TIBP,延化120万吨/年催化重整装置
122.5,ST040003,℃,2026-01-31 08:00:00,10%平均蒸发温度T10%,延化120万吨/年催化重整装置
845.5,ST040003,<p>kg/m<sup>3</sup></p>,2026-01-31 08:00:00,密度,延化120万吨/年催化重整装置
164.5,ST040003,℃,2026-01-31 08:00:00,90%平均蒸发温度T90%,延化120万吨/年催化重整装置
98.0,ST040003,<p>%</p>,2026-01-31 08:00:00,全馏,延化120万吨/年催化重整装置
0.8,ST040003,<p>%</p>,2026-01-31 08:00:00,平均残留百分数(B),延化120万吨/年催化重整装置
138.7,ST040003,℃,2026-01-31 08:00:00,50%平均蒸发温度T50%,延化120万吨/年催化重整装置
844.2,ST040003,<p>kg/m<sup>3</sup></p>,2026-02-01 08:00:00,密度,延化120万吨/年催化重整装置
106.9,ST040003,℃,2026-02-01 08:00:00,初馏点蒸发温度 TIBP,延化120万吨/年催化重整装置
120.7,ST040003,℃,2026-02-01 08:00:00,10%平均蒸发温度T10%,延化120万吨/年催化重整装置
98.0,ST040003,<p>%</p>,2026-02-01 08:00:00,全馏,延化120万吨/年催化重整装置
0.8,ST040003,<p>%</p>,2026-02-01 08:00:00,平均残留百分数(B),延化120万吨/年催化重整装置
169.3,ST040003,℃,2026-02-01 08:00:00,90%平均蒸发温度T90%,延化120万吨/年催化重整装置
203.1,ST040003,℃,2026-02-01 08:00:00,终馏点蒸发温度TFBP,延化120万吨/年催化重整装置
141.7,ST040003,℃,2026-02-01 08:00:00,50%平均蒸发温度T50%,延化120万吨/年催化重整装置
106.5,ST040003,℃,2026-02-02 08:00:00,初馏点蒸发温度 TIBP,延化120万吨/年催化重整装置
118.8,ST040003,℃,2026-02-02 08:00:00,10%平均蒸发温度T10%,延化120万吨/年催化重整装置
137.0,ST040003,℃,2026-02-02 08:00:00,50%平均蒸发温度T50%,延化120万吨/年催化重整装置
843.5,ST040003,<p>kg/m<sup>3</sup></p>,2026-02-02 08:00:00,密度,延化120万吨/年催化重整装置
202.9,ST040003,℃,2026-02-02 08:00:00,终馏点蒸发温度TFBP,延化120万吨/年催化重整装置
98.0,ST040003,<p>%</p>,2026-02-02 08:00:00,全馏,延化120万吨/年催化重整装置
0.8,ST040003,<p>%</p>,2026-02-02 08:00:00,平均残留百分数(B),延化120万吨/年催化重整装置
168.5,ST040003,℃,2026-02-02 08:00:00,90%平均蒸发温度T90%,延化120万吨/年催化重整装置
844.5,ST040003,<p>kg/m<sup>3</sup></p>,2026-02-03 08:00:00,密度,延化120万吨/年催化重整装置
106.9,ST040003,℃,2026-02-03 08:00:00,初馏点蒸发温度 TIBP,延化120万吨/年催化重整装置
120.9,ST040003,℃,2026-02-03 08:00:00,10%平均蒸发温度T10%,延化120万吨/年催化重整装置
0.8,ST040003,<p>%</p>,2026-02-03 08:00:00,平均残留百分数(B),延化120万吨/年催化重整装置
203.0,ST040003,℃,2026-02-03 08:00:00,终馏点蒸发温度TFBP,延化120万吨/年催化重整装置
98.0,ST040003,<p>%</p>,2026-02-03 08:00:00,全馏,延化120万吨/年催化重整装置
169.5,ST040003,℃,2026-02-03 08:00:00,90%平均蒸发温度T90%,延化120万吨/年催化重整装置
141.8,ST040003,℃,2026-02-03 08:00:00,50%平均蒸发温度T50%,延化120万吨/年催化重整装置
0.17,ST040003,<p>%</p>,2026-02-04 08:00:00,苯含量,延化120万吨/年催化重整装置
88.39,ST040003,<p>%</p>,2026-02-04 08:00:00,芳烃含量,延化120万吨/年催化重整装置
2.70,ST040003,<p>%</p>,2026-02-04 08:00:00,正构烷烃,延化120万吨/年催化重整装置
106.0,ST040003,℃,2026-02-04 08:00:00,初馏点蒸发温度 TIBP,延化120万吨/年催化重整装置
848.0,ST040003,<p>kg/m<sup>3</sup></p>,2026-02-04 08:00:00,密度,延化120万吨/年催化重整装置
204.5,ST040003,℃,2026-02-04 08:00:00,终馏点蒸发温度TFBP,延化120万吨/年催化重整装置
167.0,ST040003,℃,2026-02-04 08:00:00,90%平均蒸发温度T90%,延化120万吨/年催化重整装置
136.5,ST040003,℃,2026-02-04 08:00:00,50%平均蒸发温度T50%,延化120万吨/年催化重整装置
121.0,ST040003,℃,2026-02-04 08:00:00,10%平均蒸发温度T10%,延化120万吨/年催化重整装置
0.8,ST040003,<p>%</p>,2026-02-04 08:00:00,校正损失百分数(LC),延化120万吨/年催化重整装置
0.8,ST040003,<p>%</p>,2026-02-04 08:00:00,校正损失百分数(LC),延化120万吨/年催化重整装置
98.4,ST040003,<p>%</p>,2026-02-04 08:00:00,校正回收百分数(RC),延化120万吨/年催化重整装置
98.4,ST040003,<p>%</p>,2026-02-04 08:00:00,校正回收百分数(RC),延化120万吨/年催化重整装置
98.4,ST040003,<p>%</p>,2026-02-04 08:00:00,全馏,延化120万吨/年催化重整装置
6.97,ST040003,<p>%</p>,2026-02-04 08:00:00,异构烷烃,延化120万吨/年催化重整装置
10.73,ST040003,<p>%</p>,2026-02-04 08:00:00,烷烃含量,延化120万吨/年催化重整装置
0.41,ST040003,<p>%</p>,2026-02-04 08:00:00,烯烃含量,延化120万吨/年催化重整装置
1.06,ST040003,<p>%</p>,2026-02-04 08:00:00,环烷烃含量,延化120万吨/年催化重整装置
106.6,ST040003,,2026-02-04 08:00:00,模拟法辛烷值,延化120万吨/年催化重整装置
107.2,ST040003,℃,2026-02-05 08:00:00,初馏点蒸发温度 TIBP,延化120万吨/年催化重整装置
122.4,ST040003,℃,2026-02-05 08:00:00,10%平均蒸发温度T10%,延化120万吨/年催化重整装置
143.1,ST040003,℃,2026-02-05 08:00:00,50%平均蒸发温度T50%,延化120万吨/年催化重整装置
847.3,ST040003,<p>kg/m<sup>3</sup></p>,2026-02-05 08:00:00,密度,延化120万吨/年催化重整装置
204.3,ST040003,℃,2026-02-05 08:00:00,终馏点蒸发温度TFBP,延化120万吨/年催化重整装置
98.0,ST040003,<p>%</p>,2026-02-05 08:00:00,全馏,延化120万吨/年催化重整装置
0.8,ST040003,<p>%</p>,2026-02-05 08:00:00,平均残留百分数(B),延化120万吨/年催化重整装置
170.6,ST040003,℃,2026-02-05 08:00:00,90%平均蒸发温度T90%,延化120万吨/年催化重整装置
106.4,ST040003,℃,2026-02-06 08:00:00,初馏点蒸发温度 TIBP,延化120万吨/年催化重整装置
121.6,ST040003,℃,2026-02-06 08:00:00,10%平均蒸发温度T10%,延化120万吨/年催化重整装置
142.6,ST040003,℃,2026-02-06 08:00:00,50%平均蒸发温度T50%,延化120万吨/年催化重整装置
847.2,ST040003,<p>kg/m<sup>3</sup></p>,2026-02-06 08:00:00,密度,延化120万吨/年催化重整装置
202.4,ST040003,℃,2026-02-06 08:00:00,终馏点蒸发温度TFBP,延化120万吨/年催化重整装置
98.0,ST040003,<p>%</p>,2026-02-06 08:00:00,全馏,延化120万吨/年催化重整装置
0.8,ST040003,<p>%</p>,2026-02-06 08:00:00,平均残留百分数(B),延化120万吨/年催化重整装置
169.4,ST040003,℃,2026-02-06 08:00:00,90%平均蒸发温度T90%,延化120万吨/年催化重整装置
203.7,ST040003,℃,2026-02-07 08:00:00,终馏点蒸发温度TFBP,延化120万吨/年催化重整装置
98.0,ST040003,<p>%</p>,2026-02-07 08:00:00,全馏,延化120万吨/年催化重整装置
0.8,ST040003,<p>%</p>,2026-02-07 08:00:00,平均残留百分数(B),延化120万吨/年催化重整装置
169.9,ST040003,℃,2026-02-07 08:00:00,90%平均蒸发温度T90%,延化120万吨/年催化重整装置
106.9,ST040003,℃,2026-02-07 08:00:00,初馏点蒸发温度 TIBP,延化120万吨/年催化重整装置
122.0,ST040003,℃,2026-02-07 08:00:00,10%平均蒸发温度T10%,延化120万吨/年催化重整装置
142.2,ST040003,℃,2026-02-07 08:00:00,50%平均蒸发温度T50%,延化120万吨/年催化重整装置
846.8,ST040003,<p>kg/m<sup>3</sup></p>,2026-02-07 08:00:00,密度,延化120万吨/年催化重整装置
169.9,ST040003,℃,2026-02-08 08:00:00,90%平均蒸发温度T90%,延化120万吨/年催化重整装置
106.8,ST040003,℃,2026-02-08 08:00:00,初馏点蒸发温度 TIBP,延化120万吨/年催化重整装置
121.5,ST040003,℃,2026-02-08 08:00:00,10%平均蒸发温度T10%,延化120万吨/年催化重整装置
845.1,ST040003,<p>kg/m<sup>3</sup></p>,2026-02-08 08:00:00,密度,延化120万吨/年催化重整装置
203.5,ST040003,℃,2026-02-08 08:00:00,终馏点蒸发温度TFBP,延化120万吨/年催化重整装置
98.0,ST040003,<p>%</p>,2026-02-08 08:00:00,全馏,延化120万吨/年催化重整装置
0.8,ST040003,<p>%</p>,2026-02-08 08:00:00,平均残留百分数(B),延化120万吨/年催化重整装置
142.1,ST040003,℃,2026-02-08 08:00:00,50%平均蒸发温度T50%,延化120万吨/年催化重整装置
846.4,ST040003,<p>kg/m<sup>3</sup></p>,2026-02-09 08:00:00,密度,延化120万吨/年催化重整装置
169.8,ST040003,℃,2026-02-09 08:00:00,90%平均蒸发温度T90%,延化120万吨/年催化重整装置
106.9,ST040003,℃,2026-02-09 08:00:00,初馏点蒸发温度 TIBP,延化120万吨/年催化重整装置
0.8,ST040003,<p>%</p>,2026-02-09 08:00:00,平均残留百分数(B),延化120万吨/年催化重整装置
142.0,ST040003,℃,2026-02-09 08:00:00,50%平均蒸发温度T50%,延化120万吨/年催化重整装置
203.2,ST040003,℃,2026-02-09 08:00:00,终馏点蒸发温度TFBP,延化120万吨/年催化重整装置
98.0,ST040003,<p>%</p>,2026-02-09 08:00:00,全馏,延化120万吨/年催化重整装置
121.8,ST040003,℃,2026-02-09 08:00:00,10%平均蒸发温度T10%,延化120万吨/年催化重整装置
107.0,ST040003,℃,2026-02-10 08:00:00,初馏点蒸发温度 TIBP,延化120万吨/年催化重整装置
202.7,ST040003,℃,2026-02-10 08:00:00,终馏点蒸发温度TFBP,延化120万吨/年催化重整装置
120.3,ST040003,℃,2026-02-10 08:00:00,10%平均蒸发温度T10%,延化120万吨/年催化重整装置
844.4,ST040003,<p>kg/m<sup>3</sup></p>,2026-02-10 08:00:00,密度,延化120万吨/年催化重整装置
169.4,ST040003,℃,2026-02-10 08:00:00,90%平均蒸发温度T90%,延化120万吨/年催化重整装置
98.0,ST040003,<p>%</p>,2026-02-10 08:00:00,全馏,延化120万吨/年催化重整装置
0.8,ST040003,<p>%</p>,2026-02-10 08:00:00,平均残留百分数(B),延化120万吨/年催化重整装置
141.4,ST040003,℃,2026-02-10 08:00:00,50%平均蒸发温度T50%,延化120万吨/年催化重整装置
98.0,ST040003,<p>%</p>,2026-02-11 08:00:00,全馏,延化120万吨/年催化重整装置
202.1,ST040003,℃,2026-02-11 08:00:00,终馏点蒸发温度TFBP,延化120万吨/年催化重整装置
843.8,ST040003,<p>kg/m<sup>3</sup></p>,2026-02-11 08:00:00,密度,延化120万吨/年催化重整装置
3.33,ST040003,<p>%</p>,2026-02-11 08:00:00,正构烷烃,延化120万吨/年催化重整装置
7.97,ST040003,<p>%</p>,2026-02-11 08:00:00,异构烷烃,延化120万吨/年催化重整装置
12.48,ST040003,<p>%</p>,2026-02-11 08:00:00,烷烃含量,延化120万吨/年催化重整装置
0.50,ST040003,<p>%</p>,2026-02-11 08:00:00,烯烃含量,延化120万吨/年催化重整装置
1.18,ST040003,<p>%</p>,2026-02-11 08:00:00,环烷烃含量,延化120万吨/年催化重整装置
86.96,ST040003,<p>%</p>,2026-02-11 08:00:00,芳烃含量,延化120万吨/年催化重整装置
0.19,ST040003,<p>%</p>,2026-02-11 08:00:00,苯含量,延化120万吨/年催化重整装置
104.2,ST040003,,2026-02-11 08:00:00,模拟法辛烷值,延化120万吨/年催化重整装置
168.7,ST040003,℃,2026-02-11 08:00:00,90%平均蒸发温度T90%,延化120万吨/年催化重整装置
106.4,ST040003,℃,2026-02-11 08:00:00,初馏点蒸发温度 TIBP,延化120万吨/年催化重整装置
121.6,ST040003,℃,2026-02-11 08:00:00,10%平均蒸发温度T10%,延化120万吨/年催化重整装置
142.0,ST040003,℃,2026-02-11 08:00:00,50%平均蒸发温度T50%,延化120万吨/年催化重整装置
0.8,ST040003,<p>%</p>,2026-02-11 08:00:00,平均残留百分数(B),延化120万吨/年催化重整装置
106.2,ST040003,℃,2026-02-12 08:00:00,初馏点蒸发温度 TIBP,延化120万吨/年催化重整装置
122.0,ST040003,℃,2026-02-12 08:00:00,10%平均蒸发温度T10%,延化120万吨/年催化重整装置
141.7,ST040003,℃,2026-02-12 08:00:00,50%平均蒸发温度T50%,延化120万吨/年催化重整装置
844.4,ST040003,<p>kg/m<sup>3</sup></p>,2026-02-12 08:00:00,密度,延化120万吨/年催化重整装置
201.4,ST040003,℃,2026-02-12 08:00:00,终馏点蒸发温度TFBP,延化120万吨/年催化重整装置
98.0,ST040003,<p>%</p>,2026-02-12 08:00:00,全馏,延化120万吨/年催化重整装置
0.8,ST040003,<p>%</p>,2026-02-12 08:00:00,平均残留百分数(B),延化120万吨/年催化重整装置
168.3,ST040003,℃,2026-02-12 08:00:00,90%平均蒸发温度T90%,延化120万吨/年催化重整装置
107.3,ST040003,℃,2026-02-13 08:00:00,初馏点蒸发温度 TIBP,延化120万吨/年催化重整装置
119.1,ST040003,℃,2026-02-13 08:00:00,10%平均蒸发温度T10%,延化120万吨/年催化重整装置
138.0,ST040003,℃,2026-02-13 08:00:00,50%平均蒸发温度T50%,延化120万吨/年催化重整装置
169.0,ST040003,℃,2026-02-13 08:00:00,90%平均蒸发温度T90%,延化120万吨/年催化重整装置
202.7,ST040003,℃,2026-02-13 08:00:00,终馏点蒸发温度TFBP,延化120万吨/年催化重整装置
98.0,ST040003,<p>%</p>,2026-02-13 08:00:00,全馏,延化120万吨/年催化重整装置
0.8,ST040003,<p>%</p>,2026-02-13 08:00:00,平均残留百分数(B),延化120万吨/年催化重整装置
842.4,ST040003,<p>kg/m<sup>3</sup></p>,2026-02-13 08:00:00,密度,延化120万吨/年催化重整装置
841.7,ST040003,<p>kg/m<sup>3</sup></p>,2026-02-14 08:00:00,密度,延化120万吨/年催化重整装置
202.7,ST040003,℃,2026-02-14 08:00:00,终馏点蒸发温度TFBP,延化120万吨/年催化重整装置
105.4,ST040003,℃,2026-02-14 08:00:00,初馏点蒸发温度 TIBP,延化120万吨/年催化重整装置
0.8,ST040003,<p>%</p>,2026-02-14 08:00:00,平均残留百分数(B),延化120万吨/年催化重整装置
138.1,ST040003,℃,2026-02-14 08:00:00,50%平均蒸发温度T50%,延化120万吨/年催化重整装置
169.0,ST040003,℃,2026-02-14 08:00:00,90%平均蒸发温度T90%,延化120万吨/年催化重整装置
98.0,ST040003,<p>%</p>,2026-02-14 08:00:00,全馏,延化120万吨/年催化重整装置
118.9,ST040003,℃,2026-02-14 08:00:00,10%平均蒸发温度T10%,延化120万吨/年催化重整装置
202.7,ST040003,℃,2026-02-15 08:00:00,终馏点蒸发温度TFBP,延化120万吨/年催化重整装置
842.6,ST040003,<p>kg/m<sup>3</sup></p>,2026-02-15 08:00:00,密度,延化120万吨/年催化重整装置
107.2,ST040003,℃,2026-02-15 08:00:00,初馏点蒸发温度 TIBP,延化120万吨/年催化重整装置
0.8,ST040003,<p>%</p>,2026-02-15 08:00:00,平均残留百分数(B),延化120万吨/年催化重整装置
141.6,ST040003,℃,2026-02-15 08:00:00,50%平均蒸发温度T50%,延化120万吨/年催化重整装置
169.5,ST040003,℃,2026-02-15 08:00:00,90%平均蒸发温度T90%,延化120万吨/年催化重整装置
98.0,ST040003,<p>%</p>,2026-02-15 08:00:00,全馏,延化120万吨/年催化重整装置
119.3,ST040003,℃,2026-02-15 08:00:00,10%平均蒸发温度T10%,延化120万吨/年催化重整装置
107.0,ST040003,℃,2026-02-16 08:00:00,初馏点蒸发温度 TIBP,延化120万吨/年催化重整装置
120.8,ST040003,℃,2026-02-16 08:00:00,10%平均蒸发温度T10%,延化120万吨/年催化重整装置
133.8,ST040003,℃,2026-02-16 08:00:00,50%平均蒸发温度T50%,延化120万吨/年催化重整装置
843.5,ST040003,<p>kg/m<sup>3</sup></p>,2026-02-16 08:00:00,密度,延化120万吨/年催化重整装置
202.3,ST040003,℃,2026-02-16 08:00:00,终馏点蒸发温度TFBP,延化120万吨/年催化重整装置
98.0,ST040003,<p>%</p>,2026-02-16 08:00:00,全馏,延化120万吨/年催化重整装置
0.8,ST040003,<p>%</p>,2026-02-16 08:00:00,平均残留百分数(B),延化120万吨/年催化重整装置
168.2,ST040003,℃,2026-02-16 08:00:00,90%平均蒸发温度T90%,延化120万吨/年催化重整装置
202.1,ST040003,℃,2026-02-17 08:00:00,终馏点蒸发温度TFBP,延化120万吨/年催化重整装置
98.0,ST040003,<p>%</p>,2026-02-17 08:00:00,全馏,延化120万吨/年催化重整装置
0.8,ST040003,<p>%</p>,2026-02-17 08:00:00,平均残留百分数(B),延化120万吨/年催化重整装置
138.0,ST040003,℃,2026-02-17 08:00:00,50%平均蒸发温度T50%,延化120万吨/年催化重整装置
168.3,ST040003,℃,2026-02-17 08:00:00,90%平均蒸发温度T90%,延化120万吨/年催化重整装置
106.8,ST040003,℃,2026-02-17 08:00:00,初馏点蒸发温度 TIBP,延化120万吨/年催化重整装置
121.5,ST040003,℃,2026-02-17 08:00:00,10%平均蒸发温度T10%,延化120万吨/年催化重整装置
844.2,ST040003,<p>kg/m<sup>3</sup></p>,2026-02-17 08:00:00,密度,延化120万吨/年催化重整装置
202.4,ST040003,℃,2026-02-18 08:00:00,终馏点蒸发温度TFBP,延化120万吨/年催化重整装置
105.2,ST040003,,2026-02-18 08:00:00,模拟法辛烷值,延化120万吨/年催化重整装置
3.12,ST040003,<p>%</p>,2026-02-18 08:00:00,正构烷烃,延化120万吨/年催化重整装置
8.84,ST040003,<p>%</p>,2026-02-18 08:00:00,异构烷烃,延化120万吨/年催化重整装置
1.27,ST040003,<p>%</p>,2026-02-18 08:00:00,环烷烃含量,延化120万吨/年催化重整装置
13.23,ST040003,<p>%</p>,2026-02-18 08:00:00,烷烃含量,延化120万吨/年催化重整装置
0.48,ST040003,<p>%</p>,2026-02-18 08:00:00,烯烃含量,延化120万吨/年催化重整装置
85.87,ST040003,<p>%</p>,2026-02-18 08:00:00,芳烃含量,延化120万吨/年催化重整装置
107.2,ST040003,℃,2026-02-18 08:00:00,初馏点蒸发温度 TIBP,延化120万吨/年催化重整装置
121.8,ST040003,℃,2026-02-18 08:00:00,10%平均蒸发温度T10%,延化120万吨/年催化重整装置
142.7,ST040003,℃,2026-02-18 08:00:00,50%平均蒸发温度T50%,延化120万吨/年催化重整装置
169.9,ST040003,℃,2026-02-18 08:00:00,90%平均蒸发温度T90%,延化120万吨/年催化重整装置
98.0,ST040003,<p>%</p>,2026-02-18 08:00:00,全馏,延化120万吨/年催化重整装置
0.8,ST040003,<p>%</p>,2026-02-18 08:00:00,平均残留百分数(B),延化120万吨/年催化重整装置
0.21,ST040003,<p>%</p>,2026-02-18 08:00:00,苯含量,延化120万吨/年催化重整装置
842.4,ST040003,<p>kg/m<sup>3</sup></p>,2026-02-18 08:00:00,密度,延化120万吨/年催化重整装置
98.0,ST040003,<p>%</p>,2026-02-19 08:00:00,全馏,延化120万吨/年催化重整装置
843.4,ST040003,<p>kg/m<sup>3</sup></p>,2026-02-19 08:00:00,密度,延化120万吨/年催化重整装置
120.3,ST040003,℃,2026-02-19 08:00:00,10%平均蒸发温度T10%,延化120万吨/年催化重整装置
107.1,ST040003,℃,2026-02-19 08:00:00,初馏点蒸发温度 TIBP,延化120万吨/年催化重整装置
169.0,ST040003,℃,2026-02-19 08:00:00,90%平均蒸发温度T90%,延化120万吨/年催化重整装置
202.1,ST040003,℃,2026-02-19 08:00:00,终馏点蒸发温度TFBP,延化120万吨/年催化重整装置
0.8,ST040003,<p>%</p>,2026-02-19 08:00:00,平均残留百分数(B),延化120万吨/年催化重整装置
141.4,ST040003,℃,2026-02-19 08:00:00,50%平均蒸发温度T50%,延化120万吨/年催化重整装置
107.1,ST040003,℃,2026-02-20 08:00:00,初馏点蒸发温度 TIBP,延化120万吨/年催化重整装置
120.0,ST040003,℃,2026-02-20 08:00:00,10%平均蒸发温度T10%,延化120万吨/年催化重整装置
138.9,ST040003,℃,2026-02-20 08:00:00,50%平均蒸发温度T50%,延化120万吨/年催化重整装置
842.7,ST040003,<p>kg/m<sup>3</sup></p>,2026-02-20 08:00:00,密度,延化120万吨/年催化重整装置
201.8,ST040003,℃,2026-02-20 08:00:00,终馏点蒸发温度TFBP,延化120万吨/年催化重整装置
98.0,ST040003,<p>%</p>,2026-02-20 08:00:00,全馏,延化120万吨/年催化重整装置
0.8,ST040003,<p>%</p>,2026-02-20 08:00:00,平均残留百分数(B),延化120万吨/年催化重整装置
168.6,ST040003,℃,2026-02-20 08:00:00,90%平均蒸发温度T90%,延化120万吨/年催化重整装置
841.6,ST040003,<p>kg/m<sup>3</sup></p>,2026-02-21 08:00:00,密度,延化120万吨/年催化重整装置
0.8,ST040003,<p>%</p>,2026-02-21 08:00:00,平均残留百分数(B),延化120万吨/年催化重整装置
107.0,ST040003,℃,2026-02-21 08:00:00,初馏点蒸发温度 TIBP,延化120万吨/年催化重整装置
98.0,ST040003,<p>%</p>,2026-02-21 08:00:00,全馏,延化120万吨/年催化重整装置
140.8,ST040003,℃,2026-02-21 08:00:00,50%平均蒸发温度T50%,延化120万吨/年催化重整装置
168.3,ST040003,℃,2026-02-21 08:00:00,90%平均蒸发温度T90%,延化120万吨/年催化重整装置
202.1,ST040003,℃,2026-02-21 08:00:00,终馏点蒸发温度TFBP,延化120万吨/年催化重整装置
120.5,ST040003,℃,2026-02-21 08:00:00,10%平均蒸发温度T10%,延化120万吨/年催化重整装置
169.5,ST040003,℃,2026-02-22 08:00:00,90%平均蒸发温度T90%,延化120万吨/年催化重整装置
106.7,ST040003,℃,2026-02-22 08:00:00,初馏点蒸发温度 TIBP,延化120万吨/年催化重整装置
121.0,ST040003,℃,2026-02-22 08:00:00,10%平均蒸发温度T10%,延化120万吨/年催化重整装置
842.6,ST040003,<p>kg/m<sup>3</sup></p>,2026-02-22 08:00:00,密度,延化120万吨/年催化重整装置
202.1,ST040003,℃,2026-02-22 08:00:00,终馏点蒸发温度TFBP,延化120万吨/年催化重整装置
98.0,ST040003,<p>%</p>,2026-02-22 08:00:00,全馏,延化120万吨/年催化重整装置
0.8,ST040003,<p>%</p>,2026-02-22 08:00:00,平均残留百分数(B),延化120万吨/年催化重整装置
142.0,ST040003,℃,2026-02-22 08:00:00,50%平均蒸发温度T50%,延化120万吨/年催化重整装置
169.6,ST040003,℃,2026-02-23 08:00:00,90%平均蒸发温度T90%,延化120万吨/年催化重整装置
106.7,ST040003,℃,2026-02-23 08:00:00,初馏点蒸发温度 TIBP,延化120万吨/年催化重整装置
121.5,ST040003,℃,2026-02-23 08:00:00,10%平均蒸发温度T10%,延化120万吨/年催化重整装置
844.0,ST040003,<p>kg/m<sup>3</sup></p>,2026-02-23 08:00:00,密度,延化120万吨/年催化重整装置
201.8,ST040003,℃,2026-02-23 08:00:00,终馏点蒸发温度TFBP,延化120万吨/年催化重整装置
98.0,ST040003,<p>%</p>,2026-02-23 08:00:00,全馏,延化120万吨/年催化重整装置
0.8,ST040003,<p>%</p>,2026-02-23 08:00:00,平均残留百分数(B),延化120万吨/年催化重整装置
142.1,ST040003,℃,2026-02-23 08:00:00,50%平均蒸发温度T50%,延化120万吨/年催化重整装置
168.9,ST040003,℃,2026-02-24 08:00:00,90%平均蒸发温度T90%,延化120万吨/年催化重整装置
107.1,ST040003,℃,2026-02-24 08:00:00,初馏点蒸发温度 TIBP,延化120万吨/年催化重整装置
120.1,ST040003,℃,2026-02-24 08:00:00,10%平均蒸发温度T10%,延化120万吨/年催化重整装置
842.2,ST040003,<p>kg/m<sup>3</sup></p>,2026-02-24 08:00:00,密度,延化120万吨/年催化重整装置
202.0,ST040003,℃,2026-02-24 08:00:00,终馏点蒸发温度TFBP,延化120万吨/年催化重整装置
98.0,ST040003,<p>%</p>,2026-02-24 08:00:00,全馏,延化120万吨/年催化重整装置
0.8,ST040003,<p>%</p>,2026-02-24 08:00:00,平均残留百分数(B),延化120万吨/年催化重整装置
141.3,ST040003,℃,2026-02-24 08:00:00,50%平均蒸发温度T50%,延化120万吨/年催化重整装置
86.32,ST040003,<p>%</p>,2026-02-25 08:00:00,芳烃含量,延化120万吨/年催化重整装置
98.4,ST040003,<p>%</p>,2026-02-25 08:00:00,全馏,延化120万吨/年催化重整装置
3.26,ST040003,<p>%</p>,2026-02-25 08:00:00,正构烷烃,延化120万吨/年催化重整装置
8.16,ST040003,<p>%</p>,2026-02-25 08:00:00,异构烷烃,延化120万吨/年催化重整装置
12.75,ST040003,<p>%</p>,2026-02-25 08:00:00,烷烃含量,延化120万吨/年催化重整装置
0.50,ST040003,<p>%</p>,2026-02-25 08:00:00,烯烃含量,延化120万吨/年催化重整装置
1.33,ST040003,<p>%</p>,2026-02-25 08:00:00,环烷烃含量,延化120万吨/年催化重整装置
0.18,ST040003,<p>%</p>,2026-02-25 08:00:00,苯含量,延化120万吨/年催化重整装置
104.5,ST040003,,2026-02-25 08:00:00,模拟法辛烷值,延化120万吨/年催化重整装置
0.8,ST040003,<p>%</p>,2026-02-25 08:00:00,校正损失百分数(LC),延化120万吨/年催化重整装置
98.4,ST040003,<p>%</p>,2026-02-25 08:00:00,校正回收百分数(RC),延化120万吨/年催化重整装置
98.4,ST040003,<p>%</p>,2026-02-25 08:00:00,校正回收百分数(RC),延化120万吨/年催化重整装置
0.8,ST040003,<p>%</p>,2026-02-25 08:00:00,校正损失百分数(LC),延化120万吨/年催化重整装置
107.0,ST040003,℃,2026-02-25 08:00:00,初馏点蒸发温度 TIBP,延化120万吨/年催化重整装置
121.0,ST040003,℃,2026-02-25 08:00:00,10%平均蒸发温度T10%,延化120万吨/年催化重整装置
140.5,ST040003,℃,2026-02-25 08:00:00,50%平均蒸发温度T50%,延化120万吨/年催化重整装置
169.5,ST040003,℃,2026-02-25 08:00:00,90%平均蒸发温度T90%,延化120万吨/年催化重整装置
203.5,ST040003,℃,2026-02-25 08:00:00,终馏点蒸发温度TFBP,延化120万吨/年催化重整装置
842.6,ST040003,<p>kg/m<sup>3</sup></p>,2026-02-25 08:00:00,密度,延化120万吨/年催化重整装置
0.8,ST040003,<p>%</p>,2026-02-26 08:00:00,平均残留百分数(B),延化120万吨/年催化重整装置
842.0,ST040003,<p>kg/m<sup>3</sup></p>,2026-02-26 08:00:00,密度,延化120万吨/年催化重整装置
107.1,ST040003,℃,2026-02-26 08:00:00,初馏点蒸发温度 TIBP,延化120万吨/年催化重整装置
98.0,ST040003,<p>%</p>,2026-02-26 08:00:00,全馏,延化120万吨/年催化重整装置
138.6,ST040003,℃,2026-02-26 08:00:00,50%平均蒸发温度T50%,延化120万吨/年催化重整装置
168.6,ST040003,℃,2026-02-26 08:00:00,90%平均蒸发温度T90%,延化120万吨/年催化重整装置
201.9,ST040003,℃,2026-02-26 08:00:00,终馏点蒸发温度TFBP,延化120万吨/年催化重整装置
119.9,ST040003,℃,2026-02-26 08:00:00,10%平均蒸发温度T10%,延化120万吨/年催化重整装置
107.3,ST040003,℃,2026-02-27 08:00:00,初馏点蒸发温度 TIBP,延化120万吨/年催化重整装置
119.1,ST040003,℃,2026-02-27 08:00:00,10%平均蒸发温度T10%,延化120万吨/年催化重整装置
137.8,ST040003,℃,2026-02-27 08:00:00,50%平均蒸发温度T50%,延化120万吨/年催化重整装置
840.9,ST040003,<p>kg/m<sup>3</sup></p>,2026-02-27 08:00:00,密度,延化120万吨/年催化重整装置
202.0,ST040003,℃,2026-02-27 08:00:00,终馏点蒸发温度TFBP,延化120万吨/年催化重整装置
98.0,ST040003,<p>%</p>,2026-02-27 08:00:00,全馏,延化120万吨/年催化重整装置
0.8,ST040003,<p>%</p>,2026-02-27 08:00:00,平均残留百分数(B),延化120万吨/年催化重整装置
168.2,ST040003,℃,2026-02-27 08:00:00,90%平均蒸发温度T90%,延化120万吨/年催化重整装置
842.0,ST040003,<p>kg/m<sup>3</sup></p>,2026-02-28 08:00:00,密度,延化120万吨/年催化重整装置
107.3,ST040003,℃,2026-02-28 08:00:00,初馏点蒸发温度 TIBP,延化120万吨/年催化重整装置
119.6,ST040003,℃,2026-02-28 08:00:00,10%平均蒸发温度T10%,延化120万吨/年催化重整装置
0.8,ST040003,<p>%</p>,2026-02-28 08:00:00,平均残留百分数(B),延化120万吨/年催化重整装置
169.3,ST040003,℃,2026-02-28 08:00:00,90%平均蒸发温度T90%,延化120万吨/年催化重整装置
202.3,ST040003,℃,2026-02-28 08:00:00,终馏点蒸发温度TFBP,延化120万吨/年催化重整装置
98.0,ST040003,<p>%</p>,2026-02-28 08:00:00,全馏,延化120万吨/年催化重整装置
141.7,ST040003,℃,2026-02-28 08:00:00,50%平均蒸发温度T50%,延化120万吨/年催化重整装置
169.9,ST040003,℃,2026-03-01 08:00:00,90%平均蒸发温度T90%,延化120万吨/年催化重整装置
843.6,ST040003,<p>kg/m<sup>3</sup></p>,2026-03-01 08:00:00,密度,延化120万吨/年催化重整装置
0.8,ST040003,<p>%</p>,2026-03-01 08:00:00,平均残留百分数(B),延化120万吨/年催化重整装置
121.2,ST040003,℃,2026-03-01 08:00:00,10%平均蒸发温度T10%,延化120万吨/年催化重整装置
142.3,ST040003,℃,2026-03-01 08:00:00,50%平均蒸发温度T50%,延化120万吨/年催化重整装置
106.8,ST040003,℃,2026-03-01 08:00:00,初馏点蒸发温度 TIBP,延化120万吨/年催化重整装置
98.0,ST040003,<p>%</p>,2026-03-01 08:00:00,全馏,延化120万吨/年催化重整装置
203.1,ST040003,℃,2026-03-01 08:00:00,终馏点蒸发温度TFBP,延化120万吨/年催化重整装置
841.4,ST040003,<p>kg/m<sup>3</sup></p>,2026-03-01 13:30:00,密度,延化120万吨/年催化重整装置
846.2,ST040003,<p>kg/m<sup>3</sup></p>,2026-03-01 15:00:00,密度,延化120万吨/年催化重整装置
844.1,ST040003,<p>kg/m<sup>3</sup></p>,2026-03-01 22:00:00,密度,延化120万吨/年催化重整装置
169.9,ST040003,℃,2026-03-02 08:00:00,90%平均蒸发温度T90%,延化120万吨/年催化重整装置
98.0,ST040003,<p>%</p>,2026-03-02 08:00:00,全馏,延化120万吨/年催化重整装置
0.8,ST040003,<p>%</p>,2026-03-02 08:00:00,平均残留百分数(B),延化120万吨/年催化重整装置
142.2,ST040003,℃,2026-03-02 08:00:00,50%平均蒸发温度T50%,延化120万吨/年催化重整装置
121.8,ST040003,℃,2026-03-02 08:00:00,10%平均蒸发温度T10%,延化120万吨/年催化重整装置
106.9,ST040003,℃,2026-03-02 08:00:00,初馏点蒸发温度 TIBP,延化120万吨/年催化重整装置
202.9,ST040003,℃,2026-03-02 08:00:00,终馏点蒸发温度TFBP,延化120万吨/年催化重整装置
845.8,ST040003,<p>kg/m<sup>3</sup></p>,2026-03-02 08:00:00,密度,延化120万吨/年催化重整装置
843.6,ST040003,<p>kg/m<sup>3</sup></p>,2026-03-02 13:00:00,密度,延化120万吨/年催化重整装置
142.1,ST040003,℃,2026-03-02 13:00:00,50%平均蒸发温度T50%,延化120万吨/年催化重整装置
1.13,ST040003,<p>%</p>,2026-03-02 13:00:00,环烷烃含量,延化120万吨/年催化重整装置
86.45,ST040003,<p>%</p>,2026-03-02 13:00:00,芳烃含量,延化120万吨/年催化重整装置
8.64,ST040003,<p>%</p>,2026-03-02 13:00:00,异构烷烃,延化120万吨/年催化重整装置
12.95,ST040003,<p>%</p>,2026-03-02 13:00:00,烷烃含量,延化120万吨/年催化重整装置
169.8,ST040003,℃,2026-03-02 13:00:00,90%平均蒸发温度T90%,延化120万吨/年催化重整装置
3.18,ST040003,<p>%</p>,2026-03-02 13:00:00,正构烷烃,延化120万吨/年催化重整装置
107.5,ST040003,℃,2026-03-02 13:00:00,初馏点蒸发温度 TIBP,延化120万吨/年催化重整装置
119.6,ST040003,℃,2026-03-02 13:00:00,10%平均蒸发温度T10%,延化120万吨/年催化重整装置
0.8,ST040003,<p>%</p>,2026-03-02 13:00:00,平均残留百分数(B),延化120万吨/年催化重整装置
98.0,ST040003,<p>%</p>,2026-03-02 13:00:00,全馏,延化120万吨/年催化重整装置
202.9,ST040003,℃,2026-03-02 13:00:00,终馏点蒸发温度TFBP,延化120万吨/年催化重整装置
0.49,ST040003,<p>%</p>,2026-03-02 13:00:00,烯烃含量,延化120万吨/年催化重整装置
170.2,ST040003,℃,2026-03-03 08:00:00,90%平均蒸发温度T90%,延化120万吨/年催化重整装置
112.8,ST040003,℃,2026-03-03 08:00:00,初馏点蒸发温度 TIBP,延化120万吨/年催化重整装置
118.0,ST040003,℃,2026-03-03 08:00:00,10%平均蒸发温度T10%,延化120万吨/年催化重整装置
137.2,ST040003,℃,2026-03-03 08:00:00,50%平均蒸发温度T50%,延化120万吨/年催化重整装置
202.7,ST040003,℃,2026-03-03 08:00:00,终馏点蒸发温度TFBP,延化120万吨/年催化重整装置
98.0,ST040003,<p>%</p>,2026-03-03 08:00:00,全馏,延化120万吨/年催化重整装置
0.8,ST040003,<p>%</p>,2026-03-03 08:00:00,平均残留百分数(B),延化120万吨/年催化重整装置
845.3,ST040003,<p>kg/m<sup>3</sup></p>,2026-03-03 08:00:00,密度,延化120万吨/年催化重整装置
169.4,ST040003,℃,2026-03-04 08:00:00,90%平均蒸发温度T90%,延化120万吨/年催化重整装置
104,ST040003,,2026-03-04 08:00:00,模拟法辛烷值,延化120万吨/年催化重整装置
119.0,ST040003,℃,2026-03-04 08:00:00,10%平均蒸发温度T10%,延化120万吨/年催化重整装置
139.3,ST040003,℃,2026-03-04 08:00:00,50%平均蒸发温度T50%,延化120万吨/年催化重整装置
202.7,ST040003,℃,2026-03-04 08:00:00,终馏点蒸发温度TFBP,延化120万吨/年催化重整装置
98.0,ST040003,<p>%</p>,2026-03-04 08:00:00,全馏,延化120万吨/年催化重整装置
0.8,ST040003,<p>%</p>,2026-03-04 08:00:00,平均残留百分数(B),延化120万吨/年催化重整装置
840.5,ST040003,<p>kg/m<sup>3</sup></p>,2026-03-04 08:00:00,密度,延化120万吨/年催化重整装置
3.51,ST040003,<p>%</p>,2026-03-04 08:00:00,正构烷烃,延化120万吨/年催化重整装置
8.97,ST040003,<p>%</p>,2026-03-04 08:00:00,异构烷烃,延化120万吨/年催化重整装置
13.77,ST040003,<p>%</p>,2026-03-04 08:00:00,烷烃含量,延化120万吨/年催化重整装置
0.53,ST040003,<p>%</p>,2026-03-04 08:00:00,烯烃含量,延化120万吨/年催化重整装置
1.29,ST040003,<p>%</p>,2026-03-04 08:00:00,环烷烃含量,延化120万吨/年催化重整装置
85.74,ST040003,<p>%</p>,2026-03-04 08:00:00,芳烃含量,延化120万吨/年催化重整装置
0.25,ST040003,<p>%</p>,2026-03-04 08:00:00,苯含量,延化120万吨/年催化重整装置
107.4,ST040003,℃,2026-03-04 08:00:00,初馏点蒸发温度 TIBP,延化120万吨/年催化重整装置
142.0,ST040003,℃,2026-03-05 08:00:00,50%平均蒸发温度T50%,延化120万吨/年催化重整装置
843.1,ST040003,<p>kg/m<sup>3</sup></p>,2026-03-05 08:00:00,密度,延化120万吨/年催化重整装置
107.4,ST040003,℃,2026-03-05 08:00:00,初馏点蒸发温度 TIBP,延化120万吨/年催化重整装置
0.8,ST040003,<p>%</p>,2026-03-05 08:00:00,平均残留百分数(B),延化120万吨/年催化重整装置
170.1,ST040003,℃,2026-03-05 08:00:00,90%平均蒸发温度T90%,延化120万吨/年催化重整装置
203.0,ST040003,℃,2026-03-05 08:00:00,终馏点蒸发温度TFBP,延化120万吨/年催化重整装置
98.0,ST040003,<p>%</p>,2026-03-05 08:00:00,全馏,延化120万吨/年催化重整装置
119.4,ST040003,℃,2026-03-05 08:00:00,10%平均蒸发温度T10%,延化120万吨/年催化重整装置
843.2,ST040003,<p>kg/m<sup>3</sup></p>,2026-03-06 08:00:00,密度,延化120万吨/年催化重整装置
107.1,ST040003,℃,2026-03-06 08:00:00,初馏点蒸发温度 TIBP,延化120万吨/年催化重整装置
121.2,ST040003,℃,2026-03-06 08:00:00,10%平均蒸发温度T10%,延化120万吨/年催化重整装置
0.8,ST040003,<p>%</p>,2026-03-06 08:00:00,平均残留百分数(B),延化120万吨/年催化重整装置
169.9,ST040003,℃,2026-03-06 08:00:00,90%平均蒸发温度T90%,延化120万吨/年催化重整装置
202.9,ST040003,℃,2026-03-06 08:00:00,终馏点蒸发温度TFBP,延化120万吨/年催化重整装置
98.0,ST040003,<p>%</p>,2026-03-06 08:00:00,全馏,延化120万吨/年催化重整装置
142.1,ST040003,℃,2026-03-06 08:00:00,50%平均蒸发温度T50%,延化120万吨/年催化重整装置
107.0,ST040003,℃,2026-03-07 08:00:00,初馏点蒸发温度 TIBP,延化120万吨/年催化重整装置
121.5,ST040003,℃,2026-03-07 08:00:00,10%平均蒸发温度T10%,延化120万吨/年催化重整装置
142.1,ST040003,℃,2026-03-07 08:00:00,50%平均蒸发温度T50%,延化120万吨/年催化重整装置
843.4,ST040003,<p>kg/m<sup>3</sup></p>,2026-03-07 08:00:00,密度,延化120万吨/年催化重整装置
98.0,ST040003,<p>%</p>,2026-03-07 08:00:00,全馏,延化120万吨/年催化重整装置
0.8,ST040003,<p>%</p>,2026-03-07 08:00:00,平均残留百分数(B),延化120万吨/年催化重整装置
203.7,ST040003,℃,2026-03-07 08:00:00,终馏点蒸发温度TFBP,延化120万吨/年催化重整装置
169.8,ST040003,℃,2026-03-07 08:00:00,90%平均蒸发温度T90%,延化120万吨/年催化重整装置
170.2,ST040003,℃,2026-03-08 08:00:00,90%平均蒸发温度T90%,延化120万吨/年催化重整装置
106.7,ST040003,℃,2026-03-08 08:00:00,初馏点蒸发温度 TIBP,延化120万吨/年催化重整装置
121.5,ST040003,℃,2026-03-08 08:00:00,10%平均蒸发温度T10%,延化120万吨/年催化重整装置
844.0,ST040003,<p>kg/m<sup>3</sup></p>,2026-03-08 08:00:00,密度,延化120万吨/年催化重整装置
203.9,ST040003,℃,2026-03-08 08:00:00,终馏点蒸发温度TFBP,延化120万吨/年催化重整装置
98.0,ST040003,<p>%</p>,2026-03-08 08:00:00,全馏,延化120万吨/年催化重整装置
0.8,ST040003,<p>%</p>,2026-03-08 08:00:00,平均残留百分数(B),延化120万吨/年催化重整装置
142.2,ST040003,℃,2026-03-08 08:00:00,50%平均蒸发温度T50%,延化120万吨/年催化重整装置
204.2,ST040003,℃,2026-03-09 08:00:00,终馏点蒸发温度TFBP,延化120万吨/年催化重整装置
107.5,ST040003,℃,2026-03-09 08:00:00,初馏点蒸发温度 TIBP,延化120万吨/年催化重整装置
119.6,ST040003,℃,2026-03-09 08:00:00,10%平均蒸发温度T10%,延化120万吨/年催化重整装置
842.1,ST040003,<p>kg/m<sup>3</sup></p>,2026-03-09 08:00:00,密度,延化120万吨/年催化重整装置
170.4,ST040003,℃,2026-03-09 08:00:00,90%平均蒸发温度T90%,延化120万吨/年催化重整装置
98.0,ST040003,<p>%</p>,2026-03-09 08:00:00,全馏,延化120万吨/年催化重整装置
0.8,ST040003,<p>%</p>,2026-03-09 08:00:00,平均残留百分数(B),延化120万吨/年催化重整装置
142.2,ST040003,℃,2026-03-09 08:00:00,50%平均蒸发温度T50%,延化120万吨/年催化重整装置
118.8,ST040003,℃,2026-03-10 08:00:00,10%平均蒸发温度T10%,延化120万吨/年催化重整装置
142.4,ST040003,℃,2026-03-10 08:00:00,50%平均蒸发温度T50%,延化120万吨/年催化重整装置
170.5,ST040003,℃,2026-03-10 08:00:00,90%平均蒸发温度T90%,延化120万吨/年催化重整装置
205.0,ST040003,℃,2026-03-10 08:00:00,终馏点蒸发温度TFBP,延化120万吨/年催化重整装置
98.0,ST040003,<p>%</p>,2026-03-10 08:00:00,全馏,延化120万吨/年催化重整装置
0.8,ST040003,<p>%</p>,2026-03-10 08:00:00,平均残留百分数(B),延化120万吨/年催化重整装置
105.5,ST040003,℃,2026-03-10 08:00:00,初馏点蒸发温度 TIBP,延化120万吨/年催化重整装置
842.7,ST040003,<p>kg/m<sup>3</sup></p>,2026-03-10 08:00:00,密度,延化120万吨/年催化重整装置
1.94,ST040003,<p>%</p>,2026-03-10 15:00:00,烯烃含量,延化120万吨/年催化重整装置
6.55,ST040003,<p>%</p>,2026-03-10 15:00:00,正构烷烃,延化120万吨/年催化重整装置
13.16,ST040003,<p>%</p>,2026-03-10 15:00:00,异构烷烃,延化120万吨/年催化重整装置
20.22,ST040003,<p>%</p>,2026-03-10 15:00:00,烷烃含量,延化120万吨/年催化重整装置
0.51,ST040003,<p>%</p>,2026-03-10 15:00:00,环烷烃含量,延化120万吨/年催化重整装置
77.83,ST040003,<p>%</p>,2026-03-10 15:00:00,芳烃含量,延化120万吨/年催化重整装置
170.5,ST040003,℃,2026-03-11 08:00:00,90%平均蒸发温度T90%,延化120万吨/年催化重整装置
142.5,ST040003,℃,2026-03-11 08:00:00,50%平均蒸发温度T50%,延化120万吨/年催化重整装置
98.0,ST040003,<p>%</p>,2026-03-11 08:00:00,全馏,延化120万吨/年催化重整装置
0.8,ST040003,<p>%</p>,2026-03-11 08:00:00,平均残留百分数(B),延化120万吨/年催化重整装置
0.48,ST040003,<p>%</p>,2026-03-11 08:00:00,烯烃含量,延化120万吨/年催化重整装置
3.24,ST040003,<p>%</p>,2026-03-11 08:00:00,正构烷烃,延化120万吨/年催化重整装置
8.24,ST040003,<p>%</p>,2026-03-11 08:00:00,异构烷烃,延化120万吨/年催化重整装置
12.73,ST040003,<p>%</p>,2026-03-11 08:00:00,烷烃含量,延化120万吨/年催化重整装置
1.25,ST040003,<p>%</p>,2026-03-11 08:00:00,环烷烃含量,延化120万吨/年催化重整装置
86.37,ST040003,<p>%</p>,2026-03-11 08:00:00,芳烃含量,延化120万吨/年催化重整装置
0.21,ST040003,<p>%</p>,2026-03-11 08:00:00,苯含量,延化120万吨/年催化重整装置
105,ST040003,,2026-03-11 08:00:00,模拟法辛烷值,延化120万吨/年催化重整装置
843.8,ST040003,<p>kg/m<sup>3</sup></p>,2026-03-11 08:00:00,密度,延化120万吨/年催化重整装置
106.9,ST040003,℃,2026-03-11 08:00:00,初馏点蒸发温度 TIBP,延化120万吨/年催化重整装置
121.1,ST040003,℃,2026-03-11 08:00:00,10%平均蒸发温度T10%,延化120万吨/年催化重整装置
204.9,ST040003,℃,2026-03-11 08:00:00,终馏点蒸发温度TFBP,延化120万吨/年催化重整装置
142.4,ST040003,℃,2026-03-12 08:00:00,50%平均蒸发温度T50%,延化120万吨/年催化重整装置
844.5,ST040003,<p>kg/m<sup>3</sup></p>,2026-03-12 08:00:00,密度,延化120万吨/年催化重整装置
107.0,ST040003,℃,2026-03-12 08:00:00,初馏点蒸发温度 TIBP,延化120万吨/年催化重整装置
0.8,ST040003,<p>%</p>,2026-03-12 08:00:00,平均残留百分数(B),延化120万吨/年催化重整装置
170.4,ST040003,℃,2026-03-12 08:00:00,90%平均蒸发温度T90%,延化120万吨/年催化重整装置
204.7,ST040003,℃,2026-03-12 08:00:00,终馏点蒸发温度TFBP,延化120万吨/年催化重整装置
98.0,ST040003,<p>%</p>,2026-03-12 08:00:00,全馏,延化120万吨/年催化重整装置
121.7,ST040003,℃,2026-03-12 08:00:00,10%平均蒸发温度T10%,延化120万吨/年催化重整装置
106.9,ST040003,℃,2026-03-13 08:00:00,初馏点蒸发温度 TIBP,延化120万吨/年催化重整装置
122.1,ST040003,℃,2026-03-13 08:00:00,10%平均蒸发温度T10%,延化120万吨/年催化重整装置
846.3,ST040003,<p>kg/m<sup>3</sup></p>,2026-03-13 08:00:00,密度,延化120万吨/年催化重整装置
0.8,ST040003,<p>%</p>,2026-03-13 08:00:00,平均残留百分数(B),延化120万吨/年催化重整装置
98.0,ST040003,<p>%</p>,2026-03-13 08:00:00,全馏,延化120万吨/年催化重整装置
205.7,ST040003,℃,2026-03-13 08:00:00,终馏点蒸发温度TFBP,延化120万吨/年催化重整装置
170.4,ST040003,℃,2026-03-13 08:00:00,90%平均蒸发温度T90%,延化120万吨/年催化重整装置
142.7,ST040003,℃,2026-03-13 08:00:00,50%平均蒸发温度T50%,延化120万吨/年催化重整装置
98.0,ST040003,<p>%</p>,2026-03-13 13:30:00,全馏,延化120万吨/年催化重整装置
205.9,ST040003,℃,2026-03-13 13:30:00,终馏点蒸发温度TFBP,延化120万吨/年催化重整装置
142.6,ST040003,℃,2026-03-13 13:30:00,50%平均蒸发温度T50%,延化120万吨/年催化重整装置
121.7,ST040003,℃,2026-03-13 13:30:00,10%平均蒸发温度T10%,延化120万吨/年催化重整装置
106.9,ST040003,℃,2026-03-13 13:30:00,初馏点蒸发温度 TIBP,延化120万吨/年催化重整装置
170.3,ST040003,℃,2026-03-13 13:30:00,90%平均蒸发温度T90%,延化120万吨/年催化重整装置
0.8,ST040003,<p>%</p>,2026-03-13 13:30:00,平均残留百分数(B),延化120万吨/年催化重整装置
845.5,ST040003,<p>kg/m<sup>3</sup></p>,2026-03-14 08:00:00,密度,延化120万吨/年催化重整装置
107.2,ST040003,℃,2026-03-14 08:00:00,初馏点蒸发温度 TIBP,延化120万吨/年催化重整装置
122.5,ST040003,℃,2026-03-14 08:00:00,10%平均蒸发温度T10%,延化120万吨/年催化重整装置
0.8,ST040003,<p>%</p>,2026-03-14 08:00:00,平均残留百分数(B),延化120万吨/年催化重整装置
170.3,ST040003,℃,2026-03-14 08:00:00,90%平均蒸发温度T90%,延化120万吨/年催化重整装置
206.9,ST040003,℃,2026-03-14 08:00:00,终馏点蒸发温度TFBP,延化120万吨/年催化重整装置
98.0,ST040003,<p>%</p>,2026-03-14 08:00:00,全馏,延化120万吨/年催化重整装置
143.4,ST040003,℃,2026-03-14 08:00:00,50%平均蒸发温度T50%,延化120万吨/年催化重整装置
204.9,ST040003,℃,2026-03-15 08:00:00,终馏点蒸发温度TFBP,延化120万吨/年催化重整装置
843.6,ST040003,<p>kg/m<sup>3</sup></p>,2026-03-15 08:00:00,密度,延化120万吨/年催化重整装置
107.0,ST040003,℃,2026-03-15 08:00:00,初馏点蒸发温度 TIBP,延化120万吨/年催化重整装置
0.8,ST040003,<p>%</p>,2026-03-15 08:00:00,平均残留百分数(B),延化120万吨/年催化重整装置
142.4,ST040003,℃,2026-03-15 08:00:00,50%平均蒸发温度T50%,延化120万吨/年催化重整装置
170.4,ST040003,℃,2026-03-15 08:00:00,90%平均蒸发温度T90%,延化120万吨/年催化重整装置
98.0,ST040003,<p>%</p>,2026-03-15 08:00:00,全馏,延化120万吨/年催化重整装置
121.0,ST040003,℃,2026-03-15 08:00:00,10%平均蒸发温度T10%,延化120万吨/年催化重整装置
842.1,ST040003,<p>kg/m<sup>3</sup></p>,2026-03-16 08:00:00,密度,延化120万吨/年催化重整装置
107.4,ST040003,℃,2026-03-16 08:00:00,初馏点蒸发温度 TIBP,延化120万吨/年催化重整装置
119.3,ST040003,℃,2026-03-16 08:00:00,10%平均蒸发温度T10%,延化120万吨/年催化重整装置
0.8,ST040003,<p>%</p>,2026-03-16 08:00:00,平均残留百分数(B),延化120万吨/年催化重整装置
170.4,ST040003,℃,2026-03-16 08:00:00,90%平均蒸发温度T90%,延化120万吨/年催化重整装置
205.0,ST040003,℃,2026-03-16 08:00:00,终馏点蒸发温度TFBP,延化120万吨/年催化重整装置
98.0,ST040003,<p>%</p>,2026-03-16 08:00:00,全馏,延化120万吨/年催化重整装置
142.3,ST040003,℃,2026-03-16 08:00:00,50%平均蒸发温度T50%,延化120万吨/年催化重整装置
205.8,ST040003,℃,2026-03-17 08:00:00,终馏点蒸发温度TFBP,延化120万吨/年催化重整装置
98.0,ST040003,<p>%</p>,2026-03-17 08:00:00,全馏,延化120万吨/年催化重整装置
0.8,ST040003,<p>%</p>,2026-03-17 08:00:00,平均残留百分数(B),延化120万吨/年催化重整装置
170.7,ST040003,℃,2026-03-17 08:00:00,90%平均蒸发温度T90%,延化120万吨/年催化重整装置
107.2,ST040003,℃,2026-03-17 08:00:00,初馏点蒸发温度 TIBP,延化120万吨/年催化重整装置
122.2,ST040003,℃,2026-03-17 08:00:00,10%平均蒸发温度T10%,延化120万吨/年催化重整装置
142.9,ST040003,℃,2026-03-17 08:00:00,50%平均蒸发温度T50%,延化120万吨/年催化重整装置
847.2,ST040003,<p>kg/m<sup>3</sup></p>,2026-03-17 08:00:00,密度,延化120万吨/年催化重整装置
0.43,ST040003,<p>%</p>,2026-03-18 08:00:00,烯烃含量,延化120万吨/年催化重整装置
3.19,ST040003,<p>%</p>,2026-03-18 08:00:00,正构烷烃,延化120万吨/年催化重整装置
844.8,ST040003,<p>kg/m<sup>3</sup></p>,2026-03-18 08:00:00,密度,延化120万吨/年催化重整装置
0.8,ST040003,<p>%</p>,2026-03-18 08:00:00,平均残留百分数(B),延化120万吨/年催化重整装置
98.0,ST040003,<p>%</p>,2026-03-18 08:00:00,全馏,延化120万吨/年催化重整装置
206.2,ST040003,℃,2026-03-18 08:00:00,终馏点蒸发温度TFBP,延化120万吨/年催化重整装置
142.8,ST040003,℃,2026-03-18 08:00:00,50%平均蒸发温度T50%,延化120万吨/年催化重整装置
121.5,ST040003,℃,2026-03-18 08:00:00,10%平均蒸发温度T10%,延化120万吨/年催化重整装置
7.26,ST040003,<p>%</p>,2026-03-18 08:00:00,异构烷烃,延化120万吨/年催化重整装置
11.58,ST040003,<p>%</p>,2026-03-18 08:00:00,烷烃含量,延化120万吨/年催化重整装置
1.13,ST040003,<p>%</p>,2026-03-18 08:00:00,环烷烃含量,延化120万吨/年催化重整装置
88.01,ST040003,<p>%</p>,2026-03-18 08:00:00,芳烃含量,延化120万吨/年催化重整装置
0.19,ST040003,<p>%</p>,2026-03-18 08:00:00,苯含量,延化120万吨/年催化重整装置
103,ST040003,,2026-03-18 08:00:00,模拟法辛烷值,延化120万吨/年催化重整装置
170.5,ST040003,℃,2026-03-18 08:00:00,90%平均蒸发温度T90%,延化120万吨/年催化重整装置
107.1,ST040003,℃,2026-03-18 08:00:00,初馏点蒸发温度 TIBP,延化120万吨/年催化重整装置
142.4,ST040003,℃,2026-03-18 11:30:00,50%平均蒸发温度T50%,延化120万吨/年催化重整装置
119.2,ST040003,℃,2026-03-18 11:30:00,10%平均蒸发温度T10%,延化120万吨/年催化重整装置
107.5,ST040003,℃,2026-03-18 11:30:00,初馏点蒸发温度 TIBP,延化120万吨/年催化重整装置
170.6,ST040003,℃,2026-03-18 11:30:00,90%平均蒸发温度T90%,延化120万吨/年催化重整装置
98.0,ST040003,<p>%</p>,2026-03-18 11:30:00,全馏,延化120万吨/年催化重整装置
205.8,ST040003,℃,2026-03-18 11:30:00,终馏点蒸发温度TFBP,延化120万吨/年催化重整装置
0.8,ST040003,<p>%</p>,2026-03-18 11:30:00,平均残留百分数(B),延化120万吨/年催化重整装置
138.0,ST040003,℃,2026-03-19 08:00:00,50%平均蒸发温度T50%,延化120万吨/年催化重整装置
844.1,ST040003,<p>kg/m<sup>3</sup></p>,2026-03-19 08:00:00,密度,延化120万吨/年催化重整装置
0.8,ST040003,<p>%</p>,2026-03-19 08:00:00,平均残留百分数(B),延化120万吨/年催化重整装置
98.0,ST040003,<p>%</p>,2026-03-19 08:00:00,全馏,延化120万吨/年催化重整装置
209.0,ST040003,℃,2026-03-19 08:00:00,终馏点蒸发温度TFBP,延化120万吨/年催化重整装置
169.0,ST040003,℃,2026-03-19 08:00:00,90%平均蒸发温度T90%,延化120万吨/年催化重整装置
121.0,ST040003,℃,2026-03-19 08:00:00,10%平均蒸发温度T10%,延化120万吨/年催化重整装置
104.0,ST040003,℃,2026-03-19 08:00:00,初馏点蒸发温度 TIBP,延化120万吨/年催化重整装置
106.0,ST040003,℃,2026-03-19 11:40:00,初馏点蒸发温度 TIBP,延化120万吨/年催化重整装置
0.8,ST040003,<p>%</p>,2026-03-19 11:40:00,平均残留百分数(B),延化120万吨/年催化重整装置
98.0,ST040003,<p>%</p>,2026-03-19 11:40:00,全馏,延化120万吨/年催化重整装置
207.0,ST040003,℃,2026-03-19 11:40:00,终馏点蒸发温度TFBP,延化120万吨/年催化重整装置
169.0,ST040003,℃,2026-03-19 11:40:00,90%平均蒸发温度T90%,延化120万吨/年催化重整装置
139.0,ST040003,℃,2026-03-19 11:40:00,50%平均蒸发温度T50%,延化120万吨/年催化重整装置
120.0,ST040003,℃,2026-03-19 11:40:00,10%平均蒸发温度T10%,延化120万吨/年催化重整装置
106.0,ST040003,℃,2026-03-20 08:00:00,初馏点蒸发温度 TIBP,延化120万吨/年催化重整装置
843.5,ST040003,<p>kg/m<sup>3</sup></p>,2026-03-20 08:00:00,密度,延化120万吨/年催化重整装置
0.8,ST040003,<p>%</p>,2026-03-20 08:00:00,平均残留百分数(B),延化120万吨/年催化重整装置
98.0,ST040003,<p>%</p>,2026-03-20 08:00:00,全馏,延化120万吨/年催化重整装置
207.0,ST040003,℃,2026-03-20 08:00:00,终馏点蒸发温度TFBP,延化120万吨/年催化重整装置
170.0,ST040003,℃,2026-03-20 08:00:00,90%平均蒸发温度T90%,延化120万吨/年催化重整装置
136.0,ST040003,℃,2026-03-20 08:00:00,50%平均蒸发温度T50%,延化120万吨/年催化重整装置
116.0,ST040003,℃,2026-03-20 08:00:00,10%平均蒸发温度T10%,延化120万吨/年催化重整装置
208.0,ST040003,℃,2026-03-20 11:30:00,终馏点蒸发温度TFBP,延化120万吨/年催化重整装置
170.0,ST040003,℃,2026-03-20 11:30:00,90%平均蒸发温度T90%,延化120万吨/年催化重整装置
137.5,ST040003,℃,2026-03-20 11:30:00,50%平均蒸发温度T50%,延化120万吨/年催化重整装置
119.5,ST040003,℃,2026-03-20 11:30:00,10%平均蒸发温度T10%,延化120万吨/年催化重整装置
107.0,ST040003,℃,2026-03-20 11:30:00,初馏点蒸发温度 TIBP,延化120万吨/年催化重整装置
0.8,ST040003,<p>%</p>,2026-03-20 11:30:00,校正损失百分数(LC),延化120万吨/年催化重整装置
0.8,ST040003,<p>%</p>,2026-03-20 11:30:00,校正损失百分数(LC),延化120万吨/年催化重整装置
98.4,ST040003,<p>%</p>,2026-03-20 11:30:00,校正回收百分数(RC),延化120万吨/年催化重整装置
98.4,ST040003,<p>%</p>,2026-03-20 11:30:00,全馏,延化120万吨/年催化重整装置
98.4,ST040003,<p>%</p>,2026-03-20 11:30:00,校正回收百分数(RC),延化120万吨/年催化重整装置
103.0,ST040003,℃,2026-03-21 08:00:00,初馏点蒸发温度 TIBP,延化120万吨/年催化重整装置
118.0,ST040003,℃,2026-03-21 08:00:00,10%平均蒸发温度T10%,延化120万吨/年催化重整装置
136.5,ST040003,℃,2026-03-21 08:00:00,50%平均蒸发温度T50%,延化120万吨/年催化重整装置
167.0,ST040003,℃,2026-03-21 08:00:00,90%平均蒸发温度T90%,延化120万吨/年催化重整装置
208.0,ST040003,℃,2026-03-21 08:00:00,终馏点蒸发温度TFBP,延化120万吨/年催化重整装置
0.8,ST040003,<p>%</p>,2026-03-21 08:00:00,校正损失百分数(LC),延化120万吨/年催化重整装置
0.8,ST040003,<p>%</p>,2026-03-21 08:00:00,校正损失百分数(LC),延化120万吨/年催化重整装置
843.7,ST040003,<p>kg/m<sup>3</sup></p>,2026-03-21 08:00:00,密度,延化120万吨/年催化重整装置
98.4,ST040003,<p>%</p>,2026-03-21 08:00:00,校正回收百分数(RC),延化120万吨/年催化重整装置
98.4,ST040003,<p>%</p>,2026-03-21 08:00:00,校正回收百分数(RC),延化120万吨/年催化重整装置
98.4,ST040003,<p>%</p>,2026-03-21 08:00:00,全馏,延化120万吨/年催化重整装置
106.0,ST040003,℃,2026-03-22 08:00:00,初馏点蒸发温度 TIBP,延化120万吨/年催化重整装置
845.2,ST040003,<p>kg/m<sup>3</sup></p>,2026-03-22 08:00:00,密度,延化120万吨/年催化重整装置
209.0,ST040003,℃,2026-03-22 08:00:00,终馏点蒸发温度TFBP,延化120万吨/年催化重整装置
169.0,ST040003,℃,2026-03-22 08:00:00,90%平均蒸发温度T90%,延化120万吨/年催化重整装置
137.5,ST040003,℃,2026-03-22 08:00:00,50%平均蒸发温度T50%,延化120万吨/年催化重整装置
98.4,ST040003,<p>%</p>,2026-03-22 08:00:00,全馏,延化120万吨/年催化重整装置
0.8,ST040003,<p>%</p>,2026-03-22 08:00:00,校正损失百分数(LC),延化120万吨/年催化重整装置
0.8,ST040003,<p>%</p>,2026-03-22 08:00:00,校正损失百分数(LC),延化120万吨/年催化重整装置
98.4,ST040003,<p>%</p>,2026-03-22 08:00:00,校正回收百分数(RC),延化120万吨/年催化重整装置
98.4,ST040003,<p>%</p>,2026-03-22 08:00:00,校正回收百分数(RC),延化120万吨/年催化重整装置
120.5,ST040003,℃,2026-03-22 08:00:00,10%平均蒸发温度T10%,延化120万吨/年催化重整装置
846.5,ST040003,<p>kg/m<sup>3</sup></p>,2026-03-23 08:00:00,密度,延化120万吨/年催化重整装置
209.0,ST040003,℃,2026-03-23 08:00:00,终馏点蒸发温度TFBP,延化120万吨/年催化重整装置
168.0,ST040003,℃,2026-03-23 08:00:00,90%平均蒸发温度T90%,延化120万吨/年催化重整装置
137.5,ST040003,℃,2026-03-23 08:00:00,50%平均蒸发温度T50%,延化120万吨/年催化重整装置
118.0,ST040003,℃,2026-03-23 08:00:00,10%平均蒸发温度T10%,延化120万吨/年催化重整装置
98.4,ST040003,<p>%</p>,2026-03-23 08:00:00,全馏,延化120万吨/年催化重整装置
98.4,ST040003,<p>%</p>,2026-03-23 08:00:00,校正回收百分数(RC),延化120万吨/年催化重整装置
0.8,ST040003,<p>%</p>,2026-03-23 08:00:00,校正损失百分数(LC),延化120万吨/年催化重整装置
0.8,ST040003,<p>%</p>,2026-03-23 08:00:00,校正损失百分数(LC),延化120万吨/年催化重整装置
98.4,ST040003,<p>%</p>,2026-03-23 08:00:00,校正回收百分数(RC),延化120万吨/年催化重整装置
105.0,ST040003,℃,2026-03-23 08:00:00,初馏点蒸发温度 TIBP,延化120万吨/年催化重整装置
0.8,ST040003,<p>%</p>,2026-03-24 08:00:00,校正损失百分数(LC),延化120万吨/年催化重整装置
845.0,ST040003,<p>kg/m<sup>3</sup></p>,2026-03-24 08:00:00,密度,延化120万吨/年催化重整装置
98.4,ST040003,<p>%</p>,2026-03-24 08:00:00,校正回收百分数(RC),延化120万吨/年催化重整装置
98.4,ST040003,<p>%</p>,2026-03-24 08:00:00,校正回收百分数(RC),延化120万吨/年催化重整装置
138.0,ST040003,℃,2026-03-24 08:00:00,50%平均蒸发温度T50%,延化120万吨/年催化重整装置
0.8,ST040003,<p>%</p>,2026-03-24 08:00:00,校正损失百分数(LC),延化120万吨/年催化重整装置
107.5,ST040003,℃,2026-03-24 08:00:00,初馏点蒸发温度 TIBP,延化120万吨/年催化重整装置
117.5,ST040003,℃,2026-03-24 08:00:00,10%平均蒸发温度T10%,延化120万吨/年催化重整装置
170.0,ST040003,℃,2026-03-24 08:00:00,90%平均蒸发温度T90%,延化120万吨/年催化重整装置
208.5,ST040003,℃,2026-03-24 08:00:00,终馏点蒸发温度TFBP,延化120万吨/年催化重整装置
98.4,ST040003,<p>%</p>,2026-03-24 08:00:00,全馏,延化120万吨/年催化重整装置
104.5,ST040003,,2026-03-25 08:00:00,模拟法辛烷值,延化120万吨/年催化重整装置
0.19,ST040003,<p>%</p>,2026-03-25 08:00:00,苯含量,延化120万吨/年催化重整装置
98.4,ST040003,<p>%</p>,2026-03-25 08:00:00,校正回收百分数(RC),延化120万吨/年催化重整装置
98.4,ST040003,<p>%</p>,2026-03-25 08:00:00,校正回收百分数(RC),延化120万吨/年催化重整装置
0.8,ST040003,<p>%</p>,2026-03-25 08:00:00,校正损失百分数(LC),延化120万吨/年催化重整装置
106.0,ST040003,℃,2026-03-25 08:00:00,初馏点蒸发温度 TIBP,延化120万吨/年催化重整装置
118.5,ST040003,℃,2026-03-25 08:00:00,10%平均蒸发温度T10%,延化120万吨/年催化重整装置
136.5,ST040003,℃,2026-03-25 08:00:00,50%平均蒸发温度T50%,延化120万吨/年催化重整装置
167.0,ST040003,℃,2026-03-25 08:00:00,90%平均蒸发温度T90%,延化120万吨/年催化重整装置
211.0,ST040003,℃,2026-03-25 08:00:00,终馏点蒸发温度TFBP,延化120万吨/年催化重整装置
98.4,ST040003,<p>%</p>,2026-03-25 08:00:00,全馏,延化120万吨/年催化重整装置
1.28,ST040003,<p>%</p>,2026-03-25 08:00:00,环烷烃含量,延化120万吨/年催化重整装置
842.2,ST040003,<p>kg/m<sup>3</sup></p>,2026-03-25 08:00:00,密度,延化120万吨/年催化重整装置
3.20,ST040003,<p>%</p>,2026-03-25 08:00:00,正构烷烃,延化120万吨/年催化重整装置
8.95,ST040003,<p>%</p>,2026-03-25 08:00:00,异构烷烃,延化120万吨/年催化重整装置
13.43,ST040003,<p>%</p>,2026-03-25 08:00:00,烷烃含量,延化120万吨/年催化重整装置
0.51,ST040003,<p>%</p>,2026-03-25 08:00:00,烯烃含量,延化120万吨/年催化重整装置
85.59,ST040003,<p>%</p>,2026-03-25 08:00:00,芳烃含量,延化120万吨/年催化重整装置
0.8,ST040003,<p>%</p>,2026-03-25 08:00:00,校正损失百分数(LC),延化120万吨/年催化重整装置
0.8,ST040003,<p>%</p>,2026-03-26 08:00:00,校正损失百分数(LC),延化120万吨/年催化重整装置
0.8,ST040003,<p>%</p>,2026-03-26 08:00:00,校正损失百分数(LC),延化120万吨/年催化重整装置
98.4,ST040003,<p>%</p>,2026-03-26 08:00:00,校正回收百分数(RC),延化120万吨/年催化重整装置
98.4,ST040003,<p>%</p>,2026-03-26 08:00:00,校正回收百分数(RC),延化120万吨/年催化重整装置
98.4,ST040003,<p>%</p>,2026-03-26 08:00:00,全馏,延化120万吨/年催化重整装置
107.0,ST040003,℃,2026-03-26 08:00:00,初馏点蒸发温度 TIBP,延化120万吨/年催化重整装置
208.5,ST040003,℃,2026-03-26 08:00:00,终馏点蒸发温度TFBP,延化120万吨/年催化重整装置
165.5,ST040003,℃,2026-03-26 08:00:00,90%平均蒸发温度T90%,延化120万吨/年催化重整装置
135.5,ST040003,℃,2026-03-26 08:00:00,50%平均蒸发温度T50%,延化120万吨/年催化重整装置
120.5,ST040003,℃,2026-03-26 08:00:00,10%平均蒸发温度T10%,延化120万吨/年催化重整装置
844.9,ST040003,<p>kg/m<sup>3</sup></p>,2026-03-26 08:00:00,密度,延化120万吨/年催化重整装置
169.0,ST040003,℃,2026-03-27 08:00:00,90%平均蒸发温度T90%,延化120万吨/年催化重整装置
844.8,ST040003,<p>kg/m<sup>3</sup></p>,2026-03-27 08:00:00,密度,延化120万吨/年催化重整装置
106.0,ST040003,℃,2026-03-27 08:00:00,初馏点蒸发温度 TIBP,延化120万吨/年催化重整装置
120.0,ST040003,℃,2026-03-27 08:00:00,10%平均蒸发温度T10%,延化120万吨/年催化重整装置
138.5,ST040003,℃,2026-03-27 08:00:00,50%平均蒸发温度T50%,延化120万吨/年催化重整装置
0.8,ST040003,<p>%</p>,2026-03-27 08:00:00,校正损失百分数(LC),延化120万吨/年催化重整装置
98.4,ST040003,<p>%</p>,2026-03-27 08:00:00,全馏,延化120万吨/年催化重整装置
98.4,ST040003,<p>%</p>,2026-03-27 08:00:00,校正回收百分数(RC),延化120万吨/年催化重整装置
98.4,ST040003,<p>%</p>,2026-03-27 08:00:00,校正回收百分数(RC),延化120万吨/年催化重整装置
0.8,ST040003,<p>%</p>,2026-03-27 08:00:00,校正损失百分数(LC),延化120万吨/年催化重整装置
206.0,ST040003,℃,2026-03-27 08:00:00,终馏点蒸发温度TFBP,延化120万吨/年催化重整装置
844.2,ST040003,<p>kg/m<sup>3</sup></p>,2026-03-28 08:00:00,密度,延化120万吨/年催化重整装置
0.8,ST040003,<p>%</p>,2026-03-28 08:00:00,校正损失百分数(LC),延化120万吨/年催化重整装置
98.4,ST040003,<p>%</p>,2026-03-28 08:00:00,校正回收百分数(RC),延化120万吨/年催化重整装置
98.4,ST040003,<p>%</p>,2026-03-28 08:00:00,校正回收百分数(RC),延化120万吨/年催化重整装置
0.8,ST040003,<p>%</p>,2026-03-28 08:00:00,校正损失百分数(LC),延化120万吨/年催化重整装置
98.4,ST040003,<p>%</p>,2026-03-28 08:00:00,全馏,延化120万吨/年催化重整装置
120.0,ST040003,℃,2026-03-28 08:00:00,10%平均蒸发温度T10%,延化120万吨/年催化重整装置
139.5,ST040003,℃,2026-03-28 08:00:00,50%平均蒸发温度T50%,延化120万吨/年催化重整装置
169.0,ST040003,℃,2026-03-28 08:00:00,90%平均蒸发温度T90%,延化120万吨/年催化重整装置
208.0,ST040003,℃,2026-03-28 08:00:00,终馏点蒸发温度TFBP,延化120万吨/年催化重整装置
107.0,ST040003,℃,2026-03-28 08:00:00,初馏点蒸发温度 TIBP,延化120万吨/年催化重整装置
119.5,ST040003,℃,2026-03-29 08:00:00,10%平均蒸发温度T10%,延化120万吨/年催化重整装置
208.0,ST040003,℃,2026-03-29 08:00:00,终馏点蒸发温度TFBP,延化120万吨/年催化重整装置
169.5,ST040003,℃,2026-03-29 08:00:00,90%平均蒸发温度T90%,延化120万吨/年催化重整装置
138.5,ST040003,℃,2026-03-29 08:00:00,50%平均蒸发温度T50%,延化120万吨/年催化重整装置
107.0,ST040003,℃,2026-03-29 08:00:00,初馏点蒸发温度 TIBP,延化120万吨/年催化重整装置
846.6,ST040003,<p>kg/m<sup>3</sup></p>,2026-03-29 08:00:00,密度,延化120万吨/年催化重整装置
0.8,ST040003,<p>%</p>,2026-03-29 08:00:00,校正损失百分数(LC),延化120万吨/年催化重整装置
98.4,ST040003,<p>%</p>,2026-03-29 08:00:00,校正回收百分数(RC),延化120万吨/年催化重整装置
98.4,ST040003,<p>%</p>,2026-03-29 08:00:00,全馏,延化120万吨/年催化重整装置
98.4,ST040003,<p>%</p>,2026-03-29 08:00:00,校正回收百分数(RC),延化120万吨/年催化重整装置
0.8,ST040003,<p>%</p>,2026-03-29 08:00:00,校正损失百分数(LC),延化120万吨/年催化重整装置
119.5,ST040003,℃,2026-03-30 08:00:00,10%平均蒸发温度T10%,延化120万吨/年催化重整装置
98.4,ST040003,<p>%</p>,2026-03-30 08:00:00,全馏,延化120万吨/年催化重整装置
209.0,ST040003,℃,2026-03-30 08:00:00,终馏点蒸发温度TFBP,延化120万吨/年催化重整装置
167.0,ST040003,℃,2026-03-30 08:00:00,90%平均蒸发温度T90%,延化120万吨/年催化重整装置
139.0,ST040003,℃,2026-03-30 08:00:00,50%平均蒸发温度T50%,延化120万吨/年催化重整装置
846.2,ST040003,<p>kg/m<sup>3</sup></p>,2026-03-30 08:00:00,密度,延化120万吨/年催化重整装置
0.8,ST040003,<p>%</p>,2026-03-30 08:00:00,校正损失百分数(LC),延化120万吨/年催化重整装置
0.8,ST040003,<p>%</p>,2026-03-30 08:00:00,校正损失百分数(LC),延化120万吨/年催化重整装置
98.4,ST040003,<p>%</p>,2026-03-30 08:00:00,校正回收百分数(RC),延化120万吨/年催化重整装置
98.4,ST040003,<p>%</p>,2026-03-30 08:00:00,校正回收百分数(RC),延化120万吨/年催化重整装置
108.0,ST040003,℃,2026-03-30 08:00:00,初馏点蒸发温度 TIBP,延化120万吨/年催化重整装置
845.2,ST040003,<p>kg/m<sup>3</sup></p>,2026-03-31 08:00:00,密度,延化120万吨/年催化重整装置
210.0,ST040003,℃,2026-03-31 08:00:00,终馏点蒸发温度TFBP,延化120万吨/年催化重整装置
168.5,ST040003,℃,2026-03-31 08:00:00,90%平均蒸发温度T90%,延化120万吨/年催化重整装置
137.5,ST040003,℃,2026-03-31 08:00:00,50%平均蒸发温度T50%,延化120万吨/年催化重整装置
119.5,ST040003,℃,2026-03-31 08:00:00,10%平均蒸发温度T10%,延化120万吨/年催化重整装置
98.4,ST040003,<p>%</p>,2026-03-31 08:00:00,全馏,延化120万吨/年催化重整装置
0.8,ST040003,<p>%</p>,2026-03-31 08:00:00,校正损失百分数(LC),延化120万吨/年催化重整装置
0.8,ST040003,<p>%</p>,2026-03-31 08:00:00,校正损失百分数(LC),延化120万吨/年催化重整装置
98.4,ST040003,<p>%</p>,2026-03-31 08:00:00,校正回收百分数(RC),延化120万吨/年催化重整装置
98.4,ST040003,<p>%</p>,2026-03-31 08:00:00,校正回收百分数(RC),延化120万吨/年催化重整装置
107.0,ST040003,℃,2026-03-31 08:00:00,初馏点蒸发温度 TIBP,延化120万吨/年催化重整装置
167.5,ST040003,℃,2026-04-01 08:00:00,90%平均蒸发温度T90%,延化120万吨/年催化重整装置
104.1,ST040003,,2026-04-01 08:00:00,模拟法辛烷值,延化120万吨/年催化重整装置
98.4,ST040003,<p>%</p>,2026-04-01 08:00:00,校正回收百分数(RC),延化120万吨/年催化重整装置
0.8,ST040003,<p>%</p>,2026-04-01 08:00:00,校正损失百分数(LC),延化120万吨/年催化重整装置
0.8,ST040003,<p>%</p>,2026-04-01 08:00:00,校正损失百分数(LC),延化120万吨/年催化重整装置
106.0,ST040003,℃,2026-04-01 08:00:00,初馏点蒸发温度 TIBP,延化120万吨/年催化重整装置
120.0,ST040003,℃,2026-04-01 08:00:00,10%平均蒸发温度T10%,延化120万吨/年催化重整装置
136.5,ST040003,℃,2026-04-01 08:00:00,50%平均蒸发温度T50%,延化120万吨/年催化重整装置
210.0,ST040003,℃,2026-04-01 08:00:00,终馏点蒸发温度TFBP,延化120万吨/年催化重整装置
98.4,ST040003,<p>%</p>,2026-04-01 08:00:00,全馏,延化120万吨/年催化重整装置
848.0,ST040003,<p>kg/m<sup>3</sup></p>,2026-04-01 08:00:00,密度,延化120万吨/年催化重整装置
0.44,ST040003,<p>%</p>,2026-04-01 08:00:00,烯烃含量,延化120万吨/年催化重整装置
3.39,ST040003,<p>%</p>,2026-04-01 08:00:00,正构烷烃,延化120万吨/年催化重整装置
7.34,ST040003,<p>%</p>,2026-04-01 08:00:00,异构烷烃,延化120万吨/年催化重整装置
11.79,ST040003,<p>%</p>,2026-04-01 08:00:00,烷烃含量,延化120万吨/年催化重整装置
1.06,ST040003,<p>%</p>,2026-04-01 08:00:00,环烷烃含量,延化120万吨/年催化重整装置
87.78,ST040003,<p>%</p>,2026-04-01 08:00:00,芳烃含量,延化120万吨/年催化重整装置
0.15,ST040003,<p>%</p>,2026-04-01 08:00:00,苯含量,延化120万吨/年催化重整装置
98.4,ST040003,<p>%</p>,2026-04-01 08:00:00,校正回收百分数(RC),延化120万吨/年催化重整装置
107.3,ST040003,℃,2026-04-02 08:00:00,初馏点蒸发温度 TIBP,延化120万吨/年催化重整装置
119.7,ST040003,℃,2026-04-02 08:00:00,10%平均蒸发温度T10%,延化120万吨/年催化重整装置
142.4,ST040003,℃,2026-04-02 08:00:00,50%平均蒸发温度T50%,延化120万吨/年催化重整装置
840.9,ST040003,<p>kg/m<sup>3</sup></p>,2026-04-02 08:00:00,密度,延化120万吨/年催化重整装置
205.7,ST040003,℃,2026-04-02 08:00:00,终馏点蒸发温度TFBP,延化120万吨/年催化重整装置
98.0,ST040003,<p>%</p>,2026-04-02 08:00:00,全馏,延化120万吨/年催化重整装置
0.8,ST040003,<p>%</p>,2026-04-02 08:00:00,平均残留百分数(B),延化120万吨/年催化重整装置
170.6,ST040003,℃,2026-04-02 08:00:00,90%平均蒸发温度T90%,延化120万吨/年催化重整装置
0.8,ST040003,<p>%</p>,2026-04-03 08:00:00,平均残留百分数(B),延化120万吨/年催化重整装置
842.7,ST040003,<p>kg/m<sup>3</sup></p>,2026-04-03 08:00:00,密度,延化120万吨/年催化重整装置
104.2,ST040003,℃,2026-04-03 08:00:00,初馏点蒸发温度 TIBP,延化120万吨/年催化重整装置
98.0,ST040003,<p>%</p>,2026-04-03 08:00:00,全馏,延化120万吨/年催化重整装置
142.6,ST040003,℃,2026-04-03 08:00:00,50%平均蒸发温度T50%,延化120万吨/年催化重整装置
170.2,ST040003,℃,2026-04-03 08:00:00,90%平均蒸发温度T90%,延化120万吨/年催化重整装置
205.8,ST040003,℃,2026-04-03 08:00:00,终馏点蒸发温度TFBP,延化120万吨/年催化重整装置
118.6,ST040003,℃,2026-04-03 08:00:00,10%平均蒸发温度T10%,延化120万吨/年催化重整装置
142.7,ST040003,℃,2026-04-04 08:00:00,50%平均蒸发温度T50%,延化120万吨/年催化重整装置
843.7,ST040003,<p>kg/m<sup>3</sup></p>,2026-04-04 08:00:00,密度,延化120万吨/年催化重整装置
107.3,ST040003,℃,2026-04-04 08:00:00,初馏点蒸发温度 TIBP,延化120万吨/年催化重整装置
0.8,ST040003,<p>%</p>,2026-04-04 08:00:00,平均残留百分数(B),延化120万吨/年催化重整装置
170.2,ST040003,℃,2026-04-04 08:00:00,90%平均蒸发温度T90%,延化120万吨/年催化重整装置
206.8,ST040003,℃,2026-04-04 08:00:00,终馏点蒸发温度TFBP,延化120万吨/年催化重整装置
98.0,ST040003,<p>%</p>,2026-04-04 08:00:00,全馏,延化120万吨/年催化重整装置
120.0,ST040003,℃,2026-04-04 08:00:00,10%平均蒸发温度T10%,延化120万吨/年催化重整装置
98.4,ST040003,<p>%</p>,2026-04-05 08:00:00,校正回收百分数(RC),延化120万吨/年催化重整装置
0.8,ST040003,<p>%</p>,2026-04-05 08:00:00,校正损失百分数(LC),延化120万吨/年催化重整装置
0.8,ST040003,<p>%</p>,2026-04-05 08:00:00,校正损失百分数(LC),延化120万吨/年催化重整装置
98.4,ST040003,<p>%</p>,2026-04-05 08:00:00,校正回收百分数(RC),延化120万吨/年催化重整装置
98.4,ST040003,<p>%</p>,2026-04-05 08:00:00,全馏,延化120万吨/年催化重整装置
843.7,ST040003,<p>kg/m<sup>3</sup></p>,2026-04-05 08:00:00,密度,延化120万吨/年催化重整装置
208.0,ST040003,℃,2026-04-05 08:00:00,终馏点蒸发温度TFBP,延化120万吨/年催化重整装置
167.0,ST040003,℃,2026-04-05 08:00:00,90%平均蒸发温度T90%,延化120万吨/年催化重整装置
135.5,ST040003,℃,2026-04-05 08:00:00,50%平均蒸发温度T50%,延化120万吨/年催化重整装置
106.0,ST040003,℃,2026-04-05 08:00:00,初馏点蒸发温度 TIBP,延化120万吨/年催化重整装置
120.5,ST040003,℃,2026-04-05 08:00:00,10%平均蒸发温度T10%,延化120万吨/年催化重整装置
844.2,ST040003,<p>kg/m<sup>3</sup></p>,2026-04-06 08:00:00,密度,延化120万吨/年催化重整装置
210.0,ST040003,℃,2026-04-06 08:00:00,终馏点蒸发温度TFBP,延化120万吨/年催化重整装置
106.0,ST040003,℃,2026-04-06 08:00:00,初馏点蒸发温度 TIBP,延化120万吨/年催化重整装置
169.0,ST040003,℃,2026-04-06 08:00:00,90%平均蒸发温度T90%,延化120万吨/年催化重整装置
137.5,ST040003,℃,2026-04-06 08:00:00,50%平均蒸发温度T50%,延化120万吨/年催化重整装置
98.4,ST040003,<p>%</p>,2026-04-06 08:00:00,全馏,延化120万吨/年催化重整装置
0.8,ST040003,<p>%</p>,2026-04-06 08:00:00,校正损失百分数(LC),延化120万吨/年催化重整装置
0.8,ST040003,<p>%</p>,2026-04-06 08:00:00,校正损失百分数(LC),延化120万吨/年催化重整装置
98.4,ST040003,<p>%</p>,2026-04-06 08:00:00,校正回收百分数(RC),延化120万吨/年催化重整装置
98.4,ST040003,<p>%</p>,2026-04-06 08:00:00,校正回收百分数(RC),延化120万吨/年催化重整装置
119.0,ST040003,℃,2026-04-06 08:00:00,10%平均蒸发温度T10%,延化120万吨/年催化重整装置
843.8,ST040003,<p>kg/m<sup>3</sup></p>,2026-04-07 08:00:00,密度,延化120万吨/年催化重整装置
211.0,ST040003,℃,2026-04-07 08:00:00,终馏点蒸发温度TFBP,延化120万吨/年催化重整装置
169.0,ST040003,℃,2026-04-07 08:00:00,90%平均蒸发温度T90%,延化120万吨/年催化重整装置
137.5,ST040003,℃,2026-04-07 08:00:00,50%平均蒸发温度T50%,延化120万吨/年催化重整装置
119.0,ST040003,℃,2026-04-07 08:00:00,10%平均蒸发温度T10%,延化120万吨/年催化重整装置
98.4,ST040003,<p>%</p>,2026-04-07 08:00:00,全馏,延化120万吨/年催化重整装置
0.8,ST040003,<p>%</p>,2026-04-07 08:00:00,校正损失百分数(LC),延化120万吨/年催化重整装置
0.8,ST040003,<p>%</p>,2026-04-07 08:00:00,校正损失百分数(LC),延化120万吨/年催化重整装置
98.4,ST040003,<p>%</p>,2026-04-07 08:00:00,校正回收百分数(RC),延化120万吨/年催化重整装置
98.4,ST040003,<p>%</p>,2026-04-07 08:00:00,校正回收百分数(RC),延化120万吨/年催化重整装置
104.0,ST040003,℃,2026-04-07 08:00:00,初馏点蒸发温度 TIBP,延化120万吨/年催化重整装置
207.0,ST040003,℃,2026-04-08 08:00:00,终馏点蒸发温度TFBP,延化120万吨/年催化重整装置
170.1,ST040003,℃,2026-04-08 08:00:00,90%平均蒸发温度T90%,延化120万吨/年催化重整装置
0.8,ST040003,<p>%</p>,2026-04-08 08:00:00,平均残留百分数(B),延化120万吨/年催化重整装置
3.30,ST040003,<p>%</p>,2026-04-08 08:00:00,正构烷烃,延化120万吨/年催化重整装置
8.45,ST040003,<p>%</p>,2026-04-08 08:00:00,异构烷烃,延化120万吨/年催化重整装置
13.05,ST040003,<p>%</p>,2026-04-08 08:00:00,烷烃含量,延化120万吨/年催化重整装置
0.47,ST040003,<p>%</p>,2026-04-08 08:00:00,烯烃含量,延化120万吨/年催化重整装置
1.30,ST040003,<p>%</p>,2026-04-08 08:00:00,环烷烃含量,延化120万吨/年催化重整装置
86.02,ST040003,<p>%</p>,2026-04-08 08:00:00,芳烃含量,延化120万吨/年催化重整装置
0.18,ST040003,<p>%</p>,2026-04-08 08:00:00,苯含量,延化120万吨/年催化重整装置
104.5,ST040003,,2026-04-08 08:00:00,模拟法辛烷值,延化120万吨/年催化重整装置
843.5,ST040003,<p>kg/m<sup>3</sup></p>,2026-04-08 08:00:00,密度,延化120万吨/年催化重整装置
107.0,ST040003,℃,2026-04-08 08:00:00,初馏点蒸发温度 TIBP,延化120万吨/年催化重整装置
121.2,ST040003,℃,2026-04-08 08:00:00,10%平均蒸发温度T10%,延化120万吨/年催化重整装置
142.7,ST040003,℃,2026-04-08 08:00:00,50%平均蒸发温度T50%,延化120万吨/年催化重整装置
98.0,ST040003,<p>%</p>,2026-04-08 08:00:00,全馏,延化120万吨/年催化重整装置
211.5,ST040003,℃,2026-04-09 08:00:00,终馏点蒸发温度TFBP,延化120万吨/年催化重整装置
170.0,ST040003,℃,2026-04-09 08:00:00,90%平均蒸发温度T90%,延化120万吨/年催化重整装置
137.5,ST040003,℃,2026-04-09 08:00:00,50%平均蒸发温度T50%,延化120万吨/年催化重整装置
0.8,ST040003,<p>%</p>,2026-04-09 08:00:00,校正损失百分数(LC),延化120万吨/年催化重整装置
119.5,ST040003,℃,2026-04-09 08:00:00,10%平均蒸发温度T10%,延化120万吨/年催化重整装置
844.0,ST040003,<p>kg/m<sup>3</sup></p>,2026-04-09 08:00:00,密度,延化120万吨/年催化重整装置
0.8,ST040003,<p>%</p>,2026-04-09 08:00:00,校正损失百分数(LC),延化120万吨/年催化重整装置
98.4,ST040003,<p>%</p>,2026-04-09 08:00:00,校正回收百分数(RC),延化120万吨/年催化重整装置
98.4,ST040003,<p>%</p>,2026-04-09 08:00:00,校正回收百分数(RC),延化120万吨/年催化重整装置
98.4,ST040003,<p>%</p>,2026-04-09 08:00:00,全馏,延化120万吨/年催化重整装置
106.0,ST040003,℃,2026-04-09 08:00:00,初馏点蒸发温度 TIBP,延化120万吨/年催化重整装置
0.8,ST040003,<p>%</p>,2026-04-10 08:00:00,校正损失百分数(LC),延化120万吨/年催化重整装置
98.4,ST040003,<p>%</p>,2026-04-10 08:00:00,校正回收百分数(RC),延化120万吨/年催化重整装置
98.4,ST040003,<p>%</p>,2026-04-10 08:00:00,校正回收百分数(RC),延化120万吨/年催化重整装置
0.8,ST040003,<p>%</p>,2026-04-10 08:00:00,校正损失百分数(LC),延化120万吨/年催化重整装置
106.0,ST040003,℃,2026-04-10 08:00:00,初馏点蒸发温度 TIBP,延化120万吨/年催化重整装置
842.8,ST040003,<p>kg/m<sup>3</sup></p>,2026-04-10 08:00:00,密度,延化120万吨/年催化重整装置
137.0,ST040003,℃,2026-04-10 08:00:00,50%平均蒸发温度T50%,延化120万吨/年催化重整装置
170.0,ST040003,℃,2026-04-10 08:00:00,90%平均蒸发温度T90%,延化120万吨/年催化重整装置
209.0,ST040003,℃,2026-04-10 08:00:00,终馏点蒸发温度TFBP,延化120万吨/年催化重整装置
98.4,ST040003,<p>%</p>,2026-04-10 08:00:00,全馏,延化120万吨/年催化重整装置
119.0,ST040003,℃,2026-04-10 08:00:00,10%平均蒸发温度T10%,延化120万吨/年催化重整装置
170.1,ST040003,℃,2026-04-11 08:00:00,90%平均蒸发温度T90%,延化120万吨/年催化重整装置
107.3,ST040003,℃,2026-04-11 08:00:00,初馏点蒸发温度 TIBP,延化120万吨/年催化重整装置
120.0,ST040003,℃,2026-04-11 08:00:00,10%平均蒸发温度T10%,延化120万吨/年催化重整装置
842.2,ST040003,<p>kg/m<sup>3</sup></p>,2026-04-11 08:00:00,密度,延化120万吨/年催化重整装置
207.7,ST040003,℃,2026-04-11 08:00:00,终馏点蒸发温度TFBP,延化120万吨/年催化重整装置
98.0,ST040003,<p>%</p>,2026-04-11 08:00:00,全馏,延化120万吨/年催化重整装置
0.8,ST040003,<p>%</p>,2026-04-11 08:00:00,平均残留百分数(B),延化120万吨/年催化重整装置
142.7,ST040003,℃,2026-04-11 08:00:00,50%平均蒸发温度T50%,延化120万吨/年催化重整装置
843.2,ST040003,<p>kg/m<sup>3</sup></p>,2026-04-12 08:00:00,密度,延化120万吨/年催化重整装置
210.5,ST040003,℃,2026-04-12 08:00:00,终馏点蒸发温度TFBP,延化120万吨/年催化重整装置
168.5,ST040003,℃,2026-04-12 08:00:00,90%平均蒸发温度T90%,延化120万吨/年催化重整装置
138.5,ST040003,℃,2026-04-12 08:00:00,50%平均蒸发温度T50%,延化120万吨/年催化重整装置
119.5,ST040003,℃,2026-04-12 08:00:00,10%平均蒸发温度T10%,延化120万吨/年催化重整装置
98.4,ST040003,<p>%</p>,2026-04-12 08:00:00,全馏,延化120万吨/年催化重整装置
107.0,ST040003,℃,2026-04-12 08:00:00,初馏点蒸发温度 TIBP,延化120万吨/年催化重整装置
0.8,ST040003,<p>%</p>,2026-04-12 08:00:00,校正损失百分数(LC),延化120万吨/年催化重整装置
0.8,ST040003,<p>%</p>,2026-04-12 08:00:00,校正损失百分数(LC),延化120万吨/年催化重整装置
98.4,ST040003,<p>%</p>,2026-04-12 08:00:00,校正回收百分数(RC),延化120万吨/年催化重整装置
98.4,ST040003,<p>%</p>,2026-04-12 08:00:00,校正回收百分数(RC),延化120万吨/年催化重整装置
0.8,ST040003,<p>%</p>,2026-04-13 08:00:00,校正损失百分数(LC),延化120万吨/年催化重整装置
98.2,ST040003,<p>%</p>,2026-04-13 08:00:00,校正回收百分数(RC),延化120万吨/年催化重整装置
98.2,ST040003,<p>%</p>,2026-04-13 08:00:00,校正回收百分数(RC),延化120万吨/年催化重整装置
0.8,ST040003,<p>%</p>,2026-04-13 08:00:00,校正损失百分数(LC),延化120万吨/年催化重整装置
106.0,ST040003,℃,2026-04-13 08:00:00,初馏点蒸发温度 TIBP,延化120万吨/年催化重整装置
842.4,ST040003,<p>kg/m<sup>3</sup></p>,2026-04-13 08:00:00,密度,延化120万吨/年催化重整装置
138.5,ST040003,℃,2026-04-13 08:00:00,50%平均蒸发温度T50%,延化120万吨/年催化重整装置
167.5,ST040003,℃,2026-04-13 08:00:00,90%平均蒸发温度T90%,延化120万吨/年催化重整装置
209.0,ST040003,℃,2026-04-13 08:00:00,终馏点蒸发温度TFBP,延化120万吨/年催化重整装置
98.2,ST040003,<p>%</p>,2026-04-13 08:00:00,全馏,延化120万吨/年催化重整装置
119.0,ST040003,℃,2026-04-13 08:00:00,10%平均蒸发温度T10%,延化120万吨/年催化重整装置
0.8,ST040003,<p>%</p>,2026-04-14 08:00:00,平均残留百分数(B),延化120万吨/年催化重整装置
107.4,ST040003,℃,2026-04-14 08:00:00,初馏点蒸发温度 TIBP,延化120万吨/年催化重整装置
120.0,ST040003,℃,2026-04-14 08:00:00,10%平均蒸发温度T10%,延化120万吨/年催化重整装置
170.5,ST040003,℃,2026-04-14 08:00:00,90%平均蒸发温度T90%,延化120万吨/年催化重整装置
205.9,ST040003,℃,2026-04-14 08:00:00,终馏点蒸发温度TFBP,延化120万吨/年催化重整装置
98.0,ST040003,<p>%</p>,2026-04-14 08:00:00,全馏,延化120万吨/年催化重整装置
142.6,ST040003,℃,2026-04-14 08:00:00,50%平均蒸发温度T50%,延化120万吨/年催化重整装置
841.2,ST040003,<p>kg/m<sup>3</sup></p>,2026-04-14 08:00:00,密度,延化120万吨/年催化重整装置
104.7,ST040003,℃,2026-04-15 08:00:00,初馏点蒸发温度 TIBP,延化120万吨/年催化重整装置
103.4,ST040003,,2026-04-15 08:00:00,模拟法辛烷值,延化120万吨/年催化重整装置
142.5,ST040003,℃,2026-04-15 08:00:00,50%平均蒸发温度T50%,延化120万吨/年催化重整装置
170.3,ST040003,℃,2026-04-15 08:00:00,90%平均蒸发温度T90%,延化120万吨/年催化重整装置
205.6,ST040003,℃,2026-04-15 08:00:00,终馏点蒸发温度TFBP,延化120万吨/年催化重整装置
98.0,ST040003,<p>%</p>,2026-04-15 08:00:00,全馏,延化120万吨/年催化重整装置
0.8,ST040003,<p>%</p>,2026-04-15 08:00:00,平均残留百分数(B),延化120万吨/年催化重整装置
842.4,ST040003,<p>kg/m<sup>3</sup></p>,2026-04-15 08:00:00,密度,延化120万吨/年催化重整装置
3.89,ST040003,<p>%</p>,2026-04-15 08:00:00,正构烷烃,延化120万吨/年催化重整装置
9.20,ST040003,<p>%</p>,2026-04-15 08:00:00,异构烷烃,延化120万吨/年催化重整装置
14.41,ST040003,<p>%</p>,2026-04-15 08:00:00,烷烃含量,延化120万吨/年催化重整装置
0.49,ST040003,<p>%</p>,2026-04-15 08:00:00,烯烃含量,延化120万吨/年催化重整装置
1.32,ST040003,<p>%</p>,2026-04-15 08:00:00,环烷烃含量,延化120万吨/年催化重整装置
85.14,ST040003,<p>%</p>,2026-04-15 08:00:00,芳烃含量,延化120万吨/年催化重整装置
0.17,ST040003,<p>%</p>,2026-04-15 08:00:00,苯含量,延化120万吨/年催化重整装置
119.1,ST040003,℃,2026-04-15 08:00:00,10%平均蒸发温度T10%,延化120万吨/年催化重整装置
205.7,ST040003,℃,2026-04-16 08:00:00,终馏点蒸发温度TFBP,延化120万吨/年催化重整装置
107.1,ST040003,℃,2026-04-16 08:00:00,初馏点蒸发温度 TIBP,延化120万吨/年催化重整装置
120.4,ST040003,℃,2026-04-16 08:00:00,10%平均蒸发温度T10%,延化120万吨/年催化重整装置
842.7,ST040003,<p>kg/m<sup>3</sup></p>,2026-04-16 08:00:00,密度,延化120万吨/年催化重整装置
170.6,ST040003,℃,2026-04-16 08:00:00,90%平均蒸发温度T90%,延化120万吨/年催化重整装置
98.0,ST040003,<p>%</p>,2026-04-16 08:00:00,全馏,延化120万吨/年催化重整装置
0.8,ST040003,<p>%</p>,2026-04-16 08:00:00,平均残留百分数(B),延化120万吨/年催化重整装置
142.7,ST040003,℃,2026-04-16 08:00:00,50%平均蒸发温度T50%,延化120万吨/年催化重整装置
205.6,ST040003,℃,2026-04-17 08:00:00,终馏点蒸发温度TFBP,延化120万吨/年催化重整装置
841.1,ST040003,<p>kg/m<sup>3</sup></p>,2026-04-17 08:00:00,密度,延化120万吨/年催化重整装置
107.6,ST040003,℃,2026-04-17 08:00:00,初馏点蒸发温度 TIBP,延化120万吨/年催化重整装置
0.8,ST040003,<p>%</p>,2026-04-17 08:00:00,平均残留百分数(B),延化120万吨/年催化重整装置
142.5,ST040003,℃,2026-04-17 08:00:00,50%平均蒸发温度T50%,延化120万吨/年催化重整装置
170.7,ST040003,℃,2026-04-17 08:00:00,90%平均蒸发温度T90%,延化120万吨/年催化重整装置
98.0,ST040003,<p>%</p>,2026-04-17 08:00:00,全馏,延化120万吨/年催化重整装置
119.2,ST040003,℃,2026-04-17 08:00:00,10%平均蒸发温度T10%,延化120万吨/年催化重整装置
205.1,ST040003,℃,2026-04-18 08:00:00,终馏点蒸发温度TFBP,延化120万吨/年催化重整装置
842.1,ST040003,<p>kg/m<sup>3</sup></p>,2026-04-18 08:00:00,密度,延化120万吨/年催化重整装置
107.5,ST040003,℃,2026-04-18 08:00:00,初馏点蒸发温度 TIBP,延化120万吨/年催化重整装置
0.8,ST040003,<p>%</p>,2026-04-18 08:00:00,平均残留百分数(B),延化120万吨/年催化重整装置
142.6,ST040003,℃,2026-04-18 08:00:00,50%平均蒸发温度T50%,延化120万吨/年催化重整装置
170.4,ST040003,℃,2026-04-18 08:00:00,90%平均蒸发温度T90%,延化120万吨/年催化重整装置
98.0,ST040003,<p>%</p>,2026-04-18 08:00:00,全馏,延化120万吨/年催化重整装置
119.8,ST040003,℃,2026-04-18 08:00:00,10%平均蒸发温度T10%,延化120万吨/年催化重整装置
107.3,ST040003,℃,2026-04-19 08:00:00,初馏点蒸发温度 TIBP,延化120万吨/年催化重整装置
120.7,ST040003,℃,2026-04-19 08:00:00,10%平均蒸发温度T10%,延化120万吨/年催化重整装置
142.6,ST040003,℃,2026-04-19 08:00:00,50%平均蒸发温度T50%,延化120万吨/年催化重整装置
843.3,ST040003,<p>kg/m<sup>3</sup></p>,2026-04-19 08:00:00,密度,延化120万吨/年催化重整装置
205.2,ST040003,℃,2026-04-19 08:00:00,终馏点蒸发温度TFBP,延化120万吨/年催化重整装置
98.0,ST040003,<p>%</p>,2026-04-19 08:00:00,全馏,延化120万吨/年催化重整装置
0.8,ST040003,<p>%</p>,2026-04-19 08:00:00,平均残留百分数(B),延化120万吨/年催化重整装置
170.8,ST040003,℃,2026-04-19 08:00:00,90%平均蒸发温度T90%,延化120万吨/年催化重整装置
210.0,ST040003,℃,2026-04-20 08:00:00,终馏点蒸发温度TFBP,延化120万吨/年催化重整装置
167.5,ST040003,℃,2026-04-20 08:00:00,90%平均蒸发温度T90%,延化120万吨/年催化重整装置
137.5,ST040003,℃,2026-04-20 08:00:00,50%平均蒸发温度T50%,延化120万吨/年催化重整装置
119.5,ST040003,℃,2026-04-20 08:00:00,10%平均蒸发温度T10%,延化120万吨/年催化重整装置
106.0,ST040003,℃,2026-04-20 08:00:00,初馏点蒸发温度 TIBP,延化120万吨/年催化重整装置
843.9,ST040003,<p>kg/m<sup>3</sup></p>,2026-04-20 08:00:00,密度,延化120万吨/年催化重整装置
0.8,ST040003,<p>%</p>,2026-04-20 08:00:00,校正损失百分数(LC),延化120万吨/年催化重整装置
98.4,ST040003,<p>%</p>,2026-04-20 08:00:00,校正回收百分数(RC),延化120万吨/年催化重整装置
98.4,ST040003,<p>%</p>,2026-04-20 08:00:00,校正回收百分数(RC),延化120万吨/年催化重整装置
98.4,ST040003,<p>%</p>,2026-04-20 08:00:00,全馏,延化120万吨/年催化重整装置
0.8,ST040003,<p>%</p>,2026-04-20 08:00:00,校正损失百分数(LC),延化120万吨/年催化重整装置
0.8,ST040003,<p>%</p>,2026-04-21 08:00:00,平均残留百分数(B),延化120万吨/年催化重整装置
844.0,ST040003,<p>kg/m<sup>3</sup></p>,2026-04-21 08:00:00,密度,延化120万吨/年催化重整装置
98.0,ST040003,<p>%</p>,2026-04-21 08:00:00,全馏,延化120万吨/年催化重整装置
205.1,ST040003,℃,2026-04-21 08:00:00,终馏点蒸发温度TFBP,延化120万吨/年催化重整装置
120.5,ST040003,℃,2026-04-21 08:00:00,10%平均蒸发温度T10%,延化120万吨/年催化重整装置
142.6,ST040003,℃,2026-04-21 08:00:00,50%平均蒸发温度T50%,延化120万吨/年催化重整装置
170.5,ST040003,℃,2026-04-21 08:00:00,90%平均蒸发温度T90%,延化120万吨/年催化重整装置
107.3,ST040003,℃,2026-04-21 08:00:00,初馏点蒸发温度 TIBP,延化120万吨/年催化重整装置
107.2,ST040003,℃,2026-04-22 08:00:00,初馏点蒸发温度 TIBP,延化120万吨/年催化重整装置
102.2,ST040003,,2026-04-22 08:00:00,模拟法辛烷值,延化120万吨/年催化重整装置
142.7,ST040003,℃,2026-04-22 08:00:00,50%平均蒸发温度T50%,延化120万吨/年催化重整装置
170.6,ST040003,℃,2026-04-22 08:00:00,90%平均蒸发温度T90%,延化120万吨/年催化重整装置
205.2,ST040003,℃,2026-04-22 08:00:00,终馏点蒸发温度TFBP,延化120万吨/年催化重整装置
98.0,ST040003,<p>%</p>,2026-04-22 08:00:00,全馏,延化120万吨/年催化重整装置
0.8,ST040003,<p>%</p>,2026-04-22 08:00:00,平均残留百分数(B),延化120万吨/年催化重整装置
843.9,ST040003,<p>kg/m<sup>3</sup></p>,2026-04-22 08:00:00,密度,延化120万吨/年催化重整装置
1.60,ST040003,<p>%</p>,2026-04-22 08:00:00,环烷烃含量,延化120万吨/年催化重整装置
3.46,ST040003,<p>%</p>,2026-04-22 08:00:00,正构烷烃,延化120万吨/年催化重整装置
11.67,ST040003,<p>%</p>,2026-04-22 08:00:00,异构烷烃,延化120万吨/年催化重整装置
16.73,ST040003,<p>%</p>,2026-04-22 08:00:00,烷烃含量,延化120万吨/年催化重整装置
0.64,ST040003,<p>%</p>,2026-04-22 08:00:00,烯烃含量,延化120万吨/年催化重整装置
82.62,ST040003,<p>%</p>,2026-04-22 08:00:00,芳烃含量,延化120万吨/年催化重整装置
0.01,ST040003,<p>%</p>,2026-04-22 08:00:00,苯含量,延化120万吨/年催化重整装置
121.0,ST040003,℃,2026-04-22 08:00:00,10%平均蒸发温度T10%,延化120万吨/年催化重整装置
205.3,ST040003,℃,2026-04-23 08:00:00,终馏点蒸发温度TFBP,延化120万吨/年催化重整装置
844.2,ST040003,<p>kg/m<sup>3</sup></p>,2026-04-23 08:00:00,密度,延化120万吨/年催化重整装置
107.3,ST040003,℃,2026-04-23 08:00:00,初馏点蒸发温度 TIBP,延化120万吨/年催化重整装置
0.8,ST040003,<p>%</p>,2026-04-23 08:00:00,平均残留百分数(B),延化120万吨/年催化重整装置
142.7,ST040003,℃,2026-04-23 08:00:00,50%平均蒸发温度T50%,延化120万吨/年催化重整装置
170.5,ST040003,℃,2026-04-23 08:00:00,90%平均蒸发温度T90%,延化120万吨/年催化重整装置
98.0,ST040003,<p>%</p>,2026-04-23 08:00:00,全馏,延化120万吨/年催化重整装置
120.5,ST040003,℃,2026-04-23 08:00:00,10%平均蒸发温度T10%,延化120万吨/年催化重整装置
845.1,ST040003,<p>kg/m<sup>3</sup></p>,2026-04-24 08:00:00,密度,延化120万吨/年催化重整装置
170.6,ST040003,℃,2026-04-24 08:00:00,90%平均蒸发温度T90%,延化120万吨/年催化重整装置
121.3,ST040003,℃,2026-04-24 08:00:00,10%平均蒸发温度T10%,延化120万吨/年催化重整装置
0.8,ST040003,<p>%</p>,2026-04-24 08:00:00,平均残留百分数(B),延化120万吨/年催化重整装置
142.7,ST040003,℃,2026-04-24 08:00:00,50%平均蒸发温度T50%,延化120万吨/年催化重整装置
205.2,ST040003,℃,2026-04-24 08:00:00,终馏点蒸发温度TFBP,延化120万吨/年催化重整装置
98.0,ST040003,<p>%</p>,2026-04-24 08:00:00,全馏,延化120万吨/年催化重整装置
107.1,ST040003,℃,2026-04-24 08:00:00,初馏点蒸发温度 TIBP,延化120万吨/年催化重整装置
845.3,ST040003,<p>kg/m<sup>3</sup></p>,2026-04-25 08:00:00,密度,延化120万吨/年催化重整装置
0.8,ST040003,<p>%</p>,2026-04-25 08:00:00,平均残留百分数(B),延化120万吨/年催化重整装置
170.8,ST040003,℃,2026-04-25 08:00:00,90%平均蒸发温度T90%,延化120万吨/年催化重整装置
98.0,ST040003,<p>%</p>,2026-04-25 08:00:00,全馏,延化120万吨/年催化重整装置
121.7,ST040003,℃,2026-04-25 08:00:00,10%平均蒸发温度T10%,延化120万吨/年催化重整装置
142.9,ST040003,℃,2026-04-25 08:00:00,50%平均蒸发温度T50%,延化120万吨/年催化重整装置
205.6,ST040003,℃,2026-04-25 08:00:00,终馏点蒸发温度TFBP,延化120万吨/年催化重整装置
107.2,ST040003,℃,2026-04-25 08:00:00,初馏点蒸发温度 TIBP,延化120万吨/年催化重整装置
843.6,ST040003,<p>kg/m<sup>3</sup></p>,2026-04-26 08:00:00,密度,延化120万吨/年催化重整装置
107.5,ST040003,℃,2026-04-26 08:00:00,初馏点蒸发温度 TIBP,延化120万吨/年催化重整装置
119.7,ST040003,℃,2026-04-26 08:00:00,10%平均蒸发温度T10%,延化120万吨/年催化重整装置
0.8,ST040003,<p>%</p>,2026-04-26 08:00:00,平均残留百分数(B),延化120万吨/年催化重整装置
170.6,ST040003,℃,2026-04-26 08:00:00,90%平均蒸发温度T90%,延化120万吨/年催化重整装置
204.9,ST040003,℃,2026-04-26 08:00:00,终馏点蒸发温度TFBP,延化120万吨/年催化重整装置
98.0,ST040003,<p>%</p>,2026-04-26 08:00:00,全馏,延化120万吨/年催化重整装置
142.7,ST040003,℃,2026-04-26 08:00:00,50%平均蒸发温度T50%,延化120万吨/年催化重整装置
0.8,ST040003,<p>%</p>,2026-04-27 08:00:00,平均残留百分数(B),延化120万吨/年催化重整装置
845.6,ST040003,<p>kg/m<sup>3</sup></p>,2026-04-27 08:00:00,密度,延化120万吨/年催化重整装置
171.0,ST040003,℃,2026-04-27 08:00:00,90%平均蒸发温度T90%,延化120万吨/年催化重整装置
98.0,ST040003,<p>%</p>,2026-04-27 08:00:00,全馏,延化120万吨/年催化重整装置
121.0,ST040003,℃,2026-04-27 08:00:00,10%平均蒸发温度T10%,延化120万吨/年催化重整装置
142.0,ST040003,℃,2026-04-27 08:00:00,50%平均蒸发温度T50%,延化120万吨/年催化重整装置
202.5,ST040003,℃,2026-04-27 08:00:00,终馏点蒸发温度TFBP,延化120万吨/年催化重整装置
107.5,ST040003,℃,2026-04-27 08:00:00,初馏点蒸发温度 TIBP,延化120万吨/年催化重整装置
204.9,ST040003,℃,2026-04-28 08:00:00,终馏点蒸发温度TFBP,延化120万吨/年催化重整装置
107.4,ST040003,℃,2026-04-28 08:00:00,初馏点蒸发温度 TIBP,延化120万吨/年催化重整装置
120.2,ST040003,℃,2026-04-28 08:00:00,10%平均蒸发温度T10%,延化120万吨/年催化重整装置
844.4,ST040003,<p>kg/m<sup>3</sup></p>,2026-04-28 08:00:00,密度,延化120万吨/年催化重整装置
170.5,ST040003,℃,2026-04-28 08:00:00,90%平均蒸发温度T90%,延化120万吨/年催化重整装置
98.0,ST040003,<p>%</p>,2026-04-28 08:00:00,全馏,延化120万吨/年催化重整装置
0.8,ST040003,<p>%</p>,2026-04-28 08:00:00,平均残留百分数(B),延化120万吨/年催化重整装置
142.6,ST040003,℃,2026-04-28 08:00:00,50%平均蒸发温度T50%,延化120万吨/年催化重整装置
844.0,ST040003,<p>kg/m<sup>3</sup></p>,2026-04-29 08:00:00,密度,延化120万吨/年催化重整装置
0.8,ST040003,<p>%</p>,2026-04-29 08:00:00,平均残留百分数(B),延化120万吨/年催化重整装置
3.05,ST040003,<p>%</p>,2026-04-29 08:00:00,正构烷烃,延化120万吨/年催化重整装置
8.17,ST040003,<p>%</p>,2026-04-29 08:00:00,异构烷烃,延化120万吨/年催化重整装置
12.44,ST040003,<p>%</p>,2026-04-29 08:00:00,烷烃含量,延化120万吨/年催化重整装置
1.22,ST040003,<p>%</p>,2026-04-29 08:00:00,环烷烃含量,延化120万吨/年催化重整装置
86.63,ST040003,<p>%</p>,2026-04-29 08:00:00,芳烃含量,延化120万吨/年催化重整装置
0.17,ST040003,<p>%</p>,2026-04-29 08:00:00,苯含量,延化120万吨/年催化重整装置
105.2,ST040003,,2026-04-29 08:00:00,模拟法辛烷值,延化120万吨/年催化重整装置
170.5,ST040003,℃,2026-04-29 08:00:00,90%平均蒸发温度T90%,延化120万吨/年催化重整装置
107.4,ST040003,℃,2026-04-29 08:00:00,初馏点蒸发温度 TIBP,延化120万吨/年催化重整装置
120.4,ST040003,℃,2026-04-29 08:00:00,10%平均蒸发温度T10%,延化120万吨/年催化重整装置
142.7,ST040003,℃,2026-04-29 08:00:00,50%平均蒸发温度T50%,延化120万吨/年催化重整装置
204.6,ST040003,℃,2026-04-29 08:00:00,终馏点蒸发温度TFBP,延化120万吨/年催化重整装置
98.0,ST040003,<p>%</p>,2026-04-29 08:00:00,全馏,延化120万吨/年催化重整装置
0.48,ST040003,<p>%</p>,2026-04-29 08:00:00,烯烃含量,延化120万吨/年催化重整装置
107.4,ST040003,℃,2026-04-30 08:00:00,初馏点蒸发温度 TIBP,延化120万吨/年催化重整装置
120.3,ST040003,℃,2026-04-30 08:00:00,10%平均蒸发温度T10%,延化120万吨/年催化重整装置
142.6,ST040003,℃,2026-04-30 08:00:00,50%平均蒸发温度T50%,延化120万吨/年催化重整装置
843.8,ST040003,<p>kg/m<sup>3</sup></p>,2026-04-30 08:00:00,密度,延化120万吨/年催化重整装置
204.4,ST040003,℃,2026-04-30 08:00:00,终馏点蒸发温度TFBP,延化120万吨/年催化重整装置
98.0,ST040003,<p>%</p>,2026-04-30 08:00:00,全馏,延化120万吨/年催化重整装置
0.8,ST040003,<p>%</p>,2026-04-30 08:00:00,平均残留百分数(B),延化120万吨/年催化重整装置
170.5,ST040003,℃,2026-04-30 08:00:00,90%平均蒸发温度T90%,延化120万吨/年催化重整装置
