result,sampleDotCode,unitName,sampleTime,resultName,deviceName
197.1,ST040002,℃,2025-05-01 08:00:00,终馏点蒸发温度TFBP,延化120万吨/年催化重整装置
98.0,ST040002,<p>%</p>,2025-05-01 08:00:00,全馏,延化120万吨/年催化重整装置
0.8,ST040002,<p>%</p>,2025-05-01 08:00:00,平均残留百分数(B),延化120万吨/年催化重整装置
162.8,ST040002,℃,2025-05-01 08:00:00,90%平均蒸发温度T90%,延化120万吨/年催化重整装置
819.1,ST040002,<p>kg/m<sup>3</sup></p>,2025-05-01 08:00:00,密度,延化120万吨/年催化重整装置
100.1,ST040002,℃,2025-05-01 08:00:00,10%平均蒸发温度T10%,延化120万吨/年催化重整装置
127.1,ST040002,℃,2025-05-01 08:00:00,50%平均蒸发温度T50%,延化120万吨/年催化重整装置
64.9,ST040002,℃,2025-05-01 08:00:00,初馏点蒸发温度 TIBP,延化120万吨/年催化重整装置
62.9,ST040002,℃,2025-05-02 08:00:00,初馏点蒸发温度 TIBP,延化120万吨/年催化重整装置
97.5,ST040002,℃,2025-05-02 08:00:00,10%平均蒸发温度T10%,延化120万吨/年催化重整装置
126.3,ST040002,℃,2025-05-02 08:00:00,50%平均蒸发温度T50%,延化120万吨/年催化重整装置
818.6,ST040002,<p>kg/m<sup>3</sup></p>,2025-05-02 08:00:00,密度,延化120万吨/年催化重整装置
196.8,ST040002,℃,2025-05-02 08:00:00,终馏点蒸发温度TFBP,延化120万吨/年催化重整装置
98.0,ST040002,<p>%</p>,2025-05-02 08:00:00,全馏,延化120万吨/年催化重整装置
0.8,ST040002,<p>%</p>,2025-05-02 08:00:00,平均残留百分数(B),延化120万吨/年催化重整装置
159.7,ST040002,℃,2025-05-02 08:00:00,90%平均蒸发温度T90%,延化120万吨/年催化重整装置
819.4,ST040002,<p>kg/m<sup>3</sup></p>,2025-05-03 08:00:00,密度,延化120万吨/年催化重整装置
162.6,ST040002,℃,2025-05-03 08:00:00,90%平均蒸发温度T90%,延化120万吨/年催化重整装置
98.0,ST040002,<p>%</p>,2025-05-03 08:00:00,全馏,延化120万吨/年催化重整装置
126.6,ST040002,℃,2025-05-03 08:00:00,50%平均蒸发温度T50%,延化120万吨/年催化重整装置
197.5,ST040002,℃,2025-05-03 08:00:00,终馏点蒸发温度TFBP,延化120万吨/年催化重整装置
63.1,ST040002,℃,2025-05-03 08:00:00,初馏点蒸发温度 TIBP,延化120万吨/年催化重整装置
97.2,ST040002,℃,2025-05-03 08:00:00,10%平均蒸发温度T10%,延化120万吨/年催化重整装置
0.8,ST040002,<p>%</p>,2025-05-03 08:00:00,平均残留百分数(B),延化120万吨/年催化重整装置
62.7,ST040002,℃,2025-05-04 08:00:00,初馏点蒸发温度 TIBP,延化120万吨/年催化重整装置
97.7,ST040002,℃,2025-05-04 08:00:00,10%平均蒸发温度T10%,延化120万吨/年催化重整装置
126.6,ST040002,℃,2025-05-04 08:00:00,50%平均蒸发温度T50%,延化120万吨/年催化重整装置
818.9,ST040002,<p>kg/m<sup>3</sup></p>,2025-05-04 08:00:00,密度,延化120万吨/年催化重整装置
198.9,ST040002,℃,2025-05-04 08:00:00,终馏点蒸发温度TFBP,延化120万吨/年催化重整装置
98.0,ST040002,<p>%</p>,2025-05-04 08:00:00,全馏,延化120万吨/年催化重整装置
0.8,ST040002,<p>%</p>,2025-05-04 08:00:00,平均残留百分数(B),延化120万吨/年催化重整装置
163.6,ST040002,℃,2025-05-04 08:00:00,90%平均蒸发温度T90%,延化120万吨/年催化重整装置
126.3,ST040002,℃,2025-05-05 08:00:00,50%平均蒸发温度T50%,延化120万吨/年催化重整装置
818.9,ST040002,<p>kg/m<sup>3</sup></p>,2025-05-05 08:00:00,密度,延化120万吨/年催化重整装置
63.1,ST040002,℃,2025-05-05 08:00:00,初馏点蒸发温度 TIBP,延化120万吨/年催化重整装置
0.8,ST040002,<p>%</p>,2025-05-05 08:00:00,平均残留百分数(B),延化120万吨/年催化重整装置
159.6,ST040002,℃,2025-05-05 08:00:00,90%平均蒸发温度T90%,延化120万吨/年催化重整装置
196.9,ST040002,℃,2025-05-05 08:00:00,终馏点蒸发温度TFBP,延化120万吨/年催化重整装置
98.0,ST040002,<p>%</p>,2025-05-05 08:00:00,全馏,延化120万吨/年催化重整装置
96.8,ST040002,℃,2025-05-05 08:00:00,10%平均蒸发温度T10%,延化120万吨/年催化重整装置
819.1,ST040002,<p>kg/m<sup>3</sup></p>,2025-05-06 08:00:00,密度,延化120万吨/年催化重整装置
63.5,ST040002,℃,2025-05-06 08:00:00,初馏点蒸发温度 TIBP,延化120万吨/年催化重整装置
96.9,ST040002,℃,2025-05-06 08:00:00,10%平均蒸发温度T10%,延化120万吨/年催化重整装置
0.8,ST040002,<p>%</p>,2025-05-06 08:00:00,平均残留百分数(B),延化120万吨/年催化重整装置
159.5,ST040002,℃,2025-05-06 08:00:00,90%平均蒸发温度T90%,延化120万吨/年催化重整装置
196.8,ST040002,℃,2025-05-06 08:00:00,终馏点蒸发温度TFBP,延化120万吨/年催化重整装置
98.0,ST040002,<p>%</p>,2025-05-06 08:00:00,全馏,延化120万吨/年催化重整装置
126.2,ST040002,℃,2025-05-06 08:00:00,50%平均蒸发温度T50%,延化120万吨/年催化重整装置
127.2,ST040002,℃,2025-05-07 08:00:00,50%平均蒸发温度T50%,延化120万吨/年催化重整装置
5.41,ST040002,<p>%</p>,2025-05-07 08:00:00,正构烷烃,延化120万吨/年催化重整装置
65.5,ST040002,℃,2025-05-07 08:00:00,初馏点蒸发温度 TIBP,延化120万吨/年催化重整装置
99.9,ST040002,℃,2025-05-07 08:00:00,10%平均蒸发温度T10%,延化120万吨/年催化重整装置
163.9,ST040002,℃,2025-05-07 08:00:00,90%平均蒸发温度T90%,延化120万吨/年催化重整装置
198.3,ST040002,℃,2025-05-07 08:00:00,终馏点蒸发温度TFBP,延化120万吨/年催化重整装置
98.0,ST040002,<p>%</p>,2025-05-07 08:00:00,全馏,延化120万吨/年催化重整装置
0.8,ST040002,<p>%</p>,2025-05-07 08:00:00,平均残留百分数(B),延化120万吨/年催化重整装置
13.56,ST040002,<p>%</p>,2025-05-07 08:00:00,异构烷烃,延化120万吨/年催化重整装置
20.72,ST040002,<p>%</p>,2025-05-07 08:00:00,烷烃含量,延化120万吨/年催化重整装置
0.84,ST040002,<p>%</p>,2025-05-07 08:00:00,烯烃含量,延化120万吨/年催化重整装置
1.75,ST040002,<p>%</p>,2025-05-07 08:00:00,环烷烃含量,延化120万吨/年催化重整装置
78.26,ST040002,<p>%</p>,2025-05-07 08:00:00,芳烃含量,延化120万吨/年催化重整装置
5.85,ST040002,<p>%</p>,2025-05-07 08:00:00,苯含量,延化120万吨/年催化重整装置
817.8,ST040002,<p>kg/m<sup>3</sup></p>,2025-05-07 08:00:00,密度,延化120万吨/年催化重整装置
64.4,ST040002,℃,2025-05-08 08:00:00,初馏点蒸发温度 TIBP,延化120万吨/年催化重整装置
97.8,ST040002,℃,2025-05-08 08:00:00,10%平均蒸发温度T10%,延化120万吨/年催化重整装置
98.0,ST040002,<p>%</p>,2025-05-08 08:00:00,全馏,延化120万吨/年催化重整装置
819.9,ST040002,<p>kg/m<sup>3</sup></p>,2025-05-08 08:00:00,密度,延化120万吨/年催化重整装置
163.8,ST040002,℃,2025-05-08 08:00:00,90%平均蒸发温度T90%,延化120万吨/年催化重整装置
198.7,ST040002,℃,2025-05-08 08:00:00,终馏点蒸发温度TFBP,延化120万吨/年催化重整装置
0.8,ST040002,<p>%</p>,2025-05-08 08:00:00,平均残留百分数(B),延化120万吨/年催化重整装置
126.7,ST040002,℃,2025-05-08 08:00:00,50%平均蒸发温度T50%,延化120万吨/年催化重整装置
819.7,ST040002,<p>kg/m<sup>3</sup></p>,2025-05-09 08:00:00,密度,延化120万吨/年催化重整装置
0.8,ST040002,<p>%</p>,2025-05-09 08:00:00,校正损失百分数(LC),延化120万吨/年催化重整装置
98.4,ST040002,<p>%</p>,2025-05-09 08:00:00,校正回收百分数(RC),延化120万吨/年催化重整装置
98.4,ST040002,<p>%</p>,2025-05-09 08:00:00,校正回收百分数(RC),延化120万吨/年催化重整装置
0.8,ST040002,<p>%</p>,2025-05-09 08:00:00,校正损失百分数(LC),延化120万吨/年催化重整装置
98.4,ST040002,<p>%</p>,2025-05-09 08:00:00,全馏,延化120万吨/年催化重整装置
100.0,ST040002,℃,2025-05-09 08:00:00,10%平均蒸发温度T10%,延化120万吨/年催化重整装置
136.5,ST040002,℃,2025-05-09 08:00:00,50%平均蒸发温度T50%,延化120万吨/年催化重整装置
170.5,ST040002,℃,2025-05-09 08:00:00,90%平均蒸发温度T90%,延化120万吨/年催化重整装置
203.5,ST040002,℃,2025-05-09 08:00:00,终馏点蒸发温度TFBP,延化120万吨/年催化重整装置
62.5,ST040002,℃,2025-05-09 08:00:00,初馏点蒸发温度 TIBP,延化120万吨/年催化重整装置
63.4,ST040002,℃,2025-05-10 08:00:00,初馏点蒸发温度 TIBP,延化120万吨/年催化重整装置
95.0,ST040002,℃,2025-05-10 08:00:00,10%平均蒸发温度T10%,延化120万吨/年催化重整装置
127.1,ST040002,℃,2025-05-10 08:00:00,50%平均蒸发温度T50%,延化120万吨/年催化重整装置
820.3,ST040002,<p>kg/m<sup>3</sup></p>,2025-05-10 08:00:00,密度,延化120万吨/年催化重整装置
200.6,ST040002,℃,2025-05-10 08:00:00,终馏点蒸发温度TFBP,延化120万吨/年催化重整装置
98.0,ST040002,<p>%</p>,2025-05-10 08:00:00,全馏,延化120万吨/年催化重整装置
0.8,ST040002,<p>%</p>,2025-05-10 08:00:00,平均残留百分数(B),延化120万吨/年催化重整装置
166.6,ST040002,℃,2025-05-10 08:00:00,90%平均蒸发温度T90%,延化120万吨/年催化重整装置
818.4,ST040002,<p>kg/m<sup>3</sup></p>,2025-05-11 08:00:00,密度,延化120万吨/年催化重整装置
64.4,ST040002,℃,2025-05-11 08:00:00,初馏点蒸发温度 TIBP,延化120万吨/年催化重整装置
97.1,ST040002,℃,2025-05-11 08:00:00,10%平均蒸发温度T10%,延化120万吨/年催化重整装置
0.8,ST040002,<p>%</p>,2025-05-11 08:00:00,平均残留百分数(B),延化120万吨/年催化重整装置
162.8,ST040002,℃,2025-05-11 08:00:00,90%平均蒸发温度T90%,延化120万吨/年催化重整装置
197.4,ST040002,℃,2025-05-11 08:00:00,终馏点蒸发温度TFBP,延化120万吨/年催化重整装置
98.0,ST040002,<p>%</p>,2025-05-11 08:00:00,全馏,延化120万吨/年催化重整装置
126.9,ST040002,℃,2025-05-11 08:00:00,50%平均蒸发温度T50%,延化120万吨/年催化重整装置
817.9,ST040002,<p>kg/m<sup>3</sup></p>,2025-05-12 08:00:00,密度,延化120万吨/年催化重整装置
64.0,ST040002,℃,2025-05-12 08:00:00,初馏点蒸发温度 TIBP,延化120万吨/年催化重整装置
97.2,ST040002,℃,2025-05-12 08:00:00,10%平均蒸发温度T10%,延化120万吨/年催化重整装置
0.8,ST040002,<p>%</p>,2025-05-12 08:00:00,平均残留百分数(B),延化120万吨/年催化重整装置
161.4,ST040002,℃,2025-05-12 08:00:00,90%平均蒸发温度T90%,延化120万吨/年催化重整装置
196.6,ST040002,℃,2025-05-12 08:00:00,终馏点蒸发温度TFBP,延化120万吨/年催化重整装置
98.0,ST040002,<p>%</p>,2025-05-12 08:00:00,全馏,延化120万吨/年催化重整装置
126.7,ST040002,℃,2025-05-12 08:00:00,50%平均蒸发温度T50%,延化120万吨/年催化重整装置
197.8,ST040002,℃,2025-05-13 08:00:00,终馏点蒸发温度TFBP,延化120万吨/年催化重整装置
63.5,ST040002,℃,2025-05-13 08:00:00,初馏点蒸发温度 TIBP,延化120万吨/年催化重整装置
97.9,ST040002,℃,2025-05-13 08:00:00,10%平均蒸发温度T10%,延化120万吨/年催化重整装置
819.3,ST040002,<p>kg/m<sup>3</sup></p>,2025-05-13 08:00:00,密度,延化120万吨/年催化重整装置
163.9,ST040002,℃,2025-05-13 08:00:00,90%平均蒸发温度T90%,延化120万吨/年催化重整装置
98.0,ST040002,<p>%</p>,2025-05-13 08:00:00,全馏,延化120万吨/年催化重整装置
0.8,ST040002,<p>%</p>,2025-05-13 08:00:00,平均残留百分数(B),延化120万吨/年催化重整装置
126.9,ST040002,℃,2025-05-13 08:00:00,50%平均蒸发温度T50%,延化120万吨/年催化重整装置
819.0,ST040002,<p>kg/m<sup>3</sup></p>,2025-05-14 08:00:00,密度,延化120万吨/年催化重整装置
5.36,ST040002,<p>%</p>,2025-05-14 08:00:00,苯含量,延化120万吨/年催化重整装置
62.7,ST040002,℃,2025-05-14 08:00:00,初馏点蒸发温度 TIBP,延化120万吨/年催化重整装置
97.5,ST040002,℃,2025-05-14 08:00:00,10%平均蒸发温度T10%,延化120万吨/年催化重整装置
126.9,ST040002,℃,2025-05-14 08:00:00,50%平均蒸发温度T50%,延化120万吨/年催化重整装置
199.3,ST040002,℃,2025-05-14 08:00:00,终馏点蒸发温度TFBP,延化120万吨/年催化重整装置
98.0,ST040002,<p>%</p>,2025-05-14 08:00:00,全馏,延化120万吨/年催化重整装置
0.8,ST040002,<p>%</p>,2025-05-14 08:00:00,平均残留百分数(B),延化120万吨/年催化重整装置
0.84,ST040002,<p>%</p>,2025-05-14 08:00:00,烯烃含量,延化120万吨/年催化重整装置
5.57,ST040002,<p>%</p>,2025-05-14 08:00:00,正构烷烃,延化120万吨/年催化重整装置
13.51,ST040002,<p>%</p>,2025-05-14 08:00:00,异构烷烃,延化120万吨/年催化重整装置
20.97,ST040002,<p>%</p>,2025-05-14 08:00:00,烷烃含量,延化120万吨/年催化重整装置
1.89,ST040002,<p>%</p>,2025-05-14 08:00:00,环烷烃含量,延化120万吨/年催化重整装置
78.00,ST040002,<p>%</p>,2025-05-14 08:00:00,芳烃含量,延化120万吨/年催化重整装置
164.9,ST040002,℃,2025-05-14 08:00:00,90%平均蒸发温度T90%,延化120万吨/年催化重整装置
818.0,ST040002,<p>kg/m<sup>3</sup></p>,2025-05-15 08:00:00,密度,延化120万吨/年催化重整装置
63.2,ST040002,℃,2025-05-15 08:00:00,初馏点蒸发温度 TIBP,延化120万吨/年催化重整装置
96.2,ST040002,℃,2025-05-15 08:00:00,10%平均蒸发温度T10%,延化120万吨/年催化重整装置
127.0,ST040002,℃,2025-05-15 08:00:00,50%平均蒸发温度T50%,延化120万吨/年催化重整装置
164.7,ST040002,℃,2025-05-15 08:00:00,90%平均蒸发温度T90%,延化120万吨/年催化重整装置
199.3,ST040002,℃,2025-05-15 08:00:00,终馏点蒸发温度TFBP,延化120万吨/年催化重整装置
98.0,ST040002,<p>%</p>,2025-05-15 08:00:00,全馏,延化120万吨/年催化重整装置
0.5,ST040002,<p>%</p>,2025-05-15 08:00:00,平均残留百分数(B),延化120万吨/年催化重整装置
98.0,ST040002,<p>%</p>,2025-05-16 08:00:00,全馏,延化120万吨/年催化重整装置
97.8,ST040002,℃,2025-05-16 08:00:00,10%平均蒸发温度T10%,延化120万吨/年催化重整装置
126.5,ST040002,℃,2025-05-16 08:00:00,50%平均蒸发温度T50%,延化120万吨/年催化重整装置
818.7,ST040002,<p>kg/m<sup>3</sup></p>,2025-05-16 08:00:00,密度,延化120万吨/年催化重整装置
196.6,ST040002,℃,2025-05-16 08:00:00,终馏点蒸发温度TFBP,延化120万吨/年催化重整装置
0.8,ST040002,<p>%</p>,2025-05-16 08:00:00,平均残留百分数(B),延化120万吨/年催化重整装置
63.1,ST040002,℃,2025-05-16 08:00:00,初馏点蒸发温度 TIBP,延化120万吨/年催化重整装置
162.4,ST040002,℃,2025-05-16 08:00:00,90%平均蒸发温度T90%,延化120万吨/年催化重整装置
160.7,ST040002,℃,2025-05-17 08:00:00,90%平均蒸发温度T90%,延化120万吨/年催化重整装置
62.8,ST040002,℃,2025-05-17 08:00:00,初馏点蒸发温度 TIBP,延化120万吨/年催化重整装置
97.0,ST040002,℃,2025-05-17 08:00:00,10%平均蒸发温度T10%,延化120万吨/年催化重整装置
816.2,ST040002,<p>kg/m<sup>3</sup></p>,2025-05-17 08:00:00,密度,延化120万吨/年催化重整装置
196.4,ST040002,℃,2025-05-17 08:00:00,终馏点蒸发温度TFBP,延化120万吨/年催化重整装置
98.0,ST040002,<p>%</p>,2025-05-17 08:00:00,全馏,延化120万吨/年催化重整装置
0.8,ST040002,<p>%</p>,2025-05-17 08:00:00,平均残留百分数(B),延化120万吨/年催化重整装置
126.6,ST040002,℃,2025-05-17 08:00:00,50%平均蒸发温度T50%,延化120万吨/年催化重整装置
98.0,ST040002,<p>%</p>,2025-05-18 08:00:00,全馏,延化120万吨/年催化重整装置
63.1,ST040002,℃,2025-05-18 08:00:00,初馏点蒸发温度 TIBP,延化120万吨/年催化重整装置
96.6,ST040002,℃,2025-05-18 08:00:00,10%平均蒸发温度T10%,延化120万吨/年催化重整装置
818.7,ST040002,<p>kg/m<sup>3</sup></p>,2025-05-18 08:00:00,密度,延化120万吨/年催化重整装置
161.2,ST040002,℃,2025-05-18 08:00:00,90%平均蒸发温度T90%,延化120万吨/年催化重整装置
196.6,ST040002,℃,2025-05-18 08:00:00,终馏点蒸发温度TFBP,延化120万吨/年催化重整装置
0.8,ST040002,<p>%</p>,2025-05-18 08:00:00,平均残留百分数(B),延化120万吨/年催化重整装置
126.7,ST040002,℃,2025-05-18 08:00:00,50%平均蒸发温度T50%,延化120万吨/年催化重整装置
161.2,ST040002,℃,2025-05-19 08:00:00,90%平均蒸发温度T90%,延化120万吨/年催化重整装置
63.1,ST040002,℃,2025-05-19 08:00:00,初馏点蒸发温度 TIBP,延化120万吨/年催化重整装置
96.7,ST040002,℃,2025-05-19 08:00:00,10%平均蒸发温度T10%,延化120万吨/年催化重整装置
819.2,ST040002,<p>kg/m<sup>3</sup></p>,2025-05-19 08:00:00,密度,延化120万吨/年催化重整装置
196.6,ST040002,℃,2025-05-19 08:00:00,终馏点蒸发温度TFBP,延化120万吨/年催化重整装置
98.0,ST040002,<p>%</p>,2025-05-19 08:00:00,全馏,延化120万吨/年催化重整装置
0.8,ST040002,<p>%</p>,2025-05-19 08:00:00,平均残留百分数(B),延化120万吨/年催化重整装置
126.8,ST040002,℃,2025-05-19 08:00:00,50%平均蒸发温度T50%,延化120万吨/年催化重整装置
160.4,ST040002,℃,2025-05-20 08:00:00,90%平均蒸发温度T90%,延化120万吨/年催化重整装置
64.0,ST040002,℃,2025-05-20 08:00:00,初馏点蒸发温度 TIBP,延化120万吨/年催化重整装置
97.4,ST040002,℃,2025-05-20 08:00:00,10%平均蒸发温度T10%,延化120万吨/年催化重整装置
819.9,ST040002,<p>kg/m<sup>3</sup></p>,2025-05-20 08:00:00,密度,延化120万吨/年催化重整装置
98.0,ST040002,<p>%</p>,2025-05-20 08:00:00,全馏,延化120万吨/年催化重整装置
0.8,ST040002,<p>%</p>,2025-05-20 08:00:00,平均残留百分数(B),延化120万吨/年催化重整装置
196.8,ST040002,℃,2025-05-20 08:00:00,终馏点蒸发温度TFBP,延化120万吨/年催化重整装置
126.5,ST040002,℃,2025-05-20 08:00:00,50%平均蒸发温度T50%,延化120万吨/年催化重整装置
0.8,ST040002,<p>%</p>,2025-05-21 08:00:00,平均残留百分数(B),延化120万吨/年催化重整装置
5.94,ST040002,<p>%</p>,2025-05-21 08:00:00,苯含量,延化120万吨/年催化重整装置
162.4,ST040002,℃,2025-05-21 08:00:00,90%平均蒸发温度T90%,延化120万吨/年催化重整装置
820.5,ST040002,<p>kg/m<sup>3</sup></p>,2025-05-21 08:00:00,密度,延化120万吨/年催化重整装置
64.5,ST040002,℃,2025-05-21 08:00:00,初馏点蒸发温度 TIBP,延化120万吨/年催化重整装置
97.7,ST040002,℃,2025-05-21 08:00:00,10%平均蒸发温度T10%,延化120万吨/年催化重整装置
126.5,ST040002,℃,2025-05-21 08:00:00,50%平均蒸发温度T50%,延化120万吨/年催化重整装置
199.1,ST040002,℃,2025-05-21 08:00:00,终馏点蒸发温度TFBP,延化120万吨/年催化重整装置
98.0,ST040002,<p>%</p>,2025-05-21 08:00:00,全馏,延化120万吨/年催化重整装置
13.07,ST040002,<p>%</p>,2025-05-21 08:00:00,异构烷烃,延化120万吨/年催化重整装置
19.97,ST040002,<p>%</p>,2025-05-21 08:00:00,烷烃含量,延化120万吨/年催化重整装置
0.81,ST040002,<p>%</p>,2025-05-21 08:00:00,烯烃含量,延化120万吨/年催化重整装置
1.68,ST040002,<p>%</p>,2025-05-21 08:00:00,环烷烃含量,延化120万吨/年催化重整装置
78.98,ST040002,<p>%</p>,2025-05-21 08:00:00,芳烃含量,延化120万吨/年催化重整装置
5.22,ST040002,<p>%</p>,2025-05-21 08:00:00,正构烷烃,延化120万吨/年催化重整装置
98.3,ST040002,℃,2025-05-22 08:00:00,10%平均蒸发温度T10%,延化120万吨/年催化重整装置
126.7,ST040002,℃,2025-05-22 08:00:00,50%平均蒸发温度T50%,延化120万吨/年催化重整装置
162.7,ST040002,℃,2025-05-22 08:00:00,90%平均蒸发温度T90%,延化120万吨/年催化重整装置
65.7,ST040002,℃,2025-05-22 08:00:00,初馏点蒸发温度 TIBP,延化120万吨/年催化重整装置
98.0,ST040002,<p>%</p>,2025-05-22 08:00:00,全馏,延化120万吨/年催化重整装置
0.8,ST040002,<p>%</p>,2025-05-22 08:00:00,平均残留百分数(B),延化120万吨/年催化重整装置
820.8,ST040002,<p>kg/m<sup>3</sup></p>,2025-05-22 08:00:00,密度,延化120万吨/年催化重整装置
199.5,ST040002,℃,2025-05-22 08:00:00,终馏点蒸发温度TFBP,延化120万吨/年催化重整装置
197.1,ST040002,℃,2025-05-23 08:00:00,终馏点蒸发温度TFBP,延化120万吨/年催化重整装置
817.5,ST040002,<p>kg/m<sup>3</sup></p>,2025-05-23 08:00:00,密度,延化120万吨/年催化重整装置
63.6,ST040002,℃,2025-05-23 08:00:00,初馏点蒸发温度 TIBP,延化120万吨/年催化重整装置
0.8,ST040002,<p>%</p>,2025-05-23 08:00:00,平均残留百分数(B),延化120万吨/年催化重整装置
125.0,ST040002,℃,2025-05-23 08:00:00,50%平均蒸发温度T50%,延化120万吨/年催化重整装置
160.7,ST040002,℃,2025-05-23 08:00:00,90%平均蒸发温度T90%,延化120万吨/年催化重整装置
98.0,ST040002,<p>%</p>,2025-05-23 08:00:00,全馏,延化120万吨/年催化重整装置
97.2,ST040002,℃,2025-05-23 08:00:00,10%平均蒸发温度T10%,延化120万吨/年催化重整装置
62.8,ST040002,℃,2025-05-24 08:00:00,初馏点蒸发温度 TIBP,延化120万吨/年催化重整装置
96.0,ST040002,℃,2025-05-24 08:00:00,10%平均蒸发温度T10%,延化120万吨/年催化重整装置
124.9,ST040002,℃,2025-05-24 08:00:00,50%平均蒸发温度T50%,延化120万吨/年催化重整装置
818.9,ST040002,<p>kg/m<sup>3</sup></p>,2025-05-24 08:00:00,密度,延化120万吨/年催化重整装置
197.8,ST040002,℃,2025-05-24 08:00:00,终馏点蒸发温度TFBP,延化120万吨/年催化重整装置
98.0,ST040002,<p>%</p>,2025-05-24 08:00:00,全馏,延化120万吨/年催化重整装置
0.8,ST040002,<p>%</p>,2025-05-24 08:00:00,平均残留百分数(B),延化120万吨/年催化重整装置
160.6,ST040002,℃,2025-05-24 08:00:00,90%平均蒸发温度T90%,延化120万吨/年催化重整装置
160.4,ST040002,℃,2025-05-25 08:00:00,90%平均蒸发温度T90%,延化120万吨/年催化重整装置
63.2,ST040002,℃,2025-05-25 08:00:00,初馏点蒸发温度 TIBP,延化120万吨/年催化重整装置
96.8,ST040002,℃,2025-05-25 08:00:00,10%平均蒸发温度T10%,延化120万吨/年催化重整装置
817.5,ST040002,<p>kg/m<sup>3</sup></p>,2025-05-25 08:00:00,密度,延化120万吨/年催化重整装置
197.6,ST040002,℃,2025-05-25 08:00:00,终馏点蒸发温度TFBP,延化120万吨/年催化重整装置
98.0,ST040002,<p>%</p>,2025-05-25 08:00:00,全馏,延化120万吨/年催化重整装置
0.8,ST040002,<p>%</p>,2025-05-25 08:00:00,平均残留百分数(B),延化120万吨/年催化重整装置
125.0,ST040002,℃,2025-05-25 08:00:00,50%平均蒸发温度T50%,延化120万吨/年催化重整装置
63.5,ST040002,℃,2025-05-26 08:00:00,初馏点蒸发温度 TIBP,延化120万吨/年催化重整装置
96.9,ST040002,℃,2025-05-26 08:00:00,10%平均蒸发温度T10%,延化120万吨/年催化重整装置
125.2,ST040002,℃,2025-05-26 08:00:00,50%平均蒸发温度T50%,延化120万吨/年催化重整装置
0.8,ST040002,<p>%</p>,2025-05-26 08:00:00,平均残留百分数(B),延化120万吨/年催化重整装置
159.5,ST040002,℃,2025-05-26 08:00:00,90%平均蒸发温度T90%,延化120万吨/年催化重整装置
197.1,ST040002,℃,2025-05-26 08:00:00,终馏点蒸发温度TFBP,延化120万吨/年催化重整装置
98.0,ST040002,<p>%</p>,2025-05-26 08:00:00,全馏,延化120万吨/年催化重整装置
817.6,ST040002,<p>kg/m<sup>3</sup></p>,2025-05-26 08:00:00,密度,延化120万吨/年催化重整装置
162.8,ST040002,℃,2025-05-27 08:00:00,90%平均蒸发温度T90%,延化120万吨/年催化重整装置
816.9,ST040002,<p>kg/m<sup>3</sup></p>,2025-05-27 08:00:00,密度,延化120万吨/年催化重整装置
63.5,ST040002,℃,2025-05-27 08:00:00,初馏点蒸发温度 TIBP,延化120万吨/年催化重整装置
0.8,ST040002,<p>%</p>,2025-05-27 08:00:00,平均残留百分数(B),延化120万吨/年催化重整装置
126.2,ST040002,℃,2025-05-27 08:00:00,50%平均蒸发温度T50%,延化120万吨/年催化重整装置
199.5,ST040002,℃,2025-05-27 08:00:00,终馏点蒸发温度TFBP,延化120万吨/年催化重整装置
98.0,ST040002,<p>%</p>,2025-05-27 08:00:00,全馏,延化120万吨/年催化重整装置
96.2,ST040002,℃,2025-05-27 08:00:00,10%平均蒸发温度T10%,延化120万吨/年催化重整装置
159.8,ST040002,℃,2025-05-28 08:00:00,90%平均蒸发温度T90%,延化120万吨/年催化重整装置
6.13,ST040002,<p>%</p>,2025-05-28 08:00:00,苯含量,延化120万吨/年催化重整装置
63.2,ST040002,℃,2025-05-28 08:00:00,初馏点蒸发温度 TIBP,延化120万吨/年催化重整装置
97.0,ST040002,℃,2025-05-28 08:00:00,10%平均蒸发温度T10%,延化120万吨/年催化重整装置
124.9,ST040002,℃,2025-05-28 08:00:00,50%平均蒸发温度T50%,延化120万吨/年催化重整装置
197.2,ST040002,℃,2025-05-28 08:00:00,终馏点蒸发温度TFBP,延化120万吨/年催化重整装置
98.0,ST040002,<p>%</p>,2025-05-28 08:00:00,全馏,延化120万吨/年催化重整装置
0.8,ST040002,<p>%</p>,2025-05-28 08:00:00,平均残留百分数(B),延化120万吨/年催化重整装置
0.86,ST040002,<p>%</p>,2025-05-28 08:00:00,烯烃含量,延化120万吨/年催化重整装置
5.72,ST040002,<p>%</p>,2025-05-28 08:00:00,正构烷烃,延化120万吨/年催化重整装置
14.15,ST040002,<p>%</p>,2025-05-28 08:00:00,异构烷烃,延化120万吨/年催化重整装置
21.63,ST040002,<p>%</p>,2025-05-28 08:00:00,烷烃含量,延化120万吨/年催化重整装置
1.76,ST040002,<p>%</p>,2025-05-28 08:00:00,环烷烃含量,延化120万吨/年催化重整装置
77.48,ST040002,<p>%</p>,2025-05-28 08:00:00,芳烃含量,延化120万吨/年催化重整装置
817.7,ST040002,<p>kg/m<sup>3</sup></p>,2025-05-28 08:00:00,密度,延化120万吨/年催化重整装置
63.2,ST040002,℃,2025-05-29 08:00:00,初馏点蒸发温度 TIBP,延化120万吨/年催化重整装置
96.9,ST040002,℃,2025-05-29 08:00:00,10%平均蒸发温度T10%,延化120万吨/年催化重整装置
127.4,ST040002,℃,2025-05-29 08:00:00,50%平均蒸发温度T50%,延化120万吨/年催化重整装置
159.5,ST040002,℃,2025-05-29 08:00:00,90%平均蒸发温度T90%,延化120万吨/年催化重整装置
98.0,ST040002,<p>%</p>,2025-05-29 08:00:00,全馏,延化120万吨/年催化重整装置
0.8,ST040002,<p>%</p>,2025-05-29 08:00:00,平均残留百分数(B),延化120万吨/年催化重整装置
817.4,ST040002,<p>kg/m<sup>3</sup></p>,2025-05-29 08:00:00,密度,延化120万吨/年催化重整装置
196.9,ST040002,℃,2025-05-29 08:00:00,终馏点蒸发温度TFBP,延化120万吨/年催化重整装置
98.0,ST040002,<p>%</p>,2025-05-30 08:00:00,全馏,延化120万吨/年催化重整装置
63.2,ST040002,℃,2025-05-30 08:00:00,初馏点蒸发温度 TIBP,延化120万吨/年催化重整装置
96.8,ST040002,℃,2025-05-30 08:00:00,10%平均蒸发温度T10%,延化120万吨/年催化重整装置
817.9,ST040002,<p>kg/m<sup>3</sup></p>,2025-05-30 08:00:00,密度,延化120万吨/年催化重整装置
160.7,ST040002,℃,2025-05-30 08:00:00,90%平均蒸发温度T90%,延化120万吨/年催化重整装置
198.0,ST040002,℃,2025-05-30 08:00:00,终馏点蒸发温度TFBP,延化120万吨/年催化重整装置
0.8,ST040002,<p>%</p>,2025-05-30 08:00:00,平均残留百分数(B),延化120万吨/年催化重整装置
125.0,ST040002,℃,2025-05-30 08:00:00,50%平均蒸发温度T50%,延化120万吨/年催化重整装置
126.6,ST040002,℃,2025-05-31 08:00:00,50%平均蒸发温度T50%,延化120万吨/年催化重整装置
818.1,ST040002,<p>kg/m<sup>3</sup></p>,2025-05-31 08:00:00,密度,延化120万吨/年催化重整装置
63.6,ST040002,℃,2025-05-31 08:00:00,初馏点蒸发温度 TIBP,延化120万吨/年催化重整装置
0.8,ST040002,<p>%</p>,2025-05-31 08:00:00,平均残留百分数(B),延化120万吨/年催化重整装置
161.7,ST040002,℃,2025-05-31 08:00:00,90%平均蒸发温度T90%,延化120万吨/年催化重整装置
197.4,ST040002,℃,2025-05-31 08:00:00,终馏点蒸发温度TFBP,延化120万吨/年催化重整装置
98.0,ST040002,<p>%</p>,2025-05-31 08:00:00,全馏,延化120万吨/年催化重整装置
97.2,ST040002,℃,2025-05-31 08:00:00,10%平均蒸发温度T10%,延化120万吨/年催化重整装置
818.2,ST040002,<p>kg/m<sup>3</sup></p>,2025-06-01 08:00:00,密度,延化120万吨/年催化重整装置
98.0,ST040002,<p>%</p>,2025-06-01 08:00:00,全馏,延化120万吨/年催化重整装置
63.6,ST040002,℃,2025-06-01 08:00:00,初馏点蒸发温度 TIBP,延化120万吨/年催化重整装置
0.8,ST040002,<p>%</p>,2025-06-01 08:00:00,平均残留百分数(B),延化120万吨/年催化重整装置
125.8,ST040002,℃,2025-06-01 08:00:00,50%平均蒸发温度T50%,延化120万吨/年催化重整装置
160.3,ST040002,℃,2025-06-01 08:00:00,90%平均蒸发温度T90%,延化120万吨/年催化重整装置
196.9,ST040002,℃,2025-06-01 08:00:00,终馏点蒸发温度TFBP,延化120万吨/年催化重整装置
97.3,ST040002,℃,2025-06-01 08:00:00,10%平均蒸发温度T10%,延化120万吨/年催化重整装置
126.1,ST040002,℃,2025-06-02 08:00:00,50%平均蒸发温度T50%,延化120万吨/年催化重整装置
817.6,ST040002,<p>kg/m<sup>3</sup></p>,2025-06-02 08:00:00,密度,延化120万吨/年催化重整装置
64.1,ST040002,℃,2025-06-02 08:00:00,初馏点蒸发温度 TIBP,延化120万吨/年催化重整装置
0.8,ST040002,<p>%</p>,2025-06-02 08:00:00,平均残留百分数(B),延化120万吨/年催化重整装置
162.3,ST040002,℃,2025-06-02 08:00:00,90%平均蒸发温度T90%,延化120万吨/年催化重整装置
198.2,ST040002,℃,2025-06-02 08:00:00,终馏点蒸发温度TFBP,延化120万吨/年催化重整装置
98.0,ST040002,<p>%</p>,2025-06-02 08:00:00,全馏,延化120万吨/年催化重整装置
97.3,ST040002,℃,2025-06-02 08:00:00,10%平均蒸发温度T10%,延化120万吨/年催化重整装置
64.8,ST040002,℃,2025-06-03 08:00:00,初馏点蒸发温度 TIBP,延化120万吨/年催化重整装置
99.6,ST040002,℃,2025-06-03 08:00:00,10%平均蒸发温度T10%,延化120万吨/年催化重整装置
127.1,ST040002,℃,2025-06-03 08:00:00,50%平均蒸发温度T50%,延化120万吨/年催化重整装置
817.5,ST040002,<p>kg/m<sup>3</sup></p>,2025-06-03 08:00:00,密度,延化120万吨/年催化重整装置
196.4,ST040002,℃,2025-06-03 08:00:00,终馏点蒸发温度TFBP,延化120万吨/年催化重整装置
98.0,ST040002,<p>%</p>,2025-06-03 08:00:00,全馏,延化120万吨/年催化重整装置
0.8,ST040002,<p>%</p>,2025-06-03 08:00:00,平均残留百分数(B),延化120万吨/年催化重整装置
162.6,ST040002,℃,2025-06-03 08:00:00,90%平均蒸发温度T90%,延化120万吨/年催化重整装置
63.2,ST040002,℃,2025-06-04 08:00:00,初馏点蒸发温度 TIBP,延化120万吨/年催化重整装置
5.72,ST040002,<p>%</p>,2025-06-04 08:00:00,苯含量,延化120万吨/年催化重整装置
126.6,ST040002,℃,2025-06-04 08:00:00,50%平均蒸发温度T50%,延化120万吨/年催化重整装置
160.6,ST040002,℃,2025-06-04 08:00:00,90%平均蒸发温度T90%,延化120万吨/年催化重整装置
196.7,ST040002,℃,2025-06-04 08:00:00,终馏点蒸发温度TFBP,延化120万吨/年催化重整装置
98.0,ST040002,<p>%</p>,2025-06-04 08:00:00,全馏,延化120万吨/年催化重整装置
1.82,ST040002,<p>%</p>,2025-06-04 08:00:00,环烷烃含量,延化120万吨/年催化重整装置
0.8,ST040002,<p>%</p>,2025-06-04 08:00:00,平均残留百分数(B),延化120万吨/年催化重整装置
817.7,ST040002,<p>kg/m<sup>3</sup></p>,2025-06-04 08:00:00,密度,延化120万吨/年催化重整装置
5.59,ST040002,<p>%</p>,2025-06-04 08:00:00,正构烷烃,延化120万吨/年催化重整装置
13.97,ST040002,<p>%</p>,2025-06-04 08:00:00,异构烷烃,延化120万吨/年催化重整装置
21.38,ST040002,<p>%</p>,2025-06-04 08:00:00,烷烃含量,延化120万吨/年催化重整装置
0.82,ST040002,<p>%</p>,2025-06-04 08:00:00,烯烃含量,延化120万吨/年催化重整装置
77.63,ST040002,<p>%</p>,2025-06-04 08:00:00,芳烃含量,延化120万吨/年催化重整装置
97.3,ST040002,℃,2025-06-04 08:00:00,10%平均蒸发温度T10%,延化120万吨/年催化重整装置
63.2,ST040002,℃,2025-06-05 08:00:00,初馏点蒸发温度 TIBP,延化120万吨/年催化重整装置
97.1,ST040002,℃,2025-06-05 08:00:00,10%平均蒸发温度T10%,延化120万吨/年催化重整装置
126.6,ST040002,℃,2025-06-05 08:00:00,50%平均蒸发温度T50%,延化120万吨/年催化重整装置
817.2,ST040002,<p>kg/m<sup>3</sup></p>,2025-06-05 08:00:00,密度,延化120万吨/年催化重整装置
196.9,ST040002,℃,2025-06-05 08:00:00,终馏点蒸发温度TFBP,延化120万吨/年催化重整装置
98.0,ST040002,<p>%</p>,2025-06-05 08:00:00,全馏,延化120万吨/年催化重整装置
0.8,ST040002,<p>%</p>,2025-06-05 08:00:00,平均残留百分数(B),延化120万吨/年催化重整装置
162.5,ST040002,℃,2025-06-05 08:00:00,90%平均蒸发温度T90%,延化120万吨/年催化重整装置
160.8,ST040002,℃,2025-06-06 08:00:00,90%平均蒸发温度T90%,延化120万吨/年催化重整装置
63.2,ST040002,℃,2025-06-06 08:00:00,初馏点蒸发温度 TIBP,延化120万吨/年催化重整装置
97.3,ST040002,℃,2025-06-06 08:00:00,10%平均蒸发温度T10%,延化120万吨/年催化重整装置
818.9,ST040002,<p>kg/m<sup>3</sup></p>,2025-06-06 08:00:00,密度,延化120万吨/年催化重整装置
196.5,ST040002,℃,2025-06-06 08:00:00,终馏点蒸发温度TFBP,延化120万吨/年催化重整装置
98.0,ST040002,<p>%</p>,2025-06-06 08:00:00,全馏,延化120万吨/年催化重整装置
0.8,ST040002,<p>%</p>,2025-06-06 08:00:00,平均残留百分数(B),延化120万吨/年催化重整装置
126.3,ST040002,℃,2025-06-06 08:00:00,50%平均蒸发温度T50%,延化120万吨/年催化重整装置
126.4,ST040002,℃,2025-06-07 08:00:00,50%平均蒸发温度T50%,延化120万吨/年催化重整装置
818.8,ST040002,<p>kg/m<sup>3</sup></p>,2025-06-07 08:00:00,密度,延化120万吨/年催化重整装置
63.3,ST040002,℃,2025-06-07 08:00:00,初馏点蒸发温度 TIBP,延化120万吨/年催化重整装置
0.8,ST040002,<p>%</p>,2025-06-07 08:00:00,平均残留百分数(B),延化120万吨/年催化重整装置
160.6,ST040002,℃,2025-06-07 08:00:00,90%平均蒸发温度T90%,延化120万吨/年催化重整装置
196.5,ST040002,℃,2025-06-07 08:00:00,终馏点蒸发温度TFBP,延化120万吨/年催化重整装置
98.0,ST040002,<p>%</p>,2025-06-07 08:00:00,全馏,延化120万吨/年催化重整装置
97.5,ST040002,℃,2025-06-07 08:00:00,10%平均蒸发温度T10%,延化120万吨/年催化重整装置
65.3,ST040002,℃,2025-06-08 08:00:00,初馏点蒸发温度 TIBP,延化120万吨/年催化重整装置
100.2,ST040002,℃,2025-06-08 08:00:00,10%平均蒸发温度T10%,延化120万吨/年催化重整装置
127.2,ST040002,℃,2025-06-08 08:00:00,50%平均蒸发温度T50%,延化120万吨/年催化重整装置
164.8,ST040002,℃,2025-06-08 08:00:00,90%平均蒸发温度T90%,延化120万吨/年催化重整装置
98.0,ST040002,<p>%</p>,2025-06-08 08:00:00,全馏,延化120万吨/年催化重整装置
0.8,ST040002,<p>%</p>,2025-06-08 08:00:00,平均残留百分数(B),延化120万吨/年催化重整装置
817.7,ST040002,<p>kg/m<sup>3</sup></p>,2025-06-08 08:00:00,密度,延化120万吨/年催化重整装置
199.3,ST040002,℃,2025-06-08 08:00:00,终馏点蒸发温度TFBP,延化120万吨/年催化重整装置
196.7,ST040002,℃,2025-06-09 08:00:00,终馏点蒸发温度TFBP,延化120万吨/年催化重整装置
64.3,ST040002,℃,2025-06-09 08:00:00,初馏点蒸发温度 TIBP,延化120万吨/年催化重整装置
98.4,ST040002,℃,2025-06-09 08:00:00,10%平均蒸发温度T10%,延化120万吨/年催化重整装置
817.2,ST040002,<p>kg/m<sup>3</sup></p>,2025-06-09 08:00:00,密度,延化120万吨/年催化重整装置
161.2,ST040002,℃,2025-06-09 08:00:00,90%平均蒸发温度T90%,延化120万吨/年催化重整装置
98.0,ST040002,<p>%</p>,2025-06-09 08:00:00,全馏,延化120万吨/年催化重整装置
0.8,ST040002,<p>%</p>,2025-06-09 08:00:00,平均残留百分数(B),延化120万吨/年催化重整装置
126.7,ST040002,℃,2025-06-09 08:00:00,50%平均蒸发温度T50%,延化120万吨/年催化重整装置
817.4,ST040002,<p>kg/m<sup>3</sup></p>,2025-06-10 08:00:00,密度,延化120万吨/年催化重整装置
0.8,ST040002,<p>%</p>,2025-06-10 08:00:00,平均残留百分数(B),延化120万吨/年催化重整装置
160.6,ST040002,℃,2025-06-10 08:00:00,90%平均蒸发温度T90%,延化120万吨/年催化重整装置
97.3,ST040002,℃,2025-06-10 08:00:00,10%平均蒸发温度T10%,延化120万吨/年催化重整装置
98.0,ST040002,<p>%</p>,2025-06-10 08:00:00,全馏,延化120万吨/年催化重整装置
125.4,ST040002,℃,2025-06-10 08:00:00,50%平均蒸发温度T50%,延化120万吨/年催化重整装置
63.6,ST040002,℃,2025-06-10 08:00:00,初馏点蒸发温度 TIBP,延化120万吨/年催化重整装置
196.7,ST040002,℃,2025-06-10 08:00:00,终馏点蒸发温度TFBP,延化120万吨/年催化重整装置
5.61,ST040002,<p>%</p>,2025-06-11 08:00:00,正构烷烃,延化120万吨/年催化重整装置
0.8,ST040002,<p>%</p>,2025-06-11 08:00:00,平均残留百分数(B),延化120万吨/年催化重整装置
21.45,ST040002,<p>%</p>,2025-06-11 08:00:00,烷烃含量,延化120万吨/年催化重整装置
0.83,ST040002,<p>%</p>,2025-06-11 08:00:00,烯烃含量,延化120万吨/年催化重整装置
1.73,ST040002,<p>%</p>,2025-06-11 08:00:00,环烷烃含量,延化120万吨/年催化重整装置
77.68,ST040002,<p>%</p>,2025-06-11 08:00:00,芳烃含量,延化120万吨/年催化重整装置
6.13,ST040002,<p>%</p>,2025-06-11 08:00:00,苯含量,延化120万吨/年催化重整装置
125.2,ST040002,℃,2025-06-11 08:00:00,50%平均蒸发温度T50%,延化120万吨/年催化重整装置
818.0,ST040002,<p>kg/m<sup>3</sup></p>,2025-06-11 08:00:00,密度,延化120万吨/年催化重整装置
63.7,ST040002,℃,2025-06-11 08:00:00,初馏点蒸发温度 TIBP,延化120万吨/年催化重整装置
97.3,ST040002,℃,2025-06-11 08:00:00,10%平均蒸发温度T10%,延化120万吨/年催化重整装置
159.9,ST040002,℃,2025-06-11 08:00:00,90%平均蒸发温度T90%,延化120万吨/年催化重整装置
196.7,ST040002,℃,2025-06-11 08:00:00,终馏点蒸发温度TFBP,延化120万吨/年催化重整装置
98.0,ST040002,<p>%</p>,2025-06-11 08:00:00,全馏,延化120万吨/年催化重整装置
14.11,ST040002,<p>%</p>,2025-06-11 08:00:00,异构烷烃,延化120万吨/年催化重整装置
126.4,ST040002,℃,2025-06-12 08:00:00,50%平均蒸发温度T50%,延化120万吨/年催化重整装置
819.0,ST040002,<p>kg/m<sup>3</sup></p>,2025-06-12 08:00:00,密度,延化120万吨/年催化重整装置
64.6,ST040002,℃,2025-06-12 08:00:00,初馏点蒸发温度 TIBP,延化120万吨/年催化重整装置
0.8,ST040002,<p>%</p>,2025-06-12 08:00:00,平均残留百分数(B),延化120万吨/年催化重整装置
160.3,ST040002,℃,2025-06-12 08:00:00,90%平均蒸发温度T90%,延化120万吨/年催化重整装置
196.7,ST040002,℃,2025-06-12 08:00:00,终馏点蒸发温度TFBP,延化120万吨/年催化重整装置
98.0,ST040002,<p>%</p>,2025-06-12 08:00:00,全馏,延化120万吨/年催化重整装置
98.1,ST040002,℃,2025-06-12 08:00:00,10%平均蒸发温度T10%,延化120万吨/年催化重整装置
818.9,ST040002,<p>kg/m<sup>3</sup></p>,2025-06-13 08:00:00,密度,延化120万吨/年催化重整装置
98.0,ST040002,<p>%</p>,2025-06-13 08:00:00,全馏,延化120万吨/年催化重整装置
0.8,ST040002,<p>%</p>,2025-06-13 08:00:00,平均残留百分数(B),延化120万吨/年催化重整装置
197.4,ST040002,℃,2025-06-13 08:00:00,终馏点蒸发温度TFBP,延化120万吨/年催化重整装置
98.1,ST040002,℃,2025-06-13 08:00:00,10%平均蒸发温度T10%,延化120万吨/年催化重整装置
126.7,ST040002,℃,2025-06-13 08:00:00,50%平均蒸发温度T50%,延化120万吨/年催化重整装置
162.4,ST040002,℃,2025-06-13 08:00:00,90%平均蒸发温度T90%,延化120万吨/年催化重整装置
65.0,ST040002,℃,2025-06-13 08:00:00,初馏点蒸发温度 TIBP,延化120万吨/年催化重整装置
819.6,ST040002,<p>kg/m<sup>3</sup></p>,2025-06-14 08:00:00,密度,延化120万吨/年催化重整装置
70.1,ST040002,℃,2025-06-14 08:00:00,初馏点蒸发温度 TIBP,延化120万吨/年催化重整装置
101.3,ST040002,℃,2025-06-14 08:00:00,10%平均蒸发温度T10%,延化120万吨/年催化重整装置
0.8,ST040002,<p>%</p>,2025-06-14 08:00:00,平均残留百分数(B),延化120万吨/年催化重整装置
164.8,ST040002,℃,2025-06-14 08:00:00,90%平均蒸发温度T90%,延化120万吨/年催化重整装置
199.3,ST040002,℃,2025-06-14 08:00:00,终馏点蒸发温度TFBP,延化120万吨/年催化重整装置
98.0,ST040002,<p>%</p>,2025-06-14 08:00:00,全馏,延化120万吨/年催化重整装置
127.2,ST040002,℃,2025-06-14 08:00:00,50%平均蒸发温度T50%,延化120万吨/年催化重整装置
73.2,ST040002,℃,2025-06-15 08:00:00,初馏点蒸发温度 TIBP,延化120万吨/年催化重整装置
105.0,ST040002,℃,2025-06-15 08:00:00,10%平均蒸发温度T10%,延化120万吨/年催化重整装置
163.5,ST040002,℃,2025-06-15 08:00:00,90%平均蒸发温度T90%,延化120万吨/年催化重整装置
825.8,ST040002,<p>kg/m<sup>3</sup></p>,2025-06-15 08:00:00,密度,延化120万吨/年催化重整装置
98.0,ST040002,<p>%</p>,2025-06-15 08:00:00,全馏,延化120万吨/年催化重整装置
0.8,ST040002,<p>%</p>,2025-06-15 08:00:00,平均残留百分数(B),延化120万吨/年催化重整装置
127.1,ST040002,℃,2025-06-15 08:00:00,50%平均蒸发温度T50%,延化120万吨/年催化重整装置
198.7,ST040002,℃,2025-06-15 08:00:00,终馏点蒸发温度TFBP,延化120万吨/年催化重整装置
821.8,ST040002,<p>kg/m<sup>3</sup></p>,2025-06-16 08:00:00,密度,延化120万吨/年催化重整装置
65.4,ST040002,℃,2025-06-16 08:00:00,初馏点蒸发温度 TIBP,延化120万吨/年催化重整装置
98.1,ST040002,℃,2025-06-16 08:00:00,10%平均蒸发温度T10%,延化120万吨/年催化重整装置
124.9,ST040002,℃,2025-06-16 08:00:00,50%平均蒸发温度T50%,延化120万吨/年催化重整装置
159.8,ST040002,℃,2025-06-16 08:00:00,90%平均蒸发温度T90%,延化120万吨/年催化重整装置
196.8,ST040002,℃,2025-06-16 08:00:00,终馏点蒸发温度TFBP,延化120万吨/年催化重整装置
98.0,ST040002,<p>%</p>,2025-06-16 08:00:00,全馏,延化120万吨/年催化重整装置
0.8,ST040002,<p>%</p>,2025-06-16 08:00:00,平均残留百分数(B),延化120万吨/年催化重整装置
160.1,ST040002,℃,2025-06-17 08:00:00,90%平均蒸发温度T90%,延化120万吨/年催化重整装置
820.0,ST040002,<p>kg/m<sup>3</sup></p>,2025-06-17 08:00:00,密度,延化120万吨/年催化重整装置
64.5,ST040002,℃,2025-06-17 08:00:00,初馏点蒸发温度 TIBP,延化120万吨/年催化重整装置
0.8,ST040002,<p>%</p>,2025-06-17 08:00:00,平均残留百分数(B),延化120万吨/年催化重整装置
124.8,ST040002,℃,2025-06-17 08:00:00,50%平均蒸发温度T50%,延化120万吨/年催化重整装置
196.6,ST040002,℃,2025-06-17 08:00:00,终馏点蒸发温度TFBP,延化120万吨/年催化重整装置
98.0,ST040002,<p>%</p>,2025-06-17 08:00:00,全馏,延化120万吨/年催化重整装置
97.9,ST040002,℃,2025-06-17 08:00:00,10%平均蒸发温度T10%,延化120万吨/年催化重整装置
64.5,ST040002,℃,2025-06-18 08:00:00,初馏点蒸发温度 TIBP,延化120万吨/年催化重整装置
6.17,ST040002,<p>%</p>,2025-06-18 08:00:00,苯含量,延化120万吨/年催化重整装置
126.4,ST040002,℃,2025-06-18 08:00:00,50%平均蒸发温度T50%,延化120万吨/年催化重整装置
160.4,ST040002,℃,2025-06-18 08:00:00,90%平均蒸发温度T90%,延化120万吨/年催化重整装置
196.5,ST040002,℃,2025-06-18 08:00:00,终馏点蒸发温度TFBP,延化120万吨/年催化重整装置
98.0,ST040002,<p>%</p>,2025-06-18 08:00:00,全馏,延化120万吨/年催化重整装置
0.8,ST040002,<p>%</p>,2025-06-18 08:00:00,平均残留百分数(B),延化120万吨/年催化重整装置
819.8,ST040002,<p>kg/m<sup>3</sup></p>,2025-06-18 08:00:00,密度,延化120万吨/年催化重整装置
5.26,ST040002,<p>%</p>,2025-06-18 08:00:00,正构烷烃,延化120万吨/年催化重整装置
13.45,ST040002,<p>%</p>,2025-06-18 08:00:00,异构烷烃,延化120万吨/年催化重整装置
20.35,ST040002,<p>%</p>,2025-06-18 08:00:00,烷烃含量,延化120万吨/年催化重整装置
0.83,ST040002,<p>%</p>,2025-06-18 08:00:00,烯烃含量,延化120万吨/年催化重整装置
1.64,ST040002,<p>%</p>,2025-06-18 08:00:00,环烷烃含量,延化120万吨/年催化重整装置
78.67,ST040002,<p>%</p>,2025-06-18 08:00:00,芳烃含量,延化120万吨/年催化重整装置
98.1,ST040002,℃,2025-06-18 08:00:00,10%平均蒸发温度T10%,延化120万吨/年催化重整装置
161.0,ST040002,℃,2025-06-19 08:00:00,90%平均蒸发温度T90%,延化120万吨/年催化重整装置
64.1,ST040002,℃,2025-06-19 08:00:00,初馏点蒸发温度 TIBP,延化120万吨/年催化重整装置
97.3,ST040002,℃,2025-06-19 08:00:00,10%平均蒸发温度T10%,延化120万吨/年催化重整装置
819.2,ST040002,<p>kg/m<sup>3</sup></p>,2025-06-19 08:00:00,密度,延化120万吨/年催化重整装置
196.7,ST040002,℃,2025-06-19 08:00:00,终馏点蒸发温度TFBP,延化120万吨/年催化重整装置
98.0,ST040002,<p>%</p>,2025-06-19 08:00:00,全馏,延化120万吨/年催化重整装置
0.8,ST040002,<p>%</p>,2025-06-19 08:00:00,平均残留百分数(B),延化120万吨/年催化重整装置
124.9,ST040002,℃,2025-06-19 08:00:00,50%平均蒸发温度T50%,延化120万吨/年催化重整装置
160.7,ST040002,℃,2025-06-20 08:00:00,90%平均蒸发温度T90%,延化120万吨/年催化重整装置
64.4,ST040002,℃,2025-06-20 08:00:00,初馏点蒸发温度 TIBP,延化120万吨/年催化重整装置
96.3,ST040002,℃,2025-06-20 08:00:00,10%平均蒸发温度T10%,延化120万吨/年催化重整装置
817.2,ST040002,<p>kg/m<sup>3</sup></p>,2025-06-20 08:00:00,密度,延化120万吨/年催化重整装置
196.9,ST040002,℃,2025-06-20 08:00:00,终馏点蒸发温度TFBP,延化120万吨/年催化重整装置
98.0,ST040002,<p>%</p>,2025-06-20 08:00:00,全馏,延化120万吨/年催化重整装置
0.8,ST040002,<p>%</p>,2025-06-20 08:00:00,平均残留百分数(B),延化120万吨/年催化重整装置
125.3,ST040002,℃,2025-06-20 08:00:00,50%平均蒸发温度T50%,延化120万吨/年催化重整装置
161.3,ST040002,℃,2025-06-21 08:00:00,90%平均蒸发温度T90%,延化120万吨/年催化重整装置
64.0,ST040002,℃,2025-06-21 08:00:00,初馏点蒸发温度 TIBP,延化120万吨/年催化重整装置
96.0,ST040002,℃,2025-06-21 08:00:00,10%平均蒸发温度T10%,延化120万吨/年催化重整装置
817.8,ST040002,<p>kg/m<sup>3</sup></p>,2025-06-21 08:00:00,密度,延化120万吨/年催化重整装置
197.0,ST040002,℃,2025-06-21 08:00:00,终馏点蒸发温度TFBP,延化120万吨/年催化重整装置
98.0,ST040002,<p>%</p>,2025-06-21 08:00:00,全馏,延化120万吨/年催化重整装置
0.8,ST040002,<p>%</p>,2025-06-21 08:00:00,平均残留百分数(B),延化120万吨/年催化重整装置
125.3,ST040002,℃,2025-06-21 08:00:00,50%平均蒸发温度T50%,延化120万吨/年催化重整装置
125.4,ST040002,℃,2025-06-22 08:00:00,50%平均蒸发温度T50%,延化120万吨/年催化重整装置
197.1,ST040002,℃,2025-06-22 08:00:00,终馏点蒸发温度TFBP,延化120万吨/年催化重整装置
98.0,ST040002,<p>%</p>,2025-06-22 08:00:00,全馏,延化120万吨/年催化重整装置
95.9,ST040002,℃,2025-06-22 08:00:00,10%平均蒸发温度T10%,延化120万吨/年催化重整装置
818.1,ST040002,<p>kg/m<sup>3</sup></p>,2025-06-22 08:00:00,密度,延化120万吨/年催化重整装置
161.8,ST040002,℃,2025-06-22 08:00:00,90%平均蒸发温度T90%,延化120万吨/年催化重整装置
63.6,ST040002,℃,2025-06-22 08:00:00,初馏点蒸发温度 TIBP,延化120万吨/年催化重整装置
0.8,ST040002,<p>%</p>,2025-06-22 08:00:00,平均残留百分数(B),延化120万吨/年催化重整装置
161.0,ST040002,℃,2025-06-23 08:00:00,90%平均蒸发温度T90%,延化120万吨/年催化重整装置
63.5,ST040002,℃,2025-06-23 08:00:00,初馏点蒸发温度 TIBP,延化120万吨/年催化重整装置
96.8,ST040002,℃,2025-06-23 08:00:00,10%平均蒸发温度T10%,延化120万吨/年催化重整装置
818.5,ST040002,<p>kg/m<sup>3</sup></p>,2025-06-23 08:00:00,密度,延化120万吨/年催化重整装置
196.6,ST040002,℃,2025-06-23 08:00:00,终馏点蒸发温度TFBP,延化120万吨/年催化重整装置
98.0,ST040002,<p>%</p>,2025-06-23 08:00:00,全馏,延化120万吨/年催化重整装置
0.8,ST040002,<p>%</p>,2025-06-23 08:00:00,平均残留百分数(B),延化120万吨/年催化重整装置
125.0,ST040002,℃,2025-06-23 08:00:00,50%平均蒸发温度T50%,延化120万吨/年催化重整装置
126.1,ST040002,℃,2025-06-24 08:00:00,50%平均蒸发温度T50%,延化120万吨/年催化重整装置
819.4,ST040002,<p>kg/m<sup>3</sup></p>,2025-06-24 08:00:00,密度,延化120万吨/年催化重整装置
64.4,ST040002,℃,2025-06-24 08:00:00,初馏点蒸发温度 TIBP,延化120万吨/年催化重整装置
0.8,ST040002,<p>%</p>,2025-06-24 08:00:00,平均残留百分数(B),延化120万吨/年催化重整装置
160.7,ST040002,℃,2025-06-24 08:00:00,90%平均蒸发温度T90%,延化120万吨/年催化重整装置
196.4,ST040002,℃,2025-06-24 08:00:00,终馏点蒸发温度TFBP,延化120万吨/年催化重整装置
98.0,ST040002,<p>%</p>,2025-06-24 08:00:00,全馏,延化120万吨/年催化重整装置
97.4,ST040002,℃,2025-06-24 08:00:00,10%平均蒸发温度T10%,延化120万吨/年催化重整装置
65.3,ST040002,℃,2025-06-25 08:00:00,初馏点蒸发温度 TIBP,延化120万吨/年催化重整装置
6.31,ST040002,<p>%</p>,2025-06-25 08:00:00,苯含量,延化120万吨/年催化重整装置
98.0,ST040002,<p>%</p>,2025-06-25 08:00:00,全馏,延化120万吨/年催化重整装置
0.8,ST040002,<p>%</p>,2025-06-25 08:00:00,平均残留百分数(B),延化120万吨/年催化重整装置
97.9,ST040002,℃,2025-06-25 08:00:00,10%平均蒸发温度T10%,延化120万吨/年催化重整装置
126.5,ST040002,℃,2025-06-25 08:00:00,50%平均蒸发温度T50%,延化120万吨/年催化重整装置
161.2,ST040002,℃,2025-06-25 08:00:00,90%平均蒸发温度T90%,延化120万吨/年催化重整装置
820.0,ST040002,<p>kg/m<sup>3</sup></p>,2025-06-25 08:00:00,密度,延化120万吨/年催化重整装置
0.89,ST040002,<p>%</p>,2025-06-25 08:00:00,烯烃含量,延化120万吨/年催化重整装置
5.44,ST040002,<p>%</p>,2025-06-25 08:00:00,正构烷烃,延化120万吨/年催化重整装置
13.56,ST040002,<p>%</p>,2025-06-25 08:00:00,异构烷烃,延化120万吨/年催化重整装置
20.64,ST040002,<p>%</p>,2025-06-25 08:00:00,烷烃含量,延化120万吨/年催化重整装置
1.64,ST040002,<p>%</p>,2025-06-25 08:00:00,环烷烃含量,延化120万吨/年催化重整装置
78.43,ST040002,<p>%</p>,2025-06-25 08:00:00,芳烃含量,延化120万吨/年催化重整装置
196.5,ST040002,℃,2025-06-25 08:00:00,终馏点蒸发温度TFBP,延化120万吨/年催化重整装置
162.5,ST040002,℃,2025-06-26 08:00:00,90%平均蒸发温度T90%,延化120万吨/年催化重整装置
65.3,ST040002,℃,2025-06-26 08:00:00,初馏点蒸发温度 TIBP,延化120万吨/年催化重整装置
98.3,ST040002,℃,2025-06-26 08:00:00,10%平均蒸发温度T10%,延化120万吨/年催化重整装置
820.5,ST040002,<p>kg/m<sup>3</sup></p>,2025-06-26 08:00:00,密度,延化120万吨/年催化重整装置
196.4,ST040002,℃,2025-06-26 08:00:00,终馏点蒸发温度TFBP,延化120万吨/年催化重整装置
98.0,ST040002,<p>%</p>,2025-06-26 08:00:00,全馏,延化120万吨/年催化重整装置
0.8,ST040002,<p>%</p>,2025-06-26 08:00:00,平均残留百分数(B),延化120万吨/年催化重整装置
126.7,ST040002,℃,2025-06-26 08:00:00,50%平均蒸发温度T50%,延化120万吨/年催化重整装置
820.3,ST040002,<p>kg/m<sup>3</sup></p>,2025-06-27 08:00:00,密度,延化120万吨/年催化重整装置
64.0,ST040002,℃,2025-06-27 08:00:00,初馏点蒸发温度 TIBP,延化120万吨/年催化重整装置
97.4,ST040002,℃,2025-06-27 08:00:00,10%平均蒸发温度T10%,延化120万吨/年催化重整装置
0.8,ST040002,<p>%</p>,2025-06-27 08:00:00,平均残留百分数(B),延化120万吨/年催化重整装置
161.3,ST040002,℃,2025-06-27 08:00:00,90%平均蒸发温度T90%,延化120万吨/年催化重整装置
196.5,ST040002,℃,2025-06-27 08:00:00,终馏点蒸发温度TFBP,延化120万吨/年催化重整装置
98.0,ST040002,<p>%</p>,2025-06-27 08:00:00,全馏,延化120万吨/年催化重整装置
126.5,ST040002,℃,2025-06-27 08:00:00,50%平均蒸发温度T50%,延化120万吨/年催化重整装置
63.6,ST040002,℃,2025-06-28 08:00:00,初馏点蒸发温度 TIBP,延化120万吨/年催化重整装置
97.4,ST040002,℃,2025-06-28 08:00:00,10%平均蒸发温度T10%,延化120万吨/年催化重整装置
126.3,ST040002,℃,2025-06-28 08:00:00,50%平均蒸发温度T50%,延化120万吨/年催化重整装置
820.8,ST040002,<p>kg/m<sup>3</sup></p>,2025-06-28 08:00:00,密度,延化120万吨/年催化重整装置
196.4,ST040002,℃,2025-06-28 08:00:00,终馏点蒸发温度TFBP,延化120万吨/年催化重整装置
98.0,ST040002,<p>%</p>,2025-06-28 08:00:00,全馏,延化120万吨/年催化重整装置
0.8,ST040002,<p>%</p>,2025-06-28 08:00:00,平均残留百分数(B),延化120万吨/年催化重整装置
161.0,ST040002,℃,2025-06-28 08:00:00,90%平均蒸发温度T90%,延化120万吨/年催化重整装置
160.1,ST040002,℃,2025-06-29 08:00:00,90%平均蒸发温度T90%,延化120万吨/年催化重整装置
98.0,ST040002,<p>%</p>,2025-06-29 08:00:00,全馏,延化120万吨/年催化重整装置
0.8,ST040002,<p>%</p>,2025-06-29 08:00:00,平均残留百分数(B),延化120万吨/年催化重整装置
125.2,ST040002,℃,2025-06-29 08:00:00,50%平均蒸发温度T50%,延化120万吨/年催化重整装置
196.7,ST040002,℃,2025-06-29 08:00:00,终馏点蒸发温度TFBP,延化120万吨/年催化重整装置
64.5,ST040002,℃,2025-06-29 08:00:00,初馏点蒸发温度 TIBP,延化120万吨/年催化重整装置
97.4,ST040002,℃,2025-06-29 08:00:00,10%平均蒸发温度T10%,延化120万吨/年催化重整装置
820.6,ST040002,<p>kg/m<sup>3</sup></p>,2025-06-29 08:00:00,密度,延化120万吨/年催化重整装置
124.7,ST040002,℃,2025-06-30 08:00:00,50%平均蒸发温度T50%,延化120万吨/年催化重整装置
820.2,ST040002,<p>kg/m<sup>3</sup></p>,2025-06-30 08:00:00,密度,延化120万吨/年催化重整装置
63.6,ST040002,℃,2025-06-30 08:00:00,初馏点蒸发温度 TIBP,延化120万吨/年催化重整装置
0.8,ST040002,<p>%</p>,2025-06-30 08:00:00,平均残留百分数(B),延化120万吨/年催化重整装置
159.6,ST040002,℃,2025-06-30 08:00:00,90%平均蒸发温度T90%,延化120万吨/年催化重整装置
196.5,ST040002,℃,2025-06-30 08:00:00,终馏点蒸发温度TFBP,延化120万吨/年催化重整装置
98.0,ST040002,<p>%</p>,2025-06-30 08:00:00,全馏,延化120万吨/年催化重整装置
97.3,ST040002,℃,2025-06-30 08:00:00,10%平均蒸发温度T10%,延化120万吨/年催化重整装置
125.2,ST040002,℃,2025-07-01 08:00:00,50%平均蒸发温度T50%,延化120万吨/年催化重整装置
820.3,ST040002,<p>kg/m<sup>3</sup></p>,2025-07-01 08:00:00,密度,延化120万吨/年催化重整装置
63.6,ST040002,℃,2025-07-01 08:00:00,初馏点蒸发温度 TIBP,延化120万吨/年催化重整装置
0.8,ST040002,<p>%</p>,2025-07-01 08:00:00,平均残留百分数(B),延化120万吨/年催化重整装置
160.1,ST040002,℃,2025-07-01 08:00:00,90%平均蒸发温度T90%,延化120万吨/年催化重整装置
196.6,ST040002,℃,2025-07-01 08:00:00,终馏点蒸发温度TFBP,延化120万吨/年催化重整装置
98.0,ST040002,<p>%</p>,2025-07-01 08:00:00,全馏,延化120万吨/年催化重整装置
97.2,ST040002,℃,2025-07-01 08:00:00,10%平均蒸发温度T10%,延化120万吨/年催化重整装置
160.0,ST040002,℃,2025-07-02 08:00:00,90%平均蒸发温度T90%,延化120万吨/年催化重整装置
6.22,ST040002,<p>%</p>,2025-07-02 08:00:00,苯含量,延化120万吨/年催化重整装置
97.4,ST040002,℃,2025-07-02 08:00:00,10%平均蒸发温度T10%,延化120万吨/年催化重整装置
125.0,ST040002,℃,2025-07-02 08:00:00,50%平均蒸发温度T50%,延化120万吨/年催化重整装置
196.7,ST040002,℃,2025-07-02 08:00:00,终馏点蒸发温度TFBP,延化120万吨/年催化重整装置
98.0,ST040002,<p>%</p>,2025-07-02 08:00:00,全馏,延化120万吨/年催化重整装置
0.8,ST040002,<p>%</p>,2025-07-02 08:00:00,平均残留百分数(B),延化120万吨/年催化重整装置
818.7,ST040002,<p>kg/m<sup>3</sup></p>,2025-07-02 08:00:00,密度,延化120万吨/年催化重整装置
0.83,ST040002,<p>%</p>,2025-07-02 08:00:00,烯烃含量,延化120万吨/年催化重整装置
5.44,ST040002,<p>%</p>,2025-07-02 08:00:00,正构烷烃,延化120万吨/年催化重整装置
13.65,ST040002,<p>%</p>,2025-07-02 08:00:00,异构烷烃,延化120万吨/年催化重整装置
20.87,ST040002,<p>%</p>,2025-07-02 08:00:00,烷烃含量,延化120万吨/年催化重整装置
1.78,ST040002,<p>%</p>,2025-07-02 08:00:00,环烷烃含量,延化120万吨/年催化重整装置
78.16,ST040002,<p>%</p>,2025-07-02 08:00:00,芳烃含量,延化120万吨/年催化重整装置
64.5,ST040002,℃,2025-07-02 08:00:00,初馏点蒸发温度 TIBP,延化120万吨/年催化重整装置
196.5,ST040002,℃,2025-07-03 08:00:00,终馏点蒸发温度TFBP,延化120万吨/年催化重整装置
818.1,ST040002,<p>kg/m<sup>3</sup></p>,2025-07-03 08:00:00,密度,延化120万吨/年催化重整装置
63.6,ST040002,℃,2025-07-03 08:00:00,初馏点蒸发温度 TIBP,延化120万吨/年催化重整装置
0.8,ST040002,<p>%</p>,2025-07-03 08:00:00,平均残留百分数(B),延化120万吨/年催化重整装置
125.2,ST040002,℃,2025-07-03 08:00:00,50%平均蒸发温度T50%,延化120万吨/年催化重整装置
160.1,ST040002,℃,2025-07-03 08:00:00,90%平均蒸发温度T90%,延化120万吨/年催化重整装置
98.0,ST040002,<p>%</p>,2025-07-03 08:00:00,全馏,延化120万吨/年催化重整装置
97.1,ST040002,℃,2025-07-03 08:00:00,10%平均蒸发温度T10%,延化120万吨/年催化重整装置
818.0,ST040002,<p>kg/m<sup>3</sup></p>,2025-07-04 08:00:00,密度,延化120万吨/年催化重整装置
64.5,ST040002,℃,2025-07-04 08:00:00,初馏点蒸发温度 TIBP,延化120万吨/年催化重整装置
97.4,ST040002,℃,2025-07-04 08:00:00,10%平均蒸发温度T10%,延化120万吨/年催化重整装置
0.8,ST040002,<p>%</p>,2025-07-04 08:00:00,平均残留百分数(B),延化120万吨/年催化重整装置
159.7,ST040002,℃,2025-07-04 08:00:00,90%平均蒸发温度T90%,延化120万吨/年催化重整装置
196.5,ST040002,℃,2025-07-04 08:00:00,终馏点蒸发温度TFBP,延化120万吨/年催化重整装置
98.0,ST040002,<p>%</p>,2025-07-04 08:00:00,全馏,延化120万吨/年催化重整装置
124.8,ST040002,℃,2025-07-04 08:00:00,50%平均蒸发温度T50%,延化120万吨/年催化重整装置
125.9,ST040002,℃,2025-07-05 08:00:00,50%平均蒸发温度T50%,延化120万吨/年催化重整装置
818.5,ST040002,<p>kg/m<sup>3</sup></p>,2025-07-05 08:00:00,密度,延化120万吨/年催化重整装置
64.5,ST040002,℃,2025-07-05 08:00:00,初馏点蒸发温度 TIBP,延化120万吨/年催化重整装置
0.8,ST040002,<p>%</p>,2025-07-05 08:00:00,平均残留百分数(B),延化120万吨/年催化重整装置
160.6,ST040002,℃,2025-07-05 08:00:00,90%平均蒸发温度T90%,延化120万吨/年催化重整装置
196.5,ST040002,℃,2025-07-05 08:00:00,终馏点蒸发温度TFBP,延化120万吨/年催化重整装置
98.0,ST040002,<p>%</p>,2025-07-05 08:00:00,全馏,延化120万吨/年催化重整装置
97.5,ST040002,℃,2025-07-05 08:00:00,10%平均蒸发温度T10%,延化120万吨/年催化重整装置
125.7,ST040002,℃,2025-07-06 08:00:00,50%平均蒸发温度T50%,延化120万吨/年催化重整装置
818.3,ST040002,<p>kg/m<sup>3</sup></p>,2025-07-06 08:00:00,密度,延化120万吨/年催化重整装置
63.6,ST040002,℃,2025-07-06 08:00:00,初馏点蒸发温度 TIBP,延化120万吨/年催化重整装置
0.8,ST040002,<p>%</p>,2025-07-06 08:00:00,平均残留百分数(B),延化120万吨/年催化重整装置
160.5,ST040002,℃,2025-07-06 08:00:00,90%平均蒸发温度T90%,延化120万吨/年催化重整装置
196.5,ST040002,℃,2025-07-06 08:00:00,终馏点蒸发温度TFBP,延化120万吨/年催化重整装置
98.0,ST040002,<p>%</p>,2025-07-06 08:00:00,全馏,延化120万吨/年催化重整装置
97.2,ST040002,℃,2025-07-06 08:00:00,10%平均蒸发温度T10%,延化120万吨/年催化重整装置
818.2,ST040002,<p>kg/m<sup>3</sup></p>,2025-07-07 08:00:00,密度,延化120万吨/年催化重整装置
63.6,ST040002,℃,2025-07-07 08:00:00,初馏点蒸发温度 TIBP,延化120万吨/年催化重整装置
97.3,ST040002,℃,2025-07-07 08:00:00,10%平均蒸发温度T10%,延化120万吨/年催化重整装置
0.8,ST040002,<p>%</p>,2025-07-07 08:00:00,平均残留百分数(B),延化120万吨/年催化重整装置
161.5,ST040002,℃,2025-07-07 08:00:00,90%平均蒸发温度T90%,延化120万吨/年催化重整装置
196.5,ST040002,℃,2025-07-07 08:00:00,终馏点蒸发温度TFBP,延化120万吨/年催化重整装置
98.0,ST040002,<p>%</p>,2025-07-07 08:00:00,全馏,延化120万吨/年催化重整装置
126.7,ST040002,℃,2025-07-07 08:00:00,50%平均蒸发温度T50%,延化120万吨/年催化重整装置
64.5,ST040002,℃,2025-07-08 08:00:00,初馏点蒸发温度 TIBP,延化120万吨/年催化重整装置
97.8,ST040002,℃,2025-07-08 08:00:00,10%平均蒸发温度T10%,延化120万吨/年催化重整装置
126.6,ST040002,℃,2025-07-08 08:00:00,50%平均蒸发温度T50%,延化120万吨/年催化重整装置
161.6,ST040002,℃,2025-07-08 08:00:00,90%平均蒸发温度T90%,延化120万吨/年催化重整装置
98.0,ST040002,<p>%</p>,2025-07-08 08:00:00,全馏,延化120万吨/年催化重整装置
0.8,ST040002,<p>%</p>,2025-07-08 08:00:00,平均残留百分数(B),延化120万吨/年催化重整装置
819.2,ST040002,<p>kg/m<sup>3</sup></p>,2025-07-08 08:00:00,密度,延化120万吨/年催化重整装置
196.5,ST040002,℃,2025-07-08 08:00:00,终馏点蒸发温度TFBP,延化120万吨/年催化重整装置
65.3,ST040002,℃,2025-07-09 08:00:00,初馏点蒸发温度 TIBP,延化120万吨/年催化重整装置
6.45,ST040002,<p>%</p>,2025-07-09 08:00:00,苯含量,延化120万吨/年催化重整装置
126.1,ST040002,℃,2025-07-09 08:00:00,50%平均蒸发温度T50%,延化120万吨/年催化重整装置
160.3,ST040002,℃,2025-07-09 08:00:00,90%平均蒸发温度T90%,延化120万吨/年催化重整装置
196.9,ST040002,℃,2025-07-09 08:00:00,终馏点蒸发温度TFBP,延化120万吨/年催化重整装置
98.0,ST040002,<p>%</p>,2025-07-09 08:00:00,全馏,延化120万吨/年催化重整装置
0.8,ST040002,<p>%</p>,2025-07-09 08:00:00,平均残留百分数(B),延化120万吨/年催化重整装置
1.62,ST040002,<p>%</p>,2025-07-09 08:00:00,环烷烃含量,延化120万吨/年催化重整装置
819.3,ST040002,<p>kg/m<sup>3</sup></p>,2025-07-09 08:00:00,密度,延化120万吨/年催化重整装置
5.29,ST040002,<p>%</p>,2025-07-09 08:00:00,正构烷烃,延化120万吨/年催化重整装置
13.47,ST040002,<p>%</p>,2025-07-09 08:00:00,异构烷烃,延化120万吨/年催化重整装置
20.38,ST040002,<p>%</p>,2025-07-09 08:00:00,烷烃含量,延化120万吨/年催化重整装置
0.79,ST040002,<p>%</p>,2025-07-09 08:00:00,烯烃含量,延化120万吨/年催化重整装置
78.64,ST040002,<p>%</p>,2025-07-09 08:00:00,芳烃含量,延化120万吨/年催化重整装置
97.9,ST040002,℃,2025-07-09 08:00:00,10%平均蒸发温度T10%,延化120万吨/年催化重整装置
126.5,ST040002,℃,2025-07-10 08:00:00,50%平均蒸发温度T50%,延化120万吨/年催化重整装置
821.8,ST040002,<p>kg/m<sup>3</sup></p>,2025-07-10 08:00:00,密度,延化120万吨/年催化重整装置
65.4,ST040002,℃,2025-07-10 08:00:00,初馏点蒸发温度 TIBP,延化120万吨/年催化重整装置
0.8,ST040002,<p>%</p>,2025-07-10 08:00:00,平均残留百分数(B),延化120万吨/年催化重整装置
160.5,ST040002,℃,2025-07-10 08:00:00,90%平均蒸发温度T90%,延化120万吨/年催化重整装置
196.8,ST040002,℃,2025-07-10 08:00:00,终馏点蒸发温度TFBP,延化120万吨/年催化重整装置
98.0,ST040002,<p>%</p>,2025-07-10 08:00:00,全馏,延化120万吨/年催化重整装置
97.9,ST040002,℃,2025-07-10 08:00:00,10%平均蒸发温度T10%,延化120万吨/年催化重整装置
97.8,ST040002,℃,2025-07-11 08:00:00,10%平均蒸发温度T10%,延化120万吨/年催化重整装置
821.2,ST040002,<p>kg/m<sup>3</sup></p>,2025-07-11 08:00:00,密度,延化120万吨/年催化重整装置
0.8,ST040002,<p>%</p>,2025-07-11 08:00:00,平均残留百分数(B),延化120万吨/年催化重整装置
98.0,ST040002,<p>%</p>,2025-07-11 08:00:00,全馏,延化120万吨/年催化重整装置
125.9,ST040002,℃,2025-07-11 08:00:00,50%平均蒸发温度T50%,延化120万吨/年催化重整装置
159.9,ST040002,℃,2025-07-11 08:00:00,90%平均蒸发温度T90%,延化120万吨/年催化重整装置
196.8,ST040002,℃,2025-07-11 08:00:00,终馏点蒸发温度TFBP,延化120万吨/年催化重整装置
64.5,ST040002,℃,2025-07-11 08:00:00,初馏点蒸发温度 TIBP,延化120万吨/年催化重整装置
125.4,ST040002,℃,2025-07-12 08:00:00,50%平均蒸发温度T50%,延化120万吨/年催化重整装置
820.8,ST040002,<p>kg/m<sup>3</sup></p>,2025-07-12 08:00:00,密度,延化120万吨/年催化重整装置
64.6,ST040002,℃,2025-07-12 08:00:00,初馏点蒸发温度 TIBP,延化120万吨/年催化重整装置
0.8,ST040002,<p>%</p>,2025-07-12 08:00:00,平均残留百分数(B),延化120万吨/年催化重整装置
159.9,ST040002,℃,2025-07-12 08:00:00,90%平均蒸发温度T90%,延化120万吨/年催化重整装置
196.8,ST040002,℃,2025-07-12 08:00:00,终馏点蒸发温度TFBP,延化120万吨/年催化重整装置
98.0,ST040002,<p>%</p>,2025-07-12 08:00:00,全馏,延化120万吨/年催化重整装置
97.9,ST040002,℃,2025-07-12 08:00:00,10%平均蒸发温度T10%,延化120万吨/年催化重整装置
196.6,ST040002,℃,2025-07-13 08:00:00,终馏点蒸发温度TFBP,延化120万吨/年催化重整装置
125.1,ST040002,℃,2025-07-13 08:00:00,50%平均蒸发温度T50%,延化120万吨/年催化重整装置
98.2,ST040002,℃,2025-07-13 08:00:00,10%平均蒸发温度T10%,延化120万吨/年催化重整装置
66.3,ST040002,℃,2025-07-13 08:00:00,初馏点蒸发温度 TIBP,延化120万吨/年催化重整装置
98.0,ST040002,<p>%</p>,2025-07-13 08:00:00,全馏,延化120万吨/年催化重整装置
0.8,ST040002,<p>%</p>,2025-07-13 08:00:00,平均残留百分数(B),延化120万吨/年催化重整装置
820.1,ST040002,<p>kg/m<sup>3</sup></p>,2025-07-13 08:00:00,密度,延化120万吨/年催化重整装置
160.0,ST040002,℃,2025-07-13 08:00:00,90%平均蒸发温度T90%,延化120万吨/年催化重整装置
66.2,ST040002,℃,2025-07-14 08:00:00,初馏点蒸发温度 TIBP,延化120万吨/年催化重整装置
97.9,ST040002,℃,2025-07-14 08:00:00,10%平均蒸发温度T10%,延化120万吨/年催化重整装置
125.3,ST040002,℃,2025-07-14 08:00:00,50%平均蒸发温度T50%,延化120万吨/年催化重整装置
821.1,ST040002,<p>kg/m<sup>3</sup></p>,2025-07-14 08:00:00,密度,延化120万吨/年催化重整装置
196.6,ST040002,℃,2025-07-14 08:00:00,终馏点蒸发温度TFBP,延化120万吨/年催化重整装置
98.0,ST040002,<p>%</p>,2025-07-14 08:00:00,全馏,延化120万吨/年催化重整装置
0.8,ST040002,<p>%</p>,2025-07-14 08:00:00,平均残留百分数(B),延化120万吨/年催化重整装置
160.0,ST040002,℃,2025-07-14 08:00:00,90%平均蒸发温度T90%,延化120万吨/年催化重整装置
66.9,ST040002,℃,2025-07-15 08:00:00,初馏点蒸发温度 TIBP,延化120万吨/年催化重整装置
97.9,ST040002,℃,2025-07-15 08:00:00,10%平均蒸发温度T10%,延化120万吨/年催化重整装置
124.9,ST040002,℃,2025-07-15 08:00:00,50%平均蒸发温度T50%,延化120万吨/年催化重整装置
159.8,ST040002,℃,2025-07-15 08:00:00,90%平均蒸发温度T90%,延化120万吨/年催化重整装置
196.5,ST040002,℃,2025-07-15 08:00:00,终馏点蒸发温度TFBP,延化120万吨/年催化重整装置
822.4,ST040002,<p>kg/m<sup>3</sup></p>,2025-07-15 08:00:00,密度,延化120万吨/年催化重整装置
98.0,ST040002,<p>%</p>,2025-07-15 08:00:00,全馏,延化120万吨/年催化重整装置
0.8,ST040002,<p>%</p>,2025-07-15 08:00:00,平均残留百分数(B),延化120万吨/年催化重整装置
4.93,ST040002,<p>%</p>,2025-07-16 08:00:00,正构烷烃,延化120万吨/年催化重整装置
0.71,ST040002,<p>%</p>,2025-07-16 08:00:00,烯烃含量,延化120万吨/年催化重整装置
18.94,ST040002,<p>%</p>,2025-07-16 08:00:00,烷烃含量,延化120万吨/年催化重整装置
1.32,ST040002,<p>%</p>,2025-07-16 08:00:00,环烷烃含量,延化120万吨/年催化重整装置
80.20,ST040002,<p>%</p>,2025-07-16 08:00:00,芳烃含量,延化120万吨/年催化重整装置
7.25,ST040002,<p>%</p>,2025-07-16 08:00:00,苯含量,延化120万吨/年催化重整装置
69.9,ST040002,℃,2025-07-16 08:00:00,初馏点蒸发温度 TIBP,延化120万吨/年催化重整装置
100.4,ST040002,℃,2025-07-16 08:00:00,10%平均蒸发温度T10%,延化120万吨/年催化重整装置
127.2,ST040002,℃,2025-07-16 08:00:00,50%平均蒸发温度T50%,延化120万吨/年催化重整装置
0.8,ST040002,<p>%</p>,2025-07-16 08:00:00,平均残留百分数(B),延化120万吨/年催化重整装置
160.9,ST040002,℃,2025-07-16 08:00:00,90%平均蒸发温度T90%,延化120万吨/年催化重整装置
196.5,ST040002,℃,2025-07-16 08:00:00,终馏点蒸发温度TFBP,延化120万吨/年催化重整装置
98.0,ST040002,<p>%</p>,2025-07-16 08:00:00,全馏,延化120万吨/年催化重整装置
823.1,ST040002,<p>kg/m<sup>3</sup></p>,2025-07-16 08:00:00,密度,延化120万吨/年催化重整装置
12.69,ST040002,<p>%</p>,2025-07-16 08:00:00,异构烷烃,延化120万吨/年催化重整装置
98.0,ST040002,<p>%</p>,2025-07-17 08:00:00,全馏,延化120万吨/年催化重整装置
65.7,ST040002,℃,2025-07-17 08:00:00,初馏点蒸发温度 TIBP,延化120万吨/年催化重整装置
97.9,ST040002,℃,2025-07-17 08:00:00,10%平均蒸发温度T10%,延化120万吨/年催化重整装置
822.7,ST040002,<p>kg/m<sup>3</sup></p>,2025-07-17 08:00:00,密度,延化120万吨/年催化重整装置
160.2,ST040002,℃,2025-07-17 08:00:00,90%平均蒸发温度T90%,延化120万吨/年催化重整装置
196.6,ST040002,℃,2025-07-17 08:00:00,终馏点蒸发温度TFBP,延化120万吨/年催化重整装置
0.8,ST040002,<p>%</p>,2025-07-17 08:00:00,平均残留百分数(B),延化120万吨/年催化重整装置
125.1,ST040002,℃,2025-07-17 08:00:00,50%平均蒸发温度T50%,延化120万吨/年催化重整装置
160.9,ST040002,℃,2025-07-18 08:00:00,90%平均蒸发温度T90%,延化120万吨/年催化重整装置
68.0,ST040002,℃,2025-07-18 08:00:00,初馏点蒸发温度 TIBP,延化120万吨/年催化重整装置
98.4,ST040002,℃,2025-07-18 08:00:00,10%平均蒸发温度T10%,延化120万吨/年催化重整装置
823.0,ST040002,<p>kg/m<sup>3</sup></p>,2025-07-18 08:00:00,密度,延化120万吨/年催化重整装置
196.3,ST040002,℃,2025-07-18 08:00:00,终馏点蒸发温度TFBP,延化120万吨/年催化重整装置
98.0,ST040002,<p>%</p>,2025-07-18 08:00:00,全馏,延化120万吨/年催化重整装置
0.8,ST040002,<p>%</p>,2025-07-18 08:00:00,平均残留百分数(B),延化120万吨/年催化重整装置
126.6,ST040002,℃,2025-07-18 08:00:00,50%平均蒸发温度T50%,延化120万吨/年催化重整装置
822.4,ST040002,<p>kg/m<sup>3</sup></p>,2025-07-19 08:00:00,密度,延化120万吨/年催化重整装置
98.0,ST040002,<p>%</p>,2025-07-19 08:00:00,全馏,延化120万吨/年催化重整装置
98.1,ST040002,℃,2025-07-19 08:00:00,10%平均蒸发温度T10%,延化120万吨/年催化重整装置
69.2,ST040002,℃,2025-07-19 08:00:00,初馏点蒸发温度 TIBP,延化120万吨/年催化重整装置
161.1,ST040002,℃,2025-07-19 08:00:00,90%平均蒸发温度T90%,延化120万吨/年催化重整装置
196.4,ST040002,℃,2025-07-19 08:00:00,终馏点蒸发温度TFBP,延化120万吨/年催化重整装置
0.8,ST040002,<p>%</p>,2025-07-19 08:00:00,平均残留百分数(B),延化120万吨/年催化重整装置
126.8,ST040002,℃,2025-07-19 08:00:00,50%平均蒸发温度T50%,延化120万吨/年催化重整装置
98.0,ST040002,<p>%</p>,2025-07-20 08:00:00,全馏,延化120万吨/年催化重整装置
126.0,ST040002,℃,2025-07-20 08:00:00,50%平均蒸发温度T50%,延化120万吨/年催化重整装置
160.4,ST040002,℃,2025-07-20 08:00:00,90%平均蒸发温度T90%,延化120万吨/年催化重整装置
97.5,ST040002,℃,2025-07-20 08:00:00,10%平均蒸发温度T10%,延化120万吨/年催化重整装置
0.8,ST040002,<p>%</p>,2025-07-20 08:00:00,平均残留百分数(B),延化120万吨/年催化重整装置
821.5,ST040002,<p>kg/m<sup>3</sup></p>,2025-07-20 08:00:00,密度,延化120万吨/年催化重整装置
68.3,ST040002,℃,2025-07-20 08:00:00,初馏点蒸发温度 TIBP,延化120万吨/年催化重整装置
196.6,ST040002,℃,2025-07-20 08:00:00,终馏点蒸发温度TFBP,延化120万吨/年催化重整装置
67.6,ST040002,℃,2025-07-21 08:00:00,初馏点蒸发温度 TIBP,延化120万吨/年催化重整装置
98.0,ST040002,℃,2025-07-21 08:00:00,10%平均蒸发温度T10%,延化120万吨/年催化重整装置
125.8,ST040002,℃,2025-07-21 08:00:00,50%平均蒸发温度T50%,延化120万吨/年催化重整装置
822.6,ST040002,<p>kg/m<sup>3</sup></p>,2025-07-21 08:00:00,密度,延化120万吨/年催化重整装置
196.5,ST040002,℃,2025-07-21 08:00:00,终馏点蒸发温度TFBP,延化120万吨/年催化重整装置
98.0,ST040002,<p>%</p>,2025-07-21 08:00:00,全馏,延化120万吨/年催化重整装置
0.8,ST040002,<p>%</p>,2025-07-21 08:00:00,平均残留百分数(B),延化120万吨/年催化重整装置
160.1,ST040002,℃,2025-07-21 08:00:00,90%平均蒸发温度T90%,延化120万吨/年催化重整装置
97.8,ST040002,℃,2025-07-22 08:00:00,10%平均蒸发温度T10%,延化120万吨/年催化重整装置
125.7,ST040002,℃,2025-07-22 08:00:00,50%平均蒸发温度T50%,延化120万吨/年催化重整装置
160.2,ST040002,℃,2025-07-22 08:00:00,90%平均蒸发温度T90%,延化120万吨/年催化重整装置
65.4,ST040002,℃,2025-07-22 08:00:00,初馏点蒸发温度 TIBP,延化120万吨/年催化重整装置
0.8,ST040002,<p>%</p>,2025-07-22 08:00:00,平均残留百分数(B),延化120万吨/年催化重整装置
98.0,ST040002,<p>%</p>,2025-07-22 08:00:00,全馏,延化120万吨/年催化重整装置
822.6,ST040002,<p>kg/m<sup>3</sup></p>,2025-07-22 08:00:00,密度,延化120万吨/年催化重整装置
196.4,ST040002,℃,2025-07-22 08:00:00,终馏点蒸发温度TFBP,延化120万吨/年催化重整装置
0.78,ST040002,<p>%</p>,2025-07-23 08:00:00,烯烃含量,延化120万吨/年催化重整装置
823.3,ST040002,<p>kg/m<sup>3</sup></p>,2025-07-23 08:00:00,密度,延化120万吨/年催化重整装置
12.60,ST040002,<p>%</p>,2025-07-23 08:00:00,异构烷烃,延化120万吨/年催化重整装置
18.77,ST040002,<p>%</p>,2025-07-23 08:00:00,烷烃含量,延化120万吨/年催化重整装置
1.25,ST040002,<p>%</p>,2025-07-23 08:00:00,环烷烃含量,延化120万吨/年催化重整装置
80.42,ST040002,<p>%</p>,2025-07-23 08:00:00,芳烃含量,延化120万吨/年催化重整装置
196.5,ST040002,℃,2025-07-23 08:00:00,终馏点蒸发温度TFBP,延化120万吨/年催化重整装置
7.19,ST040002,<p>%</p>,2025-07-23 08:00:00,苯含量,延化120万吨/年催化重整装置
66.3,ST040002,℃,2025-07-23 08:00:00,初馏点蒸发温度 TIBP,延化120万吨/年催化重整装置
98.1,ST040002,℃,2025-07-23 08:00:00,10%平均蒸发温度T10%,延化120万吨/年催化重整装置
125.3,ST040002,℃,2025-07-23 08:00:00,50%平均蒸发温度T50%,延化120万吨/年催化重整装置
160.3,ST040002,℃,2025-07-23 08:00:00,90%平均蒸发温度T90%,延化120万吨/年催化重整装置
98.0,ST040002,<p>%</p>,2025-07-23 08:00:00,全馏,延化120万吨/年催化重整装置
0.8,ST040002,<p>%</p>,2025-07-23 08:00:00,平均残留百分数(B),延化120万吨/年催化重整装置
4.92,ST040002,<p>%</p>,2025-07-23 08:00:00,正构烷烃,延化120万吨/年催化重整装置
71.1,ST040002,℃,2025-07-24 08:00:00,初馏点蒸发温度 TIBP,延化120万吨/年催化重整装置
98.5,ST040002,℃,2025-07-24 08:00:00,10%平均蒸发温度T10%,延化120万吨/年催化重整装置
126.2,ST040002,℃,2025-07-24 08:00:00,50%平均蒸发温度T50%,延化120万吨/年催化重整装置
824.0,ST040002,<p>kg/m<sup>3</sup></p>,2025-07-24 08:00:00,密度,延化120万吨/年催化重整装置
196.4,ST040002,℃,2025-07-24 08:00:00,终馏点蒸发温度TFBP,延化120万吨/年催化重整装置
98.0,ST040002,<p>%</p>,2025-07-24 08:00:00,全馏,延化120万吨/年催化重整装置
0.8,ST040002,<p>%</p>,2025-07-24 08:00:00,平均残留百分数(B),延化120万吨/年催化重整装置
160.7,ST040002,℃,2025-07-24 08:00:00,90%平均蒸发温度T90%,延化120万吨/年催化重整装置
163.7,ST040002,℃,2025-07-25 08:00:00,90%平均蒸发温度T90%,延化120万吨/年催化重整装置
73.5,ST040002,℃,2025-07-25 08:00:00,初馏点蒸发温度 TIBP,延化120万吨/年催化重整装置
101.5,ST040002,℃,2025-07-25 08:00:00,10%平均蒸发温度T10%,延化120万吨/年催化重整装置
824.3,ST040002,<p>kg/m<sup>3</sup></p>,2025-07-25 08:00:00,密度,延化120万吨/年催化重整装置
197.6,ST040002,℃,2025-07-25 08:00:00,终馏点蒸发温度TFBP,延化120万吨/年催化重整装置
98.0,ST040002,<p>%</p>,2025-07-25 08:00:00,全馏,延化120万吨/年催化重整装置
0.8,ST040002,<p>%</p>,2025-07-25 08:00:00,平均残留百分数(B),延化120万吨/年催化重整装置
127.2,ST040002,℃,2025-07-25 08:00:00,50%平均蒸发温度T50%,延化120万吨/年催化重整装置
127.0,ST040002,℃,2025-07-26 08:00:00,50%平均蒸发温度T50%,延化120万吨/年催化重整装置
824.4,ST040002,<p>kg/m<sup>3</sup></p>,2025-07-26 08:00:00,密度,延化120万吨/年催化重整装置
71.3,ST040002,℃,2025-07-26 08:00:00,初馏点蒸发温度 TIBP,延化120万吨/年催化重整装置
0.8,ST040002,<p>%</p>,2025-07-26 08:00:00,平均残留百分数(B),延化120万吨/年催化重整装置
163.9,ST040002,℃,2025-07-26 08:00:00,90%平均蒸发温度T90%,延化120万吨/年催化重整装置
199.2,ST040002,℃,2025-07-26 08:00:00,终馏点蒸发温度TFBP,延化120万吨/年催化重整装置
98.0,ST040002,<p>%</p>,2025-07-26 08:00:00,全馏,延化120万吨/年催化重整装置
98.4,ST040002,℃,2025-07-26 08:00:00,10%平均蒸发温度T10%,延化120万吨/年催化重整装置
823.8,ST040002,<p>kg/m<sup>3</sup></p>,2025-07-27 08:00:00,密度,延化120万吨/年催化重整装置
71.6,ST040002,℃,2025-07-27 08:00:00,初馏点蒸发温度 TIBP,延化120万吨/年催化重整装置
98.3,ST040002,℃,2025-07-27 08:00:00,10%平均蒸发温度T10%,延化120万吨/年催化重整装置
0.8,ST040002,<p>%</p>,2025-07-27 08:00:00,平均残留百分数(B),延化120万吨/年催化重整装置
164.7,ST040002,℃,2025-07-27 08:00:00,90%平均蒸发温度T90%,延化120万吨/年催化重整装置
199.5,ST040002,℃,2025-07-27 08:00:00,终馏点蒸发温度TFBP,延化120万吨/年催化重整装置
98.0,ST040002,<p>%</p>,2025-07-27 08:00:00,全馏,延化120万吨/年催化重整装置
127.1,ST040002,℃,2025-07-27 08:00:00,50%平均蒸发温度T50%,延化120万吨/年催化重整装置
821.9,ST040002,<p>kg/m<sup>3</sup></p>,2025-07-28 08:00:00,密度,延化120万吨/年催化重整装置
71.6,ST040002,℃,2025-07-28 08:00:00,初馏点蒸发温度 TIBP,延化120万吨/年催化重整装置
98.5,ST040002,℃,2025-07-28 08:00:00,10%平均蒸发温度T10%,延化120万吨/年催化重整装置
0.8,ST040002,<p>%</p>,2025-07-28 08:00:00,平均残留百分数(B),延化120万吨/年催化重整装置
163.6,ST040002,℃,2025-07-28 08:00:00,90%平均蒸发温度T90%,延化120万吨/年催化重整装置
197.4,ST040002,℃,2025-07-28 08:00:00,终馏点蒸发温度TFBP,延化120万吨/年催化重整装置
98.0,ST040002,<p>%</p>,2025-07-28 08:00:00,全馏,延化120万吨/年催化重整装置
127.0,ST040002,℃,2025-07-28 08:00:00,50%平均蒸发温度T50%,延化120万吨/年催化重整装置
127.1,ST040002,℃,2025-07-29 08:00:00,50%平均蒸发温度T50%,延化120万吨/年催化重整装置
820.9,ST040002,<p>kg/m<sup>3</sup></p>,2025-07-29 08:00:00,密度,延化120万吨/年催化重整装置
71.0,ST040002,℃,2025-07-29 08:00:00,初馏点蒸发温度 TIBP,延化120万吨/年催化重整装置
0.8,ST040002,<p>%</p>,2025-07-29 08:00:00,平均残留百分数(B),延化120万吨/年催化重整装置
164.6,ST040002,℃,2025-07-29 08:00:00,90%平均蒸发温度T90%,延化120万吨/年催化重整装置
199.1,ST040002,℃,2025-07-29 08:00:00,终馏点蒸发温度TFBP,延化120万吨/年催化重整装置
98.0,ST040002,<p>%</p>,2025-07-29 08:00:00,全馏,延化120万吨/年催化重整装置
98.2,ST040002,℃,2025-07-29 08:00:00,10%平均蒸发温度T10%,延化120万吨/年催化重整装置
1.47,ST040002,<p>%</p>,2025-07-30 08:00:00,环烷烃含量,延化120万吨/年催化重整装置
0.72,ST040002,<p>%</p>,2025-07-30 08:00:00,烯烃含量,延化120万吨/年催化重整装置
6.95,ST040002,<p>%</p>,2025-07-30 08:00:00,苯含量,延化120万吨/年催化重整装置
72.2,ST040002,℃,2025-07-30 08:00:00,初馏点蒸发温度 TIBP,延化120万吨/年催化重整装置
101.4,ST040002,℃,2025-07-30 08:00:00,10%平均蒸发温度T10%,延化120万吨/年催化重整装置
127.4,ST040002,℃,2025-07-30 08:00:00,50%平均蒸发温度T50%,延化120万吨/年催化重整装置
168.1,ST040002,℃,2025-07-30 08:00:00,90%平均蒸发温度T90%,延化120万吨/年催化重整装置
200.8,ST040002,℃,2025-07-30 08:00:00,终馏点蒸发温度TFBP,延化120万吨/年催化重整装置
98.0,ST040002,<p>%</p>,2025-07-30 08:00:00,全馏,延化120万吨/年催化重整装置
0.8,ST040002,<p>%</p>,2025-07-30 08:00:00,平均残留百分数(B),延化120万吨/年催化重整装置
824.8,ST040002,<p>kg/m<sup>3</sup></p>,2025-07-30 08:00:00,密度,延化120万吨/年催化重整装置
4.92,ST040002,<p>%</p>,2025-07-30 08:00:00,正构烷烃,延化120万吨/年催化重整装置
12.76,ST040002,<p>%</p>,2025-07-30 08:00:00,异构烷烃,延化120万吨/年催化重整装置
19.15,ST040002,<p>%</p>,2025-07-30 08:00:00,烷烃含量,延化120万吨/年催化重整装置
79.88,ST040002,<p>%</p>,2025-07-30 08:00:00,芳烃含量,延化120万吨/年催化重整装置
72.7,ST040002,℃,2025-07-31 08:00:00,初馏点蒸发温度 TIBP,延化120万吨/年催化重整装置
101.1,ST040002,℃,2025-07-31 08:00:00,10%平均蒸发温度T10%,延化120万吨/年催化重整装置
127.4,ST040002,℃,2025-07-31 08:00:00,50%平均蒸发温度T50%,延化120万吨/年催化重整装置
823.1,ST040002,<p>kg/m<sup>3</sup></p>,2025-07-31 08:00:00,密度,延化120万吨/年催化重整装置
200.3,ST040002,℃,2025-07-31 08:00:00,终馏点蒸发温度TFBP,延化120万吨/年催化重整装置
98.0,ST040002,<p>%</p>,2025-07-31 08:00:00,全馏,延化120万吨/年催化重整装置
0.8,ST040002,<p>%</p>,2025-07-31 08:00:00,平均残留百分数(B),延化120万吨/年催化重整装置
166.2,ST040002,℃,2025-07-31 08:00:00,90%平均蒸发温度T90%,延化120万吨/年催化重整装置
823.5,ST040002,<p>kg/m<sup>3</sup></p>,2025-08-01 08:00:00,密度,延化120万吨/年催化重整装置
71.4,ST040002,℃,2025-08-01 08:00:00,初馏点蒸发温度 TIBP,延化120万吨/年催化重整装置
98.4,ST040002,℃,2025-08-01 08:00:00,10%平均蒸发温度T10%,延化120万吨/年催化重整装置
0.8,ST040002,<p>%</p>,2025-08-01 08:00:00,平均残留百分数(B),延化120万吨/年催化重整装置
165.5,ST040002,℃,2025-08-01 08:00:00,90%平均蒸发温度T90%,延化120万吨/年催化重整装置
199.8,ST040002,℃,2025-08-01 08:00:00,终馏点蒸发温度TFBP,延化120万吨/年催化重整装置
98.0,ST040002,<p>%</p>,2025-08-01 08:00:00,全馏,延化120万吨/年催化重整装置
127.1,ST040002,℃,2025-08-01 08:00:00,50%平均蒸发温度T50%,延化120万吨/年催化重整装置
823.6,ST040002,<p>kg/m<sup>3</sup></p>,2025-08-02 08:00:00,密度,延化120万吨/年催化重整装置
71.2,ST040002,℃,2025-08-02 08:00:00,初馏点蒸发温度 TIBP,延化120万吨/年催化重整装置
98.2,ST040002,℃,2025-08-02 08:00:00,10%平均蒸发温度T10%,延化120万吨/年催化重整装置
0.8,ST040002,<p>%</p>,2025-08-02 08:00:00,平均残留百分数(B),延化120万吨/年催化重整装置
165.0,ST040002,℃,2025-08-02 08:00:00,90%平均蒸发温度T90%,延化120万吨/年催化重整装置
199.6,ST040002,℃,2025-08-02 08:00:00,终馏点蒸发温度TFBP,延化120万吨/年催化重整装置
98.0,ST040002,<p>%</p>,2025-08-02 08:00:00,全馏,延化120万吨/年催化重整装置
127.0,ST040002,℃,2025-08-02 08:00:00,50%平均蒸发温度T50%,延化120万吨/年催化重整装置
71.8,ST040002,℃,2025-08-03 08:00:00,初馏点蒸发温度 TIBP,延化120万吨/年催化重整装置
98.4,ST040002,℃,2025-08-03 08:00:00,10%平均蒸发温度T10%,延化120万吨/年催化重整装置
0.8,ST040002,<p>%</p>,2025-08-03 08:00:00,平均残留百分数(B),延化120万吨/年催化重整装置
98.0,ST040002,<p>%</p>,2025-08-03 08:00:00,全馏,延化120万吨/年催化重整装置
127.3,ST040002,℃,2025-08-03 08:00:00,50%平均蒸发温度T50%,延化120万吨/年催化重整装置
165.2,ST040002,℃,2025-08-03 08:00:00,90%平均蒸发温度T90%,延化120万吨/年催化重整装置
199.8,ST040002,℃,2025-08-03 08:00:00,终馏点蒸发温度TFBP,延化120万吨/年催化重整装置
824.5,ST040002,<p>kg/m<sup>3</sup></p>,2025-08-03 08:00:00,密度,延化120万吨/年催化重整装置
822.6,ST040002,<p>kg/m<sup>3</sup></p>,2025-08-04 08:00:00,密度,延化120万吨/年催化重整装置
165.1,ST040002,℃,2025-08-04 08:00:00,90%平均蒸发温度T90%,延化120万吨/年催化重整装置
71.0,ST040002,℃,2025-08-04 08:00:00,初馏点蒸发温度 TIBP,延化120万吨/年催化重整装置
0.8,ST040002,<p>%</p>,2025-08-04 08:00:00,平均残留百分数(B),延化120万吨/年催化重整装置
127.3,ST040002,℃,2025-08-04 08:00:00,50%平均蒸发温度T50%,延化120万吨/年催化重整装置
199.6,ST040002,℃,2025-08-04 08:00:00,终馏点蒸发温度TFBP,延化120万吨/年催化重整装置
98.0,ST040002,<p>%</p>,2025-08-04 08:00:00,全馏,延化120万吨/年催化重整装置
97.9,ST040002,℃,2025-08-04 08:00:00,10%平均蒸发温度T10%,延化120万吨/年催化重整装置
199.6,ST040002,℃,2025-08-05 08:00:00,终馏点蒸发温度TFBP,延化120万吨/年催化重整装置
822.9,ST040002,<p>kg/m<sup>3</sup></p>,2025-08-05 08:00:00,密度,延化120万吨/年催化重整装置
71.1,ST040002,℃,2025-08-05 08:00:00,初馏点蒸发温度 TIBP,延化120万吨/年催化重整装置
0.8,ST040002,<p>%</p>,2025-08-05 08:00:00,平均残留百分数(B),延化120万吨/年催化重整装置
127.3,ST040002,℃,2025-08-05 08:00:00,50%平均蒸发温度T50%,延化120万吨/年催化重整装置
165.2,ST040002,℃,2025-08-05 08:00:00,90%平均蒸发温度T90%,延化120万吨/年催化重整装置
98.0,ST040002,<p>%</p>,2025-08-05 08:00:00,全馏,延化120万吨/年催化重整装置
97.9,ST040002,℃,2025-08-05 08:00:00,10%平均蒸发温度T10%,延化120万吨/年催化重整装置
0.75,ST040002,<p>%</p>,2025-08-06 08:00:00,烯烃含量,延化120万吨/年催化重整装置
0.8,ST040002,<p>%</p>,2025-08-06 08:00:00,平均残留百分数(B),延化120万吨/年催化重整装置
13.55,ST040002,<p>%</p>,2025-08-06 08:00:00,异构烷烃,延化120万吨/年催化重整装置
20.35,ST040002,<p>%</p>,2025-08-06 08:00:00,烷烃含量,延化120万吨/年催化重整装置
1.59,ST040002,<p>%</p>,2025-08-06 08:00:00,环烷烃含量,延化120万吨/年催化重整装置
78.66,ST040002,<p>%</p>,2025-08-06 08:00:00,芳烃含量,延化120万吨/年催化重整装置
7.04,ST040002,<p>%</p>,2025-08-06 08:00:00,苯含量,延化120万吨/年催化重整装置
127.1,ST040002,℃,2025-08-06 08:00:00,50%平均蒸发温度T50%,延化120万吨/年催化重整装置
821.2,ST040002,<p>kg/m<sup>3</sup></p>,2025-08-06 08:00:00,密度,延化120万吨/年催化重整装置
70.9,ST040002,℃,2025-08-06 08:00:00,初馏点蒸发温度 TIBP,延化120万吨/年催化重整装置
97.9,ST040002,℃,2025-08-06 08:00:00,10%平均蒸发温度T10%,延化120万吨/年催化重整装置
165.3,ST040002,℃,2025-08-06 08:00:00,90%平均蒸发温度T90%,延化120万吨/年催化重整装置
199.6,ST040002,℃,2025-08-06 08:00:00,终馏点蒸发温度TFBP,延化120万吨/年催化重整装置
98.0,ST040002,<p>%</p>,2025-08-06 08:00:00,全馏,延化120万吨/年催化重整装置
5.21,ST040002,<p>%</p>,2025-08-06 08:00:00,正构烷烃,延化120万吨/年催化重整装置
821.9,ST040002,<p>kg/m<sup>3</sup></p>,2025-08-07 08:00:00,密度,延化120万吨/年催化重整装置
127.1,ST040002,℃,2025-08-07 08:00:00,50%平均蒸发温度T50%,延化120万吨/年催化重整装置
70.9,ST040002,℃,2025-08-07 08:00:00,初馏点蒸发温度 TIBP,延化120万吨/年催化重整装置
0.8,ST040002,<p>%</p>,2025-08-07 08:00:00,平均残留百分数(B),延化120万吨/年催化重整装置
165.3,ST040002,℃,2025-08-07 08:00:00,90%平均蒸发温度T90%,延化120万吨/年催化重整装置
199.6,ST040002,℃,2025-08-07 08:00:00,终馏点蒸发温度TFBP,延化120万吨/年催化重整装置
98.0,ST040002,<p>%</p>,2025-08-07 08:00:00,全馏,延化120万吨/年催化重整装置
97.8,ST040002,℃,2025-08-07 08:00:00,10%平均蒸发温度T10%,延化120万吨/年催化重整装置
98.3,ST040002,℃,2025-08-08 08:00:00,10%平均蒸发温度T10%,延化120万吨/年催化重整装置
127.1,ST040002,℃,2025-08-08 08:00:00,50%平均蒸发温度T50%,延化120万吨/年催化重整装置
165.3,ST040002,℃,2025-08-08 08:00:00,90%平均蒸发温度T90%,延化120万吨/年催化重整装置
71.2,ST040002,℃,2025-08-08 08:00:00,初馏点蒸发温度 TIBP,延化120万吨/年催化重整装置
98.0,ST040002,<p>%</p>,2025-08-08 08:00:00,全馏,延化120万吨/年催化重整装置
0.8,ST040002,<p>%</p>,2025-08-08 08:00:00,平均残留百分数(B),延化120万吨/年催化重整装置
822.8,ST040002,<p>kg/m<sup>3</sup></p>,2025-08-08 08:00:00,密度,延化120万吨/年催化重整装置
199.5,ST040002,℃,2025-08-08 08:00:00,终馏点蒸发温度TFBP,延化120万吨/年催化重整装置
98.1,ST040002,℃,2025-08-09 08:00:00,10%平均蒸发温度T10%,延化120万吨/年催化重整装置
127.0,ST040002,℃,2025-08-09 08:00:00,50%平均蒸发温度T50%,延化120万吨/年催化重整装置
165.6,ST040002,℃,2025-08-09 08:00:00,90%平均蒸发温度T90%,延化120万吨/年催化重整装置
71.0,ST040002,℃,2025-08-09 08:00:00,初馏点蒸发温度 TIBP,延化120万吨/年催化重整装置
822.4,ST040002,<p>kg/m<sup>3</sup></p>,2025-08-09 08:00:00,密度,延化120万吨/年催化重整装置
98.0,ST040002,<p>%</p>,2025-08-09 08:00:00,全馏,延化120万吨/年催化重整装置
0.8,ST040002,<p>%</p>,2025-08-09 08:00:00,平均残留百分数(B),延化120万吨/年催化重整装置
199.7,ST040002,℃,2025-08-09 08:00:00,终馏点蒸发温度TFBP,延化120万吨/年催化重整装置
127.1,ST040002,℃,2025-08-10 08:00:00,50%平均蒸发温度T50%,延化120万吨/年催化重整装置
822.8,ST040002,<p>kg/m<sup>3</sup></p>,2025-08-10 08:00:00,密度,延化120万吨/年催化重整装置
70.9,ST040002,℃,2025-08-10 08:00:00,初馏点蒸发温度 TIBP,延化120万吨/年催化重整装置
0.8,ST040002,<p>%</p>,2025-08-10 08:00:00,平均残留百分数(B),延化120万吨/年催化重整装置
165.4,ST040002,℃,2025-08-10 08:00:00,90%平均蒸发温度T90%,延化120万吨/年催化重整装置
199.6,ST040002,℃,2025-08-10 08:00:00,终馏点蒸发温度TFBP,延化120万吨/年催化重整装置
98.0,ST040002,<p>%</p>,2025-08-10 08:00:00,全馏,延化120万吨/年催化重整装置
97.9,ST040002,℃,2025-08-10 08:00:00,10%平均蒸发温度T10%,延化120万吨/年催化重整装置
820.6,ST040002,<p>kg/m<sup>3</sup></p>,2025-08-11 08:00:00,密度,延化120万吨/年催化重整装置
165.8,ST040002,℃,2025-08-11 08:00:00,90%平均蒸发温度T90%,延化120万吨/年催化重整装置
67.6,ST040002,℃,2025-08-11 08:00:00,初馏点蒸发温度 TIBP,延化120万吨/年催化重整装置
0.8,ST040002,<p>%</p>,2025-08-11 08:00:00,平均残留百分数(B),延化120万吨/年催化重整装置
127.2,ST040002,℃,2025-08-11 08:00:00,50%平均蒸发温度T50%,延化120万吨/年催化重整装置
199.9,ST040002,℃,2025-08-11 08:00:00,终馏点蒸发温度TFBP,延化120万吨/年催化重整装置
98.0,ST040002,<p>%</p>,2025-08-11 08:00:00,全馏,延化120万吨/年催化重整装置
98.0,ST040002,℃,2025-08-11 08:00:00,10%平均蒸发温度T10%,延化120万吨/年催化重整装置
820.3,ST040002,<p>kg/m<sup>3</sup></p>,2025-08-12 08:00:00,密度,延化120万吨/年催化重整装置
69.6,ST040002,℃,2025-08-12 08:00:00,初馏点蒸发温度 TIBP,延化120万吨/年催化重整装置
99.4,ST040002,℃,2025-08-12 08:00:00,10%平均蒸发温度T10%,延化120万吨/年催化重整装置
0.8,ST040002,<p>%</p>,2025-08-12 08:00:00,平均残留百分数(B),延化120万吨/年催化重整装置
166.1,ST040002,℃,2025-08-12 08:00:00,90%平均蒸发温度T90%,延化120万吨/年催化重整装置
200.0,ST040002,℃,2025-08-12 08:00:00,终馏点蒸发温度TFBP,延化120万吨/年催化重整装置
98.0,ST040002,<p>%</p>,2025-08-12 08:00:00,全馏,延化120万吨/年催化重整装置
127.3,ST040002,℃,2025-08-12 08:00:00,50%平均蒸发温度T50%,延化120万吨/年催化重整装置
0.77,ST040002,<p>%</p>,2025-08-13 08:00:00,烯烃含量,延化120万吨/年催化重整装置
0.8,ST040002,<p>%</p>,2025-08-13 08:00:00,平均残留百分数(B),延化120万吨/年催化重整装置
13.84,ST040002,<p>%</p>,2025-08-13 08:00:00,异构烷烃,延化120万吨/年催化重整装置
21.19,ST040002,<p>%</p>,2025-08-13 08:00:00,烷烃含量,延化120万吨/年催化重整装置
1.68,ST040002,<p>%</p>,2025-08-13 08:00:00,环烷烃含量,延化120万吨/年催化重整装置
78.00,ST040002,<p>%</p>,2025-08-13 08:00:00,芳烃含量,延化120万吨/年催化重整装置
6.54,ST040002,<p>%</p>,2025-08-13 08:00:00,苯含量,延化120万吨/年催化重整装置
819.2,ST040002,<p>kg/m<sup>3</sup></p>,2025-08-13 08:00:00,密度,延化120万吨/年催化重整装置
67.6,ST040002,℃,2025-08-13 08:00:00,初馏点蒸发温度 TIBP,延化120万吨/年催化重整装置
98.0,ST040002,℃,2025-08-13 08:00:00,10%平均蒸发温度T10%,延化120万吨/年催化重整装置
127.2,ST040002,℃,2025-08-13 08:00:00,50%平均蒸发温度T50%,延化120万吨/年催化重整装置
166.1,ST040002,℃,2025-08-13 08:00:00,90%平均蒸发温度T90%,延化120万吨/年催化重整装置
199.9,ST040002,℃,2025-08-13 08:00:00,终馏点蒸发温度TFBP,延化120万吨/年催化重整装置
98.0,ST040002,<p>%</p>,2025-08-13 08:00:00,全馏,延化120万吨/年催化重整装置
5.67,ST040002,<p>%</p>,2025-08-13 08:00:00,正构烷烃,延化120万吨/年催化重整装置
819.9,ST040002,<p>kg/m<sup>3</sup></p>,2025-08-14 08:00:00,密度,延化120万吨/年催化重整装置
68.3,ST040002,℃,2025-08-14 08:00:00,初馏点蒸发温度 TIBP,延化120万吨/年催化重整装置
97.9,ST040002,℃,2025-08-14 08:00:00,10%平均蒸发温度T10%,延化120万吨/年催化重整装置
0.8,ST040002,<p>%</p>,2025-08-14 08:00:00,平均残留百分数(B),延化120万吨/年催化重整装置
166.1,ST040002,℃,2025-08-14 08:00:00,90%平均蒸发温度T90%,延化120万吨/年催化重整装置
199.8,ST040002,℃,2025-08-14 08:00:00,终馏点蒸发温度TFBP,延化120万吨/年催化重整装置
98.0,ST040002,<p>%</p>,2025-08-14 08:00:00,全馏,延化120万吨/年催化重整装置
127.3,ST040002,℃,2025-08-14 08:00:00,50%平均蒸发温度T50%,延化120万吨/年催化重整装置
97.6,ST040002,℃,2025-08-15 08:00:00,10%平均蒸发温度T10%,延化120万吨/年催化重整装置
127.3,ST040002,℃,2025-08-15 08:00:00,50%平均蒸发温度T50%,延化120万吨/年催化重整装置
200.1,ST040002,℃,2025-08-15 08:00:00,终馏点蒸发温度TFBP,延化120万吨/年催化重整装置
98.0,ST040002,<p>%</p>,2025-08-15 08:00:00,全馏,延化120万吨/年催化重整装置
0.8,ST040002,<p>%</p>,2025-08-15 08:00:00,平均残留百分数(B),延化120万吨/年催化重整装置
819.5,ST040002,<p>kg/m<sup>3</sup></p>,2025-08-15 08:00:00,密度,延化120万吨/年催化重整装置
166.3,ST040002,℃,2025-08-15 08:00:00,90%平均蒸发温度T90%,延化120万吨/年催化重整装置
64.8,ST040002,℃,2025-08-15 08:00:00,初馏点蒸发温度 TIBP,延化120万吨/年催化重整装置
165.7,ST040002,℃,2025-08-16 08:00:00,90%平均蒸发温度T90%,延化120万吨/年催化重整装置
819.5,ST040002,<p>kg/m<sup>3</sup></p>,2025-08-16 08:00:00,密度,延化120万吨/年催化重整装置
97.7,ST040002,℃,2025-08-16 08:00:00,10%平均蒸发温度T10%,延化120万吨/年催化重整装置
66.7,ST040002,℃,2025-08-16 08:00:00,初馏点蒸发温度 TIBP,延化120万吨/年催化重整装置
199.8,ST040002,℃,2025-08-16 08:00:00,终馏点蒸发温度TFBP,延化120万吨/年催化重整装置
98.0,ST040002,<p>%</p>,2025-08-16 08:00:00,全馏,延化120万吨/年催化重整装置
0.8,ST040002,<p>%</p>,2025-08-16 08:00:00,平均残留百分数(B),延化120万吨/年催化重整装置
127.2,ST040002,℃,2025-08-16 08:00:00,50%平均蒸发温度T50%,延化120万吨/年催化重整装置
166.6,ST040002,℃,2025-08-17 08:00:00,90%平均蒸发温度T90%,延化120万吨/年催化重整装置
68.6,ST040002,℃,2025-08-17 08:00:00,初馏点蒸发温度 TIBP,延化120万吨/年催化重整装置
97.9,ST040002,℃,2025-08-17 08:00:00,10%平均蒸发温度T10%,延化120万吨/年催化重整装置
819.4,ST040002,<p>kg/m<sup>3</sup></p>,2025-08-17 08:00:00,密度,延化120万吨/年催化重整装置
200.3,ST040002,℃,2025-08-17 08:00:00,终馏点蒸发温度TFBP,延化120万吨/年催化重整装置
98.0,ST040002,<p>%</p>,2025-08-17 08:00:00,全馏,延化120万吨/年催化重整装置
0.8,ST040002,<p>%</p>,2025-08-17 08:00:00,平均残留百分数(B),延化120万吨/年催化重整装置
127.3,ST040002,℃,2025-08-17 08:00:00,50%平均蒸发温度T50%,延化120万吨/年催化重整装置
66.8,ST040002,℃,2025-08-18 08:00:00,初馏点蒸发温度 TIBP,延化120万吨/年催化重整装置
98.2,ST040002,℃,2025-08-18 08:00:00,10%平均蒸发温度T10%,延化120万吨/年催化重整装置
127.3,ST040002,℃,2025-08-18 08:00:00,50%平均蒸发温度T50%,延化120万吨/年催化重整装置
0.8,ST040002,<p>%</p>,2025-08-18 08:00:00,平均残留百分数(B),延化120万吨/年催化重整装置
200.3,ST040002,℃,2025-08-18 08:00:00,终馏点蒸发温度TFBP,延化120万吨/年催化重整装置
98.0,ST040002,<p>%</p>,2025-08-18 08:00:00,全馏,延化120万吨/年催化重整装置
819.7,ST040002,<p>kg/m<sup>3</sup></p>,2025-08-18 08:00:00,密度,延化120万吨/年催化重整装置
167.2,ST040002,℃,2025-08-18 08:00:00,90%平均蒸发温度T90%,延化120万吨/年催化重整装置
0.8,ST040002,<p>%</p>,2025-08-19 08:00:00,平均残留百分数(B),延化120万吨/年催化重整装置
67.6,ST040002,℃,2025-08-19 08:00:00,初馏点蒸发温度 TIBP,延化120万吨/年催化重整装置
98.1,ST040002,℃,2025-08-19 08:00:00,10%平均蒸发温度T10%,延化120万吨/年催化重整装置
819.5,ST040002,<p>kg/m<sup>3</sup></p>,2025-08-19 08:00:00,密度,延化120万吨/年催化重整装置
166.1,ST040002,℃,2025-08-19 08:00:00,90%平均蒸发温度T90%,延化120万吨/年催化重整装置
199.9,ST040002,℃,2025-08-19 08:00:00,终馏点蒸发温度TFBP,延化120万吨/年催化重整装置
98.0,ST040002,<p>%</p>,2025-08-19 08:00:00,全馏,延化120万吨/年催化重整装置
127.3,ST040002,℃,2025-08-19 08:00:00,50%平均蒸发温度T50%,延化120万吨/年催化重整装置
0.76,ST040002,<p>%</p>,2025-08-20 08:00:00,烯烃含量,延化120万吨/年催化重整装置
98.4,ST040002,<p>%</p>,2025-08-20 08:00:00,全馏,延化120万吨/年催化重整装置
13.46,ST040002,<p>%</p>,2025-08-20 08:00:00,异构烷烃,延化120万吨/年催化重整装置
20.63,ST040002,<p>%</p>,2025-08-20 08:00:00,烷烃含量,延化120万吨/年催化重整装置
1.67,ST040002,<p>%</p>,2025-08-20 08:00:00,环烷烃含量,延化120万吨/年催化重整装置
78.65,ST040002,<p>%</p>,2025-08-20 08:00:00,芳烃含量,延化120万吨/年催化重整装置
6.36,ST040002,<p>%</p>,2025-08-20 08:00:00,苯含量,延化120万吨/年催化重整装置
67.0,ST040002,℃,2025-08-20 08:00:00,初馏点蒸发温度 TIBP,延化120万吨/年催化重整装置
820.1,ST040002,<p>kg/m<sup>3</sup></p>,2025-08-20 08:00:00,密度,延化120万吨/年催化重整装置
194.5,ST040002,℃,2025-08-20 08:00:00,终馏点蒸发温度TFBP,延化120万吨/年催化重整装置
164.0,ST040002,℃,2025-08-20 08:00:00,90%平均蒸发温度T90%,延化120万吨/年催化重整装置
124.5,ST040002,℃,2025-08-20 08:00:00,50%平均蒸发温度T50%,延化120万吨/年催化重整装置
92.5,ST040002,℃,2025-08-20 08:00:00,10%平均蒸发温度T10%,延化120万吨/年催化重整装置
0.8,ST040002,<p>%</p>,2025-08-20 08:00:00,校正损失百分数(LC),延化120万吨/年催化重整装置
0.8,ST040002,<p>%</p>,2025-08-20 08:00:00,校正损失百分数(LC),延化120万吨/年催化重整装置
98.4,ST040002,<p>%</p>,2025-08-20 08:00:00,校正回收百分数(RC),延化120万吨/年催化重整装置
98.4,ST040002,<p>%</p>,2025-08-20 08:00:00,校正回收百分数(RC),延化120万吨/年催化重整装置
5.50,ST040002,<p>%</p>,2025-08-20 08:00:00,正构烷烃,延化120万吨/年催化重整装置
820.2,ST040002,<p>kg/m<sup>3</sup></p>,2025-08-21 08:00:00,密度,延化120万吨/年催化重整装置
67.5,ST040002,℃,2025-08-21 08:00:00,初馏点蒸发温度 TIBP,延化120万吨/年催化重整装置
97.8,ST040002,℃,2025-08-21 08:00:00,10%平均蒸发温度T10%,延化120万吨/年催化重整装置
0.8,ST040002,<p>%</p>,2025-08-21 08:00:00,平均残留百分数(B),延化120万吨/年催化重整装置
166.0,ST040002,℃,2025-08-21 08:00:00,90%平均蒸发温度T90%,延化120万吨/年催化重整装置
200.0,ST040002,℃,2025-08-21 08:00:00,终馏点蒸发温度TFBP,延化120万吨/年催化重整装置
98.0,ST040002,<p>%</p>,2025-08-21 08:00:00,全馏,延化120万吨/年催化重整装置
127.3,ST040002,℃,2025-08-21 08:00:00,50%平均蒸发温度T50%,延化120万吨/年催化重整装置
166.2,ST040002,℃,2025-08-22 08:00:00,90%平均蒸发温度T90%,延化120万吨/年催化重整装置
70.3,ST040002,℃,2025-08-22 08:00:00,初馏点蒸发温度 TIBP,延化120万吨/年催化重整装置
98.7,ST040002,℃,2025-08-22 08:00:00,10%平均蒸发温度T10%,延化120万吨/年催化重整装置
820.5,ST040002,<p>kg/m<sup>3</sup></p>,2025-08-22 08:00:00,密度,延化120万吨/年催化重整装置
200.1,ST040002,℃,2025-08-22 08:00:00,终馏点蒸发温度TFBP,延化120万吨/年催化重整装置
98.0,ST040002,<p>%</p>,2025-08-22 08:00:00,全馏,延化120万吨/年催化重整装置
0.8,ST040002,<p>%</p>,2025-08-22 08:00:00,平均残留百分数(B),延化120万吨/年催化重整装置
127.4,ST040002,℃,2025-08-22 08:00:00,50%平均蒸发温度T50%,延化120万吨/年催化重整装置
819.3,ST040002,<p>kg/m<sup>3</sup></p>,2025-08-23 08:00:00,密度,延化120万吨/年催化重整装置
166.3,ST040002,℃,2025-08-23 08:00:00,90%平均蒸发温度T90%,延化120万吨/年催化重整装置
66.7,ST040002,℃,2025-08-23 08:00:00,初馏点蒸发温度 TIBP,延化120万吨/年催化重整装置
0.8,ST040002,<p>%</p>,2025-08-23 08:00:00,平均残留百分数(B),延化120万吨/年催化重整装置
127.3,ST040002,℃,2025-08-23 08:00:00,50%平均蒸发温度T50%,延化120万吨/年催化重整装置
199.9,ST040002,℃,2025-08-23 08:00:00,终馏点蒸发温度TFBP,延化120万吨/年催化重整装置
98.0,ST040002,<p>%</p>,2025-08-23 08:00:00,全馏,延化120万吨/年催化重整装置
97.7,ST040002,℃,2025-08-23 08:00:00,10%平均蒸发温度T10%,延化120万吨/年催化重整装置
166.3,ST040002,℃,2025-08-24 08:00:00,90%平均蒸发温度T90%,延化120万吨/年催化重整装置
69.4,ST040002,℃,2025-08-24 08:00:00,初馏点蒸发温度 TIBP,延化120万吨/年催化重整装置
98.2,ST040002,℃,2025-08-24 08:00:00,10%平均蒸发温度T10%,延化120万吨/年催化重整装置
820.2,ST040002,<p>kg/m<sup>3</sup></p>,2025-08-24 08:00:00,密度,延化120万吨/年催化重整装置
199.9,ST040002,℃,2025-08-24 08:00:00,终馏点蒸发温度TFBP,延化120万吨/年催化重整装置
98.0,ST040002,<p>%</p>,2025-08-24 08:00:00,全馏,延化120万吨/年催化重整装置
0.8,ST040002,<p>%</p>,2025-08-24 08:00:00,平均残留百分数(B),延化120万吨/年催化重整装置
127.4,ST040002,℃,2025-08-24 08:00:00,50%平均蒸发温度T50%,延化120万吨/年催化重整装置
819.9,ST040002,<p>kg/m<sup>3</sup></p>,2025-08-25 08:00:00,密度,延化120万吨/年催化重整装置
72.0,ST040002,℃,2025-08-25 08:00:00,初馏点蒸发温度 TIBP,延化120万吨/年催化重整装置
101.5,ST040002,℃,2025-08-25 08:00:00,10%平均蒸发温度T10%,延化120万吨/年催化重整装置
0.8,ST040002,<p>%</p>,2025-08-25 08:00:00,平均残留百分数(B),延化120万吨/年催化重整装置
167.4,ST040002,℃,2025-08-25 08:00:00,90%平均蒸发温度T90%,延化120万吨/年催化重整装置
200.8,ST040002,℃,2025-08-25 08:00:00,终馏点蒸发温度TFBP,延化120万吨/年催化重整装置
98.0,ST040002,<p>%</p>,2025-08-25 08:00:00,全馏,延化120万吨/年催化重整装置
127.6,ST040002,℃,2025-08-25 08:00:00,50%平均蒸发温度T50%,延化120万吨/年催化重整装置
166.5,ST040002,℃,2025-08-26 08:00:00,90%平均蒸发温度T90%,延化120万吨/年催化重整装置
74.1,ST040002,℃,2025-08-26 08:00:00,初馏点蒸发温度 TIBP,延化120万吨/年催化重整装置
101.5,ST040002,℃,2025-08-26 08:00:00,10%平均蒸发温度T10%,延化120万吨/年催化重整装置
824.4,ST040002,<p>kg/m<sup>3</sup></p>,2025-08-26 08:00:00,密度,延化120万吨/年催化重整装置
200.1,ST040002,℃,2025-08-26 08:00:00,终馏点蒸发温度TFBP,延化120万吨/年催化重整装置
98.0,ST040002,<p>%</p>,2025-08-26 08:00:00,全馏,延化120万吨/年催化重整装置
0.8,ST040002,<p>%</p>,2025-08-26 08:00:00,平均残留百分数(B),延化120万吨/年催化重整装置
127.2,ST040002,℃,2025-08-26 08:00:00,50%平均蒸发温度T50%,延化120万吨/年催化重整装置
165.9,ST040002,℃,2025-08-27 08:00:00,90%平均蒸发温度T90%,延化120万吨/年催化重整装置
0.8,ST040002,<p>%</p>,2025-08-27 08:00:00,平均残留百分数(B),延化120万吨/年催化重整装置
71.4,ST040002,℃,2025-08-27 08:00:00,初馏点蒸发温度 TIBP,延化120万吨/年催化重整装置
99.3,ST040002,℃,2025-08-27 08:00:00,10%平均蒸发温度T10%,延化120万吨/年催化重整装置
127.4,ST040002,℃,2025-08-27 08:00:00,50%平均蒸发温度T50%,延化120万吨/年催化重整装置
200.0,ST040002,℃,2025-08-27 08:00:00,终馏点蒸发温度TFBP,延化120万吨/年催化重整装置
5.87,ST040002,<p>%</p>,2025-08-27 08:00:00,正构烷烃,延化120万吨/年催化重整装置
14.28,ST040002,<p>%</p>,2025-08-27 08:00:00,异构烷烃,延化120万吨/年催化重整装置
22.24,ST040002,<p>%</p>,2025-08-27 08:00:00,烷烃含量,延化120万吨/年催化重整装置
0.81,ST040002,<p>%</p>,2025-08-27 08:00:00,烯烃含量,延化120万吨/年催化重整装置
2.09,ST040002,<p>%</p>,2025-08-27 08:00:00,环烷烃含量,延化120万吨/年催化重整装置
76.91,ST040002,<p>%</p>,2025-08-27 08:00:00,芳烃含量,延化120万吨/年催化重整装置
6.25,ST040002,<p>%</p>,2025-08-27 08:00:00,苯含量,延化120万吨/年催化重整装置
98.0,ST040002,<p>%</p>,2025-08-27 08:00:00,全馏,延化120万吨/年催化重整装置
818.8,ST040002,<p>kg/m<sup>3</sup></p>,2025-08-27 08:00:00,密度,延化120万吨/年催化重整装置
68.0,ST040002,℃,2025-08-28 08:00:00,初馏点蒸发温度 TIBP,延化120万吨/年催化重整装置
98.1,ST040002,℃,2025-08-28 08:00:00,10%平均蒸发温度T10%,延化120万吨/年催化重整装置
127.3,ST040002,℃,2025-08-28 08:00:00,50%平均蒸发温度T50%,延化120万吨/年催化重整装置
818.5,ST040002,<p>kg/m<sup>3</sup></p>,2025-08-28 08:00:00,密度,延化120万吨/年催化重整装置
200.0,ST040002,℃,2025-08-28 08:00:00,终馏点蒸发温度TFBP,延化120万吨/年催化重整装置
98.0,ST040002,<p>%</p>,2025-08-28 08:00:00,全馏,延化120万吨/年催化重整装置
0.8,ST040002,<p>%</p>,2025-08-28 08:00:00,平均残留百分数(B),延化120万吨/年催化重整装置
165.9,ST040002,℃,2025-08-28 08:00:00,90%平均蒸发温度T90%,延化120万吨/年催化重整装置
68.0,ST040002,℃,2025-08-29 08:00:00,初馏点蒸发温度 TIBP,延化120万吨/年催化重整装置
98.3,ST040002,℃,2025-08-29 08:00:00,10%平均蒸发温度T10%,延化120万吨/年催化重整装置
127.6,ST040002,℃,2025-08-29 08:00:00,50%平均蒸发温度T50%,延化120万吨/年催化重整装置
166.2,ST040002,℃,2025-08-29 08:00:00,90%平均蒸发温度T90%,延化120万吨/年催化重整装置
98.0,ST040002,<p>%</p>,2025-08-29 08:00:00,全馏,延化120万吨/年催化重整装置
0.8,ST040002,<p>%</p>,2025-08-29 08:00:00,平均残留百分数(B),延化120万吨/年催化重整装置
819.3,ST040002,<p>kg/m<sup>3</sup></p>,2025-08-29 08:00:00,密度,延化120万吨/年催化重整装置
200.1,ST040002,℃,2025-08-29 08:00:00,终馏点蒸发温度TFBP,延化120万吨/年催化重整装置
199.3,ST040002,℃,2025-08-30 08:00:00,终馏点蒸发温度TFBP,延化120万吨/年催化重整装置
818.3,ST040002,<p>kg/m<sup>3</sup></p>,2025-08-30 08:00:00,密度,延化120万吨/年催化重整装置
69.0,ST040002,℃,2025-08-30 08:00:00,初馏点蒸发温度 TIBP,延化120万吨/年催化重整装置
0.8,ST040002,<p>%</p>,2025-08-30 08:00:00,平均残留百分数(B),延化120万吨/年催化重整装置
127.3,ST040002,℃,2025-08-30 08:00:00,50%平均蒸发温度T50%,延化120万吨/年催化重整装置
164.6,ST040002,℃,2025-08-30 08:00:00,90%平均蒸发温度T90%,延化120万吨/年催化重整装置
98.0,ST040002,<p>%</p>,2025-08-30 08:00:00,全馏,延化120万吨/年催化重整装置
97.7,ST040002,℃,2025-08-30 08:00:00,10%平均蒸发温度T10%,延化120万吨/年催化重整装置
165.2,ST040002,℃,2025-08-31 08:00:00,90%平均蒸发温度T90%,延化120万吨/年催化重整装置
65.6,ST040002,℃,2025-08-31 08:00:00,初馏点蒸发温度 TIBP,延化120万吨/年催化重整装置
97.5,ST040002,℃,2025-08-31 08:00:00,10%平均蒸发温度T10%,延化120万吨/年催化重整装置
818.5,ST040002,<p>kg/m<sup>3</sup></p>,2025-08-31 08:00:00,密度,延化120万吨/年催化重整装置
199.3,ST040002,℃,2025-08-31 08:00:00,终馏点蒸发温度TFBP,延化120万吨/年催化重整装置
98.0,ST040002,<p>%</p>,2025-08-31 08:00:00,全馏,延化120万吨/年催化重整装置
0.8,ST040002,<p>%</p>,2025-08-31 08:00:00,平均残留百分数(B),延化120万吨/年催化重整装置
127.4,ST040002,℃,2025-08-31 08:00:00,50%平均蒸发温度T50%,延化120万吨/年催化重整装置
127.4,ST040002,℃,2025-09-01 08:00:00,50%平均蒸发温度T50%,延化120万吨/年催化重整装置
821.3,ST040002,<p>kg/m<sup>3</sup></p>,2025-09-01 08:00:00,密度,延化120万吨/年催化重整装置
69.8,ST040002,℃,2025-09-01 08:00:00,初馏点蒸发温度 TIBP,延化120万吨/年催化重整装置
0.8,ST040002,<p>%</p>,2025-09-01 08:00:00,平均残留百分数(B),延化120万吨/年催化重整装置
165.2,ST040002,℃,2025-09-01 08:00:00,90%平均蒸发温度T90%,延化120万吨/年催化重整装置
199.3,ST040002,℃,2025-09-01 08:00:00,终馏点蒸发温度TFBP,延化120万吨/年催化重整装置
98.0,ST040002,<p>%</p>,2025-09-01 08:00:00,全馏,延化120万吨/年催化重整装置
98.4,ST040002,℃,2025-09-01 08:00:00,10%平均蒸发温度T10%,延化120万吨/年催化重整装置
821.2,ST040002,<p>kg/m<sup>3</sup></p>,2025-09-02 08:00:00,密度,延化120万吨/年催化重整装置
164.7,ST040002,℃,2025-09-02 08:00:00,90%平均蒸发温度T90%,延化120万吨/年催化重整装置
69.1,ST040002,℃,2025-09-02 08:00:00,初馏点蒸发温度 TIBP,延化120万吨/年催化重整装置
0.8,ST040002,<p>%</p>,2025-09-02 08:00:00,平均残留百分数(B),延化120万吨/年催化重整装置
127.1,ST040002,℃,2025-09-02 08:00:00,50%平均蒸发温度T50%,延化120万吨/年催化重整装置
199.0,ST040002,℃,2025-09-02 08:00:00,终馏点蒸发温度TFBP,延化120万吨/年催化重整装置
98.0,ST040002,<p>%</p>,2025-09-02 08:00:00,全馏,延化120万吨/年催化重整装置
98.1,ST040002,℃,2025-09-02 08:00:00,10%平均蒸发温度T10%,延化120万吨/年催化重整装置
20.25,ST040002,<p>%</p>,2025-09-03 08:00:00,烷烃含量,延化120万吨/年催化重整装置
820.5,ST040002,<p>kg/m<sup>3</sup></p>,2025-09-03 08:00:00,密度,延化120万吨/年催化重整装置
1.69,ST040002,<p>%</p>,2025-09-03 08:00:00,环烷烃含量,延化120万吨/年催化重整装置
78.76,ST040002,<p>%</p>,2025-09-03 08:00:00,芳烃含量,延化120万吨/年催化重整装置
6.43,ST040002,<p>%</p>,2025-09-03 08:00:00,苯含量,延化120万吨/年催化重整装置
69.1,ST040002,℃,2025-09-03 08:00:00,初馏点蒸发温度 TIBP,延化120万吨/年催化重整装置
98.1,ST040002,℃,2025-09-03 08:00:00,10%平均蒸发温度T10%,延化120万吨/年催化重整装置
127.1,ST040002,℃,2025-09-03 08:00:00,50%平均蒸发温度T50%,延化120万吨/年催化重整装置
164.9,ST040002,℃,2025-09-03 08:00:00,90%平均蒸发温度T90%,延化120万吨/年催化重整装置
199.2,ST040002,℃,2025-09-03 08:00:00,终馏点蒸发温度TFBP,延化120万吨/年催化重整装置
98.0,ST040002,<p>%</p>,2025-09-03 08:00:00,全馏,延化120万吨/年催化重整装置
0.8,ST040002,<p>%</p>,2025-09-03 08:00:00,平均残留百分数(B),延化120万吨/年催化重整装置
5.24,ST040002,<p>%</p>,2025-09-03 08:00:00,正构烷烃,延化120万吨/年催化重整装置
13.32,ST040002,<p>%</p>,2025-09-03 08:00:00,异构烷烃,延化120万吨/年催化重整装置
0.78,ST040002,<p>%</p>,2025-09-03 08:00:00,烯烃含量,延化120万吨/年催化重整装置
820.3,ST040002,<p>kg/m<sup>3</sup></p>,2025-09-04 08:00:00,密度,延化120万吨/年催化重整装置
67.6,ST040002,℃,2025-09-04 08:00:00,初馏点蒸发温度 TIBP,延化120万吨/年催化重整装置
99.2,ST040002,℃,2025-09-04 08:00:00,10%平均蒸发温度T10%,延化120万吨/年催化重整装置
0.8,ST040002,<p>%</p>,2025-09-04 08:00:00,平均残留百分数(B),延化120万吨/年催化重整装置
166.6,ST040002,℃,2025-09-04 08:00:00,90%平均蒸发温度T90%,延化120万吨/年催化重整装置
200.1,ST040002,℃,2025-09-04 08:00:00,终馏点蒸发温度TFBP,延化120万吨/年催化重整装置
98.0,ST040002,<p>%</p>,2025-09-04 08:00:00,全馏,延化120万吨/年催化重整装置
127.3,ST040002,℃,2025-09-04 08:00:00,50%平均蒸发温度T50%,延化120万吨/年催化重整装置
166.8,ST040002,℃,2025-09-05 08:00:00,90%平均蒸发温度T90%,延化120万吨/年催化重整装置
820.8,ST040002,<p>kg/m<sup>3</sup></p>,2025-09-05 08:00:00,密度,延化120万吨/年催化重整装置
67.9,ST040002,℃,2025-09-05 08:00:00,初馏点蒸发温度 TIBP,延化120万吨/年催化重整装置
0.8,ST040002,<p>%</p>,2025-09-05 08:00:00,平均残留百分数(B),延化120万吨/年催化重整装置
127.4,ST040002,℃,2025-09-05 08:00:00,50%平均蒸发温度T50%,延化120万吨/年催化重整装置
200.1,ST040002,℃,2025-09-05 08:00:00,终馏点蒸发温度TFBP,延化120万吨/年催化重整装置
98.0,ST040002,<p>%</p>,2025-09-05 08:00:00,全馏,延化120万吨/年催化重整装置
98.8,ST040002,℃,2025-09-05 08:00:00,10%平均蒸发温度T10%,延化120万吨/年催化重整装置
820.5,ST040002,<p>kg/m<sup>3</sup></p>,2025-09-06 08:00:00,密度,延化120万吨/年催化重整装置
66.5,ST040002,℃,2025-09-06 08:00:00,初馏点蒸发温度 TIBP,延化120万吨/年催化重整装置
99.1,ST040002,℃,2025-09-06 08:00:00,10%平均蒸发温度T10%,延化120万吨/年催化重整装置
98.0,ST040002,<p>%</p>,2025-09-06 08:00:00,全馏,延化120万吨/年催化重整装置
0.8,ST040002,<p>%</p>,2025-09-06 08:00:00,平均残留百分数(B),延化120万吨/年催化重整装置
166.8,ST040002,℃,2025-09-06 08:00:00,90%平均蒸发温度T90%,延化120万吨/年催化重整装置
200.3,ST040002,℃,2025-09-06 08:00:00,终馏点蒸发温度TFBP,延化120万吨/年催化重整装置
127.3,ST040002,℃,2025-09-06 08:00:00,50%平均蒸发温度T50%,延化120万吨/年催化重整装置
127.1,ST040002,℃,2025-09-07 08:00:00,50%平均蒸发温度T50%,延化120万吨/年催化重整装置
819.2,ST040002,<p>kg/m<sup>3</sup></p>,2025-09-07 08:00:00,密度,延化120万吨/年催化重整装置
64.4,ST040002,℃,2025-09-07 08:00:00,初馏点蒸发温度 TIBP,延化120万吨/年催化重整装置
0.8,ST040002,<p>%</p>,2025-09-07 08:00:00,平均残留百分数(B),延化120万吨/年催化重整装置
165.9,ST040002,℃,2025-09-07 08:00:00,90%平均蒸发温度T90%,延化120万吨/年催化重整装置
199.7,ST040002,℃,2025-09-07 08:00:00,终馏点蒸发温度TFBP,延化120万吨/年催化重整装置
98.0,ST040002,<p>%</p>,2025-09-07 08:00:00,全馏,延化120万吨/年催化重整装置
97.5,ST040002,℃,2025-09-07 08:00:00,10%平均蒸发温度T10%,延化120万吨/年催化重整装置
68.2,ST040002,℃,2025-09-08 08:00:00,初馏点蒸发温度 TIBP,延化120万吨/年催化重整装置
98.1,ST040002,℃,2025-09-08 08:00:00,10%平均蒸发温度T10%,延化120万吨/年催化重整装置
127.1,ST040002,℃,2025-09-08 08:00:00,50%平均蒸发温度T50%,延化120万吨/年催化重整装置
98.0,ST040002,<p>%</p>,2025-09-08 08:00:00,全馏,延化120万吨/年催化重整装置
199.9,ST040002,℃,2025-09-08 08:00:00,终馏点蒸发温度TFBP,延化120万吨/年催化重整装置
0.8,ST040002,<p>%</p>,2025-09-08 08:00:00,平均残留百分数(B),延化120万吨/年催化重整装置
821.3,ST040002,<p>kg/m<sup>3</sup></p>,2025-09-08 08:00:00,密度,延化120万吨/年催化重整装置
166.3,ST040002,℃,2025-09-08 08:00:00,90%平均蒸发温度T90%,延化120万吨/年催化重整装置
0.8,ST040002,<p>%</p>,2025-09-09 08:00:00,平均残留百分数(B),延化120万吨/年催化重整装置
821.0,ST040002,<p>kg/m<sup>3</sup></p>,2025-09-09 08:00:00,密度,延化120万吨/年催化重整装置
199.7,ST040002,℃,2025-09-09 08:00:00,终馏点蒸发温度TFBP,延化120万吨/年催化重整装置
165.9,ST040002,℃,2025-09-09 08:00:00,90%平均蒸发温度T90%,延化120万吨/年催化重整装置
67.1,ST040002,℃,2025-09-09 08:00:00,初馏点蒸发温度 TIBP,延化120万吨/年催化重整装置
97.7,ST040002,℃,2025-09-09 08:00:00,10%平均蒸发温度T10%,延化120万吨/年催化重整装置
127.1,ST040002,℃,2025-09-09 08:00:00,50%平均蒸发温度T50%,延化120万吨/年催化重整装置
98.0,ST040002,<p>%</p>,2025-09-09 08:00:00,全馏,延化120万吨/年催化重整装置
0.78,ST040002,<p>%</p>,2025-09-10 08:00:00,烯烃含量,延化120万吨/年催化重整装置
820.5,ST040002,<p>kg/m<sup>3</sup></p>,2025-09-10 08:00:00,密度,延化120万吨/年催化重整装置
13.75,ST040002,<p>%</p>,2025-09-10 08:00:00,异构烷烃,延化120万吨/年催化重整装置
20.93,ST040002,<p>%</p>,2025-09-10 08:00:00,烷烃含量,延化120万吨/年催化重整装置
1.65,ST040002,<p>%</p>,2025-09-10 08:00:00,环烷烃含量,延化120万吨/年催化重整装置
78.28,ST040002,<p>%</p>,2025-09-10 08:00:00,芳烃含量,延化120万吨/年催化重整装置
6.13,ST040002,<p>%</p>,2025-09-10 08:00:00,苯含量,延化120万吨/年催化重整装置
166.0,ST040002,℃,2025-09-10 08:00:00,90%平均蒸发温度T90%,延化120万吨/年催化重整装置
66.7,ST040002,℃,2025-09-10 08:00:00,初馏点蒸发温度 TIBP,延化120万吨/年催化重整装置
97.9,ST040002,℃,2025-09-10 08:00:00,10%平均蒸发温度T10%,延化120万吨/年催化重整装置
127.4,ST040002,℃,2025-09-10 08:00:00,50%平均蒸发温度T50%,延化120万吨/年催化重整装置
199.9,ST040002,℃,2025-09-10 08:00:00,终馏点蒸发温度TFBP,延化120万吨/年催化重整装置
98.0,ST040002,<p>%</p>,2025-09-10 08:00:00,全馏,延化120万吨/年催化重整装置
0.8,ST040002,<p>%</p>,2025-09-10 08:00:00,平均残留百分数(B),延化120万吨/年催化重整装置
5.53,ST040002,<p>%</p>,2025-09-10 08:00:00,正构烷烃,延化120万吨/年催化重整装置
819.2,ST040002,<p>kg/m<sup>3</sup></p>,2025-09-11 08:00:00,密度,延化120万吨/年催化重整装置
65.6,ST040002,℃,2025-09-11 08:00:00,初馏点蒸发温度 TIBP,延化120万吨/年催化重整装置
97.4,ST040002,℃,2025-09-11 08:00:00,10%平均蒸发温度T10%,延化120万吨/年催化重整装置
0.8,ST040002,<p>%</p>,2025-09-11 08:00:00,平均残留百分数(B),延化120万吨/年催化重整装置
165.8,ST040002,℃,2025-09-11 08:00:00,90%平均蒸发温度T90%,延化120万吨/年催化重整装置
199.7,ST040002,℃,2025-09-11 08:00:00,终馏点蒸发温度TFBP,延化120万吨/年催化重整装置
98.0,ST040002,<p>%</p>,2025-09-11 08:00:00,全馏,延化120万吨/年催化重整装置
127.2,ST040002,℃,2025-09-11 08:00:00,50%平均蒸发温度T50%,延化120万吨/年催化重整装置
166.2,ST040002,℃,2025-09-12 08:00:00,90%平均蒸发温度T90%,延化120万吨/年催化重整装置
68.6,ST040002,℃,2025-09-12 08:00:00,初馏点蒸发温度 TIBP,延化120万吨/年催化重整装置
98.1,ST040002,℃,2025-09-12 08:00:00,10%平均蒸发温度T10%,延化120万吨/年催化重整装置
819.9,ST040002,<p>kg/m<sup>3</sup></p>,2025-09-12 08:00:00,密度,延化120万吨/年催化重整装置
199.7,ST040002,℃,2025-09-12 08:00:00,终馏点蒸发温度TFBP,延化120万吨/年催化重整装置
98.0,ST040002,<p>%</p>,2025-09-12 08:00:00,全馏,延化120万吨/年催化重整装置
0.8,ST040002,<p>%</p>,2025-09-12 08:00:00,平均残留百分数(B),延化120万吨/年催化重整装置
127.2,ST040002,℃,2025-09-12 08:00:00,50%平均蒸发温度T50%,延化120万吨/年催化重整装置
67.8,ST040002,℃,2025-09-13 08:00:00,初馏点蒸发温度 TIBP,延化120万吨/年催化重整装置
98.1,ST040002,℃,2025-09-13 08:00:00,10%平均蒸发温度T10%,延化120万吨/年催化重整装置
127.2,ST040002,℃,2025-09-13 08:00:00,50%平均蒸发温度T50%,延化120万吨/年催化重整装置
820.4,ST040002,<p>kg/m<sup>3</sup></p>,2025-09-13 08:00:00,密度,延化120万吨/年催化重整装置
199.9,ST040002,℃,2025-09-13 08:00:00,终馏点蒸发温度TFBP,延化120万吨/年催化重整装置
98.0,ST040002,<p>%</p>,2025-09-13 08:00:00,全馏,延化120万吨/年催化重整装置
0.8,ST040002,<p>%</p>,2025-09-13 08:00:00,平均残留百分数(B),延化120万吨/年催化重整装置
165.9,ST040002,℃,2025-09-13 08:00:00,90%平均蒸发温度T90%,延化120万吨/年催化重整装置
165.8,ST040002,℃,2025-09-14 08:00:00,90%平均蒸发温度T90%,延化120万吨/年催化重整装置
66.0,ST040002,℃,2025-09-14 08:00:00,初馏点蒸发温度 TIBP,延化120万吨/年催化重整装置
97.5,ST040002,℃,2025-09-14 08:00:00,10%平均蒸发温度T10%,延化120万吨/年催化重整装置
818.9,ST040002,<p>kg/m<sup>3</sup></p>,2025-09-14 08:00:00,密度,延化120万吨/年催化重整装置
199.9,ST040002,℃,2025-09-14 08:00:00,终馏点蒸发温度TFBP,延化120万吨/年催化重整装置
98.0,ST040002,<p>%</p>,2025-09-14 08:00:00,全馏,延化120万吨/年催化重整装置
0.8,ST040002,<p>%</p>,2025-09-14 08:00:00,平均残留百分数(B),延化120万吨/年催化重整装置
127.2,ST040002,℃,2025-09-14 08:00:00,50%平均蒸发温度T50%,延化120万吨/年催化重整装置
66.0,ST040002,℃,2025-09-15 08:00:00,初馏点蒸发温度 TIBP,延化120万吨/年催化重整装置
97.7,ST040002,℃,2025-09-15 08:00:00,10%平均蒸发温度T10%,延化120万吨/年催化重整装置
127.4,ST040002,℃,2025-09-15 08:00:00,50%平均蒸发温度T50%,延化120万吨/年催化重整装置
166.3,ST040002,℃,2025-09-15 08:00:00,90%平均蒸发温度T90%,延化120万吨/年催化重整装置
200.2,ST040002,℃,2025-09-15 08:00:00,终馏点蒸发温度TFBP,延化120万吨/年催化重整装置
98.0,ST040002,<p>%</p>,2025-09-15 08:00:00,全馏,延化120万吨/年催化重整装置
0.8,ST040002,<p>%</p>,2025-09-15 08:00:00,平均残留百分数(B),延化120万吨/年催化重整装置
819.1,ST040002,<p>kg/m<sup>3</sup></p>,2025-09-15 08:00:00,密度,延化120万吨/年催化重整装置
66.0,ST040002,℃,2025-09-16 08:00:00,初馏点蒸发温度 TIBP,延化120万吨/年催化重整装置
97.8,ST040002,℃,2025-09-16 08:00:00,10%平均蒸发温度T10%,延化120万吨/年催化重整装置
166.9,ST040002,℃,2025-09-16 08:00:00,90%平均蒸发温度T90%,延化120万吨/年催化重整装置
819.0,ST040002,<p>kg/m<sup>3</sup></p>,2025-09-16 08:00:00,密度,延化120万吨/年催化重整装置
98.0,ST040002,<p>%</p>,2025-09-16 08:00:00,全馏,延化120万吨/年催化重整装置
0.8,ST040002,<p>%</p>,2025-09-16 08:00:00,平均残留百分数(B),延化120万吨/年催化重整装置
127.3,ST040002,℃,2025-09-16 08:00:00,50%平均蒸发温度T50%,延化120万吨/年催化重整装置
200.4,ST040002,℃,2025-09-16 08:00:00,终馏点蒸发温度TFBP,延化120万吨/年催化重整装置
166.5,ST040002,℃,2025-09-17 08:00:00,90%平均蒸发温度T90%,延化120万吨/年催化重整装置
819.7,ST040002,<p>kg/m<sup>3</sup></p>,2025-09-17 08:00:00,密度,延化120万吨/年催化重整装置
65.6,ST040002,℃,2025-09-17 08:00:00,初馏点蒸发温度 TIBP,延化120万吨/年催化重整装置
127.2,ST040002,℃,2025-09-17 08:00:00,50%平均蒸发温度T50%,延化120万吨/年催化重整装置
200.2,ST040002,℃,2025-09-17 08:00:00,终馏点蒸发温度TFBP,延化120万吨/年催化重整装置
98.0,ST040002,<p>%</p>,2025-09-17 08:00:00,全馏,延化120万吨/年催化重整装置
0.8,ST040002,<p>%</p>,2025-09-17 08:00:00,平均残留百分数(B),延化120万吨/年催化重整装置
5.42,ST040002,<p>%</p>,2025-09-17 08:00:00,正构烷烃,延化120万吨/年催化重整装置
15.80,ST040002,<p>%</p>,2025-09-17 08:00:00,异构烷烃,延化120万吨/年催化重整装置
22.93,ST040002,<p>%</p>,2025-09-17 08:00:00,烷烃含量,延化120万吨/年催化重整装置
0.73,ST040002,<p>%</p>,2025-09-17 08:00:00,烯烃含量,延化120万吨/年催化重整装置
1.71,ST040002,<p>%</p>,2025-09-17 08:00:00,环烷烃含量,延化120万吨/年催化重整装置
76.07,ST040002,<p>%</p>,2025-09-17 08:00:00,芳烃含量,延化120万吨/年催化重整装置
5.90,ST040002,<p>%</p>,2025-09-17 08:00:00,苯含量,延化120万吨/年催化重整装置
97.9,ST040002,℃,2025-09-17 08:00:00,10%平均蒸发温度T10%,延化120万吨/年催化重整装置
200.6,ST040002,℃,2025-09-18 08:00:00,终馏点蒸发温度TFBP,延化120万吨/年催化重整装置
65.2,ST040002,℃,2025-09-18 08:00:00,初馏点蒸发温度 TIBP,延化120万吨/年催化重整装置
97.6,ST040002,℃,2025-09-18 08:00:00,10%平均蒸发温度T10%,延化120万吨/年催化重整装置
819.0,ST040002,<p>kg/m<sup>3</sup></p>,2025-09-18 08:00:00,密度,延化120万吨/年催化重整装置
166.9,ST040002,℃,2025-09-18 08:00:00,90%平均蒸发温度T90%,延化120万吨/年催化重整装置
98.0,ST040002,<p>%</p>,2025-09-18 08:00:00,全馏,延化120万吨/年催化重整装置
0.8,ST040002,<p>%</p>,2025-09-18 08:00:00,平均残留百分数(B),延化120万吨/年催化重整装置
127.5,ST040002,℃,2025-09-18 08:00:00,50%平均蒸发温度T50%,延化120万吨/年催化重整装置
127.2,ST040002,℃,2025-09-19 08:00:00,50%平均蒸发温度T50%,延化120万吨/年催化重整装置
818.7,ST040002,<p>kg/m<sup>3</sup></p>,2025-09-19 08:00:00,密度,延化120万吨/年催化重整装置
64.4,ST040002,℃,2025-09-19 08:00:00,初馏点蒸发温度 TIBP,延化120万吨/年催化重整装置
0.8,ST040002,<p>%</p>,2025-09-19 08:00:00,平均残留百分数(B),延化120万吨/年催化重整装置
166.5,ST040002,℃,2025-09-19 08:00:00,90%平均蒸发温度T90%,延化120万吨/年催化重整装置
200.3,ST040002,℃,2025-09-19 08:00:00,终馏点蒸发温度TFBP,延化120万吨/年催化重整装置
98.0,ST040002,<p>%</p>,2025-09-19 08:00:00,全馏,延化120万吨/年催化重整装置
97.4,ST040002,℃,2025-09-19 08:00:00,10%平均蒸发温度T10%,延化120万吨/年催化重整装置
97.6,ST040002,℃,2025-09-20 08:00:00,10%平均蒸发温度T10%,延化120万吨/年催化重整装置
819.5,ST040002,<p>kg/m<sup>3</sup></p>,2025-09-20 08:00:00,密度,延化120万吨/年催化重整装置
65.2,ST040002,℃,2025-09-20 08:00:00,初馏点蒸发温度 TIBP,延化120万吨/年催化重整装置
0.8,ST040002,<p>%</p>,2025-09-20 08:00:00,平均残留百分数(B),延化120万吨/年催化重整装置
167.7,ST040002,℃,2025-09-20 08:00:00,90%平均蒸发温度T90%,延化120万吨/年催化重整装置
200.9,ST040002,℃,2025-09-20 08:00:00,终馏点蒸发温度TFBP,延化120万吨/年催化重整装置
98.0,ST040002,<p>%</p>,2025-09-20 08:00:00,全馏,延化120万吨/年催化重整装置
127.4,ST040002,℃,2025-09-20 08:00:00,50%平均蒸发温度T50%,延化120万吨/年催化重整装置
819.1,ST040002,<p>kg/m<sup>3</sup></p>,2025-09-21 08:00:00,密度,延化120万吨/年催化重整装置
63.5,ST040002,℃,2025-09-21 08:00:00,初馏点蒸发温度 TIBP,延化120万吨/年催化重整装置
96.2,ST040002,℃,2025-09-21 08:00:00,10%平均蒸发温度T10%,延化120万吨/年催化重整装置
0.8,ST040002,<p>%</p>,2025-09-21 08:00:00,平均残留百分数(B),延化120万吨/年催化重整装置
166.8,ST040002,℃,2025-09-21 08:00:00,90%平均蒸发温度T90%,延化120万吨/年催化重整装置
200.4,ST040002,℃,2025-09-21 08:00:00,终馏点蒸发温度TFBP,延化120万吨/年催化重整装置
98.0,ST040002,<p>%</p>,2025-09-21 08:00:00,全馏,延化120万吨/年催化重整装置
127.1,ST040002,℃,2025-09-21 08:00:00,50%平均蒸发温度T50%,延化120万吨/年催化重整装置
127.2,ST040002,℃,2025-09-22 08:00:00,50%平均蒸发温度T50%,延化120万吨/年催化重整装置
200.8,ST040002,℃,2025-09-22 08:00:00,终馏点蒸发温度TFBP,延化120万吨/年催化重整装置
98.0,ST040002,<p>%</p>,2025-09-22 08:00:00,全馏,延化120万吨/年催化重整装置
96.6,ST040002,℃,2025-09-22 08:00:00,10%平均蒸发温度T10%,延化120万吨/年催化重整装置
819.3,ST040002,<p>kg/m<sup>3</sup></p>,2025-09-22 08:00:00,密度,延化120万吨/年催化重整装置
167.6,ST040002,℃,2025-09-22 08:00:00,90%平均蒸发温度T90%,延化120万吨/年催化重整装置
63.9,ST040002,℃,2025-09-22 08:00:00,初馏点蒸发温度 TIBP,延化120万吨/年催化重整装置
0.8,ST040002,<p>%</p>,2025-09-22 08:00:00,平均残留百分数(B),延化120万吨/年催化重整装置
819.1,ST040002,<p>kg/m<sup>3</sup></p>,2025-09-23 08:00:00,密度,延化120万吨/年催化重整装置
64.3,ST040002,℃,2025-09-23 08:00:00,初馏点蒸发温度 TIBP,延化120万吨/年催化重整装置
97.5,ST040002,℃,2025-09-23 08:00:00,10%平均蒸发温度T10%,延化120万吨/年催化重整装置
0.8,ST040002,<p>%</p>,2025-09-23 08:00:00,平均残留百分数(B),延化120万吨/年催化重整装置
167.7,ST040002,℃,2025-09-23 08:00:00,90%平均蒸发温度T90%,延化120万吨/年催化重整装置
200.9,ST040002,℃,2025-09-23 08:00:00,终馏点蒸发温度TFBP,延化120万吨/年催化重整装置
98.0,ST040002,<p>%</p>,2025-09-23 08:00:00,全馏,延化120万吨/年催化重整装置
127.4,ST040002,℃,2025-09-23 08:00:00,50%平均蒸发温度T50%,延化120万吨/年催化重整装置
820.9,ST040002,<p>kg/m<sup>3</sup></p>,2025-09-24 08:00:00,密度,延化120万吨/年催化重整装置
5.71,ST040002,<p>%</p>,2025-09-24 08:00:00,苯含量,延化120万吨/年催化重整装置
97.6,ST040002,℃,2025-09-24 08:00:00,10%平均蒸发温度T10%,延化120万吨/年催化重整装置
127.2,ST040002,℃,2025-09-24 08:00:00,50%平均蒸发温度T50%,延化120万吨/年催化重整装置
0.8,ST040002,<p>%</p>,2025-09-24 08:00:00,平均残留百分数(B),延化120万吨/年催化重整装置
167.7,ST040002,℃,2025-09-24 08:00:00,90%平均蒸发温度T90%,延化120万吨/年催化重整装置
200.8,ST040002,℃,2025-09-24 08:00:00,终馏点蒸发温度TFBP,延化120万吨/年催化重整装置
98.0,ST040002,<p>%</p>,2025-09-24 08:00:00,全馏,延化120万吨/年催化重整装置
0.80,ST040002,<p>%</p>,2025-09-24 08:00:00,烯烃含量,延化120万吨/年催化重整装置
5.69,ST040002,<p>%</p>,2025-09-24 08:00:00,正构烷烃,延化120万吨/年催化重整装置
13.99,ST040002,<p>%</p>,2025-09-24 08:00:00,异构烷烃,延化120万吨/年催化重整装置
21.40,ST040002,<p>%</p>,2025-09-24 08:00:00,烷烃含量,延化120万吨/年催化重整装置
1.72,ST040002,<p>%</p>,2025-09-24 08:00:00,环烷烃含量,延化120万吨/年催化重整装置
77.79,ST040002,<p>%</p>,2025-09-24 08:00:00,芳烃含量,延化120万吨/年催化重整装置
64.7,ST040002,℃,2025-09-24 08:00:00,初馏点蒸发温度 TIBP,延化120万吨/年催化重整装置
98.0,ST040002,<p>%</p>,2025-09-25 08:00:00,全馏,延化120万吨/年催化重整装置
0.8,ST040002,<p>%</p>,2025-09-25 08:00:00,平均残留百分数(B),延化120万吨/年催化重整装置
97.7,ST040002,℃,2025-09-25 08:00:00,10%平均蒸发温度T10%,延化120万吨/年催化重整装置
818.8,ST040002,<p>kg/m<sup>3</sup></p>,2025-09-25 08:00:00,密度,延化120万吨/年催化重整装置
167.7,ST040002,℃,2025-09-25 08:00:00,90%平均蒸发温度T90%,延化120万吨/年催化重整装置
200.9,ST040002,℃,2025-09-25 08:00:00,终馏点蒸发温度TFBP,延化120万吨/年催化重整装置
65.2,ST040002,℃,2025-09-25 08:00:00,初馏点蒸发温度 TIBP,延化120万吨/年催化重整装置
127.4,ST040002,℃,2025-09-25 08:00:00,50%平均蒸发温度T50%,延化120万吨/年催化重整装置
64.3,ST040002,℃,2025-09-26 08:00:00,初馏点蒸发温度 TIBP,延化120万吨/年催化重整装置
97.3,ST040002,℃,2025-09-26 08:00:00,10%平均蒸发温度T10%,延化120万吨/年催化重整装置
127.4,ST040002,℃,2025-09-26 08:00:00,50%平均蒸发温度T50%,延化120万吨/年催化重整装置
819.8,ST040002,<p>kg/m<sup>3</sup></p>,2025-09-26 08:00:00,密度,延化120万吨/年催化重整装置
201.3,ST040002,℃,2025-09-26 08:00:00,终馏点蒸发温度TFBP,延化120万吨/年催化重整装置
98.0,ST040002,<p>%</p>,2025-09-26 08:00:00,全馏,延化120万吨/年催化重整装置
0.8,ST040002,<p>%</p>,2025-09-26 08:00:00,平均残留百分数(B),延化120万吨/年催化重整装置
168.4,ST040002,℃,2025-09-26 08:00:00,90%平均蒸发温度T90%,延化120万吨/年催化重整装置
819.9,ST040002,<p>kg/m<sup>3</sup></p>,2025-09-27 08:00:00,密度,延化120万吨/年催化重整装置
166.9,ST040002,℃,2025-09-27 08:00:00,90%平均蒸发温度T90%,延化120万吨/年催化重整装置
65.2,ST040002,℃,2025-09-27 08:00:00,初馏点蒸发温度 TIBP,延化120万吨/年催化重整装置
0.8,ST040002,<p>%</p>,2025-09-27 08:00:00,平均残留百分数(B),延化120万吨/年催化重整装置
127.3,ST040002,℃,2025-09-27 08:00:00,50%平均蒸发温度T50%,延化120万吨/年催化重整装置
200.7,ST040002,℃,2025-09-27 08:00:00,终馏点蒸发温度TFBP,延化120万吨/年催化重整装置
98.0,ST040002,<p>%</p>,2025-09-27 08:00:00,全馏,延化120万吨/年催化重整装置
97.7,ST040002,℃,2025-09-27 08:00:00,10%平均蒸发温度T10%,延化120万吨/年催化重整装置
821.2,ST040002,<p>kg/m<sup>3</sup></p>,2025-09-28 08:00:00,密度,延化120万吨/年催化重整装置
65.2,ST040002,℃,2025-09-28 08:00:00,初馏点蒸发温度 TIBP,延化120万吨/年催化重整装置
97.5,ST040002,℃,2025-09-28 08:00:00,10%平均蒸发温度T10%,延化120万吨/年催化重整装置
0.8,ST040002,<p>%</p>,2025-09-28 08:00:00,平均残留百分数(B),延化120万吨/年催化重整装置
167.2,ST040002,℃,2025-09-28 08:00:00,90%平均蒸发温度T90%,延化120万吨/年催化重整装置
200.7,ST040002,℃,2025-09-28 08:00:00,终馏点蒸发温度TFBP,延化120万吨/年催化重整装置
98.0,ST040002,<p>%</p>,2025-09-28 08:00:00,全馏,延化120万吨/年催化重整装置
127.2,ST040002,℃,2025-09-28 08:00:00,50%平均蒸发温度T50%,延化120万吨/年催化重整装置
66.0,ST040002,℃,2025-09-29 08:00:00,初馏点蒸发温度 TIBP,延化120万吨/年催化重整装置
97.4,ST040002,℃,2025-09-29 08:00:00,10%平均蒸发温度T10%,延化120万吨/年催化重整装置
127.2,ST040002,℃,2025-09-29 08:00:00,50%平均蒸发温度T50%,延化120万吨/年催化重整装置
819.6,ST040002,<p>kg/m<sup>3</sup></p>,2025-09-29 08:00:00,密度,延化120万吨/年催化重整装置
200.0,ST040002,℃,2025-09-29 08:00:00,终馏点蒸发温度TFBP,延化120万吨/年催化重整装置
98.0,ST040002,<p>%</p>,2025-09-29 08:00:00,全馏,延化120万吨/年催化重整装置
0.8,ST040002,<p>%</p>,2025-09-29 08:00:00,平均残留百分数(B),延化120万吨/年催化重整装置
165.6,ST040002,℃,2025-09-29 08:00:00,90%平均蒸发温度T90%,延化120万吨/年催化重整装置
98.0,ST040002,<p>%</p>,2025-09-30 08:00:00,全馏,延化120万吨/年催化重整装置
0.8,ST040002,<p>%</p>,2025-09-30 08:00:00,平均残留百分数(B),延化120万吨/年催化重整装置
820.4,ST040002,<p>kg/m<sup>3</sup></p>,2025-09-30 08:00:00,密度,延化120万吨/年催化重整装置
199.5,ST040002,℃,2025-09-30 08:00:00,终馏点蒸发温度TFBP,延化120万吨/年催化重整装置
97.9,ST040002,℃,2025-09-30 08:00:00,10%平均蒸发温度T10%,延化120万吨/年催化重整装置
127.3,ST040002,℃,2025-09-30 08:00:00,50%平均蒸发温度T50%,延化120万吨/年催化重整装置
165.5,ST040002,℃,2025-09-30 08:00:00,90%平均蒸发温度T90%,延化120万吨/年催化重整装置
69.0,ST040002,℃,2025-09-30 08:00:00,初馏点蒸发温度 TIBP,延化120万吨/年催化重整装置
97.7,ST040002,℃,2025-10-01 08:00:00,10%平均蒸发温度T10%,延化120万吨/年催化重整装置
6.32,ST040002,<p>%</p>,2025-10-01 08:00:00,苯含量,延化120万吨/年催化重整装置
199.7,ST040002,℃,2025-10-01 08:00:00,终馏点蒸发温度TFBP,延化120万吨/年催化重整装置
98.0,ST040002,<p>%</p>,2025-10-01 08:00:00,全馏,延化120万吨/年催化重整装置
0.8,ST040002,<p>%</p>,2025-10-01 08:00:00,平均残留百分数(B),延化120万吨/年催化重整装置
66.4,ST040002,℃,2025-10-01 08:00:00,初馏点蒸发温度 TIBP,延化120万吨/年催化重整装置
127.2,ST040002,℃,2025-10-01 08:00:00,50%平均蒸发温度T50%,延化120万吨/年催化重整装置
819.6,ST040002,<p>kg/m<sup>3</sup></p>,2025-10-01 08:00:00,密度,延化120万吨/年催化重整装置
5.43,ST040002,<p>%</p>,2025-10-01 08:00:00,正构烷烃,延化120万吨/年催化重整装置
14.42,ST040002,<p>%</p>,2025-10-01 08:00:00,异构烷烃,延化120万吨/年催化重整装置
21.13,ST040002,<p>%</p>,2025-10-01 08:00:00,烷烃含量,延化120万吨/年催化重整装置
2.72,ST040002,<p>%</p>,2025-10-01 08:00:00,烯烃含量,延化120万吨/年催化重整装置
1.28,ST040002,<p>%</p>,2025-10-01 08:00:00,环烷烃含量,延化120万吨/年催化重整装置
76.14,ST040002,<p>%</p>,2025-10-01 08:00:00,芳烃含量,延化120万吨/年催化重整装置
165.3,ST040002,℃,2025-10-01 08:00:00,90%平均蒸发温度T90%,延化120万吨/年催化重整装置
199.9,ST040002,℃,2025-10-02 08:00:00,终馏点蒸发温度TFBP,延化120万吨/年催化重整装置
818.8,ST040002,<p>kg/m<sup>3</sup></p>,2025-10-02 08:00:00,密度,延化120万吨/年催化重整装置
66.7,ST040002,℃,2025-10-02 08:00:00,初馏点蒸发温度 TIBP,延化120万吨/年催化重整装置
0.8,ST040002,<p>%</p>,2025-10-02 08:00:00,平均残留百分数(B),延化120万吨/年催化重整装置
127.1,ST040002,℃,2025-10-02 08:00:00,50%平均蒸发温度T50%,延化120万吨/年催化重整装置
165.5,ST040002,℃,2025-10-02 08:00:00,90%平均蒸发温度T90%,延化120万吨/年催化重整装置
98.0,ST040002,<p>%</p>,2025-10-02 08:00:00,全馏,延化120万吨/年催化重整装置
97.5,ST040002,℃,2025-10-02 08:00:00,10%平均蒸发温度T10%,延化120万吨/年催化重整装置
165.0,ST040002,℃,2025-10-03 08:00:00,90%平均蒸发温度T90%,延化120万吨/年催化重整装置
66.0,ST040002,℃,2025-10-03 08:00:00,初馏点蒸发温度 TIBP,延化120万吨/年催化重整装置
97.3,ST040002,℃,2025-10-03 08:00:00,10%平均蒸发温度T10%,延化120万吨/年催化重整装置
819.2,ST040002,<p>kg/m<sup>3</sup></p>,2025-10-03 08:00:00,密度,延化120万吨/年催化重整装置
200.2,ST040002,℃,2025-10-03 08:00:00,终馏点蒸发温度TFBP,延化120万吨/年催化重整装置
98.0,ST040002,<p>%</p>,2025-10-03 08:00:00,全馏,延化120万吨/年催化重整装置
0.8,ST040002,<p>%</p>,2025-10-03 08:00:00,平均残留百分数(B),延化120万吨/年催化重整装置
127.3,ST040002,℃,2025-10-03 08:00:00,50%平均蒸发温度T50%,延化120万吨/年催化重整装置
127.3,ST040002,℃,2025-10-04 08:00:00,50%平均蒸发温度T50%,延化120万吨/年催化重整装置
820.4,ST040002,<p>kg/m<sup>3</sup></p>,2025-10-04 08:00:00,密度,延化120万吨/年催化重整装置
65.6,ST040002,℃,2025-10-04 08:00:00,初馏点蒸发温度 TIBP,延化120万吨/年催化重整装置
0.8,ST040002,<p>%</p>,2025-10-04 08:00:00,平均残留百分数(B),延化120万吨/年催化重整装置
166.5,ST040002,℃,2025-10-04 08:00:00,90%平均蒸发温度T90%,延化120万吨/年催化重整装置
200.4,ST040002,℃,2025-10-04 08:00:00,终馏点蒸发温度TFBP,延化120万吨/年催化重整装置
98.0,ST040002,<p>%</p>,2025-10-04 08:00:00,全馏,延化120万吨/年催化重整装置
97.3,ST040002,℃,2025-10-04 08:00:00,10%平均蒸发温度T10%,延化120万吨/年催化重整装置
819.9,ST040002,<p>kg/m<sup>3</sup></p>,2025-10-05 08:00:00,密度,延化120万吨/年催化重整装置
166.6,ST040002,℃,2025-10-05 08:00:00,90%平均蒸发温度T90%,延化120万吨/年催化重整装置
97.4,ST040002,℃,2025-10-05 08:00:00,10%平均蒸发温度T10%,延化120万吨/年催化重整装置
0.8,ST040002,<p>%</p>,2025-10-05 08:00:00,平均残留百分数(B),延化120万吨/年催化重整装置
127.4,ST040002,℃,2025-10-05 08:00:00,50%平均蒸发温度T50%,延化120万吨/年催化重整装置
200.6,ST040002,℃,2025-10-05 08:00:00,终馏点蒸发温度TFBP,延化120万吨/年催化重整装置
98.0,ST040002,<p>%</p>,2025-10-05 08:00:00,全馏,延化120万吨/年催化重整装置
66.0,ST040002,℃,2025-10-05 08:00:00,初馏点蒸发温度 TIBP,延化120万吨/年催化重整装置
97.5,ST040002,℃,2025-10-06 08:00:00,10%平均蒸发温度T10%,延化120万吨/年催化重整装置
819.3,ST040002,<p>kg/m<sup>3</sup></p>,2025-10-06 08:00:00,密度,延化120万吨/年催化重整装置
65.0,ST040002,℃,2025-10-06 08:00:00,初馏点蒸发温度 TIBP,延化120万吨/年催化重整装置
0.8,ST040002,<p>%</p>,2025-10-06 08:00:00,平均残留百分数(B),延化120万吨/年催化重整装置
166.5,ST040002,℃,2025-10-06 08:00:00,90%平均蒸发温度T90%,延化120万吨/年催化重整装置
200.5,ST040002,℃,2025-10-06 08:00:00,终馏点蒸发温度TFBP,延化120万吨/年催化重整装置
98.0,ST040002,<p>%</p>,2025-10-06 08:00:00,全馏,延化120万吨/年催化重整装置
127.3,ST040002,℃,2025-10-06 08:00:00,50%平均蒸发温度T50%,延化120万吨/年催化重整装置
166.2,ST040002,℃,2025-10-07 08:00:00,90%平均蒸发温度T90%,延化120万吨/年催化重整装置
66.0,ST040002,℃,2025-10-07 08:00:00,初馏点蒸发温度 TIBP,延化120万吨/年催化重整装置
97.6,ST040002,℃,2025-10-07 08:00:00,10%平均蒸发温度T10%,延化120万吨/年催化重整装置
820.5,ST040002,<p>kg/m<sup>3</sup></p>,2025-10-07 08:00:00,密度,延化120万吨/年催化重整装置
200.3,ST040002,℃,2025-10-07 08:00:00,终馏点蒸发温度TFBP,延化120万吨/年催化重整装置
98.0,ST040002,<p>%</p>,2025-10-07 08:00:00,全馏,延化120万吨/年催化重整装置
0.8,ST040002,<p>%</p>,2025-10-07 08:00:00,平均残留百分数(B),延化120万吨/年催化重整装置
127.4,ST040002,℃,2025-10-07 08:00:00,50%平均蒸发温度T50%,延化120万吨/年催化重整装置
97.4,ST040002,℃,2025-10-08 08:00:00,10%平均蒸发温度T10%,延化120万吨/年催化重整装置
66.0,ST040002,℃,2025-10-08 08:00:00,初馏点蒸发温度 TIBP,延化120万吨/年催化重整装置
166.4,ST040002,℃,2025-10-08 08:00:00,90%平均蒸发温度T90%,延化120万吨/年催化重整装置
200.6,ST040002,℃,2025-10-08 08:00:00,终馏点蒸发温度TFBP,延化120万吨/年催化重整装置
0.8,ST040002,<p>%</p>,2025-10-08 08:00:00,平均残留百分数(B),延化120万吨/年催化重整装置
821.4,ST040002,<p>kg/m<sup>3</sup></p>,2025-10-08 08:00:00,密度,延化120万吨/年催化重整装置
6.51,ST040002,<p>%</p>,2025-10-08 08:00:00,苯含量,延化120万吨/年催化重整装置
5.44,ST040002,<p>%</p>,2025-10-08 08:00:00,正构烷烃,延化120万吨/年催化重整装置
13.56,ST040002,<p>%</p>,2025-10-08 08:00:00,异构烷烃,延化120万吨/年催化重整装置
20.58,ST040002,<p>%</p>,2025-10-08 08:00:00,烷烃含量,延化120万吨/年催化重整装置
0.76,ST040002,<p>%</p>,2025-10-08 08:00:00,烯烃含量,延化120万吨/年催化重整装置
1.58,ST040002,<p>%</p>,2025-10-08 08:00:00,环烷烃含量,延化120万吨/年催化重整装置
98.0,ST040002,<p>%</p>,2025-10-08 08:00:00,全馏,延化120万吨/年催化重整装置
78.65,ST040002,<p>%</p>,2025-10-08 08:00:00,芳烃含量,延化120万吨/年催化重整装置
127.1,ST040002,℃,2025-10-08 08:00:00,50%平均蒸发温度T50%,延化120万吨/年催化重整装置
819.5,ST040002,<p>kg/m<sup>3</sup></p>,2025-10-09 08:00:00,密度,延化120万吨/年催化重整装置
97.1,ST040002,℃,2025-10-09 08:00:00,10%平均蒸发温度T10%,延化120万吨/年催化重整装置
127.2,ST040002,℃,2025-10-09 08:00:00,50%平均蒸发温度T50%,延化120万吨/年催化重整装置
64.3,ST040002,℃,2025-10-09 08:00:00,初馏点蒸发温度 TIBP,延化120万吨/年催化重整装置
201.7,ST040002,℃,2025-10-09 08:00:00,终馏点蒸发温度TFBP,延化120万吨/年催化重整装置
98.0,ST040002,<p>%</p>,2025-10-09 08:00:00,全馏,延化120万吨/年催化重整装置
0.8,ST040002,<p>%</p>,2025-10-09 08:00:00,平均残留百分数(B),延化120万吨/年催化重整装置
168.2,ST040002,℃,2025-10-09 08:00:00,90%平均蒸发温度T90%,延化120万吨/年催化重整装置
127.2,ST040002,℃,2025-10-10 08:00:00,50%平均蒸发温度T50%,延化120万吨/年催化重整装置
65.2,ST040002,℃,2025-10-10 08:00:00,初馏点蒸发温度 TIBP,延化120万吨/年催化重整装置
98.0,ST040002,℃,2025-10-10 08:00:00,10%平均蒸发温度T10%,延化120万吨/年催化重整装置
821.2,ST040002,<p>kg/m<sup>3</sup></p>,2025-10-10 08:00:00,密度,延化120万吨/年催化重整装置
201.7,ST040002,℃,2025-10-10 08:00:00,终馏点蒸发温度TFBP,延化120万吨/年催化重整装置
98.0,ST040002,<p>%</p>,2025-10-10 08:00:00,全馏,延化120万吨/年催化重整装置
0.8,ST040002,<p>%</p>,2025-10-10 08:00:00,平均残留百分数(B),延化120万吨/年催化重整装置
167.7,ST040002,℃,2025-10-10 08:00:00,90%平均蒸发温度T90%,延化120万吨/年催化重整装置
167.1,ST040002,℃,2025-10-11 08:00:00,90%平均蒸发温度T90%,延化120万吨/年催化重整装置
67.3,ST040002,℃,2025-10-11 08:00:00,初馏点蒸发温度 TIBP,延化120万吨/年催化重整装置
98.2,ST040002,℃,2025-10-11 08:00:00,10%平均蒸发温度T10%,延化120万吨/年催化重整装置
822.3,ST040002,<p>kg/m<sup>3</sup></p>,2025-10-11 08:00:00,密度,延化120万吨/年催化重整装置
202.4,ST040002,℃,2025-10-11 08:00:00,终馏点蒸发温度TFBP,延化120万吨/年催化重整装置
98.0,ST040002,<p>%</p>,2025-10-11 08:00:00,全馏,延化120万吨/年催化重整装置
0.8,ST040002,<p>%</p>,2025-10-11 08:00:00,平均残留百分数(B),延化120万吨/年催化重整装置
127.3,ST040002,℃,2025-10-11 08:00:00,50%平均蒸发温度T50%,延化120万吨/年催化重整装置
69.0,ST040002,℃,2025-10-12 08:00:00,初馏点蒸发温度 TIBP,延化120万吨/年催化重整装置
99.5,ST040002,℃,2025-10-12 08:00:00,10%平均蒸发温度T10%,延化120万吨/年催化重整装置
127.4,ST040002,℃,2025-10-12 08:00:00,50%平均蒸发温度T50%,延化120万吨/年催化重整装置
822.4,ST040002,<p>kg/m<sup>3</sup></p>,2025-10-12 08:00:00,密度,延化120万吨/年催化重整装置
202.5,ST040002,℃,2025-10-12 08:00:00,终馏点蒸发温度TFBP,延化120万吨/年催化重整装置
98.0,ST040002,<p>%</p>,2025-10-12 08:00:00,全馏,延化120万吨/年催化重整装置
0.8,ST040002,<p>%</p>,2025-10-12 08:00:00,平均残留百分数(B),延化120万吨/年催化重整装置
167.5,ST040002,℃,2025-10-12 08:00:00,90%平均蒸发温度T90%,延化120万吨/年催化重整装置
98.0,ST040002,<p>%</p>,2025-10-13 08:00:00,全馏,延化120万吨/年催化重整装置
821.3,ST040002,<p>kg/m<sup>3</sup></p>,2025-10-13 08:00:00,密度,延化120万吨/年催化重整装置
66.0,ST040002,℃,2025-10-13 08:00:00,初馏点蒸发温度 TIBP,延化120万吨/年催化重整装置
0.8,ST040002,<p>%</p>,2025-10-13 08:00:00,平均残留百分数(B),延化120万吨/年催化重整装置
127.1,ST040002,℃,2025-10-13 08:00:00,50%平均蒸发温度T50%,延化120万吨/年催化重整装置
168.0,ST040002,℃,2025-10-13 08:00:00,90%平均蒸发温度T90%,延化120万吨/年催化重整装置
201.9,ST040002,℃,2025-10-13 08:00:00,终馏点蒸发温度TFBP,延化120万吨/年催化重整装置
97.9,ST040002,℃,2025-10-13 08:00:00,10%平均蒸发温度T10%,延化120万吨/年催化重整装置
167.2,ST040002,℃,2025-10-14 08:00:00,90%平均蒸发温度T90%,延化120万吨/年催化重整装置
65.2,ST040002,℃,2025-10-14 08:00:00,初馏点蒸发温度 TIBP,延化120万吨/年催化重整装置
97.9,ST040002,℃,2025-10-14 08:00:00,10%平均蒸发温度T10%,延化120万吨/年催化重整装置
821.4,ST040002,<p>kg/m<sup>3</sup></p>,2025-10-14 08:00:00,密度,延化120万吨/年催化重整装置
202.2,ST040002,℃,2025-10-14 08:00:00,终馏点蒸发温度TFBP,延化120万吨/年催化重整装置
98.0,ST040002,<p>%</p>,2025-10-14 08:00:00,全馏,延化120万吨/年催化重整装置
0.8,ST040002,<p>%</p>,2025-10-14 08:00:00,平均残留百分数(B),延化120万吨/年催化重整装置
127.1,ST040002,℃,2025-10-14 08:00:00,50%平均蒸发温度T50%,延化120万吨/年催化重整装置
77.65,ST040002,<p>%</p>,2025-10-15 08:00:00,芳烃含量,延化120万吨/年催化重整装置
1.84,ST040002,<p>%</p>,2025-10-15 08:00:00,环烷烃含量,延化120万吨/年催化重整装置
19.41,ST040002,<p>%</p>,2025-10-15 08:00:00,烷烃含量,延化120万吨/年催化重整装置
14.06,ST040002,<p>%</p>,2025-10-15 08:00:00,异构烷烃,延化120万吨/年催化重整装置
5.35,ST040002,<p>%</p>,2025-10-15 08:00:00,正构烷烃,延化120万吨/年催化重整装置
166.3,ST040002,℃,2025-10-15 08:00:00,90%平均蒸发温度T90%,延化120万吨/年催化重整装置
66.1,ST040002,℃,2025-10-15 08:00:00,初馏点蒸发温度 TIBP,延化120万吨/年催化重整装置
98.0,ST040002,℃,2025-10-15 08:00:00,10%平均蒸发温度T10%,延化120万吨/年催化重整装置
127.0,ST040002,℃,2025-10-15 08:00:00,50%平均蒸发温度T50%,延化120万吨/年催化重整装置
200.8,ST040002,℃,2025-10-15 08:00:00,终馏点蒸发温度TFBP,延化120万吨/年催化重整装置
98.0,ST040002,<p>%</p>,2025-10-15 08:00:00,全馏,延化120万吨/年催化重整装置
0.8,ST040002,<p>%</p>,2025-10-15 08:00:00,平均残留百分数(B),延化120万吨/年催化重整装置
821.1,ST040002,<p>kg/m<sup>3</sup></p>,2025-10-15 08:00:00,密度,延化120万吨/年催化重整装置
1.04,ST040002,<p>%</p>,2025-10-15 08:00:00,烯烃含量,延化120万吨/年催化重整装置
6.25,ST040002,<p>%</p>,2025-10-15 08:00:00,苯含量,延化120万吨/年催化重整装置
63.9,ST040002,℃,2025-10-16 08:00:00,初馏点蒸发温度 TIBP,延化120万吨/年催化重整装置
98.0,ST040002,℃,2025-10-16 08:00:00,10%平均蒸发温度T10%,延化120万吨/年催化重整装置
127.1,ST040002,℃,2025-10-16 08:00:00,50%平均蒸发温度T50%,延化120万吨/年催化重整装置
821.1,ST040002,<p>kg/m<sup>3</sup></p>,2025-10-16 08:00:00,密度,延化120万吨/年催化重整装置
201.3,ST040002,℃,2025-10-16 08:00:00,终馏点蒸发温度TFBP,延化120万吨/年催化重整装置
98.0,ST040002,<p>%</p>,2025-10-16 08:00:00,全馏,延化120万吨/年催化重整装置
0.8,ST040002,<p>%</p>,2025-10-16 08:00:00,平均残留百分数(B),延化120万吨/年催化重整装置
168.2,ST040002,℃,2025-10-16 08:00:00,90%平均蒸发温度T90%,延化120万吨/年催化重整装置
64.7,ST040002,℃,2025-10-17 08:00:00,初馏点蒸发温度 TIBP,延化120万吨/年催化重整装置
98.1,ST040002,℃,2025-10-17 08:00:00,10%平均蒸发温度T10%,延化120万吨/年催化重整装置
127.4,ST040002,℃,2025-10-17 08:00:00,50%平均蒸发温度T50%,延化120万吨/年催化重整装置
821.9,ST040002,<p>kg/m<sup>3</sup></p>,2025-10-17 08:00:00,密度,延化120万吨/年催化重整装置
201.4,ST040002,℃,2025-10-17 08:00:00,终馏点蒸发温度TFBP,延化120万吨/年催化重整装置
98.0,ST040002,<p>%</p>,2025-10-17 08:00:00,全馏,延化120万吨/年催化重整装置
0.8,ST040002,<p>%</p>,2025-10-17 08:00:00,平均残留百分数(B),延化120万吨/年催化重整装置
168.5,ST040002,℃,2025-10-17 08:00:00,90%平均蒸发温度T90%,延化120万吨/年催化重整装置
127.0,ST040002,℃,2025-10-18 08:00:00,50%平均蒸发温度T50%,延化120万吨/年催化重整装置
65.2,ST040002,℃,2025-10-18 08:00:00,初馏点蒸发温度 TIBP,延化120万吨/年催化重整装置
98.4,ST040002,℃,2025-10-18 08:00:00,10%平均蒸发温度T10%,延化120万吨/年催化重整装置
822.3,ST040002,<p>kg/m<sup>3</sup></p>,2025-10-18 08:00:00,密度,延化120万吨/年催化重整装置
200.8,ST040002,℃,2025-10-18 08:00:00,终馏点蒸发温度TFBP,延化120万吨/年催化重整装置
98.0,ST040002,<p>%</p>,2025-10-18 08:00:00,全馏,延化120万吨/年催化重整装置
0.8,ST040002,<p>%</p>,2025-10-18 08:00:00,平均残留百分数(B),延化120万吨/年催化重整装置
167.3,ST040002,℃,2025-10-18 08:00:00,90%平均蒸发温度T90%,延化120万吨/年催化重整装置
821.9,ST040002,<p>kg/m<sup>3</sup></p>,2025-10-19 08:00:00,密度,延化120万吨/年催化重整装置
167.3,ST040002,℃,2025-10-19 08:00:00,90%平均蒸发温度T90%,延化120万吨/年催化重整装置
63.4,ST040002,℃,2025-10-19 08:00:00,初馏点蒸发温度 TIBP,延化120万吨/年催化重整装置
0.8,ST040002,<p>%</p>,2025-10-19 08:00:00,平均残留百分数(B),延化120万吨/年催化重整装置
127.3,ST040002,℃,2025-10-19 08:00:00,50%平均蒸发温度T50%,延化120万吨/年催化重整装置
201.3,ST040002,℃,2025-10-19 08:00:00,终馏点蒸发温度TFBP,延化120万吨/年催化重整装置
98.0,ST040002,<p>%</p>,2025-10-19 08:00:00,全馏,延化120万吨/年催化重整装置
98.1,ST040002,℃,2025-10-19 08:00:00,10%平均蒸发温度T10%,延化120万吨/年催化重整装置
0.8,ST040002,<p>%</p>,2025-10-20 08:00:00,平均残留百分数(B),延化120万吨/年催化重整装置
821.8,ST040002,<p>kg/m<sup>3</sup></p>,2025-10-20 08:00:00,密度,延化120万吨/年催化重整装置
98.0,ST040002,<p>%</p>,2025-10-20 08:00:00,全馏,延化120万吨/年催化重整装置
201.3,ST040002,℃,2025-10-20 08:00:00,终馏点蒸发温度TFBP,延化120万吨/年催化重整装置
97.8,ST040002,℃,2025-10-20 08:00:00,10%平均蒸发温度T10%,延化120万吨/年催化重整装置
127.4,ST040002,℃,2025-10-20 08:00:00,50%平均蒸发温度T50%,延化120万吨/年催化重整装置
167.2,ST040002,℃,2025-10-20 08:00:00,90%平均蒸发温度T90%,延化120万吨/年催化重整装置
63.4,ST040002,℃,2025-10-20 08:00:00,初馏点蒸发温度 TIBP,延化120万吨/年催化重整装置
166.4,ST040002,℃,2025-10-21 08:00:00,90%平均蒸发温度T90%,延化120万吨/年催化重整装置
66.0,ST040002,℃,2025-10-21 08:00:00,初馏点蒸发温度 TIBP,延化120万吨/年催化重整装置
98.3,ST040002,℃,2025-10-21 08:00:00,10%平均蒸发温度T10%,延化120万吨/年催化重整装置
821.9,ST040002,<p>kg/m<sup>3</sup></p>,2025-10-21 08:00:00,密度,延化120万吨/年催化重整装置
200.2,ST040002,℃,2025-10-21 08:00:00,终馏点蒸发温度TFBP,延化120万吨/年催化重整装置
98.0,ST040002,<p>%</p>,2025-10-21 08:00:00,全馏,延化120万吨/年催化重整装置
0.8,ST040002,<p>%</p>,2025-10-21 08:00:00,平均残留百分数(B),延化120万吨/年催化重整装置
127.0,ST040002,℃,2025-10-21 08:00:00,50%平均蒸发温度T50%,延化120万吨/年催化重整装置
21.36,ST040002,<p>%</p>,2025-10-22 08:00:00,烷烃含量,延化120万吨/年催化重整装置
14.42,ST040002,<p>%</p>,2025-10-22 08:00:00,异构烷烃,延化120万吨/年催化重整装置
77.69,ST040002,<p>%</p>,2025-10-22 08:00:00,芳烃含量,延化120万吨/年催化重整装置
6.08,ST040002,<p>%</p>,2025-10-22 08:00:00,苯含量,延化120万吨/年催化重整装置
166.5,ST040002,℃,2025-10-22 08:00:00,90%平均蒸发温度T90%,延化120万吨/年催化重整装置
65.2,ST040002,℃,2025-10-22 08:00:00,初馏点蒸发温度 TIBP,延化120万吨/年催化重整装置
97.7,ST040002,℃,2025-10-22 08:00:00,10%平均蒸发温度T10%,延化120万吨/年催化重整装置
127.1,ST040002,℃,2025-10-22 08:00:00,50%平均蒸发温度T50%,延化120万吨/年催化重整装置
200.3,ST040002,℃,2025-10-22 08:00:00,终馏点蒸发温度TFBP,延化120万吨/年催化重整装置
98.0,ST040002,<p>%</p>,2025-10-22 08:00:00,全馏,延化120万吨/年催化重整装置
0.8,ST040002,<p>%</p>,2025-10-22 08:00:00,平均残留百分数(B),延化120万吨/年催化重整装置
821.4,ST040002,<p>kg/m<sup>3</sup></p>,2025-10-22 08:00:00,密度,延化120万吨/年催化重整装置
0.77,ST040002,<p>%</p>,2025-10-22 08:00:00,烯烃含量,延化120万吨/年催化重整装置
5.33,ST040002,<p>%</p>,2025-10-22 08:00:00,正构烷烃,延化120万吨/年催化重整装置
1.61,ST040002,<p>%</p>,2025-10-22 08:00:00,环烷烃含量,延化120万吨/年催化重整装置
166.1,ST040002,℃,2025-10-23 08:00:00,90%平均蒸发温度T90%,延化120万吨/年催化重整装置
66.7,ST040002,℃,2025-10-23 08:00:00,初馏点蒸发温度 TIBP,延化120万吨/年催化重整装置
97.9,ST040002,℃,2025-10-23 08:00:00,10%平均蒸发温度T10%,延化120万吨/年催化重整装置
820.6,ST040002,<p>kg/m<sup>3</sup></p>,2025-10-23 08:00:00,密度,延化120万吨/年催化重整装置
200.2,ST040002,℃,2025-10-23 08:00:00,终馏点蒸发温度TFBP,延化120万吨/年催化重整装置
98.0,ST040002,<p>%</p>,2025-10-23 08:00:00,全馏,延化120万吨/年催化重整装置
0.8,ST040002,<p>%</p>,2025-10-23 08:00:00,平均残留百分数(B),延化120万吨/年催化重整装置
127.0,ST040002,℃,2025-10-23 08:00:00,50%平均蒸发温度T50%,延化120万吨/年催化重整装置
821.3,ST040002,<p>kg/m<sup>3</sup></p>,2025-10-24 08:00:00,密度,延化120万吨/年催化重整装置
98.0,ST040002,<p>%</p>,2025-10-24 08:00:00,全馏,延化120万吨/年催化重整装置
70.0,ST040002,℃,2025-10-24 08:00:00,初馏点蒸发温度 TIBP,延化120万吨/年催化重整装置
0.8,ST040002,<p>%</p>,2025-10-24 08:00:00,平均残留百分数(B),延化120万吨/年催化重整装置
127.7,ST040002,℃,2025-10-24 08:00:00,50%平均蒸发温度T50%,延化120万吨/年催化重整装置
167.4,ST040002,℃,2025-10-24 08:00:00,90%平均蒸发温度T90%,延化120万吨/年催化重整装置
201.0,ST040002,℃,2025-10-24 08:00:00,终馏点蒸发温度TFBP,延化120万吨/年催化重整装置
100.3,ST040002,℃,2025-10-24 08:00:00,10%平均蒸发温度T10%,延化120万吨/年催化重整装置
66.0,ST040002,℃,2025-10-25 08:00:00,初馏点蒸发温度 TIBP,延化120万吨/年催化重整装置
97.6,ST040002,℃,2025-10-25 08:00:00,10%平均蒸发温度T10%,延化120万吨/年催化重整装置
127.2,ST040002,℃,2025-10-25 08:00:00,50%平均蒸发温度T50%,延化120万吨/年催化重整装置
821.3,ST040002,<p>kg/m<sup>3</sup></p>,2025-10-25 08:00:00,密度,延化120万吨/年催化重整装置
200.2,ST040002,℃,2025-10-25 08:00:00,终馏点蒸发温度TFBP,延化120万吨/年催化重整装置
98.0,ST040002,<p>%</p>,2025-10-25 08:00:00,全馏,延化120万吨/年催化重整装置
0.8,ST040002,<p>%</p>,2025-10-25 08:00:00,平均残留百分数(B),延化120万吨/年催化重整装置
166.4,ST040002,℃,2025-10-25 08:00:00,90%平均蒸发温度T90%,延化120万吨/年催化重整装置
98.0,ST040002,<p>%</p>,2025-10-26 08:00:00,全馏,延化120万吨/年催化重整装置
67.4,ST040002,℃,2025-10-26 08:00:00,初馏点蒸发温度 TIBP,延化120万吨/年催化重整装置
97.5,ST040002,℃,2025-10-26 08:00:00,10%平均蒸发温度T10%,延化120万吨/年催化重整装置
821.7,ST040002,<p>kg/m<sup>3</sup></p>,2025-10-26 08:00:00,密度,延化120万吨/年催化重整装置
165.4,ST040002,℃,2025-10-26 08:00:00,90%平均蒸发温度T90%,延化120万吨/年催化重整装置
199.7,ST040002,℃,2025-10-26 08:00:00,终馏点蒸发温度TFBP,延化120万吨/年催化重整装置
0.8,ST040002,<p>%</p>,2025-10-26 08:00:00,平均残留百分数(B),延化120万吨/年催化重整装置
127.2,ST040002,℃,2025-10-26 08:00:00,50%平均蒸发温度T50%,延化120万吨/年催化重整装置
164.6,ST040002,℃,2025-10-27 08:00:00,90%平均蒸发温度T90%,延化120万吨/年催化重整装置
69.0,ST040002,℃,2025-10-27 08:00:00,初馏点蒸发温度 TIBP,延化120万吨/年催化重整装置
97.8,ST040002,℃,2025-10-27 08:00:00,10%平均蒸发温度T10%,延化120万吨/年催化重整装置
821.9,ST040002,<p>kg/m<sup>3</sup></p>,2025-10-27 08:00:00,密度,延化120万吨/年催化重整装置
199.4,ST040002,℃,2025-10-27 08:00:00,终馏点蒸发温度TFBP,延化120万吨/年催化重整装置
98.0,ST040002,<p>%</p>,2025-10-27 08:00:00,全馏,延化120万吨/年催化重整装置
0.8,ST040002,<p>%</p>,2025-10-27 08:00:00,平均残留百分数(B),延化120万吨/年催化重整装置
127.0,ST040002,℃,2025-10-27 08:00:00,50%平均蒸发温度T50%,延化120万吨/年催化重整装置
69.7,ST040002,℃,2025-10-28 08:00:00,初馏点蒸发温度 TIBP,延化120万吨/年催化重整装置
97.8,ST040002,℃,2025-10-28 08:00:00,10%平均蒸发温度T10%,延化120万吨/年催化重整装置
0.8,ST040002,<p>%</p>,2025-10-28 08:00:00,平均残留百分数(B),延化120万吨/年催化重整装置
821.4,ST040002,<p>kg/m<sup>3</sup></p>,2025-10-28 08:00:00,密度,延化120万吨/年催化重整装置
164.5,ST040002,℃,2025-10-28 08:00:00,90%平均蒸发温度T90%,延化120万吨/年催化重整装置
199.0,ST040002,℃,2025-10-28 08:00:00,终馏点蒸发温度TFBP,延化120万吨/年催化重整装置
98.0,ST040002,<p>%</p>,2025-10-28 08:00:00,全馏,延化120万吨/年催化重整装置
126.9,ST040002,℃,2025-10-28 08:00:00,50%平均蒸发温度T50%,延化120万吨/年催化重整装置
1.61,ST040002,<p>%</p>,2025-10-29 08:00:00,环烷烃含量,延化120万吨/年催化重整装置
0.78,ST040002,<p>%</p>,2025-10-29 08:00:00,烯烃含量,延化120万吨/年催化重整装置
6.81,ST040002,<p>%</p>,2025-10-29 08:00:00,苯含量,延化120万吨/年催化重整装置
127.2,ST040002,℃,2025-10-29 08:00:00,50%平均蒸发温度T50%,延化120万吨/年催化重整装置
821.6,ST040002,<p>kg/m<sup>3</sup></p>,2025-10-29 08:00:00,密度,延化120万吨/年催化重整装置
70.2,ST040002,℃,2025-10-29 08:00:00,初馏点蒸发温度 TIBP,延化120万吨/年催化重整装置
98.0,ST040002,℃,2025-10-29 08:00:00,10%平均蒸发温度T10%,延化120万吨/年催化重整装置
164.5,ST040002,℃,2025-10-29 08:00:00,90%平均蒸发温度T90%,延化120万吨/年催化重整装置
199.1,ST040002,℃,2025-10-29 08:00:00,终馏点蒸发温度TFBP,延化120万吨/年催化重整装置
98.0,ST040002,<p>%</p>,2025-10-29 08:00:00,全馏,延化120万吨/年催化重整装置
0.8,ST040002,<p>%</p>,2025-10-29 08:00:00,平均残留百分数(B),延化120万吨/年催化重整装置
5.31,ST040002,<p>%</p>,2025-10-29 08:00:00,正构烷烃,延化120万吨/年催化重整装置
13.49,ST040002,<p>%</p>,2025-10-29 08:00:00,异构烷烃,延化120万吨/年催化重整装置
20.41,ST040002,<p>%</p>,2025-10-29 08:00:00,烷烃含量,延化120万吨/年催化重整装置
78.79,ST040002,<p>%</p>,2025-10-29 08:00:00,芳烃含量,延化120万吨/年催化重整装置
199.8,ST040002,℃,2025-10-30 08:00:00,终馏点蒸发温度TFBP,延化120万吨/年催化重整装置
822.8,ST040002,<p>kg/m<sup>3</sup></p>,2025-10-30 08:00:00,密度,延化120万吨/年催化重整装置
69.5,ST040002,℃,2025-10-30 08:00:00,初馏点蒸发温度 TIBP,延化120万吨/年催化重整装置
0.8,ST040002,<p>%</p>,2025-10-30 08:00:00,平均残留百分数(B),延化120万吨/年催化重整装置
126.4,ST040002,℃,2025-10-30 08:00:00,50%平均蒸发温度T50%,延化120万吨/年催化重整装置
164.4,ST040002,℃,2025-10-30 08:00:00,90%平均蒸发温度T90%,延化120万吨/年催化重整装置
98.0,ST040002,<p>%</p>,2025-10-30 08:00:00,全馏,延化120万吨/年催化重整装置
97.7,ST040002,℃,2025-10-30 08:00:00,10%平均蒸发温度T10%,延化120万吨/年催化重整装置
164.2,ST040002,℃,2025-10-31 08:00:00,90%平均蒸发温度T90%,延化120万吨/年催化重整装置
66.3,ST040002,℃,2025-10-31 08:00:00,初馏点蒸发温度 TIBP,延化120万吨/年催化重整装置
97.3,ST040002,℃,2025-10-31 08:00:00,10%平均蒸发温度T10%,延化120万吨/年催化重整装置
822.0,ST040002,<p>kg/m<sup>3</sup></p>,2025-10-31 08:00:00,密度,延化120万吨/年催化重整装置
198.8,ST040002,℃,2025-10-31 08:00:00,终馏点蒸发温度TFBP,延化120万吨/年催化重整装置
98.0,ST040002,<p>%</p>,2025-10-31 08:00:00,全馏,延化120万吨/年催化重整装置
0.8,ST040002,<p>%</p>,2025-10-31 08:00:00,平均残留百分数(B),延化120万吨/年催化重整装置
126.9,ST040002,℃,2025-10-31 08:00:00,50%平均蒸发温度T50%,延化120万吨/年催化重整装置
126.9,ST040002,℃,2025-11-01 08:00:00,50%平均蒸发温度T50%,延化120万吨/年催化重整装置
822.1,ST040002,<p>kg/m<sup>3</sup></p>,2025-11-01 08:00:00,密度,延化120万吨/年催化重整装置
67.8,ST040002,℃,2025-11-01 08:00:00,初馏点蒸发温度 TIBP,延化120万吨/年催化重整装置
97.5,ST040002,℃,2025-11-01 08:00:00,10%平均蒸发温度T10%,延化120万吨/年催化重整装置
163.7,ST040002,℃,2025-11-01 08:00:00,90%平均蒸发温度T90%,延化120万吨/年催化重整装置
198.5,ST040002,℃,2025-11-01 08:00:00,终馏点蒸发温度TFBP,延化120万吨/年催化重整装置
98.0,ST040002,<p>%</p>,2025-11-01 08:00:00,全馏,延化120万吨/年催化重整装置
0.8,ST040002,<p>%</p>,2025-11-01 08:00:00,平均残留百分数(B),延化120万吨/年催化重整装置
163.9,ST040002,℃,2025-11-02 08:00:00,90%平均蒸发温度T90%,延化120万吨/年催化重整装置
64.7,ST040002,℃,2025-11-02 08:00:00,初馏点蒸发温度 TIBP,延化120万吨/年催化重整装置
97.1,ST040002,℃,2025-11-02 08:00:00,10%平均蒸发温度T10%,延化120万吨/年催化重整装置
822.6,ST040002,<p>kg/m<sup>3</sup></p>,2025-11-02 08:00:00,密度,延化120万吨/年催化重整装置
198.8,ST040002,℃,2025-11-02 08:00:00,终馏点蒸发温度TFBP,延化120万吨/年催化重整装置
98.0,ST040002,<p>%</p>,2025-11-02 08:00:00,全馏,延化120万吨/年催化重整装置
0.8,ST040002,<p>%</p>,2025-11-02 08:00:00,平均残留百分数(B),延化120万吨/年催化重整装置
126.7,ST040002,℃,2025-11-02 08:00:00,50%平均蒸发温度T50%,延化120万吨/年催化重整装置
98.0,ST040002,<p>%</p>,2025-11-03 08:00:00,全馏,延化120万吨/年催化重整装置
821.9,ST040002,<p>kg/m<sup>3</sup></p>,2025-11-03 08:00:00,密度,延化120万吨/年催化重整装置
97.2,ST040002,℃,2025-11-03 08:00:00,10%平均蒸发温度T10%,延化120万吨/年催化重整装置
63.5,ST040002,℃,2025-11-03 08:00:00,初馏点蒸发温度 TIBP,延化120万吨/年催化重整装置
165.0,ST040002,℃,2025-11-03 08:00:00,90%平均蒸发温度T90%,延化120万吨/年催化重整装置
199.7,ST040002,℃,2025-11-03 08:00:00,终馏点蒸发温度TFBP,延化120万吨/年催化重整装置
0.8,ST040002,<p>%</p>,2025-11-03 08:00:00,平均残留百分数(B),延化120万吨/年催化重整装置
126.9,ST040002,℃,2025-11-03 08:00:00,50%平均蒸发温度T50%,延化120万吨/年催化重整装置
66.0,ST040002,℃,2025-11-04 08:00:00,初馏点蒸发温度 TIBP,延化120万吨/年催化重整装置
97.8,ST040002,℃,2025-11-04 08:00:00,10%平均蒸发温度T10%,延化120万吨/年催化重整装置
127.0,ST040002,℃,2025-11-04 08:00:00,50%平均蒸发温度T50%,延化120万吨/年催化重整装置
822.8,ST040002,<p>kg/m<sup>3</sup></p>,2025-11-04 08:00:00,密度,延化120万吨/年催化重整装置
199.4,ST040002,℃,2025-11-04 08:00:00,终馏点蒸发温度TFBP,延化120万吨/年催化重整装置
98.0,ST040002,<p>%</p>,2025-11-04 08:00:00,全馏,延化120万吨/年催化重整装置
0.8,ST040002,<p>%</p>,2025-11-04 08:00:00,平均残留百分数(B),延化120万吨/年催化重整装置
164.5,ST040002,℃,2025-11-04 08:00:00,90%平均蒸发温度T90%,延化120万吨/年催化重整装置
6.71,ST040002,<p>%</p>,2025-11-05 08:00:00,苯含量,延化120万吨/年催化重整装置
0.8,ST040002,<p>%</p>,2025-11-05 08:00:00,平均残留百分数(B),延化120万吨/年催化重整装置
12.94,ST040002,<p>%</p>,2025-11-05 08:00:00,异构烷烃,延化120万吨/年催化重整装置
19.53,ST040002,<p>%</p>,2025-11-05 08:00:00,烷烃含量,延化120万吨/年催化重整装置
0.74,ST040002,<p>%</p>,2025-11-05 08:00:00,烯烃含量,延化120万吨/年催化重整装置
1.43,ST040002,<p>%</p>,2025-11-05 08:00:00,环烷烃含量,延化120万吨/年催化重整装置
79.70,ST040002,<p>%</p>,2025-11-05 08:00:00,芳烃含量,延化120万吨/年催化重整装置
126.9,ST040002,℃,2025-11-05 08:00:00,50%平均蒸发温度T50%,延化120万吨/年催化重整装置
822.6,ST040002,<p>kg/m<sup>3</sup></p>,2025-11-05 08:00:00,密度,延化120万吨/年催化重整装置
64.8,ST040002,℃,2025-11-05 08:00:00,初馏点蒸发温度 TIBP,延化120万吨/年催化重整装置
97.6,ST040002,℃,2025-11-05 08:00:00,10%平均蒸发温度T10%,延化120万吨/年催化重整装置
164.7,ST040002,℃,2025-11-05 08:00:00,90%平均蒸发温度T90%,延化120万吨/年催化重整装置
199.4,ST040002,℃,2025-11-05 08:00:00,终馏点蒸发温度TFBP,延化120万吨/年催化重整装置
98.0,ST040002,<p>%</p>,2025-11-05 08:00:00,全馏,延化120万吨/年催化重整装置
5.16,ST040002,<p>%</p>,2025-11-05 08:00:00,正构烷烃,延化120万吨/年催化重整装置
164.4,ST040002,℃,2025-11-06 08:00:00,90%平均蒸发温度T90%,延化120万吨/年催化重整装置
64.4,ST040002,℃,2025-11-06 08:00:00,初馏点蒸发温度 TIBP,延化120万吨/年催化重整装置
97.4,ST040002,℃,2025-11-06 08:00:00,10%平均蒸发温度T10%,延化120万吨/年催化重整装置
822.5,ST040002,<p>kg/m<sup>3</sup></p>,2025-11-06 08:00:00,密度,延化120万吨/年催化重整装置
199.3,ST040002,℃,2025-11-06 08:00:00,终馏点蒸发温度TFBP,延化120万吨/年催化重整装置
98.0,ST040002,<p>%</p>,2025-11-06 08:00:00,全馏,延化120万吨/年催化重整装置
0.8,ST040002,<p>%</p>,2025-11-06 08:00:00,平均残留百分数(B),延化120万吨/年催化重整装置
126.9,ST040002,℃,2025-11-06 08:00:00,50%平均蒸发温度T50%,延化120万吨/年催化重整装置
819.6,ST040002,<p>kg/m<sup>3</sup></p>,2025-11-07 08:00:00,密度,延化120万吨/年催化重整装置
67.0,ST040002,℃,2025-11-07 08:00:00,初馏点蒸发温度 TIBP,延化120万吨/年催化重整装置
92.0,ST040002,℃,2025-11-07 08:00:00,10%平均蒸发温度T10%,延化120万吨/年催化重整装置
0.8,ST040002,<p>%</p>,2025-11-07 08:00:00,平均残留百分数(B),延化120万吨/年催化重整装置
164.0,ST040002,℃,2025-11-07 08:00:00,90%平均蒸发温度T90%,延化120万吨/年催化重整装置
195.0,ST040002,℃,2025-11-07 08:00:00,终馏点蒸发温度TFBP,延化120万吨/年催化重整装置
98.0,ST040002,<p>%</p>,2025-11-07 08:00:00,全馏,延化120万吨/年催化重整装置
125.0,ST040002,℃,2025-11-07 08:00:00,50%平均蒸发温度T50%,延化120万吨/年催化重整装置
66.4,ST040002,℃,2025-11-08 08:00:00,初馏点蒸发温度 TIBP,延化120万吨/年催化重整装置
97.7,ST040002,℃,2025-11-08 08:00:00,10%平均蒸发温度T10%,延化120万吨/年催化重整装置
127.1,ST040002,℃,2025-11-08 08:00:00,50%平均蒸发温度T50%,延化120万吨/年催化重整装置
819.0,ST040002,<p>kg/m<sup>3</sup></p>,2025-11-08 08:00:00,密度,延化120万吨/年催化重整装置
199.4,ST040002,℃,2025-11-08 08:00:00,终馏点蒸发温度TFBP,延化120万吨/年催化重整装置
98.0,ST040002,<p>%</p>,2025-11-08 08:00:00,全馏,延化120万吨/年催化重整装置
0.8,ST040002,<p>%</p>,2025-11-08 08:00:00,平均残留百分数(B),延化120万吨/年催化重整装置
164.8,ST040002,℃,2025-11-08 08:00:00,90%平均蒸发温度T90%,延化120万吨/年催化重整装置
65.2,ST040002,℃,2025-11-09 08:00:00,初馏点蒸发温度 TIBP,延化120万吨/年催化重整装置
97.4,ST040002,℃,2025-11-09 08:00:00,10%平均蒸发温度T10%,延化120万吨/年催化重整装置
127.1,ST040002,℃,2025-11-09 08:00:00,50%平均蒸发温度T50%,延化120万吨/年催化重整装置
818.6,ST040002,<p>kg/m<sup>3</sup></p>,2025-11-09 08:00:00,密度,延化120万吨/年催化重整装置
199.0,ST040002,℃,2025-11-09 08:00:00,终馏点蒸发温度TFBP,延化120万吨/年催化重整装置
98.0,ST040002,<p>%</p>,2025-11-09 08:00:00,全馏,延化120万吨/年催化重整装置
0.8,ST040002,<p>%</p>,2025-11-09 08:00:00,平均残留百分数(B),延化120万吨/年催化重整装置
164.6,ST040002,℃,2025-11-09 08:00:00,90%平均蒸发温度T90%,延化120万吨/年催化重整装置
818.9,ST040002,<p>kg/m<sup>3</sup></p>,2025-11-10 08:00:00,密度,延化120万吨/年催化重整装置
68.8,ST040002,℃,2025-11-10 08:00:00,初馏点蒸发温度 TIBP,延化120万吨/年催化重整装置
127.3,ST040002,℃,2025-11-10 08:00:00,50%平均蒸发温度T50%,延化120万吨/年催化重整装置
164.5,ST040002,℃,2025-11-10 08:00:00,90%平均蒸发温度T90%,延化120万吨/年催化重整装置
199.4,ST040002,℃,2025-11-10 08:00:00,终馏点蒸发温度TFBP,延化120万吨/年催化重整装置
98.0,ST040002,<p>%</p>,2025-11-10 08:00:00,全馏,延化120万吨/年催化重整装置
0.8,ST040002,<p>%</p>,2025-11-10 08:00:00,平均残留百分数(B),延化120万吨/年催化重整装置
98.4,ST040002,℃,2025-11-10 08:00:00,10%平均蒸发温度T10%,延化120万吨/年催化重整装置
164.9,ST040002,℃,2025-11-11 08:00:00,90%平均蒸发温度T90%,延化120万吨/年催化重整装置
819.0,ST040002,<p>kg/m<sup>3</sup></p>,2025-11-11 08:00:00,密度,延化120万吨/年催化重整装置
64.4,ST040002,℃,2025-11-11 08:00:00,初馏点蒸发温度 TIBP,延化120万吨/年催化重整装置
0.8,ST040002,<p>%</p>,2025-11-11 08:00:00,平均残留百分数(B),延化120万吨/年催化重整装置
127.1,ST040002,℃,2025-11-11 08:00:00,50%平均蒸发温度T50%,延化120万吨/年催化重整装置
199.7,ST040002,℃,2025-11-11 08:00:00,终馏点蒸发温度TFBP,延化120万吨/年催化重整装置
98.0,ST040002,<p>%</p>,2025-11-11 08:00:00,全馏,延化120万吨/年催化重整装置
97.1,ST040002,℃,2025-11-11 08:00:00,10%平均蒸发温度T10%,延化120万吨/年催化重整装置
65.3,ST040002,℃,2025-11-12 08:00:00,初馏点蒸发温度 TIBP,延化120万吨/年催化重整装置
13.64,ST040002,<p>%</p>,2025-11-12 08:00:00,异构烷烃,延化120万吨/年催化重整装置
126.9,ST040002,℃,2025-11-12 08:00:00,50%平均蒸发温度T50%,延化120万吨/年催化重整装置
164.4,ST040002,℃,2025-11-12 08:00:00,90%平均蒸发温度T90%,延化120万吨/年催化重整装置
199.5,ST040002,℃,2025-11-12 08:00:00,终馏点蒸发温度TFBP,延化120万吨/年催化重整装置
98.0,ST040002,<p>%</p>,2025-11-12 08:00:00,全馏,延化120万吨/年催化重整装置
0.8,ST040002,<p>%</p>,2025-11-12 08:00:00,平均残留百分数(B),延化120万吨/年催化重整装置
6.67,ST040002,<p>%</p>,2025-11-12 08:00:00,苯含量,延化120万吨/年催化重整装置
821.1,ST040002,<p>kg/m<sup>3</sup></p>,2025-11-12 08:00:00,密度,延化120万吨/年催化重整装置
20.66,ST040002,<p>%</p>,2025-11-12 08:00:00,烷烃含量,延化120万吨/年催化重整装置
0.79,ST040002,<p>%</p>,2025-11-12 08:00:00,烯烃含量,延化120万吨/年催化重整装置
1.61,ST040002,<p>%</p>,2025-11-12 08:00:00,环烷烃含量,延化120万吨/年催化重整装置
78.48,ST040002,<p>%</p>,2025-11-12 08:00:00,芳烃含量,延化120万吨/年催化重整装置
5.41,ST040002,<p>%</p>,2025-11-12 08:00:00,正构烷烃,延化120万吨/年催化重整装置
97.4,ST040002,℃,2025-11-12 08:00:00,10%平均蒸发温度T10%,延化120万吨/年催化重整装置
64.4,ST040002,℃,2025-11-13 08:00:00,初馏点蒸发温度 TIBP,延化120万吨/年催化重整装置
97.2,ST040002,℃,2025-11-13 08:00:00,10%平均蒸发温度T10%,延化120万吨/年催化重整装置
126.9,ST040002,℃,2025-11-13 08:00:00,50%平均蒸发温度T50%,延化120万吨/年催化重整装置
820.6,ST040002,<p>kg/m<sup>3</sup></p>,2025-11-13 08:00:00,密度,延化120万吨/年催化重整装置
199.7,ST040002,℃,2025-11-13 08:00:00,终馏点蒸发温度TFBP,延化120万吨/年催化重整装置
98.0,ST040002,<p>%</p>,2025-11-13 08:00:00,全馏,延化120万吨/年催化重整装置
0.8,ST040002,<p>%</p>,2025-11-13 08:00:00,平均残留百分数(B),延化120万吨/年催化重整装置
165.0,ST040002,℃,2025-11-13 08:00:00,90%平均蒸发温度T90%,延化120万吨/年催化重整装置
98.4,ST040002,<p>%</p>,2025-11-15 08:00:00,全馏,延化120万吨/年催化重整装置
200.5,ST040002,℃,2025-11-15 08:00:00,终馏点蒸发温度TFBP,延化120万吨/年催化重整装置
161.5,ST040002,℃,2025-11-15 08:00:00,90%平均蒸发温度T90%,延化120万吨/年催化重整装置
124.5,ST040002,℃,2025-11-15 08:00:00,50%平均蒸发温度T50%,延化120万吨/年催化重整装置
92.5,ST040002,℃,2025-11-15 08:00:00,10%平均蒸发温度T10%,延化120万吨/年催化重整装置
815.8,ST040002,<p>kg/m<sup>3</sup></p>,2025-11-15 08:00:00,密度,延化120万吨/年催化重整装置
0.8,ST040002,<p>%</p>,2025-11-15 08:00:00,校正损失百分数(LC),延化120万吨/年催化重整装置
0.8,ST040002,<p>%</p>,2025-11-15 08:00:00,校正损失百分数(LC),延化120万吨/年催化重整装置
98.4,ST040002,<p>%</p>,2025-11-15 08:00:00,校正回收百分数(RC),延化120万吨/年催化重整装置
98.4,ST040002,<p>%</p>,2025-11-15 08:00:00,校正回收百分数(RC),延化120万吨/年催化重整装置
69.0,ST040002,℃,2025-11-15 08:00:00,初馏点蒸发温度 TIBP,延化120万吨/年催化重整装置
62.1,ST040002,℃,2025-11-16 08:00:00,初馏点蒸发温度 TIBP,延化120万吨/年催化重整装置
98.0,ST040002,<p>%</p>,2025-11-16 08:00:00,全馏,延化120万吨/年催化重整装置
93.9,ST040002,℃,2025-11-16 08:00:00,10%平均蒸发温度T10%,延化120万吨/年催化重整装置
814.4,ST040002,<p>kg/m<sup>3</sup></p>,2025-11-16 08:00:00,密度,延化120万吨/年催化重整装置
165.0,ST040002,℃,2025-11-16 08:00:00,90%平均蒸发温度T90%,延化120万吨/年催化重整装置
199.8,ST040002,℃,2025-11-16 08:00:00,终馏点蒸发温度TFBP,延化120万吨/年催化重整装置
0.8,ST040002,<p>%</p>,2025-11-16 08:00:00,平均残留百分数(B),延化120万吨/年催化重整装置
128.1,ST040002,℃,2025-11-16 08:00:00,50%平均蒸发温度T50%,延化120万吨/年催化重整装置
817.9,ST040002,<p>kg/m<sup>3</sup></p>,2025-11-17 08:00:00,密度,延化120万吨/年催化重整装置
70.4,ST040002,℃,2025-11-17 08:00:00,初馏点蒸发温度 TIBP,延化120万吨/年催化重整装置
96.5,ST040002,℃,2025-11-17 08:00:00,10%平均蒸发温度T10%,延化120万吨/年催化重整装置
0.8,ST040002,<p>%</p>,2025-11-17 08:00:00,平均残留百分数(B),延化120万吨/年催化重整装置
165.0,ST040002,℃,2025-11-17 08:00:00,90%平均蒸发温度T90%,延化120万吨/年催化重整装置
199.7,ST040002,℃,2025-11-17 08:00:00,终馏点蒸发温度TFBP,延化120万吨/年催化重整装置
98.0,ST040002,<p>%</p>,2025-11-17 08:00:00,全馏,延化120万吨/年催化重整装置
127.3,ST040002,℃,2025-11-17 08:00:00,50%平均蒸发温度T50%,延化120万吨/年催化重整装置
165.0,ST040002,℃,2025-11-18 08:00:00,90%平均蒸发温度T90%,延化120万吨/年催化重整装置
70.2,ST040002,℃,2025-11-18 08:00:00,初馏点蒸发温度 TIBP,延化120万吨/年催化重整装置
97.0,ST040002,℃,2025-11-18 08:00:00,10%平均蒸发温度T10%,延化120万吨/年催化重整装置
0.8,ST040002,<p>%</p>,2025-11-18 08:00:00,平均残留百分数(B),延化120万吨/年催化重整装置
819.6,ST040002,<p>kg/m<sup>3</sup></p>,2025-11-18 08:00:00,密度,延化120万吨/年催化重整装置
200.3,ST040002,℃,2025-11-18 08:00:00,终馏点蒸发温度TFBP,延化120万吨/年催化重整装置
98.0,ST040002,<p>%</p>,2025-11-18 08:00:00,全馏,延化120万吨/年催化重整装置
127.2,ST040002,℃,2025-11-18 08:00:00,50%平均蒸发温度T50%,延化120万吨/年催化重整装置
166.0,ST040002,℃,2025-11-19 08:00:00,90%平均蒸发温度T90%,延化120万吨/年催化重整装置
5.28,ST040002,<p>%</p>,2025-11-19 08:00:00,正构烷烃,延化120万吨/年催化重整装置
97.2,ST040002,℃,2025-11-19 08:00:00,10%平均蒸发温度T10%,延化120万吨/年催化重整装置
127.1,ST040002,℃,2025-11-19 08:00:00,50%平均蒸发温度T50%,延化120万吨/年催化重整装置
200.5,ST040002,℃,2025-11-19 08:00:00,终馏点蒸发温度TFBP,延化120万吨/年催化重整装置
98.0,ST040002,<p>%</p>,2025-11-19 08:00:00,全馏,延化120万吨/年催化重整装置
0.8,ST040002,<p>%</p>,2025-11-19 08:00:00,平均残留百分数(B),延化120万吨/年催化重整装置
820.8,ST040002,<p>kg/m<sup>3</sup></p>,2025-11-19 08:00:00,密度,延化120万吨/年催化重整装置
13.79,ST040002,<p>%</p>,2025-11-19 08:00:00,异构烷烃,延化120万吨/年催化重整装置
20.57,ST040002,<p>%</p>,2025-11-19 08:00:00,烷烃含量,延化120万吨/年催化重整装置
0.78,ST040002,<p>%</p>,2025-11-19 08:00:00,烯烃含量,延化120万吨/年催化重整装置
1.50,ST040002,<p>%</p>,2025-11-19 08:00:00,环烷烃含量,延化120万吨/年催化重整装置
78.40,ST040002,<p>%</p>,2025-11-19 08:00:00,芳烃含量,延化120万吨/年催化重整装置
6.78,ST040002,<p>%</p>,2025-11-19 08:00:00,苯含量,延化120万吨/年催化重整装置
70.2,ST040002,℃,2025-11-19 08:00:00,初馏点蒸发温度 TIBP,延化120万吨/年催化重整装置
166.0,ST040002,℃,2025-11-20 08:00:00,90%平均蒸发温度T90%,延化120万吨/年催化重整装置
63.4,ST040002,℃,2025-11-20 08:00:00,初馏点蒸发温度 TIBP,延化120万吨/年催化重整装置
95.4,ST040002,℃,2025-11-20 08:00:00,10%平均蒸发温度T10%,延化120万吨/年催化重整装置
819.0,ST040002,<p>kg/m<sup>3</sup></p>,2025-11-20 08:00:00,密度,延化120万吨/年催化重整装置
200.3,ST040002,℃,2025-11-20 08:00:00,终馏点蒸发温度TFBP,延化120万吨/年催化重整装置
98.0,ST040002,<p>%</p>,2025-11-20 08:00:00,全馏,延化120万吨/年催化重整装置
0.8,ST040002,<p>%</p>,2025-11-20 08:00:00,平均残留百分数(B),延化120万吨/年催化重整装置
127.1,ST040002,℃,2025-11-20 08:00:00,50%平均蒸发温度T50%,延化120万吨/年催化重整装置
819.1,ST040002,<p>kg/m<sup>3</sup></p>,2025-11-21 08:00:00,密度,延化120万吨/年催化重整装置
63.9,ST040002,℃,2025-11-21 08:00:00,初馏点蒸发温度 TIBP,延化120万吨/年催化重整装置
96.0,ST040002,℃,2025-11-21 08:00:00,10%平均蒸发温度T10%,延化120万吨/年催化重整装置
0.8,ST040002,<p>%</p>,2025-11-21 08:00:00,平均残留百分数(B),延化120万吨/年催化重整装置
166.8,ST040002,℃,2025-11-21 08:00:00,90%平均蒸发温度T90%,延化120万吨/年催化重整装置
200.7,ST040002,℃,2025-11-21 08:00:00,终馏点蒸发温度TFBP,延化120万吨/年催化重整装置
98.0,ST040002,<p>%</p>,2025-11-21 08:00:00,全馏,延化120万吨/年催化重整装置
127.3,ST040002,℃,2025-11-21 08:00:00,50%平均蒸发温度T50%,延化120万吨/年催化重整装置
127.0,ST040002,℃,2025-11-22 08:00:00,50%平均蒸发温度T50%,延化120万吨/年催化重整装置
65.0,ST040002,℃,2025-11-22 08:00:00,初馏点蒸发温度 TIBP,延化120万吨/年催化重整装置
96.2,ST040002,℃,2025-11-22 08:00:00,10%平均蒸发温度T10%,延化120万吨/年催化重整装置
819.2,ST040002,<p>kg/m<sup>3</sup></p>,2025-11-22 08:00:00,密度,延化120万吨/年催化重整装置
200.1,ST040002,℃,2025-11-22 08:00:00,终馏点蒸发温度TFBP,延化120万吨/年催化重整装置
98.0,ST040002,<p>%</p>,2025-11-22 08:00:00,全馏,延化120万吨/年催化重整装置
0.8,ST040002,<p>%</p>,2025-11-22 08:00:00,平均残留百分数(B),延化120万吨/年催化重整装置
165.8,ST040002,℃,2025-11-22 08:00:00,90%平均蒸发温度T90%,延化120万吨/年催化重整装置
819.4,ST040002,<p>kg/m<sup>3</sup></p>,2025-11-23 08:00:00,密度,延化120万吨/年催化重整装置
65.0,ST040002,℃,2025-11-23 08:00:00,初馏点蒸发温度 TIBP,延化120万吨/年催化重整装置
96.3,ST040002,℃,2025-11-23 08:00:00,10%平均蒸发温度T10%,延化120万吨/年催化重整装置
0.8,ST040002,<p>%</p>,2025-11-23 08:00:00,平均残留百分数(B),延化120万吨/年催化重整装置
165.8,ST040002,℃,2025-11-23 08:00:00,90%平均蒸发温度T90%,延化120万吨/年催化重整装置
199.9,ST040002,℃,2025-11-23 08:00:00,终馏点蒸发温度TFBP,延化120万吨/年催化重整装置
98.0,ST040002,<p>%</p>,2025-11-23 08:00:00,全馏,延化120万吨/年催化重整装置
127.1,ST040002,℃,2025-11-23 08:00:00,50%平均蒸发温度T50%,延化120万吨/年催化重整装置
64.2,ST040002,℃,2025-11-24 08:00:00,初馏点蒸发温度 TIBP,延化120万吨/年催化重整装置
95.8,ST040002,℃,2025-11-24 08:00:00,10%平均蒸发温度T10%,延化120万吨/年催化重整装置
0.8,ST040002,<p>%</p>,2025-11-24 08:00:00,平均残留百分数(B),延化120万吨/年催化重整装置
819.3,ST040002,<p>kg/m<sup>3</sup></p>,2025-11-24 08:00:00,密度,延化120万吨/年催化重整装置
165.8,ST040002,℃,2025-11-24 08:00:00,90%平均蒸发温度T90%,延化120万吨/年催化重整装置
199.8,ST040002,℃,2025-11-24 08:00:00,终馏点蒸发温度TFBP,延化120万吨/年催化重整装置
98.0,ST040002,<p>%</p>,2025-11-24 08:00:00,全馏,延化120万吨/年催化重整装置
126.9,ST040002,℃,2025-11-24 08:00:00,50%平均蒸发温度T50%,延化120万吨/年催化重整装置
817.5,ST040002,<p>kg/m<sup>3</sup></p>,2025-11-25 08:00:00,密度,延化120万吨/年催化重整装置
166.9,ST040002,℃,2025-11-25 08:00:00,90%平均蒸发温度T90%,延化120万吨/年催化重整装置
64.6,ST040002,℃,2025-11-25 08:00:00,初馏点蒸发温度 TIBP,延化120万吨/年催化重整装置
0.8,ST040002,<p>%</p>,2025-11-25 08:00:00,平均残留百分数(B),延化120万吨/年催化重整装置
127.2,ST040002,℃,2025-11-25 08:00:00,50%平均蒸发温度T50%,延化120万吨/年催化重整装置
200.9,ST040002,℃,2025-11-25 08:00:00,终馏点蒸发温度TFBP,延化120万吨/年催化重整装置
98.0,ST040002,<p>%</p>,2025-11-25 08:00:00,全馏,延化120万吨/年催化重整装置
95.6,ST040002,℃,2025-11-25 08:00:00,10%平均蒸发温度T10%,延化120万吨/年催化重整装置
1.59,ST040002,<p>%</p>,2025-11-26 08:00:00,环烷烃含量,延化120万吨/年催化重整装置
0.8,ST040002,<p>%</p>,2025-11-26 08:00:00,平均残留百分数(B),延化120万吨/年催化重整装置
5.78,ST040002,<p>%</p>,2025-11-26 08:00:00,正构烷烃,延化120万吨/年催化重整装置
14.63,ST040002,<p>%</p>,2025-11-26 08:00:00,异构烷烃,延化120万吨/年催化重整装置
22.00,ST040002,<p>%</p>,2025-11-26 08:00:00,烷烃含量,延化120万吨/年催化重整装置
0.83,ST040002,<p>%</p>,2025-11-26 08:00:00,烯烃含量,延化120万吨/年催化重整装置
77.12,ST040002,<p>%</p>,2025-11-26 08:00:00,芳烃含量,延化120万吨/年催化重整装置
6.28,ST040002,<p>%</p>,2025-11-26 08:00:00,苯含量,延化120万吨/年催化重整装置
65.0,ST040002,℃,2025-11-26 08:00:00,初馏点蒸发温度 TIBP,延化120万吨/年催化重整装置
96.0,ST040002,℃,2025-11-26 08:00:00,10%平均蒸发温度T10%,延化120万吨/年催化重整装置
127.0,ST040002,℃,2025-11-26 08:00:00,50%平均蒸发温度T50%,延化120万吨/年催化重整装置
165.1,ST040002,℃,2025-11-26 08:00:00,90%平均蒸发温度T90%,延化120万吨/年催化重整装置
199.8,ST040002,℃,2025-11-26 08:00:00,终馏点蒸发温度TFBP,延化120万吨/年催化重整装置
98.0,ST040002,<p>%</p>,2025-11-26 08:00:00,全馏,延化120万吨/年催化重整装置
816.6,ST040002,<p>kg/m<sup>3</sup></p>,2025-11-26 08:00:00,密度,延化120万吨/年催化重整装置
65.0,ST040002,℃,2025-11-27 08:00:00,初馏点蒸发温度 TIBP,延化120万吨/年催化重整装置
95.7,ST040002,℃,2025-11-27 08:00:00,10%平均蒸发温度T10%,延化120万吨/年催化重整装置
127.0,ST040002,℃,2025-11-27 08:00:00,50%平均蒸发温度T50%,延化120万吨/年催化重整装置
816.4,ST040002,<p>kg/m<sup>3</sup></p>,2025-11-27 08:00:00,密度,延化120万吨/年催化重整装置
197.8,ST040002,℃,2025-11-27 08:00:00,终馏点蒸发温度TFBP,延化120万吨/年催化重整装置
98.0,ST040002,<p>%</p>,2025-11-27 08:00:00,全馏,延化120万吨/年催化重整装置
0.8,ST040002,<p>%</p>,2025-11-27 08:00:00,平均残留百分数(B),延化120万吨/年催化重整装置
164.7,ST040002,℃,2025-11-27 08:00:00,90%平均蒸发温度T90%,延化120万吨/年催化重整装置
199.8,ST040002,℃,2025-11-28 08:00:00,终馏点蒸发温度TFBP,延化120万吨/年催化重整装置
69.4,ST040002,℃,2025-11-28 08:00:00,初馏点蒸发温度 TIBP,延化120万吨/年催化重整装置
97.8,ST040002,℃,2025-11-28 08:00:00,10%平均蒸发温度T10%,延化120万吨/年催化重整装置
816.5,ST040002,<p>kg/m<sup>3</sup></p>,2025-11-28 08:00:00,密度,延化120万吨/年催化重整装置
166.2,ST040002,℃,2025-11-28 08:00:00,90%平均蒸发温度T90%,延化120万吨/年催化重整装置
98.0,ST040002,<p>%</p>,2025-11-28 08:00:00,全馏,延化120万吨/年催化重整装置
0.8,ST040002,<p>%</p>,2025-11-28 08:00:00,平均残留百分数(B),延化120万吨/年催化重整装置
127.4,ST040002,℃,2025-11-28 08:00:00,50%平均蒸发温度T50%,延化120万吨/年催化重整装置
68.4,ST040002,℃,2025-11-29 08:00:00,初馏点蒸发温度 TIBP,延化120万吨/年催化重整装置
95.6,ST040002,℃,2025-11-29 08:00:00,10%平均蒸发温度T10%,延化120万吨/年催化重整装置
127.1,ST040002,℃,2025-11-29 08:00:00,50%平均蒸发温度T50%,延化120万吨/年催化重整装置
816.4,ST040002,<p>kg/m<sup>3</sup></p>,2025-11-29 08:00:00,密度,延化120万吨/年催化重整装置
199.5,ST040002,℃,2025-11-29 08:00:00,终馏点蒸发温度TFBP,延化120万吨/年催化重整装置
98.0,ST040002,<p>%</p>,2025-11-29 08:00:00,全馏,延化120万吨/年催化重整装置
0.8,ST040002,<p>%</p>,2025-11-29 08:00:00,平均残留百分数(B),延化120万吨/年催化重整装置
165.3,ST040002,℃,2025-11-29 08:00:00,90%平均蒸发温度T90%,延化120万吨/年催化重整装置
65.0,ST040002,℃,2025-11-30 08:00:00,初馏点蒸发温度 TIBP,延化120万吨/年催化重整装置
95.4,ST040002,℃,2025-11-30 08:00:00,10%平均蒸发温度T10%,延化120万吨/年催化重整装置
127.4,ST040002,℃,2025-11-30 08:00:00,50%平均蒸发温度T50%,延化120万吨/年催化重整装置
815.8,ST040002,<p>kg/m<sup>3</sup></p>,2025-11-30 08:00:00,密度,延化120万吨/年催化重整装置
199.5,ST040002,℃,2025-11-30 08:00:00,终馏点蒸发温度TFBP,延化120万吨/年催化重整装置
98.0,ST040002,<p>%</p>,2025-11-30 08:00:00,全馏,延化120万吨/年催化重整装置
0.8,ST040002,<p>%</p>,2025-11-30 08:00:00,平均残留百分数(B),延化120万吨/年催化重整装置
165.4,ST040002,℃,2025-11-30 08:00:00,90%平均蒸发温度T90%,延化120万吨/年催化重整装置
816.0,ST040002,<p>kg/m<sup>3</sup></p>,2025-12-01 08:00:00,密度,延化120万吨/年催化重整装置
65.8,ST040002,℃,2025-12-01 08:00:00,初馏点蒸发温度 TIBP,延化120万吨/年催化重整装置
95.9,ST040002,℃,2025-12-01 08:00:00,10%平均蒸发温度T10%,延化120万吨/年催化重整装置
127.5,ST040002,℃,2025-12-01 08:00:00,50%平均蒸发温度T50%,延化120万吨/年催化重整装置
165.1,ST040002,℃,2025-12-01 08:00:00,90%平均蒸发温度T90%,延化120万吨/年催化重整装置
98.0,ST040002,<p>%</p>,2025-12-01 08:00:00,全馏,延化120万吨/年催化重整装置
199.0,ST040002,℃,2025-12-01 08:00:00,终馏点蒸发温度TFBP,延化120万吨/年催化重整装置
0.8,ST040002,<p>%</p>,2025-12-01 08:00:00,平均残留百分数(B),延化120万吨/年催化重整装置
0.8,ST040002,<p>%</p>,2025-12-02 08:00:00,平均残留百分数(B),延化120万吨/年催化重整装置
817.0,ST040002,<p>kg/m<sup>3</sup></p>,2025-12-02 08:00:00,密度,延化120万吨/年催化重整装置
164.5,ST040002,℃,2025-12-02 08:00:00,90%平均蒸发温度T90%,延化120万吨/年催化重整装置
62.2,ST040002,℃,2025-12-02 08:00:00,初馏点蒸发温度 TIBP,延化120万吨/年催化重整装置
95.5,ST040002,℃,2025-12-02 08:00:00,10%平均蒸发温度T10%,延化120万吨/年催化重整装置
127.3,ST040002,℃,2025-12-02 08:00:00,50%平均蒸发温度T50%,延化120万吨/年催化重整装置
198.7,ST040002,℃,2025-12-02 08:00:00,终馏点蒸发温度TFBP,延化120万吨/年催化重整装置
98.0,ST040002,<p>%</p>,2025-12-02 08:00:00,全馏,延化120万吨/年催化重整装置
0.8,ST040002,<p>%</p>,2025-12-03 08:00:00,平均残留百分数(B),延化120万吨/年催化重整装置
98.0,ST040002,<p>%</p>,2025-12-03 08:00:00,全馏,延化120万吨/年催化重整装置
164.6,ST040002,℃,2025-12-03 08:00:00,90%平均蒸发温度T90%,延化120万吨/年催化重整装置
127.3,ST040002,℃,2025-12-03 08:00:00,50%平均蒸发温度T50%,延化120万吨/年催化重整装置
95.9,ST040002,℃,2025-12-03 08:00:00,10%平均蒸发温度T10%,延化120万吨/年催化重整装置
65.1,ST040002,℃,2025-12-03 08:00:00,初馏点蒸发温度 TIBP,延化120万吨/年催化重整装置
816.5,ST040002,<p>kg/m<sup>3</sup></p>,2025-12-03 08:00:00,密度,延化120万吨/年催化重整装置
6.16,ST040002,<p>%</p>,2025-12-03 08:00:00,苯含量,延化120万吨/年催化重整装置
76.93,ST040002,<p>%</p>,2025-12-03 08:00:00,芳烃含量,延化120万吨/年催化重整装置
198.4,ST040002,℃,2025-12-03 08:00:00,终馏点蒸发温度TFBP,延化120万吨/年催化重整装置
22.09,ST040002,<p>%</p>,2025-12-03 08:00:00,烷烃含量,延化120万吨/年催化重整装置
14.69,ST040002,<p>%</p>,2025-12-03 08:00:00,异构烷烃,延化120万吨/年催化重整装置
5.70,ST040002,<p>%</p>,2025-12-03 08:00:00,正构烷烃,延化120万吨/年催化重整装置
1.70,ST040002,<p>%</p>,2025-12-03 08:00:00,环烷烃含量,延化120万吨/年催化重整装置
0.81,ST040002,<p>%</p>,2025-12-03 08:00:00,烯烃含量,延化120万吨/年催化重整装置
196.8,ST040002,℃,2025-12-04 08:00:00,终馏点蒸发温度TFBP,延化120万吨/年催化重整装置
95.8,ST040002,℃,2025-12-04 08:00:00,10%平均蒸发温度T10%,延化120万吨/年催化重整装置
127.9,ST040002,℃,2025-12-04 08:00:00,50%平均蒸发温度T50%,延化120万吨/年催化重整装置
163.6,ST040002,℃,2025-12-04 08:00:00,90%平均蒸发温度T90%,延化120万吨/年催化重整装置
98.0,ST040002,<p>%</p>,2025-12-04 08:00:00,全馏,延化120万吨/年催化重整装置
0.8,ST040002,<p>%</p>,2025-12-04 08:00:00,平均残留百分数(B),延化120万吨/年催化重整装置
814.9,ST040002,<p>kg/m<sup>3</sup></p>,2025-12-04 08:00:00,密度,延化120万吨/年催化重整装置
65.8,ST040002,℃,2025-12-04 08:00:00,初馏点蒸发温度 TIBP,延化120万吨/年催化重整装置
64.3,ST040002,℃,2025-12-05 08:00:00,初馏点蒸发温度 TIBP,延化120万吨/年催化重整装置
95.7,ST040002,℃,2025-12-05 08:00:00,10%平均蒸发温度T10%,延化120万吨/年催化重整装置
127.0,ST040002,℃,2025-12-05 08:00:00,50%平均蒸发温度T50%,延化120万吨/年催化重整装置
164.2,ST040002,℃,2025-12-05 08:00:00,90%平均蒸发温度T90%,延化120万吨/年催化重整装置
197.6,ST040002,℃,2025-12-05 08:00:00,终馏点蒸发温度TFBP,延化120万吨/年催化重整装置
98.0,ST040002,<p>%</p>,2025-12-05 08:00:00,全馏,延化120万吨/年催化重整装置
0.8,ST040002,<p>%</p>,2025-12-05 08:00:00,平均残留百分数(B),延化120万吨/年催化重整装置
815.8,ST040002,<p>kg/m<sup>3</sup></p>,2025-12-05 08:00:00,密度,延化120万吨/年催化重整装置
816.6,ST040002,<p>kg/m<sup>3</sup></p>,2025-12-06 08:00:00,密度,延化120万吨/年催化重整装置
196.4,ST040002,℃,2025-12-06 08:00:00,终馏点蒸发温度TFBP,延化120万吨/年催化重整装置
64.3,ST040002,℃,2025-12-06 08:00:00,初馏点蒸发温度 TIBP,延化120万吨/年催化重整装置
0.8,ST040002,<p>%</p>,2025-12-06 08:00:00,平均残留百分数(B),延化120万吨/年催化重整装置
127.0,ST040002,℃,2025-12-06 08:00:00,50%平均蒸发温度T50%,延化120万吨/年催化重整装置
162.8,ST040002,℃,2025-12-06 08:00:00,90%平均蒸发温度T90%,延化120万吨/年催化重整装置
98.0,ST040002,<p>%</p>,2025-12-06 08:00:00,全馏,延化120万吨/年催化重整装置
95.5,ST040002,℃,2025-12-06 08:00:00,10%平均蒸发温度T10%,延化120万吨/年催化重整装置
818.0,ST040002,<p>kg/m<sup>3</sup></p>,2025-12-07 08:00:00,密度,延化120万吨/年催化重整装置
98.0,ST040002,<p>%</p>,2025-12-07 08:00:00,全馏,延化120万吨/年催化重整装置
64.4,ST040002,℃,2025-12-07 08:00:00,初馏点蒸发温度 TIBP,延化120万吨/年催化重整装置
0.8,ST040002,<p>%</p>,2025-12-07 08:00:00,平均残留百分数(B),延化120万吨/年催化重整装置
126.6,ST040002,℃,2025-12-07 08:00:00,50%平均蒸发温度T50%,延化120万吨/年催化重整装置
163.2,ST040002,℃,2025-12-07 08:00:00,90%平均蒸发温度T90%,延化120万吨/年催化重整装置
197.0,ST040002,℃,2025-12-07 08:00:00,终馏点蒸发温度TFBP,延化120万吨/年催化重整装置
96.2,ST040002,℃,2025-12-07 08:00:00,10%平均蒸发温度T10%,延化120万吨/年催化重整装置
96.9,ST040002,℃,2025-12-08 08:00:00,10%平均蒸发温度T10%,延化120万吨/年催化重整装置
126.6,ST040002,℃,2025-12-08 08:00:00,50%平均蒸发温度T50%,延化120万吨/年催化重整装置
197.2,ST040002,℃,2025-12-08 08:00:00,终馏点蒸发温度TFBP,延化120万吨/年催化重整装置
65.1,ST040002,℃,2025-12-08 08:00:00,初馏点蒸发温度 TIBP,延化120万吨/年催化重整装置
0.8,ST040002,<p>%</p>,2025-12-08 08:00:00,平均残留百分数(B),延化120万吨/年催化重整装置
818.6,ST040002,<p>kg/m<sup>3</sup></p>,2025-12-08 08:00:00,密度,延化120万吨/年催化重整装置
162.8,ST040002,℃,2025-12-08 08:00:00,90%平均蒸发温度T90%,延化120万吨/年催化重整装置
98.0,ST040002,<p>%</p>,2025-12-08 08:00:00,全馏,延化120万吨/年催化重整装置
816.8,ST040002,<p>kg/m<sup>3</sup></p>,2025-12-09 08:00:00,密度,延化120万吨/年催化重整装置
65.9,ST040002,℃,2025-12-09 08:00:00,初馏点蒸发温度 TIBP,延化120万吨/年催化重整装置
96.5,ST040002,℃,2025-12-09 08:00:00,10%平均蒸发温度T10%,延化120万吨/年催化重整装置
0.8,ST040002,<p>%</p>,2025-12-09 08:00:00,平均残留百分数(B),延化120万吨/年催化重整装置
162.6,ST040002,℃,2025-12-09 08:00:00,90%平均蒸发温度T90%,延化120万吨/年催化重整装置
196.6,ST040002,℃,2025-12-09 08:00:00,终馏点蒸发温度TFBP,延化120万吨/年催化重整装置
98.0,ST040002,<p>%</p>,2025-12-09 08:00:00,全馏,延化120万吨/年催化重整装置
126.5,ST040002,℃,2025-12-09 08:00:00,50%平均蒸发温度T50%,延化120万吨/年催化重整装置
1.69,ST040002,<p>%</p>,2025-12-10 08:00:00,环烷烃含量,延化120万吨/年催化重整装置
0.8,ST040002,<p>%</p>,2025-12-10 08:00:00,平均残留百分数(B),延化120万吨/年催化重整装置
14.38,ST040002,<p>%</p>,2025-12-10 08:00:00,异构烷烃,延化120万吨/年催化重整装置
21.90,ST040002,<p>%</p>,2025-12-10 08:00:00,烷烃含量,延化120万吨/年催化重整装置
0.87,ST040002,<p>%</p>,2025-12-10 08:00:00,烯烃含量,延化120万吨/年催化重整装置
77.21,ST040002,<p>%</p>,2025-12-10 08:00:00,芳烃含量,延化120万吨/年催化重整装置
98.0,ST040002,<p>%</p>,2025-12-10 08:00:00,全馏,延化120万吨/年催化重整装置
6.45,ST040002,<p>%</p>,2025-12-10 08:00:00,苯含量,延化120万吨/年催化重整装置
816.9,ST040002,<p>kg/m<sup>3</sup></p>,2025-12-10 08:00:00,密度,延化120万吨/年催化重整装置
65.4,ST040002,℃,2025-12-10 08:00:00,初馏点蒸发温度 TIBP,延化120万吨/年催化重整装置
96.0,ST040002,℃,2025-12-10 08:00:00,10%平均蒸发温度T10%,延化120万吨/年催化重整装置
125.8,ST040002,℃,2025-12-10 08:00:00,50%平均蒸发温度T50%,延化120万吨/年催化重整装置
162.2,ST040002,℃,2025-12-10 08:00:00,90%平均蒸发温度T90%,延化120万吨/年催化重整装置
196.5,ST040002,℃,2025-12-10 08:00:00,终馏点蒸发温度TFBP,延化120万吨/年催化重整装置
5.83,ST040002,<p>%</p>,2025-12-10 08:00:00,正构烷烃,延化120万吨/年催化重整装置
98.0,ST040002,<p>%</p>,2025-12-11 08:00:00,全馏,延化120万吨/年催化重整装置
816.8,ST040002,<p>kg/m<sup>3</sup></p>,2025-12-11 08:00:00,密度,延化120万吨/年催化重整装置
163.9,ST040002,℃,2025-12-11 08:00:00,90%平均蒸发温度T90%,延化120万吨/年催化重整装置
127.4,ST040002,℃,2025-12-11 08:00:00,50%平均蒸发温度T50%,延化120万吨/年催化重整装置
0.8,ST040002,<p>%</p>,2025-12-11 08:00:00,平均残留百分数(B),延化120万吨/年催化重整装置
69.4,ST040002,℃,2025-12-11 08:00:00,初馏点蒸发温度 TIBP,延化120万吨/年催化重整装置
98.1,ST040002,℃,2025-12-11 08:00:00,10%平均蒸发温度T10%,延化120万吨/年催化重整装置
197.2,ST040002,℃,2025-12-11 08:00:00,终馏点蒸发温度TFBP,延化120万吨/年催化重整装置
816.8,ST040002,<p>kg/m<sup>3</sup></p>,2025-12-12 08:00:00,密度,延化120万吨/年催化重整装置
98.0,ST040002,<p>%</p>,2025-12-12 08:00:00,全馏,延化120万吨/年催化重整装置
0.8,ST040002,<p>%</p>,2025-12-12 08:00:00,平均残留百分数(B),延化120万吨/年催化重整装置
196.3,ST040002,℃,2025-12-12 08:00:00,终馏点蒸发温度TFBP,延化120万吨/年催化重整装置
95.8,ST040002,℃,2025-12-12 08:00:00,10%平均蒸发温度T10%,延化120万吨/年催化重整装置
126.5,ST040002,℃,2025-12-12 08:00:00,50%平均蒸发温度T50%,延化120万吨/年催化重整装置
162.4,ST040002,℃,2025-12-12 08:00:00,90%平均蒸发温度T90%,延化120万吨/年催化重整装置
66.1,ST040002,℃,2025-12-12 08:00:00,初馏点蒸发温度 TIBP,延化120万吨/年催化重整装置
98.0,ST040002,<p>%</p>,2025-12-13 08:00:00,全馏,延化120万吨/年催化重整装置
64.7,ST040002,℃,2025-12-13 08:00:00,初馏点蒸发温度 TIBP,延化120万吨/年催化重整装置
95.6,ST040002,℃,2025-12-13 08:00:00,10%平均蒸发温度T10%,延化120万吨/年催化重整装置
817.3,ST040002,<p>kg/m<sup>3</sup></p>,2025-12-13 08:00:00,密度,延化120万吨/年催化重整装置
162.6,ST040002,℃,2025-12-13 08:00:00,90%平均蒸发温度T90%,延化120万吨/年催化重整装置
196.3,ST040002,℃,2025-12-13 08:00:00,终馏点蒸发温度TFBP,延化120万吨/年催化重整装置
0.8,ST040002,<p>%</p>,2025-12-13 08:00:00,平均残留百分数(B),延化120万吨/年催化重整装置
126.2,ST040002,℃,2025-12-13 08:00:00,50%平均蒸发温度T50%,延化120万吨/年催化重整装置
817.5,ST040002,<p>kg/m<sup>3</sup></p>,2025-12-14 08:00:00,密度,延化120万吨/年催化重整装置
64.4,ST040002,℃,2025-12-14 08:00:00,初馏点蒸发温度 TIBP,延化120万吨/年催化重整装置
96.6,ST040002,℃,2025-12-14 08:00:00,10%平均蒸发温度T10%,延化120万吨/年催化重整装置
0.8,ST040002,<p>%</p>,2025-12-14 08:00:00,平均残留百分数(B),延化120万吨/年催化重整装置
162.2,ST040002,℃,2025-12-14 08:00:00,90%平均蒸发温度T90%,延化120万吨/年催化重整装置
196.3,ST040002,℃,2025-12-14 08:00:00,终馏点蒸发温度TFBP,延化120万吨/年催化重整装置
98.0,ST040002,<p>%</p>,2025-12-14 08:00:00,全馏,延化120万吨/年催化重整装置
125.7,ST040002,℃,2025-12-14 08:00:00,50%平均蒸发温度T50%,延化120万吨/年催化重整装置
96.5,ST040002,℃,2025-12-15 08:00:00,10%平均蒸发温度T10%,延化120万吨/年催化重整装置
124.1,ST040002,℃,2025-12-15 08:00:00,50%平均蒸发温度T50%,延化120万吨/年催化重整装置
161.9,ST040002,℃,2025-12-15 08:00:00,90%平均蒸发温度T90%,延化120万吨/年催化重整装置
66.2,ST040002,℃,2025-12-15 08:00:00,初馏点蒸发温度 TIBP,延化120万吨/年催化重整装置
98.0,ST040002,<p>%</p>,2025-12-15 08:00:00,全馏,延化120万吨/年催化重整装置
0.8,ST040002,<p>%</p>,2025-12-15 08:00:00,平均残留百分数(B),延化120万吨/年催化重整装置
817.2,ST040002,<p>kg/m<sup>3</sup></p>,2025-12-15 08:00:00,密度,延化120万吨/年催化重整装置
196.5,ST040002,℃,2025-12-15 08:00:00,终馏点蒸发温度TFBP,延化120万吨/年催化重整装置
68.1,ST040002,℃,2025-12-16 08:00:00,初馏点蒸发温度 TIBP,延化120万吨/年催化重整装置
96.9,ST040002,℃,2025-12-16 08:00:00,10%平均蒸发温度T10%,延化120万吨/年催化重整装置
123.3,ST040002,℃,2025-12-16 08:00:00,50%平均蒸发温度T50%,延化120万吨/年催化重整装置
816.9,ST040002,<p>kg/m<sup>3</sup></p>,2025-12-16 08:00:00,密度,延化120万吨/年催化重整装置
196.4,ST040002,℃,2025-12-16 08:00:00,终馏点蒸发温度TFBP,延化120万吨/年催化重整装置
98.0,ST040002,<p>%</p>,2025-12-16 08:00:00,全馏,延化120万吨/年催化重整装置
0.8,ST040002,<p>%</p>,2025-12-16 08:00:00,平均残留百分数(B),延化120万吨/年催化重整装置
161.6,ST040002,℃,2025-12-16 08:00:00,90%平均蒸发温度T90%,延化120万吨/年催化重整装置
64.3,ST040002,℃,2025-12-17 08:00:00,初馏点蒸发温度 TIBP,延化120万吨/年催化重整装置
6.47,ST040002,<p>%</p>,2025-12-17 08:00:00,苯含量,延化120万吨/年催化重整装置
126.9,ST040002,℃,2025-12-17 08:00:00,50%平均蒸发温度T50%,延化120万吨/年催化重整装置
162.8,ST040002,℃,2025-12-17 08:00:00,90%平均蒸发温度T90%,延化120万吨/年催化重整装置
196.5,ST040002,℃,2025-12-17 08:00:00,终馏点蒸发温度TFBP,延化120万吨/年催化重整装置
98.0,ST040002,<p>%</p>,2025-12-17 08:00:00,全馏,延化120万吨/年催化重整装置
0.8,ST040002,<p>%</p>,2025-12-17 08:00:00,平均残留百分数(B),延化120万吨/年催化重整装置
817.7,ST040002,<p>kg/m<sup>3</sup></p>,2025-12-17 08:00:00,密度,延化120万吨/年催化重整装置
77.76,ST040002,<p>%</p>,2025-12-17 08:00:00,芳烃含量,延化120万吨/年催化重整装置
5.49,ST040002,<p>%</p>,2025-12-17 08:00:00,正构烷烃,延化120万吨/年催化重整装置
14.12,ST040002,<p>%</p>,2025-12-17 08:00:00,异构烷烃,延化120万吨/年催化重整装置
21.22,ST040002,<p>%</p>,2025-12-17 08:00:00,烷烃含量,延化120万吨/年催化重整装置
0.84,ST040002,<p>%</p>,2025-12-17 08:00:00,烯烃含量,延化120万吨/年催化重整装置
1.61,ST040002,<p>%</p>,2025-12-17 08:00:00,环烷烃含量,延化120万吨/年催化重整装置
95.7,ST040002,℃,2025-12-17 08:00:00,10%平均蒸发温度T10%,延化120万吨/年催化重整装置
816.7,ST040002,<p>kg/m<sup>3</sup></p>,2025-12-18 08:00:00,密度,延化120万吨/年催化重整装置
163.0,ST040002,℃,2025-12-18 08:00:00,90%平均蒸发温度T90%,延化120万吨/年催化重整装置
65.1,ST040002,℃,2025-12-18 08:00:00,初馏点蒸发温度 TIBP,延化120万吨/年催化重整装置
0.8,ST040002,<p>%</p>,2025-12-18 08:00:00,平均残留百分数(B),延化120万吨/年催化重整装置
124.9,ST040002,℃,2025-12-18 08:00:00,50%平均蒸发温度T50%,延化120万吨/年催化重整装置
196.6,ST040002,℃,2025-12-18 08:00:00,终馏点蒸发温度TFBP,延化120万吨/年催化重整装置
98.0,ST040002,<p>%</p>,2025-12-18 08:00:00,全馏,延化120万吨/年催化重整装置
95.8,ST040002,℃,2025-12-18 08:00:00,10%平均蒸发温度T10%,延化120万吨/年催化重整装置
816.2,ST040002,<p>kg/m<sup>3</sup></p>,2025-12-19 08:00:00,密度,延化120万吨/年催化重整装置
64.7,ST040002,℃,2025-12-19 08:00:00,初馏点蒸发温度 TIBP,延化120万吨/年催化重整装置
95.7,ST040002,℃,2025-12-19 08:00:00,10%平均蒸发温度T10%,延化120万吨/年催化重整装置
0.8,ST040002,<p>%</p>,2025-12-19 08:00:00,平均残留百分数(B),延化120万吨/年催化重整装置
163.1,ST040002,℃,2025-12-19 08:00:00,90%平均蒸发温度T90%,延化120万吨/年催化重整装置
196.5,ST040002,℃,2025-12-19 08:00:00,终馏点蒸发温度TFBP,延化120万吨/年催化重整装置
98.0,ST040002,<p>%</p>,2025-12-19 08:00:00,全馏,延化120万吨/年催化重整装置
126.8,ST040002,℃,2025-12-19 08:00:00,50%平均蒸发温度T50%,延化120万吨/年催化重整装置
815.5,ST040002,<p>kg/m<sup>3</sup></p>,2025-12-20 08:00:00,密度,延化120万吨/年催化重整装置
65.0,ST040002,℃,2025-12-20 08:00:00,初馏点蒸发温度 TIBP,延化120万吨/年催化重整装置
95.7,ST040002,℃,2025-12-20 08:00:00,10%平均蒸发温度T10%,延化120万吨/年催化重整装置
0.8,ST040002,<p>%</p>,2025-12-20 08:00:00,平均残留百分数(B),延化120万吨/年催化重整装置
163.1,ST040002,℃,2025-12-20 08:00:00,90%平均蒸发温度T90%,延化120万吨/年催化重整装置
196.6,ST040002,℃,2025-12-20 08:00:00,终馏点蒸发温度TFBP,延化120万吨/年催化重整装置
98.0,ST040002,<p>%</p>,2025-12-20 08:00:00,全馏,延化120万吨/年催化重整装置
125.5,ST040002,℃,2025-12-20 08:00:00,50%平均蒸发温度T50%,延化120万吨/年催化重整装置
65.2,ST040002,℃,2025-12-21 08:00:00,初馏点蒸发温度 TIBP,延化120万吨/年催化重整装置
96.5,ST040002,℃,2025-12-21 08:00:00,10%平均蒸发温度T10%,延化120万吨/年催化重整装置
126.8,ST040002,℃,2025-12-21 08:00:00,50%平均蒸发温度T50%,延化120万吨/年催化重整装置
816.9,ST040002,<p>kg/m<sup>3</sup></p>,2025-12-21 08:00:00,密度,延化120万吨/年催化重整装置
197.0,ST040002,℃,2025-12-21 08:00:00,终馏点蒸发温度TFBP,延化120万吨/年催化重整装置
98.0,ST040002,<p>%</p>,2025-12-21 08:00:00,全馏,延化120万吨/年催化重整装置
0.8,ST040002,<p>%</p>,2025-12-21 08:00:00,平均残留百分数(B),延化120万吨/年催化重整装置
163.3,ST040002,℃,2025-12-21 08:00:00,90%平均蒸发温度T90%,延化120万吨/年催化重整装置
817.2,ST040002,<p>kg/m<sup>3</sup></p>,2025-12-22 08:00:00,密度,延化120万吨/年催化重整装置
163.3,ST040002,℃,2025-12-22 08:00:00,90%平均蒸发温度T90%,延化120万吨/年催化重整装置
196.7,ST040002,℃,2025-12-22 08:00:00,终馏点蒸发温度TFBP,延化120万吨/年催化重整装置
126.8,ST040002,℃,2025-12-22 08:00:00,50%平均蒸发温度T50%,延化120万吨/年催化重整装置
0.8,ST040002,<p>%</p>,2025-12-22 08:00:00,平均残留百分数(B),延化120万吨/年催化重整装置
65.2,ST040002,℃,2025-12-22 08:00:00,初馏点蒸发温度 TIBP,延化120万吨/年催化重整装置
96.6,ST040002,℃,2025-12-22 08:00:00,10%平均蒸发温度T10%,延化120万吨/年催化重整装置
98.0,ST040002,<p>%</p>,2025-12-22 08:00:00,全馏,延化120万吨/年催化重整装置
819.3,ST040002,<p>kg/m<sup>3</sup></p>,2025-12-23 08:00:00,密度,延化120万吨/年催化重整装置
66.7,ST040002,℃,2025-12-23 08:00:00,初馏点蒸发温度 TIBP,延化120万吨/年催化重整装置
97.7,ST040002,℃,2025-12-23 08:00:00,10%平均蒸发温度T10%,延化120万吨/年催化重整装置
0.8,ST040002,<p>%</p>,2025-12-23 08:00:00,平均残留百分数(B),延化120万吨/年催化重整装置
164.2,ST040002,℃,2025-12-23 08:00:00,90%平均蒸发温度T90%,延化120万吨/年催化重整装置
198.5,ST040002,℃,2025-12-23 08:00:00,终馏点蒸发温度TFBP,延化120万吨/年催化重整装置
98.0,ST040002,<p>%</p>,2025-12-23 08:00:00,全馏,延化120万吨/年催化重整装置
126.8,ST040002,℃,2025-12-23 08:00:00,50%平均蒸发温度T50%,延化120万吨/年催化重整装置
819.3,ST040002,<p>kg/m<sup>3</sup></p>,2025-12-24 08:00:00,密度,延化120万吨/年催化重整装置
6.48,ST040002,<p>%</p>,2025-12-24 08:00:00,苯含量,延化120万吨/年催化重整装置
65.6,ST040002,℃,2025-12-24 08:00:00,初馏点蒸发温度 TIBP,延化120万吨/年催化重整装置
97.2,ST040002,℃,2025-12-24 08:00:00,10%平均蒸发温度T10%,延化120万吨/年催化重整装置
0.8,ST040002,<p>%</p>,2025-12-24 08:00:00,平均残留百分数(B),延化120万吨/年催化重整装置
163.4,ST040002,℃,2025-12-24 08:00:00,90%平均蒸发温度T90%,延化120万吨/年催化重整装置
196.8,ST040002,℃,2025-12-24 08:00:00,终馏点蒸发温度TFBP,延化120万吨/年催化重整装置
98.0,ST040002,<p>%</p>,2025-12-24 08:00:00,全馏,延化120万吨/年催化重整装置
5.60,ST040002,<p>%</p>,2025-12-24 08:00:00,正构烷烃,延化120万吨/年催化重整装置
14.06,ST040002,<p>%</p>,2025-12-24 08:00:00,异构烷烃,延化120万吨/年催化重整装置
21.27,ST040002,<p>%</p>,2025-12-24 08:00:00,烷烃含量,延化120万吨/年催化重整装置
0.84,ST040002,<p>%</p>,2025-12-24 08:00:00,烯烃含量,延化120万吨/年催化重整装置
1.61,ST040002,<p>%</p>,2025-12-24 08:00:00,环烷烃含量,延化120万吨/年催化重整装置
77.87,ST040002,<p>%</p>,2025-12-24 08:00:00,芳烃含量,延化120万吨/年催化重整装置
126.7,ST040002,℃,2025-12-24 08:00:00,50%平均蒸发温度T50%,延化120万吨/年催化重整装置
819.2,ST040002,<p>kg/m<sup>3</sup></p>,2025-12-25 08:00:00,密度,延化120万吨/年催化重整装置
64.4,ST040002,℃,2025-12-25 08:00:00,初馏点蒸发温度 TIBP,延化120万吨/年催化重整装置
96.9,ST040002,℃,2025-12-25 08:00:00,10%平均蒸发温度T10%,延化120万吨/年催化重整装置
0.8,ST040002,<p>%</p>,2025-12-25 08:00:00,平均残留百分数(B),延化120万吨/年催化重整装置
126.7,ST040002,℃,2025-12-25 08:00:00,50%平均蒸发温度T50%,延化120万吨/年催化重整装置
163.1,ST040002,℃,2025-12-25 08:00:00,90%平均蒸发温度T90%,延化120万吨/年催化重整装置
196.9,ST040002,℃,2025-12-25 08:00:00,终馏点蒸发温度TFBP,延化120万吨/年催化重整装置
98.0,ST040002,<p>%</p>,2025-12-25 08:00:00,全馏,延化120万吨/年催化重整装置
98.0,ST040002,<p>%</p>,2025-12-26 08:00:00,全馏,延化120万吨/年催化重整装置
64.0,ST040002,℃,2025-12-26 08:00:00,初馏点蒸发温度 TIBP,延化120万吨/年催化重整装置
96.2,ST040002,℃,2025-12-26 08:00:00,10%平均蒸发温度T10%,延化120万吨/年催化重整装置
819.0,ST040002,<p>kg/m<sup>3</sup></p>,2025-12-26 08:00:00,密度,延化120万吨/年催化重整装置
162.8,ST040002,℃,2025-12-26 08:00:00,90%平均蒸发温度T90%,延化120万吨/年催化重整装置
196.6,ST040002,℃,2025-12-26 08:00:00,终馏点蒸发温度TFBP,延化120万吨/年催化重整装置
0.8,ST040002,<p>%</p>,2025-12-26 08:00:00,平均残留百分数(B),延化120万吨/年催化重整装置
126.3,ST040002,℃,2025-12-26 08:00:00,50%平均蒸发温度T50%,延化120万吨/年催化重整装置
196.5,ST040002,℃,2025-12-27 08:00:00,终馏点蒸发温度TFBP,延化120万吨/年催化重整装置
818.5,ST040002,<p>kg/m<sup>3</sup></p>,2025-12-27 08:00:00,密度,延化120万吨/年催化重整装置
64.4,ST040002,℃,2025-12-27 08:00:00,初馏点蒸发温度 TIBP,延化120万吨/年催化重整装置
0.8,ST040002,<p>%</p>,2025-12-27 08:00:00,平均残留百分数(B),延化120万吨/年催化重整装置
126.6,ST040002,℃,2025-12-27 08:00:00,50%平均蒸发温度T50%,延化120万吨/年催化重整装置
162.7,ST040002,℃,2025-12-27 08:00:00,90%平均蒸发温度T90%,延化120万吨/年催化重整装置
98.0,ST040002,<p>%</p>,2025-12-27 08:00:00,全馏,延化120万吨/年催化重整装置
96.9,ST040002,℃,2025-12-27 08:00:00,10%平均蒸发温度T10%,延化120万吨/年催化重整装置
126.7,ST040002,℃,2025-12-28 08:00:00,50%平均蒸发温度T50%,延化120万吨/年催化重整装置
818.6,ST040002,<p>kg/m<sup>3</sup></p>,2025-12-28 08:00:00,密度,延化120万吨/年催化重整装置
64.3,ST040002,℃,2025-12-28 08:00:00,初馏点蒸发温度 TIBP,延化120万吨/年催化重整装置
0.8,ST040002,<p>%</p>,2025-12-28 08:00:00,平均残留百分数(B),延化120万吨/年催化重整装置
163.1,ST040002,℃,2025-12-28 08:00:00,90%平均蒸发温度T90%,延化120万吨/年催化重整装置
196.5,ST040002,℃,2025-12-28 08:00:00,终馏点蒸发温度TFBP,延化120万吨/年催化重整装置
98.0,ST040002,<p>%</p>,2025-12-28 08:00:00,全馏,延化120万吨/年催化重整装置
95.8,ST040002,℃,2025-12-28 08:00:00,10%平均蒸发温度T10%,延化120万吨/年催化重整装置
196.8,ST040002,℃,2025-12-29 08:00:00,终馏点蒸发温度TFBP,延化120万吨/年催化重整装置
98.0,ST040002,<p>%</p>,2025-12-29 08:00:00,全馏,延化120万吨/年催化重整装置
0.8,ST040002,<p>%</p>,2025-12-29 08:00:00,平均残留百分数(B),延化120万吨/年催化重整装置
820.1,ST040002,<p>kg/m<sup>3</sup></p>,2025-12-29 08:00:00,密度,延化120万吨/年催化重整装置
66.8,ST040002,℃,2025-12-29 08:00:00,初馏点蒸发温度 TIBP,延化120万吨/年催化重整装置
96.1,ST040002,℃,2025-12-29 08:00:00,10%平均蒸发温度T10%,延化120万吨/年催化重整装置
127.1,ST040002,℃,2025-12-29 08:00:00,50%平均蒸发温度T50%,延化120万吨/年催化重整装置
162.7,ST040002,℃,2025-12-29 08:00:00,90%平均蒸发温度T90%,延化120万吨/年催化重整装置
160.9,ST040002,℃,2025-12-30 08:00:00,90%平均蒸发温度T90%,延化120万吨/年催化重整装置
62.9,ST040002,℃,2025-12-30 08:00:00,初馏点蒸发温度 TIBP,延化120万吨/年催化重整装置
98.0,ST040002,℃,2025-12-30 08:00:00,10%平均蒸发温度T10%,延化120万吨/年催化重整装置
820.3,ST040002,<p>kg/m<sup>3</sup></p>,2025-12-30 08:00:00,密度,延化120万吨/年催化重整装置
192.0,ST040002,℃,2025-12-30 08:00:00,终馏点蒸发温度TFBP,延化120万吨/年催化重整装置
98.0,ST040002,<p>%</p>,2025-12-30 08:00:00,全馏,延化120万吨/年催化重整装置
0.8,ST040002,<p>%</p>,2025-12-30 08:00:00,平均残留百分数(B),延化120万吨/年催化重整装置
120.5,ST040002,℃,2025-12-30 08:00:00,50%平均蒸发温度T50%,延化120万吨/年催化重整装置
13.88,ST040002,<p>%</p>,2025-12-31 08:00:00,异构烷烃,延化120万吨/年催化重整装置
0.8,ST040002,<p>%</p>,2025-12-31 08:00:00,平均残留百分数(B),延化120万吨/年催化重整装置
78.40,ST040002,<p>%</p>,2025-12-31 08:00:00,芳烃含量,延化120万吨/年催化重整装置
7.12,ST040002,<p>%</p>,2025-12-31 08:00:00,苯含量,延化120万吨/年催化重整装置
5.41,ST040002,<p>%</p>,2025-12-31 08:00:00,正构烷烃,延化120万吨/年催化重整装置
20.65,ST040002,<p>%</p>,2025-12-31 08:00:00,烷烃含量,延化120万吨/年催化重整装置
0.86,ST040002,<p>%</p>,2025-12-31 08:00:00,烯烃含量,延化120万吨/年催化重整装置
123.3,ST040002,℃,2025-12-31 08:00:00,50%平均蒸发温度T50%,延化120万吨/年催化重整装置
819.7,ST040002,<p>kg/m<sup>3</sup></p>,2025-12-31 08:00:00,密度,延化120万吨/年催化重整装置
65.1,ST040002,℃,2025-12-31 08:00:00,初馏点蒸发温度 TIBP,延化120万吨/年催化重整装置
96.7,ST040002,℃,2025-12-31 08:00:00,10%平均蒸发温度T10%,延化120万吨/年催化重整装置
162.0,ST040002,℃,2025-12-31 08:00:00,90%平均蒸发温度T90%,延化120万吨/年催化重整装置
196.4,ST040002,℃,2025-12-31 08:00:00,终馏点蒸发温度TFBP,延化120万吨/年催化重整装置
98.0,ST040002,<p>%</p>,2025-12-31 08:00:00,全馏,延化120万吨/年催化重整装置
1.36,ST040002,<p>%</p>,2025-12-31 08:00:00,环烷烃含量,延化120万吨/年催化重整装置
65.5,ST040002,℃,2026-01-01 08:00:00,初馏点蒸发温度 TIBP,延化120万吨/年催化重整装置
98.0,ST040002,<p>%</p>,2026-01-01 08:00:00,全馏,延化120万吨/年催化重整装置
818.2,ST040002,<p>kg/m<sup>3</sup></p>,2026-01-01 08:00:00,密度,延化120万吨/年催化重整装置
0.8,ST040002,<p>%</p>,2026-01-01 08:00:00,平均残留百分数(B),延化120万吨/年催化重整装置
123.0,ST040002,℃,2026-01-01 08:00:00,50%平均蒸发温度T50%,延化120万吨/年催化重整装置
162.3,ST040002,℃,2026-01-01 08:00:00,90%平均蒸发温度T90%,延化120万吨/年催化重整装置
196.6,ST040002,℃,2026-01-01 08:00:00,终馏点蒸发温度TFBP,延化120万吨/年催化重整装置
96.8,ST040002,℃,2026-01-01 08:00:00,10%平均蒸发温度T10%,延化120万吨/年催化重整装置
198.5,ST040002,℃,2026-01-02 08:00:00,终馏点蒸发温度TFBP,延化120万吨/年催化重整装置
95.2,ST040002,℃,2026-01-02 08:00:00,10%平均蒸发温度T10%,延化120万吨/年催化重整装置
131.6,ST040002,℃,2026-01-02 08:00:00,50%平均蒸发温度T50%,延化120万吨/年催化重整装置
62.1,ST040002,℃,2026-01-02 08:00:00,初馏点蒸发温度 TIBP,延化120万吨/年催化重整装置
98.0,ST040002,<p>%</p>,2026-01-02 08:00:00,全馏,延化120万吨/年催化重整装置
0.8,ST040002,<p>%</p>,2026-01-02 08:00:00,平均残留百分数(B),延化120万吨/年催化重整装置
818.8,ST040002,<p>kg/m<sup>3</sup></p>,2026-01-02 08:00:00,密度,延化120万吨/年催化重整装置
163.2,ST040002,℃,2026-01-02 08:00:00,90%平均蒸发温度T90%,延化120万吨/年催化重整装置
65.1,ST040002,℃,2026-01-03 08:00:00,初馏点蒸发温度 TIBP,延化120万吨/年催化重整装置
96.7,ST040002,℃,2026-01-03 08:00:00,10%平均蒸发温度T10%,延化120万吨/年催化重整装置
124.3,ST040002,℃,2026-01-03 08:00:00,50%平均蒸发温度T50%,延化120万吨/年催化重整装置
818.6,ST040002,<p>kg/m<sup>3</sup></p>,2026-01-03 08:00:00,密度,延化120万吨/年催化重整装置
197.5,ST040002,℃,2026-01-03 08:00:00,终馏点蒸发温度TFBP,延化120万吨/年催化重整装置
98.0,ST040002,<p>%</p>,2026-01-03 08:00:00,全馏,延化120万吨/年催化重整装置
0.8,ST040002,<p>%</p>,2026-01-03 08:00:00,平均残留百分数(B),延化120万吨/年催化重整装置
163.1,ST040002,℃,2026-01-03 08:00:00,90%平均蒸发温度T90%,延化120万吨/年催化重整装置
162.6,ST040002,℃,2026-01-04 08:00:00,90%平均蒸发温度T90%,延化120万吨/年催化重整装置
818.5,ST040002,<p>kg/m<sup>3</sup></p>,2026-01-04 08:00:00,密度,延化120万吨/年催化重整装置
64.4,ST040002,℃,2026-01-04 08:00:00,初馏点蒸发温度 TIBP,延化120万吨/年催化重整装置
0.8,ST040002,<p>%</p>,2026-01-04 08:00:00,平均残留百分数(B),延化120万吨/年催化重整装置
122.2,ST040002,℃,2026-01-04 08:00:00,50%平均蒸发温度T50%,延化120万吨/年催化重整装置
197.8,ST040002,℃,2026-01-04 08:00:00,终馏点蒸发温度TFBP,延化120万吨/年催化重整装置
98.0,ST040002,<p>%</p>,2026-01-04 08:00:00,全馏,延化120万吨/年催化重整装置
96.7,ST040002,℃,2026-01-04 08:00:00,10%平均蒸发温度T10%,延化120万吨/年催化重整装置
64.1,ST040002,℃,2026-01-05 08:00:00,初馏点蒸发温度 TIBP,延化120万吨/年催化重整装置
95.7,ST040002,℃,2026-01-05 08:00:00,10%平均蒸发温度T10%,延化120万吨/年催化重整装置
197.9,ST040002,℃,2026-01-05 08:00:00,终馏点蒸发温度TFBP,延化120万吨/年催化重整装置
816.9,ST040002,<p>kg/m<sup>3</sup></p>,2026-01-05 08:00:00,密度,延化120万吨/年催化重整装置
163.4,ST040002,℃,2026-01-05 08:00:00,90%平均蒸发温度T90%,延化120万吨/年催化重整装置
98.0,ST040002,<p>%</p>,2026-01-05 08:00:00,全馏,延化120万吨/年催化重整装置
0.8,ST040002,<p>%</p>,2026-01-05 08:00:00,平均残留百分数(B),延化120万吨/年催化重整装置
124.0,ST040002,℃,2026-01-05 08:00:00,50%平均蒸发温度T50%,延化120万吨/年催化重整装置
197.5,ST040002,℃,2026-01-06 08:00:00,终馏点蒸发温度TFBP,延化120万吨/年催化重整装置
98.0,ST040002,<p>%</p>,2026-01-06 08:00:00,全馏,延化120万吨/年催化重整装置
0.8,ST040002,<p>%</p>,2026-01-06 08:00:00,平均残留百分数(B),延化120万吨/年催化重整装置
163.3,ST040002,℃,2026-01-06 08:00:00,90%平均蒸发温度T90%,延化120万吨/年催化重整装置
64.4,ST040002,℃,2026-01-06 08:00:00,初馏点蒸发温度 TIBP,延化120万吨/年催化重整装置
96.6,ST040002,℃,2026-01-06 08:00:00,10%平均蒸发温度T10%,延化120万吨/年催化重整装置
124.7,ST040002,℃,2026-01-06 08:00:00,50%平均蒸发温度T50%,延化120万吨/年催化重整装置
817.1,ST040002,<p>kg/m<sup>3</sup></p>,2026-01-06 08:00:00,密度,延化120万吨/年催化重整装置
0.80,ST040002,<p>%</p>,2026-01-07 08:00:00,烯烃含量,延化120万吨/年催化重整装置
98.0,ST040002,<p>%</p>,2026-01-07 08:00:00,全馏,延化120万吨/年催化重整装置
13.98,ST040002,<p>%</p>,2026-01-07 08:00:00,异构烷烃,延化120万吨/年催化重整装置
20.95,ST040002,<p>%</p>,2026-01-07 08:00:00,烷烃含量,延化120万吨/年催化重整装置
1.51,ST040002,<p>%</p>,2026-01-07 08:00:00,环烷烃含量,延化120万吨/年催化重整装置
78.06,ST040002,<p>%</p>,2026-01-07 08:00:00,芳烃含量,延化120万吨/年催化重整装置
6.87,ST040002,<p>%</p>,2026-01-07 08:00:00,苯含量,延化120万吨/年催化重整装置
0.8,ST040002,<p>%</p>,2026-01-07 08:00:00,平均残留百分数(B),延化120万吨/年催化重整装置
818.5,ST040002,<p>kg/m<sup>3</sup></p>,2026-01-07 08:00:00,密度,延化120万吨/年催化重整装置
65.5,ST040002,℃,2026-01-07 08:00:00,初馏点蒸发温度 TIBP,延化120万吨/年催化重整装置
96.9,ST040002,℃,2026-01-07 08:00:00,10%平均蒸发温度T10%,延化120万吨/年催化重整装置
121.9,ST040002,℃,2026-01-07 08:00:00,50%平均蒸发温度T50%,延化120万吨/年催化重整装置
162.7,ST040002,℃,2026-01-07 08:00:00,90%平均蒸发温度T90%,延化120万吨/年催化重整装置
197.9,ST040002,℃,2026-01-07 08:00:00,终馏点蒸发温度TFBP,延化120万吨/年催化重整装置
5.46,ST040002,<p>%</p>,2026-01-07 08:00:00,正构烷烃,延化120万吨/年催化重整装置
162.6,ST040002,℃,2026-01-08 08:00:00,90%平均蒸发温度T90%,延化120万吨/年催化重整装置
198.2,ST040002,℃,2026-01-08 08:00:00,终馏点蒸发温度TFBP,延化120万吨/年催化重整装置
98.0,ST040002,<p>%</p>,2026-01-08 08:00:00,全馏,延化120万吨/年催化重整装置
818.5,ST040002,<p>kg/m<sup>3</sup></p>,2026-01-08 08:00:00,密度,延化120万吨/年催化重整装置
65.1,ST040002,℃,2026-01-08 08:00:00,初馏点蒸发温度 TIBP,延化120万吨/年催化重整装置
96.8,ST040002,℃,2026-01-08 08:00:00,10%平均蒸发温度T10%,延化120万吨/年催化重整装置
122.4,ST040002,℃,2026-01-08 08:00:00,50%平均蒸发温度T50%,延化120万吨/年催化重整装置
0.8,ST040002,<p>%</p>,2026-01-08 08:00:00,平均残留百分数(B),延化120万吨/年催化重整装置
0.8,ST040002,<p>%</p>,2026-01-09 08:00:00,平均残留百分数(B),延化120万吨/年催化重整装置
817.9,ST040002,<p>kg/m<sup>3</sup></p>,2026-01-09 08:00:00,密度,延化120万吨/年催化重整装置
64.5,ST040002,℃,2026-01-09 08:00:00,初馏点蒸发温度 TIBP,延化120万吨/年催化重整装置
98.0,ST040002,<p>%</p>,2026-01-09 08:00:00,全馏,延化120万吨/年催化重整装置
124.6,ST040002,℃,2026-01-09 08:00:00,50%平均蒸发温度T50%,延化120万吨/年催化重整装置
161.3,ST040002,℃,2026-01-09 08:00:00,90%平均蒸发温度T90%,延化120万吨/年催化重整装置
196.5,ST040002,℃,2026-01-09 08:00:00,终馏点蒸发温度TFBP,延化120万吨/年催化重整装置
95.7,ST040002,℃,2026-01-09 08:00:00,10%平均蒸发温度T10%,延化120万吨/年催化重整装置
66.0,ST040002,℃,2026-01-10 08:00:00,初馏点蒸发温度 TIBP,延化120万吨/年催化重整装置
97.2,ST040002,℃,2026-01-10 08:00:00,10%平均蒸发温度T10%,延化120万吨/年催化重整装置
125.2,ST040002,℃,2026-01-10 08:00:00,50%平均蒸发温度T50%,延化120万吨/年催化重整装置
819.1,ST040002,<p>kg/m<sup>3</sup></p>,2026-01-10 08:00:00,密度,延化120万吨/年催化重整装置
198.5,ST040002,℃,2026-01-10 08:00:00,终馏点蒸发温度TFBP,延化120万吨/年催化重整装置
98.0,ST040002,<p>%</p>,2026-01-10 08:00:00,全馏,延化120万吨/年催化重整装置
0.8,ST040002,<p>%</p>,2026-01-10 08:00:00,平均残留百分数(B),延化120万吨/年催化重整装置
163.9,ST040002,℃,2026-01-10 08:00:00,90%平均蒸发温度T90%,延化120万吨/年催化重整装置
198.8,ST040002,℃,2026-01-11 08:00:00,终馏点蒸发温度TFBP,延化120万吨/年催化重整装置
64.4,ST040002,℃,2026-01-11 08:00:00,初馏点蒸发温度 TIBP,延化120万吨/年催化重整装置
96.0,ST040002,℃,2026-01-11 08:00:00,10%平均蒸发温度T10%,延化120万吨/年催化重整装置
819.8,ST040002,<p>kg/m<sup>3</sup></p>,2026-01-11 08:00:00,密度,延化120万吨/年催化重整装置
163.2,ST040002,℃,2026-01-11 08:00:00,90%平均蒸发温度T90%,延化120万吨/年催化重整装置
98.0,ST040002,<p>%</p>,2026-01-11 08:00:00,全馏,延化120万吨/年催化重整装置
0.8,ST040002,<p>%</p>,2026-01-11 08:00:00,平均残留百分数(B),延化120万吨/年催化重整装置
121.4,ST040002,℃,2026-01-11 08:00:00,50%平均蒸发温度T50%,延化120万吨/年催化重整装置
819.6,ST040002,<p>kg/m<sup>3</sup></p>,2026-01-12 08:00:00,密度,延化120万吨/年催化重整装置
65.1,ST040002,℃,2026-01-12 08:00:00,初馏点蒸发温度 TIBP,延化120万吨/年催化重整装置
96.9,ST040002,℃,2026-01-12 08:00:00,10%平均蒸发温度T10%,延化120万吨/年催化重整装置
0.8,ST040002,<p>%</p>,2026-01-12 08:00:00,平均残留百分数(B),延化120万吨/年催化重整装置
164.2,ST040002,℃,2026-01-12 08:00:00,90%平均蒸发温度T90%,延化120万吨/年催化重整装置
199.3,ST040002,℃,2026-01-12 08:00:00,终馏点蒸发温度TFBP,延化120万吨/年催化重整装置
98.0,ST040002,<p>%</p>,2026-01-12 08:00:00,全馏,延化120万吨/年催化重整装置
127.0,ST040002,℃,2026-01-12 08:00:00,50%平均蒸发温度T50%,延化120万吨/年催化重整装置
199.7,ST040002,℃,2026-01-13 08:00:00,终馏点蒸发温度TFBP,延化120万吨/年催化重整装置
98.0,ST040002,<p>%</p>,2026-01-13 08:00:00,全馏,延化120万吨/年催化重整装置
0.8,ST040002,<p>%</p>,2026-01-13 08:00:00,平均残留百分数(B),延化120万吨/年催化重整装置
165.4,ST040002,℃,2026-01-13 08:00:00,90%平均蒸发温度T90%,延化120万吨/年催化重整装置
66.2,ST040002,℃,2026-01-13 08:00:00,初馏点蒸发温度 TIBP,延化120万吨/年催化重整装置
98.1,ST040002,℃,2026-01-13 08:00:00,10%平均蒸发温度T10%,延化120万吨/年催化重整装置
127.4,ST040002,℃,2026-01-13 08:00:00,50%平均蒸发温度T50%,延化120万吨/年催化重整装置
819.5,ST040002,<p>kg/m<sup>3</sup></p>,2026-01-13 08:00:00,密度,延化120万吨/年催化重整装置
1.48,ST040002,<p>%</p>,2026-01-14 08:00:00,环烷烃含量,延化120万吨/年催化重整装置
98.0,ST040002,<p>%</p>,2026-01-14 08:00:00,全馏,延化120万吨/年催化重整装置
16.15,ST040002,<p>%</p>,2026-01-14 08:00:00,异构烷烃,延化120万吨/年催化重整装置
23.20,ST040002,<p>%</p>,2026-01-14 08:00:00,烷烃含量,延化120万吨/年催化重整装置
0.84,ST040002,<p>%</p>,2026-01-14 08:00:00,烯烃含量,延化120万吨/年催化重整装置
75.96,ST040002,<p>%</p>,2026-01-14 08:00:00,芳烃含量,延化120万吨/年催化重整装置
6.76,ST040002,<p>%</p>,2026-01-14 08:00:00,苯含量,延化120万吨/年催化重整装置
0.8,ST040002,<p>%</p>,2026-01-14 08:00:00,平均残留百分数(B),延化120万吨/年催化重整装置
64.4,ST040002,℃,2026-01-14 08:00:00,初馏点蒸发温度 TIBP,延化120万吨/年催化重整装置
819.2,ST040002,<p>kg/m<sup>3</sup></p>,2026-01-14 08:00:00,密度,延化120万吨/年催化重整装置
199.3,ST040002,℃,2026-01-14 08:00:00,终馏点蒸发温度TFBP,延化120万吨/年催化重整装置
96.1,ST040002,℃,2026-01-14 08:00:00,10%平均蒸发温度T10%,延化120万吨/年催化重整装置
127.1,ST040002,℃,2026-01-14 08:00:00,50%平均蒸发温度T50%,延化120万吨/年催化重整装置
164.5,ST040002,℃,2026-01-14 08:00:00,90%平均蒸发温度T90%,延化120万吨/年催化重整装置
5.57,ST040002,<p>%</p>,2026-01-14 08:00:00,正构烷烃,延化120万吨/年催化重整装置
164.8,ST040002,℃,2026-01-15 08:00:00,90%平均蒸发温度T90%,延化120万吨/年催化重整装置
65.3,ST040002,℃,2026-01-15 08:00:00,初馏点蒸发温度 TIBP,延化120万吨/年催化重整装置
97.4,ST040002,℃,2026-01-15 08:00:00,10%平均蒸发温度T10%,延化120万吨/年催化重整装置
819.6,ST040002,<p>kg/m<sup>3</sup></p>,2026-01-15 08:00:00,密度,延化120万吨/年催化重整装置
199.4,ST040002,℃,2026-01-15 08:00:00,终馏点蒸发温度TFBP,延化120万吨/年催化重整装置
98.0,ST040002,<p>%</p>,2026-01-15 08:00:00,全馏,延化120万吨/年催化重整装置
0.8,ST040002,<p>%</p>,2026-01-15 08:00:00,平均残留百分数(B),延化120万吨/年催化重整装置
127.0,ST040002,℃,2026-01-15 08:00:00,50%平均蒸发温度T50%,延化120万吨/年催化重整装置
819.9,ST040002,<p>kg/m<sup>3</sup></p>,2026-01-16 08:00:00,密度,延化120万吨/年催化重整装置
199.5,ST040002,℃,2026-01-16 08:00:00,终馏点蒸发温度TFBP,延化120万吨/年催化重整装置
64.8,ST040002,℃,2026-01-16 08:00:00,初馏点蒸发温度 TIBP,延化120万吨/年催化重整装置
0.8,ST040002,<p>%</p>,2026-01-16 08:00:00,平均残留百分数(B),延化120万吨/年催化重整装置
126.8,ST040002,℃,2026-01-16 08:00:00,50%平均蒸发温度T50%,延化120万吨/年催化重整装置
164.9,ST040002,℃,2026-01-16 08:00:00,90%平均蒸发温度T90%,延化120万吨/年催化重整装置
98.0,ST040002,<p>%</p>,2026-01-16 08:00:00,全馏,延化120万吨/年催化重整装置
97.4,ST040002,℃,2026-01-16 08:00:00,10%平均蒸发温度T10%,延化120万吨/年催化重整装置
164.5,ST040002,℃,2026-01-17 08:00:00,90%平均蒸发温度T90%,延化120万吨/年催化重整装置
64.4,ST040002,℃,2026-01-17 08:00:00,初馏点蒸发温度 TIBP,延化120万吨/年催化重整装置
95.9,ST040002,℃,2026-01-17 08:00:00,10%平均蒸发温度T10%,延化120万吨/年催化重整装置
126.9,ST040002,℃,2026-01-17 08:00:00,50%平均蒸发温度T50%,延化120万吨/年催化重整装置
199.3,ST040002,℃,2026-01-17 08:00:00,终馏点蒸发温度TFBP,延化120万吨/年催化重整装置
98.0,ST040002,<p>%</p>,2026-01-17 08:00:00,全馏,延化120万吨/年催化重整装置
0.8,ST040002,<p>%</p>,2026-01-17 08:00:00,平均残留百分数(B),延化120万吨/年催化重整装置
819.2,ST040002,<p>kg/m<sup>3</sup></p>,2026-01-17 08:00:00,密度,延化120万吨/年催化重整装置
820.3,ST040002,<p>kg/m<sup>3</sup></p>,2026-01-18 00:57:00,密度,延化120万吨/年催化重整装置
64.0,ST040002,℃,2026-01-18 08:00:00,初馏点蒸发温度 TIBP,延化120万吨/年催化重整装置
96.0,ST040002,℃,2026-01-18 08:00:00,10%平均蒸发温度T10%,延化120万吨/年催化重整装置
0.8,ST040002,<p>%</p>,2026-01-18 08:00:00,平均残留百分数(B),延化120万吨/年催化重整装置
165.5,ST040002,℃,2026-01-18 08:00:00,90%平均蒸发温度T90%,延化120万吨/年催化重整装置
200.1,ST040002,℃,2026-01-18 08:00:00,终馏点蒸发温度TFBP,延化120万吨/年催化重整装置
98.0,ST040002,<p>%</p>,2026-01-18 08:00:00,全馏,延化120万吨/年催化重整装置
820.1,ST040002,<p>kg/m<sup>3</sup></p>,2026-01-18 08:00:00,密度,延化120万吨/年催化重整装置
126.9,ST040002,℃,2026-01-18 08:00:00,50%平均蒸发温度T50%,延化120万吨/年催化重整装置
166.7,ST040002,℃,2026-01-19 08:00:00,90%平均蒸发温度T90%,延化120万吨/年催化重整装置
820.9,ST040002,<p>kg/m<sup>3</sup></p>,2026-01-19 08:00:00,密度,延化120万吨/年催化重整装置
63.5,ST040002,℃,2026-01-19 08:00:00,初馏点蒸发温度 TIBP,延化120万吨/年催化重整装置
0.8,ST040002,<p>%</p>,2026-01-19 08:00:00,平均残留百分数(B),延化120万吨/年催化重整装置
126.9,ST040002,℃,2026-01-19 08:00:00,50%平均蒸发温度T50%,延化120万吨/年催化重整装置
200.6,ST040002,℃,2026-01-19 08:00:00,终馏点蒸发温度TFBP,延化120万吨/年催化重整装置
98.0,ST040002,<p>%</p>,2026-01-19 08:00:00,全馏,延化120万吨/年催化重整装置
96.4,ST040002,℃,2026-01-19 08:00:00,10%平均蒸发温度T10%,延化120万吨/年催化重整装置
200.6,ST040002,℃,2026-01-20 08:00:00,终馏点蒸发温度TFBP,延化120万吨/年催化重整装置
64.0,ST040002,℃,2026-01-20 08:00:00,初馏点蒸发温度 TIBP,延化120万吨/年催化重整装置
95.9,ST040002,℃,2026-01-20 08:00:00,10%平均蒸发温度T10%,延化120万吨/年催化重整装置
819.8,ST040002,<p>kg/m<sup>3</sup></p>,2026-01-20 08:00:00,密度,延化120万吨/年催化重整装置
166.6,ST040002,℃,2026-01-20 08:00:00,90%平均蒸发温度T90%,延化120万吨/年催化重整装置
98.0,ST040002,<p>%</p>,2026-01-20 08:00:00,全馏,延化120万吨/年催化重整装置
0.8,ST040002,<p>%</p>,2026-01-20 08:00:00,平均残留百分数(B),延化120万吨/年催化重整装置
127.0,ST040002,℃,2026-01-20 08:00:00,50%平均蒸发温度T50%,延化120万吨/年催化重整装置
98.0,ST040002,<p>%</p>,2026-01-21 08:00:00,全馏,延化120万吨/年催化重整装置
202.5,ST040002,℃,2026-01-21 08:00:00,终馏点蒸发温度TFBP,延化120万吨/年催化重整装置
819.4,ST040002,<p>kg/m<sup>3</sup></p>,2026-01-21 08:00:00,密度,延化120万吨/年催化重整装置
5.39,ST040002,<p>%</p>,2026-01-21 08:00:00,正构烷烃,延化120万吨/年催化重整装置
13.55,ST040002,<p>%</p>,2026-01-21 08:00:00,异构烷烃,延化120万吨/年催化重整装置
20.70,ST040002,<p>%</p>,2026-01-21 08:00:00,烷烃含量,延化120万吨/年催化重整装置
0.88,ST040002,<p>%</p>,2026-01-21 08:00:00,烯烃含量,延化120万吨/年催化重整装置
1.76,ST040002,<p>%</p>,2026-01-21 08:00:00,环烷烃含量,延化120万吨/年催化重整装置
78.11,ST040002,<p>%</p>,2026-01-21 08:00:00,芳烃含量,延化120万吨/年催化重整装置
6.06,ST040002,<p>%</p>,2026-01-21 08:00:00,苯含量,延化120万吨/年催化重整装置
65.3,ST040002,℃,2026-01-21 08:00:00,初馏点蒸发温度 TIBP,延化120万吨/年催化重整装置
95.6,ST040002,℃,2026-01-21 08:00:00,10%平均蒸发温度T10%,延化120万吨/年催化重整装置
128.0,ST040002,℃,2026-01-21 08:00:00,50%平均蒸发温度T50%,延化120万吨/年催化重整装置
166.5,ST040002,℃,2026-01-21 08:00:00,90%平均蒸发温度T90%,延化120万吨/年催化重整装置
0.8,ST040002,<p>%</p>,2026-01-21 08:00:00,平均残留百分数(B),延化120万吨/年催化重整装置
98.0,ST040002,<p>%</p>,2026-01-22 08:00:00,全馏,延化120万吨/年催化重整装置
63.9,ST040002,℃,2026-01-22 08:00:00,初馏点蒸发温度 TIBP,延化120万吨/年催化重整装置
96.2,ST040002,℃,2026-01-22 08:00:00,10%平均蒸发温度T10%,延化120万吨/年催化重整装置
819.9,ST040002,<p>kg/m<sup>3</sup></p>,2026-01-22 08:00:00,密度,延化120万吨/年催化重整装置
166.0,ST040002,℃,2026-01-22 08:00:00,90%平均蒸发温度T90%,延化120万吨/年催化重整装置
200.2,ST040002,℃,2026-01-22 08:00:00,终馏点蒸发温度TFBP,延化120万吨/年催化重整装置
0.8,ST040002,<p>%</p>,2026-01-22 08:00:00,平均残留百分数(B),延化120万吨/年催化重整装置
126.8,ST040002,℃,2026-01-22 08:00:00,50%平均蒸发温度T50%,延化120万吨/年催化重整装置
96.2,ST040002,℃,2026-01-23 08:00:00,10%平均蒸发温度T10%,延化120万吨/年催化重整装置
126.9,ST040002,℃,2026-01-23 08:00:00,50%平均蒸发温度T50%,延化120万吨/年催化重整装置
165.5,ST040002,℃,2026-01-23 08:00:00,90%平均蒸发温度T90%,延化120万吨/年催化重整装置
820.9,ST040002,<p>kg/m<sup>3</sup></p>,2026-01-23 08:00:00,密度,延化120万吨/年催化重整装置
98.0,ST040002,<p>%</p>,2026-01-23 08:00:00,全馏,延化120万吨/年催化重整装置
0.8,ST040002,<p>%</p>,2026-01-23 08:00:00,平均残留百分数(B),延化120万吨/年催化重整装置
64.4,ST040002,℃,2026-01-23 08:00:00,初馏点蒸发温度 TIBP,延化120万吨/年催化重整装置
200.1,ST040002,℃,2026-01-23 08:00:00,终馏点蒸发温度TFBP,延化120万吨/年催化重整装置
98.0,ST040002,<p>%</p>,2026-01-24 08:00:00,全馏,延化120万吨/年催化重整装置
64.3,ST040002,℃,2026-01-24 08:00:00,初馏点蒸发温度 TIBP,延化120万吨/年催化重整装置
96.8,ST040002,℃,2026-01-24 08:00:00,10%平均蒸发温度T10%,延化120万吨/年催化重整装置
820.8,ST040002,<p>kg/m<sup>3</sup></p>,2026-01-24 08:00:00,密度,延化120万吨/年催化重整装置
166.4,ST040002,℃,2026-01-24 08:00:00,90%平均蒸发温度T90%,延化120万吨/年催化重整装置
200.5,ST040002,℃,2026-01-24 08:00:00,终馏点蒸发温度TFBP,延化120万吨/年催化重整装置
0.8,ST040002,<p>%</p>,2026-01-24 08:00:00,平均残留百分数(B),延化120万吨/年催化重整装置
126.9,ST040002,℃,2026-01-24 08:00:00,50%平均蒸发温度T50%,延化120万吨/年催化重整装置
820.1,ST040002,<p>kg/m<sup>3</sup></p>,2026-01-25 08:00:00,密度,延化120万吨/年催化重整装置
0.8,ST040002,<p>%</p>,2026-01-25 08:00:00,平均残留百分数(B),延化120万吨/年催化重整装置
63.6,ST040002,℃,2026-01-25 08:00:00,初馏点蒸发温度 TIBP,延化120万吨/年催化重整装置
98.0,ST040002,<p>%</p>,2026-01-25 08:00:00,全馏,延化120万吨/年催化重整装置
126.7,ST040002,℃,2026-01-25 08:00:00,50%平均蒸发温度T50%,延化120万吨/年催化重整装置
165.8,ST040002,℃,2026-01-25 08:00:00,90%平均蒸发温度T90%,延化120万吨/年催化重整装置
200.3,ST040002,℃,2026-01-25 08:00:00,终馏点蒸发温度TFBP,延化120万吨/年催化重整装置
96.2,ST040002,℃,2026-01-25 08:00:00,10%平均蒸发温度T10%,延化120万吨/年催化重整装置
820.2,ST040002,<p>kg/m<sup>3</sup></p>,2026-01-26 08:00:00,密度,延化120万吨/年催化重整装置
166.2,ST040002,℃,2026-01-26 08:00:00,90%平均蒸发温度T90%,延化120万吨/年催化重整装置
64.6,ST040002,℃,2026-01-26 08:00:00,初馏点蒸发温度 TIBP,延化120万吨/年催化重整装置
0.8,ST040002,<p>%</p>,2026-01-26 08:00:00,平均残留百分数(B),延化120万吨/年催化重整装置
127.0,ST040002,℃,2026-01-26 08:00:00,50%平均蒸发温度T50%,延化120万吨/年催化重整装置
200.5,ST040002,℃,2026-01-26 08:00:00,终馏点蒸发温度TFBP,延化120万吨/年催化重整装置
98.0,ST040002,<p>%</p>,2026-01-26 08:00:00,全馏,延化120万吨/年催化重整装置
96.9,ST040002,℃,2026-01-26 08:00:00,10%平均蒸发温度T10%,延化120万吨/年催化重整装置
98.0,ST040002,<p>%</p>,2026-01-27 08:00:00,全馏,延化120万吨/年催化重整装置
0.8,ST040002,<p>%</p>,2026-01-27 08:00:00,平均残留百分数(B),延化120万吨/年催化重整装置
819.8,ST040002,<p>kg/m<sup>3</sup></p>,2026-01-27 08:00:00,密度,延化120万吨/年催化重整装置
200.7,ST040002,℃,2026-01-27 08:00:00,终馏点蒸发温度TFBP,延化120万吨/年催化重整装置
64.7,ST040002,℃,2026-01-27 08:00:00,初馏点蒸发温度 TIBP,延化120万吨/年催化重整装置
97.1,ST040002,℃,2026-01-27 08:00:00,10%平均蒸发温度T10%,延化120万吨/年催化重整装置
127.0,ST040002,℃,2026-01-27 08:00:00,50%平均蒸发温度T50%,延化120万吨/年催化重整装置
166.4,ST040002,℃,2026-01-27 08:00:00,90%平均蒸发温度T90%,延化120万吨/年催化重整装置
5.61,ST040002,<p>%</p>,2026-01-28 08:00:00,正构烷烃,延化120万吨/年催化重整装置
821.0,ST040002,<p>kg/m<sup>3</sup></p>,2026-01-28 08:00:00,密度,延化120万吨/年催化重整装置
20.92,ST040002,<p>%</p>,2026-01-28 08:00:00,烷烃含量,延化120万吨/年催化重整装置
0.91,ST040002,<p>%</p>,2026-01-28 08:00:00,烯烃含量,延化120万吨/年催化重整装置
1.72,ST040002,<p>%</p>,2026-01-28 08:00:00,环烷烃含量,延化120万吨/年催化重整装置
78.12,ST040002,<p>%</p>,2026-01-28 08:00:00,芳烃含量,延化120万吨/年催化重整装置
6.22,ST040002,<p>%</p>,2026-01-28 08:00:00,苯含量,延化120万吨/年催化重整装置
166.2,ST040002,℃,2026-01-28 08:00:00,90%平均蒸发温度T90%,延化120万吨/年催化重整装置
65.0,ST040002,℃,2026-01-28 08:00:00,初馏点蒸发温度 TIBP,延化120万吨/年催化重整装置
96.9,ST040002,℃,2026-01-28 08:00:00,10%平均蒸发温度T10%,延化120万吨/年催化重整装置
126.8,ST040002,℃,2026-01-28 08:00:00,50%平均蒸发温度T50%,延化120万吨/年催化重整装置
200.3,ST040002,℃,2026-01-28 08:00:00,终馏点蒸发温度TFBP,延化120万吨/年催化重整装置
98.0,ST040002,<p>%</p>,2026-01-28 08:00:00,全馏,延化120万吨/年催化重整装置
0.8,ST040002,<p>%</p>,2026-01-28 08:00:00,平均残留百分数(B),延化120万吨/年催化重整装置
13.59,ST040002,<p>%</p>,2026-01-28 08:00:00,异构烷烃,延化120万吨/年催化重整装置
820.2,ST040002,<p>kg/m<sup>3</sup></p>,2026-01-29 08:00:00,密度,延化120万吨/年催化重整装置
64.7,ST040002,℃,2026-01-29 08:00:00,初馏点蒸发温度 TIBP,延化120万吨/年催化重整装置
96.5,ST040002,℃,2026-01-29 08:00:00,10%平均蒸发温度T10%,延化120万吨/年催化重整装置
0.8,ST040002,<p>%</p>,2026-01-29 08:00:00,平均残留百分数(B),延化120万吨/年催化重整装置
165.7,ST040002,℃,2026-01-29 08:00:00,90%平均蒸发温度T90%,延化120万吨/年催化重整装置
200.3,ST040002,℃,2026-01-29 08:00:00,终馏点蒸发温度TFBP,延化120万吨/年催化重整装置
98.0,ST040002,<p>%</p>,2026-01-29 08:00:00,全馏,延化120万吨/年催化重整装置
126.8,ST040002,℃,2026-01-29 08:00:00,50%平均蒸发温度T50%,延化120万吨/年催化重整装置
164.2,ST040002,℃,2026-01-30 08:00:00,90%平均蒸发温度T90%,延化120万吨/年催化重整装置
65.3,ST040002,℃,2026-01-30 08:00:00,初馏点蒸发温度 TIBP,延化120万吨/年催化重整装置
97.6,ST040002,℃,2026-01-30 08:00:00,10%平均蒸发温度T10%,延化120万吨/年催化重整装置
820.6,ST040002,<p>kg/m<sup>3</sup></p>,2026-01-30 08:00:00,密度,延化120万吨/年催化重整装置
199.5,ST040002,℃,2026-01-30 08:00:00,终馏点蒸发温度TFBP,延化120万吨/年催化重整装置
98.0,ST040002,<p>%</p>,2026-01-30 08:00:00,全馏,延化120万吨/年催化重整装置
0.8,ST040002,<p>%</p>,2026-01-30 08:00:00,平均残留百分数(B),延化120万吨/年催化重整装置
125.6,ST040002,℃,2026-01-30 08:00:00,50%平均蒸发温度T50%,延化120万吨/年催化重整装置
126.4,ST040002,℃,2026-01-31 08:00:00,50%平均蒸发温度T50%,延化120万吨/年催化重整装置
820.9,ST040002,<p>kg/m<sup>3</sup></p>,2026-01-31 08:00:00,密度,延化120万吨/年催化重整装置
66.3,ST040002,℃,2026-01-31 08:00:00,初馏点蒸发温度 TIBP,延化120万吨/年催化重整装置
0.8,ST040002,<p>%</p>,2026-01-31 08:00:00,平均残留百分数(B),延化120万吨/年催化重整装置
165.3,ST040002,℃,2026-01-31 08:00:00,90%平均蒸发温度T90%,延化120万吨/年催化重整装置
199.7,ST040002,℃,2026-01-31 08:00:00,终馏点蒸发温度TFBP,延化120万吨/年催化重整装置
98.0,ST040002,<p>%</p>,2026-01-31 08:00:00,全馏,延化120万吨/年催化重整装置
97.2,ST040002,℃,2026-01-31 08:00:00,10%平均蒸发温度T10%,延化120万吨/年催化重整装置
127.0,ST040002,℃,2026-02-01 08:00:00,50%平均蒸发温度T50%,延化120万吨/年催化重整装置
819.3,ST040002,<p>kg/m<sup>3</sup></p>,2026-02-01 08:00:00,密度,延化120万吨/年催化重整装置
65.5,ST040002,℃,2026-02-01 08:00:00,初馏点蒸发温度 TIBP,延化120万吨/年催化重整装置
0.8,ST040002,<p>%</p>,2026-02-01 08:00:00,平均残留百分数(B),延化120万吨/年催化重整装置
166.2,ST040002,℃,2026-02-01 08:00:00,90%平均蒸发温度T90%,延化120万吨/年催化重整装置
200.3,ST040002,℃,2026-02-01 08:00:00,终馏点蒸发温度TFBP,延化120万吨/年催化重整装置
98.0,ST040002,<p>%</p>,2026-02-01 08:00:00,全馏,延化120万吨/年催化重整装置
97.1,ST040002,℃,2026-02-01 08:00:00,10%平均蒸发温度T10%,延化120万吨/年催化重整装置
64.4,ST040002,℃,2026-02-02 08:00:00,初馏点蒸发温度 TIBP,延化120万吨/年催化重整装置
96.1,ST040002,℃,2026-02-02 08:00:00,10%平均蒸发温度T10%,延化120万吨/年催化重整装置
127.0,ST040002,℃,2026-02-02 08:00:00,50%平均蒸发温度T50%,延化120万吨/年催化重整装置
819.5,ST040002,<p>kg/m<sup>3</sup></p>,2026-02-02 08:00:00,密度,延化120万吨/年催化重整装置
200.0,ST040002,℃,2026-02-02 08:00:00,终馏点蒸发温度TFBP,延化120万吨/年催化重整装置
98.0,ST040002,<p>%</p>,2026-02-02 08:00:00,全馏,延化120万吨/年催化重整装置
0.8,ST040002,<p>%</p>,2026-02-02 08:00:00,平均残留百分数(B),延化120万吨/年催化重整装置
165.3,ST040002,℃,2026-02-02 08:00:00,90%平均蒸发温度T90%,延化120万吨/年催化重整装置
168.2,ST040002,℃,2026-02-03 08:00:00,90%平均蒸发温度T90%,延化120万吨/年催化重整装置
820.0,ST040002,<p>kg/m<sup>3</sup></p>,2026-02-03 08:00:00,密度,延化120万吨/年催化重整装置
65.2,ST040002,℃,2026-02-03 08:00:00,初馏点蒸发温度 TIBP,延化120万吨/年催化重整装置
0.8,ST040002,<p>%</p>,2026-02-03 08:00:00,平均残留百分数(B),延化120万吨/年催化重整装置
127.0,ST040002,℃,2026-02-03 08:00:00,50%平均蒸发温度T50%,延化120万吨/年催化重整装置
203.4,ST040002,℃,2026-02-03 08:00:00,终馏点蒸发温度TFBP,延化120万吨/年催化重整装置
98.0,ST040002,<p>%</p>,2026-02-03 08:00:00,全馏,延化120万吨/年催化重整装置
97.7,ST040002,℃,2026-02-03 08:00:00,10%平均蒸发温度T10%,延化120万吨/年催化重整装置
6.13,ST040002,<p>%</p>,2026-02-04 08:00:00,苯含量,延化120万吨/年催化重整装置
78.86,ST040002,<p>%</p>,2026-02-04 08:00:00,芳烃含量,延化120万吨/年催化重整装置
95.5,ST040002,℃,2026-02-04 08:00:00,10%平均蒸发温度T10%,延化120万吨/年催化重整装置
202.0,ST040002,℃,2026-02-04 08:00:00,终馏点蒸发温度TFBP,延化120万吨/年催化重整装置
161.5,ST040002,℃,2026-02-04 08:00:00,90%平均蒸发温度T90%,延化120万吨/年催化重整装置
127.5,ST040002,℃,2026-02-04 08:00:00,50%平均蒸发温度T50%,延化120万吨/年催化重整装置
72.0,ST040002,℃,2026-02-04 08:00:00,初馏点蒸发温度 TIBP,延化120万吨/年催化重整装置
0.8,ST040002,<p>%</p>,2026-02-04 08:00:00,校正损失百分数(LC),延化120万吨/年催化重整装置
0.8,ST040002,<p>%</p>,2026-02-04 08:00:00,校正损失百分数(LC),延化120万吨/年催化重整装置
98.4,ST040002,<p>%</p>,2026-02-04 08:00:00,校正回收百分数(RC),延化120万吨/年催化重整装置
98.4,ST040002,<p>%</p>,2026-02-04 08:00:00,校正回收百分数(RC),延化120万吨/年催化重整装置
98.4,ST040002,<p>%</p>,2026-02-04 08:00:00,全馏,延化120万吨/年催化重整装置
5.16,ST040002,<p>%</p>,2026-02-04 08:00:00,正构烷烃,延化120万吨/年催化重整装置
13.03,ST040002,<p>%</p>,2026-02-04 08:00:00,异构烷烃,延化120万吨/年催化重整装置
19.93,ST040002,<p>%</p>,2026-02-04 08:00:00,烷烃含量,延化120万吨/年催化重整装置
0.86,ST040002,<p>%</p>,2026-02-04 08:00:00,烯烃含量,延化120万吨/年催化重整装置
1.74,ST040002,<p>%</p>,2026-02-04 08:00:00,环烷烃含量,延化120万吨/年催化重整装置
821.9,ST040002,<p>kg/m<sup>3</sup></p>,2026-02-04 08:00:00,密度,延化120万吨/年催化重整装置
167.8,ST040002,℃,2026-02-05 08:00:00,90%平均蒸发温度T90%,延化120万吨/年催化重整装置
70.4,ST040002,℃,2026-02-05 08:00:00,初馏点蒸发温度 TIBP,延化120万吨/年催化重整装置
98.9,ST040002,℃,2026-02-05 08:00:00,10%平均蒸发温度T10%,延化120万吨/年催化重整装置
822.3,ST040002,<p>kg/m<sup>3</sup></p>,2026-02-05 08:00:00,密度,延化120万吨/年催化重整装置
200.9,ST040002,℃,2026-02-05 08:00:00,终馏点蒸发温度TFBP,延化120万吨/年催化重整装置
98.0,ST040002,<p>%</p>,2026-02-05 08:00:00,全馏,延化120万吨/年催化重整装置
0.8,ST040002,<p>%</p>,2026-02-05 08:00:00,平均残留百分数(B),延化120万吨/年催化重整装置
127.0,ST040002,℃,2026-02-05 08:00:00,50%平均蒸发温度T50%,延化120万吨/年催化重整装置
69.8,ST040002,℃,2026-02-06 08:00:00,初馏点蒸发温度 TIBP,延化120万吨/年催化重整装置
98.6,ST040002,℃,2026-02-06 08:00:00,10%平均蒸发温度T10%,延化120万吨/年催化重整装置
127.6,ST040002,℃,2026-02-06 08:00:00,50%平均蒸发温度T50%,延化120万吨/年催化重整装置
820.8,ST040002,<p>kg/m<sup>3</sup></p>,2026-02-06 08:00:00,密度,延化120万吨/年催化重整装置
166.4,ST040002,℃,2026-02-06 08:00:00,90%平均蒸发温度T90%,延化120万吨/年催化重整装置
189.4,ST040002,℃,2026-02-06 08:00:00,终馏点蒸发温度TFBP,延化120万吨/年催化重整装置
98.0,ST040002,<p>%</p>,2026-02-06 08:00:00,全馏,延化120万吨/年催化重整装置
0.8,ST040002,<p>%</p>,2026-02-06 08:00:00,平均残留百分数(B),延化120万吨/年催化重整装置
167.2,ST040002,℃,2026-02-07 08:00:00,90%平均蒸发温度T90%,延化120万吨/年催化重整装置
68.7,ST040002,℃,2026-02-07 08:00:00,初馏点蒸发温度 TIBP,延化120万吨/年催化重整装置
97.1,ST040002,℃,2026-02-07 08:00:00,10%平均蒸发温度T10%,延化120万吨/年催化重整装置
820.6,ST040002,<p>kg/m<sup>3</sup></p>,2026-02-07 08:00:00,密度,延化120万吨/年催化重整装置
200.5,ST040002,℃,2026-02-07 08:00:00,终馏点蒸发温度TFBP,延化120万吨/年催化重整装置
98.0,ST040002,<p>%</p>,2026-02-07 08:00:00,全馏,延化120万吨/年催化重整装置
0.8,ST040002,<p>%</p>,2026-02-07 08:00:00,平均残留百分数(B),延化120万吨/年催化重整装置
126.9,ST040002,℃,2026-02-07 08:00:00,50%平均蒸发温度T50%,延化120万吨/年催化重整装置
98.0,ST040002,<p>%</p>,2026-02-08 08:00:00,全馏,延化120万吨/年催化重整装置
819.8,ST040002,<p>kg/m<sup>3</sup></p>,2026-02-08 08:00:00,密度,延化120万吨/年催化重整装置
69.5,ST040002,℃,2026-02-08 08:00:00,初馏点蒸发温度 TIBP,延化120万吨/年催化重整装置
0.8,ST040002,<p>%</p>,2026-02-08 08:00:00,平均残留百分数(B),延化120万吨/年催化重整装置
126.9,ST040002,℃,2026-02-08 08:00:00,50%平均蒸发温度T50%,延化120万吨/年催化重整装置
167.1,ST040002,℃,2026-02-08 08:00:00,90%平均蒸发温度T90%,延化120万吨/年催化重整装置
200.5,ST040002,℃,2026-02-08 08:00:00,终馏点蒸发温度TFBP,延化120万吨/年催化重整装置
97.3,ST040002,℃,2026-02-08 08:00:00,10%平均蒸发温度T10%,延化120万吨/年催化重整装置
69.4,ST040002,℃,2026-02-09 08:00:00,初馏点蒸发温度 TIBP,延化120万吨/年催化重整装置
97.1,ST040002,℃,2026-02-09 08:00:00,10%平均蒸发温度T10%,延化120万吨/年催化重整装置
126.9,ST040002,℃,2026-02-09 08:00:00,50%平均蒸发温度T50%,延化120万吨/年催化重整装置
821.0,ST040002,<p>kg/m<sup>3</sup></p>,2026-02-09 08:00:00,密度,延化120万吨/年催化重整装置
200.4,ST040002,℃,2026-02-09 08:00:00,终馏点蒸发温度TFBP,延化120万吨/年催化重整装置
98.0,ST040002,<p>%</p>,2026-02-09 08:00:00,全馏,延化120万吨/年催化重整装置
0.8,ST040002,<p>%</p>,2026-02-09 08:00:00,平均残留百分数(B),延化120万吨/年催化重整装置
166.4,ST040002,℃,2026-02-09 08:00:00,90%平均蒸发温度T90%,延化120万吨/年催化重整装置
200.3,ST040002,℃,2026-02-10 08:00:00,终馏点蒸发温度TFBP,延化120万吨/年催化重整装置
98.0,ST040002,<p>%</p>,2026-02-10 08:00:00,全馏,延化120万吨/年催化重整装置
821.0,ST040002,<p>kg/m<sup>3</sup></p>,2026-02-10 08:00:00,密度,延化120万吨/年催化重整装置
166.5,ST040002,℃,2026-02-10 08:00:00,90%平均蒸发温度T90%,延化120万吨/年催化重整装置
97.1,ST040002,℃,2026-02-10 08:00:00,10%平均蒸发温度T10%,延化120万吨/年催化重整装置
126.8,ST040002,℃,2026-02-10 08:00:00,50%平均蒸发温度T50%,延化120万吨/年催化重整装置
0.8,ST040002,<p>%</p>,2026-02-10 08:00:00,平均残留百分数(B),延化120万吨/年催化重整装置
69.1,ST040002,℃,2026-02-10 08:00:00,初馏点蒸发温度 TIBP,延化120万吨/年催化重整装置
97.6,ST040002,℃,2026-02-11 08:00:00,10%平均蒸发温度T10%,延化120万吨/年催化重整装置
6.28,ST040002,<p>%</p>,2026-02-11 08:00:00,苯含量,延化120万吨/年催化重整装置
68.5,ST040002,℃,2026-02-11 08:00:00,初馏点蒸发温度 TIBP,延化120万吨/年催化重整装置
125.3,ST040002,℃,2026-02-11 08:00:00,50%平均蒸发温度T50%,延化120万吨/年催化重整装置
165.4,ST040002,℃,2026-02-11 08:00:00,90%平均蒸发温度T90%,延化120万吨/年催化重整装置
199.8,ST040002,℃,2026-02-11 08:00:00,终馏点蒸发温度TFBP,延化120万吨/年催化重整装置
98.0,ST040002,<p>%</p>,2026-02-11 08:00:00,全馏,延化120万吨/年催化重整装置
0.8,ST040002,<p>%</p>,2026-02-11 08:00:00,平均残留百分数(B),延化120万吨/年催化重整装置
77.54,ST040002,<p>%</p>,2026-02-11 08:00:00,芳烃含量,延化120万吨/年催化重整装置
3.21,ST040002,<p>%</p>,2026-02-11 08:00:00,正构烷烃,延化120万吨/年催化重整装置
16.02,ST040002,<p>%</p>,2026-02-11 08:00:00,异构烷烃,延化120万吨/年催化重整装置
21.04,ST040002,<p>%</p>,2026-02-11 08:00:00,烷烃含量,延化120万吨/年催化重整装置
1.40,ST040002,<p>%</p>,2026-02-11 08:00:00,烯烃含量,延化120万吨/年催化重整装置
1.81,ST040002,<p>%</p>,2026-02-11 08:00:00,环烷烃含量,延化120万吨/年催化重整装置
820.2,ST040002,<p>kg/m<sup>3</sup></p>,2026-02-11 08:00:00,密度,延化120万吨/年催化重整装置
165.7,ST040002,℃,2026-02-12 08:00:00,90%平均蒸发温度T90%,延化120万吨/年催化重整装置
69.2,ST040002,℃,2026-02-12 08:00:00,初馏点蒸发温度 TIBP,延化120万吨/年催化重整装置
97.3,ST040002,℃,2026-02-12 08:00:00,10%平均蒸发温度T10%,延化120万吨/年催化重整装置
818.7,ST040002,<p>kg/m<sup>3</sup></p>,2026-02-12 08:00:00,密度,延化120万吨/年催化重整装置
199.6,ST040002,℃,2026-02-12 08:00:00,终馏点蒸发温度TFBP,延化120万吨/年催化重整装置
98.0,ST040002,<p>%</p>,2026-02-12 08:00:00,全馏,延化120万吨/年催化重整装置
0.8,ST040002,<p>%</p>,2026-02-12 08:00:00,平均残留百分数(B),延化120万吨/年催化重整装置
125.0,ST040002,℃,2026-02-12 08:00:00,50%平均蒸发温度T50%,延化120万吨/年催化重整装置
69.5,ST040002,℃,2026-02-13 08:00:00,初馏点蒸发温度 TIBP,延化120万吨/年催化重整装置
97.3,ST040002,℃,2026-02-13 08:00:00,10%平均蒸发温度T10%,延化120万吨/年催化重整装置
127.0,ST040002,℃,2026-02-13 08:00:00,50%平均蒸发温度T50%,延化120万吨/年催化重整装置
819.4,ST040002,<p>kg/m<sup>3</sup></p>,2026-02-13 08:00:00,密度,延化120万吨/年催化重整装置
200.1,ST040002,℃,2026-02-13 08:00:00,终馏点蒸发温度TFBP,延化120万吨/年催化重整装置
98.0,ST040002,<p>%</p>,2026-02-13 08:00:00,全馏,延化120万吨/年催化重整装置
0.8,ST040002,<p>%</p>,2026-02-13 08:00:00,平均残留百分数(B),延化120万吨/年催化重整装置
166.4,ST040002,℃,2026-02-13 08:00:00,90%平均蒸发温度T90%,延化120万吨/年催化重整装置
817.6,ST040002,<p>kg/m<sup>3</sup></p>,2026-02-14 08:00:00,密度,延化120万吨/年催化重整装置
96.9,ST040002,℃,2026-02-14 08:00:00,10%平均蒸发温度T10%,延化120万吨/年催化重整装置
127.1,ST040002,℃,2026-02-14 08:00:00,50%平均蒸发温度T50%,延化120万吨/年催化重整装置
165.6,ST040002,℃,2026-02-14 08:00:00,90%平均蒸发温度T90%,延化120万吨/年催化重整装置
200.0,ST040002,℃,2026-02-14 08:00:00,终馏点蒸发温度TFBP,延化120万吨/年催化重整装置
98.0,ST040002,<p>%</p>,2026-02-14 08:00:00,全馏,延化120万吨/年催化重整装置
0.8,ST040002,<p>%</p>,2026-02-14 08:00:00,平均残留百分数(B),延化120万吨/年催化重整装置
68.3,ST040002,℃,2026-02-14 08:00:00,初馏点蒸发温度 TIBP,延化120万吨/年催化重整装置
200.2,ST040002,℃,2026-02-15 08:00:00,终馏点蒸发温度TFBP,延化120万吨/年催化重整装置
69.1,ST040002,℃,2026-02-15 08:00:00,初馏点蒸发温度 TIBP,延化120万吨/年催化重整装置
97.1,ST040002,℃,2026-02-15 08:00:00,10%平均蒸发温度T10%,延化120万吨/年催化重整装置
819.0,ST040002,<p>kg/m<sup>3</sup></p>,2026-02-15 08:00:00,密度,延化120万吨/年催化重整装置
166.8,ST040002,℃,2026-02-15 08:00:00,90%平均蒸发温度T90%,延化120万吨/年催化重整装置
98.0,ST040002,<p>%</p>,2026-02-15 08:00:00,全馏,延化120万吨/年催化重整装置
0.8,ST040002,<p>%</p>,2026-02-15 08:00:00,平均残留百分数(B),延化120万吨/年催化重整装置
127.0,ST040002,℃,2026-02-15 08:00:00,50%平均蒸发温度T50%,延化120万吨/年催化重整装置
68.5,ST040002,℃,2026-02-16 08:00:00,初馏点蒸发温度 TIBP,延化120万吨/年催化重整装置
96.4,ST040002,℃,2026-02-16 08:00:00,10%平均蒸发温度T10%,延化120万吨/年催化重整装置
126.9,ST040002,℃,2026-02-16 08:00:00,50%平均蒸发温度T50%,延化120万吨/年催化重整装置
818.9,ST040002,<p>kg/m<sup>3</sup></p>,2026-02-16 08:00:00,密度,延化120万吨/年催化重整装置
200.0,ST040002,℃,2026-02-16 08:00:00,终馏点蒸发温度TFBP,延化120万吨/年催化重整装置
98.0,ST040002,<p>%</p>,2026-02-16 08:00:00,全馏,延化120万吨/年催化重整装置
0.8,ST040002,<p>%</p>,2026-02-16 08:00:00,平均残留百分数(B),延化120万吨/年催化重整装置
166.0,ST040002,℃,2026-02-16 08:00:00,90%平均蒸发温度T90%,延化120万吨/年催化重整装置
166.4,ST040002,℃,2026-02-17 08:00:00,90%平均蒸发温度T90%,延化120万吨/年催化重整装置
98.0,ST040002,<p>%</p>,2026-02-17 08:00:00,全馏,延化120万吨/年催化重整装置
0.8,ST040002,<p>%</p>,2026-02-17 08:00:00,平均残留百分数(B),延化120万吨/年催化重整装置
127.0,ST040002,℃,2026-02-17 08:00:00,50%平均蒸发温度T50%,延化120万吨/年催化重整装置
820.6,ST040002,<p>kg/m<sup>3</sup></p>,2026-02-17 08:00:00,密度,延化120万吨/年催化重整装置
200.1,ST040002,℃,2026-02-17 08:00:00,终馏点蒸发温度TFBP,延化120万吨/年催化重整装置
99.3,ST040002,℃,2026-02-17 08:00:00,10%平均蒸发温度T10%,延化120万吨/年催化重整装置
71.5,ST040002,℃,2026-02-17 08:00:00,初馏点蒸发温度 TIBP,延化120万吨/年催化重整装置
166.1,ST040002,℃,2026-02-18 08:00:00,90%平均蒸发温度T90%,延化120万吨/年催化重整装置
819.2,ST040002,<p>kg/m<sup>3</sup></p>,2026-02-18 08:00:00,密度,延化120万吨/年催化重整装置
97.6,ST040002,℃,2026-02-18 08:00:00,10%平均蒸发温度T10%,延化120万吨/年催化重整装置
127.0,ST040002,℃,2026-02-18 08:00:00,50%平均蒸发温度T50%,延化120万吨/年催化重整装置
199.8,ST040002,℃,2026-02-18 08:00:00,终馏点蒸发温度TFBP,延化120万吨/年催化重整装置
98.0,ST040002,<p>%</p>,2026-02-18 08:00:00,全馏,延化120万吨/年催化重整装置
0.8,ST040002,<p>%</p>,2026-02-18 08:00:00,平均残留百分数(B),延化120万吨/年催化重整装置
5.37,ST040002,<p>%</p>,2026-02-18 08:00:00,正构烷烃,延化120万吨/年催化重整装置
13.38,ST040002,<p>%</p>,2026-02-18 08:00:00,异构烷烃,延化120万吨/年催化重整装置
20.59,ST040002,<p>%</p>,2026-02-18 08:00:00,烷烃含量,延化120万吨/年催化重整装置
0.92,ST040002,<p>%</p>,2026-02-18 08:00:00,烯烃含量,延化120万吨/年催化重整装置
1.84,ST040002,<p>%</p>,2026-02-18 08:00:00,环烷烃含量,延化120万吨/年催化重整装置
78.11,ST040002,<p>%</p>,2026-02-18 08:00:00,芳烃含量,延化120万吨/年催化重整装置
6.22,ST040002,<p>%</p>,2026-02-18 08:00:00,苯含量,延化120万吨/年催化重整装置
69.9,ST040002,℃,2026-02-18 08:00:00,初馏点蒸发温度 TIBP,延化120万吨/年催化重整装置
126.8,ST040002,℃,2026-02-19 08:00:00,50%平均蒸发温度T50%,延化120万吨/年催化重整装置
819.7,ST040002,<p>kg/m<sup>3</sup></p>,2026-02-19 08:00:00,密度,延化120万吨/年催化重整装置
68.8,ST040002,℃,2026-02-19 08:00:00,初馏点蒸发温度 TIBP,延化120万吨/年催化重整装置
0.8,ST040002,<p>%</p>,2026-02-19 08:00:00,平均残留百分数(B),延化120万吨/年催化重整装置
165.6,ST040002,℃,2026-02-19 08:00:00,90%平均蒸发温度T90%,延化120万吨/年催化重整装置
199.5,ST040002,℃,2026-02-19 08:00:00,终馏点蒸发温度TFBP,延化120万吨/年催化重整装置
98.0,ST040002,<p>%</p>,2026-02-19 08:00:00,全馏,延化120万吨/年催化重整装置
97.2,ST040002,℃,2026-02-19 08:00:00,10%平均蒸发温度T10%,延化120万吨/年催化重整装置
0.8,ST040002,<p>%</p>,2026-02-20 08:00:00,平均残留百分数(B),延化120万吨/年催化重整装置
167.3,ST040002,℃,2026-02-20 08:00:00,90%平均蒸发温度T90%,延化120万吨/年催化重整装置
200.1,ST040002,℃,2026-02-20 08:00:00,终馏点蒸发温度TFBP,延化120万吨/年催化重整装置
818.8,ST040002,<p>kg/m<sup>3</sup></p>,2026-02-20 08:00:00,密度,延化120万吨/年催化重整装置
71.0,ST040002,℃,2026-02-20 08:00:00,初馏点蒸发温度 TIBP,延化120万吨/年催化重整装置
99.9,ST040002,℃,2026-02-20 08:00:00,10%平均蒸发温度T10%,延化120万吨/年催化重整装置
127.3,ST040002,℃,2026-02-20 08:00:00,50%平均蒸发温度T50%,延化120万吨/年催化重整装置
98.0,ST040002,<p>%</p>,2026-02-20 08:00:00,全馏,延化120万吨/年催化重整装置
126.9,ST040002,℃,2026-02-21 08:00:00,50%平均蒸发温度T50%,延化120万吨/年催化重整装置
818.5,ST040002,<p>kg/m<sup>3</sup></p>,2026-02-21 08:00:00,密度,延化120万吨/年催化重整装置
71.3,ST040002,℃,2026-02-21 08:00:00,初馏点蒸发温度 TIBP,延化120万吨/年催化重整装置
0.8,ST040002,<p>%</p>,2026-02-21 08:00:00,平均残留百分数(B),延化120万吨/年催化重整装置
166.4,ST040002,℃,2026-02-21 08:00:00,90%平均蒸发温度T90%,延化120万吨/年催化重整装置
199.6,ST040002,℃,2026-02-21 08:00:00,终馏点蒸发温度TFBP,延化120万吨/年催化重整装置
98.0,ST040002,<p>%</p>,2026-02-21 08:00:00,全馏,延化120万吨/年催化重整装置
98.0,ST040002,℃,2026-02-21 08:00:00,10%平均蒸发温度T10%,延化120万吨/年催化重整装置
199.9,ST040002,℃,2026-02-22 08:00:00,终馏点蒸发温度TFBP,延化120万吨/年催化重整装置
819.3,ST040002,<p>kg/m<sup>3</sup></p>,2026-02-22 08:00:00,密度,延化120万吨/年催化重整装置
69.5,ST040002,℃,2026-02-22 08:00:00,初馏点蒸发温度 TIBP,延化120万吨/年催化重整装置
0.8,ST040002,<p>%</p>,2026-02-22 08:00:00,平均残留百分数(B),延化120万吨/年催化重整装置
127.0,ST040002,℃,2026-02-22 08:00:00,50%平均蒸发温度T50%,延化120万吨/年催化重整装置
166.5,ST040002,℃,2026-02-22 08:00:00,90%平均蒸发温度T90%,延化120万吨/年催化重整装置
98.0,ST040002,<p>%</p>,2026-02-22 08:00:00,全馏,延化120万吨/年催化重整装置
97.6,ST040002,℃,2026-02-22 08:00:00,10%平均蒸发温度T10%,延化120万吨/年催化重整装置
69.5,ST040002,℃,2026-02-23 08:00:00,初馏点蒸发温度 TIBP,延化120万吨/年催化重整装置
97.5,ST040002,℃,2026-02-23 08:00:00,10%平均蒸发温度T10%,延化120万吨/年催化重整装置
127.0,ST040002,℃,2026-02-23 08:00:00,50%平均蒸发温度T50%,延化120万吨/年催化重整装置
819.2,ST040002,<p>kg/m<sup>3</sup></p>,2026-02-23 08:00:00,密度,延化120万吨/年催化重整装置
199.6,ST040002,℃,2026-02-23 08:00:00,终馏点蒸发温度TFBP,延化120万吨/年催化重整装置
98.0,ST040002,<p>%</p>,2026-02-23 08:00:00,全馏,延化120万吨/年催化重整装置
0.8,ST040002,<p>%</p>,2026-02-23 08:00:00,平均残留百分数(B),延化120万吨/年催化重整装置
166.5,ST040002,℃,2026-02-23 08:00:00,90%平均蒸发温度T90%,延化120万吨/年催化重整装置
127.0,ST040002,℃,2026-02-24 08:00:00,50%平均蒸发温度T50%,延化120万吨/年催化重整装置
200.0,ST040002,℃,2026-02-24 08:00:00,终馏点蒸发温度TFBP,延化120万吨/年催化重整装置
98.0,ST040002,<p>%</p>,2026-02-24 08:00:00,全馏,延化120万吨/年催化重整装置
97.6,ST040002,℃,2026-02-24 08:00:00,10%平均蒸发温度T10%,延化120万吨/年催化重整装置
818.9,ST040002,<p>kg/m<sup>3</sup></p>,2026-02-24 08:00:00,密度,延化120万吨/年催化重整装置
167.0,ST040002,℃,2026-02-24 08:00:00,90%平均蒸发温度T90%,延化120万吨/年催化重整装置
68.8,ST040002,℃,2026-02-24 08:00:00,初馏点蒸发温度 TIBP,延化120万吨/年催化重整装置
0.8,ST040002,<p>%</p>,2026-02-24 08:00:00,平均残留百分数(B),延化120万吨/年催化重整装置
0.8,ST040002,<p>%</p>,2026-02-25 08:00:00,校正损失百分数(LC),延化120万吨/年催化重整装置
819.3,ST040002,<p>kg/m<sup>3</sup></p>,2026-02-25 08:00:00,密度,延化120万吨/年催化重整装置
98.4,ST040002,<p>%</p>,2026-02-25 08:00:00,校正回收百分数(RC),延化120万吨/年催化重整装置
0.8,ST040002,<p>%</p>,2026-02-25 08:00:00,校正损失百分数(LC),延化120万吨/年催化重整装置
68.5,ST040002,℃,2026-02-25 08:00:00,初馏点蒸发温度 TIBP,延化120万吨/年催化重整装置
94.5,ST040002,℃,2026-02-25 08:00:00,10%平均蒸发温度T10%,延化120万吨/年催化重整装置
125.5,ST040002,℃,2026-02-25 08:00:00,50%平均蒸发温度T50%,延化120万吨/年催化重整装置
167.5,ST040002,℃,2026-02-25 08:00:00,90%平均蒸发温度T90%,延化120万吨/年催化重整装置
202.5,ST040002,℃,2026-02-25 08:00:00,终馏点蒸发温度TFBP,延化120万吨/年催化重整装置
98.4,ST040002,<p>%</p>,2026-02-25 08:00:00,全馏,延化120万吨/年催化重整装置
5.63,ST040002,<p>%</p>,2026-02-25 08:00:00,正构烷烃,延化120万吨/年催化重整装置
14.01,ST040002,<p>%</p>,2026-02-25 08:00:00,异构烷烃,延化120万吨/年催化重整装置
21.59,ST040002,<p>%</p>,2026-02-25 08:00:00,烷烃含量,延化120万吨/年催化重整装置
0.83,ST040002,<p>%</p>,2026-02-25 08:00:00,烯烃含量,延化120万吨/年催化重整装置
1.95,ST040002,<p>%</p>,2026-02-25 08:00:00,环烷烃含量,延化120万吨/年催化重整装置
77.28,ST040002,<p>%</p>,2026-02-25 08:00:00,芳烃含量,延化120万吨/年催化重整装置
5.81,ST040002,<p>%</p>,2026-02-25 08:00:00,苯含量,延化120万吨/年催化重整装置
98.4,ST040002,<p>%</p>,2026-02-25 08:00:00,校正回收百分数(RC),延化120万吨/年催化重整装置
199.6,ST040002,℃,2026-02-26 08:00:00,终馏点蒸发温度TFBP,延化120万吨/年催化重整装置
69.5,ST040002,℃,2026-02-26 08:00:00,初馏点蒸发温度 TIBP,延化120万吨/年催化重整装置
97.4,ST040002,℃,2026-02-26 08:00:00,10%平均蒸发温度T10%,延化120万吨/年催化重整装置
818.4,ST040002,<p>kg/m<sup>3</sup></p>,2026-02-26 08:00:00,密度,延化120万吨/年催化重整装置
165.5,ST040002,℃,2026-02-26 08:00:00,90%平均蒸发温度T90%,延化120万吨/年催化重整装置
98.0,ST040002,<p>%</p>,2026-02-26 08:00:00,全馏,延化120万吨/年催化重整装置
0.8,ST040002,<p>%</p>,2026-02-26 08:00:00,平均残留百分数(B),延化120万吨/年催化重整装置
126.9,ST040002,℃,2026-02-26 08:00:00,50%平均蒸发温度T50%,延化120万吨/年催化重整装置
166.7,ST040002,℃,2026-02-27 08:00:00,90%平均蒸发温度T90%,延化120万吨/年催化重整装置
70.0,ST040002,℃,2026-02-27 08:00:00,初馏点蒸发温度 TIBP,延化120万吨/年催化重整装置
93.5,ST040002,℃,2026-02-27 08:00:00,10%平均蒸发温度T10%,延化120万吨/年催化重整装置
819.1,ST040002,<p>kg/m<sup>3</sup></p>,2026-02-27 08:00:00,密度,延化120万吨/年催化重整装置
200.1,ST040002,℃,2026-02-27 08:00:00,终馏点蒸发温度TFBP,延化120万吨/年催化重整装置
98.0,ST040002,<p>%</p>,2026-02-27 08:00:00,全馏,延化120万吨/年催化重整装置
0.8,ST040002,<p>%</p>,2026-02-27 08:00:00,平均残留百分数(B),延化120万吨/年催化重整装置
127.0,ST040002,℃,2026-02-27 08:00:00,50%平均蒸发温度T50%,延化120万吨/年催化重整装置
165.8,ST040002,℃,2026-02-28 08:00:00,90%平均蒸发温度T90%,延化120万吨/年催化重整装置
71.5,ST040002,℃,2026-02-28 08:00:00,初馏点蒸发温度 TIBP,延化120万吨/年催化重整装置
97.8,ST040002,℃,2026-02-28 08:00:00,10%平均蒸发温度T10%,延化120万吨/年催化重整装置
817.9,ST040002,<p>kg/m<sup>3</sup></p>,2026-02-28 08:00:00,密度,延化120万吨/年催化重整装置
199.8,ST040002,℃,2026-02-28 08:00:00,终馏点蒸发温度TFBP,延化120万吨/年催化重整装置
98.0,ST040002,<p>%</p>,2026-02-28 08:00:00,全馏,延化120万吨/年催化重整装置
0.8,ST040002,<p>%</p>,2026-02-28 08:00:00,平均残留百分数(B),延化120万吨/年催化重整装置
126.9,ST040002,℃,2026-02-28 08:00:00,50%平均蒸发温度T50%,延化120万吨/年催化重整装置
819.1,ST040002,<p>kg/m<sup>3</sup></p>,2026-03-01 08:00:00,密度,延化120万吨/年催化重整装置
71.0,ST040002,℃,2026-03-01 08:00:00,初馏点蒸发温度 TIBP,延化120万吨/年催化重整装置
97.7,ST040002,℃,2026-03-01 08:00:00,10%平均蒸发温度T10%,延化120万吨/年催化重整装置
127.2,ST040002,℃,2026-03-01 08:00:00,50%平均蒸发温度T50%,延化120万吨/年催化重整装置
167.6,ST040002,℃,2026-03-01 08:00:00,90%平均蒸发温度T90%,延化120万吨/年催化重整装置
200.7,ST040002,℃,2026-03-01 08:00:00,终馏点蒸发温度TFBP,延化120万吨/年催化重整装置
98.0,ST040002,<p>%</p>,2026-03-01 08:00:00,全馏,延化120万吨/年催化重整装置
0.8,ST040002,<p>%</p>,2026-03-01 08:00:00,平均残留百分数(B),延化120万吨/年催化重整装置
75.5,ST040002,℃,2026-03-02 08:00:00,初馏点蒸发温度 TIBP,延化120万吨/年催化重整装置
98.0,ST040002,<p>%</p>,2026-03-02 08:00:00,全馏,延化120万吨/年催化重整装置
99.3,ST040002,℃,2026-03-02 08:00:00,10%平均蒸发温度T10%,延化120万吨/年催化重整装置
823.1,ST040002,<p>kg/m<sup>3</sup></p>,2026-03-02 08:00:00,密度,延化120万吨/年催化重整装置
167.5,ST040002,℃,2026-03-02 08:00:00,90%平均蒸发温度T90%,延化120万吨/年催化重整装置
200.6,ST040002,℃,2026-03-02 08:00:00,终馏点蒸发温度TFBP,延化120万吨/年催化重整装置
0.8,ST040002,<p>%</p>,2026-03-02 08:00:00,平均残留百分数(B),延化120万吨/年催化重整装置
127.0,ST040002,℃,2026-03-02 08:00:00,50%平均蒸发温度T50%,延化120万吨/年催化重整装置
98.0,ST040002,<p>%</p>,2026-03-03 08:00:00,全馏,延化120万吨/年催化重整装置
824.4,ST040002,<p>kg/m<sup>3</sup></p>,2026-03-03 08:00:00,密度,延化120万吨/年催化重整装置
70.7,ST040002,℃,2026-03-03 08:00:00,初馏点蒸发温度 TIBP,延化120万吨/年催化重整装置
0.8,ST040002,<p>%</p>,2026-03-03 08:00:00,平均残留百分数(B),延化120万吨/年催化重整装置
132.0,ST040002,℃,2026-03-03 08:00:00,50%平均蒸发温度T50%,延化120万吨/年催化重整装置
167.1,ST040002,℃,2026-03-03 08:00:00,90%平均蒸发温度T90%,延化120万吨/年催化重整装置
201.6,ST040002,℃,2026-03-03 08:00:00,终馏点蒸发温度TFBP,延化120万吨/年催化重整装置
98.9,ST040002,℃,2026-03-03 08:00:00,10%平均蒸发温度T10%,延化120万吨/年催化重整装置
0.91,ST040002,<p>%</p>,2026-03-04 08:00:00,烯烃含量,延化120万吨/年催化重整装置
21.84,ST040002,<p>%</p>,2026-03-04 08:00:00,烷烃含量,延化120万吨/年催化重整装置
75.1,ST040002,℃,2026-03-04 08:00:00,初馏点蒸发温度 TIBP,延化120万吨/年催化重整装置
98.1,ST040002,℃,2026-03-04 08:00:00,10%平均蒸发温度T10%,延化120万吨/年催化重整装置
127.2,ST040002,℃,2026-03-04 08:00:00,50%平均蒸发温度T50%,延化120万吨/年催化重整装置
167.3,ST040002,℃,2026-03-04 08:00:00,90%平均蒸发温度T90%,延化120万吨/年催化重整装置
820.3,ST040002,<p>kg/m<sup>3</sup></p>,2026-03-04 08:00:00,密度,延化120万吨/年催化重整装置
200.5,ST040002,℃,2026-03-04 08:00:00,终馏点蒸发温度TFBP,延化120万吨/年催化重整装置
98.0,ST040002,<p>%</p>,2026-03-04 08:00:00,全馏,延化120万吨/年催化重整装置
0.8,ST040002,<p>%</p>,2026-03-04 08:00:00,平均残留百分数(B),延化120万吨/年催化重整装置
6.45,ST040002,<p>%</p>,2026-03-04 08:00:00,苯含量,延化120万吨/年催化重整装置
77.21,ST040002,<p>%</p>,2026-03-04 08:00:00,芳烃含量,延化120万吨/年催化重整装置
13.98,ST040002,<p>%</p>,2026-03-04 08:00:00,异构烷烃,延化120万吨/年催化重整装置
5.83,ST040002,<p>%</p>,2026-03-04 08:00:00,正构烷烃,延化120万吨/年催化重整装置
2.03,ST040002,<p>%</p>,2026-03-04 08:00:00,环烷烃含量,延化120万吨/年催化重整装置
820.6,ST040002,<p>kg/m<sup>3</sup></p>,2026-03-05 08:00:00,密度,延化120万吨/年催化重整装置
73.0,ST040002,℃,2026-03-05 08:00:00,初馏点蒸发温度 TIBP,延化120万吨/年催化重整装置
98.4,ST040002,℃,2026-03-05 08:00:00,10%平均蒸发温度T10%,延化120万吨/年催化重整装置
0.8,ST040002,<p>%</p>,2026-03-05 08:00:00,平均残留百分数(B),延化120万吨/年催化重整装置
167.7,ST040002,℃,2026-03-05 08:00:00,90%平均蒸发温度T90%,延化120万吨/年催化重整装置
200.8,ST040002,℃,2026-03-05 08:00:00,终馏点蒸发温度TFBP,延化120万吨/年催化重整装置
98.0,ST040002,<p>%</p>,2026-03-05 08:00:00,全馏,延化120万吨/年催化重整装置
127.2,ST040002,℃,2026-03-05 08:00:00,50%平均蒸发温度T50%,延化120万吨/年催化重整装置
166.9,ST040002,℃,2026-03-06 08:00:00,90%平均蒸发温度T90%,延化120万吨/年催化重整装置
71.9,ST040002,℃,2026-03-06 08:00:00,初馏点蒸发温度 TIBP,延化120万吨/年催化重整装置
98.7,ST040002,℃,2026-03-06 08:00:00,10%平均蒸发温度T10%,延化120万吨/年催化重整装置
821.1,ST040002,<p>kg/m<sup>3</sup></p>,2026-03-06 08:00:00,密度,延化120万吨/年催化重整装置
200.7,ST040002,℃,2026-03-06 08:00:00,终馏点蒸发温度TFBP,延化120万吨/年催化重整装置
98.0,ST040002,<p>%</p>,2026-03-06 08:00:00,全馏,延化120万吨/年催化重整装置
0.8,ST040002,<p>%</p>,2026-03-06 08:00:00,平均残留百分数(B),延化120万吨/年催化重整装置
127.0,ST040002,℃,2026-03-06 08:00:00,50%平均蒸发温度T50%,延化120万吨/年催化重整装置
0.8,ST040002,<p>%</p>,2026-03-07 08:00:00,平均残留百分数(B),延化120万吨/年催化重整装置
127.2,ST040002,℃,2026-03-07 08:00:00,50%平均蒸发温度T50%,延化120万吨/年催化重整装置
820.6,ST040002,<p>kg/m<sup>3</sup></p>,2026-03-07 08:00:00,密度,延化120万吨/年催化重整装置
98.0,ST040002,<p>%</p>,2026-03-07 08:00:00,全馏,延化120万吨/年催化重整装置
98.2,ST040002,℃,2026-03-07 08:00:00,10%平均蒸发温度T10%,延化120万吨/年催化重整装置
167.7,ST040002,℃,2026-03-07 08:00:00,90%平均蒸发温度T90%,延化120万吨/年催化重整装置
201.0,ST040002,℃,2026-03-07 08:00:00,终馏点蒸发温度TFBP,延化120万吨/年催化重整装置
71.4,ST040002,℃,2026-03-07 08:00:00,初馏点蒸发温度 TIBP,延化120万吨/年催化重整装置
127.0,ST040002,℃,2026-03-08 08:00:00,50%平均蒸发温度T50%,延化120万吨/年催化重整装置
821.2,ST040002,<p>kg/m<sup>3</sup></p>,2026-03-08 08:00:00,密度,延化120万吨/年催化重整装置
98.0,ST040002,<p>%</p>,2026-03-08 08:00:00,全馏,延化120万吨/年催化重整装置
201.2,ST040002,℃,2026-03-08 08:00:00,终馏点蒸发温度TFBP,延化120万吨/年催化重整装置
71.3,ST040002,℃,2026-03-08 08:00:00,初馏点蒸发温度 TIBP,延化120万吨/年催化重整装置
98.1,ST040002,℃,2026-03-08 08:00:00,10%平均蒸发温度T10%,延化120万吨/年催化重整装置
167.7,ST040002,℃,2026-03-08 08:00:00,90%平均蒸发温度T90%,延化120万吨/年催化重整装置
0.8,ST040002,<p>%</p>,2026-03-08 08:00:00,平均残留百分数(B),延化120万吨/年催化重整装置
98.0,ST040002,<p>%</p>,2026-03-09 08:00:00,全馏,延化120万吨/年催化重整装置
127.2,ST040002,℃,2026-03-09 08:00:00,50%平均蒸发温度T50%,延化120万吨/年催化重整装置
167.1,ST040002,℃,2026-03-09 08:00:00,90%平均蒸发温度T90%,延化120万吨/年催化重整装置
821.7,ST040002,<p>kg/m<sup>3</sup></p>,2026-03-09 08:00:00,密度,延化120万吨/年催化重整装置
0.8,ST040002,<p>%</p>,2026-03-09 08:00:00,平均残留百分数(B),延化120万吨/年催化重整装置
71.7,ST040002,℃,2026-03-09 08:00:00,初馏点蒸发温度 TIBP,延化120万吨/年催化重整装置
99.1,ST040002,℃,2026-03-09 08:00:00,10%平均蒸发温度T10%,延化120万吨/年催化重整装置
201.7,ST040002,℃,2026-03-09 08:00:00,终馏点蒸发温度TFBP,延化120万吨/年催化重整装置
71.4,ST040002,℃,2026-03-10 08:00:00,初馏点蒸发温度 TIBP,延化120万吨/年催化重整装置
98.8,ST040002,℃,2026-03-10 08:00:00,10%平均蒸发温度T10%,延化120万吨/年催化重整装置
127.3,ST040002,℃,2026-03-10 08:00:00,50%平均蒸发温度T50%,延化120万吨/年催化重整装置
821.6,ST040002,<p>kg/m<sup>3</sup></p>,2026-03-10 08:00:00,密度,延化120万吨/年催化重整装置
201.7,ST040002,℃,2026-03-10 08:00:00,终馏点蒸发温度TFBP,延化120万吨/年催化重整装置
98.0,ST040002,<p>%</p>,2026-03-10 08:00:00,全馏,延化120万吨/年催化重整装置
0.8,ST040002,<p>%</p>,2026-03-10 08:00:00,平均残留百分数(B),延化120万吨/年催化重整装置
166.9,ST040002,℃,2026-03-10 08:00:00,90%平均蒸发温度T90%,延化120万吨/年催化重整装置
8.0,ST040002,<p>%</p>,2026-03-11 08:00:00,全馏,延化120万吨/年催化重整装置
5.69,ST040002,<p>%</p>,2026-03-11 08:00:00,苯含量,延化120万吨/年催化重整装置
100.6,ST040002,℃,2026-03-11 08:00:00,10%平均蒸发温度T10%,延化120万吨/年催化重整装置
127.7,ST040002,℃,2026-03-11 08:00:00,50%平均蒸发温度T50%,延化120万吨/年催化重整装置
168.8,ST040002,℃,2026-03-11 08:00:00,90%平均蒸发温度T90%,延化120万吨/年催化重整装置
203.2,ST040002,℃,2026-03-11 08:00:00,终馏点蒸发温度TFBP,延化120万吨/年催化重整装置
0.8,ST040002,<p>%</p>,2026-03-11 08:00:00,平均残留百分数(B),延化120万吨/年催化重整装置
821.9,ST040002,<p>kg/m<sup>3</sup></p>,2026-03-11 08:00:00,密度,延化120万吨/年催化重整装置
5.41,ST040002,<p>%</p>,2026-03-11 08:00:00,正构烷烃,延化120万吨/年催化重整装置
13.26,ST040002,<p>%</p>,2026-03-11 08:00:00,异构烷烃,延化120万吨/年催化重整装置
20.64,ST040002,<p>%</p>,2026-03-11 08:00:00,烷烃含量,延化120万吨/年催化重整装置
0.87,ST040002,<p>%</p>,2026-03-11 08:00:00,烯烃含量,延化120万吨/年催化重整装置
1.97,ST040002,<p>%</p>,2026-03-11 08:00:00,环烷烃含量,延化120万吨/年催化重整装置
78.10,ST040002,<p>%</p>,2026-03-11 08:00:00,芳烃含量,延化120万吨/年催化重整装置
72.2,ST040002,℃,2026-03-11 08:00:00,初馏点蒸发温度 TIBP,延化120万吨/年催化重整装置
71.9,ST040002,℃,2026-03-12 08:00:00,初馏点蒸发温度 TIBP,延化120万吨/年催化重整装置
99.5,ST040002,℃,2026-03-12 08:00:00,10%平均蒸发温度T10%,延化120万吨/年催化重整装置
127.0,ST040002,℃,2026-03-12 08:00:00,50%平均蒸发温度T50%,延化120万吨/年催化重整装置
822.2,ST040002,<p>kg/m<sup>3</sup></p>,2026-03-12 08:00:00,密度,延化120万吨/年催化重整装置
202.1,ST040002,℃,2026-03-12 08:00:00,终馏点蒸发温度TFBP,延化120万吨/年催化重整装置
98.0,ST040002,<p>%</p>,2026-03-12 08:00:00,全馏,延化120万吨/年催化重整装置
0.8,ST040002,<p>%</p>,2026-03-12 08:00:00,平均残留百分数(B),延化120万吨/年催化重整装置
166.9,ST040002,℃,2026-03-12 08:00:00,90%平均蒸发温度T90%,延化120万吨/年催化重整装置
127.1,ST040002,℃,2026-03-13 08:00:00,50%平均蒸发温度T50%,延化120万吨/年催化重整装置
167.3,ST040002,℃,2026-03-13 08:00:00,90%平均蒸发温度T90%,延化120万吨/年催化重整装置
202.4,ST040002,℃,2026-03-13 08:00:00,终馏点蒸发温度TFBP,延化120万吨/年催化重整装置
98.9,ST040002,℃,2026-03-13 08:00:00,10%平均蒸发温度T10%,延化120万吨/年催化重整装置
0.8,ST040002,<p>%</p>,2026-03-13 08:00:00,平均残留百分数(B),延化120万吨/年催化重整装置
822.1,ST040002,<p>kg/m<sup>3</sup></p>,2026-03-13 08:00:00,密度,延化120万吨/年催化重整装置
71.2,ST040002,℃,2026-03-13 08:00:00,初馏点蒸发温度 TIBP,延化120万吨/年催化重整装置
98.0,ST040002,<p>%</p>,2026-03-13 08:00:00,全馏,延化120万吨/年催化重整装置
821.4,ST040002,<p>kg/m<sup>3</sup></p>,2026-03-14 08:00:00,密度,延化120万吨/年催化重整装置
127.2,ST040002,℃,2026-03-14 08:00:00,50%平均蒸发温度T50%,延化120万吨/年催化重整装置
70.8,ST040002,℃,2026-03-14 08:00:00,初馏点蒸发温度 TIBP,延化120万吨/年催化重整装置
0.8,ST040002,<p>%</p>,2026-03-14 08:00:00,平均残留百分数(B),延化120万吨/年催化重整装置
167.9,ST040002,℃,2026-03-14 08:00:00,90%平均蒸发温度T90%,延化120万吨/年催化重整装置
203.0,ST040002,℃,2026-03-14 08:00:00,终馏点蒸发温度TFBP,延化120万吨/年催化重整装置
98.0,ST040002,<p>%</p>,2026-03-14 08:00:00,全馏,延化120万吨/年催化重整装置
98.3,ST040002,℃,2026-03-14 08:00:00,10%平均蒸发温度T10%,延化120万吨/年催化重整装置
821.1,ST040002,<p>kg/m<sup>3</sup></p>,2026-03-15 08:00:00,密度,延化120万吨/年催化重整装置
71.2,ST040002,℃,2026-03-15 08:00:00,初馏点蒸发温度 TIBP,延化120万吨/年催化重整装置
98.7,ST040002,℃,2026-03-15 08:00:00,10%平均蒸发温度T10%,延化120万吨/年催化重整装置
98.0,ST040002,<p>%</p>,2026-03-15 08:00:00,全馏,延化120万吨/年催化重整装置
166.9,ST040002,℃,2026-03-15 08:00:00,90%平均蒸发温度T90%,延化120万吨/年催化重整装置
201.8,ST040002,℃,2026-03-15 08:00:00,终馏点蒸发温度TFBP,延化120万吨/年催化重整装置
0.8,ST040002,<p>%</p>,2026-03-15 08:00:00,平均残留百分数(B),延化120万吨/年催化重整装置
127.2,ST040002,℃,2026-03-15 08:00:00,50%平均蒸发温度T50%,延化120万吨/年催化重整装置
71.0,ST040002,℃,2026-03-16 08:00:00,初馏点蒸发温度 TIBP,延化120万吨/年催化重整装置
98.5,ST040002,℃,2026-03-16 08:00:00,10%平均蒸发温度T10%,延化120万吨/年催化重整装置
127.1,ST040002,℃,2026-03-16 08:00:00,50%平均蒸发温度T50%,延化120万吨/年催化重整装置
167.3,ST040002,℃,2026-03-16 08:00:00,90%平均蒸发温度T90%,延化120万吨/年催化重整装置
202.4,ST040002,℃,2026-03-16 08:00:00,终馏点蒸发温度TFBP,延化120万吨/年催化重整装置
98.0,ST040002,<p>%</p>,2026-03-16 08:00:00,全馏,延化120万吨/年催化重整装置
0.8,ST040002,<p>%</p>,2026-03-16 08:00:00,平均残留百分数(B),延化120万吨/年催化重整装置
821.2,ST040002,<p>kg/m<sup>3</sup></p>,2026-03-16 08:00:00,密度,延化120万吨/年催化重整装置
822.1,ST040002,<p>kg/m<sup>3</sup></p>,2026-03-17 08:00:00,密度,延化120万吨/年催化重整装置
71.0,ST040002,℃,2026-03-17 08:00:00,初馏点蒸发温度 TIBP,延化120万吨/年催化重整装置
99.6,ST040002,℃,2026-03-17 08:00:00,10%平均蒸发温度T10%,延化120万吨/年催化重整装置
0.8,ST040002,<p>%</p>,2026-03-17 08:00:00,平均残留百分数(B),延化120万吨/年催化重整装置
168.0,ST040002,℃,2026-03-17 08:00:00,90%平均蒸发温度T90%,延化120万吨/年催化重整装置
202.9,ST040002,℃,2026-03-17 08:00:00,终馏点蒸发温度TFBP,延化120万吨/年催化重整装置
98.0,ST040002,<p>%</p>,2026-03-17 08:00:00,全馏,延化120万吨/年催化重整装置
127.6,ST040002,℃,2026-03-17 08:00:00,50%平均蒸发温度T50%,延化120万吨/年催化重整装置
21.21,ST040002,<p>%</p>,2026-03-18 08:00:00,烷烃含量,延化120万吨/年催化重整装置
13.59,ST040002,<p>%</p>,2026-03-18 08:00:00,异构烷烃,延化120万吨/年催化重整装置
1.87,ST040002,<p>%</p>,2026-03-18 08:00:00,环烷烃含量,延化120万吨/年催化重整装置
77.85,ST040002,<p>%</p>,2026-03-18 08:00:00,芳烃含量,延化120万吨/年催化重整装置
5.61,ST040002,<p>%</p>,2026-03-18 08:00:00,苯含量,延化120万吨/年催化重整装置
167.0,ST040002,℃,2026-03-18 08:00:00,90%平均蒸发温度T90%,延化120万吨/年催化重整装置
202.0,ST040002,℃,2026-03-18 08:00:00,终馏点蒸发温度TFBP,延化120万吨/年催化重整装置
98.0,ST040002,<p>%</p>,2026-03-18 08:00:00,全馏,延化120万吨/年催化重整装置
0.8,ST040002,<p>%</p>,2026-03-18 08:00:00,平均残留百分数(B),延化120万吨/年催化重整装置
72.1,ST040002,℃,2026-03-18 08:00:00,初馏点蒸发温度 TIBP,延化120万吨/年催化重整装置
98.3,ST040002,℃,2026-03-18 08:00:00,10%平均蒸发温度T10%,延化120万吨/年催化重整装置
128.0,ST040002,℃,2026-03-18 08:00:00,50%平均蒸发温度T50%,延化120万吨/年催化重整装置
822.6,ST040002,<p>kg/m<sup>3</sup></p>,2026-03-18 08:00:00,密度,延化120万吨/年催化重整装置
5.75,ST040002,<p>%</p>,2026-03-18 08:00:00,正构烷烃,延化120万吨/年催化重整装置
0.91,ST040002,<p>%</p>,2026-03-18 08:00:00,烯烃含量,延化120万吨/年催化重整装置
168.5,ST040002,℃,2026-03-19 08:00:00,90%平均蒸发温度T90%,延化120万吨/年催化重整装置
71.1,ST040002,℃,2026-03-19 08:00:00,初馏点蒸发温度 TIBP,延化120万吨/年催化重整装置
98.9,ST040002,℃,2026-03-19 08:00:00,10%平均蒸发温度T10%,延化120万吨/年催化重整装置
821.5,ST040002,<p>kg/m<sup>3</sup></p>,2026-03-19 08:00:00,密度,延化120万吨/年催化重整装置
203.4,ST040002,℃,2026-03-19 08:00:00,终馏点蒸发温度TFBP,延化120万吨/年催化重整装置
98.0,ST040002,<p>%</p>,2026-03-19 08:00:00,全馏,延化120万吨/年催化重整装置
0.8,ST040002,<p>%</p>,2026-03-19 08:00:00,平均残留百分数(B),延化120万吨/年催化重整装置
127.3,ST040002,℃,2026-03-19 08:00:00,50%平均蒸发温度T50%,延化120万吨/年催化重整装置
821.0,ST040002,<p>kg/m<sup>3</sup></p>,2026-03-20 08:00:00,密度,延化120万吨/年催化重整装置
98.0,ST040002,<p>%</p>,2026-03-20 08:00:00,全馏,延化120万吨/年催化重整装置
70.6,ST040002,℃,2026-03-20 08:00:00,初馏点蒸发温度 TIBP,延化120万吨/年催化重整装置
0.8,ST040002,<p>%</p>,2026-03-20 08:00:00,平均残留百分数(B),延化120万吨/年催化重整装置
127.2,ST040002,℃,2026-03-20 08:00:00,50%平均蒸发温度T50%,延化120万吨/年催化重整装置
167.6,ST040002,℃,2026-03-20 08:00:00,90%平均蒸发温度T90%,延化120万吨/年催化重整装置
203.1,ST040002,℃,2026-03-20 08:00:00,终馏点蒸发温度TFBP,延化120万吨/年催化重整装置
98.2,ST040002,℃,2026-03-20 08:00:00,10%平均蒸发温度T10%,延化120万吨/年催化重整装置
167.7,ST040002,℃,2026-03-21 08:00:00,90%平均蒸发温度T90%,延化120万吨/年催化重整装置
71.0,ST040002,℃,2026-03-21 08:00:00,初馏点蒸发温度 TIBP,延化120万吨/年催化重整装置
99.2,ST040002,℃,2026-03-21 08:00:00,10%平均蒸发温度T10%,延化120万吨/年催化重整装置
822.5,ST040002,<p>kg/m<sup>3</sup></p>,2026-03-21 08:00:00,密度,延化120万吨/年催化重整装置
203.0,ST040002,℃,2026-03-21 08:00:00,终馏点蒸发温度TFBP,延化120万吨/年催化重整装置
98.0,ST040002,<p>%</p>,2026-03-21 08:00:00,全馏,延化120万吨/年催化重整装置
0.8,ST040002,<p>%</p>,2026-03-21 08:00:00,平均残留百分数(B),延化120万吨/年催化重整装置
127.3,ST040002,℃,2026-03-21 08:00:00,50%平均蒸发温度T50%,延化120万吨/年催化重整装置
70.9,ST040002,℃,2026-03-22 08:00:00,初馏点蒸发温度 TIBP,延化120万吨/年催化重整装置
99.0,ST040002,℃,2026-03-22 08:00:00,10%平均蒸发温度T10%,延化120万吨/年催化重整装置
127.2,ST040002,℃,2026-03-22 08:00:00,50%平均蒸发温度T50%,延化120万吨/年催化重整装置
823.0,ST040002,<p>kg/m<sup>3</sup></p>,2026-03-22 08:00:00,密度,延化120万吨/年催化重整装置
203.1,ST040002,℃,2026-03-22 08:00:00,终馏点蒸发温度TFBP,延化120万吨/年催化重整装置
98.0,ST040002,<p>%</p>,2026-03-22 08:00:00,全馏,延化120万吨/年催化重整装置
0.8,ST040002,<p>%</p>,2026-03-22 08:00:00,平均残留百分数(B),延化120万吨/年催化重整装置
168.1,ST040002,℃,2026-03-22 08:00:00,90%平均蒸发温度T90%,延化120万吨/年催化重整装置
822.6,ST040002,<p>kg/m<sup>3</sup></p>,2026-03-23 08:00:00,密度,延化120万吨/年催化重整装置
70.8,ST040002,℃,2026-03-23 08:00:00,初馏点蒸发温度 TIBP,延化120万吨/年催化重整装置
98.8,ST040002,℃,2026-03-23 08:00:00,10%平均蒸发温度T10%,延化120万吨/年催化重整装置
0.8,ST040002,<p>%</p>,2026-03-23 08:00:00,平均残留百分数(B),延化120万吨/年催化重整装置
167.5,ST040002,℃,2026-03-23 08:00:00,90%平均蒸发温度T90%,延化120万吨/年催化重整装置
202.8,ST040002,℃,2026-03-23 08:00:00,终馏点蒸发温度TFBP,延化120万吨/年催化重整装置
98.0,ST040002,<p>%</p>,2026-03-23 08:00:00,全馏,延化120万吨/年催化重整装置
127.1,ST040002,℃,2026-03-23 08:00:00,50%平均蒸发温度T50%,延化120万吨/年催化重整装置
70.2,ST040002,℃,2026-03-24 08:00:00,初馏点蒸发温度 TIBP,延化120万吨/年催化重整装置
97.8,ST040002,℃,2026-03-24 08:00:00,10%平均蒸发温度T10%,延化120万吨/年催化重整装置
127.1,ST040002,℃,2026-03-24 08:00:00,50%平均蒸发温度T50%,延化120万吨/年催化重整装置
821.8,ST040002,<p>kg/m<sup>3</sup></p>,2026-03-24 08:00:00,密度,延化120万吨/年催化重整装置
203.2,ST040002,℃,2026-03-24 08:00:00,终馏点蒸发温度TFBP,延化120万吨/年催化重整装置
98.0,ST040002,<p>%</p>,2026-03-24 08:00:00,全馏,延化120万吨/年催化重整装置
0.8,ST040002,<p>%</p>,2026-03-24 08:00:00,平均残留百分数(B),延化120万吨/年催化重整装置
167.5,ST040002,℃,2026-03-24 08:00:00,90%平均蒸发温度T90%,延化120万吨/年催化重整装置
5.36,ST040002,<p>%</p>,2026-03-25 08:00:00,正构烷烃,延化120万吨/年催化重整装置
821.9,ST040002,<p>kg/m<sup>3</sup></p>,2026-03-25 08:00:00,密度,延化120万吨/年催化重整装置
20.54,ST040002,<p>%</p>,2026-03-25 08:00:00,烷烃含量,延化120万吨/年催化重整装置
0.88,ST040002,<p>%</p>,2026-03-25 08:00:00,烯烃含量,延化120万吨/年催化重整装置
1.86,ST040002,<p>%</p>,2026-03-25 08:00:00,环烷烃含量,延化120万吨/年催化重整装置
78.23,ST040002,<p>%</p>,2026-03-25 08:00:00,芳烃含量,延化120万吨/年催化重整装置
5.69,ST040002,<p>%</p>,2026-03-25 08:00:00,苯含量,延化120万吨/年催化重整装置
202.5,ST040002,℃,2026-03-25 08:00:00,终馏点蒸发温度TFBP,延化120万吨/年催化重整装置
70.7,ST040002,℃,2026-03-25 08:00:00,初馏点蒸发温度 TIBP,延化120万吨/年催化重整装置
98.1,ST040002,℃,2026-03-25 08:00:00,10%平均蒸发温度T10%,延化120万吨/年催化重整装置
127.0,ST040002,℃,2026-03-25 08:00:00,50%平均蒸发温度T50%,延化120万吨/年催化重整装置
166.9,ST040002,℃,2026-03-25 08:00:00,90%平均蒸发温度T90%,延化120万吨/年催化重整装置
98.0,ST040002,<p>%</p>,2026-03-25 08:00:00,全馏,延化120万吨/年催化重整装置
0.8,ST040002,<p>%</p>,2026-03-25 08:00:00,平均残留百分数(B),延化120万吨/年催化重整装置
13.32,ST040002,<p>%</p>,2026-03-25 08:00:00,异构烷烃,延化120万吨/年催化重整装置
127.1,ST040002,℃,2026-03-26 08:00:00,50%平均蒸发温度T50%,延化120万吨/年催化重整装置
822.2,ST040002,<p>kg/m<sup>3</sup></p>,2026-03-26 08:00:00,密度,延化120万吨/年催化重整装置
71.0,ST040002,℃,2026-03-26 08:00:00,初馏点蒸发温度 TIBP,延化120万吨/年催化重整装置
0.8,ST040002,<p>%</p>,2026-03-26 08:00:00,平均残留百分数(B),延化120万吨/年催化重整装置
167.4,ST040002,℃,2026-03-26 08:00:00,90%平均蒸发温度T90%,延化120万吨/年催化重整装置
202.8,ST040002,℃,2026-03-26 08:00:00,终馏点蒸发温度TFBP,延化120万吨/年催化重整装置
98.0,ST040002,<p>%</p>,2026-03-26 08:00:00,全馏,延化120万吨/年催化重整装置
98.1,ST040002,℃,2026-03-26 08:00:00,10%平均蒸发温度T10%,延化120万吨/年催化重整装置
821.7,ST040002,<p>kg/m<sup>3</sup></p>,2026-03-27 08:00:00,密度,延化120万吨/年催化重整装置
168.5,ST040002,℃,2026-03-27 08:00:00,90%平均蒸发温度T90%,延化120万吨/年催化重整装置
70.3,ST040002,℃,2026-03-27 08:00:00,初馏点蒸发温度 TIBP,延化120万吨/年催化重整装置
0.8,ST040002,<p>%</p>,2026-03-27 08:00:00,平均残留百分数(B),延化120万吨/年催化重整装置
127.3,ST040002,℃,2026-03-27 08:00:00,50%平均蒸发温度T50%,延化120万吨/年催化重整装置
203.8,ST040002,℃,2026-03-27 08:00:00,终馏点蒸发温度TFBP,延化120万吨/年催化重整装置
98.0,ST040002,<p>%</p>,2026-03-27 08:00:00,全馏,延化120万吨/年催化重整装置
99.0,ST040002,℃,2026-03-27 08:00:00,10%平均蒸发温度T10%,延化120万吨/年催化重整装置
821.6,ST040002,<p>kg/m<sup>3</sup></p>,2026-03-28 08:00:00,密度,延化120万吨/年催化重整装置
98.0,ST040002,<p>%</p>,2026-03-28 08:00:00,全馏,延化120万吨/年催化重整装置
70.8,ST040002,℃,2026-03-28 08:00:00,初馏点蒸发温度 TIBP,延化120万吨/年催化重整装置
0.8,ST040002,<p>%</p>,2026-03-28 08:00:00,平均残留百分数(B),延化120万吨/年催化重整装置
127.0,ST040002,℃,2026-03-28 08:00:00,50%平均蒸发温度T50%,延化120万吨/年催化重整装置
167.4,ST040002,℃,2026-03-28 08:00:00,90%平均蒸发温度T90%,延化120万吨/年催化重整装置
203.2,ST040002,℃,2026-03-28 08:00:00,终馏点蒸发温度TFBP,延化120万吨/年催化重整装置
98.2,ST040002,℃,2026-03-28 08:00:00,10%平均蒸发温度T10%,延化120万吨/年催化重整装置
822.5,ST040002,<p>kg/m<sup>3</sup></p>,2026-03-29 08:00:00,密度,延化120万吨/年催化重整装置
70.2,ST040002,℃,2026-03-29 08:00:00,初馏点蒸发温度 TIBP,延化120万吨/年催化重整装置
97.6,ST040002,℃,2026-03-29 08:00:00,10%平均蒸发温度T10%,延化120万吨/年催化重整装置
0.8,ST040002,<p>%</p>,2026-03-29 08:00:00,平均残留百分数(B),延化120万吨/年催化重整装置
167.7,ST040002,℃,2026-03-29 08:00:00,90%平均蒸发温度T90%,延化120万吨/年催化重整装置
203.5,ST040002,℃,2026-03-29 08:00:00,终馏点蒸发温度TFBP,延化120万吨/年催化重整装置
98.0,ST040002,<p>%</p>,2026-03-29 08:00:00,全馏,延化120万吨/年催化重整装置
127.0,ST040002,℃,2026-03-29 08:00:00,50%平均蒸发温度T50%,延化120万吨/年催化重整装置
823.0,ST040002,<p>kg/m<sup>3</sup></p>,2026-03-30 08:00:00,密度,延化120万吨/年催化重整装置
69.4,ST040002,℃,2026-03-30 08:00:00,初馏点蒸发温度 TIBP,延化120万吨/年催化重整装置
97.9,ST040002,℃,2026-03-30 08:00:00,10%平均蒸发温度T10%,延化120万吨/年催化重整装置
0.8,ST040002,<p>%</p>,2026-03-30 08:00:00,平均残留百分数(B),延化120万吨/年催化重整装置
169.0,ST040002,℃,2026-03-30 08:00:00,90%平均蒸发温度T90%,延化120万吨/年催化重整装置
204.7,ST040002,℃,2026-03-30 08:00:00,终馏点蒸发温度TFBP,延化120万吨/年催化重整装置
98.0,ST040002,<p>%</p>,2026-03-30 08:00:00,全馏,延化120万吨/年催化重整装置
127.3,ST040002,℃,2026-03-30 08:00:00,50%平均蒸发温度T50%,延化120万吨/年催化重整装置
167.6,ST040002,℃,2026-03-31 08:00:00,90%平均蒸发温度T90%,延化120万吨/年催化重整装置
70.2,ST040002,℃,2026-03-31 08:00:00,初馏点蒸发温度 TIBP,延化120万吨/年催化重整装置
97.6,ST040002,℃,2026-03-31 08:00:00,10%平均蒸发温度T10%,延化120万吨/年催化重整装置
822.2,ST040002,<p>kg/m<sup>3</sup></p>,2026-03-31 08:00:00,密度,延化120万吨/年催化重整装置
203.4,ST040002,℃,2026-03-31 08:00:00,终馏点蒸发温度TFBP,延化120万吨/年催化重整装置
98.0,ST040002,<p>%</p>,2026-03-31 08:00:00,全馏,延化120万吨/年催化重整装置
0.8,ST040002,<p>%</p>,2026-03-31 08:00:00,平均残留百分数(B),延化120万吨/年催化重整装置
127.0,ST040002,℃,2026-03-31 08:00:00,50%平均蒸发温度T50%,延化120万吨/年催化重整装置
97.5,ST040002,℃,2026-04-01 08:00:00,10%平均蒸发温度T10%,延化120万吨/年催化重整装置
69.4,ST040002,℃,2026-04-01 08:00:00,初馏点蒸发温度 TIBP,延化120万吨/年催化重整装置
203.1,ST040002,℃,2026-04-01 08:00:00,终馏点蒸发温度TFBP,延化120万吨/年催化重整装置
98.0,ST040002,<p>%</p>,2026-04-01 08:00:00,全馏,延化120万吨/年催化重整装置
0.8,ST040002,<p>%</p>,2026-04-01 08:00:00,平均残留百分数(B),延化120万吨/年催化重整装置
0.95,ST040002,<p>%</p>,2026-04-01 08:00:00,烯烃含量,延化120万吨/年催化重整装置
5.86,ST040002,<p>%</p>,2026-04-01 08:00:00,正构烷烃,延化120万吨/年催化重整装置
13.71,ST040002,<p>%</p>,2026-04-01 08:00:00,异构烷烃,延化120万吨/年催化重整装置
21.49,ST040002,<p>%</p>,2026-04-01 08:00:00,烷烃含量,延化120万吨/年催化重整装置
1.92,ST040002,<p>%</p>,2026-04-01 08:00:00,环烷烃含量,延化120万吨/年催化重整装置
77.54,ST040002,<p>%</p>,2026-04-01 08:00:00,芳烃含量,延化120万吨/年催化重整装置
5.47,ST040002,<p>%</p>,2026-04-01 08:00:00,苯含量,延化120万吨/年催化重整装置
820.5,ST040002,<p>kg/m<sup>3</sup></p>,2026-04-01 08:00:00,密度,延化120万吨/年催化重整装置
167.5,ST040002,℃,2026-04-01 08:00:00,90%平均蒸发温度T90%,延化120万吨/年催化重整装置
127.1,ST040002,℃,2026-04-01 08:00:00,50%平均蒸发温度T50%,延化120万吨/年催化重整装置
98.0,ST040002,<p>%</p>,2026-04-02 08:00:00,全馏,延化120万吨/年催化重整装置
820.4,ST040002,<p>kg/m<sup>3</sup></p>,2026-04-02 08:00:00,密度,延化120万吨/年催化重整装置
70.4,ST040002,℃,2026-04-02 08:00:00,初馏点蒸发温度 TIBP,延化120万吨/年催化重整装置
0.8,ST040002,<p>%</p>,2026-04-02 08:00:00,平均残留百分数(B),延化120万吨/年催化重整装置
127.3,ST040002,℃,2026-04-02 08:00:00,50%平均蒸发温度T50%,延化120万吨/年催化重整装置
168.0,ST040002,℃,2026-04-02 08:00:00,90%平均蒸发温度T90%,延化120万吨/年催化重整装置
203.1,ST040002,℃,2026-04-02 08:00:00,终馏点蒸发温度TFBP,延化120万吨/年催化重整装置
98.8,ST040002,℃,2026-04-02 08:00:00,10%平均蒸发温度T10%,延化120万吨/年催化重整装置
69.2,ST040002,℃,2026-04-03 08:00:00,初馏点蒸发温度 TIBP,延化120万吨/年催化重整装置
96.1,ST040002,℃,2026-04-03 08:00:00,10%平均蒸发温度T10%,延化120万吨/年催化重整装置
127.3,ST040002,℃,2026-04-03 08:00:00,50%平均蒸发温度T50%,延化120万吨/年催化重整装置
820.1,ST040002,<p>kg/m<sup>3</sup></p>,2026-04-03 08:00:00,密度,延化120万吨/年催化重整装置
203.4,ST040002,℃,2026-04-03 08:00:00,终馏点蒸发温度TFBP,延化120万吨/年催化重整装置
98.0,ST040002,<p>%</p>,2026-04-03 08:00:00,全馏,延化120万吨/年催化重整装置
0.8,ST040002,<p>%</p>,2026-04-03 08:00:00,平均残留百分数(B),延化120万吨/年催化重整装置
167.8,ST040002,℃,2026-04-03 08:00:00,90%平均蒸发温度T90%,延化120万吨/年催化重整装置
68.3,ST040002,℃,2026-04-04 08:00:00,初馏点蒸发温度 TIBP,延化120万吨/年催化重整装置
97.7,ST040002,℃,2026-04-04 08:00:00,10%平均蒸发温度T10%,延化120万吨/年催化重整装置
127.1,ST040002,℃,2026-04-04 08:00:00,50%平均蒸发温度T50%,延化120万吨/年催化重整装置
820.7,ST040002,<p>kg/m<sup>3</sup></p>,2026-04-04 08:00:00,密度,延化120万吨/年催化重整装置
203.4,ST040002,℃,2026-04-04 08:00:00,终馏点蒸发温度TFBP,延化120万吨/年催化重整装置
98.0,ST040002,<p>%</p>,2026-04-04 08:00:00,全馏,延化120万吨/年催化重整装置
0.8,ST040002,<p>%</p>,2026-04-04 08:00:00,平均残留百分数(B),延化120万吨/年催化重整装置
168.1,ST040002,℃,2026-04-04 08:00:00,90%平均蒸发温度T90%,延化120万吨/年催化重整装置
67.9,ST040002,℃,2026-04-05 08:00:00,初馏点蒸发温度 TIBP,延化120万吨/年催化重整装置
97.2,ST040002,℃,2026-04-05 08:00:00,10%平均蒸发温度T10%,延化120万吨/年催化重整装置
127.3,ST040002,℃,2026-04-05 08:00:00,50%平均蒸发温度T50%,延化120万吨/年催化重整装置
820.6,ST040002,<p>kg/m<sup>3</sup></p>,2026-04-05 08:00:00,密度,延化120万吨/年催化重整装置
203.6,ST040002,℃,2026-04-05 08:00:00,终馏点蒸发温度TFBP,延化120万吨/年催化重整装置
98.0,ST040002,<p>%</p>,2026-04-05 08:00:00,全馏,延化120万吨/年催化重整装置
0.8,ST040002,<p>%</p>,2026-04-05 08:00:00,平均残留百分数(B),延化120万吨/年催化重整装置
168.5,ST040002,℃,2026-04-05 08:00:00,90%平均蒸发温度T90%,延化120万吨/年催化重整装置
67.9,ST040002,℃,2026-04-06 08:00:00,初馏点蒸发温度 TIBP,延化120万吨/年催化重整装置
97.0,ST040002,℃,2026-04-06 08:00:00,10%平均蒸发温度T10%,延化120万吨/年催化重整装置
127.1,ST040002,℃,2026-04-06 08:00:00,50%平均蒸发温度T50%,延化120万吨/年催化重整装置
820.6,ST040002,<p>kg/m<sup>3</sup></p>,2026-04-06 08:00:00,密度,延化120万吨/年催化重整装置
203.6,ST040002,℃,2026-04-06 08:00:00,终馏点蒸发温度TFBP,延化120万吨/年催化重整装置
98.0,ST040002,<p>%</p>,2026-04-06 08:00:00,全馏,延化120万吨/年催化重整装置
0.8,ST040002,<p>%</p>,2026-04-06 08:00:00,平均残留百分数(B),延化120万吨/年催化重整装置
168.5,ST040002,℃,2026-04-06 08:00:00,90%平均蒸发温度T90%,延化120万吨/年催化重整装置
821.0,ST040002,<p>kg/m<sup>3</sup></p>,2026-04-07 08:00:00,密度,延化120万吨/年催化重整装置
70.0,ST040002,℃,2026-04-07 08:00:00,初馏点蒸发温度 TIBP,延化120万吨/年催化重整装置
98.7,ST040002,℃,2026-04-07 08:00:00,10%平均蒸发温度T10%,延化120万吨/年催化重整装置
0.8,ST040002,<p>%</p>,2026-04-07 08:00:00,平均残留百分数(B),延化120万吨/年催化重整装置
168.5,ST040002,℃,2026-04-07 08:00:00,90%平均蒸发温度T90%,延化120万吨/年催化重整装置
203.5,ST040002,℃,2026-04-07 08:00:00,终馏点蒸发温度TFBP,延化120万吨/年催化重整装置
98.0,ST040002,<p>%</p>,2026-04-07 08:00:00,全馏,延化120万吨/年催化重整装置
127.3,ST040002,℃,2026-04-07 08:00:00,50%平均蒸发温度T50%,延化120万吨/年催化重整装置
0.8,ST040002,<p>%</p>,2026-04-08 08:00:00,平均残留百分数(B),延化120万吨/年催化重整装置
5.29,ST040002,<p>%</p>,2026-04-08 08:00:00,苯含量,延化120万吨/年催化重整装置
69.5,ST040002,℃,2026-04-08 08:00:00,初馏点蒸发温度 TIBP,延化120万吨/年催化重整装置
98.2,ST040002,℃,2026-04-08 08:00:00,10%平均蒸发温度T10%,延化120万吨/年催化重整装置
127.4,ST040002,℃,2026-04-08 08:00:00,50%平均蒸发温度T50%,延化120万吨/年催化重整装置
168.8,ST040002,℃,2026-04-08 08:00:00,90%平均蒸发温度T90%,延化120万吨/年催化重整装置
203.7,ST040002,℃,2026-04-08 08:00:00,终馏点蒸发温度TFBP,延化120万吨/年催化重整装置
98.0,ST040002,<p>%</p>,2026-04-08 08:00:00,全馏,延化120万吨/年催化重整装置
0.89,ST040002,<p>%</p>,2026-04-08 08:00:00,烯烃含量,延化120万吨/年催化重整装置
5.56,ST040002,<p>%</p>,2026-04-08 08:00:00,正构烷烃,延化120万吨/年催化重整装置
13.33,ST040002,<p>%</p>,2026-04-08 08:00:00,异构烷烃,延化120万吨/年催化重整装置
20.96,ST040002,<p>%</p>,2026-04-08 08:00:00,烷烃含量,延化120万吨/年催化重整装置
2.07,ST040002,<p>%</p>,2026-04-08 08:00:00,环烷烃含量,延化120万吨/年催化重整装置
77.74,ST040002,<p>%</p>,2026-04-08 08:00:00,芳烃含量,延化120万吨/年催化重整装置
820.9,ST040002,<p>kg/m<sup>3</sup></p>,2026-04-08 08:00:00,密度,延化120万吨/年催化重整装置
99.0,ST040002,℃,2026-04-09 08:00:00,10%平均蒸发温度T10%,延化120万吨/年催化重整装置
127.3,ST040002,℃,2026-04-09 08:00:00,50%平均蒸发温度T50%,延化120万吨/年催化重整装置
168.6,ST040002,℃,2026-04-09 08:00:00,90%平均蒸发温度T90%,延化120万吨/年催化重整装置
820.2,ST040002,<p>kg/m<sup>3</sup></p>,2026-04-09 08:00:00,密度,延化120万吨/年催化重整装置
203.7,ST040002,℃,2026-04-09 08:00:00,终馏点蒸发温度TFBP,延化120万吨/年催化重整装置
98.0,ST040002,<p>%</p>,2026-04-09 08:00:00,全馏,延化120万吨/年催化重整装置
0.8,ST040002,<p>%</p>,2026-04-09 08:00:00,平均残留百分数(B),延化120万吨/年催化重整装置
70.4,ST040002,℃,2026-04-09 08:00:00,初馏点蒸发温度 TIBP,延化120万吨/年催化重整装置
99.2,ST040002,℃,2026-04-10 08:00:00,10%平均蒸发温度T10%,延化120万吨/年催化重整装置
127.2,ST040002,℃,2026-04-10 08:00:00,50%平均蒸发温度T50%,延化120万吨/年催化重整装置
168.3,ST040002,℃,2026-04-10 08:00:00,90%平均蒸发温度T90%,延化120万吨/年催化重整装置
70.7,ST040002,℃,2026-04-10 08:00:00,初馏点蒸发温度 TIBP,延化120万吨/年催化重整装置
98.0,ST040002,<p>%</p>,2026-04-10 08:00:00,全馏,延化120万吨/年催化重整装置
0.8,ST040002,<p>%</p>,2026-04-10 08:00:00,平均残留百分数(B),延化120万吨/年催化重整装置
820.7,ST040002,<p>kg/m<sup>3</sup></p>,2026-04-10 08:00:00,密度,延化120万吨/年催化重整装置
203.4,ST040002,℃,2026-04-10 08:00:00,终馏点蒸发温度TFBP,延化120万吨/年催化重整装置
98.0,ST040002,<p>%</p>,2026-04-11 08:00:00,全馏,延化120万吨/年催化重整装置
0.8,ST040002,<p>%</p>,2026-04-11 08:00:00,平均残留百分数(B),延化120万吨/年催化重整装置
820.4,ST040002,<p>kg/m<sup>3</sup></p>,2026-04-11 08:00:00,密度,延化120万吨/年催化重整装置
203.9,ST040002,℃,2026-04-11 08:00:00,终馏点蒸发温度TFBP,延化120万吨/年催化重整装置
98.4,ST040002,℃,2026-04-11 08:00:00,10%平均蒸发温度T10%,延化120万吨/年催化重整装置
127.4,ST040002,℃,2026-04-11 08:00:00,50%平均蒸发温度T50%,延化120万吨/年催化重整装置
168.7,ST040002,℃,2026-04-11 08:00:00,90%平均蒸发温度T90%,延化120万吨/年催化重整装置
70.3,ST040002,℃,2026-04-11 08:00:00,初馏点蒸发温度 TIBP,延化120万吨/年催化重整装置
98.0,ST040002,<p>%</p>,2026-04-12 08:00:00,全馏,延化120万吨/年催化重整装置
99.2,ST040002,℃,2026-04-12 08:00:00,10%平均蒸发温度T10%,延化120万吨/年催化重整装置
127.3,ST040002,℃,2026-04-12 08:00:00,50%平均蒸发温度T50%,延化120万吨/年催化重整装置
821.5,ST040002,<p>kg/m<sup>3</sup></p>,2026-04-12 08:00:00,密度,延化120万吨/年催化重整装置
203.6,ST040002,℃,2026-04-12 08:00:00,终馏点蒸发温度TFBP,延化120万吨/年催化重整装置
70.9,ST040002,℃,2026-04-12 08:00:00,初馏点蒸发温度 TIBP,延化120万吨/年催化重整装置
0.8,ST040002,<p>%</p>,2026-04-12 08:00:00,平均残留百分数(B),延化120万吨/年催化重整装置
168.5,ST040002,℃,2026-04-12 08:00:00,90%平均蒸发温度T90%,延化120万吨/年催化重整装置
167.8,ST040002,℃,2026-04-13 08:00:00,90%平均蒸发温度T90%,延化120万吨/年催化重整装置
70.8,ST040002,℃,2026-04-13 08:00:00,初馏点蒸发温度 TIBP,延化120万吨/年催化重整装置
98.4,ST040002,℃,2026-04-13 08:00:00,10%平均蒸发温度T10%,延化120万吨/年催化重整装置
819.8,ST040002,<p>kg/m<sup>3</sup></p>,2026-04-13 08:00:00,密度,延化120万吨/年催化重整装置
203.0,ST040002,℃,2026-04-13 08:00:00,终馏点蒸发温度TFBP,延化120万吨/年催化重整装置
98.0,ST040002,<p>%</p>,2026-04-13 08:00:00,全馏,延化120万吨/年催化重整装置
0.8,ST040002,<p>%</p>,2026-04-13 08:00:00,平均残留百分数(B),延化120万吨/年催化重整装置
127.2,ST040002,℃,2026-04-13 08:00:00,50%平均蒸发温度T50%,延化120万吨/年催化重整装置
819.4,ST040002,<p>kg/m<sup>3</sup></p>,2026-04-14 08:00:00,密度,延化120万吨/年催化重整装置
168.3,ST040002,℃,2026-04-14 08:00:00,90%平均蒸发温度T90%,延化120万吨/年催化重整装置
69.5,ST040002,℃,2026-04-14 08:00:00,初馏点蒸发温度 TIBP,延化120万吨/年催化重整装置
0.8,ST040002,<p>%</p>,2026-04-14 08:00:00,平均残留百分数(B),延化120万吨/年催化重整装置
127.3,ST040002,℃,2026-04-14 08:00:00,50%平均蒸发温度T50%,延化120万吨/年催化重整装置
203.3,ST040002,℃,2026-04-14 08:00:00,终馏点蒸发温度TFBP,延化120万吨/年催化重整装置
98.0,ST040002,<p>%</p>,2026-04-14 08:00:00,全馏,延化120万吨/年催化重整装置
97.9,ST040002,℃,2026-04-14 08:00:00,10%平均蒸发温度T10%,延化120万吨/年催化重整装置
0.93,ST040002,<p>%</p>,2026-04-15 08:00:00,烯烃含量,延化120万吨/年催化重整装置
6.19,ST040002,<p>%</p>,2026-04-15 08:00:00,正构烷烃,延化120万吨/年催化重整装置
14.40,ST040002,<p>%</p>,2026-04-15 08:00:00,异构烷烃,延化120万吨/年催化重整装置
22.61,ST040002,<p>%</p>,2026-04-15 08:00:00,烷烃含量,延化120万吨/年催化重整装置
2.02,ST040002,<p>%</p>,2026-04-15 08:00:00,环烷烃含量,延化120万吨/年催化重整装置
76.47,ST040002,<p>%</p>,2026-04-15 08:00:00,芳烃含量,延化120万吨/年催化重整装置
5.30,ST040002,<p>%</p>,2026-04-15 08:00:00,苯含量,延化120万吨/年催化重整装置
819.2,ST040002,<p>kg/m<sup>3</sup></p>,2026-04-15 08:00:00,密度,延化120万吨/年催化重整装置
70.6,ST040002,℃,2026-04-15 08:00:00,初馏点蒸发温度 TIBP,延化120万吨/年催化重整装置
97.9,ST040002,℃,2026-04-15 08:00:00,10%平均蒸发温度T10%,延化120万吨/年催化重整装置
127.4,ST040002,℃,2026-04-15 08:00:00,50%平均蒸发温度T50%,延化120万吨/年催化重整装置
167.7,ST040002,℃,2026-04-15 08:00:00,90%平均蒸发温度T90%,延化120万吨/年催化重整装置
202.8,ST040002,℃,2026-04-15 08:00:00,终馏点蒸发温度TFBP,延化120万吨/年催化重整装置
98.0,ST040002,<p>%</p>,2026-04-15 08:00:00,全馏,延化120万吨/年催化重整装置
0.8,ST040002,<p>%</p>,2026-04-15 08:00:00,平均残留百分数(B),延化120万吨/年催化重整装置
168.2,ST040002,℃,2026-04-16 08:00:00,90%平均蒸发温度T90%,延化120万吨/年催化重整装置
70.9,ST040002,℃,2026-04-16 08:00:00,初馏点蒸发温度 TIBP,延化120万吨/年催化重整装置
99.1,ST040002,℃,2026-04-16 08:00:00,10%平均蒸发温度T10%,延化120万吨/年催化重整装置
820.3,ST040002,<p>kg/m<sup>3</sup></p>,2026-04-16 08:00:00,密度,延化120万吨/年催化重整装置
203.0,ST040002,℃,2026-04-16 08:00:00,终馏点蒸发温度TFBP,延化120万吨/年催化重整装置
98.0,ST040002,<p>%</p>,2026-04-16 08:00:00,全馏,延化120万吨/年催化重整装置
0.8,ST040002,<p>%</p>,2026-04-16 08:00:00,平均残留百分数(B),延化120万吨/年催化重整装置
127.3,ST040002,℃,2026-04-16 08:00:00,50%平均蒸发温度T50%,延化120万吨/年催化重整装置
98.0,ST040002,℃,2026-04-17 08:00:00,10%平均蒸发温度T10%,延化120万吨/年催化重整装置
127.2,ST040002,℃,2026-04-17 08:00:00,50%平均蒸发温度T50%,延化120万吨/年催化重整装置
202.8,ST040002,℃,2026-04-17 08:00:00,终馏点蒸发温度TFBP,延化120万吨/年催化重整装置
70.2,ST040002,℃,2026-04-17 08:00:00,初馏点蒸发温度 TIBP,延化120万吨/年催化重整装置
0.8,ST040002,<p>%</p>,2026-04-17 08:00:00,平均残留百分数(B),延化120万吨/年催化重整装置
819.7,ST040002,<p>kg/m<sup>3</sup></p>,2026-04-17 08:00:00,密度,延化120万吨/年催化重整装置
167.7,ST040002,℃,2026-04-17 08:00:00,90%平均蒸发温度T90%,延化120万吨/年催化重整装置
98.0,ST040002,<p>%</p>,2026-04-17 08:00:00,全馏,延化120万吨/年催化重整装置
167.3,ST040002,℃,2026-04-18 08:00:00,90%平均蒸发温度T90%,延化120万吨/年催化重整装置
70.2,ST040002,℃,2026-04-18 08:00:00,初馏点蒸发温度 TIBP,延化120万吨/年催化重整装置
97.8,ST040002,℃,2026-04-18 08:00:00,10%平均蒸发温度T10%,延化120万吨/年催化重整装置
818.8,ST040002,<p>kg/m<sup>3</sup></p>,2026-04-18 08:00:00,密度,延化120万吨/年催化重整装置
202.4,ST040002,℃,2026-04-18 08:00:00,终馏点蒸发温度TFBP,延化120万吨/年催化重整装置
98.0,ST040002,<p>%</p>,2026-04-18 08:00:00,全馏,延化120万吨/年催化重整装置
0.8,ST040002,<p>%</p>,2026-04-18 08:00:00,平均残留百分数(B),延化120万吨/年催化重整装置
127.2,ST040002,℃,2026-04-18 08:00:00,50%平均蒸发温度T50%,延化120万吨/年催化重整装置
821.0,ST040002,<p>kg/m<sup>3</sup></p>,2026-04-19 08:00:00,密度,延化120万吨/年催化重整装置
70.9,ST040002,℃,2026-04-19 08:00:00,初馏点蒸发温度 TIBP,延化120万吨/年催化重整装置
99.0,ST040002,℃,2026-04-19 08:00:00,10%平均蒸发温度T10%,延化120万吨/年催化重整装置
0.8,ST040002,<p>%</p>,2026-04-19 08:00:00,平均残留百分数(B),延化120万吨/年催化重整装置
167.7,ST040002,℃,2026-04-19 08:00:00,90%平均蒸发温度T90%,延化120万吨/年催化重整装置
202.6,ST040002,℃,2026-04-19 08:00:00,终馏点蒸发温度TFBP,延化120万吨/年催化重整装置
98.0,ST040002,<p>%</p>,2026-04-19 08:00:00,全馏,延化120万吨/年催化重整装置
127.2,ST040002,℃,2026-04-19 08:00:00,50%平均蒸发温度T50%,延化120万吨/年催化重整装置
99.1,ST040002,℃,2026-04-20 08:00:00,10%平均蒸发温度T10%,延化120万吨/年催化重整装置
127.2,ST040002,℃,2026-04-20 08:00:00,50%平均蒸发温度T50%,延化120万吨/年催化重整装置
167.5,ST040002,℃,2026-04-20 08:00:00,90%平均蒸发温度T90%,延化120万吨/年催化重整装置
70.9,ST040002,℃,2026-04-20 08:00:00,初馏点蒸发温度 TIBP,延化120万吨/年催化重整装置
98.0,ST040002,<p>%</p>,2026-04-20 08:00:00,全馏,延化120万吨/年催化重整装置
0.8,ST040002,<p>%</p>,2026-04-20 08:00:00,平均残留百分数(B),延化120万吨/年催化重整装置
821.0,ST040002,<p>kg/m<sup>3</sup></p>,2026-04-20 08:00:00,密度,延化120万吨/年催化重整装置
202.4,ST040002,℃,2026-04-20 08:00:00,终馏点蒸发温度TFBP,延化120万吨/年催化重整装置
167.5,ST040002,℃,2026-04-21 08:00:00,90%平均蒸发温度T90%,延化120万吨/年催化重整装置
71.4,ST040002,℃,2026-04-21 08:00:00,初馏点蒸发温度 TIBP,延化120万吨/年催化重整装置
99.4,ST040002,℃,2026-04-21 08:00:00,10%平均蒸发温度T10%,延化120万吨/年催化重整装置
821.6,ST040002,<p>kg/m<sup>3</sup></p>,2026-04-21 08:00:00,密度,延化120万吨/年催化重整装置
202.2,ST040002,℃,2026-04-21 08:00:00,终馏点蒸发温度TFBP,延化120万吨/年催化重整装置
98.0,ST040002,<p>%</p>,2026-04-21 08:00:00,全馏,延化120万吨/年催化重整装置
0.8,ST040002,<p>%</p>,2026-04-21 08:00:00,平均残留百分数(B),延化120万吨/年催化重整装置
127.2,ST040002,℃,2026-04-21 08:00:00,50%平均蒸发温度T50%,延化120万吨/年催化重整装置
127.2,ST040002,℃,2026-04-22 08:00:00,50%平均蒸发温度T50%,延化120万吨/年催化重整装置
5.54,ST040002,<p>%</p>,2026-04-22 08:00:00,苯含量,延化120万吨/年催化重整装置
71.2,ST040002,℃,2026-04-22 08:00:00,初馏点蒸发温度 TIBP,延化120万吨/年催化重整装置
99.2,ST040002,℃,2026-04-22 08:00:00,10%平均蒸发温度T10%,延化120万吨/年催化重整装置
167.7,ST040002,℃,2026-04-22 08:00:00,90%平均蒸发温度T90%,延化120万吨/年催化重整装置
202.3,ST040002,℃,2026-04-22 08:00:00,终馏点蒸发温度TFBP,延化120万吨/年催化重整装置
98.0,ST040002,<p>%</p>,2026-04-22 08:00:00,全馏,延化120万吨/年催化重整装置
0.8,ST040002,<p>%</p>,2026-04-22 08:00:00,平均残留百分数(B),延化120万吨/年催化重整装置
0.92,ST040002,<p>%</p>,2026-04-22 08:00:00,烯烃含量,延化120万吨/年催化重整装置
5.65,ST040002,<p>%</p>,2026-04-22 08:00:00,正构烷烃,延化120万吨/年催化重整装置
13.87,ST040002,<p>%</p>,2026-04-22 08:00:00,异构烷烃,延化120万吨/年催化重整装置
21.72,ST040002,<p>%</p>,2026-04-22 08:00:00,烷烃含量,延化120万吨/年催化重整装置
2.20,ST040002,<p>%</p>,2026-04-22 08:00:00,环烷烃含量,延化120万吨/年催化重整装置
77.37,ST040002,<p>%</p>,2026-04-22 08:00:00,芳烃含量,延化120万吨/年催化重整装置
821.9,ST040002,<p>kg/m<sup>3</sup></p>,2026-04-22 08:00:00,密度,延化120万吨/年催化重整装置
821.4,ST040002,<p>kg/m<sup>3</sup></p>,2026-04-23 08:00:00,密度,延化120万吨/年催化重整装置
71.0,ST040002,℃,2026-04-23 08:00:00,初馏点蒸发温度 TIBP,延化120万吨/年催化重整装置
99.1,ST040002,℃,2026-04-23 08:00:00,10%平均蒸发温度T10%,延化120万吨/年催化重整装置
0.8,ST040002,<p>%</p>,2026-04-23 08:00:00,平均残留百分数(B),延化120万吨/年催化重整装置
167.8,ST040002,℃,2026-04-23 08:00:00,90%平均蒸发温度T90%,延化120万吨/年催化重整装置
202.5,ST040002,℃,2026-04-23 08:00:00,终馏点蒸发温度TFBP,延化120万吨/年催化重整装置
98.0,ST040002,<p>%</p>,2026-04-23 08:00:00,全馏,延化120万吨/年催化重整装置
127.4,ST040002,℃,2026-04-23 08:00:00,50%平均蒸发温度T50%,延化120万吨/年催化重整装置
167.8,ST040002,℃,2026-04-24 08:00:00,90%平均蒸发温度T90%,延化120万吨/年催化重整装置
70.3,ST040002,℃,2026-04-24 08:00:00,初馏点蒸发温度 TIBP,延化120万吨/年催化重整装置
98.5,ST040002,℃,2026-04-24 08:00:00,10%平均蒸发温度T10%,延化120万吨/年催化重整装置
820.5,ST040002,<p>kg/m<sup>3</sup></p>,2026-04-24 08:00:00,密度,延化120万吨/年催化重整装置
203.1,ST040002,℃,2026-04-24 08:00:00,终馏点蒸发温度TFBP,延化120万吨/年催化重整装置
98.0,ST040002,<p>%</p>,2026-04-24 08:00:00,全馏,延化120万吨/年催化重整装置
0.8,ST040002,<p>%</p>,2026-04-24 08:00:00,平均残留百分数(B),延化120万吨/年催化重整装置
127.4,ST040002,℃,2026-04-24 08:00:00,50%平均蒸发温度T50%,延化120万吨/年催化重整装置
0.8,ST040002,<p>%</p>,2026-04-25 08:00:00,平均残留百分数(B),延化120万吨/年催化重整装置
70.9,ST040002,℃,2026-04-25 08:00:00,初馏点蒸发温度 TIBP,延化120万吨/年催化重整装置
99.2,ST040002,℃,2026-04-25 08:00:00,10%平均蒸发温度T10%,延化120万吨/年催化重整装置
822.6,ST040002,<p>kg/m<sup>3</sup></p>,2026-04-25 08:00:00,密度,延化120万吨/年催化重整装置
167.7,ST040002,℃,2026-04-25 08:00:00,90%平均蒸发温度T90%,延化120万吨/年催化重整装置
202.8,ST040002,℃,2026-04-25 08:00:00,终馏点蒸发温度TFBP,延化120万吨/年催化重整装置
98.0,ST040002,<p>%</p>,2026-04-25 08:00:00,全馏,延化120万吨/年催化重整装置
127.3,ST040002,℃,2026-04-25 08:00:00,50%平均蒸发温度T50%,延化120万吨/年催化重整装置
821.1,ST040002,<p>kg/m<sup>3</sup></p>,2026-04-26 08:00:00,密度,延化120万吨/年催化重整装置
70.3,ST040002,℃,2026-04-26 08:00:00,初馏点蒸发温度 TIBP,延化120万吨/年催化重整装置
98.9,ST040002,℃,2026-04-26 08:00:00,10%平均蒸发温度T10%,延化120万吨/年催化重整装置
0.8,ST040002,<p>%</p>,2026-04-26 08:00:00,平均残留百分数(B),延化120万吨/年催化重整装置
167.8,ST040002,℃,2026-04-26 08:00:00,90%平均蒸发温度T90%,延化120万吨/年催化重整装置
202.0,ST040002,℃,2026-04-26 08:00:00,终馏点蒸发温度TFBP,延化120万吨/年催化重整装置
98.0,ST040002,<p>%</p>,2026-04-26 08:00:00,全馏,延化120万吨/年催化重整装置
127.3,ST040002,℃,2026-04-26 08:00:00,50%平均蒸发温度T50%,延化120万吨/年催化重整装置
70.3,ST040002,℃,2026-04-27 08:00:00,初馏点蒸发温度 TIBP,延化120万吨/年催化重整装置
98.4,ST040002,℃,2026-04-27 08:00:00,10%平均蒸发温度T10%,延化120万吨/年催化重整装置
127.2,ST040002,℃,2026-04-27 08:00:00,50%平均蒸发温度T50%,延化120万吨/年催化重整装置
821.8,ST040002,<p>kg/m<sup>3</sup></p>,2026-04-27 08:00:00,密度,延化120万吨/年催化重整装置
202.4,ST040002,℃,2026-04-27 08:00:00,终馏点蒸发温度TFBP,延化120万吨/年催化重整装置
98.0,ST040002,<p>%</p>,2026-04-27 08:00:00,全馏,延化120万吨/年催化重整装置
0.8,ST040002,<p>%</p>,2026-04-27 08:00:00,平均残留百分数(B),延化120万吨/年催化重整装置
167.5,ST040002,℃,2026-04-27 08:00:00,90%平均蒸发温度T90%,延化120万吨/年催化重整装置
98.0,ST040002,<p>%</p>,2026-04-28 08:00:00,全馏,延化120万吨/年催化重整装置
71.0,ST040002,℃,2026-04-28 08:00:00,初馏点蒸发温度 TIBP,延化120万吨/年催化重整装置
99.2,ST040002,℃,2026-04-28 08:00:00,10%平均蒸发温度T10%,延化120万吨/年催化重整装置
821.9,ST040002,<p>kg/m<sup>3</sup></p>,2026-04-28 08:00:00,密度,延化120万吨/年催化重整装置
167.5,ST040002,℃,2026-04-28 08:00:00,90%平均蒸发温度T90%,延化120万吨/年催化重整装置
202.6,ST040002,℃,2026-04-28 08:00:00,终馏点蒸发温度TFBP,延化120万吨/年催化重整装置
0.8,ST040002,<p>%</p>,2026-04-28 08:00:00,平均残留百分数(B),延化120万吨/年催化重整装置
127.3,ST040002,℃,2026-04-28 08:00:00,50%平均蒸发温度T50%,延化120万吨/年催化重整装置
5.38,ST040002,<p>%</p>,2026-04-29 08:00:00,正构烷烃,延化120万吨/年催化重整装置
0.8,ST040002,<p>%</p>,2026-04-29 08:00:00,平均残留百分数(B),延化120万吨/年催化重整装置
20.43,ST040002,<p>%</p>,2026-04-29 08:00:00,烷烃含量,延化120万吨/年催化重整装置
0.88,ST040002,<p>%</p>,2026-04-29 08:00:00,烯烃含量,延化120万吨/年催化重整装置
1.86,ST040002,<p>%</p>,2026-04-29 08:00:00,环烷烃含量,延化120万吨/年催化重整装置
78.34,ST040002,<p>%</p>,2026-04-29 08:00:00,芳烃含量,延化120万吨/年催化重整装置
5.52,ST040002,<p>%</p>,2026-04-29 08:00:00,苯含量,延化120万吨/年催化重整装置
202.3,ST040002,℃,2026-04-29 08:00:00,终馏点蒸发温度TFBP,延化120万吨/年催化重整装置
822.0,ST040002,<p>kg/m<sup>3</sup></p>,2026-04-29 08:00:00,密度,延化120万吨/年催化重整装置
71.7,ST040002,℃,2026-04-29 08:00:00,初馏点蒸发温度 TIBP,延化120万吨/年催化重整装置
100.3,ST040002,℃,2026-04-29 08:00:00,10%平均蒸发温度T10%,延化120万吨/年催化重整装置
127.6,ST040002,℃,2026-04-29 08:00:00,50%平均蒸发温度T50%,延化120万吨/年催化重整装置
168.0,ST040002,℃,2026-04-29 08:00:00,90%平均蒸发温度T90%,延化120万吨/年催化重整装置
98.0,ST040002,<p>%</p>,2026-04-29 08:00:00,全馏,延化120万吨/年催化重整装置
13.19,ST040002,<p>%</p>,2026-04-29 08:00:00,异构烷烃,延化120万吨/年催化重整装置
821.6,ST040002,<p>kg/m<sup>3</sup></p>,2026-04-30 08:00:00,密度,延化120万吨/年催化重整装置
168.5,ST040002,℃,2026-04-30 08:00:00,90%平均蒸发温度T90%,延化120万吨/年催化重整装置
72.0,ST040002,℃,2026-04-30 08:00:00,初馏点蒸发温度 TIBP,延化120万吨/年催化重整装置
0.8,ST040002,<p>%</p>,2026-04-30 08:00:00,平均残留百分数(B),延化120万吨/年催化重整装置
127.7,ST040002,℃,2026-04-30 08:00:00,50%平均蒸发温度T50%,延化120万吨/年催化重整装置
202.7,ST040002,℃,2026-04-30 08:00:00,终馏点蒸发温度TFBP,延化120万吨/年催化重整装置
98.0,ST040002,<p>%</p>,2026-04-30 08:00:00,全馏,延化120万吨/年催化重整装置
100.7,ST040002,℃,2026-04-30 08:00:00,10%平均蒸发温度T10%,延化120万吨/年催化重整装置
