result,sampleDotCode,unitName,sampleTime,resultName,deviceName
0.002,ST010137,<p>%(m/m)</p>,2025-05-01 08:00:00,二乙基苯,延炼12万吨/年乙苯/苯乙烯装置
0.00,ST010137,<p>%(m/m)</p>,2025-05-01 08:00:00,丙烯基苯,延炼12万吨/年乙苯/苯乙烯装置
0.00,ST010137,<p>%(m/m)</p>,2025-05-01 08:00:00,二氢噻喃,延炼12万吨/年乙苯/苯乙烯装置
0.00,ST010137,<p>%(m/m)</p>,2025-05-01 08:00:00,2-乙烯基噻吩,延炼12万吨/年乙苯/苯乙烯装置
0.10,ST010137,<p>%(m/m)</p>,2025-05-01 08:00:00,非  芳,延炼12万吨/年乙苯/苯乙烯装置
0.38,ST010137,<p>%(m/m)</p>,2025-05-01 08:00:00,苯,延炼12万吨/年乙苯/苯乙烯装置
1.05,ST010137,<p>%(m/m)</p>,2025-05-01 08:00:00,甲  苯,延炼12万吨/年乙苯/苯乙烯装置
39.25,ST010137,<p>%(m/m)</p>,2025-05-01 08:00:00,乙  苯,延炼12万吨/年乙苯/苯乙烯装置
1.29,ST010137,<p>%(m/m)</p>,2025-05-01 08:00:00,二甲苯,延炼12万吨/年乙苯/苯乙烯装置
0.00,ST010137,<p>%(m/m)</p>,2025-05-01 08:00:00,异丙苯,延炼12万吨/年乙苯/苯乙烯装置
0.00,ST010137,<p>%(m/m)</p>,2025-05-01 08:00:00,正丙苯,延炼12万吨/年乙苯/苯乙烯装置
0.00,ST010137,<p>%(m/m)</p>,2025-05-01 08:00:00,甲乙苯,延炼12万吨/年乙苯/苯乙烯装置
57.73,ST010137,<p>%(m/m)</p>,2025-05-01 08:00:00,苯乙烯,延炼12万吨/年乙苯/苯乙烯装置
0.01,ST010137,<p>%(m/m)</p>,2025-05-01 08:00:00,α甲基苯乙烯,延炼12万吨/年乙苯/苯乙烯装置
0.00,ST010137,<p>%(m/m)</p>,2025-05-01 08:00:00,苯乙炔,延炼12万吨/年乙苯/苯乙烯装置
0.00,ST010137,<p>%(m/m)</p>,2025-05-01 08:00:00,间、对甲基苯乙烯,延炼12万吨/年乙苯/苯乙烯装置
0.18,ST010137,<p>%(m/m)</p>,2025-05-01 08:00:00,其  他,延炼12万吨/年乙苯/苯乙烯装置
0.09,ST010137,<p>%(m/m)</p>,2025-05-02 08:00:00,非  芳,延炼12万吨/年乙苯/苯乙烯装置
0.35,ST010137,<p>%(m/m)</p>,2025-05-02 08:00:00,苯,延炼12万吨/年乙苯/苯乙烯装置
0.95,ST010137,<p>%(m/m)</p>,2025-05-02 08:00:00,甲  苯,延炼12万吨/年乙苯/苯乙烯装置
39.59,ST010137,<p>%(m/m)</p>,2025-05-02 08:00:00,乙  苯,延炼12万吨/年乙苯/苯乙烯装置
1.16,ST010137,<p>%(m/m)</p>,2025-05-02 08:00:00,二甲苯,延炼12万吨/年乙苯/苯乙烯装置
0.00,ST010137,<p>%(m/m)</p>,2025-05-02 08:00:00,异丙苯,延炼12万吨/年乙苯/苯乙烯装置
0.00,ST010137,<p>%(m/m)</p>,2025-05-02 08:00:00,正丙苯,延炼12万吨/年乙苯/苯乙烯装置
0.00,ST010137,<p>%(m/m)</p>,2025-05-02 08:00:00,甲乙苯,延炼12万吨/年乙苯/苯乙烯装置
57.34,ST010137,<p>%(m/m)</p>,2025-05-02 08:00:00,苯乙烯,延炼12万吨/年乙苯/苯乙烯装置
0.01,ST010137,<p>%(m/m)</p>,2025-05-02 08:00:00,α甲基苯乙烯,延炼12万吨/年乙苯/苯乙烯装置
0.00,ST010137,<p>%(m/m)</p>,2025-05-02 08:00:00,苯乙炔,延炼12万吨/年乙苯/苯乙烯装置
0.00,ST010137,<p>%(m/m)</p>,2025-05-02 08:00:00,间、对甲基苯乙烯,延炼12万吨/年乙苯/苯乙烯装置
0.49,ST010137,<p>%(m/m)</p>,2025-05-02 08:00:00,其  他,延炼12万吨/年乙苯/苯乙烯装置
0.00,ST010137,<p>%(m/m)</p>,2025-05-02 08:00:00,丙烯基苯,延炼12万吨/年乙苯/苯乙烯装置
0.00,ST010137,<p>%(m/m)</p>,2025-05-02 08:00:00,二氢噻喃,延炼12万吨/年乙苯/苯乙烯装置
0.01,ST010137,<p>%(m/m)</p>,2025-05-02 08:00:00,2-乙烯基噻吩,延炼12万吨/年乙苯/苯乙烯装置
0.09,ST010137,<p>%(m/m)</p>,2025-05-03 08:00:00,非  芳,延炼12万吨/年乙苯/苯乙烯装置
0.36,ST010137,<p>%(m/m)</p>,2025-05-03 08:00:00,苯,延炼12万吨/年乙苯/苯乙烯装置
1.00,ST010137,<p>%(m/m)</p>,2025-05-03 08:00:00,甲  苯,延炼12万吨/年乙苯/苯乙烯装置
38.32,ST010137,<p>%(m/m)</p>,2025-05-03 08:00:00,乙  苯,延炼12万吨/年乙苯/苯乙烯装置
1.15,ST010137,<p>%(m/m)</p>,2025-05-03 08:00:00,二甲苯,延炼12万吨/年乙苯/苯乙烯装置
0.00,ST010137,<p>%(m/m)</p>,2025-05-03 08:00:00,异丙苯,延炼12万吨/年乙苯/苯乙烯装置
0.00,ST010137,<p>%(m/m)</p>,2025-05-03 08:00:00,正丙苯,延炼12万吨/年乙苯/苯乙烯装置
0.00,ST010137,<p>%(m/m)</p>,2025-05-03 08:00:00,甲乙苯,延炼12万吨/年乙苯/苯乙烯装置
58.81,ST010137,<p>%(m/m)</p>,2025-05-03 08:00:00,苯乙烯,延炼12万吨/年乙苯/苯乙烯装置
0.01,ST010137,<p>%(m/m)</p>,2025-05-03 08:00:00,α甲基苯乙烯,延炼12万吨/年乙苯/苯乙烯装置
0.00,ST010137,<p>%(m/m)</p>,2025-05-03 08:00:00,苯乙炔,延炼12万吨/年乙苯/苯乙烯装置
0.00,ST010137,<p>%(m/m)</p>,2025-05-03 08:00:00,间、对甲基苯乙烯,延炼12万吨/年乙苯/苯乙烯装置
0.22,ST010137,<p>%(m/m)</p>,2025-05-03 08:00:00,其  他,延炼12万吨/年乙苯/苯乙烯装置
0.00,ST010137,<p>%(m/m)</p>,2025-05-03 08:00:00,丙烯基苯,延炼12万吨/年乙苯/苯乙烯装置
0.00,ST010137,<p>%(m/m)</p>,2025-05-03 08:00:00,二氢噻喃,延炼12万吨/年乙苯/苯乙烯装置
0.03,ST010137,<p>%(m/m)</p>,2025-05-03 08:00:00,2-乙烯基噻吩,延炼12万吨/年乙苯/苯乙烯装置
0.11,ST010137,<p>%(m/m)</p>,2025-05-04 08:00:00,非  芳,延炼12万吨/年乙苯/苯乙烯装置
0.34,ST010137,<p>%(m/m)</p>,2025-05-04 08:00:00,苯,延炼12万吨/年乙苯/苯乙烯装置
1.00,ST010137,<p>%(m/m)</p>,2025-05-04 08:00:00,甲  苯,延炼12万吨/年乙苯/苯乙烯装置
38.63,ST010137,<p>%(m/m)</p>,2025-05-04 08:00:00,乙  苯,延炼12万吨/年乙苯/苯乙烯装置
1.31,ST010137,<p>%(m/m)</p>,2025-05-04 08:00:00,二甲苯,延炼12万吨/年乙苯/苯乙烯装置
0.00,ST010137,<p>%(m/m)</p>,2025-05-04 08:00:00,异丙苯,延炼12万吨/年乙苯/苯乙烯装置
0.00,ST010137,<p>%(m/m)</p>,2025-05-04 08:00:00,正丙苯,延炼12万吨/年乙苯/苯乙烯装置
0.00,ST010137,<p>%(m/m)</p>,2025-05-04 08:00:00,甲乙苯,延炼12万吨/年乙苯/苯乙烯装置
58.32,ST010137,<p>%(m/m)</p>,2025-05-04 08:00:00,苯乙烯,延炼12万吨/年乙苯/苯乙烯装置
0.01,ST010137,<p>%(m/m)</p>,2025-05-04 08:00:00,α甲基苯乙烯,延炼12万吨/年乙苯/苯乙烯装置
0.00,ST010137,<p>%(m/m)</p>,2025-05-04 08:00:00,苯乙炔,延炼12万吨/年乙苯/苯乙烯装置
0.00,ST010137,<p>%(m/m)</p>,2025-05-04 08:00:00,间、对甲基苯乙烯,延炼12万吨/年乙苯/苯乙烯装置
0.26,ST010137,<p>%(m/m)</p>,2025-05-04 08:00:00,其  他,延炼12万吨/年乙苯/苯乙烯装置
0.00,ST010137,<p>%(m/m)</p>,2025-05-04 08:00:00,丙烯基苯,延炼12万吨/年乙苯/苯乙烯装置
0.00,ST010137,<p>%(m/m)</p>,2025-05-04 08:00:00,二氢噻喃,延炼12万吨/年乙苯/苯乙烯装置
0.01,ST010137,<p>%(m/m)</p>,2025-05-04 08:00:00,2-乙烯基噻吩,延炼12万吨/年乙苯/苯乙烯装置
0.10,ST010137,<p>%(m/m)</p>,2025-05-05 08:00:00,非  芳,延炼12万吨/年乙苯/苯乙烯装置
0.37,ST010137,<p>%(m/m)</p>,2025-05-05 08:00:00,苯,延炼12万吨/年乙苯/苯乙烯装置
1.05,ST010137,<p>%(m/m)</p>,2025-05-05 08:00:00,甲  苯,延炼12万吨/年乙苯/苯乙烯装置
38.01,ST010137,<p>%(m/m)</p>,2025-05-05 08:00:00,乙  苯,延炼12万吨/年乙苯/苯乙烯装置
1.41,ST010137,<p>%(m/m)</p>,2025-05-05 08:00:00,二甲苯,延炼12万吨/年乙苯/苯乙烯装置
0.01,ST010137,<p>%(m/m)</p>,2025-05-05 08:00:00,异丙苯,延炼12万吨/年乙苯/苯乙烯装置
0.00,ST010137,<p>%(m/m)</p>,2025-05-05 08:00:00,正丙苯,延炼12万吨/年乙苯/苯乙烯装置
0.00,ST010137,<p>%(m/m)</p>,2025-05-05 08:00:00,甲乙苯,延炼12万吨/年乙苯/苯乙烯装置
58.77,ST010137,<p>%(m/m)</p>,2025-05-05 08:00:00,苯乙烯,延炼12万吨/年乙苯/苯乙烯装置
0.01,ST010137,<p>%(m/m)</p>,2025-05-05 08:00:00,α甲基苯乙烯,延炼12万吨/年乙苯/苯乙烯装置
0.00,ST010137,<p>%(m/m)</p>,2025-05-05 08:00:00,苯乙炔,延炼12万吨/年乙苯/苯乙烯装置
0.00,ST010137,<p>%(m/m)</p>,2025-05-05 08:00:00,间、对甲基苯乙烯,延炼12万吨/年乙苯/苯乙烯装置
0.18,ST010137,<p>%(m/m)</p>,2025-05-05 08:00:00,其  他,延炼12万吨/年乙苯/苯乙烯装置
0.00,ST010137,<p>%(m/m)</p>,2025-05-05 08:00:00,丙烯基苯,延炼12万吨/年乙苯/苯乙烯装置
0.00,ST010137,<p>%(m/m)</p>,2025-05-05 08:00:00,二氢噻喃,延炼12万吨/年乙苯/苯乙烯装置
0.10,ST010137,<p>%(m/m)</p>,2025-05-05 08:00:00,2-乙烯基噻吩,延炼12万吨/年乙苯/苯乙烯装置
0.11,ST010137,<p>%(m/m)</p>,2025-05-06 08:00:00,非  芳,延炼12万吨/年乙苯/苯乙烯装置
0.45,ST010137,<p>%(m/m)</p>,2025-05-06 08:00:00,苯,延炼12万吨/年乙苯/苯乙烯装置
1.28,ST010137,<p>%(m/m)</p>,2025-05-06 08:00:00,甲  苯,延炼12万吨/年乙苯/苯乙烯装置
39.17,ST010137,<p>%(m/m)</p>,2025-05-06 08:00:00,乙  苯,延炼12万吨/年乙苯/苯乙烯装置
1.39,ST010137,<p>%(m/m)</p>,2025-05-06 08:00:00,二甲苯,延炼12万吨/年乙苯/苯乙烯装置
0.00,ST010137,<p>%(m/m)</p>,2025-05-06 08:00:00,异丙苯,延炼12万吨/年乙苯/苯乙烯装置
0.00,ST010137,<p>%(m/m)</p>,2025-05-06 08:00:00,正丙苯,延炼12万吨/年乙苯/苯乙烯装置
0.00,ST010137,<p>%(m/m)</p>,2025-05-06 08:00:00,甲乙苯,延炼12万吨/年乙苯/苯乙烯装置
57.38,ST010137,<p>%(m/m)</p>,2025-05-06 08:00:00,苯乙烯,延炼12万吨/年乙苯/苯乙烯装置
0.01,ST010137,<p>%(m/m)</p>,2025-05-06 08:00:00,α甲基苯乙烯,延炼12万吨/年乙苯/苯乙烯装置
0.00,ST010137,<p>%(m/m)</p>,2025-05-06 08:00:00,苯乙炔,延炼12万吨/年乙苯/苯乙烯装置
0.00,ST010137,<p>%(m/m)</p>,2025-05-06 08:00:00,间、对甲基苯乙烯,延炼12万吨/年乙苯/苯乙烯装置
0.19,ST010137,<p>%(m/m)</p>,2025-05-06 08:00:00,其  他,延炼12万吨/年乙苯/苯乙烯装置
0.00,ST010137,<p>%(m/m)</p>,2025-05-06 08:00:00,丙烯基苯,延炼12万吨/年乙苯/苯乙烯装置
0.00,ST010137,<p>%(m/m)</p>,2025-05-06 08:00:00,二氢噻喃,延炼12万吨/年乙苯/苯乙烯装置
0.02,ST010137,<p>%(m/m)</p>,2025-05-06 08:00:00,2-乙烯基噻吩,延炼12万吨/年乙苯/苯乙烯装置
0.10,ST010137,<p>%(m/m)</p>,2025-05-07 08:00:00,非  芳,延炼12万吨/年乙苯/苯乙烯装置
0.35,ST010137,<p>%(m/m)</p>,2025-05-07 08:00:00,苯,延炼12万吨/年乙苯/苯乙烯装置
0.98,ST010137,<p>%(m/m)</p>,2025-05-07 08:00:00,甲  苯,延炼12万吨/年乙苯/苯乙烯装置
38.47,ST010137,<p>%(m/m)</p>,2025-05-07 08:00:00,乙  苯,延炼12万吨/年乙苯/苯乙烯装置
1.25,ST010137,<p>%(m/m)</p>,2025-05-07 08:00:00,二甲苯,延炼12万吨/年乙苯/苯乙烯装置
0.00,ST010137,<p>%(m/m)</p>,2025-05-07 08:00:00,异丙苯,延炼12万吨/年乙苯/苯乙烯装置
0.00,ST010137,<p>%(m/m)</p>,2025-05-07 08:00:00,正丙苯,延炼12万吨/年乙苯/苯乙烯装置
0.00,ST010137,<p>%(m/m)</p>,2025-05-07 08:00:00,甲乙苯,延炼12万吨/年乙苯/苯乙烯装置
58.61,ST010137,<p>%(m/m)</p>,2025-05-07 08:00:00,苯乙烯,延炼12万吨/年乙苯/苯乙烯装置
0.01,ST010137,<p>%(m/m)</p>,2025-05-07 08:00:00,α甲基苯乙烯,延炼12万吨/年乙苯/苯乙烯装置
0.00,ST010137,<p>%(m/m)</p>,2025-05-07 08:00:00,苯乙炔,延炼12万吨/年乙苯/苯乙烯装置
0.00,ST010137,<p>%(m/m)</p>,2025-05-07 08:00:00,间、对甲基苯乙烯,延炼12万吨/年乙苯/苯乙烯装置
0.21,ST010137,<p>%(m/m)</p>,2025-05-07 08:00:00,其  他,延炼12万吨/年乙苯/苯乙烯装置
0.00,ST010137,<p>%(m/m)</p>,2025-05-07 08:00:00,丙烯基苯,延炼12万吨/年乙苯/苯乙烯装置
0.00,ST010137,<p>%(m/m)</p>,2025-05-07 08:00:00,二氢噻喃,延炼12万吨/年乙苯/苯乙烯装置
0.03,ST010137,<p>%(m/m)</p>,2025-05-07 08:00:00,2-乙烯基噻吩,延炼12万吨/年乙苯/苯乙烯装置
0.10,ST010137,<p>%(m/m)</p>,2025-05-08 08:00:00,非  芳,延炼12万吨/年乙苯/苯乙烯装置
0.43,ST010137,<p>%(m/m)</p>,2025-05-08 08:00:00,苯,延炼12万吨/年乙苯/苯乙烯装置
1.21,ST010137,<p>%(m/m)</p>,2025-05-08 08:00:00,甲  苯,延炼12万吨/年乙苯/苯乙烯装置
38.65,ST010137,<p>%(m/m)</p>,2025-05-08 08:00:00,乙  苯,延炼12万吨/年乙苯/苯乙烯装置
1.19,ST010137,<p>%(m/m)</p>,2025-05-08 08:00:00,二甲苯,延炼12万吨/年乙苯/苯乙烯装置
0.00,ST010137,<p>%(m/m)</p>,2025-05-08 08:00:00,异丙苯,延炼12万吨/年乙苯/苯乙烯装置
0.00,ST010137,<p>%(m/m)</p>,2025-05-08 08:00:00,正丙苯,延炼12万吨/年乙苯/苯乙烯装置
0.00,ST010137,<p>%(m/m)</p>,2025-05-08 08:00:00,甲乙苯,延炼12万吨/年乙苯/苯乙烯装置
58.22,ST010137,<p>%(m/m)</p>,2025-05-08 08:00:00,苯乙烯,延炼12万吨/年乙苯/苯乙烯装置
0.01,ST010137,<p>%(m/m)</p>,2025-05-08 08:00:00,α甲基苯乙烯,延炼12万吨/年乙苯/苯乙烯装置
0.00,ST010137,<p>%(m/m)</p>,2025-05-08 08:00:00,苯乙炔,延炼12万吨/年乙苯/苯乙烯装置
0.00,ST010137,<p>%(m/m)</p>,2025-05-08 08:00:00,间、对甲基苯乙烯,延炼12万吨/年乙苯/苯乙烯装置
0.17,ST010137,<p>%(m/m)</p>,2025-05-08 08:00:00,其  他,延炼12万吨/年乙苯/苯乙烯装置
0.004,ST010137,<p>%(m/m)</p>,2025-05-08 08:00:00,二乙基苯,延炼12万吨/年乙苯/苯乙烯装置
0.00,ST010137,<p>%(m/m)</p>,2025-05-08 08:00:00,丙烯基苯,延炼12万吨/年乙苯/苯乙烯装置
0.00,ST010137,<p>%(m/m)</p>,2025-05-08 08:00:00,二氢噻喃,延炼12万吨/年乙苯/苯乙烯装置
0.02,ST010137,<p>%(m/m)</p>,2025-05-08 08:00:00,2-乙烯基噻吩,延炼12万吨/年乙苯/苯乙烯装置
0.10,ST010137,<p>%(m/m)</p>,2025-05-09 08:00:00,非  芳,延炼12万吨/年乙苯/苯乙烯装置
0.54,ST010137,<p>%(m/m)</p>,2025-05-09 08:00:00,苯,延炼12万吨/年乙苯/苯乙烯装置
1.53,ST010137,<p>%(m/m)</p>,2025-05-09 08:00:00,甲  苯,延炼12万吨/年乙苯/苯乙烯装置
38.73,ST010137,<p>%(m/m)</p>,2025-05-09 08:00:00,乙  苯,延炼12万吨/年乙苯/苯乙烯装置
1.22,ST010137,<p>%(m/m)</p>,2025-05-09 08:00:00,二甲苯,延炼12万吨/年乙苯/苯乙烯装置
0.00,ST010137,<p>%(m/m)</p>,2025-05-09 08:00:00,异丙苯,延炼12万吨/年乙苯/苯乙烯装置
0.00,ST010137,<p>%(m/m)</p>,2025-05-09 08:00:00,正丙苯,延炼12万吨/年乙苯/苯乙烯装置
0.00,ST010137,<p>%(m/m)</p>,2025-05-09 08:00:00,甲乙苯,延炼12万吨/年乙苯/苯乙烯装置
57.53,ST010137,<p>%(m/m)</p>,2025-05-09 08:00:00,苯乙烯,延炼12万吨/年乙苯/苯乙烯装置
0.01,ST010137,<p>%(m/m)</p>,2025-05-09 08:00:00,α甲基苯乙烯,延炼12万吨/年乙苯/苯乙烯装置
0.00,ST010137,<p>%(m/m)</p>,2025-05-09 08:00:00,苯乙炔,延炼12万吨/年乙苯/苯乙烯装置
0.00,ST010137,<p>%(m/m)</p>,2025-05-09 08:00:00,间、对甲基苯乙烯,延炼12万吨/年乙苯/苯乙烯装置
0.32,ST010137,<p>%(m/m)</p>,2025-05-09 08:00:00,其  他,延炼12万吨/年乙苯/苯乙烯装置
0.00,ST010137,<p>%(m/m)</p>,2025-05-09 08:00:00,丙烯基苯,延炼12万吨/年乙苯/苯乙烯装置
0.00,ST010137,<p>%(m/m)</p>,2025-05-09 08:00:00,二氢噻喃,延炼12万吨/年乙苯/苯乙烯装置
0.02,ST010137,<p>%(m/m)</p>,2025-05-09 08:00:00,2-乙烯基噻吩,延炼12万吨/年乙苯/苯乙烯装置
0.11,ST010137,<p>%(m/m)</p>,2025-05-10 08:00:00,非  芳,延炼12万吨/年乙苯/苯乙烯装置
0.36,ST010137,<p>%(m/m)</p>,2025-05-10 08:00:00,苯,延炼12万吨/年乙苯/苯乙烯装置
1.02,ST010137,<p>%(m/m)</p>,2025-05-10 08:00:00,甲  苯,延炼12万吨/年乙苯/苯乙烯装置
39.44,ST010137,<p>%(m/m)</p>,2025-05-10 08:00:00,乙  苯,延炼12万吨/年乙苯/苯乙烯装置
1.20,ST010137,<p>%(m/m)</p>,2025-05-10 08:00:00,二甲苯,延炼12万吨/年乙苯/苯乙烯装置
0.00,ST010137,<p>%(m/m)</p>,2025-05-10 08:00:00,异丙苯,延炼12万吨/年乙苯/苯乙烯装置
0.00,ST010137,<p>%(m/m)</p>,2025-05-10 08:00:00,正丙苯,延炼12万吨/年乙苯/苯乙烯装置
0.00,ST010137,<p>%(m/m)</p>,2025-05-10 08:00:00,甲乙苯,延炼12万吨/年乙苯/苯乙烯装置
57.65,ST010137,<p>%(m/m)</p>,2025-05-10 08:00:00,苯乙烯,延炼12万吨/年乙苯/苯乙烯装置
0.01,ST010137,<p>%(m/m)</p>,2025-05-10 08:00:00,α甲基苯乙烯,延炼12万吨/年乙苯/苯乙烯装置
0.00,ST010137,<p>%(m/m)</p>,2025-05-10 08:00:00,苯乙炔,延炼12万吨/年乙苯/苯乙烯装置
0.00,ST010137,<p>%(m/m)</p>,2025-05-10 08:00:00,间、对甲基苯乙烯,延炼12万吨/年乙苯/苯乙烯装置
0.18,ST010137,<p>%(m/m)</p>,2025-05-10 08:00:00,其  他,延炼12万吨/年乙苯/苯乙烯装置
0.00,ST010137,<p>%(m/m)</p>,2025-05-10 08:00:00,丙烯基苯,延炼12万吨/年乙苯/苯乙烯装置
0.00,ST010137,<p>%(m/m)</p>,2025-05-10 08:00:00,二氢噻喃,延炼12万吨/年乙苯/苯乙烯装置
0.03,ST010137,<p>%(m/m)</p>,2025-05-10 08:00:00,2-乙烯基噻吩,延炼12万吨/年乙苯/苯乙烯装置
0.11,ST010137,<p>%(m/m)</p>,2025-05-11 08:00:00,非  芳,延炼12万吨/年乙苯/苯乙烯装置
0.37,ST010137,<p>%(m/m)</p>,2025-05-11 08:00:00,苯,延炼12万吨/年乙苯/苯乙烯装置
1.05,ST010137,<p>%(m/m)</p>,2025-05-11 08:00:00,甲  苯,延炼12万吨/年乙苯/苯乙烯装置
37.73,ST010137,<p>%(m/m)</p>,2025-05-11 08:00:00,乙  苯,延炼12万吨/年乙苯/苯乙烯装置
1.44,ST010137,<p>%(m/m)</p>,2025-05-11 08:00:00,二甲苯,延炼12万吨/年乙苯/苯乙烯装置
0.00,ST010137,<p>%(m/m)</p>,2025-05-11 08:00:00,异丙苯,延炼12万吨/年乙苯/苯乙烯装置
0.00,ST010137,<p>%(m/m)</p>,2025-05-11 08:00:00,正丙苯,延炼12万吨/年乙苯/苯乙烯装置
0.00,ST010137,<p>%(m/m)</p>,2025-05-11 08:00:00,甲乙苯,延炼12万吨/年乙苯/苯乙烯装置
58.95,ST010137,<p>%(m/m)</p>,2025-05-11 08:00:00,苯乙烯,延炼12万吨/年乙苯/苯乙烯装置
0.01,ST010137,<p>%(m/m)</p>,2025-05-11 08:00:00,α甲基苯乙烯,延炼12万吨/年乙苯/苯乙烯装置
0.00,ST010137,<p>%(m/m)</p>,2025-05-11 08:00:00,苯乙炔,延炼12万吨/年乙苯/苯乙烯装置
0.00,ST010137,<p>%(m/m)</p>,2025-05-11 08:00:00,间、对甲基苯乙烯,延炼12万吨/年乙苯/苯乙烯装置
0.31,ST010137,<p>%(m/m)</p>,2025-05-11 08:00:00,其  他,延炼12万吨/年乙苯/苯乙烯装置
0.00,ST010137,<p>%(m/m)</p>,2025-05-11 08:00:00,丙烯基苯,延炼12万吨/年乙苯/苯乙烯装置
0.00,ST010137,<p>%(m/m)</p>,2025-05-11 08:00:00,二氢噻喃,延炼12万吨/年乙苯/苯乙烯装置
0.02,ST010137,<p>%(m/m)</p>,2025-05-11 08:00:00,2-乙烯基噻吩,延炼12万吨/年乙苯/苯乙烯装置
0.10,ST010137,<p>%(m/m)</p>,2025-05-12 08:00:00,非  芳,延炼12万吨/年乙苯/苯乙烯装置
0.38,ST010137,<p>%(m/m)</p>,2025-05-12 08:00:00,苯,延炼12万吨/年乙苯/苯乙烯装置
1.05,ST010137,<p>%(m/m)</p>,2025-05-12 08:00:00,甲  苯,延炼12万吨/年乙苯/苯乙烯装置
38.50,ST010137,<p>%(m/m)</p>,2025-05-12 08:00:00,乙  苯,延炼12万吨/年乙苯/苯乙烯装置
1.19,ST010137,<p>%(m/m)</p>,2025-05-12 08:00:00,二甲苯,延炼12万吨/年乙苯/苯乙烯装置
0.00,ST010137,<p>%(m/m)</p>,2025-05-12 08:00:00,异丙苯,延炼12万吨/年乙苯/苯乙烯装置
0.00,ST010137,<p>%(m/m)</p>,2025-05-12 08:00:00,正丙苯,延炼12万吨/年乙苯/苯乙烯装置
0.00,ST010137,<p>%(m/m)</p>,2025-05-12 08:00:00,甲乙苯,延炼12万吨/年乙苯/苯乙烯装置
58.56,ST010137,<p>%(m/m)</p>,2025-05-12 08:00:00,苯乙烯,延炼12万吨/年乙苯/苯乙烯装置
0.01,ST010137,<p>%(m/m)</p>,2025-05-12 08:00:00,α甲基苯乙烯,延炼12万吨/年乙苯/苯乙烯装置
0.00,ST010137,<p>%(m/m)</p>,2025-05-12 08:00:00,苯乙炔,延炼12万吨/年乙苯/苯乙烯装置
0.00,ST010137,<p>%(m/m)</p>,2025-05-12 08:00:00,间、对甲基苯乙烯,延炼12万吨/年乙苯/苯乙烯装置
0.21,ST010137,<p>%(m/m)</p>,2025-05-12 08:00:00,其  他,延炼12万吨/年乙苯/苯乙烯装置
0.00,ST010137,<p>%(m/m)</p>,2025-05-12 08:00:00,丙烯基苯,延炼12万吨/年乙苯/苯乙烯装置
0.00,ST010137,<p>%(m/m)</p>,2025-05-12 08:00:00,二氢噻喃,延炼12万吨/年乙苯/苯乙烯装置
0.02,ST010137,<p>%(m/m)</p>,2025-05-12 08:00:00,2-乙烯基噻吩,延炼12万吨/年乙苯/苯乙烯装置
0.10,ST010137,<p>%(m/m)</p>,2025-05-13 08:00:00,非  芳,延炼12万吨/年乙苯/苯乙烯装置
0.41,ST010137,<p>%(m/m)</p>,2025-05-13 08:00:00,苯,延炼12万吨/年乙苯/苯乙烯装置
1.17,ST010137,<p>%(m/m)</p>,2025-05-13 08:00:00,甲  苯,延炼12万吨/年乙苯/苯乙烯装置
37.52,ST010137,<p>%(m/m)</p>,2025-05-13 08:00:00,乙  苯,延炼12万吨/年乙苯/苯乙烯装置
1.30,ST010137,<p>%(m/m)</p>,2025-05-13 08:00:00,二甲苯,延炼12万吨/年乙苯/苯乙烯装置
0.00,ST010137,<p>%(m/m)</p>,2025-05-13 08:00:00,异丙苯,延炼12万吨/年乙苯/苯乙烯装置
0.00,ST010137,<p>%(m/m)</p>,2025-05-13 08:00:00,正丙苯,延炼12万吨/年乙苯/苯乙烯装置
0.00,ST010137,<p>%(m/m)</p>,2025-05-13 08:00:00,甲乙苯,延炼12万吨/年乙苯/苯乙烯装置
59.27,ST010137,<p>%(m/m)</p>,2025-05-13 08:00:00,苯乙烯,延炼12万吨/年乙苯/苯乙烯装置
0.01,ST010137,<p>%(m/m)</p>,2025-05-13 08:00:00,α甲基苯乙烯,延炼12万吨/年乙苯/苯乙烯装置
0.00,ST010137,<p>%(m/m)</p>,2025-05-13 08:00:00,苯乙炔,延炼12万吨/年乙苯/苯乙烯装置
0.00,ST010137,<p>%(m/m)</p>,2025-05-13 08:00:00,间、对甲基苯乙烯,延炼12万吨/年乙苯/苯乙烯装置
0.20,ST010137,<p>%(m/m)</p>,2025-05-13 08:00:00,其  他,延炼12万吨/年乙苯/苯乙烯装置
0.00,ST010137,<p>%(m/m)</p>,2025-05-13 08:00:00,丙烯基苯,延炼12万吨/年乙苯/苯乙烯装置
0.00,ST010137,<p>%(m/m)</p>,2025-05-13 08:00:00,二氢噻喃,延炼12万吨/年乙苯/苯乙烯装置
0.02,ST010137,<p>%(m/m)</p>,2025-05-13 08:00:00,2-乙烯基噻吩,延炼12万吨/年乙苯/苯乙烯装置
0.09,ST010137,<p>%(m/m)</p>,2025-05-14 08:00:00,非  芳,延炼12万吨/年乙苯/苯乙烯装置
0.41,ST010137,<p>%(m/m)</p>,2025-05-14 08:00:00,苯,延炼12万吨/年乙苯/苯乙烯装置
1.11,ST010137,<p>%(m/m)</p>,2025-05-14 08:00:00,甲  苯,延炼12万吨/年乙苯/苯乙烯装置
37.92,ST010137,<p>%(m/m)</p>,2025-05-14 08:00:00,乙  苯,延炼12万吨/年乙苯/苯乙烯装置
1.20,ST010137,<p>%(m/m)</p>,2025-05-14 08:00:00,二甲苯,延炼12万吨/年乙苯/苯乙烯装置
0.00,ST010137,<p>%(m/m)</p>,2025-05-14 08:00:00,异丙苯,延炼12万吨/年乙苯/苯乙烯装置
0.00,ST010137,<p>%(m/m)</p>,2025-05-14 08:00:00,正丙苯,延炼12万吨/年乙苯/苯乙烯装置
0.00,ST010137,<p>%(m/m)</p>,2025-05-14 08:00:00,甲乙苯,延炼12万吨/年乙苯/苯乙烯装置
59.08,ST010137,<p>%(m/m)</p>,2025-05-14 08:00:00,苯乙烯,延炼12万吨/年乙苯/苯乙烯装置
0.01,ST010137,<p>%(m/m)</p>,2025-05-14 08:00:00,α甲基苯乙烯,延炼12万吨/年乙苯/苯乙烯装置
0.00,ST010137,<p>%(m/m)</p>,2025-05-14 08:00:00,苯乙炔,延炼12万吨/年乙苯/苯乙烯装置
0.00,ST010137,<p>%(m/m)</p>,2025-05-14 08:00:00,间、对甲基苯乙烯,延炼12万吨/年乙苯/苯乙烯装置
0.16,ST010137,<p>%(m/m)</p>,2025-05-14 08:00:00,其  他,延炼12万吨/年乙苯/苯乙烯装置
0.00,ST010137,<p>%(m/m)</p>,2025-05-14 08:00:00,丙烯基苯,延炼12万吨/年乙苯/苯乙烯装置
0.00,ST010137,<p>%(m/m)</p>,2025-05-14 08:00:00,二氢噻喃,延炼12万吨/年乙苯/苯乙烯装置
0.02,ST010137,<p>%(m/m)</p>,2025-05-14 08:00:00,2-乙烯基噻吩,延炼12万吨/年乙苯/苯乙烯装置
0.09,ST010137,<p>%(m/m)</p>,2025-05-15 08:00:00,非  芳,延炼12万吨/年乙苯/苯乙烯装置
0.36,ST010137,<p>%(m/m)</p>,2025-05-15 08:00:00,苯,延炼12万吨/年乙苯/苯乙烯装置
1.00,ST010137,<p>%(m/m)</p>,2025-05-15 08:00:00,甲  苯,延炼12万吨/年乙苯/苯乙烯装置
38.50,ST010137,<p>%(m/m)</p>,2025-05-15 08:00:00,乙  苯,延炼12万吨/年乙苯/苯乙烯装置
1.19,ST010137,<p>%(m/m)</p>,2025-05-15 08:00:00,二甲苯,延炼12万吨/年乙苯/苯乙烯装置
0.00,ST010137,<p>%(m/m)</p>,2025-05-15 08:00:00,异丙苯,延炼12万吨/年乙苯/苯乙烯装置
0.00,ST010137,<p>%(m/m)</p>,2025-05-15 08:00:00,正丙苯,延炼12万吨/年乙苯/苯乙烯装置
0.00,ST010137,<p>%(m/m)</p>,2025-05-15 08:00:00,甲乙苯,延炼12万吨/年乙苯/苯乙烯装置
58.44,ST010137,<p>%(m/m)</p>,2025-05-15 08:00:00,苯乙烯,延炼12万吨/年乙苯/苯乙烯装置
0.01,ST010137,<p>%(m/m)</p>,2025-05-15 08:00:00,α甲基苯乙烯,延炼12万吨/年乙苯/苯乙烯装置
0.00,ST010137,<p>%(m/m)</p>,2025-05-15 08:00:00,苯乙炔,延炼12万吨/年乙苯/苯乙烯装置
0.00,ST010137,<p>%(m/m)</p>,2025-05-15 08:00:00,间、对甲基苯乙烯,延炼12万吨/年乙苯/苯乙烯装置
0.38,ST010137,<p>%(m/m)</p>,2025-05-15 08:00:00,其  他,延炼12万吨/年乙苯/苯乙烯装置
0.006,ST010137,<p>%(m/m)</p>,2025-05-15 08:00:00,二乙基苯,延炼12万吨/年乙苯/苯乙烯装置
0.00,ST010137,<p>%(m/m)</p>,2025-05-15 08:00:00,丙烯基苯,延炼12万吨/年乙苯/苯乙烯装置
0.00,ST010137,<p>%(m/m)</p>,2025-05-15 08:00:00,二氢噻喃,延炼12万吨/年乙苯/苯乙烯装置
0.01,ST010137,<p>%(m/m)</p>,2025-05-15 08:00:00,2-乙烯基噻吩,延炼12万吨/年乙苯/苯乙烯装置
0.09,ST010137,<p>%(m/m)</p>,2025-05-16 09:05:00,非  芳,延炼12万吨/年乙苯/苯乙烯装置
0.42,ST010137,<p>%(m/m)</p>,2025-05-16 09:05:00,苯,延炼12万吨/年乙苯/苯乙烯装置
1.14,ST010137,<p>%(m/m)</p>,2025-05-16 09:05:00,甲  苯,延炼12万吨/年乙苯/苯乙烯装置
40.46,ST010137,<p>%(m/m)</p>,2025-05-16 09:05:00,乙  苯,延炼12万吨/年乙苯/苯乙烯装置
1.26,ST010137,<p>%(m/m)</p>,2025-05-16 09:05:00,二甲苯,延炼12万吨/年乙苯/苯乙烯装置
0.00,ST010137,<p>%(m/m)</p>,2025-05-16 09:05:00,异丙苯,延炼12万吨/年乙苯/苯乙烯装置
0.00,ST010137,<p>%(m/m)</p>,2025-05-16 09:05:00,正丙苯,延炼12万吨/年乙苯/苯乙烯装置
0.00,ST010137,<p>%(m/m)</p>,2025-05-16 09:05:00,甲乙苯,延炼12万吨/年乙苯/苯乙烯装置
56.46,ST010137,<p>%(m/m)</p>,2025-05-16 09:05:00,苯乙烯,延炼12万吨/年乙苯/苯乙烯装置
0.16,ST010137,<p>%(m/m)</p>,2025-05-16 09:05:00,其  他,延炼12万吨/年乙苯/苯乙烯装置
0.00,ST010137,<p>%(m/m)</p>,2025-05-16 09:05:00,丙烯基苯,延炼12万吨/年乙苯/苯乙烯装置
0.00,ST010137,<p>%(m/m)</p>,2025-05-16 09:05:00,二氢噻喃,延炼12万吨/年乙苯/苯乙烯装置
0.00,ST010137,<p>%(m/m)</p>,2025-05-16 09:05:00,2-乙烯基噻吩,延炼12万吨/年乙苯/苯乙烯装置
0.01,ST010137,<p>%(m/m)</p>,2025-05-16 09:05:00,α甲基苯乙烯,延炼12万吨/年乙苯/苯乙烯装置
0.00,ST010137,<p>%(m/m)</p>,2025-05-16 09:05:00,苯乙炔,延炼12万吨/年乙苯/苯乙烯装置
0.00,ST010137,<p>%(m/m)</p>,2025-05-16 09:05:00,间、对甲基苯乙烯,延炼12万吨/年乙苯/苯乙烯装置
0.10,ST010137,<p>%(m/m)</p>,2025-05-17 08:00:00,非  芳,延炼12万吨/年乙苯/苯乙烯装置
0.40,ST010137,<p>%(m/m)</p>,2025-05-17 08:00:00,苯,延炼12万吨/年乙苯/苯乙烯装置
1.10,ST010137,<p>%(m/m)</p>,2025-05-17 08:00:00,甲  苯,延炼12万吨/年乙苯/苯乙烯装置
38.39,ST010137,<p>%(m/m)</p>,2025-05-17 08:00:00,乙  苯,延炼12万吨/年乙苯/苯乙烯装置
1.44,ST010137,<p>%(m/m)</p>,2025-05-17 08:00:00,二甲苯,延炼12万吨/年乙苯/苯乙烯装置
0.00,ST010137,<p>%(m/m)</p>,2025-05-17 08:00:00,异丙苯,延炼12万吨/年乙苯/苯乙烯装置
0.00,ST010137,<p>%(m/m)</p>,2025-05-17 08:00:00,正丙苯,延炼12万吨/年乙苯/苯乙烯装置
0.00,ST010137,<p>%(m/m)</p>,2025-05-17 08:00:00,甲乙苯,延炼12万吨/年乙苯/苯乙烯装置
58.36,ST010137,<p>%(m/m)</p>,2025-05-17 08:00:00,苯乙烯,延炼12万吨/年乙苯/苯乙烯装置
0.01,ST010137,<p>%(m/m)</p>,2025-05-17 08:00:00,α甲基苯乙烯,延炼12万吨/年乙苯/苯乙烯装置
0.00,ST010137,<p>%(m/m)</p>,2025-05-17 08:00:00,苯乙炔,延炼12万吨/年乙苯/苯乙烯装置
0.00,ST010137,<p>%(m/m)</p>,2025-05-17 08:00:00,间、对甲基苯乙烯,延炼12万吨/年乙苯/苯乙烯装置
0.18,ST010137,<p>%(m/m)</p>,2025-05-17 08:00:00,其  他,延炼12万吨/年乙苯/苯乙烯装置
0.00,ST010137,<p>%(m/m)</p>,2025-05-17 08:00:00,丙烯基苯,延炼12万吨/年乙苯/苯乙烯装置
0.00,ST010137,<p>%(m/m)</p>,2025-05-17 08:00:00,二氢噻喃,延炼12万吨/年乙苯/苯乙烯装置
0.00,ST010137,<p>%(m/m)</p>,2025-05-17 08:00:00,2-乙烯基噻吩,延炼12万吨/年乙苯/苯乙烯装置
0.10,ST010137,<p>%(m/m)</p>,2025-05-18 08:00:00,非  芳,延炼12万吨/年乙苯/苯乙烯装置
0.39,ST010137,<p>%(m/m)</p>,2025-05-18 08:00:00,苯,延炼12万吨/年乙苯/苯乙烯装置
1.05,ST010137,<p>%(m/m)</p>,2025-05-18 08:00:00,甲  苯,延炼12万吨/年乙苯/苯乙烯装置
40.79,ST010137,<p>%(m/m)</p>,2025-05-18 08:00:00,乙  苯,延炼12万吨/年乙苯/苯乙烯装置
1.30,ST010137,<p>%(m/m)</p>,2025-05-18 08:00:00,二甲苯,延炼12万吨/年乙苯/苯乙烯装置
0.00,ST010137,<p>%(m/m)</p>,2025-05-18 08:00:00,异丙苯,延炼12万吨/年乙苯/苯乙烯装置
0.00,ST010137,<p>%(m/m)</p>,2025-05-18 08:00:00,正丙苯,延炼12万吨/年乙苯/苯乙烯装置
0.00,ST010137,<p>%(m/m)</p>,2025-05-18 08:00:00,甲乙苯,延炼12万吨/年乙苯/苯乙烯装置
56.17,ST010137,<p>%(m/m)</p>,2025-05-18 08:00:00,苯乙烯,延炼12万吨/年乙苯/苯乙烯装置
0.01,ST010137,<p>%(m/m)</p>,2025-05-18 08:00:00,α甲基苯乙烯,延炼12万吨/年乙苯/苯乙烯装置
0.00,ST010137,<p>%(m/m)</p>,2025-05-18 08:00:00,苯乙炔,延炼12万吨/年乙苯/苯乙烯装置
0.00,ST010137,<p>%(m/m)</p>,2025-05-18 08:00:00,间、对甲基苯乙烯,延炼12万吨/年乙苯/苯乙烯装置
0.17,ST010137,<p>%(m/m)</p>,2025-05-18 08:00:00,其  他,延炼12万吨/年乙苯/苯乙烯装置
0.00,ST010137,<p>%(m/m)</p>,2025-05-18 08:00:00,丙烯基苯,延炼12万吨/年乙苯/苯乙烯装置
0.00,ST010137,<p>%(m/m)</p>,2025-05-18 08:00:00,二氢噻喃,延炼12万吨/年乙苯/苯乙烯装置
0.02,ST010137,<p>%(m/m)</p>,2025-05-18 08:00:00,2-乙烯基噻吩,延炼12万吨/年乙苯/苯乙烯装置
0.10,ST010137,<p>%(m/m)</p>,2025-05-19 08:00:00,非  芳,延炼12万吨/年乙苯/苯乙烯装置
0.54,ST010137,<p>%(m/m)</p>,2025-05-19 08:00:00,苯,延炼12万吨/年乙苯/苯乙烯装置
1.49,ST010137,<p>%(m/m)</p>,2025-05-19 08:00:00,甲  苯,延炼12万吨/年乙苯/苯乙烯装置
40.06,ST010137,<p>%(m/m)</p>,2025-05-19 08:00:00,乙  苯,延炼12万吨/年乙苯/苯乙烯装置
1.25,ST010137,<p>%(m/m)</p>,2025-05-19 08:00:00,二甲苯,延炼12万吨/年乙苯/苯乙烯装置
0.00,ST010137,<p>%(m/m)</p>,2025-05-19 08:00:00,异丙苯,延炼12万吨/年乙苯/苯乙烯装置
0.00,ST010137,<p>%(m/m)</p>,2025-05-19 08:00:00,正丙苯,延炼12万吨/年乙苯/苯乙烯装置
0.00,ST010137,<p>%(m/m)</p>,2025-05-19 08:00:00,甲乙苯,延炼12万吨/年乙苯/苯乙烯装置
56.34,ST010137,<p>%(m/m)</p>,2025-05-19 08:00:00,苯乙烯,延炼12万吨/年乙苯/苯乙烯装置
0.01,ST010137,<p>%(m/m)</p>,2025-05-19 08:00:00,α甲基苯乙烯,延炼12万吨/年乙苯/苯乙烯装置
0.00,ST010137,<p>%(m/m)</p>,2025-05-19 08:00:00,苯乙炔,延炼12万吨/年乙苯/苯乙烯装置
0.00,ST010137,<p>%(m/m)</p>,2025-05-19 08:00:00,间、对甲基苯乙烯,延炼12万吨/年乙苯/苯乙烯装置
0.19,ST010137,<p>%(m/m)</p>,2025-05-19 08:00:00,其  他,延炼12万吨/年乙苯/苯乙烯装置
0.00,ST010137,<p>%(m/m)</p>,2025-05-19 08:00:00,丙烯基苯,延炼12万吨/年乙苯/苯乙烯装置
0.00,ST010137,<p>%(m/m)</p>,2025-05-19 08:00:00,二氢噻喃,延炼12万吨/年乙苯/苯乙烯装置
0.02,ST010137,<p>%(m/m)</p>,2025-05-19 08:00:00,2-乙烯基噻吩,延炼12万吨/年乙苯/苯乙烯装置
0.10,ST010137,<p>%(m/m)</p>,2025-05-20 08:00:00,非  芳,延炼12万吨/年乙苯/苯乙烯装置
0.37,ST010137,<p>%(m/m)</p>,2025-05-20 08:00:00,苯,延炼12万吨/年乙苯/苯乙烯装置
1.04,ST010137,<p>%(m/m)</p>,2025-05-20 08:00:00,甲  苯,延炼12万吨/年乙苯/苯乙烯装置
41.63,ST010137,<p>%(m/m)</p>,2025-05-20 08:00:00,乙  苯,延炼12万吨/年乙苯/苯乙烯装置
1.30,ST010137,<p>%(m/m)</p>,2025-05-20 08:00:00,二甲苯,延炼12万吨/年乙苯/苯乙烯装置
0.00,ST010137,<p>%(m/m)</p>,2025-05-20 08:00:00,异丙苯,延炼12万吨/年乙苯/苯乙烯装置
0.00,ST010137,<p>%(m/m)</p>,2025-05-20 08:00:00,正丙苯,延炼12万吨/年乙苯/苯乙烯装置
0.00,ST010137,<p>%(m/m)</p>,2025-05-20 08:00:00,甲乙苯,延炼12万吨/年乙苯/苯乙烯装置
55.37,ST010137,<p>%(m/m)</p>,2025-05-20 08:00:00,苯乙烯,延炼12万吨/年乙苯/苯乙烯装置
0.01,ST010137,<p>%(m/m)</p>,2025-05-20 08:00:00,α甲基苯乙烯,延炼12万吨/年乙苯/苯乙烯装置
0.00,ST010137,<p>%(m/m)</p>,2025-05-20 08:00:00,苯乙炔,延炼12万吨/年乙苯/苯乙烯装置
0.00,ST010137,<p>%(m/m)</p>,2025-05-20 08:00:00,间、对甲基苯乙烯,延炼12万吨/年乙苯/苯乙烯装置
0.16,ST010137,<p>%(m/m)</p>,2025-05-20 08:00:00,其  他,延炼12万吨/年乙苯/苯乙烯装置
0.00,ST010137,<p>%(m/m)</p>,2025-05-20 08:00:00,丙烯基苯,延炼12万吨/年乙苯/苯乙烯装置
0.00,ST010137,<p>%(m/m)</p>,2025-05-20 08:00:00,二氢噻喃,延炼12万吨/年乙苯/苯乙烯装置
0.01,ST010137,<p>%(m/m)</p>,2025-05-20 08:00:00,2-乙烯基噻吩,延炼12万吨/年乙苯/苯乙烯装置
0.11,ST010137,<p>%(m/m)</p>,2025-05-21 08:00:00,非  芳,延炼12万吨/年乙苯/苯乙烯装置
0.36,ST010137,<p>%(m/m)</p>,2025-05-21 08:00:00,苯,延炼12万吨/年乙苯/苯乙烯装置
1.12,ST010137,<p>%(m/m)</p>,2025-05-21 08:00:00,甲  苯,延炼12万吨/年乙苯/苯乙烯装置
39.62,ST010137,<p>%(m/m)</p>,2025-05-21 08:00:00,乙  苯,延炼12万吨/年乙苯/苯乙烯装置
1.34,ST010137,<p>%(m/m)</p>,2025-05-21 08:00:00,二甲苯,延炼12万吨/年乙苯/苯乙烯装置
0.00,ST010137,<p>%(m/m)</p>,2025-05-21 08:00:00,异丙苯,延炼12万吨/年乙苯/苯乙烯装置
0.00,ST010137,<p>%(m/m)</p>,2025-05-21 08:00:00,正丙苯,延炼12万吨/年乙苯/苯乙烯装置
0.00,ST010137,<p>%(m/m)</p>,2025-05-21 08:00:00,甲乙苯,延炼12万吨/年乙苯/苯乙烯装置
57.22,ST010137,<p>%(m/m)</p>,2025-05-21 08:00:00,苯乙烯,延炼12万吨/年乙苯/苯乙烯装置
0.01,ST010137,<p>%(m/m)</p>,2025-05-21 08:00:00,α甲基苯乙烯,延炼12万吨/年乙苯/苯乙烯装置
0.00,ST010137,<p>%(m/m)</p>,2025-05-21 08:00:00,苯乙炔,延炼12万吨/年乙苯/苯乙烯装置
0.00,ST010137,<p>%(m/m)</p>,2025-05-21 08:00:00,间、对甲基苯乙烯,延炼12万吨/年乙苯/苯乙烯装置
0.19,ST010137,<p>%(m/m)</p>,2025-05-21 08:00:00,其  他,延炼12万吨/年乙苯/苯乙烯装置
0.00,ST010137,<p>%(m/m)</p>,2025-05-21 08:00:00,丙烯基苯,延炼12万吨/年乙苯/苯乙烯装置
0.00,ST010137,<p>%(m/m)</p>,2025-05-21 08:00:00,二氢噻喃,延炼12万吨/年乙苯/苯乙烯装置
0.02,ST010137,<p>%(m/m)</p>,2025-05-21 08:00:00,2-乙烯基噻吩,延炼12万吨/年乙苯/苯乙烯装置
0.11,ST010137,<p>%(m/m)</p>,2025-05-22 08:00:00,非  芳,延炼12万吨/年乙苯/苯乙烯装置
0.32,ST010137,<p>%(m/m)</p>,2025-05-22 08:00:00,苯,延炼12万吨/年乙苯/苯乙烯装置
0.90,ST010137,<p>%(m/m)</p>,2025-05-22 08:00:00,甲  苯,延炼12万吨/年乙苯/苯乙烯装置
41.36,ST010137,<p>%(m/m)</p>,2025-05-22 08:00:00,乙  苯,延炼12万吨/年乙苯/苯乙烯装置
1.43,ST010137,<p>%(m/m)</p>,2025-05-22 08:00:00,二甲苯,延炼12万吨/年乙苯/苯乙烯装置
0.00,ST010137,<p>%(m/m)</p>,2025-05-22 08:00:00,异丙苯,延炼12万吨/年乙苯/苯乙烯装置
0.00,ST010137,<p>%(m/m)</p>,2025-05-22 08:00:00,正丙苯,延炼12万吨/年乙苯/苯乙烯装置
0.00,ST010137,<p>%(m/m)</p>,2025-05-22 08:00:00,甲乙苯,延炼12万吨/年乙苯/苯乙烯装置
55.55,ST010137,<p>%(m/m)</p>,2025-05-22 08:00:00,苯乙烯,延炼12万吨/年乙苯/苯乙烯装置
0.01,ST010137,<p>%(m/m)</p>,2025-05-22 08:00:00,α甲基苯乙烯,延炼12万吨/年乙苯/苯乙烯装置
0.00,ST010137,<p>%(m/m)</p>,2025-05-22 08:00:00,苯乙炔,延炼12万吨/年乙苯/苯乙烯装置
0.00,ST010137,<p>%(m/m)</p>,2025-05-22 08:00:00,间、对甲基苯乙烯,延炼12万吨/年乙苯/苯乙烯装置
0.30,ST010137,<p>%(m/m)</p>,2025-05-22 08:00:00,其  他,延炼12万吨/年乙苯/苯乙烯装置
0.004,ST010137,<p>%(m/m)</p>,2025-05-22 08:00:00,二乙基苯,延炼12万吨/年乙苯/苯乙烯装置
0.00,ST010137,<p>%(m/m)</p>,2025-05-22 08:00:00,丙烯基苯,延炼12万吨/年乙苯/苯乙烯装置
0.00,ST010137,<p>%(m/m)</p>,2025-05-22 08:00:00,二氢噻喃,延炼12万吨/年乙苯/苯乙烯装置
0.02,ST010137,<p>%(m/m)</p>,2025-05-22 08:00:00,2-乙烯基噻吩,延炼12万吨/年乙苯/苯乙烯装置
0.09,ST010137,<p>%(m/m)</p>,2025-05-23 08:00:00,非  芳,延炼12万吨/年乙苯/苯乙烯装置
0.36,ST010137,<p>%(m/m)</p>,2025-05-23 08:00:00,苯,延炼12万吨/年乙苯/苯乙烯装置
0.97,ST010137,<p>%(m/m)</p>,2025-05-23 08:00:00,甲  苯,延炼12万吨/年乙苯/苯乙烯装置
39.32,ST010137,<p>%(m/m)</p>,2025-05-23 08:00:00,乙  苯,延炼12万吨/年乙苯/苯乙烯装置
1.23,ST010137,<p>%(m/m)</p>,2025-05-23 08:00:00,二甲苯,延炼12万吨/年乙苯/苯乙烯装置
0.00,ST010137,<p>%(m/m)</p>,2025-05-23 08:00:00,异丙苯,延炼12万吨/年乙苯/苯乙烯装置
0.00,ST010137,<p>%(m/m)</p>,2025-05-23 08:00:00,正丙苯,延炼12万吨/年乙苯/苯乙烯装置
0.00,ST010137,<p>%(m/m)</p>,2025-05-23 08:00:00,甲乙苯,延炼12万吨/年乙苯/苯乙烯装置
57.82,ST010137,<p>%(m/m)</p>,2025-05-23 08:00:00,苯乙烯,延炼12万吨/年乙苯/苯乙烯装置
0.01,ST010137,<p>%(m/m)</p>,2025-05-23 08:00:00,α甲基苯乙烯,延炼12万吨/年乙苯/苯乙烯装置
0.00,ST010137,<p>%(m/m)</p>,2025-05-23 08:00:00,苯乙炔,延炼12万吨/年乙苯/苯乙烯装置
0.00,ST010137,<p>%(m/m)</p>,2025-05-23 08:00:00,间、对甲基苯乙烯,延炼12万吨/年乙苯/苯乙烯装置
0.18,ST010137,<p>%(m/m)</p>,2025-05-23 08:00:00,其  他,延炼12万吨/年乙苯/苯乙烯装置
0.00,ST010137,<p>%(m/m)</p>,2025-05-23 08:00:00,丙烯基苯,延炼12万吨/年乙苯/苯乙烯装置
0.00,ST010137,<p>%(m/m)</p>,2025-05-23 08:00:00,二氢噻喃,延炼12万吨/年乙苯/苯乙烯装置
0.02,ST010137,<p>%(m/m)</p>,2025-05-23 08:00:00,2-乙烯基噻吩,延炼12万吨/年乙苯/苯乙烯装置
0.10,ST010137,<p>%(m/m)</p>,2025-05-24 08:00:00,非  芳,延炼12万吨/年乙苯/苯乙烯装置
0.35,ST010137,<p>%(m/m)</p>,2025-05-24 08:00:00,苯,延炼12万吨/年乙苯/苯乙烯装置
0.93,ST010137,<p>%(m/m)</p>,2025-05-24 08:00:00,甲  苯,延炼12万吨/年乙苯/苯乙烯装置
40.60,ST010137,<p>%(m/m)</p>,2025-05-24 08:00:00,乙  苯,延炼12万吨/年乙苯/苯乙烯装置
1.40,ST010137,<p>%(m/m)</p>,2025-05-24 08:00:00,二甲苯,延炼12万吨/年乙苯/苯乙烯装置
0.00,ST010137,<p>%(m/m)</p>,2025-05-24 08:00:00,异丙苯,延炼12万吨/年乙苯/苯乙烯装置
0.00,ST010137,<p>%(m/m)</p>,2025-05-24 08:00:00,正丙苯,延炼12万吨/年乙苯/苯乙烯装置
0.00,ST010137,<p>%(m/m)</p>,2025-05-24 08:00:00,甲乙苯,延炼12万吨/年乙苯/苯乙烯装置
56.44,ST010137,<p>%(m/m)</p>,2025-05-24 08:00:00,苯乙烯,延炼12万吨/年乙苯/苯乙烯装置
0.01,ST010137,<p>%(m/m)</p>,2025-05-24 08:00:00,α甲基苯乙烯,延炼12万吨/年乙苯/苯乙烯装置
0.00,ST010137,<p>%(m/m)</p>,2025-05-24 08:00:00,苯乙炔,延炼12万吨/年乙苯/苯乙烯装置
0.00,ST010137,<p>%(m/m)</p>,2025-05-24 08:00:00,间、对甲基苯乙烯,延炼12万吨/年乙苯/苯乙烯装置
0.16,ST010137,<p>%(m/m)</p>,2025-05-24 08:00:00,其  他,延炼12万吨/年乙苯/苯乙烯装置
0.00,ST010137,<p>%(m/m)</p>,2025-05-24 08:00:00,丙烯基苯,延炼12万吨/年乙苯/苯乙烯装置
0.00,ST010137,<p>%(m/m)</p>,2025-05-24 08:00:00,二氢噻喃,延炼12万吨/年乙苯/苯乙烯装置
0.01,ST010137,<p>%(m/m)</p>,2025-05-24 08:00:00,2-乙烯基噻吩,延炼12万吨/年乙苯/苯乙烯装置
0.11,ST010137,<p>%(m/m)</p>,2025-05-25 08:00:00,非  芳,延炼12万吨/年乙苯/苯乙烯装置
0.52,ST010137,<p>%(m/m)</p>,2025-05-25 08:00:00,苯,延炼12万吨/年乙苯/苯乙烯装置
1.42,ST010137,<p>%(m/m)</p>,2025-05-25 08:00:00,甲  苯,延炼12万吨/年乙苯/苯乙烯装置
39.47,ST010137,<p>%(m/m)</p>,2025-05-25 08:00:00,乙  苯,延炼12万吨/年乙苯/苯乙烯装置
1.45,ST010137,<p>%(m/m)</p>,2025-05-25 08:00:00,二甲苯,延炼12万吨/年乙苯/苯乙烯装置
0.00,ST010137,<p>%(m/m)</p>,2025-05-25 08:00:00,异丙苯,延炼12万吨/年乙苯/苯乙烯装置
0.00,ST010137,<p>%(m/m)</p>,2025-05-25 08:00:00,正丙苯,延炼12万吨/年乙苯/苯乙烯装置
0.00,ST010137,<p>%(m/m)</p>,2025-05-25 08:00:00,甲乙苯,延炼12万吨/年乙苯/苯乙烯装置
56.83,ST010137,<p>%(m/m)</p>,2025-05-25 08:00:00,苯乙烯,延炼12万吨/年乙苯/苯乙烯装置
0.01,ST010137,<p>%(m/m)</p>,2025-05-25 08:00:00,α甲基苯乙烯,延炼12万吨/年乙苯/苯乙烯装置
0.00,ST010137,<p>%(m/m)</p>,2025-05-25 08:00:00,苯乙炔,延炼12万吨/年乙苯/苯乙烯装置
0.00,ST010137,<p>%(m/m)</p>,2025-05-25 08:00:00,间、对甲基苯乙烯,延炼12万吨/年乙苯/苯乙烯装置
0.17,ST010137,<p>%(m/m)</p>,2025-05-25 08:00:00,其  他,延炼12万吨/年乙苯/苯乙烯装置
0.00,ST010137,<p>%(m/m)</p>,2025-05-25 08:00:00,丙烯基苯,延炼12万吨/年乙苯/苯乙烯装置
0.00,ST010137,<p>%(m/m)</p>,2025-05-25 08:00:00,二氢噻喃,延炼12万吨/年乙苯/苯乙烯装置
0.02,ST010137,<p>%(m/m)</p>,2025-05-25 08:00:00,2-乙烯基噻吩,延炼12万吨/年乙苯/苯乙烯装置
0.10,ST010137,<p>%(m/m)</p>,2025-05-26 08:00:00,非  芳,延炼12万吨/年乙苯/苯乙烯装置
0.68,ST010137,<p>%(m/m)</p>,2025-05-26 08:00:00,苯,延炼12万吨/年乙苯/苯乙烯装置
1.83,ST010137,<p>%(m/m)</p>,2025-05-26 08:00:00,甲  苯,延炼12万吨/年乙苯/苯乙烯装置
40.02,ST010137,<p>%(m/m)</p>,2025-05-26 08:00:00,乙  苯,延炼12万吨/年乙苯/苯乙烯装置
1.27,ST010137,<p>%(m/m)</p>,2025-05-26 08:00:00,二甲苯,延炼12万吨/年乙苯/苯乙烯装置
0.00,ST010137,<p>%(m/m)</p>,2025-05-26 08:00:00,异丙苯,延炼12万吨/年乙苯/苯乙烯装置
0.00,ST010137,<p>%(m/m)</p>,2025-05-26 08:00:00,正丙苯,延炼12万吨/年乙苯/苯乙烯装置
0.00,ST010137,<p>%(m/m)</p>,2025-05-26 08:00:00,甲乙苯,延炼12万吨/年乙苯/苯乙烯装置
55.91,ST010137,<p>%(m/m)</p>,2025-05-26 08:00:00,苯乙烯,延炼12万吨/年乙苯/苯乙烯装置
0.01,ST010137,<p>%(m/m)</p>,2025-05-26 08:00:00,α甲基苯乙烯,延炼12万吨/年乙苯/苯乙烯装置
0.00,ST010137,<p>%(m/m)</p>,2025-05-26 08:00:00,苯乙炔,延炼12万吨/年乙苯/苯乙烯装置
0.00,ST010137,<p>%(m/m)</p>,2025-05-26 08:00:00,间、对甲基苯乙烯,延炼12万吨/年乙苯/苯乙烯装置
0.16,ST010137,<p>%(m/m)</p>,2025-05-26 08:00:00,其  他,延炼12万吨/年乙苯/苯乙烯装置
0.00,ST010137,<p>%(m/m)</p>,2025-05-26 08:00:00,丙烯基苯,延炼12万吨/年乙苯/苯乙烯装置
0.00,ST010137,<p>%(m/m)</p>,2025-05-26 08:00:00,二氢噻喃,延炼12万吨/年乙苯/苯乙烯装置
0.01,ST010137,<p>%(m/m)</p>,2025-05-26 08:00:00,2-乙烯基噻吩,延炼12万吨/年乙苯/苯乙烯装置
0.11,ST010137,<p>%(m/m)</p>,2025-05-27 08:00:00,非  芳,延炼12万吨/年乙苯/苯乙烯装置
0.36,ST010137,<p>%(m/m)</p>,2025-05-27 08:00:00,苯,延炼12万吨/年乙苯/苯乙烯装置
0.99,ST010137,<p>%(m/m)</p>,2025-05-27 08:00:00,甲  苯,延炼12万吨/年乙苯/苯乙烯装置
40.14,ST010137,<p>%(m/m)</p>,2025-05-27 08:00:00,乙  苯,延炼12万吨/年乙苯/苯乙烯装置
1.40,ST010137,<p>%(m/m)</p>,2025-05-27 08:00:00,二甲苯,延炼12万吨/年乙苯/苯乙烯装置
0.00,ST010137,<p>%(m/m)</p>,2025-05-27 08:00:00,异丙苯,延炼12万吨/年乙苯/苯乙烯装置
0.00,ST010137,<p>%(m/m)</p>,2025-05-27 08:00:00,正丙苯,延炼12万吨/年乙苯/苯乙烯装置
0.00,ST010137,<p>%(m/m)</p>,2025-05-27 08:00:00,甲乙苯,延炼12万吨/年乙苯/苯乙烯装置
56.81,ST010137,<p>%(m/m)</p>,2025-05-27 08:00:00,苯乙烯,延炼12万吨/年乙苯/苯乙烯装置
0.01,ST010137,<p>%(m/m)</p>,2025-05-27 08:00:00,α甲基苯乙烯,延炼12万吨/年乙苯/苯乙烯装置
0.00,ST010137,<p>%(m/m)</p>,2025-05-27 08:00:00,苯乙炔,延炼12万吨/年乙苯/苯乙烯装置
0.00,ST010137,<p>%(m/m)</p>,2025-05-27 08:00:00,间、对甲基苯乙烯,延炼12万吨/年乙苯/苯乙烯装置
0.16,ST010137,<p>%(m/m)</p>,2025-05-27 08:00:00,其  他,延炼12万吨/年乙苯/苯乙烯装置
0.00,ST010137,<p>%(m/m)</p>,2025-05-27 08:00:00,丙烯基苯,延炼12万吨/年乙苯/苯乙烯装置
0.00,ST010137,<p>%(m/m)</p>,2025-05-27 08:00:00,二氢噻喃,延炼12万吨/年乙苯/苯乙烯装置
0.02,ST010137,<p>%(m/m)</p>,2025-05-27 08:00:00,2-乙烯基噻吩,延炼12万吨/年乙苯/苯乙烯装置
0.10,ST010137,<p>%(m/m)</p>,2025-05-28 08:00:00,非  芳,延炼12万吨/年乙苯/苯乙烯装置
0.35,ST010137,<p>%(m/m)</p>,2025-05-28 08:00:00,苯,延炼12万吨/年乙苯/苯乙烯装置
0.95,ST010137,<p>%(m/m)</p>,2025-05-28 08:00:00,甲  苯,延炼12万吨/年乙苯/苯乙烯装置
40.82,ST010137,<p>%(m/m)</p>,2025-05-28 08:00:00,乙  苯,延炼12万吨/年乙苯/苯乙烯装置
1.38,ST010137,<p>%(m/m)</p>,2025-05-28 08:00:00,二甲苯,延炼12万吨/年乙苯/苯乙烯装置
0.00,ST010137,<p>%(m/m)</p>,2025-05-28 08:00:00,异丙苯,延炼12万吨/年乙苯/苯乙烯装置
0.00,ST010137,<p>%(m/m)</p>,2025-05-28 08:00:00,正丙苯,延炼12万吨/年乙苯/苯乙烯装置
0.00,ST010137,<p>%(m/m)</p>,2025-05-28 08:00:00,甲乙苯,延炼12万吨/年乙苯/苯乙烯装置
56.19,ST010137,<p>%(m/m)</p>,2025-05-28 08:00:00,苯乙烯,延炼12万吨/年乙苯/苯乙烯装置
0.01,ST010137,<p>%(m/m)</p>,2025-05-28 08:00:00,α甲基苯乙烯,延炼12万吨/年乙苯/苯乙烯装置
0.00,ST010137,<p>%(m/m)</p>,2025-05-28 08:00:00,苯乙炔,延炼12万吨/年乙苯/苯乙烯装置
0.00,ST010137,<p>%(m/m)</p>,2025-05-28 08:00:00,间、对甲基苯乙烯,延炼12万吨/年乙苯/苯乙烯装置
0.18,ST010137,<p>%(m/m)</p>,2025-05-28 08:00:00,其  他,延炼12万吨/年乙苯/苯乙烯装置
0.00,ST010137,<p>%(m/m)</p>,2025-05-28 08:00:00,丙烯基苯,延炼12万吨/年乙苯/苯乙烯装置
0.00,ST010137,<p>%(m/m)</p>,2025-05-28 08:00:00,二氢噻喃,延炼12万吨/年乙苯/苯乙烯装置
0.01,ST010137,<p>%(m/m)</p>,2025-05-28 08:00:00,2-乙烯基噻吩,延炼12万吨/年乙苯/苯乙烯装置
0.09,ST010137,<p>%(m/m)</p>,2025-05-29 08:00:00,非  芳,延炼12万吨/年乙苯/苯乙烯装置
0.42,ST010137,<p>%(m/m)</p>,2025-05-29 08:00:00,苯,延炼12万吨/年乙苯/苯乙烯装置
1.11,ST010137,<p>%(m/m)</p>,2025-05-29 08:00:00,甲  苯,延炼12万吨/年乙苯/苯乙烯装置
39.02,ST010137,<p>%(m/m)</p>,2025-05-29 08:00:00,乙  苯,延炼12万吨/年乙苯/苯乙烯装置
1.31,ST010137,<p>%(m/m)</p>,2025-05-29 08:00:00,二甲苯,延炼12万吨/年乙苯/苯乙烯装置
0.00,ST010137,<p>%(m/m)</p>,2025-05-29 08:00:00,异丙苯,延炼12万吨/年乙苯/苯乙烯装置
0.00,ST010137,<p>%(m/m)</p>,2025-05-29 08:00:00,正丙苯,延炼12万吨/年乙苯/苯乙烯装置
0.00,ST010137,<p>%(m/m)</p>,2025-05-29 08:00:00,甲乙苯,延炼12万吨/年乙苯/苯乙烯装置
57.86,ST010137,<p>%(m/m)</p>,2025-05-29 08:00:00,苯乙烯,延炼12万吨/年乙苯/苯乙烯装置
0.01,ST010137,<p>%(m/m)</p>,2025-05-29 08:00:00,α甲基苯乙烯,延炼12万吨/年乙苯/苯乙烯装置
0.00,ST010137,<p>%(m/m)</p>,2025-05-29 08:00:00,苯乙炔,延炼12万吨/年乙苯/苯乙烯装置
0.00,ST010137,<p>%(m/m)</p>,2025-05-29 08:00:00,间、对甲基苯乙烯,延炼12万吨/年乙苯/苯乙烯装置
0.15,ST010137,<p>%(m/m)</p>,2025-05-29 08:00:00,其  他,延炼12万吨/年乙苯/苯乙烯装置
0.003,ST010137,<p>%(m/m)</p>,2025-05-29 08:00:00,二乙基苯,延炼12万吨/年乙苯/苯乙烯装置
0.00,ST010137,<p>%(m/m)</p>,2025-05-29 08:00:00,丙烯基苯,延炼12万吨/年乙苯/苯乙烯装置
0.00,ST010137,<p>%(m/m)</p>,2025-05-29 08:00:00,二氢噻喃,延炼12万吨/年乙苯/苯乙烯装置
0.01,ST010137,<p>%(m/m)</p>,2025-05-29 08:00:00,2-乙烯基噻吩,延炼12万吨/年乙苯/苯乙烯装置
0.10,ST010137,<p>%(m/m)</p>,2025-05-30 08:00:00,非  芳,延炼12万吨/年乙苯/苯乙烯装置
0.48,ST010137,<p>%(m/m)</p>,2025-05-30 08:00:00,苯,延炼12万吨/年乙苯/苯乙烯装置
1.25,ST010137,<p>%(m/m)</p>,2025-05-30 08:00:00,甲  苯,延炼12万吨/年乙苯/苯乙烯装置
38.42,ST010137,<p>%(m/m)</p>,2025-05-30 08:00:00,乙  苯,延炼12万吨/年乙苯/苯乙烯装置
1.43,ST010137,<p>%(m/m)</p>,2025-05-30 08:00:00,二甲苯,延炼12万吨/年乙苯/苯乙烯装置
0.00,ST010137,<p>%(m/m)</p>,2025-05-30 08:00:00,异丙苯,延炼12万吨/年乙苯/苯乙烯装置
0.00,ST010137,<p>%(m/m)</p>,2025-05-30 08:00:00,正丙苯,延炼12万吨/年乙苯/苯乙烯装置
0.00,ST010137,<p>%(m/m)</p>,2025-05-30 08:00:00,甲乙苯,延炼12万吨/年乙苯/苯乙烯装置
58.07,ST010137,<p>%(m/m)</p>,2025-05-30 08:00:00,苯乙烯,延炼12万吨/年乙苯/苯乙烯装置
0.01,ST010137,<p>%(m/m)</p>,2025-05-30 08:00:00,α甲基苯乙烯,延炼12万吨/年乙苯/苯乙烯装置
0.00,ST010137,<p>%(m/m)</p>,2025-05-30 08:00:00,苯乙炔,延炼12万吨/年乙苯/苯乙烯装置
0.00,ST010137,<p>%(m/m)</p>,2025-05-30 08:00:00,间、对甲基苯乙烯,延炼12万吨/年乙苯/苯乙烯装置
0.22,ST010137,<p>%(m/m)</p>,2025-05-30 08:00:00,其  他,延炼12万吨/年乙苯/苯乙烯装置
0.00,ST010137,<p>%(m/m)</p>,2025-05-30 08:00:00,丙烯基苯,延炼12万吨/年乙苯/苯乙烯装置
0.00,ST010137,<p>%(m/m)</p>,2025-05-30 08:00:00,二氢噻喃,延炼12万吨/年乙苯/苯乙烯装置
0.01,ST010137,<p>%(m/m)</p>,2025-05-30 08:00:00,2-乙烯基噻吩,延炼12万吨/年乙苯/苯乙烯装置
0.08,ST010137,<p>%(m/m)</p>,2025-05-31 08:00:00,非  芳,延炼12万吨/年乙苯/苯乙烯装置
0.38,ST010137,<p>%(m/m)</p>,2025-05-31 08:00:00,苯,延炼12万吨/年乙苯/苯乙烯装置
1.02,ST010137,<p>%(m/m)</p>,2025-05-31 08:00:00,甲  苯,延炼12万吨/年乙苯/苯乙烯装置
39.23,ST010137,<p>%(m/m)</p>,2025-05-31 08:00:00,乙  苯,延炼12万吨/年乙苯/苯乙烯装置
1.20,ST010137,<p>%(m/m)</p>,2025-05-31 08:00:00,二甲苯,延炼12万吨/年乙苯/苯乙烯装置
0.00,ST010137,<p>%(m/m)</p>,2025-05-31 08:00:00,异丙苯,延炼12万吨/年乙苯/苯乙烯装置
0.00,ST010137,<p>%(m/m)</p>,2025-05-31 08:00:00,正丙苯,延炼12万吨/年乙苯/苯乙烯装置
0.00,ST010137,<p>%(m/m)</p>,2025-05-31 08:00:00,甲乙苯,延炼12万吨/年乙苯/苯乙烯装置
57.88,ST010137,<p>%(m/m)</p>,2025-05-31 08:00:00,苯乙烯,延炼12万吨/年乙苯/苯乙烯装置
0.01,ST010137,<p>%(m/m)</p>,2025-05-31 08:00:00,α甲基苯乙烯,延炼12万吨/年乙苯/苯乙烯装置
0.00,ST010137,<p>%(m/m)</p>,2025-05-31 08:00:00,苯乙炔,延炼12万吨/年乙苯/苯乙烯装置
0.00,ST010137,<p>%(m/m)</p>,2025-05-31 08:00:00,间、对甲基苯乙烯,延炼12万吨/年乙苯/苯乙烯装置
0.17,ST010137,<p>%(m/m)</p>,2025-05-31 08:00:00,其  他,延炼12万吨/年乙苯/苯乙烯装置
0.00,ST010137,<p>%(m/m)</p>,2025-05-31 08:00:00,丙烯基苯,延炼12万吨/年乙苯/苯乙烯装置
0.00,ST010137,<p>%(m/m)</p>,2025-05-31 08:00:00,二氢噻喃,延炼12万吨/年乙苯/苯乙烯装置
0.01,ST010137,<p>%(m/m)</p>,2025-05-31 08:00:00,2-乙烯基噻吩,延炼12万吨/年乙苯/苯乙烯装置
0.09,ST010137,<p>%(m/m)</p>,2025-06-01 08:00:00,非  芳,延炼12万吨/年乙苯/苯乙烯装置
0.37,ST010137,<p>%(m/m)</p>,2025-06-01 08:00:00,苯,延炼12万吨/年乙苯/苯乙烯装置
0.97,ST010137,<p>%(m/m)</p>,2025-06-01 08:00:00,甲  苯,延炼12万吨/年乙苯/苯乙烯装置
40.71,ST010137,<p>%(m/m)</p>,2025-06-01 08:00:00,乙  苯,延炼12万吨/年乙苯/苯乙烯装置
1.30,ST010137,<p>%(m/m)</p>,2025-06-01 08:00:00,二甲苯,延炼12万吨/年乙苯/苯乙烯装置
0.00,ST010137,<p>%(m/m)</p>,2025-06-01 08:00:00,异丙苯,延炼12万吨/年乙苯/苯乙烯装置
0.00,ST010137,<p>%(m/m)</p>,2025-06-01 08:00:00,正丙苯,延炼12万吨/年乙苯/苯乙烯装置
0.00,ST010137,<p>%(m/m)</p>,2025-06-01 08:00:00,甲乙苯,延炼12万吨/年乙苯/苯乙烯装置
56.38,ST010137,<p>%(m/m)</p>,2025-06-01 08:00:00,苯乙烯,延炼12万吨/年乙苯/苯乙烯装置
0.01,ST010137,<p>%(m/m)</p>,2025-06-01 08:00:00,α甲基苯乙烯,延炼12万吨/年乙苯/苯乙烯装置
0.00,ST010137,<p>%(m/m)</p>,2025-06-01 08:00:00,苯乙炔,延炼12万吨/年乙苯/苯乙烯装置
0.00,ST010137,<p>%(m/m)</p>,2025-06-01 08:00:00,间、对甲基苯乙烯,延炼12万吨/年乙苯/苯乙烯装置
0.16,ST010137,<p>%(m/m)</p>,2025-06-01 08:00:00,其  他,延炼12万吨/年乙苯/苯乙烯装置
0.00,ST010137,<p>%(m/m)</p>,2025-06-01 08:00:00,丙烯基苯,延炼12万吨/年乙苯/苯乙烯装置
0.00,ST010137,<p>%(m/m)</p>,2025-06-01 08:00:00,二氢噻喃,延炼12万吨/年乙苯/苯乙烯装置
0.01,ST010137,<p>%(m/m)</p>,2025-06-01 08:00:00,2-乙烯基噻吩,延炼12万吨/年乙苯/苯乙烯装置
0.09,ST010137,<p>%(m/m)</p>,2025-06-02 08:00:00,非  芳,延炼12万吨/年乙苯/苯乙烯装置
0.42,ST010137,<p>%(m/m)</p>,2025-06-02 08:00:00,苯,延炼12万吨/年乙苯/苯乙烯装置
1.10,ST010137,<p>%(m/m)</p>,2025-06-02 08:00:00,甲  苯,延炼12万吨/年乙苯/苯乙烯装置
39.93,ST010137,<p>%(m/m)</p>,2025-06-02 08:00:00,乙  苯,延炼12万吨/年乙苯/苯乙烯装置
1.32,ST010137,<p>%(m/m)</p>,2025-06-02 08:00:00,二甲苯,延炼12万吨/年乙苯/苯乙烯装置
0.00,ST010137,<p>%(m/m)</p>,2025-06-02 08:00:00,异丙苯,延炼12万吨/年乙苯/苯乙烯装置
0.00,ST010137,<p>%(m/m)</p>,2025-06-02 08:00:00,正丙苯,延炼12万吨/年乙苯/苯乙烯装置
0.00,ST010137,<p>%(m/m)</p>,2025-06-02 08:00:00,甲乙苯,延炼12万吨/年乙苯/苯乙烯装置
56.95,ST010137,<p>%(m/m)</p>,2025-06-02 08:00:00,苯乙烯,延炼12万吨/年乙苯/苯乙烯装置
0.01,ST010137,<p>%(m/m)</p>,2025-06-02 08:00:00,α甲基苯乙烯,延炼12万吨/年乙苯/苯乙烯装置
0.00,ST010137,<p>%(m/m)</p>,2025-06-02 08:00:00,苯乙炔,延炼12万吨/年乙苯/苯乙烯装置
0.00,ST010137,<p>%(m/m)</p>,2025-06-02 08:00:00,间、对甲基苯乙烯,延炼12万吨/年乙苯/苯乙烯装置
0.17,ST010137,<p>%(m/m)</p>,2025-06-02 08:00:00,其  他,延炼12万吨/年乙苯/苯乙烯装置
0.00,ST010137,<p>%(m/m)</p>,2025-06-02 08:00:00,丙烯基苯,延炼12万吨/年乙苯/苯乙烯装置
0.00,ST010137,<p>%(m/m)</p>,2025-06-02 08:00:00,二氢噻喃,延炼12万吨/年乙苯/苯乙烯装置
0.01,ST010137,<p>%(m/m)</p>,2025-06-02 08:00:00,2-乙烯基噻吩,延炼12万吨/年乙苯/苯乙烯装置
0.10,ST010137,<p>%(m/m)</p>,2025-06-03 08:00:00,非  芳,延炼12万吨/年乙苯/苯乙烯装置
0.47,ST010137,<p>%(m/m)</p>,2025-06-03 08:00:00,苯,延炼12万吨/年乙苯/苯乙烯装置
1.24,ST010137,<p>%(m/m)</p>,2025-06-03 08:00:00,甲  苯,延炼12万吨/年乙苯/苯乙烯装置
38.80,ST010137,<p>%(m/m)</p>,2025-06-03 08:00:00,乙  苯,延炼12万吨/年乙苯/苯乙烯装置
1.35,ST010137,<p>%(m/m)</p>,2025-06-03 08:00:00,二甲苯,延炼12万吨/年乙苯/苯乙烯装置
0.00,ST010137,<p>%(m/m)</p>,2025-06-03 08:00:00,异丙苯,延炼12万吨/年乙苯/苯乙烯装置
0.00,ST010137,<p>%(m/m)</p>,2025-06-03 08:00:00,正丙苯,延炼12万吨/年乙苯/苯乙烯装置
0.00,ST010137,<p>%(m/m)</p>,2025-06-03 08:00:00,甲乙苯,延炼12万吨/年乙苯/苯乙烯装置
57.85,ST010137,<p>%(m/m)</p>,2025-06-03 08:00:00,苯乙烯,延炼12万吨/年乙苯/苯乙烯装置
0.01,ST010137,<p>%(m/m)</p>,2025-06-03 08:00:00,α甲基苯乙烯,延炼12万吨/年乙苯/苯乙烯装置
0.00,ST010137,<p>%(m/m)</p>,2025-06-03 08:00:00,苯乙炔,延炼12万吨/年乙苯/苯乙烯装置
0.00,ST010137,<p>%(m/m)</p>,2025-06-03 08:00:00,间、对甲基苯乙烯,延炼12万吨/年乙苯/苯乙烯装置
0.17,ST010137,<p>%(m/m)</p>,2025-06-03 08:00:00,其  他,延炼12万吨/年乙苯/苯乙烯装置
0.00,ST010137,<p>%(m/m)</p>,2025-06-03 08:00:00,丙烯基苯,延炼12万吨/年乙苯/苯乙烯装置
0.00,ST010137,<p>%(m/m)</p>,2025-06-03 08:00:00,二氢噻喃,延炼12万吨/年乙苯/苯乙烯装置
0.01,ST010137,<p>%(m/m)</p>,2025-06-03 08:00:00,2-乙烯基噻吩,延炼12万吨/年乙苯/苯乙烯装置
0.09,ST010137,<p>%(m/m)</p>,2025-06-04 08:00:00,非  芳,延炼12万吨/年乙苯/苯乙烯装置
0.38,ST010137,<p>%(m/m)</p>,2025-06-04 08:00:00,苯,延炼12万吨/年乙苯/苯乙烯装置
0.97,ST010137,<p>%(m/m)</p>,2025-06-04 08:00:00,甲  苯,延炼12万吨/年乙苯/苯乙烯装置
40.40,ST010137,<p>%(m/m)</p>,2025-06-04 08:00:00,乙  苯,延炼12万吨/年乙苯/苯乙烯装置
1.21,ST010137,<p>%(m/m)</p>,2025-06-04 08:00:00,二甲苯,延炼12万吨/年乙苯/苯乙烯装置
0.00,ST010137,<p>%(m/m)</p>,2025-06-04 08:00:00,异丙苯,延炼12万吨/年乙苯/苯乙烯装置
0.00,ST010137,<p>%(m/m)</p>,2025-06-04 08:00:00,正丙苯,延炼12万吨/年乙苯/苯乙烯装置
0.00,ST010137,<p>%(m/m)</p>,2025-06-04 08:00:00,甲乙苯,延炼12万吨/年乙苯/苯乙烯装置
56.76,ST010137,<p>%(m/m)</p>,2025-06-04 08:00:00,苯乙烯,延炼12万吨/年乙苯/苯乙烯装置
0.01,ST010137,<p>%(m/m)</p>,2025-06-04 08:00:00,α甲基苯乙烯,延炼12万吨/年乙苯/苯乙烯装置
0.00,ST010137,<p>%(m/m)</p>,2025-06-04 08:00:00,苯乙炔,延炼12万吨/年乙苯/苯乙烯装置
0.00,ST010137,<p>%(m/m)</p>,2025-06-04 08:00:00,间、对甲基苯乙烯,延炼12万吨/年乙苯/苯乙烯装置
0.16,ST010137,<p>%(m/m)</p>,2025-06-04 08:00:00,其  他,延炼12万吨/年乙苯/苯乙烯装置
0.00,ST010137,<p>%(m/m)</p>,2025-06-04 08:00:00,丙烯基苯,延炼12万吨/年乙苯/苯乙烯装置
0.00,ST010137,<p>%(m/m)</p>,2025-06-04 08:00:00,二氢噻喃,延炼12万吨/年乙苯/苯乙烯装置
0.02,ST010137,<p>%(m/m)</p>,2025-06-04 08:00:00,2-乙烯基噻吩,延炼12万吨/年乙苯/苯乙烯装置
0.09,ST010137,<p>%(m/m)</p>,2025-06-05 08:00:00,非  芳,延炼12万吨/年乙苯/苯乙烯装置
0.38,ST010137,<p>%(m/m)</p>,2025-06-05 08:00:00,苯,延炼12万吨/年乙苯/苯乙烯装置
1.02,ST010137,<p>%(m/m)</p>,2025-06-05 08:00:00,甲  苯,延炼12万吨/年乙苯/苯乙烯装置
40.54,ST010137,<p>%(m/m)</p>,2025-06-05 08:00:00,乙  苯,延炼12万吨/年乙苯/苯乙烯装置
1.48,ST010137,<p>%(m/m)</p>,2025-06-05 08:00:00,二甲苯,延炼12万吨/年乙苯/苯乙烯装置
0.00,ST010137,<p>%(m/m)</p>,2025-06-05 08:00:00,异丙苯,延炼12万吨/年乙苯/苯乙烯装置
0.00,ST010137,<p>%(m/m)</p>,2025-06-05 08:00:00,正丙苯,延炼12万吨/年乙苯/苯乙烯装置
0.00,ST010137,<p>%(m/m)</p>,2025-06-05 08:00:00,甲乙苯,延炼12万吨/年乙苯/苯乙烯装置
56.30,ST010137,<p>%(m/m)</p>,2025-06-05 08:00:00,苯乙烯,延炼12万吨/年乙苯/苯乙烯装置
0.01,ST010137,<p>%(m/m)</p>,2025-06-05 08:00:00,α甲基苯乙烯,延炼12万吨/年乙苯/苯乙烯装置
0.00,ST010137,<p>%(m/m)</p>,2025-06-05 08:00:00,苯乙炔,延炼12万吨/年乙苯/苯乙烯装置
0.00,ST010137,<p>%(m/m)</p>,2025-06-05 08:00:00,间、对甲基苯乙烯,延炼12万吨/年乙苯/苯乙烯装置
0.15,ST010137,<p>%(m/m)</p>,2025-06-05 08:00:00,其  他,延炼12万吨/年乙苯/苯乙烯装置
0.002,ST010137,<p>%(m/m)</p>,2025-06-05 08:00:00,二乙基苯,延炼12万吨/年乙苯/苯乙烯装置
0.00,ST010137,<p>%(m/m)</p>,2025-06-05 08:00:00,丙烯基苯,延炼12万吨/年乙苯/苯乙烯装置
0.00,ST010137,<p>%(m/m)</p>,2025-06-05 08:00:00,二氢噻喃,延炼12万吨/年乙苯/苯乙烯装置
0.01,ST010137,<p>%(m/m)</p>,2025-06-05 08:00:00,2-乙烯基噻吩,延炼12万吨/年乙苯/苯乙烯装置
0.09,ST010137,<p>%(m/m)</p>,2025-06-06 08:00:00,非  芳,延炼12万吨/年乙苯/苯乙烯装置
0.46,ST010137,<p>%(m/m)</p>,2025-06-06 08:00:00,苯,延炼12万吨/年乙苯/苯乙烯装置
1.25,ST010137,<p>%(m/m)</p>,2025-06-06 08:00:00,甲  苯,延炼12万吨/年乙苯/苯乙烯装置
39.33,ST010137,<p>%(m/m)</p>,2025-06-06 08:00:00,乙  苯,延炼12万吨/年乙苯/苯乙烯装置
1.42,ST010137,<p>%(m/m)</p>,2025-06-06 08:00:00,二甲苯,延炼12万吨/年乙苯/苯乙烯装置
0.00,ST010137,<p>%(m/m)</p>,2025-06-06 08:00:00,异丙苯,延炼12万吨/年乙苯/苯乙烯装置
0.00,ST010137,<p>%(m/m)</p>,2025-06-06 08:00:00,正丙苯,延炼12万吨/年乙苯/苯乙烯装置
0.00,ST010137,<p>%(m/m)</p>,2025-06-06 08:00:00,甲乙苯,延炼12万吨/年乙苯/苯乙烯装置
57.17,ST010137,<p>%(m/m)</p>,2025-06-06 08:00:00,苯乙烯,延炼12万吨/年乙苯/苯乙烯装置
0.01,ST010137,<p>%(m/m)</p>,2025-06-06 08:00:00,α甲基苯乙烯,延炼12万吨/年乙苯/苯乙烯装置
0.00,ST010137,<p>%(m/m)</p>,2025-06-06 08:00:00,苯乙炔,延炼12万吨/年乙苯/苯乙烯装置
0.00,ST010137,<p>%(m/m)</p>,2025-06-06 08:00:00,间、对甲基苯乙烯,延炼12万吨/年乙苯/苯乙烯装置
0.25,ST010137,<p>%(m/m)</p>,2025-06-06 08:00:00,其  他,延炼12万吨/年乙苯/苯乙烯装置
0.00,ST010137,<p>%(m/m)</p>,2025-06-06 08:00:00,丙烯基苯,延炼12万吨/年乙苯/苯乙烯装置
0.00,ST010137,<p>%(m/m)</p>,2025-06-06 08:00:00,二氢噻喃,延炼12万吨/年乙苯/苯乙烯装置
0.02,ST010137,<p>%(m/m)</p>,2025-06-06 08:00:00,2-乙烯基噻吩,延炼12万吨/年乙苯/苯乙烯装置
0.09,ST010137,<p>%(m/m)</p>,2025-06-07 08:00:00,非  芳,延炼12万吨/年乙苯/苯乙烯装置
0.42,ST010137,<p>%(m/m)</p>,2025-06-07 08:00:00,苯,延炼12万吨/年乙苯/苯乙烯装置
1.10,ST010137,<p>%(m/m)</p>,2025-06-07 08:00:00,甲  苯,延炼12万吨/年乙苯/苯乙烯装置
39.82,ST010137,<p>%(m/m)</p>,2025-06-07 08:00:00,乙  苯,延炼12万吨/年乙苯/苯乙烯装置
1.29,ST010137,<p>%(m/m)</p>,2025-06-07 08:00:00,二甲苯,延炼12万吨/年乙苯/苯乙烯装置
0.00,ST010137,<p>%(m/m)</p>,2025-06-07 08:00:00,异丙苯,延炼12万吨/年乙苯/苯乙烯装置
0.00,ST010137,<p>%(m/m)</p>,2025-06-07 08:00:00,正丙苯,延炼12万吨/年乙苯/苯乙烯装置
0.00,ST010137,<p>%(m/m)</p>,2025-06-07 08:00:00,甲乙苯,延炼12万吨/年乙苯/苯乙烯装置
57.06,ST010137,<p>%(m/m)</p>,2025-06-07 08:00:00,苯乙烯,延炼12万吨/年乙苯/苯乙烯装置
0.01,ST010137,<p>%(m/m)</p>,2025-06-07 08:00:00,α甲基苯乙烯,延炼12万吨/年乙苯/苯乙烯装置
0.00,ST010137,<p>%(m/m)</p>,2025-06-07 08:00:00,苯乙炔,延炼12万吨/年乙苯/苯乙烯装置
0.00,ST010137,<p>%(m/m)</p>,2025-06-07 08:00:00,间、对甲基苯乙烯,延炼12万吨/年乙苯/苯乙烯装置
0.18,ST010137,<p>%(m/m)</p>,2025-06-07 08:00:00,其  他,延炼12万吨/年乙苯/苯乙烯装置
0.00,ST010137,<p>%(m/m)</p>,2025-06-07 08:00:00,丙烯基苯,延炼12万吨/年乙苯/苯乙烯装置
0.00,ST010137,<p>%(m/m)</p>,2025-06-07 08:00:00,二氢噻喃,延炼12万吨/年乙苯/苯乙烯装置
0.02,ST010137,<p>%(m/m)</p>,2025-06-07 08:00:00,2-乙烯基噻吩,延炼12万吨/年乙苯/苯乙烯装置
0.10,ST010137,<p>%(m/m)</p>,2025-06-08 08:00:00,非  芳,延炼12万吨/年乙苯/苯乙烯装置
0.37,ST010137,<p>%(m/m)</p>,2025-06-08 08:00:00,苯,延炼12万吨/年乙苯/苯乙烯装置
0.99,ST010137,<p>%(m/m)</p>,2025-06-08 08:00:00,甲  苯,延炼12万吨/年乙苯/苯乙烯装置
40.33,ST010137,<p>%(m/m)</p>,2025-06-08 08:00:00,乙  苯,延炼12万吨/年乙苯/苯乙烯装置
1.34,ST010137,<p>%(m/m)</p>,2025-06-08 08:00:00,二甲苯,延炼12万吨/年乙苯/苯乙烯装置
0.00,ST010137,<p>%(m/m)</p>,2025-06-08 08:00:00,异丙苯,延炼12万吨/年乙苯/苯乙烯装置
0.00,ST010137,<p>%(m/m)</p>,2025-06-08 08:00:00,正丙苯,延炼12万吨/年乙苯/苯乙烯装置
0.00,ST010137,<p>%(m/m)</p>,2025-06-08 08:00:00,甲乙苯,延炼12万吨/年乙苯/苯乙烯装置
56.67,ST010137,<p>%(m/m)</p>,2025-06-08 08:00:00,苯乙烯,延炼12万吨/年乙苯/苯乙烯装置
0.01,ST010137,<p>%(m/m)</p>,2025-06-08 08:00:00,α甲基苯乙烯,延炼12万吨/年乙苯/苯乙烯装置
0.00,ST010137,<p>%(m/m)</p>,2025-06-08 08:00:00,苯乙炔,延炼12万吨/年乙苯/苯乙烯装置
0.00,ST010137,<p>%(m/m)</p>,2025-06-08 08:00:00,间、对甲基苯乙烯,延炼12万吨/年乙苯/苯乙烯装置
0.17,ST010137,<p>%(m/m)</p>,2025-06-08 08:00:00,其  他,延炼12万吨/年乙苯/苯乙烯装置
0.00,ST010137,<p>%(m/m)</p>,2025-06-08 08:00:00,丙烯基苯,延炼12万吨/年乙苯/苯乙烯装置
0.00,ST010137,<p>%(m/m)</p>,2025-06-08 08:00:00,二氢噻喃,延炼12万吨/年乙苯/苯乙烯装置
0.02,ST010137,<p>%(m/m)</p>,2025-06-08 08:00:00,2-乙烯基噻吩,延炼12万吨/年乙苯/苯乙烯装置
0.08,ST010137,<p>%(m/m)</p>,2025-06-09 08:00:00,非  芳,延炼12万吨/年乙苯/苯乙烯装置
0.38,ST010137,<p>%(m/m)</p>,2025-06-09 08:00:00,苯,延炼12万吨/年乙苯/苯乙烯装置
1.00,ST010137,<p>%(m/m)</p>,2025-06-09 08:00:00,甲  苯,延炼12万吨/年乙苯/苯乙烯装置
40.14,ST010137,<p>%(m/m)</p>,2025-06-09 08:00:00,乙  苯,延炼12万吨/年乙苯/苯乙烯装置
1.30,ST010137,<p>%(m/m)</p>,2025-06-09 08:00:00,二甲苯,延炼12万吨/年乙苯/苯乙烯装置
0.00,ST010137,<p>%(m/m)</p>,2025-06-09 08:00:00,异丙苯,延炼12万吨/年乙苯/苯乙烯装置
0.00,ST010137,<p>%(m/m)</p>,2025-06-09 08:00:00,正丙苯,延炼12万吨/年乙苯/苯乙烯装置
0.00,ST010137,<p>%(m/m)</p>,2025-06-09 08:00:00,甲乙苯,延炼12万吨/年乙苯/苯乙烯装置
56.91,ST010137,<p>%(m/m)</p>,2025-06-09 08:00:00,苯乙烯,延炼12万吨/年乙苯/苯乙烯装置
0.01,ST010137,<p>%(m/m)</p>,2025-06-09 08:00:00,α甲基苯乙烯,延炼12万吨/年乙苯/苯乙烯装置
0.00,ST010137,<p>%(m/m)</p>,2025-06-09 08:00:00,苯乙炔,延炼12万吨/年乙苯/苯乙烯装置
0.00,ST010137,<p>%(m/m)</p>,2025-06-09 08:00:00,间、对甲基苯乙烯,延炼12万吨/年乙苯/苯乙烯装置
0.16,ST010137,<p>%(m/m)</p>,2025-06-09 08:00:00,其  他,延炼12万吨/年乙苯/苯乙烯装置
0.00,ST010137,<p>%(m/m)</p>,2025-06-09 08:00:00,丙烯基苯,延炼12万吨/年乙苯/苯乙烯装置
0.00,ST010137,<p>%(m/m)</p>,2025-06-09 08:00:00,二氢噻喃,延炼12万吨/年乙苯/苯乙烯装置
0.01,ST010137,<p>%(m/m)</p>,2025-06-09 08:00:00,2-乙烯基噻吩,延炼12万吨/年乙苯/苯乙烯装置
0.09,ST010137,<p>%(m/m)</p>,2025-06-10 08:00:00,非  芳,延炼12万吨/年乙苯/苯乙烯装置
0.41,ST010137,<p>%(m/m)</p>,2025-06-10 08:00:00,苯,延炼12万吨/年乙苯/苯乙烯装置
1.10,ST010137,<p>%(m/m)</p>,2025-06-10 08:00:00,甲  苯,延炼12万吨/年乙苯/苯乙烯装置
39.73,ST010137,<p>%(m/m)</p>,2025-06-10 08:00:00,乙  苯,延炼12万吨/年乙苯/苯乙烯装置
1.40,ST010137,<p>%(m/m)</p>,2025-06-10 08:00:00,二甲苯,延炼12万吨/年乙苯/苯乙烯装置
0.00,ST010137,<p>%(m/m)</p>,2025-06-10 08:00:00,异丙苯,延炼12万吨/年乙苯/苯乙烯装置
0.00,ST010137,<p>%(m/m)</p>,2025-06-10 08:00:00,正丙苯,延炼12万吨/年乙苯/苯乙烯装置
0.00,ST010137,<p>%(m/m)</p>,2025-06-10 08:00:00,甲乙苯,延炼12万吨/年乙苯/苯乙烯装置
57.07,ST010137,<p>%(m/m)</p>,2025-06-10 08:00:00,苯乙烯,延炼12万吨/年乙苯/苯乙烯装置
0.01,ST010137,<p>%(m/m)</p>,2025-06-10 08:00:00,α甲基苯乙烯,延炼12万吨/年乙苯/苯乙烯装置
0.00,ST010137,<p>%(m/m)</p>,2025-06-10 08:00:00,苯乙炔,延炼12万吨/年乙苯/苯乙烯装置
0.00,ST010137,<p>%(m/m)</p>,2025-06-10 08:00:00,间、对甲基苯乙烯,延炼12万吨/年乙苯/苯乙烯装置
0.17,ST010137,<p>%(m/m)</p>,2025-06-10 08:00:00,其  他,延炼12万吨/年乙苯/苯乙烯装置
0.00,ST010137,<p>%(m/m)</p>,2025-06-10 08:00:00,丙烯基苯,延炼12万吨/年乙苯/苯乙烯装置
0.00,ST010137,<p>%(m/m)</p>,2025-06-10 08:00:00,二氢噻喃,延炼12万吨/年乙苯/苯乙烯装置
0.02,ST010137,<p>%(m/m)</p>,2025-06-10 08:00:00,2-乙烯基噻吩,延炼12万吨/年乙苯/苯乙烯装置
0.09,ST010137,<p>%(m/m)</p>,2025-06-11 08:00:00,非  芳,延炼12万吨/年乙苯/苯乙烯装置
0.36,ST010137,<p>%(m/m)</p>,2025-06-11 08:00:00,苯,延炼12万吨/年乙苯/苯乙烯装置
0.95,ST010137,<p>%(m/m)</p>,2025-06-11 08:00:00,甲  苯,延炼12万吨/年乙苯/苯乙烯装置
40.59,ST010137,<p>%(m/m)</p>,2025-06-11 08:00:00,乙  苯,延炼12万吨/年乙苯/苯乙烯装置
1.36,ST010137,<p>%(m/m)</p>,2025-06-11 08:00:00,二甲苯,延炼12万吨/年乙苯/苯乙烯装置
0.00,ST010137,<p>%(m/m)</p>,2025-06-11 08:00:00,异丙苯,延炼12万吨/年乙苯/苯乙烯装置
0.00,ST010137,<p>%(m/m)</p>,2025-06-11 08:00:00,正丙苯,延炼12万吨/年乙苯/苯乙烯装置
0.00,ST010137,<p>%(m/m)</p>,2025-06-11 08:00:00,甲乙苯,延炼12万吨/年乙苯/苯乙烯装置
56.45,ST010137,<p>%(m/m)</p>,2025-06-11 08:00:00,苯乙烯,延炼12万吨/年乙苯/苯乙烯装置
0.01,ST010137,<p>%(m/m)</p>,2025-06-11 08:00:00,α甲基苯乙烯,延炼12万吨/年乙苯/苯乙烯装置
0.00,ST010137,<p>%(m/m)</p>,2025-06-11 08:00:00,苯乙炔,延炼12万吨/年乙苯/苯乙烯装置
0.00,ST010137,<p>%(m/m)</p>,2025-06-11 08:00:00,间、对甲基苯乙烯,延炼12万吨/年乙苯/苯乙烯装置
0.17,ST010137,<p>%(m/m)</p>,2025-06-11 08:00:00,其  他,延炼12万吨/年乙苯/苯乙烯装置
0.00,ST010137,<p>%(m/m)</p>,2025-06-11 08:00:00,丙烯基苯,延炼12万吨/年乙苯/苯乙烯装置
0.00,ST010137,<p>%(m/m)</p>,2025-06-11 08:00:00,二氢噻喃,延炼12万吨/年乙苯/苯乙烯装置
0.01,ST010137,<p>%(m/m)</p>,2025-06-11 08:00:00,2-乙烯基噻吩,延炼12万吨/年乙苯/苯乙烯装置
0.08,ST010137,<p>%(m/m)</p>,2025-06-12 08:00:00,非  芳,延炼12万吨/年乙苯/苯乙烯装置
0.36,ST010137,<p>%(m/m)</p>,2025-06-12 08:00:00,苯,延炼12万吨/年乙苯/苯乙烯装置
0.95,ST010137,<p>%(m/m)</p>,2025-06-12 08:00:00,甲  苯,延炼12万吨/年乙苯/苯乙烯装置
40.12,ST010137,<p>%(m/m)</p>,2025-06-12 08:00:00,乙  苯,延炼12万吨/年乙苯/苯乙烯装置
1.26,ST010137,<p>%(m/m)</p>,2025-06-12 08:00:00,二甲苯,延炼12万吨/年乙苯/苯乙烯装置
0.00,ST010137,<p>%(m/m)</p>,2025-06-12 08:00:00,异丙苯,延炼12万吨/年乙苯/苯乙烯装置
0.00,ST010137,<p>%(m/m)</p>,2025-06-12 08:00:00,正丙苯,延炼12万吨/年乙苯/苯乙烯装置
0.00,ST010137,<p>%(m/m)</p>,2025-06-12 08:00:00,甲乙苯,延炼12万吨/年乙苯/苯乙烯装置
57.04,ST010137,<p>%(m/m)</p>,2025-06-12 08:00:00,苯乙烯,延炼12万吨/年乙苯/苯乙烯装置
0.01,ST010137,<p>%(m/m)</p>,2025-06-12 08:00:00,α甲基苯乙烯,延炼12万吨/年乙苯/苯乙烯装置
0.00,ST010137,<p>%(m/m)</p>,2025-06-12 08:00:00,苯乙炔,延炼12万吨/年乙苯/苯乙烯装置
0.00,ST010137,<p>%(m/m)</p>,2025-06-12 08:00:00,间、对甲基苯乙烯,延炼12万吨/年乙苯/苯乙烯装置
0.15,ST010137,<p>%(m/m)</p>,2025-06-12 08:00:00,其  他,延炼12万吨/年乙苯/苯乙烯装置
0.003,ST010137,<p>%(m/m)</p>,2025-06-12 08:00:00,二乙基苯,延炼12万吨/年乙苯/苯乙烯装置
0.00,ST010137,<p>%(m/m)</p>,2025-06-12 08:00:00,丙烯基苯,延炼12万吨/年乙苯/苯乙烯装置
0.00,ST010137,<p>%(m/m)</p>,2025-06-12 08:00:00,二氢噻喃,延炼12万吨/年乙苯/苯乙烯装置
0.02,ST010137,<p>%(m/m)</p>,2025-06-12 08:00:00,2-乙烯基噻吩,延炼12万吨/年乙苯/苯乙烯装置
0.08,ST010137,<p>%(m/m)</p>,2025-06-13 08:00:00,非  芳,延炼12万吨/年乙苯/苯乙烯装置
0.38,ST010137,<p>%(m/m)</p>,2025-06-13 08:00:00,苯,延炼12万吨/年乙苯/苯乙烯装置
0.98,ST010137,<p>%(m/m)</p>,2025-06-13 08:00:00,甲  苯,延炼12万吨/年乙苯/苯乙烯装置
40.03,ST010137,<p>%(m/m)</p>,2025-06-13 08:00:00,乙  苯,延炼12万吨/年乙苯/苯乙烯装置
1.29,ST010137,<p>%(m/m)</p>,2025-06-13 08:00:00,二甲苯,延炼12万吨/年乙苯/苯乙烯装置
0.00,ST010137,<p>%(m/m)</p>,2025-06-13 08:00:00,异丙苯,延炼12万吨/年乙苯/苯乙烯装置
0.00,ST010137,<p>%(m/m)</p>,2025-06-13 08:00:00,正丙苯,延炼12万吨/年乙苯/苯乙烯装置
0.00,ST010137,<p>%(m/m)</p>,2025-06-13 08:00:00,甲乙苯,延炼12万吨/年乙苯/苯乙烯装置
56.98,ST010137,<p>%(m/m)</p>,2025-06-13 08:00:00,苯乙烯,延炼12万吨/年乙苯/苯乙烯装置
0.01,ST010137,<p>%(m/m)</p>,2025-06-13 08:00:00,α甲基苯乙烯,延炼12万吨/年乙苯/苯乙烯装置
0.00,ST010137,<p>%(m/m)</p>,2025-06-13 08:00:00,苯乙炔,延炼12万吨/年乙苯/苯乙烯装置
0.00,ST010137,<p>%(m/m)</p>,2025-06-13 08:00:00,间、对甲基苯乙烯,延炼12万吨/年乙苯/苯乙烯装置
0.22,ST010137,<p>%(m/m)</p>,2025-06-13 08:00:00,其  他,延炼12万吨/年乙苯/苯乙烯装置
0.00,ST010137,<p>%(m/m)</p>,2025-06-13 08:00:00,丙烯基苯,延炼12万吨/年乙苯/苯乙烯装置
0.00,ST010137,<p>%(m/m)</p>,2025-06-13 08:00:00,二氢噻喃,延炼12万吨/年乙苯/苯乙烯装置
0.01,ST010137,<p>%(m/m)</p>,2025-06-13 08:00:00,2-乙烯基噻吩,延炼12万吨/年乙苯/苯乙烯装置
0.10,ST010137,<p>%(m/m)</p>,2025-06-14 08:00:00,非  芳,延炼12万吨/年乙苯/苯乙烯装置
0.39,ST010137,<p>%(m/m)</p>,2025-06-14 08:00:00,苯,延炼12万吨/年乙苯/苯乙烯装置
1.08,ST010137,<p>%(m/m)</p>,2025-06-14 08:00:00,甲  苯,延炼12万吨/年乙苯/苯乙烯装置
39.98,ST010137,<p>%(m/m)</p>,2025-06-14 08:00:00,乙  苯,延炼12万吨/年乙苯/苯乙烯装置
1.49,ST010137,<p>%(m/m)</p>,2025-06-14 08:00:00,二甲苯,延炼12万吨/年乙苯/苯乙烯装置
0.00,ST010137,<p>%(m/m)</p>,2025-06-14 08:00:00,异丙苯,延炼12万吨/年乙苯/苯乙烯装置
0.00,ST010137,<p>%(m/m)</p>,2025-06-14 08:00:00,正丙苯,延炼12万吨/年乙苯/苯乙烯装置
0.00,ST010137,<p>%(m/m)</p>,2025-06-14 08:00:00,甲乙苯,延炼12万吨/年乙苯/苯乙烯装置
56.76,ST010137,<p>%(m/m)</p>,2025-06-14 08:00:00,苯乙烯,延炼12万吨/年乙苯/苯乙烯装置
0.01,ST010137,<p>%(m/m)</p>,2025-06-14 08:00:00,α甲基苯乙烯,延炼12万吨/年乙苯/苯乙烯装置
0.00,ST010137,<p>%(m/m)</p>,2025-06-14 08:00:00,苯乙炔,延炼12万吨/年乙苯/苯乙烯装置
0.00,ST010137,<p>%(m/m)</p>,2025-06-14 08:00:00,间、对甲基苯乙烯,延炼12万吨/年乙苯/苯乙烯装置
0.18,ST010137,<p>%(m/m)</p>,2025-06-14 08:00:00,其  他,延炼12万吨/年乙苯/苯乙烯装置
0.00,ST010137,<p>%(m/m)</p>,2025-06-14 08:00:00,丙烯基苯,延炼12万吨/年乙苯/苯乙烯装置
0.00,ST010137,<p>%(m/m)</p>,2025-06-14 08:00:00,二氢噻喃,延炼12万吨/年乙苯/苯乙烯装置
0.01,ST010137,<p>%(m/m)</p>,2025-06-14 08:00:00,2-乙烯基噻吩,延炼12万吨/年乙苯/苯乙烯装置
0.10,ST010137,<p>%(m/m)</p>,2025-06-15 08:00:00,非  芳,延炼12万吨/年乙苯/苯乙烯装置
0.41,ST010137,<p>%(m/m)</p>,2025-06-15 08:00:00,苯,延炼12万吨/年乙苯/苯乙烯装置
1.06,ST010137,<p>%(m/m)</p>,2025-06-15 08:00:00,甲  苯,延炼12万吨/年乙苯/苯乙烯装置
40.74,ST010137,<p>%(m/m)</p>,2025-06-15 08:00:00,乙  苯,延炼12万吨/年乙苯/苯乙烯装置
1.52,ST010137,<p>%(m/m)</p>,2025-06-15 08:00:00,二甲苯,延炼12万吨/年乙苯/苯乙烯装置
0.00,ST010137,<p>%(m/m)</p>,2025-06-15 08:00:00,异丙苯,延炼12万吨/年乙苯/苯乙烯装置
0.00,ST010137,<p>%(m/m)</p>,2025-06-15 08:00:00,正丙苯,延炼12万吨/年乙苯/苯乙烯装置
0.00,ST010137,<p>%(m/m)</p>,2025-06-15 08:00:00,甲乙苯,延炼12万吨/年乙苯/苯乙烯装置
55.98,ST010137,<p>%(m/m)</p>,2025-06-15 08:00:00,苯乙烯,延炼12万吨/年乙苯/苯乙烯装置
0.01,ST010137,<p>%(m/m)</p>,2025-06-15 08:00:00,α甲基苯乙烯,延炼12万吨/年乙苯/苯乙烯装置
0.00,ST010137,<p>%(m/m)</p>,2025-06-15 08:00:00,苯乙炔,延炼12万吨/年乙苯/苯乙烯装置
0.00,ST010137,<p>%(m/m)</p>,2025-06-15 08:00:00,间、对甲基苯乙烯,延炼12万吨/年乙苯/苯乙烯装置
0.16,ST010137,<p>%(m/m)</p>,2025-06-15 08:00:00,其  他,延炼12万吨/年乙苯/苯乙烯装置
0.00,ST010137,<p>%(m/m)</p>,2025-06-15 08:00:00,丙烯基苯,延炼12万吨/年乙苯/苯乙烯装置
0.00,ST010137,<p>%(m/m)</p>,2025-06-15 08:00:00,二氢噻喃,延炼12万吨/年乙苯/苯乙烯装置
0.01,ST010137,<p>%(m/m)</p>,2025-06-15 08:00:00,2-乙烯基噻吩,延炼12万吨/年乙苯/苯乙烯装置
0.08,ST010137,<p>%(m/m)</p>,2025-06-16 08:00:00,非  芳,延炼12万吨/年乙苯/苯乙烯装置
0.36,ST010137,<p>%(m/m)</p>,2025-06-16 08:00:00,苯,延炼12万吨/年乙苯/苯乙烯装置
0.95,ST010137,<p>%(m/m)</p>,2025-06-16 08:00:00,甲  苯,延炼12万吨/年乙苯/苯乙烯装置
40.92,ST010137,<p>%(m/m)</p>,2025-06-16 08:00:00,乙  苯,延炼12万吨/年乙苯/苯乙烯装置
1.28,ST010137,<p>%(m/m)</p>,2025-06-16 08:00:00,二甲苯,延炼12万吨/年乙苯/苯乙烯装置
0.00,ST010137,<p>%(m/m)</p>,2025-06-16 08:00:00,异丙苯,延炼12万吨/年乙苯/苯乙烯装置
0.00,ST010137,<p>%(m/m)</p>,2025-06-16 08:00:00,正丙苯,延炼12万吨/年乙苯/苯乙烯装置
0.00,ST010137,<p>%(m/m)</p>,2025-06-16 08:00:00,甲乙苯,延炼12万吨/年乙苯/苯乙烯装置
56.19,ST010137,<p>%(m/m)</p>,2025-06-16 08:00:00,苯乙烯,延炼12万吨/年乙苯/苯乙烯装置
0.01,ST010137,<p>%(m/m)</p>,2025-06-16 08:00:00,α甲基苯乙烯,延炼12万吨/年乙苯/苯乙烯装置
0.00,ST010137,<p>%(m/m)</p>,2025-06-16 08:00:00,苯乙炔,延炼12万吨/年乙苯/苯乙烯装置
0.00,ST010137,<p>%(m/m)</p>,2025-06-16 08:00:00,间、对甲基苯乙烯,延炼12万吨/年乙苯/苯乙烯装置
0.18,ST010137,<p>%(m/m)</p>,2025-06-16 08:00:00,其  他,延炼12万吨/年乙苯/苯乙烯装置
0.00,ST010137,<p>%(m/m)</p>,2025-06-16 08:00:00,丙烯基苯,延炼12万吨/年乙苯/苯乙烯装置
0.00,ST010137,<p>%(m/m)</p>,2025-06-16 08:00:00,二氢噻喃,延炼12万吨/年乙苯/苯乙烯装置
0.02,ST010137,<p>%(m/m)</p>,2025-06-16 08:00:00,2-乙烯基噻吩,延炼12万吨/年乙苯/苯乙烯装置
0.10,ST010137,<p>%(m/m)</p>,2025-06-17 08:00:00,非  芳,延炼12万吨/年乙苯/苯乙烯装置
0.48,ST010137,<p>%(m/m)</p>,2025-06-17 08:00:00,苯,延炼12万吨/年乙苯/苯乙烯装置
1.25,ST010137,<p>%(m/m)</p>,2025-06-17 08:00:00,甲  苯,延炼12万吨/年乙苯/苯乙烯装置
38.42,ST010137,<p>%(m/m)</p>,2025-06-17 08:00:00,乙  苯,延炼12万吨/年乙苯/苯乙烯装置
1.43,ST010137,<p>%(m/m)</p>,2025-06-17 08:00:00,二甲苯,延炼12万吨/年乙苯/苯乙烯装置
0.00,ST010137,<p>%(m/m)</p>,2025-06-17 08:00:00,异丙苯,延炼12万吨/年乙苯/苯乙烯装置
0.00,ST010137,<p>%(m/m)</p>,2025-06-17 08:00:00,正丙苯,延炼12万吨/年乙苯/苯乙烯装置
0.00,ST010137,<p>%(m/m)</p>,2025-06-17 08:00:00,甲乙苯,延炼12万吨/年乙苯/苯乙烯装置
58.07,ST010137,<p>%(m/m)</p>,2025-06-17 08:00:00,苯乙烯,延炼12万吨/年乙苯/苯乙烯装置
0.01,ST010137,<p>%(m/m)</p>,2025-06-17 08:00:00,α甲基苯乙烯,延炼12万吨/年乙苯/苯乙烯装置
0.00,ST010137,<p>%(m/m)</p>,2025-06-17 08:00:00,苯乙炔,延炼12万吨/年乙苯/苯乙烯装置
0.00,ST010137,<p>%(m/m)</p>,2025-06-17 08:00:00,间、对甲基苯乙烯,延炼12万吨/年乙苯/苯乙烯装置
0.22,ST010137,<p>%(m/m)</p>,2025-06-17 08:00:00,其  他,延炼12万吨/年乙苯/苯乙烯装置
0.00,ST010137,<p>%(m/m)</p>,2025-06-17 08:00:00,丙烯基苯,延炼12万吨/年乙苯/苯乙烯装置
0.00,ST010137,<p>%(m/m)</p>,2025-06-17 08:00:00,二氢噻喃,延炼12万吨/年乙苯/苯乙烯装置
0.01,ST010137,<p>%(m/m)</p>,2025-06-17 08:00:00,2-乙烯基噻吩,延炼12万吨/年乙苯/苯乙烯装置
0.09,ST010137,<p>%(m/m)</p>,2025-06-18 08:00:00,非  芳,延炼12万吨/年乙苯/苯乙烯装置
0.80,ST010137,<p>%(m/m)</p>,2025-06-18 08:00:00,苯,延炼12万吨/年乙苯/苯乙烯装置
2.10,ST010137,<p>%(m/m)</p>,2025-06-18 08:00:00,甲  苯,延炼12万吨/年乙苯/苯乙烯装置
39.39,ST010137,<p>%(m/m)</p>,2025-06-18 08:00:00,乙  苯,延炼12万吨/年乙苯/苯乙烯装置
1.16,ST010137,<p>%(m/m)</p>,2025-06-18 08:00:00,二甲苯,延炼12万吨/年乙苯/苯乙烯装置
0.00,ST010137,<p>%(m/m)</p>,2025-06-18 08:00:00,异丙苯,延炼12万吨/年乙苯/苯乙烯装置
0.00,ST010137,<p>%(m/m)</p>,2025-06-18 08:00:00,正丙苯,延炼12万吨/年乙苯/苯乙烯装置
0.00,ST010137,<p>%(m/m)</p>,2025-06-18 08:00:00,甲乙苯,延炼12万吨/年乙苯/苯乙烯装置
56.26,ST010137,<p>%(m/m)</p>,2025-06-18 08:00:00,苯乙烯,延炼12万吨/年乙苯/苯乙烯装置
0.01,ST010137,<p>%(m/m)</p>,2025-06-18 08:00:00,α甲基苯乙烯,延炼12万吨/年乙苯/苯乙烯装置
0.00,ST010137,<p>%(m/m)</p>,2025-06-18 08:00:00,苯乙炔,延炼12万吨/年乙苯/苯乙烯装置
0.00,ST010137,<p>%(m/m)</p>,2025-06-18 08:00:00,间、对甲基苯乙烯,延炼12万吨/年乙苯/苯乙烯装置
0.17,ST010137,<p>%(m/m)</p>,2025-06-18 08:00:00,其  他,延炼12万吨/年乙苯/苯乙烯装置
0.00,ST010137,<p>%(m/m)</p>,2025-06-18 08:00:00,丙烯基苯,延炼12万吨/年乙苯/苯乙烯装置
0.00,ST010137,<p>%(m/m)</p>,2025-06-18 08:00:00,二氢噻喃,延炼12万吨/年乙苯/苯乙烯装置
0.01,ST010137,<p>%(m/m)</p>,2025-06-18 08:00:00,2-乙烯基噻吩,延炼12万吨/年乙苯/苯乙烯装置
0.07,ST010137,<p>%(m/m)</p>,2025-06-19 08:00:00,非  芳,延炼12万吨/年乙苯/苯乙烯装置
0.38,ST010137,<p>%(m/m)</p>,2025-06-19 08:00:00,苯,延炼12万吨/年乙苯/苯乙烯装置
1.02,ST010137,<p>%(m/m)</p>,2025-06-19 08:00:00,甲  苯,延炼12万吨/年乙苯/苯乙烯装置
40.48,ST010137,<p>%(m/m)</p>,2025-06-19 08:00:00,乙  苯,延炼12万吨/年乙苯/苯乙烯装置
1.08,ST010137,<p>%(m/m)</p>,2025-06-19 08:00:00,二甲苯,延炼12万吨/年乙苯/苯乙烯装置
0.00,ST010137,<p>%(m/m)</p>,2025-06-19 08:00:00,异丙苯,延炼12万吨/年乙苯/苯乙烯装置
0.00,ST010137,<p>%(m/m)</p>,2025-06-19 08:00:00,正丙苯,延炼12万吨/年乙苯/苯乙烯装置
0.00,ST010137,<p>%(m/m)</p>,2025-06-19 08:00:00,甲乙苯,延炼12万吨/年乙苯/苯乙烯装置
56.73,ST010137,<p>%(m/m)</p>,2025-06-19 08:00:00,苯乙烯,延炼12万吨/年乙苯/苯乙烯装置
0.01,ST010137,<p>%(m/m)</p>,2025-06-19 08:00:00,α甲基苯乙烯,延炼12万吨/年乙苯/苯乙烯装置
0.00,ST010137,<p>%(m/m)</p>,2025-06-19 08:00:00,苯乙炔,延炼12万吨/年乙苯/苯乙烯装置
0.00,ST010137,<p>%(m/m)</p>,2025-06-19 08:00:00,间、对甲基苯乙烯,延炼12万吨/年乙苯/苯乙烯装置
0.19,ST010137,<p>%(m/m)</p>,2025-06-19 08:00:00,其  他,延炼12万吨/年乙苯/苯乙烯装置
0.002,ST010137,<p>%(m/m)</p>,2025-06-19 08:00:00,二乙基苯,延炼12万吨/年乙苯/苯乙烯装置
0.00,ST010137,<p>%(m/m)</p>,2025-06-19 08:00:00,丙烯基苯,延炼12万吨/年乙苯/苯乙烯装置
0.00,ST010137,<p>%(m/m)</p>,2025-06-19 08:00:00,二氢噻喃,延炼12万吨/年乙苯/苯乙烯装置
0.02,ST010137,<p>%(m/m)</p>,2025-06-19 08:00:00,2-乙烯基噻吩,延炼12万吨/年乙苯/苯乙烯装置
0.10,ST010137,<p>%(m/m)</p>,2025-06-20 08:00:00,非  芳,延炼12万吨/年乙苯/苯乙烯装置
0.32,ST010137,<p>%(m/m)</p>,2025-06-20 08:00:00,苯,延炼12万吨/年乙苯/苯乙烯装置
0.98,ST010137,<p>%(m/m)</p>,2025-06-20 08:00:00,甲  苯,延炼12万吨/年乙苯/苯乙烯装置
40.39,ST010137,<p>%(m/m)</p>,2025-06-20 08:00:00,乙  苯,延炼12万吨/年乙苯/苯乙烯装置
1.52,ST010137,<p>%(m/m)</p>,2025-06-20 08:00:00,二甲苯,延炼12万吨/年乙苯/苯乙烯装置
0.00,ST010137,<p>%(m/m)</p>,2025-06-20 08:00:00,异丙苯,延炼12万吨/年乙苯/苯乙烯装置
0.00,ST010137,<p>%(m/m)</p>,2025-06-20 08:00:00,正丙苯,延炼12万吨/年乙苯/苯乙烯装置
0.00,ST010137,<p>%(m/m)</p>,2025-06-20 08:00:00,甲乙苯,延炼12万吨/年乙苯/苯乙烯装置
56.45,ST010137,<p>%(m/m)</p>,2025-06-20 08:00:00,苯乙烯,延炼12万吨/年乙苯/苯乙烯装置
0.01,ST010137,<p>%(m/m)</p>,2025-06-20 08:00:00,α甲基苯乙烯,延炼12万吨/年乙苯/苯乙烯装置
0.00,ST010137,<p>%(m/m)</p>,2025-06-20 08:00:00,苯乙炔,延炼12万吨/年乙苯/苯乙烯装置
0.00,ST010137,<p>%(m/m)</p>,2025-06-20 08:00:00,间、对甲基苯乙烯,延炼12万吨/年乙苯/苯乙烯装置
0.22,ST010137,<p>%(m/m)</p>,2025-06-20 08:00:00,其  他,延炼12万吨/年乙苯/苯乙烯装置
0.00,ST010137,<p>%(m/m)</p>,2025-06-20 08:00:00,丙烯基苯,延炼12万吨/年乙苯/苯乙烯装置
0.00,ST010137,<p>%(m/m)</p>,2025-06-20 08:00:00,二氢噻喃,延炼12万吨/年乙苯/苯乙烯装置
0.01,ST010137,<p>%(m/m)</p>,2025-06-20 08:00:00,2-乙烯基噻吩,延炼12万吨/年乙苯/苯乙烯装置
0.08,ST010137,<p>%(m/m)</p>,2025-06-21 08:00:00,非  芳,延炼12万吨/年乙苯/苯乙烯装置
0.37,ST010137,<p>%(m/m)</p>,2025-06-21 08:00:00,苯,延炼12万吨/年乙苯/苯乙烯装置
0.97,ST010137,<p>%(m/m)</p>,2025-06-21 08:00:00,甲  苯,延炼12万吨/年乙苯/苯乙烯装置
40.77,ST010137,<p>%(m/m)</p>,2025-06-21 08:00:00,乙  苯,延炼12万吨/年乙苯/苯乙烯装置
1.19,ST010137,<p>%(m/m)</p>,2025-06-21 08:00:00,二甲苯,延炼12万吨/年乙苯/苯乙烯装置
0.00,ST010137,<p>%(m/m)</p>,2025-06-21 08:00:00,异丙苯,延炼12万吨/年乙苯/苯乙烯装置
0.00,ST010137,<p>%(m/m)</p>,2025-06-21 08:00:00,正丙苯,延炼12万吨/年乙苯/苯乙烯装置
0.00,ST010137,<p>%(m/m)</p>,2025-06-21 08:00:00,甲乙苯,延炼12万吨/年乙苯/苯乙烯装置
56.36,ST010137,<p>%(m/m)</p>,2025-06-21 08:00:00,苯乙烯,延炼12万吨/年乙苯/苯乙烯装置
0.01,ST010137,<p>%(m/m)</p>,2025-06-21 08:00:00,α甲基苯乙烯,延炼12万吨/年乙苯/苯乙烯装置
0.00,ST010137,<p>%(m/m)</p>,2025-06-21 08:00:00,苯乙炔,延炼12万吨/年乙苯/苯乙烯装置
0.00,ST010137,<p>%(m/m)</p>,2025-06-21 08:00:00,间、对甲基苯乙烯,延炼12万吨/年乙苯/苯乙烯装置
0.22,ST010137,<p>%(m/m)</p>,2025-06-21 08:00:00,其  他,延炼12万吨/年乙苯/苯乙烯装置
0.00,ST010137,<p>%(m/m)</p>,2025-06-21 08:00:00,丙烯基苯,延炼12万吨/年乙苯/苯乙烯装置
0.00,ST010137,<p>%(m/m)</p>,2025-06-21 08:00:00,二氢噻喃,延炼12万吨/年乙苯/苯乙烯装置
0.01,ST010137,<p>%(m/m)</p>,2025-06-21 08:00:00,2-乙烯基噻吩,延炼12万吨/年乙苯/苯乙烯装置
0.08,ST010137,<p>%(m/m)</p>,2025-06-22 08:00:00,非  芳,延炼12万吨/年乙苯/苯乙烯装置
0.39,ST010137,<p>%(m/m)</p>,2025-06-22 08:00:00,苯,延炼12万吨/年乙苯/苯乙烯装置
1.03,ST010137,<p>%(m/m)</p>,2025-06-22 08:00:00,甲  苯,延炼12万吨/年乙苯/苯乙烯装置
39.29,ST010137,<p>%(m/m)</p>,2025-06-22 08:00:00,乙  苯,延炼12万吨/年乙苯/苯乙烯装置
1.26,ST010137,<p>%(m/m)</p>,2025-06-22 08:00:00,二甲苯,延炼12万吨/年乙苯/苯乙烯装置
0.00,ST010137,<p>%(m/m)</p>,2025-06-22 08:00:00,异丙苯,延炼12万吨/年乙苯/苯乙烯装置
0.00,ST010137,<p>%(m/m)</p>,2025-06-22 08:00:00,正丙苯,延炼12万吨/年乙苯/苯乙烯装置
0.00,ST010137,<p>%(m/m)</p>,2025-06-22 08:00:00,甲乙苯,延炼12万吨/年乙苯/苯乙烯装置
57.74,ST010137,<p>%(m/m)</p>,2025-06-22 08:00:00,苯乙烯,延炼12万吨/年乙苯/苯乙烯装置
0.01,ST010137,<p>%(m/m)</p>,2025-06-22 08:00:00,α甲基苯乙烯,延炼12万吨/年乙苯/苯乙烯装置
0.00,ST010137,<p>%(m/m)</p>,2025-06-22 08:00:00,苯乙炔,延炼12万吨/年乙苯/苯乙烯装置
0.00,ST010137,<p>%(m/m)</p>,2025-06-22 08:00:00,间、对甲基苯乙烯,延炼12万吨/年乙苯/苯乙烯装置
0.18,ST010137,<p>%(m/m)</p>,2025-06-22 08:00:00,其  他,延炼12万吨/年乙苯/苯乙烯装置
0.00,ST010137,<p>%(m/m)</p>,2025-06-22 08:00:00,丙烯基苯,延炼12万吨/年乙苯/苯乙烯装置
0.00,ST010137,<p>%(m/m)</p>,2025-06-22 08:00:00,二氢噻喃,延炼12万吨/年乙苯/苯乙烯装置
0.01,ST010137,<p>%(m/m)</p>,2025-06-22 08:00:00,2-乙烯基噻吩,延炼12万吨/年乙苯/苯乙烯装置
0.99,ST010137,<p>%(m/m)</p>,2025-06-23 08:00:00,甲  苯,延炼12万吨/年乙苯/苯乙烯装置
39.68,ST010137,<p>%(m/m)</p>,2025-06-23 08:00:00,乙  苯,延炼12万吨/年乙苯/苯乙烯装置
1.21,ST010137,<p>%(m/m)</p>,2025-06-23 08:00:00,二甲苯,延炼12万吨/年乙苯/苯乙烯装置
0.00,ST010137,<p>%(m/m)</p>,2025-06-23 08:00:00,异丙苯,延炼12万吨/年乙苯/苯乙烯装置
0.00,ST010137,<p>%(m/m)</p>,2025-06-23 08:00:00,正丙苯,延炼12万吨/年乙苯/苯乙烯装置
0.00,ST010137,<p>%(m/m)</p>,2025-06-23 08:00:00,甲乙苯,延炼12万吨/年乙苯/苯乙烯装置
57.43,ST010137,<p>%(m/m)</p>,2025-06-23 08:00:00,苯乙烯,延炼12万吨/年乙苯/苯乙烯装置
0.01,ST010137,<p>%(m/m)</p>,2025-06-23 08:00:00,α甲基苯乙烯,延炼12万吨/年乙苯/苯乙烯装置
0.00,ST010137,<p>%(m/m)</p>,2025-06-23 08:00:00,苯乙炔,延炼12万吨/年乙苯/苯乙烯装置
0.00,ST010137,<p>%(m/m)</p>,2025-06-23 08:00:00,间、对甲基苯乙烯,延炼12万吨/年乙苯/苯乙烯装置
0.19,ST010137,<p>%(m/m)</p>,2025-06-23 08:00:00,其  他,延炼12万吨/年乙苯/苯乙烯装置
0.00,ST010137,<p>%(m/m)</p>,2025-06-23 08:00:00,丙烯基苯,延炼12万吨/年乙苯/苯乙烯装置
0.00,ST010137,<p>%(m/m)</p>,2025-06-23 08:00:00,二氢噻喃,延炼12万吨/年乙苯/苯乙烯装置
0.02,ST010137,<p>%(m/m)</p>,2025-06-23 08:00:00,2-乙烯基噻吩,延炼12万吨/年乙苯/苯乙烯装置
0.08,ST010137,<p>%(m/m)</p>,2025-06-23 08:00:00,非  芳,延炼12万吨/年乙苯/苯乙烯装置
0.38,ST010137,<p>%(m/m)</p>,2025-06-23 08:00:00,苯,延炼12万吨/年乙苯/苯乙烯装置
0.07,ST010137,<p>%(m/m)</p>,2025-06-24 08:00:00,非  芳,延炼12万吨/年乙苯/苯乙烯装置
0.36,ST010137,<p>%(m/m)</p>,2025-06-24 08:00:00,苯,延炼12万吨/年乙苯/苯乙烯装置
0.98,ST010137,<p>%(m/m)</p>,2025-06-24 08:00:00,甲  苯,延炼12万吨/年乙苯/苯乙烯装置
40.14,ST010137,<p>%(m/m)</p>,2025-06-24 08:00:00,乙  苯,延炼12万吨/年乙苯/苯乙烯装置
1.07,ST010137,<p>%(m/m)</p>,2025-06-24 08:00:00,二甲苯,延炼12万吨/年乙苯/苯乙烯装置
0.00,ST010137,<p>%(m/m)</p>,2025-06-24 08:00:00,异丙苯,延炼12万吨/年乙苯/苯乙烯装置
0.00,ST010137,<p>%(m/m)</p>,2025-06-24 08:00:00,正丙苯,延炼12万吨/年乙苯/苯乙烯装置
0.00,ST010137,<p>%(m/m)</p>,2025-06-24 08:00:00,甲乙苯,延炼12万吨/年乙苯/苯乙烯装置
57.15,ST010137,<p>%(m/m)</p>,2025-06-24 08:00:00,苯乙烯,延炼12万吨/年乙苯/苯乙烯装置
0.01,ST010137,<p>%(m/m)</p>,2025-06-24 08:00:00,α甲基苯乙烯,延炼12万吨/年乙苯/苯乙烯装置
0.00,ST010137,<p>%(m/m)</p>,2025-06-24 08:00:00,苯乙炔,延炼12万吨/年乙苯/苯乙烯装置
0.00,ST010137,<p>%(m/m)</p>,2025-06-24 08:00:00,间、对甲基苯乙烯,延炼12万吨/年乙苯/苯乙烯装置
0.19,ST010137,<p>%(m/m)</p>,2025-06-24 08:00:00,其  他,延炼12万吨/年乙苯/苯乙烯装置
0.00,ST010137,<p>%(m/m)</p>,2025-06-24 08:00:00,丙烯基苯,延炼12万吨/年乙苯/苯乙烯装置
0.00,ST010137,<p>%(m/m)</p>,2025-06-24 08:00:00,二氢噻喃,延炼12万吨/年乙苯/苯乙烯装置
0.02,ST010137,<p>%(m/m)</p>,2025-06-24 08:00:00,2-乙烯基噻吩,延炼12万吨/年乙苯/苯乙烯装置
0.07,ST010137,<p>%(m/m)</p>,2025-06-25 08:00:00,非  芳,延炼12万吨/年乙苯/苯乙烯装置
0.38,ST010137,<p>%(m/m)</p>,2025-06-25 08:00:00,苯,延炼12万吨/年乙苯/苯乙烯装置
0.99,ST010137,<p>%(m/m)</p>,2025-06-25 08:00:00,甲  苯,延炼12万吨/年乙苯/苯乙烯装置
39.35,ST010137,<p>%(m/m)</p>,2025-06-25 08:00:00,乙  苯,延炼12万吨/年乙苯/苯乙烯装置
1.14,ST010137,<p>%(m/m)</p>,2025-06-25 08:00:00,二甲苯,延炼12万吨/年乙苯/苯乙烯装置
0.00,ST010137,<p>%(m/m)</p>,2025-06-25 08:00:00,异丙苯,延炼12万吨/年乙苯/苯乙烯装置
0.00,ST010137,<p>%(m/m)</p>,2025-06-25 08:00:00,正丙苯,延炼12万吨/年乙苯/苯乙烯装置
0.00,ST010137,<p>%(m/m)</p>,2025-06-25 08:00:00,甲乙苯,延炼12万吨/年乙苯/苯乙烯装置
57.85,ST010137,<p>%(m/m)</p>,2025-06-25 08:00:00,苯乙烯,延炼12万吨/年乙苯/苯乙烯装置
0.01,ST010137,<p>%(m/m)</p>,2025-06-25 08:00:00,α甲基苯乙烯,延炼12万吨/年乙苯/苯乙烯装置
0.00,ST010137,<p>%(m/m)</p>,2025-06-25 08:00:00,苯乙炔,延炼12万吨/年乙苯/苯乙烯装置
0.00,ST010137,<p>%(m/m)</p>,2025-06-25 08:00:00,间、对甲基苯乙烯,延炼12万吨/年乙苯/苯乙烯装置
0.19,ST010137,<p>%(m/m)</p>,2025-06-25 08:00:00,其  他,延炼12万吨/年乙苯/苯乙烯装置
0.00,ST010137,<p>%(m/m)</p>,2025-06-25 08:00:00,丙烯基苯,延炼12万吨/年乙苯/苯乙烯装置
0.00,ST010137,<p>%(m/m)</p>,2025-06-25 08:00:00,二氢噻喃,延炼12万吨/年乙苯/苯乙烯装置
0.01,ST010137,<p>%(m/m)</p>,2025-06-25 08:00:00,2-乙烯基噻吩,延炼12万吨/年乙苯/苯乙烯装置
0.01,ST010137,<p>%(m/m)</p>,2025-06-26 08:00:00,2-乙烯基噻吩,延炼12万吨/年乙苯/苯乙烯装置
0.00,ST010137,<p>%(m/m)</p>,2025-06-26 08:00:00,甲乙苯,延炼12万吨/年乙苯/苯乙烯装置
56.41,ST010137,<p>%(m/m)</p>,2025-06-26 08:00:00,苯乙烯,延炼12万吨/年乙苯/苯乙烯装置
0.01,ST010137,<p>%(m/m)</p>,2025-06-26 08:00:00,α甲基苯乙烯,延炼12万吨/年乙苯/苯乙烯装置
0.00,ST010137,<p>%(m/m)</p>,2025-06-26 08:00:00,苯乙炔,延炼12万吨/年乙苯/苯乙烯装置
0.00,ST010137,<p>%(m/m)</p>,2025-06-26 08:00:00,间、对甲基苯乙烯,延炼12万吨/年乙苯/苯乙烯装置
0.45,ST010137,<p>%(m/m)</p>,2025-06-26 08:00:00,其  他,延炼12万吨/年乙苯/苯乙烯装置
0.07,ST010137,<p>%(m/m)</p>,2025-06-26 08:00:00,非  芳,延炼12万吨/年乙苯/苯乙烯装置
0.42,ST010137,<p>%(m/m)</p>,2025-06-26 08:00:00,苯,延炼12万吨/年乙苯/苯乙烯装置
1.10,ST010137,<p>%(m/m)</p>,2025-06-26 08:00:00,甲  苯,延炼12万吨/年乙苯/苯乙烯装置
40.40,ST010137,<p>%(m/m)</p>,2025-06-26 08:00:00,乙  苯,延炼12万吨/年乙苯/苯乙烯装置
1.11,ST010137,<p>%(m/m)</p>,2025-06-26 08:00:00,二甲苯,延炼12万吨/年乙苯/苯乙烯装置
0.00,ST010137,<p>%(m/m)</p>,2025-06-26 08:00:00,异丙苯,延炼12万吨/年乙苯/苯乙烯装置
0.00,ST010137,<p>%(m/m)</p>,2025-06-26 08:00:00,正丙苯,延炼12万吨/年乙苯/苯乙烯装置
0.006,ST010137,<p>%(m/m)</p>,2025-06-26 08:00:00,二乙基苯,延炼12万吨/年乙苯/苯乙烯装置
0.00,ST010137,<p>%(m/m)</p>,2025-06-26 08:00:00,丙烯基苯,延炼12万吨/年乙苯/苯乙烯装置
0.00,ST010137,<p>%(m/m)</p>,2025-06-26 08:00:00,二氢噻喃,延炼12万吨/年乙苯/苯乙烯装置
0.19,ST010137,<p>%(m/m)</p>,2025-06-27 08:00:00,其  他,延炼12万吨/年乙苯/苯乙烯装置
0.00,ST010137,<p>%(m/m)</p>,2025-06-27 08:00:00,丙烯基苯,延炼12万吨/年乙苯/苯乙烯装置
0.00,ST010137,<p>%(m/m)</p>,2025-06-27 08:00:00,二氢噻喃,延炼12万吨/年乙苯/苯乙烯装置
0.02,ST010137,<p>%(m/m)</p>,2025-06-27 08:00:00,2-乙烯基噻吩,延炼12万吨/年乙苯/苯乙烯装置
0.09,ST010137,<p>%(m/m)</p>,2025-06-27 08:00:00,非  芳,延炼12万吨/年乙苯/苯乙烯装置
0.38,ST010137,<p>%(m/m)</p>,2025-06-27 08:00:00,苯,延炼12万吨/年乙苯/苯乙烯装置
1.01,ST010137,<p>%(m/m)</p>,2025-06-27 08:00:00,甲  苯,延炼12万吨/年乙苯/苯乙烯装置
39.70,ST010137,<p>%(m/m)</p>,2025-06-27 08:00:00,乙  苯,延炼12万吨/年乙苯/苯乙烯装置
1.25,ST010137,<p>%(m/m)</p>,2025-06-27 08:00:00,二甲苯,延炼12万吨/年乙苯/苯乙烯装置
0.00,ST010137,<p>%(m/m)</p>,2025-06-27 08:00:00,异丙苯,延炼12万吨/年乙苯/苯乙烯装置
0.00,ST010137,<p>%(m/m)</p>,2025-06-27 08:00:00,正丙苯,延炼12万吨/年乙苯/苯乙烯装置
0.00,ST010137,<p>%(m/m)</p>,2025-06-27 08:00:00,甲乙苯,延炼12万吨/年乙苯/苯乙烯装置
57.34,ST010137,<p>%(m/m)</p>,2025-06-27 08:00:00,苯乙烯,延炼12万吨/年乙苯/苯乙烯装置
0.01,ST010137,<p>%(m/m)</p>,2025-06-27 08:00:00,α甲基苯乙烯,延炼12万吨/年乙苯/苯乙烯装置
0.00,ST010137,<p>%(m/m)</p>,2025-06-27 08:00:00,苯乙炔,延炼12万吨/年乙苯/苯乙烯装置
0.00,ST010137,<p>%(m/m)</p>,2025-06-27 08:00:00,间、对甲基苯乙烯,延炼12万吨/年乙苯/苯乙烯装置
0.09,ST010137,<p>%(m/m)</p>,2025-06-28 08:00:00,非  芳,延炼12万吨/年乙苯/苯乙烯装置
0.38,ST010137,<p>%(m/m)</p>,2025-06-28 08:00:00,苯,延炼12万吨/年乙苯/苯乙烯装置
1.00,ST010137,<p>%(m/m)</p>,2025-06-28 08:00:00,甲  苯,延炼12万吨/年乙苯/苯乙烯装置
40.31,ST010137,<p>%(m/m)</p>,2025-06-28 08:00:00,乙  苯,延炼12万吨/年乙苯/苯乙烯装置
1.17,ST010137,<p>%(m/m)</p>,2025-06-28 08:00:00,二甲苯,延炼12万吨/年乙苯/苯乙烯装置
0.00,ST010137,<p>%(m/m)</p>,2025-06-28 08:00:00,异丙苯,延炼12万吨/年乙苯/苯乙烯装置
0.00,ST010137,<p>%(m/m)</p>,2025-06-28 08:00:00,正丙苯,延炼12万吨/年乙苯/苯乙烯装置
0.00,ST010137,<p>%(m/m)</p>,2025-06-28 08:00:00,甲乙苯,延炼12万吨/年乙苯/苯乙烯装置
56.85,ST010137,<p>%(m/m)</p>,2025-06-28 08:00:00,苯乙烯,延炼12万吨/年乙苯/苯乙烯装置
0.01,ST010137,<p>%(m/m)</p>,2025-06-28 08:00:00,α甲基苯乙烯,延炼12万吨/年乙苯/苯乙烯装置
0.00,ST010137,<p>%(m/m)</p>,2025-06-28 08:00:00,苯乙炔,延炼12万吨/年乙苯/苯乙烯装置
0.00,ST010137,<p>%(m/m)</p>,2025-06-28 08:00:00,间、对甲基苯乙烯,延炼12万吨/年乙苯/苯乙烯装置
0.16,ST010137,<p>%(m/m)</p>,2025-06-28 08:00:00,其  他,延炼12万吨/年乙苯/苯乙烯装置
0.00,ST010137,<p>%(m/m)</p>,2025-06-28 08:00:00,丙烯基苯,延炼12万吨/年乙苯/苯乙烯装置
0.00,ST010137,<p>%(m/m)</p>,2025-06-28 08:00:00,二氢噻喃,延炼12万吨/年乙苯/苯乙烯装置
0.02,ST010137,<p>%(m/m)</p>,2025-06-28 08:00:00,2-乙烯基噻吩,延炼12万吨/年乙苯/苯乙烯装置
0.07,ST010137,<p>%(m/m)</p>,2025-06-29 08:00:00,非  芳,延炼12万吨/年乙苯/苯乙烯装置
0.37,ST010137,<p>%(m/m)</p>,2025-06-29 08:00:00,苯,延炼12万吨/年乙苯/苯乙烯装置
0.98,ST010137,<p>%(m/m)</p>,2025-06-29 08:00:00,甲  苯,延炼12万吨/年乙苯/苯乙烯装置
40.20,ST010137,<p>%(m/m)</p>,2025-06-29 08:00:00,乙  苯,延炼12万吨/年乙苯/苯乙烯装置
1.08,ST010137,<p>%(m/m)</p>,2025-06-29 08:00:00,二甲苯,延炼12万吨/年乙苯/苯乙烯装置
0.00,ST010137,<p>%(m/m)</p>,2025-06-29 08:00:00,异丙苯,延炼12万吨/年乙苯/苯乙烯装置
0.00,ST010137,<p>%(m/m)</p>,2025-06-29 08:00:00,正丙苯,延炼12万吨/年乙苯/苯乙烯装置
0.00,ST010137,<p>%(m/m)</p>,2025-06-29 08:00:00,甲乙苯,延炼12万吨/年乙苯/苯乙烯装置
57.07,ST010137,<p>%(m/m)</p>,2025-06-29 08:00:00,苯乙烯,延炼12万吨/年乙苯/苯乙烯装置
0.01,ST010137,<p>%(m/m)</p>,2025-06-29 08:00:00,α甲基苯乙烯,延炼12万吨/年乙苯/苯乙烯装置
0.00,ST010137,<p>%(m/m)</p>,2025-06-29 08:00:00,苯乙炔,延炼12万吨/年乙苯/苯乙烯装置
0.00,ST010137,<p>%(m/m)</p>,2025-06-29 08:00:00,间、对甲基苯乙烯,延炼12万吨/年乙苯/苯乙烯装置
0.20,ST010137,<p>%(m/m)</p>,2025-06-29 08:00:00,其  他,延炼12万吨/年乙苯/苯乙烯装置
0.00,ST010137,<p>%(m/m)</p>,2025-06-29 08:00:00,丙烯基苯,延炼12万吨/年乙苯/苯乙烯装置
0.00,ST010137,<p>%(m/m)</p>,2025-06-29 08:00:00,二氢噻喃,延炼12万吨/年乙苯/苯乙烯装置
0.02,ST010137,<p>%(m/m)</p>,2025-06-29 08:00:00,2-乙烯基噻吩,延炼12万吨/年乙苯/苯乙烯装置
0.08,ST010137,<p>%(m/m)</p>,2025-06-30 08:00:00,非  芳,延炼12万吨/年乙苯/苯乙烯装置
0.37,ST010137,<p>%(m/m)</p>,2025-06-30 08:00:00,苯,延炼12万吨/年乙苯/苯乙烯装置
0.98,ST010137,<p>%(m/m)</p>,2025-06-30 08:00:00,甲  苯,延炼12万吨/年乙苯/苯乙烯装置
39.70,ST010137,<p>%(m/m)</p>,2025-06-30 08:00:00,乙  苯,延炼12万吨/年乙苯/苯乙烯装置
1.17,ST010137,<p>%(m/m)</p>,2025-06-30 08:00:00,二甲苯,延炼12万吨/年乙苯/苯乙烯装置
0.00,ST010137,<p>%(m/m)</p>,2025-06-30 08:00:00,异丙苯,延炼12万吨/年乙苯/苯乙烯装置
0.00,ST010137,<p>%(m/m)</p>,2025-06-30 08:00:00,正丙苯,延炼12万吨/年乙苯/苯乙烯装置
0.00,ST010137,<p>%(m/m)</p>,2025-06-30 08:00:00,甲乙苯,延炼12万吨/年乙苯/苯乙烯装置
57.50,ST010137,<p>%(m/m)</p>,2025-06-30 08:00:00,苯乙烯,延炼12万吨/年乙苯/苯乙烯装置
0.01,ST010137,<p>%(m/m)</p>,2025-06-30 08:00:00,α甲基苯乙烯,延炼12万吨/年乙苯/苯乙烯装置
0.00,ST010137,<p>%(m/m)</p>,2025-06-30 08:00:00,苯乙炔,延炼12万吨/年乙苯/苯乙烯装置
0.00,ST010137,<p>%(m/m)</p>,2025-06-30 08:00:00,间、对甲基苯乙烯,延炼12万吨/年乙苯/苯乙烯装置
0.18,ST010137,<p>%(m/m)</p>,2025-06-30 08:00:00,其  他,延炼12万吨/年乙苯/苯乙烯装置
0.00,ST010137,<p>%(m/m)</p>,2025-06-30 08:00:00,丙烯基苯,延炼12万吨/年乙苯/苯乙烯装置
0.00,ST010137,<p>%(m/m)</p>,2025-06-30 08:00:00,二氢噻喃,延炼12万吨/年乙苯/苯乙烯装置
0.01,ST010137,<p>%(m/m)</p>,2025-06-30 08:00:00,2-乙烯基噻吩,延炼12万吨/年乙苯/苯乙烯装置
0.08,ST010137,<p>%(m/m)</p>,2025-07-01 08:00:00,非  芳,延炼12万吨/年乙苯/苯乙烯装置
0.38,ST010137,<p>%(m/m)</p>,2025-07-01 08:00:00,苯,延炼12万吨/年乙苯/苯乙烯装置
1.01,ST010137,<p>%(m/m)</p>,2025-07-01 08:00:00,甲  苯,延炼12万吨/年乙苯/苯乙烯装置
38.87,ST010137,<p>%(m/m)</p>,2025-07-01 08:00:00,乙  苯,延炼12万吨/年乙苯/苯乙烯装置
1.35,ST010137,<p>%(m/m)</p>,2025-07-01 08:00:00,二甲苯,延炼12万吨/年乙苯/苯乙烯装置
0.00,ST010137,<p>%(m/m)</p>,2025-07-01 08:00:00,异丙苯,延炼12万吨/年乙苯/苯乙烯装置
0.00,ST010137,<p>%(m/m)</p>,2025-07-01 08:00:00,正丙苯,延炼12万吨/年乙苯/苯乙烯装置
0.00,ST010137,<p>%(m/m)</p>,2025-07-01 08:00:00,甲乙苯,延炼12万吨/年乙苯/苯乙烯装置
58.05,ST010137,<p>%(m/m)</p>,2025-07-01 08:00:00,苯乙烯,延炼12万吨/年乙苯/苯乙烯装置
0.01,ST010137,<p>%(m/m)</p>,2025-07-01 08:00:00,α甲基苯乙烯,延炼12万吨/年乙苯/苯乙烯装置
0.00,ST010137,<p>%(m/m)</p>,2025-07-01 08:00:00,苯乙炔,延炼12万吨/年乙苯/苯乙烯装置
0.00,ST010137,<p>%(m/m)</p>,2025-07-01 08:00:00,间、对甲基苯乙烯,延炼12万吨/年乙苯/苯乙烯装置
0.22,ST010137,<p>%(m/m)</p>,2025-07-01 08:00:00,其  他,延炼12万吨/年乙苯/苯乙烯装置
0.00,ST010137,<p>%(m/m)</p>,2025-07-01 08:00:00,丙烯基苯,延炼12万吨/年乙苯/苯乙烯装置
0.00,ST010137,<p>%(m/m)</p>,2025-07-01 08:00:00,二氢噻喃,延炼12万吨/年乙苯/苯乙烯装置
0.02,ST010137,<p>%(m/m)</p>,2025-07-01 08:00:00,2-乙烯基噻吩,延炼12万吨/年乙苯/苯乙烯装置
0.08,ST010137,<p>%(m/m)</p>,2025-07-02 08:00:00,非  芳,延炼12万吨/年乙苯/苯乙烯装置
0.39,ST010137,<p>%(m/m)</p>,2025-07-02 08:00:00,苯,延炼12万吨/年乙苯/苯乙烯装置
1.02,ST010137,<p>%(m/m)</p>,2025-07-02 08:00:00,甲  苯,延炼12万吨/年乙苯/苯乙烯装置
39.42,ST010137,<p>%(m/m)</p>,2025-07-02 08:00:00,乙  苯,延炼12万吨/年乙苯/苯乙烯装置
1.18,ST010137,<p>%(m/m)</p>,2025-07-02 08:00:00,二甲苯,延炼12万吨/年乙苯/苯乙烯装置
0.00,ST010137,<p>%(m/m)</p>,2025-07-02 08:00:00,异丙苯,延炼12万吨/年乙苯/苯乙烯装置
0.00,ST010137,<p>%(m/m)</p>,2025-07-02 08:00:00,正丙苯,延炼12万吨/年乙苯/苯乙烯装置
0.00,ST010137,<p>%(m/m)</p>,2025-07-02 08:00:00,甲乙苯,延炼12万吨/年乙苯/苯乙烯装置
57.71,ST010137,<p>%(m/m)</p>,2025-07-02 08:00:00,苯乙烯,延炼12万吨/年乙苯/苯乙烯装置
0.01,ST010137,<p>%(m/m)</p>,2025-07-02 08:00:00,α甲基苯乙烯,延炼12万吨/年乙苯/苯乙烯装置
0.00,ST010137,<p>%(m/m)</p>,2025-07-02 08:00:00,苯乙炔,延炼12万吨/年乙苯/苯乙烯装置
0.00,ST010137,<p>%(m/m)</p>,2025-07-02 08:00:00,间、对甲基苯乙烯,延炼12万吨/年乙苯/苯乙烯装置
0.17,ST010137,<p>%(m/m)</p>,2025-07-02 08:00:00,其  他,延炼12万吨/年乙苯/苯乙烯装置
0.00,ST010137,<p>%(m/m)</p>,2025-07-02 08:00:00,丙烯基苯,延炼12万吨/年乙苯/苯乙烯装置
0.00,ST010137,<p>%(m/m)</p>,2025-07-02 08:00:00,二氢噻喃,延炼12万吨/年乙苯/苯乙烯装置
0.02,ST010137,<p>%(m/m)</p>,2025-07-02 08:00:00,2-乙烯基噻吩,延炼12万吨/年乙苯/苯乙烯装置
39.68,ST010137,<p>%(m/m)</p>,2025-07-03 08:00:00,乙  苯,延炼12万吨/年乙苯/苯乙烯装置
1.27,ST010137,<p>%(m/m)</p>,2025-07-03 08:00:00,二甲苯,延炼12万吨/年乙苯/苯乙烯装置
0.00,ST010137,<p>%(m/m)</p>,2025-07-03 08:00:00,异丙苯,延炼12万吨/年乙苯/苯乙烯装置
0.00,ST010137,<p>%(m/m)</p>,2025-07-03 08:00:00,正丙苯,延炼12万吨/年乙苯/苯乙烯装置
0.00,ST010137,<p>%(m/m)</p>,2025-07-03 08:00:00,甲乙苯,延炼12万吨/年乙苯/苯乙烯装置
57.10,ST010137,<p>%(m/m)</p>,2025-07-03 08:00:00,苯乙烯,延炼12万吨/年乙苯/苯乙烯装置
0.01,ST010137,<p>%(m/m)</p>,2025-07-03 08:00:00,α甲基苯乙烯,延炼12万吨/年乙苯/苯乙烯装置
0.00,ST010137,<p>%(m/m)</p>,2025-07-03 08:00:00,苯乙炔,延炼12万吨/年乙苯/苯乙烯装置
0.00,ST010137,<p>%(m/m)</p>,2025-07-03 08:00:00,间、对甲基苯乙烯,延炼12万吨/年乙苯/苯乙烯装置
0.40,ST010137,<p>%(m/m)</p>,2025-07-03 08:00:00,其  他,延炼12万吨/年乙苯/苯乙烯装置
0.006,ST010137,<p>%(m/m)</p>,2025-07-03 08:00:00,二乙基苯,延炼12万吨/年乙苯/苯乙烯装置
0.00,ST010137,<p>%(m/m)</p>,2025-07-03 08:00:00,丙烯基苯,延炼12万吨/年乙苯/苯乙烯装置
0.00,ST010137,<p>%(m/m)</p>,2025-07-03 08:00:00,二氢噻喃,延炼12万吨/年乙苯/苯乙烯装置
0.01,ST010137,<p>%(m/m)</p>,2025-07-03 08:00:00,2-乙烯基噻吩,延炼12万吨/年乙苯/苯乙烯装置
0.08,ST010137,<p>%(m/m)</p>,2025-07-03 08:00:00,非  芳,延炼12万吨/年乙苯/苯乙烯装置
0.39,ST010137,<p>%(m/m)</p>,2025-07-03 08:00:00,苯,延炼12万吨/年乙苯/苯乙烯装置
1.03,ST010137,<p>%(m/m)</p>,2025-07-03 08:00:00,甲  苯,延炼12万吨/年乙苯/苯乙烯装置
0.08,ST010137,<p>%(m/m)</p>,2025-07-04 08:00:00,非  芳,延炼12万吨/年乙苯/苯乙烯装置
0.43,ST010137,<p>%(m/m)</p>,2025-07-04 08:00:00,苯,延炼12万吨/年乙苯/苯乙烯装置
1.15,ST010137,<p>%(m/m)</p>,2025-07-04 08:00:00,甲  苯,延炼12万吨/年乙苯/苯乙烯装置
40.48,ST010137,<p>%(m/m)</p>,2025-07-04 08:00:00,乙  苯,延炼12万吨/年乙苯/苯乙烯装置
1.22,ST010137,<p>%(m/m)</p>,2025-07-04 08:00:00,二甲苯,延炼12万吨/年乙苯/苯乙烯装置
0.00,ST010137,<p>%(m/m)</p>,2025-07-04 08:00:00,异丙苯,延炼12万吨/年乙苯/苯乙烯装置
0.00,ST010137,<p>%(m/m)</p>,2025-07-04 08:00:00,正丙苯,延炼12万吨/年乙苯/苯乙烯装置
0.00,ST010137,<p>%(m/m)</p>,2025-07-04 08:00:00,甲乙苯,延炼12万吨/年乙苯/苯乙烯装置
56.38,ST010137,<p>%(m/m)</p>,2025-07-04 08:00:00,苯乙烯,延炼12万吨/年乙苯/苯乙烯装置
0.01,ST010137,<p>%(m/m)</p>,2025-07-04 08:00:00,α甲基苯乙烯,延炼12万吨/年乙苯/苯乙烯装置
0.00,ST010137,<p>%(m/m)</p>,2025-07-04 08:00:00,苯乙炔,延炼12万吨/年乙苯/苯乙烯装置
0.00,ST010137,<p>%(m/m)</p>,2025-07-04 08:00:00,间、对甲基苯乙烯,延炼12万吨/年乙苯/苯乙烯装置
0.21,ST010137,<p>%(m/m)</p>,2025-07-04 08:00:00,其  他,延炼12万吨/年乙苯/苯乙烯装置
0.00,ST010137,<p>%(m/m)</p>,2025-07-04 08:00:00,丙烯基苯,延炼12万吨/年乙苯/苯乙烯装置
0.00,ST010137,<p>%(m/m)</p>,2025-07-04 08:00:00,二氢噻喃,延炼12万吨/年乙苯/苯乙烯装置
0.02,ST010137,<p>%(m/m)</p>,2025-07-04 08:00:00,2-乙烯基噻吩,延炼12万吨/年乙苯/苯乙烯装置
0.00,ST010137,<p>%(m/m)</p>,2025-07-05 08:00:00,甲乙苯,延炼12万吨/年乙苯/苯乙烯装置
56.34,ST010137,<p>%(m/m)</p>,2025-07-05 08:00:00,苯乙烯,延炼12万吨/年乙苯/苯乙烯装置
0.01,ST010137,<p>%(m/m)</p>,2025-07-05 08:00:00,α甲基苯乙烯,延炼12万吨/年乙苯/苯乙烯装置
0.00,ST010137,<p>%(m/m)</p>,2025-07-05 08:00:00,苯乙炔,延炼12万吨/年乙苯/苯乙烯装置
0.00,ST010137,<p>%(m/m)</p>,2025-07-05 08:00:00,间、对甲基苯乙烯,延炼12万吨/年乙苯/苯乙烯装置
0.16,ST010137,<p>%(m/m)</p>,2025-07-05 08:00:00,其  他,延炼12万吨/年乙苯/苯乙烯装置
0.00,ST010137,<p>%(m/m)</p>,2025-07-05 08:00:00,丙烯基苯,延炼12万吨/年乙苯/苯乙烯装置
0.00,ST010137,<p>%(m/m)</p>,2025-07-05 08:00:00,二氢噻喃,延炼12万吨/年乙苯/苯乙烯装置
0.02,ST010137,<p>%(m/m)</p>,2025-07-05 08:00:00,2-乙烯基噻吩,延炼12万吨/年乙苯/苯乙烯装置
0.09,ST010137,<p>%(m/m)</p>,2025-07-05 08:00:00,非  芳,延炼12万吨/年乙苯/苯乙烯装置
0.47,ST010137,<p>%(m/m)</p>,2025-07-05 08:00:00,苯,延炼12万吨/年乙苯/苯乙烯装置
1.23,ST010137,<p>%(m/m)</p>,2025-07-05 08:00:00,甲  苯,延炼12万吨/年乙苯/苯乙烯装置
40.32,ST010137,<p>%(m/m)</p>,2025-07-05 08:00:00,乙  苯,延炼12万吨/年乙苯/苯乙烯装置
1.37,ST010137,<p>%(m/m)</p>,2025-07-05 08:00:00,二甲苯,延炼12万吨/年乙苯/苯乙烯装置
0.00,ST010137,<p>%(m/m)</p>,2025-07-05 08:00:00,异丙苯,延炼12万吨/年乙苯/苯乙烯装置
0.00,ST010137,<p>%(m/m)</p>,2025-07-05 08:00:00,正丙苯,延炼12万吨/年乙苯/苯乙烯装置
0.08,ST010137,<p>%(m/m)</p>,2025-07-06 08:00:00,非  芳,延炼12万吨/年乙苯/苯乙烯装置
0.37,ST010137,<p>%(m/m)</p>,2025-07-06 08:00:00,苯,延炼12万吨/年乙苯/苯乙烯装置
1.01,ST010137,<p>%(m/m)</p>,2025-07-06 08:00:00,甲  苯,延炼12万吨/年乙苯/苯乙烯装置
38.96,ST010137,<p>%(m/m)</p>,2025-07-06 08:00:00,乙  苯,延炼12万吨/年乙苯/苯乙烯装置
1.29,ST010137,<p>%(m/m)</p>,2025-07-06 08:00:00,二甲苯,延炼12万吨/年乙苯/苯乙烯装置
0.00,ST010137,<p>%(m/m)</p>,2025-07-06 08:00:00,异丙苯,延炼12万吨/年乙苯/苯乙烯装置
0.00,ST010137,<p>%(m/m)</p>,2025-07-06 08:00:00,正丙苯,延炼12万吨/年乙苯/苯乙烯装置
0.00,ST010137,<p>%(m/m)</p>,2025-07-06 08:00:00,甲乙苯,延炼12万吨/年乙苯/苯乙烯装置
58.05,ST010137,<p>%(m/m)</p>,2025-07-06 08:00:00,苯乙烯,延炼12万吨/年乙苯/苯乙烯装置
0.01,ST010137,<p>%(m/m)</p>,2025-07-06 08:00:00,α甲基苯乙烯,延炼12万吨/年乙苯/苯乙烯装置
0.00,ST010137,<p>%(m/m)</p>,2025-07-06 08:00:00,苯乙炔,延炼12万吨/年乙苯/苯乙烯装置
0.00,ST010137,<p>%(m/m)</p>,2025-07-06 08:00:00,间、对甲基苯乙烯,延炼12万吨/年乙苯/苯乙烯装置
0.20,ST010137,<p>%(m/m)</p>,2025-07-06 08:00:00,其  他,延炼12万吨/年乙苯/苯乙烯装置
0.00,ST010137,<p>%(m/m)</p>,2025-07-06 08:00:00,丙烯基苯,延炼12万吨/年乙苯/苯乙烯装置
0.00,ST010137,<p>%(m/m)</p>,2025-07-06 08:00:00,二氢噻喃,延炼12万吨/年乙苯/苯乙烯装置
0.02,ST010137,<p>%(m/m)</p>,2025-07-06 08:00:00,2-乙烯基噻吩,延炼12万吨/年乙苯/苯乙烯装置
0.07,ST010137,<p>%(m/m)</p>,2025-07-07 08:00:00,非  芳,延炼12万吨/年乙苯/苯乙烯装置
0.36,ST010137,<p>%(m/m)</p>,2025-07-07 08:00:00,苯,延炼12万吨/年乙苯/苯乙烯装置
0.97,ST010137,<p>%(m/m)</p>,2025-07-07 08:00:00,甲  苯,延炼12万吨/年乙苯/苯乙烯装置
40.46,ST010137,<p>%(m/m)</p>,2025-07-07 08:00:00,乙  苯,延炼12万吨/年乙苯/苯乙烯装置
1.12,ST010137,<p>%(m/m)</p>,2025-07-07 08:00:00,二甲苯,延炼12万吨/年乙苯/苯乙烯装置
0.00,ST010137,<p>%(m/m)</p>,2025-07-07 08:00:00,异丙苯,延炼12万吨/年乙苯/苯乙烯装置
0.00,ST010137,<p>%(m/m)</p>,2025-07-07 08:00:00,正丙苯,延炼12万吨/年乙苯/苯乙烯装置
0.00,ST010137,<p>%(m/m)</p>,2025-07-07 08:00:00,甲乙苯,延炼12万吨/年乙苯/苯乙烯装置
56.82,ST010137,<p>%(m/m)</p>,2025-07-07 08:00:00,苯乙烯,延炼12万吨/年乙苯/苯乙烯装置
0.01,ST010137,<p>%(m/m)</p>,2025-07-07 08:00:00,α甲基苯乙烯,延炼12万吨/年乙苯/苯乙烯装置
0.00,ST010137,<p>%(m/m)</p>,2025-07-07 08:00:00,苯乙炔,延炼12万吨/年乙苯/苯乙烯装置
0.00,ST010137,<p>%(m/m)</p>,2025-07-07 08:00:00,间、对甲基苯乙烯,延炼12万吨/年乙苯/苯乙烯装置
0.17,ST010137,<p>%(m/m)</p>,2025-07-07 08:00:00,其  他,延炼12万吨/年乙苯/苯乙烯装置
0.00,ST010137,<p>%(m/m)</p>,2025-07-07 08:00:00,丙烯基苯,延炼12万吨/年乙苯/苯乙烯装置
0.00,ST010137,<p>%(m/m)</p>,2025-07-07 08:00:00,二氢噻喃,延炼12万吨/年乙苯/苯乙烯装置
0.02,ST010137,<p>%(m/m)</p>,2025-07-07 08:00:00,2-乙烯基噻吩,延炼12万吨/年乙苯/苯乙烯装置
0.08,ST010137,<p>%(m/m)</p>,2025-07-08 08:00:00,非  芳,延炼12万吨/年乙苯/苯乙烯装置
0.41,ST010137,<p>%(m/m)</p>,2025-07-08 08:00:00,苯,延炼12万吨/年乙苯/苯乙烯装置
1.07,ST010137,<p>%(m/m)</p>,2025-07-08 08:00:00,甲  苯,延炼12万吨/年乙苯/苯乙烯装置
38.86,ST010137,<p>%(m/m)</p>,2025-07-08 08:00:00,乙  苯,延炼12万吨/年乙苯/苯乙烯装置
1.21,ST010137,<p>%(m/m)</p>,2025-07-08 08:00:00,二甲苯,延炼12万吨/年乙苯/苯乙烯装置
0.00,ST010137,<p>%(m/m)</p>,2025-07-08 08:00:00,异丙苯,延炼12万吨/年乙苯/苯乙烯装置
0.00,ST010137,<p>%(m/m)</p>,2025-07-08 08:00:00,正丙苯,延炼12万吨/年乙苯/苯乙烯装置
0.00,ST010137,<p>%(m/m)</p>,2025-07-08 08:00:00,甲乙苯,延炼12万吨/年乙苯/苯乙烯装置
58.17,ST010137,<p>%(m/m)</p>,2025-07-08 08:00:00,苯乙烯,延炼12万吨/年乙苯/苯乙烯装置
0.01,ST010137,<p>%(m/m)</p>,2025-07-08 08:00:00,α甲基苯乙烯,延炼12万吨/年乙苯/苯乙烯装置
0.00,ST010137,<p>%(m/m)</p>,2025-07-08 08:00:00,苯乙炔,延炼12万吨/年乙苯/苯乙烯装置
0.00,ST010137,<p>%(m/m)</p>,2025-07-08 08:00:00,间、对甲基苯乙烯,延炼12万吨/年乙苯/苯乙烯装置
0.17,ST010137,<p>%(m/m)</p>,2025-07-08 08:00:00,其  他,延炼12万吨/年乙苯/苯乙烯装置
0.00,ST010137,<p>%(m/m)</p>,2025-07-08 08:00:00,丙烯基苯,延炼12万吨/年乙苯/苯乙烯装置
0.00,ST010137,<p>%(m/m)</p>,2025-07-08 08:00:00,二氢噻喃,延炼12万吨/年乙苯/苯乙烯装置
0.01,ST010137,<p>%(m/m)</p>,2025-07-08 08:00:00,2-乙烯基噻吩,延炼12万吨/年乙苯/苯乙烯装置
0.00,ST010137,<p>%(m/m)</p>,2025-07-09 08:00:00,间、对甲基苯乙烯,延炼12万吨/年乙苯/苯乙烯装置
0.49,ST010137,<p>%(m/m)</p>,2025-07-09 08:00:00,其  他,延炼12万吨/年乙苯/苯乙烯装置
0.00,ST010137,<p>%(m/m)</p>,2025-07-09 08:00:00,丙烯基苯,延炼12万吨/年乙苯/苯乙烯装置
0.00,ST010137,<p>%(m/m)</p>,2025-07-09 08:00:00,二氢噻喃,延炼12万吨/年乙苯/苯乙烯装置
0.06,ST010137,<p>%(m/m)</p>,2025-07-09 08:00:00,2-乙烯基噻吩,延炼12万吨/年乙苯/苯乙烯装置
0.08,ST010137,<p>%(m/m)</p>,2025-07-09 08:00:00,非  芳,延炼12万吨/年乙苯/苯乙烯装置
1.21,ST010137,<p>%(m/m)</p>,2025-07-09 08:00:00,苯,延炼12万吨/年乙苯/苯乙烯装置
1.74,ST010137,<p>%(m/m)</p>,2025-07-09 08:00:00,甲  苯,延炼12万吨/年乙苯/苯乙烯装置
36.12,ST010137,<p>%(m/m)</p>,2025-07-09 08:00:00,乙  苯,延炼12万吨/年乙苯/苯乙烯装置
1.07,ST010137,<p>%(m/m)</p>,2025-07-09 08:00:00,二甲苯,延炼12万吨/年乙苯/苯乙烯装置
0.00,ST010137,<p>%(m/m)</p>,2025-07-09 08:00:00,异丙苯,延炼12万吨/年乙苯/苯乙烯装置
0.00,ST010137,<p>%(m/m)</p>,2025-07-09 08:00:00,正丙苯,延炼12万吨/年乙苯/苯乙烯装置
0.00,ST010137,<p>%(m/m)</p>,2025-07-09 08:00:00,甲乙苯,延炼12万吨/年乙苯/苯乙烯装置
59.17,ST010137,<p>%(m/m)</p>,2025-07-09 08:00:00,苯乙烯,延炼12万吨/年乙苯/苯乙烯装置
0.04,ST010137,<p>%(m/m)</p>,2025-07-09 08:00:00,α甲基苯乙烯,延炼12万吨/年乙苯/苯乙烯装置
0.00,ST010137,<p>%(m/m)</p>,2025-07-09 08:00:00,苯乙炔,延炼12万吨/年乙苯/苯乙烯装置
0.08,ST010137,<p>%(m/m)</p>,2025-07-10 08:00:00,非  芳,延炼12万吨/年乙苯/苯乙烯装置
0.40,ST010137,<p>%(m/m)</p>,2025-07-10 08:00:00,苯,延炼12万吨/年乙苯/苯乙烯装置
0.99,ST010137,<p>%(m/m)</p>,2025-07-10 08:00:00,甲  苯,延炼12万吨/年乙苯/苯乙烯装置
40.15,ST010137,<p>%(m/m)</p>,2025-07-10 08:00:00,乙  苯,延炼12万吨/年乙苯/苯乙烯装置
1.16,ST010137,<p>%(m/m)</p>,2025-07-10 08:00:00,二甲苯,延炼12万吨/年乙苯/苯乙烯装置
0.00,ST010137,<p>%(m/m)</p>,2025-07-10 08:00:00,异丙苯,延炼12万吨/年乙苯/苯乙烯装置
0.00,ST010137,<p>%(m/m)</p>,2025-07-10 08:00:00,正丙苯,延炼12万吨/年乙苯/苯乙烯装置
0.00,ST010137,<p>%(m/m)</p>,2025-07-10 08:00:00,甲乙苯,延炼12万吨/年乙苯/苯乙烯装置
57.05,ST010137,<p>%(m/m)</p>,2025-07-10 08:00:00,苯乙烯,延炼12万吨/年乙苯/苯乙烯装置
0.01,ST010137,<p>%(m/m)</p>,2025-07-10 08:00:00,α甲基苯乙烯,延炼12万吨/年乙苯/苯乙烯装置
0.00,ST010137,<p>%(m/m)</p>,2025-07-10 08:00:00,苯乙炔,延炼12万吨/年乙苯/苯乙烯装置
0.00,ST010137,<p>%(m/m)</p>,2025-07-10 08:00:00,间、对甲基苯乙烯,延炼12万吨/年乙苯/苯乙烯装置
0.13,ST010137,<p>%(m/m)</p>,2025-07-10 08:00:00,其  他,延炼12万吨/年乙苯/苯乙烯装置
0.003,ST010137,<p>%(m/m)</p>,2025-07-10 08:00:00,二乙基苯,延炼12万吨/年乙苯/苯乙烯装置
0.00,ST010137,<p>%(m/m)</p>,2025-07-10 08:00:00,丙烯基苯,延炼12万吨/年乙苯/苯乙烯装置
0.00,ST010137,<p>%(m/m)</p>,2025-07-10 08:00:00,二氢噻喃,延炼12万吨/年乙苯/苯乙烯装置
0.01,ST010137,<p>%(m/m)</p>,2025-07-10 08:00:00,2-乙烯基噻吩,延炼12万吨/年乙苯/苯乙烯装置
0.08,ST010137,<p>%(m/m)</p>,2025-07-11 08:00:00,非  芳,延炼12万吨/年乙苯/苯乙烯装置
0.39,ST010137,<p>%(m/m)</p>,2025-07-11 08:00:00,苯,延炼12万吨/年乙苯/苯乙烯装置
1.01,ST010137,<p>%(m/m)</p>,2025-07-11 08:00:00,甲  苯,延炼12万吨/年乙苯/苯乙烯装置
39.41,ST010137,<p>%(m/m)</p>,2025-07-11 08:00:00,乙  苯,延炼12万吨/年乙苯/苯乙烯装置
1.25,ST010137,<p>%(m/m)</p>,2025-07-11 08:00:00,二甲苯,延炼12万吨/年乙苯/苯乙烯装置
0.00,ST010137,<p>%(m/m)</p>,2025-07-11 08:00:00,异丙苯,延炼12万吨/年乙苯/苯乙烯装置
0.00,ST010137,<p>%(m/m)</p>,2025-07-11 08:00:00,正丙苯,延炼12万吨/年乙苯/苯乙烯装置
0.00,ST010137,<p>%(m/m)</p>,2025-07-11 08:00:00,甲乙苯,延炼12万吨/年乙苯/苯乙烯装置
57.57,ST010137,<p>%(m/m)</p>,2025-07-11 08:00:00,苯乙烯,延炼12万吨/年乙苯/苯乙烯装置
0.01,ST010137,<p>%(m/m)</p>,2025-07-11 08:00:00,α甲基苯乙烯,延炼12万吨/年乙苯/苯乙烯装置
0.00,ST010137,<p>%(m/m)</p>,2025-07-11 08:00:00,苯乙炔,延炼12万吨/年乙苯/苯乙烯装置
0.00,ST010137,<p>%(m/m)</p>,2025-07-11 08:00:00,间、对甲基苯乙烯,延炼12万吨/年乙苯/苯乙烯装置
0.26,ST010137,<p>%(m/m)</p>,2025-07-11 08:00:00,其  他,延炼12万吨/年乙苯/苯乙烯装置
0.00,ST010137,<p>%(m/m)</p>,2025-07-11 08:00:00,丙烯基苯,延炼12万吨/年乙苯/苯乙烯装置
0.00,ST010137,<p>%(m/m)</p>,2025-07-11 08:00:00,二氢噻喃,延炼12万吨/年乙苯/苯乙烯装置
0.01,ST010137,<p>%(m/m)</p>,2025-07-11 08:00:00,2-乙烯基噻吩,延炼12万吨/年乙苯/苯乙烯装置
0.00,ST010137,<p>%(m/m)</p>,2025-07-12 08:00:00,正丙苯,延炼12万吨/年乙苯/苯乙烯装置
0.00,ST010137,<p>%(m/m)</p>,2025-07-12 08:00:00,甲乙苯,延炼12万吨/年乙苯/苯乙烯装置
57.06,ST010137,<p>%(m/m)</p>,2025-07-12 08:00:00,苯乙烯,延炼12万吨/年乙苯/苯乙烯装置
0.01,ST010137,<p>%(m/m)</p>,2025-07-12 08:00:00,α甲基苯乙烯,延炼12万吨/年乙苯/苯乙烯装置
0.00,ST010137,<p>%(m/m)</p>,2025-07-12 08:00:00,苯乙炔,延炼12万吨/年乙苯/苯乙烯装置
0.00,ST010137,<p>%(m/m)</p>,2025-07-12 08:00:00,间、对甲基苯乙烯,延炼12万吨/年乙苯/苯乙烯装置
0.20,ST010137,<p>%(m/m)</p>,2025-07-12 08:00:00,其  他,延炼12万吨/年乙苯/苯乙烯装置
0.00,ST010137,<p>%(m/m)</p>,2025-07-12 08:00:00,丙烯基苯,延炼12万吨/年乙苯/苯乙烯装置
0.00,ST010137,<p>%(m/m)</p>,2025-07-12 08:00:00,二氢噻喃,延炼12万吨/年乙苯/苯乙烯装置
0.01,ST010137,<p>%(m/m)</p>,2025-07-12 08:00:00,2-乙烯基噻吩,延炼12万吨/年乙苯/苯乙烯装置
0.08,ST010137,<p>%(m/m)</p>,2025-07-12 08:00:00,非  芳,延炼12万吨/年乙苯/苯乙烯装置
0.36,ST010137,<p>%(m/m)</p>,2025-07-12 08:00:00,苯,延炼12万吨/年乙苯/苯乙烯装置
0.97,ST010137,<p>%(m/m)</p>,2025-07-12 08:00:00,甲  苯,延炼12万吨/年乙苯/苯乙烯装置
39.95,ST010137,<p>%(m/m)</p>,2025-07-12 08:00:00,乙  苯,延炼12万吨/年乙苯/苯乙烯装置
1.36,ST010137,<p>%(m/m)</p>,2025-07-12 08:00:00,二甲苯,延炼12万吨/年乙苯/苯乙烯装置
0.00,ST010137,<p>%(m/m)</p>,2025-07-12 08:00:00,异丙苯,延炼12万吨/年乙苯/苯乙烯装置
0.09,ST010137,<p>%(m/m)</p>,2025-07-13 08:00:00,非  芳,延炼12万吨/年乙苯/苯乙烯装置
0.39,ST010137,<p>%(m/m)</p>,2025-07-13 08:00:00,苯,延炼12万吨/年乙苯/苯乙烯装置
1.11,ST010137,<p>%(m/m)</p>,2025-07-13 08:00:00,甲  苯,延炼12万吨/年乙苯/苯乙烯装置
39.95,ST010137,<p>%(m/m)</p>,2025-07-13 08:00:00,乙  苯,延炼12万吨/年乙苯/苯乙烯装置
1.28,ST010137,<p>%(m/m)</p>,2025-07-13 08:00:00,二甲苯,延炼12万吨/年乙苯/苯乙烯装置
0.00,ST010137,<p>%(m/m)</p>,2025-07-13 08:00:00,异丙苯,延炼12万吨/年乙苯/苯乙烯装置
0.00,ST010137,<p>%(m/m)</p>,2025-07-13 08:00:00,正丙苯,延炼12万吨/年乙苯/苯乙烯装置
0.00,ST010137,<p>%(m/m)</p>,2025-07-13 08:00:00,甲乙苯,延炼12万吨/年乙苯/苯乙烯装置
57.01,ST010137,<p>%(m/m)</p>,2025-07-13 08:00:00,苯乙烯,延炼12万吨/年乙苯/苯乙烯装置
0.01,ST010137,<p>%(m/m)</p>,2025-07-13 08:00:00,α甲基苯乙烯,延炼12万吨/年乙苯/苯乙烯装置
0.00,ST010137,<p>%(m/m)</p>,2025-07-13 08:00:00,苯乙炔,延炼12万吨/年乙苯/苯乙烯装置
0.00,ST010137,<p>%(m/m)</p>,2025-07-13 08:00:00,间、对甲基苯乙烯,延炼12万吨/年乙苯/苯乙烯装置
0.15,ST010137,<p>%(m/m)</p>,2025-07-13 08:00:00,其  他,延炼12万吨/年乙苯/苯乙烯装置
0.00,ST010137,<p>%(m/m)</p>,2025-07-13 08:00:00,丙烯基苯,延炼12万吨/年乙苯/苯乙烯装置
0.00,ST010137,<p>%(m/m)</p>,2025-07-13 08:00:00,二氢噻喃,延炼12万吨/年乙苯/苯乙烯装置
0.01,ST010137,<p>%(m/m)</p>,2025-07-13 08:00:00,2-乙烯基噻吩,延炼12万吨/年乙苯/苯乙烯装置
0.08,ST010137,<p>%(m/m)</p>,2025-07-14 08:00:00,非  芳,延炼12万吨/年乙苯/苯乙烯装置
0.45,ST010137,<p>%(m/m)</p>,2025-07-14 08:00:00,苯,延炼12万吨/年乙苯/苯乙烯装置
1.17,ST010137,<p>%(m/m)</p>,2025-07-14 08:00:00,甲  苯,延炼12万吨/年乙苯/苯乙烯装置
40.93,ST010137,<p>%(m/m)</p>,2025-07-14 08:00:00,乙  苯,延炼12万吨/年乙苯/苯乙烯装置
1.30,ST010137,<p>%(m/m)</p>,2025-07-14 08:00:00,二甲苯,延炼12万吨/年乙苯/苯乙烯装置
0.00,ST010137,<p>%(m/m)</p>,2025-07-14 08:00:00,异丙苯,延炼12万吨/年乙苯/苯乙烯装置
0.00,ST010137,<p>%(m/m)</p>,2025-07-14 08:00:00,正丙苯,延炼12万吨/年乙苯/苯乙烯装置
0.00,ST010137,<p>%(m/m)</p>,2025-07-14 08:00:00,甲乙苯,延炼12万吨/年乙苯/苯乙烯装置
55.87,ST010137,<p>%(m/m)</p>,2025-07-14 08:00:00,苯乙烯,延炼12万吨/年乙苯/苯乙烯装置
0.01,ST010137,<p>%(m/m)</p>,2025-07-14 08:00:00,α甲基苯乙烯,延炼12万吨/年乙苯/苯乙烯装置
0.00,ST010137,<p>%(m/m)</p>,2025-07-14 08:00:00,苯乙炔,延炼12万吨/年乙苯/苯乙烯装置
0.00,ST010137,<p>%(m/m)</p>,2025-07-14 08:00:00,间、对甲基苯乙烯,延炼12万吨/年乙苯/苯乙烯装置
0.16,ST010137,<p>%(m/m)</p>,2025-07-14 08:00:00,其  他,延炼12万吨/年乙苯/苯乙烯装置
0.00,ST010137,<p>%(m/m)</p>,2025-07-14 08:00:00,丙烯基苯,延炼12万吨/年乙苯/苯乙烯装置
0.00,ST010137,<p>%(m/m)</p>,2025-07-14 08:00:00,二氢噻喃,延炼12万吨/年乙苯/苯乙烯装置
0.02,ST010137,<p>%(m/m)</p>,2025-07-14 08:00:00,2-乙烯基噻吩,延炼12万吨/年乙苯/苯乙烯装置
0.00,ST010137,<p>%(m/m)</p>,2025-07-15 08:00:00,异丙苯,延炼12万吨/年乙苯/苯乙烯装置
0.00,ST010137,<p>%(m/m)</p>,2025-07-15 08:00:00,正丙苯,延炼12万吨/年乙苯/苯乙烯装置
0.00,ST010137,<p>%(m/m)</p>,2025-07-15 08:00:00,甲乙苯,延炼12万吨/年乙苯/苯乙烯装置
55.55,ST010137,<p>%(m/m)</p>,2025-07-15 08:00:00,苯乙烯,延炼12万吨/年乙苯/苯乙烯装置
0.01,ST010137,<p>%(m/m)</p>,2025-07-15 08:00:00,α甲基苯乙烯,延炼12万吨/年乙苯/苯乙烯装置
0.00,ST010137,<p>%(m/m)</p>,2025-07-15 08:00:00,苯乙炔,延炼12万吨/年乙苯/苯乙烯装置
0.00,ST010137,<p>%(m/m)</p>,2025-07-15 08:00:00,间、对甲基苯乙烯,延炼12万吨/年乙苯/苯乙烯装置
0.29,ST010137,<p>%(m/m)</p>,2025-07-15 08:00:00,其  他,延炼12万吨/年乙苯/苯乙烯装置
0.00,ST010137,<p>%(m/m)</p>,2025-07-15 08:00:00,丙烯基苯,延炼12万吨/年乙苯/苯乙烯装置
0.00,ST010137,<p>%(m/m)</p>,2025-07-15 08:00:00,二氢噻喃,延炼12万吨/年乙苯/苯乙烯装置
0.01,ST010137,<p>%(m/m)</p>,2025-07-15 08:00:00,2-乙烯基噻吩,延炼12万吨/年乙苯/苯乙烯装置
0.09,ST010137,<p>%(m/m)</p>,2025-07-15 08:00:00,非  芳,延炼12万吨/年乙苯/苯乙烯装置
0.42,ST010137,<p>%(m/m)</p>,2025-07-15 08:00:00,苯,延炼12万吨/年乙苯/苯乙烯装置
1.07,ST010137,<p>%(m/m)</p>,2025-07-15 08:00:00,甲  苯,延炼12万吨/年乙苯/苯乙烯装置
41.22,ST010137,<p>%(m/m)</p>,2025-07-15 08:00:00,乙  苯,延炼12万吨/年乙苯/苯乙烯装置
1.32,ST010137,<p>%(m/m)</p>,2025-07-15 08:00:00,二甲苯,延炼12万吨/年乙苯/苯乙烯装置
0.42,ST010137,<p>%(m/m)</p>,2025-07-16 08:00:00,苯,延炼12万吨/年乙苯/苯乙烯装置
1.09,ST010137,<p>%(m/m)</p>,2025-07-16 08:00:00,甲  苯,延炼12万吨/年乙苯/苯乙烯装置
39.82,ST010137,<p>%(m/m)</p>,2025-07-16 08:00:00,乙  苯,延炼12万吨/年乙苯/苯乙烯装置
1.35,ST010137,<p>%(m/m)</p>,2025-07-16 08:00:00,二甲苯,延炼12万吨/年乙苯/苯乙烯装置
0.00,ST010137,<p>%(m/m)</p>,2025-07-16 08:00:00,异丙苯,延炼12万吨/年乙苯/苯乙烯装置
0.00,ST010137,<p>%(m/m)</p>,2025-07-16 08:00:00,正丙苯,延炼12万吨/年乙苯/苯乙烯装置
0.00,ST010137,<p>%(m/m)</p>,2025-07-16 08:00:00,甲乙苯,延炼12万吨/年乙苯/苯乙烯装置
57.01,ST010137,<p>%(m/m)</p>,2025-07-16 08:00:00,苯乙烯,延炼12万吨/年乙苯/苯乙烯装置
0.01,ST010137,<p>%(m/m)</p>,2025-07-16 08:00:00,α甲基苯乙烯,延炼12万吨/年乙苯/苯乙烯装置
0.00,ST010137,<p>%(m/m)</p>,2025-07-16 08:00:00,苯乙炔,延炼12万吨/年乙苯/苯乙烯装置
0.00,ST010137,<p>%(m/m)</p>,2025-07-16 08:00:00,间、对甲基苯乙烯,延炼12万吨/年乙苯/苯乙烯装置
0.19,ST010137,<p>%(m/m)</p>,2025-07-16 08:00:00,其  他,延炼12万吨/年乙苯/苯乙烯装置
0.00,ST010137,<p>%(m/m)</p>,2025-07-16 08:00:00,丙烯基苯,延炼12万吨/年乙苯/苯乙烯装置
0.00,ST010137,<p>%(m/m)</p>,2025-07-16 08:00:00,二氢噻喃,延炼12万吨/年乙苯/苯乙烯装置
0.02,ST010137,<p>%(m/m)</p>,2025-07-16 08:00:00,2-乙烯基噻吩,延炼12万吨/年乙苯/苯乙烯装置
0.09,ST010137,<p>%(m/m)</p>,2025-07-16 08:00:00,非  芳,延炼12万吨/年乙苯/苯乙烯装置
0.09,ST010137,<p>%(m/m)</p>,2025-07-17 08:00:00,非  芳,延炼12万吨/年乙苯/苯乙烯装置
0.37,ST010137,<p>%(m/m)</p>,2025-07-17 08:00:00,苯,延炼12万吨/年乙苯/苯乙烯装置
1.00,ST010137,<p>%(m/m)</p>,2025-07-17 08:00:00,甲  苯,延炼12万吨/年乙苯/苯乙烯装置
41.67,ST010137,<p>%(m/m)</p>,2025-07-17 08:00:00,乙  苯,延炼12万吨/年乙苯/苯乙烯装置
1.45,ST010137,<p>%(m/m)</p>,2025-07-17 08:00:00,二甲苯,延炼12万吨/年乙苯/苯乙烯装置
0.00,ST010137,<p>%(m/m)</p>,2025-07-17 08:00:00,异丙苯,延炼12万吨/年乙苯/苯乙烯装置
0.00,ST010137,<p>%(m/m)</p>,2025-07-17 08:00:00,正丙苯,延炼12万吨/年乙苯/苯乙烯装置
0.00,ST010137,<p>%(m/m)</p>,2025-07-17 08:00:00,甲乙苯,延炼12万吨/年乙苯/苯乙烯装置
55.19,ST010137,<p>%(m/m)</p>,2025-07-17 08:00:00,苯乙烯,延炼12万吨/年乙苯/苯乙烯装置
0.01,ST010137,<p>%(m/m)</p>,2025-07-17 08:00:00,α甲基苯乙烯,延炼12万吨/年乙苯/苯乙烯装置
0.00,ST010137,<p>%(m/m)</p>,2025-07-17 08:00:00,苯乙炔,延炼12万吨/年乙苯/苯乙烯装置
0.00,ST010137,<p>%(m/m)</p>,2025-07-17 08:00:00,间、对甲基苯乙烯,延炼12万吨/年乙苯/苯乙烯装置
0.19,ST010137,<p>%(m/m)</p>,2025-07-17 08:00:00,其  他,延炼12万吨/年乙苯/苯乙烯装置
0.001,ST010137,<p>%(m/m)</p>,2025-07-17 08:00:00,二乙基苯,延炼12万吨/年乙苯/苯乙烯装置
0.00,ST010137,<p>%(m/m)</p>,2025-07-17 08:00:00,丙烯基苯,延炼12万吨/年乙苯/苯乙烯装置
0.00,ST010137,<p>%(m/m)</p>,2025-07-17 08:00:00,二氢噻喃,延炼12万吨/年乙苯/苯乙烯装置
0.02,ST010137,<p>%(m/m)</p>,2025-07-17 08:00:00,2-乙烯基噻吩,延炼12万吨/年乙苯/苯乙烯装置
0.08,ST010137,<p>%(m/m)</p>,2025-07-18 08:00:00,非  芳,延炼12万吨/年乙苯/苯乙烯装置
0.38,ST010137,<p>%(m/m)</p>,2025-07-18 08:00:00,苯,延炼12万吨/年乙苯/苯乙烯装置
0.95,ST010137,<p>%(m/m)</p>,2025-07-18 08:00:00,甲  苯,延炼12万吨/年乙苯/苯乙烯装置
40.81,ST010137,<p>%(m/m)</p>,2025-07-18 08:00:00,乙  苯,延炼12万吨/年乙苯/苯乙烯装置
1.28,ST010137,<p>%(m/m)</p>,2025-07-18 08:00:00,二甲苯,延炼12万吨/年乙苯/苯乙烯装置
0.00,ST010137,<p>%(m/m)</p>,2025-07-18 08:00:00,异丙苯,延炼12万吨/年乙苯/苯乙烯装置
0.00,ST010137,<p>%(m/m)</p>,2025-07-18 08:00:00,正丙苯,延炼12万吨/年乙苯/苯乙烯装置
0.00,ST010137,<p>%(m/m)</p>,2025-07-18 08:00:00,甲乙苯,延炼12万吨/年乙苯/苯乙烯装置
56.27,ST010137,<p>%(m/m)</p>,2025-07-18 08:00:00,苯乙烯,延炼12万吨/年乙苯/苯乙烯装置
0.01,ST010137,<p>%(m/m)</p>,2025-07-18 08:00:00,α甲基苯乙烯,延炼12万吨/年乙苯/苯乙烯装置
0.00,ST010137,<p>%(m/m)</p>,2025-07-18 08:00:00,苯乙炔,延炼12万吨/年乙苯/苯乙烯装置
0.00,ST010137,<p>%(m/m)</p>,2025-07-18 08:00:00,间、对甲基苯乙烯,延炼12万吨/年乙苯/苯乙烯装置
0.20,ST010137,<p>%(m/m)</p>,2025-07-18 08:00:00,其  他,延炼12万吨/年乙苯/苯乙烯装置
0.00,ST010137,<p>%(m/m)</p>,2025-07-18 08:00:00,丙烯基苯,延炼12万吨/年乙苯/苯乙烯装置
0.00,ST010137,<p>%(m/m)</p>,2025-07-18 08:00:00,二氢噻喃,延炼12万吨/年乙苯/苯乙烯装置
0.00,ST010137,<p>%(m/m)</p>,2025-07-18 08:00:00,2-乙烯基噻吩,延炼12万吨/年乙苯/苯乙烯装置
0.09,ST010137,<p>%(m/m)</p>,2025-07-19 08:00:00,非  芳,延炼12万吨/年乙苯/苯乙烯装置
0.38,ST010137,<p>%(m/m)</p>,2025-07-19 08:00:00,苯,延炼12万吨/年乙苯/苯乙烯装置
0.96,ST010137,<p>%(m/m)</p>,2025-07-19 08:00:00,甲  苯,延炼12万吨/年乙苯/苯乙烯装置
42.11,ST010137,<p>%(m/m)</p>,2025-07-19 08:00:00,乙  苯,延炼12万吨/年乙苯/苯乙烯装置
1.46,ST010137,<p>%(m/m)</p>,2025-07-19 08:00:00,二甲苯,延炼12万吨/年乙苯/苯乙烯装置
0.00,ST010137,<p>%(m/m)</p>,2025-07-19 08:00:00,异丙苯,延炼12万吨/年乙苯/苯乙烯装置
0.00,ST010137,<p>%(m/m)</p>,2025-07-19 08:00:00,正丙苯,延炼12万吨/年乙苯/苯乙烯装置
0.00,ST010137,<p>%(m/m)</p>,2025-07-19 08:00:00,甲乙苯,延炼12万吨/年乙苯/苯乙烯装置
54.81,ST010137,<p>%(m/m)</p>,2025-07-19 08:00:00,苯乙烯,延炼12万吨/年乙苯/苯乙烯装置
0.01,ST010137,<p>%(m/m)</p>,2025-07-19 08:00:00,α甲基苯乙烯,延炼12万吨/年乙苯/苯乙烯装置
0.00,ST010137,<p>%(m/m)</p>,2025-07-19 08:00:00,苯乙炔,延炼12万吨/年乙苯/苯乙烯装置
0.00,ST010137,<p>%(m/m)</p>,2025-07-19 08:00:00,间、对甲基苯乙烯,延炼12万吨/年乙苯/苯乙烯装置
0.16,ST010137,<p>%(m/m)</p>,2025-07-19 08:00:00,其  他,延炼12万吨/年乙苯/苯乙烯装置
0.00,ST010137,<p>%(m/m)</p>,2025-07-19 08:00:00,丙烯基苯,延炼12万吨/年乙苯/苯乙烯装置
0.00,ST010137,<p>%(m/m)</p>,2025-07-19 08:00:00,二氢噻喃,延炼12万吨/年乙苯/苯乙烯装置
0.01,ST010137,<p>%(m/m)</p>,2025-07-19 08:00:00,2-乙烯基噻吩,延炼12万吨/年乙苯/苯乙烯装置
0.08,ST010137,<p>%(m/m)</p>,2025-07-20 08:00:00,非  芳,延炼12万吨/年乙苯/苯乙烯装置
0.39,ST010137,<p>%(m/m)</p>,2025-07-20 08:00:00,苯,延炼12万吨/年乙苯/苯乙烯装置
0.96,ST010137,<p>%(m/m)</p>,2025-07-20 08:00:00,甲  苯,延炼12万吨/年乙苯/苯乙烯装置
40.78,ST010137,<p>%(m/m)</p>,2025-07-20 08:00:00,乙  苯,延炼12万吨/年乙苯/苯乙烯装置
1.30,ST010137,<p>%(m/m)</p>,2025-07-20 08:00:00,二甲苯,延炼12万吨/年乙苯/苯乙烯装置
0.00,ST010137,<p>%(m/m)</p>,2025-07-20 08:00:00,异丙苯,延炼12万吨/年乙苯/苯乙烯装置
0.00,ST010137,<p>%(m/m)</p>,2025-07-20 08:00:00,正丙苯,延炼12万吨/年乙苯/苯乙烯装置
0.00,ST010137,<p>%(m/m)</p>,2025-07-20 08:00:00,甲乙苯,延炼12万吨/年乙苯/苯乙烯装置
56.21,ST010137,<p>%(m/m)</p>,2025-07-20 08:00:00,苯乙烯,延炼12万吨/年乙苯/苯乙烯装置
0.01,ST010137,<p>%(m/m)</p>,2025-07-20 08:00:00,α甲基苯乙烯,延炼12万吨/年乙苯/苯乙烯装置
0.00,ST010137,<p>%(m/m)</p>,2025-07-20 08:00:00,苯乙炔,延炼12万吨/年乙苯/苯乙烯装置
0.00,ST010137,<p>%(m/m)</p>,2025-07-20 08:00:00,间、对甲基苯乙烯,延炼12万吨/年乙苯/苯乙烯装置
0.24,ST010137,<p>%(m/m)</p>,2025-07-20 08:00:00,其  他,延炼12万吨/年乙苯/苯乙烯装置
0.00,ST010137,<p>%(m/m)</p>,2025-07-20 08:00:00,丙烯基苯,延炼12万吨/年乙苯/苯乙烯装置
0.00,ST010137,<p>%(m/m)</p>,2025-07-20 08:00:00,二氢噻喃,延炼12万吨/年乙苯/苯乙烯装置
0.01,ST010137,<p>%(m/m)</p>,2025-07-20 08:00:00,2-乙烯基噻吩,延炼12万吨/年乙苯/苯乙烯装置
0.08,ST010137,<p>%(m/m)</p>,2025-07-21 08:00:00,非  芳,延炼12万吨/年乙苯/苯乙烯装置
0.38,ST010137,<p>%(m/m)</p>,2025-07-21 08:00:00,苯,延炼12万吨/年乙苯/苯乙烯装置
0.95,ST010137,<p>%(m/m)</p>,2025-07-21 08:00:00,甲  苯,延炼12万吨/年乙苯/苯乙烯装置
41.17,ST010137,<p>%(m/m)</p>,2025-07-21 08:00:00,乙  苯,延炼12万吨/年乙苯/苯乙烯装置
1.28,ST010137,<p>%(m/m)</p>,2025-07-21 08:00:00,二甲苯,延炼12万吨/年乙苯/苯乙烯装置
0.00,ST010137,<p>%(m/m)</p>,2025-07-21 08:00:00,异丙苯,延炼12万吨/年乙苯/苯乙烯装置
0.00,ST010137,<p>%(m/m)</p>,2025-07-21 08:00:00,正丙苯,延炼12万吨/年乙苯/苯乙烯装置
0.00,ST010137,<p>%(m/m)</p>,2025-07-21 08:00:00,甲乙苯,延炼12万吨/年乙苯/苯乙烯装置
55.96,ST010137,<p>%(m/m)</p>,2025-07-21 08:00:00,苯乙烯,延炼12万吨/年乙苯/苯乙烯装置
0.01,ST010137,<p>%(m/m)</p>,2025-07-21 08:00:00,α甲基苯乙烯,延炼12万吨/年乙苯/苯乙烯装置
0.00,ST010137,<p>%(m/m)</p>,2025-07-21 08:00:00,苯乙炔,延炼12万吨/年乙苯/苯乙烯装置
0.00,ST010137,<p>%(m/m)</p>,2025-07-21 08:00:00,间、对甲基苯乙烯,延炼12万吨/年乙苯/苯乙烯装置
0.13,ST010137,<p>%(m/m)</p>,2025-07-21 08:00:00,其  他,延炼12万吨/年乙苯/苯乙烯装置
0.00,ST010137,<p>%(m/m)</p>,2025-07-21 08:00:00,丙烯基苯,延炼12万吨/年乙苯/苯乙烯装置
0.00,ST010137,<p>%(m/m)</p>,2025-07-21 08:00:00,二氢噻喃,延炼12万吨/年乙苯/苯乙烯装置
0.01,ST010137,<p>%(m/m)</p>,2025-07-21 08:00:00,2-乙烯基噻吩,延炼12万吨/年乙苯/苯乙烯装置
0.08,ST010137,<p>%(m/m)</p>,2025-07-22 08:00:00,非  芳,延炼12万吨/年乙苯/苯乙烯装置
0.39,ST010137,<p>%(m/m)</p>,2025-07-22 08:00:00,苯,延炼12万吨/年乙苯/苯乙烯装置
0.96,ST010137,<p>%(m/m)</p>,2025-07-22 08:00:00,甲  苯,延炼12万吨/年乙苯/苯乙烯装置
40.54,ST010137,<p>%(m/m)</p>,2025-07-22 08:00:00,乙  苯,延炼12万吨/年乙苯/苯乙烯装置
1.17,ST010137,<p>%(m/m)</p>,2025-07-22 08:00:00,二甲苯,延炼12万吨/年乙苯/苯乙烯装置
0.00,ST010137,<p>%(m/m)</p>,2025-07-22 08:00:00,异丙苯,延炼12万吨/年乙苯/苯乙烯装置
0.00,ST010137,<p>%(m/m)</p>,2025-07-22 08:00:00,正丙苯,延炼12万吨/年乙苯/苯乙烯装置
0.00,ST010137,<p>%(m/m)</p>,2025-07-22 08:00:00,甲乙苯,延炼12万吨/年乙苯/苯乙烯装置
56.69,ST010137,<p>%(m/m)</p>,2025-07-22 08:00:00,苯乙烯,延炼12万吨/年乙苯/苯乙烯装置
0.01,ST010137,<p>%(m/m)</p>,2025-07-22 08:00:00,α甲基苯乙烯,延炼12万吨/年乙苯/苯乙烯装置
0.00,ST010137,<p>%(m/m)</p>,2025-07-22 08:00:00,苯乙炔,延炼12万吨/年乙苯/苯乙烯装置
0.00,ST010137,<p>%(m/m)</p>,2025-07-22 08:00:00,间、对甲基苯乙烯,延炼12万吨/年乙苯/苯乙烯装置
0.14,ST010137,<p>%(m/m)</p>,2025-07-22 08:00:00,其  他,延炼12万吨/年乙苯/苯乙烯装置
0.00,ST010137,<p>%(m/m)</p>,2025-07-22 08:00:00,丙烯基苯,延炼12万吨/年乙苯/苯乙烯装置
0.00,ST010137,<p>%(m/m)</p>,2025-07-22 08:00:00,二氢噻喃,延炼12万吨/年乙苯/苯乙烯装置
0.01,ST010137,<p>%(m/m)</p>,2025-07-22 08:00:00,2-乙烯基噻吩,延炼12万吨/年乙苯/苯乙烯装置
0.08,ST010137,<p>%(m/m)</p>,2025-07-23 08:00:00,非  芳,延炼12万吨/年乙苯/苯乙烯装置
0.44,ST010137,<p>%(m/m)</p>,2025-07-23 08:00:00,苯,延炼12万吨/年乙苯/苯乙烯装置
1.11,ST010137,<p>%(m/m)</p>,2025-07-23 08:00:00,甲  苯,延炼12万吨/年乙苯/苯乙烯装置
42.37,ST010137,<p>%(m/m)</p>,2025-07-23 08:00:00,乙  苯,延炼12万吨/年乙苯/苯乙烯装置
1.25,ST010137,<p>%(m/m)</p>,2025-07-23 08:00:00,二甲苯,延炼12万吨/年乙苯/苯乙烯装置
0.00,ST010137,<p>%(m/m)</p>,2025-07-23 08:00:00,异丙苯,延炼12万吨/年乙苯/苯乙烯装置
0.00,ST010137,<p>%(m/m)</p>,2025-07-23 08:00:00,正丙苯,延炼12万吨/年乙苯/苯乙烯装置
0.00,ST010137,<p>%(m/m)</p>,2025-07-23 08:00:00,甲乙苯,延炼12万吨/年乙苯/苯乙烯装置
54.54,ST010137,<p>%(m/m)</p>,2025-07-23 08:00:00,苯乙烯,延炼12万吨/年乙苯/苯乙烯装置
0.01,ST010137,<p>%(m/m)</p>,2025-07-23 08:00:00,α甲基苯乙烯,延炼12万吨/年乙苯/苯乙烯装置
0.00,ST010137,<p>%(m/m)</p>,2025-07-23 08:00:00,苯乙炔,延炼12万吨/年乙苯/苯乙烯装置
0.00,ST010137,<p>%(m/m)</p>,2025-07-23 08:00:00,间、对甲基苯乙烯,延炼12万吨/年乙苯/苯乙烯装置
0.19,ST010137,<p>%(m/m)</p>,2025-07-23 08:00:00,其  他,延炼12万吨/年乙苯/苯乙烯装置
0.00,ST010137,<p>%(m/m)</p>,2025-07-23 08:00:00,丙烯基苯,延炼12万吨/年乙苯/苯乙烯装置
0.00,ST010137,<p>%(m/m)</p>,2025-07-23 08:00:00,二氢噻喃,延炼12万吨/年乙苯/苯乙烯装置
0.01,ST010137,<p>%(m/m)</p>,2025-07-23 08:00:00,2-乙烯基噻吩,延炼12万吨/年乙苯/苯乙烯装置
0.08,ST010137,<p>%(m/m)</p>,2025-07-24 08:00:00,非  芳,延炼12万吨/年乙苯/苯乙烯装置
0.40,ST010137,<p>%(m/m)</p>,2025-07-24 08:00:00,苯,延炼12万吨/年乙苯/苯乙烯装置
1.01,ST010137,<p>%(m/m)</p>,2025-07-24 08:00:00,甲  苯,延炼12万吨/年乙苯/苯乙烯装置
41.72,ST010137,<p>%(m/m)</p>,2025-07-24 08:00:00,乙  苯,延炼12万吨/年乙苯/苯乙烯装置
1.36,ST010137,<p>%(m/m)</p>,2025-07-24 08:00:00,二甲苯,延炼12万吨/年乙苯/苯乙烯装置
0.00,ST010137,<p>%(m/m)</p>,2025-07-24 08:00:00,异丙苯,延炼12万吨/年乙苯/苯乙烯装置
0.00,ST010137,<p>%(m/m)</p>,2025-07-24 08:00:00,正丙苯,延炼12万吨/年乙苯/苯乙烯装置
0.00,ST010137,<p>%(m/m)</p>,2025-07-24 08:00:00,甲乙苯,延炼12万吨/年乙苯/苯乙烯装置
55.22,ST010137,<p>%(m/m)</p>,2025-07-24 08:00:00,苯乙烯,延炼12万吨/年乙苯/苯乙烯装置
0.01,ST010137,<p>%(m/m)</p>,2025-07-24 08:00:00,α甲基苯乙烯,延炼12万吨/年乙苯/苯乙烯装置
0.00,ST010137,<p>%(m/m)</p>,2025-07-24 08:00:00,苯乙炔,延炼12万吨/年乙苯/苯乙烯装置
0.00,ST010137,<p>%(m/m)</p>,2025-07-24 08:00:00,间、对甲基苯乙烯,延炼12万吨/年乙苯/苯乙烯装置
0.17,ST010137,<p>%(m/m)</p>,2025-07-24 08:00:00,其  他,延炼12万吨/年乙苯/苯乙烯装置
0.001,ST010137,<p>%(m/m)</p>,2025-07-24 08:00:00,二乙基苯,延炼12万吨/年乙苯/苯乙烯装置
0.00,ST010137,<p>%(m/m)</p>,2025-07-24 08:00:00,丙烯基苯,延炼12万吨/年乙苯/苯乙烯装置
0.00,ST010137,<p>%(m/m)</p>,2025-07-24 08:00:00,二氢噻喃,延炼12万吨/年乙苯/苯乙烯装置
0.02,ST010137,<p>%(m/m)</p>,2025-07-24 08:00:00,2-乙烯基噻吩,延炼12万吨/年乙苯/苯乙烯装置
42.06,ST010137,<p>%(m/m)</p>,2025-07-25 08:00:00,乙  苯,延炼12万吨/年乙苯/苯乙烯装置
1.27,ST010137,<p>%(m/m)</p>,2025-07-25 08:00:00,二甲苯,延炼12万吨/年乙苯/苯乙烯装置
0.00,ST010137,<p>%(m/m)</p>,2025-07-25 08:00:00,异丙苯,延炼12万吨/年乙苯/苯乙烯装置
0.00,ST010137,<p>%(m/m)</p>,2025-07-25 08:00:00,正丙苯,延炼12万吨/年乙苯/苯乙烯装置
0.00,ST010137,<p>%(m/m)</p>,2025-07-25 08:00:00,甲乙苯,延炼12万吨/年乙苯/苯乙烯装置
54.67,ST010137,<p>%(m/m)</p>,2025-07-25 08:00:00,苯乙烯,延炼12万吨/年乙苯/苯乙烯装置
0.01,ST010137,<p>%(m/m)</p>,2025-07-25 08:00:00,α甲基苯乙烯,延炼12万吨/年乙苯/苯乙烯装置
0.00,ST010137,<p>%(m/m)</p>,2025-07-25 08:00:00,苯乙炔,延炼12万吨/年乙苯/苯乙烯装置
0.00,ST010137,<p>%(m/m)</p>,2025-07-25 08:00:00,间、对甲基苯乙烯,延炼12万吨/年乙苯/苯乙烯装置
0.57,ST010137,<p>%(m/m)</p>,2025-07-25 08:00:00,其  他,延炼12万吨/年乙苯/苯乙烯装置
0.00,ST010137,<p>%(m/m)</p>,2025-07-25 08:00:00,丙烯基苯,延炼12万吨/年乙苯/苯乙烯装置
0.00,ST010137,<p>%(m/m)</p>,2025-07-25 08:00:00,二氢噻喃,延炼12万吨/年乙苯/苯乙烯装置
0.00,ST010137,<p>%(m/m)</p>,2025-07-25 08:00:00,2-乙烯基噻吩,延炼12万吨/年乙苯/苯乙烯装置
0.08,ST010137,<p>%(m/m)</p>,2025-07-25 08:00:00,非  芳,延炼12万吨/年乙苯/苯乙烯装置
0.39,ST010137,<p>%(m/m)</p>,2025-07-25 08:00:00,苯,延炼12万吨/年乙苯/苯乙烯装置
0.94,ST010137,<p>%(m/m)</p>,2025-07-25 08:00:00,甲  苯,延炼12万吨/年乙苯/苯乙烯装置
0.08,ST010137,<p>%(m/m)</p>,2025-07-26 08:00:00,非  芳,延炼12万吨/年乙苯/苯乙烯装置
0.39,ST010137,<p>%(m/m)</p>,2025-07-26 08:00:00,苯,延炼12万吨/年乙苯/苯乙烯装置
0.94,ST010137,<p>%(m/m)</p>,2025-07-26 08:00:00,甲  苯,延炼12万吨/年乙苯/苯乙烯装置
41.47,ST010137,<p>%(m/m)</p>,2025-07-26 08:00:00,乙  苯,延炼12万吨/年乙苯/苯乙烯装置
0.47,ST010137,<p>%(m/m)</p>,2025-07-26 08:00:00,二甲苯,延炼12万吨/年乙苯/苯乙烯装置
0.00,ST010137,<p>%(m/m)</p>,2025-07-26 08:00:00,异丙苯,延炼12万吨/年乙苯/苯乙烯装置
0.00,ST010137,<p>%(m/m)</p>,2025-07-26 08:00:00,正丙苯,延炼12万吨/年乙苯/苯乙烯装置
0.00,ST010137,<p>%(m/m)</p>,2025-07-26 08:00:00,甲乙苯,延炼12万吨/年乙苯/苯乙烯装置
56.42,ST010137,<p>%(m/m)</p>,2025-07-26 08:00:00,苯乙烯,延炼12万吨/年乙苯/苯乙烯装置
0.01,ST010137,<p>%(m/m)</p>,2025-07-26 08:00:00,α甲基苯乙烯,延炼12万吨/年乙苯/苯乙烯装置
0.00,ST010137,<p>%(m/m)</p>,2025-07-26 08:00:00,苯乙炔,延炼12万吨/年乙苯/苯乙烯装置
0.00,ST010137,<p>%(m/m)</p>,2025-07-26 08:00:00,间、对甲基苯乙烯,延炼12万吨/年乙苯/苯乙烯装置
0.21,ST010137,<p>%(m/m)</p>,2025-07-26 08:00:00,其  他,延炼12万吨/年乙苯/苯乙烯装置
0.00,ST010137,<p>%(m/m)</p>,2025-07-26 08:00:00,丙烯基苯,延炼12万吨/年乙苯/苯乙烯装置
0.00,ST010137,<p>%(m/m)</p>,2025-07-26 08:00:00,二氢噻喃,延炼12万吨/年乙苯/苯乙烯装置
0.01,ST010137,<p>%(m/m)</p>,2025-07-26 08:00:00,2-乙烯基噻吩,延炼12万吨/年乙苯/苯乙烯装置
0.08,ST010137,<p>%(m/m)</p>,2025-07-27 08:00:00,非  芳,延炼12万吨/年乙苯/苯乙烯装置
0.40,ST010137,<p>%(m/m)</p>,2025-07-27 08:00:00,苯,延炼12万吨/年乙苯/苯乙烯装置
0.97,ST010137,<p>%(m/m)</p>,2025-07-27 08:00:00,甲  苯,延炼12万吨/年乙苯/苯乙烯装置
41.27,ST010137,<p>%(m/m)</p>,2025-07-27 08:00:00,乙  苯,延炼12万吨/年乙苯/苯乙烯装置
1.32,ST010137,<p>%(m/m)</p>,2025-07-27 08:00:00,二甲苯,延炼12万吨/年乙苯/苯乙烯装置
0.00,ST010137,<p>%(m/m)</p>,2025-07-27 08:00:00,异丙苯,延炼12万吨/年乙苯/苯乙烯装置
0.00,ST010137,<p>%(m/m)</p>,2025-07-27 08:00:00,正丙苯,延炼12万吨/年乙苯/苯乙烯装置
0.00,ST010137,<p>%(m/m)</p>,2025-07-27 08:00:00,甲乙苯,延炼12万吨/年乙苯/苯乙烯装置
55.76,ST010137,<p>%(m/m)</p>,2025-07-27 08:00:00,苯乙烯,延炼12万吨/年乙苯/苯乙烯装置
0.01,ST010137,<p>%(m/m)</p>,2025-07-27 08:00:00,α甲基苯乙烯,延炼12万吨/年乙苯/苯乙烯装置
0.00,ST010137,<p>%(m/m)</p>,2025-07-27 08:00:00,苯乙炔,延炼12万吨/年乙苯/苯乙烯装置
0.00,ST010137,<p>%(m/m)</p>,2025-07-27 08:00:00,间、对甲基苯乙烯,延炼12万吨/年乙苯/苯乙烯装置
0.18,ST010137,<p>%(m/m)</p>,2025-07-27 08:00:00,其  他,延炼12万吨/年乙苯/苯乙烯装置
0.00,ST010137,<p>%(m/m)</p>,2025-07-27 08:00:00,丙烯基苯,延炼12万吨/年乙苯/苯乙烯装置
0.00,ST010137,<p>%(m/m)</p>,2025-07-27 08:00:00,二氢噻喃,延炼12万吨/年乙苯/苯乙烯装置
0.00,ST010137,<p>%(m/m)</p>,2025-07-27 08:00:00,2-乙烯基噻吩,延炼12万吨/年乙苯/苯乙烯装置
0.09,ST010137,<p>%(m/m)</p>,2025-07-28 08:00:00,非  芳,延炼12万吨/年乙苯/苯乙烯装置
0.43,ST010137,<p>%(m/m)</p>,2025-07-28 08:00:00,苯,延炼12万吨/年乙苯/苯乙烯装置
1.12,ST010137,<p>%(m/m)</p>,2025-07-28 08:00:00,甲  苯,延炼12万吨/年乙苯/苯乙烯装置
41.77,ST010137,<p>%(m/m)</p>,2025-07-28 08:00:00,乙  苯,延炼12万吨/年乙苯/苯乙烯装置
1.49,ST010137,<p>%(m/m)</p>,2025-07-28 08:00:00,二甲苯,延炼12万吨/年乙苯/苯乙烯装置
0.00,ST010137,<p>%(m/m)</p>,2025-07-28 08:00:00,异丙苯,延炼12万吨/年乙苯/苯乙烯装置
0.00,ST010137,<p>%(m/m)</p>,2025-07-28 08:00:00,正丙苯,延炼12万吨/年乙苯/苯乙烯装置
0.00,ST010137,<p>%(m/m)</p>,2025-07-28 08:00:00,甲乙苯,延炼12万吨/年乙苯/苯乙烯装置
54.87,ST010137,<p>%(m/m)</p>,2025-07-28 08:00:00,苯乙烯,延炼12万吨/年乙苯/苯乙烯装置
0.01,ST010137,<p>%(m/m)</p>,2025-07-28 08:00:00,α甲基苯乙烯,延炼12万吨/年乙苯/苯乙烯装置
0.00,ST010137,<p>%(m/m)</p>,2025-07-28 08:00:00,苯乙炔,延炼12万吨/年乙苯/苯乙烯装置
0.00,ST010137,<p>%(m/m)</p>,2025-07-28 08:00:00,间、对甲基苯乙烯,延炼12万吨/年乙苯/苯乙烯装置
0.21,ST010137,<p>%(m/m)</p>,2025-07-28 08:00:00,其  他,延炼12万吨/年乙苯/苯乙烯装置
0.00,ST010137,<p>%(m/m)</p>,2025-07-28 08:00:00,丙烯基苯,延炼12万吨/年乙苯/苯乙烯装置
0.00,ST010137,<p>%(m/m)</p>,2025-07-28 08:00:00,二氢噻喃,延炼12万吨/年乙苯/苯乙烯装置
0.01,ST010137,<p>%(m/m)</p>,2025-07-28 08:00:00,2-乙烯基噻吩,延炼12万吨/年乙苯/苯乙烯装置
0.09,ST010137,<p>%(m/m)</p>,2025-07-29 08:00:00,非  芳,延炼12万吨/年乙苯/苯乙烯装置
0.39,ST010137,<p>%(m/m)</p>,2025-07-29 08:00:00,苯,延炼12万吨/年乙苯/苯乙烯装置
1.11,ST010137,<p>%(m/m)</p>,2025-07-29 08:00:00,甲  苯,延炼12万吨/年乙苯/苯乙烯装置
41.16,ST010137,<p>%(m/m)</p>,2025-07-29 08:00:00,乙  苯,延炼12万吨/年乙苯/苯乙烯装置
0.51,ST010137,<p>%(m/m)</p>,2025-07-29 08:00:00,二甲苯,延炼12万吨/年乙苯/苯乙烯装置
0.00,ST010137,<p>%(m/m)</p>,2025-07-29 08:00:00,异丙苯,延炼12万吨/年乙苯/苯乙烯装置
0.00,ST010137,<p>%(m/m)</p>,2025-07-29 08:00:00,正丙苯,延炼12万吨/年乙苯/苯乙烯装置
0.00,ST010137,<p>%(m/m)</p>,2025-07-29 08:00:00,甲乙苯,延炼12万吨/年乙苯/苯乙烯装置
56.58,ST010137,<p>%(m/m)</p>,2025-07-29 08:00:00,苯乙烯,延炼12万吨/年乙苯/苯乙烯装置
0.01,ST010137,<p>%(m/m)</p>,2025-07-29 08:00:00,α甲基苯乙烯,延炼12万吨/年乙苯/苯乙烯装置
0.00,ST010137,<p>%(m/m)</p>,2025-07-29 08:00:00,苯乙炔,延炼12万吨/年乙苯/苯乙烯装置
0.00,ST010137,<p>%(m/m)</p>,2025-07-29 08:00:00,间、对甲基苯乙烯,延炼12万吨/年乙苯/苯乙烯装置
0.13,ST010137,<p>%(m/m)</p>,2025-07-29 08:00:00,其  他,延炼12万吨/年乙苯/苯乙烯装置
0.00,ST010137,<p>%(m/m)</p>,2025-07-29 08:00:00,丙烯基苯,延炼12万吨/年乙苯/苯乙烯装置
0.00,ST010137,<p>%(m/m)</p>,2025-07-29 08:00:00,二氢噻喃,延炼12万吨/年乙苯/苯乙烯装置
0.01,ST010137,<p>%(m/m)</p>,2025-07-29 08:00:00,2-乙烯基噻吩,延炼12万吨/年乙苯/苯乙烯装置
0.08,ST010137,<p>%(m/m)</p>,2025-07-30 08:00:00,非  芳,延炼12万吨/年乙苯/苯乙烯装置
0.36,ST010137,<p>%(m/m)</p>,2025-07-30 08:00:00,苯,延炼12万吨/年乙苯/苯乙烯装置
1.09,ST010137,<p>%(m/m)</p>,2025-07-30 08:00:00,甲  苯,延炼12万吨/年乙苯/苯乙烯装置
41.40,ST010137,<p>%(m/m)</p>,2025-07-30 08:00:00,乙  苯,延炼12万吨/年乙苯/苯乙烯装置
1.21,ST010137,<p>%(m/m)</p>,2025-07-30 08:00:00,二甲苯,延炼12万吨/年乙苯/苯乙烯装置
0.00,ST010137,<p>%(m/m)</p>,2025-07-30 08:00:00,异丙苯,延炼12万吨/年乙苯/苯乙烯装置
0.00,ST010137,<p>%(m/m)</p>,2025-07-30 08:00:00,正丙苯,延炼12万吨/年乙苯/苯乙烯装置
0.00,ST010137,<p>%(m/m)</p>,2025-07-30 08:00:00,甲乙苯,延炼12万吨/年乙苯/苯乙烯装置
55.69,ST010137,<p>%(m/m)</p>,2025-07-30 08:00:00,苯乙烯,延炼12万吨/年乙苯/苯乙烯装置
0.01,ST010137,<p>%(m/m)</p>,2025-07-30 08:00:00,α甲基苯乙烯,延炼12万吨/年乙苯/苯乙烯装置
0.00,ST010137,<p>%(m/m)</p>,2025-07-30 08:00:00,苯乙炔,延炼12万吨/年乙苯/苯乙烯装置
0.00,ST010137,<p>%(m/m)</p>,2025-07-30 08:00:00,间、对甲基苯乙烯,延炼12万吨/年乙苯/苯乙烯装置
0.13,ST010137,<p>%(m/m)</p>,2025-07-30 08:00:00,其  他,延炼12万吨/年乙苯/苯乙烯装置
0.00,ST010137,<p>%(m/m)</p>,2025-07-30 08:00:00,丙烯基苯,延炼12万吨/年乙苯/苯乙烯装置
0.00,ST010137,<p>%(m/m)</p>,2025-07-30 08:00:00,二氢噻喃,延炼12万吨/年乙苯/苯乙烯装置
0.02,ST010137,<p>%(m/m)</p>,2025-07-30 08:00:00,2-乙烯基噻吩,延炼12万吨/年乙苯/苯乙烯装置
0.07,ST010137,<p>%(m/m)</p>,2025-07-31 08:00:00,非  芳,延炼12万吨/年乙苯/苯乙烯装置
0.37,ST010137,<p>%(m/m)</p>,2025-07-31 08:00:00,苯,延炼12万吨/年乙苯/苯乙烯装置
0.93,ST010137,<p>%(m/m)</p>,2025-07-31 08:00:00,甲  苯,延炼12万吨/年乙苯/苯乙烯装置
42.28,ST010137,<p>%(m/m)</p>,2025-07-31 08:00:00,乙  苯,延炼12万吨/年乙苯/苯乙烯装置
1.19,ST010137,<p>%(m/m)</p>,2025-07-31 08:00:00,二甲苯,延炼12万吨/年乙苯/苯乙烯装置
0.00,ST010137,<p>%(m/m)</p>,2025-07-31 08:00:00,异丙苯,延炼12万吨/年乙苯/苯乙烯装置
0.00,ST010137,<p>%(m/m)</p>,2025-07-31 08:00:00,正丙苯,延炼12万吨/年乙苯/苯乙烯装置
0.00,ST010137,<p>%(m/m)</p>,2025-07-31 08:00:00,甲乙苯,延炼12万吨/年乙苯/苯乙烯装置
55.02,ST010137,<p>%(m/m)</p>,2025-07-31 08:00:00,苯乙烯,延炼12万吨/年乙苯/苯乙烯装置
0.01,ST010137,<p>%(m/m)</p>,2025-07-31 08:00:00,α甲基苯乙烯,延炼12万吨/年乙苯/苯乙烯装置
0.00,ST010137,<p>%(m/m)</p>,2025-07-31 08:00:00,苯乙炔,延炼12万吨/年乙苯/苯乙烯装置
0.00,ST010137,<p>%(m/m)</p>,2025-07-31 08:00:00,间、对甲基苯乙烯,延炼12万吨/年乙苯/苯乙烯装置
0.11,ST010137,<p>%(m/m)</p>,2025-07-31 08:00:00,其  他,延炼12万吨/年乙苯/苯乙烯装置
0.008,ST010137,<p>%(m/m)</p>,2025-07-31 08:00:00,二乙基苯,延炼12万吨/年乙苯/苯乙烯装置
0.00,ST010137,<p>%(m/m)</p>,2025-07-31 08:00:00,丙烯基苯,延炼12万吨/年乙苯/苯乙烯装置
0.00,ST010137,<p>%(m/m)</p>,2025-07-31 08:00:00,二氢噻喃,延炼12万吨/年乙苯/苯乙烯装置
0.02,ST010137,<p>%(m/m)</p>,2025-07-31 08:00:00,2-乙烯基噻吩,延炼12万吨/年乙苯/苯乙烯装置
0.09,ST010137,<p>%(m/m)</p>,2025-08-01 08:00:00,非  芳,延炼12万吨/年乙苯/苯乙烯装置
0.84,ST010137,<p>%(m/m)</p>,2025-08-01 08:00:00,苯,延炼12万吨/年乙苯/苯乙烯装置
2.11,ST010137,<p>%(m/m)</p>,2025-08-01 08:00:00,甲  苯,延炼12万吨/年乙苯/苯乙烯装置
41.00,ST010137,<p>%(m/m)</p>,2025-08-01 08:00:00,乙  苯,延炼12万吨/年乙苯/苯乙烯装置
0.89,ST010137,<p>%(m/m)</p>,2025-08-01 08:00:00,二甲苯,延炼12万吨/年乙苯/苯乙烯装置
0.00,ST010137,<p>%(m/m)</p>,2025-08-01 08:00:00,异丙苯,延炼12万吨/年乙苯/苯乙烯装置
0.00,ST010137,<p>%(m/m)</p>,2025-08-01 08:00:00,正丙苯,延炼12万吨/年乙苯/苯乙烯装置
0.00,ST010137,<p>%(m/m)</p>,2025-08-01 08:00:00,甲乙苯,延炼12万吨/年乙苯/苯乙烯装置
54.80,ST010137,<p>%(m/m)</p>,2025-08-01 08:00:00,苯乙烯,延炼12万吨/年乙苯/苯乙烯装置
0.01,ST010137,<p>%(m/m)</p>,2025-08-01 08:00:00,α甲基苯乙烯,延炼12万吨/年乙苯/苯乙烯装置
0.00,ST010137,<p>%(m/m)</p>,2025-08-01 08:00:00,苯乙炔,延炼12万吨/年乙苯/苯乙烯装置
0.00,ST010137,<p>%(m/m)</p>,2025-08-01 08:00:00,间、对甲基苯乙烯,延炼12万吨/年乙苯/苯乙烯装置
0.25,ST010137,<p>%(m/m)</p>,2025-08-01 08:00:00,其  他,延炼12万吨/年乙苯/苯乙烯装置
0.00,ST010137,<p>%(m/m)</p>,2025-08-01 08:00:00,丙烯基苯,延炼12万吨/年乙苯/苯乙烯装置
0.00,ST010137,<p>%(m/m)</p>,2025-08-01 08:00:00,二氢噻喃,延炼12万吨/年乙苯/苯乙烯装置
0.02,ST010137,<p>%(m/m)</p>,2025-08-01 08:00:00,2-乙烯基噻吩,延炼12万吨/年乙苯/苯乙烯装置
0.09,ST010137,<p>%(m/m)</p>,2025-08-02 08:00:00,非  芳,延炼12万吨/年乙苯/苯乙烯装置
0.41,ST010137,<p>%(m/m)</p>,2025-08-02 08:00:00,苯,延炼12万吨/年乙苯/苯乙烯装置
1.08,ST010137,<p>%(m/m)</p>,2025-08-02 08:00:00,甲  苯,延炼12万吨/年乙苯/苯乙烯装置
40.94,ST010137,<p>%(m/m)</p>,2025-08-02 08:00:00,乙  苯,延炼12万吨/年乙苯/苯乙烯装置
0.91,ST010137,<p>%(m/m)</p>,2025-08-02 08:00:00,二甲苯,延炼12万吨/年乙苯/苯乙烯装置
0.00,ST010137,<p>%(m/m)</p>,2025-08-02 08:00:00,异丙苯,延炼12万吨/年乙苯/苯乙烯装置
0.00,ST010137,<p>%(m/m)</p>,2025-08-02 08:00:00,正丙苯,延炼12万吨/年乙苯/苯乙烯装置
0.00,ST010137,<p>%(m/m)</p>,2025-08-02 08:00:00,甲乙苯,延炼12万吨/年乙苯/苯乙烯装置
56.22,ST010137,<p>%(m/m)</p>,2025-08-02 08:00:00,苯乙烯,延炼12万吨/年乙苯/苯乙烯装置
0.01,ST010137,<p>%(m/m)</p>,2025-08-02 08:00:00,α甲基苯乙烯,延炼12万吨/年乙苯/苯乙烯装置
0.00,ST010137,<p>%(m/m)</p>,2025-08-02 08:00:00,苯乙炔,延炼12万吨/年乙苯/苯乙烯装置
0.00,ST010137,<p>%(m/m)</p>,2025-08-02 08:00:00,间、对甲基苯乙烯,延炼12万吨/年乙苯/苯乙烯装置
0.31,ST010137,<p>%(m/m)</p>,2025-08-02 08:00:00,其  他,延炼12万吨/年乙苯/苯乙烯装置
0.00,ST010137,<p>%(m/m)</p>,2025-08-02 08:00:00,丙烯基苯,延炼12万吨/年乙苯/苯乙烯装置
0.00,ST010137,<p>%(m/m)</p>,2025-08-02 08:00:00,二氢噻喃,延炼12万吨/年乙苯/苯乙烯装置
0.02,ST010137,<p>%(m/m)</p>,2025-08-02 08:00:00,2-乙烯基噻吩,延炼12万吨/年乙苯/苯乙烯装置
0.07,ST010137,<p>%(m/m)</p>,2025-08-03 08:00:00,非  芳,延炼12万吨/年乙苯/苯乙烯装置
0.40,ST010137,<p>%(m/m)</p>,2025-08-03 08:00:00,苯,延炼12万吨/年乙苯/苯乙烯装置
0.96,ST010137,<p>%(m/m)</p>,2025-08-03 08:00:00,甲  苯,延炼12万吨/年乙苯/苯乙烯装置
40.97,ST010137,<p>%(m/m)</p>,2025-08-03 08:00:00,乙  苯,延炼12万吨/年乙苯/苯乙烯装置
1.20,ST010137,<p>%(m/m)</p>,2025-08-03 08:00:00,二甲苯,延炼12万吨/年乙苯/苯乙烯装置
0.00,ST010137,<p>%(m/m)</p>,2025-08-03 08:00:00,异丙苯,延炼12万吨/年乙苯/苯乙烯装置
0.00,ST010137,<p>%(m/m)</p>,2025-08-03 08:00:00,正丙苯,延炼12万吨/年乙苯/苯乙烯装置
0.00,ST010137,<p>%(m/m)</p>,2025-08-03 08:00:00,甲乙苯,延炼12万吨/年乙苯/苯乙烯装置
56.23,ST010137,<p>%(m/m)</p>,2025-08-03 08:00:00,苯乙烯,延炼12万吨/年乙苯/苯乙烯装置
0.01,ST010137,<p>%(m/m)</p>,2025-08-03 08:00:00,α甲基苯乙烯,延炼12万吨/年乙苯/苯乙烯装置
0.00,ST010137,<p>%(m/m)</p>,2025-08-03 08:00:00,苯乙炔,延炼12万吨/年乙苯/苯乙烯装置
0.00,ST010137,<p>%(m/m)</p>,2025-08-03 08:00:00,间、对甲基苯乙烯,延炼12万吨/年乙苯/苯乙烯装置
0.13,ST010137,<p>%(m/m)</p>,2025-08-03 08:00:00,其  他,延炼12万吨/年乙苯/苯乙烯装置
0.00,ST010137,<p>%(m/m)</p>,2025-08-03 08:00:00,丙烯基苯,延炼12万吨/年乙苯/苯乙烯装置
0.00,ST010137,<p>%(m/m)</p>,2025-08-03 08:00:00,二氢噻喃,延炼12万吨/年乙苯/苯乙烯装置
0.01,ST010137,<p>%(m/m)</p>,2025-08-03 08:00:00,2-乙烯基噻吩,延炼12万吨/年乙苯/苯乙烯装置
0.08,ST010137,<p>%(m/m)</p>,2025-08-04 08:00:00,非  芳,延炼12万吨/年乙苯/苯乙烯装置
0.44,ST010137,<p>%(m/m)</p>,2025-08-04 08:00:00,苯,延炼12万吨/年乙苯/苯乙烯装置
1.10,ST010137,<p>%(m/m)</p>,2025-08-04 08:00:00,甲  苯,延炼12万吨/年乙苯/苯乙烯装置
40.09,ST010137,<p>%(m/m)</p>,2025-08-04 08:00:00,乙  苯,延炼12万吨/年乙苯/苯乙烯装置
1.17,ST010137,<p>%(m/m)</p>,2025-08-04 08:00:00,二甲苯,延炼12万吨/年乙苯/苯乙烯装置
0.00,ST010137,<p>%(m/m)</p>,2025-08-04 08:00:00,异丙苯,延炼12万吨/年乙苯/苯乙烯装置
0.00,ST010137,<p>%(m/m)</p>,2025-08-04 08:00:00,正丙苯,延炼12万吨/年乙苯/苯乙烯装置
0.00,ST010137,<p>%(m/m)</p>,2025-08-04 08:00:00,甲乙苯,延炼12万吨/年乙苯/苯乙烯装置
56.89,ST010137,<p>%(m/m)</p>,2025-08-04 08:00:00,苯乙烯,延炼12万吨/年乙苯/苯乙烯装置
0.01,ST010137,<p>%(m/m)</p>,2025-08-04 08:00:00,α甲基苯乙烯,延炼12万吨/年乙苯/苯乙烯装置
0.00,ST010137,<p>%(m/m)</p>,2025-08-04 08:00:00,苯乙炔,延炼12万吨/年乙苯/苯乙烯装置
0.00,ST010137,<p>%(m/m)</p>,2025-08-04 08:00:00,间、对甲基苯乙烯,延炼12万吨/年乙苯/苯乙烯装置
0.19,ST010137,<p>%(m/m)</p>,2025-08-04 08:00:00,其  他,延炼12万吨/年乙苯/苯乙烯装置
0.00,ST010137,<p>%(m/m)</p>,2025-08-04 08:00:00,丙烯基苯,延炼12万吨/年乙苯/苯乙烯装置
0.00,ST010137,<p>%(m/m)</p>,2025-08-04 08:00:00,二氢噻喃,延炼12万吨/年乙苯/苯乙烯装置
0.02,ST010137,<p>%(m/m)</p>,2025-08-04 08:00:00,2-乙烯基噻吩,延炼12万吨/年乙苯/苯乙烯装置
0.08,ST010137,<p>%(m/m)</p>,2025-08-05 08:00:00,非  芳,延炼12万吨/年乙苯/苯乙烯装置
0.39,ST010137,<p>%(m/m)</p>,2025-08-05 08:00:00,苯,延炼12万吨/年乙苯/苯乙烯装置
0.97,ST010137,<p>%(m/m)</p>,2025-08-05 08:00:00,甲  苯,延炼12万吨/年乙苯/苯乙烯装置
40.84,ST010137,<p>%(m/m)</p>,2025-08-05 08:00:00,乙  苯,延炼12万吨/年乙苯/苯乙烯装置
1.22,ST010137,<p>%(m/m)</p>,2025-08-05 08:00:00,二甲苯,延炼12万吨/年乙苯/苯乙烯装置
0.00,ST010137,<p>%(m/m)</p>,2025-08-05 08:00:00,异丙苯,延炼12万吨/年乙苯/苯乙烯装置
0.00,ST010137,<p>%(m/m)</p>,2025-08-05 08:00:00,正丙苯,延炼12万吨/年乙苯/苯乙烯装置
0.00,ST010137,<p>%(m/m)</p>,2025-08-05 08:00:00,甲乙苯,延炼12万吨/年乙苯/苯乙烯装置
56.34,ST010137,<p>%(m/m)</p>,2025-08-05 08:00:00,苯乙烯,延炼12万吨/年乙苯/苯乙烯装置
0.01,ST010137,<p>%(m/m)</p>,2025-08-05 08:00:00,α甲基苯乙烯,延炼12万吨/年乙苯/苯乙烯装置
0.00,ST010137,<p>%(m/m)</p>,2025-08-05 08:00:00,苯乙炔,延炼12万吨/年乙苯/苯乙烯装置
0.00,ST010137,<p>%(m/m)</p>,2025-08-05 08:00:00,间、对甲基苯乙烯,延炼12万吨/年乙苯/苯乙烯装置
0.13,ST010137,<p>%(m/m)</p>,2025-08-05 08:00:00,其  他,延炼12万吨/年乙苯/苯乙烯装置
0.00,ST010137,<p>%(m/m)</p>,2025-08-05 08:00:00,丙烯基苯,延炼12万吨/年乙苯/苯乙烯装置
0.00,ST010137,<p>%(m/m)</p>,2025-08-05 08:00:00,二氢噻喃,延炼12万吨/年乙苯/苯乙烯装置
0.02,ST010137,<p>%(m/m)</p>,2025-08-05 08:00:00,2-乙烯基噻吩,延炼12万吨/年乙苯/苯乙烯装置
1.30,ST010137,<p>%(m/m)</p>,2025-08-06 08:00:00,二甲苯,延炼12万吨/年乙苯/苯乙烯装置
0.00,ST010137,<p>%(m/m)</p>,2025-08-06 08:00:00,异丙苯,延炼12万吨/年乙苯/苯乙烯装置
0.00,ST010137,<p>%(m/m)</p>,2025-08-06 08:00:00,正丙苯,延炼12万吨/年乙苯/苯乙烯装置
0.00,ST010137,<p>%(m/m)</p>,2025-08-06 08:00:00,甲乙苯,延炼12万吨/年乙苯/苯乙烯装置
56.82,ST010137,<p>%(m/m)</p>,2025-08-06 08:00:00,苯乙烯,延炼12万吨/年乙苯/苯乙烯装置
0.01,ST010137,<p>%(m/m)</p>,2025-08-06 08:00:00,α甲基苯乙烯,延炼12万吨/年乙苯/苯乙烯装置
0.00,ST010137,<p>%(m/m)</p>,2025-08-06 08:00:00,苯乙炔,延炼12万吨/年乙苯/苯乙烯装置
0.00,ST010137,<p>%(m/m)</p>,2025-08-06 08:00:00,间、对甲基苯乙烯,延炼12万吨/年乙苯/苯乙烯装置
0.13,ST010137,<p>%(m/m)</p>,2025-08-06 08:00:00,其  他,延炼12万吨/年乙苯/苯乙烯装置
0.00,ST010137,<p>%(m/m)</p>,2025-08-06 08:00:00,丙烯基苯,延炼12万吨/年乙苯/苯乙烯装置
0.00,ST010137,<p>%(m/m)</p>,2025-08-06 08:00:00,二氢噻喃,延炼12万吨/年乙苯/苯乙烯装置
0.02,ST010137,<p>%(m/m)</p>,2025-08-06 08:00:00,2-乙烯基噻吩,延炼12万吨/年乙苯/苯乙烯装置
0.08,ST010137,<p>%(m/m)</p>,2025-08-06 08:00:00,非  芳,延炼12万吨/年乙苯/苯乙烯装置
0.40,ST010137,<p>%(m/m)</p>,2025-08-06 08:00:00,苯,延炼12万吨/年乙苯/苯乙烯装置
1.00,ST010137,<p>%(m/m)</p>,2025-08-06 08:00:00,甲  苯,延炼12万吨/年乙苯/苯乙烯装置
40.25,ST010137,<p>%(m/m)</p>,2025-08-06 08:00:00,乙  苯,延炼12万吨/年乙苯/苯乙烯装置
0.08,ST010137,<p>%(m/m)</p>,2025-08-07 08:00:00,非  芳,延炼12万吨/年乙苯/苯乙烯装置
0.38,ST010137,<p>%(m/m)</p>,2025-08-07 08:00:00,苯,延炼12万吨/年乙苯/苯乙烯装置
0.95,ST010137,<p>%(m/m)</p>,2025-08-07 08:00:00,甲  苯,延炼12万吨/年乙苯/苯乙烯装置
41.13,ST010137,<p>%(m/m)</p>,2025-08-07 08:00:00,乙  苯,延炼12万吨/年乙苯/苯乙烯装置
1.28,ST010137,<p>%(m/m)</p>,2025-08-07 08:00:00,二甲苯,延炼12万吨/年乙苯/苯乙烯装置
0.00,ST010137,<p>%(m/m)</p>,2025-08-07 08:00:00,异丙苯,延炼12万吨/年乙苯/苯乙烯装置
0.00,ST010137,<p>%(m/m)</p>,2025-08-07 08:00:00,正丙苯,延炼12万吨/年乙苯/苯乙烯装置
0.00,ST010137,<p>%(m/m)</p>,2025-08-07 08:00:00,甲乙苯,延炼12万吨/年乙苯/苯乙烯装置
55.91,ST010137,<p>%(m/m)</p>,2025-08-07 08:00:00,苯乙烯,延炼12万吨/年乙苯/苯乙烯装置
0.01,ST010137,<p>%(m/m)</p>,2025-08-07 08:00:00,α甲基苯乙烯,延炼12万吨/年乙苯/苯乙烯装置
0.00,ST010137,<p>%(m/m)</p>,2025-08-07 08:00:00,苯乙炔,延炼12万吨/年乙苯/苯乙烯装置
0.00,ST010137,<p>%(m/m)</p>,2025-08-07 08:00:00,间、对甲基苯乙烯,延炼12万吨/年乙苯/苯乙烯装置
0.22,ST010137,<p>%(m/m)</p>,2025-08-07 08:00:00,其  他,延炼12万吨/年乙苯/苯乙烯装置
0.007,ST010137,<p>%(m/m)</p>,2025-08-07 08:00:00,二乙基苯,延炼12万吨/年乙苯/苯乙烯装置
0.00,ST010137,<p>%(m/m)</p>,2025-08-07 08:00:00,丙烯基苯,延炼12万吨/年乙苯/苯乙烯装置
0.00,ST010137,<p>%(m/m)</p>,2025-08-07 08:00:00,二氢噻喃,延炼12万吨/年乙苯/苯乙烯装置
0.02,ST010137,<p>%(m/m)</p>,2025-08-07 08:00:00,2-乙烯基噻吩,延炼12万吨/年乙苯/苯乙烯装置
0.08,ST010137,<p>%(m/m)</p>,2025-08-08 08:00:00,非  芳,延炼12万吨/年乙苯/苯乙烯装置
0.38,ST010137,<p>%(m/m)</p>,2025-08-08 08:00:00,苯,延炼12万吨/年乙苯/苯乙烯装置
0.95,ST010137,<p>%(m/m)</p>,2025-08-08 08:00:00,甲  苯,延炼12万吨/年乙苯/苯乙烯装置
41.39,ST010137,<p>%(m/m)</p>,2025-08-08 08:00:00,乙  苯,延炼12万吨/年乙苯/苯乙烯装置
1.30,ST010137,<p>%(m/m)</p>,2025-08-08 08:00:00,二甲苯,延炼12万吨/年乙苯/苯乙烯装置
0.00,ST010137,<p>%(m/m)</p>,2025-08-08 08:00:00,异丙苯,延炼12万吨/年乙苯/苯乙烯装置
0.00,ST010137,<p>%(m/m)</p>,2025-08-08 08:00:00,正丙苯,延炼12万吨/年乙苯/苯乙烯装置
0.00,ST010137,<p>%(m/m)</p>,2025-08-08 08:00:00,甲乙苯,延炼12万吨/年乙苯/苯乙烯装置
55.70,ST010137,<p>%(m/m)</p>,2025-08-08 08:00:00,苯乙烯,延炼12万吨/年乙苯/苯乙烯装置
0.01,ST010137,<p>%(m/m)</p>,2025-08-08 08:00:00,α甲基苯乙烯,延炼12万吨/年乙苯/苯乙烯装置
0.00,ST010137,<p>%(m/m)</p>,2025-08-08 08:00:00,苯乙炔,延炼12万吨/年乙苯/苯乙烯装置
0.00,ST010137,<p>%(m/m)</p>,2025-08-08 08:00:00,间、对甲基苯乙烯,延炼12万吨/年乙苯/苯乙烯装置
0.18,ST010137,<p>%(m/m)</p>,2025-08-08 08:00:00,其  他,延炼12万吨/年乙苯/苯乙烯装置
0.00,ST010137,<p>%(m/m)</p>,2025-08-08 08:00:00,丙烯基苯,延炼12万吨/年乙苯/苯乙烯装置
0.00,ST010137,<p>%(m/m)</p>,2025-08-08 08:00:00,二氢噻喃,延炼12万吨/年乙苯/苯乙烯装置
0.01,ST010137,<p>%(m/m)</p>,2025-08-08 08:00:00,2-乙烯基噻吩,延炼12万吨/年乙苯/苯乙烯装置
0.08,ST010137,<p>%(m/m)</p>,2025-08-09 08:00:00,非  芳,延炼12万吨/年乙苯/苯乙烯装置
0.37,ST010137,<p>%(m/m)</p>,2025-08-09 08:00:00,苯,延炼12万吨/年乙苯/苯乙烯装置
0.97,ST010137,<p>%(m/m)</p>,2025-08-09 08:00:00,甲  苯,延炼12万吨/年乙苯/苯乙烯装置
41.30,ST010137,<p>%(m/m)</p>,2025-08-09 08:00:00,乙  苯,延炼12万吨/年乙苯/苯乙烯装置
1.40,ST010137,<p>%(m/m)</p>,2025-08-09 08:00:00,二甲苯,延炼12万吨/年乙苯/苯乙烯装置
0.00,ST010137,<p>%(m/m)</p>,2025-08-09 08:00:00,异丙苯,延炼12万吨/年乙苯/苯乙烯装置
0.00,ST010137,<p>%(m/m)</p>,2025-08-09 08:00:00,正丙苯,延炼12万吨/年乙苯/苯乙烯装置
0.00,ST010137,<p>%(m/m)</p>,2025-08-09 08:00:00,甲乙苯,延炼12万吨/年乙苯/苯乙烯装置
55.73,ST010137,<p>%(m/m)</p>,2025-08-09 08:00:00,苯乙烯,延炼12万吨/年乙苯/苯乙烯装置
0.01,ST010137,<p>%(m/m)</p>,2025-08-09 08:00:00,α甲基苯乙烯,延炼12万吨/年乙苯/苯乙烯装置
0.00,ST010137,<p>%(m/m)</p>,2025-08-09 08:00:00,苯乙炔,延炼12万吨/年乙苯/苯乙烯装置
0.00,ST010137,<p>%(m/m)</p>,2025-08-09 08:00:00,间、对甲基苯乙烯,延炼12万吨/年乙苯/苯乙烯装置
0.12,ST010137,<p>%(m/m)</p>,2025-08-09 08:00:00,其  他,延炼12万吨/年乙苯/苯乙烯装置
0.00,ST010137,<p>%(m/m)</p>,2025-08-09 08:00:00,丙烯基苯,延炼12万吨/年乙苯/苯乙烯装置
0.00,ST010137,<p>%(m/m)</p>,2025-08-09 08:00:00,二氢噻喃,延炼12万吨/年乙苯/苯乙烯装置
0.01,ST010137,<p>%(m/m)</p>,2025-08-09 08:00:00,2-乙烯基噻吩,延炼12万吨/年乙苯/苯乙烯装置
0.08,ST010137,<p>%(m/m)</p>,2025-08-10 08:00:00,非  芳,延炼12万吨/年乙苯/苯乙烯装置
0.38,ST010137,<p>%(m/m)</p>,2025-08-10 08:00:00,苯,延炼12万吨/年乙苯/苯乙烯装置
0.97,ST010137,<p>%(m/m)</p>,2025-08-10 08:00:00,甲  苯,延炼12万吨/年乙苯/苯乙烯装置
40.67,ST010137,<p>%(m/m)</p>,2025-08-10 08:00:00,乙  苯,延炼12万吨/年乙苯/苯乙烯装置
1.51,ST010137,<p>%(m/m)</p>,2025-08-10 08:00:00,二甲苯,延炼12万吨/年乙苯/苯乙烯装置
0.00,ST010137,<p>%(m/m)</p>,2025-08-10 08:00:00,异丙苯,延炼12万吨/年乙苯/苯乙烯装置
0.00,ST010137,<p>%(m/m)</p>,2025-08-10 08:00:00,正丙苯,延炼12万吨/年乙苯/苯乙烯装置
0.00,ST010137,<p>%(m/m)</p>,2025-08-10 08:00:00,甲乙苯,延炼12万吨/年乙苯/苯乙烯装置
56.24,ST010137,<p>%(m/m)</p>,2025-08-10 08:00:00,苯乙烯,延炼12万吨/年乙苯/苯乙烯装置
0.01,ST010137,<p>%(m/m)</p>,2025-08-10 08:00:00,α甲基苯乙烯,延炼12万吨/年乙苯/苯乙烯装置
0.00,ST010137,<p>%(m/m)</p>,2025-08-10 08:00:00,苯乙炔,延炼12万吨/年乙苯/苯乙烯装置
0.00,ST010137,<p>%(m/m)</p>,2025-08-10 08:00:00,间、对甲基苯乙烯,延炼12万吨/年乙苯/苯乙烯装置
0.12,ST010137,<p>%(m/m)</p>,2025-08-10 08:00:00,其  他,延炼12万吨/年乙苯/苯乙烯装置
0.00,ST010137,<p>%(m/m)</p>,2025-08-10 08:00:00,丙烯基苯,延炼12万吨/年乙苯/苯乙烯装置
0.00,ST010137,<p>%(m/m)</p>,2025-08-10 08:00:00,二氢噻喃,延炼12万吨/年乙苯/苯乙烯装置
0.02,ST010137,<p>%(m/m)</p>,2025-08-10 08:00:00,2-乙烯基噻吩,延炼12万吨/年乙苯/苯乙烯装置
1.28,ST010137,<p>%(m/m)</p>,2025-08-11 08:00:00,二甲苯,延炼12万吨/年乙苯/苯乙烯装置
0.00,ST010137,<p>%(m/m)</p>,2025-08-11 08:00:00,异丙苯,延炼12万吨/年乙苯/苯乙烯装置
0.00,ST010137,<p>%(m/m)</p>,2025-08-11 08:00:00,正丙苯,延炼12万吨/年乙苯/苯乙烯装置
0.00,ST010137,<p>%(m/m)</p>,2025-08-11 08:00:00,甲乙苯,延炼12万吨/年乙苯/苯乙烯装置
56.41,ST010137,<p>%(m/m)</p>,2025-08-11 08:00:00,苯乙烯,延炼12万吨/年乙苯/苯乙烯装置
0.01,ST010137,<p>%(m/m)</p>,2025-08-11 08:00:00,α甲基苯乙烯,延炼12万吨/年乙苯/苯乙烯装置
0.00,ST010137,<p>%(m/m)</p>,2025-08-11 08:00:00,苯乙炔,延炼12万吨/年乙苯/苯乙烯装置
0.00,ST010137,<p>%(m/m)</p>,2025-08-11 08:00:00,间、对甲基苯乙烯,延炼12万吨/年乙苯/苯乙烯装置
0.15,ST010137,<p>%(m/m)</p>,2025-08-11 08:00:00,其  他,延炼12万吨/年乙苯/苯乙烯装置
0.00,ST010137,<p>%(m/m)</p>,2025-08-11 08:00:00,丙烯基苯,延炼12万吨/年乙苯/苯乙烯装置
0.00,ST010137,<p>%(m/m)</p>,2025-08-11 08:00:00,二氢噻喃,延炼12万吨/年乙苯/苯乙烯装置
0.02,ST010137,<p>%(m/m)</p>,2025-08-11 08:00:00,2-乙烯基噻吩,延炼12万吨/年乙苯/苯乙烯装置
0.08,ST010137,<p>%(m/m)</p>,2025-08-11 08:00:00,非  芳,延炼12万吨/年乙苯/苯乙烯装置
0.39,ST010137,<p>%(m/m)</p>,2025-08-11 08:00:00,苯,延炼12万吨/年乙苯/苯乙烯装置
0.95,ST010137,<p>%(m/m)</p>,2025-08-11 08:00:00,甲  苯,延炼12万吨/年乙苯/苯乙烯装置
40.71,ST010137,<p>%(m/m)</p>,2025-08-11 08:00:00,乙  苯,延炼12万吨/年乙苯/苯乙烯装置
0.08,ST010137,<p>%(m/m)</p>,2025-08-12 08:00:00,非  芳,延炼12万吨/年乙苯/苯乙烯装置
0.37,ST010137,<p>%(m/m)</p>,2025-08-12 08:00:00,苯,延炼12万吨/年乙苯/苯乙烯装置
0.91,ST010137,<p>%(m/m)</p>,2025-08-12 08:00:00,甲  苯,延炼12万吨/年乙苯/苯乙烯装置
41.30,ST010137,<p>%(m/m)</p>,2025-08-12 08:00:00,乙  苯,延炼12万吨/年乙苯/苯乙烯装置
1.29,ST010137,<p>%(m/m)</p>,2025-08-12 08:00:00,二甲苯,延炼12万吨/年乙苯/苯乙烯装置
0.00,ST010137,<p>%(m/m)</p>,2025-08-12 08:00:00,异丙苯,延炼12万吨/年乙苯/苯乙烯装置
0.00,ST010137,<p>%(m/m)</p>,2025-08-12 08:00:00,正丙苯,延炼12万吨/年乙苯/苯乙烯装置
0.00,ST010137,<p>%(m/m)</p>,2025-08-12 08:00:00,甲乙苯,延炼12万吨/年乙苯/苯乙烯装置
55.89,ST010137,<p>%(m/m)</p>,2025-08-12 08:00:00,苯乙烯,延炼12万吨/年乙苯/苯乙烯装置
0.01,ST010137,<p>%(m/m)</p>,2025-08-12 08:00:00,α甲基苯乙烯,延炼12万吨/年乙苯/苯乙烯装置
0.00,ST010137,<p>%(m/m)</p>,2025-08-12 08:00:00,苯乙炔,延炼12万吨/年乙苯/苯乙烯装置
0.00,ST010137,<p>%(m/m)</p>,2025-08-12 08:00:00,间、对甲基苯乙烯,延炼12万吨/年乙苯/苯乙烯装置
0.13,ST010137,<p>%(m/m)</p>,2025-08-12 08:00:00,其  他,延炼12万吨/年乙苯/苯乙烯装置
0.00,ST010137,<p>%(m/m)</p>,2025-08-12 08:00:00,丙烯基苯,延炼12万吨/年乙苯/苯乙烯装置
0.00,ST010137,<p>%(m/m)</p>,2025-08-12 08:00:00,二氢噻喃,延炼12万吨/年乙苯/苯乙烯装置
0.02,ST010137,<p>%(m/m)</p>,2025-08-12 08:00:00,2-乙烯基噻吩,延炼12万吨/年乙苯/苯乙烯装置
0.00,ST010137,<p>%(m/m)</p>,2025-08-13 08:00:00,丙烯基苯,延炼12万吨/年乙苯/苯乙烯装置
0.00,ST010137,<p>%(m/m)</p>,2025-08-13 08:00:00,二氢噻喃,延炼12万吨/年乙苯/苯乙烯装置
0.02,ST010137,<p>%(m/m)</p>,2025-08-13 08:00:00,2-乙烯基噻吩,延炼12万吨/年乙苯/苯乙烯装置
0.07,ST010137,<p>%(m/m)</p>,2025-08-13 08:00:00,非  芳,延炼12万吨/年乙苯/苯乙烯装置
0.43,ST010137,<p>%(m/m)</p>,2025-08-13 08:00:00,苯,延炼12万吨/年乙苯/苯乙烯装置
0.33,ST010137,<p>%(m/m)</p>,2025-08-13 08:00:00,甲  苯,延炼12万吨/年乙苯/苯乙烯装置
41.21,ST010137,<p>%(m/m)</p>,2025-08-13 08:00:00,乙  苯,延炼12万吨/年乙苯/苯乙烯装置
1.31,ST010137,<p>%(m/m)</p>,2025-08-13 08:00:00,二甲苯,延炼12万吨/年乙苯/苯乙烯装置
0.00,ST010137,<p>%(m/m)</p>,2025-08-13 08:00:00,异丙苯,延炼12万吨/年乙苯/苯乙烯装置
0.00,ST010137,<p>%(m/m)</p>,2025-08-13 08:00:00,正丙苯,延炼12万吨/年乙苯/苯乙烯装置
0.00,ST010137,<p>%(m/m)</p>,2025-08-13 08:00:00,甲乙苯,延炼12万吨/年乙苯/苯乙烯装置
56.42,ST010137,<p>%(m/m)</p>,2025-08-13 08:00:00,苯乙烯,延炼12万吨/年乙苯/苯乙烯装置
0.01,ST010137,<p>%(m/m)</p>,2025-08-13 08:00:00,α甲基苯乙烯,延炼12万吨/年乙苯/苯乙烯装置
0.00,ST010137,<p>%(m/m)</p>,2025-08-13 08:00:00,苯乙炔,延炼12万吨/年乙苯/苯乙烯装置
0.00,ST010137,<p>%(m/m)</p>,2025-08-13 08:00:00,间、对甲基苯乙烯,延炼12万吨/年乙苯/苯乙烯装置
0.19,ST010137,<p>%(m/m)</p>,2025-08-13 08:00:00,其  他,延炼12万吨/年乙苯/苯乙烯装置
0.07,ST010137,<p>%(m/m)</p>,2025-08-14 08:00:00,非  芳,延炼12万吨/年乙苯/苯乙烯装置
0.44,ST010137,<p>%(m/m)</p>,2025-08-14 08:00:00,苯,延炼12万吨/年乙苯/苯乙烯装置
1.15,ST010137,<p>%(m/m)</p>,2025-08-14 08:00:00,甲  苯,延炼12万吨/年乙苯/苯乙烯装置
40.26,ST010137,<p>%(m/m)</p>,2025-08-14 08:00:00,乙  苯,延炼12万吨/年乙苯/苯乙烯装置
1.22,ST010137,<p>%(m/m)</p>,2025-08-14 08:00:00,二甲苯,延炼12万吨/年乙苯/苯乙烯装置
0.00,ST010137,<p>%(m/m)</p>,2025-08-14 08:00:00,异丙苯,延炼12万吨/年乙苯/苯乙烯装置
0.00,ST010137,<p>%(m/m)</p>,2025-08-14 08:00:00,正丙苯,延炼12万吨/年乙苯/苯乙烯装置
0.00,ST010137,<p>%(m/m)</p>,2025-08-14 08:00:00,甲乙苯,延炼12万吨/年乙苯/苯乙烯装置
56.52,ST010137,<p>%(m/m)</p>,2025-08-14 08:00:00,苯乙烯,延炼12万吨/年乙苯/苯乙烯装置
0.01,ST010137,<p>%(m/m)</p>,2025-08-14 08:00:00,α甲基苯乙烯,延炼12万吨/年乙苯/苯乙烯装置
0.00,ST010137,<p>%(m/m)</p>,2025-08-14 08:00:00,苯乙炔,延炼12万吨/年乙苯/苯乙烯装置
0.00,ST010137,<p>%(m/m)</p>,2025-08-14 08:00:00,间、对甲基苯乙烯,延炼12万吨/年乙苯/苯乙烯装置
0.29,ST010137,<p>%(m/m)</p>,2025-08-14 08:00:00,其  他,延炼12万吨/年乙苯/苯乙烯装置
0.002,ST010137,<p>%(m/m)</p>,2025-08-14 08:00:00,二乙基苯,延炼12万吨/年乙苯/苯乙烯装置
0.00,ST010137,<p>%(m/m)</p>,2025-08-14 08:00:00,丙烯基苯,延炼12万吨/年乙苯/苯乙烯装置
0.00,ST010137,<p>%(m/m)</p>,2025-08-14 08:00:00,二氢噻喃,延炼12万吨/年乙苯/苯乙烯装置
0.02,ST010137,<p>%(m/m)</p>,2025-08-14 08:00:00,2-乙烯基噻吩,延炼12万吨/年乙苯/苯乙烯装置
0.08,ST010137,<p>%(m/m)</p>,2025-08-15 08:00:00,非  芳,延炼12万吨/年乙苯/苯乙烯装置
0.62,ST010137,<p>%(m/m)</p>,2025-08-15 08:00:00,苯,延炼12万吨/年乙苯/苯乙烯装置
1.47,ST010137,<p>%(m/m)</p>,2025-08-15 08:00:00,甲  苯,延炼12万吨/年乙苯/苯乙烯装置
39.76,ST010137,<p>%(m/m)</p>,2025-08-15 08:00:00,乙  苯,延炼12万吨/年乙苯/苯乙烯装置
1.32,ST010137,<p>%(m/m)</p>,2025-08-15 08:00:00,二甲苯,延炼12万吨/年乙苯/苯乙烯装置
0.00,ST010137,<p>%(m/m)</p>,2025-08-15 08:00:00,异丙苯,延炼12万吨/年乙苯/苯乙烯装置
0.00,ST010137,<p>%(m/m)</p>,2025-08-15 08:00:00,正丙苯,延炼12万吨/年乙苯/苯乙烯装置
0.00,ST010137,<p>%(m/m)</p>,2025-08-15 08:00:00,甲乙苯,延炼12万吨/年乙苯/苯乙烯装置
56.21,ST010137,<p>%(m/m)</p>,2025-08-15 08:00:00,苯乙烯,延炼12万吨/年乙苯/苯乙烯装置
0.01,ST010137,<p>%(m/m)</p>,2025-08-15 08:00:00,α甲基苯乙烯,延炼12万吨/年乙苯/苯乙烯装置
0.00,ST010137,<p>%(m/m)</p>,2025-08-15 08:00:00,苯乙炔,延炼12万吨/年乙苯/苯乙烯装置
0.00,ST010137,<p>%(m/m)</p>,2025-08-15 08:00:00,间、对甲基苯乙烯,延炼12万吨/年乙苯/苯乙烯装置
0.49,ST010137,<p>%(m/m)</p>,2025-08-15 08:00:00,其  他,延炼12万吨/年乙苯/苯乙烯装置
0.00,ST010137,<p>%(m/m)</p>,2025-08-15 08:00:00,丙烯基苯,延炼12万吨/年乙苯/苯乙烯装置
0.00,ST010137,<p>%(m/m)</p>,2025-08-15 08:00:00,二氢噻喃,延炼12万吨/年乙苯/苯乙烯装置
0.02,ST010137,<p>%(m/m)</p>,2025-08-15 08:00:00,2-乙烯基噻吩,延炼12万吨/年乙苯/苯乙烯装置
0.07,ST010137,<p>%(m/m)</p>,2025-08-16 08:00:00,非  芳,延炼12万吨/年乙苯/苯乙烯装置
0.43,ST010137,<p>%(m/m)</p>,2025-08-16 08:00:00,苯,延炼12万吨/年乙苯/苯乙烯装置
1.04,ST010137,<p>%(m/m)</p>,2025-08-16 08:00:00,甲  苯,延炼12万吨/年乙苯/苯乙烯装置
38.55,ST010137,<p>%(m/m)</p>,2025-08-16 08:00:00,乙  苯,延炼12万吨/年乙苯/苯乙烯装置
1.28,ST010137,<p>%(m/m)</p>,2025-08-16 08:00:00,二甲苯,延炼12万吨/年乙苯/苯乙烯装置
0.00,ST010137,<p>%(m/m)</p>,2025-08-16 08:00:00,异丙苯,延炼12万吨/年乙苯/苯乙烯装置
0.00,ST010137,<p>%(m/m)</p>,2025-08-16 08:00:00,正丙苯,延炼12万吨/年乙苯/苯乙烯装置
0.00,ST010137,<p>%(m/m)</p>,2025-08-16 08:00:00,甲乙苯,延炼12万吨/年乙苯/苯乙烯装置
57.61,ST010137,<p>%(m/m)</p>,2025-08-16 08:00:00,苯乙烯,延炼12万吨/年乙苯/苯乙烯装置
0.01,ST010137,<p>%(m/m)</p>,2025-08-16 08:00:00,α甲基苯乙烯,延炼12万吨/年乙苯/苯乙烯装置
0.00,ST010137,<p>%(m/m)</p>,2025-08-16 08:00:00,苯乙炔,延炼12万吨/年乙苯/苯乙烯装置
0.00,ST010137,<p>%(m/m)</p>,2025-08-16 08:00:00,间、对甲基苯乙烯,延炼12万吨/年乙苯/苯乙烯装置
0.99,ST010137,<p>%(m/m)</p>,2025-08-16 08:00:00,其  他,延炼12万吨/年乙苯/苯乙烯装置
0.00,ST010137,<p>%(m/m)</p>,2025-08-16 08:00:00,丙烯基苯,延炼12万吨/年乙苯/苯乙烯装置
0.00,ST010137,<p>%(m/m)</p>,2025-08-16 08:00:00,二氢噻喃,延炼12万吨/年乙苯/苯乙烯装置
0.02,ST010137,<p>%(m/m)</p>,2025-08-16 08:00:00,2-乙烯基噻吩,延炼12万吨/年乙苯/苯乙烯装置
0.07,ST010137,<p>%(m/m)</p>,2025-08-17 08:00:00,非  芳,延炼12万吨/年乙苯/苯乙烯装置
0.43,ST010137,<p>%(m/m)</p>,2025-08-17 08:00:00,苯,延炼12万吨/年乙苯/苯乙烯装置
1.03,ST010137,<p>%(m/m)</p>,2025-08-17 08:00:00,甲  苯,延炼12万吨/年乙苯/苯乙烯装置
38.58,ST010137,<p>%(m/m)</p>,2025-08-17 08:00:00,乙  苯,延炼12万吨/年乙苯/苯乙烯装置
1.28,ST010137,<p>%(m/m)</p>,2025-08-17 08:00:00,二甲苯,延炼12万吨/年乙苯/苯乙烯装置
0.00,ST010137,<p>%(m/m)</p>,2025-08-17 08:00:00,异丙苯,延炼12万吨/年乙苯/苯乙烯装置
0.00,ST010137,<p>%(m/m)</p>,2025-08-17 08:00:00,正丙苯,延炼12万吨/年乙苯/苯乙烯装置
0.00,ST010137,<p>%(m/m)</p>,2025-08-17 08:00:00,甲乙苯,延炼12万吨/年乙苯/苯乙烯装置
58.33,ST010137,<p>%(m/m)</p>,2025-08-17 08:00:00,苯乙烯,延炼12万吨/年乙苯/苯乙烯装置
0.02,ST010137,<p>%(m/m)</p>,2025-08-17 08:00:00,α甲基苯乙烯,延炼12万吨/年乙苯/苯乙烯装置
0.00,ST010137,<p>%(m/m)</p>,2025-08-17 08:00:00,苯乙炔,延炼12万吨/年乙苯/苯乙烯装置
0.00,ST010137,<p>%(m/m)</p>,2025-08-17 08:00:00,间、对甲基苯乙烯,延炼12万吨/年乙苯/苯乙烯装置
0.24,ST010137,<p>%(m/m)</p>,2025-08-17 08:00:00,其  他,延炼12万吨/年乙苯/苯乙烯装置
0.00,ST010137,<p>%(m/m)</p>,2025-08-17 08:00:00,丙烯基苯,延炼12万吨/年乙苯/苯乙烯装置
0.00,ST010137,<p>%(m/m)</p>,2025-08-17 08:00:00,二氢噻喃,延炼12万吨/年乙苯/苯乙烯装置
0.02,ST010137,<p>%(m/m)</p>,2025-08-17 08:00:00,2-乙烯基噻吩,延炼12万吨/年乙苯/苯乙烯装置
0.07,ST010137,<p>%(m/m)</p>,2025-08-18 08:00:00,非  芳,延炼12万吨/年乙苯/苯乙烯装置
0.44,ST010137,<p>%(m/m)</p>,2025-08-18 08:00:00,苯,延炼12万吨/年乙苯/苯乙烯装置
1.05,ST010137,<p>%(m/m)</p>,2025-08-18 08:00:00,甲  苯,延炼12万吨/年乙苯/苯乙烯装置
38.80,ST010137,<p>%(m/m)</p>,2025-08-18 08:00:00,乙  苯,延炼12万吨/年乙苯/苯乙烯装置
1.27,ST010137,<p>%(m/m)</p>,2025-08-18 08:00:00,二甲苯,延炼12万吨/年乙苯/苯乙烯装置
0.00,ST010137,<p>%(m/m)</p>,2025-08-18 08:00:00,异丙苯,延炼12万吨/年乙苯/苯乙烯装置
0.00,ST010137,<p>%(m/m)</p>,2025-08-18 08:00:00,正丙苯,延炼12万吨/年乙苯/苯乙烯装置
0.00,ST010137,<p>%(m/m)</p>,2025-08-18 08:00:00,甲乙苯,延炼12万吨/年乙苯/苯乙烯装置
58.19,ST010137,<p>%(m/m)</p>,2025-08-18 08:00:00,苯乙烯,延炼12万吨/年乙苯/苯乙烯装置
0.02,ST010137,<p>%(m/m)</p>,2025-08-18 08:00:00,α甲基苯乙烯,延炼12万吨/年乙苯/苯乙烯装置
0.00,ST010137,<p>%(m/m)</p>,2025-08-18 08:00:00,苯乙炔,延炼12万吨/年乙苯/苯乙烯装置
0.00,ST010137,<p>%(m/m)</p>,2025-08-18 08:00:00,间、对甲基苯乙烯,延炼12万吨/年乙苯/苯乙烯装置
0.15,ST010137,<p>%(m/m)</p>,2025-08-18 08:00:00,其  他,延炼12万吨/年乙苯/苯乙烯装置
0.00,ST010137,<p>%(m/m)</p>,2025-08-18 08:00:00,丙烯基苯,延炼12万吨/年乙苯/苯乙烯装置
0.00,ST010137,<p>%(m/m)</p>,2025-08-18 08:00:00,二氢噻喃,延炼12万吨/年乙苯/苯乙烯装置
0.01,ST010137,<p>%(m/m)</p>,2025-08-18 08:00:00,2-乙烯基噻吩,延炼12万吨/年乙苯/苯乙烯装置
0.07,ST010137,<p>%(m/m)</p>,2025-08-19 08:00:00,非  芳,延炼12万吨/年乙苯/苯乙烯装置
0.38,ST010137,<p>%(m/m)</p>,2025-08-19 08:00:00,苯,延炼12万吨/年乙苯/苯乙烯装置
0.96,ST010137,<p>%(m/m)</p>,2025-08-19 08:00:00,甲  苯,延炼12万吨/年乙苯/苯乙烯装置
40.43,ST010137,<p>%(m/m)</p>,2025-08-19 08:00:00,乙  苯,延炼12万吨/年乙苯/苯乙烯装置
0.81,ST010137,<p>%(m/m)</p>,2025-08-19 08:00:00,二甲苯,延炼12万吨/年乙苯/苯乙烯装置
0.00,ST010137,<p>%(m/m)</p>,2025-08-19 08:00:00,异丙苯,延炼12万吨/年乙苯/苯乙烯装置
0.00,ST010137,<p>%(m/m)</p>,2025-08-19 08:00:00,正丙苯,延炼12万吨/年乙苯/苯乙烯装置
0.00,ST010137,<p>%(m/m)</p>,2025-08-19 08:00:00,甲乙苯,延炼12万吨/年乙苯/苯乙烯装置
57.18,ST010137,<p>%(m/m)</p>,2025-08-19 08:00:00,苯乙烯,延炼12万吨/年乙苯/苯乙烯装置
0.01,ST010137,<p>%(m/m)</p>,2025-08-19 08:00:00,α甲基苯乙烯,延炼12万吨/年乙苯/苯乙烯装置
0.00,ST010137,<p>%(m/m)</p>,2025-08-19 08:00:00,苯乙炔,延炼12万吨/年乙苯/苯乙烯装置
0.00,ST010137,<p>%(m/m)</p>,2025-08-19 08:00:00,间、对甲基苯乙烯,延炼12万吨/年乙苯/苯乙烯装置
0.15,ST010137,<p>%(m/m)</p>,2025-08-19 08:00:00,其  他,延炼12万吨/年乙苯/苯乙烯装置
0.00,ST010137,<p>%(m/m)</p>,2025-08-19 08:00:00,丙烯基苯,延炼12万吨/年乙苯/苯乙烯装置
0.00,ST010137,<p>%(m/m)</p>,2025-08-19 08:00:00,二氢噻喃,延炼12万吨/年乙苯/苯乙烯装置
0.01,ST010137,<p>%(m/m)</p>,2025-08-19 08:00:00,2-乙烯基噻吩,延炼12万吨/年乙苯/苯乙烯装置
0.07,ST010137,<p>%(m/m)</p>,2025-08-20 08:00:00,非  芳,延炼12万吨/年乙苯/苯乙烯装置
0.38,ST010137,<p>%(m/m)</p>,2025-08-20 08:00:00,苯,延炼12万吨/年乙苯/苯乙烯装置
0.98,ST010137,<p>%(m/m)</p>,2025-08-20 08:00:00,甲  苯,延炼12万吨/年乙苯/苯乙烯装置
40.40,ST010137,<p>%(m/m)</p>,2025-08-20 08:00:00,乙  苯,延炼12万吨/年乙苯/苯乙烯装置
1.30,ST010137,<p>%(m/m)</p>,2025-08-20 08:00:00,二甲苯,延炼12万吨/年乙苯/苯乙烯装置
0.00,ST010137,<p>%(m/m)</p>,2025-08-20 08:00:00,异丙苯,延炼12万吨/年乙苯/苯乙烯装置
0.00,ST010137,<p>%(m/m)</p>,2025-08-20 08:00:00,正丙苯,延炼12万吨/年乙苯/苯乙烯装置
0.00,ST010137,<p>%(m/m)</p>,2025-08-20 08:00:00,甲乙苯,延炼12万吨/年乙苯/苯乙烯装置
56.70,ST010137,<p>%(m/m)</p>,2025-08-20 08:00:00,苯乙烯,延炼12万吨/年乙苯/苯乙烯装置
0.01,ST010137,<p>%(m/m)</p>,2025-08-20 08:00:00,α甲基苯乙烯,延炼12万吨/年乙苯/苯乙烯装置
0.00,ST010137,<p>%(m/m)</p>,2025-08-20 08:00:00,苯乙炔,延炼12万吨/年乙苯/苯乙烯装置
0.00,ST010137,<p>%(m/m)</p>,2025-08-20 08:00:00,间、对甲基苯乙烯,延炼12万吨/年乙苯/苯乙烯装置
0.15,ST010137,<p>%(m/m)</p>,2025-08-20 08:00:00,其  他,延炼12万吨/年乙苯/苯乙烯装置
0.00,ST010137,<p>%(m/m)</p>,2025-08-20 08:00:00,丙烯基苯,延炼12万吨/年乙苯/苯乙烯装置
0.00,ST010137,<p>%(m/m)</p>,2025-08-20 08:00:00,二氢噻喃,延炼12万吨/年乙苯/苯乙烯装置
0.01,ST010137,<p>%(m/m)</p>,2025-08-20 08:00:00,2-乙烯基噻吩,延炼12万吨/年乙苯/苯乙烯装置
0.07,ST010137,<p>%(m/m)</p>,2025-08-21 08:00:00,非  芳,延炼12万吨/年乙苯/苯乙烯装置
0.48,ST010137,<p>%(m/m)</p>,2025-08-21 08:00:00,苯,延炼12万吨/年乙苯/苯乙烯装置
1.12,ST010137,<p>%(m/m)</p>,2025-08-21 08:00:00,甲  苯,延炼12万吨/年乙苯/苯乙烯装置
39.73,ST010137,<p>%(m/m)</p>,2025-08-21 08:00:00,乙  苯,延炼12万吨/年乙苯/苯乙烯装置
1.31,ST010137,<p>%(m/m)</p>,2025-08-21 08:00:00,二甲苯,延炼12万吨/年乙苯/苯乙烯装置
0.00,ST010137,<p>%(m/m)</p>,2025-08-21 08:00:00,异丙苯,延炼12万吨/年乙苯/苯乙烯装置
0.00,ST010137,<p>%(m/m)</p>,2025-08-21 08:00:00,正丙苯,延炼12万吨/年乙苯/苯乙烯装置
0.00,ST010137,<p>%(m/m)</p>,2025-08-21 08:00:00,甲乙苯,延炼12万吨/年乙苯/苯乙烯装置
57.13,ST010137,<p>%(m/m)</p>,2025-08-21 08:00:00,苯乙烯,延炼12万吨/年乙苯/苯乙烯装置
0.02,ST010137,<p>%(m/m)</p>,2025-08-21 08:00:00,α甲基苯乙烯,延炼12万吨/年乙苯/苯乙烯装置
0.00,ST010137,<p>%(m/m)</p>,2025-08-21 08:00:00,苯乙炔,延炼12万吨/年乙苯/苯乙烯装置
0.00,ST010137,<p>%(m/m)</p>,2025-08-21 08:00:00,间、对甲基苯乙烯,延炼12万吨/年乙苯/苯乙烯装置
0.13,ST010137,<p>%(m/m)</p>,2025-08-21 08:00:00,其  他,延炼12万吨/年乙苯/苯乙烯装置
0.004,ST010137,<p>%(m/m)</p>,2025-08-21 08:00:00,二乙基苯,延炼12万吨/年乙苯/苯乙烯装置
0.00,ST010137,<p>%(m/m)</p>,2025-08-21 08:00:00,丙烯基苯,延炼12万吨/年乙苯/苯乙烯装置
0.00,ST010137,<p>%(m/m)</p>,2025-08-21 08:00:00,二氢噻喃,延炼12万吨/年乙苯/苯乙烯装置
0.01,ST010137,<p>%(m/m)</p>,2025-08-21 08:00:00,2-乙烯基噻吩,延炼12万吨/年乙苯/苯乙烯装置
0.07,ST010137,<p>%(m/m)</p>,2025-08-22 08:00:00,非  芳,延炼12万吨/年乙苯/苯乙烯装置
0.46,ST010137,<p>%(m/m)</p>,2025-08-22 08:00:00,苯,延炼12万吨/年乙苯/苯乙烯装置
1.06,ST010137,<p>%(m/m)</p>,2025-08-22 08:00:00,甲  苯,延炼12万吨/年乙苯/苯乙烯装置
38.85,ST010137,<p>%(m/m)</p>,2025-08-22 08:00:00,乙  苯,延炼12万吨/年乙苯/苯乙烯装置
1.24,ST010137,<p>%(m/m)</p>,2025-08-22 08:00:00,二甲苯,延炼12万吨/年乙苯/苯乙烯装置
0.00,ST010137,<p>%(m/m)</p>,2025-08-22 08:00:00,异丙苯,延炼12万吨/年乙苯/苯乙烯装置
0.00,ST010137,<p>%(m/m)</p>,2025-08-22 08:00:00,正丙苯,延炼12万吨/年乙苯/苯乙烯装置
0.00,ST010137,<p>%(m/m)</p>,2025-08-22 08:00:00,甲乙苯,延炼12万吨/年乙苯/苯乙烯装置
58.08,ST010137,<p>%(m/m)</p>,2025-08-22 08:00:00,苯乙烯,延炼12万吨/年乙苯/苯乙烯装置
0.02,ST010137,<p>%(m/m)</p>,2025-08-22 08:00:00,α甲基苯乙烯,延炼12万吨/年乙苯/苯乙烯装置
0.00,ST010137,<p>%(m/m)</p>,2025-08-22 08:00:00,苯乙炔,延炼12万吨/年乙苯/苯乙烯装置
0.00,ST010137,<p>%(m/m)</p>,2025-08-22 08:00:00,间、对甲基苯乙烯,延炼12万吨/年乙苯/苯乙烯装置
0.20,ST010137,<p>%(m/m)</p>,2025-08-22 08:00:00,其  他,延炼12万吨/年乙苯/苯乙烯装置
0.00,ST010137,<p>%(m/m)</p>,2025-08-22 08:00:00,丙烯基苯,延炼12万吨/年乙苯/苯乙烯装置
0.00,ST010137,<p>%(m/m)</p>,2025-08-22 08:00:00,二氢噻喃,延炼12万吨/年乙苯/苯乙烯装置
0.01,ST010137,<p>%(m/m)</p>,2025-08-22 08:00:00,2-乙烯基噻吩,延炼12万吨/年乙苯/苯乙烯装置
0.06,ST010137,<p>%(m/m)</p>,2025-08-23 08:00:00,非  芳,延炼12万吨/年乙苯/苯乙烯装置
0.42,ST010137,<p>%(m/m)</p>,2025-08-23 08:00:00,苯,延炼12万吨/年乙苯/苯乙烯装置
0.99,ST010137,<p>%(m/m)</p>,2025-08-23 08:00:00,甲  苯,延炼12万吨/年乙苯/苯乙烯装置
39.34,ST010137,<p>%(m/m)</p>,2025-08-23 08:00:00,乙  苯,延炼12万吨/年乙苯/苯乙烯装置
1.20,ST010137,<p>%(m/m)</p>,2025-08-23 08:00:00,二甲苯,延炼12万吨/年乙苯/苯乙烯装置
0.00,ST010137,<p>%(m/m)</p>,2025-08-23 08:00:00,异丙苯,延炼12万吨/年乙苯/苯乙烯装置
0.00,ST010137,<p>%(m/m)</p>,2025-08-23 08:00:00,正丙苯,延炼12万吨/年乙苯/苯乙烯装置
0.00,ST010137,<p>%(m/m)</p>,2025-08-23 08:00:00,甲乙苯,延炼12万吨/年乙苯/苯乙烯装置
57.80,ST010137,<p>%(m/m)</p>,2025-08-23 08:00:00,苯乙烯,延炼12万吨/年乙苯/苯乙烯装置
0.02,ST010137,<p>%(m/m)</p>,2025-08-23 08:00:00,α甲基苯乙烯,延炼12万吨/年乙苯/苯乙烯装置
0.00,ST010137,<p>%(m/m)</p>,2025-08-23 08:00:00,苯乙炔,延炼12万吨/年乙苯/苯乙烯装置
0.00,ST010137,<p>%(m/m)</p>,2025-08-23 08:00:00,间、对甲基苯乙烯,延炼12万吨/年乙苯/苯乙烯装置
0.16,ST010137,<p>%(m/m)</p>,2025-08-23 08:00:00,其  他,延炼12万吨/年乙苯/苯乙烯装置
0.00,ST010137,<p>%(m/m)</p>,2025-08-23 08:00:00,丙烯基苯,延炼12万吨/年乙苯/苯乙烯装置
0.00,ST010137,<p>%(m/m)</p>,2025-08-23 08:00:00,二氢噻喃,延炼12万吨/年乙苯/苯乙烯装置
0.01,ST010137,<p>%(m/m)</p>,2025-08-23 08:00:00,2-乙烯基噻吩,延炼12万吨/年乙苯/苯乙烯装置
0.07,ST010137,<p>%(m/m)</p>,2025-08-24 08:00:00,非  芳,延炼12万吨/年乙苯/苯乙烯装置
0.41,ST010137,<p>%(m/m)</p>,2025-08-24 08:00:00,苯,延炼12万吨/年乙苯/苯乙烯装置
1.01,ST010137,<p>%(m/m)</p>,2025-08-24 08:00:00,甲  苯,延炼12万吨/年乙苯/苯乙烯装置
40.98,ST010137,<p>%(m/m)</p>,2025-08-24 08:00:00,乙  苯,延炼12万吨/年乙苯/苯乙烯装置
1.32,ST010137,<p>%(m/m)</p>,2025-08-24 08:00:00,二甲苯,延炼12万吨/年乙苯/苯乙烯装置
0.00,ST010137,<p>%(m/m)</p>,2025-08-24 08:00:00,异丙苯,延炼12万吨/年乙苯/苯乙烯装置
0.00,ST010137,<p>%(m/m)</p>,2025-08-24 08:00:00,正丙苯,延炼12万吨/年乙苯/苯乙烯装置
0.00,ST010137,<p>%(m/m)</p>,2025-08-24 08:00:00,甲乙苯,延炼12万吨/年乙苯/苯乙烯装置
56.04,ST010137,<p>%(m/m)</p>,2025-08-24 08:00:00,苯乙烯,延炼12万吨/年乙苯/苯乙烯装置
0.01,ST010137,<p>%(m/m)</p>,2025-08-24 08:00:00,α甲基苯乙烯,延炼12万吨/年乙苯/苯乙烯装置
0.00,ST010137,<p>%(m/m)</p>,2025-08-24 08:00:00,苯乙炔,延炼12万吨/年乙苯/苯乙烯装置
0.00,ST010137,<p>%(m/m)</p>,2025-08-24 08:00:00,间、对甲基苯乙烯,延炼12万吨/年乙苯/苯乙烯装置
0.14,ST010137,<p>%(m/m)</p>,2025-08-24 08:00:00,其  他,延炼12万吨/年乙苯/苯乙烯装置
0.00,ST010137,<p>%(m/m)</p>,2025-08-24 08:00:00,丙烯基苯,延炼12万吨/年乙苯/苯乙烯装置
0.00,ST010137,<p>%(m/m)</p>,2025-08-24 08:00:00,二氢噻喃,延炼12万吨/年乙苯/苯乙烯装置
0.01,ST010137,<p>%(m/m)</p>,2025-08-24 08:00:00,2-乙烯基噻吩,延炼12万吨/年乙苯/苯乙烯装置
0.06,ST010137,<p>%(m/m)</p>,2025-08-25 08:00:00,非  芳,延炼12万吨/年乙苯/苯乙烯装置
0.40,ST010137,<p>%(m/m)</p>,2025-08-25 08:00:00,苯,延炼12万吨/年乙苯/苯乙烯装置
0.99,ST010137,<p>%(m/m)</p>,2025-08-25 08:00:00,甲  苯,延炼12万吨/年乙苯/苯乙烯装置
39.03,ST010137,<p>%(m/m)</p>,2025-08-25 08:00:00,乙  苯,延炼12万吨/年乙苯/苯乙烯装置
1.23,ST010137,<p>%(m/m)</p>,2025-08-25 08:00:00,二甲苯,延炼12万吨/年乙苯/苯乙烯装置
0.00,ST010137,<p>%(m/m)</p>,2025-08-25 08:00:00,异丙苯,延炼12万吨/年乙苯/苯乙烯装置
0.00,ST010137,<p>%(m/m)</p>,2025-08-25 08:00:00,正丙苯,延炼12万吨/年乙苯/苯乙烯装置
0.00,ST010137,<p>%(m/m)</p>,2025-08-25 08:00:00,甲乙苯,延炼12万吨/年乙苯/苯乙烯装置
58.12,ST010137,<p>%(m/m)</p>,2025-08-25 08:00:00,苯乙烯,延炼12万吨/年乙苯/苯乙烯装置
0.02,ST010137,<p>%(m/m)</p>,2025-08-25 08:00:00,α甲基苯乙烯,延炼12万吨/年乙苯/苯乙烯装置
0.00,ST010137,<p>%(m/m)</p>,2025-08-25 08:00:00,苯乙炔,延炼12万吨/年乙苯/苯乙烯装置
0.00,ST010137,<p>%(m/m)</p>,2025-08-25 08:00:00,间、对甲基苯乙烯,延炼12万吨/年乙苯/苯乙烯装置
0.14,ST010137,<p>%(m/m)</p>,2025-08-25 08:00:00,其  他,延炼12万吨/年乙苯/苯乙烯装置
0.00,ST010137,<p>%(m/m)</p>,2025-08-25 08:00:00,丙烯基苯,延炼12万吨/年乙苯/苯乙烯装置
0.00,ST010137,<p>%(m/m)</p>,2025-08-25 08:00:00,二氢噻喃,延炼12万吨/年乙苯/苯乙烯装置
0.01,ST010137,<p>%(m/m)</p>,2025-08-25 08:00:00,2-乙烯基噻吩,延炼12万吨/年乙苯/苯乙烯装置
0.06,ST010137,<p>%(m/m)</p>,2025-08-26 08:00:00,非  芳,延炼12万吨/年乙苯/苯乙烯装置
0.41,ST010137,<p>%(m/m)</p>,2025-08-26 08:00:00,苯,延炼12万吨/年乙苯/苯乙烯装置
1.01,ST010137,<p>%(m/m)</p>,2025-08-26 08:00:00,甲  苯,延炼12万吨/年乙苯/苯乙烯装置
37.14,ST010137,<p>%(m/m)</p>,2025-08-26 08:00:00,乙  苯,延炼12万吨/年乙苯/苯乙烯装置
1.25,ST010137,<p>%(m/m)</p>,2025-08-26 08:00:00,二甲苯,延炼12万吨/年乙苯/苯乙烯装置
0.00,ST010137,<p>%(m/m)</p>,2025-08-26 08:00:00,异丙苯,延炼12万吨/年乙苯/苯乙烯装置
0.00,ST010137,<p>%(m/m)</p>,2025-08-26 08:00:00,正丙苯,延炼12万吨/年乙苯/苯乙烯装置
0.00,ST010137,<p>%(m/m)</p>,2025-08-26 08:00:00,甲乙苯,延炼12万吨/年乙苯/苯乙烯装置
59.95,ST010137,<p>%(m/m)</p>,2025-08-26 08:00:00,苯乙烯,延炼12万吨/年乙苯/苯乙烯装置
0.01,ST010137,<p>%(m/m)</p>,2025-08-26 08:00:00,α甲基苯乙烯,延炼12万吨/年乙苯/苯乙烯装置
0.00,ST010137,<p>%(m/m)</p>,2025-08-26 08:00:00,苯乙炔,延炼12万吨/年乙苯/苯乙烯装置
0.00,ST010137,<p>%(m/m)</p>,2025-08-26 08:00:00,间、对甲基苯乙烯,延炼12万吨/年乙苯/苯乙烯装置
0.15,ST010137,<p>%(m/m)</p>,2025-08-26 08:00:00,其  他,延炼12万吨/年乙苯/苯乙烯装置
0.00,ST010137,<p>%(m/m)</p>,2025-08-26 08:00:00,丙烯基苯,延炼12万吨/年乙苯/苯乙烯装置
0.00,ST010137,<p>%(m/m)</p>,2025-08-26 08:00:00,二氢噻喃,延炼12万吨/年乙苯/苯乙烯装置
0.01,ST010137,<p>%(m/m)</p>,2025-08-26 08:00:00,2-乙烯基噻吩,延炼12万吨/年乙苯/苯乙烯装置
0.06,ST010137,<p>%(m/m)</p>,2025-08-27 08:00:00,非  芳,延炼12万吨/年乙苯/苯乙烯装置
0.51,ST010137,<p>%(m/m)</p>,2025-08-27 08:00:00,苯,延炼12万吨/年乙苯/苯乙烯装置
1.18,ST010137,<p>%(m/m)</p>,2025-08-27 08:00:00,甲  苯,延炼12万吨/年乙苯/苯乙烯装置
38.54,ST010137,<p>%(m/m)</p>,2025-08-27 08:00:00,乙  苯,延炼12万吨/年乙苯/苯乙烯装置
1.20,ST010137,<p>%(m/m)</p>,2025-08-27 08:00:00,二甲苯,延炼12万吨/年乙苯/苯乙烯装置
0.00,ST010137,<p>%(m/m)</p>,2025-08-27 08:00:00,异丙苯,延炼12万吨/年乙苯/苯乙烯装置
0.00,ST010137,<p>%(m/m)</p>,2025-08-27 08:00:00,正丙苯,延炼12万吨/年乙苯/苯乙烯装置
0.00,ST010137,<p>%(m/m)</p>,2025-08-27 08:00:00,甲乙苯,延炼12万吨/年乙苯/苯乙烯装置
58.34,ST010137,<p>%(m/m)</p>,2025-08-27 08:00:00,苯乙烯,延炼12万吨/年乙苯/苯乙烯装置
0.02,ST010137,<p>%(m/m)</p>,2025-08-27 08:00:00,α甲基苯乙烯,延炼12万吨/年乙苯/苯乙烯装置
0.00,ST010137,<p>%(m/m)</p>,2025-08-27 08:00:00,苯乙炔,延炼12万吨/年乙苯/苯乙烯装置
0.00,ST010137,<p>%(m/m)</p>,2025-08-27 08:00:00,间、对甲基苯乙烯,延炼12万吨/年乙苯/苯乙烯装置
0.15,ST010137,<p>%(m/m)</p>,2025-08-27 08:00:00,其  他,延炼12万吨/年乙苯/苯乙烯装置
0.00,ST010137,<p>%(m/m)</p>,2025-08-27 08:00:00,丙烯基苯,延炼12万吨/年乙苯/苯乙烯装置
0.00,ST010137,<p>%(m/m)</p>,2025-08-27 08:00:00,二氢噻喃,延炼12万吨/年乙苯/苯乙烯装置
0.01,ST010137,<p>%(m/m)</p>,2025-08-27 08:00:00,2-乙烯基噻吩,延炼12万吨/年乙苯/苯乙烯装置
0.07,ST010137,<p>%(m/m)</p>,2025-08-28 08:00:00,非  芳,延炼12万吨/年乙苯/苯乙烯装置
0.44,ST010137,<p>%(m/m)</p>,2025-08-28 08:00:00,苯,延炼12万吨/年乙苯/苯乙烯装置
1.02,ST010137,<p>%(m/m)</p>,2025-08-28 08:00:00,甲  苯,延炼12万吨/年乙苯/苯乙烯装置
40.04,ST010137,<p>%(m/m)</p>,2025-08-28 08:00:00,乙  苯,延炼12万吨/年乙苯/苯乙烯装置
1.29,ST010137,<p>%(m/m)</p>,2025-08-28 08:00:00,二甲苯,延炼12万吨/年乙苯/苯乙烯装置
0.00,ST010137,<p>%(m/m)</p>,2025-08-28 08:00:00,异丙苯,延炼12万吨/年乙苯/苯乙烯装置
0.00,ST010137,<p>%(m/m)</p>,2025-08-28 08:00:00,正丙苯,延炼12万吨/年乙苯/苯乙烯装置
0.00,ST010137,<p>%(m/m)</p>,2025-08-28 08:00:00,甲乙苯,延炼12万吨/年乙苯/苯乙烯装置
56.98,ST010137,<p>%(m/m)</p>,2025-08-28 08:00:00,苯乙烯,延炼12万吨/年乙苯/苯乙烯装置
0.02,ST010137,<p>%(m/m)</p>,2025-08-28 08:00:00,α甲基苯乙烯,延炼12万吨/年乙苯/苯乙烯装置
0.00,ST010137,<p>%(m/m)</p>,2025-08-28 08:00:00,苯乙炔,延炼12万吨/年乙苯/苯乙烯装置
0.00,ST010137,<p>%(m/m)</p>,2025-08-28 08:00:00,间、对甲基苯乙烯,延炼12万吨/年乙苯/苯乙烯装置
0.13,ST010137,<p>%(m/m)</p>,2025-08-28 08:00:00,其  他,延炼12万吨/年乙苯/苯乙烯装置
0.004,ST010137,<p>%(m/m)</p>,2025-08-28 08:00:00,二乙基苯,延炼12万吨/年乙苯/苯乙烯装置
0.00,ST010137,<p>%(m/m)</p>,2025-08-28 08:00:00,丙烯基苯,延炼12万吨/年乙苯/苯乙烯装置
0.00,ST010137,<p>%(m/m)</p>,2025-08-28 08:00:00,二氢噻喃,延炼12万吨/年乙苯/苯乙烯装置
0.01,ST010137,<p>%(m/m)</p>,2025-08-28 08:00:00,2-乙烯基噻吩,延炼12万吨/年乙苯/苯乙烯装置
0.06,ST010137,<p>%(m/m)</p>,2025-08-29 08:00:00,非  芳,延炼12万吨/年乙苯/苯乙烯装置
0.46,ST010137,<p>%(m/m)</p>,2025-08-29 08:00:00,苯,延炼12万吨/年乙苯/苯乙烯装置
1.09,ST010137,<p>%(m/m)</p>,2025-08-29 08:00:00,甲  苯,延炼12万吨/年乙苯/苯乙烯装置
39.32,ST010137,<p>%(m/m)</p>,2025-08-29 08:00:00,乙  苯,延炼12万吨/年乙苯/苯乙烯装置
1.24,ST010137,<p>%(m/m)</p>,2025-08-29 08:00:00,二甲苯,延炼12万吨/年乙苯/苯乙烯装置
0.00,ST010137,<p>%(m/m)</p>,2025-08-29 08:00:00,异丙苯,延炼12万吨/年乙苯/苯乙烯装置
0.00,ST010137,<p>%(m/m)</p>,2025-08-29 08:00:00,正丙苯,延炼12万吨/年乙苯/苯乙烯装置
0.00,ST010137,<p>%(m/m)</p>,2025-08-29 08:00:00,甲乙苯,延炼12万吨/年乙苯/苯乙烯装置
57.25,ST010137,<p>%(m/m)</p>,2025-08-29 08:00:00,苯乙烯,延炼12万吨/年乙苯/苯乙烯装置
0.01,ST010137,<p>%(m/m)</p>,2025-08-29 08:00:00,α甲基苯乙烯,延炼12万吨/年乙苯/苯乙烯装置
0.00,ST010137,<p>%(m/m)</p>,2025-08-29 08:00:00,苯乙炔,延炼12万吨/年乙苯/苯乙烯装置
0.00,ST010137,<p>%(m/m)</p>,2025-08-29 08:00:00,间、对甲基苯乙烯,延炼12万吨/年乙苯/苯乙烯装置
0.55,ST010137,<p>%(m/m)</p>,2025-08-29 08:00:00,其  他,延炼12万吨/年乙苯/苯乙烯装置
0.00,ST010137,<p>%(m/m)</p>,2025-08-29 08:00:00,丙烯基苯,延炼12万吨/年乙苯/苯乙烯装置
0.00,ST010137,<p>%(m/m)</p>,2025-08-29 08:00:00,二氢噻喃,延炼12万吨/年乙苯/苯乙烯装置
0.01,ST010137,<p>%(m/m)</p>,2025-08-29 08:00:00,2-乙烯基噻吩,延炼12万吨/年乙苯/苯乙烯装置
0.06,ST010137,<p>%(m/m)</p>,2025-08-30 08:00:00,非  芳,延炼12万吨/年乙苯/苯乙烯装置
0.44,ST010137,<p>%(m/m)</p>,2025-08-30 08:00:00,苯,延炼12万吨/年乙苯/苯乙烯装置
1.02,ST010137,<p>%(m/m)</p>,2025-08-30 08:00:00,甲  苯,延炼12万吨/年乙苯/苯乙烯装置
38.30,ST010137,<p>%(m/m)</p>,2025-08-30 08:00:00,乙  苯,延炼12万吨/年乙苯/苯乙烯装置
1.20,ST010137,<p>%(m/m)</p>,2025-08-30 08:00:00,二甲苯,延炼12万吨/年乙苯/苯乙烯装置
0.00,ST010137,<p>%(m/m)</p>,2025-08-30 08:00:00,异丙苯,延炼12万吨/年乙苯/苯乙烯装置
0.00,ST010137,<p>%(m/m)</p>,2025-08-30 08:00:00,正丙苯,延炼12万吨/年乙苯/苯乙烯装置
0.00,ST010137,<p>%(m/m)</p>,2025-08-30 08:00:00,甲乙苯,延炼12万吨/年乙苯/苯乙烯装置
58.74,ST010137,<p>%(m/m)</p>,2025-08-30 08:00:00,苯乙烯,延炼12万吨/年乙苯/苯乙烯装置
0.02,ST010137,<p>%(m/m)</p>,2025-08-30 08:00:00,α甲基苯乙烯,延炼12万吨/年乙苯/苯乙烯装置
0.00,ST010137,<p>%(m/m)</p>,2025-08-30 08:00:00,苯乙炔,延炼12万吨/年乙苯/苯乙烯装置
0.00,ST010137,<p>%(m/m)</p>,2025-08-30 08:00:00,间、对甲基苯乙烯,延炼12万吨/年乙苯/苯乙烯装置
0.21,ST010137,<p>%(m/m)</p>,2025-08-30 08:00:00,其  他,延炼12万吨/年乙苯/苯乙烯装置
0.00,ST010137,<p>%(m/m)</p>,2025-08-30 08:00:00,丙烯基苯,延炼12万吨/年乙苯/苯乙烯装置
0.00,ST010137,<p>%(m/m)</p>,2025-08-30 08:00:00,二氢噻喃,延炼12万吨/年乙苯/苯乙烯装置
0.00,ST010137,<p>%(m/m)</p>,2025-08-30 08:00:00,2-乙烯基噻吩,延炼12万吨/年乙苯/苯乙烯装置
0.06,ST010137,<p>%(m/m)</p>,2025-08-31 08:00:00,非  芳,延炼12万吨/年乙苯/苯乙烯装置
0.45,ST010137,<p>%(m/m)</p>,2025-08-31 08:00:00,苯,延炼12万吨/年乙苯/苯乙烯装置
1.06,ST010137,<p>%(m/m)</p>,2025-08-31 08:00:00,甲  苯,延炼12万吨/年乙苯/苯乙烯装置
39.30,ST010137,<p>%(m/m)</p>,2025-08-31 08:00:00,乙  苯,延炼12万吨/年乙苯/苯乙烯装置
0.76,ST010137,<p>%(m/m)</p>,2025-08-31 08:00:00,二甲苯,延炼12万吨/年乙苯/苯乙烯装置
0.00,ST010137,<p>%(m/m)</p>,2025-08-31 08:00:00,异丙苯,延炼12万吨/年乙苯/苯乙烯装置
0.00,ST010137,<p>%(m/m)</p>,2025-08-31 08:00:00,正丙苯,延炼12万吨/年乙苯/苯乙烯装置
0.00,ST010137,<p>%(m/m)</p>,2025-08-31 08:00:00,甲乙苯,延炼12万吨/年乙苯/苯乙烯装置
58.13,ST010137,<p>%(m/m)</p>,2025-08-31 08:00:00,苯乙烯,延炼12万吨/年乙苯/苯乙烯装置
0.02,ST010137,<p>%(m/m)</p>,2025-08-31 08:00:00,α甲基苯乙烯,延炼12万吨/年乙苯/苯乙烯装置
0.00,ST010137,<p>%(m/m)</p>,2025-08-31 08:00:00,苯乙炔,延炼12万吨/年乙苯/苯乙烯装置
0.00,ST010137,<p>%(m/m)</p>,2025-08-31 08:00:00,间、对甲基苯乙烯,延炼12万吨/年乙苯/苯乙烯装置
0.21,ST010137,<p>%(m/m)</p>,2025-08-31 08:00:00,其  他,延炼12万吨/年乙苯/苯乙烯装置
0.00,ST010137,<p>%(m/m)</p>,2025-08-31 08:00:00,丙烯基苯,延炼12万吨/年乙苯/苯乙烯装置
0.00,ST010137,<p>%(m/m)</p>,2025-08-31 08:00:00,二氢噻喃,延炼12万吨/年乙苯/苯乙烯装置
0.01,ST010137,<p>%(m/m)</p>,2025-08-31 08:00:00,2-乙烯基噻吩,延炼12万吨/年乙苯/苯乙烯装置
0.07,ST010137,<p>%(m/m)</p>,2025-09-01 08:00:00,非  芳,延炼12万吨/年乙苯/苯乙烯装置
0.42,ST010137,<p>%(m/m)</p>,2025-09-01 08:00:00,苯,延炼12万吨/年乙苯/苯乙烯装置
1.03,ST010137,<p>%(m/m)</p>,2025-09-01 08:00:00,甲  苯,延炼12万吨/年乙苯/苯乙烯装置
39.56,ST010137,<p>%(m/m)</p>,2025-09-01 08:00:00,乙  苯,延炼12万吨/年乙苯/苯乙烯装置
1.20,ST010137,<p>%(m/m)</p>,2025-09-01 08:00:00,二甲苯,延炼12万吨/年乙苯/苯乙烯装置
0.00,ST010137,<p>%(m/m)</p>,2025-09-01 08:00:00,异丙苯,延炼12万吨/年乙苯/苯乙烯装置
0.00,ST010137,<p>%(m/m)</p>,2025-09-01 08:00:00,正丙苯,延炼12万吨/年乙苯/苯乙烯装置
0.00,ST010137,<p>%(m/m)</p>,2025-09-01 08:00:00,甲乙苯,延炼12万吨/年乙苯/苯乙烯装置
57.52,ST010137,<p>%(m/m)</p>,2025-09-01 08:00:00,苯乙烯,延炼12万吨/年乙苯/苯乙烯装置
0.02,ST010137,<p>%(m/m)</p>,2025-09-01 08:00:00,α甲基苯乙烯,延炼12万吨/年乙苯/苯乙烯装置
0.00,ST010137,<p>%(m/m)</p>,2025-09-01 08:00:00,苯乙炔,延炼12万吨/年乙苯/苯乙烯装置
0.00,ST010137,<p>%(m/m)</p>,2025-09-01 08:00:00,间、对甲基苯乙烯,延炼12万吨/年乙苯/苯乙烯装置
0.16,ST010137,<p>%(m/m)</p>,2025-09-01 08:00:00,其  他,延炼12万吨/年乙苯/苯乙烯装置
0.00,ST010137,<p>%(m/m)</p>,2025-09-01 08:00:00,丙烯基苯,延炼12万吨/年乙苯/苯乙烯装置
0.00,ST010137,<p>%(m/m)</p>,2025-09-01 08:00:00,二氢噻喃,延炼12万吨/年乙苯/苯乙烯装置
0.01,ST010137,<p>%(m/m)</p>,2025-09-01 08:00:00,2-乙烯基噻吩,延炼12万吨/年乙苯/苯乙烯装置
0.00,ST010137,<p>%(m/m)</p>,2025-09-02 08:00:00,异丙苯,延炼12万吨/年乙苯/苯乙烯装置
0.00,ST010137,<p>%(m/m)</p>,2025-09-02 08:00:00,正丙苯,延炼12万吨/年乙苯/苯乙烯装置
0.00,ST010137,<p>%(m/m)</p>,2025-09-02 08:00:00,甲乙苯,延炼12万吨/年乙苯/苯乙烯装置
56.86,ST010137,<p>%(m/m)</p>,2025-09-02 08:00:00,苯乙烯,延炼12万吨/年乙苯/苯乙烯装置
0.02,ST010137,<p>%(m/m)</p>,2025-09-02 08:00:00,α甲基苯乙烯,延炼12万吨/年乙苯/苯乙烯装置
0.00,ST010137,<p>%(m/m)</p>,2025-09-02 08:00:00,苯乙炔,延炼12万吨/年乙苯/苯乙烯装置
0.00,ST010137,<p>%(m/m)</p>,2025-09-02 08:00:00,间、对甲基苯乙烯,延炼12万吨/年乙苯/苯乙烯装置
0.19,ST010137,<p>%(m/m)</p>,2025-09-02 08:00:00,其  他,延炼12万吨/年乙苯/苯乙烯装置
0.00,ST010137,<p>%(m/m)</p>,2025-09-02 08:00:00,丙烯基苯,延炼12万吨/年乙苯/苯乙烯装置
0.00,ST010137,<p>%(m/m)</p>,2025-09-02 08:00:00,二氢噻喃,延炼12万吨/年乙苯/苯乙烯装置
0.01,ST010137,<p>%(m/m)</p>,2025-09-02 08:00:00,2-乙烯基噻吩,延炼12万吨/年乙苯/苯乙烯装置
0.06,ST010137,<p>%(m/m)</p>,2025-09-02 08:00:00,非  芳,延炼12万吨/年乙苯/苯乙烯装置
0.43,ST010137,<p>%(m/m)</p>,2025-09-02 08:00:00,苯,延炼12万吨/年乙苯/苯乙烯装置
1.01,ST010137,<p>%(m/m)</p>,2025-09-02 08:00:00,甲  苯,延炼12万吨/年乙苯/苯乙烯装置
40.22,ST010137,<p>%(m/m)</p>,2025-09-02 08:00:00,乙  苯,延炼12万吨/年乙苯/苯乙烯装置
1.19,ST010137,<p>%(m/m)</p>,2025-09-02 08:00:00,二甲苯,延炼12万吨/年乙苯/苯乙烯装置
0.07,ST010137,<p>%(m/m)</p>,2025-09-03 08:00:00,非  芳,延炼12万吨/年乙苯/苯乙烯装置
0.46,ST010137,<p>%(m/m)</p>,2025-09-03 08:00:00,苯,延炼12万吨/年乙苯/苯乙烯装置
1.11,ST010137,<p>%(m/m)</p>,2025-09-03 08:00:00,甲  苯,延炼12万吨/年乙苯/苯乙烯装置
38.47,ST010137,<p>%(m/m)</p>,2025-09-03 08:00:00,乙  苯,延炼12万吨/年乙苯/苯乙烯装置
1.33,ST010137,<p>%(m/m)</p>,2025-09-03 08:00:00,二甲苯,延炼12万吨/年乙苯/苯乙烯装置
0.00,ST010137,<p>%(m/m)</p>,2025-09-03 08:00:00,异丙苯,延炼12万吨/年乙苯/苯乙烯装置
0.00,ST010137,<p>%(m/m)</p>,2025-09-03 08:00:00,正丙苯,延炼12万吨/年乙苯/苯乙烯装置
0.00,ST010137,<p>%(m/m)</p>,2025-09-03 08:00:00,甲乙苯,延炼12万吨/年乙苯/苯乙烯装置
58.41,ST010137,<p>%(m/m)</p>,2025-09-03 08:00:00,苯乙烯,延炼12万吨/年乙苯/苯乙烯装置
0.02,ST010137,<p>%(m/m)</p>,2025-09-03 08:00:00,α甲基苯乙烯,延炼12万吨/年乙苯/苯乙烯装置
0.00,ST010137,<p>%(m/m)</p>,2025-09-03 08:00:00,苯乙炔,延炼12万吨/年乙苯/苯乙烯装置
0.00,ST010137,<p>%(m/m)</p>,2025-09-03 08:00:00,间、对甲基苯乙烯,延炼12万吨/年乙苯/苯乙烯装置
0.13,ST010137,<p>%(m/m)</p>,2025-09-03 08:00:00,其  他,延炼12万吨/年乙苯/苯乙烯装置
0.00,ST010137,<p>%(m/m)</p>,2025-09-03 08:00:00,丙烯基苯,延炼12万吨/年乙苯/苯乙烯装置
0.00,ST010137,<p>%(m/m)</p>,2025-09-03 08:00:00,二氢噻喃,延炼12万吨/年乙苯/苯乙烯装置
0.01,ST010137,<p>%(m/m)</p>,2025-09-03 08:00:00,2-乙烯基噻吩,延炼12万吨/年乙苯/苯乙烯装置
0.07,ST010137,<p>%(m/m)</p>,2025-09-04 08:00:00,非  芳,延炼12万吨/年乙苯/苯乙烯装置
0.43,ST010137,<p>%(m/m)</p>,2025-09-04 08:00:00,苯,延炼12万吨/年乙苯/苯乙烯装置
1.04,ST010137,<p>%(m/m)</p>,2025-09-04 08:00:00,甲  苯,延炼12万吨/年乙苯/苯乙烯装置
39.61,ST010137,<p>%(m/m)</p>,2025-09-04 08:00:00,乙  苯,延炼12万吨/年乙苯/苯乙烯装置
1.28,ST010137,<p>%(m/m)</p>,2025-09-04 08:00:00,二甲苯,延炼12万吨/年乙苯/苯乙烯装置
0.00,ST010137,<p>%(m/m)</p>,2025-09-04 08:00:00,异丙苯,延炼12万吨/年乙苯/苯乙烯装置
0.00,ST010137,<p>%(m/m)</p>,2025-09-04 08:00:00,正丙苯,延炼12万吨/年乙苯/苯乙烯装置
0.00,ST010137,<p>%(m/m)</p>,2025-09-04 08:00:00,甲乙苯,延炼12万吨/年乙苯/苯乙烯装置
57.41,ST010137,<p>%(m/m)</p>,2025-09-04 08:00:00,苯乙烯,延炼12万吨/年乙苯/苯乙烯装置
0.01,ST010137,<p>%(m/m)</p>,2025-09-04 08:00:00,α甲基苯乙烯,延炼12万吨/年乙苯/苯乙烯装置
0.00,ST010137,<p>%(m/m)</p>,2025-09-04 08:00:00,苯乙炔,延炼12万吨/年乙苯/苯乙烯装置
0.00,ST010137,<p>%(m/m)</p>,2025-09-04 08:00:00,间、对甲基苯乙烯,延炼12万吨/年乙苯/苯乙烯装置
0.12,ST010137,<p>%(m/m)</p>,2025-09-04 08:00:00,其  他,延炼12万吨/年乙苯/苯乙烯装置
0.003,ST010137,<p>%(m/m)</p>,2025-09-04 08:00:00,二乙基苯,延炼12万吨/年乙苯/苯乙烯装置
0.00,ST010137,<p>%(m/m)</p>,2025-09-04 08:00:00,丙烯基苯,延炼12万吨/年乙苯/苯乙烯装置
0.00,ST010137,<p>%(m/m)</p>,2025-09-04 08:00:00,二氢噻喃,延炼12万吨/年乙苯/苯乙烯装置
0.01,ST010137,<p>%(m/m)</p>,2025-09-04 08:00:00,2-乙烯基噻吩,延炼12万吨/年乙苯/苯乙烯装置
0.06,ST010137,<p>%(m/m)</p>,2025-09-05 08:00:00,非  芳,延炼12万吨/年乙苯/苯乙烯装置
0.48,ST010137,<p>%(m/m)</p>,2025-09-05 08:00:00,苯,延炼12万吨/年乙苯/苯乙烯装置
1.07,ST010137,<p>%(m/m)</p>,2025-09-05 08:00:00,甲  苯,延炼12万吨/年乙苯/苯乙烯装置
38.97,ST010137,<p>%(m/m)</p>,2025-09-05 08:00:00,乙  苯,延炼12万吨/年乙苯/苯乙烯装置
1.17,ST010137,<p>%(m/m)</p>,2025-09-05 08:00:00,二甲苯,延炼12万吨/年乙苯/苯乙烯装置
0.00,ST010137,<p>%(m/m)</p>,2025-09-05 08:00:00,异丙苯,延炼12万吨/年乙苯/苯乙烯装置
0.00,ST010137,<p>%(m/m)</p>,2025-09-05 08:00:00,正丙苯,延炼12万吨/年乙苯/苯乙烯装置
0.00,ST010137,<p>%(m/m)</p>,2025-09-05 08:00:00,甲乙苯,延炼12万吨/年乙苯/苯乙烯装置
57.59,ST010137,<p>%(m/m)</p>,2025-09-05 08:00:00,苯乙烯,延炼12万吨/年乙苯/苯乙烯装置
0.02,ST010137,<p>%(m/m)</p>,2025-09-05 08:00:00,α甲基苯乙烯,延炼12万吨/年乙苯/苯乙烯装置
0.00,ST010137,<p>%(m/m)</p>,2025-09-05 08:00:00,苯乙炔,延炼12万吨/年乙苯/苯乙烯装置
0.00,ST010137,<p>%(m/m)</p>,2025-09-05 08:00:00,间、对甲基苯乙烯,延炼12万吨/年乙苯/苯乙烯装置
0.65,ST010137,<p>%(m/m)</p>,2025-09-05 08:00:00,其  他,延炼12万吨/年乙苯/苯乙烯装置
0.00,ST010137,<p>%(m/m)</p>,2025-09-05 08:00:00,丙烯基苯,延炼12万吨/年乙苯/苯乙烯装置
0.00,ST010137,<p>%(m/m)</p>,2025-09-05 08:00:00,二氢噻喃,延炼12万吨/年乙苯/苯乙烯装置
0.00,ST010137,<p>%(m/m)</p>,2025-09-05 08:00:00,2-乙烯基噻吩,延炼12万吨/年乙苯/苯乙烯装置
0.43,ST010137,<p>%(m/m)</p>,2025-09-06 08:00:00,苯,延炼12万吨/年乙苯/苯乙烯装置
1.06,ST010137,<p>%(m/m)</p>,2025-09-06 08:00:00,甲  苯,延炼12万吨/年乙苯/苯乙烯装置
40.09,ST010137,<p>%(m/m)</p>,2025-09-06 08:00:00,乙  苯,延炼12万吨/年乙苯/苯乙烯装置
1.22,ST010137,<p>%(m/m)</p>,2025-09-06 08:00:00,二甲苯,延炼12万吨/年乙苯/苯乙烯装置
0.00,ST010137,<p>%(m/m)</p>,2025-09-06 08:00:00,异丙苯,延炼12万吨/年乙苯/苯乙烯装置
0.00,ST010137,<p>%(m/m)</p>,2025-09-06 08:00:00,正丙苯,延炼12万吨/年乙苯/苯乙烯装置
0.00,ST010137,<p>%(m/m)</p>,2025-09-06 08:00:00,甲乙苯,延炼12万吨/年乙苯/苯乙烯装置
56.65,ST010137,<p>%(m/m)</p>,2025-09-06 08:00:00,苯乙烯,延炼12万吨/年乙苯/苯乙烯装置
0.01,ST010137,<p>%(m/m)</p>,2025-09-06 08:00:00,α甲基苯乙烯,延炼12万吨/年乙苯/苯乙烯装置
0.00,ST010137,<p>%(m/m)</p>,2025-09-06 08:00:00,苯乙炔,延炼12万吨/年乙苯/苯乙烯装置
0.00,ST010137,<p>%(m/m)</p>,2025-09-06 08:00:00,间、对甲基苯乙烯,延炼12万吨/年乙苯/苯乙烯装置
0.46,ST010137,<p>%(m/m)</p>,2025-09-06 08:00:00,其  他,延炼12万吨/年乙苯/苯乙烯装置
0.00,ST010137,<p>%(m/m)</p>,2025-09-06 08:00:00,丙烯基苯,延炼12万吨/年乙苯/苯乙烯装置
0.00,ST010137,<p>%(m/m)</p>,2025-09-06 08:00:00,二氢噻喃,延炼12万吨/年乙苯/苯乙烯装置
0.01,ST010137,<p>%(m/m)</p>,2025-09-06 08:00:00,2-乙烯基噻吩,延炼12万吨/年乙苯/苯乙烯装置
0.06,ST010137,<p>%(m/m)</p>,2025-09-06 08:00:00,非  芳,延炼12万吨/年乙苯/苯乙烯装置
0.06,ST010137,<p>%(m/m)</p>,2025-09-07 08:00:00,非  芳,延炼12万吨/年乙苯/苯乙烯装置
0.46,ST010137,<p>%(m/m)</p>,2025-09-07 08:00:00,苯,延炼12万吨/年乙苯/苯乙烯装置
1.07,ST010137,<p>%(m/m)</p>,2025-09-07 08:00:00,甲  苯,延炼12万吨/年乙苯/苯乙烯装置
38.94,ST010137,<p>%(m/m)</p>,2025-09-07 08:00:00,乙  苯,延炼12万吨/年乙苯/苯乙烯装置
1.22,ST010137,<p>%(m/m)</p>,2025-09-07 08:00:00,二甲苯,延炼12万吨/年乙苯/苯乙烯装置
0.00,ST010137,<p>%(m/m)</p>,2025-09-07 08:00:00,异丙苯,延炼12万吨/年乙苯/苯乙烯装置
0.00,ST010137,<p>%(m/m)</p>,2025-09-07 08:00:00,正丙苯,延炼12万吨/年乙苯/苯乙烯装置
0.00,ST010137,<p>%(m/m)</p>,2025-09-07 08:00:00,甲乙苯,延炼12万吨/年乙苯/苯乙烯装置
58.02,ST010137,<p>%(m/m)</p>,2025-09-07 08:00:00,苯乙烯,延炼12万吨/年乙苯/苯乙烯装置
0.02,ST010137,<p>%(m/m)</p>,2025-09-07 08:00:00,α甲基苯乙烯,延炼12万吨/年乙苯/苯乙烯装置
0.00,ST010137,<p>%(m/m)</p>,2025-09-07 08:00:00,苯乙炔,延炼12万吨/年乙苯/苯乙烯装置
0.00,ST010137,<p>%(m/m)</p>,2025-09-07 08:00:00,间、对甲基苯乙烯,延炼12万吨/年乙苯/苯乙烯装置
0.20,ST010137,<p>%(m/m)</p>,2025-09-07 08:00:00,其  他,延炼12万吨/年乙苯/苯乙烯装置
0.00,ST010137,<p>%(m/m)</p>,2025-09-07 08:00:00,丙烯基苯,延炼12万吨/年乙苯/苯乙烯装置
0.00,ST010137,<p>%(m/m)</p>,2025-09-07 08:00:00,二氢噻喃,延炼12万吨/年乙苯/苯乙烯装置
0.01,ST010137,<p>%(m/m)</p>,2025-09-07 08:00:00,2-乙烯基噻吩,延炼12万吨/年乙苯/苯乙烯装置
0.06,ST010137,<p>%(m/m)</p>,2025-09-08 08:00:00,非  芳,延炼12万吨/年乙苯/苯乙烯装置
0.45,ST010137,<p>%(m/m)</p>,2025-09-08 08:00:00,苯,延炼12万吨/年乙苯/苯乙烯装置
1.04,ST010137,<p>%(m/m)</p>,2025-09-08 08:00:00,甲  苯,延炼12万吨/年乙苯/苯乙烯装置
40.35,ST010137,<p>%(m/m)</p>,2025-09-08 08:00:00,乙  苯,延炼12万吨/年乙苯/苯乙烯装置
1.14,ST010137,<p>%(m/m)</p>,2025-09-08 08:00:00,二甲苯,延炼12万吨/年乙苯/苯乙烯装置
0.00,ST010137,<p>%(m/m)</p>,2025-09-08 08:00:00,异丙苯,延炼12万吨/年乙苯/苯乙烯装置
0.00,ST010137,<p>%(m/m)</p>,2025-09-08 08:00:00,正丙苯,延炼12万吨/年乙苯/苯乙烯装置
0.00,ST010137,<p>%(m/m)</p>,2025-09-08 08:00:00,甲乙苯,延炼12万吨/年乙苯/苯乙烯装置
56.76,ST010137,<p>%(m/m)</p>,2025-09-08 08:00:00,苯乙烯,延炼12万吨/年乙苯/苯乙烯装置
0.02,ST010137,<p>%(m/m)</p>,2025-09-08 08:00:00,α甲基苯乙烯,延炼12万吨/年乙苯/苯乙烯装置
0.00,ST010137,<p>%(m/m)</p>,2025-09-08 08:00:00,苯乙炔,延炼12万吨/年乙苯/苯乙烯装置
0.00,ST010137,<p>%(m/m)</p>,2025-09-08 08:00:00,间、对甲基苯乙烯,延炼12万吨/年乙苯/苯乙烯装置
0.18,ST010137,<p>%(m/m)</p>,2025-09-08 08:00:00,其  他,延炼12万吨/年乙苯/苯乙烯装置
0.00,ST010137,<p>%(m/m)</p>,2025-09-08 08:00:00,丙烯基苯,延炼12万吨/年乙苯/苯乙烯装置
0.00,ST010137,<p>%(m/m)</p>,2025-09-08 08:00:00,二氢噻喃,延炼12万吨/年乙苯/苯乙烯装置
0.01,ST010137,<p>%(m/m)</p>,2025-09-08 08:00:00,2-乙烯基噻吩,延炼12万吨/年乙苯/苯乙烯装置
0.06,ST010137,<p>%(m/m)</p>,2025-09-09 08:00:00,非  芳,延炼12万吨/年乙苯/苯乙烯装置
0.45,ST010137,<p>%(m/m)</p>,2025-09-09 08:00:00,苯,延炼12万吨/年乙苯/苯乙烯装置
1.05,ST010137,<p>%(m/m)</p>,2025-09-09 08:00:00,甲  苯,延炼12万吨/年乙苯/苯乙烯装置
39.79,ST010137,<p>%(m/m)</p>,2025-09-09 08:00:00,乙  苯,延炼12万吨/年乙苯/苯乙烯装置
1.18,ST010137,<p>%(m/m)</p>,2025-09-09 08:00:00,二甲苯,延炼12万吨/年乙苯/苯乙烯装置
0.00,ST010137,<p>%(m/m)</p>,2025-09-09 08:00:00,异丙苯,延炼12万吨/年乙苯/苯乙烯装置
0.00,ST010137,<p>%(m/m)</p>,2025-09-09 08:00:00,正丙苯,延炼12万吨/年乙苯/苯乙烯装置
0.00,ST010137,<p>%(m/m)</p>,2025-09-09 08:00:00,甲乙苯,延炼12万吨/年乙苯/苯乙烯装置
57.26,ST010137,<p>%(m/m)</p>,2025-09-09 08:00:00,苯乙烯,延炼12万吨/年乙苯/苯乙烯装置
0.02,ST010137,<p>%(m/m)</p>,2025-09-09 08:00:00,α甲基苯乙烯,延炼12万吨/年乙苯/苯乙烯装置
0.00,ST010137,<p>%(m/m)</p>,2025-09-09 08:00:00,苯乙炔,延炼12万吨/年乙苯/苯乙烯装置
0.00,ST010137,<p>%(m/m)</p>,2025-09-09 08:00:00,间、对甲基苯乙烯,延炼12万吨/年乙苯/苯乙烯装置
0.18,ST010137,<p>%(m/m)</p>,2025-09-09 08:00:00,其  他,延炼12万吨/年乙苯/苯乙烯装置
0.00,ST010137,<p>%(m/m)</p>,2025-09-09 08:00:00,丙烯基苯,延炼12万吨/年乙苯/苯乙烯装置
0.00,ST010137,<p>%(m/m)</p>,2025-09-09 08:00:00,二氢噻喃,延炼12万吨/年乙苯/苯乙烯装置
0.01,ST010137,<p>%(m/m)</p>,2025-09-09 08:00:00,2-乙烯基噻吩,延炼12万吨/年乙苯/苯乙烯装置
1.13,ST010137,<p>%(m/m)</p>,2025-09-10 08:00:00,甲  苯,延炼12万吨/年乙苯/苯乙烯装置
38.01,ST010137,<p>%(m/m)</p>,2025-09-10 08:00:00,乙  苯,延炼12万吨/年乙苯/苯乙烯装置
1.18,ST010137,<p>%(m/m)</p>,2025-09-10 08:00:00,二甲苯,延炼12万吨/年乙苯/苯乙烯装置
0.00,ST010137,<p>%(m/m)</p>,2025-09-10 08:00:00,异丙苯,延炼12万吨/年乙苯/苯乙烯装置
0.00,ST010137,<p>%(m/m)</p>,2025-09-10 08:00:00,正丙苯,延炼12万吨/年乙苯/苯乙烯装置
0.00,ST010137,<p>%(m/m)</p>,2025-09-10 08:00:00,甲乙苯,延炼12万吨/年乙苯/苯乙烯装置
58.92,ST010137,<p>%(m/m)</p>,2025-09-10 08:00:00,苯乙烯,延炼12万吨/年乙苯/苯乙烯装置
0.02,ST010137,<p>%(m/m)</p>,2025-09-10 08:00:00,α甲基苯乙烯,延炼12万吨/年乙苯/苯乙烯装置
0.00,ST010137,<p>%(m/m)</p>,2025-09-10 08:00:00,苯乙炔,延炼12万吨/年乙苯/苯乙烯装置
0.00,ST010137,<p>%(m/m)</p>,2025-09-10 08:00:00,间、对甲基苯乙烯,延炼12万吨/年乙苯/苯乙烯装置
0.17,ST010137,<p>%(m/m)</p>,2025-09-10 08:00:00,其  他,延炼12万吨/年乙苯/苯乙烯装置
0.00,ST010137,<p>%(m/m)</p>,2025-09-10 08:00:00,丙烯基苯,延炼12万吨/年乙苯/苯乙烯装置
0.00,ST010137,<p>%(m/m)</p>,2025-09-10 08:00:00,二氢噻喃,延炼12万吨/年乙苯/苯乙烯装置
0.01,ST010137,<p>%(m/m)</p>,2025-09-10 08:00:00,2-乙烯基噻吩,延炼12万吨/年乙苯/苯乙烯装置
0.06,ST010137,<p>%(m/m)</p>,2025-09-10 08:00:00,非  芳,延炼12万吨/年乙苯/苯乙烯装置
0.50,ST010137,<p>%(m/m)</p>,2025-09-10 08:00:00,苯,延炼12万吨/年乙苯/苯乙烯装置
0.06,ST010137,<p>%(m/m)</p>,2025-09-11 08:00:00,非  芳,延炼12万吨/年乙苯/苯乙烯装置
0.49,ST010137,<p>%(m/m)</p>,2025-09-11 08:00:00,苯,延炼12万吨/年乙苯/苯乙烯装置
1.11,ST010137,<p>%(m/m)</p>,2025-09-11 08:00:00,甲  苯,延炼12万吨/年乙苯/苯乙烯装置
37.62,ST010137,<p>%(m/m)</p>,2025-09-11 08:00:00,乙  苯,延炼12万吨/年乙苯/苯乙烯装置
1.16,ST010137,<p>%(m/m)</p>,2025-09-11 08:00:00,二甲苯,延炼12万吨/年乙苯/苯乙烯装置
0.00,ST010137,<p>%(m/m)</p>,2025-09-11 08:00:00,异丙苯,延炼12万吨/年乙苯/苯乙烯装置
0.00,ST010137,<p>%(m/m)</p>,2025-09-11 08:00:00,正丙苯,延炼12万吨/年乙苯/苯乙烯装置
0.00,ST010137,<p>%(m/m)</p>,2025-09-11 08:00:00,甲乙苯,延炼12万吨/年乙苯/苯乙烯装置
59.39,ST010137,<p>%(m/m)</p>,2025-09-11 08:00:00,苯乙烯,延炼12万吨/年乙苯/苯乙烯装置
0.02,ST010137,<p>%(m/m)</p>,2025-09-11 08:00:00,α甲基苯乙烯,延炼12万吨/年乙苯/苯乙烯装置
0.00,ST010137,<p>%(m/m)</p>,2025-09-11 08:00:00,苯乙炔,延炼12万吨/年乙苯/苯乙烯装置
0.00,ST010137,<p>%(m/m)</p>,2025-09-11 08:00:00,间、对甲基苯乙烯,延炼12万吨/年乙苯/苯乙烯装置
0.13,ST010137,<p>%(m/m)</p>,2025-09-11 08:00:00,其  他,延炼12万吨/年乙苯/苯乙烯装置
0.003,ST010137,<p>%(m/m)</p>,2025-09-11 08:00:00,二乙基苯,延炼12万吨/年乙苯/苯乙烯装置
0.00,ST010137,<p>%(m/m)</p>,2025-09-11 08:00:00,丙烯基苯,延炼12万吨/年乙苯/苯乙烯装置
0.00,ST010137,<p>%(m/m)</p>,2025-09-11 08:00:00,二氢噻喃,延炼12万吨/年乙苯/苯乙烯装置
0.01,ST010137,<p>%(m/m)</p>,2025-09-11 08:00:00,2-乙烯基噻吩,延炼12万吨/年乙苯/苯乙烯装置
0.06,ST010137,<p>%(m/m)</p>,2025-09-12 08:00:00,非  芳,延炼12万吨/年乙苯/苯乙烯装置
0.44,ST010137,<p>%(m/m)</p>,2025-09-12 08:00:00,苯,延炼12万吨/年乙苯/苯乙烯装置
1.04,ST010137,<p>%(m/m)</p>,2025-09-12 08:00:00,甲  苯,延炼12万吨/年乙苯/苯乙烯装置
39.25,ST010137,<p>%(m/m)</p>,2025-09-12 08:00:00,乙  苯,延炼12万吨/年乙苯/苯乙烯装置
0.43,ST010137,<p>%(m/m)</p>,2025-09-12 08:00:00,二甲苯,延炼12万吨/年乙苯/苯乙烯装置
0.00,ST010137,<p>%(m/m)</p>,2025-09-12 08:00:00,异丙苯,延炼12万吨/年乙苯/苯乙烯装置
0.00,ST010137,<p>%(m/m)</p>,2025-09-12 08:00:00,正丙苯,延炼12万吨/年乙苯/苯乙烯装置
0.00,ST010137,<p>%(m/m)</p>,2025-09-12 08:00:00,甲乙苯,延炼12万吨/年乙苯/苯乙烯装置
58.20,ST010137,<p>%(m/m)</p>,2025-09-12 08:00:00,苯乙烯,延炼12万吨/年乙苯/苯乙烯装置
0.02,ST010137,<p>%(m/m)</p>,2025-09-12 08:00:00,α甲基苯乙烯,延炼12万吨/年乙苯/苯乙烯装置
0.00,ST010137,<p>%(m/m)</p>,2025-09-12 08:00:00,苯乙炔,延炼12万吨/年乙苯/苯乙烯装置
0.00,ST010137,<p>%(m/m)</p>,2025-09-12 08:00:00,间、对甲基苯乙烯,延炼12万吨/年乙苯/苯乙烯装置
0.54,ST010137,<p>%(m/m)</p>,2025-09-12 08:00:00,其  他,延炼12万吨/年乙苯/苯乙烯装置
0.00,ST010137,<p>%(m/m)</p>,2025-09-12 08:00:00,丙烯基苯,延炼12万吨/年乙苯/苯乙烯装置
0.00,ST010137,<p>%(m/m)</p>,2025-09-12 08:00:00,二氢噻喃,延炼12万吨/年乙苯/苯乙烯装置
0.01,ST010137,<p>%(m/m)</p>,2025-09-12 08:00:00,2-乙烯基噻吩,延炼12万吨/年乙苯/苯乙烯装置
0.06,ST010137,<p>%(m/m)</p>,2025-09-13 08:00:00,非  芳,延炼12万吨/年乙苯/苯乙烯装置
0.45,ST010137,<p>%(m/m)</p>,2025-09-13 08:00:00,苯,延炼12万吨/年乙苯/苯乙烯装置
1.05,ST010137,<p>%(m/m)</p>,2025-09-13 08:00:00,甲  苯,延炼12万吨/年乙苯/苯乙烯装置
39.06,ST010137,<p>%(m/m)</p>,2025-09-13 08:00:00,乙  苯,延炼12万吨/年乙苯/苯乙烯装置
1.08,ST010137,<p>%(m/m)</p>,2025-09-13 08:00:00,二甲苯,延炼12万吨/年乙苯/苯乙烯装置
0.00,ST010137,<p>%(m/m)</p>,2025-09-13 08:00:00,异丙苯,延炼12万吨/年乙苯/苯乙烯装置
0.00,ST010137,<p>%(m/m)</p>,2025-09-13 08:00:00,正丙苯,延炼12万吨/年乙苯/苯乙烯装置
0.00,ST010137,<p>%(m/m)</p>,2025-09-13 08:00:00,甲乙苯,延炼12万吨/年乙苯/苯乙烯装置
58.12,ST010137,<p>%(m/m)</p>,2025-09-13 08:00:00,苯乙烯,延炼12万吨/年乙苯/苯乙烯装置
0.02,ST010137,<p>%(m/m)</p>,2025-09-13 08:00:00,α甲基苯乙烯,延炼12万吨/年乙苯/苯乙烯装置
0.00,ST010137,<p>%(m/m)</p>,2025-09-13 08:00:00,苯乙炔,延炼12万吨/年乙苯/苯乙烯装置
0.00,ST010137,<p>%(m/m)</p>,2025-09-13 08:00:00,间、对甲基苯乙烯,延炼12万吨/年乙苯/苯乙烯装置
0.16,ST010137,<p>%(m/m)</p>,2025-09-13 08:00:00,其  他,延炼12万吨/年乙苯/苯乙烯装置
0.00,ST010137,<p>%(m/m)</p>,2025-09-13 08:00:00,丙烯基苯,延炼12万吨/年乙苯/苯乙烯装置
0.00,ST010137,<p>%(m/m)</p>,2025-09-13 08:00:00,二氢噻喃,延炼12万吨/年乙苯/苯乙烯装置
0.01,ST010137,<p>%(m/m)</p>,2025-09-13 08:00:00,2-乙烯基噻吩,延炼12万吨/年乙苯/苯乙烯装置
0.06,ST010137,<p>%(m/m)</p>,2025-09-14 08:00:00,非  芳,延炼12万吨/年乙苯/苯乙烯装置
0.50,ST010137,<p>%(m/m)</p>,2025-09-14 08:00:00,苯,延炼12万吨/年乙苯/苯乙烯装置
1.17,ST010137,<p>%(m/m)</p>,2025-09-14 08:00:00,甲  苯,延炼12万吨/年乙苯/苯乙烯装置
38.72,ST010137,<p>%(m/m)</p>,2025-09-14 08:00:00,乙  苯,延炼12万吨/年乙苯/苯乙烯装置
1.29,ST010137,<p>%(m/m)</p>,2025-09-14 08:00:00,二甲苯,延炼12万吨/年乙苯/苯乙烯装置
0.00,ST010137,<p>%(m/m)</p>,2025-09-14 08:00:00,异丙苯,延炼12万吨/年乙苯/苯乙烯装置
0.00,ST010137,<p>%(m/m)</p>,2025-09-14 08:00:00,正丙苯,延炼12万吨/年乙苯/苯乙烯装置
0.00,ST010137,<p>%(m/m)</p>,2025-09-14 08:00:00,甲乙苯,延炼12万吨/年乙苯/苯乙烯装置
58.00,ST010137,<p>%(m/m)</p>,2025-09-14 08:00:00,苯乙烯,延炼12万吨/年乙苯/苯乙烯装置
0.02,ST010137,<p>%(m/m)</p>,2025-09-14 08:00:00,α甲基苯乙烯,延炼12万吨/年乙苯/苯乙烯装置
0.00,ST010137,<p>%(m/m)</p>,2025-09-14 08:00:00,苯乙炔,延炼12万吨/年乙苯/苯乙烯装置
0.00,ST010137,<p>%(m/m)</p>,2025-09-14 08:00:00,间、对甲基苯乙烯,延炼12万吨/年乙苯/苯乙烯装置
0.22,ST010137,<p>%(m/m)</p>,2025-09-14 08:00:00,其  他,延炼12万吨/年乙苯/苯乙烯装置
0.00,ST010137,<p>%(m/m)</p>,2025-09-14 08:00:00,丙烯基苯,延炼12万吨/年乙苯/苯乙烯装置
0.00,ST010137,<p>%(m/m)</p>,2025-09-14 08:00:00,二氢噻喃,延炼12万吨/年乙苯/苯乙烯装置
0.01,ST010137,<p>%(m/m)</p>,2025-09-14 08:00:00,2-乙烯基噻吩,延炼12万吨/年乙苯/苯乙烯装置
0.06,ST010137,<p>%(m/m)</p>,2025-09-15 08:00:00,非  芳,延炼12万吨/年乙苯/苯乙烯装置
0.48,ST010137,<p>%(m/m)</p>,2025-09-15 08:00:00,苯,延炼12万吨/年乙苯/苯乙烯装置
1.12,ST010137,<p>%(m/m)</p>,2025-09-15 08:00:00,甲  苯,延炼12万吨/年乙苯/苯乙烯装置
39.08,ST010137,<p>%(m/m)</p>,2025-09-15 08:00:00,乙  苯,延炼12万吨/年乙苯/苯乙烯装置
1.21,ST010137,<p>%(m/m)</p>,2025-09-15 08:00:00,二甲苯,延炼12万吨/年乙苯/苯乙烯装置
0.00,ST010137,<p>%(m/m)</p>,2025-09-15 08:00:00,异丙苯,延炼12万吨/年乙苯/苯乙烯装置
0.00,ST010137,<p>%(m/m)</p>,2025-09-15 08:00:00,正丙苯,延炼12万吨/年乙苯/苯乙烯装置
0.00,ST010137,<p>%(m/m)</p>,2025-09-15 08:00:00,甲乙苯,延炼12万吨/年乙苯/苯乙烯装置
57.87,ST010137,<p>%(m/m)</p>,2025-09-15 08:00:00,苯乙烯,延炼12万吨/年乙苯/苯乙烯装置
0.02,ST010137,<p>%(m/m)</p>,2025-09-15 08:00:00,α甲基苯乙烯,延炼12万吨/年乙苯/苯乙烯装置
0.00,ST010137,<p>%(m/m)</p>,2025-09-15 08:00:00,苯乙炔,延炼12万吨/年乙苯/苯乙烯装置
0.00,ST010137,<p>%(m/m)</p>,2025-09-15 08:00:00,间、对甲基苯乙烯,延炼12万吨/年乙苯/苯乙烯装置
0.15,ST010137,<p>%(m/m)</p>,2025-09-15 08:00:00,其  他,延炼12万吨/年乙苯/苯乙烯装置
0.00,ST010137,<p>%(m/m)</p>,2025-09-15 08:00:00,丙烯基苯,延炼12万吨/年乙苯/苯乙烯装置
0.00,ST010137,<p>%(m/m)</p>,2025-09-15 08:00:00,二氢噻喃,延炼12万吨/年乙苯/苯乙烯装置
0.01,ST010137,<p>%(m/m)</p>,2025-09-15 08:00:00,2-乙烯基噻吩,延炼12万吨/年乙苯/苯乙烯装置
0.06,ST010137,<p>%(m/m)</p>,2025-09-16 08:00:00,非  芳,延炼12万吨/年乙苯/苯乙烯装置
0.46,ST010137,<p>%(m/m)</p>,2025-09-16 08:00:00,苯,延炼12万吨/年乙苯/苯乙烯装置
1.08,ST010137,<p>%(m/m)</p>,2025-09-16 08:00:00,甲  苯,延炼12万吨/年乙苯/苯乙烯装置
39.43,ST010137,<p>%(m/m)</p>,2025-09-16 08:00:00,乙  苯,延炼12万吨/年乙苯/苯乙烯装置
1.12,ST010137,<p>%(m/m)</p>,2025-09-16 08:00:00,二甲苯,延炼12万吨/年乙苯/苯乙烯装置
0.00,ST010137,<p>%(m/m)</p>,2025-09-16 08:00:00,异丙苯,延炼12万吨/年乙苯/苯乙烯装置
0.00,ST010137,<p>%(m/m)</p>,2025-09-16 08:00:00,正丙苯,延炼12万吨/年乙苯/苯乙烯装置
0.00,ST010137,<p>%(m/m)</p>,2025-09-16 08:00:00,甲乙苯,延炼12万吨/年乙苯/苯乙烯装置
57.68,ST010137,<p>%(m/m)</p>,2025-09-16 08:00:00,苯乙烯,延炼12万吨/年乙苯/苯乙烯装置
0.02,ST010137,<p>%(m/m)</p>,2025-09-16 08:00:00,α甲基苯乙烯,延炼12万吨/年乙苯/苯乙烯装置
0.00,ST010137,<p>%(m/m)</p>,2025-09-16 08:00:00,苯乙炔,延炼12万吨/年乙苯/苯乙烯装置
0.00,ST010137,<p>%(m/m)</p>,2025-09-16 08:00:00,间、对甲基苯乙烯,延炼12万吨/年乙苯/苯乙烯装置
0.13,ST010137,<p>%(m/m)</p>,2025-09-16 08:00:00,其  他,延炼12万吨/年乙苯/苯乙烯装置
0.00,ST010137,<p>%(m/m)</p>,2025-09-16 08:00:00,丙烯基苯,延炼12万吨/年乙苯/苯乙烯装置
0.00,ST010137,<p>%(m/m)</p>,2025-09-16 08:00:00,二氢噻喃,延炼12万吨/年乙苯/苯乙烯装置
0.01,ST010137,<p>%(m/m)</p>,2025-09-16 08:00:00,2-乙烯基噻吩,延炼12万吨/年乙苯/苯乙烯装置
0.05,ST010137,<p>%(m/m)</p>,2025-09-17 08:00:00,非  芳,延炼12万吨/年乙苯/苯乙烯装置
0.44,ST010137,<p>%(m/m)</p>,2025-09-17 08:00:00,苯,延炼12万吨/年乙苯/苯乙烯装置
1.05,ST010137,<p>%(m/m)</p>,2025-09-17 08:00:00,甲  苯,延炼12万吨/年乙苯/苯乙烯装置
41.08,ST010137,<p>%(m/m)</p>,2025-09-17 08:00:00,乙  苯,延炼12万吨/年乙苯/苯乙烯装置
1.09,ST010137,<p>%(m/m)</p>,2025-09-17 08:00:00,二甲苯,延炼12万吨/年乙苯/苯乙烯装置
0.00,ST010137,<p>%(m/m)</p>,2025-09-17 08:00:00,异丙苯,延炼12万吨/年乙苯/苯乙烯装置
0.00,ST010137,<p>%(m/m)</p>,2025-09-17 08:00:00,正丙苯,延炼12万吨/年乙苯/苯乙烯装置
0.00,ST010137,<p>%(m/m)</p>,2025-09-17 08:00:00,甲乙苯,延炼12万吨/年乙苯/苯乙烯装置
56.12,ST010137,<p>%(m/m)</p>,2025-09-17 08:00:00,苯乙烯,延炼12万吨/年乙苯/苯乙烯装置
0.02,ST010137,<p>%(m/m)</p>,2025-09-17 08:00:00,α甲基苯乙烯,延炼12万吨/年乙苯/苯乙烯装置
0.00,ST010137,<p>%(m/m)</p>,2025-09-17 08:00:00,苯乙炔,延炼12万吨/年乙苯/苯乙烯装置
0.00,ST010137,<p>%(m/m)</p>,2025-09-17 08:00:00,间、对甲基苯乙烯,延炼12万吨/年乙苯/苯乙烯装置
0.12,ST010137,<p>%(m/m)</p>,2025-09-17 08:00:00,其  他,延炼12万吨/年乙苯/苯乙烯装置
0.00,ST010137,<p>%(m/m)</p>,2025-09-17 08:00:00,丙烯基苯,延炼12万吨/年乙苯/苯乙烯装置
0.00,ST010137,<p>%(m/m)</p>,2025-09-17 08:00:00,二氢噻喃,延炼12万吨/年乙苯/苯乙烯装置
0.01,ST010137,<p>%(m/m)</p>,2025-09-17 08:00:00,2-乙烯基噻吩,延炼12万吨/年乙苯/苯乙烯装置
0.05,ST010137,<p>%(m/m)</p>,2025-09-18 08:00:00,非  芳,延炼12万吨/年乙苯/苯乙烯装置
0.03,ST010137,<p>%(m/m)</p>,2025-09-18 08:00:00,苯,延炼12万吨/年乙苯/苯乙烯装置
0.45,ST010137,<p>%(m/m)</p>,2025-09-18 08:00:00,甲  苯,延炼12万吨/年乙苯/苯乙烯装置
36.56,ST010137,<p>%(m/m)</p>,2025-09-18 08:00:00,乙  苯,延炼12万吨/年乙苯/苯乙烯装置
1.05,ST010137,<p>%(m/m)</p>,2025-09-18 08:00:00,二甲苯,延炼12万吨/年乙苯/苯乙烯装置
0.00,ST010137,<p>%(m/m)</p>,2025-09-18 08:00:00,异丙苯,延炼12万吨/年乙苯/苯乙烯装置
0.00,ST010137,<p>%(m/m)</p>,2025-09-18 08:00:00,正丙苯,延炼12万吨/年乙苯/苯乙烯装置
0.00,ST010137,<p>%(m/m)</p>,2025-09-18 08:00:00,甲乙苯,延炼12万吨/年乙苯/苯乙烯装置
61.56,ST010137,<p>%(m/m)</p>,2025-09-18 08:00:00,苯乙烯,延炼12万吨/年乙苯/苯乙烯装置
0.02,ST010137,<p>%(m/m)</p>,2025-09-18 08:00:00,α甲基苯乙烯,延炼12万吨/年乙苯/苯乙烯装置
0.00,ST010137,<p>%(m/m)</p>,2025-09-18 08:00:00,苯乙炔,延炼12万吨/年乙苯/苯乙烯装置
0.00,ST010137,<p>%(m/m)</p>,2025-09-18 08:00:00,间、对甲基苯乙烯,延炼12万吨/年乙苯/苯乙烯装置
0.26,ST010137,<p>%(m/m)</p>,2025-09-18 08:00:00,其  他,延炼12万吨/年乙苯/苯乙烯装置
0.003,ST010137,<p>%(m/m)</p>,2025-09-18 08:00:00,二乙基苯,延炼12万吨/年乙苯/苯乙烯装置
0.00,ST010137,<p>%(m/m)</p>,2025-09-18 08:00:00,丙烯基苯,延炼12万吨/年乙苯/苯乙烯装置
0.00,ST010137,<p>%(m/m)</p>,2025-09-18 08:00:00,二氢噻喃,延炼12万吨/年乙苯/苯乙烯装置
0.01,ST010137,<p>%(m/m)</p>,2025-09-18 08:00:00,2-乙烯基噻吩,延炼12万吨/年乙苯/苯乙烯装置
0.06,ST010137,<p>%(m/m)</p>,2025-09-19 08:00:00,非  芳,延炼12万吨/年乙苯/苯乙烯装置
0.44,ST010137,<p>%(m/m)</p>,2025-09-19 08:00:00,苯,延炼12万吨/年乙苯/苯乙烯装置
1.03,ST010137,<p>%(m/m)</p>,2025-09-19 08:00:00,甲  苯,延炼12万吨/年乙苯/苯乙烯装置
39.79,ST010137,<p>%(m/m)</p>,2025-09-19 08:00:00,乙  苯,延炼12万吨/年乙苯/苯乙烯装置
1.24,ST010137,<p>%(m/m)</p>,2025-09-19 08:00:00,二甲苯,延炼12万吨/年乙苯/苯乙烯装置
0.00,ST010137,<p>%(m/m)</p>,2025-09-19 08:00:00,异丙苯,延炼12万吨/年乙苯/苯乙烯装置
0.00,ST010137,<p>%(m/m)</p>,2025-09-19 08:00:00,正丙苯,延炼12万吨/年乙苯/苯乙烯装置
0.00,ST010137,<p>%(m/m)</p>,2025-09-19 08:00:00,甲乙苯,延炼12万吨/年乙苯/苯乙烯装置
56.80,ST010137,<p>%(m/m)</p>,2025-09-19 08:00:00,苯乙烯,延炼12万吨/年乙苯/苯乙烯装置
0.02,ST010137,<p>%(m/m)</p>,2025-09-19 08:00:00,α甲基苯乙烯,延炼12万吨/年乙苯/苯乙烯装置
0.00,ST010137,<p>%(m/m)</p>,2025-09-19 08:00:00,苯乙炔,延炼12万吨/年乙苯/苯乙烯装置
0.00,ST010137,<p>%(m/m)</p>,2025-09-19 08:00:00,间、对甲基苯乙烯,延炼12万吨/年乙苯/苯乙烯装置
0.61,ST010137,<p>%(m/m)</p>,2025-09-19 08:00:00,其  他,延炼12万吨/年乙苯/苯乙烯装置
0.00,ST010137,<p>%(m/m)</p>,2025-09-19 08:00:00,丙烯基苯,延炼12万吨/年乙苯/苯乙烯装置
0.00,ST010137,<p>%(m/m)</p>,2025-09-19 08:00:00,二氢噻喃,延炼12万吨/年乙苯/苯乙烯装置
0.01,ST010137,<p>%(m/m)</p>,2025-09-19 08:00:00,2-乙烯基噻吩,延炼12万吨/年乙苯/苯乙烯装置
0.06,ST010137,<p>%(m/m)</p>,2025-09-20 08:00:00,非  芳,延炼12万吨/年乙苯/苯乙烯装置
0.48,ST010137,<p>%(m/m)</p>,2025-09-20 08:00:00,苯,延炼12万吨/年乙苯/苯乙烯装置
1.07,ST010137,<p>%(m/m)</p>,2025-09-20 08:00:00,甲  苯,延炼12万吨/年乙苯/苯乙烯装置
39.89,ST010137,<p>%(m/m)</p>,2025-09-20 08:00:00,乙  苯,延炼12万吨/年乙苯/苯乙烯装置
1.19,ST010137,<p>%(m/m)</p>,2025-09-20 08:00:00,二甲苯,延炼12万吨/年乙苯/苯乙烯装置
0.00,ST010137,<p>%(m/m)</p>,2025-09-20 08:00:00,异丙苯,延炼12万吨/年乙苯/苯乙烯装置
0.00,ST010137,<p>%(m/m)</p>,2025-09-20 08:00:00,正丙苯,延炼12万吨/年乙苯/苯乙烯装置
0.00,ST010137,<p>%(m/m)</p>,2025-09-20 08:00:00,甲乙苯,延炼12万吨/年乙苯/苯乙烯装置
57.13,ST010137,<p>%(m/m)</p>,2025-09-20 08:00:00,苯乙烯,延炼12万吨/年乙苯/苯乙烯装置
0.02,ST010137,<p>%(m/m)</p>,2025-09-20 08:00:00,α甲基苯乙烯,延炼12万吨/年乙苯/苯乙烯装置
0.00,ST010137,<p>%(m/m)</p>,2025-09-20 08:00:00,苯乙炔,延炼12万吨/年乙苯/苯乙烯装置
0.00,ST010137,<p>%(m/m)</p>,2025-09-20 08:00:00,间、对甲基苯乙烯,延炼12万吨/年乙苯/苯乙烯装置
0.14,ST010137,<p>%(m/m)</p>,2025-09-20 08:00:00,其  他,延炼12万吨/年乙苯/苯乙烯装置
0.00,ST010137,<p>%(m/m)</p>,2025-09-20 08:00:00,丙烯基苯,延炼12万吨/年乙苯/苯乙烯装置
0.00,ST010137,<p>%(m/m)</p>,2025-09-20 08:00:00,二氢噻喃,延炼12万吨/年乙苯/苯乙烯装置
0.01,ST010137,<p>%(m/m)</p>,2025-09-20 08:00:00,2-乙烯基噻吩,延炼12万吨/年乙苯/苯乙烯装置
0.06,ST010137,<p>%(m/m)</p>,2025-09-21 08:00:00,非  芳,延炼12万吨/年乙苯/苯乙烯装置
0.62,ST010137,<p>%(m/m)</p>,2025-09-21 08:00:00,苯,延炼12万吨/年乙苯/苯乙烯装置
1.38,ST010137,<p>%(m/m)</p>,2025-09-21 08:00:00,甲  苯,延炼12万吨/年乙苯/苯乙烯装置
41.35,ST010137,<p>%(m/m)</p>,2025-09-21 08:00:00,乙  苯,延炼12万吨/年乙苯/苯乙烯装置
1.21,ST010137,<p>%(m/m)</p>,2025-09-21 08:00:00,二甲苯,延炼12万吨/年乙苯/苯乙烯装置
0.00,ST010137,<p>%(m/m)</p>,2025-09-21 08:00:00,异丙苯,延炼12万吨/年乙苯/苯乙烯装置
0.00,ST010137,<p>%(m/m)</p>,2025-09-21 08:00:00,正丙苯,延炼12万吨/年乙苯/苯乙烯装置
0.00,ST010137,<p>%(m/m)</p>,2025-09-21 08:00:00,甲乙苯,延炼12万吨/年乙苯/苯乙烯装置
55.17,ST010137,<p>%(m/m)</p>,2025-09-21 08:00:00,苯乙烯,延炼12万吨/年乙苯/苯乙烯装置
0.02,ST010137,<p>%(m/m)</p>,2025-09-21 08:00:00,α甲基苯乙烯,延炼12万吨/年乙苯/苯乙烯装置
0.00,ST010137,<p>%(m/m)</p>,2025-09-21 08:00:00,苯乙炔,延炼12万吨/年乙苯/苯乙烯装置
0.00,ST010137,<p>%(m/m)</p>,2025-09-21 08:00:00,间、对甲基苯乙烯,延炼12万吨/年乙苯/苯乙烯装置
0.19,ST010137,<p>%(m/m)</p>,2025-09-21 08:00:00,其  他,延炼12万吨/年乙苯/苯乙烯装置
0.00,ST010137,<p>%(m/m)</p>,2025-09-21 08:00:00,丙烯基苯,延炼12万吨/年乙苯/苯乙烯装置
0.00,ST010137,<p>%(m/m)</p>,2025-09-21 08:00:00,二氢噻喃,延炼12万吨/年乙苯/苯乙烯装置
0.01,ST010137,<p>%(m/m)</p>,2025-09-21 08:00:00,2-乙烯基噻吩,延炼12万吨/年乙苯/苯乙烯装置
0.52,ST010137,<p>%(m/m)</p>,2025-09-22 08:00:00,苯,延炼12万吨/年乙苯/苯乙烯装置
1.19,ST010137,<p>%(m/m)</p>,2025-09-22 08:00:00,甲  苯,延炼12万吨/年乙苯/苯乙烯装置
40.56,ST010137,<p>%(m/m)</p>,2025-09-22 08:00:00,乙  苯,延炼12万吨/年乙苯/苯乙烯装置
1.26,ST010137,<p>%(m/m)</p>,2025-09-22 08:00:00,二甲苯,延炼12万吨/年乙苯/苯乙烯装置
0.00,ST010137,<p>%(m/m)</p>,2025-09-22 08:00:00,异丙苯,延炼12万吨/年乙苯/苯乙烯装置
0.00,ST010137,<p>%(m/m)</p>,2025-09-22 08:00:00,正丙苯,延炼12万吨/年乙苯/苯乙烯装置
0.00,ST010137,<p>%(m/m)</p>,2025-09-22 08:00:00,甲乙苯,延炼12万吨/年乙苯/苯乙烯装置
56.21,ST010137,<p>%(m/m)</p>,2025-09-22 08:00:00,苯乙烯,延炼12万吨/年乙苯/苯乙烯装置
0.02,ST010137,<p>%(m/m)</p>,2025-09-22 08:00:00,α甲基苯乙烯,延炼12万吨/年乙苯/苯乙烯装置
0.00,ST010137,<p>%(m/m)</p>,2025-09-22 08:00:00,苯乙炔,延炼12万吨/年乙苯/苯乙烯装置
0.00,ST010137,<p>%(m/m)</p>,2025-09-22 08:00:00,间、对甲基苯乙烯,延炼12万吨/年乙苯/苯乙烯装置
0.06,ST010137,<p>%(m/m)</p>,2025-09-22 08:00:00,非  芳,延炼12万吨/年乙苯/苯乙烯装置
0.16,ST010137,<p>%(m/m)</p>,2025-09-22 08:00:00,其  他,延炼12万吨/年乙苯/苯乙烯装置
0.00,ST010137,<p>%(m/m)</p>,2025-09-22 08:00:00,丙烯基苯,延炼12万吨/年乙苯/苯乙烯装置
0.00,ST010137,<p>%(m/m)</p>,2025-09-22 08:00:00,二氢噻喃,延炼12万吨/年乙苯/苯乙烯装置
0.01,ST010137,<p>%(m/m)</p>,2025-09-22 08:00:00,2-乙烯基噻吩,延炼12万吨/年乙苯/苯乙烯装置
0.06,ST010137,<p>%(m/m)</p>,2025-09-23 08:00:00,非  芳,延炼12万吨/年乙苯/苯乙烯装置
1.00,ST010137,<p>%(m/m)</p>,2025-09-23 08:00:00,苯,延炼12万吨/年乙苯/苯乙烯装置
2.21,ST010137,<p>%(m/m)</p>,2025-09-23 08:00:00,甲  苯,延炼12万吨/年乙苯/苯乙烯装置
40.55,ST010137,<p>%(m/m)</p>,2025-09-23 08:00:00,乙  苯,延炼12万吨/年乙苯/苯乙烯装置
1.28,ST010137,<p>%(m/m)</p>,2025-09-23 08:00:00,二甲苯,延炼12万吨/年乙苯/苯乙烯装置
0.00,ST010137,<p>%(m/m)</p>,2025-09-23 08:00:00,异丙苯,延炼12万吨/年乙苯/苯乙烯装置
0.00,ST010137,<p>%(m/m)</p>,2025-09-23 08:00:00,正丙苯,延炼12万吨/年乙苯/苯乙烯装置
0.00,ST010137,<p>%(m/m)</p>,2025-09-23 08:00:00,甲乙苯,延炼12万吨/年乙苯/苯乙烯装置
54.73,ST010137,<p>%(m/m)</p>,2025-09-23 08:00:00,苯乙烯,延炼12万吨/年乙苯/苯乙烯装置
0.02,ST010137,<p>%(m/m)</p>,2025-09-23 08:00:00,α甲基苯乙烯,延炼12万吨/年乙苯/苯乙烯装置
0.00,ST010137,<p>%(m/m)</p>,2025-09-23 08:00:00,苯乙炔,延炼12万吨/年乙苯/苯乙烯装置
0.00,ST010137,<p>%(m/m)</p>,2025-09-23 08:00:00,间、对甲基苯乙烯,延炼12万吨/年乙苯/苯乙烯装置
0.14,ST010137,<p>%(m/m)</p>,2025-09-23 08:00:00,其  他,延炼12万吨/年乙苯/苯乙烯装置
0.00,ST010137,<p>%(m/m)</p>,2025-09-23 08:00:00,丙烯基苯,延炼12万吨/年乙苯/苯乙烯装置
0.00,ST010137,<p>%(m/m)</p>,2025-09-23 08:00:00,二氢噻喃,延炼12万吨/年乙苯/苯乙烯装置
0.01,ST010137,<p>%(m/m)</p>,2025-09-23 08:00:00,2-乙烯基噻吩,延炼12万吨/年乙苯/苯乙烯装置
0.06,ST010137,<p>%(m/m)</p>,2025-09-24 08:00:00,非  芳,延炼12万吨/年乙苯/苯乙烯装置
0.45,ST010137,<p>%(m/m)</p>,2025-09-24 08:00:00,苯,延炼12万吨/年乙苯/苯乙烯装置
1.08,ST010137,<p>%(m/m)</p>,2025-09-24 08:00:00,甲  苯,延炼12万吨/年乙苯/苯乙烯装置
40.85,ST010137,<p>%(m/m)</p>,2025-09-24 08:00:00,乙  苯,延炼12万吨/年乙苯/苯乙烯装置
1.27,ST010137,<p>%(m/m)</p>,2025-09-24 08:00:00,二甲苯,延炼12万吨/年乙苯/苯乙烯装置
0.00,ST010137,<p>%(m/m)</p>,2025-09-24 08:00:00,异丙苯,延炼12万吨/年乙苯/苯乙烯装置
0.00,ST010137,<p>%(m/m)</p>,2025-09-24 08:00:00,正丙苯,延炼12万吨/年乙苯/苯乙烯装置
0.00,ST010137,<p>%(m/m)</p>,2025-09-24 08:00:00,甲乙苯,延炼12万吨/年乙苯/苯乙烯装置
56.10,ST010137,<p>%(m/m)</p>,2025-09-24 08:00:00,苯乙烯,延炼12万吨/年乙苯/苯乙烯装置
0.02,ST010137,<p>%(m/m)</p>,2025-09-24 08:00:00,α甲基苯乙烯,延炼12万吨/年乙苯/苯乙烯装置
0.00,ST010137,<p>%(m/m)</p>,2025-09-24 08:00:00,苯乙炔,延炼12万吨/年乙苯/苯乙烯装置
0.00,ST010137,<p>%(m/m)</p>,2025-09-24 08:00:00,间、对甲基苯乙烯,延炼12万吨/年乙苯/苯乙烯装置
0.14,ST010137,<p>%(m/m)</p>,2025-09-24 08:00:00,其  他,延炼12万吨/年乙苯/苯乙烯装置
0.00,ST010137,<p>%(m/m)</p>,2025-09-24 08:00:00,丙烯基苯,延炼12万吨/年乙苯/苯乙烯装置
0.00,ST010137,<p>%(m/m)</p>,2025-09-24 08:00:00,二氢噻喃,延炼12万吨/年乙苯/苯乙烯装置
0.01,ST010137,<p>%(m/m)</p>,2025-09-24 08:00:00,2-乙烯基噻吩,延炼12万吨/年乙苯/苯乙烯装置
0.06,ST010137,<p>%(m/m)</p>,2025-09-25 08:00:00,非  芳,延炼12万吨/年乙苯/苯乙烯装置
0.45,ST010137,<p>%(m/m)</p>,2025-09-25 08:00:00,苯,延炼12万吨/年乙苯/苯乙烯装置
1.11,ST010137,<p>%(m/m)</p>,2025-09-25 08:00:00,甲  苯,延炼12万吨/年乙苯/苯乙烯装置
41.53,ST010137,<p>%(m/m)</p>,2025-09-25 08:00:00,乙  苯,延炼12万吨/年乙苯/苯乙烯装置
1.07,ST010137,<p>%(m/m)</p>,2025-09-25 08:00:00,二甲苯,延炼12万吨/年乙苯/苯乙烯装置
0.00,ST010137,<p>%(m/m)</p>,2025-09-25 08:00:00,异丙苯,延炼12万吨/年乙苯/苯乙烯装置
0.00,ST010137,<p>%(m/m)</p>,2025-09-25 08:00:00,正丙苯,延炼12万吨/年乙苯/苯乙烯装置
0.00,ST010137,<p>%(m/m)</p>,2025-09-25 08:00:00,甲乙苯,延炼12万吨/年乙苯/苯乙烯装置
55.45,ST010137,<p>%(m/m)</p>,2025-09-25 08:00:00,苯乙烯,延炼12万吨/年乙苯/苯乙烯装置
0.02,ST010137,<p>%(m/m)</p>,2025-09-25 08:00:00,α甲基苯乙烯,延炼12万吨/年乙苯/苯乙烯装置
0.00,ST010137,<p>%(m/m)</p>,2025-09-25 08:00:00,苯乙炔,延炼12万吨/年乙苯/苯乙烯装置
0.00,ST010137,<p>%(m/m)</p>,2025-09-25 08:00:00,间、对甲基苯乙烯,延炼12万吨/年乙苯/苯乙烯装置
0.29,ST010137,<p>%(m/m)</p>,2025-09-25 08:00:00,其  他,延炼12万吨/年乙苯/苯乙烯装置
0.004,ST010137,<p>%(m/m)</p>,2025-09-25 08:00:00,二乙基苯,延炼12万吨/年乙苯/苯乙烯装置
0.00,ST010137,<p>%(m/m)</p>,2025-09-25 08:00:00,丙烯基苯,延炼12万吨/年乙苯/苯乙烯装置
0.00,ST010137,<p>%(m/m)</p>,2025-09-25 08:00:00,二氢噻喃,延炼12万吨/年乙苯/苯乙烯装置
0.01,ST010137,<p>%(m/m)</p>,2025-09-25 08:00:00,2-乙烯基噻吩,延炼12万吨/年乙苯/苯乙烯装置
0.06,ST010137,<p>%(m/m)</p>,2025-09-26 08:00:00,非  芳,延炼12万吨/年乙苯/苯乙烯装置
0.48,ST010137,<p>%(m/m)</p>,2025-09-26 08:00:00,苯,延炼12万吨/年乙苯/苯乙烯装置
1.09,ST010137,<p>%(m/m)</p>,2025-09-26 08:00:00,甲  苯,延炼12万吨/年乙苯/苯乙烯装置
41.32,ST010137,<p>%(m/m)</p>,2025-09-26 08:00:00,乙  苯,延炼12万吨/年乙苯/苯乙烯装置
1.12,ST010137,<p>%(m/m)</p>,2025-09-26 08:00:00,二甲苯,延炼12万吨/年乙苯/苯乙烯装置
0.00,ST010137,<p>%(m/m)</p>,2025-09-26 08:00:00,异丙苯,延炼12万吨/年乙苯/苯乙烯装置
0.00,ST010137,<p>%(m/m)</p>,2025-09-26 08:00:00,正丙苯,延炼12万吨/年乙苯/苯乙烯装置
0.00,ST010137,<p>%(m/m)</p>,2025-09-26 08:00:00,甲乙苯,延炼12万吨/年乙苯/苯乙烯装置
55.72,ST010137,<p>%(m/m)</p>,2025-09-26 08:00:00,苯乙烯,延炼12万吨/年乙苯/苯乙烯装置
0.02,ST010137,<p>%(m/m)</p>,2025-09-26 08:00:00,α甲基苯乙烯,延炼12万吨/年乙苯/苯乙烯装置
0.00,ST010137,<p>%(m/m)</p>,2025-09-26 08:00:00,苯乙炔,延炼12万吨/年乙苯/苯乙烯装置
0.00,ST010137,<p>%(m/m)</p>,2025-09-26 08:00:00,间、对甲基苯乙烯,延炼12万吨/年乙苯/苯乙烯装置
0.18,ST010137,<p>%(m/m)</p>,2025-09-26 08:00:00,其  他,延炼12万吨/年乙苯/苯乙烯装置
0.00,ST010137,<p>%(m/m)</p>,2025-09-26 08:00:00,丙烯基苯,延炼12万吨/年乙苯/苯乙烯装置
0.00,ST010137,<p>%(m/m)</p>,2025-09-26 08:00:00,二氢噻喃,延炼12万吨/年乙苯/苯乙烯装置
0.01,ST010137,<p>%(m/m)</p>,2025-09-26 08:00:00,2-乙烯基噻吩,延炼12万吨/年乙苯/苯乙烯装置
0.05,ST010137,<p>%(m/m)</p>,2025-09-27 08:00:00,非  芳,延炼12万吨/年乙苯/苯乙烯装置
0.46,ST010137,<p>%(m/m)</p>,2025-09-27 08:00:00,苯,延炼12万吨/年乙苯/苯乙烯装置
1.04,ST010137,<p>%(m/m)</p>,2025-09-27 08:00:00,甲  苯,延炼12万吨/年乙苯/苯乙烯装置
40.74,ST010137,<p>%(m/m)</p>,2025-09-27 08:00:00,乙  苯,延炼12万吨/年乙苯/苯乙烯装置
1.11,ST010137,<p>%(m/m)</p>,2025-09-27 08:00:00,二甲苯,延炼12万吨/年乙苯/苯乙烯装置
0.00,ST010137,<p>%(m/m)</p>,2025-09-27 08:00:00,异丙苯,延炼12万吨/年乙苯/苯乙烯装置
0.00,ST010137,<p>%(m/m)</p>,2025-09-27 08:00:00,正丙苯,延炼12万吨/年乙苯/苯乙烯装置
0.00,ST010137,<p>%(m/m)</p>,2025-09-27 08:00:00,甲乙苯,延炼12万吨/年乙苯/苯乙烯装置
56.40,ST010137,<p>%(m/m)</p>,2025-09-27 08:00:00,苯乙烯,延炼12万吨/年乙苯/苯乙烯装置
0.02,ST010137,<p>%(m/m)</p>,2025-09-27 08:00:00,α甲基苯乙烯,延炼12万吨/年乙苯/苯乙烯装置
0.00,ST010137,<p>%(m/m)</p>,2025-09-27 08:00:00,苯乙炔,延炼12万吨/年乙苯/苯乙烯装置
0.00,ST010137,<p>%(m/m)</p>,2025-09-27 08:00:00,间、对甲基苯乙烯,延炼12万吨/年乙苯/苯乙烯装置
0.16,ST010137,<p>%(m/m)</p>,2025-09-27 08:00:00,其  他,延炼12万吨/年乙苯/苯乙烯装置
0.00,ST010137,<p>%(m/m)</p>,2025-09-27 08:00:00,丙烯基苯,延炼12万吨/年乙苯/苯乙烯装置
0.00,ST010137,<p>%(m/m)</p>,2025-09-27 08:00:00,二氢噻喃,延炼12万吨/年乙苯/苯乙烯装置
0.01,ST010137,<p>%(m/m)</p>,2025-09-27 08:00:00,2-乙烯基噻吩,延炼12万吨/年乙苯/苯乙烯装置
0.07,ST010137,<p>%(m/m)</p>,2025-09-28 08:00:00,非  芳,延炼12万吨/年乙苯/苯乙烯装置
0.48,ST010137,<p>%(m/m)</p>,2025-09-28 08:00:00,苯,延炼12万吨/年乙苯/苯乙烯装置
1.13,ST010137,<p>%(m/m)</p>,2025-09-28 08:00:00,甲  苯,延炼12万吨/年乙苯/苯乙烯装置
40.14,ST010137,<p>%(m/m)</p>,2025-09-28 08:00:00,乙  苯,延炼12万吨/年乙苯/苯乙烯装置
1.31,ST010137,<p>%(m/m)</p>,2025-09-28 08:00:00,二甲苯,延炼12万吨/年乙苯/苯乙烯装置
0.00,ST010137,<p>%(m/m)</p>,2025-09-28 08:00:00,异丙苯,延炼12万吨/年乙苯/苯乙烯装置
0.00,ST010137,<p>%(m/m)</p>,2025-09-28 08:00:00,正丙苯,延炼12万吨/年乙苯/苯乙烯装置
0.00,ST010137,<p>%(m/m)</p>,2025-09-28 08:00:00,甲乙苯,延炼12万吨/年乙苯/苯乙烯装置
56.72,ST010137,<p>%(m/m)</p>,2025-09-28 08:00:00,苯乙烯,延炼12万吨/年乙苯/苯乙烯装置
0.02,ST010137,<p>%(m/m)</p>,2025-09-28 08:00:00,α甲基苯乙烯,延炼12万吨/年乙苯/苯乙烯装置
0.00,ST010137,<p>%(m/m)</p>,2025-09-28 08:00:00,苯乙炔,延炼12万吨/年乙苯/苯乙烯装置
0.00,ST010137,<p>%(m/m)</p>,2025-09-28 08:00:00,间、对甲基苯乙烯,延炼12万吨/年乙苯/苯乙烯装置
0.12,ST010137,<p>%(m/m)</p>,2025-09-28 08:00:00,其  他,延炼12万吨/年乙苯/苯乙烯装置
0.00,ST010137,<p>%(m/m)</p>,2025-09-28 08:00:00,丙烯基苯,延炼12万吨/年乙苯/苯乙烯装置
0.00,ST010137,<p>%(m/m)</p>,2025-09-28 08:00:00,二氢噻喃,延炼12万吨/年乙苯/苯乙烯装置
0.01,ST010137,<p>%(m/m)</p>,2025-09-28 08:00:00,2-乙烯基噻吩,延炼12万吨/年乙苯/苯乙烯装置
0.06,ST010137,<p>%(m/m)</p>,2025-09-29 08:00:00,非  芳,延炼12万吨/年乙苯/苯乙烯装置
0.46,ST010137,<p>%(m/m)</p>,2025-09-29 08:00:00,苯,延炼12万吨/年乙苯/苯乙烯装置
1.04,ST010137,<p>%(m/m)</p>,2025-09-29 08:00:00,甲  苯,延炼12万吨/年乙苯/苯乙烯装置
41.80,ST010137,<p>%(m/m)</p>,2025-09-29 08:00:00,乙  苯,延炼12万吨/年乙苯/苯乙烯装置
1.14,ST010137,<p>%(m/m)</p>,2025-09-29 08:00:00,二甲苯,延炼12万吨/年乙苯/苯乙烯装置
0.00,ST010137,<p>%(m/m)</p>,2025-09-29 08:00:00,异丙苯,延炼12万吨/年乙苯/苯乙烯装置
0.00,ST010137,<p>%(m/m)</p>,2025-09-29 08:00:00,正丙苯,延炼12万吨/年乙苯/苯乙烯装置
0.00,ST010137,<p>%(m/m)</p>,2025-09-29 08:00:00,甲乙苯,延炼12万吨/年乙苯/苯乙烯装置
55.33,ST010137,<p>%(m/m)</p>,2025-09-29 08:00:00,苯乙烯,延炼12万吨/年乙苯/苯乙烯装置
0.02,ST010137,<p>%(m/m)</p>,2025-09-29 08:00:00,α甲基苯乙烯,延炼12万吨/年乙苯/苯乙烯装置
0.00,ST010137,<p>%(m/m)</p>,2025-09-29 08:00:00,苯乙炔,延炼12万吨/年乙苯/苯乙烯装置
0.00,ST010137,<p>%(m/m)</p>,2025-09-29 08:00:00,间、对甲基苯乙烯,延炼12万吨/年乙苯/苯乙烯装置
0.12,ST010137,<p>%(m/m)</p>,2025-09-29 08:00:00,其  他,延炼12万吨/年乙苯/苯乙烯装置
0.00,ST010137,<p>%(m/m)</p>,2025-09-29 08:00:00,丙烯基苯,延炼12万吨/年乙苯/苯乙烯装置
0.00,ST010137,<p>%(m/m)</p>,2025-09-29 08:00:00,二氢噻喃,延炼12万吨/年乙苯/苯乙烯装置
0.01,ST010137,<p>%(m/m)</p>,2025-09-29 08:00:00,2-乙烯基噻吩,延炼12万吨/年乙苯/苯乙烯装置
0.06,ST010137,<p>%(m/m)</p>,2025-09-30 08:00:00,非  芳,延炼12万吨/年乙苯/苯乙烯装置
0.34,ST010137,<p>%(m/m)</p>,2025-09-30 08:00:00,苯,延炼12万吨/年乙苯/苯乙烯装置
0.84,ST010137,<p>%(m/m)</p>,2025-09-30 08:00:00,甲  苯,延炼12万吨/年乙苯/苯乙烯装置
44.90,ST010137,<p>%(m/m)</p>,2025-09-30 08:00:00,乙  苯,延炼12万吨/年乙苯/苯乙烯装置
0.67,ST010137,<p>%(m/m)</p>,2025-09-30 08:00:00,二甲苯,延炼12万吨/年乙苯/苯乙烯装置
0.00,ST010137,<p>%(m/m)</p>,2025-09-30 08:00:00,异丙苯,延炼12万吨/年乙苯/苯乙烯装置
0.00,ST010137,<p>%(m/m)</p>,2025-09-30 08:00:00,正丙苯,延炼12万吨/年乙苯/苯乙烯装置
0.00,ST010137,<p>%(m/m)</p>,2025-09-30 08:00:00,甲乙苯,延炼12万吨/年乙苯/苯乙烯装置
52.98,ST010137,<p>%(m/m)</p>,2025-09-30 08:00:00,苯乙烯,延炼12万吨/年乙苯/苯乙烯装置
0.01,ST010137,<p>%(m/m)</p>,2025-09-30 08:00:00,α甲基苯乙烯,延炼12万吨/年乙苯/苯乙烯装置
0.00,ST010137,<p>%(m/m)</p>,2025-09-30 08:00:00,苯乙炔,延炼12万吨/年乙苯/苯乙烯装置
0.00,ST010137,<p>%(m/m)</p>,2025-09-30 08:00:00,间、对甲基苯乙烯,延炼12万吨/年乙苯/苯乙烯装置
0.18,ST010137,<p>%(m/m)</p>,2025-09-30 08:00:00,其  他,延炼12万吨/年乙苯/苯乙烯装置
0.00,ST010137,<p>%(m/m)</p>,2025-09-30 08:00:00,丙烯基苯,延炼12万吨/年乙苯/苯乙烯装置
0.00,ST010137,<p>%(m/m)</p>,2025-09-30 08:00:00,二氢噻喃,延炼12万吨/年乙苯/苯乙烯装置
0.01,ST010137,<p>%(m/m)</p>,2025-09-30 08:00:00,2-乙烯基噻吩,延炼12万吨/年乙苯/苯乙烯装置
0.05,ST010137,<p>%(m/m)</p>,2025-10-01 08:00:00,非  芳,延炼12万吨/年乙苯/苯乙烯装置
0.44,ST010137,<p>%(m/m)</p>,2025-10-01 08:00:00,苯,延炼12万吨/年乙苯/苯乙烯装置
0.99,ST010137,<p>%(m/m)</p>,2025-10-01 08:00:00,甲  苯,延炼12万吨/年乙苯/苯乙烯装置
41.28,ST010137,<p>%(m/m)</p>,2025-10-01 08:00:00,乙  苯,延炼12万吨/年乙苯/苯乙烯装置
0.72,ST010137,<p>%(m/m)</p>,2025-10-01 08:00:00,二甲苯,延炼12万吨/年乙苯/苯乙烯装置
0.00,ST010137,<p>%(m/m)</p>,2025-10-01 08:00:00,异丙苯,延炼12万吨/年乙苯/苯乙烯装置
0.00,ST010137,<p>%(m/m)</p>,2025-10-01 08:00:00,正丙苯,延炼12万吨/年乙苯/苯乙烯装置
0.00,ST010137,<p>%(m/m)</p>,2025-10-01 08:00:00,甲乙苯,延炼12万吨/年乙苯/苯乙烯装置
56.26,ST010137,<p>%(m/m)</p>,2025-10-01 08:00:00,苯乙烯,延炼12万吨/年乙苯/苯乙烯装置
0.02,ST010137,<p>%(m/m)</p>,2025-10-01 08:00:00,α甲基苯乙烯,延炼12万吨/年乙苯/苯乙烯装置
0.00,ST010137,<p>%(m/m)</p>,2025-10-01 08:00:00,苯乙炔,延炼12万吨/年乙苯/苯乙烯装置
0.00,ST010137,<p>%(m/m)</p>,2025-10-01 08:00:00,间、对甲基苯乙烯,延炼12万吨/年乙苯/苯乙烯装置
0.22,ST010137,<p>%(m/m)</p>,2025-10-01 08:00:00,其  他,延炼12万吨/年乙苯/苯乙烯装置
0.00,ST010137,<p>%(m/m)</p>,2025-10-01 08:00:00,丙烯基苯,延炼12万吨/年乙苯/苯乙烯装置
0.00,ST010137,<p>%(m/m)</p>,2025-10-01 08:00:00,二氢噻喃,延炼12万吨/年乙苯/苯乙烯装置
0.01,ST010137,<p>%(m/m)</p>,2025-10-01 08:00:00,2-乙烯基噻吩,延炼12万吨/年乙苯/苯乙烯装置
0.06,ST010137,<p>%(m/m)</p>,2025-10-02 08:00:00,非  芳,延炼12万吨/年乙苯/苯乙烯装置
0.43,ST010137,<p>%(m/m)</p>,2025-10-02 08:00:00,苯,延炼12万吨/年乙苯/苯乙烯装置
0.99,ST010137,<p>%(m/m)</p>,2025-10-02 08:00:00,甲  苯,延炼12万吨/年乙苯/苯乙烯装置
41.37,ST010137,<p>%(m/m)</p>,2025-10-02 08:00:00,乙  苯,延炼12万吨/年乙苯/苯乙烯装置
1.20,ST010137,<p>%(m/m)</p>,2025-10-02 08:00:00,二甲苯,延炼12万吨/年乙苯/苯乙烯装置
0.00,ST010137,<p>%(m/m)</p>,2025-10-02 08:00:00,异丙苯,延炼12万吨/年乙苯/苯乙烯装置
0.00,ST010137,<p>%(m/m)</p>,2025-10-02 08:00:00,正丙苯,延炼12万吨/年乙苯/苯乙烯装置
0.00,ST010137,<p>%(m/m)</p>,2025-10-02 08:00:00,甲乙苯,延炼12万吨/年乙苯/苯乙烯装置
55.79,ST010137,<p>%(m/m)</p>,2025-10-02 08:00:00,苯乙烯,延炼12万吨/年乙苯/苯乙烯装置
0.02,ST010137,<p>%(m/m)</p>,2025-10-02 08:00:00,α甲基苯乙烯,延炼12万吨/年乙苯/苯乙烯装置
0.00,ST010137,<p>%(m/m)</p>,2025-10-02 08:00:00,苯乙炔,延炼12万吨/年乙苯/苯乙烯装置
0.00,ST010137,<p>%(m/m)</p>,2025-10-02 08:00:00,间、对甲基苯乙烯,延炼12万吨/年乙苯/苯乙烯装置
0.11,ST010137,<p>%(m/m)</p>,2025-10-02 08:00:00,其  他,延炼12万吨/年乙苯/苯乙烯装置
0.002,ST010137,<p>%(m/m)</p>,2025-10-02 08:00:00,二乙基苯,延炼12万吨/年乙苯/苯乙烯装置
0.00,ST010137,<p>%(m/m)</p>,2025-10-02 08:00:00,丙烯基苯,延炼12万吨/年乙苯/苯乙烯装置
0.00,ST010137,<p>%(m/m)</p>,2025-10-02 08:00:00,二氢噻喃,延炼12万吨/年乙苯/苯乙烯装置
0.02,ST010137,<p>%(m/m)</p>,2025-10-02 08:00:00,2-乙烯基噻吩,延炼12万吨/年乙苯/苯乙烯装置
0.00,ST010137,<p>%(m/m)</p>,2025-10-03 08:00:00,正丙苯,延炼12万吨/年乙苯/苯乙烯装置
0.00,ST010137,<p>%(m/m)</p>,2025-10-03 08:00:00,甲乙苯,延炼12万吨/年乙苯/苯乙烯装置
55.84,ST010137,<p>%(m/m)</p>,2025-10-03 08:00:00,苯乙烯,延炼12万吨/年乙苯/苯乙烯装置
0.02,ST010137,<p>%(m/m)</p>,2025-10-03 08:00:00,α甲基苯乙烯,延炼12万吨/年乙苯/苯乙烯装置
0.00,ST010137,<p>%(m/m)</p>,2025-10-03 08:00:00,苯乙炔,延炼12万吨/年乙苯/苯乙烯装置
0.00,ST010137,<p>%(m/m)</p>,2025-10-03 08:00:00,间、对甲基苯乙烯,延炼12万吨/年乙苯/苯乙烯装置
0.18,ST010137,<p>%(m/m)</p>,2025-10-03 08:00:00,其  他,延炼12万吨/年乙苯/苯乙烯装置
0.00,ST010137,<p>%(m/m)</p>,2025-10-03 08:00:00,丙烯基苯,延炼12万吨/年乙苯/苯乙烯装置
0.00,ST010137,<p>%(m/m)</p>,2025-10-03 08:00:00,二氢噻喃,延炼12万吨/年乙苯/苯乙烯装置
0.02,ST010137,<p>%(m/m)</p>,2025-10-03 08:00:00,2-乙烯基噻吩,延炼12万吨/年乙苯/苯乙烯装置
0.05,ST010137,<p>%(m/m)</p>,2025-10-03 08:00:00,非  芳,延炼12万吨/年乙苯/苯乙烯装置
0.41,ST010137,<p>%(m/m)</p>,2025-10-03 08:00:00,苯,延炼12万吨/年乙苯/苯乙烯装置
0.97,ST010137,<p>%(m/m)</p>,2025-10-03 08:00:00,甲  苯,延炼12万吨/年乙苯/苯乙烯装置
41.30,ST010137,<p>%(m/m)</p>,2025-10-03 08:00:00,乙  苯,延炼12万吨/年乙苯/苯乙烯装置
1.20,ST010137,<p>%(m/m)</p>,2025-10-03 08:00:00,二甲苯,延炼12万吨/年乙苯/苯乙烯装置
0.00,ST010137,<p>%(m/m)</p>,2025-10-03 08:00:00,异丙苯,延炼12万吨/年乙苯/苯乙烯装置
0.06,ST010137,<p>%(m/m)</p>,2025-10-04 08:00:00,非  芳,延炼12万吨/年乙苯/苯乙烯装置
0.45,ST010137,<p>%(m/m)</p>,2025-10-04 08:00:00,苯,延炼12万吨/年乙苯/苯乙烯装置
1.01,ST010137,<p>%(m/m)</p>,2025-10-04 08:00:00,甲  苯,延炼12万吨/年乙苯/苯乙烯装置
41.58,ST010137,<p>%(m/m)</p>,2025-10-04 08:00:00,乙  苯,延炼12万吨/年乙苯/苯乙烯装置
1.15,ST010137,<p>%(m/m)</p>,2025-10-04 08:00:00,二甲苯,延炼12万吨/年乙苯/苯乙烯装置
0.00,ST010137,<p>%(m/m)</p>,2025-10-04 08:00:00,异丙苯,延炼12万吨/年乙苯/苯乙烯装置
0.00,ST010137,<p>%(m/m)</p>,2025-10-04 08:00:00,正丙苯,延炼12万吨/年乙苯/苯乙烯装置
0.00,ST010137,<p>%(m/m)</p>,2025-10-04 08:00:00,甲乙苯,延炼12万吨/年乙苯/苯乙烯装置
55.60,ST010137,<p>%(m/m)</p>,2025-10-04 08:00:00,苯乙烯,延炼12万吨/年乙苯/苯乙烯装置
0.02,ST010137,<p>%(m/m)</p>,2025-10-04 08:00:00,α甲基苯乙烯,延炼12万吨/年乙苯/苯乙烯装置
0.00,ST010137,<p>%(m/m)</p>,2025-10-04 08:00:00,苯乙炔,延炼12万吨/年乙苯/苯乙烯装置
0.00,ST010137,<p>%(m/m)</p>,2025-10-04 08:00:00,间、对甲基苯乙烯,延炼12万吨/年乙苯/苯乙烯装置
0.12,ST010137,<p>%(m/m)</p>,2025-10-04 08:00:00,其  他,延炼12万吨/年乙苯/苯乙烯装置
0.00,ST010137,<p>%(m/m)</p>,2025-10-04 08:00:00,丙烯基苯,延炼12万吨/年乙苯/苯乙烯装置
0.00,ST010137,<p>%(m/m)</p>,2025-10-04 08:00:00,二氢噻喃,延炼12万吨/年乙苯/苯乙烯装置
0.00,ST010137,<p>%(m/m)</p>,2025-10-04 08:00:00,2-乙烯基噻吩,延炼12万吨/年乙苯/苯乙烯装置
0.06,ST010137,<p>%(m/m)</p>,2025-10-05 08:00:00,非  芳,延炼12万吨/年乙苯/苯乙烯装置
0.45,ST010137,<p>%(m/m)</p>,2025-10-05 08:00:00,苯,延炼12万吨/年乙苯/苯乙烯装置
1.05,ST010137,<p>%(m/m)</p>,2025-10-05 08:00:00,甲  苯,延炼12万吨/年乙苯/苯乙烯装置
41.90,ST010137,<p>%(m/m)</p>,2025-10-05 08:00:00,乙  苯,延炼12万吨/年乙苯/苯乙烯装置
1.14,ST010137,<p>%(m/m)</p>,2025-10-05 08:00:00,二甲苯,延炼12万吨/年乙苯/苯乙烯装置
0.00,ST010137,<p>%(m/m)</p>,2025-10-05 08:00:00,异丙苯,延炼12万吨/年乙苯/苯乙烯装置
0.00,ST010137,<p>%(m/m)</p>,2025-10-05 08:00:00,正丙苯,延炼12万吨/年乙苯/苯乙烯装置
0.00,ST010137,<p>%(m/m)</p>,2025-10-05 08:00:00,甲乙苯,延炼12万吨/年乙苯/苯乙烯装置
55.25,ST010137,<p>%(m/m)</p>,2025-10-05 08:00:00,苯乙烯,延炼12万吨/年乙苯/苯乙烯装置
0.02,ST010137,<p>%(m/m)</p>,2025-10-05 08:00:00,α甲基苯乙烯,延炼12万吨/年乙苯/苯乙烯装置
0.00,ST010137,<p>%(m/m)</p>,2025-10-05 08:00:00,苯乙炔,延炼12万吨/年乙苯/苯乙烯装置
0.00,ST010137,<p>%(m/m)</p>,2025-10-05 08:00:00,间、对甲基苯乙烯,延炼12万吨/年乙苯/苯乙烯装置
0.12,ST010137,<p>%(m/m)</p>,2025-10-05 08:00:00,其  他,延炼12万吨/年乙苯/苯乙烯装置
0.00,ST010137,<p>%(m/m)</p>,2025-10-05 08:00:00,丙烯基苯,延炼12万吨/年乙苯/苯乙烯装置
0.00,ST010137,<p>%(m/m)</p>,2025-10-05 08:00:00,二氢噻喃,延炼12万吨/年乙苯/苯乙烯装置
0.00,ST010137,<p>%(m/m)</p>,2025-10-05 08:00:00,2-乙烯基噻吩,延炼12万吨/年乙苯/苯乙烯装置
0.05,ST010137,<p>%(m/m)</p>,2025-10-06 08:00:00,非  芳,延炼12万吨/年乙苯/苯乙烯装置
0.40,ST010137,<p>%(m/m)</p>,2025-10-06 08:00:00,苯,延炼12万吨/年乙苯/苯乙烯装置
0.95,ST010137,<p>%(m/m)</p>,2025-10-06 08:00:00,甲  苯,延炼12万吨/年乙苯/苯乙烯装置
41.93,ST010137,<p>%(m/m)</p>,2025-10-06 08:00:00,乙  苯,延炼12万吨/年乙苯/苯乙烯装置
1.13,ST010137,<p>%(m/m)</p>,2025-10-06 08:00:00,二甲苯,延炼12万吨/年乙苯/苯乙烯装置
0.00,ST010137,<p>%(m/m)</p>,2025-10-06 08:00:00,异丙苯,延炼12万吨/年乙苯/苯乙烯装置
0.00,ST010137,<p>%(m/m)</p>,2025-10-06 08:00:00,正丙苯,延炼12万吨/年乙苯/苯乙烯装置
0.00,ST010137,<p>%(m/m)</p>,2025-10-06 08:00:00,甲乙苯,延炼12万吨/年乙苯/苯乙烯装置
55.39,ST010137,<p>%(m/m)</p>,2025-10-06 08:00:00,苯乙烯,延炼12万吨/年乙苯/苯乙烯装置
0.02,ST010137,<p>%(m/m)</p>,2025-10-06 08:00:00,α甲基苯乙烯,延炼12万吨/年乙苯/苯乙烯装置
0.00,ST010137,<p>%(m/m)</p>,2025-10-06 08:00:00,苯乙炔,延炼12万吨/年乙苯/苯乙烯装置
0.00,ST010137,<p>%(m/m)</p>,2025-10-06 08:00:00,间、对甲基苯乙烯,延炼12万吨/年乙苯/苯乙烯装置
0.12,ST010137,<p>%(m/m)</p>,2025-10-06 08:00:00,其  他,延炼12万吨/年乙苯/苯乙烯装置
0.00,ST010137,<p>%(m/m)</p>,2025-10-06 08:00:00,丙烯基苯,延炼12万吨/年乙苯/苯乙烯装置
0.00,ST010137,<p>%(m/m)</p>,2025-10-06 08:00:00,二氢噻喃,延炼12万吨/年乙苯/苯乙烯装置
0.01,ST010137,<p>%(m/m)</p>,2025-10-06 08:00:00,2-乙烯基噻吩,延炼12万吨/年乙苯/苯乙烯装置
0.06,ST010137,<p>%(m/m)</p>,2025-10-07 08:00:00,非  芳,延炼12万吨/年乙苯/苯乙烯装置
0.61,ST010137,<p>%(m/m)</p>,2025-10-07 08:00:00,苯,延炼12万吨/年乙苯/苯乙烯装置
1.39,ST010137,<p>%(m/m)</p>,2025-10-07 08:00:00,甲  苯,延炼12万吨/年乙苯/苯乙烯装置
41.50,ST010137,<p>%(m/m)</p>,2025-10-07 08:00:00,乙  苯,延炼12万吨/年乙苯/苯乙烯装置
1.23,ST010137,<p>%(m/m)</p>,2025-10-07 08:00:00,二甲苯,延炼12万吨/年乙苯/苯乙烯装置
0.00,ST010137,<p>%(m/m)</p>,2025-10-07 08:00:00,异丙苯,延炼12万吨/年乙苯/苯乙烯装置
0.00,ST010137,<p>%(m/m)</p>,2025-10-07 08:00:00,正丙苯,延炼12万吨/年乙苯/苯乙烯装置
0.00,ST010137,<p>%(m/m)</p>,2025-10-07 08:00:00,甲乙苯,延炼12万吨/年乙苯/苯乙烯装置
55.05,ST010137,<p>%(m/m)</p>,2025-10-07 08:00:00,苯乙烯,延炼12万吨/年乙苯/苯乙烯装置
0.02,ST010137,<p>%(m/m)</p>,2025-10-07 08:00:00,α甲基苯乙烯,延炼12万吨/年乙苯/苯乙烯装置
0.00,ST010137,<p>%(m/m)</p>,2025-10-07 08:00:00,苯乙炔,延炼12万吨/年乙苯/苯乙烯装置
0.00,ST010137,<p>%(m/m)</p>,2025-10-07 08:00:00,间、对甲基苯乙烯,延炼12万吨/年乙苯/苯乙烯装置
0.12,ST010137,<p>%(m/m)</p>,2025-10-07 08:00:00,其  他,延炼12万吨/年乙苯/苯乙烯装置
0.00,ST010137,<p>%(m/m)</p>,2025-10-07 08:00:00,丙烯基苯,延炼12万吨/年乙苯/苯乙烯装置
0.00,ST010137,<p>%(m/m)</p>,2025-10-07 08:00:00,二氢噻喃,延炼12万吨/年乙苯/苯乙烯装置
0.01,ST010137,<p>%(m/m)</p>,2025-10-07 08:00:00,2-乙烯基噻吩,延炼12万吨/年乙苯/苯乙烯装置
0.15,ST010137,<p>%(m/m)</p>,2025-10-08 08:00:00,其  他,延炼12万吨/年乙苯/苯乙烯装置
0.00,ST010137,<p>%(m/m)</p>,2025-10-08 08:00:00,丙烯基苯,延炼12万吨/年乙苯/苯乙烯装置
0.00,ST010137,<p>%(m/m)</p>,2025-10-08 08:00:00,二氢噻喃,延炼12万吨/年乙苯/苯乙烯装置
0.01,ST010137,<p>%(m/m)</p>,2025-10-08 08:00:00,2-乙烯基噻吩,延炼12万吨/年乙苯/苯乙烯装置
0.05,ST010137,<p>%(m/m)</p>,2025-10-08 08:00:00,非  芳,延炼12万吨/年乙苯/苯乙烯装置
0.44,ST010137,<p>%(m/m)</p>,2025-10-08 08:00:00,苯,延炼12万吨/年乙苯/苯乙烯装置
1.05,ST010137,<p>%(m/m)</p>,2025-10-08 08:00:00,甲  苯,延炼12万吨/年乙苯/苯乙烯装置
41.53,ST010137,<p>%(m/m)</p>,2025-10-08 08:00:00,乙  苯,延炼12万吨/年乙苯/苯乙烯装置
1.29,ST010137,<p>%(m/m)</p>,2025-10-08 08:00:00,二甲苯,延炼12万吨/年乙苯/苯乙烯装置
0.00,ST010137,<p>%(m/m)</p>,2025-10-08 08:00:00,异丙苯,延炼12万吨/年乙苯/苯乙烯装置
0.00,ST010137,<p>%(m/m)</p>,2025-10-08 08:00:00,正丙苯,延炼12万吨/年乙苯/苯乙烯装置
0.00,ST010137,<p>%(m/m)</p>,2025-10-08 08:00:00,甲乙苯,延炼12万吨/年乙苯/苯乙烯装置
55.46,ST010137,<p>%(m/m)</p>,2025-10-08 08:00:00,苯乙烯,延炼12万吨/年乙苯/苯乙烯装置
0.02,ST010137,<p>%(m/m)</p>,2025-10-08 08:00:00,α甲基苯乙烯,延炼12万吨/年乙苯/苯乙烯装置
0.00,ST010137,<p>%(m/m)</p>,2025-10-08 08:00:00,苯乙炔,延炼12万吨/年乙苯/苯乙烯装置
0.00,ST010137,<p>%(m/m)</p>,2025-10-08 08:00:00,间、对甲基苯乙烯,延炼12万吨/年乙苯/苯乙烯装置
0.06,ST010137,<p>%(m/m)</p>,2025-10-09 08:00:00,非  芳,延炼12万吨/年乙苯/苯乙烯装置
0.49,ST010137,<p>%(m/m)</p>,2025-10-09 08:00:00,苯,延炼12万吨/年乙苯/苯乙烯装置
1.10,ST010137,<p>%(m/m)</p>,2025-10-09 08:00:00,甲  苯,延炼12万吨/年乙苯/苯乙烯装置
41.25,ST010137,<p>%(m/m)</p>,2025-10-09 08:00:00,乙  苯,延炼12万吨/年乙苯/苯乙烯装置
1.17,ST010137,<p>%(m/m)</p>,2025-10-09 08:00:00,二甲苯,延炼12万吨/年乙苯/苯乙烯装置
0.00,ST010137,<p>%(m/m)</p>,2025-10-09 08:00:00,异丙苯,延炼12万吨/年乙苯/苯乙烯装置
0.00,ST010137,<p>%(m/m)</p>,2025-10-09 08:00:00,正丙苯,延炼12万吨/年乙苯/苯乙烯装置
0.00,ST010137,<p>%(m/m)</p>,2025-10-09 08:00:00,甲乙苯,延炼12万吨/年乙苯/苯乙烯装置
55.77,ST010137,<p>%(m/m)</p>,2025-10-09 08:00:00,苯乙烯,延炼12万吨/年乙苯/苯乙烯装置
0.02,ST010137,<p>%(m/m)</p>,2025-10-09 08:00:00,α甲基苯乙烯,延炼12万吨/年乙苯/苯乙烯装置
0.00,ST010137,<p>%(m/m)</p>,2025-10-09 08:00:00,苯乙炔,延炼12万吨/年乙苯/苯乙烯装置
0.00,ST010137,<p>%(m/m)</p>,2025-10-09 08:00:00,间、对甲基苯乙烯,延炼12万吨/年乙苯/苯乙烯装置
0.13,ST010137,<p>%(m/m)</p>,2025-10-09 08:00:00,其  他,延炼12万吨/年乙苯/苯乙烯装置
0.002,ST010137,<p>%(m/m)</p>,2025-10-09 08:00:00,二乙基苯,延炼12万吨/年乙苯/苯乙烯装置
0.00,ST010137,<p>%(m/m)</p>,2025-10-09 08:00:00,丙烯基苯,延炼12万吨/年乙苯/苯乙烯装置
0.00,ST010137,<p>%(m/m)</p>,2025-10-09 08:00:00,二氢噻喃,延炼12万吨/年乙苯/苯乙烯装置
0.02,ST010137,<p>%(m/m)</p>,2025-10-09 08:00:00,2-乙烯基噻吩,延炼12万吨/年乙苯/苯乙烯装置
0.05,ST010137,<p>%(m/m)</p>,2025-10-10 08:00:00,非  芳,延炼12万吨/年乙苯/苯乙烯装置
0.43,ST010137,<p>%(m/m)</p>,2025-10-10 08:00:00,苯,延炼12万吨/年乙苯/苯乙烯装置
0.96,ST010137,<p>%(m/m)</p>,2025-10-10 08:00:00,甲  苯,延炼12万吨/年乙苯/苯乙烯装置
41.79,ST010137,<p>%(m/m)</p>,2025-10-10 08:00:00,乙  苯,延炼12万吨/年乙苯/苯乙烯装置
1.09,ST010137,<p>%(m/m)</p>,2025-10-10 08:00:00,二甲苯,延炼12万吨/年乙苯/苯乙烯装置
0.00,ST010137,<p>%(m/m)</p>,2025-10-10 08:00:00,异丙苯,延炼12万吨/年乙苯/苯乙烯装置
0.00,ST010137,<p>%(m/m)</p>,2025-10-10 08:00:00,正丙苯,延炼12万吨/年乙苯/苯乙烯装置
0.00,ST010137,<p>%(m/m)</p>,2025-10-10 08:00:00,甲乙苯,延炼12万吨/年乙苯/苯乙烯装置
55.48,ST010137,<p>%(m/m)</p>,2025-10-10 08:00:00,苯乙烯,延炼12万吨/年乙苯/苯乙烯装置
0.02,ST010137,<p>%(m/m)</p>,2025-10-10 08:00:00,α甲基苯乙烯,延炼12万吨/年乙苯/苯乙烯装置
0.00,ST010137,<p>%(m/m)</p>,2025-10-10 08:00:00,苯乙炔,延炼12万吨/年乙苯/苯乙烯装置
0.00,ST010137,<p>%(m/m)</p>,2025-10-10 08:00:00,间、对甲基苯乙烯,延炼12万吨/年乙苯/苯乙烯装置
0.16,ST010137,<p>%(m/m)</p>,2025-10-10 08:00:00,其  他,延炼12万吨/年乙苯/苯乙烯装置
0.00,ST010137,<p>%(m/m)</p>,2025-10-10 08:00:00,丙烯基苯,延炼12万吨/年乙苯/苯乙烯装置
0.00,ST010137,<p>%(m/m)</p>,2025-10-10 08:00:00,二氢噻喃,延炼12万吨/年乙苯/苯乙烯装置
0.02,ST010137,<p>%(m/m)</p>,2025-10-10 08:00:00,2-乙烯基噻吩,延炼12万吨/年乙苯/苯乙烯装置
0.06,ST010137,<p>%(m/m)</p>,2025-10-11 08:00:00,非  芳,延炼12万吨/年乙苯/苯乙烯装置
0.51,ST010137,<p>%(m/m)</p>,2025-10-11 08:00:00,苯,延炼12万吨/年乙苯/苯乙烯装置
1.15,ST010137,<p>%(m/m)</p>,2025-10-11 08:00:00,甲  苯,延炼12万吨/年乙苯/苯乙烯装置
42.16,ST010137,<p>%(m/m)</p>,2025-10-11 08:00:00,乙  苯,延炼12万吨/年乙苯/苯乙烯装置
1.15,ST010137,<p>%(m/m)</p>,2025-10-11 08:00:00,二甲苯,延炼12万吨/年乙苯/苯乙烯装置
0.00,ST010137,<p>%(m/m)</p>,2025-10-11 08:00:00,异丙苯,延炼12万吨/年乙苯/苯乙烯装置
0.00,ST010137,<p>%(m/m)</p>,2025-10-11 08:00:00,正丙苯,延炼12万吨/年乙苯/苯乙烯装置
0.00,ST010137,<p>%(m/m)</p>,2025-10-11 08:00:00,甲乙苯,延炼12万吨/年乙苯/苯乙烯装置
54.83,ST010137,<p>%(m/m)</p>,2025-10-11 08:00:00,苯乙烯,延炼12万吨/年乙苯/苯乙烯装置
0.02,ST010137,<p>%(m/m)</p>,2025-10-11 08:00:00,α甲基苯乙烯,延炼12万吨/年乙苯/苯乙烯装置
0.00,ST010137,<p>%(m/m)</p>,2025-10-11 08:00:00,苯乙炔,延炼12万吨/年乙苯/苯乙烯装置
0.00,ST010137,<p>%(m/m)</p>,2025-10-11 08:00:00,间、对甲基苯乙烯,延炼12万吨/年乙苯/苯乙烯装置
0.12,ST010137,<p>%(m/m)</p>,2025-10-11 08:00:00,其  他,延炼12万吨/年乙苯/苯乙烯装置
0.00,ST010137,<p>%(m/m)</p>,2025-10-11 08:00:00,丙烯基苯,延炼12万吨/年乙苯/苯乙烯装置
0.00,ST010137,<p>%(m/m)</p>,2025-10-11 08:00:00,二氢噻喃,延炼12万吨/年乙苯/苯乙烯装置
0.02,ST010137,<p>%(m/m)</p>,2025-10-11 08:00:00,2-乙烯基噻吩,延炼12万吨/年乙苯/苯乙烯装置
0.05,ST010137,<p>%(m/m)</p>,2025-10-12 08:00:00,非  芳,延炼12万吨/年乙苯/苯乙烯装置
0.44,ST010137,<p>%(m/m)</p>,2025-10-12 08:00:00,苯,延炼12万吨/年乙苯/苯乙烯装置
1.05,ST010137,<p>%(m/m)</p>,2025-10-12 08:00:00,甲  苯,延炼12万吨/年乙苯/苯乙烯装置
41.11,ST010137,<p>%(m/m)</p>,2025-10-12 08:00:00,乙  苯,延炼12万吨/年乙苯/苯乙烯装置
1.20,ST010137,<p>%(m/m)</p>,2025-10-12 08:00:00,二甲苯,延炼12万吨/年乙苯/苯乙烯装置
0.00,ST010137,<p>%(m/m)</p>,2025-10-12 08:00:00,异丙苯,延炼12万吨/年乙苯/苯乙烯装置
0.00,ST010137,<p>%(m/m)</p>,2025-10-12 08:00:00,正丙苯,延炼12万吨/年乙苯/苯乙烯装置
0.00,ST010137,<p>%(m/m)</p>,2025-10-12 08:00:00,甲乙苯,延炼12万吨/年乙苯/苯乙烯装置
56.01,ST010137,<p>%(m/m)</p>,2025-10-12 08:00:00,苯乙烯,延炼12万吨/年乙苯/苯乙烯装置
0.02,ST010137,<p>%(m/m)</p>,2025-10-12 08:00:00,α甲基苯乙烯,延炼12万吨/年乙苯/苯乙烯装置
0.00,ST010137,<p>%(m/m)</p>,2025-10-12 08:00:00,苯乙炔,延炼12万吨/年乙苯/苯乙烯装置
0.00,ST010137,<p>%(m/m)</p>,2025-10-12 08:00:00,间、对甲基苯乙烯,延炼12万吨/年乙苯/苯乙烯装置
0.11,ST010137,<p>%(m/m)</p>,2025-10-12 08:00:00,其  他,延炼12万吨/年乙苯/苯乙烯装置
0.00,ST010137,<p>%(m/m)</p>,2025-10-12 08:00:00,丙烯基苯,延炼12万吨/年乙苯/苯乙烯装置
0.00,ST010137,<p>%(m/m)</p>,2025-10-12 08:00:00,二氢噻喃,延炼12万吨/年乙苯/苯乙烯装置
0.01,ST010137,<p>%(m/m)</p>,2025-10-12 08:00:00,2-乙烯基噻吩,延炼12万吨/年乙苯/苯乙烯装置
0.07,ST010137,<p>%(m/m)</p>,2025-10-13 08:00:00,非  芳,延炼12万吨/年乙苯/苯乙烯装置
0.46,ST010137,<p>%(m/m)</p>,2025-10-13 08:00:00,苯,延炼12万吨/年乙苯/苯乙烯装置
1.09,ST010137,<p>%(m/m)</p>,2025-10-13 08:00:00,甲  苯,延炼12万吨/年乙苯/苯乙烯装置
42.10,ST010137,<p>%(m/m)</p>,2025-10-13 08:00:00,乙  苯,延炼12万吨/年乙苯/苯乙烯装置
0.45,ST010137,<p>%(m/m)</p>,2025-10-13 08:00:00,二甲苯,延炼12万吨/年乙苯/苯乙烯装置
0.00,ST010137,<p>%(m/m)</p>,2025-10-13 08:00:00,异丙苯,延炼12万吨/年乙苯/苯乙烯装置
0.00,ST010137,<p>%(m/m)</p>,2025-10-13 08:00:00,正丙苯,延炼12万吨/年乙苯/苯乙烯装置
0.00,ST010137,<p>%(m/m)</p>,2025-10-13 08:00:00,甲乙苯,延炼12万吨/年乙苯/苯乙烯装置
55.69,ST010137,<p>%(m/m)</p>,2025-10-13 08:00:00,苯乙烯,延炼12万吨/年乙苯/苯乙烯装置
0.02,ST010137,<p>%(m/m)</p>,2025-10-13 08:00:00,α甲基苯乙烯,延炼12万吨/年乙苯/苯乙烯装置
0.00,ST010137,<p>%(m/m)</p>,2025-10-13 08:00:00,苯乙炔,延炼12万吨/年乙苯/苯乙烯装置
0.00,ST010137,<p>%(m/m)</p>,2025-10-13 08:00:00,间、对甲基苯乙烯,延炼12万吨/年乙苯/苯乙烯装置
0.11,ST010137,<p>%(m/m)</p>,2025-10-13 08:00:00,其  他,延炼12万吨/年乙苯/苯乙烯装置
0.00,ST010137,<p>%(m/m)</p>,2025-10-13 08:00:00,丙烯基苯,延炼12万吨/年乙苯/苯乙烯装置
0.00,ST010137,<p>%(m/m)</p>,2025-10-13 08:00:00,二氢噻喃,延炼12万吨/年乙苯/苯乙烯装置
0.01,ST010137,<p>%(m/m)</p>,2025-10-13 08:00:00,2-乙烯基噻吩,延炼12万吨/年乙苯/苯乙烯装置
0.05,ST010137,<p>%(m/m)</p>,2025-10-14 08:00:00,非  芳,延炼12万吨/年乙苯/苯乙烯装置
0.46,ST010137,<p>%(m/m)</p>,2025-10-14 08:00:00,苯,延炼12万吨/年乙苯/苯乙烯装置
1.02,ST010137,<p>%(m/m)</p>,2025-10-14 08:00:00,甲  苯,延炼12万吨/年乙苯/苯乙烯装置
41.49,ST010137,<p>%(m/m)</p>,2025-10-14 08:00:00,乙  苯,延炼12万吨/年乙苯/苯乙烯装置
1.10,ST010137,<p>%(m/m)</p>,2025-10-14 08:00:00,二甲苯,延炼12万吨/年乙苯/苯乙烯装置
0.00,ST010137,<p>%(m/m)</p>,2025-10-14 08:00:00,异丙苯,延炼12万吨/年乙苯/苯乙烯装置
0.00,ST010137,<p>%(m/m)</p>,2025-10-14 08:00:00,正丙苯,延炼12万吨/年乙苯/苯乙烯装置
0.00,ST010137,<p>%(m/m)</p>,2025-10-14 08:00:00,甲乙苯,延炼12万吨/年乙苯/苯乙烯装置
55.71,ST010137,<p>%(m/m)</p>,2025-10-14 08:00:00,苯乙烯,延炼12万吨/年乙苯/苯乙烯装置
0.02,ST010137,<p>%(m/m)</p>,2025-10-14 08:00:00,α甲基苯乙烯,延炼12万吨/年乙苯/苯乙烯装置
0.00,ST010137,<p>%(m/m)</p>,2025-10-14 08:00:00,苯乙炔,延炼12万吨/年乙苯/苯乙烯装置
0.00,ST010137,<p>%(m/m)</p>,2025-10-14 08:00:00,间、对甲基苯乙烯,延炼12万吨/年乙苯/苯乙烯装置
0.14,ST010137,<p>%(m/m)</p>,2025-10-14 08:00:00,其  他,延炼12万吨/年乙苯/苯乙烯装置
0.00,ST010137,<p>%(m/m)</p>,2025-10-14 08:00:00,丙烯基苯,延炼12万吨/年乙苯/苯乙烯装置
0.00,ST010137,<p>%(m/m)</p>,2025-10-14 08:00:00,二氢噻喃,延炼12万吨/年乙苯/苯乙烯装置
0.02,ST010137,<p>%(m/m)</p>,2025-10-14 08:00:00,2-乙烯基噻吩,延炼12万吨/年乙苯/苯乙烯装置
0.06,ST010137,<p>%(m/m)</p>,2025-10-15 08:00:00,非  芳,延炼12万吨/年乙苯/苯乙烯装置
0.65,ST010137,<p>%(m/m)</p>,2025-10-15 08:00:00,苯,延炼12万吨/年乙苯/苯乙烯装置
1.48,ST010137,<p>%(m/m)</p>,2025-10-15 08:00:00,甲  苯,延炼12万吨/年乙苯/苯乙烯装置
39.60,ST010137,<p>%(m/m)</p>,2025-10-15 08:00:00,乙  苯,延炼12万吨/年乙苯/苯乙烯装置
1.26,ST010137,<p>%(m/m)</p>,2025-10-15 08:00:00,二甲苯,延炼12万吨/年乙苯/苯乙烯装置
0.00,ST010137,<p>%(m/m)</p>,2025-10-15 08:00:00,异丙苯,延炼12万吨/年乙苯/苯乙烯装置
0.00,ST010137,<p>%(m/m)</p>,2025-10-15 08:00:00,正丙苯,延炼12万吨/年乙苯/苯乙烯装置
0.00,ST010137,<p>%(m/m)</p>,2025-10-15 08:00:00,甲乙苯,延炼12万吨/年乙苯/苯乙烯装置
56.76,ST010137,<p>%(m/m)</p>,2025-10-15 08:00:00,苯乙烯,延炼12万吨/年乙苯/苯乙烯装置
0.02,ST010137,<p>%(m/m)</p>,2025-10-15 08:00:00,α甲基苯乙烯,延炼12万吨/年乙苯/苯乙烯装置
0.00,ST010137,<p>%(m/m)</p>,2025-10-15 08:00:00,苯乙炔,延炼12万吨/年乙苯/苯乙烯装置
0.00,ST010137,<p>%(m/m)</p>,2025-10-15 08:00:00,间、对甲基苯乙烯,延炼12万吨/年乙苯/苯乙烯装置
0.15,ST010137,<p>%(m/m)</p>,2025-10-15 08:00:00,其  他,延炼12万吨/年乙苯/苯乙烯装置
0.00,ST010137,<p>%(m/m)</p>,2025-10-15 08:00:00,丙烯基苯,延炼12万吨/年乙苯/苯乙烯装置
0.00,ST010137,<p>%(m/m)</p>,2025-10-15 08:00:00,二氢噻喃,延炼12万吨/年乙苯/苯乙烯装置
0.02,ST010137,<p>%(m/m)</p>,2025-10-15 08:00:00,2-乙烯基噻吩,延炼12万吨/年乙苯/苯乙烯装置
0.06,ST010137,<p>%(m/m)</p>,2025-10-16 08:00:00,非  芳,延炼12万吨/年乙苯/苯乙烯装置
0.47,ST010137,<p>%(m/m)</p>,2025-10-16 08:00:00,苯,延炼12万吨/年乙苯/苯乙烯装置
1.12,ST010137,<p>%(m/m)</p>,2025-10-16 08:00:00,甲  苯,延炼12万吨/年乙苯/苯乙烯装置
38.90,ST010137,<p>%(m/m)</p>,2025-10-16 08:00:00,乙  苯,延炼12万吨/年乙苯/苯乙烯装置
1.13,ST010137,<p>%(m/m)</p>,2025-10-16 08:00:00,二甲苯,延炼12万吨/年乙苯/苯乙烯装置
0.00,ST010137,<p>%(m/m)</p>,2025-10-16 08:00:00,异丙苯,延炼12万吨/年乙苯/苯乙烯装置
0.00,ST010137,<p>%(m/m)</p>,2025-10-16 08:00:00,正丙苯,延炼12万吨/年乙苯/苯乙烯装置
0.00,ST010137,<p>%(m/m)</p>,2025-10-16 08:00:00,甲乙苯,延炼12万吨/年乙苯/苯乙烯装置
58.01,ST010137,<p>%(m/m)</p>,2025-10-16 08:00:00,苯乙烯,延炼12万吨/年乙苯/苯乙烯装置
0.02,ST010137,<p>%(m/m)</p>,2025-10-16 08:00:00,α甲基苯乙烯,延炼12万吨/年乙苯/苯乙烯装置
0.00,ST010137,<p>%(m/m)</p>,2025-10-16 08:00:00,苯乙炔,延炼12万吨/年乙苯/苯乙烯装置
0.00,ST010137,<p>%(m/m)</p>,2025-10-16 08:00:00,间、对甲基苯乙烯,延炼12万吨/年乙苯/苯乙烯装置
0.28,ST010137,<p>%(m/m)</p>,2025-10-16 08:00:00,其  他,延炼12万吨/年乙苯/苯乙烯装置
0.003,ST010137,<p>%(m/m)</p>,2025-10-16 08:00:00,二乙基苯,延炼12万吨/年乙苯/苯乙烯装置
0.00,ST010137,<p>%(m/m)</p>,2025-10-16 08:00:00,丙烯基苯,延炼12万吨/年乙苯/苯乙烯装置
0.00,ST010137,<p>%(m/m)</p>,2025-10-16 08:00:00,二氢噻喃,延炼12万吨/年乙苯/苯乙烯装置
0.02,ST010137,<p>%(m/m)</p>,2025-10-16 08:00:00,2-乙烯基噻吩,延炼12万吨/年乙苯/苯乙烯装置
0.05,ST010137,<p>%(m/m)</p>,2025-10-17 08:00:00,非  芳,延炼12万吨/年乙苯/苯乙烯装置
0.41,ST010137,<p>%(m/m)</p>,2025-10-17 08:00:00,苯,延炼12万吨/年乙苯/苯乙烯装置
0.43,ST010137,<p>%(m/m)</p>,2025-10-17 08:00:00,甲  苯,延炼12万吨/年乙苯/苯乙烯装置
38.48,ST010137,<p>%(m/m)</p>,2025-10-17 08:00:00,乙  苯,延炼12万吨/年乙苯/苯乙烯装置
1.02,ST010137,<p>%(m/m)</p>,2025-10-17 08:00:00,二甲苯,延炼12万吨/年乙苯/苯乙烯装置
0.00,ST010137,<p>%(m/m)</p>,2025-10-17 08:00:00,异丙苯,延炼12万吨/年乙苯/苯乙烯装置
0.00,ST010137,<p>%(m/m)</p>,2025-10-17 08:00:00,正丙苯,延炼12万吨/年乙苯/苯乙烯装置
0.00,ST010137,<p>%(m/m)</p>,2025-10-17 08:00:00,甲乙苯,延炼12万吨/年乙苯/苯乙烯装置
58.94,ST010137,<p>%(m/m)</p>,2025-10-17 08:00:00,苯乙烯,延炼12万吨/年乙苯/苯乙烯装置
0.07,ST010137,<p>%(m/m)</p>,2025-10-17 08:00:00,α甲基苯乙烯,延炼12万吨/年乙苯/苯乙烯装置
0.00,ST010137,<p>%(m/m)</p>,2025-10-17 08:00:00,苯乙炔,延炼12万吨/年乙苯/苯乙烯装置
0.01,ST010137,<p>%(m/m)</p>,2025-10-17 08:00:00,间、对甲基苯乙烯,延炼12万吨/年乙苯/苯乙烯装置
0.54,ST010137,<p>%(m/m)</p>,2025-10-17 08:00:00,其  他,延炼12万吨/年乙苯/苯乙烯装置
0.00,ST010137,<p>%(m/m)</p>,2025-10-17 08:00:00,丙烯基苯,延炼12万吨/年乙苯/苯乙烯装置
0.00,ST010137,<p>%(m/m)</p>,2025-10-17 08:00:00,二氢噻喃,延炼12万吨/年乙苯/苯乙烯装置
0.06,ST010137,<p>%(m/m)</p>,2025-10-17 08:00:00,2-乙烯基噻吩,延炼12万吨/年乙苯/苯乙烯装置
0.06,ST010137,<p>%(m/m)</p>,2025-10-18 08:00:00,非  芳,延炼12万吨/年乙苯/苯乙烯装置
0.43,ST010137,<p>%(m/m)</p>,2025-10-18 08:00:00,苯,延炼12万吨/年乙苯/苯乙烯装置
1.01,ST010137,<p>%(m/m)</p>,2025-10-18 08:00:00,甲  苯,延炼12万吨/年乙苯/苯乙烯装置
40.94,ST010137,<p>%(m/m)</p>,2025-10-18 08:00:00,乙  苯,延炼12万吨/年乙苯/苯乙烯装置
0.43,ST010137,<p>%(m/m)</p>,2025-10-18 08:00:00,二甲苯,延炼12万吨/年乙苯/苯乙烯装置
0.00,ST010137,<p>%(m/m)</p>,2025-10-18 08:00:00,异丙苯,延炼12万吨/年乙苯/苯乙烯装置
0.00,ST010137,<p>%(m/m)</p>,2025-10-18 08:00:00,正丙苯,延炼12万吨/年乙苯/苯乙烯装置
0.00,ST010137,<p>%(m/m)</p>,2025-10-18 08:00:00,甲乙苯,延炼12万吨/年乙苯/苯乙烯装置
56.96,ST010137,<p>%(m/m)</p>,2025-10-18 08:00:00,苯乙烯,延炼12万吨/年乙苯/苯乙烯装置
0.02,ST010137,<p>%(m/m)</p>,2025-10-18 08:00:00,α甲基苯乙烯,延炼12万吨/年乙苯/苯乙烯装置
0.00,ST010137,<p>%(m/m)</p>,2025-10-18 08:00:00,苯乙炔,延炼12万吨/年乙苯/苯乙烯装置
0.00,ST010137,<p>%(m/m)</p>,2025-10-18 08:00:00,间、对甲基苯乙烯,延炼12万吨/年乙苯/苯乙烯装置
0.14,ST010137,<p>%(m/m)</p>,2025-10-18 08:00:00,其  他,延炼12万吨/年乙苯/苯乙烯装置
0.00,ST010137,<p>%(m/m)</p>,2025-10-18 08:00:00,丙烯基苯,延炼12万吨/年乙苯/苯乙烯装置
0.00,ST010137,<p>%(m/m)</p>,2025-10-18 08:00:00,二氢噻喃,延炼12万吨/年乙苯/苯乙烯装置
0.02,ST010137,<p>%(m/m)</p>,2025-10-18 08:00:00,2-乙烯基噻吩,延炼12万吨/年乙苯/苯乙烯装置
0.06,ST010137,<p>%(m/m)</p>,2025-10-19 08:00:00,非  芳,延炼12万吨/年乙苯/苯乙烯装置
0.68,ST010137,<p>%(m/m)</p>,2025-10-19 08:00:00,苯,延炼12万吨/年乙苯/苯乙烯装置
1.90,ST010137,<p>%(m/m)</p>,2025-10-19 08:00:00,甲  苯,延炼12万吨/年乙苯/苯乙烯装置
40.38,ST010137,<p>%(m/m)</p>,2025-10-19 08:00:00,乙  苯,延炼12万吨/年乙苯/苯乙烯装置
0.36,ST010137,<p>%(m/m)</p>,2025-10-19 08:00:00,二甲苯,延炼12万吨/年乙苯/苯乙烯装置
0.00,ST010137,<p>%(m/m)</p>,2025-10-19 08:00:00,异丙苯,延炼12万吨/年乙苯/苯乙烯装置
0.00,ST010137,<p>%(m/m)</p>,2025-10-19 08:00:00,正丙苯,延炼12万吨/年乙苯/苯乙烯装置
0.00,ST010137,<p>%(m/m)</p>,2025-10-19 08:00:00,甲乙苯,延炼12万吨/年乙苯/苯乙烯装置
56.45,ST010137,<p>%(m/m)</p>,2025-10-19 08:00:00,苯乙烯,延炼12万吨/年乙苯/苯乙烯装置
0.02,ST010137,<p>%(m/m)</p>,2025-10-19 08:00:00,α甲基苯乙烯,延炼12万吨/年乙苯/苯乙烯装置
0.00,ST010137,<p>%(m/m)</p>,2025-10-19 08:00:00,苯乙炔,延炼12万吨/年乙苯/苯乙烯装置
0.00,ST010137,<p>%(m/m)</p>,2025-10-19 08:00:00,间、对甲基苯乙烯,延炼12万吨/年乙苯/苯乙烯装置
0.14,ST010137,<p>%(m/m)</p>,2025-10-19 08:00:00,其  他,延炼12万吨/年乙苯/苯乙烯装置
0.00,ST010137,<p>%(m/m)</p>,2025-10-19 08:00:00,丙烯基苯,延炼12万吨/年乙苯/苯乙烯装置
0.00,ST010137,<p>%(m/m)</p>,2025-10-19 08:00:00,二氢噻喃,延炼12万吨/年乙苯/苯乙烯装置
0.02,ST010137,<p>%(m/m)</p>,2025-10-19 08:00:00,2-乙烯基噻吩,延炼12万吨/年乙苯/苯乙烯装置
0.05,ST010137,<p>%(m/m)</p>,2025-10-20 08:00:00,非  芳,延炼12万吨/年乙苯/苯乙烯装置
0.45,ST010137,<p>%(m/m)</p>,2025-10-20 08:00:00,苯,延炼12万吨/年乙苯/苯乙烯装置
1.05,ST010137,<p>%(m/m)</p>,2025-10-20 08:00:00,甲  苯,延炼12万吨/年乙苯/苯乙烯装置
40.03,ST010137,<p>%(m/m)</p>,2025-10-20 08:00:00,乙  苯,延炼12万吨/年乙苯/苯乙烯装置
1.09,ST010137,<p>%(m/m)</p>,2025-10-20 08:00:00,二甲苯,延炼12万吨/年乙苯/苯乙烯装置
0.00,ST010137,<p>%(m/m)</p>,2025-10-20 08:00:00,异丙苯,延炼12万吨/年乙苯/苯乙烯装置
0.00,ST010137,<p>%(m/m)</p>,2025-10-20 08:00:00,正丙苯,延炼12万吨/年乙苯/苯乙烯装置
0.00,ST010137,<p>%(m/m)</p>,2025-10-20 08:00:00,甲乙苯,延炼12万吨/年乙苯/苯乙烯装置
57.16,ST010137,<p>%(m/m)</p>,2025-10-20 08:00:00,苯乙烯,延炼12万吨/年乙苯/苯乙烯装置
0.02,ST010137,<p>%(m/m)</p>,2025-10-20 08:00:00,α甲基苯乙烯,延炼12万吨/年乙苯/苯乙烯装置
0.00,ST010137,<p>%(m/m)</p>,2025-10-20 08:00:00,苯乙炔,延炼12万吨/年乙苯/苯乙烯装置
0.00,ST010137,<p>%(m/m)</p>,2025-10-20 08:00:00,间、对甲基苯乙烯,延炼12万吨/年乙苯/苯乙烯装置
0.12,ST010137,<p>%(m/m)</p>,2025-10-20 08:00:00,其  他,延炼12万吨/年乙苯/苯乙烯装置
0.00,ST010137,<p>%(m/m)</p>,2025-10-20 08:00:00,丙烯基苯,延炼12万吨/年乙苯/苯乙烯装置
0.00,ST010137,<p>%(m/m)</p>,2025-10-20 08:00:00,二氢噻喃,延炼12万吨/年乙苯/苯乙烯装置
0.02,ST010137,<p>%(m/m)</p>,2025-10-20 08:00:00,2-乙烯基噻吩,延炼12万吨/年乙苯/苯乙烯装置
0.06,ST010137,<p>%(m/m)</p>,2025-10-21 08:00:00,非  芳,延炼12万吨/年乙苯/苯乙烯装置
0.46,ST010137,<p>%(m/m)</p>,2025-10-21 08:00:00,苯,延炼12万吨/年乙苯/苯乙烯装置
1.07,ST010137,<p>%(m/m)</p>,2025-10-21 08:00:00,甲  苯,延炼12万吨/年乙苯/苯乙烯装置
39.34,ST010137,<p>%(m/m)</p>,2025-10-21 08:00:00,乙  苯,延炼12万吨/年乙苯/苯乙烯装置
1.18,ST010137,<p>%(m/m)</p>,2025-10-21 08:00:00,二甲苯,延炼12万吨/年乙苯/苯乙烯装置
0.00,ST010137,<p>%(m/m)</p>,2025-10-21 08:00:00,异丙苯,延炼12万吨/年乙苯/苯乙烯装置
0.00,ST010137,<p>%(m/m)</p>,2025-10-21 08:00:00,正丙苯,延炼12万吨/年乙苯/苯乙烯装置
0.00,ST010137,<p>%(m/m)</p>,2025-10-21 08:00:00,甲乙苯,延炼12万吨/年乙苯/苯乙烯装置
57.72,ST010137,<p>%(m/m)</p>,2025-10-21 08:00:00,苯乙烯,延炼12万吨/年乙苯/苯乙烯装置
0.02,ST010137,<p>%(m/m)</p>,2025-10-21 08:00:00,α甲基苯乙烯,延炼12万吨/年乙苯/苯乙烯装置
0.00,ST010137,<p>%(m/m)</p>,2025-10-21 08:00:00,苯乙炔,延炼12万吨/年乙苯/苯乙烯装置
0.00,ST010137,<p>%(m/m)</p>,2025-10-21 08:00:00,间、对甲基苯乙烯,延炼12万吨/年乙苯/苯乙烯装置
0.13,ST010137,<p>%(m/m)</p>,2025-10-21 08:00:00,其  他,延炼12万吨/年乙苯/苯乙烯装置
0.00,ST010137,<p>%(m/m)</p>,2025-10-21 08:00:00,丙烯基苯,延炼12万吨/年乙苯/苯乙烯装置
0.00,ST010137,<p>%(m/m)</p>,2025-10-21 08:00:00,二氢噻喃,延炼12万吨/年乙苯/苯乙烯装置
0.01,ST010137,<p>%(m/m)</p>,2025-10-21 08:00:00,2-乙烯基噻吩,延炼12万吨/年乙苯/苯乙烯装置
0.00,ST010137,<p>%(m/m)</p>,2025-10-22 08:00:00,二氢噻喃,延炼12万吨/年乙苯/苯乙烯装置
0.02,ST010137,<p>%(m/m)</p>,2025-10-22 08:00:00,2-乙烯基噻吩,延炼12万吨/年乙苯/苯乙烯装置
0.06,ST010137,<p>%(m/m)</p>,2025-10-22 08:00:00,非  芳,延炼12万吨/年乙苯/苯乙烯装置
0.45,ST010137,<p>%(m/m)</p>,2025-10-22 08:00:00,苯,延炼12万吨/年乙苯/苯乙烯装置
1.06,ST010137,<p>%(m/m)</p>,2025-10-22 08:00:00,甲  苯,延炼12万吨/年乙苯/苯乙烯装置
39.01,ST010137,<p>%(m/m)</p>,2025-10-22 08:00:00,乙  苯,延炼12万吨/年乙苯/苯乙烯装置
1.13,ST010137,<p>%(m/m)</p>,2025-10-22 08:00:00,二甲苯,延炼12万吨/年乙苯/苯乙烯装置
0.00,ST010137,<p>%(m/m)</p>,2025-10-22 08:00:00,异丙苯,延炼12万吨/年乙苯/苯乙烯装置
0.00,ST010137,<p>%(m/m)</p>,2025-10-22 08:00:00,正丙苯,延炼12万吨/年乙苯/苯乙烯装置
0.00,ST010137,<p>%(m/m)</p>,2025-10-22 08:00:00,甲乙苯,延炼12万吨/年乙苯/苯乙烯装置
58.08,ST010137,<p>%(m/m)</p>,2025-10-22 08:00:00,苯乙烯,延炼12万吨/年乙苯/苯乙烯装置
0.02,ST010137,<p>%(m/m)</p>,2025-10-22 08:00:00,α甲基苯乙烯,延炼12万吨/年乙苯/苯乙烯装置
0.00,ST010137,<p>%(m/m)</p>,2025-10-22 08:00:00,苯乙炔,延炼12万吨/年乙苯/苯乙烯装置
0.00,ST010137,<p>%(m/m)</p>,2025-10-22 08:00:00,间、对甲基苯乙烯,延炼12万吨/年乙苯/苯乙烯装置
0.17,ST010137,<p>%(m/m)</p>,2025-10-22 08:00:00,其  他,延炼12万吨/年乙苯/苯乙烯装置
0.00,ST010137,<p>%(m/m)</p>,2025-10-22 08:00:00,丙烯基苯,延炼12万吨/年乙苯/苯乙烯装置
0.05,ST010137,<p>%(m/m)</p>,2025-10-23 08:00:00,非  芳,延炼12万吨/年乙苯/苯乙烯装置
0.59,ST010137,<p>%(m/m)</p>,2025-10-23 08:00:00,苯,延炼12万吨/年乙苯/苯乙烯装置
1.34,ST010137,<p>%(m/m)</p>,2025-10-23 08:00:00,甲  苯,延炼12万吨/年乙苯/苯乙烯装置
38.88,ST010137,<p>%(m/m)</p>,2025-10-23 08:00:00,乙  苯,延炼12万吨/年乙苯/苯乙烯装置
1.09,ST010137,<p>%(m/m)</p>,2025-10-23 08:00:00,二甲苯,延炼12万吨/年乙苯/苯乙烯装置
0.00,ST010137,<p>%(m/m)</p>,2025-10-23 08:00:00,异丙苯,延炼12万吨/年乙苯/苯乙烯装置
0.00,ST010137,<p>%(m/m)</p>,2025-10-23 08:00:00,正丙苯,延炼12万吨/年乙苯/苯乙烯装置
0.00,ST010137,<p>%(m/m)</p>,2025-10-23 08:00:00,甲乙苯,延炼12万吨/年乙苯/苯乙烯装置
57.90,ST010137,<p>%(m/m)</p>,2025-10-23 08:00:00,苯乙烯,延炼12万吨/年乙苯/苯乙烯装置
0.02,ST010137,<p>%(m/m)</p>,2025-10-23 08:00:00,α甲基苯乙烯,延炼12万吨/年乙苯/苯乙烯装置
0.00,ST010137,<p>%(m/m)</p>,2025-10-23 08:00:00,苯乙炔,延炼12万吨/年乙苯/苯乙烯装置
0.00,ST010137,<p>%(m/m)</p>,2025-10-23 08:00:00,间、对甲基苯乙烯,延炼12万吨/年乙苯/苯乙烯装置
0.11,ST010137,<p>%(m/m)</p>,2025-10-23 08:00:00,其  他,延炼12万吨/年乙苯/苯乙烯装置
0.004,ST010137,<p>%(m/m)</p>,2025-10-23 08:00:00,二乙基苯,延炼12万吨/年乙苯/苯乙烯装置
0.00,ST010137,<p>%(m/m)</p>,2025-10-23 08:00:00,丙烯基苯,延炼12万吨/年乙苯/苯乙烯装置
0.00,ST010137,<p>%(m/m)</p>,2025-10-23 08:00:00,二氢噻喃,延炼12万吨/年乙苯/苯乙烯装置
0.02,ST010137,<p>%(m/m)</p>,2025-10-23 08:00:00,2-乙烯基噻吩,延炼12万吨/年乙苯/苯乙烯装置
0.05,ST010137,<p>%(m/m)</p>,2025-10-24 08:00:00,非  芳,延炼12万吨/年乙苯/苯乙烯装置
0.49,ST010137,<p>%(m/m)</p>,2025-10-24 08:00:00,苯,延炼12万吨/年乙苯/苯乙烯装置
1.15,ST010137,<p>%(m/m)</p>,2025-10-24 08:00:00,甲  苯,延炼12万吨/年乙苯/苯乙烯装置
40.35,ST010137,<p>%(m/m)</p>,2025-10-24 08:00:00,乙  苯,延炼12万吨/年乙苯/苯乙烯装置
1.08,ST010137,<p>%(m/m)</p>,2025-10-24 08:00:00,二甲苯,延炼12万吨/年乙苯/苯乙烯装置
0.00,ST010137,<p>%(m/m)</p>,2025-10-24 08:00:00,异丙苯,延炼12万吨/年乙苯/苯乙烯装置
0.00,ST010137,<p>%(m/m)</p>,2025-10-24 08:00:00,正丙苯,延炼12万吨/年乙苯/苯乙烯装置
0.00,ST010137,<p>%(m/m)</p>,2025-10-24 08:00:00,甲乙苯,延炼12万吨/年乙苯/苯乙烯装置
56.68,ST010137,<p>%(m/m)</p>,2025-10-24 08:00:00,苯乙烯,延炼12万吨/年乙苯/苯乙烯装置
0.01,ST010137,<p>%(m/m)</p>,2025-10-24 08:00:00,α甲基苯乙烯,延炼12万吨/年乙苯/苯乙烯装置
0.00,ST010137,<p>%(m/m)</p>,2025-10-24 08:00:00,苯乙炔,延炼12万吨/年乙苯/苯乙烯装置
0.00,ST010137,<p>%(m/m)</p>,2025-10-24 08:00:00,间、对甲基苯乙烯,延炼12万吨/年乙苯/苯乙烯装置
0.17,ST010137,<p>%(m/m)</p>,2025-10-24 08:00:00,其  他,延炼12万吨/年乙苯/苯乙烯装置
0.00,ST010137,<p>%(m/m)</p>,2025-10-24 08:00:00,丙烯基苯,延炼12万吨/年乙苯/苯乙烯装置
0.00,ST010137,<p>%(m/m)</p>,2025-10-24 08:00:00,二氢噻喃,延炼12万吨/年乙苯/苯乙烯装置
0.02,ST010137,<p>%(m/m)</p>,2025-10-24 08:00:00,2-乙烯基噻吩,延炼12万吨/年乙苯/苯乙烯装置
0.05,ST010137,<p>%(m/m)</p>,2025-10-25 08:00:00,非  芳,延炼12万吨/年乙苯/苯乙烯装置
0.45,ST010137,<p>%(m/m)</p>,2025-10-25 08:00:00,苯,延炼12万吨/年乙苯/苯乙烯装置
1.03,ST010137,<p>%(m/m)</p>,2025-10-25 08:00:00,甲  苯,延炼12万吨/年乙苯/苯乙烯装置
39.80,ST010137,<p>%(m/m)</p>,2025-10-25 08:00:00,乙  苯,延炼12万吨/年乙苯/苯乙烯装置
1.01,ST010137,<p>%(m/m)</p>,2025-10-25 08:00:00,二甲苯,延炼12万吨/年乙苯/苯乙烯装置
0.00,ST010137,<p>%(m/m)</p>,2025-10-25 08:00:00,异丙苯,延炼12万吨/年乙苯/苯乙烯装置
0.00,ST010137,<p>%(m/m)</p>,2025-10-25 08:00:00,正丙苯,延炼12万吨/年乙苯/苯乙烯装置
0.00,ST010137,<p>%(m/m)</p>,2025-10-25 08:00:00,甲乙苯,延炼12万吨/年乙苯/苯乙烯装置
57.42,ST010137,<p>%(m/m)</p>,2025-10-25 08:00:00,苯乙烯,延炼12万吨/年乙苯/苯乙烯装置
0.02,ST010137,<p>%(m/m)</p>,2025-10-25 08:00:00,α甲基苯乙烯,延炼12万吨/年乙苯/苯乙烯装置
0.00,ST010137,<p>%(m/m)</p>,2025-10-25 08:00:00,苯乙炔,延炼12万吨/年乙苯/苯乙烯装置
0.00,ST010137,<p>%(m/m)</p>,2025-10-25 08:00:00,间、对甲基苯乙烯,延炼12万吨/年乙苯/苯乙烯装置
0.21,ST010137,<p>%(m/m)</p>,2025-10-25 08:00:00,其  他,延炼12万吨/年乙苯/苯乙烯装置
0.00,ST010137,<p>%(m/m)</p>,2025-10-25 08:00:00,丙烯基苯,延炼12万吨/年乙苯/苯乙烯装置
0.00,ST010137,<p>%(m/m)</p>,2025-10-25 08:00:00,二氢噻喃,延炼12万吨/年乙苯/苯乙烯装置
0.02,ST010137,<p>%(m/m)</p>,2025-10-25 08:00:00,2-乙烯基噻吩,延炼12万吨/年乙苯/苯乙烯装置
0.05,ST010137,<p>%(m/m)</p>,2025-10-26 08:00:00,非  芳,延炼12万吨/年乙苯/苯乙烯装置
0.46,ST010137,<p>%(m/m)</p>,2025-10-26 08:00:00,苯,延炼12万吨/年乙苯/苯乙烯装置
1.06,ST010137,<p>%(m/m)</p>,2025-10-26 08:00:00,甲  苯,延炼12万吨/年乙苯/苯乙烯装置
38.84,ST010137,<p>%(m/m)</p>,2025-10-26 08:00:00,乙  苯,延炼12万吨/年乙苯/苯乙烯装置
0.37,ST010137,<p>%(m/m)</p>,2025-10-26 08:00:00,二甲苯,延炼12万吨/年乙苯/苯乙烯装置
0.00,ST010137,<p>%(m/m)</p>,2025-10-26 08:00:00,异丙苯,延炼12万吨/年乙苯/苯乙烯装置
0.00,ST010137,<p>%(m/m)</p>,2025-10-26 08:00:00,正丙苯,延炼12万吨/年乙苯/苯乙烯装置
0.00,ST010137,<p>%(m/m)</p>,2025-10-26 08:00:00,甲乙苯,延炼12万吨/年乙苯/苯乙烯装置
59.05,ST010137,<p>%(m/m)</p>,2025-10-26 08:00:00,苯乙烯,延炼12万吨/年乙苯/苯乙烯装置
0.02,ST010137,<p>%(m/m)</p>,2025-10-26 08:00:00,α甲基苯乙烯,延炼12万吨/年乙苯/苯乙烯装置
0.00,ST010137,<p>%(m/m)</p>,2025-10-26 08:00:00,苯乙炔,延炼12万吨/年乙苯/苯乙烯装置
0.00,ST010137,<p>%(m/m)</p>,2025-10-26 08:00:00,间、对甲基苯乙烯,延炼12万吨/年乙苯/苯乙烯装置
0.13,ST010137,<p>%(m/m)</p>,2025-10-26 08:00:00,其  他,延炼12万吨/年乙苯/苯乙烯装置
0.00,ST010137,<p>%(m/m)</p>,2025-10-26 08:00:00,丙烯基苯,延炼12万吨/年乙苯/苯乙烯装置
0.00,ST010137,<p>%(m/m)</p>,2025-10-26 08:00:00,二氢噻喃,延炼12万吨/年乙苯/苯乙烯装置
0.02,ST010137,<p>%(m/m)</p>,2025-10-26 08:00:00,2-乙烯基噻吩,延炼12万吨/年乙苯/苯乙烯装置
0.06,ST010137,<p>%(m/m)</p>,2025-10-27 08:00:00,非  芳,延炼12万吨/年乙苯/苯乙烯装置
0.45,ST010137,<p>%(m/m)</p>,2025-10-27 08:00:00,苯,延炼12万吨/年乙苯/苯乙烯装置
1.06,ST010137,<p>%(m/m)</p>,2025-10-27 08:00:00,甲  苯,延炼12万吨/年乙苯/苯乙烯装置
39.99,ST010137,<p>%(m/m)</p>,2025-10-27 08:00:00,乙  苯,延炼12万吨/年乙苯/苯乙烯装置
1.14,ST010137,<p>%(m/m)</p>,2025-10-27 08:00:00,二甲苯,延炼12万吨/年乙苯/苯乙烯装置
0.00,ST010137,<p>%(m/m)</p>,2025-10-27 08:00:00,异丙苯,延炼12万吨/年乙苯/苯乙烯装置
0.00,ST010137,<p>%(m/m)</p>,2025-10-27 08:00:00,正丙苯,延炼12万吨/年乙苯/苯乙烯装置
0.00,ST010137,<p>%(m/m)</p>,2025-10-27 08:00:00,甲乙苯,延炼12万吨/年乙苯/苯乙烯装置
57.15,ST010137,<p>%(m/m)</p>,2025-10-27 08:00:00,苯乙烯,延炼12万吨/年乙苯/苯乙烯装置
0.01,ST010137,<p>%(m/m)</p>,2025-10-27 08:00:00,α甲基苯乙烯,延炼12万吨/年乙苯/苯乙烯装置
0.00,ST010137,<p>%(m/m)</p>,2025-10-27 08:00:00,苯乙炔,延炼12万吨/年乙苯/苯乙烯装置
0.00,ST010137,<p>%(m/m)</p>,2025-10-27 08:00:00,间、对甲基苯乙烯,延炼12万吨/年乙苯/苯乙烯装置
0.12,ST010137,<p>%(m/m)</p>,2025-10-27 08:00:00,其  他,延炼12万吨/年乙苯/苯乙烯装置
0.00,ST010137,<p>%(m/m)</p>,2025-10-27 08:00:00,丙烯基苯,延炼12万吨/年乙苯/苯乙烯装置
0.00,ST010137,<p>%(m/m)</p>,2025-10-27 08:00:00,二氢噻喃,延炼12万吨/年乙苯/苯乙烯装置
0.01,ST010137,<p>%(m/m)</p>,2025-10-27 08:00:00,2-乙烯基噻吩,延炼12万吨/年乙苯/苯乙烯装置
0.05,ST010137,<p>%(m/m)</p>,2025-10-28 08:00:00,非  芳,延炼12万吨/年乙苯/苯乙烯装置
0.51,ST010137,<p>%(m/m)</p>,2025-10-28 08:00:00,苯,延炼12万吨/年乙苯/苯乙烯装置
0.00,ST010137,<p>%(m/m)</p>,2025-10-28 08:00:00,丙烯基苯,延炼12万吨/年乙苯/苯乙烯装置
0.00,ST010137,<p>%(m/m)</p>,2025-10-28 08:00:00,二氢噻喃,延炼12万吨/年乙苯/苯乙烯装置
0.01,ST010137,<p>%(m/m)</p>,2025-10-28 08:00:00,2-乙烯基噻吩,延炼12万吨/年乙苯/苯乙烯装置
1.19,ST010137,<p>%(m/m)</p>,2025-10-28 08:00:00,甲  苯,延炼12万吨/年乙苯/苯乙烯装置
38.64,ST010137,<p>%(m/m)</p>,2025-10-28 08:00:00,乙  苯,延炼12万吨/年乙苯/苯乙烯装置
1.12,ST010137,<p>%(m/m)</p>,2025-10-28 08:00:00,二甲苯,延炼12万吨/年乙苯/苯乙烯装置
0.00,ST010137,<p>%(m/m)</p>,2025-10-28 08:00:00,异丙苯,延炼12万吨/年乙苯/苯乙烯装置
0.00,ST010137,<p>%(m/m)</p>,2025-10-28 08:00:00,正丙苯,延炼12万吨/年乙苯/苯乙烯装置
0.00,ST010137,<p>%(m/m)</p>,2025-10-28 08:00:00,甲乙苯,延炼12万吨/年乙苯/苯乙烯装置
58.34,ST010137,<p>%(m/m)</p>,2025-10-28 08:00:00,苯乙烯,延炼12万吨/年乙苯/苯乙烯装置
0.02,ST010137,<p>%(m/m)</p>,2025-10-28 08:00:00,α甲基苯乙烯,延炼12万吨/年乙苯/苯乙烯装置
0.00,ST010137,<p>%(m/m)</p>,2025-10-28 08:00:00,苯乙炔,延炼12万吨/年乙苯/苯乙烯装置
0.00,ST010137,<p>%(m/m)</p>,2025-10-28 08:00:00,间、对甲基苯乙烯,延炼12万吨/年乙苯/苯乙烯装置
0.12,ST010137,<p>%(m/m)</p>,2025-10-28 08:00:00,其  他,延炼12万吨/年乙苯/苯乙烯装置
0.05,ST010137,<p>%(m/m)</p>,2025-10-29 08:00:00,非  芳,延炼12万吨/年乙苯/苯乙烯装置
0.46,ST010137,<p>%(m/m)</p>,2025-10-29 08:00:00,苯,延炼12万吨/年乙苯/苯乙烯装置
1.07,ST010137,<p>%(m/m)</p>,2025-10-29 08:00:00,甲  苯,延炼12万吨/年乙苯/苯乙烯装置
39.12,ST010137,<p>%(m/m)</p>,2025-10-29 08:00:00,乙  苯,延炼12万吨/年乙苯/苯乙烯装置
1.05,ST010137,<p>%(m/m)</p>,2025-10-29 08:00:00,二甲苯,延炼12万吨/年乙苯/苯乙烯装置
0.00,ST010137,<p>%(m/m)</p>,2025-10-29 08:00:00,异丙苯,延炼12万吨/年乙苯/苯乙烯装置
0.00,ST010137,<p>%(m/m)</p>,2025-10-29 08:00:00,正丙苯,延炼12万吨/年乙苯/苯乙烯装置
0.00,ST010137,<p>%(m/m)</p>,2025-10-29 08:00:00,甲乙苯,延炼12万吨/年乙苯/苯乙烯装置
58.08,ST010137,<p>%(m/m)</p>,2025-10-29 08:00:00,苯乙烯,延炼12万吨/年乙苯/苯乙烯装置
0.02,ST010137,<p>%(m/m)</p>,2025-10-29 08:00:00,α甲基苯乙烯,延炼12万吨/年乙苯/苯乙烯装置
0.00,ST010137,<p>%(m/m)</p>,2025-10-29 08:00:00,苯乙炔,延炼12万吨/年乙苯/苯乙烯装置
0.00,ST010137,<p>%(m/m)</p>,2025-10-29 08:00:00,间、对甲基苯乙烯,延炼12万吨/年乙苯/苯乙烯装置
0.13,ST010137,<p>%(m/m)</p>,2025-10-29 08:00:00,其  他,延炼12万吨/年乙苯/苯乙烯装置
0.00,ST010137,<p>%(m/m)</p>,2025-10-29 08:00:00,丙烯基苯,延炼12万吨/年乙苯/苯乙烯装置
0.00,ST010137,<p>%(m/m)</p>,2025-10-29 08:00:00,二氢噻喃,延炼12万吨/年乙苯/苯乙烯装置
0.02,ST010137,<p>%(m/m)</p>,2025-10-29 08:00:00,2-乙烯基噻吩,延炼12万吨/年乙苯/苯乙烯装置
0.05,ST010137,<p>%(m/m)</p>,2025-10-30 08:00:00,非  芳,延炼12万吨/年乙苯/苯乙烯装置
0.49,ST010137,<p>%(m/m)</p>,2025-10-30 08:00:00,苯,延炼12万吨/年乙苯/苯乙烯装置
1.12,ST010137,<p>%(m/m)</p>,2025-10-30 08:00:00,甲  苯,延炼12万吨/年乙苯/苯乙烯装置
37.54,ST010137,<p>%(m/m)</p>,2025-10-30 08:00:00,乙  苯,延炼12万吨/年乙苯/苯乙烯装置
1.03,ST010137,<p>%(m/m)</p>,2025-10-30 08:00:00,二甲苯,延炼12万吨/年乙苯/苯乙烯装置
0.00,ST010137,<p>%(m/m)</p>,2025-10-30 08:00:00,异丙苯,延炼12万吨/年乙苯/苯乙烯装置
0.00,ST010137,<p>%(m/m)</p>,2025-10-30 08:00:00,正丙苯,延炼12万吨/年乙苯/苯乙烯装置
0.00,ST010137,<p>%(m/m)</p>,2025-10-30 08:00:00,甲乙苯,延炼12万吨/年乙苯/苯乙烯装置
59.49,ST010137,<p>%(m/m)</p>,2025-10-30 08:00:00,苯乙烯,延炼12万吨/年乙苯/苯乙烯装置
0.02,ST010137,<p>%(m/m)</p>,2025-10-30 08:00:00,α甲基苯乙烯,延炼12万吨/年乙苯/苯乙烯装置
0.00,ST010137,<p>%(m/m)</p>,2025-10-30 08:00:00,苯乙炔,延炼12万吨/年乙苯/苯乙烯装置
0.00,ST010137,<p>%(m/m)</p>,2025-10-30 08:00:00,间、对甲基苯乙烯,延炼12万吨/年乙苯/苯乙烯装置
0.25,ST010137,<p>%(m/m)</p>,2025-10-30 08:00:00,其  他,延炼12万吨/年乙苯/苯乙烯装置
0.006,ST010137,<p>%(m/m)</p>,2025-10-30 08:00:00,二乙基苯,延炼12万吨/年乙苯/苯乙烯装置
0.00,ST010137,<p>%(m/m)</p>,2025-10-30 08:00:00,丙烯基苯,延炼12万吨/年乙苯/苯乙烯装置
0.00,ST010137,<p>%(m/m)</p>,2025-10-30 08:00:00,二氢噻喃,延炼12万吨/年乙苯/苯乙烯装置
0.02,ST010137,<p>%(m/m)</p>,2025-10-30 08:00:00,2-乙烯基噻吩,延炼12万吨/年乙苯/苯乙烯装置
0.06,ST010137,<p>%(m/m)</p>,2025-10-31 08:00:00,非  芳,延炼12万吨/年乙苯/苯乙烯装置
0.47,ST010137,<p>%(m/m)</p>,2025-10-31 08:00:00,苯,延炼12万吨/年乙苯/苯乙烯装置
1.07,ST010137,<p>%(m/m)</p>,2025-10-31 08:00:00,甲  苯,延炼12万吨/年乙苯/苯乙烯装置
39.17,ST010137,<p>%(m/m)</p>,2025-10-31 08:00:00,乙  苯,延炼12万吨/年乙苯/苯乙烯装置
1.07,ST010137,<p>%(m/m)</p>,2025-10-31 08:00:00,二甲苯,延炼12万吨/年乙苯/苯乙烯装置
0.00,ST010137,<p>%(m/m)</p>,2025-10-31 08:00:00,异丙苯,延炼12万吨/年乙苯/苯乙烯装置
0.00,ST010137,<p>%(m/m)</p>,2025-10-31 08:00:00,正丙苯,延炼12万吨/年乙苯/苯乙烯装置
0.00,ST010137,<p>%(m/m)</p>,2025-10-31 08:00:00,甲乙苯,延炼12万吨/年乙苯/苯乙烯装置
57.64,ST010137,<p>%(m/m)</p>,2025-10-31 08:00:00,苯乙烯,延炼12万吨/年乙苯/苯乙烯装置
0.02,ST010137,<p>%(m/m)</p>,2025-10-31 08:00:00,α甲基苯乙烯,延炼12万吨/年乙苯/苯乙烯装置
0.00,ST010137,<p>%(m/m)</p>,2025-10-31 08:00:00,苯乙炔,延炼12万吨/年乙苯/苯乙烯装置
0.00,ST010137,<p>%(m/m)</p>,2025-10-31 08:00:00,间、对甲基苯乙烯,延炼12万吨/年乙苯/苯乙烯装置
0.48,ST010137,<p>%(m/m)</p>,2025-10-31 08:00:00,其  他,延炼12万吨/年乙苯/苯乙烯装置
0.00,ST010137,<p>%(m/m)</p>,2025-10-31 08:00:00,丙烯基苯,延炼12万吨/年乙苯/苯乙烯装置
0.00,ST010137,<p>%(m/m)</p>,2025-10-31 08:00:00,二氢噻喃,延炼12万吨/年乙苯/苯乙烯装置
0.02,ST010137,<p>%(m/m)</p>,2025-10-31 08:00:00,2-乙烯基噻吩,延炼12万吨/年乙苯/苯乙烯装置
0.05,ST010137,<p>%(m/m)</p>,2025-11-01 08:00:00,非  芳,延炼12万吨/年乙苯/苯乙烯装置
0.52,ST010137,<p>%(m/m)</p>,2025-11-01 08:00:00,苯,延炼12万吨/年乙苯/苯乙烯装置
1.23,ST010137,<p>%(m/m)</p>,2025-11-01 08:00:00,甲  苯,延炼12万吨/年乙苯/苯乙烯装置
39.91,ST010137,<p>%(m/m)</p>,2025-11-01 08:00:00,乙  苯,延炼12万吨/年乙苯/苯乙烯装置
1.08,ST010137,<p>%(m/m)</p>,2025-11-01 08:00:00,二甲苯,延炼12万吨/年乙苯/苯乙烯装置
0.00,ST010137,<p>%(m/m)</p>,2025-11-01 08:00:00,异丙苯,延炼12万吨/年乙苯/苯乙烯装置
0.00,ST010137,<p>%(m/m)</p>,2025-11-01 08:00:00,正丙苯,延炼12万吨/年乙苯/苯乙烯装置
0.00,ST010137,<p>%(m/m)</p>,2025-11-01 08:00:00,甲乙苯,延炼12万吨/年乙苯/苯乙烯装置
57.06,ST010137,<p>%(m/m)</p>,2025-11-01 08:00:00,苯乙烯,延炼12万吨/年乙苯/苯乙烯装置
0.01,ST010137,<p>%(m/m)</p>,2025-11-01 08:00:00,α甲基苯乙烯,延炼12万吨/年乙苯/苯乙烯装置
0.00,ST010137,<p>%(m/m)</p>,2025-11-01 08:00:00,苯乙炔,延炼12万吨/年乙苯/苯乙烯装置
0.00,ST010137,<p>%(m/m)</p>,2025-11-01 08:00:00,间、对甲基苯乙烯,延炼12万吨/年乙苯/苯乙烯装置
0.13,ST010137,<p>%(m/m)</p>,2025-11-01 08:00:00,其  他,延炼12万吨/年乙苯/苯乙烯装置
0.00,ST010137,<p>%(m/m)</p>,2025-11-01 08:00:00,丙烯基苯,延炼12万吨/年乙苯/苯乙烯装置
0.00,ST010137,<p>%(m/m)</p>,2025-11-01 08:00:00,二氢噻喃,延炼12万吨/年乙苯/苯乙烯装置
0.02,ST010137,<p>%(m/m)</p>,2025-11-01 08:00:00,2-乙烯基噻吩,延炼12万吨/年乙苯/苯乙烯装置
0.05,ST010137,<p>%(m/m)</p>,2025-11-02 08:00:00,非  芳,延炼12万吨/年乙苯/苯乙烯装置
0.43,ST010137,<p>%(m/m)</p>,2025-11-02 08:00:00,苯,延炼12万吨/年乙苯/苯乙烯装置
1.04,ST010137,<p>%(m/m)</p>,2025-11-02 08:00:00,甲  苯,延炼12万吨/年乙苯/苯乙烯装置
40.28,ST010137,<p>%(m/m)</p>,2025-11-02 08:00:00,乙  苯,延炼12万吨/年乙苯/苯乙烯装置
1.16,ST010137,<p>%(m/m)</p>,2025-11-02 08:00:00,二甲苯,延炼12万吨/年乙苯/苯乙烯装置
0.00,ST010137,<p>%(m/m)</p>,2025-11-02 08:00:00,异丙苯,延炼12万吨/年乙苯/苯乙烯装置
0.00,ST010137,<p>%(m/m)</p>,2025-11-02 08:00:00,正丙苯,延炼12万吨/年乙苯/苯乙烯装置
0.00,ST010137,<p>%(m/m)</p>,2025-11-02 08:00:00,甲乙苯,延炼12万吨/年乙苯/苯乙烯装置
56.86,ST010137,<p>%(m/m)</p>,2025-11-02 08:00:00,苯乙烯,延炼12万吨/年乙苯/苯乙烯装置
0.01,ST010137,<p>%(m/m)</p>,2025-11-02 08:00:00,α甲基苯乙烯,延炼12万吨/年乙苯/苯乙烯装置
0.00,ST010137,<p>%(m/m)</p>,2025-11-02 08:00:00,苯乙炔,延炼12万吨/年乙苯/苯乙烯装置
0.00,ST010137,<p>%(m/m)</p>,2025-11-02 08:00:00,间、对甲基苯乙烯,延炼12万吨/年乙苯/苯乙烯装置
0.15,ST010137,<p>%(m/m)</p>,2025-11-02 08:00:00,其  他,延炼12万吨/年乙苯/苯乙烯装置
0.00,ST010137,<p>%(m/m)</p>,2025-11-02 08:00:00,丙烯基苯,延炼12万吨/年乙苯/苯乙烯装置
0.00,ST010137,<p>%(m/m)</p>,2025-11-02 08:00:00,二氢噻喃,延炼12万吨/年乙苯/苯乙烯装置
0.02,ST010137,<p>%(m/m)</p>,2025-11-02 08:00:00,2-乙烯基噻吩,延炼12万吨/年乙苯/苯乙烯装置
0.05,ST010137,<p>%(m/m)</p>,2025-11-03 08:00:00,非  芳,延炼12万吨/年乙苯/苯乙烯装置
0.40,ST010137,<p>%(m/m)</p>,2025-11-03 08:00:00,苯,延炼12万吨/年乙苯/苯乙烯装置
0.96,ST010137,<p>%(m/m)</p>,2025-11-03 08:00:00,甲  苯,延炼12万吨/年乙苯/苯乙烯装置
40.67,ST010137,<p>%(m/m)</p>,2025-11-03 08:00:00,乙  苯,延炼12万吨/年乙苯/苯乙烯装置
1.02,ST010137,<p>%(m/m)</p>,2025-11-03 08:00:00,二甲苯,延炼12万吨/年乙苯/苯乙烯装置
0.00,ST010137,<p>%(m/m)</p>,2025-11-03 08:00:00,异丙苯,延炼12万吨/年乙苯/苯乙烯装置
0.00,ST010137,<p>%(m/m)</p>,2025-11-03 08:00:00,正丙苯,延炼12万吨/年乙苯/苯乙烯装置
0.00,ST010137,<p>%(m/m)</p>,2025-11-03 08:00:00,甲乙苯,延炼12万吨/年乙苯/苯乙烯装置
56.75,ST010137,<p>%(m/m)</p>,2025-11-03 08:00:00,苯乙烯,延炼12万吨/年乙苯/苯乙烯装置
0.01,ST010137,<p>%(m/m)</p>,2025-11-03 08:00:00,α甲基苯乙烯,延炼12万吨/年乙苯/苯乙烯装置
0.00,ST010137,<p>%(m/m)</p>,2025-11-03 08:00:00,苯乙炔,延炼12万吨/年乙苯/苯乙烯装置
0.00,ST010137,<p>%(m/m)</p>,2025-11-03 08:00:00,间、对甲基苯乙烯,延炼12万吨/年乙苯/苯乙烯装置
0.12,ST010137,<p>%(m/m)</p>,2025-11-03 08:00:00,其  他,延炼12万吨/年乙苯/苯乙烯装置
0.00,ST010137,<p>%(m/m)</p>,2025-11-03 08:00:00,丙烯基苯,延炼12万吨/年乙苯/苯乙烯装置
0.00,ST010137,<p>%(m/m)</p>,2025-11-03 08:00:00,二氢噻喃,延炼12万吨/年乙苯/苯乙烯装置
0.02,ST010137,<p>%(m/m)</p>,2025-11-03 08:00:00,2-乙烯基噻吩,延炼12万吨/年乙苯/苯乙烯装置
0.05,ST010137,<p>%(m/m)</p>,2025-11-04 08:00:00,非  芳,延炼12万吨/年乙苯/苯乙烯装置
0.41,ST010137,<p>%(m/m)</p>,2025-11-04 08:00:00,苯,延炼12万吨/年乙苯/苯乙烯装置
0.99,ST010137,<p>%(m/m)</p>,2025-11-04 08:00:00,甲  苯,延炼12万吨/年乙苯/苯乙烯装置
41.31,ST010137,<p>%(m/m)</p>,2025-11-04 08:00:00,乙  苯,延炼12万吨/年乙苯/苯乙烯装置
1.12,ST010137,<p>%(m/m)</p>,2025-11-04 08:00:00,二甲苯,延炼12万吨/年乙苯/苯乙烯装置
0.00,ST010137,<p>%(m/m)</p>,2025-11-04 08:00:00,异丙苯,延炼12万吨/年乙苯/苯乙烯装置
0.00,ST010137,<p>%(m/m)</p>,2025-11-04 08:00:00,正丙苯,延炼12万吨/年乙苯/苯乙烯装置
0.00,ST010137,<p>%(m/m)</p>,2025-11-04 08:00:00,甲乙苯,延炼12万吨/年乙苯/苯乙烯装置
55.95,ST010137,<p>%(m/m)</p>,2025-11-04 08:00:00,苯乙烯,延炼12万吨/年乙苯/苯乙烯装置
0.01,ST010137,<p>%(m/m)</p>,2025-11-04 08:00:00,α甲基苯乙烯,延炼12万吨/年乙苯/苯乙烯装置
0.00,ST010137,<p>%(m/m)</p>,2025-11-04 08:00:00,苯乙炔,延炼12万吨/年乙苯/苯乙烯装置
0.00,ST010137,<p>%(m/m)</p>,2025-11-04 08:00:00,间、对甲基苯乙烯,延炼12万吨/年乙苯/苯乙烯装置
0.12,ST010137,<p>%(m/m)</p>,2025-11-04 08:00:00,其  他,延炼12万吨/年乙苯/苯乙烯装置
0.00,ST010137,<p>%(m/m)</p>,2025-11-04 08:00:00,丙烯基苯,延炼12万吨/年乙苯/苯乙烯装置
0.00,ST010137,<p>%(m/m)</p>,2025-11-04 08:00:00,二氢噻喃,延炼12万吨/年乙苯/苯乙烯装置
0.02,ST010137,<p>%(m/m)</p>,2025-11-04 08:00:00,2-乙烯基噻吩,延炼12万吨/年乙苯/苯乙烯装置
0.06,ST010137,<p>%(m/m)</p>,2025-11-05 08:00:00,非  芳,延炼12万吨/年乙苯/苯乙烯装置
0.42,ST010137,<p>%(m/m)</p>,2025-11-05 08:00:00,苯,延炼12万吨/年乙苯/苯乙烯装置
1.01,ST010137,<p>%(m/m)</p>,2025-11-05 08:00:00,甲  苯,延炼12万吨/年乙苯/苯乙烯装置
41.38,ST010137,<p>%(m/m)</p>,2025-11-05 08:00:00,乙  苯,延炼12万吨/年乙苯/苯乙烯装置
1.07,ST010137,<p>%(m/m)</p>,2025-11-05 08:00:00,二甲苯,延炼12万吨/年乙苯/苯乙烯装置
0.00,ST010137,<p>%(m/m)</p>,2025-11-05 08:00:00,异丙苯,延炼12万吨/年乙苯/苯乙烯装置
0.00,ST010137,<p>%(m/m)</p>,2025-11-05 08:00:00,正丙苯,延炼12万吨/年乙苯/苯乙烯装置
0.00,ST010137,<p>%(m/m)</p>,2025-11-05 08:00:00,甲乙苯,延炼12万吨/年乙苯/苯乙烯装置
55.90,ST010137,<p>%(m/m)</p>,2025-11-05 08:00:00,苯乙烯,延炼12万吨/年乙苯/苯乙烯装置
0.01,ST010137,<p>%(m/m)</p>,2025-11-05 08:00:00,α甲基苯乙烯,延炼12万吨/年乙苯/苯乙烯装置
0.00,ST010137,<p>%(m/m)</p>,2025-11-05 08:00:00,苯乙炔,延炼12万吨/年乙苯/苯乙烯装置
0.00,ST010137,<p>%(m/m)</p>,2025-11-05 08:00:00,间、对甲基苯乙烯,延炼12万吨/年乙苯/苯乙烯装置
0.14,ST010137,<p>%(m/m)</p>,2025-11-05 08:00:00,其  他,延炼12万吨/年乙苯/苯乙烯装置
0.00,ST010137,<p>%(m/m)</p>,2025-11-05 08:00:00,丙烯基苯,延炼12万吨/年乙苯/苯乙烯装置
0.00,ST010137,<p>%(m/m)</p>,2025-11-05 08:00:00,二氢噻喃,延炼12万吨/年乙苯/苯乙烯装置
0.01,ST010137,<p>%(m/m)</p>,2025-11-05 08:00:00,2-乙烯基噻吩,延炼12万吨/年乙苯/苯乙烯装置
0.06,ST010137,<p>%(m/m)</p>,2025-11-06 08:00:00,非  芳,延炼12万吨/年乙苯/苯乙烯装置
0.41,ST010137,<p>%(m/m)</p>,2025-11-06 08:00:00,苯,延炼12万吨/年乙苯/苯乙烯装置
1.00,ST010137,<p>%(m/m)</p>,2025-11-06 08:00:00,甲  苯,延炼12万吨/年乙苯/苯乙烯装置
40.45,ST010137,<p>%(m/m)</p>,2025-11-06 08:00:00,乙  苯,延炼12万吨/年乙苯/苯乙烯装置
1.09,ST010137,<p>%(m/m)</p>,2025-11-06 08:00:00,二甲苯,延炼12万吨/年乙苯/苯乙烯装置
0.00,ST010137,<p>%(m/m)</p>,2025-11-06 08:00:00,异丙苯,延炼12万吨/年乙苯/苯乙烯装置
0.00,ST010137,<p>%(m/m)</p>,2025-11-06 08:00:00,正丙苯,延炼12万吨/年乙苯/苯乙烯装置
0.00,ST010137,<p>%(m/m)</p>,2025-11-06 08:00:00,甲乙苯,延炼12万吨/年乙苯/苯乙烯装置
56.62,ST010137,<p>%(m/m)</p>,2025-11-06 08:00:00,苯乙烯,延炼12万吨/年乙苯/苯乙烯装置
0.01,ST010137,<p>%(m/m)</p>,2025-11-06 08:00:00,α甲基苯乙烯,延炼12万吨/年乙苯/苯乙烯装置
0.00,ST010137,<p>%(m/m)</p>,2025-11-06 08:00:00,苯乙炔,延炼12万吨/年乙苯/苯乙烯装置
0.00,ST010137,<p>%(m/m)</p>,2025-11-06 08:00:00,间、对甲基苯乙烯,延炼12万吨/年乙苯/苯乙烯装置
0.02,ST010137,<p>%(m/m)</p>,2025-11-06 08:00:00,2-乙烯基噻吩,延炼12万吨/年乙苯/苯乙烯装置
0.32,ST010137,<p>%(m/m)</p>,2025-11-06 08:00:00,其  他,延炼12万吨/年乙苯/苯乙烯装置
0.012,ST010137,<p>%(m/m)</p>,2025-11-06 08:00:00,二乙基苯,延炼12万吨/年乙苯/苯乙烯装置
0.00,ST010137,<p>%(m/m)</p>,2025-11-06 08:00:00,丙烯基苯,延炼12万吨/年乙苯/苯乙烯装置
0.00,ST010137,<p>%(m/m)</p>,2025-11-06 08:00:00,二氢噻喃,延炼12万吨/年乙苯/苯乙烯装置
0.05,ST010137,<p>%(m/m)</p>,2025-11-07 08:00:00,非  芳,延炼12万吨/年乙苯/苯乙烯装置
0.39,ST010137,<p>%(m/m)</p>,2025-11-07 08:00:00,苯,延炼12万吨/年乙苯/苯乙烯装置
0.98,ST010137,<p>%(m/m)</p>,2025-11-07 08:00:00,甲  苯,延炼12万吨/年乙苯/苯乙烯装置
40.31,ST010137,<p>%(m/m)</p>,2025-11-07 08:00:00,乙  苯,延炼12万吨/年乙苯/苯乙烯装置
1.06,ST010137,<p>%(m/m)</p>,2025-11-07 08:00:00,二甲苯,延炼12万吨/年乙苯/苯乙烯装置
0.00,ST010137,<p>%(m/m)</p>,2025-11-07 08:00:00,异丙苯,延炼12万吨/年乙苯/苯乙烯装置
0.00,ST010137,<p>%(m/m)</p>,2025-11-07 08:00:00,正丙苯,延炼12万吨/年乙苯/苯乙烯装置
0.00,ST010137,<p>%(m/m)</p>,2025-11-07 08:00:00,甲乙苯,延炼12万吨/年乙苯/苯乙烯装置
56.98,ST010137,<p>%(m/m)</p>,2025-11-07 08:00:00,苯乙烯,延炼12万吨/年乙苯/苯乙烯装置
0.01,ST010137,<p>%(m/m)</p>,2025-11-07 08:00:00,α甲基苯乙烯,延炼12万吨/年乙苯/苯乙烯装置
0.00,ST010137,<p>%(m/m)</p>,2025-11-07 08:00:00,苯乙炔,延炼12万吨/年乙苯/苯乙烯装置
0.00,ST010137,<p>%(m/m)</p>,2025-11-07 08:00:00,间、对甲基苯乙烯,延炼12万吨/年乙苯/苯乙烯装置
0.20,ST010137,<p>%(m/m)</p>,2025-11-07 08:00:00,其  他,延炼12万吨/年乙苯/苯乙烯装置
0.00,ST010137,<p>%(m/m)</p>,2025-11-07 08:00:00,丙烯基苯,延炼12万吨/年乙苯/苯乙烯装置
0.00,ST010137,<p>%(m/m)</p>,2025-11-07 08:00:00,二氢噻喃,延炼12万吨/年乙苯/苯乙烯装置
0.01,ST010137,<p>%(m/m)</p>,2025-11-07 08:00:00,2-乙烯基噻吩,延炼12万吨/年乙苯/苯乙烯装置
0.05,ST010137,<p>%(m/m)</p>,2025-11-08 08:00:00,非  芳,延炼12万吨/年乙苯/苯乙烯装置
0.58,ST010137,<p>%(m/m)</p>,2025-11-08 08:00:00,苯,延炼12万吨/年乙苯/苯乙烯装置
1.40,ST010137,<p>%(m/m)</p>,2025-11-08 08:00:00,甲  苯,延炼12万吨/年乙苯/苯乙烯装置
40.40,ST010137,<p>%(m/m)</p>,2025-11-08 08:00:00,乙  苯,延炼12万吨/年乙苯/苯乙烯装置
1.09,ST010137,<p>%(m/m)</p>,2025-11-08 08:00:00,二甲苯,延炼12万吨/年乙苯/苯乙烯装置
0.00,ST010137,<p>%(m/m)</p>,2025-11-08 08:00:00,异丙苯,延炼12万吨/年乙苯/苯乙烯装置
0.00,ST010137,<p>%(m/m)</p>,2025-11-08 08:00:00,正丙苯,延炼12万吨/年乙苯/苯乙烯装置
0.00,ST010137,<p>%(m/m)</p>,2025-11-08 08:00:00,甲乙苯,延炼12万吨/年乙苯/苯乙烯装置
56.09,ST010137,<p>%(m/m)</p>,2025-11-08 08:00:00,苯乙烯,延炼12万吨/年乙苯/苯乙烯装置
0.01,ST010137,<p>%(m/m)</p>,2025-11-08 08:00:00,α甲基苯乙烯,延炼12万吨/年乙苯/苯乙烯装置
0.00,ST010137,<p>%(m/m)</p>,2025-11-08 08:00:00,苯乙炔,延炼12万吨/年乙苯/苯乙烯装置
0.00,ST010137,<p>%(m/m)</p>,2025-11-08 08:00:00,间、对甲基苯乙烯,延炼12万吨/年乙苯/苯乙烯装置
0.34,ST010137,<p>%(m/m)</p>,2025-11-08 08:00:00,其  他,延炼12万吨/年乙苯/苯乙烯装置
0.00,ST010137,<p>%(m/m)</p>,2025-11-08 08:00:00,丙烯基苯,延炼12万吨/年乙苯/苯乙烯装置
0.00,ST010137,<p>%(m/m)</p>,2025-11-08 08:00:00,二氢噻喃,延炼12万吨/年乙苯/苯乙烯装置
0.01,ST010137,<p>%(m/m)</p>,2025-11-08 08:00:00,2-乙烯基噻吩,延炼12万吨/年乙苯/苯乙烯装置
0.05,ST010137,<p>%(m/m)</p>,2025-11-09 08:00:00,非  芳,延炼12万吨/年乙苯/苯乙烯装置
0.43,ST010137,<p>%(m/m)</p>,2025-11-09 08:00:00,苯,延炼12万吨/年乙苯/苯乙烯装置
1.03,ST010137,<p>%(m/m)</p>,2025-11-09 08:00:00,甲  苯,延炼12万吨/年乙苯/苯乙烯装置
39.89,ST010137,<p>%(m/m)</p>,2025-11-09 08:00:00,乙  苯,延炼12万吨/年乙苯/苯乙烯装置
1.16,ST010137,<p>%(m/m)</p>,2025-11-09 08:00:00,二甲苯,延炼12万吨/年乙苯/苯乙烯装置
0.00,ST010137,<p>%(m/m)</p>,2025-11-09 08:00:00,异丙苯,延炼12万吨/年乙苯/苯乙烯装置
0.00,ST010137,<p>%(m/m)</p>,2025-11-09 08:00:00,正丙苯,延炼12万吨/年乙苯/苯乙烯装置
0.00,ST010137,<p>%(m/m)</p>,2025-11-09 08:00:00,甲乙苯,延炼12万吨/年乙苯/苯乙烯装置
57.25,ST010137,<p>%(m/m)</p>,2025-11-09 08:00:00,苯乙烯,延炼12万吨/年乙苯/苯乙烯装置
0.01,ST010137,<p>%(m/m)</p>,2025-11-09 08:00:00,α甲基苯乙烯,延炼12万吨/年乙苯/苯乙烯装置
0.00,ST010137,<p>%(m/m)</p>,2025-11-09 08:00:00,苯乙炔,延炼12万吨/年乙苯/苯乙烯装置
0.00,ST010137,<p>%(m/m)</p>,2025-11-09 08:00:00,间、对甲基苯乙烯,延炼12万吨/年乙苯/苯乙烯装置
0.15,ST010137,<p>%(m/m)</p>,2025-11-09 08:00:00,其  他,延炼12万吨/年乙苯/苯乙烯装置
0.00,ST010137,<p>%(m/m)</p>,2025-11-09 08:00:00,丙烯基苯,延炼12万吨/年乙苯/苯乙烯装置
0.00,ST010137,<p>%(m/m)</p>,2025-11-09 08:00:00,二氢噻喃,延炼12万吨/年乙苯/苯乙烯装置
0.02,ST010137,<p>%(m/m)</p>,2025-11-09 08:00:00,2-乙烯基噻吩,延炼12万吨/年乙苯/苯乙烯装置
0.05,ST010137,<p>%(m/m)</p>,2025-11-10 08:00:00,非  芳,延炼12万吨/年乙苯/苯乙烯装置
0.43,ST010137,<p>%(m/m)</p>,2025-11-10 08:00:00,苯,延炼12万吨/年乙苯/苯乙烯装置
1.01,ST010137,<p>%(m/m)</p>,2025-11-10 08:00:00,甲  苯,延炼12万吨/年乙苯/苯乙烯装置
40.45,ST010137,<p>%(m/m)</p>,2025-11-10 08:00:00,乙  苯,延炼12万吨/年乙苯/苯乙烯装置
1.12,ST010137,<p>%(m/m)</p>,2025-11-10 08:00:00,二甲苯,延炼12万吨/年乙苯/苯乙烯装置
0.00,ST010137,<p>%(m/m)</p>,2025-11-10 08:00:00,异丙苯,延炼12万吨/年乙苯/苯乙烯装置
0.00,ST010137,<p>%(m/m)</p>,2025-11-10 08:00:00,正丙苯,延炼12万吨/年乙苯/苯乙烯装置
0.00,ST010137,<p>%(m/m)</p>,2025-11-10 08:00:00,甲乙苯,延炼12万吨/年乙苯/苯乙烯装置
56.77,ST010137,<p>%(m/m)</p>,2025-11-10 08:00:00,苯乙烯,延炼12万吨/年乙苯/苯乙烯装置
0.01,ST010137,<p>%(m/m)</p>,2025-11-10 08:00:00,α甲基苯乙烯,延炼12万吨/年乙苯/苯乙烯装置
0.00,ST010137,<p>%(m/m)</p>,2025-11-10 08:00:00,苯乙炔,延炼12万吨/年乙苯/苯乙烯装置
0.00,ST010137,<p>%(m/m)</p>,2025-11-10 08:00:00,间、对甲基苯乙烯,延炼12万吨/年乙苯/苯乙烯装置
0.14,ST010137,<p>%(m/m)</p>,2025-11-10 08:00:00,其  他,延炼12万吨/年乙苯/苯乙烯装置
0.00,ST010137,<p>%(m/m)</p>,2025-11-10 08:00:00,丙烯基苯,延炼12万吨/年乙苯/苯乙烯装置
0.00,ST010137,<p>%(m/m)</p>,2025-11-10 08:00:00,二氢噻喃,延炼12万吨/年乙苯/苯乙烯装置
0.00,ST010137,<p>%(m/m)</p>,2025-11-10 08:00:00,2-乙烯基噻吩,延炼12万吨/年乙苯/苯乙烯装置
0.05,ST010137,<p>%(m/m)</p>,2025-11-11 08:00:00,非  芳,延炼12万吨/年乙苯/苯乙烯装置
0.42,ST010137,<p>%(m/m)</p>,2025-11-11 08:00:00,苯,延炼12万吨/年乙苯/苯乙烯装置
1.00,ST010137,<p>%(m/m)</p>,2025-11-11 08:00:00,甲  苯,延炼12万吨/年乙苯/苯乙烯装置
40.75,ST010137,<p>%(m/m)</p>,2025-11-11 08:00:00,乙  苯,延炼12万吨/年乙苯/苯乙烯装置
1.12,ST010137,<p>%(m/m)</p>,2025-11-11 08:00:00,二甲苯,延炼12万吨/年乙苯/苯乙烯装置
0.00,ST010137,<p>%(m/m)</p>,2025-11-11 08:00:00,异丙苯,延炼12万吨/年乙苯/苯乙烯装置
0.00,ST010137,<p>%(m/m)</p>,2025-11-11 08:00:00,正丙苯,延炼12万吨/年乙苯/苯乙烯装置
0.00,ST010137,<p>%(m/m)</p>,2025-11-11 08:00:00,甲乙苯,延炼12万吨/年乙苯/苯乙烯装置
56.48,ST010137,<p>%(m/m)</p>,2025-11-11 08:00:00,苯乙烯,延炼12万吨/年乙苯/苯乙烯装置
0.01,ST010137,<p>%(m/m)</p>,2025-11-11 08:00:00,α甲基苯乙烯,延炼12万吨/年乙苯/苯乙烯装置
0.00,ST010137,<p>%(m/m)</p>,2025-11-11 08:00:00,苯乙炔,延炼12万吨/年乙苯/苯乙烯装置
0.00,ST010137,<p>%(m/m)</p>,2025-11-11 08:00:00,间、对甲基苯乙烯,延炼12万吨/年乙苯/苯乙烯装置
0.15,ST010137,<p>%(m/m)</p>,2025-11-11 08:00:00,其  他,延炼12万吨/年乙苯/苯乙烯装置
0.00,ST010137,<p>%(m/m)</p>,2025-11-11 08:00:00,丙烯基苯,延炼12万吨/年乙苯/苯乙烯装置
0.00,ST010137,<p>%(m/m)</p>,2025-11-11 08:00:00,二氢噻喃,延炼12万吨/年乙苯/苯乙烯装置
0.00,ST010137,<p>%(m/m)</p>,2025-11-11 08:00:00,2-乙烯基噻吩,延炼12万吨/年乙苯/苯乙烯装置
0.06,ST010137,<p>%(m/m)</p>,2025-11-12 08:00:00,非  芳,延炼12万吨/年乙苯/苯乙烯装置
0.63,ST010137,<p>%(m/m)</p>,2025-11-12 08:00:00,苯,延炼12万吨/年乙苯/苯乙烯装置
1.53,ST010137,<p>%(m/m)</p>,2025-11-12 08:00:00,甲  苯,延炼12万吨/年乙苯/苯乙烯装置
42.14,ST010137,<p>%(m/m)</p>,2025-11-12 08:00:00,乙  苯,延炼12万吨/年乙苯/苯乙烯装置
1.16,ST010137,<p>%(m/m)</p>,2025-11-12 08:00:00,二甲苯,延炼12万吨/年乙苯/苯乙烯装置
0.00,ST010137,<p>%(m/m)</p>,2025-11-12 08:00:00,异丙苯,延炼12万吨/年乙苯/苯乙烯装置
0.00,ST010137,<p>%(m/m)</p>,2025-11-12 08:00:00,正丙苯,延炼12万吨/年乙苯/苯乙烯装置
0.00,ST010137,<p>%(m/m)</p>,2025-11-12 08:00:00,甲乙苯,延炼12万吨/年乙苯/苯乙烯装置
54.30,ST010137,<p>%(m/m)</p>,2025-11-12 08:00:00,苯乙烯,延炼12万吨/年乙苯/苯乙烯装置
0.01,ST010137,<p>%(m/m)</p>,2025-11-12 08:00:00,α甲基苯乙烯,延炼12万吨/年乙苯/苯乙烯装置
0.00,ST010137,<p>%(m/m)</p>,2025-11-12 08:00:00,苯乙炔,延炼12万吨/年乙苯/苯乙烯装置
0.00,ST010137,<p>%(m/m)</p>,2025-11-12 08:00:00,间、对甲基苯乙烯,延炼12万吨/年乙苯/苯乙烯装置
0.16,ST010137,<p>%(m/m)</p>,2025-11-12 08:00:00,其  他,延炼12万吨/年乙苯/苯乙烯装置
0.00,ST010137,<p>%(m/m)</p>,2025-11-12 08:00:00,丙烯基苯,延炼12万吨/年乙苯/苯乙烯装置
0.00,ST010137,<p>%(m/m)</p>,2025-11-12 08:00:00,二氢噻喃,延炼12万吨/年乙苯/苯乙烯装置
0.00,ST010137,<p>%(m/m)</p>,2025-11-12 08:00:00,2-乙烯基噻吩,延炼12万吨/年乙苯/苯乙烯装置
0.05,ST010137,<p>%(m/m)</p>,2025-11-13 08:00:00,非  芳,延炼12万吨/年乙苯/苯乙烯装置
0.55,ST010137,<p>%(m/m)</p>,2025-11-13 08:00:00,苯,延炼12万吨/年乙苯/苯乙烯装置
1.33,ST010137,<p>%(m/m)</p>,2025-11-13 08:00:00,甲  苯,延炼12万吨/年乙苯/苯乙烯装置
40.03,ST010137,<p>%(m/m)</p>,2025-11-13 08:00:00,乙  苯,延炼12万吨/年乙苯/苯乙烯装置
1.11,ST010137,<p>%(m/m)</p>,2025-11-13 08:00:00,二甲苯,延炼12万吨/年乙苯/苯乙烯装置
0.00,ST010137,<p>%(m/m)</p>,2025-11-13 08:00:00,异丙苯,延炼12万吨/年乙苯/苯乙烯装置
0.00,ST010137,<p>%(m/m)</p>,2025-11-13 08:00:00,正丙苯,延炼12万吨/年乙苯/苯乙烯装置
0.00,ST010137,<p>%(m/m)</p>,2025-11-13 08:00:00,甲乙苯,延炼12万吨/年乙苯/苯乙烯装置
54.93,ST010137,<p>%(m/m)</p>,2025-11-13 08:00:00,苯乙烯,延炼12万吨/年乙苯/苯乙烯装置
0.01,ST010137,<p>%(m/m)</p>,2025-11-13 08:00:00,α甲基苯乙烯,延炼12万吨/年乙苯/苯乙烯装置
0.00,ST010137,<p>%(m/m)</p>,2025-11-13 08:00:00,苯乙炔,延炼12万吨/年乙苯/苯乙烯装置
0.00,ST010137,<p>%(m/m)</p>,2025-11-13 08:00:00,间、对甲基苯乙烯,延炼12万吨/年乙苯/苯乙烯装置
1.97,ST010137,<p>%(m/m)</p>,2025-11-13 08:00:00,其  他,延炼12万吨/年乙苯/苯乙烯装置
0.007,ST010137,<p>%(m/m)</p>,2025-11-13 08:00:00,二乙基苯,延炼12万吨/年乙苯/苯乙烯装置
0.00,ST010137,<p>%(m/m)</p>,2025-11-13 08:00:00,丙烯基苯,延炼12万吨/年乙苯/苯乙烯装置
0.00,ST010137,<p>%(m/m)</p>,2025-11-13 08:00:00,二氢噻喃,延炼12万吨/年乙苯/苯乙烯装置
0.00,ST010137,<p>%(m/m)</p>,2025-11-13 08:00:00,2-乙烯基噻吩,延炼12万吨/年乙苯/苯乙烯装置
0.01,ST010137,<p>%(m/m)</p>,2025-11-14 08:00:00,2-乙烯基噻吩,延炼12万吨/年乙苯/苯乙烯装置
0.06,ST010137,<p>%(m/m)</p>,2025-11-14 08:00:00,非  芳,延炼12万吨/年乙苯/苯乙烯装置
0.47,ST010137,<p>%(m/m)</p>,2025-11-14 08:00:00,苯,延炼12万吨/年乙苯/苯乙烯装置
1.13,ST010137,<p>%(m/m)</p>,2025-11-14 08:00:00,甲  苯,延炼12万吨/年乙苯/苯乙烯装置
40.32,ST010137,<p>%(m/m)</p>,2025-11-14 08:00:00,乙  苯,延炼12万吨/年乙苯/苯乙烯装置
1.06,ST010137,<p>%(m/m)</p>,2025-11-14 08:00:00,二甲苯,延炼12万吨/年乙苯/苯乙烯装置
0.00,ST010137,<p>%(m/m)</p>,2025-11-14 08:00:00,异丙苯,延炼12万吨/年乙苯/苯乙烯装置
0.00,ST010137,<p>%(m/m)</p>,2025-11-14 08:00:00,正丙苯,延炼12万吨/年乙苯/苯乙烯装置
0.00,ST010137,<p>%(m/m)</p>,2025-11-14 08:00:00,甲乙苯,延炼12万吨/年乙苯/苯乙烯装置
56.77,ST010137,<p>%(m/m)</p>,2025-11-14 08:00:00,苯乙烯,延炼12万吨/年乙苯/苯乙烯装置
0.01,ST010137,<p>%(m/m)</p>,2025-11-14 08:00:00,α甲基苯乙烯,延炼12万吨/年乙苯/苯乙烯装置
0.00,ST010137,<p>%(m/m)</p>,2025-11-14 08:00:00,苯乙炔,延炼12万吨/年乙苯/苯乙烯装置
0.00,ST010137,<p>%(m/m)</p>,2025-11-14 08:00:00,间、对甲基苯乙烯,延炼12万吨/年乙苯/苯乙烯装置
0.17,ST010137,<p>%(m/m)</p>,2025-11-14 08:00:00,其  他,延炼12万吨/年乙苯/苯乙烯装置
0.00,ST010137,<p>%(m/m)</p>,2025-11-14 08:00:00,丙烯基苯,延炼12万吨/年乙苯/苯乙烯装置
0.00,ST010137,<p>%(m/m)</p>,2025-11-14 08:00:00,二氢噻喃,延炼12万吨/年乙苯/苯乙烯装置
0.06,ST010137,<p>%(m/m)</p>,2025-11-15 08:00:00,非  芳,延炼12万吨/年乙苯/苯乙烯装置
0.43,ST010137,<p>%(m/m)</p>,2025-11-15 08:00:00,苯,延炼12万吨/年乙苯/苯乙烯装置
1.08,ST010137,<p>%(m/m)</p>,2025-11-15 08:00:00,甲  苯,延炼12万吨/年乙苯/苯乙烯装置
39.57,ST010137,<p>%(m/m)</p>,2025-11-15 08:00:00,乙  苯,延炼12万吨/年乙苯/苯乙烯装置
1.17,ST010137,<p>%(m/m)</p>,2025-11-15 08:00:00,二甲苯,延炼12万吨/年乙苯/苯乙烯装置
0.00,ST010137,<p>%(m/m)</p>,2025-11-15 08:00:00,异丙苯,延炼12万吨/年乙苯/苯乙烯装置
0.00,ST010137,<p>%(m/m)</p>,2025-11-15 08:00:00,正丙苯,延炼12万吨/年乙苯/苯乙烯装置
0.00,ST010137,<p>%(m/m)</p>,2025-11-15 08:00:00,甲乙苯,延炼12万吨/年乙苯/苯乙烯装置
57.50,ST010137,<p>%(m/m)</p>,2025-11-15 08:00:00,苯乙烯,延炼12万吨/年乙苯/苯乙烯装置
0.01,ST010137,<p>%(m/m)</p>,2025-11-15 08:00:00,α甲基苯乙烯,延炼12万吨/年乙苯/苯乙烯装置
0.00,ST010137,<p>%(m/m)</p>,2025-11-15 08:00:00,苯乙炔,延炼12万吨/年乙苯/苯乙烯装置
0.00,ST010137,<p>%(m/m)</p>,2025-11-15 08:00:00,间、对甲基苯乙烯,延炼12万吨/年乙苯/苯乙烯装置
0.15,ST010137,<p>%(m/m)</p>,2025-11-15 08:00:00,其  他,延炼12万吨/年乙苯/苯乙烯装置
0.00,ST010137,<p>%(m/m)</p>,2025-11-15 08:00:00,丙烯基苯,延炼12万吨/年乙苯/苯乙烯装置
0.00,ST010137,<p>%(m/m)</p>,2025-11-15 08:00:00,二氢噻喃,延炼12万吨/年乙苯/苯乙烯装置
0.01,ST010137,<p>%(m/m)</p>,2025-11-15 08:00:00,2-乙烯基噻吩,延炼12万吨/年乙苯/苯乙烯装置
0.05,ST010137,<p>%(m/m)</p>,2025-11-16 08:00:00,非  芳,延炼12万吨/年乙苯/苯乙烯装置
0.61,ST010137,<p>%(m/m)</p>,2025-11-16 08:00:00,苯,延炼12万吨/年乙苯/苯乙烯装置
1.51,ST010137,<p>%(m/m)</p>,2025-11-16 08:00:00,甲  苯,延炼12万吨/年乙苯/苯乙烯装置
40.83,ST010137,<p>%(m/m)</p>,2025-11-16 08:00:00,乙  苯,延炼12万吨/年乙苯/苯乙烯装置
1.09,ST010137,<p>%(m/m)</p>,2025-11-16 08:00:00,二甲苯,延炼12万吨/年乙苯/苯乙烯装置
0.00,ST010137,<p>%(m/m)</p>,2025-11-16 08:00:00,异丙苯,延炼12万吨/年乙苯/苯乙烯装置
0.00,ST010137,<p>%(m/m)</p>,2025-11-16 08:00:00,正丙苯,延炼12万吨/年乙苯/苯乙烯装置
0.00,ST010137,<p>%(m/m)</p>,2025-11-16 08:00:00,甲乙苯,延炼12万吨/年乙苯/苯乙烯装置
55.74,ST010137,<p>%(m/m)</p>,2025-11-16 08:00:00,苯乙烯,延炼12万吨/年乙苯/苯乙烯装置
0.01,ST010137,<p>%(m/m)</p>,2025-11-16 08:00:00,α甲基苯乙烯,延炼12万吨/年乙苯/苯乙烯装置
0.00,ST010137,<p>%(m/m)</p>,2025-11-16 08:00:00,苯乙炔,延炼12万吨/年乙苯/苯乙烯装置
0.00,ST010137,<p>%(m/m)</p>,2025-11-16 08:00:00,间、对甲基苯乙烯,延炼12万吨/年乙苯/苯乙烯装置
0.16,ST010137,<p>%(m/m)</p>,2025-11-16 08:00:00,其  他,延炼12万吨/年乙苯/苯乙烯装置
0.00,ST010137,<p>%(m/m)</p>,2025-11-16 08:00:00,丙烯基苯,延炼12万吨/年乙苯/苯乙烯装置
0.00,ST010137,<p>%(m/m)</p>,2025-11-16 08:00:00,二氢噻喃,延炼12万吨/年乙苯/苯乙烯装置
0.00,ST010137,<p>%(m/m)</p>,2025-11-16 08:00:00,2-乙烯基噻吩,延炼12万吨/年乙苯/苯乙烯装置
0.05,ST010137,<p>%(m/m)</p>,2025-11-17 08:00:00,非  芳,延炼12万吨/年乙苯/苯乙烯装置
0.45,ST010137,<p>%(m/m)</p>,2025-11-17 08:00:00,苯,延炼12万吨/年乙苯/苯乙烯装置
1.09,ST010137,<p>%(m/m)</p>,2025-11-17 08:00:00,甲  苯,延炼12万吨/年乙苯/苯乙烯装置
40.05,ST010137,<p>%(m/m)</p>,2025-11-17 08:00:00,乙  苯,延炼12万吨/年乙苯/苯乙烯装置
1.06,ST010137,<p>%(m/m)</p>,2025-11-17 08:00:00,二甲苯,延炼12万吨/年乙苯/苯乙烯装置
0.00,ST010137,<p>%(m/m)</p>,2025-11-17 08:00:00,异丙苯,延炼12万吨/年乙苯/苯乙烯装置
0.00,ST010137,<p>%(m/m)</p>,2025-11-17 08:00:00,正丙苯,延炼12万吨/年乙苯/苯乙烯装置
0.00,ST010137,<p>%(m/m)</p>,2025-11-17 08:00:00,甲乙苯,延炼12万吨/年乙苯/苯乙烯装置
57.14,ST010137,<p>%(m/m)</p>,2025-11-17 08:00:00,苯乙烯,延炼12万吨/年乙苯/苯乙烯装置
0.01,ST010137,<p>%(m/m)</p>,2025-11-17 08:00:00,α甲基苯乙烯,延炼12万吨/年乙苯/苯乙烯装置
0.00,ST010137,<p>%(m/m)</p>,2025-11-17 08:00:00,苯乙炔,延炼12万吨/年乙苯/苯乙烯装置
0.00,ST010137,<p>%(m/m)</p>,2025-11-17 08:00:00,间、对甲基苯乙烯,延炼12万吨/年乙苯/苯乙烯装置
0.14,ST010137,<p>%(m/m)</p>,2025-11-17 08:00:00,其  他,延炼12万吨/年乙苯/苯乙烯装置
0.00,ST010137,<p>%(m/m)</p>,2025-11-17 08:00:00,丙烯基苯,延炼12万吨/年乙苯/苯乙烯装置
0.00,ST010137,<p>%(m/m)</p>,2025-11-17 08:00:00,二氢噻喃,延炼12万吨/年乙苯/苯乙烯装置
0.00,ST010137,<p>%(m/m)</p>,2025-11-17 08:00:00,2-乙烯基噻吩,延炼12万吨/年乙苯/苯乙烯装置
0.44,ST010137,<p>%(m/m)</p>,2025-11-18 08:00:00,苯,延炼12万吨/年乙苯/苯乙烯装置
1.08,ST010137,<p>%(m/m)</p>,2025-11-18 08:00:00,甲  苯,延炼12万吨/年乙苯/苯乙烯装置
40.04,ST010137,<p>%(m/m)</p>,2025-11-18 08:00:00,乙  苯,延炼12万吨/年乙苯/苯乙烯装置
1.06,ST010137,<p>%(m/m)</p>,2025-11-18 08:00:00,二甲苯,延炼12万吨/年乙苯/苯乙烯装置
0.00,ST010137,<p>%(m/m)</p>,2025-11-18 08:00:00,异丙苯,延炼12万吨/年乙苯/苯乙烯装置
0.00,ST010137,<p>%(m/m)</p>,2025-11-18 08:00:00,正丙苯,延炼12万吨/年乙苯/苯乙烯装置
0.05,ST010137,<p>%(m/m)</p>,2025-11-18 08:00:00,非  芳,延炼12万吨/年乙苯/苯乙烯装置
0.00,ST010137,<p>%(m/m)</p>,2025-11-18 08:00:00,甲乙苯,延炼12万吨/年乙苯/苯乙烯装置
57.17,ST010137,<p>%(m/m)</p>,2025-11-18 08:00:00,苯乙烯,延炼12万吨/年乙苯/苯乙烯装置
0.01,ST010137,<p>%(m/m)</p>,2025-11-18 08:00:00,α甲基苯乙烯,延炼12万吨/年乙苯/苯乙烯装置
0.00,ST010137,<p>%(m/m)</p>,2025-11-18 08:00:00,苯乙炔,延炼12万吨/年乙苯/苯乙烯装置
0.00,ST010137,<p>%(m/m)</p>,2025-11-18 08:00:00,间、对甲基苯乙烯,延炼12万吨/年乙苯/苯乙烯装置
0.14,ST010137,<p>%(m/m)</p>,2025-11-18 08:00:00,其  他,延炼12万吨/年乙苯/苯乙烯装置
0.00,ST010137,<p>%(m/m)</p>,2025-11-18 08:00:00,丙烯基苯,延炼12万吨/年乙苯/苯乙烯装置
0.00,ST010137,<p>%(m/m)</p>,2025-11-18 08:00:00,二氢噻喃,延炼12万吨/年乙苯/苯乙烯装置
0.00,ST010137,<p>%(m/m)</p>,2025-11-18 08:00:00,2-乙烯基噻吩,延炼12万吨/年乙苯/苯乙烯装置
0.05,ST010137,<p>%(m/m)</p>,2025-11-19 08:00:00,非  芳,延炼12万吨/年乙苯/苯乙烯装置
0.38,ST010137,<p>%(m/m)</p>,2025-11-19 08:00:00,苯,延炼12万吨/年乙苯/苯乙烯装置
0.96,ST010137,<p>%(m/m)</p>,2025-11-19 08:00:00,甲  苯,延炼12万吨/年乙苯/苯乙烯装置
41.03,ST010137,<p>%(m/m)</p>,2025-11-19 08:00:00,乙  苯,延炼12万吨/年乙苯/苯乙烯装置
1.03,ST010137,<p>%(m/m)</p>,2025-11-19 08:00:00,二甲苯,延炼12万吨/年乙苯/苯乙烯装置
0.00,ST010137,<p>%(m/m)</p>,2025-11-19 08:00:00,异丙苯,延炼12万吨/年乙苯/苯乙烯装置
0.00,ST010137,<p>%(m/m)</p>,2025-11-19 08:00:00,正丙苯,延炼12万吨/年乙苯/苯乙烯装置
0.00,ST010137,<p>%(m/m)</p>,2025-11-19 08:00:00,甲乙苯,延炼12万吨/年乙苯/苯乙烯装置
56.38,ST010137,<p>%(m/m)</p>,2025-11-19 08:00:00,苯乙烯,延炼12万吨/年乙苯/苯乙烯装置
0.01,ST010137,<p>%(m/m)</p>,2025-11-19 08:00:00,α甲基苯乙烯,延炼12万吨/年乙苯/苯乙烯装置
0.00,ST010137,<p>%(m/m)</p>,2025-11-19 08:00:00,苯乙炔,延炼12万吨/年乙苯/苯乙烯装置
0.00,ST010137,<p>%(m/m)</p>,2025-11-19 08:00:00,间、对甲基苯乙烯,延炼12万吨/年乙苯/苯乙烯装置
0.14,ST010137,<p>%(m/m)</p>,2025-11-19 08:00:00,其  他,延炼12万吨/年乙苯/苯乙烯装置
0.00,ST010137,<p>%(m/m)</p>,2025-11-19 08:00:00,丙烯基苯,延炼12万吨/年乙苯/苯乙烯装置
0.00,ST010137,<p>%(m/m)</p>,2025-11-19 08:00:00,二氢噻喃,延炼12万吨/年乙苯/苯乙烯装置
0.01,ST010137,<p>%(m/m)</p>,2025-11-19 08:00:00,2-乙烯基噻吩,延炼12万吨/年乙苯/苯乙烯装置
0.06,ST010137,<p>%(m/m)</p>,2025-11-20 08:00:00,非  芳,延炼12万吨/年乙苯/苯乙烯装置
0.44,ST010137,<p>%(m/m)</p>,2025-11-20 08:00:00,苯,延炼12万吨/年乙苯/苯乙烯装置
1.18,ST010137,<p>%(m/m)</p>,2025-11-20 08:00:00,甲  苯,延炼12万吨/年乙苯/苯乙烯装置
40.52,ST010137,<p>%(m/m)</p>,2025-11-20 08:00:00,乙  苯,延炼12万吨/年乙苯/苯乙烯装置
1.18,ST010137,<p>%(m/m)</p>,2025-11-20 08:00:00,二甲苯,延炼12万吨/年乙苯/苯乙烯装置
0.00,ST010137,<p>%(m/m)</p>,2025-11-20 08:00:00,异丙苯,延炼12万吨/年乙苯/苯乙烯装置
0.00,ST010137,<p>%(m/m)</p>,2025-11-20 08:00:00,正丙苯,延炼12万吨/年乙苯/苯乙烯装置
0.00,ST010137,<p>%(m/m)</p>,2025-11-20 08:00:00,甲乙苯,延炼12万吨/年乙苯/苯乙烯装置
56.30,ST010137,<p>%(m/m)</p>,2025-11-20 08:00:00,苯乙烯,延炼12万吨/年乙苯/苯乙烯装置
0.01,ST010137,<p>%(m/m)</p>,2025-11-20 08:00:00,α甲基苯乙烯,延炼12万吨/年乙苯/苯乙烯装置
0.00,ST010137,<p>%(m/m)</p>,2025-11-20 08:00:00,苯乙炔,延炼12万吨/年乙苯/苯乙烯装置
0.00,ST010137,<p>%(m/m)</p>,2025-11-20 08:00:00,间、对甲基苯乙烯,延炼12万吨/年乙苯/苯乙烯装置
0.28,ST010137,<p>%(m/m)</p>,2025-11-20 08:00:00,其  他,延炼12万吨/年乙苯/苯乙烯装置
0.006,ST010137,<p>%(m/m)</p>,2025-11-20 08:00:00,二乙基苯,延炼12万吨/年乙苯/苯乙烯装置
0.00,ST010137,<p>%(m/m)</p>,2025-11-20 08:00:00,丙烯基苯,延炼12万吨/年乙苯/苯乙烯装置
0.00,ST010137,<p>%(m/m)</p>,2025-11-20 08:00:00,二氢噻喃,延炼12万吨/年乙苯/苯乙烯装置
0.02,ST010137,<p>%(m/m)</p>,2025-11-20 08:00:00,2-乙烯基噻吩,延炼12万吨/年乙苯/苯乙烯装置
0.05,ST010137,<p>%(m/m)</p>,2025-11-21 08:00:00,非  芳,延炼12万吨/年乙苯/苯乙烯装置
0.37,ST010137,<p>%(m/m)</p>,2025-11-21 08:00:00,苯,延炼12万吨/年乙苯/苯乙烯装置
0.98,ST010137,<p>%(m/m)</p>,2025-11-21 08:00:00,甲  苯,延炼12万吨/年乙苯/苯乙烯装置
39.96,ST010137,<p>%(m/m)</p>,2025-11-21 08:00:00,乙  苯,延炼12万吨/年乙苯/苯乙烯装置
0.71,ST010137,<p>%(m/m)</p>,2025-11-21 08:00:00,二甲苯,延炼12万吨/年乙苯/苯乙烯装置
0.00,ST010137,<p>%(m/m)</p>,2025-11-21 08:00:00,异丙苯,延炼12万吨/年乙苯/苯乙烯装置
0.00,ST010137,<p>%(m/m)</p>,2025-11-21 08:00:00,正丙苯,延炼12万吨/年乙苯/苯乙烯装置
0.00,ST010137,<p>%(m/m)</p>,2025-11-21 08:00:00,甲乙苯,延炼12万吨/年乙苯/苯乙烯装置
57.72,ST010137,<p>%(m/m)</p>,2025-11-21 08:00:00,苯乙烯,延炼12万吨/年乙苯/苯乙烯装置
0.01,ST010137,<p>%(m/m)</p>,2025-11-21 08:00:00,α甲基苯乙烯,延炼12万吨/年乙苯/苯乙烯装置
0.00,ST010137,<p>%(m/m)</p>,2025-11-21 08:00:00,苯乙炔,延炼12万吨/年乙苯/苯乙烯装置
0.00,ST010137,<p>%(m/m)</p>,2025-11-21 08:00:00,间、对甲基苯乙烯,延炼12万吨/年乙苯/苯乙烯装置
0.17,ST010137,<p>%(m/m)</p>,2025-11-21 08:00:00,其  他,延炼12万吨/年乙苯/苯乙烯装置
0.00,ST010137,<p>%(m/m)</p>,2025-11-21 08:00:00,丙烯基苯,延炼12万吨/年乙苯/苯乙烯装置
0.00,ST010137,<p>%(m/m)</p>,2025-11-21 08:00:00,二氢噻喃,延炼12万吨/年乙苯/苯乙烯装置
0.02,ST010137,<p>%(m/m)</p>,2025-11-21 08:00:00,2-乙烯基噻吩,延炼12万吨/年乙苯/苯乙烯装置
0.05,ST010137,<p>%(m/m)</p>,2025-11-22 08:00:00,非  芳,延炼12万吨/年乙苯/苯乙烯装置
0.38,ST010137,<p>%(m/m)</p>,2025-11-22 08:00:00,苯,延炼12万吨/年乙苯/苯乙烯装置
0.44,ST010137,<p>%(m/m)</p>,2025-11-22 08:00:00,甲  苯,延炼12万吨/年乙苯/苯乙烯装置
39.60,ST010137,<p>%(m/m)</p>,2025-11-22 08:00:00,乙  苯,延炼12万吨/年乙苯/苯乙烯装置
1.02,ST010137,<p>%(m/m)</p>,2025-11-22 08:00:00,二甲苯,延炼12万吨/年乙苯/苯乙烯装置
0.00,ST010137,<p>%(m/m)</p>,2025-11-22 08:00:00,异丙苯,延炼12万吨/年乙苯/苯乙烯装置
0.00,ST010137,<p>%(m/m)</p>,2025-11-22 08:00:00,正丙苯,延炼12万吨/年乙苯/苯乙烯装置
0.00,ST010137,<p>%(m/m)</p>,2025-11-22 08:00:00,甲乙苯,延炼12万吨/年乙苯/苯乙烯装置
58.33,ST010137,<p>%(m/m)</p>,2025-11-22 08:00:00,苯乙烯,延炼12万吨/年乙苯/苯乙烯装置
0.01,ST010137,<p>%(m/m)</p>,2025-11-22 08:00:00,α甲基苯乙烯,延炼12万吨/年乙苯/苯乙烯装置
0.00,ST010137,<p>%(m/m)</p>,2025-11-22 08:00:00,苯乙炔,延炼12万吨/年乙苯/苯乙烯装置
0.00,ST010137,<p>%(m/m)</p>,2025-11-22 08:00:00,间、对甲基苯乙烯,延炼12万吨/年乙苯/苯乙烯装置
0.14,ST010137,<p>%(m/m)</p>,2025-11-22 08:00:00,其  他,延炼12万吨/年乙苯/苯乙烯装置
0.00,ST010137,<p>%(m/m)</p>,2025-11-22 08:00:00,丙烯基苯,延炼12万吨/年乙苯/苯乙烯装置
0.00,ST010137,<p>%(m/m)</p>,2025-11-22 08:00:00,二氢噻喃,延炼12万吨/年乙苯/苯乙烯装置
0.02,ST010137,<p>%(m/m)</p>,2025-11-22 08:00:00,2-乙烯基噻吩,延炼12万吨/年乙苯/苯乙烯装置
0.00,ST010137,<p>%(m/m)</p>,2025-11-23 08:00:00,间、对甲基苯乙烯,延炼12万吨/年乙苯/苯乙烯装置
0.15,ST010137,<p>%(m/m)</p>,2025-11-23 08:00:00,其  他,延炼12万吨/年乙苯/苯乙烯装置
0.00,ST010137,<p>%(m/m)</p>,2025-11-23 08:00:00,丙烯基苯,延炼12万吨/年乙苯/苯乙烯装置
0.00,ST010137,<p>%(m/m)</p>,2025-11-23 08:00:00,二氢噻喃,延炼12万吨/年乙苯/苯乙烯装置
0.00,ST010137,<p>%(m/m)</p>,2025-11-23 08:00:00,2-乙烯基噻吩,延炼12万吨/年乙苯/苯乙烯装置
0.05,ST010137,<p>%(m/m)</p>,2025-11-23 08:00:00,非  芳,延炼12万吨/年乙苯/苯乙烯装置
0.39,ST010137,<p>%(m/m)</p>,2025-11-23 08:00:00,苯,延炼12万吨/年乙苯/苯乙烯装置
1.04,ST010137,<p>%(m/m)</p>,2025-11-23 08:00:00,甲  苯,延炼12万吨/年乙苯/苯乙烯装置
39.90,ST010137,<p>%(m/m)</p>,2025-11-23 08:00:00,乙  苯,延炼12万吨/年乙苯/苯乙烯装置
1.06,ST010137,<p>%(m/m)</p>,2025-11-23 08:00:00,二甲苯,延炼12万吨/年乙苯/苯乙烯装置
0.00,ST010137,<p>%(m/m)</p>,2025-11-23 08:00:00,异丙苯,延炼12万吨/年乙苯/苯乙烯装置
0.00,ST010137,<p>%(m/m)</p>,2025-11-23 08:00:00,正丙苯,延炼12万吨/年乙苯/苯乙烯装置
0.00,ST010137,<p>%(m/m)</p>,2025-11-23 08:00:00,甲乙苯,延炼12万吨/年乙苯/苯乙烯装置
57.39,ST010137,<p>%(m/m)</p>,2025-11-23 08:00:00,苯乙烯,延炼12万吨/年乙苯/苯乙烯装置
0.01,ST010137,<p>%(m/m)</p>,2025-11-23 08:00:00,α甲基苯乙烯,延炼12万吨/年乙苯/苯乙烯装置
0.00,ST010137,<p>%(m/m)</p>,2025-11-23 08:00:00,苯乙炔,延炼12万吨/年乙苯/苯乙烯装置
0.15,ST010137,<p>%(m/m)</p>,2025-11-24 08:00:00,其  他,延炼12万吨/年乙苯/苯乙烯装置
0.00,ST010137,<p>%(m/m)</p>,2025-11-24 08:00:00,丙烯基苯,延炼12万吨/年乙苯/苯乙烯装置
0.00,ST010137,<p>%(m/m)</p>,2025-11-24 08:00:00,二氢噻喃,延炼12万吨/年乙苯/苯乙烯装置
38.60,ST010137,<p>%(m/m)</p>,2025-11-24 08:00:00,乙  苯,延炼12万吨/年乙苯/苯乙烯装置
1.09,ST010137,<p>%(m/m)</p>,2025-11-24 08:00:00,二甲苯,延炼12万吨/年乙苯/苯乙烯装置
0.00,ST010137,<p>%(m/m)</p>,2025-11-24 08:00:00,异丙苯,延炼12万吨/年乙苯/苯乙烯装置
0.00,ST010137,<p>%(m/m)</p>,2025-11-24 08:00:00,正丙苯,延炼12万吨/年乙苯/苯乙烯装置
0.00,ST010137,<p>%(m/m)</p>,2025-11-24 08:00:00,甲乙苯,延炼12万吨/年乙苯/苯乙烯装置
58.48,ST010137,<p>%(m/m)</p>,2025-11-24 08:00:00,苯乙烯,延炼12万吨/年乙苯/苯乙烯装置
0.01,ST010137,<p>%(m/m)</p>,2025-11-24 08:00:00,α甲基苯乙烯,延炼12万吨/年乙苯/苯乙烯装置
0.00,ST010137,<p>%(m/m)</p>,2025-11-24 08:00:00,苯乙炔,延炼12万吨/年乙苯/苯乙烯装置
1.15,ST010137,<p>%(m/m)</p>,2025-11-24 08:00:00,甲  苯,延炼12万吨/年乙苯/苯乙烯装置
0.00,ST010137,<p>%(m/m)</p>,2025-11-24 08:00:00,间、对甲基苯乙烯,延炼12万吨/年乙苯/苯乙烯装置
0.01,ST010137,<p>%(m/m)</p>,2025-11-24 08:00:00,2-乙烯基噻吩,延炼12万吨/年乙苯/苯乙烯装置
0.05,ST010137,<p>%(m/m)</p>,2025-11-24 08:00:00,非  芳,延炼12万吨/年乙苯/苯乙烯装置
0.44,ST010137,<p>%(m/m)</p>,2025-11-24 08:00:00,苯,延炼12万吨/年乙苯/苯乙烯装置
0.06,ST010137,<p>%(m/m)</p>,2025-11-25 08:00:00,非  芳,延炼12万吨/年乙苯/苯乙烯装置
0.38,ST010137,<p>%(m/m)</p>,2025-11-25 08:00:00,苯,延炼12万吨/年乙苯/苯乙烯装置
1.03,ST010137,<p>%(m/m)</p>,2025-11-25 08:00:00,甲  苯,延炼12万吨/年乙苯/苯乙烯装置
39.07,ST010137,<p>%(m/m)</p>,2025-11-25 08:00:00,乙  苯,延炼12万吨/年乙苯/苯乙烯装置
1.22,ST010137,<p>%(m/m)</p>,2025-11-25 08:00:00,二甲苯,延炼12万吨/年乙苯/苯乙烯装置
0.00,ST010137,<p>%(m/m)</p>,2025-11-25 08:00:00,异丙苯,延炼12万吨/年乙苯/苯乙烯装置
0.00,ST010137,<p>%(m/m)</p>,2025-11-25 08:00:00,正丙苯,延炼12万吨/年乙苯/苯乙烯装置
0.00,ST010137,<p>%(m/m)</p>,2025-11-25 08:00:00,甲乙苯,延炼12万吨/年乙苯/苯乙烯装置
58.07,ST010137,<p>%(m/m)</p>,2025-11-25 08:00:00,苯乙烯,延炼12万吨/年乙苯/苯乙烯装置
0.01,ST010137,<p>%(m/m)</p>,2025-11-25 08:00:00,α甲基苯乙烯,延炼12万吨/年乙苯/苯乙烯装置
0.00,ST010137,<p>%(m/m)</p>,2025-11-25 08:00:00,苯乙炔,延炼12万吨/年乙苯/苯乙烯装置
0.00,ST010137,<p>%(m/m)</p>,2025-11-25 08:00:00,间、对甲基苯乙烯,延炼12万吨/年乙苯/苯乙烯装置
0.15,ST010137,<p>%(m/m)</p>,2025-11-25 08:00:00,其  他,延炼12万吨/年乙苯/苯乙烯装置
0.00,ST010137,<p>%(m/m)</p>,2025-11-25 08:00:00,丙烯基苯,延炼12万吨/年乙苯/苯乙烯装置
0.00,ST010137,<p>%(m/m)</p>,2025-11-25 08:00:00,二氢噻喃,延炼12万吨/年乙苯/苯乙烯装置
0.02,ST010137,<p>%(m/m)</p>,2025-11-25 08:00:00,2-乙烯基噻吩,延炼12万吨/年乙苯/苯乙烯装置
0.05,ST010137,<p>%(m/m)</p>,2025-11-26 08:00:00,非  芳,延炼12万吨/年乙苯/苯乙烯装置
0.38,ST010137,<p>%(m/m)</p>,2025-11-26 08:00:00,苯,延炼12万吨/年乙苯/苯乙烯装置
1.02,ST010137,<p>%(m/m)</p>,2025-11-26 08:00:00,甲  苯,延炼12万吨/年乙苯/苯乙烯装置
39.62,ST010137,<p>%(m/m)</p>,2025-11-26 08:00:00,乙  苯,延炼12万吨/年乙苯/苯乙烯装置
1.12,ST010137,<p>%(m/m)</p>,2025-11-26 08:00:00,二甲苯,延炼12万吨/年乙苯/苯乙烯装置
0.00,ST010137,<p>%(m/m)</p>,2025-11-26 08:00:00,异丙苯,延炼12万吨/年乙苯/苯乙烯装置
0.00,ST010137,<p>%(m/m)</p>,2025-11-26 08:00:00,正丙苯,延炼12万吨/年乙苯/苯乙烯装置
0.00,ST010137,<p>%(m/m)</p>,2025-11-26 08:00:00,甲乙苯,延炼12万吨/年乙苯/苯乙烯装置
57.65,ST010137,<p>%(m/m)</p>,2025-11-26 08:00:00,苯乙烯,延炼12万吨/年乙苯/苯乙烯装置
0.01,ST010137,<p>%(m/m)</p>,2025-11-26 08:00:00,α甲基苯乙烯,延炼12万吨/年乙苯/苯乙烯装置
0.00,ST010137,<p>%(m/m)</p>,2025-11-26 08:00:00,苯乙炔,延炼12万吨/年乙苯/苯乙烯装置
0.00,ST010137,<p>%(m/m)</p>,2025-11-26 08:00:00,间、对甲基苯乙烯,延炼12万吨/年乙苯/苯乙烯装置
0.13,ST010137,<p>%(m/m)</p>,2025-11-26 08:00:00,其  他,延炼12万吨/年乙苯/苯乙烯装置
0.00,ST010137,<p>%(m/m)</p>,2025-11-26 08:00:00,丙烯基苯,延炼12万吨/年乙苯/苯乙烯装置
0.00,ST010137,<p>%(m/m)</p>,2025-11-26 08:00:00,二氢噻喃,延炼12万吨/年乙苯/苯乙烯装置
0.02,ST010137,<p>%(m/m)</p>,2025-11-26 08:00:00,2-乙烯基噻吩,延炼12万吨/年乙苯/苯乙烯装置
0.004,ST010137,<p>%(m/m)</p>,2025-11-27 08:00:00,二乙基苯,延炼12万吨/年乙苯/苯乙烯装置
0.00,ST010137,<p>%(m/m)</p>,2025-11-27 08:00:00,丙烯基苯,延炼12万吨/年乙苯/苯乙烯装置
0.00,ST010137,<p>%(m/m)</p>,2025-11-27 08:00:00,二氢噻喃,延炼12万吨/年乙苯/苯乙烯装置
0.02,ST010137,<p>%(m/m)</p>,2025-11-27 08:00:00,2-乙烯基噻吩,延炼12万吨/年乙苯/苯乙烯装置
0.05,ST010137,<p>%(m/m)</p>,2025-11-27 08:00:00,非  芳,延炼12万吨/年乙苯/苯乙烯装置
0.34,ST010137,<p>%(m/m)</p>,2025-11-27 08:00:00,苯,延炼12万吨/年乙苯/苯乙烯装置
0.94,ST010137,<p>%(m/m)</p>,2025-11-27 08:00:00,甲  苯,延炼12万吨/年乙苯/苯乙烯装置
40.44,ST010137,<p>%(m/m)</p>,2025-11-27 08:00:00,乙  苯,延炼12万吨/年乙苯/苯乙烯装置
1.11,ST010137,<p>%(m/m)</p>,2025-11-27 08:00:00,二甲苯,延炼12万吨/年乙苯/苯乙烯装置
0.00,ST010137,<p>%(m/m)</p>,2025-11-27 08:00:00,异丙苯,延炼12万吨/年乙苯/苯乙烯装置
0.00,ST010137,<p>%(m/m)</p>,2025-11-27 08:00:00,正丙苯,延炼12万吨/年乙苯/苯乙烯装置
0.00,ST010137,<p>%(m/m)</p>,2025-11-27 08:00:00,甲乙苯,延炼12万吨/年乙苯/苯乙烯装置
56.82,ST010137,<p>%(m/m)</p>,2025-11-27 08:00:00,苯乙烯,延炼12万吨/年乙苯/苯乙烯装置
0.01,ST010137,<p>%(m/m)</p>,2025-11-27 08:00:00,α甲基苯乙烯,延炼12万吨/年乙苯/苯乙烯装置
0.00,ST010137,<p>%(m/m)</p>,2025-11-27 08:00:00,苯乙炔,延炼12万吨/年乙苯/苯乙烯装置
0.00,ST010137,<p>%(m/m)</p>,2025-11-27 08:00:00,间、对甲基苯乙烯,延炼12万吨/年乙苯/苯乙烯装置
0.27,ST010137,<p>%(m/m)</p>,2025-11-27 08:00:00,其  他,延炼12万吨/年乙苯/苯乙烯装置
0.06,ST010137,<p>%(m/m)</p>,2025-11-28 08:00:00,非  芳,延炼12万吨/年乙苯/苯乙烯装置
0.44,ST010137,<p>%(m/m)</p>,2025-11-28 08:00:00,苯,延炼12万吨/年乙苯/苯乙烯装置
0.52,ST010137,<p>%(m/m)</p>,2025-11-28 08:00:00,甲  苯,延炼12万吨/年乙苯/苯乙烯装置
39.67,ST010137,<p>%(m/m)</p>,2025-11-28 08:00:00,乙  苯,延炼12万吨/年乙苯/苯乙烯装置
1.17,ST010137,<p>%(m/m)</p>,2025-11-28 08:00:00,二甲苯,延炼12万吨/年乙苯/苯乙烯装置
0.00,ST010137,<p>%(m/m)</p>,2025-11-28 08:00:00,异丙苯,延炼12万吨/年乙苯/苯乙烯装置
0.00,ST010137,<p>%(m/m)</p>,2025-11-28 08:00:00,正丙苯,延炼12万吨/年乙苯/苯乙烯装置
0.00,ST010137,<p>%(m/m)</p>,2025-11-28 08:00:00,甲乙苯,延炼12万吨/年乙苯/苯乙烯装置
57.94,ST010137,<p>%(m/m)</p>,2025-11-28 08:00:00,苯乙烯,延炼12万吨/年乙苯/苯乙烯装置
0.01,ST010137,<p>%(m/m)</p>,2025-11-28 08:00:00,α甲基苯乙烯,延炼12万吨/年乙苯/苯乙烯装置
0.00,ST010137,<p>%(m/m)</p>,2025-11-28 08:00:00,苯乙炔,延炼12万吨/年乙苯/苯乙烯装置
0.00,ST010137,<p>%(m/m)</p>,2025-11-28 08:00:00,间、对甲基苯乙烯,延炼12万吨/年乙苯/苯乙烯装置
0.16,ST010137,<p>%(m/m)</p>,2025-11-28 08:00:00,其  他,延炼12万吨/年乙苯/苯乙烯装置
0.00,ST010137,<p>%(m/m)</p>,2025-11-28 08:00:00,丙烯基苯,延炼12万吨/年乙苯/苯乙烯装置
0.00,ST010137,<p>%(m/m)</p>,2025-11-28 08:00:00,二氢噻喃,延炼12万吨/年乙苯/苯乙烯装置
0.02,ST010137,<p>%(m/m)</p>,2025-11-28 08:00:00,2-乙烯基噻吩,延炼12万吨/年乙苯/苯乙烯装置
0.06,ST010137,<p>%(m/m)</p>,2025-11-29 08:00:00,非  芳,延炼12万吨/年乙苯/苯乙烯装置
0.43,ST010137,<p>%(m/m)</p>,2025-11-29 08:00:00,苯,延炼12万吨/年乙苯/苯乙烯装置
1.17,ST010137,<p>%(m/m)</p>,2025-11-29 08:00:00,甲  苯,延炼12万吨/年乙苯/苯乙烯装置
38.54,ST010137,<p>%(m/m)</p>,2025-11-29 08:00:00,乙  苯,延炼12万吨/年乙苯/苯乙烯装置
1.14,ST010137,<p>%(m/m)</p>,2025-11-29 08:00:00,二甲苯,延炼12万吨/年乙苯/苯乙烯装置
0.00,ST010137,<p>%(m/m)</p>,2025-11-29 08:00:00,异丙苯,延炼12万吨/年乙苯/苯乙烯装置
0.00,ST010137,<p>%(m/m)</p>,2025-11-29 08:00:00,正丙苯,延炼12万吨/年乙苯/苯乙烯装置
0.00,ST010137,<p>%(m/m)</p>,2025-11-29 08:00:00,甲乙苯,延炼12万吨/年乙苯/苯乙烯装置
58.15,ST010137,<p>%(m/m)</p>,2025-11-29 08:00:00,苯乙烯,延炼12万吨/年乙苯/苯乙烯装置
0.01,ST010137,<p>%(m/m)</p>,2025-11-29 08:00:00,α甲基苯乙烯,延炼12万吨/年乙苯/苯乙烯装置
0.00,ST010137,<p>%(m/m)</p>,2025-11-29 08:00:00,苯乙炔,延炼12万吨/年乙苯/苯乙烯装置
0.00,ST010137,<p>%(m/m)</p>,2025-11-29 08:00:00,间、对甲基苯乙烯,延炼12万吨/年乙苯/苯乙烯装置
0.47,ST010137,<p>%(m/m)</p>,2025-11-29 08:00:00,其  他,延炼12万吨/年乙苯/苯乙烯装置
0.00,ST010137,<p>%(m/m)</p>,2025-11-29 08:00:00,丙烯基苯,延炼12万吨/年乙苯/苯乙烯装置
0.00,ST010137,<p>%(m/m)</p>,2025-11-29 08:00:00,二氢噻喃,延炼12万吨/年乙苯/苯乙烯装置
0.02,ST010137,<p>%(m/m)</p>,2025-11-29 08:00:00,2-乙烯基噻吩,延炼12万吨/年乙苯/苯乙烯装置
0.00,ST010137,<p>%(m/m)</p>,2025-11-30 08:00:00,异丙苯,延炼12万吨/年乙苯/苯乙烯装置
0.00,ST010137,<p>%(m/m)</p>,2025-11-30 08:00:00,正丙苯,延炼12万吨/年乙苯/苯乙烯装置
0.00,ST010137,<p>%(m/m)</p>,2025-11-30 08:00:00,甲乙苯,延炼12万吨/年乙苯/苯乙烯装置
58.14,ST010137,<p>%(m/m)</p>,2025-11-30 08:00:00,苯乙烯,延炼12万吨/年乙苯/苯乙烯装置
0.01,ST010137,<p>%(m/m)</p>,2025-11-30 08:00:00,α甲基苯乙烯,延炼12万吨/年乙苯/苯乙烯装置
0.00,ST010137,<p>%(m/m)</p>,2025-11-30 08:00:00,苯乙炔,延炼12万吨/年乙苯/苯乙烯装置
0.00,ST010137,<p>%(m/m)</p>,2025-11-30 08:00:00,间、对甲基苯乙烯,延炼12万吨/年乙苯/苯乙烯装置
0.17,ST010137,<p>%(m/m)</p>,2025-11-30 08:00:00,其  他,延炼12万吨/年乙苯/苯乙烯装置
0.00,ST010137,<p>%(m/m)</p>,2025-11-30 08:00:00,丙烯基苯,延炼12万吨/年乙苯/苯乙烯装置
0.00,ST010137,<p>%(m/m)</p>,2025-11-30 08:00:00,二氢噻喃,延炼12万吨/年乙苯/苯乙烯装置
0.02,ST010137,<p>%(m/m)</p>,2025-11-30 08:00:00,2-乙烯基噻吩,延炼12万吨/年乙苯/苯乙烯装置
0.06,ST010137,<p>%(m/m)</p>,2025-11-30 08:00:00,非  芳,延炼12万吨/年乙苯/苯乙烯装置
0.43,ST010137,<p>%(m/m)</p>,2025-11-30 08:00:00,苯,延炼12万吨/年乙苯/苯乙烯装置
1.16,ST010137,<p>%(m/m)</p>,2025-11-30 08:00:00,甲  苯,延炼12万吨/年乙苯/苯乙烯装置
38.79,ST010137,<p>%(m/m)</p>,2025-11-30 08:00:00,乙  苯,延炼12万吨/年乙苯/苯乙烯装置
1.22,ST010137,<p>%(m/m)</p>,2025-11-30 08:00:00,二甲苯,延炼12万吨/年乙苯/苯乙烯装置
0.06,ST010137,<p>%(m/m)</p>,2025-12-01 08:00:00,非  芳,延炼12万吨/年乙苯/苯乙烯装置
0.51,ST010137,<p>%(m/m)</p>,2025-12-01 08:00:00,苯,延炼12万吨/年乙苯/苯乙烯装置
1.38,ST010137,<p>%(m/m)</p>,2025-12-01 08:00:00,甲  苯,延炼12万吨/年乙苯/苯乙烯装置
38.38,ST010137,<p>%(m/m)</p>,2025-12-01 08:00:00,乙  苯,延炼12万吨/年乙苯/苯乙烯装置
1.13,ST010137,<p>%(m/m)</p>,2025-12-01 08:00:00,二甲苯,延炼12万吨/年乙苯/苯乙烯装置
0.00,ST010137,<p>%(m/m)</p>,2025-12-01 08:00:00,异丙苯,延炼12万吨/年乙苯/苯乙烯装置
0.00,ST010137,<p>%(m/m)</p>,2025-12-01 08:00:00,正丙苯,延炼12万吨/年乙苯/苯乙烯装置
0.00,ST010137,<p>%(m/m)</p>,2025-12-01 08:00:00,甲乙苯,延炼12万吨/年乙苯/苯乙烯装置
58.37,ST010137,<p>%(m/m)</p>,2025-12-01 08:00:00,苯乙烯,延炼12万吨/年乙苯/苯乙烯装置
0.01,ST010137,<p>%(m/m)</p>,2025-12-01 08:00:00,α甲基苯乙烯,延炼12万吨/年乙苯/苯乙烯装置
0.00,ST010137,<p>%(m/m)</p>,2025-12-01 08:00:00,苯乙炔,延炼12万吨/年乙苯/苯乙烯装置
0.00,ST010137,<p>%(m/m)</p>,2025-12-01 08:00:00,间、对甲基苯乙烯,延炼12万吨/年乙苯/苯乙烯装置
0.15,ST010137,<p>%(m/m)</p>,2025-12-01 08:00:00,其  他,延炼12万吨/年乙苯/苯乙烯装置
0.00,ST010137,<p>%(m/m)</p>,2025-12-01 08:00:00,丙烯基苯,延炼12万吨/年乙苯/苯乙烯装置
0.00,ST010137,<p>%(m/m)</p>,2025-12-01 08:00:00,二氢噻喃,延炼12万吨/年乙苯/苯乙烯装置
0.01,ST010137,<p>%(m/m)</p>,2025-12-01 08:00:00,2-乙烯基噻吩,延炼12万吨/年乙苯/苯乙烯装置
0.06,ST010137,<p>%(m/m)</p>,2025-12-02 08:00:00,非  芳,延炼12万吨/年乙苯/苯乙烯装置
0.45,ST010137,<p>%(m/m)</p>,2025-12-02 08:00:00,苯,延炼12万吨/年乙苯/苯乙烯装置
0.50,ST010137,<p>%(m/m)</p>,2025-12-02 08:00:00,甲  苯,延炼12万吨/年乙苯/苯乙烯装置
39.56,ST010137,<p>%(m/m)</p>,2025-12-02 08:00:00,乙  苯,延炼12万吨/年乙苯/苯乙烯装置
0.76,ST010137,<p>%(m/m)</p>,2025-12-02 08:00:00,二甲苯,延炼12万吨/年乙苯/苯乙烯装置
0.00,ST010137,<p>%(m/m)</p>,2025-12-02 08:00:00,异丙苯,延炼12万吨/年乙苯/苯乙烯装置
0.00,ST010137,<p>%(m/m)</p>,2025-12-02 08:00:00,正丙苯,延炼12万吨/年乙苯/苯乙烯装置
0.00,ST010137,<p>%(m/m)</p>,2025-12-02 08:00:00,甲乙苯,延炼12万吨/年乙苯/苯乙烯装置
58.44,ST010137,<p>%(m/m)</p>,2025-12-02 08:00:00,苯乙烯,延炼12万吨/年乙苯/苯乙烯装置
0.01,ST010137,<p>%(m/m)</p>,2025-12-02 08:00:00,α甲基苯乙烯,延炼12万吨/年乙苯/苯乙烯装置
0.00,ST010137,<p>%(m/m)</p>,2025-12-02 08:00:00,苯乙炔,延炼12万吨/年乙苯/苯乙烯装置
0.00,ST010137,<p>%(m/m)</p>,2025-12-02 08:00:00,间、对甲基苯乙烯,延炼12万吨/年乙苯/苯乙烯装置
0.20,ST010137,<p>%(m/m)</p>,2025-12-02 08:00:00,其  他,延炼12万吨/年乙苯/苯乙烯装置
0.00,ST010137,<p>%(m/m)</p>,2025-12-02 08:00:00,丙烯基苯,延炼12万吨/年乙苯/苯乙烯装置
0.00,ST010137,<p>%(m/m)</p>,2025-12-02 08:00:00,二氢噻喃,延炼12万吨/年乙苯/苯乙烯装置
0.01,ST010137,<p>%(m/m)</p>,2025-12-02 08:00:00,2-乙烯基噻吩,延炼12万吨/年乙苯/苯乙烯装置
39.73,ST010137,<p>%(m/m)</p>,2025-12-03 08:00:00,乙  苯,延炼12万吨/年乙苯/苯乙烯装置
1.18,ST010137,<p>%(m/m)</p>,2025-12-03 08:00:00,二甲苯,延炼12万吨/年乙苯/苯乙烯装置
0.00,ST010137,<p>%(m/m)</p>,2025-12-03 08:00:00,异丙苯,延炼12万吨/年乙苯/苯乙烯装置
0.00,ST010137,<p>%(m/m)</p>,2025-12-03 08:00:00,正丙苯,延炼12万吨/年乙苯/苯乙烯装置
0.00,ST010137,<p>%(m/m)</p>,2025-12-03 08:00:00,甲乙苯,延炼12万吨/年乙苯/苯乙烯装置
57.17,ST010137,<p>%(m/m)</p>,2025-12-03 08:00:00,苯乙烯,延炼12万吨/年乙苯/苯乙烯装置
0.01,ST010137,<p>%(m/m)</p>,2025-12-03 08:00:00,α甲基苯乙烯,延炼12万吨/年乙苯/苯乙烯装置
0.00,ST010137,<p>%(m/m)</p>,2025-12-03 08:00:00,苯乙炔,延炼12万吨/年乙苯/苯乙烯装置
0.00,ST010137,<p>%(m/m)</p>,2025-12-03 08:00:00,间、对甲基苯乙烯,延炼12万吨/年乙苯/苯乙烯装置
0.25,ST010137,<p>%(m/m)</p>,2025-12-03 08:00:00,其  他,延炼12万吨/年乙苯/苯乙烯装置
0.00,ST010137,<p>%(m/m)</p>,2025-12-03 08:00:00,丙烯基苯,延炼12万吨/年乙苯/苯乙烯装置
0.00,ST010137,<p>%(m/m)</p>,2025-12-03 08:00:00,二氢噻喃,延炼12万吨/年乙苯/苯乙烯装置
0.02,ST010137,<p>%(m/m)</p>,2025-12-03 08:00:00,2-乙烯基噻吩,延炼12万吨/年乙苯/苯乙烯装置
0.06,ST010137,<p>%(m/m)</p>,2025-12-03 08:00:00,非  芳,延炼12万吨/年乙苯/苯乙烯装置
0.22,ST010137,<p>%(m/m)</p>,2025-12-03 08:00:00,苯,延炼12万吨/年乙苯/苯乙烯装置
1.36,ST010137,<p>%(m/m)</p>,2025-12-03 08:00:00,甲  苯,延炼12万吨/年乙苯/苯乙烯装置
0.06,ST010137,<p>%(m/m)</p>,2025-12-04 08:00:00,非  芳,延炼12万吨/年乙苯/苯乙烯装置
0.37,ST010137,<p>%(m/m)</p>,2025-12-04 08:00:00,苯,延炼12万吨/年乙苯/苯乙烯装置
1.07,ST010137,<p>%(m/m)</p>,2025-12-04 08:00:00,甲  苯,延炼12万吨/年乙苯/苯乙烯装置
38.84,ST010137,<p>%(m/m)</p>,2025-12-04 08:00:00,乙  苯,延炼12万吨/年乙苯/苯乙烯装置
1.28,ST010137,<p>%(m/m)</p>,2025-12-04 08:00:00,二甲苯,延炼12万吨/年乙苯/苯乙烯装置
0.00,ST010137,<p>%(m/m)</p>,2025-12-04 08:00:00,异丙苯,延炼12万吨/年乙苯/苯乙烯装置
0.00,ST010137,<p>%(m/m)</p>,2025-12-04 08:00:00,正丙苯,延炼12万吨/年乙苯/苯乙烯装置
0.00,ST010137,<p>%(m/m)</p>,2025-12-04 08:00:00,甲乙苯,延炼12万吨/年乙苯/苯乙烯装置
58.21,ST010137,<p>%(m/m)</p>,2025-12-04 08:00:00,苯乙烯,延炼12万吨/年乙苯/苯乙烯装置
0.01,ST010137,<p>%(m/m)</p>,2025-12-04 08:00:00,α甲基苯乙烯,延炼12万吨/年乙苯/苯乙烯装置
0.00,ST010137,<p>%(m/m)</p>,2025-12-04 08:00:00,苯乙炔,延炼12万吨/年乙苯/苯乙烯装置
0.00,ST010137,<p>%(m/m)</p>,2025-12-04 08:00:00,间、对甲基苯乙烯,延炼12万吨/年乙苯/苯乙烯装置
0.12,ST010137,<p>%(m/m)</p>,2025-12-04 08:00:00,其  他,延炼12万吨/年乙苯/苯乙烯装置
0.002,ST010137,<p>%(m/m)</p>,2025-12-04 08:00:00,二乙基苯,延炼12万吨/年乙苯/苯乙烯装置
0.00,ST010137,<p>%(m/m)</p>,2025-12-04 08:00:00,丙烯基苯,延炼12万吨/年乙苯/苯乙烯装置
0.00,ST010137,<p>%(m/m)</p>,2025-12-04 08:00:00,二氢噻喃,延炼12万吨/年乙苯/苯乙烯装置
0.02,ST010137,<p>%(m/m)</p>,2025-12-04 08:00:00,2-乙烯基噻吩,延炼12万吨/年乙苯/苯乙烯装置
0.06,ST010137,<p>%(m/m)</p>,2025-12-05 08:00:00,非  芳,延炼12万吨/年乙苯/苯乙烯装置
0.37,ST010137,<p>%(m/m)</p>,2025-12-05 08:00:00,苯,延炼12万吨/年乙苯/苯乙烯装置
1.06,ST010137,<p>%(m/m)</p>,2025-12-05 08:00:00,甲  苯,延炼12万吨/年乙苯/苯乙烯装置
39.35,ST010137,<p>%(m/m)</p>,2025-12-05 08:00:00,乙  苯,延炼12万吨/年乙苯/苯乙烯装置
1.25,ST010137,<p>%(m/m)</p>,2025-12-05 08:00:00,二甲苯,延炼12万吨/年乙苯/苯乙烯装置
0.00,ST010137,<p>%(m/m)</p>,2025-12-05 08:00:00,异丙苯,延炼12万吨/年乙苯/苯乙烯装置
0.00,ST010137,<p>%(m/m)</p>,2025-12-05 08:00:00,正丙苯,延炼12万吨/年乙苯/苯乙烯装置
0.00,ST010137,<p>%(m/m)</p>,2025-12-05 08:00:00,甲乙苯,延炼12万吨/年乙苯/苯乙烯装置
57.69,ST010137,<p>%(m/m)</p>,2025-12-05 08:00:00,苯乙烯,延炼12万吨/年乙苯/苯乙烯装置
0.01,ST010137,<p>%(m/m)</p>,2025-12-05 08:00:00,α甲基苯乙烯,延炼12万吨/年乙苯/苯乙烯装置
0.00,ST010137,<p>%(m/m)</p>,2025-12-05 08:00:00,苯乙炔,延炼12万吨/年乙苯/苯乙烯装置
0.00,ST010137,<p>%(m/m)</p>,2025-12-05 08:00:00,间、对甲基苯乙烯,延炼12万吨/年乙苯/苯乙烯装置
0.19,ST010137,<p>%(m/m)</p>,2025-12-05 08:00:00,其  他,延炼12万吨/年乙苯/苯乙烯装置
0.00,ST010137,<p>%(m/m)</p>,2025-12-05 08:00:00,丙烯基苯,延炼12万吨/年乙苯/苯乙烯装置
0.00,ST010137,<p>%(m/m)</p>,2025-12-05 08:00:00,二氢噻喃,延炼12万吨/年乙苯/苯乙烯装置
0.02,ST010137,<p>%(m/m)</p>,2025-12-05 08:00:00,2-乙烯基噻吩,延炼12万吨/年乙苯/苯乙烯装置
0.06,ST010137,<p>%(m/m)</p>,2025-12-06 08:00:00,非  芳,延炼12万吨/年乙苯/苯乙烯装置
0.40,ST010137,<p>%(m/m)</p>,2025-12-06 08:00:00,苯,延炼12万吨/年乙苯/苯乙烯装置
1.14,ST010137,<p>%(m/m)</p>,2025-12-06 08:00:00,甲  苯,延炼12万吨/年乙苯/苯乙烯装置
39.93,ST010137,<p>%(m/m)</p>,2025-12-06 08:00:00,乙  苯,延炼12万吨/年乙苯/苯乙烯装置
1.26,ST010137,<p>%(m/m)</p>,2025-12-06 08:00:00,二甲苯,延炼12万吨/年乙苯/苯乙烯装置
0.00,ST010137,<p>%(m/m)</p>,2025-12-06 08:00:00,异丙苯,延炼12万吨/年乙苯/苯乙烯装置
0.00,ST010137,<p>%(m/m)</p>,2025-12-06 08:00:00,正丙苯,延炼12万吨/年乙苯/苯乙烯装置
0.00,ST010137,<p>%(m/m)</p>,2025-12-06 08:00:00,甲乙苯,延炼12万吨/年乙苯/苯乙烯装置
57.08,ST010137,<p>%(m/m)</p>,2025-12-06 08:00:00,苯乙烯,延炼12万吨/年乙苯/苯乙烯装置
0.01,ST010137,<p>%(m/m)</p>,2025-12-06 08:00:00,α甲基苯乙烯,延炼12万吨/年乙苯/苯乙烯装置
0.00,ST010137,<p>%(m/m)</p>,2025-12-06 08:00:00,苯乙炔,延炼12万吨/年乙苯/苯乙烯装置
0.00,ST010137,<p>%(m/m)</p>,2025-12-06 08:00:00,间、对甲基苯乙烯,延炼12万吨/年乙苯/苯乙烯装置
0.10,ST010137,<p>%(m/m)</p>,2025-12-06 08:00:00,其  他,延炼12万吨/年乙苯/苯乙烯装置
0.00,ST010137,<p>%(m/m)</p>,2025-12-06 08:00:00,丙烯基苯,延炼12万吨/年乙苯/苯乙烯装置
0.00,ST010137,<p>%(m/m)</p>,2025-12-06 08:00:00,二氢噻喃,延炼12万吨/年乙苯/苯乙烯装置
0.03,ST010137,<p>%(m/m)</p>,2025-12-06 08:00:00,2-乙烯基噻吩,延炼12万吨/年乙苯/苯乙烯装置
0.03,ST010137,<p>%(m/m)</p>,2025-12-07 08:00:00,2-乙烯基噻吩,延炼12万吨/年乙苯/苯乙烯装置
0.06,ST010137,<p>%(m/m)</p>,2025-12-07 08:00:00,非  芳,延炼12万吨/年乙苯/苯乙烯装置
0.34,ST010137,<p>%(m/m)</p>,2025-12-07 08:00:00,苯,延炼12万吨/年乙苯/苯乙烯装置
0.42,ST010137,<p>%(m/m)</p>,2025-12-07 08:00:00,甲  苯,延炼12万吨/年乙苯/苯乙烯装置
38.59,ST010137,<p>%(m/m)</p>,2025-12-07 08:00:00,乙  苯,延炼12万吨/年乙苯/苯乙烯装置
1.41,ST010137,<p>%(m/m)</p>,2025-12-07 08:00:00,二甲苯,延炼12万吨/年乙苯/苯乙烯装置
0.00,ST010137,<p>%(m/m)</p>,2025-12-07 08:00:00,异丙苯,延炼12万吨/年乙苯/苯乙烯装置
0.00,ST010137,<p>%(m/m)</p>,2025-12-07 08:00:00,正丙苯,延炼12万吨/年乙苯/苯乙烯装置
0.00,ST010137,<p>%(m/m)</p>,2025-12-07 08:00:00,甲乙苯,延炼12万吨/年乙苯/苯乙烯装置
58.99,ST010137,<p>%(m/m)</p>,2025-12-07 08:00:00,苯乙烯,延炼12万吨/年乙苯/苯乙烯装置
0.01,ST010137,<p>%(m/m)</p>,2025-12-07 08:00:00,α甲基苯乙烯,延炼12万吨/年乙苯/苯乙烯装置
0.00,ST010137,<p>%(m/m)</p>,2025-12-07 08:00:00,苯乙炔,延炼12万吨/年乙苯/苯乙烯装置
0.00,ST010137,<p>%(m/m)</p>,2025-12-07 08:00:00,间、对甲基苯乙烯,延炼12万吨/年乙苯/苯乙烯装置
0.15,ST010137,<p>%(m/m)</p>,2025-12-07 08:00:00,其  他,延炼12万吨/年乙苯/苯乙烯装置
0.00,ST010137,<p>%(m/m)</p>,2025-12-07 08:00:00,丙烯基苯,延炼12万吨/年乙苯/苯乙烯装置
0.00,ST010137,<p>%(m/m)</p>,2025-12-07 08:00:00,二氢噻喃,延炼12万吨/年乙苯/苯乙烯装置
0.02,ST010137,<p>%(m/m)</p>,2025-12-08 08:00:00,2-乙烯基噻吩,延炼12万吨/年乙苯/苯乙烯装置
0.06,ST010137,<p>%(m/m)</p>,2025-12-08 08:00:00,非  芳,延炼12万吨/年乙苯/苯乙烯装置
0.37,ST010137,<p>%(m/m)</p>,2025-12-08 08:00:00,苯,延炼12万吨/年乙苯/苯乙烯装置
1.05,ST010137,<p>%(m/m)</p>,2025-12-08 08:00:00,甲  苯,延炼12万吨/年乙苯/苯乙烯装置
38.25,ST010137,<p>%(m/m)</p>,2025-12-08 08:00:00,乙  苯,延炼12万吨/年乙苯/苯乙烯装置
1.19,ST010137,<p>%(m/m)</p>,2025-12-08 08:00:00,二甲苯,延炼12万吨/年乙苯/苯乙烯装置
0.00,ST010137,<p>%(m/m)</p>,2025-12-08 08:00:00,异丙苯,延炼12万吨/年乙苯/苯乙烯装置
0.00,ST010137,<p>%(m/m)</p>,2025-12-08 08:00:00,正丙苯,延炼12万吨/年乙苯/苯乙烯装置
0.00,ST010137,<p>%(m/m)</p>,2025-12-08 08:00:00,甲乙苯,延炼12万吨/年乙苯/苯乙烯装置
58.95,ST010137,<p>%(m/m)</p>,2025-12-08 08:00:00,苯乙烯,延炼12万吨/年乙苯/苯乙烯装置
0.01,ST010137,<p>%(m/m)</p>,2025-12-08 08:00:00,α甲基苯乙烯,延炼12万吨/年乙苯/苯乙烯装置
0.00,ST010137,<p>%(m/m)</p>,2025-12-08 08:00:00,苯乙炔,延炼12万吨/年乙苯/苯乙烯装置
0.00,ST010137,<p>%(m/m)</p>,2025-12-08 08:00:00,间、对甲基苯乙烯,延炼12万吨/年乙苯/苯乙烯装置
0.10,ST010137,<p>%(m/m)</p>,2025-12-08 08:00:00,其  他,延炼12万吨/年乙苯/苯乙烯装置
0.00,ST010137,<p>%(m/m)</p>,2025-12-08 08:00:00,丙烯基苯,延炼12万吨/年乙苯/苯乙烯装置
0.00,ST010137,<p>%(m/m)</p>,2025-12-08 08:00:00,二氢噻喃,延炼12万吨/年乙苯/苯乙烯装置
0.06,ST010137,<p>%(m/m)</p>,2025-12-09 08:00:00,非  芳,延炼12万吨/年乙苯/苯乙烯装置
0.51,ST010137,<p>%(m/m)</p>,2025-12-09 08:00:00,苯,延炼12万吨/年乙苯/苯乙烯装置
1.48,ST010137,<p>%(m/m)</p>,2025-12-09 08:00:00,甲  苯,延炼12万吨/年乙苯/苯乙烯装置
37.57,ST010137,<p>%(m/m)</p>,2025-12-09 08:00:00,乙  苯,延炼12万吨/年乙苯/苯乙烯装置
1.08,ST010137,<p>%(m/m)</p>,2025-12-09 08:00:00,二甲苯,延炼12万吨/年乙苯/苯乙烯装置
0.01,ST010137,<p>%(m/m)</p>,2025-12-09 08:00:00,异丙苯,延炼12万吨/年乙苯/苯乙烯装置
0.00,ST010137,<p>%(m/m)</p>,2025-12-09 08:00:00,正丙苯,延炼12万吨/年乙苯/苯乙烯装置
0.00,ST010137,<p>%(m/m)</p>,2025-12-09 08:00:00,甲乙苯,延炼12万吨/年乙苯/苯乙烯装置
59.11,ST010137,<p>%(m/m)</p>,2025-12-09 08:00:00,苯乙烯,延炼12万吨/年乙苯/苯乙烯装置
0.01,ST010137,<p>%(m/m)</p>,2025-12-09 08:00:00,α甲基苯乙烯,延炼12万吨/年乙苯/苯乙烯装置
0.00,ST010137,<p>%(m/m)</p>,2025-12-09 08:00:00,苯乙炔,延炼12万吨/年乙苯/苯乙烯装置
0.00,ST010137,<p>%(m/m)</p>,2025-12-09 08:00:00,间、对甲基苯乙烯,延炼12万吨/年乙苯/苯乙烯装置
0.13,ST010137,<p>%(m/m)</p>,2025-12-09 08:00:00,其  他,延炼12万吨/年乙苯/苯乙烯装置
0.00,ST010137,<p>%(m/m)</p>,2025-12-09 08:00:00,丙烯基苯,延炼12万吨/年乙苯/苯乙烯装置
0.00,ST010137,<p>%(m/m)</p>,2025-12-09 08:00:00,二氢噻喃,延炼12万吨/年乙苯/苯乙烯装置
0.04,ST010137,<p>%(m/m)</p>,2025-12-09 08:00:00,2-乙烯基噻吩,延炼12万吨/年乙苯/苯乙烯装置
0.06,ST010137,<p>%(m/m)</p>,2025-12-10 08:00:00,非  芳,延炼12万吨/年乙苯/苯乙烯装置
0.35,ST010137,<p>%(m/m)</p>,2025-12-10 08:00:00,苯,延炼12万吨/年乙苯/苯乙烯装置
1.03,ST010137,<p>%(m/m)</p>,2025-12-10 08:00:00,甲  苯,延炼12万吨/年乙苯/苯乙烯装置
39.18,ST010137,<p>%(m/m)</p>,2025-12-10 08:00:00,乙  苯,延炼12万吨/年乙苯/苯乙烯装置
1.30,ST010137,<p>%(m/m)</p>,2025-12-10 08:00:00,二甲苯,延炼12万吨/年乙苯/苯乙烯装置
0.00,ST010137,<p>%(m/m)</p>,2025-12-10 08:00:00,异丙苯,延炼12万吨/年乙苯/苯乙烯装置
0.00,ST010137,<p>%(m/m)</p>,2025-12-10 08:00:00,正丙苯,延炼12万吨/年乙苯/苯乙烯装置
0.00,ST010137,<p>%(m/m)</p>,2025-12-10 08:00:00,甲乙苯,延炼12万吨/年乙苯/苯乙烯装置
57.93,ST010137,<p>%(m/m)</p>,2025-12-10 08:00:00,苯乙烯,延炼12万吨/年乙苯/苯乙烯装置
0.01,ST010137,<p>%(m/m)</p>,2025-12-10 08:00:00,α甲基苯乙烯,延炼12万吨/年乙苯/苯乙烯装置
0.00,ST010137,<p>%(m/m)</p>,2025-12-10 08:00:00,苯乙炔,延炼12万吨/年乙苯/苯乙烯装置
0.00,ST010137,<p>%(m/m)</p>,2025-12-10 08:00:00,间、对甲基苯乙烯,延炼12万吨/年乙苯/苯乙烯装置
0.13,ST010137,<p>%(m/m)</p>,2025-12-10 08:00:00,其  他,延炼12万吨/年乙苯/苯乙烯装置
0.00,ST010137,<p>%(m/m)</p>,2025-12-10 08:00:00,丙烯基苯,延炼12万吨/年乙苯/苯乙烯装置
0.00,ST010137,<p>%(m/m)</p>,2025-12-10 08:00:00,二氢噻喃,延炼12万吨/年乙苯/苯乙烯装置
0.01,ST010137,<p>%(m/m)</p>,2025-12-10 08:00:00,2-乙烯基噻吩,延炼12万吨/年乙苯/苯乙烯装置
0.06,ST010137,<p>%(m/m)</p>,2025-12-11 08:00:00,非  芳,延炼12万吨/年乙苯/苯乙烯装置
0.42,ST010137,<p>%(m/m)</p>,2025-12-11 08:00:00,苯,延炼12万吨/年乙苯/苯乙烯装置
1.20,ST010137,<p>%(m/m)</p>,2025-12-11 08:00:00,甲  苯,延炼12万吨/年乙苯/苯乙烯装置
37.75,ST010137,<p>%(m/m)</p>,2025-12-11 08:00:00,乙  苯,延炼12万吨/年乙苯/苯乙烯装置
1.14,ST010137,<p>%(m/m)</p>,2025-12-11 08:00:00,二甲苯,延炼12万吨/年乙苯/苯乙烯装置
0.00,ST010137,<p>%(m/m)</p>,2025-12-11 08:00:00,异丙苯,延炼12万吨/年乙苯/苯乙烯装置
0.00,ST010137,<p>%(m/m)</p>,2025-12-11 08:00:00,正丙苯,延炼12万吨/年乙苯/苯乙烯装置
0.00,ST010137,<p>%(m/m)</p>,2025-12-11 08:00:00,甲乙苯,延炼12万吨/年乙苯/苯乙烯装置
59.28,ST010137,<p>%(m/m)</p>,2025-12-11 08:00:00,苯乙烯,延炼12万吨/年乙苯/苯乙烯装置
0.01,ST010137,<p>%(m/m)</p>,2025-12-11 08:00:00,α甲基苯乙烯,延炼12万吨/年乙苯/苯乙烯装置
0.00,ST010137,<p>%(m/m)</p>,2025-12-11 08:00:00,苯乙炔,延炼12万吨/年乙苯/苯乙烯装置
0.00,ST010137,<p>%(m/m)</p>,2025-12-11 08:00:00,间、对甲基苯乙烯,延炼12万吨/年乙苯/苯乙烯装置
0.13,ST010137,<p>%(m/m)</p>,2025-12-11 08:00:00,其  他,延炼12万吨/年乙苯/苯乙烯装置
0.003,ST010137,<p>%(m/m)</p>,2025-12-11 08:00:00,二乙基苯,延炼12万吨/年乙苯/苯乙烯装置
0.00,ST010137,<p>%(m/m)</p>,2025-12-11 08:00:00,丙烯基苯,延炼12万吨/年乙苯/苯乙烯装置
0.00,ST010137,<p>%(m/m)</p>,2025-12-11 08:00:00,二氢噻喃,延炼12万吨/年乙苯/苯乙烯装置
0.01,ST010137,<p>%(m/m)</p>,2025-12-11 08:00:00,2-乙烯基噻吩,延炼12万吨/年乙苯/苯乙烯装置
0.06,ST010137,<p>%(m/m)</p>,2025-12-12 08:00:00,非  芳,延炼12万吨/年乙苯/苯乙烯装置
0.37,ST010137,<p>%(m/m)</p>,2025-12-12 08:00:00,苯,延炼12万吨/年乙苯/苯乙烯装置
1.07,ST010137,<p>%(m/m)</p>,2025-12-12 08:00:00,甲  苯,延炼12万吨/年乙苯/苯乙烯装置
38.65,ST010137,<p>%(m/m)</p>,2025-12-12 08:00:00,乙  苯,延炼12万吨/年乙苯/苯乙烯装置
1.26,ST010137,<p>%(m/m)</p>,2025-12-12 08:00:00,二甲苯,延炼12万吨/年乙苯/苯乙烯装置
0.00,ST010137,<p>%(m/m)</p>,2025-12-12 08:00:00,异丙苯,延炼12万吨/年乙苯/苯乙烯装置
0.00,ST010137,<p>%(m/m)</p>,2025-12-12 08:00:00,正丙苯,延炼12万吨/年乙苯/苯乙烯装置
0.00,ST010137,<p>%(m/m)</p>,2025-12-12 08:00:00,甲乙苯,延炼12万吨/年乙苯/苯乙烯装置
58.38,ST010137,<p>%(m/m)</p>,2025-12-12 08:00:00,苯乙烯,延炼12万吨/年乙苯/苯乙烯装置
0.01,ST010137,<p>%(m/m)</p>,2025-12-12 08:00:00,α甲基苯乙烯,延炼12万吨/年乙苯/苯乙烯装置
0.00,ST010137,<p>%(m/m)</p>,2025-12-12 08:00:00,苯乙炔,延炼12万吨/年乙苯/苯乙烯装置
0.00,ST010137,<p>%(m/m)</p>,2025-12-12 08:00:00,间、对甲基苯乙烯,延炼12万吨/年乙苯/苯乙烯装置
0.16,ST010137,<p>%(m/m)</p>,2025-12-12 08:00:00,其  他,延炼12万吨/年乙苯/苯乙烯装置
0.00,ST010137,<p>%(m/m)</p>,2025-12-12 08:00:00,丙烯基苯,延炼12万吨/年乙苯/苯乙烯装置
0.00,ST010137,<p>%(m/m)</p>,2025-12-12 08:00:00,二氢噻喃,延炼12万吨/年乙苯/苯乙烯装置
0.03,ST010137,<p>%(m/m)</p>,2025-12-12 08:00:00,2-乙烯基噻吩,延炼12万吨/年乙苯/苯乙烯装置
0.06,ST010137,<p>%(m/m)</p>,2025-12-13 08:00:00,非  芳,延炼12万吨/年乙苯/苯乙烯装置
0.35,ST010137,<p>%(m/m)</p>,2025-12-13 08:00:00,苯,延炼12万吨/年乙苯/苯乙烯装置
1.01,ST010137,<p>%(m/m)</p>,2025-12-13 08:00:00,甲  苯,延炼12万吨/年乙苯/苯乙烯装置
39.86,ST010137,<p>%(m/m)</p>,2025-12-13 08:00:00,乙  苯,延炼12万吨/年乙苯/苯乙烯装置
1.09,ST010137,<p>%(m/m)</p>,2025-12-13 08:00:00,二甲苯,延炼12万吨/年乙苯/苯乙烯装置
0.00,ST010137,<p>%(m/m)</p>,2025-12-13 08:00:00,异丙苯,延炼12万吨/年乙苯/苯乙烯装置
0.00,ST010137,<p>%(m/m)</p>,2025-12-13 08:00:00,正丙苯,延炼12万吨/年乙苯/苯乙烯装置
0.00,ST010137,<p>%(m/m)</p>,2025-12-13 08:00:00,甲乙苯,延炼12万吨/年乙苯/苯乙烯装置
57.47,ST010137,<p>%(m/m)</p>,2025-12-13 08:00:00,苯乙烯,延炼12万吨/年乙苯/苯乙烯装置
0.01,ST010137,<p>%(m/m)</p>,2025-12-13 08:00:00,α甲基苯乙烯,延炼12万吨/年乙苯/苯乙烯装置
0.00,ST010137,<p>%(m/m)</p>,2025-12-13 08:00:00,苯乙炔,延炼12万吨/年乙苯/苯乙烯装置
0.00,ST010137,<p>%(m/m)</p>,2025-12-13 08:00:00,间、对甲基苯乙烯,延炼12万吨/年乙苯/苯乙烯装置
0.12,ST010137,<p>%(m/m)</p>,2025-12-13 08:00:00,其  他,延炼12万吨/年乙苯/苯乙烯装置
0.00,ST010137,<p>%(m/m)</p>,2025-12-13 08:00:00,丙烯基苯,延炼12万吨/年乙苯/苯乙烯装置
0.00,ST010137,<p>%(m/m)</p>,2025-12-13 08:00:00,二氢噻喃,延炼12万吨/年乙苯/苯乙烯装置
0.03,ST010137,<p>%(m/m)</p>,2025-12-13 08:00:00,2-乙烯基噻吩,延炼12万吨/年乙苯/苯乙烯装置
0.06,ST010137,<p>%(m/m)</p>,2025-12-14 08:00:00,非  芳,延炼12万吨/年乙苯/苯乙烯装置
0.42,ST010137,<p>%(m/m)</p>,2025-12-14 08:00:00,苯,延炼12万吨/年乙苯/苯乙烯装置
1.19,ST010137,<p>%(m/m)</p>,2025-12-14 08:00:00,甲  苯,延炼12万吨/年乙苯/苯乙烯装置
39.89,ST010137,<p>%(m/m)</p>,2025-12-14 08:00:00,乙  苯,延炼12万吨/年乙苯/苯乙烯装置
1.23,ST010137,<p>%(m/m)</p>,2025-12-14 08:00:00,二甲苯,延炼12万吨/年乙苯/苯乙烯装置
0.00,ST010137,<p>%(m/m)</p>,2025-12-14 08:00:00,异丙苯,延炼12万吨/年乙苯/苯乙烯装置
0.00,ST010137,<p>%(m/m)</p>,2025-12-14 08:00:00,正丙苯,延炼12万吨/年乙苯/苯乙烯装置
0.00,ST010137,<p>%(m/m)</p>,2025-12-14 08:00:00,甲乙苯,延炼12万吨/年乙苯/苯乙烯装置
57.05,ST010137,<p>%(m/m)</p>,2025-12-14 08:00:00,苯乙烯,延炼12万吨/年乙苯/苯乙烯装置
0.01,ST010137,<p>%(m/m)</p>,2025-12-14 08:00:00,α甲基苯乙烯,延炼12万吨/年乙苯/苯乙烯装置
0.00,ST010137,<p>%(m/m)</p>,2025-12-14 08:00:00,苯乙炔,延炼12万吨/年乙苯/苯乙烯装置
0.00,ST010137,<p>%(m/m)</p>,2025-12-14 08:00:00,间、对甲基苯乙烯,延炼12万吨/年乙苯/苯乙烯装置
0.13,ST010137,<p>%(m/m)</p>,2025-12-14 08:00:00,其  他,延炼12万吨/年乙苯/苯乙烯装置
0.00,ST010137,<p>%(m/m)</p>,2025-12-14 08:00:00,丙烯基苯,延炼12万吨/年乙苯/苯乙烯装置
0.00,ST010137,<p>%(m/m)</p>,2025-12-14 08:00:00,二氢噻喃,延炼12万吨/年乙苯/苯乙烯装置
0.02,ST010137,<p>%(m/m)</p>,2025-12-14 08:00:00,2-乙烯基噻吩,延炼12万吨/年乙苯/苯乙烯装置
0.01,ST010137,<p>%(m/m)</p>,2025-12-15 08:00:00,α甲基苯乙烯,延炼12万吨/年乙苯/苯乙烯装置
0.00,ST010137,<p>%(m/m)</p>,2025-12-15 08:00:00,苯乙炔,延炼12万吨/年乙苯/苯乙烯装置
0.00,ST010137,<p>%(m/m)</p>,2025-12-15 08:00:00,间、对甲基苯乙烯,延炼12万吨/年乙苯/苯乙烯装置
0.14,ST010137,<p>%(m/m)</p>,2025-12-15 08:00:00,其  他,延炼12万吨/年乙苯/苯乙烯装置
0.00,ST010137,<p>%(m/m)</p>,2025-12-15 08:00:00,丙烯基苯,延炼12万吨/年乙苯/苯乙烯装置
0.00,ST010137,<p>%(m/m)</p>,2025-12-15 08:00:00,二氢噻喃,延炼12万吨/年乙苯/苯乙烯装置
0.03,ST010137,<p>%(m/m)</p>,2025-12-15 08:00:00,2-乙烯基噻吩,延炼12万吨/年乙苯/苯乙烯装置
0.06,ST010137,<p>%(m/m)</p>,2025-12-15 08:00:00,非  芳,延炼12万吨/年乙苯/苯乙烯装置
0.37,ST010137,<p>%(m/m)</p>,2025-12-15 08:00:00,苯,延炼12万吨/年乙苯/苯乙烯装置
1.07,ST010137,<p>%(m/m)</p>,2025-12-15 08:00:00,甲  苯,延炼12万吨/年乙苯/苯乙烯装置
39.45,ST010137,<p>%(m/m)</p>,2025-12-15 08:00:00,乙  苯,延炼12万吨/年乙苯/苯乙烯装置
1.10,ST010137,<p>%(m/m)</p>,2025-12-15 08:00:00,二甲苯,延炼12万吨/年乙苯/苯乙烯装置
0.00,ST010137,<p>%(m/m)</p>,2025-12-15 08:00:00,异丙苯,延炼12万吨/年乙苯/苯乙烯装置
0.00,ST010137,<p>%(m/m)</p>,2025-12-15 08:00:00,正丙苯,延炼12万吨/年乙苯/苯乙烯装置
0.00,ST010137,<p>%(m/m)</p>,2025-12-15 08:00:00,甲乙苯,延炼12万吨/年乙苯/苯乙烯装置
57.76,ST010137,<p>%(m/m)</p>,2025-12-15 08:00:00,苯乙烯,延炼12万吨/年乙苯/苯乙烯装置
0.07,ST010137,<p>%(m/m)</p>,2025-12-16 08:00:00,非  芳,延炼12万吨/年乙苯/苯乙烯装置
0.66,ST010137,<p>%(m/m)</p>,2025-12-16 08:00:00,苯,延炼12万吨/年乙苯/苯乙烯装置
1.99,ST010137,<p>%(m/m)</p>,2025-12-16 08:00:00,甲  苯,延炼12万吨/年乙苯/苯乙烯装置
38.26,ST010137,<p>%(m/m)</p>,2025-12-16 08:00:00,乙  苯,延炼12万吨/年乙苯/苯乙烯装置
1.19,ST010137,<p>%(m/m)</p>,2025-12-16 08:00:00,二甲苯,延炼12万吨/年乙苯/苯乙烯装置
0.00,ST010137,<p>%(m/m)</p>,2025-12-16 08:00:00,异丙苯,延炼12万吨/年乙苯/苯乙烯装置
0.00,ST010137,<p>%(m/m)</p>,2025-12-16 08:00:00,正丙苯,延炼12万吨/年乙苯/苯乙烯装置
0.00,ST010137,<p>%(m/m)</p>,2025-12-16 08:00:00,甲乙苯,延炼12万吨/年乙苯/苯乙烯装置
57.68,ST010137,<p>%(m/m)</p>,2025-12-16 08:00:00,苯乙烯,延炼12万吨/年乙苯/苯乙烯装置
0.01,ST010137,<p>%(m/m)</p>,2025-12-16 08:00:00,α甲基苯乙烯,延炼12万吨/年乙苯/苯乙烯装置
0.00,ST010137,<p>%(m/m)</p>,2025-12-16 08:00:00,苯乙炔,延炼12万吨/年乙苯/苯乙烯装置
0.00,ST010137,<p>%(m/m)</p>,2025-12-16 08:00:00,间、对甲基苯乙烯,延炼12万吨/年乙苯/苯乙烯装置
0.11,ST010137,<p>%(m/m)</p>,2025-12-16 08:00:00,其  他,延炼12万吨/年乙苯/苯乙烯装置
0.00,ST010137,<p>%(m/m)</p>,2025-12-16 08:00:00,丙烯基苯,延炼12万吨/年乙苯/苯乙烯装置
0.00,ST010137,<p>%(m/m)</p>,2025-12-16 08:00:00,二氢噻喃,延炼12万吨/年乙苯/苯乙烯装置
0.02,ST010137,<p>%(m/m)</p>,2025-12-16 08:00:00,2-乙烯基噻吩,延炼12万吨/年乙苯/苯乙烯装置
0.07,ST010137,<p>%(m/m)</p>,2025-12-17 08:00:00,非  芳,延炼12万吨/年乙苯/苯乙烯装置
0.35,ST010137,<p>%(m/m)</p>,2025-12-17 08:00:00,苯,延炼12万吨/年乙苯/苯乙烯装置
1.04,ST010137,<p>%(m/m)</p>,2025-12-17 08:00:00,甲  苯,延炼12万吨/年乙苯/苯乙烯装置
38.51,ST010137,<p>%(m/m)</p>,2025-12-17 08:00:00,乙  苯,延炼12万吨/年乙苯/苯乙烯装置
1.26,ST010137,<p>%(m/m)</p>,2025-12-17 08:00:00,二甲苯,延炼12万吨/年乙苯/苯乙烯装置
0.00,ST010137,<p>%(m/m)</p>,2025-12-17 08:00:00,异丙苯,延炼12万吨/年乙苯/苯乙烯装置
0.00,ST010137,<p>%(m/m)</p>,2025-12-17 08:00:00,正丙苯,延炼12万吨/年乙苯/苯乙烯装置
0.00,ST010137,<p>%(m/m)</p>,2025-12-17 08:00:00,甲乙苯,延炼12万吨/年乙苯/苯乙烯装置
58.59,ST010137,<p>%(m/m)</p>,2025-12-17 08:00:00,苯乙烯,延炼12万吨/年乙苯/苯乙烯装置
0.01,ST010137,<p>%(m/m)</p>,2025-12-17 08:00:00,α甲基苯乙烯,延炼12万吨/年乙苯/苯乙烯装置
0.00,ST010137,<p>%(m/m)</p>,2025-12-17 08:00:00,苯乙炔,延炼12万吨/年乙苯/苯乙烯装置
0.00,ST010137,<p>%(m/m)</p>,2025-12-17 08:00:00,间、对甲基苯乙烯,延炼12万吨/年乙苯/苯乙烯装置
0.15,ST010137,<p>%(m/m)</p>,2025-12-17 08:00:00,其  他,延炼12万吨/年乙苯/苯乙烯装置
0.00,ST010137,<p>%(m/m)</p>,2025-12-17 08:00:00,丙烯基苯,延炼12万吨/年乙苯/苯乙烯装置
0.00,ST010137,<p>%(m/m)</p>,2025-12-17 08:00:00,二氢噻喃,延炼12万吨/年乙苯/苯乙烯装置
0.03,ST010137,<p>%(m/m)</p>,2025-12-17 08:00:00,2-乙烯基噻吩,延炼12万吨/年乙苯/苯乙烯装置
0.00,ST010137,<p>%(m/m)</p>,2025-12-18 08:00:00,二氢噻喃,延炼12万吨/年乙苯/苯乙烯装置
0.03,ST010137,<p>%(m/m)</p>,2025-12-18 08:00:00,2-乙烯基噻吩,延炼12万吨/年乙苯/苯乙烯装置
0.06,ST010137,<p>%(m/m)</p>,2025-12-18 08:00:00,非  芳,延炼12万吨/年乙苯/苯乙烯装置
0.47,ST010137,<p>%(m/m)</p>,2025-12-18 08:00:00,苯,延炼12万吨/年乙苯/苯乙烯装置
1.28,ST010137,<p>%(m/m)</p>,2025-12-18 08:00:00,甲  苯,延炼12万吨/年乙苯/苯乙烯装置
40.02,ST010137,<p>%(m/m)</p>,2025-12-18 08:00:00,乙  苯,延炼12万吨/年乙苯/苯乙烯装置
1.05,ST010137,<p>%(m/m)</p>,2025-12-18 08:00:00,二甲苯,延炼12万吨/年乙苯/苯乙烯装置
0.00,ST010137,<p>%(m/m)</p>,2025-12-18 08:00:00,异丙苯,延炼12万吨/年乙苯/苯乙烯装置
0.00,ST010137,<p>%(m/m)</p>,2025-12-18 08:00:00,正丙苯,延炼12万吨/年乙苯/苯乙烯装置
0.00,ST010137,<p>%(m/m)</p>,2025-12-18 08:00:00,甲乙苯,延炼12万吨/年乙苯/苯乙烯装置
56.96,ST010137,<p>%(m/m)</p>,2025-12-18 08:00:00,苯乙烯,延炼12万吨/年乙苯/苯乙烯装置
0.01,ST010137,<p>%(m/m)</p>,2025-12-18 08:00:00,α甲基苯乙烯,延炼12万吨/年乙苯/苯乙烯装置
0.00,ST010137,<p>%(m/m)</p>,2025-12-18 08:00:00,苯乙炔,延炼12万吨/年乙苯/苯乙烯装置
0.00,ST010137,<p>%(m/m)</p>,2025-12-18 08:00:00,间、对甲基苯乙烯,延炼12万吨/年乙苯/苯乙烯装置
0.11,ST010137,<p>%(m/m)</p>,2025-12-18 08:00:00,其  他,延炼12万吨/年乙苯/苯乙烯装置
0.002,ST010137,<p>%(m/m)</p>,2025-12-18 08:00:00,二乙基苯,延炼12万吨/年乙苯/苯乙烯装置
0.00,ST010137,<p>%(m/m)</p>,2025-12-18 08:00:00,丙烯基苯,延炼12万吨/年乙苯/苯乙烯装置
0.06,ST010137,<p>%(m/m)</p>,2025-12-19 08:00:00,非  芳,延炼12万吨/年乙苯/苯乙烯装置
0.37,ST010137,<p>%(m/m)</p>,2025-12-19 08:00:00,苯,延炼12万吨/年乙苯/苯乙烯装置
1.06,ST010137,<p>%(m/m)</p>,2025-12-19 08:00:00,甲  苯,延炼12万吨/年乙苯/苯乙烯装置
38.96,ST010137,<p>%(m/m)</p>,2025-12-19 08:00:00,乙  苯,延炼12万吨/年乙苯/苯乙烯装置
1.19,ST010137,<p>%(m/m)</p>,2025-12-19 08:00:00,二甲苯,延炼12万吨/年乙苯/苯乙烯装置
0.00,ST010137,<p>%(m/m)</p>,2025-12-19 08:00:00,异丙苯,延炼12万吨/年乙苯/苯乙烯装置
0.00,ST010137,<p>%(m/m)</p>,2025-12-19 08:00:00,正丙苯,延炼12万吨/年乙苯/苯乙烯装置
0.00,ST010137,<p>%(m/m)</p>,2025-12-19 08:00:00,甲乙苯,延炼12万吨/年乙苯/苯乙烯装置
58.25,ST010137,<p>%(m/m)</p>,2025-12-19 08:00:00,苯乙烯,延炼12万吨/年乙苯/苯乙烯装置
0.01,ST010137,<p>%(m/m)</p>,2025-12-19 08:00:00,α甲基苯乙烯,延炼12万吨/年乙苯/苯乙烯装置
0.00,ST010137,<p>%(m/m)</p>,2025-12-19 08:00:00,苯乙炔,延炼12万吨/年乙苯/苯乙烯装置
0.00,ST010137,<p>%(m/m)</p>,2025-12-19 08:00:00,间、对甲基苯乙烯,延炼12万吨/年乙苯/苯乙烯装置
0.08,ST010137,<p>%(m/m)</p>,2025-12-19 08:00:00,其  他,延炼12万吨/年乙苯/苯乙烯装置
0.00,ST010137,<p>%(m/m)</p>,2025-12-19 08:00:00,丙烯基苯,延炼12万吨/年乙苯/苯乙烯装置
0.00,ST010137,<p>%(m/m)</p>,2025-12-19 08:00:00,二氢噻喃,延炼12万吨/年乙苯/苯乙烯装置
0.02,ST010137,<p>%(m/m)</p>,2025-12-19 08:00:00,2-乙烯基噻吩,延炼12万吨/年乙苯/苯乙烯装置
0.07,ST010137,<p>%(m/m)</p>,2025-12-20 08:00:00,非  芳,延炼12万吨/年乙苯/苯乙烯装置
0.39,ST010137,<p>%(m/m)</p>,2025-12-20 08:00:00,苯,延炼12万吨/年乙苯/苯乙烯装置
1.10,ST010137,<p>%(m/m)</p>,2025-12-20 08:00:00,甲  苯,延炼12万吨/年乙苯/苯乙烯装置
37.47,ST010137,<p>%(m/m)</p>,2025-12-20 08:00:00,乙  苯,延炼12万吨/年乙苯/苯乙烯装置
1.27,ST010137,<p>%(m/m)</p>,2025-12-20 08:00:00,二甲苯,延炼12万吨/年乙苯/苯乙烯装置
0.00,ST010137,<p>%(m/m)</p>,2025-12-20 08:00:00,异丙苯,延炼12万吨/年乙苯/苯乙烯装置
0.00,ST010137,<p>%(m/m)</p>,2025-12-20 08:00:00,正丙苯,延炼12万吨/年乙苯/苯乙烯装置
0.00,ST010137,<p>%(m/m)</p>,2025-12-20 08:00:00,甲乙苯,延炼12万吨/年乙苯/苯乙烯装置
59.50,ST010137,<p>%(m/m)</p>,2025-12-20 08:00:00,苯乙烯,延炼12万吨/年乙苯/苯乙烯装置
0.01,ST010137,<p>%(m/m)</p>,2025-12-20 08:00:00,α甲基苯乙烯,延炼12万吨/年乙苯/苯乙烯装置
0.00,ST010137,<p>%(m/m)</p>,2025-12-20 08:00:00,苯乙炔,延炼12万吨/年乙苯/苯乙烯装置
0.00,ST010137,<p>%(m/m)</p>,2025-12-20 08:00:00,间、对甲基苯乙烯,延炼12万吨/年乙苯/苯乙烯装置
0.17,ST010137,<p>%(m/m)</p>,2025-12-20 08:00:00,其  他,延炼12万吨/年乙苯/苯乙烯装置
0.00,ST010137,<p>%(m/m)</p>,2025-12-20 08:00:00,丙烯基苯,延炼12万吨/年乙苯/苯乙烯装置
0.00,ST010137,<p>%(m/m)</p>,2025-12-20 08:00:00,二氢噻喃,延炼12万吨/年乙苯/苯乙烯装置
0.02,ST010137,<p>%(m/m)</p>,2025-12-20 08:00:00,2-乙烯基噻吩,延炼12万吨/年乙苯/苯乙烯装置
0.06,ST010137,<p>%(m/m)</p>,2025-12-21 08:00:00,非  芳,延炼12万吨/年乙苯/苯乙烯装置
0.33,ST010137,<p>%(m/m)</p>,2025-12-21 08:00:00,苯,延炼12万吨/年乙苯/苯乙烯装置
0.98,ST010137,<p>%(m/m)</p>,2025-12-21 08:00:00,甲  苯,延炼12万吨/年乙苯/苯乙烯装置
40.27,ST010137,<p>%(m/m)</p>,2025-12-21 08:00:00,乙  苯,延炼12万吨/年乙苯/苯乙烯装置
1.03,ST010137,<p>%(m/m)</p>,2025-12-21 08:00:00,二甲苯,延炼12万吨/年乙苯/苯乙烯装置
0.00,ST010137,<p>%(m/m)</p>,2025-12-21 08:00:00,异丙苯,延炼12万吨/年乙苯/苯乙烯装置
0.00,ST010137,<p>%(m/m)</p>,2025-12-21 08:00:00,正丙苯,延炼12万吨/年乙苯/苯乙烯装置
0.00,ST010137,<p>%(m/m)</p>,2025-12-21 08:00:00,甲乙苯,延炼12万吨/年乙苯/苯乙烯装置
57.22,ST010137,<p>%(m/m)</p>,2025-12-21 08:00:00,苯乙烯,延炼12万吨/年乙苯/苯乙烯装置
0.01,ST010137,<p>%(m/m)</p>,2025-12-21 08:00:00,α甲基苯乙烯,延炼12万吨/年乙苯/苯乙烯装置
0.00,ST010137,<p>%(m/m)</p>,2025-12-21 08:00:00,苯乙炔,延炼12万吨/年乙苯/苯乙烯装置
0.00,ST010137,<p>%(m/m)</p>,2025-12-21 08:00:00,间、对甲基苯乙烯,延炼12万吨/年乙苯/苯乙烯装置
0.07,ST010137,<p>%(m/m)</p>,2025-12-21 08:00:00,其  他,延炼12万吨/年乙苯/苯乙烯装置
0.00,ST010137,<p>%(m/m)</p>,2025-12-21 08:00:00,丙烯基苯,延炼12万吨/年乙苯/苯乙烯装置
0.00,ST010137,<p>%(m/m)</p>,2025-12-21 08:00:00,二氢噻喃,延炼12万吨/年乙苯/苯乙烯装置
0.02,ST010137,<p>%(m/m)</p>,2025-12-21 08:00:00,2-乙烯基噻吩,延炼12万吨/年乙苯/苯乙烯装置
0.07,ST010137,<p>%(m/m)</p>,2025-12-22 08:00:00,非  芳,延炼12万吨/年乙苯/苯乙烯装置
0.41,ST010137,<p>%(m/m)</p>,2025-12-22 08:00:00,苯,延炼12万吨/年乙苯/苯乙烯装置
1.19,ST010137,<p>%(m/m)</p>,2025-12-22 08:00:00,甲  苯,延炼12万吨/年乙苯/苯乙烯装置
38.53,ST010137,<p>%(m/m)</p>,2025-12-22 08:00:00,乙  苯,延炼12万吨/年乙苯/苯乙烯装置
1.27,ST010137,<p>%(m/m)</p>,2025-12-22 08:00:00,二甲苯,延炼12万吨/年乙苯/苯乙烯装置
0.00,ST010137,<p>%(m/m)</p>,2025-12-22 08:00:00,异丙苯,延炼12万吨/年乙苯/苯乙烯装置
0.00,ST010137,<p>%(m/m)</p>,2025-12-22 08:00:00,正丙苯,延炼12万吨/年乙苯/苯乙烯装置
0.00,ST010137,<p>%(m/m)</p>,2025-12-22 08:00:00,甲乙苯,延炼12万吨/年乙苯/苯乙烯装置
58.35,ST010137,<p>%(m/m)</p>,2025-12-22 08:00:00,苯乙烯,延炼12万吨/年乙苯/苯乙烯装置
0.01,ST010137,<p>%(m/m)</p>,2025-12-22 08:00:00,α甲基苯乙烯,延炼12万吨/年乙苯/苯乙烯装置
0.00,ST010137,<p>%(m/m)</p>,2025-12-22 08:00:00,苯乙炔,延炼12万吨/年乙苯/苯乙烯装置
0.00,ST010137,<p>%(m/m)</p>,2025-12-22 08:00:00,间、对甲基苯乙烯,延炼12万吨/年乙苯/苯乙烯装置
0.13,ST010137,<p>%(m/m)</p>,2025-12-22 08:00:00,其  他,延炼12万吨/年乙苯/苯乙烯装置
0.00,ST010137,<p>%(m/m)</p>,2025-12-22 08:00:00,丙烯基苯,延炼12万吨/年乙苯/苯乙烯装置
0.00,ST010137,<p>%(m/m)</p>,2025-12-22 08:00:00,二氢噻喃,延炼12万吨/年乙苯/苯乙烯装置
0.03,ST010137,<p>%(m/m)</p>,2025-12-22 08:00:00,2-乙烯基噻吩,延炼12万吨/年乙苯/苯乙烯装置
0.06,ST010137,<p>%(m/m)</p>,2025-12-23 08:00:00,非  芳,延炼12万吨/年乙苯/苯乙烯装置
0.43,ST010137,<p>%(m/m)</p>,2025-12-23 08:00:00,苯,延炼12万吨/年乙苯/苯乙烯装置
1.24,ST010137,<p>%(m/m)</p>,2025-12-23 08:00:00,甲  苯,延炼12万吨/年乙苯/苯乙烯装置
39.85,ST010137,<p>%(m/m)</p>,2025-12-23 08:00:00,乙  苯,延炼12万吨/年乙苯/苯乙烯装置
1.05,ST010137,<p>%(m/m)</p>,2025-12-23 08:00:00,二甲苯,延炼12万吨/年乙苯/苯乙烯装置
0.00,ST010137,<p>%(m/m)</p>,2025-12-23 08:00:00,异丙苯,延炼12万吨/年乙苯/苯乙烯装置
0.00,ST010137,<p>%(m/m)</p>,2025-12-23 08:00:00,正丙苯,延炼12万吨/年乙苯/苯乙烯装置
0.00,ST010137,<p>%(m/m)</p>,2025-12-23 08:00:00,甲乙苯,延炼12万吨/年乙苯/苯乙烯装置
57.22,ST010137,<p>%(m/m)</p>,2025-12-23 08:00:00,苯乙烯,延炼12万吨/年乙苯/苯乙烯装置
0.01,ST010137,<p>%(m/m)</p>,2025-12-23 08:00:00,α甲基苯乙烯,延炼12万吨/年乙苯/苯乙烯装置
0.00,ST010137,<p>%(m/m)</p>,2025-12-23 08:00:00,苯乙炔,延炼12万吨/年乙苯/苯乙烯装置
0.00,ST010137,<p>%(m/m)</p>,2025-12-23 08:00:00,间、对甲基苯乙烯,延炼12万吨/年乙苯/苯乙烯装置
0.11,ST010137,<p>%(m/m)</p>,2025-12-23 08:00:00,其  他,延炼12万吨/年乙苯/苯乙烯装置
0.00,ST010137,<p>%(m/m)</p>,2025-12-23 08:00:00,丙烯基苯,延炼12万吨/年乙苯/苯乙烯装置
0.00,ST010137,<p>%(m/m)</p>,2025-12-23 08:00:00,二氢噻喃,延炼12万吨/年乙苯/苯乙烯装置
0.03,ST010137,<p>%(m/m)</p>,2025-12-23 08:00:00,2-乙烯基噻吩,延炼12万吨/年乙苯/苯乙烯装置
0.07,ST010137,<p>%(m/m)</p>,2025-12-24 08:00:00,非  芳,延炼12万吨/年乙苯/苯乙烯装置
0.36,ST010137,<p>%(m/m)</p>,2025-12-24 08:00:00,苯,延炼12万吨/年乙苯/苯乙烯装置
1.01,ST010137,<p>%(m/m)</p>,2025-12-24 08:00:00,甲  苯,延炼12万吨/年乙苯/苯乙烯装置
39.93,ST010137,<p>%(m/m)</p>,2025-12-24 08:00:00,乙  苯,延炼12万吨/年乙苯/苯乙烯装置
1.14,ST010137,<p>%(m/m)</p>,2025-12-24 08:00:00,二甲苯,延炼12万吨/年乙苯/苯乙烯装置
0.00,ST010137,<p>%(m/m)</p>,2025-12-24 08:00:00,异丙苯,延炼12万吨/年乙苯/苯乙烯装置
0.00,ST010137,<p>%(m/m)</p>,2025-12-24 08:00:00,正丙苯,延炼12万吨/年乙苯/苯乙烯装置
0.00,ST010137,<p>%(m/m)</p>,2025-12-24 08:00:00,甲乙苯,延炼12万吨/年乙苯/苯乙烯装置
57.34,ST010137,<p>%(m/m)</p>,2025-12-24 08:00:00,苯乙烯,延炼12万吨/年乙苯/苯乙烯装置
0.01,ST010137,<p>%(m/m)</p>,2025-12-24 08:00:00,α甲基苯乙烯,延炼12万吨/年乙苯/苯乙烯装置
0.00,ST010137,<p>%(m/m)</p>,2025-12-24 08:00:00,苯乙炔,延炼12万吨/年乙苯/苯乙烯装置
0.00,ST010137,<p>%(m/m)</p>,2025-12-24 08:00:00,间、对甲基苯乙烯,延炼12万吨/年乙苯/苯乙烯装置
0.11,ST010137,<p>%(m/m)</p>,2025-12-24 08:00:00,其  他,延炼12万吨/年乙苯/苯乙烯装置
0.00,ST010137,<p>%(m/m)</p>,2025-12-24 08:00:00,丙烯基苯,延炼12万吨/年乙苯/苯乙烯装置
0.00,ST010137,<p>%(m/m)</p>,2025-12-24 08:00:00,二氢噻喃,延炼12万吨/年乙苯/苯乙烯装置
0.02,ST010137,<p>%(m/m)</p>,2025-12-24 08:00:00,2-乙烯基噻吩,延炼12万吨/年乙苯/苯乙烯装置
0.06,ST010137,<p>%(m/m)</p>,2025-12-25 08:00:00,非  芳,延炼12万吨/年乙苯/苯乙烯装置
0.35,ST010137,<p>%(m/m)</p>,2025-12-25 08:00:00,苯,延炼12万吨/年乙苯/苯乙烯装置
1.02,ST010137,<p>%(m/m)</p>,2025-12-25 08:00:00,甲  苯,延炼12万吨/年乙苯/苯乙烯装置
39.60,ST010137,<p>%(m/m)</p>,2025-12-25 08:00:00,乙  苯,延炼12万吨/年乙苯/苯乙烯装置
1.12,ST010137,<p>%(m/m)</p>,2025-12-25 08:00:00,二甲苯,延炼12万吨/年乙苯/苯乙烯装置
0.00,ST010137,<p>%(m/m)</p>,2025-12-25 08:00:00,异丙苯,延炼12万吨/年乙苯/苯乙烯装置
0.00,ST010137,<p>%(m/m)</p>,2025-12-25 08:00:00,正丙苯,延炼12万吨/年乙苯/苯乙烯装置
0.00,ST010137,<p>%(m/m)</p>,2025-12-25 08:00:00,甲乙苯,延炼12万吨/年乙苯/苯乙烯装置
57.66,ST010137,<p>%(m/m)</p>,2025-12-25 08:00:00,苯乙烯,延炼12万吨/年乙苯/苯乙烯装置
0.01,ST010137,<p>%(m/m)</p>,2025-12-25 08:00:00,α甲基苯乙烯,延炼12万吨/年乙苯/苯乙烯装置
0.00,ST010137,<p>%(m/m)</p>,2025-12-25 08:00:00,苯乙炔,延炼12万吨/年乙苯/苯乙烯装置
0.00,ST010137,<p>%(m/m)</p>,2025-12-25 08:00:00,间、对甲基苯乙烯,延炼12万吨/年乙苯/苯乙烯装置
0.16,ST010137,<p>%(m/m)</p>,2025-12-25 08:00:00,其  他,延炼12万吨/年乙苯/苯乙烯装置
0.004,ST010137,<p>%(m/m)</p>,2025-12-25 08:00:00,二乙基苯,延炼12万吨/年乙苯/苯乙烯装置
0.00,ST010137,<p>%(m/m)</p>,2025-12-25 08:00:00,丙烯基苯,延炼12万吨/年乙苯/苯乙烯装置
0.00,ST010137,<p>%(m/m)</p>,2025-12-25 08:00:00,二氢噻喃,延炼12万吨/年乙苯/苯乙烯装置
0.02,ST010137,<p>%(m/m)</p>,2025-12-25 08:00:00,2-乙烯基噻吩,延炼12万吨/年乙苯/苯乙烯装置
0.06,ST010137,<p>%(m/m)</p>,2025-12-26 08:00:00,非  芳,延炼12万吨/年乙苯/苯乙烯装置
0.35,ST010137,<p>%(m/m)</p>,2025-12-26 08:00:00,苯,延炼12万吨/年乙苯/苯乙烯装置
0.99,ST010137,<p>%(m/m)</p>,2025-12-26 08:00:00,甲  苯,延炼12万吨/年乙苯/苯乙烯装置
39.72,ST010137,<p>%(m/m)</p>,2025-12-26 08:00:00,乙  苯,延炼12万吨/年乙苯/苯乙烯装置
1.04,ST010137,<p>%(m/m)</p>,2025-12-26 08:00:00,二甲苯,延炼12万吨/年乙苯/苯乙烯装置
0.00,ST010137,<p>%(m/m)</p>,2025-12-26 08:00:00,异丙苯,延炼12万吨/年乙苯/苯乙烯装置
0.00,ST010137,<p>%(m/m)</p>,2025-12-26 08:00:00,正丙苯,延炼12万吨/年乙苯/苯乙烯装置
0.00,ST010137,<p>%(m/m)</p>,2025-12-26 08:00:00,间、对甲基苯乙烯,延炼12万吨/年乙苯/苯乙烯装置
0.14,ST010137,<p>%(m/m)</p>,2025-12-26 08:00:00,其  他,延炼12万吨/年乙苯/苯乙烯装置
0.00,ST010137,<p>%(m/m)</p>,2025-12-26 08:00:00,丙烯基苯,延炼12万吨/年乙苯/苯乙烯装置
0.00,ST010137,<p>%(m/m)</p>,2025-12-26 08:00:00,二氢噻喃,延炼12万吨/年乙苯/苯乙烯装置
0.02,ST010137,<p>%(m/m)</p>,2025-12-26 08:00:00,2-乙烯基噻吩,延炼12万吨/年乙苯/苯乙烯装置
0.00,ST010137,<p>%(m/m)</p>,2025-12-26 08:00:00,甲乙苯,延炼12万吨/年乙苯/苯乙烯装置
57.67,ST010137,<p>%(m/m)</p>,2025-12-26 08:00:00,苯乙烯,延炼12万吨/年乙苯/苯乙烯装置
0.01,ST010137,<p>%(m/m)</p>,2025-12-26 08:00:00,α甲基苯乙烯,延炼12万吨/年乙苯/苯乙烯装置
0.00,ST010137,<p>%(m/m)</p>,2025-12-26 08:00:00,苯乙炔,延炼12万吨/年乙苯/苯乙烯装置
0.07,ST010137,<p>%(m/m)</p>,2025-12-27 08:00:00,非  芳,延炼12万吨/年乙苯/苯乙烯装置
0.36,ST010137,<p>%(m/m)</p>,2025-12-27 08:00:00,苯,延炼12万吨/年乙苯/苯乙烯装置
1.07,ST010137,<p>%(m/m)</p>,2025-12-27 08:00:00,甲  苯,延炼12万吨/年乙苯/苯乙烯装置
38.19,ST010137,<p>%(m/m)</p>,2025-12-27 08:00:00,乙  苯,延炼12万吨/年乙苯/苯乙烯装置
1.27,ST010137,<p>%(m/m)</p>,2025-12-27 08:00:00,二甲苯,延炼12万吨/年乙苯/苯乙烯装置
0.00,ST010137,<p>%(m/m)</p>,2025-12-27 08:00:00,异丙苯,延炼12万吨/年乙苯/苯乙烯装置
0.00,ST010137,<p>%(m/m)</p>,2025-12-27 08:00:00,正丙苯,延炼12万吨/年乙苯/苯乙烯装置
0.00,ST010137,<p>%(m/m)</p>,2025-12-27 08:00:00,甲乙苯,延炼12万吨/年乙苯/苯乙烯装置
58.88,ST010137,<p>%(m/m)</p>,2025-12-27 08:00:00,苯乙烯,延炼12万吨/年乙苯/苯乙烯装置
0.01,ST010137,<p>%(m/m)</p>,2025-12-27 08:00:00,α甲基苯乙烯,延炼12万吨/年乙苯/苯乙烯装置
0.00,ST010137,<p>%(m/m)</p>,2025-12-27 08:00:00,苯乙炔,延炼12万吨/年乙苯/苯乙烯装置
0.00,ST010137,<p>%(m/m)</p>,2025-12-27 08:00:00,间、对甲基苯乙烯,延炼12万吨/年乙苯/苯乙烯装置
0.12,ST010137,<p>%(m/m)</p>,2025-12-27 08:00:00,其  他,延炼12万吨/年乙苯/苯乙烯装置
0.00,ST010137,<p>%(m/m)</p>,2025-12-27 08:00:00,丙烯基苯,延炼12万吨/年乙苯/苯乙烯装置
0.00,ST010137,<p>%(m/m)</p>,2025-12-27 08:00:00,二氢噻喃,延炼12万吨/年乙苯/苯乙烯装置
0.01,ST010137,<p>%(m/m)</p>,2025-12-27 08:00:00,2-乙烯基噻吩,延炼12万吨/年乙苯/苯乙烯装置
0.07,ST010137,<p>%(m/m)</p>,2025-12-28 08:00:00,非  芳,延炼12万吨/年乙苯/苯乙烯装置
0.37,ST010137,<p>%(m/m)</p>,2025-12-28 08:00:00,苯,延炼12万吨/年乙苯/苯乙烯装置
1.07,ST010137,<p>%(m/m)</p>,2025-12-28 08:00:00,甲  苯,延炼12万吨/年乙苯/苯乙烯装置
39.28,ST010137,<p>%(m/m)</p>,2025-12-28 08:00:00,乙  苯,延炼12万吨/年乙苯/苯乙烯装置
0.43,ST010137,<p>%(m/m)</p>,2025-12-28 08:00:00,二甲苯,延炼12万吨/年乙苯/苯乙烯装置
0.00,ST010137,<p>%(m/m)</p>,2025-12-28 08:00:00,异丙苯,延炼12万吨/年乙苯/苯乙烯装置
0.00,ST010137,<p>%(m/m)</p>,2025-12-28 08:00:00,正丙苯,延炼12万吨/年乙苯/苯乙烯装置
0.00,ST010137,<p>%(m/m)</p>,2025-12-28 08:00:00,甲乙苯,延炼12万吨/年乙苯/苯乙烯装置
58.61,ST010137,<p>%(m/m)</p>,2025-12-28 08:00:00,苯乙烯,延炼12万吨/年乙苯/苯乙烯装置
0.01,ST010137,<p>%(m/m)</p>,2025-12-28 08:00:00,α甲基苯乙烯,延炼12万吨/年乙苯/苯乙烯装置
0.00,ST010137,<p>%(m/m)</p>,2025-12-28 08:00:00,苯乙炔,延炼12万吨/年乙苯/苯乙烯装置
0.00,ST010137,<p>%(m/m)</p>,2025-12-28 08:00:00,间、对甲基苯乙烯,延炼12万吨/年乙苯/苯乙烯装置
0.13,ST010137,<p>%(m/m)</p>,2025-12-28 08:00:00,其  他,延炼12万吨/年乙苯/苯乙烯装置
0.00,ST010137,<p>%(m/m)</p>,2025-12-28 08:00:00,丙烯基苯,延炼12万吨/年乙苯/苯乙烯装置
0.00,ST010137,<p>%(m/m)</p>,2025-12-28 08:00:00,二氢噻喃,延炼12万吨/年乙苯/苯乙烯装置
0.02,ST010137,<p>%(m/m)</p>,2025-12-28 08:00:00,2-乙烯基噻吩,延炼12万吨/年乙苯/苯乙烯装置
0.07,ST010137,<p>%(m/m)</p>,2025-12-29 08:00:00,非  芳,延炼12万吨/年乙苯/苯乙烯装置
0.19,ST010137,<p>%(m/m)</p>,2025-12-29 08:00:00,苯,延炼12万吨/年乙苯/苯乙烯装置
1.30,ST010137,<p>%(m/m)</p>,2025-12-29 08:00:00,甲  苯,延炼12万吨/年乙苯/苯乙烯装置
39.80,ST010137,<p>%(m/m)</p>,2025-12-29 08:00:00,乙  苯,延炼12万吨/年乙苯/苯乙烯装置
1.10,ST010137,<p>%(m/m)</p>,2025-12-29 08:00:00,二甲苯,延炼12万吨/年乙苯/苯乙烯装置
0.00,ST010137,<p>%(m/m)</p>,2025-12-29 08:00:00,异丙苯,延炼12万吨/年乙苯/苯乙烯装置
0.00,ST010137,<p>%(m/m)</p>,2025-12-29 08:00:00,正丙苯,延炼12万吨/年乙苯/苯乙烯装置
0.00,ST010137,<p>%(m/m)</p>,2025-12-29 08:00:00,甲乙苯,延炼12万吨/年乙苯/苯乙烯装置
57.37,ST010137,<p>%(m/m)</p>,2025-12-29 08:00:00,苯乙烯,延炼12万吨/年乙苯/苯乙烯装置
0.01,ST010137,<p>%(m/m)</p>,2025-12-29 08:00:00,α甲基苯乙烯,延炼12万吨/年乙苯/苯乙烯装置
0.00,ST010137,<p>%(m/m)</p>,2025-12-29 08:00:00,苯乙炔,延炼12万吨/年乙苯/苯乙烯装置
0.00,ST010137,<p>%(m/m)</p>,2025-12-29 08:00:00,间、对甲基苯乙烯,延炼12万吨/年乙苯/苯乙烯装置
0.14,ST010137,<p>%(m/m)</p>,2025-12-29 08:00:00,其  他,延炼12万吨/年乙苯/苯乙烯装置
0.00,ST010137,<p>%(m/m)</p>,2025-12-29 08:00:00,丙烯基苯,延炼12万吨/年乙苯/苯乙烯装置
0.00,ST010137,<p>%(m/m)</p>,2025-12-29 08:00:00,二氢噻喃,延炼12万吨/年乙苯/苯乙烯装置
0.01,ST010137,<p>%(m/m)</p>,2025-12-29 08:00:00,2-乙烯基噻吩,延炼12万吨/年乙苯/苯乙烯装置
0.06,ST010137,<p>%(m/m)</p>,2025-12-30 08:00:00,非  芳,延炼12万吨/年乙苯/苯乙烯装置
0.44,ST010137,<p>%(m/m)</p>,2025-12-30 08:00:00,苯,延炼12万吨/年乙苯/苯乙烯装置
1.26,ST010137,<p>%(m/m)</p>,2025-12-30 08:00:00,甲  苯,延炼12万吨/年乙苯/苯乙烯装置
38.77,ST010137,<p>%(m/m)</p>,2025-12-30 08:00:00,乙  苯,延炼12万吨/年乙苯/苯乙烯装置
1.04,ST010137,<p>%(m/m)</p>,2025-12-30 08:00:00,二甲苯,延炼12万吨/年乙苯/苯乙烯装置
0.00,ST010137,<p>%(m/m)</p>,2025-12-30 08:00:00,异丙苯,延炼12万吨/年乙苯/苯乙烯装置
0.00,ST010137,<p>%(m/m)</p>,2025-12-30 08:00:00,正丙苯,延炼12万吨/年乙苯/苯乙烯装置
0.00,ST010137,<p>%(m/m)</p>,2025-12-30 08:00:00,甲乙苯,延炼12万吨/年乙苯/苯乙烯装置
58.27,ST010137,<p>%(m/m)</p>,2025-12-30 08:00:00,苯乙烯,延炼12万吨/年乙苯/苯乙烯装置
0.01,ST010137,<p>%(m/m)</p>,2025-12-30 08:00:00,α甲基苯乙烯,延炼12万吨/年乙苯/苯乙烯装置
0.00,ST010137,<p>%(m/m)</p>,2025-12-30 08:00:00,苯乙炔,延炼12万吨/年乙苯/苯乙烯装置
0.00,ST010137,<p>%(m/m)</p>,2025-12-30 08:00:00,间、对甲基苯乙烯,延炼12万吨/年乙苯/苯乙烯装置
0.14,ST010137,<p>%(m/m)</p>,2025-12-30 08:00:00,其  他,延炼12万吨/年乙苯/苯乙烯装置
0.00,ST010137,<p>%(m/m)</p>,2025-12-30 08:00:00,丙烯基苯,延炼12万吨/年乙苯/苯乙烯装置
0.00,ST010137,<p>%(m/m)</p>,2025-12-30 08:00:00,二氢噻喃,延炼12万吨/年乙苯/苯乙烯装置
0.01,ST010137,<p>%(m/m)</p>,2025-12-30 08:00:00,2-乙烯基噻吩,延炼12万吨/年乙苯/苯乙烯装置
0.06,ST010137,<p>%(m/m)</p>,2025-12-31 08:00:00,非  芳,延炼12万吨/年乙苯/苯乙烯装置
0.37,ST010137,<p>%(m/m)</p>,2025-12-31 08:00:00,苯,延炼12万吨/年乙苯/苯乙烯装置
1.04,ST010137,<p>%(m/m)</p>,2025-12-31 08:00:00,甲  苯,延炼12万吨/年乙苯/苯乙烯装置
39.38,ST010137,<p>%(m/m)</p>,2025-12-31 08:00:00,乙  苯,延炼12万吨/年乙苯/苯乙烯装置
0.96,ST010137,<p>%(m/m)</p>,2025-12-31 08:00:00,二甲苯,延炼12万吨/年乙苯/苯乙烯装置
0.00,ST010137,<p>%(m/m)</p>,2025-12-31 08:00:00,异丙苯,延炼12万吨/年乙苯/苯乙烯装置
0.00,ST010137,<p>%(m/m)</p>,2025-12-31 08:00:00,正丙苯,延炼12万吨/年乙苯/苯乙烯装置
0.00,ST010137,<p>%(m/m)</p>,2025-12-31 08:00:00,甲乙苯,延炼12万吨/年乙苯/苯乙烯装置
58.01,ST010137,<p>%(m/m)</p>,2025-12-31 08:00:00,苯乙烯,延炼12万吨/年乙苯/苯乙烯装置
0.01,ST010137,<p>%(m/m)</p>,2025-12-31 08:00:00,α甲基苯乙烯,延炼12万吨/年乙苯/苯乙烯装置
0.00,ST010137,<p>%(m/m)</p>,2025-12-31 08:00:00,苯乙炔,延炼12万吨/年乙苯/苯乙烯装置
0.00,ST010137,<p>%(m/m)</p>,2025-12-31 08:00:00,间、对甲基苯乙烯,延炼12万吨/年乙苯/苯乙烯装置
0.14,ST010137,<p>%(m/m)</p>,2025-12-31 08:00:00,其  他,延炼12万吨/年乙苯/苯乙烯装置
0.00,ST010137,<p>%(m/m)</p>,2025-12-31 08:00:00,丙烯基苯,延炼12万吨/年乙苯/苯乙烯装置
0.00,ST010137,<p>%(m/m)</p>,2025-12-31 08:00:00,二氢噻喃,延炼12万吨/年乙苯/苯乙烯装置
0.02,ST010137,<p>%(m/m)</p>,2025-12-31 08:00:00,2-乙烯基噻吩,延炼12万吨/年乙苯/苯乙烯装置
0.07,ST010137,<p>%(m/m)</p>,2026-01-01 08:00:00,非  芳,延炼12万吨/年乙苯/苯乙烯装置
0.37,ST010137,<p>%(m/m)</p>,2026-01-01 08:00:00,苯,延炼12万吨/年乙苯/苯乙烯装置
1.06,ST010137,<p>%(m/m)</p>,2026-01-01 08:00:00,甲  苯,延炼12万吨/年乙苯/苯乙烯装置
39.19,ST010137,<p>%(m/m)</p>,2026-01-01 08:00:00,乙  苯,延炼12万吨/年乙苯/苯乙烯装置
1.11,ST010137,<p>%(m/m)</p>,2026-01-01 08:00:00,二甲苯,延炼12万吨/年乙苯/苯乙烯装置
0.00,ST010137,<p>%(m/m)</p>,2026-01-01 08:00:00,异丙苯,延炼12万吨/年乙苯/苯乙烯装置
0.00,ST010137,<p>%(m/m)</p>,2026-01-01 08:00:00,正丙苯,延炼12万吨/年乙苯/苯乙烯装置
0.00,ST010137,<p>%(m/m)</p>,2026-01-01 08:00:00,甲乙苯,延炼12万吨/年乙苯/苯乙烯装置
58.06,ST010137,<p>%(m/m)</p>,2026-01-01 08:00:00,苯乙烯,延炼12万吨/年乙苯/苯乙烯装置
0.01,ST010137,<p>%(m/m)</p>,2026-01-01 08:00:00,α甲基苯乙烯,延炼12万吨/年乙苯/苯乙烯装置
0.00,ST010137,<p>%(m/m)</p>,2026-01-01 08:00:00,苯乙炔,延炼12万吨/年乙苯/苯乙烯装置
0.00,ST010137,<p>%(m/m)</p>,2026-01-01 08:00:00,间、对甲基苯乙烯,延炼12万吨/年乙苯/苯乙烯装置
0.10,ST010137,<p>%(m/m)</p>,2026-01-01 08:00:00,其  他,延炼12万吨/年乙苯/苯乙烯装置
0.002,ST010137,<p>%(m/m)</p>,2026-01-01 08:00:00,二乙基苯,延炼12万吨/年乙苯/苯乙烯装置
0.00,ST010137,<p>%(m/m)</p>,2026-01-01 08:00:00,丙烯基苯,延炼12万吨/年乙苯/苯乙烯装置
0.00,ST010137,<p>%(m/m)</p>,2026-01-01 08:00:00,二氢噻喃,延炼12万吨/年乙苯/苯乙烯装置
0.01,ST010137,<p>%(m/m)</p>,2026-01-01 08:00:00,2-乙烯基噻吩,延炼12万吨/年乙苯/苯乙烯装置
0.07,ST010137,<p>%(m/m)</p>,2026-01-02 08:00:00,非  芳,延炼12万吨/年乙苯/苯乙烯装置
0.38,ST010137,<p>%(m/m)</p>,2026-01-02 08:00:00,苯,延炼12万吨/年乙苯/苯乙烯装置
1.06,ST010137,<p>%(m/m)</p>,2026-01-02 08:00:00,甲  苯,延炼12万吨/年乙苯/苯乙烯装置
39.06,ST010137,<p>%(m/m)</p>,2026-01-02 08:00:00,乙  苯,延炼12万吨/年乙苯/苯乙烯装置
1.08,ST010137,<p>%(m/m)</p>,2026-01-02 08:00:00,二甲苯,延炼12万吨/年乙苯/苯乙烯装置
0.00,ST010137,<p>%(m/m)</p>,2026-01-02 08:00:00,异丙苯,延炼12万吨/年乙苯/苯乙烯装置
0.00,ST010137,<p>%(m/m)</p>,2026-01-02 08:00:00,正丙苯,延炼12万吨/年乙苯/苯乙烯装置
0.00,ST010137,<p>%(m/m)</p>,2026-01-02 08:00:00,甲乙苯,延炼12万吨/年乙苯/苯乙烯装置
58.17,ST010137,<p>%(m/m)</p>,2026-01-02 08:00:00,苯乙烯,延炼12万吨/年乙苯/苯乙烯装置
0.01,ST010137,<p>%(m/m)</p>,2026-01-02 08:00:00,α甲基苯乙烯,延炼12万吨/年乙苯/苯乙烯装置
0.00,ST010137,<p>%(m/m)</p>,2026-01-02 08:00:00,苯乙炔,延炼12万吨/年乙苯/苯乙烯装置
0.00,ST010137,<p>%(m/m)</p>,2026-01-02 08:00:00,间、对甲基苯乙烯,延炼12万吨/年乙苯/苯乙烯装置
0.13,ST010137,<p>%(m/m)</p>,2026-01-02 08:00:00,其  他,延炼12万吨/年乙苯/苯乙烯装置
0.00,ST010137,<p>%(m/m)</p>,2026-01-02 08:00:00,丙烯基苯,延炼12万吨/年乙苯/苯乙烯装置
0.00,ST010137,<p>%(m/m)</p>,2026-01-02 08:00:00,二氢噻喃,延炼12万吨/年乙苯/苯乙烯装置
0.02,ST010137,<p>%(m/m)</p>,2026-01-02 08:00:00,2-乙烯基噻吩,延炼12万吨/年乙苯/苯乙烯装置
1.14,ST010137,<p>%(m/m)</p>,2026-01-03 08:00:00,二甲苯,延炼12万吨/年乙苯/苯乙烯装置
0.00,ST010137,<p>%(m/m)</p>,2026-01-03 08:00:00,异丙苯,延炼12万吨/年乙苯/苯乙烯装置
0.00,ST010137,<p>%(m/m)</p>,2026-01-03 08:00:00,正丙苯,延炼12万吨/年乙苯/苯乙烯装置
0.00,ST010137,<p>%(m/m)</p>,2026-01-03 08:00:00,甲乙苯,延炼12万吨/年乙苯/苯乙烯装置
58.00,ST010137,<p>%(m/m)</p>,2026-01-03 08:00:00,苯乙烯,延炼12万吨/年乙苯/苯乙烯装置
0.01,ST010137,<p>%(m/m)</p>,2026-01-03 08:00:00,α甲基苯乙烯,延炼12万吨/年乙苯/苯乙烯装置
0.00,ST010137,<p>%(m/m)</p>,2026-01-03 08:00:00,苯乙炔,延炼12万吨/年乙苯/苯乙烯装置
0.00,ST010137,<p>%(m/m)</p>,2026-01-03 08:00:00,间、对甲基苯乙烯,延炼12万吨/年乙苯/苯乙烯装置
0.09,ST010137,<p>%(m/m)</p>,2026-01-03 08:00:00,其  他,延炼12万吨/年乙苯/苯乙烯装置
0.00,ST010137,<p>%(m/m)</p>,2026-01-03 08:00:00,丙烯基苯,延炼12万吨/年乙苯/苯乙烯装置
0.00,ST010137,<p>%(m/m)</p>,2026-01-03 08:00:00,二氢噻喃,延炼12万吨/年乙苯/苯乙烯装置
0.01,ST010137,<p>%(m/m)</p>,2026-01-03 08:00:00,2-乙烯基噻吩,延炼12万吨/年乙苯/苯乙烯装置
0.07,ST010137,<p>%(m/m)</p>,2026-01-03 08:00:00,非  芳,延炼12万吨/年乙苯/苯乙烯装置
0.51,ST010137,<p>%(m/m)</p>,2026-01-03 08:00:00,苯,延炼12万吨/年乙苯/苯乙烯装置
1.43,ST010137,<p>%(m/m)</p>,2026-01-03 08:00:00,甲  苯,延炼12万吨/年乙苯/苯乙烯装置
38.72,ST010137,<p>%(m/m)</p>,2026-01-03 08:00:00,乙  苯,延炼12万吨/年乙苯/苯乙烯装置
0.06,ST010137,<p>%(m/m)</p>,2026-01-04 08:00:00,非  芳,延炼12万吨/年乙苯/苯乙烯装置
0.46,ST010137,<p>%(m/m)</p>,2026-01-04 08:00:00,苯,延炼12万吨/年乙苯/苯乙烯装置
1.32,ST010137,<p>%(m/m)</p>,2026-01-04 08:00:00,甲  苯,延炼12万吨/年乙苯/苯乙烯装置
38.44,ST010137,<p>%(m/m)</p>,2026-01-04 08:00:00,乙  苯,延炼12万吨/年乙苯/苯乙烯装置
1.02,ST010137,<p>%(m/m)</p>,2026-01-04 08:00:00,二甲苯,延炼12万吨/年乙苯/苯乙烯装置
0.00,ST010137,<p>%(m/m)</p>,2026-01-04 08:00:00,异丙苯,延炼12万吨/年乙苯/苯乙烯装置
0.00,ST010137,<p>%(m/m)</p>,2026-01-04 08:00:00,正丙苯,延炼12万吨/年乙苯/苯乙烯装置
0.00,ST010137,<p>%(m/m)</p>,2026-01-04 08:00:00,甲乙苯,延炼12万吨/年乙苯/苯乙烯装置
58.55,ST010137,<p>%(m/m)</p>,2026-01-04 08:00:00,苯乙烯,延炼12万吨/年乙苯/苯乙烯装置
0.01,ST010137,<p>%(m/m)</p>,2026-01-04 08:00:00,α甲基苯乙烯,延炼12万吨/年乙苯/苯乙烯装置
0.00,ST010137,<p>%(m/m)</p>,2026-01-04 08:00:00,苯乙炔,延炼12万吨/年乙苯/苯乙烯装置
0.00,ST010137,<p>%(m/m)</p>,2026-01-04 08:00:00,间、对甲基苯乙烯,延炼12万吨/年乙苯/苯乙烯装置
0.10,ST010137,<p>%(m/m)</p>,2026-01-04 08:00:00,其  他,延炼12万吨/年乙苯/苯乙烯装置
0.00,ST010137,<p>%(m/m)</p>,2026-01-04 08:00:00,丙烯基苯,延炼12万吨/年乙苯/苯乙烯装置
0.00,ST010137,<p>%(m/m)</p>,2026-01-04 08:00:00,二氢噻喃,延炼12万吨/年乙苯/苯乙烯装置
0.02,ST010137,<p>%(m/m)</p>,2026-01-04 08:00:00,2-乙烯基噻吩,延炼12万吨/年乙苯/苯乙烯装置
0.07,ST010137,<p>%(m/m)</p>,2026-01-05 08:00:00,非  芳,延炼12万吨/年乙苯/苯乙烯装置
0.48,ST010137,<p>%(m/m)</p>,2026-01-05 08:00:00,苯,延炼12万吨/年乙苯/苯乙烯装置
1.36,ST010137,<p>%(m/m)</p>,2026-01-05 08:00:00,甲  苯,延炼12万吨/年乙苯/苯乙烯装置
38.31,ST010137,<p>%(m/m)</p>,2026-01-05 08:00:00,乙  苯,延炼12万吨/年乙苯/苯乙烯装置
1.13,ST010137,<p>%(m/m)</p>,2026-01-05 08:00:00,二甲苯,延炼12万吨/年乙苯/苯乙烯装置
0.00,ST010137,<p>%(m/m)</p>,2026-01-05 08:00:00,异丙苯,延炼12万吨/年乙苯/苯乙烯装置
0.00,ST010137,<p>%(m/m)</p>,2026-01-05 08:00:00,正丙苯,延炼12万吨/年乙苯/苯乙烯装置
0.00,ST010137,<p>%(m/m)</p>,2026-01-05 08:00:00,甲乙苯,延炼12万吨/年乙苯/苯乙烯装置
58.51,ST010137,<p>%(m/m)</p>,2026-01-05 08:00:00,苯乙烯,延炼12万吨/年乙苯/苯乙烯装置
0.01,ST010137,<p>%(m/m)</p>,2026-01-05 08:00:00,α甲基苯乙烯,延炼12万吨/年乙苯/苯乙烯装置
0.00,ST010137,<p>%(m/m)</p>,2026-01-05 08:00:00,苯乙炔,延炼12万吨/年乙苯/苯乙烯装置
0.00,ST010137,<p>%(m/m)</p>,2026-01-05 08:00:00,间、对甲基苯乙烯,延炼12万吨/年乙苯/苯乙烯装置
0.11,ST010137,<p>%(m/m)</p>,2026-01-05 08:00:00,其  他,延炼12万吨/年乙苯/苯乙烯装置
0.00,ST010137,<p>%(m/m)</p>,2026-01-05 08:00:00,丙烯基苯,延炼12万吨/年乙苯/苯乙烯装置
0.00,ST010137,<p>%(m/m)</p>,2026-01-05 08:00:00,二氢噻喃,延炼12万吨/年乙苯/苯乙烯装置
0.02,ST010137,<p>%(m/m)</p>,2026-01-05 08:00:00,2-乙烯基噻吩,延炼12万吨/年乙苯/苯乙烯装置
0.08,ST010137,<p>%(m/m)</p>,2026-01-06 08:00:00,非  芳,延炼12万吨/年乙苯/苯乙烯装置
0.38,ST010137,<p>%(m/m)</p>,2026-01-06 08:00:00,苯,延炼12万吨/年乙苯/苯乙烯装置
1.07,ST010137,<p>%(m/m)</p>,2026-01-06 08:00:00,甲  苯,延炼12万吨/年乙苯/苯乙烯装置
38.61,ST010137,<p>%(m/m)</p>,2026-01-06 08:00:00,乙  苯,延炼12万吨/年乙苯/苯乙烯装置
1.16,ST010137,<p>%(m/m)</p>,2026-01-06 08:00:00,二甲苯,延炼12万吨/年乙苯/苯乙烯装置
0.00,ST010137,<p>%(m/m)</p>,2026-01-06 08:00:00,异丙苯,延炼12万吨/年乙苯/苯乙烯装置
0.00,ST010137,<p>%(m/m)</p>,2026-01-06 08:00:00,正丙苯,延炼12万吨/年乙苯/苯乙烯装置
0.00,ST010137,<p>%(m/m)</p>,2026-01-06 08:00:00,甲乙苯,延炼12万吨/年乙苯/苯乙烯装置
58.55,ST010137,<p>%(m/m)</p>,2026-01-06 08:00:00,苯乙烯,延炼12万吨/年乙苯/苯乙烯装置
0.01,ST010137,<p>%(m/m)</p>,2026-01-06 08:00:00,α甲基苯乙烯,延炼12万吨/年乙苯/苯乙烯装置
0.00,ST010137,<p>%(m/m)</p>,2026-01-06 08:00:00,苯乙炔,延炼12万吨/年乙苯/苯乙烯装置
0.00,ST010137,<p>%(m/m)</p>,2026-01-06 08:00:00,间、对甲基苯乙烯,延炼12万吨/年乙苯/苯乙烯装置
0.12,ST010137,<p>%(m/m)</p>,2026-01-06 08:00:00,其  他,延炼12万吨/年乙苯/苯乙烯装置
0.00,ST010137,<p>%(m/m)</p>,2026-01-06 08:00:00,丙烯基苯,延炼12万吨/年乙苯/苯乙烯装置
0.00,ST010137,<p>%(m/m)</p>,2026-01-06 08:00:00,二氢噻喃,延炼12万吨/年乙苯/苯乙烯装置
0.02,ST010137,<p>%(m/m)</p>,2026-01-06 08:00:00,2-乙烯基噻吩,延炼12万吨/年乙苯/苯乙烯装置
0.07,ST010137,<p>%(m/m)</p>,2026-01-07 08:00:00,非  芳,延炼12万吨/年乙苯/苯乙烯装置
0.54,ST010137,<p>%(m/m)</p>,2026-01-07 08:00:00,苯,延炼12万吨/年乙苯/苯乙烯装置
1.52,ST010137,<p>%(m/m)</p>,2026-01-07 08:00:00,甲  苯,延炼12万吨/年乙苯/苯乙烯装置
39.50,ST010137,<p>%(m/m)</p>,2026-01-07 08:00:00,乙  苯,延炼12万吨/年乙苯/苯乙烯装置
1.01,ST010137,<p>%(m/m)</p>,2026-01-07 08:00:00,二甲苯,延炼12万吨/年乙苯/苯乙烯装置
0.00,ST010137,<p>%(m/m)</p>,2026-01-07 08:00:00,异丙苯,延炼12万吨/年乙苯/苯乙烯装置
0.00,ST010137,<p>%(m/m)</p>,2026-01-07 08:00:00,正丙苯,延炼12万吨/年乙苯/苯乙烯装置
0.00,ST010137,<p>%(m/m)</p>,2026-01-07 08:00:00,甲乙苯,延炼12万吨/年乙苯/苯乙烯装置
57.22,ST010137,<p>%(m/m)</p>,2026-01-07 08:00:00,苯乙烯,延炼12万吨/年乙苯/苯乙烯装置
0.01,ST010137,<p>%(m/m)</p>,2026-01-07 08:00:00,α甲基苯乙烯,延炼12万吨/年乙苯/苯乙烯装置
0.00,ST010137,<p>%(m/m)</p>,2026-01-07 08:00:00,苯乙炔,延炼12万吨/年乙苯/苯乙烯装置
0.00,ST010137,<p>%(m/m)</p>,2026-01-07 08:00:00,间、对甲基苯乙烯,延炼12万吨/年乙苯/苯乙烯装置
0.11,ST010137,<p>%(m/m)</p>,2026-01-07 08:00:00,其  他,延炼12万吨/年乙苯/苯乙烯装置
0.00,ST010137,<p>%(m/m)</p>,2026-01-07 08:00:00,丙烯基苯,延炼12万吨/年乙苯/苯乙烯装置
0.00,ST010137,<p>%(m/m)</p>,2026-01-07 08:00:00,二氢噻喃,延炼12万吨/年乙苯/苯乙烯装置
0.02,ST010137,<p>%(m/m)</p>,2026-01-07 08:00:00,2-乙烯基噻吩,延炼12万吨/年乙苯/苯乙烯装置
0.07,ST010137,<p>%(m/m)</p>,2026-01-08 08:00:00,非  芳,延炼12万吨/年乙苯/苯乙烯装置
0.50,ST010137,<p>%(m/m)</p>,2026-01-08 08:00:00,苯,延炼12万吨/年乙苯/苯乙烯装置
1.40,ST010137,<p>%(m/m)</p>,2026-01-08 08:00:00,甲  苯,延炼12万吨/年乙苯/苯乙烯装置
39.91,ST010137,<p>%(m/m)</p>,2026-01-08 08:00:00,乙  苯,延炼12万吨/年乙苯/苯乙烯装置
1.03,ST010137,<p>%(m/m)</p>,2026-01-08 08:00:00,二甲苯,延炼12万吨/年乙苯/苯乙烯装置
0.00,ST010137,<p>%(m/m)</p>,2026-01-08 08:00:00,异丙苯,延炼12万吨/年乙苯/苯乙烯装置
0.00,ST010137,<p>%(m/m)</p>,2026-01-08 08:00:00,正丙苯,延炼12万吨/年乙苯/苯乙烯装置
0.00,ST010137,<p>%(m/m)</p>,2026-01-08 08:00:00,甲乙苯,延炼12万吨/年乙苯/苯乙烯装置
56.97,ST010137,<p>%(m/m)</p>,2026-01-08 08:00:00,苯乙烯,延炼12万吨/年乙苯/苯乙烯装置
0.01,ST010137,<p>%(m/m)</p>,2026-01-08 08:00:00,α甲基苯乙烯,延炼12万吨/年乙苯/苯乙烯装置
0.00,ST010137,<p>%(m/m)</p>,2026-01-08 08:00:00,苯乙炔,延炼12万吨/年乙苯/苯乙烯装置
0.00,ST010137,<p>%(m/m)</p>,2026-01-08 08:00:00,间、对甲基苯乙烯,延炼12万吨/年乙苯/苯乙烯装置
0.09,ST010137,<p>%(m/m)</p>,2026-01-08 08:00:00,其  他,延炼12万吨/年乙苯/苯乙烯装置
0.002,ST010137,<p>%(m/m)</p>,2026-01-08 08:00:00,二乙基苯,延炼12万吨/年乙苯/苯乙烯装置
0.00,ST010137,<p>%(m/m)</p>,2026-01-08 08:00:00,丙烯基苯,延炼12万吨/年乙苯/苯乙烯装置
0.00,ST010137,<p>%(m/m)</p>,2026-01-08 08:00:00,二氢噻喃,延炼12万吨/年乙苯/苯乙烯装置
0.02,ST010137,<p>%(m/m)</p>,2026-01-08 08:00:00,2-乙烯基噻吩,延炼12万吨/年乙苯/苯乙烯装置
0.07,ST010137,<p>%(m/m)</p>,2026-01-09 08:00:00,非  芳,延炼12万吨/年乙苯/苯乙烯装置
0.55,ST010137,<p>%(m/m)</p>,2026-01-09 08:00:00,苯,延炼12万吨/年乙苯/苯乙烯装置
1.52,ST010137,<p>%(m/m)</p>,2026-01-09 08:00:00,甲  苯,延炼12万吨/年乙苯/苯乙烯装置
39.49,ST010137,<p>%(m/m)</p>,2026-01-09 08:00:00,乙  苯,延炼12万吨/年乙苯/苯乙烯装置
1.02,ST010137,<p>%(m/m)</p>,2026-01-09 08:00:00,二甲苯,延炼12万吨/年乙苯/苯乙烯装置
0.00,ST010137,<p>%(m/m)</p>,2026-01-09 08:00:00,异丙苯,延炼12万吨/年乙苯/苯乙烯装置
0.00,ST010137,<p>%(m/m)</p>,2026-01-09 08:00:00,正丙苯,延炼12万吨/年乙苯/苯乙烯装置
0.00,ST010137,<p>%(m/m)</p>,2026-01-09 08:00:00,甲乙苯,延炼12万吨/年乙苯/苯乙烯装置
57.04,ST010137,<p>%(m/m)</p>,2026-01-09 08:00:00,苯乙烯,延炼12万吨/年乙苯/苯乙烯装置
0.01,ST010137,<p>%(m/m)</p>,2026-01-09 08:00:00,α甲基苯乙烯,延炼12万吨/年乙苯/苯乙烯装置
0.00,ST010137,<p>%(m/m)</p>,2026-01-09 08:00:00,苯乙炔,延炼12万吨/年乙苯/苯乙烯装置
0.00,ST010137,<p>%(m/m)</p>,2026-01-09 08:00:00,间、对甲基苯乙烯,延炼12万吨/年乙苯/苯乙烯装置
0.27,ST010137,<p>%(m/m)</p>,2026-01-09 08:00:00,其  他,延炼12万吨/年乙苯/苯乙烯装置
0.00,ST010137,<p>%(m/m)</p>,2026-01-09 08:00:00,丙烯基苯,延炼12万吨/年乙苯/苯乙烯装置
0.00,ST010137,<p>%(m/m)</p>,2026-01-09 08:00:00,二氢噻喃,延炼12万吨/年乙苯/苯乙烯装置
0.02,ST010137,<p>%(m/m)</p>,2026-01-09 08:00:00,2-乙烯基噻吩,延炼12万吨/年乙苯/苯乙烯装置
0.07,ST010137,<p>%(m/m)</p>,2026-01-10 08:00:00,非  芳,延炼12万吨/年乙苯/苯乙烯装置
0.17,ST010137,<p>%(m/m)</p>,2026-01-10 08:00:00,苯,延炼12万吨/年乙苯/苯乙烯装置
1.12,ST010137,<p>%(m/m)</p>,2026-01-10 08:00:00,甲  苯,延炼12万吨/年乙苯/苯乙烯装置
40.18,ST010137,<p>%(m/m)</p>,2026-01-10 08:00:00,乙  苯,延炼12万吨/年乙苯/苯乙烯装置
1.03,ST010137,<p>%(m/m)</p>,2026-01-10 08:00:00,二甲苯,延炼12万吨/年乙苯/苯乙烯装置
0.00,ST010137,<p>%(m/m)</p>,2026-01-10 08:00:00,异丙苯,延炼12万吨/年乙苯/苯乙烯装置
0.00,ST010137,<p>%(m/m)</p>,2026-01-10 08:00:00,正丙苯,延炼12万吨/年乙苯/苯乙烯装置
0.00,ST010137,<p>%(m/m)</p>,2026-01-10 08:00:00,甲乙苯,延炼12万吨/年乙苯/苯乙烯装置
57.27,ST010137,<p>%(m/m)</p>,2026-01-10 08:00:00,苯乙烯,延炼12万吨/年乙苯/苯乙烯装置
0.01,ST010137,<p>%(m/m)</p>,2026-01-10 08:00:00,α甲基苯乙烯,延炼12万吨/年乙苯/苯乙烯装置
0.00,ST010137,<p>%(m/m)</p>,2026-01-10 08:00:00,苯乙炔,延炼12万吨/年乙苯/苯乙烯装置
0.00,ST010137,<p>%(m/m)</p>,2026-01-10 08:00:00,间、对甲基苯乙烯,延炼12万吨/年乙苯/苯乙烯装置
0.13,ST010137,<p>%(m/m)</p>,2026-01-10 08:00:00,其  他,延炼12万吨/年乙苯/苯乙烯装置
0.00,ST010137,<p>%(m/m)</p>,2026-01-10 08:00:00,丙烯基苯,延炼12万吨/年乙苯/苯乙烯装置
0.00,ST010137,<p>%(m/m)</p>,2026-01-10 08:00:00,二氢噻喃,延炼12万吨/年乙苯/苯乙烯装置
0.02,ST010137,<p>%(m/m)</p>,2026-01-10 08:00:00,2-乙烯基噻吩,延炼12万吨/年乙苯/苯乙烯装置
0.07,ST010137,<p>%(m/m)</p>,2026-01-11 08:00:00,非  芳,延炼12万吨/年乙苯/苯乙烯装置
0.37,ST010137,<p>%(m/m)</p>,2026-01-11 08:00:00,苯,延炼12万吨/年乙苯/苯乙烯装置
1.04,ST010137,<p>%(m/m)</p>,2026-01-11 08:00:00,甲  苯,延炼12万吨/年乙苯/苯乙烯装置
41.39,ST010137,<p>%(m/m)</p>,2026-01-11 08:00:00,乙  苯,延炼12万吨/年乙苯/苯乙烯装置
1.03,ST010137,<p>%(m/m)</p>,2026-01-11 08:00:00,二甲苯,延炼12万吨/年乙苯/苯乙烯装置
0.00,ST010137,<p>%(m/m)</p>,2026-01-11 08:00:00,异丙苯,延炼12万吨/年乙苯/苯乙烯装置
0.00,ST010137,<p>%(m/m)</p>,2026-01-11 08:00:00,正丙苯,延炼12万吨/年乙苯/苯乙烯装置
0.00,ST010137,<p>%(m/m)</p>,2026-01-11 08:00:00,甲乙苯,延炼12万吨/年乙苯/苯乙烯装置
55.98,ST010137,<p>%(m/m)</p>,2026-01-11 08:00:00,苯乙烯,延炼12万吨/年乙苯/苯乙烯装置
0.01,ST010137,<p>%(m/m)</p>,2026-01-11 08:00:00,α甲基苯乙烯,延炼12万吨/年乙苯/苯乙烯装置
0.00,ST010137,<p>%(m/m)</p>,2026-01-11 08:00:00,苯乙炔,延炼12万吨/年乙苯/苯乙烯装置
0.00,ST010137,<p>%(m/m)</p>,2026-01-11 08:00:00,间、对甲基苯乙烯,延炼12万吨/年乙苯/苯乙烯装置
0.09,ST010137,<p>%(m/m)</p>,2026-01-11 08:00:00,其  他,延炼12万吨/年乙苯/苯乙烯装置
0.00,ST010137,<p>%(m/m)</p>,2026-01-11 08:00:00,丙烯基苯,延炼12万吨/年乙苯/苯乙烯装置
0.00,ST010137,<p>%(m/m)</p>,2026-01-11 08:00:00,二氢噻喃,延炼12万吨/年乙苯/苯乙烯装置
0.01,ST010137,<p>%(m/m)</p>,2026-01-11 08:00:00,2-乙烯基噻吩,延炼12万吨/年乙苯/苯乙烯装置
0.07,ST010137,<p>%(m/m)</p>,2026-01-12 08:00:00,非  芳,延炼12万吨/年乙苯/苯乙烯装置
0.37,ST010137,<p>%(m/m)</p>,2026-01-12 08:00:00,苯,延炼12万吨/年乙苯/苯乙烯装置
1.08,ST010137,<p>%(m/m)</p>,2026-01-12 08:00:00,甲  苯,延炼12万吨/年乙苯/苯乙烯装置
40.10,ST010137,<p>%(m/m)</p>,2026-01-12 08:00:00,乙  苯,延炼12万吨/年乙苯/苯乙烯装置
1.12,ST010137,<p>%(m/m)</p>,2026-01-12 08:00:00,二甲苯,延炼12万吨/年乙苯/苯乙烯装置
0.00,ST010137,<p>%(m/m)</p>,2026-01-12 08:00:00,异丙苯,延炼12万吨/年乙苯/苯乙烯装置
0.00,ST010137,<p>%(m/m)</p>,2026-01-12 08:00:00,正丙苯,延炼12万吨/年乙苯/苯乙烯装置
0.00,ST010137,<p>%(m/m)</p>,2026-01-12 08:00:00,甲乙苯,延炼12万吨/年乙苯/苯乙烯装置
57.12,ST010137,<p>%(m/m)</p>,2026-01-12 08:00:00,苯乙烯,延炼12万吨/年乙苯/苯乙烯装置
0.01,ST010137,<p>%(m/m)</p>,2026-01-12 08:00:00,α甲基苯乙烯,延炼12万吨/年乙苯/苯乙烯装置
0.00,ST010137,<p>%(m/m)</p>,2026-01-12 08:00:00,苯乙炔,延炼12万吨/年乙苯/苯乙烯装置
0.00,ST010137,<p>%(m/m)</p>,2026-01-12 08:00:00,间、对甲基苯乙烯,延炼12万吨/年乙苯/苯乙烯装置
0.10,ST010137,<p>%(m/m)</p>,2026-01-12 08:00:00,其  他,延炼12万吨/年乙苯/苯乙烯装置
0.00,ST010137,<p>%(m/m)</p>,2026-01-12 08:00:00,丙烯基苯,延炼12万吨/年乙苯/苯乙烯装置
0.00,ST010137,<p>%(m/m)</p>,2026-01-12 08:00:00,二氢噻喃,延炼12万吨/年乙苯/苯乙烯装置
0.02,ST010137,<p>%(m/m)</p>,2026-01-12 08:00:00,2-乙烯基噻吩,延炼12万吨/年乙苯/苯乙烯装置
0.07,ST010137,<p>%(m/m)</p>,2026-01-13 08:00:00,非  芳,延炼12万吨/年乙苯/苯乙烯装置
0.36,ST010137,<p>%(m/m)</p>,2026-01-13 08:00:00,苯,延炼12万吨/年乙苯/苯乙烯装置
1.01,ST010137,<p>%(m/m)</p>,2026-01-13 08:00:00,甲  苯,延炼12万吨/年乙苯/苯乙烯装置
40.04,ST010137,<p>%(m/m)</p>,2026-01-13 08:00:00,乙  苯,延炼12万吨/年乙苯/苯乙烯装置
1.14,ST010137,<p>%(m/m)</p>,2026-01-13 08:00:00,二甲苯,延炼12万吨/年乙苯/苯乙烯装置
0.00,ST010137,<p>%(m/m)</p>,2026-01-13 08:00:00,异丙苯,延炼12万吨/年乙苯/苯乙烯装置
0.00,ST010137,<p>%(m/m)</p>,2026-01-13 08:00:00,正丙苯,延炼12万吨/年乙苯/苯乙烯装置
0.00,ST010137,<p>%(m/m)</p>,2026-01-13 08:00:00,甲乙苯,延炼12万吨/年乙苯/苯乙烯装置
57.26,ST010137,<p>%(m/m)</p>,2026-01-13 08:00:00,苯乙烯,延炼12万吨/年乙苯/苯乙烯装置
0.01,ST010137,<p>%(m/m)</p>,2026-01-13 08:00:00,α甲基苯乙烯,延炼12万吨/年乙苯/苯乙烯装置
0.00,ST010137,<p>%(m/m)</p>,2026-01-13 08:00:00,苯乙炔,延炼12万吨/年乙苯/苯乙烯装置
0.00,ST010137,<p>%(m/m)</p>,2026-01-13 08:00:00,间、对甲基苯乙烯,延炼12万吨/年乙苯/苯乙烯装置
0.10,ST010137,<p>%(m/m)</p>,2026-01-13 08:00:00,其  他,延炼12万吨/年乙苯/苯乙烯装置
0.00,ST010137,<p>%(m/m)</p>,2026-01-13 08:00:00,丙烯基苯,延炼12万吨/年乙苯/苯乙烯装置
0.00,ST010137,<p>%(m/m)</p>,2026-01-13 08:00:00,二氢噻喃,延炼12万吨/年乙苯/苯乙烯装置
0.02,ST010137,<p>%(m/m)</p>,2026-01-13 08:00:00,2-乙烯基噻吩,延炼12万吨/年乙苯/苯乙烯装置
0.08,ST010137,<p>%(m/m)</p>,2026-01-14 08:00:00,非  芳,延炼12万吨/年乙苯/苯乙烯装置
0.34,ST010137,<p>%(m/m)</p>,2026-01-14 08:00:00,苯,延炼12万吨/年乙苯/苯乙烯装置
0.96,ST010137,<p>%(m/m)</p>,2026-01-14 08:00:00,甲  苯,延炼12万吨/年乙苯/苯乙烯装置
41.08,ST010137,<p>%(m/m)</p>,2026-01-14 08:00:00,乙  苯,延炼12万吨/年乙苯/苯乙烯装置
1.07,ST010137,<p>%(m/m)</p>,2026-01-14 08:00:00,二甲苯,延炼12万吨/年乙苯/苯乙烯装置
0.00,ST010137,<p>%(m/m)</p>,2026-01-14 08:00:00,异丙苯,延炼12万吨/年乙苯/苯乙烯装置
0.00,ST010137,<p>%(m/m)</p>,2026-01-14 08:00:00,正丙苯,延炼12万吨/年乙苯/苯乙烯装置
0.00,ST010137,<p>%(m/m)</p>,2026-01-14 08:00:00,甲乙苯,延炼12万吨/年乙苯/苯乙烯装置
56.33,ST010137,<p>%(m/m)</p>,2026-01-14 08:00:00,苯乙烯,延炼12万吨/年乙苯/苯乙烯装置
0.01,ST010137,<p>%(m/m)</p>,2026-01-14 08:00:00,α甲基苯乙烯,延炼12万吨/年乙苯/苯乙烯装置
0.00,ST010137,<p>%(m/m)</p>,2026-01-14 08:00:00,苯乙炔,延炼12万吨/年乙苯/苯乙烯装置
0.00,ST010137,<p>%(m/m)</p>,2026-01-14 08:00:00,间、对甲基苯乙烯,延炼12万吨/年乙苯/苯乙烯装置
0.11,ST010137,<p>%(m/m)</p>,2026-01-14 08:00:00,其  他,延炼12万吨/年乙苯/苯乙烯装置
0.00,ST010137,<p>%(m/m)</p>,2026-01-14 08:00:00,丙烯基苯,延炼12万吨/年乙苯/苯乙烯装置
0.00,ST010137,<p>%(m/m)</p>,2026-01-14 08:00:00,二氢噻喃,延炼12万吨/年乙苯/苯乙烯装置
0.02,ST010137,<p>%(m/m)</p>,2026-01-14 08:00:00,2-乙烯基噻吩,延炼12万吨/年乙苯/苯乙烯装置
0.07,ST010137,<p>%(m/m)</p>,2026-01-15 08:00:00,非  芳,延炼12万吨/年乙苯/苯乙烯装置
0.46,ST010137,<p>%(m/m)</p>,2026-01-15 08:00:00,苯,延炼12万吨/年乙苯/苯乙烯装置
1.30,ST010137,<p>%(m/m)</p>,2026-01-15 08:00:00,甲  苯,延炼12万吨/年乙苯/苯乙烯装置
39.87,ST010137,<p>%(m/m)</p>,2026-01-15 08:00:00,乙  苯,延炼12万吨/年乙苯/苯乙烯装置
1.09,ST010137,<p>%(m/m)</p>,2026-01-15 08:00:00,二甲苯,延炼12万吨/年乙苯/苯乙烯装置
0.00,ST010137,<p>%(m/m)</p>,2026-01-15 08:00:00,异丙苯,延炼12万吨/年乙苯/苯乙烯装置
0.00,ST010137,<p>%(m/m)</p>,2026-01-15 08:00:00,正丙苯,延炼12万吨/年乙苯/苯乙烯装置
0.00,ST010137,<p>%(m/m)</p>,2026-01-15 08:00:00,甲乙苯,延炼12万吨/年乙苯/苯乙烯装置
57.08,ST010137,<p>%(m/m)</p>,2026-01-15 08:00:00,苯乙烯,延炼12万吨/年乙苯/苯乙烯装置
0.01,ST010137,<p>%(m/m)</p>,2026-01-15 08:00:00,α甲基苯乙烯,延炼12万吨/年乙苯/苯乙烯装置
0.00,ST010137,<p>%(m/m)</p>,2026-01-15 08:00:00,苯乙炔,延炼12万吨/年乙苯/苯乙烯装置
0.00,ST010137,<p>%(m/m)</p>,2026-01-15 08:00:00,间、对甲基苯乙烯,延炼12万吨/年乙苯/苯乙烯装置
0.09,ST010137,<p>%(m/m)</p>,2026-01-15 08:00:00,其  他,延炼12万吨/年乙苯/苯乙烯装置
0.002,ST010137,<p>%(m/m)</p>,2026-01-15 08:00:00,二乙基苯,延炼12万吨/年乙苯/苯乙烯装置
0.00,ST010137,<p>%(m/m)</p>,2026-01-15 08:00:00,丙烯基苯,延炼12万吨/年乙苯/苯乙烯装置
0.00,ST010137,<p>%(m/m)</p>,2026-01-15 08:00:00,二氢噻喃,延炼12万吨/年乙苯/苯乙烯装置
0.02,ST010137,<p>%(m/m)</p>,2026-01-15 08:00:00,2-乙烯基噻吩,延炼12万吨/年乙苯/苯乙烯装置
0.06,ST010137,<p>%(m/m)</p>,2026-01-16 08:00:00,非  芳,延炼12万吨/年乙苯/苯乙烯装置
0.36,ST010137,<p>%(m/m)</p>,2026-01-16 08:00:00,苯,延炼12万吨/年乙苯/苯乙烯装置
0.69,ST010137,<p>%(m/m)</p>,2026-01-16 08:00:00,甲  苯,延炼12万吨/年乙苯/苯乙烯装置
40.05,ST010137,<p>%(m/m)</p>,2026-01-16 08:00:00,乙  苯,延炼12万吨/年乙苯/苯乙烯装置
1.02,ST010137,<p>%(m/m)</p>,2026-01-16 08:00:00,二甲苯,延炼12万吨/年乙苯/苯乙烯装置
0.00,ST010137,<p>%(m/m)</p>,2026-01-16 08:00:00,异丙苯,延炼12万吨/年乙苯/苯乙烯装置
0.00,ST010137,<p>%(m/m)</p>,2026-01-16 08:00:00,正丙苯,延炼12万吨/年乙苯/苯乙烯装置
0.00,ST010137,<p>%(m/m)</p>,2026-01-16 08:00:00,甲乙苯,延炼12万吨/年乙苯/苯乙烯装置
57.64,ST010137,<p>%(m/m)</p>,2026-01-16 08:00:00,苯乙烯,延炼12万吨/年乙苯/苯乙烯装置
0.01,ST010137,<p>%(m/m)</p>,2026-01-16 08:00:00,α甲基苯乙烯,延炼12万吨/年乙苯/苯乙烯装置
0.00,ST010137,<p>%(m/m)</p>,2026-01-16 08:00:00,苯乙炔,延炼12万吨/年乙苯/苯乙烯装置
0.00,ST010137,<p>%(m/m)</p>,2026-01-16 08:00:00,间、对甲基苯乙烯,延炼12万吨/年乙苯/苯乙烯装置
0.14,ST010137,<p>%(m/m)</p>,2026-01-16 08:00:00,其  他,延炼12万吨/年乙苯/苯乙烯装置
0.00,ST010137,<p>%(m/m)</p>,2026-01-16 08:00:00,丙烯基苯,延炼12万吨/年乙苯/苯乙烯装置
0.00,ST010137,<p>%(m/m)</p>,2026-01-16 08:00:00,二氢噻喃,延炼12万吨/年乙苯/苯乙烯装置
0.01,ST010137,<p>%(m/m)</p>,2026-01-16 08:00:00,2-乙烯基噻吩,延炼12万吨/年乙苯/苯乙烯装置
0.02,ST010137,<p>%(m/m)</p>,2026-01-17 08:00:00,2-乙烯基噻吩,延炼12万吨/年乙苯/苯乙烯装置
0.33,ST010137,<p>%(m/m)</p>,2026-01-17 08:00:00,苯,延炼12万吨/年乙苯/苯乙烯装置
0.93,ST010137,<p>%(m/m)</p>,2026-01-17 08:00:00,甲  苯,延炼12万吨/年乙苯/苯乙烯装置
41.22,ST010137,<p>%(m/m)</p>,2026-01-17 08:00:00,乙  苯,延炼12万吨/年乙苯/苯乙烯装置
0.08,ST010137,<p>%(m/m)</p>,2026-01-17 08:00:00,非  芳,延炼12万吨/年乙苯/苯乙烯装置
1.10,ST010137,<p>%(m/m)</p>,2026-01-17 08:00:00,二甲苯,延炼12万吨/年乙苯/苯乙烯装置
0.00,ST010137,<p>%(m/m)</p>,2026-01-17 08:00:00,异丙苯,延炼12万吨/年乙苯/苯乙烯装置
0.00,ST010137,<p>%(m/m)</p>,2026-01-17 08:00:00,正丙苯,延炼12万吨/年乙苯/苯乙烯装置
0.00,ST010137,<p>%(m/m)</p>,2026-01-17 08:00:00,甲乙苯,延炼12万吨/年乙苯/苯乙烯装置
56.18,ST010137,<p>%(m/m)</p>,2026-01-17 08:00:00,苯乙烯,延炼12万吨/年乙苯/苯乙烯装置
0.01,ST010137,<p>%(m/m)</p>,2026-01-17 08:00:00,α甲基苯乙烯,延炼12万吨/年乙苯/苯乙烯装置
0.00,ST010137,<p>%(m/m)</p>,2026-01-17 08:00:00,苯乙炔,延炼12万吨/年乙苯/苯乙烯装置
0.00,ST010137,<p>%(m/m)</p>,2026-01-17 08:00:00,间、对甲基苯乙烯,延炼12万吨/年乙苯/苯乙烯装置
0.13,ST010137,<p>%(m/m)</p>,2026-01-17 08:00:00,其  他,延炼12万吨/年乙苯/苯乙烯装置
0.00,ST010137,<p>%(m/m)</p>,2026-01-17 08:00:00,丙烯基苯,延炼12万吨/年乙苯/苯乙烯装置
0.00,ST010137,<p>%(m/m)</p>,2026-01-17 08:00:00,二氢噻喃,延炼12万吨/年乙苯/苯乙烯装置
0.08,ST010137,<p>%(m/m)</p>,2026-01-18 08:00:00,非  芳,延炼12万吨/年乙苯/苯乙烯装置
0.35,ST010137,<p>%(m/m)</p>,2026-01-18 08:00:00,苯,延炼12万吨/年乙苯/苯乙烯装置
0.96,ST010137,<p>%(m/m)</p>,2026-01-18 08:00:00,甲  苯,延炼12万吨/年乙苯/苯乙烯装置
40.71,ST010137,<p>%(m/m)</p>,2026-01-18 08:00:00,乙  苯,延炼12万吨/年乙苯/苯乙烯装置
1.21,ST010137,<p>%(m/m)</p>,2026-01-18 08:00:00,二甲苯,延炼12万吨/年乙苯/苯乙烯装置
0.00,ST010137,<p>%(m/m)</p>,2026-01-18 08:00:00,异丙苯,延炼12万吨/年乙苯/苯乙烯装置
0.00,ST010137,<p>%(m/m)</p>,2026-01-18 08:00:00,正丙苯,延炼12万吨/年乙苯/苯乙烯装置
0.00,ST010137,<p>%(m/m)</p>,2026-01-18 08:00:00,甲乙苯,延炼12万吨/年乙苯/苯乙烯装置
56.56,ST010137,<p>%(m/m)</p>,2026-01-18 08:00:00,苯乙烯,延炼12万吨/年乙苯/苯乙烯装置
0.01,ST010137,<p>%(m/m)</p>,2026-01-18 08:00:00,α甲基苯乙烯,延炼12万吨/年乙苯/苯乙烯装置
0.00,ST010137,<p>%(m/m)</p>,2026-01-18 08:00:00,苯乙炔,延炼12万吨/年乙苯/苯乙烯装置
0.00,ST010137,<p>%(m/m)</p>,2026-01-18 08:00:00,间、对甲基苯乙烯,延炼12万吨/年乙苯/苯乙烯装置
0.11,ST010137,<p>%(m/m)</p>,2026-01-18 08:00:00,其  他,延炼12万吨/年乙苯/苯乙烯装置
0.00,ST010137,<p>%(m/m)</p>,2026-01-18 08:00:00,丙烯基苯,延炼12万吨/年乙苯/苯乙烯装置
0.00,ST010137,<p>%(m/m)</p>,2026-01-18 08:00:00,二氢噻喃,延炼12万吨/年乙苯/苯乙烯装置
0.02,ST010137,<p>%(m/m)</p>,2026-01-18 08:00:00,2-乙烯基噻吩,延炼12万吨/年乙苯/苯乙烯装置
0.08,ST010137,<p>%(m/m)</p>,2026-01-19 08:00:00,非  芳,延炼12万吨/年乙苯/苯乙烯装置
0.58,ST010137,<p>%(m/m)</p>,2026-01-19 08:00:00,苯,延炼12万吨/年乙苯/苯乙烯装置
1.60,ST010137,<p>%(m/m)</p>,2026-01-19 08:00:00,甲  苯,延炼12万吨/年乙苯/苯乙烯装置
39.06,ST010137,<p>%(m/m)</p>,2026-01-19 08:00:00,乙  苯,延炼12万吨/年乙苯/苯乙烯装置
1.02,ST010137,<p>%(m/m)</p>,2026-01-19 08:00:00,二甲苯,延炼12万吨/年乙苯/苯乙烯装置
0.00,ST010137,<p>%(m/m)</p>,2026-01-19 08:00:00,异丙苯,延炼12万吨/年乙苯/苯乙烯装置
0.00,ST010137,<p>%(m/m)</p>,2026-01-19 08:00:00,正丙苯,延炼12万吨/年乙苯/苯乙烯装置
0.00,ST010137,<p>%(m/m)</p>,2026-01-19 08:00:00,甲乙苯,延炼12万吨/年乙苯/苯乙烯装置
57.52,ST010137,<p>%(m/m)</p>,2026-01-19 08:00:00,苯乙烯,延炼12万吨/年乙苯/苯乙烯装置
0.01,ST010137,<p>%(m/m)</p>,2026-01-19 08:00:00,α甲基苯乙烯,延炼12万吨/年乙苯/苯乙烯装置
0.00,ST010137,<p>%(m/m)</p>,2026-01-19 08:00:00,苯乙炔,延炼12万吨/年乙苯/苯乙烯装置
0.00,ST010137,<p>%(m/m)</p>,2026-01-19 08:00:00,间、对甲基苯乙烯,延炼12万吨/年乙苯/苯乙烯装置
0.12,ST010137,<p>%(m/m)</p>,2026-01-19 08:00:00,其  他,延炼12万吨/年乙苯/苯乙烯装置
0.00,ST010137,<p>%(m/m)</p>,2026-01-19 08:00:00,丙烯基苯,延炼12万吨/年乙苯/苯乙烯装置
0.00,ST010137,<p>%(m/m)</p>,2026-01-19 08:00:00,二氢噻喃,延炼12万吨/年乙苯/苯乙烯装置
0.01,ST010137,<p>%(m/m)</p>,2026-01-19 08:00:00,2-乙烯基噻吩,延炼12万吨/年乙苯/苯乙烯装置
0.07,ST010137,<p>%(m/m)</p>,2026-01-20 08:00:00,非  芳,延炼12万吨/年乙苯/苯乙烯装置
0.43,ST010137,<p>%(m/m)</p>,2026-01-20 08:00:00,苯,延炼12万吨/年乙苯/苯乙烯装置
1.20,ST010137,<p>%(m/m)</p>,2026-01-20 08:00:00,甲  苯,延炼12万吨/年乙苯/苯乙烯装置
39.45,ST010137,<p>%(m/m)</p>,2026-01-20 08:00:00,乙  苯,延炼12万吨/年乙苯/苯乙烯装置
1.15,ST010137,<p>%(m/m)</p>,2026-01-20 08:00:00,二甲苯,延炼12万吨/年乙苯/苯乙烯装置
0.00,ST010137,<p>%(m/m)</p>,2026-01-20 08:00:00,异丙苯,延炼12万吨/年乙苯/苯乙烯装置
0.00,ST010137,<p>%(m/m)</p>,2026-01-20 08:00:00,正丙苯,延炼12万吨/年乙苯/苯乙烯装置
0.00,ST010137,<p>%(m/m)</p>,2026-01-20 08:00:00,甲乙苯,延炼12万吨/年乙苯/苯乙烯装置
57.55,ST010137,<p>%(m/m)</p>,2026-01-20 08:00:00,苯乙烯,延炼12万吨/年乙苯/苯乙烯装置
0.01,ST010137,<p>%(m/m)</p>,2026-01-20 08:00:00,α甲基苯乙烯,延炼12万吨/年乙苯/苯乙烯装置
0.00,ST010137,<p>%(m/m)</p>,2026-01-20 08:00:00,苯乙炔,延炼12万吨/年乙苯/苯乙烯装置
0.00,ST010137,<p>%(m/m)</p>,2026-01-20 08:00:00,间、对甲基苯乙烯,延炼12万吨/年乙苯/苯乙烯装置
0.10,ST010137,<p>%(m/m)</p>,2026-01-20 08:00:00,其  他,延炼12万吨/年乙苯/苯乙烯装置
0.00,ST010137,<p>%(m/m)</p>,2026-01-20 08:00:00,丙烯基苯,延炼12万吨/年乙苯/苯乙烯装置
0.00,ST010137,<p>%(m/m)</p>,2026-01-20 08:00:00,二氢噻喃,延炼12万吨/年乙苯/苯乙烯装置
0.02,ST010137,<p>%(m/m)</p>,2026-01-20 08:00:00,2-乙烯基噻吩,延炼12万吨/年乙苯/苯乙烯装置
0.00,ST010137,<p>%(m/m)</p>,2026-01-21 08:00:00,正丙苯,延炼12万吨/年乙苯/苯乙烯装置
0.00,ST010137,<p>%(m/m)</p>,2026-01-21 08:00:00,甲乙苯,延炼12万吨/年乙苯/苯乙烯装置
57.08,ST010137,<p>%(m/m)</p>,2026-01-21 08:00:00,苯乙烯,延炼12万吨/年乙苯/苯乙烯装置
0.01,ST010137,<p>%(m/m)</p>,2026-01-21 08:00:00,α甲基苯乙烯,延炼12万吨/年乙苯/苯乙烯装置
0.00,ST010137,<p>%(m/m)</p>,2026-01-21 08:00:00,苯乙炔,延炼12万吨/年乙苯/苯乙烯装置
0.00,ST010137,<p>%(m/m)</p>,2026-01-21 08:00:00,间、对甲基苯乙烯,延炼12万吨/年乙苯/苯乙烯装置
0.09,ST010137,<p>%(m/m)</p>,2026-01-21 08:00:00,其  他,延炼12万吨/年乙苯/苯乙烯装置
0.00,ST010137,<p>%(m/m)</p>,2026-01-21 08:00:00,丙烯基苯,延炼12万吨/年乙苯/苯乙烯装置
0.00,ST010137,<p>%(m/m)</p>,2026-01-21 08:00:00,二氢噻喃,延炼12万吨/年乙苯/苯乙烯装置
0.02,ST010137,<p>%(m/m)</p>,2026-01-21 08:00:00,2-乙烯基噻吩,延炼12万吨/年乙苯/苯乙烯装置
0.08,ST010137,<p>%(m/m)</p>,2026-01-21 08:00:00,非  芳,延炼12万吨/年乙苯/苯乙烯装置
0.39,ST010137,<p>%(m/m)</p>,2026-01-21 08:00:00,苯,延炼12万吨/年乙苯/苯乙烯装置
1.08,ST010137,<p>%(m/m)</p>,2026-01-21 08:00:00,甲  苯,延炼12万吨/年乙苯/苯乙烯装置
40.09,ST010137,<p>%(m/m)</p>,2026-01-21 08:00:00,乙  苯,延炼12万吨/年乙苯/苯乙烯装置
1.16,ST010137,<p>%(m/m)</p>,2026-01-21 08:00:00,二甲苯,延炼12万吨/年乙苯/苯乙烯装置
0.00,ST010137,<p>%(m/m)</p>,2026-01-21 08:00:00,异丙苯,延炼12万吨/年乙苯/苯乙烯装置
0.08,ST010137,<p>%(m/m)</p>,2026-01-22 08:00:00,非  芳,延炼12万吨/年乙苯/苯乙烯装置
0.37,ST010137,<p>%(m/m)</p>,2026-01-22 08:00:00,苯,延炼12万吨/年乙苯/苯乙烯装置
1.00,ST010137,<p>%(m/m)</p>,2026-01-22 08:00:00,甲  苯,延炼12万吨/年乙苯/苯乙烯装置
41.67,ST010137,<p>%(m/m)</p>,2026-01-22 08:00:00,乙  苯,延炼12万吨/年乙苯/苯乙烯装置
1.12,ST010137,<p>%(m/m)</p>,2026-01-22 08:00:00,二甲苯,延炼12万吨/年乙苯/苯乙烯装置
0.00,ST010137,<p>%(m/m)</p>,2026-01-22 08:00:00,异丙苯,延炼12万吨/年乙苯/苯乙烯装置
0.00,ST010137,<p>%(m/m)</p>,2026-01-22 08:00:00,正丙苯,延炼12万吨/年乙苯/苯乙烯装置
0.00,ST010137,<p>%(m/m)</p>,2026-01-22 08:00:00,甲乙苯,延炼12万吨/年乙苯/苯乙烯装置
55.49,ST010137,<p>%(m/m)</p>,2026-01-22 08:00:00,苯乙烯,延炼12万吨/年乙苯/苯乙烯装置
0.01,ST010137,<p>%(m/m)</p>,2026-01-22 08:00:00,α甲基苯乙烯,延炼12万吨/年乙苯/苯乙烯装置
0.00,ST010137,<p>%(m/m)</p>,2026-01-22 08:00:00,苯乙炔,延炼12万吨/年乙苯/苯乙烯装置
0.00,ST010137,<p>%(m/m)</p>,2026-01-22 08:00:00,间、对甲基苯乙烯,延炼12万吨/年乙苯/苯乙烯装置
0.24,ST010137,<p>%(m/m)</p>,2026-01-22 08:00:00,其  他,延炼12万吨/年乙苯/苯乙烯装置
0.004,ST010137,<p>%(m/m)</p>,2026-01-22 08:00:00,二乙基苯,延炼12万吨/年乙苯/苯乙烯装置
0.00,ST010137,<p>%(m/m)</p>,2026-01-22 08:00:00,丙烯基苯,延炼12万吨/年乙苯/苯乙烯装置
0.00,ST010137,<p>%(m/m)</p>,2026-01-22 08:00:00,二氢噻喃,延炼12万吨/年乙苯/苯乙烯装置
0.02,ST010137,<p>%(m/m)</p>,2026-01-22 08:00:00,2-乙烯基噻吩,延炼12万吨/年乙苯/苯乙烯装置
0.08,ST010137,<p>%(m/m)</p>,2026-01-23 08:00:00,非  芳,延炼12万吨/年乙苯/苯乙烯装置
0.15,ST010137,<p>%(m/m)</p>,2026-01-23 08:00:00,苯,延炼12万吨/年乙苯/苯乙烯装置
0.99,ST010137,<p>%(m/m)</p>,2026-01-23 08:00:00,甲  苯,延炼12万吨/年乙苯/苯乙烯装置
40.45,ST010137,<p>%(m/m)</p>,2026-01-23 08:00:00,乙  苯,延炼12万吨/年乙苯/苯乙烯装置
1.10,ST010137,<p>%(m/m)</p>,2026-01-23 08:00:00,二甲苯,延炼12万吨/年乙苯/苯乙烯装置
0.00,ST010137,<p>%(m/m)</p>,2026-01-23 08:00:00,异丙苯,延炼12万吨/年乙苯/苯乙烯装置
0.00,ST010137,<p>%(m/m)</p>,2026-01-23 08:00:00,正丙苯,延炼12万吨/年乙苯/苯乙烯装置
0.00,ST010137,<p>%(m/m)</p>,2026-01-23 08:00:00,甲乙苯,延炼12万吨/年乙苯/苯乙烯装置
57.08,ST010137,<p>%(m/m)</p>,2026-01-23 08:00:00,苯乙烯,延炼12万吨/年乙苯/苯乙烯装置
0.01,ST010137,<p>%(m/m)</p>,2026-01-23 08:00:00,α甲基苯乙烯,延炼12万吨/年乙苯/苯乙烯装置
0.00,ST010137,<p>%(m/m)</p>,2026-01-23 08:00:00,苯乙炔,延炼12万吨/年乙苯/苯乙烯装置
0.00,ST010137,<p>%(m/m)</p>,2026-01-23 08:00:00,间、对甲基苯乙烯,延炼12万吨/年乙苯/苯乙烯装置
0.12,ST010137,<p>%(m/m)</p>,2026-01-23 08:00:00,其  他,延炼12万吨/年乙苯/苯乙烯装置
0.00,ST010137,<p>%(m/m)</p>,2026-01-23 08:00:00,丙烯基苯,延炼12万吨/年乙苯/苯乙烯装置
0.00,ST010137,<p>%(m/m)</p>,2026-01-23 08:00:00,二氢噻喃,延炼12万吨/年乙苯/苯乙烯装置
0.02,ST010137,<p>%(m/m)</p>,2026-01-23 08:00:00,2-乙烯基噻吩,延炼12万吨/年乙苯/苯乙烯装置
0.08,ST010137,<p>%(m/m)</p>,2026-01-24 08:00:00,非  芳,延炼12万吨/年乙苯/苯乙烯装置
0.19,ST010137,<p>%(m/m)</p>,2026-01-24 08:00:00,苯,延炼12万吨/年乙苯/苯乙烯装置
1.39,ST010137,<p>%(m/m)</p>,2026-01-24 08:00:00,甲  苯,延炼12万吨/年乙苯/苯乙烯装置
39.05,ST010137,<p>%(m/m)</p>,2026-01-24 08:00:00,乙  苯,延炼12万吨/年乙苯/苯乙烯装置
1.15,ST010137,<p>%(m/m)</p>,2026-01-24 08:00:00,二甲苯,延炼12万吨/年乙苯/苯乙烯装置
0.00,ST010137,<p>%(m/m)</p>,2026-01-24 08:00:00,异丙苯,延炼12万吨/年乙苯/苯乙烯装置
0.00,ST010137,<p>%(m/m)</p>,2026-01-24 08:00:00,正丙苯,延炼12万吨/年乙苯/苯乙烯装置
0.00,ST010137,<p>%(m/m)</p>,2026-01-24 08:00:00,甲乙苯,延炼12万吨/年乙苯/苯乙烯装置
57.97,ST010137,<p>%(m/m)</p>,2026-01-24 08:00:00,苯乙烯,延炼12万吨/年乙苯/苯乙烯装置
0.01,ST010137,<p>%(m/m)</p>,2026-01-24 08:00:00,α甲基苯乙烯,延炼12万吨/年乙苯/苯乙烯装置
0.00,ST010137,<p>%(m/m)</p>,2026-01-24 08:00:00,苯乙炔,延炼12万吨/年乙苯/苯乙烯装置
0.00,ST010137,<p>%(m/m)</p>,2026-01-24 08:00:00,间、对甲基苯乙烯,延炼12万吨/年乙苯/苯乙烯装置
0.14,ST010137,<p>%(m/m)</p>,2026-01-24 08:00:00,其  他,延炼12万吨/年乙苯/苯乙烯装置
0.00,ST010137,<p>%(m/m)</p>,2026-01-24 08:00:00,丙烯基苯,延炼12万吨/年乙苯/苯乙烯装置
0.00,ST010137,<p>%(m/m)</p>,2026-01-24 08:00:00,二氢噻喃,延炼12万吨/年乙苯/苯乙烯装置
0.02,ST010137,<p>%(m/m)</p>,2026-01-24 08:00:00,2-乙烯基噻吩,延炼12万吨/年乙苯/苯乙烯装置
0.09,ST010137,<p>%(m/m)</p>,2026-01-25 08:00:00,非  芳,延炼12万吨/年乙苯/苯乙烯装置
0.48,ST010137,<p>%(m/m)</p>,2026-01-25 08:00:00,苯,延炼12万吨/年乙苯/苯乙烯装置
1.31,ST010137,<p>%(m/m)</p>,2026-01-25 08:00:00,甲  苯,延炼12万吨/年乙苯/苯乙烯装置
39.70,ST010137,<p>%(m/m)</p>,2026-01-25 08:00:00,乙  苯,延炼12万吨/年乙苯/苯乙烯装置
1.14,ST010137,<p>%(m/m)</p>,2026-01-25 08:00:00,二甲苯,延炼12万吨/年乙苯/苯乙烯装置
0.00,ST010137,<p>%(m/m)</p>,2026-01-25 08:00:00,异丙苯,延炼12万吨/年乙苯/苯乙烯装置
0.00,ST010137,<p>%(m/m)</p>,2026-01-25 08:00:00,正丙苯,延炼12万吨/年乙苯/苯乙烯装置
0.00,ST010137,<p>%(m/m)</p>,2026-01-25 08:00:00,甲乙苯,延炼12万吨/年乙苯/苯乙烯装置
57.15,ST010137,<p>%(m/m)</p>,2026-01-25 08:00:00,苯乙烯,延炼12万吨/年乙苯/苯乙烯装置
0.01,ST010137,<p>%(m/m)</p>,2026-01-25 08:00:00,α甲基苯乙烯,延炼12万吨/年乙苯/苯乙烯装置
0.00,ST010137,<p>%(m/m)</p>,2026-01-25 08:00:00,苯乙炔,延炼12万吨/年乙苯/苯乙烯装置
0.00,ST010137,<p>%(m/m)</p>,2026-01-25 08:00:00,间、对甲基苯乙烯,延炼12万吨/年乙苯/苯乙烯装置
0.10,ST010137,<p>%(m/m)</p>,2026-01-25 08:00:00,其  他,延炼12万吨/年乙苯/苯乙烯装置
0.00,ST010137,<p>%(m/m)</p>,2026-01-25 08:00:00,丙烯基苯,延炼12万吨/年乙苯/苯乙烯装置
0.00,ST010137,<p>%(m/m)</p>,2026-01-25 08:00:00,二氢噻喃,延炼12万吨/年乙苯/苯乙烯装置
0.02,ST010137,<p>%(m/m)</p>,2026-01-25 08:00:00,2-乙烯基噻吩,延炼12万吨/年乙苯/苯乙烯装置
0.09,ST010137,<p>%(m/m)</p>,2026-01-26 08:00:00,非  芳,延炼12万吨/年乙苯/苯乙烯装置
0.36,ST010137,<p>%(m/m)</p>,2026-01-26 08:00:00,苯,延炼12万吨/年乙苯/苯乙烯装置
0.97,ST010137,<p>%(m/m)</p>,2026-01-26 08:00:00,甲  苯,延炼12万吨/年乙苯/苯乙烯装置
40.40,ST010137,<p>%(m/m)</p>,2026-01-26 08:00:00,乙  苯,延炼12万吨/年乙苯/苯乙烯装置
1.23,ST010137,<p>%(m/m)</p>,2026-01-26 08:00:00,二甲苯,延炼12万吨/年乙苯/苯乙烯装置
0.00,ST010137,<p>%(m/m)</p>,2026-01-26 08:00:00,异丙苯,延炼12万吨/年乙苯/苯乙烯装置
0.00,ST010137,<p>%(m/m)</p>,2026-01-26 08:00:00,正丙苯,延炼12万吨/年乙苯/苯乙烯装置
0.00,ST010137,<p>%(m/m)</p>,2026-01-26 08:00:00,甲乙苯,延炼12万吨/年乙苯/苯乙烯装置
56.77,ST010137,<p>%(m/m)</p>,2026-01-26 08:00:00,苯乙烯,延炼12万吨/年乙苯/苯乙烯装置
0.01,ST010137,<p>%(m/m)</p>,2026-01-26 08:00:00,α甲基苯乙烯,延炼12万吨/年乙苯/苯乙烯装置
0.00,ST010137,<p>%(m/m)</p>,2026-01-26 08:00:00,苯乙炔,延炼12万吨/年乙苯/苯乙烯装置
0.00,ST010137,<p>%(m/m)</p>,2026-01-26 08:00:00,间、对甲基苯乙烯,延炼12万吨/年乙苯/苯乙烯装置
0.15,ST010137,<p>%(m/m)</p>,2026-01-26 08:00:00,其  他,延炼12万吨/年乙苯/苯乙烯装置
0.00,ST010137,<p>%(m/m)</p>,2026-01-26 08:00:00,丙烯基苯,延炼12万吨/年乙苯/苯乙烯装置
0.00,ST010137,<p>%(m/m)</p>,2026-01-26 08:00:00,二氢噻喃,延炼12万吨/年乙苯/苯乙烯装置
0.02,ST010137,<p>%(m/m)</p>,2026-01-26 08:00:00,2-乙烯基噻吩,延炼12万吨/年乙苯/苯乙烯装置
0.08,ST010137,<p>%(m/m)</p>,2026-01-27 08:00:00,非  芳,延炼12万吨/年乙苯/苯乙烯装置
0.41,ST010137,<p>%(m/m)</p>,2026-01-27 08:00:00,苯,延炼12万吨/年乙苯/苯乙烯装置
1.13,ST010137,<p>%(m/m)</p>,2026-01-27 08:00:00,甲  苯,延炼12万吨/年乙苯/苯乙烯装置
40.39,ST010137,<p>%(m/m)</p>,2026-01-27 08:00:00,乙  苯,延炼12万吨/年乙苯/苯乙烯装置
1.05,ST010137,<p>%(m/m)</p>,2026-01-27 08:00:00,二甲苯,延炼12万吨/年乙苯/苯乙烯装置
0.00,ST010137,<p>%(m/m)</p>,2026-01-27 08:00:00,异丙苯,延炼12万吨/年乙苯/苯乙烯装置
0.00,ST010137,<p>%(m/m)</p>,2026-01-27 08:00:00,正丙苯,延炼12万吨/年乙苯/苯乙烯装置
0.00,ST010137,<p>%(m/m)</p>,2026-01-27 08:00:00,甲乙苯,延炼12万吨/年乙苯/苯乙烯装置
56.77,ST010137,<p>%(m/m)</p>,2026-01-27 08:00:00,苯乙烯,延炼12万吨/年乙苯/苯乙烯装置
0.01,ST010137,<p>%(m/m)</p>,2026-01-27 08:00:00,α甲基苯乙烯,延炼12万吨/年乙苯/苯乙烯装置
0.00,ST010137,<p>%(m/m)</p>,2026-01-27 08:00:00,苯乙炔,延炼12万吨/年乙苯/苯乙烯装置
0.00,ST010137,<p>%(m/m)</p>,2026-01-27 08:00:00,间、对甲基苯乙烯,延炼12万吨/年乙苯/苯乙烯装置
0.14,ST010137,<p>%(m/m)</p>,2026-01-27 08:00:00,其  他,延炼12万吨/年乙苯/苯乙烯装置
0.00,ST010137,<p>%(m/m)</p>,2026-01-27 08:00:00,丙烯基苯,延炼12万吨/年乙苯/苯乙烯装置
0.00,ST010137,<p>%(m/m)</p>,2026-01-27 08:00:00,二氢噻喃,延炼12万吨/年乙苯/苯乙烯装置
0.01,ST010137,<p>%(m/m)</p>,2026-01-27 08:00:00,2-乙烯基噻吩,延炼12万吨/年乙苯/苯乙烯装置
0.10,ST010137,<p>%(m/m)</p>,2026-01-28 08:00:00,非  芳,延炼12万吨/年乙苯/苯乙烯装置
0.54,ST010137,<p>%(m/m)</p>,2026-01-28 08:00:00,苯,延炼12万吨/年乙苯/苯乙烯装置
1.64,ST010137,<p>%(m/m)</p>,2026-01-28 08:00:00,甲  苯,延炼12万吨/年乙苯/苯乙烯装置
39.17,ST010137,<p>%(m/m)</p>,2026-01-28 08:00:00,乙  苯,延炼12万吨/年乙苯/苯乙烯装置
1.35,ST010137,<p>%(m/m)</p>,2026-01-28 08:00:00,二甲苯,延炼12万吨/年乙苯/苯乙烯装置
0.00,ST010137,<p>%(m/m)</p>,2026-01-28 08:00:00,异丙苯,延炼12万吨/年乙苯/苯乙烯装置
0.00,ST010137,<p>%(m/m)</p>,2026-01-28 08:00:00,正丙苯,延炼12万吨/年乙苯/苯乙烯装置
0.00,ST010137,<p>%(m/m)</p>,2026-01-28 08:00:00,甲乙苯,延炼12万吨/年乙苯/苯乙烯装置
57.07,ST010137,<p>%(m/m)</p>,2026-01-28 08:00:00,苯乙烯,延炼12万吨/年乙苯/苯乙烯装置
0.01,ST010137,<p>%(m/m)</p>,2026-01-28 08:00:00,α甲基苯乙烯,延炼12万吨/年乙苯/苯乙烯装置
0.00,ST010137,<p>%(m/m)</p>,2026-01-28 08:00:00,苯乙炔,延炼12万吨/年乙苯/苯乙烯装置
0.00,ST010137,<p>%(m/m)</p>,2026-01-28 08:00:00,间、对甲基苯乙烯,延炼12万吨/年乙苯/苯乙烯装置
0.10,ST010137,<p>%(m/m)</p>,2026-01-28 08:00:00,其  他,延炼12万吨/年乙苯/苯乙烯装置
0.00,ST010137,<p>%(m/m)</p>,2026-01-28 08:00:00,丙烯基苯,延炼12万吨/年乙苯/苯乙烯装置
0.00,ST010137,<p>%(m/m)</p>,2026-01-28 08:00:00,二氢噻喃,延炼12万吨/年乙苯/苯乙烯装置
0.02,ST010137,<p>%(m/m)</p>,2026-01-28 08:00:00,2-乙烯基噻吩,延炼12万吨/年乙苯/苯乙烯装置
0.08,ST010137,<p>%(m/m)</p>,2026-01-29 08:00:00,非  芳,延炼12万吨/年乙苯/苯乙烯装置
0.62,ST010137,<p>%(m/m)</p>,2026-01-29 08:00:00,苯,延炼12万吨/年乙苯/苯乙烯装置
1.70,ST010137,<p>%(m/m)</p>,2026-01-29 08:00:00,甲  苯,延炼12万吨/年乙苯/苯乙烯装置
39.27,ST010137,<p>%(m/m)</p>,2026-01-29 08:00:00,乙  苯,延炼12万吨/年乙苯/苯乙烯装置
1.16,ST010137,<p>%(m/m)</p>,2026-01-29 08:00:00,二甲苯,延炼12万吨/年乙苯/苯乙烯装置
0.00,ST010137,<p>%(m/m)</p>,2026-01-29 08:00:00,异丙苯,延炼12万吨/年乙苯/苯乙烯装置
0.00,ST010137,<p>%(m/m)</p>,2026-01-29 08:00:00,正丙苯,延炼12万吨/年乙苯/苯乙烯装置
0.00,ST010137,<p>%(m/m)</p>,2026-01-29 08:00:00,甲乙苯,延炼12万吨/年乙苯/苯乙烯装置
56.84,ST010137,<p>%(m/m)</p>,2026-01-29 08:00:00,苯乙烯,延炼12万吨/年乙苯/苯乙烯装置
0.01,ST010137,<p>%(m/m)</p>,2026-01-29 08:00:00,α甲基苯乙烯,延炼12万吨/年乙苯/苯乙烯装置
0.00,ST010137,<p>%(m/m)</p>,2026-01-29 08:00:00,苯乙炔,延炼12万吨/年乙苯/苯乙烯装置
0.00,ST010137,<p>%(m/m)</p>,2026-01-29 08:00:00,间、对甲基苯乙烯,延炼12万吨/年乙苯/苯乙烯装置
0.30,ST010137,<p>%(m/m)</p>,2026-01-29 08:00:00,其  他,延炼12万吨/年乙苯/苯乙烯装置
0.004,ST010137,<p>%(m/m)</p>,2026-01-29 08:00:00,二乙基苯,延炼12万吨/年乙苯/苯乙烯装置
0.00,ST010137,<p>%(m/m)</p>,2026-01-29 08:00:00,丙烯基苯,延炼12万吨/年乙苯/苯乙烯装置
0.00,ST010137,<p>%(m/m)</p>,2026-01-29 08:00:00,二氢噻喃,延炼12万吨/年乙苯/苯乙烯装置
0.01,ST010137,<p>%(m/m)</p>,2026-01-29 08:00:00,2-乙烯基噻吩,延炼12万吨/年乙苯/苯乙烯装置
0.08,ST010137,<p>%(m/m)</p>,2026-01-30 08:00:00,非  芳,延炼12万吨/年乙苯/苯乙烯装置
0.39,ST010137,<p>%(m/m)</p>,2026-01-30 08:00:00,苯,延炼12万吨/年乙苯/苯乙烯装置
1.05,ST010137,<p>%(m/m)</p>,2026-01-30 08:00:00,甲  苯,延炼12万吨/年乙苯/苯乙烯装置
40.15,ST010137,<p>%(m/m)</p>,2026-01-30 08:00:00,乙  苯,延炼12万吨/年乙苯/苯乙烯装置
1.08,ST010137,<p>%(m/m)</p>,2026-01-30 08:00:00,二甲苯,延炼12万吨/年乙苯/苯乙烯装置
0.00,ST010137,<p>%(m/m)</p>,2026-01-30 08:00:00,异丙苯,延炼12万吨/年乙苯/苯乙烯装置
0.00,ST010137,<p>%(m/m)</p>,2026-01-30 08:00:00,正丙苯,延炼12万吨/年乙苯/苯乙烯装置
0.00,ST010137,<p>%(m/m)</p>,2026-01-30 08:00:00,甲乙苯,延炼12万吨/年乙苯/苯乙烯装置
57.06,ST010137,<p>%(m/m)</p>,2026-01-30 08:00:00,苯乙烯,延炼12万吨/年乙苯/苯乙烯装置
0.01,ST010137,<p>%(m/m)</p>,2026-01-30 08:00:00,α甲基苯乙烯,延炼12万吨/年乙苯/苯乙烯装置
0.00,ST010137,<p>%(m/m)</p>,2026-01-30 08:00:00,苯乙炔,延炼12万吨/年乙苯/苯乙烯装置
0.00,ST010137,<p>%(m/m)</p>,2026-01-30 08:00:00,间、对甲基苯乙烯,延炼12万吨/年乙苯/苯乙烯装置
0.16,ST010137,<p>%(m/m)</p>,2026-01-30 08:00:00,其  他,延炼12万吨/年乙苯/苯乙烯装置
0.00,ST010137,<p>%(m/m)</p>,2026-01-30 08:00:00,丙烯基苯,延炼12万吨/年乙苯/苯乙烯装置
0.00,ST010137,<p>%(m/m)</p>,2026-01-30 08:00:00,二氢噻喃,延炼12万吨/年乙苯/苯乙烯装置
0.02,ST010137,<p>%(m/m)</p>,2026-01-30 08:00:00,2-乙烯基噻吩,延炼12万吨/年乙苯/苯乙烯装置
0.37,ST010137,<p>%(m/m)</p>,2026-01-31 08:00:00,苯,延炼12万吨/年乙苯/苯乙烯装置
1.03,ST010137,<p>%(m/m)</p>,2026-01-31 08:00:00,甲  苯,延炼12万吨/年乙苯/苯乙烯装置
39.77,ST010137,<p>%(m/m)</p>,2026-01-31 08:00:00,乙  苯,延炼12万吨/年乙苯/苯乙烯装置
1.28,ST010137,<p>%(m/m)</p>,2026-01-31 08:00:00,二甲苯,延炼12万吨/年乙苯/苯乙烯装置
0.00,ST010137,<p>%(m/m)</p>,2026-01-31 08:00:00,异丙苯,延炼12万吨/年乙苯/苯乙烯装置
0.00,ST010137,<p>%(m/m)</p>,2026-01-31 08:00:00,正丙苯,延炼12万吨/年乙苯/苯乙烯装置
0.00,ST010137,<p>%(m/m)</p>,2026-01-31 08:00:00,甲乙苯,延炼12万吨/年乙苯/苯乙烯装置
57.32,ST010137,<p>%(m/m)</p>,2026-01-31 08:00:00,苯乙烯,延炼12万吨/年乙苯/苯乙烯装置
0.01,ST010137,<p>%(m/m)</p>,2026-01-31 08:00:00,α甲基苯乙烯,延炼12万吨/年乙苯/苯乙烯装置
0.00,ST010137,<p>%(m/m)</p>,2026-01-31 08:00:00,苯乙炔,延炼12万吨/年乙苯/苯乙烯装置
0.00,ST010137,<p>%(m/m)</p>,2026-01-31 08:00:00,间、对甲基苯乙烯,延炼12万吨/年乙苯/苯乙烯装置
0.12,ST010137,<p>%(m/m)</p>,2026-01-31 08:00:00,其  他,延炼12万吨/年乙苯/苯乙烯装置
0.00,ST010137,<p>%(m/m)</p>,2026-01-31 08:00:00,丙烯基苯,延炼12万吨/年乙苯/苯乙烯装置
0.00,ST010137,<p>%(m/m)</p>,2026-01-31 08:00:00,二氢噻喃,延炼12万吨/年乙苯/苯乙烯装置
0.01,ST010137,<p>%(m/m)</p>,2026-01-31 08:00:00,2-乙烯基噻吩,延炼12万吨/年乙苯/苯乙烯装置
0.08,ST010137,<p>%(m/m)</p>,2026-01-31 08:00:00,非  芳,延炼12万吨/年乙苯/苯乙烯装置
0.08,ST010137,<p>%(m/m)</p>,2026-02-01 08:00:00,非  芳,延炼12万吨/年乙苯/苯乙烯装置
0.38,ST010137,<p>%(m/m)</p>,2026-02-01 08:00:00,苯,延炼12万吨/年乙苯/苯乙烯装置
1.04,ST010137,<p>%(m/m)</p>,2026-02-01 08:00:00,甲  苯,延炼12万吨/年乙苯/苯乙烯装置
39.05,ST010137,<p>%(m/m)</p>,2026-02-01 08:00:00,乙  苯,延炼12万吨/年乙苯/苯乙烯装置
1.16,ST010137,<p>%(m/m)</p>,2026-02-01 08:00:00,二甲苯,延炼12万吨/年乙苯/苯乙烯装置
0.00,ST010137,<p>%(m/m)</p>,2026-02-01 08:00:00,异丙苯,延炼12万吨/年乙苯/苯乙烯装置
0.00,ST010137,<p>%(m/m)</p>,2026-02-01 08:00:00,正丙苯,延炼12万吨/年乙苯/苯乙烯装置
0.00,ST010137,<p>%(m/m)</p>,2026-02-01 08:00:00,甲乙苯,延炼12万吨/年乙苯/苯乙烯装置
58.15,ST010137,<p>%(m/m)</p>,2026-02-01 08:00:00,苯乙烯,延炼12万吨/年乙苯/苯乙烯装置
0.01,ST010137,<p>%(m/m)</p>,2026-02-01 08:00:00,α甲基苯乙烯,延炼12万吨/年乙苯/苯乙烯装置
0.00,ST010137,<p>%(m/m)</p>,2026-02-01 08:00:00,苯乙炔,延炼12万吨/年乙苯/苯乙烯装置
0.00,ST010137,<p>%(m/m)</p>,2026-02-01 08:00:00,间、对甲基苯乙烯,延炼12万吨/年乙苯/苯乙烯装置
0.12,ST010137,<p>%(m/m)</p>,2026-02-01 08:00:00,其  他,延炼12万吨/年乙苯/苯乙烯装置
0.00,ST010137,<p>%(m/m)</p>,2026-02-01 08:00:00,丙烯基苯,延炼12万吨/年乙苯/苯乙烯装置
0.00,ST010137,<p>%(m/m)</p>,2026-02-01 08:00:00,二氢噻喃,延炼12万吨/年乙苯/苯乙烯装置
0.01,ST010137,<p>%(m/m)</p>,2026-02-01 08:00:00,2-乙烯基噻吩,延炼12万吨/年乙苯/苯乙烯装置
0.08,ST010137,<p>%(m/m)</p>,2026-02-02 08:00:00,非  芳,延炼12万吨/年乙苯/苯乙烯装置
0.36,ST010137,<p>%(m/m)</p>,2026-02-02 08:00:00,苯,延炼12万吨/年乙苯/苯乙烯装置
0.99,ST010137,<p>%(m/m)</p>,2026-02-02 08:00:00,甲  苯,延炼12万吨/年乙苯/苯乙烯装置
39.82,ST010137,<p>%(m/m)</p>,2026-02-02 08:00:00,乙  苯,延炼12万吨/年乙苯/苯乙烯装置
1.15,ST010137,<p>%(m/m)</p>,2026-02-02 08:00:00,二甲苯,延炼12万吨/年乙苯/苯乙烯装置
0.00,ST010137,<p>%(m/m)</p>,2026-02-02 08:00:00,异丙苯,延炼12万吨/年乙苯/苯乙烯装置
0.00,ST010137,<p>%(m/m)</p>,2026-02-02 08:00:00,正丙苯,延炼12万吨/年乙苯/苯乙烯装置
0.00,ST010137,<p>%(m/m)</p>,2026-02-02 08:00:00,甲乙苯,延炼12万吨/年乙苯/苯乙烯装置
57.46,ST010137,<p>%(m/m)</p>,2026-02-02 08:00:00,苯乙烯,延炼12万吨/年乙苯/苯乙烯装置
0.01,ST010137,<p>%(m/m)</p>,2026-02-02 08:00:00,α甲基苯乙烯,延炼12万吨/年乙苯/苯乙烯装置
0.00,ST010137,<p>%(m/m)</p>,2026-02-02 08:00:00,苯乙炔,延炼12万吨/年乙苯/苯乙烯装置
0.00,ST010137,<p>%(m/m)</p>,2026-02-02 08:00:00,间、对甲基苯乙烯,延炼12万吨/年乙苯/苯乙烯装置
0.11,ST010137,<p>%(m/m)</p>,2026-02-02 08:00:00,其  他,延炼12万吨/年乙苯/苯乙烯装置
0.00,ST010137,<p>%(m/m)</p>,2026-02-02 08:00:00,丙烯基苯,延炼12万吨/年乙苯/苯乙烯装置
0.00,ST010137,<p>%(m/m)</p>,2026-02-02 08:00:00,二氢噻喃,延炼12万吨/年乙苯/苯乙烯装置
0.01,ST010137,<p>%(m/m)</p>,2026-02-02 08:00:00,2-乙烯基噻吩,延炼12万吨/年乙苯/苯乙烯装置
0.08,ST010137,<p>%(m/m)</p>,2026-02-03 08:00:00,非  芳,延炼12万吨/年乙苯/苯乙烯装置
0.37,ST010137,<p>%(m/m)</p>,2026-02-03 08:00:00,苯,延炼12万吨/年乙苯/苯乙烯装置
1.02,ST010137,<p>%(m/m)</p>,2026-02-03 08:00:00,甲  苯,延炼12万吨/年乙苯/苯乙烯装置
40.32,ST010137,<p>%(m/m)</p>,2026-02-03 08:00:00,乙  苯,延炼12万吨/年乙苯/苯乙烯装置
1.02,ST010137,<p>%(m/m)</p>,2026-02-03 08:00:00,二甲苯,延炼12万吨/年乙苯/苯乙烯装置
0.00,ST010137,<p>%(m/m)</p>,2026-02-03 08:00:00,异丙苯,延炼12万吨/年乙苯/苯乙烯装置
0.00,ST010137,<p>%(m/m)</p>,2026-02-03 08:00:00,正丙苯,延炼12万吨/年乙苯/苯乙烯装置
0.00,ST010137,<p>%(m/m)</p>,2026-02-03 08:00:00,甲乙苯,延炼12万吨/年乙苯/苯乙烯装置
57.03,ST010137,<p>%(m/m)</p>,2026-02-03 08:00:00,苯乙烯,延炼12万吨/年乙苯/苯乙烯装置
0.01,ST010137,<p>%(m/m)</p>,2026-02-03 08:00:00,α甲基苯乙烯,延炼12万吨/年乙苯/苯乙烯装置
0.00,ST010137,<p>%(m/m)</p>,2026-02-03 08:00:00,苯乙炔,延炼12万吨/年乙苯/苯乙烯装置
0.00,ST010137,<p>%(m/m)</p>,2026-02-03 08:00:00,间、对甲基苯乙烯,延炼12万吨/年乙苯/苯乙烯装置
0.13,ST010137,<p>%(m/m)</p>,2026-02-03 08:00:00,其  他,延炼12万吨/年乙苯/苯乙烯装置
0.00,ST010137,<p>%(m/m)</p>,2026-02-03 08:00:00,丙烯基苯,延炼12万吨/年乙苯/苯乙烯装置
0.00,ST010137,<p>%(m/m)</p>,2026-02-03 08:00:00,二氢噻喃,延炼12万吨/年乙苯/苯乙烯装置
0.02,ST010137,<p>%(m/m)</p>,2026-02-03 08:00:00,2-乙烯基噻吩,延炼12万吨/年乙苯/苯乙烯装置
0.08,ST010137,<p>%(m/m)</p>,2026-02-04 08:00:00,非  芳,延炼12万吨/年乙苯/苯乙烯装置
0.40,ST010137,<p>%(m/m)</p>,2026-02-04 08:00:00,苯,延炼12万吨/年乙苯/苯乙烯装置
1.13,ST010137,<p>%(m/m)</p>,2026-02-04 08:00:00,甲  苯,延炼12万吨/年乙苯/苯乙烯装置
40.30,ST010137,<p>%(m/m)</p>,2026-02-04 08:00:00,乙  苯,延炼12万吨/年乙苯/苯乙烯装置
1.21,ST010137,<p>%(m/m)</p>,2026-02-04 08:00:00,二甲苯,延炼12万吨/年乙苯/苯乙烯装置
0.00,ST010137,<p>%(m/m)</p>,2026-02-04 08:00:00,异丙苯,延炼12万吨/年乙苯/苯乙烯装置
0.00,ST010137,<p>%(m/m)</p>,2026-02-04 08:00:00,正丙苯,延炼12万吨/年乙苯/苯乙烯装置
0.00,ST010137,<p>%(m/m)</p>,2026-02-04 08:00:00,甲乙苯,延炼12万吨/年乙苯/苯乙烯装置
56.66,ST010137,<p>%(m/m)</p>,2026-02-04 08:00:00,苯乙烯,延炼12万吨/年乙苯/苯乙烯装置
0.01,ST010137,<p>%(m/m)</p>,2026-02-04 08:00:00,α甲基苯乙烯,延炼12万吨/年乙苯/苯乙烯装置
0.00,ST010137,<p>%(m/m)</p>,2026-02-04 08:00:00,苯乙炔,延炼12万吨/年乙苯/苯乙烯装置
0.00,ST010137,<p>%(m/m)</p>,2026-02-04 08:00:00,间、对甲基苯乙烯,延炼12万吨/年乙苯/苯乙烯装置
0.18,ST010137,<p>%(m/m)</p>,2026-02-04 08:00:00,其  他,延炼12万吨/年乙苯/苯乙烯装置
0.00,ST010137,<p>%(m/m)</p>,2026-02-04 08:00:00,丙烯基苯,延炼12万吨/年乙苯/苯乙烯装置
0.00,ST010137,<p>%(m/m)</p>,2026-02-04 08:00:00,二氢噻喃,延炼12万吨/年乙苯/苯乙烯装置
0.01,ST010137,<p>%(m/m)</p>,2026-02-04 08:00:00,2-乙烯基噻吩,延炼12万吨/年乙苯/苯乙烯装置
0.08,ST010137,<p>%(m/m)</p>,2026-02-05 08:00:00,非  芳,延炼12万吨/年乙苯/苯乙烯装置
0.16,ST010137,<p>%(m/m)</p>,2026-02-05 08:00:00,苯,延炼12万吨/年乙苯/苯乙烯装置
1.01,ST010137,<p>%(m/m)</p>,2026-02-05 08:00:00,甲  苯,延炼12万吨/年乙苯/苯乙烯装置
39.67,ST010137,<p>%(m/m)</p>,2026-02-05 08:00:00,乙  苯,延炼12万吨/年乙苯/苯乙烯装置
1.22,ST010137,<p>%(m/m)</p>,2026-02-05 08:00:00,二甲苯,延炼12万吨/年乙苯/苯乙烯装置
0.00,ST010137,<p>%(m/m)</p>,2026-02-05 08:00:00,异丙苯,延炼12万吨/年乙苯/苯乙烯装置
0.00,ST010137,<p>%(m/m)</p>,2026-02-05 08:00:00,正丙苯,延炼12万吨/年乙苯/苯乙烯装置
0.00,ST010137,<p>%(m/m)</p>,2026-02-05 08:00:00,甲乙苯,延炼12万吨/年乙苯/苯乙烯装置
57.69,ST010137,<p>%(m/m)</p>,2026-02-05 08:00:00,苯乙烯,延炼12万吨/年乙苯/苯乙烯装置
0.01,ST010137,<p>%(m/m)</p>,2026-02-05 08:00:00,α甲基苯乙烯,延炼12万吨/年乙苯/苯乙烯装置
0.00,ST010137,<p>%(m/m)</p>,2026-02-05 08:00:00,苯乙炔,延炼12万吨/年乙苯/苯乙烯装置
0.00,ST010137,<p>%(m/m)</p>,2026-02-05 08:00:00,间、对甲基苯乙烯,延炼12万吨/年乙苯/苯乙烯装置
0.13,ST010137,<p>%(m/m)</p>,2026-02-05 08:00:00,其  他,延炼12万吨/年乙苯/苯乙烯装置
0.003,ST010137,<p>%(m/m)</p>,2026-02-05 08:00:00,二乙基苯,延炼12万吨/年乙苯/苯乙烯装置
0.00,ST010137,<p>%(m/m)</p>,2026-02-05 08:00:00,丙烯基苯,延炼12万吨/年乙苯/苯乙烯装置
0.00,ST010137,<p>%(m/m)</p>,2026-02-05 08:00:00,二氢噻喃,延炼12万吨/年乙苯/苯乙烯装置
0.02,ST010137,<p>%(m/m)</p>,2026-02-05 08:00:00,2-乙烯基噻吩,延炼12万吨/年乙苯/苯乙烯装置
0.07,ST010137,<p>%(m/m)</p>,2026-02-06 08:00:00,非  芳,延炼12万吨/年乙苯/苯乙烯装置
0.15,ST010137,<p>%(m/m)</p>,2026-02-06 08:00:00,苯,延炼12万吨/年乙苯/苯乙烯装置
1.01,ST010137,<p>%(m/m)</p>,2026-02-06 08:00:00,甲  苯,延炼12万吨/年乙苯/苯乙烯装置
40.20,ST010137,<p>%(m/m)</p>,2026-02-06 08:00:00,乙  苯,延炼12万吨/年乙苯/苯乙烯装置
1.03,ST010137,<p>%(m/m)</p>,2026-02-06 08:00:00,二甲苯,延炼12万吨/年乙苯/苯乙烯装置
0.00,ST010137,<p>%(m/m)</p>,2026-02-06 08:00:00,异丙苯,延炼12万吨/年乙苯/苯乙烯装置
0.00,ST010137,<p>%(m/m)</p>,2026-02-06 08:00:00,正丙苯,延炼12万吨/年乙苯/苯乙烯装置
0.00,ST010137,<p>%(m/m)</p>,2026-02-06 08:00:00,甲乙苯,延炼12万吨/年乙苯/苯乙烯装置
57.36,ST010137,<p>%(m/m)</p>,2026-02-06 08:00:00,苯乙烯,延炼12万吨/年乙苯/苯乙烯装置
0.01,ST010137,<p>%(m/m)</p>,2026-02-06 08:00:00,α甲基苯乙烯,延炼12万吨/年乙苯/苯乙烯装置
0.00,ST010137,<p>%(m/m)</p>,2026-02-06 08:00:00,苯乙炔,延炼12万吨/年乙苯/苯乙烯装置
0.00,ST010137,<p>%(m/m)</p>,2026-02-06 08:00:00,间、对甲基苯乙烯,延炼12万吨/年乙苯/苯乙烯装置
0.15,ST010137,<p>%(m/m)</p>,2026-02-06 08:00:00,其  他,延炼12万吨/年乙苯/苯乙烯装置
0.00,ST010137,<p>%(m/m)</p>,2026-02-06 08:00:00,丙烯基苯,延炼12万吨/年乙苯/苯乙烯装置
0.00,ST010137,<p>%(m/m)</p>,2026-02-06 08:00:00,二氢噻喃,延炼12万吨/年乙苯/苯乙烯装置
0.01,ST010137,<p>%(m/m)</p>,2026-02-06 08:00:00,2-乙烯基噻吩,延炼12万吨/年乙苯/苯乙烯装置
0.08,ST010137,<p>%(m/m)</p>,2026-02-07 08:00:00,非  芳,延炼12万吨/年乙苯/苯乙烯装置
0.34,ST010137,<p>%(m/m)</p>,2026-02-07 08:00:00,苯,延炼12万吨/年乙苯/苯乙烯装置
0.92,ST010137,<p>%(m/m)</p>,2026-02-07 08:00:00,甲  苯,延炼12万吨/年乙苯/苯乙烯装置
41.28,ST010137,<p>%(m/m)</p>,2026-02-07 08:00:00,乙  苯,延炼12万吨/年乙苯/苯乙烯装置
1.03,ST010137,<p>%(m/m)</p>,2026-02-07 08:00:00,二甲苯,延炼12万吨/年乙苯/苯乙烯装置
0.00,ST010137,<p>%(m/m)</p>,2026-02-07 08:00:00,异丙苯,延炼12万吨/年乙苯/苯乙烯装置
0.00,ST010137,<p>%(m/m)</p>,2026-02-07 08:00:00,正丙苯,延炼12万吨/年乙苯/苯乙烯装置
0.00,ST010137,<p>%(m/m)</p>,2026-02-07 08:00:00,甲乙苯,延炼12万吨/年乙苯/苯乙烯装置
56.15,ST010137,<p>%(m/m)</p>,2026-02-07 08:00:00,苯乙烯,延炼12万吨/年乙苯/苯乙烯装置
0.01,ST010137,<p>%(m/m)</p>,2026-02-07 08:00:00,α甲基苯乙烯,延炼12万吨/年乙苯/苯乙烯装置
0.00,ST010137,<p>%(m/m)</p>,2026-02-07 08:00:00,苯乙炔,延炼12万吨/年乙苯/苯乙烯装置
0.00,ST010137,<p>%(m/m)</p>,2026-02-07 08:00:00,间、对甲基苯乙烯,延炼12万吨/年乙苯/苯乙烯装置
0.17,ST010137,<p>%(m/m)</p>,2026-02-07 08:00:00,其  他,延炼12万吨/年乙苯/苯乙烯装置
0.00,ST010137,<p>%(m/m)</p>,2026-02-07 08:00:00,丙烯基苯,延炼12万吨/年乙苯/苯乙烯装置
0.00,ST010137,<p>%(m/m)</p>,2026-02-07 08:00:00,二氢噻喃,延炼12万吨/年乙苯/苯乙烯装置
0.01,ST010137,<p>%(m/m)</p>,2026-02-07 08:00:00,2-乙烯基噻吩,延炼12万吨/年乙苯/苯乙烯装置
0.08,ST010137,<p>%(m/m)</p>,2026-02-08 08:00:00,非  芳,延炼12万吨/年乙苯/苯乙烯装置
0.22,ST010137,<p>%(m/m)</p>,2026-02-08 08:00:00,苯,延炼12万吨/年乙苯/苯乙烯装置
1.56,ST010137,<p>%(m/m)</p>,2026-02-08 08:00:00,甲  苯,延炼12万吨/年乙苯/苯乙烯装置
40.12,ST010137,<p>%(m/m)</p>,2026-02-08 08:00:00,乙  苯,延炼12万吨/年乙苯/苯乙烯装置
1.05,ST010137,<p>%(m/m)</p>,2026-02-08 08:00:00,二甲苯,延炼12万吨/年乙苯/苯乙烯装置
0.00,ST010137,<p>%(m/m)</p>,2026-02-08 08:00:00,异丙苯,延炼12万吨/年乙苯/苯乙烯装置
0.00,ST010137,<p>%(m/m)</p>,2026-02-08 08:00:00,正丙苯,延炼12万吨/年乙苯/苯乙烯装置
0.00,ST010137,<p>%(m/m)</p>,2026-02-08 08:00:00,甲乙苯,延炼12万吨/年乙苯/苯乙烯装置
56.85,ST010137,<p>%(m/m)</p>,2026-02-08 08:00:00,苯乙烯,延炼12万吨/年乙苯/苯乙烯装置
0.01,ST010137,<p>%(m/m)</p>,2026-02-08 08:00:00,α甲基苯乙烯,延炼12万吨/年乙苯/苯乙烯装置
0.00,ST010137,<p>%(m/m)</p>,2026-02-08 08:00:00,苯乙炔,延炼12万吨/年乙苯/苯乙烯装置
0.00,ST010137,<p>%(m/m)</p>,2026-02-08 08:00:00,间、对甲基苯乙烯,延炼12万吨/年乙苯/苯乙烯装置
0.10,ST010137,<p>%(m/m)</p>,2026-02-08 08:00:00,其  他,延炼12万吨/年乙苯/苯乙烯装置
0.00,ST010137,<p>%(m/m)</p>,2026-02-08 08:00:00,丙烯基苯,延炼12万吨/年乙苯/苯乙烯装置
0.00,ST010137,<p>%(m/m)</p>,2026-02-08 08:00:00,二氢噻喃,延炼12万吨/年乙苯/苯乙烯装置
0.01,ST010137,<p>%(m/m)</p>,2026-02-08 08:00:00,2-乙烯基噻吩,延炼12万吨/年乙苯/苯乙烯装置
0.08,ST010137,<p>%(m/m)</p>,2026-02-09 08:00:00,非  芳,延炼12万吨/年乙苯/苯乙烯装置
0.15,ST010137,<p>%(m/m)</p>,2026-02-09 08:00:00,苯,延炼12万吨/年乙苯/苯乙烯装置
1.09,ST010137,<p>%(m/m)</p>,2026-02-09 08:00:00,甲  苯,延炼12万吨/年乙苯/苯乙烯装置
38.45,ST010137,<p>%(m/m)</p>,2026-02-09 08:00:00,乙  苯,延炼12万吨/年乙苯/苯乙烯装置
1.27,ST010137,<p>%(m/m)</p>,2026-02-09 08:00:00,二甲苯,延炼12万吨/年乙苯/苯乙烯装置
0.00,ST010137,<p>%(m/m)</p>,2026-02-09 08:00:00,异丙苯,延炼12万吨/年乙苯/苯乙烯装置
0.00,ST010137,<p>%(m/m)</p>,2026-02-09 08:00:00,正丙苯,延炼12万吨/年乙苯/苯乙烯装置
0.00,ST010137,<p>%(m/m)</p>,2026-02-09 08:00:00,甲乙苯,延炼12万吨/年乙苯/苯乙烯装置
58.78,ST010137,<p>%(m/m)</p>,2026-02-09 08:00:00,苯乙烯,延炼12万吨/年乙苯/苯乙烯装置
0.01,ST010137,<p>%(m/m)</p>,2026-02-09 08:00:00,α甲基苯乙烯,延炼12万吨/年乙苯/苯乙烯装置
0.00,ST010137,<p>%(m/m)</p>,2026-02-09 08:00:00,苯乙炔,延炼12万吨/年乙苯/苯乙烯装置
0.00,ST010137,<p>%(m/m)</p>,2026-02-09 08:00:00,间、对甲基苯乙烯,延炼12万吨/年乙苯/苯乙烯装置
0.13,ST010137,<p>%(m/m)</p>,2026-02-09 08:00:00,其  他,延炼12万吨/年乙苯/苯乙烯装置
0.00,ST010137,<p>%(m/m)</p>,2026-02-09 08:00:00,丙烯基苯,延炼12万吨/年乙苯/苯乙烯装置
0.00,ST010137,<p>%(m/m)</p>,2026-02-09 08:00:00,二氢噻喃,延炼12万吨/年乙苯/苯乙烯装置
0.02,ST010137,<p>%(m/m)</p>,2026-02-09 08:00:00,2-乙烯基噻吩,延炼12万吨/年乙苯/苯乙烯装置
0.08,ST010137,<p>%(m/m)</p>,2026-02-10 08:00:00,非  芳,延炼12万吨/年乙苯/苯乙烯装置
0.17,ST010137,<p>%(m/m)</p>,2026-02-10 08:00:00,苯,延炼12万吨/年乙苯/苯乙烯装置
1.15,ST010137,<p>%(m/m)</p>,2026-02-10 08:00:00,甲  苯,延炼12万吨/年乙苯/苯乙烯装置
40.16,ST010137,<p>%(m/m)</p>,2026-02-10 08:00:00,乙  苯,延炼12万吨/年乙苯/苯乙烯装置
1.14,ST010137,<p>%(m/m)</p>,2026-02-10 08:00:00,二甲苯,延炼12万吨/年乙苯/苯乙烯装置
0.00,ST010137,<p>%(m/m)</p>,2026-02-10 08:00:00,异丙苯,延炼12万吨/年乙苯/苯乙烯装置
0.00,ST010137,<p>%(m/m)</p>,2026-02-10 08:00:00,正丙苯,延炼12万吨/年乙苯/苯乙烯装置
0.00,ST010137,<p>%(m/m)</p>,2026-02-10 08:00:00,甲乙苯,延炼12万吨/年乙苯/苯乙烯装置
57.16,ST010137,<p>%(m/m)</p>,2026-02-10 08:00:00,苯乙烯,延炼12万吨/年乙苯/苯乙烯装置
0.02,ST010137,<p>%(m/m)</p>,2026-02-10 08:00:00,α甲基苯乙烯,延炼12万吨/年乙苯/苯乙烯装置
0.00,ST010137,<p>%(m/m)</p>,2026-02-10 08:00:00,苯乙炔,延炼12万吨/年乙苯/苯乙烯装置
0.00,ST010137,<p>%(m/m)</p>,2026-02-10 08:00:00,间、对甲基苯乙烯,延炼12万吨/年乙苯/苯乙烯装置
0.11,ST010137,<p>%(m/m)</p>,2026-02-10 08:00:00,其  他,延炼12万吨/年乙苯/苯乙烯装置
0.00,ST010137,<p>%(m/m)</p>,2026-02-10 08:00:00,丙烯基苯,延炼12万吨/年乙苯/苯乙烯装置
0.00,ST010137,<p>%(m/m)</p>,2026-02-10 08:00:00,二氢噻喃,延炼12万吨/年乙苯/苯乙烯装置
0.01,ST010137,<p>%(m/m)</p>,2026-02-10 08:00:00,2-乙烯基噻吩,延炼12万吨/年乙苯/苯乙烯装置
0.08,ST010137,<p>%(m/m)</p>,2026-02-11 08:00:00,非  芳,延炼12万吨/年乙苯/苯乙烯装置
0.15,ST010137,<p>%(m/m)</p>,2026-02-11 08:00:00,苯,延炼12万吨/年乙苯/苯乙烯装置
0.99,ST010137,<p>%(m/m)</p>,2026-02-11 08:00:00,甲  苯,延炼12万吨/年乙苯/苯乙烯装置
40.39,ST010137,<p>%(m/m)</p>,2026-02-11 08:00:00,乙  苯,延炼12万吨/年乙苯/苯乙烯装置
0.74,ST010137,<p>%(m/m)</p>,2026-02-11 08:00:00,二甲苯,延炼12万吨/年乙苯/苯乙烯装置
0.00,ST010137,<p>%(m/m)</p>,2026-02-11 08:00:00,异丙苯,延炼12万吨/年乙苯/苯乙烯装置
0.00,ST010137,<p>%(m/m)</p>,2026-02-11 08:00:00,正丙苯,延炼12万吨/年乙苯/苯乙烯装置
0.00,ST010137,<p>%(m/m)</p>,2026-02-11 08:00:00,甲乙苯,延炼12万吨/年乙苯/苯乙烯装置
57.45,ST010137,<p>%(m/m)</p>,2026-02-11 08:00:00,苯乙烯,延炼12万吨/年乙苯/苯乙烯装置
0.01,ST010137,<p>%(m/m)</p>,2026-02-11 08:00:00,α甲基苯乙烯,延炼12万吨/年乙苯/苯乙烯装置
0.00,ST010137,<p>%(m/m)</p>,2026-02-11 08:00:00,苯乙炔,延炼12万吨/年乙苯/苯乙烯装置
0.00,ST010137,<p>%(m/m)</p>,2026-02-11 08:00:00,间、对甲基苯乙烯,延炼12万吨/年乙苯/苯乙烯装置
0.17,ST010137,<p>%(m/m)</p>,2026-02-11 08:00:00,其  他,延炼12万吨/年乙苯/苯乙烯装置
0.00,ST010137,<p>%(m/m)</p>,2026-02-11 08:00:00,丙烯基苯,延炼12万吨/年乙苯/苯乙烯装置
0.00,ST010137,<p>%(m/m)</p>,2026-02-11 08:00:00,二氢噻喃,延炼12万吨/年乙苯/苯乙烯装置
0.01,ST010137,<p>%(m/m)</p>,2026-02-11 08:00:00,2-乙烯基噻吩,延炼12万吨/年乙苯/苯乙烯装置
0.08,ST010137,<p>%(m/m)</p>,2026-02-12 08:00:00,非  芳,延炼12万吨/年乙苯/苯乙烯装置
0.45,ST010137,<p>%(m/m)</p>,2026-02-12 08:00:00,苯,延炼12万吨/年乙苯/苯乙烯装置
1.26,ST010137,<p>%(m/m)</p>,2026-02-12 08:00:00,甲  苯,延炼12万吨/年乙苯/苯乙烯装置
40.02,ST010137,<p>%(m/m)</p>,2026-02-12 08:00:00,乙  苯,延炼12万吨/年乙苯/苯乙烯装置
1.15,ST010137,<p>%(m/m)</p>,2026-02-12 08:00:00,二甲苯,延炼12万吨/年乙苯/苯乙烯装置
0.00,ST010137,<p>%(m/m)</p>,2026-02-12 08:00:00,异丙苯,延炼12万吨/年乙苯/苯乙烯装置
0.00,ST010137,<p>%(m/m)</p>,2026-02-12 08:00:00,正丙苯,延炼12万吨/年乙苯/苯乙烯装置
0.00,ST010137,<p>%(m/m)</p>,2026-02-12 08:00:00,甲乙苯,延炼12万吨/年乙苯/苯乙烯装置
56.88,ST010137,<p>%(m/m)</p>,2026-02-12 08:00:00,苯乙烯,延炼12万吨/年乙苯/苯乙烯装置
0.01,ST010137,<p>%(m/m)</p>,2026-02-12 08:00:00,α甲基苯乙烯,延炼12万吨/年乙苯/苯乙烯装置
0.00,ST010137,<p>%(m/m)</p>,2026-02-12 08:00:00,苯乙炔,延炼12万吨/年乙苯/苯乙烯装置
0.00,ST010137,<p>%(m/m)</p>,2026-02-12 08:00:00,间、对甲基苯乙烯,延炼12万吨/年乙苯/苯乙烯装置
0.14,ST010137,<p>%(m/m)</p>,2026-02-12 08:00:00,其  他,延炼12万吨/年乙苯/苯乙烯装置
0.002,ST010137,<p>%(m/m)</p>,2026-02-12 08:00:00,二乙基苯,延炼12万吨/年乙苯/苯乙烯装置
0.00,ST010137,<p>%(m/m)</p>,2026-02-12 08:00:00,丙烯基苯,延炼12万吨/年乙苯/苯乙烯装置
0.00,ST010137,<p>%(m/m)</p>,2026-02-12 08:00:00,二氢噻喃,延炼12万吨/年乙苯/苯乙烯装置
0.01,ST010137,<p>%(m/m)</p>,2026-02-12 08:00:00,2-乙烯基噻吩,延炼12万吨/年乙苯/苯乙烯装置
0.08,ST010137,<p>%(m/m)</p>,2026-02-13 08:00:00,非  芳,延炼12万吨/年乙苯/苯乙烯装置
0.37,ST010137,<p>%(m/m)</p>,2026-02-13 08:00:00,苯,延炼12万吨/年乙苯/苯乙烯装置
0.99,ST010137,<p>%(m/m)</p>,2026-02-13 08:00:00,甲  苯,延炼12万吨/年乙苯/苯乙烯装置
39.34,ST010137,<p>%(m/m)</p>,2026-02-13 08:00:00,乙  苯,延炼12万吨/年乙苯/苯乙烯装置
1.25,ST010137,<p>%(m/m)</p>,2026-02-13 08:00:00,二甲苯,延炼12万吨/年乙苯/苯乙烯装置
0.00,ST010137,<p>%(m/m)</p>,2026-02-13 08:00:00,异丙苯,延炼12万吨/年乙苯/苯乙烯装置
0.00,ST010137,<p>%(m/m)</p>,2026-02-13 08:00:00,正丙苯,延炼12万吨/年乙苯/苯乙烯装置
0.00,ST010137,<p>%(m/m)</p>,2026-02-13 08:00:00,甲乙苯,延炼12万吨/年乙苯/苯乙烯装置
57.79,ST010137,<p>%(m/m)</p>,2026-02-13 08:00:00,苯乙烯,延炼12万吨/年乙苯/苯乙烯装置
0.01,ST010137,<p>%(m/m)</p>,2026-02-13 08:00:00,α甲基苯乙烯,延炼12万吨/年乙苯/苯乙烯装置
0.00,ST010137,<p>%(m/m)</p>,2026-02-13 08:00:00,苯乙炔,延炼12万吨/年乙苯/苯乙烯装置
0.00,ST010137,<p>%(m/m)</p>,2026-02-13 08:00:00,间、对甲基苯乙烯,延炼12万吨/年乙苯/苯乙烯装置
0.15,ST010137,<p>%(m/m)</p>,2026-02-13 08:00:00,其  他,延炼12万吨/年乙苯/苯乙烯装置
0.00,ST010137,<p>%(m/m)</p>,2026-02-13 08:00:00,丙烯基苯,延炼12万吨/年乙苯/苯乙烯装置
0.00,ST010137,<p>%(m/m)</p>,2026-02-13 08:00:00,二氢噻喃,延炼12万吨/年乙苯/苯乙烯装置
0.01,ST010137,<p>%(m/m)</p>,2026-02-13 08:00:00,2-乙烯基噻吩,延炼12万吨/年乙苯/苯乙烯装置
0.08,ST010137,<p>%(m/m)</p>,2026-02-14 08:00:00,非  芳,延炼12万吨/年乙苯/苯乙烯装置
0.15,ST010137,<p>%(m/m)</p>,2026-02-14 08:00:00,苯,延炼12万吨/年乙苯/苯乙烯装置
0.92,ST010137,<p>%(m/m)</p>,2026-02-14 08:00:00,甲  苯,延炼12万吨/年乙苯/苯乙烯装置
41.47,ST010137,<p>%(m/m)</p>,2026-02-14 08:00:00,乙  苯,延炼12万吨/年乙苯/苯乙烯装置
1.12,ST010137,<p>%(m/m)</p>,2026-02-14 08:00:00,二甲苯,延炼12万吨/年乙苯/苯乙烯装置
0.00,ST010137,<p>%(m/m)</p>,2026-02-14 08:00:00,异丙苯,延炼12万吨/年乙苯/苯乙烯装置
0.00,ST010137,<p>%(m/m)</p>,2026-02-14 08:00:00,正丙苯,延炼12万吨/年乙苯/苯乙烯装置
0.00,ST010137,<p>%(m/m)</p>,2026-02-14 08:00:00,甲乙苯,延炼12万吨/年乙苯/苯乙烯装置
56.13,ST010137,<p>%(m/m)</p>,2026-02-14 08:00:00,苯乙烯,延炼12万吨/年乙苯/苯乙烯装置
0.01,ST010137,<p>%(m/m)</p>,2026-02-14 08:00:00,α甲基苯乙烯,延炼12万吨/年乙苯/苯乙烯装置
0.00,ST010137,<p>%(m/m)</p>,2026-02-14 08:00:00,苯乙炔,延炼12万吨/年乙苯/苯乙烯装置
0.00,ST010137,<p>%(m/m)</p>,2026-02-14 08:00:00,间、对甲基苯乙烯,延炼12万吨/年乙苯/苯乙烯装置
0.10,ST010137,<p>%(m/m)</p>,2026-02-14 08:00:00,其  他,延炼12万吨/年乙苯/苯乙烯装置
0.00,ST010137,<p>%(m/m)</p>,2026-02-14 08:00:00,丙烯基苯,延炼12万吨/年乙苯/苯乙烯装置
0.00,ST010137,<p>%(m/m)</p>,2026-02-14 08:00:00,二氢噻喃,延炼12万吨/年乙苯/苯乙烯装置
0.01,ST010137,<p>%(m/m)</p>,2026-02-14 08:00:00,2-乙烯基噻吩,延炼12万吨/年乙苯/苯乙烯装置
0.07,ST010137,<p>%(m/m)</p>,2026-02-15 08:00:00,非  芳,延炼12万吨/年乙苯/苯乙烯装置
0.16,ST010137,<p>%(m/m)</p>,2026-02-15 08:00:00,苯,延炼12万吨/年乙苯/苯乙烯装置
0.99,ST010137,<p>%(m/m)</p>,2026-02-15 08:00:00,甲  苯,延炼12万吨/年乙苯/苯乙烯装置
38.89,ST010137,<p>%(m/m)</p>,2026-02-15 08:00:00,乙  苯,延炼12万吨/年乙苯/苯乙烯装置
1.07,ST010137,<p>%(m/m)</p>,2026-02-15 08:00:00,二甲苯,延炼12万吨/年乙苯/苯乙烯装置
0.00,ST010137,<p>%(m/m)</p>,2026-02-15 08:00:00,异丙苯,延炼12万吨/年乙苯/苯乙烯装置
0.00,ST010137,<p>%(m/m)</p>,2026-02-15 08:00:00,正丙苯,延炼12万吨/年乙苯/苯乙烯装置
0.00,ST010137,<p>%(m/m)</p>,2026-02-15 08:00:00,甲乙苯,延炼12万吨/年乙苯/苯乙烯装置
58.71,ST010137,<p>%(m/m)</p>,2026-02-15 08:00:00,苯乙烯,延炼12万吨/年乙苯/苯乙烯装置
0.01,ST010137,<p>%(m/m)</p>,2026-02-15 08:00:00,α甲基苯乙烯,延炼12万吨/年乙苯/苯乙烯装置
0.00,ST010137,<p>%(m/m)</p>,2026-02-15 08:00:00,苯乙炔,延炼12万吨/年乙苯/苯乙烯装置
0.00,ST010137,<p>%(m/m)</p>,2026-02-15 08:00:00,间、对甲基苯乙烯,延炼12万吨/年乙苯/苯乙烯装置
0.09,ST010137,<p>%(m/m)</p>,2026-02-15 08:00:00,其  他,延炼12万吨/年乙苯/苯乙烯装置
0.00,ST010137,<p>%(m/m)</p>,2026-02-15 08:00:00,丙烯基苯,延炼12万吨/年乙苯/苯乙烯装置
0.00,ST010137,<p>%(m/m)</p>,2026-02-15 08:00:00,二氢噻喃,延炼12万吨/年乙苯/苯乙烯装置
0.00,ST010137,<p>%(m/m)</p>,2026-02-15 08:00:00,2-乙烯基噻吩,延炼12万吨/年乙苯/苯乙烯装置
0.08,ST010137,<p>%(m/m)</p>,2026-02-16 08:00:00,非  芳,延炼12万吨/年乙苯/苯乙烯装置
0.18,ST010137,<p>%(m/m)</p>,2026-02-16 08:00:00,苯,延炼12万吨/年乙苯/苯乙烯装置
1.12,ST010137,<p>%(m/m)</p>,2026-02-16 08:00:00,甲  苯,延炼12万吨/年乙苯/苯乙烯装置
41.04,ST010137,<p>%(m/m)</p>,2026-02-16 08:00:00,乙  苯,延炼12万吨/年乙苯/苯乙烯装置
1.13,ST010137,<p>%(m/m)</p>,2026-02-16 08:00:00,二甲苯,延炼12万吨/年乙苯/苯乙烯装置
0.00,ST010137,<p>%(m/m)</p>,2026-02-16 08:00:00,异丙苯,延炼12万吨/年乙苯/苯乙烯装置
0.00,ST010137,<p>%(m/m)</p>,2026-02-16 08:00:00,正丙苯,延炼12万吨/年乙苯/苯乙烯装置
0.00,ST010137,<p>%(m/m)</p>,2026-02-16 08:00:00,甲乙苯,延炼12万吨/年乙苯/苯乙烯装置
56.33,ST010137,<p>%(m/m)</p>,2026-02-16 08:00:00,苯乙烯,延炼12万吨/年乙苯/苯乙烯装置
0.01,ST010137,<p>%(m/m)</p>,2026-02-16 08:00:00,α甲基苯乙烯,延炼12万吨/年乙苯/苯乙烯装置
0.00,ST010137,<p>%(m/m)</p>,2026-02-16 08:00:00,苯乙炔,延炼12万吨/年乙苯/苯乙烯装置
0.00,ST010137,<p>%(m/m)</p>,2026-02-16 08:00:00,间、对甲基苯乙烯,延炼12万吨/年乙苯/苯乙烯装置
0.09,ST010137,<p>%(m/m)</p>,2026-02-16 08:00:00,其  他,延炼12万吨/年乙苯/苯乙烯装置
0.00,ST010137,<p>%(m/m)</p>,2026-02-16 08:00:00,丙烯基苯,延炼12万吨/年乙苯/苯乙烯装置
0.00,ST010137,<p>%(m/m)</p>,2026-02-16 08:00:00,二氢噻喃,延炼12万吨/年乙苯/苯乙烯装置
0.01,ST010137,<p>%(m/m)</p>,2026-02-16 08:00:00,2-乙烯基噻吩,延炼12万吨/年乙苯/苯乙烯装置
0.08,ST010137,<p>%(m/m)</p>,2026-02-17 08:00:00,非  芳,延炼12万吨/年乙苯/苯乙烯装置
0.39,ST010137,<p>%(m/m)</p>,2026-02-17 08:00:00,苯,延炼12万吨/年乙苯/苯乙烯装置
1.07,ST010137,<p>%(m/m)</p>,2026-02-17 08:00:00,甲  苯,延炼12万吨/年乙苯/苯乙烯装置
38.92,ST010137,<p>%(m/m)</p>,2026-02-17 08:00:00,乙  苯,延炼12万吨/年乙苯/苯乙烯装置
1.09,ST010137,<p>%(m/m)</p>,2026-02-17 08:00:00,二甲苯,延炼12万吨/年乙苯/苯乙烯装置
0.00,ST010137,<p>%(m/m)</p>,2026-02-17 08:00:00,异丙苯,延炼12万吨/年乙苯/苯乙烯装置
0.00,ST010137,<p>%(m/m)</p>,2026-02-17 08:00:00,正丙苯,延炼12万吨/年乙苯/苯乙烯装置
0.00,ST010137,<p>%(m/m)</p>,2026-02-17 08:00:00,甲乙苯,延炼12万吨/年乙苯/苯乙烯装置
58.31,ST010137,<p>%(m/m)</p>,2026-02-17 08:00:00,苯乙烯,延炼12万吨/年乙苯/苯乙烯装置
0.01,ST010137,<p>%(m/m)</p>,2026-02-17 08:00:00,α甲基苯乙烯,延炼12万吨/年乙苯/苯乙烯装置
0.00,ST010137,<p>%(m/m)</p>,2026-02-17 08:00:00,苯乙炔,延炼12万吨/年乙苯/苯乙烯装置
0.00,ST010137,<p>%(m/m)</p>,2026-02-17 08:00:00,间、对甲基苯乙烯,延炼12万吨/年乙苯/苯乙烯装置
0.11,ST010137,<p>%(m/m)</p>,2026-02-17 08:00:00,其  他,延炼12万吨/年乙苯/苯乙烯装置
0.00,ST010137,<p>%(m/m)</p>,2026-02-17 08:00:00,丙烯基苯,延炼12万吨/年乙苯/苯乙烯装置
0.00,ST010137,<p>%(m/m)</p>,2026-02-17 08:00:00,二氢噻喃,延炼12万吨/年乙苯/苯乙烯装置
0.01,ST010137,<p>%(m/m)</p>,2026-02-17 08:00:00,2-乙烯基噻吩,延炼12万吨/年乙苯/苯乙烯装置
0.09,ST010137,<p>%(m/m)</p>,2026-02-18 08:00:00,非  芳,延炼12万吨/年乙苯/苯乙烯装置
0.26,ST010137,<p>%(m/m)</p>,2026-02-18 08:00:00,苯,延炼12万吨/年乙苯/苯乙烯装置
1.59,ST010137,<p>%(m/m)</p>,2026-02-18 08:00:00,甲  苯,延炼12万吨/年乙苯/苯乙烯装置
37.43,ST010137,<p>%(m/m)</p>,2026-02-18 08:00:00,乙  苯,延炼12万吨/年乙苯/苯乙烯装置
1.27,ST010137,<p>%(m/m)</p>,2026-02-18 08:00:00,二甲苯,延炼12万吨/年乙苯/苯乙烯装置
0.00,ST010137,<p>%(m/m)</p>,2026-02-18 08:00:00,异丙苯,延炼12万吨/年乙苯/苯乙烯装置
0.00,ST010137,<p>%(m/m)</p>,2026-02-18 08:00:00,正丙苯,延炼12万吨/年乙苯/苯乙烯装置
0.00,ST010137,<p>%(m/m)</p>,2026-02-18 08:00:00,甲乙苯,延炼12万吨/年乙苯/苯乙烯装置
59.22,ST010137,<p>%(m/m)</p>,2026-02-18 08:00:00,苯乙烯,延炼12万吨/年乙苯/苯乙烯装置
0.01,ST010137,<p>%(m/m)</p>,2026-02-18 08:00:00,α甲基苯乙烯,延炼12万吨/年乙苯/苯乙烯装置
0.00,ST010137,<p>%(m/m)</p>,2026-02-18 08:00:00,苯乙炔,延炼12万吨/年乙苯/苯乙烯装置
0.00,ST010137,<p>%(m/m)</p>,2026-02-18 08:00:00,间、对甲基苯乙烯,延炼12万吨/年乙苯/苯乙烯装置
0.12,ST010137,<p>%(m/m)</p>,2026-02-18 08:00:00,其  他,延炼12万吨/年乙苯/苯乙烯装置
0.00,ST010137,<p>%(m/m)</p>,2026-02-18 08:00:00,丙烯基苯,延炼12万吨/年乙苯/苯乙烯装置
0.00,ST010137,<p>%(m/m)</p>,2026-02-18 08:00:00,二氢噻喃,延炼12万吨/年乙苯/苯乙烯装置
0.01,ST010137,<p>%(m/m)</p>,2026-02-18 08:00:00,2-乙烯基噻吩,延炼12万吨/年乙苯/苯乙烯装置
0.07,ST010137,<p>%(m/m)</p>,2026-02-19 08:00:00,非  芳,延炼12万吨/年乙苯/苯乙烯装置
0.14,ST010137,<p>%(m/m)</p>,2026-02-19 08:00:00,苯,延炼12万吨/年乙苯/苯乙烯装置
1.04,ST010137,<p>%(m/m)</p>,2026-02-19 08:00:00,甲  苯,延炼12万吨/年乙苯/苯乙烯装置
39.72,ST010137,<p>%(m/m)</p>,2026-02-19 08:00:00,乙  苯,延炼12万吨/年乙苯/苯乙烯装置
1.08,ST010137,<p>%(m/m)</p>,2026-02-19 08:00:00,二甲苯,延炼12万吨/年乙苯/苯乙烯装置
0.00,ST010137,<p>%(m/m)</p>,2026-02-19 08:00:00,异丙苯,延炼12万吨/年乙苯/苯乙烯装置
0.00,ST010137,<p>%(m/m)</p>,2026-02-19 08:00:00,正丙苯,延炼12万吨/年乙苯/苯乙烯装置
0.00,ST010137,<p>%(m/m)</p>,2026-02-19 08:00:00,甲乙苯,延炼12万吨/年乙苯/苯乙烯装置
57.81,ST010137,<p>%(m/m)</p>,2026-02-19 08:00:00,苯乙烯,延炼12万吨/年乙苯/苯乙烯装置
0.01,ST010137,<p>%(m/m)</p>,2026-02-19 08:00:00,α甲基苯乙烯,延炼12万吨/年乙苯/苯乙烯装置
0.00,ST010137,<p>%(m/m)</p>,2026-02-19 08:00:00,苯乙炔,延炼12万吨/年乙苯/苯乙烯装置
0.00,ST010137,<p>%(m/m)</p>,2026-02-19 08:00:00,间、对甲基苯乙烯,延炼12万吨/年乙苯/苯乙烯装置
0.10,ST010137,<p>%(m/m)</p>,2026-02-19 08:00:00,其  他,延炼12万吨/年乙苯/苯乙烯装置
0.004,ST010137,<p>%(m/m)</p>,2026-02-19 08:00:00,二乙基苯,延炼12万吨/年乙苯/苯乙烯装置
0.00,ST010137,<p>%(m/m)</p>,2026-02-19 08:00:00,丙烯基苯,延炼12万吨/年乙苯/苯乙烯装置
0.00,ST010137,<p>%(m/m)</p>,2026-02-19 08:00:00,二氢噻喃,延炼12万吨/年乙苯/苯乙烯装置
0.01,ST010137,<p>%(m/m)</p>,2026-02-19 08:00:00,2-乙烯基噻吩,延炼12万吨/年乙苯/苯乙烯装置
0.08,ST010137,<p>%(m/m)</p>,2026-02-20 08:00:00,非  芳,延炼12万吨/年乙苯/苯乙烯装置
0.22,ST010137,<p>%(m/m)</p>,2026-02-20 08:00:00,苯,延炼12万吨/年乙苯/苯乙烯装置
1.38,ST010137,<p>%(m/m)</p>,2026-02-20 08:00:00,甲  苯,延炼12万吨/年乙苯/苯乙烯装置
38.65,ST010137,<p>%(m/m)</p>,2026-02-20 08:00:00,乙  苯,延炼12万吨/年乙苯/苯乙烯装置
1.20,ST010137,<p>%(m/m)</p>,2026-02-20 08:00:00,二甲苯,延炼12万吨/年乙苯/苯乙烯装置
0.00,ST010137,<p>%(m/m)</p>,2026-02-20 08:00:00,异丙苯,延炼12万吨/年乙苯/苯乙烯装置
0.00,ST010137,<p>%(m/m)</p>,2026-02-20 08:00:00,正丙苯,延炼12万吨/年乙苯/苯乙烯装置
0.00,ST010137,<p>%(m/m)</p>,2026-02-20 08:00:00,甲乙苯,延炼12万吨/年乙苯/苯乙烯装置
58.27,ST010137,<p>%(m/m)</p>,2026-02-20 08:00:00,苯乙烯,延炼12万吨/年乙苯/苯乙烯装置
0.01,ST010137,<p>%(m/m)</p>,2026-02-20 08:00:00,α甲基苯乙烯,延炼12万吨/年乙苯/苯乙烯装置
0.00,ST010137,<p>%(m/m)</p>,2026-02-20 08:00:00,苯乙炔,延炼12万吨/年乙苯/苯乙烯装置
0.00,ST010137,<p>%(m/m)</p>,2026-02-20 08:00:00,间、对甲基苯乙烯,延炼12万吨/年乙苯/苯乙烯装置
0.18,ST010137,<p>%(m/m)</p>,2026-02-20 08:00:00,其  他,延炼12万吨/年乙苯/苯乙烯装置
0.00,ST010137,<p>%(m/m)</p>,2026-02-20 08:00:00,丙烯基苯,延炼12万吨/年乙苯/苯乙烯装置
0.00,ST010137,<p>%(m/m)</p>,2026-02-20 08:00:00,二氢噻喃,延炼12万吨/年乙苯/苯乙烯装置
0.01,ST010137,<p>%(m/m)</p>,2026-02-20 08:00:00,2-乙烯基噻吩,延炼12万吨/年乙苯/苯乙烯装置
0.08,ST010137,<p>%(m/m)</p>,2026-02-21 08:00:00,非  芳,延炼12万吨/年乙苯/苯乙烯装置
0.16,ST010137,<p>%(m/m)</p>,2026-02-21 08:00:00,苯,延炼12万吨/年乙苯/苯乙烯装置
1.13,ST010137,<p>%(m/m)</p>,2026-02-21 08:00:00,甲  苯,延炼12万吨/年乙苯/苯乙烯装置
38.45,ST010137,<p>%(m/m)</p>,2026-02-21 08:00:00,乙  苯,延炼12万吨/年乙苯/苯乙烯装置
1.18,ST010137,<p>%(m/m)</p>,2026-02-21 08:00:00,二甲苯,延炼12万吨/年乙苯/苯乙烯装置
0.00,ST010137,<p>%(m/m)</p>,2026-02-21 08:00:00,异丙苯,延炼12万吨/年乙苯/苯乙烯装置
0.00,ST010137,<p>%(m/m)</p>,2026-02-21 08:00:00,正丙苯,延炼12万吨/年乙苯/苯乙烯装置
0.00,ST010137,<p>%(m/m)</p>,2026-02-21 08:00:00,甲乙苯,延炼12万吨/年乙苯/苯乙烯装置
58.85,ST010137,<p>%(m/m)</p>,2026-02-21 08:00:00,苯乙烯,延炼12万吨/年乙苯/苯乙烯装置
0.01,ST010137,<p>%(m/m)</p>,2026-02-21 08:00:00,α甲基苯乙烯,延炼12万吨/年乙苯/苯乙烯装置
0.00,ST010137,<p>%(m/m)</p>,2026-02-21 08:00:00,苯乙炔,延炼12万吨/年乙苯/苯乙烯装置
0.00,ST010137,<p>%(m/m)</p>,2026-02-21 08:00:00,间、对甲基苯乙烯,延炼12万吨/年乙苯/苯乙烯装置
0.13,ST010137,<p>%(m/m)</p>,2026-02-21 08:00:00,其  他,延炼12万吨/年乙苯/苯乙烯装置
0.00,ST010137,<p>%(m/m)</p>,2026-02-21 08:00:00,丙烯基苯,延炼12万吨/年乙苯/苯乙烯装置
0.00,ST010137,<p>%(m/m)</p>,2026-02-21 08:00:00,二氢噻喃,延炼12万吨/年乙苯/苯乙烯装置
0.01,ST010137,<p>%(m/m)</p>,2026-02-21 08:00:00,2-乙烯基噻吩,延炼12万吨/年乙苯/苯乙烯装置
0.00,ST010137,<p>%(m/m)</p>,2026-02-22 08:00:00,正丙苯,延炼12万吨/年乙苯/苯乙烯装置
0.00,ST010137,<p>%(m/m)</p>,2026-02-22 08:00:00,甲乙苯,延炼12万吨/年乙苯/苯乙烯装置
57.12,ST010137,<p>%(m/m)</p>,2026-02-22 08:00:00,苯乙烯,延炼12万吨/年乙苯/苯乙烯装置
0.01,ST010137,<p>%(m/m)</p>,2026-02-22 08:00:00,α甲基苯乙烯,延炼12万吨/年乙苯/苯乙烯装置
0.00,ST010137,<p>%(m/m)</p>,2026-02-22 08:00:00,苯乙炔,延炼12万吨/年乙苯/苯乙烯装置
0.00,ST010137,<p>%(m/m)</p>,2026-02-22 08:00:00,间、对甲基苯乙烯,延炼12万吨/年乙苯/苯乙烯装置
0.12,ST010137,<p>%(m/m)</p>,2026-02-22 08:00:00,其  他,延炼12万吨/年乙苯/苯乙烯装置
0.00,ST010137,<p>%(m/m)</p>,2026-02-22 08:00:00,丙烯基苯,延炼12万吨/年乙苯/苯乙烯装置
0.00,ST010137,<p>%(m/m)</p>,2026-02-22 08:00:00,二氢噻喃,延炼12万吨/年乙苯/苯乙烯装置
0.01,ST010137,<p>%(m/m)</p>,2026-02-22 08:00:00,2-乙烯基噻吩,延炼12万吨/年乙苯/苯乙烯装置
0.08,ST010137,<p>%(m/m)</p>,2026-02-22 08:00:00,非  芳,延炼12万吨/年乙苯/苯乙烯装置
0.39,ST010137,<p>%(m/m)</p>,2026-02-22 08:00:00,苯,延炼12万吨/年乙苯/苯乙烯装置
1.05,ST010137,<p>%(m/m)</p>,2026-02-22 08:00:00,甲  苯,延炼12万吨/年乙苯/苯乙烯装置
40.13,ST010137,<p>%(m/m)</p>,2026-02-22 08:00:00,乙  苯,延炼12万吨/年乙苯/苯乙烯装置
1.09,ST010137,<p>%(m/m)</p>,2026-02-22 08:00:00,二甲苯,延炼12万吨/年乙苯/苯乙烯装置
0.00,ST010137,<p>%(m/m)</p>,2026-02-22 08:00:00,异丙苯,延炼12万吨/年乙苯/苯乙烯装置
0.08,ST010137,<p>%(m/m)</p>,2026-02-23 08:00:00,非  芳,延炼12万吨/年乙苯/苯乙烯装置
0.18,ST010137,<p>%(m/m)</p>,2026-02-23 08:00:00,苯,延炼12万吨/年乙苯/苯乙烯装置
1.08,ST010137,<p>%(m/m)</p>,2026-02-23 08:00:00,甲  苯,延炼12万吨/年乙苯/苯乙烯装置
39.53,ST010137,<p>%(m/m)</p>,2026-02-23 08:00:00,乙  苯,延炼12万吨/年乙苯/苯乙烯装置
1.02,ST010137,<p>%(m/m)</p>,2026-02-23 08:00:00,二甲苯,延炼12万吨/年乙苯/苯乙烯装置
0.00,ST010137,<p>%(m/m)</p>,2026-02-23 08:00:00,异丙苯,延炼12万吨/年乙苯/苯乙烯装置
0.00,ST010137,<p>%(m/m)</p>,2026-02-23 08:00:00,正丙苯,延炼12万吨/年乙苯/苯乙烯装置
0.00,ST010137,<p>%(m/m)</p>,2026-02-23 08:00:00,甲乙苯,延炼12万吨/年乙苯/苯乙烯装置
58.00,ST010137,<p>%(m/m)</p>,2026-02-23 08:00:00,苯乙烯,延炼12万吨/年乙苯/苯乙烯装置
0.01,ST010137,<p>%(m/m)</p>,2026-02-23 08:00:00,α甲基苯乙烯,延炼12万吨/年乙苯/苯乙烯装置
0.00,ST010137,<p>%(m/m)</p>,2026-02-23 08:00:00,苯乙炔,延炼12万吨/年乙苯/苯乙烯装置
0.00,ST010137,<p>%(m/m)</p>,2026-02-23 08:00:00,间、对甲基苯乙烯,延炼12万吨/年乙苯/苯乙烯装置
0.11,ST010137,<p>%(m/m)</p>,2026-02-23 08:00:00,其  他,延炼12万吨/年乙苯/苯乙烯装置
0.00,ST010137,<p>%(m/m)</p>,2026-02-23 08:00:00,丙烯基苯,延炼12万吨/年乙苯/苯乙烯装置
0.00,ST010137,<p>%(m/m)</p>,2026-02-23 08:00:00,二氢噻喃,延炼12万吨/年乙苯/苯乙烯装置
0.00,ST010137,<p>%(m/m)</p>,2026-02-23 08:00:00,2-乙烯基噻吩,延炼12万吨/年乙苯/苯乙烯装置
58.05,ST010137,<p>%(m/m)</p>,2026-02-24 08:00:00,苯乙烯,延炼12万吨/年乙苯/苯乙烯装置
0.01,ST010137,<p>%(m/m)</p>,2026-02-24 08:00:00,α甲基苯乙烯,延炼12万吨/年乙苯/苯乙烯装置
0.00,ST010137,<p>%(m/m)</p>,2026-02-24 08:00:00,苯乙炔,延炼12万吨/年乙苯/苯乙烯装置
0.00,ST010137,<p>%(m/m)</p>,2026-02-24 08:00:00,间、对甲基苯乙烯,延炼12万吨/年乙苯/苯乙烯装置
0.11,ST010137,<p>%(m/m)</p>,2026-02-24 08:00:00,其  他,延炼12万吨/年乙苯/苯乙烯装置
0.00,ST010137,<p>%(m/m)</p>,2026-02-24 08:00:00,丙烯基苯,延炼12万吨/年乙苯/苯乙烯装置
0.00,ST010137,<p>%(m/m)</p>,2026-02-24 08:00:00,二氢噻喃,延炼12万吨/年乙苯/苯乙烯装置
0.00,ST010137,<p>%(m/m)</p>,2026-02-24 08:00:00,2-乙烯基噻吩,延炼12万吨/年乙苯/苯乙烯装置
0.07,ST010137,<p>%(m/m)</p>,2026-02-24 08:00:00,非  芳,延炼12万吨/年乙苯/苯乙烯装置
0.39,ST010137,<p>%(m/m)</p>,2026-02-24 08:00:00,苯,延炼12万吨/年乙苯/苯乙烯装置
1.05,ST010137,<p>%(m/m)</p>,2026-02-24 08:00:00,甲  苯,延炼12万吨/年乙苯/苯乙烯装置
39.21,ST010137,<p>%(m/m)</p>,2026-02-24 08:00:00,乙  苯,延炼12万吨/年乙苯/苯乙烯装置
1.11,ST010137,<p>%(m/m)</p>,2026-02-24 08:00:00,二甲苯,延炼12万吨/年乙苯/苯乙烯装置
0.00,ST010137,<p>%(m/m)</p>,2026-02-24 08:00:00,异丙苯,延炼12万吨/年乙苯/苯乙烯装置
0.00,ST010137,<p>%(m/m)</p>,2026-02-24 08:00:00,正丙苯,延炼12万吨/年乙苯/苯乙烯装置
0.00,ST010137,<p>%(m/m)</p>,2026-02-24 08:00:00,甲乙苯,延炼12万吨/年乙苯/苯乙烯装置
0.09,ST010137,<p>%(m/m)</p>,2026-02-25 08:00:00,非  芳,延炼12万吨/年乙苯/苯乙烯装置
0.38,ST010137,<p>%(m/m)</p>,2026-02-25 08:00:00,苯,延炼12万吨/年乙苯/苯乙烯装置
1.04,ST010137,<p>%(m/m)</p>,2026-02-25 08:00:00,甲  苯,延炼12万吨/年乙苯/苯乙烯装置
38.52,ST010137,<p>%(m/m)</p>,2026-02-25 08:00:00,乙  苯,延炼12万吨/年乙苯/苯乙烯装置
1.21,ST010137,<p>%(m/m)</p>,2026-02-25 08:00:00,二甲苯,延炼12万吨/年乙苯/苯乙烯装置
0.00,ST010137,<p>%(m/m)</p>,2026-02-25 08:00:00,异丙苯,延炼12万吨/年乙苯/苯乙烯装置
0.00,ST010137,<p>%(m/m)</p>,2026-02-25 08:00:00,正丙苯,延炼12万吨/年乙苯/苯乙烯装置
0.00,ST010137,<p>%(m/m)</p>,2026-02-25 08:00:00,甲乙苯,延炼12万吨/年乙苯/苯乙烯装置
58.61,ST010137,<p>%(m/m)</p>,2026-02-25 08:00:00,苯乙烯,延炼12万吨/年乙苯/苯乙烯装置
0.01,ST010137,<p>%(m/m)</p>,2026-02-25 08:00:00,α甲基苯乙烯,延炼12万吨/年乙苯/苯乙烯装置
0.00,ST010137,<p>%(m/m)</p>,2026-02-25 08:00:00,苯乙炔,延炼12万吨/年乙苯/苯乙烯装置
0.00,ST010137,<p>%(m/m)</p>,2026-02-25 08:00:00,间、对甲基苯乙烯,延炼12万吨/年乙苯/苯乙烯装置
0.12,ST010137,<p>%(m/m)</p>,2026-02-25 08:00:00,其  他,延炼12万吨/年乙苯/苯乙烯装置
0.00,ST010137,<p>%(m/m)</p>,2026-02-25 08:00:00,丙烯基苯,延炼12万吨/年乙苯/苯乙烯装置
0.00,ST010137,<p>%(m/m)</p>,2026-02-25 08:00:00,二氢噻喃,延炼12万吨/年乙苯/苯乙烯装置
0.01,ST010137,<p>%(m/m)</p>,2026-02-25 08:00:00,2-乙烯基噻吩,延炼12万吨/年乙苯/苯乙烯装置
0.08,ST010137,<p>%(m/m)</p>,2026-02-26 08:00:00,非  芳,延炼12万吨/年乙苯/苯乙烯装置
0.38,ST010137,<p>%(m/m)</p>,2026-02-26 08:00:00,苯,延炼12万吨/年乙苯/苯乙烯装置
1.03,ST010137,<p>%(m/m)</p>,2026-02-26 08:00:00,甲  苯,延炼12万吨/年乙苯/苯乙烯装置
39.04,ST010137,<p>%(m/m)</p>,2026-02-26 08:00:00,乙  苯,延炼12万吨/年乙苯/苯乙烯装置
1.17,ST010137,<p>%(m/m)</p>,2026-02-26 08:00:00,二甲苯,延炼12万吨/年乙苯/苯乙烯装置
0.00,ST010137,<p>%(m/m)</p>,2026-02-26 08:00:00,异丙苯,延炼12万吨/年乙苯/苯乙烯装置
0.00,ST010137,<p>%(m/m)</p>,2026-02-26 08:00:00,正丙苯,延炼12万吨/年乙苯/苯乙烯装置
0.00,ST010137,<p>%(m/m)</p>,2026-02-26 08:00:00,甲乙苯,延炼12万吨/年乙苯/苯乙烯装置
58.14,ST010137,<p>%(m/m)</p>,2026-02-26 08:00:00,苯乙烯,延炼12万吨/年乙苯/苯乙烯装置
0.01,ST010137,<p>%(m/m)</p>,2026-02-26 08:00:00,α甲基苯乙烯,延炼12万吨/年乙苯/苯乙烯装置
0.00,ST010137,<p>%(m/m)</p>,2026-02-26 08:00:00,苯乙炔,延炼12万吨/年乙苯/苯乙烯装置
0.00,ST010137,<p>%(m/m)</p>,2026-02-26 08:00:00,间、对甲基苯乙烯,延炼12万吨/年乙苯/苯乙烯装置
0.13,ST010137,<p>%(m/m)</p>,2026-02-26 08:00:00,其  他,延炼12万吨/年乙苯/苯乙烯装置
0.002,ST010137,<p>%(m/m)</p>,2026-02-26 08:00:00,二乙基苯,延炼12万吨/年乙苯/苯乙烯装置
0.00,ST010137,<p>%(m/m)</p>,2026-02-26 08:00:00,丙烯基苯,延炼12万吨/年乙苯/苯乙烯装置
0.00,ST010137,<p>%(m/m)</p>,2026-02-26 08:00:00,二氢噻喃,延炼12万吨/年乙苯/苯乙烯装置
0.01,ST010137,<p>%(m/m)</p>,2026-02-26 08:00:00,2-乙烯基噻吩,延炼12万吨/年乙苯/苯乙烯装置
0.08,ST010137,<p>%(m/m)</p>,2026-02-27 08:00:00,非  芳,延炼12万吨/年乙苯/苯乙烯装置
0.15,ST010137,<p>%(m/m)</p>,2026-02-27 08:00:00,苯,延炼12万吨/年乙苯/苯乙烯装置
1.00,ST010137,<p>%(m/m)</p>,2026-02-27 08:00:00,甲  苯,延炼12万吨/年乙苯/苯乙烯装置
39.57,ST010137,<p>%(m/m)</p>,2026-02-27 08:00:00,乙  苯,延炼12万吨/年乙苯/苯乙烯装置
1.07,ST010137,<p>%(m/m)</p>,2026-02-27 08:00:00,二甲苯,延炼12万吨/年乙苯/苯乙烯装置
0.00,ST010137,<p>%(m/m)</p>,2026-02-27 08:00:00,异丙苯,延炼12万吨/年乙苯/苯乙烯装置
0.00,ST010137,<p>%(m/m)</p>,2026-02-27 08:00:00,正丙苯,延炼12万吨/年乙苯/苯乙烯装置
0.00,ST010137,<p>%(m/m)</p>,2026-02-27 08:00:00,甲乙苯,延炼12万吨/年乙苯/苯乙烯装置
57.97,ST010137,<p>%(m/m)</p>,2026-02-27 08:00:00,苯乙烯,延炼12万吨/年乙苯/苯乙烯装置
0.01,ST010137,<p>%(m/m)</p>,2026-02-27 08:00:00,α甲基苯乙烯,延炼12万吨/年乙苯/苯乙烯装置
0.00,ST010137,<p>%(m/m)</p>,2026-02-27 08:00:00,苯乙炔,延炼12万吨/年乙苯/苯乙烯装置
0.00,ST010137,<p>%(m/m)</p>,2026-02-27 08:00:00,间、对甲基苯乙烯,延炼12万吨/年乙苯/苯乙烯装置
0.13,ST010137,<p>%(m/m)</p>,2026-02-27 08:00:00,其  他,延炼12万吨/年乙苯/苯乙烯装置
0.00,ST010137,<p>%(m/m)</p>,2026-02-27 08:00:00,丙烯基苯,延炼12万吨/年乙苯/苯乙烯装置
0.00,ST010137,<p>%(m/m)</p>,2026-02-27 08:00:00,二氢噻喃,延炼12万吨/年乙苯/苯乙烯装置
0.01,ST010137,<p>%(m/m)</p>,2026-02-27 08:00:00,2-乙烯基噻吩,延炼12万吨/年乙苯/苯乙烯装置
0.08,ST010137,<p>%(m/m)</p>,2026-02-28 08:00:00,非  芳,延炼12万吨/年乙苯/苯乙烯装置
0.15,ST010137,<p>%(m/m)</p>,2026-02-28 08:00:00,苯,延炼12万吨/年乙苯/苯乙烯装置
1.10,ST010137,<p>%(m/m)</p>,2026-02-28 08:00:00,甲  苯,延炼12万吨/年乙苯/苯乙烯装置
39.75,ST010137,<p>%(m/m)</p>,2026-02-28 08:00:00,乙  苯,延炼12万吨/年乙苯/苯乙烯装置
1.21,ST010137,<p>%(m/m)</p>,2026-02-28 08:00:00,二甲苯,延炼12万吨/年乙苯/苯乙烯装置
0.00,ST010137,<p>%(m/m)</p>,2026-02-28 08:00:00,异丙苯,延炼12万吨/年乙苯/苯乙烯装置
0.00,ST010137,<p>%(m/m)</p>,2026-02-28 08:00:00,正丙苯,延炼12万吨/年乙苯/苯乙烯装置
0.00,ST010137,<p>%(m/m)</p>,2026-02-28 08:00:00,甲乙苯,延炼12万吨/年乙苯/苯乙烯装置
57.56,ST010137,<p>%(m/m)</p>,2026-02-28 08:00:00,苯乙烯,延炼12万吨/年乙苯/苯乙烯装置
0.01,ST010137,<p>%(m/m)</p>,2026-02-28 08:00:00,α甲基苯乙烯,延炼12万吨/年乙苯/苯乙烯装置
0.00,ST010137,<p>%(m/m)</p>,2026-02-28 08:00:00,苯乙炔,延炼12万吨/年乙苯/苯乙烯装置
0.00,ST010137,<p>%(m/m)</p>,2026-02-28 08:00:00,间、对甲基苯乙烯,延炼12万吨/年乙苯/苯乙烯装置
0.12,ST010137,<p>%(m/m)</p>,2026-02-28 08:00:00,其  他,延炼12万吨/年乙苯/苯乙烯装置
0.00,ST010137,<p>%(m/m)</p>,2026-02-28 08:00:00,丙烯基苯,延炼12万吨/年乙苯/苯乙烯装置
0.00,ST010137,<p>%(m/m)</p>,2026-02-28 08:00:00,二氢噻喃,延炼12万吨/年乙苯/苯乙烯装置
0.01,ST010137,<p>%(m/m)</p>,2026-02-28 08:00:00,2-乙烯基噻吩,延炼12万吨/年乙苯/苯乙烯装置
0.08,ST010137,<p>%(m/m)</p>,2026-03-01 08:00:00,非  芳,延炼12万吨/年乙苯/苯乙烯装置
0.37,ST010137,<p>%(m/m)</p>,2026-03-01 08:00:00,苯,延炼12万吨/年乙苯/苯乙烯装置
0.97,ST010137,<p>%(m/m)</p>,2026-03-01 08:00:00,甲  苯,延炼12万吨/年乙苯/苯乙烯装置
40.67,ST010137,<p>%(m/m)</p>,2026-03-01 08:00:00,乙  苯,延炼12万吨/年乙苯/苯乙烯装置
0.99,ST010137,<p>%(m/m)</p>,2026-03-01 08:00:00,二甲苯,延炼12万吨/年乙苯/苯乙烯装置
0.00,ST010137,<p>%(m/m)</p>,2026-03-01 08:00:00,异丙苯,延炼12万吨/年乙苯/苯乙烯装置
0.00,ST010137,<p>%(m/m)</p>,2026-03-01 08:00:00,正丙苯,延炼12万吨/年乙苯/苯乙烯装置
0.00,ST010137,<p>%(m/m)</p>,2026-03-01 08:00:00,甲乙苯,延炼12万吨/年乙苯/苯乙烯装置
56.80,ST010137,<p>%(m/m)</p>,2026-03-01 08:00:00,苯乙烯,延炼12万吨/年乙苯/苯乙烯装置
0.01,ST010137,<p>%(m/m)</p>,2026-03-01 08:00:00,α甲基苯乙烯,延炼12万吨/年乙苯/苯乙烯装置
0.00,ST010137,<p>%(m/m)</p>,2026-03-01 08:00:00,苯乙炔,延炼12万吨/年乙苯/苯乙烯装置
0.00,ST010137,<p>%(m/m)</p>,2026-03-01 08:00:00,间、对甲基苯乙烯,延炼12万吨/年乙苯/苯乙烯装置
0.11,ST010137,<p>%(m/m)</p>,2026-03-01 08:00:00,其  他,延炼12万吨/年乙苯/苯乙烯装置
0.00,ST010137,<p>%(m/m)</p>,2026-03-01 08:00:00,丙烯基苯,延炼12万吨/年乙苯/苯乙烯装置
0.00,ST010137,<p>%(m/m)</p>,2026-03-01 08:00:00,二氢噻喃,延炼12万吨/年乙苯/苯乙烯装置
0.01,ST010137,<p>%(m/m)</p>,2026-03-01 08:00:00,2-乙烯基噻吩,延炼12万吨/年乙苯/苯乙烯装置
0.09,ST010137,<p>%(m/m)</p>,2026-03-02 08:00:00,非  芳,延炼12万吨/年乙苯/苯乙烯装置
0.37,ST010137,<p>%(m/m)</p>,2026-03-02 08:00:00,苯,延炼12万吨/年乙苯/苯乙烯装置
1.00,ST010137,<p>%(m/m)</p>,2026-03-02 08:00:00,甲  苯,延炼12万吨/年乙苯/苯乙烯装置
40.04,ST010137,<p>%(m/m)</p>,2026-03-02 08:00:00,乙  苯,延炼12万吨/年乙苯/苯乙烯装置
1.21,ST010137,<p>%(m/m)</p>,2026-03-02 08:00:00,二甲苯,延炼12万吨/年乙苯/苯乙烯装置
0.00,ST010137,<p>%(m/m)</p>,2026-03-02 08:00:00,异丙苯,延炼12万吨/年乙苯/苯乙烯装置
0.00,ST010137,<p>%(m/m)</p>,2026-03-02 08:00:00,正丙苯,延炼12万吨/年乙苯/苯乙烯装置
0.00,ST010137,<p>%(m/m)</p>,2026-03-02 08:00:00,甲乙苯,延炼12万吨/年乙苯/苯乙烯装置
57.14,ST010137,<p>%(m/m)</p>,2026-03-02 08:00:00,苯乙烯,延炼12万吨/年乙苯/苯乙烯装置
0.01,ST010137,<p>%(m/m)</p>,2026-03-02 08:00:00,α甲基苯乙烯,延炼12万吨/年乙苯/苯乙烯装置
0.00,ST010137,<p>%(m/m)</p>,2026-03-02 08:00:00,苯乙炔,延炼12万吨/年乙苯/苯乙烯装置
0.00,ST010137,<p>%(m/m)</p>,2026-03-02 08:00:00,间、对甲基苯乙烯,延炼12万吨/年乙苯/苯乙烯装置
0.13,ST010137,<p>%(m/m)</p>,2026-03-02 08:00:00,其  他,延炼12万吨/年乙苯/苯乙烯装置
0.00,ST010137,<p>%(m/m)</p>,2026-03-02 08:00:00,丙烯基苯,延炼12万吨/年乙苯/苯乙烯装置
0.00,ST010137,<p>%(m/m)</p>,2026-03-02 08:00:00,二氢噻喃,延炼12万吨/年乙苯/苯乙烯装置
0.01,ST010137,<p>%(m/m)</p>,2026-03-02 08:00:00,2-乙烯基噻吩,延炼12万吨/年乙苯/苯乙烯装置
0.08,ST010137,<p>%(m/m)</p>,2026-03-03 08:00:00,非  芳,延炼12万吨/年乙苯/苯乙烯装置
0.16,ST010137,<p>%(m/m)</p>,2026-03-03 08:00:00,苯,延炼12万吨/年乙苯/苯乙烯装置
0.95,ST010137,<p>%(m/m)</p>,2026-03-03 08:00:00,甲  苯,延炼12万吨/年乙苯/苯乙烯装置
40.48,ST010137,<p>%(m/m)</p>,2026-03-03 08:00:00,乙  苯,延炼12万吨/年乙苯/苯乙烯装置
1.09,ST010137,<p>%(m/m)</p>,2026-03-03 08:00:00,二甲苯,延炼12万吨/年乙苯/苯乙烯装置
0.00,ST010137,<p>%(m/m)</p>,2026-03-03 08:00:00,异丙苯,延炼12万吨/年乙苯/苯乙烯装置
0.00,ST010137,<p>%(m/m)</p>,2026-03-03 08:00:00,正丙苯,延炼12万吨/年乙苯/苯乙烯装置
0.00,ST010137,<p>%(m/m)</p>,2026-03-03 08:00:00,甲乙苯,延炼12万吨/年乙苯/苯乙烯装置
57.08,ST010137,<p>%(m/m)</p>,2026-03-03 08:00:00,苯乙烯,延炼12万吨/年乙苯/苯乙烯装置
0.00,ST010137,<p>%(m/m)</p>,2026-03-03 08:00:00,苯乙炔,延炼12万吨/年乙苯/苯乙烯装置
0.00,ST010137,<p>%(m/m)</p>,2026-03-03 08:00:00,间、对甲基苯乙烯,延炼12万吨/年乙苯/苯乙烯装置
0.13,ST010137,<p>%(m/m)</p>,2026-03-03 08:00:00,其  他,延炼12万吨/年乙苯/苯乙烯装置
0.00,ST010137,<p>%(m/m)</p>,2026-03-03 08:00:00,丙烯基苯,延炼12万吨/年乙苯/苯乙烯装置
0.00,ST010137,<p>%(m/m)</p>,2026-03-03 08:00:00,二氢噻喃,延炼12万吨/年乙苯/苯乙烯装置
0.01,ST010137,<p>%(m/m)</p>,2026-03-03 08:00:00,2-乙烯基噻吩,延炼12万吨/年乙苯/苯乙烯装置
0.01,ST010137,<p>%(m/m)</p>,2026-03-03 08:00:00,α甲基苯乙烯,延炼12万吨/年乙苯/苯乙烯装置
41.18,ST010137,<p>%(m/m)</p>,2026-03-04 08:00:00,乙  苯,延炼12万吨/年乙苯/苯乙烯装置
0.96,ST010137,<p>%(m/m)</p>,2026-03-04 08:00:00,二甲苯,延炼12万吨/年乙苯/苯乙烯装置
0.00,ST010137,<p>%(m/m)</p>,2026-03-04 08:00:00,异丙苯,延炼12万吨/年乙苯/苯乙烯装置
0.00,ST010137,<p>%(m/m)</p>,2026-03-04 08:00:00,正丙苯,延炼12万吨/年乙苯/苯乙烯装置
0.00,ST010137,<p>%(m/m)</p>,2026-03-04 08:00:00,甲乙苯,延炼12万吨/年乙苯/苯乙烯装置
56.53,ST010137,<p>%(m/m)</p>,2026-03-04 08:00:00,苯乙烯,延炼12万吨/年乙苯/苯乙烯装置
0.01,ST010137,<p>%(m/m)</p>,2026-03-04 08:00:00,α甲基苯乙烯,延炼12万吨/年乙苯/苯乙烯装置
0.00,ST010137,<p>%(m/m)</p>,2026-03-04 08:00:00,苯乙炔,延炼12万吨/年乙苯/苯乙烯装置
0.00,ST010137,<p>%(m/m)</p>,2026-03-04 08:00:00,间、对甲基苯乙烯,延炼12万吨/年乙苯/苯乙烯装置
0.11,ST010137,<p>%(m/m)</p>,2026-03-04 08:00:00,其  他,延炼12万吨/年乙苯/苯乙烯装置
0.00,ST010137,<p>%(m/m)</p>,2026-03-04 08:00:00,丙烯基苯,延炼12万吨/年乙苯/苯乙烯装置
0.00,ST010137,<p>%(m/m)</p>,2026-03-04 08:00:00,二氢噻喃,延炼12万吨/年乙苯/苯乙烯装置
0.01,ST010137,<p>%(m/m)</p>,2026-03-04 08:00:00,2-乙烯基噻吩,延炼12万吨/年乙苯/苯乙烯装置
0.08,ST010137,<p>%(m/m)</p>,2026-03-04 08:00:00,非  芳,延炼12万吨/年乙苯/苯乙烯装置
0.16,ST010137,<p>%(m/m)</p>,2026-03-04 08:00:00,苯,延炼12万吨/年乙苯/苯乙烯装置
0.96,ST010137,<p>%(m/m)</p>,2026-03-04 08:00:00,甲  苯,延炼12万吨/年乙苯/苯乙烯装置
0.07,ST010137,<p>%(m/m)</p>,2026-03-05 08:00:00,非  芳,延炼12万吨/年乙苯/苯乙烯装置
0.46,ST010137,<p>%(m/m)</p>,2026-03-05 08:00:00,苯,延炼12万吨/年乙苯/苯乙烯装置
1.23,ST010137,<p>%(m/m)</p>,2026-03-05 08:00:00,甲  苯,延炼12万吨/年乙苯/苯乙烯装置
39.82,ST010137,<p>%(m/m)</p>,2026-03-05 08:00:00,乙  苯,延炼12万吨/年乙苯/苯乙烯装置
1.02,ST010137,<p>%(m/m)</p>,2026-03-05 08:00:00,二甲苯,延炼12万吨/年乙苯/苯乙烯装置
0.00,ST010137,<p>%(m/m)</p>,2026-03-05 08:00:00,异丙苯,延炼12万吨/年乙苯/苯乙烯装置
0.00,ST010137,<p>%(m/m)</p>,2026-03-05 08:00:00,正丙苯,延炼12万吨/年乙苯/苯乙烯装置
0.00,ST010137,<p>%(m/m)</p>,2026-03-05 08:00:00,甲乙苯,延炼12万吨/年乙苯/苯乙烯装置
57.18,ST010137,<p>%(m/m)</p>,2026-03-05 08:00:00,苯乙烯,延炼12万吨/年乙苯/苯乙烯装置
0.01,ST010137,<p>%(m/m)</p>,2026-03-05 08:00:00,α甲基苯乙烯,延炼12万吨/年乙苯/苯乙烯装置
0.00,ST010137,<p>%(m/m)</p>,2026-03-05 08:00:00,苯乙炔,延炼12万吨/年乙苯/苯乙烯装置
0.00,ST010137,<p>%(m/m)</p>,2026-03-05 08:00:00,间、对甲基苯乙烯,延炼12万吨/年乙苯/苯乙烯装置
0.18,ST010137,<p>%(m/m)</p>,2026-03-05 08:00:00,其  他,延炼12万吨/年乙苯/苯乙烯装置
0.004,ST010137,<p>%(m/m)</p>,2026-03-05 08:00:00,二乙基苯,延炼12万吨/年乙苯/苯乙烯装置
0.00,ST010137,<p>%(m/m)</p>,2026-03-05 08:00:00,丙烯基苯,延炼12万吨/年乙苯/苯乙烯装置
0.00,ST010137,<p>%(m/m)</p>,2026-03-05 08:00:00,二氢噻喃,延炼12万吨/年乙苯/苯乙烯装置
0.01,ST010137,<p>%(m/m)</p>,2026-03-05 08:00:00,2-乙烯基噻吩,延炼12万吨/年乙苯/苯乙烯装置
0.07,ST010137,<p>%(m/m)</p>,2026-03-06 08:00:00,非  芳,延炼12万吨/年乙苯/苯乙烯装置
0.15,ST010137,<p>%(m/m)</p>,2026-03-06 08:00:00,苯,延炼12万吨/年乙苯/苯乙烯装置
1.00,ST010137,<p>%(m/m)</p>,2026-03-06 08:00:00,甲  苯,延炼12万吨/年乙苯/苯乙烯装置
38.98,ST010137,<p>%(m/m)</p>,2026-03-06 08:00:00,乙  苯,延炼12万吨/年乙苯/苯乙烯装置
1.05,ST010137,<p>%(m/m)</p>,2026-03-06 08:00:00,二甲苯,延炼12万吨/年乙苯/苯乙烯装置
0.00,ST010137,<p>%(m/m)</p>,2026-03-06 08:00:00,异丙苯,延炼12万吨/年乙苯/苯乙烯装置
0.00,ST010137,<p>%(m/m)</p>,2026-03-06 08:00:00,正丙苯,延炼12万吨/年乙苯/苯乙烯装置
0.00,ST010137,<p>%(m/m)</p>,2026-03-06 08:00:00,甲乙苯,延炼12万吨/年乙苯/苯乙烯装置
58.58,ST010137,<p>%(m/m)</p>,2026-03-06 08:00:00,苯乙烯,延炼12万吨/年乙苯/苯乙烯装置
0.01,ST010137,<p>%(m/m)</p>,2026-03-06 08:00:00,α甲基苯乙烯,延炼12万吨/年乙苯/苯乙烯装置
0.00,ST010137,<p>%(m/m)</p>,2026-03-06 08:00:00,苯乙炔,延炼12万吨/年乙苯/苯乙烯装置
0.00,ST010137,<p>%(m/m)</p>,2026-03-06 08:00:00,间、对甲基苯乙烯,延炼12万吨/年乙苯/苯乙烯装置
0.14,ST010137,<p>%(m/m)</p>,2026-03-06 08:00:00,其  他,延炼12万吨/年乙苯/苯乙烯装置
0.00,ST010137,<p>%(m/m)</p>,2026-03-06 08:00:00,丙烯基苯,延炼12万吨/年乙苯/苯乙烯装置
0.00,ST010137,<p>%(m/m)</p>,2026-03-06 08:00:00,二氢噻喃,延炼12万吨/年乙苯/苯乙烯装置
0.01,ST010137,<p>%(m/m)</p>,2026-03-06 08:00:00,2-乙烯基噻吩,延炼12万吨/年乙苯/苯乙烯装置
0.08,ST010137,<p>%(m/m)</p>,2026-03-07 08:00:00,非  芳,延炼12万吨/年乙苯/苯乙烯装置
0.16,ST010137,<p>%(m/m)</p>,2026-03-07 08:00:00,苯,延炼12万吨/年乙苯/苯乙烯装置
0.99,ST010137,<p>%(m/m)</p>,2026-03-07 08:00:00,甲  苯,延炼12万吨/年乙苯/苯乙烯装置
38.76,ST010137,<p>%(m/m)</p>,2026-03-07 08:00:00,乙  苯,延炼12万吨/年乙苯/苯乙烯装置
1.08,ST010137,<p>%(m/m)</p>,2026-03-07 08:00:00,二甲苯,延炼12万吨/年乙苯/苯乙烯装置
0.00,ST010137,<p>%(m/m)</p>,2026-03-07 08:00:00,异丙苯,延炼12万吨/年乙苯/苯乙烯装置
0.00,ST010137,<p>%(m/m)</p>,2026-03-07 08:00:00,正丙苯,延炼12万吨/年乙苯/苯乙烯装置
0.00,ST010137,<p>%(m/m)</p>,2026-03-07 08:00:00,甲乙苯,延炼12万吨/年乙苯/苯乙烯装置
58.80,ST010137,<p>%(m/m)</p>,2026-03-07 08:00:00,苯乙烯,延炼12万吨/年乙苯/苯乙烯装置
0.01,ST010137,<p>%(m/m)</p>,2026-03-07 08:00:00,α甲基苯乙烯,延炼12万吨/年乙苯/苯乙烯装置
0.00,ST010137,<p>%(m/m)</p>,2026-03-07 08:00:00,苯乙炔,延炼12万吨/年乙苯/苯乙烯装置
0.00,ST010137,<p>%(m/m)</p>,2026-03-07 08:00:00,间、对甲基苯乙烯,延炼12万吨/年乙苯/苯乙烯装置
0.11,ST010137,<p>%(m/m)</p>,2026-03-07 08:00:00,其  他,延炼12万吨/年乙苯/苯乙烯装置
0.00,ST010137,<p>%(m/m)</p>,2026-03-07 08:00:00,丙烯基苯,延炼12万吨/年乙苯/苯乙烯装置
0.00,ST010137,<p>%(m/m)</p>,2026-03-07 08:00:00,二氢噻喃,延炼12万吨/年乙苯/苯乙烯装置
0.01,ST010137,<p>%(m/m)</p>,2026-03-07 08:00:00,2-乙烯基噻吩,延炼12万吨/年乙苯/苯乙烯装置
0.09,ST010137,<p>%(m/m)</p>,2026-03-08 08:00:00,非  芳,延炼12万吨/年乙苯/苯乙烯装置
0.20,ST010137,<p>%(m/m)</p>,2026-03-08 08:00:00,苯,延炼12万吨/年乙苯/苯乙烯装置
1.26,ST010137,<p>%(m/m)</p>,2026-03-08 08:00:00,甲  苯,延炼12万吨/年乙苯/苯乙烯装置
39.68,ST010137,<p>%(m/m)</p>,2026-03-08 08:00:00,乙  苯,延炼12万吨/年乙苯/苯乙烯装置
1.15,ST010137,<p>%(m/m)</p>,2026-03-08 08:00:00,二甲苯,延炼12万吨/年乙苯/苯乙烯装置
0.00,ST010137,<p>%(m/m)</p>,2026-03-08 08:00:00,异丙苯,延炼12万吨/年乙苯/苯乙烯装置
0.00,ST010137,<p>%(m/m)</p>,2026-03-08 08:00:00,正丙苯,延炼12万吨/年乙苯/苯乙烯装置
0.00,ST010137,<p>%(m/m)</p>,2026-03-08 08:00:00,甲乙苯,延炼12万吨/年乙苯/苯乙烯装置
57.48,ST010137,<p>%(m/m)</p>,2026-03-08 08:00:00,苯乙烯,延炼12万吨/年乙苯/苯乙烯装置
0.01,ST010137,<p>%(m/m)</p>,2026-03-08 08:00:00,α甲基苯乙烯,延炼12万吨/年乙苯/苯乙烯装置
0.00,ST010137,<p>%(m/m)</p>,2026-03-08 08:00:00,苯乙炔,延炼12万吨/年乙苯/苯乙烯装置
0.00,ST010137,<p>%(m/m)</p>,2026-03-08 08:00:00,间、对甲基苯乙烯,延炼12万吨/年乙苯/苯乙烯装置
0.11,ST010137,<p>%(m/m)</p>,2026-03-08 08:00:00,其  他,延炼12万吨/年乙苯/苯乙烯装置
0.00,ST010137,<p>%(m/m)</p>,2026-03-08 08:00:00,丙烯基苯,延炼12万吨/年乙苯/苯乙烯装置
0.00,ST010137,<p>%(m/m)</p>,2026-03-08 08:00:00,二氢噻喃,延炼12万吨/年乙苯/苯乙烯装置
0.01,ST010137,<p>%(m/m)</p>,2026-03-08 08:00:00,2-乙烯基噻吩,延炼12万吨/年乙苯/苯乙烯装置
0.07,ST010137,<p>%(m/m)</p>,2026-03-09 08:00:00,非  芳,延炼12万吨/年乙苯/苯乙烯装置
0.19,ST010137,<p>%(m/m)</p>,2026-03-09 08:00:00,苯,延炼12万吨/年乙苯/苯乙烯装置
1.07,ST010137,<p>%(m/m)</p>,2026-03-09 08:00:00,甲  苯,延炼12万吨/年乙苯/苯乙烯装置
39.07,ST010137,<p>%(m/m)</p>,2026-03-09 08:00:00,乙  苯,延炼12万吨/年乙苯/苯乙烯装置
1.01,ST010137,<p>%(m/m)</p>,2026-03-09 08:00:00,二甲苯,延炼12万吨/年乙苯/苯乙烯装置
0.00,ST010137,<p>%(m/m)</p>,2026-03-09 08:00:00,异丙苯,延炼12万吨/年乙苯/苯乙烯装置
0.00,ST010137,<p>%(m/m)</p>,2026-03-09 08:00:00,正丙苯,延炼12万吨/年乙苯/苯乙烯装置
0.00,ST010137,<p>%(m/m)</p>,2026-03-09 08:00:00,甲乙苯,延炼12万吨/年乙苯/苯乙烯装置
58.47,ST010137,<p>%(m/m)</p>,2026-03-09 08:00:00,苯乙烯,延炼12万吨/年乙苯/苯乙烯装置
0.01,ST010137,<p>%(m/m)</p>,2026-03-09 08:00:00,α甲基苯乙烯,延炼12万吨/年乙苯/苯乙烯装置
0.00,ST010137,<p>%(m/m)</p>,2026-03-09 08:00:00,苯乙炔,延炼12万吨/年乙苯/苯乙烯装置
0.00,ST010137,<p>%(m/m)</p>,2026-03-09 08:00:00,间、对甲基苯乙烯,延炼12万吨/年乙苯/苯乙烯装置
0.10,ST010137,<p>%(m/m)</p>,2026-03-09 08:00:00,其  他,延炼12万吨/年乙苯/苯乙烯装置
0.00,ST010137,<p>%(m/m)</p>,2026-03-09 08:00:00,丙烯基苯,延炼12万吨/年乙苯/苯乙烯装置
0.00,ST010137,<p>%(m/m)</p>,2026-03-09 08:00:00,二氢噻喃,延炼12万吨/年乙苯/苯乙烯装置
0.01,ST010137,<p>%(m/m)</p>,2026-03-09 08:00:00,2-乙烯基噻吩,延炼12万吨/年乙苯/苯乙烯装置
0.07,ST010137,<p>%(m/m)</p>,2026-03-10 08:00:00,非  芳,延炼12万吨/年乙苯/苯乙烯装置
0.37,ST010137,<p>%(m/m)</p>,2026-03-10 08:00:00,苯,延炼12万吨/年乙苯/苯乙烯装置
0.99,ST010137,<p>%(m/m)</p>,2026-03-10 08:00:00,甲  苯,延炼12万吨/年乙苯/苯乙烯装置
38.91,ST010137,<p>%(m/m)</p>,2026-03-10 08:00:00,乙  苯,延炼12万吨/年乙苯/苯乙烯装置
1.00,ST010137,<p>%(m/m)</p>,2026-03-10 08:00:00,二甲苯,延炼12万吨/年乙苯/苯乙烯装置
0.00,ST010137,<p>%(m/m)</p>,2026-03-10 08:00:00,异丙苯,延炼12万吨/年乙苯/苯乙烯装置
0.00,ST010137,<p>%(m/m)</p>,2026-03-10 08:00:00,正丙苯,延炼12万吨/年乙苯/苯乙烯装置
0.00,ST010137,<p>%(m/m)</p>,2026-03-10 08:00:00,甲乙苯,延炼12万吨/年乙苯/苯乙烯装置
58.51,ST010137,<p>%(m/m)</p>,2026-03-10 08:00:00,苯乙烯,延炼12万吨/年乙苯/苯乙烯装置
0.01,ST010137,<p>%(m/m)</p>,2026-03-10 08:00:00,α甲基苯乙烯,延炼12万吨/年乙苯/苯乙烯装置
0.00,ST010137,<p>%(m/m)</p>,2026-03-10 08:00:00,苯乙炔,延炼12万吨/年乙苯/苯乙烯装置
0.00,ST010137,<p>%(m/m)</p>,2026-03-10 08:00:00,间、对甲基苯乙烯,延炼12万吨/年乙苯/苯乙烯装置
0.12,ST010137,<p>%(m/m)</p>,2026-03-10 08:00:00,其  他,延炼12万吨/年乙苯/苯乙烯装置
0.00,ST010137,<p>%(m/m)</p>,2026-03-10 08:00:00,丙烯基苯,延炼12万吨/年乙苯/苯乙烯装置
0.00,ST010137,<p>%(m/m)</p>,2026-03-10 08:00:00,二氢噻喃,延炼12万吨/年乙苯/苯乙烯装置
0.01,ST010137,<p>%(m/m)</p>,2026-03-10 08:00:00,2-乙烯基噻吩,延炼12万吨/年乙苯/苯乙烯装置
0.08,ST010137,<p>%(m/m)</p>,2026-03-11 08:00:00,非  芳,延炼12万吨/年乙苯/苯乙烯装置
0.37,ST010137,<p>%(m/m)</p>,2026-03-11 08:00:00,苯,延炼12万吨/年乙苯/苯乙烯装置
0.56,ST010137,<p>%(m/m)</p>,2026-03-11 08:00:00,甲  苯,延炼12万吨/年乙苯/苯乙烯装置
39.29,ST010137,<p>%(m/m)</p>,2026-03-11 08:00:00,乙  苯,延炼12万吨/年乙苯/苯乙烯装置
1.07,ST010137,<p>%(m/m)</p>,2026-03-11 08:00:00,二甲苯,延炼12万吨/年乙苯/苯乙烯装置
0.00,ST010137,<p>%(m/m)</p>,2026-03-11 08:00:00,异丙苯,延炼12万吨/年乙苯/苯乙烯装置
0.00,ST010137,<p>%(m/m)</p>,2026-03-11 08:00:00,正丙苯,延炼12万吨/年乙苯/苯乙烯装置
0.00,ST010137,<p>%(m/m)</p>,2026-03-11 08:00:00,甲乙苯,延炼12万吨/年乙苯/苯乙烯装置
58.49,ST010137,<p>%(m/m)</p>,2026-03-11 08:00:00,苯乙烯,延炼12万吨/年乙苯/苯乙烯装置
0.01,ST010137,<p>%(m/m)</p>,2026-03-11 08:00:00,α甲基苯乙烯,延炼12万吨/年乙苯/苯乙烯装置
0.00,ST010137,<p>%(m/m)</p>,2026-03-11 08:00:00,苯乙炔,延炼12万吨/年乙苯/苯乙烯装置
0.00,ST010137,<p>%(m/m)</p>,2026-03-11 08:00:00,间、对甲基苯乙烯,延炼12万吨/年乙苯/苯乙烯装置
0.12,ST010137,<p>%(m/m)</p>,2026-03-11 08:00:00,其  他,延炼12万吨/年乙苯/苯乙烯装置
0.00,ST010137,<p>%(m/m)</p>,2026-03-11 08:00:00,丙烯基苯,延炼12万吨/年乙苯/苯乙烯装置
0.00,ST010137,<p>%(m/m)</p>,2026-03-11 08:00:00,二氢噻喃,延炼12万吨/年乙苯/苯乙烯装置
0.01,ST010137,<p>%(m/m)</p>,2026-03-11 08:00:00,2-乙烯基噻吩,延炼12万吨/年乙苯/苯乙烯装置
0.08,ST010137,<p>%(m/m)</p>,2026-03-12 08:00:00,非  芳,延炼12万吨/年乙苯/苯乙烯装置
0.17,ST010137,<p>%(m/m)</p>,2026-03-12 08:00:00,苯,延炼12万吨/年乙苯/苯乙烯装置
0.99,ST010137,<p>%(m/m)</p>,2026-03-12 08:00:00,甲  苯,延炼12万吨/年乙苯/苯乙烯装置
39.38,ST010137,<p>%(m/m)</p>,2026-03-12 08:00:00,乙  苯,延炼12万吨/年乙苯/苯乙烯装置
0.98,ST010137,<p>%(m/m)</p>,2026-03-12 08:00:00,二甲苯,延炼12万吨/年乙苯/苯乙烯装置
0.00,ST010137,<p>%(m/m)</p>,2026-03-12 08:00:00,异丙苯,延炼12万吨/年乙苯/苯乙烯装置
0.00,ST010137,<p>%(m/m)</p>,2026-03-12 08:00:00,正丙苯,延炼12万吨/年乙苯/苯乙烯装置
0.00,ST010137,<p>%(m/m)</p>,2026-03-12 08:00:00,甲乙苯,延炼12万吨/年乙苯/苯乙烯装置
58.16,ST010137,<p>%(m/m)</p>,2026-03-12 08:00:00,苯乙烯,延炼12万吨/年乙苯/苯乙烯装置
0.01,ST010137,<p>%(m/m)</p>,2026-03-12 08:00:00,α甲基苯乙烯,延炼12万吨/年乙苯/苯乙烯装置
0.00,ST010137,<p>%(m/m)</p>,2026-03-12 08:00:00,苯乙炔,延炼12万吨/年乙苯/苯乙烯装置
0.00,ST010137,<p>%(m/m)</p>,2026-03-12 08:00:00,间、对甲基苯乙烯,延炼12万吨/年乙苯/苯乙烯装置
0.20,ST010137,<p>%(m/m)</p>,2026-03-12 08:00:00,其  他,延炼12万吨/年乙苯/苯乙烯装置
0.005,ST010137,<p>%(m/m)</p>,2026-03-12 08:00:00,二乙基苯,延炼12万吨/年乙苯/苯乙烯装置
0.00,ST010137,<p>%(m/m)</p>,2026-03-12 08:00:00,丙烯基苯,延炼12万吨/年乙苯/苯乙烯装置
0.00,ST010137,<p>%(m/m)</p>,2026-03-12 08:00:00,二氢噻喃,延炼12万吨/年乙苯/苯乙烯装置
0.02,ST010137,<p>%(m/m)</p>,2026-03-12 08:00:00,2-乙烯基噻吩,延炼12万吨/年乙苯/苯乙烯装置
0.08,ST010137,<p>%(m/m)</p>,2026-03-13 08:00:00,非  芳,延炼12万吨/年乙苯/苯乙烯装置
0.18,ST010137,<p>%(m/m)</p>,2026-03-13 08:00:00,苯,延炼12万吨/年乙苯/苯乙烯装置
1.13,ST010137,<p>%(m/m)</p>,2026-03-13 08:00:00,甲  苯,延炼12万吨/年乙苯/苯乙烯装置
38.77,ST010137,<p>%(m/m)</p>,2026-03-13 08:00:00,乙  苯,延炼12万吨/年乙苯/苯乙烯装置
1.06,ST010137,<p>%(m/m)</p>,2026-03-13 08:00:00,二甲苯,延炼12万吨/年乙苯/苯乙烯装置
0.00,ST010137,<p>%(m/m)</p>,2026-03-13 08:00:00,异丙苯,延炼12万吨/年乙苯/苯乙烯装置
0.00,ST010137,<p>%(m/m)</p>,2026-03-13 08:00:00,正丙苯,延炼12万吨/年乙苯/苯乙烯装置
0.00,ST010137,<p>%(m/m)</p>,2026-03-13 08:00:00,甲乙苯,延炼12万吨/年乙苯/苯乙烯装置
58.61,ST010137,<p>%(m/m)</p>,2026-03-13 08:00:00,苯乙烯,延炼12万吨/年乙苯/苯乙烯装置
0.01,ST010137,<p>%(m/m)</p>,2026-03-13 08:00:00,α甲基苯乙烯,延炼12万吨/年乙苯/苯乙烯装置
0.00,ST010137,<p>%(m/m)</p>,2026-03-13 08:00:00,苯乙炔,延炼12万吨/年乙苯/苯乙烯装置
0.00,ST010137,<p>%(m/m)</p>,2026-03-13 08:00:00,间、对甲基苯乙烯,延炼12万吨/年乙苯/苯乙烯装置
0.15,ST010137,<p>%(m/m)</p>,2026-03-13 08:00:00,其  他,延炼12万吨/年乙苯/苯乙烯装置
0.00,ST010137,<p>%(m/m)</p>,2026-03-13 08:00:00,丙烯基苯,延炼12万吨/年乙苯/苯乙烯装置
0.00,ST010137,<p>%(m/m)</p>,2026-03-13 08:00:00,二氢噻喃,延炼12万吨/年乙苯/苯乙烯装置
0.01,ST010137,<p>%(m/m)</p>,2026-03-13 08:00:00,2-乙烯基噻吩,延炼12万吨/年乙苯/苯乙烯装置
0.08,ST010137,<p>%(m/m)</p>,2026-03-14 08:00:00,非  芳,延炼12万吨/年乙苯/苯乙烯装置
0.17,ST010137,<p>%(m/m)</p>,2026-03-14 08:00:00,苯,延炼12万吨/年乙苯/苯乙烯装置
1.03,ST010137,<p>%(m/m)</p>,2026-03-14 08:00:00,甲  苯,延炼12万吨/年乙苯/苯乙烯装置
39.91,ST010137,<p>%(m/m)</p>,2026-03-14 08:00:00,乙  苯,延炼12万吨/年乙苯/苯乙烯装置
1.09,ST010137,<p>%(m/m)</p>,2026-03-14 08:00:00,二甲苯,延炼12万吨/年乙苯/苯乙烯装置
0.00,ST010137,<p>%(m/m)</p>,2026-03-14 08:00:00,异丙苯,延炼12万吨/年乙苯/苯乙烯装置
0.00,ST010137,<p>%(m/m)</p>,2026-03-14 08:00:00,正丙苯,延炼12万吨/年乙苯/苯乙烯装置
0.00,ST010137,<p>%(m/m)</p>,2026-03-14 08:00:00,甲乙苯,延炼12万吨/年乙苯/苯乙烯装置
57.29,ST010137,<p>%(m/m)</p>,2026-03-14 08:00:00,苯乙烯,延炼12万吨/年乙苯/苯乙烯装置
0.01,ST010137,<p>%(m/m)</p>,2026-03-14 08:00:00,α甲基苯乙烯,延炼12万吨/年乙苯/苯乙烯装置
0.00,ST010137,<p>%(m/m)</p>,2026-03-14 08:00:00,苯乙炔,延炼12万吨/年乙苯/苯乙烯装置
0.00,ST010137,<p>%(m/m)</p>,2026-03-14 08:00:00,间、对甲基苯乙烯,延炼12万吨/年乙苯/苯乙烯装置
0.40,ST010137,<p>%(m/m)</p>,2026-03-14 08:00:00,其  他,延炼12万吨/年乙苯/苯乙烯装置
0.00,ST010137,<p>%(m/m)</p>,2026-03-14 08:00:00,丙烯基苯,延炼12万吨/年乙苯/苯乙烯装置
0.00,ST010137,<p>%(m/m)</p>,2026-03-14 08:00:00,二氢噻喃,延炼12万吨/年乙苯/苯乙烯装置
0.01,ST010137,<p>%(m/m)</p>,2026-03-14 08:00:00,2-乙烯基噻吩,延炼12万吨/年乙苯/苯乙烯装置
0.09,ST010137,<p>%(m/m)</p>,2026-03-15 08:00:00,非  芳,延炼12万吨/年乙苯/苯乙烯装置
0.14,ST010137,<p>%(m/m)</p>,2026-03-15 08:00:00,苯,延炼12万吨/年乙苯/苯乙烯装置
0.94,ST010137,<p>%(m/m)</p>,2026-03-15 08:00:00,甲  苯,延炼12万吨/年乙苯/苯乙烯装置
41.29,ST010137,<p>%(m/m)</p>,2026-03-15 08:00:00,乙  苯,延炼12万吨/年乙苯/苯乙烯装置
1.19,ST010137,<p>%(m/m)</p>,2026-03-15 08:00:00,二甲苯,延炼12万吨/年乙苯/苯乙烯装置
0.00,ST010137,<p>%(m/m)</p>,2026-03-15 08:00:00,异丙苯,延炼12万吨/年乙苯/苯乙烯装置
0.00,ST010137,<p>%(m/m)</p>,2026-03-15 08:00:00,正丙苯,延炼12万吨/年乙苯/苯乙烯装置
0.00,ST010137,<p>%(m/m)</p>,2026-03-15 08:00:00,甲乙苯,延炼12万吨/年乙苯/苯乙烯装置
56.20,ST010137,<p>%(m/m)</p>,2026-03-15 08:00:00,苯乙烯,延炼12万吨/年乙苯/苯乙烯装置
0.01,ST010137,<p>%(m/m)</p>,2026-03-15 08:00:00,α甲基苯乙烯,延炼12万吨/年乙苯/苯乙烯装置
0.00,ST010137,<p>%(m/m)</p>,2026-03-15 08:00:00,苯乙炔,延炼12万吨/年乙苯/苯乙烯装置
0.00,ST010137,<p>%(m/m)</p>,2026-03-15 08:00:00,间、对甲基苯乙烯,延炼12万吨/年乙苯/苯乙烯装置
0.12,ST010137,<p>%(m/m)</p>,2026-03-15 08:00:00,其  他,延炼12万吨/年乙苯/苯乙烯装置
0.00,ST010137,<p>%(m/m)</p>,2026-03-15 08:00:00,丙烯基苯,延炼12万吨/年乙苯/苯乙烯装置
0.00,ST010137,<p>%(m/m)</p>,2026-03-15 08:00:00,二氢噻喃,延炼12万吨/年乙苯/苯乙烯装置
0.01,ST010137,<p>%(m/m)</p>,2026-03-15 08:00:00,2-乙烯基噻吩,延炼12万吨/年乙苯/苯乙烯装置
0.08,ST010137,<p>%(m/m)</p>,2026-03-16 08:00:00,非  芳,延炼12万吨/年乙苯/苯乙烯装置
0.18,ST010137,<p>%(m/m)</p>,2026-03-16 08:00:00,苯,延炼12万吨/年乙苯/苯乙烯装置
1.13,ST010137,<p>%(m/m)</p>,2026-03-16 08:00:00,甲  苯,延炼12万吨/年乙苯/苯乙烯装置
39.91,ST010137,<p>%(m/m)</p>,2026-03-16 08:00:00,乙  苯,延炼12万吨/年乙苯/苯乙烯装置
0.96,ST010137,<p>%(m/m)</p>,2026-03-16 08:00:00,二甲苯,延炼12万吨/年乙苯/苯乙烯装置
0.00,ST010137,<p>%(m/m)</p>,2026-03-16 08:00:00,异丙苯,延炼12万吨/年乙苯/苯乙烯装置
0.00,ST010137,<p>%(m/m)</p>,2026-03-16 08:00:00,正丙苯,延炼12万吨/年乙苯/苯乙烯装置
0.00,ST010137,<p>%(m/m)</p>,2026-03-16 08:00:00,甲乙苯,延炼12万吨/年乙苯/苯乙烯装置
57.58,ST010137,<p>%(m/m)</p>,2026-03-16 08:00:00,苯乙烯,延炼12万吨/年乙苯/苯乙烯装置
0.01,ST010137,<p>%(m/m)</p>,2026-03-16 08:00:00,α甲基苯乙烯,延炼12万吨/年乙苯/苯乙烯装置
0.00,ST010137,<p>%(m/m)</p>,2026-03-16 08:00:00,苯乙炔,延炼12万吨/年乙苯/苯乙烯装置
0.00,ST010137,<p>%(m/m)</p>,2026-03-16 08:00:00,间、对甲基苯乙烯,延炼12万吨/年乙苯/苯乙烯装置
0.14,ST010137,<p>%(m/m)</p>,2026-03-16 08:00:00,其  他,延炼12万吨/年乙苯/苯乙烯装置
0.00,ST010137,<p>%(m/m)</p>,2026-03-16 08:00:00,丙烯基苯,延炼12万吨/年乙苯/苯乙烯装置
0.00,ST010137,<p>%(m/m)</p>,2026-03-16 08:00:00,二氢噻喃,延炼12万吨/年乙苯/苯乙烯装置
0.01,ST010137,<p>%(m/m)</p>,2026-03-16 08:00:00,2-乙烯基噻吩,延炼12万吨/年乙苯/苯乙烯装置
0.07,ST010137,<p>%(m/m)</p>,2026-03-17 08:00:00,非  芳,延炼12万吨/年乙苯/苯乙烯装置
0.20,ST010137,<p>%(m/m)</p>,2026-03-17 08:00:00,苯,延炼12万吨/年乙苯/苯乙烯装置
1.19,ST010137,<p>%(m/m)</p>,2026-03-17 08:00:00,甲  苯,延炼12万吨/年乙苯/苯乙烯装置
40.34,ST010137,<p>%(m/m)</p>,2026-03-17 08:00:00,乙  苯,延炼12万吨/年乙苯/苯乙烯装置
0.82,ST010137,<p>%(m/m)</p>,2026-03-17 08:00:00,二甲苯,延炼12万吨/年乙苯/苯乙烯装置
0.00,ST010137,<p>%(m/m)</p>,2026-03-17 08:00:00,异丙苯,延炼12万吨/年乙苯/苯乙烯装置
0.00,ST010137,<p>%(m/m)</p>,2026-03-17 08:00:00,正丙苯,延炼12万吨/年乙苯/苯乙烯装置
0.00,ST010137,<p>%(m/m)</p>,2026-03-17 08:00:00,甲乙苯,延炼12万吨/年乙苯/苯乙烯装置
57.20,ST010137,<p>%(m/m)</p>,2026-03-17 08:00:00,苯乙烯,延炼12万吨/年乙苯/苯乙烯装置
0.01,ST010137,<p>%(m/m)</p>,2026-03-17 08:00:00,α甲基苯乙烯,延炼12万吨/年乙苯/苯乙烯装置
0.00,ST010137,<p>%(m/m)</p>,2026-03-17 08:00:00,苯乙炔,延炼12万吨/年乙苯/苯乙烯装置
0.00,ST010137,<p>%(m/m)</p>,2026-03-17 08:00:00,间、对甲基苯乙烯,延炼12万吨/年乙苯/苯乙烯装置
0.00,ST010137,<p>%(m/m)</p>,2026-03-17 08:00:00,丙烯基苯,延炼12万吨/年乙苯/苯乙烯装置
0.00,ST010137,<p>%(m/m)</p>,2026-03-17 08:00:00,二氢噻喃,延炼12万吨/年乙苯/苯乙烯装置
0.01,ST010137,<p>%(m/m)</p>,2026-03-17 08:00:00,2-乙烯基噻吩,延炼12万吨/年乙苯/苯乙烯装置
0.15,ST010137,<p>%(m/m)</p>,2026-03-17 08:00:00,其  他,延炼12万吨/年乙苯/苯乙烯装置
0.07,ST010137,<p>%(m/m)</p>,2026-03-18 08:00:00,非  芳,延炼12万吨/年乙苯/苯乙烯装置
0.16,ST010137,<p>%(m/m)</p>,2026-03-18 08:00:00,苯,延炼12万吨/年乙苯/苯乙烯装置
0.99,ST010137,<p>%(m/m)</p>,2026-03-18 08:00:00,甲  苯,延炼12万吨/年乙苯/苯乙烯装置
39.25,ST010137,<p>%(m/m)</p>,2026-03-18 08:00:00,乙  苯,延炼12万吨/年乙苯/苯乙烯装置
0.76,ST010137,<p>%(m/m)</p>,2026-03-18 08:00:00,二甲苯,延炼12万吨/年乙苯/苯乙烯装置
0.00,ST010137,<p>%(m/m)</p>,2026-03-18 08:00:00,异丙苯,延炼12万吨/年乙苯/苯乙烯装置
0.00,ST010137,<p>%(m/m)</p>,2026-03-18 08:00:00,正丙苯,延炼12万吨/年乙苯/苯乙烯装置
0.00,ST010137,<p>%(m/m)</p>,2026-03-18 08:00:00,甲乙苯,延炼12万吨/年乙苯/苯乙烯装置
58.63,ST010137,<p>%(m/m)</p>,2026-03-18 08:00:00,苯乙烯,延炼12万吨/年乙苯/苯乙烯装置
0.01,ST010137,<p>%(m/m)</p>,2026-03-18 08:00:00,α甲基苯乙烯,延炼12万吨/年乙苯/苯乙烯装置
0.00,ST010137,<p>%(m/m)</p>,2026-03-18 08:00:00,苯乙炔,延炼12万吨/年乙苯/苯乙烯装置
0.00,ST010137,<p>%(m/m)</p>,2026-03-18 08:00:00,间、对甲基苯乙烯,延炼12万吨/年乙苯/苯乙烯装置
0.11,ST010137,<p>%(m/m)</p>,2026-03-18 08:00:00,其  他,延炼12万吨/年乙苯/苯乙烯装置
0.00,ST010137,<p>%(m/m)</p>,2026-03-18 08:00:00,丙烯基苯,延炼12万吨/年乙苯/苯乙烯装置
0.00,ST010137,<p>%(m/m)</p>,2026-03-18 08:00:00,二氢噻喃,延炼12万吨/年乙苯/苯乙烯装置
0.01,ST010137,<p>%(m/m)</p>,2026-03-18 08:00:00,2-乙烯基噻吩,延炼12万吨/年乙苯/苯乙烯装置
0.08,ST010137,<p>%(m/m)</p>,2026-03-19 08:00:00,非  芳,延炼12万吨/年乙苯/苯乙烯装置
0.36,ST010137,<p>%(m/m)</p>,2026-03-19 08:00:00,苯,延炼12万吨/年乙苯/苯乙烯装置
0.94,ST010137,<p>%(m/m)</p>,2026-03-19 08:00:00,甲  苯,延炼12万吨/年乙苯/苯乙烯装置
40.43,ST010137,<p>%(m/m)</p>,2026-03-19 08:00:00,乙  苯,延炼12万吨/年乙苯/苯乙烯装置
0.86,ST010137,<p>%(m/m)</p>,2026-03-19 08:00:00,二甲苯,延炼12万吨/年乙苯/苯乙烯装置
0.00,ST010137,<p>%(m/m)</p>,2026-03-19 08:00:00,异丙苯,延炼12万吨/年乙苯/苯乙烯装置
0.00,ST010137,<p>%(m/m)</p>,2026-03-19 08:00:00,正丙苯,延炼12万吨/年乙苯/苯乙烯装置
0.00,ST010137,<p>%(m/m)</p>,2026-03-19 08:00:00,甲乙苯,延炼12万吨/年乙苯/苯乙烯装置
57.20,ST010137,<p>%(m/m)</p>,2026-03-19 08:00:00,苯乙烯,延炼12万吨/年乙苯/苯乙烯装置
0.01,ST010137,<p>%(m/m)</p>,2026-03-19 08:00:00,α甲基苯乙烯,延炼12万吨/年乙苯/苯乙烯装置
0.00,ST010137,<p>%(m/m)</p>,2026-03-19 08:00:00,苯乙炔,延炼12万吨/年乙苯/苯乙烯装置
0.00,ST010137,<p>%(m/m)</p>,2026-03-19 08:00:00,间、对甲基苯乙烯,延炼12万吨/年乙苯/苯乙烯装置
0.11,ST010137,<p>%(m/m)</p>,2026-03-19 08:00:00,其  他,延炼12万吨/年乙苯/苯乙烯装置
0.002,ST010137,<p>%(m/m)</p>,2026-03-19 08:00:00,二乙基苯,延炼12万吨/年乙苯/苯乙烯装置
0.00,ST010137,<p>%(m/m)</p>,2026-03-19 08:00:00,丙烯基苯,延炼12万吨/年乙苯/苯乙烯装置
0.00,ST010137,<p>%(m/m)</p>,2026-03-19 08:00:00,二氢噻喃,延炼12万吨/年乙苯/苯乙烯装置
0.00,ST010137,<p>%(m/m)</p>,2026-03-19 08:00:00,2-乙烯基噻吩,延炼12万吨/年乙苯/苯乙烯装置
0.08,ST010137,<p>%(m/m)</p>,2026-03-20 08:00:00,非  芳,延炼12万吨/年乙苯/苯乙烯装置
0.18,ST010137,<p>%(m/m)</p>,2026-03-20 08:00:00,苯,延炼12万吨/年乙苯/苯乙烯装置
1.00,ST010137,<p>%(m/m)</p>,2026-03-20 08:00:00,甲  苯,延炼12万吨/年乙苯/苯乙烯装置
40.98,ST010137,<p>%(m/m)</p>,2026-03-20 08:00:00,乙  苯,延炼12万吨/年乙苯/苯乙烯装置
0.86,ST010137,<p>%(m/m)</p>,2026-03-20 08:00:00,二甲苯,延炼12万吨/年乙苯/苯乙烯装置
0.00,ST010137,<p>%(m/m)</p>,2026-03-20 08:00:00,正丙苯,延炼12万吨/年乙苯/苯乙烯装置
0.00,ST010137,<p>%(m/m)</p>,2026-03-20 08:00:00,甲乙苯,延炼12万吨/年乙苯/苯乙烯装置
56.77,ST010137,<p>%(m/m)</p>,2026-03-20 08:00:00,苯乙烯,延炼12万吨/年乙苯/苯乙烯装置
0.01,ST010137,<p>%(m/m)</p>,2026-03-20 08:00:00,α甲基苯乙烯,延炼12万吨/年乙苯/苯乙烯装置
0.00,ST010137,<p>%(m/m)</p>,2026-03-20 08:00:00,苯乙炔,延炼12万吨/年乙苯/苯乙烯装置
0.00,ST010137,<p>%(m/m)</p>,2026-03-20 08:00:00,间、对甲基苯乙烯,延炼12万吨/年乙苯/苯乙烯装置
0.12,ST010137,<p>%(m/m)</p>,2026-03-20 08:00:00,其  他,延炼12万吨/年乙苯/苯乙烯装置
0.00,ST010137,<p>%(m/m)</p>,2026-03-20 08:00:00,丙烯基苯,延炼12万吨/年乙苯/苯乙烯装置
0.00,ST010137,<p>%(m/m)</p>,2026-03-20 08:00:00,二氢噻喃,延炼12万吨/年乙苯/苯乙烯装置
0.00,ST010137,<p>%(m/m)</p>,2026-03-20 08:00:00,2-乙烯基噻吩,延炼12万吨/年乙苯/苯乙烯装置
0.00,ST010137,<p>%(m/m)</p>,2026-03-20 08:00:00,异丙苯,延炼12万吨/年乙苯/苯乙烯装置
0.08,ST010137,<p>%(m/m)</p>,2026-03-21 08:00:00,非  芳,延炼12万吨/年乙苯/苯乙烯装置
0.14,ST010137,<p>%(m/m)</p>,2026-03-21 08:00:00,苯,延炼12万吨/年乙苯/苯乙烯装置
0.99,ST010137,<p>%(m/m)</p>,2026-03-21 08:00:00,甲  苯,延炼12万吨/年乙苯/苯乙烯装置
39.93,ST010137,<p>%(m/m)</p>,2026-03-21 08:00:00,乙  苯,延炼12万吨/年乙苯/苯乙烯装置
0.90,ST010137,<p>%(m/m)</p>,2026-03-21 08:00:00,二甲苯,延炼12万吨/年乙苯/苯乙烯装置
0.00,ST010137,<p>%(m/m)</p>,2026-03-21 08:00:00,异丙苯,延炼12万吨/年乙苯/苯乙烯装置
0.00,ST010137,<p>%(m/m)</p>,2026-03-21 08:00:00,正丙苯,延炼12万吨/年乙苯/苯乙烯装置
0.00,ST010137,<p>%(m/m)</p>,2026-03-21 08:00:00,甲乙苯,延炼12万吨/年乙苯/苯乙烯装置
57.88,ST010137,<p>%(m/m)</p>,2026-03-21 08:00:00,苯乙烯,延炼12万吨/年乙苯/苯乙烯装置
0.01,ST010137,<p>%(m/m)</p>,2026-03-21 08:00:00,α甲基苯乙烯,延炼12万吨/年乙苯/苯乙烯装置
0.00,ST010137,<p>%(m/m)</p>,2026-03-21 08:00:00,苯乙炔,延炼12万吨/年乙苯/苯乙烯装置
0.00,ST010137,<p>%(m/m)</p>,2026-03-21 08:00:00,间、对甲基苯乙烯,延炼12万吨/年乙苯/苯乙烯装置
0.07,ST010137,<p>%(m/m)</p>,2026-03-21 08:00:00,其  他,延炼12万吨/年乙苯/苯乙烯装置
0.00,ST010137,<p>%(m/m)</p>,2026-03-21 08:00:00,丙烯基苯,延炼12万吨/年乙苯/苯乙烯装置
0.00,ST010137,<p>%(m/m)</p>,2026-03-21 08:00:00,二氢噻喃,延炼12万吨/年乙苯/苯乙烯装置
0.00,ST010137,<p>%(m/m)</p>,2026-03-21 08:00:00,2-乙烯基噻吩,延炼12万吨/年乙苯/苯乙烯装置
0.09,ST010137,<p>%(m/m)</p>,2026-03-22 08:00:00,非  芳,延炼12万吨/年乙苯/苯乙烯装置
0.38,ST010137,<p>%(m/m)</p>,2026-03-22 08:00:00,苯,延炼12万吨/年乙苯/苯乙烯装置
0.97,ST010137,<p>%(m/m)</p>,2026-03-22 08:00:00,甲  苯,延炼12万吨/年乙苯/苯乙烯装置
39.71,ST010137,<p>%(m/m)</p>,2026-03-22 08:00:00,乙  苯,延炼12万吨/年乙苯/苯乙烯装置
1.09,ST010137,<p>%(m/m)</p>,2026-03-22 08:00:00,二甲苯,延炼12万吨/年乙苯/苯乙烯装置
0.00,ST010137,<p>%(m/m)</p>,2026-03-22 08:00:00,异丙苯,延炼12万吨/年乙苯/苯乙烯装置
0.00,ST010137,<p>%(m/m)</p>,2026-03-22 08:00:00,正丙苯,延炼12万吨/年乙苯/苯乙烯装置
0.00,ST010137,<p>%(m/m)</p>,2026-03-22 08:00:00,甲乙苯,延炼12万吨/年乙苯/苯乙烯装置
57.62,ST010137,<p>%(m/m)</p>,2026-03-22 08:00:00,苯乙烯,延炼12万吨/年乙苯/苯乙烯装置
0.01,ST010137,<p>%(m/m)</p>,2026-03-22 08:00:00,α甲基苯乙烯,延炼12万吨/年乙苯/苯乙烯装置
0.00,ST010137,<p>%(m/m)</p>,2026-03-22 08:00:00,苯乙炔,延炼12万吨/年乙苯/苯乙烯装置
0.00,ST010137,<p>%(m/m)</p>,2026-03-22 08:00:00,间、对甲基苯乙烯,延炼12万吨/年乙苯/苯乙烯装置
0.11,ST010137,<p>%(m/m)</p>,2026-03-22 08:00:00,其  他,延炼12万吨/年乙苯/苯乙烯装置
0.00,ST010137,<p>%(m/m)</p>,2026-03-22 08:00:00,丙烯基苯,延炼12万吨/年乙苯/苯乙烯装置
0.00,ST010137,<p>%(m/m)</p>,2026-03-22 08:00:00,二氢噻喃,延炼12万吨/年乙苯/苯乙烯装置
0.01,ST010137,<p>%(m/m)</p>,2026-03-22 08:00:00,2-乙烯基噻吩,延炼12万吨/年乙苯/苯乙烯装置
0.08,ST010137,<p>%(m/m)</p>,2026-03-23 08:00:00,非  芳,延炼12万吨/年乙苯/苯乙烯装置
0.11,ST010137,<p>%(m/m)</p>,2026-03-23 08:00:00,苯,延炼12万吨/年乙苯/苯乙烯装置
0.90,ST010137,<p>%(m/m)</p>,2026-03-23 08:00:00,甲  苯,延炼12万吨/年乙苯/苯乙烯装置
41.80,ST010137,<p>%(m/m)</p>,2026-03-23 08:00:00,乙  苯,延炼12万吨/年乙苯/苯乙烯装置
0.91,ST010137,<p>%(m/m)</p>,2026-03-23 08:00:00,二甲苯,延炼12万吨/年乙苯/苯乙烯装置
0.00,ST010137,<p>%(m/m)</p>,2026-03-23 08:00:00,异丙苯,延炼12万吨/年乙苯/苯乙烯装置
0.00,ST010137,<p>%(m/m)</p>,2026-03-23 08:00:00,正丙苯,延炼12万吨/年乙苯/苯乙烯装置
0.00,ST010137,<p>%(m/m)</p>,2026-03-23 08:00:00,甲乙苯,延炼12万吨/年乙苯/苯乙烯装置
56.15,ST010137,<p>%(m/m)</p>,2026-03-23 08:00:00,苯乙烯,延炼12万吨/年乙苯/苯乙烯装置
0.01,ST010137,<p>%(m/m)</p>,2026-03-23 08:00:00,α甲基苯乙烯,延炼12万吨/年乙苯/苯乙烯装置
0.00,ST010137,<p>%(m/m)</p>,2026-03-23 08:00:00,苯乙炔,延炼12万吨/年乙苯/苯乙烯装置
0.00,ST010137,<p>%(m/m)</p>,2026-03-23 08:00:00,间、对甲基苯乙烯,延炼12万吨/年乙苯/苯乙烯装置
0.04,ST010137,<p>%(m/m)</p>,2026-03-23 08:00:00,其  他,延炼12万吨/年乙苯/苯乙烯装置
0.00,ST010137,<p>%(m/m)</p>,2026-03-23 08:00:00,丙烯基苯,延炼12万吨/年乙苯/苯乙烯装置
0.00,ST010137,<p>%(m/m)</p>,2026-03-23 08:00:00,二氢噻喃,延炼12万吨/年乙苯/苯乙烯装置
0.00,ST010137,<p>%(m/m)</p>,2026-03-23 08:00:00,2-乙烯基噻吩,延炼12万吨/年乙苯/苯乙烯装置
0.07,ST010137,<p>%(m/m)</p>,2026-03-24 08:00:00,非  芳,延炼12万吨/年乙苯/苯乙烯装置
0.12,ST010137,<p>%(m/m)</p>,2026-03-24 08:00:00,苯,延炼12万吨/年乙苯/苯乙烯装置
0.93,ST010137,<p>%(m/m)</p>,2026-03-24 08:00:00,甲  苯,延炼12万吨/年乙苯/苯乙烯装置
40.49,ST010137,<p>%(m/m)</p>,2026-03-24 08:00:00,乙  苯,延炼12万吨/年乙苯/苯乙烯装置
0.84,ST010137,<p>%(m/m)</p>,2026-03-24 08:00:00,二甲苯,延炼12万吨/年乙苯/苯乙烯装置
0.00,ST010137,<p>%(m/m)</p>,2026-03-24 08:00:00,异丙苯,延炼12万吨/年乙苯/苯乙烯装置
0.00,ST010137,<p>%(m/m)</p>,2026-03-24 08:00:00,正丙苯,延炼12万吨/年乙苯/苯乙烯装置
0.00,ST010137,<p>%(m/m)</p>,2026-03-24 08:00:00,甲乙苯,延炼12万吨/年乙苯/苯乙烯装置
57.44,ST010137,<p>%(m/m)</p>,2026-03-24 08:00:00,苯乙烯,延炼12万吨/年乙苯/苯乙烯装置
0.01,ST010137,<p>%(m/m)</p>,2026-03-24 08:00:00,α甲基苯乙烯,延炼12万吨/年乙苯/苯乙烯装置
0.00,ST010137,<p>%(m/m)</p>,2026-03-24 08:00:00,苯乙炔,延炼12万吨/年乙苯/苯乙烯装置
0.00,ST010137,<p>%(m/m)</p>,2026-03-24 08:00:00,间、对甲基苯乙烯,延炼12万吨/年乙苯/苯乙烯装置
0.09,ST010137,<p>%(m/m)</p>,2026-03-24 08:00:00,其  他,延炼12万吨/年乙苯/苯乙烯装置
0.00,ST010137,<p>%(m/m)</p>,2026-03-24 08:00:00,丙烯基苯,延炼12万吨/年乙苯/苯乙烯装置
0.00,ST010137,<p>%(m/m)</p>,2026-03-24 08:00:00,二氢噻喃,延炼12万吨/年乙苯/苯乙烯装置
0.00,ST010137,<p>%(m/m)</p>,2026-03-24 08:00:00,2-乙烯基噻吩,延炼12万吨/年乙苯/苯乙烯装置
0.07,ST010137,<p>%(m/m)</p>,2026-03-25 08:00:00,非  芳,延炼12万吨/年乙苯/苯乙烯装置
0.20,ST010137,<p>%(m/m)</p>,2026-03-25 08:00:00,苯,延炼12万吨/年乙苯/苯乙烯装置
1.41,ST010137,<p>%(m/m)</p>,2026-03-25 08:00:00,甲  苯,延炼12万吨/年乙苯/苯乙烯装置
40.63,ST010137,<p>%(m/m)</p>,2026-03-25 08:00:00,乙  苯,延炼12万吨/年乙苯/苯乙烯装置
0.83,ST010137,<p>%(m/m)</p>,2026-03-25 08:00:00,二甲苯,延炼12万吨/年乙苯/苯乙烯装置
0.00,ST010137,<p>%(m/m)</p>,2026-03-25 08:00:00,异丙苯,延炼12万吨/年乙苯/苯乙烯装置
0.00,ST010137,<p>%(m/m)</p>,2026-03-25 08:00:00,正丙苯,延炼12万吨/年乙苯/苯乙烯装置
0.00,ST010137,<p>%(m/m)</p>,2026-03-25 08:00:00,甲乙苯,延炼12万吨/年乙苯/苯乙烯装置
56.75,ST010137,<p>%(m/m)</p>,2026-03-25 08:00:00,苯乙烯,延炼12万吨/年乙苯/苯乙烯装置
0.01,ST010137,<p>%(m/m)</p>,2026-03-25 08:00:00,α甲基苯乙烯,延炼12万吨/年乙苯/苯乙烯装置
0.00,ST010137,<p>%(m/m)</p>,2026-03-25 08:00:00,苯乙炔,延炼12万吨/年乙苯/苯乙烯装置
0.00,ST010137,<p>%(m/m)</p>,2026-03-25 08:00:00,间、对甲基苯乙烯,延炼12万吨/年乙苯/苯乙烯装置
0.07,ST010137,<p>%(m/m)</p>,2026-03-25 08:00:00,其  他,延炼12万吨/年乙苯/苯乙烯装置
0.00,ST010137,<p>%(m/m)</p>,2026-03-25 08:00:00,丙烯基苯,延炼12万吨/年乙苯/苯乙烯装置
0.00,ST010137,<p>%(m/m)</p>,2026-03-25 08:00:00,二氢噻喃,延炼12万吨/年乙苯/苯乙烯装置
0.01,ST010137,<p>%(m/m)</p>,2026-03-25 08:00:00,2-乙烯基噻吩,延炼12万吨/年乙苯/苯乙烯装置
0.08,ST010137,<p>%(m/m)</p>,2026-03-26 08:00:00,非  芳,延炼12万吨/年乙苯/苯乙烯装置
0.16,ST010137,<p>%(m/m)</p>,2026-03-26 08:00:00,苯,延炼12万吨/年乙苯/苯乙烯装置
0.93,ST010137,<p>%(m/m)</p>,2026-03-26 08:00:00,甲  苯,延炼12万吨/年乙苯/苯乙烯装置
40.72,ST010137,<p>%(m/m)</p>,2026-03-26 08:00:00,乙  苯,延炼12万吨/年乙苯/苯乙烯装置
0.87,ST010137,<p>%(m/m)</p>,2026-03-26 08:00:00,二甲苯,延炼12万吨/年乙苯/苯乙烯装置
0.00,ST010137,<p>%(m/m)</p>,2026-03-26 08:00:00,异丙苯,延炼12万吨/年乙苯/苯乙烯装置
0.00,ST010137,<p>%(m/m)</p>,2026-03-26 08:00:00,正丙苯,延炼12万吨/年乙苯/苯乙烯装置
0.00,ST010137,<p>%(m/m)</p>,2026-03-26 08:00:00,甲乙苯,延炼12万吨/年乙苯/苯乙烯装置
57.14,ST010137,<p>%(m/m)</p>,2026-03-26 08:00:00,苯乙烯,延炼12万吨/年乙苯/苯乙烯装置
0.01,ST010137,<p>%(m/m)</p>,2026-03-26 08:00:00,α甲基苯乙烯,延炼12万吨/年乙苯/苯乙烯装置
0.00,ST010137,<p>%(m/m)</p>,2026-03-26 08:00:00,苯乙炔,延炼12万吨/年乙苯/苯乙烯装置
0.00,ST010137,<p>%(m/m)</p>,2026-03-26 08:00:00,间、对甲基苯乙烯,延炼12万吨/年乙苯/苯乙烯装置
0.08,ST010137,<p>%(m/m)</p>,2026-03-26 08:00:00,其  他,延炼12万吨/年乙苯/苯乙烯装置
0.001,ST010137,<p>%(m/m)</p>,2026-03-26 08:00:00,二乙基苯,延炼12万吨/年乙苯/苯乙烯装置
0.00,ST010137,<p>%(m/m)</p>,2026-03-26 08:00:00,丙烯基苯,延炼12万吨/年乙苯/苯乙烯装置
0.00,ST010137,<p>%(m/m)</p>,2026-03-26 08:00:00,二氢噻喃,延炼12万吨/年乙苯/苯乙烯装置
0.01,ST010137,<p>%(m/m)</p>,2026-03-26 08:00:00,2-乙烯基噻吩,延炼12万吨/年乙苯/苯乙烯装置
0.08,ST010137,<p>%(m/m)</p>,2026-03-27 08:00:00,非  芳,延炼12万吨/年乙苯/苯乙烯装置
0.16,ST010137,<p>%(m/m)</p>,2026-03-27 08:00:00,苯,延炼12万吨/年乙苯/苯乙烯装置
0.94,ST010137,<p>%(m/m)</p>,2026-03-27 08:00:00,甲  苯,延炼12万吨/年乙苯/苯乙烯装置
39.41,ST010137,<p>%(m/m)</p>,2026-03-27 08:00:00,乙  苯,延炼12万吨/年乙苯/苯乙烯装置
0.92,ST010137,<p>%(m/m)</p>,2026-03-27 08:00:00,二甲苯,延炼12万吨/年乙苯/苯乙烯装置
0.00,ST010137,<p>%(m/m)</p>,2026-03-27 08:00:00,异丙苯,延炼12万吨/年乙苯/苯乙烯装置
0.00,ST010137,<p>%(m/m)</p>,2026-03-27 08:00:00,正丙苯,延炼12万吨/年乙苯/苯乙烯装置
0.00,ST010137,<p>%(m/m)</p>,2026-03-27 08:00:00,甲乙苯,延炼12万吨/年乙苯/苯乙烯装置
58.39,ST010137,<p>%(m/m)</p>,2026-03-27 08:00:00,苯乙烯,延炼12万吨/年乙苯/苯乙烯装置
0.01,ST010137,<p>%(m/m)</p>,2026-03-27 08:00:00,α甲基苯乙烯,延炼12万吨/年乙苯/苯乙烯装置
0.00,ST010137,<p>%(m/m)</p>,2026-03-27 08:00:00,苯乙炔,延炼12万吨/年乙苯/苯乙烯装置
0.00,ST010137,<p>%(m/m)</p>,2026-03-27 08:00:00,间、对甲基苯乙烯,延炼12万吨/年乙苯/苯乙烯装置
0.09,ST010137,<p>%(m/m)</p>,2026-03-27 08:00:00,其  他,延炼12万吨/年乙苯/苯乙烯装置
0.00,ST010137,<p>%(m/m)</p>,2026-03-27 08:00:00,丙烯基苯,延炼12万吨/年乙苯/苯乙烯装置
0.00,ST010137,<p>%(m/m)</p>,2026-03-27 08:00:00,二氢噻喃,延炼12万吨/年乙苯/苯乙烯装置
0.01,ST010137,<p>%(m/m)</p>,2026-03-27 08:00:00,2-乙烯基噻吩,延炼12万吨/年乙苯/苯乙烯装置
0.08,ST010137,<p>%(m/m)</p>,2026-03-28 08:00:00,非  芳,延炼12万吨/年乙苯/苯乙烯装置
0.21,ST010137,<p>%(m/m)</p>,2026-03-28 08:00:00,苯,延炼12万吨/年乙苯/苯乙烯装置
1.31,ST010137,<p>%(m/m)</p>,2026-03-28 08:00:00,甲  苯,延炼12万吨/年乙苯/苯乙烯装置
41.99,ST010137,<p>%(m/m)</p>,2026-03-28 08:00:00,乙  苯,延炼12万吨/年乙苯/苯乙烯装置
0.88,ST010137,<p>%(m/m)</p>,2026-03-28 08:00:00,二甲苯,延炼12万吨/年乙苯/苯乙烯装置
0.00,ST010137,<p>%(m/m)</p>,2026-03-28 08:00:00,异丙苯,延炼12万吨/年乙苯/苯乙烯装置
0.00,ST010137,<p>%(m/m)</p>,2026-03-28 08:00:00,正丙苯,延炼12万吨/年乙苯/苯乙烯装置
0.00,ST010137,<p>%(m/m)</p>,2026-03-28 08:00:00,甲乙苯,延炼12万吨/年乙苯/苯乙烯装置
55.44,ST010137,<p>%(m/m)</p>,2026-03-28 08:00:00,苯乙烯,延炼12万吨/年乙苯/苯乙烯装置
0.01,ST010137,<p>%(m/m)</p>,2026-03-28 08:00:00,α甲基苯乙烯,延炼12万吨/年乙苯/苯乙烯装置
0.00,ST010137,<p>%(m/m)</p>,2026-03-28 08:00:00,苯乙炔,延炼12万吨/年乙苯/苯乙烯装置
0.00,ST010137,<p>%(m/m)</p>,2026-03-28 08:00:00,间、对甲基苯乙烯,延炼12万吨/年乙苯/苯乙烯装置
0.07,ST010137,<p>%(m/m)</p>,2026-03-28 08:00:00,其  他,延炼12万吨/年乙苯/苯乙烯装置
0.00,ST010137,<p>%(m/m)</p>,2026-03-28 08:00:00,丙烯基苯,延炼12万吨/年乙苯/苯乙烯装置
0.00,ST010137,<p>%(m/m)</p>,2026-03-28 08:00:00,二氢噻喃,延炼12万吨/年乙苯/苯乙烯装置
0.01,ST010137,<p>%(m/m)</p>,2026-03-28 08:00:00,2-乙烯基噻吩,延炼12万吨/年乙苯/苯乙烯装置
0.06,ST010137,<p>%(m/m)</p>,2026-03-29 08:00:00,非  芳,延炼12万吨/年乙苯/苯乙烯装置
0.13,ST010137,<p>%(m/m)</p>,2026-03-29 08:00:00,苯,延炼12万吨/年乙苯/苯乙烯装置
0.89,ST010137,<p>%(m/m)</p>,2026-03-29 08:00:00,甲  苯,延炼12万吨/年乙苯/苯乙烯装置
40.80,ST010137,<p>%(m/m)</p>,2026-03-29 08:00:00,乙  苯,延炼12万吨/年乙苯/苯乙烯装置
0.83,ST010137,<p>%(m/m)</p>,2026-03-29 08:00:00,二甲苯,延炼12万吨/年乙苯/苯乙烯装置
0.01,ST010137,<p>%(m/m)</p>,2026-03-29 08:00:00,2-乙烯基噻吩,延炼12万吨/年乙苯/苯乙烯装置
0.00,ST010137,<p>%(m/m)</p>,2026-03-29 08:00:00,异丙苯,延炼12万吨/年乙苯/苯乙烯装置
0.00,ST010137,<p>%(m/m)</p>,2026-03-29 08:00:00,正丙苯,延炼12万吨/年乙苯/苯乙烯装置
0.00,ST010137,<p>%(m/m)</p>,2026-03-29 08:00:00,甲乙苯,延炼12万吨/年乙苯/苯乙烯装置
57.21,ST010137,<p>%(m/m)</p>,2026-03-29 08:00:00,苯乙烯,延炼12万吨/年乙苯/苯乙烯装置
0.01,ST010137,<p>%(m/m)</p>,2026-03-29 08:00:00,α甲基苯乙烯,延炼12万吨/年乙苯/苯乙烯装置
0.00,ST010137,<p>%(m/m)</p>,2026-03-29 08:00:00,苯乙炔,延炼12万吨/年乙苯/苯乙烯装置
0.00,ST010137,<p>%(m/m)</p>,2026-03-29 08:00:00,间、对甲基苯乙烯,延炼12万吨/年乙苯/苯乙烯装置
0.06,ST010137,<p>%(m/m)</p>,2026-03-29 08:00:00,其  他,延炼12万吨/年乙苯/苯乙烯装置
0.00,ST010137,<p>%(m/m)</p>,2026-03-29 08:00:00,丙烯基苯,延炼12万吨/年乙苯/苯乙烯装置
0.00,ST010137,<p>%(m/m)</p>,2026-03-29 08:00:00,二氢噻喃,延炼12万吨/年乙苯/苯乙烯装置
0.07,ST010137,<p>%(m/m)</p>,2026-03-30 08:00:00,非  芳,延炼12万吨/年乙苯/苯乙烯装置
0.14,ST010137,<p>%(m/m)</p>,2026-03-30 08:00:00,苯,延炼12万吨/年乙苯/苯乙烯装置
0.89,ST010137,<p>%(m/m)</p>,2026-03-30 08:00:00,甲  苯,延炼12万吨/年乙苯/苯乙烯装置
40.59,ST010137,<p>%(m/m)</p>,2026-03-30 08:00:00,乙  苯,延炼12万吨/年乙苯/苯乙烯装置
0.86,ST010137,<p>%(m/m)</p>,2026-03-30 08:00:00,二甲苯,延炼12万吨/年乙苯/苯乙烯装置
0.00,ST010137,<p>%(m/m)</p>,2026-03-30 08:00:00,异丙苯,延炼12万吨/年乙苯/苯乙烯装置
0.00,ST010137,<p>%(m/m)</p>,2026-03-30 08:00:00,正丙苯,延炼12万吨/年乙苯/苯乙烯装置
0.00,ST010137,<p>%(m/m)</p>,2026-03-30 08:00:00,甲乙苯,延炼12万吨/年乙苯/苯乙烯装置
57.37,ST010137,<p>%(m/m)</p>,2026-03-30 08:00:00,苯乙烯,延炼12万吨/年乙苯/苯乙烯装置
0.01,ST010137,<p>%(m/m)</p>,2026-03-30 08:00:00,α甲基苯乙烯,延炼12万吨/年乙苯/苯乙烯装置
0.00,ST010137,<p>%(m/m)</p>,2026-03-30 08:00:00,苯乙炔,延炼12万吨/年乙苯/苯乙烯装置
0.00,ST010137,<p>%(m/m)</p>,2026-03-30 08:00:00,间、对甲基苯乙烯,延炼12万吨/年乙苯/苯乙烯装置
0.05,ST010137,<p>%(m/m)</p>,2026-03-30 08:00:00,其  他,延炼12万吨/年乙苯/苯乙烯装置
0.00,ST010137,<p>%(m/m)</p>,2026-03-30 08:00:00,丙烯基苯,延炼12万吨/年乙苯/苯乙烯装置
0.00,ST010137,<p>%(m/m)</p>,2026-03-30 08:00:00,二氢噻喃,延炼12万吨/年乙苯/苯乙烯装置
0.01,ST010137,<p>%(m/m)</p>,2026-03-30 08:00:00,2-乙烯基噻吩,延炼12万吨/年乙苯/苯乙烯装置
0.07,ST010137,<p>%(m/m)</p>,2026-03-31 08:00:00,非  芳,延炼12万吨/年乙苯/苯乙烯装置
0.15,ST010137,<p>%(m/m)</p>,2026-03-31 08:00:00,苯,延炼12万吨/年乙苯/苯乙烯装置
0.94,ST010137,<p>%(m/m)</p>,2026-03-31 08:00:00,甲  苯,延炼12万吨/年乙苯/苯乙烯装置
40.18,ST010137,<p>%(m/m)</p>,2026-03-31 08:00:00,乙  苯,延炼12万吨/年乙苯/苯乙烯装置
0.99,ST010137,<p>%(m/m)</p>,2026-03-31 08:00:00,二甲苯,延炼12万吨/年乙苯/苯乙烯装置
0.00,ST010137,<p>%(m/m)</p>,2026-03-31 08:00:00,异丙苯,延炼12万吨/年乙苯/苯乙烯装置
0.00,ST010137,<p>%(m/m)</p>,2026-03-31 08:00:00,正丙苯,延炼12万吨/年乙苯/苯乙烯装置
0.00,ST010137,<p>%(m/m)</p>,2026-03-31 08:00:00,甲乙苯,延炼12万吨/年乙苯/苯乙烯装置
57.55,ST010137,<p>%(m/m)</p>,2026-03-31 08:00:00,苯乙烯,延炼12万吨/年乙苯/苯乙烯装置
0.01,ST010137,<p>%(m/m)</p>,2026-03-31 08:00:00,α甲基苯乙烯,延炼12万吨/年乙苯/苯乙烯装置
0.00,ST010137,<p>%(m/m)</p>,2026-03-31 08:00:00,苯乙炔,延炼12万吨/年乙苯/苯乙烯装置
0.00,ST010137,<p>%(m/m)</p>,2026-03-31 08:00:00,间、对甲基苯乙烯,延炼12万吨/年乙苯/苯乙烯装置
0.10,ST010137,<p>%(m/m)</p>,2026-03-31 08:00:00,其  他,延炼12万吨/年乙苯/苯乙烯装置
0.00,ST010137,<p>%(m/m)</p>,2026-03-31 08:00:00,丙烯基苯,延炼12万吨/年乙苯/苯乙烯装置
0.00,ST010137,<p>%(m/m)</p>,2026-03-31 08:00:00,二氢噻喃,延炼12万吨/年乙苯/苯乙烯装置
0.01,ST010137,<p>%(m/m)</p>,2026-03-31 08:00:00,2-乙烯基噻吩,延炼12万吨/年乙苯/苯乙烯装置
0.08,ST010137,<p>%(m/m)</p>,2026-04-01 08:00:00,非  芳,延炼12万吨/年乙苯/苯乙烯装置
0.15,ST010137,<p>%(m/m)</p>,2026-04-01 08:00:00,苯,延炼12万吨/年乙苯/苯乙烯装置
0.92,ST010137,<p>%(m/m)</p>,2026-04-01 08:00:00,甲  苯,延炼12万吨/年乙苯/苯乙烯装置
42.49,ST010137,<p>%(m/m)</p>,2026-04-01 08:00:00,乙  苯,延炼12万吨/年乙苯/苯乙烯装置
0.97,ST010137,<p>%(m/m)</p>,2026-04-01 08:00:00,二甲苯,延炼12万吨/年乙苯/苯乙烯装置
0.00,ST010137,<p>%(m/m)</p>,2026-04-01 08:00:00,异丙苯,延炼12万吨/年乙苯/苯乙烯装置
0.00,ST010137,<p>%(m/m)</p>,2026-04-01 08:00:00,正丙苯,延炼12万吨/年乙苯/苯乙烯装置
0.00,ST010137,<p>%(m/m)</p>,2026-04-01 08:00:00,甲乙苯,延炼12万吨/年乙苯/苯乙烯装置
55.30,ST010137,<p>%(m/m)</p>,2026-04-01 08:00:00,苯乙烯,延炼12万吨/年乙苯/苯乙烯装置
0.01,ST010137,<p>%(m/m)</p>,2026-04-01 08:00:00,α甲基苯乙烯,延炼12万吨/年乙苯/苯乙烯装置
0.00,ST010137,<p>%(m/m)</p>,2026-04-01 08:00:00,苯乙炔,延炼12万吨/年乙苯/苯乙烯装置
0.00,ST010137,<p>%(m/m)</p>,2026-04-01 08:00:00,间、对甲基苯乙烯,延炼12万吨/年乙苯/苯乙烯装置
0.07,ST010137,<p>%(m/m)</p>,2026-04-01 08:00:00,其  他,延炼12万吨/年乙苯/苯乙烯装置
0.00,ST010137,<p>%(m/m)</p>,2026-04-01 08:00:00,丙烯基苯,延炼12万吨/年乙苯/苯乙烯装置
0.00,ST010137,<p>%(m/m)</p>,2026-04-01 08:00:00,二氢噻喃,延炼12万吨/年乙苯/苯乙烯装置
0.01,ST010137,<p>%(m/m)</p>,2026-04-01 08:00:00,2-乙烯基噻吩,延炼12万吨/年乙苯/苯乙烯装置
0.07,ST010137,<p>%(m/m)</p>,2026-04-02 08:00:00,非  芳,延炼12万吨/年乙苯/苯乙烯装置
0.14,ST010137,<p>%(m/m)</p>,2026-04-02 08:00:00,苯,延炼12万吨/年乙苯/苯乙烯装置
0.91,ST010137,<p>%(m/m)</p>,2026-04-02 08:00:00,甲  苯,延炼12万吨/年乙苯/苯乙烯装置
40.86,ST010137,<p>%(m/m)</p>,2026-04-02 08:00:00,乙  苯,延炼12万吨/年乙苯/苯乙烯装置
0.86,ST010137,<p>%(m/m)</p>,2026-04-02 08:00:00,二甲苯,延炼12万吨/年乙苯/苯乙烯装置
0.00,ST010137,<p>%(m/m)</p>,2026-04-02 08:00:00,异丙苯,延炼12万吨/年乙苯/苯乙烯装置
0.00,ST010137,<p>%(m/m)</p>,2026-04-02 08:00:00,正丙苯,延炼12万吨/年乙苯/苯乙烯装置
0.00,ST010137,<p>%(m/m)</p>,2026-04-02 08:00:00,甲乙苯,延炼12万吨/年乙苯/苯乙烯装置
57.01,ST010137,<p>%(m/m)</p>,2026-04-02 08:00:00,苯乙烯,延炼12万吨/年乙苯/苯乙烯装置
0.01,ST010137,<p>%(m/m)</p>,2026-04-02 08:00:00,α甲基苯乙烯,延炼12万吨/年乙苯/苯乙烯装置
0.00,ST010137,<p>%(m/m)</p>,2026-04-02 08:00:00,苯乙炔,延炼12万吨/年乙苯/苯乙烯装置
0.00,ST010137,<p>%(m/m)</p>,2026-04-02 08:00:00,间、对甲基苯乙烯,延炼12万吨/年乙苯/苯乙烯装置
0.14,ST010137,<p>%(m/m)</p>,2026-04-02 08:00:00,其  他,延炼12万吨/年乙苯/苯乙烯装置
0.002,ST010137,<p>%(m/m)</p>,2026-04-02 08:00:00,二乙基苯,延炼12万吨/年乙苯/苯乙烯装置
0.00,ST010137,<p>%(m/m)</p>,2026-04-02 08:00:00,丙烯基苯,延炼12万吨/年乙苯/苯乙烯装置
0.00,ST010137,<p>%(m/m)</p>,2026-04-02 08:00:00,二氢噻喃,延炼12万吨/年乙苯/苯乙烯装置
0.00,ST010137,<p>%(m/m)</p>,2026-04-02 08:00:00,2-乙烯基噻吩,延炼12万吨/年乙苯/苯乙烯装置
0.08,ST010137,<p>%(m/m)</p>,2026-04-03 08:00:00,非  芳,延炼12万吨/年乙苯/苯乙烯装置
0.15,ST010137,<p>%(m/m)</p>,2026-04-03 08:00:00,苯,延炼12万吨/年乙苯/苯乙烯装置
0.91,ST010137,<p>%(m/m)</p>,2026-04-03 08:00:00,甲  苯,延炼12万吨/年乙苯/苯乙烯装置
40.47,ST010137,<p>%(m/m)</p>,2026-04-03 08:00:00,乙  苯,延炼12万吨/年乙苯/苯乙烯装置
1.01,ST010137,<p>%(m/m)</p>,2026-04-03 08:00:00,二甲苯,延炼12万吨/年乙苯/苯乙烯装置
0.00,ST010137,<p>%(m/m)</p>,2026-04-03 08:00:00,异丙苯,延炼12万吨/年乙苯/苯乙烯装置
0.00,ST010137,<p>%(m/m)</p>,2026-04-03 08:00:00,正丙苯,延炼12万吨/年乙苯/苯乙烯装置
0.00,ST010137,<p>%(m/m)</p>,2026-04-03 08:00:00,甲乙苯,延炼12万吨/年乙苯/苯乙烯装置
57.16,ST010137,<p>%(m/m)</p>,2026-04-03 08:00:00,苯乙烯,延炼12万吨/年乙苯/苯乙烯装置
0.01,ST010137,<p>%(m/m)</p>,2026-04-03 08:00:00,α甲基苯乙烯,延炼12万吨/年乙苯/苯乙烯装置
0.00,ST010137,<p>%(m/m)</p>,2026-04-03 08:00:00,苯乙炔,延炼12万吨/年乙苯/苯乙烯装置
0.00,ST010137,<p>%(m/m)</p>,2026-04-03 08:00:00,间、对甲基苯乙烯,延炼12万吨/年乙苯/苯乙烯装置
0.20,ST010137,<p>%(m/m)</p>,2026-04-03 08:00:00,其  他,延炼12万吨/年乙苯/苯乙烯装置
0.00,ST010137,<p>%(m/m)</p>,2026-04-03 08:00:00,丙烯基苯,延炼12万吨/年乙苯/苯乙烯装置
0.00,ST010137,<p>%(m/m)</p>,2026-04-03 08:00:00,二氢噻喃,延炼12万吨/年乙苯/苯乙烯装置
0.01,ST010137,<p>%(m/m)</p>,2026-04-03 08:00:00,2-乙烯基噻吩,延炼12万吨/年乙苯/苯乙烯装置
0.06,ST010137,<p>%(m/m)</p>,2026-04-04 08:00:00,非  芳,延炼12万吨/年乙苯/苯乙烯装置
0.16,ST010137,<p>%(m/m)</p>,2026-04-04 08:00:00,苯,延炼12万吨/年乙苯/苯乙烯装置
0.39,ST010137,<p>%(m/m)</p>,2026-04-04 08:00:00,甲  苯,延炼12万吨/年乙苯/苯乙烯装置
40.24,ST010137,<p>%(m/m)</p>,2026-04-04 08:00:00,乙  苯,延炼12万吨/年乙苯/苯乙烯装置
0.90,ST010137,<p>%(m/m)</p>,2026-04-04 08:00:00,二甲苯,延炼12万吨/年乙苯/苯乙烯装置
0.00,ST010137,<p>%(m/m)</p>,2026-04-04 08:00:00,异丙苯,延炼12万吨/年乙苯/苯乙烯装置
0.00,ST010137,<p>%(m/m)</p>,2026-04-04 08:00:00,正丙苯,延炼12万吨/年乙苯/苯乙烯装置
0.00,ST010137,<p>%(m/m)</p>,2026-04-04 08:00:00,甲乙苯,延炼12万吨/年乙苯/苯乙烯装置
58.10,ST010137,<p>%(m/m)</p>,2026-04-04 08:00:00,苯乙烯,延炼12万吨/年乙苯/苯乙烯装置
0.01,ST010137,<p>%(m/m)</p>,2026-04-04 08:00:00,α甲基苯乙烯,延炼12万吨/年乙苯/苯乙烯装置
0.00,ST010137,<p>%(m/m)</p>,2026-04-04 08:00:00,苯乙炔,延炼12万吨/年乙苯/苯乙烯装置
0.00,ST010137,<p>%(m/m)</p>,2026-04-04 08:00:00,间、对甲基苯乙烯,延炼12万吨/年乙苯/苯乙烯装置
0.12,ST010137,<p>%(m/m)</p>,2026-04-04 08:00:00,其  他,延炼12万吨/年乙苯/苯乙烯装置
0.00,ST010137,<p>%(m/m)</p>,2026-04-04 08:00:00,丙烯基苯,延炼12万吨/年乙苯/苯乙烯装置
0.00,ST010137,<p>%(m/m)</p>,2026-04-04 08:00:00,二氢噻喃,延炼12万吨/年乙苯/苯乙烯装置
0.01,ST010137,<p>%(m/m)</p>,2026-04-04 08:00:00,2-乙烯基噻吩,延炼12万吨/年乙苯/苯乙烯装置
0.08,ST010137,<p>%(m/m)</p>,2026-04-05 08:00:00,非  芳,延炼12万吨/年乙苯/苯乙烯装置
0.24,ST010137,<p>%(m/m)</p>,2026-04-05 08:00:00,苯,延炼12万吨/年乙苯/苯乙烯装置
1.51,ST010137,<p>%(m/m)</p>,2026-04-05 08:00:00,甲  苯,延炼12万吨/年乙苯/苯乙烯装置
40.67,ST010137,<p>%(m/m)</p>,2026-04-05 08:00:00,乙  苯,延炼12万吨/年乙苯/苯乙烯装置
0.98,ST010137,<p>%(m/m)</p>,2026-04-05 08:00:00,二甲苯,延炼12万吨/年乙苯/苯乙烯装置
0.00,ST010137,<p>%(m/m)</p>,2026-04-05 08:00:00,异丙苯,延炼12万吨/年乙苯/苯乙烯装置
0.00,ST010137,<p>%(m/m)</p>,2026-04-05 08:00:00,正丙苯,延炼12万吨/年乙苯/苯乙烯装置
0.00,ST010137,<p>%(m/m)</p>,2026-04-05 08:00:00,甲乙苯,延炼12万吨/年乙苯/苯乙烯装置
56.44,ST010137,<p>%(m/m)</p>,2026-04-05 08:00:00,苯乙烯,延炼12万吨/年乙苯/苯乙烯装置
0.01,ST010137,<p>%(m/m)</p>,2026-04-05 08:00:00,α甲基苯乙烯,延炼12万吨/年乙苯/苯乙烯装置
0.00,ST010137,<p>%(m/m)</p>,2026-04-05 08:00:00,苯乙炔,延炼12万吨/年乙苯/苯乙烯装置
0.00,ST010137,<p>%(m/m)</p>,2026-04-05 08:00:00,间、对甲基苯乙烯,延炼12万吨/年乙苯/苯乙烯装置
0.07,ST010137,<p>%(m/m)</p>,2026-04-05 08:00:00,其  他,延炼12万吨/年乙苯/苯乙烯装置
0.00,ST010137,<p>%(m/m)</p>,2026-04-05 08:00:00,丙烯基苯,延炼12万吨/年乙苯/苯乙烯装置
0.00,ST010137,<p>%(m/m)</p>,2026-04-05 08:00:00,二氢噻喃,延炼12万吨/年乙苯/苯乙烯装置
0.01,ST010137,<p>%(m/m)</p>,2026-04-05 08:00:00,2-乙烯基噻吩,延炼12万吨/年乙苯/苯乙烯装置
0.07,ST010137,<p>%(m/m)</p>,2026-04-06 08:00:00,非  芳,延炼12万吨/年乙苯/苯乙烯装置
0.17,ST010137,<p>%(m/m)</p>,2026-04-06 08:00:00,苯,延炼12万吨/年乙苯/苯乙烯装置
1.10,ST010137,<p>%(m/m)</p>,2026-04-06 08:00:00,甲  苯,延炼12万吨/年乙苯/苯乙烯装置
40.53,ST010137,<p>%(m/m)</p>,2026-04-06 08:00:00,乙  苯,延炼12万吨/年乙苯/苯乙烯装置
0.89,ST010137,<p>%(m/m)</p>,2026-04-06 08:00:00,二甲苯,延炼12万吨/年乙苯/苯乙烯装置
0.00,ST010137,<p>%(m/m)</p>,2026-04-06 08:00:00,异丙苯,延炼12万吨/年乙苯/苯乙烯装置
0.00,ST010137,<p>%(m/m)</p>,2026-04-06 08:00:00,正丙苯,延炼12万吨/年乙苯/苯乙烯装置
0.00,ST010137,<p>%(m/m)</p>,2026-04-06 08:00:00,甲乙苯,延炼12万吨/年乙苯/苯乙烯装置
57.13,ST010137,<p>%(m/m)</p>,2026-04-06 08:00:00,苯乙烯,延炼12万吨/年乙苯/苯乙烯装置
0.01,ST010137,<p>%(m/m)</p>,2026-04-06 08:00:00,α甲基苯乙烯,延炼12万吨/年乙苯/苯乙烯装置
0.00,ST010137,<p>%(m/m)</p>,2026-04-06 08:00:00,苯乙炔,延炼12万吨/年乙苯/苯乙烯装置
0.00,ST010137,<p>%(m/m)</p>,2026-04-06 08:00:00,间、对甲基苯乙烯,延炼12万吨/年乙苯/苯乙烯装置
0.07,ST010137,<p>%(m/m)</p>,2026-04-06 08:00:00,其  他,延炼12万吨/年乙苯/苯乙烯装置
0.00,ST010137,<p>%(m/m)</p>,2026-04-06 08:00:00,丙烯基苯,延炼12万吨/年乙苯/苯乙烯装置
0.00,ST010137,<p>%(m/m)</p>,2026-04-06 08:00:00,二氢噻喃,延炼12万吨/年乙苯/苯乙烯装置
0.01,ST010137,<p>%(m/m)</p>,2026-04-06 08:00:00,2-乙烯基噻吩,延炼12万吨/年乙苯/苯乙烯装置
0.08,ST010137,<p>%(m/m)</p>,2026-04-07 08:00:00,非  芳,延炼12万吨/年乙苯/苯乙烯装置
0.14,ST010137,<p>%(m/m)</p>,2026-04-07 08:00:00,苯,延炼12万吨/年乙苯/苯乙烯装置
0.94,ST010137,<p>%(m/m)</p>,2026-04-07 08:00:00,甲  苯,延炼12万吨/年乙苯/苯乙烯装置
39.94,ST010137,<p>%(m/m)</p>,2026-04-07 08:00:00,乙  苯,延炼12万吨/年乙苯/苯乙烯装置
0.96,ST010137,<p>%(m/m)</p>,2026-04-07 08:00:00,二甲苯,延炼12万吨/年乙苯/苯乙烯装置
0.00,ST010137,<p>%(m/m)</p>,2026-04-07 08:00:00,异丙苯,延炼12万吨/年乙苯/苯乙烯装置
0.00,ST010137,<p>%(m/m)</p>,2026-04-07 08:00:00,正丙苯,延炼12万吨/年乙苯/苯乙烯装置
0.00,ST010137,<p>%(m/m)</p>,2026-04-07 08:00:00,甲乙苯,延炼12万吨/年乙苯/苯乙烯装置
57.81,ST010137,<p>%(m/m)</p>,2026-04-07 08:00:00,苯乙烯,延炼12万吨/年乙苯/苯乙烯装置
0.01,ST010137,<p>%(m/m)</p>,2026-04-07 08:00:00,α甲基苯乙烯,延炼12万吨/年乙苯/苯乙烯装置
0.00,ST010137,<p>%(m/m)</p>,2026-04-07 08:00:00,苯乙炔,延炼12万吨/年乙苯/苯乙烯装置
0.00,ST010137,<p>%(m/m)</p>,2026-04-07 08:00:00,间、对甲基苯乙烯,延炼12万吨/年乙苯/苯乙烯装置
0.11,ST010137,<p>%(m/m)</p>,2026-04-07 08:00:00,其  他,延炼12万吨/年乙苯/苯乙烯装置
0.00,ST010137,<p>%(m/m)</p>,2026-04-07 08:00:00,丙烯基苯,延炼12万吨/年乙苯/苯乙烯装置
0.00,ST010137,<p>%(m/m)</p>,2026-04-07 08:00:00,二氢噻喃,延炼12万吨/年乙苯/苯乙烯装置
0.01,ST010137,<p>%(m/m)</p>,2026-04-07 08:00:00,2-乙烯基噻吩,延炼12万吨/年乙苯/苯乙烯装置
0.08,ST010137,<p>%(m/m)</p>,2026-04-08 08:00:00,非  芳,延炼12万吨/年乙苯/苯乙烯装置
0.14,ST010137,<p>%(m/m)</p>,2026-04-08 08:00:00,苯,延炼12万吨/年乙苯/苯乙烯装置
0.91,ST010137,<p>%(m/m)</p>,2026-04-08 08:00:00,甲  苯,延炼12万吨/年乙苯/苯乙烯装置
40.48,ST010137,<p>%(m/m)</p>,2026-04-08 08:00:00,乙  苯,延炼12万吨/年乙苯/苯乙烯装置
1.13,ST010137,<p>%(m/m)</p>,2026-04-08 08:00:00,二甲苯,延炼12万吨/年乙苯/苯乙烯装置
0.00,ST010137,<p>%(m/m)</p>,2026-04-08 08:00:00,异丙苯,延炼12万吨/年乙苯/苯乙烯装置
0.00,ST010137,<p>%(m/m)</p>,2026-04-08 08:00:00,正丙苯,延炼12万吨/年乙苯/苯乙烯装置
0.00,ST010137,<p>%(m/m)</p>,2026-04-08 08:00:00,甲乙苯,延炼12万吨/年乙苯/苯乙烯装置
57.15,ST010137,<p>%(m/m)</p>,2026-04-08 08:00:00,苯乙烯,延炼12万吨/年乙苯/苯乙烯装置
0.01,ST010137,<p>%(m/m)</p>,2026-04-08 08:00:00,α甲基苯乙烯,延炼12万吨/年乙苯/苯乙烯装置
0.00,ST010137,<p>%(m/m)</p>,2026-04-08 08:00:00,苯乙炔,延炼12万吨/年乙苯/苯乙烯装置
0.00,ST010137,<p>%(m/m)</p>,2026-04-08 08:00:00,间、对甲基苯乙烯,延炼12万吨/年乙苯/苯乙烯装置
0.07,ST010137,<p>%(m/m)</p>,2026-04-08 08:00:00,其  他,延炼12万吨/年乙苯/苯乙烯装置
0.00,ST010137,<p>%(m/m)</p>,2026-04-08 08:00:00,丙烯基苯,延炼12万吨/年乙苯/苯乙烯装置
0.00,ST010137,<p>%(m/m)</p>,2026-04-08 08:00:00,二氢噻喃,延炼12万吨/年乙苯/苯乙烯装置
0.01,ST010137,<p>%(m/m)</p>,2026-04-08 08:00:00,2-乙烯基噻吩,延炼12万吨/年乙苯/苯乙烯装置
0.08,ST010137,<p>%(m/m)</p>,2026-04-09 08:00:00,非  芳,延炼12万吨/年乙苯/苯乙烯装置
0.20,ST010137,<p>%(m/m)</p>,2026-04-09 08:00:00,苯,延炼12万吨/年乙苯/苯乙烯装置
1.33,ST010137,<p>%(m/m)</p>,2026-04-09 08:00:00,甲  苯,延炼12万吨/年乙苯/苯乙烯装置
40.99,ST010137,<p>%(m/m)</p>,2026-04-09 08:00:00,乙  苯,延炼12万吨/年乙苯/苯乙烯装置
0.92,ST010137,<p>%(m/m)</p>,2026-04-09 08:00:00,二甲苯,延炼12万吨/年乙苯/苯乙烯装置
0.00,ST010137,<p>%(m/m)</p>,2026-04-09 08:00:00,异丙苯,延炼12万吨/年乙苯/苯乙烯装置
0.00,ST010137,<p>%(m/m)</p>,2026-04-09 08:00:00,正丙苯,延炼12万吨/年乙苯/苯乙烯装置
0.00,ST010137,<p>%(m/m)</p>,2026-04-09 08:00:00,甲乙苯,延炼12万吨/年乙苯/苯乙烯装置
56.40,ST010137,<p>%(m/m)</p>,2026-04-09 08:00:00,苯乙烯,延炼12万吨/年乙苯/苯乙烯装置
0.01,ST010137,<p>%(m/m)</p>,2026-04-09 08:00:00,α甲基苯乙烯,延炼12万吨/年乙苯/苯乙烯装置
0.00,ST010137,<p>%(m/m)</p>,2026-04-09 08:00:00,苯乙炔,延炼12万吨/年乙苯/苯乙烯装置
0.00,ST010137,<p>%(m/m)</p>,2026-04-09 08:00:00,间、对甲基苯乙烯,延炼12万吨/年乙苯/苯乙烯装置
0.06,ST010137,<p>%(m/m)</p>,2026-04-09 08:00:00,其  他,延炼12万吨/年乙苯/苯乙烯装置
0.001,ST010137,<p>%(m/m)</p>,2026-04-09 08:00:00,二乙基苯,延炼12万吨/年乙苯/苯乙烯装置
0.00,ST010137,<p>%(m/m)</p>,2026-04-09 08:00:00,丙烯基苯,延炼12万吨/年乙苯/苯乙烯装置
0.00,ST010137,<p>%(m/m)</p>,2026-04-09 08:00:00,二氢噻喃,延炼12万吨/年乙苯/苯乙烯装置
0.01,ST010137,<p>%(m/m)</p>,2026-04-09 08:00:00,2-乙烯基噻吩,延炼12万吨/年乙苯/苯乙烯装置
0.07,ST010137,<p>%(m/m)</p>,2026-04-10 08:00:00,非  芳,延炼12万吨/年乙苯/苯乙烯装置
0.19,ST010137,<p>%(m/m)</p>,2026-04-10 08:00:00,苯,延炼12万吨/年乙苯/苯乙烯装置
1.19,ST010137,<p>%(m/m)</p>,2026-04-10 08:00:00,甲  苯,延炼12万吨/年乙苯/苯乙烯装置
40.00,ST010137,<p>%(m/m)</p>,2026-04-10 08:00:00,乙  苯,延炼12万吨/年乙苯/苯乙烯装置
0.88,ST010137,<p>%(m/m)</p>,2026-04-10 08:00:00,二甲苯,延炼12万吨/年乙苯/苯乙烯装置
0.00,ST010137,<p>%(m/m)</p>,2026-04-10 08:00:00,异丙苯,延炼12万吨/年乙苯/苯乙烯装置
0.00,ST010137,<p>%(m/m)</p>,2026-04-10 08:00:00,正丙苯,延炼12万吨/年乙苯/苯乙烯装置
0.00,ST010137,<p>%(m/m)</p>,2026-04-10 08:00:00,甲乙苯,延炼12万吨/年乙苯/苯乙烯装置
57.55,ST010137,<p>%(m/m)</p>,2026-04-10 08:00:00,苯乙烯,延炼12万吨/年乙苯/苯乙烯装置
0.01,ST010137,<p>%(m/m)</p>,2026-04-10 08:00:00,α甲基苯乙烯,延炼12万吨/年乙苯/苯乙烯装置
0.00,ST010137,<p>%(m/m)</p>,2026-04-10 08:00:00,苯乙炔,延炼12万吨/年乙苯/苯乙烯装置
0.00,ST010137,<p>%(m/m)</p>,2026-04-10 08:00:00,间、对甲基苯乙烯,延炼12万吨/年乙苯/苯乙烯装置
0.10,ST010137,<p>%(m/m)</p>,2026-04-10 08:00:00,其  他,延炼12万吨/年乙苯/苯乙烯装置
0.00,ST010137,<p>%(m/m)</p>,2026-04-10 08:00:00,丙烯基苯,延炼12万吨/年乙苯/苯乙烯装置
0.00,ST010137,<p>%(m/m)</p>,2026-04-10 08:00:00,二氢噻喃,延炼12万吨/年乙苯/苯乙烯装置
0.01,ST010137,<p>%(m/m)</p>,2026-04-10 08:00:00,2-乙烯基噻吩,延炼12万吨/年乙苯/苯乙烯装置
0.07,ST010137,<p>%(m/m)</p>,2026-04-11 08:00:00,非  芳,延炼12万吨/年乙苯/苯乙烯装置
0.15,ST010137,<p>%(m/m)</p>,2026-04-11 08:00:00,苯,延炼12万吨/年乙苯/苯乙烯装置
0.96,ST010137,<p>%(m/m)</p>,2026-04-11 08:00:00,甲  苯,延炼12万吨/年乙苯/苯乙烯装置
39.60,ST010137,<p>%(m/m)</p>,2026-04-11 08:00:00,乙  苯,延炼12万吨/年乙苯/苯乙烯装置
0.99,ST010137,<p>%(m/m)</p>,2026-04-11 08:00:00,二甲苯,延炼12万吨/年乙苯/苯乙烯装置
0.00,ST010137,<p>%(m/m)</p>,2026-04-11 08:00:00,异丙苯,延炼12万吨/年乙苯/苯乙烯装置
0.00,ST010137,<p>%(m/m)</p>,2026-04-11 08:00:00,正丙苯,延炼12万吨/年乙苯/苯乙烯装置
0.00,ST010137,<p>%(m/m)</p>,2026-04-11 08:00:00,甲乙苯,延炼12万吨/年乙苯/苯乙烯装置
58.12,ST010137,<p>%(m/m)</p>,2026-04-11 08:00:00,苯乙烯,延炼12万吨/年乙苯/苯乙烯装置
0.01,ST010137,<p>%(m/m)</p>,2026-04-11 08:00:00,α甲基苯乙烯,延炼12万吨/年乙苯/苯乙烯装置
0.00,ST010137,<p>%(m/m)</p>,2026-04-11 08:00:00,苯乙炔,延炼12万吨/年乙苯/苯乙烯装置
0.00,ST010137,<p>%(m/m)</p>,2026-04-11 08:00:00,间、对甲基苯乙烯,延炼12万吨/年乙苯/苯乙烯装置
0.07,ST010137,<p>%(m/m)</p>,2026-04-11 08:00:00,其  他,延炼12万吨/年乙苯/苯乙烯装置
0.00,ST010137,<p>%(m/m)</p>,2026-04-11 08:00:00,丙烯基苯,延炼12万吨/年乙苯/苯乙烯装置
0.00,ST010137,<p>%(m/m)</p>,2026-04-11 08:00:00,二氢噻喃,延炼12万吨/年乙苯/苯乙烯装置
0.01,ST010137,<p>%(m/m)</p>,2026-04-11 08:00:00,2-乙烯基噻吩,延炼12万吨/年乙苯/苯乙烯装置
0.07,ST010137,<p>%(m/m)</p>,2026-04-12 08:00:00,非  芳,延炼12万吨/年乙苯/苯乙烯装置
0.14,ST010137,<p>%(m/m)</p>,2026-04-12 08:00:00,苯,延炼12万吨/年乙苯/苯乙烯装置
0.90,ST010137,<p>%(m/m)</p>,2026-04-12 08:00:00,甲  苯,延炼12万吨/年乙苯/苯乙烯装置
41.05,ST010137,<p>%(m/m)</p>,2026-04-12 08:00:00,乙  苯,延炼12万吨/年乙苯/苯乙烯装置
0.89,ST010137,<p>%(m/m)</p>,2026-04-12 08:00:00,二甲苯,延炼12万吨/年乙苯/苯乙烯装置
0.00,ST010137,<p>%(m/m)</p>,2026-04-12 08:00:00,异丙苯,延炼12万吨/年乙苯/苯乙烯装置
0.00,ST010137,<p>%(m/m)</p>,2026-04-12 08:00:00,正丙苯,延炼12万吨/年乙苯/苯乙烯装置
0.00,ST010137,<p>%(m/m)</p>,2026-04-12 08:00:00,甲乙苯,延炼12万吨/年乙苯/苯乙烯装置
56.85,ST010137,<p>%(m/m)</p>,2026-04-12 08:00:00,苯乙烯,延炼12万吨/年乙苯/苯乙烯装置
0.01,ST010137,<p>%(m/m)</p>,2026-04-12 08:00:00,α甲基苯乙烯,延炼12万吨/年乙苯/苯乙烯装置
0.00,ST010137,<p>%(m/m)</p>,2026-04-12 08:00:00,苯乙炔,延炼12万吨/年乙苯/苯乙烯装置
0.00,ST010137,<p>%(m/m)</p>,2026-04-12 08:00:00,间、对甲基苯乙烯,延炼12万吨/年乙苯/苯乙烯装置
0.07,ST010137,<p>%(m/m)</p>,2026-04-12 08:00:00,其  他,延炼12万吨/年乙苯/苯乙烯装置
0.00,ST010137,<p>%(m/m)</p>,2026-04-12 08:00:00,丙烯基苯,延炼12万吨/年乙苯/苯乙烯装置
0.00,ST010137,<p>%(m/m)</p>,2026-04-12 08:00:00,二氢噻喃,延炼12万吨/年乙苯/苯乙烯装置
0.01,ST010137,<p>%(m/m)</p>,2026-04-12 08:00:00,2-乙烯基噻吩,延炼12万吨/年乙苯/苯乙烯装置
0.00,ST010137,<p>%(m/m)</p>,2026-04-13 08:00:00,丙烯基苯,延炼12万吨/年乙苯/苯乙烯装置
0.00,ST010137,<p>%(m/m)</p>,2026-04-13 08:00:00,二氢噻喃,延炼12万吨/年乙苯/苯乙烯装置
0.01,ST010137,<p>%(m/m)</p>,2026-04-13 08:00:00,2-乙烯基噻吩,延炼12万吨/年乙苯/苯乙烯装置
0.07,ST010137,<p>%(m/m)</p>,2026-04-13 08:00:00,非  芳,延炼12万吨/年乙苯/苯乙烯装置
0.18,ST010137,<p>%(m/m)</p>,2026-04-13 08:00:00,苯,延炼12万吨/年乙苯/苯乙烯装置
1.19,ST010137,<p>%(m/m)</p>,2026-04-13 08:00:00,甲  苯,延炼12万吨/年乙苯/苯乙烯装置
40.63,ST010137,<p>%(m/m)</p>,2026-04-13 08:00:00,乙  苯,延炼12万吨/年乙苯/苯乙烯装置
0.92,ST010137,<p>%(m/m)</p>,2026-04-13 08:00:00,二甲苯,延炼12万吨/年乙苯/苯乙烯装置
0.00,ST010137,<p>%(m/m)</p>,2026-04-13 08:00:00,异丙苯,延炼12万吨/年乙苯/苯乙烯装置
0.00,ST010137,<p>%(m/m)</p>,2026-04-13 08:00:00,正丙苯,延炼12万吨/年乙苯/苯乙烯装置
0.00,ST010137,<p>%(m/m)</p>,2026-04-13 08:00:00,甲乙苯,延炼12万吨/年乙苯/苯乙烯装置
56.91,ST010137,<p>%(m/m)</p>,2026-04-13 08:00:00,苯乙烯,延炼12万吨/年乙苯/苯乙烯装置
0.01,ST010137,<p>%(m/m)</p>,2026-04-13 08:00:00,α甲基苯乙烯,延炼12万吨/年乙苯/苯乙烯装置
0.00,ST010137,<p>%(m/m)</p>,2026-04-13 08:00:00,苯乙炔,延炼12万吨/年乙苯/苯乙烯装置
0.00,ST010137,<p>%(m/m)</p>,2026-04-13 08:00:00,间、对甲基苯乙烯,延炼12万吨/年乙苯/苯乙烯装置
0.08,ST010137,<p>%(m/m)</p>,2026-04-13 08:00:00,其  他,延炼12万吨/年乙苯/苯乙烯装置
0.07,ST010137,<p>%(m/m)</p>,2026-04-14 08:00:00,非  芳,延炼12万吨/年乙苯/苯乙烯装置
0.26,ST010137,<p>%(m/m)</p>,2026-04-14 08:00:00,苯,延炼12万吨/年乙苯/苯乙烯装置
1.64,ST010137,<p>%(m/m)</p>,2026-04-14 08:00:00,甲  苯,延炼12万吨/年乙苯/苯乙烯装置
40.14,ST010137,<p>%(m/m)</p>,2026-04-14 08:00:00,乙  苯,延炼12万吨/年乙苯/苯乙烯装置
1.04,ST010137,<p>%(m/m)</p>,2026-04-14 08:00:00,二甲苯,延炼12万吨/年乙苯/苯乙烯装置
0.00,ST010137,<p>%(m/m)</p>,2026-04-14 08:00:00,异丙苯,延炼12万吨/年乙苯/苯乙烯装置
0.00,ST010137,<p>%(m/m)</p>,2026-04-14 08:00:00,正丙苯,延炼12万吨/年乙苯/苯乙烯装置
0.00,ST010137,<p>%(m/m)</p>,2026-04-14 08:00:00,甲乙苯,延炼12万吨/年乙苯/苯乙烯装置
56.74,ST010137,<p>%(m/m)</p>,2026-04-14 08:00:00,苯乙烯,延炼12万吨/年乙苯/苯乙烯装置
0.01,ST010137,<p>%(m/m)</p>,2026-04-14 08:00:00,α甲基苯乙烯,延炼12万吨/年乙苯/苯乙烯装置
0.00,ST010137,<p>%(m/m)</p>,2026-04-14 08:00:00,苯乙炔,延炼12万吨/年乙苯/苯乙烯装置
0.00,ST010137,<p>%(m/m)</p>,2026-04-14 08:00:00,间、对甲基苯乙烯,延炼12万吨/年乙苯/苯乙烯装置
0.07,ST010137,<p>%(m/m)</p>,2026-04-14 08:00:00,其  他,延炼12万吨/年乙苯/苯乙烯装置
0.00,ST010137,<p>%(m/m)</p>,2026-04-14 08:00:00,丙烯基苯,延炼12万吨/年乙苯/苯乙烯装置
0.00,ST010137,<p>%(m/m)</p>,2026-04-14 08:00:00,二氢噻喃,延炼12万吨/年乙苯/苯乙烯装置
0.01,ST010137,<p>%(m/m)</p>,2026-04-14 08:00:00,2-乙烯基噻吩,延炼12万吨/年乙苯/苯乙烯装置
0.01,ST010137,<p>%(m/m)</p>,2026-04-15 08:00:00,α甲基苯乙烯,延炼12万吨/年乙苯/苯乙烯装置
0.00,ST010137,<p>%(m/m)</p>,2026-04-15 08:00:00,苯乙炔,延炼12万吨/年乙苯/苯乙烯装置
0.00,ST010137,<p>%(m/m)</p>,2026-04-15 08:00:00,间、对甲基苯乙烯,延炼12万吨/年乙苯/苯乙烯装置
0.06,ST010137,<p>%(m/m)</p>,2026-04-15 08:00:00,其  他,延炼12万吨/年乙苯/苯乙烯装置
0.00,ST010137,<p>%(m/m)</p>,2026-04-15 08:00:00,丙烯基苯,延炼12万吨/年乙苯/苯乙烯装置
0.00,ST010137,<p>%(m/m)</p>,2026-04-15 08:00:00,二氢噻喃,延炼12万吨/年乙苯/苯乙烯装置
0.01,ST010137,<p>%(m/m)</p>,2026-04-15 08:00:00,2-乙烯基噻吩,延炼12万吨/年乙苯/苯乙烯装置
0.07,ST010137,<p>%(m/m)</p>,2026-04-15 08:00:00,非  芳,延炼12万吨/年乙苯/苯乙烯装置
0.15,ST010137,<p>%(m/m)</p>,2026-04-15 08:00:00,苯,延炼12万吨/年乙苯/苯乙烯装置
0.98,ST010137,<p>%(m/m)</p>,2026-04-15 08:00:00,甲  苯,延炼12万吨/年乙苯/苯乙烯装置
39.71,ST010137,<p>%(m/m)</p>,2026-04-15 08:00:00,乙  苯,延炼12万吨/年乙苯/苯乙烯装置
0.99,ST010137,<p>%(m/m)</p>,2026-04-15 08:00:00,二甲苯,延炼12万吨/年乙苯/苯乙烯装置
0.00,ST010137,<p>%(m/m)</p>,2026-04-15 08:00:00,异丙苯,延炼12万吨/年乙苯/苯乙烯装置
0.00,ST010137,<p>%(m/m)</p>,2026-04-15 08:00:00,正丙苯,延炼12万吨/年乙苯/苯乙烯装置
0.00,ST010137,<p>%(m/m)</p>,2026-04-15 08:00:00,甲乙苯,延炼12万吨/年乙苯/苯乙烯装置
58.00,ST010137,<p>%(m/m)</p>,2026-04-15 08:00:00,苯乙烯,延炼12万吨/年乙苯/苯乙烯装置
0.07,ST010137,<p>%(m/m)</p>,2026-04-16 08:00:00,非  芳,延炼12万吨/年乙苯/苯乙烯装置
0.14,ST010137,<p>%(m/m)</p>,2026-04-16 08:00:00,苯,延炼12万吨/年乙苯/苯乙烯装置
0.98,ST010137,<p>%(m/m)</p>,2026-04-16 08:00:00,甲  苯,延炼12万吨/年乙苯/苯乙烯装置
38.65,ST010137,<p>%(m/m)</p>,2026-04-16 08:00:00,乙  苯,延炼12万吨/年乙苯/苯乙烯装置
0.82,ST010137,<p>%(m/m)</p>,2026-04-16 08:00:00,二甲苯,延炼12万吨/年乙苯/苯乙烯装置
0.00,ST010137,<p>%(m/m)</p>,2026-04-16 08:00:00,异丙苯,延炼12万吨/年乙苯/苯乙烯装置
0.00,ST010137,<p>%(m/m)</p>,2026-04-16 08:00:00,正丙苯,延炼12万吨/年乙苯/苯乙烯装置
0.00,ST010137,<p>%(m/m)</p>,2026-04-16 08:00:00,甲乙苯,延炼12万吨/年乙苯/苯乙烯装置
59.14,ST010137,<p>%(m/m)</p>,2026-04-16 08:00:00,苯乙烯,延炼12万吨/年乙苯/苯乙烯装置
0.01,ST010137,<p>%(m/m)</p>,2026-04-16 08:00:00,α甲基苯乙烯,延炼12万吨/年乙苯/苯乙烯装置
0.00,ST010137,<p>%(m/m)</p>,2026-04-16 08:00:00,苯乙炔,延炼12万吨/年乙苯/苯乙烯装置
0.00,ST010137,<p>%(m/m)</p>,2026-04-16 08:00:00,间、对甲基苯乙烯,延炼12万吨/年乙苯/苯乙烯装置
0.17,ST010137,<p>%(m/m)</p>,2026-04-16 08:00:00,其  他,延炼12万吨/年乙苯/苯乙烯装置
0.006,ST010137,<p>%(m/m)</p>,2026-04-16 08:00:00,二乙基苯,延炼12万吨/年乙苯/苯乙烯装置
0.00,ST010137,<p>%(m/m)</p>,2026-04-16 08:00:00,丙烯基苯,延炼12万吨/年乙苯/苯乙烯装置
0.00,ST010137,<p>%(m/m)</p>,2026-04-16 08:00:00,二氢噻喃,延炼12万吨/年乙苯/苯乙烯装置
0.01,ST010137,<p>%(m/m)</p>,2026-04-16 08:00:00,2-乙烯基噻吩,延炼12万吨/年乙苯/苯乙烯装置
0.06,ST010137,<p>%(m/m)</p>,2026-04-17 08:00:00,非  芳,延炼12万吨/年乙苯/苯乙烯装置
0.16,ST010137,<p>%(m/m)</p>,2026-04-17 08:00:00,苯,延炼12万吨/年乙苯/苯乙烯装置
1.07,ST010137,<p>%(m/m)</p>,2026-04-17 08:00:00,甲  苯,延炼12万吨/年乙苯/苯乙烯装置
40.20,ST010137,<p>%(m/m)</p>,2026-04-17 08:00:00,乙  苯,延炼12万吨/年乙苯/苯乙烯装置
0.83,ST010137,<p>%(m/m)</p>,2026-04-17 08:00:00,二甲苯,延炼12万吨/年乙苯/苯乙烯装置
0.00,ST010137,<p>%(m/m)</p>,2026-04-17 08:00:00,异丙苯,延炼12万吨/年乙苯/苯乙烯装置
0.00,ST010137,<p>%(m/m)</p>,2026-04-17 08:00:00,正丙苯,延炼12万吨/年乙苯/苯乙烯装置
0.00,ST010137,<p>%(m/m)</p>,2026-04-17 08:00:00,甲乙苯,延炼12万吨/年乙苯/苯乙烯装置
57.54,ST010137,<p>%(m/m)</p>,2026-04-17 08:00:00,苯乙烯,延炼12万吨/年乙苯/苯乙烯装置
0.01,ST010137,<p>%(m/m)</p>,2026-04-17 08:00:00,α甲基苯乙烯,延炼12万吨/年乙苯/苯乙烯装置
0.00,ST010137,<p>%(m/m)</p>,2026-04-17 08:00:00,苯乙炔,延炼12万吨/年乙苯/苯乙烯装置
0.00,ST010137,<p>%(m/m)</p>,2026-04-17 08:00:00,间、对甲基苯乙烯,延炼12万吨/年乙苯/苯乙烯装置
0.10,ST010137,<p>%(m/m)</p>,2026-04-17 08:00:00,其  他,延炼12万吨/年乙苯/苯乙烯装置
0.00,ST010137,<p>%(m/m)</p>,2026-04-17 08:00:00,丙烯基苯,延炼12万吨/年乙苯/苯乙烯装置
0.00,ST010137,<p>%(m/m)</p>,2026-04-17 08:00:00,二氢噻喃,延炼12万吨/年乙苯/苯乙烯装置
0.01,ST010137,<p>%(m/m)</p>,2026-04-17 08:00:00,2-乙烯基噻吩,延炼12万吨/年乙苯/苯乙烯装置
0.06,ST010137,<p>%(m/m)</p>,2026-04-18 08:00:00,非  芳,延炼12万吨/年乙苯/苯乙烯装置
0.15,ST010137,<p>%(m/m)</p>,2026-04-18 08:00:00,苯,延炼12万吨/年乙苯/苯乙烯装置
0.97,ST010137,<p>%(m/m)</p>,2026-04-18 08:00:00,甲  苯,延炼12万吨/年乙苯/苯乙烯装置
39.30,ST010137,<p>%(m/m)</p>,2026-04-18 08:00:00,乙  苯,延炼12万吨/年乙苯/苯乙烯装置
0.86,ST010137,<p>%(m/m)</p>,2026-04-18 08:00:00,二甲苯,延炼12万吨/年乙苯/苯乙烯装置
0.00,ST010137,<p>%(m/m)</p>,2026-04-18 08:00:00,异丙苯,延炼12万吨/年乙苯/苯乙烯装置
0.00,ST010137,<p>%(m/m)</p>,2026-04-18 08:00:00,正丙苯,延炼12万吨/年乙苯/苯乙烯装置
0.00,ST010137,<p>%(m/m)</p>,2026-04-18 08:00:00,甲乙苯,延炼12万吨/年乙苯/苯乙烯装置
58.55,ST010137,<p>%(m/m)</p>,2026-04-18 08:00:00,苯乙烯,延炼12万吨/年乙苯/苯乙烯装置
0.01,ST010137,<p>%(m/m)</p>,2026-04-18 08:00:00,α甲基苯乙烯,延炼12万吨/年乙苯/苯乙烯装置
0.00,ST010137,<p>%(m/m)</p>,2026-04-18 08:00:00,苯乙炔,延炼12万吨/年乙苯/苯乙烯装置
0.00,ST010137,<p>%(m/m)</p>,2026-04-18 08:00:00,间、对甲基苯乙烯,延炼12万吨/年乙苯/苯乙烯装置
0.08,ST010137,<p>%(m/m)</p>,2026-04-18 08:00:00,其  他,延炼12万吨/年乙苯/苯乙烯装置
0.00,ST010137,<p>%(m/m)</p>,2026-04-18 08:00:00,丙烯基苯,延炼12万吨/年乙苯/苯乙烯装置
0.00,ST010137,<p>%(m/m)</p>,2026-04-18 08:00:00,二氢噻喃,延炼12万吨/年乙苯/苯乙烯装置
0.01,ST010137,<p>%(m/m)</p>,2026-04-18 08:00:00,2-乙烯基噻吩,延炼12万吨/年乙苯/苯乙烯装置
0.01,ST010137,<p>%(m/m)</p>,2026-04-19 08:00:00,2-乙烯基噻吩,延炼12万吨/年乙苯/苯乙烯装置
0.07,ST010137,<p>%(m/m)</p>,2026-04-19 08:00:00,非  芳,延炼12万吨/年乙苯/苯乙烯装置
0.20,ST010137,<p>%(m/m)</p>,2026-04-19 08:00:00,苯,延炼12万吨/年乙苯/苯乙烯装置
1.31,ST010137,<p>%(m/m)</p>,2026-04-19 08:00:00,甲  苯,延炼12万吨/年乙苯/苯乙烯装置
38.93,ST010137,<p>%(m/m)</p>,2026-04-19 08:00:00,乙  苯,延炼12万吨/年乙苯/苯乙烯装置
0.96,ST010137,<p>%(m/m)</p>,2026-04-19 08:00:00,二甲苯,延炼12万吨/年乙苯/苯乙烯装置
0.00,ST010137,<p>%(m/m)</p>,2026-04-19 08:00:00,异丙苯,延炼12万吨/年乙苯/苯乙烯装置
0.00,ST010137,<p>%(m/m)</p>,2026-04-19 08:00:00,正丙苯,延炼12万吨/年乙苯/苯乙烯装置
0.00,ST010137,<p>%(m/m)</p>,2026-04-19 08:00:00,甲乙苯,延炼12万吨/年乙苯/苯乙烯装置
58.45,ST010137,<p>%(m/m)</p>,2026-04-19 08:00:00,苯乙烯,延炼12万吨/年乙苯/苯乙烯装置
0.01,ST010137,<p>%(m/m)</p>,2026-04-19 08:00:00,α甲基苯乙烯,延炼12万吨/年乙苯/苯乙烯装置
0.00,ST010137,<p>%(m/m)</p>,2026-04-19 08:00:00,苯乙炔,延炼12万吨/年乙苯/苯乙烯装置
0.00,ST010137,<p>%(m/m)</p>,2026-04-19 08:00:00,间、对甲基苯乙烯,延炼12万吨/年乙苯/苯乙烯装置
0.06,ST010137,<p>%(m/m)</p>,2026-04-19 08:00:00,其  他,延炼12万吨/年乙苯/苯乙烯装置
0.00,ST010137,<p>%(m/m)</p>,2026-04-19 08:00:00,丙烯基苯,延炼12万吨/年乙苯/苯乙烯装置
0.00,ST010137,<p>%(m/m)</p>,2026-04-19 08:00:00,二氢噻喃,延炼12万吨/年乙苯/苯乙烯装置
0.07,ST010137,<p>%(m/m)</p>,2026-04-20 08:00:00,非  芳,延炼12万吨/年乙苯/苯乙烯装置
0.15,ST010137,<p>%(m/m)</p>,2026-04-20 08:00:00,苯,延炼12万吨/年乙苯/苯乙烯装置
0.97,ST010137,<p>%(m/m)</p>,2026-04-20 08:00:00,甲  苯,延炼12万吨/年乙苯/苯乙烯装置
0.00,ST010137,<p>%(m/m)</p>,2026-04-20 08:00:00,二氢噻喃,延炼12万吨/年乙苯/苯乙烯装置
0.01,ST010137,<p>%(m/m)</p>,2026-04-20 08:00:00,2-乙烯基噻吩,延炼12万吨/年乙苯/苯乙烯装置
38.73,ST010137,<p>%(m/m)</p>,2026-04-20 08:00:00,乙  苯,延炼12万吨/年乙苯/苯乙烯装置
0.92,ST010137,<p>%(m/m)</p>,2026-04-20 08:00:00,二甲苯,延炼12万吨/年乙苯/苯乙烯装置
0.00,ST010137,<p>%(m/m)</p>,2026-04-20 08:00:00,异丙苯,延炼12万吨/年乙苯/苯乙烯装置
0.00,ST010137,<p>%(m/m)</p>,2026-04-20 08:00:00,正丙苯,延炼12万吨/年乙苯/苯乙烯装置
0.00,ST010137,<p>%(m/m)</p>,2026-04-20 08:00:00,甲乙苯,延炼12万吨/年乙苯/苯乙烯装置
59.05,ST010137,<p>%(m/m)</p>,2026-04-20 08:00:00,苯乙烯,延炼12万吨/年乙苯/苯乙烯装置
0.01,ST010137,<p>%(m/m)</p>,2026-04-20 08:00:00,α甲基苯乙烯,延炼12万吨/年乙苯/苯乙烯装置
0.00,ST010137,<p>%(m/m)</p>,2026-04-20 08:00:00,苯乙炔,延炼12万吨/年乙苯/苯乙烯装置
0.00,ST010137,<p>%(m/m)</p>,2026-04-20 08:00:00,间、对甲基苯乙烯,延炼12万吨/年乙苯/苯乙烯装置
0.08,ST010137,<p>%(m/m)</p>,2026-04-20 08:00:00,其  他,延炼12万吨/年乙苯/苯乙烯装置
0.00,ST010137,<p>%(m/m)</p>,2026-04-20 08:00:00,丙烯基苯,延炼12万吨/年乙苯/苯乙烯装置
0.07,ST010137,<p>%(m/m)</p>,2026-04-21 08:00:00,非  芳,延炼12万吨/年乙苯/苯乙烯装置
0.15,ST010137,<p>%(m/m)</p>,2026-04-21 08:00:00,苯,延炼12万吨/年乙苯/苯乙烯装置
0.99,ST010137,<p>%(m/m)</p>,2026-04-21 08:00:00,甲  苯,延炼12万吨/年乙苯/苯乙烯装置
39.51,ST010137,<p>%(m/m)</p>,2026-04-21 08:00:00,乙  苯,延炼12万吨/年乙苯/苯乙烯装置
0.90,ST010137,<p>%(m/m)</p>,2026-04-21 08:00:00,二甲苯,延炼12万吨/年乙苯/苯乙烯装置
0.00,ST010137,<p>%(m/m)</p>,2026-04-21 08:00:00,异丙苯,延炼12万吨/年乙苯/苯乙烯装置
0.00,ST010137,<p>%(m/m)</p>,2026-04-21 08:00:00,正丙苯,延炼12万吨/年乙苯/苯乙烯装置
0.00,ST010137,<p>%(m/m)</p>,2026-04-21 08:00:00,甲乙苯,延炼12万吨/年乙苯/苯乙烯装置
58.29,ST010137,<p>%(m/m)</p>,2026-04-21 08:00:00,苯乙烯,延炼12万吨/年乙苯/苯乙烯装置
0.01,ST010137,<p>%(m/m)</p>,2026-04-21 08:00:00,α甲基苯乙烯,延炼12万吨/年乙苯/苯乙烯装置
0.00,ST010137,<p>%(m/m)</p>,2026-04-21 08:00:00,苯乙炔,延炼12万吨/年乙苯/苯乙烯装置
0.00,ST010137,<p>%(m/m)</p>,2026-04-21 08:00:00,间、对甲基苯乙烯,延炼12万吨/年乙苯/苯乙烯装置
0.07,ST010137,<p>%(m/m)</p>,2026-04-21 08:00:00,其  他,延炼12万吨/年乙苯/苯乙烯装置
0.00,ST010137,<p>%(m/m)</p>,2026-04-21 08:00:00,丙烯基苯,延炼12万吨/年乙苯/苯乙烯装置
0.00,ST010137,<p>%(m/m)</p>,2026-04-21 08:00:00,二氢噻喃,延炼12万吨/年乙苯/苯乙烯装置
0.01,ST010137,<p>%(m/m)</p>,2026-04-21 08:00:00,2-乙烯基噻吩,延炼12万吨/年乙苯/苯乙烯装置
0.07,ST010137,<p>%(m/m)</p>,2026-04-22 08:00:00,非  芳,延炼12万吨/年乙苯/苯乙烯装置
0.13,ST010137,<p>%(m/m)</p>,2026-04-22 08:00:00,苯,延炼12万吨/年乙苯/苯乙烯装置
0.95,ST010137,<p>%(m/m)</p>,2026-04-22 08:00:00,甲  苯,延炼12万吨/年乙苯/苯乙烯装置
40.15,ST010137,<p>%(m/m)</p>,2026-04-22 08:00:00,乙  苯,延炼12万吨/年乙苯/苯乙烯装置
1.00,ST010137,<p>%(m/m)</p>,2026-04-22 08:00:00,二甲苯,延炼12万吨/年乙苯/苯乙烯装置
0.00,ST010137,<p>%(m/m)</p>,2026-04-22 08:00:00,异丙苯,延炼12万吨/年乙苯/苯乙烯装置
0.00,ST010137,<p>%(m/m)</p>,2026-04-22 08:00:00,正丙苯,延炼12万吨/年乙苯/苯乙烯装置
0.00,ST010137,<p>%(m/m)</p>,2026-04-22 08:00:00,甲乙苯,延炼12万吨/年乙苯/苯乙烯装置
57.62,ST010137,<p>%(m/m)</p>,2026-04-22 08:00:00,苯乙烯,延炼12万吨/年乙苯/苯乙烯装置
0.01,ST010137,<p>%(m/m)</p>,2026-04-22 08:00:00,α甲基苯乙烯,延炼12万吨/年乙苯/苯乙烯装置
0.00,ST010137,<p>%(m/m)</p>,2026-04-22 08:00:00,苯乙炔,延炼12万吨/年乙苯/苯乙烯装置
0.00,ST010137,<p>%(m/m)</p>,2026-04-22 08:00:00,间、对甲基苯乙烯,延炼12万吨/年乙苯/苯乙烯装置
0.06,ST010137,<p>%(m/m)</p>,2026-04-22 08:00:00,其  他,延炼12万吨/年乙苯/苯乙烯装置
0.00,ST010137,<p>%(m/m)</p>,2026-04-22 08:00:00,丙烯基苯,延炼12万吨/年乙苯/苯乙烯装置
0.00,ST010137,<p>%(m/m)</p>,2026-04-22 08:00:00,二氢噻喃,延炼12万吨/年乙苯/苯乙烯装置
0.01,ST010137,<p>%(m/m)</p>,2026-04-22 08:00:00,2-乙烯基噻吩,延炼12万吨/年乙苯/苯乙烯装置
0.06,ST010137,<p>%(m/m)</p>,2026-04-23 08:00:00,非  芳,延炼12万吨/年乙苯/苯乙烯装置
0.13,ST010137,<p>%(m/m)</p>,2026-04-23 08:00:00,苯,延炼12万吨/年乙苯/苯乙烯装置
0.90,ST010137,<p>%(m/m)</p>,2026-04-23 08:00:00,甲  苯,延炼12万吨/年乙苯/苯乙烯装置
40.75,ST010137,<p>%(m/m)</p>,2026-04-23 08:00:00,乙  苯,延炼12万吨/年乙苯/苯乙烯装置
0.93,ST010137,<p>%(m/m)</p>,2026-04-23 08:00:00,二甲苯,延炼12万吨/年乙苯/苯乙烯装置
0.00,ST010137,<p>%(m/m)</p>,2026-04-23 08:00:00,异丙苯,延炼12万吨/年乙苯/苯乙烯装置
0.00,ST010137,<p>%(m/m)</p>,2026-04-23 08:00:00,正丙苯,延炼12万吨/年乙苯/苯乙烯装置
0.00,ST010137,<p>%(m/m)</p>,2026-04-23 08:00:00,甲乙苯,延炼12万吨/年乙苯/苯乙烯装置
57.06,ST010137,<p>%(m/m)</p>,2026-04-23 08:00:00,苯乙烯,延炼12万吨/年乙苯/苯乙烯装置
0.01,ST010137,<p>%(m/m)</p>,2026-04-23 08:00:00,α甲基苯乙烯,延炼12万吨/年乙苯/苯乙烯装置
0.00,ST010137,<p>%(m/m)</p>,2026-04-23 08:00:00,苯乙炔,延炼12万吨/年乙苯/苯乙烯装置
0.00,ST010137,<p>%(m/m)</p>,2026-04-23 08:00:00,间、对甲基苯乙烯,延炼12万吨/年乙苯/苯乙烯装置
0.14,ST010137,<p>%(m/m)</p>,2026-04-23 08:00:00,其  他,延炼12万吨/年乙苯/苯乙烯装置
0.004,ST010137,<p>%(m/m)</p>,2026-04-23 08:00:00,二乙基苯,延炼12万吨/年乙苯/苯乙烯装置
0.00,ST010137,<p>%(m/m)</p>,2026-04-23 08:00:00,丙烯基苯,延炼12万吨/年乙苯/苯乙烯装置
0.00,ST010137,<p>%(m/m)</p>,2026-04-23 08:00:00,二氢噻喃,延炼12万吨/年乙苯/苯乙烯装置
0.01,ST010137,<p>%(m/m)</p>,2026-04-23 08:00:00,2-乙烯基噻吩,延炼12万吨/年乙苯/苯乙烯装置
0.07,ST010137,<p>%(m/m)</p>,2026-04-24 08:00:00,非  芳,延炼12万吨/年乙苯/苯乙烯装置
0.15,ST010137,<p>%(m/m)</p>,2026-04-24 08:00:00,苯,延炼12万吨/年乙苯/苯乙烯装置
0.95,ST010137,<p>%(m/m)</p>,2026-04-24 08:00:00,甲  苯,延炼12万吨/年乙苯/苯乙烯装置
39.49,ST010137,<p>%(m/m)</p>,2026-04-24 08:00:00,乙  苯,延炼12万吨/年乙苯/苯乙烯装置
0.96,ST010137,<p>%(m/m)</p>,2026-04-24 08:00:00,二甲苯,延炼12万吨/年乙苯/苯乙烯装置
0.00,ST010137,<p>%(m/m)</p>,2026-04-24 08:00:00,异丙苯,延炼12万吨/年乙苯/苯乙烯装置
0.00,ST010137,<p>%(m/m)</p>,2026-04-24 08:00:00,正丙苯,延炼12万吨/年乙苯/苯乙烯装置
0.00,ST010137,<p>%(m/m)</p>,2026-04-24 08:00:00,甲乙苯,延炼12万吨/年乙苯/苯乙烯装置
58.27,ST010137,<p>%(m/m)</p>,2026-04-24 08:00:00,苯乙烯,延炼12万吨/年乙苯/苯乙烯装置
0.01,ST010137,<p>%(m/m)</p>,2026-04-24 08:00:00,α甲基苯乙烯,延炼12万吨/年乙苯/苯乙烯装置
0.00,ST010137,<p>%(m/m)</p>,2026-04-24 08:00:00,苯乙炔,延炼12万吨/年乙苯/苯乙烯装置
0.00,ST010137,<p>%(m/m)</p>,2026-04-24 08:00:00,间、对甲基苯乙烯,延炼12万吨/年乙苯/苯乙烯装置
0.09,ST010137,<p>%(m/m)</p>,2026-04-24 08:00:00,其  他,延炼12万吨/年乙苯/苯乙烯装置
0.00,ST010137,<p>%(m/m)</p>,2026-04-24 08:00:00,丙烯基苯,延炼12万吨/年乙苯/苯乙烯装置
0.00,ST010137,<p>%(m/m)</p>,2026-04-24 08:00:00,二氢噻喃,延炼12万吨/年乙苯/苯乙烯装置
0.01,ST010137,<p>%(m/m)</p>,2026-04-24 08:00:00,2-乙烯基噻吩,延炼12万吨/年乙苯/苯乙烯装置
0.07,ST010137,<p>%(m/m)</p>,2026-04-25 08:00:00,非  芳,延炼12万吨/年乙苯/苯乙烯装置
0.13,ST010137,<p>%(m/m)</p>,2026-04-25 08:00:00,苯,延炼12万吨/年乙苯/苯乙烯装置
0.90,ST010137,<p>%(m/m)</p>,2026-04-25 08:00:00,甲  苯,延炼12万吨/年乙苯/苯乙烯装置
40.45,ST010137,<p>%(m/m)</p>,2026-04-25 08:00:00,乙  苯,延炼12万吨/年乙苯/苯乙烯装置
0.94,ST010137,<p>%(m/m)</p>,2026-04-25 08:00:00,二甲苯,延炼12万吨/年乙苯/苯乙烯装置
0.00,ST010137,<p>%(m/m)</p>,2026-04-25 08:00:00,异丙苯,延炼12万吨/年乙苯/苯乙烯装置
0.00,ST010137,<p>%(m/m)</p>,2026-04-25 08:00:00,正丙苯,延炼12万吨/年乙苯/苯乙烯装置
0.00,ST010137,<p>%(m/m)</p>,2026-04-25 08:00:00,甲乙苯,延炼12万吨/年乙苯/苯乙烯装置
57.38,ST010137,<p>%(m/m)</p>,2026-04-25 08:00:00,苯乙烯,延炼12万吨/年乙苯/苯乙烯装置
0.01,ST010137,<p>%(m/m)</p>,2026-04-25 08:00:00,α甲基苯乙烯,延炼12万吨/年乙苯/苯乙烯装置
0.00,ST010137,<p>%(m/m)</p>,2026-04-25 08:00:00,苯乙炔,延炼12万吨/年乙苯/苯乙烯装置
0.00,ST010137,<p>%(m/m)</p>,2026-04-25 08:00:00,间、对甲基苯乙烯,延炼12万吨/年乙苯/苯乙烯装置
0.09,ST010137,<p>%(m/m)</p>,2026-04-25 08:00:00,其  他,延炼12万吨/年乙苯/苯乙烯装置
0.00,ST010137,<p>%(m/m)</p>,2026-04-25 08:00:00,丙烯基苯,延炼12万吨/年乙苯/苯乙烯装置
0.00,ST010137,<p>%(m/m)</p>,2026-04-25 08:00:00,二氢噻喃,延炼12万吨/年乙苯/苯乙烯装置
0.01,ST010137,<p>%(m/m)</p>,2026-04-25 08:00:00,2-乙烯基噻吩,延炼12万吨/年乙苯/苯乙烯装置
0.07,ST010137,<p>%(m/m)</p>,2026-04-26 08:00:00,非  芳,延炼12万吨/年乙苯/苯乙烯装置
0.15,ST010137,<p>%(m/m)</p>,2026-04-26 08:00:00,苯,延炼12万吨/年乙苯/苯乙烯装置
0.95,ST010137,<p>%(m/m)</p>,2026-04-26 08:00:00,甲  苯,延炼12万吨/年乙苯/苯乙烯装置
40.01,ST010137,<p>%(m/m)</p>,2026-04-26 08:00:00,乙  苯,延炼12万吨/年乙苯/苯乙烯装置
0.38,ST010137,<p>%(m/m)</p>,2026-04-26 08:00:00,二甲苯,延炼12万吨/年乙苯/苯乙烯装置
0.00,ST010137,<p>%(m/m)</p>,2026-04-26 08:00:00,异丙苯,延炼12万吨/年乙苯/苯乙烯装置
0.00,ST010137,<p>%(m/m)</p>,2026-04-26 08:00:00,正丙苯,延炼12万吨/年乙苯/苯乙烯装置
0.00,ST010137,<p>%(m/m)</p>,2026-04-26 08:00:00,甲乙苯,延炼12万吨/年乙苯/苯乙烯装置
58.26,ST010137,<p>%(m/m)</p>,2026-04-26 08:00:00,苯乙烯,延炼12万吨/年乙苯/苯乙烯装置
0.01,ST010137,<p>%(m/m)</p>,2026-04-26 08:00:00,α甲基苯乙烯,延炼12万吨/年乙苯/苯乙烯装置
0.00,ST010137,<p>%(m/m)</p>,2026-04-26 08:00:00,苯乙炔,延炼12万吨/年乙苯/苯乙烯装置
0.00,ST010137,<p>%(m/m)</p>,2026-04-26 08:00:00,间、对甲基苯乙烯,延炼12万吨/年乙苯/苯乙烯装置
0.16,ST010137,<p>%(m/m)</p>,2026-04-26 08:00:00,其  他,延炼12万吨/年乙苯/苯乙烯装置
0.00,ST010137,<p>%(m/m)</p>,2026-04-26 08:00:00,丙烯基苯,延炼12万吨/年乙苯/苯乙烯装置
0.00,ST010137,<p>%(m/m)</p>,2026-04-26 08:00:00,二氢噻喃,延炼12万吨/年乙苯/苯乙烯装置
0.00,ST010137,<p>%(m/m)</p>,2026-04-26 08:00:00,2-乙烯基噻吩,延炼12万吨/年乙苯/苯乙烯装置
0.08,ST010137,<p>%(m/m)</p>,2026-04-27 08:00:00,非  芳,延炼12万吨/年乙苯/苯乙烯装置
0.14,ST010137,<p>%(m/m)</p>,2026-04-27 08:00:00,苯,延炼12万吨/年乙苯/苯乙烯装置
0.95,ST010137,<p>%(m/m)</p>,2026-04-27 08:00:00,甲  苯,延炼12万吨/年乙苯/苯乙烯装置
40.09,ST010137,<p>%(m/m)</p>,2026-04-27 08:00:00,乙  苯,延炼12万吨/年乙苯/苯乙烯装置
1.01,ST010137,<p>%(m/m)</p>,2026-04-27 08:00:00,二甲苯,延炼12万吨/年乙苯/苯乙烯装置
0.00,ST010137,<p>%(m/m)</p>,2026-04-27 08:00:00,异丙苯,延炼12万吨/年乙苯/苯乙烯装置
0.00,ST010137,<p>%(m/m)</p>,2026-04-27 08:00:00,正丙苯,延炼12万吨/年乙苯/苯乙烯装置
0.00,ST010137,<p>%(m/m)</p>,2026-04-27 08:00:00,甲乙苯,延炼12万吨/年乙苯/苯乙烯装置
57.63,ST010137,<p>%(m/m)</p>,2026-04-27 08:00:00,苯乙烯,延炼12万吨/年乙苯/苯乙烯装置
0.01,ST010137,<p>%(m/m)</p>,2026-04-27 08:00:00,α甲基苯乙烯,延炼12万吨/年乙苯/苯乙烯装置
0.00,ST010137,<p>%(m/m)</p>,2026-04-27 08:00:00,苯乙炔,延炼12万吨/年乙苯/苯乙烯装置
0.00,ST010137,<p>%(m/m)</p>,2026-04-27 08:00:00,间、对甲基苯乙烯,延炼12万吨/年乙苯/苯乙烯装置
0.09,ST010137,<p>%(m/m)</p>,2026-04-27 08:00:00,其  他,延炼12万吨/年乙苯/苯乙烯装置
0.00,ST010137,<p>%(m/m)</p>,2026-04-27 08:00:00,丙烯基苯,延炼12万吨/年乙苯/苯乙烯装置
0.00,ST010137,<p>%(m/m)</p>,2026-04-27 08:00:00,二氢噻喃,延炼12万吨/年乙苯/苯乙烯装置
0.00,ST010137,<p>%(m/m)</p>,2026-04-27 08:00:00,2-乙烯基噻吩,延炼12万吨/年乙苯/苯乙烯装置
0.06,ST010137,<p>%(m/m)</p>,2026-04-28 08:00:00,非  芳,延炼12万吨/年乙苯/苯乙烯装置
0.15,ST010137,<p>%(m/m)</p>,2026-04-28 08:00:00,苯,延炼12万吨/年乙苯/苯乙烯装置
1.05,ST010137,<p>%(m/m)</p>,2026-04-28 08:00:00,甲  苯,延炼12万吨/年乙苯/苯乙烯装置
39.52,ST010137,<p>%(m/m)</p>,2026-04-28 08:00:00,乙  苯,延炼12万吨/年乙苯/苯乙烯装置
0.61,ST010137,<p>%(m/m)</p>,2026-04-28 08:00:00,二甲苯,延炼12万吨/年乙苯/苯乙烯装置
0.00,ST010137,<p>%(m/m)</p>,2026-04-28 08:00:00,异丙苯,延炼12万吨/年乙苯/苯乙烯装置
0.00,ST010137,<p>%(m/m)</p>,2026-04-28 08:00:00,正丙苯,延炼12万吨/年乙苯/苯乙烯装置
0.00,ST010137,<p>%(m/m)</p>,2026-04-28 08:00:00,甲乙苯,延炼12万吨/年乙苯/苯乙烯装置
58.53,ST010137,<p>%(m/m)</p>,2026-04-28 08:00:00,苯乙烯,延炼12万吨/年乙苯/苯乙烯装置
0.01,ST010137,<p>%(m/m)</p>,2026-04-28 08:00:00,α甲基苯乙烯,延炼12万吨/年乙苯/苯乙烯装置
0.00,ST010137,<p>%(m/m)</p>,2026-04-28 08:00:00,苯乙炔,延炼12万吨/年乙苯/苯乙烯装置
0.00,ST010137,<p>%(m/m)</p>,2026-04-28 08:00:00,间、对甲基苯乙烯,延炼12万吨/年乙苯/苯乙烯装置
0.05,ST010137,<p>%(m/m)</p>,2026-04-28 08:00:00,其  他,延炼12万吨/年乙苯/苯乙烯装置
0.00,ST010137,<p>%(m/m)</p>,2026-04-28 08:00:00,丙烯基苯,延炼12万吨/年乙苯/苯乙烯装置
0.00,ST010137,<p>%(m/m)</p>,2026-04-28 08:00:00,二氢噻喃,延炼12万吨/年乙苯/苯乙烯装置
0.00,ST010137,<p>%(m/m)</p>,2026-04-28 08:00:00,2-乙烯基噻吩,延炼12万吨/年乙苯/苯乙烯装置
0.07,ST010137,<p>%(m/m)</p>,2026-04-29 08:00:00,非  芳,延炼12万吨/年乙苯/苯乙烯装置
0.13,ST010137,<p>%(m/m)</p>,2026-04-29 08:00:00,苯,延炼12万吨/年乙苯/苯乙烯装置
0.95,ST010137,<p>%(m/m)</p>,2026-04-29 08:00:00,甲  苯,延炼12万吨/年乙苯/苯乙烯装置
39.94,ST010137,<p>%(m/m)</p>,2026-04-29 08:00:00,乙  苯,延炼12万吨/年乙苯/苯乙烯装置
0.77,ST010137,<p>%(m/m)</p>,2026-04-29 08:00:00,二甲苯,延炼12万吨/年乙苯/苯乙烯装置
0.00,ST010137,<p>%(m/m)</p>,2026-04-29 08:00:00,异丙苯,延炼12万吨/年乙苯/苯乙烯装置
0.00,ST010137,<p>%(m/m)</p>,2026-04-29 08:00:00,正丙苯,延炼12万吨/年乙苯/苯乙烯装置
0.00,ST010137,<p>%(m/m)</p>,2026-04-29 08:00:00,甲乙苯,延炼12万吨/年乙苯/苯乙烯装置
58.00,ST010137,<p>%(m/m)</p>,2026-04-29 08:00:00,苯乙烯,延炼12万吨/年乙苯/苯乙烯装置
0.01,ST010137,<p>%(m/m)</p>,2026-04-29 08:00:00,α甲基苯乙烯,延炼12万吨/年乙苯/苯乙烯装置
0.00,ST010137,<p>%(m/m)</p>,2026-04-29 08:00:00,苯乙炔,延炼12万吨/年乙苯/苯乙烯装置
0.00,ST010137,<p>%(m/m)</p>,2026-04-29 08:00:00,间、对甲基苯乙烯,延炼12万吨/年乙苯/苯乙烯装置
0.12,ST010137,<p>%(m/m)</p>,2026-04-29 08:00:00,其  他,延炼12万吨/年乙苯/苯乙烯装置
0.00,ST010137,<p>%(m/m)</p>,2026-04-29 08:00:00,丙烯基苯,延炼12万吨/年乙苯/苯乙烯装置
0.00,ST010137,<p>%(m/m)</p>,2026-04-29 08:00:00,二氢噻喃,延炼12万吨/年乙苯/苯乙烯装置
0.01,ST010137,<p>%(m/m)</p>,2026-04-29 08:00:00,2-乙烯基噻吩,延炼12万吨/年乙苯/苯乙烯装置
0.06,ST010137,<p>%(m/m)</p>,2026-04-30 08:00:00,非  芳,延炼12万吨/年乙苯/苯乙烯装置
0.36,ST010137,<p>%(m/m)</p>,2026-04-30 08:00:00,苯,延炼12万吨/年乙苯/苯乙烯装置
0.99,ST010137,<p>%(m/m)</p>,2026-04-30 08:00:00,甲  苯,延炼12万吨/年乙苯/苯乙烯装置
39.12,ST010137,<p>%(m/m)</p>,2026-04-30 08:00:00,乙  苯,延炼12万吨/年乙苯/苯乙烯装置
0.85,ST010137,<p>%(m/m)</p>,2026-04-30 08:00:00,二甲苯,延炼12万吨/年乙苯/苯乙烯装置
0.00,ST010137,<p>%(m/m)</p>,2026-04-30 08:00:00,异丙苯,延炼12万吨/年乙苯/苯乙烯装置
0.00,ST010137,<p>%(m/m)</p>,2026-04-30 08:00:00,正丙苯,延炼12万吨/年乙苯/苯乙烯装置
0.00,ST010137,<p>%(m/m)</p>,2026-04-30 08:00:00,甲乙苯,延炼12万吨/年乙苯/苯乙烯装置
58.54,ST010137,<p>%(m/m)</p>,2026-04-30 08:00:00,苯乙烯,延炼12万吨/年乙苯/苯乙烯装置
0.01,ST010137,<p>%(m/m)</p>,2026-04-30 08:00:00,α甲基苯乙烯,延炼12万吨/年乙苯/苯乙烯装置
0.00,ST010137,<p>%(m/m)</p>,2026-04-30 08:00:00,苯乙炔,延炼12万吨/年乙苯/苯乙烯装置
0.00,ST010137,<p>%(m/m)</p>,2026-04-30 08:00:00,间、对甲基苯乙烯,延炼12万吨/年乙苯/苯乙烯装置
0.06,ST010137,<p>%(m/m)</p>,2026-04-30 08:00:00,其  他,延炼12万吨/年乙苯/苯乙烯装置
0.001,ST010137,<p>%(m/m)</p>,2026-04-30 08:00:00,二乙基苯,延炼12万吨/年乙苯/苯乙烯装置
0.00,ST010137,<p>%(m/m)</p>,2026-04-30 08:00:00,丙烯基苯,延炼12万吨/年乙苯/苯乙烯装置
0.00,ST010137,<p>%(m/m)</p>,2026-04-30 08:00:00,二氢噻喃,延炼12万吨/年乙苯/苯乙烯装置
0.01,ST010137,<p>%(m/m)</p>,2026-04-30 08:00:00,2-乙烯基噻吩,延炼12万吨/年乙苯/苯乙烯装置
