result,sampleDotCode,unitName,sampleTime,resultName,deviceName
0.01,ST010132,%(m/m),2025-05-01 08:00:00,非  芳,延炼12万吨/年乙苯/苯乙烯装置
0.01,ST010132,%(m/m),2025-05-01 08:00:00,苯,延炼12万吨/年乙苯/苯乙烯装置
0.00,ST010132,%(m/m),2025-05-01 08:00:00,甲  苯,延炼12万吨/年乙苯/苯乙烯装置
1.99,ST010132,%(m/m),2025-05-01 08:00:00,乙  苯,延炼12万吨/年乙苯/苯乙烯装置
0.15,ST010132,%(m/m),2025-05-01 08:00:00,二甲苯,延炼12万吨/年乙苯/苯乙烯装置
3.62,ST010132,%(m/m),2025-05-01 08:00:00,异丙苯,延炼12万吨/年乙苯/苯乙烯装置
5.31,ST010132,%(m/m),2025-05-01 08:00:00,正丙苯,延炼12万吨/年乙苯/苯乙烯装置
0.79,ST010132,%(m/m),2025-05-01 08:00:00,甲乙苯,延炼12万吨/年乙苯/苯乙烯装置
2.30,ST010132,%(m/m),2025-05-01 08:00:00,丁苯,延炼12万吨/年乙苯/苯乙烯装置
77.17,ST010132,%(m/m),2025-05-01 08:00:00,二乙苯,延炼12万吨/年乙苯/苯乙烯装置
8.64,ST010132,%(m/m),2025-05-01 08:00:00,重芳,延炼12万吨/年乙苯/苯乙烯装置
0.01,ST010132,%(m/m),2025-05-02 08:00:00,非  芳,延炼12万吨/年乙苯/苯乙烯装置
0.01,ST010132,%(m/m),2025-05-02 08:00:00,苯,延炼12万吨/年乙苯/苯乙烯装置
0.01,ST010132,%(m/m),2025-05-02 08:00:00,甲  苯,延炼12万吨/年乙苯/苯乙烯装置
2.08,ST010132,%(m/m),2025-05-02 08:00:00,乙  苯,延炼12万吨/年乙苯/苯乙烯装置
0.20,ST010132,%(m/m),2025-05-02 08:00:00,二甲苯,延炼12万吨/年乙苯/苯乙烯装置
3.48,ST010132,%(m/m),2025-05-02 08:00:00,异丙苯,延炼12万吨/年乙苯/苯乙烯装置
5.17,ST010132,%(m/m),2025-05-02 08:00:00,正丙苯,延炼12万吨/年乙苯/苯乙烯装置
0.82,ST010132,%(m/m),2025-05-02 08:00:00,甲乙苯,延炼12万吨/年乙苯/苯乙烯装置
2.30,ST010132,%(m/m),2025-05-02 08:00:00,丁苯,延炼12万吨/年乙苯/苯乙烯装置
77.26,ST010132,%(m/m),2025-05-02 08:00:00,二乙苯,延炼12万吨/年乙苯/苯乙烯装置
8.67,ST010132,%(m/m),2025-05-02 08:00:00,重芳,延炼12万吨/年乙苯/苯乙烯装置
0.02,ST010132,%(m/m),2025-05-03 08:00:00,非  芳,延炼12万吨/年乙苯/苯乙烯装置
0.02,ST010132,%(m/m),2025-05-03 08:00:00,苯,延炼12万吨/年乙苯/苯乙烯装置
0.00,ST010132,%(m/m),2025-05-03 08:00:00,甲  苯,延炼12万吨/年乙苯/苯乙烯装置
1.50,ST010132,%(m/m),2025-05-03 08:00:00,乙  苯,延炼12万吨/年乙苯/苯乙烯装置
0.20,ST010132,%(m/m),2025-05-03 08:00:00,二甲苯,延炼12万吨/年乙苯/苯乙烯装置
4.29,ST010132,%(m/m),2025-05-03 08:00:00,异丙苯,延炼12万吨/年乙苯/苯乙烯装置
6.34,ST010132,%(m/m),2025-05-03 08:00:00,正丙苯,延炼12万吨/年乙苯/苯乙烯装置
0.86,ST010132,%(m/m),2025-05-03 08:00:00,甲乙苯,延炼12万吨/年乙苯/苯乙烯装置
2.23,ST010132,%(m/m),2025-05-03 08:00:00,丁苯,延炼12万吨/年乙苯/苯乙烯装置
75.34,ST010132,%(m/m),2025-05-03 08:00:00,二乙苯,延炼12万吨/年乙苯/苯乙烯装置
9.19,ST010132,%(m/m),2025-05-03 08:00:00,重芳,延炼12万吨/年乙苯/苯乙烯装置
0.01,ST010132,%(m/m),2025-05-04 08:00:00,非  芳,延炼12万吨/年乙苯/苯乙烯装置
0.01,ST010132,%(m/m),2025-05-04 08:00:00,苯,延炼12万吨/年乙苯/苯乙烯装置
0.00,ST010132,%(m/m),2025-05-04 08:00:00,甲  苯,延炼12万吨/年乙苯/苯乙烯装置
1.61,ST010132,%(m/m),2025-05-04 08:00:00,乙  苯,延炼12万吨/年乙苯/苯乙烯装置
0.16,ST010132,%(m/m),2025-05-04 08:00:00,二甲苯,延炼12万吨/年乙苯/苯乙烯装置
3.53,ST010132,%(m/m),2025-05-04 08:00:00,异丙苯,延炼12万吨/年乙苯/苯乙烯装置
5.63,ST010132,%(m/m),2025-05-04 08:00:00,正丙苯,延炼12万吨/年乙苯/苯乙烯装置
0.87,ST010132,%(m/m),2025-05-04 08:00:00,甲乙苯,延炼12万吨/年乙苯/苯乙烯装置
2.26,ST010132,%(m/m),2025-05-04 08:00:00,丁苯,延炼12万吨/年乙苯/苯乙烯装置
77.03,ST010132,%(m/m),2025-05-04 08:00:00,二乙苯,延炼12万吨/年乙苯/苯乙烯装置
8.89,ST010132,%(m/m),2025-05-04 08:00:00,重芳,延炼12万吨/年乙苯/苯乙烯装置
76.87,ST010132,%(m/m),2025-05-05 08:00:00,二乙苯,延炼12万吨/年乙苯/苯乙烯装置
8.56,ST010132,%(m/m),2025-05-05 08:00:00,重芳,延炼12万吨/年乙苯/苯乙烯装置
0.01,ST010132,%(m/m),2025-05-05 08:00:00,非  芳,延炼12万吨/年乙苯/苯乙烯装置
0.01,ST010132,%(m/m),2025-05-05 08:00:00,苯,延炼12万吨/年乙苯/苯乙烯装置
0.00,ST010132,%(m/m),2025-05-05 08:00:00,甲  苯,延炼12万吨/年乙苯/苯乙烯装置
1.77,ST010132,%(m/m),2025-05-05 08:00:00,乙  苯,延炼12万吨/年乙苯/苯乙烯装置
0.17,ST010132,%(m/m),2025-05-05 08:00:00,二甲苯,延炼12万吨/年乙苯/苯乙烯装置
3.66,ST010132,%(m/m),2025-05-05 08:00:00,异丙苯,延炼12万吨/年乙苯/苯乙烯装置
5.73,ST010132,%(m/m),2025-05-05 08:00:00,正丙苯,延炼12万吨/年乙苯/苯乙烯装置
0.93,ST010132,%(m/m),2025-05-05 08:00:00,甲乙苯,延炼12万吨/年乙苯/苯乙烯装置
2.30,ST010132,%(m/m),2025-05-05 08:00:00,丁苯,延炼12万吨/年乙苯/苯乙烯装置
0.01,ST010132,%(m/m),2025-05-06 08:00:00,非  芳,延炼12万吨/年乙苯/苯乙烯装置
0.01,ST010132,%(m/m),2025-05-06 08:00:00,苯,延炼12万吨/年乙苯/苯乙烯装置
0.00,ST010132,%(m/m),2025-05-06 08:00:00,甲  苯,延炼12万吨/年乙苯/苯乙烯装置
1.73,ST010132,%(m/m),2025-05-06 08:00:00,乙  苯,延炼12万吨/年乙苯/苯乙烯装置
0.17,ST010132,%(m/m),2025-05-06 08:00:00,二甲苯,延炼12万吨/年乙苯/苯乙烯装置
3.77,ST010132,%(m/m),2025-05-06 08:00:00,异丙苯,延炼12万吨/年乙苯/苯乙烯装置
5.89,ST010132,%(m/m),2025-05-06 08:00:00,正丙苯,延炼12万吨/年乙苯/苯乙烯装置
0.99,ST010132,%(m/m),2025-05-06 08:00:00,甲乙苯,延炼12万吨/年乙苯/苯乙烯装置
2.30,ST010132,%(m/m),2025-05-06 08:00:00,丁苯,延炼12万吨/年乙苯/苯乙烯装置
76.63,ST010132,%(m/m),2025-05-06 08:00:00,二乙苯,延炼12万吨/年乙苯/苯乙烯装置
8.49,ST010132,%(m/m),2025-05-06 08:00:00,重芳,延炼12万吨/年乙苯/苯乙烯装置
0.01,ST010132,%(m/m),2025-05-07 08:00:00,非  芳,延炼12万吨/年乙苯/苯乙烯装置
0.01,ST010132,%(m/m),2025-05-07 08:00:00,苯,延炼12万吨/年乙苯/苯乙烯装置
0.00,ST010132,%(m/m),2025-05-07 08:00:00,甲  苯,延炼12万吨/年乙苯/苯乙烯装置
2.11,ST010132,%(m/m),2025-05-07 08:00:00,乙  苯,延炼12万吨/年乙苯/苯乙烯装置
0.19,ST010132,%(m/m),2025-05-07 08:00:00,二甲苯,延炼12万吨/年乙苯/苯乙烯装置
4.16,ST010132,%(m/m),2025-05-07 08:00:00,异丙苯,延炼12万吨/年乙苯/苯乙烯装置
6.25,ST010132,%(m/m),2025-05-07 08:00:00,正丙苯,延炼12万吨/年乙苯/苯乙烯装置
1.01,ST010132,%(m/m),2025-05-07 08:00:00,甲乙苯,延炼12万吨/年乙苯/苯乙烯装置
2.32,ST010132,%(m/m),2025-05-07 08:00:00,丁苯,延炼12万吨/年乙苯/苯乙烯装置
75.47,ST010132,%(m/m),2025-05-07 08:00:00,二乙苯,延炼12万吨/年乙苯/苯乙烯装置
8.45,ST010132,%(m/m),2025-05-07 08:00:00,重芳,延炼12万吨/年乙苯/苯乙烯装置
0.01,ST010132,%(m/m),2025-05-08 08:00:00,非  芳,延炼12万吨/年乙苯/苯乙烯装置
0.01,ST010132,%(m/m),2025-05-08 08:00:00,苯,延炼12万吨/年乙苯/苯乙烯装置
0.00,ST010132,%(m/m),2025-05-08 08:00:00,甲  苯,延炼12万吨/年乙苯/苯乙烯装置
2.15,ST010132,%(m/m),2025-05-08 08:00:00,乙  苯,延炼12万吨/年乙苯/苯乙烯装置
0.19,ST010132,%(m/m),2025-05-08 08:00:00,二甲苯,延炼12万吨/年乙苯/苯乙烯装置
4.05,ST010132,%(m/m),2025-05-08 08:00:00,异丙苯,延炼12万吨/年乙苯/苯乙烯装置
6.16,ST010132,%(m/m),2025-05-08 08:00:00,正丙苯,延炼12万吨/年乙苯/苯乙烯装置
1.01,ST010132,%(m/m),2025-05-08 08:00:00,甲乙苯,延炼12万吨/年乙苯/苯乙烯装置
2.32,ST010132,%(m/m),2025-05-08 08:00:00,丁苯,延炼12万吨/年乙苯/苯乙烯装置
75.28,ST010132,%(m/m),2025-05-08 08:00:00,二乙苯,延炼12万吨/年乙苯/苯乙烯装置
8.83,ST010132,%(m/m),2025-05-08 08:00:00,重芳,延炼12万吨/年乙苯/苯乙烯装置
0.01,ST010132,%(m/m),2025-05-09 08:00:00,非  芳,延炼12万吨/年乙苯/苯乙烯装置
0.01,ST010132,%(m/m),2025-05-09 08:00:00,苯,延炼12万吨/年乙苯/苯乙烯装置
0.00,ST010132,%(m/m),2025-05-09 08:00:00,甲  苯,延炼12万吨/年乙苯/苯乙烯装置
1.38,ST010132,%(m/m),2025-05-09 08:00:00,乙  苯,延炼12万吨/年乙苯/苯乙烯装置
0.14,ST010132,%(m/m),2025-05-09 08:00:00,二甲苯,延炼12万吨/年乙苯/苯乙烯装置
3.28,ST010132,%(m/m),2025-05-09 08:00:00,异丙苯,延炼12万吨/年乙苯/苯乙烯装置
5.35,ST010132,%(m/m),2025-05-09 08:00:00,正丙苯,延炼12万吨/年乙苯/苯乙烯装置
0.84,ST010132,%(m/m),2025-05-09 08:00:00,甲乙苯,延炼12万吨/年乙苯/苯乙烯装置
2.23,ST010132,%(m/m),2025-05-09 08:00:00,丁苯,延炼12万吨/年乙苯/苯乙烯装置
77.40,ST010132,%(m/m),2025-05-09 08:00:00,二乙苯,延炼12万吨/年乙苯/苯乙烯装置
9.35,ST010132,%(m/m),2025-05-09 08:00:00,重芳,延炼12万吨/年乙苯/苯乙烯装置
0.01,ST010132,%(m/m),2025-05-10 08:00:00,非  芳,延炼12万吨/年乙苯/苯乙烯装置
0.01,ST010132,%(m/m),2025-05-10 08:00:00,苯,延炼12万吨/年乙苯/苯乙烯装置
0.00,ST010132,%(m/m),2025-05-10 08:00:00,甲  苯,延炼12万吨/年乙苯/苯乙烯装置
1.40,ST010132,%(m/m),2025-05-10 08:00:00,乙  苯,延炼12万吨/年乙苯/苯乙烯装置
0.15,ST010132,%(m/m),2025-05-10 08:00:00,二甲苯,延炼12万吨/年乙苯/苯乙烯装置
4.31,ST010132,%(m/m),2025-05-10 08:00:00,异丙苯,延炼12万吨/年乙苯/苯乙烯装置
6.81,ST010132,%(m/m),2025-05-10 08:00:00,正丙苯,延炼12万吨/年乙苯/苯乙烯装置
1.05,ST010132,%(m/m),2025-05-10 08:00:00,甲乙苯,延炼12万吨/年乙苯/苯乙烯装置
2.39,ST010132,%(m/m),2025-05-10 08:00:00,丁苯,延炼12万吨/年乙苯/苯乙烯装置
74.65,ST010132,%(m/m),2025-05-10 08:00:00,二乙苯,延炼12万吨/年乙苯/苯乙烯装置
9.23,ST010132,%(m/m),2025-05-10 08:00:00,重芳,延炼12万吨/年乙苯/苯乙烯装置
0.01,ST010132,%(m/m),2025-05-11 08:00:00,非  芳,延炼12万吨/年乙苯/苯乙烯装置
0.01,ST010132,%(m/m),2025-05-11 08:00:00,苯,延炼12万吨/年乙苯/苯乙烯装置
0.00,ST010132,%(m/m),2025-05-11 08:00:00,甲  苯,延炼12万吨/年乙苯/苯乙烯装置
1.79,ST010132,%(m/m),2025-05-11 08:00:00,乙  苯,延炼12万吨/年乙苯/苯乙烯装置
0.18,ST010132,%(m/m),2025-05-11 08:00:00,二甲苯,延炼12万吨/年乙苯/苯乙烯装置
4.73,ST010132,%(m/m),2025-05-11 08:00:00,异丙苯,延炼12万吨/年乙苯/苯乙烯装置
7.07,ST010132,%(m/m),2025-05-11 08:00:00,正丙苯,延炼12万吨/年乙苯/苯乙烯装置
1.06,ST010132,%(m/m),2025-05-11 08:00:00,甲乙苯,延炼12万吨/年乙苯/苯乙烯装置
2.41,ST010132,%(m/m),2025-05-11 08:00:00,丁苯,延炼12万吨/年乙苯/苯乙烯装置
73.80,ST010132,%(m/m),2025-05-11 08:00:00,二乙苯,延炼12万吨/年乙苯/苯乙烯装置
8.95,ST010132,%(m/m),2025-05-11 08:00:00,重芳,延炼12万吨/年乙苯/苯乙烯装置
0.01,ST010132,%(m/m),2025-05-12 08:00:00,非  芳,延炼12万吨/年乙苯/苯乙烯装置
0.01,ST010132,%(m/m),2025-05-12 08:00:00,苯,延炼12万吨/年乙苯/苯乙烯装置
0.00,ST010132,%(m/m),2025-05-12 08:00:00,甲  苯,延炼12万吨/年乙苯/苯乙烯装置
1.79,ST010132,%(m/m),2025-05-12 08:00:00,乙  苯,延炼12万吨/年乙苯/苯乙烯装置
0.18,ST010132,%(m/m),2025-05-12 08:00:00,二甲苯,延炼12万吨/年乙苯/苯乙烯装置
4.54,ST010132,%(m/m),2025-05-12 08:00:00,异丙苯,延炼12万吨/年乙苯/苯乙烯装置
6.78,ST010132,%(m/m),2025-05-12 08:00:00,正丙苯,延炼12万吨/年乙苯/苯乙烯装置
1.04,ST010132,%(m/m),2025-05-12 08:00:00,甲乙苯,延炼12万吨/年乙苯/苯乙烯装置
2.38,ST010132,%(m/m),2025-05-12 08:00:00,丁苯,延炼12万吨/年乙苯/苯乙烯装置
74.41,ST010132,%(m/m),2025-05-12 08:00:00,二乙苯,延炼12万吨/年乙苯/苯乙烯装置
8.87,ST010132,%(m/m),2025-05-12 08:00:00,重芳,延炼12万吨/年乙苯/苯乙烯装置
0.01,ST010132,%(m/m),2025-05-13 08:00:00,非  芳,延炼12万吨/年乙苯/苯乙烯装置
0.01,ST010132,%(m/m),2025-05-13 08:00:00,苯,延炼12万吨/年乙苯/苯乙烯装置
0.01,ST010132,%(m/m),2025-05-13 08:00:00,甲  苯,延炼12万吨/年乙苯/苯乙烯装置
1.17,ST010132,%(m/m),2025-05-13 08:00:00,乙  苯,延炼12万吨/年乙苯/苯乙烯装置
0.13,ST010132,%(m/m),2025-05-13 08:00:00,二甲苯,延炼12万吨/年乙苯/苯乙烯装置
3.91,ST010132,%(m/m),2025-05-13 08:00:00,异丙苯,延炼12万吨/年乙苯/苯乙烯装置
6.30,ST010132,%(m/m),2025-05-13 08:00:00,正丙苯,延炼12万吨/年乙苯/苯乙烯装置
1.00,ST010132,%(m/m),2025-05-13 08:00:00,甲乙苯,延炼12万吨/年乙苯/苯乙烯装置
2.33,ST010132,%(m/m),2025-05-13 08:00:00,丁苯,延炼12万吨/年乙苯/苯乙烯装置
76.08,ST010132,%(m/m),2025-05-13 08:00:00,二乙苯,延炼12万吨/年乙苯/苯乙烯装置
9.05,ST010132,%(m/m),2025-05-13 08:00:00,重芳,延炼12万吨/年乙苯/苯乙烯装置
0.01,ST010132,%(m/m),2025-05-14 08:00:00,非  芳,延炼12万吨/年乙苯/苯乙烯装置
0.00,ST010132,%(m/m),2025-05-14 08:00:00,苯,延炼12万吨/年乙苯/苯乙烯装置
0.01,ST010132,%(m/m),2025-05-14 08:00:00,甲  苯,延炼12万吨/年乙苯/苯乙烯装置
1.16,ST010132,%(m/m),2025-05-14 08:00:00,乙  苯,延炼12万吨/年乙苯/苯乙烯装置
0.14,ST010132,%(m/m),2025-05-14 08:00:00,二甲苯,延炼12万吨/年乙苯/苯乙烯装置
4.10,ST010132,%(m/m),2025-05-14 08:00:00,异丙苯,延炼12万吨/年乙苯/苯乙烯装置
6.56,ST010132,%(m/m),2025-05-14 08:00:00,正丙苯,延炼12万吨/年乙苯/苯乙烯装置
1.00,ST010132,%(m/m),2025-05-14 08:00:00,甲乙苯,延炼12万吨/年乙苯/苯乙烯装置
2.29,ST010132,%(m/m),2025-05-14 08:00:00,丁苯,延炼12万吨/年乙苯/苯乙烯装置
76.14,ST010132,%(m/m),2025-05-14 08:00:00,二乙苯,延炼12万吨/年乙苯/苯乙烯装置
8.61,ST010132,%(m/m),2025-05-14 08:00:00,重芳,延炼12万吨/年乙苯/苯乙烯装置
0.01,ST010132,%(m/m),2025-05-15 08:00:00,非  芳,延炼12万吨/年乙苯/苯乙烯装置
0.01,ST010132,%(m/m),2025-05-15 08:00:00,苯,延炼12万吨/年乙苯/苯乙烯装置
0.01,ST010132,%(m/m),2025-05-15 08:00:00,甲  苯,延炼12万吨/年乙苯/苯乙烯装置
1.22,ST010132,%(m/m),2025-05-15 08:00:00,乙  苯,延炼12万吨/年乙苯/苯乙烯装置
0.13,ST010132,%(m/m),2025-05-15 08:00:00,二甲苯,延炼12万吨/年乙苯/苯乙烯装置
4.03,ST010132,%(m/m),2025-05-15 08:00:00,异丙苯,延炼12万吨/年乙苯/苯乙烯装置
6.50,ST010132,%(m/m),2025-05-15 08:00:00,正丙苯,延炼12万吨/年乙苯/苯乙烯装置
1.01,ST010132,%(m/m),2025-05-15 08:00:00,甲乙苯,延炼12万吨/年乙苯/苯乙烯装置
2.37,ST010132,%(m/m),2025-05-15 08:00:00,丁苯,延炼12万吨/年乙苯/苯乙烯装置
75.27,ST010132,%(m/m),2025-05-15 08:00:00,二乙苯,延炼12万吨/年乙苯/苯乙烯装置
9.44,ST010132,%(m/m),2025-05-15 08:00:00,重芳,延炼12万吨/年乙苯/苯乙烯装置
2.28,ST010132,%(m/m),2025-05-16 09:03:00,丁苯,延炼12万吨/年乙苯/苯乙烯装置
74.26,ST010132,%(m/m),2025-05-16 09:03:00,二乙苯,延炼12万吨/年乙苯/苯乙烯装置
8.77,ST010132,%(m/m),2025-05-16 09:03:00,重芳,延炼12万吨/年乙苯/苯乙烯装置
0.01,ST010132,%(m/m),2025-05-16 09:03:00,非  芳,延炼12万吨/年乙苯/苯乙烯装置
0.01,ST010132,%(m/m),2025-05-16 09:03:00,苯,延炼12万吨/年乙苯/苯乙烯装置
0.01,ST010132,%(m/m),2025-05-16 09:03:00,甲  苯,延炼12万吨/年乙苯/苯乙烯装置
2.32,ST010132,%(m/m),2025-05-16 09:03:00,乙  苯,延炼12万吨/年乙苯/苯乙烯装置
0.21,ST010132,%(m/m),2025-05-16 09:03:00,二甲苯,延炼12万吨/年乙苯/苯乙烯装置
4.56,ST010132,%(m/m),2025-05-16 09:03:00,异丙苯,延炼12万吨/年乙苯/苯乙烯装置
6.60,ST010132,%(m/m),2025-05-16 09:03:00,正丙苯,延炼12万吨/年乙苯/苯乙烯装置
0.98,ST010132,%(m/m),2025-05-16 09:03:00,甲乙苯,延炼12万吨/年乙苯/苯乙烯装置
0.01,ST010132,%(m/m),2025-05-17 08:00:00,非  芳,延炼12万吨/年乙苯/苯乙烯装置
0.01,ST010132,%(m/m),2025-05-17 08:00:00,苯,延炼12万吨/年乙苯/苯乙烯装置
0.00,ST010132,%(m/m),2025-05-17 08:00:00,甲  苯,延炼12万吨/年乙苯/苯乙烯装置
1.61,ST010132,%(m/m),2025-05-17 08:00:00,乙  苯,延炼12万吨/年乙苯/苯乙烯装置
0.16,ST010132,%(m/m),2025-05-17 08:00:00,二甲苯,延炼12万吨/年乙苯/苯乙烯装置
4.21,ST010132,%(m/m),2025-05-17 08:00:00,异丙苯,延炼12万吨/年乙苯/苯乙烯装置
6.47,ST010132,%(m/m),2025-05-17 08:00:00,正丙苯,延炼12万吨/年乙苯/苯乙烯装置
0.98,ST010132,%(m/m),2025-05-17 08:00:00,甲乙苯,延炼12万吨/年乙苯/苯乙烯装置
2.31,ST010132,%(m/m),2025-05-17 08:00:00,丁苯,延炼12万吨/年乙苯/苯乙烯装置
75.51,ST010132,%(m/m),2025-05-17 08:00:00,二乙苯,延炼12万吨/年乙苯/苯乙烯装置
8.74,ST010132,%(m/m),2025-05-17 08:00:00,重芳,延炼12万吨/年乙苯/苯乙烯装置
0.01,ST010132,%(m/m),2025-05-18 08:00:00,非  芳,延炼12万吨/年乙苯/苯乙烯装置
0.01,ST010132,%(m/m),2025-05-18 08:00:00,苯,延炼12万吨/年乙苯/苯乙烯装置
0.00,ST010132,%(m/m),2025-05-18 08:00:00,甲  苯,延炼12万吨/年乙苯/苯乙烯装置
1.29,ST010132,%(m/m),2025-05-18 08:00:00,乙  苯,延炼12万吨/年乙苯/苯乙烯装置
0.14,ST010132,%(m/m),2025-05-18 08:00:00,二甲苯,延炼12万吨/年乙苯/苯乙烯装置
4.03,ST010132,%(m/m),2025-05-18 08:00:00,异丙苯,延炼12万吨/年乙苯/苯乙烯装置
6.36,ST010132,%(m/m),2025-05-18 08:00:00,正丙苯,延炼12万吨/年乙苯/苯乙烯装置
0.98,ST010132,%(m/m),2025-05-18 08:00:00,甲乙苯,延炼12万吨/年乙苯/苯乙烯装置
2.31,ST010132,%(m/m),2025-05-18 08:00:00,丁苯,延炼12万吨/年乙苯/苯乙烯装置
76.24,ST010132,%(m/m),2025-05-18 08:00:00,二乙苯,延炼12万吨/年乙苯/苯乙烯装置
8.63,ST010132,%(m/m),2025-05-18 08:00:00,重芳,延炼12万吨/年乙苯/苯乙烯装置
0.01,ST010132,%(m/m),2025-05-19 08:00:00,非  芳,延炼12万吨/年乙苯/苯乙烯装置
0.01,ST010132,%(m/m),2025-05-19 08:00:00,苯,延炼12万吨/年乙苯/苯乙烯装置
0.01,ST010132,%(m/m),2025-05-19 08:00:00,甲  苯,延炼12万吨/年乙苯/苯乙烯装置
1.31,ST010132,%(m/m),2025-05-19 08:00:00,乙  苯,延炼12万吨/年乙苯/苯乙烯装置
0.15,ST010132,%(m/m),2025-05-19 08:00:00,二甲苯,延炼12万吨/年乙苯/苯乙烯装置
4.16,ST010132,%(m/m),2025-05-19 08:00:00,异丙苯,延炼12万吨/年乙苯/苯乙烯装置
6.46,ST010132,%(m/m),2025-05-19 08:00:00,正丙苯,延炼12万吨/年乙苯/苯乙烯装置
0.97,ST010132,%(m/m),2025-05-19 08:00:00,甲乙苯,延炼12万吨/年乙苯/苯乙烯装置
2.30,ST010132,%(m/m),2025-05-19 08:00:00,丁苯,延炼12万吨/年乙苯/苯乙烯装置
75.96,ST010132,%(m/m),2025-05-19 08:00:00,二乙苯,延炼12万吨/年乙苯/苯乙烯装置
8.66,ST010132,%(m/m),2025-05-19 08:00:00,重芳,延炼12万吨/年乙苯/苯乙烯装置
0.01,ST010132,%(m/m),2025-05-20 08:00:00,非  芳,延炼12万吨/年乙苯/苯乙烯装置
0.01,ST010132,%(m/m),2025-05-20 08:00:00,苯,延炼12万吨/年乙苯/苯乙烯装置
0.00,ST010132,%(m/m),2025-05-20 08:00:00,甲  苯,延炼12万吨/年乙苯/苯乙烯装置
1.44,ST010132,%(m/m),2025-05-20 08:00:00,乙  苯,延炼12万吨/年乙苯/苯乙烯装置
0.16,ST010132,%(m/m),2025-05-20 08:00:00,二甲苯,延炼12万吨/年乙苯/苯乙烯装置
4.38,ST010132,%(m/m),2025-05-20 08:00:00,异丙苯,延炼12万吨/年乙苯/苯乙烯装置
6.82,ST010132,%(m/m),2025-05-20 08:00:00,正丙苯,延炼12万吨/年乙苯/苯乙烯装置
0.98,ST010132,%(m/m),2025-05-20 08:00:00,甲乙苯,延炼12万吨/年乙苯/苯乙烯装置
2.28,ST010132,%(m/m),2025-05-20 08:00:00,丁苯,延炼12万吨/年乙苯/苯乙烯装置
75.03,ST010132,%(m/m),2025-05-20 08:00:00,二乙苯,延炼12万吨/年乙苯/苯乙烯装置
8.88,ST010132,%(m/m),2025-05-20 08:00:00,重芳,延炼12万吨/年乙苯/苯乙烯装置
0.94,ST010132,%(m/m),2025-05-21 08:00:00,甲乙苯,延炼12万吨/年乙苯/苯乙烯装置
2.25,ST010132,%(m/m),2025-05-21 08:00:00,丁苯,延炼12万吨/年乙苯/苯乙烯装置
74.91,ST010132,%(m/m),2025-05-21 08:00:00,二乙苯,延炼12万吨/年乙苯/苯乙烯装置
9.21,ST010132,%(m/m),2025-05-21 08:00:00,重芳,延炼12万吨/年乙苯/苯乙烯装置
0.01,ST010132,%(m/m),2025-05-21 08:00:00,非  芳,延炼12万吨/年乙苯/苯乙烯装置
0.01,ST010132,%(m/m),2025-05-21 08:00:00,苯,延炼12万吨/年乙苯/苯乙烯装置
0.00,ST010132,%(m/m),2025-05-21 08:00:00,甲  苯,延炼12万吨/年乙苯/苯乙烯装置
1.98,ST010132,%(m/m),2025-05-21 08:00:00,乙  苯,延炼12万吨/年乙苯/苯乙烯装置
0.19,ST010132,%(m/m),2025-05-21 08:00:00,二甲苯,延炼12万吨/年乙苯/苯乙烯装置
4.24,ST010132,%(m/m),2025-05-21 08:00:00,异丙苯,延炼12万吨/年乙苯/苯乙烯装置
6.26,ST010132,%(m/m),2025-05-21 08:00:00,正丙苯,延炼12万吨/年乙苯/苯乙烯装置
0.01,ST010132,%(m/m),2025-05-22 08:00:00,非  芳,延炼12万吨/年乙苯/苯乙烯装置
0.01,ST010132,%(m/m),2025-05-22 08:00:00,苯,延炼12万吨/年乙苯/苯乙烯装置
0.00,ST010132,%(m/m),2025-05-22 08:00:00,甲  苯,延炼12万吨/年乙苯/苯乙烯装置
0.92,ST010132,%(m/m),2025-05-22 08:00:00,乙  苯,延炼12万吨/年乙苯/苯乙烯装置
0.12,ST010132,%(m/m),2025-05-22 08:00:00,二甲苯,延炼12万吨/年乙苯/苯乙烯装置
4.13,ST010132,%(m/m),2025-05-22 08:00:00,异丙苯,延炼12万吨/年乙苯/苯乙烯装置
6.95,ST010132,%(m/m),2025-05-22 08:00:00,正丙苯,延炼12万吨/年乙苯/苯乙烯装置
0.87,ST010132,%(m/m),2025-05-22 08:00:00,甲乙苯,延炼12万吨/年乙苯/苯乙烯装置
2.25,ST010132,%(m/m),2025-05-22 08:00:00,丁苯,延炼12万吨/年乙苯/苯乙烯装置
75.74,ST010132,%(m/m),2025-05-22 08:00:00,二乙苯,延炼12万吨/年乙苯/苯乙烯装置
9.01,ST010132,%(m/m),2025-05-22 08:00:00,重芳,延炼12万吨/年乙苯/苯乙烯装置
0.01,ST010132,%(m/m),2025-05-23 08:00:00,非  芳,延炼12万吨/年乙苯/苯乙烯装置
0.01,ST010132,%(m/m),2025-05-23 08:00:00,苯,延炼12万吨/年乙苯/苯乙烯装置
0.00,ST010132,%(m/m),2025-05-23 08:00:00,甲  苯,延炼12万吨/年乙苯/苯乙烯装置
0.90,ST010132,%(m/m),2025-05-23 08:00:00,乙  苯,延炼12万吨/年乙苯/苯乙烯装置
0.13,ST010132,%(m/m),2025-05-23 08:00:00,二甲苯,延炼12万吨/年乙苯/苯乙烯装置
4.31,ST010132,%(m/m),2025-05-23 08:00:00,异丙苯,延炼12万吨/年乙苯/苯乙烯装置
7.09,ST010132,%(m/m),2025-05-23 08:00:00,正丙苯,延炼12万吨/年乙苯/苯乙烯装置
0.89,ST010132,%(m/m),2025-05-23 08:00:00,甲乙苯,延炼12万吨/年乙苯/苯乙烯装置
2.28,ST010132,%(m/m),2025-05-23 08:00:00,丁苯,延炼12万吨/年乙苯/苯乙烯装置
75.42,ST010132,%(m/m),2025-05-23 08:00:00,二乙苯,延炼12万吨/年乙苯/苯乙烯装置
8.97,ST010132,%(m/m),2025-05-23 08:00:00,重芳,延炼12万吨/年乙苯/苯乙烯装置
0.01,ST010132,%(m/m),2025-05-24 08:00:00,非  芳,延炼12万吨/年乙苯/苯乙烯装置
0.01,ST010132,%(m/m),2025-05-24 08:00:00,苯,延炼12万吨/年乙苯/苯乙烯装置
0.01,ST010132,%(m/m),2025-05-24 08:00:00,甲  苯,延炼12万吨/年乙苯/苯乙烯装置
1.54,ST010132,%(m/m),2025-05-24 08:00:00,乙  苯,延炼12万吨/年乙苯/苯乙烯装置
0.18,ST010132,%(m/m),2025-05-24 08:00:00,二甲苯,延炼12万吨/年乙苯/苯乙烯装置
4.98,ST010132,%(m/m),2025-05-24 08:00:00,异丙苯,延炼12万吨/年乙苯/苯乙烯装置
7.31,ST010132,%(m/m),2025-05-24 08:00:00,正丙苯,延炼12万吨/年乙苯/苯乙烯装置
0.93,ST010132,%(m/m),2025-05-24 08:00:00,甲乙苯,延炼12万吨/年乙苯/苯乙烯装置
2.29,ST010132,%(m/m),2025-05-24 08:00:00,丁苯,延炼12万吨/年乙苯/苯乙烯装置
74.07,ST010132,%(m/m),2025-05-24 08:00:00,二乙苯,延炼12万吨/年乙苯/苯乙烯装置
8.66,ST010132,%(m/m),2025-05-24 08:00:00,重芳,延炼12万吨/年乙苯/苯乙烯装置
0.01,ST010132,%(m/m),2025-05-25 08:00:00,非  芳,延炼12万吨/年乙苯/苯乙烯装置
0.01,ST010132,%(m/m),2025-05-25 08:00:00,苯,延炼12万吨/年乙苯/苯乙烯装置
0.00,ST010132,%(m/m),2025-05-25 08:00:00,甲  苯,延炼12万吨/年乙苯/苯乙烯装置
1.66,ST010132,%(m/m),2025-05-25 08:00:00,乙  苯,延炼12万吨/年乙苯/苯乙烯装置
0.18,ST010132,%(m/m),2025-05-25 08:00:00,二甲苯,延炼12万吨/年乙苯/苯乙烯装置
4.60,ST010132,%(m/m),2025-05-25 08:00:00,异丙苯,延炼12万吨/年乙苯/苯乙烯装置
6.68,ST010132,%(m/m),2025-05-25 08:00:00,正丙苯,延炼12万吨/年乙苯/苯乙烯装置
0.94,ST010132,%(m/m),2025-05-25 08:00:00,甲乙苯,延炼12万吨/年乙苯/苯乙烯装置
2.27,ST010132,%(m/m),2025-05-25 08:00:00,丁苯,延炼12万吨/年乙苯/苯乙烯装置
74.98,ST010132,%(m/m),2025-05-25 08:00:00,二乙苯,延炼12万吨/年乙苯/苯乙烯装置
8.67,ST010132,%(m/m),2025-05-25 08:00:00,重芳,延炼12万吨/年乙苯/苯乙烯装置
0.01,ST010132,%(m/m),2025-05-26 08:00:00,非  芳,延炼12万吨/年乙苯/苯乙烯装置
0.01,ST010132,%(m/m),2025-05-26 08:00:00,苯,延炼12万吨/年乙苯/苯乙烯装置
0.00,ST010132,%(m/m),2025-05-26 08:00:00,甲  苯,延炼12万吨/年乙苯/苯乙烯装置
1.62,ST010132,%(m/m),2025-05-26 08:00:00,乙  苯,延炼12万吨/年乙苯/苯乙烯装置
0.18,ST010132,%(m/m),2025-05-26 08:00:00,二甲苯,延炼12万吨/年乙苯/苯乙烯装置
4.57,ST010132,%(m/m),2025-05-26 08:00:00,异丙苯,延炼12万吨/年乙苯/苯乙烯装置
6.69,ST010132,%(m/m),2025-05-26 08:00:00,正丙苯,延炼12万吨/年乙苯/苯乙烯装置
0.99,ST010132,%(m/m),2025-05-26 08:00:00,甲乙苯,延炼12万吨/年乙苯/苯乙烯装置
2.34,ST010132,%(m/m),2025-05-26 08:00:00,丁苯,延炼12万吨/年乙苯/苯乙烯装置
74.91,ST010132,%(m/m),2025-05-26 08:00:00,二乙苯,延炼12万吨/年乙苯/苯乙烯装置
8.68,ST010132,%(m/m),2025-05-26 08:00:00,重芳,延炼12万吨/年乙苯/苯乙烯装置
0.01,ST010132,%(m/m),2025-05-27 08:00:00,非  芳,延炼12万吨/年乙苯/苯乙烯装置
0.01,ST010132,%(m/m),2025-05-27 08:00:00,苯,延炼12万吨/年乙苯/苯乙烯装置
0.00,ST010132,%(m/m),2025-05-27 08:00:00,甲  苯,延炼12万吨/年乙苯/苯乙烯装置
0.78,ST010132,%(m/m),2025-05-27 08:00:00,乙  苯,延炼12万吨/年乙苯/苯乙烯装置
0.10,ST010132,%(m/m),2025-05-27 08:00:00,二甲苯,延炼12万吨/年乙苯/苯乙烯装置
3.80,ST010132,%(m/m),2025-05-27 08:00:00,异丙苯,延炼12万吨/年乙苯/苯乙烯装置
6.53,ST010132,%(m/m),2025-05-27 08:00:00,正丙苯,延炼12万吨/年乙苯/苯乙烯装置
0.82,ST010132,%(m/m),2025-05-27 08:00:00,甲乙苯,延炼12万吨/年乙苯/苯乙烯装置
2.19,ST010132,%(m/m),2025-05-27 08:00:00,丁苯,延炼12万吨/年乙苯/苯乙烯装置
75.85,ST010132,%(m/m),2025-05-27 08:00:00,二乙苯,延炼12万吨/年乙苯/苯乙烯装置
9.90,ST010132,%(m/m),2025-05-27 08:00:00,重芳,延炼12万吨/年乙苯/苯乙烯装置
0.01,ST010132,%(m/m),2025-05-28 08:00:00,非  芳,延炼12万吨/年乙苯/苯乙烯装置
0.01,ST010132,%(m/m),2025-05-28 08:00:00,苯,延炼12万吨/年乙苯/苯乙烯装置
0.00,ST010132,%(m/m),2025-05-28 08:00:00,甲  苯,延炼12万吨/年乙苯/苯乙烯装置
0.87,ST010132,%(m/m),2025-05-28 08:00:00,乙  苯,延炼12万吨/年乙苯/苯乙烯装置
0.13,ST010132,%(m/m),2025-05-28 08:00:00,二甲苯,延炼12万吨/年乙苯/苯乙烯装置
4.56,ST010132,%(m/m),2025-05-28 08:00:00,异丙苯,延炼12万吨/年乙苯/苯乙烯装置
7.60,ST010132,%(m/m),2025-05-28 08:00:00,正丙苯,延炼12万吨/年乙苯/苯乙烯装置
0.93,ST010132,%(m/m),2025-05-28 08:00:00,甲乙苯,延炼12万吨/年乙苯/苯乙烯装置
2.25,ST010132,%(m/m),2025-05-28 08:00:00,丁苯,延炼12万吨/年乙苯/苯乙烯装置
74.19,ST010132,%(m/m),2025-05-28 08:00:00,二乙苯,延炼12万吨/年乙苯/苯乙烯装置
9.44,ST010132,%(m/m),2025-05-28 08:00:00,重芳,延炼12万吨/年乙苯/苯乙烯装置
0.01,ST010132,%(m/m),2025-05-29 08:00:00,非  芳,延炼12万吨/年乙苯/苯乙烯装置
0.01,ST010132,%(m/m),2025-05-29 08:00:00,苯,延炼12万吨/年乙苯/苯乙烯装置
0.00,ST010132,%(m/m),2025-05-29 08:00:00,甲  苯,延炼12万吨/年乙苯/苯乙烯装置
0.53,ST010132,%(m/m),2025-05-29 08:00:00,乙  苯,延炼12万吨/年乙苯/苯乙烯装置
0.09,ST010132,%(m/m),2025-05-29 08:00:00,二甲苯,延炼12万吨/年乙苯/苯乙烯装置
4.02,ST010132,%(m/m),2025-05-29 08:00:00,异丙苯,延炼12万吨/年乙苯/苯乙烯装置
7.21,ST010132,%(m/m),2025-05-29 08:00:00,正丙苯,延炼12万吨/年乙苯/苯乙烯装置
0.87,ST010132,%(m/m),2025-05-29 08:00:00,甲乙苯,延炼12万吨/年乙苯/苯乙烯装置
2.27,ST010132,%(m/m),2025-05-29 08:00:00,丁苯,延炼12万吨/年乙苯/苯乙烯装置
75.64,ST010132,%(m/m),2025-05-29 08:00:00,二乙苯,延炼12万吨/年乙苯/苯乙烯装置
9.35,ST010132,%(m/m),2025-05-29 08:00:00,重芳,延炼12万吨/年乙苯/苯乙烯装置
0.01,ST010132,%(m/m),2025-05-30 08:00:00,非  芳,延炼12万吨/年乙苯/苯乙烯装置
0.01,ST010132,%(m/m),2025-05-30 08:00:00,苯,延炼12万吨/年乙苯/苯乙烯装置
0.00,ST010132,%(m/m),2025-05-30 08:00:00,甲  苯,延炼12万吨/年乙苯/苯乙烯装置
0.74,ST010132,%(m/m),2025-05-30 08:00:00,乙  苯,延炼12万吨/年乙苯/苯乙烯装置
0.12,ST010132,%(m/m),2025-05-30 08:00:00,二甲苯,延炼12万吨/年乙苯/苯乙烯装置
4.88,ST010132,%(m/m),2025-05-30 08:00:00,异丙苯,延炼12万吨/年乙苯/苯乙烯装置
8.12,ST010132,%(m/m),2025-05-30 08:00:00,正丙苯,延炼12万吨/年乙苯/苯乙烯装置
1.00,ST010132,%(m/m),2025-05-30 08:00:00,甲乙苯,延炼12万吨/年乙苯/苯乙烯装置
2.31,ST010132,%(m/m),2025-05-30 08:00:00,丁苯,延炼12万吨/年乙苯/苯乙烯装置
73.86,ST010132,%(m/m),2025-05-30 08:00:00,二乙苯,延炼12万吨/年乙苯/苯乙烯装置
8.95,ST010132,%(m/m),2025-05-30 08:00:00,重芳,延炼12万吨/年乙苯/苯乙烯装置
0.01,ST010132,%(m/m),2025-05-31 08:00:00,非  芳,延炼12万吨/年乙苯/苯乙烯装置
0.00,ST010132,%(m/m),2025-05-31 08:00:00,苯,延炼12万吨/年乙苯/苯乙烯装置
0.00,ST010132,%(m/m),2025-05-31 08:00:00,甲  苯,延炼12万吨/年乙苯/苯乙烯装置
0.99,ST010132,%(m/m),2025-05-31 08:00:00,乙  苯,延炼12万吨/年乙苯/苯乙烯装置
0.15,ST010132,%(m/m),2025-05-31 08:00:00,二甲苯,延炼12万吨/年乙苯/苯乙烯装置
5.37,ST010132,%(m/m),2025-05-31 08:00:00,异丙苯,延炼12万吨/年乙苯/苯乙烯装置
8.56,ST010132,%(m/m),2025-05-31 08:00:00,正丙苯,延炼12万吨/年乙苯/苯乙烯装置
1.03,ST010132,%(m/m),2025-05-31 08:00:00,甲乙苯,延炼12万吨/年乙苯/苯乙烯装置
2.26,ST010132,%(m/m),2025-05-31 08:00:00,丁苯,延炼12万吨/年乙苯/苯乙烯装置
72.64,ST010132,%(m/m),2025-05-31 08:00:00,二乙苯,延炼12万吨/年乙苯/苯乙烯装置
8.97,ST010132,%(m/m),2025-05-31 08:00:00,重芳,延炼12万吨/年乙苯/苯乙烯装置
0.01,ST010132,%(m/m),2025-06-01 08:00:00,非  芳,延炼12万吨/年乙苯/苯乙烯装置
0.01,ST010132,%(m/m),2025-06-01 08:00:00,苯,延炼12万吨/年乙苯/苯乙烯装置
0.00,ST010132,%(m/m),2025-06-01 08:00:00,甲  苯,延炼12万吨/年乙苯/苯乙烯装置
0.56,ST010132,%(m/m),2025-06-01 08:00:00,乙  苯,延炼12万吨/年乙苯/苯乙烯装置
0.10,ST010132,%(m/m),2025-06-01 08:00:00,二甲苯,延炼12万吨/年乙苯/苯乙烯装置
4.62,ST010132,%(m/m),2025-06-01 08:00:00,异丙苯,延炼12万吨/年乙苯/苯乙烯装置
7.98,ST010132,%(m/m),2025-06-01 08:00:00,正丙苯,延炼12万吨/年乙苯/苯乙烯装置
1.02,ST010132,%(m/m),2025-06-01 08:00:00,甲乙苯,延炼12万吨/年乙苯/苯乙烯装置
2.30,ST010132,%(m/m),2025-06-01 08:00:00,丁苯,延炼12万吨/年乙苯/苯乙烯装置
74.25,ST010132,%(m/m),2025-06-01 08:00:00,二乙苯,延炼12万吨/年乙苯/苯乙烯装置
9.15,ST010132,%(m/m),2025-06-01 08:00:00,重芳,延炼12万吨/年乙苯/苯乙烯装置
0.01,ST010132,%(m/m),2025-06-02 08:00:00,非  芳,延炼12万吨/年乙苯/苯乙烯装置
0.01,ST010132,%(m/m),2025-06-02 08:00:00,苯,延炼12万吨/年乙苯/苯乙烯装置
0.00,ST010132,%(m/m),2025-06-02 08:00:00,甲  苯,延炼12万吨/年乙苯/苯乙烯装置
0.44,ST010132,%(m/m),2025-06-02 08:00:00,乙  苯,延炼12万吨/年乙苯/苯乙烯装置
0.10,ST010132,%(m/m),2025-06-02 08:00:00,二甲苯,延炼12万吨/年乙苯/苯乙烯装置
4.70,ST010132,%(m/m),2025-06-02 08:00:00,异丙苯,延炼12万吨/年乙苯/苯乙烯装置
8.33,ST010132,%(m/m),2025-06-02 08:00:00,正丙苯,延炼12万吨/年乙苯/苯乙烯装置
1.03,ST010132,%(m/m),2025-06-02 08:00:00,甲乙苯,延炼12万吨/年乙苯/苯乙烯装置
2.31,ST010132,%(m/m),2025-06-02 08:00:00,丁苯,延炼12万吨/年乙苯/苯乙烯装置
73.83,ST010132,%(m/m),2025-06-02 08:00:00,二乙苯,延炼12万吨/年乙苯/苯乙烯装置
9.25,ST010132,%(m/m),2025-06-02 08:00:00,重芳,延炼12万吨/年乙苯/苯乙烯装置
0.01,ST010132,%(m/m),2025-06-03 08:00:00,非  芳,延炼12万吨/年乙苯/苯乙烯装置
0.01,ST010132,%(m/m),2025-06-03 08:00:00,苯,延炼12万吨/年乙苯/苯乙烯装置
0.00,ST010132,%(m/m),2025-06-03 08:00:00,甲  苯,延炼12万吨/年乙苯/苯乙烯装置
0.25,ST010132,%(m/m),2025-06-03 08:00:00,乙  苯,延炼12万吨/年乙苯/苯乙烯装置
0.07,ST010132,%(m/m),2025-06-03 08:00:00,二甲苯,延炼12万吨/年乙苯/苯乙烯装置
4.43,ST010132,%(m/m),2025-06-03 08:00:00,异丙苯,延炼12万吨/年乙苯/苯乙烯装置
8.33,ST010132,%(m/m),2025-06-03 08:00:00,正丙苯,延炼12万吨/年乙苯/苯乙烯装置
1.00,ST010132,%(m/m),2025-06-03 08:00:00,甲乙苯,延炼12万吨/年乙苯/苯乙烯装置
2.23,ST010132,%(m/m),2025-06-03 08:00:00,丁苯,延炼12万吨/年乙苯/苯乙烯装置
74.18,ST010132,%(m/m),2025-06-03 08:00:00,二乙苯,延炼12万吨/年乙苯/苯乙烯装置
9.48,ST010132,%(m/m),2025-06-03 08:00:00,重芳,延炼12万吨/年乙苯/苯乙烯装置
0.01,ST010132,%(m/m),2025-06-04 08:00:00,非  芳,延炼12万吨/年乙苯/苯乙烯装置
0.01,ST010132,%(m/m),2025-06-04 08:00:00,苯,延炼12万吨/年乙苯/苯乙烯装置
0.00,ST010132,%(m/m),2025-06-04 08:00:00,甲  苯,延炼12万吨/年乙苯/苯乙烯装置
0.74,ST010132,%(m/m),2025-06-04 08:00:00,乙  苯,延炼12万吨/年乙苯/苯乙烯装置
0.15,ST010132,%(m/m),2025-06-04 08:00:00,二甲苯,延炼12万吨/年乙苯/苯乙烯装置
6.40,ST010132,%(m/m),2025-06-04 08:00:00,异丙苯,延炼12万吨/年乙苯/苯乙烯装置
9.74,ST010132,%(m/m),2025-06-04 08:00:00,正丙苯,延炼12万吨/年乙苯/苯乙烯装置
1.07,ST010132,%(m/m),2025-06-04 08:00:00,甲乙苯,延炼12万吨/年乙苯/苯乙烯装置
2.26,ST010132,%(m/m),2025-06-04 08:00:00,丁苯,延炼12万吨/年乙苯/苯乙烯装置
70.98,ST010132,%(m/m),2025-06-04 08:00:00,二乙苯,延炼12万吨/年乙苯/苯乙烯装置
8.63,ST010132,%(m/m),2025-06-04 08:00:00,重芳,延炼12万吨/年乙苯/苯乙烯装置
0.01,ST010132,%(m/m),2025-06-05 08:00:00,非  芳,延炼12万吨/年乙苯/苯乙烯装置
0.00,ST010132,%(m/m),2025-06-05 08:00:00,苯,延炼12万吨/年乙苯/苯乙烯装置
0.00,ST010132,%(m/m),2025-06-05 08:00:00,甲  苯,延炼12万吨/年乙苯/苯乙烯装置
0.25,ST010132,%(m/m),2025-06-05 08:00:00,乙  苯,延炼12万吨/年乙苯/苯乙烯装置
0.08,ST010132,%(m/m),2025-06-05 08:00:00,二甲苯,延炼12万吨/年乙苯/苯乙烯装置
4.96,ST010132,%(m/m),2025-06-05 08:00:00,异丙苯,延炼12万吨/年乙苯/苯乙烯装置
8.85,ST010132,%(m/m),2025-06-05 08:00:00,正丙苯,延炼12万吨/年乙苯/苯乙烯装置
0.99,ST010132,%(m/m),2025-06-05 08:00:00,甲乙苯,延炼12万吨/年乙苯/苯乙烯装置
2.23,ST010132,%(m/m),2025-06-05 08:00:00,丁苯,延炼12万吨/年乙苯/苯乙烯装置
73.45,ST010132,%(m/m),2025-06-05 08:00:00,二乙苯,延炼12万吨/年乙苯/苯乙烯装置
9.18,ST010132,%(m/m),2025-06-05 08:00:00,重芳,延炼12万吨/年乙苯/苯乙烯装置
0.01,ST010132,%(m/m),2025-06-06 08:00:00,非  芳,延炼12万吨/年乙苯/苯乙烯装置
0.01,ST010132,%(m/m),2025-06-06 08:00:00,苯,延炼12万吨/年乙苯/苯乙烯装置
0.00,ST010132,%(m/m),2025-06-06 08:00:00,甲  苯,延炼12万吨/年乙苯/苯乙烯装置
0.70,ST010132,%(m/m),2025-06-06 08:00:00,乙  苯,延炼12万吨/年乙苯/苯乙烯装置
0.16,ST010132,%(m/m),2025-06-06 08:00:00,二甲苯,延炼12万吨/年乙苯/苯乙烯装置
5.81,ST010132,%(m/m),2025-06-06 08:00:00,异丙苯,延炼12万吨/年乙苯/苯乙烯装置
8.56,ST010132,%(m/m),2025-06-06 08:00:00,正丙苯,延炼12万吨/年乙苯/苯乙烯装置
1.03,ST010132,%(m/m),2025-06-06 08:00:00,甲乙苯,延炼12万吨/年乙苯/苯乙烯装置
2.24,ST010132,%(m/m),2025-06-06 08:00:00,丁苯,延炼12万吨/年乙苯/苯乙烯装置
72.45,ST010132,%(m/m),2025-06-06 08:00:00,二乙苯,延炼12万吨/年乙苯/苯乙烯装置
9.04,ST010132,%(m/m),2025-06-06 08:00:00,重芳,延炼12万吨/年乙苯/苯乙烯装置
0.01,ST010132,%(m/m),2025-06-07 08:00:00,非  芳,延炼12万吨/年乙苯/苯乙烯装置
0.01,ST010132,%(m/m),2025-06-07 08:00:00,苯,延炼12万吨/年乙苯/苯乙烯装置
0.00,ST010132,%(m/m),2025-06-07 08:00:00,甲  苯,延炼12万吨/年乙苯/苯乙烯装置
0.99,ST010132,%(m/m),2025-06-07 08:00:00,乙  苯,延炼12万吨/年乙苯/苯乙烯装置
0.19,ST010132,%(m/m),2025-06-07 08:00:00,二甲苯,延炼12万吨/年乙苯/苯乙烯装置
5.42,ST010132,%(m/m),2025-06-07 08:00:00,异丙苯,延炼12万吨/年乙苯/苯乙烯装置
7.80,ST010132,%(m/m),2025-06-07 08:00:00,正丙苯,延炼12万吨/年乙苯/苯乙烯装置
1.01,ST010132,%(m/m),2025-06-07 08:00:00,甲乙苯,延炼12万吨/年乙苯/苯乙烯装置
2.24,ST010132,%(m/m),2025-06-07 08:00:00,丁苯,延炼12万吨/年乙苯/苯乙烯装置
73.30,ST010132,%(m/m),2025-06-07 08:00:00,二乙苯,延炼12万吨/年乙苯/苯乙烯装置
9.03,ST010132,%(m/m),2025-06-07 08:00:00,重芳,延炼12万吨/年乙苯/苯乙烯装置
0.01,ST010132,%(m/m),2025-06-08 08:00:00,非  芳,延炼12万吨/年乙苯/苯乙烯装置
0.01,ST010132,%(m/m),2025-06-08 08:00:00,苯,延炼12万吨/年乙苯/苯乙烯装置
0.00,ST010132,%(m/m),2025-06-08 08:00:00,甲  苯,延炼12万吨/年乙苯/苯乙烯装置
0.21,ST010132,%(m/m),2025-06-08 08:00:00,乙  苯,延炼12万吨/年乙苯/苯乙烯装置
0.06,ST010132,%(m/m),2025-06-08 08:00:00,二甲苯,延炼12万吨/年乙苯/苯乙烯装置
4.13,ST010132,%(m/m),2025-06-08 08:00:00,异丙苯,延炼12万吨/年乙苯/苯乙烯装置
7.92,ST010132,%(m/m),2025-06-08 08:00:00,正丙苯,延炼12万吨/年乙苯/苯乙烯装置
0.96,ST010132,%(m/m),2025-06-08 08:00:00,甲乙苯,延炼12万吨/年乙苯/苯乙烯装置
2.22,ST010132,%(m/m),2025-06-08 08:00:00,丁苯,延炼12万吨/年乙苯/苯乙烯装置
74.79,ST010132,%(m/m),2025-06-08 08:00:00,二乙苯,延炼12万吨/年乙苯/苯乙烯装置
9.69,ST010132,%(m/m),2025-06-08 08:00:00,重芳,延炼12万吨/年乙苯/苯乙烯装置
0.01,ST010132,%(m/m),2025-06-09 08:00:00,非  芳,延炼12万吨/年乙苯/苯乙烯装置
0.01,ST010132,%(m/m),2025-06-09 08:00:00,苯,延炼12万吨/年乙苯/苯乙烯装置
0.00,ST010132,%(m/m),2025-06-09 08:00:00,甲  苯,延炼12万吨/年乙苯/苯乙烯装置
0.73,ST010132,%(m/m),2025-06-09 08:00:00,乙  苯,延炼12万吨/年乙苯/苯乙烯装置
0.15,ST010132,%(m/m),2025-06-09 08:00:00,二甲苯,延炼12万吨/年乙苯/苯乙烯装置
4.48,ST010132,%(m/m),2025-06-09 08:00:00,异丙苯,延炼12万吨/年乙苯/苯乙烯装置
7.19,ST010132,%(m/m),2025-06-09 08:00:00,正丙苯,延炼12万吨/年乙苯/苯乙烯装置
0.98,ST010132,%(m/m),2025-06-09 08:00:00,甲乙苯,延炼12万吨/年乙苯/苯乙烯装置
2.20,ST010132,%(m/m),2025-06-09 08:00:00,丁苯,延炼12万吨/年乙苯/苯乙烯装置
74.98,ST010132,%(m/m),2025-06-09 08:00:00,二乙苯,延炼12万吨/年乙苯/苯乙烯装置
9.28,ST010132,%(m/m),2025-06-09 08:00:00,重芳,延炼12万吨/年乙苯/苯乙烯装置
0.00,ST010132,%(m/m),2025-06-10 08:00:00,甲  苯,延炼12万吨/年乙苯/苯乙烯装置
0.90,ST010132,%(m/m),2025-06-10 08:00:00,乙  苯,延炼12万吨/年乙苯/苯乙烯装置
0.18,ST010132,%(m/m),2025-06-10 08:00:00,二甲苯,延炼12万吨/年乙苯/苯乙烯装置
4.71,ST010132,%(m/m),2025-06-10 08:00:00,异丙苯,延炼12万吨/年乙苯/苯乙烯装置
7.23,ST010132,%(m/m),2025-06-10 08:00:00,正丙苯,延炼12万吨/年乙苯/苯乙烯装置
1.02,ST010132,%(m/m),2025-06-10 08:00:00,甲乙苯,延炼12万吨/年乙苯/苯乙烯装置
2.26,ST010132,%(m/m),2025-06-10 08:00:00,丁苯,延炼12万吨/年乙苯/苯乙烯装置
74.85,ST010132,%(m/m),2025-06-10 08:00:00,二乙苯,延炼12万吨/年乙苯/苯乙烯装置
8.83,ST010132,%(m/m),2025-06-10 08:00:00,重芳,延炼12万吨/年乙苯/苯乙烯装置
0.01,ST010132,%(m/m),2025-06-10 08:00:00,非  芳,延炼12万吨/年乙苯/苯乙烯装置
0.00,ST010132,%(m/m),2025-06-10 08:00:00,苯,延炼12万吨/年乙苯/苯乙烯装置
0.01,ST010132,%(m/m),2025-06-11 08:00:00,非  芳,延炼12万吨/年乙苯/苯乙烯装置
0.01,ST010132,%(m/m),2025-06-11 08:00:00,苯,延炼12万吨/年乙苯/苯乙烯装置
0.00,ST010132,%(m/m),2025-06-11 08:00:00,甲  苯,延炼12万吨/年乙苯/苯乙烯装置
0.95,ST010132,%(m/m),2025-06-11 08:00:00,乙  苯,延炼12万吨/年乙苯/苯乙烯装置
0.18,ST010132,%(m/m),2025-06-11 08:00:00,二甲苯,延炼12万吨/年乙苯/苯乙烯装置
4.54,ST010132,%(m/m),2025-06-11 08:00:00,异丙苯,延炼12万吨/年乙苯/苯乙烯装置
7.08,ST010132,%(m/m),2025-06-11 08:00:00,正丙苯,延炼12万吨/年乙苯/苯乙烯装置
0.98,ST010132,%(m/m),2025-06-11 08:00:00,甲乙苯,延炼12万吨/年乙苯/苯乙烯装置
2.26,ST010132,%(m/m),2025-06-11 08:00:00,丁苯,延炼12万吨/年乙苯/苯乙烯装置
75.23,ST010132,%(m/m),2025-06-11 08:00:00,二乙苯,延炼12万吨/年乙苯/苯乙烯装置
8.75,ST010132,%(m/m),2025-06-11 08:00:00,重芳,延炼12万吨/年乙苯/苯乙烯装置
0.02,ST010132,%(m/m),2025-06-12 08:00:00,非  芳,延炼12万吨/年乙苯/苯乙烯装置
0.02,ST010132,%(m/m),2025-06-12 08:00:00,苯,延炼12万吨/年乙苯/苯乙烯装置
0.00,ST010132,%(m/m),2025-06-12 08:00:00,甲  苯,延炼12万吨/年乙苯/苯乙烯装置
1.85,ST010132,%(m/m),2025-06-12 08:00:00,乙  苯,延炼12万吨/年乙苯/苯乙烯装置
0.24,ST010132,%(m/m),2025-06-12 08:00:00,二甲苯,延炼12万吨/年乙苯/苯乙烯装置
4.74,ST010132,%(m/m),2025-06-12 08:00:00,异丙苯,延炼12万吨/年乙苯/苯乙烯装置
6.94,ST010132,%(m/m),2025-06-12 08:00:00,正丙苯,延炼12万吨/年乙苯/苯乙烯装置
0.91,ST010132,%(m/m),2025-06-12 08:00:00,甲乙苯,延炼12万吨/年乙苯/苯乙烯装置
2.22,ST010132,%(m/m),2025-06-12 08:00:00,丁苯,延炼12万吨/年乙苯/苯乙烯装置
74.40,ST010132,%(m/m),2025-06-12 08:00:00,二乙苯,延炼12万吨/年乙苯/苯乙烯装置
8.65,ST010132,%(m/m),2025-06-12 08:00:00,重芳,延炼12万吨/年乙苯/苯乙烯装置
0.01,ST010132,%(m/m),2025-06-13 08:00:00,非  芳,延炼12万吨/年乙苯/苯乙烯装置
0.01,ST010132,%(m/m),2025-06-13 08:00:00,苯,延炼12万吨/年乙苯/苯乙烯装置
0.00,ST010132,%(m/m),2025-06-13 08:00:00,甲  苯,延炼12万吨/年乙苯/苯乙烯装置
1.02,ST010132,%(m/m),2025-06-13 08:00:00,乙  苯,延炼12万吨/年乙苯/苯乙烯装置
0.16,ST010132,%(m/m),2025-06-13 08:00:00,二甲苯,延炼12万吨/年乙苯/苯乙烯装置
4.04,ST010132,%(m/m),2025-06-13 08:00:00,异丙苯,延炼12万吨/年乙苯/苯乙烯装置
6.56,ST010132,%(m/m),2025-06-13 08:00:00,正丙苯,延炼12万吨/年乙苯/苯乙烯装置
0.90,ST010132,%(m/m),2025-06-13 08:00:00,甲乙苯,延炼12万吨/年乙苯/苯乙烯装置
2.26,ST010132,%(m/m),2025-06-13 08:00:00,丁苯,延炼12万吨/年乙苯/苯乙烯装置
76.43,ST010132,%(m/m),2025-06-13 08:00:00,二乙苯,延炼12万吨/年乙苯/苯乙烯装置
8.59,ST010132,%(m/m),2025-06-13 08:00:00,重芳,延炼12万吨/年乙苯/苯乙烯装置
0.01,ST010132,%(m/m),2025-06-14 08:00:00,非  芳,延炼12万吨/年乙苯/苯乙烯装置
0.01,ST010132,%(m/m),2025-06-14 08:00:00,苯,延炼12万吨/年乙苯/苯乙烯装置
0.00,ST010132,%(m/m),2025-06-14 08:00:00,甲  苯,延炼12万吨/年乙苯/苯乙烯装置
0.62,ST010132,%(m/m),2025-06-14 08:00:00,乙  苯,延炼12万吨/年乙苯/苯乙烯装置
0.13,ST010132,%(m/m),2025-06-14 08:00:00,二甲苯,延炼12万吨/年乙苯/苯乙烯装置
4.10,ST010132,%(m/m),2025-06-14 08:00:00,异丙苯,延炼12万吨/年乙苯/苯乙烯装置
6.74,ST010132,%(m/m),2025-06-14 08:00:00,正丙苯,延炼12万吨/年乙苯/苯乙烯装置
0.93,ST010132,%(m/m),2025-06-14 08:00:00,甲乙苯,延炼12万吨/年乙苯/苯乙烯装置
2.18,ST010132,%(m/m),2025-06-14 08:00:00,丁苯,延炼12万吨/年乙苯/苯乙烯装置
75.88,ST010132,%(m/m),2025-06-14 08:00:00,二乙苯,延炼12万吨/年乙苯/苯乙烯装置
9.39,ST010132,%(m/m),2025-06-14 08:00:00,重芳,延炼12万吨/年乙苯/苯乙烯装置
76.18,ST010132,%(m/m),2025-06-15 08:00:00,二乙苯,延炼12万吨/年乙苯/苯乙烯装置
8.77,ST010132,%(m/m),2025-06-15 08:00:00,重芳,延炼12万吨/年乙苯/苯乙烯装置
0.01,ST010132,%(m/m),2025-06-15 08:00:00,非  芳,延炼12万吨/年乙苯/苯乙烯装置
0.02,ST010132,%(m/m),2025-06-15 08:00:00,苯,延炼12万吨/年乙苯/苯乙烯装置
0.00,ST010132,%(m/m),2025-06-15 08:00:00,甲  苯,延炼12万吨/年乙苯/苯乙烯装置
1.63,ST010132,%(m/m),2025-06-15 08:00:00,乙  苯,延炼12万吨/年乙苯/苯乙烯装置
0.20,ST010132,%(m/m),2025-06-15 08:00:00,二甲苯,延炼12万吨/年乙苯/苯乙烯装置
3.96,ST010132,%(m/m),2025-06-15 08:00:00,异丙苯,延炼12万吨/年乙苯/苯乙烯装置
6.09,ST010132,%(m/m),2025-06-15 08:00:00,正丙苯,延炼12万吨/年乙苯/苯乙烯装置
0.92,ST010132,%(m/m),2025-06-15 08:00:00,甲乙苯,延炼12万吨/年乙苯/苯乙烯装置
2.22,ST010132,%(m/m),2025-06-15 08:00:00,丁苯,延炼12万吨/年乙苯/苯乙烯装置
0.01,ST010132,%(m/m),2025-06-16 08:00:00,非  芳,延炼12万吨/年乙苯/苯乙烯装置
0.01,ST010132,%(m/m),2025-06-16 08:00:00,苯,延炼12万吨/年乙苯/苯乙烯装置
0.00,ST010132,%(m/m),2025-06-16 08:00:00,甲  苯,延炼12万吨/年乙苯/苯乙烯装置
1.72,ST010132,%(m/m),2025-06-16 08:00:00,乙  苯,延炼12万吨/年乙苯/苯乙烯装置
0.20,ST010132,%(m/m),2025-06-16 08:00:00,二甲苯,延炼12万吨/年乙苯/苯乙烯装置
3.91,ST010132,%(m/m),2025-06-16 08:00:00,异丙苯,延炼12万吨/年乙苯/苯乙烯装置
6.05,ST010132,%(m/m),2025-06-16 08:00:00,正丙苯,延炼12万吨/年乙苯/苯乙烯装置
0.92,ST010132,%(m/m),2025-06-16 08:00:00,甲乙苯,延炼12万吨/年乙苯/苯乙烯装置
2.23,ST010132,%(m/m),2025-06-16 08:00:00,丁苯,延炼12万吨/年乙苯/苯乙烯装置
76.63,ST010132,%(m/m),2025-06-16 08:00:00,二乙苯,延炼12万吨/年乙苯/苯乙烯装置
8.31,ST010132,%(m/m),2025-06-16 08:00:00,重芳,延炼12万吨/年乙苯/苯乙烯装置
0.02,ST010132,%(m/m),2025-06-17 08:00:00,非  芳,延炼12万吨/年乙苯/苯乙烯装置
0.02,ST010132,%(m/m),2025-06-17 08:00:00,苯,延炼12万吨/年乙苯/苯乙烯装置
0.00,ST010132,%(m/m),2025-06-17 08:00:00,甲  苯,延炼12万吨/年乙苯/苯乙烯装置
3.74,ST010132,%(m/m),2025-06-17 08:00:00,乙  苯,延炼12万吨/年乙苯/苯乙烯装置
0.31,ST010132,%(m/m),2025-06-17 08:00:00,二甲苯,延炼12万吨/年乙苯/苯乙烯装置
4.66,ST010132,%(m/m),2025-06-17 08:00:00,异丙苯,延炼12万吨/年乙苯/苯乙烯装置
6.49,ST010132,%(m/m),2025-06-17 08:00:00,正丙苯,延炼12万吨/年乙苯/苯乙烯装置
0.97,ST010132,%(m/m),2025-06-17 08:00:00,甲乙苯,延炼12万吨/年乙苯/苯乙烯装置
2.23,ST010132,%(m/m),2025-06-17 08:00:00,丁苯,延炼12万吨/年乙苯/苯乙烯装置
73.71,ST010132,%(m/m),2025-06-17 08:00:00,二乙苯,延炼12万吨/年乙苯/苯乙烯装置
7.87,ST010132,%(m/m),2025-06-17 08:00:00,重芳,延炼12万吨/年乙苯/苯乙烯装置
0.01,ST010132,%(m/m),2025-06-18 08:00:00,非  芳,延炼12万吨/年乙苯/苯乙烯装置
0.01,ST010132,%(m/m),2025-06-18 08:00:00,苯,延炼12万吨/年乙苯/苯乙烯装置
0.01,ST010132,%(m/m),2025-06-18 08:00:00,甲  苯,延炼12万吨/年乙苯/苯乙烯装置
1.22,ST010132,%(m/m),2025-06-18 08:00:00,乙  苯,延炼12万吨/年乙苯/苯乙烯装置
0.15,ST010132,%(m/m),2025-06-18 08:00:00,二甲苯,延炼12万吨/年乙苯/苯乙烯装置
3.40,ST010132,%(m/m),2025-06-18 08:00:00,异丙苯,延炼12万吨/年乙苯/苯乙烯装置
5.69,ST010132,%(m/m),2025-06-18 08:00:00,正丙苯,延炼12万吨/年乙苯/苯乙烯装置
0.87,ST010132,%(m/m),2025-06-18 08:00:00,甲乙苯,延炼12万吨/年乙苯/苯乙烯装置
2.20,ST010132,%(m/m),2025-06-18 08:00:00,丁苯,延炼12万吨/年乙苯/苯乙烯装置
77.69,ST010132,%(m/m),2025-06-18 08:00:00,二乙苯,延炼12万吨/年乙苯/苯乙烯装置
8.75,ST010132,%(m/m),2025-06-18 08:00:00,重芳,延炼12万吨/年乙苯/苯乙烯装置
0.01,ST010132,%(m/m),2025-06-19 08:00:00,非  芳,延炼12万吨/年乙苯/苯乙烯装置
0.01,ST010132,%(m/m),2025-06-19 08:00:00,苯,延炼12万吨/年乙苯/苯乙烯装置
0.00,ST010132,%(m/m),2025-06-19 08:00:00,甲  苯,延炼12万吨/年乙苯/苯乙烯装置
1.51,ST010132,%(m/m),2025-06-19 08:00:00,乙  苯,延炼12万吨/年乙苯/苯乙烯装置
0.17,ST010132,%(m/m),2025-06-19 08:00:00,二甲苯,延炼12万吨/年乙苯/苯乙烯装置
4.02,ST010132,%(m/m),2025-06-19 08:00:00,异丙苯,延炼12万吨/年乙苯/苯乙烯装置
6.51,ST010132,%(m/m),2025-06-19 08:00:00,正丙苯,延炼12万吨/年乙苯/苯乙烯装置
0.92,ST010132,%(m/m),2025-06-19 08:00:00,甲乙苯,延炼12万吨/年乙苯/苯乙烯装置
2.25,ST010132,%(m/m),2025-06-19 08:00:00,丁苯,延炼12万吨/年乙苯/苯乙烯装置
76.14,ST010132,%(m/m),2025-06-19 08:00:00,二乙苯,延炼12万吨/年乙苯/苯乙烯装置
8.45,ST010132,%(m/m),2025-06-19 08:00:00,重芳,延炼12万吨/年乙苯/苯乙烯装置
0.01,ST010132,%(m/m),2025-06-20 08:00:00,非  芳,延炼12万吨/年乙苯/苯乙烯装置
0.01,ST010132,%(m/m),2025-06-20 08:00:00,苯,延炼12万吨/年乙苯/苯乙烯装置
0.01,ST010132,%(m/m),2025-06-20 08:00:00,甲  苯,延炼12万吨/年乙苯/苯乙烯装置
1.37,ST010132,%(m/m),2025-06-20 08:00:00,乙  苯,延炼12万吨/年乙苯/苯乙烯装置
0.17,ST010132,%(m/m),2025-06-20 08:00:00,二甲苯,延炼12万吨/年乙苯/苯乙烯装置
3.66,ST010132,%(m/m),2025-06-20 08:00:00,异丙苯,延炼12万吨/年乙苯/苯乙烯装置
5.76,ST010132,%(m/m),2025-06-20 08:00:00,正丙苯,延炼12万吨/年乙苯/苯乙烯装置
0.88,ST010132,%(m/m),2025-06-20 08:00:00,甲乙苯,延炼12万吨/年乙苯/苯乙烯装置
2.19,ST010132,%(m/m),2025-06-20 08:00:00,丁苯,延炼12万吨/年乙苯/苯乙烯装置
76.78,ST010132,%(m/m),2025-06-20 08:00:00,二乙苯,延炼12万吨/年乙苯/苯乙烯装置
9.14,ST010132,%(m/m),2025-06-20 08:00:00,重芳,延炼12万吨/年乙苯/苯乙烯装置
0.01,ST010132,%(m/m),2025-06-21 08:00:00,非  芳,延炼12万吨/年乙苯/苯乙烯装置
0.01,ST010132,%(m/m),2025-06-21 08:00:00,苯,延炼12万吨/年乙苯/苯乙烯装置
0.00,ST010132,%(m/m),2025-06-21 08:00:00,甲  苯,延炼12万吨/年乙苯/苯乙烯装置
1.15,ST010132,%(m/m),2025-06-21 08:00:00,乙  苯,延炼12万吨/年乙苯/苯乙烯装置
0.15,ST010132,%(m/m),2025-06-21 08:00:00,二甲苯,延炼12万吨/年乙苯/苯乙烯装置
4.11,ST010132,%(m/m),2025-06-21 08:00:00,异丙苯,延炼12万吨/年乙苯/苯乙烯装置
6.80,ST010132,%(m/m),2025-06-21 08:00:00,正丙苯,延炼12万吨/年乙苯/苯乙烯装置
0.93,ST010132,%(m/m),2025-06-21 08:00:00,甲乙苯,延炼12万吨/年乙苯/苯乙烯装置
2.27,ST010132,%(m/m),2025-06-21 08:00:00,丁苯,延炼12万吨/年乙苯/苯乙烯装置
75.92,ST010132,%(m/m),2025-06-21 08:00:00,二乙苯,延炼12万吨/年乙苯/苯乙烯装置
8.64,ST010132,%(m/m),2025-06-21 08:00:00,重芳,延炼12万吨/年乙苯/苯乙烯装置
0.01,ST010132,%(m/m),2025-06-22 08:00:00,非  芳,延炼12万吨/年乙苯/苯乙烯装置
0.02,ST010132,%(m/m),2025-06-22 08:00:00,苯,延炼12万吨/年乙苯/苯乙烯装置
0.01,ST010132,%(m/m),2025-06-22 08:00:00,甲  苯,延炼12万吨/年乙苯/苯乙烯装置
3.03,ST010132,%(m/m),2025-06-22 08:00:00,乙  苯,延炼12万吨/年乙苯/苯乙烯装置
0.28,ST010132,%(m/m),2025-06-22 08:00:00,二甲苯,延炼12万吨/年乙苯/苯乙烯装置
5.12,ST010132,%(m/m),2025-06-22 08:00:00,异丙苯,延炼12万吨/年乙苯/苯乙烯装置
7.27,ST010132,%(m/m),2025-06-22 08:00:00,正丙苯,延炼12万吨/年乙苯/苯乙烯装置
0.95,ST010132,%(m/m),2025-06-22 08:00:00,甲乙苯,延炼12万吨/年乙苯/苯乙烯装置
2.25,ST010132,%(m/m),2025-06-22 08:00:00,丁苯,延炼12万吨/年乙苯/苯乙烯装置
73.07,ST010132,%(m/m),2025-06-22 08:00:00,二乙苯,延炼12万吨/年乙苯/苯乙烯装置
7.98,ST010132,%(m/m),2025-06-22 08:00:00,重芳,延炼12万吨/年乙苯/苯乙烯装置
0.01,ST010132,%(m/m),2025-06-23 08:00:00,非  芳,延炼12万吨/年乙苯/苯乙烯装置
0.01,ST010132,%(m/m),2025-06-23 08:00:00,苯,延炼12万吨/年乙苯/苯乙烯装置
0.00,ST010132,%(m/m),2025-06-23 08:00:00,甲  苯,延炼12万吨/年乙苯/苯乙烯装置
1.47,ST010132,%(m/m),2025-06-23 08:00:00,乙  苯,延炼12万吨/年乙苯/苯乙烯装置
0.18,ST010132,%(m/m),2025-06-23 08:00:00,二甲苯,延炼12万吨/年乙苯/苯乙烯装置
4.47,ST010132,%(m/m),2025-06-23 08:00:00,异丙苯,延炼12万吨/年乙苯/苯乙烯装置
7.00,ST010132,%(m/m),2025-06-23 08:00:00,正丙苯,延炼12万吨/年乙苯/苯乙烯装置
1.03,ST010132,%(m/m),2025-06-23 08:00:00,甲乙苯,延炼12万吨/年乙苯/苯乙烯装置
2.26,ST010132,%(m/m),2025-06-23 08:00:00,丁苯,延炼12万吨/年乙苯/苯乙烯装置
75.18,ST010132,%(m/m),2025-06-23 08:00:00,二乙苯,延炼12万吨/年乙苯/苯乙烯装置
8.38,ST010132,%(m/m),2025-06-23 08:00:00,重芳,延炼12万吨/年乙苯/苯乙烯装置
0.16,ST010132,%(m/m),2025-06-24 08:00:00,二甲苯,延炼12万吨/年乙苯/苯乙烯装置
4.30,ST010132,%(m/m),2025-06-24 08:00:00,异丙苯,延炼12万吨/年乙苯/苯乙烯装置
6.95,ST010132,%(m/m),2025-06-24 08:00:00,正丙苯,延炼12万吨/年乙苯/苯乙烯装置
1.07,ST010132,%(m/m),2025-06-24 08:00:00,甲乙苯,延炼12万吨/年乙苯/苯乙烯装置
2.33,ST010132,%(m/m),2025-06-24 08:00:00,丁苯,延炼12万吨/年乙苯/苯乙烯装置
75.62,ST010132,%(m/m),2025-06-24 08:00:00,二乙苯,延炼12万吨/年乙苯/苯乙烯装置
8.31,ST010132,%(m/m),2025-06-24 08:00:00,重芳,延炼12万吨/年乙苯/苯乙烯装置
0.01,ST010132,%(m/m),2025-06-24 08:00:00,非  芳,延炼12万吨/年乙苯/苯乙烯装置
0.01,ST010132,%(m/m),2025-06-24 08:00:00,苯,延炼12万吨/年乙苯/苯乙烯装置
0.01,ST010132,%(m/m),2025-06-24 08:00:00,甲  苯,延炼12万吨/年乙苯/苯乙烯装置
1.23,ST010132,%(m/m),2025-06-24 08:00:00,乙  苯,延炼12万吨/年乙苯/苯乙烯装置
0.02,ST010132,%(m/m),2025-06-25 08:00:00,非  芳,延炼12万吨/年乙苯/苯乙烯装置
0.01,ST010132,%(m/m),2025-06-25 08:00:00,苯,延炼12万吨/年乙苯/苯乙烯装置
0.01,ST010132,%(m/m),2025-06-25 08:00:00,甲  苯,延炼12万吨/年乙苯/苯乙烯装置
4.30,ST010132,%(m/m),2025-06-25 08:00:00,乙  苯,延炼12万吨/年乙苯/苯乙烯装置
0.34,ST010132,%(m/m),2025-06-25 08:00:00,二甲苯,延炼12万吨/年乙苯/苯乙烯装置
5.45,ST010132,%(m/m),2025-06-25 08:00:00,异丙苯,延炼12万吨/年乙苯/苯乙烯装置
7.29,ST010132,%(m/m),2025-06-25 08:00:00,正丙苯,延炼12万吨/年乙苯/苯乙烯装置
1.15,ST010132,%(m/m),2025-06-25 08:00:00,甲乙苯,延炼12万吨/年乙苯/苯乙烯装置
2.37,ST010132,%(m/m),2025-06-25 08:00:00,丁苯,延炼12万吨/年乙苯/苯乙烯装置
71.39,ST010132,%(m/m),2025-06-25 08:00:00,二乙苯,延炼12万吨/年乙苯/苯乙烯装置
7.67,ST010132,%(m/m),2025-06-25 08:00:00,重芳,延炼12万吨/年乙苯/苯乙烯装置
0.01,ST010132,%(m/m),2025-06-26 08:00:00,非  芳,延炼12万吨/年乙苯/苯乙烯装置
0.02,ST010132,%(m/m),2025-06-26 08:00:00,苯,延炼12万吨/年乙苯/苯乙烯装置
0.01,ST010132,%(m/m),2025-06-26 08:00:00,甲  苯,延炼12万吨/年乙苯/苯乙烯装置
1.41,ST010132,%(m/m),2025-06-26 08:00:00,乙  苯,延炼12万吨/年乙苯/苯乙烯装置
0.17,ST010132,%(m/m),2025-06-26 08:00:00,二甲苯,延炼12万吨/年乙苯/苯乙烯装置
4.28,ST010132,%(m/m),2025-06-26 08:00:00,异丙苯,延炼12万吨/年乙苯/苯乙烯装置
6.72,ST010132,%(m/m),2025-06-26 08:00:00,正丙苯,延炼12万吨/年乙苯/苯乙烯装置
1.04,ST010132,%(m/m),2025-06-26 08:00:00,甲乙苯,延炼12万吨/年乙苯/苯乙烯装置
2.30,ST010132,%(m/m),2025-06-26 08:00:00,丁苯,延炼12万吨/年乙苯/苯乙烯装置
75.06,ST010132,%(m/m),2025-06-26 08:00:00,二乙苯,延炼12万吨/年乙苯/苯乙烯装置
8.99,ST010132,%(m/m),2025-06-26 08:00:00,重芳,延炼12万吨/年乙苯/苯乙烯装置
0.01,ST010132,%(m/m),2025-06-27 08:00:00,非  芳,延炼12万吨/年乙苯/苯乙烯装置
0.01,ST010132,%(m/m),2025-06-27 08:00:00,苯,延炼12万吨/年乙苯/苯乙烯装置
0.01,ST010132,%(m/m),2025-06-27 08:00:00,甲  苯,延炼12万吨/年乙苯/苯乙烯装置
1.53,ST010132,%(m/m),2025-06-27 08:00:00,乙  苯,延炼12万吨/年乙苯/苯乙烯装置
0.18,ST010132,%(m/m),2025-06-27 08:00:00,二甲苯,延炼12万吨/年乙苯/苯乙烯装置
4.29,ST010132,%(m/m),2025-06-27 08:00:00,异丙苯,延炼12万吨/年乙苯/苯乙烯装置
6.63,ST010132,%(m/m),2025-06-27 08:00:00,正丙苯,延炼12万吨/年乙苯/苯乙烯装置
1.12,ST010132,%(m/m),2025-06-27 08:00:00,甲乙苯,延炼12万吨/年乙苯/苯乙烯装置
2.31,ST010132,%(m/m),2025-06-27 08:00:00,丁苯,延炼12万吨/年乙苯/苯乙烯装置
75.10,ST010132,%(m/m),2025-06-27 08:00:00,二乙苯,延炼12万吨/年乙苯/苯乙烯装置
8.83,ST010132,%(m/m),2025-06-27 08:00:00,重芳,延炼12万吨/年乙苯/苯乙烯装置
0.01,ST010132,%(m/m),2025-06-28 08:00:00,非  芳,延炼12万吨/年乙苯/苯乙烯装置
0.01,ST010132,%(m/m),2025-06-28 08:00:00,苯,延炼12万吨/年乙苯/苯乙烯装置
0.00,ST010132,%(m/m),2025-06-28 08:00:00,甲  苯,延炼12万吨/年乙苯/苯乙烯装置
2.00,ST010132,%(m/m),2025-06-28 08:00:00,乙  苯,延炼12万吨/年乙苯/苯乙烯装置
0.20,ST010132,%(m/m),2025-06-28 08:00:00,二甲苯,延炼12万吨/年乙苯/苯乙烯装置
4.63,ST010132,%(m/m),2025-06-28 08:00:00,异丙苯,延炼12万吨/年乙苯/苯乙烯装置
7.03,ST010132,%(m/m),2025-06-28 08:00:00,正丙苯,延炼12万吨/年乙苯/苯乙烯装置
1.18,ST010132,%(m/m),2025-06-28 08:00:00,甲乙苯,延炼12万吨/年乙苯/苯乙烯装置
2.28,ST010132,%(m/m),2025-06-28 08:00:00,丁苯,延炼12万吨/年乙苯/苯乙烯装置
74.06,ST010132,%(m/m),2025-06-28 08:00:00,二乙苯,延炼12万吨/年乙苯/苯乙烯装置
8.57,ST010132,%(m/m),2025-06-28 08:00:00,重芳,延炼12万吨/年乙苯/苯乙烯装置
0.01,ST010132,%(m/m),2025-06-29 08:00:00,非  芳,延炼12万吨/年乙苯/苯乙烯装置
0.01,ST010132,%(m/m),2025-06-29 08:00:00,苯,延炼12万吨/年乙苯/苯乙烯装置
0.01,ST010132,%(m/m),2025-06-29 08:00:00,甲  苯,延炼12万吨/年乙苯/苯乙烯装置
0.76,ST010132,%(m/m),2025-06-29 08:00:00,乙  苯,延炼12万吨/年乙苯/苯乙烯装置
0.11,ST010132,%(m/m),2025-06-29 08:00:00,二甲苯,延炼12万吨/年乙苯/苯乙烯装置
4.01,ST010132,%(m/m),2025-06-29 08:00:00,异丙苯,延炼12万吨/年乙苯/苯乙烯装置
7.02,ST010132,%(m/m),2025-06-29 08:00:00,正丙苯,延炼12万吨/年乙苯/苯乙烯装置
1.19,ST010132,%(m/m),2025-06-29 08:00:00,甲乙苯,延炼12万吨/年乙苯/苯乙烯装置
2.31,ST010132,%(m/m),2025-06-29 08:00:00,丁苯,延炼12万吨/年乙苯/苯乙烯装置
75.81,ST010132,%(m/m),2025-06-29 08:00:00,二乙苯,延炼12万吨/年乙苯/苯乙烯装置
8.76,ST010132,%(m/m),2025-06-29 08:00:00,重芳,延炼12万吨/年乙苯/苯乙烯装置
0.01,ST010132,%(m/m),2025-06-30 08:00:00,非  芳,延炼12万吨/年乙苯/苯乙烯装置
0.00,ST010132,%(m/m),2025-06-30 08:00:00,苯,延炼12万吨/年乙苯/苯乙烯装置
0.01,ST010132,%(m/m),2025-06-30 08:00:00,甲  苯,延炼12万吨/年乙苯/苯乙烯装置
0.88,ST010132,%(m/m),2025-06-30 08:00:00,乙  苯,延炼12万吨/年乙苯/苯乙烯装置
0.13,ST010132,%(m/m),2025-06-30 08:00:00,二甲苯,延炼12万吨/年乙苯/苯乙烯装置
4.90,ST010132,%(m/m),2025-06-30 08:00:00,异丙苯,延炼12万吨/年乙苯/苯乙烯装置
8.06,ST010132,%(m/m),2025-06-30 08:00:00,正丙苯,延炼12万吨/年乙苯/苯乙烯装置
1.18,ST010132,%(m/m),2025-06-30 08:00:00,甲乙苯,延炼12万吨/年乙苯/苯乙烯装置
2.31,ST010132,%(m/m),2025-06-30 08:00:00,丁苯,延炼12万吨/年乙苯/苯乙烯装置
73.84,ST010132,%(m/m),2025-06-30 08:00:00,二乙苯,延炼12万吨/年乙苯/苯乙烯装置
8.67,ST010132,%(m/m),2025-06-30 08:00:00,重芳,延炼12万吨/年乙苯/苯乙烯装置
0.01,ST010132,%(m/m),2025-07-01 08:00:00,非  芳,延炼12万吨/年乙苯/苯乙烯装置
0.01,ST010132,%(m/m),2025-07-01 08:00:00,苯,延炼12万吨/年乙苯/苯乙烯装置
0.00,ST010132,%(m/m),2025-07-01 08:00:00,甲  苯,延炼12万吨/年乙苯/苯乙烯装置
0.48,ST010132,%(m/m),2025-07-01 08:00:00,乙  苯,延炼12万吨/年乙苯/苯乙烯装置
0.10,ST010132,%(m/m),2025-07-01 08:00:00,二甲苯,延炼12万吨/年乙苯/苯乙烯装置
4.62,ST010132,%(m/m),2025-07-01 08:00:00,异丙苯,延炼12万吨/年乙苯/苯乙烯装置
7.85,ST010132,%(m/m),2025-07-01 08:00:00,正丙苯,延炼12万吨/年乙苯/苯乙烯装置
1.15,ST010132,%(m/m),2025-07-01 08:00:00,甲乙苯,延炼12万吨/年乙苯/苯乙烯装置
2.29,ST010132,%(m/m),2025-07-01 08:00:00,丁苯,延炼12万吨/年乙苯/苯乙烯装置
74.65,ST010132,%(m/m),2025-07-01 08:00:00,二乙苯,延炼12万吨/年乙苯/苯乙烯装置
8.84,ST010132,%(m/m),2025-07-01 08:00:00,重芳,延炼12万吨/年乙苯/苯乙烯装置
0.01,ST010132,%(m/m),2025-07-02 08:00:00,非  芳,延炼12万吨/年乙苯/苯乙烯装置
0.01,ST010132,%(m/m),2025-07-02 08:00:00,苯,延炼12万吨/年乙苯/苯乙烯装置
0.00,ST010132,%(m/m),2025-07-02 08:00:00,甲  苯,延炼12万吨/年乙苯/苯乙烯装置
1.44,ST010132,%(m/m),2025-07-02 08:00:00,乙  苯,延炼12万吨/年乙苯/苯乙烯装置
0.18,ST010132,%(m/m),2025-07-02 08:00:00,二甲苯,延炼12万吨/年乙苯/苯乙烯装置
4.45,ST010132,%(m/m),2025-07-02 08:00:00,异丙苯,延炼12万吨/年乙苯/苯乙烯装置
7.01,ST010132,%(m/m),2025-07-02 08:00:00,正丙苯,延炼12万吨/年乙苯/苯乙烯装置
1.19,ST010132,%(m/m),2025-07-02 08:00:00,甲乙苯,延炼12万吨/年乙苯/苯乙烯装置
2.54,ST010132,%(m/m),2025-07-02 08:00:00,丁苯,延炼12万吨/年乙苯/苯乙烯装置
72.71,ST010132,%(m/m),2025-07-02 08:00:00,二乙苯,延炼12万吨/年乙苯/苯乙烯装置
10.46,ST010132,%(m/m),2025-07-02 08:00:00,重芳,延炼12万吨/年乙苯/苯乙烯装置
0.01,ST010132,%(m/m),2025-07-03 08:00:00,非  芳,延炼12万吨/年乙苯/苯乙烯装置
0.01,ST010132,%(m/m),2025-07-03 08:00:00,苯,延炼12万吨/年乙苯/苯乙烯装置
0.00,ST010132,%(m/m),2025-07-03 08:00:00,甲  苯,延炼12万吨/年乙苯/苯乙烯装置
0.50,ST010132,%(m/m),2025-07-03 08:00:00,乙  苯,延炼12万吨/年乙苯/苯乙烯装置
0.11,ST010132,%(m/m),2025-07-03 08:00:00,二甲苯,延炼12万吨/年乙苯/苯乙烯装置
4.43,ST010132,%(m/m),2025-07-03 08:00:00,异丙苯,延炼12万吨/年乙苯/苯乙烯装置
7.22,ST010132,%(m/m),2025-07-03 08:00:00,正丙苯,延炼12万吨/年乙苯/苯乙烯装置
1.04,ST010132,%(m/m),2025-07-03 08:00:00,甲乙苯,延炼12万吨/年乙苯/苯乙烯装置
2.23,ST010132,%(m/m),2025-07-03 08:00:00,丁苯,延炼12万吨/年乙苯/苯乙烯装置
75.25,ST010132,%(m/m),2025-07-03 08:00:00,二乙苯,延炼12万吨/年乙苯/苯乙烯装置
9.20,ST010132,%(m/m),2025-07-03 08:00:00,重芳,延炼12万吨/年乙苯/苯乙烯装置
0.01,ST010132,%(m/m),2025-07-04 08:00:00,非  芳,延炼12万吨/年乙苯/苯乙烯装置
0.02,ST010132,%(m/m),2025-07-04 08:00:00,苯,延炼12万吨/年乙苯/苯乙烯装置
0.01,ST010132,%(m/m),2025-07-04 08:00:00,甲  苯,延炼12万吨/年乙苯/苯乙烯装置
1.93,ST010132,%(m/m),2025-07-04 08:00:00,乙  苯,延炼12万吨/年乙苯/苯乙烯装置
0.25,ST010132,%(m/m),2025-07-04 08:00:00,二甲苯,延炼12万吨/年乙苯/苯乙烯装置
6.00,ST010132,%(m/m),2025-07-04 08:00:00,异丙苯,延炼12万吨/年乙苯/苯乙烯装置
7.93,ST010132,%(m/m),2025-07-04 08:00:00,正丙苯,延炼12万吨/年乙苯/苯乙烯装置
1.18,ST010132,%(m/m),2025-07-04 08:00:00,甲乙苯,延炼12万吨/年乙苯/苯乙烯装置
2.32,ST010132,%(m/m),2025-07-04 08:00:00,丁苯,延炼12万吨/年乙苯/苯乙烯装置
72.04,ST010132,%(m/m),2025-07-04 08:00:00,二乙苯,延炼12万吨/年乙苯/苯乙烯装置
8.32,ST010132,%(m/m),2025-07-04 08:00:00,重芳,延炼12万吨/年乙苯/苯乙烯装置
0.01,ST010132,%(m/m),2025-07-05 08:00:00,非  芳,延炼12万吨/年乙苯/苯乙烯装置
0.01,ST010132,%(m/m),2025-07-05 08:00:00,苯,延炼12万吨/年乙苯/苯乙烯装置
0.00,ST010132,%(m/m),2025-07-05 08:00:00,甲  苯,延炼12万吨/年乙苯/苯乙烯装置
1.17,ST010132,%(m/m),2025-07-05 08:00:00,乙  苯,延炼12万吨/年乙苯/苯乙烯装置
0.18,ST010132,%(m/m),2025-07-05 08:00:00,二甲苯,延炼12万吨/年乙苯/苯乙烯装置
4.90,ST010132,%(m/m),2025-07-05 08:00:00,异丙苯,延炼12万吨/年乙苯/苯乙烯装置
6.91,ST010132,%(m/m),2025-07-05 08:00:00,正丙苯,延炼12万吨/年乙苯/苯乙烯装置
1.10,ST010132,%(m/m),2025-07-05 08:00:00,甲乙苯,延炼12万吨/年乙苯/苯乙烯装置
2.31,ST010132,%(m/m),2025-07-05 08:00:00,丁苯,延炼12万吨/年乙苯/苯乙烯装置
74.63,ST010132,%(m/m),2025-07-05 08:00:00,二乙苯,延炼12万吨/年乙苯/苯乙烯装置
8.76,ST010132,%(m/m),2025-07-05 08:00:00,重芳,延炼12万吨/年乙苯/苯乙烯装置
0.01,ST010132,%(m/m),2025-07-06 08:00:00,非  芳,延炼12万吨/年乙苯/苯乙烯装置
0.01,ST010132,%(m/m),2025-07-06 08:00:00,苯,延炼12万吨/年乙苯/苯乙烯装置
0.00,ST010132,%(m/m),2025-07-06 08:00:00,甲  苯,延炼12万吨/年乙苯/苯乙烯装置
1.99,ST010132,%(m/m),2025-07-06 08:00:00,乙  苯,延炼12万吨/年乙苯/苯乙烯装置
0.23,ST010132,%(m/m),2025-07-06 08:00:00,二甲苯,延炼12万吨/年乙苯/苯乙烯装置
4.71,ST010132,%(m/m),2025-07-06 08:00:00,异丙苯,延炼12万吨/年乙苯/苯乙烯装置
6.36,ST010132,%(m/m),2025-07-06 08:00:00,正丙苯,延炼12万吨/年乙苯/苯乙烯装置
1.08,ST010132,%(m/m),2025-07-06 08:00:00,甲乙苯,延炼12万吨/年乙苯/苯乙烯装置
2.26,ST010132,%(m/m),2025-07-06 08:00:00,丁苯,延炼12万吨/年乙苯/苯乙烯装置
74.69,ST010132,%(m/m),2025-07-06 08:00:00,二乙苯,延炼12万吨/年乙苯/苯乙烯装置
8.66,ST010132,%(m/m),2025-07-06 08:00:00,重芳,延炼12万吨/年乙苯/苯乙烯装置
0.02,ST010132,%(m/m),2025-07-07 08:00:00,非  芳,延炼12万吨/年乙苯/苯乙烯装置
0.02,ST010132,%(m/m),2025-07-07 08:00:00,苯,延炼12万吨/年乙苯/苯乙烯装置
0.00,ST010132,%(m/m),2025-07-07 08:00:00,甲  苯,延炼12万吨/年乙苯/苯乙烯装置
4.19,ST010132,%(m/m),2025-07-07 08:00:00,乙  苯,延炼12万吨/年乙苯/苯乙烯装置
0.34,ST010132,%(m/m),2025-07-07 08:00:00,二甲苯,延炼12万吨/年乙苯/苯乙烯装置
5.22,ST010132,%(m/m),2025-07-07 08:00:00,异丙苯,延炼12万吨/年乙苯/苯乙烯装置
6.58,ST010132,%(m/m),2025-07-07 08:00:00,正丙苯,延炼12万吨/年乙苯/苯乙烯装置
1.18,ST010132,%(m/m),2025-07-07 08:00:00,甲乙苯,延炼12万吨/年乙苯/苯乙烯装置
2.36,ST010132,%(m/m),2025-07-07 08:00:00,丁苯,延炼12万吨/年乙苯/苯乙烯装置
71.92,ST010132,%(m/m),2025-07-07 08:00:00,二乙苯,延炼12万吨/年乙苯/苯乙烯装置
8.18,ST010132,%(m/m),2025-07-07 08:00:00,重芳,延炼12万吨/年乙苯/苯乙烯装置
0.01,ST010132,%(m/m),2025-07-08 08:00:00,非  芳,延炼12万吨/年乙苯/苯乙烯装置
0.01,ST010132,%(m/m),2025-07-08 08:00:00,苯,延炼12万吨/年乙苯/苯乙烯装置
0.00,ST010132,%(m/m),2025-07-08 08:00:00,甲  苯,延炼12万吨/年乙苯/苯乙烯装置
2.25,ST010132,%(m/m),2025-07-08 08:00:00,乙  苯,延炼12万吨/年乙苯/苯乙烯装置
0.20,ST010132,%(m/m),2025-07-08 08:00:00,二甲苯,延炼12万吨/年乙苯/苯乙烯装置
3.83,ST010132,%(m/m),2025-07-08 08:00:00,异丙苯,延炼12万吨/年乙苯/苯乙烯装置
5.67,ST010132,%(m/m),2025-07-08 08:00:00,正丙苯,延炼12万吨/年乙苯/苯乙烯装置
1.00,ST010132,%(m/m),2025-07-08 08:00:00,甲乙苯,延炼12万吨/年乙苯/苯乙烯装置
2.25,ST010132,%(m/m),2025-07-08 08:00:00,丁苯,延炼12万吨/年乙苯/苯乙烯装置
75.42,ST010132,%(m/m),2025-07-08 08:00:00,二乙苯,延炼12万吨/年乙苯/苯乙烯装置
9.36,ST010132,%(m/m),2025-07-08 08:00:00,重芳,延炼12万吨/年乙苯/苯乙烯装置
0.01,ST010132,%(m/m),2025-07-09 08:00:00,非  芳,延炼12万吨/年乙苯/苯乙烯装置
0.01,ST010132,%(m/m),2025-07-09 08:00:00,苯,延炼12万吨/年乙苯/苯乙烯装置
0.00,ST010132,%(m/m),2025-07-09 08:00:00,甲  苯,延炼12万吨/年乙苯/苯乙烯装置
2.30,ST010132,%(m/m),2025-07-09 08:00:00,乙  苯,延炼12万吨/年乙苯/苯乙烯装置
0.21,ST010132,%(m/m),2025-07-09 08:00:00,二甲苯,延炼12万吨/年乙苯/苯乙烯装置
4.38,ST010132,%(m/m),2025-07-09 08:00:00,异丙苯,延炼12万吨/年乙苯/苯乙烯装置
6.50,ST010132,%(m/m),2025-07-09 08:00:00,正丙苯,延炼12万吨/年乙苯/苯乙烯装置
1.13,ST010132,%(m/m),2025-07-09 08:00:00,甲乙苯,延炼12万吨/年乙苯/苯乙烯装置
2.28,ST010132,%(m/m),2025-07-09 08:00:00,丁苯,延炼12万吨/年乙苯/苯乙烯装置
74.04,ST010132,%(m/m),2025-07-09 08:00:00,二乙苯,延炼12万吨/年乙苯/苯乙烯装置
9.14,ST010132,%(m/m),2025-07-09 08:00:00,重芳,延炼12万吨/年乙苯/苯乙烯装置
0.01,ST010132,%(m/m),2025-07-10 08:00:00,非  芳,延炼12万吨/年乙苯/苯乙烯装置
0.01,ST010132,%(m/m),2025-07-10 08:00:00,苯,延炼12万吨/年乙苯/苯乙烯装置
0.00,ST010132,%(m/m),2025-07-10 08:00:00,甲  苯,延炼12万吨/年乙苯/苯乙烯装置
1.35,ST010132,%(m/m),2025-07-10 08:00:00,乙  苯,延炼12万吨/年乙苯/苯乙烯装置
0.13,ST010132,%(m/m),2025-07-10 08:00:00,二甲苯,延炼12万吨/年乙苯/苯乙烯装置
3.33,ST010132,%(m/m),2025-07-10 08:00:00,异丙苯,延炼12万吨/年乙苯/苯乙烯装置
5.74,ST010132,%(m/m),2025-07-10 08:00:00,正丙苯,延炼12万吨/年乙苯/苯乙烯装置
0.95,ST010132,%(m/m),2025-07-10 08:00:00,甲乙苯,延炼12万吨/年乙苯/苯乙烯装置
2.26,ST010132,%(m/m),2025-07-10 08:00:00,丁苯,延炼12万吨/年乙苯/苯乙烯装置
76.76,ST010132,%(m/m),2025-07-10 08:00:00,二乙苯,延炼12万吨/年乙苯/苯乙烯装置
9.47,ST010132,%(m/m),2025-07-10 08:00:00,重芳,延炼12万吨/年乙苯/苯乙烯装置
0.02,ST010132,%(m/m),2025-07-11 08:00:00,非  芳,延炼12万吨/年乙苯/苯乙烯装置
0.02,ST010132,%(m/m),2025-07-11 08:00:00,苯,延炼12万吨/年乙苯/苯乙烯装置
0.00,ST010132,%(m/m),2025-07-11 08:00:00,甲  苯,延炼12万吨/年乙苯/苯乙烯装置
4.27,ST010132,%(m/m),2025-07-11 08:00:00,乙  苯,延炼12万吨/年乙苯/苯乙烯装置
0.30,ST010132,%(m/m),2025-07-11 08:00:00,二甲苯,延炼12万吨/年乙苯/苯乙烯装置
5.39,ST010132,%(m/m),2025-07-11 08:00:00,异丙苯,延炼12万吨/年乙苯/苯乙烯装置
7.53,ST010132,%(m/m),2025-07-11 08:00:00,正丙苯,延炼12万吨/年乙苯/苯乙烯装置
1.19,ST010132,%(m/m),2025-07-11 08:00:00,甲乙苯,延炼12万吨/年乙苯/苯乙烯装置
2.37,ST010132,%(m/m),2025-07-11 08:00:00,丁苯,延炼12万吨/年乙苯/苯乙烯装置
70.78,ST010132,%(m/m),2025-07-11 08:00:00,二乙苯,延炼12万吨/年乙苯/苯乙烯装置
8.13,ST010132,%(m/m),2025-07-11 08:00:00,重芳,延炼12万吨/年乙苯/苯乙烯装置
0.01,ST010132,%(m/m),2025-07-12 08:00:00,非  芳,延炼12万吨/年乙苯/苯乙烯装置
0.01,ST010132,%(m/m),2025-07-12 08:00:00,苯,延炼12万吨/年乙苯/苯乙烯装置
0.00,ST010132,%(m/m),2025-07-12 08:00:00,甲  苯,延炼12万吨/年乙苯/苯乙烯装置
1.78,ST010132,%(m/m),2025-07-12 08:00:00,乙  苯,延炼12万吨/年乙苯/苯乙烯装置
0.17,ST010132,%(m/m),2025-07-12 08:00:00,二甲苯,延炼12万吨/年乙苯/苯乙烯装置
4.20,ST010132,%(m/m),2025-07-12 08:00:00,异丙苯,延炼12万吨/年乙苯/苯乙烯装置
6.64,ST010132,%(m/m),2025-07-12 08:00:00,正丙苯,延炼12万吨/年乙苯/苯乙烯装置
1.10,ST010132,%(m/m),2025-07-12 08:00:00,甲乙苯,延炼12万吨/年乙苯/苯乙烯装置
2.32,ST010132,%(m/m),2025-07-12 08:00:00,丁苯,延炼12万吨/年乙苯/苯乙烯装置
74.98,ST010132,%(m/m),2025-07-12 08:00:00,二乙苯,延炼12万吨/年乙苯/苯乙烯装置
8.79,ST010132,%(m/m),2025-07-12 08:00:00,重芳,延炼12万吨/年乙苯/苯乙烯装置
0.01,ST010132,%(m/m),2025-07-13 08:00:00,非  芳,延炼12万吨/年乙苯/苯乙烯装置
0.01,ST010132,%(m/m),2025-07-13 08:00:00,苯,延炼12万吨/年乙苯/苯乙烯装置
0.00,ST010132,%(m/m),2025-07-13 08:00:00,甲  苯,延炼12万吨/年乙苯/苯乙烯装置
3.52,ST010132,%(m/m),2025-07-13 08:00:00,乙  苯,延炼12万吨/年乙苯/苯乙烯装置
0.25,ST010132,%(m/m),2025-07-13 08:00:00,二甲苯,延炼12万吨/年乙苯/苯乙烯装置
5.01,ST010132,%(m/m),2025-07-13 08:00:00,异丙苯,延炼12万吨/年乙苯/苯乙烯装置
7.31,ST010132,%(m/m),2025-07-13 08:00:00,正丙苯,延炼12万吨/年乙苯/苯乙烯装置
1.13,ST010132,%(m/m),2025-07-13 08:00:00,甲乙苯,延炼12万吨/年乙苯/苯乙烯装置
2.36,ST010132,%(m/m),2025-07-13 08:00:00,丁苯,延炼12万吨/年乙苯/苯乙烯装置
72.11,ST010132,%(m/m),2025-07-13 08:00:00,二乙苯,延炼12万吨/年乙苯/苯乙烯装置
8.30,ST010132,%(m/m),2025-07-13 08:00:00,重芳,延炼12万吨/年乙苯/苯乙烯装置
0.01,ST010132,%(m/m),2025-07-14 08:00:00,非  芳,延炼12万吨/年乙苯/苯乙烯装置
0.01,ST010132,%(m/m),2025-07-14 08:00:00,苯,延炼12万吨/年乙苯/苯乙烯装置
0.00,ST010132,%(m/m),2025-07-14 08:00:00,甲  苯,延炼12万吨/年乙苯/苯乙烯装置
2.15,ST010132,%(m/m),2025-07-14 08:00:00,乙  苯,延炼12万吨/年乙苯/苯乙烯装置
0.18,ST010132,%(m/m),2025-07-14 08:00:00,二甲苯,延炼12万吨/年乙苯/苯乙烯装置
4.56,ST010132,%(m/m),2025-07-14 08:00:00,异丙苯,延炼12万吨/年乙苯/苯乙烯装置
7.20,ST010132,%(m/m),2025-07-14 08:00:00,正丙苯,延炼12万吨/年乙苯/苯乙烯装置
1.02,ST010132,%(m/m),2025-07-14 08:00:00,甲乙苯,延炼12万吨/年乙苯/苯乙烯装置
2.30,ST010132,%(m/m),2025-07-14 08:00:00,丁苯,延炼12万吨/年乙苯/苯乙烯装置
73.90,ST010132,%(m/m),2025-07-14 08:00:00,二乙苯,延炼12万吨/年乙苯/苯乙烯装置
8.66,ST010132,%(m/m),2025-07-14 08:00:00,重芳,延炼12万吨/年乙苯/苯乙烯装置
0.01,ST010132,%(m/m),2025-07-15 08:00:00,非  芳,延炼12万吨/年乙苯/苯乙烯装置
0.01,ST010132,%(m/m),2025-07-15 08:00:00,苯,延炼12万吨/年乙苯/苯乙烯装置
0.00,ST010132,%(m/m),2025-07-15 08:00:00,甲  苯,延炼12万吨/年乙苯/苯乙烯装置
2.25,ST010132,%(m/m),2025-07-15 08:00:00,乙  苯,延炼12万吨/年乙苯/苯乙烯装置
0.12,ST010132,%(m/m),2025-07-15 08:00:00,二甲苯,延炼12万吨/年乙苯/苯乙烯装置
4.27,ST010132,%(m/m),2025-07-15 08:00:00,异丙苯,延炼12万吨/年乙苯/苯乙烯装置
7.55,ST010132,%(m/m),2025-07-15 08:00:00,正丙苯,延炼12万吨/年乙苯/苯乙烯装置
1.00,ST010132,%(m/m),2025-07-15 08:00:00,甲乙苯,延炼12万吨/年乙苯/苯乙烯装置
2.34,ST010132,%(m/m),2025-07-15 08:00:00,丁苯,延炼12万吨/年乙苯/苯乙烯装置
73.21,ST010132,%(m/m),2025-07-15 08:00:00,二乙苯,延炼12万吨/年乙苯/苯乙烯装置
9.24,ST010132,%(m/m),2025-07-15 08:00:00,重芳,延炼12万吨/年乙苯/苯乙烯装置
0.01,ST010132,%(m/m),2025-07-16 08:00:00,非  芳,延炼12万吨/年乙苯/苯乙烯装置
0.01,ST010132,%(m/m),2025-07-16 08:00:00,苯,延炼12万吨/年乙苯/苯乙烯装置
0.00,ST010132,%(m/m),2025-07-16 08:00:00,甲  苯,延炼12万吨/年乙苯/苯乙烯装置
1.16,ST010132,%(m/m),2025-07-16 08:00:00,乙  苯,延炼12万吨/年乙苯/苯乙烯装置
0.12,ST010132,%(m/m),2025-07-16 08:00:00,二甲苯,延炼12万吨/年乙苯/苯乙烯装置
4.69,ST010132,%(m/m),2025-07-16 08:00:00,异丙苯,延炼12万吨/年乙苯/苯乙烯装置
8.23,ST010132,%(m/m),2025-07-16 08:00:00,正丙苯,延炼12万吨/年乙苯/苯乙烯装置
1.08,ST010132,%(m/m),2025-07-16 08:00:00,甲乙苯,延炼12万吨/年乙苯/苯乙烯装置
2.38,ST010132,%(m/m),2025-07-16 08:00:00,丁苯,延炼12万吨/年乙苯/苯乙烯装置
73.51,ST010132,%(m/m),2025-07-16 08:00:00,二乙苯,延炼12万吨/年乙苯/苯乙烯装置
8.80,ST010132,%(m/m),2025-07-16 08:00:00,重芳,延炼12万吨/年乙苯/苯乙烯装置
0.01,ST010132,%(m/m),2025-07-17 08:00:00,非  芳,延炼12万吨/年乙苯/苯乙烯装置
0.01,ST010132,%(m/m),2025-07-17 08:00:00,苯,延炼12万吨/年乙苯/苯乙烯装置
0.00,ST010132,%(m/m),2025-07-17 08:00:00,甲  苯,延炼12万吨/年乙苯/苯乙烯装置
1.21,ST010132,%(m/m),2025-07-17 08:00:00,乙  苯,延炼12万吨/年乙苯/苯乙烯装置
0.14,ST010132,%(m/m),2025-07-17 08:00:00,二甲苯,延炼12万吨/年乙苯/苯乙烯装置
4.83,ST010132,%(m/m),2025-07-17 08:00:00,异丙苯,延炼12万吨/年乙苯/苯乙烯装置
7.97,ST010132,%(m/m),2025-07-17 08:00:00,正丙苯,延炼12万吨/年乙苯/苯乙烯装置
1.05,ST010132,%(m/m),2025-07-17 08:00:00,甲乙苯,延炼12万吨/年乙苯/苯乙烯装置
2.41,ST010132,%(m/m),2025-07-17 08:00:00,丁苯,延炼12万吨/年乙苯/苯乙烯装置
73.36,ST010132,%(m/m),2025-07-17 08:00:00,二乙苯,延炼12万吨/年乙苯/苯乙烯装置
9.01,ST010132,%(m/m),2025-07-17 08:00:00,重芳,延炼12万吨/年乙苯/苯乙烯装置
0.01,ST010132,%(m/m),2025-07-18 08:00:00,非  芳,延炼12万吨/年乙苯/苯乙烯装置
0.01,ST010132,%(m/m),2025-07-18 08:00:00,苯,延炼12万吨/年乙苯/苯乙烯装置
0.00,ST010132,%(m/m),2025-07-18 08:00:00,甲  苯,延炼12万吨/年乙苯/苯乙烯装置
1.03,ST010132,%(m/m),2025-07-18 08:00:00,乙  苯,延炼12万吨/年乙苯/苯乙烯装置
0.13,ST010132,%(m/m),2025-07-18 08:00:00,二甲苯,延炼12万吨/年乙苯/苯乙烯装置
4.49,ST010132,%(m/m),2025-07-18 08:00:00,异丙苯,延炼12万吨/年乙苯/苯乙烯装置
7.58,ST010132,%(m/m),2025-07-18 08:00:00,正丙苯,延炼12万吨/年乙苯/苯乙烯装置
0.96,ST010132,%(m/m),2025-07-18 08:00:00,甲乙苯,延炼12万吨/年乙苯/苯乙烯装置
2.36,ST010132,%(m/m),2025-07-18 08:00:00,丁苯,延炼12万吨/年乙苯/苯乙烯装置
74.27,ST010132,%(m/m),2025-07-18 08:00:00,二乙苯,延炼12万吨/年乙苯/苯乙烯装置
9.16,ST010132,%(m/m),2025-07-18 08:00:00,重芳,延炼12万吨/年乙苯/苯乙烯装置
0.01,ST010132,%(m/m),2025-07-19 08:00:00,非  芳,延炼12万吨/年乙苯/苯乙烯装置
0.01,ST010132,%(m/m),2025-07-19 08:00:00,苯,延炼12万吨/年乙苯/苯乙烯装置
0.00,ST010132,%(m/m),2025-07-19 08:00:00,甲  苯,延炼12万吨/年乙苯/苯乙烯装置
1.32,ST010132,%(m/m),2025-07-19 08:00:00,乙  苯,延炼12万吨/年乙苯/苯乙烯装置
0.16,ST010132,%(m/m),2025-07-19 08:00:00,二甲苯,延炼12万吨/年乙苯/苯乙烯装置
5.19,ST010132,%(m/m),2025-07-19 08:00:00,异丙苯,延炼12万吨/年乙苯/苯乙烯装置
8.27,ST010132,%(m/m),2025-07-19 08:00:00,正丙苯,延炼12万吨/年乙苯/苯乙烯装置
1.01,ST010132,%(m/m),2025-07-19 08:00:00,甲乙苯,延炼12万吨/年乙苯/苯乙烯装置
2.36,ST010132,%(m/m),2025-07-19 08:00:00,丁苯,延炼12万吨/年乙苯/苯乙烯装置
72.85,ST010132,%(m/m),2025-07-19 08:00:00,二乙苯,延炼12万吨/年乙苯/苯乙烯装置
8.83,ST010132,%(m/m),2025-07-19 08:00:00,重芳,延炼12万吨/年乙苯/苯乙烯装置
0.01,ST010132,%(m/m),2025-07-20 08:00:00,非  芳,延炼12万吨/年乙苯/苯乙烯装置
0.02,ST010132,%(m/m),2025-07-20 08:00:00,苯,延炼12万吨/年乙苯/苯乙烯装置
0.00,ST010132,%(m/m),2025-07-20 08:00:00,甲  苯,延炼12万吨/年乙苯/苯乙烯装置
0.86,ST010132,%(m/m),2025-07-20 08:00:00,乙  苯,延炼12万吨/年乙苯/苯乙烯装置
0.10,ST010132,%(m/m),2025-07-20 08:00:00,二甲苯,延炼12万吨/年乙苯/苯乙烯装置
3.88,ST010132,%(m/m),2025-07-20 08:00:00,异丙苯,延炼12万吨/年乙苯/苯乙烯装置
7.01,ST010132,%(m/m),2025-07-20 08:00:00,正丙苯,延炼12万吨/年乙苯/苯乙烯装置
0.94,ST010132,%(m/m),2025-07-20 08:00:00,甲乙苯,延炼12万吨/年乙苯/苯乙烯装置
2.28,ST010132,%(m/m),2025-07-20 08:00:00,丁苯,延炼12万吨/年乙苯/苯乙烯装置
75.25,ST010132,%(m/m),2025-07-20 08:00:00,二乙苯,延炼12万吨/年乙苯/苯乙烯装置
9.64,ST010132,%(m/m),2025-07-20 08:00:00,重芳,延炼12万吨/年乙苯/苯乙烯装置
0.01,ST010132,%(m/m),2025-07-21 08:00:00,非  芳,延炼12万吨/年乙苯/苯乙烯装置
0.01,ST010132,%(m/m),2025-07-21 08:00:00,苯,延炼12万吨/年乙苯/苯乙烯装置
0.00,ST010132,%(m/m),2025-07-21 08:00:00,甲  苯,延炼12万吨/年乙苯/苯乙烯装置
0.85,ST010132,%(m/m),2025-07-21 08:00:00,乙  苯,延炼12万吨/年乙苯/苯乙烯装置
0.12,ST010132,%(m/m),2025-07-21 08:00:00,二甲苯,延炼12万吨/年乙苯/苯乙烯装置
4.74,ST010132,%(m/m),2025-07-21 08:00:00,异丙苯,延炼12万吨/年乙苯/苯乙烯装置
7.87,ST010132,%(m/m),2025-07-21 08:00:00,正丙苯,延炼12万吨/年乙苯/苯乙烯装置
1.02,ST010132,%(m/m),2025-07-21 08:00:00,甲乙苯,延炼12万吨/年乙苯/苯乙烯装置
2.40,ST010132,%(m/m),2025-07-21 08:00:00,丁苯,延炼12万吨/年乙苯/苯乙烯装置
73.85,ST010132,%(m/m),2025-07-21 08:00:00,二乙苯,延炼12万吨/年乙苯/苯乙烯装置
9.11,ST010132,%(m/m),2025-07-21 08:00:00,重芳,延炼12万吨/年乙苯/苯乙烯装置
0.01,ST010132,%(m/m),2025-07-22 08:00:00,非  芳,延炼12万吨/年乙苯/苯乙烯装置
0.02,ST010132,%(m/m),2025-07-22 08:00:00,苯,延炼12万吨/年乙苯/苯乙烯装置
0.00,ST010132,%(m/m),2025-07-22 08:00:00,甲  苯,延炼12万吨/年乙苯/苯乙烯装置
3.80,ST010132,%(m/m),2025-07-22 08:00:00,乙  苯,延炼12万吨/年乙苯/苯乙烯装置
0.29,ST010132,%(m/m),2025-07-22 08:00:00,二甲苯,延炼12万吨/年乙苯/苯乙烯装置
5.91,ST010132,%(m/m),2025-07-22 08:00:00,异丙苯,延炼12万吨/年乙苯/苯乙烯装置
8.19,ST010132,%(m/m),2025-07-22 08:00:00,正丙苯,延炼12万吨/年乙苯/苯乙烯装置
1.02,ST010132,%(m/m),2025-07-22 08:00:00,甲乙苯,延炼12万吨/年乙苯/苯乙烯装置
2.41,ST010132,%(m/m),2025-07-22 08:00:00,丁苯,延炼12万吨/年乙苯/苯乙烯装置
69.86,ST010132,%(m/m),2025-07-22 08:00:00,二乙苯,延炼12万吨/年乙苯/苯乙烯装置
8.49,ST010132,%(m/m),2025-07-22 08:00:00,重芳,延炼12万吨/年乙苯/苯乙烯装置
0.01,ST010132,%(m/m),2025-07-23 08:00:00,非  芳,延炼12万吨/年乙苯/苯乙烯装置
0.01,ST010132,%(m/m),2025-07-23 08:00:00,苯,延炼12万吨/年乙苯/苯乙烯装置
0.00,ST010132,%(m/m),2025-07-23 08:00:00,甲  苯,延炼12万吨/年乙苯/苯乙烯装置
1.62,ST010132,%(m/m),2025-07-23 08:00:00,乙  苯,延炼12万吨/年乙苯/苯乙烯装置
0.16,ST010132,%(m/m),2025-07-23 08:00:00,二甲苯,延炼12万吨/年乙苯/苯乙烯装置
5.05,ST010132,%(m/m),2025-07-23 08:00:00,异丙苯,延炼12万吨/年乙苯/苯乙烯装置
8.21,ST010132,%(m/m),2025-07-23 08:00:00,正丙苯,延炼12万吨/年乙苯/苯乙烯装置
1.06,ST010132,%(m/m),2025-07-23 08:00:00,甲乙苯,延炼12万吨/年乙苯/苯乙烯装置
2.43,ST010132,%(m/m),2025-07-23 08:00:00,丁苯,延炼12万吨/年乙苯/苯乙烯装置
72.33,ST010132,%(m/m),2025-07-23 08:00:00,二乙苯,延炼12万吨/年乙苯/苯乙烯装置
9.12,ST010132,%(m/m),2025-07-23 08:00:00,重芳,延炼12万吨/年乙苯/苯乙烯装置
0.01,ST010132,%(m/m),2025-07-24 08:00:00,非  芳,延炼12万吨/年乙苯/苯乙烯装置
0.01,ST010132,%(m/m),2025-07-24 08:00:00,苯,延炼12万吨/年乙苯/苯乙烯装置
0.00,ST010132,%(m/m),2025-07-24 08:00:00,甲  苯,延炼12万吨/年乙苯/苯乙烯装置
1.13,ST010132,%(m/m),2025-07-24 08:00:00,乙  苯,延炼12万吨/年乙苯/苯乙烯装置
0.14,ST010132,%(m/m),2025-07-24 08:00:00,二甲苯,延炼12万吨/年乙苯/苯乙烯装置
5.23,ST010132,%(m/m),2025-07-24 08:00:00,异丙苯,延炼12万吨/年乙苯/苯乙烯装置
8.75,ST010132,%(m/m),2025-07-24 08:00:00,正丙苯,延炼12万吨/年乙苯/苯乙烯装置
1.10,ST010132,%(m/m),2025-07-24 08:00:00,甲乙苯,延炼12万吨/年乙苯/苯乙烯装置
2.43,ST010132,%(m/m),2025-07-24 08:00:00,丁苯,延炼12万吨/年乙苯/苯乙烯装置
72.03,ST010132,%(m/m),2025-07-24 08:00:00,二乙苯,延炼12万吨/年乙苯/苯乙烯装置
9.17,ST010132,%(m/m),2025-07-24 08:00:00,重芳,延炼12万吨/年乙苯/苯乙烯装置
0.01,ST010132,%(m/m),2025-07-25 08:00:00,非  芳,延炼12万吨/年乙苯/苯乙烯装置
0.01,ST010132,%(m/m),2025-07-25 08:00:00,苯,延炼12万吨/年乙苯/苯乙烯装置
0.00,ST010132,%(m/m),2025-07-25 08:00:00,甲  苯,延炼12万吨/年乙苯/苯乙烯装置
0.81,ST010132,%(m/m),2025-07-25 08:00:00,乙  苯,延炼12万吨/年乙苯/苯乙烯装置
0.12,ST010132,%(m/m),2025-07-25 08:00:00,二甲苯,延炼12万吨/年乙苯/苯乙烯装置
5.29,ST010132,%(m/m),2025-07-25 08:00:00,异丙苯,延炼12万吨/年乙苯/苯乙烯装置
9.08,ST010132,%(m/m),2025-07-25 08:00:00,正丙苯,延炼12万吨/年乙苯/苯乙烯装置
1.06,ST010132,%(m/m),2025-07-25 08:00:00,甲乙苯,延炼12万吨/年乙苯/苯乙烯装置
2.42,ST010132,%(m/m),2025-07-25 08:00:00,丁苯,延炼12万吨/年乙苯/苯乙烯装置
72.06,ST010132,%(m/m),2025-07-25 08:00:00,二乙苯,延炼12万吨/年乙苯/苯乙烯装置
9.14,ST010132,%(m/m),2025-07-25 08:00:00,重芳,延炼12万吨/年乙苯/苯乙烯装置
0.01,ST010132,%(m/m),2025-07-26 08:00:00,非  芳,延炼12万吨/年乙苯/苯乙烯装置
0.01,ST010132,%(m/m),2025-07-26 08:00:00,苯,延炼12万吨/年乙苯/苯乙烯装置
0.01,ST010132,%(m/m),2025-07-26 08:00:00,甲  苯,延炼12万吨/年乙苯/苯乙烯装置
0.76,ST010132,%(m/m),2025-07-26 08:00:00,乙  苯,延炼12万吨/年乙苯/苯乙烯装置
0.12,ST010132,%(m/m),2025-07-26 08:00:00,二甲苯,延炼12万吨/年乙苯/苯乙烯装置
5.35,ST010132,%(m/m),2025-07-26 08:00:00,异丙苯,延炼12万吨/年乙苯/苯乙烯装置
9.13,ST010132,%(m/m),2025-07-26 08:00:00,正丙苯,延炼12万吨/年乙苯/苯乙烯装置
0.97,ST010132,%(m/m),2025-07-26 08:00:00,甲乙苯,延炼12万吨/年乙苯/苯乙烯装置
2.35,ST010132,%(m/m),2025-07-26 08:00:00,丁苯,延炼12万吨/年乙苯/苯乙烯装置
71.90,ST010132,%(m/m),2025-07-26 08:00:00,二乙苯,延炼12万吨/年乙苯/苯乙烯装置
9.41,ST010132,%(m/m),2025-07-26 08:00:00,重芳,延炼12万吨/年乙苯/苯乙烯装置
0.95,ST010132,%(m/m),2025-07-27 08:00:00,甲乙苯,延炼12万吨/年乙苯/苯乙烯装置
2.34,ST010132,%(m/m),2025-07-27 08:00:00,丁苯,延炼12万吨/年乙苯/苯乙烯装置
71.53,ST010132,%(m/m),2025-07-27 08:00:00,二乙苯,延炼12万吨/年乙苯/苯乙烯装置
9.58,ST010132,%(m/m),2025-07-27 08:00:00,重芳,延炼12万吨/年乙苯/苯乙烯装置
0.01,ST010132,%(m/m),2025-07-27 08:00:00,非  芳,延炼12万吨/年乙苯/苯乙烯装置
0.01,ST010132,%(m/m),2025-07-27 08:00:00,苯,延炼12万吨/年乙苯/苯乙烯装置
0.00,ST010132,%(m/m),2025-07-27 08:00:00,甲  苯,延炼12万吨/年乙苯/苯乙烯装置
0.77,ST010132,%(m/m),2025-07-27 08:00:00,乙  苯,延炼12万吨/年乙苯/苯乙烯装置
0.12,ST010132,%(m/m),2025-07-27 08:00:00,二甲苯,延炼12万吨/年乙苯/苯乙烯装置
5.44,ST010132,%(m/m),2025-07-27 08:00:00,异丙苯,延炼12万吨/年乙苯/苯乙烯装置
9.27,ST010132,%(m/m),2025-07-27 08:00:00,正丙苯,延炼12万吨/年乙苯/苯乙烯装置
0.01,ST010132,%(m/m),2025-07-28 08:00:00,非  芳,延炼12万吨/年乙苯/苯乙烯装置
0.01,ST010132,%(m/m),2025-07-28 08:00:00,苯,延炼12万吨/年乙苯/苯乙烯装置
0.00,ST010132,%(m/m),2025-07-28 08:00:00,甲  苯,延炼12万吨/年乙苯/苯乙烯装置
0.59,ST010132,%(m/m),2025-07-28 08:00:00,乙  苯,延炼12万吨/年乙苯/苯乙烯装置
0.11,ST010132,%(m/m),2025-07-28 08:00:00,二甲苯,延炼12万吨/年乙苯/苯乙烯装置
5.48,ST010132,%(m/m),2025-07-28 08:00:00,异丙苯,延炼12万吨/年乙苯/苯乙烯装置
9.59,ST010132,%(m/m),2025-07-28 08:00:00,正丙苯,延炼12万吨/年乙苯/苯乙烯装置
0.96,ST010132,%(m/m),2025-07-28 08:00:00,甲乙苯,延炼12万吨/年乙苯/苯乙烯装置
2.38,ST010132,%(m/m),2025-07-28 08:00:00,丁苯,延炼12万吨/年乙苯/苯乙烯装置
71.66,ST010132,%(m/m),2025-07-28 08:00:00,二乙苯,延炼12万吨/年乙苯/苯乙烯装置
9.21,ST010132,%(m/m),2025-07-28 08:00:00,重芳,延炼12万吨/年乙苯/苯乙烯装置
0.01,ST010132,%(m/m),2025-07-29 08:00:00,非  芳,延炼12万吨/年乙苯/苯乙烯装置
0.01,ST010132,%(m/m),2025-07-29 08:00:00,苯,延炼12万吨/年乙苯/苯乙烯装置
0.00,ST010132,%(m/m),2025-07-29 08:00:00,甲  苯,延炼12万吨/年乙苯/苯乙烯装置
0.30,ST010132,%(m/m),2025-07-29 08:00:00,乙  苯,延炼12万吨/年乙苯/苯乙烯装置
0.08,ST010132,%(m/m),2025-07-29 08:00:00,二甲苯,延炼12万吨/年乙苯/苯乙烯装置
5.03,ST010132,%(m/m),2025-07-29 08:00:00,异丙苯,延炼12万吨/年乙苯/苯乙烯装置
9.41,ST010132,%(m/m),2025-07-29 08:00:00,正丙苯,延炼12万吨/年乙苯/苯乙烯装置
0.92,ST010132,%(m/m),2025-07-29 08:00:00,甲乙苯,延炼12万吨/年乙苯/苯乙烯装置
2.41,ST010132,%(m/m),2025-07-29 08:00:00,丁苯,延炼12万吨/年乙苯/苯乙烯装置
72.13,ST010132,%(m/m),2025-07-29 08:00:00,二乙苯,延炼12万吨/年乙苯/苯乙烯装置
9.69,ST010132,%(m/m),2025-07-29 08:00:00,重芳,延炼12万吨/年乙苯/苯乙烯装置
0.01,ST010132,%(m/m),2025-07-30 08:00:00,非  芳,延炼12万吨/年乙苯/苯乙烯装置
0.01,ST010132,%(m/m),2025-07-30 08:00:00,苯,延炼12万吨/年乙苯/苯乙烯装置
0.00,ST010132,%(m/m),2025-07-30 08:00:00,甲  苯,延炼12万吨/年乙苯/苯乙烯装置
0.19,ST010132,%(m/m),2025-07-30 08:00:00,乙  苯,延炼12万吨/年乙苯/苯乙烯装置
0.07,ST010132,%(m/m),2025-07-30 08:00:00,二甲苯,延炼12万吨/年乙苯/苯乙烯装置
5.04,ST010132,%(m/m),2025-07-30 08:00:00,异丙苯,延炼12万吨/年乙苯/苯乙烯装置
9.65,ST010132,%(m/m),2025-07-30 08:00:00,正丙苯,延炼12万吨/年乙苯/苯乙烯装置
0.91,ST010132,%(m/m),2025-07-30 08:00:00,甲乙苯,延炼12万吨/年乙苯/苯乙烯装置
2.41,ST010132,%(m/m),2025-07-30 08:00:00,丁苯,延炼12万吨/年乙苯/苯乙烯装置
71.97,ST010132,%(m/m),2025-07-30 08:00:00,二乙苯,延炼12万吨/年乙苯/苯乙烯装置
9.75,ST010132,%(m/m),2025-07-30 08:00:00,重芳,延炼12万吨/年乙苯/苯乙烯装置
0.01,ST010132,%(m/m),2025-07-31 08:00:00,非  芳,延炼12万吨/年乙苯/苯乙烯装置
0.01,ST010132,%(m/m),2025-07-31 08:00:00,苯,延炼12万吨/年乙苯/苯乙烯装置
0.00,ST010132,%(m/m),2025-07-31 08:00:00,甲  苯,延炼12万吨/年乙苯/苯乙烯装置
0.16,ST010132,%(m/m),2025-07-31 08:00:00,乙  苯,延炼12万吨/年乙苯/苯乙烯装置
0.07,ST010132,%(m/m),2025-07-31 08:00:00,二甲苯,延炼12万吨/年乙苯/苯乙烯装置
5.43,ST010132,%(m/m),2025-07-31 08:00:00,异丙苯,延炼12万吨/年乙苯/苯乙烯装置
10.00,ST010132,%(m/m),2025-07-31 08:00:00,正丙苯,延炼12万吨/年乙苯/苯乙烯装置
0.96,ST010132,%(m/m),2025-07-31 08:00:00,甲乙苯,延炼12万吨/年乙苯/苯乙烯装置
2.39,ST010132,%(m/m),2025-07-31 08:00:00,丁苯,延炼12万吨/年乙苯/苯乙烯装置
71.58,ST010132,%(m/m),2025-07-31 08:00:00,二乙苯,延炼12万吨/年乙苯/苯乙烯装置
9.40,ST010132,%(m/m),2025-07-31 08:00:00,重芳,延炼12万吨/年乙苯/苯乙烯装置
0.01,ST010132,%(m/m),2025-08-01 08:00:00,非  芳,延炼12万吨/年乙苯/苯乙烯装置
0.01,ST010132,%(m/m),2025-08-01 08:00:00,苯,延炼12万吨/年乙苯/苯乙烯装置
0.00,ST010132,%(m/m),2025-08-01 08:00:00,甲  苯,延炼12万吨/年乙苯/苯乙烯装置
0.18,ST010132,%(m/m),2025-08-01 08:00:00,乙  苯,延炼12万吨/年乙苯/苯乙烯装置
0.07,ST010132,%(m/m),2025-08-01 08:00:00,二甲苯,延炼12万吨/年乙苯/苯乙烯装置
5.80,ST010132,%(m/m),2025-08-01 08:00:00,异丙苯,延炼12万吨/年乙苯/苯乙烯装置
9.96,ST010132,%(m/m),2025-08-01 08:00:00,正丙苯,延炼12万吨/年乙苯/苯乙烯装置
0.96,ST010132,%(m/m),2025-08-01 08:00:00,甲乙苯,延炼12万吨/年乙苯/苯乙烯装置
2.39,ST010132,%(m/m),2025-08-01 08:00:00,丁苯,延炼12万吨/年乙苯/苯乙烯装置
70.87,ST010132,%(m/m),2025-08-01 08:00:00,二乙苯,延炼12万吨/年乙苯/苯乙烯装置
9.75,ST010132,%(m/m),2025-08-01 08:00:00,重芳,延炼12万吨/年乙苯/苯乙烯装置
0.02,ST010132,%(m/m),2025-08-02 08:00:00,非  芳,延炼12万吨/年乙苯/苯乙烯装置
0.01,ST010132,%(m/m),2025-08-02 08:00:00,苯,延炼12万吨/年乙苯/苯乙烯装置
0.00,ST010132,%(m/m),2025-08-02 08:00:00,甲  苯,延炼12万吨/年乙苯/苯乙烯装置
0.12,ST010132,%(m/m),2025-08-02 08:00:00,乙  苯,延炼12万吨/年乙苯/苯乙烯装置
0.07,ST010132,%(m/m),2025-08-02 08:00:00,二甲苯,延炼12万吨/年乙苯/苯乙烯装置
5.13,ST010132,%(m/m),2025-08-02 08:00:00,异丙苯,延炼12万吨/年乙苯/苯乙烯装置
9.27,ST010132,%(m/m),2025-08-02 08:00:00,正丙苯,延炼12万吨/年乙苯/苯乙烯装置
1.02,ST010132,%(m/m),2025-08-02 08:00:00,甲乙苯,延炼12万吨/年乙苯/苯乙烯装置
2.37,ST010132,%(m/m),2025-08-02 08:00:00,丁苯,延炼12万吨/年乙苯/苯乙烯装置
72.01,ST010132,%(m/m),2025-08-02 08:00:00,二乙苯,延炼12万吨/年乙苯/苯乙烯装置
9.98,ST010132,%(m/m),2025-08-02 08:00:00,重芳,延炼12万吨/年乙苯/苯乙烯装置
0.01,ST010132,%(m/m),2025-08-03 08:00:00,非  芳,延炼12万吨/年乙苯/苯乙烯装置
0.01,ST010132,%(m/m),2025-08-03 08:00:00,苯,延炼12万吨/年乙苯/苯乙烯装置
0.01,ST010132,%(m/m),2025-08-03 08:00:00,甲  苯,延炼12万吨/年乙苯/苯乙烯装置
0.12,ST010132,%(m/m),2025-08-03 08:00:00,乙  苯,延炼12万吨/年乙苯/苯乙烯装置
0.07,ST010132,%(m/m),2025-08-03 08:00:00,二甲苯,延炼12万吨/年乙苯/苯乙烯装置
5.34,ST010132,%(m/m),2025-08-03 08:00:00,异丙苯,延炼12万吨/年乙苯/苯乙烯装置
9.54,ST010132,%(m/m),2025-08-03 08:00:00,正丙苯,延炼12万吨/年乙苯/苯乙烯装置
1.10,ST010132,%(m/m),2025-08-03 08:00:00,甲乙苯,延炼12万吨/年乙苯/苯乙烯装置
2.37,ST010132,%(m/m),2025-08-03 08:00:00,丁苯,延炼12万吨/年乙苯/苯乙烯装置
71.94,ST010132,%(m/m),2025-08-03 08:00:00,二乙苯,延炼12万吨/年乙苯/苯乙烯装置
9.50,ST010132,%(m/m),2025-08-03 08:00:00,重芳,延炼12万吨/年乙苯/苯乙烯装置
0.01,ST010132,%(m/m),2025-08-04 08:00:00,非  芳,延炼12万吨/年乙苯/苯乙烯装置
0.00,ST010132,%(m/m),2025-08-04 08:00:00,苯,延炼12万吨/年乙苯/苯乙烯装置
0.00,ST010132,%(m/m),2025-08-04 08:00:00,甲  苯,延炼12万吨/年乙苯/苯乙烯装置
0.20,ST010132,%(m/m),2025-08-04 08:00:00,乙  苯,延炼12万吨/年乙苯/苯乙烯装置
0.10,ST010132,%(m/m),2025-08-04 08:00:00,二甲苯,延炼12万吨/年乙苯/苯乙烯装置
5.79,ST010132,%(m/m),2025-08-04 08:00:00,异丙苯,延炼12万吨/年乙苯/苯乙烯装置
9.75,ST010132,%(m/m),2025-08-04 08:00:00,正丙苯,延炼12万吨/年乙苯/苯乙烯装置
1.09,ST010132,%(m/m),2025-08-04 08:00:00,甲乙苯,延炼12万吨/年乙苯/苯乙烯装置
2.35,ST010132,%(m/m),2025-08-04 08:00:00,丁苯,延炼12万吨/年乙苯/苯乙烯装置
71.30,ST010132,%(m/m),2025-08-04 08:00:00,二乙苯,延炼12万吨/年乙苯/苯乙烯装置
9.42,ST010132,%(m/m),2025-08-04 08:00:00,重芳,延炼12万吨/年乙苯/苯乙烯装置
0.01,ST010132,%(m/m),2025-08-05 08:00:00,非  芳,延炼12万吨/年乙苯/苯乙烯装置
0.00,ST010132,%(m/m),2025-08-05 08:00:00,苯,延炼12万吨/年乙苯/苯乙烯装置
0.00,ST010132,%(m/m),2025-08-05 08:00:00,甲  苯,延炼12万吨/年乙苯/苯乙烯装置
0.12,ST010132,%(m/m),2025-08-05 08:00:00,乙  苯,延炼12万吨/年乙苯/苯乙烯装置
0.07,ST010132,%(m/m),2025-08-05 08:00:00,二甲苯,延炼12万吨/年乙苯/苯乙烯装置
5.01,ST010132,%(m/m),2025-08-05 08:00:00,异丙苯,延炼12万吨/年乙苯/苯乙烯装置
9.40,ST010132,%(m/m),2025-08-05 08:00:00,正丙苯,延炼12万吨/年乙苯/苯乙烯装置
1.04,ST010132,%(m/m),2025-08-05 08:00:00,甲乙苯,延炼12万吨/年乙苯/苯乙烯装置
2.36,ST010132,%(m/m),2025-08-05 08:00:00,丁苯,延炼12万吨/年乙苯/苯乙烯装置
72.22,ST010132,%(m/m),2025-08-05 08:00:00,二乙苯,延炼12万吨/年乙苯/苯乙烯装置
9.77,ST010132,%(m/m),2025-08-05 08:00:00,重芳,延炼12万吨/年乙苯/苯乙烯装置
0.01,ST010132,%(m/m),2025-08-06 08:00:00,非  芳,延炼12万吨/年乙苯/苯乙烯装置
0.00,ST010132,%(m/m),2025-08-06 08:00:00,苯,延炼12万吨/年乙苯/苯乙烯装置
0.00,ST010132,%(m/m),2025-08-06 08:00:00,甲  苯,延炼12万吨/年乙苯/苯乙烯装置
0.06,ST010132,%(m/m),2025-08-06 08:00:00,乙  苯,延炼12万吨/年乙苯/苯乙烯装置
0.05,ST010132,%(m/m),2025-08-06 08:00:00,二甲苯,延炼12万吨/年乙苯/苯乙烯装置
4.86,ST010132,%(m/m),2025-08-06 08:00:00,异丙苯,延炼12万吨/年乙苯/苯乙烯装置
9.89,ST010132,%(m/m),2025-08-06 08:00:00,正丙苯,延炼12万吨/年乙苯/苯乙烯装置
1.07,ST010132,%(m/m),2025-08-06 08:00:00,甲乙苯,延炼12万吨/年乙苯/苯乙烯装置
2.39,ST010132,%(m/m),2025-08-06 08:00:00,丁苯,延炼12万吨/年乙苯/苯乙烯装置
71.62,ST010132,%(m/m),2025-08-06 08:00:00,二乙苯,延炼12万吨/年乙苯/苯乙烯装置
10.06,ST010132,%(m/m),2025-08-06 08:00:00,重芳,延炼12万吨/年乙苯/苯乙烯装置
0.01,ST010132,%(m/m),2025-08-07 08:00:00,非  芳,延炼12万吨/年乙苯/苯乙烯装置
0.00,ST010132,%(m/m),2025-08-07 08:00:00,苯,延炼12万吨/年乙苯/苯乙烯装置
0.00,ST010132,%(m/m),2025-08-07 08:00:00,甲  苯,延炼12万吨/年乙苯/苯乙烯装置
0.12,ST010132,%(m/m),2025-08-07 08:00:00,乙  苯,延炼12万吨/年乙苯/苯乙烯装置
0.06,ST010132,%(m/m),2025-08-07 08:00:00,二甲苯,延炼12万吨/年乙苯/苯乙烯装置
5.62,ST010132,%(m/m),2025-08-07 08:00:00,异丙苯,延炼12万吨/年乙苯/苯乙烯装置
10.44,ST010132,%(m/m),2025-08-07 08:00:00,正丙苯,延炼12万吨/年乙苯/苯乙烯装置
1.09,ST010132,%(m/m),2025-08-07 08:00:00,甲乙苯,延炼12万吨/年乙苯/苯乙烯装置
2.38,ST010132,%(m/m),2025-08-07 08:00:00,丁苯,延炼12万吨/年乙苯/苯乙烯装置
70.19,ST010132,%(m/m),2025-08-07 08:00:00,二乙苯,延炼12万吨/年乙苯/苯乙烯装置
10.08,ST010132,%(m/m),2025-08-07 08:00:00,重芳,延炼12万吨/年乙苯/苯乙烯装置
0.00,ST010132,%(m/m),2025-08-08 08:00:00,非  芳,延炼12万吨/年乙苯/苯乙烯装置
0.00,ST010132,%(m/m),2025-08-08 08:00:00,苯,延炼12万吨/年乙苯/苯乙烯装置
0.00,ST010132,%(m/m),2025-08-08 08:00:00,甲  苯,延炼12万吨/年乙苯/苯乙烯装置
0.12,ST010132,%(m/m),2025-08-08 08:00:00,乙  苯,延炼12万吨/年乙苯/苯乙烯装置
0.06,ST010132,%(m/m),2025-08-08 08:00:00,二甲苯,延炼12万吨/年乙苯/苯乙烯装置
5.70,ST010132,%(m/m),2025-08-08 08:00:00,异丙苯,延炼12万吨/年乙苯/苯乙烯装置
10.48,ST010132,%(m/m),2025-08-08 08:00:00,正丙苯,延炼12万吨/年乙苯/苯乙烯装置
1.06,ST010132,%(m/m),2025-08-08 08:00:00,甲乙苯,延炼12万吨/年乙苯/苯乙烯装置
2.34,ST010132,%(m/m),2025-08-08 08:00:00,丁苯,延炼12万吨/年乙苯/苯乙烯装置
70.38,ST010132,%(m/m),2025-08-08 08:00:00,二乙苯,延炼12万吨/年乙苯/苯乙烯装置
9.86,ST010132,%(m/m),2025-08-08 08:00:00,重芳,延炼12万吨/年乙苯/苯乙烯装置
0.00,ST010132,%(m/m),2025-08-09 08:00:00,非  芳,延炼12万吨/年乙苯/苯乙烯装置
0.00,ST010132,%(m/m),2025-08-09 08:00:00,苯,延炼12万吨/年乙苯/苯乙烯装置
0.00,ST010132,%(m/m),2025-08-09 08:00:00,甲  苯,延炼12万吨/年乙苯/苯乙烯装置
0.02,ST010132,%(m/m),2025-08-09 08:00:00,乙  苯,延炼12万吨/年乙苯/苯乙烯装置
0.03,ST010132,%(m/m),2025-08-09 08:00:00,二甲苯,延炼12万吨/年乙苯/苯乙烯装置
3.98,ST010132,%(m/m),2025-08-09 08:00:00,异丙苯,延炼12万吨/年乙苯/苯乙烯装置
9.41,ST010132,%(m/m),2025-08-09 08:00:00,正丙苯,延炼12万吨/年乙苯/苯乙烯装置
0.97,ST010132,%(m/m),2025-08-09 08:00:00,甲乙苯,延炼12万吨/年乙苯/苯乙烯装置
2.36,ST010132,%(m/m),2025-08-09 08:00:00,丁苯,延炼12万吨/年乙苯/苯乙烯装置
73.14,ST010132,%(m/m),2025-08-09 08:00:00,二乙苯,延炼12万吨/年乙苯/苯乙烯装置
10.08,ST010132,%(m/m),2025-08-09 08:00:00,重芳,延炼12万吨/年乙苯/苯乙烯装置
0.01,ST010132,%(m/m),2025-08-10 08:00:00,非  芳,延炼12万吨/年乙苯/苯乙烯装置
0.01,ST010132,%(m/m),2025-08-10 08:00:00,苯,延炼12万吨/年乙苯/苯乙烯装置
0.00,ST010132,%(m/m),2025-08-10 08:00:00,甲  苯,延炼12万吨/年乙苯/苯乙烯装置
0.01,ST010132,%(m/m),2025-08-10 08:00:00,乙  苯,延炼12万吨/年乙苯/苯乙烯装置
0.03,ST010132,%(m/m),2025-08-10 08:00:00,二甲苯,延炼12万吨/年乙苯/苯乙烯装置
5.32,ST010132,%(m/m),2025-08-10 08:00:00,异丙苯,延炼12万吨/年乙苯/苯乙烯装置
10.91,ST010132,%(m/m),2025-08-10 08:00:00,正丙苯,延炼12万吨/年乙苯/苯乙烯装置
1.10,ST010132,%(m/m),2025-08-10 08:00:00,甲乙苯,延炼12万吨/年乙苯/苯乙烯装置
2.34,ST010132,%(m/m),2025-08-10 08:00:00,丁苯,延炼12万吨/年乙苯/苯乙烯装置
70.61,ST010132,%(m/m),2025-08-10 08:00:00,二乙苯,延炼12万吨/年乙苯/苯乙烯装置
9.66,ST010132,%(m/m),2025-08-10 08:00:00,重芳,延炼12万吨/年乙苯/苯乙烯装置
0.01,ST010132,%(m/m),2025-08-11 08:00:00,非  芳,延炼12万吨/年乙苯/苯乙烯装置
0.00,ST010132,%(m/m),2025-08-11 08:00:00,苯,延炼12万吨/年乙苯/苯乙烯装置
0.00,ST010132,%(m/m),2025-08-11 08:00:00,甲  苯,延炼12万吨/年乙苯/苯乙烯装置
0.02,ST010132,%(m/m),2025-08-11 08:00:00,乙  苯,延炼12万吨/年乙苯/苯乙烯装置
0.03,ST010132,%(m/m),2025-08-11 08:00:00,二甲苯,延炼12万吨/年乙苯/苯乙烯装置
5.81,ST010132,%(m/m),2025-08-11 08:00:00,异丙苯,延炼12万吨/年乙苯/苯乙烯装置
10.88,ST010132,%(m/m),2025-08-11 08:00:00,正丙苯,延炼12万吨/年乙苯/苯乙烯装置
1.09,ST010132,%(m/m),2025-08-11 08:00:00,甲乙苯,延炼12万吨/年乙苯/苯乙烯装置
2.38,ST010132,%(m/m),2025-08-11 08:00:00,丁苯,延炼12万吨/年乙苯/苯乙烯装置
70.17,ST010132,%(m/m),2025-08-11 08:00:00,二乙苯,延炼12万吨/年乙苯/苯乙烯装置
9.62,ST010132,%(m/m),2025-08-11 08:00:00,重芳,延炼12万吨/年乙苯/苯乙烯装置
0.00,ST010132,%(m/m),2025-08-12 08:00:00,非  芳,延炼12万吨/年乙苯/苯乙烯装置
0.00,ST010132,%(m/m),2025-08-12 08:00:00,苯,延炼12万吨/年乙苯/苯乙烯装置
0.00,ST010132,%(m/m),2025-08-12 08:00:00,甲  苯,延炼12万吨/年乙苯/苯乙烯装置
0.01,ST010132,%(m/m),2025-08-12 08:00:00,乙  苯,延炼12万吨/年乙苯/苯乙烯装置
0.03,ST010132,%(m/m),2025-08-12 08:00:00,二甲苯,延炼12万吨/年乙苯/苯乙烯装置
5.12,ST010132,%(m/m),2025-08-12 08:00:00,异丙苯,延炼12万吨/年乙苯/苯乙烯装置
9.88,ST010132,%(m/m),2025-08-12 08:00:00,正丙苯,延炼12万吨/年乙苯/苯乙烯装置
1.03,ST010132,%(m/m),2025-08-12 08:00:00,甲乙苯,延炼12万吨/年乙苯/苯乙烯装置
2.34,ST010132,%(m/m),2025-08-12 08:00:00,丁苯,延炼12万吨/年乙苯/苯乙烯装置
71.93,ST010132,%(m/m),2025-08-12 08:00:00,二乙苯,延炼12万吨/年乙苯/苯乙烯装置
9.66,ST010132,%(m/m),2025-08-12 08:00:00,重芳,延炼12万吨/年乙苯/苯乙烯装置
0.01,ST010132,%(m/m),2025-08-13 08:00:00,非  芳,延炼12万吨/年乙苯/苯乙烯装置
0.00,ST010132,%(m/m),2025-08-13 08:00:00,苯,延炼12万吨/年乙苯/苯乙烯装置
0.00,ST010132,%(m/m),2025-08-13 08:00:00,甲  苯,延炼12万吨/年乙苯/苯乙烯装置
0.00,ST010132,%(m/m),2025-08-13 08:00:00,乙  苯,延炼12万吨/年乙苯/苯乙烯装置
0.04,ST010132,%(m/m),2025-08-13 08:00:00,二甲苯,延炼12万吨/年乙苯/苯乙烯装置
6.28,ST010132,%(m/m),2025-08-13 08:00:00,异丙苯,延炼12万吨/年乙苯/苯乙烯装置
10.30,ST010132,%(m/m),2025-08-13 08:00:00,正丙苯,延炼12万吨/年乙苯/苯乙烯装置
1.08,ST010132,%(m/m),2025-08-13 08:00:00,甲乙苯,延炼12万吨/年乙苯/苯乙烯装置
2.30,ST010132,%(m/m),2025-08-13 08:00:00,丁苯,延炼12万吨/年乙苯/苯乙烯装置
70.49,ST010132,%(m/m),2025-08-13 08:00:00,二乙苯,延炼12万吨/年乙苯/苯乙烯装置
9.49,ST010132,%(m/m),2025-08-13 08:00:00,重芳,延炼12万吨/年乙苯/苯乙烯装置
0.01,ST010132,%(m/m),2025-08-14 08:00:00,非  芳,延炼12万吨/年乙苯/苯乙烯装置
0.00,ST010132,%(m/m),2025-08-14 08:00:00,苯,延炼12万吨/年乙苯/苯乙烯装置
0.00,ST010132,%(m/m),2025-08-14 08:00:00,甲  苯,延炼12万吨/年乙苯/苯乙烯装置
0.02,ST010132,%(m/m),2025-08-14 08:00:00,乙  苯,延炼12万吨/年乙苯/苯乙烯装置
0.05,ST010132,%(m/m),2025-08-14 08:00:00,二甲苯,延炼12万吨/年乙苯/苯乙烯装置
6.18,ST010132,%(m/m),2025-08-14 08:00:00,异丙苯,延炼12万吨/年乙苯/苯乙烯装置
9.79,ST010132,%(m/m),2025-08-14 08:00:00,正丙苯,延炼12万吨/年乙苯/苯乙烯装置
1.08,ST010132,%(m/m),2025-08-14 08:00:00,甲乙苯,延炼12万吨/年乙苯/苯乙烯装置
2.31,ST010132,%(m/m),2025-08-14 08:00:00,丁苯,延炼12万吨/年乙苯/苯乙烯装置
70.22,ST010132,%(m/m),2025-08-14 08:00:00,二乙苯,延炼12万吨/年乙苯/苯乙烯装置
10.35,ST010132,%(m/m),2025-08-14 08:00:00,重芳,延炼12万吨/年乙苯/苯乙烯装置
0.01,ST010132,%(m/m),2025-08-15 08:00:00,非  芳,延炼12万吨/年乙苯/苯乙烯装置
0.01,ST010132,%(m/m),2025-08-15 08:00:00,苯,延炼12万吨/年乙苯/苯乙烯装置
0.00,ST010132,%(m/m),2025-08-15 08:00:00,甲  苯,延炼12万吨/年乙苯/苯乙烯装置
0.13,ST010132,%(m/m),2025-08-15 08:00:00,乙  苯,延炼12万吨/年乙苯/苯乙烯装置
0.16,ST010132,%(m/m),2025-08-15 08:00:00,二甲苯,延炼12万吨/年乙苯/苯乙烯装置
8.21,ST010132,%(m/m),2025-08-15 08:00:00,异丙苯,延炼12万吨/年乙苯/苯乙烯装置
10.03,ST010132,%(m/m),2025-08-15 08:00:00,正丙苯,延炼12万吨/年乙苯/苯乙烯装置
1.10,ST010132,%(m/m),2025-08-15 08:00:00,甲乙苯,延炼12万吨/年乙苯/苯乙烯装置
2.36,ST010132,%(m/m),2025-08-15 08:00:00,丁苯,延炼12万吨/年乙苯/苯乙烯装置
68.59,ST010132,%(m/m),2025-08-15 08:00:00,二乙苯,延炼12万吨/年乙苯/苯乙烯装置
9.41,ST010132,%(m/m),2025-08-15 08:00:00,重芳,延炼12万吨/年乙苯/苯乙烯装置
0.01,ST010132,%(m/m),2025-08-16 08:00:00,非  芳,延炼12万吨/年乙苯/苯乙烯装置
0.01,ST010132,%(m/m),2025-08-16 08:00:00,苯,延炼12万吨/年乙苯/苯乙烯装置
0.00,ST010132,%(m/m),2025-08-16 08:00:00,甲  苯,延炼12万吨/年乙苯/苯乙烯装置
0.18,ST010132,%(m/m),2025-08-16 08:00:00,乙  苯,延炼12万吨/年乙苯/苯乙烯装置
0.18,ST010132,%(m/m),2025-08-16 08:00:00,二甲苯,延炼12万吨/年乙苯/苯乙烯装置
7.26,ST010132,%(m/m),2025-08-16 08:00:00,异丙苯,延炼12万吨/年乙苯/苯乙烯装置
9.44,ST010132,%(m/m),2025-08-16 08:00:00,正丙苯,延炼12万吨/年乙苯/苯乙烯装置
1.08,ST010132,%(m/m),2025-08-16 08:00:00,甲乙苯,延炼12万吨/年乙苯/苯乙烯装置
2.43,ST010132,%(m/m),2025-08-16 08:00:00,丁苯,延炼12万吨/年乙苯/苯乙烯装置
69.00,ST010132,%(m/m),2025-08-16 08:00:00,二乙苯,延炼12万吨/年乙苯/苯乙烯装置
10.40,ST010132,%(m/m),2025-08-16 08:00:00,重芳,延炼12万吨/年乙苯/苯乙烯装置
0.01,ST010132,%(m/m),2025-08-17 08:00:00,非  芳,延炼12万吨/年乙苯/苯乙烯装置
0.01,ST010132,%(m/m),2025-08-17 08:00:00,苯,延炼12万吨/年乙苯/苯乙烯装置
0.00,ST010132,%(m/m),2025-08-17 08:00:00,甲  苯,延炼12万吨/年乙苯/苯乙烯装置
0.16,ST010132,%(m/m),2025-08-17 08:00:00,乙  苯,延炼12万吨/年乙苯/苯乙烯装置
0.16,ST010132,%(m/m),2025-08-17 08:00:00,二甲苯,延炼12万吨/年乙苯/苯乙烯装置
6.31,ST010132,%(m/m),2025-08-17 08:00:00,异丙苯,延炼12万吨/年乙苯/苯乙烯装置
9.66,ST010132,%(m/m),2025-08-17 08:00:00,正丙苯,延炼12万吨/年乙苯/苯乙烯装置
1.13,ST010132,%(m/m),2025-08-17 08:00:00,甲乙苯,延炼12万吨/年乙苯/苯乙烯装置
2.55,ST010132,%(m/m),2025-08-17 08:00:00,丁苯,延炼12万吨/年乙苯/苯乙烯装置
70.15,ST010132,%(m/m),2025-08-17 08:00:00,二乙苯,延炼12万吨/年乙苯/苯乙烯装置
9.87,ST010132,%(m/m),2025-08-17 08:00:00,重芳,延炼12万吨/年乙苯/苯乙烯装置
0.01,ST010132,%(m/m),2025-08-18 08:00:00,非  芳,延炼12万吨/年乙苯/苯乙烯装置
0.01,ST010132,%(m/m),2025-08-18 08:00:00,苯,延炼12万吨/年乙苯/苯乙烯装置
0.00,ST010132,%(m/m),2025-08-18 08:00:00,甲  苯,延炼12万吨/年乙苯/苯乙烯装置
0.17,ST010132,%(m/m),2025-08-18 08:00:00,乙  苯,延炼12万吨/年乙苯/苯乙烯装置
0.16,ST010132,%(m/m),2025-08-18 08:00:00,二甲苯,延炼12万吨/年乙苯/苯乙烯装置
6.11,ST010132,%(m/m),2025-08-18 08:00:00,异丙苯,延炼12万吨/年乙苯/苯乙烯装置
9.89,ST010132,%(m/m),2025-08-18 08:00:00,正丙苯,延炼12万吨/年乙苯/苯乙烯装置
1.14,ST010132,%(m/m),2025-08-18 08:00:00,甲乙苯,延炼12万吨/年乙苯/苯乙烯装置
2.57,ST010132,%(m/m),2025-08-18 08:00:00,丁苯,延炼12万吨/年乙苯/苯乙烯装置
70.22,ST010132,%(m/m),2025-08-18 08:00:00,二乙苯,延炼12万吨/年乙苯/苯乙烯装置
9.73,ST010132,%(m/m),2025-08-18 08:00:00,重芳,延炼12万吨/年乙苯/苯乙烯装置
0.01,ST010132,%(m/m),2025-08-19 08:00:00,非  芳,延炼12万吨/年乙苯/苯乙烯装置
0.01,ST010132,%(m/m),2025-08-19 08:00:00,苯,延炼12万吨/年乙苯/苯乙烯装置
0.00,ST010132,%(m/m),2025-08-19 08:00:00,甲  苯,延炼12万吨/年乙苯/苯乙烯装置
0.26,ST010132,%(m/m),2025-08-19 08:00:00,乙  苯,延炼12万吨/年乙苯/苯乙烯装置
0.19,ST010132,%(m/m),2025-08-19 08:00:00,二甲苯,延炼12万吨/年乙苯/苯乙烯装置
6.69,ST010132,%(m/m),2025-08-19 08:00:00,异丙苯,延炼12万吨/年乙苯/苯乙烯装置
10.39,ST010132,%(m/m),2025-08-19 08:00:00,正丙苯,延炼12万吨/年乙苯/苯乙烯装置
1.08,ST010132,%(m/m),2025-08-19 08:00:00,甲乙苯,延炼12万吨/年乙苯/苯乙烯装置
2.49,ST010132,%(m/m),2025-08-19 08:00:00,丁苯,延炼12万吨/年乙苯/苯乙烯装置
69.22,ST010132,%(m/m),2025-08-19 08:00:00,二乙苯,延炼12万吨/年乙苯/苯乙烯装置
9.65,ST010132,%(m/m),2025-08-19 08:00:00,重芳,延炼12万吨/年乙苯/苯乙烯装置
0.01,ST010132,%(m/m),2025-08-20 08:00:00,非  芳,延炼12万吨/年乙苯/苯乙烯装置
0.02,ST010132,%(m/m),2025-08-20 08:00:00,苯,延炼12万吨/年乙苯/苯乙烯装置
0.00,ST010132,%(m/m),2025-08-20 08:00:00,甲  苯,延炼12万吨/年乙苯/苯乙烯装置
0.36,ST010132,%(m/m),2025-08-20 08:00:00,乙  苯,延炼12万吨/年乙苯/苯乙烯装置
0.23,ST010132,%(m/m),2025-08-20 08:00:00,二甲苯,延炼12万吨/年乙苯/苯乙烯装置
6.81,ST010132,%(m/m),2025-08-20 08:00:00,异丙苯,延炼12万吨/年乙苯/苯乙烯装置
10.21,ST010132,%(m/m),2025-08-20 08:00:00,正丙苯,延炼12万吨/年乙苯/苯乙烯装置
1.09,ST010132,%(m/m),2025-08-20 08:00:00,甲乙苯,延炼12万吨/年乙苯/苯乙烯装置
2.51,ST010132,%(m/m),2025-08-20 08:00:00,丁苯,延炼12万吨/年乙苯/苯乙烯装置
69.38,ST010132,%(m/m),2025-08-20 08:00:00,二乙苯,延炼12万吨/年乙苯/苯乙烯装置
9.38,ST010132,%(m/m),2025-08-20 08:00:00,重芳,延炼12万吨/年乙苯/苯乙烯装置
0.02,ST010132,%(m/m),2025-08-21 08:00:00,非  芳,延炼12万吨/年乙苯/苯乙烯装置
0.02,ST010132,%(m/m),2025-08-21 08:00:00,苯,延炼12万吨/年乙苯/苯乙烯装置
0.01,ST010132,%(m/m),2025-08-21 08:00:00,甲  苯,延炼12万吨/年乙苯/苯乙烯装置
0.92,ST010132,%(m/m),2025-08-21 08:00:00,乙  苯,延炼12万吨/年乙苯/苯乙烯装置
0.35,ST010132,%(m/m),2025-08-21 08:00:00,二甲苯,延炼12万吨/年乙苯/苯乙烯装置
7.03,ST010132,%(m/m),2025-08-21 08:00:00,异丙苯,延炼12万吨/年乙苯/苯乙烯装置
9.73,ST010132,%(m/m),2025-08-21 08:00:00,正丙苯,延炼12万吨/年乙苯/苯乙烯装置
1.07,ST010132,%(m/m),2025-08-21 08:00:00,甲乙苯,延炼12万吨/年乙苯/苯乙烯装置
2.38,ST010132,%(m/m),2025-08-21 08:00:00,丁苯,延炼12万吨/年乙苯/苯乙烯装置
68.94,ST010132,%(m/m),2025-08-21 08:00:00,二乙苯,延炼12万吨/年乙苯/苯乙烯装置
9.54,ST010132,%(m/m),2025-08-21 08:00:00,重芳,延炼12万吨/年乙苯/苯乙烯装置
0.01,ST010132,%(m/m),2025-08-22 08:00:00,非  芳,延炼12万吨/年乙苯/苯乙烯装置
0.01,ST010132,%(m/m),2025-08-22 08:00:00,苯,延炼12万吨/年乙苯/苯乙烯装置
0.00,ST010132,%(m/m),2025-08-22 08:00:00,甲  苯,延炼12万吨/年乙苯/苯乙烯装置
0.48,ST010132,%(m/m),2025-08-22 08:00:00,乙  苯,延炼12万吨/年乙苯/苯乙烯装置
0.23,ST010132,%(m/m),2025-08-22 08:00:00,二甲苯,延炼12万吨/年乙苯/苯乙烯装置
6.28,ST010132,%(m/m),2025-08-22 08:00:00,异丙苯,延炼12万吨/年乙苯/苯乙烯装置
9.47,ST010132,%(m/m),2025-08-22 08:00:00,正丙苯,延炼12万吨/年乙苯/苯乙烯装置
1.08,ST010132,%(m/m),2025-08-22 08:00:00,甲乙苯,延炼12万吨/年乙苯/苯乙烯装置
2.39,ST010132,%(m/m),2025-08-22 08:00:00,丁苯,延炼12万吨/年乙苯/苯乙烯装置
70.95,ST010132,%(m/m),2025-08-22 08:00:00,二乙苯,延炼12万吨/年乙苯/苯乙烯装置
9.10,ST010132,%(m/m),2025-08-22 08:00:00,重芳,延炼12万吨/年乙苯/苯乙烯装置
0.01,ST010132,%(m/m),2025-08-23 08:00:00,非  芳,延炼12万吨/年乙苯/苯乙烯装置
0.01,ST010132,%(m/m),2025-08-23 08:00:00,苯,延炼12万吨/年乙苯/苯乙烯装置
0.00,ST010132,%(m/m),2025-08-23 08:00:00,甲  苯,延炼12万吨/年乙苯/苯乙烯装置
0.28,ST010132,%(m/m),2025-08-23 08:00:00,乙  苯,延炼12万吨/年乙苯/苯乙烯装置
0.16,ST010132,%(m/m),2025-08-23 08:00:00,二甲苯,延炼12万吨/年乙苯/苯乙烯装置
5.55,ST010132,%(m/m),2025-08-23 08:00:00,异丙苯,延炼12万吨/年乙苯/苯乙烯装置
9.04,ST010132,%(m/m),2025-08-23 08:00:00,正丙苯,延炼12万吨/年乙苯/苯乙烯装置
1.03,ST010132,%(m/m),2025-08-23 08:00:00,甲乙苯,延炼12万吨/年乙苯/苯乙烯装置
2.40,ST010132,%(m/m),2025-08-23 08:00:00,丁苯,延炼12万吨/年乙苯/苯乙烯装置
72.30,ST010132,%(m/m),2025-08-23 08:00:00,二乙苯,延炼12万吨/年乙苯/苯乙烯装置
9.23,ST010132,%(m/m),2025-08-23 08:00:00,重芳,延炼12万吨/年乙苯/苯乙烯装置
0.01,ST010132,%(m/m),2025-08-24 08:00:00,非  芳,延炼12万吨/年乙苯/苯乙烯装置
0.01,ST010132,%(m/m),2025-08-24 08:00:00,苯,延炼12万吨/年乙苯/苯乙烯装置
0.00,ST010132,%(m/m),2025-08-24 08:00:00,甲  苯,延炼12万吨/年乙苯/苯乙烯装置
0.50,ST010132,%(m/m),2025-08-24 08:00:00,乙  苯,延炼12万吨/年乙苯/苯乙烯装置
0.22,ST010132,%(m/m),2025-08-24 08:00:00,二甲苯,延炼12万吨/年乙苯/苯乙烯装置
5.96,ST010132,%(m/m),2025-08-24 08:00:00,异丙苯,延炼12万吨/年乙苯/苯乙烯装置
9.01,ST010132,%(m/m),2025-08-24 08:00:00,正丙苯,延炼12万吨/年乙苯/苯乙烯装置
1.05,ST010132,%(m/m),2025-08-24 08:00:00,甲乙苯,延炼12万吨/年乙苯/苯乙烯装置
2.46,ST010132,%(m/m),2025-08-24 08:00:00,丁苯,延炼12万吨/年乙苯/苯乙烯装置
71.53,ST010132,%(m/m),2025-08-24 08:00:00,二乙苯,延炼12万吨/年乙苯/苯乙烯装置
9.24,ST010132,%(m/m),2025-08-24 08:00:00,重芳,延炼12万吨/年乙苯/苯乙烯装置
0.01,ST010132,%(m/m),2025-08-25 08:00:00,非  芳,延炼12万吨/年乙苯/苯乙烯装置
0.01,ST010132,%(m/m),2025-08-25 08:00:00,苯,延炼12万吨/年乙苯/苯乙烯装置
0.00,ST010132,%(m/m),2025-08-25 08:00:00,甲  苯,延炼12万吨/年乙苯/苯乙烯装置
0.50,ST010132,%(m/m),2025-08-25 08:00:00,乙  苯,延炼12万吨/年乙苯/苯乙烯装置
0.22,ST010132,%(m/m),2025-08-25 08:00:00,二甲苯,延炼12万吨/年乙苯/苯乙烯装置
6.11,ST010132,%(m/m),2025-08-25 08:00:00,异丙苯,延炼12万吨/年乙苯/苯乙烯装置
9.24,ST010132,%(m/m),2025-08-25 08:00:00,正丙苯,延炼12万吨/年乙苯/苯乙烯装置
1.08,ST010132,%(m/m),2025-08-25 08:00:00,甲乙苯,延炼12万吨/年乙苯/苯乙烯装置
2.52,ST010132,%(m/m),2025-08-25 08:00:00,丁苯,延炼12万吨/年乙苯/苯乙烯装置
71.23,ST010132,%(m/m),2025-08-25 08:00:00,二乙苯,延炼12万吨/年乙苯/苯乙烯装置
9.08,ST010132,%(m/m),2025-08-25 08:00:00,重芳,延炼12万吨/年乙苯/苯乙烯装置
1.91,ST010132,%(m/m),2025-08-26 08:00:00,乙  苯,延炼12万吨/年乙苯/苯乙烯装置
0.35,ST010132,%(m/m),2025-08-26 08:00:00,二甲苯,延炼12万吨/年乙苯/苯乙烯装置
5.71,ST010132,%(m/m),2025-08-26 08:00:00,异丙苯,延炼12万吨/年乙苯/苯乙烯装置
8.01,ST010132,%(m/m),2025-08-26 08:00:00,正丙苯,延炼12万吨/年乙苯/苯乙烯装置
1.02,ST010132,%(m/m),2025-08-26 08:00:00,甲乙苯,延炼12万吨/年乙苯/苯乙烯装置
2.49,ST010132,%(m/m),2025-08-26 08:00:00,丁苯,延炼12万吨/年乙苯/苯乙烯装置
71.63,ST010132,%(m/m),2025-08-26 08:00:00,二乙苯,延炼12万吨/年乙苯/苯乙烯装置
8.84,ST010132,%(m/m),2025-08-26 08:00:00,重芳,延炼12万吨/年乙苯/苯乙烯装置
0.02,ST010132,%(m/m),2025-08-26 08:00:00,非  芳,延炼12万吨/年乙苯/苯乙烯装置
0.02,ST010132,%(m/m),2025-08-26 08:00:00,苯,延炼12万吨/年乙苯/苯乙烯装置
0.00,ST010132,%(m/m),2025-08-26 08:00:00,甲  苯,延炼12万吨/年乙苯/苯乙烯装置
0.01,ST010132,%(m/m),2025-08-27 08:00:00,非  芳,延炼12万吨/年乙苯/苯乙烯装置
0.01,ST010132,%(m/m),2025-08-27 08:00:00,苯,延炼12万吨/年乙苯/苯乙烯装置
0.00,ST010132,%(m/m),2025-08-27 08:00:00,甲  苯,延炼12万吨/年乙苯/苯乙烯装置
1.86,ST010132,%(m/m),2025-08-27 08:00:00,乙  苯,延炼12万吨/年乙苯/苯乙烯装置
0.30,ST010132,%(m/m),2025-08-27 08:00:00,二甲苯,延炼12万吨/年乙苯/苯乙烯装置
5.30,ST010132,%(m/m),2025-08-27 08:00:00,异丙苯,延炼12万吨/年乙苯/苯乙烯装置
7.90,ST010132,%(m/m),2025-08-27 08:00:00,正丙苯,延炼12万吨/年乙苯/苯乙烯装置
0.99,ST010132,%(m/m),2025-08-27 08:00:00,甲乙苯,延炼12万吨/年乙苯/苯乙烯装置
2.41,ST010132,%(m/m),2025-08-27 08:00:00,丁苯,延炼12万吨/年乙苯/苯乙烯装置
72.44,ST010132,%(m/m),2025-08-27 08:00:00,二乙苯,延炼12万吨/年乙苯/苯乙烯装置
8.78,ST010132,%(m/m),2025-08-27 08:00:00,重芳,延炼12万吨/年乙苯/苯乙烯装置
0.01,ST010132,%(m/m),2025-08-28 08:00:00,非  芳,延炼12万吨/年乙苯/苯乙烯装置
0.02,ST010132,%(m/m),2025-08-28 08:00:00,苯,延炼12万吨/年乙苯/苯乙烯装置
0.00,ST010132,%(m/m),2025-08-28 08:00:00,甲  苯,延炼12万吨/年乙苯/苯乙烯装置
2.26,ST010132,%(m/m),2025-08-28 08:00:00,乙  苯,延炼12万吨/年乙苯/苯乙烯装置
0.29,ST010132,%(m/m),2025-08-28 08:00:00,二甲苯,延炼12万吨/年乙苯/苯乙烯装置
5.23,ST010132,%(m/m),2025-08-28 08:00:00,异丙苯,延炼12万吨/年乙苯/苯乙烯装置
7.96,ST010132,%(m/m),2025-08-28 08:00:00,正丙苯,延炼12万吨/年乙苯/苯乙烯装置
1.00,ST010132,%(m/m),2025-08-28 08:00:00,甲乙苯,延炼12万吨/年乙苯/苯乙烯装置
2.40,ST010132,%(m/m),2025-08-28 08:00:00,丁苯,延炼12万吨/年乙苯/苯乙烯装置
72.01,ST010132,%(m/m),2025-08-28 08:00:00,二乙苯,延炼12万吨/年乙苯/苯乙烯装置
8.83,ST010132,%(m/m),2025-08-28 08:00:00,重芳,延炼12万吨/年乙苯/苯乙烯装置
0.01,ST010132,%(m/m),2025-08-29 08:00:00,非  芳,延炼12万吨/年乙苯/苯乙烯装置
0.01,ST010132,%(m/m),2025-08-29 08:00:00,苯,延炼12万吨/年乙苯/苯乙烯装置
0.00,ST010132,%(m/m),2025-08-29 08:00:00,甲  苯,延炼12万吨/年乙苯/苯乙烯装置
1.65,ST010132,%(m/m),2025-08-29 08:00:00,乙  苯,延炼12万吨/年乙苯/苯乙烯装置
0.21,ST010132,%(m/m),2025-08-29 08:00:00,二甲苯,延炼12万吨/年乙苯/苯乙烯装置
4.64,ST010132,%(m/m),2025-08-29 08:00:00,异丙苯,延炼12万吨/年乙苯/苯乙烯装置
7.45,ST010132,%(m/m),2025-08-29 08:00:00,正丙苯,延炼12万吨/年乙苯/苯乙烯装置
0.96,ST010132,%(m/m),2025-08-29 08:00:00,甲乙苯,延炼12万吨/年乙苯/苯乙烯装置
2.39,ST010132,%(m/m),2025-08-29 08:00:00,丁苯,延炼12万吨/年乙苯/苯乙烯装置
73.80,ST010132,%(m/m),2025-08-29 08:00:00,二乙苯,延炼12万吨/年乙苯/苯乙烯装置
8.89,ST010132,%(m/m),2025-08-29 08:00:00,重芳,延炼12万吨/年乙苯/苯乙烯装置
0.01,ST010132,%(m/m),2025-08-30 08:00:00,非  芳,延炼12万吨/年乙苯/苯乙烯装置
0.01,ST010132,%(m/m),2025-08-30 08:00:00,苯,延炼12万吨/年乙苯/苯乙烯装置
0.00,ST010132,%(m/m),2025-08-30 08:00:00,甲  苯,延炼12万吨/年乙苯/苯乙烯装置
2.11,ST010132,%(m/m),2025-08-30 08:00:00,乙  苯,延炼12万吨/年乙苯/苯乙烯装置
0.23,ST010132,%(m/m),2025-08-30 08:00:00,二甲苯,延炼12万吨/年乙苯/苯乙烯装置
5.07,ST010132,%(m/m),2025-08-30 08:00:00,异丙苯,延炼12万吨/年乙苯/苯乙烯装置
7.65,ST010132,%(m/m),2025-08-30 08:00:00,正丙苯,延炼12万吨/年乙苯/苯乙烯装置
1.01,ST010132,%(m/m),2025-08-30 08:00:00,甲乙苯,延炼12万吨/年乙苯/苯乙烯装置
2.43,ST010132,%(m/m),2025-08-30 08:00:00,丁苯,延炼12万吨/年乙苯/苯乙烯装置
72.77,ST010132,%(m/m),2025-08-30 08:00:00,二乙苯,延炼12万吨/年乙苯/苯乙烯装置
8.71,ST010132,%(m/m),2025-08-30 08:00:00,重芳,延炼12万吨/年乙苯/苯乙烯装置
0.01,ST010132,%(m/m),2025-08-31 08:00:00,非  芳,延炼12万吨/年乙苯/苯乙烯装置
0.01,ST010132,%(m/m),2025-08-31 08:00:00,苯,延炼12万吨/年乙苯/苯乙烯装置
0.00,ST010132,%(m/m),2025-08-31 08:00:00,甲  苯,延炼12万吨/年乙苯/苯乙烯装置
1.84,ST010132,%(m/m),2025-08-31 08:00:00,乙  苯,延炼12万吨/年乙苯/苯乙烯装置
0.20,ST010132,%(m/m),2025-08-31 08:00:00,二甲苯,延炼12万吨/年乙苯/苯乙烯装置
4.93,ST010132,%(m/m),2025-08-31 08:00:00,异丙苯,延炼12万吨/年乙苯/苯乙烯装置
7.49,ST010132,%(m/m),2025-08-31 08:00:00,正丙苯,延炼12万吨/年乙苯/苯乙烯装置
1.01,ST010132,%(m/m),2025-08-31 08:00:00,甲乙苯,延炼12万吨/年乙苯/苯乙烯装置
2.42,ST010132,%(m/m),2025-08-31 08:00:00,丁苯,延炼12万吨/年乙苯/苯乙烯装置
73.41,ST010132,%(m/m),2025-08-31 08:00:00,二乙苯,延炼12万吨/年乙苯/苯乙烯装置
8.68,ST010132,%(m/m),2025-08-31 08:00:00,重芳,延炼12万吨/年乙苯/苯乙烯装置
0.01,ST010132,%(m/m),2025-09-01 08:00:00,非  芳,延炼12万吨/年乙苯/苯乙烯装置
0.01,ST010132,%(m/m),2025-09-01 08:00:00,苯,延炼12万吨/年乙苯/苯乙烯装置
0.00,ST010132,%(m/m),2025-09-01 08:00:00,甲  苯,延炼12万吨/年乙苯/苯乙烯装置
1.22,ST010132,%(m/m),2025-09-01 08:00:00,乙  苯,延炼12万吨/年乙苯/苯乙烯装置
0.15,ST010132,%(m/m),2025-09-01 08:00:00,二甲苯,延炼12万吨/年乙苯/苯乙烯装置
4.64,ST010132,%(m/m),2025-09-01 08:00:00,异丙苯,延炼12万吨/年乙苯/苯乙烯装置
7.58,ST010132,%(m/m),2025-09-01 08:00:00,正丙苯,延炼12万吨/年乙苯/苯乙烯装置
1.02,ST010132,%(m/m),2025-09-01 08:00:00,甲乙苯,延炼12万吨/年乙苯/苯乙烯装置
2.40,ST010132,%(m/m),2025-09-01 08:00:00,丁苯,延炼12万吨/年乙苯/苯乙烯装置
73.19,ST010132,%(m/m),2025-09-01 08:00:00,二乙苯,延炼12万吨/年乙苯/苯乙烯装置
9.76,ST010132,%(m/m),2025-09-01 08:00:00,重芳,延炼12万吨/年乙苯/苯乙烯装置
0.01,ST010132,%(m/m),2025-09-02 08:00:00,非  芳,延炼12万吨/年乙苯/苯乙烯装置
0.01,ST010132,%(m/m),2025-09-02 08:00:00,苯,延炼12万吨/年乙苯/苯乙烯装置
0.00,ST010132,%(m/m),2025-09-02 08:00:00,甲  苯,延炼12万吨/年乙苯/苯乙烯装置
1.03,ST010132,%(m/m),2025-09-02 08:00:00,乙  苯,延炼12万吨/年乙苯/苯乙烯装置
0.14,ST010132,%(m/m),2025-09-02 08:00:00,二甲苯,延炼12万吨/年乙苯/苯乙烯装置
4.97,ST010132,%(m/m),2025-09-02 08:00:00,异丙苯,延炼12万吨/年乙苯/苯乙烯装置
8.18,ST010132,%(m/m),2025-09-02 08:00:00,正丙苯,延炼12万吨/年乙苯/苯乙烯装置
1.03,ST010132,%(m/m),2025-09-02 08:00:00,甲乙苯,延炼12万吨/年乙苯/苯乙烯装置
2.42,ST010132,%(m/m),2025-09-02 08:00:00,丁苯,延炼12万吨/年乙苯/苯乙烯装置
73.12,ST010132,%(m/m),2025-09-02 08:00:00,二乙苯,延炼12万吨/年乙苯/苯乙烯装置
9.09,ST010132,%(m/m),2025-09-02 08:00:00,重芳,延炼12万吨/年乙苯/苯乙烯装置
0.01,ST010132,%(m/m),2025-09-03 08:00:00,非  芳,延炼12万吨/年乙苯/苯乙烯装置
0.01,ST010132,%(m/m),2025-09-03 08:00:00,苯,延炼12万吨/年乙苯/苯乙烯装置
0.00,ST010132,%(m/m),2025-09-03 08:00:00,甲  苯,延炼12万吨/年乙苯/苯乙烯装置
1.19,ST010132,%(m/m),2025-09-03 08:00:00,乙  苯,延炼12万吨/年乙苯/苯乙烯装置
0.15,ST010132,%(m/m),2025-09-03 08:00:00,二甲苯,延炼12万吨/年乙苯/苯乙烯装置
5.34,ST010132,%(m/m),2025-09-03 08:00:00,异丙苯,延炼12万吨/年乙苯/苯乙烯装置
8.62,ST010132,%(m/m),2025-09-03 08:00:00,正丙苯,延炼12万吨/年乙苯/苯乙烯装置
1.08,ST010132,%(m/m),2025-09-03 08:00:00,甲乙苯,延炼12万吨/年乙苯/苯乙烯装置
2.46,ST010132,%(m/m),2025-09-03 08:00:00,丁苯,延炼12万吨/年乙苯/苯乙烯装置
71.95,ST010132,%(m/m),2025-09-03 08:00:00,二乙苯,延炼12万吨/年乙苯/苯乙烯装置
9.19,ST010132,%(m/m),2025-09-03 08:00:00,重芳,延炼12万吨/年乙苯/苯乙烯装置
0.01,ST010132,%(m/m),2025-09-04 08:00:00,非  芳,延炼12万吨/年乙苯/苯乙烯装置
0.01,ST010132,%(m/m),2025-09-04 08:00:00,苯,延炼12万吨/年乙苯/苯乙烯装置
0.00,ST010132,%(m/m),2025-09-04 08:00:00,甲  苯,延炼12万吨/年乙苯/苯乙烯装置
0.68,ST010132,%(m/m),2025-09-04 08:00:00,乙  苯,延炼12万吨/年乙苯/苯乙烯装置
0.11,ST010132,%(m/m),2025-09-04 08:00:00,二甲苯,延炼12万吨/年乙苯/苯乙烯装置
4.96,ST010132,%(m/m),2025-09-04 08:00:00,异丙苯,延炼12万吨/年乙苯/苯乙烯装置
8.60,ST010132,%(m/m),2025-09-04 08:00:00,正丙苯,延炼12万吨/年乙苯/苯乙烯装置
1.03,ST010132,%(m/m),2025-09-04 08:00:00,甲乙苯,延炼12万吨/年乙苯/苯乙烯装置
2.42,ST010132,%(m/m),2025-09-04 08:00:00,丁苯,延炼12万吨/年乙苯/苯乙烯装置
72.68,ST010132,%(m/m),2025-09-04 08:00:00,二乙苯,延炼12万吨/年乙苯/苯乙烯装置
9.51,ST010132,%(m/m),2025-09-04 08:00:00,重芳,延炼12万吨/年乙苯/苯乙烯装置
0.01,ST010132,%(m/m),2025-09-05 08:00:00,非  芳,延炼12万吨/年乙苯/苯乙烯装置
0.01,ST010132,%(m/m),2025-09-05 08:00:00,苯,延炼12万吨/年乙苯/苯乙烯装置
0.00,ST010132,%(m/m),2025-09-05 08:00:00,甲  苯,延炼12万吨/年乙苯/苯乙烯装置
0.41,ST010132,%(m/m),2025-09-05 08:00:00,乙  苯,延炼12万吨/年乙苯/苯乙烯装置
0.08,ST010132,%(m/m),2025-09-05 08:00:00,二甲苯,延炼12万吨/年乙苯/苯乙烯装置
4.92,ST010132,%(m/m),2025-09-05 08:00:00,异丙苯,延炼12万吨/年乙苯/苯乙烯装置
8.95,ST010132,%(m/m),2025-09-05 08:00:00,正丙苯,延炼12万吨/年乙苯/苯乙烯装置
1.00,ST010132,%(m/m),2025-09-05 08:00:00,甲乙苯,延炼12万吨/年乙苯/苯乙烯装置
2.42,ST010132,%(m/m),2025-09-05 08:00:00,丁苯,延炼12万吨/年乙苯/苯乙烯装置
72.37,ST010132,%(m/m),2025-09-05 08:00:00,二乙苯,延炼12万吨/年乙苯/苯乙烯装置
9.82,ST010132,%(m/m),2025-09-05 08:00:00,重芳,延炼12万吨/年乙苯/苯乙烯装置
0.01,ST010132,%(m/m),2025-09-06 08:00:00,非  芳,延炼12万吨/年乙苯/苯乙烯装置
0.00,ST010132,%(m/m),2025-09-06 08:00:00,苯,延炼12万吨/年乙苯/苯乙烯装置
0.00,ST010132,%(m/m),2025-09-06 08:00:00,甲  苯,延炼12万吨/年乙苯/苯乙烯装置
0.33,ST010132,%(m/m),2025-09-06 08:00:00,乙  苯,延炼12万吨/年乙苯/苯乙烯装置
0.08,ST010132,%(m/m),2025-09-06 08:00:00,二甲苯,延炼12万吨/年乙苯/苯乙烯装置
5.08,ST010132,%(m/m),2025-09-06 08:00:00,异丙苯,延炼12万吨/年乙苯/苯乙烯装置
9.00,ST010132,%(m/m),2025-09-06 08:00:00,正丙苯,延炼12万吨/年乙苯/苯乙烯装置
1.02,ST010132,%(m/m),2025-09-06 08:00:00,甲乙苯,延炼12万吨/年乙苯/苯乙烯装置
2.46,ST010132,%(m/m),2025-09-06 08:00:00,丁苯,延炼12万吨/年乙苯/苯乙烯装置
72.59,ST010132,%(m/m),2025-09-06 08:00:00,二乙苯,延炼12万吨/年乙苯/苯乙烯装置
9.43,ST010132,%(m/m),2025-09-06 08:00:00,重芳,延炼12万吨/年乙苯/苯乙烯装置
0.01,ST010132,%(m/m),2025-09-07 08:00:00,非  芳,延炼12万吨/年乙苯/苯乙烯装置
0.00,ST010132,%(m/m),2025-09-07 08:00:00,苯,延炼12万吨/年乙苯/苯乙烯装置
0.00,ST010132,%(m/m),2025-09-07 08:00:00,甲  苯,延炼12万吨/年乙苯/苯乙烯装置
0.81,ST010132,%(m/m),2025-09-07 08:00:00,乙  苯,延炼12万吨/年乙苯/苯乙烯装置
0.16,ST010132,%(m/m),2025-09-07 08:00:00,二甲苯,延炼12万吨/年乙苯/苯乙烯装置
6.59,ST010132,%(m/m),2025-09-07 08:00:00,异丙苯,延炼12万吨/年乙苯/苯乙烯装置
9.36,ST010132,%(m/m),2025-09-07 08:00:00,正丙苯,延炼12万吨/年乙苯/苯乙烯装置
1.08,ST010132,%(m/m),2025-09-07 08:00:00,甲乙苯,延炼12万吨/年乙苯/苯乙烯装置
2.49,ST010132,%(m/m),2025-09-07 08:00:00,丁苯,延炼12万吨/年乙苯/苯乙烯装置
70.57,ST010132,%(m/m),2025-09-07 08:00:00,二乙苯,延炼12万吨/年乙苯/苯乙烯装置
8.92,ST010132,%(m/m),2025-09-07 08:00:00,重芳,延炼12万吨/年乙苯/苯乙烯装置
0.01,ST010132,%(m/m),2025-09-08 08:00:00,非  芳,延炼12万吨/年乙苯/苯乙烯装置
0.00,ST010132,%(m/m),2025-09-08 08:00:00,苯,延炼12万吨/年乙苯/苯乙烯装置
0.00,ST010132,%(m/m),2025-09-08 08:00:00,甲  苯,延炼12万吨/年乙苯/苯乙烯装置
0.37,ST010132,%(m/m),2025-09-08 08:00:00,乙  苯,延炼12万吨/年乙苯/苯乙烯装置
0.09,ST010132,%(m/m),2025-09-08 08:00:00,二甲苯,延炼12万吨/年乙苯/苯乙烯装置
5.26,ST010132,%(m/m),2025-09-08 08:00:00,异丙苯,延炼12万吨/年乙苯/苯乙烯装置
8.52,ST010132,%(m/m),2025-09-08 08:00:00,正丙苯,延炼12万吨/年乙苯/苯乙烯装置
1.07,ST010132,%(m/m),2025-09-08 08:00:00,甲乙苯,延炼12万吨/年乙苯/苯乙烯装置
2.48,ST010132,%(m/m),2025-09-08 08:00:00,丁苯,延炼12万吨/年乙苯/苯乙烯装置
72.82,ST010132,%(m/m),2025-09-08 08:00:00,二乙苯,延炼12万吨/年乙苯/苯乙烯装置
9.38,ST010132,%(m/m),2025-09-08 08:00:00,重芳,延炼12万吨/年乙苯/苯乙烯装置
0.01,ST010132,%(m/m),2025-09-09 08:00:00,非  芳,延炼12万吨/年乙苯/苯乙烯装置
0.00,ST010132,%(m/m),2025-09-09 08:00:00,苯,延炼12万吨/年乙苯/苯乙烯装置
0.00,ST010132,%(m/m),2025-09-09 08:00:00,甲  苯,延炼12万吨/年乙苯/苯乙烯装置
0.16,ST010132,%(m/m),2025-09-09 08:00:00,乙  苯,延炼12万吨/年乙苯/苯乙烯装置
0.06,ST010132,%(m/m),2025-09-09 08:00:00,二甲苯,延炼12万吨/年乙苯/苯乙烯装置
4.88,ST010132,%(m/m),2025-09-09 08:00:00,异丙苯,延炼12万吨/年乙苯/苯乙烯装置
8.74,ST010132,%(m/m),2025-09-09 08:00:00,正丙苯,延炼12万吨/年乙苯/苯乙烯装置
1.06,ST010132,%(m/m),2025-09-09 08:00:00,甲乙苯,延炼12万吨/年乙苯/苯乙烯装置
2.49,ST010132,%(m/m),2025-09-09 08:00:00,丁苯,延炼12万吨/年乙苯/苯乙烯装置
73.08,ST010132,%(m/m),2025-09-09 08:00:00,二乙苯,延炼12万吨/年乙苯/苯乙烯装置
9.51,ST010132,%(m/m),2025-09-09 08:00:00,重芳,延炼12万吨/年乙苯/苯乙烯装置
0.01,ST010132,%(m/m),2025-09-10 08:00:00,非  芳,延炼12万吨/年乙苯/苯乙烯装置
0.00,ST010132,%(m/m),2025-09-10 08:00:00,苯,延炼12万吨/年乙苯/苯乙烯装置
0.00,ST010132,%(m/m),2025-09-10 08:00:00,甲  苯,延炼12万吨/年乙苯/苯乙烯装置
0.11,ST010132,%(m/m),2025-09-10 08:00:00,乙  苯,延炼12万吨/年乙苯/苯乙烯装置
0.06,ST010132,%(m/m),2025-09-10 08:00:00,二甲苯,延炼12万吨/年乙苯/苯乙烯装置
5.08,ST010132,%(m/m),2025-09-10 08:00:00,异丙苯,延炼12万吨/年乙苯/苯乙烯装置
9.13,ST010132,%(m/m),2025-09-10 08:00:00,正丙苯,延炼12万吨/年乙苯/苯乙烯装置
1.07,ST010132,%(m/m),2025-09-10 08:00:00,甲乙苯,延炼12万吨/年乙苯/苯乙烯装置
2.47,ST010132,%(m/m),2025-09-10 08:00:00,丁苯,延炼12万吨/年乙苯/苯乙烯装置
72.72,ST010132,%(m/m),2025-09-10 08:00:00,二乙苯,延炼12万吨/年乙苯/苯乙烯装置
9.35,ST010132,%(m/m),2025-09-10 08:00:00,重芳,延炼12万吨/年乙苯/苯乙烯装置
0.01,ST010132,%(m/m),2025-09-11 08:00:00,非  芳,延炼12万吨/年乙苯/苯乙烯装置
0.00,ST010132,%(m/m),2025-09-11 08:00:00,苯,延炼12万吨/年乙苯/苯乙烯装置
0.00,ST010132,%(m/m),2025-09-11 08:00:00,甲  苯,延炼12万吨/年乙苯/苯乙烯装置
0.11,ST010132,%(m/m),2025-09-11 08:00:00,乙  苯,延炼12万吨/年乙苯/苯乙烯装置
0.06,ST010132,%(m/m),2025-09-11 08:00:00,二甲苯,延炼12万吨/年乙苯/苯乙烯装置
5.53,ST010132,%(m/m),2025-09-11 08:00:00,异丙苯,延炼12万吨/年乙苯/苯乙烯装置
9.50,ST010132,%(m/m),2025-09-11 08:00:00,正丙苯,延炼12万吨/年乙苯/苯乙烯装置
1.09,ST010132,%(m/m),2025-09-11 08:00:00,甲乙苯,延炼12万吨/年乙苯/苯乙烯装置
2.44,ST010132,%(m/m),2025-09-11 08:00:00,丁苯,延炼12万吨/年乙苯/苯乙烯装置
71.92,ST010132,%(m/m),2025-09-11 08:00:00,二乙苯,延炼12万吨/年乙苯/苯乙烯装置
9.35,ST010132,%(m/m),2025-09-11 08:00:00,重芳,延炼12万吨/年乙苯/苯乙烯装置
0.01,ST010132,%(m/m),2025-09-12 08:00:00,非  芳,延炼12万吨/年乙苯/苯乙烯装置
0.00,ST010132,%(m/m),2025-09-12 08:00:00,苯,延炼12万吨/年乙苯/苯乙烯装置
0.00,ST010132,%(m/m),2025-09-12 08:00:00,甲  苯,延炼12万吨/年乙苯/苯乙烯装置
0.09,ST010132,%(m/m),2025-09-12 08:00:00,乙  苯,延炼12万吨/年乙苯/苯乙烯装置
0.05,ST010132,%(m/m),2025-09-12 08:00:00,二甲苯,延炼12万吨/年乙苯/苯乙烯装置
5.14,ST010132,%(m/m),2025-09-12 08:00:00,异丙苯,延炼12万吨/年乙苯/苯乙烯装置
9.41,ST010132,%(m/m),2025-09-12 08:00:00,正丙苯,延炼12万吨/年乙苯/苯乙烯装置
1.05,ST010132,%(m/m),2025-09-12 08:00:00,甲乙苯,延炼12万吨/年乙苯/苯乙烯装置
2.48,ST010132,%(m/m),2025-09-12 08:00:00,丁苯,延炼12万吨/年乙苯/苯乙烯装置
72.20,ST010132,%(m/m),2025-09-12 08:00:00,二乙苯,延炼12万吨/年乙苯/苯乙烯装置
9.58,ST010132,%(m/m),2025-09-12 08:00:00,重芳,延炼12万吨/年乙苯/苯乙烯装置
0.01,ST010132,%(m/m),2025-09-13 08:00:00,非  芳,延炼12万吨/年乙苯/苯乙烯装置
0.00,ST010132,%(m/m),2025-09-13 08:00:00,苯,延炼12万吨/年乙苯/苯乙烯装置
0.00,ST010132,%(m/m),2025-09-13 08:00:00,甲  苯,延炼12万吨/年乙苯/苯乙烯装置
0.05,ST010132,%(m/m),2025-09-13 08:00:00,乙  苯,延炼12万吨/年乙苯/苯乙烯装置
0.05,ST010132,%(m/m),2025-09-13 08:00:00,二甲苯,延炼12万吨/年乙苯/苯乙烯装置
5.60,ST010132,%(m/m),2025-09-13 08:00:00,异丙苯,延炼12万吨/年乙苯/苯乙烯装置
10.11,ST010132,%(m/m),2025-09-13 08:00:00,正丙苯,延炼12万吨/年乙苯/苯乙烯装置
1.14,ST010132,%(m/m),2025-09-13 08:00:00,甲乙苯,延炼12万吨/年乙苯/苯乙烯装置
2.47,ST010132,%(m/m),2025-09-13 08:00:00,丁苯,延炼12万吨/年乙苯/苯乙烯装置
71.22,ST010132,%(m/m),2025-09-13 08:00:00,二乙苯,延炼12万吨/年乙苯/苯乙烯装置
9.35,ST010132,%(m/m),2025-09-13 08:00:00,重芳,延炼12万吨/年乙苯/苯乙烯装置
0.00,ST010132,%(m/m),2025-09-14 08:00:00,非  芳,延炼12万吨/年乙苯/苯乙烯装置
0.00,ST010132,%(m/m),2025-09-14 08:00:00,苯,延炼12万吨/年乙苯/苯乙烯装置
0.00,ST010132,%(m/m),2025-09-14 08:00:00,甲  苯,延炼12万吨/年乙苯/苯乙烯装置
0.03,ST010132,%(m/m),2025-09-14 08:00:00,乙  苯,延炼12万吨/年乙苯/苯乙烯装置
0.03,ST010132,%(m/m),2025-09-14 08:00:00,二甲苯,延炼12万吨/年乙苯/苯乙烯装置
5.05,ST010132,%(m/m),2025-09-14 08:00:00,异丙苯,延炼12万吨/年乙苯/苯乙烯装置
9.74,ST010132,%(m/m),2025-09-14 08:00:00,正丙苯,延炼12万吨/年乙苯/苯乙烯装置
1.08,ST010132,%(m/m),2025-09-14 08:00:00,甲乙苯,延炼12万吨/年乙苯/苯乙烯装置
2.47,ST010132,%(m/m),2025-09-14 08:00:00,丁苯,延炼12万吨/年乙苯/苯乙烯装置
71.97,ST010132,%(m/m),2025-09-14 08:00:00,二乙苯,延炼12万吨/年乙苯/苯乙烯装置
9.62,ST010132,%(m/m),2025-09-14 08:00:00,重芳,延炼12万吨/年乙苯/苯乙烯装置
0.00,ST010132,%(m/m),2025-09-15 08:00:00,非  芳,延炼12万吨/年乙苯/苯乙烯装置
0.00,ST010132,%(m/m),2025-09-15 08:00:00,苯,延炼12万吨/年乙苯/苯乙烯装置
0.00,ST010132,%(m/m),2025-09-15 08:00:00,甲  苯,延炼12万吨/年乙苯/苯乙烯装置
0.01,ST010132,%(m/m),2025-09-15 08:00:00,乙  苯,延炼12万吨/年乙苯/苯乙烯装置
0.02,ST010132,%(m/m),2025-09-15 08:00:00,二甲苯,延炼12万吨/年乙苯/苯乙烯装置
5.21,ST010132,%(m/m),2025-09-15 08:00:00,异丙苯,延炼12万吨/年乙苯/苯乙烯装置
10.51,ST010132,%(m/m),2025-09-15 08:00:00,正丙苯,延炼12万吨/年乙苯/苯乙烯装置
1.12,ST010132,%(m/m),2025-09-15 08:00:00,甲乙苯,延炼12万吨/年乙苯/苯乙烯装置
2.51,ST010132,%(m/m),2025-09-15 08:00:00,丁苯,延炼12万吨/年乙苯/苯乙烯装置
70.96,ST010132,%(m/m),2025-09-15 08:00:00,二乙苯,延炼12万吨/年乙苯/苯乙烯装置
9.66,ST010132,%(m/m),2025-09-15 08:00:00,重芳,延炼12万吨/年乙苯/苯乙烯装置
0.00,ST010132,%(m/m),2025-09-16 08:00:00,非  芳,延炼12万吨/年乙苯/苯乙烯装置
0.00,ST010132,%(m/m),2025-09-16 08:00:00,苯,延炼12万吨/年乙苯/苯乙烯装置
0.00,ST010132,%(m/m),2025-09-16 08:00:00,甲  苯,延炼12万吨/年乙苯/苯乙烯装置
0.02,ST010132,%(m/m),2025-09-16 08:00:00,乙  苯,延炼12万吨/年乙苯/苯乙烯装置
0.02,ST010132,%(m/m),2025-09-16 08:00:00,二甲苯,延炼12万吨/年乙苯/苯乙烯装置
5.33,ST010132,%(m/m),2025-09-16 08:00:00,异丙苯,延炼12万吨/年乙苯/苯乙烯装置
10.81,ST010132,%(m/m),2025-09-16 08:00:00,正丙苯,延炼12万吨/年乙苯/苯乙烯装置
1.07,ST010132,%(m/m),2025-09-16 08:00:00,甲乙苯,延炼12万吨/年乙苯/苯乙烯装置
2.47,ST010132,%(m/m),2025-09-16 08:00:00,丁苯,延炼12万吨/年乙苯/苯乙烯装置
70.19,ST010132,%(m/m),2025-09-16 08:00:00,二乙苯,延炼12万吨/年乙苯/苯乙烯装置
10.09,ST010132,%(m/m),2025-09-16 08:00:00,重芳,延炼12万吨/年乙苯/苯乙烯装置
0.00,ST010132,%(m/m),2025-09-17 08:00:00,非  芳,延炼12万吨/年乙苯/苯乙烯装置
0.00,ST010132,%(m/m),2025-09-17 08:00:00,苯,延炼12万吨/年乙苯/苯乙烯装置
0.00,ST010132,%(m/m),2025-09-17 08:00:00,甲  苯,延炼12万吨/年乙苯/苯乙烯装置
0.02,ST010132,%(m/m),2025-09-17 08:00:00,乙  苯,延炼12万吨/年乙苯/苯乙烯装置
0.01,ST010132,%(m/m),2025-09-17 08:00:00,二甲苯,延炼12万吨/年乙苯/苯乙烯装置
5.21,ST010132,%(m/m),2025-09-17 08:00:00,异丙苯,延炼12万吨/年乙苯/苯乙烯装置
10.73,ST010132,%(m/m),2025-09-17 08:00:00,正丙苯,延炼12万吨/年乙苯/苯乙烯装置
1.03,ST010132,%(m/m),2025-09-17 08:00:00,甲乙苯,延炼12万吨/年乙苯/苯乙烯装置
2.49,ST010132,%(m/m),2025-09-17 08:00:00,丁苯,延炼12万吨/年乙苯/苯乙烯装置
70.25,ST010132,%(m/m),2025-09-17 08:00:00,二乙苯,延炼12万吨/年乙苯/苯乙烯装置
10.24,ST010132,%(m/m),2025-09-17 08:00:00,重芳,延炼12万吨/年乙苯/苯乙烯装置
0.00,ST010132,%(m/m),2025-09-18 08:00:00,非  芳,延炼12万吨/年乙苯/苯乙烯装置
0.00,ST010132,%(m/m),2025-09-18 08:00:00,苯,延炼12万吨/年乙苯/苯乙烯装置
0.00,ST010132,%(m/m),2025-09-18 08:00:00,甲  苯,延炼12万吨/年乙苯/苯乙烯装置
0.01,ST010132,%(m/m),2025-09-18 08:00:00,乙  苯,延炼12万吨/年乙苯/苯乙烯装置
0.01,ST010132,%(m/m),2025-09-18 08:00:00,二甲苯,延炼12万吨/年乙苯/苯乙烯装置
5.32,ST010132,%(m/m),2025-09-18 08:00:00,异丙苯,延炼12万吨/年乙苯/苯乙烯装置
10.41,ST010132,%(m/m),2025-09-18 08:00:00,正丙苯,延炼12万吨/年乙苯/苯乙烯装置
1.04,ST010132,%(m/m),2025-09-18 08:00:00,甲乙苯,延炼12万吨/年乙苯/苯乙烯装置
2.50,ST010132,%(m/m),2025-09-18 08:00:00,丁苯,延炼12万吨/年乙苯/苯乙烯装置
71.15,ST010132,%(m/m),2025-09-18 08:00:00,二乙苯,延炼12万吨/年乙苯/苯乙烯装置
9.54,ST010132,%(m/m),2025-09-18 08:00:00,重芳,延炼12万吨/年乙苯/苯乙烯装置
0.01,ST010132,%(m/m),2025-09-19 08:00:00,非  芳,延炼12万吨/年乙苯/苯乙烯装置
0.00,ST010132,%(m/m),2025-09-19 08:00:00,苯,延炼12万吨/年乙苯/苯乙烯装置
0.00,ST010132,%(m/m),2025-09-19 08:00:00,甲  苯,延炼12万吨/年乙苯/苯乙烯装置
0.01,ST010132,%(m/m),2025-09-19 08:00:00,乙  苯,延炼12万吨/年乙苯/苯乙烯装置
0.01,ST010132,%(m/m),2025-09-19 08:00:00,二甲苯,延炼12万吨/年乙苯/苯乙烯装置
5.78,ST010132,%(m/m),2025-09-19 08:00:00,异丙苯,延炼12万吨/年乙苯/苯乙烯装置
10.28,ST010132,%(m/m),2025-09-19 08:00:00,正丙苯,延炼12万吨/年乙苯/苯乙烯装置
1.08,ST010132,%(m/m),2025-09-19 08:00:00,甲乙苯,延炼12万吨/年乙苯/苯乙烯装置
2.50,ST010132,%(m/m),2025-09-19 08:00:00,丁苯,延炼12万吨/年乙苯/苯乙烯装置
70.90,ST010132,%(m/m),2025-09-19 08:00:00,二乙苯,延炼12万吨/年乙苯/苯乙烯装置
9.43,ST010132,%(m/m),2025-09-19 08:00:00,重芳,延炼12万吨/年乙苯/苯乙烯装置
0.01,ST010132,%(m/m),2025-09-20 08:00:00,非  芳,延炼12万吨/年乙苯/苯乙烯装置
0.00,ST010132,%(m/m),2025-09-20 08:00:00,苯,延炼12万吨/年乙苯/苯乙烯装置
0.00,ST010132,%(m/m),2025-09-20 08:00:00,甲  苯,延炼12万吨/年乙苯/苯乙烯装置
0.01,ST010132,%(m/m),2025-09-20 08:00:00,乙  苯,延炼12万吨/年乙苯/苯乙烯装置
0.03,ST010132,%(m/m),2025-09-20 08:00:00,二甲苯,延炼12万吨/年乙苯/苯乙烯装置
6.88,ST010132,%(m/m),2025-09-20 08:00:00,异丙苯,延炼12万吨/年乙苯/苯乙烯装置
10.45,ST010132,%(m/m),2025-09-20 08:00:00,正丙苯,延炼12万吨/年乙苯/苯乙烯装置
1.10,ST010132,%(m/m),2025-09-20 08:00:00,甲乙苯,延炼12万吨/年乙苯/苯乙烯装置
2.43,ST010132,%(m/m),2025-09-20 08:00:00,丁苯,延炼12万吨/年乙苯/苯乙烯装置
69.97,ST010132,%(m/m),2025-09-20 08:00:00,二乙苯,延炼12万吨/年乙苯/苯乙烯装置
9.14,ST010132,%(m/m),2025-09-20 08:00:00,重芳,延炼12万吨/年乙苯/苯乙烯装置
0.01,ST010132,%(m/m),2025-09-21 08:00:00,非  芳,延炼12万吨/年乙苯/苯乙烯装置
0.00,ST010132,%(m/m),2025-09-21 08:00:00,苯,延炼12万吨/年乙苯/苯乙烯装置
0.00,ST010132,%(m/m),2025-09-21 08:00:00,甲  苯,延炼12万吨/年乙苯/苯乙烯装置
0.01,ST010132,%(m/m),2025-09-21 08:00:00,乙  苯,延炼12万吨/年乙苯/苯乙烯装置
0.03,ST010132,%(m/m),2025-09-21 08:00:00,二甲苯,延炼12万吨/年乙苯/苯乙烯装置
6.94,ST010132,%(m/m),2025-09-21 08:00:00,异丙苯,延炼12万吨/年乙苯/苯乙烯装置
9.96,ST010132,%(m/m),2025-09-21 08:00:00,正丙苯,延炼12万吨/年乙苯/苯乙烯装置
1.07,ST010132,%(m/m),2025-09-21 08:00:00,甲乙苯,延炼12万吨/年乙苯/苯乙烯装置
2.43,ST010132,%(m/m),2025-09-21 08:00:00,丁苯,延炼12万吨/年乙苯/苯乙烯装置
70.43,ST010132,%(m/m),2025-09-21 08:00:00,二乙苯,延炼12万吨/年乙苯/苯乙烯装置
9.13,ST010132,%(m/m),2025-09-21 08:00:00,重芳,延炼12万吨/年乙苯/苯乙烯装置
0.01,ST010132,%(m/m),2025-09-22 08:00:00,非  芳,延炼12万吨/年乙苯/苯乙烯装置
0.00,ST010132,%(m/m),2025-09-22 08:00:00,苯,延炼12万吨/年乙苯/苯乙烯装置
0.00,ST010132,%(m/m),2025-09-22 08:00:00,甲  苯,延炼12万吨/年乙苯/苯乙烯装置
0.02,ST010132,%(m/m),2025-09-22 08:00:00,乙  苯,延炼12万吨/年乙苯/苯乙烯装置
0.03,ST010132,%(m/m),2025-09-22 08:00:00,二甲苯,延炼12万吨/年乙苯/苯乙烯装置
6.27,ST010132,%(m/m),2025-09-22 08:00:00,异丙苯,延炼12万吨/年乙苯/苯乙烯装置
9.42,ST010132,%(m/m),2025-09-22 08:00:00,正丙苯,延炼12万吨/年乙苯/苯乙烯装置
1.06,ST010132,%(m/m),2025-09-22 08:00:00,甲乙苯,延炼12万吨/年乙苯/苯乙烯装置
2.46,ST010132,%(m/m),2025-09-22 08:00:00,丁苯,延炼12万吨/年乙苯/苯乙烯装置
70.90,ST010132,%(m/m),2025-09-22 08:00:00,二乙苯,延炼12万吨/年乙苯/苯乙烯装置
9.83,ST010132,%(m/m),2025-09-22 08:00:00,重芳,延炼12万吨/年乙苯/苯乙烯装置
0.00,ST010132,%(m/m),2025-09-23 08:00:00,非  芳,延炼12万吨/年乙苯/苯乙烯装置
0.00,ST010132,%(m/m),2025-09-23 08:00:00,苯,延炼12万吨/年乙苯/苯乙烯装置
0.00,ST010132,%(m/m),2025-09-23 08:00:00,甲  苯,延炼12万吨/年乙苯/苯乙烯装置
0.01,ST010132,%(m/m),2025-09-23 08:00:00,乙  苯,延炼12万吨/年乙苯/苯乙烯装置
0.02,ST010132,%(m/m),2025-09-23 08:00:00,二甲苯,延炼12万吨/年乙苯/苯乙烯装置
5.67,ST010132,%(m/m),2025-09-23 08:00:00,异丙苯,延炼12万吨/年乙苯/苯乙烯装置
9.47,ST010132,%(m/m),2025-09-23 08:00:00,正丙苯,延炼12万吨/年乙苯/苯乙烯装置
1.10,ST010132,%(m/m),2025-09-23 08:00:00,甲乙苯,延炼12万吨/年乙苯/苯乙烯装置
2.51,ST010132,%(m/m),2025-09-23 08:00:00,丁苯,延炼12万吨/年乙苯/苯乙烯装置
71.50,ST010132,%(m/m),2025-09-23 08:00:00,二乙苯,延炼12万吨/年乙苯/苯乙烯装置
9.71,ST010132,%(m/m),2025-09-23 08:00:00,重芳,延炼12万吨/年乙苯/苯乙烯装置
0.01,ST010132,%(m/m),2025-09-24 08:00:00,非  芳,延炼12万吨/年乙苯/苯乙烯装置
0.01,ST010132,%(m/m),2025-09-24 08:00:00,苯,延炼12万吨/年乙苯/苯乙烯装置
0.00,ST010132,%(m/m),2025-09-24 08:00:00,甲  苯,延炼12万吨/年乙苯/苯乙烯装置
0.01,ST010132,%(m/m),2025-09-24 08:00:00,乙  苯,延炼12万吨/年乙苯/苯乙烯装置
0.03,ST010132,%(m/m),2025-09-24 08:00:00,二甲苯,延炼12万吨/年乙苯/苯乙烯装置
6.43,ST010132,%(m/m),2025-09-24 08:00:00,异丙苯,延炼12万吨/年乙苯/苯乙烯装置
9.71,ST010132,%(m/m),2025-09-24 08:00:00,正丙苯,延炼12万吨/年乙苯/苯乙烯装置
1.12,ST010132,%(m/m),2025-09-24 08:00:00,甲乙苯,延炼12万吨/年乙苯/苯乙烯装置
2.50,ST010132,%(m/m),2025-09-24 08:00:00,丁苯,延炼12万吨/年乙苯/苯乙烯装置
71.14,ST010132,%(m/m),2025-09-24 08:00:00,二乙苯,延炼12万吨/年乙苯/苯乙烯装置
9.04,ST010132,%(m/m),2025-09-24 08:00:00,重芳,延炼12万吨/年乙苯/苯乙烯装置
0.01,ST010132,%(m/m),2025-09-25 08:00:00,非  芳,延炼12万吨/年乙苯/苯乙烯装置
0.00,ST010132,%(m/m),2025-09-25 08:00:00,苯,延炼12万吨/年乙苯/苯乙烯装置
0.00,ST010132,%(m/m),2025-09-25 08:00:00,甲  苯,延炼12万吨/年乙苯/苯乙烯装置
0.01,ST010132,%(m/m),2025-09-25 08:00:00,乙  苯,延炼12万吨/年乙苯/苯乙烯装置
0.04,ST010132,%(m/m),2025-09-25 08:00:00,二甲苯,延炼12万吨/年乙苯/苯乙烯装置
6.95,ST010132,%(m/m),2025-09-25 08:00:00,异丙苯,延炼12万吨/年乙苯/苯乙烯装置
9.82,ST010132,%(m/m),2025-09-25 08:00:00,正丙苯,延炼12万吨/年乙苯/苯乙烯装置
1.12,ST010132,%(m/m),2025-09-25 08:00:00,甲乙苯,延炼12万吨/年乙苯/苯乙烯装置
2.49,ST010132,%(m/m),2025-09-25 08:00:00,丁苯,延炼12万吨/年乙苯/苯乙烯装置
70.28,ST010132,%(m/m),2025-09-25 08:00:00,二乙苯,延炼12万吨/年乙苯/苯乙烯装置
9.29,ST010132,%(m/m),2025-09-25 08:00:00,重芳,延炼12万吨/年乙苯/苯乙烯装置
0.01,ST010132,%(m/m),2025-09-26 08:00:00,非  芳,延炼12万吨/年乙苯/苯乙烯装置
0.01,ST010132,%(m/m),2025-09-26 08:00:00,苯,延炼12万吨/年乙苯/苯乙烯装置
0.00,ST010132,%(m/m),2025-09-26 08:00:00,甲  苯,延炼12万吨/年乙苯/苯乙烯装置
0.01,ST010132,%(m/m),2025-09-26 08:00:00,乙  苯,延炼12万吨/年乙苯/苯乙烯装置
0.04,ST010132,%(m/m),2025-09-26 08:00:00,二甲苯,延炼12万吨/年乙苯/苯乙烯装置
6.58,ST010132,%(m/m),2025-09-26 08:00:00,异丙苯,延炼12万吨/年乙苯/苯乙烯装置
9.38,ST010132,%(m/m),2025-09-26 08:00:00,正丙苯,延炼12万吨/年乙苯/苯乙烯装置
1.09,ST010132,%(m/m),2025-09-26 08:00:00,甲乙苯,延炼12万吨/年乙苯/苯乙烯装置
2.51,ST010132,%(m/m),2025-09-26 08:00:00,丁苯,延炼12万吨/年乙苯/苯乙烯装置
71.16,ST010132,%(m/m),2025-09-26 08:00:00,二乙苯,延炼12万吨/年乙苯/苯乙烯装置
9.22,ST010132,%(m/m),2025-09-26 08:00:00,重芳,延炼12万吨/年乙苯/苯乙烯装置
0.01,ST010132,%(m/m),2025-09-27 08:00:00,非  芳,延炼12万吨/年乙苯/苯乙烯装置
0.00,ST010132,%(m/m),2025-09-27 08:00:00,苯,延炼12万吨/年乙苯/苯乙烯装置
0.00,ST010132,%(m/m),2025-09-27 08:00:00,甲  苯,延炼12万吨/年乙苯/苯乙烯装置
0.02,ST010132,%(m/m),2025-09-27 08:00:00,乙  苯,延炼12万吨/年乙苯/苯乙烯装置
0.06,ST010132,%(m/m),2025-09-27 08:00:00,二甲苯,延炼12万吨/年乙苯/苯乙烯装置
7.02,ST010132,%(m/m),2025-09-27 08:00:00,异丙苯,延炼12万吨/年乙苯/苯乙烯装置
9.17,ST010132,%(m/m),2025-09-27 08:00:00,正丙苯,延炼12万吨/年乙苯/苯乙烯装置
1.06,ST010132,%(m/m),2025-09-27 08:00:00,甲乙苯,延炼12万吨/年乙苯/苯乙烯装置
2.43,ST010132,%(m/m),2025-09-27 08:00:00,丁苯,延炼12万吨/年乙苯/苯乙烯装置
71.27,ST010132,%(m/m),2025-09-27 08:00:00,二乙苯,延炼12万吨/年乙苯/苯乙烯装置
8.95,ST010132,%(m/m),2025-09-27 08:00:00,重芳,延炼12万吨/年乙苯/苯乙烯装置
0.01,ST010132,%(m/m),2025-09-28 08:00:00,非  芳,延炼12万吨/年乙苯/苯乙烯装置
0.01,ST010132,%(m/m),2025-09-28 08:00:00,苯,延炼12万吨/年乙苯/苯乙烯装置
0.00,ST010132,%(m/m),2025-09-28 08:00:00,甲  苯,延炼12万吨/年乙苯/苯乙烯装置
0.02,ST010132,%(m/m),2025-09-28 08:00:00,乙  苯,延炼12万吨/年乙苯/苯乙烯装置
0.05,ST010132,%(m/m),2025-09-28 08:00:00,二甲苯,延炼12万吨/年乙苯/苯乙烯装置
6.04,ST010132,%(m/m),2025-09-28 08:00:00,异丙苯,延炼12万吨/年乙苯/苯乙烯装置
8.32,ST010132,%(m/m),2025-09-28 08:00:00,正丙苯,延炼12万吨/年乙苯/苯乙烯装置
1.01,ST010132,%(m/m),2025-09-28 08:00:00,甲乙苯,延炼12万吨/年乙苯/苯乙烯装置
2.43,ST010132,%(m/m),2025-09-28 08:00:00,丁苯,延炼12万吨/年乙苯/苯乙烯装置
72.80,ST010132,%(m/m),2025-09-28 08:00:00,二乙苯,延炼12万吨/年乙苯/苯乙烯装置
9.32,ST010132,%(m/m),2025-09-28 08:00:00,重芳,延炼12万吨/年乙苯/苯乙烯装置
0.01,ST010132,%(m/m),2025-09-29 08:00:00,非  芳,延炼12万吨/年乙苯/苯乙烯装置
0.01,ST010132,%(m/m),2025-09-29 08:00:00,苯,延炼12万吨/年乙苯/苯乙烯装置
0.00,ST010132,%(m/m),2025-09-29 08:00:00,甲  苯,延炼12万吨/年乙苯/苯乙烯装置
0.05,ST010132,%(m/m),2025-09-29 08:00:00,乙  苯,延炼12万吨/年乙苯/苯乙烯装置
0.09,ST010132,%(m/m),2025-09-29 08:00:00,二甲苯,延炼12万吨/年乙苯/苯乙烯装置
7.18,ST010132,%(m/m),2025-09-29 08:00:00,异丙苯,延炼12万吨/年乙苯/苯乙烯装置
8.60,ST010132,%(m/m),2025-09-29 08:00:00,正丙苯,延炼12万吨/年乙苯/苯乙烯装置
0.99,ST010132,%(m/m),2025-09-29 08:00:00,甲乙苯,延炼12万吨/年乙苯/苯乙烯装置
2.39,ST010132,%(m/m),2025-09-29 08:00:00,丁苯,延炼12万吨/年乙苯/苯乙烯装置
71.32,ST010132,%(m/m),2025-09-29 08:00:00,二乙苯,延炼12万吨/年乙苯/苯乙烯装置
9.36,ST010132,%(m/m),2025-09-29 08:00:00,重芳,延炼12万吨/年乙苯/苯乙烯装置
0.01,ST010132,%(m/m),2025-09-30 08:00:00,非  芳,延炼12万吨/年乙苯/苯乙烯装置
0.01,ST010132,%(m/m),2025-09-30 08:00:00,苯,延炼12万吨/年乙苯/苯乙烯装置
0.00,ST010132,%(m/m),2025-09-30 08:00:00,甲  苯,延炼12万吨/年乙苯/苯乙烯装置
0.01,ST010132,%(m/m),2025-09-30 08:00:00,乙  苯,延炼12万吨/年乙苯/苯乙烯装置
0.17,ST010132,%(m/m),2025-09-30 08:00:00,二甲苯,延炼12万吨/年乙苯/苯乙烯装置
9.58,ST010132,%(m/m),2025-09-30 08:00:00,异丙苯,延炼12万吨/年乙苯/苯乙烯装置
11.37,ST010132,%(m/m),2025-09-30 08:00:00,正丙苯,延炼12万吨/年乙苯/苯乙烯装置
1.37,ST010132,%(m/m),2025-09-30 08:00:00,甲乙苯,延炼12万吨/年乙苯/苯乙烯装置
3.13,ST010132,%(m/m),2025-09-30 08:00:00,丁苯,延炼12万吨/年乙苯/苯乙烯装置
60.43,ST010132,%(m/m),2025-09-30 08:00:00,二乙苯,延炼12万吨/年乙苯/苯乙烯装置
13.92,ST010132,%(m/m),2025-09-30 08:00:00,重芳,延炼12万吨/年乙苯/苯乙烯装置
0.01,ST010132,%(m/m),2025-10-01 08:00:00,非  芳,延炼12万吨/年乙苯/苯乙烯装置
0.01,ST010132,%(m/m),2025-10-01 08:00:00,苯,延炼12万吨/年乙苯/苯乙烯装置
0.00,ST010132,%(m/m),2025-10-01 08:00:00,甲  苯,延炼12万吨/年乙苯/苯乙烯装置
0.20,ST010132,%(m/m),2025-10-01 08:00:00,乙  苯,延炼12万吨/年乙苯/苯乙烯装置
0.27,ST010132,%(m/m),2025-10-01 08:00:00,二甲苯,延炼12万吨/年乙苯/苯乙烯装置
7.92,ST010132,%(m/m),2025-10-01 08:00:00,异丙苯,延炼12万吨/年乙苯/苯乙烯装置
8.34,ST010132,%(m/m),2025-10-01 08:00:00,正丙苯,延炼12万吨/年乙苯/苯乙烯装置
1.09,ST010132,%(m/m),2025-10-01 08:00:00,甲乙苯,延炼12万吨/年乙苯/苯乙烯装置
2.37,ST010132,%(m/m),2025-10-01 08:00:00,丁苯,延炼12万吨/年乙苯/苯乙烯装置
69.94,ST010132,%(m/m),2025-10-01 08:00:00,二乙苯,延炼12万吨/年乙苯/苯乙烯装置
9.84,ST010132,%(m/m),2025-10-01 08:00:00,重芳,延炼12万吨/年乙苯/苯乙烯装置
0.02,ST010132,%(m/m),2025-10-02 08:00:00,非  芳,延炼12万吨/年乙苯/苯乙烯装置
0.01,ST010132,%(m/m),2025-10-02 08:00:00,苯,延炼12万吨/年乙苯/苯乙烯装置
0.00,ST010132,%(m/m),2025-10-02 08:00:00,甲  苯,延炼12万吨/年乙苯/苯乙烯装置
0.29,ST010132,%(m/m),2025-10-02 08:00:00,乙  苯,延炼12万吨/年乙苯/苯乙烯装置
0.30,ST010132,%(m/m),2025-10-02 08:00:00,二甲苯,延炼12万吨/年乙苯/苯乙烯装置
6.69,ST010132,%(m/m),2025-10-02 08:00:00,异丙苯,延炼12万吨/年乙苯/苯乙烯装置
7.54,ST010132,%(m/m),2025-10-02 08:00:00,正丙苯,延炼12万吨/年乙苯/苯乙烯装置
1.07,ST010132,%(m/m),2025-10-02 08:00:00,甲乙苯,延炼12万吨/年乙苯/苯乙烯装置
2.38,ST010132,%(m/m),2025-10-02 08:00:00,丁苯,延炼12万吨/年乙苯/苯乙烯装置
72.37,ST010132,%(m/m),2025-10-02 08:00:00,二乙苯,延炼12万吨/年乙苯/苯乙烯装置
9.35,ST010132,%(m/m),2025-10-02 08:00:00,重芳,延炼12万吨/年乙苯/苯乙烯装置
0.02,ST010132,%(m/m),2025-10-03 08:00:00,非  芳,延炼12万吨/年乙苯/苯乙烯装置
0.01,ST010132,%(m/m),2025-10-03 08:00:00,苯,延炼12万吨/年乙苯/苯乙烯装置
0.00,ST010132,%(m/m),2025-10-03 08:00:00,甲  苯,延炼12万吨/年乙苯/苯乙烯装置
0.28,ST010132,%(m/m),2025-10-03 08:00:00,乙  苯,延炼12万吨/年乙苯/苯乙烯装置
0.29,ST010132,%(m/m),2025-10-03 08:00:00,二甲苯,延炼12万吨/年乙苯/苯乙烯装置
6.61,ST010132,%(m/m),2025-10-03 08:00:00,异丙苯,延炼12万吨/年乙苯/苯乙烯装置
7.47,ST010132,%(m/m),2025-10-03 08:00:00,正丙苯,延炼12万吨/年乙苯/苯乙烯装置
1.06,ST010132,%(m/m),2025-10-03 08:00:00,甲乙苯,延炼12万吨/年乙苯/苯乙烯装置
2.37,ST010132,%(m/m),2025-10-03 08:00:00,丁苯,延炼12万吨/年乙苯/苯乙烯装置
72.38,ST010132,%(m/m),2025-10-03 08:00:00,二乙苯,延炼12万吨/年乙苯/苯乙烯装置
9.50,ST010132,%(m/m),2025-10-03 08:00:00,重芳,延炼12万吨/年乙苯/苯乙烯装置
0.02,ST010132,%(m/m),2025-10-04 08:00:00,非  芳,延炼12万吨/年乙苯/苯乙烯装置
0.02,ST010132,%(m/m),2025-10-04 08:00:00,苯,延炼12万吨/年乙苯/苯乙烯装置
0.01,ST010132,%(m/m),2025-10-04 08:00:00,甲  苯,延炼12万吨/年乙苯/苯乙烯装置
0.96,ST010132,%(m/m),2025-10-04 08:00:00,乙  苯,延炼12万吨/年乙苯/苯乙烯装置
0.47,ST010132,%(m/m),2025-10-04 08:00:00,二甲苯,延炼12万吨/年乙苯/苯乙烯装置
6.36,ST010132,%(m/m),2025-10-04 08:00:00,异丙苯,延炼12万吨/年乙苯/苯乙烯装置
7.60,ST010132,%(m/m),2025-10-04 08:00:00,正丙苯,延炼12万吨/年乙苯/苯乙烯装置
1.09,ST010132,%(m/m),2025-10-04 08:00:00,甲乙苯,延炼12万吨/年乙苯/苯乙烯装置
2.39,ST010132,%(m/m),2025-10-04 08:00:00,丁苯,延炼12万吨/年乙苯/苯乙烯装置
72.21,ST010132,%(m/m),2025-10-04 08:00:00,二乙苯,延炼12万吨/年乙苯/苯乙烯装置
8.87,ST010132,%(m/m),2025-10-04 08:00:00,重芳,延炼12万吨/年乙苯/苯乙烯装置
0.02,ST010132,%(m/m),2025-10-05 08:00:00,非  芳,延炼12万吨/年乙苯/苯乙烯装置
0.02,ST010132,%(m/m),2025-10-05 08:00:00,苯,延炼12万吨/年乙苯/苯乙烯装置
0.00,ST010132,%(m/m),2025-10-05 08:00:00,甲  苯,延炼12万吨/年乙苯/苯乙烯装置
0.95,ST010132,%(m/m),2025-10-05 08:00:00,乙  苯,延炼12万吨/年乙苯/苯乙烯装置
0.39,ST010132,%(m/m),2025-10-05 08:00:00,二甲苯,延炼12万吨/年乙苯/苯乙烯装置
5.51,ST010132,%(m/m),2025-10-05 08:00:00,异丙苯,延炼12万吨/年乙苯/苯乙烯装置
7.21,ST010132,%(m/m),2025-10-05 08:00:00,正丙苯,延炼12万吨/年乙苯/苯乙烯装置
1.07,ST010132,%(m/m),2025-10-05 08:00:00,甲乙苯,延炼12万吨/年乙苯/苯乙烯装置
2.42,ST010132,%(m/m),2025-10-05 08:00:00,丁苯,延炼12万吨/年乙苯/苯乙烯装置
73.74,ST010132,%(m/m),2025-10-05 08:00:00,二乙苯,延炼12万吨/年乙苯/苯乙烯装置
8.68,ST010132,%(m/m),2025-10-05 08:00:00,重芳,延炼12万吨/年乙苯/苯乙烯装置
0.01,ST010132,%(m/m),2025-10-06 08:00:00,非  芳,延炼12万吨/年乙苯/苯乙烯装置
0.01,ST010132,%(m/m),2025-10-06 08:00:00,苯,延炼12万吨/年乙苯/苯乙烯装置
0.00,ST010132,%(m/m),2025-10-06 08:00:00,甲  苯,延炼12万吨/年乙苯/苯乙烯装置
0.57,ST010132,%(m/m),2025-10-06 08:00:00,乙  苯,延炼12万吨/年乙苯/苯乙烯装置
0.26,ST010132,%(m/m),2025-10-06 08:00:00,二甲苯,延炼12万吨/年乙苯/苯乙烯装置
4.80,ST010132,%(m/m),2025-10-06 08:00:00,异丙苯,延炼12万吨/年乙苯/苯乙烯装置
7.00,ST010132,%(m/m),2025-10-06 08:00:00,正丙苯,延炼12万吨/年乙苯/苯乙烯装置
1.05,ST010132,%(m/m),2025-10-06 08:00:00,甲乙苯,延炼12万吨/年乙苯/苯乙烯装置
2.47,ST010132,%(m/m),2025-10-06 08:00:00,丁苯,延炼12万吨/年乙苯/苯乙烯装置
74.72,ST010132,%(m/m),2025-10-06 08:00:00,二乙苯,延炼12万吨/年乙苯/苯乙烯装置
9.11,ST010132,%(m/m),2025-10-06 08:00:00,重芳,延炼12万吨/年乙苯/苯乙烯装置
0.02,ST010132,%(m/m),2025-10-07 08:00:00,非  芳,延炼12万吨/年乙苯/苯乙烯装置
0.02,ST010132,%(m/m),2025-10-07 08:00:00,苯,延炼12万吨/年乙苯/苯乙烯装置
0.00,ST010132,%(m/m),2025-10-07 08:00:00,甲  苯,延炼12万吨/年乙苯/苯乙烯装置
0.51,ST010132,%(m/m),2025-10-07 08:00:00,乙  苯,延炼12万吨/年乙苯/苯乙烯装置
0.31,ST010132,%(m/m),2025-10-07 08:00:00,二甲苯,延炼12万吨/年乙苯/苯乙烯装置
6.18,ST010132,%(m/m),2025-10-07 08:00:00,异丙苯,延炼12万吨/年乙苯/苯乙烯装置
7.85,ST010132,%(m/m),2025-10-07 08:00:00,正丙苯,延炼12万吨/年乙苯/苯乙烯装置
1.18,ST010132,%(m/m),2025-10-07 08:00:00,甲乙苯,延炼12万吨/年乙苯/苯乙烯装置
2.57,ST010132,%(m/m),2025-10-07 08:00:00,丁苯,延炼12万吨/年乙苯/苯乙烯装置
72.60,ST010132,%(m/m),2025-10-07 08:00:00,二乙苯,延炼12万吨/年乙苯/苯乙烯装置
8.77,ST010132,%(m/m),2025-10-07 08:00:00,重芳,延炼12万吨/年乙苯/苯乙烯装置
0.01,ST010132,%(m/m),2025-10-08 08:00:00,非  芳,延炼12万吨/年乙苯/苯乙烯装置
0.01,ST010132,%(m/m),2025-10-08 08:00:00,苯,延炼12万吨/年乙苯/苯乙烯装置
0.00,ST010132,%(m/m),2025-10-08 08:00:00,甲  苯,延炼12万吨/年乙苯/苯乙烯装置
0.94,ST010132,%(m/m),2025-10-08 08:00:00,乙  苯,延炼12万吨/年乙苯/苯乙烯装置
0.26,ST010132,%(m/m),2025-10-08 08:00:00,二甲苯,延炼12万吨/年乙苯/苯乙烯装置
4.74,ST010132,%(m/m),2025-10-08 08:00:00,异丙苯,延炼12万吨/年乙苯/苯乙烯装置
6.87,ST010132,%(m/m),2025-10-08 08:00:00,正丙苯,延炼12万吨/年乙苯/苯乙烯装置
1.05,ST010132,%(m/m),2025-10-08 08:00:00,甲乙苯,延炼12万吨/年乙苯/苯乙烯装置
2.44,ST010132,%(m/m),2025-10-08 08:00:00,丁苯,延炼12万吨/年乙苯/苯乙烯装置
74.73,ST010132,%(m/m),2025-10-08 08:00:00,二乙苯,延炼12万吨/年乙苯/苯乙烯装置
8.92,ST010132,%(m/m),2025-10-08 08:00:00,重芳,延炼12万吨/年乙苯/苯乙烯装置
0.01,ST010132,%(m/m),2025-10-09 08:00:00,非  芳,延炼12万吨/年乙苯/苯乙烯装置
0.01,ST010132,%(m/m),2025-10-09 08:00:00,苯,延炼12万吨/年乙苯/苯乙烯装置
0.00,ST010132,%(m/m),2025-10-09 08:00:00,甲  苯,延炼12万吨/年乙苯/苯乙烯装置
1.02,ST010132,%(m/m),2025-10-09 08:00:00,乙  苯,延炼12万吨/年乙苯/苯乙烯装置
0.24,ST010132,%(m/m),2025-10-09 08:00:00,二甲苯,延炼12万吨/年乙苯/苯乙烯装置
4.64,ST010132,%(m/m),2025-10-09 08:00:00,异丙苯,延炼12万吨/年乙苯/苯乙烯装置
6.89,ST010132,%(m/m),2025-10-09 08:00:00,正丙苯,延炼12万吨/年乙苯/苯乙烯装置
1.07,ST010132,%(m/m),2025-10-09 08:00:00,甲乙苯,延炼12万吨/年乙苯/苯乙烯装置
2.44,ST010132,%(m/m),2025-10-09 08:00:00,丁苯,延炼12万吨/年乙苯/苯乙烯装置
74.59,ST010132,%(m/m),2025-10-09 08:00:00,二乙苯,延炼12万吨/年乙苯/苯乙烯装置
9.09,ST010132,%(m/m),2025-10-09 08:00:00,重芳,延炼12万吨/年乙苯/苯乙烯装置
0.01,ST010132,%(m/m),2025-10-10 08:00:00,非  芳,延炼12万吨/年乙苯/苯乙烯装置
0.01,ST010132,%(m/m),2025-10-10 08:00:00,苯,延炼12万吨/年乙苯/苯乙烯装置
0.00,ST010132,%(m/m),2025-10-10 08:00:00,甲  苯,延炼12万吨/年乙苯/苯乙烯装置
1.46,ST010132,%(m/m),2025-10-10 08:00:00,乙  苯,延炼12万吨/年乙苯/苯乙烯装置
0.27,ST010132,%(m/m),2025-10-10 08:00:00,二甲苯,延炼12万吨/年乙苯/苯乙烯装置
4.92,ST010132,%(m/m),2025-10-10 08:00:00,异丙苯,延炼12万吨/年乙苯/苯乙烯装置
7.05,ST010132,%(m/m),2025-10-10 08:00:00,正丙苯,延炼12万吨/年乙苯/苯乙烯装置
1.05,ST010132,%(m/m),2025-10-10 08:00:00,甲乙苯,延炼12万吨/年乙苯/苯乙烯装置
2.40,ST010132,%(m/m),2025-10-10 08:00:00,丁苯,延炼12万吨/年乙苯/苯乙烯装置
73.31,ST010132,%(m/m),2025-10-10 08:00:00,二乙苯,延炼12万吨/年乙苯/苯乙烯装置
9.52,ST010132,%(m/m),2025-10-10 08:00:00,重芳,延炼12万吨/年乙苯/苯乙烯装置
0.01,ST010132,%(m/m),2025-10-11 08:00:00,非  芳,延炼12万吨/年乙苯/苯乙烯装置
0.01,ST010132,%(m/m),2025-10-11 08:00:00,苯,延炼12万吨/年乙苯/苯乙烯装置
0.00,ST010132,%(m/m),2025-10-11 08:00:00,甲  苯,延炼12万吨/年乙苯/苯乙烯装置
1.68,ST010132,%(m/m),2025-10-11 08:00:00,乙  苯,延炼12万吨/年乙苯/苯乙烯装置
0.25,ST010132,%(m/m),2025-10-11 08:00:00,二甲苯,延炼12万吨/年乙苯/苯乙烯装置
4.68,ST010132,%(m/m),2025-10-11 08:00:00,异丙苯,延炼12万吨/年乙苯/苯乙烯装置
6.70,ST010132,%(m/m),2025-10-11 08:00:00,正丙苯,延炼12万吨/年乙苯/苯乙烯装置
1.07,ST010132,%(m/m),2025-10-11 08:00:00,甲乙苯,延炼12万吨/年乙苯/苯乙烯装置
2.45,ST010132,%(m/m),2025-10-11 08:00:00,丁苯,延炼12万吨/年乙苯/苯乙烯装置
74.14,ST010132,%(m/m),2025-10-11 08:00:00,二乙苯,延炼12万吨/年乙苯/苯乙烯装置
9.01,ST010132,%(m/m),2025-10-11 08:00:00,重芳,延炼12万吨/年乙苯/苯乙烯装置
0.01,ST010132,%(m/m),2025-10-12 08:00:00,非  芳,延炼12万吨/年乙苯/苯乙烯装置
0.01,ST010132,%(m/m),2025-10-12 08:00:00,苯,延炼12万吨/年乙苯/苯乙烯装置
0.00,ST010132,%(m/m),2025-10-12 08:00:00,甲  苯,延炼12万吨/年乙苯/苯乙烯装置
1.40,ST010132,%(m/m),2025-10-12 08:00:00,乙  苯,延炼12万吨/年乙苯/苯乙烯装置
0.33,ST010132,%(m/m),2025-10-12 08:00:00,二甲苯,延炼12万吨/年乙苯/苯乙烯装置
4.17,ST010132,%(m/m),2025-10-12 08:00:00,异丙苯,延炼12万吨/年乙苯/苯乙烯装置
6.39,ST010132,%(m/m),2025-10-12 08:00:00,正丙苯,延炼12万吨/年乙苯/苯乙烯装置
1.13,ST010132,%(m/m),2025-10-12 08:00:00,甲乙苯,延炼12万吨/年乙苯/苯乙烯装置
2.52,ST010132,%(m/m),2025-10-12 08:00:00,丁苯,延炼12万吨/年乙苯/苯乙烯装置
75.29,ST010132,%(m/m),2025-10-12 08:00:00,二乙苯,延炼12万吨/年乙苯/苯乙烯装置
8.75,ST010132,%(m/m),2025-10-12 08:00:00,重芳,延炼12万吨/年乙苯/苯乙烯装置
0.01,ST010132,%(m/m),2025-10-13 08:00:00,非  芳,延炼12万吨/年乙苯/苯乙烯装置
0.00,ST010132,%(m/m),2025-10-13 08:00:00,苯,延炼12万吨/年乙苯/苯乙烯装置
0.00,ST010132,%(m/m),2025-10-13 08:00:00,甲  苯,延炼12万吨/年乙苯/苯乙烯装置
2.38,ST010132,%(m/m),2025-10-13 08:00:00,乙  苯,延炼12万吨/年乙苯/苯乙烯装置
0.25,ST010132,%(m/m),2025-10-13 08:00:00,二甲苯,延炼12万吨/年乙苯/苯乙烯装置
4.49,ST010132,%(m/m),2025-10-13 08:00:00,异丙苯,延炼12万吨/年乙苯/苯乙烯装置
6.06,ST010132,%(m/m),2025-10-13 08:00:00,正丙苯,延炼12万吨/年乙苯/苯乙烯装置
1.09,ST010132,%(m/m),2025-10-13 08:00:00,甲乙苯,延炼12万吨/年乙苯/苯乙烯装置
2.48,ST010132,%(m/m),2025-10-13 08:00:00,丁苯,延炼12万吨/年乙苯/苯乙烯装置
74.79,ST010132,%(m/m),2025-10-13 08:00:00,二乙苯,延炼12万吨/年乙苯/苯乙烯装置
8.45,ST010132,%(m/m),2025-10-13 08:00:00,重芳,延炼12万吨/年乙苯/苯乙烯装置
0.01,ST010132,%(m/m),2025-10-14 08:00:00,非  芳,延炼12万吨/年乙苯/苯乙烯装置
0.00,ST010132,%(m/m),2025-10-14 08:00:00,苯,延炼12万吨/年乙苯/苯乙烯装置
0.00,ST010132,%(m/m),2025-10-14 08:00:00,甲  苯,延炼12万吨/年乙苯/苯乙烯装置
2.41,ST010132,%(m/m),2025-10-14 08:00:00,乙  苯,延炼12万吨/年乙苯/苯乙烯装置
0.24,ST010132,%(m/m),2025-10-14 08:00:00,二甲苯,延炼12万吨/年乙苯/苯乙烯装置
4.45,ST010132,%(m/m),2025-10-14 08:00:00,异丙苯,延炼12万吨/年乙苯/苯乙烯装置
6.13,ST010132,%(m/m),2025-10-14 08:00:00,正丙苯,延炼12万吨/年乙苯/苯乙烯装置
1.08,ST010132,%(m/m),2025-10-14 08:00:00,甲乙苯,延炼12万吨/年乙苯/苯乙烯装置
2.46,ST010132,%(m/m),2025-10-14 08:00:00,丁苯,延炼12万吨/年乙苯/苯乙烯装置
74.64,ST010132,%(m/m),2025-10-14 08:00:00,二乙苯,延炼12万吨/年乙苯/苯乙烯装置
8.58,ST010132,%(m/m),2025-10-14 08:00:00,重芳,延炼12万吨/年乙苯/苯乙烯装置
0.01,ST010132,%(m/m),2025-10-15 08:00:00,非  芳,延炼12万吨/年乙苯/苯乙烯装置
0.00,ST010132,%(m/m),2025-10-15 08:00:00,苯,延炼12万吨/年乙苯/苯乙烯装置
0.00,ST010132,%(m/m),2025-10-15 08:00:00,甲  苯,延炼12万吨/年乙苯/苯乙烯装置
1.66,ST010132,%(m/m),2025-10-15 08:00:00,乙  苯,延炼12万吨/年乙苯/苯乙烯装置
0.18,ST010132,%(m/m),2025-10-15 08:00:00,二甲苯,延炼12万吨/年乙苯/苯乙烯装置
4.32,ST010132,%(m/m),2025-10-15 08:00:00,异丙苯,延炼12万吨/年乙苯/苯乙烯装置
6.25,ST010132,%(m/m),2025-10-15 08:00:00,正丙苯,延炼12万吨/年乙苯/苯乙烯装置
1.12,ST010132,%(m/m),2025-10-15 08:00:00,甲乙苯,延炼12万吨/年乙苯/苯乙烯装置
2.46,ST010132,%(m/m),2025-10-15 08:00:00,丁苯,延炼12万吨/年乙苯/苯乙烯装置
75.05,ST010132,%(m/m),2025-10-15 08:00:00,二乙苯,延炼12万吨/年乙苯/苯乙烯装置
8.94,ST010132,%(m/m),2025-10-15 08:00:00,重芳,延炼12万吨/年乙苯/苯乙烯装置
0.01,ST010132,%(m/m),2025-10-16 08:00:00,非  芳,延炼12万吨/年乙苯/苯乙烯装置
0.00,ST010132,%(m/m),2025-10-16 08:00:00,苯,延炼12万吨/年乙苯/苯乙烯装置
0.00,ST010132,%(m/m),2025-10-16 08:00:00,甲  苯,延炼12万吨/年乙苯/苯乙烯装置
1.45,ST010132,%(m/m),2025-10-16 08:00:00,乙  苯,延炼12万吨/年乙苯/苯乙烯装置
0.17,ST010132,%(m/m),2025-10-16 08:00:00,二甲苯,延炼12万吨/年乙苯/苯乙烯装置
4.75,ST010132,%(m/m),2025-10-16 08:00:00,异丙苯,延炼12万吨/年乙苯/苯乙烯装置
7.05,ST010132,%(m/m),2025-10-16 08:00:00,正丙苯,延炼12万吨/年乙苯/苯乙烯装置
1.15,ST010132,%(m/m),2025-10-16 08:00:00,甲乙苯,延炼12万吨/年乙苯/苯乙烯装置
2.47,ST010132,%(m/m),2025-10-16 08:00:00,丁苯,延炼12万吨/年乙苯/苯乙烯装置
74.07,ST010132,%(m/m),2025-10-16 08:00:00,二乙苯,延炼12万吨/年乙苯/苯乙烯装置
8.88,ST010132,%(m/m),2025-10-16 08:00:00,重芳,延炼12万吨/年乙苯/苯乙烯装置
0.01,ST010132,%(m/m),2025-10-17 08:00:00,非  芳,延炼12万吨/年乙苯/苯乙烯装置
0.00,ST010132,%(m/m),2025-10-17 08:00:00,苯,延炼12万吨/年乙苯/苯乙烯装置
0.00,ST010132,%(m/m),2025-10-17 08:00:00,甲  苯,延炼12万吨/年乙苯/苯乙烯装置
0.88,ST010132,%(m/m),2025-10-17 08:00:00,乙  苯,延炼12万吨/年乙苯/苯乙烯装置
0.12,ST010132,%(m/m),2025-10-17 08:00:00,二甲苯,延炼12万吨/年乙苯/苯乙烯装置
4.51,ST010132,%(m/m),2025-10-17 08:00:00,异丙苯,延炼12万吨/年乙苯/苯乙烯装置
7.08,ST010132,%(m/m),2025-10-17 08:00:00,正丙苯,延炼12万吨/年乙苯/苯乙烯装置
1.16,ST010132,%(m/m),2025-10-17 08:00:00,甲乙苯,延炼12万吨/年乙苯/苯乙烯装置
2.52,ST010132,%(m/m),2025-10-17 08:00:00,丁苯,延炼12万吨/年乙苯/苯乙烯装置
74.67,ST010132,%(m/m),2025-10-17 08:00:00,二乙苯,延炼12万吨/年乙苯/苯乙烯装置
9.06,ST010132,%(m/m),2025-10-17 08:00:00,重芳,延炼12万吨/年乙苯/苯乙烯装置
0.01,ST010132,%(m/m),2025-10-18 08:00:00,非  芳,延炼12万吨/年乙苯/苯乙烯装置
0.00,ST010132,%(m/m),2025-10-18 08:00:00,苯,延炼12万吨/年乙苯/苯乙烯装置
0.00,ST010132,%(m/m),2025-10-18 08:00:00,甲  苯,延炼12万吨/年乙苯/苯乙烯装置
1.16,ST010132,%(m/m),2025-10-18 08:00:00,乙  苯,延炼12万吨/年乙苯/苯乙烯装置
0.15,ST010132,%(m/m),2025-10-18 08:00:00,二甲苯,延炼12万吨/年乙苯/苯乙烯装置
4.88,ST010132,%(m/m),2025-10-18 08:00:00,异丙苯,延炼12万吨/年乙苯/苯乙烯装置
7.05,ST010132,%(m/m),2025-10-18 08:00:00,正丙苯,延炼12万吨/年乙苯/苯乙烯装置
1.22,ST010132,%(m/m),2025-10-18 08:00:00,甲乙苯,延炼12万吨/年乙苯/苯乙烯装置
2.54,ST010132,%(m/m),2025-10-18 08:00:00,丁苯,延炼12万吨/年乙苯/苯乙烯装置
74.10,ST010132,%(m/m),2025-10-18 08:00:00,二乙苯,延炼12万吨/年乙苯/苯乙烯装置
8.90,ST010132,%(m/m),2025-10-18 08:00:00,重芳,延炼12万吨/年乙苯/苯乙烯装置
0.01,ST010132,%(m/m),2025-10-19 08:00:00,非  芳,延炼12万吨/年乙苯/苯乙烯装置
0.00,ST010132,%(m/m),2025-10-19 08:00:00,苯,延炼12万吨/年乙苯/苯乙烯装置
0.00,ST010132,%(m/m),2025-10-19 08:00:00,甲  苯,延炼12万吨/年乙苯/苯乙烯装置
0.99,ST010132,%(m/m),2025-10-19 08:00:00,乙  苯,延炼12万吨/年乙苯/苯乙烯装置
0.14,ST010132,%(m/m),2025-10-19 08:00:00,二甲苯,延炼12万吨/年乙苯/苯乙烯装置
4.70,ST010132,%(m/m),2025-10-19 08:00:00,异丙苯,延炼12万吨/年乙苯/苯乙烯装置
6.68,ST010132,%(m/m),2025-10-19 08:00:00,正丙苯,延炼12万吨/年乙苯/苯乙烯装置
1.26,ST010132,%(m/m),2025-10-19 08:00:00,甲乙苯,延炼12万吨/年乙苯/苯乙烯装置
2.56,ST010132,%(m/m),2025-10-19 08:00:00,丁苯,延炼12万吨/年乙苯/苯乙烯装置
74.91,ST010132,%(m/m),2025-10-19 08:00:00,二乙苯,延炼12万吨/年乙苯/苯乙烯装置
8.76,ST010132,%(m/m),2025-10-19 08:00:00,重芳,延炼12万吨/年乙苯/苯乙烯装置
0.01,ST010132,%(m/m),2025-10-20 08:00:00,非  芳,延炼12万吨/年乙苯/苯乙烯装置
0.01,ST010132,%(m/m),2025-10-20 08:00:00,苯,延炼12万吨/年乙苯/苯乙烯装置
0.00,ST010132,%(m/m),2025-10-20 08:00:00,甲  苯,延炼12万吨/年乙苯/苯乙烯装置
0.77,ST010132,%(m/m),2025-10-20 08:00:00,乙  苯,延炼12万吨/年乙苯/苯乙烯装置
0.11,ST010132,%(m/m),2025-10-20 08:00:00,二甲苯,延炼12万吨/年乙苯/苯乙烯装置
4.17,ST010132,%(m/m),2025-10-20 08:00:00,异丙苯,延炼12万吨/年乙苯/苯乙烯装置
6.10,ST010132,%(m/m),2025-10-20 08:00:00,正丙苯,延炼12万吨/年乙苯/苯乙烯装置
1.17,ST010132,%(m/m),2025-10-20 08:00:00,甲乙苯,延炼12万吨/年乙苯/苯乙烯装置
2.51,ST010132,%(m/m),2025-10-20 08:00:00,丁苯,延炼12万吨/年乙苯/苯乙烯装置
75.63,ST010132,%(m/m),2025-10-20 08:00:00,二乙苯,延炼12万吨/年乙苯/苯乙烯装置
9.52,ST010132,%(m/m),2025-10-20 08:00:00,重芳,延炼12万吨/年乙苯/苯乙烯装置
0.01,ST010132,%(m/m),2025-10-21 08:00:00,非  芳,延炼12万吨/年乙苯/苯乙烯装置
0.00,ST010132,%(m/m),2025-10-21 08:00:00,苯,延炼12万吨/年乙苯/苯乙烯装置
0.00,ST010132,%(m/m),2025-10-21 08:00:00,甲  苯,延炼12万吨/年乙苯/苯乙烯装置
1.01,ST010132,%(m/m),2025-10-21 08:00:00,乙  苯,延炼12万吨/年乙苯/苯乙烯装置
0.14,ST010132,%(m/m),2025-10-21 08:00:00,二甲苯,延炼12万吨/年乙苯/苯乙烯装置
4.43,ST010132,%(m/m),2025-10-21 08:00:00,异丙苯,延炼12万吨/年乙苯/苯乙烯装置
6.05,ST010132,%(m/m),2025-10-21 08:00:00,正丙苯,延炼12万吨/年乙苯/苯乙烯装置
1.20,ST010132,%(m/m),2025-10-21 08:00:00,甲乙苯,延炼12万吨/年乙苯/苯乙烯装置
2.49,ST010132,%(m/m),2025-10-21 08:00:00,丁苯,延炼12万吨/年乙苯/苯乙烯装置
76.15,ST010132,%(m/m),2025-10-21 08:00:00,二乙苯,延炼12万吨/年乙苯/苯乙烯装置
8.52,ST010132,%(m/m),2025-10-21 08:00:00,重芳,延炼12万吨/年乙苯/苯乙烯装置
0.01,ST010132,%(m/m),2025-10-22 08:00:00,非  芳,延炼12万吨/年乙苯/苯乙烯装置
0.05,ST010132,%(m/m),2025-10-22 08:00:00,苯,延炼12万吨/年乙苯/苯乙烯装置
0.00,ST010132,%(m/m),2025-10-22 08:00:00,甲  苯,延炼12万吨/年乙苯/苯乙烯装置
0.83,ST010132,%(m/m),2025-10-22 08:00:00,乙  苯,延炼12万吨/年乙苯/苯乙烯装置
0.11,ST010132,%(m/m),2025-10-22 08:00:00,二甲苯,延炼12万吨/年乙苯/苯乙烯装置
4.25,ST010132,%(m/m),2025-10-22 08:00:00,异丙苯,延炼12万吨/年乙苯/苯乙烯装置
6.77,ST010132,%(m/m),2025-10-22 08:00:00,正丙苯,延炼12万吨/年乙苯/苯乙烯装置
1.10,ST010132,%(m/m),2025-10-22 08:00:00,甲乙苯,延炼12万吨/年乙苯/苯乙烯装置
2.47,ST010132,%(m/m),2025-10-22 08:00:00,丁苯,延炼12万吨/年乙苯/苯乙烯装置
74.59,ST010132,%(m/m),2025-10-22 08:00:00,二乙苯,延炼12万吨/年乙苯/苯乙烯装置
9.82,ST010132,%(m/m),2025-10-22 08:00:00,重芳,延炼12万吨/年乙苯/苯乙烯装置
0.01,ST010132,%(m/m),2025-10-23 08:00:00,非  芳,延炼12万吨/年乙苯/苯乙烯装置
0.00,ST010132,%(m/m),2025-10-23 08:00:00,苯,延炼12万吨/年乙苯/苯乙烯装置
0.00,ST010132,%(m/m),2025-10-23 08:00:00,甲  苯,延炼12万吨/年乙苯/苯乙烯装置
1.40,ST010132,%(m/m),2025-10-23 08:00:00,乙  苯,延炼12万吨/年乙苯/苯乙烯装置
0.16,ST010132,%(m/m),2025-10-23 08:00:00,二甲苯,延炼12万吨/年乙苯/苯乙烯装置
4.26,ST010132,%(m/m),2025-10-23 08:00:00,异丙苯,延炼12万吨/年乙苯/苯乙烯装置
5.90,ST010132,%(m/m),2025-10-23 08:00:00,正丙苯,延炼12万吨/年乙苯/苯乙烯装置
1.13,ST010132,%(m/m),2025-10-23 08:00:00,甲乙苯,延炼12万吨/年乙苯/苯乙烯装置
2.27,ST010132,%(m/m),2025-10-23 08:00:00,丁苯,延炼12万吨/年乙苯/苯乙烯装置
75.73,ST010132,%(m/m),2025-10-23 08:00:00,二乙苯,延炼12万吨/年乙苯/苯乙烯装置
9.14,ST010132,%(m/m),2025-10-23 08:00:00,重芳,延炼12万吨/年乙苯/苯乙烯装置
0.01,ST010132,%(m/m),2025-10-24 08:00:00,非  芳,延炼12万吨/年乙苯/苯乙烯装置
0.00,ST010132,%(m/m),2025-10-24 08:00:00,苯,延炼12万吨/年乙苯/苯乙烯装置
0.00,ST010132,%(m/m),2025-10-24 08:00:00,甲  苯,延炼12万吨/年乙苯/苯乙烯装置
1.87,ST010132,%(m/m),2025-10-24 08:00:00,乙  苯,延炼12万吨/年乙苯/苯乙烯装置
0.19,ST010132,%(m/m),2025-10-24 08:00:00,二甲苯,延炼12万吨/年乙苯/苯乙烯装置
4.50,ST010132,%(m/m),2025-10-24 08:00:00,异丙苯,延炼12万吨/年乙苯/苯乙烯装置
6.07,ST010132,%(m/m),2025-10-24 08:00:00,正丙苯,延炼12万吨/年乙苯/苯乙烯装置
1.13,ST010132,%(m/m),2025-10-24 08:00:00,甲乙苯,延炼12万吨/年乙苯/苯乙烯装置
2.28,ST010132,%(m/m),2025-10-24 08:00:00,丁苯,延炼12万吨/年乙苯/苯乙烯装置
75.44,ST010132,%(m/m),2025-10-24 08:00:00,二乙苯,延炼12万吨/年乙苯/苯乙烯装置
8.51,ST010132,%(m/m),2025-10-24 08:00:00,重芳,延炼12万吨/年乙苯/苯乙烯装置
0.01,ST010132,%(m/m),2025-10-25 08:00:00,非  芳,延炼12万吨/年乙苯/苯乙烯装置
0.00,ST010132,%(m/m),2025-10-25 08:00:00,苯,延炼12万吨/年乙苯/苯乙烯装置
0.00,ST010132,%(m/m),2025-10-25 08:00:00,甲  苯,延炼12万吨/年乙苯/苯乙烯装置
2.04,ST010132,%(m/m),2025-10-25 08:00:00,乙  苯,延炼12万吨/年乙苯/苯乙烯装置
0.19,ST010132,%(m/m),2025-10-25 08:00:00,二甲苯,延炼12万吨/年乙苯/苯乙烯装置
4.14,ST010132,%(m/m),2025-10-25 08:00:00,异丙苯,延炼12万吨/年乙苯/苯乙烯装置
5.76,ST010132,%(m/m),2025-10-25 08:00:00,正丙苯,延炼12万吨/年乙苯/苯乙烯装置
1.05,ST010132,%(m/m),2025-10-25 08:00:00,甲乙苯,延炼12万吨/年乙苯/苯乙烯装置
2.23,ST010132,%(m/m),2025-10-25 08:00:00,丁苯,延炼12万吨/年乙苯/苯乙烯装置
76.15,ST010132,%(m/m),2025-10-25 08:00:00,二乙苯,延炼12万吨/年乙苯/苯乙烯装置
8.44,ST010132,%(m/m),2025-10-25 08:00:00,重芳,延炼12万吨/年乙苯/苯乙烯装置
0.01,ST010132,%(m/m),2025-10-26 08:00:00,非  芳,延炼12万吨/年乙苯/苯乙烯装置
0.00,ST010132,%(m/m),2025-10-26 08:00:00,苯,延炼12万吨/年乙苯/苯乙烯装置
0.00,ST010132,%(m/m),2025-10-26 08:00:00,甲  苯,延炼12万吨/年乙苯/苯乙烯装置
1.46,ST010132,%(m/m),2025-10-26 08:00:00,乙  苯,延炼12万吨/年乙苯/苯乙烯装置
0.15,ST010132,%(m/m),2025-10-26 08:00:00,二甲苯,延炼12万吨/年乙苯/苯乙烯装置
3.69,ST010132,%(m/m),2025-10-26 08:00:00,异丙苯,延炼12万吨/年乙苯/苯乙烯装置
5.45,ST010132,%(m/m),2025-10-26 08:00:00,正丙苯,延炼12万吨/年乙苯/苯乙烯装置
1.02,ST010132,%(m/m),2025-10-26 08:00:00,甲乙苯,延炼12万吨/年乙苯/苯乙烯装置
2.19,ST010132,%(m/m),2025-10-26 08:00:00,丁苯,延炼12万吨/年乙苯/苯乙烯装置
77.30,ST010132,%(m/m),2025-10-26 08:00:00,二乙苯,延炼12万吨/年乙苯/苯乙烯装置
8.74,ST010132,%(m/m),2025-10-26 08:00:00,重芳,延炼12万吨/年乙苯/苯乙烯装置
0.01,ST010132,%(m/m),2025-10-27 08:00:00,非  芳,延炼12万吨/年乙苯/苯乙烯装置
0.00,ST010132,%(m/m),2025-10-27 08:00:00,苯,延炼12万吨/年乙苯/苯乙烯装置
0.00,ST010132,%(m/m),2025-10-27 08:00:00,甲  苯,延炼12万吨/年乙苯/苯乙烯装置
1.54,ST010132,%(m/m),2025-10-27 08:00:00,乙  苯,延炼12万吨/年乙苯/苯乙烯装置
0.14,ST010132,%(m/m),2025-10-27 08:00:00,二甲苯,延炼12万吨/年乙苯/苯乙烯装置
3.77,ST010132,%(m/m),2025-10-27 08:00:00,异丙苯,延炼12万吨/年乙苯/苯乙烯装置
5.72,ST010132,%(m/m),2025-10-27 08:00:00,正丙苯,延炼12万吨/年乙苯/苯乙烯装置
1.03,ST010132,%(m/m),2025-10-27 08:00:00,甲乙苯,延炼12万吨/年乙苯/苯乙烯装置
2.19,ST010132,%(m/m),2025-10-27 08:00:00,丁苯,延炼12万吨/年乙苯/苯乙烯装置
77.12,ST010132,%(m/m),2025-10-27 08:00:00,二乙苯,延炼12万吨/年乙苯/苯乙烯装置
8.48,ST010132,%(m/m),2025-10-27 08:00:00,重芳,延炼12万吨/年乙苯/苯乙烯装置
0.01,ST010132,%(m/m),2025-10-28 08:00:00,非  芳,延炼12万吨/年乙苯/苯乙烯装置
0.00,ST010132,%(m/m),2025-10-28 08:00:00,苯,延炼12万吨/年乙苯/苯乙烯装置
0.00,ST010132,%(m/m),2025-10-28 08:00:00,甲  苯,延炼12万吨/年乙苯/苯乙烯装置
3.11,ST010132,%(m/m),2025-10-28 08:00:00,乙  苯,延炼12万吨/年乙苯/苯乙烯装置
0.22,ST010132,%(m/m),2025-10-28 08:00:00,二甲苯,延炼12万吨/年乙苯/苯乙烯装置
4.34,ST010132,%(m/m),2025-10-28 08:00:00,异丙苯,延炼12万吨/年乙苯/苯乙烯装置
5.96,ST010132,%(m/m),2025-10-28 08:00:00,正丙苯,延炼12万吨/年乙苯/苯乙烯装置
1.03,ST010132,%(m/m),2025-10-28 08:00:00,甲乙苯,延炼12万吨/年乙苯/苯乙烯装置
2.16,ST010132,%(m/m),2025-10-28 08:00:00,丁苯,延炼12万吨/年乙苯/苯乙烯装置
74.85,ST010132,%(m/m),2025-10-28 08:00:00,二乙苯,延炼12万吨/年乙苯/苯乙烯装置
8.31,ST010132,%(m/m),2025-10-28 08:00:00,重芳,延炼12万吨/年乙苯/苯乙烯装置
0.01,ST010132,%(m/m),2025-10-29 08:00:00,非  芳,延炼12万吨/年乙苯/苯乙烯装置
0.00,ST010132,%(m/m),2025-10-29 08:00:00,苯,延炼12万吨/年乙苯/苯乙烯装置
0.00,ST010132,%(m/m),2025-10-29 08:00:00,甲  苯,延炼12万吨/年乙苯/苯乙烯装置
2.51,ST010132,%(m/m),2025-10-29 08:00:00,乙  苯,延炼12万吨/年乙苯/苯乙烯装置
0.19,ST010132,%(m/m),2025-10-29 08:00:00,二甲苯,延炼12万吨/年乙苯/苯乙烯装置
4.11,ST010132,%(m/m),2025-10-29 08:00:00,异丙苯,延炼12万吨/年乙苯/苯乙烯装置
5.71,ST010132,%(m/m),2025-10-29 08:00:00,正丙苯,延炼12万吨/年乙苯/苯乙烯装置
1.07,ST010132,%(m/m),2025-10-29 08:00:00,甲乙苯,延炼12万吨/年乙苯/苯乙烯装置
2.21,ST010132,%(m/m),2025-10-29 08:00:00,丁苯,延炼12万吨/年乙苯/苯乙烯装置
76.01,ST010132,%(m/m),2025-10-29 08:00:00,二乙苯,延炼12万吨/年乙苯/苯乙烯装置
8.18,ST010132,%(m/m),2025-10-29 08:00:00,重芳,延炼12万吨/年乙苯/苯乙烯装置
0.01,ST010132,%(m/m),2025-10-30 08:00:00,非  芳,延炼12万吨/年乙苯/苯乙烯装置
0.00,ST010132,%(m/m),2025-10-30 08:00:00,苯,延炼12万吨/年乙苯/苯乙烯装置
0.00,ST010132,%(m/m),2025-10-30 08:00:00,甲  苯,延炼12万吨/年乙苯/苯乙烯装置
1.55,ST010132,%(m/m),2025-10-30 08:00:00,乙  苯,延炼12万吨/年乙苯/苯乙烯装置
0.14,ST010132,%(m/m),2025-10-30 08:00:00,二甲苯,延炼12万吨/年乙苯/苯乙烯装置
3.67,ST010132,%(m/m),2025-10-30 08:00:00,异丙苯,延炼12万吨/年乙苯/苯乙烯装置
5.43,ST010132,%(m/m),2025-10-30 08:00:00,正丙苯,延炼12万吨/年乙苯/苯乙烯装置
1.08,ST010132,%(m/m),2025-10-30 08:00:00,甲乙苯,延炼12万吨/年乙苯/苯乙烯装置
2.22,ST010132,%(m/m),2025-10-30 08:00:00,丁苯,延炼12万吨/年乙苯/苯乙烯装置
77.52,ST010132,%(m/m),2025-10-30 08:00:00,二乙苯,延炼12万吨/年乙苯/苯乙烯装置
8.39,ST010132,%(m/m),2025-10-30 08:00:00,重芳,延炼12万吨/年乙苯/苯乙烯装置
0.01,ST010132,%(m/m),2025-10-31 08:00:00,非  芳,延炼12万吨/年乙苯/苯乙烯装置
0.00,ST010132,%(m/m),2025-10-31 08:00:00,苯,延炼12万吨/年乙苯/苯乙烯装置
0.00,ST010132,%(m/m),2025-10-31 08:00:00,甲  苯,延炼12万吨/年乙苯/苯乙烯装置
1.00,ST010132,%(m/m),2025-10-31 08:00:00,乙  苯,延炼12万吨/年乙苯/苯乙烯装置
0.11,ST010132,%(m/m),2025-10-31 08:00:00,二甲苯,延炼12万吨/年乙苯/苯乙烯装置
3.68,ST010132,%(m/m),2025-10-31 08:00:00,异丙苯,延炼12万吨/年乙苯/苯乙烯装置
5.79,ST010132,%(m/m),2025-10-31 08:00:00,正丙苯,延炼12万吨/年乙苯/苯乙烯装置
1.14,ST010132,%(m/m),2025-10-31 08:00:00,甲乙苯,延炼12万吨/年乙苯/苯乙烯装置
2.26,ST010132,%(m/m),2025-10-31 08:00:00,丁苯,延炼12万吨/年乙苯/苯乙烯装置
77.46,ST010132,%(m/m),2025-10-31 08:00:00,二乙苯,延炼12万吨/年乙苯/苯乙烯装置
8.56,ST010132,%(m/m),2025-10-31 08:00:00,重芳,延炼12万吨/年乙苯/苯乙烯装置
0.01,ST010132,%(m/m),2025-11-01 08:00:00,非  芳,延炼12万吨/年乙苯/苯乙烯装置
0.00,ST010132,%(m/m),2025-11-01 08:00:00,苯,延炼12万吨/年乙苯/苯乙烯装置
0.00,ST010132,%(m/m),2025-11-01 08:00:00,甲  苯,延炼12万吨/年乙苯/苯乙烯装置
1.31,ST010132,%(m/m),2025-11-01 08:00:00,乙  苯,延炼12万吨/年乙苯/苯乙烯装置
0.13,ST010132,%(m/m),2025-11-01 08:00:00,二甲苯,延炼12万吨/年乙苯/苯乙烯装置
3.51,ST010132,%(m/m),2025-11-01 08:00:00,异丙苯,延炼12万吨/年乙苯/苯乙烯装置
5.43,ST010132,%(m/m),2025-11-01 08:00:00,正丙苯,延炼12万吨/年乙苯/苯乙烯装置
0.97,ST010132,%(m/m),2025-11-01 08:00:00,甲乙苯,延炼12万吨/年乙苯/苯乙烯装置
2.12,ST010132,%(m/m),2025-11-01 08:00:00,丁苯,延炼12万吨/年乙苯/苯乙烯装置
77.29,ST010132,%(m/m),2025-11-01 08:00:00,二乙苯,延炼12万吨/年乙苯/苯乙烯装置
9.23,ST010132,%(m/m),2025-11-01 08:00:00,重芳,延炼12万吨/年乙苯/苯乙烯装置
0.01,ST010132,%(m/m),2025-11-02 08:00:00,非  芳,延炼12万吨/年乙苯/苯乙烯装置
0.00,ST010132,%(m/m),2025-11-02 08:00:00,苯,延炼12万吨/年乙苯/苯乙烯装置
0.00,ST010132,%(m/m),2025-11-02 08:00:00,甲  苯,延炼12万吨/年乙苯/苯乙烯装置
1.81,ST010132,%(m/m),2025-11-02 08:00:00,乙  苯,延炼12万吨/年乙苯/苯乙烯装置
0.16,ST010132,%(m/m),2025-11-02 08:00:00,二甲苯,延炼12万吨/年乙苯/苯乙烯装置
4.84,ST010132,%(m/m),2025-11-02 08:00:00,异丙苯,延炼12万吨/年乙苯/苯乙烯装置
7.33,ST010132,%(m/m),2025-11-02 08:00:00,正丙苯,延炼12万吨/年乙苯/苯乙烯装置
1.05,ST010132,%(m/m),2025-11-02 08:00:00,甲乙苯,延炼12万吨/年乙苯/苯乙烯装置
2.19,ST010132,%(m/m),2025-11-02 08:00:00,丁苯,延炼12万吨/年乙苯/苯乙烯装置
74.19,ST010132,%(m/m),2025-11-02 08:00:00,二乙苯,延炼12万吨/年乙苯/苯乙烯装置
8.42,ST010132,%(m/m),2025-11-02 08:00:00,重芳,延炼12万吨/年乙苯/苯乙烯装置
0.01,ST010132,%(m/m),2025-11-03 08:00:00,非  芳,延炼12万吨/年乙苯/苯乙烯装置
0.00,ST010132,%(m/m),2025-11-03 08:00:00,苯,延炼12万吨/年乙苯/苯乙烯装置
0.00,ST010132,%(m/m),2025-11-03 08:00:00,甲  苯,延炼12万吨/年乙苯/苯乙烯装置
1.18,ST010132,%(m/m),2025-11-03 08:00:00,乙  苯,延炼12万吨/年乙苯/苯乙烯装置
0.12,ST010132,%(m/m),2025-11-03 08:00:00,二甲苯,延炼12万吨/年乙苯/苯乙烯装置
4.90,ST010132,%(m/m),2025-11-03 08:00:00,异丙苯,延炼12万吨/年乙苯/苯乙烯装置
7.86,ST010132,%(m/m),2025-11-03 08:00:00,正丙苯,延炼12万吨/年乙苯/苯乙烯装置
1.02,ST010132,%(m/m),2025-11-03 08:00:00,甲乙苯,延炼12万吨/年乙苯/苯乙烯装置
2.20,ST010132,%(m/m),2025-11-03 08:00:00,丁苯,延炼12万吨/年乙苯/苯乙烯装置
74.00,ST010132,%(m/m),2025-11-03 08:00:00,二乙苯,延炼12万吨/年乙苯/苯乙烯装置
8.71,ST010132,%(m/m),2025-11-03 08:00:00,重芳,延炼12万吨/年乙苯/苯乙烯装置
0.01,ST010132,%(m/m),2025-11-04 08:00:00,非  芳,延炼12万吨/年乙苯/苯乙烯装置
0.00,ST010132,%(m/m),2025-11-04 08:00:00,苯,延炼12万吨/年乙苯/苯乙烯装置
0.00,ST010132,%(m/m),2025-11-04 08:00:00,甲  苯,延炼12万吨/年乙苯/苯乙烯装置
1.20,ST010132,%(m/m),2025-11-04 08:00:00,乙  苯,延炼12万吨/年乙苯/苯乙烯装置
0.13,ST010132,%(m/m),2025-11-04 08:00:00,二甲苯,延炼12万吨/年乙苯/苯乙烯装置
5.73,ST010132,%(m/m),2025-11-04 08:00:00,异丙苯,延炼12万吨/年乙苯/苯乙烯装置
9.04,ST010132,%(m/m),2025-11-04 08:00:00,正丙苯,延炼12万吨/年乙苯/苯乙烯装置
1.06,ST010132,%(m/m),2025-11-04 08:00:00,甲乙苯,延炼12万吨/年乙苯/苯乙烯装置
2.23,ST010132,%(m/m),2025-11-04 08:00:00,丁苯,延炼12万吨/年乙苯/苯乙烯装置
71.96,ST010132,%(m/m),2025-11-04 08:00:00,二乙苯,延炼12万吨/年乙苯/苯乙烯装置
8.64,ST010132,%(m/m),2025-11-04 08:00:00,重芳,延炼12万吨/年乙苯/苯乙烯装置
0.01,ST010132,%(m/m),2025-11-05 08:00:00,非  芳,延炼12万吨/年乙苯/苯乙烯装置
0.00,ST010132,%(m/m),2025-11-05 08:00:00,苯,延炼12万吨/年乙苯/苯乙烯装置
0.00,ST010132,%(m/m),2025-11-05 08:00:00,甲  苯,延炼12万吨/年乙苯/苯乙烯装置
1.30,ST010132,%(m/m),2025-11-05 08:00:00,乙  苯,延炼12万吨/年乙苯/苯乙烯装置
0.14,ST010132,%(m/m),2025-11-05 08:00:00,二甲苯,延炼12万吨/年乙苯/苯乙烯装置
5.52,ST010132,%(m/m),2025-11-05 08:00:00,异丙苯,延炼12万吨/年乙苯/苯乙烯装置
8.28,ST010132,%(m/m),2025-11-05 08:00:00,正丙苯,延炼12万吨/年乙苯/苯乙烯装置
1.06,ST010132,%(m/m),2025-11-05 08:00:00,甲乙苯,延炼12万吨/年乙苯/苯乙烯装置
2.22,ST010132,%(m/m),2025-11-05 08:00:00,丁苯,延炼12万吨/年乙苯/苯乙烯装置
72.95,ST010132,%(m/m),2025-11-05 08:00:00,二乙苯,延炼12万吨/年乙苯/苯乙烯装置
8.52,ST010132,%(m/m),2025-11-05 08:00:00,重芳,延炼12万吨/年乙苯/苯乙烯装置
0.01,ST010132,%(m/m),2025-11-06 08:00:00,非  芳,延炼12万吨/年乙苯/苯乙烯装置
0.00,ST010132,%(m/m),2025-11-06 08:00:00,苯,延炼12万吨/年乙苯/苯乙烯装置
0.00,ST010132,%(m/m),2025-11-06 08:00:00,甲  苯,延炼12万吨/年乙苯/苯乙烯装置
1.64,ST010132,%(m/m),2025-11-06 08:00:00,乙  苯,延炼12万吨/年乙苯/苯乙烯装置
0.16,ST010132,%(m/m),2025-11-06 08:00:00,二甲苯,延炼12万吨/年乙苯/苯乙烯装置
5.38,ST010132,%(m/m),2025-11-06 08:00:00,异丙苯,延炼12万吨/年乙苯/苯乙烯装置
7.56,ST010132,%(m/m),2025-11-06 08:00:00,正丙苯,延炼12万吨/年乙苯/苯乙烯装置
1.07,ST010132,%(m/m),2025-11-06 08:00:00,甲乙苯,延炼12万吨/年乙苯/苯乙烯装置
2.21,ST010132,%(m/m),2025-11-06 08:00:00,丁苯,延炼12万吨/年乙苯/苯乙烯装置
73.44,ST010132,%(m/m),2025-11-06 08:00:00,二乙苯,延炼12万吨/年乙苯/苯乙烯装置
8.52,ST010132,%(m/m),2025-11-06 08:00:00,重芳,延炼12万吨/年乙苯/苯乙烯装置
0.01,ST010132,%(m/m),2025-11-07 08:00:00,非  芳,延炼12万吨/年乙苯/苯乙烯装置
0.00,ST010132,%(m/m),2025-11-07 08:00:00,苯,延炼12万吨/年乙苯/苯乙烯装置
0.00,ST010132,%(m/m),2025-11-07 08:00:00,甲  苯,延炼12万吨/年乙苯/苯乙烯装置
1.90,ST010132,%(m/m),2025-11-07 08:00:00,乙  苯,延炼12万吨/年乙苯/苯乙烯装置
0.19,ST010132,%(m/m),2025-11-07 08:00:00,二甲苯,延炼12万吨/年乙苯/苯乙烯装置
4.73,ST010132,%(m/m),2025-11-07 08:00:00,异丙苯,延炼12万吨/年乙苯/苯乙烯装置
6.54,ST010132,%(m/m),2025-11-07 08:00:00,正丙苯,延炼12万吨/年乙苯/苯乙烯装置
1.08,ST010132,%(m/m),2025-11-07 08:00:00,甲乙苯,延炼12万吨/年乙苯/苯乙烯装置
2.22,ST010132,%(m/m),2025-11-07 08:00:00,丁苯,延炼12万吨/年乙苯/苯乙烯装置
74.64,ST010132,%(m/m),2025-11-07 08:00:00,二乙苯,延炼12万吨/年乙苯/苯乙烯装置
8.69,ST010132,%(m/m),2025-11-07 08:00:00,重芳,延炼12万吨/年乙苯/苯乙烯装置
0.01,ST010132,%(m/m),2025-11-08 08:00:00,非  芳,延炼12万吨/年乙苯/苯乙烯装置
0.01,ST010132,%(m/m),2025-11-08 08:00:00,苯,延炼12万吨/年乙苯/苯乙烯装置
0.01,ST010132,%(m/m),2025-11-08 08:00:00,甲  苯,延炼12万吨/年乙苯/苯乙烯装置
3.22,ST010132,%(m/m),2025-11-08 08:00:00,乙  苯,延炼12万吨/年乙苯/苯乙烯装置
0.23,ST010132,%(m/m),2025-11-08 08:00:00,二甲苯,延炼12万吨/年乙苯/苯乙烯装置
4.82,ST010132,%(m/m),2025-11-08 08:00:00,异丙苯,延炼12万吨/年乙苯/苯乙烯装置
6.32,ST010132,%(m/m),2025-11-08 08:00:00,正丙苯,延炼12万吨/年乙苯/苯乙烯装置
1.07,ST010132,%(m/m),2025-11-08 08:00:00,甲乙苯,延炼12万吨/年乙苯/苯乙烯装置
2.17,ST010132,%(m/m),2025-11-08 08:00:00,丁苯,延炼12万吨/年乙苯/苯乙烯装置
73.43,ST010132,%(m/m),2025-11-08 08:00:00,二乙苯,延炼12万吨/年乙苯/苯乙烯装置
8.71,ST010132,%(m/m),2025-11-08 08:00:00,重芳,延炼12万吨/年乙苯/苯乙烯装置
0.01,ST010132,%(m/m),2025-11-09 08:00:00,非  芳,延炼12万吨/年乙苯/苯乙烯装置
0.01,ST010132,%(m/m),2025-11-09 08:00:00,苯,延炼12万吨/年乙苯/苯乙烯装置
0.00,ST010132,%(m/m),2025-11-09 08:00:00,甲  苯,延炼12万吨/年乙苯/苯乙烯装置
2.25,ST010132,%(m/m),2025-11-09 08:00:00,乙  苯,延炼12万吨/年乙苯/苯乙烯装置
0.18,ST010132,%(m/m),2025-11-09 08:00:00,二甲苯,延炼12万吨/年乙苯/苯乙烯装置
4.33,ST010132,%(m/m),2025-11-09 08:00:00,异丙苯,延炼12万吨/年乙苯/苯乙烯装置
6.14,ST010132,%(m/m),2025-11-09 08:00:00,正丙苯,延炼12万吨/年乙苯/苯乙烯装置
1.07,ST010132,%(m/m),2025-11-09 08:00:00,甲乙苯,延炼12万吨/年乙苯/苯乙烯装置
2.20,ST010132,%(m/m),2025-11-09 08:00:00,丁苯,延炼12万吨/年乙苯/苯乙烯装置
75.26,ST010132,%(m/m),2025-11-09 08:00:00,二乙苯,延炼12万吨/年乙苯/苯乙烯装置
8.55,ST010132,%(m/m),2025-11-09 08:00:00,重芳,延炼12万吨/年乙苯/苯乙烯装置
0.01,ST010132,%(m/m),2025-11-10 08:00:00,非  芳,延炼12万吨/年乙苯/苯乙烯装置
0.00,ST010132,%(m/m),2025-11-10 08:00:00,苯,延炼12万吨/年乙苯/苯乙烯装置
0.00,ST010132,%(m/m),2025-11-10 08:00:00,甲  苯,延炼12万吨/年乙苯/苯乙烯装置
3.70,ST010132,%(m/m),2025-11-10 08:00:00,乙  苯,延炼12万吨/年乙苯/苯乙烯装置
0.23,ST010132,%(m/m),2025-11-10 08:00:00,二甲苯,延炼12万吨/年乙苯/苯乙烯装置
4.49,ST010132,%(m/m),2025-11-10 08:00:00,异丙苯,延炼12万吨/年乙苯/苯乙烯装置
6.08,ST010132,%(m/m),2025-11-10 08:00:00,正丙苯,延炼12万吨/年乙苯/苯乙烯装置
1.06,ST010132,%(m/m),2025-11-10 08:00:00,甲乙苯,延炼12万吨/年乙苯/苯乙烯装置
2.24,ST010132,%(m/m),2025-11-10 08:00:00,丁苯,延炼12万吨/年乙苯/苯乙烯装置
74.07,ST010132,%(m/m),2025-11-10 08:00:00,二乙苯,延炼12万吨/年乙苯/苯乙烯装置
8.13,ST010132,%(m/m),2025-11-10 08:00:00,重芳,延炼12万吨/年乙苯/苯乙烯装置
0.01,ST010132,%(m/m),2025-11-11 08:00:00,非  芳,延炼12万吨/年乙苯/苯乙烯装置
0.00,ST010132,%(m/m),2025-11-11 08:00:00,苯,延炼12万吨/年乙苯/苯乙烯装置
0.01,ST010132,%(m/m),2025-11-11 08:00:00,甲  苯,延炼12万吨/年乙苯/苯乙烯装置
2.04,ST010132,%(m/m),2025-11-11 08:00:00,乙  苯,延炼12万吨/年乙苯/苯乙烯装置
0.15,ST010132,%(m/m),2025-11-11 08:00:00,二甲苯,延炼12万吨/年乙苯/苯乙烯装置
4.04,ST010132,%(m/m),2025-11-11 08:00:00,异丙苯,延炼12万吨/年乙苯/苯乙烯装置
5.87,ST010132,%(m/m),2025-11-11 08:00:00,正丙苯,延炼12万吨/年乙苯/苯乙烯装置
1.06,ST010132,%(m/m),2025-11-11 08:00:00,甲乙苯,延炼12万吨/年乙苯/苯乙烯装置
2.29,ST010132,%(m/m),2025-11-11 08:00:00,丁苯,延炼12万吨/年乙苯/苯乙烯装置
76.05,ST010132,%(m/m),2025-11-11 08:00:00,二乙苯,延炼12万吨/年乙苯/苯乙烯装置
8.48,ST010132,%(m/m),2025-11-11 08:00:00,重芳,延炼12万吨/年乙苯/苯乙烯装置
0.01,ST010132,%(m/m),2025-11-12 08:00:00,非  芳,延炼12万吨/年乙苯/苯乙烯装置
0.00,ST010132,%(m/m),2025-11-12 08:00:00,苯,延炼12万吨/年乙苯/苯乙烯装置
0.00,ST010132,%(m/m),2025-11-12 08:00:00,甲  苯,延炼12万吨/年乙苯/苯乙烯装置
2.93,ST010132,%(m/m),2025-11-12 08:00:00,乙  苯,延炼12万吨/年乙苯/苯乙烯装置
0.18,ST010132,%(m/m),2025-11-12 08:00:00,二甲苯,延炼12万吨/年乙苯/苯乙烯装置
4.20,ST010132,%(m/m),2025-11-12 08:00:00,异丙苯,延炼12万吨/年乙苯/苯乙烯装置
5.71,ST010132,%(m/m),2025-11-12 08:00:00,正丙苯,延炼12万吨/年乙苯/苯乙烯装置
1.07,ST010132,%(m/m),2025-11-12 08:00:00,甲乙苯,延炼12万吨/年乙苯/苯乙烯装置
2.29,ST010132,%(m/m),2025-11-12 08:00:00,丁苯,延炼12万吨/年乙苯/苯乙烯装置
75.51,ST010132,%(m/m),2025-11-12 08:00:00,二乙苯,延炼12万吨/年乙苯/苯乙烯装置
8.10,ST010132,%(m/m),2025-11-12 08:00:00,重芳,延炼12万吨/年乙苯/苯乙烯装置
0.01,ST010132,%(m/m),2025-11-13 08:00:00,非  芳,延炼12万吨/年乙苯/苯乙烯装置
0.00,ST010132,%(m/m),2025-11-13 08:00:00,苯,延炼12万吨/年乙苯/苯乙烯装置
0.00,ST010132,%(m/m),2025-11-13 08:00:00,甲  苯,延炼12万吨/年乙苯/苯乙烯装置
4.49,ST010132,%(m/m),2025-11-13 08:00:00,乙  苯,延炼12万吨/年乙苯/苯乙烯装置
0.23,ST010132,%(m/m),2025-11-13 08:00:00,二甲苯,延炼12万吨/年乙苯/苯乙烯装置
4.42,ST010132,%(m/m),2025-11-13 08:00:00,异丙苯,延炼12万吨/年乙苯/苯乙烯装置
5.65,ST010132,%(m/m),2025-11-13 08:00:00,正丙苯,延炼12万吨/年乙苯/苯乙烯装置
1.06,ST010132,%(m/m),2025-11-13 08:00:00,甲乙苯,延炼12万吨/年乙苯/苯乙烯装置
2.26,ST010132,%(m/m),2025-11-13 08:00:00,丁苯,延炼12万吨/年乙苯/苯乙烯装置
74.19,ST010132,%(m/m),2025-11-13 08:00:00,二乙苯,延炼12万吨/年乙苯/苯乙烯装置
7.70,ST010132,%(m/m),2025-11-13 08:00:00,重芳,延炼12万吨/年乙苯/苯乙烯装置
0.01,ST010132,%(m/m),2025-11-14 08:00:00,非  芳,延炼12万吨/年乙苯/苯乙烯装置
0.00,ST010132,%(m/m),2025-11-14 08:00:00,苯,延炼12万吨/年乙苯/苯乙烯装置
0.00,ST010132,%(m/m),2025-11-14 08:00:00,甲  苯,延炼12万吨/年乙苯/苯乙烯装置
2.09,ST010132,%(m/m),2025-11-14 08:00:00,乙  苯,延炼12万吨/年乙苯/苯乙烯装置
0.14,ST010132,%(m/m),2025-11-14 08:00:00,二甲苯,延炼12万吨/年乙苯/苯乙烯装置
3.69,ST010132,%(m/m),2025-11-14 08:00:00,异丙苯,延炼12万吨/年乙苯/苯乙烯装置
5.15,ST010132,%(m/m),2025-11-14 08:00:00,正丙苯,延炼12万吨/年乙苯/苯乙烯装置
1.00,ST010132,%(m/m),2025-11-14 08:00:00,甲乙苯,延炼12万吨/年乙苯/苯乙烯装置
2.31,ST010132,%(m/m),2025-11-14 08:00:00,丁苯,延炼12万吨/年乙苯/苯乙烯装置
77.65,ST010132,%(m/m),2025-11-14 08:00:00,二乙苯,延炼12万吨/年乙苯/苯乙烯装置
7.98,ST010132,%(m/m),2025-11-14 08:00:00,重芳,延炼12万吨/年乙苯/苯乙烯装置
0.01,ST010132,%(m/m),2025-11-15 08:00:00,非  芳,延炼12万吨/年乙苯/苯乙烯装置
0.00,ST010132,%(m/m),2025-11-15 08:00:00,苯,延炼12万吨/年乙苯/苯乙烯装置
0.00,ST010132,%(m/m),2025-11-15 08:00:00,甲  苯,延炼12万吨/年乙苯/苯乙烯装置
2.30,ST010132,%(m/m),2025-11-15 08:00:00,乙  苯,延炼12万吨/年乙苯/苯乙烯装置
0.16,ST010132,%(m/m),2025-11-15 08:00:00,二甲苯,延炼12万吨/年乙苯/苯乙烯装置
4.07,ST010132,%(m/m),2025-11-15 08:00:00,异丙苯,延炼12万吨/年乙苯/苯乙烯装置
5.68,ST010132,%(m/m),2025-11-15 08:00:00,正丙苯,延炼12万吨/年乙苯/苯乙烯装置
0.99,ST010132,%(m/m),2025-11-15 08:00:00,甲乙苯,延炼12万吨/年乙苯/苯乙烯装置
2.29,ST010132,%(m/m),2025-11-15 08:00:00,丁苯,延炼12万吨/年乙苯/苯乙烯装置
76.46,ST010132,%(m/m),2025-11-15 08:00:00,二乙苯,延炼12万吨/年乙苯/苯乙烯装置
8.03,ST010132,%(m/m),2025-11-15 08:00:00,重芳,延炼12万吨/年乙苯/苯乙烯装置
0.01,ST010132,%(m/m),2025-11-16 08:00:00,非  芳,延炼12万吨/年乙苯/苯乙烯装置
0.00,ST010132,%(m/m),2025-11-16 08:00:00,苯,延炼12万吨/年乙苯/苯乙烯装置
0.00,ST010132,%(m/m),2025-11-16 08:00:00,甲  苯,延炼12万吨/年乙苯/苯乙烯装置
2.23,ST010132,%(m/m),2025-11-16 08:00:00,乙  苯,延炼12万吨/年乙苯/苯乙烯装置
0.15,ST010132,%(m/m),2025-11-16 08:00:00,二甲苯,延炼12万吨/年乙苯/苯乙烯装置
4.52,ST010132,%(m/m),2025-11-16 08:00:00,异丙苯,延炼12万吨/年乙苯/苯乙烯装置
6.13,ST010132,%(m/m),2025-11-16 08:00:00,正丙苯,延炼12万吨/年乙苯/苯乙烯装置
1.04,ST010132,%(m/m),2025-11-16 08:00:00,甲乙苯,延炼12万吨/年乙苯/苯乙烯装置
2.26,ST010132,%(m/m),2025-11-16 08:00:00,丁苯,延炼12万吨/年乙苯/苯乙烯装置
75.97,ST010132,%(m/m),2025-11-16 08:00:00,二乙苯,延炼12万吨/年乙苯/苯乙烯装置
7.68,ST010132,%(m/m),2025-11-16 08:00:00,重芳,延炼12万吨/年乙苯/苯乙烯装置
0.01,ST010132,%(m/m),2025-11-17 08:00:00,非  芳,延炼12万吨/年乙苯/苯乙烯装置
0.00,ST010132,%(m/m),2025-11-17 08:00:00,苯,延炼12万吨/年乙苯/苯乙烯装置
0.00,ST010132,%(m/m),2025-11-17 08:00:00,甲  苯,延炼12万吨/年乙苯/苯乙烯装置
3.82,ST010132,%(m/m),2025-11-17 08:00:00,乙  苯,延炼12万吨/年乙苯/苯乙烯装置
0.22,ST010132,%(m/m),2025-11-17 08:00:00,二甲苯,延炼12万吨/年乙苯/苯乙烯装置
4.84,ST010132,%(m/m),2025-11-17 08:00:00,异丙苯,延炼12万吨/年乙苯/苯乙烯装置
6.12,ST010132,%(m/m),2025-11-17 08:00:00,正丙苯,延炼12万吨/年乙苯/苯乙烯装置
1.05,ST010132,%(m/m),2025-11-17 08:00:00,甲乙苯,延炼12万吨/年乙苯/苯乙烯装置
2.20,ST010132,%(m/m),2025-11-17 08:00:00,丁苯,延炼12万吨/年乙苯/苯乙烯装置
74.30,ST010132,%(m/m),2025-11-17 08:00:00,二乙苯,延炼12万吨/年乙苯/苯乙烯装置
7.46,ST010132,%(m/m),2025-11-17 08:00:00,重芳,延炼12万吨/年乙苯/苯乙烯装置
2.23,ST010132,%(m/m),2025-11-18 08:00:00,丁苯,延炼12万吨/年乙苯/苯乙烯装置
76.01,ST010132,%(m/m),2025-11-18 08:00:00,二乙苯,延炼12万吨/年乙苯/苯乙烯装置
7.94,ST010132,%(m/m),2025-11-18 08:00:00,重芳,延炼12万吨/年乙苯/苯乙烯装置
0.01,ST010132,%(m/m),2025-11-18 08:00:00,非  芳,延炼12万吨/年乙苯/苯乙烯装置
0.00,ST010132,%(m/m),2025-11-18 08:00:00,苯,延炼12万吨/年乙苯/苯乙烯装置
0.00,ST010132,%(m/m),2025-11-18 08:00:00,甲  苯,延炼12万吨/年乙苯/苯乙烯装置
1.77,ST010132,%(m/m),2025-11-18 08:00:00,乙  苯,延炼12万吨/年乙苯/苯乙烯装置
0.13,ST010132,%(m/m),2025-11-18 08:00:00,二甲苯,延炼12万吨/年乙苯/苯乙烯装置
4.51,ST010132,%(m/m),2025-11-18 08:00:00,异丙苯,延炼12万吨/年乙苯/苯乙烯装置
6.34,ST010132,%(m/m),2025-11-18 08:00:00,正丙苯,延炼12万吨/年乙苯/苯乙烯装置
1.07,ST010132,%(m/m),2025-11-18 08:00:00,甲乙苯,延炼12万吨/年乙苯/苯乙烯装置
0.01,ST010132,%(m/m),2025-11-19 08:00:00,非  芳,延炼12万吨/年乙苯/苯乙烯装置
0.00,ST010132,%(m/m),2025-11-19 08:00:00,苯,延炼12万吨/年乙苯/苯乙烯装置
0.00,ST010132,%(m/m),2025-11-19 08:00:00,甲  苯,延炼12万吨/年乙苯/苯乙烯装置
1.50,ST010132,%(m/m),2025-11-19 08:00:00,乙  苯,延炼12万吨/年乙苯/苯乙烯装置
0.12,ST010132,%(m/m),2025-11-19 08:00:00,二甲苯,延炼12万吨/年乙苯/苯乙烯装置
4.86,ST010132,%(m/m),2025-11-19 08:00:00,异丙苯,延炼12万吨/年乙苯/苯乙烯装置
7.20,ST010132,%(m/m),2025-11-19 08:00:00,正丙苯,延炼12万吨/年乙苯/苯乙烯装置
1.04,ST010132,%(m/m),2025-11-19 08:00:00,甲乙苯,延炼12万吨/年乙苯/苯乙烯装置
2.23,ST010132,%(m/m),2025-11-19 08:00:00,丁苯,延炼12万吨/年乙苯/苯乙烯装置
74.66,ST010132,%(m/m),2025-11-19 08:00:00,二乙苯,延炼12万吨/年乙苯/苯乙烯装置
8.38,ST010132,%(m/m),2025-11-19 08:00:00,重芳,延炼12万吨/年乙苯/苯乙烯装置
0.01,ST010132,%(m/m),2025-11-20 08:00:00,非  芳,延炼12万吨/年乙苯/苯乙烯装置
0.00,ST010132,%(m/m),2025-11-20 08:00:00,苯,延炼12万吨/年乙苯/苯乙烯装置
0.00,ST010132,%(m/m),2025-11-20 08:00:00,甲  苯,延炼12万吨/年乙苯/苯乙烯装置
1.50,ST010132,%(m/m),2025-11-20 08:00:00,乙  苯,延炼12万吨/年乙苯/苯乙烯装置
0.06,ST010132,%(m/m),2025-11-20 08:00:00,二甲苯,延炼12万吨/年乙苯/苯乙烯装置
4.91,ST010132,%(m/m),2025-11-20 08:00:00,异丙苯,延炼12万吨/年乙苯/苯乙烯装置
8.47,ST010132,%(m/m),2025-11-20 08:00:00,正丙苯,延炼12万吨/年乙苯/苯乙烯装置
1.00,ST010132,%(m/m),2025-11-20 08:00:00,甲乙苯,延炼12万吨/年乙苯/苯乙烯装置
2.21,ST010132,%(m/m),2025-11-20 08:00:00,丁苯,延炼12万吨/年乙苯/苯乙烯装置
73.65,ST010132,%(m/m),2025-11-20 08:00:00,二乙苯,延炼12万吨/年乙苯/苯乙烯装置
8.19,ST010132,%(m/m),2025-11-20 08:00:00,重芳,延炼12万吨/年乙苯/苯乙烯装置
8.66,ST010132,%(m/m),2025-11-21 08:00:00,重芳,延炼12万吨/年乙苯/苯乙烯装置
0.01,ST010132,%(m/m),2025-11-21 08:00:00,非  芳,延炼12万吨/年乙苯/苯乙烯装置
0.00,ST010132,%(m/m),2025-11-21 08:00:00,苯,延炼12万吨/年乙苯/苯乙烯装置
0.00,ST010132,%(m/m),2025-11-21 08:00:00,甲  苯,延炼12万吨/年乙苯/苯乙烯装置
0.92,ST010132,%(m/m),2025-11-21 08:00:00,乙  苯,延炼12万吨/年乙苯/苯乙烯装置
0.10,ST010132,%(m/m),2025-11-21 08:00:00,二甲苯,延炼12万吨/年乙苯/苯乙烯装置
6.07,ST010132,%(m/m),2025-11-21 08:00:00,异丙苯,延炼12万吨/年乙苯/苯乙烯装置
8.83,ST010132,%(m/m),2025-11-21 08:00:00,正丙苯,延炼12万吨/年乙苯/苯乙烯装置
1.02,ST010132,%(m/m),2025-11-21 08:00:00,甲乙苯,延炼12万吨/年乙苯/苯乙烯装置
2.16,ST010132,%(m/m),2025-11-21 08:00:00,丁苯,延炼12万吨/年乙苯/苯乙烯装置
72.22,ST010132,%(m/m),2025-11-21 08:00:00,二乙苯,延炼12万吨/年乙苯/苯乙烯装置
0.01,ST010132,%(m/m),2025-11-22 08:00:00,非  芳,延炼12万吨/年乙苯/苯乙烯装置
0.00,ST010132,%(m/m),2025-11-22 08:00:00,苯,延炼12万吨/年乙苯/苯乙烯装置
0.00,ST010132,%(m/m),2025-11-22 08:00:00,甲  苯,延炼12万吨/年乙苯/苯乙烯装置
1.00,ST010132,%(m/m),2025-11-22 08:00:00,乙  苯,延炼12万吨/年乙苯/苯乙烯装置
0.11,ST010132,%(m/m),2025-11-22 08:00:00,二甲苯,延炼12万吨/年乙苯/苯乙烯装置
5.79,ST010132,%(m/m),2025-11-22 08:00:00,异丙苯,延炼12万吨/年乙苯/苯乙烯装置
8.15,ST010132,%(m/m),2025-11-22 08:00:00,正丙苯,延炼12万吨/年乙苯/苯乙烯装置
1.09,ST010132,%(m/m),2025-11-22 08:00:00,甲乙苯,延炼12万吨/年乙苯/苯乙烯装置
2.39,ST010132,%(m/m),2025-11-22 08:00:00,丁苯,延炼12万吨/年乙苯/苯乙烯装置
72.32,ST010132,%(m/m),2025-11-22 08:00:00,二乙苯,延炼12万吨/年乙苯/苯乙烯装置
9.14,ST010132,%(m/m),2025-11-22 08:00:00,重芳,延炼12万吨/年乙苯/苯乙烯装置
0.01,ST010132,%(m/m),2025-11-23 08:00:00,非  芳,延炼12万吨/年乙苯/苯乙烯装置
0.00,ST010132,%(m/m),2025-11-23 08:00:00,苯,延炼12万吨/年乙苯/苯乙烯装置
0.01,ST010132,%(m/m),2025-11-23 08:00:00,甲  苯,延炼12万吨/年乙苯/苯乙烯装置
2.31,ST010132,%(m/m),2025-11-23 08:00:00,乙  苯,延炼12万吨/年乙苯/苯乙烯装置
0.19,ST010132,%(m/m),2025-11-23 08:00:00,二甲苯,延炼12万吨/年乙苯/苯乙烯装置
5.44,ST010132,%(m/m),2025-11-23 08:00:00,异丙苯,延炼12万吨/年乙苯/苯乙烯装置
6.58,ST010132,%(m/m),2025-11-23 08:00:00,正丙苯,延炼12万吨/年乙苯/苯乙烯装置
1.04,ST010132,%(m/m),2025-11-23 08:00:00,甲乙苯,延炼12万吨/年乙苯/苯乙烯装置
2.17,ST010132,%(m/m),2025-11-23 08:00:00,丁苯,延炼12万吨/年乙苯/苯乙烯装置
74.32,ST010132,%(m/m),2025-11-23 08:00:00,二乙苯,延炼12万吨/年乙苯/苯乙烯装置
7.93,ST010132,%(m/m),2025-11-23 08:00:00,重芳,延炼12万吨/年乙苯/苯乙烯装置
0.01,ST010132,%(m/m),2025-11-24 08:00:00,非  芳,延炼12万吨/年乙苯/苯乙烯装置
0.01,ST010132,%(m/m),2025-11-24 08:00:00,苯,延炼12万吨/年乙苯/苯乙烯装置
0.01,ST010132,%(m/m),2025-11-24 08:00:00,甲  苯,延炼12万吨/年乙苯/苯乙烯装置
3.23,ST010132,%(m/m),2025-11-24 08:00:00,乙  苯,延炼12万吨/年乙苯/苯乙烯装置
0.22,ST010132,%(m/m),2025-11-24 08:00:00,二甲苯,延炼12万吨/年乙苯/苯乙烯装置
4.81,ST010132,%(m/m),2025-11-24 08:00:00,异丙苯,延炼12万吨/年乙苯/苯乙烯装置
5.68,ST010132,%(m/m),2025-11-24 08:00:00,正丙苯,延炼12万吨/年乙苯/苯乙烯装置
1.01,ST010132,%(m/m),2025-11-24 08:00:00,甲乙苯,延炼12万吨/年乙苯/苯乙烯装置
2.16,ST010132,%(m/m),2025-11-24 08:00:00,丁苯,延炼12万吨/年乙苯/苯乙烯装置
74.92,ST010132,%(m/m),2025-11-24 08:00:00,二乙苯,延炼12万吨/年乙苯/苯乙烯装置
7.94,ST010132,%(m/m),2025-11-24 08:00:00,重芳,延炼12万吨/年乙苯/苯乙烯装置
0.01,ST010132,%(m/m),2025-11-25 08:00:00,非  芳,延炼12万吨/年乙苯/苯乙烯装置
0.00,ST010132,%(m/m),2025-11-25 08:00:00,苯,延炼12万吨/年乙苯/苯乙烯装置
0.00,ST010132,%(m/m),2025-11-25 08:00:00,甲  苯,延炼12万吨/年乙苯/苯乙烯装置
3.37,ST010132,%(m/m),2025-11-25 08:00:00,乙  苯,延炼12万吨/年乙苯/苯乙烯装置
0.21,ST010132,%(m/m),2025-11-25 08:00:00,二甲苯,延炼12万吨/年乙苯/苯乙烯装置
4.11,ST010132,%(m/m),2025-11-25 08:00:00,异丙苯,延炼12万吨/年乙苯/苯乙烯装置
5.10,ST010132,%(m/m),2025-11-25 08:00:00,正丙苯,延炼12万吨/年乙苯/苯乙烯装置
0.97,ST010132,%(m/m),2025-11-25 08:00:00,甲乙苯,延炼12万吨/年乙苯/苯乙烯装置
2.14,ST010132,%(m/m),2025-11-25 08:00:00,丁苯,延炼12万吨/年乙苯/苯乙烯装置
75.78,ST010132,%(m/m),2025-11-25 08:00:00,二乙苯,延炼12万吨/年乙苯/苯乙烯装置
8.32,ST010132,%(m/m),2025-11-25 08:00:00,重芳,延炼12万吨/年乙苯/苯乙烯装置
0.01,ST010132,%(m/m),2025-11-26 08:00:00,非  芳,延炼12万吨/年乙苯/苯乙烯装置
0.00,ST010132,%(m/m),2025-11-26 08:00:00,苯,延炼12万吨/年乙苯/苯乙烯装置
0.01,ST010132,%(m/m),2025-11-26 08:00:00,甲  苯,延炼12万吨/年乙苯/苯乙烯装置
2.50,ST010132,%(m/m),2025-11-26 08:00:00,乙  苯,延炼12万吨/年乙苯/苯乙烯装置
0.17,ST010132,%(m/m),2025-11-26 08:00:00,二甲苯,延炼12万吨/年乙苯/苯乙烯装置
4.12,ST010132,%(m/m),2025-11-26 08:00:00,异丙苯,延炼12万吨/年乙苯/苯乙烯装置
5.63,ST010132,%(m/m),2025-11-26 08:00:00,正丙苯,延炼12万吨/年乙苯/苯乙烯装置
1.03,ST010132,%(m/m),2025-11-26 08:00:00,甲乙苯,延炼12万吨/年乙苯/苯乙烯装置
2.16,ST010132,%(m/m),2025-11-26 08:00:00,丁苯,延炼12万吨/年乙苯/苯乙烯装置
76.56,ST010132,%(m/m),2025-11-26 08:00:00,二乙苯,延炼12万吨/年乙苯/苯乙烯装置
7.83,ST010132,%(m/m),2025-11-26 08:00:00,重芳,延炼12万吨/年乙苯/苯乙烯装置
0.00,ST010132,%(m/m),2025-11-27 08:00:00,非  芳,延炼12万吨/年乙苯/苯乙烯装置
0.00,ST010132,%(m/m),2025-11-27 08:00:00,苯,延炼12万吨/年乙苯/苯乙烯装置
0.00,ST010132,%(m/m),2025-11-27 08:00:00,甲  苯,延炼12万吨/年乙苯/苯乙烯装置
1.16,ST010132,%(m/m),2025-11-27 08:00:00,乙  苯,延炼12万吨/年乙苯/苯乙烯装置
0.11,ST010132,%(m/m),2025-11-27 08:00:00,二甲苯,延炼12万吨/年乙苯/苯乙烯装置
5.14,ST010132,%(m/m),2025-11-27 08:00:00,异丙苯,延炼12万吨/年乙苯/苯乙烯装置
8.23,ST010132,%(m/m),2025-11-27 08:00:00,正丙苯,延炼12万吨/年乙苯/苯乙烯装置
1.01,ST010132,%(m/m),2025-11-27 08:00:00,甲乙苯,延炼12万吨/年乙苯/苯乙烯装置
2.21,ST010132,%(m/m),2025-11-27 08:00:00,丁苯,延炼12万吨/年乙苯/苯乙烯装置
73.74,ST010132,%(m/m),2025-11-27 08:00:00,二乙苯,延炼12万吨/年乙苯/苯乙烯装置
8.39,ST010132,%(m/m),2025-11-27 08:00:00,重芳,延炼12万吨/年乙苯/苯乙烯装置
0.01,ST010132,%(m/m),2025-11-28 08:00:00,非  芳,延炼12万吨/年乙苯/苯乙烯装置
0.00,ST010132,%(m/m),2025-11-28 08:00:00,苯,延炼12万吨/年乙苯/苯乙烯装置
0.00,ST010132,%(m/m),2025-11-28 08:00:00,甲  苯,延炼12万吨/年乙苯/苯乙烯装置
1.20,ST010132,%(m/m),2025-11-28 08:00:00,乙  苯,延炼12万吨/年乙苯/苯乙烯装置
0.12,ST010132,%(m/m),2025-11-28 08:00:00,二甲苯,延炼12万吨/年乙苯/苯乙烯装置
6.03,ST010132,%(m/m),2025-11-28 08:00:00,异丙苯,延炼12万吨/年乙苯/苯乙烯装置
9.18,ST010132,%(m/m),2025-11-28 08:00:00,正丙苯,延炼12万吨/年乙苯/苯乙烯装置
1.02,ST010132,%(m/m),2025-11-28 08:00:00,甲乙苯,延炼12万吨/年乙苯/苯乙烯装置
2.21,ST010132,%(m/m),2025-11-28 08:00:00,丁苯,延炼12万吨/年乙苯/苯乙烯装置
71.97,ST010132,%(m/m),2025-11-28 08:00:00,二乙苯,延炼12万吨/年乙苯/苯乙烯装置
8.24,ST010132,%(m/m),2025-11-28 08:00:00,重芳,延炼12万吨/年乙苯/苯乙烯装置
0.01,ST010132,%(m/m),2025-11-29 08:00:00,非  芳,延炼12万吨/年乙苯/苯乙烯装置
0.01,ST010132,%(m/m),2025-11-29 08:00:00,苯,延炼12万吨/年乙苯/苯乙烯装置
0.00,ST010132,%(m/m),2025-11-29 08:00:00,甲  苯,延炼12万吨/年乙苯/苯乙烯装置
0.87,ST010132,%(m/m),2025-11-29 08:00:00,乙  苯,延炼12万吨/年乙苯/苯乙烯装置
0.10,ST010132,%(m/m),2025-11-29 08:00:00,二甲苯,延炼12万吨/年乙苯/苯乙烯装置
5.53,ST010132,%(m/m),2025-11-29 08:00:00,异丙苯,延炼12万吨/年乙苯/苯乙烯装置
8.40,ST010132,%(m/m),2025-11-29 08:00:00,正丙苯,延炼12万吨/年乙苯/苯乙烯装置
0.94,ST010132,%(m/m),2025-11-29 08:00:00,甲乙苯,延炼12万吨/年乙苯/苯乙烯装置
2.17,ST010132,%(m/m),2025-11-29 08:00:00,丁苯,延炼12万吨/年乙苯/苯乙烯装置
73.74,ST010132,%(m/m),2025-11-29 08:00:00,二乙苯,延炼12万吨/年乙苯/苯乙烯装置
8.23,ST010132,%(m/m),2025-11-29 08:00:00,重芳,延炼12万吨/年乙苯/苯乙烯装置
0.01,ST010132,%(m/m),2025-11-30 08:00:00,非  芳,延炼12万吨/年乙苯/苯乙烯装置
0.01,ST010132,%(m/m),2025-11-30 08:00:00,苯,延炼12万吨/年乙苯/苯乙烯装置
0.01,ST010132,%(m/m),2025-11-30 08:00:00,甲  苯,延炼12万吨/年乙苯/苯乙烯装置
1.25,ST010132,%(m/m),2025-11-30 08:00:00,乙  苯,延炼12万吨/年乙苯/苯乙烯装置
0.13,ST010132,%(m/m),2025-11-30 08:00:00,二甲苯,延炼12万吨/年乙苯/苯乙烯装置
5.63,ST010132,%(m/m),2025-11-30 08:00:00,异丙苯,延炼12万吨/年乙苯/苯乙烯装置
7.86,ST010132,%(m/m),2025-11-30 08:00:00,正丙苯,延炼12万吨/年乙苯/苯乙烯装置
0.94,ST010132,%(m/m),2025-11-30 08:00:00,甲乙苯,延炼12万吨/年乙苯/苯乙烯装置
2.15,ST010132,%(m/m),2025-11-30 08:00:00,丁苯,延炼12万吨/年乙苯/苯乙烯装置
73.89,ST010132,%(m/m),2025-11-30 08:00:00,二乙苯,延炼12万吨/年乙苯/苯乙烯装置
8.13,ST010132,%(m/m),2025-11-30 08:00:00,重芳,延炼12万吨/年乙苯/苯乙烯装置
0.01,ST010132,%(m/m),2025-12-01 08:00:00,非  芳,延炼12万吨/年乙苯/苯乙烯装置
0.00,ST010132,%(m/m),2025-12-01 08:00:00,苯,延炼12万吨/年乙苯/苯乙烯装置
0.01,ST010132,%(m/m),2025-12-01 08:00:00,甲  苯,延炼12万吨/年乙苯/苯乙烯装置
1.33,ST010132,%(m/m),2025-12-01 08:00:00,乙  苯,延炼12万吨/年乙苯/苯乙烯装置
0.14,ST010132,%(m/m),2025-12-01 08:00:00,二甲苯,延炼12万吨/年乙苯/苯乙烯装置
5.29,ST010132,%(m/m),2025-12-01 08:00:00,异丙苯,延炼12万吨/年乙苯/苯乙烯装置
7.10,ST010132,%(m/m),2025-12-01 08:00:00,正丙苯,延炼12万吨/年乙苯/苯乙烯装置
0.96,ST010132,%(m/m),2025-12-01 08:00:00,甲乙苯,延炼12万吨/年乙苯/苯乙烯装置
2.15,ST010132,%(m/m),2025-12-01 08:00:00,丁苯,延炼12万吨/年乙苯/苯乙烯装置
74.94,ST010132,%(m/m),2025-12-01 08:00:00,二乙苯,延炼12万吨/年乙苯/苯乙烯装置
8.08,ST010132,%(m/m),2025-12-01 08:00:00,重芳,延炼12万吨/年乙苯/苯乙烯装置
0.01,ST010132,%(m/m),2025-12-02 08:00:00,非  芳,延炼12万吨/年乙苯/苯乙烯装置
0.00,ST010132,%(m/m),2025-12-02 08:00:00,苯,延炼12万吨/年乙苯/苯乙烯装置
0.01,ST010132,%(m/m),2025-12-02 08:00:00,甲  苯,延炼12万吨/年乙苯/苯乙烯装置
1.43,ST010132,%(m/m),2025-12-02 08:00:00,乙  苯,延炼12万吨/年乙苯/苯乙烯装置
0.14,ST010132,%(m/m),2025-12-02 08:00:00,二甲苯,延炼12万吨/年乙苯/苯乙烯装置
4.64,ST010132,%(m/m),2025-12-02 08:00:00,异丙苯,延炼12万吨/年乙苯/苯乙烯装置
6.17,ST010132,%(m/m),2025-12-02 08:00:00,正丙苯,延炼12万吨/年乙苯/苯乙烯装置
0.96,ST010132,%(m/m),2025-12-02 08:00:00,甲乙苯,延炼12万吨/年乙苯/苯乙烯装置
2.17,ST010132,%(m/m),2025-12-02 08:00:00,丁苯,延炼12万吨/年乙苯/苯乙烯装置
76.38,ST010132,%(m/m),2025-12-02 08:00:00,二乙苯,延炼12万吨/年乙苯/苯乙烯装置
8.10,ST010132,%(m/m),2025-12-02 08:00:00,重芳,延炼12万吨/年乙苯/苯乙烯装置
0.01,ST010132,%(m/m),2025-12-03 08:00:00,非  芳,延炼12万吨/年乙苯/苯乙烯装置
0.00,ST010132,%(m/m),2025-12-03 08:00:00,苯,延炼12万吨/年乙苯/苯乙烯装置
0.00,ST010132,%(m/m),2025-12-03 08:00:00,甲  苯,延炼12万吨/年乙苯/苯乙烯装置
2.22,ST010132,%(m/m),2025-12-03 08:00:00,乙  苯,延炼12万吨/年乙苯/苯乙烯装置
0.18,ST010132,%(m/m),2025-12-03 08:00:00,二甲苯,延炼12万吨/年乙苯/苯乙烯装置
4.61,ST010132,%(m/m),2025-12-03 08:00:00,异丙苯,延炼12万吨/年乙苯/苯乙烯装置
5.78,ST010132,%(m/m),2025-12-03 08:00:00,正丙苯,延炼12万吨/年乙苯/苯乙烯装置
1.01,ST010132,%(m/m),2025-12-03 08:00:00,甲乙苯,延炼12万吨/年乙苯/苯乙烯装置
2.20,ST010132,%(m/m),2025-12-03 08:00:00,丁苯,延炼12万吨/年乙苯/苯乙烯装置
76.19,ST010132,%(m/m),2025-12-03 08:00:00,二乙苯,延炼12万吨/年乙苯/苯乙烯装置
7.81,ST010132,%(m/m),2025-12-03 08:00:00,重芳,延炼12万吨/年乙苯/苯乙烯装置
0.01,ST010132,%(m/m),2025-12-04 08:00:00,非  芳,延炼12万吨/年乙苯/苯乙烯装置
0.00,ST010132,%(m/m),2025-12-04 08:00:00,苯,延炼12万吨/年乙苯/苯乙烯装置
0.01,ST010132,%(m/m),2025-12-04 08:00:00,甲  苯,延炼12万吨/年乙苯/苯乙烯装置
2.03,ST010132,%(m/m),2025-12-04 08:00:00,乙  苯,延炼12万吨/年乙苯/苯乙烯装置
0.16,ST010132,%(m/m),2025-12-04 08:00:00,二甲苯,延炼12万吨/年乙苯/苯乙烯装置
4.60,ST010132,%(m/m),2025-12-04 08:00:00,异丙苯,延炼12万吨/年乙苯/苯乙烯装置
6.05,ST010132,%(m/m),2025-12-04 08:00:00,正丙苯,延炼12万吨/年乙苯/苯乙烯装置
1.04,ST010132,%(m/m),2025-12-04 08:00:00,甲乙苯,延炼12万吨/年乙苯/苯乙烯装置
2.22,ST010132,%(m/m),2025-12-04 08:00:00,丁苯,延炼12万吨/年乙苯/苯乙烯装置
75.92,ST010132,%(m/m),2025-12-04 08:00:00,二乙苯,延炼12万吨/年乙苯/苯乙烯装置
7.96,ST010132,%(m/m),2025-12-04 08:00:00,重芳,延炼12万吨/年乙苯/苯乙烯装置
0.01,ST010132,%(m/m),2025-12-05 08:00:00,非  芳,延炼12万吨/年乙苯/苯乙烯装置
0.01,ST010132,%(m/m),2025-12-05 08:00:00,苯,延炼12万吨/年乙苯/苯乙烯装置
0.01,ST010132,%(m/m),2025-12-05 08:00:00,甲  苯,延炼12万吨/年乙苯/苯乙烯装置
1.86,ST010132,%(m/m),2025-12-05 08:00:00,乙  苯,延炼12万吨/年乙苯/苯乙烯装置
0.15,ST010132,%(m/m),2025-12-05 08:00:00,二甲苯,延炼12万吨/年乙苯/苯乙烯装置
4.48,ST010132,%(m/m),2025-12-05 08:00:00,异丙苯,延炼12万吨/年乙苯/苯乙烯装置
6.12,ST010132,%(m/m),2025-12-05 08:00:00,正丙苯,延炼12万吨/年乙苯/苯乙烯装置
0.98,ST010132,%(m/m),2025-12-05 08:00:00,甲乙苯,延炼12万吨/年乙苯/苯乙烯装置
2.22,ST010132,%(m/m),2025-12-05 08:00:00,丁苯,延炼12万吨/年乙苯/苯乙烯装置
75.84,ST010132,%(m/m),2025-12-05 08:00:00,二乙苯,延炼12万吨/年乙苯/苯乙烯装置
8.32,ST010132,%(m/m),2025-12-05 08:00:00,重芳,延炼12万吨/年乙苯/苯乙烯装置
0.01,ST010132,%(m/m),2025-12-06 08:00:00,非  芳,延炼12万吨/年乙苯/苯乙烯装置
0.01,ST010132,%(m/m),2025-12-06 08:00:00,苯,延炼12万吨/年乙苯/苯乙烯装置
0.00,ST010132,%(m/m),2025-12-06 08:00:00,甲  苯,延炼12万吨/年乙苯/苯乙烯装置
2.03,ST010132,%(m/m),2025-12-06 08:00:00,乙  苯,延炼12万吨/年乙苯/苯乙烯装置
0.16,ST010132,%(m/m),2025-12-06 08:00:00,二甲苯,延炼12万吨/年乙苯/苯乙烯装置
4.94,ST010132,%(m/m),2025-12-06 08:00:00,异丙苯,延炼12万吨/年乙苯/苯乙烯装置
6.46,ST010132,%(m/m),2025-12-06 08:00:00,正丙苯,延炼12万吨/年乙苯/苯乙烯装置
1.04,ST010132,%(m/m),2025-12-06 08:00:00,甲乙苯,延炼12万吨/年乙苯/苯乙烯装置
2.24,ST010132,%(m/m),2025-12-06 08:00:00,丁苯,延炼12万吨/年乙苯/苯乙烯装置
75.10,ST010132,%(m/m),2025-12-06 08:00:00,二乙苯,延炼12万吨/年乙苯/苯乙烯装置
8.01,ST010132,%(m/m),2025-12-06 08:00:00,重芳,延炼12万吨/年乙苯/苯乙烯装置
0.01,ST010132,%(m/m),2025-12-07 08:00:00,非  芳,延炼12万吨/年乙苯/苯乙烯装置
0.01,ST010132,%(m/m),2025-12-07 08:00:00,苯,延炼12万吨/年乙苯/苯乙烯装置
0.00,ST010132,%(m/m),2025-12-07 08:00:00,甲  苯,延炼12万吨/年乙苯/苯乙烯装置
0.93,ST010132,%(m/m),2025-12-07 08:00:00,乙  苯,延炼12万吨/年乙苯/苯乙烯装置
0.09,ST010132,%(m/m),2025-12-07 08:00:00,二甲苯,延炼12万吨/年乙苯/苯乙烯装置
4.06,ST010132,%(m/m),2025-12-07 08:00:00,异丙苯,延炼12万吨/年乙苯/苯乙烯装置
5.84,ST010132,%(m/m),2025-12-07 08:00:00,正丙苯,延炼12万吨/年乙苯/苯乙烯装置
0.93,ST010132,%(m/m),2025-12-07 08:00:00,甲乙苯,延炼12万吨/年乙苯/苯乙烯装置
2.21,ST010132,%(m/m),2025-12-07 08:00:00,丁苯,延炼12万吨/年乙苯/苯乙烯装置
77.30,ST010132,%(m/m),2025-12-07 08:00:00,二乙苯,延炼12万吨/年乙苯/苯乙烯装置
8.61,ST010132,%(m/m),2025-12-07 08:00:00,重芳,延炼12万吨/年乙苯/苯乙烯装置
5.27,ST010132,%(m/m),2025-12-08 08:00:00,异丙苯,延炼12万吨/年乙苯/苯乙烯装置
6.56,ST010132,%(m/m),2025-12-08 08:00:00,正丙苯,延炼12万吨/年乙苯/苯乙烯装置
1.08,ST010132,%(m/m),2025-12-08 08:00:00,甲乙苯,延炼12万吨/年乙苯/苯乙烯装置
2.44,ST010132,%(m/m),2025-12-08 08:00:00,丁苯,延炼12万吨/年乙苯/苯乙烯装置
73.60,ST010132,%(m/m),2025-12-08 08:00:00,二乙苯,延炼12万吨/年乙苯/苯乙烯装置
8.63,ST010132,%(m/m),2025-12-08 08:00:00,重芳,延炼12万吨/年乙苯/苯乙烯装置
0.01,ST010132,%(m/m),2025-12-08 08:00:00,非  芳,延炼12万吨/年乙苯/苯乙烯装置
0.00,ST010132,%(m/m),2025-12-08 08:00:00,苯,延炼12万吨/年乙苯/苯乙烯装置
0.01,ST010132,%(m/m),2025-12-08 08:00:00,甲  苯,延炼12万吨/年乙苯/苯乙烯装置
2.24,ST010132,%(m/m),2025-12-08 08:00:00,乙  苯,延炼12万吨/年乙苯/苯乙烯装置
0.17,ST010132,%(m/m),2025-12-08 08:00:00,二甲苯,延炼12万吨/年乙苯/苯乙烯装置
0.01,ST010132,%(m/m),2025-12-09 08:00:00,非  芳,延炼12万吨/年乙苯/苯乙烯装置
0.00,ST010132,%(m/m),2025-12-09 08:00:00,苯,延炼12万吨/年乙苯/苯乙烯装置
0.00,ST010132,%(m/m),2025-12-09 08:00:00,甲  苯,延炼12万吨/年乙苯/苯乙烯装置
2.42,ST010132,%(m/m),2025-12-09 08:00:00,乙  苯,延炼12万吨/年乙苯/苯乙烯装置
0.18,ST010132,%(m/m),2025-12-09 08:00:00,二甲苯,延炼12万吨/年乙苯/苯乙烯装置
4.91,ST010132,%(m/m),2025-12-09 08:00:00,异丙苯,延炼12万吨/年乙苯/苯乙烯装置
5.96,ST010132,%(m/m),2025-12-09 08:00:00,正丙苯,延炼12万吨/年乙苯/苯乙烯装置
0.95,ST010132,%(m/m),2025-12-09 08:00:00,甲乙苯,延炼12万吨/年乙苯/苯乙烯装置
2.20,ST010132,%(m/m),2025-12-09 08:00:00,丁苯,延炼12万吨/年乙苯/苯乙烯装置
75.74,ST010132,%(m/m),2025-12-09 08:00:00,二乙苯,延炼12万吨/年乙苯/苯乙烯装置
7.64,ST010132,%(m/m),2025-12-09 08:00:00,重芳,延炼12万吨/年乙苯/苯乙烯装置
0.01,ST010132,%(m/m),2025-12-10 08:00:00,非  芳,延炼12万吨/年乙苯/苯乙烯装置
0.00,ST010132,%(m/m),2025-12-10 08:00:00,苯,延炼12万吨/年乙苯/苯乙烯装置
0.01,ST010132,%(m/m),2025-12-10 08:00:00,甲  苯,延炼12万吨/年乙苯/苯乙烯装置
1.63,ST010132,%(m/m),2025-12-10 08:00:00,乙  苯,延炼12万吨/年乙苯/苯乙烯装置
0.14,ST010132,%(m/m),2025-12-10 08:00:00,二甲苯,延炼12万吨/年乙苯/苯乙烯装置
4.48,ST010132,%(m/m),2025-12-10 08:00:00,异丙苯,延炼12万吨/年乙苯/苯乙烯装置
5.86,ST010132,%(m/m),2025-12-10 08:00:00,正丙苯,延炼12万吨/年乙苯/苯乙烯装置
0.96,ST010132,%(m/m),2025-12-10 08:00:00,甲乙苯,延炼12万吨/年乙苯/苯乙烯装置
2.23,ST010132,%(m/m),2025-12-10 08:00:00,丁苯,延炼12万吨/年乙苯/苯乙烯装置
76.93,ST010132,%(m/m),2025-12-10 08:00:00,二乙苯,延炼12万吨/年乙苯/苯乙烯装置
7.76,ST010132,%(m/m),2025-12-10 08:00:00,重芳,延炼12万吨/年乙苯/苯乙烯装置
0.01,ST010132,%(m/m),2025-12-11 08:00:00,非  芳,延炼12万吨/年乙苯/苯乙烯装置
0.01,ST010132,%(m/m),2025-12-11 08:00:00,苯,延炼12万吨/年乙苯/苯乙烯装置
0.01,ST010132,%(m/m),2025-12-11 08:00:00,甲  苯,延炼12万吨/年乙苯/苯乙烯装置
2.03,ST010132,%(m/m),2025-12-11 08:00:00,乙  苯,延炼12万吨/年乙苯/苯乙烯装置
0.15,ST010132,%(m/m),2025-12-11 08:00:00,二甲苯,延炼12万吨/年乙苯/苯乙烯装置
4.82,ST010132,%(m/m),2025-12-11 08:00:00,异丙苯,延炼12万吨/年乙苯/苯乙烯装置
6.28,ST010132,%(m/m),2025-12-11 08:00:00,正丙苯,延炼12万吨/年乙苯/苯乙烯装置
0.98,ST010132,%(m/m),2025-12-11 08:00:00,甲乙苯,延炼12万吨/年乙苯/苯乙烯装置
2.22,ST010132,%(m/m),2025-12-11 08:00:00,丁苯,延炼12万吨/年乙苯/苯乙烯装置
75.74,ST010132,%(m/m),2025-12-11 08:00:00,二乙苯,延炼12万吨/年乙苯/苯乙烯装置
7.77,ST010132,%(m/m),2025-12-11 08:00:00,重芳,延炼12万吨/年乙苯/苯乙烯装置
0.01,ST010132,%(m/m),2025-12-12 08:00:00,非  芳,延炼12万吨/年乙苯/苯乙烯装置
0.01,ST010132,%(m/m),2025-12-12 08:00:00,苯,延炼12万吨/年乙苯/苯乙烯装置
0.00,ST010132,%(m/m),2025-12-12 08:00:00,甲  苯,延炼12万吨/年乙苯/苯乙烯装置
1.24,ST010132,%(m/m),2025-12-12 08:00:00,乙  苯,延炼12万吨/年乙苯/苯乙烯装置
0.11,ST010132,%(m/m),2025-12-12 08:00:00,二甲苯,延炼12万吨/年乙苯/苯乙烯装置
4.18,ST010132,%(m/m),2025-12-12 08:00:00,异丙苯,延炼12万吨/年乙苯/苯乙烯装置
5.77,ST010132,%(m/m),2025-12-12 08:00:00,正丙苯,延炼12万吨/年乙苯/苯乙烯装置
0.98,ST010132,%(m/m),2025-12-12 08:00:00,甲乙苯,延炼12万吨/年乙苯/苯乙烯装置
2.22,ST010132,%(m/m),2025-12-12 08:00:00,丁苯,延炼12万吨/年乙苯/苯乙烯装置
77.64,ST010132,%(m/m),2025-12-12 08:00:00,二乙苯,延炼12万吨/年乙苯/苯乙烯装置
7.84,ST010132,%(m/m),2025-12-12 08:00:00,重芳,延炼12万吨/年乙苯/苯乙烯装置
0.01,ST010132,%(m/m),2025-12-13 08:00:00,非  芳,延炼12万吨/年乙苯/苯乙烯装置
0.00,ST010132,%(m/m),2025-12-13 08:00:00,苯,延炼12万吨/年乙苯/苯乙烯装置
0.01,ST010132,%(m/m),2025-12-13 08:00:00,甲  苯,延炼12万吨/年乙苯/苯乙烯装置
2.29,ST010132,%(m/m),2025-12-13 08:00:00,乙  苯,延炼12万吨/年乙苯/苯乙烯装置
0.16,ST010132,%(m/m),2025-12-13 08:00:00,二甲苯,延炼12万吨/年乙苯/苯乙烯装置
4.68,ST010132,%(m/m),2025-12-13 08:00:00,异丙苯,延炼12万吨/年乙苯/苯乙烯装置
5.86,ST010132,%(m/m),2025-12-13 08:00:00,正丙苯,延炼12万吨/年乙苯/苯乙烯装置
1.02,ST010132,%(m/m),2025-12-13 08:00:00,甲乙苯,延炼12万吨/年乙苯/苯乙烯装置
2.22,ST010132,%(m/m),2025-12-13 08:00:00,丁苯,延炼12万吨/年乙苯/苯乙烯装置
75.95,ST010132,%(m/m),2025-12-13 08:00:00,二乙苯,延炼12万吨/年乙苯/苯乙烯装置
7.80,ST010132,%(m/m),2025-12-13 08:00:00,重芳,延炼12万吨/年乙苯/苯乙烯装置
0.01,ST010132,%(m/m),2025-12-14 08:00:00,非  芳,延炼12万吨/年乙苯/苯乙烯装置
0.00,ST010132,%(m/m),2025-12-14 08:00:00,苯,延炼12万吨/年乙苯/苯乙烯装置
0.01,ST010132,%(m/m),2025-12-14 08:00:00,甲  苯,延炼12万吨/年乙苯/苯乙烯装置
2.19,ST010132,%(m/m),2025-12-14 08:00:00,乙  苯,延炼12万吨/年乙苯/苯乙烯装置
0.16,ST010132,%(m/m),2025-12-14 08:00:00,二甲苯,延炼12万吨/年乙苯/苯乙烯装置
4.39,ST010132,%(m/m),2025-12-14 08:00:00,异丙苯,延炼12万吨/年乙苯/苯乙烯装置
5.46,ST010132,%(m/m),2025-12-14 08:00:00,正丙苯,延炼12万吨/年乙苯/苯乙烯装置
1.00,ST010132,%(m/m),2025-12-14 08:00:00,甲乙苯,延炼12万吨/年乙苯/苯乙烯装置
2.22,ST010132,%(m/m),2025-12-14 08:00:00,丁苯,延炼12万吨/年乙苯/苯乙烯装置
76.71,ST010132,%(m/m),2025-12-14 08:00:00,二乙苯,延炼12万吨/年乙苯/苯乙烯装置
7.86,ST010132,%(m/m),2025-12-14 08:00:00,重芳,延炼12万吨/年乙苯/苯乙烯装置
0.01,ST010132,%(m/m),2025-12-15 08:00:00,非  芳,延炼12万吨/年乙苯/苯乙烯装置
0.00,ST010132,%(m/m),2025-12-15 08:00:00,苯,延炼12万吨/年乙苯/苯乙烯装置
0.01,ST010132,%(m/m),2025-12-15 08:00:00,甲  苯,延炼12万吨/年乙苯/苯乙烯装置
1.45,ST010132,%(m/m),2025-12-15 08:00:00,乙  苯,延炼12万吨/年乙苯/苯乙烯装置
0.12,ST010132,%(m/m),2025-12-15 08:00:00,二甲苯,延炼12万吨/年乙苯/苯乙烯装置
3.77,ST010132,%(m/m),2025-12-15 08:00:00,异丙苯,延炼12万吨/年乙苯/苯乙烯装置
5.03,ST010132,%(m/m),2025-12-15 08:00:00,正丙苯,延炼12万吨/年乙苯/苯乙烯装置
0.99,ST010132,%(m/m),2025-12-15 08:00:00,甲乙苯,延炼12万吨/年乙苯/苯乙烯装置
2.27,ST010132,%(m/m),2025-12-15 08:00:00,丁苯,延炼12万吨/年乙苯/苯乙烯装置
78.54,ST010132,%(m/m),2025-12-15 08:00:00,二乙苯,延炼12万吨/年乙苯/苯乙烯装置
7.83,ST010132,%(m/m),2025-12-15 08:00:00,重芳,延炼12万吨/年乙苯/苯乙烯装置
0.01,ST010132,%(m/m),2025-12-16 08:00:00,非  芳,延炼12万吨/年乙苯/苯乙烯装置
0.00,ST010132,%(m/m),2025-12-16 08:00:00,苯,延炼12万吨/年乙苯/苯乙烯装置
0.01,ST010132,%(m/m),2025-12-16 08:00:00,甲  苯,延炼12万吨/年乙苯/苯乙烯装置
3.89,ST010132,%(m/m),2025-12-16 08:00:00,乙  苯,延炼12万吨/年乙苯/苯乙烯装置
0.22,ST010132,%(m/m),2025-12-16 08:00:00,二甲苯,延炼12万吨/年乙苯/苯乙烯装置
4.22,ST010132,%(m/m),2025-12-16 08:00:00,异丙苯,延炼12万吨/年乙苯/苯乙烯装置
4.93,ST010132,%(m/m),2025-12-16 08:00:00,正丙苯,延炼12万吨/年乙苯/苯乙烯装置
1.01,ST010132,%(m/m),2025-12-16 08:00:00,甲乙苯,延炼12万吨/年乙苯/苯乙烯装置
2.20,ST010132,%(m/m),2025-12-16 08:00:00,丁苯,延炼12万吨/年乙苯/苯乙烯装置
76.23,ST010132,%(m/m),2025-12-16 08:00:00,二乙苯,延炼12万吨/年乙苯/苯乙烯装置
7.29,ST010132,%(m/m),2025-12-16 08:00:00,重芳,延炼12万吨/年乙苯/苯乙烯装置
0.01,ST010132,%(m/m),2025-12-17 08:00:00,非  芳,延炼12万吨/年乙苯/苯乙烯装置
0.01,ST010132,%(m/m),2025-12-17 08:00:00,苯,延炼12万吨/年乙苯/苯乙烯装置
0.01,ST010132,%(m/m),2025-12-17 08:00:00,甲  苯,延炼12万吨/年乙苯/苯乙烯装置
3.42,ST010132,%(m/m),2025-12-17 08:00:00,乙  苯,延炼12万吨/年乙苯/苯乙烯装置
0.20,ST010132,%(m/m),2025-12-17 08:00:00,二甲苯,延炼12万吨/年乙苯/苯乙烯装置
3.96,ST010132,%(m/m),2025-12-17 08:00:00,异丙苯,延炼12万吨/年乙苯/苯乙烯装置
4.75,ST010132,%(m/m),2025-12-17 08:00:00,正丙苯,延炼12万吨/年乙苯/苯乙烯装置
1.00,ST010132,%(m/m),2025-12-17 08:00:00,甲乙苯,延炼12万吨/年乙苯/苯乙烯装置
2.21,ST010132,%(m/m),2025-12-17 08:00:00,丁苯,延炼12万吨/年乙苯/苯乙烯装置
77.00,ST010132,%(m/m),2025-12-17 08:00:00,二乙苯,延炼12万吨/年乙苯/苯乙烯装置
7.45,ST010132,%(m/m),2025-12-17 08:00:00,重芳,延炼12万吨/年乙苯/苯乙烯装置
0.01,ST010132,%(m/m),2025-12-18 08:00:00,非  芳,延炼12万吨/年乙苯/苯乙烯装置
0.01,ST010132,%(m/m),2025-12-18 08:00:00,苯,延炼12万吨/年乙苯/苯乙烯装置
0.01,ST010132,%(m/m),2025-12-18 08:00:00,甲  苯,延炼12万吨/年乙苯/苯乙烯装置
2.40,ST010132,%(m/m),2025-12-18 08:00:00,乙  苯,延炼12万吨/年乙苯/苯乙烯装置
0.15,ST010132,%(m/m),2025-12-18 08:00:00,二甲苯,延炼12万吨/年乙苯/苯乙烯装置
3.66,ST010132,%(m/m),2025-12-18 08:00:00,异丙苯,延炼12万吨/年乙苯/苯乙烯装置
4.66,ST010132,%(m/m),2025-12-18 08:00:00,正丙苯,延炼12万吨/年乙苯/苯乙烯装置
0.99,ST010132,%(m/m),2025-12-18 08:00:00,甲乙苯,延炼12万吨/年乙苯/苯乙烯装置
2.23,ST010132,%(m/m),2025-12-18 08:00:00,丁苯,延炼12万吨/年乙苯/苯乙烯装置
78.38,ST010132,%(m/m),2025-12-18 08:00:00,二乙苯,延炼12万吨/年乙苯/苯乙烯装置
7.51,ST010132,%(m/m),2025-12-18 08:00:00,重芳,延炼12万吨/年乙苯/苯乙烯装置
0.01,ST010132,%(m/m),2025-12-19 08:00:00,非  芳,延炼12万吨/年乙苯/苯乙烯装置
0.00,ST010132,%(m/m),2025-12-19 08:00:00,苯,延炼12万吨/年乙苯/苯乙烯装置
0.01,ST010132,%(m/m),2025-12-19 08:00:00,甲  苯,延炼12万吨/年乙苯/苯乙烯装置
2.70,ST010132,%(m/m),2025-12-19 08:00:00,乙  苯,延炼12万吨/年乙苯/苯乙烯装置
0.17,ST010132,%(m/m),2025-12-19 08:00:00,二甲苯,延炼12万吨/年乙苯/苯乙烯装置
3.76,ST010132,%(m/m),2025-12-19 08:00:00,异丙苯,延炼12万吨/年乙苯/苯乙烯装置
4.74,ST010132,%(m/m),2025-12-19 08:00:00,正丙苯,延炼12万吨/年乙苯/苯乙烯装置
0.96,ST010132,%(m/m),2025-12-19 08:00:00,甲乙苯,延炼12万吨/年乙苯/苯乙烯装置
2.22,ST010132,%(m/m),2025-12-19 08:00:00,丁苯,延炼12万吨/年乙苯/苯乙烯装置
77.96,ST010132,%(m/m),2025-12-19 08:00:00,二乙苯,延炼12万吨/年乙苯/苯乙烯装置
7.48,ST010132,%(m/m),2025-12-19 08:00:00,重芳,延炼12万吨/年乙苯/苯乙烯装置
0.01,ST010132,%(m/m),2025-12-20 08:00:00,非  芳,延炼12万吨/年乙苯/苯乙烯装置
0.00,ST010132,%(m/m),2025-12-20 08:00:00,苯,延炼12万吨/年乙苯/苯乙烯装置
0.01,ST010132,%(m/m),2025-12-20 08:00:00,甲  苯,延炼12万吨/年乙苯/苯乙烯装置
3.09,ST010132,%(m/m),2025-12-20 08:00:00,乙  苯,延炼12万吨/年乙苯/苯乙烯装置
0.18,ST010132,%(m/m),2025-12-20 08:00:00,二甲苯,延炼12万吨/年乙苯/苯乙烯装置
3.79,ST010132,%(m/m),2025-12-20 08:00:00,异丙苯,延炼12万吨/年乙苯/苯乙烯装置
4.78,ST010132,%(m/m),2025-12-20 08:00:00,正丙苯,延炼12万吨/年乙苯/苯乙烯装置
0.98,ST010132,%(m/m),2025-12-20 08:00:00,甲乙苯,延炼12万吨/年乙苯/苯乙烯装置
2.23,ST010132,%(m/m),2025-12-20 08:00:00,丁苯,延炼12万吨/年乙苯/苯乙烯装置
77.44,ST010132,%(m/m),2025-12-20 08:00:00,二乙苯,延炼12万吨/年乙苯/苯乙烯装置
7.51,ST010132,%(m/m),2025-12-20 08:00:00,重芳,延炼12万吨/年乙苯/苯乙烯装置
0.01,ST010132,%(m/m),2025-12-21 08:00:00,非  芳,延炼12万吨/年乙苯/苯乙烯装置
0.00,ST010132,%(m/m),2025-12-21 08:00:00,苯,延炼12万吨/年乙苯/苯乙烯装置
0.01,ST010132,%(m/m),2025-12-21 08:00:00,甲  苯,延炼12万吨/年乙苯/苯乙烯装置
2.19,ST010132,%(m/m),2025-12-21 08:00:00,乙  苯,延炼12万吨/年乙苯/苯乙烯装置
0.15,ST010132,%(m/m),2025-12-21 08:00:00,二甲苯,延炼12万吨/年乙苯/苯乙烯装置
4.00,ST010132,%(m/m),2025-12-21 08:00:00,异丙苯,延炼12万吨/年乙苯/苯乙烯装置
5.36,ST010132,%(m/m),2025-12-21 08:00:00,正丙苯,延炼12万吨/年乙苯/苯乙烯装置
1.01,ST010132,%(m/m),2025-12-21 08:00:00,甲乙苯,延炼12万吨/年乙苯/苯乙烯装置
2.25,ST010132,%(m/m),2025-12-21 08:00:00,丁苯,延炼12万吨/年乙苯/苯乙烯装置
77.27,ST010132,%(m/m),2025-12-21 08:00:00,二乙苯,延炼12万吨/年乙苯/苯乙烯装置
7.76,ST010132,%(m/m),2025-12-21 08:00:00,重芳,延炼12万吨/年乙苯/苯乙烯装置
0.01,ST010132,%(m/m),2025-12-22 08:00:00,非  芳,延炼12万吨/年乙苯/苯乙烯装置
0.00,ST010132,%(m/m),2025-12-22 08:00:00,苯,延炼12万吨/年乙苯/苯乙烯装置
0.01,ST010132,%(m/m),2025-12-22 08:00:00,甲  苯,延炼12万吨/年乙苯/苯乙烯装置
1.63,ST010132,%(m/m),2025-12-22 08:00:00,乙  苯,延炼12万吨/年乙苯/苯乙烯装置
0.12,ST010132,%(m/m),2025-12-22 08:00:00,二甲苯,延炼12万吨/年乙苯/苯乙烯装置
4.52,ST010132,%(m/m),2025-12-22 08:00:00,异丙苯,延炼12万吨/年乙苯/苯乙烯装置
6.42,ST010132,%(m/m),2025-12-22 08:00:00,正丙苯,延炼12万吨/年乙苯/苯乙烯装置
1.08,ST010132,%(m/m),2025-12-22 08:00:00,甲乙苯,延炼12万吨/年乙苯/苯乙烯装置
2.25,ST010132,%(m/m),2025-12-22 08:00:00,丁苯,延炼12万吨/年乙苯/苯乙烯装置
75.93,ST010132,%(m/m),2025-12-22 08:00:00,二乙苯,延炼12万吨/年乙苯/苯乙烯装置
8.03,ST010132,%(m/m),2025-12-22 08:00:00,重芳,延炼12万吨/年乙苯/苯乙烯装置
0.01,ST010132,%(m/m),2025-12-23 08:00:00,非  芳,延炼12万吨/年乙苯/苯乙烯装置
0.01,ST010132,%(m/m),2025-12-23 08:00:00,苯,延炼12万吨/年乙苯/苯乙烯装置
0.00,ST010132,%(m/m),2025-12-23 08:00:00,甲  苯,延炼12万吨/年乙苯/苯乙烯装置
1.86,ST010132,%(m/m),2025-12-23 08:00:00,乙  苯,延炼12万吨/年乙苯/苯乙烯装置
0.14,ST010132,%(m/m),2025-12-23 08:00:00,二甲苯,延炼12万吨/年乙苯/苯乙烯装置
5.03,ST010132,%(m/m),2025-12-23 08:00:00,异丙苯,延炼12万吨/年乙苯/苯乙烯装置
6.83,ST010132,%(m/m),2025-12-23 08:00:00,正丙苯,延炼12万吨/年乙苯/苯乙烯装置
1.10,ST010132,%(m/m),2025-12-23 08:00:00,甲乙苯,延炼12万吨/年乙苯/苯乙烯装置
2.22,ST010132,%(m/m),2025-12-23 08:00:00,丁苯,延炼12万吨/年乙苯/苯乙烯装置
74.96,ST010132,%(m/m),2025-12-23 08:00:00,二乙苯,延炼12万吨/年乙苯/苯乙烯装置
7.82,ST010132,%(m/m),2025-12-23 08:00:00,重芳,延炼12万吨/年乙苯/苯乙烯装置
0.01,ST010132,%(m/m),2025-12-24 08:00:00,苯,延炼12万吨/年乙苯/苯乙烯装置
0.00,ST010132,%(m/m),2025-12-24 08:00:00,甲  苯,延炼12万吨/年乙苯/苯乙烯装置
1.74,ST010132,%(m/m),2025-12-24 08:00:00,乙  苯,延炼12万吨/年乙苯/苯乙烯装置
0.14,ST010132,%(m/m),2025-12-24 08:00:00,二甲苯,延炼12万吨/年乙苯/苯乙烯装置
5.14,ST010132,%(m/m),2025-12-24 08:00:00,异丙苯,延炼12万吨/年乙苯/苯乙烯装置
6.90,ST010132,%(m/m),2025-12-24 08:00:00,正丙苯,延炼12万吨/年乙苯/苯乙烯装置
1.12,ST010132,%(m/m),2025-12-24 08:00:00,甲乙苯,延炼12万吨/年乙苯/苯乙烯装置
2.26,ST010132,%(m/m),2025-12-24 08:00:00,丁苯,延炼12万吨/年乙苯/苯乙烯装置
74.77,ST010132,%(m/m),2025-12-24 08:00:00,二乙苯,延炼12万吨/年乙苯/苯乙烯装置
7.92,ST010132,%(m/m),2025-12-24 08:00:00,重芳,延炼12万吨/年乙苯/苯乙烯装置
0.01,ST010132,%(m/m),2025-12-24 08:00:00,非  芳,延炼12万吨/年乙苯/苯乙烯装置
0.01,ST010132,%(m/m),2025-12-25 08:00:00,非  芳,延炼12万吨/年乙苯/苯乙烯装置
0.00,ST010132,%(m/m),2025-12-25 08:00:00,苯,延炼12万吨/年乙苯/苯乙烯装置
0.00,ST010132,%(m/m),2025-12-25 08:00:00,甲  苯,延炼12万吨/年乙苯/苯乙烯装置
2.22,ST010132,%(m/m),2025-12-25 08:00:00,乙  苯,延炼12万吨/年乙苯/苯乙烯装置
0.11,ST010132,%(m/m),2025-12-25 08:00:00,二甲苯,延炼12万吨/年乙苯/苯乙烯装置
5.36,ST010132,%(m/m),2025-12-25 08:00:00,异丙苯,延炼12万吨/年乙苯/苯乙烯装置
6.85,ST010132,%(m/m),2025-12-25 08:00:00,正丙苯,延炼12万吨/年乙苯/苯乙烯装置
1.11,ST010132,%(m/m),2025-12-25 08:00:00,甲乙苯,延炼12万吨/年乙苯/苯乙烯装置
2.24,ST010132,%(m/m),2025-12-25 08:00:00,丁苯,延炼12万吨/年乙苯/苯乙烯装置
74.25,ST010132,%(m/m),2025-12-25 08:00:00,二乙苯,延炼12万吨/年乙苯/苯乙烯装置
7.84,ST010132,%(m/m),2025-12-25 08:00:00,重芳,延炼12万吨/年乙苯/苯乙烯装置
0.01,ST010132,%(m/m),2025-12-26 08:00:00,非  芳,延炼12万吨/年乙苯/苯乙烯装置
0.00,ST010132,%(m/m),2025-12-26 08:00:00,苯,延炼12万吨/年乙苯/苯乙烯装置
0.00,ST010132,%(m/m),2025-12-26 08:00:00,甲  苯,延炼12万吨/年乙苯/苯乙烯装置
1.62,ST010132,%(m/m),2025-12-26 08:00:00,乙  苯,延炼12万吨/年乙苯/苯乙烯装置
0.32,ST010132,%(m/m),2025-12-26 08:00:00,二甲苯,延炼12万吨/年乙苯/苯乙烯装置
5.03,ST010132,%(m/m),2025-12-26 08:00:00,异丙苯,延炼12万吨/年乙苯/苯乙烯装置
7.35,ST010132,%(m/m),2025-12-26 08:00:00,正丙苯,延炼12万吨/年乙苯/苯乙烯装置
1.17,ST010132,%(m/m),2025-12-26 08:00:00,甲乙苯,延炼12万吨/年乙苯/苯乙烯装置
2.37,ST010132,%(m/m),2025-12-26 08:00:00,丁苯,延炼12万吨/年乙苯/苯乙烯装置
73.94,ST010132,%(m/m),2025-12-26 08:00:00,二乙苯,延炼12万吨/年乙苯/苯乙烯装置
8.19,ST010132,%(m/m),2025-12-26 08:00:00,重芳,延炼12万吨/年乙苯/苯乙烯装置
0.01,ST010132,%(m/m),2025-12-27 08:00:00,非  芳,延炼12万吨/年乙苯/苯乙烯装置
0.00,ST010132,%(m/m),2025-12-27 08:00:00,苯,延炼12万吨/年乙苯/苯乙烯装置
0.00,ST010132,%(m/m),2025-12-27 08:00:00,甲  苯,延炼12万吨/年乙苯/苯乙烯装置
1.97,ST010132,%(m/m),2025-12-27 08:00:00,乙  苯,延炼12万吨/年乙苯/苯乙烯装置
0.20,ST010132,%(m/m),2025-12-27 08:00:00,二甲苯,延炼12万吨/年乙苯/苯乙烯装置
5.58,ST010132,%(m/m),2025-12-27 08:00:00,异丙苯,延炼12万吨/年乙苯/苯乙烯装置
7.09,ST010132,%(m/m),2025-12-27 08:00:00,正丙苯,延炼12万吨/年乙苯/苯乙烯装置
1.12,ST010132,%(m/m),2025-12-27 08:00:00,甲乙苯,延炼12万吨/年乙苯/苯乙烯装置
2.25,ST010132,%(m/m),2025-12-27 08:00:00,丁苯,延炼12万吨/年乙苯/苯乙烯装置
74.26,ST010132,%(m/m),2025-12-27 08:00:00,二乙苯,延炼12万吨/年乙苯/苯乙烯装置
7.51,ST010132,%(m/m),2025-12-27 08:00:00,重芳,延炼12万吨/年乙苯/苯乙烯装置
0.01,ST010132,%(m/m),2025-12-28 08:00:00,非  芳,延炼12万吨/年乙苯/苯乙烯装置
0.00,ST010132,%(m/m),2025-12-28 08:00:00,苯,延炼12万吨/年乙苯/苯乙烯装置
0.01,ST010132,%(m/m),2025-12-28 08:00:00,甲  苯,延炼12万吨/年乙苯/苯乙烯装置
1.83,ST010132,%(m/m),2025-12-28 08:00:00,乙  苯,延炼12万吨/年乙苯/苯乙烯装置
0.11,ST010132,%(m/m),2025-12-28 08:00:00,二甲苯,延炼12万吨/年乙苯/苯乙烯装置
5.12,ST010132,%(m/m),2025-12-28 08:00:00,异丙苯,延炼12万吨/年乙苯/苯乙烯装置
6.38,ST010132,%(m/m),2025-12-28 08:00:00,正丙苯,延炼12万吨/年乙苯/苯乙烯装置
1.10,ST010132,%(m/m),2025-12-28 08:00:00,甲乙苯,延炼12万吨/年乙苯/苯乙烯装置
2.26,ST010132,%(m/m),2025-12-28 08:00:00,丁苯,延炼12万吨/年乙苯/苯乙烯装置
75.64,ST010132,%(m/m),2025-12-28 08:00:00,二乙苯,延炼12万吨/年乙苯/苯乙烯装置
7.54,ST010132,%(m/m),2025-12-28 08:00:00,重芳,延炼12万吨/年乙苯/苯乙烯装置
0.01,ST010132,%(m/m),2025-12-29 08:00:00,非  芳,延炼12万吨/年乙苯/苯乙烯装置
0.00,ST010132,%(m/m),2025-12-29 08:00:00,苯,延炼12万吨/年乙苯/苯乙烯装置
0.01,ST010132,%(m/m),2025-12-29 08:00:00,甲  苯,延炼12万吨/年乙苯/苯乙烯装置
2.18,ST010132,%(m/m),2025-12-29 08:00:00,乙  苯,延炼12万吨/年乙苯/苯乙烯装置
0.17,ST010132,%(m/m),2025-12-29 08:00:00,二甲苯,延炼12万吨/年乙苯/苯乙烯装置
4.63,ST010132,%(m/m),2025-12-29 08:00:00,异丙苯,延炼12万吨/年乙苯/苯乙烯装置
5.68,ST010132,%(m/m),2025-12-29 08:00:00,正丙苯,延炼12万吨/年乙苯/苯乙烯装置
1.05,ST010132,%(m/m),2025-12-29 08:00:00,甲乙苯,延炼12万吨/年乙苯/苯乙烯装置
2.24,ST010132,%(m/m),2025-12-29 08:00:00,丁苯,延炼12万吨/年乙苯/苯乙烯装置
76.39,ST010132,%(m/m),2025-12-29 08:00:00,二乙苯,延炼12万吨/年乙苯/苯乙烯装置
7.63,ST010132,%(m/m),2025-12-29 08:00:00,重芳,延炼12万吨/年乙苯/苯乙烯装置
0.01,ST010132,%(m/m),2025-12-30 08:00:00,非  芳,延炼12万吨/年乙苯/苯乙烯装置
0.01,ST010132,%(m/m),2025-12-30 08:00:00,苯,延炼12万吨/年乙苯/苯乙烯装置
0.01,ST010132,%(m/m),2025-12-30 08:00:00,甲  苯,延炼12万吨/年乙苯/苯乙烯装置
1.87,ST010132,%(m/m),2025-12-30 08:00:00,乙  苯,延炼12万吨/年乙苯/苯乙烯装置
0.15,ST010132,%(m/m),2025-12-30 08:00:00,二甲苯,延炼12万吨/年乙苯/苯乙烯装置
4.11,ST010132,%(m/m),2025-12-30 08:00:00,异丙苯,延炼12万吨/年乙苯/苯乙烯装置
5.19,ST010132,%(m/m),2025-12-30 08:00:00,正丙苯,延炼12万吨/年乙苯/苯乙烯装置
1.06,ST010132,%(m/m),2025-12-30 08:00:00,甲乙苯,延炼12万吨/年乙苯/苯乙烯装置
2.26,ST010132,%(m/m),2025-12-30 08:00:00,丁苯,延炼12万吨/年乙苯/苯乙烯装置
77.71,ST010132,%(m/m),2025-12-30 08:00:00,二乙苯,延炼12万吨/年乙苯/苯乙烯装置
7.64,ST010132,%(m/m),2025-12-30 08:00:00,重芳,延炼12万吨/年乙苯/苯乙烯装置
0.01,ST010132,%(m/m),2025-12-31 08:00:00,非  芳,延炼12万吨/年乙苯/苯乙烯装置
0.00,ST010132,%(m/m),2025-12-31 08:00:00,苯,延炼12万吨/年乙苯/苯乙烯装置
0.00,ST010132,%(m/m),2025-12-31 08:00:00,甲  苯,延炼12万吨/年乙苯/苯乙烯装置
3.03,ST010132,%(m/m),2025-12-31 08:00:00,乙  苯,延炼12万吨/年乙苯/苯乙烯装置
0.18,ST010132,%(m/m),2025-12-31 08:00:00,二甲苯,延炼12万吨/年乙苯/苯乙烯装置
4.08,ST010132,%(m/m),2025-12-31 08:00:00,异丙苯,延炼12万吨/年乙苯/苯乙烯装置
4.96,ST010132,%(m/m),2025-12-31 08:00:00,正丙苯,延炼12万吨/年乙苯/苯乙烯装置
1.02,ST010132,%(m/m),2025-12-31 08:00:00,甲乙苯,延炼12万吨/年乙苯/苯乙烯装置
2.21,ST010132,%(m/m),2025-12-31 08:00:00,丁苯,延炼12万吨/年乙苯/苯乙烯装置
76.75,ST010132,%(m/m),2025-12-31 08:00:00,二乙苯,延炼12万吨/年乙苯/苯乙烯装置
7.75,ST010132,%(m/m),2025-12-31 08:00:00,重芳,延炼12万吨/年乙苯/苯乙烯装置
0.01,ST010132,%(m/m),2026-01-01 08:00:00,非  芳,延炼12万吨/年乙苯/苯乙烯装置
0.00,ST010132,%(m/m),2026-01-01 08:00:00,苯,延炼12万吨/年乙苯/苯乙烯装置
0.01,ST010132,%(m/m),2026-01-01 08:00:00,甲  苯,延炼12万吨/年乙苯/苯乙烯装置
3.33,ST010132,%(m/m),2026-01-01 08:00:00,乙  苯,延炼12万吨/年乙苯/苯乙烯装置
0.20,ST010132,%(m/m),2026-01-01 08:00:00,二甲苯,延炼12万吨/年乙苯/苯乙烯装置
4.10,ST010132,%(m/m),2026-01-01 08:00:00,异丙苯,延炼12万吨/年乙苯/苯乙烯装置
4.92,ST010132,%(m/m),2026-01-01 08:00:00,正丙苯,延炼12万吨/年乙苯/苯乙烯装置
1.01,ST010132,%(m/m),2026-01-01 08:00:00,甲乙苯,延炼12万吨/年乙苯/苯乙烯装置
2.25,ST010132,%(m/m),2026-01-01 08:00:00,丁苯,延炼12万吨/年乙苯/苯乙烯装置
76.73,ST010132,%(m/m),2026-01-01 08:00:00,二乙苯,延炼12万吨/年乙苯/苯乙烯装置
7.44,ST010132,%(m/m),2026-01-01 08:00:00,重芳,延炼12万吨/年乙苯/苯乙烯装置
0.01,ST010132,%(m/m),2026-01-02 08:00:00,非  芳,延炼12万吨/年乙苯/苯乙烯装置
0.00,ST010132,%(m/m),2026-01-02 08:00:00,苯,延炼12万吨/年乙苯/苯乙烯装置
0.01,ST010132,%(m/m),2026-01-02 08:00:00,甲  苯,延炼12万吨/年乙苯/苯乙烯装置
3.53,ST010132,%(m/m),2026-01-02 08:00:00,乙  苯,延炼12万吨/年乙苯/苯乙烯装置
0.20,ST010132,%(m/m),2026-01-02 08:00:00,二甲苯,延炼12万吨/年乙苯/苯乙烯装置
4.23,ST010132,%(m/m),2026-01-02 08:00:00,异丙苯,延炼12万吨/年乙苯/苯乙烯装置
5.15,ST010132,%(m/m),2026-01-02 08:00:00,正丙苯,延炼12万吨/年乙苯/苯乙烯装置
0.98,ST010132,%(m/m),2026-01-02 08:00:00,甲乙苯,延炼12万吨/年乙苯/苯乙烯装置
2.23,ST010132,%(m/m),2026-01-02 08:00:00,丁苯,延炼12万吨/年乙苯/苯乙烯装置
76.22,ST010132,%(m/m),2026-01-02 08:00:00,二乙苯,延炼12万吨/年乙苯/苯乙烯装置
7.45,ST010132,%(m/m),2026-01-02 08:00:00,重芳,延炼12万吨/年乙苯/苯乙烯装置
0.01,ST010132,%(m/m),2026-01-03 08:00:00,非  芳,延炼12万吨/年乙苯/苯乙烯装置
0.00,ST010132,%(m/m),2026-01-03 08:00:00,苯,延炼12万吨/年乙苯/苯乙烯装置
0.01,ST010132,%(m/m),2026-01-03 08:00:00,甲  苯,延炼12万吨/年乙苯/苯乙烯装置
1.91,ST010132,%(m/m),2026-01-03 08:00:00,乙  苯,延炼12万吨/年乙苯/苯乙烯装置
0.13,ST010132,%(m/m),2026-01-03 08:00:00,二甲苯,延炼12万吨/年乙苯/苯乙烯装置
4.26,ST010132,%(m/m),2026-01-03 08:00:00,异丙苯,延炼12万吨/年乙苯/苯乙烯装置
5.66,ST010132,%(m/m),2026-01-03 08:00:00,正丙苯,延炼12万吨/年乙苯/苯乙烯装置
1.02,ST010132,%(m/m),2026-01-03 08:00:00,甲乙苯,延炼12万吨/年乙苯/苯乙烯装置
2.25,ST010132,%(m/m),2026-01-03 08:00:00,丁苯,延炼12万吨/年乙苯/苯乙烯装置
77.04,ST010132,%(m/m),2026-01-03 08:00:00,二乙苯,延炼12万吨/年乙苯/苯乙烯装置
7.71,ST010132,%(m/m),2026-01-03 08:00:00,重芳,延炼12万吨/年乙苯/苯乙烯装置
0.01,ST010132,%(m/m),2026-01-04 08:00:00,非  芳,延炼12万吨/年乙苯/苯乙烯装置
0.01,ST010132,%(m/m),2026-01-04 08:00:00,苯,延炼12万吨/年乙苯/苯乙烯装置
0.01,ST010132,%(m/m),2026-01-04 08:00:00,甲  苯,延炼12万吨/年乙苯/苯乙烯装置
1.37,ST010132,%(m/m),2026-01-04 08:00:00,乙  苯,延炼12万吨/年乙苯/苯乙烯装置
0.11,ST010132,%(m/m),2026-01-04 08:00:00,二甲苯,延炼12万吨/年乙苯/苯乙烯装置
4.61,ST010132,%(m/m),2026-01-04 08:00:00,异丙苯,延炼12万吨/年乙苯/苯乙烯装置
6.27,ST010132,%(m/m),2026-01-04 08:00:00,正丙苯,延炼12万吨/年乙苯/苯乙烯装置
1.04,ST010132,%(m/m),2026-01-04 08:00:00,甲乙苯,延炼12万吨/年乙苯/苯乙烯装置
2.28,ST010132,%(m/m),2026-01-04 08:00:00,丁苯,延炼12万吨/年乙苯/苯乙烯装置
76.39,ST010132,%(m/m),2026-01-04 08:00:00,二乙苯,延炼12万吨/年乙苯/苯乙烯装置
7.92,ST010132,%(m/m),2026-01-04 08:00:00,重芳,延炼12万吨/年乙苯/苯乙烯装置
2.29,ST010132,%(m/m),2026-01-05 08:00:00,丁苯,延炼12万吨/年乙苯/苯乙烯装置
75.44,ST010132,%(m/m),2026-01-05 08:00:00,二乙苯,延炼12万吨/年乙苯/苯乙烯装置
8.05,ST010132,%(m/m),2026-01-05 08:00:00,重芳,延炼12万吨/年乙苯/苯乙烯装置
0.01,ST010132,%(m/m),2026-01-05 08:00:00,非  芳,延炼12万吨/年乙苯/苯乙烯装置
0.00,ST010132,%(m/m),2026-01-05 08:00:00,苯,延炼12万吨/年乙苯/苯乙烯装置
0.01,ST010132,%(m/m),2026-01-05 08:00:00,甲  苯,延炼12万吨/年乙苯/苯乙烯装置
1.59,ST010132,%(m/m),2026-01-05 08:00:00,乙  苯,延炼12万吨/年乙苯/苯乙烯装置
0.13,ST010132,%(m/m),2026-01-05 08:00:00,二甲苯,延炼12万吨/年乙苯/苯乙烯装置
4.97,ST010132,%(m/m),2026-01-05 08:00:00,异丙苯,延炼12万吨/年乙苯/苯乙烯装置
6.47,ST010132,%(m/m),2026-01-05 08:00:00,正丙苯,延炼12万吨/年乙苯/苯乙烯装置
1.04,ST010132,%(m/m),2026-01-05 08:00:00,甲乙苯,延炼12万吨/年乙苯/苯乙烯装置
0.01,ST010132,%(m/m),2026-01-06 08:00:00,非  芳,延炼12万吨/年乙苯/苯乙烯装置
0.00,ST010132,%(m/m),2026-01-06 08:00:00,苯,延炼12万吨/年乙苯/苯乙烯装置
0.01,ST010132,%(m/m),2026-01-06 08:00:00,甲  苯,延炼12万吨/年乙苯/苯乙烯装置
1.65,ST010132,%(m/m),2026-01-06 08:00:00,乙  苯,延炼12万吨/年乙苯/苯乙烯装置
0.13,ST010132,%(m/m),2026-01-06 08:00:00,二甲苯,延炼12万吨/年乙苯/苯乙烯装置
5.43,ST010132,%(m/m),2026-01-06 08:00:00,异丙苯,延炼12万吨/年乙苯/苯乙烯装置
7.02,ST010132,%(m/m),2026-01-06 08:00:00,正丙苯,延炼12万吨/年乙苯/苯乙烯装置
1.03,ST010132,%(m/m),2026-01-06 08:00:00,甲乙苯,延炼12万吨/年乙苯/苯乙烯装置
2.31,ST010132,%(m/m),2026-01-06 08:00:00,丁苯,延炼12万吨/年乙苯/苯乙烯装置
74.33,ST010132,%(m/m),2026-01-06 08:00:00,二乙苯,延炼12万吨/年乙苯/苯乙烯装置
8.08,ST010132,%(m/m),2026-01-06 08:00:00,重芳,延炼12万吨/年乙苯/苯乙烯装置
0.01,ST010132,%(m/m),2026-01-07 08:00:00,非  芳,延炼12万吨/年乙苯/苯乙烯装置
0.00,ST010132,%(m/m),2026-01-07 08:00:00,苯,延炼12万吨/年乙苯/苯乙烯装置
0.01,ST010132,%(m/m),2026-01-07 08:00:00,甲  苯,延炼12万吨/年乙苯/苯乙烯装置
1.45,ST010132,%(m/m),2026-01-07 08:00:00,乙  苯,延炼12万吨/年乙苯/苯乙烯装置
0.12,ST010132,%(m/m),2026-01-07 08:00:00,二甲苯,延炼12万吨/年乙苯/苯乙烯装置
5.43,ST010132,%(m/m),2026-01-07 08:00:00,异丙苯,延炼12万吨/年乙苯/苯乙烯装置
6.99,ST010132,%(m/m),2026-01-07 08:00:00,正丙苯,延炼12万吨/年乙苯/苯乙烯装置
1.02,ST010132,%(m/m),2026-01-07 08:00:00,甲乙苯,延炼12万吨/年乙苯/苯乙烯装置
2.29,ST010132,%(m/m),2026-01-07 08:00:00,丁苯,延炼12万吨/年乙苯/苯乙烯装置
74.55,ST010132,%(m/m),2026-01-07 08:00:00,二乙苯,延炼12万吨/年乙苯/苯乙烯装置
8.13,ST010132,%(m/m),2026-01-07 08:00:00,重芳,延炼12万吨/年乙苯/苯乙烯装置
0.01,ST010132,%(m/m),2026-01-08 08:00:00,非  芳,延炼12万吨/年乙苯/苯乙烯装置
0.00,ST010132,%(m/m),2026-01-08 08:00:00,苯,延炼12万吨/年乙苯/苯乙烯装置
0.01,ST010132,%(m/m),2026-01-08 08:00:00,甲  苯,延炼12万吨/年乙苯/苯乙烯装置
1.71,ST010132,%(m/m),2026-01-08 08:00:00,乙  苯,延炼12万吨/年乙苯/苯乙烯装置
0.14,ST010132,%(m/m),2026-01-08 08:00:00,二甲苯,延炼12万吨/年乙苯/苯乙烯装置
5.41,ST010132,%(m/m),2026-01-08 08:00:00,异丙苯,延炼12万吨/年乙苯/苯乙烯装置
6.72,ST010132,%(m/m),2026-01-08 08:00:00,正丙苯,延炼12万吨/年乙苯/苯乙烯装置
1.05,ST010132,%(m/m),2026-01-08 08:00:00,甲乙苯,延炼12万吨/年乙苯/苯乙烯装置
2.26,ST010132,%(m/m),2026-01-08 08:00:00,丁苯,延炼12万吨/年乙苯/苯乙烯装置
74.75,ST010132,%(m/m),2026-01-08 08:00:00,二乙苯,延炼12万吨/年乙苯/苯乙烯装置
7.94,ST010132,%(m/m),2026-01-08 08:00:00,重芳,延炼12万吨/年乙苯/苯乙烯装置
0.01,ST010132,%(m/m),2026-01-09 08:00:00,非  芳,延炼12万吨/年乙苯/苯乙烯装置
0.01,ST010132,%(m/m),2026-01-09 08:00:00,苯,延炼12万吨/年乙苯/苯乙烯装置
0.01,ST010132,%(m/m),2026-01-09 08:00:00,甲  苯,延炼12万吨/年乙苯/苯乙烯装置
1.45,ST010132,%(m/m),2026-01-09 08:00:00,乙  苯,延炼12万吨/年乙苯/苯乙烯装置
0.13,ST010132,%(m/m),2026-01-09 08:00:00,二甲苯,延炼12万吨/年乙苯/苯乙烯装置
5.25,ST010132,%(m/m),2026-01-09 08:00:00,异丙苯,延炼12万吨/年乙苯/苯乙烯装置
6.56,ST010132,%(m/m),2026-01-09 08:00:00,正丙苯,延炼12万吨/年乙苯/苯乙烯装置
1.07,ST010132,%(m/m),2026-01-09 08:00:00,甲乙苯,延炼12万吨/年乙苯/苯乙烯装置
2.26,ST010132,%(m/m),2026-01-09 08:00:00,丁苯,延炼12万吨/年乙苯/苯乙烯装置
75.28,ST010132,%(m/m),2026-01-09 08:00:00,二乙苯,延炼12万吨/年乙苯/苯乙烯装置
7.98,ST010132,%(m/m),2026-01-09 08:00:00,重芳,延炼12万吨/年乙苯/苯乙烯装置
0.01,ST010132,%(m/m),2026-01-10 08:00:00,非  芳,延炼12万吨/年乙苯/苯乙烯装置
0.01,ST010132,%(m/m),2026-01-10 08:00:00,苯,延炼12万吨/年乙苯/苯乙烯装置
0.01,ST010132,%(m/m),2026-01-10 08:00:00,甲  苯,延炼12万吨/年乙苯/苯乙烯装置
1.02,ST010132,%(m/m),2026-01-10 08:00:00,乙  苯,延炼12万吨/年乙苯/苯乙烯装置
0.10,ST010132,%(m/m),2026-01-10 08:00:00,二甲苯,延炼12万吨/年乙苯/苯乙烯装置
4.57,ST010132,%(m/m),2026-01-10 08:00:00,异丙苯,延炼12万吨/年乙苯/苯乙烯装置
6.07,ST010132,%(m/m),2026-01-10 08:00:00,正丙苯,延炼12万吨/年乙苯/苯乙烯装置
0.98,ST010132,%(m/m),2026-01-10 08:00:00,甲乙苯,延炼12万吨/年乙苯/苯乙烯装置
2.26,ST010132,%(m/m),2026-01-10 08:00:00,丁苯,延炼12万吨/年乙苯/苯乙烯装置
76.78,ST010132,%(m/m),2026-01-10 08:00:00,二乙苯,延炼12万吨/年乙苯/苯乙烯装置
8.20,ST010132,%(m/m),2026-01-10 08:00:00,重芳,延炼12万吨/年乙苯/苯乙烯装置
0.01,ST010132,%(m/m),2026-01-11 08:00:00,非  芳,延炼12万吨/年乙苯/苯乙烯装置
0.00,ST010132,%(m/m),2026-01-11 08:00:00,苯,延炼12万吨/年乙苯/苯乙烯装置
0.01,ST010132,%(m/m),2026-01-11 08:00:00,甲  苯,延炼12万吨/年乙苯/苯乙烯装置
2.56,ST010132,%(m/m),2026-01-11 08:00:00,乙  苯,延炼12万吨/年乙苯/苯乙烯装置
0.18,ST010132,%(m/m),2026-01-11 08:00:00,二甲苯,延炼12万吨/年乙苯/苯乙烯装置
5.14,ST010132,%(m/m),2026-01-11 08:00:00,异丙苯,延炼12万吨/年乙苯/苯乙烯装置
6.03,ST010132,%(m/m),2026-01-11 08:00:00,正丙苯,延炼12万吨/年乙苯/苯乙烯装置
0.96,ST010132,%(m/m),2026-01-11 08:00:00,甲乙苯,延炼12万吨/年乙苯/苯乙烯装置
2.25,ST010132,%(m/m),2026-01-11 08:00:00,丁苯,延炼12万吨/年乙苯/苯乙烯装置
75.03,ST010132,%(m/m),2026-01-11 08:00:00,二乙苯,延炼12万吨/年乙苯/苯乙烯装置
7.83,ST010132,%(m/m),2026-01-11 08:00:00,重芳,延炼12万吨/年乙苯/苯乙烯装置
0.01,ST010132,%(m/m),2026-01-12 08:00:00,非  芳,延炼12万吨/年乙苯/苯乙烯装置
0.00,ST010132,%(m/m),2026-01-12 08:00:00,苯,延炼12万吨/年乙苯/苯乙烯装置
0.01,ST010132,%(m/m),2026-01-12 08:00:00,甲  苯,延炼12万吨/年乙苯/苯乙烯装置
1.93,ST010132,%(m/m),2026-01-12 08:00:00,乙  苯,延炼12万吨/年乙苯/苯乙烯装置
0.14,ST010132,%(m/m),2026-01-12 08:00:00,二甲苯,延炼12万吨/年乙苯/苯乙烯装置
4.94,ST010132,%(m/m),2026-01-12 08:00:00,异丙苯,延炼12万吨/年乙苯/苯乙烯装置
6.10,ST010132,%(m/m),2026-01-12 08:00:00,正丙苯,延炼12万吨/年乙苯/苯乙烯装置
0.94,ST010132,%(m/m),2026-01-12 08:00:00,甲乙苯,延炼12万吨/年乙苯/苯乙烯装置
2.27,ST010132,%(m/m),2026-01-12 08:00:00,丁苯,延炼12万吨/年乙苯/苯乙烯装置
75.51,ST010132,%(m/m),2026-01-12 08:00:00,二乙苯,延炼12万吨/年乙苯/苯乙烯装置
8.15,ST010132,%(m/m),2026-01-12 08:00:00,重芳,延炼12万吨/年乙苯/苯乙烯装置
0.01,ST010132,%(m/m),2026-01-13 08:00:00,非  芳,延炼12万吨/年乙苯/苯乙烯装置
0.00,ST010132,%(m/m),2026-01-13 08:00:00,苯,延炼12万吨/年乙苯/苯乙烯装置
0.01,ST010132,%(m/m),2026-01-13 08:00:00,甲  苯,延炼12万吨/年乙苯/苯乙烯装置
1.45,ST010132,%(m/m),2026-01-13 08:00:00,乙  苯,延炼12万吨/年乙苯/苯乙烯装置
0.12,ST010132,%(m/m),2026-01-13 08:00:00,二甲苯,延炼12万吨/年乙苯/苯乙烯装置
5.00,ST010132,%(m/m),2026-01-13 08:00:00,异丙苯,延炼12万吨/年乙苯/苯乙烯装置
6.46,ST010132,%(m/m),2026-01-13 08:00:00,正丙苯,延炼12万吨/年乙苯/苯乙烯装置
0.94,ST010132,%(m/m),2026-01-13 08:00:00,甲乙苯,延炼12万吨/年乙苯/苯乙烯装置
2.29,ST010132,%(m/m),2026-01-13 08:00:00,丁苯,延炼12万吨/年乙苯/苯乙烯装置
75.54,ST010132,%(m/m),2026-01-13 08:00:00,二乙苯,延炼12万吨/年乙苯/苯乙烯装置
8.17,ST010132,%(m/m),2026-01-13 08:00:00,重芳,延炼12万吨/年乙苯/苯乙烯装置
0.01,ST010132,%(m/m),2026-01-14 08:00:00,非  芳,延炼12万吨/年乙苯/苯乙烯装置
0.00,ST010132,%(m/m),2026-01-14 08:00:00,苯,延炼12万吨/年乙苯/苯乙烯装置
0.01,ST010132,%(m/m),2026-01-14 08:00:00,甲  苯,延炼12万吨/年乙苯/苯乙烯装置
1.95,ST010132,%(m/m),2026-01-14 08:00:00,乙  苯,延炼12万吨/年乙苯/苯乙烯装置
0.16,ST010132,%(m/m),2026-01-14 08:00:00,二甲苯,延炼12万吨/年乙苯/苯乙烯装置
5.90,ST010132,%(m/m),2026-01-14 08:00:00,异丙苯,延炼12万吨/年乙苯/苯乙烯装置
7.21,ST010132,%(m/m),2026-01-14 08:00:00,正丙苯,延炼12万吨/年乙苯/苯乙烯装置
0.98,ST010132,%(m/m),2026-01-14 08:00:00,甲乙苯,延炼12万吨/年乙苯/苯乙烯装置
2.30,ST010132,%(m/m),2026-01-14 08:00:00,丁苯,延炼12万吨/年乙苯/苯乙烯装置
73.42,ST010132,%(m/m),2026-01-14 08:00:00,二乙苯,延炼12万吨/年乙苯/苯乙烯装置
8.08,ST010132,%(m/m),2026-01-14 08:00:00,重芳,延炼12万吨/年乙苯/苯乙烯装置
0.01,ST010132,%(m/m),2026-01-15 08:00:00,非  芳,延炼12万吨/年乙苯/苯乙烯装置
0.01,ST010132,%(m/m),2026-01-15 08:00:00,苯,延炼12万吨/年乙苯/苯乙烯装置
0.01,ST010132,%(m/m),2026-01-15 08:00:00,甲  苯,延炼12万吨/年乙苯/苯乙烯装置
0.63,ST010132,%(m/m),2026-01-15 08:00:00,乙  苯,延炼12万吨/年乙苯/苯乙烯装置
0.08,ST010132,%(m/m),2026-01-15 08:00:00,二甲苯,延炼12万吨/年乙苯/苯乙烯装置
4.65,ST010132,%(m/m),2026-01-15 08:00:00,异丙苯,延炼12万吨/年乙苯/苯乙烯装置
6.55,ST010132,%(m/m),2026-01-15 08:00:00,正丙苯,延炼12万吨/年乙苯/苯乙烯装置
0.93,ST010132,%(m/m),2026-01-15 08:00:00,甲乙苯,延炼12万吨/年乙苯/苯乙烯装置
2.33,ST010132,%(m/m),2026-01-15 08:00:00,丁苯,延炼12万吨/年乙苯/苯乙烯装置
76.37,ST010132,%(m/m),2026-01-15 08:00:00,二乙苯,延炼12万吨/年乙苯/苯乙烯装置
8.44,ST010132,%(m/m),2026-01-15 08:00:00,重芳,延炼12万吨/年乙苯/苯乙烯装置
0.01,ST010132,%(m/m),2026-01-16 08:00:00,非  芳,延炼12万吨/年乙苯/苯乙烯装置
0.02,ST010132,%(m/m),2026-01-16 08:00:00,苯,延炼12万吨/年乙苯/苯乙烯装置
0.00,ST010132,%(m/m),2026-01-16 08:00:00,甲  苯,延炼12万吨/年乙苯/苯乙烯装置
2.67,ST010132,%(m/m),2026-01-16 08:00:00,乙  苯,延炼12万吨/年乙苯/苯乙烯装置
0.21,ST010132,%(m/m),2026-01-16 08:00:00,二甲苯,延炼12万吨/年乙苯/苯乙烯装置
6.15,ST010132,%(m/m),2026-01-16 08:00:00,异丙苯,延炼12万吨/年乙苯/苯乙烯装置
6.88,ST010132,%(m/m),2026-01-16 08:00:00,正丙苯,延炼12万吨/年乙苯/苯乙烯装置
1.04,ST010132,%(m/m),2026-01-16 08:00:00,甲乙苯,延炼12万吨/年乙苯/苯乙烯装置
2.28,ST010132,%(m/m),2026-01-16 08:00:00,丁苯,延炼12万吨/年乙苯/苯乙烯装置
72.99,ST010132,%(m/m),2026-01-16 08:00:00,二乙苯,延炼12万吨/年乙苯/苯乙烯装置
7.74,ST010132,%(m/m),2026-01-16 08:00:00,重芳,延炼12万吨/年乙苯/苯乙烯装置
0.01,ST010132,%(m/m),2026-01-17 08:00:00,非  芳,延炼12万吨/年乙苯/苯乙烯装置
0.00,ST010132,%(m/m),2026-01-17 08:00:00,苯,延炼12万吨/年乙苯/苯乙烯装置
0.00,ST010132,%(m/m),2026-01-17 08:00:00,甲  苯,延炼12万吨/年乙苯/苯乙烯装置
2.22,ST010132,%(m/m),2026-01-17 08:00:00,乙  苯,延炼12万吨/年乙苯/苯乙烯装置
0.18,ST010132,%(m/m),2026-01-17 08:00:00,二甲苯,延炼12万吨/年乙苯/苯乙烯装置
5.43,ST010132,%(m/m),2026-01-17 08:00:00,异丙苯,延炼12万吨/年乙苯/苯乙烯装置
6.24,ST010132,%(m/m),2026-01-17 08:00:00,正丙苯,延炼12万吨/年乙苯/苯乙烯装置
1.07,ST010132,%(m/m),2026-01-17 08:00:00,甲乙苯,延炼12万吨/年乙苯/苯乙烯装置
2.29,ST010132,%(m/m),2026-01-17 08:00:00,丁苯,延炼12万吨/年乙苯/苯乙烯装置
74.84,ST010132,%(m/m),2026-01-17 08:00:00,二乙苯,延炼12万吨/年乙苯/苯乙烯装置
7.72,ST010132,%(m/m),2026-01-17 08:00:00,重芳,延炼12万吨/年乙苯/苯乙烯装置
0.01,ST010132,%(m/m),2026-01-18 08:00:00,非  芳,延炼12万吨/年乙苯/苯乙烯装置
0.00,ST010132,%(m/m),2026-01-18 08:00:00,苯,延炼12万吨/年乙苯/苯乙烯装置
0.00,ST010132,%(m/m),2026-01-18 08:00:00,甲  苯,延炼12万吨/年乙苯/苯乙烯装置
2.13,ST010132,%(m/m),2026-01-18 08:00:00,乙  苯,延炼12万吨/年乙苯/苯乙烯装置
0.17,ST010132,%(m/m),2026-01-18 08:00:00,二甲苯,延炼12万吨/年乙苯/苯乙烯装置
4.65,ST010132,%(m/m),2026-01-18 08:00:00,异丙苯,延炼12万吨/年乙苯/苯乙烯装置
5.55,ST010132,%(m/m),2026-01-18 08:00:00,正丙苯,延炼12万吨/年乙苯/苯乙烯装置
1.03,ST010132,%(m/m),2026-01-18 08:00:00,甲乙苯,延炼12万吨/年乙苯/苯乙烯装置
2.27,ST010132,%(m/m),2026-01-18 08:00:00,丁苯,延炼12万吨/年乙苯/苯乙烯装置
76.04,ST010132,%(m/m),2026-01-18 08:00:00,二乙苯,延炼12万吨/年乙苯/苯乙烯装置
8.15,ST010132,%(m/m),2026-01-18 08:00:00,重芳,延炼12万吨/年乙苯/苯乙烯装置
2.26,ST010132,%(m/m),2026-01-19 08:00:00,乙  苯,延炼12万吨/年乙苯/苯乙烯装置
0.17,ST010132,%(m/m),2026-01-19 08:00:00,二甲苯,延炼12万吨/年乙苯/苯乙烯装置
4.20,ST010132,%(m/m),2026-01-19 08:00:00,异丙苯,延炼12万吨/年乙苯/苯乙烯装置
5.12,ST010132,%(m/m),2026-01-19 08:00:00,正丙苯,延炼12万吨/年乙苯/苯乙烯装置
1.05,ST010132,%(m/m),2026-01-19 08:00:00,甲乙苯,延炼12万吨/年乙苯/苯乙烯装置
2.28,ST010132,%(m/m),2026-01-19 08:00:00,丁苯,延炼12万吨/年乙苯/苯乙烯装置
76.46,ST010132,%(m/m),2026-01-19 08:00:00,二乙苯,延炼12万吨/年乙苯/苯乙烯装置
8.45,ST010132,%(m/m),2026-01-19 08:00:00,重芳,延炼12万吨/年乙苯/苯乙烯装置
0.01,ST010132,%(m/m),2026-01-19 08:00:00,非  芳,延炼12万吨/年乙苯/苯乙烯装置
0.00,ST010132,%(m/m),2026-01-19 08:00:00,苯,延炼12万吨/年乙苯/苯乙烯装置
0.00,ST010132,%(m/m),2026-01-19 08:00:00,甲  苯,延炼12万吨/年乙苯/苯乙烯装置
0.01,ST010132,%(m/m),2026-01-20 08:00:00,非  芳,延炼12万吨/年乙苯/苯乙烯装置
0.01,ST010132,%(m/m),2026-01-20 08:00:00,苯,延炼12万吨/年乙苯/苯乙烯装置
0.01,ST010132,%(m/m),2026-01-20 08:00:00,甲  苯,延炼12万吨/年乙苯/苯乙烯装置
3.06,ST010132,%(m/m),2026-01-20 08:00:00,乙  苯,延炼12万吨/年乙苯/苯乙烯装置
0.20,ST010132,%(m/m),2026-01-20 08:00:00,二甲苯,延炼12万吨/年乙苯/苯乙烯装置
4.20,ST010132,%(m/m),2026-01-20 08:00:00,异丙苯,延炼12万吨/年乙苯/苯乙烯装置
5.04,ST010132,%(m/m),2026-01-20 08:00:00,正丙苯,延炼12万吨/年乙苯/苯乙烯装置
1.10,ST010132,%(m/m),2026-01-20 08:00:00,甲乙苯,延炼12万吨/年乙苯/苯乙烯装置
2.34,ST010132,%(m/m),2026-01-20 08:00:00,丁苯,延炼12万吨/年乙苯/苯乙烯装置
76.16,ST010132,%(m/m),2026-01-20 08:00:00,二乙苯,延炼12万吨/年乙苯/苯乙烯装置
7.88,ST010132,%(m/m),2026-01-20 08:00:00,重芳,延炼12万吨/年乙苯/苯乙烯装置
0.01,ST010132,%(m/m),2026-01-21 08:00:00,非  芳,延炼12万吨/年乙苯/苯乙烯装置
0.01,ST010132,%(m/m),2026-01-21 08:00:00,苯,延炼12万吨/年乙苯/苯乙烯装置
0.01,ST010132,%(m/m),2026-01-21 08:00:00,甲  苯,延炼12万吨/年乙苯/苯乙烯装置
3.01,ST010132,%(m/m),2026-01-21 08:00:00,乙  苯,延炼12万吨/年乙苯/苯乙烯装置
0.19,ST010132,%(m/m),2026-01-21 08:00:00,二甲苯,延炼12万吨/年乙苯/苯乙烯装置
3.93,ST010132,%(m/m),2026-01-21 08:00:00,异丙苯,延炼12万吨/年乙苯/苯乙烯装置
4.66,ST010132,%(m/m),2026-01-21 08:00:00,正丙苯,延炼12万吨/年乙苯/苯乙烯装置
1.11,ST010132,%(m/m),2026-01-21 08:00:00,甲乙苯,延炼12万吨/年乙苯/苯乙烯装置
2.33,ST010132,%(m/m),2026-01-21 08:00:00,丁苯,延炼12万吨/年乙苯/苯乙烯装置
76.92,ST010132,%(m/m),2026-01-21 08:00:00,二乙苯,延炼12万吨/年乙苯/苯乙烯装置
7.81,ST010132,%(m/m),2026-01-21 08:00:00,重芳,延炼12万吨/年乙苯/苯乙烯装置
77.13,ST010132,%(m/m),2026-01-22 08:00:00,二乙苯,延炼12万吨/年乙苯/苯乙烯装置
0.01,ST010132,%(m/m),2026-01-22 08:00:00,非  芳,延炼12万吨/年乙苯/苯乙烯装置
0.01,ST010132,%(m/m),2026-01-22 08:00:00,苯,延炼12万吨/年乙苯/苯乙烯装置
0.01,ST010132,%(m/m),2026-01-22 08:00:00,甲  苯,延炼12万吨/年乙苯/苯乙烯装置
2.74,ST010132,%(m/m),2026-01-22 08:00:00,乙  苯,延炼12万吨/年乙苯/苯乙烯装置
0.17,ST010132,%(m/m),2026-01-22 08:00:00,二甲苯,延炼12万吨/年乙苯/苯乙烯装置
3.85,ST010132,%(m/m),2026-01-22 08:00:00,异丙苯,延炼12万吨/年乙苯/苯乙烯装置
4.64,ST010132,%(m/m),2026-01-22 08:00:00,正丙苯,延炼12万吨/年乙苯/苯乙烯装置
1.10,ST010132,%(m/m),2026-01-22 08:00:00,甲乙苯,延炼12万吨/年乙苯/苯乙烯装置
2.32,ST010132,%(m/m),2026-01-22 08:00:00,丁苯,延炼12万吨/年乙苯/苯乙烯装置
8.02,ST010132,%(m/m),2026-01-22 08:00:00,重芳,延炼12万吨/年乙苯/苯乙烯装置
0.01,ST010132,%(m/m),2026-01-23 08:00:00,非  芳,延炼12万吨/年乙苯/苯乙烯装置
0.01,ST010132,%(m/m),2026-01-23 08:00:00,苯,延炼12万吨/年乙苯/苯乙烯装置
0.00,ST010132,%(m/m),2026-01-23 08:00:00,甲  苯,延炼12万吨/年乙苯/苯乙烯装置
1.95,ST010132,%(m/m),2026-01-23 08:00:00,乙  苯,延炼12万吨/年乙苯/苯乙烯装置
0.14,ST010132,%(m/m),2026-01-23 08:00:00,二甲苯,延炼12万吨/年乙苯/苯乙烯装置
4.09,ST010132,%(m/m),2026-01-23 08:00:00,异丙苯,延炼12万吨/年乙苯/苯乙烯装置
5.21,ST010132,%(m/m),2026-01-23 08:00:00,正丙苯,延炼12万吨/年乙苯/苯乙烯装置
1.12,ST010132,%(m/m),2026-01-23 08:00:00,甲乙苯,延炼12万吨/年乙苯/苯乙烯装置
2.36,ST010132,%(m/m),2026-01-23 08:00:00,丁苯,延炼12万吨/年乙苯/苯乙烯装置
77.00,ST010132,%(m/m),2026-01-23 08:00:00,二乙苯,延炼12万吨/年乙苯/苯乙烯装置
8.11,ST010132,%(m/m),2026-01-23 08:00:00,重芳,延炼12万吨/年乙苯/苯乙烯装置
0.01,ST010132,%(m/m),2026-01-24 08:00:00,非  芳,延炼12万吨/年乙苯/苯乙烯装置
0.00,ST010132,%(m/m),2026-01-24 08:00:00,苯,延炼12万吨/年乙苯/苯乙烯装置
0.00,ST010132,%(m/m),2026-01-24 08:00:00,甲  苯,延炼12万吨/年乙苯/苯乙烯装置
1.73,ST010132,%(m/m),2026-01-24 08:00:00,乙  苯,延炼12万吨/年乙苯/苯乙烯装置
0.13,ST010132,%(m/m),2026-01-24 08:00:00,二甲苯,延炼12万吨/年乙苯/苯乙烯装置
4.16,ST010132,%(m/m),2026-01-24 08:00:00,异丙苯,延炼12万吨/年乙苯/苯乙烯装置
5.33,ST010132,%(m/m),2026-01-24 08:00:00,正丙苯,延炼12万吨/年乙苯/苯乙烯装置
1.06,ST010132,%(m/m),2026-01-24 08:00:00,甲乙苯,延炼12万吨/年乙苯/苯乙烯装置
2.32,ST010132,%(m/m),2026-01-24 08:00:00,丁苯,延炼12万吨/年乙苯/苯乙烯装置
76.56,ST010132,%(m/m),2026-01-24 08:00:00,二乙苯,延炼12万吨/年乙苯/苯乙烯装置
8.71,ST010132,%(m/m),2026-01-24 08:00:00,重芳,延炼12万吨/年乙苯/苯乙烯装置
1.10,ST010132,%(m/m),2026-01-25 08:00:00,甲乙苯,延炼12万吨/年乙苯/苯乙烯装置
2.36,ST010132,%(m/m),2026-01-25 08:00:00,丁苯,延炼12万吨/年乙苯/苯乙烯装置
75.86,ST010132,%(m/m),2026-01-25 08:00:00,二乙苯,延炼12万吨/年乙苯/苯乙烯装置
8.00,ST010132,%(m/m),2026-01-25 08:00:00,重芳,延炼12万吨/年乙苯/苯乙烯装置
0.01,ST010132,%(m/m),2026-01-25 08:00:00,非  芳,延炼12万吨/年乙苯/苯乙烯装置
0.00,ST010132,%(m/m),2026-01-25 08:00:00,苯,延炼12万吨/年乙苯/苯乙烯装置
0.00,ST010132,%(m/m),2026-01-25 08:00:00,甲  苯,延炼12万吨/年乙苯/苯乙烯装置
2.11,ST010132,%(m/m),2026-01-25 08:00:00,乙  苯,延炼12万吨/年乙苯/苯乙烯装置
0.15,ST010132,%(m/m),2026-01-25 08:00:00,二甲苯,延炼12万吨/年乙苯/苯乙烯装置
4.68,ST010132,%(m/m),2026-01-25 08:00:00,异丙苯,延炼12万吨/年乙苯/苯乙烯装置
5.73,ST010132,%(m/m),2026-01-25 08:00:00,正丙苯,延炼12万吨/年乙苯/苯乙烯装置
2.36,ST010132,%(m/m),2026-01-26 08:00:00,丁苯,延炼12万吨/年乙苯/苯乙烯装置
75.25,ST010132,%(m/m),2026-01-26 08:00:00,二乙苯,延炼12万吨/年乙苯/苯乙烯装置
7.93,ST010132,%(m/m),2026-01-26 08:00:00,重芳,延炼12万吨/年乙苯/苯乙烯装置
0.01,ST010132,%(m/m),2026-01-26 08:00:00,非  芳,延炼12万吨/年乙苯/苯乙烯装置
0.01,ST010132,%(m/m),2026-01-26 08:00:00,苯,延炼12万吨/年乙苯/苯乙烯装置
0.00,ST010132,%(m/m),2026-01-26 08:00:00,甲  苯,延炼12万吨/年乙苯/苯乙烯装置
2.40,ST010132,%(m/m),2026-01-26 08:00:00,乙  苯,延炼12万吨/年乙苯/苯乙烯装置
0.16,ST010132,%(m/m),2026-01-26 08:00:00,二甲苯,延炼12万吨/年乙苯/苯乙烯装置
4.96,ST010132,%(m/m),2026-01-26 08:00:00,异丙苯,延炼12万吨/年乙苯/苯乙烯装置
5.84,ST010132,%(m/m),2026-01-26 08:00:00,正丙苯,延炼12万吨/年乙苯/苯乙烯装置
1.08,ST010132,%(m/m),2026-01-26 08:00:00,甲乙苯,延炼12万吨/年乙苯/苯乙烯装置
0.01,ST010132,%(m/m),2026-01-27 08:00:00,非  芳,延炼12万吨/年乙苯/苯乙烯装置
0.01,ST010132,%(m/m),2026-01-27 08:00:00,苯,延炼12万吨/年乙苯/苯乙烯装置
0.00,ST010132,%(m/m),2026-01-27 08:00:00,甲  苯,延炼12万吨/年乙苯/苯乙烯装置
2.40,ST010132,%(m/m),2026-01-27 08:00:00,乙  苯,延炼12万吨/年乙苯/苯乙烯装置
0.16,ST010132,%(m/m),2026-01-27 08:00:00,二甲苯,延炼12万吨/年乙苯/苯乙烯装置
5.09,ST010132,%(m/m),2026-01-27 08:00:00,异丙苯,延炼12万吨/年乙苯/苯乙烯装置
6.01,ST010132,%(m/m),2026-01-27 08:00:00,正丙苯,延炼12万吨/年乙苯/苯乙烯装置
1.08,ST010132,%(m/m),2026-01-27 08:00:00,甲乙苯,延炼12万吨/年乙苯/苯乙烯装置
2.37,ST010132,%(m/m),2026-01-27 08:00:00,丁苯,延炼12万吨/年乙苯/苯乙烯装置
74.78,ST010132,%(m/m),2026-01-27 08:00:00,二乙苯,延炼12万吨/年乙苯/苯乙烯装置
8.08,ST010132,%(m/m),2026-01-27 08:00:00,重芳,延炼12万吨/年乙苯/苯乙烯装置
0.01,ST010132,%(m/m),2026-01-28 08:00:00,非  芳,延炼12万吨/年乙苯/苯乙烯装置
0.01,ST010132,%(m/m),2026-01-28 08:00:00,苯,延炼12万吨/年乙苯/苯乙烯装置
0.00,ST010132,%(m/m),2026-01-28 08:00:00,甲  苯,延炼12万吨/年乙苯/苯乙烯装置
1.84,ST010132,%(m/m),2026-01-28 08:00:00,乙  苯,延炼12万吨/年乙苯/苯乙烯装置
0.13,ST010132,%(m/m),2026-01-28 08:00:00,二甲苯,延炼12万吨/年乙苯/苯乙烯装置
4.48,ST010132,%(m/m),2026-01-28 08:00:00,异丙苯,延炼12万吨/年乙苯/苯乙烯装置
5.61,ST010132,%(m/m),2026-01-28 08:00:00,正丙苯,延炼12万吨/年乙苯/苯乙烯装置
1.05,ST010132,%(m/m),2026-01-28 08:00:00,甲乙苯,延炼12万吨/年乙苯/苯乙烯装置
2.35,ST010132,%(m/m),2026-01-28 08:00:00,丁苯,延炼12万吨/年乙苯/苯乙烯装置
76.18,ST010132,%(m/m),2026-01-28 08:00:00,二乙苯,延炼12万吨/年乙苯/苯乙烯装置
8.34,ST010132,%(m/m),2026-01-28 08:00:00,重芳,延炼12万吨/年乙苯/苯乙烯装置
0.01,ST010132,%(m/m),2026-01-29 08:00:00,非  芳,延炼12万吨/年乙苯/苯乙烯装置
0.01,ST010132,%(m/m),2026-01-29 08:00:00,苯,延炼12万吨/年乙苯/苯乙烯装置
0.00,ST010132,%(m/m),2026-01-29 08:00:00,甲  苯,延炼12万吨/年乙苯/苯乙烯装置
2.18,ST010132,%(m/m),2026-01-29 08:00:00,乙  苯,延炼12万吨/年乙苯/苯乙烯装置
0.15,ST010132,%(m/m),2026-01-29 08:00:00,二甲苯,延炼12万吨/年乙苯/苯乙烯装置
4.55,ST010132,%(m/m),2026-01-29 08:00:00,异丙苯,延炼12万吨/年乙苯/苯乙烯装置
5.46,ST010132,%(m/m),2026-01-29 08:00:00,正丙苯,延炼12万吨/年乙苯/苯乙烯装置
1.08,ST010132,%(m/m),2026-01-29 08:00:00,甲乙苯,延炼12万吨/年乙苯/苯乙烯装置
2.34,ST010132,%(m/m),2026-01-29 08:00:00,丁苯,延炼12万吨/年乙苯/苯乙烯装置
76.11,ST010132,%(m/m),2026-01-29 08:00:00,二乙苯,延炼12万吨/年乙苯/苯乙烯装置
8.11,ST010132,%(m/m),2026-01-29 08:00:00,重芳,延炼12万吨/年乙苯/苯乙烯装置
0.01,ST010132,%(m/m),2026-01-30 08:00:00,非  芳,延炼12万吨/年乙苯/苯乙烯装置
0.00,ST010132,%(m/m),2026-01-30 08:00:00,苯,延炼12万吨/年乙苯/苯乙烯装置
0.00,ST010132,%(m/m),2026-01-30 08:00:00,甲  苯,延炼12万吨/年乙苯/苯乙烯装置
2.64,ST010132,%(m/m),2026-01-30 08:00:00,乙  苯,延炼12万吨/年乙苯/苯乙烯装置
0.17,ST010132,%(m/m),2026-01-30 08:00:00,二甲苯,延炼12万吨/年乙苯/苯乙烯装置
4.66,ST010132,%(m/m),2026-01-30 08:00:00,异丙苯,延炼12万吨/年乙苯/苯乙烯装置
5.53,ST010132,%(m/m),2026-01-30 08:00:00,正丙苯,延炼12万吨/年乙苯/苯乙烯装置
1.08,ST010132,%(m/m),2026-01-30 08:00:00,甲乙苯,延炼12万吨/年乙苯/苯乙烯装置
2.33,ST010132,%(m/m),2026-01-30 08:00:00,丁苯,延炼12万吨/年乙苯/苯乙烯装置
75.55,ST010132,%(m/m),2026-01-30 08:00:00,二乙苯,延炼12万吨/年乙苯/苯乙烯装置
8.02,ST010132,%(m/m),2026-01-30 08:00:00,重芳,延炼12万吨/年乙苯/苯乙烯装置
0.01,ST010132,%(m/m),2026-01-31 08:00:00,非  芳,延炼12万吨/年乙苯/苯乙烯装置
0.00,ST010132,%(m/m),2026-01-31 08:00:00,苯,延炼12万吨/年乙苯/苯乙烯装置
0.00,ST010132,%(m/m),2026-01-31 08:00:00,甲  苯,延炼12万吨/年乙苯/苯乙烯装置
2.14,ST010132,%(m/m),2026-01-31 08:00:00,乙  苯,延炼12万吨/年乙苯/苯乙烯装置
0.15,ST010132,%(m/m),2026-01-31 08:00:00,二甲苯,延炼12万吨/年乙苯/苯乙烯装置
4.36,ST010132,%(m/m),2026-01-31 08:00:00,异丙苯,延炼12万吨/年乙苯/苯乙烯装置
5.40,ST010132,%(m/m),2026-01-31 08:00:00,正丙苯,延炼12万吨/年乙苯/苯乙烯装置
1.09,ST010132,%(m/m),2026-01-31 08:00:00,甲乙苯,延炼12万吨/年乙苯/苯乙烯装置
2.33,ST010132,%(m/m),2026-01-31 08:00:00,丁苯,延炼12万吨/年乙苯/苯乙烯装置
76.47,ST010132,%(m/m),2026-01-31 08:00:00,二乙苯,延炼12万吨/年乙苯/苯乙烯装置
8.07,ST010132,%(m/m),2026-01-31 08:00:00,重芳,延炼12万吨/年乙苯/苯乙烯装置
0.01,ST010132,%(m/m),2026-02-01 08:00:00,非  芳,延炼12万吨/年乙苯/苯乙烯装置
0.01,ST010132,%(m/m),2026-02-01 08:00:00,苯,延炼12万吨/年乙苯/苯乙烯装置
0.00,ST010132,%(m/m),2026-02-01 08:00:00,甲  苯,延炼12万吨/年乙苯/苯乙烯装置
2.33,ST010132,%(m/m),2026-02-01 08:00:00,乙  苯,延炼12万吨/年乙苯/苯乙烯装置
0.16,ST010132,%(m/m),2026-02-01 08:00:00,二甲苯,延炼12万吨/年乙苯/苯乙烯装置
4.87,ST010132,%(m/m),2026-02-01 08:00:00,异丙苯,延炼12万吨/年乙苯/苯乙烯装置
5.89,ST010132,%(m/m),2026-02-01 08:00:00,正丙苯,延炼12万吨/年乙苯/苯乙烯装置
1.13,ST010132,%(m/m),2026-02-01 08:00:00,甲乙苯,延炼12万吨/年乙苯/苯乙烯装置
2.35,ST010132,%(m/m),2026-02-01 08:00:00,丁苯,延炼12万吨/年乙苯/苯乙烯装置
75.28,ST010132,%(m/m),2026-02-01 08:00:00,二乙苯,延炼12万吨/年乙苯/苯乙烯装置
7.97,ST010132,%(m/m),2026-02-01 08:00:00,重芳,延炼12万吨/年乙苯/苯乙烯装置
0.01,ST010132,%(m/m),2026-02-02 08:00:00,非  芳,延炼12万吨/年乙苯/苯乙烯装置
0.01,ST010132,%(m/m),2026-02-02 08:00:00,苯,延炼12万吨/年乙苯/苯乙烯装置
0.00,ST010132,%(m/m),2026-02-02 08:00:00,甲  苯,延炼12万吨/年乙苯/苯乙烯装置
2.19,ST010132,%(m/m),2026-02-02 08:00:00,乙  苯,延炼12万吨/年乙苯/苯乙烯装置
0.15,ST010132,%(m/m),2026-02-02 08:00:00,二甲苯,延炼12万吨/年乙苯/苯乙烯装置
4.84,ST010132,%(m/m),2026-02-02 08:00:00,异丙苯,延炼12万吨/年乙苯/苯乙烯装置
5.79,ST010132,%(m/m),2026-02-02 08:00:00,正丙苯,延炼12万吨/年乙苯/苯乙烯装置
1.12,ST010132,%(m/m),2026-02-02 08:00:00,甲乙苯,延炼12万吨/年乙苯/苯乙烯装置
2.32,ST010132,%(m/m),2026-02-02 08:00:00,丁苯,延炼12万吨/年乙苯/苯乙烯装置
75.63,ST010132,%(m/m),2026-02-02 08:00:00,二乙苯,延炼12万吨/年乙苯/苯乙烯装置
7.92,ST010132,%(m/m),2026-02-02 08:00:00,重芳,延炼12万吨/年乙苯/苯乙烯装置
0.01,ST010132,%(m/m),2026-02-03 08:00:00,非  芳,延炼12万吨/年乙苯/苯乙烯装置
0.00,ST010132,%(m/m),2026-02-03 08:00:00,苯,延炼12万吨/年乙苯/苯乙烯装置
0.00,ST010132,%(m/m),2026-02-03 08:00:00,甲  苯,延炼12万吨/年乙苯/苯乙烯装置
1.72,ST010132,%(m/m),2026-02-03 08:00:00,乙  苯,延炼12万吨/年乙苯/苯乙烯装置
0.13,ST010132,%(m/m),2026-02-03 08:00:00,二甲苯,延炼12万吨/年乙苯/苯乙烯装置
4.98,ST010132,%(m/m),2026-02-03 08:00:00,异丙苯,延炼12万吨/年乙苯/苯乙烯装置
6.54,ST010132,%(m/m),2026-02-03 08:00:00,正丙苯,延炼12万吨/年乙苯/苯乙烯装置
1.05,ST010132,%(m/m),2026-02-03 08:00:00,甲乙苯,延炼12万吨/年乙苯/苯乙烯装置
2.31,ST010132,%(m/m),2026-02-03 08:00:00,丁苯,延炼12万吨/年乙苯/苯乙烯装置
74.94,ST010132,%(m/m),2026-02-03 08:00:00,二乙苯,延炼12万吨/年乙苯/苯乙烯装置
8.31,ST010132,%(m/m),2026-02-03 08:00:00,重芳,延炼12万吨/年乙苯/苯乙烯装置
0.00,ST010132,%(m/m),2026-02-04 08:00:00,非  芳,延炼12万吨/年乙苯/苯乙烯装置
0.00,ST010132,%(m/m),2026-02-04 08:00:00,苯,延炼12万吨/年乙苯/苯乙烯装置
0.00,ST010132,%(m/m),2026-02-04 08:00:00,甲  苯,延炼12万吨/年乙苯/苯乙烯装置
1.93,ST010132,%(m/m),2026-02-04 08:00:00,乙  苯,延炼12万吨/年乙苯/苯乙烯装置
0.14,ST010132,%(m/m),2026-02-04 08:00:00,二甲苯,延炼12万吨/年乙苯/苯乙烯装置
4.20,ST010132,%(m/m),2026-02-04 08:00:00,异丙苯,延炼12万吨/年乙苯/苯乙烯装置
7.28,ST010132,%(m/m),2026-02-04 08:00:00,正丙苯,延炼12万吨/年乙苯/苯乙烯装置
0.99,ST010132,%(m/m),2026-02-04 08:00:00,甲乙苯,延炼12万吨/年乙苯/苯乙烯装置
2.31,ST010132,%(m/m),2026-02-04 08:00:00,丁苯,延炼12万吨/年乙苯/苯乙烯装置
74.72,ST010132,%(m/m),2026-02-04 08:00:00,二乙苯,延炼12万吨/年乙苯/苯乙烯装置
8.42,ST010132,%(m/m),2026-02-04 08:00:00,重芳,延炼12万吨/年乙苯/苯乙烯装置
0.01,ST010132,%(m/m),2026-02-05 08:00:00,非  芳,延炼12万吨/年乙苯/苯乙烯装置
0.00,ST010132,%(m/m),2026-02-05 08:00:00,苯,延炼12万吨/年乙苯/苯乙烯装置
0.00,ST010132,%(m/m),2026-02-05 08:00:00,甲  苯,延炼12万吨/年乙苯/苯乙烯装置
1.55,ST010132,%(m/m),2026-02-05 08:00:00,乙  苯,延炼12万吨/年乙苯/苯乙烯装置
0.13,ST010132,%(m/m),2026-02-05 08:00:00,二甲苯,延炼12万吨/年乙苯/苯乙烯装置
6.16,ST010132,%(m/m),2026-02-05 08:00:00,异丙苯,延炼12万吨/年乙苯/苯乙烯装置
7.59,ST010132,%(m/m),2026-02-05 08:00:00,正丙苯,延炼12万吨/年乙苯/苯乙烯装置
0.99,ST010132,%(m/m),2026-02-05 08:00:00,甲乙苯,延炼12万吨/年乙苯/苯乙烯装置
2.26,ST010132,%(m/m),2026-02-05 08:00:00,丁苯,延炼12万吨/年乙苯/苯乙烯装置
73.03,ST010132,%(m/m),2026-02-05 08:00:00,二乙苯,延炼12万吨/年乙苯/苯乙烯装置
8.28,ST010132,%(m/m),2026-02-05 08:00:00,重芳,延炼12万吨/年乙苯/苯乙烯装置
0.01,ST010132,%(m/m),2026-02-06 08:00:00,非  芳,延炼12万吨/年乙苯/苯乙烯装置
0.00,ST010132,%(m/m),2026-02-06 08:00:00,苯,延炼12万吨/年乙苯/苯乙烯装置
0.00,ST010132,%(m/m),2026-02-06 08:00:00,甲  苯,延炼12万吨/年乙苯/苯乙烯装置
1.42,ST010132,%(m/m),2026-02-06 08:00:00,乙  苯,延炼12万吨/年乙苯/苯乙烯装置
0.13,ST010132,%(m/m),2026-02-06 08:00:00,二甲苯,延炼12万吨/年乙苯/苯乙烯装置
6.00,ST010132,%(m/m),2026-02-06 08:00:00,异丙苯,延炼12万吨/年乙苯/苯乙烯装置
7.33,ST010132,%(m/m),2026-02-06 08:00:00,正丙苯,延炼12万吨/年乙苯/苯乙烯装置
1.02,ST010132,%(m/m),2026-02-06 08:00:00,甲乙苯,延炼12万吨/年乙苯/苯乙烯装置
2.27,ST010132,%(m/m),2026-02-06 08:00:00,丁苯,延炼12万吨/年乙苯/苯乙烯装置
73.68,ST010132,%(m/m),2026-02-06 08:00:00,二乙苯,延炼12万吨/年乙苯/苯乙烯装置
8.14,ST010132,%(m/m),2026-02-06 08:00:00,重芳,延炼12万吨/年乙苯/苯乙烯装置
0.01,ST010132,%(m/m),2026-02-07 08:00:00,非  芳,延炼12万吨/年乙苯/苯乙烯装置
0.01,ST010132,%(m/m),2026-02-07 08:00:00,苯,延炼12万吨/年乙苯/苯乙烯装置
0.00,ST010132,%(m/m),2026-02-07 08:00:00,甲  苯,延炼12万吨/年乙苯/苯乙烯装置
1.76,ST010132,%(m/m),2026-02-07 08:00:00,乙  苯,延炼12万吨/年乙苯/苯乙烯装置
0.15,ST010132,%(m/m),2026-02-07 08:00:00,二甲苯,延炼12万吨/年乙苯/苯乙烯装置
5.94,ST010132,%(m/m),2026-02-07 08:00:00,异丙苯,延炼12万吨/年乙苯/苯乙烯装置
6.98,ST010132,%(m/m),2026-02-07 08:00:00,正丙苯,延炼12万吨/年乙苯/苯乙烯装置
1.03,ST010132,%(m/m),2026-02-07 08:00:00,甲乙苯,延炼12万吨/年乙苯/苯乙烯装置
2.31,ST010132,%(m/m),2026-02-07 08:00:00,丁苯,延炼12万吨/年乙苯/苯乙烯装置
73.52,ST010132,%(m/m),2026-02-07 08:00:00,二乙苯,延炼12万吨/年乙苯/苯乙烯装置
8.28,ST010132,%(m/m),2026-02-07 08:00:00,重芳,延炼12万吨/年乙苯/苯乙烯装置
0.01,ST010132,%(m/m),2026-02-08 08:00:00,非  芳,延炼12万吨/年乙苯/苯乙烯装置
0.00,ST010132,%(m/m),2026-02-08 08:00:00,苯,延炼12万吨/年乙苯/苯乙烯装置
0.00,ST010132,%(m/m),2026-02-08 08:00:00,甲  苯,延炼12万吨/年乙苯/苯乙烯装置
1.56,ST010132,%(m/m),2026-02-08 08:00:00,乙  苯,延炼12万吨/年乙苯/苯乙烯装置
0.14,ST010132,%(m/m),2026-02-08 08:00:00,二甲苯,延炼12万吨/年乙苯/苯乙烯装置
5.81,ST010132,%(m/m),2026-02-08 08:00:00,异丙苯,延炼12万吨/年乙苯/苯乙烯装置
6.98,ST010132,%(m/m),2026-02-08 08:00:00,正丙苯,延炼12万吨/年乙苯/苯乙烯装置
1.08,ST010132,%(m/m),2026-02-08 08:00:00,甲乙苯,延炼12万吨/年乙苯/苯乙烯装置
2.34,ST010132,%(m/m),2026-02-08 08:00:00,丁苯,延炼12万吨/年乙苯/苯乙烯装置
73.71,ST010132,%(m/m),2026-02-08 08:00:00,二乙苯,延炼12万吨/年乙苯/苯乙烯装置
8.37,ST010132,%(m/m),2026-02-08 08:00:00,重芳,延炼12万吨/年乙苯/苯乙烯装置
0.01,ST010132,%(m/m),2026-02-09 08:00:00,非  芳,延炼12万吨/年乙苯/苯乙烯装置
0.01,ST010132,%(m/m),2026-02-09 08:00:00,苯,延炼12万吨/年乙苯/苯乙烯装置
0.00,ST010132,%(m/m),2026-02-09 08:00:00,甲  苯,延炼12万吨/年乙苯/苯乙烯装置
0.73,ST010132,%(m/m),2026-02-09 08:00:00,乙  苯,延炼12万吨/年乙苯/苯乙烯装置
0.08,ST010132,%(m/m),2026-02-09 08:00:00,二甲苯,延炼12万吨/年乙苯/苯乙烯装置
5.22,ST010132,%(m/m),2026-02-09 08:00:00,异丙苯,延炼12万吨/年乙苯/苯乙烯装置
7.01,ST010132,%(m/m),2026-02-09 08:00:00,正丙苯,延炼12万吨/年乙苯/苯乙烯装置
1.07,ST010132,%(m/m),2026-02-09 08:00:00,甲乙苯,延炼12万吨/年乙苯/苯乙烯装置
2.36,ST010132,%(m/m),2026-02-09 08:00:00,丁苯,延炼12万吨/年乙苯/苯乙烯装置
74.96,ST010132,%(m/m),2026-02-09 08:00:00,二乙苯,延炼12万吨/年乙苯/苯乙烯装置
8.54,ST010132,%(m/m),2026-02-09 08:00:00,重芳,延炼12万吨/年乙苯/苯乙烯装置
0.01,ST010132,%(m/m),2026-02-10 08:00:00,非  芳,延炼12万吨/年乙苯/苯乙烯装置
0.01,ST010132,%(m/m),2026-02-10 08:00:00,苯,延炼12万吨/年乙苯/苯乙烯装置
0.00,ST010132,%(m/m),2026-02-10 08:00:00,甲  苯,延炼12万吨/年乙苯/苯乙烯装置
1.56,ST010132,%(m/m),2026-02-10 08:00:00,乙  苯,延炼12万吨/年乙苯/苯乙烯装置
0.14,ST010132,%(m/m),2026-02-10 08:00:00,二甲苯,延炼12万吨/年乙苯/苯乙烯装置
6.54,ST010132,%(m/m),2026-02-10 08:00:00,异丙苯,延炼12万吨/年乙苯/苯乙烯装置
7.57,ST010132,%(m/m),2026-02-10 08:00:00,正丙苯,延炼12万吨/年乙苯/苯乙烯装置
1.11,ST010132,%(m/m),2026-02-10 08:00:00,甲乙苯,延炼12万吨/年乙苯/苯乙烯装置
2.34,ST010132,%(m/m),2026-02-10 08:00:00,丁苯,延炼12万吨/年乙苯/苯乙烯装置
72.70,ST010132,%(m/m),2026-02-10 08:00:00,二乙苯,延炼12万吨/年乙苯/苯乙烯装置
8.03,ST010132,%(m/m),2026-02-10 08:00:00,重芳,延炼12万吨/年乙苯/苯乙烯装置
0.01,ST010132,%(m/m),2026-02-11 08:00:00,非  芳,延炼12万吨/年乙苯/苯乙烯装置
0.01,ST010132,%(m/m),2026-02-11 08:00:00,苯,延炼12万吨/年乙苯/苯乙烯装置
0.00,ST010132,%(m/m),2026-02-11 08:00:00,甲  苯,延炼12万吨/年乙苯/苯乙烯装置
1.22,ST010132,%(m/m),2026-02-11 08:00:00,乙  苯,延炼12万吨/年乙苯/苯乙烯装置
0.12,ST010132,%(m/m),2026-02-11 08:00:00,二甲苯,延炼12万吨/年乙苯/苯乙烯装置
5.77,ST010132,%(m/m),2026-02-11 08:00:00,异丙苯,延炼12万吨/年乙苯/苯乙烯装置
6.78,ST010132,%(m/m),2026-02-11 08:00:00,正丙苯,延炼12万吨/年乙苯/苯乙烯装置
1.04,ST010132,%(m/m),2026-02-11 08:00:00,甲乙苯,延炼12万吨/年乙苯/苯乙烯装置
2.35,ST010132,%(m/m),2026-02-11 08:00:00,丁苯,延炼12万吨/年乙苯/苯乙烯装置
74.34,ST010132,%(m/m),2026-02-11 08:00:00,二乙苯,延炼12万吨/年乙苯/苯乙烯装置
8.36,ST010132,%(m/m),2026-02-11 08:00:00,重芳,延炼12万吨/年乙苯/苯乙烯装置
0.01,ST010132,%(m/m),2026-02-12 08:00:00,非  芳,延炼12万吨/年乙苯/苯乙烯装置
0.01,ST010132,%(m/m),2026-02-12 08:00:00,苯,延炼12万吨/年乙苯/苯乙烯装置
0.00,ST010132,%(m/m),2026-02-12 08:00:00,甲  苯,延炼12万吨/年乙苯/苯乙烯装置
1.53,ST010132,%(m/m),2026-02-12 08:00:00,乙  苯,延炼12万吨/年乙苯/苯乙烯装置
0.14,ST010132,%(m/m),2026-02-12 08:00:00,二甲苯,延炼12万吨/年乙苯/苯乙烯装置
5.73,ST010132,%(m/m),2026-02-12 08:00:00,异丙苯,延炼12万吨/年乙苯/苯乙烯装置
6.41,ST010132,%(m/m),2026-02-12 08:00:00,正丙苯,延炼12万吨/年乙苯/苯乙烯装置
1.04,ST010132,%(m/m),2026-02-12 08:00:00,甲乙苯,延炼12万吨/年乙苯/苯乙烯装置
2.30,ST010132,%(m/m),2026-02-12 08:00:00,丁苯,延炼12万吨/年乙苯/苯乙烯装置
74.70,ST010132,%(m/m),2026-02-12 08:00:00,二乙苯,延炼12万吨/年乙苯/苯乙烯装置
8.12,ST010132,%(m/m),2026-02-12 08:00:00,重芳,延炼12万吨/年乙苯/苯乙烯装置
0.01,ST010132,%(m/m),2026-02-13 08:00:00,非  芳,延炼12万吨/年乙苯/苯乙烯装置
0.01,ST010132,%(m/m),2026-02-13 08:00:00,苯,延炼12万吨/年乙苯/苯乙烯装置
0.00,ST010132,%(m/m),2026-02-13 08:00:00,甲  苯,延炼12万吨/年乙苯/苯乙烯装置
2.31,ST010132,%(m/m),2026-02-13 08:00:00,乙  苯,延炼12万吨/年乙苯/苯乙烯装置
0.18,ST010132,%(m/m),2026-02-13 08:00:00,二甲苯,延炼12万吨/年乙苯/苯乙烯装置
5.46,ST010132,%(m/m),2026-02-13 08:00:00,异丙苯,延炼12万吨/年乙苯/苯乙烯装置
5.80,ST010132,%(m/m),2026-02-13 08:00:00,正丙苯,延炼12万吨/年乙苯/苯乙烯装置
1.05,ST010132,%(m/m),2026-02-13 08:00:00,甲乙苯,延炼12万吨/年乙苯/苯乙烯装置
2.28,ST010132,%(m/m),2026-02-13 08:00:00,丁苯,延炼12万吨/年乙苯/苯乙烯装置
74.93,ST010132,%(m/m),2026-02-13 08:00:00,二乙苯,延炼12万吨/年乙苯/苯乙烯装置
7.96,ST010132,%(m/m),2026-02-13 08:00:00,重芳,延炼12万吨/年乙苯/苯乙烯装置
0.01,ST010132,%(m/m),2026-02-14 08:00:00,非  芳,延炼12万吨/年乙苯/苯乙烯装置
0.00,ST010132,%(m/m),2026-02-14 08:00:00,苯,延炼12万吨/年乙苯/苯乙烯装置
0.00,ST010132,%(m/m),2026-02-14 08:00:00,甲  苯,延炼12万吨/年乙苯/苯乙烯装置
2.78,ST010132,%(m/m),2026-02-14 08:00:00,乙  苯,延炼12万吨/年乙苯/苯乙烯装置
0.19,ST010132,%(m/m),2026-02-14 08:00:00,二甲苯,延炼12万吨/年乙苯/苯乙烯装置
4.76,ST010132,%(m/m),2026-02-14 08:00:00,异丙苯,延炼12万吨/年乙苯/苯乙烯装置
4.96,ST010132,%(m/m),2026-02-14 08:00:00,正丙苯,延炼12万吨/年乙苯/苯乙烯装置
0.98,ST010132,%(m/m),2026-02-14 08:00:00,甲乙苯,延炼12万吨/年乙苯/苯乙烯装置
2.24,ST010132,%(m/m),2026-02-14 08:00:00,丁苯,延炼12万吨/年乙苯/苯乙烯装置
76.29,ST010132,%(m/m),2026-02-14 08:00:00,二乙苯,延炼12万吨/年乙苯/苯乙烯装置
7.77,ST010132,%(m/m),2026-02-14 08:00:00,重芳,延炼12万吨/年乙苯/苯乙烯装置
0.00,ST010132,%(m/m),2026-02-15 08:00:00,苯,延炼12万吨/年乙苯/苯乙烯装置
0.00,ST010132,%(m/m),2026-02-15 08:00:00,甲  苯,延炼12万吨/年乙苯/苯乙烯装置
0.01,ST010132,%(m/m),2026-02-15 08:00:00,非  芳,延炼12万吨/年乙苯/苯乙烯装置
1.78,ST010132,%(m/m),2026-02-15 08:00:00,乙  苯,延炼12万吨/年乙苯/苯乙烯装置
0.13,ST010132,%(m/m),2026-02-15 08:00:00,二甲苯,延炼12万吨/年乙苯/苯乙烯装置
4.54,ST010132,%(m/m),2026-02-15 08:00:00,异丙苯,延炼12万吨/年乙苯/苯乙烯装置
5.46,ST010132,%(m/m),2026-02-15 08:00:00,正丙苯,延炼12万吨/年乙苯/苯乙烯装置
0.92,ST010132,%(m/m),2026-02-15 08:00:00,甲乙苯,延炼12万吨/年乙苯/苯乙烯装置
2.24,ST010132,%(m/m),2026-02-15 08:00:00,丁苯,延炼12万吨/年乙苯/苯乙烯装置
77.07,ST010132,%(m/m),2026-02-15 08:00:00,二乙苯,延炼12万吨/年乙苯/苯乙烯装置
7.84,ST010132,%(m/m),2026-02-15 08:00:00,重芳,延炼12万吨/年乙苯/苯乙烯装置
0.01,ST010132,%(m/m),2026-02-16 08:00:00,非  芳,延炼12万吨/年乙苯/苯乙烯装置
0.00,ST010132,%(m/m),2026-02-16 08:00:00,苯,延炼12万吨/年乙苯/苯乙烯装置
0.00,ST010132,%(m/m),2026-02-16 08:00:00,甲  苯,延炼12万吨/年乙苯/苯乙烯装置
2.43,ST010132,%(m/m),2026-02-16 08:00:00,乙  苯,延炼12万吨/年乙苯/苯乙烯装置
0.16,ST010132,%(m/m),2026-02-16 08:00:00,二甲苯,延炼12万吨/年乙苯/苯乙烯装置
5.02,ST010132,%(m/m),2026-02-16 08:00:00,异丙苯,延炼12万吨/年乙苯/苯乙烯装置
5.87,ST010132,%(m/m),2026-02-16 08:00:00,正丙苯,延炼12万吨/年乙苯/苯乙烯装置
0.96,ST010132,%(m/m),2026-02-16 08:00:00,甲乙苯,延炼12万吨/年乙苯/苯乙烯装置
2.24,ST010132,%(m/m),2026-02-16 08:00:00,丁苯,延炼12万吨/年乙苯/苯乙烯装置
75.59,ST010132,%(m/m),2026-02-16 08:00:00,二乙苯,延炼12万吨/年乙苯/苯乙烯装置
7.72,ST010132,%(m/m),2026-02-16 08:00:00,重芳,延炼12万吨/年乙苯/苯乙烯装置
0.01,ST010132,%(m/m),2026-02-17 08:00:00,非  芳,延炼12万吨/年乙苯/苯乙烯装置
0.00,ST010132,%(m/m),2026-02-17 08:00:00,苯,延炼12万吨/年乙苯/苯乙烯装置
0.00,ST010132,%(m/m),2026-02-17 08:00:00,甲  苯,延炼12万吨/年乙苯/苯乙烯装置
2.73,ST010132,%(m/m),2026-02-17 08:00:00,乙  苯,延炼12万吨/年乙苯/苯乙烯装置
0.16,ST010132,%(m/m),2026-02-17 08:00:00,二甲苯,延炼12万吨/年乙苯/苯乙烯装置
4.97,ST010132,%(m/m),2026-02-17 08:00:00,异丙苯,延炼12万吨/年乙苯/苯乙烯装置
5.64,ST010132,%(m/m),2026-02-17 08:00:00,正丙苯,延炼12万吨/年乙苯/苯乙烯装置
1.02,ST010132,%(m/m),2026-02-17 08:00:00,甲乙苯,延炼12万吨/年乙苯/苯乙烯装置
2.23,ST010132,%(m/m),2026-02-17 08:00:00,丁苯,延炼12万吨/年乙苯/苯乙烯装置
75.35,ST010132,%(m/m),2026-02-17 08:00:00,二乙苯,延炼12万吨/年乙苯/苯乙烯装置
7.89,ST010132,%(m/m),2026-02-17 08:00:00,重芳,延炼12万吨/年乙苯/苯乙烯装置
0.01,ST010132,%(m/m),2026-02-18 08:00:00,非  芳,延炼12万吨/年乙苯/苯乙烯装置
0.00,ST010132,%(m/m),2026-02-18 08:00:00,苯,延炼12万吨/年乙苯/苯乙烯装置
0.00,ST010132,%(m/m),2026-02-18 08:00:00,甲  苯,延炼12万吨/年乙苯/苯乙烯装置
3.23,ST010132,%(m/m),2026-02-18 08:00:00,乙  苯,延炼12万吨/年乙苯/苯乙烯装置
0.18,ST010132,%(m/m),2026-02-18 08:00:00,二甲苯,延炼12万吨/年乙苯/苯乙烯装置
4.50,ST010132,%(m/m),2026-02-18 08:00:00,异丙苯,延炼12万吨/年乙苯/苯乙烯装置
4.93,ST010132,%(m/m),2026-02-18 08:00:00,正丙苯,延炼12万吨/年乙苯/苯乙烯装置
1.01,ST010132,%(m/m),2026-02-18 08:00:00,甲乙苯,延炼12万吨/年乙苯/苯乙烯装置
2.23,ST010132,%(m/m),2026-02-18 08:00:00,丁苯,延炼12万吨/年乙苯/苯乙烯装置
76.08,ST010132,%(m/m),2026-02-18 08:00:00,二乙苯,延炼12万吨/年乙苯/苯乙烯装置
7.82,ST010132,%(m/m),2026-02-18 08:00:00,重芳,延炼12万吨/年乙苯/苯乙烯装置
0.01,ST010132,%(m/m),2026-02-19 08:00:00,非  芳,延炼12万吨/年乙苯/苯乙烯装置
0.00,ST010132,%(m/m),2026-02-19 08:00:00,苯,延炼12万吨/年乙苯/苯乙烯装置
0.01,ST010132,%(m/m),2026-02-19 08:00:00,甲  苯,延炼12万吨/年乙苯/苯乙烯装置
3.95,ST010132,%(m/m),2026-02-19 08:00:00,乙  苯,延炼12万吨/年乙苯/苯乙烯装置
0.20,ST010132,%(m/m),2026-02-19 08:00:00,二甲苯,延炼12万吨/年乙苯/苯乙烯装置
4.27,ST010132,%(m/m),2026-02-19 08:00:00,异丙苯,延炼12万吨/年乙苯/苯乙烯装置
4.50,ST010132,%(m/m),2026-02-19 08:00:00,正丙苯,延炼12万吨/年乙苯/苯乙烯装置
1.03,ST010132,%(m/m),2026-02-19 08:00:00,甲乙苯,延炼12万吨/年乙苯/苯乙烯装置
2.23,ST010132,%(m/m),2026-02-19 08:00:00,丁苯,延炼12万吨/年乙苯/苯乙烯装置
76.26,ST010132,%(m/m),2026-02-19 08:00:00,二乙苯,延炼12万吨/年乙苯/苯乙烯装置
7.54,ST010132,%(m/m),2026-02-19 08:00:00,重芳,延炼12万吨/年乙苯/苯乙烯装置
0.01,ST010132,%(m/m),2026-02-20 08:00:00,非  芳,延炼12万吨/年乙苯/苯乙烯装置
0.00,ST010132,%(m/m),2026-02-20 08:00:00,苯,延炼12万吨/年乙苯/苯乙烯装置
0.01,ST010132,%(m/m),2026-02-20 08:00:00,甲  苯,延炼12万吨/年乙苯/苯乙烯装置
4.50,ST010132,%(m/m),2026-02-20 08:00:00,乙  苯,延炼12万吨/年乙苯/苯乙烯装置
0.21,ST010132,%(m/m),2026-02-20 08:00:00,二甲苯,延炼12万吨/年乙苯/苯乙烯装置
3.94,ST010132,%(m/m),2026-02-20 08:00:00,异丙苯,延炼12万吨/年乙苯/苯乙烯装置
4.17,ST010132,%(m/m),2026-02-20 08:00:00,正丙苯,延炼12万吨/年乙苯/苯乙烯装置
1.04,ST010132,%(m/m),2026-02-20 08:00:00,甲乙苯,延炼12万吨/年乙苯/苯乙烯装置
2.22,ST010132,%(m/m),2026-02-20 08:00:00,丁苯,延炼12万吨/年乙苯/苯乙烯装置
76.39,ST010132,%(m/m),2026-02-20 08:00:00,二乙苯,延炼12万吨/年乙苯/苯乙烯装置
7.52,ST010132,%(m/m),2026-02-20 08:00:00,重芳,延炼12万吨/年乙苯/苯乙烯装置
1.03,ST010132,%(m/m),2026-02-21 08:00:00,甲乙苯,延炼12万吨/年乙苯/苯乙烯装置
2.23,ST010132,%(m/m),2026-02-21 08:00:00,丁苯,延炼12万吨/年乙苯/苯乙烯装置
77.26,ST010132,%(m/m),2026-02-21 08:00:00,二乙苯,延炼12万吨/年乙苯/苯乙烯装置
7.46,ST010132,%(m/m),2026-02-21 08:00:00,重芳,延炼12万吨/年乙苯/苯乙烯装置
0.01,ST010132,%(m/m),2026-02-21 08:00:00,非  芳,延炼12万吨/年乙苯/苯乙烯装置
0.00,ST010132,%(m/m),2026-02-21 08:00:00,苯,延炼12万吨/年乙苯/苯乙烯装置
0.01,ST010132,%(m/m),2026-02-21 08:00:00,甲  苯,延炼12万吨/年乙苯/苯乙烯装置
4.28,ST010132,%(m/m),2026-02-21 08:00:00,乙  苯,延炼12万吨/年乙苯/苯乙烯装置
0.19,ST010132,%(m/m),2026-02-21 08:00:00,二甲苯,延炼12万吨/年乙苯/苯乙烯装置
3.65,ST010132,%(m/m),2026-02-21 08:00:00,异丙苯,延炼12万吨/年乙苯/苯乙烯装置
3.89,ST010132,%(m/m),2026-02-21 08:00:00,正丙苯,延炼12万吨/年乙苯/苯乙烯装置
0.01,ST010132,%(m/m),2026-02-22 08:00:00,非  芳,延炼12万吨/年乙苯/苯乙烯装置
0.00,ST010132,%(m/m),2026-02-22 08:00:00,苯,延炼12万吨/年乙苯/苯乙烯装置
0.01,ST010132,%(m/m),2026-02-22 08:00:00,甲  苯,延炼12万吨/年乙苯/苯乙烯装置
3.75,ST010132,%(m/m),2026-02-22 08:00:00,乙  苯,延炼12万吨/年乙苯/苯乙烯装置
0.17,ST010132,%(m/m),2026-02-22 08:00:00,二甲苯,延炼12万吨/年乙苯/苯乙烯装置
3.84,ST010132,%(m/m),2026-02-22 08:00:00,异丙苯,延炼12万吨/年乙苯/苯乙烯装置
4.28,ST010132,%(m/m),2026-02-22 08:00:00,正丙苯,延炼12万吨/年乙苯/苯乙烯装置
1.04,ST010132,%(m/m),2026-02-22 08:00:00,甲乙苯,延炼12万吨/年乙苯/苯乙烯装置
2.24,ST010132,%(m/m),2026-02-22 08:00:00,丁苯,延炼12万吨/年乙苯/苯乙烯装置
77.14,ST010132,%(m/m),2026-02-22 08:00:00,二乙苯,延炼12万吨/年乙苯/苯乙烯装置
7.53,ST010132,%(m/m),2026-02-22 08:00:00,重芳,延炼12万吨/年乙苯/苯乙烯装置
0.01,ST010132,%(m/m),2026-02-23 08:00:00,非  芳,延炼12万吨/年乙苯/苯乙烯装置
0.00,ST010132,%(m/m),2026-02-23 08:00:00,苯,延炼12万吨/年乙苯/苯乙烯装置
0.01,ST010132,%(m/m),2026-02-23 08:00:00,甲  苯,延炼12万吨/年乙苯/苯乙烯装置
4.13,ST010132,%(m/m),2026-02-23 08:00:00,乙  苯,延炼12万吨/年乙苯/苯乙烯装置
0.18,ST010132,%(m/m),2026-02-23 08:00:00,二甲苯,延炼12万吨/年乙苯/苯乙烯装置
3.88,ST010132,%(m/m),2026-02-23 08:00:00,异丙苯,延炼12万吨/年乙苯/苯乙烯装置
4.29,ST010132,%(m/m),2026-02-23 08:00:00,正丙苯,延炼12万吨/年乙苯/苯乙烯装置
1.05,ST010132,%(m/m),2026-02-23 08:00:00,甲乙苯,延炼12万吨/年乙苯/苯乙烯装置
2.22,ST010132,%(m/m),2026-02-23 08:00:00,丁苯,延炼12万吨/年乙苯/苯乙烯装置
76.66,ST010132,%(m/m),2026-02-23 08:00:00,二乙苯,延炼12万吨/年乙苯/苯乙烯装置
7.58,ST010132,%(m/m),2026-02-23 08:00:00,重芳,延炼12万吨/年乙苯/苯乙烯装置
0.01,ST010132,%(m/m),2026-02-24 08:00:00,非  芳,延炼12万吨/年乙苯/苯乙烯装置
0.00,ST010132,%(m/m),2026-02-24 08:00:00,苯,延炼12万吨/年乙苯/苯乙烯装置
0.01,ST010132,%(m/m),2026-02-24 08:00:00,甲  苯,延炼12万吨/年乙苯/苯乙烯装置
5.70,ST010132,%(m/m),2026-02-24 08:00:00,乙  苯,延炼12万吨/年乙苯/苯乙烯装置
0.22,ST010132,%(m/m),2026-02-24 08:00:00,二甲苯,延炼12万吨/年乙苯/苯乙烯装置
3.91,ST010132,%(m/m),2026-02-24 08:00:00,异丙苯,延炼12万吨/年乙苯/苯乙烯装置
4.05,ST010132,%(m/m),2026-02-24 08:00:00,正丙苯,延炼12万吨/年乙苯/苯乙烯装置
1.07,ST010132,%(m/m),2026-02-24 08:00:00,甲乙苯,延炼12万吨/年乙苯/苯乙烯装置
2.22,ST010132,%(m/m),2026-02-24 08:00:00,丁苯,延炼12万吨/年乙苯/苯乙烯装置
75.47,ST010132,%(m/m),2026-02-24 08:00:00,二乙苯,延炼12万吨/年乙苯/苯乙烯装置
7.35,ST010132,%(m/m),2026-02-24 08:00:00,重芳,延炼12万吨/年乙苯/苯乙烯装置
0.01,ST010132,%(m/m),2026-02-25 08:00:00,非  芳,延炼12万吨/年乙苯/苯乙烯装置
0.00,ST010132,%(m/m),2026-02-25 08:00:00,苯,延炼12万吨/年乙苯/苯乙烯装置
0.01,ST010132,%(m/m),2026-02-25 08:00:00,甲  苯,延炼12万吨/年乙苯/苯乙烯装置
2.83,ST010132,%(m/m),2026-02-25 08:00:00,乙  苯,延炼12万吨/年乙苯/苯乙烯装置
0.14,ST010132,%(m/m),2026-02-25 08:00:00,二甲苯,延炼12万吨/年乙苯/苯乙烯装置
3.15,ST010132,%(m/m),2026-02-25 08:00:00,异丙苯,延炼12万吨/年乙苯/苯乙烯装置
3.50,ST010132,%(m/m),2026-02-25 08:00:00,正丙苯,延炼12万吨/年乙苯/苯乙烯装置
0.97,ST010132,%(m/m),2026-02-25 08:00:00,甲乙苯,延炼12万吨/年乙苯/苯乙烯装置
2.24,ST010132,%(m/m),2026-02-25 08:00:00,丁苯,延炼12万吨/年乙苯/苯乙烯装置
79.55,ST010132,%(m/m),2026-02-25 08:00:00,二乙苯,延炼12万吨/年乙苯/苯乙烯装置
7.59,ST010132,%(m/m),2026-02-25 08:00:00,重芳,延炼12万吨/年乙苯/苯乙烯装置
0.01,ST010132,%(m/m),2026-02-26 08:00:00,非  芳,延炼12万吨/年乙苯/苯乙烯装置
0.00,ST010132,%(m/m),2026-02-26 08:00:00,苯,延炼12万吨/年乙苯/苯乙烯装置
0.01,ST010132,%(m/m),2026-02-26 08:00:00,甲  苯,延炼12万吨/年乙苯/苯乙烯装置
2.91,ST010132,%(m/m),2026-02-26 08:00:00,乙  苯,延炼12万吨/年乙苯/苯乙烯装置
0.14,ST010132,%(m/m),2026-02-26 08:00:00,二甲苯,延炼12万吨/年乙苯/苯乙烯装置
3.07,ST010132,%(m/m),2026-02-26 08:00:00,异丙苯,延炼12万吨/年乙苯/苯乙烯装置
3.37,ST010132,%(m/m),2026-02-26 08:00:00,正丙苯,延炼12万吨/年乙苯/苯乙烯装置
0.93,ST010132,%(m/m),2026-02-26 08:00:00,甲乙苯,延炼12万吨/年乙苯/苯乙烯装置
2.23,ST010132,%(m/m),2026-02-26 08:00:00,丁苯,延炼12万吨/年乙苯/苯乙烯装置
79.95,ST010132,%(m/m),2026-02-26 08:00:00,二乙苯,延炼12万吨/年乙苯/苯乙烯装置
7.37,ST010132,%(m/m),2026-02-26 08:00:00,重芳,延炼12万吨/年乙苯/苯乙烯装置
0.01,ST010132,%(m/m),2026-02-27 08:00:00,非  芳,延炼12万吨/年乙苯/苯乙烯装置
0.00,ST010132,%(m/m),2026-02-27 08:00:00,苯,延炼12万吨/年乙苯/苯乙烯装置
0.01,ST010132,%(m/m),2026-02-27 08:00:00,甲  苯,延炼12万吨/年乙苯/苯乙烯装置
3.54,ST010132,%(m/m),2026-02-27 08:00:00,乙  苯,延炼12万吨/年乙苯/苯乙烯装置
0.17,ST010132,%(m/m),2026-02-27 08:00:00,二甲苯,延炼12万吨/年乙苯/苯乙烯装置
3.37,ST010132,%(m/m),2026-02-27 08:00:00,异丙苯,延炼12万吨/年乙苯/苯乙烯装置
3.64,ST010132,%(m/m),2026-02-27 08:00:00,正丙苯,延炼12万吨/年乙苯/苯乙烯装置
0.99,ST010132,%(m/m),2026-02-27 08:00:00,甲乙苯,延炼12万吨/年乙苯/苯乙烯装置
2.22,ST010132,%(m/m),2026-02-27 08:00:00,丁苯,延炼12万吨/年乙苯/苯乙烯装置
78.94,ST010132,%(m/m),2026-02-27 08:00:00,二乙苯,延炼12万吨/年乙苯/苯乙烯装置
7.12,ST010132,%(m/m),2026-02-27 08:00:00,重芳,延炼12万吨/年乙苯/苯乙烯装置
0.01,ST010132,%(m/m),2026-02-28 08:00:00,非  芳,延炼12万吨/年乙苯/苯乙烯装置
0.00,ST010132,%(m/m),2026-02-28 08:00:00,苯,延炼12万吨/年乙苯/苯乙烯装置
0.01,ST010132,%(m/m),2026-02-28 08:00:00,甲  苯,延炼12万吨/年乙苯/苯乙烯装置
2.66,ST010132,%(m/m),2026-02-28 08:00:00,乙  苯,延炼12万吨/年乙苯/苯乙烯装置
0.14,ST010132,%(m/m),2026-02-28 08:00:00,二甲苯,延炼12万吨/年乙苯/苯乙烯装置
3.32,ST010132,%(m/m),2026-02-28 08:00:00,异丙苯,延炼12万吨/年乙苯/苯乙烯装置
3.75,ST010132,%(m/m),2026-02-28 08:00:00,正丙苯,延炼12万吨/年乙苯/苯乙烯装置
0.99,ST010132,%(m/m),2026-02-28 08:00:00,甲乙苯,延炼12万吨/年乙苯/苯乙烯装置
2.22,ST010132,%(m/m),2026-02-28 08:00:00,丁苯,延炼12万吨/年乙苯/苯乙烯装置
79.80,ST010132,%(m/m),2026-02-28 08:00:00,二乙苯,延炼12万吨/年乙苯/苯乙烯装置
7.12,ST010132,%(m/m),2026-02-28 08:00:00,重芳,延炼12万吨/年乙苯/苯乙烯装置
0.01,ST010132,%(m/m),2026-03-01 08:00:00,非  芳,延炼12万吨/年乙苯/苯乙烯装置
0.00,ST010132,%(m/m),2026-03-01 08:00:00,苯,延炼12万吨/年乙苯/苯乙烯装置
0.01,ST010132,%(m/m),2026-03-01 08:00:00,甲  苯,延炼12万吨/年乙苯/苯乙烯装置
2.85,ST010132,%(m/m),2026-03-01 08:00:00,乙  苯,延炼12万吨/年乙苯/苯乙烯装置
0.15,ST010132,%(m/m),2026-03-01 08:00:00,二甲苯,延炼12万吨/年乙苯/苯乙烯装置
3.49,ST010132,%(m/m),2026-03-01 08:00:00,异丙苯,延炼12万吨/年乙苯/苯乙烯装置
3.87,ST010132,%(m/m),2026-03-01 08:00:00,正丙苯,延炼12万吨/年乙苯/苯乙烯装置
1.00,ST010132,%(m/m),2026-03-01 08:00:00,甲乙苯,延炼12万吨/年乙苯/苯乙烯装置
2.18,ST010132,%(m/m),2026-03-01 08:00:00,丁苯,延炼12万吨/年乙苯/苯乙烯装置
79.12,ST010132,%(m/m),2026-03-01 08:00:00,二乙苯,延炼12万吨/年乙苯/苯乙烯装置
7.32,ST010132,%(m/m),2026-03-01 08:00:00,重芳,延炼12万吨/年乙苯/苯乙烯装置
0.01,ST010132,%(m/m),2026-03-02 08:00:00,非  芳,延炼12万吨/年乙苯/苯乙烯装置
0.00,ST010132,%(m/m),2026-03-02 08:00:00,苯,延炼12万吨/年乙苯/苯乙烯装置
0.01,ST010132,%(m/m),2026-03-02 08:00:00,甲  苯,延炼12万吨/年乙苯/苯乙烯装置
3.77,ST010132,%(m/m),2026-03-02 08:00:00,乙  苯,延炼12万吨/年乙苯/苯乙烯装置
0.18,ST010132,%(m/m),2026-03-02 08:00:00,二甲苯,延炼12万吨/年乙苯/苯乙烯装置
3.73,ST010132,%(m/m),2026-03-02 08:00:00,异丙苯,延炼12万吨/年乙苯/苯乙烯装置
3.93,ST010132,%(m/m),2026-03-02 08:00:00,正丙苯,延炼12万吨/年乙苯/苯乙烯装置
1.05,ST010132,%(m/m),2026-03-02 08:00:00,甲乙苯,延炼12万吨/年乙苯/苯乙烯装置
2.21,ST010132,%(m/m),2026-03-02 08:00:00,丁苯,延炼12万吨/年乙苯/苯乙烯装置
77.97,ST010132,%(m/m),2026-03-02 08:00:00,二乙苯,延炼12万吨/年乙苯/苯乙烯装置
7.12,ST010132,%(m/m),2026-03-02 08:00:00,重芳,延炼12万吨/年乙苯/苯乙烯装置
0.01,ST010132,%(m/m),2026-03-03 08:00:00,非  芳,延炼12万吨/年乙苯/苯乙烯装置
0.00,ST010132,%(m/m),2026-03-03 08:00:00,苯,延炼12万吨/年乙苯/苯乙烯装置
0.01,ST010132,%(m/m),2026-03-03 08:00:00,甲  苯,延炼12万吨/年乙苯/苯乙烯装置
4.16,ST010132,%(m/m),2026-03-03 08:00:00,乙  苯,延炼12万吨/年乙苯/苯乙烯装置
0.19,ST010132,%(m/m),2026-03-03 08:00:00,二甲苯,延炼12万吨/年乙苯/苯乙烯装置
3.52,ST010132,%(m/m),2026-03-03 08:00:00,异丙苯,延炼12万吨/年乙苯/苯乙烯装置
3.67,ST010132,%(m/m),2026-03-03 08:00:00,正丙苯,延炼12万吨/年乙苯/苯乙烯装置
1.10,ST010132,%(m/m),2026-03-03 08:00:00,甲乙苯,延炼12万吨/年乙苯/苯乙烯装置
2.22,ST010132,%(m/m),2026-03-03 08:00:00,丁苯,延炼12万吨/年乙苯/苯乙烯装置
77.72,ST010132,%(m/m),2026-03-03 08:00:00,二乙苯,延炼12万吨/年乙苯/苯乙烯装置
7.40,ST010132,%(m/m),2026-03-03 08:00:00,重芳,延炼12万吨/年乙苯/苯乙烯装置
0.01,ST010132,%(m/m),2026-03-04 08:00:00,非  芳,延炼12万吨/年乙苯/苯乙烯装置
0.01,ST010132,%(m/m),2026-03-04 08:00:00,苯,延炼12万吨/年乙苯/苯乙烯装置
0.01,ST010132,%(m/m),2026-03-04 08:00:00,甲  苯,延炼12万吨/年乙苯/苯乙烯装置
2.85,ST010132,%(m/m),2026-03-04 08:00:00,乙  苯,延炼12万吨/年乙苯/苯乙烯装置
0.15,ST010132,%(m/m),2026-03-04 08:00:00,二甲苯,延炼12万吨/年乙苯/苯乙烯装置
3.13,ST010132,%(m/m),2026-03-04 08:00:00,异丙苯,延炼12万吨/年乙苯/苯乙烯装置
3.42,ST010132,%(m/m),2026-03-04 08:00:00,正丙苯,延炼12万吨/年乙苯/苯乙烯装置
1.03,ST010132,%(m/m),2026-03-04 08:00:00,甲乙苯,延炼12万吨/年乙苯/苯乙烯装置
2.24,ST010132,%(m/m),2026-03-04 08:00:00,丁苯,延炼12万吨/年乙苯/苯乙烯装置
79.56,ST010132,%(m/m),2026-03-04 08:00:00,二乙苯,延炼12万吨/年乙苯/苯乙烯装置
7.61,ST010132,%(m/m),2026-03-04 08:00:00,重芳,延炼12万吨/年乙苯/苯乙烯装置
0.01,ST010132,%(m/m),2026-03-05 08:00:00,非  芳,延炼12万吨/年乙苯/苯乙烯装置
0.00,ST010132,%(m/m),2026-03-05 08:00:00,苯,延炼12万吨/年乙苯/苯乙烯装置
0.01,ST010132,%(m/m),2026-03-05 08:00:00,甲  苯,延炼12万吨/年乙苯/苯乙烯装置
3.36,ST010132,%(m/m),2026-03-05 08:00:00,乙  苯,延炼12万吨/年乙苯/苯乙烯装置
0.17,ST010132,%(m/m),2026-03-05 08:00:00,二甲苯,延炼12万吨/年乙苯/苯乙烯装置
3.14,ST010132,%(m/m),2026-03-05 08:00:00,异丙苯,延炼12万吨/年乙苯/苯乙烯装置
3.35,ST010132,%(m/m),2026-03-05 08:00:00,正丙苯,延炼12万吨/年乙苯/苯乙烯装置
0.98,ST010132,%(m/m),2026-03-05 08:00:00,甲乙苯,延炼12万吨/年乙苯/苯乙烯装置
2.24,ST010132,%(m/m),2026-03-05 08:00:00,丁苯,延炼12万吨/年乙苯/苯乙烯装置
79.34,ST010132,%(m/m),2026-03-05 08:00:00,二乙苯,延炼12万吨/年乙苯/苯乙烯装置
7.40,ST010132,%(m/m),2026-03-05 08:00:00,重芳,延炼12万吨/年乙苯/苯乙烯装置
0.01,ST010132,%(m/m),2026-03-06 08:00:00,非  芳,延炼12万吨/年乙苯/苯乙烯装置
0.00,ST010132,%(m/m),2026-03-06 08:00:00,苯,延炼12万吨/年乙苯/苯乙烯装置
0.01,ST010132,%(m/m),2026-03-06 08:00:00,甲  苯,延炼12万吨/年乙苯/苯乙烯装置
4.18,ST010132,%(m/m),2026-03-06 08:00:00,乙  苯,延炼12万吨/年乙苯/苯乙烯装置
0.19,ST010132,%(m/m),2026-03-06 08:00:00,二甲苯,延炼12万吨/年乙苯/苯乙烯装置
3.50,ST010132,%(m/m),2026-03-06 08:00:00,异丙苯,延炼12万吨/年乙苯/苯乙烯装置
3.58,ST010132,%(m/m),2026-03-06 08:00:00,正丙苯,延炼12万吨/年乙苯/苯乙烯装置
1.01,ST010132,%(m/m),2026-03-06 08:00:00,甲乙苯,延炼12万吨/年乙苯/苯乙烯装置
2.26,ST010132,%(m/m),2026-03-06 08:00:00,丁苯,延炼12万吨/年乙苯/苯乙烯装置
78.17,ST010132,%(m/m),2026-03-06 08:00:00,二乙苯,延炼12万吨/年乙苯/苯乙烯装置
7.10,ST010132,%(m/m),2026-03-06 08:00:00,重芳,延炼12万吨/年乙苯/苯乙烯装置
0.01,ST010132,%(m/m),2026-03-07 08:00:00,非  芳,延炼12万吨/年乙苯/苯乙烯装置
0.00,ST010132,%(m/m),2026-03-07 08:00:00,苯,延炼12万吨/年乙苯/苯乙烯装置
0.01,ST010132,%(m/m),2026-03-07 08:00:00,甲  苯,延炼12万吨/年乙苯/苯乙烯装置
3.64,ST010132,%(m/m),2026-03-07 08:00:00,乙  苯,延炼12万吨/年乙苯/苯乙烯装置
0.17,ST010132,%(m/m),2026-03-07 08:00:00,二甲苯,延炼12万吨/年乙苯/苯乙烯装置
3.39,ST010132,%(m/m),2026-03-07 08:00:00,异丙苯,延炼12万吨/年乙苯/苯乙烯装置
3.58,ST010132,%(m/m),2026-03-07 08:00:00,正丙苯,延炼12万吨/年乙苯/苯乙烯装置
1.00,ST010132,%(m/m),2026-03-07 08:00:00,甲乙苯,延炼12万吨/年乙苯/苯乙烯装置
2.26,ST010132,%(m/m),2026-03-07 08:00:00,丁苯,延炼12万吨/年乙苯/苯乙烯装置
78.83,ST010132,%(m/m),2026-03-07 08:00:00,二乙苯,延炼12万吨/年乙苯/苯乙烯装置
7.12,ST010132,%(m/m),2026-03-07 08:00:00,重芳,延炼12万吨/年乙苯/苯乙烯装置
0.01,ST010132,%(m/m),2026-03-08 08:00:00,非  芳,延炼12万吨/年乙苯/苯乙烯装置
0.00,ST010132,%(m/m),2026-03-08 08:00:00,苯,延炼12万吨/年乙苯/苯乙烯装置
0.01,ST010132,%(m/m),2026-03-08 08:00:00,甲  苯,延炼12万吨/年乙苯/苯乙烯装置
4.14,ST010132,%(m/m),2026-03-08 08:00:00,乙  苯,延炼12万吨/年乙苯/苯乙烯装置
0.16,ST010132,%(m/m),2026-03-08 08:00:00,二甲苯,延炼12万吨/年乙苯/苯乙烯装置
3.36,ST010132,%(m/m),2026-03-08 08:00:00,异丙苯,延炼12万吨/年乙苯/苯乙烯装置
3.62,ST010132,%(m/m),2026-03-08 08:00:00,正丙苯,延炼12万吨/年乙苯/苯乙烯装置
1.03,ST010132,%(m/m),2026-03-08 08:00:00,甲乙苯,延炼12万吨/年乙苯/苯乙烯装置
2.27,ST010132,%(m/m),2026-03-08 08:00:00,丁苯,延炼12万吨/年乙苯/苯乙烯装置
78.09,ST010132,%(m/m),2026-03-08 08:00:00,二乙苯,延炼12万吨/年乙苯/苯乙烯装置
7.32,ST010132,%(m/m),2026-03-08 08:00:00,重芳,延炼12万吨/年乙苯/苯乙烯装置
0.01,ST010132,%(m/m),2026-03-09 08:00:00,非  芳,延炼12万吨/年乙苯/苯乙烯装置
0.00,ST010132,%(m/m),2026-03-09 08:00:00,苯,延炼12万吨/年乙苯/苯乙烯装置
0.01,ST010132,%(m/m),2026-03-09 08:00:00,甲  苯,延炼12万吨/年乙苯/苯乙烯装置
3.57,ST010132,%(m/m),2026-03-09 08:00:00,乙  苯,延炼12万吨/年乙苯/苯乙烯装置
0.17,ST010132,%(m/m),2026-03-09 08:00:00,二甲苯,延炼12万吨/年乙苯/苯乙烯装置
3.37,ST010132,%(m/m),2026-03-09 08:00:00,异丙苯,延炼12万吨/年乙苯/苯乙烯装置
3.64,ST010132,%(m/m),2026-03-09 08:00:00,正丙苯,延炼12万吨/年乙苯/苯乙烯装置
1.04,ST010132,%(m/m),2026-03-09 08:00:00,甲乙苯,延炼12万吨/年乙苯/苯乙烯装置
2.27,ST010132,%(m/m),2026-03-09 08:00:00,丁苯,延炼12万吨/年乙苯/苯乙烯装置
78.35,ST010132,%(m/m),2026-03-09 08:00:00,二乙苯,延炼12万吨/年乙苯/苯乙烯装置
7.57,ST010132,%(m/m),2026-03-09 08:00:00,重芳,延炼12万吨/年乙苯/苯乙烯装置
0.01,ST010132,%(m/m),2026-03-10 08:00:00,非  芳,延炼12万吨/年乙苯/苯乙烯装置
0.00,ST010132,%(m/m),2026-03-10 08:00:00,苯,延炼12万吨/年乙苯/苯乙烯装置
0.01,ST010132,%(m/m),2026-03-10 08:00:00,甲  苯,延炼12万吨/年乙苯/苯乙烯装置
2.97,ST010132,%(m/m),2026-03-10 08:00:00,乙  苯,延炼12万吨/年乙苯/苯乙烯装置
0.15,ST010132,%(m/m),2026-03-10 08:00:00,二甲苯,延炼12万吨/年乙苯/苯乙烯装置
3.23,ST010132,%(m/m),2026-03-10 08:00:00,异丙苯,延炼12万吨/年乙苯/苯乙烯装置
3.60,ST010132,%(m/m),2026-03-10 08:00:00,正丙苯,延炼12万吨/年乙苯/苯乙烯装置
1.03,ST010132,%(m/m),2026-03-10 08:00:00,甲乙苯,延炼12万吨/年乙苯/苯乙烯装置
2.29,ST010132,%(m/m),2026-03-10 08:00:00,丁苯,延炼12万吨/年乙苯/苯乙烯装置
79.15,ST010132,%(m/m),2026-03-10 08:00:00,二乙苯,延炼12万吨/年乙苯/苯乙烯装置
7.58,ST010132,%(m/m),2026-03-10 08:00:00,重芳,延炼12万吨/年乙苯/苯乙烯装置
0.01,ST010132,%(m/m),2026-03-11 08:00:00,非  芳,延炼12万吨/年乙苯/苯乙烯装置
0.00,ST010132,%(m/m),2026-03-11 08:00:00,苯,延炼12万吨/年乙苯/苯乙烯装置
0.01,ST010132,%(m/m),2026-03-11 08:00:00,甲  苯,延炼12万吨/年乙苯/苯乙烯装置
2.68,ST010132,%(m/m),2026-03-11 08:00:00,乙  苯,延炼12万吨/年乙苯/苯乙烯装置
0.14,ST010132,%(m/m),2026-03-11 08:00:00,二甲苯,延炼12万吨/年乙苯/苯乙烯装置
3.28,ST010132,%(m/m),2026-03-11 08:00:00,异丙苯,延炼12万吨/年乙苯/苯乙烯装置
3.73,ST010132,%(m/m),2026-03-11 08:00:00,正丙苯,延炼12万吨/年乙苯/苯乙烯装置
0.98,ST010132,%(m/m),2026-03-11 08:00:00,甲乙苯,延炼12万吨/年乙苯/苯乙烯装置
2.25,ST010132,%(m/m),2026-03-11 08:00:00,丁苯,延炼12万吨/年乙苯/苯乙烯装置
79.23,ST010132,%(m/m),2026-03-11 08:00:00,二乙苯,延炼12万吨/年乙苯/苯乙烯装置
7.70,ST010132,%(m/m),2026-03-11 08:00:00,重芳,延炼12万吨/年乙苯/苯乙烯装置
0.01,ST010132,%(m/m),2026-03-12 08:00:00,非  芳,延炼12万吨/年乙苯/苯乙烯装置
0.00,ST010132,%(m/m),2026-03-12 08:00:00,苯,延炼12万吨/年乙苯/苯乙烯装置
0.01,ST010132,%(m/m),2026-03-12 08:00:00,甲  苯,延炼12万吨/年乙苯/苯乙烯装置
3.92,ST010132,%(m/m),2026-03-12 08:00:00,乙  苯,延炼12万吨/年乙苯/苯乙烯装置
0.17,ST010132,%(m/m),2026-03-12 08:00:00,二甲苯,延炼12万吨/年乙苯/苯乙烯装置
3.73,ST010132,%(m/m),2026-03-12 08:00:00,异丙苯,延炼12万吨/年乙苯/苯乙烯装置
4.13,ST010132,%(m/m),2026-03-12 08:00:00,正丙苯,延炼12万吨/年乙苯/苯乙烯装置
0.91,ST010132,%(m/m),2026-03-12 08:00:00,甲乙苯,延炼12万吨/年乙苯/苯乙烯装置
2.27,ST010132,%(m/m),2026-03-12 08:00:00,丁苯,延炼12万吨/年乙苯/苯乙烯装置
77.58,ST010132,%(m/m),2026-03-12 08:00:00,二乙苯,延炼12万吨/年乙苯/苯乙烯装置
7.27,ST010132,%(m/m),2026-03-12 08:00:00,重芳,延炼12万吨/年乙苯/苯乙烯装置
0.01,ST010132,%(m/m),2026-03-13 08:00:00,非  芳,延炼12万吨/年乙苯/苯乙烯装置
0.00,ST010132,%(m/m),2026-03-13 08:00:00,苯,延炼12万吨/年乙苯/苯乙烯装置
0.01,ST010132,%(m/m),2026-03-13 08:00:00,甲  苯,延炼12万吨/年乙苯/苯乙烯装置
2.78,ST010132,%(m/m),2026-03-13 08:00:00,乙  苯,延炼12万吨/年乙苯/苯乙烯装置
0.15,ST010132,%(m/m),2026-03-13 08:00:00,二甲苯,延炼12万吨/年乙苯/苯乙烯装置
3.68,ST010132,%(m/m),2026-03-13 08:00:00,异丙苯,延炼12万吨/年乙苯/苯乙烯装置
4.30,ST010132,%(m/m),2026-03-13 08:00:00,正丙苯,延炼12万吨/年乙苯/苯乙烯装置
0.85,ST010132,%(m/m),2026-03-13 08:00:00,甲乙苯,延炼12万吨/年乙苯/苯乙烯装置
2.31,ST010132,%(m/m),2026-03-13 08:00:00,丁苯,延炼12万吨/年乙苯/苯乙烯装置
78.50,ST010132,%(m/m),2026-03-13 08:00:00,二乙苯,延炼12万吨/年乙苯/苯乙烯装置
7.42,ST010132,%(m/m),2026-03-13 08:00:00,重芳,延炼12万吨/年乙苯/苯乙烯装置
0.01,ST010132,%(m/m),2026-03-14 08:00:00,非  芳,延炼12万吨/年乙苯/苯乙烯装置
0.00,ST010132,%(m/m),2026-03-14 08:00:00,苯,延炼12万吨/年乙苯/苯乙烯装置
0.01,ST010132,%(m/m),2026-03-14 08:00:00,甲  苯,延炼12万吨/年乙苯/苯乙烯装置
2.69,ST010132,%(m/m),2026-03-14 08:00:00,乙  苯,延炼12万吨/年乙苯/苯乙烯装置
0.15,ST010132,%(m/m),2026-03-14 08:00:00,二甲苯,延炼12万吨/年乙苯/苯乙烯装置
4.33,ST010132,%(m/m),2026-03-14 08:00:00,异丙苯,延炼12万吨/年乙苯/苯乙烯装置
5.13,ST010132,%(m/m),2026-03-14 08:00:00,正丙苯,延炼12万吨/年乙苯/苯乙烯装置
0.86,ST010132,%(m/m),2026-03-14 08:00:00,甲乙苯,延炼12万吨/年乙苯/苯乙烯装置
2.36,ST010132,%(m/m),2026-03-14 08:00:00,丁苯,延炼12万吨/年乙苯/苯乙烯装置
76.94,ST010132,%(m/m),2026-03-14 08:00:00,二乙苯,延炼12万吨/年乙苯/苯乙烯装置
7.52,ST010132,%(m/m),2026-03-14 08:00:00,重芳,延炼12万吨/年乙苯/苯乙烯装置
0.01,ST010132,%(m/m),2026-03-15 08:00:00,非  芳,延炼12万吨/年乙苯/苯乙烯装置
0.00,ST010132,%(m/m),2026-03-15 08:00:00,苯,延炼12万吨/年乙苯/苯乙烯装置
0.01,ST010132,%(m/m),2026-03-15 08:00:00,甲  苯,延炼12万吨/年乙苯/苯乙烯装置
1.68,ST010132,%(m/m),2026-03-15 08:00:00,乙  苯,延炼12万吨/年乙苯/苯乙烯装置
0.11,ST010132,%(m/m),2026-03-15 08:00:00,二甲苯,延炼12万吨/年乙苯/苯乙烯装置
4.23,ST010132,%(m/m),2026-03-15 08:00:00,异丙苯,延炼12万吨/年乙苯/苯乙烯装置
5.34,ST010132,%(m/m),2026-03-15 08:00:00,正丙苯,延炼12万吨/年乙苯/苯乙烯装置
0.87,ST010132,%(m/m),2026-03-15 08:00:00,甲乙苯,延炼12万吨/年乙苯/苯乙烯装置
2.33,ST010132,%(m/m),2026-03-15 08:00:00,丁苯,延炼12万吨/年乙苯/苯乙烯装置
76.47,ST010132,%(m/m),2026-03-15 08:00:00,二乙苯,延炼12万吨/年乙苯/苯乙烯装置
8.95,ST010132,%(m/m),2026-03-15 08:00:00,重芳,延炼12万吨/年乙苯/苯乙烯装置
0.01,ST010132,%(m/m),2026-03-16 08:00:00,非  芳,延炼12万吨/年乙苯/苯乙烯装置
0.00,ST010132,%(m/m),2026-03-16 08:00:00,苯,延炼12万吨/年乙苯/苯乙烯装置
0.01,ST010132,%(m/m),2026-03-16 08:00:00,甲  苯,延炼12万吨/年乙苯/苯乙烯装置
2.10,ST010132,%(m/m),2026-03-16 08:00:00,乙  苯,延炼12万吨/年乙苯/苯乙烯装置
0.14,ST010132,%(m/m),2026-03-16 08:00:00,二甲苯,延炼12万吨/年乙苯/苯乙烯装置
4.84,ST010132,%(m/m),2026-03-16 08:00:00,异丙苯,延炼12万吨/年乙苯/苯乙烯装置
5.77,ST010132,%(m/m),2026-03-16 08:00:00,正丙苯,延炼12万吨/年乙苯/苯乙烯装置
0.98,ST010132,%(m/m),2026-03-16 08:00:00,甲乙苯,延炼12万吨/年乙苯/苯乙烯装置
2.38,ST010132,%(m/m),2026-03-16 08:00:00,丁苯,延炼12万吨/年乙苯/苯乙烯装置
75.52,ST010132,%(m/m),2026-03-16 08:00:00,二乙苯,延炼12万吨/年乙苯/苯乙烯装置
8.27,ST010132,%(m/m),2026-03-16 08:00:00,重芳,延炼12万吨/年乙苯/苯乙烯装置
0.01,ST010132,%(m/m),2026-03-17 08:00:00,非  芳,延炼12万吨/年乙苯/苯乙烯装置
0.01,ST010132,%(m/m),2026-03-17 08:00:00,苯,延炼12万吨/年乙苯/苯乙烯装置
0.00,ST010132,%(m/m),2026-03-17 08:00:00,甲  苯,延炼12万吨/年乙苯/苯乙烯装置
1.62,ST010132,%(m/m),2026-03-17 08:00:00,乙  苯,延炼12万吨/年乙苯/苯乙烯装置
0.12,ST010132,%(m/m),2026-03-17 08:00:00,二甲苯,延炼12万吨/年乙苯/苯乙烯装置
4.84,ST010132,%(m/m),2026-03-17 08:00:00,异丙苯,延炼12万吨/年乙苯/苯乙烯装置
5.84,ST010132,%(m/m),2026-03-17 08:00:00,正丙苯,延炼12万吨/年乙苯/苯乙烯装置
1.06,ST010132,%(m/m),2026-03-17 08:00:00,甲乙苯,延炼12万吨/年乙苯/苯乙烯装置
2.39,ST010132,%(m/m),2026-03-17 08:00:00,丁苯,延炼12万吨/年乙苯/苯乙烯装置
76.30,ST010132,%(m/m),2026-03-17 08:00:00,二乙苯,延炼12万吨/年乙苯/苯乙烯装置
7.80,ST010132,%(m/m),2026-03-17 08:00:00,重芳,延炼12万吨/年乙苯/苯乙烯装置
0.01,ST010132,%(m/m),2026-03-18 08:00:00,非  芳,延炼12万吨/年乙苯/苯乙烯装置
0.00,ST010132,%(m/m),2026-03-18 08:00:00,苯,延炼12万吨/年乙苯/苯乙烯装置
0.01,ST010132,%(m/m),2026-03-18 08:00:00,甲  苯,延炼12万吨/年乙苯/苯乙烯装置
2.33,ST010132,%(m/m),2026-03-18 08:00:00,乙  苯,延炼12万吨/年乙苯/苯乙烯装置
0.16,ST010132,%(m/m),2026-03-18 08:00:00,二甲苯,延炼12万吨/年乙苯/苯乙烯装置
5.33,ST010132,%(m/m),2026-03-18 08:00:00,异丙苯,延炼12万吨/年乙苯/苯乙烯装置
6.10,ST010132,%(m/m),2026-03-18 08:00:00,正丙苯,延炼12万吨/年乙苯/苯乙烯装置
1.05,ST010132,%(m/m),2026-03-18 08:00:00,甲乙苯,延炼12万吨/年乙苯/苯乙烯装置
2.31,ST010132,%(m/m),2026-03-18 08:00:00,丁苯,延炼12万吨/年乙苯/苯乙烯装置
75.12,ST010132,%(m/m),2026-03-18 08:00:00,二乙苯,延炼12万吨/年乙苯/苯乙烯装置
7.59,ST010132,%(m/m),2026-03-18 08:00:00,重芳,延炼12万吨/年乙苯/苯乙烯装置
0.01,ST010132,%(m/m),2026-03-19 08:00:00,非  芳,延炼12万吨/年乙苯/苯乙烯装置
0.01,ST010132,%(m/m),2026-03-19 08:00:00,苯,延炼12万吨/年乙苯/苯乙烯装置
0.01,ST010132,%(m/m),2026-03-19 08:00:00,甲  苯,延炼12万吨/年乙苯/苯乙烯装置
2.06,ST010132,%(m/m),2026-03-19 08:00:00,乙  苯,延炼12万吨/年乙苯/苯乙烯装置
0.15,ST010132,%(m/m),2026-03-19 08:00:00,二甲苯,延炼12万吨/年乙苯/苯乙烯装置
4.81,ST010132,%(m/m),2026-03-19 08:00:00,异丙苯,延炼12万吨/年乙苯/苯乙烯装置
5.53,ST010132,%(m/m),2026-03-19 08:00:00,正丙苯,延炼12万吨/年乙苯/苯乙烯装置
1.02,ST010132,%(m/m),2026-03-19 08:00:00,甲乙苯,延炼12万吨/年乙苯/苯乙烯装置
2.24,ST010132,%(m/m),2026-03-19 08:00:00,丁苯,延炼12万吨/年乙苯/苯乙烯装置
76.52,ST010132,%(m/m),2026-03-19 08:00:00,二乙苯,延炼12万吨/年乙苯/苯乙烯装置
7.64,ST010132,%(m/m),2026-03-19 08:00:00,重芳,延炼12万吨/年乙苯/苯乙烯装置
0.01,ST010132,%(m/m),2026-03-20 08:00:00,非  芳,延炼12万吨/年乙苯/苯乙烯装置
0.00,ST010132,%(m/m),2026-03-20 08:00:00,苯,延炼12万吨/年乙苯/苯乙烯装置
0.01,ST010132,%(m/m),2026-03-20 08:00:00,甲  苯,延炼12万吨/年乙苯/苯乙烯装置
1.62,ST010132,%(m/m),2026-03-20 08:00:00,乙  苯,延炼12万吨/年乙苯/苯乙烯装置
0.13,ST010132,%(m/m),2026-03-20 08:00:00,二甲苯,延炼12万吨/年乙苯/苯乙烯装置
4.31,ST010132,%(m/m),2026-03-20 08:00:00,异丙苯,延炼12万吨/年乙苯/苯乙烯装置
5.13,ST010132,%(m/m),2026-03-20 08:00:00,正丙苯,延炼12万吨/年乙苯/苯乙烯装置
0.96,ST010132,%(m/m),2026-03-20 08:00:00,甲乙苯,延炼12万吨/年乙苯/苯乙烯装置
2.22,ST010132,%(m/m),2026-03-20 08:00:00,丁苯,延炼12万吨/年乙苯/苯乙烯装置
77.81,ST010132,%(m/m),2026-03-20 08:00:00,二乙苯,延炼12万吨/年乙苯/苯乙烯装置
7.81,ST010132,%(m/m),2026-03-20 08:00:00,重芳,延炼12万吨/年乙苯/苯乙烯装置
0.01,ST010132,%(m/m),2026-03-21 08:00:00,甲  苯,延炼12万吨/年乙苯/苯乙烯装置
1.45,ST010132,%(m/m),2026-03-21 08:00:00,乙  苯,延炼12万吨/年乙苯/苯乙烯装置
0.12,ST010132,%(m/m),2026-03-21 08:00:00,二甲苯,延炼12万吨/年乙苯/苯乙烯装置
3.93,ST010132,%(m/m),2026-03-21 08:00:00,异丙苯,延炼12万吨/年乙苯/苯乙烯装置
4.87,ST010132,%(m/m),2026-03-21 08:00:00,正丙苯,延炼12万吨/年乙苯/苯乙烯装置
0.93,ST010132,%(m/m),2026-03-21 08:00:00,甲乙苯,延炼12万吨/年乙苯/苯乙烯装置
2.20,ST010132,%(m/m),2026-03-21 08:00:00,丁苯,延炼12万吨/年乙苯/苯乙烯装置
78.52,ST010132,%(m/m),2026-03-21 08:00:00,二乙苯,延炼12万吨/年乙苯/苯乙烯装置
7.95,ST010132,%(m/m),2026-03-21 08:00:00,重芳,延炼12万吨/年乙苯/苯乙烯装置
0.01,ST010132,%(m/m),2026-03-21 08:00:00,非  芳,延炼12万吨/年乙苯/苯乙烯装置
0.00,ST010132,%(m/m),2026-03-21 08:00:00,苯,延炼12万吨/年乙苯/苯乙烯装置
4.69,ST010132,%(m/m),2026-03-22 08:00:00,异丙苯,延炼12万吨/年乙苯/苯乙烯装置
5.41,ST010132,%(m/m),2026-03-22 08:00:00,正丙苯,延炼12万吨/年乙苯/苯乙烯装置
0.97,ST010132,%(m/m),2026-03-22 08:00:00,甲乙苯,延炼12万吨/年乙苯/苯乙烯装置
2.19,ST010132,%(m/m),2026-03-22 08:00:00,丁苯,延炼12万吨/年乙苯/苯乙烯装置
76.18,ST010132,%(m/m),2026-03-22 08:00:00,二乙苯,延炼12万吨/年乙苯/苯乙烯装置
7.61,ST010132,%(m/m),2026-03-22 08:00:00,重芳,延炼12万吨/年乙苯/苯乙烯装置
0.01,ST010132,%(m/m),2026-03-22 08:00:00,非  芳,延炼12万吨/年乙苯/苯乙烯装置
0.00,ST010132,%(m/m),2026-03-22 08:00:00,苯,延炼12万吨/年乙苯/苯乙烯装置
0.01,ST010132,%(m/m),2026-03-22 08:00:00,甲  苯,延炼12万吨/年乙苯/苯乙烯装置
2.77,ST010132,%(m/m),2026-03-22 08:00:00,乙  苯,延炼12万吨/年乙苯/苯乙烯装置
0.18,ST010132,%(m/m),2026-03-22 08:00:00,二甲苯,延炼12万吨/年乙苯/苯乙烯装置
0.01,ST010132,%(m/m),2026-03-23 08:00:00,非  芳,延炼12万吨/年乙苯/苯乙烯装置
0.00,ST010132,%(m/m),2026-03-23 08:00:00,苯,延炼12万吨/年乙苯/苯乙烯装置
0.01,ST010132,%(m/m),2026-03-23 08:00:00,甲  苯,延炼12万吨/年乙苯/苯乙烯装置
2.60,ST010132,%(m/m),2026-03-23 08:00:00,乙  苯,延炼12万吨/年乙苯/苯乙烯装置
0.17,ST010132,%(m/m),2026-03-23 08:00:00,二甲苯,延炼12万吨/年乙苯/苯乙烯装置
4.70,ST010132,%(m/m),2026-03-23 08:00:00,异丙苯,延炼12万吨/年乙苯/苯乙烯装置
5.51,ST010132,%(m/m),2026-03-23 08:00:00,正丙苯,延炼12万吨/年乙苯/苯乙烯装置
0.92,ST010132,%(m/m),2026-03-23 08:00:00,甲乙苯,延炼12万吨/年乙苯/苯乙烯装置
2.18,ST010132,%(m/m),2026-03-23 08:00:00,丁苯,延炼12万吨/年乙苯/苯乙烯装置
76.28,ST010132,%(m/m),2026-03-23 08:00:00,二乙苯,延炼12万吨/年乙苯/苯乙烯装置
7.61,ST010132,%(m/m),2026-03-23 08:00:00,重芳,延炼12万吨/年乙苯/苯乙烯装置
0.01,ST010132,%(m/m),2026-03-24 08:00:00,非  芳,延炼12万吨/年乙苯/苯乙烯装置
0.00,ST010132,%(m/m),2026-03-24 08:00:00,苯,延炼12万吨/年乙苯/苯乙烯装置
0.00,ST010132,%(m/m),2026-03-24 08:00:00,甲  苯,延炼12万吨/年乙苯/苯乙烯装置
2.35,ST010132,%(m/m),2026-03-24 08:00:00,乙  苯,延炼12万吨/年乙苯/苯乙烯装置
0.16,ST010132,%(m/m),2026-03-24 08:00:00,二甲苯,延炼12万吨/年乙苯/苯乙烯装置
4.40,ST010132,%(m/m),2026-03-24 08:00:00,异丙苯,延炼12万吨/年乙苯/苯乙烯装置
5.25,ST010132,%(m/m),2026-03-24 08:00:00,正丙苯,延炼12万吨/年乙苯/苯乙烯装置
0.93,ST010132,%(m/m),2026-03-24 08:00:00,甲乙苯,延炼12万吨/年乙苯/苯乙烯装置
2.21,ST010132,%(m/m),2026-03-24 08:00:00,丁苯,延炼12万吨/年乙苯/苯乙烯装置
76.96,ST010132,%(m/m),2026-03-24 08:00:00,二乙苯,延炼12万吨/年乙苯/苯乙烯装置
7.73,ST010132,%(m/m),2026-03-24 08:00:00,重芳,延炼12万吨/年乙苯/苯乙烯装置
0.01,ST010132,%(m/m),2026-03-25 08:00:00,非  芳,延炼12万吨/年乙苯/苯乙烯装置
0.00,ST010132,%(m/m),2026-03-25 08:00:00,苯,延炼12万吨/年乙苯/苯乙烯装置
0.01,ST010132,%(m/m),2026-03-25 08:00:00,甲  苯,延炼12万吨/年乙苯/苯乙烯装置
2.19,ST010132,%(m/m),2026-03-25 08:00:00,乙  苯,延炼12万吨/年乙苯/苯乙烯装置
0.15,ST010132,%(m/m),2026-03-25 08:00:00,二甲苯,延炼12万吨/年乙苯/苯乙烯装置
4.28,ST010132,%(m/m),2026-03-25 08:00:00,异丙苯,延炼12万吨/年乙苯/苯乙烯装置
5.16,ST010132,%(m/m),2026-03-25 08:00:00,正丙苯,延炼12万吨/年乙苯/苯乙烯装置
0.92,ST010132,%(m/m),2026-03-25 08:00:00,甲乙苯,延炼12万吨/年乙苯/苯乙烯装置
2.16,ST010132,%(m/m),2026-03-25 08:00:00,丁苯,延炼12万吨/年乙苯/苯乙烯装置
77.50,ST010132,%(m/m),2026-03-25 08:00:00,二乙苯,延炼12万吨/年乙苯/苯乙烯装置
7.62,ST010132,%(m/m),2026-03-25 08:00:00,重芳,延炼12万吨/年乙苯/苯乙烯装置
0.01,ST010132,%(m/m),2026-03-26 08:00:00,非  芳,延炼12万吨/年乙苯/苯乙烯装置
0.00,ST010132,%(m/m),2026-03-26 08:00:00,苯,延炼12万吨/年乙苯/苯乙烯装置
0.00,ST010132,%(m/m),2026-03-26 08:00:00,甲  苯,延炼12万吨/年乙苯/苯乙烯装置
2.87,ST010132,%(m/m),2026-03-26 08:00:00,乙  苯,延炼12万吨/年乙苯/苯乙烯装置
0.18,ST010132,%(m/m),2026-03-26 08:00:00,二甲苯,延炼12万吨/年乙苯/苯乙烯装置
4.19,ST010132,%(m/m),2026-03-26 08:00:00,异丙苯,延炼12万吨/年乙苯/苯乙烯装置
4.90,ST010132,%(m/m),2026-03-26 08:00:00,正丙苯,延炼12万吨/年乙苯/苯乙烯装置
0.98,ST010132,%(m/m),2026-03-26 08:00:00,甲乙苯,延炼12万吨/年乙苯/苯乙烯装置
2.18,ST010132,%(m/m),2026-03-26 08:00:00,丁苯,延炼12万吨/年乙苯/苯乙烯装置
76.83,ST010132,%(m/m),2026-03-26 08:00:00,二乙苯,延炼12万吨/年乙苯/苯乙烯装置
7.87,ST010132,%(m/m),2026-03-26 08:00:00,重芳,延炼12万吨/年乙苯/苯乙烯装置
0.01,ST010132,%(m/m),2026-03-27 08:00:00,非  芳,延炼12万吨/年乙苯/苯乙烯装置
0.00,ST010132,%(m/m),2026-03-27 08:00:00,苯,延炼12万吨/年乙苯/苯乙烯装置
0.01,ST010132,%(m/m),2026-03-27 08:00:00,甲  苯,延炼12万吨/年乙苯/苯乙烯装置
3.47,ST010132,%(m/m),2026-03-27 08:00:00,乙  苯,延炼12万吨/年乙苯/苯乙烯装置
0.20,ST010132,%(m/m),2026-03-27 08:00:00,二甲苯,延炼12万吨/年乙苯/苯乙烯装置
3.92,ST010132,%(m/m),2026-03-27 08:00:00,异丙苯,延炼12万吨/年乙苯/苯乙烯装置
4.40,ST010132,%(m/m),2026-03-27 08:00:00,正丙苯,延炼12万吨/年乙苯/苯乙烯装置
0.95,ST010132,%(m/m),2026-03-27 08:00:00,甲乙苯,延炼12万吨/年乙苯/苯乙烯装置
2.15,ST010132,%(m/m),2026-03-27 08:00:00,丁苯,延炼12万吨/年乙苯/苯乙烯装置
77.08,ST010132,%(m/m),2026-03-27 08:00:00,二乙苯,延炼12万吨/年乙苯/苯乙烯装置
7.81,ST010132,%(m/m),2026-03-27 08:00:00,重芳,延炼12万吨/年乙苯/苯乙烯装置
0.01,ST010132,%(m/m),2026-03-28 08:00:00,非  芳,延炼12万吨/年乙苯/苯乙烯装置
0.00,ST010132,%(m/m),2026-03-28 08:00:00,苯,延炼12万吨/年乙苯/苯乙烯装置
0.01,ST010132,%(m/m),2026-03-28 08:00:00,甲  苯,延炼12万吨/年乙苯/苯乙烯装置
2.66,ST010132,%(m/m),2026-03-28 08:00:00,乙  苯,延炼12万吨/年乙苯/苯乙烯装置
0.16,ST010132,%(m/m),2026-03-28 08:00:00,二甲苯,延炼12万吨/年乙苯/苯乙烯装置
3.36,ST010132,%(m/m),2026-03-28 08:00:00,异丙苯,延炼12万吨/年乙苯/苯乙烯装置
3.90,ST010132,%(m/m),2026-03-28 08:00:00,正丙苯,延炼12万吨/年乙苯/苯乙烯装置
0.93,ST010132,%(m/m),2026-03-28 08:00:00,甲乙苯,延炼12万吨/年乙苯/苯乙烯装置
2.16,ST010132,%(m/m),2026-03-28 08:00:00,丁苯,延炼12万吨/年乙苯/苯乙烯装置
78.96,ST010132,%(m/m),2026-03-28 08:00:00,二乙苯,延炼12万吨/年乙苯/苯乙烯装置
7.85,ST010132,%(m/m),2026-03-28 08:00:00,重芳,延炼12万吨/年乙苯/苯乙烯装置
0.01,ST010132,%(m/m),2026-03-29 08:00:00,非  芳,延炼12万吨/年乙苯/苯乙烯装置
0.00,ST010132,%(m/m),2026-03-29 08:00:00,苯,延炼12万吨/年乙苯/苯乙烯装置
0.01,ST010132,%(m/m),2026-03-29 08:00:00,甲  苯,延炼12万吨/年乙苯/苯乙烯装置
3.85,ST010132,%(m/m),2026-03-29 08:00:00,乙  苯,延炼12万吨/年乙苯/苯乙烯装置
0.20,ST010132,%(m/m),2026-03-29 08:00:00,二甲苯,延炼12万吨/年乙苯/苯乙烯装置
3.40,ST010132,%(m/m),2026-03-29 08:00:00,异丙苯,延炼12万吨/年乙苯/苯乙烯装置
3.85,ST010132,%(m/m),2026-03-29 08:00:00,正丙苯,延炼12万吨/年乙苯/苯乙烯装置
0.92,ST010132,%(m/m),2026-03-29 08:00:00,甲乙苯,延炼12万吨/年乙苯/苯乙烯装置
2.18,ST010132,%(m/m),2026-03-29 08:00:00,丁苯,延炼12万吨/年乙苯/苯乙烯装置
78.01,ST010132,%(m/m),2026-03-29 08:00:00,二乙苯,延炼12万吨/年乙苯/苯乙烯装置
7.57,ST010132,%(m/m),2026-03-29 08:00:00,重芳,延炼12万吨/年乙苯/苯乙烯装置
0.01,ST010132,%(m/m),2026-03-30 08:00:00,非  芳,延炼12万吨/年乙苯/苯乙烯装置
0.00,ST010132,%(m/m),2026-03-30 08:00:00,苯,延炼12万吨/年乙苯/苯乙烯装置
0.01,ST010132,%(m/m),2026-03-30 08:00:00,甲  苯,延炼12万吨/年乙苯/苯乙烯装置
3.36,ST010132,%(m/m),2026-03-30 08:00:00,乙  苯,延炼12万吨/年乙苯/苯乙烯装置
0.18,ST010132,%(m/m),2026-03-30 08:00:00,二甲苯,延炼12万吨/年乙苯/苯乙烯装置
3.21,ST010132,%(m/m),2026-03-30 08:00:00,异丙苯,延炼12万吨/年乙苯/苯乙烯装置
3.76,ST010132,%(m/m),2026-03-30 08:00:00,正丙苯,延炼12万吨/年乙苯/苯乙烯装置
0.88,ST010132,%(m/m),2026-03-30 08:00:00,甲乙苯,延炼12万吨/年乙苯/苯乙烯装置
2.18,ST010132,%(m/m),2026-03-30 08:00:00,丁苯,延炼12万吨/年乙苯/苯乙烯装置
78.82,ST010132,%(m/m),2026-03-30 08:00:00,二乙苯,延炼12万吨/年乙苯/苯乙烯装置
7.59,ST010132,%(m/m),2026-03-30 08:00:00,重芳,延炼12万吨/年乙苯/苯乙烯装置
0.01,ST010132,%(m/m),2026-03-31 08:00:00,非  芳,延炼12万吨/年乙苯/苯乙烯装置
0.00,ST010132,%(m/m),2026-03-31 08:00:00,苯,延炼12万吨/年乙苯/苯乙烯装置
0.01,ST010132,%(m/m),2026-03-31 08:00:00,甲  苯,延炼12万吨/年乙苯/苯乙烯装置
3.09,ST010132,%(m/m),2026-03-31 08:00:00,乙  苯,延炼12万吨/年乙苯/苯乙烯装置
0.16,ST010132,%(m/m),2026-03-31 08:00:00,二甲苯,延炼12万吨/年乙苯/苯乙烯装置
3.18,ST010132,%(m/m),2026-03-31 08:00:00,异丙苯,延炼12万吨/年乙苯/苯乙烯装置
3.78,ST010132,%(m/m),2026-03-31 08:00:00,正丙苯,延炼12万吨/年乙苯/苯乙烯装置
0.90,ST010132,%(m/m),2026-03-31 08:00:00,甲乙苯,延炼12万吨/年乙苯/苯乙烯装置
2.18,ST010132,%(m/m),2026-03-31 08:00:00,丁苯,延炼12万吨/年乙苯/苯乙烯装置
79.02,ST010132,%(m/m),2026-03-31 08:00:00,二乙苯,延炼12万吨/年乙苯/苯乙烯装置
7.66,ST010132,%(m/m),2026-03-31 08:00:00,重芳,延炼12万吨/年乙苯/苯乙烯装置
3.75,ST010132,%(m/m),2026-04-01 08:00:00,正丙苯,延炼12万吨/年乙苯/苯乙烯装置
0.95,ST010132,%(m/m),2026-04-01 08:00:00,甲乙苯,延炼12万吨/年乙苯/苯乙烯装置
2.19,ST010132,%(m/m),2026-04-01 08:00:00,丁苯,延炼12万吨/年乙苯/苯乙烯装置
78.76,ST010132,%(m/m),2026-04-01 08:00:00,二乙苯,延炼12万吨/年乙苯/苯乙烯装置
7.72,ST010132,%(m/m),2026-04-01 08:00:00,重芳,延炼12万吨/年乙苯/苯乙烯装置
0.01,ST010132,%(m/m),2026-04-01 08:00:00,非  芳,延炼12万吨/年乙苯/苯乙烯装置
0.00,ST010132,%(m/m),2026-04-01 08:00:00,苯,延炼12万吨/年乙苯/苯乙烯装置
0.01,ST010132,%(m/m),2026-04-01 08:00:00,甲  苯,延炼12万吨/年乙苯/苯乙烯装置
3.27,ST010132,%(m/m),2026-04-01 08:00:00,乙  苯,延炼12万吨/年乙苯/苯乙烯装置
0.17,ST010132,%(m/m),2026-04-01 08:00:00,二甲苯,延炼12万吨/年乙苯/苯乙烯装置
3.18,ST010132,%(m/m),2026-04-01 08:00:00,异丙苯,延炼12万吨/年乙苯/苯乙烯装置
0.01,ST010132,%(m/m),2026-04-02 08:00:00,非  芳,延炼12万吨/年乙苯/苯乙烯装置
0.01,ST010132,%(m/m),2026-04-02 08:00:00,苯,延炼12万吨/年乙苯/苯乙烯装置
0.00,ST010132,%(m/m),2026-04-02 08:00:00,甲  苯,延炼12万吨/年乙苯/苯乙烯装置
3.38,ST010132,%(m/m),2026-04-02 08:00:00,乙  苯,延炼12万吨/年乙苯/苯乙烯装置
0.17,ST010132,%(m/m),2026-04-02 08:00:00,二甲苯,延炼12万吨/年乙苯/苯乙烯装置
3.19,ST010132,%(m/m),2026-04-02 08:00:00,异丙苯,延炼12万吨/年乙苯/苯乙烯装置
3.74,ST010132,%(m/m),2026-04-02 08:00:00,正丙苯,延炼12万吨/年乙苯/苯乙烯装置
0.95,ST010132,%(m/m),2026-04-02 08:00:00,甲乙苯,延炼12万吨/年乙苯/苯乙烯装置
2.14,ST010132,%(m/m),2026-04-02 08:00:00,丁苯,延炼12万吨/年乙苯/苯乙烯装置
78.81,ST010132,%(m/m),2026-04-02 08:00:00,二乙苯,延炼12万吨/年乙苯/苯乙烯装置
7.60,ST010132,%(m/m),2026-04-02 08:00:00,重芳,延炼12万吨/年乙苯/苯乙烯装置
0.01,ST010132,%(m/m),2026-04-03 08:00:00,非  芳,延炼12万吨/年乙苯/苯乙烯装置
0.00,ST010132,%(m/m),2026-04-03 08:00:00,苯,延炼12万吨/年乙苯/苯乙烯装置
0.01,ST010132,%(m/m),2026-04-03 08:00:00,甲  苯,延炼12万吨/年乙苯/苯乙烯装置
2.68,ST010132,%(m/m),2026-04-03 08:00:00,乙  苯,延炼12万吨/年乙苯/苯乙烯装置
0.15,ST010132,%(m/m),2026-04-03 08:00:00,二甲苯,延炼12万吨/年乙苯/苯乙烯装置
3.45,ST010132,%(m/m),2026-04-03 08:00:00,异丙苯,延炼12万吨/年乙苯/苯乙烯装置
4.23,ST010132,%(m/m),2026-04-03 08:00:00,正丙苯,延炼12万吨/年乙苯/苯乙烯装置
0.96,ST010132,%(m/m),2026-04-03 08:00:00,甲乙苯,延炼12万吨/年乙苯/苯乙烯装置
2.18,ST010132,%(m/m),2026-04-03 08:00:00,丁苯,延炼12万吨/年乙苯/苯乙烯装置
78.75,ST010132,%(m/m),2026-04-03 08:00:00,二乙苯,延炼12万吨/年乙苯/苯乙烯装置
7.58,ST010132,%(m/m),2026-04-03 08:00:00,重芳,延炼12万吨/年乙苯/苯乙烯装置
0.01,ST010132,%(m/m),2026-04-04 08:00:00,非  芳,延炼12万吨/年乙苯/苯乙烯装置
0.00,ST010132,%(m/m),2026-04-04 08:00:00,苯,延炼12万吨/年乙苯/苯乙烯装置
0.00,ST010132,%(m/m),2026-04-04 08:00:00,甲  苯,延炼12万吨/年乙苯/苯乙烯装置
2.34,ST010132,%(m/m),2026-04-04 08:00:00,乙  苯,延炼12万吨/年乙苯/苯乙烯装置
0.14,ST010132,%(m/m),2026-04-04 08:00:00,二甲苯,延炼12万吨/年乙苯/苯乙烯装置
3.74,ST010132,%(m/m),2026-04-04 08:00:00,异丙苯,延炼12万吨/年乙苯/苯乙烯装置
4.62,ST010132,%(m/m),2026-04-04 08:00:00,正丙苯,延炼12万吨/年乙苯/苯乙烯装置
0.94,ST010132,%(m/m),2026-04-04 08:00:00,甲乙苯,延炼12万吨/年乙苯/苯乙烯装置
2.22,ST010132,%(m/m),2026-04-04 08:00:00,丁苯,延炼12万吨/年乙苯/苯乙烯装置
78.12,ST010132,%(m/m),2026-04-04 08:00:00,二乙苯,延炼12万吨/年乙苯/苯乙烯装置
7.86,ST010132,%(m/m),2026-04-04 08:00:00,重芳,延炼12万吨/年乙苯/苯乙烯装置
0.01,ST010132,%(m/m),2026-04-05 08:00:00,非  芳,延炼12万吨/年乙苯/苯乙烯装置
0.00,ST010132,%(m/m),2026-04-05 08:00:00,苯,延炼12万吨/年乙苯/苯乙烯装置
0.01,ST010132,%(m/m),2026-04-05 08:00:00,甲  苯,延炼12万吨/年乙苯/苯乙烯装置
2.26,ST010132,%(m/m),2026-04-05 08:00:00,乙  苯,延炼12万吨/年乙苯/苯乙烯装置
0.14,ST010132,%(m/m),2026-04-05 08:00:00,二甲苯,延炼12万吨/年乙苯/苯乙烯装置
4.03,ST010132,%(m/m),2026-04-05 08:00:00,异丙苯,延炼12万吨/年乙苯/苯乙烯装置
4.88,ST010132,%(m/m),2026-04-05 08:00:00,正丙苯,延炼12万吨/年乙苯/苯乙烯装置
0.94,ST010132,%(m/m),2026-04-05 08:00:00,甲乙苯,延炼12万吨/年乙苯/苯乙烯装置
2.22,ST010132,%(m/m),2026-04-05 08:00:00,丁苯,延炼12万吨/年乙苯/苯乙烯装置
77.80,ST010132,%(m/m),2026-04-05 08:00:00,二乙苯,延炼12万吨/年乙苯/苯乙烯装置
7.71,ST010132,%(m/m),2026-04-05 08:00:00,重芳,延炼12万吨/年乙苯/苯乙烯装置
0.01,ST010132,%(m/m),2026-04-06 08:00:00,非  芳,延炼12万吨/年乙苯/苯乙烯装置
0.01,ST010132,%(m/m),2026-04-06 08:00:00,苯,延炼12万吨/年乙苯/苯乙烯装置
0.01,ST010132,%(m/m),2026-04-06 08:00:00,甲  苯,延炼12万吨/年乙苯/苯乙烯装置
2.71,ST010132,%(m/m),2026-04-06 08:00:00,乙  苯,延炼12万吨/年乙苯/苯乙烯装置
0.17,ST010132,%(m/m),2026-04-06 08:00:00,二甲苯,延炼12万吨/年乙苯/苯乙烯装置
4.06,ST010132,%(m/m),2026-04-06 08:00:00,异丙苯,延炼12万吨/年乙苯/苯乙烯装置
4.73,ST010132,%(m/m),2026-04-06 08:00:00,正丙苯,延炼12万吨/年乙苯/苯乙烯装置
0.90,ST010132,%(m/m),2026-04-06 08:00:00,甲乙苯,延炼12万吨/年乙苯/苯乙烯装置
2.20,ST010132,%(m/m),2026-04-06 08:00:00,丁苯,延炼12万吨/年乙苯/苯乙烯装置
77.65,ST010132,%(m/m),2026-04-06 08:00:00,二乙苯,延炼12万吨/年乙苯/苯乙烯装置
7.57,ST010132,%(m/m),2026-04-06 08:00:00,重芳,延炼12万吨/年乙苯/苯乙烯装置
0.01,ST010132,%(m/m),2026-04-07 08:00:00,非  芳,延炼12万吨/年乙苯/苯乙烯装置
0.01,ST010132,%(m/m),2026-04-07 08:00:00,苯,延炼12万吨/年乙苯/苯乙烯装置
0.01,ST010132,%(m/m),2026-04-07 08:00:00,甲  苯,延炼12万吨/年乙苯/苯乙烯装置
2.41,ST010132,%(m/m),2026-04-07 08:00:00,乙  苯,延炼12万吨/年乙苯/苯乙烯装置
0.15,ST010132,%(m/m),2026-04-07 08:00:00,二甲苯,延炼12万吨/年乙苯/苯乙烯装置
3.94,ST010132,%(m/m),2026-04-07 08:00:00,异丙苯,延炼12万吨/年乙苯/苯乙烯装置
4.72,ST010132,%(m/m),2026-04-07 08:00:00,正丙苯,延炼12万吨/年乙苯/苯乙烯装置
0.91,ST010132,%(m/m),2026-04-07 08:00:00,甲乙苯,延炼12万吨/年乙苯/苯乙烯装置
2.18,ST010132,%(m/m),2026-04-07 08:00:00,丁苯,延炼12万吨/年乙苯/苯乙烯装置
78.03,ST010132,%(m/m),2026-04-07 08:00:00,二乙苯,延炼12万吨/年乙苯/苯乙烯装置
7.64,ST010132,%(m/m),2026-04-07 08:00:00,重芳,延炼12万吨/年乙苯/苯乙烯装置
0.01,ST010132,%(m/m),2026-04-08 08:00:00,非  芳,延炼12万吨/年乙苯/苯乙烯装置
0.00,ST010132,%(m/m),2026-04-08 08:00:00,苯,延炼12万吨/年乙苯/苯乙烯装置
0.01,ST010132,%(m/m),2026-04-08 08:00:00,甲  苯,延炼12万吨/年乙苯/苯乙烯装置
2.23,ST010132,%(m/m),2026-04-08 08:00:00,乙  苯,延炼12万吨/年乙苯/苯乙烯装置
0.14,ST010132,%(m/m),2026-04-08 08:00:00,二甲苯,延炼12万吨/年乙苯/苯乙烯装置
3.72,ST010132,%(m/m),2026-04-08 08:00:00,异丙苯,延炼12万吨/年乙苯/苯乙烯装置
4.56,ST010132,%(m/m),2026-04-08 08:00:00,正丙苯,延炼12万吨/年乙苯/苯乙烯装置
0.90,ST010132,%(m/m),2026-04-08 08:00:00,甲乙苯,延炼12万吨/年乙苯/苯乙烯装置
2.18,ST010132,%(m/m),2026-04-08 08:00:00,丁苯,延炼12万吨/年乙苯/苯乙烯装置
78.57,ST010132,%(m/m),2026-04-08 08:00:00,二乙苯,延炼12万吨/年乙苯/苯乙烯装置
7.68,ST010132,%(m/m),2026-04-08 08:00:00,重芳,延炼12万吨/年乙苯/苯乙烯装置
0.01,ST010132,%(m/m),2026-04-09 08:00:00,非  芳,延炼12万吨/年乙苯/苯乙烯装置
0.00,ST010132,%(m/m),2026-04-09 08:00:00,苯,延炼12万吨/年乙苯/苯乙烯装置
0.00,ST010132,%(m/m),2026-04-09 08:00:00,甲  苯,延炼12万吨/年乙苯/苯乙烯装置
2.77,ST010132,%(m/m),2026-04-09 08:00:00,乙  苯,延炼12万吨/年乙苯/苯乙烯装置
0.17,ST010132,%(m/m),2026-04-09 08:00:00,二甲苯,延炼12万吨/年乙苯/苯乙烯装置
4.02,ST010132,%(m/m),2026-04-09 08:00:00,异丙苯,延炼12万吨/年乙苯/苯乙烯装置
4.65,ST010132,%(m/m),2026-04-09 08:00:00,正丙苯,延炼12万吨/年乙苯/苯乙烯装置
0.96,ST010132,%(m/m),2026-04-09 08:00:00,甲乙苯,延炼12万吨/年乙苯/苯乙烯装置
2.17,ST010132,%(m/m),2026-04-09 08:00:00,丁苯,延炼12万吨/年乙苯/苯乙烯装置
77.30,ST010132,%(m/m),2026-04-09 08:00:00,二乙苯,延炼12万吨/年乙苯/苯乙烯装置
7.94,ST010132,%(m/m),2026-04-09 08:00:00,重芳,延炼12万吨/年乙苯/苯乙烯装置
0.01,ST010132,%(m/m),2026-04-10 08:00:00,非  芳,延炼12万吨/年乙苯/苯乙烯装置
0.00,ST010132,%(m/m),2026-04-10 08:00:00,苯,延炼12万吨/年乙苯/苯乙烯装置
0.01,ST010132,%(m/m),2026-04-10 08:00:00,甲  苯,延炼12万吨/年乙苯/苯乙烯装置
2.26,ST010132,%(m/m),2026-04-10 08:00:00,乙  苯,延炼12万吨/年乙苯/苯乙烯装置
0.15,ST010132,%(m/m),2026-04-10 08:00:00,二甲苯,延炼12万吨/年乙苯/苯乙烯装置
3.73,ST010132,%(m/m),2026-04-10 08:00:00,异丙苯,延炼12万吨/年乙苯/苯乙烯装置
4.36,ST010132,%(m/m),2026-04-10 08:00:00,正丙苯,延炼12万吨/年乙苯/苯乙烯装置
0.94,ST010132,%(m/m),2026-04-10 08:00:00,甲乙苯,延炼12万吨/年乙苯/苯乙烯装置
2.20,ST010132,%(m/m),2026-04-10 08:00:00,丁苯,延炼12万吨/年乙苯/苯乙烯装置
78.75,ST010132,%(m/m),2026-04-10 08:00:00,二乙苯,延炼12万吨/年乙苯/苯乙烯装置
7.58,ST010132,%(m/m),2026-04-10 08:00:00,重芳,延炼12万吨/年乙苯/苯乙烯装置
0.01,ST010132,%(m/m),2026-04-11 08:00:00,非  芳,延炼12万吨/年乙苯/苯乙烯装置
0.01,ST010132,%(m/m),2026-04-11 08:00:00,苯,延炼12万吨/年乙苯/苯乙烯装置
0.01,ST010132,%(m/m),2026-04-11 08:00:00,甲  苯,延炼12万吨/年乙苯/苯乙烯装置
2.71,ST010132,%(m/m),2026-04-11 08:00:00,乙  苯,延炼12万吨/年乙苯/苯乙烯装置
0.17,ST010132,%(m/m),2026-04-11 08:00:00,二甲苯,延炼12万吨/年乙苯/苯乙烯装置
3.81,ST010132,%(m/m),2026-04-11 08:00:00,异丙苯,延炼12万吨/年乙苯/苯乙烯装置
4.40,ST010132,%(m/m),2026-04-11 08:00:00,正丙苯,延炼12万吨/年乙苯/苯乙烯装置
0.94,ST010132,%(m/m),2026-04-11 08:00:00,甲乙苯,延炼12万吨/年乙苯/苯乙烯装置
2.20,ST010132,%(m/m),2026-04-11 08:00:00,丁苯,延炼12万吨/年乙苯/苯乙烯装置
78.30,ST010132,%(m/m),2026-04-11 08:00:00,二乙苯,延炼12万吨/年乙苯/苯乙烯装置
7.43,ST010132,%(m/m),2026-04-11 08:00:00,重芳,延炼12万吨/年乙苯/苯乙烯装置
0.01,ST010132,%(m/m),2026-04-12 08:00:00,非  芳,延炼12万吨/年乙苯/苯乙烯装置
0.01,ST010132,%(m/m),2026-04-12 08:00:00,苯,延炼12万吨/年乙苯/苯乙烯装置
0.00,ST010132,%(m/m),2026-04-12 08:00:00,甲  苯,延炼12万吨/年乙苯/苯乙烯装置
1.87,ST010132,%(m/m),2026-04-12 08:00:00,乙  苯,延炼12万吨/年乙苯/苯乙烯装置
0.14,ST010132,%(m/m),2026-04-12 08:00:00,二甲苯,延炼12万吨/年乙苯/苯乙烯装置
3.54,ST010132,%(m/m),2026-04-12 08:00:00,异丙苯,延炼12万吨/年乙苯/苯乙烯装置
4.35,ST010132,%(m/m),2026-04-12 08:00:00,正丙苯,延炼12万吨/年乙苯/苯乙烯装置
0.93,ST010132,%(m/m),2026-04-12 08:00:00,甲乙苯,延炼12万吨/年乙苯/苯乙烯装置
2.21,ST010132,%(m/m),2026-04-12 08:00:00,丁苯,延炼12万吨/年乙苯/苯乙烯装置
79.33,ST010132,%(m/m),2026-04-12 08:00:00,二乙苯,延炼12万吨/年乙苯/苯乙烯装置
7.60,ST010132,%(m/m),2026-04-12 08:00:00,重芳,延炼12万吨/年乙苯/苯乙烯装置
0.01,ST010132,%(m/m),2026-04-13 08:00:00,非  芳,延炼12万吨/年乙苯/苯乙烯装置
0.01,ST010132,%(m/m),2026-04-13 08:00:00,苯,延炼12万吨/年乙苯/苯乙烯装置
0.01,ST010132,%(m/m),2026-04-13 08:00:00,甲  苯,延炼12万吨/年乙苯/苯乙烯装置
1.63,ST010132,%(m/m),2026-04-13 08:00:00,乙  苯,延炼12万吨/年乙苯/苯乙烯装置
0.13,ST010132,%(m/m),2026-04-13 08:00:00,二甲苯,延炼12万吨/年乙苯/苯乙烯装置
3.39,ST010132,%(m/m),2026-04-13 08:00:00,异丙苯,延炼12万吨/年乙苯/苯乙烯装置
4.18,ST010132,%(m/m),2026-04-13 08:00:00,正丙苯,延炼12万吨/年乙苯/苯乙烯装置
0.92,ST010132,%(m/m),2026-04-13 08:00:00,甲乙苯,延炼12万吨/年乙苯/苯乙烯装置
2.22,ST010132,%(m/m),2026-04-13 08:00:00,丁苯,延炼12万吨/年乙苯/苯乙烯装置
79.78,ST010132,%(m/m),2026-04-13 08:00:00,二乙苯,延炼12万吨/年乙苯/苯乙烯装置
7.74,ST010132,%(m/m),2026-04-13 08:00:00,重芳,延炼12万吨/年乙苯/苯乙烯装置
0.01,ST010132,%(m/m),2026-04-14 08:00:00,非  芳,延炼12万吨/年乙苯/苯乙烯装置
0.00,ST010132,%(m/m),2026-04-14 08:00:00,苯,延炼12万吨/年乙苯/苯乙烯装置
0.00,ST010132,%(m/m),2026-04-14 08:00:00,甲  苯,延炼12万吨/年乙苯/苯乙烯装置
2.23,ST010132,%(m/m),2026-04-14 08:00:00,乙  苯,延炼12万吨/年乙苯/苯乙烯装置
0.16,ST010132,%(m/m),2026-04-14 08:00:00,二甲苯,延炼12万吨/年乙苯/苯乙烯装置
3.71,ST010132,%(m/m),2026-04-14 08:00:00,异丙苯,延炼12万吨/年乙苯/苯乙烯装置
4.35,ST010132,%(m/m),2026-04-14 08:00:00,正丙苯,延炼12万吨/年乙苯/苯乙烯装置
0.94,ST010132,%(m/m),2026-04-14 08:00:00,甲乙苯,延炼12万吨/年乙苯/苯乙烯装置
2.23,ST010132,%(m/m),2026-04-14 08:00:00,丁苯,延炼12万吨/年乙苯/苯乙烯装置
78.64,ST010132,%(m/m),2026-04-14 08:00:00,二乙苯,延炼12万吨/年乙苯/苯乙烯装置
7.72,ST010132,%(m/m),2026-04-14 08:00:00,重芳,延炼12万吨/年乙苯/苯乙烯装置
0.01,ST010132,%(m/m),2026-04-15 08:00:00,非  芳,延炼12万吨/年乙苯/苯乙烯装置
0.00,ST010132,%(m/m),2026-04-15 08:00:00,苯,延炼12万吨/年乙苯/苯乙烯装置
0.00,ST010132,%(m/m),2026-04-15 08:00:00,甲  苯,延炼12万吨/年乙苯/苯乙烯装置
3.76,ST010132,%(m/m),2026-04-15 08:00:00,乙  苯,延炼12万吨/年乙苯/苯乙烯装置
0.22,ST010132,%(m/m),2026-04-15 08:00:00,二甲苯,延炼12万吨/年乙苯/苯乙烯装置
3.92,ST010132,%(m/m),2026-04-15 08:00:00,异丙苯,延炼12万吨/年乙苯/苯乙烯装置
4.29,ST010132,%(m/m),2026-04-15 08:00:00,正丙苯,延炼12万吨/年乙苯/苯乙烯装置
0.96,ST010132,%(m/m),2026-04-15 08:00:00,甲乙苯,延炼12万吨/年乙苯/苯乙烯装置
2.22,ST010132,%(m/m),2026-04-15 08:00:00,丁苯,延炼12万吨/年乙苯/苯乙烯装置
77.16,ST010132,%(m/m),2026-04-15 08:00:00,二乙苯,延炼12万吨/年乙苯/苯乙烯装置
7.46,ST010132,%(m/m),2026-04-15 08:00:00,重芳,延炼12万吨/年乙苯/苯乙烯装置
0.01,ST010132,%(m/m),2026-04-16 08:00:00,非  芳,延炼12万吨/年乙苯/苯乙烯装置
0.00,ST010132,%(m/m),2026-04-16 08:00:00,苯,延炼12万吨/年乙苯/苯乙烯装置
0.00,ST010132,%(m/m),2026-04-16 08:00:00,甲  苯,延炼12万吨/年乙苯/苯乙烯装置
4.81,ST010132,%(m/m),2026-04-16 08:00:00,乙  苯,延炼12万吨/年乙苯/苯乙烯装置
0.25,ST010132,%(m/m),2026-04-16 08:00:00,二甲苯,延炼12万吨/年乙苯/苯乙烯装置
3.97,ST010132,%(m/m),2026-04-16 08:00:00,异丙苯,延炼12万吨/年乙苯/苯乙烯装置
4.16,ST010132,%(m/m),2026-04-16 08:00:00,正丙苯,延炼12万吨/年乙苯/苯乙烯装置
0.92,ST010132,%(m/m),2026-04-16 08:00:00,甲乙苯,延炼12万吨/年乙苯/苯乙烯装置
2.21,ST010132,%(m/m),2026-04-16 08:00:00,丁苯,延炼12万吨/年乙苯/苯乙烯装置
76.41,ST010132,%(m/m),2026-04-16 08:00:00,二乙苯,延炼12万吨/年乙苯/苯乙烯装置
7.26,ST010132,%(m/m),2026-04-16 08:00:00,重芳,延炼12万吨/年乙苯/苯乙烯装置
0.01,ST010132,%(m/m),2026-04-17 08:00:00,非  芳,延炼12万吨/年乙苯/苯乙烯装置
0.01,ST010132,%(m/m),2026-04-17 08:00:00,苯,延炼12万吨/年乙苯/苯乙烯装置
0.01,ST010132,%(m/m),2026-04-17 08:00:00,甲  苯,延炼12万吨/年乙苯/苯乙烯装置
3.49,ST010132,%(m/m),2026-04-17 08:00:00,乙  苯,延炼12万吨/年乙苯/苯乙烯装置
0.20,ST010132,%(m/m),2026-04-17 08:00:00,二甲苯,延炼12万吨/年乙苯/苯乙烯装置
3.56,ST010132,%(m/m),2026-04-17 08:00:00,异丙苯,延炼12万吨/年乙苯/苯乙烯装置
3.94,ST010132,%(m/m),2026-04-17 08:00:00,正丙苯,延炼12万吨/年乙苯/苯乙烯装置
0.90,ST010132,%(m/m),2026-04-17 08:00:00,甲乙苯,延炼12万吨/年乙苯/苯乙烯装置
2.25,ST010132,%(m/m),2026-04-17 08:00:00,丁苯,延炼12万吨/年乙苯/苯乙烯装置
78.07,ST010132,%(m/m),2026-04-17 08:00:00,二乙苯,延炼12万吨/年乙苯/苯乙烯装置
7.57,ST010132,%(m/m),2026-04-17 08:00:00,重芳,延炼12万吨/年乙苯/苯乙烯装置
0.01,ST010132,%(m/m),2026-04-18 08:00:00,非  芳,延炼12万吨/年乙苯/苯乙烯装置
0.00,ST010132,%(m/m),2026-04-18 08:00:00,苯,延炼12万吨/年乙苯/苯乙烯装置
0.01,ST010132,%(m/m),2026-04-18 08:00:00,甲  苯,延炼12万吨/年乙苯/苯乙烯装置
2.69,ST010132,%(m/m),2026-04-18 08:00:00,乙  苯,延炼12万吨/年乙苯/苯乙烯装置
0.16,ST010132,%(m/m),2026-04-18 08:00:00,二甲苯,延炼12万吨/年乙苯/苯乙烯装置
3.28,ST010132,%(m/m),2026-04-18 08:00:00,异丙苯,延炼12万吨/年乙苯/苯乙烯装置
3.77,ST010132,%(m/m),2026-04-18 08:00:00,正丙苯,延炼12万吨/年乙苯/苯乙烯装置
0.87,ST010132,%(m/m),2026-04-18 08:00:00,甲乙苯,延炼12万吨/年乙苯/苯乙烯装置
2.22,ST010132,%(m/m),2026-04-18 08:00:00,丁苯,延炼12万吨/年乙苯/苯乙烯装置
79.44,ST010132,%(m/m),2026-04-18 08:00:00,二乙苯,延炼12万吨/年乙苯/苯乙烯装置
7.56,ST010132,%(m/m),2026-04-18 08:00:00,重芳,延炼12万吨/年乙苯/苯乙烯装置
0.01,ST010132,%(m/m),2026-04-19 08:00:00,非  芳,延炼12万吨/年乙苯/苯乙烯装置
0.00,ST010132,%(m/m),2026-04-19 08:00:00,苯,延炼12万吨/年乙苯/苯乙烯装置
0.00,ST010132,%(m/m),2026-04-19 08:00:00,甲  苯,延炼12万吨/年乙苯/苯乙烯装置
2.91,ST010132,%(m/m),2026-04-19 08:00:00,乙  苯,延炼12万吨/年乙苯/苯乙烯装置
0.18,ST010132,%(m/m),2026-04-19 08:00:00,二甲苯,延炼12万吨/年乙苯/苯乙烯装置
3.55,ST010132,%(m/m),2026-04-19 08:00:00,异丙苯,延炼12万吨/年乙苯/苯乙烯装置
4.02,ST010132,%(m/m),2026-04-19 08:00:00,正丙苯,延炼12万吨/年乙苯/苯乙烯装置
0.91,ST010132,%(m/m),2026-04-19 08:00:00,甲乙苯,延炼12万吨/年乙苯/苯乙烯装置
2.22,ST010132,%(m/m),2026-04-19 08:00:00,丁苯,延炼12万吨/年乙苯/苯乙烯装置
78.92,ST010132,%(m/m),2026-04-19 08:00:00,二乙苯,延炼12万吨/年乙苯/苯乙烯装置
7.29,ST010132,%(m/m),2026-04-19 08:00:00,重芳,延炼12万吨/年乙苯/苯乙烯装置
0.01,ST010132,%(m/m),2026-04-20 08:00:00,非  芳,延炼12万吨/年乙苯/苯乙烯装置
0.00,ST010132,%(m/m),2026-04-20 08:00:00,苯,延炼12万吨/年乙苯/苯乙烯装置
0.00,ST010132,%(m/m),2026-04-20 08:00:00,甲  苯,延炼12万吨/年乙苯/苯乙烯装置
2.65,ST010132,%(m/m),2026-04-20 08:00:00,乙  苯,延炼12万吨/年乙苯/苯乙烯装置
0.17,ST010132,%(m/m),2026-04-20 08:00:00,二甲苯,延炼12万吨/年乙苯/苯乙烯装置
3.51,ST010132,%(m/m),2026-04-20 08:00:00,异丙苯,延炼12万吨/年乙苯/苯乙烯装置
4.04,ST010132,%(m/m),2026-04-20 08:00:00,正丙苯,延炼12万吨/年乙苯/苯乙烯装置
0.89,ST010132,%(m/m),2026-04-20 08:00:00,甲乙苯,延炼12万吨/年乙苯/苯乙烯装置
2.19,ST010132,%(m/m),2026-04-20 08:00:00,丁苯,延炼12万吨/年乙苯/苯乙烯装置
78.96,ST010132,%(m/m),2026-04-20 08:00:00,二乙苯,延炼12万吨/年乙苯/苯乙烯装置
7.57,ST010132,%(m/m),2026-04-20 08:00:00,重芳,延炼12万吨/年乙苯/苯乙烯装置
0.01,ST010132,%(m/m),2026-04-21 08:00:00,非  芳,延炼12万吨/年乙苯/苯乙烯装置
0.00,ST010132,%(m/m),2026-04-21 08:00:00,苯,延炼12万吨/年乙苯/苯乙烯装置
0.00,ST010132,%(m/m),2026-04-21 08:00:00,甲  苯,延炼12万吨/年乙苯/苯乙烯装置
2.32,ST010132,%(m/m),2026-04-21 08:00:00,乙  苯,延炼12万吨/年乙苯/苯乙烯装置
0.15,ST010132,%(m/m),2026-04-21 08:00:00,二甲苯,延炼12万吨/年乙苯/苯乙烯装置
3.48,ST010132,%(m/m),2026-04-21 08:00:00,异丙苯,延炼12万吨/年乙苯/苯乙烯装置
4.10,ST010132,%(m/m),2026-04-21 08:00:00,正丙苯,延炼12万吨/年乙苯/苯乙烯装置
0.91,ST010132,%(m/m),2026-04-21 08:00:00,甲乙苯,延炼12万吨/年乙苯/苯乙烯装置
2.20,ST010132,%(m/m),2026-04-21 08:00:00,丁苯,延炼12万吨/年乙苯/苯乙烯装置
79.17,ST010132,%(m/m),2026-04-21 08:00:00,二乙苯,延炼12万吨/年乙苯/苯乙烯装置
7.64,ST010132,%(m/m),2026-04-21 08:00:00,重芳,延炼12万吨/年乙苯/苯乙烯装置
0.01,ST010132,%(m/m),2026-04-22 08:00:00,非  芳,延炼12万吨/年乙苯/苯乙烯装置
0.00,ST010132,%(m/m),2026-04-22 08:00:00,苯,延炼12万吨/年乙苯/苯乙烯装置
0.00,ST010132,%(m/m),2026-04-22 08:00:00,甲  苯,延炼12万吨/年乙苯/苯乙烯装置
2.50,ST010132,%(m/m),2026-04-22 08:00:00,乙  苯,延炼12万吨/年乙苯/苯乙烯装置
0.16,ST010132,%(m/m),2026-04-22 08:00:00,二甲苯,延炼12万吨/年乙苯/苯乙烯装置
3.67,ST010132,%(m/m),2026-04-22 08:00:00,异丙苯,延炼12万吨/年乙苯/苯乙烯装置
4.26,ST010132,%(m/m),2026-04-22 08:00:00,正丙苯,延炼12万吨/年乙苯/苯乙烯装置
0.97,ST010132,%(m/m),2026-04-22 08:00:00,甲乙苯,延炼12万吨/年乙苯/苯乙烯装置
2.24,ST010132,%(m/m),2026-04-22 08:00:00,丁苯,延炼12万吨/年乙苯/苯乙烯装置
78.70,ST010132,%(m/m),2026-04-22 08:00:00,二乙苯,延炼12万吨/年乙苯/苯乙烯装置
7.50,ST010132,%(m/m),2026-04-22 08:00:00,重芳,延炼12万吨/年乙苯/苯乙烯装置
0.01,ST010132,%(m/m),2026-04-23 08:00:00,非  芳,延炼12万吨/年乙苯/苯乙烯装置
0.00,ST010132,%(m/m),2026-04-23 08:00:00,苯,延炼12万吨/年乙苯/苯乙烯装置
0.00,ST010132,%(m/m),2026-04-23 08:00:00,甲  苯,延炼12万吨/年乙苯/苯乙烯装置
3.90,ST010132,%(m/m),2026-04-23 08:00:00,乙  苯,延炼12万吨/年乙苯/苯乙烯装置
0.20,ST010132,%(m/m),2026-04-23 08:00:00,二甲苯,延炼12万吨/年乙苯/苯乙烯装置
3.73,ST010132,%(m/m),2026-04-23 08:00:00,异丙苯,延炼12万吨/年乙苯/苯乙烯装置
4.08,ST010132,%(m/m),2026-04-23 08:00:00,正丙苯,延炼12万吨/年乙苯/苯乙烯装置
0.97,ST010132,%(m/m),2026-04-23 08:00:00,甲乙苯,延炼12万吨/年乙苯/苯乙烯装置
2.22,ST010132,%(m/m),2026-04-23 08:00:00,丁苯,延炼12万吨/年乙苯/苯乙烯装置
77.47,ST010132,%(m/m),2026-04-23 08:00:00,二乙苯,延炼12万吨/年乙苯/苯乙烯装置
7.42,ST010132,%(m/m),2026-04-23 08:00:00,重芳,延炼12万吨/年乙苯/苯乙烯装置
0.01,ST010132,%(m/m),2026-04-24 08:00:00,非  芳,延炼12万吨/年乙苯/苯乙烯装置
0.00,ST010132,%(m/m),2026-04-24 08:00:00,苯,延炼12万吨/年乙苯/苯乙烯装置
0.00,ST010132,%(m/m),2026-04-24 08:00:00,甲  苯,延炼12万吨/年乙苯/苯乙烯装置
2.97,ST010132,%(m/m),2026-04-24 08:00:00,乙  苯,延炼12万吨/年乙苯/苯乙烯装置
0.17,ST010132,%(m/m),2026-04-24 08:00:00,二甲苯,延炼12万吨/年乙苯/苯乙烯装置
3.38,ST010132,%(m/m),2026-04-24 08:00:00,异丙苯,延炼12万吨/年乙苯/苯乙烯装置
3.78,ST010132,%(m/m),2026-04-24 08:00:00,正丙苯,延炼12万吨/年乙苯/苯乙烯装置
0.97,ST010132,%(m/m),2026-04-24 08:00:00,甲乙苯,延炼12万吨/年乙苯/苯乙烯装置
2.23,ST010132,%(m/m),2026-04-24 08:00:00,丁苯,延炼12万吨/年乙苯/苯乙烯装置
79.06,ST010132,%(m/m),2026-04-24 08:00:00,二乙苯,延炼12万吨/年乙苯/苯乙烯装置
7.42,ST010132,%(m/m),2026-04-24 08:00:00,重芳,延炼12万吨/年乙苯/苯乙烯装置
0.01,ST010132,%(m/m),2026-04-25 08:00:00,非  芳,延炼12万吨/年乙苯/苯乙烯装置
0.00,ST010132,%(m/m),2026-04-25 08:00:00,苯,延炼12万吨/年乙苯/苯乙烯装置
0.01,ST010132,%(m/m),2026-04-25 08:00:00,甲  苯,延炼12万吨/年乙苯/苯乙烯装置
2.28,ST010132,%(m/m),2026-04-25 08:00:00,乙  苯,延炼12万吨/年乙苯/苯乙烯装置
0.14,ST010132,%(m/m),2026-04-25 08:00:00,二甲苯,延炼12万吨/年乙苯/苯乙烯装置
3.08,ST010132,%(m/m),2026-04-25 08:00:00,异丙苯,延炼12万吨/年乙苯/苯乙烯装置
3.57,ST010132,%(m/m),2026-04-25 08:00:00,正丙苯,延炼12万吨/年乙苯/苯乙烯装置
0.96,ST010132,%(m/m),2026-04-25 08:00:00,甲乙苯,延炼12万吨/年乙苯/苯乙烯装置
2.22,ST010132,%(m/m),2026-04-25 08:00:00,丁苯,延炼12万吨/年乙苯/苯乙烯装置
80.21,ST010132,%(m/m),2026-04-25 08:00:00,二乙苯,延炼12万吨/年乙苯/苯乙烯装置
7.52,ST010132,%(m/m),2026-04-25 08:00:00,重芳,延炼12万吨/年乙苯/苯乙烯装置
0.01,ST010132,%(m/m),2026-04-26 08:00:00,非  芳,延炼12万吨/年乙苯/苯乙烯装置
0.00,ST010132,%(m/m),2026-04-26 08:00:00,苯,延炼12万吨/年乙苯/苯乙烯装置
0.00,ST010132,%(m/m),2026-04-26 08:00:00,甲  苯,延炼12万吨/年乙苯/苯乙烯装置
3.13,ST010132,%(m/m),2026-04-26 08:00:00,乙  苯,延炼12万吨/年乙苯/苯乙烯装置
0.17,ST010132,%(m/m),2026-04-26 08:00:00,二甲苯,延炼12万吨/年乙苯/苯乙烯装置
3.23,ST010132,%(m/m),2026-04-26 08:00:00,异丙苯,延炼12万吨/年乙苯/苯乙烯装置
3.58,ST010132,%(m/m),2026-04-26 08:00:00,正丙苯,延炼12万吨/年乙苯/苯乙烯装置
0.94,ST010132,%(m/m),2026-04-26 08:00:00,甲乙苯,延炼12万吨/年乙苯/苯乙烯装置
2.18,ST010132,%(m/m),2026-04-26 08:00:00,丁苯,延炼12万吨/年乙苯/苯乙烯装置
79.27,ST010132,%(m/m),2026-04-26 08:00:00,二乙苯,延炼12万吨/年乙苯/苯乙烯装置
7.48,ST010132,%(m/m),2026-04-26 08:00:00,重芳,延炼12万吨/年乙苯/苯乙烯装置
0.01,ST010132,%(m/m),2026-04-27 08:00:00,非  芳,延炼12万吨/年乙苯/苯乙烯装置
0.00,ST010132,%(m/m),2026-04-27 08:00:00,苯,延炼12万吨/年乙苯/苯乙烯装置
0.00,ST010132,%(m/m),2026-04-27 08:00:00,甲  苯,延炼12万吨/年乙苯/苯乙烯装置
2.96,ST010132,%(m/m),2026-04-27 08:00:00,乙  苯,延炼12万吨/年乙苯/苯乙烯装置
0.17,ST010132,%(m/m),2026-04-27 08:00:00,二甲苯,延炼12万吨/年乙苯/苯乙烯装置
3.21,ST010132,%(m/m),2026-04-27 08:00:00,异丙苯,延炼12万吨/年乙苯/苯乙烯装置
3.59,ST010132,%(m/m),2026-04-27 08:00:00,正丙苯,延炼12万吨/年乙苯/苯乙烯装置
0.99,ST010132,%(m/m),2026-04-27 08:00:00,甲乙苯,延炼12万吨/年乙苯/苯乙烯装置
2.22,ST010132,%(m/m),2026-04-27 08:00:00,丁苯,延炼12万吨/年乙苯/苯乙烯装置
79.34,ST010132,%(m/m),2026-04-27 08:00:00,二乙苯,延炼12万吨/年乙苯/苯乙烯装置
7.50,ST010132,%(m/m),2026-04-27 08:00:00,重芳,延炼12万吨/年乙苯/苯乙烯装置
0.01,ST010132,%(m/m),2026-04-28 08:00:00,非  芳,延炼12万吨/年乙苯/苯乙烯装置
0.00,ST010132,%(m/m),2026-04-28 08:00:00,苯,延炼12万吨/年乙苯/苯乙烯装置
0.00,ST010132,%(m/m),2026-04-28 08:00:00,甲  苯,延炼12万吨/年乙苯/苯乙烯装置
4.64,ST010132,%(m/m),2026-04-28 08:00:00,乙  苯,延炼12万吨/年乙苯/苯乙烯装置
0.21,ST010132,%(m/m),2026-04-28 08:00:00,二甲苯,延炼12万吨/年乙苯/苯乙烯装置
3.39,ST010132,%(m/m),2026-04-28 08:00:00,异丙苯,延炼12万吨/年乙苯/苯乙烯装置
3.59,ST010132,%(m/m),2026-04-28 08:00:00,正丙苯,延炼12万吨/年乙苯/苯乙烯装置
0.99,ST010132,%(m/m),2026-04-28 08:00:00,甲乙苯,延炼12万吨/年乙苯/苯乙烯装置
2.21,ST010132,%(m/m),2026-04-28 08:00:00,丁苯,延炼12万吨/年乙苯/苯乙烯装置
77.57,ST010132,%(m/m),2026-04-28 08:00:00,二乙苯,延炼12万吨/年乙苯/苯乙烯装置
7.38,ST010132,%(m/m),2026-04-28 08:00:00,重芳,延炼12万吨/年乙苯/苯乙烯装置
0.01,ST010132,%(m/m),2026-04-29 08:00:00,非  芳,延炼12万吨/年乙苯/苯乙烯装置
0.00,ST010132,%(m/m),2026-04-29 08:00:00,苯,延炼12万吨/年乙苯/苯乙烯装置
0.00,ST010132,%(m/m),2026-04-29 08:00:00,甲  苯,延炼12万吨/年乙苯/苯乙烯装置
4.81,ST010132,%(m/m),2026-04-29 08:00:00,乙  苯,延炼12万吨/年乙苯/苯乙烯装置
0.14,ST010132,%(m/m),2026-04-29 08:00:00,二甲苯,延炼12万吨/年乙苯/苯乙烯装置
2.20,ST010132,%(m/m),2026-04-29 08:00:00,异丙苯,延炼12万吨/年乙苯/苯乙烯装置
3.44,ST010132,%(m/m),2026-04-29 08:00:00,正丙苯,延炼12万吨/年乙苯/苯乙烯装置
0.70,ST010132,%(m/m),2026-04-29 08:00:00,甲乙苯,延炼12万吨/年乙苯/苯乙烯装置
1.63,ST010132,%(m/m),2026-04-29 08:00:00,丁苯,延炼12万吨/年乙苯/苯乙烯装置
79.29,ST010132,%(m/m),2026-04-29 08:00:00,二乙苯,延炼12万吨/年乙苯/苯乙烯装置
7.78,ST010132,%(m/m),2026-04-29 08:00:00,重芳,延炼12万吨/年乙苯/苯乙烯装置
0.01,ST010132,%(m/m),2026-04-30 08:00:00,非  芳,延炼12万吨/年乙苯/苯乙烯装置
0.00,ST010132,%(m/m),2026-04-30 08:00:00,苯,延炼12万吨/年乙苯/苯乙烯装置
0.01,ST010132,%(m/m),2026-04-30 08:00:00,甲  苯,延炼12万吨/年乙苯/苯乙烯装置
3.74,ST010132,%(m/m),2026-04-30 08:00:00,乙  苯,延炼12万吨/年乙苯/苯乙烯装置
0.18,ST010132,%(m/m),2026-04-30 08:00:00,二甲苯,延炼12万吨/年乙苯/苯乙烯装置
2.39,ST010132,%(m/m),2026-04-30 08:00:00,异丙苯,延炼12万吨/年乙苯/苯乙烯装置
2.76,ST010132,%(m/m),2026-04-30 08:00:00,正丙苯,延炼12万吨/年乙苯/苯乙烯装置
0.84,ST010132,%(m/m),2026-04-30 08:00:00,甲乙苯,延炼12万吨/年乙苯/苯乙烯装置
2.00,ST010132,%(m/m),2026-04-30 08:00:00,丁苯,延炼12万吨/年乙苯/苯乙烯装置
80.38,ST010132,%(m/m),2026-04-30 08:00:00,二乙苯,延炼12万吨/年乙苯/苯乙烯装置
7.70,ST010132,%(m/m),2026-04-30 08:00:00,重芳,延炼12万吨/年乙苯/苯乙烯装置
