result,sampleDotCode,unitName,sampleTime,resultName,deviceName
0.13,ST010127,%(m/m),2025-05-01 08:00:00,非  芳,延炼12万吨/年乙苯/苯乙烯装置
90.57,ST010127,%(m/m),2025-05-01 08:00:00,苯,延炼12万吨/年乙苯/苯乙烯装置
0.05,ST010127,%(m/m),2025-05-01 08:00:00,甲  苯,延炼12万吨/年乙苯/苯乙烯装置
7.78,ST010127,%(m/m),2025-05-01 08:00:00,乙  苯,延炼12万吨/年乙苯/苯乙烯装置
0.01,ST010127,%(m/m),2025-05-01 08:00:00,二甲苯,延炼12万吨/年乙苯/苯乙烯装置
0.05,ST010127,%(m/m),2025-05-01 08:00:00,异丙苯,延炼12万吨/年乙苯/苯乙烯装置
0.06,ST010127,%(m/m),2025-05-01 08:00:00,正丙苯,延炼12万吨/年乙苯/苯乙烯装置
0.01,ST010127,%(m/m),2025-05-01 08:00:00,甲乙苯,延炼12万吨/年乙苯/苯乙烯装置
0.07,ST010127,%(m/m),2025-05-01 08:00:00,丁苯,延炼12万吨/年乙苯/苯乙烯装置
0.84,ST010127,%(m/m),2025-05-01 08:00:00,二乙苯,延炼12万吨/年乙苯/苯乙烯装置
0.45,ST010127,%(m/m),2025-05-01 08:00:00,重芳,延炼12万吨/年乙苯/苯乙烯装置
0.15,ST010127,%(m/m),2025-05-02 08:00:00,非  芳,延炼12万吨/年乙苯/苯乙烯装置
91.75,ST010127,%(m/m),2025-05-02 08:00:00,苯,延炼12万吨/年乙苯/苯乙烯装置
0.04,ST010127,%(m/m),2025-05-02 08:00:00,甲  苯,延炼12万吨/年乙苯/苯乙烯装置
6.83,ST010127,%(m/m),2025-05-02 08:00:00,乙  苯,延炼12万吨/年乙苯/苯乙烯装置
0.01,ST010127,%(m/m),2025-05-02 08:00:00,二甲苯,延炼12万吨/年乙苯/苯乙烯装置
0.03,ST010127,%(m/m),2025-05-02 08:00:00,异丙苯,延炼12万吨/年乙苯/苯乙烯装置
0.00,ST010127,%(m/m),2025-05-02 08:00:00,正丙苯,延炼12万吨/年乙苯/苯乙烯装置
0.00,ST010127,%(m/m),2025-05-02 08:00:00,甲乙苯,延炼12万吨/年乙苯/苯乙烯装置
0.06,ST010127,%(m/m),2025-05-02 08:00:00,丁苯,延炼12万吨/年乙苯/苯乙烯装置
0.76,ST010127,%(m/m),2025-05-02 08:00:00,二乙苯,延炼12万吨/年乙苯/苯乙烯装置
0.37,ST010127,%(m/m),2025-05-02 08:00:00,重芳,延炼12万吨/年乙苯/苯乙烯装置
0.01,ST010127,%(m/m),2025-05-03 08:00:00,正丙苯,延炼12万吨/年乙苯/苯乙烯装置
0.00,ST010127,%(m/m),2025-05-03 08:00:00,甲乙苯,延炼12万吨/年乙苯/苯乙烯装置
0.05,ST010127,%(m/m),2025-05-03 08:00:00,丁苯,延炼12万吨/年乙苯/苯乙烯装置
0.74,ST010127,%(m/m),2025-05-03 08:00:00,二乙苯,延炼12万吨/年乙苯/苯乙烯装置
0.42,ST010127,%(m/m),2025-05-03 08:00:00,重芳,延炼12万吨/年乙苯/苯乙烯装置
0.09,ST010127,%(m/m),2025-05-03 08:00:00,非  芳,延炼12万吨/年乙苯/苯乙烯装置
92.49,ST010127,%(m/m),2025-05-03 08:00:00,苯,延炼12万吨/年乙苯/苯乙烯装置
0.07,ST010127,%(m/m),2025-05-03 08:00:00,甲  苯,延炼12万吨/年乙苯/苯乙烯装置
6.09,ST010127,%(m/m),2025-05-03 08:00:00,乙  苯,延炼12万吨/年乙苯/苯乙烯装置
0.01,ST010127,%(m/m),2025-05-03 08:00:00,二甲苯,延炼12万吨/年乙苯/苯乙烯装置
0.04,ST010127,%(m/m),2025-05-03 08:00:00,异丙苯,延炼12万吨/年乙苯/苯乙烯装置
0.12,ST010127,%(m/m),2025-05-04 08:00:00,非  芳,延炼12万吨/年乙苯/苯乙烯装置
90.84,ST010127,%(m/m),2025-05-04 08:00:00,苯,延炼12万吨/年乙苯/苯乙烯装置
0.07,ST010127,%(m/m),2025-05-04 08:00:00,甲  苯,延炼12万吨/年乙苯/苯乙烯装置
7.46,ST010127,%(m/m),2025-05-04 08:00:00,乙  苯,延炼12万吨/年乙苯/苯乙烯装置
0.01,ST010127,%(m/m),2025-05-04 08:00:00,二甲苯,延炼12万吨/年乙苯/苯乙烯装置
0.10,ST010127,%(m/m),2025-05-04 08:00:00,异丙苯,延炼12万吨/年乙苯/苯乙烯装置
0.13,ST010127,%(m/m),2025-05-04 08:00:00,正丙苯,延炼12万吨/年乙苯/苯乙烯装置
0.00,ST010127,%(m/m),2025-05-04 08:00:00,甲乙苯,延炼12万吨/年乙苯/苯乙烯装置
0.05,ST010127,%(m/m),2025-05-04 08:00:00,丁苯,延炼12万吨/年乙苯/苯乙烯装置
0.78,ST010127,%(m/m),2025-05-04 08:00:00,二乙苯,延炼12万吨/年乙苯/苯乙烯装置
0.44,ST010127,%(m/m),2025-05-04 08:00:00,重芳,延炼12万吨/年乙苯/苯乙烯装置
0.14,ST010127,%(m/m),2025-05-05 08:00:00,非  芳,延炼12万吨/年乙苯/苯乙烯装置
92.50,ST010127,%(m/m),2025-05-05 08:00:00,苯,延炼12万吨/年乙苯/苯乙烯装置
0.06,ST010127,%(m/m),2025-05-05 08:00:00,甲  苯,延炼12万吨/年乙苯/苯乙烯装置
6.26,ST010127,%(m/m),2025-05-05 08:00:00,乙  苯,延炼12万吨/年乙苯/苯乙烯装置
0.01,ST010127,%(m/m),2025-05-05 08:00:00,二甲苯,延炼12万吨/年乙苯/苯乙烯装置
0.00,ST010127,%(m/m),2025-05-05 08:00:00,异丙苯,延炼12万吨/年乙苯/苯乙烯装置
0.00,ST010127,%(m/m),2025-05-05 08:00:00,正丙苯,延炼12万吨/年乙苯/苯乙烯装置
0.00,ST010127,%(m/m),2025-05-05 08:00:00,甲乙苯,延炼12万吨/年乙苯/苯乙烯装置
0.04,ST010127,%(m/m),2025-05-05 08:00:00,丁苯,延炼12万吨/年乙苯/苯乙烯装置
0.63,ST010127,%(m/m),2025-05-05 08:00:00,二乙苯,延炼12万吨/年乙苯/苯乙烯装置
0.35,ST010127,%(m/m),2025-05-05 08:00:00,重芳,延炼12万吨/年乙苯/苯乙烯装置
0.08,ST010127,%(m/m),2025-05-06 08:00:00,非  芳,延炼12万吨/年乙苯/苯乙烯装置
91.65,ST010127,%(m/m),2025-05-06 08:00:00,苯,延炼12万吨/年乙苯/苯乙烯装置
0.08,ST010127,%(m/m),2025-05-06 08:00:00,甲  苯,延炼12万吨/年乙苯/苯乙烯装置
7.35,ST010127,%(m/m),2025-05-06 08:00:00,乙  苯,延炼12万吨/年乙苯/苯乙烯装置
0.01,ST010127,%(m/m),2025-05-06 08:00:00,二甲苯,延炼12万吨/年乙苯/苯乙烯装置
0.00,ST010127,%(m/m),2025-05-06 08:00:00,异丙苯,延炼12万吨/年乙苯/苯乙烯装置
0.01,ST010127,%(m/m),2025-05-06 08:00:00,正丙苯,延炼12万吨/年乙苯/苯乙烯装置
0.00,ST010127,%(m/m),2025-05-06 08:00:00,甲乙苯,延炼12万吨/年乙苯/苯乙烯装置
0.05,ST010127,%(m/m),2025-05-06 08:00:00,丁苯,延炼12万吨/年乙苯/苯乙烯装置
0.40,ST010127,%(m/m),2025-05-06 08:00:00,二乙苯,延炼12万吨/年乙苯/苯乙烯装置
0.38,ST010127,%(m/m),2025-05-06 08:00:00,重芳,延炼12万吨/年乙苯/苯乙烯装置
0.13,ST010127,%(m/m),2025-05-07 08:00:00,非  芳,延炼12万吨/年乙苯/苯乙烯装置
89.16,ST010127,%(m/m),2025-05-07 08:00:00,苯,延炼12万吨/年乙苯/苯乙烯装置
0.05,ST010127,%(m/m),2025-05-07 08:00:00,甲  苯,延炼12万吨/年乙苯/苯乙烯装置
9.33,ST010127,%(m/m),2025-05-07 08:00:00,乙  苯,延炼12万吨/年乙苯/苯乙烯装置
0.01,ST010127,%(m/m),2025-05-07 08:00:00,二甲苯,延炼12万吨/年乙苯/苯乙烯装置
0.00,ST010127,%(m/m),2025-05-07 08:00:00,异丙苯,延炼12万吨/年乙苯/苯乙烯装置
0.01,ST010127,%(m/m),2025-05-07 08:00:00,正丙苯,延炼12万吨/年乙苯/苯乙烯装置
0.00,ST010127,%(m/m),2025-05-07 08:00:00,甲乙苯,延炼12万吨/年乙苯/苯乙烯装置
0.06,ST010127,%(m/m),2025-05-07 08:00:00,丁苯,延炼12万吨/年乙苯/苯乙烯装置
0.80,ST010127,%(m/m),2025-05-07 08:00:00,二乙苯,延炼12万吨/年乙苯/苯乙烯装置
0.45,ST010127,%(m/m),2025-05-07 08:00:00,重芳,延炼12万吨/年乙苯/苯乙烯装置
0.12,ST010127,%(m/m),2025-05-08 08:00:00,非  芳,延炼12万吨/年乙苯/苯乙烯装置
91.18,ST010127,%(m/m),2025-05-08 08:00:00,苯,延炼12万吨/年乙苯/苯乙烯装置
0.07,ST010127,%(m/m),2025-05-08 08:00:00,甲  苯,延炼12万吨/年乙苯/苯乙烯装置
7.67,ST010127,%(m/m),2025-05-08 08:00:00,乙  苯,延炼12万吨/年乙苯/苯乙烯装置
0.01,ST010127,%(m/m),2025-05-08 08:00:00,二甲苯,延炼12万吨/年乙苯/苯乙烯装置
0.00,ST010127,%(m/m),2025-05-08 08:00:00,异丙苯,延炼12万吨/年乙苯/苯乙烯装置
0.01,ST010127,%(m/m),2025-05-08 08:00:00,正丙苯,延炼12万吨/年乙苯/苯乙烯装置
0.00,ST010127,%(m/m),2025-05-08 08:00:00,甲乙苯,延炼12万吨/年乙苯/苯乙烯装置
0.05,ST010127,%(m/m),2025-05-08 08:00:00,丁苯,延炼12万吨/年乙苯/苯乙烯装置
0.44,ST010127,%(m/m),2025-05-08 08:00:00,二乙苯,延炼12万吨/年乙苯/苯乙烯装置
0.44,ST010127,%(m/m),2025-05-08 08:00:00,重芳,延炼12万吨/年乙苯/苯乙烯装置
0.09,ST010127,%(m/m),2025-05-09 08:00:00,非  芳,延炼12万吨/年乙苯/苯乙烯装置
89.56,ST010127,%(m/m),2025-05-09 08:00:00,苯,延炼12万吨/年乙苯/苯乙烯装置
0.08,ST010127,%(m/m),2025-05-09 08:00:00,甲  苯,延炼12万吨/年乙苯/苯乙烯装置
8.46,ST010127,%(m/m),2025-05-09 08:00:00,乙  苯,延炼12万吨/年乙苯/苯乙烯装置
0.01,ST010127,%(m/m),2025-05-09 08:00:00,二甲苯,延炼12万吨/年乙苯/苯乙烯装置
0.11,ST010127,%(m/m),2025-05-09 08:00:00,异丙苯,延炼12万吨/年乙苯/苯乙烯装置
0.15,ST010127,%(m/m),2025-05-09 08:00:00,正丙苯,延炼12万吨/年乙苯/苯乙烯装置
0.01,ST010127,%(m/m),2025-05-09 08:00:00,甲乙苯,延炼12万吨/年乙苯/苯乙烯装置
0.07,ST010127,%(m/m),2025-05-09 08:00:00,丁苯,延炼12万吨/年乙苯/苯乙烯装置
0.93,ST010127,%(m/m),2025-05-09 08:00:00,二乙苯,延炼12万吨/年乙苯/苯乙烯装置
0.53,ST010127,%(m/m),2025-05-09 08:00:00,重芳,延炼12万吨/年乙苯/苯乙烯装置
0.16,ST010127,%(m/m),2025-05-10 08:00:00,非  芳,延炼12万吨/年乙苯/苯乙烯装置
89.47,ST010127,%(m/m),2025-05-10 08:00:00,苯,延炼12万吨/年乙苯/苯乙烯装置
0.06,ST010127,%(m/m),2025-05-10 08:00:00,甲  苯,延炼12万吨/年乙苯/苯乙烯装置
8.84,ST010127,%(m/m),2025-05-10 08:00:00,乙  苯,延炼12万吨/年乙苯/苯乙烯装置
0.01,ST010127,%(m/m),2025-05-10 08:00:00,二甲苯,延炼12万吨/年乙苯/苯乙烯装置
0.00,ST010127,%(m/m),2025-05-10 08:00:00,异丙苯,延炼12万吨/年乙苯/苯乙烯装置
0.01,ST010127,%(m/m),2025-05-10 08:00:00,正丙苯,延炼12万吨/年乙苯/苯乙烯装置
0.00,ST010127,%(m/m),2025-05-10 08:00:00,甲乙苯,延炼12万吨/年乙苯/苯乙烯装置
0.06,ST010127,%(m/m),2025-05-10 08:00:00,丁苯,延炼12万吨/年乙苯/苯乙烯装置
0.93,ST010127,%(m/m),2025-05-10 08:00:00,二乙苯,延炼12万吨/年乙苯/苯乙烯装置
0.47,ST010127,%(m/m),2025-05-10 08:00:00,重芳,延炼12万吨/年乙苯/苯乙烯装置
0.17,ST010127,%(m/m),2025-05-11 08:00:00,非  芳,延炼12万吨/年乙苯/苯乙烯装置
89.18,ST010127,%(m/m),2025-05-11 08:00:00,苯,延炼12万吨/年乙苯/苯乙烯装置
0.08,ST010127,%(m/m),2025-05-11 08:00:00,甲  苯,延炼12万吨/年乙苯/苯乙烯装置
8.92,ST010127,%(m/m),2025-05-11 08:00:00,乙  苯,延炼12万吨/年乙苯/苯乙烯装置
0.01,ST010127,%(m/m),2025-05-11 08:00:00,二甲苯,延炼12万吨/年乙苯/苯乙烯装置
0.04,ST010127,%(m/m),2025-05-11 08:00:00,异丙苯,延炼12万吨/年乙苯/苯乙烯装置
0.01,ST010127,%(m/m),2025-05-11 08:00:00,正丙苯,延炼12万吨/年乙苯/苯乙烯装置
0.00,ST010127,%(m/m),2025-05-11 08:00:00,甲乙苯,延炼12万吨/年乙苯/苯乙烯装置
0.06,ST010127,%(m/m),2025-05-11 08:00:00,丁苯,延炼12万吨/年乙苯/苯乙烯装置
1.06,ST010127,%(m/m),2025-05-11 08:00:00,二乙苯,延炼12万吨/年乙苯/苯乙烯装置
0.48,ST010127,%(m/m),2025-05-11 08:00:00,重芳,延炼12万吨/年乙苯/苯乙烯装置
0.12,ST010127,%(m/m),2025-05-12 08:00:00,非  芳,延炼12万吨/年乙苯/苯乙烯装置
90.69,ST010127,%(m/m),2025-05-12 08:00:00,苯,延炼12万吨/年乙苯/苯乙烯装置
0.07,ST010127,%(m/m),2025-05-12 08:00:00,甲  苯,延炼12万吨/年乙苯/苯乙烯装置
7.70,ST010127,%(m/m),2025-05-12 08:00:00,乙  苯,延炼12万吨/年乙苯/苯乙烯装置
0.01,ST010127,%(m/m),2025-05-12 08:00:00,二甲苯,延炼12万吨/年乙苯/苯乙烯装置
0.09,ST010127,%(m/m),2025-05-12 08:00:00,异丙苯,延炼12万吨/年乙苯/苯乙烯装置
0.01,ST010127,%(m/m),2025-05-12 08:00:00,正丙苯,延炼12万吨/年乙苯/苯乙烯装置
0.00,ST010127,%(m/m),2025-05-12 08:00:00,甲乙苯,延炼12万吨/年乙苯/苯乙烯装置
0.06,ST010127,%(m/m),2025-05-12 08:00:00,丁苯,延炼12万吨/年乙苯/苯乙烯装置
0.80,ST010127,%(m/m),2025-05-12 08:00:00,二乙苯,延炼12万吨/年乙苯/苯乙烯装置
0.44,ST010127,%(m/m),2025-05-12 08:00:00,重芳,延炼12万吨/年乙苯/苯乙烯装置
0.15,ST010127,%(m/m),2025-05-13 08:00:00,非  芳,延炼12万吨/年乙苯/苯乙烯装置
90.53,ST010127,%(m/m),2025-05-13 08:00:00,苯,延炼12万吨/年乙苯/苯乙烯装置
0.05,ST010127,%(m/m),2025-05-13 08:00:00,甲  苯,延炼12万吨/年乙苯/苯乙烯装置
7.85,ST010127,%(m/m),2025-05-13 08:00:00,乙  苯,延炼12万吨/年乙苯/苯乙烯装置
0.01,ST010127,%(m/m),2025-05-13 08:00:00,二甲苯,延炼12万吨/年乙苯/苯乙烯装置
0.05,ST010127,%(m/m),2025-05-13 08:00:00,异丙苯,延炼12万吨/年乙苯/苯乙烯装置
0.06,ST010127,%(m/m),2025-05-13 08:00:00,正丙苯,延炼12万吨/年乙苯/苯乙烯装置
0.01,ST010127,%(m/m),2025-05-13 08:00:00,甲乙苯,延炼12万吨/年乙苯/苯乙烯装置
0.08,ST010127,%(m/m),2025-05-13 08:00:00,丁苯,延炼12万吨/年乙苯/苯乙烯装置
0.77,ST010127,%(m/m),2025-05-13 08:00:00,二乙苯,延炼12万吨/年乙苯/苯乙烯装置
0.46,ST010127,%(m/m),2025-05-13 08:00:00,重芳,延炼12万吨/年乙苯/苯乙烯装置
0.13,ST010127,%(m/m),2025-05-14 08:00:00,非  芳,延炼12万吨/年乙苯/苯乙烯装置
89.27,ST010127,%(m/m),2025-05-14 08:00:00,苯,延炼12万吨/年乙苯/苯乙烯装置
0.06,ST010127,%(m/m),2025-05-14 08:00:00,甲  苯,延炼12万吨/年乙苯/苯乙烯装置
8.95,ST010127,%(m/m),2025-05-14 08:00:00,乙  苯,延炼12万吨/年乙苯/苯乙烯装置
0.01,ST010127,%(m/m),2025-05-14 08:00:00,二甲苯,延炼12万吨/年乙苯/苯乙烯装置
0.04,ST010127,%(m/m),2025-05-14 08:00:00,异丙苯,延炼12万吨/年乙苯/苯乙烯装置
0.05,ST010127,%(m/m),2025-05-14 08:00:00,正丙苯,延炼12万吨/年乙苯/苯乙烯装置
0.01,ST010127,%(m/m),2025-05-14 08:00:00,甲乙苯,延炼12万吨/年乙苯/苯乙烯装置
0.08,ST010127,%(m/m),2025-05-14 08:00:00,丁苯,延炼12万吨/年乙苯/苯乙烯装置
0.94,ST010127,%(m/m),2025-05-14 08:00:00,二乙苯,延炼12万吨/年乙苯/苯乙烯装置
0.46,ST010127,%(m/m),2025-05-14 08:00:00,重芳,延炼12万吨/年乙苯/苯乙烯装置
0.11,ST010127,%(m/m),2025-05-15 08:00:00,非  芳,延炼12万吨/年乙苯/苯乙烯装置
87.88,ST010127,%(m/m),2025-05-15 08:00:00,苯,延炼12万吨/年乙苯/苯乙烯装置
0.07,ST010127,%(m/m),2025-05-15 08:00:00,甲  苯,延炼12万吨/年乙苯/苯乙烯装置
10.17,ST010127,%(m/m),2025-05-15 08:00:00,乙  苯,延炼12万吨/年乙苯/苯乙烯装置
0.01,ST010127,%(m/m),2025-05-15 08:00:00,二甲苯,延炼12万吨/年乙苯/苯乙烯装置
0.05,ST010127,%(m/m),2025-05-15 08:00:00,异丙苯,延炼12万吨/年乙苯/苯乙烯装置
0.01,ST010127,%(m/m),2025-05-15 08:00:00,正丙苯,延炼12万吨/年乙苯/苯乙烯装置
0.00,ST010127,%(m/m),2025-05-15 08:00:00,甲乙苯,延炼12万吨/年乙苯/苯乙烯装置
0.07,ST010127,%(m/m),2025-05-15 08:00:00,丁苯,延炼12万吨/年乙苯/苯乙烯装置
1.06,ST010127,%(m/m),2025-05-15 08:00:00,二乙苯,延炼12万吨/年乙苯/苯乙烯装置
0.58,ST010127,%(m/m),2025-05-15 08:00:00,重芳,延炼12万吨/年乙苯/苯乙烯装置
0.12,ST010127,%(m/m),2025-05-16 09:03:00,非  芳,延炼12万吨/年乙苯/苯乙烯装置
90.54,ST010127,%(m/m),2025-05-16 09:03:00,苯,延炼12万吨/年乙苯/苯乙烯装置
0.07,ST010127,%(m/m),2025-05-16 09:03:00,甲  苯,延炼12万吨/年乙苯/苯乙烯装置
7.71,ST010127,%(m/m),2025-05-16 09:03:00,乙  苯,延炼12万吨/年乙苯/苯乙烯装置
0.01,ST010127,%(m/m),2025-05-16 09:03:00,二甲苯,延炼12万吨/年乙苯/苯乙烯装置
0.10,ST010127,%(m/m),2025-05-16 09:03:00,异丙苯,延炼12万吨/年乙苯/苯乙烯装置
0.13,ST010127,%(m/m),2025-05-16 09:03:00,正丙苯,延炼12万吨/年乙苯/苯乙烯装置
0.00,ST010127,%(m/m),2025-05-16 09:03:00,甲乙苯,延炼12万吨/年乙苯/苯乙烯装置
0.06,ST010127,%(m/m),2025-05-16 09:03:00,丁苯,延炼12万吨/年乙苯/苯乙烯装置
0.81,ST010127,%(m/m),2025-05-16 09:03:00,二乙苯,延炼12万吨/年乙苯/苯乙烯装置
0.46,ST010127,%(m/m),2025-05-16 09:03:00,重芳,延炼12万吨/年乙苯/苯乙烯装置
0.12,ST010127,%(m/m),2025-05-17 08:00:00,非  芳,延炼12万吨/年乙苯/苯乙烯装置
91.77,ST010127,%(m/m),2025-05-17 08:00:00,苯,延炼12万吨/年乙苯/苯乙烯装置
0.06,ST010127,%(m/m),2025-05-17 08:00:00,甲  苯,延炼12万吨/年乙苯/苯乙烯装置
6.72,ST010127,%(m/m),2025-05-17 08:00:00,乙  苯,延炼12万吨/年乙苯/苯乙烯装置
0.01,ST010127,%(m/m),2025-05-17 08:00:00,二甲苯,延炼12万吨/年乙苯/苯乙烯装置
0.00,ST010127,%(m/m),2025-05-17 08:00:00,异丙苯,延炼12万吨/年乙苯/苯乙烯装置
0.01,ST010127,%(m/m),2025-05-17 08:00:00,正丙苯,延炼12万吨/年乙苯/苯乙烯装置
0.00,ST010127,%(m/m),2025-05-17 08:00:00,甲乙苯,延炼12万吨/年乙苯/苯乙烯装置
0.05,ST010127,%(m/m),2025-05-17 08:00:00,丁苯,延炼12万吨/年乙苯/苯乙烯装置
0.85,ST010127,%(m/m),2025-05-17 08:00:00,二乙苯,延炼12万吨/年乙苯/苯乙烯装置
0.42,ST010127,%(m/m),2025-05-17 08:00:00,重芳,延炼12万吨/年乙苯/苯乙烯装置
0.13,ST010127,%(m/m),2025-05-18 08:00:00,非  芳,延炼12万吨/年乙苯/苯乙烯装置
89.50,ST010127,%(m/m),2025-05-18 08:00:00,苯,延炼12万吨/年乙苯/苯乙烯装置
0.06,ST010127,%(m/m),2025-05-18 08:00:00,甲  苯,延炼12万吨/年乙苯/苯乙烯装置
8.83,ST010127,%(m/m),2025-05-18 08:00:00,乙  苯,延炼12万吨/年乙苯/苯乙烯装置
0.01,ST010127,%(m/m),2025-05-18 08:00:00,二甲苯,延炼12万吨/年乙苯/苯乙烯装置
0.00,ST010127,%(m/m),2025-05-18 08:00:00,异丙苯,延炼12万吨/年乙苯/苯乙烯装置
0.00,ST010127,%(m/m),2025-05-18 08:00:00,正丙苯,延炼12万吨/年乙苯/苯乙烯装置
0.00,ST010127,%(m/m),2025-05-18 08:00:00,甲乙苯,延炼12万吨/年乙苯/苯乙烯装置
0.05,ST010127,%(m/m),2025-05-18 08:00:00,丁苯,延炼12万吨/年乙苯/苯乙烯装置
0.96,ST010127,%(m/m),2025-05-18 08:00:00,二乙苯,延炼12万吨/年乙苯/苯乙烯装置
0.46,ST010127,%(m/m),2025-05-18 08:00:00,重芳,延炼12万吨/年乙苯/苯乙烯装置
0.14,ST010127,%(m/m),2025-05-19 08:00:00,非  芳,延炼12万吨/年乙苯/苯乙烯装置
91.52,ST010127,%(m/m),2025-05-19 08:00:00,苯,延炼12万吨/年乙苯/苯乙烯装置
0.07,ST010127,%(m/m),2025-05-19 08:00:00,甲  苯,延炼12万吨/年乙苯/苯乙烯装置
6.86,ST010127,%(m/m),2025-05-19 08:00:00,乙  苯,延炼12万吨/年乙苯/苯乙烯装置
0.01,ST010127,%(m/m),2025-05-19 08:00:00,二甲苯,延炼12万吨/年乙苯/苯乙烯装置
0.04,ST010127,%(m/m),2025-05-19 08:00:00,异丙苯,延炼12万吨/年乙苯/苯乙烯装置
0.01,ST010127,%(m/m),2025-05-19 08:00:00,正丙苯,延炼12万吨/年乙苯/苯乙烯装置
0.00,ST010127,%(m/m),2025-05-19 08:00:00,甲乙苯,延炼12万吨/年乙苯/苯乙烯装置
0.07,ST010127,%(m/m),2025-05-19 08:00:00,丁苯,延炼12万吨/年乙苯/苯乙烯装置
0.86,ST010127,%(m/m),2025-05-19 08:00:00,二乙苯,延炼12万吨/年乙苯/苯乙烯装置
0.43,ST010127,%(m/m),2025-05-19 08:00:00,重芳,延炼12万吨/年乙苯/苯乙烯装置
0.12,ST010127,%(m/m),2025-05-20 08:00:00,非  芳,延炼12万吨/年乙苯/苯乙烯装置
90.45,ST010127,%(m/m),2025-05-20 08:00:00,苯,延炼12万吨/年乙苯/苯乙烯装置
0.07,ST010127,%(m/m),2025-05-20 08:00:00,甲  苯,延炼12万吨/年乙苯/苯乙烯装置
7.84,ST010127,%(m/m),2025-05-20 08:00:00,乙  苯,延炼12万吨/年乙苯/苯乙烯装置
0.01,ST010127,%(m/m),2025-05-20 08:00:00,二甲苯,延炼12万吨/年乙苯/苯乙烯装置
0.05,ST010127,%(m/m),2025-05-20 08:00:00,异丙苯,延炼12万吨/年乙苯/苯乙烯装置
0.07,ST010127,%(m/m),2025-05-20 08:00:00,正丙苯,延炼12万吨/年乙苯/苯乙烯装置
0.01,ST010127,%(m/m),2025-05-20 08:00:00,甲乙苯,延炼12万吨/年乙苯/苯乙烯装置
0.07,ST010127,%(m/m),2025-05-20 08:00:00,丁苯,延炼12万吨/年乙苯/苯乙烯装置
0.91,ST010127,%(m/m),2025-05-20 08:00:00,二乙苯,延炼12万吨/年乙苯/苯乙烯装置
0.40,ST010127,%(m/m),2025-05-20 08:00:00,重芳,延炼12万吨/年乙苯/苯乙烯装置
0.09,ST010127,%(m/m),2025-05-21 08:00:00,非  芳,延炼12万吨/年乙苯/苯乙烯装置
88.93,ST010127,%(m/m),2025-05-21 08:00:00,苯,延炼12万吨/年乙苯/苯乙烯装置
0.08,ST010127,%(m/m),2025-05-21 08:00:00,甲  苯,延炼12万吨/年乙苯/苯乙烯装置
9.08,ST010127,%(m/m),2025-05-21 08:00:00,乙  苯,延炼12万吨/年乙苯/苯乙烯装置
0.01,ST010127,%(m/m),2025-05-21 08:00:00,二甲苯,延炼12万吨/年乙苯/苯乙烯装置
0.12,ST010127,%(m/m),2025-05-21 08:00:00,异丙苯,延炼12万吨/年乙苯/苯乙烯装置
0.01,ST010127,%(m/m),2025-05-21 08:00:00,正丙苯,延炼12万吨/年乙苯/苯乙烯装置
0.00,ST010127,%(m/m),2025-05-21 08:00:00,甲乙苯,延炼12万吨/年乙苯/苯乙烯装置
0.08,ST010127,%(m/m),2025-05-21 08:00:00,丁苯,延炼12万吨/年乙苯/苯乙烯装置
1.02,ST010127,%(m/m),2025-05-21 08:00:00,二乙苯,延炼12万吨/年乙苯/苯乙烯装置
0.59,ST010127,%(m/m),2025-05-21 08:00:00,重芳,延炼12万吨/年乙苯/苯乙烯装置
0.14,ST010127,%(m/m),2025-05-22 08:00:00,非  芳,延炼12万吨/年乙苯/苯乙烯装置
89.26,ST010127,%(m/m),2025-05-22 08:00:00,苯,延炼12万吨/年乙苯/苯乙烯装置
0.06,ST010127,%(m/m),2025-05-22 08:00:00,甲  苯,延炼12万吨/年乙苯/苯乙烯装置
8.96,ST010127,%(m/m),2025-05-22 08:00:00,乙  苯,延炼12万吨/年乙苯/苯乙烯装置
0.01,ST010127,%(m/m),2025-05-22 08:00:00,二甲苯,延炼12万吨/年乙苯/苯乙烯装置
0.04,ST010127,%(m/m),2025-05-22 08:00:00,异丙苯,延炼12万吨/年乙苯/苯乙烯装置
0.06,ST010127,%(m/m),2025-05-22 08:00:00,正丙苯,延炼12万吨/年乙苯/苯乙烯装置
0.00,ST010127,%(m/m),2025-05-22 08:00:00,甲乙苯,延炼12万吨/年乙苯/苯乙烯装置
0.06,ST010127,%(m/m),2025-05-22 08:00:00,丁苯,延炼12万吨/年乙苯/苯乙烯装置
0.95,ST010127,%(m/m),2025-05-22 08:00:00,二乙苯,延炼12万吨/年乙苯/苯乙烯装置
0.46,ST010127,%(m/m),2025-05-22 08:00:00,重芳,延炼12万吨/年乙苯/苯乙烯装置
0.14,ST010127,%(m/m),2025-05-23 08:00:00,非  芳,延炼12万吨/年乙苯/苯乙烯装置
90.83,ST010127,%(m/m),2025-05-23 08:00:00,苯,延炼12万吨/年乙苯/苯乙烯装置
0.06,ST010127,%(m/m),2025-05-23 08:00:00,甲  苯,延炼12万吨/年乙苯/苯乙烯装置
7.64,ST010127,%(m/m),2025-05-23 08:00:00,乙  苯,延炼12万吨/年乙苯/苯乙烯装置
0.01,ST010127,%(m/m),2025-05-23 08:00:00,二甲苯,延炼12万吨/年乙苯/苯乙烯装置
0.04,ST010127,%(m/m),2025-05-23 08:00:00,异丙苯,延炼12万吨/年乙苯/苯乙烯装置
0.01,ST010127,%(m/m),2025-05-23 08:00:00,正丙苯,延炼12万吨/年乙苯/苯乙烯装置
0.00,ST010127,%(m/m),2025-05-23 08:00:00,甲乙苯,延炼12万吨/年乙苯/苯乙烯装置
0.05,ST010127,%(m/m),2025-05-23 08:00:00,丁苯,延炼12万吨/年乙苯/苯乙烯装置
0.79,ST010127,%(m/m),2025-05-23 08:00:00,二乙苯,延炼12万吨/年乙苯/苯乙烯装置
0.43,ST010127,%(m/m),2025-05-23 08:00:00,重芳,延炼12万吨/年乙苯/苯乙烯装置
0.12,ST010127,%(m/m),2025-05-24 08:00:00,非  芳,延炼12万吨/年乙苯/苯乙烯装置
90.45,ST010127,%(m/m),2025-05-24 08:00:00,苯,延炼12万吨/年乙苯/苯乙烯装置
0.07,ST010127,%(m/m),2025-05-24 08:00:00,甲  苯,延炼12万吨/年乙苯/苯乙烯装置
7.93,ST010127,%(m/m),2025-05-24 08:00:00,乙  苯,延炼12万吨/年乙苯/苯乙烯装置
0.01,ST010127,%(m/m),2025-05-24 08:00:00,二甲苯,延炼12万吨/年乙苯/苯乙烯装置
0.05,ST010127,%(m/m),2025-05-24 08:00:00,异丙苯,延炼12万吨/年乙苯/苯乙烯装置
0.01,ST010127,%(m/m),2025-05-24 08:00:00,正丙苯,延炼12万吨/年乙苯/苯乙烯装置
0.00,ST010127,%(m/m),2025-05-24 08:00:00,甲乙苯,延炼12万吨/年乙苯/苯乙烯装置
0.05,ST010127,%(m/m),2025-05-24 08:00:00,丁苯,延炼12万吨/年乙苯/苯乙烯装置
0.92,ST010127,%(m/m),2025-05-24 08:00:00,二乙苯,延炼12万吨/年乙苯/苯乙烯装置
0.40,ST010127,%(m/m),2025-05-24 08:00:00,重芳,延炼12万吨/年乙苯/苯乙烯装置
0.13,ST010127,%(m/m),2025-05-25 08:00:00,非  芳,延炼12万吨/年乙苯/苯乙烯装置
89.06,ST010127,%(m/m),2025-05-25 08:00:00,苯,延炼12万吨/年乙苯/苯乙烯装置
0.03,ST010127,%(m/m),2025-05-25 08:00:00,甲  苯,延炼12万吨/年乙苯/苯乙烯装置
9.19,ST010127,%(m/m),2025-05-25 08:00:00,乙  苯,延炼12万吨/年乙苯/苯乙烯装置
0.01,ST010127,%(m/m),2025-05-25 08:00:00,二甲苯,延炼12万吨/年乙苯/苯乙烯装置
0.05,ST010127,%(m/m),2025-05-25 08:00:00,异丙苯,延炼12万吨/年乙苯/苯乙烯装置
0.01,ST010127,%(m/m),2025-05-25 08:00:00,正丙苯,延炼12万吨/年乙苯/苯乙烯装置
0.00,ST010127,%(m/m),2025-05-25 08:00:00,甲乙苯,延炼12万吨/年乙苯/苯乙烯装置
0.06,ST010127,%(m/m),2025-05-25 08:00:00,丁苯,延炼12万吨/年乙苯/苯乙烯装置
0.96,ST010127,%(m/m),2025-05-25 08:00:00,二乙苯,延炼12万吨/年乙苯/苯乙烯装置
0.51,ST010127,%(m/m),2025-05-25 08:00:00,重芳,延炼12万吨/年乙苯/苯乙烯装置
0.13,ST010127,%(m/m),2025-05-26 08:00:00,非  芳,延炼12万吨/年乙苯/苯乙烯装置
89.25,ST010127,%(m/m),2025-05-26 08:00:00,苯,延炼12万吨/年乙苯/苯乙烯装置
0.06,ST010127,%(m/m),2025-05-26 08:00:00,甲  苯,延炼12万吨/年乙苯/苯乙烯装置
9.00,ST010127,%(m/m),2025-05-26 08:00:00,乙  苯,延炼12万吨/年乙苯/苯乙烯装置
0.01,ST010127,%(m/m),2025-05-26 08:00:00,二甲苯,延炼12万吨/年乙苯/苯乙烯装置
0.04,ST010127,%(m/m),2025-05-26 08:00:00,异丙苯,延炼12万吨/年乙苯/苯乙烯装置
0.05,ST010127,%(m/m),2025-05-26 08:00:00,正丙苯,延炼12万吨/年乙苯/苯乙烯装置
0.00,ST010127,%(m/m),2025-05-26 08:00:00,甲乙苯,延炼12万吨/年乙苯/苯乙烯装置
0.06,ST010127,%(m/m),2025-05-26 08:00:00,丁苯,延炼12万吨/年乙苯/苯乙烯装置
0.95,ST010127,%(m/m),2025-05-26 08:00:00,二乙苯,延炼12万吨/年乙苯/苯乙烯装置
0.46,ST010127,%(m/m),2025-05-26 08:00:00,重芳,延炼12万吨/年乙苯/苯乙烯装置
0.11,ST010127,%(m/m),2025-05-27 08:00:00,非  芳,延炼12万吨/年乙苯/苯乙烯装置
87.20,ST010127,%(m/m),2025-05-27 08:00:00,苯,延炼12万吨/年乙苯/苯乙烯装置
0.07,ST010127,%(m/m),2025-05-27 08:00:00,甲  苯,延炼12万吨/年乙苯/苯乙烯装置
10.62,ST010127,%(m/m),2025-05-27 08:00:00,乙  苯,延炼12万吨/年乙苯/苯乙烯装置
0.01,ST010127,%(m/m),2025-05-27 08:00:00,二甲苯,延炼12万吨/年乙苯/苯乙烯装置
0.06,ST010127,%(m/m),2025-05-27 08:00:00,异丙苯,延炼12万吨/年乙苯/苯乙烯装置
0.07,ST010127,%(m/m),2025-05-27 08:00:00,正丙苯,延炼12万吨/年乙苯/苯乙烯装置
0.00,ST010127,%(m/m),2025-05-27 08:00:00,甲乙苯,延炼12万吨/年乙苯/苯乙烯装置
0.07,ST010127,%(m/m),2025-05-27 08:00:00,丁苯,延炼12万吨/年乙苯/苯乙烯装置
1.21,ST010127,%(m/m),2025-05-27 08:00:00,二乙苯,延炼12万吨/年乙苯/苯乙烯装置
0.60,ST010127,%(m/m),2025-05-27 08:00:00,重芳,延炼12万吨/年乙苯/苯乙烯装置
0.12,ST010127,%(m/m),2025-05-28 08:00:00,非  芳,延炼12万吨/年乙苯/苯乙烯装置
90.35,ST010127,%(m/m),2025-05-28 08:00:00,苯,延炼12万吨/年乙苯/苯乙烯装置
0.07,ST010127,%(m/m),2025-05-28 08:00:00,甲  苯,延炼12万吨/年乙苯/苯乙烯装置
8.00,ST010127,%(m/m),2025-05-28 08:00:00,乙  苯,延炼12万吨/年乙苯/苯乙烯装置
0.01,ST010127,%(m/m),2025-05-28 08:00:00,二甲苯,延炼12万吨/年乙苯/苯乙烯装置
0.05,ST010127,%(m/m),2025-05-28 08:00:00,异丙苯,延炼12万吨/年乙苯/苯乙烯装置
0.01,ST010127,%(m/m),2025-05-28 08:00:00,正丙苯,延炼12万吨/年乙苯/苯乙烯装置
0.00,ST010127,%(m/m),2025-05-28 08:00:00,甲乙苯,延炼12万吨/年乙苯/苯乙烯装置
0.05,ST010127,%(m/m),2025-05-28 08:00:00,丁苯,延炼12万吨/年乙苯/苯乙烯装置
0.94,ST010127,%(m/m),2025-05-28 08:00:00,二乙苯,延炼12万吨/年乙苯/苯乙烯装置
0.40,ST010127,%(m/m),2025-05-28 08:00:00,重芳,延炼12万吨/年乙苯/苯乙烯装置
0.14,ST010127,%(m/m),2025-05-29 08:00:00,非  芳,延炼12万吨/年乙苯/苯乙烯装置
92.07,ST010127,%(m/m),2025-05-29 08:00:00,苯,延炼12万吨/年乙苯/苯乙烯装置
0.05,ST010127,%(m/m),2025-05-29 08:00:00,甲  苯,延炼12万吨/年乙苯/苯乙烯装置
6.45,ST010127,%(m/m),2025-05-29 08:00:00,乙  苯,延炼12万吨/年乙苯/苯乙烯装置
0.01,ST010127,%(m/m),2025-05-29 08:00:00,二甲苯,延炼12万吨/年乙苯/苯乙烯装置
0.05,ST010127,%(m/m),2025-05-29 08:00:00,异丙苯,延炼12万吨/年乙苯/苯乙烯装置
0.01,ST010127,%(m/m),2025-05-29 08:00:00,正丙苯,延炼12万吨/年乙苯/苯乙烯装置
0.00,ST010127,%(m/m),2025-05-29 08:00:00,甲乙苯,延炼12万吨/年乙苯/苯乙烯装置
0.05,ST010127,%(m/m),2025-05-29 08:00:00,丁苯,延炼12万吨/年乙苯/苯乙烯装置
0.77,ST010127,%(m/m),2025-05-29 08:00:00,二乙苯,延炼12万吨/年乙苯/苯乙烯装置
0.42,ST010127,%(m/m),2025-05-29 08:00:00,重芳,延炼12万吨/年乙苯/苯乙烯装置
0.13,ST010127,%(m/m),2025-05-30 08:00:00,非  芳,延炼12万吨/年乙苯/苯乙烯装置
89.55,ST010127,%(m/m),2025-05-30 08:00:00,苯,延炼12万吨/年乙苯/苯乙烯装置
0.06,ST010127,%(m/m),2025-05-30 08:00:00,甲  苯,延炼12万吨/年乙苯/苯乙烯装置
8.81,ST010127,%(m/m),2025-05-30 08:00:00,乙  苯,延炼12万吨/年乙苯/苯乙烯装置
0.01,ST010127,%(m/m),2025-05-30 08:00:00,二甲苯,延炼12万吨/年乙苯/苯乙烯装置
0.04,ST010127,%(m/m),2025-05-30 08:00:00,异丙苯,延炼12万吨/年乙苯/苯乙烯装置
0.01,ST010127,%(m/m),2025-05-30 08:00:00,正丙苯,延炼12万吨/年乙苯/苯乙烯装置
0.00,ST010127,%(m/m),2025-05-30 08:00:00,甲乙苯,延炼12万吨/年乙苯/苯乙烯装置
0.05,ST010127,%(m/m),2025-05-30 08:00:00,丁苯,延炼12万吨/年乙苯/苯乙烯装置
0.89,ST010127,%(m/m),2025-05-30 08:00:00,二乙苯,延炼12万吨/年乙苯/苯乙烯装置
0.46,ST010127,%(m/m),2025-05-30 08:00:00,重芳,延炼12万吨/年乙苯/苯乙烯装置
91.71,ST010127,%(m/m),2025-05-31 08:00:00,苯,延炼12万吨/年乙苯/苯乙烯装置
0.11,ST010127,%(m/m),2025-05-31 08:00:00,甲  苯,延炼12万吨/年乙苯/苯乙烯装置
6.52,ST010127,%(m/m),2025-05-31 08:00:00,乙  苯,延炼12万吨/年乙苯/苯乙烯装置
0.01,ST010127,%(m/m),2025-05-31 08:00:00,二甲苯,延炼12万吨/年乙苯/苯乙烯装置
0.05,ST010127,%(m/m),2025-05-31 08:00:00,异丙苯,延炼12万吨/年乙苯/苯乙烯装置
0.06,ST010127,%(m/m),2025-05-31 08:00:00,正丙苯,延炼12万吨/年乙苯/苯乙烯装置
0.01,ST010127,%(m/m),2025-05-31 08:00:00,甲乙苯,延炼12万吨/年乙苯/苯乙烯装置
0.07,ST010127,%(m/m),2025-05-31 08:00:00,丁苯,延炼12万吨/年乙苯/苯乙烯装置
0.90,ST010127,%(m/m),2025-05-31 08:00:00,二乙苯,延炼12万吨/年乙苯/苯乙烯装置
0.43,ST010127,%(m/m),2025-05-31 08:00:00,重芳,延炼12万吨/年乙苯/苯乙烯装置
0.15,ST010127,%(m/m),2025-05-31 08:00:00,非  芳,延炼12万吨/年乙苯/苯乙烯装置
0.12,ST010127,%(m/m),2025-06-01 08:00:00,非  芳,延炼12万吨/年乙苯/苯乙烯装置
90.32,ST010127,%(m/m),2025-06-01 08:00:00,苯,延炼12万吨/年乙苯/苯乙烯装置
0.07,ST010127,%(m/m),2025-06-01 08:00:00,甲  苯,延炼12万吨/年乙苯/苯乙烯装置
7.95,ST010127,%(m/m),2025-06-01 08:00:00,乙  苯,延炼12万吨/年乙苯/苯乙烯装置
0.01,ST010127,%(m/m),2025-06-01 08:00:00,二甲苯,延炼12万吨/年乙苯/苯乙烯装置
0.05,ST010127,%(m/m),2025-06-01 08:00:00,异丙苯,延炼12万吨/年乙苯/苯乙烯装置
0.07,ST010127,%(m/m),2025-06-01 08:00:00,正丙苯,延炼12万吨/年乙苯/苯乙烯装置
0.01,ST010127,%(m/m),2025-06-01 08:00:00,甲乙苯,延炼12万吨/年乙苯/苯乙烯装置
0.07,ST010127,%(m/m),2025-06-01 08:00:00,丁苯,延炼12万吨/年乙苯/苯乙烯装置
0.93,ST010127,%(m/m),2025-06-01 08:00:00,二乙苯,延炼12万吨/年乙苯/苯乙烯装置
0.40,ST010127,%(m/m),2025-06-01 08:00:00,重芳,延炼12万吨/年乙苯/苯乙烯装置
89.50,ST010127,%(m/m),2025-06-02 08:00:00,苯,延炼12万吨/年乙苯/苯乙烯装置
0.13,ST010127,%(m/m),2025-06-02 08:00:00,非  芳,延炼12万吨/年乙苯/苯乙烯装置
0.06,ST010127,%(m/m),2025-06-02 08:00:00,甲  苯,延炼12万吨/年乙苯/苯乙烯装置
8.83,ST010127,%(m/m),2025-06-02 08:00:00,乙  苯,延炼12万吨/年乙苯/苯乙烯装置
0.01,ST010127,%(m/m),2025-06-02 08:00:00,二甲苯,延炼12万吨/年乙苯/苯乙烯装置
0.05,ST010127,%(m/m),2025-06-02 08:00:00,异丙苯,延炼12万吨/年乙苯/苯乙烯装置
0.01,ST010127,%(m/m),2025-06-02 08:00:00,正丙苯,延炼12万吨/年乙苯/苯乙烯装置
0.00,ST010127,%(m/m),2025-06-02 08:00:00,甲乙苯,延炼12万吨/年乙苯/苯乙烯装置
0.05,ST010127,%(m/m),2025-06-02 08:00:00,丁苯,延炼12万吨/年乙苯/苯乙烯装置
0.90,ST010127,%(m/m),2025-06-02 08:00:00,二乙苯,延炼12万吨/年乙苯/苯乙烯装置
0.46,ST010127,%(m/m),2025-06-02 08:00:00,重芳,延炼12万吨/年乙苯/苯乙烯装置
0.15,ST010127,%(m/m),2025-06-03 08:00:00,非  芳,延炼12万吨/年乙苯/苯乙烯装置
89.46,ST010127,%(m/m),2025-06-03 08:00:00,苯,延炼12万吨/年乙苯/苯乙烯装置
0.06,ST010127,%(m/m),2025-06-03 08:00:00,甲  苯,延炼12万吨/年乙苯/苯乙烯装置
8.77,ST010127,%(m/m),2025-06-03 08:00:00,乙  苯,延炼12万吨/年乙苯/苯乙烯装置
0.01,ST010127,%(m/m),2025-06-03 08:00:00,二甲苯,延炼12万吨/年乙苯/苯乙烯装置
0.04,ST010127,%(m/m),2025-06-03 08:00:00,异丙苯,延炼12万吨/年乙苯/苯乙烯装置
0.05,ST010127,%(m/m),2025-06-03 08:00:00,正丙苯,延炼12万吨/年乙苯/苯乙烯装置
0.00,ST010127,%(m/m),2025-06-03 08:00:00,甲乙苯,延炼12万吨/年乙苯/苯乙烯装置
0.06,ST010127,%(m/m),2025-06-03 08:00:00,丁苯,延炼12万吨/年乙苯/苯乙烯装置
0.95,ST010127,%(m/m),2025-06-03 08:00:00,二乙苯,延炼12万吨/年乙苯/苯乙烯装置
0.46,ST010127,%(m/m),2025-06-03 08:00:00,重芳,延炼12万吨/年乙苯/苯乙烯装置
0.16,ST010127,%(m/m),2025-06-04 08:00:00,非  芳,延炼12万吨/年乙苯/苯乙烯装置
92.05,ST010127,%(m/m),2025-06-04 08:00:00,苯,延炼12万吨/年乙苯/苯乙烯装置
0.10,ST010127,%(m/m),2025-06-04 08:00:00,甲  苯,延炼12万吨/年乙苯/苯乙烯装置
6.31,ST010127,%(m/m),2025-06-04 08:00:00,乙  苯,延炼12万吨/年乙苯/苯乙烯装置
0.01,ST010127,%(m/m),2025-06-04 08:00:00,二甲苯,延炼12万吨/年乙苯/苯乙烯装置
0.07,ST010127,%(m/m),2025-06-04 08:00:00,异丙苯,延炼12万吨/年乙苯/苯乙烯装置
0.01,ST010127,%(m/m),2025-06-04 08:00:00,正丙苯,延炼12万吨/年乙苯/苯乙烯装置
0.00,ST010127,%(m/m),2025-06-04 08:00:00,甲乙苯,延炼12万吨/年乙苯/苯乙烯装置
0.05,ST010127,%(m/m),2025-06-04 08:00:00,丁苯,延炼12万吨/年乙苯/苯乙烯装置
0.81,ST010127,%(m/m),2025-06-04 08:00:00,二乙苯,延炼12万吨/年乙苯/苯乙烯装置
0.43,ST010127,%(m/m),2025-06-04 08:00:00,重芳,延炼12万吨/年乙苯/苯乙烯装置
0.12,ST010127,%(m/m),2025-06-05 08:00:00,非  芳,延炼12万吨/年乙苯/苯乙烯装置
90.56,ST010127,%(m/m),2025-06-05 08:00:00,苯,延炼12万吨/年乙苯/苯乙烯装置
0.07,ST010127,%(m/m),2025-06-05 08:00:00,甲  苯,延炼12万吨/年乙苯/苯乙烯装置
7.86,ST010127,%(m/m),2025-06-05 08:00:00,乙  苯,延炼12万吨/年乙苯/苯乙烯装置
0.01,ST010127,%(m/m),2025-06-05 08:00:00,二甲苯,延炼12万吨/年乙苯/苯乙烯装置
0.00,ST010127,%(m/m),2025-06-05 08:00:00,异丙苯,延炼12万吨/年乙苯/苯乙烯装置
0.01,ST010127,%(m/m),2025-06-05 08:00:00,正丙苯,延炼12万吨/年乙苯/苯乙烯装置
0.00,ST010127,%(m/m),2025-06-05 08:00:00,甲乙苯,延炼12万吨/年乙苯/苯乙烯装置
0.05,ST010127,%(m/m),2025-06-05 08:00:00,丁苯,延炼12万吨/年乙苯/苯乙烯装置
0.91,ST010127,%(m/m),2025-06-05 08:00:00,二乙苯,延炼12万吨/年乙苯/苯乙烯装置
0.41,ST010127,%(m/m),2025-06-05 08:00:00,重芳,延炼12万吨/年乙苯/苯乙烯装置
0.14,ST010127,%(m/m),2025-06-06 08:00:00,非  芳,延炼12万吨/年乙苯/苯乙烯装置
87.43,ST010127,%(m/m),2025-06-06 08:00:00,苯,延炼12万吨/年乙苯/苯乙烯装置
0.06,ST010127,%(m/m),2025-06-06 08:00:00,甲  苯,延炼12万吨/年乙苯/苯乙烯装置
10.51,ST010127,%(m/m),2025-06-06 08:00:00,乙  苯,延炼12万吨/年乙苯/苯乙烯装置
0.01,ST010127,%(m/m),2025-06-06 08:00:00,二甲苯,延炼12万吨/年乙苯/苯乙烯装置
0.06,ST010127,%(m/m),2025-06-06 08:00:00,异丙苯,延炼12万吨/年乙苯/苯乙烯装置
0.09,ST010127,%(m/m),2025-06-06 08:00:00,正丙苯,延炼12万吨/年乙苯/苯乙烯装置
0.00,ST010127,%(m/m),2025-06-06 08:00:00,甲乙苯,延炼12万吨/年乙苯/苯乙烯装置
0.06,ST010127,%(m/m),2025-06-06 08:00:00,丁苯,延炼12万吨/年乙苯/苯乙烯装置
1.05,ST010127,%(m/m),2025-06-06 08:00:00,二乙苯,延炼12万吨/年乙苯/苯乙烯装置
0.58,ST010127,%(m/m),2025-06-06 08:00:00,重芳,延炼12万吨/年乙苯/苯乙烯装置
0.13,ST010127,%(m/m),2025-06-07 08:00:00,非  芳,延炼12万吨/年乙苯/苯乙烯装置
89.09,ST010127,%(m/m),2025-06-07 08:00:00,苯,延炼12万吨/年乙苯/苯乙烯装置
0.06,ST010127,%(m/m),2025-06-07 08:00:00,甲  苯,延炼12万吨/年乙苯/苯乙烯装置
9.09,ST010127,%(m/m),2025-06-07 08:00:00,乙  苯,延炼12万吨/年乙苯/苯乙烯装置
0.01,ST010127,%(m/m),2025-06-07 08:00:00,二甲苯,延炼12万吨/年乙苯/苯乙烯装置
0.04,ST010127,%(m/m),2025-06-07 08:00:00,异丙苯,延炼12万吨/年乙苯/苯乙烯装置
0.05,ST010127,%(m/m),2025-06-07 08:00:00,正丙苯,延炼12万吨/年乙苯/苯乙烯装置
0.01,ST010127,%(m/m),2025-06-07 08:00:00,甲乙苯,延炼12万吨/年乙苯/苯乙烯装置
0.08,ST010127,%(m/m),2025-06-07 08:00:00,丁苯,延炼12万吨/年乙苯/苯乙烯装置
0.96,ST010127,%(m/m),2025-06-07 08:00:00,二乙苯,延炼12万吨/年乙苯/苯乙烯装置
0.47,ST010127,%(m/m),2025-06-07 08:00:00,重芳,延炼12万吨/年乙苯/苯乙烯装置
0.10,ST010127,%(m/m),2025-06-08 08:00:00,非  芳,延炼12万吨/年乙苯/苯乙烯装置
88.11,ST010127,%(m/m),2025-06-08 08:00:00,苯,延炼12万吨/年乙苯/苯乙烯装置
0.07,ST010127,%(m/m),2025-06-08 08:00:00,甲  苯,延炼12万吨/年乙苯/苯乙烯装置
10.45,ST010127,%(m/m),2025-06-08 08:00:00,乙  苯,延炼12万吨/年乙苯/苯乙烯装置
0.01,ST010127,%(m/m),2025-06-08 08:00:00,二甲苯,延炼12万吨/年乙苯/苯乙烯装置
0.05,ST010127,%(m/m),2025-06-08 08:00:00,异丙苯,延炼12万吨/年乙苯/苯乙烯装置
0.06,ST010127,%(m/m),2025-06-08 08:00:00,正丙苯,延炼12万吨/年乙苯/苯乙烯装置
0.00,ST010127,%(m/m),2025-06-08 08:00:00,甲乙苯,延炼12万吨/年乙苯/苯乙烯装置
0.07,ST010127,%(m/m),2025-06-08 08:00:00,丁苯,延炼12万吨/年乙苯/苯乙烯装置
0.47,ST010127,%(m/m),2025-06-08 08:00:00,二乙苯,延炼12万吨/年乙苯/苯乙烯装置
0.60,ST010127,%(m/m),2025-06-08 08:00:00,重芳,延炼12万吨/年乙苯/苯乙烯装置
0.12,ST010127,%(m/m),2025-06-09 08:00:00,非  芳,延炼12万吨/年乙苯/苯乙烯装置
90.30,ST010127,%(m/m),2025-06-09 08:00:00,苯,延炼12万吨/年乙苯/苯乙烯装置
0.07,ST010127,%(m/m),2025-06-09 08:00:00,甲  苯,延炼12万吨/年乙苯/苯乙烯装置
8.09,ST010127,%(m/m),2025-06-09 08:00:00,乙  苯,延炼12万吨/年乙苯/苯乙烯装置
0.01,ST010127,%(m/m),2025-06-09 08:00:00,二甲苯,延炼12万吨/年乙苯/苯乙烯装置
0.00,ST010127,%(m/m),2025-06-09 08:00:00,异丙苯,延炼12万吨/年乙苯/苯乙烯装置
0.01,ST010127,%(m/m),2025-06-09 08:00:00,正丙苯,延炼12万吨/年乙苯/苯乙烯装置
0.00,ST010127,%(m/m),2025-06-09 08:00:00,甲乙苯,延炼12万吨/年乙苯/苯乙烯装置
0.05,ST010127,%(m/m),2025-06-09 08:00:00,丁苯,延炼12万吨/年乙苯/苯乙烯装置
0.95,ST010127,%(m/m),2025-06-09 08:00:00,二乙苯,延炼12万吨/年乙苯/苯乙烯装置
0.41,ST010127,%(m/m),2025-06-09 08:00:00,重芳,延炼12万吨/年乙苯/苯乙烯装置
0.13,ST010127,%(m/m),2025-06-10 08:00:00,非  芳,延炼12万吨/年乙苯/苯乙烯装置
92.14,ST010127,%(m/m),2025-06-10 08:00:00,苯,延炼12万吨/年乙苯/苯乙烯装置
0.07,ST010127,%(m/m),2025-06-10 08:00:00,甲  苯,延炼12万吨/年乙苯/苯乙烯装置
6.45,ST010127,%(m/m),2025-06-10 08:00:00,乙  苯,延炼12万吨/年乙苯/苯乙烯装置
0.01,ST010127,%(m/m),2025-06-10 08:00:00,二甲苯,延炼12万吨/年乙苯/苯乙烯装置
0.00,ST010127,%(m/m),2025-06-10 08:00:00,异丙苯,延炼12万吨/年乙苯/苯乙烯装置
0.01,ST010127,%(m/m),2025-06-10 08:00:00,正丙苯,延炼12万吨/年乙苯/苯乙烯装置
0.00,ST010127,%(m/m),2025-06-10 08:00:00,甲乙苯,延炼12万吨/年乙苯/苯乙烯装置
0.04,ST010127,%(m/m),2025-06-10 08:00:00,丁苯,延炼12万吨/年乙苯/苯乙烯装置
0.74,ST010127,%(m/m),2025-06-10 08:00:00,二乙苯,延炼12万吨/年乙苯/苯乙烯装置
0.42,ST010127,%(m/m),2025-06-10 08:00:00,重芳,延炼12万吨/年乙苯/苯乙烯装置
0.12,ST010127,%(m/m),2025-06-11 08:00:00,非  芳,延炼12万吨/年乙苯/苯乙烯装置
89.48,ST010127,%(m/m),2025-06-11 08:00:00,苯,延炼12万吨/年乙苯/苯乙烯装置
0.06,ST010127,%(m/m),2025-06-11 08:00:00,甲  苯,延炼12万吨/年乙苯/苯乙烯装置
8.83,ST010127,%(m/m),2025-06-11 08:00:00,乙  苯,延炼12万吨/年乙苯/苯乙烯装置
0.01,ST010127,%(m/m),2025-06-11 08:00:00,二甲苯,延炼12万吨/年乙苯/苯乙烯装置
0.04,ST010127,%(m/m),2025-06-11 08:00:00,异丙苯,延炼12万吨/年乙苯/苯乙烯装置
0.01,ST010127,%(m/m),2025-06-11 08:00:00,正丙苯,延炼12万吨/年乙苯/苯乙烯装置
0.00,ST010127,%(m/m),2025-06-11 08:00:00,甲乙苯,延炼12万吨/年乙苯/苯乙烯装置
0.06,ST010127,%(m/m),2025-06-11 08:00:00,丁苯,延炼12万吨/年乙苯/苯乙烯装置
0.93,ST010127,%(m/m),2025-06-11 08:00:00,二乙苯,延炼12万吨/年乙苯/苯乙烯装置
0.47,ST010127,%(m/m),2025-06-11 08:00:00,重芳,延炼12万吨/年乙苯/苯乙烯装置
0.13,ST010127,%(m/m),2025-06-12 08:00:00,非  芳,延炼12万吨/年乙苯/苯乙烯装置
91.36,ST010127,%(m/m),2025-06-12 08:00:00,苯,延炼12万吨/年乙苯/苯乙烯装置
0.06,ST010127,%(m/m),2025-06-12 08:00:00,甲  苯,延炼12万吨/年乙苯/苯乙烯装置
7.03,ST010127,%(m/m),2025-06-12 08:00:00,乙  苯,延炼12万吨/年乙苯/苯乙烯装置
0.01,ST010127,%(m/m),2025-06-12 08:00:00,二甲苯,延炼12万吨/年乙苯/苯乙烯装置
0.04,ST010127,%(m/m),2025-06-12 08:00:00,异丙苯,延炼12万吨/年乙苯/苯乙烯装置
0.01,ST010127,%(m/m),2025-06-12 08:00:00,正丙苯,延炼12万吨/年乙苯/苯乙烯装置
0.00,ST010127,%(m/m),2025-06-12 08:00:00,甲乙苯,延炼12万吨/年乙苯/苯乙烯装置
0.07,ST010127,%(m/m),2025-06-12 08:00:00,丁苯,延炼12万吨/年乙苯/苯乙烯装置
0.88,ST010127,%(m/m),2025-06-12 08:00:00,二乙苯,延炼12万吨/年乙苯/苯乙烯装置
0.42,ST010127,%(m/m),2025-06-12 08:00:00,重芳,延炼12万吨/年乙苯/苯乙烯装置
0.12,ST010127,%(m/m),2025-06-13 08:00:00,非  芳,延炼12万吨/年乙苯/苯乙烯装置
90.46,ST010127,%(m/m),2025-06-13 08:00:00,苯,延炼12万吨/年乙苯/苯乙烯装置
0.07,ST010127,%(m/m),2025-06-13 08:00:00,甲  苯,延炼12万吨/年乙苯/苯乙烯装置
7.91,ST010127,%(m/m),2025-06-13 08:00:00,乙  苯,延炼12万吨/年乙苯/苯乙烯装置
0.01,ST010127,%(m/m),2025-06-13 08:00:00,二甲苯,延炼12万吨/年乙苯/苯乙烯装置
0.05,ST010127,%(m/m),2025-06-13 08:00:00,异丙苯,延炼12万吨/年乙苯/苯乙烯装置
0.01,ST010127,%(m/m),2025-06-13 08:00:00,正丙苯,延炼12万吨/年乙苯/苯乙烯装置
0.00,ST010127,%(m/m),2025-06-13 08:00:00,甲乙苯,延炼12万吨/年乙苯/苯乙烯装置
0.05,ST010127,%(m/m),2025-06-13 08:00:00,丁苯,延炼12万吨/年乙苯/苯乙烯装置
0.92,ST010127,%(m/m),2025-06-13 08:00:00,二乙苯,延炼12万吨/年乙苯/苯乙烯装置
0.40,ST010127,%(m/m),2025-06-13 08:00:00,重芳,延炼12万吨/年乙苯/苯乙烯装置
0.09,ST010127,%(m/m),2025-06-14 08:00:00,非  芳,延炼12万吨/年乙苯/苯乙烯装置
88.68,ST010127,%(m/m),2025-06-14 08:00:00,苯,延炼12万吨/年乙苯/苯乙烯装置
0.08,ST010127,%(m/m),2025-06-14 08:00:00,甲  苯,延炼12万吨/年乙苯/苯乙烯装置
0.01,ST010127,%(m/m),2025-06-14 08:00:00,二甲苯,延炼12万吨/年乙苯/苯乙烯装置
0.00,ST010127,%(m/m),2025-06-14 08:00:00,异丙苯,延炼12万吨/年乙苯/苯乙烯装置
0.00,ST010127,%(m/m),2025-06-14 08:00:00,正丙苯,延炼12万吨/年乙苯/苯乙烯装置
0.00,ST010127,%(m/m),2025-06-14 08:00:00,甲乙苯,延炼12万吨/年乙苯/苯乙烯装置
0.07,ST010127,%(m/m),2025-06-14 08:00:00,丁苯,延炼12万吨/年乙苯/苯乙烯装置
0.66,ST010127,%(m/m),2025-06-14 08:00:00,二乙苯,延炼12万吨/年乙苯/苯乙烯装置
0.56,ST010127,%(m/m),2025-06-14 08:00:00,重芳,延炼12万吨/年乙苯/苯乙烯装置
9.85,ST010127,%(m/m),2025-06-14 08:00:00,乙  苯,延炼12万吨/年乙苯/苯乙烯装置
0.15,ST010127,%(m/m),2025-06-15 08:00:00,非  芳,延炼12万吨/年乙苯/苯乙烯装置
89.36,ST010127,%(m/m),2025-06-15 08:00:00,苯,延炼12万吨/年乙苯/苯乙烯装置
0.06,ST010127,%(m/m),2025-06-15 08:00:00,甲  苯,延炼12万吨/年乙苯/苯乙烯装置
8.88,ST010127,%(m/m),2025-06-15 08:00:00,乙  苯,延炼12万吨/年乙苯/苯乙烯装置
0.01,ST010127,%(m/m),2025-06-15 08:00:00,二甲苯,延炼12万吨/年乙苯/苯乙烯装置
0.04,ST010127,%(m/m),2025-06-15 08:00:00,异丙苯,延炼12万吨/年乙苯/苯乙烯装置
0.05,ST010127,%(m/m),2025-06-15 08:00:00,正丙苯,延炼12万吨/年乙苯/苯乙烯装置
0.00,ST010127,%(m/m),2025-06-15 08:00:00,甲乙苯,延炼12万吨/年乙苯/苯乙烯装置
0.05,ST010127,%(m/m),2025-06-15 08:00:00,丁苯,延炼12万吨/年乙苯/苯乙烯装置
0.95,ST010127,%(m/m),2025-06-15 08:00:00,二乙苯,延炼12万吨/年乙苯/苯乙烯装置
0.46,ST010127,%(m/m),2025-06-15 08:00:00,重芳,延炼12万吨/年乙苯/苯乙烯装置
0.12,ST010127,%(m/m),2025-06-16 08:00:00,非  芳,延炼12万吨/年乙苯/苯乙烯装置
91.38,ST010127,%(m/m),2025-06-16 08:00:00,苯,延炼12万吨/年乙苯/苯乙烯装置
0.06,ST010127,%(m/m),2025-06-16 08:00:00,甲  苯,延炼12万吨/年乙苯/苯乙烯装置
7.07,ST010127,%(m/m),2025-06-16 08:00:00,乙  苯,延炼12万吨/年乙苯/苯乙烯装置
0.01,ST010127,%(m/m),2025-06-16 08:00:00,二甲苯,延炼12万吨/年乙苯/苯乙烯装置
0.04,ST010127,%(m/m),2025-06-16 08:00:00,异丙苯,延炼12万吨/年乙苯/苯乙烯装置
0.01,ST010127,%(m/m),2025-06-16 08:00:00,正丙苯,延炼12万吨/年乙苯/苯乙烯装置
0.00,ST010127,%(m/m),2025-06-16 08:00:00,甲乙苯,延炼12万吨/年乙苯/苯乙烯装置
0.05,ST010127,%(m/m),2025-06-16 08:00:00,丁苯,延炼12万吨/年乙苯/苯乙烯装置
0.85,ST010127,%(m/m),2025-06-16 08:00:00,二乙苯,延炼12万吨/年乙苯/苯乙烯装置
0.42,ST010127,%(m/m),2025-06-16 08:00:00,重芳,延炼12万吨/年乙苯/苯乙烯装置
0.12,ST010127,%(m/m),2025-06-17 08:00:00,非  芳,延炼12万吨/年乙苯/苯乙烯装置
90.35,ST010127,%(m/m),2025-06-17 08:00:00,苯,延炼12万吨/年乙苯/苯乙烯装置
0.07,ST010127,%(m/m),2025-06-17 08:00:00,甲  苯,延炼12万吨/年乙苯/苯乙烯装置
7.96,ST010127,%(m/m),2025-06-17 08:00:00,乙  苯,延炼12万吨/年乙苯/苯乙烯装置
0.01,ST010127,%(m/m),2025-06-17 08:00:00,二甲苯,延炼12万吨/年乙苯/苯乙烯装置
0.05,ST010127,%(m/m),2025-06-17 08:00:00,异丙苯,延炼12万吨/年乙苯/苯乙烯装置
0.07,ST010127,%(m/m),2025-06-17 08:00:00,正丙苯,延炼12万吨/年乙苯/苯乙烯装置
0.00,ST010127,%(m/m),2025-06-17 08:00:00,甲乙苯,延炼12万吨/年乙苯/苯乙烯装置
0.05,ST010127,%(m/m),2025-06-17 08:00:00,丁苯,延炼12万吨/年乙苯/苯乙烯装置
0.92,ST010127,%(m/m),2025-06-17 08:00:00,二乙苯,延炼12万吨/年乙苯/苯乙烯装置
0.41,ST010127,%(m/m),2025-06-17 08:00:00,重芳,延炼12万吨/年乙苯/苯乙烯装置
0.13,ST010127,%(m/m),2025-06-18 08:00:00,非  芳,延炼12万吨/年乙苯/苯乙烯装置
92.34,ST010127,%(m/m),2025-06-18 08:00:00,苯,延炼12万吨/年乙苯/苯乙烯装置
0.05,ST010127,%(m/m),2025-06-18 08:00:00,甲  苯,延炼12万吨/年乙苯/苯乙烯装置
6.31,ST010127,%(m/m),2025-06-18 08:00:00,乙  苯,延炼12万吨/年乙苯/苯乙烯装置
0.01,ST010127,%(m/m),2025-06-18 08:00:00,二甲苯,延炼12万吨/年乙苯/苯乙烯装置
0.04,ST010127,%(m/m),2025-06-18 08:00:00,异丙苯,延炼12万吨/年乙苯/苯乙烯装置
0.01,ST010127,%(m/m),2025-06-18 08:00:00,正丙苯,延炼12万吨/年乙苯/苯乙烯装置
0.00,ST010127,%(m/m),2025-06-18 08:00:00,甲乙苯,延炼12万吨/年乙苯/苯乙烯装置
0.06,ST010127,%(m/m),2025-06-18 08:00:00,丁苯,延炼12万吨/年乙苯/苯乙烯装置
0.69,ST010127,%(m/m),2025-06-18 08:00:00,二乙苯,延炼12万吨/年乙苯/苯乙烯装置
0.37,ST010127,%(m/m),2025-06-18 08:00:00,重芳,延炼12万吨/年乙苯/苯乙烯装置
0.12,ST010127,%(m/m),2025-06-19 08:00:00,非  芳,延炼12万吨/年乙苯/苯乙烯装置
89.65,ST010127,%(m/m),2025-06-19 08:00:00,苯,延炼12万吨/年乙苯/苯乙烯装置
0.06,ST010127,%(m/m),2025-06-19 08:00:00,甲  苯,延炼12万吨/年乙苯/苯乙烯装置
8.76,ST010127,%(m/m),2025-06-19 08:00:00,乙  苯,延炼12万吨/年乙苯/苯乙烯装置
0.01,ST010127,%(m/m),2025-06-19 08:00:00,二甲苯,延炼12万吨/年乙苯/苯乙烯装置
0.00,ST010127,%(m/m),2025-06-19 08:00:00,异丙苯,延炼12万吨/年乙苯/苯乙烯装置
0.01,ST010127,%(m/m),2025-06-19 08:00:00,正丙苯,延炼12万吨/年乙苯/苯乙烯装置
0.00,ST010127,%(m/m),2025-06-19 08:00:00,甲乙苯,延炼12万吨/年乙苯/苯乙烯装置
0.05,ST010127,%(m/m),2025-06-19 08:00:00,丁苯,延炼12万吨/年乙苯/苯乙烯装置
0.88,ST010127,%(m/m),2025-06-19 08:00:00,二乙苯,延炼12万吨/年乙苯/苯乙烯装置
0.46,ST010127,%(m/m),2025-06-19 08:00:00,重芳,延炼12万吨/年乙苯/苯乙烯装置
0.11,ST010127,%(m/m),2025-06-20 08:00:00,非  芳,延炼12万吨/年乙苯/苯乙烯装置
87.43,ST010127,%(m/m),2025-06-20 08:00:00,苯,延炼12万吨/年乙苯/苯乙烯装置
0.07,ST010127,%(m/m),2025-06-20 08:00:00,甲  苯,延炼12万吨/年乙苯/苯乙烯装置
10.41,ST010127,%(m/m),2025-06-20 08:00:00,乙  苯,延炼12万吨/年乙苯/苯乙烯装置
0.01,ST010127,%(m/m),2025-06-20 08:00:00,二甲苯,延炼12万吨/年乙苯/苯乙烯装置
0.05,ST010127,%(m/m),2025-06-20 08:00:00,异丙苯,延炼12万吨/年乙苯/苯乙烯装置
0.06,ST010127,%(m/m),2025-06-20 08:00:00,正丙苯,延炼12万吨/年乙苯/苯乙烯装置
0.00,ST010127,%(m/m),2025-06-20 08:00:00,甲乙苯,延炼12万吨/年乙苯/苯乙烯装置
0.07,ST010127,%(m/m),2025-06-20 08:00:00,丁苯,延炼12万吨/年乙苯/苯乙烯装置
1.20,ST010127,%(m/m),2025-06-20 08:00:00,二乙苯,延炼12万吨/年乙苯/苯乙烯装置
0.59,ST010127,%(m/m),2025-06-20 08:00:00,重芳,延炼12万吨/年乙苯/苯乙烯装置
0.12,ST010127,%(m/m),2025-06-21 08:00:00,非  芳,延炼12万吨/年乙苯/苯乙烯装置
90.29,ST010127,%(m/m),2025-06-21 08:00:00,苯,延炼12万吨/年乙苯/苯乙烯装置
0.07,ST010127,%(m/m),2025-06-21 08:00:00,甲  苯,延炼12万吨/年乙苯/苯乙烯装置
8.05,ST010127,%(m/m),2025-06-21 08:00:00,乙  苯,延炼12万吨/年乙苯/苯乙烯装置
0.01,ST010127,%(m/m),2025-06-21 08:00:00,二甲苯,延炼12万吨/年乙苯/苯乙烯装置
0.05,ST010127,%(m/m),2025-06-21 08:00:00,异丙苯,延炼12万吨/年乙苯/苯乙烯装置
0.01,ST010127,%(m/m),2025-06-21 08:00:00,正丙苯,延炼12万吨/年乙苯/苯乙烯装置
0.00,ST010127,%(m/m),2025-06-21 08:00:00,甲乙苯,延炼12万吨/年乙苯/苯乙烯装置
0.05,ST010127,%(m/m),2025-06-21 08:00:00,丁苯,延炼12万吨/年乙苯/苯乙烯装置
0.94,ST010127,%(m/m),2025-06-21 08:00:00,二乙苯,延炼12万吨/年乙苯/苯乙烯装置
0.41,ST010127,%(m/m),2025-06-21 08:00:00,重芳,延炼12万吨/年乙苯/苯乙烯装置
0.13,ST010127,%(m/m),2025-06-22 08:00:00,非  芳,延炼12万吨/年乙苯/苯乙烯装置
93.83,ST010127,%(m/m),2025-06-22 08:00:00,苯,延炼12万吨/年乙苯/苯乙烯装置
0.06,ST010127,%(m/m),2025-06-22 08:00:00,甲  苯,延炼12万吨/年乙苯/苯乙烯装置
5.05,ST010127,%(m/m),2025-06-22 08:00:00,乙  苯,延炼12万吨/年乙苯/苯乙烯装置
0.01,ST010127,%(m/m),2025-06-22 08:00:00,二甲苯,延炼12万吨/年乙苯/苯乙烯装置
0.00,ST010127,%(m/m),2025-06-22 08:00:00,异丙苯,延炼12万吨/年乙苯/苯乙烯装置
0.00,ST010127,%(m/m),2025-06-22 08:00:00,正丙苯,延炼12万吨/年乙苯/苯乙烯装置
0.00,ST010127,%(m/m),2025-06-22 08:00:00,甲乙苯,延炼12万吨/年乙苯/苯乙烯装置
0.04,ST010127,%(m/m),2025-06-22 08:00:00,丁苯,延炼12万吨/年乙苯/苯乙烯装置
0.53,ST010127,%(m/m),2025-06-22 08:00:00,二乙苯,延炼12万吨/年乙苯/苯乙烯装置
0.35,ST010127,%(m/m),2025-06-22 08:00:00,重芳,延炼12万吨/年乙苯/苯乙烯装置
0.12,ST010127,%(m/m),2025-06-23 08:00:00,非  芳,延炼12万吨/年乙苯/苯乙烯装置
89.51,ST010127,%(m/m),2025-06-23 08:00:00,苯,延炼12万吨/年乙苯/苯乙烯装置
0.06,ST010127,%(m/m),2025-06-23 08:00:00,甲  苯,延炼12万吨/年乙苯/苯乙烯装置
8.83,ST010127,%(m/m),2025-06-23 08:00:00,乙  苯,延炼12万吨/年乙苯/苯乙烯装置
0.01,ST010127,%(m/m),2025-06-23 08:00:00,二甲苯,延炼12万吨/年乙苯/苯乙烯装置
0.04,ST010127,%(m/m),2025-06-23 08:00:00,异丙苯,延炼12万吨/年乙苯/苯乙烯装置
0.01,ST010127,%(m/m),2025-06-23 08:00:00,正丙苯,延炼12万吨/年乙苯/苯乙烯装置
0.00,ST010127,%(m/m),2025-06-23 08:00:00,甲乙苯,延炼12万吨/年乙苯/苯乙烯装置
0.06,ST010127,%(m/m),2025-06-23 08:00:00,丁苯,延炼12万吨/年乙苯/苯乙烯装置
0.90,ST010127,%(m/m),2025-06-23 08:00:00,二乙苯,延炼12万吨/年乙苯/苯乙烯装置
0.47,ST010127,%(m/m),2025-06-23 08:00:00,重芳,延炼12万吨/年乙苯/苯乙烯装置
0.16,ST010127,%(m/m),2025-06-24 08:00:00,非  芳,延炼12万吨/年乙苯/苯乙烯装置
92.67,ST010127,%(m/m),2025-06-24 08:00:00,苯,延炼12万吨/年乙苯/苯乙烯装置
0.08,ST010127,%(m/m),2025-06-24 08:00:00,甲  苯,延炼12万吨/年乙苯/苯乙烯装置
5.82,ST010127,%(m/m),2025-06-24 08:00:00,乙  苯,延炼12万吨/年乙苯/苯乙烯装置
0.01,ST010127,%(m/m),2025-06-24 08:00:00,二甲苯,延炼12万吨/年乙苯/苯乙烯装置
0.04,ST010127,%(m/m),2025-06-24 08:00:00,异丙苯,延炼12万吨/年乙苯/苯乙烯装置
0.05,ST010127,%(m/m),2025-06-24 08:00:00,正丙苯,延炼12万吨/年乙苯/苯乙烯装置
0.01,ST010127,%(m/m),2025-06-24 08:00:00,甲乙苯,延炼12万吨/年乙苯/苯乙烯装置
0.06,ST010127,%(m/m),2025-06-24 08:00:00,丁苯,延炼12万吨/年乙苯/苯乙烯装置
0.72,ST010127,%(m/m),2025-06-24 08:00:00,二乙苯,延炼12万吨/年乙苯/苯乙烯装置
0.38,ST010127,%(m/m),2025-06-24 08:00:00,重芳,延炼12万吨/年乙苯/苯乙烯装置
0.12,ST010127,%(m/m),2025-06-25 08:00:00,非  芳,延炼12万吨/年乙苯/苯乙烯装置
90.85,ST010127,%(m/m),2025-06-25 08:00:00,苯,延炼12万吨/年乙苯/苯乙烯装置
0.07,ST010127,%(m/m),2025-06-25 08:00:00,甲  苯,延炼12万吨/年乙苯/苯乙烯装置
7.99,ST010127,%(m/m),2025-06-25 08:00:00,乙  苯,延炼12万吨/年乙苯/苯乙烯装置
0.01,ST010127,%(m/m),2025-06-25 08:00:00,二甲苯,延炼12万吨/年乙苯/苯乙烯装置
0.00,ST010127,%(m/m),2025-06-25 08:00:00,异丙苯,延炼12万吨/年乙苯/苯乙烯装置
0.01,ST010127,%(m/m),2025-06-25 08:00:00,正丙苯,延炼12万吨/年乙苯/苯乙烯装置
0.00,ST010127,%(m/m),2025-06-25 08:00:00,甲乙苯,延炼12万吨/年乙苯/苯乙烯装置
0.05,ST010127,%(m/m),2025-06-25 08:00:00,丁苯,延炼12万吨/年乙苯/苯乙烯装置
0.49,ST010127,%(m/m),2025-06-25 08:00:00,二乙苯,延炼12万吨/年乙苯/苯乙烯装置
0.41,ST010127,%(m/m),2025-06-25 08:00:00,重芳,延炼12万吨/年乙苯/苯乙烯装置
0.15,ST010127,%(m/m),2025-06-26 08:00:00,非  芳,延炼12万吨/年乙苯/苯乙烯装置
92.83,ST010127,%(m/m),2025-06-26 08:00:00,苯,延炼12万吨/年乙苯/苯乙烯装置
0.02,ST010127,%(m/m),2025-06-26 08:00:00,甲  苯,延炼12万吨/年乙苯/苯乙烯装置
5.93,ST010127,%(m/m),2025-06-26 08:00:00,乙  苯,延炼12万吨/年乙苯/苯乙烯装置
0.01,ST010127,%(m/m),2025-06-26 08:00:00,二甲苯,延炼12万吨/年乙苯/苯乙烯装置
0.04,ST010127,%(m/m),2025-06-26 08:00:00,异丙苯,延炼12万吨/年乙苯/苯乙烯装置
0.04,ST010127,%(m/m),2025-06-26 08:00:00,正丙苯,延炼12万吨/年乙苯/苯乙烯装置
0.00,ST010127,%(m/m),2025-06-26 08:00:00,甲乙苯,延炼12万吨/年乙苯/苯乙烯装置
0.04,ST010127,%(m/m),2025-06-26 08:00:00,丁苯,延炼12万吨/年乙苯/苯乙烯装置
0.59,ST010127,%(m/m),2025-06-26 08:00:00,二乙苯,延炼12万吨/年乙苯/苯乙烯装置
0.35,ST010127,%(m/m),2025-06-26 08:00:00,重芳,延炼12万吨/年乙苯/苯乙烯装置
0.13,ST010127,%(m/m),2025-06-27 08:00:00,非  芳,延炼12万吨/年乙苯/苯乙烯装置
89.51,ST010127,%(m/m),2025-06-27 08:00:00,苯,延炼12万吨/年乙苯/苯乙烯装置
0.06,ST010127,%(m/m),2025-06-27 08:00:00,甲  苯,延炼12万吨/年乙苯/苯乙烯装置
8.75,ST010127,%(m/m),2025-06-27 08:00:00,乙  苯,延炼12万吨/年乙苯/苯乙烯装置
0.01,ST010127,%(m/m),2025-06-27 08:00:00,二甲苯,延炼12万吨/年乙苯/苯乙烯装置
0.04,ST010127,%(m/m),2025-06-27 08:00:00,异丙苯,延炼12万吨/年乙苯/苯乙烯装置
0.05,ST010127,%(m/m),2025-06-27 08:00:00,正丙苯,延炼12万吨/年乙苯/苯乙烯装置
0.00,ST010127,%(m/m),2025-06-27 08:00:00,甲乙苯,延炼12万吨/年乙苯/苯乙烯装置
0.05,ST010127,%(m/m),2025-06-27 08:00:00,丁苯,延炼12万吨/年乙苯/苯乙烯装置
0.94,ST010127,%(m/m),2025-06-27 08:00:00,二乙苯,延炼12万吨/年乙苯/苯乙烯装置
0.46,ST010127,%(m/m),2025-06-27 08:00:00,重芳,延炼12万吨/年乙苯/苯乙烯装置
0.20,ST010127,%(m/m),2025-06-28 08:00:00,非  芳,延炼12万吨/年乙苯/苯乙烯装置
86.83,ST010127,%(m/m),2025-06-28 08:00:00,苯,延炼12万吨/年乙苯/苯乙烯装置
0.15,ST010127,%(m/m),2025-06-28 08:00:00,甲  苯,延炼12万吨/年乙苯/苯乙烯装置
11.02,ST010127,%(m/m),2025-06-28 08:00:00,乙  苯,延炼12万吨/年乙苯/苯乙烯装置
0.01,ST010127,%(m/m),2025-06-28 08:00:00,二甲苯,延炼12万吨/年乙苯/苯乙烯装置
0.06,ST010127,%(m/m),2025-06-28 08:00:00,异丙苯,延炼12万吨/年乙苯/苯乙烯装置
0.02,ST010127,%(m/m),2025-06-28 08:00:00,正丙苯,延炼12万吨/年乙苯/苯乙烯装置
0.00,ST010127,%(m/m),2025-06-28 08:00:00,甲乙苯,延炼12万吨/年乙苯/苯乙烯装置
0.06,ST010127,%(m/m),2025-06-28 08:00:00,丁苯,延炼12万吨/年乙苯/苯乙烯装置
1.10,ST010127,%(m/m),2025-06-28 08:00:00,二乙苯,延炼12万吨/年乙苯/苯乙烯装置
0.55,ST010127,%(m/m),2025-06-28 08:00:00,重芳,延炼12万吨/年乙苯/苯乙烯装置
0.12,ST010127,%(m/m),2025-06-29 08:00:00,非  芳,延炼12万吨/年乙苯/苯乙烯装置
90.11,ST010127,%(m/m),2025-06-29 08:00:00,苯,延炼12万吨/年乙苯/苯乙烯装置
0.07,ST010127,%(m/m),2025-06-29 08:00:00,甲  苯,延炼12万吨/年乙苯/苯乙烯装置
8.15,ST010127,%(m/m),2025-06-29 08:00:00,乙  苯,延炼12万吨/年乙苯/苯乙烯装置
0.01,ST010127,%(m/m),2025-06-29 08:00:00,二甲苯,延炼12万吨/年乙苯/苯乙烯装置
0.05,ST010127,%(m/m),2025-06-29 08:00:00,异丙苯,延炼12万吨/年乙苯/苯乙烯装置
0.07,ST010127,%(m/m),2025-06-29 08:00:00,正丙苯,延炼12万吨/年乙苯/苯乙烯装置
0.02,ST010127,%(m/m),2025-06-29 08:00:00,甲乙苯,延炼12万吨/年乙苯/苯乙烯装置
0.05,ST010127,%(m/m),2025-06-29 08:00:00,丁苯,延炼12万吨/年乙苯/苯乙烯装置
0.94,ST010127,%(m/m),2025-06-29 08:00:00,二乙苯,延炼12万吨/年乙苯/苯乙烯装置
0.41,ST010127,%(m/m),2025-06-29 08:00:00,重芳,延炼12万吨/年乙苯/苯乙烯装置
0.18,ST010127,%(m/m),2025-06-30 08:00:00,非  芳,延炼12万吨/年乙苯/苯乙烯装置
90.30,ST010127,%(m/m),2025-06-30 08:00:00,苯,延炼12万吨/年乙苯/苯乙烯装置
0.06,ST010127,%(m/m),2025-06-30 08:00:00,甲  苯,延炼12万吨/年乙苯/苯乙烯装置
8.00,ST010127,%(m/m),2025-06-30 08:00:00,乙  苯,延炼12万吨/年乙苯/苯乙烯装置
0.01,ST010127,%(m/m),2025-06-30 08:00:00,二甲苯,延炼12万吨/年乙苯/苯乙烯装置
0.06,ST010127,%(m/m),2025-06-30 08:00:00,异丙苯,延炼12万吨/年乙苯/苯乙烯装置
0.01,ST010127,%(m/m),2025-06-30 08:00:00,正丙苯,延炼12万吨/年乙苯/苯乙烯装置
0.00,ST010127,%(m/m),2025-06-30 08:00:00,甲乙苯,延炼12万吨/年乙苯/苯乙烯装置
0.07,ST010127,%(m/m),2025-06-30 08:00:00,丁苯,延炼12万吨/年乙苯/苯乙烯装置
0.84,ST010127,%(m/m),2025-06-30 08:00:00,二乙苯,延炼12万吨/年乙苯/苯乙烯装置
0.48,ST010127,%(m/m),2025-06-30 08:00:00,重芳,延炼12万吨/年乙苯/苯乙烯装置
0.13,ST010127,%(m/m),2025-07-01 08:00:00,非  芳,延炼12万吨/年乙苯/苯乙烯装置
89.36,ST010127,%(m/m),2025-07-01 08:00:00,苯,延炼12万吨/年乙苯/苯乙烯装置
0.06,ST010127,%(m/m),2025-07-01 08:00:00,甲  苯,延炼12万吨/年乙苯/苯乙烯装置
9.00,ST010127,%(m/m),2025-07-01 08:00:00,乙  苯,延炼12万吨/年乙苯/苯乙烯装置
0.01,ST010127,%(m/m),2025-07-01 08:00:00,二甲苯,延炼12万吨/年乙苯/苯乙烯装置
0.00,ST010127,%(m/m),2025-07-01 08:00:00,异丙苯,延炼12万吨/年乙苯/苯乙烯装置
0.01,ST010127,%(m/m),2025-07-01 08:00:00,正丙苯,延炼12万吨/年乙苯/苯乙烯装置
0.00,ST010127,%(m/m),2025-07-01 08:00:00,甲乙苯,延炼12万吨/年乙苯/苯乙烯装置
0.06,ST010127,%(m/m),2025-07-01 08:00:00,丁苯,延炼12万吨/年乙苯/苯乙烯装置
0.91,ST010127,%(m/m),2025-07-01 08:00:00,二乙苯,延炼12万吨/年乙苯/苯乙烯装置
0.47,ST010127,%(m/m),2025-07-01 08:00:00,重芳,延炼12万吨/年乙苯/苯乙烯装置
0.10,ST010127,%(m/m),2025-07-02 08:00:00,非  芳,延炼12万吨/年乙苯/苯乙烯装置
86.84,ST010127,%(m/m),2025-07-02 08:00:00,苯,延炼12万吨/年乙苯/苯乙烯装置
0.06,ST010127,%(m/m),2025-07-02 08:00:00,甲  苯,延炼12万吨/年乙苯/苯乙烯装置
10.61,ST010127,%(m/m),2025-07-02 08:00:00,乙  苯,延炼12万吨/年乙苯/苯乙烯装置
0.01,ST010127,%(m/m),2025-07-02 08:00:00,二甲苯,延炼12万吨/年乙苯/苯乙烯装置
0.05,ST010127,%(m/m),2025-07-02 08:00:00,异丙苯,延炼12万吨/年乙苯/苯乙烯装置
0.06,ST010127,%(m/m),2025-07-02 08:00:00,正丙苯,延炼12万吨/年乙苯/苯乙烯装置
0.00,ST010127,%(m/m),2025-07-02 08:00:00,甲乙苯,延炼12万吨/年乙苯/苯乙烯装置
0.08,ST010127,%(m/m),2025-07-02 08:00:00,丁苯,延炼12万吨/年乙苯/苯乙烯装置
1.57,ST010127,%(m/m),2025-07-02 08:00:00,二乙苯,延炼12万吨/年乙苯/苯乙烯装置
0.62,ST010127,%(m/m),2025-07-02 08:00:00,重芳,延炼12万吨/年乙苯/苯乙烯装置
0.12,ST010127,%(m/m),2025-07-03 08:00:00,非  芳,延炼12万吨/年乙苯/苯乙烯装置
90.23,ST010127,%(m/m),2025-07-03 08:00:00,苯,延炼12万吨/年乙苯/苯乙烯装置
0.07,ST010127,%(m/m),2025-07-03 08:00:00,甲  苯,延炼12万吨/年乙苯/苯乙烯装置
8.11,ST010127,%(m/m),2025-07-03 08:00:00,乙  苯,延炼12万吨/年乙苯/苯乙烯装置
0.01,ST010127,%(m/m),2025-07-03 08:00:00,二甲苯,延炼12万吨/年乙苯/苯乙烯装置
0.05,ST010127,%(m/m),2025-07-03 08:00:00,异丙苯,延炼12万吨/年乙苯/苯乙烯装置
0.00,ST010127,%(m/m),2025-07-03 08:00:00,正丙苯,延炼12万吨/年乙苯/苯乙烯装置
0.00,ST010127,%(m/m),2025-07-03 08:00:00,甲乙苯,延炼12万吨/年乙苯/苯乙烯装置
0.05,ST010127,%(m/m),2025-07-03 08:00:00,丁苯,延炼12万吨/年乙苯/苯乙烯装置
0.95,ST010127,%(m/m),2025-07-03 08:00:00,二乙苯,延炼12万吨/年乙苯/苯乙烯装置
0.41,ST010127,%(m/m),2025-07-03 08:00:00,重芳,延炼12万吨/年乙苯/苯乙烯装置
0.13,ST010127,%(m/m),2025-07-04 08:00:00,非  芳,延炼12万吨/年乙苯/苯乙烯装置
91.62,ST010127,%(m/m),2025-07-04 08:00:00,苯,延炼12万吨/年乙苯/苯乙烯装置
0.05,ST010127,%(m/m),2025-07-04 08:00:00,甲  苯,延炼12万吨/年乙苯/苯乙烯装置
7.20,ST010127,%(m/m),2025-07-04 08:00:00,乙  苯,延炼12万吨/年乙苯/苯乙烯装置
0.01,ST010127,%(m/m),2025-07-04 08:00:00,二甲苯,延炼12万吨/年乙苯/苯乙烯装置
0.05,ST010127,%(m/m),2025-07-04 08:00:00,异丙苯,延炼12万吨/年乙苯/苯乙烯装置
0.01,ST010127,%(m/m),2025-07-04 08:00:00,正丙苯,延炼12万吨/年乙苯/苯乙烯装置
0.00,ST010127,%(m/m),2025-07-04 08:00:00,甲乙苯,延炼12万吨/年乙苯/苯乙烯装置
0.05,ST010127,%(m/m),2025-07-04 08:00:00,丁苯,延炼12万吨/年乙苯/苯乙烯装置
0.44,ST010127,%(m/m),2025-07-04 08:00:00,二乙苯,延炼12万吨/年乙苯/苯乙烯装置
0.45,ST010127,%(m/m),2025-07-04 08:00:00,重芳,延炼12万吨/年乙苯/苯乙烯装置
0.12,ST010127,%(m/m),2025-07-05 08:00:00,非  芳,延炼12万吨/年乙苯/苯乙烯装置
89.44,ST010127,%(m/m),2025-07-05 08:00:00,苯,延炼12万吨/年乙苯/苯乙烯装置
0.06,ST010127,%(m/m),2025-07-05 08:00:00,甲  苯,延炼12万吨/年乙苯/苯乙烯装置
8.91,ST010127,%(m/m),2025-07-05 08:00:00,乙  苯,延炼12万吨/年乙苯/苯乙烯装置
0.01,ST010127,%(m/m),2025-07-05 08:00:00,二甲苯,延炼12万吨/年乙苯/苯乙烯装置
0.04,ST010127,%(m/m),2025-07-05 08:00:00,异丙苯,延炼12万吨/年乙苯/苯乙烯装置
0.01,ST010127,%(m/m),2025-07-05 08:00:00,正丙苯,延炼12万吨/年乙苯/苯乙烯装置
0.00,ST010127,%(m/m),2025-07-05 08:00:00,甲乙苯,延炼12万吨/年乙苯/苯乙烯装置
0.06,ST010127,%(m/m),2025-07-05 08:00:00,丁苯,延炼12万吨/年乙苯/苯乙烯装置
0.89,ST010127,%(m/m),2025-07-05 08:00:00,二乙苯,延炼12万吨/年乙苯/苯乙烯装置
0.47,ST010127,%(m/m),2025-07-05 08:00:00,重芳,延炼12万吨/年乙苯/苯乙烯装置
0.14,ST010127,%(m/m),2025-07-06 08:00:00,非  芳,延炼12万吨/年乙苯/苯乙烯装置
89.16,ST010127,%(m/m),2025-07-06 08:00:00,苯,延炼12万吨/年乙苯/苯乙烯装置
0.05,ST010127,%(m/m),2025-07-06 08:00:00,甲  苯,延炼12万吨/年乙苯/苯乙烯装置
9.30,ST010127,%(m/m),2025-07-06 08:00:00,乙  苯,延炼12万吨/年乙苯/苯乙烯装置
0.01,ST010127,%(m/m),2025-07-06 08:00:00,二甲苯,延炼12万吨/年乙苯/苯乙烯装置
0.00,ST010127,%(m/m),2025-07-06 08:00:00,异丙苯,延炼12万吨/年乙苯/苯乙烯装置
0.01,ST010127,%(m/m),2025-07-06 08:00:00,正丙苯,延炼12万吨/年乙苯/苯乙烯装置
0.00,ST010127,%(m/m),2025-07-06 08:00:00,甲乙苯,延炼12万吨/年乙苯/苯乙烯装置
0.06,ST010127,%(m/m),2025-07-06 08:00:00,丁苯,延炼12万吨/年乙苯/苯乙烯装置
0.80,ST010127,%(m/m),2025-07-06 08:00:00,二乙苯,延炼12万吨/年乙苯/苯乙烯装置
0.48,ST010127,%(m/m),2025-07-06 08:00:00,重芳,延炼12万吨/年乙苯/苯乙烯装置
0.12,ST010127,%(m/m),2025-07-07 08:00:00,非  芳,延炼12万吨/年乙苯/苯乙烯装置
90.32,ST010127,%(m/m),2025-07-07 08:00:00,苯,延炼12万吨/年乙苯/苯乙烯装置
0.07,ST010127,%(m/m),2025-07-07 08:00:00,甲  苯,延炼12万吨/年乙苯/苯乙烯装置
8.03,ST010127,%(m/m),2025-07-07 08:00:00,乙  苯,延炼12万吨/年乙苯/苯乙烯装置
0.01,ST010127,%(m/m),2025-07-07 08:00:00,二甲苯,延炼12万吨/年乙苯/苯乙烯装置
0.05,ST010127,%(m/m),2025-07-07 08:00:00,异丙苯,延炼12万吨/年乙苯/苯乙烯装置
0.01,ST010127,%(m/m),2025-07-07 08:00:00,正丙苯,延炼12万吨/年乙苯/苯乙烯装置
0.00,ST010127,%(m/m),2025-07-07 08:00:00,甲乙苯,延炼12万吨/年乙苯/苯乙烯装置
0.05,ST010127,%(m/m),2025-07-07 08:00:00,丁苯,延炼12万吨/年乙苯/苯乙烯装置
0.93,ST010127,%(m/m),2025-07-07 08:00:00,二乙苯,延炼12万吨/年乙苯/苯乙烯装置
0.40,ST010127,%(m/m),2025-07-07 08:00:00,重芳,延炼12万吨/年乙苯/苯乙烯装置
0.14,ST010127,%(m/m),2025-07-08 08:00:00,非  芳,延炼12万吨/年乙苯/苯乙烯装置
90.36,ST010127,%(m/m),2025-07-08 08:00:00,苯,延炼12万吨/年乙苯/苯乙烯装置
0.07,ST010127,%(m/m),2025-07-08 08:00:00,甲  苯,延炼12万吨/年乙苯/苯乙烯装置
8.02,ST010127,%(m/m),2025-07-08 08:00:00,乙  苯,延炼12万吨/年乙苯/苯乙烯装置
0.01,ST010127,%(m/m),2025-07-08 08:00:00,二甲苯,延炼12万吨/年乙苯/苯乙烯装置
0.04,ST010127,%(m/m),2025-07-08 08:00:00,异丙苯,延炼12万吨/年乙苯/苯乙烯装置
0.05,ST010127,%(m/m),2025-07-08 08:00:00,正丙苯,延炼12万吨/年乙苯/苯乙烯装置
0.00,ST010127,%(m/m),2025-07-08 08:00:00,甲乙苯,延炼12万吨/年乙苯/苯乙烯装置
0.05,ST010127,%(m/m),2025-07-08 08:00:00,丁苯,延炼12万吨/年乙苯/苯乙烯装置
0.81,ST010127,%(m/m),2025-07-08 08:00:00,二乙苯,延炼12万吨/年乙苯/苯乙烯装置
0.45,ST010127,%(m/m),2025-07-08 08:00:00,重芳,延炼12万吨/年乙苯/苯乙烯装置
0.12,ST010127,%(m/m),2025-07-09 08:00:00,非  芳,延炼12万吨/年乙苯/苯乙烯装置
89.15,ST010127,%(m/m),2025-07-09 08:00:00,苯,延炼12万吨/年乙苯/苯乙烯装置
0.06,ST010127,%(m/m),2025-07-09 08:00:00,甲  苯,延炼12万吨/年乙苯/苯乙烯装置
9.06,ST010127,%(m/m),2025-07-09 08:00:00,乙  苯,延炼12万吨/年乙苯/苯乙烯装置
0.01,ST010127,%(m/m),2025-07-09 08:00:00,二甲苯,延炼12万吨/年乙苯/苯乙烯装置
0.04,ST010127,%(m/m),2025-07-09 08:00:00,异丙苯,延炼12万吨/年乙苯/苯乙烯装置
0.05,ST010127,%(m/m),2025-07-09 08:00:00,正丙苯,延炼12万吨/年乙苯/苯乙烯装置
0.01,ST010127,%(m/m),2025-07-09 08:00:00,甲乙苯,延炼12万吨/年乙苯/苯乙烯装置
0.06,ST010127,%(m/m),2025-07-09 08:00:00,丁苯,延炼12万吨/年乙苯/苯乙烯装置
0.96,ST010127,%(m/m),2025-07-09 08:00:00,二乙苯,延炼12万吨/年乙苯/苯乙烯装置
0.48,ST010127,%(m/m),2025-07-09 08:00:00,重芳,延炼12万吨/年乙苯/苯乙烯装置
0.14,ST010127,%(m/m),2025-07-10 08:00:00,非  芳,延炼12万吨/年乙苯/苯乙烯装置
92.05,ST010127,%(m/m),2025-07-10 08:00:00,苯,延炼12万吨/年乙苯/苯乙烯装置
0.13,ST010127,%(m/m),2025-07-10 08:00:00,甲  苯,延炼12万吨/年乙苯/苯乙烯装置
6.43,ST010127,%(m/m),2025-07-10 08:00:00,乙  苯,延炼12万吨/年乙苯/苯乙烯装置
0.01,ST010127,%(m/m),2025-07-10 08:00:00,二甲苯,延炼12万吨/年乙苯/苯乙烯装置
0.04,ST010127,%(m/m),2025-07-10 08:00:00,异丙苯,延炼12万吨/年乙苯/苯乙烯装置
0.01,ST010127,%(m/m),2025-07-10 08:00:00,正丙苯,延炼12万吨/年乙苯/苯乙烯装置
0.00,ST010127,%(m/m),2025-07-10 08:00:00,甲乙苯,延炼12万吨/年乙苯/苯乙烯装置
0.05,ST010127,%(m/m),2025-07-10 08:00:00,丁苯,延炼12万吨/年乙苯/苯乙烯装置
0.75,ST010127,%(m/m),2025-07-10 08:00:00,二乙苯,延炼12万吨/年乙苯/苯乙烯装置
0.39,ST010127,%(m/m),2025-07-10 08:00:00,重芳,延炼12万吨/年乙苯/苯乙烯装置
0.11,ST010127,%(m/m),2025-07-11 08:00:00,非  芳,延炼12万吨/年乙苯/苯乙烯装置
90.27,ST010127,%(m/m),2025-07-11 08:00:00,苯,延炼12万吨/年乙苯/苯乙烯装置
0.07,ST010127,%(m/m),2025-07-11 08:00:00,甲  苯,延炼12万吨/年乙苯/苯乙烯装置
8.00,ST010127,%(m/m),2025-07-11 08:00:00,乙  苯,延炼12万吨/年乙苯/苯乙烯装置
0.01,ST010127,%(m/m),2025-07-11 08:00:00,二甲苯,延炼12万吨/年乙苯/苯乙烯装置
0.05,ST010127,%(m/m),2025-07-11 08:00:00,异丙苯,延炼12万吨/年乙苯/苯乙烯装置
0.07,ST010127,%(m/m),2025-07-11 08:00:00,正丙苯,延炼12万吨/年乙苯/苯乙烯装置
0.00,ST010127,%(m/m),2025-07-11 08:00:00,甲乙苯,延炼12万吨/年乙苯/苯乙烯装置
0.05,ST010127,%(m/m),2025-07-11 08:00:00,丁苯,延炼12万吨/年乙苯/苯乙烯装置
0.95,ST010127,%(m/m),2025-07-11 08:00:00,二乙苯,延炼12万吨/年乙苯/苯乙烯装置
0.42,ST010127,%(m/m),2025-07-11 08:00:00,重芳,延炼12万吨/年乙苯/苯乙烯装置
91.44,ST010127,%(m/m),2025-07-12 08:00:00,苯,延炼12万吨/年乙苯/苯乙烯装置
0.14,ST010127,%(m/m),2025-07-12 08:00:00,非  芳,延炼12万吨/年乙苯/苯乙烯装置
0.08,ST010127,%(m/m),2025-07-12 08:00:00,甲  苯,延炼12万吨/年乙苯/苯乙烯装置
6.96,ST010127,%(m/m),2025-07-12 08:00:00,乙  苯,延炼12万吨/年乙苯/苯乙烯装置
0.01,ST010127,%(m/m),2025-07-12 08:00:00,二甲苯,延炼12万吨/年乙苯/苯乙烯装置
0.04,ST010127,%(m/m),2025-07-12 08:00:00,异丙苯,延炼12万吨/年乙苯/苯乙烯装置
0.01,ST010127,%(m/m),2025-07-12 08:00:00,正丙苯,延炼12万吨/年乙苯/苯乙烯装置
0.00,ST010127,%(m/m),2025-07-12 08:00:00,甲乙苯,延炼12万吨/年乙苯/苯乙烯装置
0.05,ST010127,%(m/m),2025-07-12 08:00:00,丁苯,延炼12万吨/年乙苯/苯乙烯装置
0.85,ST010127,%(m/m),2025-07-12 08:00:00,二乙苯,延炼12万吨/年乙苯/苯乙烯装置
0.43,ST010127,%(m/m),2025-07-12 08:00:00,重芳,延炼12万吨/年乙苯/苯乙烯装置
0.12,ST010127,%(m/m),2025-07-13 08:00:00,非  芳,延炼12万吨/年乙苯/苯乙烯装置
89.32,ST010127,%(m/m),2025-07-13 08:00:00,苯,延炼12万吨/年乙苯/苯乙烯装置
0.06,ST010127,%(m/m),2025-07-13 08:00:00,甲  苯,延炼12万吨/年乙苯/苯乙烯装置
9.03,ST010127,%(m/m),2025-07-13 08:00:00,乙  苯,延炼12万吨/年乙苯/苯乙烯装置
0.01,ST010127,%(m/m),2025-07-13 08:00:00,二甲苯,延炼12万吨/年乙苯/苯乙烯装置
0.00,ST010127,%(m/m),2025-07-13 08:00:00,异丙苯,延炼12万吨/年乙苯/苯乙烯装置
0.01,ST010127,%(m/m),2025-07-13 08:00:00,正丙苯,延炼12万吨/年乙苯/苯乙烯装置
0.00,ST010127,%(m/m),2025-07-13 08:00:00,甲乙苯,延炼12万吨/年乙苯/苯乙烯装置
0.06,ST010127,%(m/m),2025-07-13 08:00:00,丁苯,延炼12万吨/年乙苯/苯乙烯装置
0.91,ST010127,%(m/m),2025-07-13 08:00:00,二乙苯,延炼12万吨/年乙苯/苯乙烯装置
0.49,ST010127,%(m/m),2025-07-13 08:00:00,重芳,延炼12万吨/年乙苯/苯乙烯装置
0.14,ST010127,%(m/m),2025-07-14 08:00:00,非  芳,延炼12万吨/年乙苯/苯乙烯装置
91.31,ST010127,%(m/m),2025-07-14 08:00:00,苯,延炼12万吨/年乙苯/苯乙烯装置
0.10,ST010127,%(m/m),2025-07-14 08:00:00,甲  苯,延炼12万吨/年乙苯/苯乙烯装置
7.08,ST010127,%(m/m),2025-07-14 08:00:00,乙  苯,延炼12万吨/年乙苯/苯乙烯装置
0.01,ST010127,%(m/m),2025-07-14 08:00:00,二甲苯,延炼12万吨/年乙苯/苯乙烯装置
0.00,ST010127,%(m/m),2025-07-14 08:00:00,异丙苯,延炼12万吨/年乙苯/苯乙烯装置
0.01,ST010127,%(m/m),2025-07-14 08:00:00,正丙苯,延炼12万吨/年乙苯/苯乙烯装置
0.00,ST010127,%(m/m),2025-07-14 08:00:00,甲乙苯,延炼12万吨/年乙苯/苯乙烯装置
0.05,ST010127,%(m/m),2025-07-14 08:00:00,丁苯,延炼12万吨/年乙苯/苯乙烯装置
0.87,ST010127,%(m/m),2025-07-14 08:00:00,二乙苯,延炼12万吨/年乙苯/苯乙烯装置
0.44,ST010127,%(m/m),2025-07-14 08:00:00,重芳,延炼12万吨/年乙苯/苯乙烯装置
0.09,ST010127,%(m/m),2025-07-15 08:00:00,非  芳,延炼12万吨/年乙苯/苯乙烯装置
90.10,ST010127,%(m/m),2025-07-15 08:00:00,苯,延炼12万吨/年乙苯/苯乙烯装置
0.11,ST010127,%(m/m),2025-07-15 08:00:00,甲  苯,延炼12万吨/年乙苯/苯乙烯装置
8.23,ST010127,%(m/m),2025-07-15 08:00:00,乙  苯,延炼12万吨/年乙苯/苯乙烯装置
0.01,ST010127,%(m/m),2025-07-15 08:00:00,二甲苯,延炼12万吨/年乙苯/苯乙烯装置
0.00,ST010127,%(m/m),2025-07-15 08:00:00,异丙苯,延炼12万吨/年乙苯/苯乙烯装置
0.01,ST010127,%(m/m),2025-07-15 08:00:00,正丙苯,延炼12万吨/年乙苯/苯乙烯装置
0.00,ST010127,%(m/m),2025-07-15 08:00:00,甲乙苯,延炼12万吨/年乙苯/苯乙烯装置
0.06,ST010127,%(m/m),2025-07-15 08:00:00,丁苯,延炼12万吨/年乙苯/苯乙烯装置
0.97,ST010127,%(m/m),2025-07-15 08:00:00,二乙苯,延炼12万吨/年乙苯/苯乙烯装置
0.43,ST010127,%(m/m),2025-07-15 08:00:00,重芳,延炼12万吨/年乙苯/苯乙烯装置
0.14,ST010127,%(m/m),2025-07-16 08:00:00,非  芳,延炼12万吨/年乙苯/苯乙烯装置
87.36,ST010127,%(m/m),2025-07-16 08:00:00,苯,延炼12万吨/年乙苯/苯乙烯装置
0.07,ST010127,%(m/m),2025-07-16 08:00:00,甲  苯,延炼12万吨/年乙苯/苯乙烯装置
10.44,ST010127,%(m/m),2025-07-16 08:00:00,乙  苯,延炼12万吨/年乙苯/苯乙烯装置
0.01,ST010127,%(m/m),2025-07-16 08:00:00,二甲苯,延炼12万吨/年乙苯/苯乙烯装置
0.06,ST010127,%(m/m),2025-07-16 08:00:00,异丙苯,延炼12万吨/年乙苯/苯乙烯装置
0.08,ST010127,%(m/m),2025-07-16 08:00:00,正丙苯,延炼12万吨/年乙苯/苯乙烯装置
0.00,ST010127,%(m/m),2025-07-16 08:00:00,甲乙苯,延炼12万吨/年乙苯/苯乙烯装置
0.06,ST010127,%(m/m),2025-07-16 08:00:00,丁苯,延炼12万吨/年乙苯/苯乙烯装置
1.24,ST010127,%(m/m),2025-07-16 08:00:00,二乙苯,延炼12万吨/年乙苯/苯乙烯装置
0.54,ST010127,%(m/m),2025-07-16 08:00:00,重芳,延炼12万吨/年乙苯/苯乙烯装置
0.09,ST010127,%(m/m),2025-07-17 08:00:00,非  芳,延炼12万吨/年乙苯/苯乙烯装置
89.74,ST010127,%(m/m),2025-07-17 08:00:00,苯,延炼12万吨/年乙苯/苯乙烯装置
0.07,ST010127,%(m/m),2025-07-17 08:00:00,甲  苯,延炼12万吨/年乙苯/苯乙烯装置
8.52,ST010127,%(m/m),2025-07-17 08:00:00,乙  苯,延炼12万吨/年乙苯/苯乙烯装置
0.01,ST010127,%(m/m),2025-07-17 08:00:00,二甲苯,延炼12万吨/年乙苯/苯乙烯装置
0.06,ST010127,%(m/m),2025-07-17 08:00:00,异丙苯,延炼12万吨/年乙苯/苯乙烯装置
0.01,ST010127,%(m/m),2025-07-17 08:00:00,正丙苯,延炼12万吨/年乙苯/苯乙烯装置
0.00,ST010127,%(m/m),2025-07-17 08:00:00,甲乙苯,延炼12万吨/年乙苯/苯乙烯装置
0.06,ST010127,%(m/m),2025-07-17 08:00:00,丁苯,延炼12万吨/年乙苯/苯乙烯装置
1.00,ST010127,%(m/m),2025-07-17 08:00:00,二乙苯,延炼12万吨/年乙苯/苯乙烯装置
0.45,ST010127,%(m/m),2025-07-17 08:00:00,重芳,延炼12万吨/年乙苯/苯乙烯装置
0.16,ST010127,%(m/m),2025-07-18 08:00:00,非  芳,延炼12万吨/年乙苯/苯乙烯装置
88.75,ST010127,%(m/m),2025-07-18 08:00:00,苯,延炼12万吨/年乙苯/苯乙烯装置
0.10,ST010127,%(m/m),2025-07-18 08:00:00,甲  苯,延炼12万吨/年乙苯/苯乙烯装置
9.74,ST010127,%(m/m),2025-07-18 08:00:00,乙  苯,延炼12万吨/年乙苯/苯乙烯装置
0.01,ST010127,%(m/m),2025-07-18 08:00:00,二甲苯,延炼12万吨/年乙苯/苯乙烯装置
0.05,ST010127,%(m/m),2025-07-18 08:00:00,异丙苯,延炼12万吨/年乙苯/苯乙烯装置
0.01,ST010127,%(m/m),2025-07-18 08:00:00,正丙苯,延炼12万吨/年乙苯/苯乙烯装置
0.00,ST010127,%(m/m),2025-07-18 08:00:00,甲乙苯,延炼12万吨/年乙苯/苯乙烯装置
0.06,ST010127,%(m/m),2025-07-18 08:00:00,丁苯,延炼12万吨/年乙苯/苯乙烯装置
0.59,ST010127,%(m/m),2025-07-18 08:00:00,二乙苯,延炼12万吨/年乙苯/苯乙烯装置
0.51,ST010127,%(m/m),2025-07-18 08:00:00,重芳,延炼12万吨/年乙苯/苯乙烯装置
0.13,ST010127,%(m/m),2025-07-19 08:00:00,非  芳,延炼12万吨/年乙苯/苯乙烯装置
90.12,ST010127,%(m/m),2025-07-19 08:00:00,苯,延炼12万吨/年乙苯/苯乙烯装置
0.07,ST010127,%(m/m),2025-07-19 08:00:00,甲  苯,延炼12万吨/年乙苯/苯乙烯装置
8.17,ST010127,%(m/m),2025-07-19 08:00:00,乙  苯,延炼12万吨/年乙苯/苯乙烯装置
0.01,ST010127,%(m/m),2025-07-19 08:00:00,二甲苯,延炼12万吨/年乙苯/苯乙烯装置
0.00,ST010127,%(m/m),2025-07-19 08:00:00,异丙苯,延炼12万吨/年乙苯/苯乙烯装置
0.01,ST010127,%(m/m),2025-07-19 08:00:00,正丙苯,延炼12万吨/年乙苯/苯乙烯装置
0.00,ST010127,%(m/m),2025-07-19 08:00:00,甲乙苯,延炼12万吨/年乙苯/苯乙烯装置
0.05,ST010127,%(m/m),2025-07-19 08:00:00,丁苯,延炼12万吨/年乙苯/苯乙烯装置
1.01,ST010127,%(m/m),2025-07-19 08:00:00,二乙苯,延炼12万吨/年乙苯/苯乙烯装置
0.44,ST010127,%(m/m),2025-07-19 08:00:00,重芳,延炼12万吨/年乙苯/苯乙烯装置
0.08,ST010127,%(m/m),2025-07-20 08:00:00,非  芳,延炼12万吨/年乙苯/苯乙烯装置
87.99,ST010127,%(m/m),2025-07-20 08:00:00,苯,延炼12万吨/年乙苯/苯乙烯装置
0.08,ST010127,%(m/m),2025-07-20 08:00:00,甲  苯,延炼12万吨/年乙苯/苯乙烯装置
9.92,ST010127,%(m/m),2025-07-20 08:00:00,乙  苯,延炼12万吨/年乙苯/苯乙烯装置
0.01,ST010127,%(m/m),2025-07-20 08:00:00,二甲苯,延炼12万吨/年乙苯/苯乙烯装置
0.00,ST010127,%(m/m),2025-07-20 08:00:00,异丙苯,延炼12万吨/年乙苯/苯乙烯装置
0.01,ST010127,%(m/m),2025-07-20 08:00:00,正丙苯,延炼12万吨/年乙苯/苯乙烯装置
0.00,ST010127,%(m/m),2025-07-20 08:00:00,甲乙苯,延炼12万吨/年乙苯/苯乙烯装置
0.08,ST010127,%(m/m),2025-07-20 08:00:00,丁苯,延炼12万吨/年乙苯/苯乙烯装置
1.26,ST010127,%(m/m),2025-07-20 08:00:00,二乙苯,延炼12万吨/年乙苯/苯乙烯装置
0.57,ST010127,%(m/m),2025-07-20 08:00:00,重芳,延炼12万吨/年乙苯/苯乙烯装置
0.12,ST010127,%(m/m),2025-07-21 08:00:00,非  芳,延炼12万吨/年乙苯/苯乙烯装置
90.11,ST010127,%(m/m),2025-07-21 08:00:00,苯,延炼12万吨/年乙苯/苯乙烯装置
0.07,ST010127,%(m/m),2025-07-21 08:00:00,甲  苯,延炼12万吨/年乙苯/苯乙烯装置
8.31,ST010127,%(m/m),2025-07-21 08:00:00,乙  苯,延炼12万吨/年乙苯/苯乙烯装置
0.01,ST010127,%(m/m),2025-07-21 08:00:00,二甲苯,延炼12万吨/年乙苯/苯乙烯装置
0.04,ST010127,%(m/m),2025-07-21 08:00:00,异丙苯,延炼12万吨/年乙苯/苯乙烯装置
0.01,ST010127,%(m/m),2025-07-21 08:00:00,正丙苯,延炼12万吨/年乙苯/苯乙烯装置
0.00,ST010127,%(m/m),2025-07-21 08:00:00,甲乙苯,延炼12万吨/年乙苯/苯乙烯装置
0.06,ST010127,%(m/m),2025-07-21 08:00:00,丁苯,延炼12万吨/年乙苯/苯乙烯装置
0.82,ST010127,%(m/m),2025-07-21 08:00:00,二乙苯,延炼12万吨/年乙苯/苯乙烯装置
0.46,ST010127,%(m/m),2025-07-21 08:00:00,重芳,延炼12万吨/年乙苯/苯乙烯装置
0.19,ST010127,%(m/m),2025-07-22 08:00:00,非  芳,延炼12万吨/年乙苯/苯乙烯装置
86.99,ST010127,%(m/m),2025-07-22 08:00:00,苯,延炼12万吨/年乙苯/苯乙烯装置
0.06,ST010127,%(m/m),2025-07-22 08:00:00,甲  苯,延炼12万吨/年乙苯/苯乙烯装置
10.73,ST010127,%(m/m),2025-07-22 08:00:00,乙  苯,延炼12万吨/年乙苯/苯乙烯装置
0.01,ST010127,%(m/m),2025-07-22 08:00:00,二甲苯,延炼12万吨/年乙苯/苯乙烯装置
0.06,ST010127,%(m/m),2025-07-22 08:00:00,异丙苯,延炼12万吨/年乙苯/苯乙烯装置
0.01,ST010127,%(m/m),2025-07-22 08:00:00,正丙苯,延炼12万吨/年乙苯/苯乙烯装置
0.00,ST010127,%(m/m),2025-07-22 08:00:00,甲乙苯,延炼12万吨/年乙苯/苯乙烯装置
0.07,ST010127,%(m/m),2025-07-22 08:00:00,丁苯,延炼12万吨/年乙苯/苯乙烯装置
1.30,ST010127,%(m/m),2025-07-22 08:00:00,二乙苯,延炼12万吨/年乙苯/苯乙烯装置
0.57,ST010127,%(m/m),2025-07-22 08:00:00,重芳,延炼12万吨/年乙苯/苯乙烯装置
0.13,ST010127,%(m/m),2025-07-23 08:00:00,非  芳,延炼12万吨/年乙苯/苯乙烯装置
90.15,ST010127,%(m/m),2025-07-23 08:00:00,苯,延炼12万吨/年乙苯/苯乙烯装置
0.07,ST010127,%(m/m),2025-07-23 08:00:00,甲  苯,延炼12万吨/年乙苯/苯乙烯装置
8.26,ST010127,%(m/m),2025-07-23 08:00:00,乙  苯,延炼12万吨/年乙苯/苯乙烯装置
0.01,ST010127,%(m/m),2025-07-23 08:00:00,二甲苯,延炼12万吨/年乙苯/苯乙烯装置
0.04,ST010127,%(m/m),2025-07-23 08:00:00,异丙苯,延炼12万吨/年乙苯/苯乙烯装置
0.01,ST010127,%(m/m),2025-07-23 08:00:00,正丙苯,延炼12万吨/年乙苯/苯乙烯装置
0.00,ST010127,%(m/m),2025-07-23 08:00:00,甲乙苯,延炼12万吨/年乙苯/苯乙烯装置
0.05,ST010127,%(m/m),2025-07-23 08:00:00,丁苯,延炼12万吨/年乙苯/苯乙烯装置
0.83,ST010127,%(m/m),2025-07-23 08:00:00,二乙苯,延炼12万吨/年乙苯/苯乙烯装置
0.45,ST010127,%(m/m),2025-07-23 08:00:00,重芳,延炼12万吨/年乙苯/苯乙烯装置
0.17,ST010127,%(m/m),2025-07-24 08:00:00,非  芳,延炼12万吨/年乙苯/苯乙烯装置
87.33,ST010127,%(m/m),2025-07-24 08:00:00,苯,延炼12万吨/年乙苯/苯乙烯装置
0.06,ST010127,%(m/m),2025-07-24 08:00:00,甲  苯,延炼12万吨/年乙苯/苯乙烯装置
10.62,ST010127,%(m/m),2025-07-24 08:00:00,乙  苯,延炼12万吨/年乙苯/苯乙烯装置
0.01,ST010127,%(m/m),2025-07-24 08:00:00,二甲苯,延炼12万吨/年乙苯/苯乙烯装置
0.07,ST010127,%(m/m),2025-07-24 08:00:00,异丙苯,延炼12万吨/年乙苯/苯乙烯装置
0.01,ST010127,%(m/m),2025-07-24 08:00:00,正丙苯,延炼12万吨/年乙苯/苯乙烯装置
0.00,ST010127,%(m/m),2025-07-24 08:00:00,甲乙苯,延炼12万吨/年乙苯/苯乙烯装置
0.07,ST010127,%(m/m),2025-07-24 08:00:00,丁苯,延炼12万吨/年乙苯/苯乙烯装置
1.11,ST010127,%(m/m),2025-07-24 08:00:00,二乙苯,延炼12万吨/年乙苯/苯乙烯装置
0.56,ST010127,%(m/m),2025-07-24 08:00:00,重芳,延炼12万吨/年乙苯/苯乙烯装置
0.16,ST010127,%(m/m),2025-07-25 08:00:00,非  芳,延炼12万吨/年乙苯/苯乙烯装置
88.44,ST010127,%(m/m),2025-07-25 08:00:00,苯,延炼12万吨/年乙苯/苯乙烯装置
0.03,ST010127,%(m/m),2025-07-25 08:00:00,甲  苯,延炼12万吨/年乙苯/苯乙烯装置
9.56,ST010127,%(m/m),2025-07-25 08:00:00,乙  苯,延炼12万吨/年乙苯/苯乙烯装置
0.01,ST010127,%(m/m),2025-07-25 08:00:00,二甲苯,延炼12万吨/年乙苯/苯乙烯装置
0.06,ST010127,%(m/m),2025-07-25 08:00:00,异丙苯,延炼12万吨/年乙苯/苯乙烯装置
0.01,ST010127,%(m/m),2025-07-25 08:00:00,正丙苯,延炼12万吨/年乙苯/苯乙烯装置
0.00,ST010127,%(m/m),2025-07-25 08:00:00,甲乙苯,延炼12万吨/年乙苯/苯乙烯装置
0.06,ST010127,%(m/m),2025-07-25 08:00:00,丁苯,延炼12万吨/年乙苯/苯乙烯装置
1.15,ST010127,%(m/m),2025-07-25 08:00:00,二乙苯,延炼12万吨/年乙苯/苯乙烯装置
0.52,ST010127,%(m/m),2025-07-25 08:00:00,重芳,延炼12万吨/年乙苯/苯乙烯装置
0.08,ST010127,%(m/m),2025-07-26 08:00:00,非  芳,延炼12万吨/年乙苯/苯乙烯装置
86.38,ST010127,%(m/m),2025-07-26 08:00:00,苯,延炼12万吨/年乙苯/苯乙烯装置
0.08,ST010127,%(m/m),2025-07-26 08:00:00,甲  苯,延炼12万吨/年乙苯/苯乙烯装置
11.04,ST010127,%(m/m),2025-07-26 08:00:00,乙  苯,延炼12万吨/年乙苯/苯乙烯装置
0.01,ST010127,%(m/m),2025-07-26 08:00:00,二甲苯,延炼12万吨/年乙苯/苯乙烯装置
0.06,ST010127,%(m/m),2025-07-26 08:00:00,异丙苯,延炼12万吨/年乙苯/苯乙烯装置
0.01,ST010127,%(m/m),2025-07-26 08:00:00,正丙苯,延炼12万吨/年乙苯/苯乙烯装置
0.00,ST010127,%(m/m),2025-07-26 08:00:00,甲乙苯,延炼12万吨/年乙苯/苯乙烯装置
0.08,ST010127,%(m/m),2025-07-26 08:00:00,丁苯,延炼12万吨/年乙苯/苯乙烯装置
1.55,ST010127,%(m/m),2025-07-26 08:00:00,二乙苯,延炼12万吨/年乙苯/苯乙烯装置
0.71,ST010127,%(m/m),2025-07-26 08:00:00,重芳,延炼12万吨/年乙苯/苯乙烯装置
0.13,ST010127,%(m/m),2025-07-27 08:00:00,非  芳,延炼12万吨/年乙苯/苯乙烯装置
90.17,ST010127,%(m/m),2025-07-27 08:00:00,苯,延炼12万吨/年乙苯/苯乙烯装置
0.07,ST010127,%(m/m),2025-07-27 08:00:00,甲  苯,延炼12万吨/年乙苯/苯乙烯装置
8.24,ST010127,%(m/m),2025-07-27 08:00:00,乙  苯,延炼12万吨/年乙苯/苯乙烯装置
0.01,ST010127,%(m/m),2025-07-27 08:00:00,二甲苯,延炼12万吨/年乙苯/苯乙烯装置
0.04,ST010127,%(m/m),2025-07-27 08:00:00,异丙苯,延炼12万吨/年乙苯/苯乙烯装置
0.01,ST010127,%(m/m),2025-07-27 08:00:00,正丙苯,延炼12万吨/年乙苯/苯乙烯装置
0.00,ST010127,%(m/m),2025-07-27 08:00:00,甲乙苯,延炼12万吨/年乙苯/苯乙烯装置
0.06,ST010127,%(m/m),2025-07-27 08:00:00,丁苯,延炼12万吨/年乙苯/苯乙烯装置
0.83,ST010127,%(m/m),2025-07-27 08:00:00,二乙苯,延炼12万吨/年乙苯/苯乙烯装置
0.45,ST010127,%(m/m),2025-07-27 08:00:00,重芳,延炼12万吨/年乙苯/苯乙烯装置
0.15,ST010127,%(m/m),2025-07-28 08:00:00,非  芳,延炼12万吨/年乙苯/苯乙烯装置
87.37,ST010127,%(m/m),2025-07-28 08:00:00,苯,延炼12万吨/年乙苯/苯乙烯装置
0.08,ST010127,%(m/m),2025-07-28 08:00:00,甲  苯,延炼12万吨/年乙苯/苯乙烯装置
10.61,ST010127,%(m/m),2025-07-28 08:00:00,乙  苯,延炼12万吨/年乙苯/苯乙烯装置
0.01,ST010127,%(m/m),2025-07-28 08:00:00,二甲苯,延炼12万吨/年乙苯/苯乙烯装置
0.08,ST010127,%(m/m),2025-07-28 08:00:00,异丙苯,延炼12万吨/年乙苯/苯乙烯装置
0.01,ST010127,%(m/m),2025-07-28 08:00:00,正丙苯,延炼12万吨/年乙苯/苯乙烯装置
0.00,ST010127,%(m/m),2025-07-28 08:00:00,甲乙苯,延炼12万吨/年乙苯/苯乙烯装置
0.08,ST010127,%(m/m),2025-07-28 08:00:00,丁苯,延炼12万吨/年乙苯/苯乙烯装置
1.00,ST010127,%(m/m),2025-07-28 08:00:00,二乙苯,延炼12万吨/年乙苯/苯乙烯装置
0.61,ST010127,%(m/m),2025-07-28 08:00:00,重芳,延炼12万吨/年乙苯/苯乙烯装置
0.16,ST010127,%(m/m),2025-07-29 08:00:00,非  芳,延炼12万吨/年乙苯/苯乙烯装置
88.79,ST010127,%(m/m),2025-07-29 08:00:00,苯,延炼12万吨/年乙苯/苯乙烯装置
0.06,ST010127,%(m/m),2025-07-29 08:00:00,甲  苯,延炼12万吨/年乙苯/苯乙烯装置
9.14,ST010127,%(m/m),2025-07-29 08:00:00,乙  苯,延炼12万吨/年乙苯/苯乙烯装置
0.01,ST010127,%(m/m),2025-07-29 08:00:00,二甲苯,延炼12万吨/年乙苯/苯乙烯装置
0.08,ST010127,%(m/m),2025-07-29 08:00:00,异丙苯,延炼12万吨/年乙苯/苯乙烯装置
0.01,ST010127,%(m/m),2025-07-29 08:00:00,正丙苯,延炼12万吨/年乙苯/苯乙烯装置
0.00,ST010127,%(m/m),2025-07-29 08:00:00,甲乙苯,延炼12万吨/年乙苯/苯乙烯装置
0.09,ST010127,%(m/m),2025-07-29 08:00:00,丁苯,延炼12万吨/年乙苯/苯乙烯装置
1.08,ST010127,%(m/m),2025-07-29 08:00:00,二乙苯,延炼12万吨/年乙苯/苯乙烯装置
0.58,ST010127,%(m/m),2025-07-29 08:00:00,重芳,延炼12万吨/年乙苯/苯乙烯装置
0.10,ST010127,%(m/m),2025-07-30 08:00:00,非  芳,延炼12万吨/年乙苯/苯乙烯装置
92.27,ST010127,%(m/m),2025-07-30 08:00:00,苯,延炼12万吨/年乙苯/苯乙烯装置
0.07,ST010127,%(m/m),2025-07-30 08:00:00,甲  苯,延炼12万吨/年乙苯/苯乙烯装置
6.24,ST010127,%(m/m),2025-07-30 08:00:00,乙  苯,延炼12万吨/年乙苯/苯乙烯装置
0.01,ST010127,%(m/m),2025-07-30 08:00:00,二甲苯,延炼12万吨/年乙苯/苯乙烯装置
0.06,ST010127,%(m/m),2025-07-30 08:00:00,异丙苯,延炼12万吨/年乙苯/苯乙烯装置
0.01,ST010127,%(m/m),2025-07-30 08:00:00,正丙苯,延炼12万吨/年乙苯/苯乙烯装置
0.00,ST010127,%(m/m),2025-07-30 08:00:00,甲乙苯,延炼12万吨/年乙苯/苯乙烯装置
0.05,ST010127,%(m/m),2025-07-30 08:00:00,丁苯,延炼12万吨/年乙苯/苯乙烯装置
0.79,ST010127,%(m/m),2025-07-30 08:00:00,二乙苯,延炼12万吨/年乙苯/苯乙烯装置
0.41,ST010127,%(m/m),2025-07-30 08:00:00,重芳,延炼12万吨/年乙苯/苯乙烯装置
0.09,ST010127,%(m/m),2025-07-31 08:00:00,非  芳,延炼12万吨/年乙苯/苯乙烯装置
89.70,ST010127,%(m/m),2025-07-31 08:00:00,苯,延炼12万吨/年乙苯/苯乙烯装置
0.07,ST010127,%(m/m),2025-07-31 08:00:00,甲  苯,延炼12万吨/年乙苯/苯乙烯装置
8.71,ST010127,%(m/m),2025-07-31 08:00:00,乙  苯,延炼12万吨/年乙苯/苯乙烯装置
0.01,ST010127,%(m/m),2025-07-31 08:00:00,二甲苯,延炼12万吨/年乙苯/苯乙烯装置
0.05,ST010127,%(m/m),2025-07-31 08:00:00,异丙苯,延炼12万吨/年乙苯/苯乙烯装置
0.01,ST010127,%(m/m),2025-07-31 08:00:00,正丙苯,延炼12万吨/年乙苯/苯乙烯装置
0.00,ST010127,%(m/m),2025-07-31 08:00:00,甲乙苯,延炼12万吨/年乙苯/苯乙烯装置
0.06,ST010127,%(m/m),2025-07-31 08:00:00,丁苯,延炼12万吨/年乙苯/苯乙烯装置
0.81,ST010127,%(m/m),2025-07-31 08:00:00,二乙苯,延炼12万吨/年乙苯/苯乙烯装置
0.48,ST010127,%(m/m),2025-07-31 08:00:00,重芳,延炼12万吨/年乙苯/苯乙烯装置
0.14,ST010127,%(m/m),2025-08-01 08:00:00,非  芳,延炼12万吨/年乙苯/苯乙烯装置
91.57,ST010127,%(m/m),2025-08-01 08:00:00,苯,延炼12万吨/年乙苯/苯乙烯装置
0.05,ST010127,%(m/m),2025-08-01 08:00:00,甲  苯,延炼12万吨/年乙苯/苯乙烯装置
7.17,ST010127,%(m/m),2025-08-01 08:00:00,乙  苯,延炼12万吨/年乙苯/苯乙烯装置
0.01,ST010127,%(m/m),2025-08-01 08:00:00,二甲苯,延炼12万吨/年乙苯/苯乙烯装置
0.06,ST010127,%(m/m),2025-08-01 08:00:00,异丙苯,延炼12万吨/年乙苯/苯乙烯装置
0.01,ST010127,%(m/m),2025-08-01 08:00:00,正丙苯,延炼12万吨/年乙苯/苯乙烯装置
0.00,ST010127,%(m/m),2025-08-01 08:00:00,甲乙苯,延炼12万吨/年乙苯/苯乙烯装置
0.05,ST010127,%(m/m),2025-08-01 08:00:00,丁苯,延炼12万吨/年乙苯/苯乙烯装置
0.50,ST010127,%(m/m),2025-08-01 08:00:00,二乙苯,延炼12万吨/年乙苯/苯乙烯装置
0.44,ST010127,%(m/m),2025-08-01 08:00:00,重芳,延炼12万吨/年乙苯/苯乙烯装置
0.15,ST010127,%(m/m),2025-08-02 08:00:00,非  芳,延炼12万吨/年乙苯/苯乙烯装置
90.61,ST010127,%(m/m),2025-08-02 08:00:00,苯,延炼12万吨/年乙苯/苯乙烯装置
0.06,ST010127,%(m/m),2025-08-02 08:00:00,甲  苯,延炼12万吨/年乙苯/苯乙烯装置
8.03,ST010127,%(m/m),2025-08-02 08:00:00,乙  苯,延炼12万吨/年乙苯/苯乙烯装置
0.01,ST010127,%(m/m),2025-08-02 08:00:00,二甲苯,延炼12万吨/年乙苯/苯乙烯装置
0.07,ST010127,%(m/m),2025-08-02 08:00:00,异丙苯,延炼12万吨/年乙苯/苯乙烯装置
0.01,ST010127,%(m/m),2025-08-02 08:00:00,正丙苯,延炼12万吨/年乙苯/苯乙烯装置
0.00,ST010127,%(m/m),2025-08-02 08:00:00,甲乙苯,延炼12万吨/年乙苯/苯乙烯装置
0.06,ST010127,%(m/m),2025-08-02 08:00:00,丁苯,延炼12万吨/年乙苯/苯乙烯装置
0.50,ST010127,%(m/m),2025-08-02 08:00:00,二乙苯,延炼12万吨/年乙苯/苯乙烯装置
0.51,ST010127,%(m/m),2025-08-02 08:00:00,重芳,延炼12万吨/年乙苯/苯乙烯装置
0.13,ST010127,%(m/m),2025-08-03 08:00:00,非  芳,延炼12万吨/年乙苯/苯乙烯装置
90.74,ST010127,%(m/m),2025-08-03 08:00:00,苯,延炼12万吨/年乙苯/苯乙烯装置
0.07,ST010127,%(m/m),2025-08-03 08:00:00,甲  苯,延炼12万吨/年乙苯/苯乙烯装置
7.56,ST010127,%(m/m),2025-08-03 08:00:00,乙  苯,延炼12万吨/年乙苯/苯乙烯装置
0.01,ST010127,%(m/m),2025-08-03 08:00:00,二甲苯,延炼12万吨/年乙苯/苯乙烯装置
0.06,ST010127,%(m/m),2025-08-03 08:00:00,异丙苯,延炼12万吨/年乙苯/苯乙烯装置
0.08,ST010127,%(m/m),2025-08-03 08:00:00,正丙苯,延炼12万吨/年乙苯/苯乙烯装置
0.01,ST010127,%(m/m),2025-08-03 08:00:00,甲乙苯,延炼12万吨/年乙苯/苯乙烯装置
0.07,ST010127,%(m/m),2025-08-03 08:00:00,丁苯,延炼12万吨/年乙苯/苯乙烯装置
0.85,ST010127,%(m/m),2025-08-03 08:00:00,二乙苯,延炼12万吨/年乙苯/苯乙烯装置
0.43,ST010127,%(m/m),2025-08-03 08:00:00,重芳,延炼12万吨/年乙苯/苯乙烯装置
0.12,ST010127,%(m/m),2025-08-04 08:00:00,非  芳,延炼12万吨/年乙苯/苯乙烯装置
89.93,ST010127,%(m/m),2025-08-04 08:00:00,苯,延炼12万吨/年乙苯/苯乙烯装置
0.07,ST010127,%(m/m),2025-08-04 08:00:00,甲  苯,延炼12万吨/年乙苯/苯乙烯装置
8.24,ST010127,%(m/m),2025-08-04 08:00:00,乙  苯,延炼12万吨/年乙苯/苯乙烯装置
0.01,ST010127,%(m/m),2025-08-04 08:00:00,二甲苯,延炼12万吨/年乙苯/苯乙烯装置
0.04,ST010127,%(m/m),2025-08-04 08:00:00,异丙苯,延炼12万吨/年乙苯/苯乙烯装置
0.05,ST010127,%(m/m),2025-08-04 08:00:00,正丙苯,延炼12万吨/年乙苯/苯乙烯装置
0.00,ST010127,%(m/m),2025-08-04 08:00:00,甲乙苯,延炼12万吨/年乙苯/苯乙烯装置
0.06,ST010127,%(m/m),2025-08-04 08:00:00,丁苯,延炼12万吨/年乙苯/苯乙烯装置
1.02,ST010127,%(m/m),2025-08-04 08:00:00,二乙苯,延炼12万吨/年乙苯/苯乙烯装置
0.46,ST010127,%(m/m),2025-08-04 08:00:00,重芳,延炼12万吨/年乙苯/苯乙烯装置
0.12,ST010127,%(m/m),2025-08-05 08:00:00,非  芳,延炼12万吨/年乙苯/苯乙烯装置
89.44,ST010127,%(m/m),2025-08-05 08:00:00,苯,延炼12万吨/年乙苯/苯乙烯装置
0.11,ST010127,%(m/m),2025-08-05 08:00:00,甲  苯,延炼12万吨/年乙苯/苯乙烯装置
8.23,ST010127,%(m/m),2025-08-05 08:00:00,乙  苯,延炼12万吨/年乙苯/苯乙烯装置
0.01,ST010127,%(m/m),2025-08-05 08:00:00,二甲苯,延炼12万吨/年乙苯/苯乙烯装置
0.07,ST010127,%(m/m),2025-08-05 08:00:00,异丙苯,延炼12万吨/年乙苯/苯乙烯装置
0.01,ST010127,%(m/m),2025-08-05 08:00:00,正丙苯,延炼12万吨/年乙苯/苯乙烯装置
0.00,ST010127,%(m/m),2025-08-05 08:00:00,甲乙苯,延炼12万吨/年乙苯/苯乙烯装置
0.07,ST010127,%(m/m),2025-08-05 08:00:00,丁苯,延炼12万吨/年乙苯/苯乙烯装置
1.11,ST010127,%(m/m),2025-08-05 08:00:00,二乙苯,延炼12万吨/年乙苯/苯乙烯装置
0.85,ST010127,%(m/m),2025-08-05 08:00:00,重芳,延炼12万吨/年乙苯/苯乙烯装置
0.14,ST010127,%(m/m),2025-08-06 08:00:00,非  芳,延炼12万吨/年乙苯/苯乙烯装置
88.24,ST010127,%(m/m),2025-08-06 08:00:00,苯,延炼12万吨/年乙苯/苯乙烯装置
0.09,ST010127,%(m/m),2025-08-06 08:00:00,甲  苯,延炼12万吨/年乙苯/苯乙烯装置
9.49,ST010127,%(m/m),2025-08-06 08:00:00,乙  苯,延炼12万吨/年乙苯/苯乙烯装置
0.01,ST010127,%(m/m),2025-08-06 08:00:00,二甲苯,延炼12万吨/年乙苯/苯乙烯装置
0.08,ST010127,%(m/m),2025-08-06 08:00:00,异丙苯,延炼12万吨/年乙苯/苯乙烯装置
0.01,ST010127,%(m/m),2025-08-06 08:00:00,正丙苯,延炼12万吨/年乙苯/苯乙烯装置
0.00,ST010127,%(m/m),2025-08-06 08:00:00,甲乙苯,延炼12万吨/年乙苯/苯乙烯装置
0.07,ST010127,%(m/m),2025-08-06 08:00:00,丁苯,延炼12万吨/年乙苯/苯乙烯装置
1.25,ST010127,%(m/m),2025-08-06 08:00:00,二乙苯,延炼12万吨/年乙苯/苯乙烯装置
0.62,ST010127,%(m/m),2025-08-06 08:00:00,重芳,延炼12万吨/年乙苯/苯乙烯装置
0.16,ST010127,%(m/m),2025-08-07 08:00:00,非  芳,延炼12万吨/年乙苯/苯乙烯装置
87.23,ST010127,%(m/m),2025-08-07 08:00:00,苯,延炼12万吨/年乙苯/苯乙烯装置
0.11,ST010127,%(m/m),2025-08-07 08:00:00,甲  苯,延炼12万吨/年乙苯/苯乙烯装置
10.56,ST010127,%(m/m),2025-08-07 08:00:00,乙  苯,延炼12万吨/年乙苯/苯乙烯装置
0.01,ST010127,%(m/m),2025-08-07 08:00:00,二甲苯,延炼12万吨/年乙苯/苯乙烯装置
0.08,ST010127,%(m/m),2025-08-07 08:00:00,异丙苯,延炼12万吨/年乙苯/苯乙烯装置
0.01,ST010127,%(m/m),2025-08-07 08:00:00,正丙苯,延炼12万吨/年乙苯/苯乙烯装置
0.00,ST010127,%(m/m),2025-08-07 08:00:00,甲乙苯,延炼12万吨/年乙苯/苯乙烯装置
0.07,ST010127,%(m/m),2025-08-07 08:00:00,丁苯,延炼12万吨/年乙苯/苯乙烯装置
1.15,ST010127,%(m/m),2025-08-07 08:00:00,二乙苯,延炼12万吨/年乙苯/苯乙烯装置
0.60,ST010127,%(m/m),2025-08-07 08:00:00,重芳,延炼12万吨/年乙苯/苯乙烯装置
0.12,ST010127,%(m/m),2025-08-08 08:00:00,非  芳,延炼12万吨/年乙苯/苯乙烯装置
90.25,ST010127,%(m/m),2025-08-08 08:00:00,苯,延炼12万吨/年乙苯/苯乙烯装置
0.10,ST010127,%(m/m),2025-08-08 08:00:00,甲  苯,延炼12万吨/年乙苯/苯乙烯装置
8.42,ST010127,%(m/m),2025-08-08 08:00:00,乙  苯,延炼12万吨/年乙苯/苯乙烯装置
0.00,ST010127,%(m/m),2025-08-08 08:00:00,二甲苯,延炼12万吨/年乙苯/苯乙烯装置
0.05,ST010127,%(m/m),2025-08-08 08:00:00,异丙苯,延炼12万吨/年乙苯/苯乙烯装置
0.01,ST010127,%(m/m),2025-08-08 08:00:00,正丙苯,延炼12万吨/年乙苯/苯乙烯装置
0.00,ST010127,%(m/m),2025-08-08 08:00:00,甲乙苯,延炼12万吨/年乙苯/苯乙烯装置
0.06,ST010127,%(m/m),2025-08-08 08:00:00,丁苯,延炼12万吨/年乙苯/苯乙烯装置
0.54,ST010127,%(m/m),2025-08-08 08:00:00,二乙苯,延炼12万吨/年乙苯/苯乙烯装置
0.46,ST010127,%(m/m),2025-08-08 08:00:00,重芳,延炼12万吨/年乙苯/苯乙烯装置
0.14,ST010127,%(m/m),2025-08-09 08:00:00,非  芳,延炼12万吨/年乙苯/苯乙烯装置
91.44,ST010127,%(m/m),2025-08-09 08:00:00,苯,延炼12万吨/年乙苯/苯乙烯装置
0.08,ST010127,%(m/m),2025-08-09 08:00:00,甲  苯,延炼12万吨/年乙苯/苯乙烯装置
6.68,ST010127,%(m/m),2025-08-09 08:00:00,乙  苯,延炼12万吨/年乙苯/苯乙烯装置
0.00,ST010127,%(m/m),2025-08-09 08:00:00,二甲苯,延炼12万吨/年乙苯/苯乙烯装置
0.07,ST010127,%(m/m),2025-08-09 08:00:00,异丙苯,延炼12万吨/年乙苯/苯乙烯装置
0.09,ST010127,%(m/m),2025-08-09 08:00:00,正丙苯,延炼12万吨/年乙苯/苯乙烯装置
0.00,ST010127,%(m/m),2025-08-09 08:00:00,甲乙苯,延炼12万吨/年乙苯/苯乙烯装置
0.05,ST010127,%(m/m),2025-08-09 08:00:00,丁苯,延炼12万吨/年乙苯/苯乙烯装置
0.98,ST010127,%(m/m),2025-08-09 08:00:00,二乙苯,延炼12万吨/年乙苯/苯乙烯装置
0.46,ST010127,%(m/m),2025-08-09 08:00:00,重芳,延炼12万吨/年乙苯/苯乙烯装置
0.15,ST010127,%(m/m),2025-08-10 08:00:00,非  芳,延炼12万吨/年乙苯/苯乙烯装置
93.40,ST010127,%(m/m),2025-08-10 08:00:00,苯,延炼12万吨/年乙苯/苯乙烯装置
0.06,ST010127,%(m/m),2025-08-10 08:00:00,甲  苯,延炼12万吨/年乙苯/苯乙烯装置
4.89,ST010127,%(m/m),2025-08-10 08:00:00,乙  苯,延炼12万吨/年乙苯/苯乙烯装置
0.00,ST010127,%(m/m),2025-08-10 08:00:00,二甲苯,延炼12万吨/年乙苯/苯乙烯装置
0.05,ST010127,%(m/m),2025-08-10 08:00:00,异丙苯,延炼12万吨/年乙苯/苯乙烯装置
0.06,ST010127,%(m/m),2025-08-10 08:00:00,正丙苯,延炼12万吨/年乙苯/苯乙烯装置
0.00,ST010127,%(m/m),2025-08-10 08:00:00,甲乙苯,延炼12万吨/年乙苯/苯乙烯装置
0.06,ST010127,%(m/m),2025-08-10 08:00:00,丁苯,延炼12万吨/年乙苯/苯乙烯装置
0.95,ST010127,%(m/m),2025-08-10 08:00:00,二乙苯,延炼12万吨/年乙苯/苯乙烯装置
0.37,ST010127,%(m/m),2025-08-10 08:00:00,重芳,延炼12万吨/年乙苯/苯乙烯装置
0.17,ST010127,%(m/m),2025-08-11 08:00:00,非  芳,延炼12万吨/年乙苯/苯乙烯装置
88.70,ST010127,%(m/m),2025-08-11 08:00:00,苯,延炼12万吨/年乙苯/苯乙烯装置
0.09,ST010127,%(m/m),2025-08-11 08:00:00,甲  苯,延炼12万吨/年乙苯/苯乙烯装置
9.05,ST010127,%(m/m),2025-08-11 08:00:00,乙  苯,延炼12万吨/年乙苯/苯乙烯装置
0.01,ST010127,%(m/m),2025-08-11 08:00:00,二甲苯,延炼12万吨/年乙苯/苯乙烯装置
0.08,ST010127,%(m/m),2025-08-11 08:00:00,异丙苯,延炼12万吨/年乙苯/苯乙烯装置
0.01,ST010127,%(m/m),2025-08-11 08:00:00,正丙苯,延炼12万吨/年乙苯/苯乙烯装置
0.00,ST010127,%(m/m),2025-08-11 08:00:00,甲乙苯,延炼12万吨/年乙苯/苯乙烯装置
0.08,ST010127,%(m/m),2025-08-11 08:00:00,丁苯,延炼12万吨/年乙苯/苯乙烯装置
1.29,ST010127,%(m/m),2025-08-11 08:00:00,二乙苯,延炼12万吨/年乙苯/苯乙烯装置
0.52,ST010127,%(m/m),2025-08-11 08:00:00,重芳,延炼12万吨/年乙苯/苯乙烯装置
0.12,ST010127,%(m/m),2025-08-12 08:00:00,非  芳,延炼12万吨/年乙苯/苯乙烯装置
90.17,ST010127,%(m/m),2025-08-12 08:00:00,苯,延炼12万吨/年乙苯/苯乙烯装置
0.07,ST010127,%(m/m),2025-08-12 08:00:00,甲  苯,延炼12万吨/年乙苯/苯乙烯装置
8.24,ST010127,%(m/m),2025-08-12 08:00:00,乙  苯,延炼12万吨/年乙苯/苯乙烯装置
0.01,ST010127,%(m/m),2025-08-12 08:00:00,二甲苯,延炼12万吨/年乙苯/苯乙烯装置
0.04,ST010127,%(m/m),2025-08-12 08:00:00,异丙苯,延炼12万吨/年乙苯/苯乙烯装置
0.01,ST010127,%(m/m),2025-08-12 08:00:00,正丙苯,延炼12万吨/年乙苯/苯乙烯装置
0.00,ST010127,%(m/m),2025-08-12 08:00:00,甲乙苯,延炼12万吨/年乙苯/苯乙烯装置
0.05,ST010127,%(m/m),2025-08-12 08:00:00,丁苯,延炼12万吨/年乙苯/苯乙烯装置
0.84,ST010127,%(m/m),2025-08-12 08:00:00,二乙苯,延炼12万吨/年乙苯/苯乙烯装置
0.45,ST010127,%(m/m),2025-08-12 08:00:00,重芳,延炼12万吨/年乙苯/苯乙烯装置
0.07,ST010127,%(m/m),2025-08-13 08:00:00,非  芳,延炼12万吨/年乙苯/苯乙烯装置
86.39,ST010127,%(m/m),2025-08-13 08:00:00,苯,延炼12万吨/年乙苯/苯乙烯装置
0.09,ST010127,%(m/m),2025-08-13 08:00:00,甲  苯,延炼12万吨/年乙苯/苯乙烯装置
11.12,ST010127,%(m/m),2025-08-13 08:00:00,乙  苯,延炼12万吨/年乙苯/苯乙烯装置
0.00,ST010127,%(m/m),2025-08-13 08:00:00,二甲苯,延炼12万吨/年乙苯/苯乙烯装置
0.06,ST010127,%(m/m),2025-08-13 08:00:00,异丙苯,延炼12万吨/年乙苯/苯乙烯装置
0.01,ST010127,%(m/m),2025-08-13 08:00:00,正丙苯,延炼12万吨/年乙苯/苯乙烯装置
0.00,ST010127,%(m/m),2025-08-13 08:00:00,甲乙苯,延炼12万吨/年乙苯/苯乙烯装置
0.08,ST010127,%(m/m),2025-08-13 08:00:00,丁苯,延炼12万吨/年乙苯/苯乙烯装置
1.49,ST010127,%(m/m),2025-08-13 08:00:00,二乙苯,延炼12万吨/年乙苯/苯乙烯装置
0.68,ST010127,%(m/m),2025-08-13 08:00:00,重芳,延炼12万吨/年乙苯/苯乙烯装置
0.07,ST010127,%(m/m),2025-08-14 08:00:00,非  芳,延炼12万吨/年乙苯/苯乙烯装置
86.04,ST010127,%(m/m),2025-08-14 08:00:00,苯,延炼12万吨/年乙苯/苯乙烯装置
0.00,ST010127,%(m/m),2025-08-14 08:00:00,甲  苯,延炼12万吨/年乙苯/苯乙烯装置
12.09,ST010127,%(m/m),2025-08-14 08:00:00,乙  苯,延炼12万吨/年乙苯/苯乙烯装置
0.01,ST010127,%(m/m),2025-08-14 08:00:00,二甲苯,延炼12万吨/年乙苯/苯乙烯装置
0.07,ST010127,%(m/m),2025-08-14 08:00:00,异丙苯,延炼12万吨/年乙苯/苯乙烯装置
0.01,ST010127,%(m/m),2025-08-14 08:00:00,正丙苯,延炼12万吨/年乙苯/苯乙烯装置
0.00,ST010127,%(m/m),2025-08-14 08:00:00,甲乙苯,延炼12万吨/年乙苯/苯乙烯装置
0.09,ST010127,%(m/m),2025-08-14 08:00:00,丁苯,延炼12万吨/年乙苯/苯乙烯装置
0.86,ST010127,%(m/m),2025-08-14 08:00:00,二乙苯,延炼12万吨/年乙苯/苯乙烯装置
0.75,ST010127,%(m/m),2025-08-14 08:00:00,重芳,延炼12万吨/年乙苯/苯乙烯装置
0.18,ST010127,%(m/m),2025-08-15 08:00:00,非  芳,延炼12万吨/年乙苯/苯乙烯装置
84.12,ST010127,%(m/m),2025-08-15 08:00:00,苯,延炼12万吨/年乙苯/苯乙烯装置
0.07,ST010127,%(m/m),2025-08-15 08:00:00,甲  苯,延炼12万吨/年乙苯/苯乙烯装置
13.28,ST010127,%(m/m),2025-08-15 08:00:00,乙  苯,延炼12万吨/年乙苯/苯乙烯装置
0.01,ST010127,%(m/m),2025-08-15 08:00:00,二甲苯,延炼12万吨/年乙苯/苯乙烯装置
0.09,ST010127,%(m/m),2025-08-15 08:00:00,异丙苯,延炼12万吨/年乙苯/苯乙烯装置
0.13,ST010127,%(m/m),2025-08-15 08:00:00,正丙苯,延炼12万吨/年乙苯/苯乙烯装置
0.00,ST010127,%(m/m),2025-08-15 08:00:00,甲乙苯,延炼12万吨/年乙苯/苯乙烯装置
0.08,ST010127,%(m/m),2025-08-15 08:00:00,丁苯,延炼12万吨/年乙苯/苯乙烯装置
1.30,ST010127,%(m/m),2025-08-15 08:00:00,二乙苯,延炼12万吨/年乙苯/苯乙烯装置
0.72,ST010127,%(m/m),2025-08-15 08:00:00,重芳,延炼12万吨/年乙苯/苯乙烯装置
0.12,ST010127,%(m/m),2025-08-16 08:00:00,非  芳,延炼12万吨/年乙苯/苯乙烯装置
89.98,ST010127,%(m/m),2025-08-16 08:00:00,苯,延炼12万吨/年乙苯/苯乙烯装置
0.07,ST010127,%(m/m),2025-08-16 08:00:00,甲  苯,延炼12万吨/年乙苯/苯乙烯装置
8.19,ST010127,%(m/m),2025-08-16 08:00:00,乙  苯,延炼12万吨/年乙苯/苯乙烯装置
0.01,ST010127,%(m/m),2025-08-16 08:00:00,二甲苯,延炼12万吨/年乙苯/苯乙烯装置
0.04,ST010127,%(m/m),2025-08-16 08:00:00,异丙苯,延炼12万吨/年乙苯/苯乙烯装置
0.01,ST010127,%(m/m),2025-08-16 08:00:00,正丙苯,延炼12万吨/年乙苯/苯乙烯装置
0.00,ST010127,%(m/m),2025-08-16 08:00:00,甲乙苯,延炼12万吨/年乙苯/苯乙烯装置
0.05,ST010127,%(m/m),2025-08-16 08:00:00,丁苯,延炼12万吨/年乙苯/苯乙烯装置
1.01,ST010127,%(m/m),2025-08-16 08:00:00,二乙苯,延炼12万吨/年乙苯/苯乙烯装置
0.52,ST010127,%(m/m),2025-08-16 08:00:00,重芳,延炼12万吨/年乙苯/苯乙烯装置
0.18,ST010127,%(m/m),2025-08-17 08:00:00,非  芳,延炼12万吨/年乙苯/苯乙烯装置
90.58,ST010127,%(m/m),2025-08-17 08:00:00,苯,延炼12万吨/年乙苯/苯乙烯装置
0.07,ST010127,%(m/m),2025-08-17 08:00:00,甲  苯,延炼12万吨/年乙苯/苯乙烯装置
7.64,ST010127,%(m/m),2025-08-17 08:00:00,乙  苯,延炼12万吨/年乙苯/苯乙烯装置
0.00,ST010127,%(m/m),2025-08-17 08:00:00,二甲苯,延炼12万吨/年乙苯/苯乙烯装置
0.06,ST010127,%(m/m),2025-08-17 08:00:00,异丙苯,延炼12万吨/年乙苯/苯乙烯装置
0.01,ST010127,%(m/m),2025-08-17 08:00:00,正丙苯,延炼12万吨/年乙苯/苯乙烯装置
0.00,ST010127,%(m/m),2025-08-17 08:00:00,甲乙苯,延炼12万吨/年乙苯/苯乙烯装置
0.07,ST010127,%(m/m),2025-08-17 08:00:00,丁苯,延炼12万吨/年乙苯/苯乙烯装置
0.94,ST010127,%(m/m),2025-08-17 08:00:00,二乙苯,延炼12万吨/年乙苯/苯乙烯装置
0.46,ST010127,%(m/m),2025-08-17 08:00:00,重芳,延炼12万吨/年乙苯/苯乙烯装置
0.20,ST010127,%(m/m),2025-08-18 08:00:00,非  芳,延炼12万吨/年乙苯/苯乙烯装置
85.33,ST010127,%(m/m),2025-08-18 08:00:00,苯,延炼12万吨/年乙苯/苯乙烯装置
0.09,ST010127,%(m/m),2025-08-18 08:00:00,甲  苯,延炼12万吨/年乙苯/苯乙烯装置
12.15,ST010127,%(m/m),2025-08-18 08:00:00,乙  苯,延炼12万吨/年乙苯/苯乙烯装置
0.01,ST010127,%(m/m),2025-08-18 08:00:00,二甲苯,延炼12万吨/年乙苯/苯乙烯装置
0.10,ST010127,%(m/m),2025-08-18 08:00:00,异丙苯,延炼12万吨/年乙苯/苯乙烯装置
0.01,ST010127,%(m/m),2025-08-18 08:00:00,正丙苯,延炼12万吨/年乙苯/苯乙烯装置
0.00,ST010127,%(m/m),2025-08-18 08:00:00,甲乙苯,延炼12万吨/年乙苯/苯乙烯装置
0.10,ST010127,%(m/m),2025-08-18 08:00:00,丁苯,延炼12万吨/年乙苯/苯乙烯装置
1.26,ST010127,%(m/m),2025-08-18 08:00:00,二乙苯,延炼12万吨/年乙苯/苯乙烯装置
0.75,ST010127,%(m/m),2025-08-18 08:00:00,重芳,延炼12万吨/年乙苯/苯乙烯装置
0.15,ST010127,%(m/m),2025-08-19 08:00:00,非  芳,延炼12万吨/年乙苯/苯乙烯装置
89.16,ST010127,%(m/m),2025-08-19 08:00:00,苯,延炼12万吨/年乙苯/苯乙烯装置
0.08,ST010127,%(m/m),2025-08-19 08:00:00,甲  苯,延炼12万吨/年乙苯/苯乙烯装置
9.24,ST010127,%(m/m),2025-08-19 08:00:00,乙  苯,延炼12万吨/年乙苯/苯乙烯装置
0.01,ST010127,%(m/m),2025-08-19 08:00:00,二甲苯,延炼12万吨/年乙苯/苯乙烯装置
0.09,ST010127,%(m/m),2025-08-19 08:00:00,异丙苯,延炼12万吨/年乙苯/苯乙烯装置
0.01,ST010127,%(m/m),2025-08-19 08:00:00,正丙苯,延炼12万吨/年乙苯/苯乙烯装置
0.00,ST010127,%(m/m),2025-08-19 08:00:00,甲乙苯,延炼12万吨/年乙苯/苯乙烯装置
0.07,ST010127,%(m/m),2025-08-19 08:00:00,丁苯,延炼12万吨/年乙苯/苯乙烯装置
0.60,ST010127,%(m/m),2025-08-19 08:00:00,二乙苯,延炼12万吨/年乙苯/苯乙烯装置
0.59,ST010127,%(m/m),2025-08-19 08:00:00,重芳,延炼12万吨/年乙苯/苯乙烯装置
0.12,ST010127,%(m/m),2025-08-20 08:00:00,非  芳,延炼12万吨/年乙苯/苯乙烯装置
90.13,ST010127,%(m/m),2025-08-20 08:00:00,苯,延炼12万吨/年乙苯/苯乙烯装置
0.07,ST010127,%(m/m),2025-08-20 08:00:00,甲  苯,延炼12万吨/年乙苯/苯乙烯装置
8.31,ST010127,%(m/m),2025-08-20 08:00:00,乙  苯,延炼12万吨/年乙苯/苯乙烯装置
0.01,ST010127,%(m/m),2025-08-20 08:00:00,二甲苯,延炼12万吨/年乙苯/苯乙烯装置
0.04,ST010127,%(m/m),2025-08-20 08:00:00,异丙苯,延炼12万吨/年乙苯/苯乙烯装置
0.01,ST010127,%(m/m),2025-08-20 08:00:00,正丙苯,延炼12万吨/年乙苯/苯乙烯装置
0.00,ST010127,%(m/m),2025-08-20 08:00:00,甲乙苯,延炼12万吨/年乙苯/苯乙烯装置
0.06,ST010127,%(m/m),2025-08-20 08:00:00,丁苯,延炼12万吨/年乙苯/苯乙烯装置
0.80,ST010127,%(m/m),2025-08-20 08:00:00,二乙苯,延炼12万吨/年乙苯/苯乙烯装置
0.46,ST010127,%(m/m),2025-08-20 08:00:00,重芳,延炼12万吨/年乙苯/苯乙烯装置
0.01,ST010127,%(m/m),2025-08-21 08:00:00,二甲苯,延炼12万吨/年乙苯/苯乙烯装置
0.07,ST010127,%(m/m),2025-08-21 08:00:00,异丙苯,延炼12万吨/年乙苯/苯乙烯装置
0.10,ST010127,%(m/m),2025-08-21 08:00:00,正丙苯,延炼12万吨/年乙苯/苯乙烯装置
0.00,ST010127,%(m/m),2025-08-21 08:00:00,甲乙苯,延炼12万吨/年乙苯/苯乙烯装置
0.09,ST010127,%(m/m),2025-08-21 08:00:00,丁苯,延炼12万吨/年乙苯/苯乙烯装置
1.22,ST010127,%(m/m),2025-08-21 08:00:00,二乙苯,延炼12万吨/年乙苯/苯乙烯装置
0.51,ST010127,%(m/m),2025-08-21 08:00:00,重芳,延炼12万吨/年乙苯/苯乙烯装置
0.18,ST010127,%(m/m),2025-08-21 08:00:00,非  芳,延炼12万吨/年乙苯/苯乙烯装置
89.56,ST010127,%(m/m),2025-08-21 08:00:00,苯,延炼12万吨/年乙苯/苯乙烯装置
0.05,ST010127,%(m/m),2025-08-21 08:00:00,甲  苯,延炼12万吨/年乙苯/苯乙烯装置
8.22,ST010127,%(m/m),2025-08-21 08:00:00,乙  苯,延炼12万吨/年乙苯/苯乙烯装置
0.22,ST010127,%(m/m),2025-08-22 08:00:00,非  芳,延炼12万吨/年乙苯/苯乙烯装置
83.67,ST010127,%(m/m),2025-08-22 08:00:00,苯,延炼12万吨/年乙苯/苯乙烯装置
0.09,ST010127,%(m/m),2025-08-22 08:00:00,甲  苯,延炼12万吨/年乙苯/苯乙烯装置
13.53,ST010127,%(m/m),2025-08-22 08:00:00,乙  苯,延炼12万吨/年乙苯/苯乙烯装置
0.01,ST010127,%(m/m),2025-08-22 08:00:00,二甲苯,延炼12万吨/年乙苯/苯乙烯装置
0.10,ST010127,%(m/m),2025-08-22 08:00:00,异丙苯,延炼12万吨/年乙苯/苯乙烯装置
0.02,ST010127,%(m/m),2025-08-22 08:00:00,正丙苯,延炼12万吨/年乙苯/苯乙烯装置
0.00,ST010127,%(m/m),2025-08-22 08:00:00,甲乙苯,延炼12万吨/年乙苯/苯乙烯装置
0.12,ST010127,%(m/m),2025-08-22 08:00:00,丁苯,延炼12万吨/年乙苯/苯乙烯装置
1.48,ST010127,%(m/m),2025-08-22 08:00:00,二乙苯,延炼12万吨/年乙苯/苯乙烯装置
0.75,ST010127,%(m/m),2025-08-22 08:00:00,重芳,延炼12万吨/年乙苯/苯乙烯装置
0.20,ST010127,%(m/m),2025-08-23 08:00:00,非  芳,延炼12万吨/年乙苯/苯乙烯装置
87.02,ST010127,%(m/m),2025-08-23 08:00:00,苯,延炼12万吨/年乙苯/苯乙烯装置
0.08,ST010127,%(m/m),2025-08-23 08:00:00,甲  苯,延炼12万吨/年乙苯/苯乙烯装置
10.80,ST010127,%(m/m),2025-08-23 08:00:00,乙  苯,延炼12万吨/年乙苯/苯乙烯装置
0.01,ST010127,%(m/m),2025-08-23 08:00:00,二甲苯,延炼12万吨/年乙苯/苯乙烯装置
0.08,ST010127,%(m/m),2025-08-23 08:00:00,异丙苯,延炼12万吨/年乙苯/苯乙烯装置
0.01,ST010127,%(m/m),2025-08-23 08:00:00,正丙苯,延炼12万吨/年乙苯/苯乙烯装置
0.00,ST010127,%(m/m),2025-08-23 08:00:00,甲乙苯,延炼12万吨/年乙苯/苯乙烯装置
0.08,ST010127,%(m/m),2025-08-23 08:00:00,丁苯,延炼12万吨/年乙苯/苯乙烯装置
1.08,ST010127,%(m/m),2025-08-23 08:00:00,二乙苯,延炼12万吨/年乙苯/苯乙烯装置
0.65,ST010127,%(m/m),2025-08-23 08:00:00,重芳,延炼12万吨/年乙苯/苯乙烯装置
0.13,ST010127,%(m/m),2025-08-24 08:00:00,非  芳,延炼12万吨/年乙苯/苯乙烯装置
89.99,ST010127,%(m/m),2025-08-24 08:00:00,苯,延炼12万吨/年乙苯/苯乙烯装置
0.07,ST010127,%(m/m),2025-08-24 08:00:00,甲  苯,延炼12万吨/年乙苯/苯乙烯装置
8.41,ST010127,%(m/m),2025-08-24 08:00:00,乙  苯,延炼12万吨/年乙苯/苯乙烯装置
0.01,ST010127,%(m/m),2025-08-24 08:00:00,二甲苯,延炼12万吨/年乙苯/苯乙烯装置
0.04,ST010127,%(m/m),2025-08-24 08:00:00,异丙苯,延炼12万吨/年乙苯/苯乙烯装置
0.01,ST010127,%(m/m),2025-08-24 08:00:00,正丙苯,延炼12万吨/年乙苯/苯乙烯装置
0.00,ST010127,%(m/m),2025-08-24 08:00:00,甲乙苯,延炼12万吨/年乙苯/苯乙烯装置
0.06,ST010127,%(m/m),2025-08-24 08:00:00,丁苯,延炼12万吨/年乙苯/苯乙烯装置
0.84,ST010127,%(m/m),2025-08-24 08:00:00,二乙苯,延炼12万吨/年乙苯/苯乙烯装置
0.46,ST010127,%(m/m),2025-08-24 08:00:00,重芳,延炼12万吨/年乙苯/苯乙烯装置
0.15,ST010127,%(m/m),2025-08-25 08:00:00,非  芳,延炼12万吨/年乙苯/苯乙烯装置
90.40,ST010127,%(m/m),2025-08-25 08:00:00,苯,延炼12万吨/年乙苯/苯乙烯装置
0.06,ST010127,%(m/m),2025-08-25 08:00:00,甲  苯,延炼12万吨/年乙苯/苯乙烯装置
8.27,ST010127,%(m/m),2025-08-25 08:00:00,乙  苯,延炼12万吨/年乙苯/苯乙烯装置
0.01,ST010127,%(m/m),2025-08-25 08:00:00,二甲苯,延炼12万吨/年乙苯/苯乙烯装置
0.00,ST010127,%(m/m),2025-08-25 08:00:00,异丙苯,延炼12万吨/年乙苯/苯乙烯装置
0.01,ST010127,%(m/m),2025-08-25 08:00:00,正丙苯,延炼12万吨/年乙苯/苯乙烯装置
0.00,ST010127,%(m/m),2025-08-25 08:00:00,甲乙苯,延炼12万吨/年乙苯/苯乙烯装置
0.06,ST010127,%(m/m),2025-08-25 08:00:00,丁苯,延炼12万吨/年乙苯/苯乙烯装置
0.55,ST010127,%(m/m),2025-08-25 08:00:00,二乙苯,延炼12万吨/年乙苯/苯乙烯装置
0.50,ST010127,%(m/m),2025-08-25 08:00:00,重芳,延炼12万吨/年乙苯/苯乙烯装置
0.15,ST010127,%(m/m),2025-08-26 08:00:00,非  芳,延炼12万吨/年乙苯/苯乙烯装置
90.75,ST010127,%(m/m),2025-08-26 08:00:00,苯,延炼12万吨/年乙苯/苯乙烯装置
0.05,ST010127,%(m/m),2025-08-26 08:00:00,甲  苯,延炼12万吨/年乙苯/苯乙烯装置
7.81,ST010127,%(m/m),2025-08-26 08:00:00,乙  苯,延炼12万吨/年乙苯/苯乙烯装置
0.01,ST010127,%(m/m),2025-08-26 08:00:00,二甲苯,延炼12万吨/年乙苯/苯乙烯装置
0.06,ST010127,%(m/m),2025-08-26 08:00:00,异丙苯,延炼12万吨/年乙苯/苯乙烯装置
0.00,ST010127,%(m/m),2025-08-26 08:00:00,正丙苯,延炼12万吨/年乙苯/苯乙烯装置
0.00,ST010127,%(m/m),2025-08-26 08:00:00,甲乙苯,延炼12万吨/年乙苯/苯乙烯装置
0.06,ST010127,%(m/m),2025-08-26 08:00:00,丁苯,延炼12万吨/年乙苯/苯乙烯装置
0.60,ST010127,%(m/m),2025-08-26 08:00:00,二乙苯,延炼12万吨/年乙苯/苯乙烯装置
0.51,ST010127,%(m/m),2025-08-26 08:00:00,重芳,延炼12万吨/年乙苯/苯乙烯装置
0.16,ST010127,%(m/m),2025-08-27 08:00:00,非  芳,延炼12万吨/年乙苯/苯乙烯装置
89.83,ST010127,%(m/m),2025-08-27 08:00:00,苯,延炼12万吨/年乙苯/苯乙烯装置
0.05,ST010127,%(m/m),2025-08-27 08:00:00,甲  苯,延炼12万吨/年乙苯/苯乙烯装置
8.32,ST010127,%(m/m),2025-08-27 08:00:00,乙  苯,延炼12万吨/年乙苯/苯乙烯装置
0.01,ST010127,%(m/m),2025-08-27 08:00:00,二甲苯,延炼12万吨/年乙苯/苯乙烯装置
0.06,ST010127,%(m/m),2025-08-27 08:00:00,异丙苯,延炼12万吨/年乙苯/苯乙烯装置
0.07,ST010127,%(m/m),2025-08-27 08:00:00,正丙苯,延炼12万吨/年乙苯/苯乙烯装置
0.00,ST010127,%(m/m),2025-08-27 08:00:00,甲乙苯,延炼12万吨/年乙苯/苯乙烯装置
0.06,ST010127,%(m/m),2025-08-27 08:00:00,丁苯,延炼12万吨/年乙苯/苯乙烯装置
0.98,ST010127,%(m/m),2025-08-27 08:00:00,二乙苯,延炼12万吨/年乙苯/苯乙烯装置
0.48,ST010127,%(m/m),2025-08-27 08:00:00,重芳,延炼12万吨/年乙苯/苯乙烯装置
0.06,ST010127,%(m/m),2025-08-28 08:00:00,丁苯,延炼12万吨/年乙苯/苯乙烯装置
1.02,ST010127,%(m/m),2025-08-28 08:00:00,二乙苯,延炼12万吨/年乙苯/苯乙烯装置
0.45,ST010127,%(m/m),2025-08-28 08:00:00,重芳,延炼12万吨/年乙苯/苯乙烯装置
0.12,ST010127,%(m/m),2025-08-28 08:00:00,非  芳,延炼12万吨/年乙苯/苯乙烯装置
89.98,ST010127,%(m/m),2025-08-28 08:00:00,苯,延炼12万吨/年乙苯/苯乙烯装置
0.07,ST010127,%(m/m),2025-08-28 08:00:00,甲  苯,延炼12万吨/年乙苯/苯乙烯装置
8.24,ST010127,%(m/m),2025-08-28 08:00:00,乙  苯,延炼12万吨/年乙苯/苯乙烯装置
0.01,ST010127,%(m/m),2025-08-28 08:00:00,二甲苯,延炼12万吨/年乙苯/苯乙烯装置
0.04,ST010127,%(m/m),2025-08-28 08:00:00,异丙苯,延炼12万吨/年乙苯/苯乙烯装置
0.01,ST010127,%(m/m),2025-08-28 08:00:00,正丙苯,延炼12万吨/年乙苯/苯乙烯装置
0.00,ST010127,%(m/m),2025-08-28 08:00:00,甲乙苯,延炼12万吨/年乙苯/苯乙烯装置
7.29,ST010127,%(m/m),2025-08-29 08:00:00,乙  苯,延炼12万吨/年乙苯/苯乙烯装置
0.01,ST010127,%(m/m),2025-08-29 08:00:00,二甲苯,延炼12万吨/年乙苯/苯乙烯装置
0.05,ST010127,%(m/m),2025-08-29 08:00:00,异丙苯,延炼12万吨/年乙苯/苯乙烯装置
0.07,ST010127,%(m/m),2025-08-29 08:00:00,正丙苯,延炼12万吨/年乙苯/苯乙烯装置
0.00,ST010127,%(m/m),2025-08-29 08:00:00,甲乙苯,延炼12万吨/年乙苯/苯乙烯装置
0.06,ST010127,%(m/m),2025-08-29 08:00:00,丁苯,延炼12万吨/年乙苯/苯乙烯装置
0.96,ST010127,%(m/m),2025-08-29 08:00:00,二乙苯,延炼12万吨/年乙苯/苯乙烯装置
0.46,ST010127,%(m/m),2025-08-29 08:00:00,重芳,延炼12万吨/年乙苯/苯乙烯装置
0.16,ST010127,%(m/m),2025-08-29 08:00:00,非  芳,延炼12万吨/年乙苯/苯乙烯装置
90.87,ST010127,%(m/m),2025-08-29 08:00:00,苯,延炼12万吨/年乙苯/苯乙烯装置
0.06,ST010127,%(m/m),2025-08-29 08:00:00,甲  苯,延炼12万吨/年乙苯/苯乙烯装置
0.17,ST010127,%(m/m),2025-08-30 08:00:00,非  芳,延炼12万吨/年乙苯/苯乙烯装置
88.60,ST010127,%(m/m),2025-08-30 08:00:00,苯,延炼12万吨/年乙苯/苯乙烯装置
0.04,ST010127,%(m/m),2025-08-30 08:00:00,甲  苯,延炼12万吨/年乙苯/苯乙烯装置
9.19,ST010127,%(m/m),2025-08-30 08:00:00,乙  苯,延炼12万吨/年乙苯/苯乙烯装置
0.01,ST010127,%(m/m),2025-08-30 08:00:00,二甲苯,延炼12万吨/年乙苯/苯乙烯装置
0.07,ST010127,%(m/m),2025-08-30 08:00:00,异丙苯,延炼12万吨/年乙苯/苯乙烯装置
0.01,ST010127,%(m/m),2025-08-30 08:00:00,正丙苯,延炼12万吨/年乙苯/苯乙烯装置
0.00,ST010127,%(m/m),2025-08-30 08:00:00,甲乙苯,延炼12万吨/年乙苯/苯乙烯装置
0.07,ST010127,%(m/m),2025-08-30 08:00:00,丁苯,延炼12万吨/年乙苯/苯乙烯装置
1.25,ST010127,%(m/m),2025-08-30 08:00:00,二乙苯,延炼12万吨/年乙苯/苯乙烯装置
0.60,ST010127,%(m/m),2025-08-30 08:00:00,重芳,延炼12万吨/年乙苯/苯乙烯装置
0.15,ST010127,%(m/m),2025-08-31 08:00:00,非  芳,延炼12万吨/年乙苯/苯乙烯装置
91.53,ST010127,%(m/m),2025-08-31 08:00:00,苯,延炼12万吨/年乙苯/苯乙烯装置
0.07,ST010127,%(m/m),2025-08-31 08:00:00,甲  苯,延炼12万吨/年乙苯/苯乙烯装置
7.13,ST010127,%(m/m),2025-08-31 08:00:00,乙  苯,延炼12万吨/年乙苯/苯乙烯装置
0.00,ST010127,%(m/m),2025-08-31 08:00:00,二甲苯,延炼12万吨/年乙苯/苯乙烯装置
0.05,ST010127,%(m/m),2025-08-31 08:00:00,异丙苯,延炼12万吨/年乙苯/苯乙烯装置
0.00,ST010127,%(m/m),2025-08-31 08:00:00,正丙苯,延炼12万吨/年乙苯/苯乙烯装置
0.01,ST010127,%(m/m),2025-08-31 08:00:00,甲乙苯,延炼12万吨/年乙苯/苯乙烯装置
0.05,ST010127,%(m/m),2025-08-31 08:00:00,丁苯,延炼12万吨/年乙苯/苯乙烯装置
0.58,ST010127,%(m/m),2025-08-31 08:00:00,二乙苯,延炼12万吨/年乙苯/苯乙烯装置
0.43,ST010127,%(m/m),2025-08-31 08:00:00,重芳,延炼12万吨/年乙苯/苯乙烯装置
0.10,ST010127,%(m/m),2025-09-01 08:00:00,非  芳,延炼12万吨/年乙苯/苯乙烯装置
90.62,ST010127,%(m/m),2025-09-01 08:00:00,苯,延炼12万吨/年乙苯/苯乙烯装置
0.07,ST010127,%(m/m),2025-09-01 08:00:00,甲  苯,延炼12万吨/年乙苯/苯乙烯装置
7.46,ST010127,%(m/m),2025-09-01 08:00:00,乙  苯,延炼12万吨/年乙苯/苯乙烯装置
0.00,ST010127,%(m/m),2025-09-01 08:00:00,二甲苯,延炼12万吨/年乙苯/苯乙烯装置
0.05,ST010127,%(m/m),2025-09-01 08:00:00,异丙苯,延炼12万吨/年乙苯/苯乙烯装置
0.01,ST010127,%(m/m),2025-09-01 08:00:00,正丙苯,延炼12万吨/年乙苯/苯乙烯装置
0.00,ST010127,%(m/m),2025-09-01 08:00:00,甲乙苯,延炼12万吨/年乙苯/苯乙烯装置
0.06,ST010127,%(m/m),2025-09-01 08:00:00,丁苯,延炼12万吨/年乙苯/苯乙烯装置
1.17,ST010127,%(m/m),2025-09-01 08:00:00,二乙苯,延炼12万吨/年乙苯/苯乙烯装置
0.46,ST010127,%(m/m),2025-09-01 08:00:00,重芳,延炼12万吨/年乙苯/苯乙烯装置
0.16,ST010127,%(m/m),2025-09-02 08:00:00,非  芳,延炼12万吨/年乙苯/苯乙烯装置
89.56,ST010127,%(m/m),2025-09-02 08:00:00,苯,延炼12万吨/年乙苯/苯乙烯装置
0.05,ST010127,%(m/m),2025-09-02 08:00:00,甲  苯,延炼12万吨/年乙苯/苯乙烯装置
8.46,ST010127,%(m/m),2025-09-02 08:00:00,乙  苯,延炼12万吨/年乙苯/苯乙烯装置
0.01,ST010127,%(m/m),2025-09-02 08:00:00,二甲苯,延炼12万吨/年乙苯/苯乙烯装置
0.06,ST010127,%(m/m),2025-09-02 08:00:00,异丙苯,延炼12万吨/年乙苯/苯乙烯装置
0.08,ST010127,%(m/m),2025-09-02 08:00:00,正丙苯,延炼12万吨/年乙苯/苯乙烯装置
0.01,ST010127,%(m/m),2025-09-02 08:00:00,甲乙苯,延炼12万吨/年乙苯/苯乙烯装置
0.09,ST010127,%(m/m),2025-09-02 08:00:00,丁苯,延炼12万吨/年乙苯/苯乙烯装置
1.01,ST010127,%(m/m),2025-09-02 08:00:00,二乙苯,延炼12万吨/年乙苯/苯乙烯装置
0.51,ST010127,%(m/m),2025-09-02 08:00:00,重芳,延炼12万吨/年乙苯/苯乙烯装置
0.17,ST010127,%(m/m),2025-09-03 08:00:00,非  芳,延炼12万吨/年乙苯/苯乙烯装置
88.32,ST010127,%(m/m),2025-09-03 08:00:00,苯,延炼12万吨/年乙苯/苯乙烯装置
0.05,ST010127,%(m/m),2025-09-03 08:00:00,甲  苯,延炼12万吨/年乙苯/苯乙烯装置
9.63,ST010127,%(m/m),2025-09-03 08:00:00,乙  苯,延炼12万吨/年乙苯/苯乙烯装置
0.01,ST010127,%(m/m),2025-09-03 08:00:00,二甲苯,延炼12万吨/年乙苯/苯乙烯装置
0.07,ST010127,%(m/m),2025-09-03 08:00:00,异丙苯,延炼12万吨/年乙苯/苯乙烯装置
0.09,ST010127,%(m/m),2025-09-03 08:00:00,正丙苯,延炼12万吨/年乙苯/苯乙烯装置
0.00,ST010127,%(m/m),2025-09-03 08:00:00,甲乙苯,延炼12万吨/年乙苯/苯乙烯装置
0.06,ST010127,%(m/m),2025-09-03 08:00:00,丁苯,延炼12万吨/年乙苯/苯乙烯装置
1.09,ST010127,%(m/m),2025-09-03 08:00:00,二乙苯,延炼12万吨/年乙苯/苯乙烯装置
0.51,ST010127,%(m/m),2025-09-03 08:00:00,重芳,延炼12万吨/年乙苯/苯乙烯装置
0.19,ST010127,%(m/m),2025-09-04 08:00:00,非  芳,延炼12万吨/年乙苯/苯乙烯装置
89.74,ST010127,%(m/m),2025-09-04 08:00:00,苯,延炼12万吨/年乙苯/苯乙烯装置
0.06,ST010127,%(m/m),2025-09-04 08:00:00,甲  苯,延炼12万吨/年乙苯/苯乙烯装置
8.51,ST010127,%(m/m),2025-09-04 08:00:00,乙  苯,延炼12万吨/年乙苯/苯乙烯装置
0.00,ST010127,%(m/m),2025-09-04 08:00:00,二甲苯,延炼12万吨/年乙苯/苯乙烯装置
0.07,ST010127,%(m/m),2025-09-04 08:00:00,异丙苯,延炼12万吨/年乙苯/苯乙烯装置
0.01,ST010127,%(m/m),2025-09-04 08:00:00,正丙苯,延炼12万吨/年乙苯/苯乙烯装置
0.00,ST010127,%(m/m),2025-09-04 08:00:00,甲乙苯,延炼12万吨/年乙苯/苯乙烯装置
0.06,ST010127,%(m/m),2025-09-04 08:00:00,丁苯,延炼12万吨/年乙苯/苯乙烯装置
0.85,ST010127,%(m/m),2025-09-04 08:00:00,二乙苯,延炼12万吨/年乙苯/苯乙烯装置
0.51,ST010127,%(m/m),2025-09-04 08:00:00,重芳,延炼12万吨/年乙苯/苯乙烯装置
0.13,ST010127,%(m/m),2025-09-05 08:00:00,非  芳,延炼12万吨/年乙苯/苯乙烯装置
92.58,ST010127,%(m/m),2025-09-05 08:00:00,苯,延炼12万吨/年乙苯/苯乙烯装置
0.04,ST010127,%(m/m),2025-09-05 08:00:00,甲  苯,延炼12万吨/年乙苯/苯乙烯装置
6.06,ST010127,%(m/m),2025-09-05 08:00:00,乙  苯,延炼12万吨/年乙苯/苯乙烯装置
0.00,ST010127,%(m/m),2025-09-05 08:00:00,二甲苯,延炼12万吨/年乙苯/苯乙烯装置
0.04,ST010127,%(m/m),2025-09-05 08:00:00,异丙苯,延炼12万吨/年乙苯/苯乙烯装置
0.01,ST010127,%(m/m),2025-09-05 08:00:00,正丙苯,延炼12万吨/年乙苯/苯乙烯装置
0.00,ST010127,%(m/m),2025-09-05 08:00:00,甲乙苯,延炼12万吨/年乙苯/苯乙烯装置
0.04,ST010127,%(m/m),2025-09-05 08:00:00,丁苯,延炼12万吨/年乙苯/苯乙烯装置
0.75,ST010127,%(m/m),2025-09-05 08:00:00,二乙苯,延炼12万吨/年乙苯/苯乙烯装置
0.36,ST010127,%(m/m),2025-09-05 08:00:00,重芳,延炼12万吨/年乙苯/苯乙烯装置
0.16,ST010127,%(m/m),2025-09-06 08:00:00,非  芳,延炼12万吨/年乙苯/苯乙烯装置
88.27,ST010127,%(m/m),2025-09-06 08:00:00,苯,延炼12万吨/年乙苯/苯乙烯装置
0.05,ST010127,%(m/m),2025-09-06 08:00:00,甲  苯,延炼12万吨/年乙苯/苯乙烯装置
9.93,ST010127,%(m/m),2025-09-06 08:00:00,乙  苯,延炼12万吨/年乙苯/苯乙烯装置
0.01,ST010127,%(m/m),2025-09-06 08:00:00,二甲苯,延炼12万吨/年乙苯/苯乙烯装置
0.09,ST010127,%(m/m),2025-09-06 08:00:00,异丙苯,延炼12万吨/年乙苯/苯乙烯装置
0.01,ST010127,%(m/m),2025-09-06 08:00:00,正丙苯,延炼12万吨/年乙苯/苯乙烯装置
0.00,ST010127,%(m/m),2025-09-06 08:00:00,甲乙苯,延炼12万吨/年乙苯/苯乙烯装置
0.07,ST010127,%(m/m),2025-09-06 08:00:00,丁苯,延炼12万吨/年乙苯/苯乙烯装置
0.82,ST010127,%(m/m),2025-09-06 08:00:00,二乙苯,延炼12万吨/年乙苯/苯乙烯装置
0.60,ST010127,%(m/m),2025-09-06 08:00:00,重芳,延炼12万吨/年乙苯/苯乙烯装置
0.17,ST010127,%(m/m),2025-09-07 08:00:00,非  芳,延炼12万吨/年乙苯/苯乙烯装置
86.15,ST010127,%(m/m),2025-09-07 08:00:00,苯,延炼12万吨/年乙苯/苯乙烯装置
0.07,ST010127,%(m/m),2025-09-07 08:00:00,甲  苯,延炼12万吨/年乙苯/苯乙烯装置
11.68,ST010127,%(m/m),2025-09-07 08:00:00,乙  苯,延炼12万吨/年乙苯/苯乙烯装置
0.01,ST010127,%(m/m),2025-09-07 08:00:00,二甲苯,延炼12万吨/年乙苯/苯乙烯装置
0.08,ST010127,%(m/m),2025-09-07 08:00:00,异丙苯,延炼12万吨/年乙苯/苯乙烯装置
0.01,ST010127,%(m/m),2025-09-07 08:00:00,正丙苯,延炼12万吨/年乙苯/苯乙烯装置
0.00,ST010127,%(m/m),2025-09-07 08:00:00,甲乙苯,延炼12万吨/年乙苯/苯乙烯装置
0.08,ST010127,%(m/m),2025-09-07 08:00:00,丁苯,延炼12万吨/年乙苯/苯乙烯装置
1.11,ST010127,%(m/m),2025-09-07 08:00:00,二乙苯,延炼12万吨/年乙苯/苯乙烯装置
0.65,ST010127,%(m/m),2025-09-07 08:00:00,重芳,延炼12万吨/年乙苯/苯乙烯装置
0.17,ST010127,%(m/m),2025-09-08 08:00:00,非  芳,延炼12万吨/年乙苯/苯乙烯装置
87.64,ST010127,%(m/m),2025-09-08 08:00:00,苯,延炼12万吨/年乙苯/苯乙烯装置
0.09,ST010127,%(m/m),2025-09-08 08:00:00,甲  苯,延炼12万吨/年乙苯/苯乙烯装置
10.22,ST010127,%(m/m),2025-09-08 08:00:00,乙  苯,延炼12万吨/年乙苯/苯乙烯装置
0.01,ST010127,%(m/m),2025-09-08 08:00:00,二甲苯,延炼12万吨/年乙苯/苯乙烯装置
0.06,ST010127,%(m/m),2025-09-08 08:00:00,异丙苯,延炼12万吨/年乙苯/苯乙烯装置
0.08,ST010127,%(m/m),2025-09-08 08:00:00,正丙苯,延炼12万吨/年乙苯/苯乙烯装置
0.00,ST010127,%(m/m),2025-09-08 08:00:00,甲乙苯,延炼12万吨/年乙苯/苯乙烯装置
0.07,ST010127,%(m/m),2025-09-08 08:00:00,丁苯,延炼12万吨/年乙苯/苯乙烯装置
1.08,ST010127,%(m/m),2025-09-08 08:00:00,二乙苯,延炼12万吨/年乙苯/苯乙烯装置
0.58,ST010127,%(m/m),2025-09-08 08:00:00,重芳,延炼12万吨/年乙苯/苯乙烯装置
0.13,ST010127,%(m/m),2025-09-09 08:00:00,非  芳,延炼12万吨/年乙苯/苯乙烯装置
92.50,ST010127,%(m/m),2025-09-09 08:00:00,苯,延炼12万吨/年乙苯/苯乙烯装置
0.04,ST010127,%(m/m),2025-09-09 08:00:00,甲  苯,延炼12万吨/年乙苯/苯乙烯装置
6.08,ST010127,%(m/m),2025-09-09 08:00:00,乙  苯,延炼12万吨/年乙苯/苯乙烯装置
0.00,ST010127,%(m/m),2025-09-09 08:00:00,二甲苯,延炼12万吨/年乙苯/苯乙烯装置
0.04,ST010127,%(m/m),2025-09-09 08:00:00,异丙苯,延炼12万吨/年乙苯/苯乙烯装置
0.04,ST010127,%(m/m),2025-09-09 08:00:00,正丙苯,延炼12万吨/年乙苯/苯乙烯装置
0.00,ST010127,%(m/m),2025-09-09 08:00:00,甲乙苯,延炼12万吨/年乙苯/苯乙烯装置
0.05,ST010127,%(m/m),2025-09-09 08:00:00,丁苯,延炼12万吨/年乙苯/苯乙烯装置
0.76,ST010127,%(m/m),2025-09-09 08:00:00,二乙苯,延炼12万吨/年乙苯/苯乙烯装置
0.36,ST010127,%(m/m),2025-09-09 08:00:00,重芳,延炼12万吨/年乙苯/苯乙烯装置
88.36,ST010127,%(m/m),2025-09-10 08:00:00,苯,延炼12万吨/年乙苯/苯乙烯装置
0.17,ST010127,%(m/m),2025-09-10 08:00:00,非  芳,延炼12万吨/年乙苯/苯乙烯装置
0.08,ST010127,%(m/m),2025-09-10 08:00:00,甲  苯,延炼12万吨/年乙苯/苯乙烯装置
9.51,ST010127,%(m/m),2025-09-10 08:00:00,乙  苯,延炼12万吨/年乙苯/苯乙烯装置
0.01,ST010127,%(m/m),2025-09-10 08:00:00,二甲苯,延炼12万吨/年乙苯/苯乙烯装置
0.07,ST010127,%(m/m),2025-09-10 08:00:00,异丙苯,延炼12万吨/年乙苯/苯乙烯装置
0.01,ST010127,%(m/m),2025-09-10 08:00:00,正丙苯,延炼12万吨/年乙苯/苯乙烯装置
0.00,ST010127,%(m/m),2025-09-10 08:00:00,甲乙苯,延炼12万吨/年乙苯/苯乙烯装置
0.07,ST010127,%(m/m),2025-09-10 08:00:00,丁苯,延炼12万吨/年乙苯/苯乙烯装置
1.17,ST010127,%(m/m),2025-09-10 08:00:00,二乙苯,延炼12万吨/年乙苯/苯乙烯装置
0.55,ST010127,%(m/m),2025-09-10 08:00:00,重芳,延炼12万吨/年乙苯/苯乙烯装置
0.14,ST010127,%(m/m),2025-09-11 08:00:00,非  芳,延炼12万吨/年乙苯/苯乙烯装置
91.33,ST010127,%(m/m),2025-09-11 08:00:00,苯,延炼12万吨/年乙苯/苯乙烯装置
0.07,ST010127,%(m/m),2025-09-11 08:00:00,甲  苯,延炼12万吨/年乙苯/苯乙烯装置
0.00,ST010127,%(m/m),2025-09-11 08:00:00,乙  苯,延炼12万吨/年乙苯/苯乙烯装置
0.00,ST010127,%(m/m),2025-09-11 08:00:00,二甲苯,延炼12万吨/年乙苯/苯乙烯装置
0.00,ST010127,%(m/m),2025-09-11 08:00:00,异丙苯,延炼12万吨/年乙苯/苯乙烯装置
0.00,ST010127,%(m/m),2025-09-11 08:00:00,正丙苯,延炼12万吨/年乙苯/苯乙烯装置
0.00,ST010127,%(m/m),2025-09-11 08:00:00,甲乙苯,延炼12万吨/年乙苯/苯乙烯装置
0.01,ST010127,%(m/m),2025-09-11 08:00:00,丁苯,延炼12万吨/年乙苯/苯乙烯装置
7.89,ST010127,%(m/m),2025-09-11 08:00:00,二乙苯,延炼12万吨/年乙苯/苯乙烯装置
0.55,ST010127,%(m/m),2025-09-11 08:00:00,重芳,延炼12万吨/年乙苯/苯乙烯装置
0.17,ST010127,%(m/m),2025-09-12 08:00:00,非  芳,延炼12万吨/年乙苯/苯乙烯装置
87.88,ST010127,%(m/m),2025-09-12 08:00:00,苯,延炼12万吨/年乙苯/苯乙烯装置
0.07,ST010127,%(m/m),2025-09-12 08:00:00,甲  苯,延炼12万吨/年乙苯/苯乙烯装置
10.51,ST010127,%(m/m),2025-09-12 08:00:00,乙  苯,延炼12万吨/年乙苯/苯乙烯装置
0.01,ST010127,%(m/m),2025-09-12 08:00:00,二甲苯,延炼12万吨/年乙苯/苯乙烯装置
0.08,ST010127,%(m/m),2025-09-12 08:00:00,异丙苯,延炼12万吨/年乙苯/苯乙烯装置
0.01,ST010127,%(m/m),2025-09-12 08:00:00,正丙苯,延炼12万吨/年乙苯/苯乙烯装置
0.00,ST010127,%(m/m),2025-09-12 08:00:00,甲乙苯,延炼12万吨/年乙苯/苯乙烯装置
0.07,ST010127,%(m/m),2025-09-12 08:00:00,丁苯,延炼12万吨/年乙苯/苯乙烯装置
0.61,ST010127,%(m/m),2025-09-12 08:00:00,二乙苯,延炼12万吨/年乙苯/苯乙烯装置
0.59,ST010127,%(m/m),2025-09-12 08:00:00,重芳,延炼12万吨/年乙苯/苯乙烯装置
0.12,ST010127,%(m/m),2025-09-13 08:00:00,非  芳,延炼12万吨/年乙苯/苯乙烯装置
92.48,ST010127,%(m/m),2025-09-13 08:00:00,苯,延炼12万吨/年乙苯/苯乙烯装置
0.04,ST010127,%(m/m),2025-09-13 08:00:00,甲  苯,延炼12万吨/年乙苯/苯乙烯装置
6.15,ST010127,%(m/m),2025-09-13 08:00:00,乙  苯,延炼12万吨/年乙苯/苯乙烯装置
0.00,ST010127,%(m/m),2025-09-13 08:00:00,二甲苯,延炼12万吨/年乙苯/苯乙烯装置
0.04,ST010127,%(m/m),2025-09-13 08:00:00,异丙苯,延炼12万吨/年乙苯/苯乙烯装置
0.00,ST010127,%(m/m),2025-09-13 08:00:00,正丙苯,延炼12万吨/年乙苯/苯乙烯装置
0.00,ST010127,%(m/m),2025-09-13 08:00:00,甲乙苯,延炼12万吨/年乙苯/苯乙烯装置
0.05,ST010127,%(m/m),2025-09-13 08:00:00,丁苯,延炼12万吨/年乙苯/苯乙烯装置
0.75,ST010127,%(m/m),2025-09-13 08:00:00,二乙苯,延炼12万吨/年乙苯/苯乙烯装置
0.36,ST010127,%(m/m),2025-09-13 08:00:00,重芳,延炼12万吨/年乙苯/苯乙烯装置
0.18,ST010127,%(m/m),2025-09-14 08:00:00,非  芳,延炼12万吨/年乙苯/苯乙烯装置
88.01,ST010127,%(m/m),2025-09-14 08:00:00,苯,延炼12万吨/年乙苯/苯乙烯装置
0.06,ST010127,%(m/m),2025-09-14 08:00:00,甲  苯,延炼12万吨/年乙苯/苯乙烯装置
9.97,ST010127,%(m/m),2025-09-14 08:00:00,乙  苯,延炼12万吨/年乙苯/苯乙烯装置
0.00,ST010127,%(m/m),2025-09-14 08:00:00,二甲苯,延炼12万吨/年乙苯/苯乙烯装置
0.07,ST010127,%(m/m),2025-09-14 08:00:00,异丙苯,延炼12万吨/年乙苯/苯乙烯装置
0.01,ST010127,%(m/m),2025-09-14 08:00:00,正丙苯,延炼12万吨/年乙苯/苯乙烯装置
0.00,ST010127,%(m/m),2025-09-14 08:00:00,甲乙苯,延炼12万吨/年乙苯/苯乙烯装置
0.07,ST010127,%(m/m),2025-09-14 08:00:00,丁苯,延炼12万吨/年乙苯/苯乙烯装置
1.03,ST010127,%(m/m),2025-09-14 08:00:00,二乙苯,延炼12万吨/年乙苯/苯乙烯装置
0.58,ST010127,%(m/m),2025-09-14 08:00:00,重芳,延炼12万吨/年乙苯/苯乙烯装置
0.21,ST010127,%(m/m),2025-09-15 08:00:00,非  芳,延炼12万吨/年乙苯/苯乙烯装置
83.86,ST010127,%(m/m),2025-09-15 08:00:00,苯,延炼12万吨/年乙苯/苯乙烯装置
0.09,ST010127,%(m/m),2025-09-15 08:00:00,甲  苯,延炼12万吨/年乙苯/苯乙烯装置
13.62,ST010127,%(m/m),2025-09-15 08:00:00,乙  苯,延炼12万吨/年乙苯/苯乙烯装置
0.01,ST010127,%(m/m),2025-09-15 08:00:00,二甲苯,延炼12万吨/年乙苯/苯乙烯装置
0.10,ST010127,%(m/m),2025-09-15 08:00:00,异丙苯,延炼12万吨/年乙苯/苯乙烯装置
0.01,ST010127,%(m/m),2025-09-15 08:00:00,正丙苯,延炼12万吨/年乙苯/苯乙烯装置
0.00,ST010127,%(m/m),2025-09-15 08:00:00,甲乙苯,延炼12万吨/年乙苯/苯乙烯装置
0.09,ST010127,%(m/m),2025-09-15 08:00:00,丁苯,延炼12万吨/年乙苯/苯乙烯装置
1.25,ST010127,%(m/m),2025-09-15 08:00:00,二乙苯,延炼12万吨/年乙苯/苯乙烯装置
0.75,ST010127,%(m/m),2025-09-15 08:00:00,重芳,延炼12万吨/年乙苯/苯乙烯装置
0.18,ST010127,%(m/m),2025-09-16 08:00:00,非  芳,延炼12万吨/年乙苯/苯乙烯装置
86.05,ST010127,%(m/m),2025-09-16 08:00:00,苯,延炼12万吨/年乙苯/苯乙烯装置
0.05,ST010127,%(m/m),2025-09-16 08:00:00,甲  苯,延炼12万吨/年乙苯/苯乙烯装置
11.62,ST010127,%(m/m),2025-09-16 08:00:00,乙  苯,延炼12万吨/年乙苯/苯乙烯装置
0.01,ST010127,%(m/m),2025-09-16 08:00:00,二甲苯,延炼12万吨/年乙苯/苯乙烯装置
0.10,ST010127,%(m/m),2025-09-16 08:00:00,异丙苯,延炼12万吨/年乙苯/苯乙烯装置
0.01,ST010127,%(m/m),2025-09-16 08:00:00,正丙苯,延炼12万吨/年乙苯/苯乙烯装置
0.00,ST010127,%(m/m),2025-09-16 08:00:00,甲乙苯,延炼12万吨/年乙苯/苯乙烯装置
0.08,ST010127,%(m/m),2025-09-16 08:00:00,丁苯,延炼12万吨/年乙苯/苯乙烯装置
1.22,ST010127,%(m/m),2025-09-16 08:00:00,二乙苯,延炼12万吨/年乙苯/苯乙烯装置
0.68,ST010127,%(m/m),2025-09-16 08:00:00,重芳,延炼12万吨/年乙苯/苯乙烯装置
0.13,ST010127,%(m/m),2025-09-17 08:00:00,非  芳,延炼12万吨/年乙苯/苯乙烯装置
92.25,ST010127,%(m/m),2025-09-17 08:00:00,苯,延炼12万吨/年乙苯/苯乙烯装置
0.04,ST010127,%(m/m),2025-09-17 08:00:00,甲  苯,延炼12万吨/年乙苯/苯乙烯装置
6.28,ST010127,%(m/m),2025-09-17 08:00:00,乙  苯,延炼12万吨/年乙苯/苯乙烯装置
0.00,ST010127,%(m/m),2025-09-17 08:00:00,二甲苯,延炼12万吨/年乙苯/苯乙烯装置
0.04,ST010127,%(m/m),2025-09-17 08:00:00,异丙苯,延炼12万吨/年乙苯/苯乙烯装置
0.00,ST010127,%(m/m),2025-09-17 08:00:00,正丙苯,延炼12万吨/年乙苯/苯乙烯装置
0.00,ST010127,%(m/m),2025-09-17 08:00:00,甲乙苯,延炼12万吨/年乙苯/苯乙烯装置
0.05,ST010127,%(m/m),2025-09-17 08:00:00,丁苯,延炼12万吨/年乙苯/苯乙烯装置
0.80,ST010127,%(m/m),2025-09-17 08:00:00,二乙苯,延炼12万吨/年乙苯/苯乙烯装置
0.42,ST010127,%(m/m),2025-09-17 08:00:00,重芳,延炼12万吨/年乙苯/苯乙烯装置
0.16,ST010127,%(m/m),2025-09-18 08:00:00,非  芳,延炼12万吨/年乙苯/苯乙烯装置
88.84,ST010127,%(m/m),2025-09-18 08:00:00,苯,延炼12万吨/年乙苯/苯乙烯装置
0.05,ST010127,%(m/m),2025-09-18 08:00:00,甲  苯,延炼12万吨/年乙苯/苯乙烯装置
9.18,ST010127,%(m/m),2025-09-18 08:00:00,乙  苯,延炼12万吨/年乙苯/苯乙烯装置
0.00,ST010127,%(m/m),2025-09-18 08:00:00,二甲苯,延炼12万吨/年乙苯/苯乙烯装置
0.08,ST010127,%(m/m),2025-09-18 08:00:00,异丙苯,延炼12万吨/年乙苯/苯乙烯装置
0.01,ST010127,%(m/m),2025-09-18 08:00:00,正丙苯,延炼12万吨/年乙苯/苯乙烯装置
0.00,ST010127,%(m/m),2025-09-18 08:00:00,甲乙苯,延炼12万吨/年乙苯/苯乙烯装置
0.07,ST010127,%(m/m),2025-09-18 08:00:00,丁苯,延炼12万吨/年乙苯/苯乙烯装置
1.04,ST010127,%(m/m),2025-09-18 08:00:00,二乙苯,延炼12万吨/年乙苯/苯乙烯装置
0.57,ST010127,%(m/m),2025-09-18 08:00:00,重芳,延炼12万吨/年乙苯/苯乙烯装置
0.20,ST010127,%(m/m),2025-09-19 08:00:00,非  芳,延炼12万吨/年乙苯/苯乙烯装置
86.99,ST010127,%(m/m),2025-09-19 08:00:00,苯,延炼12万吨/年乙苯/苯乙烯装置
0.08,ST010127,%(m/m),2025-09-19 08:00:00,甲  苯,延炼12万吨/年乙苯/苯乙烯装置
10.63,ST010127,%(m/m),2025-09-19 08:00:00,乙  苯,延炼12万吨/年乙苯/苯乙烯装置
0.00,ST010127,%(m/m),2025-09-19 08:00:00,二甲苯,延炼12万吨/年乙苯/苯乙烯装置
0.08,ST010127,%(m/m),2025-09-19 08:00:00,异丙苯,延炼12万吨/年乙苯/苯乙烯装置
0.01,ST010127,%(m/m),2025-09-19 08:00:00,正丙苯,延炼12万吨/年乙苯/苯乙烯装置
0.00,ST010127,%(m/m),2025-09-19 08:00:00,甲乙苯,延炼12万吨/年乙苯/苯乙烯装置
0.07,ST010127,%(m/m),2025-09-19 08:00:00,丁苯,延炼12万吨/年乙苯/苯乙烯装置
1.36,ST010127,%(m/m),2025-09-19 08:00:00,二乙苯,延炼12万吨/年乙苯/苯乙烯装置
0.57,ST010127,%(m/m),2025-09-19 08:00:00,重芳,延炼12万吨/年乙苯/苯乙烯装置
0.21,ST010127,%(m/m),2025-09-20 08:00:00,非  芳,延炼12万吨/年乙苯/苯乙烯装置
86.31,ST010127,%(m/m),2025-09-20 08:00:00,苯,延炼12万吨/年乙苯/苯乙烯装置
0.09,ST010127,%(m/m),2025-09-20 08:00:00,甲  苯,延炼12万吨/年乙苯/苯乙烯装置
11.03,ST010127,%(m/m),2025-09-20 08:00:00,乙  苯,延炼12万吨/年乙苯/苯乙烯装置
0.02,ST010127,%(m/m),2025-09-20 08:00:00,二甲苯,延炼12万吨/年乙苯/苯乙烯装置
0.09,ST010127,%(m/m),2025-09-20 08:00:00,异丙苯,延炼12万吨/年乙苯/苯乙烯装置
0.13,ST010127,%(m/m),2025-09-20 08:00:00,正丙苯,延炼12万吨/年乙苯/苯乙烯装置
0.00,ST010127,%(m/m),2025-09-20 08:00:00,甲乙苯,延炼12万吨/年乙苯/苯乙烯装置
0.11,ST010127,%(m/m),2025-09-20 08:00:00,丁苯,延炼12万吨/年乙苯/苯乙烯装置
1.38,ST010127,%(m/m),2025-09-20 08:00:00,二乙苯,延炼12万吨/年乙苯/苯乙烯装置
0.63,ST010127,%(m/m),2025-09-20 08:00:00,重芳,延炼12万吨/年乙苯/苯乙烯装置
0.20,ST010127,%(m/m),2025-09-21 08:00:00,非  芳,延炼12万吨/年乙苯/苯乙烯装置
84.61,ST010127,%(m/m),2025-09-21 08:00:00,苯,延炼12万吨/年乙苯/苯乙烯装置
0.09,ST010127,%(m/m),2025-09-21 08:00:00,甲  苯,延炼12万吨/年乙苯/苯乙烯装置
12.65,ST010127,%(m/m),2025-09-21 08:00:00,乙  苯,延炼12万吨/年乙苯/苯乙烯装置
0.01,ST010127,%(m/m),2025-09-21 08:00:00,二甲苯,延炼12万吨/年乙苯/苯乙烯装置
0.09,ST010127,%(m/m),2025-09-21 08:00:00,异丙苯,延炼12万吨/年乙苯/苯乙烯装置
0.13,ST010127,%(m/m),2025-09-21 08:00:00,正丙苯,延炼12万吨/年乙苯/苯乙烯装置
0.00,ST010127,%(m/m),2025-09-21 08:00:00,甲乙苯,延炼12万吨/年乙苯/苯乙烯装置
0.12,ST010127,%(m/m),2025-09-21 08:00:00,丁苯,延炼12万吨/年乙苯/苯乙烯装置
1.38,ST010127,%(m/m),2025-09-21 08:00:00,二乙苯,延炼12万吨/年乙苯/苯乙烯装置
0.71,ST010127,%(m/m),2025-09-21 08:00:00,重芳,延炼12万吨/年乙苯/苯乙烯装置
0.15,ST010127,%(m/m),2025-09-22 08:00:00,非  芳,延炼12万吨/年乙苯/苯乙烯装置
89.99,ST010127,%(m/m),2025-09-22 08:00:00,苯,延炼12万吨/年乙苯/苯乙烯装置
0.06,ST010127,%(m/m),2025-09-22 08:00:00,甲  苯,延炼12万吨/年乙苯/苯乙烯装置
8.15,ST010127,%(m/m),2025-09-22 08:00:00,乙  苯,延炼12万吨/年乙苯/苯乙烯装置
0.01,ST010127,%(m/m),2025-09-22 08:00:00,二甲苯,延炼12万吨/年乙苯/苯乙烯装置
0.06,ST010127,%(m/m),2025-09-22 08:00:00,异丙苯,延炼12万吨/年乙苯/苯乙烯装置
0.01,ST010127,%(m/m),2025-09-22 08:00:00,正丙苯,延炼12万吨/年乙苯/苯乙烯装置
0.00,ST010127,%(m/m),2025-09-22 08:00:00,甲乙苯,延炼12万吨/年乙苯/苯乙烯装置
0.06,ST010127,%(m/m),2025-09-22 08:00:00,丁苯,延炼12万吨/年乙苯/苯乙烯装置
1.00,ST010127,%(m/m),2025-09-22 08:00:00,二乙苯,延炼12万吨/年乙苯/苯乙烯装置
0.52,ST010127,%(m/m),2025-09-22 08:00:00,重芳,延炼12万吨/年乙苯/苯乙烯装置
0.19,ST010127,%(m/m),2025-09-23 08:00:00,非  芳,延炼12万吨/年乙苯/苯乙烯装置
83.37,ST010127,%(m/m),2025-09-23 08:00:00,苯,延炼12万吨/年乙苯/苯乙烯装置
0.07,ST010127,%(m/m),2025-09-23 08:00:00,甲  苯,延炼12万吨/年乙苯/苯乙烯装置
13.83,ST010127,%(m/m),2025-09-23 08:00:00,乙  苯,延炼12万吨/年乙苯/苯乙烯装置
0.01,ST010127,%(m/m),2025-09-23 08:00:00,二甲苯,延炼12万吨/年乙苯/苯乙烯装置
0.10,ST010127,%(m/m),2025-09-23 08:00:00,异丙苯,延炼12万吨/年乙苯/苯乙烯装置
0.15,ST010127,%(m/m),2025-09-23 08:00:00,正丙苯,延炼12万吨/年乙苯/苯乙烯装置
0.00,ST010127,%(m/m),2025-09-23 08:00:00,甲乙苯,延炼12万吨/年乙苯/苯乙烯装置
0.09,ST010127,%(m/m),2025-09-23 08:00:00,丁苯,延炼12万吨/年乙苯/苯乙烯装置
1.40,ST010127,%(m/m),2025-09-23 08:00:00,二乙苯,延炼12万吨/年乙苯/苯乙烯装置
0.78,ST010127,%(m/m),2025-09-23 08:00:00,重芳,延炼12万吨/年乙苯/苯乙烯装置
0.16,ST010127,%(m/m),2025-09-24 08:00:00,非  芳,延炼12万吨/年乙苯/苯乙烯装置
89.51,ST010127,%(m/m),2025-09-24 08:00:00,苯,延炼12万吨/年乙苯/苯乙烯装置
0.09,ST010127,%(m/m),2025-09-24 08:00:00,甲  苯,延炼12万吨/年乙苯/苯乙烯装置
8.88,ST010127,%(m/m),2025-09-24 08:00:00,乙  苯,延炼12万吨/年乙苯/苯乙烯装置
0.00,ST010127,%(m/m),2025-09-24 08:00:00,二甲苯,延炼12万吨/年乙苯/苯乙烯装置
0.08,ST010127,%(m/m),2025-09-24 08:00:00,异丙苯,延炼12万吨/年乙苯/苯乙烯装置
0.01,ST010127,%(m/m),2025-09-24 08:00:00,正丙苯,延炼12万吨/年乙苯/苯乙烯装置
0.00,ST010127,%(m/m),2025-09-24 08:00:00,甲乙苯,延炼12万吨/年乙苯/苯乙烯装置
0.07,ST010127,%(m/m),2025-09-24 08:00:00,丁苯,延炼12万吨/年乙苯/苯乙烯装置
0.62,ST010127,%(m/m),2025-09-24 08:00:00,二乙苯,延炼12万吨/年乙苯/苯乙烯装置
0.59,ST010127,%(m/m),2025-09-24 08:00:00,重芳,延炼12万吨/年乙苯/苯乙烯装置
0.12,ST010127,%(m/m),2025-09-25 08:00:00,非  芳,延炼12万吨/年乙苯/苯乙烯装置
92.30,ST010127,%(m/m),2025-09-25 08:00:00,苯,延炼12万吨/年乙苯/苯乙烯装置
0.04,ST010127,%(m/m),2025-09-25 08:00:00,甲  苯,延炼12万吨/年乙苯/苯乙烯装置
6.05,ST010127,%(m/m),2025-09-25 08:00:00,乙  苯,延炼12万吨/年乙苯/苯乙烯装置
0.01,ST010127,%(m/m),2025-09-25 08:00:00,二甲苯,延炼12万吨/年乙苯/苯乙烯装置
0.04,ST010127,%(m/m),2025-09-25 08:00:00,异丙苯,延炼12万吨/年乙苯/苯乙烯装置
0.05,ST010127,%(m/m),2025-09-25 08:00:00,正丙苯,延炼12万吨/年乙苯/苯乙烯装置
0.02,ST010127,%(m/m),2025-09-25 08:00:00,甲乙苯,延炼12万吨/年乙苯/苯乙烯装置
0.05,ST010127,%(m/m),2025-09-25 08:00:00,丁苯,延炼12万吨/年乙苯/苯乙烯装置
0.97,ST010127,%(m/m),2025-09-25 08:00:00,二乙苯,延炼12万吨/年乙苯/苯乙烯装置
0.36,ST010127,%(m/m),2025-09-25 08:00:00,重芳,延炼12万吨/年乙苯/苯乙烯装置
0.15,ST010127,%(m/m),2025-09-26 08:00:00,非  芳,延炼12万吨/年乙苯/苯乙烯装置
89.59,ST010127,%(m/m),2025-09-26 08:00:00,苯,延炼12万吨/年乙苯/苯乙烯装置
0.05,ST010127,%(m/m),2025-09-26 08:00:00,甲  苯,延炼12万吨/年乙苯/苯乙烯装置
8.45,ST010127,%(m/m),2025-09-26 08:00:00,乙  苯,延炼12万吨/年乙苯/苯乙烯装置
0.01,ST010127,%(m/m),2025-09-26 08:00:00,二甲苯,延炼12万吨/年乙苯/苯乙烯装置
0.07,ST010127,%(m/m),2025-09-26 08:00:00,异丙苯,延炼12万吨/年乙苯/苯乙烯装置
0.01,ST010127,%(m/m),2025-09-26 08:00:00,正丙苯,延炼12万吨/年乙苯/苯乙烯装置
0.00,ST010127,%(m/m),2025-09-26 08:00:00,甲乙苯,延炼12万吨/年乙苯/苯乙烯装置
0.07,ST010127,%(m/m),2025-09-26 08:00:00,丁苯,延炼12万吨/年乙苯/苯乙烯装置
1.07,ST010127,%(m/m),2025-09-26 08:00:00,二乙苯,延炼12万吨/年乙苯/苯乙烯装置
0.54,ST010127,%(m/m),2025-09-26 08:00:00,重芳,延炼12万吨/年乙苯/苯乙烯装置
0.18,ST010127,%(m/m),2025-09-27 08:00:00,非  芳,延炼12万吨/年乙苯/苯乙烯装置
87.52,ST010127,%(m/m),2025-09-27 08:00:00,苯,延炼12万吨/年乙苯/苯乙烯装置
0.09,ST010127,%(m/m),2025-09-27 08:00:00,甲  苯,延炼12万吨/年乙苯/苯乙烯装置
10.15,ST010127,%(m/m),2025-09-27 08:00:00,乙  苯,延炼12万吨/年乙苯/苯乙烯装置
0.01,ST010127,%(m/m),2025-09-27 08:00:00,二甲苯,延炼12万吨/年乙苯/苯乙烯装置
0.08,ST010127,%(m/m),2025-09-27 08:00:00,异丙苯,延炼12万吨/年乙苯/苯乙烯装置
0.01,ST010127,%(m/m),2025-09-27 08:00:00,正丙苯,延炼12万吨/年乙苯/苯乙烯装置
0.00,ST010127,%(m/m),2025-09-27 08:00:00,甲乙苯,延炼12万吨/年乙苯/苯乙烯装置
0.08,ST010127,%(m/m),2025-09-27 08:00:00,丁苯,延炼12万吨/年乙苯/苯乙烯装置
1.20,ST010127,%(m/m),2025-09-27 08:00:00,二乙苯,延炼12万吨/年乙苯/苯乙烯装置
0.68,ST010127,%(m/m),2025-09-27 08:00:00,重芳,延炼12万吨/年乙苯/苯乙烯装置
0.14,ST010127,%(m/m),2025-09-28 08:00:00,非  芳,延炼12万吨/年乙苯/苯乙烯装置
91.80,ST010127,%(m/m),2025-09-28 08:00:00,苯,延炼12万吨/年乙苯/苯乙烯装置
0.07,ST010127,%(m/m),2025-09-28 08:00:00,甲  苯,延炼12万吨/年乙苯/苯乙烯装置
6.34,ST010127,%(m/m),2025-09-28 08:00:00,乙  苯,延炼12万吨/年乙苯/苯乙烯装置
0.00,ST010127,%(m/m),2025-09-28 08:00:00,二甲苯,延炼12万吨/年乙苯/苯乙烯装置
0.05,ST010127,%(m/m),2025-09-28 08:00:00,异丙苯,延炼12万吨/年乙苯/苯乙烯装置
0.01,ST010127,%(m/m),2025-09-28 08:00:00,正丙苯,延炼12万吨/年乙苯/苯乙烯装置
0.00,ST010127,%(m/m),2025-09-28 08:00:00,甲乙苯,延炼12万吨/年乙苯/苯乙烯装置
0.05,ST010127,%(m/m),2025-09-28 08:00:00,丁苯,延炼12万吨/年乙苯/苯乙烯装置
1.09,ST010127,%(m/m),2025-09-28 08:00:00,二乙苯,延炼12万吨/年乙苯/苯乙烯装置
0.45,ST010127,%(m/m),2025-09-28 08:00:00,重芳,延炼12万吨/年乙苯/苯乙烯装置
0.12,ST010127,%(m/m),2025-09-29 08:00:00,非  芳,延炼12万吨/年乙苯/苯乙烯装置
92.66,ST010127,%(m/m),2025-09-29 08:00:00,苯,延炼12万吨/年乙苯/苯乙烯装置
0.04,ST010127,%(m/m),2025-09-29 08:00:00,甲  苯,延炼12万吨/年乙苯/苯乙烯装置
5.97,ST010127,%(m/m),2025-09-29 08:00:00,乙  苯,延炼12万吨/年乙苯/苯乙烯装置
0.00,ST010127,%(m/m),2025-09-29 08:00:00,二甲苯,延炼12万吨/年乙苯/苯乙烯装置
0.04,ST010127,%(m/m),2025-09-29 08:00:00,异丙苯,延炼12万吨/年乙苯/苯乙烯装置
0.00,ST010127,%(m/m),2025-09-29 08:00:00,正丙苯,延炼12万吨/年乙苯/苯乙烯装置
0.00,ST010127,%(m/m),2025-09-29 08:00:00,甲乙苯,延炼12万吨/年乙苯/苯乙烯装置
0.04,ST010127,%(m/m),2025-09-29 08:00:00,丁苯,延炼12万吨/年乙苯/苯乙烯装置
0.76,ST010127,%(m/m),2025-09-29 08:00:00,二乙苯,延炼12万吨/年乙苯/苯乙烯装置
0.36,ST010127,%(m/m),2025-09-29 08:00:00,重芳,延炼12万吨/年乙苯/苯乙烯装置
0.18,ST010127,%(m/m),2025-09-30 08:00:00,非  芳,延炼12万吨/年乙苯/苯乙烯装置
85.17,ST010127,%(m/m),2025-09-30 08:00:00,苯,延炼12万吨/年乙苯/苯乙烯装置
0.07,ST010127,%(m/m),2025-09-30 08:00:00,甲  苯,延炼12万吨/年乙苯/苯乙烯装置
12.14,ST010127,%(m/m),2025-09-30 08:00:00,乙  苯,延炼12万吨/年乙苯/苯乙烯装置
0.01,ST010127,%(m/m),2025-09-30 08:00:00,二甲苯,延炼12万吨/年乙苯/苯乙烯装置
0.07,ST010127,%(m/m),2025-09-30 08:00:00,异丙苯,延炼12万吨/年乙苯/苯乙烯装置
0.01,ST010127,%(m/m),2025-09-30 08:00:00,正丙苯,延炼12万吨/年乙苯/苯乙烯装置
0.00,ST010127,%(m/m),2025-09-30 08:00:00,甲乙苯,延炼12万吨/年乙苯/苯乙烯装置
0.08,ST010127,%(m/m),2025-09-30 08:00:00,丁苯,延炼12万吨/年乙苯/苯乙烯装置
1.55,ST010127,%(m/m),2025-09-30 08:00:00,二乙苯,延炼12万吨/年乙苯/苯乙烯装置
0.72,ST010127,%(m/m),2025-09-30 08:00:00,重芳,延炼12万吨/年乙苯/苯乙烯装置
0.16,ST010127,%(m/m),2025-10-01 08:00:00,非  芳,延炼12万吨/年乙苯/苯乙烯装置
89.27,ST010127,%(m/m),2025-10-01 08:00:00,苯,延炼12万吨/年乙苯/苯乙烯装置
0.06,ST010127,%(m/m),2025-10-01 08:00:00,甲  苯,延炼12万吨/年乙苯/苯乙烯装置
8.74,ST010127,%(m/m),2025-10-01 08:00:00,乙  苯,延炼12万吨/年乙苯/苯乙烯装置
0.01,ST010127,%(m/m),2025-10-01 08:00:00,二甲苯,延炼12万吨/年乙苯/苯乙烯装置
0.06,ST010127,%(m/m),2025-10-01 08:00:00,异丙苯,延炼12万吨/年乙苯/苯乙烯装置
0.08,ST010127,%(m/m),2025-10-01 08:00:00,正丙苯,延炼12万吨/年乙苯/苯乙烯装置
0.00,ST010127,%(m/m),2025-10-01 08:00:00,甲乙苯,延炼12万吨/年乙苯/苯乙烯装置
0.06,ST010127,%(m/m),2025-10-01 08:00:00,丁苯,延炼12万吨/年乙苯/苯乙烯装置
1.07,ST010127,%(m/m),2025-10-01 08:00:00,二乙苯,延炼12万吨/年乙苯/苯乙烯装置
0.51,ST010127,%(m/m),2025-10-01 08:00:00,重芳,延炼12万吨/年乙苯/苯乙烯装置
0.16,ST010127,%(m/m),2025-10-02 08:00:00,非  芳,延炼12万吨/年乙苯/苯乙烯装置
90.15,ST010127,%(m/m),2025-10-02 08:00:00,苯,延炼12万吨/年乙苯/苯乙烯装置
0.06,ST010127,%(m/m),2025-10-02 08:00:00,甲  苯,延炼12万吨/年乙苯/苯乙烯装置
7.92,ST010127,%(m/m),2025-10-02 08:00:00,乙  苯,延炼12万吨/年乙苯/苯乙烯装置
0.01,ST010127,%(m/m),2025-10-02 08:00:00,二甲苯,延炼12万吨/年乙苯/苯乙烯装置
0.05,ST010127,%(m/m),2025-10-02 08:00:00,异丙苯,延炼12万吨/年乙苯/苯乙烯装置
0.00,ST010127,%(m/m),2025-10-02 08:00:00,正丙苯,延炼12万吨/年乙苯/苯乙烯装置
0.00,ST010127,%(m/m),2025-10-02 08:00:00,甲乙苯,延炼12万吨/年乙苯/苯乙烯装置
0.06,ST010127,%(m/m),2025-10-02 08:00:00,丁苯,延炼12万吨/年乙苯/苯乙烯装置
1.07,ST010127,%(m/m),2025-10-02 08:00:00,二乙苯,延炼12万吨/年乙苯/苯乙烯装置
0.52,ST010127,%(m/m),2025-10-02 08:00:00,重芳,延炼12万吨/年乙苯/苯乙烯装置
0.11,ST010127,%(m/m),2025-10-03 08:00:00,非  芳,延炼12万吨/年乙苯/苯乙烯装置
89.46,ST010127,%(m/m),2025-10-03 08:00:00,苯,延炼12万吨/年乙苯/苯乙烯装置
0.07,ST010127,%(m/m),2025-10-03 08:00:00,甲  苯,延炼12万吨/年乙苯/苯乙烯装置
8.15,ST010127,%(m/m),2025-10-03 08:00:00,乙  苯,延炼12万吨/年乙苯/苯乙烯装置
0.01,ST010127,%(m/m),2025-10-03 08:00:00,二甲苯,延炼12万吨/年乙苯/苯乙烯装置
0.06,ST010127,%(m/m),2025-10-03 08:00:00,异丙苯,延炼12万吨/年乙苯/苯乙烯装置
0.08,ST010127,%(m/m),2025-10-03 08:00:00,正丙苯,延炼12万吨/年乙苯/苯乙烯装置
0.00,ST010127,%(m/m),2025-10-03 08:00:00,甲乙苯,延炼12万吨/年乙苯/苯乙烯装置
0.15,ST010127,%(m/m),2025-10-03 08:00:00,丁苯,延炼12万吨/年乙苯/苯乙烯装置
1.38,ST010127,%(m/m),2025-10-03 08:00:00,二乙苯,延炼12万吨/年乙苯/苯乙烯装置
0.54,ST010127,%(m/m),2025-10-03 08:00:00,重芳,延炼12万吨/年乙苯/苯乙烯装置
0.18,ST010127,%(m/m),2025-10-04 08:00:00,非  芳,延炼12万吨/年乙苯/苯乙烯装置
89.30,ST010127,%(m/m),2025-10-04 08:00:00,苯,延炼12万吨/年乙苯/苯乙烯装置
0.08,ST010127,%(m/m),2025-10-04 08:00:00,甲  苯,延炼12万吨/年乙苯/苯乙烯装置
8.62,ST010127,%(m/m),2025-10-04 08:00:00,乙  苯,延炼12万吨/年乙苯/苯乙烯装置
0.00,ST010127,%(m/m),2025-10-04 08:00:00,二甲苯,延炼12万吨/年乙苯/苯乙烯装置
0.06,ST010127,%(m/m),2025-10-04 08:00:00,异丙苯,延炼12万吨/年乙苯/苯乙烯装置
0.01,ST010127,%(m/m),2025-10-04 08:00:00,正丙苯,延炼12万吨/年乙苯/苯乙烯装置
0.00,ST010127,%(m/m),2025-10-04 08:00:00,甲乙苯,延炼12万吨/年乙苯/苯乙烯装置
0.07,ST010127,%(m/m),2025-10-04 08:00:00,丁苯,延炼12万吨/年乙苯/苯乙烯装置
1.14,ST010127,%(m/m),2025-10-04 08:00:00,二乙苯,延炼12万吨/年乙苯/苯乙烯装置
0.55,ST010127,%(m/m),2025-10-04 08:00:00,重芳,延炼12万吨/年乙苯/苯乙烯装置
0.14,ST010127,%(m/m),2025-10-05 08:00:00,非  芳,延炼12万吨/年乙苯/苯乙烯装置
89.21,ST010127,%(m/m),2025-10-05 08:00:00,苯,延炼12万吨/年乙苯/苯乙烯装置
0.05,ST010127,%(m/m),2025-10-05 08:00:00,甲  苯,延炼12万吨/年乙苯/苯乙烯装置
9.28,ST010127,%(m/m),2025-10-05 08:00:00,乙  苯,延炼12万吨/年乙苯/苯乙烯装置
0.01,ST010127,%(m/m),2025-10-05 08:00:00,二甲苯,延炼12万吨/年乙苯/苯乙烯装置
0.06,ST010127,%(m/m),2025-10-05 08:00:00,异丙苯,延炼12万吨/年乙苯/苯乙烯装置
0.01,ST010127,%(m/m),2025-10-05 08:00:00,正丙苯,延炼12万吨/年乙苯/苯乙烯装置
0.00,ST010127,%(m/m),2025-10-05 08:00:00,甲乙苯,延炼12万吨/年乙苯/苯乙烯装置
0.07,ST010127,%(m/m),2025-10-05 08:00:00,丁苯,延炼12万吨/年乙苯/苯乙烯装置
0.62,ST010127,%(m/m),2025-10-05 08:00:00,二乙苯,延炼12万吨/年乙苯/苯乙烯装置
0.56,ST010127,%(m/m),2025-10-05 08:00:00,重芳,延炼12万吨/年乙苯/苯乙烯装置
0.18,ST010127,%(m/m),2025-10-06 08:00:00,非  芳,延炼12万吨/年乙苯/苯乙烯装置
88.55,ST010127,%(m/m),2025-10-06 08:00:00,苯,延炼12万吨/年乙苯/苯乙烯装置
0.11,ST010127,%(m/m),2025-10-06 08:00:00,甲  苯,延炼12万吨/年乙苯/苯乙烯装置
9.37,ST010127,%(m/m),2025-10-06 08:00:00,乙  苯,延炼12万吨/年乙苯/苯乙烯装置
0.00,ST010127,%(m/m),2025-10-06 08:00:00,二甲苯,延炼12万吨/年乙苯/苯乙烯装置
0.05,ST010127,%(m/m),2025-10-06 08:00:00,异丙苯,延炼12万吨/年乙苯/苯乙烯装置
0.00,ST010127,%(m/m),2025-10-06 08:00:00,正丙苯,延炼12万吨/年乙苯/苯乙烯装置
0.00,ST010127,%(m/m),2025-10-06 08:00:00,甲乙苯,延炼12万吨/年乙苯/苯乙烯装置
0.07,ST010127,%(m/m),2025-10-06 08:00:00,丁苯,延炼12万吨/年乙苯/苯乙烯装置
1.15,ST010127,%(m/m),2025-10-06 08:00:00,二乙苯,延炼12万吨/年乙苯/苯乙烯装置
0.52,ST010127,%(m/m),2025-10-06 08:00:00,重芳,延炼12万吨/年乙苯/苯乙烯装置
0.18,ST010127,%(m/m),2025-10-07 08:00:00,非  芳,延炼12万吨/年乙苯/苯乙烯装置
88.49,ST010127,%(m/m),2025-10-07 08:00:00,苯,延炼12万吨/年乙苯/苯乙烯装置
0.07,ST010127,%(m/m),2025-10-07 08:00:00,甲  苯,延炼12万吨/年乙苯/苯乙烯装置
9.67,ST010127,%(m/m),2025-10-07 08:00:00,乙  苯,延炼12万吨/年乙苯/苯乙烯装置
0.01,ST010127,%(m/m),2025-10-07 08:00:00,二甲苯,延炼12万吨/年乙苯/苯乙烯装置
0.06,ST010127,%(m/m),2025-10-07 08:00:00,异丙苯,延炼12万吨/年乙苯/苯乙烯装置
0.01,ST010127,%(m/m),2025-10-07 08:00:00,正丙苯,延炼12万吨/年乙苯/苯乙烯装置
0.00,ST010127,%(m/m),2025-10-07 08:00:00,甲乙苯,延炼12万吨/年乙苯/苯乙烯装置
0.07,ST010127,%(m/m),2025-10-07 08:00:00,丁苯,延炼12万吨/年乙苯/苯乙烯装置
0.86,ST010127,%(m/m),2025-10-07 08:00:00,二乙苯,延炼12万吨/年乙苯/苯乙烯装置
0.60,ST010127,%(m/m),2025-10-07 08:00:00,重芳,延炼12万吨/年乙苯/苯乙烯装置
0.18,ST010127,%(m/m),2025-10-08 08:00:00,非  芳,延炼12万吨/年乙苯/苯乙烯装置
87.52,ST010127,%(m/m),2025-10-08 08:00:00,苯,延炼12万吨/年乙苯/苯乙烯装置
0.08,ST010127,%(m/m),2025-10-08 08:00:00,甲  苯,延炼12万吨/年乙苯/苯乙烯装置
10.26,ST010127,%(m/m),2025-10-08 08:00:00,乙  苯,延炼12万吨/年乙苯/苯乙烯装置
0.01,ST010127,%(m/m),2025-10-08 08:00:00,二甲苯,延炼12万吨/年乙苯/苯乙烯装置
0.06,ST010127,%(m/m),2025-10-08 08:00:00,异丙苯,延炼12万吨/年乙苯/苯乙烯装置
0.08,ST010127,%(m/m),2025-10-08 08:00:00,正丙苯,延炼12万吨/年乙苯/苯乙烯装置
0.01,ST010127,%(m/m),2025-10-08 08:00:00,甲乙苯,延炼12万吨/年乙苯/苯乙烯装置
0.10,ST010127,%(m/m),2025-10-08 08:00:00,丁苯,延炼12万吨/年乙苯/苯乙烯装置
1.05,ST010127,%(m/m),2025-10-08 08:00:00,二乙苯,延炼12万吨/年乙苯/苯乙烯装置
0.64,ST010127,%(m/m),2025-10-08 08:00:00,重芳,延炼12万吨/年乙苯/苯乙烯装置
0.18,ST010127,%(m/m),2025-10-09 08:00:00,非  芳,延炼12万吨/年乙苯/苯乙烯装置
85.38,ST010127,%(m/m),2025-10-09 08:00:00,苯,延炼12万吨/年乙苯/苯乙烯装置
0.08,ST010127,%(m/m),2025-10-09 08:00:00,甲  苯,延炼12万吨/年乙苯/苯乙烯装置
12.09,ST010127,%(m/m),2025-10-09 08:00:00,乙  苯,延炼12万吨/年乙苯/苯乙烯装置
0.01,ST010127,%(m/m),2025-10-09 08:00:00,二甲苯,延炼12万吨/年乙苯/苯乙烯装置
0.06,ST010127,%(m/m),2025-10-09 08:00:00,异丙苯,延炼12万吨/年乙苯/苯乙烯装置
0.09,ST010127,%(m/m),2025-10-09 08:00:00,正丙苯,延炼12万吨/年乙苯/苯乙烯装置
0.01,ST010127,%(m/m),2025-10-09 08:00:00,甲乙苯,延炼12万吨/年乙苯/苯乙烯装置
0.11,ST010127,%(m/m),2025-10-09 08:00:00,丁苯,延炼12万吨/年乙苯/苯乙烯装置
1.32,ST010127,%(m/m),2025-10-09 08:00:00,二乙苯,延炼12万吨/年乙苯/苯乙烯装置
0.67,ST010127,%(m/m),2025-10-09 08:00:00,重芳,延炼12万吨/年乙苯/苯乙烯装置
0.20,ST010127,%(m/m),2025-10-10 08:00:00,非  芳,延炼12万吨/年乙苯/苯乙烯装置
86.48,ST010127,%(m/m),2025-10-10 08:00:00,苯,延炼12万吨/年乙苯/苯乙烯装置
0.10,ST010127,%(m/m),2025-10-10 08:00:00,甲  苯,延炼12万吨/年乙苯/苯乙烯装置
11.26,ST010127,%(m/m),2025-10-10 08:00:00,乙  苯,延炼12万吨/年乙苯/苯乙烯装置
0.01,ST010127,%(m/m),2025-10-10 08:00:00,二甲苯,延炼12万吨/年乙苯/苯乙烯装置
0.06,ST010127,%(m/m),2025-10-10 08:00:00,异丙苯,延炼12万吨/年乙苯/苯乙烯装置
0.01,ST010127,%(m/m),2025-10-10 08:00:00,正丙苯,延炼12万吨/年乙苯/苯乙烯装置
0.00,ST010127,%(m/m),2025-10-10 08:00:00,甲乙苯,延炼12万吨/年乙苯/苯乙烯装置
0.08,ST010127,%(m/m),2025-10-10 08:00:00,丁苯,延炼12万吨/年乙苯/苯乙烯装置
1.16,ST010127,%(m/m),2025-10-10 08:00:00,二乙苯,延炼12万吨/年乙苯/苯乙烯装置
0.64,ST010127,%(m/m),2025-10-10 08:00:00,重芳,延炼12万吨/年乙苯/苯乙烯装置
0.14,ST010127,%(m/m),2025-10-11 08:00:00,非  芳,延炼12万吨/年乙苯/苯乙烯装置
88.74,ST010127,%(m/m),2025-10-11 08:00:00,苯,延炼12万吨/年乙苯/苯乙烯装置
0.06,ST010127,%(m/m),2025-10-11 08:00:00,甲  苯,延炼12万吨/年乙苯/苯乙烯装置
9.28,ST010127,%(m/m),2025-10-11 08:00:00,乙  苯,延炼12万吨/年乙苯/苯乙烯装置
0.01,ST010127,%(m/m),2025-10-11 08:00:00,二甲苯,延炼12万吨/年乙苯/苯乙烯装置
0.05,ST010127,%(m/m),2025-10-11 08:00:00,异丙苯,延炼12万吨/年乙苯/苯乙烯装置
0.01,ST010127,%(m/m),2025-10-11 08:00:00,正丙苯,延炼12万吨/年乙苯/苯乙烯装置
0.00,ST010127,%(m/m),2025-10-11 08:00:00,甲乙苯,延炼12万吨/年乙苯/苯乙烯装置
0.06,ST010127,%(m/m),2025-10-11 08:00:00,丁苯,延炼12万吨/年乙苯/苯乙烯装置
1.13,ST010127,%(m/m),2025-10-11 08:00:00,二乙苯,延炼12万吨/年乙苯/苯乙烯装置
0.54,ST010127,%(m/m),2025-10-11 08:00:00,重芳,延炼12万吨/年乙苯/苯乙烯装置
0.11,ST010127,%(m/m),2025-10-12 08:00:00,非  芳,延炼12万吨/年乙苯/苯乙烯装置
86.72,ST010127,%(m/m),2025-10-12 08:00:00,苯,延炼12万吨/年乙苯/苯乙烯装置
0.07,ST010127,%(m/m),2025-10-12 08:00:00,甲  苯,延炼12万吨/年乙苯/苯乙烯装置
11.14,ST010127,%(m/m),2025-10-12 08:00:00,乙  苯,延炼12万吨/年乙苯/苯乙烯装置
0.01,ST010127,%(m/m),2025-10-12 08:00:00,二甲苯,延炼12万吨/年乙苯/苯乙烯装置
0.07,ST010127,%(m/m),2025-10-12 08:00:00,异丙苯,延炼12万吨/年乙苯/苯乙烯装置
0.01,ST010127,%(m/m),2025-10-12 08:00:00,正丙苯,延炼12万吨/年乙苯/苯乙烯装置
0.00,ST010127,%(m/m),2025-10-12 08:00:00,甲乙苯,延炼12万吨/年乙苯/苯乙烯装置
0.08,ST010127,%(m/m),2025-10-12 08:00:00,丁苯,延炼12万吨/年乙苯/苯乙烯装置
1.05,ST010127,%(m/m),2025-10-12 08:00:00,二乙苯,延炼12万吨/年乙苯/苯乙烯装置
0.73,ST010127,%(m/m),2025-10-12 08:00:00,重芳,延炼12万吨/年乙苯/苯乙烯装置
0.18,ST010127,%(m/m),2025-10-13 08:00:00,非  芳,延炼12万吨/年乙苯/苯乙烯装置
87.64,ST010127,%(m/m),2025-10-13 08:00:00,苯,延炼12万吨/年乙苯/苯乙烯装置
0.06,ST010127,%(m/m),2025-10-13 08:00:00,甲  苯,延炼12万吨/年乙苯/苯乙烯装置
10.23,ST010127,%(m/m),2025-10-13 08:00:00,乙  苯,延炼12万吨/年乙苯/苯乙烯装置
0.01,ST010127,%(m/m),2025-10-13 08:00:00,二甲苯,延炼12万吨/年乙苯/苯乙烯装置
0.05,ST010127,%(m/m),2025-10-13 08:00:00,异丙苯,延炼12万吨/年乙苯/苯乙烯装置
0.07,ST010127,%(m/m),2025-10-13 08:00:00,正丙苯,延炼12万吨/年乙苯/苯乙烯装置
0.00,ST010127,%(m/m),2025-10-13 08:00:00,甲乙苯,延炼12万吨/年乙苯/苯乙烯装置
0.07,ST010127,%(m/m),2025-10-13 08:00:00,丁苯,延炼12万吨/年乙苯/苯乙烯装置
1.08,ST010127,%(m/m),2025-10-13 08:00:00,二乙苯,延炼12万吨/年乙苯/苯乙烯装置
0.60,ST010127,%(m/m),2025-10-13 08:00:00,重芳,延炼12万吨/年乙苯/苯乙烯装置
0.17,ST010127,%(m/m),2025-10-14 08:00:00,非  芳,延炼12万吨/年乙苯/苯乙烯装置
88.05,ST010127,%(m/m),2025-10-14 08:00:00,苯,延炼12万吨/年乙苯/苯乙烯装置
0.10,ST010127,%(m/m),2025-10-14 08:00:00,甲  苯,延炼12万吨/年乙苯/苯乙烯装置
9.82,ST010127,%(m/m),2025-10-14 08:00:00,乙  苯,延炼12万吨/年乙苯/苯乙烯装置
0.01,ST010127,%(m/m),2025-10-14 08:00:00,二甲苯,延炼12万吨/年乙苯/苯乙烯装置
0.05,ST010127,%(m/m),2025-10-14 08:00:00,异丙苯,延炼12万吨/年乙苯/苯乙烯装置
0.06,ST010127,%(m/m),2025-10-14 08:00:00,正丙苯,延炼12万吨/年乙苯/苯乙烯装置
0.01,ST010127,%(m/m),2025-10-14 08:00:00,甲乙苯,延炼12万吨/年乙苯/苯乙烯装置
0.09,ST010127,%(m/m),2025-10-14 08:00:00,丁苯,延炼12万吨/年乙苯/苯乙烯装置
1.12,ST010127,%(m/m),2025-10-14 08:00:00,二乙苯,延炼12万吨/年乙苯/苯乙烯装置
0.53,ST010127,%(m/m),2025-10-14 08:00:00,重芳,延炼12万吨/年乙苯/苯乙烯装置
0.16,ST010127,%(m/m),2025-10-15 08:00:00,非  芳,延炼12万吨/年乙苯/苯乙烯装置
89.28,ST010127,%(m/m),2025-10-15 08:00:00,苯,延炼12万吨/年乙苯/苯乙烯装置
0.09,ST010127,%(m/m),2025-10-15 08:00:00,甲  苯,延炼12万吨/年乙苯/苯乙烯装置
9.04,ST010127,%(m/m),2025-10-15 08:00:00,乙  苯,延炼12万吨/年乙苯/苯乙烯装置
0.01,ST010127,%(m/m),2025-10-15 08:00:00,二甲苯,延炼12万吨/年乙苯/苯乙烯装置
0.05,ST010127,%(m/m),2025-10-15 08:00:00,异丙苯,延炼12万吨/年乙苯/苯乙烯装置
0.01,ST010127,%(m/m),2025-10-15 08:00:00,正丙苯,延炼12万吨/年乙苯/苯乙烯装置
0.00,ST010127,%(m/m),2025-10-15 08:00:00,甲乙苯,延炼12万吨/年乙苯/苯乙烯装置
0.07,ST010127,%(m/m),2025-10-15 08:00:00,丁苯,延炼12万吨/年乙苯/苯乙烯装置
0.75,ST010127,%(m/m),2025-10-15 08:00:00,二乙苯,延炼12万吨/年乙苯/苯乙烯装置
0.55,ST010127,%(m/m),2025-10-15 08:00:00,重芳,延炼12万吨/年乙苯/苯乙烯装置
0.18,ST010127,%(m/m),2025-10-16 08:00:00,非  芳,延炼12万吨/年乙苯/苯乙烯装置
87.35,ST010127,%(m/m),2025-10-16 08:00:00,苯,延炼12万吨/年乙苯/苯乙烯装置
0.06,ST010127,%(m/m),2025-10-16 08:00:00,甲  苯,延炼12万吨/年乙苯/苯乙烯装置
10.45,ST010127,%(m/m),2025-10-16 08:00:00,乙  苯,延炼12万吨/年乙苯/苯乙烯装置
0.01,ST010127,%(m/m),2025-10-16 08:00:00,二甲苯,延炼12万吨/年乙苯/苯乙烯装置
0.06,ST010127,%(m/m),2025-10-16 08:00:00,异丙苯,延炼12万吨/年乙苯/苯乙烯装置
0.08,ST010127,%(m/m),2025-10-16 08:00:00,正丙苯,延炼12万吨/年乙苯/苯乙烯装置
0.01,ST010127,%(m/m),2025-10-16 08:00:00,甲乙苯,延炼12万吨/年乙苯/苯乙烯装置
0.07,ST010127,%(m/m),2025-10-16 08:00:00,丁苯,延炼12万吨/年乙苯/苯乙烯装置
1.11,ST010127,%(m/m),2025-10-16 08:00:00,二乙苯,延炼12万吨/年乙苯/苯乙烯装置
0.62,ST010127,%(m/m),2025-10-16 08:00:00,重芳,延炼12万吨/年乙苯/苯乙烯装置
1.13,ST010127,%(m/m),2025-10-17 08:00:00,二乙苯,延炼12万吨/年乙苯/苯乙烯装置
0.55,ST010127,%(m/m),2025-10-17 08:00:00,重芳,延炼12万吨/年乙苯/苯乙烯装置
0.15,ST010127,%(m/m),2025-10-17 08:00:00,非  芳,延炼12万吨/年乙苯/苯乙烯装置
88.90,ST010127,%(m/m),2025-10-17 08:00:00,苯,延炼12万吨/年乙苯/苯乙烯装置
0.09,ST010127,%(m/m),2025-10-17 08:00:00,甲  苯,延炼12万吨/年乙苯/苯乙烯装置
8.98,ST010127,%(m/m),2025-10-17 08:00:00,乙  苯,延炼12万吨/年乙苯/苯乙烯装置
0.01,ST010127,%(m/m),2025-10-17 08:00:00,二甲苯,延炼12万吨/年乙苯/苯乙烯装置
0.05,ST010127,%(m/m),2025-10-17 08:00:00,异丙苯,延炼12万吨/年乙苯/苯乙烯装置
0.07,ST010127,%(m/m),2025-10-17 08:00:00,正丙苯,延炼12万吨/年乙苯/苯乙烯装置
0.02,ST010127,%(m/m),2025-10-17 08:00:00,甲乙苯,延炼12万吨/年乙苯/苯乙烯装置
0.06,ST010127,%(m/m),2025-10-17 08:00:00,丁苯,延炼12万吨/年乙苯/苯乙烯装置
0.05,ST010127,%(m/m),2025-10-18 08:00:00,异丙苯,延炼12万吨/年乙苯/苯乙烯装置
0.01,ST010127,%(m/m),2025-10-18 08:00:00,正丙苯,延炼12万吨/年乙苯/苯乙烯装置
0.00,ST010127,%(m/m),2025-10-18 08:00:00,甲乙苯,延炼12万吨/年乙苯/苯乙烯装置
0.07,ST010127,%(m/m),2025-10-18 08:00:00,丁苯,延炼12万吨/年乙苯/苯乙烯装置
0.69,ST010127,%(m/m),2025-10-18 08:00:00,二乙苯,延炼12万吨/年乙苯/苯乙烯装置
0.54,ST010127,%(m/m),2025-10-18 08:00:00,重芳,延炼12万吨/年乙苯/苯乙烯装置
0.17,ST010127,%(m/m),2025-10-18 08:00:00,非  芳,延炼12万吨/年乙苯/苯乙烯装置
87.75,ST010127,%(m/m),2025-10-18 08:00:00,苯,延炼12万吨/年乙苯/苯乙烯装置
0.05,ST010127,%(m/m),2025-10-18 08:00:00,甲  苯,延炼12万吨/年乙苯/苯乙烯装置
10.66,ST010127,%(m/m),2025-10-18 08:00:00,乙  苯,延炼12万吨/年乙苯/苯乙烯装置
0.01,ST010127,%(m/m),2025-10-18 08:00:00,二甲苯,延炼12万吨/年乙苯/苯乙烯装置
0.12,ST010127,%(m/m),2025-10-19 08:00:00,非  芳,延炼12万吨/年乙苯/苯乙烯装置
88.86,ST010127,%(m/m),2025-10-19 08:00:00,苯,延炼12万吨/年乙苯/苯乙烯装置
0.00,ST010127,%(m/m),2025-10-19 08:00:00,甲  苯,延炼12万吨/年乙苯/苯乙烯装置
10.29,ST010127,%(m/m),2025-10-19 08:00:00,乙  苯,延炼12万吨/年乙苯/苯乙烯装置
0.01,ST010127,%(m/m),2025-10-19 08:00:00,二甲苯,延炼12万吨/年乙苯/苯乙烯装置
0.04,ST010127,%(m/m),2025-10-19 08:00:00,异丙苯,延炼12万吨/年乙苯/苯乙烯装置
0.00,ST010127,%(m/m),2025-10-19 08:00:00,正丙苯,延炼12万吨/年乙苯/苯乙烯装置
0.00,ST010127,%(m/m),2025-10-19 08:00:00,甲乙苯,延炼12万吨/年乙苯/苯乙烯装置
0.05,ST010127,%(m/m),2025-10-19 08:00:00,丁苯,延炼12万吨/年乙苯/苯乙烯装置
0.27,ST010127,%(m/m),2025-10-19 08:00:00,二乙苯,延炼12万吨/年乙苯/苯乙烯装置
0.37,ST010127,%(m/m),2025-10-19 08:00:00,重芳,延炼12万吨/年乙苯/苯乙烯装置
0.18,ST010127,%(m/m),2025-10-20 08:00:00,非  芳,延炼12万吨/年乙苯/苯乙烯装置
86.01,ST010127,%(m/m),2025-10-20 08:00:00,苯,延炼12万吨/年乙苯/苯乙烯装置
0.07,ST010127,%(m/m),2025-10-20 08:00:00,甲  苯,延炼12万吨/年乙苯/苯乙烯装置
11.66,ST010127,%(m/m),2025-10-20 08:00:00,乙  苯,延炼12万吨/年乙苯/苯乙烯装置
0.01,ST010127,%(m/m),2025-10-20 08:00:00,二甲苯,延炼12万吨/年乙苯/苯乙烯装置
0.06,ST010127,%(m/m),2025-10-20 08:00:00,异丙苯,延炼12万吨/年乙苯/苯乙烯装置
0.00,ST010127,%(m/m),2025-10-20 08:00:00,正丙苯,延炼12万吨/年乙苯/苯乙烯装置
0.00,ST010127,%(m/m),2025-10-20 08:00:00,甲乙苯,延炼12万吨/年乙苯/苯乙烯装置
0.08,ST010127,%(m/m),2025-10-20 08:00:00,丁苯,延炼12万吨/年乙苯/苯乙烯装置
1.31,ST010127,%(m/m),2025-10-20 08:00:00,二乙苯,延炼12万吨/年乙苯/苯乙烯装置
0.63,ST010127,%(m/m),2025-10-20 08:00:00,重芳,延炼12万吨/年乙苯/苯乙烯装置
0.17,ST010127,%(m/m),2025-10-21 08:00:00,非  芳,延炼12万吨/年乙苯/苯乙烯装置
87.62,ST010127,%(m/m),2025-10-21 08:00:00,苯,延炼12万吨/年乙苯/苯乙烯装置
0.07,ST010127,%(m/m),2025-10-21 08:00:00,甲  苯,延炼12万吨/年乙苯/苯乙烯装置
10.20,ST010127,%(m/m),2025-10-21 08:00:00,乙  苯,延炼12万吨/年乙苯/苯乙烯装置
0.01,ST010127,%(m/m),2025-10-21 08:00:00,二甲苯,延炼12万吨/年乙苯/苯乙烯装置
0.06,ST010127,%(m/m),2025-10-21 08:00:00,异丙苯,延炼12万吨/年乙苯/苯乙烯装置
0.07,ST010127,%(m/m),2025-10-21 08:00:00,正丙苯,延炼12万吨/年乙苯/苯乙烯装置
0.00,ST010127,%(m/m),2025-10-21 08:00:00,甲乙苯,延炼12万吨/年乙苯/苯乙烯装置
0.07,ST010127,%(m/m),2025-10-21 08:00:00,丁苯,延炼12万吨/年乙苯/苯乙烯装置
1.11,ST010127,%(m/m),2025-10-21 08:00:00,二乙苯,延炼12万吨/年乙苯/苯乙烯装置
0.61,ST010127,%(m/m),2025-10-21 08:00:00,重芳,延炼12万吨/年乙苯/苯乙烯装置
85.61,ST010127,%(m/m),2025-10-22 08:00:00,苯,延炼12万吨/年乙苯/苯乙烯装置
0.16,ST010127,%(m/m),2025-10-22 08:00:00,非  芳,延炼12万吨/年乙苯/苯乙烯装置
0.08,ST010127,%(m/m),2025-10-22 08:00:00,甲  苯,延炼12万吨/年乙苯/苯乙烯装置
11.97,ST010127,%(m/m),2025-10-22 08:00:00,乙  苯,延炼12万吨/年乙苯/苯乙烯装置
0.01,ST010127,%(m/m),2025-10-22 08:00:00,二甲苯,延炼12万吨/年乙苯/苯乙烯装置
0.05,ST010127,%(m/m),2025-10-22 08:00:00,异丙苯,延炼12万吨/年乙苯/苯乙烯装置
0.07,ST010127,%(m/m),2025-10-22 08:00:00,正丙苯,延炼12万吨/年乙苯/苯乙烯装置
0.00,ST010127,%(m/m),2025-10-22 08:00:00,甲乙苯,延炼12万吨/年乙苯/苯乙烯装置
0.08,ST010127,%(m/m),2025-10-22 08:00:00,丁苯,延炼12万吨/年乙苯/苯乙烯装置
1.37,ST010127,%(m/m),2025-10-22 08:00:00,二乙苯,延炼12万吨/年乙苯/苯乙烯装置
0.61,ST010127,%(m/m),2025-10-22 08:00:00,重芳,延炼12万吨/年乙苯/苯乙烯装置
0.12,ST010127,%(m/m),2025-10-23 08:00:00,非  芳,延炼12万吨/年乙苯/苯乙烯装置
92.65,ST010127,%(m/m),2025-10-23 08:00:00,苯,延炼12万吨/年乙苯/苯乙烯装置
0.04,ST010127,%(m/m),2025-10-23 08:00:00,甲  苯,延炼12万吨/年乙苯/苯乙烯装置
6.00,ST010127,%(m/m),2025-10-23 08:00:00,乙  苯,延炼12万吨/年乙苯/苯乙烯装置
0.01,ST010127,%(m/m),2025-10-23 08:00:00,二甲苯,延炼12万吨/年乙苯/苯乙烯装置
0.04,ST010127,%(m/m),2025-10-23 08:00:00,异丙苯,延炼12万吨/年乙苯/苯乙烯装置
0.00,ST010127,%(m/m),2025-10-23 08:00:00,正丙苯,延炼12万吨/年乙苯/苯乙烯装置
0.00,ST010127,%(m/m),2025-10-23 08:00:00,甲乙苯,延炼12万吨/年乙苯/苯乙烯装置
0.04,ST010127,%(m/m),2025-10-23 08:00:00,丁苯,延炼12万吨/年乙苯/苯乙烯装置
0.75,ST010127,%(m/m),2025-10-23 08:00:00,二乙苯,延炼12万吨/年乙苯/苯乙烯装置
0.35,ST010127,%(m/m),2025-10-23 08:00:00,重芳,延炼12万吨/年乙苯/苯乙烯装置
0.14,ST010127,%(m/m),2025-10-24 08:00:00,非  芳,延炼12万吨/年乙苯/苯乙烯装置
93.43,ST010127,%(m/m),2025-10-24 08:00:00,苯,延炼12万吨/年乙苯/苯乙烯装置
0.07,ST010127,%(m/m),2025-10-24 08:00:00,甲  苯,延炼12万吨/年乙苯/苯乙烯装置
5.67,ST010127,%(m/m),2025-10-24 08:00:00,乙  苯,延炼12万吨/年乙苯/苯乙烯装置
0.01,ST010127,%(m/m),2025-10-24 08:00:00,二甲苯,延炼12万吨/年乙苯/苯乙烯装置
0.03,ST010127,%(m/m),2025-10-24 08:00:00,异丙苯,延炼12万吨/年乙苯/苯乙烯装置
0.00,ST010127,%(m/m),2025-10-24 08:00:00,正丙苯,延炼12万吨/年乙苯/苯乙烯装置
0.00,ST010127,%(m/m),2025-10-24 08:00:00,甲乙苯,延炼12万吨/年乙苯/苯乙烯装置
0.04,ST010127,%(m/m),2025-10-24 08:00:00,丁苯,延炼12万吨/年乙苯/苯乙烯装置
0.25,ST010127,%(m/m),2025-10-24 08:00:00,二乙苯,延炼12万吨/年乙苯/苯乙烯装置
0.36,ST010127,%(m/m),2025-10-24 08:00:00,重芳,延炼12万吨/年乙苯/苯乙烯装置
0.17,ST010127,%(m/m),2025-10-25 08:00:00,非  芳,延炼12万吨/年乙苯/苯乙烯装置
90.25,ST010127,%(m/m),2025-10-25 08:00:00,苯,延炼12万吨/年乙苯/苯乙烯装置
0.00,ST010127,%(m/m),2025-10-25 08:00:00,甲  苯,延炼12万吨/年乙苯/苯乙烯装置
8.63,ST010127,%(m/m),2025-10-25 08:00:00,乙  苯,延炼12万吨/年乙苯/苯乙烯装置
0.00,ST010127,%(m/m),2025-10-25 08:00:00,二甲苯,延炼12万吨/年乙苯/苯乙烯装置
0.04,ST010127,%(m/m),2025-10-25 08:00:00,异丙苯,延炼12万吨/年乙苯/苯乙烯装置
0.00,ST010127,%(m/m),2025-10-25 08:00:00,正丙苯,延炼12万吨/年乙苯/苯乙烯装置
0.00,ST010127,%(m/m),2025-10-25 08:00:00,甲乙苯,延炼12万吨/年乙苯/苯乙烯装置
0.06,ST010127,%(m/m),2025-10-25 08:00:00,丁苯,延炼12万吨/年乙苯/苯乙烯装置
0.37,ST010127,%(m/m),2025-10-25 08:00:00,二乙苯,延炼12万吨/年乙苯/苯乙烯装置
0.48,ST010127,%(m/m),2025-10-25 08:00:00,重芳,延炼12万吨/年乙苯/苯乙烯装置
0.19,ST010127,%(m/m),2025-10-26 08:00:00,非  芳,延炼12万吨/年乙苯/苯乙烯装置
97.81,ST010127,%(m/m),2025-10-26 08:00:00,苯,延炼12万吨/年乙苯/苯乙烯装置
0.08,ST010127,%(m/m),2025-10-26 08:00:00,甲  苯,延炼12万吨/年乙苯/苯乙烯装置
0.00,ST010127,%(m/m),2025-10-26 08:00:00,乙  苯,延炼12万吨/年乙苯/苯乙烯装置
0.01,ST010127,%(m/m),2025-10-26 08:00:00,二甲苯,延炼12万吨/年乙苯/苯乙烯装置
0.05,ST010127,%(m/m),2025-10-26 08:00:00,异丙苯,延炼12万吨/年乙苯/苯乙烯装置
0.01,ST010127,%(m/m),2025-10-26 08:00:00,正丙苯,延炼12万吨/年乙苯/苯乙烯装置
0.00,ST010127,%(m/m),2025-10-26 08:00:00,甲乙苯,延炼12万吨/年乙苯/苯乙烯装置
0.07,ST010127,%(m/m),2025-10-26 08:00:00,丁苯,延炼12万吨/年乙苯/苯乙烯装置
1.22,ST010127,%(m/m),2025-10-26 08:00:00,二乙苯,延炼12万吨/年乙苯/苯乙烯装置
0.55,ST010127,%(m/m),2025-10-26 08:00:00,重芳,延炼12万吨/年乙苯/苯乙烯装置
0.12,ST010127,%(m/m),2025-10-27 08:00:00,非  芳,延炼12万吨/年乙苯/苯乙烯装置
92.52,ST010127,%(m/m),2025-10-27 08:00:00,苯,延炼12万吨/年乙苯/苯乙烯装置
0.04,ST010127,%(m/m),2025-10-27 08:00:00,甲  苯,延炼12万吨/年乙苯/苯乙烯装置
6.07,ST010127,%(m/m),2025-10-27 08:00:00,乙  苯,延炼12万吨/年乙苯/苯乙烯装置
0.01,ST010127,%(m/m),2025-10-27 08:00:00,二甲苯,延炼12万吨/年乙苯/苯乙烯装置
0.04,ST010127,%(m/m),2025-10-27 08:00:00,异丙苯,延炼12万吨/年乙苯/苯乙烯装置
0.04,ST010127,%(m/m),2025-10-27 08:00:00,正丙苯,延炼12万吨/年乙苯/苯乙烯装置
0.02,ST010127,%(m/m),2025-10-27 08:00:00,甲乙苯,延炼12万吨/年乙苯/苯乙烯装置
0.04,ST010127,%(m/m),2025-10-27 08:00:00,丁苯,延炼12万吨/年乙苯/苯乙烯装置
0.75,ST010127,%(m/m),2025-10-27 08:00:00,二乙苯,延炼12万吨/年乙苯/苯乙烯装置
0.35,ST010127,%(m/m),2025-10-27 08:00:00,重芳,延炼12万吨/年乙苯/苯乙烯装置
0.16,ST010127,%(m/m),2025-10-28 08:00:00,非  芳,延炼12万吨/年乙苯/苯乙烯装置
87.87,ST010127,%(m/m),2025-10-28 08:00:00,苯,延炼12万吨/年乙苯/苯乙烯装置
0.08,ST010127,%(m/m),2025-10-28 08:00:00,甲  苯,延炼12万吨/年乙苯/苯乙烯装置
9.98,ST010127,%(m/m),2025-10-28 08:00:00,乙  苯,延炼12万吨/年乙苯/苯乙烯装置
0.01,ST010127,%(m/m),2025-10-28 08:00:00,二甲苯,延炼12万吨/年乙苯/苯乙烯装置
0.05,ST010127,%(m/m),2025-10-28 08:00:00,异丙苯,延炼12万吨/年乙苯/苯乙烯装置
0.01,ST010127,%(m/m),2025-10-28 08:00:00,正丙苯,延炼12万吨/年乙苯/苯乙烯装置
0.00,ST010127,%(m/m),2025-10-28 08:00:00,甲乙苯,延炼12万吨/年乙苯/苯乙烯装置
0.06,ST010127,%(m/m),2025-10-28 08:00:00,丁苯,延炼12万吨/年乙苯/苯乙烯装置
1.24,ST010127,%(m/m),2025-10-28 08:00:00,二乙苯,延炼12万吨/年乙苯/苯乙烯装置
0.54,ST010127,%(m/m),2025-10-28 08:00:00,重芳,延炼12万吨/年乙苯/苯乙烯装置
0.13,ST010127,%(m/m),2025-10-29 08:00:00,非  芳,延炼12万吨/年乙苯/苯乙烯装置
91.48,ST010127,%(m/m),2025-10-29 08:00:00,苯,延炼12万吨/年乙苯/苯乙烯装置
0.07,ST010127,%(m/m),2025-10-29 08:00:00,甲  苯,延炼12万吨/年乙苯/苯乙烯装置
6.88,ST010127,%(m/m),2025-10-29 08:00:00,乙  苯,延炼12万吨/年乙苯/苯乙烯装置
0.01,ST010127,%(m/m),2025-10-29 08:00:00,二甲苯,延炼12万吨/年乙苯/苯乙烯装置
0.04,ST010127,%(m/m),2025-10-29 08:00:00,异丙苯,延炼12万吨/年乙苯/苯乙烯装置
0.04,ST010127,%(m/m),2025-10-29 08:00:00,正丙苯,延炼12万吨/年乙苯/苯乙烯装置
0.01,ST010127,%(m/m),2025-10-29 08:00:00,甲乙苯,延炼12万吨/年乙苯/苯乙烯装置
0.06,ST010127,%(m/m),2025-10-29 08:00:00,丁苯,延炼12万吨/年乙苯/苯乙烯装置
0.84,ST010127,%(m/m),2025-10-29 08:00:00,二乙苯,延炼12万吨/年乙苯/苯乙烯装置
0.45,ST010127,%(m/m),2025-10-29 08:00:00,重芳,延炼12万吨/年乙苯/苯乙烯装置
0.16,ST010127,%(m/m),2025-10-30 08:00:00,非  芳,延炼12万吨/年乙苯/苯乙烯装置
89.77,ST010127,%(m/m),2025-10-30 08:00:00,苯,延炼12万吨/年乙苯/苯乙烯装置
0.09,ST010127,%(m/m),2025-10-30 08:00:00,甲  苯,延炼12万吨/年乙苯/苯乙烯装置
8.85,ST010127,%(m/m),2025-10-30 08:00:00,乙  苯,延炼12万吨/年乙苯/苯乙烯装置
0.01,ST010127,%(m/m),2025-10-30 08:00:00,二甲苯,延炼12万吨/年乙苯/苯乙烯装置
0.04,ST010127,%(m/m),2025-10-30 08:00:00,异丙苯,延炼12万吨/年乙苯/苯乙烯装置
0.01,ST010127,%(m/m),2025-10-30 08:00:00,正丙苯,延炼12万吨/年乙苯/苯乙烯装置
0.00,ST010127,%(m/m),2025-10-30 08:00:00,甲乙苯,延炼12万吨/年乙苯/苯乙烯装置
0.06,ST010127,%(m/m),2025-10-30 08:00:00,丁苯,延炼12万吨/年乙苯/苯乙烯装置
0.49,ST010127,%(m/m),2025-10-30 08:00:00,二乙苯,延炼12万吨/年乙苯/苯乙烯装置
0.51,ST010127,%(m/m),2025-10-30 08:00:00,重芳,延炼12万吨/年乙苯/苯乙烯装置
0.13,ST010127,%(m/m),2025-10-31 08:00:00,非  芳,延炼12万吨/年乙苯/苯乙烯装置
93.18,ST010127,%(m/m),2025-10-31 08:00:00,苯,延炼12万吨/年乙苯/苯乙烯装置
0.05,ST010127,%(m/m),2025-10-31 08:00:00,甲  苯,延炼12万吨/年乙苯/苯乙烯装置
5.93,ST010127,%(m/m),2025-10-31 08:00:00,乙  苯,延炼12万吨/年乙苯/苯乙烯装置
0.01,ST010127,%(m/m),2025-10-31 08:00:00,二甲苯,延炼12万吨/年乙苯/苯乙烯装置
0.04,ST010127,%(m/m),2025-10-31 08:00:00,异丙苯,延炼12万吨/年乙苯/苯乙烯装置
0.01,ST010127,%(m/m),2025-10-31 08:00:00,正丙苯,延炼12万吨/年乙苯/苯乙烯装置
0.00,ST010127,%(m/m),2025-10-31 08:00:00,甲乙苯,延炼12万吨/年乙苯/苯乙烯装置
0.04,ST010127,%(m/m),2025-10-31 08:00:00,丁苯,延炼12万吨/年乙苯/苯乙烯装置
0.26,ST010127,%(m/m),2025-10-31 08:00:00,二乙苯,延炼12万吨/年乙苯/苯乙烯装置
0.35,ST010127,%(m/m),2025-10-31 08:00:00,重芳,延炼12万吨/年乙苯/苯乙烯装置
0.08,ST010127,%(m/m),2025-11-01 08:00:00,非  芳,延炼12万吨/年乙苯/苯乙烯装置
91.01,ST010127,%(m/m),2025-11-01 08:00:00,苯,延炼12万吨/年乙苯/苯乙烯装置
0.04,ST010127,%(m/m),2025-11-01 08:00:00,甲  苯,延炼12万吨/年乙苯/苯乙烯装置
7.28,ST010127,%(m/m),2025-11-01 08:00:00,乙  苯,延炼12万吨/年乙苯/苯乙烯装置
0.01,ST010127,%(m/m),2025-11-01 08:00:00,二甲苯,延炼12万吨/年乙苯/苯乙烯装置
0.05,ST010127,%(m/m),2025-11-01 08:00:00,异丙苯,延炼12万吨/年乙苯/苯乙烯装置
0.05,ST010127,%(m/m),2025-11-01 08:00:00,正丙苯,延炼12万吨/年乙苯/苯乙烯装置
0.00,ST010127,%(m/m),2025-11-01 08:00:00,甲乙苯,延炼12万吨/年乙苯/苯乙烯装置
0.06,ST010127,%(m/m),2025-11-01 08:00:00,丁苯,延炼12万吨/年乙苯/苯乙烯装置
0.96,ST010127,%(m/m),2025-11-01 08:00:00,二乙苯,延炼12万吨/年乙苯/苯乙烯装置
0.46,ST010127,%(m/m),2025-11-01 08:00:00,重芳,延炼12万吨/年乙苯/苯乙烯装置
0.13,ST010127,%(m/m),2025-11-02 08:00:00,非  芳,延炼12万吨/年乙苯/苯乙烯装置
93.07,ST010127,%(m/m),2025-11-02 08:00:00,苯,延炼12万吨/年乙苯/苯乙烯装置
0.04,ST010127,%(m/m),2025-11-02 08:00:00,甲  苯,延炼12万吨/年乙苯/苯乙烯装置
6.03,ST010127,%(m/m),2025-11-02 08:00:00,乙  苯,延炼12万吨/年乙苯/苯乙烯装置
0.00,ST010127,%(m/m),2025-11-02 08:00:00,二甲苯,延炼12万吨/年乙苯/苯乙烯装置
0.04,ST010127,%(m/m),2025-11-02 08:00:00,异丙苯,延炼12万吨/年乙苯/苯乙烯装置
0.00,ST010127,%(m/m),2025-11-02 08:00:00,正丙苯,延炼12万吨/年乙苯/苯乙烯装置
0.00,ST010127,%(m/m),2025-11-02 08:00:00,甲乙苯,延炼12万吨/年乙苯/苯乙烯装置
0.05,ST010127,%(m/m),2025-11-02 08:00:00,丁苯,延炼12万吨/年乙苯/苯乙烯装置
0.27,ST010127,%(m/m),2025-11-02 08:00:00,二乙苯,延炼12万吨/年乙苯/苯乙烯装置
0.36,ST010127,%(m/m),2025-11-02 08:00:00,重芳,延炼12万吨/年乙苯/苯乙烯装置
0.17,ST010127,%(m/m),2025-11-03 08:00:00,非  芳,延炼12万吨/年乙苯/苯乙烯装置
90.76,ST010127,%(m/m),2025-11-03 08:00:00,苯,延炼12万吨/年乙苯/苯乙烯装置
0.11,ST010127,%(m/m),2025-11-03 08:00:00,甲  苯,延炼12万吨/年乙苯/苯乙烯装置
8.03,ST010127,%(m/m),2025-11-03 08:00:00,乙  苯,延炼12万吨/年乙苯/苯乙烯装置
0.01,ST010127,%(m/m),2025-11-03 08:00:00,二甲苯,延炼12万吨/年乙苯/苯乙烯装置
0.04,ST010127,%(m/m),2025-11-03 08:00:00,异丙苯,延炼12万吨/年乙苯/苯乙烯装置
0.01,ST010127,%(m/m),2025-11-03 08:00:00,正丙苯,延炼12万吨/年乙苯/苯乙烯装置
0.00,ST010127,%(m/m),2025-11-03 08:00:00,甲乙苯,延炼12万吨/年乙苯/苯乙烯装置
0.05,ST010127,%(m/m),2025-11-03 08:00:00,丁苯,延炼12万吨/年乙苯/苯乙烯装置
0.50,ST010127,%(m/m),2025-11-03 08:00:00,二乙苯,延炼12万吨/年乙苯/苯乙烯装置
0.33,ST010127,%(m/m),2025-11-03 08:00:00,重芳,延炼12万吨/年乙苯/苯乙烯装置
0.18,ST010127,%(m/m),2025-11-04 08:00:00,非  芳,延炼12万吨/年乙苯/苯乙烯装置
90.46,ST010127,%(m/m),2025-11-04 08:00:00,苯,延炼12万吨/年乙苯/苯乙烯装置
0.06,ST010127,%(m/m),2025-11-04 08:00:00,甲  苯,延炼12万吨/年乙苯/苯乙烯装置
8.02,ST010127,%(m/m),2025-11-04 08:00:00,乙  苯,延炼12万吨/年乙苯/苯乙烯装置
0.00,ST010127,%(m/m),2025-11-04 08:00:00,二甲苯,延炼12万吨/年乙苯/苯乙烯装置
0.05,ST010127,%(m/m),2025-11-04 08:00:00,异丙苯,延炼12万吨/年乙苯/苯乙烯装置
0.01,ST010127,%(m/m),2025-11-04 08:00:00,正丙苯,延炼12万吨/年乙苯/苯乙烯装置
0.00,ST010127,%(m/m),2025-11-04 08:00:00,甲乙苯,延炼12万吨/年乙苯/苯乙烯装置
0.05,ST010127,%(m/m),2025-11-04 08:00:00,丁苯,延炼12万吨/年乙苯/苯乙烯装置
0.80,ST010127,%(m/m),2025-11-04 08:00:00,二乙苯,延炼12万吨/年乙苯/苯乙烯装置
0.37,ST010127,%(m/m),2025-11-04 08:00:00,重芳,延炼12万吨/年乙苯/苯乙烯装置
0.21,ST010127,%(m/m),2025-11-05 08:00:00,非  芳,延炼12万吨/年乙苯/苯乙烯装置
87.90,ST010127,%(m/m),2025-11-05 08:00:00,苯,延炼12万吨/年乙苯/苯乙烯装置
0.07,ST010127,%(m/m),2025-11-05 08:00:00,甲  苯,延炼12万吨/年乙苯/苯乙烯装置
10.04,ST010127,%(m/m),2025-11-05 08:00:00,乙  苯,延炼12万吨/年乙苯/苯乙烯装置
0.01,ST010127,%(m/m),2025-11-05 08:00:00,二甲苯,延炼12万吨/年乙苯/苯乙烯装置
0.06,ST010127,%(m/m),2025-11-05 08:00:00,异丙苯,延炼12万吨/年乙苯/苯乙烯装置
0.01,ST010127,%(m/m),2025-11-05 08:00:00,正丙苯,延炼12万吨/年乙苯/苯乙烯装置
0.00,ST010127,%(m/m),2025-11-05 08:00:00,甲乙苯,延炼12万吨/年乙苯/苯乙烯装置
0.07,ST010127,%(m/m),2025-11-05 08:00:00,丁苯,延炼12万吨/年乙苯/苯乙烯装置
1.10,ST010127,%(m/m),2025-11-05 08:00:00,二乙苯,延炼12万吨/年乙苯/苯乙烯装置
0.54,ST010127,%(m/m),2025-11-05 08:00:00,重芳,延炼12万吨/年乙苯/苯乙烯装置
0.21,ST010127,%(m/m),2025-11-06 08:00:00,非  芳,延炼12万吨/年乙苯/苯乙烯装置
88.30,ST010127,%(m/m),2025-11-06 08:00:00,苯,延炼12万吨/年乙苯/苯乙烯装置
0.09,ST010127,%(m/m),2025-11-06 08:00:00,甲  苯,延炼12万吨/年乙苯/苯乙烯装置
9.69,ST010127,%(m/m),2025-11-06 08:00:00,乙  苯,延炼12万吨/年乙苯/苯乙烯装置
0.01,ST010127,%(m/m),2025-11-06 08:00:00,二甲苯,延炼12万吨/年乙苯/苯乙烯装置
0.05,ST010127,%(m/m),2025-11-06 08:00:00,异丙苯,延炼12万吨/年乙苯/苯乙烯装置
0.01,ST010127,%(m/m),2025-11-06 08:00:00,正丙苯,延炼12万吨/年乙苯/苯乙烯装置
0.00,ST010127,%(m/m),2025-11-06 08:00:00,甲乙苯,延炼12万吨/年乙苯/苯乙烯装置
0.06,ST010127,%(m/m),2025-11-06 08:00:00,丁苯,延炼12万吨/年乙苯/苯乙烯装置
1.05,ST010127,%(m/m),2025-11-06 08:00:00,二乙苯,延炼12万吨/年乙苯/苯乙烯装置
0.53,ST010127,%(m/m),2025-11-06 08:00:00,重芳,延炼12万吨/年乙苯/苯乙烯装置
0.15,ST010127,%(m/m),2025-11-07 08:00:00,非  芳,延炼12万吨/年乙苯/苯乙烯装置
92.51,ST010127,%(m/m),2025-11-07 08:00:00,苯,延炼12万吨/年乙苯/苯乙烯装置
0.06,ST010127,%(m/m),2025-11-07 08:00:00,甲  苯,延炼12万吨/年乙苯/苯乙烯装置
6.07,ST010127,%(m/m),2025-11-07 08:00:00,乙  苯,延炼12万吨/年乙苯/苯乙烯装置
0.00,ST010127,%(m/m),2025-11-07 08:00:00,二甲苯,延炼12万吨/年乙苯/苯乙烯装置
0.04,ST010127,%(m/m),2025-11-07 08:00:00,异丙苯,延炼12万吨/年乙苯/苯乙烯装置
0.00,ST010127,%(m/m),2025-11-07 08:00:00,正丙苯,延炼12万吨/年乙苯/苯乙烯装置
0.00,ST010127,%(m/m),2025-11-07 08:00:00,甲乙苯,延炼12万吨/年乙苯/苯乙烯装置
0.06,ST010127,%(m/m),2025-11-07 08:00:00,丁苯,延炼12万吨/年乙苯/苯乙烯装置
0.72,ST010127,%(m/m),2025-11-07 08:00:00,二乙苯,延炼12万吨/年乙苯/苯乙烯装置
0.38,ST010127,%(m/m),2025-11-07 08:00:00,重芳,延炼12万吨/年乙苯/苯乙烯装置
0.16,ST010127,%(m/m),2025-11-08 08:00:00,非  芳,延炼12万吨/年乙苯/苯乙烯装置
90.56,ST010127,%(m/m),2025-11-08 08:00:00,苯,延炼12万吨/年乙苯/苯乙烯装置
0.06,ST010127,%(m/m),2025-11-08 08:00:00,甲  苯,延炼12万吨/年乙苯/苯乙烯装置
7.97,ST010127,%(m/m),2025-11-08 08:00:00,乙  苯,延炼12万吨/年乙苯/苯乙烯装置
0.01,ST010127,%(m/m),2025-11-08 08:00:00,二甲苯,延炼12万吨/年乙苯/苯乙烯装置
0.05,ST010127,%(m/m),2025-11-08 08:00:00,异丙苯,延炼12万吨/年乙苯/苯乙烯装置
0.00,ST010127,%(m/m),2025-11-08 08:00:00,正丙苯,延炼12万吨/年乙苯/苯乙烯装置
0.00,ST010127,%(m/m),2025-11-08 08:00:00,甲乙苯,延炼12万吨/年乙苯/苯乙烯装置
0.05,ST010127,%(m/m),2025-11-08 08:00:00,丁苯,延炼12万吨/年乙苯/苯乙烯装置
0.77,ST010127,%(m/m),2025-11-08 08:00:00,二乙苯,延炼12万吨/年乙苯/苯乙烯装置
0.37,ST010127,%(m/m),2025-11-08 08:00:00,重芳,延炼12万吨/年乙苯/苯乙烯装置
0.19,ST010127,%(m/m),2025-11-09 08:00:00,非  芳,延炼12万吨/年乙苯/苯乙烯装置
89.28,ST010127,%(m/m),2025-11-09 08:00:00,苯,延炼12万吨/年乙苯/苯乙烯装置
0.04,ST010127,%(m/m),2025-11-09 08:00:00,甲  苯,延炼12万吨/年乙苯/苯乙烯装置
8.99,ST010127,%(m/m),2025-11-09 08:00:00,乙  苯,延炼12万吨/年乙苯/苯乙烯装置
0.01,ST010127,%(m/m),2025-11-09 08:00:00,二甲苯,延炼12万吨/年乙苯/苯乙烯装置
0.05,ST010127,%(m/m),2025-11-09 08:00:00,异丙苯,延炼12万吨/年乙苯/苯乙烯装置
0.01,ST010127,%(m/m),2025-11-09 08:00:00,正丙苯,延炼12万吨/年乙苯/苯乙烯装置
0.00,ST010127,%(m/m),2025-11-09 08:00:00,甲乙苯,延炼12万吨/年乙苯/苯乙烯装置
0.06,ST010127,%(m/m),2025-11-09 08:00:00,丁苯,延炼12万吨/年乙苯/苯乙烯装置
0.90,ST010127,%(m/m),2025-11-09 08:00:00,二乙苯,延炼12万吨/年乙苯/苯乙烯装置
0.48,ST010127,%(m/m),2025-11-09 08:00:00,重芳,延炼12万吨/年乙苯/苯乙烯装置
0.26,ST010127,%(m/m),2025-11-10 08:00:00,非  芳,延炼12万吨/年乙苯/苯乙烯装置
86.09,ST010127,%(m/m),2025-11-10 08:00:00,苯,延炼12万吨/年乙苯/苯乙烯装置
0.08,ST010127,%(m/m),2025-11-10 08:00:00,甲  苯,延炼12万吨/年乙苯/苯乙烯装置
11.71,ST010127,%(m/m),2025-11-10 08:00:00,乙  苯,延炼12万吨/年乙苯/苯乙烯装置
0.01,ST010127,%(m/m),2025-11-10 08:00:00,二甲苯,延炼12万吨/年乙苯/苯乙烯装置
0.06,ST010127,%(m/m),2025-11-10 08:00:00,异丙苯,延炼12万吨/年乙苯/苯乙烯装置
0.01,ST010127,%(m/m),2025-11-10 08:00:00,正丙苯,延炼12万吨/年乙苯/苯乙烯装置
0.00,ST010127,%(m/m),2025-11-10 08:00:00,甲乙苯,延炼12万吨/年乙苯/苯乙烯装置
0.07,ST010127,%(m/m),2025-11-10 08:00:00,丁苯,延炼12万吨/年乙苯/苯乙烯装置
1.12,ST010127,%(m/m),2025-11-10 08:00:00,二乙苯,延炼12万吨/年乙苯/苯乙烯装置
0.60,ST010127,%(m/m),2025-11-10 08:00:00,重芳,延炼12万吨/年乙苯/苯乙烯装置
0.17,ST010127,%(m/m),2025-11-11 08:00:00,非  芳,延炼12万吨/年乙苯/苯乙烯装置
87.58,ST010127,%(m/m),2025-11-11 08:00:00,苯,延炼12万吨/年乙苯/苯乙烯装置
0.09,ST010127,%(m/m),2025-11-11 08:00:00,甲  苯,延炼12万吨/年乙苯/苯乙烯装置
10.29,ST010127,%(m/m),2025-11-11 08:00:00,乙  苯,延炼12万吨/年乙苯/苯乙烯装置
0.01,ST010127,%(m/m),2025-11-11 08:00:00,二甲苯,延炼12万吨/年乙苯/苯乙烯装置
0.06,ST010127,%(m/m),2025-11-11 08:00:00,异丙苯,延炼12万吨/年乙苯/苯乙烯装置
0.01,ST010127,%(m/m),2025-11-11 08:00:00,正丙苯,延炼12万吨/年乙苯/苯乙烯装置
0.00,ST010127,%(m/m),2025-11-11 08:00:00,甲乙苯,延炼12万吨/年乙苯/苯乙烯装置
0.07,ST010127,%(m/m),2025-11-11 08:00:00,丁苯,延炼12万吨/年乙苯/苯乙烯装置
1.15,ST010127,%(m/m),2025-11-11 08:00:00,二乙苯,延炼12万吨/年乙苯/苯乙烯装置
0.58,ST010127,%(m/m),2025-11-11 08:00:00,重芳,延炼12万吨/年乙苯/苯乙烯装置
0.21,ST010127,%(m/m),2025-11-12 08:00:00,非  芳,延炼12万吨/年乙苯/苯乙烯装置
91.86,ST010127,%(m/m),2025-11-12 08:00:00,苯,延炼12万吨/年乙苯/苯乙烯装置
0.02,ST010127,%(m/m),2025-11-12 08:00:00,甲  苯,延炼12万吨/年乙苯/苯乙烯装置
6.58,ST010127,%(m/m),2025-11-12 08:00:00,乙  苯,延炼12万吨/年乙苯/苯乙烯装置
0.01,ST010127,%(m/m),2025-11-12 08:00:00,二甲苯,延炼12万吨/年乙苯/苯乙烯装置
0.04,ST010127,%(m/m),2025-11-12 08:00:00,异丙苯,延炼12万吨/年乙苯/苯乙烯装置
0.04,ST010127,%(m/m),2025-11-12 08:00:00,正丙苯,延炼12万吨/年乙苯/苯乙烯装置
0.00,ST010127,%(m/m),2025-11-12 08:00:00,甲乙苯,延炼12万吨/年乙苯/苯乙烯装置
0.06,ST010127,%(m/m),2025-11-12 08:00:00,丁苯,延炼12万吨/年乙苯/苯乙烯装置
0.77,ST010127,%(m/m),2025-11-12 08:00:00,二乙苯,延炼12万吨/年乙苯/苯乙烯装置
0.40,ST010127,%(m/m),2025-11-12 08:00:00,重芳,延炼12万吨/年乙苯/苯乙烯装置
0.27,ST010127,%(m/m),2025-11-13 08:00:00,非  芳,延炼12万吨/年乙苯/苯乙烯装置
80.82,ST010127,%(m/m),2025-11-13 08:00:00,苯,延炼12万吨/年乙苯/苯乙烯装置
0.05,ST010127,%(m/m),2025-11-13 08:00:00,甲  苯,延炼12万吨/年乙苯/苯乙烯装置
16.05,ST010127,%(m/m),2025-11-13 08:00:00,乙  苯,延炼12万吨/年乙苯/苯乙烯装置
0.02,ST010127,%(m/m),2025-11-13 08:00:00,二甲苯,延炼12万吨/年乙苯/苯乙烯装置
0.07,ST010127,%(m/m),2025-11-13 08:00:00,异丙苯,延炼12万吨/年乙苯/苯乙烯装置
0.10,ST010127,%(m/m),2025-11-13 08:00:00,正丙苯,延炼12万吨/年乙苯/苯乙烯装置
0.00,ST010127,%(m/m),2025-11-13 08:00:00,甲乙苯,延炼12万吨/年乙苯/苯乙烯装置
0.10,ST010127,%(m/m),2025-11-13 08:00:00,丁苯,延炼12万吨/年乙苯/苯乙烯装置
1.70,ST010127,%(m/m),2025-11-13 08:00:00,二乙苯,延炼12万吨/年乙苯/苯乙烯装置
0.82,ST010127,%(m/m),2025-11-13 08:00:00,重芳,延炼12万吨/年乙苯/苯乙烯装置
0.25,ST010127,%(m/m),2025-11-14 08:00:00,非  芳,延炼12万吨/年乙苯/苯乙烯装置
84.43,ST010127,%(m/m),2025-11-14 08:00:00,苯,延炼12万吨/年乙苯/苯乙烯装置
0.08,ST010127,%(m/m),2025-11-14 08:00:00,甲  苯,延炼12万吨/年乙苯/苯乙烯装置
12.97,ST010127,%(m/m),2025-11-14 08:00:00,乙  苯,延炼12万吨/年乙苯/苯乙烯装置
0.01,ST010127,%(m/m),2025-11-14 08:00:00,二甲苯,延炼12万吨/年乙苯/苯乙烯装置
0.06,ST010127,%(m/m),2025-11-14 08:00:00,异丙苯,延炼12万吨/年乙苯/苯乙烯装置
0.01,ST010127,%(m/m),2025-11-14 08:00:00,正丙苯,延炼12万吨/年乙苯/苯乙烯装置
0.00,ST010127,%(m/m),2025-11-14 08:00:00,甲乙苯,延炼12万吨/年乙苯/苯乙烯装置
0.08,ST010127,%(m/m),2025-11-14 08:00:00,丁苯,延炼12万吨/年乙苯/苯乙烯装置
1.42,ST010127,%(m/m),2025-11-14 08:00:00,二乙苯,延炼12万吨/年乙苯/苯乙烯装置
0.69,ST010127,%(m/m),2025-11-14 08:00:00,重芳,延炼12万吨/年乙苯/苯乙烯装置
0.22,ST010127,%(m/m),2025-11-15 08:00:00,非  芳,延炼12万吨/年乙苯/苯乙烯装置
89.29,ST010127,%(m/m),2025-11-15 08:00:00,苯,延炼12万吨/年乙苯/苯乙烯装置
0.11,ST010127,%(m/m),2025-11-15 08:00:00,甲  苯,延炼12万吨/年乙苯/苯乙烯装置
8.91,ST010127,%(m/m),2025-11-15 08:00:00,乙  苯,延炼12万吨/年乙苯/苯乙烯装置
0.01,ST010127,%(m/m),2025-11-15 08:00:00,二甲苯,延炼12万吨/年乙苯/苯乙烯装置
0.04,ST010127,%(m/m),2025-11-15 08:00:00,异丙苯,延炼12万吨/年乙苯/苯乙烯装置
0.01,ST010127,%(m/m),2025-11-15 08:00:00,正丙苯,延炼12万吨/年乙苯/苯乙烯装置
0.00,ST010127,%(m/m),2025-11-15 08:00:00,甲乙苯,延炼12万吨/年乙苯/苯乙烯装置
0.06,ST010127,%(m/m),2025-11-15 08:00:00,丁苯,延炼12万吨/年乙苯/苯乙烯装置
0.91,ST010127,%(m/m),2025-11-15 08:00:00,二乙苯,延炼12万吨/年乙苯/苯乙烯装置
0.44,ST010127,%(m/m),2025-11-15 08:00:00,重芳,延炼12万吨/年乙苯/苯乙烯装置
0.22,ST010127,%(m/m),2025-11-16 08:00:00,非  芳,延炼12万吨/年乙苯/苯乙烯装置
88.72,ST010127,%(m/m),2025-11-16 08:00:00,苯,延炼12万吨/年乙苯/苯乙烯装置
0.10,ST010127,%(m/m),2025-11-16 08:00:00,甲  苯,延炼12万吨/年乙苯/苯乙烯装置
9.44,ST010127,%(m/m),2025-11-16 08:00:00,乙  苯,延炼12万吨/年乙苯/苯乙烯装置
0.01,ST010127,%(m/m),2025-11-16 08:00:00,二甲苯,延炼12万吨/年乙苯/苯乙烯装置
0.05,ST010127,%(m/m),2025-11-16 08:00:00,异丙苯,延炼12万吨/年乙苯/苯乙烯装置
0.01,ST010127,%(m/m),2025-11-16 08:00:00,正丙苯,延炼12万吨/年乙苯/苯乙烯装置
0.00,ST010127,%(m/m),2025-11-16 08:00:00,甲乙苯,延炼12万吨/年乙苯/苯乙烯装置
0.06,ST010127,%(m/m),2025-11-16 08:00:00,丁苯,延炼12万吨/年乙苯/苯乙烯装置
0.91,ST010127,%(m/m),2025-11-16 08:00:00,二乙苯,延炼12万吨/年乙苯/苯乙烯装置
0.49,ST010127,%(m/m),2025-11-16 08:00:00,重芳,延炼12万吨/年乙苯/苯乙烯装置
0.20,ST010127,%(m/m),2025-11-17 08:00:00,非  芳,延炼12万吨/年乙苯/苯乙烯装置
90.24,ST010127,%(m/m),2025-11-17 08:00:00,苯,延炼12万吨/年乙苯/苯乙烯装置
0.07,ST010127,%(m/m),2025-11-17 08:00:00,甲  苯,延炼12万吨/年乙苯/苯乙烯装置
8.14,ST010127,%(m/m),2025-11-17 08:00:00,乙  苯,延炼12万吨/年乙苯/苯乙烯装置
0.01,ST010127,%(m/m),2025-11-17 08:00:00,二甲苯,延炼12万吨/年乙苯/苯乙烯装置
0.04,ST010127,%(m/m),2025-11-17 08:00:00,异丙苯,延炼12万吨/年乙苯/苯乙烯装置
0.01,ST010127,%(m/m),2025-11-17 08:00:00,正丙苯,延炼12万吨/年乙苯/苯乙烯装置
0.00,ST010127,%(m/m),2025-11-17 08:00:00,甲乙苯,延炼12万吨/年乙苯/苯乙烯装置
0.05,ST010127,%(m/m),2025-11-17 08:00:00,丁苯,延炼12万吨/年乙苯/苯乙烯装置
0.82,ST010127,%(m/m),2025-11-17 08:00:00,二乙苯,延炼12万吨/年乙苯/苯乙烯装置
0.43,ST010127,%(m/m),2025-11-17 08:00:00,重芳,延炼12万吨/年乙苯/苯乙烯装置
0.21,ST010127,%(m/m),2025-11-18 16:00:00,非  芳,延炼12万吨/年乙苯/苯乙烯装置
88.92,ST010127,%(m/m),2025-11-18 16:00:00,苯,延炼12万吨/年乙苯/苯乙烯装置
0.07,ST010127,%(m/m),2025-11-18 16:00:00,甲  苯,延炼12万吨/年乙苯/苯乙烯装置
9.05,ST010127,%(m/m),2025-11-18 16:00:00,乙  苯,延炼12万吨/年乙苯/苯乙烯装置
0.01,ST010127,%(m/m),2025-11-18 16:00:00,二甲苯,延炼12万吨/年乙苯/苯乙烯装置
0.05,ST010127,%(m/m),2025-11-18 16:00:00,异丙苯,延炼12万吨/年乙苯/苯乙烯装置
0.01,ST010127,%(m/m),2025-11-18 16:00:00,正丙苯,延炼12万吨/年乙苯/苯乙烯装置
0.00,ST010127,%(m/m),2025-11-18 16:00:00,甲乙苯,延炼12万吨/年乙苯/苯乙烯装置
0.06,ST010127,%(m/m),2025-11-18 16:00:00,丁苯,延炼12万吨/年乙苯/苯乙烯装置
1.14,ST010127,%(m/m),2025-11-18 16:00:00,二乙苯,延炼12万吨/年乙苯/苯乙烯装置
0.49,ST010127,%(m/m),2025-11-18 16:00:00,重芳,延炼12万吨/年乙苯/苯乙烯装置
0.18,ST010127,%(m/m),2025-11-19 16:00:00,非  芳,延炼12万吨/年乙苯/苯乙烯装置
91.60,ST010127,%(m/m),2025-11-19 16:00:00,苯,延炼12万吨/年乙苯/苯乙烯装置
0.10,ST010127,%(m/m),2025-11-19 16:00:00,甲  苯,延炼12万吨/年乙苯/苯乙烯装置
6.90,ST010127,%(m/m),2025-11-19 16:00:00,乙  苯,延炼12万吨/年乙苯/苯乙烯装置
0.01,ST010127,%(m/m),2025-11-19 16:00:00,二甲苯,延炼12万吨/年乙苯/苯乙烯装置
0.04,ST010127,%(m/m),2025-11-19 16:00:00,异丙苯,延炼12万吨/年乙苯/苯乙烯装置
0.01,ST010127,%(m/m),2025-11-19 16:00:00,正丙苯,延炼12万吨/年乙苯/苯乙烯装置
0.00,ST010127,%(m/m),2025-11-19 16:00:00,甲乙苯,延炼12万吨/年乙苯/苯乙烯装置
0.05,ST010127,%(m/m),2025-11-19 16:00:00,丁苯,延炼12万吨/年乙苯/苯乙烯装置
0.71,ST010127,%(m/m),2025-11-19 16:00:00,二乙苯,延炼12万吨/年乙苯/苯乙烯装置
0.40,ST010127,%(m/m),2025-11-19 16:00:00,重芳,延炼12万吨/年乙苯/苯乙烯装置
0.19,ST010127,%(m/m),2025-11-20 16:00:00,非  芳,延炼12万吨/年乙苯/苯乙烯装置
89.10,ST010127,%(m/m),2025-11-20 16:00:00,苯,延炼12万吨/年乙苯/苯乙烯装置
0.04,ST010127,%(m/m),2025-11-20 16:00:00,甲  苯,延炼12万吨/年乙苯/苯乙烯装置
9.25,ST010127,%(m/m),2025-11-20 16:00:00,乙  苯,延炼12万吨/年乙苯/苯乙烯装置
0.01,ST010127,%(m/m),2025-11-20 16:00:00,二甲苯,延炼12万吨/年乙苯/苯乙烯装置
0.04,ST010127,%(m/m),2025-11-20 16:00:00,异丙苯,延炼12万吨/年乙苯/苯乙烯装置
0.01,ST010127,%(m/m),2025-11-20 16:00:00,正丙苯,延炼12万吨/年乙苯/苯乙烯装置
0.00,ST010127,%(m/m),2025-11-20 16:00:00,甲乙苯,延炼12万吨/年乙苯/苯乙烯装置
0.05,ST010127,%(m/m),2025-11-20 16:00:00,丁苯,延炼12万吨/年乙苯/苯乙烯装置
0.90,ST010127,%(m/m),2025-11-20 16:00:00,二乙苯,延炼12万吨/年乙苯/苯乙烯装置
0.40,ST010127,%(m/m),2025-11-20 16:00:00,重芳,延炼12万吨/年乙苯/苯乙烯装置
0.17,ST010127,%(m/m),2025-11-21 16:00:00,非  芳,延炼12万吨/年乙苯/苯乙烯装置
90.85,ST010127,%(m/m),2025-11-21 16:00:00,苯,延炼12万吨/年乙苯/苯乙烯装置
0.06,ST010127,%(m/m),2025-11-21 16:00:00,甲  苯,延炼12万吨/年乙苯/苯乙烯装置
7.95,ST010127,%(m/m),2025-11-21 16:00:00,乙  苯,延炼12万吨/年乙苯/苯乙烯装置
0.01,ST010127,%(m/m),2025-11-21 16:00:00,二甲苯,延炼12万吨/年乙苯/苯乙烯装置
0.05,ST010127,%(m/m),2025-11-21 16:00:00,异丙苯,延炼12万吨/年乙苯/苯乙烯装置
0.01,ST010127,%(m/m),2025-11-21 16:00:00,正丙苯,延炼12万吨/年乙苯/苯乙烯装置
0.00,ST010127,%(m/m),2025-11-21 16:00:00,甲乙苯,延炼12万吨/年乙苯/苯乙烯装置
0.05,ST010127,%(m/m),2025-11-21 16:00:00,丁苯,延炼12万吨/年乙苯/苯乙烯装置
0.49,ST010127,%(m/m),2025-11-21 16:00:00,二乙苯,延炼12万吨/年乙苯/苯乙烯装置
0.37,ST010127,%(m/m),2025-11-21 16:00:00,重芳,延炼12万吨/年乙苯/苯乙烯装置
0.07,ST010127,%(m/m),2025-11-22 16:00:00,甲  苯,延炼12万吨/年乙苯/苯乙烯装置
10.13,ST010127,%(m/m),2025-11-22 16:00:00,乙  苯,延炼12万吨/年乙苯/苯乙烯装置
0.01,ST010127,%(m/m),2025-11-22 16:00:00,二甲苯,延炼12万吨/年乙苯/苯乙烯装置
0.06,ST010127,%(m/m),2025-11-22 16:00:00,异丙苯,延炼12万吨/年乙苯/苯乙烯装置
0.01,ST010127,%(m/m),2025-11-22 16:00:00,正丙苯,延炼12万吨/年乙苯/苯乙烯装置
0.00,ST010127,%(m/m),2025-11-22 16:00:00,甲乙苯,延炼12万吨/年乙苯/苯乙烯装置
0.06,ST010127,%(m/m),2025-11-22 16:00:00,丁苯,延炼12万吨/年乙苯/苯乙烯装置
1.12,ST010127,%(m/m),2025-11-22 16:00:00,二乙苯,延炼12万吨/年乙苯/苯乙烯装置
0.54,ST010127,%(m/m),2025-11-22 16:00:00,重芳,延炼12万吨/年乙苯/苯乙烯装置
0.20,ST010127,%(m/m),2025-11-22 16:00:00,非  芳,延炼12万吨/年乙苯/苯乙烯装置
87.81,ST010127,%(m/m),2025-11-22 16:00:00,苯,延炼12万吨/年乙苯/苯乙烯装置
0.16,ST010127,%(m/m),2025-11-23 16:00:00,非  芳,延炼12万吨/年乙苯/苯乙烯装置
91.23,ST010127,%(m/m),2025-11-23 16:00:00,苯,延炼12万吨/年乙苯/苯乙烯装置
0.04,ST010127,%(m/m),2025-11-23 16:00:00,甲  苯,延炼12万吨/年乙苯/苯乙烯装置
7.11,ST010127,%(m/m),2025-11-23 16:00:00,乙  苯,延炼12万吨/年乙苯/苯乙烯装置
0.01,ST010127,%(m/m),2025-11-23 16:00:00,二甲苯,延炼12万吨/年乙苯/苯乙烯装置
0.04,ST010127,%(m/m),2025-11-23 16:00:00,异丙苯,延炼12万吨/年乙苯/苯乙烯装置
0.05,ST010127,%(m/m),2025-11-23 16:00:00,正丙苯,延炼12万吨/年乙苯/苯乙烯装置
0.01,ST010127,%(m/m),2025-11-23 16:00:00,甲乙苯,延炼12万吨/年乙苯/苯乙烯装置
0.07,ST010127,%(m/m),2025-11-23 16:00:00,丁苯,延炼12万吨/年乙苯/苯乙烯装置
0.84,ST010127,%(m/m),2025-11-23 16:00:00,二乙苯,延炼12万吨/年乙苯/苯乙烯装置
0.45,ST010127,%(m/m),2025-11-23 16:00:00,重芳,延炼12万吨/年乙苯/苯乙烯装置
0.16,ST010127,%(m/m),2025-11-24 16:00:00,非  芳,延炼12万吨/年乙苯/苯乙烯装置
92.59,ST010127,%(m/m),2025-11-24 16:00:00,苯,延炼12万吨/年乙苯/苯乙烯装置
0.05,ST010127,%(m/m),2025-11-24 16:00:00,甲  苯,延炼12万吨/年乙苯/苯乙烯装置
5.82,ST010127,%(m/m),2025-11-24 16:00:00,乙  苯,延炼12万吨/年乙苯/苯乙烯装置
0.00,ST010127,%(m/m),2025-11-24 16:00:00,二甲苯,延炼12万吨/年乙苯/苯乙烯装置
0.03,ST010127,%(m/m),2025-11-24 16:00:00,异丙苯,延炼12万吨/年乙苯/苯乙烯装置
0.03,ST010127,%(m/m),2025-11-24 16:00:00,正丙苯,延炼12万吨/年乙苯/苯乙烯装置
0.00,ST010127,%(m/m),2025-11-24 16:00:00,甲乙苯,延炼12万吨/年乙苯/苯乙烯装置
0.05,ST010127,%(m/m),2025-11-24 16:00:00,丁苯,延炼12万吨/年乙苯/苯乙烯装置
0.91,ST010127,%(m/m),2025-11-24 16:00:00,二乙苯,延炼12万吨/年乙苯/苯乙烯装置
0.35,ST010127,%(m/m),2025-11-24 16:00:00,重芳,延炼12万吨/年乙苯/苯乙烯装置
0.17,ST010127,%(m/m),2025-11-25 16:00:00,非  芳,延炼12万吨/年乙苯/苯乙烯装置
89.84,ST010127,%(m/m),2025-11-25 16:00:00,苯,延炼12万吨/年乙苯/苯乙烯装置
0.06,ST010127,%(m/m),2025-11-25 16:00:00,甲  苯,延炼12万吨/年乙苯/苯乙烯装置
0.01,ST010127,%(m/m),2025-11-25 16:00:00,二甲苯,延炼12万吨/年乙苯/苯乙烯装置
0.05,ST010127,%(m/m),2025-11-25 16:00:00,异丙苯,延炼12万吨/年乙苯/苯乙烯装置
0.06,ST010127,%(m/m),2025-11-25 16:00:00,正丙苯,延炼12万吨/年乙苯/苯乙烯装置
0.00,ST010127,%(m/m),2025-11-25 16:00:00,甲乙苯,延炼12万吨/年乙苯/苯乙烯装置
0.07,ST010127,%(m/m),2025-11-25 16:00:00,丁苯,延炼12万吨/年乙苯/苯乙烯装置
0.99,ST010127,%(m/m),2025-11-25 16:00:00,二乙苯,延炼12万吨/年乙苯/苯乙烯装置
0.39,ST010127,%(m/m),2025-11-25 16:00:00,重芳,延炼12万吨/年乙苯/苯乙烯装置
8.35,ST010127,%(m/m),2025-11-25 16:00:00,乙  苯,延炼12万吨/年乙苯/苯乙烯装置
0.18,ST010127,%(m/m),2025-11-26 16:00:00,非  芳,延炼12万吨/年乙苯/苯乙烯装置
89.13,ST010127,%(m/m),2025-11-26 16:00:00,苯,延炼12万吨/年乙苯/苯乙烯装置
0.08,ST010127,%(m/m),2025-11-26 16:00:00,甲  苯,延炼12万吨/年乙苯/苯乙烯装置
9.08,ST010127,%(m/m),2025-11-26 16:00:00,乙  苯,延炼12万吨/年乙苯/苯乙烯装置
0.01,ST010127,%(m/m),2025-11-26 16:00:00,二甲苯,延炼12万吨/年乙苯/苯乙烯装置
0.03,ST010127,%(m/m),2025-11-26 16:00:00,异丙苯,延炼12万吨/年乙苯/苯乙烯装置
0.01,ST010127,%(m/m),2025-11-26 16:00:00,正丙苯,延炼12万吨/年乙苯/苯乙烯装置
0.00,ST010127,%(m/m),2025-11-26 16:00:00,甲乙苯,延炼12万吨/年乙苯/苯乙烯装置
0.06,ST010127,%(m/m),2025-11-26 16:00:00,丁苯,延炼12万吨/年乙苯/苯乙烯装置
0.99,ST010127,%(m/m),2025-11-26 16:00:00,二乙苯,延炼12万吨/年乙苯/苯乙烯装置
0.43,ST010127,%(m/m),2025-11-26 16:00:00,重芳,延炼12万吨/年乙苯/苯乙烯装置
0.18,ST010127,%(m/m),2025-11-27 16:00:00,非  芳,延炼12万吨/年乙苯/苯乙烯装置
90.09,ST010127,%(m/m),2025-11-27 16:00:00,苯,延炼12万吨/年乙苯/苯乙烯装置
0.07,ST010127,%(m/m),2025-11-27 16:00:00,甲  苯,延炼12万吨/年乙苯/苯乙烯装置
8.07,ST010127,%(m/m),2025-11-27 16:00:00,乙  苯,延炼12万吨/年乙苯/苯乙烯装置
0.01,ST010127,%(m/m),2025-11-27 16:00:00,二甲苯,延炼12万吨/年乙苯/苯乙烯装置
0.04,ST010127,%(m/m),2025-11-27 16:00:00,异丙苯,延炼12万吨/年乙苯/苯乙烯装置
0.05,ST010127,%(m/m),2025-11-27 16:00:00,正丙苯,延炼12万吨/年乙苯/苯乙烯装置
0.00,ST010127,%(m/m),2025-11-27 16:00:00,甲乙苯,延炼12万吨/年乙苯/苯乙烯装置
0.05,ST010127,%(m/m),2025-11-27 16:00:00,丁苯,延炼12万吨/年乙苯/苯乙烯装置
1.01,ST010127,%(m/m),2025-11-27 16:00:00,二乙苯,延炼12万吨/年乙苯/苯乙烯装置
0.44,ST010127,%(m/m),2025-11-27 16:00:00,重芳,延炼12万吨/年乙苯/苯乙烯装置
0.14,ST010127,%(m/m),2025-11-28 16:00:00,非  芳,延炼12万吨/年乙苯/苯乙烯装置
93.11,ST010127,%(m/m),2025-11-28 16:00:00,苯,延炼12万吨/年乙苯/苯乙烯装置
0.05,ST010127,%(m/m),2025-11-28 16:00:00,甲  苯,延炼12万吨/年乙苯/苯乙烯装置
6.04,ST010127,%(m/m),2025-11-28 16:00:00,乙  苯,延炼12万吨/年乙苯/苯乙烯装置
0.00,ST010127,%(m/m),2025-11-28 16:00:00,二甲苯,延炼12万吨/年乙苯/苯乙烯装置
0.04,ST010127,%(m/m),2025-11-28 16:00:00,异丙苯,延炼12万吨/年乙苯/苯乙烯装置
0.00,ST010127,%(m/m),2025-11-28 16:00:00,正丙苯,延炼12万吨/年乙苯/苯乙烯装置
0.00,ST010127,%(m/m),2025-11-28 16:00:00,甲乙苯,延炼12万吨/年乙苯/苯乙烯装置
0.04,ST010127,%(m/m),2025-11-28 16:00:00,丁苯,延炼12万吨/年乙苯/苯乙烯装置
0.23,ST010127,%(m/m),2025-11-28 16:00:00,二乙苯,延炼12万吨/年乙苯/苯乙烯装置
0.34,ST010127,%(m/m),2025-11-28 16:00:00,重芳,延炼12万吨/年乙苯/苯乙烯装置
0.01,ST010127,%(m/m),2025-11-29 16:00:00,二甲苯,延炼12万吨/年乙苯/苯乙烯装置
0.16,ST010127,%(m/m),2025-11-29 16:00:00,非  芳,延炼12万吨/年乙苯/苯乙烯装置
89.43,ST010127,%(m/m),2025-11-29 16:00:00,苯,延炼12万吨/年乙苯/苯乙烯装置
0.06,ST010127,%(m/m),2025-11-29 16:00:00,甲  苯,延炼12万吨/年乙苯/苯乙烯装置
8.59,ST010127,%(m/m),2025-11-29 16:00:00,乙  苯,延炼12万吨/年乙苯/苯乙烯装置
0.05,ST010127,%(m/m),2025-11-29 16:00:00,异丙苯,延炼12万吨/年乙苯/苯乙烯装置
0.06,ST010127,%(m/m),2025-11-29 16:00:00,正丙苯,延炼12万吨/年乙苯/苯乙烯装置
0.01,ST010127,%(m/m),2025-11-29 16:00:00,甲乙苯,延炼12万吨/年乙苯/苯乙烯装置
0.07,ST010127,%(m/m),2025-11-29 16:00:00,丁苯,延炼12万吨/年乙苯/苯乙烯装置
1.14,ST010127,%(m/m),2025-11-29 16:00:00,二乙苯,延炼12万吨/年乙苯/苯乙烯装置
0.42,ST010127,%(m/m),2025-11-29 16:00:00,重芳,延炼12万吨/年乙苯/苯乙烯装置
0.14,ST010127,%(m/m),2025-11-30 16:00:00,非  芳,延炼12万吨/年乙苯/苯乙烯装置
91.30,ST010127,%(m/m),2025-11-30 16:00:00,苯,延炼12万吨/年乙苯/苯乙烯装置
0.06,ST010127,%(m/m),2025-11-30 16:00:00,甲  苯,延炼12万吨/年乙苯/苯乙烯装置
7.01,ST010127,%(m/m),2025-11-30 16:00:00,乙  苯,延炼12万吨/年乙苯/苯乙烯装置
0.01,ST010127,%(m/m),2025-11-30 16:00:00,二甲苯,延炼12万吨/年乙苯/苯乙烯装置
0.05,ST010127,%(m/m),2025-11-30 16:00:00,异丙苯,延炼12万吨/年乙苯/苯乙烯装置
0.06,ST010127,%(m/m),2025-11-30 16:00:00,正丙苯,延炼12万吨/年乙苯/苯乙烯装置
0.01,ST010127,%(m/m),2025-11-30 16:00:00,甲乙苯,延炼12万吨/年乙苯/苯乙烯装置
0.06,ST010127,%(m/m),2025-11-30 16:00:00,丁苯,延炼12万吨/年乙苯/苯乙烯装置
0.93,ST010127,%(m/m),2025-11-30 16:00:00,二乙苯,延炼12万吨/年乙苯/苯乙烯装置
0.39,ST010127,%(m/m),2025-11-30 16:00:00,重芳,延炼12万吨/年乙苯/苯乙烯装置
0.14,ST010127,%(m/m),2025-12-01 16:00:00,非  芳,延炼12万吨/年乙苯/苯乙烯装置
92.11,ST010127,%(m/m),2025-12-01 16:00:00,苯,延炼12万吨/年乙苯/苯乙烯装置
0.09,ST010127,%(m/m),2025-12-01 16:00:00,甲  苯,延炼12万吨/年乙苯/苯乙烯装置
6.93,ST010127,%(m/m),2025-12-01 16:00:00,乙  苯,延炼12万吨/年乙苯/苯乙烯装置
0.01,ST010127,%(m/m),2025-12-01 16:00:00,二甲苯,延炼12万吨/年乙苯/苯乙烯装置
0.04,ST010127,%(m/m),2025-12-01 16:00:00,异丙苯,延炼12万吨/年乙苯/苯乙烯装置
0.00,ST010127,%(m/m),2025-12-01 16:00:00,正丙苯,延炼12万吨/年乙苯/苯乙烯装置
0.00,ST010127,%(m/m),2025-12-01 16:00:00,甲乙苯,延炼12万吨/年乙苯/苯乙烯装置
0.04,ST010127,%(m/m),2025-12-01 16:00:00,丁苯,延炼12万吨/年乙苯/苯乙烯装置
0.27,ST010127,%(m/m),2025-12-01 16:00:00,二乙苯,延炼12万吨/年乙苯/苯乙烯装置
0.37,ST010127,%(m/m),2025-12-01 16:00:00,重芳,延炼12万吨/年乙苯/苯乙烯装置
0.14,ST010127,%(m/m),2025-12-02 16:00:00,非  芳,延炼12万吨/年乙苯/苯乙烯装置
91.58,ST010127,%(m/m),2025-12-02 16:00:00,苯,延炼12万吨/年乙苯/苯乙烯装置
0.05,ST010127,%(m/m),2025-12-02 16:00:00,甲  苯,延炼12万吨/年乙苯/苯乙烯装置
6.97,ST010127,%(m/m),2025-12-02 16:00:00,乙  苯,延炼12万吨/年乙苯/苯乙烯装置
0.01,ST010127,%(m/m),2025-12-02 16:00:00,二甲苯,延炼12万吨/年乙苯/苯乙烯装置
0.04,ST010127,%(m/m),2025-12-02 16:00:00,异丙苯,延炼12万吨/年乙苯/苯乙烯装置
0.04,ST010127,%(m/m),2025-12-02 16:00:00,正丙苯,延炼12万吨/年乙苯/苯乙烯装置
0.00,ST010127,%(m/m),2025-12-02 16:00:00,甲乙苯,延炼12万吨/年乙苯/苯乙烯装置
0.04,ST010127,%(m/m),2025-12-02 16:00:00,丁苯,延炼12万吨/年乙苯/苯乙烯装置
0.73,ST010127,%(m/m),2025-12-02 16:00:00,二乙苯,延炼12万吨/年乙苯/苯乙烯装置
0.39,ST010127,%(m/m),2025-12-02 16:00:00,重芳,延炼12万吨/年乙苯/苯乙烯装置
0.13,ST010127,%(m/m),2025-12-03 16:00:00,非  芳,延炼12万吨/年乙苯/苯乙烯装置
91.75,ST010127,%(m/m),2025-12-03 16:00:00,苯,延炼12万吨/年乙苯/苯乙烯装置
0.09,ST010127,%(m/m),2025-12-03 16:00:00,甲  苯,延炼12万吨/年乙苯/苯乙烯装置
0.05,ST010127,%(m/m),2025-12-03 16:00:00,乙  苯,延炼12万吨/年乙苯/苯乙烯装置
0.00,ST010127,%(m/m),2025-12-03 16:00:00,二甲苯,延炼12万吨/年乙苯/苯乙烯装置
0.00,ST010127,%(m/m),2025-12-03 16:00:00,异丙苯,延炼12万吨/年乙苯/苯乙烯装置
0.00,ST010127,%(m/m),2025-12-03 16:00:00,正丙苯,延炼12万吨/年乙苯/苯乙烯装置
0.00,ST010127,%(m/m),2025-12-03 16:00:00,甲乙苯,延炼12万吨/年乙苯/苯乙烯装置
0.01,ST010127,%(m/m),2025-12-03 16:00:00,丁苯,延炼12万吨/年乙苯/苯乙烯装置
7.56,ST010127,%(m/m),2025-12-03 16:00:00,二乙苯,延炼12万吨/年乙苯/苯乙烯装置
0.41,ST010127,%(m/m),2025-12-03 16:00:00,重芳,延炼12万吨/年乙苯/苯乙烯装置
0.20,ST010127,%(m/m),2025-12-04 16:00:00,非  芳,延炼12万吨/年乙苯/苯乙烯装置
87.96,ST010127,%(m/m),2025-12-04 16:00:00,苯,延炼12万吨/年乙苯/苯乙烯装置
0.08,ST010127,%(m/m),2025-12-04 16:00:00,甲  苯,延炼12万吨/年乙苯/苯乙烯装置
10.60,ST010127,%(m/m),2025-12-04 16:00:00,乙  苯,延炼12万吨/年乙苯/苯乙烯装置
0.01,ST010127,%(m/m),2025-12-04 16:00:00,二甲苯,延炼12万吨/年乙苯/苯乙烯装置
0.05,ST010127,%(m/m),2025-12-04 16:00:00,异丙苯,延炼12万吨/年乙苯/苯乙烯装置
0.00,ST010127,%(m/m),2025-12-04 16:00:00,正丙苯,延炼12万吨/年乙苯/苯乙烯装置
0.00,ST010127,%(m/m),2025-12-04 16:00:00,甲乙苯,延炼12万吨/年乙苯/苯乙烯装置
0.06,ST010127,%(m/m),2025-12-04 16:00:00,丁苯,延炼12万吨/年乙苯/苯乙烯装置
0.48,ST010127,%(m/m),2025-12-04 16:00:00,二乙苯,延炼12万吨/年乙苯/苯乙烯装置
0.56,ST010127,%(m/m),2025-12-04 16:00:00,重芳,延炼12万吨/年乙苯/苯乙烯装置
0.14,ST010127,%(m/m),2025-12-05 16:00:00,非  芳,延炼12万吨/年乙苯/苯乙烯装置
91.57,ST010127,%(m/m),2025-12-05 16:00:00,苯,延炼12万吨/年乙苯/苯乙烯装置
0.07,ST010127,%(m/m),2025-12-05 16:00:00,甲  苯,延炼12万吨/年乙苯/苯乙烯装置
6.94,ST010127,%(m/m),2025-12-05 16:00:00,乙  苯,延炼12万吨/年乙苯/苯乙烯装置
0.01,ST010127,%(m/m),2025-12-05 16:00:00,二甲苯,延炼12万吨/年乙苯/苯乙烯装置
0.04,ST010127,%(m/m),2025-12-05 16:00:00,异丙苯,延炼12万吨/年乙苯/苯乙烯装置
0.04,ST010127,%(m/m),2025-12-05 16:00:00,正丙苯,延炼12万吨/年乙苯/苯乙烯装置
0.00,ST010127,%(m/m),2025-12-05 16:00:00,甲乙苯,延炼12万吨/年乙苯/苯乙烯装置
0.06,ST010127,%(m/m),2025-12-05 16:00:00,丁苯,延炼12万吨/年乙苯/苯乙烯装置
0.74,ST010127,%(m/m),2025-12-05 16:00:00,二乙苯,延炼12万吨/年乙苯/苯乙烯装置
0.39,ST010127,%(m/m),2025-12-05 16:00:00,重芳,延炼12万吨/年乙苯/苯乙烯装置
0.14,ST010127,%(m/m),2025-12-06 16:00:00,非  芳,延炼12万吨/年乙苯/苯乙烯装置
90.97,ST010127,%(m/m),2025-12-06 16:00:00,苯,延炼12万吨/年乙苯/苯乙烯装置
0.06,ST010127,%(m/m),2025-12-06 16:00:00,甲  苯,延炼12万吨/年乙苯/苯乙烯装置
7.42,ST010127,%(m/m),2025-12-06 16:00:00,乙  苯,延炼12万吨/年乙苯/苯乙烯装置
0.01,ST010127,%(m/m),2025-12-06 16:00:00,二甲苯,延炼12万吨/年乙苯/苯乙烯装置
0.04,ST010127,%(m/m),2025-12-06 16:00:00,异丙苯,延炼12万吨/年乙苯/苯乙烯装置
0.05,ST010127,%(m/m),2025-12-06 16:00:00,正丙苯,延炼12万吨/年乙苯/苯乙烯装置
0.01,ST010127,%(m/m),2025-12-06 16:00:00,甲乙苯,延炼12万吨/年乙苯/苯乙烯装置
0.07,ST010127,%(m/m),2025-12-06 16:00:00,丁苯,延炼12万吨/年乙苯/苯乙烯装置
0.79,ST010127,%(m/m),2025-12-06 16:00:00,二乙苯,延炼12万吨/年乙苯/苯乙烯装置
0.44,ST010127,%(m/m),2025-12-06 16:00:00,重芳,延炼12万吨/年乙苯/苯乙烯装置
0.14,ST010127,%(m/m),2025-12-07 16:00:00,非  芳,延炼12万吨/年乙苯/苯乙烯装置
90.71,ST010127,%(m/m),2025-12-07 16:00:00,苯,延炼12万吨/年乙苯/苯乙烯装置
0.06,ST010127,%(m/m),2025-12-07 16:00:00,甲  苯,延炼12万吨/年乙苯/苯乙烯装置
7.86,ST010127,%(m/m),2025-12-07 16:00:00,乙  苯,延炼12万吨/年乙苯/苯乙烯装置
0.01,ST010127,%(m/m),2025-12-07 16:00:00,二甲苯,延炼12万吨/年乙苯/苯乙烯装置
0.05,ST010127,%(m/m),2025-12-07 16:00:00,异丙苯,延炼12万吨/年乙苯/苯乙烯装置
0.00,ST010127,%(m/m),2025-12-07 16:00:00,正丙苯,延炼12万吨/年乙苯/苯乙烯装置
0.00,ST010127,%(m/m),2025-12-07 16:00:00,甲乙苯,延炼12万吨/年乙苯/苯乙烯装置
0.05,ST010127,%(m/m),2025-12-07 16:00:00,丁苯,延炼12万吨/年乙苯/苯乙烯装置
0.76,ST010127,%(m/m),2025-12-07 16:00:00,二乙苯,延炼12万吨/年乙苯/苯乙烯装置
0.37,ST010127,%(m/m),2025-12-07 16:00:00,重芳,延炼12万吨/年乙苯/苯乙烯装置
0.14,ST010127,%(m/m),2025-12-08 16:00:00,非  芳,延炼12万吨/年乙苯/苯乙烯装置
91.43,ST010127,%(m/m),2025-12-08 16:00:00,苯,延炼12万吨/年乙苯/苯乙烯装置
0.04,ST010127,%(m/m),2025-12-08 16:00:00,甲  苯,延炼12万吨/年乙苯/苯乙烯装置
7.07,ST010127,%(m/m),2025-12-08 16:00:00,乙  苯,延炼12万吨/年乙苯/苯乙烯装置
0.01,ST010127,%(m/m),2025-12-08 16:00:00,二甲苯,延炼12万吨/年乙苯/苯乙烯装置
0.04,ST010127,%(m/m),2025-12-08 16:00:00,异丙苯,延炼12万吨/年乙苯/苯乙烯装置
0.00,ST010127,%(m/m),2025-12-08 16:00:00,正丙苯,延炼12万吨/年乙苯/苯乙烯装置
0.00,ST010127,%(m/m),2025-12-08 16:00:00,甲乙苯,延炼12万吨/年乙苯/苯乙烯装置
0.05,ST010127,%(m/m),2025-12-08 16:00:00,丁苯,延炼12万吨/年乙苯/苯乙烯装置
0.84,ST010127,%(m/m),2025-12-08 16:00:00,二乙苯,延炼12万吨/年乙苯/苯乙烯装置
0.40,ST010127,%(m/m),2025-12-08 16:00:00,重芳,延炼12万吨/年乙苯/苯乙烯装置
0.18,ST010127,%(m/m),2025-12-09 16:00:00,非  芳,延炼12万吨/年乙苯/苯乙烯装置
88.58,ST010127,%(m/m),2025-12-09 16:00:00,苯,延炼12万吨/年乙苯/苯乙烯装置
0.08,ST010127,%(m/m),2025-12-09 16:00:00,甲  苯,延炼12万吨/年乙苯/苯乙烯装置
9.42,ST010127,%(m/m),2025-12-09 16:00:00,乙  苯,延炼12万吨/年乙苯/苯乙烯装置
0.01,ST010127,%(m/m),2025-12-09 16:00:00,二甲苯,延炼12万吨/年乙苯/苯乙烯装置
0.04,ST010127,%(m/m),2025-12-09 16:00:00,异丙苯,延炼12万吨/年乙苯/苯乙烯装置
0.00,ST010127,%(m/m),2025-12-09 16:00:00,正丙苯,延炼12万吨/年乙苯/苯乙烯装置
0.00,ST010127,%(m/m),2025-12-09 16:00:00,甲乙苯,延炼12万吨/年乙苯/苯乙烯装置
0.06,ST010127,%(m/m),2025-12-09 16:00:00,丁苯,延炼12万吨/年乙苯/苯乙烯装置
1.13,ST010127,%(m/m),2025-12-09 16:00:00,二乙苯,延炼12万吨/年乙苯/苯乙烯装置
0.49,ST010127,%(m/m),2025-12-09 16:00:00,重芳,延炼12万吨/年乙苯/苯乙烯装置
0.17,ST010127,%(m/m),2025-12-10 16:00:00,非  芳,延炼12万吨/年乙苯/苯乙烯装置
90.17,ST010127,%(m/m),2025-12-10 16:00:00,苯,延炼12万吨/年乙苯/苯乙烯装置
0.08,ST010127,%(m/m),2025-12-10 16:00:00,甲  苯,延炼12万吨/年乙苯/苯乙烯装置
8.24,ST010127,%(m/m),2025-12-10 16:00:00,乙  苯,延炼12万吨/年乙苯/苯乙烯装置
0.01,ST010127,%(m/m),2025-12-10 16:00:00,二甲苯,延炼12万吨/年乙苯/苯乙烯装置
0.04,ST010127,%(m/m),2025-12-10 16:00:00,异丙苯,延炼12万吨/年乙苯/苯乙烯装置
0.00,ST010127,%(m/m),2025-12-10 16:00:00,正丙苯,延炼12万吨/年乙苯/苯乙烯装置
0.00,ST010127,%(m/m),2025-12-10 16:00:00,甲乙苯,延炼12万吨/年乙苯/苯乙烯装置
0.05,ST010127,%(m/m),2025-12-10 16:00:00,丁苯,延炼12万吨/年乙苯/苯乙烯装置
0.81,ST010127,%(m/m),2025-12-10 16:00:00,二乙苯,延炼12万吨/年乙苯/苯乙烯装置
0.43,ST010127,%(m/m),2025-12-10 16:00:00,重芳,延炼12万吨/年乙苯/苯乙烯装置
92.01,ST010127,%(m/m),2025-12-11 16:00:00,苯,延炼12万吨/年乙苯/苯乙烯装置
0.04,ST010127,%(m/m),2025-12-11 16:00:00,甲  苯,延炼12万吨/年乙苯/苯乙烯装置
7.08,ST010127,%(m/m),2025-12-11 16:00:00,乙  苯,延炼12万吨/年乙苯/苯乙烯装置
0.01,ST010127,%(m/m),2025-12-11 16:00:00,二甲苯,延炼12万吨/年乙苯/苯乙烯装置
0.03,ST010127,%(m/m),2025-12-11 16:00:00,异丙苯,延炼12万吨/年乙苯/苯乙烯装置
0.00,ST010127,%(m/m),2025-12-11 16:00:00,正丙苯,延炼12万吨/年乙苯/苯乙烯装置
0.00,ST010127,%(m/m),2025-12-11 16:00:00,甲乙苯,延炼12万吨/年乙苯/苯乙烯装置
0.04,ST010127,%(m/m),2025-12-11 16:00:00,丁苯,延炼12万吨/年乙苯/苯乙烯装置
0.28,ST010127,%(m/m),2025-12-11 16:00:00,二乙苯,延炼12万吨/年乙苯/苯乙烯装置
0.36,ST010127,%(m/m),2025-12-11 16:00:00,重芳,延炼12万吨/年乙苯/苯乙烯装置
0.14,ST010127,%(m/m),2025-12-11 16:00:00,非  芳,延炼12万吨/年乙苯/苯乙烯装置
0.15,ST010127,%(m/m),2025-12-12 16:00:00,非  芳,延炼12万吨/年乙苯/苯乙烯装置
92.34,ST010127,%(m/m),2025-12-12 16:00:00,苯,延炼12万吨/年乙苯/苯乙烯装置
0.04,ST010127,%(m/m),2025-12-12 16:00:00,甲  苯,延炼12万吨/年乙苯/苯乙烯装置
6.26,ST010127,%(m/m),2025-12-12 16:00:00,乙  苯,延炼12万吨/年乙苯/苯乙烯装置
0.01,ST010127,%(m/m),2025-12-12 16:00:00,二甲苯,延炼12万吨/年乙苯/苯乙烯装置
0.04,ST010127,%(m/m),2025-12-12 16:00:00,异丙苯,延炼12万吨/年乙苯/苯乙烯装置
0.04,ST010127,%(m/m),2025-12-12 16:00:00,正丙苯,延炼12万吨/年乙苯/苯乙烯装置
0.00,ST010127,%(m/m),2025-12-12 16:00:00,甲乙苯,延炼12万吨/年乙苯/苯乙烯装置
0.06,ST010127,%(m/m),2025-12-12 16:00:00,丁苯,延炼12万吨/年乙苯/苯乙烯装置
0.69,ST010127,%(m/m),2025-12-12 16:00:00,二乙苯,延炼12万吨/年乙苯/苯乙烯装置
0.38,ST010127,%(m/m),2025-12-12 16:00:00,重芳,延炼12万吨/年乙苯/苯乙烯装置
0.13,ST010127,%(m/m),2025-12-13 16:00:00,非  芳,延炼12万吨/年乙苯/苯乙烯装置
93.08,ST010127,%(m/m),2025-12-13 16:00:00,苯,延炼12万吨/年乙苯/苯乙烯装置
0.10,ST010127,%(m/m),2025-12-13 16:00:00,甲  苯,延炼12万吨/年乙苯/苯乙烯装置
6.05,ST010127,%(m/m),2025-12-13 16:00:00,乙  苯,延炼12万吨/年乙苯/苯乙烯装置
0.01,ST010127,%(m/m),2025-12-13 16:00:00,二甲苯,延炼12万吨/年乙苯/苯乙烯装置
0.03,ST010127,%(m/m),2025-12-13 16:00:00,异丙苯,延炼12万吨/年乙苯/苯乙烯装置
0.00,ST010127,%(m/m),2025-12-13 16:00:00,正丙苯,延炼12万吨/年乙苯/苯乙烯装置
0.00,ST010127,%(m/m),2025-12-13 16:00:00,甲乙苯,延炼12万吨/年乙苯/苯乙烯装置
0.04,ST010127,%(m/m),2025-12-13 16:00:00,丁苯,延炼12万吨/年乙苯/苯乙烯装置
0.21,ST010127,%(m/m),2025-12-13 16:00:00,二乙苯,延炼12万吨/年乙苯/苯乙烯装置
0.35,ST010127,%(m/m),2025-12-13 16:00:00,重芳,延炼12万吨/年乙苯/苯乙烯装置
0.15,ST010127,%(m/m),2025-12-14 16:00:00,非  芳,延炼12万吨/年乙苯/苯乙烯装置
93.34,ST010127,%(m/m),2025-12-14 16:00:00,苯,延炼12万吨/年乙苯/苯乙烯装置
0.08,ST010127,%(m/m),2025-12-14 16:00:00,甲  苯,延炼12万吨/年乙苯/苯乙烯装置
5.56,ST010127,%(m/m),2025-12-14 16:00:00,乙  苯,延炼12万吨/年乙苯/苯乙烯装置
0.01,ST010127,%(m/m),2025-12-14 16:00:00,二甲苯,延炼12万吨/年乙苯/苯乙烯装置
0.04,ST010127,%(m/m),2025-12-14 16:00:00,异丙苯,延炼12万吨/年乙苯/苯乙烯装置
0.00,ST010127,%(m/m),2025-12-14 16:00:00,正丙苯,延炼12万吨/年乙苯/苯乙烯装置
0.00,ST010127,%(m/m),2025-12-14 16:00:00,甲乙苯,延炼12万吨/年乙苯/苯乙烯装置
0.06,ST010127,%(m/m),2025-12-14 16:00:00,丁苯,延炼12万吨/年乙苯/苯乙烯装置
0.59,ST010127,%(m/m),2025-12-14 16:00:00,二乙苯,延炼12万吨/年乙苯/苯乙烯装置
0.18,ST010127,%(m/m),2025-12-14 16:00:00,重芳,延炼12万吨/年乙苯/苯乙烯装置
0.34,ST010127,%(m/m),2025-12-15 16:00:00,非  芳,延炼12万吨/年乙苯/苯乙烯装置
99.39,ST010127,%(m/m),2025-12-15 16:00:00,苯,延炼12万吨/年乙苯/苯乙烯装置
0.25,ST010127,%(m/m),2025-12-15 16:00:00,甲  苯,延炼12万吨/年乙苯/苯乙烯装置
0.00,ST010127,%(m/m),2025-12-15 16:00:00,乙  苯,延炼12万吨/年乙苯/苯乙烯装置
0.00,ST010127,%(m/m),2025-12-15 16:00:00,二甲苯,延炼12万吨/年乙苯/苯乙烯装置
0.00,ST010127,%(m/m),2025-12-15 16:00:00,异丙苯,延炼12万吨/年乙苯/苯乙烯装置
0.00,ST010127,%(m/m),2025-12-15 16:00:00,正丙苯,延炼12万吨/年乙苯/苯乙烯装置
0.00,ST010127,%(m/m),2025-12-15 16:00:00,甲乙苯,延炼12万吨/年乙苯/苯乙烯装置
0.01,ST010127,%(m/m),2025-12-15 16:00:00,丁苯,延炼12万吨/年乙苯/苯乙烯装置
0.00,ST010127,%(m/m),2025-12-15 16:00:00,二乙苯,延炼12万吨/年乙苯/苯乙烯装置
0.00,ST010127,%(m/m),2025-12-15 16:00:00,重芳,延炼12万吨/年乙苯/苯乙烯装置
0.14,ST010127,%(m/m),2025-12-16 16:00:00,非  芳,延炼12万吨/年乙苯/苯乙烯装置
89.99,ST010127,%(m/m),2025-12-16 16:00:00,苯,延炼12万吨/年乙苯/苯乙烯装置
0.06,ST010127,%(m/m),2025-12-16 16:00:00,甲  苯,延炼12万吨/年乙苯/苯乙烯装置
8.50,ST010127,%(m/m),2025-12-16 16:00:00,乙  苯,延炼12万吨/年乙苯/苯乙烯装置
0.01,ST010127,%(m/m),2025-12-16 16:00:00,二甲苯,延炼12万吨/年乙苯/苯乙烯装置
0.00,ST010127,%(m/m),2025-12-16 16:00:00,异丙苯,延炼12万吨/年乙苯/苯乙烯装置
0.00,ST010127,%(m/m),2025-12-16 16:00:00,正丙苯,延炼12万吨/年乙苯/苯乙烯装置
0.00,ST010127,%(m/m),2025-12-16 16:00:00,甲乙苯,延炼12万吨/年乙苯/苯乙烯装置
0.05,ST010127,%(m/m),2025-12-16 16:00:00,丁苯,延炼12万吨/年乙苯/苯乙烯装置
0.81,ST010127,%(m/m),2025-12-16 16:00:00,二乙苯,延炼12万吨/年乙苯/苯乙烯装置
0.44,ST010127,%(m/m),2025-12-16 16:00:00,重芳,延炼12万吨/年乙苯/苯乙烯装置
0.14,ST010127,%(m/m),2025-12-17 16:00:00,非  芳,延炼12万吨/年乙苯/苯乙烯装置
93.33,ST010127,%(m/m),2025-12-17 16:00:00,苯,延炼12万吨/年乙苯/苯乙烯装置
0.05,ST010127,%(m/m),2025-12-17 16:00:00,甲  苯,延炼12万吨/年乙苯/苯乙烯装置
5.26,ST010127,%(m/m),2025-12-17 16:00:00,乙  苯,延炼12万吨/年乙苯/苯乙烯装置
0.00,ST010127,%(m/m),2025-12-17 16:00:00,二甲苯,延炼12万吨/年乙苯/苯乙烯装置
0.03,ST010127,%(m/m),2025-12-17 16:00:00,异丙苯,延炼12万吨/年乙苯/苯乙烯装置
0.02,ST010127,%(m/m),2025-12-17 16:00:00,正丙苯,延炼12万吨/年乙苯/苯乙烯装置
0.00,ST010127,%(m/m),2025-12-17 16:00:00,甲乙苯,延炼12万吨/年乙苯/苯乙烯装置
0.05,ST010127,%(m/m),2025-12-17 16:00:00,丁苯,延炼12万吨/年乙苯/苯乙烯装置
0.80,ST010127,%(m/m),2025-12-17 16:00:00,二乙苯,延炼12万吨/年乙苯/苯乙烯装置
0.31,ST010127,%(m/m),2025-12-17 16:00:00,重芳,延炼12万吨/年乙苯/苯乙烯装置
0.18,ST010127,%(m/m),2025-12-18 16:00:00,非  芳,延炼12万吨/年乙苯/苯乙烯装置
90.07,ST010127,%(m/m),2025-12-18 16:00:00,苯,延炼12万吨/年乙苯/苯乙烯装置
0.05,ST010127,%(m/m),2025-12-18 16:00:00,甲  苯,延炼12万吨/年乙苯/苯乙烯装置
8.09,ST010127,%(m/m),2025-12-18 16:00:00,乙  苯,延炼12万吨/年乙苯/苯乙烯装置
0.01,ST010127,%(m/m),2025-12-18 16:00:00,二甲苯,延炼12万吨/年乙苯/苯乙烯装置
0.04,ST010127,%(m/m),2025-12-18 16:00:00,异丙苯,延炼12万吨/年乙苯/苯乙烯装置
0.04,ST010127,%(m/m),2025-12-18 16:00:00,正丙苯,延炼12万吨/年乙苯/苯乙烯装置
0.01,ST010127,%(m/m),2025-12-18 16:00:00,甲乙苯,延炼12万吨/年乙苯/苯乙烯装置
0.07,ST010127,%(m/m),2025-12-18 16:00:00,丁苯,延炼12万吨/年乙苯/苯乙烯装置
1.02,ST010127,%(m/m),2025-12-18 16:00:00,二乙苯,延炼12万吨/年乙苯/苯乙烯装置
0.44,ST010127,%(m/m),2025-12-18 16:00:00,重芳,延炼12万吨/年乙苯/苯乙烯装置
0.12,ST010127,%(m/m),2025-12-19 16:00:00,非  芳,延炼12万吨/年乙苯/苯乙烯装置
92.22,ST010127,%(m/m),2025-12-19 16:00:00,苯,延炼12万吨/年乙苯/苯乙烯装置
0.05,ST010127,%(m/m),2025-12-19 16:00:00,甲  苯,延炼12万吨/年乙苯/苯乙烯装置
6.96,ST010127,%(m/m),2025-12-19 16:00:00,乙  苯,延炼12万吨/年乙苯/苯乙烯装置
0.01,ST010127,%(m/m),2025-12-19 16:00:00,二甲苯,延炼12万吨/年乙苯/苯乙烯装置
0.00,ST010127,%(m/m),2025-12-19 16:00:00,异丙苯,延炼12万吨/年乙苯/苯乙烯装置
0.00,ST010127,%(m/m),2025-12-19 16:00:00,正丙苯,延炼12万吨/年乙苯/苯乙烯装置
0.01,ST010127,%(m/m),2025-12-19 16:00:00,甲乙苯,延炼12万吨/年乙苯/苯乙烯装置
0.04,ST010127,%(m/m),2025-12-19 16:00:00,丁苯,延炼12万吨/年乙苯/苯乙烯装置
0.27,ST010127,%(m/m),2025-12-19 16:00:00,二乙苯,延炼12万吨/年乙苯/苯乙烯装置
0.33,ST010127,%(m/m),2025-12-19 16:00:00,重芳,延炼12万吨/年乙苯/苯乙烯装置
0.15,ST010127,%(m/m),2025-12-20 16:00:00,非  芳,延炼12万吨/年乙苯/苯乙烯装置
89.28,ST010127,%(m/m),2025-12-20 16:00:00,苯,延炼12万吨/年乙苯/苯乙烯装置
0.05,ST010127,%(m/m),2025-12-20 16:00:00,甲  苯,延炼12万吨/年乙苯/苯乙烯装置
9.07,ST010127,%(m/m),2025-12-20 16:00:00,乙  苯,延炼12万吨/年乙苯/苯乙烯装置
0.01,ST010127,%(m/m),2025-12-20 16:00:00,二甲苯,延炼12万吨/年乙苯/苯乙烯装置
0.00,ST010127,%(m/m),2025-12-20 16:00:00,异丙苯,延炼12万吨/年乙苯/苯乙烯装置
0.00,ST010127,%(m/m),2025-12-20 16:00:00,正丙苯,延炼12万吨/年乙苯/苯乙烯装置
0.01,ST010127,%(m/m),2025-12-20 16:00:00,甲乙苯,延炼12万吨/年乙苯/苯乙烯装置
0.05,ST010127,%(m/m),2025-12-20 16:00:00,丁苯,延炼12万吨/年乙苯/苯乙烯装置
0.93,ST010127,%(m/m),2025-12-20 16:00:00,二乙苯,延炼12万吨/年乙苯/苯乙烯装置
0.46,ST010127,%(m/m),2025-12-20 16:00:00,重芳,延炼12万吨/年乙苯/苯乙烯装置
0.19,ST010127,%(m/m),2025-12-21 16:00:00,非  芳,延炼12万吨/年乙苯/苯乙烯装置
88.94,ST010127,%(m/m),2025-12-21 16:00:00,苯,延炼12万吨/年乙苯/苯乙烯装置
0.10,ST010127,%(m/m),2025-12-21 16:00:00,甲  苯,延炼12万吨/年乙苯/苯乙烯装置
9.33,ST010127,%(m/m),2025-12-21 16:00:00,乙  苯,延炼12万吨/年乙苯/苯乙烯装置
0.01,ST010127,%(m/m),2025-12-21 16:00:00,二甲苯,延炼12万吨/年乙苯/苯乙烯装置
0.00,ST010127,%(m/m),2025-12-21 16:00:00,异丙苯,延炼12万吨/年乙苯/苯乙烯装置
0.00,ST010127,%(m/m),2025-12-21 16:00:00,正丙苯,延炼12万吨/年乙苯/苯乙烯装置
0.01,ST010127,%(m/m),2025-12-21 16:00:00,甲乙苯,延炼12万吨/年乙苯/苯乙烯装置
0.05,ST010127,%(m/m),2025-12-21 16:00:00,丁苯,延炼12万吨/年乙苯/苯乙烯装置
0.92,ST010127,%(m/m),2025-12-21 16:00:00,二乙苯,延炼12万吨/年乙苯/苯乙烯装置
0.44,ST010127,%(m/m),2025-12-21 16:00:00,重芳,延炼12万吨/年乙苯/苯乙烯装置
0.15,ST010127,%(m/m),2025-12-22 16:00:00,非  芳,延炼12万吨/年乙苯/苯乙烯装置
91.44,ST010127,%(m/m),2025-12-22 16:00:00,苯,延炼12万吨/年乙苯/苯乙烯装置
0.09,ST010127,%(m/m),2025-12-22 16:00:00,甲  苯,延炼12万吨/年乙苯/苯乙烯装置
7.58,ST010127,%(m/m),2025-12-22 16:00:00,乙  苯,延炼12万吨/年乙苯/苯乙烯装置
0.01,ST010127,%(m/m),2025-12-22 16:00:00,二甲苯,延炼12万吨/年乙苯/苯乙烯装置
0.00,ST010127,%(m/m),2025-12-22 16:00:00,异丙苯,延炼12万吨/年乙苯/苯乙烯装置
0.00,ST010127,%(m/m),2025-12-22 16:00:00,正丙苯,延炼12万吨/年乙苯/苯乙烯装置
0.01,ST010127,%(m/m),2025-12-22 16:00:00,甲乙苯,延炼12万吨/年乙苯/苯乙烯装置
0.05,ST010127,%(m/m),2025-12-22 16:00:00,丁苯,延炼12万吨/年乙苯/苯乙烯装置
0.28,ST010127,%(m/m),2025-12-22 16:00:00,二乙苯,延炼12万吨/年乙苯/苯乙烯装置
0.39,ST010127,%(m/m),2025-12-22 16:00:00,重芳,延炼12万吨/年乙苯/苯乙烯装置
0.13,ST010127,%(m/m),2025-12-23 16:00:00,非  芳,延炼12万吨/年乙苯/苯乙烯装置
91.55,ST010127,%(m/m),2025-12-23 16:00:00,苯,延炼12万吨/年乙苯/苯乙烯装置
0.05,ST010127,%(m/m),2025-12-23 16:00:00,甲  苯,延炼12万吨/年乙苯/苯乙烯装置
6.96,ST010127,%(m/m),2025-12-23 16:00:00,乙  苯,延炼12万吨/年乙苯/苯乙烯装置
0.01,ST010127,%(m/m),2025-12-23 16:00:00,二甲苯,延炼12万吨/年乙苯/苯乙烯装置
0.04,ST010127,%(m/m),2025-12-23 16:00:00,异丙苯,延炼12万吨/年乙苯/苯乙烯装置
0.05,ST010127,%(m/m),2025-12-23 16:00:00,正丙苯,延炼12万吨/年乙苯/苯乙烯装置
0.01,ST010127,%(m/m),2025-12-23 16:00:00,甲乙苯,延炼12万吨/年乙苯/苯乙烯装置
0.06,ST010127,%(m/m),2025-12-23 16:00:00,丁苯,延炼12万吨/年乙苯/苯乙烯装置
0.83,ST010127,%(m/m),2025-12-23 16:00:00,二乙苯,延炼12万吨/年乙苯/苯乙烯装置
0.32,ST010127,%(m/m),2025-12-23 16:00:00,重芳,延炼12万吨/年乙苯/苯乙烯装置
0.12,ST010127,%(m/m),2025-12-24 16:00:00,非  芳,延炼12万吨/年乙苯/苯乙烯装置
91.35,ST010127,%(m/m),2025-12-24 16:00:00,苯,延炼12万吨/年乙苯/苯乙烯装置
0.05,ST010127,%(m/m),2025-12-24 16:00:00,甲  苯,延炼12万吨/年乙苯/苯乙烯装置
7.12,ST010127,%(m/m),2025-12-24 16:00:00,乙  苯,延炼12万吨/年乙苯/苯乙烯装置
0.01,ST010127,%(m/m),2025-12-24 16:00:00,二甲苯,延炼12万吨/年乙苯/苯乙烯装置
0.04,ST010127,%(m/m),2025-12-24 16:00:00,异丙苯,延炼12万吨/年乙苯/苯乙烯装置
0.05,ST010127,%(m/m),2025-12-24 16:00:00,正丙苯,延炼12万吨/年乙苯/苯乙烯装置
0.01,ST010127,%(m/m),2025-12-24 16:00:00,甲乙苯,延炼12万吨/年乙苯/苯乙烯装置
0.06,ST010127,%(m/m),2025-12-24 16:00:00,丁苯,延炼12万吨/年乙苯/苯乙烯装置
0.85,ST010127,%(m/m),2025-12-24 16:00:00,二乙苯,延炼12万吨/年乙苯/苯乙烯装置
0.33,ST010127,%(m/m),2025-12-24 16:00:00,重芳,延炼12万吨/年乙苯/苯乙烯装置
0.17,ST010127,%(m/m),2025-12-25 16:00:00,非  芳,延炼12万吨/年乙苯/苯乙烯装置
90.49,ST010127,%(m/m),2025-12-25 16:00:00,苯,延炼12万吨/年乙苯/苯乙烯装置
0.08,ST010127,%(m/m),2025-12-25 16:00:00,甲  苯,延炼12万吨/年乙苯/苯乙烯装置
8.02,ST010127,%(m/m),2025-12-25 16:00:00,乙  苯,延炼12万吨/年乙苯/苯乙烯装置
0.01,ST010127,%(m/m),2025-12-25 16:00:00,二甲苯,延炼12万吨/年乙苯/苯乙烯装置
0.00,ST010127,%(m/m),2025-12-25 16:00:00,异丙苯,延炼12万吨/年乙苯/苯乙烯装置
0.00,ST010127,%(m/m),2025-12-25 16:00:00,正丙苯,延炼12万吨/年乙苯/苯乙烯装置
0.01,ST010127,%(m/m),2025-12-25 16:00:00,甲乙苯,延炼12万吨/年乙苯/苯乙烯装置
0.07,ST010127,%(m/m),2025-12-25 16:00:00,丁苯,延炼12万吨/年乙苯/苯乙烯装置
0.75,ST010127,%(m/m),2025-12-25 16:00:00,二乙苯,延炼12万吨/年乙苯/苯乙烯装置
0.42,ST010127,%(m/m),2025-12-25 16:00:00,重芳,延炼12万吨/年乙苯/苯乙烯装置
0.20,ST010127,%(m/m),2025-12-26 16:00:00,非  芳,延炼12万吨/年乙苯/苯乙烯装置
90.69,ST010127,%(m/m),2025-12-26 16:00:00,苯,延炼12万吨/年乙苯/苯乙烯装置
0.13,ST010127,%(m/m),2025-12-26 16:00:00,甲  苯,延炼12万吨/年乙苯/苯乙烯装置
8.01,ST010127,%(m/m),2025-12-26 16:00:00,乙  苯,延炼12万吨/年乙苯/苯乙烯装置
0.01,ST010127,%(m/m),2025-12-26 16:00:00,二甲苯,延炼12万吨/年乙苯/苯乙烯装置
0.00,ST010127,%(m/m),2025-12-26 16:00:00,异丙苯,延炼12万吨/年乙苯/苯乙烯装置
0.00,ST010127,%(m/m),2025-12-26 16:00:00,正丙苯,延炼12万吨/年乙苯/苯乙烯装置
0.01,ST010127,%(m/m),2025-12-26 16:00:00,甲乙苯,延炼12万吨/年乙苯/苯乙烯装置
0.08,ST010127,%(m/m),2025-12-26 16:00:00,丁苯,延炼12万吨/年乙苯/苯乙烯装置
0.43,ST010127,%(m/m),2025-12-26 16:00:00,二乙苯,延炼12万吨/年乙苯/苯乙烯装置
0.45,ST010127,%(m/m),2025-12-26 16:00:00,重芳,延炼12万吨/年乙苯/苯乙烯装置
0.12,ST010127,%(m/m),2025-12-27 16:00:00,非  芳,延炼12万吨/年乙苯/苯乙烯装置
91.22,ST010127,%(m/m),2025-12-27 16:00:00,苯,延炼12万吨/年乙苯/苯乙烯装置
0.07,ST010127,%(m/m),2025-12-27 16:00:00,甲  苯,延炼12万吨/年乙苯/苯乙烯装置
7.32,ST010127,%(m/m),2025-12-27 16:00:00,乙  苯,延炼12万吨/年乙苯/苯乙烯装置
0.01,ST010127,%(m/m),2025-12-27 16:00:00,二甲苯,延炼12万吨/年乙苯/苯乙烯装置
0.05,ST010127,%(m/m),2025-12-27 16:00:00,异丙苯,延炼12万吨/年乙苯/苯乙烯装置
0.00,ST010127,%(m/m),2025-12-27 16:00:00,正丙苯,延炼12万吨/年乙苯/苯乙烯装置
0.01,ST010127,%(m/m),2025-12-27 16:00:00,甲乙苯,延炼12万吨/年乙苯/苯乙烯装置
0.02,ST010127,%(m/m),2025-12-27 16:00:00,丁苯,延炼12万吨/年乙苯/苯乙烯装置
0.81,ST010127,%(m/m),2025-12-27 16:00:00,二乙苯,延炼12万吨/年乙苯/苯乙烯装置
0.39,ST010127,%(m/m),2025-12-27 16:00:00,重芳,延炼12万吨/年乙苯/苯乙烯装置
0.13,ST010127,%(m/m),2025-12-28 16:00:00,非  芳,延炼12万吨/年乙苯/苯乙烯装置
92.67,ST010127,%(m/m),2025-12-28 16:00:00,苯,延炼12万吨/年乙苯/苯乙烯装置
0.00,ST010127,%(m/m),2025-12-28 16:00:00,甲  苯,延炼12万吨/年乙苯/苯乙烯装置
6.03,ST010127,%(m/m),2025-12-28 16:00:00,乙  苯,延炼12万吨/年乙苯/苯乙烯装置
0.01,ST010127,%(m/m),2025-12-28 16:00:00,二甲苯,延炼12万吨/年乙苯/苯乙烯装置
0.00,ST010127,%(m/m),2025-12-28 16:00:00,异丙苯,延炼12万吨/年乙苯/苯乙烯装置
0.00,ST010127,%(m/m),2025-12-28 16:00:00,正丙苯,延炼12万吨/年乙苯/苯乙烯装置
0.01,ST010127,%(m/m),2025-12-28 16:00:00,甲乙苯,延炼12万吨/年乙苯/苯乙烯装置
0.01,ST010127,%(m/m),2025-12-28 16:00:00,丁苯,延炼12万吨/年乙苯/苯乙烯装置
0.79,ST010127,%(m/m),2025-12-28 16:00:00,二乙苯,延炼12万吨/年乙苯/苯乙烯装置
0.36,ST010127,%(m/m),2025-12-28 16:00:00,重芳,延炼12万吨/年乙苯/苯乙烯装置
0.16,ST010127,%(m/m),2025-12-29 16:00:00,非  芳,延炼12万吨/年乙苯/苯乙烯装置
91.69,ST010127,%(m/m),2025-12-29 16:00:00,苯,延炼12万吨/年乙苯/苯乙烯装置
0.10,ST010127,%(m/m),2025-12-29 16:00:00,甲  苯,延炼12万吨/年乙苯/苯乙烯装置
6.45,ST010127,%(m/m),2025-12-29 16:00:00,乙  苯,延炼12万吨/年乙苯/苯乙烯装置
0.01,ST010127,%(m/m),2025-12-29 16:00:00,二甲苯,延炼12万吨/年乙苯/苯乙烯装置
0.04,ST010127,%(m/m),2025-12-29 16:00:00,异丙苯,延炼12万吨/年乙苯/苯乙烯装置
0.04,ST010127,%(m/m),2025-12-29 16:00:00,正丙苯,延炼12万吨/年乙苯/苯乙烯装置
0.01,ST010127,%(m/m),2025-12-29 16:00:00,甲乙苯,延炼12万吨/年乙苯/苯乙烯装置
0.06,ST010127,%(m/m),2025-12-29 16:00:00,丁苯,延炼12万吨/年乙苯/苯乙烯装置
1.09,ST010127,%(m/m),2025-12-29 16:00:00,二乙苯,延炼12万吨/年乙苯/苯乙烯装置
0.36,ST010127,%(m/m),2025-12-29 16:00:00,重芳,延炼12万吨/年乙苯/苯乙烯装置
0.16,ST010127,%(m/m),2025-12-30 16:00:00,非  芳,延炼12万吨/年乙苯/苯乙烯装置
86.05,ST010127,%(m/m),2025-12-30 16:00:00,苯,延炼12万吨/年乙苯/苯乙烯装置
0.10,ST010127,%(m/m),2025-12-30 16:00:00,甲  苯,延炼12万吨/年乙苯/苯乙烯装置
11.72,ST010127,%(m/m),2025-12-30 16:00:00,乙  苯,延炼12万吨/年乙苯/苯乙烯装置
0.01,ST010127,%(m/m),2025-12-30 16:00:00,二甲苯,延炼12万吨/年乙苯/苯乙烯装置
0.05,ST010127,%(m/m),2025-12-30 16:00:00,异丙苯,延炼12万吨/年乙苯/苯乙烯装置
0.06,ST010127,%(m/m),2025-12-30 16:00:00,正丙苯,延炼12万吨/年乙苯/苯乙烯装置
0.01,ST010127,%(m/m),2025-12-30 16:00:00,甲乙苯,延炼12万吨/年乙苯/苯乙烯装置
0.09,ST010127,%(m/m),2025-12-30 16:00:00,丁苯,延炼12万吨/年乙苯/苯乙烯装置
1.20,ST010127,%(m/m),2025-12-30 16:00:00,二乙苯,延炼12万吨/年乙苯/苯乙烯装置
0.55,ST010127,%(m/m),2025-12-30 16:00:00,重芳,延炼12万吨/年乙苯/苯乙烯装置
0.15,ST010127,%(m/m),2025-12-31 16:00:00,非  芳,延炼12万吨/年乙苯/苯乙烯装置
86.11,ST010127,%(m/m),2025-12-31 16:00:00,苯,延炼12万吨/年乙苯/苯乙烯装置
0.11,ST010127,%(m/m),2025-12-31 16:00:00,甲  苯,延炼12万吨/年乙苯/苯乙烯装置
11.71,ST010127,%(m/m),2025-12-31 16:00:00,乙  苯,延炼12万吨/年乙苯/苯乙烯装置
0.01,ST010127,%(m/m),2025-12-31 16:00:00,二甲苯,延炼12万吨/年乙苯/苯乙烯装置
0.05,ST010127,%(m/m),2025-12-31 16:00:00,异丙苯,延炼12万吨/年乙苯/苯乙烯装置
0.06,ST010127,%(m/m),2025-12-31 16:00:00,正丙苯,延炼12万吨/年乙苯/苯乙烯装置
0.01,ST010127,%(m/m),2025-12-31 16:00:00,甲乙苯,延炼12万吨/年乙苯/苯乙烯装置
0.02,ST010127,%(m/m),2025-12-31 16:00:00,丁苯,延炼12万吨/年乙苯/苯乙烯装置
1.20,ST010127,%(m/m),2025-12-31 16:00:00,二乙苯,延炼12万吨/年乙苯/苯乙烯装置
0.56,ST010127,%(m/m),2025-12-31 16:00:00,重芳,延炼12万吨/年乙苯/苯乙烯装置
0.14,ST010127,%(m/m),2026-01-01 16:00:00,非  芳,延炼12万吨/年乙苯/苯乙烯装置
90.92,ST010127,%(m/m),2026-01-01 16:00:00,苯,延炼12万吨/年乙苯/苯乙烯装置
0.06,ST010127,%(m/m),2026-01-01 16:00:00,甲  苯,延炼12万吨/年乙苯/苯乙烯装置
7.69,ST010127,%(m/m),2026-01-01 16:00:00,乙  苯,延炼12万吨/年乙苯/苯乙烯装置
0.01,ST010127,%(m/m),2026-01-01 16:00:00,二甲苯,延炼12万吨/年乙苯/苯乙烯装置
0.04,ST010127,%(m/m),2026-01-01 16:00:00,异丙苯,延炼12万吨/年乙苯/苯乙烯装置
0.04,ST010127,%(m/m),2026-01-01 16:00:00,正丙苯,延炼12万吨/年乙苯/苯乙烯装置
0.01,ST010127,%(m/m),2026-01-01 16:00:00,甲乙苯,延炼12万吨/年乙苯/苯乙烯装置
0.02,ST010127,%(m/m),2026-01-01 16:00:00,丁苯,延炼12万吨/年乙苯/苯乙烯装置
0.66,ST010127,%(m/m),2026-01-01 16:00:00,二乙苯,延炼12万吨/年乙苯/苯乙烯装置
0.41,ST010127,%(m/m),2026-01-01 16:00:00,重芳,延炼12万吨/年乙苯/苯乙烯装置
0.09,ST010127,%(m/m),2026-01-02 16:00:00,丁苯,延炼12万吨/年乙苯/苯乙烯装置
1.06,ST010127,%(m/m),2026-01-02 16:00:00,二乙苯,延炼12万吨/年乙苯/苯乙烯装置
0.53,ST010127,%(m/m),2026-01-02 16:00:00,重芳,延炼12万吨/年乙苯/苯乙烯装置
0.17,ST010127,%(m/m),2026-01-02 16:00:00,非  芳,延炼12万吨/年乙苯/苯乙烯装置
86.35,ST010127,%(m/m),2026-01-02 16:00:00,苯,延炼12万吨/年乙苯/苯乙烯装置
0.08,ST010127,%(m/m),2026-01-02 16:00:00,甲  苯,延炼12万吨/年乙苯/苯乙烯装置
11.61,ST010127,%(m/m),2026-01-02 16:00:00,乙  苯,延炼12万吨/年乙苯/苯乙烯装置
0.01,ST010127,%(m/m),2026-01-02 16:00:00,二甲苯,延炼12万吨/年乙苯/苯乙烯装置
0.05,ST010127,%(m/m),2026-01-02 16:00:00,异丙苯,延炼12万吨/年乙苯/苯乙烯装置
0.06,ST010127,%(m/m),2026-01-02 16:00:00,正丙苯,延炼12万吨/年乙苯/苯乙烯装置
0.01,ST010127,%(m/m),2026-01-02 16:00:00,甲乙苯,延炼12万吨/年乙苯/苯乙烯装置
0.15,ST010127,%(m/m),2026-01-03 16:00:00,非  芳,延炼12万吨/年乙苯/苯乙烯装置
88.52,ST010127,%(m/m),2026-01-03 16:00:00,苯,延炼12万吨/年乙苯/苯乙烯装置
0.07,ST010127,%(m/m),2026-01-03 16:00:00,甲  苯,延炼12万吨/年乙苯/苯乙烯装置
9.58,ST010127,%(m/m),2026-01-03 16:00:00,乙  苯,延炼12万吨/年乙苯/苯乙烯装置
0.01,ST010127,%(m/m),2026-01-03 16:00:00,二甲苯,延炼12万吨/年乙苯/苯乙烯装置
0.04,ST010127,%(m/m),2026-01-03 16:00:00,异丙苯,延炼12万吨/年乙苯/苯乙烯装置
0.05,ST010127,%(m/m),2026-01-03 16:00:00,正丙苯,延炼12万吨/年乙苯/苯乙烯装置
0.01,ST010127,%(m/m),2026-01-03 16:00:00,甲乙苯,延炼12万吨/年乙苯/苯乙烯装置
0.08,ST010127,%(m/m),2026-01-03 16:00:00,丁苯,延炼12万吨/年乙苯/苯乙烯装置
1.02,ST010127,%(m/m),2026-01-03 16:00:00,二乙苯,延炼12万吨/年乙苯/苯乙烯装置
0.48,ST010127,%(m/m),2026-01-03 16:00:00,重芳,延炼12万吨/年乙苯/苯乙烯装置
0.14,ST010127,%(m/m),2026-01-04 16:00:00,非  芳,延炼12万吨/年乙苯/苯乙烯装置
89.10,ST010127,%(m/m),2026-01-04 16:00:00,苯,延炼12万吨/年乙苯/苯乙烯装置
0.08,ST010127,%(m/m),2026-01-04 16:00:00,甲  苯,延炼12万吨/年乙苯/苯乙烯装置
8.71,ST010127,%(m/m),2026-01-04 16:00:00,乙  苯,延炼12万吨/年乙苯/苯乙烯装置
0.01,ST010127,%(m/m),2026-01-04 16:00:00,二甲苯,延炼12万吨/年乙苯/苯乙烯装置
0.05,ST010127,%(m/m),2026-01-04 16:00:00,异丙苯,延炼12万吨/年乙苯/苯乙烯装置
0.06,ST010127,%(m/m),2026-01-04 16:00:00,正丙苯,延炼12万吨/年乙苯/苯乙烯装置
0.01,ST010127,%(m/m),2026-01-04 16:00:00,甲乙苯,延炼12万吨/年乙苯/苯乙烯装置
0.08,ST010127,%(m/m),2026-01-04 16:00:00,丁苯,延炼12万吨/年乙苯/苯乙烯装置
1.29,ST010127,%(m/m),2026-01-04 16:00:00,二乙苯,延炼12万吨/年乙苯/苯乙烯装置
0.47,ST010127,%(m/m),2026-01-04 16:00:00,重芳,延炼12万吨/年乙苯/苯乙烯装置
0.13,ST010127,%(m/m),2026-01-05 16:00:00,非  芳,延炼12万吨/年乙苯/苯乙烯装置
89.23,ST010127,%(m/m),2026-01-05 16:00:00,苯,延炼12万吨/年乙苯/苯乙烯装置
0.05,ST010127,%(m/m),2026-01-05 16:00:00,甲  苯,延炼12万吨/年乙苯/苯乙烯装置
8.83,ST010127,%(m/m),2026-01-05 16:00:00,乙  苯,延炼12万吨/年乙苯/苯乙烯装置
0.01,ST010127,%(m/m),2026-01-05 16:00:00,二甲苯,延炼12万吨/年乙苯/苯乙烯装置
0.04,ST010127,%(m/m),2026-01-05 16:00:00,异丙苯,延炼12万吨/年乙苯/苯乙烯装置
0.05,ST010127,%(m/m),2026-01-05 16:00:00,正丙苯,延炼12万吨/年乙苯/苯乙烯装置
0.01,ST010127,%(m/m),2026-01-05 16:00:00,甲乙苯,延炼12万吨/年乙苯/苯乙烯装置
0.07,ST010127,%(m/m),2026-01-05 16:00:00,丁苯,延炼12万吨/年乙苯/苯乙烯装置
1.13,ST010127,%(m/m),2026-01-05 16:00:00,二乙苯,延炼12万吨/年乙苯/苯乙烯装置
0.44,ST010127,%(m/m),2026-01-05 16:00:00,重芳,延炼12万吨/年乙苯/苯乙烯装置
0.13,ST010127,%(m/m),2026-01-06 16:00:00,非  芳,延炼12万吨/年乙苯/苯乙烯装置
90.47,ST010127,%(m/m),2026-01-06 16:00:00,苯,延炼12万吨/年乙苯/苯乙烯装置
0.04,ST010127,%(m/m),2026-01-06 16:00:00,甲  苯,延炼12万吨/年乙苯/苯乙烯装置
8.28,ST010127,%(m/m),2026-01-06 16:00:00,乙  苯,延炼12万吨/年乙苯/苯乙烯装置
0.01,ST010127,%(m/m),2026-01-06 16:00:00,二甲苯,延炼12万吨/年乙苯/苯乙烯装置
0.04,ST010127,%(m/m),2026-01-06 16:00:00,异丙苯,延炼12万吨/年乙苯/苯乙烯装置
0.05,ST010127,%(m/m),2026-01-06 16:00:00,正丙苯,延炼12万吨/年乙苯/苯乙烯装置
0.01,ST010127,%(m/m),2026-01-06 16:00:00,甲乙苯,延炼12万吨/年乙苯/苯乙烯装置
0.07,ST010127,%(m/m),2026-01-06 16:00:00,丁苯,延炼12万吨/年乙苯/苯乙烯装置
0.48,ST010127,%(m/m),2026-01-06 16:00:00,二乙苯,延炼12万吨/年乙苯/苯乙烯装置
0.43,ST010127,%(m/m),2026-01-06 16:00:00,重芳,延炼12万吨/年乙苯/苯乙烯装置
0.14,ST010127,%(m/m),2026-01-07 16:00:00,非  芳,延炼12万吨/年乙苯/苯乙烯装置
90.78,ST010127,%(m/m),2026-01-07 16:00:00,苯,延炼12万吨/年乙苯/苯乙烯装置
0.06,ST010127,%(m/m),2026-01-07 16:00:00,甲  苯,延炼12万吨/年乙苯/苯乙烯装置
7.69,ST010127,%(m/m),2026-01-07 16:00:00,乙  苯,延炼12万吨/年乙苯/苯乙烯装置
0.01,ST010127,%(m/m),2026-01-07 16:00:00,二甲苯,延炼12万吨/年乙苯/苯乙烯装置
0.04,ST010127,%(m/m),2026-01-07 16:00:00,异丙苯,延炼12万吨/年乙苯/苯乙烯装置
0.05,ST010127,%(m/m),2026-01-07 16:00:00,正丙苯,延炼12万吨/年乙苯/苯乙烯装置
0.01,ST010127,%(m/m),2026-01-07 16:00:00,甲乙苯,延炼12万吨/年乙苯/苯乙烯装置
0.07,ST010127,%(m/m),2026-01-07 16:00:00,丁苯,延炼12万吨/年乙苯/苯乙烯装置
0.75,ST010127,%(m/m),2026-01-07 16:00:00,二乙苯,延炼12万吨/年乙苯/苯乙烯装置
0.41,ST010127,%(m/m),2026-01-07 16:00:00,重芳,延炼12万吨/年乙苯/苯乙烯装置
0.12,ST010127,%(m/m),2026-01-08 16:00:00,非  芳,延炼12万吨/年乙苯/苯乙烯装置
91.32,ST010127,%(m/m),2026-01-08 16:00:00,苯,延炼12万吨/年乙苯/苯乙烯装置
0.07,ST010127,%(m/m),2026-01-08 16:00:00,甲  苯,延炼12万吨/年乙苯/苯乙烯装置
7.14,ST010127,%(m/m),2026-01-08 16:00:00,乙  苯,延炼12万吨/年乙苯/苯乙烯装置
0.01,ST010127,%(m/m),2026-01-08 16:00:00,二甲苯,延炼12万吨/年乙苯/苯乙烯装置
0.04,ST010127,%(m/m),2026-01-08 16:00:00,异丙苯,延炼12万吨/年乙苯/苯乙烯装置
0.05,ST010127,%(m/m),2026-01-08 16:00:00,正丙苯,延炼12万吨/年乙苯/苯乙烯装置
0.01,ST010127,%(m/m),2026-01-08 16:00:00,甲乙苯,延炼12万吨/年乙苯/苯乙烯装置
0.06,ST010127,%(m/m),2026-01-08 16:00:00,丁苯,延炼12万吨/年乙苯/苯乙烯装置
0.80,ST010127,%(m/m),2026-01-08 16:00:00,二乙苯,延炼12万吨/年乙苯/苯乙烯装置
0.38,ST010127,%(m/m),2026-01-08 16:00:00,重芳,延炼12万吨/年乙苯/苯乙烯装置
0.14,ST010127,%(m/m),2026-01-09 16:00:00,非  芳,延炼12万吨/年乙苯/苯乙烯装置
89.78,ST010127,%(m/m),2026-01-09 16:00:00,苯,延炼12万吨/年乙苯/苯乙烯装置
0.05,ST010127,%(m/m),2026-01-09 16:00:00,甲  苯,延炼12万吨/年乙苯/苯乙烯装置
8.90,ST010127,%(m/m),2026-01-09 16:00:00,乙  苯,延炼12万吨/年乙苯/苯乙烯装置
0.01,ST010127,%(m/m),2026-01-09 16:00:00,二甲苯,延炼12万吨/年乙苯/苯乙烯装置
0.05,ST010127,%(m/m),2026-01-09 16:00:00,异丙苯,延炼12万吨/年乙苯/苯乙烯装置
0.06,ST010127,%(m/m),2026-01-09 16:00:00,正丙苯,延炼12万吨/年乙苯/苯乙烯装置
0.01,ST010127,%(m/m),2026-01-09 16:00:00,甲乙苯,延炼12万吨/年乙苯/苯乙烯装置
0.07,ST010127,%(m/m),2026-01-09 16:00:00,丁苯,延炼12万吨/年乙苯/苯乙烯装置
0.47,ST010127,%(m/m),2026-01-09 16:00:00,二乙苯,延炼12万吨/年乙苯/苯乙烯装置
0.46,ST010127,%(m/m),2026-01-09 16:00:00,重芳,延炼12万吨/年乙苯/苯乙烯装置
0.12,ST010127,%(m/m),2026-01-10 16:00:00,非  芳,延炼12万吨/年乙苯/苯乙烯装置
88.96,ST010127,%(m/m),2026-01-10 16:00:00,苯,延炼12万吨/年乙苯/苯乙烯装置
0.07,ST010127,%(m/m),2026-01-10 16:00:00,甲  苯,延炼12万吨/年乙苯/苯乙烯装置
8.98,ST010127,%(m/m),2026-01-10 16:00:00,乙  苯,延炼12万吨/年乙苯/苯乙烯装置
0.01,ST010127,%(m/m),2026-01-10 16:00:00,二甲苯,延炼12万吨/年乙苯/苯乙烯装置
0.05,ST010127,%(m/m),2026-01-10 16:00:00,异丙苯,延炼12万吨/年乙苯/苯乙烯装置
0.05,ST010127,%(m/m),2026-01-10 16:00:00,正丙苯,延炼12万吨/年乙苯/苯乙烯装置
0.01,ST010127,%(m/m),2026-01-10 16:00:00,甲乙苯,延炼12万吨/年乙苯/苯乙烯装置
0.08,ST010127,%(m/m),2026-01-10 16:00:00,丁苯,延炼12万吨/年乙苯/苯乙烯装置
1.19,ST010127,%(m/m),2026-01-10 16:00:00,二乙苯,延炼12万吨/年乙苯/苯乙烯装置
0.49,ST010127,%(m/m),2026-01-10 16:00:00,重芳,延炼12万吨/年乙苯/苯乙烯装置
0.12,ST010127,%(m/m),2026-01-11 16:00:00,非  芳,延炼12万吨/年乙苯/苯乙烯装置
90.83,ST010127,%(m/m),2026-01-11 16:00:00,苯,延炼12万吨/年乙苯/苯乙烯装置
0.04,ST010127,%(m/m),2026-01-11 16:00:00,甲  苯,延炼12万吨/年乙苯/苯乙烯装置
7.45,ST010127,%(m/m),2026-01-11 16:00:00,乙  苯,延炼12万吨/年乙苯/苯乙烯装置
0.01,ST010127,%(m/m),2026-01-11 16:00:00,二甲苯,延炼12万吨/年乙苯/苯乙烯装置
0.04,ST010127,%(m/m),2026-01-11 16:00:00,异丙苯,延炼12万吨/年乙苯/苯乙烯装置
0.04,ST010127,%(m/m),2026-01-11 16:00:00,正丙苯,延炼12万吨/年乙苯/苯乙烯装置
0.00,ST010127,%(m/m),2026-01-11 16:00:00,甲乙苯,延炼12万吨/年乙苯/苯乙烯装置
0.06,ST010127,%(m/m),2026-01-11 16:00:00,丁苯,延炼12万吨/年乙苯/苯乙烯装置
0.99,ST010127,%(m/m),2026-01-11 16:00:00,二乙苯,延炼12万吨/年乙苯/苯乙烯装置
0.41,ST010127,%(m/m),2026-01-11 16:00:00,重芳,延炼12万吨/年乙苯/苯乙烯装置
0.12,ST010127,%(m/m),2026-01-12 16:00:00,非  芳,延炼12万吨/年乙苯/苯乙烯装置
91.06,ST010127,%(m/m),2026-01-12 16:00:00,苯,延炼12万吨/年乙苯/苯乙烯装置
0.04,ST010127,%(m/m),2026-01-12 16:00:00,甲  苯,延炼12万吨/年乙苯/苯乙烯装置
7.44,ST010127,%(m/m),2026-01-12 16:00:00,乙  苯,延炼12万吨/年乙苯/苯乙烯装置
0.01,ST010127,%(m/m),2026-01-12 16:00:00,二甲苯,延炼12万吨/年乙苯/苯乙烯装置
0.04,ST010127,%(m/m),2026-01-12 16:00:00,异丙苯,延炼12万吨/年乙苯/苯乙烯装置
0.00,ST010127,%(m/m),2026-01-12 16:00:00,正丙苯,延炼12万吨/年乙苯/苯乙烯装置
0.00,ST010127,%(m/m),2026-01-12 16:00:00,甲乙苯,延炼12万吨/年乙苯/苯乙烯装置
0.06,ST010127,%(m/m),2026-01-12 16:00:00,丁苯,延炼12万吨/年乙苯/苯乙烯装置
0.82,ST010127,%(m/m),2026-01-12 16:00:00,二乙苯,延炼12万吨/年乙苯/苯乙烯装置
0.40,ST010127,%(m/m),2026-01-12 16:00:00,重芳,延炼12万吨/年乙苯/苯乙烯装置
0.12,ST010127,%(m/m),2026-01-13 16:00:00,非  芳,延炼12万吨/年乙苯/苯乙烯装置
90.78,ST010127,%(m/m),2026-01-13 16:00:00,苯,延炼12万吨/年乙苯/苯乙烯装置
0.04,ST010127,%(m/m),2026-01-13 16:00:00,甲  苯,延炼12万吨/年乙苯/苯乙烯装置
7.42,ST010127,%(m/m),2026-01-13 16:00:00,乙  苯,延炼12万吨/年乙苯/苯乙烯装置
0.01,ST010127,%(m/m),2026-01-13 16:00:00,二甲苯,延炼12万吨/年乙苯/苯乙烯装置
0.04,ST010127,%(m/m),2026-01-13 16:00:00,异丙苯,延炼12万吨/年乙苯/苯乙烯装置
0.04,ST010127,%(m/m),2026-01-13 16:00:00,正丙苯,延炼12万吨/年乙苯/苯乙烯装置
0.00,ST010127,%(m/m),2026-01-13 16:00:00,甲乙苯,延炼12万吨/年乙苯/苯乙烯装置
0.06,ST010127,%(m/m),2026-01-13 16:00:00,丁苯,延炼12万吨/年乙苯/苯乙烯装置
1.09,ST010127,%(m/m),2026-01-13 16:00:00,二乙苯,延炼12万吨/年乙苯/苯乙烯装置
0.40,ST010127,%(m/m),2026-01-13 16:00:00,重芳,延炼12万吨/年乙苯/苯乙烯装置
0.14,ST010127,%(m/m),2026-01-14 16:00:00,非  芳,延炼12万吨/年乙苯/苯乙烯装置
88.35,ST010127,%(m/m),2026-01-14 16:00:00,苯,延炼12万吨/年乙苯/苯乙烯装置
0.07,ST010127,%(m/m),2026-01-14 16:00:00,甲  苯,延炼12万吨/年乙苯/苯乙烯装置
9.66,ST010127,%(m/m),2026-01-14 16:00:00,乙  苯,延炼12万吨/年乙苯/苯乙烯装置
0.01,ST010127,%(m/m),2026-01-14 16:00:00,二甲苯,延炼12万吨/年乙苯/苯乙烯装置
0.05,ST010127,%(m/m),2026-01-14 16:00:00,异丙苯,延炼12万吨/年乙苯/苯乙烯装置
0.07,ST010127,%(m/m),2026-01-14 16:00:00,正丙苯,延炼12万吨/年乙苯/苯乙烯装置
0.01,ST010127,%(m/m),2026-01-14 16:00:00,甲乙苯,延炼12万吨/年乙苯/苯乙烯装置
0.08,ST010127,%(m/m),2026-01-14 16:00:00,丁苯,延炼12万吨/年乙苯/苯乙烯装置
1.04,ST010127,%(m/m),2026-01-14 16:00:00,二乙苯,延炼12万吨/年乙苯/苯乙烯装置
0.52,ST010127,%(m/m),2026-01-14 16:00:00,重芳,延炼12万吨/年乙苯/苯乙烯装置
0.12,ST010127,%(m/m),2026-01-15 16:00:00,非  芳,延炼12万吨/年乙苯/苯乙烯装置
89.17,ST010127,%(m/m),2026-01-15 16:00:00,苯,延炼12万吨/年乙苯/苯乙烯装置
0.06,ST010127,%(m/m),2026-01-15 16:00:00,甲  苯,延炼12万吨/年乙苯/苯乙烯装置
8.87,ST010127,%(m/m),2026-01-15 16:00:00,乙  苯,延炼12万吨/年乙苯/苯乙烯装置
0.01,ST010127,%(m/m),2026-01-15 16:00:00,二甲苯,延炼12万吨/年乙苯/苯乙烯装置
0.05,ST010127,%(m/m),2026-01-15 16:00:00,异丙苯,延炼12万吨/年乙苯/苯乙烯装置
0.07,ST010127,%(m/m),2026-01-15 16:00:00,正丙苯,延炼12万吨/年乙苯/苯乙烯装置
0.01,ST010127,%(m/m),2026-01-15 16:00:00,甲乙苯,延炼12万吨/年乙苯/苯乙烯装置
0.08,ST010127,%(m/m),2026-01-15 16:00:00,丁苯,延炼12万吨/年乙苯/苯乙烯装置
1.12,ST010127,%(m/m),2026-01-15 16:00:00,二乙苯,延炼12万吨/年乙苯/苯乙烯装置
0.45,ST010127,%(m/m),2026-01-15 16:00:00,重芳,延炼12万吨/年乙苯/苯乙烯装置
0.10,ST010127,%(m/m),2026-01-16 16:00:00,非  芳,延炼12万吨/年乙苯/苯乙烯装置
91.09,ST010127,%(m/m),2026-01-16 16:00:00,苯,延炼12万吨/年乙苯/苯乙烯装置
0.06,ST010127,%(m/m),2026-01-16 16:00:00,甲  苯,延炼12万吨/年乙苯/苯乙烯装置
7.08,ST010127,%(m/m),2026-01-16 16:00:00,乙  苯,延炼12万吨/年乙苯/苯乙烯装置
0.01,ST010127,%(m/m),2026-01-16 16:00:00,二甲苯,延炼12万吨/年乙苯/苯乙烯装置
0.04,ST010127,%(m/m),2026-01-16 16:00:00,异丙苯,延炼12万吨/年乙苯/苯乙烯装置
0.05,ST010127,%(m/m),2026-01-16 16:00:00,正丙苯,延炼12万吨/年乙苯/苯乙烯装置
0.01,ST010127,%(m/m),2026-01-16 16:00:00,甲乙苯,延炼12万吨/年乙苯/苯乙烯装置
0.07,ST010127,%(m/m),2026-01-16 16:00:00,丁苯,延炼12万吨/年乙苯/苯乙烯装置
1.08,ST010127,%(m/m),2026-01-16 16:00:00,二乙苯,延炼12万吨/年乙苯/苯乙烯装置
0.41,ST010127,%(m/m),2026-01-16 16:00:00,重芳,延炼12万吨/年乙苯/苯乙烯装置
0.13,ST010127,%(m/m),2026-01-17 16:00:00,非  芳,延炼12万吨/年乙苯/苯乙烯装置
89.81,ST010127,%(m/m),2026-01-17 16:00:00,苯,延炼12万吨/年乙苯/苯乙烯装置
0.05,ST010127,%(m/m),2026-01-17 16:00:00,甲  苯,延炼12万吨/年乙苯/苯乙烯装置
8.20,ST010127,%(m/m),2026-01-17 16:00:00,乙  苯,延炼12万吨/年乙苯/苯乙烯装置
0.01,ST010127,%(m/m),2026-01-17 16:00:00,二甲苯,延炼12万吨/年乙苯/苯乙烯装置
0.04,ST010127,%(m/m),2026-01-17 16:00:00,异丙苯,延炼12万吨/年乙苯/苯乙烯装置
0.05,ST010127,%(m/m),2026-01-17 16:00:00,正丙苯,延炼12万吨/年乙苯/苯乙烯装置
0.01,ST010127,%(m/m),2026-01-17 16:00:00,甲乙苯,延炼12万吨/年乙苯/苯乙烯装置
0.07,ST010127,%(m/m),2026-01-17 16:00:00,丁苯,延炼12万吨/年乙苯/苯乙烯装置
1.20,ST010127,%(m/m),2026-01-17 16:00:00,二乙苯,延炼12万吨/年乙苯/苯乙烯装置
0.44,ST010127,%(m/m),2026-01-17 16:00:00,重芳,延炼12万吨/年乙苯/苯乙烯装置
0.18,ST010127,%(m/m),2026-01-18 16:00:00,非  芳,延炼12万吨/年乙苯/苯乙烯装置
86.79,ST010127,%(m/m),2026-01-18 16:00:00,苯,延炼12万吨/年乙苯/苯乙烯装置
0.08,ST010127,%(m/m),2026-01-18 16:00:00,甲  苯,延炼12万吨/年乙苯/苯乙烯装置
10.91,ST010127,%(m/m),2026-01-18 16:00:00,乙  苯,延炼12万吨/年乙苯/苯乙烯装置
0.01,ST010127,%(m/m),2026-01-18 16:00:00,二甲苯,延炼12万吨/年乙苯/苯乙烯装置
0.05,ST010127,%(m/m),2026-01-18 16:00:00,异丙苯,延炼12万吨/年乙苯/苯乙烯装置
0.06,ST010127,%(m/m),2026-01-18 16:00:00,正丙苯,延炼12万吨/年乙苯/苯乙烯装置
0.01,ST010127,%(m/m),2026-01-18 16:00:00,甲乙苯,延炼12万吨/年乙苯/苯乙烯装置
0.09,ST010127,%(m/m),2026-01-18 16:00:00,丁苯,延炼12万吨/年乙苯/苯乙烯装置
1.29,ST010127,%(m/m),2026-01-18 16:00:00,二乙苯,延炼12万吨/年乙苯/苯乙烯装置
0.53,ST010127,%(m/m),2026-01-18 16:00:00,重芳,延炼12万吨/年乙苯/苯乙烯装置
0.24,ST010127,%(m/m),2026-01-19 16:00:00,非  芳,延炼12万吨/年乙苯/苯乙烯装置
85.55,ST010127,%(m/m),2026-01-19 16:00:00,苯,延炼12万吨/年乙苯/苯乙烯装置
0.11,ST010127,%(m/m),2026-01-19 16:00:00,甲  苯,延炼12万吨/年乙苯/苯乙烯装置
12.08,ST010127,%(m/m),2026-01-19 16:00:00,乙  苯,延炼12万吨/年乙苯/苯乙烯装置
0.01,ST010127,%(m/m),2026-01-19 16:00:00,二甲苯,延炼12万吨/年乙苯/苯乙烯装置
0.06,ST010127,%(m/m),2026-01-19 16:00:00,异丙苯,延炼12万吨/年乙苯/苯乙烯装置
0.06,ST010127,%(m/m),2026-01-19 16:00:00,正丙苯,延炼12万吨/年乙苯/苯乙烯装置
0.01,ST010127,%(m/m),2026-01-19 16:00:00,甲乙苯,延炼12万吨/年乙苯/苯乙烯装置
0.10,ST010127,%(m/m),2026-01-19 16:00:00,丁苯,延炼12万吨/年乙苯/苯乙烯装置
0.61,ST010127,%(m/m),2026-01-19 16:00:00,重芳,延炼12万吨/年乙苯/苯乙烯装置
1.16,ST010127,%(m/m),2026-01-19 16:00:00,二乙苯,延炼12万吨/年乙苯/苯乙烯装置
0.15,ST010127,%(m/m),2026-01-20 16:00:00,非  芳,延炼12万吨/年乙苯/苯乙烯装置
88.58,ST010127,%(m/m),2026-01-20 16:00:00,苯,延炼12万吨/年乙苯/苯乙烯装置
0.09,ST010127,%(m/m),2026-01-20 16:00:00,甲  苯,延炼12万吨/年乙苯/苯乙烯装置
9.12,ST010127,%(m/m),2026-01-20 16:00:00,乙  苯,延炼12万吨/年乙苯/苯乙烯装置
0.01,ST010127,%(m/m),2026-01-20 16:00:00,二甲苯,延炼12万吨/年乙苯/苯乙烯装置
0.06,ST010127,%(m/m),2026-01-20 16:00:00,异丙苯,延炼12万吨/年乙苯/苯乙烯装置
0.06,ST010127,%(m/m),2026-01-20 16:00:00,正丙苯,延炼12万吨/年乙苯/苯乙烯装置
0.01,ST010127,%(m/m),2026-01-20 16:00:00,甲乙苯,延炼12万吨/年乙苯/苯乙烯装置
0.08,ST010127,%(m/m),2026-01-20 16:00:00,丁苯,延炼12万吨/年乙苯/苯乙烯装置
1.34,ST010127,%(m/m),2026-01-20 16:00:00,二乙苯,延炼12万吨/年乙苯/苯乙烯装置
0.49,ST010127,%(m/m),2026-01-20 16:00:00,重芳,延炼12万吨/年乙苯/苯乙烯装置
0.18,ST010127,%(m/m),2026-01-21 16:00:00,非  芳,延炼12万吨/年乙苯/苯乙烯装置
89.91,ST010127,%(m/m),2026-01-21 16:00:00,苯,延炼12万吨/年乙苯/苯乙烯装置
0.07,ST010127,%(m/m),2026-01-21 16:00:00,甲  苯,延炼12万吨/年乙苯/苯乙烯装置
8.31,ST010127,%(m/m),2026-01-21 16:00:00,乙  苯,延炼12万吨/年乙苯/苯乙烯装置
0.01,ST010127,%(m/m),2026-01-21 16:00:00,二甲苯,延炼12万吨/年乙苯/苯乙烯装置
0.04,ST010127,%(m/m),2026-01-21 16:00:00,异丙苯,延炼12万吨/年乙苯/苯乙烯装置
0.04,ST010127,%(m/m),2026-01-21 16:00:00,正丙苯,延炼12万吨/年乙苯/苯乙烯装置
0.01,ST010127,%(m/m),2026-01-21 16:00:00,甲乙苯,延炼12万吨/年乙苯/苯乙烯装置
0.07,ST010127,%(m/m),2026-01-21 16:00:00,丁苯,延炼12万吨/年乙苯/苯乙烯装置
0.95,ST010127,%(m/m),2026-01-21 16:00:00,二乙苯,延炼12万吨/年乙苯/苯乙烯装置
0.42,ST010127,%(m/m),2026-01-21 16:00:00,重芳,延炼12万吨/年乙苯/苯乙烯装置
0.16,ST010127,%(m/m),2026-01-22 16:00:00,非  芳,延炼12万吨/年乙苯/苯乙烯装置
90.61,ST010127,%(m/m),2026-01-22 16:00:00,苯,延炼12万吨/年乙苯/苯乙烯装置
0.09,ST010127,%(m/m),2026-01-22 16:00:00,甲  苯,延炼12万吨/年乙苯/苯乙烯装置
7.68,ST010127,%(m/m),2026-01-22 16:00:00,乙  苯,延炼12万吨/年乙苯/苯乙烯装置
0.01,ST010127,%(m/m),2026-01-22 16:00:00,二甲苯,延炼12万吨/年乙苯/苯乙烯装置
0.03,ST010127,%(m/m),2026-01-22 16:00:00,异丙苯,延炼12万吨/年乙苯/苯乙烯装置
0.04,ST010127,%(m/m),2026-01-22 16:00:00,正丙苯,延炼12万吨/年乙苯/苯乙烯装置
0.01,ST010127,%(m/m),2026-01-22 16:00:00,甲乙苯,延炼12万吨/年乙苯/苯乙烯装置
0.07,ST010127,%(m/m),2026-01-22 16:00:00,丁苯,延炼12万吨/年乙苯/苯乙烯装置
0.91,ST010127,%(m/m),2026-01-22 16:00:00,二乙苯,延炼12万吨/年乙苯/苯乙烯装置
0.41,ST010127,%(m/m),2026-01-22 16:00:00,重芳,延炼12万吨/年乙苯/苯乙烯装置
0.13,ST010127,%(m/m),2026-01-23 16:00:00,非  芳,延炼12万吨/年乙苯/苯乙烯装置
90.65,ST010127,%(m/m),2026-01-23 16:00:00,苯,延炼12万吨/年乙苯/苯乙烯装置
0.06,ST010127,%(m/m),2026-01-23 16:00:00,甲  苯,延炼12万吨/年乙苯/苯乙烯装置
7.63,ST010127,%(m/m),2026-01-23 16:00:00,乙  苯,延炼12万吨/年乙苯/苯乙烯装置
0.01,ST010127,%(m/m),2026-01-23 16:00:00,二甲苯,延炼12万吨/年乙苯/苯乙烯装置
0.04,ST010127,%(m/m),2026-01-23 16:00:00,异丙苯,延炼12万吨/年乙苯/苯乙烯装置
0.04,ST010127,%(m/m),2026-01-23 16:00:00,正丙苯,延炼12万吨/年乙苯/苯乙烯装置
0.01,ST010127,%(m/m),2026-01-23 16:00:00,甲乙苯,延炼12万吨/年乙苯/苯乙烯装置
0.07,ST010127,%(m/m),2026-01-23 16:00:00,丁苯,延炼12万吨/年乙苯/苯乙烯装置
0.98,ST010127,%(m/m),2026-01-23 16:00:00,二乙苯,延炼12万吨/年乙苯/苯乙烯装置
0.40,ST010127,%(m/m),2026-01-23 16:00:00,重芳,延炼12万吨/年乙苯/苯乙烯装置
0.09,ST010127,%(m/m),2026-01-24 16:00:00,非  芳,延炼12万吨/年乙苯/苯乙烯装置
93.53,ST010127,%(m/m),2026-01-24 16:00:00,苯,延炼12万吨/年乙苯/苯乙烯装置
0.05,ST010127,%(m/m),2026-01-24 16:00:00,甲  苯,延炼12万吨/年乙苯/苯乙烯装置
5.32,ST010127,%(m/m),2026-01-24 16:00:00,乙  苯,延炼12万吨/年乙苯/苯乙烯装置
0.00,ST010127,%(m/m),2026-01-24 16:00:00,二甲苯,延炼12万吨/年乙苯/苯乙烯装置
0.03,ST010127,%(m/m),2026-01-24 16:00:00,异丙苯,延炼12万吨/年乙苯/苯乙烯装置
0.04,ST010127,%(m/m),2026-01-24 16:00:00,正丙苯,延炼12万吨/年乙苯/苯乙烯装置
0.00,ST010127,%(m/m),2026-01-24 16:00:00,甲乙苯,延炼12万吨/年乙苯/苯乙烯装置
0.05,ST010127,%(m/m),2026-01-24 16:00:00,丁苯,延炼12万吨/年乙苯/苯乙烯装置
0.61,ST010127,%(m/m),2026-01-24 16:00:00,二乙苯,延炼12万吨/年乙苯/苯乙烯装置
0.28,ST010127,%(m/m),2026-01-24 16:00:00,重芳,延炼12万吨/年乙苯/苯乙烯装置
0.17,ST010127,%(m/m),2026-01-25 16:00:00,非  芳,延炼12万吨/年乙苯/苯乙烯装置
90.40,ST010127,%(m/m),2026-01-25 16:00:00,苯,延炼12万吨/年乙苯/苯乙烯装置
0.07,ST010127,%(m/m),2026-01-25 16:00:00,甲  苯,延炼12万吨/年乙苯/苯乙烯装置
7.93,ST010127,%(m/m),2026-01-25 16:00:00,乙  苯,延炼12万吨/年乙苯/苯乙烯装置
0.01,ST010127,%(m/m),2026-01-25 16:00:00,二甲苯,延炼12万吨/年乙苯/苯乙烯装置
0.04,ST010127,%(m/m),2026-01-25 16:00:00,异丙苯,延炼12万吨/年乙苯/苯乙烯装置
0.05,ST010127,%(m/m),2026-01-25 16:00:00,正丙苯,延炼12万吨/年乙苯/苯乙烯装置
0.01,ST010127,%(m/m),2026-01-25 16:00:00,甲乙苯,延炼12万吨/年乙苯/苯乙烯装置
0.05,ST010127,%(m/m),2026-01-25 16:00:00,丁苯,延炼12万吨/年乙苯/苯乙烯装置
0.82,ST010127,%(m/m),2026-01-25 16:00:00,二乙苯,延炼12万吨/年乙苯/苯乙烯装置
0.44,ST010127,%(m/m),2026-01-25 16:00:00,重芳,延炼12万吨/年乙苯/苯乙烯装置
0.15,ST010127,%(m/m),2026-01-26 16:00:00,非  芳,延炼12万吨/年乙苯/苯乙烯装置
89.00,ST010127,%(m/m),2026-01-26 16:00:00,苯,延炼12万吨/年乙苯/苯乙烯装置
0.06,ST010127,%(m/m),2026-01-26 16:00:00,甲  苯,延炼12万吨/年乙苯/苯乙烯装置
9.06,ST010127,%(m/m),2026-01-26 16:00:00,乙  苯,延炼12万吨/年乙苯/苯乙烯装置
0.01,ST010127,%(m/m),2026-01-26 16:00:00,二甲苯,延炼12万吨/年乙苯/苯乙烯装置
0.04,ST010127,%(m/m),2026-01-26 16:00:00,异丙苯,延炼12万吨/年乙苯/苯乙烯装置
0.05,ST010127,%(m/m),2026-01-26 16:00:00,正丙苯,延炼12万吨/年乙苯/苯乙烯装置
0.01,ST010127,%(m/m),2026-01-26 16:00:00,甲乙苯,延炼12万吨/年乙苯/苯乙烯装置
0.08,ST010127,%(m/m),2026-01-26 16:00:00,丁苯,延炼12万吨/年乙苯/苯乙烯装置
1.03,ST010127,%(m/m),2026-01-26 16:00:00,二乙苯,延炼12万吨/年乙苯/苯乙烯装置
0.51,ST010127,%(m/m),2026-01-26 16:00:00,重芳,延炼12万吨/年乙苯/苯乙烯装置
0.16,ST010127,%(m/m),2026-01-27 16:00:00,非  芳,延炼12万吨/年乙苯/苯乙烯装置
87.05,ST010127,%(m/m),2026-01-27 16:00:00,苯,延炼12万吨/年乙苯/苯乙烯装置
0.08,ST010127,%(m/m),2026-01-27 16:00:00,甲  苯,延炼12万吨/年乙苯/苯乙烯装置
10.84,ST010127,%(m/m),2026-01-27 16:00:00,乙  苯,延炼12万吨/年乙苯/苯乙烯装置
0.01,ST010127,%(m/m),2026-01-27 16:00:00,二甲苯,延炼12万吨/年乙苯/苯乙烯装置
0.05,ST010127,%(m/m),2026-01-27 16:00:00,异丙苯,延炼12万吨/年乙苯/苯乙烯装置
0.06,ST010127,%(m/m),2026-01-27 16:00:00,正丙苯,延炼12万吨/年乙苯/苯乙烯装置
0.01,ST010127,%(m/m),2026-01-27 16:00:00,甲乙苯,延炼12万吨/年乙苯/苯乙烯装置
0.09,ST010127,%(m/m),2026-01-27 16:00:00,丁苯,延炼12万吨/年乙苯/苯乙烯装置
1.10,ST010127,%(m/m),2026-01-27 16:00:00,二乙苯,延炼12万吨/年乙苯/苯乙烯装置
0.54,ST010127,%(m/m),2026-01-27 16:00:00,重芳,延炼12万吨/年乙苯/苯乙烯装置
0.16,ST010127,%(m/m),2026-01-28 16:00:00,非  芳,延炼12万吨/年乙苯/苯乙烯装置
84.68,ST010127,%(m/m),2026-01-28 16:00:00,苯,延炼12万吨/年乙苯/苯乙烯装置
0.10,ST010127,%(m/m),2026-01-28 16:00:00,甲  苯,延炼12万吨/年乙苯/苯乙烯装置
12.42,ST010127,%(m/m),2026-01-28 16:00:00,乙  苯,延炼12万吨/年乙苯/苯乙烯装置
0.01,ST010127,%(m/m),2026-01-28 16:00:00,二甲苯,延炼12万吨/年乙苯/苯乙烯装置
0.07,ST010127,%(m/m),2026-01-28 16:00:00,异丙苯,延炼12万吨/年乙苯/苯乙烯装置
0.09,ST010127,%(m/m),2026-01-28 16:00:00,正丙苯,延炼12万吨/年乙苯/苯乙烯装置
0.01,ST010127,%(m/m),2026-01-28 16:00:00,甲乙苯,延炼12万吨/年乙苯/苯乙烯装置
0.13,ST010127,%(m/m),2026-01-28 16:00:00,丁苯,延炼12万吨/年乙苯/苯乙烯装置
1.58,ST010127,%(m/m),2026-01-28 16:00:00,二乙苯,延炼12万吨/年乙苯/苯乙烯装置
0.75,ST010127,%(m/m),2026-01-28 16:00:00,重芳,延炼12万吨/年乙苯/苯乙烯装置
0.14,ST010127,%(m/m),2026-01-29 16:00:00,非  芳,延炼12万吨/年乙苯/苯乙烯装置
90.27,ST010127,%(m/m),2026-01-29 16:00:00,苯,延炼12万吨/年乙苯/苯乙烯装置
0.08,ST010127,%(m/m),2026-01-29 16:00:00,甲  苯,延炼12万吨/年乙苯/苯乙烯装置
7.90,ST010127,%(m/m),2026-01-29 16:00:00,乙  苯,延炼12万吨/年乙苯/苯乙烯装置
0.01,ST010127,%(m/m),2026-01-29 16:00:00,二甲苯,延炼12万吨/年乙苯/苯乙烯装置
0.04,ST010127,%(m/m),2026-01-29 16:00:00,异丙苯,延炼12万吨/年乙苯/苯乙烯装置
0.05,ST010127,%(m/m),2026-01-29 16:00:00,正丙苯,延炼12万吨/年乙苯/苯乙烯装置
0.01,ST010127,%(m/m),2026-01-29 16:00:00,甲乙苯,延炼12万吨/年乙苯/苯乙烯装置
0.07,ST010127,%(m/m),2026-01-29 16:00:00,丁苯,延炼12万吨/年乙苯/苯乙烯装置
0.96,ST010127,%(m/m),2026-01-29 16:00:00,二乙苯,延炼12万吨/年乙苯/苯乙烯装置
0.46,ST010127,%(m/m),2026-01-29 16:00:00,重芳,延炼12万吨/年乙苯/苯乙烯装置
0.14,ST010127,%(m/m),2026-01-30 16:00:00,非  芳,延炼12万吨/年乙苯/苯乙烯装置
89.94,ST010127,%(m/m),2026-01-30 16:00:00,苯,延炼12万吨/年乙苯/苯乙烯装置
0.09,ST010127,%(m/m),2026-01-30 16:00:00,甲  苯,延炼12万吨/年乙苯/苯乙烯装置
8.62,ST010127,%(m/m),2026-01-30 16:00:00,乙  苯,延炼12万吨/年乙苯/苯乙烯装置
0.01,ST010127,%(m/m),2026-01-30 16:00:00,二甲苯,延炼12万吨/年乙苯/苯乙烯装置
0.04,ST010127,%(m/m),2026-01-30 16:00:00,异丙苯,延炼12万吨/年乙苯/苯乙烯装置
0.05,ST010127,%(m/m),2026-01-30 16:00:00,正丙苯,延炼12万吨/年乙苯/苯乙烯装置
0.01,ST010127,%(m/m),2026-01-30 16:00:00,甲乙苯,延炼12万吨/年乙苯/苯乙烯装置
0.08,ST010127,%(m/m),2026-01-30 16:00:00,丁苯,延炼12万吨/年乙苯/苯乙烯装置
0.58,ST010127,%(m/m),2026-01-30 16:00:00,二乙苯,延炼12万吨/年乙苯/苯乙烯装置
0.46,ST010127,%(m/m),2026-01-30 16:00:00,重芳,延炼12万吨/年乙苯/苯乙烯装置
0.15,ST010127,%(m/m),2026-01-31 16:00:00,非  芳,延炼12万吨/年乙苯/苯乙烯装置
89.29,ST010127,%(m/m),2026-01-31 16:00:00,苯,延炼12万吨/年乙苯/苯乙烯装置
0.07,ST010127,%(m/m),2026-01-31 16:00:00,甲  苯,延炼12万吨/年乙苯/苯乙烯装置
8.81,ST010127,%(m/m),2026-01-31 16:00:00,乙  苯,延炼12万吨/年乙苯/苯乙烯装置
0.01,ST010127,%(m/m),2026-01-31 16:00:00,二甲苯,延炼12万吨/年乙苯/苯乙烯装置
0.04,ST010127,%(m/m),2026-01-31 16:00:00,异丙苯,延炼12万吨/年乙苯/苯乙烯装置
0.05,ST010127,%(m/m),2026-01-31 16:00:00,正丙苯,延炼12万吨/年乙苯/苯乙烯装置
0.01,ST010127,%(m/m),2026-01-31 16:00:00,甲乙苯,延炼12万吨/年乙苯/苯乙烯装置
0.07,ST010127,%(m/m),2026-01-31 16:00:00,丁苯,延炼12万吨/年乙苯/苯乙烯装置
1.02,ST010127,%(m/m),2026-01-31 16:00:00,二乙苯,延炼12万吨/年乙苯/苯乙烯装置
0.47,ST010127,%(m/m),2026-01-31 16:00:00,重芳,延炼12万吨/年乙苯/苯乙烯装置
0.14,ST010127,%(m/m),2026-02-01 16:00:00,非  芳,延炼12万吨/年乙苯/苯乙烯装置
90.48,ST010127,%(m/m),2026-02-01 16:00:00,苯,延炼12万吨/年乙苯/苯乙烯装置
0.07,ST010127,%(m/m),2026-02-01 16:00:00,甲  苯,延炼12万吨/年乙苯/苯乙烯装置
7.91,ST010127,%(m/m),2026-02-01 16:00:00,乙  苯,延炼12万吨/年乙苯/苯乙烯装置
0.01,ST010127,%(m/m),2026-02-01 16:00:00,二甲苯,延炼12万吨/年乙苯/苯乙烯装置
0.05,ST010127,%(m/m),2026-02-01 16:00:00,异丙苯,延炼12万吨/年乙苯/苯乙烯装置
0.05,ST010127,%(m/m),2026-02-01 16:00:00,正丙苯,延炼12万吨/年乙苯/苯乙烯装置
0.01,ST010127,%(m/m),2026-02-01 16:00:00,甲乙苯,延炼12万吨/年乙苯/苯乙烯装置
0.07,ST010127,%(m/m),2026-02-01 16:00:00,丁苯,延炼12万吨/年乙苯/苯乙烯装置
0.82,ST010127,%(m/m),2026-02-01 16:00:00,二乙苯,延炼12万吨/年乙苯/苯乙烯装置
0.40,ST010127,%(m/m),2026-02-01 16:00:00,重芳,延炼12万吨/年乙苯/苯乙烯装置
0.17,ST010127,%(m/m),2026-02-02 16:00:00,非  芳,延炼12万吨/年乙苯/苯乙烯装置
86.08,ST010127,%(m/m),2026-02-02 16:00:00,苯,延炼12万吨/年乙苯/苯乙烯装置
0.07,ST010127,%(m/m),2026-02-02 16:00:00,甲  苯,延炼12万吨/年乙苯/苯乙烯装置
11.75,ST010127,%(m/m),2026-02-02 16:00:00,乙  苯,延炼12万吨/年乙苯/苯乙烯装置
0.01,ST010127,%(m/m),2026-02-02 16:00:00,二甲苯,延炼12万吨/年乙苯/苯乙烯装置
0.05,ST010127,%(m/m),2026-02-02 16:00:00,异丙苯,延炼12万吨/年乙苯/苯乙烯装置
0.06,ST010127,%(m/m),2026-02-02 16:00:00,正丙苯,延炼12万吨/年乙苯/苯乙烯装置
0.01,ST010127,%(m/m),2026-02-02 16:00:00,甲乙苯,延炼12万吨/年乙苯/苯乙烯装置
0.09,ST010127,%(m/m),2026-02-02 16:00:00,丁苯,延炼12万吨/年乙苯/苯乙烯装置
1.13,ST010127,%(m/m),2026-02-02 16:00:00,二乙苯,延炼12万吨/年乙苯/苯乙烯装置
0.57,ST010127,%(m/m),2026-02-02 16:00:00,重芳,延炼12万吨/年乙苯/苯乙烯装置
0.13,ST010127,%(m/m),2026-02-03 16:00:00,非  芳,延炼12万吨/年乙苯/苯乙烯装置
88.95,ST010127,%(m/m),2026-02-03 16:00:00,苯,延炼12万吨/年乙苯/苯乙烯装置
0.08,ST010127,%(m/m),2026-02-03 16:00:00,甲  苯,延炼12万吨/年乙苯/苯乙烯装置
9.44,ST010127,%(m/m),2026-02-03 16:00:00,乙  苯,延炼12万吨/年乙苯/苯乙烯装置
0.01,ST010127,%(m/m),2026-02-03 16:00:00,二甲苯,延炼12万吨/年乙苯/苯乙烯装置
0.05,ST010127,%(m/m),2026-02-03 16:00:00,异丙苯,延炼12万吨/年乙苯/苯乙烯装置
0.05,ST010127,%(m/m),2026-02-03 16:00:00,正丙苯,延炼12万吨/年乙苯/苯乙烯装置
0.01,ST010127,%(m/m),2026-02-03 16:00:00,甲乙苯,延炼12万吨/年乙苯/苯乙烯装置
0.09,ST010127,%(m/m),2026-02-03 16:00:00,丁苯,延炼12万吨/年乙苯/苯乙烯装置
0.63,ST010127,%(m/m),2026-02-03 16:00:00,二乙苯,延炼12万吨/年乙苯/苯乙烯装置
0.56,ST010127,%(m/m),2026-02-03 16:00:00,重芳,延炼12万吨/年乙苯/苯乙烯装置
0.12,ST010127,%(m/m),2026-02-04 16:00:00,非  芳,延炼12万吨/年乙苯/苯乙烯装置
90.82,ST010127,%(m/m),2026-02-04 16:00:00,苯,延炼12万吨/年乙苯/苯乙烯装置
0.07,ST010127,%(m/m),2026-02-04 16:00:00,甲  苯,延炼12万吨/年乙苯/苯乙烯装置
7.60,ST010127,%(m/m),2026-02-04 16:00:00,乙  苯,延炼12万吨/年乙苯/苯乙烯装置
0.01,ST010127,%(m/m),2026-02-04 16:00:00,二甲苯,延炼12万吨/年乙苯/苯乙烯装置
0.05,ST010127,%(m/m),2026-02-04 16:00:00,异丙苯,延炼12万吨/年乙苯/苯乙烯装置
0.05,ST010127,%(m/m),2026-02-04 16:00:00,正丙苯,延炼12万吨/年乙苯/苯乙烯装置
0.01,ST010127,%(m/m),2026-02-04 16:00:00,甲乙苯,延炼12万吨/年乙苯/苯乙烯装置
0.07,ST010127,%(m/m),2026-02-04 16:00:00,丁苯,延炼12万吨/年乙苯/苯乙烯装置
0.78,ST010127,%(m/m),2026-02-04 16:00:00,二乙苯,延炼12万吨/年乙苯/苯乙烯装置
0.42,ST010127,%(m/m),2026-02-04 16:00:00,重芳,延炼12万吨/年乙苯/苯乙烯装置
0.15,ST010127,%(m/m),2026-02-05 16:00:00,非  芳,延炼12万吨/年乙苯/苯乙烯装置
90.76,ST010127,%(m/m),2026-02-05 16:00:00,苯,延炼12万吨/年乙苯/苯乙烯装置
0.07,ST010127,%(m/m),2026-02-05 16:00:00,甲  苯,延炼12万吨/年乙苯/苯乙烯装置
7.66,ST010127,%(m/m),2026-02-05 16:00:00,乙  苯,延炼12万吨/年乙苯/苯乙烯装置
0.01,ST010127,%(m/m),2026-02-05 16:00:00,二甲苯,延炼12万吨/年乙苯/苯乙烯装置
0.04,ST010127,%(m/m),2026-02-05 16:00:00,异丙苯,延炼12万吨/年乙苯/苯乙烯装置
0.05,ST010127,%(m/m),2026-02-05 16:00:00,正丙苯,延炼12万吨/年乙苯/苯乙烯装置
0.01,ST010127,%(m/m),2026-02-05 16:00:00,甲乙苯,延炼12万吨/年乙苯/苯乙烯装置
0.07,ST010127,%(m/m),2026-02-05 16:00:00,丁苯,延炼12万吨/年乙苯/苯乙烯装置
0.80,ST010127,%(m/m),2026-02-05 16:00:00,二乙苯,延炼12万吨/年乙苯/苯乙烯装置
0.39,ST010127,%(m/m),2026-02-05 16:00:00,重芳,延炼12万吨/年乙苯/苯乙烯装置
0.17,ST010127,%(m/m),2026-02-06 16:00:00,非  芳,延炼12万吨/年乙苯/苯乙烯装置
86.99,ST010127,%(m/m),2026-02-06 16:00:00,苯,延炼12万吨/年乙苯/苯乙烯装置
0.05,ST010127,%(m/m),2026-02-06 16:00:00,甲  苯,延炼12万吨/年乙苯/苯乙烯装置
10.85,ST010127,%(m/m),2026-02-06 16:00:00,乙  苯,延炼12万吨/年乙苯/苯乙烯装置
0.01,ST010127,%(m/m),2026-02-06 16:00:00,二甲苯,延炼12万吨/年乙苯/苯乙烯装置
0.05,ST010127,%(m/m),2026-02-06 16:00:00,异丙苯,延炼12万吨/年乙苯/苯乙烯装置
0.00,ST010127,%(m/m),2026-02-06 16:00:00,正丙苯,延炼12万吨/年乙苯/苯乙烯装置
0.01,ST010127,%(m/m),2026-02-06 16:00:00,甲乙苯,延炼12万吨/年乙苯/苯乙烯装置
0.09,ST010127,%(m/m),2026-02-06 16:00:00,丁苯,延炼12万吨/年乙苯/苯乙烯装置
1.25,ST010127,%(m/m),2026-02-06 16:00:00,二乙苯,延炼12万吨/年乙苯/苯乙烯装置
0.53,ST010127,%(m/m),2026-02-06 16:00:00,重芳,延炼12万吨/年乙苯/苯乙烯装置
0.13,ST010127,%(m/m),2026-02-07 16:00:00,非  芳,延炼12万吨/年乙苯/苯乙烯装置
88.93,ST010127,%(m/m),2026-02-07 16:00:00,苯,延炼12万吨/年乙苯/苯乙烯装置
0.10,ST010127,%(m/m),2026-02-07 16:00:00,甲  苯,延炼12万吨/年乙苯/苯乙烯装置
9.06,ST010127,%(m/m),2026-02-07 16:00:00,乙  苯,延炼12万吨/年乙苯/苯乙烯装置
0.01,ST010127,%(m/m),2026-02-07 16:00:00,二甲苯,延炼12万吨/年乙苯/苯乙烯装置
0.05,ST010127,%(m/m),2026-02-07 16:00:00,异丙苯,延炼12万吨/年乙苯/苯乙烯装置
0.06,ST010127,%(m/m),2026-02-07 16:00:00,正丙苯,延炼12万吨/年乙苯/苯乙烯装置
0.01,ST010127,%(m/m),2026-02-07 16:00:00,甲乙苯,延炼12万吨/年乙苯/苯乙烯装置
0.08,ST010127,%(m/m),2026-02-07 16:00:00,丁苯,延炼12万吨/年乙苯/苯乙烯装置
1.10,ST010127,%(m/m),2026-02-07 16:00:00,二乙苯,延炼12万吨/年乙苯/苯乙烯装置
0.48,ST010127,%(m/m),2026-02-07 16:00:00,重芳,延炼12万吨/年乙苯/苯乙烯装置
0.15,ST010127,%(m/m),2026-02-08 16:00:00,非  芳,延炼12万吨/年乙苯/苯乙烯装置
89.99,ST010127,%(m/m),2026-02-08 16:00:00,苯,延炼12万吨/年乙苯/苯乙烯装置
0.11,ST010127,%(m/m),2026-02-08 16:00:00,甲  苯,延炼12万吨/年乙苯/苯乙烯装置
8.15,ST010127,%(m/m),2026-02-08 16:00:00,乙  苯,延炼12万吨/年乙苯/苯乙烯装置
0.01,ST010127,%(m/m),2026-02-08 16:00:00,二甲苯,延炼12万吨/年乙苯/苯乙烯装置
0.05,ST010127,%(m/m),2026-02-08 16:00:00,异丙苯,延炼12万吨/年乙苯/苯乙烯装置
0.06,ST010127,%(m/m),2026-02-08 16:00:00,正丙苯,延炼12万吨/年乙苯/苯乙烯装置
0.01,ST010127,%(m/m),2026-02-08 16:00:00,甲乙苯,延炼12万吨/年乙苯/苯乙烯装置
0.08,ST010127,%(m/m),2026-02-08 16:00:00,丁苯,延炼12万吨/年乙苯/苯乙烯装置
0.89,ST010127,%(m/m),2026-02-08 16:00:00,二乙苯,延炼12万吨/年乙苯/苯乙烯装置
0.50,ST010127,%(m/m),2026-02-08 16:00:00,重芳,延炼12万吨/年乙苯/苯乙烯装置
0.13,ST010127,%(m/m),2026-02-09 16:00:00,非  芳,延炼12万吨/年乙苯/苯乙烯装置
88.67,ST010127,%(m/m),2026-02-09 16:00:00,苯,延炼12万吨/年乙苯/苯乙烯装置
0.09,ST010127,%(m/m),2026-02-09 16:00:00,甲  苯,延炼12万吨/年乙苯/苯乙烯装置
9.76,ST010127,%(m/m),2026-02-09 16:00:00,乙  苯,延炼12万吨/年乙苯/苯乙烯装置
0.01,ST010127,%(m/m),2026-02-09 16:00:00,二甲苯,延炼12万吨/年乙苯/苯乙烯装置
0.06,ST010127,%(m/m),2026-02-09 16:00:00,异丙苯,延炼12万吨/年乙苯/苯乙烯装置
0.07,ST010127,%(m/m),2026-02-09 16:00:00,正丙苯,延炼12万吨/年乙苯/苯乙烯装置
0.01,ST010127,%(m/m),2026-02-09 16:00:00,甲乙苯,延炼12万吨/年乙苯/苯乙烯装置
0.09,ST010127,%(m/m),2026-02-09 16:00:00,丁苯,延炼12万吨/年乙苯/苯乙烯装置
0.59,ST010127,%(m/m),2026-02-09 16:00:00,二乙苯,延炼12万吨/年乙苯/苯乙烯装置
0.52,ST010127,%(m/m),2026-02-09 16:00:00,重芳,延炼12万吨/年乙苯/苯乙烯装置
0.12,ST010127,%(m/m),2026-02-10 16:00:00,非  芳,延炼12万吨/年乙苯/苯乙烯装置
91.36,ST010127,%(m/m),2026-02-10 16:00:00,苯,延炼12万吨/年乙苯/苯乙烯装置
0.07,ST010127,%(m/m),2026-02-10 16:00:00,甲  苯,延炼12万吨/年乙苯/苯乙烯装置
7.37,ST010127,%(m/m),2026-02-10 16:00:00,乙  苯,延炼12万吨/年乙苯/苯乙烯装置
0.01,ST010127,%(m/m),2026-02-10 16:00:00,二甲苯,延炼12万吨/年乙苯/苯乙烯装置
0.00,ST010127,%(m/m),2026-02-10 16:00:00,异丙苯,延炼12万吨/年乙苯/苯乙烯装置
0.06,ST010127,%(m/m),2026-02-10 16:00:00,正丙苯,延炼12万吨/年乙苯/苯乙烯装置
0.01,ST010127,%(m/m),2026-02-10 16:00:00,甲乙苯,延炼12万吨/年乙苯/苯乙烯装置
0.07,ST010127,%(m/m),2026-02-10 16:00:00,丁苯,延炼12万吨/年乙苯/苯乙烯装置
0.46,ST010127,%(m/m),2026-02-10 16:00:00,二乙苯,延炼12万吨/年乙苯/苯乙烯装置
0.48,ST010127,%(m/m),2026-02-10 16:00:00,重芳,延炼12万吨/年乙苯/苯乙烯装置
0.11,ST010127,%(m/m),2026-02-11 16:00:00,非  芳,延炼12万吨/年乙苯/苯乙烯装置
90.46,ST010127,%(m/m),2026-02-11 16:00:00,苯,延炼12万吨/年乙苯/苯乙烯装置
0.08,ST010127,%(m/m),2026-02-11 16:00:00,甲  苯,延炼12万吨/年乙苯/苯乙烯装置
8.17,ST010127,%(m/m),2026-02-11 16:00:00,乙  苯,延炼12万吨/年乙苯/苯乙烯装置
0.01,ST010127,%(m/m),2026-02-11 16:00:00,二甲苯,延炼12万吨/年乙苯/苯乙烯装置
0.00,ST010127,%(m/m),2026-02-11 16:00:00,异丙苯,延炼12万吨/年乙苯/苯乙烯装置
0.08,ST010127,%(m/m),2026-02-11 16:00:00,正丙苯,延炼12万吨/年乙苯/苯乙烯装置
0.01,ST010127,%(m/m),2026-02-11 16:00:00,甲乙苯,延炼12万吨/年乙苯/苯乙烯装置
0.06,ST010127,%(m/m),2026-02-11 16:00:00,丁苯,延炼12万吨/年乙苯/苯乙烯装置
0.52,ST010127,%(m/m),2026-02-11 16:00:00,二乙苯,延炼12万吨/年乙苯/苯乙烯装置
0.51,ST010127,%(m/m),2026-02-11 16:00:00,重芳,延炼12万吨/年乙苯/苯乙烯装置
0.13,ST010127,%(m/m),2026-02-12 16:00:00,非  芳,延炼12万吨/年乙苯/苯乙烯装置
93.97,ST010127,%(m/m),2026-02-12 16:00:00,苯,延炼12万吨/年乙苯/苯乙烯装置
0.08,ST010127,%(m/m),2026-02-12 16:00:00,甲  苯,延炼12万吨/年乙苯/苯乙烯装置
5.07,ST010127,%(m/m),2026-02-12 16:00:00,乙  苯,延炼12万吨/年乙苯/苯乙烯装置
0.01,ST010127,%(m/m),2026-02-12 16:00:00,二甲苯,延炼12万吨/年乙苯/苯乙烯装置
0.00,ST010127,%(m/m),2026-02-12 16:00:00,异丙苯,延炼12万吨/年乙苯/苯乙烯装置
0.00,ST010127,%(m/m),2026-02-12 16:00:00,正丙苯,延炼12万吨/年乙苯/苯乙烯装置
0.01,ST010127,%(m/m),2026-02-12 16:00:00,甲乙苯,延炼12万吨/年乙苯/苯乙烯装置
0.05,ST010127,%(m/m),2026-02-12 16:00:00,丁苯,延炼12万吨/年乙苯/苯乙烯装置
0.31,ST010127,%(m/m),2026-02-12 16:00:00,二乙苯,延炼12万吨/年乙苯/苯乙烯装置
0.37,ST010127,%(m/m),2026-02-12 16:00:00,重芳,延炼12万吨/年乙苯/苯乙烯装置
0.01,ST010127,%(m/m),2026-02-13 16:00:00,二甲苯,延炼12万吨/年乙苯/苯乙烯装置
0.05,ST010127,%(m/m),2026-02-13 16:00:00,异丙苯,延炼12万吨/年乙苯/苯乙烯装置
0.06,ST010127,%(m/m),2026-02-13 16:00:00,正丙苯,延炼12万吨/年乙苯/苯乙烯装置
0.01,ST010127,%(m/m),2026-02-13 16:00:00,甲乙苯,延炼12万吨/年乙苯/苯乙烯装置
0.07,ST010127,%(m/m),2026-02-13 16:00:00,丁苯,延炼12万吨/年乙苯/苯乙烯装置
0.78,ST010127,%(m/m),2026-02-13 16:00:00,二乙苯,延炼12万吨/年乙苯/苯乙烯装置
0.38,ST010127,%(m/m),2026-02-13 16:00:00,重芳,延炼12万吨/年乙苯/苯乙烯装置
0.13,ST010127,%(m/m),2026-02-13 16:00:00,非  芳,延炼12万吨/年乙苯/苯乙烯装置
90.97,ST010127,%(m/m),2026-02-13 16:00:00,苯,延炼12万吨/年乙苯/苯乙烯装置
0.07,ST010127,%(m/m),2026-02-13 16:00:00,甲  苯,延炼12万吨/年乙苯/苯乙烯装置
7.48,ST010127,%(m/m),2026-02-13 16:00:00,乙  苯,延炼12万吨/年乙苯/苯乙烯装置
0.08,ST010127,%(m/m),2026-02-14 16:00:00,丁苯,延炼12万吨/年乙苯/苯乙烯装置
1.08,ST010127,%(m/m),2026-02-14 16:00:00,二乙苯,延炼12万吨/年乙苯/苯乙烯装置
0.48,ST010127,%(m/m),2026-02-14 16:00:00,重芳,延炼12万吨/年乙苯/苯乙烯装置
0.13,ST010127,%(m/m),2026-02-14 16:00:00,非  芳,延炼12万吨/年乙苯/苯乙烯装置
89.51,ST010127,%(m/m),2026-02-14 16:00:00,苯,延炼12万吨/年乙苯/苯乙烯装置
0.06,ST010127,%(m/m),2026-02-14 16:00:00,甲  苯,延炼12万吨/年乙苯/苯乙烯装置
8.56,ST010127,%(m/m),2026-02-14 16:00:00,乙  苯,延炼12万吨/年乙苯/苯乙烯装置
0.01,ST010127,%(m/m),2026-02-14 16:00:00,二甲苯,延炼12万吨/年乙苯/苯乙烯装置
0.04,ST010127,%(m/m),2026-02-14 16:00:00,异丙苯,延炼12万吨/年乙苯/苯乙烯装置
0.05,ST010127,%(m/m),2026-02-14 16:00:00,正丙苯,延炼12万吨/年乙苯/苯乙烯装置
0.01,ST010127,%(m/m),2026-02-14 16:00:00,甲乙苯,延炼12万吨/年乙苯/苯乙烯装置
0.09,ST010127,%(m/m),2026-02-15 16:00:00,非  芳,延炼12万吨/年乙苯/苯乙烯装置
93.26,ST010127,%(m/m),2026-02-15 16:00:00,苯,延炼12万吨/年乙苯/苯乙烯装置
0.00,ST010127,%(m/m),2026-02-15 16:00:00,甲  苯,延炼12万吨/年乙苯/苯乙烯装置
5.69,ST010127,%(m/m),2026-02-15 16:00:00,乙  苯,延炼12万吨/年乙苯/苯乙烯装置
0.01,ST010127,%(m/m),2026-02-15 16:00:00,二甲苯,延炼12万吨/年乙苯/苯乙烯装置
0.04,ST010127,%(m/m),2026-02-15 16:00:00,异丙苯,延炼12万吨/年乙苯/苯乙烯装置
0.05,ST010127,%(m/m),2026-02-15 16:00:00,正丙苯,延炼12万吨/年乙苯/苯乙烯装置
0.01,ST010127,%(m/m),2026-02-15 16:00:00,甲乙苯,延炼12万吨/年乙苯/苯乙烯装置
0.06,ST010127,%(m/m),2026-02-15 16:00:00,丁苯,延炼12万吨/年乙苯/苯乙烯装置
0.36,ST010127,%(m/m),2026-02-15 16:00:00,二乙苯,延炼12万吨/年乙苯/苯乙烯装置
0.43,ST010127,%(m/m),2026-02-15 16:00:00,重芳,延炼12万吨/年乙苯/苯乙烯装置
0.12,ST010127,%(m/m),2026-02-16 16:00:00,非  芳,延炼12万吨/年乙苯/苯乙烯装置
87.05,ST010127,%(m/m),2026-02-16 16:00:00,苯,延炼12万吨/年乙苯/苯乙烯装置
0.10,ST010127,%(m/m),2026-02-16 16:00:00,甲  苯,延炼12万吨/年乙苯/苯乙烯装置
9.95,ST010127,%(m/m),2026-02-16 16:00:00,乙  苯,延炼12万吨/年乙苯/苯乙烯装置
0.01,ST010127,%(m/m),2026-02-16 16:00:00,二甲苯,延炼12万吨/年乙苯/苯乙烯装置
0.06,ST010127,%(m/m),2026-02-16 16:00:00,异丙苯,延炼12万吨/年乙苯/苯乙烯装置
0.08,ST010127,%(m/m),2026-02-16 16:00:00,正丙苯,延炼12万吨/年乙苯/苯乙烯装置
0.01,ST010127,%(m/m),2026-02-16 16:00:00,甲乙苯,延炼12万吨/年乙苯/苯乙烯装置
0.12,ST010127,%(m/m),2026-02-16 16:00:00,丁苯,延炼12万吨/年乙苯/苯乙烯装置
1.65,ST010127,%(m/m),2026-02-16 16:00:00,二乙苯,延炼12万吨/年乙苯/苯乙烯装置
0.85,ST010127,%(m/m),2026-02-16 16:00:00,重芳,延炼12万吨/年乙苯/苯乙烯装置
0.14,ST010127,%(m/m),2026-02-17 16:00:00,非  芳,延炼12万吨/年乙苯/苯乙烯装置
89.25,ST010127,%(m/m),2026-02-17 16:00:00,苯,延炼12万吨/年乙苯/苯乙烯装置
0.09,ST010127,%(m/m),2026-02-17 16:00:00,甲  苯,延炼12万吨/年乙苯/苯乙烯装置
8.93,ST010127,%(m/m),2026-02-17 16:00:00,乙  苯,延炼12万吨/年乙苯/苯乙烯装置
0.01,ST010127,%(m/m),2026-02-17 16:00:00,二甲苯,延炼12万吨/年乙苯/苯乙烯装置
0.05,ST010127,%(m/m),2026-02-17 16:00:00,异丙苯,延炼12万吨/年乙苯/苯乙烯装置
0.06,ST010127,%(m/m),2026-02-17 16:00:00,正丙苯,延炼12万吨/年乙苯/苯乙烯装置
0.01,ST010127,%(m/m),2026-02-17 16:00:00,甲乙苯,延炼12万吨/年乙苯/苯乙烯装置
0.08,ST010127,%(m/m),2026-02-17 16:00:00,丁苯,延炼12万吨/年乙苯/苯乙烯装置
0.93,ST010127,%(m/m),2026-02-17 16:00:00,二乙苯,延炼12万吨/年乙苯/苯乙烯装置
0.45,ST010127,%(m/m),2026-02-17 16:00:00,重芳,延炼12万吨/年乙苯/苯乙烯装置
93.11,ST010127,%(m/m),2026-02-18 16:00:00,苯,延炼12万吨/年乙苯/苯乙烯装置
0.04,ST010127,%(m/m),2026-02-18 16:00:00,甲  苯,延炼12万吨/年乙苯/苯乙烯装置
5.56,ST010127,%(m/m),2026-02-18 16:00:00,乙  苯,延炼12万吨/年乙苯/苯乙烯装置
0.01,ST010127,%(m/m),2026-02-18 16:00:00,二甲苯,延炼12万吨/年乙苯/苯乙烯装置
0.03,ST010127,%(m/m),2026-02-18 16:00:00,异丙苯,延炼12万吨/年乙苯/苯乙烯装置
0.03,ST010127,%(m/m),2026-02-18 16:00:00,正丙苯,延炼12万吨/年乙苯/苯乙烯装置
0.01,ST010127,%(m/m),2026-02-18 16:00:00,甲乙苯,延炼12万吨/年乙苯/苯乙烯装置
0.05,ST010127,%(m/m),2026-02-18 16:00:00,丁苯,延炼12万吨/年乙苯/苯乙烯装置
0.73,ST010127,%(m/m),2026-02-18 16:00:00,二乙苯,延炼12万吨/年乙苯/苯乙烯装置
0.33,ST010127,%(m/m),2026-02-18 16:00:00,重芳,延炼12万吨/年乙苯/苯乙烯装置
0.12,ST010127,%(m/m),2026-02-18 16:00:00,非  芳,延炼12万吨/年乙苯/苯乙烯装置
0.13,ST010127,%(m/m),2026-02-19 16:00:00,非  芳,延炼12万吨/年乙苯/苯乙烯装置
91.19,ST010127,%(m/m),2026-02-19 16:00:00,苯,延炼12万吨/年乙苯/苯乙烯装置
0.07,ST010127,%(m/m),2026-02-19 16:00:00,甲  苯,延炼12万吨/年乙苯/苯乙烯装置
7.30,ST010127,%(m/m),2026-02-19 16:00:00,乙  苯,延炼12万吨/年乙苯/苯乙烯装置
0.01,ST010127,%(m/m),2026-02-19 16:00:00,二甲苯,延炼12万吨/年乙苯/苯乙烯装置
0.04,ST010127,%(m/m),2026-02-19 16:00:00,异丙苯,延炼12万吨/年乙苯/苯乙烯装置
0.05,ST010127,%(m/m),2026-02-19 16:00:00,正丙苯,延炼12万吨/年乙苯/苯乙烯装置
0.01,ST010127,%(m/m),2026-02-19 16:00:00,甲乙苯,延炼12万吨/年乙苯/苯乙烯装置
0.06,ST010127,%(m/m),2026-02-19 16:00:00,丁苯,延炼12万吨/年乙苯/苯乙烯装置
0.77,ST010127,%(m/m),2026-02-19 16:00:00,二乙苯,延炼12万吨/年乙苯/苯乙烯装置
0.37,ST010127,%(m/m),2026-02-19 16:00:00,重芳,延炼12万吨/年乙苯/苯乙烯装置
0.12,ST010127,%(m/m),2026-02-20 16:00:00,非  芳,延炼12万吨/年乙苯/苯乙烯装置
91.81,ST010127,%(m/m),2026-02-20 16:00:00,苯,延炼12万吨/年乙苯/苯乙烯装置
0.09,ST010127,%(m/m),2026-02-20 16:00:00,甲  苯,延炼12万吨/年乙苯/苯乙烯装置
6.63,ST010127,%(m/m),2026-02-20 16:00:00,乙  苯,延炼12万吨/年乙苯/苯乙烯装置
0.01,ST010127,%(m/m),2026-02-20 16:00:00,二甲苯,延炼12万吨/年乙苯/苯乙烯装置
0.03,ST010127,%(m/m),2026-02-20 16:00:00,异丙苯,延炼12万吨/年乙苯/苯乙烯装置
0.03,ST010127,%(m/m),2026-02-20 16:00:00,正丙苯,延炼12万吨/年乙苯/苯乙烯装置
0.01,ST010127,%(m/m),2026-02-20 16:00:00,甲乙苯,延炼12万吨/年乙苯/苯乙烯装置
0.06,ST010127,%(m/m),2026-02-20 16:00:00,丁苯,延炼12万吨/年乙苯/苯乙烯装置
0.87,ST010127,%(m/m),2026-02-20 16:00:00,二乙苯,延炼12万吨/年乙苯/苯乙烯装置
0.36,ST010127,%(m/m),2026-02-20 16:00:00,重芳,延炼12万吨/年乙苯/苯乙烯装置
0.11,ST010127,%(m/m),2026-02-21 16:00:00,非  芳,延炼12万吨/年乙苯/苯乙烯装置
89.57,ST010127,%(m/m),2026-02-21 16:00:00,苯,延炼12万吨/年乙苯/苯乙烯装置
0.07,ST010127,%(m/m),2026-02-21 16:00:00,甲  苯,延炼12万吨/年乙苯/苯乙烯装置
8.50,ST010127,%(m/m),2026-02-21 16:00:00,乙  苯,延炼12万吨/年乙苯/苯乙烯装置
0.01,ST010127,%(m/m),2026-02-21 16:00:00,二甲苯,延炼12万吨/年乙苯/苯乙烯装置
0.05,ST010127,%(m/m),2026-02-21 16:00:00,异丙苯,延炼12万吨/年乙苯/苯乙烯装置
0.06,ST010127,%(m/m),2026-02-21 16:00:00,正丙苯,延炼12万吨/年乙苯/苯乙烯装置
0.01,ST010127,%(m/m),2026-02-21 16:00:00,甲乙苯,延炼12万吨/年乙苯/苯乙烯装置
0.08,ST010127,%(m/m),2026-02-21 16:00:00,丁苯,延炼12万吨/年乙苯/苯乙烯装置
1.03,ST010127,%(m/m),2026-02-21 16:00:00,二乙苯,延炼12万吨/年乙苯/苯乙烯装置
0.50,ST010127,%(m/m),2026-02-21 16:00:00,重芳,延炼12万吨/年乙苯/苯乙烯装置
0.12,ST010127,%(m/m),2026-02-22 16:00:00,非  芳,延炼12万吨/年乙苯/苯乙烯装置
92.01,ST010127,%(m/m),2026-02-22 16:00:00,苯,延炼12万吨/年乙苯/苯乙烯装置
0.11,ST010127,%(m/m),2026-02-22 16:00:00,甲  苯,延炼12万吨/年乙苯/苯乙烯装置
6.50,ST010127,%(m/m),2026-02-22 16:00:00,乙  苯,延炼12万吨/年乙苯/苯乙烯装置
0.01,ST010127,%(m/m),2026-02-22 16:00:00,二甲苯,延炼12万吨/年乙苯/苯乙烯装置
0.03,ST010127,%(m/m),2026-02-22 16:00:00,异丙苯,延炼12万吨/年乙苯/苯乙烯装置
0.03,ST010127,%(m/m),2026-02-22 16:00:00,正丙苯,延炼12万吨/年乙苯/苯乙烯装置
0.01,ST010127,%(m/m),2026-02-22 16:00:00,甲乙苯,延炼12万吨/年乙苯/苯乙烯装置
0.06,ST010127,%(m/m),2026-02-22 16:00:00,丁苯,延炼12万吨/年乙苯/苯乙烯装置
0.74,ST010127,%(m/m),2026-02-22 16:00:00,二乙苯,延炼12万吨/年乙苯/苯乙烯装置
0.39,ST010127,%(m/m),2026-02-22 16:00:00,重芳,延炼12万吨/年乙苯/苯乙烯装置
0.05,ST010127,%(m/m),2026-02-23 16:00:00,丁苯,延炼12万吨/年乙苯/苯乙烯装置
0.25,ST010127,%(m/m),2026-02-23 16:00:00,二乙苯,延炼12万吨/年乙苯/苯乙烯装置
0.35,ST010127,%(m/m),2026-02-23 16:00:00,重芳,延炼12万吨/年乙苯/苯乙烯装置
0.14,ST010127,%(m/m),2026-02-23 16:00:00,非  芳,延炼12万吨/年乙苯/苯乙烯装置
93.22,ST010127,%(m/m),2026-02-23 16:00:00,苯,延炼12万吨/年乙苯/苯乙烯装置
0.07,ST010127,%(m/m),2026-02-23 16:00:00,甲  苯,延炼12万吨/年乙苯/苯乙烯装置
5.86,ST010127,%(m/m),2026-02-23 16:00:00,乙  苯,延炼12万吨/年乙苯/苯乙烯装置
0.01,ST010127,%(m/m),2026-02-23 16:00:00,二甲苯,延炼12万吨/年乙苯/苯乙烯装置
0.03,ST010127,%(m/m),2026-02-23 16:00:00,异丙苯,延炼12万吨/年乙苯/苯乙烯装置
0.03,ST010127,%(m/m),2026-02-23 16:00:00,正丙苯,延炼12万吨/年乙苯/苯乙烯装置
0.01,ST010127,%(m/m),2026-02-23 16:00:00,甲乙苯,延炼12万吨/年乙苯/苯乙烯装置
0.14,ST010127,%(m/m),2026-02-24 16:00:00,非  芳,延炼12万吨/年乙苯/苯乙烯装置
89.68,ST010127,%(m/m),2026-02-24 16:00:00,苯,延炼12万吨/年乙苯/苯乙烯装置
0.06,ST010127,%(m/m),2026-02-24 16:00:00,甲  苯,延炼12万吨/年乙苯/苯乙烯装置
8.68,ST010127,%(m/m),2026-02-24 16:00:00,乙  苯,延炼12万吨/年乙苯/苯乙烯装置
0.01,ST010127,%(m/m),2026-02-24 16:00:00,二甲苯,延炼12万吨/年乙苯/苯乙烯装置
0.04,ST010127,%(m/m),2026-02-24 16:00:00,异丙苯,延炼12万吨/年乙苯/苯乙烯装置
0.04,ST010127,%(m/m),2026-02-24 16:00:00,正丙苯,延炼12万吨/年乙苯/苯乙烯装置
0.01,ST010127,%(m/m),2026-02-24 16:00:00,甲乙苯,延炼12万吨/年乙苯/苯乙烯装置
0.08,ST010127,%(m/m),2026-02-24 16:00:00,丁苯,延炼12万吨/年乙苯/苯乙烯装置
0.80,ST010127,%(m/m),2026-02-24 16:00:00,二乙苯,延炼12万吨/年乙苯/苯乙烯装置
0.48,ST010127,%(m/m),2026-02-24 16:00:00,重芳,延炼12万吨/年乙苯/苯乙烯装置
0.12,ST010127,%(m/m),2026-02-25 16:00:00,非  芳,延炼12万吨/年乙苯/苯乙烯装置
91.26,ST010127,%(m/m),2026-02-25 16:00:00,苯,延炼12万吨/年乙苯/苯乙烯装置
0.07,ST010127,%(m/m),2026-02-25 16:00:00,甲  苯,延炼12万吨/年乙苯/苯乙烯装置
7.27,ST010127,%(m/m),2026-02-25 16:00:00,乙  苯,延炼12万吨/年乙苯/苯乙烯装置
0.01,ST010127,%(m/m),2026-02-25 16:00:00,二甲苯,延炼12万吨/年乙苯/苯乙烯装置
0.04,ST010127,%(m/m),2026-02-25 16:00:00,异丙苯,延炼12万吨/年乙苯/苯乙烯装置
0.05,ST010127,%(m/m),2026-02-25 16:00:00,正丙苯,延炼12万吨/年乙苯/苯乙烯装置
0.01,ST010127,%(m/m),2026-02-25 16:00:00,甲乙苯,延炼12万吨/年乙苯/苯乙烯装置
0.07,ST010127,%(m/m),2026-02-25 16:00:00,丁苯,延炼12万吨/年乙苯/苯乙烯装置
0.75,ST010127,%(m/m),2026-02-25 16:00:00,二乙苯,延炼12万吨/年乙苯/苯乙烯装置
0.36,ST010127,%(m/m),2026-02-25 16:00:00,重芳,延炼12万吨/年乙苯/苯乙烯装置
0.13,ST010127,%(m/m),2026-02-26 16:00:00,非  芳,延炼12万吨/年乙苯/苯乙烯装置
92.95,ST010127,%(m/m),2026-02-26 16:00:00,苯,延炼12万吨/年乙苯/苯乙烯装置
0.07,ST010127,%(m/m),2026-02-26 16:00:00,甲  苯,延炼12万吨/年乙苯/苯乙烯装置
5.73,ST010127,%(m/m),2026-02-26 16:00:00,乙  苯,延炼12万吨/年乙苯/苯乙烯装置
0.01,ST010127,%(m/m),2026-02-26 16:00:00,二甲苯,延炼12万吨/年乙苯/苯乙烯装置
0.03,ST010127,%(m/m),2026-02-26 16:00:00,异丙苯,延炼12万吨/年乙苯/苯乙烯装置
0.02,ST010127,%(m/m),2026-02-26 16:00:00,正丙苯,延炼12万吨/年乙苯/苯乙烯装置
0.00,ST010127,%(m/m),2026-02-26 16:00:00,甲乙苯,延炼12万吨/年乙苯/苯乙烯装置
0.05,ST010127,%(m/m),2026-02-26 16:00:00,丁苯,延炼12万吨/年乙苯/苯乙烯装置
0.64,ST010127,%(m/m),2026-02-26 16:00:00,二乙苯,延炼12万吨/年乙苯/苯乙烯装置
0.37,ST010127,%(m/m),2026-02-26 16:00:00,重芳,延炼12万吨/年乙苯/苯乙烯装置
0.11,ST010127,%(m/m),2026-02-27 16:00:00,非  芳,延炼12万吨/年乙苯/苯乙烯装置
92.00,ST010127,%(m/m),2026-02-27 16:00:00,苯,延炼12万吨/年乙苯/苯乙烯装置
0.07,ST010127,%(m/m),2026-02-27 16:00:00,甲  苯,延炼12万吨/年乙苯/苯乙烯装置
6.04,ST010127,%(m/m),2026-02-27 16:00:00,乙  苯,延炼12万吨/年乙苯/苯乙烯装置
0.01,ST010127,%(m/m),2026-02-27 16:00:00,二甲苯,延炼12万吨/年乙苯/苯乙烯装置
0.03,ST010127,%(m/m),2026-02-27 16:00:00,异丙苯,延炼12万吨/年乙苯/苯乙烯装置
0.03,ST010127,%(m/m),2026-02-27 16:00:00,正丙苯,延炼12万吨/年乙苯/苯乙烯装置
0.01,ST010127,%(m/m),2026-02-27 16:00:00,甲乙苯,延炼12万吨/年乙苯/苯乙烯装置
0.07,ST010127,%(m/m),2026-02-27 16:00:00,丁苯,延炼12万吨/年乙苯/苯乙烯装置
1.16,ST010127,%(m/m),2026-02-27 16:00:00,二乙苯,延炼12万吨/年乙苯/苯乙烯装置
0.48,ST010127,%(m/m),2026-02-27 16:00:00,重芳,延炼12万吨/年乙苯/苯乙烯装置
0.10,ST010127,%(m/m),2026-02-28 16:00:00,非  芳,延炼12万吨/年乙苯/苯乙烯装置
94.55,ST010127,%(m/m),2026-02-28 16:00:00,苯,延炼12万吨/年乙苯/苯乙烯装置
0.05,ST010127,%(m/m),2026-02-28 16:00:00,甲  苯,延炼12万吨/年乙苯/苯乙烯装置
4.17,ST010127,%(m/m),2026-02-28 16:00:00,乙  苯,延炼12万吨/年乙苯/苯乙烯装置
0.00,ST010127,%(m/m),2026-02-28 16:00:00,二甲苯,延炼12万吨/年乙苯/苯乙烯装置
0.02,ST010127,%(m/m),2026-02-28 16:00:00,异丙苯,延炼12万吨/年乙苯/苯乙烯装置
0.02,ST010127,%(m/m),2026-02-28 16:00:00,正丙苯,延炼12万吨/年乙苯/苯乙烯装置
0.00,ST010127,%(m/m),2026-02-28 16:00:00,甲乙苯,延炼12万吨/年乙苯/苯乙烯装置
0.04,ST010127,%(m/m),2026-02-28 16:00:00,丁苯,延炼12万吨/年乙苯/苯乙烯装置
0.77,ST010127,%(m/m),2026-02-28 16:00:00,二乙苯,延炼12万吨/年乙苯/苯乙烯装置
0.27,ST010127,%(m/m),2026-02-28 16:00:00,重芳,延炼12万吨/年乙苯/苯乙烯装置
0.14,ST010127,%(m/m),2026-03-01 16:00:00,非  芳,延炼12万吨/年乙苯/苯乙烯装置
92.35,ST010127,%(m/m),2026-03-01 16:00:00,苯,延炼12万吨/年乙苯/苯乙烯装置
0.06,ST010127,%(m/m),2026-03-01 16:00:00,甲  苯,延炼12万吨/年乙苯/苯乙烯装置
6.52,ST010127,%(m/m),2026-03-01 16:00:00,乙  苯,延炼12万吨/年乙苯/苯乙烯装置
0.01,ST010127,%(m/m),2026-03-01 16:00:00,二甲苯,延炼12万吨/年乙苯/苯乙烯装置
0.03,ST010127,%(m/m),2026-03-01 16:00:00,异丙苯,延炼12万吨/年乙苯/苯乙烯装置
0.03,ST010127,%(m/m),2026-03-01 16:00:00,正丙苯,延炼12万吨/年乙苯/苯乙烯装置
0.01,ST010127,%(m/m),2026-03-01 16:00:00,甲乙苯,延炼12万吨/年乙苯/苯乙烯装置
0.06,ST010127,%(m/m),2026-03-01 16:00:00,丁苯,延炼12万吨/年乙苯/苯乙烯装置
0.42,ST010127,%(m/m),2026-03-01 16:00:00,二乙苯,延炼12万吨/年乙苯/苯乙烯装置
0.38,ST010127,%(m/m),2026-03-01 16:00:00,重芳,延炼12万吨/年乙苯/苯乙烯装置
0.13,ST010127,%(m/m),2026-03-02 16:00:00,非  芳,延炼12万吨/年乙苯/苯乙烯装置
93.05,ST010127,%(m/m),2026-03-02 16:00:00,苯,延炼12万吨/年乙苯/苯乙烯装置
0.07,ST010127,%(m/m),2026-03-02 16:00:00,甲  苯,延炼12万吨/年乙苯/苯乙烯装置
6.09,ST010127,%(m/m),2026-03-02 16:00:00,乙  苯,延炼12万吨/年乙苯/苯乙烯装置
0.01,ST010127,%(m/m),2026-03-02 16:00:00,二甲苯,延炼12万吨/年乙苯/苯乙烯装置
0.03,ST010127,%(m/m),2026-03-02 16:00:00,异丙苯,延炼12万吨/年乙苯/苯乙烯装置
0.02,ST010127,%(m/m),2026-03-02 16:00:00,正丙苯,延炼12万吨/年乙苯/苯乙烯装置
0.00,ST010127,%(m/m),2026-03-02 16:00:00,甲乙苯,延炼12万吨/年乙苯/苯乙烯装置
0.05,ST010127,%(m/m),2026-03-02 16:00:00,丁苯,延炼12万吨/年乙苯/苯乙烯装置
0.22,ST010127,%(m/m),2026-03-02 16:00:00,二乙苯,延炼12万吨/年乙苯/苯乙烯装置
0.33,ST010127,%(m/m),2026-03-02 16:00:00,重芳,延炼12万吨/年乙苯/苯乙烯装置
0.15,ST010127,%(m/m),2026-03-03 08:00:00,非  芳,延炼12万吨/年乙苯/苯乙烯装置
90.65,ST010127,%(m/m),2026-03-03 08:00:00,苯,延炼12万吨/年乙苯/苯乙烯装置
0.07,ST010127,%(m/m),2026-03-03 08:00:00,甲  苯,延炼12万吨/年乙苯/苯乙烯装置
7.91,ST010127,%(m/m),2026-03-03 08:00:00,乙  苯,延炼12万吨/年乙苯/苯乙烯装置
0.01,ST010127,%(m/m),2026-03-03 08:00:00,二甲苯,延炼12万吨/年乙苯/苯乙烯装置
0.03,ST010127,%(m/m),2026-03-03 08:00:00,异丙苯,延炼12万吨/年乙苯/苯乙烯装置
0.03,ST010127,%(m/m),2026-03-03 08:00:00,正丙苯,延炼12万吨/年乙苯/苯乙烯装置
0.01,ST010127,%(m/m),2026-03-03 08:00:00,甲乙苯,延炼12万吨/年乙苯/苯乙烯装置
0.06,ST010127,%(m/m),2026-03-03 08:00:00,丁苯,延炼12万吨/年乙苯/苯乙烯装置
0.71,ST010127,%(m/m),2026-03-03 08:00:00,二乙苯,延炼12万吨/年乙苯/苯乙烯装置
0.38,ST010127,%(m/m),2026-03-03 08:00:00,重芳,延炼12万吨/年乙苯/苯乙烯装置
0.13,ST010127,%(m/m),2026-03-04 08:00:00,非  芳,延炼12万吨/年乙苯/苯乙烯装置
92.27,ST010127,%(m/m),2026-03-04 08:00:00,苯,延炼12万吨/年乙苯/苯乙烯装置
0.06,ST010127,%(m/m),2026-03-04 08:00:00,甲  苯,延炼12万吨/年乙苯/苯乙烯装置
6.41,ST010127,%(m/m),2026-03-04 08:00:00,乙  苯,延炼12万吨/年乙苯/苯乙烯装置
0.01,ST010127,%(m/m),2026-03-04 08:00:00,二甲苯,延炼12万吨/年乙苯/苯乙烯装置
0.03,ST010127,%(m/m),2026-03-04 08:00:00,异丙苯,延炼12万吨/年乙苯/苯乙烯装置
0.03,ST010127,%(m/m),2026-03-04 08:00:00,正丙苯,延炼12万吨/年乙苯/苯乙烯装置
0.01,ST010127,%(m/m),2026-03-04 08:00:00,甲乙苯,延炼12万吨/年乙苯/苯乙烯装置
0.06,ST010127,%(m/m),2026-03-04 08:00:00,丁苯,延炼12万吨/年乙苯/苯乙烯装置
0.64,ST010127,%(m/m),2026-03-04 08:00:00,二乙苯,延炼12万吨/年乙苯/苯乙烯装置
0.37,ST010127,%(m/m),2026-03-04 08:00:00,重芳,延炼12万吨/年乙苯/苯乙烯装置
0.11,ST010127,%(m/m),2026-03-05 08:00:00,非  芳,延炼12万吨/年乙苯/苯乙烯装置
93.14,ST010127,%(m/m),2026-03-05 08:00:00,苯,延炼12万吨/年乙苯/苯乙烯装置
0.05,ST010127,%(m/m),2026-03-05 08:00:00,甲  苯,延炼12万吨/年乙苯/苯乙烯装置
5.58,ST010127,%(m/m),2026-03-05 08:00:00,乙  苯,延炼12万吨/年乙苯/苯乙烯装置
0.01,ST010127,%(m/m),2026-03-05 08:00:00,二甲苯,延炼12万吨/年乙苯/苯乙烯装置
0.02,ST010127,%(m/m),2026-03-05 08:00:00,异丙苯,延炼12万吨/年乙苯/苯乙烯装置
0.00,ST010127,%(m/m),2026-03-05 08:00:00,正丙苯,延炼12万吨/年乙苯/苯乙烯装置
0.00,ST010127,%(m/m),2026-03-05 08:00:00,甲乙苯,延炼12万吨/年乙苯/苯乙烯装置
0.05,ST010127,%(m/m),2026-03-05 08:00:00,丁苯,延炼12万吨/年乙苯/苯乙烯装置
0.67,ST010127,%(m/m),2026-03-05 08:00:00,二乙苯,延炼12万吨/年乙苯/苯乙烯装置
0.37,ST010127,%(m/m),2026-03-05 08:00:00,重芳,延炼12万吨/年乙苯/苯乙烯装置
0.11,ST010127,%(m/m),2026-03-06 08:00:00,非  芳,延炼12万吨/年乙苯/苯乙烯装置
93.29,ST010127,%(m/m),2026-03-06 08:00:00,苯,延炼12万吨/年乙苯/苯乙烯装置
0.06,ST010127,%(m/m),2026-03-06 08:00:00,甲  苯,延炼12万吨/年乙苯/苯乙烯装置
5.15,ST010127,%(m/m),2026-03-06 08:00:00,乙  苯,延炼12万吨/年乙苯/苯乙烯装置
0.01,ST010127,%(m/m),2026-03-06 08:00:00,二甲苯,延炼12万吨/年乙苯/苯乙烯装置
0.02,ST010127,%(m/m),2026-03-06 08:00:00,异丙苯,延炼12万吨/年乙苯/苯乙烯装置
0.00,ST010127,%(m/m),2026-03-06 08:00:00,正丙苯,延炼12万吨/年乙苯/苯乙烯装置
0.00,ST010127,%(m/m),2026-03-06 08:00:00,甲乙苯,延炼12万吨/年乙苯/苯乙烯装置
0.05,ST010127,%(m/m),2026-03-06 08:00:00,丁苯,延炼12万吨/年乙苯/苯乙烯装置
1.00,ST010127,%(m/m),2026-03-06 08:00:00,二乙苯,延炼12万吨/年乙苯/苯乙烯装置
0.31,ST010127,%(m/m),2026-03-06 08:00:00,重芳,延炼12万吨/年乙苯/苯乙烯装置
0.13,ST010127,%(m/m),2026-03-07 08:00:00,非  芳,延炼12万吨/年乙苯/苯乙烯装置
90.87,ST010127,%(m/m),2026-03-07 08:00:00,苯,延炼12万吨/年乙苯/苯乙烯装置
0.09,ST010127,%(m/m),2026-03-07 08:00:00,甲  苯,延炼12万吨/年乙苯/苯乙烯装置
7.54,ST010127,%(m/m),2026-03-07 08:00:00,乙  苯,延炼12万吨/年乙苯/苯乙烯装置
0.01,ST010127,%(m/m),2026-03-07 08:00:00,二甲苯,延炼12万吨/年乙苯/苯乙烯装置
0.03,ST010127,%(m/m),2026-03-07 08:00:00,异丙苯,延炼12万吨/年乙苯/苯乙烯装置
0.03,ST010127,%(m/m),2026-03-07 08:00:00,正丙苯,延炼12万吨/年乙苯/苯乙烯装置
0.01,ST010127,%(m/m),2026-03-07 08:00:00,甲乙苯,延炼12万吨/年乙苯/苯乙烯装置
0.07,ST010127,%(m/m),2026-03-07 08:00:00,丁苯,延炼12万吨/年乙苯/苯乙烯装置
0.82,ST010127,%(m/m),2026-03-07 08:00:00,二乙苯,延炼12万吨/年乙苯/苯乙烯装置
0.40,ST010127,%(m/m),2026-03-07 08:00:00,重芳,延炼12万吨/年乙苯/苯乙烯装置
0.11,ST010127,%(m/m),2026-03-08 08:00:00,非  芳,延炼12万吨/年乙苯/苯乙烯装置
92.38,ST010127,%(m/m),2026-03-08 08:00:00,苯,延炼12万吨/年乙苯/苯乙烯装置
0.06,ST010127,%(m/m),2026-03-08 08:00:00,甲  苯,延炼12万吨/年乙苯/苯乙烯装置
6.33,ST010127,%(m/m),2026-03-08 08:00:00,乙  苯,延炼12万吨/年乙苯/苯乙烯装置
0.01,ST010127,%(m/m),2026-03-08 08:00:00,二甲苯,延炼12万吨/年乙苯/苯乙烯装置
0.02,ST010127,%(m/m),2026-03-08 08:00:00,异丙苯,延炼12万吨/年乙苯/苯乙烯装置
0.02,ST010127,%(m/m),2026-03-08 08:00:00,正丙苯,延炼12万吨/年乙苯/苯乙烯装置
0.00,ST010127,%(m/m),2026-03-08 08:00:00,甲乙苯,延炼12万吨/年乙苯/苯乙烯装置
0.05,ST010127,%(m/m),2026-03-08 08:00:00,丁苯,延炼12万吨/年乙苯/苯乙烯装置
0.68,ST010127,%(m/m),2026-03-08 08:00:00,二乙苯,延炼12万吨/年乙苯/苯乙烯装置
0.34,ST010127,%(m/m),2026-03-08 08:00:00,重芳,延炼12万吨/年乙苯/苯乙烯装置
0.01,ST010127,%(m/m),2026-03-09 08:00:00,二甲苯,延炼12万吨/年乙苯/苯乙烯装置
0.03,ST010127,%(m/m),2026-03-09 08:00:00,异丙苯,延炼12万吨/年乙苯/苯乙烯装置
0.03,ST010127,%(m/m),2026-03-09 08:00:00,正丙苯,延炼12万吨/年乙苯/苯乙烯装置
0.00,ST010127,%(m/m),2026-03-09 08:00:00,甲乙苯,延炼12万吨/年乙苯/苯乙烯装置
0.06,ST010127,%(m/m),2026-03-09 08:00:00,丁苯,延炼12万吨/年乙苯/苯乙烯装置
0.70,ST010127,%(m/m),2026-03-09 08:00:00,二乙苯,延炼12万吨/年乙苯/苯乙烯装置
0.37,ST010127,%(m/m),2026-03-09 08:00:00,重芳,延炼12万吨/年乙苯/苯乙烯装置
7.15,ST010127,%(m/m),2026-03-09 08:00:00,乙  苯,延炼12万吨/年乙苯/苯乙烯装置
0.12,ST010127,%(m/m),2026-03-09 08:00:00,非  芳,延炼12万吨/年乙苯/苯乙烯装置
91.50,ST010127,%(m/m),2026-03-09 08:00:00,苯,延炼12万吨/年乙苯/苯乙烯装置
0.05,ST010127,%(m/m),2026-03-09 08:00:00,甲  苯,延炼12万吨/年乙苯/苯乙烯装置
0.12,ST010127,%(m/m),2026-03-10 08:00:00,非  芳,延炼12万吨/年乙苯/苯乙烯装置
91.57,ST010127,%(m/m),2026-03-10 08:00:00,苯,延炼12万吨/年乙苯/苯乙烯装置
0.07,ST010127,%(m/m),2026-03-10 08:00:00,甲  苯,延炼12万吨/年乙苯/苯乙烯装置
6.81,ST010127,%(m/m),2026-03-10 08:00:00,乙  苯,延炼12万吨/年乙苯/苯乙烯装置
0.01,ST010127,%(m/m),2026-03-10 08:00:00,二甲苯,延炼12万吨/年乙苯/苯乙烯装置
0.02,ST010127,%(m/m),2026-03-10 08:00:00,异丙苯,延炼12万吨/年乙苯/苯乙烯装置
0.02,ST010127,%(m/m),2026-03-10 08:00:00,正丙苯,延炼12万吨/年乙苯/苯乙烯装置
0.01,ST010127,%(m/m),2026-03-10 08:00:00,甲乙苯,延炼12万吨/年乙苯/苯乙烯装置
0.06,ST010127,%(m/m),2026-03-10 08:00:00,丁苯,延炼12万吨/年乙苯/苯乙烯装置
0.95,ST010127,%(m/m),2026-03-10 08:00:00,二乙苯,延炼12万吨/年乙苯/苯乙烯装置
0.36,ST010127,%(m/m),2026-03-10 08:00:00,重芳,延炼12万吨/年乙苯/苯乙烯装置
0.13,ST010127,%(m/m),2026-03-11 08:00:00,非  芳,延炼12万吨/年乙苯/苯乙烯装置
89.81,ST010127,%(m/m),2026-03-11 08:00:00,苯,延炼12万吨/年乙苯/苯乙烯装置
0.02,ST010127,%(m/m),2026-03-11 08:00:00,甲  苯,延炼12万吨/年乙苯/苯乙烯装置
8.61,ST010127,%(m/m),2026-03-11 08:00:00,乙  苯,延炼12万吨/年乙苯/苯乙烯装置
0.01,ST010127,%(m/m),2026-03-11 08:00:00,二甲苯,延炼12万吨/年乙苯/苯乙烯装置
0.03,ST010127,%(m/m),2026-03-11 08:00:00,异丙苯,延炼12万吨/年乙苯/苯乙烯装置
0.00,ST010127,%(m/m),2026-03-11 08:00:00,正丙苯,延炼12万吨/年乙苯/苯乙烯装置
0.01,ST010127,%(m/m),2026-03-11 08:00:00,甲乙苯,延炼12万吨/年乙苯/苯乙烯装置
0.07,ST010127,%(m/m),2026-03-11 08:00:00,丁苯,延炼12万吨/年乙苯/苯乙烯装置
0.87,ST010127,%(m/m),2026-03-11 08:00:00,二乙苯,延炼12万吨/年乙苯/苯乙烯装置
0.45,ST010127,%(m/m),2026-03-11 08:00:00,重芳,延炼12万吨/年乙苯/苯乙烯装置
0.12,ST010127,%(m/m),2026-03-12 08:00:00,非  芳,延炼12万吨/年乙苯/苯乙烯装置
92.03,ST010127,%(m/m),2026-03-12 08:00:00,苯,延炼12万吨/年乙苯/苯乙烯装置
0.06,ST010127,%(m/m),2026-03-12 08:00:00,甲  苯,延炼12万吨/年乙苯/苯乙烯装置
6.49,ST010127,%(m/m),2026-03-12 08:00:00,乙  苯,延炼12万吨/年乙苯/苯乙烯装置
0.01,ST010127,%(m/m),2026-03-12 08:00:00,二甲苯,延炼12万吨/年乙苯/苯乙烯装置
0.03,ST010127,%(m/m),2026-03-12 08:00:00,异丙苯,延炼12万吨/年乙苯/苯乙烯装置
0.03,ST010127,%(m/m),2026-03-12 08:00:00,正丙苯,延炼12万吨/年乙苯/苯乙烯装置
0.01,ST010127,%(m/m),2026-03-12 08:00:00,甲乙苯,延炼12万吨/年乙苯/苯乙烯装置
0.06,ST010127,%(m/m),2026-03-12 08:00:00,丁苯,延炼12万吨/年乙苯/苯乙烯装置
0.81,ST010127,%(m/m),2026-03-12 08:00:00,二乙苯,延炼12万吨/年乙苯/苯乙烯装置
0.37,ST010127,%(m/m),2026-03-12 08:00:00,重芳,延炼12万吨/年乙苯/苯乙烯装置
0.17,ST010127,%(m/m),2026-03-13 08:00:00,非  芳,延炼12万吨/年乙苯/苯乙烯装置
91.22,ST010127,%(m/m),2026-03-13 08:00:00,苯,延炼12万吨/年乙苯/苯乙烯装置
0.04,ST010127,%(m/m),2026-03-13 08:00:00,甲  苯,延炼12万吨/年乙苯/苯乙烯装置
7.73,ST010127,%(m/m),2026-03-13 08:00:00,乙  苯,延炼12万吨/年乙苯/苯乙烯装置
0.01,ST010127,%(m/m),2026-03-13 08:00:00,二甲苯,延炼12万吨/年乙苯/苯乙烯装置
0.03,ST010127,%(m/m),2026-03-13 08:00:00,异丙苯,延炼12万吨/年乙苯/苯乙烯装置
0.03,ST010127,%(m/m),2026-03-13 08:00:00,正丙苯,延炼12万吨/年乙苯/苯乙烯装置
0.00,ST010127,%(m/m),2026-03-13 08:00:00,甲乙苯,延炼12万吨/年乙苯/苯乙烯装置
0.06,ST010127,%(m/m),2026-03-13 08:00:00,丁苯,延炼12万吨/年乙苯/苯乙烯装置
0.28,ST010127,%(m/m),2026-03-13 08:00:00,二乙苯,延炼12万吨/年乙苯/苯乙烯装置
0.43,ST010127,%(m/m),2026-03-13 08:00:00,重芳,延炼12万吨/年乙苯/苯乙烯装置
0.21,ST010127,%(m/m),2026-03-14 08:00:00,非  芳,延炼12万吨/年乙苯/苯乙烯装置
87.00,ST010127,%(m/m),2026-03-14 08:00:00,苯,延炼12万吨/年乙苯/苯乙烯装置
0.08,ST010127,%(m/m),2026-03-14 08:00:00,甲  苯,延炼12万吨/年乙苯/苯乙烯装置
11.14,ST010127,%(m/m),2026-03-14 08:00:00,乙  苯,延炼12万吨/年乙苯/苯乙烯装置
0.01,ST010127,%(m/m),2026-03-14 08:00:00,二甲苯,延炼12万吨/年乙苯/苯乙烯装置
0.04,ST010127,%(m/m),2026-03-14 08:00:00,异丙苯,延炼12万吨/年乙苯/苯乙烯装置
0.00,ST010127,%(m/m),2026-03-14 08:00:00,正丙苯,延炼12万吨/年乙苯/苯乙烯装置
0.01,ST010127,%(m/m),2026-03-14 08:00:00,甲乙苯,延炼12万吨/年乙苯/苯乙烯装置
0.08,ST010127,%(m/m),2026-03-14 08:00:00,丁苯,延炼12万吨/年乙苯/苯乙烯装置
0.94,ST010127,%(m/m),2026-03-14 08:00:00,二乙苯,延炼12万吨/年乙苯/苯乙烯装置
0.48,ST010127,%(m/m),2026-03-14 08:00:00,重芳,延炼12万吨/年乙苯/苯乙烯装置
0.24,ST010127,%(m/m),2026-03-15 08:00:00,非  芳,延炼12万吨/年乙苯/苯乙烯装置
85.96,ST010127,%(m/m),2026-03-15 08:00:00,苯,延炼12万吨/年乙苯/苯乙烯装置
0.10,ST010127,%(m/m),2026-03-15 08:00:00,甲  苯,延炼12万吨/年乙苯/苯乙烯装置
11.65,ST010127,%(m/m),2026-03-15 08:00:00,乙  苯,延炼12万吨/年乙苯/苯乙烯装置
0.01,ST010127,%(m/m),2026-03-15 08:00:00,二甲苯,延炼12万吨/年乙苯/苯乙烯装置
0.06,ST010127,%(m/m),2026-03-15 08:00:00,异丙苯,延炼12万吨/年乙苯/苯乙烯装置
0.00,ST010127,%(m/m),2026-03-15 08:00:00,正丙苯,延炼12万吨/年乙苯/苯乙烯装置
0.01,ST010127,%(m/m),2026-03-15 08:00:00,甲乙苯,延炼12万吨/年乙苯/苯乙烯装置
0.10,ST010127,%(m/m),2026-03-15 08:00:00,丁苯,延炼12万吨/年乙苯/苯乙烯装置
1.22,ST010127,%(m/m),2026-03-15 08:00:00,二乙苯,延炼12万吨/年乙苯/苯乙烯装置
0.64,ST010127,%(m/m),2026-03-15 08:00:00,重芳,延炼12万吨/年乙苯/苯乙烯装置
0.12,ST010127,%(m/m),2026-03-16 08:00:00,非  芳,延炼12万吨/年乙苯/苯乙烯装置
91.67,ST010127,%(m/m),2026-03-16 08:00:00,苯,延炼12万吨/年乙苯/苯乙烯装置
0.06,ST010127,%(m/m),2026-03-16 08:00:00,甲  苯,延炼12万吨/年乙苯/苯乙烯装置
6.80,ST010127,%(m/m),2026-03-16 08:00:00,乙  苯,延炼12万吨/年乙苯/苯乙烯装置
0.01,ST010127,%(m/m),2026-03-16 08:00:00,二甲苯,延炼12万吨/年乙苯/苯乙烯装置
0.03,ST010127,%(m/m),2026-03-16 08:00:00,异丙苯,延炼12万吨/年乙苯/苯乙烯装置
0.03,ST010127,%(m/m),2026-03-16 08:00:00,正丙苯,延炼12万吨/年乙苯/苯乙烯装置
0.01,ST010127,%(m/m),2026-03-16 08:00:00,甲乙苯,延炼12万吨/年乙苯/苯乙烯装置
0.06,ST010127,%(m/m),2026-03-16 08:00:00,丁苯,延炼12万吨/年乙苯/苯乙烯装置
0.83,ST010127,%(m/m),2026-03-16 08:00:00,二乙苯,延炼12万吨/年乙苯/苯乙烯装置
0.38,ST010127,%(m/m),2026-03-16 08:00:00,重芳,延炼12万吨/年乙苯/苯乙烯装置
0.15,ST010127,%(m/m),2026-03-17 08:00:00,非  芳,延炼12万吨/年乙苯/苯乙烯装置
90.60,ST010127,%(m/m),2026-03-17 08:00:00,苯,延炼12万吨/年乙苯/苯乙烯装置
0.06,ST010127,%(m/m),2026-03-17 08:00:00,甲  苯,延炼12万吨/年乙苯/苯乙烯装置
7.68,ST010127,%(m/m),2026-03-17 08:00:00,乙  苯,延炼12万吨/年乙苯/苯乙烯装置
0.01,ST010127,%(m/m),2026-03-17 08:00:00,二甲苯,延炼12万吨/年乙苯/苯乙烯装置
0.05,ST010127,%(m/m),2026-03-17 08:00:00,异丙苯,延炼12万吨/年乙苯/苯乙烯装置
0.00,ST010127,%(m/m),2026-03-17 08:00:00,正丙苯,延炼12万吨/年乙苯/苯乙烯装置
0.01,ST010127,%(m/m),2026-03-17 08:00:00,甲乙苯,延炼12万吨/年乙苯/苯乙烯装置
0.07,ST010127,%(m/m),2026-03-17 08:00:00,丁苯,延炼12万吨/年乙苯/苯乙烯装置
0.94,ST010127,%(m/m),2026-03-17 08:00:00,二乙苯,延炼12万吨/年乙苯/苯乙烯装置
0.44,ST010127,%(m/m),2026-03-17 08:00:00,重芳,延炼12万吨/年乙苯/苯乙烯装置
0.11,ST010127,%(m/m),2026-03-18 08:00:00,非  芳,延炼12万吨/年乙苯/苯乙烯装置
91.86,ST010127,%(m/m),2026-03-18 08:00:00,苯,延炼12万吨/年乙苯/苯乙烯装置
0.04,ST010127,%(m/m),2026-03-18 08:00:00,甲  苯,延炼12万吨/年乙苯/苯乙烯装置
6.76,ST010127,%(m/m),2026-03-18 08:00:00,乙  苯,延炼12万吨/年乙苯/苯乙烯装置
0.01,ST010127,%(m/m),2026-03-18 08:00:00,二甲苯,延炼12万吨/年乙苯/苯乙烯装置
0.04,ST010127,%(m/m),2026-03-18 08:00:00,异丙苯,延炼12万吨/年乙苯/苯乙烯装置
0.00,ST010127,%(m/m),2026-03-18 08:00:00,正丙苯,延炼12万吨/年乙苯/苯乙烯装置
0.00,ST010127,%(m/m),2026-03-18 08:00:00,甲乙苯,延炼12万吨/年乙苯/苯乙烯装置
0.06,ST010127,%(m/m),2026-03-18 08:00:00,丁苯,延炼12万吨/年乙苯/苯乙烯装置
0.69,ST010127,%(m/m),2026-03-18 08:00:00,二乙苯,延炼12万吨/年乙苯/苯乙烯装置
0.42,ST010127,%(m/m),2026-03-18 08:00:00,重芳,延炼12万吨/年乙苯/苯乙烯装置
0.12,ST010127,%(m/m),2026-03-19 08:00:00,非  芳,延炼12万吨/年乙苯/苯乙烯装置
90.51,ST010127,%(m/m),2026-03-19 08:00:00,苯,延炼12万吨/年乙苯/苯乙烯装置
0.08,ST010127,%(m/m),2026-03-19 08:00:00,甲  苯,延炼12万吨/年乙苯/苯乙烯装置
8.16,ST010127,%(m/m),2026-03-19 08:00:00,乙  苯,延炼12万吨/年乙苯/苯乙烯装置
0.01,ST010127,%(m/m),2026-03-19 08:00:00,二甲苯,延炼12万吨/年乙苯/苯乙烯装置
0.05,ST010127,%(m/m),2026-03-19 08:00:00,异丙苯,延炼12万吨/年乙苯/苯乙烯装置
0.00,ST010127,%(m/m),2026-03-19 08:00:00,正丙苯,延炼12万吨/年乙苯/苯乙烯装置
0.01,ST010127,%(m/m),2026-03-19 08:00:00,甲乙苯,延炼12万吨/年乙苯/苯乙烯装置
0.08,ST010127,%(m/m),2026-03-19 08:00:00,丁苯,延炼12万吨/年乙苯/苯乙烯装置
0.47,ST010127,%(m/m),2026-03-19 08:00:00,二乙苯,延炼12万吨/年乙苯/苯乙烯装置
0.50,ST010127,%(m/m),2026-03-19 08:00:00,重芳,延炼12万吨/年乙苯/苯乙烯装置
0.12,ST010127,%(m/m),2026-03-20 08:00:00,非  芳,延炼12万吨/年乙苯/苯乙烯装置
91.80,ST010127,%(m/m),2026-03-20 08:00:00,苯,延炼12万吨/年乙苯/苯乙烯装置
0.06,ST010127,%(m/m),2026-03-20 08:00:00,甲  苯,延炼12万吨/年乙苯/苯乙烯装置
6.74,ST010127,%(m/m),2026-03-20 08:00:00,乙  苯,延炼12万吨/年乙苯/苯乙烯装置
0.01,ST010127,%(m/m),2026-03-20 08:00:00,二甲苯,延炼12万吨/年乙苯/苯乙烯装置
0.03,ST010127,%(m/m),2026-03-20 08:00:00,异丙苯,延炼12万吨/年乙苯/苯乙烯装置
0.00,ST010127,%(m/m),2026-03-20 08:00:00,正丙苯,延炼12万吨/年乙苯/苯乙烯装置
0.01,ST010127,%(m/m),2026-03-20 08:00:00,甲乙苯,延炼12万吨/年乙苯/苯乙烯装置
0.06,ST010127,%(m/m),2026-03-20 08:00:00,丁苯,延炼12万吨/年乙苯/苯乙烯装置
0.79,ST010127,%(m/m),2026-03-20 08:00:00,二乙苯,延炼12万吨/年乙苯/苯乙烯装置
0.38,ST010127,%(m/m),2026-03-20 08:00:00,重芳,延炼12万吨/年乙苯/苯乙烯装置
0.11,ST010127,%(m/m),2026-03-21 08:00:00,非  芳,延炼12万吨/年乙苯/苯乙烯装置
90.58,ST010127,%(m/m),2026-03-21 08:00:00,苯,延炼12万吨/年乙苯/苯乙烯装置
0.02,ST010127,%(m/m),2026-03-21 08:00:00,甲  苯,延炼12万吨/年乙苯/苯乙烯装置
7.74,ST010127,%(m/m),2026-03-21 08:00:00,乙  苯,延炼12万吨/年乙苯/苯乙烯装置
0.01,ST010127,%(m/m),2026-03-21 08:00:00,二甲苯,延炼12万吨/年乙苯/苯乙烯装置
0.03,ST010127,%(m/m),2026-03-21 08:00:00,异丙苯,延炼12万吨/年乙苯/苯乙烯装置
0.04,ST010127,%(m/m),2026-03-21 08:00:00,正丙苯,延炼12万吨/年乙苯/苯乙烯装置
0.00,ST010127,%(m/m),2026-03-21 08:00:00,甲乙苯,延炼12万吨/年乙苯/苯乙烯装置
0.06,ST010127,%(m/m),2026-03-21 08:00:00,丁苯,延炼12万吨/年乙苯/苯乙烯装置
0.99,ST010127,%(m/m),2026-03-21 08:00:00,二乙苯,延炼12万吨/年乙苯/苯乙烯装置
0.42,ST010127,%(m/m),2026-03-21 08:00:00,重芳,延炼12万吨/年乙苯/苯乙烯装置
0.13,ST010127,%(m/m),2026-03-22 08:00:00,非  芳,延炼12万吨/年乙苯/苯乙烯装置
88.26,ST010127,%(m/m),2026-03-22 08:00:00,苯,延炼12万吨/年乙苯/苯乙烯装置
0.05,ST010127,%(m/m),2026-03-22 08:00:00,甲  苯,延炼12万吨/年乙苯/苯乙烯装置
9.97,ST010127,%(m/m),2026-03-22 08:00:00,乙  苯,延炼12万吨/年乙苯/苯乙烯装置
0.01,ST010127,%(m/m),2026-03-22 08:00:00,二甲苯,延炼12万吨/年乙苯/苯乙烯装置
0.04,ST010127,%(m/m),2026-03-22 08:00:00,异丙苯,延炼12万吨/年乙苯/苯乙烯装置
0.05,ST010127,%(m/m),2026-03-22 08:00:00,正丙苯,延炼12万吨/年乙苯/苯乙烯装置
0.01,ST010127,%(m/m),2026-03-22 08:00:00,甲乙苯,延炼12万吨/年乙苯/苯乙烯装置
0.08,ST010127,%(m/m),2026-03-22 08:00:00,丁苯,延炼12万吨/年乙苯/苯乙烯装置
0.92,ST010127,%(m/m),2026-03-22 08:00:00,二乙苯,延炼12万吨/年乙苯/苯乙烯装置
0.48,ST010127,%(m/m),2026-03-22 08:00:00,重芳,延炼12万吨/年乙苯/苯乙烯装置
0.11,ST010127,%(m/m),2026-03-23 08:00:00,非  芳,延炼12万吨/年乙苯/苯乙烯装置
88.50,ST010127,%(m/m),2026-03-23 08:00:00,苯,延炼12万吨/年乙苯/苯乙烯装置
0.02,ST010127,%(m/m),2026-03-23 08:00:00,甲  苯,延炼12万吨/年乙苯/苯乙烯装置
9.51,ST010127,%(m/m),2026-03-23 08:00:00,乙  苯,延炼12万吨/年乙苯/苯乙烯装置
0.01,ST010127,%(m/m),2026-03-23 08:00:00,二甲苯,延炼12万吨/年乙苯/苯乙烯装置
0.05,ST010127,%(m/m),2026-03-23 08:00:00,异丙苯,延炼12万吨/年乙苯/苯乙烯装置
0.05,ST010127,%(m/m),2026-03-23 08:00:00,正丙苯,延炼12万吨/年乙苯/苯乙烯装置
0.01,ST010127,%(m/m),2026-03-23 08:00:00,甲乙苯,延炼12万吨/年乙苯/苯乙烯装置
0.08,ST010127,%(m/m),2026-03-23 08:00:00,丁苯,延炼12万吨/年乙苯/苯乙烯装置
0.98,ST010127,%(m/m),2026-03-23 08:00:00,二乙苯,延炼12万吨/年乙苯/苯乙烯装置
0.68,ST010127,%(m/m),2026-03-23 08:00:00,重芳,延炼12万吨/年乙苯/苯乙烯装置
0.11,ST010127,%(m/m),2026-03-24 08:00:00,非  芳,延炼12万吨/年乙苯/苯乙烯装置
91.67,ST010127,%(m/m),2026-03-24 08:00:00,苯,延炼12万吨/年乙苯/苯乙烯装置
0.06,ST010127,%(m/m),2026-03-24 08:00:00,甲  苯,延炼12万吨/年乙苯/苯乙烯装置
6.83,ST010127,%(m/m),2026-03-24 08:00:00,乙  苯,延炼12万吨/年乙苯/苯乙烯装置
0.01,ST010127,%(m/m),2026-03-24 08:00:00,二甲苯,延炼12万吨/年乙苯/苯乙烯装置
0.03,ST010127,%(m/m),2026-03-24 08:00:00,异丙苯,延炼12万吨/年乙苯/苯乙烯装置
0.03,ST010127,%(m/m),2026-03-24 08:00:00,正丙苯,延炼12万吨/年乙苯/苯乙烯装置
0.01,ST010127,%(m/m),2026-03-24 08:00:00,甲乙苯,延炼12万吨/年乙苯/苯乙烯装置
0.06,ST010127,%(m/m),2026-03-24 08:00:00,丁苯,延炼12万吨/年乙苯/苯乙烯装置
0.80,ST010127,%(m/m),2026-03-24 08:00:00,二乙苯,延炼12万吨/年乙苯/苯乙烯装置
0.38,ST010127,%(m/m),2026-03-24 08:00:00,重芳,延炼12万吨/年乙苯/苯乙烯装置
0.13,ST010127,%(m/m),2026-03-25 08:00:00,非  芳,延炼12万吨/年乙苯/苯乙烯装置
92.74,ST010127,%(m/m),2026-03-25 08:00:00,苯,延炼12万吨/年乙苯/苯乙烯装置
0.09,ST010127,%(m/m),2026-03-25 08:00:00,甲  苯,延炼12万吨/年乙苯/苯乙烯装置
5.92,ST010127,%(m/m),2026-03-25 08:00:00,乙  苯,延炼12万吨/年乙苯/苯乙烯装置
0.00,ST010127,%(m/m),2026-03-25 08:00:00,二甲苯,延炼12万吨/年乙苯/苯乙烯装置
0.03,ST010127,%(m/m),2026-03-25 08:00:00,异丙苯,延炼12万吨/年乙苯/苯乙烯装置
0.03,ST010127,%(m/m),2026-03-25 08:00:00,正丙苯,延炼12万吨/年乙苯/苯乙烯装置
0.01,ST010127,%(m/m),2026-03-25 08:00:00,甲乙苯,延炼12万吨/年乙苯/苯乙烯装置
0.05,ST010127,%(m/m),2026-03-25 08:00:00,丁苯,延炼12万吨/年乙苯/苯乙烯装置
0.63,ST010127,%(m/m),2026-03-25 08:00:00,二乙苯,延炼12万吨/年乙苯/苯乙烯装置
0.36,ST010127,%(m/m),2026-03-25 08:00:00,重芳,延炼12万吨/年乙苯/苯乙烯装置
0.13,ST010127,%(m/m),2026-03-26 08:00:00,非  芳,延炼12万吨/年乙苯/苯乙烯装置
91.25,ST010127,%(m/m),2026-03-26 08:00:00,苯,延炼12万吨/年乙苯/苯乙烯装置
0.02,ST010127,%(m/m),2026-03-26 08:00:00,甲  苯,延炼12万吨/年乙苯/苯乙烯装置
7.81,ST010127,%(m/m),2026-03-26 08:00:00,乙  苯,延炼12万吨/年乙苯/苯乙烯装置
0.01,ST010127,%(m/m),2026-03-26 08:00:00,二甲苯,延炼12万吨/年乙苯/苯乙烯装置
0.03,ST010127,%(m/m),2026-03-26 08:00:00,异丙苯,延炼12万吨/年乙苯/苯乙烯装置
0.04,ST010127,%(m/m),2026-03-26 08:00:00,正丙苯,延炼12万吨/年乙苯/苯乙烯装置
0.01,ST010127,%(m/m),2026-03-26 08:00:00,甲乙苯,延炼12万吨/年乙苯/苯乙烯装置
0.06,ST010127,%(m/m),2026-03-26 08:00:00,丁苯,延炼12万吨/年乙苯/苯乙烯装置
0.26,ST010127,%(m/m),2026-03-26 08:00:00,二乙苯,延炼12万吨/年乙苯/苯乙烯装置
0.38,ST010127,%(m/m),2026-03-26 08:00:00,重芳,延炼12万吨/年乙苯/苯乙烯装置
0.13,ST010127,%(m/m),2026-03-27 08:00:00,非  芳,延炼12万吨/年乙苯/苯乙烯装置
91.78,ST010127,%(m/m),2026-03-27 08:00:00,苯,延炼12万吨/年乙苯/苯乙烯装置
0.05,ST010127,%(m/m),2026-03-27 08:00:00,甲  苯,延炼12万吨/年乙苯/苯乙烯装置
6.76,ST010127,%(m/m),2026-03-27 08:00:00,乙  苯,延炼12万吨/年乙苯/苯乙烯装置
0.01,ST010127,%(m/m),2026-03-27 08:00:00,二甲苯,延炼12万吨/年乙苯/苯乙烯装置
0.03,ST010127,%(m/m),2026-03-27 08:00:00,异丙苯,延炼12万吨/年乙苯/苯乙烯装置
0.03,ST010127,%(m/m),2026-03-27 08:00:00,正丙苯,延炼12万吨/年乙苯/苯乙烯装置
0.00,ST010127,%(m/m),2026-03-27 08:00:00,甲乙苯,延炼12万吨/年乙苯/苯乙烯装置
0.06,ST010127,%(m/m),2026-03-27 08:00:00,丁苯,延炼12万吨/年乙苯/苯乙烯装置
0.78,ST010127,%(m/m),2026-03-27 08:00:00,二乙苯,延炼12万吨/年乙苯/苯乙烯装置
0.37,ST010127,%(m/m),2026-03-27 08:00:00,重芳,延炼12万吨/年乙苯/苯乙烯装置
0.11,ST010127,%(m/m),2026-03-28 08:00:00,非  芳,延炼12万吨/年乙苯/苯乙烯装置
91.79,ST010127,%(m/m),2026-03-28 08:00:00,苯,延炼12万吨/年乙苯/苯乙烯装置
0.06,ST010127,%(m/m),2026-03-28 08:00:00,甲  苯,延炼12万吨/年乙苯/苯乙烯装置
6.73,ST010127,%(m/m),2026-03-28 08:00:00,乙  苯,延炼12万吨/年乙苯/苯乙烯装置
0.01,ST010127,%(m/m),2026-03-28 08:00:00,二甲苯,延炼12万吨/年乙苯/苯乙烯装置
0.03,ST010127,%(m/m),2026-03-28 08:00:00,异丙苯,延炼12万吨/年乙苯/苯乙烯装置
0.03,ST010127,%(m/m),2026-03-28 08:00:00,正丙苯,延炼12万吨/年乙苯/苯乙烯装置
0.01,ST010127,%(m/m),2026-03-28 08:00:00,甲乙苯,延炼12万吨/年乙苯/苯乙烯装置
0.06,ST010127,%(m/m),2026-03-28 08:00:00,丁苯,延炼12万吨/年乙苯/苯乙烯装置
0.80,ST010127,%(m/m),2026-03-28 08:00:00,二乙苯,延炼12万吨/年乙苯/苯乙烯装置
0.37,ST010127,%(m/m),2026-03-28 08:00:00,重芳,延炼12万吨/年乙苯/苯乙烯装置
0.14,ST010127,%(m/m),2026-03-29 08:00:00,非  芳,延炼12万吨/年乙苯/苯乙烯装置
87.63,ST010127,%(m/m),2026-03-29 08:00:00,苯,延炼12万吨/年乙苯/苯乙烯装置
0.04,ST010127,%(m/m),2026-03-29 08:00:00,甲  苯,延炼12万吨/年乙苯/苯乙烯装置
10.31,ST010127,%(m/m),2026-03-29 08:00:00,乙  苯,延炼12万吨/年乙苯/苯乙烯装置
0.01,ST010127,%(m/m),2026-03-29 08:00:00,二甲苯,延炼12万吨/年乙苯/苯乙烯装置
0.03,ST010127,%(m/m),2026-03-29 08:00:00,异丙苯,延炼12万吨/年乙苯/苯乙烯装置
0.03,ST010127,%(m/m),2026-03-29 08:00:00,正丙苯,延炼12万吨/年乙苯/苯乙烯装置
0.01,ST010127,%(m/m),2026-03-29 08:00:00,甲乙苯,延炼12万吨/年乙苯/苯乙烯装置
0.07,ST010127,%(m/m),2026-03-29 08:00:00,丁苯,延炼12万吨/年乙苯/苯乙烯装置
1.01,ST010127,%(m/m),2026-03-29 08:00:00,二乙苯,延炼12万吨/年乙苯/苯乙烯装置
0.72,ST010127,%(m/m),2026-03-29 08:00:00,重芳,延炼12万吨/年乙苯/苯乙烯装置
0.88,ST010127,%(m/m),2026-03-30 08:00:00,二乙苯,延炼12万吨/年乙苯/苯乙烯装置
0.42,ST010127,%(m/m),2026-03-30 08:00:00,重芳,延炼12万吨/年乙苯/苯乙烯装置
0.13,ST010127,%(m/m),2026-03-30 08:00:00,非  芳,延炼12万吨/年乙苯/苯乙烯装置
89.54,ST010127,%(m/m),2026-03-30 08:00:00,苯,延炼12万吨/年乙苯/苯乙烯装置
0.06,ST010127,%(m/m),2026-03-30 08:00:00,甲  苯,延炼12万吨/年乙苯/苯乙烯装置
8.83,ST010127,%(m/m),2026-03-30 08:00:00,乙  苯,延炼12万吨/年乙苯/苯乙烯装置
0.01,ST010127,%(m/m),2026-03-30 08:00:00,二甲苯,延炼12万吨/年乙苯/苯乙烯装置
0.03,ST010127,%(m/m),2026-03-30 08:00:00,异丙苯,延炼12万吨/年乙苯/苯乙烯装置
0.03,ST010127,%(m/m),2026-03-30 08:00:00,正丙苯,延炼12万吨/年乙苯/苯乙烯装置
0.01,ST010127,%(m/m),2026-03-30 08:00:00,甲乙苯,延炼12万吨/年乙苯/苯乙烯装置
0.07,ST010127,%(m/m),2026-03-30 08:00:00,丁苯,延炼12万吨/年乙苯/苯乙烯装置
0.16,ST010127,%(m/m),2026-03-31 08:00:00,非  芳,延炼12万吨/年乙苯/苯乙烯装置
91.01,ST010127,%(m/m),2026-03-31 08:00:00,苯,延炼12万吨/年乙苯/苯乙烯装置
0.07,ST010127,%(m/m),2026-03-31 08:00:00,甲  苯,延炼12万吨/年乙苯/苯乙烯装置
7.95,ST010127,%(m/m),2026-03-31 08:00:00,乙  苯,延炼12万吨/年乙苯/苯乙烯装置
0.01,ST010127,%(m/m),2026-03-31 08:00:00,二甲苯,延炼12万吨/年乙苯/苯乙烯装置
0.03,ST010127,%(m/m),2026-03-31 08:00:00,异丙苯,延炼12万吨/年乙苯/苯乙烯装置
0.00,ST010127,%(m/m),2026-03-31 08:00:00,正丙苯,延炼12万吨/年乙苯/苯乙烯装置
0.01,ST010127,%(m/m),2026-03-31 08:00:00,甲乙苯,延炼12万吨/年乙苯/苯乙烯装置
0.06,ST010127,%(m/m),2026-03-31 08:00:00,丁苯,延炼12万吨/年乙苯/苯乙烯装置
0.28,ST010127,%(m/m),2026-03-31 08:00:00,二乙苯,延炼12万吨/年乙苯/苯乙烯装置
0.43,ST010127,%(m/m),2026-03-31 08:00:00,重芳,延炼12万吨/年乙苯/苯乙烯装置
0.13,ST010127,%(m/m),2026-04-01 08:00:00,非  芳,延炼12万吨/年乙苯/苯乙烯装置
92.16,ST010127,%(m/m),2026-04-01 08:00:00,苯,延炼12万吨/年乙苯/苯乙烯装置
0.06,ST010127,%(m/m),2026-04-01 08:00:00,甲  苯,延炼12万吨/年乙苯/苯乙烯装置
6.72,ST010127,%(m/m),2026-04-01 08:00:00,乙  苯,延炼12万吨/年乙苯/苯乙烯装置
0.01,ST010127,%(m/m),2026-04-01 08:00:00,二甲苯,延炼12万吨/年乙苯/苯乙烯装置
0.03,ST010127,%(m/m),2026-04-01 08:00:00,异丙苯,延炼12万吨/年乙苯/苯乙烯装置
0.03,ST010127,%(m/m),2026-04-01 08:00:00,正丙苯,延炼12万吨/年乙苯/苯乙烯装置
0.01,ST010127,%(m/m),2026-04-01 08:00:00,甲乙苯,延炼12万吨/年乙苯/苯乙烯装置
0.06,ST010127,%(m/m),2026-04-01 08:00:00,丁苯,延炼12万吨/年乙苯/苯乙烯装置
0.42,ST010127,%(m/m),2026-04-01 08:00:00,二乙苯,延炼12万吨/年乙苯/苯乙烯装置
0.37,ST010127,%(m/m),2026-04-01 08:00:00,重芳,延炼12万吨/年乙苯/苯乙烯装置
0.17,ST010127,%(m/m),2026-04-02 08:00:00,非  芳,延炼12万吨/年乙苯/苯乙烯装置
90.36,ST010127,%(m/m),2026-04-02 08:00:00,苯,延炼12万吨/年乙苯/苯乙烯装置
0.04,ST010127,%(m/m),2026-04-02 08:00:00,甲  苯,延炼12万吨/年乙苯/苯乙烯装置
7.94,ST010127,%(m/m),2026-04-02 08:00:00,乙  苯,延炼12万吨/年乙苯/苯乙烯装置
0.01,ST010127,%(m/m),2026-04-02 08:00:00,二甲苯,延炼12万吨/年乙苯/苯乙烯装置
0.03,ST010127,%(m/m),2026-04-02 08:00:00,异丙苯,延炼12万吨/年乙苯/苯乙烯装置
0.04,ST010127,%(m/m),2026-04-02 08:00:00,正丙苯,延炼12万吨/年乙苯/苯乙烯装置
0.01,ST010127,%(m/m),2026-04-02 08:00:00,甲乙苯,延炼12万吨/年乙苯/苯乙烯装置
0.07,ST010127,%(m/m),2026-04-02 08:00:00,丁苯,延炼12万吨/年乙苯/苯乙烯装置
0.90,ST010127,%(m/m),2026-04-02 08:00:00,二乙苯,延炼12万吨/年乙苯/苯乙烯装置
0.43,ST010127,%(m/m),2026-04-02 08:00:00,重芳,延炼12万吨/年乙苯/苯乙烯装置
0.18,ST010127,%(m/m),2026-04-03 08:00:00,非  芳,延炼12万吨/年乙苯/苯乙烯装置
87.71,ST010127,%(m/m),2026-04-03 08:00:00,苯,延炼12万吨/年乙苯/苯乙烯装置
0.07,ST010127,%(m/m),2026-04-03 08:00:00,甲  苯,延炼12万吨/年乙苯/苯乙烯装置
10.27,ST010127,%(m/m),2026-04-03 08:00:00,乙  苯,延炼12万吨/年乙苯/苯乙烯装置
0.01,ST010127,%(m/m),2026-04-03 08:00:00,二甲苯,延炼12万吨/年乙苯/苯乙烯装置
0.04,ST010127,%(m/m),2026-04-03 08:00:00,异丙苯,延炼12万吨/年乙苯/苯乙烯装置
0.05,ST010127,%(m/m),2026-04-03 08:00:00,正丙苯,延炼12万吨/年乙苯/苯乙烯装置
0.01,ST010127,%(m/m),2026-04-03 08:00:00,甲乙苯,延炼12万吨/年乙苯/苯乙烯装置
0.08,ST010127,%(m/m),2026-04-03 08:00:00,丁苯,延炼12万吨/年乙苯/苯乙烯装置
1.04,ST010127,%(m/m),2026-04-03 08:00:00,二乙苯,延炼12万吨/年乙苯/苯乙烯装置
0.53,ST010127,%(m/m),2026-04-03 08:00:00,重芳,延炼12万吨/年乙苯/苯乙烯装置
0.16,ST010127,%(m/m),2026-04-04 08:00:00,非  芳,延炼12万吨/年乙苯/苯乙烯装置
90.42,ST010127,%(m/m),2026-04-04 08:00:00,苯,延炼12万吨/年乙苯/苯乙烯装置
0.07,ST010127,%(m/m),2026-04-04 08:00:00,甲  苯,延炼12万吨/年乙苯/苯乙烯装置
8.08,ST010127,%(m/m),2026-04-04 08:00:00,乙  苯,延炼12万吨/年乙苯/苯乙烯装置
0.01,ST010127,%(m/m),2026-04-04 08:00:00,二甲苯,延炼12万吨/年乙苯/苯乙烯装置
0.03,ST010127,%(m/m),2026-04-04 08:00:00,异丙苯,延炼12万吨/年乙苯/苯乙烯装置
0.00,ST010127,%(m/m),2026-04-04 08:00:00,正丙苯,延炼12万吨/年乙苯/苯乙烯装置
0.01,ST010127,%(m/m),2026-04-04 08:00:00,甲乙苯,延炼12万吨/年乙苯/苯乙烯装置
0.02,ST010127,%(m/m),2026-04-04 08:00:00,丁苯,延炼12万吨/年乙苯/苯乙烯装置
0.81,ST010127,%(m/m),2026-04-04 08:00:00,二乙苯,延炼12万吨/年乙苯/苯乙烯装置
0.39,ST010127,%(m/m),2026-04-04 08:00:00,重芳,延炼12万吨/年乙苯/苯乙烯装置
0.12,ST010127,%(m/m),2026-04-05 08:00:00,非  芳,延炼12万吨/年乙苯/苯乙烯装置
91.81,ST010127,%(m/m),2026-04-05 08:00:00,苯,延炼12万吨/年乙苯/苯乙烯装置
0.06,ST010127,%(m/m),2026-04-05 08:00:00,甲  苯,延炼12万吨/年乙苯/苯乙烯装置
6.74,ST010127,%(m/m),2026-04-05 08:00:00,乙  苯,延炼12万吨/年乙苯/苯乙烯装置
0.01,ST010127,%(m/m),2026-04-05 08:00:00,二甲苯,延炼12万吨/年乙苯/苯乙烯装置
0.03,ST010127,%(m/m),2026-04-05 08:00:00,异丙苯,延炼12万吨/年乙苯/苯乙烯装置
0.00,ST010127,%(m/m),2026-04-05 08:00:00,正丙苯,延炼12万吨/年乙苯/苯乙烯装置
0.01,ST010127,%(m/m),2026-04-05 08:00:00,甲乙苯,延炼12万吨/年乙苯/苯乙烯装置
0.06,ST010127,%(m/m),2026-04-05 08:00:00,丁苯,延炼12万吨/年乙苯/苯乙烯装置
0.80,ST010127,%(m/m),2026-04-05 08:00:00,二乙苯,延炼12万吨/年乙苯/苯乙烯装置
0.37,ST010127,%(m/m),2026-04-05 08:00:00,重芳,延炼12万吨/年乙苯/苯乙烯装置
0.15,ST010127,%(m/m),2026-04-06 08:00:00,非  芳,延炼12万吨/年乙苯/苯乙烯装置
91.38,ST010127,%(m/m),2026-04-06 08:00:00,苯,延炼12万吨/年乙苯/苯乙烯装置
0.07,ST010127,%(m/m),2026-04-06 08:00:00,甲  苯,延炼12万吨/年乙苯/苯乙烯装置
7.15,ST010127,%(m/m),2026-04-06 08:00:00,乙  苯,延炼12万吨/年乙苯/苯乙烯装置
0.01,ST010127,%(m/m),2026-04-06 08:00:00,二甲苯,延炼12万吨/年乙苯/苯乙烯装置
0.03,ST010127,%(m/m),2026-04-06 08:00:00,异丙苯,延炼12万吨/年乙苯/苯乙烯装置
0.04,ST010127,%(m/m),2026-04-06 08:00:00,正丙苯,延炼12万吨/年乙苯/苯乙烯装置
0.01,ST010127,%(m/m),2026-04-06 08:00:00,甲乙苯,延炼12万吨/年乙苯/苯乙烯装置
0.06,ST010127,%(m/m),2026-04-06 08:00:00,丁苯,延炼12万吨/年乙苯/苯乙烯装置
0.74,ST010127,%(m/m),2026-04-06 08:00:00,二乙苯,延炼12万吨/年乙苯/苯乙烯装置
0.37,ST010127,%(m/m),2026-04-06 08:00:00,重芳,延炼12万吨/年乙苯/苯乙烯装置
0.15,ST010127,%(m/m),2026-04-07 08:00:00,非  芳,延炼12万吨/年乙苯/苯乙烯装置
89.44,ST010127,%(m/m),2026-04-07 08:00:00,苯,延炼12万吨/年乙苯/苯乙烯装置
0.08,ST010127,%(m/m),2026-04-07 08:00:00,甲  苯,延炼12万吨/年乙苯/苯乙烯装置
8.85,ST010127,%(m/m),2026-04-07 08:00:00,乙  苯,延炼12万吨/年乙苯/苯乙烯装置
0.01,ST010127,%(m/m),2026-04-07 08:00:00,二甲苯,延炼12万吨/年乙苯/苯乙烯装置
0.04,ST010127,%(m/m),2026-04-07 08:00:00,异丙苯,延炼12万吨/年乙苯/苯乙烯装置
0.04,ST010127,%(m/m),2026-04-07 08:00:00,正丙苯,延炼12万吨/年乙苯/苯乙烯装置
0.01,ST010127,%(m/m),2026-04-07 08:00:00,甲乙苯,延炼12万吨/年乙苯/苯乙烯装置
0.07,ST010127,%(m/m),2026-04-07 08:00:00,丁苯,延炼12万吨/年乙苯/苯乙烯装置
0.86,ST010127,%(m/m),2026-04-07 08:00:00,二乙苯,延炼12万吨/年乙苯/苯乙烯装置
0.45,ST010127,%(m/m),2026-04-07 08:00:00,重芳,延炼12万吨/年乙苯/苯乙烯装置
0.15,ST010127,%(m/m),2026-04-08 08:00:00,非  芳,延炼12万吨/年乙苯/苯乙烯装置
88.59,ST010127,%(m/m),2026-04-08 08:00:00,苯,延炼12万吨/年乙苯/苯乙烯装置
0.07,ST010127,%(m/m),2026-04-08 08:00:00,甲  苯,延炼12万吨/年乙苯/苯乙烯装置
9.61,ST010127,%(m/m),2026-04-08 08:00:00,乙  苯,延炼12万吨/年乙苯/苯乙烯装置
0.01,ST010127,%(m/m),2026-04-08 08:00:00,二甲苯,延炼12万吨/年乙苯/苯乙烯装置
0.04,ST010127,%(m/m),2026-04-08 08:00:00,异丙苯,延炼12万吨/年乙苯/苯乙烯装置
0.05,ST010127,%(m/m),2026-04-08 08:00:00,正丙苯,延炼12万吨/年乙苯/苯乙烯装置
0.01,ST010127,%(m/m),2026-04-08 08:00:00,甲乙苯,延炼12万吨/年乙苯/苯乙烯装置
0.08,ST010127,%(m/m),2026-04-08 08:00:00,丁苯,延炼12万吨/年乙苯/苯乙烯装置
0.87,ST010127,%(m/m),2026-04-08 08:00:00,二乙苯,延炼12万吨/年乙苯/苯乙烯装置
0.51,ST010127,%(m/m),2026-04-08 08:00:00,重芳,延炼12万吨/年乙苯/苯乙烯装置
0.13,ST010127,%(m/m),2026-04-09 08:00:00,非  芳,延炼12万吨/年乙苯/苯乙烯装置
91.67,ST010127,%(m/m),2026-04-09 08:00:00,苯,延炼12万吨/年乙苯/苯乙烯装置
0.06,ST010127,%(m/m),2026-04-09 08:00:00,甲  苯,延炼12万吨/年乙苯/苯乙烯装置
6.83,ST010127,%(m/m),2026-04-09 08:00:00,乙  苯,延炼12万吨/年乙苯/苯乙烯装置
0.01,ST010127,%(m/m),2026-04-09 08:00:00,二甲苯,延炼12万吨/年乙苯/苯乙烯装置
0.03,ST010127,%(m/m),2026-04-09 08:00:00,异丙苯,延炼12万吨/年乙苯/苯乙烯装置
0.04,ST010127,%(m/m),2026-04-09 08:00:00,正丙苯,延炼12万吨/年乙苯/苯乙烯装置
0.01,ST010127,%(m/m),2026-04-09 08:00:00,甲乙苯,延炼12万吨/年乙苯/苯乙烯装置
0.06,ST010127,%(m/m),2026-04-09 08:00:00,丁苯,延炼12万吨/年乙苯/苯乙烯装置
0.79,ST010127,%(m/m),2026-04-09 08:00:00,二乙苯,延炼12万吨/年乙苯/苯乙烯装置
0.38,ST010127,%(m/m),2026-04-09 08:00:00,重芳,延炼12万吨/年乙苯/苯乙烯装置
0.14,ST010127,%(m/m),2026-04-10 08:00:00,非  芳,延炼12万吨/年乙苯/苯乙烯装置
91.99,ST010127,%(m/m),2026-04-10 08:00:00,苯,延炼12万吨/年乙苯/苯乙烯装置
0.05,ST010127,%(m/m),2026-04-10 08:00:00,甲  苯,延炼12万吨/年乙苯/苯乙烯装置
7.06,ST010127,%(m/m),2026-04-10 08:00:00,乙  苯,延炼12万吨/年乙苯/苯乙烯装置
0.01,ST010127,%(m/m),2026-04-10 08:00:00,二甲苯,延炼12万吨/年乙苯/苯乙烯装置
0.03,ST010127,%(m/m),2026-04-10 08:00:00,异丙苯,延炼12万吨/年乙苯/苯乙烯装置
0.03,ST010127,%(m/m),2026-04-10 08:00:00,正丙苯,延炼12万吨/年乙苯/苯乙烯装置
0.00,ST010127,%(m/m),2026-04-10 08:00:00,甲乙苯,延炼12万吨/年乙苯/苯乙烯装置
0.06,ST010127,%(m/m),2026-04-10 08:00:00,丁苯,延炼12万吨/年乙苯/苯乙烯装置
0.26,ST010127,%(m/m),2026-04-10 08:00:00,二乙苯,延炼12万吨/年乙苯/苯乙烯装置
0.37,ST010127,%(m/m),2026-04-10 08:00:00,重芳,延炼12万吨/年乙苯/苯乙烯装置
0.01,ST010127,%(m/m),2026-04-11 08:00:00,二甲苯,延炼12万吨/年乙苯/苯乙烯装置
0.04,ST010127,%(m/m),2026-04-11 08:00:00,异丙苯,延炼12万吨/年乙苯/苯乙烯装置
0.04,ST010127,%(m/m),2026-04-11 08:00:00,正丙苯,延炼12万吨/年乙苯/苯乙烯装置
0.01,ST010127,%(m/m),2026-04-11 08:00:00,甲乙苯,延炼12万吨/年乙苯/苯乙烯装置
0.06,ST010127,%(m/m),2026-04-11 08:00:00,丁苯,延炼12万吨/年乙苯/苯乙烯装置
0.71,ST010127,%(m/m),2026-04-11 08:00:00,二乙苯,延炼12万吨/年乙苯/苯乙烯装置
0.41,ST010127,%(m/m),2026-04-11 08:00:00,重芳,延炼12万吨/年乙苯/苯乙烯装置
0.16,ST010127,%(m/m),2026-04-11 08:00:00,非  芳,延炼12万吨/年乙苯/苯乙烯装置
90.59,ST010127,%(m/m),2026-04-11 08:00:00,苯,延炼12万吨/年乙苯/苯乙烯装置
0.07,ST010127,%(m/m),2026-04-11 08:00:00,甲  苯,延炼12万吨/年乙苯/苯乙烯装置
7.91,ST010127,%(m/m),2026-04-11 08:00:00,乙  苯,延炼12万吨/年乙苯/苯乙烯装置
0.19,ST010127,%(m/m),2026-04-12 08:00:00,非  芳,延炼12万吨/年乙苯/苯乙烯装置
88.91,ST010127,%(m/m),2026-04-12 08:00:00,苯,延炼12万吨/年乙苯/苯乙烯装置
0.09,ST010127,%(m/m),2026-04-12 08:00:00,甲  苯,延炼12万吨/年乙苯/苯乙烯装置
9.31,ST010127,%(m/m),2026-04-12 08:00:00,乙  苯,延炼12万吨/年乙苯/苯乙烯装置
0.01,ST010127,%(m/m),2026-04-12 08:00:00,二甲苯,延炼12万吨/年乙苯/苯乙烯装置
0.04,ST010127,%(m/m),2026-04-12 08:00:00,异丙苯,延炼12万吨/年乙苯/苯乙烯装置
0.05,ST010127,%(m/m),2026-04-12 08:00:00,正丙苯,延炼12万吨/年乙苯/苯乙烯装置
0.01,ST010127,%(m/m),2026-04-12 08:00:00,甲乙苯,延炼12万吨/年乙苯/苯乙烯装置
0.08,ST010127,%(m/m),2026-04-12 08:00:00,丁苯,延炼12万吨/年乙苯/苯乙烯装置
0.82,ST010127,%(m/m),2026-04-12 08:00:00,二乙苯,延炼12万吨/年乙苯/苯乙烯装置
0.49,ST010127,%(m/m),2026-04-12 08:00:00,重芳,延炼12万吨/年乙苯/苯乙烯装置
0.14,ST010127,%(m/m),2026-04-13 08:00:00,非  芳,延炼12万吨/年乙苯/苯乙烯装置
91.69,ST010127,%(m/m),2026-04-13 08:00:00,苯,延炼12万吨/年乙苯/苯乙烯装置
0.06,ST010127,%(m/m),2026-04-13 08:00:00,甲  苯,延炼12万吨/年乙苯/苯乙烯装置
6.81,ST010127,%(m/m),2026-04-13 08:00:00,乙  苯,延炼12万吨/年乙苯/苯乙烯装置
0.01,ST010127,%(m/m),2026-04-13 08:00:00,二甲苯,延炼12万吨/年乙苯/苯乙烯装置
0.03,ST010127,%(m/m),2026-04-13 08:00:00,异丙苯,延炼12万吨/年乙苯/苯乙烯装置
0.03,ST010127,%(m/m),2026-04-13 08:00:00,正丙苯,延炼12万吨/年乙苯/苯乙烯装置
0.01,ST010127,%(m/m),2026-04-13 08:00:00,甲乙苯,延炼12万吨/年乙苯/苯乙烯装置
0.06,ST010127,%(m/m),2026-04-13 08:00:00,丁苯,延炼12万吨/年乙苯/苯乙烯装置
0.79,ST010127,%(m/m),2026-04-13 08:00:00,二乙苯,延炼12万吨/年乙苯/苯乙烯装置
0.37,ST010127,%(m/m),2026-04-13 08:00:00,重芳,延炼12万吨/年乙苯/苯乙烯装置
0.18,ST010127,%(m/m),2026-04-14 08:00:00,非  芳,延炼12万吨/年乙苯/苯乙烯装置
88.53,ST010127,%(m/m),2026-04-14 08:00:00,苯,延炼12万吨/年乙苯/苯乙烯装置
0.09,ST010127,%(m/m),2026-04-14 08:00:00,甲  苯,延炼12万吨/年乙苯/苯乙烯装置
9.60,ST010127,%(m/m),2026-04-14 08:00:00,乙  苯,延炼12万吨/年乙苯/苯乙烯装置
0.01,ST010127,%(m/m),2026-04-14 08:00:00,二甲苯,延炼12万吨/年乙苯/苯乙烯装置
0.04,ST010127,%(m/m),2026-04-14 08:00:00,异丙苯,延炼12万吨/年乙苯/苯乙烯装置
0.04,ST010127,%(m/m),2026-04-14 08:00:00,正丙苯,延炼12万吨/年乙苯/苯乙烯装置
0.01,ST010127,%(m/m),2026-04-14 08:00:00,甲乙苯,延炼12万吨/年乙苯/苯乙烯装置
0.07,ST010127,%(m/m),2026-04-14 08:00:00,丁苯,延炼12万吨/年乙苯/苯乙烯装置
0.98,ST010127,%(m/m),2026-04-14 08:00:00,二乙苯,延炼12万吨/年乙苯/苯乙烯装置
0.45,ST010127,%(m/m),2026-04-14 08:00:00,重芳,延炼12万吨/年乙苯/苯乙烯装置
0.15,ST010127,%(m/m),2026-04-15 08:00:00,非  芳,延炼12万吨/年乙苯/苯乙烯装置
90.33,ST010127,%(m/m),2026-04-15 08:00:00,苯,延炼12万吨/年乙苯/苯乙烯装置
0.06,ST010127,%(m/m),2026-04-15 08:00:00,甲  苯,延炼12万吨/年乙苯/苯乙烯装置
7.76,ST010127,%(m/m),2026-04-15 08:00:00,乙  苯,延炼12万吨/年乙苯/苯乙烯装置
0.01,ST010127,%(m/m),2026-04-15 08:00:00,二甲苯,延炼12万吨/年乙苯/苯乙烯装置
0.03,ST010127,%(m/m),2026-04-15 08:00:00,异丙苯,延炼12万吨/年乙苯/苯乙烯装置
0.03,ST010127,%(m/m),2026-04-15 08:00:00,正丙苯,延炼12万吨/年乙苯/苯乙烯装置
0.01,ST010127,%(m/m),2026-04-15 08:00:00,甲乙苯,延炼12万吨/年乙苯/苯乙烯装置
0.06,ST010127,%(m/m),2026-04-15 08:00:00,丁苯,延炼12万吨/年乙苯/苯乙烯装置
1.20,ST010127,%(m/m),2026-04-15 08:00:00,二乙苯,延炼12万吨/年乙苯/苯乙烯装置
0.38,ST010127,%(m/m),2026-04-15 08:00:00,重芳,延炼12万吨/年乙苯/苯乙烯装置
0.15,ST010127,%(m/m),2026-04-16 08:00:00,非  芳,延炼12万吨/年乙苯/苯乙烯装置
91.87,ST010127,%(m/m),2026-04-16 08:00:00,苯,延炼12万吨/年乙苯/苯乙烯装置
0.06,ST010127,%(m/m),2026-04-16 08:00:00,甲  苯,延炼12万吨/年乙苯/苯乙烯装置
7.36,ST010127,%(m/m),2026-04-16 08:00:00,乙  苯,延炼12万吨/年乙苯/苯乙烯装置
0.01,ST010127,%(m/m),2026-04-16 08:00:00,二甲苯,延炼12万吨/年乙苯/苯乙烯装置
0.03,ST010127,%(m/m),2026-04-16 08:00:00,异丙苯,延炼12万吨/年乙苯/苯乙烯装置
0.03,ST010127,%(m/m),2026-04-16 08:00:00,正丙苯,延炼12万吨/年乙苯/苯乙烯装置
0.01,ST010127,%(m/m),2026-04-16 08:00:00,甲乙苯,延炼12万吨/年乙苯/苯乙烯装置
0.06,ST010127,%(m/m),2026-04-16 08:00:00,丁苯,延炼12万吨/年乙苯/苯乙烯装置
0.04,ST010127,%(m/m),2026-04-16 08:00:00,二乙苯,延炼12万吨/年乙苯/苯乙烯装置
0.38,ST010127,%(m/m),2026-04-16 08:00:00,重芳,延炼12万吨/年乙苯/苯乙烯装置
0.13,ST010127,%(m/m),2026-04-17 08:00:00,非  芳,延炼12万吨/年乙苯/苯乙烯装置
92.05,ST010127,%(m/m),2026-04-17 08:00:00,苯,延炼12万吨/年乙苯/苯乙烯装置
0.06,ST010127,%(m/m),2026-04-17 08:00:00,甲  苯,延炼12万吨/年乙苯/苯乙烯装置
6.82,ST010127,%(m/m),2026-04-17 08:00:00,乙  苯,延炼12万吨/年乙苯/苯乙烯装置
0.01,ST010127,%(m/m),2026-04-17 08:00:00,二甲苯,延炼12万吨/年乙苯/苯乙烯装置
0.03,ST010127,%(m/m),2026-04-17 08:00:00,异丙苯,延炼12万吨/年乙苯/苯乙烯装置
0.03,ST010127,%(m/m),2026-04-17 08:00:00,正丙苯,延炼12万吨/年乙苯/苯乙烯装置
0.01,ST010127,%(m/m),2026-04-17 08:00:00,甲乙苯,延炼12万吨/年乙苯/苯乙烯装置
0.06,ST010127,%(m/m),2026-04-17 08:00:00,丁苯,延炼12万吨/年乙苯/苯乙烯装置
0.43,ST010127,%(m/m),2026-04-17 08:00:00,二乙苯,延炼12万吨/年乙苯/苯乙烯装置
0.38,ST010127,%(m/m),2026-04-17 08:00:00,重芳,延炼12万吨/年乙苯/苯乙烯装置
0.14,ST010127,%(m/m),2026-04-18 08:00:00,非  芳,延炼12万吨/年乙苯/苯乙烯装置
92.99,ST010127,%(m/m),2026-04-18 08:00:00,苯,延炼12万吨/年乙苯/苯乙烯装置
0.03,ST010127,%(m/m),2026-04-18 08:00:00,甲  苯,延炼12万吨/年乙苯/苯乙烯装置
5.40,ST010127,%(m/m),2026-04-18 08:00:00,乙  苯,延炼12万吨/年乙苯/苯乙烯装置
0.00,ST010127,%(m/m),2026-04-18 08:00:00,二甲苯,延炼12万吨/年乙苯/苯乙烯装置
0.02,ST010127,%(m/m),2026-04-18 08:00:00,异丙苯,延炼12万吨/年乙苯/苯乙烯装置
0.02,ST010127,%(m/m),2026-04-18 08:00:00,正丙苯,延炼12万吨/年乙苯/苯乙烯装置
0.00,ST010127,%(m/m),2026-04-18 08:00:00,甲乙苯,延炼12万吨/年乙苯/苯乙烯装置
0.05,ST010127,%(m/m),2026-04-18 08:00:00,丁苯,延炼12万吨/年乙苯/苯乙烯装置
1.02,ST010127,%(m/m),2026-04-18 08:00:00,二乙苯,延炼12万吨/年乙苯/苯乙烯装置
0.32,ST010127,%(m/m),2026-04-18 08:00:00,重芳,延炼12万吨/年乙苯/苯乙烯装置
0.14,ST010127,%(m/m),2026-04-19 08:00:00,非  芳,延炼12万吨/年乙苯/苯乙烯装置
90.98,ST010127,%(m/m),2026-04-19 08:00:00,苯,延炼12万吨/年乙苯/苯乙烯装置
0.04,ST010127,%(m/m),2026-04-19 08:00:00,甲  苯,延炼12万吨/年乙苯/苯乙烯装置
7.55,ST010127,%(m/m),2026-04-19 08:00:00,乙  苯,延炼12万吨/年乙苯/苯乙烯装置
0.01,ST010127,%(m/m),2026-04-19 08:00:00,二甲苯,延炼12万吨/年乙苯/苯乙烯装置
0.03,ST010127,%(m/m),2026-04-19 08:00:00,异丙苯,延炼12万吨/年乙苯/苯乙烯装置
0.03,ST010127,%(m/m),2026-04-19 08:00:00,正丙苯,延炼12万吨/年乙苯/苯乙烯装置
0.00,ST010127,%(m/m),2026-04-19 08:00:00,甲乙苯,延炼12万吨/年乙苯/苯乙烯装置
0.06,ST010127,%(m/m),2026-04-19 08:00:00,丁苯,延炼12万吨/年乙苯/苯乙烯装置
0.77,ST010127,%(m/m),2026-04-19 08:00:00,二乙苯,延炼12万吨/年乙苯/苯乙烯装置
0.39,ST010127,%(m/m),2026-04-19 08:00:00,重芳,延炼12万吨/年乙苯/苯乙烯装置
0.16,ST010127,%(m/m),2026-04-20 08:00:00,非  芳,延炼12万吨/年乙苯/苯乙烯装置
90.60,ST010127,%(m/m),2026-04-20 08:00:00,苯,延炼12万吨/年乙苯/苯乙烯装置
0.07,ST010127,%(m/m),2026-04-20 08:00:00,甲  苯,延炼12万吨/年乙苯/苯乙烯装置
7.91,ST010127,%(m/m),2026-04-20 08:00:00,乙  苯,延炼12万吨/年乙苯/苯乙烯装置
0.01,ST010127,%(m/m),2026-04-20 08:00:00,二甲苯,延炼12万吨/年乙苯/苯乙烯装置
0.03,ST010127,%(m/m),2026-04-20 08:00:00,异丙苯,延炼12万吨/年乙苯/苯乙烯装置
0.03,ST010127,%(m/m),2026-04-20 08:00:00,正丙苯,延炼12万吨/年乙苯/苯乙烯装置
0.01,ST010127,%(m/m),2026-04-20 08:00:00,甲乙苯,延炼12万吨/年乙苯/苯乙烯装置
0.07,ST010127,%(m/m),2026-04-20 08:00:00,丁苯,延炼12万吨/年乙苯/苯乙烯装置
0.71,ST010127,%(m/m),2026-04-20 08:00:00,二乙苯,延炼12万吨/年乙苯/苯乙烯装置
0.41,ST010127,%(m/m),2026-04-20 08:00:00,重芳,延炼12万吨/年乙苯/苯乙烯装置
0.14,ST010127,%(m/m),2026-04-21 08:00:00,非  芳,延炼12万吨/年乙苯/苯乙烯装置
91.83,ST010127,%(m/m),2026-04-21 08:00:00,苯,延炼12万吨/年乙苯/苯乙烯装置
0.06,ST010127,%(m/m),2026-04-21 08:00:00,甲  苯,延炼12万吨/年乙苯/苯乙烯装置
6.68,ST010127,%(m/m),2026-04-21 08:00:00,乙  苯,延炼12万吨/年乙苯/苯乙烯装置
0.01,ST010127,%(m/m),2026-04-21 08:00:00,二甲苯,延炼12万吨/年乙苯/苯乙烯装置
0.03,ST010127,%(m/m),2026-04-21 08:00:00,异丙苯,延炼12万吨/年乙苯/苯乙烯装置
0.03,ST010127,%(m/m),2026-04-21 08:00:00,正丙苯,延炼12万吨/年乙苯/苯乙烯装置
0.01,ST010127,%(m/m),2026-04-21 08:00:00,甲乙苯,延炼12万吨/年乙苯/苯乙烯装置
0.06,ST010127,%(m/m),2026-04-21 08:00:00,丁苯,延炼12万吨/年乙苯/苯乙烯装置
0.79,ST010127,%(m/m),2026-04-21 08:00:00,二乙苯,延炼12万吨/年乙苯/苯乙烯装置
0.37,ST010127,%(m/m),2026-04-21 08:00:00,重芳,延炼12万吨/年乙苯/苯乙烯装置
0.13,ST010127,%(m/m),2026-04-22 08:00:00,非  芳,延炼12万吨/年乙苯/苯乙烯装置
90.06,ST010127,%(m/m),2026-04-22 08:00:00,苯,延炼12万吨/年乙苯/苯乙烯装置
0.06,ST010127,%(m/m),2026-04-22 08:00:00,甲  苯,延炼12万吨/年乙苯/苯乙烯装置
8.41,ST010127,%(m/m),2026-04-22 08:00:00,乙  苯,延炼12万吨/年乙苯/苯乙烯装置
0.01,ST010127,%(m/m),2026-04-22 08:00:00,二甲苯,延炼12万吨/年乙苯/苯乙烯装置
0.04,ST010127,%(m/m),2026-04-22 08:00:00,异丙苯,延炼12万吨/年乙苯/苯乙烯装置
0.00,ST010127,%(m/m),2026-04-22 08:00:00,正丙苯,延炼12万吨/年乙苯/苯乙烯装置
0.01,ST010127,%(m/m),2026-04-22 08:00:00,甲乙苯,延炼12万吨/年乙苯/苯乙烯装置
0.02,ST010127,%(m/m),2026-04-22 08:00:00,丁苯,延炼12万吨/年乙苯/苯乙烯装置
0.80,ST010127,%(m/m),2026-04-22 08:00:00,二乙苯,延炼12万吨/年乙苯/苯乙烯装置
0.47,ST010127,%(m/m),2026-04-22 08:00:00,重芳,延炼12万吨/年乙苯/苯乙烯装置
0.09,ST010127,%(m/m),2026-04-23 08:00:00,非  芳,延炼12万吨/年乙苯/苯乙烯装置
89.89,ST010127,%(m/m),2026-04-23 08:00:00,苯,延炼12万吨/年乙苯/苯乙烯装置
0.05,ST010127,%(m/m),2026-04-23 08:00:00,甲  苯,延炼12万吨/年乙苯/苯乙烯装置
8.99,ST010127,%(m/m),2026-04-23 08:00:00,乙  苯,延炼12万吨/年乙苯/苯乙烯装置
0.00,ST010127,%(m/m),2026-04-23 08:00:00,二甲苯,延炼12万吨/年乙苯/苯乙烯装置
0.01,ST010127,%(m/m),2026-04-23 08:00:00,异丙苯,延炼12万吨/年乙苯/苯乙烯装置
0.00,ST010127,%(m/m),2026-04-23 08:00:00,正丙苯,延炼12万吨/年乙苯/苯乙烯装置
0.01,ST010127,%(m/m),2026-04-23 08:00:00,甲乙苯,延炼12万吨/年乙苯/苯乙烯装置
0.04,ST010127,%(m/m),2026-04-23 08:00:00,丁苯,延炼12万吨/年乙苯/苯乙烯装置
0.78,ST010127,%(m/m),2026-04-23 08:00:00,二乙苯,延炼12万吨/年乙苯/苯乙烯装置
0.14,ST010127,%(m/m),2026-04-23 08:00:00,重芳,延炼12万吨/年乙苯/苯乙烯装置
0.14,ST010127,%(m/m),2026-04-24 08:00:00,非  芳,延炼12万吨/年乙苯/苯乙烯装置
91.77,ST010127,%(m/m),2026-04-24 08:00:00,苯,延炼12万吨/年乙苯/苯乙烯装置
0.05,ST010127,%(m/m),2026-04-24 08:00:00,甲  苯,延炼12万吨/年乙苯/苯乙烯装置
6.87,ST010127,%(m/m),2026-04-24 08:00:00,乙  苯,延炼12万吨/年乙苯/苯乙烯装置
0.01,ST010127,%(m/m),2026-04-24 08:00:00,二甲苯,延炼12万吨/年乙苯/苯乙烯装置
0.03,ST010127,%(m/m),2026-04-24 08:00:00,异丙苯,延炼12万吨/年乙苯/苯乙烯装置
0.03,ST010127,%(m/m),2026-04-24 08:00:00,正丙苯,延炼12万吨/年乙苯/苯乙烯装置
0.00,ST010127,%(m/m),2026-04-24 08:00:00,甲乙苯,延炼12万吨/年乙苯/苯乙烯装置
0.06,ST010127,%(m/m),2026-04-24 08:00:00,丁苯,延炼12万吨/年乙苯/苯乙烯装置
0.67,ST010127,%(m/m),2026-04-24 08:00:00,二乙苯,延炼12万吨/年乙苯/苯乙烯装置
0.37,ST010127,%(m/m),2026-04-24 08:00:00,重芳,延炼12万吨/年乙苯/苯乙烯装置
0.13,ST010127,%(m/m),2026-04-25 08:00:00,非  芳,延炼12万吨/年乙苯/苯乙烯装置
91.83,ST010127,%(m/m),2026-04-25 08:00:00,苯,延炼12万吨/年乙苯/苯乙烯装置
0.06,ST010127,%(m/m),2026-04-25 08:00:00,甲  苯,延炼12万吨/年乙苯/苯乙烯装置
6.67,ST010127,%(m/m),2026-04-25 08:00:00,乙  苯,延炼12万吨/年乙苯/苯乙烯装置
0.01,ST010127,%(m/m),2026-04-25 08:00:00,二甲苯,延炼12万吨/年乙苯/苯乙烯装置
0.03,ST010127,%(m/m),2026-04-25 08:00:00,异丙苯,延炼12万吨/年乙苯/苯乙烯装置
0.03,ST010127,%(m/m),2026-04-25 08:00:00,正丙苯,延炼12万吨/年乙苯/苯乙烯装置
0.01,ST010127,%(m/m),2026-04-25 08:00:00,甲乙苯,延炼12万吨/年乙苯/苯乙烯装置
0.06,ST010127,%(m/m),2026-04-25 08:00:00,丁苯,延炼12万吨/年乙苯/苯乙烯装置
0.80,ST010127,%(m/m),2026-04-25 08:00:00,二乙苯,延炼12万吨/年乙苯/苯乙烯装置
0.37,ST010127,%(m/m),2026-04-25 08:00:00,重芳,延炼12万吨/年乙苯/苯乙烯装置
0.16,ST010127,%(m/m),2026-04-26 08:00:00,非  芳,延炼12万吨/年乙苯/苯乙烯装置
90.22,ST010127,%(m/m),2026-04-26 08:00:00,苯,延炼12万吨/年乙苯/苯乙烯装置
0.11,ST010127,%(m/m),2026-04-26 08:00:00,甲  苯,延炼12万吨/年乙苯/苯乙烯装置
8.23,ST010127,%(m/m),2026-04-26 08:00:00,乙  苯,延炼12万吨/年乙苯/苯乙烯装置
0.01,ST010127,%(m/m),2026-04-26 08:00:00,二甲苯,延炼12万吨/年乙苯/苯乙烯装置
0.03,ST010127,%(m/m),2026-04-26 08:00:00,异丙苯,延炼12万吨/年乙苯/苯乙烯装置
0.03,ST010127,%(m/m),2026-04-26 08:00:00,正丙苯,延炼12万吨/年乙苯/苯乙烯装置
0.01,ST010127,%(m/m),2026-04-26 08:00:00,甲乙苯,延炼12万吨/年乙苯/苯乙烯装置
0.07,ST010127,%(m/m),2026-04-26 08:00:00,丁苯,延炼12万吨/年乙苯/苯乙烯装置
0.71,ST010127,%(m/m),2026-04-26 08:00:00,二乙苯,延炼12万吨/年乙苯/苯乙烯装置
0.41,ST010127,%(m/m),2026-04-26 08:00:00,重芳,延炼12万吨/年乙苯/苯乙烯装置
0.10,ST010127,%(m/m),2026-04-27 08:00:00,非  芳,延炼12万吨/年乙苯/苯乙烯装置
75.99,ST010127,%(m/m),2026-04-27 08:00:00,苯,延炼12万吨/年乙苯/苯乙烯装置
0.05,ST010127,%(m/m),2026-04-27 08:00:00,甲  苯,延炼12万吨/年乙苯/苯乙烯装置
19.32,ST010127,%(m/m),2026-04-27 08:00:00,乙  苯,延炼12万吨/年乙苯/苯乙烯装置
0.01,ST010127,%(m/m),2026-04-27 08:00:00,二甲苯,延炼12万吨/年乙苯/苯乙烯装置
0.00,ST010127,%(m/m),2026-04-27 08:00:00,异丙苯,延炼12万吨/年乙苯/苯乙烯装置
0.00,ST010127,%(m/m),2026-04-27 08:00:00,正丙苯,延炼12万吨/年乙苯/苯乙烯装置
0.00,ST010127,%(m/m),2026-04-27 08:00:00,甲乙苯,延炼12万吨/年乙苯/苯乙烯装置
0.01,ST010127,%(m/m),2026-04-27 08:00:00,丁苯,延炼12万吨/年乙苯/苯乙烯装置
4.28,ST010127,%(m/m),2026-04-27 08:00:00,二乙苯,延炼12万吨/年乙苯/苯乙烯装置
0.24,ST010127,%(m/m),2026-04-27 08:00:00,重芳,延炼12万吨/年乙苯/苯乙烯装置
0.16,ST010127,%(m/m),2026-04-28 08:00:00,非  芳,延炼12万吨/年乙苯/苯乙烯装置
90.38,ST010127,%(m/m),2026-04-28 08:00:00,苯,延炼12万吨/年乙苯/苯乙烯装置
0.06,ST010127,%(m/m),2026-04-28 08:00:00,甲  苯,延炼12万吨/年乙苯/苯乙烯装置
8.16,ST010127,%(m/m),2026-04-28 08:00:00,乙  苯,延炼12万吨/年乙苯/苯乙烯装置
0.01,ST010127,%(m/m),2026-04-28 08:00:00,二甲苯,延炼12万吨/年乙苯/苯乙烯装置
0.03,ST010127,%(m/m),2026-04-28 08:00:00,异丙苯,延炼12万吨/年乙苯/苯乙烯装置
0.00,ST010127,%(m/m),2026-04-28 08:00:00,正丙苯,延炼12万吨/年乙苯/苯乙烯装置
0.01,ST010127,%(m/m),2026-04-28 08:00:00,甲乙苯,延炼12万吨/年乙苯/苯乙烯装置
0.02,ST010127,%(m/m),2026-04-28 08:00:00,丁苯,延炼12万吨/年乙苯/苯乙烯装置
0.76,ST010127,%(m/m),2026-04-28 08:00:00,二乙苯,延炼12万吨/年乙苯/苯乙烯装置
0.42,ST010127,%(m/m),2026-04-28 08:00:00,重芳,延炼12万吨/年乙苯/苯乙烯装置
0.13,ST010127,%(m/m),2026-04-29 08:00:00,非  芳,延炼12万吨/年乙苯/苯乙烯装置
91.83,ST010127,%(m/m),2026-04-29 08:00:00,苯,延炼12万吨/年乙苯/苯乙烯装置
0.06,ST010127,%(m/m),2026-04-29 08:00:00,甲  苯,延炼12万吨/年乙苯/苯乙烯装置
6.75,ST010127,%(m/m),2026-04-29 08:00:00,乙  苯,延炼12万吨/年乙苯/苯乙烯装置
0.01,ST010127,%(m/m),2026-04-29 08:00:00,二甲苯,延炼12万吨/年乙苯/苯乙烯装置
0.03,ST010127,%(m/m),2026-04-29 08:00:00,异丙苯,延炼12万吨/年乙苯/苯乙烯装置
0.00,ST010127,%(m/m),2026-04-29 08:00:00,正丙苯,延炼12万吨/年乙苯/苯乙烯装置
0.01,ST010127,%(m/m),2026-04-29 08:00:00,甲乙苯,延炼12万吨/年乙苯/苯乙烯装置
0.02,ST010127,%(m/m),2026-04-29 08:00:00,丁苯,延炼12万吨/年乙苯/苯乙烯装置
0.80,ST010127,%(m/m),2026-04-29 08:00:00,二乙苯,延炼12万吨/年乙苯/苯乙烯装置
0.37,ST010127,%(m/m),2026-04-29 08:00:00,重芳,延炼12万吨/年乙苯/苯乙烯装置
0.13,ST010127,%(m/m),2026-04-30 08:00:00,非  芳,延炼12万吨/年乙苯/苯乙烯装置
93.42,ST010127,%(m/m),2026-04-30 08:00:00,苯,延炼12万吨/年乙苯/苯乙烯装置
0.06,ST010127,%(m/m),2026-04-30 08:00:00,甲  苯,延炼12万吨/年乙苯/苯乙烯装置
5.48,ST010127,%(m/m),2026-04-30 08:00:00,乙  苯,延炼12万吨/年乙苯/苯乙烯装置
0.01,ST010127,%(m/m),2026-04-30 08:00:00,二甲苯,延炼12万吨/年乙苯/苯乙烯装置
0.02,ST010127,%(m/m),2026-04-30 08:00:00,异丙苯,延炼12万吨/年乙苯/苯乙烯装置
0.00,ST010127,%(m/m),2026-04-30 08:00:00,正丙苯,延炼12万吨/年乙苯/苯乙烯装置
0.00,ST010127,%(m/m),2026-04-30 08:00:00,甲乙苯,延炼12万吨/年乙苯/苯乙烯装置
0.05,ST010127,%(m/m),2026-04-30 08:00:00,丁苯,延炼12万吨/年乙苯/苯乙烯装置
0.51,ST010127,%(m/m),2026-04-30 08:00:00,二乙苯,延炼12万吨/年乙苯/苯乙烯装置
0.32,ST010127,%(m/m),2026-04-30 08:00:00,重芳,延炼12万吨/年乙苯/苯乙烯装置
