result,sampleDotCode,unitName,sampleTime,resultName,deviceName
0.68,ST010118,"<p>%(v/v)</p>
",2025-05-01 08:00:00,氧气,延炼12万吨/年乙苯/苯乙烯装置
20.18,ST010118,"<p>%(v/v)</p>
",2025-05-01 08:00:00,氮气,延炼12万吨/年乙苯/苯乙烯装置
2.09,ST010118,"<p>%(v/v)</p>
",2025-05-01 08:00:00,一氧化碳,延炼12万吨/年乙苯/苯乙烯装置
1.92,ST010118,"<p>%(v/v)</p>
",2025-05-01 08:00:00,二氧化碳,延炼12万吨/年乙苯/苯乙烯装置
18.59,ST010118,"<p>%(v/v)</p>
",2025-05-01 08:00:00,氢气,延炼12万吨/年乙苯/苯乙烯装置
29.32,ST010118,"<p>%(v/v)</p>
",2025-05-01 08:00:00,甲烷,延炼12万吨/年乙苯/苯乙烯装置
0.03,ST010118,"<p>%(v/v)</p>
",2025-05-01 08:00:00,丙烷,延炼12万吨/年乙苯/苯乙烯装置
0.06,ST010118,"<p>%(v/v)</p>
",2025-05-01 08:00:00,丙烯,延炼12万吨/年乙苯/苯乙烯装置
13.77,ST010118,"<p>%(v/v)</p>
",2025-05-01 08:00:00,乙烯,延炼12万吨/年乙苯/苯乙烯装置
0.00,ST010118,"<p>%(v/v)</p>
",2025-05-01 08:00:00,碳四(合计),延炼12万吨/年乙苯/苯乙烯装置
0.00,ST010118,"<p>%(v/v)</p>
",2025-05-01 08:00:00,异戊烷,延炼12万吨/年乙苯/苯乙烯装置
0.00,ST010118,"<p>%(v/v)</p>
",2025-05-01 08:00:00,正戊烷,延炼12万吨/年乙苯/苯乙烯装置
13.37,ST010118,"<p>%(v/v)</p>
",2025-05-01 08:00:00,乙烷,延炼12万吨/年乙苯/苯乙烯装置
0.00,ST010118,"<p>%(v/v)</p>
",2025-05-01 08:00:00,碳五(合计),延炼12万吨/年乙苯/苯乙烯装置
1.0,ST010118,<p>mg/kg</p>,2025-05-01 08:00:00,硫化氢,延炼12万吨/年乙苯/苯乙烯装置
1.0,ST010118,<p>mg/kg</p>,2025-05-02 08:00:00,硫化氢,延炼12万吨/年乙苯/苯乙烯装置
1.18,ST010118,"<p>%(v/v)</p>
",2025-05-02 08:00:00,氧气,延炼12万吨/年乙苯/苯乙烯装置
21.26,ST010118,"<p>%(v/v)</p>
",2025-05-02 08:00:00,氮气,延炼12万吨/年乙苯/苯乙烯装置
2.02,ST010118,"<p>%(v/v)</p>
",2025-05-02 08:00:00,一氧化碳,延炼12万吨/年乙苯/苯乙烯装置
2.02,ST010118,"<p>%(v/v)</p>
",2025-05-02 08:00:00,二氧化碳,延炼12万吨/年乙苯/苯乙烯装置
17.02,ST010118,"<p>%(v/v)</p>
",2025-05-02 08:00:00,氢气,延炼12万吨/年乙苯/苯乙烯装置
28.15,ST010118,"<p>%(v/v)</p>
",2025-05-02 08:00:00,甲烷,延炼12万吨/年乙苯/苯乙烯装置
0.04,ST010118,"<p>%(v/v)</p>
",2025-05-02 08:00:00,丙烷,延炼12万吨/年乙苯/苯乙烯装置
0.07,ST010118,"<p>%(v/v)</p>
",2025-05-02 08:00:00,丙烯,延炼12万吨/年乙苯/苯乙烯装置
13.72,ST010118,"<p>%(v/v)</p>
",2025-05-02 08:00:00,乙烯,延炼12万吨/年乙苯/苯乙烯装置
0.00,ST010118,"<p>%(v/v)</p>
",2025-05-02 08:00:00,碳四(合计),延炼12万吨/年乙苯/苯乙烯装置
0.00,ST010118,"<p>%(v/v)</p>
",2025-05-02 08:00:00,异戊烷,延炼12万吨/年乙苯/苯乙烯装置
0.00,ST010118,"<p>%(v/v)</p>
",2025-05-02 08:00:00,正戊烷,延炼12万吨/年乙苯/苯乙烯装置
14.52,ST010118,"<p>%(v/v)</p>
",2025-05-02 08:00:00,乙烷,延炼12万吨/年乙苯/苯乙烯装置
0.00,ST010118,"<p>%(v/v)</p>
",2025-05-02 08:00:00,碳五(合计),延炼12万吨/年乙苯/苯乙烯装置
1.0,ST010118,<p>mg/kg</p>,2025-05-03 08:00:00,硫化氢,延炼12万吨/年乙苯/苯乙烯装置
1.53,ST010118,"<p>%(v/v)</p>
",2025-05-03 08:00:00,氧气,延炼12万吨/年乙苯/苯乙烯装置
21.62,ST010118,"<p>%(v/v)</p>
",2025-05-03 08:00:00,氮气,延炼12万吨/年乙苯/苯乙烯装置
1.97,ST010118,"<p>%(v/v)</p>
",2025-05-03 08:00:00,一氧化碳,延炼12万吨/年乙苯/苯乙烯装置
1.74,ST010118,"<p>%(v/v)</p>
",2025-05-03 08:00:00,二氧化碳,延炼12万吨/年乙苯/苯乙烯装置
18.02,ST010118,"<p>%(v/v)</p>
",2025-05-03 08:00:00,氢气,延炼12万吨/年乙苯/苯乙烯装置
28.72,ST010118,"<p>%(v/v)</p>
",2025-05-03 08:00:00,甲烷,延炼12万吨/年乙苯/苯乙烯装置
0.04,ST010118,"<p>%(v/v)</p>
",2025-05-03 08:00:00,丙烷,延炼12万吨/年乙苯/苯乙烯装置
0.09,ST010118,"<p>%(v/v)</p>
",2025-05-03 08:00:00,丙烯,延炼12万吨/年乙苯/苯乙烯装置
13.38,ST010118,"<p>%(v/v)</p>
",2025-05-03 08:00:00,乙烯,延炼12万吨/年乙苯/苯乙烯装置
0.00,ST010118,"<p>%(v/v)</p>
",2025-05-03 08:00:00,碳四(合计),延炼12万吨/年乙苯/苯乙烯装置
0.00,ST010118,"<p>%(v/v)</p>
",2025-05-03 08:00:00,异戊烷,延炼12万吨/年乙苯/苯乙烯装置
0.00,ST010118,"<p>%(v/v)</p>
",2025-05-03 08:00:00,正戊烷,延炼12万吨/年乙苯/苯乙烯装置
12.89,ST010118,"<p>%(v/v)</p>
",2025-05-03 08:00:00,乙烷,延炼12万吨/年乙苯/苯乙烯装置
0.00,ST010118,"<p>%(v/v)</p>
",2025-05-03 08:00:00,碳五(合计),延炼12万吨/年乙苯/苯乙烯装置
1.0,ST010118,<p>mg/kg</p>,2025-05-04 08:00:00,硫化氢,延炼12万吨/年乙苯/苯乙烯装置
0.66,ST010118,"<p>%(v/v)</p>
",2025-05-04 08:00:00,氧气,延炼12万吨/年乙苯/苯乙烯装置
19.74,ST010118,"<p>%(v/v)</p>
",2025-05-04 08:00:00,氮气,延炼12万吨/年乙苯/苯乙烯装置
2.06,ST010118,"<p>%(v/v)</p>
",2025-05-04 08:00:00,一氧化碳,延炼12万吨/年乙苯/苯乙烯装置
1.90,ST010118,"<p>%(v/v)</p>
",2025-05-04 08:00:00,二氧化碳,延炼12万吨/年乙苯/苯乙烯装置
18.18,ST010118,"<p>%(v/v)</p>
",2025-05-04 08:00:00,氢气,延炼12万吨/年乙苯/苯乙烯装置
29.58,ST010118,"<p>%(v/v)</p>
",2025-05-04 08:00:00,甲烷,延炼12万吨/年乙苯/苯乙烯装置
0.04,ST010118,"<p>%(v/v)</p>
",2025-05-04 08:00:00,丙烷,延炼12万吨/年乙苯/苯乙烯装置
0.07,ST010118,"<p>%(v/v)</p>
",2025-05-04 08:00:00,丙烯,延炼12万吨/年乙苯/苯乙烯装置
13.91,ST010118,"<p>%(v/v)</p>
",2025-05-04 08:00:00,乙烯,延炼12万吨/年乙苯/苯乙烯装置
0.00,ST010118,"<p>%(v/v)</p>
",2025-05-04 08:00:00,碳四(合计),延炼12万吨/年乙苯/苯乙烯装置
0.00,ST010118,"<p>%(v/v)</p>
",2025-05-04 08:00:00,异戊烷,延炼12万吨/年乙苯/苯乙烯装置
0.00,ST010118,"<p>%(v/v)</p>
",2025-05-04 08:00:00,正戊烷,延炼12万吨/年乙苯/苯乙烯装置
13.86,ST010118,"<p>%(v/v)</p>
",2025-05-04 08:00:00,乙烷,延炼12万吨/年乙苯/苯乙烯装置
0.00,ST010118,"<p>%(v/v)</p>
",2025-05-04 08:00:00,碳五(合计),延炼12万吨/年乙苯/苯乙烯装置
1.0,ST010118,<p>mg/kg</p>,2025-05-05 08:00:00,硫化氢,延炼12万吨/年乙苯/苯乙烯装置
1.17,ST010118,"<p>%(v/v)</p>
",2025-05-05 08:00:00,氧气,延炼12万吨/年乙苯/苯乙烯装置
21.19,ST010118,"<p>%(v/v)</p>
",2025-05-05 08:00:00,氮气,延炼12万吨/年乙苯/苯乙烯装置
2.03,ST010118,"<p>%(v/v)</p>
",2025-05-05 08:00:00,一氧化碳,延炼12万吨/年乙苯/苯乙烯装置
1.93,ST010118,"<p>%(v/v)</p>
",2025-05-05 08:00:00,二氧化碳,延炼12万吨/年乙苯/苯乙烯装置
17.95,ST010118,"<p>%(v/v)</p>
",2025-05-05 08:00:00,氢气,延炼12万吨/年乙苯/苯乙烯装置
29.06,ST010118,"<p>%(v/v)</p>
",2025-05-05 08:00:00,甲烷,延炼12万吨/年乙苯/苯乙烯装置
0.04,ST010118,"<p>%(v/v)</p>
",2025-05-05 08:00:00,丙烷,延炼12万吨/年乙苯/苯乙烯装置
0.08,ST010118,"<p>%(v/v)</p>
",2025-05-05 08:00:00,丙烯,延炼12万吨/年乙苯/苯乙烯装置
13.53,ST010118,"<p>%(v/v)</p>
",2025-05-05 08:00:00,乙烯,延炼12万吨/年乙苯/苯乙烯装置
0.00,ST010118,"<p>%(v/v)</p>
",2025-05-05 08:00:00,碳四(合计),延炼12万吨/年乙苯/苯乙烯装置
0.00,ST010118,"<p>%(v/v)</p>
",2025-05-05 08:00:00,异戊烷,延炼12万吨/年乙苯/苯乙烯装置
0.00,ST010118,"<p>%(v/v)</p>
",2025-05-05 08:00:00,正戊烷,延炼12万吨/年乙苯/苯乙烯装置
13.02,ST010118,"<p>%(v/v)</p>
",2025-05-05 08:00:00,乙烷,延炼12万吨/年乙苯/苯乙烯装置
0.00,ST010118,"<p>%(v/v)</p>
",2025-05-05 08:00:00,碳五(合计),延炼12万吨/年乙苯/苯乙烯装置
1.0,ST010118,<p>mg/kg</p>,2025-05-06 08:00:00,硫化氢,延炼12万吨/年乙苯/苯乙烯装置
0.60,ST010118,"<p>%(v/v)</p>
",2025-05-06 08:00:00,氧气,延炼12万吨/年乙苯/苯乙烯装置
18.96,ST010118,"<p>%(v/v)</p>
",2025-05-06 08:00:00,氮气,延炼12万吨/年乙苯/苯乙烯装置
2.02,ST010118,"<p>%(v/v)</p>
",2025-05-06 08:00:00,一氧化碳,延炼12万吨/年乙苯/苯乙烯装置
2.09,ST010118,"<p>%(v/v)</p>
",2025-05-06 08:00:00,二氧化碳,延炼12万吨/年乙苯/苯乙烯装置
17.63,ST010118,"<p>%(v/v)</p>
",2025-05-06 08:00:00,氢气,延炼12万吨/年乙苯/苯乙烯装置
29.08,ST010118,"<p>%(v/v)</p>
",2025-05-06 08:00:00,甲烷,延炼12万吨/年乙苯/苯乙烯装置
0.06,ST010118,"<p>%(v/v)</p>
",2025-05-06 08:00:00,丙烷,延炼12万吨/年乙苯/苯乙烯装置
0.12,ST010118,"<p>%(v/v)</p>
",2025-05-06 08:00:00,丙烯,延炼12万吨/年乙苯/苯乙烯装置
14.28,ST010118,"<p>%(v/v)</p>
",2025-05-06 08:00:00,乙烯,延炼12万吨/年乙苯/苯乙烯装置
0.00,ST010118,"<p>%(v/v)</p>
",2025-05-06 08:00:00,碳四(合计),延炼12万吨/年乙苯/苯乙烯装置
0.00,ST010118,"<p>%(v/v)</p>
",2025-05-06 08:00:00,异戊烷,延炼12万吨/年乙苯/苯乙烯装置
0.00,ST010118,"<p>%(v/v)</p>
",2025-05-06 08:00:00,正戊烷,延炼12万吨/年乙苯/苯乙烯装置
15.17,ST010118,"<p>%(v/v)</p>
",2025-05-06 08:00:00,乙烷,延炼12万吨/年乙苯/苯乙烯装置
0.00,ST010118,"<p>%(v/v)</p>
",2025-05-06 08:00:00,碳五(合计),延炼12万吨/年乙苯/苯乙烯装置
0.49,ST010118,"<p>%(v/v)</p>
",2025-05-07 08:00:00,氧气,延炼12万吨/年乙苯/苯乙烯装置
21.10,ST010118,"<p>%(v/v)</p>
",2025-05-07 08:00:00,氮气,延炼12万吨/年乙苯/苯乙烯装置
2.08,ST010118,"<p>%(v/v)</p>
",2025-05-07 08:00:00,一氧化碳,延炼12万吨/年乙苯/苯乙烯装置
2.15,ST010118,"<p>%(v/v)</p>
",2025-05-07 08:00:00,二氧化碳,延炼12万吨/年乙苯/苯乙烯装置
17.90,ST010118,"<p>%(v/v)</p>
",2025-05-07 08:00:00,氢气,延炼12万吨/年乙苯/苯乙烯装置
28.68,ST010118,"<p>%(v/v)</p>
",2025-05-07 08:00:00,甲烷,延炼12万吨/年乙苯/苯乙烯装置
0.05,ST010118,"<p>%(v/v)</p>
",2025-05-07 08:00:00,丙烷,延炼12万吨/年乙苯/苯乙烯装置
0.10,ST010118,"<p>%(v/v)</p>
",2025-05-07 08:00:00,丙烯,延炼12万吨/年乙苯/苯乙烯装置
13.63,ST010118,"<p>%(v/v)</p>
",2025-05-07 08:00:00,乙烯,延炼12万吨/年乙苯/苯乙烯装置
0.00,ST010118,"<p>%(v/v)</p>
",2025-05-07 08:00:00,碳四(合计),延炼12万吨/年乙苯/苯乙烯装置
0.00,ST010118,"<p>%(v/v)</p>
",2025-05-07 08:00:00,异戊烷,延炼12万吨/年乙苯/苯乙烯装置
0.00,ST010118,"<p>%(v/v)</p>
",2025-05-07 08:00:00,正戊烷,延炼12万吨/年乙苯/苯乙烯装置
13.83,ST010118,"<p>%(v/v)</p>
",2025-05-07 08:00:00,乙烷,延炼12万吨/年乙苯/苯乙烯装置
0.00,ST010118,"<p>%(v/v)</p>
",2025-05-07 08:00:00,碳五(合计),延炼12万吨/年乙苯/苯乙烯装置
1.0,ST010118,<p>mg/kg</p>,2025-05-07 08:00:00,硫化氢,延炼12万吨/年乙苯/苯乙烯装置
1.0,ST010118,<p>mg/kg</p>,2025-05-08 08:00:00,硫化氢,延炼12万吨/年乙苯/苯乙烯装置
0.75,ST010118,"<p>%(v/v)</p>
",2025-05-08 08:00:00,氧气,延炼12万吨/年乙苯/苯乙烯装置
20.60,ST010118,"<p>%(v/v)</p>
",2025-05-08 08:00:00,氮气,延炼12万吨/年乙苯/苯乙烯装置
2.08,ST010118,"<p>%(v/v)</p>
",2025-05-08 08:00:00,一氧化碳,延炼12万吨/年乙苯/苯乙烯装置
2.07,ST010118,"<p>%(v/v)</p>
",2025-05-08 08:00:00,二氧化碳,延炼12万吨/年乙苯/苯乙烯装置
17.83,ST010118,"<p>%(v/v)</p>
",2025-05-08 08:00:00,氢气,延炼12万吨/年乙苯/苯乙烯装置
29.30,ST010118,"<p>%(v/v)</p>
",2025-05-08 08:00:00,甲烷,延炼12万吨/年乙苯/苯乙烯装置
0.04,ST010118,"<p>%(v/v)</p>
",2025-05-08 08:00:00,丙烷,延炼12万吨/年乙苯/苯乙烯装置
0.09,ST010118,"<p>%(v/v)</p>
",2025-05-08 08:00:00,丙烯,延炼12万吨/年乙苯/苯乙烯装置
13.71,ST010118,"<p>%(v/v)</p>
",2025-05-08 08:00:00,乙烯,延炼12万吨/年乙苯/苯乙烯装置
0.00,ST010118,"<p>%(v/v)</p>
",2025-05-08 08:00:00,碳四(合计),延炼12万吨/年乙苯/苯乙烯装置
0.00,ST010118,"<p>%(v/v)</p>
",2025-05-08 08:00:00,异戊烷,延炼12万吨/年乙苯/苯乙烯装置
0.00,ST010118,"<p>%(v/v)</p>
",2025-05-08 08:00:00,正戊烷,延炼12万吨/年乙苯/苯乙烯装置
13.54,ST010118,"<p>%(v/v)</p>
",2025-05-08 08:00:00,乙烷,延炼12万吨/年乙苯/苯乙烯装置
0.00,ST010118,"<p>%(v/v)</p>
",2025-05-08 08:00:00,碳五(合计),延炼12万吨/年乙苯/苯乙烯装置
1.0,ST010118,<p>mg/kg</p>,2025-05-09 08:00:00,硫化氢,延炼12万吨/年乙苯/苯乙烯装置
0.63,ST010118,"<p>%(v/v)</p>
",2025-05-09 08:00:00,氧气,延炼12万吨/年乙苯/苯乙烯装置
19.66,ST010118,"<p>%(v/v)</p>
",2025-05-09 08:00:00,氮气,延炼12万吨/年乙苯/苯乙烯装置
2.13,ST010118,"<p>%(v/v)</p>
",2025-05-09 08:00:00,一氧化碳,延炼12万吨/年乙苯/苯乙烯装置
1.96,ST010118,"<p>%(v/v)</p>
",2025-05-09 08:00:00,二氧化碳,延炼12万吨/年乙苯/苯乙烯装置
18.71,ST010118,"<p>%(v/v)</p>
",2025-05-09 08:00:00,氢气,延炼12万吨/年乙苯/苯乙烯装置
0.05,ST010118,"<p>%(v/v)</p>
",2025-05-09 08:00:00,丙烷,延炼12万吨/年乙苯/苯乙烯装置
0.10,ST010118,"<p>%(v/v)</p>
",2025-05-09 08:00:00,丙烯,延炼12万吨/年乙苯/苯乙烯装置
13.78,ST010118,"<p>%(v/v)</p>
",2025-05-09 08:00:00,乙烯,延炼12万吨/年乙苯/苯乙烯装置
0.00,ST010118,"<p>%(v/v)</p>
",2025-05-09 08:00:00,碳四(合计),延炼12万吨/年乙苯/苯乙烯装置
0.00,ST010118,"<p>%(v/v)</p>
",2025-05-09 08:00:00,异戊烷,延炼12万吨/年乙苯/苯乙烯装置
0.00,ST010118,"<p>%(v/v)</p>
",2025-05-09 08:00:00,正戊烷,延炼12万吨/年乙苯/苯乙烯装置
13.58,ST010118,"<p>%(v/v)</p>
",2025-05-09 08:00:00,乙烷,延炼12万吨/年乙苯/苯乙烯装置
0.00,ST010118,"<p>%(v/v)</p>
",2025-05-09 08:00:00,碳五(合计),延炼12万吨/年乙苯/苯乙烯装置
29.38,ST010118,"<p>%(v/v)</p>
",2025-05-09 08:00:00,甲烷,延炼12万吨/年乙苯/苯乙烯装置
1.0,ST010118,<p>mg/kg</p>,2025-05-10 08:00:00,硫化氢,延炼12万吨/年乙苯/苯乙烯装置
0.84,ST010118,"<p>%(v/v)</p>
",2025-05-10 08:00:00,氧气,延炼12万吨/年乙苯/苯乙烯装置
20.87,ST010118,"<p>%(v/v)</p>
",2025-05-10 08:00:00,氮气,延炼12万吨/年乙苯/苯乙烯装置
2.17,ST010118,"<p>%(v/v)</p>
",2025-05-10 08:00:00,一氧化碳,延炼12万吨/年乙苯/苯乙烯装置
1.83,ST010118,"<p>%(v/v)</p>
",2025-05-10 08:00:00,二氧化碳,延炼12万吨/年乙苯/苯乙烯装置
20.14,ST010118,"<p>%(v/v)</p>
",2025-05-10 08:00:00,氢气,延炼12万吨/年乙苯/苯乙烯装置
28.49,ST010118,"<p>%(v/v)</p>
",2025-05-10 08:00:00,甲烷,延炼12万吨/年乙苯/苯乙烯装置
0.04,ST010118,"<p>%(v/v)</p>
",2025-05-10 08:00:00,丙烷,延炼12万吨/年乙苯/苯乙烯装置
0.08,ST010118,"<p>%(v/v)</p>
",2025-05-10 08:00:00,丙烯,延炼12万吨/年乙苯/苯乙烯装置
13.46,ST010118,"<p>%(v/v)</p>
",2025-05-10 08:00:00,乙烯,延炼12万吨/年乙苯/苯乙烯装置
0.00,ST010118,"<p>%(v/v)</p>
",2025-05-10 08:00:00,碳四(合计),延炼12万吨/年乙苯/苯乙烯装置
0.00,ST010118,"<p>%(v/v)</p>
",2025-05-10 08:00:00,异戊烷,延炼12万吨/年乙苯/苯乙烯装置
0.00,ST010118,"<p>%(v/v)</p>
",2025-05-10 08:00:00,正戊烷,延炼12万吨/年乙苯/苯乙烯装置
12.08,ST010118,"<p>%(v/v)</p>
",2025-05-10 08:00:00,乙烷,延炼12万吨/年乙苯/苯乙烯装置
0.00,ST010118,"<p>%(v/v)</p>
",2025-05-10 08:00:00,碳五(合计),延炼12万吨/年乙苯/苯乙烯装置
0.00,ST010118,"<p>%(v/v)</p>
",2025-05-11 08:00:00,碳五(合计),延炼12万吨/年乙苯/苯乙烯装置
24.72,ST010118,"<p>%(v/v)</p>
",2025-05-11 08:00:00,氮气,延炼12万吨/年乙苯/苯乙烯装置
1.90,ST010118,"<p>%(v/v)</p>
",2025-05-11 08:00:00,一氧化碳,延炼12万吨/年乙苯/苯乙烯装置
1.93,ST010118,"<p>%(v/v)</p>
",2025-05-11 08:00:00,二氧化碳,延炼12万吨/年乙苯/苯乙烯装置
17.53,ST010118,"<p>%(v/v)</p>
",2025-05-11 08:00:00,氢气,延炼12万吨/年乙苯/苯乙烯装置
25.61,ST010118,"<p>%(v/v)</p>
",2025-05-11 08:00:00,甲烷,延炼12万吨/年乙苯/苯乙烯装置
0.04,ST010118,"<p>%(v/v)</p>
",2025-05-11 08:00:00,丙烷,延炼12万吨/年乙苯/苯乙烯装置
0.08,ST010118,"<p>%(v/v)</p>
",2025-05-11 08:00:00,丙烯,延炼12万吨/年乙苯/苯乙烯装置
13.12,ST010118,"<p>%(v/v)</p>
",2025-05-11 08:00:00,乙烯,延炼12万吨/年乙苯/苯乙烯装置
0.00,ST010118,"<p>%(v/v)</p>
",2025-05-11 08:00:00,碳四(合计),延炼12万吨/年乙苯/苯乙烯装置
0.00,ST010118,"<p>%(v/v)</p>
",2025-05-11 08:00:00,异戊烷,延炼12万吨/年乙苯/苯乙烯装置
0.00,ST010118,"<p>%(v/v)</p>
",2025-05-11 08:00:00,正戊烷,延炼12万吨/年乙苯/苯乙烯装置
12.59,ST010118,"<p>%(v/v)</p>
",2025-05-11 08:00:00,乙烷,延炼12万吨/年乙苯/苯乙烯装置
2.47,ST010118,"<p>%(v/v)</p>
",2025-05-11 08:00:00,氧气,延炼12万吨/年乙苯/苯乙烯装置
1.0,ST010118,<p>mg/kg</p>,2025-05-11 08:00:00,硫化氢,延炼12万吨/年乙苯/苯乙烯装置
0.67,ST010118,"<p>%(v/v)</p>
",2025-05-12 08:00:00,氧气,延炼12万吨/年乙苯/苯乙烯装置
19.78,ST010118,"<p>%(v/v)</p>
",2025-05-12 08:00:00,氮气,延炼12万吨/年乙苯/苯乙烯装置
2.05,ST010118,"<p>%(v/v)</p>
",2025-05-12 08:00:00,一氧化碳,延炼12万吨/年乙苯/苯乙烯装置
2.03,ST010118,"<p>%(v/v)</p>
",2025-05-12 08:00:00,二氧化碳,延炼12万吨/年乙苯/苯乙烯装置
18.26,ST010118,"<p>%(v/v)</p>
",2025-05-12 08:00:00,氢气,延炼12万吨/年乙苯/苯乙烯装置
29.02,ST010118,"<p>%(v/v)</p>
",2025-05-12 08:00:00,甲烷,延炼12万吨/年乙苯/苯乙烯装置
0.06,ST010118,"<p>%(v/v)</p>
",2025-05-12 08:00:00,丙烷,延炼12万吨/年乙苯/苯乙烯装置
0.11,ST010118,"<p>%(v/v)</p>
",2025-05-12 08:00:00,丙烯,延炼12万吨/年乙苯/苯乙烯装置
14.09,ST010118,"<p>%(v/v)</p>
",2025-05-12 08:00:00,乙烯,延炼12万吨/年乙苯/苯乙烯装置
0.00,ST010118,"<p>%(v/v)</p>
",2025-05-12 08:00:00,碳四(合计),延炼12万吨/年乙苯/苯乙烯装置
0.00,ST010118,"<p>%(v/v)</p>
",2025-05-12 08:00:00,异戊烷,延炼12万吨/年乙苯/苯乙烯装置
0.00,ST010118,"<p>%(v/v)</p>
",2025-05-12 08:00:00,正戊烷,延炼12万吨/年乙苯/苯乙烯装置
13.92,ST010118,"<p>%(v/v)</p>
",2025-05-12 08:00:00,乙烷,延炼12万吨/年乙苯/苯乙烯装置
0.00,ST010118,"<p>%(v/v)</p>
",2025-05-12 08:00:00,碳五(合计),延炼12万吨/年乙苯/苯乙烯装置
1.0,ST010118,<p>mg/kg</p>,2025-05-12 08:00:00,硫化氢,延炼12万吨/年乙苯/苯乙烯装置
1.0,ST010118,<p>mg/kg</p>,2025-05-13 08:00:00,硫化氢,延炼12万吨/年乙苯/苯乙烯装置
0.38,ST010118,"<p>%(v/v)</p>
",2025-05-13 08:00:00,氧气,延炼12万吨/年乙苯/苯乙烯装置
18.09,ST010118,"<p>%(v/v)</p>
",2025-05-13 08:00:00,氮气,延炼12万吨/年乙苯/苯乙烯装置
1.95,ST010118,"<p>%(v/v)</p>
",2025-05-13 08:00:00,一氧化碳,延炼12万吨/年乙苯/苯乙烯装置
2.10,ST010118,"<p>%(v/v)</p>
",2025-05-13 08:00:00,二氧化碳,延炼12万吨/年乙苯/苯乙烯装置
18.12,ST010118,"<p>%(v/v)</p>
",2025-05-13 08:00:00,氢气,延炼12万吨/年乙苯/苯乙烯装置
28.72,ST010118,"<p>%(v/v)</p>
",2025-05-13 08:00:00,甲烷,延炼12万吨/年乙苯/苯乙烯装置
0.07,ST010118,"<p>%(v/v)</p>
",2025-05-13 08:00:00,丙烷,延炼12万吨/年乙苯/苯乙烯装置
0.16,ST010118,"<p>%(v/v)</p>
",2025-05-13 08:00:00,丙烯,延炼12万吨/年乙苯/苯乙烯装置
14.92,ST010118,"<p>%(v/v)</p>
",2025-05-13 08:00:00,乙烯,延炼12万吨/年乙苯/苯乙烯装置
0.00,ST010118,"<p>%(v/v)</p>
",2025-05-13 08:00:00,碳四(合计),延炼12万吨/年乙苯/苯乙烯装置
0.00,ST010118,"<p>%(v/v)</p>
",2025-05-13 08:00:00,异戊烷,延炼12万吨/年乙苯/苯乙烯装置
0.00,ST010118,"<p>%(v/v)</p>
",2025-05-13 08:00:00,正戊烷,延炼12万吨/年乙苯/苯乙烯装置
15.49,ST010118,"<p>%(v/v)</p>
",2025-05-13 08:00:00,乙烷,延炼12万吨/年乙苯/苯乙烯装置
0.00,ST010118,"<p>%(v/v)</p>
",2025-05-13 08:00:00,碳五(合计),延炼12万吨/年乙苯/苯乙烯装置
1.0,ST010118,<p>mg/kg</p>,2025-05-14 08:00:00,硫化氢,延炼12万吨/年乙苯/苯乙烯装置
0.76,ST010118,"<p>%(v/v)</p>
",2025-05-14 08:00:00,氧气,延炼12万吨/年乙苯/苯乙烯装置
19.70,ST010118,"<p>%(v/v)</p>
",2025-05-14 08:00:00,氮气,延炼12万吨/年乙苯/苯乙烯装置
1.97,ST010118,"<p>%(v/v)</p>
",2025-05-14 08:00:00,一氧化碳,延炼12万吨/年乙苯/苯乙烯装置
1.99,ST010118,"<p>%(v/v)</p>
",2025-05-14 08:00:00,二氧化碳,延炼12万吨/年乙苯/苯乙烯装置
17.91,ST010118,"<p>%(v/v)</p>
",2025-05-14 08:00:00,氢气,延炼12万吨/年乙苯/苯乙烯装置
28.05,ST010118,"<p>%(v/v)</p>
",2025-05-14 08:00:00,甲烷,延炼12万吨/年乙苯/苯乙烯装置
0.08,ST010118,"<p>%(v/v)</p>
",2025-05-14 08:00:00,丙烷,延炼12万吨/年乙苯/苯乙烯装置
0.16,ST010118,"<p>%(v/v)</p>
",2025-05-14 08:00:00,丙烯,延炼12万吨/年乙苯/苯乙烯装置
14.48,ST010118,"<p>%(v/v)</p>
",2025-05-14 08:00:00,乙烯,延炼12万吨/年乙苯/苯乙烯装置
0.00,ST010118,"<p>%(v/v)</p>
",2025-05-14 08:00:00,碳四(合计),延炼12万吨/年乙苯/苯乙烯装置
0.00,ST010118,"<p>%(v/v)</p>
",2025-05-14 08:00:00,异戊烷,延炼12万吨/年乙苯/苯乙烯装置
0.00,ST010118,"<p>%(v/v)</p>
",2025-05-14 08:00:00,正戊烷,延炼12万吨/年乙苯/苯乙烯装置
14.90,ST010118,"<p>%(v/v)</p>
",2025-05-14 08:00:00,乙烷,延炼12万吨/年乙苯/苯乙烯装置
0.00,ST010118,"<p>%(v/v)</p>
",2025-05-14 08:00:00,碳五(合计),延炼12万吨/年乙苯/苯乙烯装置
0.00,ST010118,"<p>%(v/v)</p>
",2025-05-15 08:00:00,碳四(合计),延炼12万吨/年乙苯/苯乙烯装置
0.00,ST010118,"<p>%(v/v)</p>
",2025-05-15 08:00:00,异戊烷,延炼12万吨/年乙苯/苯乙烯装置
0.00,ST010118,"<p>%(v/v)</p>
",2025-05-15 08:00:00,正戊烷,延炼12万吨/年乙苯/苯乙烯装置
14.00,ST010118,"<p>%(v/v)</p>
",2025-05-15 08:00:00,乙烷,延炼12万吨/年乙苯/苯乙烯装置
0.00,ST010118,"<p>%(v/v)</p>
",2025-05-15 08:00:00,碳五(合计),延炼12万吨/年乙苯/苯乙烯装置
1.0,ST010118,<p>mg/kg</p>,2025-05-15 08:00:00,硫化氢,延炼12万吨/年乙苯/苯乙烯装置
0.68,ST010118,"<p>%(v/v)</p>
",2025-05-15 08:00:00,氧气,延炼12万吨/年乙苯/苯乙烯装置
19.80,ST010118,"<p>%(v/v)</p>
",2025-05-15 08:00:00,氮气,延炼12万吨/年乙苯/苯乙烯装置
2.02,ST010118,"<p>%(v/v)</p>
",2025-05-15 08:00:00,一氧化碳,延炼12万吨/年乙苯/苯乙烯装置
2.02,ST010118,"<p>%(v/v)</p>
",2025-05-15 08:00:00,二氧化碳,延炼12万吨/年乙苯/苯乙烯装置
18.61,ST010118,"<p>%(v/v)</p>
",2025-05-15 08:00:00,氢气,延炼12万吨/年乙苯/苯乙烯装置
28.53,ST010118,"<p>%(v/v)</p>
",2025-05-15 08:00:00,甲烷,延炼12万吨/年乙苯/苯乙烯装置
0.06,ST010118,"<p>%(v/v)</p>
",2025-05-15 08:00:00,丙烷,延炼12万吨/年乙苯/苯乙烯装置
0.12,ST010118,"<p>%(v/v)</p>
",2025-05-15 08:00:00,丙烯,延炼12万吨/年乙苯/苯乙烯装置
14.15,ST010118,"<p>%(v/v)</p>
",2025-05-15 08:00:00,乙烯,延炼12万吨/年乙苯/苯乙烯装置
0.90,ST010118,"<p>%(v/v)</p>
",2025-05-16 09:03:00,氧气,延炼12万吨/年乙苯/苯乙烯装置
20.80,ST010118,"<p>%(v/v)</p>
",2025-05-16 09:03:00,氮气,延炼12万吨/年乙苯/苯乙烯装置
2.03,ST010118,"<p>%(v/v)</p>
",2025-05-16 09:03:00,一氧化碳,延炼12万吨/年乙苯/苯乙烯装置
1.92,ST010118,"<p>%(v/v)</p>
",2025-05-16 09:03:00,二氧化碳,延炼12万吨/年乙苯/苯乙烯装置
17.59,ST010118,"<p>%(v/v)</p>
",2025-05-16 09:03:00,氢气,延炼12万吨/年乙苯/苯乙烯装置
28.92,ST010118,"<p>%(v/v)</p>
",2025-05-16 09:03:00,甲烷,延炼12万吨/年乙苯/苯乙烯装置
0.05,ST010118,"<p>%(v/v)</p>
",2025-05-16 09:03:00,丙烷,延炼12万吨/年乙苯/苯乙烯装置
0.11,ST010118,"<p>%(v/v)</p>
",2025-05-16 09:03:00,丙烯,延炼12万吨/年乙苯/苯乙烯装置
14.04,ST010118,"<p>%(v/v)</p>
",2025-05-16 09:03:00,乙烯,延炼12万吨/年乙苯/苯乙烯装置
0.00,ST010118,"<p>%(v/v)</p>
",2025-05-16 09:03:00,碳四(合计),延炼12万吨/年乙苯/苯乙烯装置
0.00,ST010118,"<p>%(v/v)</p>
",2025-05-16 09:03:00,异戊烷,延炼12万吨/年乙苯/苯乙烯装置
0.00,ST010118,"<p>%(v/v)</p>
",2025-05-16 09:03:00,正戊烷,延炼12万吨/年乙苯/苯乙烯装置
1.0,ST010118,<p>mg/kg</p>,2025-05-16 09:03:00,硫化氢,延炼12万吨/年乙苯/苯乙烯装置
13.64,ST010118,"<p>%(v/v)</p>
",2025-05-16 09:03:00,乙烷,延炼12万吨/年乙苯/苯乙烯装置
0.00,ST010118,"<p>%(v/v)</p>
",2025-05-16 09:03:00,碳五(合计),延炼12万吨/年乙苯/苯乙烯装置
1.0,ST010118,<p>mg/kg</p>,2025-05-17 08:00:00,硫化氢,延炼12万吨/年乙苯/苯乙烯装置
0.91,ST010118,"<p>%(v/v)</p>
",2025-05-17 08:00:00,氧气,延炼12万吨/年乙苯/苯乙烯装置
20.67,ST010118,"<p>%(v/v)</p>
",2025-05-17 08:00:00,氮气,延炼12万吨/年乙苯/苯乙烯装置
2.05,ST010118,"<p>%(v/v)</p>
",2025-05-17 08:00:00,一氧化碳,延炼12万吨/年乙苯/苯乙烯装置
1.93,ST010118,"<p>%(v/v)</p>
",2025-05-17 08:00:00,二氧化碳,延炼12万吨/年乙苯/苯乙烯装置
18.31,ST010118,"<p>%(v/v)</p>
",2025-05-17 08:00:00,氢气,延炼12万吨/年乙苯/苯乙烯装置
28.36,ST010118,"<p>%(v/v)</p>
",2025-05-17 08:00:00,甲烷,延炼12万吨/年乙苯/苯乙烯装置
0.05,ST010118,"<p>%(v/v)</p>
",2025-05-17 08:00:00,丙烷,延炼12万吨/年乙苯/苯乙烯装置
0.10,ST010118,"<p>%(v/v)</p>
",2025-05-17 08:00:00,丙烯,延炼12万吨/年乙苯/苯乙烯装置
14.07,ST010118,"<p>%(v/v)</p>
",2025-05-17 08:00:00,乙烯,延炼12万吨/年乙苯/苯乙烯装置
0.00,ST010118,"<p>%(v/v)</p>
",2025-05-17 08:00:00,碳四(合计),延炼12万吨/年乙苯/苯乙烯装置
0.00,ST010118,"<p>%(v/v)</p>
",2025-05-17 08:00:00,异戊烷,延炼12万吨/年乙苯/苯乙烯装置
0.00,ST010118,"<p>%(v/v)</p>
",2025-05-17 08:00:00,正戊烷,延炼12万吨/年乙苯/苯乙烯装置
13.55,ST010118,"<p>%(v/v)</p>
",2025-05-17 08:00:00,乙烷,延炼12万吨/年乙苯/苯乙烯装置
0.00,ST010118,"<p>%(v/v)</p>
",2025-05-17 08:00:00,碳五(合计),延炼12万吨/年乙苯/苯乙烯装置
1.0,ST010118,<p>mg/kg</p>,2025-05-18 08:00:00,硫化氢,延炼12万吨/年乙苯/苯乙烯装置
0.38,ST010118,"<p>%(v/v)</p>
",2025-05-18 08:00:00,氧气,延炼12万吨/年乙苯/苯乙烯装置
18.82,ST010118,"<p>%(v/v)</p>
",2025-05-18 08:00:00,氮气,延炼12万吨/年乙苯/苯乙烯装置
2.14,ST010118,"<p>%(v/v)</p>
",2025-05-18 08:00:00,一氧化碳,延炼12万吨/年乙苯/苯乙烯装置
2.01,ST010118,"<p>%(v/v)</p>
",2025-05-18 08:00:00,二氧化碳,延炼12万吨/年乙苯/苯乙烯装置
19.28,ST010118,"<p>%(v/v)</p>
",2025-05-18 08:00:00,氢气,延炼12万吨/年乙苯/苯乙烯装置
29.11,ST010118,"<p>%(v/v)</p>
",2025-05-18 08:00:00,甲烷,延炼12万吨/年乙苯/苯乙烯装置
0.06,ST010118,"<p>%(v/v)</p>
",2025-05-18 08:00:00,丙烷,延炼12万吨/年乙苯/苯乙烯装置
0.12,ST010118,"<p>%(v/v)</p>
",2025-05-18 08:00:00,丙烯,延炼12万吨/年乙苯/苯乙烯装置
14.28,ST010118,"<p>%(v/v)</p>
",2025-05-18 08:00:00,乙烯,延炼12万吨/年乙苯/苯乙烯装置
0.00,ST010118,"<p>%(v/v)</p>
",2025-05-18 08:00:00,碳四(合计),延炼12万吨/年乙苯/苯乙烯装置
0.00,ST010118,"<p>%(v/v)</p>
",2025-05-18 08:00:00,异戊烷,延炼12万吨/年乙苯/苯乙烯装置
0.00,ST010118,"<p>%(v/v)</p>
",2025-05-18 08:00:00,正戊烷,延炼12万吨/年乙苯/苯乙烯装置
13.81,ST010118,"<p>%(v/v)</p>
",2025-05-18 08:00:00,乙烷,延炼12万吨/年乙苯/苯乙烯装置
0.00,ST010118,"<p>%(v/v)</p>
",2025-05-18 08:00:00,碳五(合计),延炼12万吨/年乙苯/苯乙烯装置
1.0,ST010118,<p>mg/kg</p>,2025-05-19 08:00:00,硫化氢,延炼12万吨/年乙苯/苯乙烯装置
1.24,ST010118,"<p>%(v/v)</p>
",2025-05-19 08:00:00,氧气,延炼12万吨/年乙苯/苯乙烯装置
21.70,ST010118,"<p>%(v/v)</p>
",2025-05-19 08:00:00,氮气,延炼12万吨/年乙苯/苯乙烯装置
2.02,ST010118,"<p>%(v/v)</p>
",2025-05-19 08:00:00,一氧化碳,延炼12万吨/年乙苯/苯乙烯装置
1.99,ST010118,"<p>%(v/v)</p>
",2025-05-19 08:00:00,二氧化碳,延炼12万吨/年乙苯/苯乙烯装置
18.01,ST010118,"<p>%(v/v)</p>
",2025-05-19 08:00:00,氢气,延炼12万吨/年乙苯/苯乙烯装置
27.97,ST010118,"<p>%(v/v)</p>
",2025-05-19 08:00:00,甲烷,延炼12万吨/年乙苯/苯乙烯装置
0.05,ST010118,"<p>%(v/v)</p>
",2025-05-19 08:00:00,丙烷,延炼12万吨/年乙苯/苯乙烯装置
0.11,ST010118,"<p>%(v/v)</p>
",2025-05-19 08:00:00,丙烯,延炼12万吨/年乙苯/苯乙烯装置
13.74,ST010118,"<p>%(v/v)</p>
",2025-05-19 08:00:00,乙烯,延炼12万吨/年乙苯/苯乙烯装置
0.00,ST010118,"<p>%(v/v)</p>
",2025-05-19 08:00:00,碳四(合计),延炼12万吨/年乙苯/苯乙烯装置
0.00,ST010118,"<p>%(v/v)</p>
",2025-05-19 08:00:00,异戊烷,延炼12万吨/年乙苯/苯乙烯装置
0.00,ST010118,"<p>%(v/v)</p>
",2025-05-19 08:00:00,正戊烷,延炼12万吨/年乙苯/苯乙烯装置
13.17,ST010118,"<p>%(v/v)</p>
",2025-05-19 08:00:00,乙烷,延炼12万吨/年乙苯/苯乙烯装置
0.00,ST010118,"<p>%(v/v)</p>
",2025-05-19 08:00:00,碳五(合计),延炼12万吨/年乙苯/苯乙烯装置
1.0,ST010118,<p>mg/kg</p>,2025-05-20 08:00:00,硫化氢,延炼12万吨/年乙苯/苯乙烯装置
2.02,ST010118,"<p>%(v/v)</p>
",2025-05-20 08:00:00,氧气,延炼12万吨/年乙苯/苯乙烯装置
23.62,ST010118,"<p>%(v/v)</p>
",2025-05-20 08:00:00,氮气,延炼12万吨/年乙苯/苯乙烯装置
1.92,ST010118,"<p>%(v/v)</p>
",2025-05-20 08:00:00,一氧化碳,延炼12万吨/年乙苯/苯乙烯装置
1.74,ST010118,"<p>%(v/v)</p>
",2025-05-20 08:00:00,二氧化碳,延炼12万吨/年乙苯/苯乙烯装置
18.24,ST010118,"<p>%(v/v)</p>
",2025-05-20 08:00:00,氢气,延炼12万吨/年乙苯/苯乙烯装置
27.44,ST010118,"<p>%(v/v)</p>
",2025-05-20 08:00:00,甲烷,延炼12万吨/年乙苯/苯乙烯装置
0.05,ST010118,"<p>%(v/v)</p>
",2025-05-20 08:00:00,丙烷,延炼12万吨/年乙苯/苯乙烯装置
0.10,ST010118,"<p>%(v/v)</p>
",2025-05-20 08:00:00,丙烯,延炼12万吨/年乙苯/苯乙烯装置
13.11,ST010118,"<p>%(v/v)</p>
",2025-05-20 08:00:00,乙烯,延炼12万吨/年乙苯/苯乙烯装置
0.00,ST010118,"<p>%(v/v)</p>
",2025-05-20 08:00:00,碳四(合计),延炼12万吨/年乙苯/苯乙烯装置
0.00,ST010118,"<p>%(v/v)</p>
",2025-05-20 08:00:00,异戊烷,延炼12万吨/年乙苯/苯乙烯装置
0.00,ST010118,"<p>%(v/v)</p>
",2025-05-20 08:00:00,正戊烷,延炼12万吨/年乙苯/苯乙烯装置
11.76,ST010118,"<p>%(v/v)</p>
",2025-05-20 08:00:00,乙烷,延炼12万吨/年乙苯/苯乙烯装置
0.00,ST010118,"<p>%(v/v)</p>
",2025-05-20 08:00:00,碳五(合计),延炼12万吨/年乙苯/苯乙烯装置
1.0,ST010118,<p>mg/kg</p>,2025-05-21 08:00:00,硫化氢,延炼12万吨/年乙苯/苯乙烯装置
1.86,ST010118,"<p>%(v/v)</p>
",2025-05-21 08:00:00,氧气,延炼12万吨/年乙苯/苯乙烯装置
22.83,ST010118,"<p>%(v/v)</p>
",2025-05-21 08:00:00,氮气,延炼12万吨/年乙苯/苯乙烯装置
1.90,ST010118,"<p>%(v/v)</p>
",2025-05-21 08:00:00,一氧化碳,延炼12万吨/年乙苯/苯乙烯装置
1.85,ST010118,"<p>%(v/v)</p>
",2025-05-21 08:00:00,二氧化碳,延炼12万吨/年乙苯/苯乙烯装置
17.74,ST010118,"<p>%(v/v)</p>
",2025-05-21 08:00:00,氢气,延炼12万吨/年乙苯/苯乙烯装置
27.54,ST010118,"<p>%(v/v)</p>
",2025-05-21 08:00:00,甲烷,延炼12万吨/年乙苯/苯乙烯装置
0.05,ST010118,"<p>%(v/v)</p>
",2025-05-21 08:00:00,丙烷,延炼12万吨/年乙苯/苯乙烯装置
0.12,ST010118,"<p>%(v/v)</p>
",2025-05-21 08:00:00,丙烯,延炼12万吨/年乙苯/苯乙烯装置
13.44,ST010118,"<p>%(v/v)</p>
",2025-05-21 08:00:00,乙烯,延炼12万吨/年乙苯/苯乙烯装置
0.00,ST010118,"<p>%(v/v)</p>
",2025-05-21 08:00:00,碳四(合计),延炼12万吨/年乙苯/苯乙烯装置
0.00,ST010118,"<p>%(v/v)</p>
",2025-05-21 08:00:00,异戊烷,延炼12万吨/年乙苯/苯乙烯装置
0.00,ST010118,"<p>%(v/v)</p>
",2025-05-21 08:00:00,正戊烷,延炼12万吨/年乙苯/苯乙烯装置
12.67,ST010118,"<p>%(v/v)</p>
",2025-05-21 08:00:00,乙烷,延炼12万吨/年乙苯/苯乙烯装置
0.00,ST010118,"<p>%(v/v)</p>
",2025-05-21 08:00:00,碳五(合计),延炼12万吨/年乙苯/苯乙烯装置
1.0,ST010118,<p>mg/kg</p>,2025-05-22 08:00:00,硫化氢,延炼12万吨/年乙苯/苯乙烯装置
0.72,ST010118,"<p>%(v/v)</p>
",2025-05-22 08:00:00,氧气,延炼12万吨/年乙苯/苯乙烯装置
20.06,ST010118,"<p>%(v/v)</p>
",2025-05-22 08:00:00,氮气,延炼12万吨/年乙苯/苯乙烯装置
1.94,ST010118,"<p>%(v/v)</p>
",2025-05-22 08:00:00,一氧化碳,延炼12万吨/年乙苯/苯乙烯装置
2.06,ST010118,"<p>%(v/v)</p>
",2025-05-22 08:00:00,二氧化碳,延炼12万吨/年乙苯/苯乙烯装置
18.56,ST010118,"<p>%(v/v)</p>
",2025-05-22 08:00:00,氢气,延炼12万吨/年乙苯/苯乙烯装置
28.81,ST010118,"<p>%(v/v)</p>
",2025-05-22 08:00:00,甲烷,延炼12万吨/年乙苯/苯乙烯装置
0.07,ST010118,"<p>%(v/v)</p>
",2025-05-22 08:00:00,丙烷,延炼12万吨/年乙苯/苯乙烯装置
0.15,ST010118,"<p>%(v/v)</p>
",2025-05-22 08:00:00,丙烯,延炼12万吨/年乙苯/苯乙烯装置
14.21,ST010118,"<p>%(v/v)</p>
",2025-05-22 08:00:00,乙烯,延炼12万吨/年乙苯/苯乙烯装置
0.00,ST010118,"<p>%(v/v)</p>
",2025-05-22 08:00:00,碳四(合计),延炼12万吨/年乙苯/苯乙烯装置
0.00,ST010118,"<p>%(v/v)</p>
",2025-05-22 08:00:00,异戊烷,延炼12万吨/年乙苯/苯乙烯装置
0.00,ST010118,"<p>%(v/v)</p>
",2025-05-22 08:00:00,正戊烷,延炼12万吨/年乙苯/苯乙烯装置
13.41,ST010118,"<p>%(v/v)</p>
",2025-05-22 08:00:00,乙烷,延炼12万吨/年乙苯/苯乙烯装置
0.00,ST010118,"<p>%(v/v)</p>
",2025-05-22 08:00:00,碳五(合计),延炼12万吨/年乙苯/苯乙烯装置
未检出,ST010118,<p>mg/kg</p>,2025-05-23 08:00:00,硫化氢,延炼12万吨/年乙苯/苯乙烯装置
1.18,ST010118,"<p>%(v/v)</p>
",2025-05-23 08:00:00,氧气,延炼12万吨/年乙苯/苯乙烯装置
21.45,ST010118,"<p>%(v/v)</p>
",2025-05-23 08:00:00,氮气,延炼12万吨/年乙苯/苯乙烯装置
1.99,ST010118,"<p>%(v/v)</p>
",2025-05-23 08:00:00,一氧化碳,延炼12万吨/年乙苯/苯乙烯装置
2.04,ST010118,"<p>%(v/v)</p>
",2025-05-23 08:00:00,二氧化碳,延炼12万吨/年乙苯/苯乙烯装置
18.30,ST010118,"<p>%(v/v)</p>
",2025-05-23 08:00:00,氢气,延炼12万吨/年乙苯/苯乙烯装置
27.85,ST010118,"<p>%(v/v)</p>
",2025-05-23 08:00:00,甲烷,延炼12万吨/年乙苯/苯乙烯装置
0.06,ST010118,"<p>%(v/v)</p>
",2025-05-23 08:00:00,丙烷,延炼12万吨/年乙苯/苯乙烯装置
0.15,ST010118,"<p>%(v/v)</p>
",2025-05-23 08:00:00,丙烯,延炼12万吨/年乙苯/苯乙烯装置
13.79,ST010118,"<p>%(v/v)</p>
",2025-05-23 08:00:00,乙烯,延炼12万吨/年乙苯/苯乙烯装置
0.00,ST010118,"<p>%(v/v)</p>
",2025-05-23 08:00:00,碳四(合计),延炼12万吨/年乙苯/苯乙烯装置
0.00,ST010118,"<p>%(v/v)</p>
",2025-05-23 08:00:00,异戊烷,延炼12万吨/年乙苯/苯乙烯装置
0.00,ST010118,"<p>%(v/v)</p>
",2025-05-23 08:00:00,正戊烷,延炼12万吨/年乙苯/苯乙烯装置
13.18,ST010118,"<p>%(v/v)</p>
",2025-05-23 08:00:00,乙烷,延炼12万吨/年乙苯/苯乙烯装置
0.00,ST010118,"<p>%(v/v)</p>
",2025-05-23 08:00:00,碳五(合计),延炼12万吨/年乙苯/苯乙烯装置
未检出,ST010118,<p>mg/kg</p>,2025-05-24 08:00:00,硫化氢,延炼12万吨/年乙苯/苯乙烯装置
1.24,ST010118,"<p>%(v/v)</p>
",2025-05-24 08:00:00,氧气,延炼12万吨/年乙苯/苯乙烯装置
21.61,ST010118,"<p>%(v/v)</p>
",2025-05-24 08:00:00,氮气,延炼12万吨/年乙苯/苯乙烯装置
2.04,ST010118,"<p>%(v/v)</p>
",2025-05-24 08:00:00,一氧化碳,延炼12万吨/年乙苯/苯乙烯装置
1.97,ST010118,"<p>%(v/v)</p>
",2025-05-24 08:00:00,二氧化碳,延炼12万吨/年乙苯/苯乙烯装置
18.34,ST010118,"<p>%(v/v)</p>
",2025-05-24 08:00:00,氢气,延炼12万吨/年乙苯/苯乙烯装置
27.63,ST010118,"<p>%(v/v)</p>
",2025-05-24 08:00:00,甲烷,延炼12万吨/年乙苯/苯乙烯装置
0.06,ST010118,"<p>%(v/v)</p>
",2025-05-24 08:00:00,丙烷,延炼12万吨/年乙苯/苯乙烯装置
0.14,ST010118,"<p>%(v/v)</p>
",2025-05-24 08:00:00,丙烯,延炼12万吨/年乙苯/苯乙烯装置
13.69,ST010118,"<p>%(v/v)</p>
",2025-05-24 08:00:00,乙烯,延炼12万吨/年乙苯/苯乙烯装置
0.00,ST010118,"<p>%(v/v)</p>
",2025-05-24 08:00:00,碳四(合计),延炼12万吨/年乙苯/苯乙烯装置
0.00,ST010118,"<p>%(v/v)</p>
",2025-05-24 08:00:00,异戊烷,延炼12万吨/年乙苯/苯乙烯装置
0.00,ST010118,"<p>%(v/v)</p>
",2025-05-24 08:00:00,正戊烷,延炼12万吨/年乙苯/苯乙烯装置
13.28,ST010118,"<p>%(v/v)</p>
",2025-05-24 08:00:00,乙烷,延炼12万吨/年乙苯/苯乙烯装置
0.00,ST010118,"<p>%(v/v)</p>
",2025-05-24 08:00:00,碳五(合计),延炼12万吨/年乙苯/苯乙烯装置
0.66,ST010118,"<p>%(v/v)</p>
",2025-05-25 08:00:00,氧气,延炼12万吨/年乙苯/苯乙烯装置
20.06,ST010118,"<p>%(v/v)</p>
",2025-05-25 08:00:00,氮气,延炼12万吨/年乙苯/苯乙烯装置
2.00,ST010118,"<p>%(v/v)</p>
",2025-05-25 08:00:00,一氧化碳,延炼12万吨/年乙苯/苯乙烯装置
1.95,ST010118,"<p>%(v/v)</p>
",2025-05-25 08:00:00,二氧化碳,延炼12万吨/年乙苯/苯乙烯装置
18.89,ST010118,"<p>%(v/v)</p>
",2025-05-25 08:00:00,氢气,延炼12万吨/年乙苯/苯乙烯装置
28.24,ST010118,"<p>%(v/v)</p>
",2025-05-25 08:00:00,甲烷,延炼12万吨/年乙苯/苯乙烯装置
0.06,ST010118,"<p>%(v/v)</p>
",2025-05-25 08:00:00,丙烷,延炼12万吨/年乙苯/苯乙烯装置
0.13,ST010118,"<p>%(v/v)</p>
",2025-05-25 08:00:00,丙烯,延炼12万吨/年乙苯/苯乙烯装置
13.91,ST010118,"<p>%(v/v)</p>
",2025-05-25 08:00:00,乙烯,延炼12万吨/年乙苯/苯乙烯装置
0.00,ST010118,"<p>%(v/v)</p>
",2025-05-25 08:00:00,碳四(合计),延炼12万吨/年乙苯/苯乙烯装置
0.00,ST010118,"<p>%(v/v)</p>
",2025-05-25 08:00:00,异戊烷,延炼12万吨/年乙苯/苯乙烯装置
0.00,ST010118,"<p>%(v/v)</p>
",2025-05-25 08:00:00,正戊烷,延炼12万吨/年乙苯/苯乙烯装置
14.08,ST010118,"<p>%(v/v)</p>
",2025-05-25 08:00:00,乙烷,延炼12万吨/年乙苯/苯乙烯装置
0.00,ST010118,"<p>%(v/v)</p>
",2025-05-25 08:00:00,碳五(合计),延炼12万吨/年乙苯/苯乙烯装置
1.0,ST010118,<p>mg/kg</p>,2025-05-25 08:00:00,硫化氢,延炼12万吨/年乙苯/苯乙烯装置
1.0,ST010118,<p>mg/kg</p>,2025-05-26 08:00:00,硫化氢,延炼12万吨/年乙苯/苯乙烯装置
0.89,ST010118,"<p>%(v/v)</p>
",2025-05-26 08:00:00,氧气,延炼12万吨/年乙苯/苯乙烯装置
20.93,ST010118,"<p>%(v/v)</p>
",2025-05-26 08:00:00,氮气,延炼12万吨/年乙苯/苯乙烯装置
2.01,ST010118,"<p>%(v/v)</p>
",2025-05-26 08:00:00,一氧化碳,延炼12万吨/年乙苯/苯乙烯装置
2.00,ST010118,"<p>%(v/v)</p>
",2025-05-26 08:00:00,二氧化碳,延炼12万吨/年乙苯/苯乙烯装置
18.58,ST010118,"<p>%(v/v)</p>
",2025-05-26 08:00:00,氢气,延炼12万吨/年乙苯/苯乙烯装置
27.75,ST010118,"<p>%(v/v)</p>
",2025-05-26 08:00:00,甲烷,延炼12万吨/年乙苯/苯乙烯装置
0.05,ST010118,"<p>%(v/v)</p>
",2025-05-26 08:00:00,丙烷,延炼12万吨/年乙苯/苯乙烯装置
0.12,ST010118,"<p>%(v/v)</p>
",2025-05-26 08:00:00,丙烯,延炼12万吨/年乙苯/苯乙烯装置
13.84,ST010118,"<p>%(v/v)</p>
",2025-05-26 08:00:00,乙烯,延炼12万吨/年乙苯/苯乙烯装置
0.00,ST010118,"<p>%(v/v)</p>
",2025-05-26 08:00:00,碳四(合计),延炼12万吨/年乙苯/苯乙烯装置
0.00,ST010118,"<p>%(v/v)</p>
",2025-05-26 08:00:00,异戊烷,延炼12万吨/年乙苯/苯乙烯装置
0.00,ST010118,"<p>%(v/v)</p>
",2025-05-26 08:00:00,正戊烷,延炼12万吨/年乙苯/苯乙烯装置
13.83,ST010118,"<p>%(v/v)</p>
",2025-05-26 08:00:00,乙烷,延炼12万吨/年乙苯/苯乙烯装置
0.00,ST010118,"<p>%(v/v)</p>
",2025-05-26 08:00:00,碳五(合计),延炼12万吨/年乙苯/苯乙烯装置
1.0,ST010118,<p>mg/kg</p>,2025-05-27 08:00:00,硫化氢,延炼12万吨/年乙苯/苯乙烯装置
1.62,ST010118,"<p>%(v/v)</p>
",2025-05-27 08:00:00,氧气,延炼12万吨/年乙苯/苯乙烯装置
22.44,ST010118,"<p>%(v/v)</p>
",2025-05-27 08:00:00,氮气,延炼12万吨/年乙苯/苯乙烯装置
1.92,ST010118,"<p>%(v/v)</p>
",2025-05-27 08:00:00,一氧化碳,延炼12万吨/年乙苯/苯乙烯装置
1.87,ST010118,"<p>%(v/v)</p>
",2025-05-27 08:00:00,二氧化碳,延炼12万吨/年乙苯/苯乙烯装置
18.05,ST010118,"<p>%(v/v)</p>
",2025-05-27 08:00:00,氢气,延炼12万吨/年乙苯/苯乙烯装置
27.08,ST010118,"<p>%(v/v)</p>
",2025-05-27 08:00:00,甲烷,延炼12万吨/年乙苯/苯乙烯装置
0.07,ST010118,"<p>%(v/v)</p>
",2025-05-27 08:00:00,丙烷,延炼12万吨/年乙苯/苯乙烯装置
0.16,ST010118,"<p>%(v/v)</p>
",2025-05-27 08:00:00,丙烯,延炼12万吨/年乙苯/苯乙烯装置
13.68,ST010118,"<p>%(v/v)</p>
",2025-05-27 08:00:00,乙烯,延炼12万吨/年乙苯/苯乙烯装置
0.00,ST010118,"<p>%(v/v)</p>
",2025-05-27 08:00:00,碳四(合计),延炼12万吨/年乙苯/苯乙烯装置
0.00,ST010118,"<p>%(v/v)</p>
",2025-05-27 08:00:00,正戊烷,延炼12万吨/年乙苯/苯乙烯装置
13.12,ST010118,"<p>%(v/v)</p>
",2025-05-27 08:00:00,乙烷,延炼12万吨/年乙苯/苯乙烯装置
0.00,ST010118,"<p>%(v/v)</p>
",2025-05-27 08:00:00,碳五(合计),延炼12万吨/年乙苯/苯乙烯装置
0.00,ST010118,"<p>%(v/v)</p>
",2025-05-27 08:00:00,异戊烷,延炼12万吨/年乙苯/苯乙烯装置
1.0,ST010118,<p>mg/kg</p>,2025-05-28 08:00:00,硫化氢,延炼12万吨/年乙苯/苯乙烯装置
0.99,ST010118,"<p>%(v/v)</p>
",2025-05-28 08:00:00,氧气,延炼12万吨/年乙苯/苯乙烯装置
21.36,ST010118,"<p>%(v/v)</p>
",2025-05-28 08:00:00,氮气,延炼12万吨/年乙苯/苯乙烯装置
2.05,ST010118,"<p>%(v/v)</p>
",2025-05-28 08:00:00,一氧化碳,延炼12万吨/年乙苯/苯乙烯装置
1.93,ST010118,"<p>%(v/v)</p>
",2025-05-28 08:00:00,二氧化碳,延炼12万吨/年乙苯/苯乙烯装置
18.81,ST010118,"<p>%(v/v)</p>
",2025-05-28 08:00:00,氢气,延炼12万吨/年乙苯/苯乙烯装置
27.84,ST010118,"<p>%(v/v)</p>
",2025-05-28 08:00:00,甲烷,延炼12万吨/年乙苯/苯乙烯装置
0.05,ST010118,"<p>%(v/v)</p>
",2025-05-28 08:00:00,丙烷,延炼12万吨/年乙苯/苯乙烯装置
0.10,ST010118,"<p>%(v/v)</p>
",2025-05-28 08:00:00,丙烯,延炼12万吨/年乙苯/苯乙烯装置
13.72,ST010118,"<p>%(v/v)</p>
",2025-05-28 08:00:00,乙烯,延炼12万吨/年乙苯/苯乙烯装置
0.00,ST010118,"<p>%(v/v)</p>
",2025-05-28 08:00:00,碳四(合计),延炼12万吨/年乙苯/苯乙烯装置
0.00,ST010118,"<p>%(v/v)</p>
",2025-05-28 08:00:00,异戊烷,延炼12万吨/年乙苯/苯乙烯装置
0.00,ST010118,"<p>%(v/v)</p>
",2025-05-28 08:00:00,正戊烷,延炼12万吨/年乙苯/苯乙烯装置
13.15,ST010118,"<p>%(v/v)</p>
",2025-05-28 08:00:00,乙烷,延炼12万吨/年乙苯/苯乙烯装置
0.00,ST010118,"<p>%(v/v)</p>
",2025-05-28 08:00:00,碳五(合计),延炼12万吨/年乙苯/苯乙烯装置
未检出,ST010118,<p>mg/kg</p>,2025-05-29 08:00:00,硫化氢,延炼12万吨/年乙苯/苯乙烯装置
1.16,ST010118,"<p>%(v/v)</p>
",2025-05-29 08:00:00,氧气,延炼12万吨/年乙苯/苯乙烯装置
21.00,ST010118,"<p>%(v/v)</p>
",2025-05-29 08:00:00,氮气,延炼12万吨/年乙苯/苯乙烯装置
1.92,ST010118,"<p>%(v/v)</p>
",2025-05-29 08:00:00,一氧化碳,延炼12万吨/年乙苯/苯乙烯装置
1.84,ST010118,"<p>%(v/v)</p>
",2025-05-29 08:00:00,二氧化碳,延炼12万吨/年乙苯/苯乙烯装置
17.93,ST010118,"<p>%(v/v)</p>
",2025-05-29 08:00:00,氢气,延炼12万吨/年乙苯/苯乙烯装置
28.59,ST010118,"<p>%(v/v)</p>
",2025-05-29 08:00:00,甲烷,延炼12万吨/年乙苯/苯乙烯装置
0.06,ST010118,"<p>%(v/v)</p>
",2025-05-29 08:00:00,丙烷,延炼12万吨/年乙苯/苯乙烯装置
0.14,ST010118,"<p>%(v/v)</p>
",2025-05-29 08:00:00,丙烯,延炼12万吨/年乙苯/苯乙烯装置
14.28,ST010118,"<p>%(v/v)</p>
",2025-05-29 08:00:00,乙烯,延炼12万吨/年乙苯/苯乙烯装置
0.00,ST010118,"<p>%(v/v)</p>
",2025-05-29 08:00:00,碳四(合计),延炼12万吨/年乙苯/苯乙烯装置
0.00,ST010118,"<p>%(v/v)</p>
",2025-05-29 08:00:00,异戊烷,延炼12万吨/年乙苯/苯乙烯装置
0.00,ST010118,"<p>%(v/v)</p>
",2025-05-29 08:00:00,正戊烷,延炼12万吨/年乙苯/苯乙烯装置
13.08,ST010118,"<p>%(v/v)</p>
",2025-05-29 08:00:00,乙烷,延炼12万吨/年乙苯/苯乙烯装置
0.00,ST010118,"<p>%(v/v)</p>
",2025-05-29 08:00:00,碳五(合计),延炼12万吨/年乙苯/苯乙烯装置
0.42,ST010118,"<p>%(v/v)</p>
",2025-05-30 08:00:00,氧气,延炼12万吨/年乙苯/苯乙烯装置
1.0,ST010118,<p>mg/kg</p>,2025-05-30 08:00:00,硫化氢,延炼12万吨/年乙苯/苯乙烯装置
18.24,ST010118,"<p>%(v/v)</p>
",2025-05-30 08:00:00,氮气,延炼12万吨/年乙苯/苯乙烯装置
1.97,ST010118,"<p>%(v/v)</p>
",2025-05-30 08:00:00,一氧化碳,延炼12万吨/年乙苯/苯乙烯装置
1.96,ST010118,"<p>%(v/v)</p>
",2025-05-30 08:00:00,二氧化碳,延炼12万吨/年乙苯/苯乙烯装置
17.77,ST010118,"<p>%(v/v)</p>
",2025-05-30 08:00:00,氢气,延炼12万吨/年乙苯/苯乙烯装置
28.40,ST010118,"<p>%(v/v)</p>
",2025-05-30 08:00:00,甲烷,延炼12万吨/年乙苯/苯乙烯装置
0.10,ST010118,"<p>%(v/v)</p>
",2025-05-30 08:00:00,丙烷,延炼12万吨/年乙苯/苯乙烯装置
0.25,ST010118,"<p>%(v/v)</p>
",2025-05-30 08:00:00,丙烯,延炼12万吨/年乙苯/苯乙烯装置
15.33,ST010118,"<p>%(v/v)</p>
",2025-05-30 08:00:00,乙烯,延炼12万吨/年乙苯/苯乙烯装置
0.00,ST010118,"<p>%(v/v)</p>
",2025-05-30 08:00:00,碳四(合计),延炼12万吨/年乙苯/苯乙烯装置
0.00,ST010118,"<p>%(v/v)</p>
",2025-05-30 08:00:00,异戊烷,延炼12万吨/年乙苯/苯乙烯装置
0.00,ST010118,"<p>%(v/v)</p>
",2025-05-30 08:00:00,正戊烷,延炼12万吨/年乙苯/苯乙烯装置
15.57,ST010118,"<p>%(v/v)</p>
",2025-05-30 08:00:00,乙烷,延炼12万吨/年乙苯/苯乙烯装置
0.00,ST010118,"<p>%(v/v)</p>
",2025-05-30 08:00:00,碳五(合计),延炼12万吨/年乙苯/苯乙烯装置
1.0,ST010118,<p>mg/kg</p>,2025-05-31 08:00:00,硫化氢,延炼12万吨/年乙苯/苯乙烯装置
1.43,ST010118,"<p>%(v/v)</p>
",2025-05-31 08:00:00,氧气,延炼12万吨/年乙苯/苯乙烯装置
22.02,ST010118,"<p>%(v/v)</p>
",2025-05-31 08:00:00,氮气,延炼12万吨/年乙苯/苯乙烯装置
1.97,ST010118,"<p>%(v/v)</p>
",2025-05-31 08:00:00,一氧化碳,延炼12万吨/年乙苯/苯乙烯装置
1.98,ST010118,"<p>%(v/v)</p>
",2025-05-31 08:00:00,二氧化碳,延炼12万吨/年乙苯/苯乙烯装置
17.44,ST010118,"<p>%(v/v)</p>
",2025-05-31 08:00:00,氢气,延炼12万吨/年乙苯/苯乙烯装置
27.65,ST010118,"<p>%(v/v)</p>
",2025-05-31 08:00:00,甲烷,延炼12万吨/年乙苯/苯乙烯装置
0.07,ST010118,"<p>%(v/v)</p>
",2025-05-31 08:00:00,丙烷,延炼12万吨/年乙苯/苯乙烯装置
0.17,ST010118,"<p>%(v/v)</p>
",2025-05-31 08:00:00,丙烯,延炼12万吨/年乙苯/苯乙烯装置
14.15,ST010118,"<p>%(v/v)</p>
",2025-05-31 08:00:00,乙烯,延炼12万吨/年乙苯/苯乙烯装置
0.00,ST010118,"<p>%(v/v)</p>
",2025-05-31 08:00:00,碳四(合计),延炼12万吨/年乙苯/苯乙烯装置
0.00,ST010118,"<p>%(v/v)</p>
",2025-05-31 08:00:00,异戊烷,延炼12万吨/年乙苯/苯乙烯装置
0.00,ST010118,"<p>%(v/v)</p>
",2025-05-31 08:00:00,正戊烷,延炼12万吨/年乙苯/苯乙烯装置
13.11,ST010118,"<p>%(v/v)</p>
",2025-05-31 08:00:00,乙烷,延炼12万吨/年乙苯/苯乙烯装置
0.00,ST010118,"<p>%(v/v)</p>
",2025-05-31 08:00:00,碳五(合计),延炼12万吨/年乙苯/苯乙烯装置
1.0,ST010118,<p>mg/kg</p>,2025-06-01 08:00:00,硫化氢,延炼12万吨/年乙苯/苯乙烯装置
0.76,ST010118,"<p>%(v/v)</p>
",2025-06-01 08:00:00,氧气,延炼12万吨/年乙苯/苯乙烯装置
20.22,ST010118,"<p>%(v/v)</p>
",2025-06-01 08:00:00,氮气,延炼12万吨/年乙苯/苯乙烯装置
1.97,ST010118,"<p>%(v/v)</p>
",2025-06-01 08:00:00,一氧化碳,延炼12万吨/年乙苯/苯乙烯装置
1.90,ST010118,"<p>%(v/v)</p>
",2025-06-01 08:00:00,二氧化碳,延炼12万吨/年乙苯/苯乙烯装置
18.17,ST010118,"<p>%(v/v)</p>
",2025-06-01 08:00:00,氢气,延炼12万吨/年乙苯/苯乙烯装置
28.75,ST010118,"<p>%(v/v)</p>
",2025-06-01 08:00:00,甲烷,延炼12万吨/年乙苯/苯乙烯装置
0.07,ST010118,"<p>%(v/v)</p>
",2025-06-01 08:00:00,丙烷,延炼12万吨/年乙苯/苯乙烯装置
0.17,ST010118,"<p>%(v/v)</p>
",2025-06-01 08:00:00,丙烯,延炼12万吨/年乙苯/苯乙烯装置
14.48,ST010118,"<p>%(v/v)</p>
",2025-06-01 08:00:00,乙烯,延炼12万吨/年乙苯/苯乙烯装置
0.00,ST010118,"<p>%(v/v)</p>
",2025-06-01 08:00:00,碳四(合计),延炼12万吨/年乙苯/苯乙烯装置
0.00,ST010118,"<p>%(v/v)</p>
",2025-06-01 08:00:00,异戊烷,延炼12万吨/年乙苯/苯乙烯装置
0.00,ST010118,"<p>%(v/v)</p>
",2025-06-01 08:00:00,正戊烷,延炼12万吨/年乙苯/苯乙烯装置
13.52,ST010118,"<p>%(v/v)</p>
",2025-06-01 08:00:00,乙烷,延炼12万吨/年乙苯/苯乙烯装置
0.00,ST010118,"<p>%(v/v)</p>
",2025-06-01 08:00:00,碳五(合计),延炼12万吨/年乙苯/苯乙烯装置
1.0,ST010118,<p>mg/kg</p>,2025-06-02 08:00:00,硫化氢,延炼12万吨/年乙苯/苯乙烯装置
1.37,ST010118,"<p>%(v/v)</p>
",2025-06-02 08:00:00,氧气,延炼12万吨/年乙苯/苯乙烯装置
21.56,ST010118,"<p>%(v/v)</p>
",2025-06-02 08:00:00,氮气,延炼12万吨/年乙苯/苯乙烯装置
1.99,ST010118,"<p>%(v/v)</p>
",2025-06-02 08:00:00,一氧化碳,延炼12万吨/年乙苯/苯乙烯装置
1.86,ST010118,"<p>%(v/v)</p>
",2025-06-02 08:00:00,二氧化碳,延炼12万吨/年乙苯/苯乙烯装置
17.23,ST010118,"<p>%(v/v)</p>
",2025-06-02 08:00:00,氢气,延炼12万吨/年乙苯/苯乙烯装置
28.26,ST010118,"<p>%(v/v)</p>
",2025-06-02 08:00:00,甲烷,延炼12万吨/年乙苯/苯乙烯装置
0.08,ST010118,"<p>%(v/v)</p>
",2025-06-02 08:00:00,丙烷,延炼12万吨/年乙苯/苯乙烯装置
0.19,ST010118,"<p>%(v/v)</p>
",2025-06-02 08:00:00,丙烯,延炼12万吨/年乙苯/苯乙烯装置
14.25,ST010118,"<p>%(v/v)</p>
",2025-06-02 08:00:00,乙烯,延炼12万吨/年乙苯/苯乙烯装置
0.00,ST010118,"<p>%(v/v)</p>
",2025-06-02 08:00:00,碳四(合计),延炼12万吨/年乙苯/苯乙烯装置
0.00,ST010118,"<p>%(v/v)</p>
",2025-06-02 08:00:00,异戊烷,延炼12万吨/年乙苯/苯乙烯装置
0.00,ST010118,"<p>%(v/v)</p>
",2025-06-02 08:00:00,正戊烷,延炼12万吨/年乙苯/苯乙烯装置
13.22,ST010118,"<p>%(v/v)</p>
",2025-06-02 08:00:00,乙烷,延炼12万吨/年乙苯/苯乙烯装置
0.00,ST010118,"<p>%(v/v)</p>
",2025-06-02 08:00:00,碳五(合计),延炼12万吨/年乙苯/苯乙烯装置
1.0,ST010118,<p>mg/kg</p>,2025-06-03 08:00:00,硫化氢,延炼12万吨/年乙苯/苯乙烯装置
1.09,ST010118,"<p>%(v/v)</p>
",2025-06-03 08:00:00,氧气,延炼12万吨/年乙苯/苯乙烯装置
21.22,ST010118,"<p>%(v/v)</p>
",2025-06-03 08:00:00,氮气,延炼12万吨/年乙苯/苯乙烯装置
2.01,ST010118,"<p>%(v/v)</p>
",2025-06-03 08:00:00,一氧化碳,延炼12万吨/年乙苯/苯乙烯装置
1.92,ST010118,"<p>%(v/v)</p>
",2025-06-03 08:00:00,二氧化碳,延炼12万吨/年乙苯/苯乙烯装置
17.74,ST010118,"<p>%(v/v)</p>
",2025-06-03 08:00:00,氢气,延炼12万吨/年乙苯/苯乙烯装置
28.32,ST010118,"<p>%(v/v)</p>
",2025-06-03 08:00:00,甲烷,延炼12万吨/年乙苯/苯乙烯装置
0.08,ST010118,"<p>%(v/v)</p>
",2025-06-03 08:00:00,丙烷,延炼12万吨/年乙苯/苯乙烯装置
0.19,ST010118,"<p>%(v/v)</p>
",2025-06-03 08:00:00,丙烯,延炼12万吨/年乙苯/苯乙烯装置
14.22,ST010118,"<p>%(v/v)</p>
",2025-06-03 08:00:00,乙烯,延炼12万吨/年乙苯/苯乙烯装置
0.00,ST010118,"<p>%(v/v)</p>
",2025-06-03 08:00:00,碳四(合计),延炼12万吨/年乙苯/苯乙烯装置
0.00,ST010118,"<p>%(v/v)</p>
",2025-06-03 08:00:00,异戊烷,延炼12万吨/年乙苯/苯乙烯装置
0.00,ST010118,"<p>%(v/v)</p>
",2025-06-03 08:00:00,正戊烷,延炼12万吨/年乙苯/苯乙烯装置
13.21,ST010118,"<p>%(v/v)</p>
",2025-06-03 08:00:00,乙烷,延炼12万吨/年乙苯/苯乙烯装置
0.00,ST010118,"<p>%(v/v)</p>
",2025-06-03 08:00:00,碳五(合计),延炼12万吨/年乙苯/苯乙烯装置
1.0,ST010118,<p>mg/kg</p>,2025-06-04 08:00:00,硫化氢,延炼12万吨/年乙苯/苯乙烯装置
1.59,ST010118,"<p>%(v/v)</p>
",2025-06-04 08:00:00,氧气,延炼12万吨/年乙苯/苯乙烯装置
22.48,ST010118,"<p>%(v/v)</p>
",2025-06-04 08:00:00,氮气,延炼12万吨/年乙苯/苯乙烯装置
1.90,ST010118,"<p>%(v/v)</p>
",2025-06-04 08:00:00,一氧化碳,延炼12万吨/年乙苯/苯乙烯装置
1.90,ST010118,"<p>%(v/v)</p>
",2025-06-04 08:00:00,二氧化碳,延炼12万吨/年乙苯/苯乙烯装置
16.83,ST010118,"<p>%(v/v)</p>
",2025-06-04 08:00:00,氢气,延炼12万吨/年乙苯/苯乙烯装置
27.19,ST010118,"<p>%(v/v)</p>
",2025-06-04 08:00:00,甲烷,延炼12万吨/年乙苯/苯乙烯装置
0.09,ST010118,"<p>%(v/v)</p>
",2025-06-04 08:00:00,丙烷,延炼12万吨/年乙苯/苯乙烯装置
0.23,ST010118,"<p>%(v/v)</p>
",2025-06-04 08:00:00,丙烯,延炼12万吨/年乙苯/苯乙烯装置
14.21,ST010118,"<p>%(v/v)</p>
",2025-06-04 08:00:00,乙烯,延炼12万吨/年乙苯/苯乙烯装置
0.00,ST010118,"<p>%(v/v)</p>
",2025-06-04 08:00:00,碳四(合计),延炼12万吨/年乙苯/苯乙烯装置
0.00,ST010118,"<p>%(v/v)</p>
",2025-06-04 08:00:00,异戊烷,延炼12万吨/年乙苯/苯乙烯装置
0.00,ST010118,"<p>%(v/v)</p>
",2025-06-04 08:00:00,正戊烷,延炼12万吨/年乙苯/苯乙烯装置
13.60,ST010118,"<p>%(v/v)</p>
",2025-06-04 08:00:00,乙烷,延炼12万吨/年乙苯/苯乙烯装置
0.00,ST010118,"<p>%(v/v)</p>
",2025-06-04 08:00:00,碳五(合计),延炼12万吨/年乙苯/苯乙烯装置
0.59,ST010118,"<p>%(v/v)</p>
",2025-06-05 08:00:00,氧气,延炼12万吨/年乙苯/苯乙烯装置
19.46,ST010118,"<p>%(v/v)</p>
",2025-06-05 08:00:00,氮气,延炼12万吨/年乙苯/苯乙烯装置
2.01,ST010118,"<p>%(v/v)</p>
",2025-06-05 08:00:00,一氧化碳,延炼12万吨/年乙苯/苯乙烯装置
1.89,ST010118,"<p>%(v/v)</p>
",2025-06-05 08:00:00,二氧化碳,延炼12万吨/年乙苯/苯乙烯装置
17.59,ST010118,"<p>%(v/v)</p>
",2025-06-05 08:00:00,氢气,延炼12万吨/年乙苯/苯乙烯装置
29.47,ST010118,"<p>%(v/v)</p>
",2025-06-05 08:00:00,甲烷,延炼12万吨/年乙苯/苯乙烯装置
0.08,ST010118,"<p>%(v/v)</p>
",2025-06-05 08:00:00,丙烷,延炼12万吨/年乙苯/苯乙烯装置
0.20,ST010118,"<p>%(v/v)</p>
",2025-06-05 08:00:00,丙烯,延炼12万吨/年乙苯/苯乙烯装置
14.86,ST010118,"<p>%(v/v)</p>
",2025-06-05 08:00:00,乙烯,延炼12万吨/年乙苯/苯乙烯装置
0.00,ST010118,"<p>%(v/v)</p>
",2025-06-05 08:00:00,碳四(合计),延炼12万吨/年乙苯/苯乙烯装置
0.00,ST010118,"<p>%(v/v)</p>
",2025-06-05 08:00:00,异戊烷,延炼12万吨/年乙苯/苯乙烯装置
0.00,ST010118,"<p>%(v/v)</p>
",2025-06-05 08:00:00,正戊烷,延炼12万吨/年乙苯/苯乙烯装置
13.86,ST010118,"<p>%(v/v)</p>
",2025-06-05 08:00:00,乙烷,延炼12万吨/年乙苯/苯乙烯装置
0.00,ST010118,"<p>%(v/v)</p>
",2025-06-05 08:00:00,碳五(合计),延炼12万吨/年乙苯/苯乙烯装置
1.0,ST010118,<p>mg/kg</p>,2025-06-05 08:00:00,硫化氢,延炼12万吨/年乙苯/苯乙烯装置
1.0,ST010118,<p>mg/kg</p>,2025-06-06 08:00:00,硫化氢,延炼12万吨/年乙苯/苯乙烯装置
0.52,ST010118,"<p>%(v/v)</p>
",2025-06-06 08:00:00,氧气,延炼12万吨/年乙苯/苯乙烯装置
19.76,ST010118,"<p>%(v/v)</p>
",2025-06-06 08:00:00,氮气,延炼12万吨/年乙苯/苯乙烯装置
1.70,ST010118,"<p>%(v/v)</p>
",2025-06-06 08:00:00,一氧化碳,延炼12万吨/年乙苯/苯乙烯装置
1.85,ST010118,"<p>%(v/v)</p>
",2025-06-06 08:00:00,二氧化碳,延炼12万吨/年乙苯/苯乙烯装置
19.55,ST010118,"<p>%(v/v)</p>
",2025-06-06 08:00:00,氢气,延炼12万吨/年乙苯/苯乙烯装置
28.74,ST010118,"<p>%(v/v)</p>
",2025-06-06 08:00:00,甲烷,延炼12万吨/年乙苯/苯乙烯装置
0.05,ST010118,"<p>%(v/v)</p>
",2025-06-06 08:00:00,丙烷,延炼12万吨/年乙苯/苯乙烯装置
0.13,ST010118,"<p>%(v/v)</p>
",2025-06-06 08:00:00,丙烯,延炼12万吨/年乙苯/苯乙烯装置
14.96,ST010118,"<p>%(v/v)</p>
",2025-06-06 08:00:00,乙烯,延炼12万吨/年乙苯/苯乙烯装置
0.00,ST010118,"<p>%(v/v)</p>
",2025-06-06 08:00:00,碳四(合计),延炼12万吨/年乙苯/苯乙烯装置
0.00,ST010118,"<p>%(v/v)</p>
",2025-06-06 08:00:00,异戊烷,延炼12万吨/年乙苯/苯乙烯装置
0.00,ST010118,"<p>%(v/v)</p>
",2025-06-06 08:00:00,正戊烷,延炼12万吨/年乙苯/苯乙烯装置
12.74,ST010118,"<p>%(v/v)</p>
",2025-06-06 08:00:00,乙烷,延炼12万吨/年乙苯/苯乙烯装置
0.00,ST010118,"<p>%(v/v)</p>
",2025-06-06 08:00:00,碳五(合计),延炼12万吨/年乙苯/苯乙烯装置
1.0,ST010118,<p>mg/kg</p>,2025-06-07 08:00:00,硫化氢,延炼12万吨/年乙苯/苯乙烯装置
1.18,ST010118,"<p>%(v/v)</p>
",2025-06-07 08:00:00,氧气,延炼12万吨/年乙苯/苯乙烯装置
21.70,ST010118,"<p>%(v/v)</p>
",2025-06-07 08:00:00,氮气,延炼12万吨/年乙苯/苯乙烯装置
1.57,ST010118,"<p>%(v/v)</p>
",2025-06-07 08:00:00,一氧化碳,延炼12万吨/年乙苯/苯乙烯装置
1.90,ST010118,"<p>%(v/v)</p>
",2025-06-07 08:00:00,二氧化碳,延炼12万吨/年乙苯/苯乙烯装置
18.41,ST010118,"<p>%(v/v)</p>
",2025-06-07 08:00:00,氢气,延炼12万吨/年乙苯/苯乙烯装置
27.43,ST010118,"<p>%(v/v)</p>
",2025-06-07 08:00:00,甲烷,延炼12万吨/年乙苯/苯乙烯装置
0.05,ST010118,"<p>%(v/v)</p>
",2025-06-07 08:00:00,丙烷,延炼12万吨/年乙苯/苯乙烯装置
0.13,ST010118,"<p>%(v/v)</p>
",2025-06-07 08:00:00,丙烯,延炼12万吨/年乙苯/苯乙烯装置
14.59,ST010118,"<p>%(v/v)</p>
",2025-06-07 08:00:00,乙烯,延炼12万吨/年乙苯/苯乙烯装置
0.00,ST010118,"<p>%(v/v)</p>
",2025-06-07 08:00:00,碳四(合计),延炼12万吨/年乙苯/苯乙烯装置
0.00,ST010118,"<p>%(v/v)</p>
",2025-06-07 08:00:00,异戊烷,延炼12万吨/年乙苯/苯乙烯装置
0.00,ST010118,"<p>%(v/v)</p>
",2025-06-07 08:00:00,正戊烷,延炼12万吨/年乙苯/苯乙烯装置
13.03,ST010118,"<p>%(v/v)</p>
",2025-06-07 08:00:00,乙烷,延炼12万吨/年乙苯/苯乙烯装置
0.00,ST010118,"<p>%(v/v)</p>
",2025-06-07 08:00:00,碳五(合计),延炼12万吨/年乙苯/苯乙烯装置
1.0,ST010118,<p>mg/kg</p>,2025-06-08 08:00:00,硫化氢,延炼12万吨/年乙苯/苯乙烯装置
1.69,ST010118,"<p>%(v/v)</p>
",2025-06-08 08:00:00,氧气,延炼12万吨/年乙苯/苯乙烯装置
23.08,ST010118,"<p>%(v/v)</p>
",2025-06-08 08:00:00,氮气,延炼12万吨/年乙苯/苯乙烯装置
1.55,ST010118,"<p>%(v/v)</p>
",2025-06-08 08:00:00,一氧化碳,延炼12万吨/年乙苯/苯乙烯装置
1.84,ST010118,"<p>%(v/v)</p>
",2025-06-08 08:00:00,二氧化碳,延炼12万吨/年乙苯/苯乙烯装置
17.97,ST010118,"<p>%(v/v)</p>
",2025-06-08 08:00:00,氢气,延炼12万吨/年乙苯/苯乙烯装置
26.91,ST010118,"<p>%(v/v)</p>
",2025-06-08 08:00:00,甲烷,延炼12万吨/年乙苯/苯乙烯装置
0.05,ST010118,"<p>%(v/v)</p>
",2025-06-08 08:00:00,丙烷,延炼12万吨/年乙苯/苯乙烯装置
0.13,ST010118,"<p>%(v/v)</p>
",2025-06-08 08:00:00,丙烯,延炼12万吨/年乙苯/苯乙烯装置
14.19,ST010118,"<p>%(v/v)</p>
",2025-06-08 08:00:00,乙烯,延炼12万吨/年乙苯/苯乙烯装置
0.00,ST010118,"<p>%(v/v)</p>
",2025-06-08 08:00:00,碳四(合计),延炼12万吨/年乙苯/苯乙烯装置
0.00,ST010118,"<p>%(v/v)</p>
",2025-06-08 08:00:00,异戊烷,延炼12万吨/年乙苯/苯乙烯装置
0.00,ST010118,"<p>%(v/v)</p>
",2025-06-08 08:00:00,正戊烷,延炼12万吨/年乙苯/苯乙烯装置
12.60,ST010118,"<p>%(v/v)</p>
",2025-06-08 08:00:00,乙烷,延炼12万吨/年乙苯/苯乙烯装置
0.00,ST010118,"<p>%(v/v)</p>
",2025-06-08 08:00:00,碳五(合计),延炼12万吨/年乙苯/苯乙烯装置
1.0,ST010118,<p>mg/kg</p>,2025-06-09 08:00:00,硫化氢,延炼12万吨/年乙苯/苯乙烯装置
1.09,ST010118,"<p>%(v/v)</p>
",2025-06-09 08:00:00,氧气,延炼12万吨/年乙苯/苯乙烯装置
21.53,ST010118,"<p>%(v/v)</p>
",2025-06-09 08:00:00,氮气,延炼12万吨/年乙苯/苯乙烯装置
1.60,ST010118,"<p>%(v/v)</p>
",2025-06-09 08:00:00,一氧化碳,延炼12万吨/年乙苯/苯乙烯装置
1.81,ST010118,"<p>%(v/v)</p>
",2025-06-09 08:00:00,二氧化碳,延炼12万吨/年乙苯/苯乙烯装置
17.89,ST010118,"<p>%(v/v)</p>
",2025-06-09 08:00:00,氢气,延炼12万吨/年乙苯/苯乙烯装置
28.14,ST010118,"<p>%(v/v)</p>
",2025-06-09 08:00:00,甲烷,延炼12万吨/年乙苯/苯乙烯装置
0.06,ST010118,"<p>%(v/v)</p>
",2025-06-09 08:00:00,丙烷,延炼12万吨/年乙苯/苯乙烯装置
0.14,ST010118,"<p>%(v/v)</p>
",2025-06-09 08:00:00,丙烯,延炼12万吨/年乙苯/苯乙烯装置
14.78,ST010118,"<p>%(v/v)</p>
",2025-06-09 08:00:00,乙烯,延炼12万吨/年乙苯/苯乙烯装置
0.00,ST010118,"<p>%(v/v)</p>
",2025-06-09 08:00:00,碳四(合计),延炼12万吨/年乙苯/苯乙烯装置
0.00,ST010118,"<p>%(v/v)</p>
",2025-06-09 08:00:00,异戊烷,延炼12万吨/年乙苯/苯乙烯装置
0.00,ST010118,"<p>%(v/v)</p>
",2025-06-09 08:00:00,正戊烷,延炼12万吨/年乙苯/苯乙烯装置
12.99,ST010118,"<p>%(v/v)</p>
",2025-06-09 08:00:00,乙烷,延炼12万吨/年乙苯/苯乙烯装置
0.00,ST010118,"<p>%(v/v)</p>
",2025-06-09 08:00:00,碳五(合计),延炼12万吨/年乙苯/苯乙烯装置
3.0,ST010118,<p>mg/kg</p>,2025-06-10 08:00:00,硫化氢,延炼12万吨/年乙苯/苯乙烯装置
0.82,ST010118,"<p>%(v/v)</p>
",2025-06-10 08:00:00,氧气,延炼12万吨/年乙苯/苯乙烯装置
21.16,ST010118,"<p>%(v/v)</p>
",2025-06-10 08:00:00,氮气,延炼12万吨/年乙苯/苯乙烯装置
1.62,ST010118,"<p>%(v/v)</p>
",2025-06-10 08:00:00,一氧化碳,延炼12万吨/年乙苯/苯乙烯装置
1.75,ST010118,"<p>%(v/v)</p>
",2025-06-10 08:00:00,二氧化碳,延炼12万吨/年乙苯/苯乙烯装置
18.86,ST010118,"<p>%(v/v)</p>
",2025-06-10 08:00:00,氢气,延炼12万吨/年乙苯/苯乙烯装置
28.54,ST010118,"<p>%(v/v)</p>
",2025-06-10 08:00:00,甲烷,延炼12万吨/年乙苯/苯乙烯装置
0.05,ST010118,"<p>%(v/v)</p>
",2025-06-10 08:00:00,丙烷,延炼12万吨/年乙苯/苯乙烯装置
0.11,ST010118,"<p>%(v/v)</p>
",2025-06-10 08:00:00,丙烯,延炼12万吨/年乙苯/苯乙烯装置
14.61,ST010118,"<p>%(v/v)</p>
",2025-06-10 08:00:00,乙烯,延炼12万吨/年乙苯/苯乙烯装置
0.00,ST010118,"<p>%(v/v)</p>
",2025-06-10 08:00:00,碳四(合计),延炼12万吨/年乙苯/苯乙烯装置
0.00,ST010118,"<p>%(v/v)</p>
",2025-06-10 08:00:00,异戊烷,延炼12万吨/年乙苯/苯乙烯装置
0.00,ST010118,"<p>%(v/v)</p>
",2025-06-10 08:00:00,正戊烷,延炼12万吨/年乙苯/苯乙烯装置
12.48,ST010118,"<p>%(v/v)</p>
",2025-06-10 08:00:00,乙烷,延炼12万吨/年乙苯/苯乙烯装置
0.00,ST010118,"<p>%(v/v)</p>
",2025-06-10 08:00:00,碳五(合计),延炼12万吨/年乙苯/苯乙烯装置
1.0,ST010118,<p>mg/kg</p>,2025-06-11 08:00:00,硫化氢,延炼12万吨/年乙苯/苯乙烯装置
0.56,ST010118,"<p>%(v/v)</p>
",2025-06-11 08:00:00,氧气,延炼12万吨/年乙苯/苯乙烯装置
19.42,ST010118,"<p>%(v/v)</p>
",2025-06-11 08:00:00,氮气,延炼12万吨/年乙苯/苯乙烯装置
1.59,ST010118,"<p>%(v/v)</p>
",2025-06-11 08:00:00,一氧化碳,延炼12万吨/年乙苯/苯乙烯装置
1.71,ST010118,"<p>%(v/v)</p>
",2025-06-11 08:00:00,二氧化碳,延炼12万吨/年乙苯/苯乙烯装置
18.94,ST010118,"<p>%(v/v)</p>
",2025-06-11 08:00:00,氢气,延炼12万吨/年乙苯/苯乙烯装置
29.03,ST010118,"<p>%(v/v)</p>
",2025-06-11 08:00:00,甲烷,延炼12万吨/年乙苯/苯乙烯装置
0.05,ST010118,"<p>%(v/v)</p>
",2025-06-11 08:00:00,丙烷,延炼12万吨/年乙苯/苯乙烯装置
0.12,ST010118,"<p>%(v/v)</p>
",2025-06-11 08:00:00,丙烯,延炼12万吨/年乙苯/苯乙烯装置
15.17,ST010118,"<p>%(v/v)</p>
",2025-06-11 08:00:00,乙烯,延炼12万吨/年乙苯/苯乙烯装置
0.00,ST010118,"<p>%(v/v)</p>
",2025-06-11 08:00:00,碳四(合计),延炼12万吨/年乙苯/苯乙烯装置
0.00,ST010118,"<p>%(v/v)</p>
",2025-06-11 08:00:00,异戊烷,延炼12万吨/年乙苯/苯乙烯装置
0.00,ST010118,"<p>%(v/v)</p>
",2025-06-11 08:00:00,正戊烷,延炼12万吨/年乙苯/苯乙烯装置
13.39,ST010118,"<p>%(v/v)</p>
",2025-06-11 08:00:00,乙烷,延炼12万吨/年乙苯/苯乙烯装置
0.00,ST010118,"<p>%(v/v)</p>
",2025-06-11 08:00:00,碳五(合计),延炼12万吨/年乙苯/苯乙烯装置
1.0,ST010118,<p>mg/kg</p>,2025-06-12 08:00:00,硫化氢,延炼12万吨/年乙苯/苯乙烯装置
1.06,ST010118,"<p>%(v/v)</p>
",2025-06-12 08:00:00,氧气,延炼12万吨/年乙苯/苯乙烯装置
20.90,ST010118,"<p>%(v/v)</p>
",2025-06-12 08:00:00,氮气,延炼12万吨/年乙苯/苯乙烯装置
1.46,ST010118,"<p>%(v/v)</p>
",2025-06-12 08:00:00,一氧化碳,延炼12万吨/年乙苯/苯乙烯装置
2.10,ST010118,"<p>%(v/v)</p>
",2025-06-12 08:00:00,二氧化碳,延炼12万吨/年乙苯/苯乙烯装置
17.29,ST010118,"<p>%(v/v)</p>
",2025-06-12 08:00:00,氢气,延炼12万吨/年乙苯/苯乙烯装置
27.56,ST010118,"<p>%(v/v)</p>
",2025-06-12 08:00:00,甲烷,延炼12万吨/年乙苯/苯乙烯装置
0.06,ST010118,"<p>%(v/v)</p>
",2025-06-12 08:00:00,丙烷,延炼12万吨/年乙苯/苯乙烯装置
0.14,ST010118,"<p>%(v/v)</p>
",2025-06-12 08:00:00,丙烯,延炼12万吨/年乙苯/苯乙烯装置
14.62,ST010118,"<p>%(v/v)</p>
",2025-06-12 08:00:00,乙烯,延炼12万吨/年乙苯/苯乙烯装置
0.00,ST010118,"<p>%(v/v)</p>
",2025-06-12 08:00:00,碳四(合计),延炼12万吨/年乙苯/苯乙烯装置
0.00,ST010118,"<p>%(v/v)</p>
",2025-06-12 08:00:00,异戊烷,延炼12万吨/年乙苯/苯乙烯装置
0.00,ST010118,"<p>%(v/v)</p>
",2025-06-12 08:00:00,正戊烷,延炼12万吨/年乙苯/苯乙烯装置
14.80,ST010118,"<p>%(v/v)</p>
",2025-06-12 08:00:00,乙烷,延炼12万吨/年乙苯/苯乙烯装置
0.00,ST010118,"<p>%(v/v)</p>
",2025-06-12 08:00:00,碳五(合计),延炼12万吨/年乙苯/苯乙烯装置
1.0,ST010118,<p>mg/kg</p>,2025-06-13 08:00:00,硫化氢,延炼12万吨/年乙苯/苯乙烯装置
1.24,ST010118,"<p>%(v/v)</p>
",2025-06-13 08:00:00,氧气,延炼12万吨/年乙苯/苯乙烯装置
21.93,ST010118,"<p>%(v/v)</p>
",2025-06-13 08:00:00,氮气,延炼12万吨/年乙苯/苯乙烯装置
1.40,ST010118,"<p>%(v/v)</p>
",2025-06-13 08:00:00,一氧化碳,延炼12万吨/年乙苯/苯乙烯装置
1.77,ST010118,"<p>%(v/v)</p>
",2025-06-13 08:00:00,二氧化碳,延炼12万吨/年乙苯/苯乙烯装置
17.69,ST010118,"<p>%(v/v)</p>
",2025-06-13 08:00:00,氢气,延炼12万吨/年乙苯/苯乙烯装置
28.34,ST010118,"<p>%(v/v)</p>
",2025-06-13 08:00:00,甲烷,延炼12万吨/年乙苯/苯乙烯装置
0.05,ST010118,"<p>%(v/v)</p>
",2025-06-13 08:00:00,丙烷,延炼12万吨/年乙苯/苯乙烯装置
0.11,ST010118,"<p>%(v/v)</p>
",2025-06-13 08:00:00,丙烯,延炼12万吨/年乙苯/苯乙烯装置
14.44,ST010118,"<p>%(v/v)</p>
",2025-06-13 08:00:00,乙烯,延炼12万吨/年乙苯/苯乙烯装置
0.00,ST010118,"<p>%(v/v)</p>
",2025-06-13 08:00:00,碳四(合计),延炼12万吨/年乙苯/苯乙烯装置
0.00,ST010118,"<p>%(v/v)</p>
",2025-06-13 08:00:00,异戊烷,延炼12万吨/年乙苯/苯乙烯装置
0.00,ST010118,"<p>%(v/v)</p>
",2025-06-13 08:00:00,正戊烷,延炼12万吨/年乙苯/苯乙烯装置
13.03,ST010118,"<p>%(v/v)</p>
",2025-06-13 08:00:00,乙烷,延炼12万吨/年乙苯/苯乙烯装置
0.00,ST010118,"<p>%(v/v)</p>
",2025-06-13 08:00:00,碳五(合计),延炼12万吨/年乙苯/苯乙烯装置
1.0,ST010118,<p>mg/kg</p>,2025-06-14 08:00:00,硫化氢,延炼12万吨/年乙苯/苯乙烯装置
1.66,ST010118,"<p>%(v/v)</p>
",2025-06-14 08:00:00,氧气,延炼12万吨/年乙苯/苯乙烯装置
22.34,ST010118,"<p>%(v/v)</p>
",2025-06-14 08:00:00,氮气,延炼12万吨/年乙苯/苯乙烯装置
1.63,ST010118,"<p>%(v/v)</p>
",2025-06-14 08:00:00,一氧化碳,延炼12万吨/年乙苯/苯乙烯装置
1.98,ST010118,"<p>%(v/v)</p>
",2025-06-14 08:00:00,二氧化碳,延炼12万吨/年乙苯/苯乙烯装置
17.97,ST010118,"<p>%(v/v)</p>
",2025-06-14 08:00:00,氢气,延炼12万吨/年乙苯/苯乙烯装置
27.19,ST010118,"<p>%(v/v)</p>
",2025-06-14 08:00:00,甲烷,延炼12万吨/年乙苯/苯乙烯装置
0.04,ST010118,"<p>%(v/v)</p>
",2025-06-14 08:00:00,丙烷,延炼12万吨/年乙苯/苯乙烯装置
0.09,ST010118,"<p>%(v/v)</p>
",2025-06-14 08:00:00,丙烯,延炼12万吨/年乙苯/苯乙烯装置
14.24,ST010118,"<p>%(v/v)</p>
",2025-06-14 08:00:00,乙烯,延炼12万吨/年乙苯/苯乙烯装置
0.00,ST010118,"<p>%(v/v)</p>
",2025-06-14 08:00:00,碳四(合计),延炼12万吨/年乙苯/苯乙烯装置
0.00,ST010118,"<p>%(v/v)</p>
",2025-06-14 08:00:00,异戊烷,延炼12万吨/年乙苯/苯乙烯装置
0.00,ST010118,"<p>%(v/v)</p>
",2025-06-14 08:00:00,正戊烷,延炼12万吨/年乙苯/苯乙烯装置
12.85,ST010118,"<p>%(v/v)</p>
",2025-06-14 08:00:00,乙烷,延炼12万吨/年乙苯/苯乙烯装置
0.00,ST010118,"<p>%(v/v)</p>
",2025-06-14 08:00:00,碳五(合计),延炼12万吨/年乙苯/苯乙烯装置
1.0,ST010118,<p>mg/kg</p>,2025-06-15 08:00:00,硫化氢,延炼12万吨/年乙苯/苯乙烯装置
0.53,ST010118,"<p>%(v/v)</p>
",2025-06-15 08:00:00,氧气,延炼12万吨/年乙苯/苯乙烯装置
19.22,ST010118,"<p>%(v/v)</p>
",2025-06-15 08:00:00,氮气,延炼12万吨/年乙苯/苯乙烯装置
1.51,ST010118,"<p>%(v/v)</p>
",2025-06-15 08:00:00,一氧化碳,延炼12万吨/年乙苯/苯乙烯装置
2.14,ST010118,"<p>%(v/v)</p>
",2025-06-15 08:00:00,二氧化碳,延炼12万吨/年乙苯/苯乙烯装置
19.12,ST010118,"<p>%(v/v)</p>
",2025-06-15 08:00:00,氢气,延炼12万吨/年乙苯/苯乙烯装置
28.53,ST010118,"<p>%(v/v)</p>
",2025-06-15 08:00:00,甲烷,延炼12万吨/年乙苯/苯乙烯装置
0.04,ST010118,"<p>%(v/v)</p>
",2025-06-15 08:00:00,丙烷,延炼12万吨/年乙苯/苯乙烯装置
0.09,ST010118,"<p>%(v/v)</p>
",2025-06-15 08:00:00,丙烯,延炼12万吨/年乙苯/苯乙烯装置
15.16,ST010118,"<p>%(v/v)</p>
",2025-06-15 08:00:00,乙烯,延炼12万吨/年乙苯/苯乙烯装置
0.00,ST010118,"<p>%(v/v)</p>
",2025-06-15 08:00:00,碳四(合计),延炼12万吨/年乙苯/苯乙烯装置
0.00,ST010118,"<p>%(v/v)</p>
",2025-06-15 08:00:00,异戊烷,延炼12万吨/年乙苯/苯乙烯装置
0.00,ST010118,"<p>%(v/v)</p>
",2025-06-15 08:00:00,正戊烷,延炼12万吨/年乙苯/苯乙烯装置
13.64,ST010118,"<p>%(v/v)</p>
",2025-06-15 08:00:00,乙烷,延炼12万吨/年乙苯/苯乙烯装置
0.00,ST010118,"<p>%(v/v)</p>
",2025-06-15 08:00:00,碳五(合计),延炼12万吨/年乙苯/苯乙烯装置
1.0,ST010118,<p>mg/kg</p>,2025-06-16 08:00:00,硫化氢,延炼12万吨/年乙苯/苯乙烯装置
0.34,ST010118,"<p>%(v/v)</p>
",2025-06-16 08:00:00,氧气,延炼12万吨/年乙苯/苯乙烯装置
19.07,ST010118,"<p>%(v/v)</p>
",2025-06-16 08:00:00,氮气,延炼12万吨/年乙苯/苯乙烯装置
1.61,ST010118,"<p>%(v/v)</p>
",2025-06-16 08:00:00,一氧化碳,延炼12万吨/年乙苯/苯乙烯装置
2.10,ST010118,"<p>%(v/v)</p>
",2025-06-16 08:00:00,二氧化碳,延炼12万吨/年乙苯/苯乙烯装置
19.34,ST010118,"<p>%(v/v)</p>
",2025-06-16 08:00:00,氢气,延炼12万吨/年乙苯/苯乙烯装置
28.96,ST010118,"<p>%(v/v)</p>
",2025-06-16 08:00:00,甲烷,延炼12万吨/年乙苯/苯乙烯装置
0.04,ST010118,"<p>%(v/v)</p>
",2025-06-16 08:00:00,丙烷,延炼12万吨/年乙苯/苯乙烯装置
0.09,ST010118,"<p>%(v/v)</p>
",2025-06-16 08:00:00,丙烯,延炼12万吨/年乙苯/苯乙烯装置
15.01,ST010118,"<p>%(v/v)</p>
",2025-06-16 08:00:00,乙烯,延炼12万吨/年乙苯/苯乙烯装置
0.00,ST010118,"<p>%(v/v)</p>
",2025-06-16 08:00:00,碳四(合计),延炼12万吨/年乙苯/苯乙烯装置
0.00,ST010118,"<p>%(v/v)</p>
",2025-06-16 08:00:00,异戊烷,延炼12万吨/年乙苯/苯乙烯装置
0.00,ST010118,"<p>%(v/v)</p>
",2025-06-16 08:00:00,正戊烷,延炼12万吨/年乙苯/苯乙烯装置
13.44,ST010118,"<p>%(v/v)</p>
",2025-06-16 08:00:00,乙烷,延炼12万吨/年乙苯/苯乙烯装置
0.00,ST010118,"<p>%(v/v)</p>
",2025-06-16 08:00:00,碳五(合计),延炼12万吨/年乙苯/苯乙烯装置
1.0,ST010118,<p>mg/kg</p>,2025-06-17 08:00:00,硫化氢,延炼12万吨/年乙苯/苯乙烯装置
0.85,ST010118,"<p>%(v/v)</p>
",2025-06-17 08:00:00,氧气,延炼12万吨/年乙苯/苯乙烯装置
21.26,ST010118,"<p>%(v/v)</p>
",2025-06-17 08:00:00,氮气,延炼12万吨/年乙苯/苯乙烯装置
1.47,ST010118,"<p>%(v/v)</p>
",2025-06-17 08:00:00,一氧化碳,延炼12万吨/年乙苯/苯乙烯装置
2.19,ST010118,"<p>%(v/v)</p>
",2025-06-17 08:00:00,二氧化碳,延炼12万吨/年乙苯/苯乙烯装置
17.93,ST010118,"<p>%(v/v)</p>
",2025-06-17 08:00:00,氢气,延炼12万吨/年乙苯/苯乙烯装置
27.89,ST010118,"<p>%(v/v)</p>
",2025-06-17 08:00:00,甲烷,延炼12万吨/年乙苯/苯乙烯装置
0.04,ST010118,"<p>%(v/v)</p>
",2025-06-17 08:00:00,丙烷,延炼12万吨/年乙苯/苯乙烯装置
0.09,ST010118,"<p>%(v/v)</p>
",2025-06-17 08:00:00,丙烯,延炼12万吨/年乙苯/苯乙烯装置
14.77,ST010118,"<p>%(v/v)</p>
",2025-06-17 08:00:00,乙烯,延炼12万吨/年乙苯/苯乙烯装置
0.00,ST010118,"<p>%(v/v)</p>
",2025-06-17 08:00:00,碳四(合计),延炼12万吨/年乙苯/苯乙烯装置
0.00,ST010118,"<p>%(v/v)</p>
",2025-06-17 08:00:00,异戊烷,延炼12万吨/年乙苯/苯乙烯装置
0.00,ST010118,"<p>%(v/v)</p>
",2025-06-17 08:00:00,正戊烷,延炼12万吨/年乙苯/苯乙烯装置
13.52,ST010118,"<p>%(v/v)</p>
",2025-06-17 08:00:00,乙烷,延炼12万吨/年乙苯/苯乙烯装置
0.00,ST010118,"<p>%(v/v)</p>
",2025-06-17 08:00:00,碳五(合计),延炼12万吨/年乙苯/苯乙烯装置
0.66,ST010118,"<p>%(v/v)</p>
",2025-06-18 08:00:00,氧气,延炼12万吨/年乙苯/苯乙烯装置
19.96,ST010118,"<p>%(v/v)</p>
",2025-06-18 08:00:00,氮气,延炼12万吨/年乙苯/苯乙烯装置
1.30,ST010118,"<p>%(v/v)</p>
",2025-06-18 08:00:00,一氧化碳,延炼12万吨/年乙苯/苯乙烯装置
1.91,ST010118,"<p>%(v/v)</p>
",2025-06-18 08:00:00,二氧化碳,延炼12万吨/年乙苯/苯乙烯装置
18.62,ST010118,"<p>%(v/v)</p>
",2025-06-18 08:00:00,氢气,延炼12万吨/年乙苯/苯乙烯装置
28.30,ST010118,"<p>%(v/v)</p>
",2025-06-18 08:00:00,甲烷,延炼12万吨/年乙苯/苯乙烯装置
0.06,ST010118,"<p>%(v/v)</p>
",2025-06-18 08:00:00,丙烷,延炼12万吨/年乙苯/苯乙烯装置
0.13,ST010118,"<p>%(v/v)</p>
",2025-06-18 08:00:00,丙烯,延炼12万吨/年乙苯/苯乙烯装置
15.23,ST010118,"<p>%(v/v)</p>
",2025-06-18 08:00:00,乙烯,延炼12万吨/年乙苯/苯乙烯装置
0.00,ST010118,"<p>%(v/v)</p>
",2025-06-18 08:00:00,碳四(合计),延炼12万吨/年乙苯/苯乙烯装置
0.00,ST010118,"<p>%(v/v)</p>
",2025-06-18 08:00:00,异戊烷,延炼12万吨/年乙苯/苯乙烯装置
0.00,ST010118,"<p>%(v/v)</p>
",2025-06-18 08:00:00,正戊烷,延炼12万吨/年乙苯/苯乙烯装置
13.82,ST010118,"<p>%(v/v)</p>
",2025-06-18 08:00:00,乙烷,延炼12万吨/年乙苯/苯乙烯装置
0.00,ST010118,"<p>%(v/v)</p>
",2025-06-18 08:00:00,碳五(合计),延炼12万吨/年乙苯/苯乙烯装置
1.0,ST010118,<p>mg/kg</p>,2025-06-18 08:00:00,硫化氢,延炼12万吨/年乙苯/苯乙烯装置
1.0,ST010118,<p>mg/kg</p>,2025-06-19 08:00:00,硫化氢,延炼12万吨/年乙苯/苯乙烯装置
0.65,ST010118,"<p>%(v/v)</p>
",2025-06-19 08:00:00,氧气,延炼12万吨/年乙苯/苯乙烯装置
19.80,ST010118,"<p>%(v/v)</p>
",2025-06-19 08:00:00,氮气,延炼12万吨/年乙苯/苯乙烯装置
1.06,ST010118,"<p>%(v/v)</p>
",2025-06-19 08:00:00,一氧化碳,延炼12万吨/年乙苯/苯乙烯装置
1.92,ST010118,"<p>%(v/v)</p>
",2025-06-19 08:00:00,二氧化碳,延炼12万吨/年乙苯/苯乙烯装置
18.46,ST010118,"<p>%(v/v)</p>
",2025-06-19 08:00:00,氢气,延炼12万吨/年乙苯/苯乙烯装置
28.50,ST010118,"<p>%(v/v)</p>
",2025-06-19 08:00:00,甲烷,延炼12万吨/年乙苯/苯乙烯装置
0.06,ST010118,"<p>%(v/v)</p>
",2025-06-19 08:00:00,丙烷,延炼12万吨/年乙苯/苯乙烯装置
0.14,ST010118,"<p>%(v/v)</p>
",2025-06-19 08:00:00,丙烯,延炼12万吨/年乙苯/苯乙烯装置
15.20,ST010118,"<p>%(v/v)</p>
",2025-06-19 08:00:00,乙烯,延炼12万吨/年乙苯/苯乙烯装置
0.00,ST010118,"<p>%(v/v)</p>
",2025-06-19 08:00:00,碳四(合计),延炼12万吨/年乙苯/苯乙烯装置
0.00,ST010118,"<p>%(v/v)</p>
",2025-06-19 08:00:00,异戊烷,延炼12万吨/年乙苯/苯乙烯装置
0.00,ST010118,"<p>%(v/v)</p>
",2025-06-19 08:00:00,正戊烷,延炼12万吨/年乙苯/苯乙烯装置
14.19,ST010118,"<p>%(v/v)</p>
",2025-06-19 08:00:00,乙烷,延炼12万吨/年乙苯/苯乙烯装置
0.00,ST010118,"<p>%(v/v)</p>
",2025-06-19 08:00:00,碳五(合计),延炼12万吨/年乙苯/苯乙烯装置
1.0,ST010118,<p>mg/kg</p>,2025-06-20 08:00:00,硫化氢,延炼12万吨/年乙苯/苯乙烯装置
1.48,ST010118,"<p>%(v/v)</p>
",2025-06-20 08:00:00,氧气,延炼12万吨/年乙苯/苯乙烯装置
22.72,ST010118,"<p>%(v/v)</p>
",2025-06-20 08:00:00,氮气,延炼12万吨/年乙苯/苯乙烯装置
1.16,ST010118,"<p>%(v/v)</p>
",2025-06-20 08:00:00,一氧化碳,延炼12万吨/年乙苯/苯乙烯装置
1.93,ST010118,"<p>%(v/v)</p>
",2025-06-20 08:00:00,二氧化碳,延炼12万吨/年乙苯/苯乙烯装置
18.06,ST010118,"<p>%(v/v)</p>
",2025-06-20 08:00:00,氢气,延炼12万吨/年乙苯/苯乙烯装置
27.27,ST010118,"<p>%(v/v)</p>
",2025-06-20 08:00:00,甲烷,延炼12万吨/年乙苯/苯乙烯装置
0.05,ST010118,"<p>%(v/v)</p>
",2025-06-20 08:00:00,丙烷,延炼12万吨/年乙苯/苯乙烯装置
0.12,ST010118,"<p>%(v/v)</p>
",2025-06-20 08:00:00,丙烯,延炼12万吨/年乙苯/苯乙烯装置
14.29,ST010118,"<p>%(v/v)</p>
",2025-06-20 08:00:00,乙烯,延炼12万吨/年乙苯/苯乙烯装置
0.00,ST010118,"<p>%(v/v)</p>
",2025-06-20 08:00:00,碳四(合计),延炼12万吨/年乙苯/苯乙烯装置
0.00,ST010118,"<p>%(v/v)</p>
",2025-06-20 08:00:00,异戊烷,延炼12万吨/年乙苯/苯乙烯装置
0.00,ST010118,"<p>%(v/v)</p>
",2025-06-20 08:00:00,正戊烷,延炼12万吨/年乙苯/苯乙烯装置
12.91,ST010118,"<p>%(v/v)</p>
",2025-06-20 08:00:00,乙烷,延炼12万吨/年乙苯/苯乙烯装置
0.00,ST010118,"<p>%(v/v)</p>
",2025-06-20 08:00:00,碳五(合计),延炼12万吨/年乙苯/苯乙烯装置
1.0,ST010118,<p>mg/kg</p>,2025-06-21 08:00:00,硫化氢,延炼12万吨/年乙苯/苯乙烯装置
0.79,ST010118,"<p>%(v/v)</p>
",2025-06-21 08:00:00,氧气,延炼12万吨/年乙苯/苯乙烯装置
20.79,ST010118,"<p>%(v/v)</p>
",2025-06-21 08:00:00,氮气,延炼12万吨/年乙苯/苯乙烯装置
1.14,ST010118,"<p>%(v/v)</p>
",2025-06-21 08:00:00,一氧化碳,延炼12万吨/年乙苯/苯乙烯装置
1.84,ST010118,"<p>%(v/v)</p>
",2025-06-21 08:00:00,二氧化碳,延炼12万吨/年乙苯/苯乙烯装置
17.74,ST010118,"<p>%(v/v)</p>
",2025-06-21 08:00:00,氢气,延炼12万吨/年乙苯/苯乙烯装置
28.47,ST010118,"<p>%(v/v)</p>
",2025-06-21 08:00:00,甲烷,延炼12万吨/年乙苯/苯乙烯装置
0.06,ST010118,"<p>%(v/v)</p>
",2025-06-21 08:00:00,丙烷,延炼12万吨/年乙苯/苯乙烯装置
0.14,ST010118,"<p>%(v/v)</p>
",2025-06-21 08:00:00,丙烯,延炼12万吨/年乙苯/苯乙烯装置
15.21,ST010118,"<p>%(v/v)</p>
",2025-06-21 08:00:00,乙烯,延炼12万吨/年乙苯/苯乙烯装置
0.00,ST010118,"<p>%(v/v)</p>
",2025-06-21 08:00:00,碳四(合计),延炼12万吨/年乙苯/苯乙烯装置
0.00,ST010118,"<p>%(v/v)</p>
",2025-06-21 08:00:00,异戊烷,延炼12万吨/年乙苯/苯乙烯装置
0.00,ST010118,"<p>%(v/v)</p>
",2025-06-21 08:00:00,正戊烷,延炼12万吨/年乙苯/苯乙烯装置
13.81,ST010118,"<p>%(v/v)</p>
",2025-06-21 08:00:00,乙烷,延炼12万吨/年乙苯/苯乙烯装置
0.00,ST010118,"<p>%(v/v)</p>
",2025-06-21 08:00:00,碳五(合计),延炼12万吨/年乙苯/苯乙烯装置
1.0,ST010118,<p>mg/kg</p>,2025-06-22 08:00:00,硫化氢,延炼12万吨/年乙苯/苯乙烯装置
0.98,ST010118,"<p>%(v/v)</p>
",2025-06-22 08:00:00,氧气,延炼12万吨/年乙苯/苯乙烯装置
21.57,ST010118,"<p>%(v/v)</p>
",2025-06-22 08:00:00,氮气,延炼12万吨/年乙苯/苯乙烯装置
1.19,ST010118,"<p>%(v/v)</p>
",2025-06-22 08:00:00,一氧化碳,延炼12万吨/年乙苯/苯乙烯装置
1.93,ST010118,"<p>%(v/v)</p>
",2025-06-22 08:00:00,二氧化碳,延炼12万吨/年乙苯/苯乙烯装置
18.25,ST010118,"<p>%(v/v)</p>
",2025-06-22 08:00:00,氢气,延炼12万吨/年乙苯/苯乙烯装置
28.00,ST010118,"<p>%(v/v)</p>
",2025-06-22 08:00:00,甲烷,延炼12万吨/年乙苯/苯乙烯装置
0.05,ST010118,"<p>%(v/v)</p>
",2025-06-22 08:00:00,丙烷,延炼12万吨/年乙苯/苯乙烯装置
0.11,ST010118,"<p>%(v/v)</p>
",2025-06-22 08:00:00,丙烯,延炼12万吨/年乙苯/苯乙烯装置
14.72,ST010118,"<p>%(v/v)</p>
",2025-06-22 08:00:00,乙烯,延炼12万吨/年乙苯/苯乙烯装置
0.00,ST010118,"<p>%(v/v)</p>
",2025-06-22 08:00:00,碳四(合计),延炼12万吨/年乙苯/苯乙烯装置
0.00,ST010118,"<p>%(v/v)</p>
",2025-06-22 08:00:00,异戊烷,延炼12万吨/年乙苯/苯乙烯装置
0.00,ST010118,"<p>%(v/v)</p>
",2025-06-22 08:00:00,正戊烷,延炼12万吨/年乙苯/苯乙烯装置
13.20,ST010118,"<p>%(v/v)</p>
",2025-06-22 08:00:00,乙烷,延炼12万吨/年乙苯/苯乙烯装置
0.00,ST010118,"<p>%(v/v)</p>
",2025-06-22 08:00:00,碳五(合计),延炼12万吨/年乙苯/苯乙烯装置
1.0,ST010118,<p>mg/kg</p>,2025-06-23 08:00:00,硫化氢,延炼12万吨/年乙苯/苯乙烯装置
0.44,ST010118,"<p>%(v/v)</p>
",2025-06-23 08:00:00,氧气,延炼12万吨/年乙苯/苯乙烯装置
19.28,ST010118,"<p>%(v/v)</p>
",2025-06-23 08:00:00,氮气,延炼12万吨/年乙苯/苯乙烯装置
1.10,ST010118,"<p>%(v/v)</p>
",2025-06-23 08:00:00,一氧化碳,延炼12万吨/年乙苯/苯乙烯装置
1.81,ST010118,"<p>%(v/v)</p>
",2025-06-23 08:00:00,二氧化碳,延炼12万吨/年乙苯/苯乙烯装置
17.99,ST010118,"<p>%(v/v)</p>
",2025-06-23 08:00:00,氢气,延炼12万吨/年乙苯/苯乙烯装置
29.35,ST010118,"<p>%(v/v)</p>
",2025-06-23 08:00:00,甲烷,延炼12万吨/年乙苯/苯乙烯装置
0.05,ST010118,"<p>%(v/v)</p>
",2025-06-23 08:00:00,丙烷,延炼12万吨/年乙苯/苯乙烯装置
0.12,ST010118,"<p>%(v/v)</p>
",2025-06-23 08:00:00,丙烯,延炼12万吨/年乙苯/苯乙烯装置
15.59,ST010118,"<p>%(v/v)</p>
",2025-06-23 08:00:00,乙烯,延炼12万吨/年乙苯/苯乙烯装置
0.00,ST010118,"<p>%(v/v)</p>
",2025-06-23 08:00:00,碳四(合计),延炼12万吨/年乙苯/苯乙烯装置
0.00,ST010118,"<p>%(v/v)</p>
",2025-06-23 08:00:00,异戊烷,延炼12万吨/年乙苯/苯乙烯装置
0.00,ST010118,"<p>%(v/v)</p>
",2025-06-23 08:00:00,正戊烷,延炼12万吨/年乙苯/苯乙烯装置
14.26,ST010118,"<p>%(v/v)</p>
",2025-06-23 08:00:00,乙烷,延炼12万吨/年乙苯/苯乙烯装置
0.00,ST010118,"<p>%(v/v)</p>
",2025-06-23 08:00:00,碳五(合计),延炼12万吨/年乙苯/苯乙烯装置
1.0,ST010118,<p>mg/kg</p>,2025-06-24 08:00:00,硫化氢,延炼12万吨/年乙苯/苯乙烯装置
0.34,ST010118,"<p>%(v/v)</p>
",2025-06-24 08:00:00,氧气,延炼12万吨/年乙苯/苯乙烯装置
19.32,ST010118,"<p>%(v/v)</p>
",2025-06-24 08:00:00,氮气,延炼12万吨/年乙苯/苯乙烯装置
1.23,ST010118,"<p>%(v/v)</p>
",2025-06-24 08:00:00,一氧化碳,延炼12万吨/年乙苯/苯乙烯装置
2.14,ST010118,"<p>%(v/v)</p>
",2025-06-24 08:00:00,二氧化碳,延炼12万吨/年乙苯/苯乙烯装置
19.25,ST010118,"<p>%(v/v)</p>
",2025-06-24 08:00:00,氢气,延炼12万吨/年乙苯/苯乙烯装置
29.18,ST010118,"<p>%(v/v)</p>
",2025-06-24 08:00:00,甲烷,延炼12万吨/年乙苯/苯乙烯装置
0.03,ST010118,"<p>%(v/v)</p>
",2025-06-24 08:00:00,丙烷,延炼12万吨/年乙苯/苯乙烯装置
0.07,ST010118,"<p>%(v/v)</p>
",2025-06-24 08:00:00,丙烯,延炼12万吨/年乙苯/苯乙烯装置
15.23,ST010118,"<p>%(v/v)</p>
",2025-06-24 08:00:00,乙烯,延炼12万吨/年乙苯/苯乙烯装置
0.00,ST010118,"<p>%(v/v)</p>
",2025-06-24 08:00:00,碳四(合计),延炼12万吨/年乙苯/苯乙烯装置
0.00,ST010118,"<p>%(v/v)</p>
",2025-06-24 08:00:00,异戊烷,延炼12万吨/年乙苯/苯乙烯装置
0.00,ST010118,"<p>%(v/v)</p>
",2025-06-24 08:00:00,正戊烷,延炼12万吨/年乙苯/苯乙烯装置
13.20,ST010118,"<p>%(v/v)</p>
",2025-06-24 08:00:00,乙烷,延炼12万吨/年乙苯/苯乙烯装置
0.00,ST010118,"<p>%(v/v)</p>
",2025-06-24 08:00:00,碳五(合计),延炼12万吨/年乙苯/苯乙烯装置
1.0,ST010118,<p>mg/kg</p>,2025-06-25 08:00:00,硫化氢,延炼12万吨/年乙苯/苯乙烯装置
0.57,ST010118,"<p>%(v/v)</p>
",2025-06-25 08:00:00,氧气,延炼12万吨/年乙苯/苯乙烯装置
20.00,ST010118,"<p>%(v/v)</p>
",2025-06-25 08:00:00,氮气,延炼12万吨/年乙苯/苯乙烯装置
1.06,ST010118,"<p>%(v/v)</p>
",2025-06-25 08:00:00,一氧化碳,延炼12万吨/年乙苯/苯乙烯装置
1.93,ST010118,"<p>%(v/v)</p>
",2025-06-25 08:00:00,二氧化碳,延炼12万吨/年乙苯/苯乙烯装置
18.61,ST010118,"<p>%(v/v)</p>
",2025-06-25 08:00:00,氢气,延炼12万吨/年乙苯/苯乙烯装置
29.08,ST010118,"<p>%(v/v)</p>
",2025-06-25 08:00:00,甲烷,延炼12万吨/年乙苯/苯乙烯装置
0.04,ST010118,"<p>%(v/v)</p>
",2025-06-25 08:00:00,丙烷,延炼12万吨/年乙苯/苯乙烯装置
0.10,ST010118,"<p>%(v/v)</p>
",2025-06-25 08:00:00,丙烯,延炼12万吨/年乙苯/苯乙烯装置
15.11,ST010118,"<p>%(v/v)</p>
",2025-06-25 08:00:00,乙烯,延炼12万吨/年乙苯/苯乙烯装置
0.00,ST010118,"<p>%(v/v)</p>
",2025-06-25 08:00:00,碳四(合计),延炼12万吨/年乙苯/苯乙烯装置
0.00,ST010118,"<p>%(v/v)</p>
",2025-06-25 08:00:00,异戊烷,延炼12万吨/年乙苯/苯乙烯装置
0.00,ST010118,"<p>%(v/v)</p>
",2025-06-25 08:00:00,正戊烷,延炼12万吨/年乙苯/苯乙烯装置
13.50,ST010118,"<p>%(v/v)</p>
",2025-06-25 08:00:00,乙烷,延炼12万吨/年乙苯/苯乙烯装置
0.00,ST010118,"<p>%(v/v)</p>
",2025-06-25 08:00:00,碳五(合计),延炼12万吨/年乙苯/苯乙烯装置
1.0,ST010118,<p>mg/kg</p>,2025-06-26 08:00:00,硫化氢,延炼12万吨/年乙苯/苯乙烯装置
1.24,ST010118,"<p>%(v/v)</p>
",2025-06-26 08:00:00,氧气,延炼12万吨/年乙苯/苯乙烯装置
22.43,ST010118,"<p>%(v/v)</p>
",2025-06-26 08:00:00,氮气,延炼12万吨/年乙苯/苯乙烯装置
0.74,ST010118,"<p>%(v/v)</p>
",2025-06-26 08:00:00,一氧化碳,延炼12万吨/年乙苯/苯乙烯装置
1.73,ST010118,"<p>%(v/v)</p>
",2025-06-26 08:00:00,二氧化碳,延炼12万吨/年乙苯/苯乙烯装置
18.46,ST010118,"<p>%(v/v)</p>
",2025-06-26 08:00:00,氢气,延炼12万吨/年乙苯/苯乙烯装置
28.72,ST010118,"<p>%(v/v)</p>
",2025-06-26 08:00:00,甲烷,延炼12万吨/年乙苯/苯乙烯装置
0.03,ST010118,"<p>%(v/v)</p>
",2025-06-26 08:00:00,丙烷,延炼12万吨/年乙苯/苯乙烯装置
0.08,ST010118,"<p>%(v/v)</p>
",2025-06-26 08:00:00,丙烯,延炼12万吨/年乙苯/苯乙烯装置
14.41,ST010118,"<p>%(v/v)</p>
",2025-06-26 08:00:00,乙烯,延炼12万吨/年乙苯/苯乙烯装置
0.00,ST010118,"<p>%(v/v)</p>
",2025-06-26 08:00:00,碳四(合计),延炼12万吨/年乙苯/苯乙烯装置
0.00,ST010118,"<p>%(v/v)</p>
",2025-06-26 08:00:00,异戊烷,延炼12万吨/年乙苯/苯乙烯装置
0.00,ST010118,"<p>%(v/v)</p>
",2025-06-26 08:00:00,正戊烷,延炼12万吨/年乙苯/苯乙烯装置
12.16,ST010118,"<p>%(v/v)</p>
",2025-06-26 08:00:00,乙烷,延炼12万吨/年乙苯/苯乙烯装置
0.00,ST010118,"<p>%(v/v)</p>
",2025-06-26 08:00:00,碳五(合计),延炼12万吨/年乙苯/苯乙烯装置
1.0,ST010118,<p>mg/kg</p>,2025-06-27 08:00:00,硫化氢,延炼12万吨/年乙苯/苯乙烯装置
0.48,ST010118,"<p>%(v/v)</p>
",2025-06-27 08:00:00,氧气,延炼12万吨/年乙苯/苯乙烯装置
19.68,ST010118,"<p>%(v/v)</p>
",2025-06-27 08:00:00,氮气,延炼12万吨/年乙苯/苯乙烯装置
0.81,ST010118,"<p>%(v/v)</p>
",2025-06-27 08:00:00,一氧化碳,延炼12万吨/年乙苯/苯乙烯装置
1.83,ST010118,"<p>%(v/v)</p>
",2025-06-27 08:00:00,二氧化碳,延炼12万吨/年乙苯/苯乙烯装置
19.04,ST010118,"<p>%(v/v)</p>
",2025-06-27 08:00:00,氢气,延炼12万吨/年乙苯/苯乙烯装置
29.27,ST010118,"<p>%(v/v)</p>
",2025-06-27 08:00:00,甲烷,延炼12万吨/年乙苯/苯乙烯装置
0.04,ST010118,"<p>%(v/v)</p>
",2025-06-27 08:00:00,丙烷,延炼12万吨/年乙苯/苯乙烯装置
0.10,ST010118,"<p>%(v/v)</p>
",2025-06-27 08:00:00,丙烯,延炼12万吨/年乙苯/苯乙烯装置
15.26,ST010118,"<p>%(v/v)</p>
",2025-06-27 08:00:00,乙烯,延炼12万吨/年乙苯/苯乙烯装置
0.00,ST010118,"<p>%(v/v)</p>
",2025-06-27 08:00:00,碳四(合计),延炼12万吨/年乙苯/苯乙烯装置
0.00,ST010118,"<p>%(v/v)</p>
",2025-06-27 08:00:00,异戊烷,延炼12万吨/年乙苯/苯乙烯装置
0.00,ST010118,"<p>%(v/v)</p>
",2025-06-27 08:00:00,正戊烷,延炼12万吨/年乙苯/苯乙烯装置
13.47,ST010118,"<p>%(v/v)</p>
",2025-06-27 08:00:00,乙烷,延炼12万吨/年乙苯/苯乙烯装置
0.00,ST010118,"<p>%(v/v)</p>
",2025-06-27 08:00:00,碳五(合计),延炼12万吨/年乙苯/苯乙烯装置
1.0,ST010118,<p>mg/kg</p>,2025-06-28 08:00:00,硫化氢,延炼12万吨/年乙苯/苯乙烯装置
0.94,ST010118,"<p>%(v/v)</p>
",2025-06-28 08:00:00,氧气,延炼12万吨/年乙苯/苯乙烯装置
21.02,ST010118,"<p>%(v/v)</p>
",2025-06-28 08:00:00,氮气,延炼12万吨/年乙苯/苯乙烯装置
0.84,ST010118,"<p>%(v/v)</p>
",2025-06-28 08:00:00,一氧化碳,延炼12万吨/年乙苯/苯乙烯装置
1.96,ST010118,"<p>%(v/v)</p>
",2025-06-28 08:00:00,二氧化碳,延炼12万吨/年乙苯/苯乙烯装置
18.01,ST010118,"<p>%(v/v)</p>
",2025-06-28 08:00:00,氢气,延炼12万吨/年乙苯/苯乙烯装置
28.65,ST010118,"<p>%(v/v)</p>
",2025-06-28 08:00:00,甲烷,延炼12万吨/年乙苯/苯乙烯装置
0.06,ST010118,"<p>%(v/v)</p>
",2025-06-28 08:00:00,丙烷,延炼12万吨/年乙苯/苯乙烯装置
0.15,ST010118,"<p>%(v/v)</p>
",2025-06-28 08:00:00,丙烯,延炼12万吨/年乙苯/苯乙烯装置
14.84,ST010118,"<p>%(v/v)</p>
",2025-06-28 08:00:00,乙烯,延炼12万吨/年乙苯/苯乙烯装置
0.00,ST010118,"<p>%(v/v)</p>
",2025-06-28 08:00:00,碳四(合计),延炼12万吨/年乙苯/苯乙烯装置
0.00,ST010118,"<p>%(v/v)</p>
",2025-06-28 08:00:00,异戊烷,延炼12万吨/年乙苯/苯乙烯装置
0.00,ST010118,"<p>%(v/v)</p>
",2025-06-28 08:00:00,正戊烷,延炼12万吨/年乙苯/苯乙烯装置
13.54,ST010118,"<p>%(v/v)</p>
",2025-06-28 08:00:00,乙烷,延炼12万吨/年乙苯/苯乙烯装置
0.00,ST010118,"<p>%(v/v)</p>
",2025-06-28 08:00:00,碳五(合计),延炼12万吨/年乙苯/苯乙烯装置
1.0,ST010118,<p>mg/kg</p>,2025-06-29 08:00:00,硫化氢,延炼12万吨/年乙苯/苯乙烯装置
1.17,ST010118,"<p>%(v/v)</p>
",2025-06-29 08:00:00,氧气,延炼12万吨/年乙苯/苯乙烯装置
22.21,ST010118,"<p>%(v/v)</p>
",2025-06-29 08:00:00,氮气,延炼12万吨/年乙苯/苯乙烯装置
0.58,ST010118,"<p>%(v/v)</p>
",2025-06-29 08:00:00,一氧化碳,延炼12万吨/年乙苯/苯乙烯装置
1.78,ST010118,"<p>%(v/v)</p>
",2025-06-29 08:00:00,二氧化碳,延炼12万吨/年乙苯/苯乙烯装置
17.87,ST010118,"<p>%(v/v)</p>
",2025-06-29 08:00:00,氢气,延炼12万吨/年乙苯/苯乙烯装置
28.68,ST010118,"<p>%(v/v)</p>
",2025-06-29 08:00:00,甲烷,延炼12万吨/年乙苯/苯乙烯装置
0.05,ST010118,"<p>%(v/v)</p>
",2025-06-29 08:00:00,丙烷,延炼12万吨/年乙苯/苯乙烯装置
0.11,ST010118,"<p>%(v/v)</p>
",2025-06-29 08:00:00,丙烯,延炼12万吨/年乙苯/苯乙烯装置
14.64,ST010118,"<p>%(v/v)</p>
",2025-06-29 08:00:00,乙烯,延炼12万吨/年乙苯/苯乙烯装置
0.00,ST010118,"<p>%(v/v)</p>
",2025-06-29 08:00:00,碳四(合计),延炼12万吨/年乙苯/苯乙烯装置
0.00,ST010118,"<p>%(v/v)</p>
",2025-06-29 08:00:00,异戊烷,延炼12万吨/年乙苯/苯乙烯装置
0.00,ST010118,"<p>%(v/v)</p>
",2025-06-29 08:00:00,正戊烷,延炼12万吨/年乙苯/苯乙烯装置
12.92,ST010118,"<p>%(v/v)</p>
",2025-06-29 08:00:00,乙烷,延炼12万吨/年乙苯/苯乙烯装置
0.00,ST010118,"<p>%(v/v)</p>
",2025-06-29 08:00:00,碳五(合计),延炼12万吨/年乙苯/苯乙烯装置
1.0,ST010118,<p>mg/kg</p>,2025-06-30 08:00:00,硫化氢,延炼12万吨/年乙苯/苯乙烯装置
1.70,ST010118,"<p>%(v/v)</p>
",2025-06-30 08:00:00,氧气,延炼12万吨/年乙苯/苯乙烯装置
22.19,ST010118,"<p>%(v/v)</p>
",2025-06-30 08:00:00,氮气,延炼12万吨/年乙苯/苯乙烯装置
0.90,ST010118,"<p>%(v/v)</p>
",2025-06-30 08:00:00,一氧化碳,延炼12万吨/年乙苯/苯乙烯装置
1.81,ST010118,"<p>%(v/v)</p>
",2025-06-30 08:00:00,二氧化碳,延炼12万吨/年乙苯/苯乙烯装置
17.45,ST010118,"<p>%(v/v)</p>
",2025-06-30 08:00:00,氢气,延炼12万吨/年乙苯/苯乙烯装置
28.12,ST010118,"<p>%(v/v)</p>
",2025-06-30 08:00:00,甲烷,延炼12万吨/年乙苯/苯乙烯装置
0.07,ST010118,"<p>%(v/v)</p>
",2025-06-30 08:00:00,丙烷,延炼12万吨/年乙苯/苯乙烯装置
0.18,ST010118,"<p>%(v/v)</p>
",2025-06-30 08:00:00,丙烯,延炼12万吨/年乙苯/苯乙烯装置
14.59,ST010118,"<p>%(v/v)</p>
",2025-06-30 08:00:00,乙烯,延炼12万吨/年乙苯/苯乙烯装置
0.00,ST010118,"<p>%(v/v)</p>
",2025-06-30 08:00:00,碳四(合计),延炼12万吨/年乙苯/苯乙烯装置
0.00,ST010118,"<p>%(v/v)</p>
",2025-06-30 08:00:00,异戊烷,延炼12万吨/年乙苯/苯乙烯装置
0.00,ST010118,"<p>%(v/v)</p>
",2025-06-30 08:00:00,正戊烷,延炼12万吨/年乙苯/苯乙烯装置
12.99,ST010118,"<p>%(v/v)</p>
",2025-06-30 08:00:00,乙烷,延炼12万吨/年乙苯/苯乙烯装置
0.00,ST010118,"<p>%(v/v)</p>
",2025-06-30 08:00:00,碳五(合计),延炼12万吨/年乙苯/苯乙烯装置
1.0,ST010118,<p>mg/kg</p>,2025-07-01 08:00:00,硫化氢,延炼12万吨/年乙苯/苯乙烯装置
1.05,ST010118,"<p>%(v/v)</p>
",2025-07-01 08:00:00,氧气,延炼12万吨/年乙苯/苯乙烯装置
20.98,ST010118,"<p>%(v/v)</p>
",2025-07-01 08:00:00,氮气,延炼12万吨/年乙苯/苯乙烯装置
0.49,ST010118,"<p>%(v/v)</p>
",2025-07-01 08:00:00,一氧化碳,延炼12万吨/年乙苯/苯乙烯装置
1.99,ST010118,"<p>%(v/v)</p>
",2025-07-01 08:00:00,二氧化碳,延炼12万吨/年乙苯/苯乙烯装置
17.45,ST010118,"<p>%(v/v)</p>
",2025-07-01 08:00:00,氢气,延炼12万吨/年乙苯/苯乙烯装置
29.10,ST010118,"<p>%(v/v)</p>
",2025-07-01 08:00:00,甲烷,延炼12万吨/年乙苯/苯乙烯装置
0.07,ST010118,"<p>%(v/v)</p>
",2025-07-01 08:00:00,丙烷,延炼12万吨/年乙苯/苯乙烯装置
0.18,ST010118,"<p>%(v/v)</p>
",2025-07-01 08:00:00,丙烯,延炼12万吨/年乙苯/苯乙烯装置
15.10,ST010118,"<p>%(v/v)</p>
",2025-07-01 08:00:00,乙烯,延炼12万吨/年乙苯/苯乙烯装置
0.00,ST010118,"<p>%(v/v)</p>
",2025-07-01 08:00:00,碳四(合计),延炼12万吨/年乙苯/苯乙烯装置
0.00,ST010118,"<p>%(v/v)</p>
",2025-07-01 08:00:00,异戊烷,延炼12万吨/年乙苯/苯乙烯装置
0.00,ST010118,"<p>%(v/v)</p>
",2025-07-01 08:00:00,正戊烷,延炼12万吨/年乙苯/苯乙烯装置
13.58,ST010118,"<p>%(v/v)</p>
",2025-07-01 08:00:00,乙烷,延炼12万吨/年乙苯/苯乙烯装置
0.00,ST010118,"<p>%(v/v)</p>
",2025-07-01 08:00:00,碳五(合计),延炼12万吨/年乙苯/苯乙烯装置
1.0,ST010118,<p>mg/kg</p>,2025-07-02 08:00:00,硫化氢,延炼12万吨/年乙苯/苯乙烯装置
1.74,ST010118,"<p>%(v/v)</p>
",2025-07-02 08:00:00,氧气,延炼12万吨/年乙苯/苯乙烯装置
23.06,ST010118,"<p>%(v/v)</p>
",2025-07-02 08:00:00,氮气,延炼12万吨/年乙苯/苯乙烯装置
0.46,ST010118,"<p>%(v/v)</p>
",2025-07-02 08:00:00,一氧化碳,延炼12万吨/年乙苯/苯乙烯装置
1.88,ST010118,"<p>%(v/v)</p>
",2025-07-02 08:00:00,二氧化碳,延炼12万吨/年乙苯/苯乙烯装置
17.32,ST010118,"<p>%(v/v)</p>
",2025-07-02 08:00:00,氢气,延炼12万吨/年乙苯/苯乙烯装置
27.69,ST010118,"<p>%(v/v)</p>
",2025-07-02 08:00:00,甲烷,延炼12万吨/年乙苯/苯乙烯装置
0.06,ST010118,"<p>%(v/v)</p>
",2025-07-02 08:00:00,丙烷,延炼12万吨/年乙苯/苯乙烯装置
0.16,ST010118,"<p>%(v/v)</p>
",2025-07-02 08:00:00,丙烯,延炼12万吨/年乙苯/苯乙烯装置
14.51,ST010118,"<p>%(v/v)</p>
",2025-07-02 08:00:00,乙烯,延炼12万吨/年乙苯/苯乙烯装置
0.00,ST010118,"<p>%(v/v)</p>
",2025-07-02 08:00:00,碳四(合计),延炼12万吨/年乙苯/苯乙烯装置
0.00,ST010118,"<p>%(v/v)</p>
",2025-07-02 08:00:00,异戊烷,延炼12万吨/年乙苯/苯乙烯装置
0.00,ST010118,"<p>%(v/v)</p>
",2025-07-02 08:00:00,正戊烷,延炼12万吨/年乙苯/苯乙烯装置
13.12,ST010118,"<p>%(v/v)</p>
",2025-07-02 08:00:00,乙烷,延炼12万吨/年乙苯/苯乙烯装置
0.00,ST010118,"<p>%(v/v)</p>
",2025-07-02 08:00:00,碳五(合计),延炼12万吨/年乙苯/苯乙烯装置
1.0,ST010118,<p>mg/kg</p>,2025-07-03 08:00:00,硫化氢,延炼12万吨/年乙苯/苯乙烯装置
0.42,ST010118,"<p>%(v/v)</p>
",2025-07-03 08:00:00,氧气,延炼12万吨/年乙苯/苯乙烯装置
20.02,ST010118,"<p>%(v/v)</p>
",2025-07-03 08:00:00,氮气,延炼12万吨/年乙苯/苯乙烯装置
0.44,ST010118,"<p>%(v/v)</p>
",2025-07-03 08:00:00,一氧化碳,延炼12万吨/年乙苯/苯乙烯装置
2.04,ST010118,"<p>%(v/v)</p>
",2025-07-03 08:00:00,二氧化碳,延炼12万吨/年乙苯/苯乙烯装置
18.64,ST010118,"<p>%(v/v)</p>
",2025-07-03 08:00:00,氢气,延炼12万吨/年乙苯/苯乙烯装置
29.49,ST010118,"<p>%(v/v)</p>
",2025-07-03 08:00:00,甲烷,延炼12万吨/年乙苯/苯乙烯装置
0.06,ST010118,"<p>%(v/v)</p>
",2025-07-03 08:00:00,丙烷,延炼12万吨/年乙苯/苯乙烯装置
0.14,ST010118,"<p>%(v/v)</p>
",2025-07-03 08:00:00,丙烯,延炼12万吨/年乙苯/苯乙烯装置
15.18,ST010118,"<p>%(v/v)</p>
",2025-07-03 08:00:00,乙烯,延炼12万吨/年乙苯/苯乙烯装置
0.00,ST010118,"<p>%(v/v)</p>
",2025-07-03 08:00:00,碳四(合计),延炼12万吨/年乙苯/苯乙烯装置
0.00,ST010118,"<p>%(v/v)</p>
",2025-07-03 08:00:00,异戊烷,延炼12万吨/年乙苯/苯乙烯装置
0.00,ST010118,"<p>%(v/v)</p>
",2025-07-03 08:00:00,正戊烷,延炼12万吨/年乙苯/苯乙烯装置
13.57,ST010118,"<p>%(v/v)</p>
",2025-07-03 08:00:00,乙烷,延炼12万吨/年乙苯/苯乙烯装置
0.00,ST010118,"<p>%(v/v)</p>
",2025-07-03 08:00:00,碳五(合计),延炼12万吨/年乙苯/苯乙烯装置
1.0,ST010118,<p>mg/kg</p>,2025-07-04 08:00:00,硫化氢,延炼12万吨/年乙苯/苯乙烯装置
1.06,ST010118,"<p>%(v/v)</p>
",2025-07-04 08:00:00,氧气,延炼12万吨/年乙苯/苯乙烯装置
21.95,ST010118,"<p>%(v/v)</p>
",2025-07-04 08:00:00,氮气,延炼12万吨/年乙苯/苯乙烯装置
0.41,ST010118,"<p>%(v/v)</p>
",2025-07-04 08:00:00,一氧化碳,延炼12万吨/年乙苯/苯乙烯装置
1.98,ST010118,"<p>%(v/v)</p>
",2025-07-04 08:00:00,二氧化碳,延炼12万吨/年乙苯/苯乙烯装置
17.43,ST010118,"<p>%(v/v)</p>
",2025-07-04 08:00:00,氢气,延炼12万吨/年乙苯/苯乙烯装置
28.61,ST010118,"<p>%(v/v)</p>
",2025-07-04 08:00:00,甲烷,延炼12万吨/年乙苯/苯乙烯装置
0.06,ST010118,"<p>%(v/v)</p>
",2025-07-04 08:00:00,丙烷,延炼12万吨/年乙苯/苯乙烯装置
0.13,ST010118,"<p>%(v/v)</p>
",2025-07-04 08:00:00,丙烯,延炼12万吨/年乙苯/苯乙烯装置
14.91,ST010118,"<p>%(v/v)</p>
",2025-07-04 08:00:00,乙烯,延炼12万吨/年乙苯/苯乙烯装置
0.00,ST010118,"<p>%(v/v)</p>
",2025-07-04 08:00:00,碳四(合计),延炼12万吨/年乙苯/苯乙烯装置
0.00,ST010118,"<p>%(v/v)</p>
",2025-07-04 08:00:00,异戊烷,延炼12万吨/年乙苯/苯乙烯装置
0.00,ST010118,"<p>%(v/v)</p>
",2025-07-04 08:00:00,正戊烷,延炼12万吨/年乙苯/苯乙烯装置
13.46,ST010118,"<p>%(v/v)</p>
",2025-07-04 08:00:00,乙烷,延炼12万吨/年乙苯/苯乙烯装置
0.00,ST010118,"<p>%(v/v)</p>
",2025-07-04 08:00:00,碳五(合计),延炼12万吨/年乙苯/苯乙烯装置
1.0,ST010118,<p>mg/kg</p>,2025-07-05 08:00:00,硫化氢,延炼12万吨/年乙苯/苯乙烯装置
0.63,ST010118,"<p>%(v/v)</p>
",2025-07-05 08:00:00,氧气,延炼12万吨/年乙苯/苯乙烯装置
19.95,ST010118,"<p>%(v/v)</p>
",2025-07-05 08:00:00,氮气,延炼12万吨/年乙苯/苯乙烯装置
1.38,ST010118,"<p>%(v/v)</p>
",2025-07-05 08:00:00,一氧化碳,延炼12万吨/年乙苯/苯乙烯装置
1.98,ST010118,"<p>%(v/v)</p>
",2025-07-05 08:00:00,二氧化碳,延炼12万吨/年乙苯/苯乙烯装置
17.80,ST010118,"<p>%(v/v)</p>
",2025-07-05 08:00:00,氢气,延炼12万吨/年乙苯/苯乙烯装置
28.56,ST010118,"<p>%(v/v)</p>
",2025-07-05 08:00:00,甲烷,延炼12万吨/年乙苯/苯乙烯装置
0.06,ST010118,"<p>%(v/v)</p>
",2025-07-05 08:00:00,丙烷,延炼12万吨/年乙苯/苯乙烯装置
0.14,ST010118,"<p>%(v/v)</p>
",2025-07-05 08:00:00,丙烯,延炼12万吨/年乙苯/苯乙烯装置
15.16,ST010118,"<p>%(v/v)</p>
",2025-07-05 08:00:00,乙烯,延炼12万吨/年乙苯/苯乙烯装置
0.00,ST010118,"<p>%(v/v)</p>
",2025-07-05 08:00:00,碳四(合计),延炼12万吨/年乙苯/苯乙烯装置
0.00,ST010118,"<p>%(v/v)</p>
",2025-07-05 08:00:00,异戊烷,延炼12万吨/年乙苯/苯乙烯装置
0.00,ST010118,"<p>%(v/v)</p>
",2025-07-05 08:00:00,正戊烷,延炼12万吨/年乙苯/苯乙烯装置
14.34,ST010118,"<p>%(v/v)</p>
",2025-07-05 08:00:00,乙烷,延炼12万吨/年乙苯/苯乙烯装置
0.00,ST010118,"<p>%(v/v)</p>
",2025-07-05 08:00:00,碳五(合计),延炼12万吨/年乙苯/苯乙烯装置
1.0,ST010118,<p>mg/kg</p>,2025-07-06 08:00:00,硫化氢,延炼12万吨/年乙苯/苯乙烯装置
0.60,ST010118,"<p>%(v/v)</p>
",2025-07-06 08:00:00,氧气,延炼12万吨/年乙苯/苯乙烯装置
20.21,ST010118,"<p>%(v/v)</p>
",2025-07-06 08:00:00,氮气,延炼12万吨/年乙苯/苯乙烯装置
1.24,ST010118,"<p>%(v/v)</p>
",2025-07-06 08:00:00,一氧化碳,延炼12万吨/年乙苯/苯乙烯装置
1.93,ST010118,"<p>%(v/v)</p>
",2025-07-06 08:00:00,二氧化碳,延炼12万吨/年乙苯/苯乙烯装置
17.87,ST010118,"<p>%(v/v)</p>
",2025-07-06 08:00:00,氢气,延炼12万吨/年乙苯/苯乙烯装置
28.70,ST010118,"<p>%(v/v)</p>
",2025-07-06 08:00:00,甲烷,延炼12万吨/年乙苯/苯乙烯装置
0.05,ST010118,"<p>%(v/v)</p>
",2025-07-06 08:00:00,丙烷,延炼12万吨/年乙苯/苯乙烯装置
0.12,ST010118,"<p>%(v/v)</p>
",2025-07-06 08:00:00,丙烯,延炼12万吨/年乙苯/苯乙烯装置
15.20,ST010118,"<p>%(v/v)</p>
",2025-07-06 08:00:00,乙烯,延炼12万吨/年乙苯/苯乙烯装置
0.00,ST010118,"<p>%(v/v)</p>
",2025-07-06 08:00:00,碳四(合计),延炼12万吨/年乙苯/苯乙烯装置
0.00,ST010118,"<p>%(v/v)</p>
",2025-07-06 08:00:00,异戊烷,延炼12万吨/年乙苯/苯乙烯装置
0.00,ST010118,"<p>%(v/v)</p>
",2025-07-06 08:00:00,正戊烷,延炼12万吨/年乙苯/苯乙烯装置
14.08,ST010118,"<p>%(v/v)</p>
",2025-07-06 08:00:00,乙烷,延炼12万吨/年乙苯/苯乙烯装置
0.00,ST010118,"<p>%(v/v)</p>
",2025-07-06 08:00:00,碳五(合计),延炼12万吨/年乙苯/苯乙烯装置
1.0,ST010118,<p>mg/kg</p>,2025-07-07 08:00:00,硫化氢,延炼12万吨/年乙苯/苯乙烯装置
0.66,ST010118,"<p>%(v/v)</p>
",2025-07-07 08:00:00,氧气,延炼12万吨/年乙苯/苯乙烯装置
20.86,ST010118,"<p>%(v/v)</p>
",2025-07-07 08:00:00,氮气,延炼12万吨/年乙苯/苯乙烯装置
1.32,ST010118,"<p>%(v/v)</p>
",2025-07-07 08:00:00,一氧化碳,延炼12万吨/年乙苯/苯乙烯装置
1.76,ST010118,"<p>%(v/v)</p>
",2025-07-07 08:00:00,二氧化碳,延炼12万吨/年乙苯/苯乙烯装置
16.98,ST010118,"<p>%(v/v)</p>
",2025-07-07 08:00:00,氢气,延炼12万吨/年乙苯/苯乙烯装置
29.15,ST010118,"<p>%(v/v)</p>
",2025-07-07 08:00:00,甲烷,延炼12万吨/年乙苯/苯乙烯装置
0.05,ST010118,"<p>%(v/v)</p>
",2025-07-07 08:00:00,丙烷,延炼12万吨/年乙苯/苯乙烯装置
0.12,ST010118,"<p>%(v/v)</p>
",2025-07-07 08:00:00,丙烯,延炼12万吨/年乙苯/苯乙烯装置
15.29,ST010118,"<p>%(v/v)</p>
",2025-07-07 08:00:00,乙烯,延炼12万吨/年乙苯/苯乙烯装置
0.00,ST010118,"<p>%(v/v)</p>
",2025-07-07 08:00:00,碳四(合计),延炼12万吨/年乙苯/苯乙烯装置
0.00,ST010118,"<p>%(v/v)</p>
",2025-07-07 08:00:00,异戊烷,延炼12万吨/年乙苯/苯乙烯装置
0.00,ST010118,"<p>%(v/v)</p>
",2025-07-07 08:00:00,正戊烷,延炼12万吨/年乙苯/苯乙烯装置
13.80,ST010118,"<p>%(v/v)</p>
",2025-07-07 08:00:00,乙烷,延炼12万吨/年乙苯/苯乙烯装置
0.00,ST010118,"<p>%(v/v)</p>
",2025-07-07 08:00:00,碳五(合计),延炼12万吨/年乙苯/苯乙烯装置
1.0,ST010118,<p>mg/kg</p>,2025-07-08 08:00:00,硫化氢,延炼12万吨/年乙苯/苯乙烯装置
0.67,ST010118,"<p>%(v/v)</p>
",2025-07-08 08:00:00,氧气,延炼12万吨/年乙苯/苯乙烯装置
21.84,ST010118,"<p>%(v/v)</p>
",2025-07-08 08:00:00,氮气,延炼12万吨/年乙苯/苯乙烯装置
1.93,ST010118,"<p>%(v/v)</p>
",2025-07-08 08:00:00,一氧化碳,延炼12万吨/年乙苯/苯乙烯装置
2.04,ST010118,"<p>%(v/v)</p>
",2025-07-08 08:00:00,二氧化碳,延炼12万吨/年乙苯/苯乙烯装置
17.71,ST010118,"<p>%(v/v)</p>
",2025-07-08 08:00:00,氢气,延炼12万吨/年乙苯/苯乙烯装置
27.47,ST010118,"<p>%(v/v)</p>
",2025-07-08 08:00:00,甲烷,延炼12万吨/年乙苯/苯乙烯装置
0.04,ST010118,"<p>%(v/v)</p>
",2025-07-08 08:00:00,丙烷,延炼12万吨/年乙苯/苯乙烯装置
0.10,ST010118,"<p>%(v/v)</p>
",2025-07-08 08:00:00,丙烯,延炼12万吨/年乙苯/苯乙烯装置
14.76,ST010118,"<p>%(v/v)</p>
",2025-07-08 08:00:00,乙烯,延炼12万吨/年乙苯/苯乙烯装置
0.00,ST010118,"<p>%(v/v)</p>
",2025-07-08 08:00:00,碳四(合计),延炼12万吨/年乙苯/苯乙烯装置
0.00,ST010118,"<p>%(v/v)</p>
",2025-07-08 08:00:00,异戊烷,延炼12万吨/年乙苯/苯乙烯装置
0.00,ST010118,"<p>%(v/v)</p>
",2025-07-08 08:00:00,正戊烷,延炼12万吨/年乙苯/苯乙烯装置
13.44,ST010118,"<p>%(v/v)</p>
",2025-07-08 08:00:00,乙烷,延炼12万吨/年乙苯/苯乙烯装置
0.00,ST010118,"<p>%(v/v)</p>
",2025-07-08 08:00:00,碳五(合计),延炼12万吨/年乙苯/苯乙烯装置
1.0,ST010118,<p>mg/kg</p>,2025-07-09 08:00:00,硫化氢,延炼12万吨/年乙苯/苯乙烯装置
0.60,ST010118,"<p>%(v/v)</p>
",2025-07-09 08:00:00,氧气,延炼12万吨/年乙苯/苯乙烯装置
20.47,ST010118,"<p>%(v/v)</p>
",2025-07-09 08:00:00,氮气,延炼12万吨/年乙苯/苯乙烯装置
1.96,ST010118,"<p>%(v/v)</p>
",2025-07-09 08:00:00,一氧化碳,延炼12万吨/年乙苯/苯乙烯装置
1.87,ST010118,"<p>%(v/v)</p>
",2025-07-09 08:00:00,二氧化碳,延炼12万吨/年乙苯/苯乙烯装置
18.07,ST010118,"<p>%(v/v)</p>
",2025-07-09 08:00:00,氢气,延炼12万吨/年乙苯/苯乙烯装置
27.70,ST010118,"<p>%(v/v)</p>
",2025-07-09 08:00:00,甲烷,延炼12万吨/年乙苯/苯乙烯装置
0.05,ST010118,"<p>%(v/v)</p>
",2025-07-09 08:00:00,丙烷,延炼12万吨/年乙苯/苯乙烯装置
0.12,ST010118,"<p>%(v/v)</p>
",2025-07-09 08:00:00,丙烯,延炼12万吨/年乙苯/苯乙烯装置
15.25,ST010118,"<p>%(v/v)</p>
",2025-07-09 08:00:00,乙烯,延炼12万吨/年乙苯/苯乙烯装置
0.00,ST010118,"<p>%(v/v)</p>
",2025-07-09 08:00:00,碳四(合计),延炼12万吨/年乙苯/苯乙烯装置
0.00,ST010118,"<p>%(v/v)</p>
",2025-07-09 08:00:00,异戊烷,延炼12万吨/年乙苯/苯乙烯装置
0.00,ST010118,"<p>%(v/v)</p>
",2025-07-09 08:00:00,正戊烷,延炼12万吨/年乙苯/苯乙烯装置
13.92,ST010118,"<p>%(v/v)</p>
",2025-07-09 08:00:00,乙烷,延炼12万吨/年乙苯/苯乙烯装置
0.00,ST010118,"<p>%(v/v)</p>
",2025-07-09 08:00:00,碳五(合计),延炼12万吨/年乙苯/苯乙烯装置
1.0,ST010118,<p>mg/kg</p>,2025-07-10 08:00:00,硫化氢,延炼12万吨/年乙苯/苯乙烯装置
0.85,ST010118,"<p>%(v/v)</p>
",2025-07-10 08:00:00,氧气,延炼12万吨/年乙苯/苯乙烯装置
21.38,ST010118,"<p>%(v/v)</p>
",2025-07-10 08:00:00,氮气,延炼12万吨/年乙苯/苯乙烯装置
1.83,ST010118,"<p>%(v/v)</p>
",2025-07-10 08:00:00,一氧化碳,延炼12万吨/年乙苯/苯乙烯装置
2.04,ST010118,"<p>%(v/v)</p>
",2025-07-10 08:00:00,二氧化碳,延炼12万吨/年乙苯/苯乙烯装置
17.73,ST010118,"<p>%(v/v)</p>
",2025-07-10 08:00:00,氢气,延炼12万吨/年乙苯/苯乙烯装置
27.44,ST010118,"<p>%(v/v)</p>
",2025-07-10 08:00:00,甲烷,延炼12万吨/年乙苯/苯乙烯装置
0.06,ST010118,"<p>%(v/v)</p>
",2025-07-10 08:00:00,丙烷,延炼12万吨/年乙苯/苯乙烯装置
0.14,ST010118,"<p>%(v/v)</p>
",2025-07-10 08:00:00,丙烯,延炼12万吨/年乙苯/苯乙烯装置
14.99,ST010118,"<p>%(v/v)</p>
",2025-07-10 08:00:00,乙烯,延炼12万吨/年乙苯/苯乙烯装置
0.00,ST010118,"<p>%(v/v)</p>
",2025-07-10 08:00:00,碳四(合计),延炼12万吨/年乙苯/苯乙烯装置
0.00,ST010118,"<p>%(v/v)</p>
",2025-07-10 08:00:00,异戊烷,延炼12万吨/年乙苯/苯乙烯装置
0.00,ST010118,"<p>%(v/v)</p>
",2025-07-10 08:00:00,正戊烷,延炼12万吨/年乙苯/苯乙烯装置
13.54,ST010118,"<p>%(v/v)</p>
",2025-07-10 08:00:00,乙烷,延炼12万吨/年乙苯/苯乙烯装置
0.00,ST010118,"<p>%(v/v)</p>
",2025-07-10 08:00:00,碳五(合计),延炼12万吨/年乙苯/苯乙烯装置
1.0,ST010118,<p>mg/kg</p>,2025-07-11 08:00:00,硫化氢,延炼12万吨/年乙苯/苯乙烯装置
1.05,ST010118,"<p>%(v/v)</p>
",2025-07-11 08:00:00,氧气,延炼12万吨/年乙苯/苯乙烯装置
21.51,ST010118,"<p>%(v/v)</p>
",2025-07-11 08:00:00,氮气,延炼12万吨/年乙苯/苯乙烯装置
1.94,ST010118,"<p>%(v/v)</p>
",2025-07-11 08:00:00,一氧化碳,延炼12万吨/年乙苯/苯乙烯装置
1.84,ST010118,"<p>%(v/v)</p>
",2025-07-11 08:00:00,二氧化碳,延炼12万吨/年乙苯/苯乙烯装置
17.80,ST010118,"<p>%(v/v)</p>
",2025-07-11 08:00:00,氢气,延炼12万吨/年乙苯/苯乙烯装置
27.60,ST010118,"<p>%(v/v)</p>
",2025-07-11 08:00:00,甲烷,延炼12万吨/年乙苯/苯乙烯装置
0.05,ST010118,"<p>%(v/v)</p>
",2025-07-11 08:00:00,丙烷,延炼12万吨/年乙苯/苯乙烯装置
0.12,ST010118,"<p>%(v/v)</p>
",2025-07-11 08:00:00,丙烯,延炼12万吨/年乙苯/苯乙烯装置
14.82,ST010118,"<p>%(v/v)</p>
",2025-07-11 08:00:00,乙烯,延炼12万吨/年乙苯/苯乙烯装置
0.00,ST010118,"<p>%(v/v)</p>
",2025-07-11 08:00:00,碳四(合计),延炼12万吨/年乙苯/苯乙烯装置
0.00,ST010118,"<p>%(v/v)</p>
",2025-07-11 08:00:00,异戊烷,延炼12万吨/年乙苯/苯乙烯装置
0.00,ST010118,"<p>%(v/v)</p>
",2025-07-11 08:00:00,正戊烷,延炼12万吨/年乙苯/苯乙烯装置
13.28,ST010118,"<p>%(v/v)</p>
",2025-07-11 08:00:00,乙烷,延炼12万吨/年乙苯/苯乙烯装置
0.00,ST010118,"<p>%(v/v)</p>
",2025-07-11 08:00:00,碳五(合计),延炼12万吨/年乙苯/苯乙烯装置
1.0,ST010118,<p>mg/kg</p>,2025-07-12 08:00:00,硫化氢,延炼12万吨/年乙苯/苯乙烯装置
0.46,ST010118,"<p>%(v/v)</p>
",2025-07-12 08:00:00,氧气,延炼12万吨/年乙苯/苯乙烯装置
20.72,ST010118,"<p>%(v/v)</p>
",2025-07-12 08:00:00,氮气,延炼12万吨/年乙苯/苯乙烯装置
1.83,ST010118,"<p>%(v/v)</p>
",2025-07-12 08:00:00,一氧化碳,延炼12万吨/年乙苯/苯乙烯装置
2.03,ST010118,"<p>%(v/v)</p>
",2025-07-12 08:00:00,二氧化碳,延炼12万吨/年乙苯/苯乙烯装置
17.94,ST010118,"<p>%(v/v)</p>
",2025-07-12 08:00:00,氢气,延炼12万吨/年乙苯/苯乙烯装置
28.02,ST010118,"<p>%(v/v)</p>
",2025-07-12 08:00:00,甲烷,延炼12万吨/年乙苯/苯乙烯装置
0.05,ST010118,"<p>%(v/v)</p>
",2025-07-12 08:00:00,丙烷,延炼12万吨/年乙苯/苯乙烯装置
0.12,ST010118,"<p>%(v/v)</p>
",2025-07-12 08:00:00,丙烯,延炼12万吨/年乙苯/苯乙烯装置
15.10,ST010118,"<p>%(v/v)</p>
",2025-07-12 08:00:00,乙烯,延炼12万吨/年乙苯/苯乙烯装置
0.00,ST010118,"<p>%(v/v)</p>
",2025-07-12 08:00:00,碳四(合计),延炼12万吨/年乙苯/苯乙烯装置
0.00,ST010118,"<p>%(v/v)</p>
",2025-07-12 08:00:00,异戊烷,延炼12万吨/年乙苯/苯乙烯装置
0.00,ST010118,"<p>%(v/v)</p>
",2025-07-12 08:00:00,正戊烷,延炼12万吨/年乙苯/苯乙烯装置
13.74,ST010118,"<p>%(v/v)</p>
",2025-07-12 08:00:00,乙烷,延炼12万吨/年乙苯/苯乙烯装置
0.00,ST010118,"<p>%(v/v)</p>
",2025-07-12 08:00:00,碳五(合计),延炼12万吨/年乙苯/苯乙烯装置
1.0,ST010118,<p>mg/kg</p>,2025-07-13 08:00:00,硫化氢,延炼12万吨/年乙苯/苯乙烯装置
0.46,ST010118,"<p>%(v/v)</p>
",2025-07-13 08:00:00,氧气,延炼12万吨/年乙苯/苯乙烯装置
19.06,ST010118,"<p>%(v/v)</p>
",2025-07-13 08:00:00,氮气,延炼12万吨/年乙苯/苯乙烯装置
1.92,ST010118,"<p>%(v/v)</p>
",2025-07-13 08:00:00,一氧化碳,延炼12万吨/年乙苯/苯乙烯装置
1.75,ST010118,"<p>%(v/v)</p>
",2025-07-13 08:00:00,二氧化碳,延炼12万吨/年乙苯/苯乙烯装置
18.47,ST010118,"<p>%(v/v)</p>
",2025-07-13 08:00:00,氢气,延炼12万吨/年乙苯/苯乙烯装置
28.48,ST010118,"<p>%(v/v)</p>
",2025-07-13 08:00:00,甲烷,延炼12万吨/年乙苯/苯乙烯装置
0.06,ST010118,"<p>%(v/v)</p>
",2025-07-13 08:00:00,丙烷,延炼12万吨/年乙苯/苯乙烯装置
0.13,ST010118,"<p>%(v/v)</p>
",2025-07-13 08:00:00,丙烯,延炼12万吨/年乙苯/苯乙烯装置
15.48,ST010118,"<p>%(v/v)</p>
",2025-07-13 08:00:00,乙烯,延炼12万吨/年乙苯/苯乙烯装置
0.00,ST010118,"<p>%(v/v)</p>
",2025-07-13 08:00:00,碳四(合计),延炼12万吨/年乙苯/苯乙烯装置
0.00,ST010118,"<p>%(v/v)</p>
",2025-07-13 08:00:00,异戊烷,延炼12万吨/年乙苯/苯乙烯装置
0.00,ST010118,"<p>%(v/v)</p>
",2025-07-13 08:00:00,正戊烷,延炼12万吨/年乙苯/苯乙烯装置
14.20,ST010118,"<p>%(v/v)</p>
",2025-07-13 08:00:00,乙烷,延炼12万吨/年乙苯/苯乙烯装置
0.00,ST010118,"<p>%(v/v)</p>
",2025-07-13 08:00:00,碳五(合计),延炼12万吨/年乙苯/苯乙烯装置
1.0,ST010118,<p>mg/kg</p>,2025-07-14 08:00:00,硫化氢,延炼12万吨/年乙苯/苯乙烯装置
0.35,ST010118,"<p>%(v/v)</p>
",2025-07-14 08:00:00,氧气,延炼12万吨/年乙苯/苯乙烯装置
19.34,ST010118,"<p>%(v/v)</p>
",2025-07-14 08:00:00,氮气,延炼12万吨/年乙苯/苯乙烯装置
1.90,ST010118,"<p>%(v/v)</p>
",2025-07-14 08:00:00,一氧化碳,延炼12万吨/年乙苯/苯乙烯装置
2.00,ST010118,"<p>%(v/v)</p>
",2025-07-14 08:00:00,二氧化碳,延炼12万吨/年乙苯/苯乙烯装置
19.02,ST010118,"<p>%(v/v)</p>
",2025-07-14 08:00:00,氢气,延炼12万吨/年乙苯/苯乙烯装置
29.20,ST010118,"<p>%(v/v)</p>
",2025-07-14 08:00:00,甲烷,延炼12万吨/年乙苯/苯乙烯装置
0.06,ST010118,"<p>%(v/v)</p>
",2025-07-14 08:00:00,丙烷,延炼12万吨/年乙苯/苯乙烯装置
0.14,ST010118,"<p>%(v/v)</p>
",2025-07-14 08:00:00,丙烯,延炼12万吨/年乙苯/苯乙烯装置
14.96,ST010118,"<p>%(v/v)</p>
",2025-07-14 08:00:00,乙烯,延炼12万吨/年乙苯/苯乙烯装置
0.00,ST010118,"<p>%(v/v)</p>
",2025-07-14 08:00:00,碳四(合计),延炼12万吨/年乙苯/苯乙烯装置
0.00,ST010118,"<p>%(v/v)</p>
",2025-07-14 08:00:00,异戊烷,延炼12万吨/年乙苯/苯乙烯装置
0.00,ST010118,"<p>%(v/v)</p>
",2025-07-14 08:00:00,正戊烷,延炼12万吨/年乙苯/苯乙烯装置
13.03,ST010118,"<p>%(v/v)</p>
",2025-07-14 08:00:00,乙烷,延炼12万吨/年乙苯/苯乙烯装置
0.00,ST010118,"<p>%(v/v)</p>
",2025-07-14 08:00:00,碳五(合计),延炼12万吨/年乙苯/苯乙烯装置
1.0,ST010118,<p>mg/kg</p>,2025-07-15 08:00:00,硫化氢,延炼12万吨/年乙苯/苯乙烯装置
1.32,ST010118,"<p>%(v/v)</p>
",2025-07-15 08:00:00,氧气,延炼12万吨/年乙苯/苯乙烯装置
21.20,ST010118,"<p>%(v/v)</p>
",2025-07-15 08:00:00,氮气,延炼12万吨/年乙苯/苯乙烯装置
1.79,ST010118,"<p>%(v/v)</p>
",2025-07-15 08:00:00,一氧化碳,延炼12万吨/年乙苯/苯乙烯装置
1.78,ST010118,"<p>%(v/v)</p>
",2025-07-15 08:00:00,二氧化碳,延炼12万吨/年乙苯/苯乙烯装置
16.55,ST010118,"<p>%(v/v)</p>
",2025-07-15 08:00:00,氢气,延炼12万吨/年乙苯/苯乙烯装置
28.19,ST010118,"<p>%(v/v)</p>
",2025-07-15 08:00:00,甲烷,延炼12万吨/年乙苯/苯乙烯装置
0.06,ST010118,"<p>%(v/v)</p>
",2025-07-15 08:00:00,丙烷,延炼12万吨/年乙苯/苯乙烯装置
0.14,ST010118,"<p>%(v/v)</p>
",2025-07-15 08:00:00,丙烯,延炼12万吨/年乙苯/苯乙烯装置
15.03,ST010118,"<p>%(v/v)</p>
",2025-07-15 08:00:00,乙烯,延炼12万吨/年乙苯/苯乙烯装置
0.00,ST010118,"<p>%(v/v)</p>
",2025-07-15 08:00:00,碳四(合计),延炼12万吨/年乙苯/苯乙烯装置
0.00,ST010118,"<p>%(v/v)</p>
",2025-07-15 08:00:00,异戊烷,延炼12万吨/年乙苯/苯乙烯装置
0.00,ST010118,"<p>%(v/v)</p>
",2025-07-15 08:00:00,正戊烷,延炼12万吨/年乙苯/苯乙烯装置
13.95,ST010118,"<p>%(v/v)</p>
",2025-07-15 08:00:00,乙烷,延炼12万吨/年乙苯/苯乙烯装置
0.00,ST010118,"<p>%(v/v)</p>
",2025-07-15 08:00:00,碳五(合计),延炼12万吨/年乙苯/苯乙烯装置
1.0,ST010118,<p>mg/kg</p>,2025-07-16 08:00:00,硫化氢,延炼12万吨/年乙苯/苯乙烯装置
1.50,ST010118,"<p>%(v/v)</p>
",2025-07-16 08:00:00,氧气,延炼12万吨/年乙苯/苯乙烯装置
20.93,ST010118,"<p>%(v/v)</p>
",2025-07-16 08:00:00,氮气,延炼12万吨/年乙苯/苯乙烯装置
1.73,ST010118,"<p>%(v/v)</p>
",2025-07-16 08:00:00,一氧化碳,延炼12万吨/年乙苯/苯乙烯装置
1.97,ST010118,"<p>%(v/v)</p>
",2025-07-16 08:00:00,二氧化碳,延炼12万吨/年乙苯/苯乙烯装置
17.16,ST010118,"<p>%(v/v)</p>
",2025-07-16 08:00:00,氢气,延炼12万吨/年乙苯/苯乙烯装置
27.55,ST010118,"<p>%(v/v)</p>
",2025-07-16 08:00:00,甲烷,延炼12万吨/年乙苯/苯乙烯装置
0.08,ST010118,"<p>%(v/v)</p>
",2025-07-16 08:00:00,丙烷,延炼12万吨/年乙苯/苯乙烯装置
0.19,ST010118,"<p>%(v/v)</p>
",2025-07-16 08:00:00,丙烯,延炼12万吨/年乙苯/苯乙烯装置
14.74,ST010118,"<p>%(v/v)</p>
",2025-07-16 08:00:00,乙烯,延炼12万吨/年乙苯/苯乙烯装置
0.00,ST010118,"<p>%(v/v)</p>
",2025-07-16 08:00:00,碳四(合计),延炼12万吨/年乙苯/苯乙烯装置
0.00,ST010118,"<p>%(v/v)</p>
",2025-07-16 08:00:00,异戊烷,延炼12万吨/年乙苯/苯乙烯装置
0.00,ST010118,"<p>%(v/v)</p>
",2025-07-16 08:00:00,正戊烷,延炼12万吨/年乙苯/苯乙烯装置
14.15,ST010118,"<p>%(v/v)</p>
",2025-07-16 08:00:00,乙烷,延炼12万吨/年乙苯/苯乙烯装置
0.00,ST010118,"<p>%(v/v)</p>
",2025-07-16 08:00:00,碳五(合计),延炼12万吨/年乙苯/苯乙烯装置
1.0,ST010118,<p>mg/kg</p>,2025-07-17 08:00:00,硫化氢,延炼12万吨/年乙苯/苯乙烯装置
0.63,ST010118,"<p>%(v/v)</p>
",2025-07-17 08:00:00,氧气,延炼12万吨/年乙苯/苯乙烯装置
18.66,ST010118,"<p>%(v/v)</p>
",2025-07-17 08:00:00,氮气,延炼12万吨/年乙苯/苯乙烯装置
1.80,ST010118,"<p>%(v/v)</p>
",2025-07-17 08:00:00,一氧化碳,延炼12万吨/年乙苯/苯乙烯装置
2.05,ST010118,"<p>%(v/v)</p>
",2025-07-17 08:00:00,二氧化碳,延炼12万吨/年乙苯/苯乙烯装置
18.31,ST010118,"<p>%(v/v)</p>
",2025-07-17 08:00:00,氢气,延炼12万吨/年乙苯/苯乙烯装置
28.64,ST010118,"<p>%(v/v)</p>
",2025-07-17 08:00:00,甲烷,延炼12万吨/年乙苯/苯乙烯装置
0.08,ST010118,"<p>%(v/v)</p>
",2025-07-17 08:00:00,丙烷,延炼12万吨/年乙苯/苯乙烯装置
0.19,ST010118,"<p>%(v/v)</p>
",2025-07-17 08:00:00,丙烯,延炼12万吨/年乙苯/苯乙烯装置
15.19,ST010118,"<p>%(v/v)</p>
",2025-07-17 08:00:00,乙烯,延炼12万吨/年乙苯/苯乙烯装置
0.00,ST010118,"<p>%(v/v)</p>
",2025-07-17 08:00:00,碳四(合计),延炼12万吨/年乙苯/苯乙烯装置
0.00,ST010118,"<p>%(v/v)</p>
",2025-07-17 08:00:00,异戊烷,延炼12万吨/年乙苯/苯乙烯装置
0.00,ST010118,"<p>%(v/v)</p>
",2025-07-17 08:00:00,正戊烷,延炼12万吨/年乙苯/苯乙烯装置
14.46,ST010118,"<p>%(v/v)</p>
",2025-07-17 08:00:00,乙烷,延炼12万吨/年乙苯/苯乙烯装置
0.00,ST010118,"<p>%(v/v)</p>
",2025-07-17 08:00:00,碳五(合计),延炼12万吨/年乙苯/苯乙烯装置
1.0,ST010118,<p>mg/kg</p>,2025-07-18 08:00:00,硫化氢,延炼12万吨/年乙苯/苯乙烯装置
0.66,ST010118,"<p>%(v/v)</p>
",2025-07-18 08:00:00,氧气,延炼12万吨/年乙苯/苯乙烯装置
18.89,ST010118,"<p>%(v/v)</p>
",2025-07-18 08:00:00,氮气,延炼12万吨/年乙苯/苯乙烯装置
1.90,ST010118,"<p>%(v/v)</p>
",2025-07-18 08:00:00,一氧化碳,延炼12万吨/年乙苯/苯乙烯装置
1.77,ST010118,"<p>%(v/v)</p>
",2025-07-18 08:00:00,二氧化碳,延炼12万吨/年乙苯/苯乙烯装置
18.96,ST010118,"<p>%(v/v)</p>
",2025-07-18 08:00:00,氢气,延炼12万吨/年乙苯/苯乙烯装置
28.50,ST010118,"<p>%(v/v)</p>
",2025-07-18 08:00:00,甲烷,延炼12万吨/年乙苯/苯乙烯装置
0.07,ST010118,"<p>%(v/v)</p>
",2025-07-18 08:00:00,丙烷,延炼12万吨/年乙苯/苯乙烯装置
0.16,ST010118,"<p>%(v/v)</p>
",2025-07-18 08:00:00,丙烯,延炼12万吨/年乙苯/苯乙烯装置
15.04,ST010118,"<p>%(v/v)</p>
",2025-07-18 08:00:00,乙烯,延炼12万吨/年乙苯/苯乙烯装置
0.00,ST010118,"<p>%(v/v)</p>
",2025-07-18 08:00:00,碳四(合计),延炼12万吨/年乙苯/苯乙烯装置
0.00,ST010118,"<p>%(v/v)</p>
",2025-07-18 08:00:00,异戊烷,延炼12万吨/年乙苯/苯乙烯装置
0.00,ST010118,"<p>%(v/v)</p>
",2025-07-18 08:00:00,正戊烷,延炼12万吨/年乙苯/苯乙烯装置
14.06,ST010118,"<p>%(v/v)</p>
",2025-07-18 08:00:00,乙烷,延炼12万吨/年乙苯/苯乙烯装置
0.00,ST010118,"<p>%(v/v)</p>
",2025-07-18 08:00:00,碳五(合计),延炼12万吨/年乙苯/苯乙烯装置
1.0,ST010118,<p>mg/kg</p>,2025-07-19 08:00:00,硫化氢,延炼12万吨/年乙苯/苯乙烯装置
0.69,ST010118,"<p>%(v/v)</p>
",2025-07-19 08:00:00,氧气,延炼12万吨/年乙苯/苯乙烯装置
19.18,ST010118,"<p>%(v/v)</p>
",2025-07-19 08:00:00,氮气,延炼12万吨/年乙苯/苯乙烯装置
1.87,ST010118,"<p>%(v/v)</p>
",2025-07-19 08:00:00,一氧化碳,延炼12万吨/年乙苯/苯乙烯装置
1.92,ST010118,"<p>%(v/v)</p>
",2025-07-19 08:00:00,二氧化碳,延炼12万吨/年乙苯/苯乙烯装置
18.10,ST010118,"<p>%(v/v)</p>
",2025-07-19 08:00:00,氢气,延炼12万吨/年乙苯/苯乙烯装置
28.88,ST010118,"<p>%(v/v)</p>
",2025-07-19 08:00:00,甲烷,延炼12万吨/年乙苯/苯乙烯装置
0.06,ST010118,"<p>%(v/v)</p>
",2025-07-19 08:00:00,丙烷,延炼12万吨/年乙苯/苯乙烯装置
0.16,ST010118,"<p>%(v/v)</p>
",2025-07-19 08:00:00,丙烯,延炼12万吨/年乙苯/苯乙烯装置
15.20,ST010118,"<p>%(v/v)</p>
",2025-07-19 08:00:00,乙烯,延炼12万吨/年乙苯/苯乙烯装置
0.00,ST010118,"<p>%(v/v)</p>
",2025-07-19 08:00:00,碳四(合计),延炼12万吨/年乙苯/苯乙烯装置
0.00,ST010118,"<p>%(v/v)</p>
",2025-07-19 08:00:00,异戊烷,延炼12万吨/年乙苯/苯乙烯装置
0.00,ST010118,"<p>%(v/v)</p>
",2025-07-19 08:00:00,正戊烷,延炼12万吨/年乙苯/苯乙烯装置
13.94,ST010118,"<p>%(v/v)</p>
",2025-07-19 08:00:00,乙烷,延炼12万吨/年乙苯/苯乙烯装置
0.00,ST010118,"<p>%(v/v)</p>
",2025-07-19 08:00:00,碳五(合计),延炼12万吨/年乙苯/苯乙烯装置
1.0,ST010118,<p>mg/kg</p>,2025-07-20 08:00:00,硫化氢,延炼12万吨/年乙苯/苯乙烯装置
0.72,ST010118,"<p>%(v/v)</p>
",2025-07-20 08:00:00,氧气,延炼12万吨/年乙苯/苯乙烯装置
18.99,ST010118,"<p>%(v/v)</p>
",2025-07-20 08:00:00,氮气,延炼12万吨/年乙苯/苯乙烯装置
1.92,ST010118,"<p>%(v/v)</p>
",2025-07-20 08:00:00,一氧化碳,延炼12万吨/年乙苯/苯乙烯装置
1.84,ST010118,"<p>%(v/v)</p>
",2025-07-20 08:00:00,二氧化碳,延炼12万吨/年乙苯/苯乙烯装置
19.02,ST010118,"<p>%(v/v)</p>
",2025-07-20 08:00:00,氢气,延炼12万吨/年乙苯/苯乙烯装置
28.12,ST010118,"<p>%(v/v)</p>
",2025-07-20 08:00:00,甲烷,延炼12万吨/年乙苯/苯乙烯装置
0.08,ST010118,"<p>%(v/v)</p>
",2025-07-20 08:00:00,丙烷,延炼12万吨/年乙苯/苯乙烯装置
0.19,ST010118,"<p>%(v/v)</p>
",2025-07-20 08:00:00,丙烯,延炼12万吨/年乙苯/苯乙烯装置
14.89,ST010118,"<p>%(v/v)</p>
",2025-07-20 08:00:00,乙烯,延炼12万吨/年乙苯/苯乙烯装置
0.00,ST010118,"<p>%(v/v)</p>
",2025-07-20 08:00:00,碳四(合计),延炼12万吨/年乙苯/苯乙烯装置
0.00,ST010118,"<p>%(v/v)</p>
",2025-07-20 08:00:00,异戊烷,延炼12万吨/年乙苯/苯乙烯装置
0.00,ST010118,"<p>%(v/v)</p>
",2025-07-20 08:00:00,正戊烷,延炼12万吨/年乙苯/苯乙烯装置
14.22,ST010118,"<p>%(v/v)</p>
",2025-07-20 08:00:00,乙烷,延炼12万吨/年乙苯/苯乙烯装置
0.00,ST010118,"<p>%(v/v)</p>
",2025-07-20 08:00:00,碳五(合计),延炼12万吨/年乙苯/苯乙烯装置
0.16,ST010118,"<p>%(v/v)</p>
",2025-07-21 08:00:00,丙烯,延炼12万吨/年乙苯/苯乙烯装置
15.01,ST010118,"<p>%(v/v)</p>
",2025-07-21 08:00:00,乙烯,延炼12万吨/年乙苯/苯乙烯装置
0.00,ST010118,"<p>%(v/v)</p>
",2025-07-21 08:00:00,碳四(合计),延炼12万吨/年乙苯/苯乙烯装置
0.00,ST010118,"<p>%(v/v)</p>
",2025-07-21 08:00:00,异戊烷,延炼12万吨/年乙苯/苯乙烯装置
0.00,ST010118,"<p>%(v/v)</p>
",2025-07-21 08:00:00,正戊烷,延炼12万吨/年乙苯/苯乙烯装置
13.74,ST010118,"<p>%(v/v)</p>
",2025-07-21 08:00:00,乙烷,延炼12万吨/年乙苯/苯乙烯装置
0.00,ST010118,"<p>%(v/v)</p>
",2025-07-21 08:00:00,碳五(合计),延炼12万吨/年乙苯/苯乙烯装置
1.0,ST010118,<p>mg/kg</p>,2025-07-21 08:00:00,硫化氢,延炼12万吨/年乙苯/苯乙烯装置
0.62,ST010118,"<p>%(v/v)</p>
",2025-07-21 08:00:00,氧气,延炼12万吨/年乙苯/苯乙烯装置
18.69,ST010118,"<p>%(v/v)</p>
",2025-07-21 08:00:00,氮气,延炼12万吨/年乙苯/苯乙烯装置
1.91,ST010118,"<p>%(v/v)</p>
",2025-07-21 08:00:00,一氧化碳,延炼12万吨/年乙苯/苯乙烯装置
2.02,ST010118,"<p>%(v/v)</p>
",2025-07-21 08:00:00,二氧化碳,延炼12万吨/年乙苯/苯乙烯装置
19.28,ST010118,"<p>%(v/v)</p>
",2025-07-21 08:00:00,氢气,延炼12万吨/年乙苯/苯乙烯装置
28.50,ST010118,"<p>%(v/v)</p>
",2025-07-21 08:00:00,甲烷,延炼12万吨/年乙苯/苯乙烯装置
0.07,ST010118,"<p>%(v/v)</p>
",2025-07-21 08:00:00,丙烷,延炼12万吨/年乙苯/苯乙烯装置
1.0,ST010118,<p>mg/kg</p>,2025-07-22 08:00:00,硫化氢,延炼12万吨/年乙苯/苯乙烯装置
0.64,ST010118,"<p>%(v/v)</p>
",2025-07-22 08:00:00,氧气,延炼12万吨/年乙苯/苯乙烯装置
20.02,ST010118,"<p>%(v/v)</p>
",2025-07-22 08:00:00,氮气,延炼12万吨/年乙苯/苯乙烯装置
1.74,ST010118,"<p>%(v/v)</p>
",2025-07-22 08:00:00,一氧化碳,延炼12万吨/年乙苯/苯乙烯装置
1.99,ST010118,"<p>%(v/v)</p>
",2025-07-22 08:00:00,二氧化碳,延炼12万吨/年乙苯/苯乙烯装置
19.74,ST010118,"<p>%(v/v)</p>
",2025-07-22 08:00:00,氢气,延炼12万吨/年乙苯/苯乙烯装置
28.17,ST010118,"<p>%(v/v)</p>
",2025-07-22 08:00:00,甲烷,延炼12万吨/年乙苯/苯乙烯装置
0.07,ST010118,"<p>%(v/v)</p>
",2025-07-22 08:00:00,丙烷,延炼12万吨/年乙苯/苯乙烯装置
0.16,ST010118,"<p>%(v/v)</p>
",2025-07-22 08:00:00,丙烯,延炼12万吨/年乙苯/苯乙烯装置
14.20,ST010118,"<p>%(v/v)</p>
",2025-07-22 08:00:00,乙烯,延炼12万吨/年乙苯/苯乙烯装置
0.00,ST010118,"<p>%(v/v)</p>
",2025-07-22 08:00:00,碳四(合计),延炼12万吨/年乙苯/苯乙烯装置
0.00,ST010118,"<p>%(v/v)</p>
",2025-07-22 08:00:00,异戊烷,延炼12万吨/年乙苯/苯乙烯装置
0.00,ST010118,"<p>%(v/v)</p>
",2025-07-22 08:00:00,正戊烷,延炼12万吨/年乙苯/苯乙烯装置
13.25,ST010118,"<p>%(v/v)</p>
",2025-07-22 08:00:00,乙烷,延炼12万吨/年乙苯/苯乙烯装置
0.00,ST010118,"<p>%(v/v)</p>
",2025-07-22 08:00:00,碳五(合计),延炼12万吨/年乙苯/苯乙烯装置
1.0,ST010118,<p>mg/kg</p>,2025-07-23 08:00:00,硫化氢,延炼12万吨/年乙苯/苯乙烯装置
1.11,ST010118,"<p>%(v/v)</p>
",2025-07-23 08:00:00,氧气,延炼12万吨/年乙苯/苯乙烯装置
19.78,ST010118,"<p>%(v/v)</p>
",2025-07-23 08:00:00,氮气,延炼12万吨/年乙苯/苯乙烯装置
1.89,ST010118,"<p>%(v/v)</p>
",2025-07-23 08:00:00,一氧化碳,延炼12万吨/年乙苯/苯乙烯装置
1.63,ST010118,"<p>%(v/v)</p>
",2025-07-23 08:00:00,二氧化碳,延炼12万吨/年乙苯/苯乙烯装置
17.76,ST010118,"<p>%(v/v)</p>
",2025-07-23 08:00:00,氢气,延炼12万吨/年乙苯/苯乙烯装置
28.70,ST010118,"<p>%(v/v)</p>
",2025-07-23 08:00:00,甲烷,延炼12万吨/年乙苯/苯乙烯装置
0.07,ST010118,"<p>%(v/v)</p>
",2025-07-23 08:00:00,丙烷,延炼12万吨/年乙苯/苯乙烯装置
0.16,ST010118,"<p>%(v/v)</p>
",2025-07-23 08:00:00,丙烯,延炼12万吨/年乙苯/苯乙烯装置
15.11,ST010118,"<p>%(v/v)</p>
",2025-07-23 08:00:00,乙烯,延炼12万吨/年乙苯/苯乙烯装置
0.00,ST010118,"<p>%(v/v)</p>
",2025-07-23 08:00:00,碳四(合计),延炼12万吨/年乙苯/苯乙烯装置
0.00,ST010118,"<p>%(v/v)</p>
",2025-07-23 08:00:00,异戊烷,延炼12万吨/年乙苯/苯乙烯装置
0.00,ST010118,"<p>%(v/v)</p>
",2025-07-23 08:00:00,正戊烷,延炼12万吨/年乙苯/苯乙烯装置
13.80,ST010118,"<p>%(v/v)</p>
",2025-07-23 08:00:00,乙烷,延炼12万吨/年乙苯/苯乙烯装置
0.00,ST010118,"<p>%(v/v)</p>
",2025-07-23 08:00:00,碳五(合计),延炼12万吨/年乙苯/苯乙烯装置
1.0,ST010118,<p>mg/kg</p>,2025-07-24 08:00:00,硫化氢,延炼12万吨/年乙苯/苯乙烯装置
0.63,ST010118,"<p>%(v/v)</p>
",2025-07-24 08:00:00,氧气,延炼12万吨/年乙苯/苯乙烯装置
18.05,ST010118,"<p>%(v/v)</p>
",2025-07-24 08:00:00,氮气,延炼12万吨/年乙苯/苯乙烯装置
1.88,ST010118,"<p>%(v/v)</p>
",2025-07-24 08:00:00,一氧化碳,延炼12万吨/年乙苯/苯乙烯装置
2.02,ST010118,"<p>%(v/v)</p>
",2025-07-24 08:00:00,二氧化碳,延炼12万吨/年乙苯/苯乙烯装置
18.66,ST010118,"<p>%(v/v)</p>
",2025-07-24 08:00:00,氢气,延炼12万吨/年乙苯/苯乙烯装置
28.66,ST010118,"<p>%(v/v)</p>
",2025-07-24 08:00:00,甲烷,延炼12万吨/年乙苯/苯乙烯装置
0.09,ST010118,"<p>%(v/v)</p>
",2025-07-24 08:00:00,丙烷,延炼12万吨/年乙苯/苯乙烯装置
0.22,ST010118,"<p>%(v/v)</p>
",2025-07-24 08:00:00,丙烯,延炼12万吨/年乙苯/苯乙烯装置
15.14,ST010118,"<p>%(v/v)</p>
",2025-07-24 08:00:00,乙烯,延炼12万吨/年乙苯/苯乙烯装置
0.00,ST010118,"<p>%(v/v)</p>
",2025-07-24 08:00:00,碳四(合计),延炼12万吨/年乙苯/苯乙烯装置
0.00,ST010118,"<p>%(v/v)</p>
",2025-07-24 08:00:00,异戊烷,延炼12万吨/年乙苯/苯乙烯装置
0.00,ST010118,"<p>%(v/v)</p>
",2025-07-24 08:00:00,正戊烷,延炼12万吨/年乙苯/苯乙烯装置
14.66,ST010118,"<p>%(v/v)</p>
",2025-07-24 08:00:00,乙烷,延炼12万吨/年乙苯/苯乙烯装置
0.00,ST010118,"<p>%(v/v)</p>
",2025-07-24 08:00:00,碳五(合计),延炼12万吨/年乙苯/苯乙烯装置
1.0,ST010118,<p>mg/kg</p>,2025-07-25 08:00:00,硫化氢,延炼12万吨/年乙苯/苯乙烯装置
0.20,ST010118,"<p>%(v/v)</p>
",2025-07-25 08:00:00,氧气,延炼12万吨/年乙苯/苯乙烯装置
17.08,ST010118,"<p>%(v/v)</p>
",2025-07-25 08:00:00,氮气,延炼12万吨/年乙苯/苯乙烯装置
1.90,ST010118,"<p>%(v/v)</p>
",2025-07-25 08:00:00,一氧化碳,延炼12万吨/年乙苯/苯乙烯装置
2.01,ST010118,"<p>%(v/v)</p>
",2025-07-25 08:00:00,二氧化碳,延炼12万吨/年乙苯/苯乙烯装置
19.57,ST010118,"<p>%(v/v)</p>
",2025-07-25 08:00:00,氢气,延炼12万吨/年乙苯/苯乙烯装置
0.10,ST010118,"<p>%(v/v)</p>
",2025-07-25 08:00:00,丙烷,延炼12万吨/年乙苯/苯乙烯装置
0.23,ST010118,"<p>%(v/v)</p>
",2025-07-25 08:00:00,丙烯,延炼12万吨/年乙苯/苯乙烯装置
15.29,ST010118,"<p>%(v/v)</p>
",2025-07-25 08:00:00,乙烯,延炼12万吨/年乙苯/苯乙烯装置
0.00,ST010118,"<p>%(v/v)</p>
",2025-07-25 08:00:00,碳四(合计),延炼12万吨/年乙苯/苯乙烯装置
0.00,ST010118,"<p>%(v/v)</p>
",2025-07-25 08:00:00,异戊烷,延炼12万吨/年乙苯/苯乙烯装置
0.00,ST010118,"<p>%(v/v)</p>
",2025-07-25 08:00:00,正戊烷,延炼12万吨/年乙苯/苯乙烯装置
14.45,ST010118,"<p>%(v/v)</p>
",2025-07-25 08:00:00,乙烷,延炼12万吨/年乙苯/苯乙烯装置
0.00,ST010118,"<p>%(v/v)</p>
",2025-07-25 08:00:00,碳五(合计),延炼12万吨/年乙苯/苯乙烯装置
29.17,ST010118,"<p>%(v/v)</p>
",2025-07-25 08:00:00,甲烷,延炼12万吨/年乙苯/苯乙烯装置
1.0,ST010118,<p>mg/kg</p>,2025-07-26 08:00:00,硫化氢,延炼12万吨/年乙苯/苯乙烯装置
0.87,ST010118,"<p>%(v/v)</p>
",2025-07-26 08:00:00,氧气,延炼12万吨/年乙苯/苯乙烯装置
19.16,ST010118,"<p>%(v/v)</p>
",2025-07-26 08:00:00,氮气,延炼12万吨/年乙苯/苯乙烯装置
1.89,ST010118,"<p>%(v/v)</p>
",2025-07-26 08:00:00,一氧化碳,延炼12万吨/年乙苯/苯乙烯装置
2.06,ST010118,"<p>%(v/v)</p>
",2025-07-26 08:00:00,二氧化碳,延炼12万吨/年乙苯/苯乙烯装置
19.07,ST010118,"<p>%(v/v)</p>
",2025-07-26 08:00:00,氢气,延炼12万吨/年乙苯/苯乙烯装置
28.05,ST010118,"<p>%(v/v)</p>
",2025-07-26 08:00:00,甲烷,延炼12万吨/年乙苯/苯乙烯装置
0.10,ST010118,"<p>%(v/v)</p>
",2025-07-26 08:00:00,丙烷,延炼12万吨/年乙苯/苯乙烯装置
0.23,ST010118,"<p>%(v/v)</p>
",2025-07-26 08:00:00,丙烯,延炼12万吨/年乙苯/苯乙烯装置
14.82,ST010118,"<p>%(v/v)</p>
",2025-07-26 08:00:00,乙烯,延炼12万吨/年乙苯/苯乙烯装置
0.00,ST010118,"<p>%(v/v)</p>
",2025-07-26 08:00:00,碳四(合计),延炼12万吨/年乙苯/苯乙烯装置
0.00,ST010118,"<p>%(v/v)</p>
",2025-07-26 08:00:00,异戊烷,延炼12万吨/年乙苯/苯乙烯装置
0.00,ST010118,"<p>%(v/v)</p>
",2025-07-26 08:00:00,正戊烷,延炼12万吨/年乙苯/苯乙烯装置
13.75,ST010118,"<p>%(v/v)</p>
",2025-07-26 08:00:00,乙烷,延炼12万吨/年乙苯/苯乙烯装置
0.00,ST010118,"<p>%(v/v)</p>
",2025-07-26 08:00:00,碳五(合计),延炼12万吨/年乙苯/苯乙烯装置
1.0,ST010118,<p>mg/kg</p>,2025-07-27 08:00:00,硫化氢,延炼12万吨/年乙苯/苯乙烯装置
0.74,ST010118,"<p>%(v/v)</p>
",2025-07-27 08:00:00,氧气,延炼12万吨/年乙苯/苯乙烯装置
18.98,ST010118,"<p>%(v/v)</p>
",2025-07-27 08:00:00,氮气,延炼12万吨/年乙苯/苯乙烯装置
1.92,ST010118,"<p>%(v/v)</p>
",2025-07-27 08:00:00,一氧化碳,延炼12万吨/年乙苯/苯乙烯装置
1.99,ST010118,"<p>%(v/v)</p>
",2025-07-27 08:00:00,二氧化碳,延炼12万吨/年乙苯/苯乙烯装置
19.06,ST010118,"<p>%(v/v)</p>
",2025-07-27 08:00:00,氢气,延炼12万吨/年乙苯/苯乙烯装置
28.29,ST010118,"<p>%(v/v)</p>
",2025-07-27 08:00:00,甲烷,延炼12万吨/年乙苯/苯乙烯装置
0.09,ST010118,"<p>%(v/v)</p>
",2025-07-27 08:00:00,丙烷,延炼12万吨/年乙苯/苯乙烯装置
0.22,ST010118,"<p>%(v/v)</p>
",2025-07-27 08:00:00,丙烯,延炼12万吨/年乙苯/苯乙烯装置
14.91,ST010118,"<p>%(v/v)</p>
",2025-07-27 08:00:00,乙烯,延炼12万吨/年乙苯/苯乙烯装置
0.00,ST010118,"<p>%(v/v)</p>
",2025-07-27 08:00:00,碳四(合计),延炼12万吨/年乙苯/苯乙烯装置
0.00,ST010118,"<p>%(v/v)</p>
",2025-07-27 08:00:00,异戊烷,延炼12万吨/年乙苯/苯乙烯装置
0.00,ST010118,"<p>%(v/v)</p>
",2025-07-27 08:00:00,正戊烷,延炼12万吨/年乙苯/苯乙烯装置
13.80,ST010118,"<p>%(v/v)</p>
",2025-07-27 08:00:00,乙烷,延炼12万吨/年乙苯/苯乙烯装置
0.00,ST010118,"<p>%(v/v)</p>
",2025-07-27 08:00:00,碳五(合计),延炼12万吨/年乙苯/苯乙烯装置
1.0,ST010118,<p>mg/kg</p>,2025-07-28 08:00:00,硫化氢,延炼12万吨/年乙苯/苯乙烯装置
0.88,ST010118,"<p>%(v/v)</p>
",2025-07-28 08:00:00,氧气,延炼12万吨/年乙苯/苯乙烯装置
19.95,ST010118,"<p>%(v/v)</p>
",2025-07-28 08:00:00,氮气,延炼12万吨/年乙苯/苯乙烯装置
1.76,ST010118,"<p>%(v/v)</p>
",2025-07-28 08:00:00,一氧化碳,延炼12万吨/年乙苯/苯乙烯装置
2.08,ST010118,"<p>%(v/v)</p>
",2025-07-28 08:00:00,二氧化碳,延炼12万吨/年乙苯/苯乙烯装置
19.34,ST010118,"<p>%(v/v)</p>
",2025-07-28 08:00:00,氢气,延炼12万吨/年乙苯/苯乙烯装置
27.43,ST010118,"<p>%(v/v)</p>
",2025-07-28 08:00:00,甲烷,延炼12万吨/年乙苯/苯乙烯装置
0.10,ST010118,"<p>%(v/v)</p>
",2025-07-28 08:00:00,丙烷,延炼12万吨/年乙苯/苯乙烯装置
0.23,ST010118,"<p>%(v/v)</p>
",2025-07-28 08:00:00,丙烯,延炼12万吨/年乙苯/苯乙烯装置
14.50,ST010118,"<p>%(v/v)</p>
",2025-07-28 08:00:00,乙烯,延炼12万吨/年乙苯/苯乙烯装置
0.00,ST010118,"<p>%(v/v)</p>
",2025-07-28 08:00:00,碳四(合计),延炼12万吨/年乙苯/苯乙烯装置
0.00,ST010118,"<p>%(v/v)</p>
",2025-07-28 08:00:00,异戊烷,延炼12万吨/年乙苯/苯乙烯装置
0.00,ST010118,"<p>%(v/v)</p>
",2025-07-28 08:00:00,正戊烷,延炼12万吨/年乙苯/苯乙烯装置
13.73,ST010118,"<p>%(v/v)</p>
",2025-07-28 08:00:00,乙烷,延炼12万吨/年乙苯/苯乙烯装置
0.00,ST010118,"<p>%(v/v)</p>
",2025-07-28 08:00:00,碳五(合计),延炼12万吨/年乙苯/苯乙烯装置
1.0,ST010118,<p>mg/kg</p>,2025-07-29 08:00:00,硫化氢,延炼12万吨/年乙苯/苯乙烯装置
0.58,ST010118,"<p>%(v/v)</p>
",2025-07-29 08:00:00,氧气,延炼12万吨/年乙苯/苯乙烯装置
17.59,ST010118,"<p>%(v/v)</p>
",2025-07-29 08:00:00,氮气,延炼12万吨/年乙苯/苯乙烯装置
1.83,ST010118,"<p>%(v/v)</p>
",2025-07-29 08:00:00,一氧化碳,延炼12万吨/年乙苯/苯乙烯装置
2.18,ST010118,"<p>%(v/v)</p>
",2025-07-29 08:00:00,二氧化碳,延炼12万吨/年乙苯/苯乙烯装置
19.57,ST010118,"<p>%(v/v)</p>
",2025-07-29 08:00:00,氢气,延炼12万吨/年乙苯/苯乙烯装置
28.24,ST010118,"<p>%(v/v)</p>
",2025-07-29 08:00:00,甲烷,延炼12万吨/年乙苯/苯乙烯装置
0.10,ST010118,"<p>%(v/v)</p>
",2025-07-29 08:00:00,丙烷,延炼12万吨/年乙苯/苯乙烯装置
0.26,ST010118,"<p>%(v/v)</p>
",2025-07-29 08:00:00,丙烯,延炼12万吨/年乙苯/苯乙烯装置
15.06,ST010118,"<p>%(v/v)</p>
",2025-07-29 08:00:00,乙烯,延炼12万吨/年乙苯/苯乙烯装置
0.00,ST010118,"<p>%(v/v)</p>
",2025-07-29 08:00:00,碳四(合计),延炼12万吨/年乙苯/苯乙烯装置
0.00,ST010118,"<p>%(v/v)</p>
",2025-07-29 08:00:00,异戊烷,延炼12万吨/年乙苯/苯乙烯装置
0.00,ST010118,"<p>%(v/v)</p>
",2025-07-29 08:00:00,正戊烷,延炼12万吨/年乙苯/苯乙烯装置
14.58,ST010118,"<p>%(v/v)</p>
",2025-07-29 08:00:00,乙烷,延炼12万吨/年乙苯/苯乙烯装置
0.00,ST010118,"<p>%(v/v)</p>
",2025-07-29 08:00:00,碳五(合计),延炼12万吨/年乙苯/苯乙烯装置
1.0,ST010118,<p>mg/kg</p>,2025-07-30 08:00:00,硫化氢,延炼12万吨/年乙苯/苯乙烯装置
1.08,ST010118,"<p>%(v/v)</p>
",2025-07-30 08:00:00,氧气,延炼12万吨/年乙苯/苯乙烯装置
19.23,ST010118,"<p>%(v/v)</p>
",2025-07-30 08:00:00,氮气,延炼12万吨/年乙苯/苯乙烯装置
1.79,ST010118,"<p>%(v/v)</p>
",2025-07-30 08:00:00,一氧化碳,延炼12万吨/年乙苯/苯乙烯装置
2.19,ST010118,"<p>%(v/v)</p>
",2025-07-30 08:00:00,二氧化碳,延炼12万吨/年乙苯/苯乙烯装置
18.99,ST010118,"<p>%(v/v)</p>
",2025-07-30 08:00:00,氢气,延炼12万吨/年乙苯/苯乙烯装置
27.67,ST010118,"<p>%(v/v)</p>
",2025-07-30 08:00:00,甲烷,延炼12万吨/年乙苯/苯乙烯装置
0.11,ST010118,"<p>%(v/v)</p>
",2025-07-30 08:00:00,丙烷,延炼12万吨/年乙苯/苯乙烯装置
0.26,ST010118,"<p>%(v/v)</p>
",2025-07-30 08:00:00,丙烯,延炼12万吨/年乙苯/苯乙烯装置
14.78,ST010118,"<p>%(v/v)</p>
",2025-07-30 08:00:00,乙烯,延炼12万吨/年乙苯/苯乙烯装置
0.00,ST010118,"<p>%(v/v)</p>
",2025-07-30 08:00:00,碳四(合计),延炼12万吨/年乙苯/苯乙烯装置
0.00,ST010118,"<p>%(v/v)</p>
",2025-07-30 08:00:00,异戊烷,延炼12万吨/年乙苯/苯乙烯装置
0.00,ST010118,"<p>%(v/v)</p>
",2025-07-30 08:00:00,正戊烷,延炼12万吨/年乙苯/苯乙烯装置
13.91,ST010118,"<p>%(v/v)</p>
",2025-07-30 08:00:00,乙烷,延炼12万吨/年乙苯/苯乙烯装置
0.00,ST010118,"<p>%(v/v)</p>
",2025-07-30 08:00:00,碳五(合计),延炼12万吨/年乙苯/苯乙烯装置
1.0,ST010118,<p>mg/kg</p>,2025-07-31 08:00:00,硫化氢,延炼12万吨/年乙苯/苯乙烯装置
0.70,ST010118,"<p>%(v/v)</p>
",2025-07-31 08:00:00,氧气,延炼12万吨/年乙苯/苯乙烯装置
18.32,ST010118,"<p>%(v/v)</p>
",2025-07-31 08:00:00,氮气,延炼12万吨/年乙苯/苯乙烯装置
1.79,ST010118,"<p>%(v/v)</p>
",2025-07-31 08:00:00,一氧化碳,延炼12万吨/年乙苯/苯乙烯装置
2.13,ST010118,"<p>%(v/v)</p>
",2025-07-31 08:00:00,二氧化碳,延炼12万吨/年乙苯/苯乙烯装置
19.31,ST010118,"<p>%(v/v)</p>
",2025-07-31 08:00:00,氢气,延炼12万吨/年乙苯/苯乙烯装置
28.45,ST010118,"<p>%(v/v)</p>
",2025-07-31 08:00:00,甲烷,延炼12万吨/年乙苯/苯乙烯装置
0.09,ST010118,"<p>%(v/v)</p>
",2025-07-31 08:00:00,丙烷,延炼12万吨/年乙苯/苯乙烯装置
0.23,ST010118,"<p>%(v/v)</p>
",2025-07-31 08:00:00,丙烯,延炼12万吨/年乙苯/苯乙烯装置
15.05,ST010118,"<p>%(v/v)</p>
",2025-07-31 08:00:00,乙烯,延炼12万吨/年乙苯/苯乙烯装置
0.00,ST010118,"<p>%(v/v)</p>
",2025-07-31 08:00:00,碳四(合计),延炼12万吨/年乙苯/苯乙烯装置
0.00,ST010118,"<p>%(v/v)</p>
",2025-07-31 08:00:00,异戊烷,延炼12万吨/年乙苯/苯乙烯装置
0.00,ST010118,"<p>%(v/v)</p>
",2025-07-31 08:00:00,正戊烷,延炼12万吨/年乙苯/苯乙烯装置
13.94,ST010118,"<p>%(v/v)</p>
",2025-07-31 08:00:00,乙烷,延炼12万吨/年乙苯/苯乙烯装置
0.00,ST010118,"<p>%(v/v)</p>
",2025-07-31 08:00:00,碳五(合计),延炼12万吨/年乙苯/苯乙烯装置
1.0,ST010118,<p>mg/kg</p>,2025-08-01 08:00:00,硫化氢,延炼12万吨/年乙苯/苯乙烯装置
0.67,ST010118,"<p>%(v/v)</p>
",2025-08-01 08:00:00,氧气,延炼12万吨/年乙苯/苯乙烯装置
18.32,ST010118,"<p>%(v/v)</p>
",2025-08-01 08:00:00,氮气,延炼12万吨/年乙苯/苯乙烯装置
1.82,ST010118,"<p>%(v/v)</p>
",2025-08-01 08:00:00,一氧化碳,延炼12万吨/年乙苯/苯乙烯装置
2.01,ST010118,"<p>%(v/v)</p>
",2025-08-01 08:00:00,二氧化碳,延炼12万吨/年乙苯/苯乙烯装置
19.49,ST010118,"<p>%(v/v)</p>
",2025-08-01 08:00:00,氢气,延炼12万吨/年乙苯/苯乙烯装置
28.54,ST010118,"<p>%(v/v)</p>
",2025-08-01 08:00:00,甲烷,延炼12万吨/年乙苯/苯乙烯装置
0.09,ST010118,"<p>%(v/v)</p>
",2025-08-01 08:00:00,丙烷,延炼12万吨/年乙苯/苯乙烯装置
0.22,ST010118,"<p>%(v/v)</p>
",2025-08-01 08:00:00,丙烯,延炼12万吨/年乙苯/苯乙烯装置
15.14,ST010118,"<p>%(v/v)</p>
",2025-08-01 08:00:00,乙烯,延炼12万吨/年乙苯/苯乙烯装置
0.00,ST010118,"<p>%(v/v)</p>
",2025-08-01 08:00:00,碳四(合计),延炼12万吨/年乙苯/苯乙烯装置
0.00,ST010118,"<p>%(v/v)</p>
",2025-08-01 08:00:00,异戊烷,延炼12万吨/年乙苯/苯乙烯装置
0.00,ST010118,"<p>%(v/v)</p>
",2025-08-01 08:00:00,正戊烷,延炼12万吨/年乙苯/苯乙烯装置
13.70,ST010118,"<p>%(v/v)</p>
",2025-08-01 08:00:00,乙烷,延炼12万吨/年乙苯/苯乙烯装置
0.00,ST010118,"<p>%(v/v)</p>
",2025-08-01 08:00:00,碳五(合计),延炼12万吨/年乙苯/苯乙烯装置
1.0,ST010118,<p>mg/kg</p>,2025-08-02 08:00:00,硫化氢,延炼12万吨/年乙苯/苯乙烯装置
1.34,ST010118,"<p>%(v/v)</p>
",2025-08-02 08:00:00,氧气,延炼12万吨/年乙苯/苯乙烯装置
19.94,ST010118,"<p>%(v/v)</p>
",2025-08-02 08:00:00,氮气,延炼12万吨/年乙苯/苯乙烯装置
1.75,ST010118,"<p>%(v/v)</p>
",2025-08-02 08:00:00,一氧化碳,延炼12万吨/年乙苯/苯乙烯装置
2.03,ST010118,"<p>%(v/v)</p>
",2025-08-02 08:00:00,二氧化碳,延炼12万吨/年乙苯/苯乙烯装置
18.65,ST010118,"<p>%(v/v)</p>
",2025-08-02 08:00:00,氢气,延炼12万吨/年乙苯/苯乙烯装置
27.60,ST010118,"<p>%(v/v)</p>
",2025-08-02 08:00:00,甲烷,延炼12万吨/年乙苯/苯乙烯装置
0.09,ST010118,"<p>%(v/v)</p>
",2025-08-02 08:00:00,丙烷,延炼12万吨/年乙苯/苯乙烯装置
0.23,ST010118,"<p>%(v/v)</p>
",2025-08-02 08:00:00,丙烯,延炼12万吨/年乙苯/苯乙烯装置
14.78,ST010118,"<p>%(v/v)</p>
",2025-08-02 08:00:00,乙烯,延炼12万吨/年乙苯/苯乙烯装置
0.00,ST010118,"<p>%(v/v)</p>
",2025-08-02 08:00:00,碳四(合计),延炼12万吨/年乙苯/苯乙烯装置
0.00,ST010118,"<p>%(v/v)</p>
",2025-08-02 08:00:00,异戊烷,延炼12万吨/年乙苯/苯乙烯装置
0.00,ST010118,"<p>%(v/v)</p>
",2025-08-02 08:00:00,正戊烷,延炼12万吨/年乙苯/苯乙烯装置
13.60,ST010118,"<p>%(v/v)</p>
",2025-08-02 08:00:00,乙烷,延炼12万吨/年乙苯/苯乙烯装置
0.00,ST010118,"<p>%(v/v)</p>
",2025-08-02 08:00:00,碳五(合计),延炼12万吨/年乙苯/苯乙烯装置
1.0,ST010118,<p>mg/kg</p>,2025-08-03 08:00:00,硫化氢,延炼12万吨/年乙苯/苯乙烯装置
0.56,ST010118,"<p>%(v/v)</p>
",2025-08-03 08:00:00,氧气,延炼12万吨/年乙苯/苯乙烯装置
17.50,ST010118,"<p>%(v/v)</p>
",2025-08-03 08:00:00,氮气,延炼12万吨/年乙苯/苯乙烯装置
1.80,ST010118,"<p>%(v/v)</p>
",2025-08-03 08:00:00,一氧化碳,延炼12万吨/年乙苯/苯乙烯装置
2.08,ST010118,"<p>%(v/v)</p>
",2025-08-03 08:00:00,二氧化碳,延炼12万吨/年乙苯/苯乙烯装置
19.43,ST010118,"<p>%(v/v)</p>
",2025-08-03 08:00:00,氢气,延炼12万吨/年乙苯/苯乙烯装置
28.52,ST010118,"<p>%(v/v)</p>
",2025-08-03 08:00:00,甲烷,延炼12万吨/年乙苯/苯乙烯装置
0.10,ST010118,"<p>%(v/v)</p>
",2025-08-03 08:00:00,丙烷,延炼12万吨/年乙苯/苯乙烯装置
0.24,ST010118,"<p>%(v/v)</p>
",2025-08-03 08:00:00,丙烯,延炼12万吨/年乙苯/苯乙烯装置
15.40,ST010118,"<p>%(v/v)</p>
",2025-08-03 08:00:00,乙烯,延炼12万吨/年乙苯/苯乙烯装置
0.00,ST010118,"<p>%(v/v)</p>
",2025-08-03 08:00:00,碳四(合计),延炼12万吨/年乙苯/苯乙烯装置
0.00,ST010118,"<p>%(v/v)</p>
",2025-08-03 08:00:00,异戊烷,延炼12万吨/年乙苯/苯乙烯装置
0.00,ST010118,"<p>%(v/v)</p>
",2025-08-03 08:00:00,正戊烷,延炼12万吨/年乙苯/苯乙烯装置
14.36,ST010118,"<p>%(v/v)</p>
",2025-08-03 08:00:00,乙烷,延炼12万吨/年乙苯/苯乙烯装置
0.00,ST010118,"<p>%(v/v)</p>
",2025-08-03 08:00:00,碳五(合计),延炼12万吨/年乙苯/苯乙烯装置
1.0,ST010118,<p>mg/kg</p>,2025-08-04 08:00:00,硫化氢,延炼12万吨/年乙苯/苯乙烯装置
0.46,ST010118,"<p>%(v/v)</p>
",2025-08-04 08:00:00,氧气,延炼12万吨/年乙苯/苯乙烯装置
18.83,ST010118,"<p>%(v/v)</p>
",2025-08-04 08:00:00,氮气,延炼12万吨/年乙苯/苯乙烯装置
1.74,ST010118,"<p>%(v/v)</p>
",2025-08-04 08:00:00,一氧化碳,延炼12万吨/年乙苯/苯乙烯装置
2.04,ST010118,"<p>%(v/v)</p>
",2025-08-04 08:00:00,二氧化碳,延炼12万吨/年乙苯/苯乙烯装置
19.28,ST010118,"<p>%(v/v)</p>
",2025-08-04 08:00:00,氢气,延炼12万吨/年乙苯/苯乙烯装置
28.41,ST010118,"<p>%(v/v)</p>
",2025-08-04 08:00:00,甲烷,延炼12万吨/年乙苯/苯乙烯装置
0.09,ST010118,"<p>%(v/v)</p>
",2025-08-04 08:00:00,丙烷,延炼12万吨/年乙苯/苯乙烯装置
0.23,ST010118,"<p>%(v/v)</p>
",2025-08-04 08:00:00,丙烯,延炼12万吨/年乙苯/苯乙烯装置
15.13,ST010118,"<p>%(v/v)</p>
",2025-08-04 08:00:00,乙烯,延炼12万吨/年乙苯/苯乙烯装置
0.00,ST010118,"<p>%(v/v)</p>
",2025-08-04 08:00:00,碳四(合计),延炼12万吨/年乙苯/苯乙烯装置
0.00,ST010118,"<p>%(v/v)</p>
",2025-08-04 08:00:00,异戊烷,延炼12万吨/年乙苯/苯乙烯装置
0.00,ST010118,"<p>%(v/v)</p>
",2025-08-04 08:00:00,正戊烷,延炼12万吨/年乙苯/苯乙烯装置
13.79,ST010118,"<p>%(v/v)</p>
",2025-08-04 08:00:00,乙烷,延炼12万吨/年乙苯/苯乙烯装置
0.00,ST010118,"<p>%(v/v)</p>
",2025-08-04 08:00:00,碳五(合计),延炼12万吨/年乙苯/苯乙烯装置
1.0,ST010118,<p>mg/kg</p>,2025-08-05 08:00:00,硫化氢,延炼12万吨/年乙苯/苯乙烯装置
0.95,ST010118,"<p>%(v/v)</p>
",2025-08-05 08:00:00,氧气,延炼12万吨/年乙苯/苯乙烯装置
18.46,ST010118,"<p>%(v/v)</p>
",2025-08-05 08:00:00,氮气,延炼12万吨/年乙苯/苯乙烯装置
1.80,ST010118,"<p>%(v/v)</p>
",2025-08-05 08:00:00,一氧化碳,延炼12万吨/年乙苯/苯乙烯装置
1.91,ST010118,"<p>%(v/v)</p>
",2025-08-05 08:00:00,二氧化碳,延炼12万吨/年乙苯/苯乙烯装置
19.26,ST010118,"<p>%(v/v)</p>
",2025-08-05 08:00:00,氢气,延炼12万吨/年乙苯/苯乙烯装置
27.94,ST010118,"<p>%(v/v)</p>
",2025-08-05 08:00:00,甲烷,延炼12万吨/年乙苯/苯乙烯装置
0.11,ST010118,"<p>%(v/v)</p>
",2025-08-05 08:00:00,丙烷,延炼12万吨/年乙苯/苯乙烯装置
0.28,ST010118,"<p>%(v/v)</p>
",2025-08-05 08:00:00,丙烯,延炼12万吨/年乙苯/苯乙烯装置
15.15,ST010118,"<p>%(v/v)</p>
",2025-08-05 08:00:00,乙烯,延炼12万吨/年乙苯/苯乙烯装置
0.00,ST010118,"<p>%(v/v)</p>
",2025-08-05 08:00:00,碳四(合计),延炼12万吨/年乙苯/苯乙烯装置
0.00,ST010118,"<p>%(v/v)</p>
",2025-08-05 08:00:00,异戊烷,延炼12万吨/年乙苯/苯乙烯装置
0.00,ST010118,"<p>%(v/v)</p>
",2025-08-05 08:00:00,正戊烷,延炼12万吨/年乙苯/苯乙烯装置
14.14,ST010118,"<p>%(v/v)</p>
",2025-08-05 08:00:00,乙烷,延炼12万吨/年乙苯/苯乙烯装置
0.00,ST010118,"<p>%(v/v)</p>
",2025-08-05 08:00:00,碳五(合计),延炼12万吨/年乙苯/苯乙烯装置
1.0,ST010118,<p>mg/kg</p>,2025-08-06 08:00:00,硫化氢,延炼12万吨/年乙苯/苯乙烯装置
0.60,ST010118,"<p>%(v/v)</p>
",2025-08-06 08:00:00,氧气,延炼12万吨/年乙苯/苯乙烯装置
17.17,ST010118,"<p>%(v/v)</p>
",2025-08-06 08:00:00,氮气,延炼12万吨/年乙苯/苯乙烯装置
1.79,ST010118,"<p>%(v/v)</p>
",2025-08-06 08:00:00,一氧化碳,延炼12万吨/年乙苯/苯乙烯装置
2.13,ST010118,"<p>%(v/v)</p>
",2025-08-06 08:00:00,二氧化碳,延炼12万吨/年乙苯/苯乙烯装置
19.62,ST010118,"<p>%(v/v)</p>
",2025-08-06 08:00:00,氢气,延炼12万吨/年乙苯/苯乙烯装置
28.57,ST010118,"<p>%(v/v)</p>
",2025-08-06 08:00:00,甲烷,延炼12万吨/年乙苯/苯乙烯装置
0.11,ST010118,"<p>%(v/v)</p>
",2025-08-06 08:00:00,丙烷,延炼12万吨/年乙苯/苯乙烯装置
0.29,ST010118,"<p>%(v/v)</p>
",2025-08-06 08:00:00,丙烯,延炼12万吨/年乙苯/苯乙烯装置
15.40,ST010118,"<p>%(v/v)</p>
",2025-08-06 08:00:00,乙烯,延炼12万吨/年乙苯/苯乙烯装置
0.00,ST010118,"<p>%(v/v)</p>
",2025-08-06 08:00:00,碳四(合计),延炼12万吨/年乙苯/苯乙烯装置
0.00,ST010118,"<p>%(v/v)</p>
",2025-08-06 08:00:00,异戊烷,延炼12万吨/年乙苯/苯乙烯装置
0.00,ST010118,"<p>%(v/v)</p>
",2025-08-06 08:00:00,正戊烷,延炼12万吨/年乙苯/苯乙烯装置
14.30,ST010118,"<p>%(v/v)</p>
",2025-08-06 08:00:00,乙烷,延炼12万吨/年乙苯/苯乙烯装置
0.00,ST010118,"<p>%(v/v)</p>
",2025-08-06 08:00:00,碳五(合计),延炼12万吨/年乙苯/苯乙烯装置
1.0,ST010118,<p>mg/kg</p>,2025-08-07 08:00:00,硫化氢,延炼12万吨/年乙苯/苯乙烯装置
0.56,ST010118,"<p>%(v/v)</p>
",2025-08-07 08:00:00,氧气,延炼12万吨/年乙苯/苯乙烯装置
17.09,ST010118,"<p>%(v/v)</p>
",2025-08-07 08:00:00,氮气,延炼12万吨/年乙苯/苯乙烯装置
1.78,ST010118,"<p>%(v/v)</p>
",2025-08-07 08:00:00,一氧化碳,延炼12万吨/年乙苯/苯乙烯装置
1.91,ST010118,"<p>%(v/v)</p>
",2025-08-07 08:00:00,二氧化碳,延炼12万吨/年乙苯/苯乙烯装置
19.93,ST010118,"<p>%(v/v)</p>
",2025-08-07 08:00:00,氢气,延炼12万吨/年乙苯/苯乙烯装置
28.52,ST010118,"<p>%(v/v)</p>
",2025-08-07 08:00:00,甲烷,延炼12万吨/年乙苯/苯乙烯装置
0.12,ST010118,"<p>%(v/v)</p>
",2025-08-07 08:00:00,丙烷,延炼12万吨/年乙苯/苯乙烯装置
0.30,ST010118,"<p>%(v/v)</p>
",2025-08-07 08:00:00,丙烯,延炼12万吨/年乙苯/苯乙烯装置
15.52,ST010118,"<p>%(v/v)</p>
",2025-08-07 08:00:00,乙烯,延炼12万吨/年乙苯/苯乙烯装置
0.00,ST010118,"<p>%(v/v)</p>
",2025-08-07 08:00:00,碳四(合计),延炼12万吨/年乙苯/苯乙烯装置
0.00,ST010118,"<p>%(v/v)</p>
",2025-08-07 08:00:00,异戊烷,延炼12万吨/年乙苯/苯乙烯装置
0.00,ST010118,"<p>%(v/v)</p>
",2025-08-07 08:00:00,正戊烷,延炼12万吨/年乙苯/苯乙烯装置
14.27,ST010118,"<p>%(v/v)</p>
",2025-08-07 08:00:00,乙烷,延炼12万吨/年乙苯/苯乙烯装置
0.00,ST010118,"<p>%(v/v)</p>
",2025-08-07 08:00:00,碳五(合计),延炼12万吨/年乙苯/苯乙烯装置
1.0,ST010118,<p>mg/kg</p>,2025-08-08 08:00:00,硫化氢,延炼12万吨/年乙苯/苯乙烯装置
1.66,ST010118,"<p>%(v/v)</p>
",2025-08-08 08:00:00,氧气,延炼12万吨/年乙苯/苯乙烯装置
19.98,ST010118,"<p>%(v/v)</p>
",2025-08-08 08:00:00,氮气,延炼12万吨/年乙苯/苯乙烯装置
1.71,ST010118,"<p>%(v/v)</p>
",2025-08-08 08:00:00,一氧化碳,延炼12万吨/年乙苯/苯乙烯装置
1.92,ST010118,"<p>%(v/v)</p>
",2025-08-08 08:00:00,二氧化碳,延炼12万吨/年乙苯/苯乙烯装置
18.37,ST010118,"<p>%(v/v)</p>
",2025-08-08 08:00:00,氢气,延炼12万吨/年乙苯/苯乙烯装置
27.46,ST010118,"<p>%(v/v)</p>
",2025-08-08 08:00:00,甲烷,延炼12万吨/年乙苯/苯乙烯装置
0.11,ST010118,"<p>%(v/v)</p>
",2025-08-08 08:00:00,丙烷,延炼12万吨/年乙苯/苯乙烯装置
0.33,ST010118,"<p>%(v/v)</p>
",2025-08-08 08:00:00,丙烯,延炼12万吨/年乙苯/苯乙烯装置
14.82,ST010118,"<p>%(v/v)</p>
",2025-08-08 08:00:00,乙烯,延炼12万吨/年乙苯/苯乙烯装置
0.00,ST010118,"<p>%(v/v)</p>
",2025-08-08 08:00:00,碳四(合计),延炼12万吨/年乙苯/苯乙烯装置
0.00,ST010118,"<p>%(v/v)</p>
",2025-08-08 08:00:00,异戊烷,延炼12万吨/年乙苯/苯乙烯装置
0.00,ST010118,"<p>%(v/v)</p>
",2025-08-08 08:00:00,正戊烷,延炼12万吨/年乙苯/苯乙烯装置
13.64,ST010118,"<p>%(v/v)</p>
",2025-08-08 08:00:00,乙烷,延炼12万吨/年乙苯/苯乙烯装置
0.00,ST010118,"<p>%(v/v)</p>
",2025-08-08 08:00:00,碳五(合计),延炼12万吨/年乙苯/苯乙烯装置
1.0,ST010118,<p>mg/kg</p>,2025-08-09 08:00:00,硫化氢,延炼12万吨/年乙苯/苯乙烯装置
1.63,ST010118,"<p>%(v/v)</p>
",2025-08-09 08:00:00,氧气,延炼12万吨/年乙苯/苯乙烯装置
19.42,ST010118,"<p>%(v/v)</p>
",2025-08-09 08:00:00,氮气,延炼12万吨/年乙苯/苯乙烯装置
1.71,ST010118,"<p>%(v/v)</p>
",2025-08-09 08:00:00,一氧化碳,延炼12万吨/年乙苯/苯乙烯装置
1.95,ST010118,"<p>%(v/v)</p>
",2025-08-09 08:00:00,二氧化碳,延炼12万吨/年乙苯/苯乙烯装置
18.80,ST010118,"<p>%(v/v)</p>
",2025-08-09 08:00:00,氢气,延炼12万吨/年乙苯/苯乙烯装置
28.06,ST010118,"<p>%(v/v)</p>
",2025-08-09 08:00:00,甲烷,延炼12万吨/年乙苯/苯乙烯装置
0.11,ST010118,"<p>%(v/v)</p>
",2025-08-09 08:00:00,丙烷,延炼12万吨/年乙苯/苯乙烯装置
0.29,ST010118,"<p>%(v/v)</p>
",2025-08-09 08:00:00,丙烯,延炼12万吨/年乙苯/苯乙烯装置
14.62,ST010118,"<p>%(v/v)</p>
",2025-08-09 08:00:00,乙烯,延炼12万吨/年乙苯/苯乙烯装置
0.00,ST010118,"<p>%(v/v)</p>
",2025-08-09 08:00:00,碳四(合计),延炼12万吨/年乙苯/苯乙烯装置
0.00,ST010118,"<p>%(v/v)</p>
",2025-08-09 08:00:00,异戊烷,延炼12万吨/年乙苯/苯乙烯装置
0.00,ST010118,"<p>%(v/v)</p>
",2025-08-09 08:00:00,正戊烷,延炼12万吨/年乙苯/苯乙烯装置
13.41,ST010118,"<p>%(v/v)</p>
",2025-08-09 08:00:00,乙烷,延炼12万吨/年乙苯/苯乙烯装置
0.00,ST010118,"<p>%(v/v)</p>
",2025-08-09 08:00:00,碳五(合计),延炼12万吨/年乙苯/苯乙烯装置
0.71,ST010118,"<p>%(v/v)</p>
",2025-08-10 08:00:00,氧气,延炼12万吨/年乙苯/苯乙烯装置
17.74,ST010118,"<p>%(v/v)</p>
",2025-08-10 08:00:00,氮气,延炼12万吨/年乙苯/苯乙烯装置
1.76,ST010118,"<p>%(v/v)</p>
",2025-08-10 08:00:00,一氧化碳,延炼12万吨/年乙苯/苯乙烯装置
1.90,ST010118,"<p>%(v/v)</p>
",2025-08-10 08:00:00,二氧化碳,延炼12万吨/年乙苯/苯乙烯装置
20.14,ST010118,"<p>%(v/v)</p>
",2025-08-10 08:00:00,氢气,延炼12万吨/年乙苯/苯乙烯装置
28.20,ST010118,"<p>%(v/v)</p>
",2025-08-10 08:00:00,甲烷,延炼12万吨/年乙苯/苯乙烯装置
0.11,ST010118,"<p>%(v/v)</p>
",2025-08-10 08:00:00,丙烷,延炼12万吨/年乙苯/苯乙烯装置
0.30,ST010118,"<p>%(v/v)</p>
",2025-08-10 08:00:00,丙烯,延炼12万吨/年乙苯/苯乙烯装置
15.24,ST010118,"<p>%(v/v)</p>
",2025-08-10 08:00:00,乙烯,延炼12万吨/年乙苯/苯乙烯装置
0.00,ST010118,"<p>%(v/v)</p>
",2025-08-10 08:00:00,碳四(合计),延炼12万吨/年乙苯/苯乙烯装置
0.00,ST010118,"<p>%(v/v)</p>
",2025-08-10 08:00:00,异戊烷,延炼12万吨/年乙苯/苯乙烯装置
0.00,ST010118,"<p>%(v/v)</p>
",2025-08-10 08:00:00,正戊烷,延炼12万吨/年乙苯/苯乙烯装置
13.90,ST010118,"<p>%(v/v)</p>
",2025-08-10 08:00:00,乙烷,延炼12万吨/年乙苯/苯乙烯装置
0.00,ST010118,"<p>%(v/v)</p>
",2025-08-10 08:00:00,碳五(合计),延炼12万吨/年乙苯/苯乙烯装置
1.0,ST010118,<p>mg/kg</p>,2025-08-10 08:00:00,硫化氢,延炼12万吨/年乙苯/苯乙烯装置
1.0,ST010118,<p>mg/kg</p>,2025-08-11 08:00:00,硫化氢,延炼12万吨/年乙苯/苯乙烯装置
1.42,ST010118,"<p>%(v/v)</p>
",2025-08-11 08:00:00,氧气,延炼12万吨/年乙苯/苯乙烯装置
19.63,ST010118,"<p>%(v/v)</p>
",2025-08-11 08:00:00,氮气,延炼12万吨/年乙苯/苯乙烯装置
1.64,ST010118,"<p>%(v/v)</p>
",2025-08-11 08:00:00,一氧化碳,延炼12万吨/年乙苯/苯乙烯装置
1.98,ST010118,"<p>%(v/v)</p>
",2025-08-11 08:00:00,二氧化碳,延炼12万吨/年乙苯/苯乙烯装置
20.19,ST010118,"<p>%(v/v)</p>
",2025-08-11 08:00:00,氢气,延炼12万吨/年乙苯/苯乙烯装置
27.38,ST010118,"<p>%(v/v)</p>
",2025-08-11 08:00:00,甲烷,延炼12万吨/年乙苯/苯乙烯装置
0.09,ST010118,"<p>%(v/v)</p>
",2025-08-11 08:00:00,丙烷,延炼12万吨/年乙苯/苯乙烯装置
0.23,ST010118,"<p>%(v/v)</p>
",2025-08-11 08:00:00,丙烯,延炼12万吨/年乙苯/苯乙烯装置
14.62,ST010118,"<p>%(v/v)</p>
",2025-08-11 08:00:00,乙烯,延炼12万吨/年乙苯/苯乙烯装置
0.00,ST010118,"<p>%(v/v)</p>
",2025-08-11 08:00:00,碳四(合计),延炼12万吨/年乙苯/苯乙烯装置
0.00,ST010118,"<p>%(v/v)</p>
",2025-08-11 08:00:00,异戊烷,延炼12万吨/年乙苯/苯乙烯装置
0.00,ST010118,"<p>%(v/v)</p>
",2025-08-11 08:00:00,正戊烷,延炼12万吨/年乙苯/苯乙烯装置
12.84,ST010118,"<p>%(v/v)</p>
",2025-08-11 08:00:00,乙烷,延炼12万吨/年乙苯/苯乙烯装置
0.00,ST010118,"<p>%(v/v)</p>
",2025-08-11 08:00:00,碳五(合计),延炼12万吨/年乙苯/苯乙烯装置
1.0,ST010118,<p>mg/kg</p>,2025-08-12 08:00:00,硫化氢,延炼12万吨/年乙苯/苯乙烯装置
1.14,ST010118,"<p>%(v/v)</p>
",2025-08-12 08:00:00,氧气,延炼12万吨/年乙苯/苯乙烯装置
19.27,ST010118,"<p>%(v/v)</p>
",2025-08-12 08:00:00,氮气,延炼12万吨/年乙苯/苯乙烯装置
1.74,ST010118,"<p>%(v/v)</p>
",2025-08-12 08:00:00,一氧化碳,延炼12万吨/年乙苯/苯乙烯装置
1.98,ST010118,"<p>%(v/v)</p>
",2025-08-12 08:00:00,二氧化碳,延炼12万吨/年乙苯/苯乙烯装置
19.49,ST010118,"<p>%(v/v)</p>
",2025-08-12 08:00:00,氢气,延炼12万吨/年乙苯/苯乙烯装置
27.34,ST010118,"<p>%(v/v)</p>
",2025-08-12 08:00:00,甲烷,延炼12万吨/年乙苯/苯乙烯装置
0.09,ST010118,"<p>%(v/v)</p>
",2025-08-12 08:00:00,丙烷,延炼12万吨/年乙苯/苯乙烯装置
0.23,ST010118,"<p>%(v/v)</p>
",2025-08-12 08:00:00,丙烯,延炼12万吨/年乙苯/苯乙烯装置
14.74,ST010118,"<p>%(v/v)</p>
",2025-08-12 08:00:00,乙烯,延炼12万吨/年乙苯/苯乙烯装置
0.00,ST010118,"<p>%(v/v)</p>
",2025-08-12 08:00:00,碳四(合计),延炼12万吨/年乙苯/苯乙烯装置
0.00,ST010118,"<p>%(v/v)</p>
",2025-08-12 08:00:00,异戊烷,延炼12万吨/年乙苯/苯乙烯装置
0.00,ST010118,"<p>%(v/v)</p>
",2025-08-12 08:00:00,正戊烷,延炼12万吨/年乙苯/苯乙烯装置
13.99,ST010118,"<p>%(v/v)</p>
",2025-08-12 08:00:00,乙烷,延炼12万吨/年乙苯/苯乙烯装置
0.00,ST010118,"<p>%(v/v)</p>
",2025-08-12 08:00:00,碳五(合计),延炼12万吨/年乙苯/苯乙烯装置
1.0,ST010118,<p>mg/kg</p>,2025-08-13 08:00:00,硫化氢,延炼12万吨/年乙苯/苯乙烯装置
0.60,ST010118,"<p>%(v/v)</p>
",2025-08-13 08:00:00,氧气,延炼12万吨/年乙苯/苯乙烯装置
17.29,ST010118,"<p>%(v/v)</p>
",2025-08-13 08:00:00,氮气,延炼12万吨/年乙苯/苯乙烯装置
1.76,ST010118,"<p>%(v/v)</p>
",2025-08-13 08:00:00,一氧化碳,延炼12万吨/年乙苯/苯乙烯装置
1.98,ST010118,"<p>%(v/v)</p>
",2025-08-13 08:00:00,二氧化碳,延炼12万吨/年乙苯/苯乙烯装置
20.32,ST010118,"<p>%(v/v)</p>
",2025-08-13 08:00:00,氢气,延炼12万吨/年乙苯/苯乙烯装置
27.87,ST010118,"<p>%(v/v)</p>
",2025-08-13 08:00:00,甲烷,延炼12万吨/年乙苯/苯乙烯装置
0.10,ST010118,"<p>%(v/v)</p>
",2025-08-13 08:00:00,丙烷,延炼12万吨/年乙苯/苯乙烯装置
0.26,ST010118,"<p>%(v/v)</p>
",2025-08-13 08:00:00,丙烯,延炼12万吨/年乙苯/苯乙烯装置
15.15,ST010118,"<p>%(v/v)</p>
",2025-08-13 08:00:00,乙烯,延炼12万吨/年乙苯/苯乙烯装置
0.00,ST010118,"<p>%(v/v)</p>
",2025-08-13 08:00:00,碳四(合计),延炼12万吨/年乙苯/苯乙烯装置
0.00,ST010118,"<p>%(v/v)</p>
",2025-08-13 08:00:00,异戊烷,延炼12万吨/年乙苯/苯乙烯装置
0.00,ST010118,"<p>%(v/v)</p>
",2025-08-13 08:00:00,正戊烷,延炼12万吨/年乙苯/苯乙烯装置
14.66,ST010118,"<p>%(v/v)</p>
",2025-08-13 08:00:00,乙烷,延炼12万吨/年乙苯/苯乙烯装置
0.00,ST010118,"<p>%(v/v)</p>
",2025-08-13 08:00:00,碳五(合计),延炼12万吨/年乙苯/苯乙烯装置
28.26,ST010118,"<p>%(v/v)</p>
",2025-08-14 08:00:00,甲烷,延炼12万吨/年乙苯/苯乙烯装置
0.11,ST010118,"<p>%(v/v)</p>
",2025-08-14 08:00:00,丙烷,延炼12万吨/年乙苯/苯乙烯装置
0.29,ST010118,"<p>%(v/v)</p>
",2025-08-14 08:00:00,丙烯,延炼12万吨/年乙苯/苯乙烯装置
15.58,ST010118,"<p>%(v/v)</p>
",2025-08-14 08:00:00,乙烯,延炼12万吨/年乙苯/苯乙烯装置
0.00,ST010118,"<p>%(v/v)</p>
",2025-08-14 08:00:00,碳四(合计),延炼12万吨/年乙苯/苯乙烯装置
0.00,ST010118,"<p>%(v/v)</p>
",2025-08-14 08:00:00,异戊烷,延炼12万吨/年乙苯/苯乙烯装置
0.00,ST010118,"<p>%(v/v)</p>
",2025-08-14 08:00:00,正戊烷,延炼12万吨/年乙苯/苯乙烯装置
15.07,ST010118,"<p>%(v/v)</p>
",2025-08-14 08:00:00,乙烷,延炼12万吨/年乙苯/苯乙烯装置
0.00,ST010118,"<p>%(v/v)</p>
",2025-08-14 08:00:00,碳五(合计),延炼12万吨/年乙苯/苯乙烯装置
1.0,ST010118,<p>mg/kg</p>,2025-08-14 08:00:00,硫化氢,延炼12万吨/年乙苯/苯乙烯装置
0.41,ST010118,"<p>%(v/v)</p>
",2025-08-14 08:00:00,氧气,延炼12万吨/年乙苯/苯乙烯装置
16.07,ST010118,"<p>%(v/v)</p>
",2025-08-14 08:00:00,氮气,延炼12万吨/年乙苯/苯乙烯装置
1.76,ST010118,"<p>%(v/v)</p>
",2025-08-14 08:00:00,一氧化碳,延炼12万吨/年乙苯/苯乙烯装置
2.05,ST010118,"<p>%(v/v)</p>
",2025-08-14 08:00:00,二氧化碳,延炼12万吨/年乙苯/苯乙烯装置
20.39,ST010118,"<p>%(v/v)</p>
",2025-08-14 08:00:00,氢气,延炼12万吨/年乙苯/苯乙烯装置
1.0,ST010118,<p>mg/kg</p>,2025-08-15 08:00:00,硫化氢,延炼12万吨/年乙苯/苯乙烯装置
1.15,ST010118,"<p>%(v/v)</p>
",2025-08-15 08:00:00,氧气,延炼12万吨/年乙苯/苯乙烯装置
16.22,ST010118,"<p>%(v/v)</p>
",2025-08-15 08:00:00,氮气,延炼12万吨/年乙苯/苯乙烯装置
1.77,ST010118,"<p>%(v/v)</p>
",2025-08-15 08:00:00,一氧化碳,延炼12万吨/年乙苯/苯乙烯装置
2.09,ST010118,"<p>%(v/v)</p>
",2025-08-15 08:00:00,二氧化碳,延炼12万吨/年乙苯/苯乙烯装置
20.74,ST010118,"<p>%(v/v)</p>
",2025-08-15 08:00:00,氢气,延炼12万吨/年乙苯/苯乙烯装置
28.07,ST010118,"<p>%(v/v)</p>
",2025-08-15 08:00:00,甲烷,延炼12万吨/年乙苯/苯乙烯装置
0.10,ST010118,"<p>%(v/v)</p>
",2025-08-15 08:00:00,丙烷,延炼12万吨/年乙苯/苯乙烯装置
0.25,ST010118,"<p>%(v/v)</p>
",2025-08-15 08:00:00,丙烯,延炼12万吨/年乙苯/苯乙烯装置
15.42,ST010118,"<p>%(v/v)</p>
",2025-08-15 08:00:00,乙烯,延炼12万吨/年乙苯/苯乙烯装置
0.00,ST010118,"<p>%(v/v)</p>
",2025-08-15 08:00:00,碳四(合计),延炼12万吨/年乙苯/苯乙烯装置
0.00,ST010118,"<p>%(v/v)</p>
",2025-08-15 08:00:00,异戊烷,延炼12万吨/年乙苯/苯乙烯装置
0.00,ST010118,"<p>%(v/v)</p>
",2025-08-15 08:00:00,正戊烷,延炼12万吨/年乙苯/苯乙烯装置
14.20,ST010118,"<p>%(v/v)</p>
",2025-08-15 08:00:00,乙烷,延炼12万吨/年乙苯/苯乙烯装置
0.00,ST010118,"<p>%(v/v)</p>
",2025-08-15 08:00:00,碳五(合计),延炼12万吨/年乙苯/苯乙烯装置
1.0,ST010118,<p>mg/kg</p>,2025-08-16 08:00:00,硫化氢,延炼12万吨/年乙苯/苯乙烯装置
0.62,ST010118,"<p>%(v/v)</p>
",2025-08-16 08:00:00,氧气,延炼12万吨/年乙苯/苯乙烯装置
17.60,ST010118,"<p>%(v/v)</p>
",2025-08-16 08:00:00,氮气,延炼12万吨/年乙苯/苯乙烯装置
1.76,ST010118,"<p>%(v/v)</p>
",2025-08-16 08:00:00,一氧化碳,延炼12万吨/年乙苯/苯乙烯装置
2.14,ST010118,"<p>%(v/v)</p>
",2025-08-16 08:00:00,二氧化碳,延炼12万吨/年乙苯/苯乙烯装置
20.10,ST010118,"<p>%(v/v)</p>
",2025-08-16 08:00:00,氢气,延炼12万吨/年乙苯/苯乙烯装置
28.04,ST010118,"<p>%(v/v)</p>
",2025-08-16 08:00:00,甲烷,延炼12万吨/年乙苯/苯乙烯装置
0.10,ST010118,"<p>%(v/v)</p>
",2025-08-16 08:00:00,丙烷,延炼12万吨/年乙苯/苯乙烯装置
0.24,ST010118,"<p>%(v/v)</p>
",2025-08-16 08:00:00,丙烯,延炼12万吨/年乙苯/苯乙烯装置
15.35,ST010118,"<p>%(v/v)</p>
",2025-08-16 08:00:00,乙烯,延炼12万吨/年乙苯/苯乙烯装置
0.00,ST010118,"<p>%(v/v)</p>
",2025-08-16 08:00:00,碳四(合计),延炼12万吨/年乙苯/苯乙烯装置
0.00,ST010118,"<p>%(v/v)</p>
",2025-08-16 08:00:00,异戊烷,延炼12万吨/年乙苯/苯乙烯装置
0.00,ST010118,"<p>%(v/v)</p>
",2025-08-16 08:00:00,正戊烷,延炼12万吨/年乙苯/苯乙烯装置
14.05,ST010118,"<p>%(v/v)</p>
",2025-08-16 08:00:00,乙烷,延炼12万吨/年乙苯/苯乙烯装置
0.00,ST010118,"<p>%(v/v)</p>
",2025-08-16 08:00:00,碳五(合计),延炼12万吨/年乙苯/苯乙烯装置
1.0,ST010118,<p>mg/kg</p>,2025-08-17 08:00:00,硫化氢,延炼12万吨/年乙苯/苯乙烯装置
0.64,ST010118,"<p>%(v/v)</p>
",2025-08-17 08:00:00,氧气,延炼12万吨/年乙苯/苯乙烯装置
17.61,ST010118,"<p>%(v/v)</p>
",2025-08-17 08:00:00,氮气,延炼12万吨/年乙苯/苯乙烯装置
1.78,ST010118,"<p>%(v/v)</p>
",2025-08-17 08:00:00,一氧化碳,延炼12万吨/年乙苯/苯乙烯装置
2.16,ST010118,"<p>%(v/v)</p>
",2025-08-17 08:00:00,二氧化碳,延炼12万吨/年乙苯/苯乙烯装置
19.78,ST010118,"<p>%(v/v)</p>
",2025-08-17 08:00:00,氢气,延炼12万吨/年乙苯/苯乙烯装置
27.91,ST010118,"<p>%(v/v)</p>
",2025-08-17 08:00:00,甲烷,延炼12万吨/年乙苯/苯乙烯装置
0.11,ST010118,"<p>%(v/v)</p>
",2025-08-17 08:00:00,丙烷,延炼12万吨/年乙苯/苯乙烯装置
0.28,ST010118,"<p>%(v/v)</p>
",2025-08-17 08:00:00,丙烯,延炼12万吨/年乙苯/苯乙烯装置
15.23,ST010118,"<p>%(v/v)</p>
",2025-08-17 08:00:00,乙烯,延炼12万吨/年乙苯/苯乙烯装置
0.00,ST010118,"<p>%(v/v)</p>
",2025-08-17 08:00:00,碳四(合计),延炼12万吨/年乙苯/苯乙烯装置
0.00,ST010118,"<p>%(v/v)</p>
",2025-08-17 08:00:00,异戊烷,延炼12万吨/年乙苯/苯乙烯装置
0.00,ST010118,"<p>%(v/v)</p>
",2025-08-17 08:00:00,正戊烷,延炼12万吨/年乙苯/苯乙烯装置
14.49,ST010118,"<p>%(v/v)</p>
",2025-08-17 08:00:00,乙烷,延炼12万吨/年乙苯/苯乙烯装置
0.00,ST010118,"<p>%(v/v)</p>
",2025-08-17 08:00:00,碳五(合计),延炼12万吨/年乙苯/苯乙烯装置
1.0,ST010118,<p>mg/kg</p>,2025-08-18 08:00:00,硫化氢,延炼12万吨/年乙苯/苯乙烯装置
0.57,ST010118,"<p>%(v/v)</p>
",2025-08-18 08:00:00,氧气,延炼12万吨/年乙苯/苯乙烯装置
16.60,ST010118,"<p>%(v/v)</p>
",2025-08-18 08:00:00,氮气,延炼12万吨/年乙苯/苯乙烯装置
1.74,ST010118,"<p>%(v/v)</p>
",2025-08-18 08:00:00,一氧化碳,延炼12万吨/年乙苯/苯乙烯装置
2.05,ST010118,"<p>%(v/v)</p>
",2025-08-18 08:00:00,二氧化碳,延炼12万吨/年乙苯/苯乙烯装置
20.44,ST010118,"<p>%(v/v)</p>
",2025-08-18 08:00:00,氢气,延炼12万吨/年乙苯/苯乙烯装置
28.32,ST010118,"<p>%(v/v)</p>
",2025-08-18 08:00:00,甲烷,延炼12万吨/年乙苯/苯乙烯装置
0.12,ST010118,"<p>%(v/v)</p>
",2025-08-18 08:00:00,丙烷,延炼12万吨/年乙苯/苯乙烯装置
0.29,ST010118,"<p>%(v/v)</p>
",2025-08-18 08:00:00,丙烯,延炼12万吨/年乙苯/苯乙烯装置
15.36,ST010118,"<p>%(v/v)</p>
",2025-08-18 08:00:00,乙烯,延炼12万吨/年乙苯/苯乙烯装置
0.00,ST010118,"<p>%(v/v)</p>
",2025-08-18 08:00:00,碳四(合计),延炼12万吨/年乙苯/苯乙烯装置
0.00,ST010118,"<p>%(v/v)</p>
",2025-08-18 08:00:00,异戊烷,延炼12万吨/年乙苯/苯乙烯装置
0.00,ST010118,"<p>%(v/v)</p>
",2025-08-18 08:00:00,正戊烷,延炼12万吨/年乙苯/苯乙烯装置
14.51,ST010118,"<p>%(v/v)</p>
",2025-08-18 08:00:00,乙烷,延炼12万吨/年乙苯/苯乙烯装置
0.00,ST010118,"<p>%(v/v)</p>
",2025-08-18 08:00:00,碳五(合计),延炼12万吨/年乙苯/苯乙烯装置
1.0,ST010118,<p>mg/kg</p>,2025-08-19 08:00:00,硫化氢,延炼12万吨/年乙苯/苯乙烯装置
1.76,ST010118,"<p>%(v/v)</p>
",2025-08-19 08:00:00,氧气,延炼12万吨/年乙苯/苯乙烯装置
20.58,ST010118,"<p>%(v/v)</p>
",2025-08-19 08:00:00,氮气,延炼12万吨/年乙苯/苯乙烯装置
1.76,ST010118,"<p>%(v/v)</p>
",2025-08-19 08:00:00,一氧化碳,延炼12万吨/年乙苯/苯乙烯装置
1.87,ST010118,"<p>%(v/v)</p>
",2025-08-19 08:00:00,二氧化碳,延炼12万吨/年乙苯/苯乙烯装置
19.68,ST010118,"<p>%(v/v)</p>
",2025-08-19 08:00:00,氢气,延炼12万吨/年乙苯/苯乙烯装置
26.80,ST010118,"<p>%(v/v)</p>
",2025-08-19 08:00:00,甲烷,延炼12万吨/年乙苯/苯乙烯装置
0.08,ST010118,"<p>%(v/v)</p>
",2025-08-19 08:00:00,丙烷,延炼12万吨/年乙苯/苯乙烯装置
0.20,ST010118,"<p>%(v/v)</p>
",2025-08-19 08:00:00,丙烯,延炼12万吨/年乙苯/苯乙烯装置
14.29,ST010118,"<p>%(v/v)</p>
",2025-08-19 08:00:00,乙烯,延炼12万吨/年乙苯/苯乙烯装置
0.00,ST010118,"<p>%(v/v)</p>
",2025-08-19 08:00:00,碳四(合计),延炼12万吨/年乙苯/苯乙烯装置
0.00,ST010118,"<p>%(v/v)</p>
",2025-08-19 08:00:00,异戊烷,延炼12万吨/年乙苯/苯乙烯装置
0.00,ST010118,"<p>%(v/v)</p>
",2025-08-19 08:00:00,正戊烷,延炼12万吨/年乙苯/苯乙烯装置
12.98,ST010118,"<p>%(v/v)</p>
",2025-08-19 08:00:00,乙烷,延炼12万吨/年乙苯/苯乙烯装置
0.00,ST010118,"<p>%(v/v)</p>
",2025-08-19 08:00:00,碳五(合计),延炼12万吨/年乙苯/苯乙烯装置
1.0,ST010118,<p>mg/kg</p>,2025-08-20 08:00:00,硫化氢,延炼12万吨/年乙苯/苯乙烯装置
0.69,ST010118,"<p>%(v/v)</p>
",2025-08-20 08:00:00,氧气,延炼12万吨/年乙苯/苯乙烯装置
17.54,ST010118,"<p>%(v/v)</p>
",2025-08-20 08:00:00,氮气,延炼12万吨/年乙苯/苯乙烯装置
1.77,ST010118,"<p>%(v/v)</p>
",2025-08-20 08:00:00,一氧化碳,延炼12万吨/年乙苯/苯乙烯装置
1.92,ST010118,"<p>%(v/v)</p>
",2025-08-20 08:00:00,二氧化碳,延炼12万吨/年乙苯/苯乙烯装置
19.91,ST010118,"<p>%(v/v)</p>
",2025-08-20 08:00:00,氢气,延炼12万吨/年乙苯/苯乙烯装置
28.17,ST010118,"<p>%(v/v)</p>
",2025-08-20 08:00:00,甲烷,延炼12万吨/年乙苯/苯乙烯装置
0.12,ST010118,"<p>%(v/v)</p>
",2025-08-20 08:00:00,丙烷,延炼12万吨/年乙苯/苯乙烯装置
0.29,ST010118,"<p>%(v/v)</p>
",2025-08-20 08:00:00,丙烯,延炼12万吨/年乙苯/苯乙烯装置
15.38,ST010118,"<p>%(v/v)</p>
",2025-08-20 08:00:00,乙烯,延炼12万吨/年乙苯/苯乙烯装置
0.00,ST010118,"<p>%(v/v)</p>
",2025-08-20 08:00:00,碳四(合计),延炼12万吨/年乙苯/苯乙烯装置
0.00,ST010118,"<p>%(v/v)</p>
",2025-08-20 08:00:00,异戊烷,延炼12万吨/年乙苯/苯乙烯装置
0.00,ST010118,"<p>%(v/v)</p>
",2025-08-20 08:00:00,正戊烷,延炼12万吨/年乙苯/苯乙烯装置
14.23,ST010118,"<p>%(v/v)</p>
",2025-08-20 08:00:00,乙烷,延炼12万吨/年乙苯/苯乙烯装置
0.00,ST010118,"<p>%(v/v)</p>
",2025-08-20 08:00:00,碳五(合计),延炼12万吨/年乙苯/苯乙烯装置
1.0,ST010118,<p>mg/kg</p>,2025-08-21 08:00:00,硫化氢,延炼12万吨/年乙苯/苯乙烯装置
0.30,ST010118,"<p>%(v/v)</p>
",2025-08-21 08:00:00,氧气,延炼12万吨/年乙苯/苯乙烯装置
16.00,ST010118,"<p>%(v/v)</p>
",2025-08-21 08:00:00,氮气,延炼12万吨/年乙苯/苯乙烯装置
1.84,ST010118,"<p>%(v/v)</p>
",2025-08-21 08:00:00,一氧化碳,延炼12万吨/年乙苯/苯乙烯装置
1.94,ST010118,"<p>%(v/v)</p>
",2025-08-21 08:00:00,二氧化碳,延炼12万吨/年乙苯/苯乙烯装置
21.69,ST010118,"<p>%(v/v)</p>
",2025-08-21 08:00:00,氢气,延炼12万吨/年乙苯/苯乙烯装置
28.79,ST010118,"<p>%(v/v)</p>
",2025-08-21 08:00:00,甲烷,延炼12万吨/年乙苯/苯乙烯装置
0.10,ST010118,"<p>%(v/v)</p>
",2025-08-21 08:00:00,丙烷,延炼12万吨/年乙苯/苯乙烯装置
0.26,ST010118,"<p>%(v/v)</p>
",2025-08-21 08:00:00,丙烯,延炼12万吨/年乙苯/苯乙烯装置
15.25,ST010118,"<p>%(v/v)</p>
",2025-08-21 08:00:00,乙烯,延炼12万吨/年乙苯/苯乙烯装置
0.01,ST010118,"<p>%(v/v)</p>
",2025-08-21 08:00:00,碳四(合计),延炼12万吨/年乙苯/苯乙烯装置
0.00,ST010118,"<p>%(v/v)</p>
",2025-08-21 08:00:00,异戊烷,延炼12万吨/年乙苯/苯乙烯装置
0.00,ST010118,"<p>%(v/v)</p>
",2025-08-21 08:00:00,正戊烷,延炼12万吨/年乙苯/苯乙烯装置
13.83,ST010118,"<p>%(v/v)</p>
",2025-08-21 08:00:00,乙烷,延炼12万吨/年乙苯/苯乙烯装置
0.00,ST010118,"<p>%(v/v)</p>
",2025-08-21 08:00:00,碳五(合计),延炼12万吨/年乙苯/苯乙烯装置
1.0,ST010118,<p>mg/kg</p>,2025-08-22 08:00:00,硫化氢,延炼12万吨/年乙苯/苯乙烯装置
0.24,ST010118,"<p>%(v/v)</p>
",2025-08-22 08:00:00,氧气,延炼12万吨/年乙苯/苯乙烯装置
16.44,ST010118,"<p>%(v/v)</p>
",2025-08-22 08:00:00,氮气,延炼12万吨/年乙苯/苯乙烯装置
1.85,ST010118,"<p>%(v/v)</p>
",2025-08-22 08:00:00,一氧化碳,延炼12万吨/年乙苯/苯乙烯装置
1.90,ST010118,"<p>%(v/v)</p>
",2025-08-22 08:00:00,二氧化碳,延炼12万吨/年乙苯/苯乙烯装置
21.12,ST010118,"<p>%(v/v)</p>
",2025-08-22 08:00:00,氢气,延炼12万吨/年乙苯/苯乙烯装置
28.59,ST010118,"<p>%(v/v)</p>
",2025-08-22 08:00:00,甲烷,延炼12万吨/年乙苯/苯乙烯装置
0.09,ST010118,"<p>%(v/v)</p>
",2025-08-22 08:00:00,丙烷,延炼12万吨/年乙苯/苯乙烯装置
0.23,ST010118,"<p>%(v/v)</p>
",2025-08-22 08:00:00,丙烯,延炼12万吨/年乙苯/苯乙烯装置
15.40,ST010118,"<p>%(v/v)</p>
",2025-08-22 08:00:00,乙烯,延炼12万吨/年乙苯/苯乙烯装置
0.00,ST010118,"<p>%(v/v)</p>
",2025-08-22 08:00:00,碳四(合计),延炼12万吨/年乙苯/苯乙烯装置
0.00,ST010118,"<p>%(v/v)</p>
",2025-08-22 08:00:00,异戊烷,延炼12万吨/年乙苯/苯乙烯装置
0.00,ST010118,"<p>%(v/v)</p>
",2025-08-22 08:00:00,正戊烷,延炼12万吨/年乙苯/苯乙烯装置
14.14,ST010118,"<p>%(v/v)</p>
",2025-08-22 08:00:00,乙烷,延炼12万吨/年乙苯/苯乙烯装置
0.00,ST010118,"<p>%(v/v)</p>
",2025-08-22 08:00:00,碳五(合计),延炼12万吨/年乙苯/苯乙烯装置
2.36,ST010118,"<p>%(v/v)</p>
",2025-08-23 08:00:00,氧气,延炼12万吨/年乙苯/苯乙烯装置
17.08,ST010118,"<p>%(v/v)</p>
",2025-08-23 08:00:00,氮气,延炼12万吨/年乙苯/苯乙烯装置
1.76,ST010118,"<p>%(v/v)</p>
",2025-08-23 08:00:00,一氧化碳,延炼12万吨/年乙苯/苯乙烯装置
1.95,ST010118,"<p>%(v/v)</p>
",2025-08-23 08:00:00,二氧化碳,延炼12万吨/年乙苯/苯乙烯装置
20.77,ST010118,"<p>%(v/v)</p>
",2025-08-23 08:00:00,氢气,延炼12万吨/年乙苯/苯乙烯装置
27.25,ST010118,"<p>%(v/v)</p>
",2025-08-23 08:00:00,甲烷,延炼12万吨/年乙苯/苯乙烯装置
0.09,ST010118,"<p>%(v/v)</p>
",2025-08-23 08:00:00,丙烷,延炼12万吨/年乙苯/苯乙烯装置
0.22,ST010118,"<p>%(v/v)</p>
",2025-08-23 08:00:00,丙烯,延炼12万吨/年乙苯/苯乙烯装置
14.90,ST010118,"<p>%(v/v)</p>
",2025-08-23 08:00:00,乙烯,延炼12万吨/年乙苯/苯乙烯装置
0.00,ST010118,"<p>%(v/v)</p>
",2025-08-23 08:00:00,碳四(合计),延炼12万吨/年乙苯/苯乙烯装置
0.00,ST010118,"<p>%(v/v)</p>
",2025-08-23 08:00:00,异戊烷,延炼12万吨/年乙苯/苯乙烯装置
0.00,ST010118,"<p>%(v/v)</p>
",2025-08-23 08:00:00,正戊烷,延炼12万吨/年乙苯/苯乙烯装置
13.62,ST010118,"<p>%(v/v)</p>
",2025-08-23 08:00:00,乙烷,延炼12万吨/年乙苯/苯乙烯装置
0.00,ST010118,"<p>%(v/v)</p>
",2025-08-23 08:00:00,碳五(合计),延炼12万吨/年乙苯/苯乙烯装置
1.0,ST010118,<p>mg/kg</p>,2025-08-23 08:00:00,硫化氢,延炼12万吨/年乙苯/苯乙烯装置
1.0,ST010118,<p>mg/kg</p>,2025-08-24 08:00:00,硫化氢,延炼12万吨/年乙苯/苯乙烯装置
0.33,ST010118,"<p>%(v/v)</p>
",2025-08-24 08:00:00,氧气,延炼12万吨/年乙苯/苯乙烯装置
16.04,ST010118,"<p>%(v/v)</p>
",2025-08-24 08:00:00,氮气,延炼12万吨/年乙苯/苯乙烯装置
1.84,ST010118,"<p>%(v/v)</p>
",2025-08-24 08:00:00,一氧化碳,延炼12万吨/年乙苯/苯乙烯装置
2.01,ST010118,"<p>%(v/v)</p>
",2025-08-24 08:00:00,二氧化碳,延炼12万吨/年乙苯/苯乙烯装置
21.32,ST010118,"<p>%(v/v)</p>
",2025-08-24 08:00:00,氢气,延炼12万吨/年乙苯/苯乙烯装置
28.74,ST010118,"<p>%(v/v)</p>
",2025-08-24 08:00:00,甲烷,延炼12万吨/年乙苯/苯乙烯装置
0.08,ST010118,"<p>%(v/v)</p>
",2025-08-24 08:00:00,丙烷,延炼12万吨/年乙苯/苯乙烯装置
0.20,ST010118,"<p>%(v/v)</p>
",2025-08-24 08:00:00,丙烯,延炼12万吨/年乙苯/苯乙烯装置
15.39,ST010118,"<p>%(v/v)</p>
",2025-08-24 08:00:00,乙烯,延炼12万吨/年乙苯/苯乙烯装置
0.00,ST010118,"<p>%(v/v)</p>
",2025-08-24 08:00:00,碳四(合计),延炼12万吨/年乙苯/苯乙烯装置
0.00,ST010118,"<p>%(v/v)</p>
",2025-08-24 08:00:00,异戊烷,延炼12万吨/年乙苯/苯乙烯装置
0.00,ST010118,"<p>%(v/v)</p>
",2025-08-24 08:00:00,正戊烷,延炼12万吨/年乙苯/苯乙烯装置
14.04,ST010118,"<p>%(v/v)</p>
",2025-08-24 08:00:00,乙烷,延炼12万吨/年乙苯/苯乙烯装置
0.00,ST010118,"<p>%(v/v)</p>
",2025-08-24 08:00:00,碳五(合计),延炼12万吨/年乙苯/苯乙烯装置
1.0,ST010118,<p>mg/kg</p>,2025-08-25 08:00:00,硫化氢,延炼12万吨/年乙苯/苯乙烯装置
0.70,ST010118,"<p>%(v/v)</p>
",2025-08-25 08:00:00,氧气,延炼12万吨/年乙苯/苯乙烯装置
17.61,ST010118,"<p>%(v/v)</p>
",2025-08-25 08:00:00,氮气,延炼12万吨/年乙苯/苯乙烯装置
1.86,ST010118,"<p>%(v/v)</p>
",2025-08-25 08:00:00,一氧化碳,延炼12万吨/年乙苯/苯乙烯装置
1.96,ST010118,"<p>%(v/v)</p>
",2025-08-25 08:00:00,二氧化碳,延炼12万吨/年乙苯/苯乙烯装置
21.29,ST010118,"<p>%(v/v)</p>
",2025-08-25 08:00:00,氢气,延炼12万吨/年乙苯/苯乙烯装置
27.77,ST010118,"<p>%(v/v)</p>
",2025-08-25 08:00:00,甲烷,延炼12万吨/年乙苯/苯乙烯装置
0.07,ST010118,"<p>%(v/v)</p>
",2025-08-25 08:00:00,丙烷,延炼12万吨/年乙苯/苯乙烯装置
0.17,ST010118,"<p>%(v/v)</p>
",2025-08-25 08:00:00,丙烯,延炼12万吨/年乙苯/苯乙烯装置
15.06,ST010118,"<p>%(v/v)</p>
",2025-08-25 08:00:00,乙烯,延炼12万吨/年乙苯/苯乙烯装置
0.00,ST010118,"<p>%(v/v)</p>
",2025-08-25 08:00:00,碳四(合计),延炼12万吨/年乙苯/苯乙烯装置
0.00,ST010118,"<p>%(v/v)</p>
",2025-08-25 08:00:00,异戊烷,延炼12万吨/年乙苯/苯乙烯装置
0.00,ST010118,"<p>%(v/v)</p>
",2025-08-25 08:00:00,正戊烷,延炼12万吨/年乙苯/苯乙烯装置
13.51,ST010118,"<p>%(v/v)</p>
",2025-08-25 08:00:00,乙烷,延炼12万吨/年乙苯/苯乙烯装置
0.00,ST010118,"<p>%(v/v)</p>
",2025-08-25 08:00:00,碳五(合计),延炼12万吨/年乙苯/苯乙烯装置
1.0,ST010118,<p>mg/kg</p>,2025-08-26 08:00:00,硫化氢,延炼12万吨/年乙苯/苯乙烯装置
0.45,ST010118,"<p>%(v/v)</p>
",2025-08-26 08:00:00,氧气,延炼12万吨/年乙苯/苯乙烯装置
18.13,ST010118,"<p>%(v/v)</p>
",2025-08-26 08:00:00,氮气,延炼12万吨/年乙苯/苯乙烯装置
1.83,ST010118,"<p>%(v/v)</p>
",2025-08-26 08:00:00,一氧化碳,延炼12万吨/年乙苯/苯乙烯装置
1.96,ST010118,"<p>%(v/v)</p>
",2025-08-26 08:00:00,二氧化碳,延炼12万吨/年乙苯/苯乙烯装置
21.34,ST010118,"<p>%(v/v)</p>
",2025-08-26 08:00:00,氢气,延炼12万吨/年乙苯/苯乙烯装置
27.59,ST010118,"<p>%(v/v)</p>
",2025-08-26 08:00:00,甲烷,延炼12万吨/年乙苯/苯乙烯装置
0.07,ST010118,"<p>%(v/v)</p>
",2025-08-26 08:00:00,丙烷,延炼12万吨/年乙苯/苯乙烯装置
0.17,ST010118,"<p>%(v/v)</p>
",2025-08-26 08:00:00,丙烯,延炼12万吨/年乙苯/苯乙烯装置
15.07,ST010118,"<p>%(v/v)</p>
",2025-08-26 08:00:00,乙烯,延炼12万吨/年乙苯/苯乙烯装置
0.00,ST010118,"<p>%(v/v)</p>
",2025-08-26 08:00:00,碳四(合计),延炼12万吨/年乙苯/苯乙烯装置
0.00,ST010118,"<p>%(v/v)</p>
",2025-08-26 08:00:00,异戊烷,延炼12万吨/年乙苯/苯乙烯装置
0.00,ST010118,"<p>%(v/v)</p>
",2025-08-26 08:00:00,正戊烷,延炼12万吨/年乙苯/苯乙烯装置
13.38,ST010118,"<p>%(v/v)</p>
",2025-08-26 08:00:00,乙烷,延炼12万吨/年乙苯/苯乙烯装置
0.00,ST010118,"<p>%(v/v)</p>
",2025-08-26 08:00:00,碳五(合计),延炼12万吨/年乙苯/苯乙烯装置
1.0,ST010118,<p>mg/kg</p>,2025-08-27 08:00:00,硫化氢,延炼12万吨/年乙苯/苯乙烯装置
1.74,ST010118,"<p>%(v/v)</p>
",2025-08-27 08:00:00,氧气,延炼12万吨/年乙苯/苯乙烯装置
19.64,ST010118,"<p>%(v/v)</p>
",2025-08-27 08:00:00,氮气,延炼12万吨/年乙苯/苯乙烯装置
1.71,ST010118,"<p>%(v/v)</p>
",2025-08-27 08:00:00,一氧化碳,延炼12万吨/年乙苯/苯乙烯装置
1.82,ST010118,"<p>%(v/v)</p>
",2025-08-27 08:00:00,二氧化碳,延炼12万吨/年乙苯/苯乙烯装置
20.53,ST010118,"<p>%(v/v)</p>
",2025-08-27 08:00:00,氢气,延炼12万吨/年乙苯/苯乙烯装置
27.33,ST010118,"<p>%(v/v)</p>
",2025-08-27 08:00:00,甲烷,延炼12万吨/年乙苯/苯乙烯装置
0.08,ST010118,"<p>%(v/v)</p>
",2025-08-27 08:00:00,丙烷,延炼12万吨/年乙苯/苯乙烯装置
0.19,ST010118,"<p>%(v/v)</p>
",2025-08-27 08:00:00,丙烯,延炼12万吨/年乙苯/苯乙烯装置
14.24,ST010118,"<p>%(v/v)</p>
",2025-08-27 08:00:00,乙烯,延炼12万吨/年乙苯/苯乙烯装置
0.00,ST010118,"<p>%(v/v)</p>
",2025-08-27 08:00:00,碳四(合计),延炼12万吨/年乙苯/苯乙烯装置
0.00,ST010118,"<p>%(v/v)</p>
",2025-08-27 08:00:00,异戊烷,延炼12万吨/年乙苯/苯乙烯装置
0.00,ST010118,"<p>%(v/v)</p>
",2025-08-27 08:00:00,正戊烷,延炼12万吨/年乙苯/苯乙烯装置
12.73,ST010118,"<p>%(v/v)</p>
",2025-08-27 08:00:00,乙烷,延炼12万吨/年乙苯/苯乙烯装置
0.00,ST010118,"<p>%(v/v)</p>
",2025-08-27 08:00:00,碳五(合计),延炼12万吨/年乙苯/苯乙烯装置
1.0,ST010118,<p>mg/kg</p>,2025-08-28 08:00:00,硫化氢,延炼12万吨/年乙苯/苯乙烯装置
1.23,ST010118,"<p>%(v/v)</p>
",2025-08-28 08:00:00,氧气,延炼12万吨/年乙苯/苯乙烯装置
18.64,ST010118,"<p>%(v/v)</p>
",2025-08-28 08:00:00,氮气,延炼12万吨/年乙苯/苯乙烯装置
1.73,ST010118,"<p>%(v/v)</p>
",2025-08-28 08:00:00,一氧化碳,延炼12万吨/年乙苯/苯乙烯装置
1.93,ST010118,"<p>%(v/v)</p>
",2025-08-28 08:00:00,二氧化碳,延炼12万吨/年乙苯/苯乙烯装置
20.78,ST010118,"<p>%(v/v)</p>
",2025-08-28 08:00:00,氢气,延炼12万吨/年乙苯/苯乙烯装置
27.50,ST010118,"<p>%(v/v)</p>
",2025-08-28 08:00:00,甲烷,延炼12万吨/年乙苯/苯乙烯装置
0.07,ST010118,"<p>%(v/v)</p>
",2025-08-28 08:00:00,丙烷,延炼12万吨/年乙苯/苯乙烯装置
0.16,ST010118,"<p>%(v/v)</p>
",2025-08-28 08:00:00,丙烯,延炼12万吨/年乙苯/苯乙烯装置
14.82,ST010118,"<p>%(v/v)</p>
",2025-08-28 08:00:00,乙烯,延炼12万吨/年乙苯/苯乙烯装置
0.00,ST010118,"<p>%(v/v)</p>
",2025-08-28 08:00:00,碳四(合计),延炼12万吨/年乙苯/苯乙烯装置
0.00,ST010118,"<p>%(v/v)</p>
",2025-08-28 08:00:00,异戊烷,延炼12万吨/年乙苯/苯乙烯装置
0.00,ST010118,"<p>%(v/v)</p>
",2025-08-28 08:00:00,正戊烷,延炼12万吨/年乙苯/苯乙烯装置
13.13,ST010118,"<p>%(v/v)</p>
",2025-08-28 08:00:00,乙烷,延炼12万吨/年乙苯/苯乙烯装置
0.00,ST010118,"<p>%(v/v)</p>
",2025-08-28 08:00:00,碳五(合计),延炼12万吨/年乙苯/苯乙烯装置
1.0,ST010118,<p>mg/kg</p>,2025-08-29 08:00:00,硫化氢,延炼12万吨/年乙苯/苯乙烯装置
0.72,ST010118,"<p>%(v/v)</p>
",2025-08-29 08:00:00,氧气,延炼12万吨/年乙苯/苯乙烯装置
17.46,ST010118,"<p>%(v/v)</p>
",2025-08-29 08:00:00,氮气,延炼12万吨/年乙苯/苯乙烯装置
1.72,ST010118,"<p>%(v/v)</p>
",2025-08-29 08:00:00,一氧化碳,延炼12万吨/年乙苯/苯乙烯装置
1.98,ST010118,"<p>%(v/v)</p>
",2025-08-29 08:00:00,二氧化碳,延炼12万吨/年乙苯/苯乙烯装置
21.56,ST010118,"<p>%(v/v)</p>
",2025-08-29 08:00:00,氢气,延炼12万吨/年乙苯/苯乙烯装置
28.07,ST010118,"<p>%(v/v)</p>
",2025-08-29 08:00:00,甲烷,延炼12万吨/年乙苯/苯乙烯装置
0.08,ST010118,"<p>%(v/v)</p>
",2025-08-29 08:00:00,丙烷,延炼12万吨/年乙苯/苯乙烯装置
0.19,ST010118,"<p>%(v/v)</p>
",2025-08-29 08:00:00,丙烯,延炼12万吨/年乙苯/苯乙烯装置
14.96,ST010118,"<p>%(v/v)</p>
",2025-08-29 08:00:00,乙烯,延炼12万吨/年乙苯/苯乙烯装置
0.00,ST010118,"<p>%(v/v)</p>
",2025-08-29 08:00:00,碳四(合计),延炼12万吨/年乙苯/苯乙烯装置
0.00,ST010118,"<p>%(v/v)</p>
",2025-08-29 08:00:00,异戊烷,延炼12万吨/年乙苯/苯乙烯装置
0.00,ST010118,"<p>%(v/v)</p>
",2025-08-29 08:00:00,正戊烷,延炼12万吨/年乙苯/苯乙烯装置
13.26,ST010118,"<p>%(v/v)</p>
",2025-08-29 08:00:00,乙烷,延炼12万吨/年乙苯/苯乙烯装置
0.00,ST010118,"<p>%(v/v)</p>
",2025-08-29 08:00:00,碳五(合计),延炼12万吨/年乙苯/苯乙烯装置
1.0,ST010118,<p>mg/kg</p>,2025-08-30 08:00:00,硫化氢,延炼12万吨/年乙苯/苯乙烯装置
0.63,ST010118,"<p>%(v/v)</p>
",2025-08-30 08:00:00,氧气,延炼12万吨/年乙苯/苯乙烯装置
18.05,ST010118,"<p>%(v/v)</p>
",2025-08-30 08:00:00,氮气,延炼12万吨/年乙苯/苯乙烯装置
1.86,ST010118,"<p>%(v/v)</p>
",2025-08-30 08:00:00,一氧化碳,延炼12万吨/年乙苯/苯乙烯装置
2.01,ST010118,"<p>%(v/v)</p>
",2025-08-30 08:00:00,二氧化碳,延炼12万吨/年乙苯/苯乙烯装置
21.14,ST010118,"<p>%(v/v)</p>
",2025-08-30 08:00:00,氢气,延炼12万吨/年乙苯/苯乙烯装置
27.99,ST010118,"<p>%(v/v)</p>
",2025-08-30 08:00:00,甲烷,延炼12万吨/年乙苯/苯乙烯装置
0.08,ST010118,"<p>%(v/v)</p>
",2025-08-30 08:00:00,丙烷,延炼12万吨/年乙苯/苯乙烯装置
0.18,ST010118,"<p>%(v/v)</p>
",2025-08-30 08:00:00,丙烯,延炼12万吨/年乙苯/苯乙烯装置
14.88,ST010118,"<p>%(v/v)</p>
",2025-08-30 08:00:00,乙烯,延炼12万吨/年乙苯/苯乙烯装置
0.00,ST010118,"<p>%(v/v)</p>
",2025-08-30 08:00:00,碳四(合计),延炼12万吨/年乙苯/苯乙烯装置
0.00,ST010118,"<p>%(v/v)</p>
",2025-08-30 08:00:00,异戊烷,延炼12万吨/年乙苯/苯乙烯装置
0.00,ST010118,"<p>%(v/v)</p>
",2025-08-30 08:00:00,正戊烷,延炼12万吨/年乙苯/苯乙烯装置
13.18,ST010118,"<p>%(v/v)</p>
",2025-08-30 08:00:00,乙烷,延炼12万吨/年乙苯/苯乙烯装置
0.00,ST010118,"<p>%(v/v)</p>
",2025-08-30 08:00:00,碳五(合计),延炼12万吨/年乙苯/苯乙烯装置
1.0,ST010118,<p>mg/kg</p>,2025-08-31 08:00:00,硫化氢,延炼12万吨/年乙苯/苯乙烯装置
2.06,ST010118,"<p>%(v/v)</p>
",2025-08-31 08:00:00,氧气,延炼12万吨/年乙苯/苯乙烯装置
18.12,ST010118,"<p>%(v/v)</p>
",2025-08-31 08:00:00,氮气,延炼12万吨/年乙苯/苯乙烯装置
1.84,ST010118,"<p>%(v/v)</p>
",2025-08-31 08:00:00,一氧化碳,延炼12万吨/年乙苯/苯乙烯装置
2.22,ST010118,"<p>%(v/v)</p>
",2025-08-31 08:00:00,二氧化碳,延炼12万吨/年乙苯/苯乙烯装置
20.44,ST010118,"<p>%(v/v)</p>
",2025-08-31 08:00:00,氢气,延炼12万吨/年乙苯/苯乙烯装置
27.58,ST010118,"<p>%(v/v)</p>
",2025-08-31 08:00:00,甲烷,延炼12万吨/年乙苯/苯乙烯装置
0.09,ST010118,"<p>%(v/v)</p>
",2025-08-31 08:00:00,丙烷,延炼12万吨/年乙苯/苯乙烯装置
0.20,ST010118,"<p>%(v/v)</p>
",2025-08-31 08:00:00,丙烯,延炼12万吨/年乙苯/苯乙烯装置
14.86,ST010118,"<p>%(v/v)</p>
",2025-08-31 08:00:00,乙烯,延炼12万吨/年乙苯/苯乙烯装置
0.00,ST010118,"<p>%(v/v)</p>
",2025-08-31 08:00:00,碳四(合计),延炼12万吨/年乙苯/苯乙烯装置
0.00,ST010118,"<p>%(v/v)</p>
",2025-08-31 08:00:00,异戊烷,延炼12万吨/年乙苯/苯乙烯装置
0.00,ST010118,"<p>%(v/v)</p>
",2025-08-31 08:00:00,正戊烷,延炼12万吨/年乙苯/苯乙烯装置
12.59,ST010118,"<p>%(v/v)</p>
",2025-08-31 08:00:00,乙烷,延炼12万吨/年乙苯/苯乙烯装置
0.00,ST010118,"<p>%(v/v)</p>
",2025-08-31 08:00:00,碳五(合计),延炼12万吨/年乙苯/苯乙烯装置
1.0,ST010118,<p>mg/kg</p>,2025-09-01 08:00:00,硫化氢,延炼12万吨/年乙苯/苯乙烯装置
0.84,ST010118,"<p>%(v/v)</p>
",2025-09-01 08:00:00,氧气,延炼12万吨/年乙苯/苯乙烯装置
17.86,ST010118,"<p>%(v/v)</p>
",2025-09-01 08:00:00,氮气,延炼12万吨/年乙苯/苯乙烯装置
1.88,ST010118,"<p>%(v/v)</p>
",2025-09-01 08:00:00,一氧化碳,延炼12万吨/年乙苯/苯乙烯装置
2.12,ST010118,"<p>%(v/v)</p>
",2025-09-01 08:00:00,二氧化碳,延炼12万吨/年乙苯/苯乙烯装置
21.00,ST010118,"<p>%(v/v)</p>
",2025-09-01 08:00:00,氢气,延炼12万吨/年乙苯/苯乙烯装置
27.91,ST010118,"<p>%(v/v)</p>
",2025-09-01 08:00:00,甲烷,延炼12万吨/年乙苯/苯乙烯装置
0.08,ST010118,"<p>%(v/v)</p>
",2025-09-01 08:00:00,丙烷,延炼12万吨/年乙苯/苯乙烯装置
0.17,ST010118,"<p>%(v/v)</p>
",2025-09-01 08:00:00,丙烯,延炼12万吨/年乙苯/苯乙烯装置
14.90,ST010118,"<p>%(v/v)</p>
",2025-09-01 08:00:00,乙烯,延炼12万吨/年乙苯/苯乙烯装置
0.00,ST010118,"<p>%(v/v)</p>
",2025-09-01 08:00:00,碳四(合计),延炼12万吨/年乙苯/苯乙烯装置
0.00,ST010118,"<p>%(v/v)</p>
",2025-09-01 08:00:00,异戊烷,延炼12万吨/年乙苯/苯乙烯装置
0.00,ST010118,"<p>%(v/v)</p>
",2025-09-01 08:00:00,正戊烷,延炼12万吨/年乙苯/苯乙烯装置
13.24,ST010118,"<p>%(v/v)</p>
",2025-09-01 08:00:00,乙烷,延炼12万吨/年乙苯/苯乙烯装置
0.00,ST010118,"<p>%(v/v)</p>
",2025-09-01 08:00:00,碳五(合计),延炼12万吨/年乙苯/苯乙烯装置
1.0,ST010118,<p>mg/kg</p>,2025-09-02 08:00:00,硫化氢,延炼12万吨/年乙苯/苯乙烯装置
1.64,ST010118,"<p>%(v/v)</p>
",2025-09-02 08:00:00,氧气,延炼12万吨/年乙苯/苯乙烯装置
18.79,ST010118,"<p>%(v/v)</p>
",2025-09-02 08:00:00,氮气,延炼12万吨/年乙苯/苯乙烯装置
1.69,ST010118,"<p>%(v/v)</p>
",2025-09-02 08:00:00,一氧化碳,延炼12万吨/年乙苯/苯乙烯装置
1.99,ST010118,"<p>%(v/v)</p>
",2025-09-02 08:00:00,二氧化碳,延炼12万吨/年乙苯/苯乙烯装置
20.11,ST010118,"<p>%(v/v)</p>
",2025-09-02 08:00:00,氢气,延炼12万吨/年乙苯/苯乙烯装置
27.26,ST010118,"<p>%(v/v)</p>
",2025-09-02 08:00:00,甲烷,延炼12万吨/年乙苯/苯乙烯装置
0.09,ST010118,"<p>%(v/v)</p>
",2025-09-02 08:00:00,丙烷,延炼12万吨/年乙苯/苯乙烯装置
0.21,ST010118,"<p>%(v/v)</p>
",2025-09-02 08:00:00,丙烯,延炼12万吨/年乙苯/苯乙烯装置
14.93,ST010118,"<p>%(v/v)</p>
",2025-09-02 08:00:00,乙烯,延炼12万吨/年乙苯/苯乙烯装置
0.00,ST010118,"<p>%(v/v)</p>
",2025-09-02 08:00:00,碳四(合计),延炼12万吨/年乙苯/苯乙烯装置
0.00,ST010118,"<p>%(v/v)</p>
",2025-09-02 08:00:00,异戊烷,延炼12万吨/年乙苯/苯乙烯装置
0.00,ST010118,"<p>%(v/v)</p>
",2025-09-02 08:00:00,正戊烷,延炼12万吨/年乙苯/苯乙烯装置
13.27,ST010118,"<p>%(v/v)</p>
",2025-09-02 08:00:00,乙烷,延炼12万吨/年乙苯/苯乙烯装置
0.00,ST010118,"<p>%(v/v)</p>
",2025-09-02 08:00:00,碳五(合计),延炼12万吨/年乙苯/苯乙烯装置
1.0,ST010118,<p>mg/kg</p>,2025-09-03 08:00:00,硫化氢,延炼12万吨/年乙苯/苯乙烯装置
0.49,ST010118,"<p>%(v/v)</p>
",2025-09-03 08:00:00,氧气,延炼12万吨/年乙苯/苯乙烯装置
17.60,ST010118,"<p>%(v/v)</p>
",2025-09-03 08:00:00,氮气,延炼12万吨/年乙苯/苯乙烯装置
1.80,ST010118,"<p>%(v/v)</p>
",2025-09-03 08:00:00,一氧化碳,延炼12万吨/年乙苯/苯乙烯装置
1.99,ST010118,"<p>%(v/v)</p>
",2025-09-03 08:00:00,二氧化碳,延炼12万吨/年乙苯/苯乙烯装置
21.03,ST010118,"<p>%(v/v)</p>
",2025-09-03 08:00:00,氢气,延炼12万吨/年乙苯/苯乙烯装置
28.28,ST010118,"<p>%(v/v)</p>
",2025-09-03 08:00:00,甲烷,延炼12万吨/年乙苯/苯乙烯装置
0.09,ST010118,"<p>%(v/v)</p>
",2025-09-03 08:00:00,丙烷,延炼12万吨/年乙苯/苯乙烯装置
0.21,ST010118,"<p>%(v/v)</p>
",2025-09-03 08:00:00,丙烯,延炼12万吨/年乙苯/苯乙烯装置
15.26,ST010118,"<p>%(v/v)</p>
",2025-09-03 08:00:00,乙烯,延炼12万吨/年乙苯/苯乙烯装置
0.00,ST010118,"<p>%(v/v)</p>
",2025-09-03 08:00:00,碳四(合计),延炼12万吨/年乙苯/苯乙烯装置
0.00,ST010118,"<p>%(v/v)</p>
",2025-09-03 08:00:00,异戊烷,延炼12万吨/年乙苯/苯乙烯装置
0.00,ST010118,"<p>%(v/v)</p>
",2025-09-03 08:00:00,正戊烷,延炼12万吨/年乙苯/苯乙烯装置
13.25,ST010118,"<p>%(v/v)</p>
",2025-09-03 08:00:00,乙烷,延炼12万吨/年乙苯/苯乙烯装置
0.00,ST010118,"<p>%(v/v)</p>
",2025-09-03 08:00:00,碳五(合计),延炼12万吨/年乙苯/苯乙烯装置
1.0,ST010118,<p>mg/kg</p>,2025-09-04 08:00:00,硫化氢,延炼12万吨/年乙苯/苯乙烯装置
1.03,ST010118,"<p>%(v/v)</p>
",2025-09-04 08:00:00,氧气,延炼12万吨/年乙苯/苯乙烯装置
17.69,ST010118,"<p>%(v/v)</p>
",2025-09-04 08:00:00,氮气,延炼12万吨/年乙苯/苯乙烯装置
1.78,ST010118,"<p>%(v/v)</p>
",2025-09-04 08:00:00,一氧化碳,延炼12万吨/年乙苯/苯乙烯装置
1.95,ST010118,"<p>%(v/v)</p>
",2025-09-04 08:00:00,二氧化碳,延炼12万吨/年乙苯/苯乙烯装置
21.09,ST010118,"<p>%(v/v)</p>
",2025-09-04 08:00:00,氢气,延炼12万吨/年乙苯/苯乙烯装置
28.07,ST010118,"<p>%(v/v)</p>
",2025-09-04 08:00:00,甲烷,延炼12万吨/年乙苯/苯乙烯装置
0.09,ST010118,"<p>%(v/v)</p>
",2025-09-04 08:00:00,丙烷,延炼12万吨/年乙苯/苯乙烯装置
0.22,ST010118,"<p>%(v/v)</p>
",2025-09-04 08:00:00,丙烯,延炼12万吨/年乙苯/苯乙烯装置
14.88,ST010118,"<p>%(v/v)</p>
",2025-09-04 08:00:00,乙烯,延炼12万吨/年乙苯/苯乙烯装置
0.00,ST010118,"<p>%(v/v)</p>
",2025-09-04 08:00:00,碳四(合计),延炼12万吨/年乙苯/苯乙烯装置
0.00,ST010118,"<p>%(v/v)</p>
",2025-09-04 08:00:00,异戊烷,延炼12万吨/年乙苯/苯乙烯装置
0.00,ST010118,"<p>%(v/v)</p>
",2025-09-04 08:00:00,正戊烷,延炼12万吨/年乙苯/苯乙烯装置
13.20,ST010118,"<p>%(v/v)</p>
",2025-09-04 08:00:00,乙烷,延炼12万吨/年乙苯/苯乙烯装置
0.00,ST010118,"<p>%(v/v)</p>
",2025-09-04 08:00:00,碳五(合计),延炼12万吨/年乙苯/苯乙烯装置
1.13,ST010118,"<p>%(v/v)</p>
",2025-09-05 08:00:00,氧气,延炼12万吨/年乙苯/苯乙烯装置
18.03,ST010118,"<p>%(v/v)</p>
",2025-09-05 08:00:00,氮气,延炼12万吨/年乙苯/苯乙烯装置
1.80,ST010118,"<p>%(v/v)</p>
",2025-09-05 08:00:00,一氧化碳,延炼12万吨/年乙苯/苯乙烯装置
2.09,ST010118,"<p>%(v/v)</p>
",2025-09-05 08:00:00,二氧化碳,延炼12万吨/年乙苯/苯乙烯装置
20.81,ST010118,"<p>%(v/v)</p>
",2025-09-05 08:00:00,氢气,延炼12万吨/年乙苯/苯乙烯装置
27.96,ST010118,"<p>%(v/v)</p>
",2025-09-05 08:00:00,甲烷,延炼12万吨/年乙苯/苯乙烯装置
0.09,ST010118,"<p>%(v/v)</p>
",2025-09-05 08:00:00,丙烷,延炼12万吨/年乙苯/苯乙烯装置
0.21,ST010118,"<p>%(v/v)</p>
",2025-09-05 08:00:00,丙烯,延炼12万吨/年乙苯/苯乙烯装置
14.85,ST010118,"<p>%(v/v)</p>
",2025-09-05 08:00:00,乙烯,延炼12万吨/年乙苯/苯乙烯装置
0.00,ST010118,"<p>%(v/v)</p>
",2025-09-05 08:00:00,碳四(合计),延炼12万吨/年乙苯/苯乙烯装置
0.00,ST010118,"<p>%(v/v)</p>
",2025-09-05 08:00:00,异戊烷,延炼12万吨/年乙苯/苯乙烯装置
0.00,ST010118,"<p>%(v/v)</p>
",2025-09-05 08:00:00,正戊烷,延炼12万吨/年乙苯/苯乙烯装置
13.03,ST010118,"<p>%(v/v)</p>
",2025-09-05 08:00:00,乙烷,延炼12万吨/年乙苯/苯乙烯装置
0.00,ST010118,"<p>%(v/v)</p>
",2025-09-05 08:00:00,碳五(合计),延炼12万吨/年乙苯/苯乙烯装置
1.0,ST010118,<p>mg/kg</p>,2025-09-05 08:00:00,硫化氢,延炼12万吨/年乙苯/苯乙烯装置
0.59,ST010118,"<p>%(v/v)</p>
",2025-09-06 08:00:00,氧气,延炼12万吨/年乙苯/苯乙烯装置
17.23,ST010118,"<p>%(v/v)</p>
",2025-09-06 08:00:00,氮气,延炼12万吨/年乙苯/苯乙烯装置
1.88,ST010118,"<p>%(v/v)</p>
",2025-09-06 08:00:00,一氧化碳,延炼12万吨/年乙苯/苯乙烯装置
1.0,ST010118,<p>mg/kg</p>,2025-09-06 08:00:00,硫化氢,延炼12万吨/年乙苯/苯乙烯装置
2.19,ST010118,"<p>%(v/v)</p>
",2025-09-06 08:00:00,二氧化碳,延炼12万吨/年乙苯/苯乙烯装置
20.86,ST010118,"<p>%(v/v)</p>
",2025-09-06 08:00:00,氢气,延炼12万吨/年乙苯/苯乙烯装置
28.02,ST010118,"<p>%(v/v)</p>
",2025-09-06 08:00:00,甲烷,延炼12万吨/年乙苯/苯乙烯装置
0.08,ST010118,"<p>%(v/v)</p>
",2025-09-06 08:00:00,丙烷,延炼12万吨/年乙苯/苯乙烯装置
0.17,ST010118,"<p>%(v/v)</p>
",2025-09-06 08:00:00,丙烯,延炼12万吨/年乙苯/苯乙烯装置
13.75,ST010118,"<p>%(v/v)</p>
",2025-09-06 08:00:00,乙烯,延炼12万吨/年乙苯/苯乙烯装置
0.00,ST010118,"<p>%(v/v)</p>
",2025-09-06 08:00:00,碳四(合计),延炼12万吨/年乙苯/苯乙烯装置
0.00,ST010118,"<p>%(v/v)</p>
",2025-09-06 08:00:00,异戊烷,延炼12万吨/年乙苯/苯乙烯装置
0.00,ST010118,"<p>%(v/v)</p>
",2025-09-06 08:00:00,正戊烷,延炼12万吨/年乙苯/苯乙烯装置
15.23,ST010118,"<p>%(v/v)</p>
",2025-09-06 08:00:00,乙烷,延炼12万吨/年乙苯/苯乙烯装置
0.00,ST010118,"<p>%(v/v)</p>
",2025-09-06 08:00:00,碳五(合计),延炼12万吨/年乙苯/苯乙烯装置
1.0,ST010118,<p>mg/kg</p>,2025-09-07 08:00:00,硫化氢,延炼12万吨/年乙苯/苯乙烯装置
0.60,ST010118,"<p>%(v/v)</p>
",2025-09-07 08:00:00,氧气,延炼12万吨/年乙苯/苯乙烯装置
16.74,ST010118,"<p>%(v/v)</p>
",2025-09-07 08:00:00,氮气,延炼12万吨/年乙苯/苯乙烯装置
1.85,ST010118,"<p>%(v/v)</p>
",2025-09-07 08:00:00,一氧化碳,延炼12万吨/年乙苯/苯乙烯装置
2.29,ST010118,"<p>%(v/v)</p>
",2025-09-07 08:00:00,二氧化碳,延炼12万吨/年乙苯/苯乙烯装置
20.59,ST010118,"<p>%(v/v)</p>
",2025-09-07 08:00:00,氢气,延炼12万吨/年乙苯/苯乙烯装置
28.13,ST010118,"<p>%(v/v)</p>
",2025-09-07 08:00:00,甲烷,延炼12万吨/年乙苯/苯乙烯装置
0.08,ST010118,"<p>%(v/v)</p>
",2025-09-07 08:00:00,丙烷,延炼12万吨/年乙苯/苯乙烯装置
0.18,ST010118,"<p>%(v/v)</p>
",2025-09-07 08:00:00,丙烯,延炼12万吨/年乙苯/苯乙烯装置
14.19,ST010118,"<p>%(v/v)</p>
",2025-09-07 08:00:00,乙烯,延炼12万吨/年乙苯/苯乙烯装置
0.00,ST010118,"<p>%(v/v)</p>
",2025-09-07 08:00:00,碳四(合计),延炼12万吨/年乙苯/苯乙烯装置
0.00,ST010118,"<p>%(v/v)</p>
",2025-09-07 08:00:00,异戊烷,延炼12万吨/年乙苯/苯乙烯装置
0.00,ST010118,"<p>%(v/v)</p>
",2025-09-07 08:00:00,正戊烷,延炼12万吨/年乙苯/苯乙烯装置
15.36,ST010118,"<p>%(v/v)</p>
",2025-09-07 08:00:00,乙烷,延炼12万吨/年乙苯/苯乙烯装置
0.00,ST010118,"<p>%(v/v)</p>
",2025-09-07 08:00:00,碳五(合计),延炼12万吨/年乙苯/苯乙烯装置
0.00,ST010118,"<p>%(v/v)</p>
",2025-09-08 08:00:00,碳四(合计),延炼12万吨/年乙苯/苯乙烯装置
0.00,ST010118,"<p>%(v/v)</p>
",2025-09-08 08:00:00,异戊烷,延炼12万吨/年乙苯/苯乙烯装置
0.00,ST010118,"<p>%(v/v)</p>
",2025-09-08 08:00:00,正戊烷,延炼12万吨/年乙苯/苯乙烯装置
13.96,ST010118,"<p>%(v/v)</p>
",2025-09-08 08:00:00,乙烷,延炼12万吨/年乙苯/苯乙烯装置
0.00,ST010118,"<p>%(v/v)</p>
",2025-09-08 08:00:00,碳五(合计),延炼12万吨/年乙苯/苯乙烯装置
1.0,ST010118,<p>mg/kg</p>,2025-09-08 08:00:00,硫化氢,延炼12万吨/年乙苯/苯乙烯装置
0.27,ST010118,"<p>%(v/v)</p>
",2025-09-08 08:00:00,氧气,延炼12万吨/年乙苯/苯乙烯装置
15.89,ST010118,"<p>%(v/v)</p>
",2025-09-08 08:00:00,氮气,延炼12万吨/年乙苯/苯乙烯装置
1.80,ST010118,"<p>%(v/v)</p>
",2025-09-08 08:00:00,一氧化碳,延炼12万吨/年乙苯/苯乙烯装置
2.08,ST010118,"<p>%(v/v)</p>
",2025-09-08 08:00:00,二氧化碳,延炼12万吨/年乙苯/苯乙烯装置
21.74,ST010118,"<p>%(v/v)</p>
",2025-09-08 08:00:00,氢气,延炼12万吨/年乙苯/苯乙烯装置
28.67,ST010118,"<p>%(v/v)</p>
",2025-09-08 08:00:00,甲烷,延炼12万吨/年乙苯/苯乙烯装置
0.11,ST010118,"<p>%(v/v)</p>
",2025-09-08 08:00:00,丙烷,延炼12万吨/年乙苯/苯乙烯装置
0.25,ST010118,"<p>%(v/v)</p>
",2025-09-08 08:00:00,丙烯,延炼12万吨/年乙苯/苯乙烯装置
15.22,ST010118,"<p>%(v/v)</p>
",2025-09-08 08:00:00,乙烯,延炼12万吨/年乙苯/苯乙烯装置
1.0,ST010118,<p>mg/kg</p>,2025-09-09 08:00:00,硫化氢,延炼12万吨/年乙苯/苯乙烯装置
0.77,ST010118,"<p>%(v/v)</p>
",2025-09-09 08:00:00,氧气,延炼12万吨/年乙苯/苯乙烯装置
16.48,ST010118,"<p>%(v/v)</p>
",2025-09-09 08:00:00,氮气,延炼12万吨/年乙苯/苯乙烯装置
1.81,ST010118,"<p>%(v/v)</p>
",2025-09-09 08:00:00,一氧化碳,延炼12万吨/年乙苯/苯乙烯装置
2.08,ST010118,"<p>%(v/v)</p>
",2025-09-09 08:00:00,二氧化碳,延炼12万吨/年乙苯/苯乙烯装置
20.01,ST010118,"<p>%(v/v)</p>
",2025-09-09 08:00:00,氢气,延炼12万吨/年乙苯/苯乙烯装置
27.43,ST010118,"<p>%(v/v)</p>
",2025-09-09 08:00:00,甲烷,延炼12万吨/年乙苯/苯乙烯装置
0.11,ST010118,"<p>%(v/v)</p>
",2025-09-09 08:00:00,丙烷,延炼12万吨/年乙苯/苯乙烯装置
0.24,ST010118,"<p>%(v/v)</p>
",2025-09-09 08:00:00,丙烯,延炼12万吨/年乙苯/苯乙烯装置
15.28,ST010118,"<p>%(v/v)</p>
",2025-09-09 08:00:00,乙烯,延炼12万吨/年乙苯/苯乙烯装置
0.00,ST010118,"<p>%(v/v)</p>
",2025-09-09 08:00:00,碳四(合计),延炼12万吨/年乙苯/苯乙烯装置
0.00,ST010118,"<p>%(v/v)</p>
",2025-09-09 08:00:00,异戊烷,延炼12万吨/年乙苯/苯乙烯装置
0.00,ST010118,"<p>%(v/v)</p>
",2025-09-09 08:00:00,正戊烷,延炼12万吨/年乙苯/苯乙烯装置
15.79,ST010118,"<p>%(v/v)</p>
",2025-09-09 08:00:00,乙烷,延炼12万吨/年乙苯/苯乙烯装置
0.00,ST010118,"<p>%(v/v)</p>
",2025-09-09 08:00:00,碳五(合计),延炼12万吨/年乙苯/苯乙烯装置
1.0,ST010118,<p>mg/kg</p>,2025-09-10 08:00:00,硫化氢,延炼12万吨/年乙苯/苯乙烯装置
0.50,ST010118,"<p>%(v/v)</p>
",2025-09-10 08:00:00,氧气,延炼12万吨/年乙苯/苯乙烯装置
15.67,ST010118,"<p>%(v/v)</p>
",2025-09-10 08:00:00,氮气,延炼12万吨/年乙苯/苯乙烯装置
1.82,ST010118,"<p>%(v/v)</p>
",2025-09-10 08:00:00,一氧化碳,延炼12万吨/年乙苯/苯乙烯装置
2.33,ST010118,"<p>%(v/v)</p>
",2025-09-10 08:00:00,二氧化碳,延炼12万吨/年乙苯/苯乙烯装置
20.29,ST010118,"<p>%(v/v)</p>
",2025-09-10 08:00:00,氢气,延炼12万吨/年乙苯/苯乙烯装置
28.10,ST010118,"<p>%(v/v)</p>
",2025-09-10 08:00:00,甲烷,延炼12万吨/年乙苯/苯乙烯装置
0.14,ST010118,"<p>%(v/v)</p>
",2025-09-10 08:00:00,丙烷,延炼12万吨/年乙苯/苯乙烯装置
0.30,ST010118,"<p>%(v/v)</p>
",2025-09-10 08:00:00,丙烯,延炼12万吨/年乙苯/苯乙烯装置
15.42,ST010118,"<p>%(v/v)</p>
",2025-09-10 08:00:00,乙烯,延炼12万吨/年乙苯/苯乙烯装置
0.00,ST010118,"<p>%(v/v)</p>
",2025-09-10 08:00:00,碳四(合计),延炼12万吨/年乙苯/苯乙烯装置
0.00,ST010118,"<p>%(v/v)</p>
",2025-09-10 08:00:00,异戊烷,延炼12万吨/年乙苯/苯乙烯装置
0.00,ST010118,"<p>%(v/v)</p>
",2025-09-10 08:00:00,正戊烷,延炼12万吨/年乙苯/苯乙烯装置
15.44,ST010118,"<p>%(v/v)</p>
",2025-09-10 08:00:00,乙烷,延炼12万吨/年乙苯/苯乙烯装置
0.00,ST010118,"<p>%(v/v)</p>
",2025-09-10 08:00:00,碳五(合计),延炼12万吨/年乙苯/苯乙烯装置
1.0,ST010118,<p>mg/kg</p>,2025-09-11 08:00:00,硫化氢,延炼12万吨/年乙苯/苯乙烯装置
0.82,ST010118,"<p>%(v/v)</p>
",2025-09-11 08:00:00,氧气,延炼12万吨/年乙苯/苯乙烯装置
15.82,ST010118,"<p>%(v/v)</p>
",2025-09-11 08:00:00,氮气,延炼12万吨/年乙苯/苯乙烯装置
1.84,ST010118,"<p>%(v/v)</p>
",2025-09-11 08:00:00,一氧化碳,延炼12万吨/年乙苯/苯乙烯装置
2.20,ST010118,"<p>%(v/v)</p>
",2025-09-11 08:00:00,二氧化碳,延炼12万吨/年乙苯/苯乙烯装置
20.66,ST010118,"<p>%(v/v)</p>
",2025-09-11 08:00:00,氢气,延炼12万吨/年乙苯/苯乙烯装置
28.12,ST010118,"<p>%(v/v)</p>
",2025-09-11 08:00:00,甲烷,延炼12万吨/年乙苯/苯乙烯装置
0.13,ST010118,"<p>%(v/v)</p>
",2025-09-11 08:00:00,丙烷,延炼12万吨/年乙苯/苯乙烯装置
0.28,ST010118,"<p>%(v/v)</p>
",2025-09-11 08:00:00,丙烯,延炼12万吨/年乙苯/苯乙烯装置
15.25,ST010118,"<p>%(v/v)</p>
",2025-09-11 08:00:00,乙烯,延炼12万吨/年乙苯/苯乙烯装置
0.00,ST010118,"<p>%(v/v)</p>
",2025-09-11 08:00:00,碳四(合计),延炼12万吨/年乙苯/苯乙烯装置
0.00,ST010118,"<p>%(v/v)</p>
",2025-09-11 08:00:00,异戊烷,延炼12万吨/年乙苯/苯乙烯装置
0.00,ST010118,"<p>%(v/v)</p>
",2025-09-11 08:00:00,正戊烷,延炼12万吨/年乙苯/苯乙烯装置
14.88,ST010118,"<p>%(v/v)</p>
",2025-09-11 08:00:00,乙烷,延炼12万吨/年乙苯/苯乙烯装置
0.00,ST010118,"<p>%(v/v)</p>
",2025-09-11 08:00:00,碳五(合计),延炼12万吨/年乙苯/苯乙烯装置
1.0,ST010118,<p>mg/kg</p>,2025-09-12 08:00:00,硫化氢,延炼12万吨/年乙苯/苯乙烯装置
0.76,ST010118,"<p>%(v/v)</p>
",2025-09-12 08:00:00,氧气,延炼12万吨/年乙苯/苯乙烯装置
16.63,ST010118,"<p>%(v/v)</p>
",2025-09-12 08:00:00,氮气,延炼12万吨/年乙苯/苯乙烯装置
1.75,ST010118,"<p>%(v/v)</p>
",2025-09-12 08:00:00,一氧化碳,延炼12万吨/年乙苯/苯乙烯装置
2.12,ST010118,"<p>%(v/v)</p>
",2025-09-12 08:00:00,二氧化碳,延炼12万吨/年乙苯/苯乙烯装置
21.24,ST010118,"<p>%(v/v)</p>
",2025-09-12 08:00:00,氢气,延炼12万吨/年乙苯/苯乙烯装置
27.93,ST010118,"<p>%(v/v)</p>
",2025-09-12 08:00:00,甲烷,延炼12万吨/年乙苯/苯乙烯装置
0.14,ST010118,"<p>%(v/v)</p>
",2025-09-12 08:00:00,丙烷,延炼12万吨/年乙苯/苯乙烯装置
0.31,ST010118,"<p>%(v/v)</p>
",2025-09-12 08:00:00,丙烯,延炼12万吨/年乙苯/苯乙烯装置
14.97,ST010118,"<p>%(v/v)</p>
",2025-09-12 08:00:00,乙烯,延炼12万吨/年乙苯/苯乙烯装置
0.00,ST010118,"<p>%(v/v)</p>
",2025-09-12 08:00:00,碳四(合计),延炼12万吨/年乙苯/苯乙烯装置
0.00,ST010118,"<p>%(v/v)</p>
",2025-09-12 08:00:00,异戊烷,延炼12万吨/年乙苯/苯乙烯装置
0.00,ST010118,"<p>%(v/v)</p>
",2025-09-12 08:00:00,正戊烷,延炼12万吨/年乙苯/苯乙烯装置
14.13,ST010118,"<p>%(v/v)</p>
",2025-09-12 08:00:00,乙烷,延炼12万吨/年乙苯/苯乙烯装置
0.00,ST010118,"<p>%(v/v)</p>
",2025-09-12 08:00:00,碳五(合计),延炼12万吨/年乙苯/苯乙烯装置
1.03,ST010118,"<p>%(v/v)</p>
",2025-09-13 08:00:00,氧气,延炼12万吨/年乙苯/苯乙烯装置
17.51,ST010118,"<p>%(v/v)</p>
",2025-09-13 08:00:00,氮气,延炼12万吨/年乙苯/苯乙烯装置
1.74,ST010118,"<p>%(v/v)</p>
",2025-09-13 08:00:00,一氧化碳,延炼12万吨/年乙苯/苯乙烯装置
2.06,ST010118,"<p>%(v/v)</p>
",2025-09-13 08:00:00,二氧化碳,延炼12万吨/年乙苯/苯乙烯装置
20.52,ST010118,"<p>%(v/v)</p>
",2025-09-13 08:00:00,氢气,延炼12万吨/年乙苯/苯乙烯装置
27.80,ST010118,"<p>%(v/v)</p>
",2025-09-13 08:00:00,甲烷,延炼12万吨/年乙苯/苯乙烯装置
0.13,ST010118,"<p>%(v/v)</p>
",2025-09-13 08:00:00,丙烷,延炼12万吨/年乙苯/苯乙烯装置
0.27,ST010118,"<p>%(v/v)</p>
",2025-09-13 08:00:00,丙烯,延炼12万吨/年乙苯/苯乙烯装置
1.0,ST010118,<p>mg/kg</p>,2025-09-13 08:00:00,硫化氢,延炼12万吨/年乙苯/苯乙烯装置
14.86,ST010118,"<p>%(v/v)</p>
",2025-09-13 08:00:00,乙烯,延炼12万吨/年乙苯/苯乙烯装置
0.00,ST010118,"<p>%(v/v)</p>
",2025-09-13 08:00:00,碳四(合计),延炼12万吨/年乙苯/苯乙烯装置
0.00,ST010118,"<p>%(v/v)</p>
",2025-09-13 08:00:00,异戊烷,延炼12万吨/年乙苯/苯乙烯装置
0.00,ST010118,"<p>%(v/v)</p>
",2025-09-13 08:00:00,正戊烷,延炼12万吨/年乙苯/苯乙烯装置
14.08,ST010118,"<p>%(v/v)</p>
",2025-09-13 08:00:00,乙烷,延炼12万吨/年乙苯/苯乙烯装置
0.00,ST010118,"<p>%(v/v)</p>
",2025-09-13 08:00:00,碳五(合计),延炼12万吨/年乙苯/苯乙烯装置
1.0,ST010118,<p>mg/kg</p>,2025-09-14 08:00:00,硫化氢,延炼12万吨/年乙苯/苯乙烯装置
2.94,ST010118,"<p>%(v/v)</p>
",2025-09-14 08:00:00,氧气,延炼12万吨/年乙苯/苯乙烯装置
18.23,ST010118,"<p>%(v/v)</p>
",2025-09-14 08:00:00,氮气,延炼12万吨/年乙苯/苯乙烯装置
1.70,ST010118,"<p>%(v/v)</p>
",2025-09-14 08:00:00,一氧化碳,延炼12万吨/年乙苯/苯乙烯装置
2.03,ST010118,"<p>%(v/v)</p>
",2025-09-14 08:00:00,二氧化碳,延炼12万吨/年乙苯/苯乙烯装置
20.11,ST010118,"<p>%(v/v)</p>
",2025-09-14 08:00:00,氢气,延炼12万吨/年乙苯/苯乙烯装置
26.68,ST010118,"<p>%(v/v)</p>
",2025-09-14 08:00:00,甲烷,延炼12万吨/年乙苯/苯乙烯装置
0.13,ST010118,"<p>%(v/v)</p>
",2025-09-14 08:00:00,丙烷,延炼12万吨/年乙苯/苯乙烯装置
0.30,ST010118,"<p>%(v/v)</p>
",2025-09-14 08:00:00,丙烯,延炼12万吨/年乙苯/苯乙烯装置
14.35,ST010118,"<p>%(v/v)</p>
",2025-09-14 08:00:00,乙烯,延炼12万吨/年乙苯/苯乙烯装置
0.00,ST010118,"<p>%(v/v)</p>
",2025-09-14 08:00:00,碳四(合计),延炼12万吨/年乙苯/苯乙烯装置
0.00,ST010118,"<p>%(v/v)</p>
",2025-09-14 08:00:00,异戊烷,延炼12万吨/年乙苯/苯乙烯装置
0.00,ST010118,"<p>%(v/v)</p>
",2025-09-14 08:00:00,正戊烷,延炼12万吨/年乙苯/苯乙烯装置
13.53,ST010118,"<p>%(v/v)</p>
",2025-09-14 08:00:00,乙烷,延炼12万吨/年乙苯/苯乙烯装置
0.00,ST010118,"<p>%(v/v)</p>
",2025-09-14 08:00:00,碳五(合计),延炼12万吨/年乙苯/苯乙烯装置
1.0,ST010118,<p>mg/kg</p>,2025-09-15 08:00:00,硫化氢,延炼12万吨/年乙苯/苯乙烯装置
0.63,ST010118,"<p>%(v/v)</p>
",2025-09-15 08:00:00,氧气,延炼12万吨/年乙苯/苯乙烯装置
15.93,ST010118,"<p>%(v/v)</p>
",2025-09-15 08:00:00,氮气,延炼12万吨/年乙苯/苯乙烯装置
1.76,ST010118,"<p>%(v/v)</p>
",2025-09-15 08:00:00,一氧化碳,延炼12万吨/年乙苯/苯乙烯装置
2.07,ST010118,"<p>%(v/v)</p>
",2025-09-15 08:00:00,二氧化碳,延炼12万吨/年乙苯/苯乙烯装置
21.16,ST010118,"<p>%(v/v)</p>
",2025-09-15 08:00:00,氢气,延炼12万吨/年乙苯/苯乙烯装置
28.25,ST010118,"<p>%(v/v)</p>
",2025-09-15 08:00:00,甲烷,延炼12万吨/年乙苯/苯乙烯装置
0.14,ST010118,"<p>%(v/v)</p>
",2025-09-15 08:00:00,丙烷,延炼12万吨/年乙苯/苯乙烯装置
0.31,ST010118,"<p>%(v/v)</p>
",2025-09-15 08:00:00,丙烯,延炼12万吨/年乙苯/苯乙烯装置
15.24,ST010118,"<p>%(v/v)</p>
",2025-09-15 08:00:00,乙烯,延炼12万吨/年乙苯/苯乙烯装置
0.00,ST010118,"<p>%(v/v)</p>
",2025-09-15 08:00:00,碳四(合计),延炼12万吨/年乙苯/苯乙烯装置
0.00,ST010118,"<p>%(v/v)</p>
",2025-09-15 08:00:00,异戊烷,延炼12万吨/年乙苯/苯乙烯装置
0.00,ST010118,"<p>%(v/v)</p>
",2025-09-15 08:00:00,正戊烷,延炼12万吨/年乙苯/苯乙烯装置
14.49,ST010118,"<p>%(v/v)</p>
",2025-09-15 08:00:00,乙烷,延炼12万吨/年乙苯/苯乙烯装置
0.00,ST010118,"<p>%(v/v)</p>
",2025-09-15 08:00:00,碳五(合计),延炼12万吨/年乙苯/苯乙烯装置
0.00,ST010118,"<p>%(v/v)</p>
",2025-09-16 08:00:00,碳四(合计),延炼12万吨/年乙苯/苯乙烯装置
0.00,ST010118,"<p>%(v/v)</p>
",2025-09-16 08:00:00,异戊烷,延炼12万吨/年乙苯/苯乙烯装置
0.00,ST010118,"<p>%(v/v)</p>
",2025-09-16 08:00:00,正戊烷,延炼12万吨/年乙苯/苯乙烯装置
14.12,ST010118,"<p>%(v/v)</p>
",2025-09-16 08:00:00,乙烷,延炼12万吨/年乙苯/苯乙烯装置
0.00,ST010118,"<p>%(v/v)</p>
",2025-09-16 08:00:00,碳五(合计),延炼12万吨/年乙苯/苯乙烯装置
0.31,ST010118,"<p>%(v/v)</p>
",2025-09-16 08:00:00,丙烯,延炼12万吨/年乙苯/苯乙烯装置
14.72,ST010118,"<p>%(v/v)</p>
",2025-09-16 08:00:00,乙烯,延炼12万吨/年乙苯/苯乙烯装置
1.0,ST010118,<p>mg/kg</p>,2025-09-16 08:00:00,硫化氢,延炼12万吨/年乙苯/苯乙烯装置
1.04,ST010118,"<p>%(v/v)</p>
",2025-09-16 08:00:00,氧气,延炼12万吨/年乙苯/苯乙烯装置
17.04,ST010118,"<p>%(v/v)</p>
",2025-09-16 08:00:00,氮气,延炼12万吨/年乙苯/苯乙烯装置
1.74,ST010118,"<p>%(v/v)</p>
",2025-09-16 08:00:00,一氧化碳,延炼12万吨/年乙苯/苯乙烯装置
2.01,ST010118,"<p>%(v/v)</p>
",2025-09-16 08:00:00,二氧化碳,延炼12万吨/年乙苯/苯乙烯装置
21.23,ST010118,"<p>%(v/v)</p>
",2025-09-16 08:00:00,氢气,延炼12万吨/年乙苯/苯乙烯装置
27.63,ST010118,"<p>%(v/v)</p>
",2025-09-16 08:00:00,甲烷,延炼12万吨/年乙苯/苯乙烯装置
0.14,ST010118,"<p>%(v/v)</p>
",2025-09-16 08:00:00,丙烷,延炼12万吨/年乙苯/苯乙烯装置
1.0,ST010118,<p>mg/kg</p>,2025-09-17 08:00:00,硫化氢,延炼12万吨/年乙苯/苯乙烯装置
1.44,ST010118,"<p>%(v/v)</p>
",2025-09-17 08:00:00,氧气,延炼12万吨/年乙苯/苯乙烯装置
17.82,ST010118,"<p>%(v/v)</p>
",2025-09-17 08:00:00,氮气,延炼12万吨/年乙苯/苯乙烯装置
1.79,ST010118,"<p>%(v/v)</p>
",2025-09-17 08:00:00,一氧化碳,延炼12万吨/年乙苯/苯乙烯装置
1.84,ST010118,"<p>%(v/v)</p>
",2025-09-17 08:00:00,二氧化碳,延炼12万吨/年乙苯/苯乙烯装置
20.67,ST010118,"<p>%(v/v)</p>
",2025-09-17 08:00:00,氢气,延炼12万吨/年乙苯/苯乙烯装置
27.58,ST010118,"<p>%(v/v)</p>
",2025-09-17 08:00:00,甲烷,延炼12万吨/年乙苯/苯乙烯装置
0.13,ST010118,"<p>%(v/v)</p>
",2025-09-17 08:00:00,丙烷,延炼12万吨/年乙苯/苯乙烯装置
0.28,ST010118,"<p>%(v/v)</p>
",2025-09-17 08:00:00,丙烯,延炼12万吨/年乙苯/苯乙烯装置
14.64,ST010118,"<p>%(v/v)</p>
",2025-09-17 08:00:00,乙烯,延炼12万吨/年乙苯/苯乙烯装置
0.00,ST010118,"<p>%(v/v)</p>
",2025-09-17 08:00:00,碳四(合计),延炼12万吨/年乙苯/苯乙烯装置
0.00,ST010118,"<p>%(v/v)</p>
",2025-09-17 08:00:00,异戊烷,延炼12万吨/年乙苯/苯乙烯装置
0.00,ST010118,"<p>%(v/v)</p>
",2025-09-17 08:00:00,正戊烷,延炼12万吨/年乙苯/苯乙烯装置
13.81,ST010118,"<p>%(v/v)</p>
",2025-09-17 08:00:00,乙烷,延炼12万吨/年乙苯/苯乙烯装置
0.00,ST010118,"<p>%(v/v)</p>
",2025-09-17 08:00:00,碳五(合计),延炼12万吨/年乙苯/苯乙烯装置
1.0,ST010118,<p>mg/kg</p>,2025-09-18 08:00:00,硫化氢,延炼12万吨/年乙苯/苯乙烯装置
0.59,ST010118,"<p>%(v/v)</p>
",2025-09-18 08:00:00,氧气,延炼12万吨/年乙苯/苯乙烯装置
16.63,ST010118,"<p>%(v/v)</p>
",2025-09-18 08:00:00,氮气,延炼12万吨/年乙苯/苯乙烯装置
1.84,ST010118,"<p>%(v/v)</p>
",2025-09-18 08:00:00,一氧化碳,延炼12万吨/年乙苯/苯乙烯装置
2.02,ST010118,"<p>%(v/v)</p>
",2025-09-18 08:00:00,二氧化碳,延炼12万吨/年乙苯/苯乙烯装置
22.74,ST010118,"<p>%(v/v)</p>
",2025-09-18 08:00:00,氢气,延炼12万吨/年乙苯/苯乙烯装置
27.95,ST010118,"<p>%(v/v)</p>
",2025-09-18 08:00:00,甲烷,延炼12万吨/年乙苯/苯乙烯装置
0.11,ST010118,"<p>%(v/v)</p>
",2025-09-18 08:00:00,丙烷,延炼12万吨/年乙苯/苯乙烯装置
0.24,ST010118,"<p>%(v/v)</p>
",2025-09-18 08:00:00,丙烯,延炼12万吨/年乙苯/苯乙烯装置
14.47,ST010118,"<p>%(v/v)</p>
",2025-09-18 08:00:00,乙烯,延炼12万吨/年乙苯/苯乙烯装置
0.00,ST010118,"<p>%(v/v)</p>
",2025-09-18 08:00:00,碳四(合计),延炼12万吨/年乙苯/苯乙烯装置
0.00,ST010118,"<p>%(v/v)</p>
",2025-09-18 08:00:00,异戊烷,延炼12万吨/年乙苯/苯乙烯装置
0.00,ST010118,"<p>%(v/v)</p>
",2025-09-18 08:00:00,正戊烷,延炼12万吨/年乙苯/苯乙烯装置
13.42,ST010118,"<p>%(v/v)</p>
",2025-09-18 08:00:00,乙烷,延炼12万吨/年乙苯/苯乙烯装置
0.00,ST010118,"<p>%(v/v)</p>
",2025-09-18 08:00:00,碳五(合计),延炼12万吨/年乙苯/苯乙烯装置
1.0,ST010118,<p>mg/kg</p>,2025-09-19 08:00:00,硫化氢,延炼12万吨/年乙苯/苯乙烯装置
1.34,ST010118,"<p>%(v/v)</p>
",2025-09-19 08:00:00,氧气,延炼12万吨/年乙苯/苯乙烯装置
17.72,ST010118,"<p>%(v/v)</p>
",2025-09-19 08:00:00,氮气,延炼12万吨/年乙苯/苯乙烯装置
1.78,ST010118,"<p>%(v/v)</p>
",2025-09-19 08:00:00,一氧化碳,延炼12万吨/年乙苯/苯乙烯装置
2.07,ST010118,"<p>%(v/v)</p>
",2025-09-19 08:00:00,二氧化碳,延炼12万吨/年乙苯/苯乙烯装置
21.92,ST010118,"<p>%(v/v)</p>
",2025-09-19 08:00:00,氢气,延炼12万吨/年乙苯/苯乙烯装置
26.97,ST010118,"<p>%(v/v)</p>
",2025-09-19 08:00:00,甲烷,延炼12万吨/年乙苯/苯乙烯装置
0.11,ST010118,"<p>%(v/v)</p>
",2025-09-19 08:00:00,丙烷,延炼12万吨/年乙苯/苯乙烯装置
0.24,ST010118,"<p>%(v/v)</p>
",2025-09-19 08:00:00,丙烯,延炼12万吨/年乙苯/苯乙烯装置
14.48,ST010118,"<p>%(v/v)</p>
",2025-09-19 08:00:00,乙烯,延炼12万吨/年乙苯/苯乙烯装置
0.00,ST010118,"<p>%(v/v)</p>
",2025-09-19 08:00:00,碳四(合计),延炼12万吨/年乙苯/苯乙烯装置
0.00,ST010118,"<p>%(v/v)</p>
",2025-09-19 08:00:00,异戊烷,延炼12万吨/年乙苯/苯乙烯装置
0.00,ST010118,"<p>%(v/v)</p>
",2025-09-19 08:00:00,正戊烷,延炼12万吨/年乙苯/苯乙烯装置
13.37,ST010118,"<p>%(v/v)</p>
",2025-09-19 08:00:00,乙烷,延炼12万吨/年乙苯/苯乙烯装置
0.00,ST010118,"<p>%(v/v)</p>
",2025-09-19 08:00:00,碳五(合计),延炼12万吨/年乙苯/苯乙烯装置
1.0,ST010118,<p>mg/kg</p>,2025-09-20 08:00:00,硫化氢,延炼12万吨/年乙苯/苯乙烯装置
0.31,ST010118,"<p>%(v/v)</p>
",2025-09-20 08:00:00,氧气,延炼12万吨/年乙苯/苯乙烯装置
15.14,ST010118,"<p>%(v/v)</p>
",2025-09-20 08:00:00,氮气,延炼12万吨/年乙苯/苯乙烯装置
1.84,ST010118,"<p>%(v/v)</p>
",2025-09-20 08:00:00,一氧化碳,延炼12万吨/年乙苯/苯乙烯装置
2.33,ST010118,"<p>%(v/v)</p>
",2025-09-20 08:00:00,二氧化碳,延炼12万吨/年乙苯/苯乙烯装置
23.23,ST010118,"<p>%(v/v)</p>
",2025-09-20 08:00:00,氢气,延炼12万吨/年乙苯/苯乙烯装置
28.14,ST010118,"<p>%(v/v)</p>
",2025-09-20 08:00:00,甲烷,延炼12万吨/年乙苯/苯乙烯装置
0.10,ST010118,"<p>%(v/v)</p>
",2025-09-20 08:00:00,丙烷,延炼12万吨/年乙苯/苯乙烯装置
0.21,ST010118,"<p>%(v/v)</p>
",2025-09-20 08:00:00,丙烯,延炼12万吨/年乙苯/苯乙烯装置
14.85,ST010118,"<p>%(v/v)</p>
",2025-09-20 08:00:00,乙烯,延炼12万吨/年乙苯/苯乙烯装置
0.00,ST010118,"<p>%(v/v)</p>
",2025-09-20 08:00:00,碳四(合计),延炼12万吨/年乙苯/苯乙烯装置
0.00,ST010118,"<p>%(v/v)</p>
",2025-09-20 08:00:00,异戊烷,延炼12万吨/年乙苯/苯乙烯装置
0.00,ST010118,"<p>%(v/v)</p>
",2025-09-20 08:00:00,正戊烷,延炼12万吨/年乙苯/苯乙烯装置
13.84,ST010118,"<p>%(v/v)</p>
",2025-09-20 08:00:00,乙烷,延炼12万吨/年乙苯/苯乙烯装置
0.00,ST010118,"<p>%(v/v)</p>
",2025-09-20 08:00:00,碳五(合计),延炼12万吨/年乙苯/苯乙烯装置
0.61,ST010118,"<p>%(v/v)</p>
",2025-09-21 08:00:00,氧气,延炼12万吨/年乙苯/苯乙烯装置
16.25,ST010118,"<p>%(v/v)</p>
",2025-09-21 08:00:00,氮气,延炼12万吨/年乙苯/苯乙烯装置
1.92,ST010118,"<p>%(v/v)</p>
",2025-09-21 08:00:00,一氧化碳,延炼12万吨/年乙苯/苯乙烯装置
2.27,ST010118,"<p>%(v/v)</p>
",2025-09-21 08:00:00,二氧化碳,延炼12万吨/年乙苯/苯乙烯装置
22.61,ST010118,"<p>%(v/v)</p>
",2025-09-21 08:00:00,氢气,延炼12万吨/年乙苯/苯乙烯装置
27.71,ST010118,"<p>%(v/v)</p>
",2025-09-21 08:00:00,甲烷,延炼12万吨/年乙苯/苯乙烯装置
0.10,ST010118,"<p>%(v/v)</p>
",2025-09-21 08:00:00,丙烷,延炼12万吨/年乙苯/苯乙烯装置
0.22,ST010118,"<p>%(v/v)</p>
",2025-09-21 08:00:00,丙烯,延炼12万吨/年乙苯/苯乙烯装置
14.59,ST010118,"<p>%(v/v)</p>
",2025-09-21 08:00:00,乙烯,延炼12万吨/年乙苯/苯乙烯装置
0.00,ST010118,"<p>%(v/v)</p>
",2025-09-21 08:00:00,碳四(合计),延炼12万吨/年乙苯/苯乙烯装置
0.00,ST010118,"<p>%(v/v)</p>
",2025-09-21 08:00:00,异戊烷,延炼12万吨/年乙苯/苯乙烯装置
0.00,ST010118,"<p>%(v/v)</p>
",2025-09-21 08:00:00,正戊烷,延炼12万吨/年乙苯/苯乙烯装置
13.72,ST010118,"<p>%(v/v)</p>
",2025-09-21 08:00:00,乙烷,延炼12万吨/年乙苯/苯乙烯装置
0.00,ST010118,"<p>%(v/v)</p>
",2025-09-21 08:00:00,碳五(合计),延炼12万吨/年乙苯/苯乙烯装置
1.0,ST010118,<p>mg/kg</p>,2025-09-21 08:00:00,硫化氢,延炼12万吨/年乙苯/苯乙烯装置
1.0,ST010118,<p>mg/kg</p>,2025-09-22 08:00:00,硫化氢,延炼12万吨/年乙苯/苯乙烯装置
1.40,ST010118,"<p>%(v/v)</p>
",2025-09-22 08:00:00,氧气,延炼12万吨/年乙苯/苯乙烯装置
17.77,ST010118,"<p>%(v/v)</p>
",2025-09-22 08:00:00,氮气,延炼12万吨/年乙苯/苯乙烯装置
1.72,ST010118,"<p>%(v/v)</p>
",2025-09-22 08:00:00,一氧化碳,延炼12万吨/年乙苯/苯乙烯装置
2.26,ST010118,"<p>%(v/v)</p>
",2025-09-22 08:00:00,二氧化碳,延炼12万吨/年乙苯/苯乙烯装置
21.61,ST010118,"<p>%(v/v)</p>
",2025-09-22 08:00:00,氢气,延炼12万吨/年乙苯/苯乙烯装置
26.68,ST010118,"<p>%(v/v)</p>
",2025-09-22 08:00:00,甲烷,延炼12万吨/年乙苯/苯乙烯装置
0.14,ST010118,"<p>%(v/v)</p>
",2025-09-22 08:00:00,丙烷,延炼12万吨/年乙苯/苯乙烯装置
0.31,ST010118,"<p>%(v/v)</p>
",2025-09-22 08:00:00,丙烯,延炼12万吨/年乙苯/苯乙烯装置
14.18,ST010118,"<p>%(v/v)</p>
",2025-09-22 08:00:00,乙烯,延炼12万吨/年乙苯/苯乙烯装置
0.00,ST010118,"<p>%(v/v)</p>
",2025-09-22 08:00:00,碳四(合计),延炼12万吨/年乙苯/苯乙烯装置
0.00,ST010118,"<p>%(v/v)</p>
",2025-09-22 08:00:00,异戊烷,延炼12万吨/年乙苯/苯乙烯装置
0.00,ST010118,"<p>%(v/v)</p>
",2025-09-22 08:00:00,正戊烷,延炼12万吨/年乙苯/苯乙烯装置
13.92,ST010118,"<p>%(v/v)</p>
",2025-09-22 08:00:00,乙烷,延炼12万吨/年乙苯/苯乙烯装置
0.00,ST010118,"<p>%(v/v)</p>
",2025-09-22 08:00:00,碳五(合计),延炼12万吨/年乙苯/苯乙烯装置
0.77,ST010118,"<p>%(v/v)</p>
",2025-09-23 08:00:00,氧气,延炼12万吨/年乙苯/苯乙烯装置
17.05,ST010118,"<p>%(v/v)</p>
",2025-09-23 08:00:00,氮气,延炼12万吨/年乙苯/苯乙烯装置
1.76,ST010118,"<p>%(v/v)</p>
",2025-09-23 08:00:00,一氧化碳,延炼12万吨/年乙苯/苯乙烯装置
2.43,ST010118,"<p>%(v/v)</p>
",2025-09-23 08:00:00,二氧化碳,延炼12万吨/年乙苯/苯乙烯装置
22.25,ST010118,"<p>%(v/v)</p>
",2025-09-23 08:00:00,氢气,延炼12万吨/年乙苯/苯乙烯装置
26.95,ST010118,"<p>%(v/v)</p>
",2025-09-23 08:00:00,甲烷,延炼12万吨/年乙苯/苯乙烯装置
0.12,ST010118,"<p>%(v/v)</p>
",2025-09-23 08:00:00,丙烷,延炼12万吨/年乙苯/苯乙烯装置
0.25,ST010118,"<p>%(v/v)</p>
",2025-09-23 08:00:00,丙烯,延炼12万吨/年乙苯/苯乙烯装置
14.40,ST010118,"<p>%(v/v)</p>
",2025-09-23 08:00:00,乙烯,延炼12万吨/年乙苯/苯乙烯装置
0.00,ST010118,"<p>%(v/v)</p>
",2025-09-23 08:00:00,碳四(合计),延炼12万吨/年乙苯/苯乙烯装置
0.00,ST010118,"<p>%(v/v)</p>
",2025-09-23 08:00:00,异戊烷,延炼12万吨/年乙苯/苯乙烯装置
0.00,ST010118,"<p>%(v/v)</p>
",2025-09-23 08:00:00,正戊烷,延炼12万吨/年乙苯/苯乙烯装置
14.02,ST010118,"<p>%(v/v)</p>
",2025-09-23 08:00:00,乙烷,延炼12万吨/年乙苯/苯乙烯装置
0.00,ST010118,"<p>%(v/v)</p>
",2025-09-23 08:00:00,碳五(合计),延炼12万吨/年乙苯/苯乙烯装置
1.0,ST010118,<p>mg/kg</p>,2025-09-23 08:00:00,硫化氢,延炼12万吨/年乙苯/苯乙烯装置
1.0,ST010118,<p>mg/kg</p>,2025-09-24 08:00:00,硫化氢,延炼12万吨/年乙苯/苯乙烯装置
0.46,ST010118,"<p>%(v/v)</p>
",2025-09-24 08:00:00,氧气,延炼12万吨/年乙苯/苯乙烯装置
16.95,ST010118,"<p>%(v/v)</p>
",2025-09-24 08:00:00,氮气,延炼12万吨/年乙苯/苯乙烯装置
1.87,ST010118,"<p>%(v/v)</p>
",2025-09-24 08:00:00,一氧化碳,延炼12万吨/年乙苯/苯乙烯装置
2.25,ST010118,"<p>%(v/v)</p>
",2025-09-24 08:00:00,二氧化碳,延炼12万吨/年乙苯/苯乙烯装置
22.40,ST010118,"<p>%(v/v)</p>
",2025-09-24 08:00:00,氢气,延炼12万吨/年乙苯/苯乙烯装置
27.28,ST010118,"<p>%(v/v)</p>
",2025-09-24 08:00:00,甲烷,延炼12万吨/年乙苯/苯乙烯装置
0.12,ST010118,"<p>%(v/v)</p>
",2025-09-24 08:00:00,丙烷,延炼12万吨/年乙苯/苯乙烯装置
0.25,ST010118,"<p>%(v/v)</p>
",2025-09-24 08:00:00,丙烯,延炼12万吨/年乙苯/苯乙烯装置
14.52,ST010118,"<p>%(v/v)</p>
",2025-09-24 08:00:00,乙烯,延炼12万吨/年乙苯/苯乙烯装置
0.00,ST010118,"<p>%(v/v)</p>
",2025-09-24 08:00:00,碳四(合计),延炼12万吨/年乙苯/苯乙烯装置
0.00,ST010118,"<p>%(v/v)</p>
",2025-09-24 08:00:00,异戊烷,延炼12万吨/年乙苯/苯乙烯装置
0.00,ST010118,"<p>%(v/v)</p>
",2025-09-24 08:00:00,正戊烷,延炼12万吨/年乙苯/苯乙烯装置
13.90,ST010118,"<p>%(v/v)</p>
",2025-09-24 08:00:00,乙烷,延炼12万吨/年乙苯/苯乙烯装置
0.00,ST010118,"<p>%(v/v)</p>
",2025-09-24 08:00:00,碳五(合计),延炼12万吨/年乙苯/苯乙烯装置
1.0,ST010118,<p>mg/kg</p>,2025-09-25 08:00:00,硫化氢,延炼12万吨/年乙苯/苯乙烯装置
0.80,ST010118,"<p>%(v/v)</p>
",2025-09-25 08:00:00,氧气,延炼12万吨/年乙苯/苯乙烯装置
16.76,ST010118,"<p>%(v/v)</p>
",2025-09-25 08:00:00,氮气,延炼12万吨/年乙苯/苯乙烯装置
1.85,ST010118,"<p>%(v/v)</p>
",2025-09-25 08:00:00,一氧化碳,延炼12万吨/年乙苯/苯乙烯装置
2.24,ST010118,"<p>%(v/v)</p>
",2025-09-25 08:00:00,二氧化碳,延炼12万吨/年乙苯/苯乙烯装置
22.88,ST010118,"<p>%(v/v)</p>
",2025-09-25 08:00:00,氢气,延炼12万吨/年乙苯/苯乙烯装置
27.08,ST010118,"<p>%(v/v)</p>
",2025-09-25 08:00:00,甲烷,延炼12万吨/年乙苯/苯乙烯装置
0.12,ST010118,"<p>%(v/v)</p>
",2025-09-25 08:00:00,丙烷,延炼12万吨/年乙苯/苯乙烯装置
0.25,ST010118,"<p>%(v/v)</p>
",2025-09-25 08:00:00,丙烯,延炼12万吨/年乙苯/苯乙烯装置
14.29,ST010118,"<p>%(v/v)</p>
",2025-09-25 08:00:00,乙烯,延炼12万吨/年乙苯/苯乙烯装置
0.00,ST010118,"<p>%(v/v)</p>
",2025-09-25 08:00:00,碳四(合计),延炼12万吨/年乙苯/苯乙烯装置
0.00,ST010118,"<p>%(v/v)</p>
",2025-09-25 08:00:00,异戊烷,延炼12万吨/年乙苯/苯乙烯装置
0.00,ST010118,"<p>%(v/v)</p>
",2025-09-25 08:00:00,正戊烷,延炼12万吨/年乙苯/苯乙烯装置
13.74,ST010118,"<p>%(v/v)</p>
",2025-09-25 08:00:00,乙烷,延炼12万吨/年乙苯/苯乙烯装置
0.00,ST010118,"<p>%(v/v)</p>
",2025-09-25 08:00:00,碳五(合计),延炼12万吨/年乙苯/苯乙烯装置
1.0,ST010118,<p>mg/kg</p>,2025-09-26 08:00:00,硫化氢,延炼12万吨/年乙苯/苯乙烯装置
0.72,ST010118,"<p>%(v/v)</p>
",2025-09-26 08:00:00,氧气,延炼12万吨/年乙苯/苯乙烯装置
20.51,ST010118,"<p>%(v/v)</p>
",2025-09-26 08:00:00,氮气,延炼12万吨/年乙苯/苯乙烯装置
1.62,ST010118,"<p>%(v/v)</p>
",2025-09-26 08:00:00,一氧化碳,延炼12万吨/年乙苯/苯乙烯装置
2.01,ST010118,"<p>%(v/v)</p>
",2025-09-26 08:00:00,二氧化碳,延炼12万吨/年乙苯/苯乙烯装置
21.21,ST010118,"<p>%(v/v)</p>
",2025-09-26 08:00:00,氢气,延炼12万吨/年乙苯/苯乙烯装置
26.67,ST010118,"<p>%(v/v)</p>
",2025-09-26 08:00:00,甲烷,延炼12万吨/年乙苯/苯乙烯装置
0.09,ST010118,"<p>%(v/v)</p>
",2025-09-26 08:00:00,丙烷,延炼12万吨/年乙苯/苯乙烯装置
0.18,ST010118,"<p>%(v/v)</p>
",2025-09-26 08:00:00,丙烯,延炼12万吨/年乙苯/苯乙烯装置
14.29,ST010118,"<p>%(v/v)</p>
",2025-09-26 08:00:00,乙烯,延炼12万吨/年乙苯/苯乙烯装置
0.00,ST010118,"<p>%(v/v)</p>
",2025-09-26 08:00:00,碳四(合计),延炼12万吨/年乙苯/苯乙烯装置
0.00,ST010118,"<p>%(v/v)</p>
",2025-09-26 08:00:00,异戊烷,延炼12万吨/年乙苯/苯乙烯装置
0.00,ST010118,"<p>%(v/v)</p>
",2025-09-26 08:00:00,正戊烷,延炼12万吨/年乙苯/苯乙烯装置
12.71,ST010118,"<p>%(v/v)</p>
",2025-09-26 08:00:00,乙烷,延炼12万吨/年乙苯/苯乙烯装置
0.00,ST010118,"<p>%(v/v)</p>
",2025-09-26 08:00:00,碳五(合计),延炼12万吨/年乙苯/苯乙烯装置
1.0,ST010118,<p>mg/kg</p>,2025-09-27 08:00:00,硫化氢,延炼12万吨/年乙苯/苯乙烯装置
0.58,ST010118,"<p>%(v/v)</p>
",2025-09-27 08:00:00,氧气,延炼12万吨/年乙苯/苯乙烯装置
19.61,ST010118,"<p>%(v/v)</p>
",2025-09-27 08:00:00,氮气,延炼12万吨/年乙苯/苯乙烯装置
1.67,ST010118,"<p>%(v/v)</p>
",2025-09-27 08:00:00,一氧化碳,延炼12万吨/年乙苯/苯乙烯装置
1.92,ST010118,"<p>%(v/v)</p>
",2025-09-27 08:00:00,二氧化碳,延炼12万吨/年乙苯/苯乙烯装置
21.92,ST010118,"<p>%(v/v)</p>
",2025-09-27 08:00:00,氢气,延炼12万吨/年乙苯/苯乙烯装置
26.54,ST010118,"<p>%(v/v)</p>
",2025-09-27 08:00:00,甲烷,延炼12万吨/年乙苯/苯乙烯装置
0.09,ST010118,"<p>%(v/v)</p>
",2025-09-27 08:00:00,丙烷,延炼12万吨/年乙苯/苯乙烯装置
0.19,ST010118,"<p>%(v/v)</p>
",2025-09-27 08:00:00,丙烯,延炼12万吨/年乙苯/苯乙烯装置
14.43,ST010118,"<p>%(v/v)</p>
",2025-09-27 08:00:00,乙烯,延炼12万吨/年乙苯/苯乙烯装置
0.00,ST010118,"<p>%(v/v)</p>
",2025-09-27 08:00:00,碳四(合计),延炼12万吨/年乙苯/苯乙烯装置
0.00,ST010118,"<p>%(v/v)</p>
",2025-09-27 08:00:00,异戊烷,延炼12万吨/年乙苯/苯乙烯装置
0.00,ST010118,"<p>%(v/v)</p>
",2025-09-27 08:00:00,正戊烷,延炼12万吨/年乙苯/苯乙烯装置
13.06,ST010118,"<p>%(v/v)</p>
",2025-09-27 08:00:00,乙烷,延炼12万吨/年乙苯/苯乙烯装置
0.00,ST010118,"<p>%(v/v)</p>
",2025-09-27 08:00:00,碳五(合计),延炼12万吨/年乙苯/苯乙烯装置
1.0,ST010118,<p>mg/kg</p>,2025-09-28 08:00:00,硫化氢,延炼12万吨/年乙苯/苯乙烯装置
0.52,ST010118,"<p>%(v/v)</p>
",2025-09-28 08:00:00,氧气,延炼12万吨/年乙苯/苯乙烯装置
19.21,ST010118,"<p>%(v/v)</p>
",2025-09-28 08:00:00,氮气,延炼12万吨/年乙苯/苯乙烯装置
1.70,ST010118,"<p>%(v/v)</p>
",2025-09-28 08:00:00,一氧化碳,延炼12万吨/年乙苯/苯乙烯装置
2.11,ST010118,"<p>%(v/v)</p>
",2025-09-28 08:00:00,二氧化碳,延炼12万吨/年乙苯/苯乙烯装置
21.33,ST010118,"<p>%(v/v)</p>
",2025-09-28 08:00:00,氢气,延炼12万吨/年乙苯/苯乙烯装置
26.68,ST010118,"<p>%(v/v)</p>
",2025-09-28 08:00:00,甲烷,延炼12万吨/年乙苯/苯乙烯装置
0.09,ST010118,"<p>%(v/v)</p>
",2025-09-28 08:00:00,丙烷,延炼12万吨/年乙苯/苯乙烯装置
0.18,ST010118,"<p>%(v/v)</p>
",2025-09-28 08:00:00,丙烯,延炼12万吨/年乙苯/苯乙烯装置
14.59,ST010118,"<p>%(v/v)</p>
",2025-09-28 08:00:00,乙烯,延炼12万吨/年乙苯/苯乙烯装置
0.00,ST010118,"<p>%(v/v)</p>
",2025-09-28 08:00:00,碳四(合计),延炼12万吨/年乙苯/苯乙烯装置
0.00,ST010118,"<p>%(v/v)</p>
",2025-09-28 08:00:00,异戊烷,延炼12万吨/年乙苯/苯乙烯装置
0.00,ST010118,"<p>%(v/v)</p>
",2025-09-28 08:00:00,正戊烷,延炼12万吨/年乙苯/苯乙烯装置
13.58,ST010118,"<p>%(v/v)</p>
",2025-09-28 08:00:00,乙烷,延炼12万吨/年乙苯/苯乙烯装置
0.00,ST010118,"<p>%(v/v)</p>
",2025-09-28 08:00:00,碳五(合计),延炼12万吨/年乙苯/苯乙烯装置
1.0,ST010118,<p>mg/kg</p>,2025-09-29 08:00:00,硫化氢,延炼12万吨/年乙苯/苯乙烯装置
0.48,ST010118,"<p>%(v/v)</p>
",2025-09-29 08:00:00,氧气,延炼12万吨/年乙苯/苯乙烯装置
19.03,ST010118,"<p>%(v/v)</p>
",2025-09-29 08:00:00,氮气,延炼12万吨/年乙苯/苯乙烯装置
1.73,ST010118,"<p>%(v/v)</p>
",2025-09-29 08:00:00,一氧化碳,延炼12万吨/年乙苯/苯乙烯装置
1.90,ST010118,"<p>%(v/v)</p>
",2025-09-29 08:00:00,二氧化碳,延炼12万吨/年乙苯/苯乙烯装置
21.05,ST010118,"<p>%(v/v)</p>
",2025-09-29 08:00:00,氢气,延炼12万吨/年乙苯/苯乙烯装置
26.83,ST010118,"<p>%(v/v)</p>
",2025-09-29 08:00:00,甲烷,延炼12万吨/年乙苯/苯乙烯装置
0.10,ST010118,"<p>%(v/v)</p>
",2025-09-29 08:00:00,丙烷,延炼12万吨/年乙苯/苯乙烯装置
0.20,ST010118,"<p>%(v/v)</p>
",2025-09-29 08:00:00,丙烯,延炼12万吨/年乙苯/苯乙烯装置
14.78,ST010118,"<p>%(v/v)</p>
",2025-09-29 08:00:00,乙烯,延炼12万吨/年乙苯/苯乙烯装置
0.00,ST010118,"<p>%(v/v)</p>
",2025-09-29 08:00:00,碳四(合计),延炼12万吨/年乙苯/苯乙烯装置
0.00,ST010118,"<p>%(v/v)</p>
",2025-09-29 08:00:00,异戊烷,延炼12万吨/年乙苯/苯乙烯装置
0.00,ST010118,"<p>%(v/v)</p>
",2025-09-29 08:00:00,正戊烷,延炼12万吨/年乙苯/苯乙烯装置
13.90,ST010118,"<p>%(v/v)</p>
",2025-09-29 08:00:00,乙烷,延炼12万吨/年乙苯/苯乙烯装置
0.00,ST010118,"<p>%(v/v)</p>
",2025-09-29 08:00:00,碳五(合计),延炼12万吨/年乙苯/苯乙烯装置
1.0,ST010118,<p>mg/kg</p>,2025-09-30 08:00:00,硫化氢,延炼12万吨/年乙苯/苯乙烯装置
0.37,ST010118,"<p>%(v/v)</p>
",2025-09-30 08:00:00,氧气,延炼12万吨/年乙苯/苯乙烯装置
19.74,ST010118,"<p>%(v/v)</p>
",2025-09-30 08:00:00,氮气,延炼12万吨/年乙苯/苯乙烯装置
1.68,ST010118,"<p>%(v/v)</p>
",2025-09-30 08:00:00,一氧化碳,延炼12万吨/年乙苯/苯乙烯装置
1.97,ST010118,"<p>%(v/v)</p>
",2025-09-30 08:00:00,二氧化碳,延炼12万吨/年乙苯/苯乙烯装置
20.87,ST010118,"<p>%(v/v)</p>
",2025-09-30 08:00:00,氢气,延炼12万吨/年乙苯/苯乙烯装置
26.63,ST010118,"<p>%(v/v)</p>
",2025-09-30 08:00:00,甲烷,延炼12万吨/年乙苯/苯乙烯装置
0.10,ST010118,"<p>%(v/v)</p>
",2025-09-30 08:00:00,丙烷,延炼12万吨/年乙苯/苯乙烯装置
0.20,ST010118,"<p>%(v/v)</p>
",2025-09-30 08:00:00,丙烯,延炼12万吨/年乙苯/苯乙烯装置
14.56,ST010118,"<p>%(v/v)</p>
",2025-09-30 08:00:00,乙烯,延炼12万吨/年乙苯/苯乙烯装置
0.00,ST010118,"<p>%(v/v)</p>
",2025-09-30 08:00:00,碳四(合计),延炼12万吨/年乙苯/苯乙烯装置
0.00,ST010118,"<p>%(v/v)</p>
",2025-09-30 08:00:00,异戊烷,延炼12万吨/年乙苯/苯乙烯装置
0.00,ST010118,"<p>%(v/v)</p>
",2025-09-30 08:00:00,正戊烷,延炼12万吨/年乙苯/苯乙烯装置
13.87,ST010118,"<p>%(v/v)</p>
",2025-09-30 08:00:00,乙烷,延炼12万吨/年乙苯/苯乙烯装置
0.00,ST010118,"<p>%(v/v)</p>
",2025-09-30 08:00:00,碳五(合计),延炼12万吨/年乙苯/苯乙烯装置
6.0,ST010118,<p>mg/kg</p>,2025-10-01 08:00:00,硫化氢,延炼12万吨/年乙苯/苯乙烯装置
0.80,ST010118,"<p>%(v/v)</p>
",2025-10-01 08:00:00,氧气,延炼12万吨/年乙苯/苯乙烯装置
20.19,ST010118,"<p>%(v/v)</p>
",2025-10-01 08:00:00,氮气,延炼12万吨/年乙苯/苯乙烯装置
1.64,ST010118,"<p>%(v/v)</p>
",2025-10-01 08:00:00,一氧化碳,延炼12万吨/年乙苯/苯乙烯装置
2.00,ST010118,"<p>%(v/v)</p>
",2025-10-01 08:00:00,二氧化碳,延炼12万吨/年乙苯/苯乙烯装置
19.64,ST010118,"<p>%(v/v)</p>
",2025-10-01 08:00:00,氢气,延炼12万吨/年乙苯/苯乙烯装置
25.45,ST010118,"<p>%(v/v)</p>
",2025-10-01 08:00:00,甲烷,延炼12万吨/年乙苯/苯乙烯装置
0.11,ST010118,"<p>%(v/v)</p>
",2025-10-01 08:00:00,丙烷,延炼12万吨/年乙苯/苯乙烯装置
0.23,ST010118,"<p>%(v/v)</p>
",2025-10-01 08:00:00,丙烯,延炼12万吨/年乙苯/苯乙烯装置
14.91,ST010118,"<p>%(v/v)</p>
",2025-10-01 08:00:00,乙烯,延炼12万吨/年乙苯/苯乙烯装置
0.00,ST010118,"<p>%(v/v)</p>
",2025-10-01 08:00:00,碳四(合计),延炼12万吨/年乙苯/苯乙烯装置
0.00,ST010118,"<p>%(v/v)</p>
",2025-10-01 08:00:00,异戊烷,延炼12万吨/年乙苯/苯乙烯装置
0.00,ST010118,"<p>%(v/v)</p>
",2025-10-01 08:00:00,正戊烷,延炼12万吨/年乙苯/苯乙烯装置
15.03,ST010118,"<p>%(v/v)</p>
",2025-10-01 08:00:00,乙烷,延炼12万吨/年乙苯/苯乙烯装置
0.00,ST010118,"<p>%(v/v)</p>
",2025-10-01 08:00:00,碳五(合计),延炼12万吨/年乙苯/苯乙烯装置
1.0,ST010118,<p>mg/kg</p>,2025-10-02 08:00:00,硫化氢,延炼12万吨/年乙苯/苯乙烯装置
0.32,ST010118,"<p>%(v/v)</p>
",2025-10-02 08:00:00,氧气,延炼12万吨/年乙苯/苯乙烯装置
19.03,ST010118,"<p>%(v/v)</p>
",2025-10-02 08:00:00,氮气,延炼12万吨/年乙苯/苯乙烯装置
1.73,ST010118,"<p>%(v/v)</p>
",2025-10-02 08:00:00,一氧化碳,延炼12万吨/年乙苯/苯乙烯装置
1.86,ST010118,"<p>%(v/v)</p>
",2025-10-02 08:00:00,二氧化碳,延炼12万吨/年乙苯/苯乙烯装置
22.37,ST010118,"<p>%(v/v)</p>
",2025-10-02 08:00:00,氢气,延炼12万吨/年乙苯/苯乙烯装置
26.81,ST010118,"<p>%(v/v)</p>
",2025-10-02 08:00:00,甲烷,延炼12万吨/年乙苯/苯乙烯装置
0.06,ST010118,"<p>%(v/v)</p>
",2025-10-02 08:00:00,丙烷,延炼12万吨/年乙苯/苯乙烯装置
0.12,ST010118,"<p>%(v/v)</p>
",2025-10-02 08:00:00,丙烯,延炼12万吨/年乙苯/苯乙烯装置
14.72,ST010118,"<p>%(v/v)</p>
",2025-10-02 08:00:00,乙烯,延炼12万吨/年乙苯/苯乙烯装置
0.00,ST010118,"<p>%(v/v)</p>
",2025-10-02 08:00:00,碳四(合计),延炼12万吨/年乙苯/苯乙烯装置
0.00,ST010118,"<p>%(v/v)</p>
",2025-10-02 08:00:00,异戊烷,延炼12万吨/年乙苯/苯乙烯装置
0.00,ST010118,"<p>%(v/v)</p>
",2025-10-02 08:00:00,正戊烷,延炼12万吨/年乙苯/苯乙烯装置
12.99,ST010118,"<p>%(v/v)</p>
",2025-10-02 08:00:00,乙烷,延炼12万吨/年乙苯/苯乙烯装置
0.00,ST010118,"<p>%(v/v)</p>
",2025-10-02 08:00:00,碳五(合计),延炼12万吨/年乙苯/苯乙烯装置
1.0,ST010118,<p>mg/kg</p>,2025-10-03 08:00:00,硫化氢,延炼12万吨/年乙苯/苯乙烯装置
0.50,ST010118,"<p>%(v/v)</p>
",2025-10-03 08:00:00,氧气,延炼12万吨/年乙苯/苯乙烯装置
19.58,ST010118,"<p>%(v/v)</p>
",2025-10-03 08:00:00,氮气,延炼12万吨/年乙苯/苯乙烯装置
1.69,ST010118,"<p>%(v/v)</p>
",2025-10-03 08:00:00,一氧化碳,延炼12万吨/年乙苯/苯乙烯装置
1.88,ST010118,"<p>%(v/v)</p>
",2025-10-03 08:00:00,二氧化碳,延炼12万吨/年乙苯/苯乙烯装置
21.40,ST010118,"<p>%(v/v)</p>
",2025-10-03 08:00:00,氢气,延炼12万吨/年乙苯/苯乙烯装置
26.66,ST010118,"<p>%(v/v)</p>
",2025-10-03 08:00:00,甲烷,延炼12万吨/年乙苯/苯乙烯装置
0.08,ST010118,"<p>%(v/v)</p>
",2025-10-03 08:00:00,丙烷,延炼12万吨/年乙苯/苯乙烯装置
0.17,ST010118,"<p>%(v/v)</p>
",2025-10-03 08:00:00,丙烯,延炼12万吨/年乙苯/苯乙烯装置
14.57,ST010118,"<p>%(v/v)</p>
",2025-10-03 08:00:00,乙烯,延炼12万吨/年乙苯/苯乙烯装置
0.00,ST010118,"<p>%(v/v)</p>
",2025-10-03 08:00:00,碳四(合计),延炼12万吨/年乙苯/苯乙烯装置
0.00,ST010118,"<p>%(v/v)</p>
",2025-10-03 08:00:00,异戊烷,延炼12万吨/年乙苯/苯乙烯装置
0.00,ST010118,"<p>%(v/v)</p>
",2025-10-03 08:00:00,正戊烷,延炼12万吨/年乙苯/苯乙烯装置
13.48,ST010118,"<p>%(v/v)</p>
",2025-10-03 08:00:00,乙烷,延炼12万吨/年乙苯/苯乙烯装置
0.00,ST010118,"<p>%(v/v)</p>
",2025-10-03 08:00:00,碳五(合计),延炼12万吨/年乙苯/苯乙烯装置
0.75,ST010118,"<p>%(v/v)</p>
",2025-10-04 08:00:00,氧气,延炼12万吨/年乙苯/苯乙烯装置
20.30,ST010118,"<p>%(v/v)</p>
",2025-10-04 08:00:00,氮气,延炼12万吨/年乙苯/苯乙烯装置
1.65,ST010118,"<p>%(v/v)</p>
",2025-10-04 08:00:00,一氧化碳,延炼12万吨/年乙苯/苯乙烯装置
1.77,ST010118,"<p>%(v/v)</p>
",2025-10-04 08:00:00,二氧化碳,延炼12万吨/年乙苯/苯乙烯装置
21.11,ST010118,"<p>%(v/v)</p>
",2025-10-04 08:00:00,氢气,延炼12万吨/年乙苯/苯乙烯装置
26.00,ST010118,"<p>%(v/v)</p>
",2025-10-04 08:00:00,甲烷,延炼12万吨/年乙苯/苯乙烯装置
0.08,ST010118,"<p>%(v/v)</p>
",2025-10-04 08:00:00,丙烷,延炼12万吨/年乙苯/苯乙烯装置
0.17,ST010118,"<p>%(v/v)</p>
",2025-10-04 08:00:00,丙烯,延炼12万吨/年乙苯/苯乙烯装置
14.49,ST010118,"<p>%(v/v)</p>
",2025-10-04 08:00:00,乙烯,延炼12万吨/年乙苯/苯乙烯装置
0.00,ST010118,"<p>%(v/v)</p>
",2025-10-04 08:00:00,碳四(合计),延炼12万吨/年乙苯/苯乙烯装置
0.00,ST010118,"<p>%(v/v)</p>
",2025-10-04 08:00:00,异戊烷,延炼12万吨/年乙苯/苯乙烯装置
0.00,ST010118,"<p>%(v/v)</p>
",2025-10-04 08:00:00,正戊烷,延炼12万吨/年乙苯/苯乙烯装置
13.67,ST010118,"<p>%(v/v)</p>
",2025-10-04 08:00:00,乙烷,延炼12万吨/年乙苯/苯乙烯装置
0.00,ST010118,"<p>%(v/v)</p>
",2025-10-04 08:00:00,碳五(合计),延炼12万吨/年乙苯/苯乙烯装置
1.0,ST010118,<p>mg/kg</p>,2025-10-04 08:00:00,硫化氢,延炼12万吨/年乙苯/苯乙烯装置
1.0,ST010118,<p>mg/kg</p>,2025-10-05 08:00:00,硫化氢,延炼12万吨/年乙苯/苯乙烯装置
0.61,ST010118,"<p>%(v/v)</p>
",2025-10-05 08:00:00,氧气,延炼12万吨/年乙苯/苯乙烯装置
19.81,ST010118,"<p>%(v/v)</p>
",2025-10-05 08:00:00,氮气,延炼12万吨/年乙苯/苯乙烯装置
1.69,ST010118,"<p>%(v/v)</p>
",2025-10-05 08:00:00,一氧化碳,延炼12万吨/年乙苯/苯乙烯装置
1.83,ST010118,"<p>%(v/v)</p>
",2025-10-05 08:00:00,二氧化碳,延炼12万吨/年乙苯/苯乙烯装置
20.93,ST010118,"<p>%(v/v)</p>
",2025-10-05 08:00:00,氢气,延炼12万吨/年乙苯/苯乙烯装置
26.30,ST010118,"<p>%(v/v)</p>
",2025-10-05 08:00:00,甲烷,延炼12万吨/年乙苯/苯乙烯装置
0.08,ST010118,"<p>%(v/v)</p>
",2025-10-05 08:00:00,丙烷,延炼12万吨/年乙苯/苯乙烯装置
0.17,ST010118,"<p>%(v/v)</p>
",2025-10-05 08:00:00,丙烯,延炼12万吨/年乙苯/苯乙烯装置
14.72,ST010118,"<p>%(v/v)</p>
",2025-10-05 08:00:00,乙烯,延炼12万吨/年乙苯/苯乙烯装置
0.00,ST010118,"<p>%(v/v)</p>
",2025-10-05 08:00:00,碳四(合计),延炼12万吨/年乙苯/苯乙烯装置
0.00,ST010118,"<p>%(v/v)</p>
",2025-10-05 08:00:00,异戊烷,延炼12万吨/年乙苯/苯乙烯装置
0.00,ST010118,"<p>%(v/v)</p>
",2025-10-05 08:00:00,正戊烷,延炼12万吨/年乙苯/苯乙烯装置
13.86,ST010118,"<p>%(v/v)</p>
",2025-10-05 08:00:00,乙烷,延炼12万吨/年乙苯/苯乙烯装置
0.00,ST010118,"<p>%(v/v)</p>
",2025-10-05 08:00:00,碳五(合计),延炼12万吨/年乙苯/苯乙烯装置
1.0,ST010118,<p>mg/kg</p>,2025-10-06 08:00:00,硫化氢,延炼12万吨/年乙苯/苯乙烯装置
0.61,ST010118,"<p>%(v/v)</p>
",2025-10-06 08:00:00,氧气,延炼12万吨/年乙苯/苯乙烯装置
19.78,ST010118,"<p>%(v/v)</p>
",2025-10-06 08:00:00,氮气,延炼12万吨/年乙苯/苯乙烯装置
1.61,ST010118,"<p>%(v/v)</p>
",2025-10-06 08:00:00,一氧化碳,延炼12万吨/年乙苯/苯乙烯装置
1.95,ST010118,"<p>%(v/v)</p>
",2025-10-06 08:00:00,二氧化碳,延炼12万吨/年乙苯/苯乙烯装置
21.28,ST010118,"<p>%(v/v)</p>
",2025-10-06 08:00:00,氢气,延炼12万吨/年乙苯/苯乙烯装置
26.22,ST010118,"<p>%(v/v)</p>
",2025-10-06 08:00:00,甲烷,延炼12万吨/年乙苯/苯乙烯装置
0.08,ST010118,"<p>%(v/v)</p>
",2025-10-06 08:00:00,丙烷,延炼12万吨/年乙苯/苯乙烯装置
0.16,ST010118,"<p>%(v/v)</p>
",2025-10-06 08:00:00,丙烯,延炼12万吨/年乙苯/苯乙烯装置
14.61,ST010118,"<p>%(v/v)</p>
",2025-10-06 08:00:00,乙烯,延炼12万吨/年乙苯/苯乙烯装置
0.00,ST010118,"<p>%(v/v)</p>
",2025-10-06 08:00:00,碳四(合计),延炼12万吨/年乙苯/苯乙烯装置
0.00,ST010118,"<p>%(v/v)</p>
",2025-10-06 08:00:00,异戊烷,延炼12万吨/年乙苯/苯乙烯装置
0.00,ST010118,"<p>%(v/v)</p>
",2025-10-06 08:00:00,正戊烷,延炼12万吨/年乙苯/苯乙烯装置
13.70,ST010118,"<p>%(v/v)</p>
",2025-10-06 08:00:00,乙烷,延炼12万吨/年乙苯/苯乙烯装置
0.00,ST010118,"<p>%(v/v)</p>
",2025-10-06 08:00:00,碳五(合计),延炼12万吨/年乙苯/苯乙烯装置
1.0,ST010118,<p>mg/kg</p>,2025-10-07 08:00:00,硫化氢,延炼12万吨/年乙苯/苯乙烯装置
1.58,ST010118,"<p>%(v/v)</p>
",2025-10-07 08:00:00,氧气,延炼12万吨/年乙苯/苯乙烯装置
22.72,ST010118,"<p>%(v/v)</p>
",2025-10-07 08:00:00,氮气,延炼12万吨/年乙苯/苯乙烯装置
1.59,ST010118,"<p>%(v/v)</p>
",2025-10-07 08:00:00,一氧化碳,延炼12万吨/年乙苯/苯乙烯装置
1.82,ST010118,"<p>%(v/v)</p>
",2025-10-07 08:00:00,二氧化碳,延炼12万吨/年乙苯/苯乙烯装置
19.75,ST010118,"<p>%(v/v)</p>
",2025-10-07 08:00:00,氢气,延炼12万吨/年乙苯/苯乙烯装置
25.41,ST010118,"<p>%(v/v)</p>
",2025-10-07 08:00:00,甲烷,延炼12万吨/年乙苯/苯乙烯装置
0.07,ST010118,"<p>%(v/v)</p>
",2025-10-07 08:00:00,丙烷,延炼12万吨/年乙苯/苯乙烯装置
0.14,ST010118,"<p>%(v/v)</p>
",2025-10-07 08:00:00,丙烯,延炼12万吨/年乙苯/苯乙烯装置
13.96,ST010118,"<p>%(v/v)</p>
",2025-10-07 08:00:00,乙烯,延炼12万吨/年乙苯/苯乙烯装置
0.00,ST010118,"<p>%(v/v)</p>
",2025-10-07 08:00:00,碳四(合计),延炼12万吨/年乙苯/苯乙烯装置
0.00,ST010118,"<p>%(v/v)</p>
",2025-10-07 08:00:00,异戊烷,延炼12万吨/年乙苯/苯乙烯装置
0.00,ST010118,"<p>%(v/v)</p>
",2025-10-07 08:00:00,正戊烷,延炼12万吨/年乙苯/苯乙烯装置
12.96,ST010118,"<p>%(v/v)</p>
",2025-10-07 08:00:00,乙烷,延炼12万吨/年乙苯/苯乙烯装置
0.00,ST010118,"<p>%(v/v)</p>
",2025-10-07 08:00:00,碳五(合计),延炼12万吨/年乙苯/苯乙烯装置
1.0,ST010118,<p>mg/kg</p>,2025-10-08 08:00:00,硫化氢,延炼12万吨/年乙苯/苯乙烯装置
1.76,ST010118,"<p>%(v/v)</p>
",2025-10-08 08:00:00,氧气,延炼12万吨/年乙苯/苯乙烯装置
22.89,ST010118,"<p>%(v/v)</p>
",2025-10-08 08:00:00,氮气,延炼12万吨/年乙苯/苯乙烯装置
1.59,ST010118,"<p>%(v/v)</p>
",2025-10-08 08:00:00,一氧化碳,延炼12万吨/年乙苯/苯乙烯装置
1.90,ST010118,"<p>%(v/v)</p>
",2025-10-08 08:00:00,二氧化碳,延炼12万吨/年乙苯/苯乙烯装置
19.40,ST010118,"<p>%(v/v)</p>
",2025-10-08 08:00:00,氢气,延炼12万吨/年乙苯/苯乙烯装置
25.30,ST010118,"<p>%(v/v)</p>
",2025-10-08 08:00:00,甲烷,延炼12万吨/年乙苯/苯乙烯装置
0.07,ST010118,"<p>%(v/v)</p>
",2025-10-08 08:00:00,丙烷,延炼12万吨/年乙苯/苯乙烯装置
0.15,ST010118,"<p>%(v/v)</p>
",2025-10-08 08:00:00,丙烯,延炼12万吨/年乙苯/苯乙烯装置
13.91,ST010118,"<p>%(v/v)</p>
",2025-10-08 08:00:00,乙烯,延炼12万吨/年乙苯/苯乙烯装置
0.00,ST010118,"<p>%(v/v)</p>
",2025-10-08 08:00:00,碳四(合计),延炼12万吨/年乙苯/苯乙烯装置
0.00,ST010118,"<p>%(v/v)</p>
",2025-10-08 08:00:00,异戊烷,延炼12万吨/年乙苯/苯乙烯装置
0.00,ST010118,"<p>%(v/v)</p>
",2025-10-08 08:00:00,正戊烷,延炼12万吨/年乙苯/苯乙烯装置
13.03,ST010118,"<p>%(v/v)</p>
",2025-10-08 08:00:00,乙烷,延炼12万吨/年乙苯/苯乙烯装置
0.00,ST010118,"<p>%(v/v)</p>
",2025-10-08 08:00:00,碳五(合计),延炼12万吨/年乙苯/苯乙烯装置
1.0,ST010118,<p>mg/kg</p>,2025-10-09 08:00:00,硫化氢,延炼12万吨/年乙苯/苯乙烯装置
1.99,ST010118,"<p>%(v/v)</p>
",2025-10-09 08:00:00,氧气,延炼12万吨/年乙苯/苯乙烯装置
21.92,ST010118,"<p>%(v/v)</p>
",2025-10-09 08:00:00,氮气,延炼12万吨/年乙苯/苯乙烯装置
1.63,ST010118,"<p>%(v/v)</p>
",2025-10-09 08:00:00,一氧化碳,延炼12万吨/年乙苯/苯乙烯装置
1.98,ST010118,"<p>%(v/v)</p>
",2025-10-09 08:00:00,二氧化碳,延炼12万吨/年乙苯/苯乙烯装置
19.50,ST010118,"<p>%(v/v)</p>
",2025-10-09 08:00:00,氢气,延炼12万吨/年乙苯/苯乙烯装置
25.72,ST010118,"<p>%(v/v)</p>
",2025-10-09 08:00:00,甲烷,延炼12万吨/年乙苯/苯乙烯装置
0.08,ST010118,"<p>%(v/v)</p>
",2025-10-09 08:00:00,丙烷,延炼12万吨/年乙苯/苯乙烯装置
0.17,ST010118,"<p>%(v/v)</p>
",2025-10-09 08:00:00,丙烯,延炼12万吨/年乙苯/苯乙烯装置
13.84,ST010118,"<p>%(v/v)</p>
",2025-10-09 08:00:00,乙烯,延炼12万吨/年乙苯/苯乙烯装置
0.00,ST010118,"<p>%(v/v)</p>
",2025-10-09 08:00:00,碳四(合计),延炼12万吨/年乙苯/苯乙烯装置
0.00,ST010118,"<p>%(v/v)</p>
",2025-10-09 08:00:00,异戊烷,延炼12万吨/年乙苯/苯乙烯装置
0.00,ST010118,"<p>%(v/v)</p>
",2025-10-09 08:00:00,正戊烷,延炼12万吨/年乙苯/苯乙烯装置
13.17,ST010118,"<p>%(v/v)</p>
",2025-10-09 08:00:00,乙烷,延炼12万吨/年乙苯/苯乙烯装置
0.00,ST010118,"<p>%(v/v)</p>
",2025-10-09 08:00:00,碳五(合计),延炼12万吨/年乙苯/苯乙烯装置
1.0,ST010118,<p>mg/kg</p>,2025-10-10 08:00:00,硫化氢,延炼12万吨/年乙苯/苯乙烯装置
0.66,ST010118,"<p>%(v/v)</p>
",2025-10-10 08:00:00,氧气,延炼12万吨/年乙苯/苯乙烯装置
21.43,ST010118,"<p>%(v/v)</p>
",2025-10-10 08:00:00,氮气,延炼12万吨/年乙苯/苯乙烯装置
1.57,ST010118,"<p>%(v/v)</p>
",2025-10-10 08:00:00,一氧化碳,延炼12万吨/年乙苯/苯乙烯装置
1.96,ST010118,"<p>%(v/v)</p>
",2025-10-10 08:00:00,二氧化碳,延炼12万吨/年乙苯/苯乙烯装置
20.60,ST010118,"<p>%(v/v)</p>
",2025-10-10 08:00:00,氢气,延炼12万吨/年乙苯/苯乙烯装置
26.35,ST010118,"<p>%(v/v)</p>
",2025-10-10 08:00:00,甲烷,延炼12万吨/年乙苯/苯乙烯装置
0.07,ST010118,"<p>%(v/v)</p>
",2025-10-10 08:00:00,丙烷,延炼12万吨/年乙苯/苯乙烯装置
0.15,ST010118,"<p>%(v/v)</p>
",2025-10-10 08:00:00,丙烯,延炼12万吨/年乙苯/苯乙烯装置
14.15,ST010118,"<p>%(v/v)</p>
",2025-10-10 08:00:00,乙烯,延炼12万吨/年乙苯/苯乙烯装置
0.00,ST010118,"<p>%(v/v)</p>
",2025-10-10 08:00:00,碳四(合计),延炼12万吨/年乙苯/苯乙烯装置
0.00,ST010118,"<p>%(v/v)</p>
",2025-10-10 08:00:00,异戊烷,延炼12万吨/年乙苯/苯乙烯装置
0.00,ST010118,"<p>%(v/v)</p>
",2025-10-10 08:00:00,正戊烷,延炼12万吨/年乙苯/苯乙烯装置
13.07,ST010118,"<p>%(v/v)</p>
",2025-10-10 08:00:00,乙烷,延炼12万吨/年乙苯/苯乙烯装置
0.00,ST010118,"<p>%(v/v)</p>
",2025-10-10 08:00:00,碳五(合计),延炼12万吨/年乙苯/苯乙烯装置
1.0,ST010118,<p>mg/kg</p>,2025-10-11 08:00:00,硫化氢,延炼12万吨/年乙苯/苯乙烯装置
0.71,ST010118,"<p>%(v/v)</p>
",2025-10-11 08:00:00,氧气,延炼12万吨/年乙苯/苯乙烯装置
21.05,ST010118,"<p>%(v/v)</p>
",2025-10-11 08:00:00,氮气,延炼12万吨/年乙苯/苯乙烯装置
1.74,ST010118,"<p>%(v/v)</p>
",2025-10-11 08:00:00,一氧化碳,延炼12万吨/年乙苯/苯乙烯装置
2.03,ST010118,"<p>%(v/v)</p>
",2025-10-11 08:00:00,二氧化碳,延炼12万吨/年乙苯/苯乙烯装置
20.18,ST010118,"<p>%(v/v)</p>
",2025-10-11 08:00:00,氢气,延炼12万吨/年乙苯/苯乙烯装置
26.39,ST010118,"<p>%(v/v)</p>
",2025-10-11 08:00:00,甲烷,延炼12万吨/年乙苯/苯乙烯装置
0.07,ST010118,"<p>%(v/v)</p>
",2025-10-11 08:00:00,丙烷,延炼12万吨/年乙苯/苯乙烯装置
0.14,ST010118,"<p>%(v/v)</p>
",2025-10-11 08:00:00,丙烯,延炼12万吨/年乙苯/苯乙烯装置
14.34,ST010118,"<p>%(v/v)</p>
",2025-10-11 08:00:00,乙烯,延炼12万吨/年乙苯/苯乙烯装置
0.00,ST010118,"<p>%(v/v)</p>
",2025-10-11 08:00:00,碳四(合计),延炼12万吨/年乙苯/苯乙烯装置
0.00,ST010118,"<p>%(v/v)</p>
",2025-10-11 08:00:00,异戊烷,延炼12万吨/年乙苯/苯乙烯装置
0.00,ST010118,"<p>%(v/v)</p>
",2025-10-11 08:00:00,正戊烷,延炼12万吨/年乙苯/苯乙烯装置
13.37,ST010118,"<p>%(v/v)</p>
",2025-10-11 08:00:00,乙烷,延炼12万吨/年乙苯/苯乙烯装置
0.00,ST010118,"<p>%(v/v)</p>
",2025-10-11 08:00:00,碳五(合计),延炼12万吨/年乙苯/苯乙烯装置
0.00,ST010118,"<p>%(v/v)</p>
",2025-10-12 08:00:00,碳五(合计),延炼12万吨/年乙苯/苯乙烯装置
1.0,ST010118,<p>mg/kg</p>,2025-10-12 08:00:00,硫化氢,延炼12万吨/年乙苯/苯乙烯装置
1.82,ST010118,"<p>%(v/v)</p>
",2025-10-12 08:00:00,氧气,延炼12万吨/年乙苯/苯乙烯装置
23.40,ST010118,"<p>%(v/v)</p>
",2025-10-12 08:00:00,氮气,延炼12万吨/年乙苯/苯乙烯装置
1.53,ST010118,"<p>%(v/v)</p>
",2025-10-12 08:00:00,一氧化碳,延炼12万吨/年乙苯/苯乙烯装置
1.89,ST010118,"<p>%(v/v)</p>
",2025-10-12 08:00:00,二氧化碳,延炼12万吨/年乙苯/苯乙烯装置
19.35,ST010118,"<p>%(v/v)</p>
",2025-10-12 08:00:00,氢气,延炼12万吨/年乙苯/苯乙烯装置
25.01,ST010118,"<p>%(v/v)</p>
",2025-10-12 08:00:00,甲烷,延炼12万吨/年乙苯/苯乙烯装置
0.04,ST010118,"<p>%(v/v)</p>
",2025-10-12 08:00:00,丙烷,延炼12万吨/年乙苯/苯乙烯装置
0.08,ST010118,"<p>%(v/v)</p>
",2025-10-12 08:00:00,丙烯,延炼12万吨/年乙苯/苯乙烯装置
13.76,ST010118,"<p>%(v/v)</p>
",2025-10-12 08:00:00,乙烯,延炼12万吨/年乙苯/苯乙烯装置
0.00,ST010118,"<p>%(v/v)</p>
",2025-10-12 08:00:00,碳四(合计),延炼12万吨/年乙苯/苯乙烯装置
0.00,ST010118,"<p>%(v/v)</p>
",2025-10-12 08:00:00,异戊烷,延炼12万吨/年乙苯/苯乙烯装置
0.00,ST010118,"<p>%(v/v)</p>
",2025-10-12 08:00:00,正戊烷,延炼12万吨/年乙苯/苯乙烯装置
13.12,ST010118,"<p>%(v/v)</p>
",2025-10-12 08:00:00,乙烷,延炼12万吨/年乙苯/苯乙烯装置
1.0,ST010118,<p>mg/kg</p>,2025-10-13 08:00:00,硫化氢,延炼12万吨/年乙苯/苯乙烯装置
0.82,ST010118,"<p>%(v/v)</p>
",2025-10-13 08:00:00,氧气,延炼12万吨/年乙苯/苯乙烯装置
20.84,ST010118,"<p>%(v/v)</p>
",2025-10-13 08:00:00,氮气,延炼12万吨/年乙苯/苯乙烯装置
1.67,ST010118,"<p>%(v/v)</p>
",2025-10-13 08:00:00,一氧化碳,延炼12万吨/年乙苯/苯乙烯装置
1.98,ST010118,"<p>%(v/v)</p>
",2025-10-13 08:00:00,二氧化碳,延炼12万吨/年乙苯/苯乙烯装置
20.28,ST010118,"<p>%(v/v)</p>
",2025-10-13 08:00:00,氢气,延炼12万吨/年乙苯/苯乙烯装置
26.10,ST010118,"<p>%(v/v)</p>
",2025-10-13 08:00:00,甲烷,延炼12万吨/年乙苯/苯乙烯装置
0.05,ST010118,"<p>%(v/v)</p>
",2025-10-13 08:00:00,丙烷,延炼12万吨/年乙苯/苯乙烯装置
0.10,ST010118,"<p>%(v/v)</p>
",2025-10-13 08:00:00,丙烯,延炼12万吨/年乙苯/苯乙烯装置
14.41,ST010118,"<p>%(v/v)</p>
",2025-10-13 08:00:00,乙烯,延炼12万吨/年乙苯/苯乙烯装置
0.00,ST010118,"<p>%(v/v)</p>
",2025-10-13 08:00:00,碳四(合计),延炼12万吨/年乙苯/苯乙烯装置
0.00,ST010118,"<p>%(v/v)</p>
",2025-10-13 08:00:00,异戊烷,延炼12万吨/年乙苯/苯乙烯装置
0.00,ST010118,"<p>%(v/v)</p>
",2025-10-13 08:00:00,正戊烷,延炼12万吨/年乙苯/苯乙烯装置
13.76,ST010118,"<p>%(v/v)</p>
",2025-10-13 08:00:00,乙烷,延炼12万吨/年乙苯/苯乙烯装置
0.00,ST010118,"<p>%(v/v)</p>
",2025-10-13 08:00:00,碳五(合计),延炼12万吨/年乙苯/苯乙烯装置
1.0,ST010118,<p>mg/kg</p>,2025-10-14 08:00:00,硫化氢,延炼12万吨/年乙苯/苯乙烯装置
1.06,ST010118,"<p>%(v/v)</p>
",2025-10-14 08:00:00,氧气,延炼12万吨/年乙苯/苯乙烯装置
20.57,ST010118,"<p>%(v/v)</p>
",2025-10-14 08:00:00,氮气,延炼12万吨/年乙苯/苯乙烯装置
1.60,ST010118,"<p>%(v/v)</p>
",2025-10-14 08:00:00,一氧化碳,延炼12万吨/年乙苯/苯乙烯装置
1.71,ST010118,"<p>%(v/v)</p>
",2025-10-14 08:00:00,二氧化碳,延炼12万吨/年乙苯/苯乙烯装置
20.46,ST010118,"<p>%(v/v)</p>
",2025-10-14 08:00:00,氢气,延炼12万吨/年乙苯/苯乙烯装置
26.47,ST010118,"<p>%(v/v)</p>
",2025-10-14 08:00:00,甲烷,延炼12万吨/年乙苯/苯乙烯装置
0.07,ST010118,"<p>%(v/v)</p>
",2025-10-14 08:00:00,丙烷,延炼12万吨/年乙苯/苯乙烯装置
0.14,ST010118,"<p>%(v/v)</p>
",2025-10-14 08:00:00,丙烯,延炼12万吨/年乙苯/苯乙烯装置
14.34,ST010118,"<p>%(v/v)</p>
",2025-10-14 08:00:00,乙烯,延炼12万吨/年乙苯/苯乙烯装置
0.00,ST010118,"<p>%(v/v)</p>
",2025-10-14 08:00:00,碳四(合计),延炼12万吨/年乙苯/苯乙烯装置
0.00,ST010118,"<p>%(v/v)</p>
",2025-10-14 08:00:00,异戊烷,延炼12万吨/年乙苯/苯乙烯装置
0.00,ST010118,"<p>%(v/v)</p>
",2025-10-14 08:00:00,正戊烷,延炼12万吨/年乙苯/苯乙烯装置
13.57,ST010118,"<p>%(v/v)</p>
",2025-10-14 08:00:00,乙烷,延炼12万吨/年乙苯/苯乙烯装置
0.00,ST010118,"<p>%(v/v)</p>
",2025-10-14 08:00:00,碳五(合计),延炼12万吨/年乙苯/苯乙烯装置
1.0,ST010118,<p>mg/kg</p>,2025-10-15 08:00:00,硫化氢,延炼12万吨/年乙苯/苯乙烯装置
1.04,ST010118,"<p>%(v/v)</p>
",2025-10-15 08:00:00,氧气,延炼12万吨/年乙苯/苯乙烯装置
21.27,ST010118,"<p>%(v/v)</p>
",2025-10-15 08:00:00,氮气,延炼12万吨/年乙苯/苯乙烯装置
1.59,ST010118,"<p>%(v/v)</p>
",2025-10-15 08:00:00,一氧化碳,延炼12万吨/年乙苯/苯乙烯装置
2.02,ST010118,"<p>%(v/v)</p>
",2025-10-15 08:00:00,二氧化碳,延炼12万吨/年乙苯/苯乙烯装置
20.46,ST010118,"<p>%(v/v)</p>
",2025-10-15 08:00:00,氢气,延炼12万吨/年乙苯/苯乙烯装置
26.23,ST010118,"<p>%(v/v)</p>
",2025-10-15 08:00:00,甲烷,延炼12万吨/年乙苯/苯乙烯装置
0.05,ST010118,"<p>%(v/v)</p>
",2025-10-15 08:00:00,丙烷,延炼12万吨/年乙苯/苯乙烯装置
0.11,ST010118,"<p>%(v/v)</p>
",2025-10-15 08:00:00,丙烯,延炼12万吨/年乙苯/苯乙烯装置
14.07,ST010118,"<p>%(v/v)</p>
",2025-10-15 08:00:00,乙烯,延炼12万吨/年乙苯/苯乙烯装置
0.00,ST010118,"<p>%(v/v)</p>
",2025-10-15 08:00:00,碳四(合计),延炼12万吨/年乙苯/苯乙烯装置
0.00,ST010118,"<p>%(v/v)</p>
",2025-10-15 08:00:00,异戊烷,延炼12万吨/年乙苯/苯乙烯装置
0.00,ST010118,"<p>%(v/v)</p>
",2025-10-15 08:00:00,正戊烷,延炼12万吨/年乙苯/苯乙烯装置
13.17,ST010118,"<p>%(v/v)</p>
",2025-10-15 08:00:00,乙烷,延炼12万吨/年乙苯/苯乙烯装置
0.00,ST010118,"<p>%(v/v)</p>
",2025-10-15 08:00:00,碳五(合计),延炼12万吨/年乙苯/苯乙烯装置
0.87,ST010118,"<p>%(v/v)</p>
",2025-10-16 08:00:00,氧气,延炼12万吨/年乙苯/苯乙烯装置
20.28,ST010118,"<p>%(v/v)</p>
",2025-10-16 08:00:00,氮气,延炼12万吨/年乙苯/苯乙烯装置
1.64,ST010118,"<p>%(v/v)</p>
",2025-10-16 08:00:00,一氧化碳,延炼12万吨/年乙苯/苯乙烯装置
2.04,ST010118,"<p>%(v/v)</p>
",2025-10-16 08:00:00,二氧化碳,延炼12万吨/年乙苯/苯乙烯装置
20.36,ST010118,"<p>%(v/v)</p>
",2025-10-16 08:00:00,氢气,延炼12万吨/年乙苯/苯乙烯装置
26.34,ST010118,"<p>%(v/v)</p>
",2025-10-16 08:00:00,甲烷,延炼12万吨/年乙苯/苯乙烯装置
0.08,ST010118,"<p>%(v/v)</p>
",2025-10-16 08:00:00,丙烷,延炼12万吨/年乙苯/苯乙烯装置
0.17,ST010118,"<p>%(v/v)</p>
",2025-10-16 08:00:00,丙烯,延炼12万吨/年乙苯/苯乙烯装置
14.50,ST010118,"<p>%(v/v)</p>
",2025-10-16 08:00:00,乙烯,延炼12万吨/年乙苯/苯乙烯装置
0.00,ST010118,"<p>%(v/v)</p>
",2025-10-16 08:00:00,碳四(合计),延炼12万吨/年乙苯/苯乙烯装置
0.00,ST010118,"<p>%(v/v)</p>
",2025-10-16 08:00:00,异戊烷,延炼12万吨/年乙苯/苯乙烯装置
0.00,ST010118,"<p>%(v/v)</p>
",2025-10-16 08:00:00,正戊烷,延炼12万吨/年乙苯/苯乙烯装置
13.71,ST010118,"<p>%(v/v)</p>
",2025-10-16 08:00:00,乙烷,延炼12万吨/年乙苯/苯乙烯装置
0.00,ST010118,"<p>%(v/v)</p>
",2025-10-16 08:00:00,碳五(合计),延炼12万吨/年乙苯/苯乙烯装置
1.0,ST010118,<p>mg/kg</p>,2025-10-16 08:00:00,硫化氢,延炼12万吨/年乙苯/苯乙烯装置
1.0,ST010118,<p>mg/kg</p>,2025-10-17 08:00:00,硫化氢,延炼12万吨/年乙苯/苯乙烯装置
1.07,ST010118,"<p>%(v/v)</p>
",2025-10-17 08:00:00,氧气,延炼12万吨/年乙苯/苯乙烯装置
22.22,ST010118,"<p>%(v/v)</p>
",2025-10-17 08:00:00,氮气,延炼12万吨/年乙苯/苯乙烯装置
1.84,ST010118,"<p>%(v/v)</p>
",2025-10-17 08:00:00,一氧化碳,延炼12万吨/年乙苯/苯乙烯装置
1.95,ST010118,"<p>%(v/v)</p>
",2025-10-17 08:00:00,二氧化碳,延炼12万吨/年乙苯/苯乙烯装置
21.56,ST010118,"<p>%(v/v)</p>
",2025-10-17 08:00:00,氢气,延炼12万吨/年乙苯/苯乙烯装置
26.17,ST010118,"<p>%(v/v)</p>
",2025-10-17 08:00:00,甲烷,延炼12万吨/年乙苯/苯乙烯装置
0.06,ST010118,"<p>%(v/v)</p>
",2025-10-17 08:00:00,丙烷,延炼12万吨/年乙苯/苯乙烯装置
0.10,ST010118,"<p>%(v/v)</p>
",2025-10-17 08:00:00,丙烯,延炼12万吨/年乙苯/苯乙烯装置
13.42,ST010118,"<p>%(v/v)</p>
",2025-10-17 08:00:00,乙烯,延炼12万吨/年乙苯/苯乙烯装置
0.00,ST010118,"<p>%(v/v)</p>
",2025-10-17 08:00:00,碳四(合计),延炼12万吨/年乙苯/苯乙烯装置
0.00,ST010118,"<p>%(v/v)</p>
",2025-10-17 08:00:00,异戊烷,延炼12万吨/年乙苯/苯乙烯装置
0.00,ST010118,"<p>%(v/v)</p>
",2025-10-17 08:00:00,正戊烷,延炼12万吨/年乙苯/苯乙烯装置
11.62,ST010118,"<p>%(v/v)</p>
",2025-10-17 08:00:00,乙烷,延炼12万吨/年乙苯/苯乙烯装置
0.00,ST010118,"<p>%(v/v)</p>
",2025-10-17 08:00:00,碳五(合计),延炼12万吨/年乙苯/苯乙烯装置
1.0,ST010118,<p>mg/kg</p>,2025-10-18 08:00:00,硫化氢,延炼12万吨/年乙苯/苯乙烯装置
0.32,ST010118,"<p>%(v/v)</p>
",2025-10-18 08:00:00,氧气,延炼12万吨/年乙苯/苯乙烯装置
19.54,ST010118,"<p>%(v/v)</p>
",2025-10-18 08:00:00,氮气,延炼12万吨/年乙苯/苯乙烯装置
1.86,ST010118,"<p>%(v/v)</p>
",2025-10-18 08:00:00,一氧化碳,延炼12万吨/年乙苯/苯乙烯装置
2.12,ST010118,"<p>%(v/v)</p>
",2025-10-18 08:00:00,二氧化碳,延炼12万吨/年乙苯/苯乙烯装置
22.26,ST010118,"<p>%(v/v)</p>
",2025-10-18 08:00:00,氢气,延炼12万吨/年乙苯/苯乙烯装置
26.96,ST010118,"<p>%(v/v)</p>
",2025-10-18 08:00:00,甲烷,延炼12万吨/年乙苯/苯乙烯装置
0.05,ST010118,"<p>%(v/v)</p>
",2025-10-18 08:00:00,丙烷,延炼12万吨/年乙苯/苯乙烯装置
0.09,ST010118,"<p>%(v/v)</p>
",2025-10-18 08:00:00,丙烯,延炼12万吨/年乙苯/苯乙烯装置
13.86,ST010118,"<p>%(v/v)</p>
",2025-10-18 08:00:00,乙烯,延炼12万吨/年乙苯/苯乙烯装置
0.00,ST010118,"<p>%(v/v)</p>
",2025-10-18 08:00:00,碳四(合计),延炼12万吨/年乙苯/苯乙烯装置
0.00,ST010118,"<p>%(v/v)</p>
",2025-10-18 08:00:00,异戊烷,延炼12万吨/年乙苯/苯乙烯装置
0.00,ST010118,"<p>%(v/v)</p>
",2025-10-18 08:00:00,正戊烷,延炼12万吨/年乙苯/苯乙烯装置
12.94,ST010118,"<p>%(v/v)</p>
",2025-10-18 08:00:00,乙烷,延炼12万吨/年乙苯/苯乙烯装置
0.00,ST010118,"<p>%(v/v)</p>
",2025-10-18 08:00:00,碳五(合计),延炼12万吨/年乙苯/苯乙烯装置
1.0,ST010118,<p>mg/kg</p>,2025-10-19 08:00:00,硫化氢,延炼12万吨/年乙苯/苯乙烯装置
0.87,ST010118,"<p>%(v/v)</p>
",2025-10-19 08:00:00,氧气,延炼12万吨/年乙苯/苯乙烯装置
21.02,ST010118,"<p>%(v/v)</p>
",2025-10-19 08:00:00,氮气,延炼12万吨/年乙苯/苯乙烯装置
1.72,ST010118,"<p>%(v/v)</p>
",2025-10-19 08:00:00,一氧化碳,延炼12万吨/年乙苯/苯乙烯装置
1.96,ST010118,"<p>%(v/v)</p>
",2025-10-19 08:00:00,二氧化碳,延炼12万吨/年乙苯/苯乙烯装置
21.01,ST010118,"<p>%(v/v)</p>
",2025-10-19 08:00:00,氢气,延炼12万吨/年乙苯/苯乙烯装置
26.02,ST010118,"<p>%(v/v)</p>
",2025-10-19 08:00:00,甲烷,延炼12万吨/年乙苯/苯乙烯装置
0.07,ST010118,"<p>%(v/v)</p>
",2025-10-19 08:00:00,丙烷,延炼12万吨/年乙苯/苯乙烯装置
0.13,ST010118,"<p>%(v/v)</p>
",2025-10-19 08:00:00,丙烯,延炼12万吨/年乙苯/苯乙烯装置
14.02,ST010118,"<p>%(v/v)</p>
",2025-10-19 08:00:00,乙烯,延炼12万吨/年乙苯/苯乙烯装置
0.00,ST010118,"<p>%(v/v)</p>
",2025-10-19 08:00:00,碳四(合计),延炼12万吨/年乙苯/苯乙烯装置
0.00,ST010118,"<p>%(v/v)</p>
",2025-10-19 08:00:00,异戊烷,延炼12万吨/年乙苯/苯乙烯装置
0.00,ST010118,"<p>%(v/v)</p>
",2025-10-19 08:00:00,正戊烷,延炼12万吨/年乙苯/苯乙烯装置
13.18,ST010118,"<p>%(v/v)</p>
",2025-10-19 08:00:00,乙烷,延炼12万吨/年乙苯/苯乙烯装置
0.00,ST010118,"<p>%(v/v)</p>
",2025-10-19 08:00:00,碳五(合计),延炼12万吨/年乙苯/苯乙烯装置
13.34,ST010118,"<p>%(v/v)</p>
",2025-10-20 08:00:00,乙烷,延炼12万吨/年乙苯/苯乙烯装置
0.00,ST010118,"<p>%(v/v)</p>
",2025-10-20 08:00:00,碳五(合计),延炼12万吨/年乙苯/苯乙烯装置
0.33,ST010118,"<p>%(v/v)</p>
",2025-10-20 08:00:00,氧气,延炼12万吨/年乙苯/苯乙烯装置
21.65,ST010118,"<p>%(v/v)</p>
",2025-10-20 08:00:00,氮气,延炼12万吨/年乙苯/苯乙烯装置
1.70,ST010118,"<p>%(v/v)</p>
",2025-10-20 08:00:00,一氧化碳,延炼12万吨/年乙苯/苯乙烯装置
2.09,ST010118,"<p>%(v/v)</p>
",2025-10-20 08:00:00,二氧化碳,延炼12万吨/年乙苯/苯乙烯装置
21.47,ST010118,"<p>%(v/v)</p>
",2025-10-20 08:00:00,氢气,延炼12万吨/年乙苯/苯乙烯装置
25.51,ST010118,"<p>%(v/v)</p>
",2025-10-20 08:00:00,甲烷,延炼12万吨/年乙苯/苯乙烯装置
0.07,ST010118,"<p>%(v/v)</p>
",2025-10-20 08:00:00,丙烷,延炼12万吨/年乙苯/苯乙烯装置
0.13,ST010118,"<p>%(v/v)</p>
",2025-10-20 08:00:00,丙烯,延炼12万吨/年乙苯/苯乙烯装置
13.70,ST010118,"<p>%(v/v)</p>
",2025-10-20 08:00:00,乙烯,延炼12万吨/年乙苯/苯乙烯装置
0.00,ST010118,"<p>%(v/v)</p>
",2025-10-20 08:00:00,碳四(合计),延炼12万吨/年乙苯/苯乙烯装置
0.00,ST010118,"<p>%(v/v)</p>
",2025-10-20 08:00:00,异戊烷,延炼12万吨/年乙苯/苯乙烯装置
0.00,ST010118,"<p>%(v/v)</p>
",2025-10-20 08:00:00,正戊烷,延炼12万吨/年乙苯/苯乙烯装置
1.0,ST010118,<p>mg/kg</p>,2025-10-20 08:00:00,硫化氢,延炼12万吨/年乙苯/苯乙烯装置
1.0,ST010118,<p>mg/kg</p>,2025-10-21 08:00:00,硫化氢,延炼12万吨/年乙苯/苯乙烯装置
0.88,ST010118,"<p>%(v/v)</p>
",2025-10-21 08:00:00,氧气,延炼12万吨/年乙苯/苯乙烯装置
21.20,ST010118,"<p>%(v/v)</p>
",2025-10-21 08:00:00,氮气,延炼12万吨/年乙苯/苯乙烯装置
1.69,ST010118,"<p>%(v/v)</p>
",2025-10-21 08:00:00,一氧化碳,延炼12万吨/年乙苯/苯乙烯装置
2.10,ST010118,"<p>%(v/v)</p>
",2025-10-21 08:00:00,二氧化碳,延炼12万吨/年乙苯/苯乙烯装置
21.92,ST010118,"<p>%(v/v)</p>
",2025-10-21 08:00:00,氢气,延炼12万吨/年乙苯/苯乙烯装置
25.32,ST010118,"<p>%(v/v)</p>
",2025-10-21 08:00:00,甲烷,延炼12万吨/年乙苯/苯乙烯装置
0.06,ST010118,"<p>%(v/v)</p>
",2025-10-21 08:00:00,丙烷,延炼12万吨/年乙苯/苯乙烯装置
0.12,ST010118,"<p>%(v/v)</p>
",2025-10-21 08:00:00,丙烯,延炼12万吨/年乙苯/苯乙烯装置
13.59,ST010118,"<p>%(v/v)</p>
",2025-10-21 08:00:00,乙烯,延炼12万吨/年乙苯/苯乙烯装置
0.00,ST010118,"<p>%(v/v)</p>
",2025-10-21 08:00:00,碳四(合计),延炼12万吨/年乙苯/苯乙烯装置
0.00,ST010118,"<p>%(v/v)</p>
",2025-10-21 08:00:00,异戊烷,延炼12万吨/年乙苯/苯乙烯装置
0.00,ST010118,"<p>%(v/v)</p>
",2025-10-21 08:00:00,正戊烷,延炼12万吨/年乙苯/苯乙烯装置
13.12,ST010118,"<p>%(v/v)</p>
",2025-10-21 08:00:00,乙烷,延炼12万吨/年乙苯/苯乙烯装置
0.00,ST010118,"<p>%(v/v)</p>
",2025-10-21 08:00:00,碳五(合计),延炼12万吨/年乙苯/苯乙烯装置
1.0,ST010118,<p>mg/kg</p>,2025-10-22 08:00:00,硫化氢,延炼12万吨/年乙苯/苯乙烯装置
0.32,ST010118,"<p>%(v/v)</p>
",2025-10-22 08:00:00,氧气,延炼12万吨/年乙苯/苯乙烯装置
19.89,ST010118,"<p>%(v/v)</p>
",2025-10-22 08:00:00,氮气,延炼12万吨/年乙苯/苯乙烯装置
1.62,ST010118,"<p>%(v/v)</p>
",2025-10-22 08:00:00,一氧化碳,延炼12万吨/年乙苯/苯乙烯装置
2.00,ST010118,"<p>%(v/v)</p>
",2025-10-22 08:00:00,二氧化碳,延炼12万吨/年乙苯/苯乙烯装置
22.82,ST010118,"<p>%(v/v)</p>
",2025-10-22 08:00:00,氢气,延炼12万吨/年乙苯/苯乙烯装置
25.73,ST010118,"<p>%(v/v)</p>
",2025-10-22 08:00:00,甲烷,延炼12万吨/年乙苯/苯乙烯装置
0.07,ST010118,"<p>%(v/v)</p>
",2025-10-22 08:00:00,丙烷,延炼12万吨/年乙苯/苯乙烯装置
0.11,ST010118,"<p>%(v/v)</p>
",2025-10-22 08:00:00,丙烯,延炼12万吨/年乙苯/苯乙烯装置
14.07,ST010118,"<p>%(v/v)</p>
",2025-10-22 08:00:00,乙烯,延炼12万吨/年乙苯/苯乙烯装置
0.00,ST010118,"<p>%(v/v)</p>
",2025-10-22 08:00:00,碳四(合计),延炼12万吨/年乙苯/苯乙烯装置
0.00,ST010118,"<p>%(v/v)</p>
",2025-10-22 08:00:00,异戊烷,延炼12万吨/年乙苯/苯乙烯装置
0.00,ST010118,"<p>%(v/v)</p>
",2025-10-22 08:00:00,正戊烷,延炼12万吨/年乙苯/苯乙烯装置
13.38,ST010118,"<p>%(v/v)</p>
",2025-10-22 08:00:00,乙烷,延炼12万吨/年乙苯/苯乙烯装置
0.00,ST010118,"<p>%(v/v)</p>
",2025-10-22 08:00:00,碳五(合计),延炼12万吨/年乙苯/苯乙烯装置
1.0,ST010118,<p>mg/kg</p>,2025-10-23 08:00:00,硫化氢,延炼12万吨/年乙苯/苯乙烯装置
0.76,ST010118,"<p>%(v/v)</p>
",2025-10-23 08:00:00,氧气,延炼12万吨/年乙苯/苯乙烯装置
21.55,ST010118,"<p>%(v/v)</p>
",2025-10-23 08:00:00,氮气,延炼12万吨/年乙苯/苯乙烯装置
1.66,ST010118,"<p>%(v/v)</p>
",2025-10-23 08:00:00,一氧化碳,延炼12万吨/年乙苯/苯乙烯装置
2.07,ST010118,"<p>%(v/v)</p>
",2025-10-23 08:00:00,二氧化碳,延炼12万吨/年乙苯/苯乙烯装置
21.75,ST010118,"<p>%(v/v)</p>
",2025-10-23 08:00:00,氢气,延炼12万吨/年乙苯/苯乙烯装置
25.31,ST010118,"<p>%(v/v)</p>
",2025-10-23 08:00:00,甲烷,延炼12万吨/年乙苯/苯乙烯装置
0.06,ST010118,"<p>%(v/v)</p>
",2025-10-23 08:00:00,丙烷,延炼12万吨/年乙苯/苯乙烯装置
0.11,ST010118,"<p>%(v/v)</p>
",2025-10-23 08:00:00,丙烯,延炼12万吨/年乙苯/苯乙烯装置
13.57,ST010118,"<p>%(v/v)</p>
",2025-10-23 08:00:00,乙烯,延炼12万吨/年乙苯/苯乙烯装置
0.00,ST010118,"<p>%(v/v)</p>
",2025-10-23 08:00:00,碳四(合计),延炼12万吨/年乙苯/苯乙烯装置
0.00,ST010118,"<p>%(v/v)</p>
",2025-10-23 08:00:00,异戊烷,延炼12万吨/年乙苯/苯乙烯装置
0.00,ST010118,"<p>%(v/v)</p>
",2025-10-23 08:00:00,正戊烷,延炼12万吨/年乙苯/苯乙烯装置
13.16,ST010118,"<p>%(v/v)</p>
",2025-10-23 08:00:00,乙烷,延炼12万吨/年乙苯/苯乙烯装置
0.00,ST010118,"<p>%(v/v)</p>
",2025-10-23 08:00:00,碳五(合计),延炼12万吨/年乙苯/苯乙烯装置
0.00,ST010118,"<p>%(v/v)</p>
",2025-10-24 08:00:00,碳四(合计),延炼12万吨/年乙苯/苯乙烯装置
0.00,ST010118,"<p>%(v/v)</p>
",2025-10-24 08:00:00,异戊烷,延炼12万吨/年乙苯/苯乙烯装置
0.00,ST010118,"<p>%(v/v)</p>
",2025-10-24 08:00:00,正戊烷,延炼12万吨/年乙苯/苯乙烯装置
12.97,ST010118,"<p>%(v/v)</p>
",2025-10-24 08:00:00,乙烷,延炼12万吨/年乙苯/苯乙烯装置
0.00,ST010118,"<p>%(v/v)</p>
",2025-10-24 08:00:00,碳五(合计),延炼12万吨/年乙苯/苯乙烯装置
1.0,ST010118,<p>mg/kg</p>,2025-10-24 08:00:00,硫化氢,延炼12万吨/年乙苯/苯乙烯装置
0.43,ST010118,"<p>%(v/v)</p>
",2025-10-24 08:00:00,氧气,延炼12万吨/年乙苯/苯乙烯装置
21.88,ST010118,"<p>%(v/v)</p>
",2025-10-24 08:00:00,氮气,延炼12万吨/年乙苯/苯乙烯装置
1.69,ST010118,"<p>%(v/v)</p>
",2025-10-24 08:00:00,一氧化碳,延炼12万吨/年乙苯/苯乙烯装置
2.13,ST010118,"<p>%(v/v)</p>
",2025-10-24 08:00:00,二氧化碳,延炼12万吨/年乙苯/苯乙烯装置
21.21,ST010118,"<p>%(v/v)</p>
",2025-10-24 08:00:00,氢气,延炼12万吨/年乙苯/苯乙烯装置
25.55,ST010118,"<p>%(v/v)</p>
",2025-10-24 08:00:00,甲烷,延炼12万吨/年乙苯/苯乙烯装置
0.06,ST010118,"<p>%(v/v)</p>
",2025-10-24 08:00:00,丙烷,延炼12万吨/年乙苯/苯乙烯装置
0.10,ST010118,"<p>%(v/v)</p>
",2025-10-24 08:00:00,丙烯,延炼12万吨/年乙苯/苯乙烯装置
13.98,ST010118,"<p>%(v/v)</p>
",2025-10-24 08:00:00,乙烯,延炼12万吨/年乙苯/苯乙烯装置
1.0,ST010118,<p>mg/kg</p>,2025-10-25 08:00:00,硫化氢,延炼12万吨/年乙苯/苯乙烯装置
0.65,ST010118,"<p>%(v/v)</p>
",2025-10-25 08:00:00,氧气,延炼12万吨/年乙苯/苯乙烯装置
20.50,ST010118,"<p>%(v/v)</p>
",2025-10-25 08:00:00,氮气,延炼12万吨/年乙苯/苯乙烯装置
1.58,ST010118,"<p>%(v/v)</p>
",2025-10-25 08:00:00,一氧化碳,延炼12万吨/年乙苯/苯乙烯装置
2.07,ST010118,"<p>%(v/v)</p>
",2025-10-25 08:00:00,二氧化碳,延炼12万吨/年乙苯/苯乙烯装置
21.54,ST010118,"<p>%(v/v)</p>
",2025-10-25 08:00:00,氢气,延炼12万吨/年乙苯/苯乙烯装置
25.91,ST010118,"<p>%(v/v)</p>
",2025-10-25 08:00:00,甲烷,延炼12万吨/年乙苯/苯乙烯装置
0.06,ST010118,"<p>%(v/v)</p>
",2025-10-25 08:00:00,丙烷,延炼12万吨/年乙苯/苯乙烯装置
0.10,ST010118,"<p>%(v/v)</p>
",2025-10-25 08:00:00,丙烯,延炼12万吨/年乙苯/苯乙烯装置
14.34,ST010118,"<p>%(v/v)</p>
",2025-10-25 08:00:00,乙烯,延炼12万吨/年乙苯/苯乙烯装置
0.00,ST010118,"<p>%(v/v)</p>
",2025-10-25 08:00:00,碳四(合计),延炼12万吨/年乙苯/苯乙烯装置
0.00,ST010118,"<p>%(v/v)</p>
",2025-10-25 08:00:00,异戊烷,延炼12万吨/年乙苯/苯乙烯装置
0.00,ST010118,"<p>%(v/v)</p>
",2025-10-25 08:00:00,正戊烷,延炼12万吨/年乙苯/苯乙烯装置
13.25,ST010118,"<p>%(v/v)</p>
",2025-10-25 08:00:00,乙烷,延炼12万吨/年乙苯/苯乙烯装置
0.00,ST010118,"<p>%(v/v)</p>
",2025-10-25 08:00:00,碳五(合计),延炼12万吨/年乙苯/苯乙烯装置
0.63,ST010118,"<p>%(v/v)</p>
",2025-10-26 08:00:00,氧气,延炼12万吨/年乙苯/苯乙烯装置
20.44,ST010118,"<p>%(v/v)</p>
",2025-10-26 08:00:00,氮气,延炼12万吨/年乙苯/苯乙烯装置
1.65,ST010118,"<p>%(v/v)</p>
",2025-10-26 08:00:00,一氧化碳,延炼12万吨/年乙苯/苯乙烯装置
2.00,ST010118,"<p>%(v/v)</p>
",2025-10-26 08:00:00,二氧化碳,延炼12万吨/年乙苯/苯乙烯装置
22.23,ST010118,"<p>%(v/v)</p>
",2025-10-26 08:00:00,氢气,延炼12万吨/年乙苯/苯乙烯装置
25.35,ST010118,"<p>%(v/v)</p>
",2025-10-26 08:00:00,甲烷,延炼12万吨/年乙苯/苯乙烯装置
0.06,ST010118,"<p>%(v/v)</p>
",2025-10-26 08:00:00,丙烷,延炼12万吨/年乙苯/苯乙烯装置
0.08,ST010118,"<p>%(v/v)</p>
",2025-10-26 08:00:00,丙烯,延炼12万吨/年乙苯/苯乙烯装置
14.13,ST010118,"<p>%(v/v)</p>
",2025-10-26 08:00:00,乙烯,延炼12万吨/年乙苯/苯乙烯装置
0.00,ST010118,"<p>%(v/v)</p>
",2025-10-26 08:00:00,碳四(合计),延炼12万吨/年乙苯/苯乙烯装置
0.00,ST010118,"<p>%(v/v)</p>
",2025-10-26 08:00:00,异戊烷,延炼12万吨/年乙苯/苯乙烯装置
0.00,ST010118,"<p>%(v/v)</p>
",2025-10-26 08:00:00,正戊烷,延炼12万吨/年乙苯/苯乙烯装置
13.42,ST010118,"<p>%(v/v)</p>
",2025-10-26 08:00:00,乙烷,延炼12万吨/年乙苯/苯乙烯装置
0.00,ST010118,"<p>%(v/v)</p>
",2025-10-26 08:00:00,碳五(合计),延炼12万吨/年乙苯/苯乙烯装置
1.0,ST010118,<p>mg/kg</p>,2025-10-26 08:00:00,硫化氢,延炼12万吨/年乙苯/苯乙烯装置
1.0,ST010118,<p>mg/kg</p>,2025-10-27 08:00:00,硫化氢,延炼12万吨/年乙苯/苯乙烯装置
0.52,ST010118,"<p>%(v/v)</p>
",2025-10-27 08:00:00,氧气,延炼12万吨/年乙苯/苯乙烯装置
19.80,ST010118,"<p>%(v/v)</p>
",2025-10-27 08:00:00,氮气,延炼12万吨/年乙苯/苯乙烯装置
1.79,ST010118,"<p>%(v/v)</p>
",2025-10-27 08:00:00,一氧化碳,延炼12万吨/年乙苯/苯乙烯装置
2.04,ST010118,"<p>%(v/v)</p>
",2025-10-27 08:00:00,二氧化碳,延炼12万吨/年乙苯/苯乙烯装置
22.72,ST010118,"<p>%(v/v)</p>
",2025-10-27 08:00:00,氢气,延炼12万吨/年乙苯/苯乙烯装置
26.66,ST010118,"<p>%(v/v)</p>
",2025-10-27 08:00:00,甲烷,延炼12万吨/年乙苯/苯乙烯装置
0.04,ST010118,"<p>%(v/v)</p>
",2025-10-27 08:00:00,丙烷,延炼12万吨/年乙苯/苯乙烯装置
0.05,ST010118,"<p>%(v/v)</p>
",2025-10-27 08:00:00,丙烯,延炼12万吨/年乙苯/苯乙烯装置
14.12,ST010118,"<p>%(v/v)</p>
",2025-10-27 08:00:00,乙烯,延炼12万吨/年乙苯/苯乙烯装置
0.00,ST010118,"<p>%(v/v)</p>
",2025-10-27 08:00:00,碳四(合计),延炼12万吨/年乙苯/苯乙烯装置
0.00,ST010118,"<p>%(v/v)</p>
",2025-10-27 08:00:00,异戊烷,延炼12万吨/年乙苯/苯乙烯装置
0.00,ST010118,"<p>%(v/v)</p>
",2025-10-27 08:00:00,正戊烷,延炼12万吨/年乙苯/苯乙烯装置
12.27,ST010118,"<p>%(v/v)</p>
",2025-10-27 08:00:00,乙烷,延炼12万吨/年乙苯/苯乙烯装置
0.00,ST010118,"<p>%(v/v)</p>
",2025-10-27 08:00:00,碳五(合计),延炼12万吨/年乙苯/苯乙烯装置
0.69,ST010118,"<p>%(v/v)</p>
",2025-10-28 08:00:00,氧气,延炼12万吨/年乙苯/苯乙烯装置
20.77,ST010118,"<p>%(v/v)</p>
",2025-10-28 08:00:00,氮气,延炼12万吨/年乙苯/苯乙烯装置
1.69,ST010118,"<p>%(v/v)</p>
",2025-10-28 08:00:00,一氧化碳,延炼12万吨/年乙苯/苯乙烯装置
1.94,ST010118,"<p>%(v/v)</p>
",2025-10-28 08:00:00,二氧化碳,延炼12万吨/年乙苯/苯乙烯装置
22.49,ST010118,"<p>%(v/v)</p>
",2025-10-28 08:00:00,氢气,延炼12万吨/年乙苯/苯乙烯装置
25.47,ST010118,"<p>%(v/v)</p>
",2025-10-28 08:00:00,甲烷,延炼12万吨/年乙苯/苯乙烯装置
0.04,ST010118,"<p>%(v/v)</p>
",2025-10-28 08:00:00,丙烷,延炼12万吨/年乙苯/苯乙烯装置
0.06,ST010118,"<p>%(v/v)</p>
",2025-10-28 08:00:00,丙烯,延炼12万吨/年乙苯/苯乙烯装置
13.87,ST010118,"<p>%(v/v)</p>
",2025-10-28 08:00:00,乙烯,延炼12万吨/年乙苯/苯乙烯装置
0.00,ST010118,"<p>%(v/v)</p>
",2025-10-28 08:00:00,碳四(合计),延炼12万吨/年乙苯/苯乙烯装置
0.00,ST010118,"<p>%(v/v)</p>
",2025-10-28 08:00:00,异戊烷,延炼12万吨/年乙苯/苯乙烯装置
0.00,ST010118,"<p>%(v/v)</p>
",2025-10-28 08:00:00,正戊烷,延炼12万吨/年乙苯/苯乙烯装置
12.99,ST010118,"<p>%(v/v)</p>
",2025-10-28 08:00:00,乙烷,延炼12万吨/年乙苯/苯乙烯装置
0.00,ST010118,"<p>%(v/v)</p>
",2025-10-28 08:00:00,碳五(合计),延炼12万吨/年乙苯/苯乙烯装置
1.0,ST010118,<p>mg/kg</p>,2025-10-28 08:00:00,硫化氢,延炼12万吨/年乙苯/苯乙烯装置
1.0,ST010118,<p>mg/kg</p>,2025-10-29 08:00:00,硫化氢,延炼12万吨/年乙苯/苯乙烯装置
0.22,ST010118,"<p>%(v/v)</p>
",2025-10-29 08:00:00,氧气,延炼12万吨/年乙苯/苯乙烯装置
19.78,ST010118,"<p>%(v/v)</p>
",2025-10-29 08:00:00,氮气,延炼12万吨/年乙苯/苯乙烯装置
1.56,ST010118,"<p>%(v/v)</p>
",2025-10-29 08:00:00,一氧化碳,延炼12万吨/年乙苯/苯乙烯装置
2.07,ST010118,"<p>%(v/v)</p>
",2025-10-29 08:00:00,二氧化碳,延炼12万吨/年乙苯/苯乙烯装置
21.29,ST010118,"<p>%(v/v)</p>
",2025-10-29 08:00:00,氢气,延炼12万吨/年乙苯/苯乙烯装置
25.99,ST010118,"<p>%(v/v)</p>
",2025-10-29 08:00:00,甲烷,延炼12万吨/年乙苯/苯乙烯装置
0.06,ST010118,"<p>%(v/v)</p>
",2025-10-29 08:00:00,丙烷,延炼12万吨/年乙苯/苯乙烯装置
0.09,ST010118,"<p>%(v/v)</p>
",2025-10-29 08:00:00,丙烯,延炼12万吨/年乙苯/苯乙烯装置
14.47,ST010118,"<p>%(v/v)</p>
",2025-10-29 08:00:00,乙烯,延炼12万吨/年乙苯/苯乙烯装置
0.00,ST010118,"<p>%(v/v)</p>
",2025-10-29 08:00:00,碳四(合计),延炼12万吨/年乙苯/苯乙烯装置
0.00,ST010118,"<p>%(v/v)</p>
",2025-10-29 08:00:00,异戊烷,延炼12万吨/年乙苯/苯乙烯装置
0.00,ST010118,"<p>%(v/v)</p>
",2025-10-29 08:00:00,正戊烷,延炼12万吨/年乙苯/苯乙烯装置
14.47,ST010118,"<p>%(v/v)</p>
",2025-10-29 08:00:00,乙烷,延炼12万吨/年乙苯/苯乙烯装置
0.00,ST010118,"<p>%(v/v)</p>
",2025-10-29 08:00:00,碳五(合计),延炼12万吨/年乙苯/苯乙烯装置
1.0,ST010118,<p>mg/kg</p>,2025-10-30 08:00:00,硫化氢,延炼12万吨/年乙苯/苯乙烯装置
0.33,ST010118,"<p>%(v/v)</p>
",2025-10-30 08:00:00,氧气,延炼12万吨/年乙苯/苯乙烯装置
19.35,ST010118,"<p>%(v/v)</p>
",2025-10-30 08:00:00,氮气,延炼12万吨/年乙苯/苯乙烯装置
1.52,ST010118,"<p>%(v/v)</p>
",2025-10-30 08:00:00,一氧化碳,延炼12万吨/年乙苯/苯乙烯装置
2.03,ST010118,"<p>%(v/v)</p>
",2025-10-30 08:00:00,二氧化碳,延炼12万吨/年乙苯/苯乙烯装置
21.92,ST010118,"<p>%(v/v)</p>
",2025-10-30 08:00:00,氢气,延炼12万吨/年乙苯/苯乙烯装置
26.45,ST010118,"<p>%(v/v)</p>
",2025-10-30 08:00:00,甲烷,延炼12万吨/年乙苯/苯乙烯装置
0.06,ST010118,"<p>%(v/v)</p>
",2025-10-30 08:00:00,丙烷,延炼12万吨/年乙苯/苯乙烯装置
0.09,ST010118,"<p>%(v/v)</p>
",2025-10-30 08:00:00,丙烯,延炼12万吨/年乙苯/苯乙烯装置
14.50,ST010118,"<p>%(v/v)</p>
",2025-10-30 08:00:00,乙烯,延炼12万吨/年乙苯/苯乙烯装置
0.00,ST010118,"<p>%(v/v)</p>
",2025-10-30 08:00:00,碳四(合计),延炼12万吨/年乙苯/苯乙烯装置
0.00,ST010118,"<p>%(v/v)</p>
",2025-10-30 08:00:00,异戊烷,延炼12万吨/年乙苯/苯乙烯装置
0.00,ST010118,"<p>%(v/v)</p>
",2025-10-30 08:00:00,正戊烷,延炼12万吨/年乙苯/苯乙烯装置
13.74,ST010118,"<p>%(v/v)</p>
",2025-10-30 08:00:00,乙烷,延炼12万吨/年乙苯/苯乙烯装置
0.00,ST010118,"<p>%(v/v)</p>
",2025-10-30 08:00:00,碳五(合计),延炼12万吨/年乙苯/苯乙烯装置
1.0,ST010118,<p>mg/kg</p>,2025-10-31 08:00:00,硫化氢,延炼12万吨/年乙苯/苯乙烯装置
0.79,ST010118,"<p>%(v/v)</p>
",2025-10-31 08:00:00,氧气,延炼12万吨/年乙苯/苯乙烯装置
21.43,ST010118,"<p>%(v/v)</p>
",2025-10-31 08:00:00,氮气,延炼12万吨/年乙苯/苯乙烯装置
1.57,ST010118,"<p>%(v/v)</p>
",2025-10-31 08:00:00,一氧化碳,延炼12万吨/年乙苯/苯乙烯装置
2.06,ST010118,"<p>%(v/v)</p>
",2025-10-31 08:00:00,二氧化碳,延炼12万吨/年乙苯/苯乙烯装置
21.32,ST010118,"<p>%(v/v)</p>
",2025-10-31 08:00:00,氢气,延炼12万吨/年乙苯/苯乙烯装置
25.71,ST010118,"<p>%(v/v)</p>
",2025-10-31 08:00:00,甲烷,延炼12万吨/年乙苯/苯乙烯装置
0.06,ST010118,"<p>%(v/v)</p>
",2025-10-31 08:00:00,丙烷,延炼12万吨/年乙苯/苯乙烯装置
0.09,ST010118,"<p>%(v/v)</p>
",2025-10-31 08:00:00,丙烯,延炼12万吨/年乙苯/苯乙烯装置
14.06,ST010118,"<p>%(v/v)</p>
",2025-10-31 08:00:00,乙烯,延炼12万吨/年乙苯/苯乙烯装置
0.00,ST010118,"<p>%(v/v)</p>
",2025-10-31 08:00:00,碳四(合计),延炼12万吨/年乙苯/苯乙烯装置
0.00,ST010118,"<p>%(v/v)</p>
",2025-10-31 08:00:00,异戊烷,延炼12万吨/年乙苯/苯乙烯装置
0.00,ST010118,"<p>%(v/v)</p>
",2025-10-31 08:00:00,正戊烷,延炼12万吨/年乙苯/苯乙烯装置
12.92,ST010118,"<p>%(v/v)</p>
",2025-10-31 08:00:00,乙烷,延炼12万吨/年乙苯/苯乙烯装置
0.00,ST010118,"<p>%(v/v)</p>
",2025-10-31 08:00:00,碳五(合计),延炼12万吨/年乙苯/苯乙烯装置
1.0,ST010118,<p>mg/kg</p>,2025-11-01 08:00:00,硫化氢,延炼12万吨/年乙苯/苯乙烯装置
0.63,ST010118,"<p>%(v/v)</p>
",2025-11-01 08:00:00,氧气,延炼12万吨/年乙苯/苯乙烯装置
20.49,ST010118,"<p>%(v/v)</p>
",2025-11-01 08:00:00,氮气,延炼12万吨/年乙苯/苯乙烯装置
1.62,ST010118,"<p>%(v/v)</p>
",2025-11-01 08:00:00,一氧化碳,延炼12万吨/年乙苯/苯乙烯装置
1.99,ST010118,"<p>%(v/v)</p>
",2025-11-01 08:00:00,二氧化碳,延炼12万吨/年乙苯/苯乙烯装置
22.89,ST010118,"<p>%(v/v)</p>
",2025-11-01 08:00:00,氢气,延炼12万吨/年乙苯/苯乙烯装置
26.12,ST010118,"<p>%(v/v)</p>
",2025-11-01 08:00:00,甲烷,延炼12万吨/年乙苯/苯乙烯装置
0.04,ST010118,"<p>%(v/v)</p>
",2025-11-01 08:00:00,丙烷,延炼12万吨/年乙苯/苯乙烯装置
0.06,ST010118,"<p>%(v/v)</p>
",2025-11-01 08:00:00,丙烯,延炼12万吨/年乙苯/苯乙烯装置
13.95,ST010118,"<p>%(v/v)</p>
",2025-11-01 08:00:00,乙烯,延炼12万吨/年乙苯/苯乙烯装置
0.00,ST010118,"<p>%(v/v)</p>
",2025-11-01 08:00:00,碳四(合计),延炼12万吨/年乙苯/苯乙烯装置
0.00,ST010118,"<p>%(v/v)</p>
",2025-11-01 08:00:00,异戊烷,延炼12万吨/年乙苯/苯乙烯装置
0.00,ST010118,"<p>%(v/v)</p>
",2025-11-01 08:00:00,正戊烷,延炼12万吨/年乙苯/苯乙烯装置
12.21,ST010118,"<p>%(v/v)</p>
",2025-11-01 08:00:00,乙烷,延炼12万吨/年乙苯/苯乙烯装置
0.00,ST010118,"<p>%(v/v)</p>
",2025-11-01 08:00:00,碳五(合计),延炼12万吨/年乙苯/苯乙烯装置
1.0,ST010118,<p>mg/kg</p>,2025-11-02 08:00:00,硫化氢,延炼12万吨/年乙苯/苯乙烯装置
0.62,ST010118,"<p>%(v/v)</p>
",2025-11-02 08:00:00,氧气,延炼12万吨/年乙苯/苯乙烯装置
20.52,ST010118,"<p>%(v/v)</p>
",2025-11-02 08:00:00,氮气,延炼12万吨/年乙苯/苯乙烯装置
1.69,ST010118,"<p>%(v/v)</p>
",2025-11-02 08:00:00,一氧化碳,延炼12万吨/年乙苯/苯乙烯装置
2.07,ST010118,"<p>%(v/v)</p>
",2025-11-02 08:00:00,二氧化碳,延炼12万吨/年乙苯/苯乙烯装置
21.49,ST010118,"<p>%(v/v)</p>
",2025-11-02 08:00:00,氢气,延炼12万吨/年乙苯/苯乙烯装置
25.62,ST010118,"<p>%(v/v)</p>
",2025-11-02 08:00:00,甲烷,延炼12万吨/年乙苯/苯乙烯装置
0.10,ST010118,"<p>%(v/v)</p>
",2025-11-02 08:00:00,丙烷,延炼12万吨/年乙苯/苯乙烯装置
0.19,ST010118,"<p>%(v/v)</p>
",2025-11-02 08:00:00,丙烯,延炼12万吨/年乙苯/苯乙烯装置
14.33,ST010118,"<p>%(v/v)</p>
",2025-11-02 08:00:00,乙烯,延炼12万吨/年乙苯/苯乙烯装置
0.00,ST010118,"<p>%(v/v)</p>
",2025-11-02 08:00:00,碳四(合计),延炼12万吨/年乙苯/苯乙烯装置
0.00,ST010118,"<p>%(v/v)</p>
",2025-11-02 08:00:00,异戊烷,延炼12万吨/年乙苯/苯乙烯装置
0.00,ST010118,"<p>%(v/v)</p>
",2025-11-02 08:00:00,正戊烷,延炼12万吨/年乙苯/苯乙烯装置
13.38,ST010118,"<p>%(v/v)</p>
",2025-11-02 08:00:00,乙烷,延炼12万吨/年乙苯/苯乙烯装置
0.00,ST010118,"<p>%(v/v)</p>
",2025-11-02 08:00:00,碳五(合计),延炼12万吨/年乙苯/苯乙烯装置
1.0,ST010118,<p>mg/kg</p>,2025-11-03 08:00:00,硫化氢,延炼12万吨/年乙苯/苯乙烯装置
1.67,ST010118,"<p>%(v/v)</p>
",2025-11-03 08:00:00,氧气,延炼12万吨/年乙苯/苯乙烯装置
23.78,ST010118,"<p>%(v/v)</p>
",2025-11-03 08:00:00,氮气,延炼12万吨/年乙苯/苯乙烯装置
1.56,ST010118,"<p>%(v/v)</p>
",2025-11-03 08:00:00,一氧化碳,延炼12万吨/年乙苯/苯乙烯装置
1.91,ST010118,"<p>%(v/v)</p>
",2025-11-03 08:00:00,二氧化碳,延炼12万吨/年乙苯/苯乙烯装置
21.03,ST010118,"<p>%(v/v)</p>
",2025-11-03 08:00:00,氢气,延炼12万吨/年乙苯/苯乙烯装置
24.83,ST010118,"<p>%(v/v)</p>
",2025-11-03 08:00:00,甲烷,延炼12万吨/年乙苯/苯乙烯装置
0.06,ST010118,"<p>%(v/v)</p>
",2025-11-03 08:00:00,丙烷,延炼12万吨/年乙苯/苯乙烯装置
0.10,ST010118,"<p>%(v/v)</p>
",2025-11-03 08:00:00,丙烯,延炼12万吨/年乙苯/苯乙烯装置
13.25,ST010118,"<p>%(v/v)</p>
",2025-11-03 08:00:00,乙烯,延炼12万吨/年乙苯/苯乙烯装置
0.00,ST010118,"<p>%(v/v)</p>
",2025-11-03 08:00:00,碳四(合计),延炼12万吨/年乙苯/苯乙烯装置
0.00,ST010118,"<p>%(v/v)</p>
",2025-11-03 08:00:00,异戊烷,延炼12万吨/年乙苯/苯乙烯装置
0.00,ST010118,"<p>%(v/v)</p>
",2025-11-03 08:00:00,正戊烷,延炼12万吨/年乙苯/苯乙烯装置
11.80,ST010118,"<p>%(v/v)</p>
",2025-11-03 08:00:00,乙烷,延炼12万吨/年乙苯/苯乙烯装置
0.00,ST010118,"<p>%(v/v)</p>
",2025-11-03 08:00:00,碳五(合计),延炼12万吨/年乙苯/苯乙烯装置
1.38,ST010118,"<p>%(v/v)</p>
",2025-11-04 08:00:00,氧气,延炼12万吨/年乙苯/苯乙烯装置
22.58,ST010118,"<p>%(v/v)</p>
",2025-11-04 08:00:00,氮气,延炼12万吨/年乙苯/苯乙烯装置
1.30,ST010118,"<p>%(v/v)</p>
",2025-11-04 08:00:00,一氧化碳,延炼12万吨/年乙苯/苯乙烯装置
1.99,ST010118,"<p>%(v/v)</p>
",2025-11-04 08:00:00,二氧化碳,延炼12万吨/年乙苯/苯乙烯装置
20.68,ST010118,"<p>%(v/v)</p>
",2025-11-04 08:00:00,氢气,延炼12万吨/年乙苯/苯乙烯装置
25.03,ST010118,"<p>%(v/v)</p>
",2025-11-04 08:00:00,甲烷,延炼12万吨/年乙苯/苯乙烯装置
0.10,ST010118,"<p>%(v/v)</p>
",2025-11-04 08:00:00,丙烷,延炼12万吨/年乙苯/苯乙烯装置
0.22,ST010118,"<p>%(v/v)</p>
",2025-11-04 08:00:00,丙烯,延炼12万吨/年乙苯/苯乙烯装置
13.83,ST010118,"<p>%(v/v)</p>
",2025-11-04 08:00:00,乙烯,延炼12万吨/年乙苯/苯乙烯装置
0.00,ST010118,"<p>%(v/v)</p>
",2025-11-04 08:00:00,碳四(合计),延炼12万吨/年乙苯/苯乙烯装置
0.00,ST010118,"<p>%(v/v)</p>
",2025-11-04 08:00:00,异戊烷,延炼12万吨/年乙苯/苯乙烯装置
0.00,ST010118,"<p>%(v/v)</p>
",2025-11-04 08:00:00,正戊烷,延炼12万吨/年乙苯/苯乙烯装置
12.88,ST010118,"<p>%(v/v)</p>
",2025-11-04 08:00:00,乙烷,延炼12万吨/年乙苯/苯乙烯装置
0.00,ST010118,"<p>%(v/v)</p>
",2025-11-04 08:00:00,碳五(合计),延炼12万吨/年乙苯/苯乙烯装置
1.0,ST010118,<p>mg/kg</p>,2025-11-04 08:00:00,硫化氢,延炼12万吨/年乙苯/苯乙烯装置
1.0,ST010118,<p>mg/kg</p>,2025-11-05 08:00:00,硫化氢,延炼12万吨/年乙苯/苯乙烯装置
0.77,ST010118,"<p>%(v/v)</p>
",2025-11-05 08:00:00,氧气,延炼12万吨/年乙苯/苯乙烯装置
21.22,ST010118,"<p>%(v/v)</p>
",2025-11-05 08:00:00,氮气,延炼12万吨/年乙苯/苯乙烯装置
1.48,ST010118,"<p>%(v/v)</p>
",2025-11-05 08:00:00,一氧化碳,延炼12万吨/年乙苯/苯乙烯装置
1.97,ST010118,"<p>%(v/v)</p>
",2025-11-05 08:00:00,二氧化碳,延炼12万吨/年乙苯/苯乙烯装置
20.79,ST010118,"<p>%(v/v)</p>
",2025-11-05 08:00:00,氢气,延炼12万吨/年乙苯/苯乙烯装置
25.68,ST010118,"<p>%(v/v)</p>
",2025-11-05 08:00:00,甲烷,延炼12万吨/年乙苯/苯乙烯装置
0.08,ST010118,"<p>%(v/v)</p>
",2025-11-05 08:00:00,丙烷,延炼12万吨/年乙苯/苯乙烯装置
0.14,ST010118,"<p>%(v/v)</p>
",2025-11-05 08:00:00,丙烯,延炼12万吨/年乙苯/苯乙烯装置
14.58,ST010118,"<p>%(v/v)</p>
",2025-11-05 08:00:00,乙烯,延炼12万吨/年乙苯/苯乙烯装置
0.00,ST010118,"<p>%(v/v)</p>
",2025-11-05 08:00:00,碳四(合计),延炼12万吨/年乙苯/苯乙烯装置
0.00,ST010118,"<p>%(v/v)</p>
",2025-11-05 08:00:00,异戊烷,延炼12万吨/年乙苯/苯乙烯装置
0.00,ST010118,"<p>%(v/v)</p>
",2025-11-05 08:00:00,正戊烷,延炼12万吨/年乙苯/苯乙烯装置
13.29,ST010118,"<p>%(v/v)</p>
",2025-11-05 08:00:00,乙烷,延炼12万吨/年乙苯/苯乙烯装置
0.00,ST010118,"<p>%(v/v)</p>
",2025-11-05 08:00:00,碳五(合计),延炼12万吨/年乙苯/苯乙烯装置
1.0,ST010118,<p>mg/kg</p>,2025-11-06 08:00:00,硫化氢,延炼12万吨/年乙苯/苯乙烯装置
0.40,ST010118,"<p>%(v/v)</p>
",2025-11-06 08:00:00,氧气,延炼12万吨/年乙苯/苯乙烯装置
22.18,ST010118,"<p>%(v/v)</p>
",2025-11-06 08:00:00,氮气,延炼12万吨/年乙苯/苯乙烯装置
1.62,ST010118,"<p>%(v/v)</p>
",2025-11-06 08:00:00,一氧化碳,延炼12万吨/年乙苯/苯乙烯装置
2.06,ST010118,"<p>%(v/v)</p>
",2025-11-06 08:00:00,二氧化碳,延炼12万吨/年乙苯/苯乙烯装置
20.60,ST010118,"<p>%(v/v)</p>
",2025-11-06 08:00:00,氢气,延炼12万吨/年乙苯/苯乙烯装置
25.60,ST010118,"<p>%(v/v)</p>
",2025-11-06 08:00:00,甲烷,延炼12万吨/年乙苯/苯乙烯装置
0.07,ST010118,"<p>%(v/v)</p>
",2025-11-06 08:00:00,丙烷,延炼12万吨/年乙苯/苯乙烯装置
0.12,ST010118,"<p>%(v/v)</p>
",2025-11-06 08:00:00,丙烯,延炼12万吨/年乙苯/苯乙烯装置
14.46,ST010118,"<p>%(v/v)</p>
",2025-11-06 08:00:00,乙烯,延炼12万吨/年乙苯/苯乙烯装置
0.00,ST010118,"<p>%(v/v)</p>
",2025-11-06 08:00:00,碳四(合计),延炼12万吨/年乙苯/苯乙烯装置
0.00,ST010118,"<p>%(v/v)</p>
",2025-11-06 08:00:00,异戊烷,延炼12万吨/年乙苯/苯乙烯装置
0.00,ST010118,"<p>%(v/v)</p>
",2025-11-06 08:00:00,正戊烷,延炼12万吨/年乙苯/苯乙烯装置
12.91,ST010118,"<p>%(v/v)</p>
",2025-11-06 08:00:00,乙烷,延炼12万吨/年乙苯/苯乙烯装置
0.00,ST010118,"<p>%(v/v)</p>
",2025-11-06 08:00:00,碳五(合计),延炼12万吨/年乙苯/苯乙烯装置
1.0,ST010118,<p>mg/kg</p>,2025-11-07 08:00:00,硫化氢,延炼12万吨/年乙苯/苯乙烯装置
2.11,ST010118,"<p>%(v/v)</p>
",2025-11-07 08:00:00,氧气,延炼12万吨/年乙苯/苯乙烯装置
24.11,ST010118,"<p>%(v/v)</p>
",2025-11-07 08:00:00,氮气,延炼12万吨/年乙苯/苯乙烯装置
1.44,ST010118,"<p>%(v/v)</p>
",2025-11-07 08:00:00,一氧化碳,延炼12万吨/年乙苯/苯乙烯装置
2.02,ST010118,"<p>%(v/v)</p>
",2025-11-07 08:00:00,二氧化碳,延炼12万吨/年乙苯/苯乙烯装置
19.48,ST010118,"<p>%(v/v)</p>
",2025-11-07 08:00:00,氢气,延炼12万吨/年乙苯/苯乙烯装置
24.48,ST010118,"<p>%(v/v)</p>
",2025-11-07 08:00:00,甲烷,延炼12万吨/年乙苯/苯乙烯装置
0.06,ST010118,"<p>%(v/v)</p>
",2025-11-07 08:00:00,丙烷,延炼12万吨/年乙苯/苯乙烯装置
0.11,ST010118,"<p>%(v/v)</p>
",2025-11-07 08:00:00,丙烯,延炼12万吨/年乙苯/苯乙烯装置
13.91,ST010118,"<p>%(v/v)</p>
",2025-11-07 08:00:00,乙烯,延炼12万吨/年乙苯/苯乙烯装置
0.00,ST010118,"<p>%(v/v)</p>
",2025-11-07 08:00:00,碳四(合计),延炼12万吨/年乙苯/苯乙烯装置
0.00,ST010118,"<p>%(v/v)</p>
",2025-11-07 08:00:00,异戊烷,延炼12万吨/年乙苯/苯乙烯装置
0.00,ST010118,"<p>%(v/v)</p>
",2025-11-07 08:00:00,正戊烷,延炼12万吨/年乙苯/苯乙烯装置
12.29,ST010118,"<p>%(v/v)</p>
",2025-11-07 08:00:00,乙烷,延炼12万吨/年乙苯/苯乙烯装置
0.00,ST010118,"<p>%(v/v)</p>
",2025-11-07 08:00:00,碳五(合计),延炼12万吨/年乙苯/苯乙烯装置
1.0,ST010118,<p>mg/kg</p>,2025-11-08 08:00:00,硫化氢,延炼12万吨/年乙苯/苯乙烯装置
1.39,ST010118,"<p>%(v/v)</p>
",2025-11-08 08:00:00,氧气,延炼12万吨/年乙苯/苯乙烯装置
23.16,ST010118,"<p>%(v/v)</p>
",2025-11-08 08:00:00,氮气,延炼12万吨/年乙苯/苯乙烯装置
1.69,ST010118,"<p>%(v/v)</p>
",2025-11-08 08:00:00,一氧化碳,延炼12万吨/年乙苯/苯乙烯装置
1.93,ST010118,"<p>%(v/v)</p>
",2025-11-08 08:00:00,二氧化碳,延炼12万吨/年乙苯/苯乙烯装置
19.59,ST010118,"<p>%(v/v)</p>
",2025-11-08 08:00:00,氢气,延炼12万吨/年乙苯/苯乙烯装置
25.35,ST010118,"<p>%(v/v)</p>
",2025-11-08 08:00:00,甲烷,延炼12万吨/年乙苯/苯乙烯装置
0.06,ST010118,"<p>%(v/v)</p>
",2025-11-08 08:00:00,丙烷,延炼12万吨/年乙苯/苯乙烯装置
0.11,ST010118,"<p>%(v/v)</p>
",2025-11-08 08:00:00,丙烯,延炼12万吨/年乙苯/苯乙烯装置
14.15,ST010118,"<p>%(v/v)</p>
",2025-11-08 08:00:00,乙烯,延炼12万吨/年乙苯/苯乙烯装置
0.00,ST010118,"<p>%(v/v)</p>
",2025-11-08 08:00:00,碳四(合计),延炼12万吨/年乙苯/苯乙烯装置
0.00,ST010118,"<p>%(v/v)</p>
",2025-11-08 08:00:00,异戊烷,延炼12万吨/年乙苯/苯乙烯装置
0.00,ST010118,"<p>%(v/v)</p>
",2025-11-08 08:00:00,正戊烷,延炼12万吨/年乙苯/苯乙烯装置
12.57,ST010118,"<p>%(v/v)</p>
",2025-11-08 08:00:00,乙烷,延炼12万吨/年乙苯/苯乙烯装置
0.00,ST010118,"<p>%(v/v)</p>
",2025-11-08 08:00:00,碳五(合计),延炼12万吨/年乙苯/苯乙烯装置
1.0,ST010118,<p>mg/kg</p>,2025-11-09 08:00:00,硫化氢,延炼12万吨/年乙苯/苯乙烯装置
0.65,ST010118,"<p>%(v/v)</p>
",2025-11-09 08:00:00,氧气,延炼12万吨/年乙苯/苯乙烯装置
21.16,ST010118,"<p>%(v/v)</p>
",2025-11-09 08:00:00,氮气,延炼12万吨/年乙苯/苯乙烯装置
1.70,ST010118,"<p>%(v/v)</p>
",2025-11-09 08:00:00,一氧化碳,延炼12万吨/年乙苯/苯乙烯装置
1.89,ST010118,"<p>%(v/v)</p>
",2025-11-09 08:00:00,二氧化碳,延炼12万吨/年乙苯/苯乙烯装置
21.27,ST010118,"<p>%(v/v)</p>
",2025-11-09 08:00:00,氢气,延炼12万吨/年乙苯/苯乙烯装置
26.12,ST010118,"<p>%(v/v)</p>
",2025-11-09 08:00:00,甲烷,延炼12万吨/年乙苯/苯乙烯装置
0.07,ST010118,"<p>%(v/v)</p>
",2025-11-09 08:00:00,丙烷,延炼12万吨/年乙苯/苯乙烯装置
0.12,ST010118,"<p>%(v/v)</p>
",2025-11-09 08:00:00,丙烯,延炼12万吨/年乙苯/苯乙烯装置
14.38,ST010118,"<p>%(v/v)</p>
",2025-11-09 08:00:00,乙烯,延炼12万吨/年乙苯/苯乙烯装置
0.00,ST010118,"<p>%(v/v)</p>
",2025-11-09 08:00:00,碳四(合计),延炼12万吨/年乙苯/苯乙烯装置
0.00,ST010118,"<p>%(v/v)</p>
",2025-11-09 08:00:00,异戊烷,延炼12万吨/年乙苯/苯乙烯装置
0.00,ST010118,"<p>%(v/v)</p>
",2025-11-09 08:00:00,正戊烷,延炼12万吨/年乙苯/苯乙烯装置
12.64,ST010118,"<p>%(v/v)</p>
",2025-11-09 08:00:00,乙烷,延炼12万吨/年乙苯/苯乙烯装置
0.00,ST010118,"<p>%(v/v)</p>
",2025-11-09 08:00:00,碳五(合计),延炼12万吨/年乙苯/苯乙烯装置
1.0,ST010118,<p>mg/kg</p>,2025-11-10 08:00:00,硫化氢,延炼12万吨/年乙苯/苯乙烯装置
0.88,ST010118,"<p>%(v/v)</p>
",2025-11-10 08:00:00,氧气,延炼12万吨/年乙苯/苯乙烯装置
21.32,ST010118,"<p>%(v/v)</p>
",2025-11-10 08:00:00,氮气,延炼12万吨/年乙苯/苯乙烯装置
1.12,ST010118,"<p>%(v/v)</p>
",2025-11-10 08:00:00,一氧化碳,延炼12万吨/年乙苯/苯乙烯装置
2.09,ST010118,"<p>%(v/v)</p>
",2025-11-10 08:00:00,二氧化碳,延炼12万吨/年乙苯/苯乙烯装置
19.02,ST010118,"<p>%(v/v)</p>
",2025-11-10 08:00:00,氢气,延炼12万吨/年乙苯/苯乙烯装置
27.13,ST010118,"<p>%(v/v)</p>
",2025-11-10 08:00:00,甲烷,延炼12万吨/年乙苯/苯乙烯装置
0.06,ST010118,"<p>%(v/v)</p>
",2025-11-10 08:00:00,丙烷,延炼12万吨/年乙苯/苯乙烯装置
0.10,ST010118,"<p>%(v/v)</p>
",2025-11-10 08:00:00,丙烯,延炼12万吨/年乙苯/苯乙烯装置
14.48,ST010118,"<p>%(v/v)</p>
",2025-11-10 08:00:00,乙烯,延炼12万吨/年乙苯/苯乙烯装置
0.00,ST010118,"<p>%(v/v)</p>
",2025-11-10 08:00:00,碳四(合计),延炼12万吨/年乙苯/苯乙烯装置
0.00,ST010118,"<p>%(v/v)</p>
",2025-11-10 08:00:00,异戊烷,延炼12万吨/年乙苯/苯乙烯装置
0.00,ST010118,"<p>%(v/v)</p>
",2025-11-10 08:00:00,正戊烷,延炼12万吨/年乙苯/苯乙烯装置
13.81,ST010118,"<p>%(v/v)</p>
",2025-11-10 08:00:00,乙烷,延炼12万吨/年乙苯/苯乙烯装置
0.00,ST010118,"<p>%(v/v)</p>
",2025-11-10 08:00:00,碳五(合计),延炼12万吨/年乙苯/苯乙烯装置
1.78,ST010118,"<p>%(v/v)</p>
",2025-11-11 08:00:00,氧气,延炼12万吨/年乙苯/苯乙烯装置
24.16,ST010118,"<p>%(v/v)</p>
",2025-11-11 08:00:00,氮气,延炼12万吨/年乙苯/苯乙烯装置
2.12,ST010118,"<p>%(v/v)</p>
",2025-11-11 08:00:00,一氧化碳,延炼12万吨/年乙苯/苯乙烯装置
2.19,ST010118,"<p>%(v/v)</p>
",2025-11-11 08:00:00,二氧化碳,延炼12万吨/年乙苯/苯乙烯装置
18.24,ST010118,"<p>%(v/v)</p>
",2025-11-11 08:00:00,氢气,延炼12万吨/年乙苯/苯乙烯装置
26.01,ST010118,"<p>%(v/v)</p>
",2025-11-11 08:00:00,甲烷,延炼12万吨/年乙苯/苯乙烯装置
0.05,ST010118,"<p>%(v/v)</p>
",2025-11-11 08:00:00,丙烷,延炼12万吨/年乙苯/苯乙烯装置
0.10,ST010118,"<p>%(v/v)</p>
",2025-11-11 08:00:00,丙烯,延炼12万吨/年乙苯/苯乙烯装置
12.70,ST010118,"<p>%(v/v)</p>
",2025-11-11 08:00:00,乙烯,延炼12万吨/年乙苯/苯乙烯装置
0.00,ST010118,"<p>%(v/v)</p>
",2025-11-11 08:00:00,碳四(合计),延炼12万吨/年乙苯/苯乙烯装置
0.00,ST010118,"<p>%(v/v)</p>
",2025-11-11 08:00:00,异戊烷,延炼12万吨/年乙苯/苯乙烯装置
0.00,ST010118,"<p>%(v/v)</p>
",2025-11-11 08:00:00,正戊烷,延炼12万吨/年乙苯/苯乙烯装置
12.65,ST010118,"<p>%(v/v)</p>
",2025-11-11 08:00:00,乙烷,延炼12万吨/年乙苯/苯乙烯装置
0.00,ST010118,"<p>%(v/v)</p>
",2025-11-11 08:00:00,碳五(合计),延炼12万吨/年乙苯/苯乙烯装置
1.0,ST010118,<p>mg/kg</p>,2025-11-11 08:00:00,硫化氢,延炼12万吨/年乙苯/苯乙烯装置
1.0,ST010118,<p>mg/kg</p>,2025-11-12 08:00:00,硫化氢,延炼12万吨/年乙苯/苯乙烯装置
2.09,ST010118,"<p>%(v/v)</p>
",2025-11-12 08:00:00,氧气,延炼12万吨/年乙苯/苯乙烯装置
24.43,ST010118,"<p>%(v/v)</p>
",2025-11-12 08:00:00,氮气,延炼12万吨/年乙苯/苯乙烯装置
1.45,ST010118,"<p>%(v/v)</p>
",2025-11-12 08:00:00,一氧化碳,延炼12万吨/年乙苯/苯乙烯装置
2.06,ST010118,"<p>%(v/v)</p>
",2025-11-12 08:00:00,二氧化碳,延炼12万吨/年乙苯/苯乙烯装置
18.61,ST010118,"<p>%(v/v)</p>
",2025-11-12 08:00:00,氢气,延炼12万吨/年乙苯/苯乙烯装置
25.55,ST010118,"<p>%(v/v)</p>
",2025-11-12 08:00:00,甲烷,延炼12万吨/年乙苯/苯乙烯装置
0.05,ST010118,"<p>%(v/v)</p>
",2025-11-12 08:00:00,丙烷,延炼12万吨/年乙苯/苯乙烯装置
0.09,ST010118,"<p>%(v/v)</p>
",2025-11-12 08:00:00,丙烯,延炼12万吨/年乙苯/苯乙烯装置
13.14,ST010118,"<p>%(v/v)</p>
",2025-11-12 08:00:00,乙烯,延炼12万吨/年乙苯/苯乙烯装置
0.00,ST010118,"<p>%(v/v)</p>
",2025-11-12 08:00:00,碳四(合计),延炼12万吨/年乙苯/苯乙烯装置
0.00,ST010118,"<p>%(v/v)</p>
",2025-11-12 08:00:00,异戊烷,延炼12万吨/年乙苯/苯乙烯装置
0.00,ST010118,"<p>%(v/v)</p>
",2025-11-12 08:00:00,正戊烷,延炼12万吨/年乙苯/苯乙烯装置
12.52,ST010118,"<p>%(v/v)</p>
",2025-11-12 08:00:00,乙烷,延炼12万吨/年乙苯/苯乙烯装置
0.00,ST010118,"<p>%(v/v)</p>
",2025-11-12 08:00:00,碳五(合计),延炼12万吨/年乙苯/苯乙烯装置
1.0,ST010118,<p>mg/kg</p>,2025-11-13 08:00:00,硫化氢,延炼12万吨/年乙苯/苯乙烯装置
1.65,ST010118,"<p>%(v/v)</p>
",2025-11-13 08:00:00,氧气,延炼12万吨/年乙苯/苯乙烯装置
23.45,ST010118,"<p>%(v/v)</p>
",2025-11-13 08:00:00,氮气,延炼12万吨/年乙苯/苯乙烯装置
1.49,ST010118,"<p>%(v/v)</p>
",2025-11-13 08:00:00,一氧化碳,延炼12万吨/年乙苯/苯乙烯装置
2.12,ST010118,"<p>%(v/v)</p>
",2025-11-13 08:00:00,二氧化碳,延炼12万吨/年乙苯/苯乙烯装置
18.31,ST010118,"<p>%(v/v)</p>
",2025-11-13 08:00:00,氢气,延炼12万吨/年乙苯/苯乙烯装置
26.84,ST010118,"<p>%(v/v)</p>
",2025-11-13 08:00:00,甲烷,延炼12万吨/年乙苯/苯乙烯装置
0.05,ST010118,"<p>%(v/v)</p>
",2025-11-13 08:00:00,丙烷,延炼12万吨/年乙苯/苯乙烯装置
0.09,ST010118,"<p>%(v/v)</p>
",2025-11-13 08:00:00,丙烯,延炼12万吨/年乙苯/苯乙烯装置
13.05,ST010118,"<p>%(v/v)</p>
",2025-11-13 08:00:00,乙烯,延炼12万吨/年乙苯/苯乙烯装置
0.00,ST010118,"<p>%(v/v)</p>
",2025-11-13 08:00:00,碳四(合计),延炼12万吨/年乙苯/苯乙烯装置
0.00,ST010118,"<p>%(v/v)</p>
",2025-11-13 08:00:00,异戊烷,延炼12万吨/年乙苯/苯乙烯装置
0.00,ST010118,"<p>%(v/v)</p>
",2025-11-13 08:00:00,正戊烷,延炼12万吨/年乙苯/苯乙烯装置
12.95,ST010118,"<p>%(v/v)</p>
",2025-11-13 08:00:00,乙烷,延炼12万吨/年乙苯/苯乙烯装置
0.00,ST010118,"<p>%(v/v)</p>
",2025-11-13 08:00:00,碳五(合计),延炼12万吨/年乙苯/苯乙烯装置
1.0,ST010118,<p>mg/kg</p>,2025-11-14 08:00:00,硫化氢,延炼12万吨/年乙苯/苯乙烯装置
0.74,ST010118,"<p>%(v/v)</p>
",2025-11-14 08:00:00,氧气,延炼12万吨/年乙苯/苯乙烯装置
21.64,ST010118,"<p>%(v/v)</p>
",2025-11-14 08:00:00,氮气,延炼12万吨/年乙苯/苯乙烯装置
1.99,ST010118,"<p>%(v/v)</p>
",2025-11-14 08:00:00,一氧化碳,延炼12万吨/年乙苯/苯乙烯装置
2.31,ST010118,"<p>%(v/v)</p>
",2025-11-14 08:00:00,二氧化碳,延炼12万吨/年乙苯/苯乙烯装置
19.29,ST010118,"<p>%(v/v)</p>
",2025-11-14 08:00:00,氢气,延炼12万吨/年乙苯/苯乙烯装置
27.38,ST010118,"<p>%(v/v)</p>
",2025-11-14 08:00:00,甲烷,延炼12万吨/年乙苯/苯乙烯装置
0.05,ST010118,"<p>%(v/v)</p>
",2025-11-14 08:00:00,丙烷,延炼12万吨/年乙苯/苯乙烯装置
0.09,ST010118,"<p>%(v/v)</p>
",2025-11-14 08:00:00,丙烯,延炼12万吨/年乙苯/苯乙烯装置
13.25,ST010118,"<p>%(v/v)</p>
",2025-11-14 08:00:00,乙烯,延炼12万吨/年乙苯/苯乙烯装置
0.00,ST010118,"<p>%(v/v)</p>
",2025-11-14 08:00:00,碳四(合计),延炼12万吨/年乙苯/苯乙烯装置
0.00,ST010118,"<p>%(v/v)</p>
",2025-11-14 08:00:00,异戊烷,延炼12万吨/年乙苯/苯乙烯装置
0.00,ST010118,"<p>%(v/v)</p>
",2025-11-14 08:00:00,正戊烷,延炼12万吨/年乙苯/苯乙烯装置
13.26,ST010118,"<p>%(v/v)</p>
",2025-11-14 08:00:00,乙烷,延炼12万吨/年乙苯/苯乙烯装置
0.00,ST010118,"<p>%(v/v)</p>
",2025-11-14 08:00:00,碳五(合计),延炼12万吨/年乙苯/苯乙烯装置
1.0,ST010118,<p>mg/kg</p>,2025-11-15 08:00:00,硫化氢,延炼12万吨/年乙苯/苯乙烯装置
2.76,ST010118,"<p>%(v/v)</p>
",2025-11-15 08:00:00,氧气,延炼12万吨/年乙苯/苯乙烯装置
25.72,ST010118,"<p>%(v/v)</p>
",2025-11-15 08:00:00,氮气,延炼12万吨/年乙苯/苯乙烯装置
1.21,ST010118,"<p>%(v/v)</p>
",2025-11-15 08:00:00,一氧化碳,延炼12万吨/年乙苯/苯乙烯装置
2.24,ST010118,"<p>%(v/v)</p>
",2025-11-15 08:00:00,二氧化碳,延炼12万吨/年乙苯/苯乙烯装置
18.11,ST010118,"<p>%(v/v)</p>
",2025-11-15 08:00:00,氢气,延炼12万吨/年乙苯/苯乙烯装置
25.35,ST010118,"<p>%(v/v)</p>
",2025-11-15 08:00:00,甲烷,延炼12万吨/年乙苯/苯乙烯装置
0.05,ST010118,"<p>%(v/v)</p>
",2025-11-15 08:00:00,丙烷,延炼12万吨/年乙苯/苯乙烯装置
0.09,ST010118,"<p>%(v/v)</p>
",2025-11-15 08:00:00,丙烯,延炼12万吨/年乙苯/苯乙烯装置
12.15,ST010118,"<p>%(v/v)</p>
",2025-11-15 08:00:00,乙烯,延炼12万吨/年乙苯/苯乙烯装置
0.00,ST010118,"<p>%(v/v)</p>
",2025-11-15 08:00:00,碳四(合计),延炼12万吨/年乙苯/苯乙烯装置
0.00,ST010118,"<p>%(v/v)</p>
",2025-11-15 08:00:00,异戊烷,延炼12万吨/年乙苯/苯乙烯装置
0.00,ST010118,"<p>%(v/v)</p>
",2025-11-15 08:00:00,正戊烷,延炼12万吨/年乙苯/苯乙烯装置
12.32,ST010118,"<p>%(v/v)</p>
",2025-11-15 08:00:00,乙烷,延炼12万吨/年乙苯/苯乙烯装置
0.00,ST010118,"<p>%(v/v)</p>
",2025-11-15 08:00:00,碳五(合计),延炼12万吨/年乙苯/苯乙烯装置
1.0,ST010118,<p>mg/kg</p>,2025-11-16 08:00:00,硫化氢,延炼12万吨/年乙苯/苯乙烯装置
0.77,ST010118,"<p>%(v/v)</p>
",2025-11-16 08:00:00,氧气,延炼12万吨/年乙苯/苯乙烯装置
21.57,ST010118,"<p>%(v/v)</p>
",2025-11-16 08:00:00,氮气,延炼12万吨/年乙苯/苯乙烯装置
1.10,ST010118,"<p>%(v/v)</p>
",2025-11-16 08:00:00,一氧化碳,延炼12万吨/年乙苯/苯乙烯装置
2.29,ST010118,"<p>%(v/v)</p>
",2025-11-16 08:00:00,二氧化碳,延炼12万吨/年乙苯/苯乙烯装置
18.48,ST010118,"<p>%(v/v)</p>
",2025-11-16 08:00:00,氢气,延炼12万吨/年乙苯/苯乙烯装置
28.23,ST010118,"<p>%(v/v)</p>
",2025-11-16 08:00:00,甲烷,延炼12万吨/年乙苯/苯乙烯装置
0.06,ST010118,"<p>%(v/v)</p>
",2025-11-16 08:00:00,丙烷,延炼12万吨/年乙苯/苯乙烯装置
0.12,ST010118,"<p>%(v/v)</p>
",2025-11-16 08:00:00,丙烯,延炼12万吨/年乙苯/苯乙烯装置
13.59,ST010118,"<p>%(v/v)</p>
",2025-11-16 08:00:00,乙烯,延炼12万吨/年乙苯/苯乙烯装置
0.00,ST010118,"<p>%(v/v)</p>
",2025-11-16 08:00:00,碳四(合计),延炼12万吨/年乙苯/苯乙烯装置
0.00,ST010118,"<p>%(v/v)</p>
",2025-11-16 08:00:00,异戊烷,延炼12万吨/年乙苯/苯乙烯装置
0.00,ST010118,"<p>%(v/v)</p>
",2025-11-16 08:00:00,正戊烷,延炼12万吨/年乙苯/苯乙烯装置
13.79,ST010118,"<p>%(v/v)</p>
",2025-11-16 08:00:00,乙烷,延炼12万吨/年乙苯/苯乙烯装置
0.00,ST010118,"<p>%(v/v)</p>
",2025-11-16 08:00:00,碳五(合计),延炼12万吨/年乙苯/苯乙烯装置
1.0,ST010118,<p>mg/kg</p>,2025-11-17 08:00:00,硫化氢,延炼12万吨/年乙苯/苯乙烯装置
0.70,ST010118,"<p>%(v/v)</p>
",2025-11-17 08:00:00,氧气,延炼12万吨/年乙苯/苯乙烯装置
21.01,ST010118,"<p>%(v/v)</p>
",2025-11-17 08:00:00,氮气,延炼12万吨/年乙苯/苯乙烯装置
1.60,ST010118,"<p>%(v/v)</p>
",2025-11-17 08:00:00,一氧化碳,延炼12万吨/年乙苯/苯乙烯装置
2.39,ST010118,"<p>%(v/v)</p>
",2025-11-17 08:00:00,二氧化碳,延炼12万吨/年乙苯/苯乙烯装置
19.80,ST010118,"<p>%(v/v)</p>
",2025-11-17 08:00:00,氢气,延炼12万吨/年乙苯/苯乙烯装置
27.52,ST010118,"<p>%(v/v)</p>
",2025-11-17 08:00:00,甲烷,延炼12万吨/年乙苯/苯乙烯装置
0.07,ST010118,"<p>%(v/v)</p>
",2025-11-17 08:00:00,丙烷,延炼12万吨/年乙苯/苯乙烯装置
0.13,ST010118,"<p>%(v/v)</p>
",2025-11-17 08:00:00,丙烯,延炼12万吨/年乙苯/苯乙烯装置
13.17,ST010118,"<p>%(v/v)</p>
",2025-11-17 08:00:00,乙烯,延炼12万吨/年乙苯/苯乙烯装置
0.00,ST010118,"<p>%(v/v)</p>
",2025-11-17 08:00:00,碳四(合计),延炼12万吨/年乙苯/苯乙烯装置
0.00,ST010118,"<p>%(v/v)</p>
",2025-11-17 08:00:00,异戊烷,延炼12万吨/年乙苯/苯乙烯装置
0.00,ST010118,"<p>%(v/v)</p>
",2025-11-17 08:00:00,正戊烷,延炼12万吨/年乙苯/苯乙烯装置
13.62,ST010118,"<p>%(v/v)</p>
",2025-11-17 08:00:00,乙烷,延炼12万吨/年乙苯/苯乙烯装置
0.00,ST010118,"<p>%(v/v)</p>
",2025-11-17 08:00:00,碳五(合计),延炼12万吨/年乙苯/苯乙烯装置
1.0,ST010118,<p>mg/kg</p>,2025-11-18 16:00:00,硫化氢,延炼12万吨/年乙苯/苯乙烯装置
1.31,ST010118,"<p>%(v/v)</p>
",2025-11-18 16:00:00,氧气,延炼12万吨/年乙苯/苯乙烯装置
22.23,ST010118,"<p>%(v/v)</p>
",2025-11-18 16:00:00,氮气,延炼12万吨/年乙苯/苯乙烯装置
1.04,ST010118,"<p>%(v/v)</p>
",2025-11-18 16:00:00,一氧化碳,延炼12万吨/年乙苯/苯乙烯装置
2.29,ST010118,"<p>%(v/v)</p>
",2025-11-18 16:00:00,二氧化碳,延炼12万吨/年乙苯/苯乙烯装置
18.96,ST010118,"<p>%(v/v)</p>
",2025-11-18 16:00:00,氢气,延炼12万吨/年乙苯/苯乙烯装置
27.50,ST010118,"<p>%(v/v)</p>
",2025-11-18 16:00:00,甲烷,延炼12万吨/年乙苯/苯乙烯装置
0.11,ST010118,"<p>%(v/v)</p>
",2025-11-18 16:00:00,丙烷,延炼12万吨/年乙苯/苯乙烯装置
0.27,ST010118,"<p>%(v/v)</p>
",2025-11-18 16:00:00,丙烯,延炼12万吨/年乙苯/苯乙烯装置
13.05,ST010118,"<p>%(v/v)</p>
",2025-11-18 16:00:00,乙烯,延炼12万吨/年乙苯/苯乙烯装置
0.00,ST010118,"<p>%(v/v)</p>
",2025-11-18 16:00:00,碳四(合计),延炼12万吨/年乙苯/苯乙烯装置
0.00,ST010118,"<p>%(v/v)</p>
",2025-11-18 16:00:00,异戊烷,延炼12万吨/年乙苯/苯乙烯装置
0.00,ST010118,"<p>%(v/v)</p>
",2025-11-18 16:00:00,正戊烷,延炼12万吨/年乙苯/苯乙烯装置
13.23,ST010118,"<p>%(v/v)</p>
",2025-11-18 16:00:00,乙烷,延炼12万吨/年乙苯/苯乙烯装置
0.00,ST010118,"<p>%(v/v)</p>
",2025-11-18 16:00:00,碳五(合计),延炼12万吨/年乙苯/苯乙烯装置
1.0,ST010118,<p>mg/kg</p>,2025-11-19 16:00:00,硫化氢,延炼12万吨/年乙苯/苯乙烯装置
0.68,ST010118,"<p>%(v/v)</p>
",2025-11-19 16:00:00,氧气,延炼12万吨/年乙苯/苯乙烯装置
21.18,ST010118,"<p>%(v/v)</p>
",2025-11-19 16:00:00,氮气,延炼12万吨/年乙苯/苯乙烯装置
0.96,ST010118,"<p>%(v/v)</p>
",2025-11-19 16:00:00,一氧化碳,延炼12万吨/年乙苯/苯乙烯装置
2.39,ST010118,"<p>%(v/v)</p>
",2025-11-19 16:00:00,二氧化碳,延炼12万吨/年乙苯/苯乙烯装置
19.51,ST010118,"<p>%(v/v)</p>
",2025-11-19 16:00:00,氢气,延炼12万吨/年乙苯/苯乙烯装置
27.94,ST010118,"<p>%(v/v)</p>
",2025-11-19 16:00:00,甲烷,延炼12万吨/年乙苯/苯乙烯装置
0.12,ST010118,"<p>%(v/v)</p>
",2025-11-19 16:00:00,丙烷,延炼12万吨/年乙苯/苯乙烯装置
0.22,ST010118,"<p>%(v/v)</p>
",2025-11-19 16:00:00,丙烯,延炼12万吨/年乙苯/苯乙烯装置
0.00,ST010118,"<p>%(v/v)</p>
",2025-11-19 16:00:00,碳五(合计),延炼12万吨/年乙苯/苯乙烯装置
13.42,ST010118,"<p>%(v/v)</p>
",2025-11-19 16:00:00,乙烯,延炼12万吨/年乙苯/苯乙烯装置
0.00,ST010118,"<p>%(v/v)</p>
",2025-11-19 16:00:00,碳四(合计),延炼12万吨/年乙苯/苯乙烯装置
0.00,ST010118,"<p>%(v/v)</p>
",2025-11-19 16:00:00,异戊烷,延炼12万吨/年乙苯/苯乙烯装置
0.00,ST010118,"<p>%(v/v)</p>
",2025-11-19 16:00:00,正戊烷,延炼12万吨/年乙苯/苯乙烯装置
13.58,ST010118,"<p>%(v/v)</p>
",2025-11-19 16:00:00,乙烷,延炼12万吨/年乙苯/苯乙烯装置
1.0,ST010118,<p>mg/kg</p>,2025-11-20 16:00:00,硫化氢,延炼12万吨/年乙苯/苯乙烯装置
1.41,ST010118,"<p>%(v/v)</p>
",2025-11-20 16:00:00,氧气,延炼12万吨/年乙苯/苯乙烯装置
22.81,ST010118,"<p>%(v/v)</p>
",2025-11-20 16:00:00,氮气,延炼12万吨/年乙苯/苯乙烯装置
1.54,ST010118,"<p>%(v/v)</p>
",2025-11-20 16:00:00,一氧化碳,延炼12万吨/年乙苯/苯乙烯装置
2.51,ST010118,"<p>%(v/v)</p>
",2025-11-20 16:00:00,二氧化碳,延炼12万吨/年乙苯/苯乙烯装置
18.81,ST010118,"<p>%(v/v)</p>
",2025-11-20 16:00:00,氢气,延炼12万吨/年乙苯/苯乙烯装置
27.18,ST010118,"<p>%(v/v)</p>
",2025-11-20 16:00:00,甲烷,延炼12万吨/年乙苯/苯乙烯装置
0.06,ST010118,"<p>%(v/v)</p>
",2025-11-20 16:00:00,丙烷,延炼12万吨/年乙苯/苯乙烯装置
0.12,ST010118,"<p>%(v/v)</p>
",2025-11-20 16:00:00,丙烯,延炼12万吨/年乙苯/苯乙烯装置
12.93,ST010118,"<p>%(v/v)</p>
",2025-11-20 16:00:00,乙烯,延炼12万吨/年乙苯/苯乙烯装置
0.00,ST010118,"<p>%(v/v)</p>
",2025-11-20 16:00:00,碳四(合计),延炼12万吨/年乙苯/苯乙烯装置
0.00,ST010118,"<p>%(v/v)</p>
",2025-11-20 16:00:00,异戊烷,延炼12万吨/年乙苯/苯乙烯装置
0.00,ST010118,"<p>%(v/v)</p>
",2025-11-20 16:00:00,正戊烷,延炼12万吨/年乙苯/苯乙烯装置
12.63,ST010118,"<p>%(v/v)</p>
",2025-11-20 16:00:00,乙烷,延炼12万吨/年乙苯/苯乙烯装置
0.00,ST010118,"<p>%(v/v)</p>
",2025-11-20 16:00:00,碳五(合计),延炼12万吨/年乙苯/苯乙烯装置
1.0,ST010118,<p>mg/kg</p>,2025-11-21 16:00:00,硫化氢,延炼12万吨/年乙苯/苯乙烯装置
0.37,ST010118,"<p>%(v/v)</p>
",2025-11-21 16:00:00,氧气,延炼12万吨/年乙苯/苯乙烯装置
20.37,ST010118,"<p>%(v/v)</p>
",2025-11-21 16:00:00,氮气,延炼12万吨/年乙苯/苯乙烯装置
0.91,ST010118,"<p>%(v/v)</p>
",2025-11-21 16:00:00,一氧化碳,延炼12万吨/年乙苯/苯乙烯装置
2.26,ST010118,"<p>%(v/v)</p>
",2025-11-21 16:00:00,二氧化碳,延炼12万吨/年乙苯/苯乙烯装置
20.66,ST010118,"<p>%(v/v)</p>
",2025-11-21 16:00:00,氢气,延炼12万吨/年乙苯/苯乙烯装置
25.04,ST010118,"<p>%(v/v)</p>
",2025-11-21 16:00:00,甲烷,延炼12万吨/年乙苯/苯乙烯装置
0.02,ST010118,"<p>%(v/v)</p>
",2025-11-21 16:00:00,丙烷,延炼12万吨/年乙苯/苯乙烯装置
0.04,ST010118,"<p>%(v/v)</p>
",2025-11-21 16:00:00,丙烯,延炼12万吨/年乙苯/苯乙烯装置
14.41,ST010118,"<p>%(v/v)</p>
",2025-11-21 16:00:00,乙烯,延炼12万吨/年乙苯/苯乙烯装置
0.00,ST010118,"<p>%(v/v)</p>
",2025-11-21 16:00:00,碳四(合计),延炼12万吨/年乙苯/苯乙烯装置
0.00,ST010118,"<p>%(v/v)</p>
",2025-11-21 16:00:00,异戊烷,延炼12万吨/年乙苯/苯乙烯装置
0.00,ST010118,"<p>%(v/v)</p>
",2025-11-21 16:00:00,正戊烷,延炼12万吨/年乙苯/苯乙烯装置
15.92,ST010118,"<p>%(v/v)</p>
",2025-11-21 16:00:00,乙烷,延炼12万吨/年乙苯/苯乙烯装置
0.00,ST010118,"<p>%(v/v)</p>
",2025-11-21 16:00:00,碳五(合计),延炼12万吨/年乙苯/苯乙烯装置
1.0,ST010118,<p>mg/kg</p>,2025-11-22 16:00:00,硫化氢,延炼12万吨/年乙苯/苯乙烯装置
0.97,ST010118,"<p>%(v/v)</p>
",2025-11-22 16:00:00,氧气,延炼12万吨/年乙苯/苯乙烯装置
21.58,ST010118,"<p>%(v/v)</p>
",2025-11-22 16:00:00,氮气,延炼12万吨/年乙苯/苯乙烯装置
1.24,ST010118,"<p>%(v/v)</p>
",2025-11-22 16:00:00,一氧化碳,延炼12万吨/年乙苯/苯乙烯装置
2.36,ST010118,"<p>%(v/v)</p>
",2025-11-22 16:00:00,二氧化碳,延炼12万吨/年乙苯/苯乙烯装置
18.63,ST010118,"<p>%(v/v)</p>
",2025-11-22 16:00:00,氢气,延炼12万吨/年乙苯/苯乙烯装置
27.78,ST010118,"<p>%(v/v)</p>
",2025-11-22 16:00:00,甲烷,延炼12万吨/年乙苯/苯乙烯装置
0.05,ST010118,"<p>%(v/v)</p>
",2025-11-22 16:00:00,丙烷,延炼12万吨/年乙苯/苯乙烯装置
0.10,ST010118,"<p>%(v/v)</p>
",2025-11-22 16:00:00,丙烯,延炼12万吨/年乙苯/苯乙烯装置
13.85,ST010118,"<p>%(v/v)</p>
",2025-11-22 16:00:00,乙烯,延炼12万吨/年乙苯/苯乙烯装置
0.00,ST010118,"<p>%(v/v)</p>
",2025-11-22 16:00:00,碳四(合计),延炼12万吨/年乙苯/苯乙烯装置
0.00,ST010118,"<p>%(v/v)</p>
",2025-11-22 16:00:00,异戊烷,延炼12万吨/年乙苯/苯乙烯装置
0.00,ST010118,"<p>%(v/v)</p>
",2025-11-22 16:00:00,正戊烷,延炼12万吨/年乙苯/苯乙烯装置
13.46,ST010118,"<p>%(v/v)</p>
",2025-11-22 16:00:00,乙烷,延炼12万吨/年乙苯/苯乙烯装置
0.00,ST010118,"<p>%(v/v)</p>
",2025-11-22 16:00:00,碳五(合计),延炼12万吨/年乙苯/苯乙烯装置
1.0,ST010118,<p>mg/kg</p>,2025-11-23 16:00:00,硫化氢,延炼12万吨/年乙苯/苯乙烯装置
0.54,ST010118,"<p>%(v/v)</p>
",2025-11-23 16:00:00,氧气,延炼12万吨/年乙苯/苯乙烯装置
20.63,ST010118,"<p>%(v/v)</p>
",2025-11-23 16:00:00,氮气,延炼12万吨/年乙苯/苯乙烯装置
0.74,ST010118,"<p>%(v/v)</p>
",2025-11-23 16:00:00,一氧化碳,延炼12万吨/年乙苯/苯乙烯装置
2.31,ST010118,"<p>%(v/v)</p>
",2025-11-23 16:00:00,二氧化碳,延炼12万吨/年乙苯/苯乙烯装置
19.33,ST010118,"<p>%(v/v)</p>
",2025-11-23 16:00:00,氢气,延炼12万吨/年乙苯/苯乙烯装置
28.75,ST010118,"<p>%(v/v)</p>
",2025-11-23 16:00:00,甲烷,延炼12万吨/年乙苯/苯乙烯装置
0.03,ST010118,"<p>%(v/v)</p>
",2025-11-23 16:00:00,丙烷,延炼12万吨/年乙苯/苯乙烯装置
0.05,ST010118,"<p>%(v/v)</p>
",2025-11-23 16:00:00,丙烯,延炼12万吨/年乙苯/苯乙烯装置
13.78,ST010118,"<p>%(v/v)</p>
",2025-11-23 16:00:00,乙烯,延炼12万吨/年乙苯/苯乙烯装置
0.00,ST010118,"<p>%(v/v)</p>
",2025-11-23 16:00:00,碳四(合计),延炼12万吨/年乙苯/苯乙烯装置
0.00,ST010118,"<p>%(v/v)</p>
",2025-11-23 16:00:00,异戊烷,延炼12万吨/年乙苯/苯乙烯装置
0.00,ST010118,"<p>%(v/v)</p>
",2025-11-23 16:00:00,正戊烷,延炼12万吨/年乙苯/苯乙烯装置
13.84,ST010118,"<p>%(v/v)</p>
",2025-11-23 16:00:00,乙烷,延炼12万吨/年乙苯/苯乙烯装置
0.00,ST010118,"<p>%(v/v)</p>
",2025-11-23 16:00:00,碳五(合计),延炼12万吨/年乙苯/苯乙烯装置
5.0,ST010118,<p>mg/kg</p>,2025-11-24 16:00:00,硫化氢,延炼12万吨/年乙苯/苯乙烯装置
0.38,ST010118,"<p>%(v/v)</p>
",2025-11-24 16:00:00,氧气,延炼12万吨/年乙苯/苯乙烯装置
19.58,ST010118,"<p>%(v/v)</p>
",2025-11-24 16:00:00,氮气,延炼12万吨/年乙苯/苯乙烯装置
1.13,ST010118,"<p>%(v/v)</p>
",2025-11-24 16:00:00,一氧化碳,延炼12万吨/年乙苯/苯乙烯装置
2.25,ST010118,"<p>%(v/v)</p>
",2025-11-24 16:00:00,二氧化碳,延炼12万吨/年乙苯/苯乙烯装置
19.87,ST010118,"<p>%(v/v)</p>
",2025-11-24 16:00:00,氢气,延炼12万吨/年乙苯/苯乙烯装置
28.71,ST010118,"<p>%(v/v)</p>
",2025-11-24 16:00:00,甲烷,延炼12万吨/年乙苯/苯乙烯装置
0.05,ST010118,"<p>%(v/v)</p>
",2025-11-24 16:00:00,丙烷,延炼12万吨/年乙苯/苯乙烯装置
0.09,ST010118,"<p>%(v/v)</p>
",2025-11-24 16:00:00,丙烯,延炼12万吨/年乙苯/苯乙烯装置
14.00,ST010118,"<p>%(v/v)</p>
",2025-11-24 16:00:00,乙烯,延炼12万吨/年乙苯/苯乙烯装置
0.00,ST010118,"<p>%(v/v)</p>
",2025-11-24 16:00:00,碳四(合计),延炼12万吨/年乙苯/苯乙烯装置
0.00,ST010118,"<p>%(v/v)</p>
",2025-11-24 16:00:00,异戊烷,延炼12万吨/年乙苯/苯乙烯装置
0.00,ST010118,"<p>%(v/v)</p>
",2025-11-24 16:00:00,正戊烷,延炼12万吨/年乙苯/苯乙烯装置
13.94,ST010118,"<p>%(v/v)</p>
",2025-11-24 16:00:00,乙烷,延炼12万吨/年乙苯/苯乙烯装置
0.00,ST010118,"<p>%(v/v)</p>
",2025-11-24 16:00:00,碳五(合计),延炼12万吨/年乙苯/苯乙烯装置
1.0,ST010118,<p>mg/kg</p>,2025-11-25 16:00:00,硫化氢,延炼12万吨/年乙苯/苯乙烯装置
3.51,ST010118,"<p>%(v/v)</p>
",2025-11-25 16:00:00,氧气,延炼12万吨/年乙苯/苯乙烯装置
26.53,ST010118,"<p>%(v/v)</p>
",2025-11-25 16:00:00,氮气,延炼12万吨/年乙苯/苯乙烯装置
1.58,ST010118,"<p>%(v/v)</p>
",2025-11-25 16:00:00,一氧化碳,延炼12万吨/年乙苯/苯乙烯装置
1.99,ST010118,"<p>%(v/v)</p>
",2025-11-25 16:00:00,二氧化碳,延炼12万吨/年乙苯/苯乙烯装置
16.32,ST010118,"<p>%(v/v)</p>
",2025-11-25 16:00:00,氢气,延炼12万吨/年乙苯/苯乙烯装置
25.05,ST010118,"<p>%(v/v)</p>
",2025-11-25 16:00:00,甲烷,延炼12万吨/年乙苯/苯乙烯装置
0.05,ST010118,"<p>%(v/v)</p>
",2025-11-25 16:00:00,丙烷,延炼12万吨/年乙苯/苯乙烯装置
0.10,ST010118,"<p>%(v/v)</p>
",2025-11-25 16:00:00,丙烯,延炼12万吨/年乙苯/苯乙烯装置
12.24,ST010118,"<p>%(v/v)</p>
",2025-11-25 16:00:00,乙烯,延炼12万吨/年乙苯/苯乙烯装置
0.00,ST010118,"<p>%(v/v)</p>
",2025-11-25 16:00:00,碳四(合计),延炼12万吨/年乙苯/苯乙烯装置
0.00,ST010118,"<p>%(v/v)</p>
",2025-11-25 16:00:00,异戊烷,延炼12万吨/年乙苯/苯乙烯装置
0.00,ST010118,"<p>%(v/v)</p>
",2025-11-25 16:00:00,正戊烷,延炼12万吨/年乙苯/苯乙烯装置
12.62,ST010118,"<p>%(v/v)</p>
",2025-11-25 16:00:00,乙烷,延炼12万吨/年乙苯/苯乙烯装置
0.00,ST010118,"<p>%(v/v)</p>
",2025-11-25 16:00:00,碳五(合计),延炼12万吨/年乙苯/苯乙烯装置
1.0,ST010118,<p>mg/kg</p>,2025-11-26 16:00:00,硫化氢,延炼12万吨/年乙苯/苯乙烯装置
1.37,ST010118,"<p>%(v/v)</p>
",2025-11-26 16:00:00,氧气,延炼12万吨/年乙苯/苯乙烯装置
22.49,ST010118,"<p>%(v/v)</p>
",2025-11-26 16:00:00,氮气,延炼12万吨/年乙苯/苯乙烯装置
0.35,ST010118,"<p>%(v/v)</p>
",2025-11-26 16:00:00,一氧化碳,延炼12万吨/年乙苯/苯乙烯装置
2.23,ST010118,"<p>%(v/v)</p>
",2025-11-26 16:00:00,二氧化碳,延炼12万吨/年乙苯/苯乙烯装置
17.83,ST010118,"<p>%(v/v)</p>
",2025-11-26 16:00:00,氢气,延炼12万吨/年乙苯/苯乙烯装置
27.26,ST010118,"<p>%(v/v)</p>
",2025-11-26 16:00:00,甲烷,延炼12万吨/年乙苯/苯乙烯装置
0.09,ST010118,"<p>%(v/v)</p>
",2025-11-26 16:00:00,丙烷,延炼12万吨/年乙苯/苯乙烯装置
0.05,ST010118,"<p>%(v/v)</p>
",2025-11-26 16:00:00,丙烯,延炼12万吨/年乙苯/苯乙烯装置
13.90,ST010118,"<p>%(v/v)</p>
",2025-11-26 16:00:00,乙烯,延炼12万吨/年乙苯/苯乙烯装置
0.00,ST010118,"<p>%(v/v)</p>
",2025-11-26 16:00:00,碳四(合计),延炼12万吨/年乙苯/苯乙烯装置
0.00,ST010118,"<p>%(v/v)</p>
",2025-11-26 16:00:00,异戊烷,延炼12万吨/年乙苯/苯乙烯装置
0.00,ST010118,"<p>%(v/v)</p>
",2025-11-26 16:00:00,正戊烷,延炼12万吨/年乙苯/苯乙烯装置
14.44,ST010118,"<p>%(v/v)</p>
",2025-11-26 16:00:00,乙烷,延炼12万吨/年乙苯/苯乙烯装置
0.00,ST010118,"<p>%(v/v)</p>
",2025-11-26 16:00:00,碳五(合计),延炼12万吨/年乙苯/苯乙烯装置
1.0,ST010118,<p>mg/kg</p>,2025-11-27 16:00:00,硫化氢,延炼12万吨/年乙苯/苯乙烯装置
0.52,ST010118,"<p>%(v/v)</p>
",2025-11-27 16:00:00,氧气,延炼12万吨/年乙苯/苯乙烯装置
22.53,ST010118,"<p>%(v/v)</p>
",2025-11-27 16:00:00,氮气,延炼12万吨/年乙苯/苯乙烯装置
0.93,ST010118,"<p>%(v/v)</p>
",2025-11-27 16:00:00,一氧化碳,延炼12万吨/年乙苯/苯乙烯装置
2.60,ST010118,"<p>%(v/v)</p>
",2025-11-27 16:00:00,二氧化碳,延炼12万吨/年乙苯/苯乙烯装置
17.94,ST010118,"<p>%(v/v)</p>
",2025-11-27 16:00:00,氢气,延炼12万吨/年乙苯/苯乙烯装置
27.49,ST010118,"<p>%(v/v)</p>
",2025-11-27 16:00:00,甲烷,延炼12万吨/年乙苯/苯乙烯装置
0.06,ST010118,"<p>%(v/v)</p>
",2025-11-27 16:00:00,丙烷,延炼12万吨/年乙苯/苯乙烯装置
0.14,ST010118,"<p>%(v/v)</p>
",2025-11-27 16:00:00,丙烯,延炼12万吨/年乙苯/苯乙烯装置
13.64,ST010118,"<p>%(v/v)</p>
",2025-11-27 16:00:00,乙烯,延炼12万吨/年乙苯/苯乙烯装置
0.00,ST010118,"<p>%(v/v)</p>
",2025-11-27 16:00:00,碳四(合计),延炼12万吨/年乙苯/苯乙烯装置
0.00,ST010118,"<p>%(v/v)</p>
",2025-11-27 16:00:00,异戊烷,延炼12万吨/年乙苯/苯乙烯装置
0.00,ST010118,"<p>%(v/v)</p>
",2025-11-27 16:00:00,正戊烷,延炼12万吨/年乙苯/苯乙烯装置
14.15,ST010118,"<p>%(v/v)</p>
",2025-11-27 16:00:00,乙烷,延炼12万吨/年乙苯/苯乙烯装置
0.00,ST010118,"<p>%(v/v)</p>
",2025-11-27 16:00:00,碳五(合计),延炼12万吨/年乙苯/苯乙烯装置
1.0,ST010118,<p>mg/kg</p>,2025-11-28 16:00:00,硫化氢,延炼12万吨/年乙苯/苯乙烯装置
1.63,ST010118,"<p>%(v/v)</p>
",2025-11-28 16:00:00,氧气,延炼12万吨/年乙苯/苯乙烯装置
23.64,ST010118,"<p>%(v/v)</p>
",2025-11-28 16:00:00,氮气,延炼12万吨/年乙苯/苯乙烯装置
0.51,ST010118,"<p>%(v/v)</p>
",2025-11-28 16:00:00,一氧化碳,延炼12万吨/年乙苯/苯乙烯装置
2.29,ST010118,"<p>%(v/v)</p>
",2025-11-28 16:00:00,二氧化碳,延炼12万吨/年乙苯/苯乙烯装置
18.22,ST010118,"<p>%(v/v)</p>
",2025-11-28 16:00:00,氢气,延炼12万吨/年乙苯/苯乙烯装置
27.02,ST010118,"<p>%(v/v)</p>
",2025-11-28 16:00:00,甲烷,延炼12万吨/年乙苯/苯乙烯装置
0.04,ST010118,"<p>%(v/v)</p>
",2025-11-28 16:00:00,丙烷,延炼12万吨/年乙苯/苯乙烯装置
0.08,ST010118,"<p>%(v/v)</p>
",2025-11-28 16:00:00,丙烯,延炼12万吨/年乙苯/苯乙烯装置
13.05,ST010118,"<p>%(v/v)</p>
",2025-11-28 16:00:00,乙烯,延炼12万吨/年乙苯/苯乙烯装置
0.00,ST010118,"<p>%(v/v)</p>
",2025-11-28 16:00:00,碳四(合计),延炼12万吨/年乙苯/苯乙烯装置
0.00,ST010118,"<p>%(v/v)</p>
",2025-11-28 16:00:00,异戊烷,延炼12万吨/年乙苯/苯乙烯装置
0.00,ST010118,"<p>%(v/v)</p>
",2025-11-28 16:00:00,正戊烷,延炼12万吨/年乙苯/苯乙烯装置
13.51,ST010118,"<p>%(v/v)</p>
",2025-11-28 16:00:00,乙烷,延炼12万吨/年乙苯/苯乙烯装置
0.00,ST010118,"<p>%(v/v)</p>
",2025-11-28 16:00:00,碳五(合计),延炼12万吨/年乙苯/苯乙烯装置
1.0,ST010118,<p>mg/kg</p>,2025-11-29 16:00:00,硫化氢,延炼12万吨/年乙苯/苯乙烯装置
2.23,ST010118,"<p>%(v/v)</p>
",2025-11-29 16:00:00,氧气,延炼12万吨/年乙苯/苯乙烯装置
24.49,ST010118,"<p>%(v/v)</p>
",2025-11-29 16:00:00,氮气,延炼12万吨/年乙苯/苯乙烯装置
2.05,ST010118,"<p>%(v/v)</p>
",2025-11-29 16:00:00,一氧化碳,延炼12万吨/年乙苯/苯乙烯装置
2.16,ST010118,"<p>%(v/v)</p>
",2025-11-29 16:00:00,二氧化碳,延炼12万吨/年乙苯/苯乙烯装置
16.90,ST010118,"<p>%(v/v)</p>
",2025-11-29 16:00:00,氢气,延炼12万吨/年乙苯/苯乙烯装置
25.95,ST010118,"<p>%(v/v)</p>
",2025-11-29 16:00:00,甲烷,延炼12万吨/年乙苯/苯乙烯装置
0.04,ST010118,"<p>%(v/v)</p>
",2025-11-29 16:00:00,丙烷,延炼12万吨/年乙苯/苯乙烯装置
0.11,ST010118,"<p>%(v/v)</p>
",2025-11-29 16:00:00,丙烯,延炼12万吨/年乙苯/苯乙烯装置
12.84,ST010118,"<p>%(v/v)</p>
",2025-11-29 16:00:00,乙烯,延炼12万吨/年乙苯/苯乙烯装置
0.00,ST010118,"<p>%(v/v)</p>
",2025-11-29 16:00:00,碳四(合计),延炼12万吨/年乙苯/苯乙烯装置
0.00,ST010118,"<p>%(v/v)</p>
",2025-11-29 16:00:00,异戊烷,延炼12万吨/年乙苯/苯乙烯装置
0.00,ST010118,"<p>%(v/v)</p>
",2025-11-29 16:00:00,正戊烷,延炼12万吨/年乙苯/苯乙烯装置
13.22,ST010118,"<p>%(v/v)</p>
",2025-11-29 16:00:00,乙烷,延炼12万吨/年乙苯/苯乙烯装置
0.00,ST010118,"<p>%(v/v)</p>
",2025-11-29 16:00:00,碳五(合计),延炼12万吨/年乙苯/苯乙烯装置
5.0,ST010118,<p>mg/kg</p>,2025-11-30 16:00:00,硫化氢,延炼12万吨/年乙苯/苯乙烯装置
2.22,ST010118,"<p>%(v/v)</p>
",2025-11-30 16:00:00,氧气,延炼12万吨/年乙苯/苯乙烯装置
24.04,ST010118,"<p>%(v/v)</p>
",2025-11-30 16:00:00,氮气,延炼12万吨/年乙苯/苯乙烯装置
1.99,ST010118,"<p>%(v/v)</p>
",2025-11-30 16:00:00,一氧化碳,延炼12万吨/年乙苯/苯乙烯装置
2.24,ST010118,"<p>%(v/v)</p>
",2025-11-30 16:00:00,二氧化碳,延炼12万吨/年乙苯/苯乙烯装置
17.61,ST010118,"<p>%(v/v)</p>
",2025-11-30 16:00:00,氢气,延炼12万吨/年乙苯/苯乙烯装置
26.28,ST010118,"<p>%(v/v)</p>
",2025-11-30 16:00:00,甲烷,延炼12万吨/年乙苯/苯乙烯装置
0.05,ST010118,"<p>%(v/v)</p>
",2025-11-30 16:00:00,丙烷,延炼12万吨/年乙苯/苯乙烯装置
0.11,ST010118,"<p>%(v/v)</p>
",2025-11-30 16:00:00,丙烯,延炼12万吨/年乙苯/苯乙烯装置
12.78,ST010118,"<p>%(v/v)</p>
",2025-11-30 16:00:00,乙烯,延炼12万吨/年乙苯/苯乙烯装置
0.00,ST010118,"<p>%(v/v)</p>
",2025-11-30 16:00:00,碳四(合计),延炼12万吨/年乙苯/苯乙烯装置
0.00,ST010118,"<p>%(v/v)</p>
",2025-11-30 16:00:00,异戊烷,延炼12万吨/年乙苯/苯乙烯装置
0.00,ST010118,"<p>%(v/v)</p>
",2025-11-30 16:00:00,正戊烷,延炼12万吨/年乙苯/苯乙烯装置
12.66,ST010118,"<p>%(v/v)</p>
",2025-11-30 16:00:00,乙烷,延炼12万吨/年乙苯/苯乙烯装置
0.00,ST010118,"<p>%(v/v)</p>
",2025-11-30 16:00:00,碳五(合计),延炼12万吨/年乙苯/苯乙烯装置
1.0,ST010118,<p>mg/kg</p>,2025-12-01 16:00:00,硫化氢,延炼12万吨/年乙苯/苯乙烯装置
1.72,ST010118,"<p>%(v/v)</p>
",2025-12-01 16:00:00,氧气,延炼12万吨/年乙苯/苯乙烯装置
23.59,ST010118,"<p>%(v/v)</p>
",2025-12-01 16:00:00,氮气,延炼12万吨/年乙苯/苯乙烯装置
2.09,ST010118,"<p>%(v/v)</p>
",2025-12-01 16:00:00,一氧化碳,延炼12万吨/年乙苯/苯乙烯装置
2.21,ST010118,"<p>%(v/v)</p>
",2025-12-01 16:00:00,二氧化碳,延炼12万吨/年乙苯/苯乙烯装置
17.60,ST010118,"<p>%(v/v)</p>
",2025-12-01 16:00:00,氢气,延炼12万吨/年乙苯/苯乙烯装置
26.55,ST010118,"<p>%(v/v)</p>
",2025-12-01 16:00:00,甲烷,延炼12万吨/年乙苯/苯乙烯装置
0.04,ST010118,"<p>%(v/v)</p>
",2025-12-01 16:00:00,丙烷,延炼12万吨/年乙苯/苯乙烯装置
0.08,ST010118,"<p>%(v/v)</p>
",2025-12-01 16:00:00,丙烯,延炼12万吨/年乙苯/苯乙烯装置
13.00,ST010118,"<p>%(v/v)</p>
",2025-12-01 16:00:00,乙烯,延炼12万吨/年乙苯/苯乙烯装置
0.00,ST010118,"<p>%(v/v)</p>
",2025-12-01 16:00:00,碳四(合计),延炼12万吨/年乙苯/苯乙烯装置
0.00,ST010118,"<p>%(v/v)</p>
",2025-12-01 16:00:00,异戊烷,延炼12万吨/年乙苯/苯乙烯装置
0.00,ST010118,"<p>%(v/v)</p>
",2025-12-01 16:00:00,正戊烷,延炼12万吨/年乙苯/苯乙烯装置
13.12,ST010118,"<p>%(v/v)</p>
",2025-12-01 16:00:00,乙烷,延炼12万吨/年乙苯/苯乙烯装置
0.00,ST010118,"<p>%(v/v)</p>
",2025-12-01 16:00:00,碳五(合计),延炼12万吨/年乙苯/苯乙烯装置
1.0,ST010118,<p>mg/kg</p>,2025-12-02 16:00:00,硫化氢,延炼12万吨/年乙苯/苯乙烯装置
1.52,ST010118,"<p>%(v/v)</p>
",2025-12-02 16:00:00,氧气,延炼12万吨/年乙苯/苯乙烯装置
19.76,ST010118,"<p>%(v/v)</p>
",2025-12-02 16:00:00,氮气,延炼12万吨/年乙苯/苯乙烯装置
2.26,ST010118,"<p>%(v/v)</p>
",2025-12-02 16:00:00,一氧化碳,延炼12万吨/年乙苯/苯乙烯装置
2.38,ST010118,"<p>%(v/v)</p>
",2025-12-02 16:00:00,二氧化碳,延炼12万吨/年乙苯/苯乙烯装置
19.17,ST010118,"<p>%(v/v)</p>
",2025-12-02 16:00:00,氢气,延炼12万吨/年乙苯/苯乙烯装置
27.88,ST010118,"<p>%(v/v)</p>
",2025-12-02 16:00:00,甲烷,延炼12万吨/年乙苯/苯乙烯装置
0.04,ST010118,"<p>%(v/v)</p>
",2025-12-02 16:00:00,丙烷,延炼12万吨/年乙苯/苯乙烯装置
0.07,ST010118,"<p>%(v/v)</p>
",2025-12-02 16:00:00,丙烯,延炼12万吨/年乙苯/苯乙烯装置
13.36,ST010118,"<p>%(v/v)</p>
",2025-12-02 16:00:00,乙烯,延炼12万吨/年乙苯/苯乙烯装置
0.00,ST010118,"<p>%(v/v)</p>
",2025-12-02 16:00:00,碳四(合计),延炼12万吨/年乙苯/苯乙烯装置
0.00,ST010118,"<p>%(v/v)</p>
",2025-12-02 16:00:00,异戊烷,延炼12万吨/年乙苯/苯乙烯装置
0.00,ST010118,"<p>%(v/v)</p>
",2025-12-02 16:00:00,正戊烷,延炼12万吨/年乙苯/苯乙烯装置
13.57,ST010118,"<p>%(v/v)</p>
",2025-12-02 16:00:00,乙烷,延炼12万吨/年乙苯/苯乙烯装置
0.00,ST010118,"<p>%(v/v)</p>
",2025-12-02 16:00:00,碳五(合计),延炼12万吨/年乙苯/苯乙烯装置
0.00,ST010118,"<p>%(v/v)</p>
",2025-12-03 16:00:00,异戊烷,延炼12万吨/年乙苯/苯乙烯装置
0.00,ST010118,"<p>%(v/v)</p>
",2025-12-03 16:00:00,正戊烷,延炼12万吨/年乙苯/苯乙烯装置
12.78,ST010118,"<p>%(v/v)</p>
",2025-12-03 16:00:00,乙烷,延炼12万吨/年乙苯/苯乙烯装置
0.00,ST010118,"<p>%(v/v)</p>
",2025-12-03 16:00:00,碳五(合计),延炼12万吨/年乙苯/苯乙烯装置
1.0,ST010118,<p>mg/kg</p>,2025-12-03 16:00:00,硫化氢,延炼12万吨/年乙苯/苯乙烯装置
1.36,ST010118,"<p>%(v/v)</p>
",2025-12-03 16:00:00,氧气,延炼12万吨/年乙苯/苯乙烯装置
22.10,ST010118,"<p>%(v/v)</p>
",2025-12-03 16:00:00,氮气,延炼12万吨/年乙苯/苯乙烯装置
2.32,ST010118,"<p>%(v/v)</p>
",2025-12-03 16:00:00,一氧化碳,延炼12万吨/年乙苯/苯乙烯装置
2.33,ST010118,"<p>%(v/v)</p>
",2025-12-03 16:00:00,二氧化碳,延炼12万吨/年乙苯/苯乙烯装置
19.39,ST010118,"<p>%(v/v)</p>
",2025-12-03 16:00:00,氢气,延炼12万吨/年乙苯/苯乙烯装置
26.71,ST010118,"<p>%(v/v)</p>
",2025-12-03 16:00:00,甲烷,延炼12万吨/年乙苯/苯乙烯装置
0.05,ST010118,"<p>%(v/v)</p>
",2025-12-03 16:00:00,丙烷,延炼12万吨/年乙苯/苯乙烯装置
0.12,ST010118,"<p>%(v/v)</p>
",2025-12-03 16:00:00,丙烯,延炼12万吨/年乙苯/苯乙烯装置
12.83,ST010118,"<p>%(v/v)</p>
",2025-12-03 16:00:00,乙烯,延炼12万吨/年乙苯/苯乙烯装置
0.00,ST010118,"<p>%(v/v)</p>
",2025-12-03 16:00:00,碳四(合计),延炼12万吨/年乙苯/苯乙烯装置
1.0,ST010118,<p>mg/kg</p>,2025-12-04 16:00:00,硫化氢,延炼12万吨/年乙苯/苯乙烯装置
0.45,ST010118,"<p>%(v/v)</p>
",2025-12-04 16:00:00,氧气,延炼12万吨/年乙苯/苯乙烯装置
21.66,ST010118,"<p>%(v/v)</p>
",2025-12-04 16:00:00,氮气,延炼12万吨/年乙苯/苯乙烯装置
2.27,ST010118,"<p>%(v/v)</p>
",2025-12-04 16:00:00,一氧化碳,延炼12万吨/年乙苯/苯乙烯装置
2.31,ST010118,"<p>%(v/v)</p>
",2025-12-04 16:00:00,二氧化碳,延炼12万吨/年乙苯/苯乙烯装置
19.80,ST010118,"<p>%(v/v)</p>
",2025-12-04 16:00:00,氢气,延炼12万吨/年乙苯/苯乙烯装置
27.27,ST010118,"<p>%(v/v)</p>
",2025-12-04 16:00:00,甲烷,延炼12万吨/年乙苯/苯乙烯装置
0.06,ST010118,"<p>%(v/v)</p>
",2025-12-04 16:00:00,丙烷,延炼12万吨/年乙苯/苯乙烯装置
0.15,ST010118,"<p>%(v/v)</p>
",2025-12-04 16:00:00,丙烯,延炼12万吨/年乙苯/苯乙烯装置
12.76,ST010118,"<p>%(v/v)</p>
",2025-12-04 16:00:00,乙烯,延炼12万吨/年乙苯/苯乙烯装置
0.00,ST010118,"<p>%(v/v)</p>
",2025-12-04 16:00:00,碳四(合计),延炼12万吨/年乙苯/苯乙烯装置
0.00,ST010118,"<p>%(v/v)</p>
",2025-12-04 16:00:00,异戊烷,延炼12万吨/年乙苯/苯乙烯装置
0.00,ST010118,"<p>%(v/v)</p>
",2025-12-04 16:00:00,正戊烷,延炼12万吨/年乙苯/苯乙烯装置
13.26,ST010118,"<p>%(v/v)</p>
",2025-12-04 16:00:00,乙烷,延炼12万吨/年乙苯/苯乙烯装置
0.00,ST010118,"<p>%(v/v)</p>
",2025-12-04 16:00:00,碳五(合计),延炼12万吨/年乙苯/苯乙烯装置
1.0,ST010118,<p>mg/kg</p>,2025-12-05 16:00:00,硫化氢,延炼12万吨/年乙苯/苯乙烯装置
0.90,ST010118,"<p>%(v/v)</p>
",2025-12-05 16:00:00,氧气,延炼12万吨/年乙苯/苯乙烯装置
21.43,ST010118,"<p>%(v/v)</p>
",2025-12-05 16:00:00,氮气,延炼12万吨/年乙苯/苯乙烯装置
2.24,ST010118,"<p>%(v/v)</p>
",2025-12-05 16:00:00,一氧化碳,延炼12万吨/年乙苯/苯乙烯装置
2.43,ST010118,"<p>%(v/v)</p>
",2025-12-05 16:00:00,二氧化碳,延炼12万吨/年乙苯/苯乙烯装置
19.75,ST010118,"<p>%(v/v)</p>
",2025-12-05 16:00:00,氢气,延炼12万吨/年乙苯/苯乙烯装置
27.79,ST010118,"<p>%(v/v)</p>
",2025-12-05 16:00:00,甲烷,延炼12万吨/年乙苯/苯乙烯装置
0.05,ST010118,"<p>%(v/v)</p>
",2025-12-05 16:00:00,丙烷,延炼12万吨/年乙苯/苯乙烯装置
0.10,ST010118,"<p>%(v/v)</p>
",2025-12-05 16:00:00,丙烯,延炼12万吨/年乙苯/苯乙烯装置
12.59,ST010118,"<p>%(v/v)</p>
",2025-12-05 16:00:00,乙烯,延炼12万吨/年乙苯/苯乙烯装置
0.00,ST010118,"<p>%(v/v)</p>
",2025-12-05 16:00:00,碳四(合计),延炼12万吨/年乙苯/苯乙烯装置
0.00,ST010118,"<p>%(v/v)</p>
",2025-12-05 16:00:00,异戊烷,延炼12万吨/年乙苯/苯乙烯装置
0.00,ST010118,"<p>%(v/v)</p>
",2025-12-05 16:00:00,正戊烷,延炼12万吨/年乙苯/苯乙烯装置
12.72,ST010118,"<p>%(v/v)</p>
",2025-12-05 16:00:00,乙烷,延炼12万吨/年乙苯/苯乙烯装置
0.00,ST010118,"<p>%(v/v)</p>
",2025-12-05 16:00:00,碳五(合计),延炼12万吨/年乙苯/苯乙烯装置
5.0,ST010118,<p>mg/kg</p>,2025-12-06 16:00:00,硫化氢,延炼12万吨/年乙苯/苯乙烯装置
1.95,ST010118,"<p>%(v/v)</p>
",2025-12-06 16:00:00,氧气,延炼12万吨/年乙苯/苯乙烯装置
23.82,ST010118,"<p>%(v/v)</p>
",2025-12-06 16:00:00,氮气,延炼12万吨/年乙苯/苯乙烯装置
2.18,ST010118,"<p>%(v/v)</p>
",2025-12-06 16:00:00,一氧化碳,延炼12万吨/年乙苯/苯乙烯装置
2.15,ST010118,"<p>%(v/v)</p>
",2025-12-06 16:00:00,二氧化碳,延炼12万吨/年乙苯/苯乙烯装置
18.82,ST010118,"<p>%(v/v)</p>
",2025-12-06 16:00:00,氢气,延炼12万吨/年乙苯/苯乙烯装置
27.28,ST010118,"<p>%(v/v)</p>
",2025-12-06 16:00:00,甲烷,延炼12万吨/年乙苯/苯乙烯装置
0.04,ST010118,"<p>%(v/v)</p>
",2025-12-06 16:00:00,丙烷,延炼12万吨/年乙苯/苯乙烯装置
0.06,ST010118,"<p>%(v/v)</p>
",2025-12-06 16:00:00,丙烯,延炼12万吨/年乙苯/苯乙烯装置
11.98,ST010118,"<p>%(v/v)</p>
",2025-12-06 16:00:00,乙烯,延炼12万吨/年乙苯/苯乙烯装置
0.00,ST010118,"<p>%(v/v)</p>
",2025-12-06 16:00:00,碳四(合计),延炼12万吨/年乙苯/苯乙烯装置
0.00,ST010118,"<p>%(v/v)</p>
",2025-12-06 16:00:00,异戊烷,延炼12万吨/年乙苯/苯乙烯装置
0.00,ST010118,"<p>%(v/v)</p>
",2025-12-06 16:00:00,正戊烷,延炼12万吨/年乙苯/苯乙烯装置
11.73,ST010118,"<p>%(v/v)</p>
",2025-12-06 16:00:00,乙烷,延炼12万吨/年乙苯/苯乙烯装置
0.00,ST010118,"<p>%(v/v)</p>
",2025-12-06 16:00:00,碳五(合计),延炼12万吨/年乙苯/苯乙烯装置
2.10,ST010118,"<p>%(v/v)</p>
",2025-12-07 16:00:00,一氧化碳,延炼12万吨/年乙苯/苯乙烯装置
2.16,ST010118,"<p>%(v/v)</p>
",2025-12-07 16:00:00,二氧化碳,延炼12万吨/年乙苯/苯乙烯装置
19.24,ST010118,"<p>%(v/v)</p>
",2025-12-07 16:00:00,氢气,延炼12万吨/年乙苯/苯乙烯装置
26.71,ST010118,"<p>%(v/v)</p>
",2025-12-07 16:00:00,甲烷,延炼12万吨/年乙苯/苯乙烯装置
0.04,ST010118,"<p>%(v/v)</p>
",2025-12-07 16:00:00,丙烷,延炼12万吨/年乙苯/苯乙烯装置
0.08,ST010118,"<p>%(v/v)</p>
",2025-12-07 16:00:00,丙烯,延炼12万吨/年乙苯/苯乙烯装置
12.02,ST010118,"<p>%(v/v)</p>
",2025-12-07 16:00:00,乙烯,延炼12万吨/年乙苯/苯乙烯装置
0.00,ST010118,"<p>%(v/v)</p>
",2025-12-07 16:00:00,碳四(合计),延炼12万吨/年乙苯/苯乙烯装置
0.00,ST010118,"<p>%(v/v)</p>
",2025-12-07 16:00:00,异戊烷,延炼12万吨/年乙苯/苯乙烯装置
0.00,ST010118,"<p>%(v/v)</p>
",2025-12-07 16:00:00,正戊烷,延炼12万吨/年乙苯/苯乙烯装置
11.90,ST010118,"<p>%(v/v)</p>
",2025-12-07 16:00:00,乙烷,延炼12万吨/年乙苯/苯乙烯装置
0.00,ST010118,"<p>%(v/v)</p>
",2025-12-07 16:00:00,碳五(合计),延炼12万吨/年乙苯/苯乙烯装置
1.0,ST010118,<p>mg/kg</p>,2025-12-07 16:00:00,硫化氢,延炼12万吨/年乙苯/苯乙烯装置
1.85,ST010118,"<p>%(v/v)</p>
",2025-12-07 16:00:00,氧气,延炼12万吨/年乙苯/苯乙烯装置
23.88,ST010118,"<p>%(v/v)</p>
",2025-12-07 16:00:00,氮气,延炼12万吨/年乙苯/苯乙烯装置
1.0,ST010118,<p>mg/kg</p>,2025-12-08 16:00:00,硫化氢,延炼12万吨/年乙苯/苯乙烯装置
1.96,ST010118,"<p>%(v/v)</p>
",2025-12-08 16:00:00,氧气,延炼12万吨/年乙苯/苯乙烯装置
23.71,ST010118,"<p>%(v/v)</p>
",2025-12-08 16:00:00,氮气,延炼12万吨/年乙苯/苯乙烯装置
2.18,ST010118,"<p>%(v/v)</p>
",2025-12-08 16:00:00,一氧化碳,延炼12万吨/年乙苯/苯乙烯装置
2.12,ST010118,"<p>%(v/v)</p>
",2025-12-08 16:00:00,二氧化碳,延炼12万吨/年乙苯/苯乙烯装置
18.48,ST010118,"<p>%(v/v)</p>
",2025-12-08 16:00:00,氢气,延炼12万吨/年乙苯/苯乙烯装置
26.27,ST010118,"<p>%(v/v)</p>
",2025-12-08 16:00:00,甲烷,延炼12万吨/年乙苯/苯乙烯装置
0.08,ST010118,"<p>%(v/v)</p>
",2025-12-08 16:00:00,丙烷,延炼12万吨/年乙苯/苯乙烯装置
0.22,ST010118,"<p>%(v/v)</p>
",2025-12-08 16:00:00,丙烯,延炼12万吨/年乙苯/苯乙烯装置
12.17,ST010118,"<p>%(v/v)</p>
",2025-12-08 16:00:00,乙烯,延炼12万吨/年乙苯/苯乙烯装置
0.00,ST010118,"<p>%(v/v)</p>
",2025-12-08 16:00:00,碳四(合计),延炼12万吨/年乙苯/苯乙烯装置
0.00,ST010118,"<p>%(v/v)</p>
",2025-12-08 16:00:00,异戊烷,延炼12万吨/年乙苯/苯乙烯装置
0.00,ST010118,"<p>%(v/v)</p>
",2025-12-08 16:00:00,正戊烷,延炼12万吨/年乙苯/苯乙烯装置
12.80,ST010118,"<p>%(v/v)</p>
",2025-12-08 16:00:00,乙烷,延炼12万吨/年乙苯/苯乙烯装置
0.00,ST010118,"<p>%(v/v)</p>
",2025-12-08 16:00:00,碳五(合计),延炼12万吨/年乙苯/苯乙烯装置
1.0,ST010118,<p>mg/kg</p>,2025-12-09 16:00:00,硫化氢,延炼12万吨/年乙苯/苯乙烯装置
0.86,ST010118,"<p>%(v/v)</p>
",2025-12-09 16:00:00,氧气,延炼12万吨/年乙苯/苯乙烯装置
21.35,ST010118,"<p>%(v/v)</p>
",2025-12-09 16:00:00,氮气,延炼12万吨/年乙苯/苯乙烯装置
2.28,ST010118,"<p>%(v/v)</p>
",2025-12-09 16:00:00,一氧化碳,延炼12万吨/年乙苯/苯乙烯装置
2.01,ST010118,"<p>%(v/v)</p>
",2025-12-09 16:00:00,二氧化碳,延炼12万吨/年乙苯/苯乙烯装置
20.83,ST010118,"<p>%(v/v)</p>
",2025-12-09 16:00:00,氢气,延炼12万吨/年乙苯/苯乙烯装置
27.81,ST010118,"<p>%(v/v)</p>
",2025-12-09 16:00:00,甲烷,延炼12万吨/年乙苯/苯乙烯装置
0.04,ST010118,"<p>%(v/v)</p>
",2025-12-09 16:00:00,丙烷,延炼12万吨/年乙苯/苯乙烯装置
0.08,ST010118,"<p>%(v/v)</p>
",2025-12-09 16:00:00,丙烯,延炼12万吨/年乙苯/苯乙烯装置
12.34,ST010118,"<p>%(v/v)</p>
",2025-12-09 16:00:00,乙烯,延炼12万吨/年乙苯/苯乙烯装置
0.00,ST010118,"<p>%(v/v)</p>
",2025-12-09 16:00:00,碳四(合计),延炼12万吨/年乙苯/苯乙烯装置
0.00,ST010118,"<p>%(v/v)</p>
",2025-12-09 16:00:00,异戊烷,延炼12万吨/年乙苯/苯乙烯装置
0.00,ST010118,"<p>%(v/v)</p>
",2025-12-09 16:00:00,正戊烷,延炼12万吨/年乙苯/苯乙烯装置
12.39,ST010118,"<p>%(v/v)</p>
",2025-12-09 16:00:00,乙烷,延炼12万吨/年乙苯/苯乙烯装置
0.00,ST010118,"<p>%(v/v)</p>
",2025-12-09 16:00:00,碳五(合计),延炼12万吨/年乙苯/苯乙烯装置
1.0,ST010118,<p>mg/kg</p>,2025-12-10 16:00:00,硫化氢,延炼12万吨/年乙苯/苯乙烯装置
1.92,ST010118,"<p>%(v/v)</p>
",2025-12-10 16:00:00,氧气,延炼12万吨/年乙苯/苯乙烯装置
22.74,ST010118,"<p>%(v/v)</p>
",2025-12-10 16:00:00,氮气,延炼12万吨/年乙苯/苯乙烯装置
2.12,ST010118,"<p>%(v/v)</p>
",2025-12-10 16:00:00,一氧化碳,延炼12万吨/年乙苯/苯乙烯装置
2.21,ST010118,"<p>%(v/v)</p>
",2025-12-10 16:00:00,二氧化碳,延炼12万吨/年乙苯/苯乙烯装置
18.92,ST010118,"<p>%(v/v)</p>
",2025-12-10 16:00:00,氢气,延炼12万吨/年乙苯/苯乙烯装置
26.86,ST010118,"<p>%(v/v)</p>
",2025-12-10 16:00:00,甲烷,延炼12万吨/年乙苯/苯乙烯装置
0.07,ST010118,"<p>%(v/v)</p>
",2025-12-10 16:00:00,丙烷,延炼12万吨/年乙苯/苯乙烯装置
0.12,ST010118,"<p>%(v/v)</p>
",2025-12-10 16:00:00,丙烯,延炼12万吨/年乙苯/苯乙烯装置
12.45,ST010118,"<p>%(v/v)</p>
",2025-12-10 16:00:00,乙烯,延炼12万吨/年乙苯/苯乙烯装置
0.00,ST010118,"<p>%(v/v)</p>
",2025-12-10 16:00:00,碳四(合计),延炼12万吨/年乙苯/苯乙烯装置
0.00,ST010118,"<p>%(v/v)</p>
",2025-12-10 16:00:00,异戊烷,延炼12万吨/年乙苯/苯乙烯装置
0.00,ST010118,"<p>%(v/v)</p>
",2025-12-10 16:00:00,正戊烷,延炼12万吨/年乙苯/苯乙烯装置
12.61,ST010118,"<p>%(v/v)</p>
",2025-12-10 16:00:00,乙烷,延炼12万吨/年乙苯/苯乙烯装置
0.00,ST010118,"<p>%(v/v)</p>
",2025-12-10 16:00:00,碳五(合计),延炼12万吨/年乙苯/苯乙烯装置
1.0,ST010118,<p>mg/kg</p>,2025-12-11 16:00:00,硫化氢,延炼12万吨/年乙苯/苯乙烯装置
1.87,ST010118,"<p>%(v/v)</p>
",2025-12-11 16:00:00,氧气,延炼12万吨/年乙苯/苯乙烯装置
22.90,ST010118,"<p>%(v/v)</p>
",2025-12-11 16:00:00,氮气,延炼12万吨/年乙苯/苯乙烯装置
2.20,ST010118,"<p>%(v/v)</p>
",2025-12-11 16:00:00,一氧化碳,延炼12万吨/年乙苯/苯乙烯装置
2.18,ST010118,"<p>%(v/v)</p>
",2025-12-11 16:00:00,二氧化碳,延炼12万吨/年乙苯/苯乙烯装置
18.58,ST010118,"<p>%(v/v)</p>
",2025-12-11 16:00:00,氢气,延炼12万吨/年乙苯/苯乙烯装置
27.28,ST010118,"<p>%(v/v)</p>
",2025-12-11 16:00:00,甲烷,延炼12万吨/年乙苯/苯乙烯装置
0.06,ST010118,"<p>%(v/v)</p>
",2025-12-11 16:00:00,丙烷,延炼12万吨/年乙苯/苯乙烯装置
0.12,ST010118,"<p>%(v/v)</p>
",2025-12-11 16:00:00,丙烯,延炼12万吨/年乙苯/苯乙烯装置
12.32,ST010118,"<p>%(v/v)</p>
",2025-12-11 16:00:00,乙烯,延炼12万吨/年乙苯/苯乙烯装置
0.00,ST010118,"<p>%(v/v)</p>
",2025-12-11 16:00:00,碳四(合计),延炼12万吨/年乙苯/苯乙烯装置
0.00,ST010118,"<p>%(v/v)</p>
",2025-12-11 16:00:00,异戊烷,延炼12万吨/年乙苯/苯乙烯装置
0.00,ST010118,"<p>%(v/v)</p>
",2025-12-11 16:00:00,正戊烷,延炼12万吨/年乙苯/苯乙烯装置
12.50,ST010118,"<p>%(v/v)</p>
",2025-12-11 16:00:00,乙烷,延炼12万吨/年乙苯/苯乙烯装置
0.00,ST010118,"<p>%(v/v)</p>
",2025-12-11 16:00:00,碳五(合计),延炼12万吨/年乙苯/苯乙烯装置
2.58,ST010118,"<p>%(v/v)</p>
",2025-12-12 16:00:00,氧气,延炼12万吨/年乙苯/苯乙烯装置
25.42,ST010118,"<p>%(v/v)</p>
",2025-12-12 16:00:00,氮气,延炼12万吨/年乙苯/苯乙烯装置
1.98,ST010118,"<p>%(v/v)</p>
",2025-12-12 16:00:00,一氧化碳,延炼12万吨/年乙苯/苯乙烯装置
2.22,ST010118,"<p>%(v/v)</p>
",2025-12-12 16:00:00,二氧化碳,延炼12万吨/年乙苯/苯乙烯装置
18.14,ST010118,"<p>%(v/v)</p>
",2025-12-12 16:00:00,氢气,延炼12万吨/年乙苯/苯乙烯装置
26.10,ST010118,"<p>%(v/v)</p>
",2025-12-12 16:00:00,甲烷,延炼12万吨/年乙苯/苯乙烯装置
0.04,ST010118,"<p>%(v/v)</p>
",2025-12-12 16:00:00,丙烷,延炼12万吨/年乙苯/苯乙烯装置
0.08,ST010118,"<p>%(v/v)</p>
",2025-12-12 16:00:00,丙烯,延炼12万吨/年乙苯/苯乙烯装置
11.72,ST010118,"<p>%(v/v)</p>
",2025-12-12 16:00:00,乙烯,延炼12万吨/年乙苯/苯乙烯装置
0.00,ST010118,"<p>%(v/v)</p>
",2025-12-12 16:00:00,碳四(合计),延炼12万吨/年乙苯/苯乙烯装置
0.00,ST010118,"<p>%(v/v)</p>
",2025-12-12 16:00:00,异戊烷,延炼12万吨/年乙苯/苯乙烯装置
0.00,ST010118,"<p>%(v/v)</p>
",2025-12-12 16:00:00,正戊烷,延炼12万吨/年乙苯/苯乙烯装置
11.72,ST010118,"<p>%(v/v)</p>
",2025-12-12 16:00:00,乙烷,延炼12万吨/年乙苯/苯乙烯装置
0.00,ST010118,"<p>%(v/v)</p>
",2025-12-12 16:00:00,碳五(合计),延炼12万吨/年乙苯/苯乙烯装置
1.0,ST010118,<p>mg/kg</p>,2025-12-12 16:00:00,硫化氢,延炼12万吨/年乙苯/苯乙烯装置
1.0,ST010118,<p>mg/kg</p>,2025-12-13 16:00:00,硫化氢,延炼12万吨/年乙苯/苯乙烯装置
0.60,ST010118,"<p>%(v/v)</p>
",2025-12-13 16:00:00,氧气,延炼12万吨/年乙苯/苯乙烯装置
20.38,ST010118,"<p>%(v/v)</p>
",2025-12-13 16:00:00,氮气,延炼12万吨/年乙苯/苯乙烯装置
2.28,ST010118,"<p>%(v/v)</p>
",2025-12-13 16:00:00,一氧化碳,延炼12万吨/年乙苯/苯乙烯装置
2.46,ST010118,"<p>%(v/v)</p>
",2025-12-13 16:00:00,二氧化碳,延炼12万吨/年乙苯/苯乙烯装置
18.98,ST010118,"<p>%(v/v)</p>
",2025-12-13 16:00:00,氢气,延炼12万吨/年乙苯/苯乙烯装置
28.04,ST010118,"<p>%(v/v)</p>
",2025-12-13 16:00:00,甲烷,延炼12万吨/年乙苯/苯乙烯装置
0.04,ST010118,"<p>%(v/v)</p>
",2025-12-13 16:00:00,丙烷,延炼12万吨/年乙苯/苯乙烯装置
0.08,ST010118,"<p>%(v/v)</p>
",2025-12-13 16:00:00,丙烯,延炼12万吨/年乙苯/苯乙烯装置
13.52,ST010118,"<p>%(v/v)</p>
",2025-12-13 16:00:00,乙烯,延炼12万吨/年乙苯/苯乙烯装置
0.00,ST010118,"<p>%(v/v)</p>
",2025-12-13 16:00:00,碳四(合计),延炼12万吨/年乙苯/苯乙烯装置
0.00,ST010118,"<p>%(v/v)</p>
",2025-12-13 16:00:00,异戊烷,延炼12万吨/年乙苯/苯乙烯装置
0.00,ST010118,"<p>%(v/v)</p>
",2025-12-13 16:00:00,正戊烷,延炼12万吨/年乙苯/苯乙烯装置
13.62,ST010118,"<p>%(v/v)</p>
",2025-12-13 16:00:00,乙烷,延炼12万吨/年乙苯/苯乙烯装置
0.00,ST010118,"<p>%(v/v)</p>
",2025-12-13 16:00:00,碳五(合计),延炼12万吨/年乙苯/苯乙烯装置
1.0,ST010118,<p>mg/kg</p>,2025-12-14 16:00:00,硫化氢,延炼12万吨/年乙苯/苯乙烯装置
1.90,ST010118,"<p>%(v/v)</p>
",2025-12-14 16:00:00,氧气,延炼12万吨/年乙苯/苯乙烯装置
23.43,ST010118,"<p>%(v/v)</p>
",2025-12-14 16:00:00,氮气,延炼12万吨/年乙苯/苯乙烯装置
2.20,ST010118,"<p>%(v/v)</p>
",2025-12-14 16:00:00,一氧化碳,延炼12万吨/年乙苯/苯乙烯装置
2.58,ST010118,"<p>%(v/v)</p>
",2025-12-14 16:00:00,二氧化碳,延炼12万吨/年乙苯/苯乙烯装置
17.81,ST010118,"<p>%(v/v)</p>
",2025-12-14 16:00:00,氢气,延炼12万吨/年乙苯/苯乙烯装置
26.34,ST010118,"<p>%(v/v)</p>
",2025-12-14 16:00:00,甲烷,延炼12万吨/年乙苯/苯乙烯装置
0.04,ST010118,"<p>%(v/v)</p>
",2025-12-14 16:00:00,丙烷,延炼12万吨/年乙苯/苯乙烯装置
0.09,ST010118,"<p>%(v/v)</p>
",2025-12-14 16:00:00,丙烯,延炼12万吨/年乙苯/苯乙烯装置
12.46,ST010118,"<p>%(v/v)</p>
",2025-12-14 16:00:00,乙烯,延炼12万吨/年乙苯/苯乙烯装置
0.00,ST010118,"<p>%(v/v)</p>
",2025-12-14 16:00:00,碳四(合计),延炼12万吨/年乙苯/苯乙烯装置
0.00,ST010118,"<p>%(v/v)</p>
",2025-12-14 16:00:00,异戊烷,延炼12万吨/年乙苯/苯乙烯装置
0.00,ST010118,"<p>%(v/v)</p>
",2025-12-14 16:00:00,正戊烷,延炼12万吨/年乙苯/苯乙烯装置
13.14,ST010118,"<p>%(v/v)</p>
",2025-12-14 16:00:00,乙烷,延炼12万吨/年乙苯/苯乙烯装置
0.00,ST010118,"<p>%(v/v)</p>
",2025-12-14 16:00:00,碳五(合计),延炼12万吨/年乙苯/苯乙烯装置
1.0,ST010118,<p>mg/kg</p>,2025-12-15 16:00:00,硫化氢,延炼12万吨/年乙苯/苯乙烯装置
2.37,ST010118,"<p>%(v/v)</p>
",2025-12-15 16:00:00,氧气,延炼12万吨/年乙苯/苯乙烯装置
24.61,ST010118,"<p>%(v/v)</p>
",2025-12-15 16:00:00,氮气,延炼12万吨/年乙苯/苯乙烯装置
2.25,ST010118,"<p>%(v/v)</p>
",2025-12-15 16:00:00,一氧化碳,延炼12万吨/年乙苯/苯乙烯装置
2.44,ST010118,"<p>%(v/v)</p>
",2025-12-15 16:00:00,二氧化碳,延炼12万吨/年乙苯/苯乙烯装置
17.83,ST010118,"<p>%(v/v)</p>
",2025-12-15 16:00:00,氢气,延炼12万吨/年乙苯/苯乙烯装置
26.36,ST010118,"<p>%(v/v)</p>
",2025-12-15 16:00:00,甲烷,延炼12万吨/年乙苯/苯乙烯装置
0.04,ST010118,"<p>%(v/v)</p>
",2025-12-15 16:00:00,丙烷,延炼12万吨/年乙苯/苯乙烯装置
0.08,ST010118,"<p>%(v/v)</p>
",2025-12-15 16:00:00,丙烯,延炼12万吨/年乙苯/苯乙烯装置
11.86,ST010118,"<p>%(v/v)</p>
",2025-12-15 16:00:00,乙烯,延炼12万吨/年乙苯/苯乙烯装置
0.00,ST010118,"<p>%(v/v)</p>
",2025-12-15 16:00:00,碳四(合计),延炼12万吨/年乙苯/苯乙烯装置
0.00,ST010118,"<p>%(v/v)</p>
",2025-12-15 16:00:00,异戊烷,延炼12万吨/年乙苯/苯乙烯装置
0.00,ST010118,"<p>%(v/v)</p>
",2025-12-15 16:00:00,正戊烷,延炼12万吨/年乙苯/苯乙烯装置
12.17,ST010118,"<p>%(v/v)</p>
",2025-12-15 16:00:00,乙烷,延炼12万吨/年乙苯/苯乙烯装置
0.00,ST010118,"<p>%(v/v)</p>
",2025-12-15 16:00:00,碳五(合计),延炼12万吨/年乙苯/苯乙烯装置
1.0,ST010118,<p>mg/kg</p>,2025-12-16 16:00:00,硫化氢,延炼12万吨/年乙苯/苯乙烯装置
1.31,ST010118,"<p>%(v/v)</p>
",2025-12-16 16:00:00,氧气,延炼12万吨/年乙苯/苯乙烯装置
22.11,ST010118,"<p>%(v/v)</p>
",2025-12-16 16:00:00,氮气,延炼12万吨/年乙苯/苯乙烯装置
2.26,ST010118,"<p>%(v/v)</p>
",2025-12-16 16:00:00,一氧化碳,延炼12万吨/年乙苯/苯乙烯装置
2.35,ST010118,"<p>%(v/v)</p>
",2025-12-16 16:00:00,二氧化碳,延炼12万吨/年乙苯/苯乙烯装置
17.23,ST010118,"<p>%(v/v)</p>
",2025-12-16 16:00:00,氢气,延炼12万吨/年乙苯/苯乙烯装置
27.75,ST010118,"<p>%(v/v)</p>
",2025-12-16 16:00:00,甲烷,延炼12万吨/年乙苯/苯乙烯装置
0.07,ST010118,"<p>%(v/v)</p>
",2025-12-16 16:00:00,丙烷,延炼12万吨/年乙苯/苯乙烯装置
0.12,ST010118,"<p>%(v/v)</p>
",2025-12-16 16:00:00,丙烯,延炼12万吨/年乙苯/苯乙烯装置
13.07,ST010118,"<p>%(v/v)</p>
",2025-12-16 16:00:00,乙烯,延炼12万吨/年乙苯/苯乙烯装置
0.00,ST010118,"<p>%(v/v)</p>
",2025-12-16 16:00:00,碳四(合计),延炼12万吨/年乙苯/苯乙烯装置
0.00,ST010118,"<p>%(v/v)</p>
",2025-12-16 16:00:00,异戊烷,延炼12万吨/年乙苯/苯乙烯装置
0.00,ST010118,"<p>%(v/v)</p>
",2025-12-16 16:00:00,正戊烷,延炼12万吨/年乙苯/苯乙烯装置
13.73,ST010118,"<p>%(v/v)</p>
",2025-12-16 16:00:00,乙烷,延炼12万吨/年乙苯/苯乙烯装置
0.00,ST010118,"<p>%(v/v)</p>
",2025-12-16 16:00:00,碳五(合计),延炼12万吨/年乙苯/苯乙烯装置
1.0,ST010118,<p>mg/kg</p>,2025-12-17 16:00:00,硫化氢,延炼12万吨/年乙苯/苯乙烯装置
0.68,ST010118,"<p>%(v/v)</p>
",2025-12-17 16:00:00,氧气,延炼12万吨/年乙苯/苯乙烯装置
20.93,ST010118,"<p>%(v/v)</p>
",2025-12-17 16:00:00,氮气,延炼12万吨/年乙苯/苯乙烯装置
2.27,ST010118,"<p>%(v/v)</p>
",2025-12-17 16:00:00,一氧化碳,延炼12万吨/年乙苯/苯乙烯装置
2.33,ST010118,"<p>%(v/v)</p>
",2025-12-17 16:00:00,二氧化碳,延炼12万吨/年乙苯/苯乙烯装置
18.75,ST010118,"<p>%(v/v)</p>
",2025-12-17 16:00:00,氢气,延炼12万吨/年乙苯/苯乙烯装置
29.12,ST010118,"<p>%(v/v)</p>
",2025-12-17 16:00:00,甲烷,延炼12万吨/年乙苯/苯乙烯装置
0.04,ST010118,"<p>%(v/v)</p>
",2025-12-17 16:00:00,丙烷,延炼12万吨/年乙苯/苯乙烯装置
0.08,ST010118,"<p>%(v/v)</p>
",2025-12-17 16:00:00,丙烯,延炼12万吨/年乙苯/苯乙烯装置
12.97,ST010118,"<p>%(v/v)</p>
",2025-12-17 16:00:00,乙烯,延炼12万吨/年乙苯/苯乙烯装置
0.00,ST010118,"<p>%(v/v)</p>
",2025-12-17 16:00:00,碳四(合计),延炼12万吨/年乙苯/苯乙烯装置
0.00,ST010118,"<p>%(v/v)</p>
",2025-12-17 16:00:00,异戊烷,延炼12万吨/年乙苯/苯乙烯装置
0.00,ST010118,"<p>%(v/v)</p>
",2025-12-17 16:00:00,正戊烷,延炼12万吨/年乙苯/苯乙烯装置
12.82,ST010118,"<p>%(v/v)</p>
",2025-12-17 16:00:00,乙烷,延炼12万吨/年乙苯/苯乙烯装置
0.00,ST010118,"<p>%(v/v)</p>
",2025-12-17 16:00:00,碳五(合计),延炼12万吨/年乙苯/苯乙烯装置
1.0,ST010118,<p>mg/kg</p>,2025-12-18 16:00:00,硫化氢,延炼12万吨/年乙苯/苯乙烯装置
1.77,ST010118,"<p>%(v/v)</p>
",2025-12-18 16:00:00,氧气,延炼12万吨/年乙苯/苯乙烯装置
23.31,ST010118,"<p>%(v/v)</p>
",2025-12-18 16:00:00,氮气,延炼12万吨/年乙苯/苯乙烯装置
2.26,ST010118,"<p>%(v/v)</p>
",2025-12-18 16:00:00,一氧化碳,延炼12万吨/年乙苯/苯乙烯装置
2.14,ST010118,"<p>%(v/v)</p>
",2025-12-18 16:00:00,二氧化碳,延炼12万吨/年乙苯/苯乙烯装置
17.62,ST010118,"<p>%(v/v)</p>
",2025-12-18 16:00:00,氢气,延炼12万吨/年乙苯/苯乙烯装置
27.89,ST010118,"<p>%(v/v)</p>
",2025-12-18 16:00:00,甲烷,延炼12万吨/年乙苯/苯乙烯装置
0.04,ST010118,"<p>%(v/v)</p>
",2025-12-18 16:00:00,丙烷,延炼12万吨/年乙苯/苯乙烯装置
0.06,ST010118,"<p>%(v/v)</p>
",2025-12-18 16:00:00,丙烯,延炼12万吨/年乙苯/苯乙烯装置
12.55,ST010118,"<p>%(v/v)</p>
",2025-12-18 16:00:00,乙烯,延炼12万吨/年乙苯/苯乙烯装置
0.00,ST010118,"<p>%(v/v)</p>
",2025-12-18 16:00:00,碳四(合计),延炼12万吨/年乙苯/苯乙烯装置
0.00,ST010118,"<p>%(v/v)</p>
",2025-12-18 16:00:00,异戊烷,延炼12万吨/年乙苯/苯乙烯装置
12.37,ST010118,"<p>%(v/v)</p>
",2025-12-18 16:00:00,乙烷,延炼12万吨/年乙苯/苯乙烯装置
0.00,ST010118,"<p>%(v/v)</p>
",2025-12-18 16:00:00,碳五(合计),延炼12万吨/年乙苯/苯乙烯装置
0.00,ST010118,"<p>%(v/v)</p>
",2025-12-18 16:00:00,正戊烷,延炼12万吨/年乙苯/苯乙烯装置
1.0,ST010118,<p>mg/kg</p>,2025-12-19 16:00:00,硫化氢,延炼12万吨/年乙苯/苯乙烯装置
0.38,ST010118,"<p>%(v/v)</p>
",2025-12-19 16:00:00,氧气,延炼12万吨/年乙苯/苯乙烯装置
19.49,ST010118,"<p>%(v/v)</p>
",2025-12-19 16:00:00,氮气,延炼12万吨/年乙苯/苯乙烯装置
2.40,ST010118,"<p>%(v/v)</p>
",2025-12-19 16:00:00,一氧化碳,延炼12万吨/年乙苯/苯乙烯装置
2.39,ST010118,"<p>%(v/v)</p>
",2025-12-19 16:00:00,二氧化碳,延炼12万吨/年乙苯/苯乙烯装置
20.05,ST010118,"<p>%(v/v)</p>
",2025-12-19 16:00:00,氢气,延炼12万吨/年乙苯/苯乙烯装置
29.08,ST010118,"<p>%(v/v)</p>
",2025-12-19 16:00:00,甲烷,延炼12万吨/年乙苯/苯乙烯装置
0.04,ST010118,"<p>%(v/v)</p>
",2025-12-19 16:00:00,丙烷,延炼12万吨/年乙苯/苯乙烯装置
0.05,ST010118,"<p>%(v/v)</p>
",2025-12-19 16:00:00,丙烯,延炼12万吨/年乙苯/苯乙烯装置
13.22,ST010118,"<p>%(v/v)</p>
",2025-12-19 16:00:00,乙烯,延炼12万吨/年乙苯/苯乙烯装置
0.00,ST010118,"<p>%(v/v)</p>
",2025-12-19 16:00:00,碳四(合计),延炼12万吨/年乙苯/苯乙烯装置
0.00,ST010118,"<p>%(v/v)</p>
",2025-12-19 16:00:00,异戊烷,延炼12万吨/年乙苯/苯乙烯装置
0.00,ST010118,"<p>%(v/v)</p>
",2025-12-19 16:00:00,正戊烷,延炼12万吨/年乙苯/苯乙烯装置
12.91,ST010118,"<p>%(v/v)</p>
",2025-12-19 16:00:00,乙烷,延炼12万吨/年乙苯/苯乙烯装置
0.00,ST010118,"<p>%(v/v)</p>
",2025-12-19 16:00:00,碳五(合计),延炼12万吨/年乙苯/苯乙烯装置
1.0,ST010118,<p>mg/kg</p>,2025-12-20 16:00:00,硫化氢,延炼12万吨/年乙苯/苯乙烯装置
1.48,ST010118,"<p>%(v/v)</p>
",2025-12-20 16:00:00,氧气,延炼12万吨/年乙苯/苯乙烯装置
22.60,ST010118,"<p>%(v/v)</p>
",2025-12-20 16:00:00,氮气,延炼12万吨/年乙苯/苯乙烯装置
2.42,ST010118,"<p>%(v/v)</p>
",2025-12-20 16:00:00,一氧化碳,延炼12万吨/年乙苯/苯乙烯装置
2.21,ST010118,"<p>%(v/v)</p>
",2025-12-20 16:00:00,二氧化碳,延炼12万吨/年乙苯/苯乙烯装置
18.99,ST010118,"<p>%(v/v)</p>
",2025-12-20 16:00:00,氢气,延炼12万吨/年乙苯/苯乙烯装置
27.23,ST010118,"<p>%(v/v)</p>
",2025-12-20 16:00:00,甲烷,延炼12万吨/年乙苯/苯乙烯装置
0.05,ST010118,"<p>%(v/v)</p>
",2025-12-20 16:00:00,丙烷,延炼12万吨/年乙苯/苯乙烯装置
0.11,ST010118,"<p>%(v/v)</p>
",2025-12-20 16:00:00,丙烯,延炼12万吨/年乙苯/苯乙烯装置
12.52,ST010118,"<p>%(v/v)</p>
",2025-12-20 16:00:00,乙烯,延炼12万吨/年乙苯/苯乙烯装置
0.00,ST010118,"<p>%(v/v)</p>
",2025-12-20 16:00:00,碳四(合计),延炼12万吨/年乙苯/苯乙烯装置
0.00,ST010118,"<p>%(v/v)</p>
",2025-12-20 16:00:00,异戊烷,延炼12万吨/年乙苯/苯乙烯装置
0.00,ST010118,"<p>%(v/v)</p>
",2025-12-20 16:00:00,正戊烷,延炼12万吨/年乙苯/苯乙烯装置
12.39,ST010118,"<p>%(v/v)</p>
",2025-12-20 16:00:00,乙烷,延炼12万吨/年乙苯/苯乙烯装置
0.00,ST010118,"<p>%(v/v)</p>
",2025-12-20 16:00:00,碳五(合计),延炼12万吨/年乙苯/苯乙烯装置
1.0,ST010118,<p>mg/kg</p>,2025-12-21 16:00:00,硫化氢,延炼12万吨/年乙苯/苯乙烯装置
1.44,ST010118,"<p>%(v/v)</p>
",2025-12-21 16:00:00,氧气,延炼12万吨/年乙苯/苯乙烯装置
21.57,ST010118,"<p>%(v/v)</p>
",2025-12-21 16:00:00,氮气,延炼12万吨/年乙苯/苯乙烯装置
2.33,ST010118,"<p>%(v/v)</p>
",2025-12-21 16:00:00,一氧化碳,延炼12万吨/年乙苯/苯乙烯装置
2.20,ST010118,"<p>%(v/v)</p>
",2025-12-21 16:00:00,二氧化碳,延炼12万吨/年乙苯/苯乙烯装置
19.70,ST010118,"<p>%(v/v)</p>
",2025-12-21 16:00:00,氢气,延炼12万吨/年乙苯/苯乙烯装置
27.63,ST010118,"<p>%(v/v)</p>
",2025-12-21 16:00:00,甲烷,延炼12万吨/年乙苯/苯乙烯装置
0.08,ST010118,"<p>%(v/v)</p>
",2025-12-21 16:00:00,丙烷,延炼12万吨/年乙苯/苯乙烯装置
0.18,ST010118,"<p>%(v/v)</p>
",2025-12-21 16:00:00,丙烯,延炼12万吨/年乙苯/苯乙烯装置
12.44,ST010118,"<p>%(v/v)</p>
",2025-12-21 16:00:00,乙烯,延炼12万吨/年乙苯/苯乙烯装置
0.00,ST010118,"<p>%(v/v)</p>
",2025-12-21 16:00:00,碳四(合计),延炼12万吨/年乙苯/苯乙烯装置
0.00,ST010118,"<p>%(v/v)</p>
",2025-12-21 16:00:00,异戊烷,延炼12万吨/年乙苯/苯乙烯装置
0.00,ST010118,"<p>%(v/v)</p>
",2025-12-21 16:00:00,正戊烷,延炼12万吨/年乙苯/苯乙烯装置
12.44,ST010118,"<p>%(v/v)</p>
",2025-12-21 16:00:00,乙烷,延炼12万吨/年乙苯/苯乙烯装置
0.00,ST010118,"<p>%(v/v)</p>
",2025-12-21 16:00:00,碳五(合计),延炼12万吨/年乙苯/苯乙烯装置
1.0,ST010118,<p>mg/kg</p>,2025-12-22 16:00:00,硫化氢,延炼12万吨/年乙苯/苯乙烯装置
2.96,ST010118,"<p>%(v/v)</p>
",2025-12-22 16:00:00,氧气,延炼12万吨/年乙苯/苯乙烯装置
24.62,ST010118,"<p>%(v/v)</p>
",2025-12-22 16:00:00,氮气,延炼12万吨/年乙苯/苯乙烯装置
1.96,ST010118,"<p>%(v/v)</p>
",2025-12-22 16:00:00,一氧化碳,延炼12万吨/年乙苯/苯乙烯装置
1.96,ST010118,"<p>%(v/v)</p>
",2025-12-22 16:00:00,二氧化碳,延炼12万吨/年乙苯/苯乙烯装置
18.31,ST010118,"<p>%(v/v)</p>
",2025-12-22 16:00:00,氢气,延炼12万吨/年乙苯/苯乙烯装置
26.30,ST010118,"<p>%(v/v)</p>
",2025-12-22 16:00:00,甲烷,延炼12万吨/年乙苯/苯乙烯装置
0.07,ST010118,"<p>%(v/v)</p>
",2025-12-22 16:00:00,丙烷,延炼12万吨/年乙苯/苯乙烯装置
0.14,ST010118,"<p>%(v/v)</p>
",2025-12-22 16:00:00,丙烯,延炼12万吨/年乙苯/苯乙烯装置
11.83,ST010118,"<p>%(v/v)</p>
",2025-12-22 16:00:00,乙烯,延炼12万吨/年乙苯/苯乙烯装置
0.00,ST010118,"<p>%(v/v)</p>
",2025-12-22 16:00:00,碳四(合计),延炼12万吨/年乙苯/苯乙烯装置
0.00,ST010118,"<p>%(v/v)</p>
",2025-12-22 16:00:00,异戊烷,延炼12万吨/年乙苯/苯乙烯装置
0.00,ST010118,"<p>%(v/v)</p>
",2025-12-22 16:00:00,正戊烷,延炼12万吨/年乙苯/苯乙烯装置
11.85,ST010118,"<p>%(v/v)</p>
",2025-12-22 16:00:00,乙烷,延炼12万吨/年乙苯/苯乙烯装置
0.00,ST010118,"<p>%(v/v)</p>
",2025-12-22 16:00:00,碳五(合计),延炼12万吨/年乙苯/苯乙烯装置
0.00,ST010118,"<p>%(v/v)</p>
",2025-12-23 16:00:00,碳五(合计),延炼12万吨/年乙苯/苯乙烯装置
1.0,ST010118,<p>mg/kg</p>,2025-12-23 16:00:00,硫化氢,延炼12万吨/年乙苯/苯乙烯装置
2.88,ST010118,"<p>%(v/v)</p>
",2025-12-23 16:00:00,氧气,延炼12万吨/年乙苯/苯乙烯装置
23.90,ST010118,"<p>%(v/v)</p>
",2025-12-23 16:00:00,氮气,延炼12万吨/年乙苯/苯乙烯装置
2.26,ST010118,"<p>%(v/v)</p>
",2025-12-23 16:00:00,一氧化碳,延炼12万吨/年乙苯/苯乙烯装置
1.89,ST010118,"<p>%(v/v)</p>
",2025-12-23 16:00:00,二氧化碳,延炼12万吨/年乙苯/苯乙烯装置
18.66,ST010118,"<p>%(v/v)</p>
",2025-12-23 16:00:00,氢气,延炼12万吨/年乙苯/苯乙烯装置
26.39,ST010118,"<p>%(v/v)</p>
",2025-12-23 16:00:00,甲烷,延炼12万吨/年乙苯/苯乙烯装置
0.05,ST010118,"<p>%(v/v)</p>
",2025-12-23 16:00:00,丙烷,延炼12万吨/年乙苯/苯乙烯装置
0.11,ST010118,"<p>%(v/v)</p>
",2025-12-23 16:00:00,丙烯,延炼12万吨/年乙苯/苯乙烯装置
12.06,ST010118,"<p>%(v/v)</p>
",2025-12-23 16:00:00,乙烯,延炼12万吨/年乙苯/苯乙烯装置
0.00,ST010118,"<p>%(v/v)</p>
",2025-12-23 16:00:00,碳四(合计),延炼12万吨/年乙苯/苯乙烯装置
0.00,ST010118,"<p>%(v/v)</p>
",2025-12-23 16:00:00,异戊烷,延炼12万吨/年乙苯/苯乙烯装置
0.00,ST010118,"<p>%(v/v)</p>
",2025-12-23 16:00:00,正戊烷,延炼12万吨/年乙苯/苯乙烯装置
11.80,ST010118,"<p>%(v/v)</p>
",2025-12-23 16:00:00,乙烷,延炼12万吨/年乙苯/苯乙烯装置
1.0,ST010118,<p>mg/kg</p>,2025-12-24 16:00:00,硫化氢,延炼12万吨/年乙苯/苯乙烯装置
4.03,ST010118,"<p>%(v/v)</p>
",2025-12-24 16:00:00,氧气,延炼12万吨/年乙苯/苯乙烯装置
26.85,ST010118,"<p>%(v/v)</p>
",2025-12-24 16:00:00,氮气,延炼12万吨/年乙苯/苯乙烯装置
1.96,ST010118,"<p>%(v/v)</p>
",2025-12-24 16:00:00,一氧化碳,延炼12万吨/年乙苯/苯乙烯装置
1.97,ST010118,"<p>%(v/v)</p>
",2025-12-24 16:00:00,二氧化碳,延炼12万吨/年乙苯/苯乙烯装置
16.36,ST010118,"<p>%(v/v)</p>
",2025-12-24 16:00:00,氢气,延炼12万吨/年乙苯/苯乙烯装置
24.62,ST010118,"<p>%(v/v)</p>
",2025-12-24 16:00:00,甲烷,延炼12万吨/年乙苯/苯乙烯装置
0.07,ST010118,"<p>%(v/v)</p>
",2025-12-24 16:00:00,丙烷,延炼12万吨/年乙苯/苯乙烯装置
0.14,ST010118,"<p>%(v/v)</p>
",2025-12-24 16:00:00,丙烯,延炼12万吨/年乙苯/苯乙烯装置
11.60,ST010118,"<p>%(v/v)</p>
",2025-12-24 16:00:00,乙烯,延炼12万吨/年乙苯/苯乙烯装置
0.00,ST010118,"<p>%(v/v)</p>
",2025-12-24 16:00:00,碳四(合计),延炼12万吨/年乙苯/苯乙烯装置
0.00,ST010118,"<p>%(v/v)</p>
",2025-12-24 16:00:00,异戊烷,延炼12万吨/年乙苯/苯乙烯装置
0.00,ST010118,"<p>%(v/v)</p>
",2025-12-24 16:00:00,正戊烷,延炼12万吨/年乙苯/苯乙烯装置
12.41,ST010118,"<p>%(v/v)</p>
",2025-12-24 16:00:00,乙烷,延炼12万吨/年乙苯/苯乙烯装置
0.00,ST010118,"<p>%(v/v)</p>
",2025-12-24 16:00:00,碳五(合计),延炼12万吨/年乙苯/苯乙烯装置
2.17,ST010118,"<p>%(v/v)</p>
",2025-12-25 16:00:00,一氧化碳,延炼12万吨/年乙苯/苯乙烯装置
2.61,ST010118,"<p>%(v/v)</p>
",2025-12-25 16:00:00,二氧化碳,延炼12万吨/年乙苯/苯乙烯装置
19.64,ST010118,"<p>%(v/v)</p>
",2025-12-25 16:00:00,氢气,延炼12万吨/年乙苯/苯乙烯装置
28.43,ST010118,"<p>%(v/v)</p>
",2025-12-25 16:00:00,甲烷,延炼12万吨/年乙苯/苯乙烯装置
0.08,ST010118,"<p>%(v/v)</p>
",2025-12-25 16:00:00,丙烷,延炼12万吨/年乙苯/苯乙烯装置
0.14,ST010118,"<p>%(v/v)</p>
",2025-12-25 16:00:00,丙烯,延炼12万吨/年乙苯/苯乙烯装置
13.11,ST010118,"<p>%(v/v)</p>
",2025-12-25 16:00:00,乙烯,延炼12万吨/年乙苯/苯乙烯装置
0.00,ST010118,"<p>%(v/v)</p>
",2025-12-25 16:00:00,碳四(合计),延炼12万吨/年乙苯/苯乙烯装置
0.00,ST010118,"<p>%(v/v)</p>
",2025-12-25 16:00:00,异戊烷,延炼12万吨/年乙苯/苯乙烯装置
0.00,ST010118,"<p>%(v/v)</p>
",2025-12-25 16:00:00,正戊烷,延炼12万吨/年乙苯/苯乙烯装置
13.51,ST010118,"<p>%(v/v)</p>
",2025-12-25 16:00:00,乙烷,延炼12万吨/年乙苯/苯乙烯装置
0.00,ST010118,"<p>%(v/v)</p>
",2025-12-25 16:00:00,碳五(合计),延炼12万吨/年乙苯/苯乙烯装置
1.0,ST010118,<p>mg/kg</p>,2025-12-25 16:00:00,硫化氢,延炼12万吨/年乙苯/苯乙烯装置
0.72,ST010118,"<p>%(v/v)</p>
",2025-12-25 16:00:00,氧气,延炼12万吨/年乙苯/苯乙烯装置
19.58,ST010118,"<p>%(v/v)</p>
",2025-12-25 16:00:00,氮气,延炼12万吨/年乙苯/苯乙烯装置
1.0,ST010118,<p>mg/kg</p>,2025-12-26 16:00:00,硫化氢,延炼12万吨/年乙苯/苯乙烯装置
1.28,ST010118,"<p>%(v/v)</p>
",2025-12-26 16:00:00,氧气,延炼12万吨/年乙苯/苯乙烯装置
21.28,ST010118,"<p>%(v/v)</p>
",2025-12-26 16:00:00,氮气,延炼12万吨/年乙苯/苯乙烯装置
2.24,ST010118,"<p>%(v/v)</p>
",2025-12-26 16:00:00,一氧化碳,延炼12万吨/年乙苯/苯乙烯装置
2.13,ST010118,"<p>%(v/v)</p>
",2025-12-26 16:00:00,二氧化碳,延炼12万吨/年乙苯/苯乙烯装置
19.92,ST010118,"<p>%(v/v)</p>
",2025-12-26 16:00:00,氢气,延炼12万吨/年乙苯/苯乙烯装置
27.92,ST010118,"<p>%(v/v)</p>
",2025-12-26 16:00:00,甲烷,延炼12万吨/年乙苯/苯乙烯装置
0.07,ST010118,"<p>%(v/v)</p>
",2025-12-26 16:00:00,丙烷,延炼12万吨/年乙苯/苯乙烯装置
0.14,ST010118,"<p>%(v/v)</p>
",2025-12-26 16:00:00,丙烯,延炼12万吨/年乙苯/苯乙烯装置
12.47,ST010118,"<p>%(v/v)</p>
",2025-12-26 16:00:00,乙烯,延炼12万吨/年乙苯/苯乙烯装置
0.00,ST010118,"<p>%(v/v)</p>
",2025-12-26 16:00:00,碳四(合计),延炼12万吨/年乙苯/苯乙烯装置
0.00,ST010118,"<p>%(v/v)</p>
",2025-12-26 16:00:00,异戊烷,延炼12万吨/年乙苯/苯乙烯装置
0.00,ST010118,"<p>%(v/v)</p>
",2025-12-26 16:00:00,正戊烷,延炼12万吨/年乙苯/苯乙烯装置
12.54,ST010118,"<p>%(v/v)</p>
",2025-12-26 16:00:00,乙烷,延炼12万吨/年乙苯/苯乙烯装置
0.00,ST010118,"<p>%(v/v)</p>
",2025-12-26 16:00:00,碳五(合计),延炼12万吨/年乙苯/苯乙烯装置
1.0,ST010118,<p>mg/kg</p>,2025-12-27 16:00:00,硫化氢,延炼12万吨/年乙苯/苯乙烯装置
2.31,ST010118,"<p>%(v/v)</p>
",2025-12-27 16:00:00,氧气,延炼12万吨/年乙苯/苯乙烯装置
24.08,ST010118,"<p>%(v/v)</p>
",2025-12-27 16:00:00,氮气,延炼12万吨/年乙苯/苯乙烯装置
2.00,ST010118,"<p>%(v/v)</p>
",2025-12-27 16:00:00,一氧化碳,延炼12万吨/年乙苯/苯乙烯装置
2.08,ST010118,"<p>%(v/v)</p>
",2025-12-27 16:00:00,二氧化碳,延炼12万吨/年乙苯/苯乙烯装置
18.42,ST010118,"<p>%(v/v)</p>
",2025-12-27 16:00:00,氢气,延炼12万吨/年乙苯/苯乙烯装置
27.13,ST010118,"<p>%(v/v)</p>
",2025-12-27 16:00:00,甲烷,延炼12万吨/年乙苯/苯乙烯装置
0.04,ST010118,"<p>%(v/v)</p>
",2025-12-27 16:00:00,丙烷,延炼12万吨/年乙苯/苯乙烯装置
0.06,ST010118,"<p>%(v/v)</p>
",2025-12-27 16:00:00,丙烯,延炼12万吨/年乙苯/苯乙烯装置
12.01,ST010118,"<p>%(v/v)</p>
",2025-12-27 16:00:00,乙烯,延炼12万吨/年乙苯/苯乙烯装置
0.00,ST010118,"<p>%(v/v)</p>
",2025-12-27 16:00:00,碳四(合计),延炼12万吨/年乙苯/苯乙烯装置
0.00,ST010118,"<p>%(v/v)</p>
",2025-12-27 16:00:00,异戊烷,延炼12万吨/年乙苯/苯乙烯装置
0.00,ST010118,"<p>%(v/v)</p>
",2025-12-27 16:00:00,正戊烷,延炼12万吨/年乙苯/苯乙烯装置
11.88,ST010118,"<p>%(v/v)</p>
",2025-12-27 16:00:00,乙烷,延炼12万吨/年乙苯/苯乙烯装置
0.00,ST010118,"<p>%(v/v)</p>
",2025-12-27 16:00:00,碳五(合计),延炼12万吨/年乙苯/苯乙烯装置
1.0,ST010118,<p>mg/kg</p>,2025-12-28 16:00:00,硫化氢,延炼12万吨/年乙苯/苯乙烯装置
1.59,ST010118,"<p>%(v/v)</p>
",2025-12-28 16:00:00,氧气,延炼12万吨/年乙苯/苯乙烯装置
22.29,ST010118,"<p>%(v/v)</p>
",2025-12-28 16:00:00,氮气,延炼12万吨/年乙苯/苯乙烯装置
2.13,ST010118,"<p>%(v/v)</p>
",2025-12-28 16:00:00,一氧化碳,延炼12万吨/年乙苯/苯乙烯装置
2.24,ST010118,"<p>%(v/v)</p>
",2025-12-28 16:00:00,二氧化碳,延炼12万吨/年乙苯/苯乙烯装置
18.24,ST010118,"<p>%(v/v)</p>
",2025-12-28 16:00:00,氢气,延炼12万吨/年乙苯/苯乙烯装置
27.19,ST010118,"<p>%(v/v)</p>
",2025-12-28 16:00:00,甲烷,延炼12万吨/年乙苯/苯乙烯装置
0.06,ST010118,"<p>%(v/v)</p>
",2025-12-28 16:00:00,丙烷,延炼12万吨/年乙苯/苯乙烯装置
0.12,ST010118,"<p>%(v/v)</p>
",2025-12-28 16:00:00,丙烯,延炼12万吨/年乙苯/苯乙烯装置
12.69,ST010118,"<p>%(v/v)</p>
",2025-12-28 16:00:00,乙烯,延炼12万吨/年乙苯/苯乙烯装置
0.00,ST010118,"<p>%(v/v)</p>
",2025-12-28 16:00:00,碳四(合计),延炼12万吨/年乙苯/苯乙烯装置
0.00,ST010118,"<p>%(v/v)</p>
",2025-12-28 16:00:00,异戊烷,延炼12万吨/年乙苯/苯乙烯装置
0.00,ST010118,"<p>%(v/v)</p>
",2025-12-28 16:00:00,正戊烷,延炼12万吨/年乙苯/苯乙烯装置
13.46,ST010118,"<p>%(v/v)</p>
",2025-12-28 16:00:00,乙烷,延炼12万吨/年乙苯/苯乙烯装置
0.00,ST010118,"<p>%(v/v)</p>
",2025-12-28 16:00:00,碳五(合计),延炼12万吨/年乙苯/苯乙烯装置
1.0,ST010118,<p>mg/kg</p>,2025-12-29 16:00:00,硫化氢,延炼12万吨/年乙苯/苯乙烯装置
1.12,ST010118,"<p>%(v/v)</p>
",2025-12-29 16:00:00,氧气,延炼12万吨/年乙苯/苯乙烯装置
21.14,ST010118,"<p>%(v/v)</p>
",2025-12-29 16:00:00,氮气,延炼12万吨/年乙苯/苯乙烯装置
2.19,ST010118,"<p>%(v/v)</p>
",2025-12-29 16:00:00,一氧化碳,延炼12万吨/年乙苯/苯乙烯装置
2.28,ST010118,"<p>%(v/v)</p>
",2025-12-29 16:00:00,二氧化碳,延炼12万吨/年乙苯/苯乙烯装置
18.95,ST010118,"<p>%(v/v)</p>
",2025-12-29 16:00:00,氢气,延炼12万吨/年乙苯/苯乙烯装置
28.11,ST010118,"<p>%(v/v)</p>
",2025-12-29 16:00:00,甲烷,延炼12万吨/年乙苯/苯乙烯装置
0.05,ST010118,"<p>%(v/v)</p>
",2025-12-29 16:00:00,丙烷,延炼12万吨/年乙苯/苯乙烯装置
0.09,ST010118,"<p>%(v/v)</p>
",2025-12-29 16:00:00,丙烯,延炼12万吨/年乙苯/苯乙烯装置
12.77,ST010118,"<p>%(v/v)</p>
",2025-12-29 16:00:00,乙烯,延炼12万吨/年乙苯/苯乙烯装置
0.00,ST010118,"<p>%(v/v)</p>
",2025-12-29 16:00:00,碳四(合计),延炼12万吨/年乙苯/苯乙烯装置
0.00,ST010118,"<p>%(v/v)</p>
",2025-12-29 16:00:00,异戊烷,延炼12万吨/年乙苯/苯乙烯装置
0.00,ST010118,"<p>%(v/v)</p>
",2025-12-29 16:00:00,正戊烷,延炼12万吨/年乙苯/苯乙烯装置
13.31,ST010118,"<p>%(v/v)</p>
",2025-12-29 16:00:00,乙烷,延炼12万吨/年乙苯/苯乙烯装置
0.00,ST010118,"<p>%(v/v)</p>
",2025-12-29 16:00:00,碳五(合计),延炼12万吨/年乙苯/苯乙烯装置
1.0,ST010118,<p>mg/kg</p>,2025-12-30 16:00:00,硫化氢,延炼12万吨/年乙苯/苯乙烯装置
1.42,ST010118,"<p>%(v/v)</p>
",2025-12-30 16:00:00,氧气,延炼12万吨/年乙苯/苯乙烯装置
21.96,ST010118,"<p>%(v/v)</p>
",2025-12-30 16:00:00,氮气,延炼12万吨/年乙苯/苯乙烯装置
2.16,ST010118,"<p>%(v/v)</p>
",2025-12-30 16:00:00,一氧化碳,延炼12万吨/年乙苯/苯乙烯装置
2.09,ST010118,"<p>%(v/v)</p>
",2025-12-30 16:00:00,二氧化碳,延炼12万吨/年乙苯/苯乙烯装置
19.36,ST010118,"<p>%(v/v)</p>
",2025-12-30 16:00:00,氢气,延炼12万吨/年乙苯/苯乙烯装置
27.28,ST010118,"<p>%(v/v)</p>
",2025-12-30 16:00:00,甲烷,延炼12万吨/年乙苯/苯乙烯装置
0.05,ST010118,"<p>%(v/v)</p>
",2025-12-30 16:00:00,丙烷,延炼12万吨/年乙苯/苯乙烯装置
0.08,ST010118,"<p>%(v/v)</p>
",2025-12-30 16:00:00,丙烯,延炼12万吨/年乙苯/苯乙烯装置
12.70,ST010118,"<p>%(v/v)</p>
",2025-12-30 16:00:00,乙烯,延炼12万吨/年乙苯/苯乙烯装置
0.00,ST010118,"<p>%(v/v)</p>
",2025-12-30 16:00:00,碳四(合计),延炼12万吨/年乙苯/苯乙烯装置
0.00,ST010118,"<p>%(v/v)</p>
",2025-12-30 16:00:00,异戊烷,延炼12万吨/年乙苯/苯乙烯装置
0.00,ST010118,"<p>%(v/v)</p>
",2025-12-30 16:00:00,正戊烷,延炼12万吨/年乙苯/苯乙烯装置
12.91,ST010118,"<p>%(v/v)</p>
",2025-12-30 16:00:00,乙烷,延炼12万吨/年乙苯/苯乙烯装置
0.00,ST010118,"<p>%(v/v)</p>
",2025-12-30 16:00:00,碳五(合计),延炼12万吨/年乙苯/苯乙烯装置
1.0,ST010118,<p>mg/kg</p>,2025-12-31 16:00:00,硫化氢,延炼12万吨/年乙苯/苯乙烯装置
1.54,ST010118,"<p>%(v/v)</p>
",2025-12-31 16:00:00,氧气,延炼12万吨/年乙苯/苯乙烯装置
22.31,ST010118,"<p>%(v/v)</p>
",2025-12-31 16:00:00,氮气,延炼12万吨/年乙苯/苯乙烯装置
2.25,ST010118,"<p>%(v/v)</p>
",2025-12-31 16:00:00,一氧化碳,延炼12万吨/年乙苯/苯乙烯装置
2.09,ST010118,"<p>%(v/v)</p>
",2025-12-31 16:00:00,二氧化碳,延炼12万吨/年乙苯/苯乙烯装置
18.99,ST010118,"<p>%(v/v)</p>
",2025-12-31 16:00:00,氢气,延炼12万吨/年乙苯/苯乙烯装置
27.33,ST010118,"<p>%(v/v)</p>
",2025-12-31 16:00:00,甲烷,延炼12万吨/年乙苯/苯乙烯装置
0.05,ST010118,"<p>%(v/v)</p>
",2025-12-31 16:00:00,丙烷,延炼12万吨/年乙苯/苯乙烯装置
0.08,ST010118,"<p>%(v/v)</p>
",2025-12-31 16:00:00,丙烯,延炼12万吨/年乙苯/苯乙烯装置
12.65,ST010118,"<p>%(v/v)</p>
",2025-12-31 16:00:00,乙烯,延炼12万吨/年乙苯/苯乙烯装置
0.00,ST010118,"<p>%(v/v)</p>
",2025-12-31 16:00:00,碳四(合计),延炼12万吨/年乙苯/苯乙烯装置
0.00,ST010118,"<p>%(v/v)</p>
",2025-12-31 16:00:00,异戊烷,延炼12万吨/年乙苯/苯乙烯装置
0.00,ST010118,"<p>%(v/v)</p>
",2025-12-31 16:00:00,正戊烷,延炼12万吨/年乙苯/苯乙烯装置
12.71,ST010118,"<p>%(v/v)</p>
",2025-12-31 16:00:00,乙烷,延炼12万吨/年乙苯/苯乙烯装置
0.00,ST010118,"<p>%(v/v)</p>
",2025-12-31 16:00:00,碳五(合计),延炼12万吨/年乙苯/苯乙烯装置
1.0,ST010118,<p>mg/kg</p>,2026-01-01 16:00:00,硫化氢,延炼12万吨/年乙苯/苯乙烯装置
1.66,ST010118,"<p>%(v/v)</p>
",2026-01-01 16:00:00,氧气,延炼12万吨/年乙苯/苯乙烯装置
22.07,ST010118,"<p>%(v/v)</p>
",2026-01-01 16:00:00,氮气,延炼12万吨/年乙苯/苯乙烯装置
2.28,ST010118,"<p>%(v/v)</p>
",2026-01-01 16:00:00,一氧化碳,延炼12万吨/年乙苯/苯乙烯装置
2.08,ST010118,"<p>%(v/v)</p>
",2026-01-01 16:00:00,二氧化碳,延炼12万吨/年乙苯/苯乙烯装置
19.28,ST010118,"<p>%(v/v)</p>
",2026-01-01 16:00:00,氢气,延炼12万吨/年乙苯/苯乙烯装置
27.00,ST010118,"<p>%(v/v)</p>
",2026-01-01 16:00:00,甲烷,延炼12万吨/年乙苯/苯乙烯装置
0.07,ST010118,"<p>%(v/v)</p>
",2026-01-01 16:00:00,丙烷,延炼12万吨/年乙苯/苯乙烯装置
0.16,ST010118,"<p>%(v/v)</p>
",2026-01-01 16:00:00,丙烯,延炼12万吨/年乙苯/苯乙烯装置
12.24,ST010118,"<p>%(v/v)</p>
",2026-01-01 16:00:00,乙烯,延炼12万吨/年乙苯/苯乙烯装置
0.00,ST010118,"<p>%(v/v)</p>
",2026-01-01 16:00:00,碳四(合计),延炼12万吨/年乙苯/苯乙烯装置
0.00,ST010118,"<p>%(v/v)</p>
",2026-01-01 16:00:00,异戊烷,延炼12万吨/年乙苯/苯乙烯装置
0.00,ST010118,"<p>%(v/v)</p>
",2026-01-01 16:00:00,正戊烷,延炼12万吨/年乙苯/苯乙烯装置
13.17,ST010118,"<p>%(v/v)</p>
",2026-01-01 16:00:00,乙烷,延炼12万吨/年乙苯/苯乙烯装置
0.00,ST010118,"<p>%(v/v)</p>
",2026-01-01 16:00:00,碳五(合计),延炼12万吨/年乙苯/苯乙烯装置
1.0,ST010118,<p>mg/kg</p>,2026-01-02 16:00:00,硫化氢,延炼12万吨/年乙苯/苯乙烯装置
1.41,ST010118,"<p>%(v/v)</p>
",2026-01-02 16:00:00,氧气,延炼12万吨/年乙苯/苯乙烯装置
22.66,ST010118,"<p>%(v/v)</p>
",2026-01-02 16:00:00,氮气,延炼12万吨/年乙苯/苯乙烯装置
2.43,ST010118,"<p>%(v/v)</p>
",2026-01-02 16:00:00,一氧化碳,延炼12万吨/年乙苯/苯乙烯装置
2.13,ST010118,"<p>%(v/v)</p>
",2026-01-02 16:00:00,二氧化碳,延炼12万吨/年乙苯/苯乙烯装置
21.18,ST010118,"<p>%(v/v)</p>
",2026-01-02 16:00:00,氢气,延炼12万吨/年乙苯/苯乙烯装置
26.81,ST010118,"<p>%(v/v)</p>
",2026-01-02 16:00:00,甲烷,延炼12万吨/年乙苯/苯乙烯装置
0.05,ST010118,"<p>%(v/v)</p>
",2026-01-02 16:00:00,丙烷,延炼12万吨/年乙苯/苯乙烯装置
0.10,ST010118,"<p>%(v/v)</p>
",2026-01-02 16:00:00,丙烯,延炼12万吨/年乙苯/苯乙烯装置
11.38,ST010118,"<p>%(v/v)</p>
",2026-01-02 16:00:00,乙烯,延炼12万吨/年乙苯/苯乙烯装置
0.00,ST010118,"<p>%(v/v)</p>
",2026-01-02 16:00:00,碳四(合计),延炼12万吨/年乙苯/苯乙烯装置
0.00,ST010118,"<p>%(v/v)</p>
",2026-01-02 16:00:00,异戊烷,延炼12万吨/年乙苯/苯乙烯装置
0.00,ST010118,"<p>%(v/v)</p>
",2026-01-02 16:00:00,正戊烷,延炼12万吨/年乙苯/苯乙烯装置
11.84,ST010118,"<p>%(v/v)</p>
",2026-01-02 16:00:00,乙烷,延炼12万吨/年乙苯/苯乙烯装置
0.00,ST010118,"<p>%(v/v)</p>
",2026-01-02 16:00:00,碳五(合计),延炼12万吨/年乙苯/苯乙烯装置
1.89,ST010118,"<p>%(v/v)</p>
",2026-01-03 16:00:00,氧气,延炼12万吨/年乙苯/苯乙烯装置
23.48,ST010118,"<p>%(v/v)</p>
",2026-01-03 16:00:00,氮气,延炼12万吨/年乙苯/苯乙烯装置
2.26,ST010118,"<p>%(v/v)</p>
",2026-01-03 16:00:00,一氧化碳,延炼12万吨/年乙苯/苯乙烯装置
2.25,ST010118,"<p>%(v/v)</p>
",2026-01-03 16:00:00,二氧化碳,延炼12万吨/年乙苯/苯乙烯装置
19.88,ST010118,"<p>%(v/v)</p>
",2026-01-03 16:00:00,氢气,延炼12万吨/年乙苯/苯乙烯装置
26.45,ST010118,"<p>%(v/v)</p>
",2026-01-03 16:00:00,甲烷,延炼12万吨/年乙苯/苯乙烯装置
0.06,ST010118,"<p>%(v/v)</p>
",2026-01-03 16:00:00,丙烷,延炼12万吨/年乙苯/苯乙烯装置
0.12,ST010118,"<p>%(v/v)</p>
",2026-01-03 16:00:00,丙烯,延炼12万吨/年乙苯/苯乙烯装置
11.57,ST010118,"<p>%(v/v)</p>
",2026-01-03 16:00:00,乙烯,延炼12万吨/年乙苯/苯乙烯装置
0.00,ST010118,"<p>%(v/v)</p>
",2026-01-03 16:00:00,碳四(合计),延炼12万吨/年乙苯/苯乙烯装置
0.00,ST010118,"<p>%(v/v)</p>
",2026-01-03 16:00:00,异戊烷,延炼12万吨/年乙苯/苯乙烯装置
0.00,ST010118,"<p>%(v/v)</p>
",2026-01-03 16:00:00,正戊烷,延炼12万吨/年乙苯/苯乙烯装置
12.04,ST010118,"<p>%(v/v)</p>
",2026-01-03 16:00:00,乙烷,延炼12万吨/年乙苯/苯乙烯装置
0.00,ST010118,"<p>%(v/v)</p>
",2026-01-03 16:00:00,碳五(合计),延炼12万吨/年乙苯/苯乙烯装置
1.0,ST010118,<p>mg/kg</p>,2026-01-03 16:00:00,硫化氢,延炼12万吨/年乙苯/苯乙烯装置
1.0,ST010118,<p>mg/kg</p>,2026-01-04 16:00:00,硫化氢,延炼12万吨/年乙苯/苯乙烯装置
1.60,ST010118,"<p>%(v/v)</p>
",2026-01-04 16:00:00,氧气,延炼12万吨/年乙苯/苯乙烯装置
22.22,ST010118,"<p>%(v/v)</p>
",2026-01-04 16:00:00,氮气,延炼12万吨/年乙苯/苯乙烯装置
2.20,ST010118,"<p>%(v/v)</p>
",2026-01-04 16:00:00,一氧化碳,延炼12万吨/年乙苯/苯乙烯装置
1.96,ST010118,"<p>%(v/v)</p>
",2026-01-04 16:00:00,二氧化碳,延炼12万吨/年乙苯/苯乙烯装置
20.06,ST010118,"<p>%(v/v)</p>
",2026-01-04 16:00:00,氢气,延炼12万吨/年乙苯/苯乙烯装置
27.12,ST010118,"<p>%(v/v)</p>
",2026-01-04 16:00:00,甲烷,延炼12万吨/年乙苯/苯乙烯装置
0.05,ST010118,"<p>%(v/v)</p>
",2026-01-04 16:00:00,丙烷,延炼12万吨/年乙苯/苯乙烯装置
0.11,ST010118,"<p>%(v/v)</p>
",2026-01-04 16:00:00,丙烯,延炼12万吨/年乙苯/苯乙烯装置
12.15,ST010118,"<p>%(v/v)</p>
",2026-01-04 16:00:00,乙烯,延炼12万吨/年乙苯/苯乙烯装置
0.00,ST010118,"<p>%(v/v)</p>
",2026-01-04 16:00:00,碳四(合计),延炼12万吨/年乙苯/苯乙烯装置
0.00,ST010118,"<p>%(v/v)</p>
",2026-01-04 16:00:00,异戊烷,延炼12万吨/年乙苯/苯乙烯装置
0.00,ST010118,"<p>%(v/v)</p>
",2026-01-04 16:00:00,正戊烷,延炼12万吨/年乙苯/苯乙烯装置
12.54,ST010118,"<p>%(v/v)</p>
",2026-01-04 16:00:00,乙烷,延炼12万吨/年乙苯/苯乙烯装置
0.00,ST010118,"<p>%(v/v)</p>
",2026-01-04 16:00:00,碳五(合计),延炼12万吨/年乙苯/苯乙烯装置
1.0,ST010118,<p>mg/kg</p>,2026-01-05 16:00:00,硫化氢,延炼12万吨/年乙苯/苯乙烯装置
2.42,ST010118,"<p>%(v/v)</p>
",2026-01-05 16:00:00,氧气,延炼12万吨/年乙苯/苯乙烯装置
23.93,ST010118,"<p>%(v/v)</p>
",2026-01-05 16:00:00,氮气,延炼12万吨/年乙苯/苯乙烯装置
2.16,ST010118,"<p>%(v/v)</p>
",2026-01-05 16:00:00,一氧化碳,延炼12万吨/年乙苯/苯乙烯装置
1.94,ST010118,"<p>%(v/v)</p>
",2026-01-05 16:00:00,二氧化碳,延炼12万吨/年乙苯/苯乙烯装置
19.58,ST010118,"<p>%(v/v)</p>
",2026-01-05 16:00:00,氢气,延炼12万吨/年乙苯/苯乙烯装置
26.11,ST010118,"<p>%(v/v)</p>
",2026-01-05 16:00:00,甲烷,延炼12万吨/年乙苯/苯乙烯装置
0.06,ST010118,"<p>%(v/v)</p>
",2026-01-05 16:00:00,丙烷,延炼12万吨/年乙苯/苯乙烯装置
0.13,ST010118,"<p>%(v/v)</p>
",2026-01-05 16:00:00,丙烯,延炼12万吨/年乙苯/苯乙烯装置
11.66,ST010118,"<p>%(v/v)</p>
",2026-01-05 16:00:00,乙烯,延炼12万吨/年乙苯/苯乙烯装置
0.00,ST010118,"<p>%(v/v)</p>
",2026-01-05 16:00:00,碳四(合计),延炼12万吨/年乙苯/苯乙烯装置
0.00,ST010118,"<p>%(v/v)</p>
",2026-01-05 16:00:00,异戊烷,延炼12万吨/年乙苯/苯乙烯装置
0.00,ST010118,"<p>%(v/v)</p>
",2026-01-05 16:00:00,正戊烷,延炼12万吨/年乙苯/苯乙烯装置
12.01,ST010118,"<p>%(v/v)</p>
",2026-01-05 16:00:00,乙烷,延炼12万吨/年乙苯/苯乙烯装置
0.00,ST010118,"<p>%(v/v)</p>
",2026-01-05 16:00:00,碳五(合计),延炼12万吨/年乙苯/苯乙烯装置
1.0,ST010118,<p>mg/kg</p>,2026-01-06 16:00:00,硫化氢,延炼12万吨/年乙苯/苯乙烯装置
0.77,ST010118,"<p>%(v/v)</p>
",2026-01-06 16:00:00,氧气,延炼12万吨/年乙苯/苯乙烯装置
21.10,ST010118,"<p>%(v/v)</p>
",2026-01-06 16:00:00,氮气,延炼12万吨/年乙苯/苯乙烯装置
2.36,ST010118,"<p>%(v/v)</p>
",2026-01-06 16:00:00,一氧化碳,延炼12万吨/年乙苯/苯乙烯装置
1.97,ST010118,"<p>%(v/v)</p>
",2026-01-06 16:00:00,二氧化碳,延炼12万吨/年乙苯/苯乙烯装置
21.20,ST010118,"<p>%(v/v)</p>
",2026-01-06 16:00:00,氢气,延炼12万吨/年乙苯/苯乙烯装置
27.84,ST010118,"<p>%(v/v)</p>
",2026-01-06 16:00:00,甲烷,延炼12万吨/年乙苯/苯乙烯装置
0.04,ST010118,"<p>%(v/v)</p>
",2026-01-06 16:00:00,丙烷,延炼12万吨/年乙苯/苯乙烯装置
0.08,ST010118,"<p>%(v/v)</p>
",2026-01-06 16:00:00,丙烯,延炼12万吨/年乙苯/苯乙烯装置
12.11,ST010118,"<p>%(v/v)</p>
",2026-01-06 16:00:00,乙烯,延炼12万吨/年乙苯/苯乙烯装置
0.00,ST010118,"<p>%(v/v)</p>
",2026-01-06 16:00:00,碳四(合计),延炼12万吨/年乙苯/苯乙烯装置
0.00,ST010118,"<p>%(v/v)</p>
",2026-01-06 16:00:00,异戊烷,延炼12万吨/年乙苯/苯乙烯装置
0.00,ST010118,"<p>%(v/v)</p>
",2026-01-06 16:00:00,正戊烷,延炼12万吨/年乙苯/苯乙烯装置
12.52,ST010118,"<p>%(v/v)</p>
",2026-01-06 16:00:00,乙烷,延炼12万吨/年乙苯/苯乙烯装置
0.00,ST010118,"<p>%(v/v)</p>
",2026-01-06 16:00:00,碳五(合计),延炼12万吨/年乙苯/苯乙烯装置
1.0,ST010118,<p>mg/kg</p>,2026-01-07 16:00:00,硫化氢,延炼12万吨/年乙苯/苯乙烯装置
0.93,ST010118,"<p>%(v/v)</p>
",2026-01-07 16:00:00,氧气,延炼12万吨/年乙苯/苯乙烯装置
20.98,ST010118,"<p>%(v/v)</p>
",2026-01-07 16:00:00,氮气,延炼12万吨/年乙苯/苯乙烯装置
2.20,ST010118,"<p>%(v/v)</p>
",2026-01-07 16:00:00,一氧化碳,延炼12万吨/年乙苯/苯乙烯装置
2.19,ST010118,"<p>%(v/v)</p>
",2026-01-07 16:00:00,二氧化碳,延炼12万吨/年乙苯/苯乙烯装置
19.87,ST010118,"<p>%(v/v)</p>
",2026-01-07 16:00:00,氢气,延炼12万吨/年乙苯/苯乙烯装置
27.66,ST010118,"<p>%(v/v)</p>
",2026-01-07 16:00:00,甲烷,延炼12万吨/年乙苯/苯乙烯装置
0.06,ST010118,"<p>%(v/v)</p>
",2026-01-07 16:00:00,丙烷,延炼12万吨/年乙苯/苯乙烯装置
0.11,ST010118,"<p>%(v/v)</p>
",2026-01-07 16:00:00,丙烯,延炼12万吨/年乙苯/苯乙烯装置
12.66,ST010118,"<p>%(v/v)</p>
",2026-01-07 16:00:00,乙烯,延炼12万吨/年乙苯/苯乙烯装置
0.00,ST010118,"<p>%(v/v)</p>
",2026-01-07 16:00:00,碳四(合计),延炼12万吨/年乙苯/苯乙烯装置
0.00,ST010118,"<p>%(v/v)</p>
",2026-01-07 16:00:00,异戊烷,延炼12万吨/年乙苯/苯乙烯装置
0.00,ST010118,"<p>%(v/v)</p>
",2026-01-07 16:00:00,正戊烷,延炼12万吨/年乙苯/苯乙烯装置
13.34,ST010118,"<p>%(v/v)</p>
",2026-01-07 16:00:00,乙烷,延炼12万吨/年乙苯/苯乙烯装置
0.00,ST010118,"<p>%(v/v)</p>
",2026-01-07 16:00:00,碳五(合计),延炼12万吨/年乙苯/苯乙烯装置
1.0,ST010118,<p>mg/kg</p>,2026-01-08 16:00:00,硫化氢,延炼12万吨/年乙苯/苯乙烯装置
1.96,ST010118,"<p>%(v/v)</p>
",2026-01-08 16:00:00,氧气,延炼12万吨/年乙苯/苯乙烯装置
23.72,ST010118,"<p>%(v/v)</p>
",2026-01-08 16:00:00,氮气,延炼12万吨/年乙苯/苯乙烯装置
2.31,ST010118,"<p>%(v/v)</p>
",2026-01-08 16:00:00,一氧化碳,延炼12万吨/年乙苯/苯乙烯装置
1.86,ST010118,"<p>%(v/v)</p>
",2026-01-08 16:00:00,二氧化碳,延炼12万吨/年乙苯/苯乙烯装置
19.40,ST010118,"<p>%(v/v)</p>
",2026-01-08 16:00:00,氢气,延炼12万吨/年乙苯/苯乙烯装置
26.55,ST010118,"<p>%(v/v)</p>
",2026-01-08 16:00:00,甲烷,延炼12万吨/年乙苯/苯乙烯装置
0.05,ST010118,"<p>%(v/v)</p>
",2026-01-08 16:00:00,丙烷,延炼12万吨/年乙苯/苯乙烯装置
0.09,ST010118,"<p>%(v/v)</p>
",2026-01-08 16:00:00,丙烯,延炼12万吨/年乙苯/苯乙烯装置
11.94,ST010118,"<p>%(v/v)</p>
",2026-01-08 16:00:00,乙烯,延炼12万吨/年乙苯/苯乙烯装置
0.00,ST010118,"<p>%(v/v)</p>
",2026-01-08 16:00:00,碳四(合计),延炼12万吨/年乙苯/苯乙烯装置
0.00,ST010118,"<p>%(v/v)</p>
",2026-01-08 16:00:00,异戊烷,延炼12万吨/年乙苯/苯乙烯装置
0.00,ST010118,"<p>%(v/v)</p>
",2026-01-08 16:00:00,正戊烷,延炼12万吨/年乙苯/苯乙烯装置
12.12,ST010118,"<p>%(v/v)</p>
",2026-01-08 16:00:00,乙烷,延炼12万吨/年乙苯/苯乙烯装置
0.00,ST010118,"<p>%(v/v)</p>
",2026-01-08 16:00:00,碳五(合计),延炼12万吨/年乙苯/苯乙烯装置
1.0,ST010118,<p>mg/kg</p>,2026-01-09 16:00:00,硫化氢,延炼12万吨/年乙苯/苯乙烯装置
0.76,ST010118,"<p>%(v/v)</p>
",2026-01-09 16:00:00,氧气,延炼12万吨/年乙苯/苯乙烯装置
20.59,ST010118,"<p>%(v/v)</p>
",2026-01-09 16:00:00,氮气,延炼12万吨/年乙苯/苯乙烯装置
2.29,ST010118,"<p>%(v/v)</p>
",2026-01-09 16:00:00,一氧化碳,延炼12万吨/年乙苯/苯乙烯装置
2.06,ST010118,"<p>%(v/v)</p>
",2026-01-09 16:00:00,二氧化碳,延炼12万吨/年乙苯/苯乙烯装置
19.39,ST010118,"<p>%(v/v)</p>
",2026-01-09 16:00:00,氢气,延炼12万吨/年乙苯/苯乙烯装置
28.34,ST010118,"<p>%(v/v)</p>
",2026-01-09 16:00:00,甲烷,延炼12万吨/年乙苯/苯乙烯装置
0.05,ST010118,"<p>%(v/v)</p>
",2026-01-09 16:00:00,丙烷,延炼12万吨/年乙苯/苯乙烯装置
0.09,ST010118,"<p>%(v/v)</p>
",2026-01-09 16:00:00,丙烯,延炼12万吨/年乙苯/苯乙烯装置
13.18,ST010118,"<p>%(v/v)</p>
",2026-01-09 16:00:00,乙烯,延炼12万吨/年乙苯/苯乙烯装置
0.00,ST010118,"<p>%(v/v)</p>
",2026-01-09 16:00:00,碳四(合计),延炼12万吨/年乙苯/苯乙烯装置
0.00,ST010118,"<p>%(v/v)</p>
",2026-01-09 16:00:00,异戊烷,延炼12万吨/年乙苯/苯乙烯装置
0.00,ST010118,"<p>%(v/v)</p>
",2026-01-09 16:00:00,正戊烷,延炼12万吨/年乙苯/苯乙烯装置
13.24,ST010118,"<p>%(v/v)</p>
",2026-01-09 16:00:00,乙烷,延炼12万吨/年乙苯/苯乙烯装置
0.00,ST010118,"<p>%(v/v)</p>
",2026-01-09 16:00:00,碳五(合计),延炼12万吨/年乙苯/苯乙烯装置
19.42,ST010118,"<p>%(v/v)</p>
",2026-01-10 16:00:00,氢气,延炼12万吨/年乙苯/苯乙烯装置
1.0,ST010118,<p>mg/kg</p>,2026-01-10 16:00:00,硫化氢,延炼12万吨/年乙苯/苯乙烯装置
1.37,ST010118,"<p>%(v/v)</p>
",2026-01-10 16:00:00,氧气,延炼12万吨/年乙苯/苯乙烯装置
22.03,ST010118,"<p>%(v/v)</p>
",2026-01-10 16:00:00,氮气,延炼12万吨/年乙苯/苯乙烯装置
1.97,ST010118,"<p>%(v/v)</p>
",2026-01-10 16:00:00,一氧化碳,延炼12万吨/年乙苯/苯乙烯装置
2.21,ST010118,"<p>%(v/v)</p>
",2026-01-10 16:00:00,二氧化碳,延炼12万吨/年乙苯/苯乙烯装置
27.21,ST010118,"<p>%(v/v)</p>
",2026-01-10 16:00:00,甲烷,延炼12万吨/年乙苯/苯乙烯装置
0.05,ST010118,"<p>%(v/v)</p>
",2026-01-10 16:00:00,丙烷,延炼12万吨/年乙苯/苯乙烯装置
0.09,ST010118,"<p>%(v/v)</p>
",2026-01-10 16:00:00,丙烯,延炼12万吨/年乙苯/苯乙烯装置
12.49,ST010118,"<p>%(v/v)</p>
",2026-01-10 16:00:00,乙烯,延炼12万吨/年乙苯/苯乙烯装置
0.00,ST010118,"<p>%(v/v)</p>
",2026-01-10 16:00:00,碳四(合计),延炼12万吨/年乙苯/苯乙烯装置
0.00,ST010118,"<p>%(v/v)</p>
",2026-01-10 16:00:00,异戊烷,延炼12万吨/年乙苯/苯乙烯装置
0.00,ST010118,"<p>%(v/v)</p>
",2026-01-10 16:00:00,正戊烷,延炼12万吨/年乙苯/苯乙烯装置
13.14,ST010118,"<p>%(v/v)</p>
",2026-01-10 16:00:00,乙烷,延炼12万吨/年乙苯/苯乙烯装置
0.00,ST010118,"<p>%(v/v)</p>
",2026-01-10 16:00:00,碳五(合计),延炼12万吨/年乙苯/苯乙烯装置
1.0,ST010118,<p>mg/kg</p>,2026-01-11 16:00:00,硫化氢,延炼12万吨/年乙苯/苯乙烯装置
4.58,ST010118,"<p>%(v/v)</p>
",2026-01-11 16:00:00,氧气,延炼12万吨/年乙苯/苯乙烯装置
27.87,ST010118,"<p>%(v/v)</p>
",2026-01-11 16:00:00,氮气,延炼12万吨/年乙苯/苯乙烯装置
1.90,ST010118,"<p>%(v/v)</p>
",2026-01-11 16:00:00,一氧化碳,延炼12万吨/年乙苯/苯乙烯装置
1.95,ST010118,"<p>%(v/v)</p>
",2026-01-11 16:00:00,二氧化碳,延炼12万吨/年乙苯/苯乙烯装置
16.01,ST010118,"<p>%(v/v)</p>
",2026-01-11 16:00:00,氢气,延炼12万吨/年乙苯/苯乙烯装置
23.07,ST010118,"<p>%(v/v)</p>
",2026-01-11 16:00:00,甲烷,延炼12万吨/年乙苯/苯乙烯装置
0.08,ST010118,"<p>%(v/v)</p>
",2026-01-11 16:00:00,丙烷,延炼12万吨/年乙苯/苯乙烯装置
0.19,ST010118,"<p>%(v/v)</p>
",2026-01-11 16:00:00,丙烯,延炼12万吨/年乙苯/苯乙烯装置
11.89,ST010118,"<p>%(v/v)</p>
",2026-01-11 16:00:00,乙烯,延炼12万吨/年乙苯/苯乙烯装置
0.00,ST010118,"<p>%(v/v)</p>
",2026-01-11 16:00:00,碳四(合计),延炼12万吨/年乙苯/苯乙烯装置
0.00,ST010118,"<p>%(v/v)</p>
",2026-01-11 16:00:00,异戊烷,延炼12万吨/年乙苯/苯乙烯装置
0.00,ST010118,"<p>%(v/v)</p>
",2026-01-11 16:00:00,正戊烷,延炼12万吨/年乙苯/苯乙烯装置
12.46,ST010118,"<p>%(v/v)</p>
",2026-01-11 16:00:00,乙烷,延炼12万吨/年乙苯/苯乙烯装置
0.00,ST010118,"<p>%(v/v)</p>
",2026-01-11 16:00:00,碳五(合计),延炼12万吨/年乙苯/苯乙烯装置
2.30,ST010118,"<p>%(v/v)</p>
",2026-01-12 16:00:00,氧气,延炼12万吨/年乙苯/苯乙烯装置
23.77,ST010118,"<p>%(v/v)</p>
",2026-01-12 16:00:00,氮气,延炼12万吨/年乙苯/苯乙烯装置
2.22,ST010118,"<p>%(v/v)</p>
",2026-01-12 16:00:00,一氧化碳,延炼12万吨/年乙苯/苯乙烯装置
1.90,ST010118,"<p>%(v/v)</p>
",2026-01-12 16:00:00,二氧化碳,延炼12万吨/年乙苯/苯乙烯装置
18.98,ST010118,"<p>%(v/v)</p>
",2026-01-12 16:00:00,氢气,延炼12万吨/年乙苯/苯乙烯装置
26.19,ST010118,"<p>%(v/v)</p>
",2026-01-12 16:00:00,甲烷,延炼12万吨/年乙苯/苯乙烯装置
0.04,ST010118,"<p>%(v/v)</p>
",2026-01-12 16:00:00,丙烷,延炼12万吨/年乙苯/苯乙烯装置
0.08,ST010118,"<p>%(v/v)</p>
",2026-01-12 16:00:00,丙烯,延炼12万吨/年乙苯/苯乙烯装置
12.12,ST010118,"<p>%(v/v)</p>
",2026-01-12 16:00:00,乙烯,延炼12万吨/年乙苯/苯乙烯装置
0.00,ST010118,"<p>%(v/v)</p>
",2026-01-12 16:00:00,碳四(合计),延炼12万吨/年乙苯/苯乙烯装置
0.00,ST010118,"<p>%(v/v)</p>
",2026-01-12 16:00:00,异戊烷,延炼12万吨/年乙苯/苯乙烯装置
0.00,ST010118,"<p>%(v/v)</p>
",2026-01-12 16:00:00,正戊烷,延炼12万吨/年乙苯/苯乙烯装置
12.40,ST010118,"<p>%(v/v)</p>
",2026-01-12 16:00:00,乙烷,延炼12万吨/年乙苯/苯乙烯装置
0.00,ST010118,"<p>%(v/v)</p>
",2026-01-12 16:00:00,碳五(合计),延炼12万吨/年乙苯/苯乙烯装置
1.0,ST010118,<p>mg/kg</p>,2026-01-12 16:00:00,硫化氢,延炼12万吨/年乙苯/苯乙烯装置
0.00,ST010118,"<p>%(v/v)</p>
",2026-01-13 16:00:00,异戊烷,延炼12万吨/年乙苯/苯乙烯装置
0.00,ST010118,"<p>%(v/v)</p>
",2026-01-13 16:00:00,正戊烷,延炼12万吨/年乙苯/苯乙烯装置
12.00,ST010118,"<p>%(v/v)</p>
",2026-01-13 16:00:00,乙烷,延炼12万吨/年乙苯/苯乙烯装置
0.00,ST010118,"<p>%(v/v)</p>
",2026-01-13 16:00:00,碳五(合计),延炼12万吨/年乙苯/苯乙烯装置
1.0,ST010118,<p>mg/kg</p>,2026-01-13 16:00:00,硫化氢,延炼12万吨/年乙苯/苯乙烯装置
2.10,ST010118,"<p>%(v/v)</p>
",2026-01-13 16:00:00,氧气,延炼12万吨/年乙苯/苯乙烯装置
23.35,ST010118,"<p>%(v/v)</p>
",2026-01-13 16:00:00,氮气,延炼12万吨/年乙苯/苯乙烯装置
2.28,ST010118,"<p>%(v/v)</p>
",2026-01-13 16:00:00,一氧化碳,延炼12万吨/年乙苯/苯乙烯装置
1.92,ST010118,"<p>%(v/v)</p>
",2026-01-13 16:00:00,二氧化碳,延炼12万吨/年乙苯/苯乙烯装置
19.34,ST010118,"<p>%(v/v)</p>
",2026-01-13 16:00:00,氢气,延炼12万吨/年乙苯/苯乙烯装置
26.81,ST010118,"<p>%(v/v)</p>
",2026-01-13 16:00:00,甲烷,延炼12万吨/年乙苯/苯乙烯装置
0.06,ST010118,"<p>%(v/v)</p>
",2026-01-13 16:00:00,丙烷,延炼12万吨/年乙苯/苯乙烯装置
0.13,ST010118,"<p>%(v/v)</p>
",2026-01-13 16:00:00,丙烯,延炼12万吨/年乙苯/苯乙烯装置
12.01,ST010118,"<p>%(v/v)</p>
",2026-01-13 16:00:00,乙烯,延炼12万吨/年乙苯/苯乙烯装置
0.00,ST010118,"<p>%(v/v)</p>
",2026-01-13 16:00:00,碳四(合计),延炼12万吨/年乙苯/苯乙烯装置
1.0,ST010118,<p>mg/kg</p>,2026-01-14 16:00:00,硫化氢,延炼12万吨/年乙苯/苯乙烯装置
1.78,ST010118,"<p>%(v/v)</p>
",2026-01-14 16:00:00,氧气,延炼12万吨/年乙苯/苯乙烯装置
22.80,ST010118,"<p>%(v/v)</p>
",2026-01-14 16:00:00,氮气,延炼12万吨/年乙苯/苯乙烯装置
2.20,ST010118,"<p>%(v/v)</p>
",2026-01-14 16:00:00,一氧化碳,延炼12万吨/年乙苯/苯乙烯装置
2.07,ST010118,"<p>%(v/v)</p>
",2026-01-14 16:00:00,二氧化碳,延炼12万吨/年乙苯/苯乙烯装置
18.69,ST010118,"<p>%(v/v)</p>
",2026-01-14 16:00:00,氢气,延炼12万吨/年乙苯/苯乙烯装置
26.79,ST010118,"<p>%(v/v)</p>
",2026-01-14 16:00:00,甲烷,延炼12万吨/年乙苯/苯乙烯装置
0.05,ST010118,"<p>%(v/v)</p>
",2026-01-14 16:00:00,丙烷,延炼12万吨/年乙苯/苯乙烯装置
0.12,ST010118,"<p>%(v/v)</p>
",2026-01-14 16:00:00,丙烯,延炼12万吨/年乙苯/苯乙烯装置
12.65,ST010118,"<p>%(v/v)</p>
",2026-01-14 16:00:00,乙烯,延炼12万吨/年乙苯/苯乙烯装置
0.00,ST010118,"<p>%(v/v)</p>
",2026-01-14 16:00:00,碳四(合计),延炼12万吨/年乙苯/苯乙烯装置
0.00,ST010118,"<p>%(v/v)</p>
",2026-01-14 16:00:00,异戊烷,延炼12万吨/年乙苯/苯乙烯装置
0.00,ST010118,"<p>%(v/v)</p>
",2026-01-14 16:00:00,正戊烷,延炼12万吨/年乙苯/苯乙烯装置
12.84,ST010118,"<p>%(v/v)</p>
",2026-01-14 16:00:00,乙烷,延炼12万吨/年乙苯/苯乙烯装置
0.00,ST010118,"<p>%(v/v)</p>
",2026-01-14 16:00:00,碳五(合计),延炼12万吨/年乙苯/苯乙烯装置
1.0,ST010118,<p>mg/kg</p>,2026-01-15 16:00:00,硫化氢,延炼12万吨/年乙苯/苯乙烯装置
1.68,ST010118,"<p>%(v/v)</p>
",2026-01-15 16:00:00,氧气,延炼12万吨/年乙苯/苯乙烯装置
22.30,ST010118,"<p>%(v/v)</p>
",2026-01-15 16:00:00,氮气,延炼12万吨/年乙苯/苯乙烯装置
2.28,ST010118,"<p>%(v/v)</p>
",2026-01-15 16:00:00,一氧化碳,延炼12万吨/年乙苯/苯乙烯装置
1.84,ST010118,"<p>%(v/v)</p>
",2026-01-15 16:00:00,二氧化碳,延炼12万吨/年乙苯/苯乙烯装置
19.31,ST010118,"<p>%(v/v)</p>
",2026-01-15 16:00:00,氢气,延炼12万吨/年乙苯/苯乙烯装置
26.42,ST010118,"<p>%(v/v)</p>
",2026-01-15 16:00:00,甲烷,延炼12万吨/年乙苯/苯乙烯装置
0.07,ST010118,"<p>%(v/v)</p>
",2026-01-15 16:00:00,丙烷,延炼12万吨/年乙苯/苯乙烯装置
0.14,ST010118,"<p>%(v/v)</p>
",2026-01-15 16:00:00,丙烯,延炼12万吨/年乙苯/苯乙烯装置
13.51,ST010118,"<p>%(v/v)</p>
",2026-01-15 16:00:00,乙烯,延炼12万吨/年乙苯/苯乙烯装置
0.00,ST010118,"<p>%(v/v)</p>
",2026-01-15 16:00:00,碳四(合计),延炼12万吨/年乙苯/苯乙烯装置
0.00,ST010118,"<p>%(v/v)</p>
",2026-01-15 16:00:00,异戊烷,延炼12万吨/年乙苯/苯乙烯装置
0.00,ST010118,"<p>%(v/v)</p>
",2026-01-15 16:00:00,正戊烷,延炼12万吨/年乙苯/苯乙烯装置
12.46,ST010118,"<p>%(v/v)</p>
",2026-01-15 16:00:00,乙烷,延炼12万吨/年乙苯/苯乙烯装置
0.00,ST010118,"<p>%(v/v)</p>
",2026-01-15 16:00:00,碳五(合计),延炼12万吨/年乙苯/苯乙烯装置
0.00,ST010118,"<p>%(v/v)</p>
",2026-01-16 16:00:00,异戊烷,延炼12万吨/年乙苯/苯乙烯装置
0.00,ST010118,"<p>%(v/v)</p>
",2026-01-16 16:00:00,正戊烷,延炼12万吨/年乙苯/苯乙烯装置
10.24,ST010118,"<p>%(v/v)</p>
",2026-01-16 16:00:00,乙烷,延炼12万吨/年乙苯/苯乙烯装置
0.00,ST010118,"<p>%(v/v)</p>
",2026-01-16 16:00:00,碳五(合计),延炼12万吨/年乙苯/苯乙烯装置
1.0,ST010118,<p>mg/kg</p>,2026-01-16 16:00:00,硫化氢,延炼12万吨/年乙苯/苯乙烯装置
6.08,ST010118,"<p>%(v/v)</p>
",2026-01-16 16:00:00,氧气,延炼12万吨/年乙苯/苯乙烯装置
30.80,ST010118,"<p>%(v/v)</p>
",2026-01-16 16:00:00,氮气,延炼12万吨/年乙苯/苯乙烯装置
1.95,ST010118,"<p>%(v/v)</p>
",2026-01-16 16:00:00,一氧化碳,延炼12万吨/年乙苯/苯乙烯装置
1.61,ST010118,"<p>%(v/v)</p>
",2026-01-16 16:00:00,二氧化碳,延炼12万吨/年乙苯/苯乙烯装置
16.27,ST010118,"<p>%(v/v)</p>
",2026-01-16 16:00:00,氢气,延炼12万吨/年乙苯/苯乙烯装置
22.01,ST010118,"<p>%(v/v)</p>
",2026-01-16 16:00:00,甲烷,延炼12万吨/年乙苯/苯乙烯装置
0.05,ST010118,"<p>%(v/v)</p>
",2026-01-16 16:00:00,丙烷,延炼12万吨/年乙苯/苯乙烯装置
0.09,ST010118,"<p>%(v/v)</p>
",2026-01-16 16:00:00,丙烯,延炼12万吨/年乙苯/苯乙烯装置
10.90,ST010118,"<p>%(v/v)</p>
",2026-01-16 16:00:00,乙烯,延炼12万吨/年乙苯/苯乙烯装置
0.00,ST010118,"<p>%(v/v)</p>
",2026-01-16 16:00:00,碳四(合计),延炼12万吨/年乙苯/苯乙烯装置
1.0,ST010118,<p>mg/kg</p>,2026-01-17 16:00:00,硫化氢,延炼12万吨/年乙苯/苯乙烯装置
1.82,ST010118,"<p>%(v/v)</p>
",2026-01-17 16:00:00,氧气,延炼12万吨/年乙苯/苯乙烯装置
22.60,ST010118,"<p>%(v/v)</p>
",2026-01-17 16:00:00,氮气,延炼12万吨/年乙苯/苯乙烯装置
2.39,ST010118,"<p>%(v/v)</p>
",2026-01-17 16:00:00,一氧化碳,延炼12万吨/年乙苯/苯乙烯装置
1.73,ST010118,"<p>%(v/v)</p>
",2026-01-17 16:00:00,二氧化碳,延炼12万吨/年乙苯/苯乙烯装置
18.10,ST010118,"<p>%(v/v)</p>
",2026-01-17 16:00:00,氢气,延炼12万吨/年乙苯/苯乙烯装置
27.02,ST010118,"<p>%(v/v)</p>
",2026-01-17 16:00:00,甲烷,延炼12万吨/年乙苯/苯乙烯装置
0.05,ST010118,"<p>%(v/v)</p>
",2026-01-17 16:00:00,丙烷,延炼12万吨/年乙苯/苯乙烯装置
0.08,ST010118,"<p>%(v/v)</p>
",2026-01-17 16:00:00,丙烯,延炼12万吨/年乙苯/苯乙烯装置
13.41,ST010118,"<p>%(v/v)</p>
",2026-01-17 16:00:00,乙烯,延炼12万吨/年乙苯/苯乙烯装置
0.00,ST010118,"<p>%(v/v)</p>
",2026-01-17 16:00:00,碳四(合计),延炼12万吨/年乙苯/苯乙烯装置
0.00,ST010118,"<p>%(v/v)</p>
",2026-01-17 16:00:00,异戊烷,延炼12万吨/年乙苯/苯乙烯装置
0.00,ST010118,"<p>%(v/v)</p>
",2026-01-17 16:00:00,正戊烷,延炼12万吨/年乙苯/苯乙烯装置
12.81,ST010118,"<p>%(v/v)</p>
",2026-01-17 16:00:00,乙烷,延炼12万吨/年乙苯/苯乙烯装置
0.00,ST010118,"<p>%(v/v)</p>
",2026-01-17 16:00:00,碳五(合计),延炼12万吨/年乙苯/苯乙烯装置
1.0,ST010118,<p>mg/kg</p>,2026-01-18 16:00:00,硫化氢,延炼12万吨/年乙苯/苯乙烯装置
1.52,ST010118,"<p>%(v/v)</p>
",2026-01-18 16:00:00,氧气,延炼12万吨/年乙苯/苯乙烯装置
22.47,ST010118,"<p>%(v/v)</p>
",2026-01-18 16:00:00,氮气,延炼12万吨/年乙苯/苯乙烯装置
2.51,ST010118,"<p>%(v/v)</p>
",2026-01-18 16:00:00,一氧化碳,延炼12万吨/年乙苯/苯乙烯装置
1.83,ST010118,"<p>%(v/v)</p>
",2026-01-18 16:00:00,二氧化碳,延炼12万吨/年乙苯/苯乙烯装置
19.18,ST010118,"<p>%(v/v)</p>
",2026-01-18 16:00:00,氢气,延炼12万吨/年乙苯/苯乙烯装置
27.12,ST010118,"<p>%(v/v)</p>
",2026-01-18 16:00:00,甲烷,延炼12万吨/年乙苯/苯乙烯装置
0.04,ST010118,"<p>%(v/v)</p>
",2026-01-18 16:00:00,丙烷,延炼12万吨/年乙苯/苯乙烯装置
0.06,ST010118,"<p>%(v/v)</p>
",2026-01-18 16:00:00,丙烯,延炼12万吨/年乙苯/苯乙烯装置
13.05,ST010118,"<p>%(v/v)</p>
",2026-01-18 16:00:00,乙烯,延炼12万吨/年乙苯/苯乙烯装置
0.00,ST010118,"<p>%(v/v)</p>
",2026-01-18 16:00:00,碳四(合计),延炼12万吨/年乙苯/苯乙烯装置
0.00,ST010118,"<p>%(v/v)</p>
",2026-01-18 16:00:00,异戊烷,延炼12万吨/年乙苯/苯乙烯装置
0.00,ST010118,"<p>%(v/v)</p>
",2026-01-18 16:00:00,正戊烷,延炼12万吨/年乙苯/苯乙烯装置
12.24,ST010118,"<p>%(v/v)</p>
",2026-01-18 16:00:00,乙烷,延炼12万吨/年乙苯/苯乙烯装置
0.00,ST010118,"<p>%(v/v)</p>
",2026-01-18 16:00:00,碳五(合计),延炼12万吨/年乙苯/苯乙烯装置
1.0,ST010118,<p>mg/kg</p>,2026-01-19 16:00:00,硫化氢,延炼12万吨/年乙苯/苯乙烯装置
2.97,ST010118,"<p>%(v/v)</p>
",2026-01-19 16:00:00,氧气,延炼12万吨/年乙苯/苯乙烯装置
25.40,ST010118,"<p>%(v/v)</p>
",2026-01-19 16:00:00,氮气,延炼12万吨/年乙苯/苯乙烯装置
2.12,ST010118,"<p>%(v/v)</p>
",2026-01-19 16:00:00,一氧化碳,延炼12万吨/年乙苯/苯乙烯装置
1.84,ST010118,"<p>%(v/v)</p>
",2026-01-19 16:00:00,二氧化碳,延炼12万吨/年乙苯/苯乙烯装置
18.33,ST010118,"<p>%(v/v)</p>
",2026-01-19 16:00:00,氢气,延炼12万吨/年乙苯/苯乙烯装置
25.02,ST010118,"<p>%(v/v)</p>
",2026-01-19 16:00:00,甲烷,延炼12万吨/年乙苯/苯乙烯装置
0.04,ST010118,"<p>%(v/v)</p>
",2026-01-19 16:00:00,丙烷,延炼12万吨/年乙苯/苯乙烯装置
0.07,ST010118,"<p>%(v/v)</p>
",2026-01-19 16:00:00,丙烯,延炼12万吨/年乙苯/苯乙烯装置
12.33,ST010118,"<p>%(v/v)</p>
",2026-01-19 16:00:00,乙烯,延炼12万吨/年乙苯/苯乙烯装置
0.00,ST010118,"<p>%(v/v)</p>
",2026-01-19 16:00:00,碳四(合计),延炼12万吨/年乙苯/苯乙烯装置
0.00,ST010118,"<p>%(v/v)</p>
",2026-01-19 16:00:00,异戊烷,延炼12万吨/年乙苯/苯乙烯装置
0.00,ST010118,"<p>%(v/v)</p>
",2026-01-19 16:00:00,正戊烷,延炼12万吨/年乙苯/苯乙烯装置
11.88,ST010118,"<p>%(v/v)</p>
",2026-01-19 16:00:00,乙烷,延炼12万吨/年乙苯/苯乙烯装置
0.00,ST010118,"<p>%(v/v)</p>
",2026-01-19 16:00:00,碳五(合计),延炼12万吨/年乙苯/苯乙烯装置
1.0,ST010118,<p>mg/kg</p>,2026-01-20 16:00:00,硫化氢,延炼12万吨/年乙苯/苯乙烯装置
0.62,ST010118,"<p>%(v/v)</p>
",2026-01-20 16:00:00,氧气,延炼12万吨/年乙苯/苯乙烯装置
20.73,ST010118,"<p>%(v/v)</p>
",2026-01-20 16:00:00,氮气,延炼12万吨/年乙苯/苯乙烯装置
2.42,ST010118,"<p>%(v/v)</p>
",2026-01-20 16:00:00,一氧化碳,延炼12万吨/年乙苯/苯乙烯装置
1.77,ST010118,"<p>%(v/v)</p>
",2026-01-20 16:00:00,二氧化碳,延炼12万吨/年乙苯/苯乙烯装置
22.53,ST010118,"<p>%(v/v)</p>
",2026-01-20 16:00:00,氢气,延炼12万吨/年乙苯/苯乙烯装置
26.48,ST010118,"<p>%(v/v)</p>
",2026-01-20 16:00:00,甲烷,延炼12万吨/年乙苯/苯乙烯装置
0.02,ST010118,"<p>%(v/v)</p>
",2026-01-20 16:00:00,丙烷,延炼12万吨/年乙苯/苯乙烯装置
0.05,ST010118,"<p>%(v/v)</p>
",2026-01-20 16:00:00,丙烯,延炼12万吨/年乙苯/苯乙烯装置
12.78,ST010118,"<p>%(v/v)</p>
",2026-01-20 16:00:00,乙烯,延炼12万吨/年乙苯/苯乙烯装置
0.00,ST010118,"<p>%(v/v)</p>
",2026-01-20 16:00:00,碳四(合计),延炼12万吨/年乙苯/苯乙烯装置
0.00,ST010118,"<p>%(v/v)</p>
",2026-01-20 16:00:00,异戊烷,延炼12万吨/年乙苯/苯乙烯装置
0.00,ST010118,"<p>%(v/v)</p>
",2026-01-20 16:00:00,正戊烷,延炼12万吨/年乙苯/苯乙烯装置
12.61,ST010118,"<p>%(v/v)</p>
",2026-01-20 16:00:00,乙烷,延炼12万吨/年乙苯/苯乙烯装置
0.00,ST010118,"<p>%(v/v)</p>
",2026-01-20 16:00:00,碳五(合计),延炼12万吨/年乙苯/苯乙烯装置
1.0,ST010118,<p>mg/kg</p>,2026-01-21 16:00:00,硫化氢,延炼12万吨/年乙苯/苯乙烯装置
1.43,ST010118,"<p>%(v/v)</p>
",2026-01-21 16:00:00,氧气,延炼12万吨/年乙苯/苯乙烯装置
21.72,ST010118,"<p>%(v/v)</p>
",2026-01-21 16:00:00,氮气,延炼12万吨/年乙苯/苯乙烯装置
1.74,ST010118,"<p>%(v/v)</p>
",2026-01-21 16:00:00,一氧化碳,延炼12万吨/年乙苯/苯乙烯装置
1.73,ST010118,"<p>%(v/v)</p>
",2026-01-21 16:00:00,二氧化碳,延炼12万吨/年乙苯/苯乙烯装置
21.80,ST010118,"<p>%(v/v)</p>
",2026-01-21 16:00:00,氢气,延炼12万吨/年乙苯/苯乙烯装置
25.80,ST010118,"<p>%(v/v)</p>
",2026-01-21 16:00:00,甲烷,延炼12万吨/年乙苯/苯乙烯装置
0.06,ST010118,"<p>%(v/v)</p>
",2026-01-21 16:00:00,丙烷,延炼12万吨/年乙苯/苯乙烯装置
0.19,ST010118,"<p>%(v/v)</p>
",2026-01-21 16:00:00,丙烯,延炼12万吨/年乙苯/苯乙烯装置
12.17,ST010118,"<p>%(v/v)</p>
",2026-01-21 16:00:00,乙烯,延炼12万吨/年乙苯/苯乙烯装置
0.00,ST010118,"<p>%(v/v)</p>
",2026-01-21 16:00:00,碳四(合计),延炼12万吨/年乙苯/苯乙烯装置
0.00,ST010118,"<p>%(v/v)</p>
",2026-01-21 16:00:00,异戊烷,延炼12万吨/年乙苯/苯乙烯装置
0.00,ST010118,"<p>%(v/v)</p>
",2026-01-21 16:00:00,正戊烷,延炼12万吨/年乙苯/苯乙烯装置
13.36,ST010118,"<p>%(v/v)</p>
",2026-01-21 16:00:00,乙烷,延炼12万吨/年乙苯/苯乙烯装置
0.00,ST010118,"<p>%(v/v)</p>
",2026-01-21 16:00:00,碳五(合计),延炼12万吨/年乙苯/苯乙烯装置
1.0,ST010118,<p>mg/kg</p>,2026-01-22 16:00:00,硫化氢,延炼12万吨/年乙苯/苯乙烯装置
0.77,ST010118,"<p>%(v/v)</p>
",2026-01-22 16:00:00,氧气,延炼12万吨/年乙苯/苯乙烯装置
19.44,ST010118,"<p>%(v/v)</p>
",2026-01-22 16:00:00,氮气,延炼12万吨/年乙苯/苯乙烯装置
1.51,ST010118,"<p>%(v/v)</p>
",2026-01-22 16:00:00,一氧化碳,延炼12万吨/年乙苯/苯乙烯装置
1.92,ST010118,"<p>%(v/v)</p>
",2026-01-22 16:00:00,二氧化碳,延炼12万吨/年乙苯/苯乙烯装置
21.33,ST010118,"<p>%(v/v)</p>
",2026-01-22 16:00:00,氢气,延炼12万吨/年乙苯/苯乙烯装置
26.71,ST010118,"<p>%(v/v)</p>
",2026-01-22 16:00:00,甲烷,延炼12万吨/年乙苯/苯乙烯装置
0.09,ST010118,"<p>%(v/v)</p>
",2026-01-22 16:00:00,丙烷,延炼12万吨/年乙苯/苯乙烯装置
0.19,ST010118,"<p>%(v/v)</p>
",2026-01-22 16:00:00,丙烯,延炼12万吨/年乙苯/苯乙烯装置
13.63,ST010118,"<p>%(v/v)</p>
",2026-01-22 16:00:00,乙烯,延炼12万吨/年乙苯/苯乙烯装置
0.00,ST010118,"<p>%(v/v)</p>
",2026-01-22 16:00:00,碳四(合计),延炼12万吨/年乙苯/苯乙烯装置
0.00,ST010118,"<p>%(v/v)</p>
",2026-01-22 16:00:00,异戊烷,延炼12万吨/年乙苯/苯乙烯装置
0.00,ST010118,"<p>%(v/v)</p>
",2026-01-22 16:00:00,正戊烷,延炼12万吨/年乙苯/苯乙烯装置
14.41,ST010118,"<p>%(v/v)</p>
",2026-01-22 16:00:00,乙烷,延炼12万吨/年乙苯/苯乙烯装置
0.00,ST010118,"<p>%(v/v)</p>
",2026-01-22 16:00:00,碳五(合计),延炼12万吨/年乙苯/苯乙烯装置
1.0,ST010118,<p>mg/kg</p>,2026-01-23 16:00:00,硫化氢,延炼12万吨/年乙苯/苯乙烯装置
1.90,ST010118,"<p>%(v/v)</p>
",2026-01-23 16:00:00,氧气,延炼12万吨/年乙苯/苯乙烯装置
21.93,ST010118,"<p>%(v/v)</p>
",2026-01-23 16:00:00,氮气,延炼12万吨/年乙苯/苯乙烯装置
1.74,ST010118,"<p>%(v/v)</p>
",2026-01-23 16:00:00,一氧化碳,延炼12万吨/年乙苯/苯乙烯装置
1.74,ST010118,"<p>%(v/v)</p>
",2026-01-23 16:00:00,二氧化碳,延炼12万吨/年乙苯/苯乙烯装置
20.52,ST010118,"<p>%(v/v)</p>
",2026-01-23 16:00:00,氢气,延炼12万吨/年乙苯/苯乙烯装置
26.29,ST010118,"<p>%(v/v)</p>
",2026-01-23 16:00:00,甲烷,延炼12万吨/年乙苯/苯乙烯装置
0.04,ST010118,"<p>%(v/v)</p>
",2026-01-23 16:00:00,丙烷,延炼12万吨/年乙苯/苯乙烯装置
0.08,ST010118,"<p>%(v/v)</p>
",2026-01-23 16:00:00,丙烯,延炼12万吨/年乙苯/苯乙烯装置
12.85,ST010118,"<p>%(v/v)</p>
",2026-01-23 16:00:00,乙烯,延炼12万吨/年乙苯/苯乙烯装置
0.00,ST010118,"<p>%(v/v)</p>
",2026-01-23 16:00:00,碳四(合计),延炼12万吨/年乙苯/苯乙烯装置
0.00,ST010118,"<p>%(v/v)</p>
",2026-01-23 16:00:00,异戊烷,延炼12万吨/年乙苯/苯乙烯装置
0.00,ST010118,"<p>%(v/v)</p>
",2026-01-23 16:00:00,正戊烷,延炼12万吨/年乙苯/苯乙烯装置
12.92,ST010118,"<p>%(v/v)</p>
",2026-01-23 16:00:00,乙烷,延炼12万吨/年乙苯/苯乙烯装置
0.00,ST010118,"<p>%(v/v)</p>
",2026-01-23 16:00:00,碳五(合计),延炼12万吨/年乙苯/苯乙烯装置
1.0,ST010118,<p>mg/kg</p>,2026-01-24 16:00:00,硫化氢,延炼12万吨/年乙苯/苯乙烯装置
2.24,ST010118,"<p>%(v/v)</p>
",2026-01-24 16:00:00,氧气,延炼12万吨/年乙苯/苯乙烯装置
22.56,ST010118,"<p>%(v/v)</p>
",2026-01-24 16:00:00,氮气,延炼12万吨/年乙苯/苯乙烯装置
1.67,ST010118,"<p>%(v/v)</p>
",2026-01-24 16:00:00,一氧化碳,延炼12万吨/年乙苯/苯乙烯装置
1.81,ST010118,"<p>%(v/v)</p>
",2026-01-24 16:00:00,二氧化碳,延炼12万吨/年乙苯/苯乙烯装置
19.04,ST010118,"<p>%(v/v)</p>
",2026-01-24 16:00:00,氢气,延炼12万吨/年乙苯/苯乙烯装置
25.48,ST010118,"<p>%(v/v)</p>
",2026-01-24 16:00:00,甲烷,延炼12万吨/年乙苯/苯乙烯装置
0.07,ST010118,"<p>%(v/v)</p>
",2026-01-24 16:00:00,丙烷,延炼12万吨/年乙苯/苯乙烯装置
0.13,ST010118,"<p>%(v/v)</p>
",2026-01-24 16:00:00,丙烯,延炼12万吨/年乙苯/苯乙烯装置
13.34,ST010118,"<p>%(v/v)</p>
",2026-01-24 16:00:00,乙烯,延炼12万吨/年乙苯/苯乙烯装置
0.00,ST010118,"<p>%(v/v)</p>
",2026-01-24 16:00:00,碳四(合计),延炼12万吨/年乙苯/苯乙烯装置
0.00,ST010118,"<p>%(v/v)</p>
",2026-01-24 16:00:00,异戊烷,延炼12万吨/年乙苯/苯乙烯装置
0.00,ST010118,"<p>%(v/v)</p>
",2026-01-24 16:00:00,正戊烷,延炼12万吨/年乙苯/苯乙烯装置
13.68,ST010118,"<p>%(v/v)</p>
",2026-01-24 16:00:00,乙烷,延炼12万吨/年乙苯/苯乙烯装置
0.00,ST010118,"<p>%(v/v)</p>
",2026-01-24 16:00:00,碳五(合计),延炼12万吨/年乙苯/苯乙烯装置
1.0,ST010118,<p>mg/kg</p>,2026-01-25 16:00:00,硫化氢,延炼12万吨/年乙苯/苯乙烯装置
1.38,ST010118,"<p>%(v/v)</p>
",2026-01-25 16:00:00,氧气,延炼12万吨/年乙苯/苯乙烯装置
21.59,ST010118,"<p>%(v/v)</p>
",2026-01-25 16:00:00,氮气,延炼12万吨/年乙苯/苯乙烯装置
1.50,ST010118,"<p>%(v/v)</p>
",2026-01-25 16:00:00,一氧化碳,延炼12万吨/年乙苯/苯乙烯装置
1.83,ST010118,"<p>%(v/v)</p>
",2026-01-25 16:00:00,二氧化碳,延炼12万吨/年乙苯/苯乙烯装置
20.64,ST010118,"<p>%(v/v)</p>
",2026-01-25 16:00:00,氢气,延炼12万吨/年乙苯/苯乙烯装置
26.37,ST010118,"<p>%(v/v)</p>
",2026-01-25 16:00:00,甲烷,延炼12万吨/年乙苯/苯乙烯装置
0.05,ST010118,"<p>%(v/v)</p>
",2026-01-25 16:00:00,丙烷,延炼12万吨/年乙苯/苯乙烯装置
0.10,ST010118,"<p>%(v/v)</p>
",2026-01-25 16:00:00,丙烯,延炼12万吨/年乙苯/苯乙烯装置
13.08,ST010118,"<p>%(v/v)</p>
",2026-01-25 16:00:00,乙烯,延炼12万吨/年乙苯/苯乙烯装置
0.00,ST010118,"<p>%(v/v)</p>
",2026-01-25 16:00:00,碳四(合计),延炼12万吨/年乙苯/苯乙烯装置
0.00,ST010118,"<p>%(v/v)</p>
",2026-01-25 16:00:00,异戊烷,延炼12万吨/年乙苯/苯乙烯装置
0.00,ST010118,"<p>%(v/v)</p>
",2026-01-25 16:00:00,正戊烷,延炼12万吨/年乙苯/苯乙烯装置
13.47,ST010118,"<p>%(v/v)</p>
",2026-01-25 16:00:00,乙烷,延炼12万吨/年乙苯/苯乙烯装置
0.00,ST010118,"<p>%(v/v)</p>
",2026-01-25 16:00:00,碳五(合计),延炼12万吨/年乙苯/苯乙烯装置
1.0,ST010118,<p>mg/kg</p>,2026-01-26 16:00:00,硫化氢,延炼12万吨/年乙苯/苯乙烯装置
0.87,ST010118,"<p>%(v/v)</p>
",2026-01-26 16:00:00,氧气,延炼12万吨/年乙苯/苯乙烯装置
19.48,ST010118,"<p>%(v/v)</p>
",2026-01-26 16:00:00,氮气,延炼12万吨/年乙苯/苯乙烯装置
1.72,ST010118,"<p>%(v/v)</p>
",2026-01-26 16:00:00,一氧化碳,延炼12万吨/年乙苯/苯乙烯装置
2.19,ST010118,"<p>%(v/v)</p>
",2026-01-26 16:00:00,二氧化碳,延炼12万吨/年乙苯/苯乙烯装置
20.55,ST010118,"<p>%(v/v)</p>
",2026-01-26 16:00:00,氢气,延炼12万吨/年乙苯/苯乙烯装置
27.28,ST010118,"<p>%(v/v)</p>
",2026-01-26 16:00:00,甲烷,延炼12万吨/年乙苯/苯乙烯装置
0.04,ST010118,"<p>%(v/v)</p>
",2026-01-26 16:00:00,丙烷,延炼12万吨/年乙苯/苯乙烯装置
0.08,ST010118,"<p>%(v/v)</p>
",2026-01-26 16:00:00,丙烯,延炼12万吨/年乙苯/苯乙烯装置
13.82,ST010118,"<p>%(v/v)</p>
",2026-01-26 16:00:00,乙烯,延炼12万吨/年乙苯/苯乙烯装置
0.00,ST010118,"<p>%(v/v)</p>
",2026-01-26 16:00:00,碳四(合计),延炼12万吨/年乙苯/苯乙烯装置
0.00,ST010118,"<p>%(v/v)</p>
",2026-01-26 16:00:00,异戊烷,延炼12万吨/年乙苯/苯乙烯装置
0.00,ST010118,"<p>%(v/v)</p>
",2026-01-26 16:00:00,正戊烷,延炼12万吨/年乙苯/苯乙烯装置
13.95,ST010118,"<p>%(v/v)</p>
",2026-01-26 16:00:00,乙烷,延炼12万吨/年乙苯/苯乙烯装置
0.00,ST010118,"<p>%(v/v)</p>
",2026-01-26 16:00:00,碳五(合计),延炼12万吨/年乙苯/苯乙烯装置
1.0,ST010118,<p>mg/kg</p>,2026-01-27 16:00:00,硫化氢,延炼12万吨/年乙苯/苯乙烯装置
1.98,ST010118,"<p>%(v/v)</p>
",2026-01-27 16:00:00,氧气,延炼12万吨/年乙苯/苯乙烯装置
22.35,ST010118,"<p>%(v/v)</p>
",2026-01-27 16:00:00,氮气,延炼12万吨/年乙苯/苯乙烯装置
1.66,ST010118,"<p>%(v/v)</p>
",2026-01-27 16:00:00,一氧化碳,延炼12万吨/年乙苯/苯乙烯装置
1.92,ST010118,"<p>%(v/v)</p>
",2026-01-27 16:00:00,二氧化碳,延炼12万吨/年乙苯/苯乙烯装置
20.24,ST010118,"<p>%(v/v)</p>
",2026-01-27 16:00:00,氢气,延炼12万吨/年乙苯/苯乙烯装置
26.23,ST010118,"<p>%(v/v)</p>
",2026-01-27 16:00:00,甲烷,延炼12万吨/年乙苯/苯乙烯装置
0.04,ST010118,"<p>%(v/v)</p>
",2026-01-27 16:00:00,丙烷,延炼12万吨/年乙苯/苯乙烯装置
0.08,ST010118,"<p>%(v/v)</p>
",2026-01-27 16:00:00,丙烯,延炼12万吨/年乙苯/苯乙烯装置
12.78,ST010118,"<p>%(v/v)</p>
",2026-01-27 16:00:00,乙烯,延炼12万吨/年乙苯/苯乙烯装置
0.00,ST010118,"<p>%(v/v)</p>
",2026-01-27 16:00:00,碳四(合计),延炼12万吨/年乙苯/苯乙烯装置
0.00,ST010118,"<p>%(v/v)</p>
",2026-01-27 16:00:00,异戊烷,延炼12万吨/年乙苯/苯乙烯装置
0.00,ST010118,"<p>%(v/v)</p>
",2026-01-27 16:00:00,正戊烷,延炼12万吨/年乙苯/苯乙烯装置
12.72,ST010118,"<p>%(v/v)</p>
",2026-01-27 16:00:00,乙烷,延炼12万吨/年乙苯/苯乙烯装置
0.00,ST010118,"<p>%(v/v)</p>
",2026-01-27 16:00:00,碳五(合计),延炼12万吨/年乙苯/苯乙烯装置
0.37,ST010118,"<p>%(v/v)</p>
",2026-01-28 16:00:00,氧气,延炼12万吨/年乙苯/苯乙烯装置
18.15,ST010118,"<p>%(v/v)</p>
",2026-01-28 16:00:00,氮气,延炼12万吨/年乙苯/苯乙烯装置
1.91,ST010118,"<p>%(v/v)</p>
",2026-01-28 16:00:00,一氧化碳,延炼12万吨/年乙苯/苯乙烯装置
2.12,ST010118,"<p>%(v/v)</p>
",2026-01-28 16:00:00,二氧化碳,延炼12万吨/年乙苯/苯乙烯装置
21.66,ST010118,"<p>%(v/v)</p>
",2026-01-28 16:00:00,氢气,延炼12万吨/年乙苯/苯乙烯装置
28.38,ST010118,"<p>%(v/v)</p>
",2026-01-28 16:00:00,甲烷,延炼12万吨/年乙苯/苯乙烯装置
0.06,ST010118,"<p>%(v/v)</p>
",2026-01-28 16:00:00,丙烷,延炼12万吨/年乙苯/苯乙烯装置
0.09,ST010118,"<p>%(v/v)</p>
",2026-01-28 16:00:00,丙烯,延炼12万吨/年乙苯/苯乙烯装置
13.93,ST010118,"<p>%(v/v)</p>
",2026-01-28 16:00:00,乙烯,延炼12万吨/年乙苯/苯乙烯装置
0.00,ST010118,"<p>%(v/v)</p>
",2026-01-28 16:00:00,碳四(合计),延炼12万吨/年乙苯/苯乙烯装置
0.00,ST010118,"<p>%(v/v)</p>
",2026-01-28 16:00:00,异戊烷,延炼12万吨/年乙苯/苯乙烯装置
0.00,ST010118,"<p>%(v/v)</p>
",2026-01-28 16:00:00,正戊烷,延炼12万吨/年乙苯/苯乙烯装置
13.34,ST010118,"<p>%(v/v)</p>
",2026-01-28 16:00:00,乙烷,延炼12万吨/年乙苯/苯乙烯装置
0.00,ST010118,"<p>%(v/v)</p>
",2026-01-28 16:00:00,碳五(合计),延炼12万吨/年乙苯/苯乙烯装置
1.0,ST010118,<p>mg/kg</p>,2026-01-28 16:00:00,硫化氢,延炼12万吨/年乙苯/苯乙烯装置
0.78,ST010118,"<p>%(v/v)</p>
",2026-01-29 16:00:00,氧气,延炼12万吨/年乙苯/苯乙烯装置
19.61,ST010118,"<p>%(v/v)</p>
",2026-01-29 16:00:00,氮气,延炼12万吨/年乙苯/苯乙烯装置
1.89,ST010118,"<p>%(v/v)</p>
",2026-01-29 16:00:00,一氧化碳,延炼12万吨/年乙苯/苯乙烯装置
2.21,ST010118,"<p>%(v/v)</p>
",2026-01-29 16:00:00,二氧化碳,延炼12万吨/年乙苯/苯乙烯装置
20.44,ST010118,"<p>%(v/v)</p>
",2026-01-29 16:00:00,氢气,延炼12万吨/年乙苯/苯乙烯装置
27.79,ST010118,"<p>%(v/v)</p>
",2026-01-29 16:00:00,甲烷,延炼12万吨/年乙苯/苯乙烯装置
0.04,ST010118,"<p>%(v/v)</p>
",2026-01-29 16:00:00,丙烷,延炼12万吨/年乙苯/苯乙烯装置
0.07,ST010118,"<p>%(v/v)</p>
",2026-01-29 16:00:00,丙烯,延炼12万吨/年乙苯/苯乙烯装置
13.67,ST010118,"<p>%(v/v)</p>
",2026-01-29 16:00:00,乙烯,延炼12万吨/年乙苯/苯乙烯装置
0.00,ST010118,"<p>%(v/v)</p>
",2026-01-29 16:00:00,碳四(合计),延炼12万吨/年乙苯/苯乙烯装置
0.00,ST010118,"<p>%(v/v)</p>
",2026-01-29 16:00:00,异戊烷,延炼12万吨/年乙苯/苯乙烯装置
0.00,ST010118,"<p>%(v/v)</p>
",2026-01-29 16:00:00,正戊烷,延炼12万吨/年乙苯/苯乙烯装置
13.49,ST010118,"<p>%(v/v)</p>
",2026-01-29 16:00:00,乙烷,延炼12万吨/年乙苯/苯乙烯装置
0.00,ST010118,"<p>%(v/v)</p>
",2026-01-29 16:00:00,碳五(合计),延炼12万吨/年乙苯/苯乙烯装置
1.0,ST010118,<p>mg/kg</p>,2026-01-29 16:00:00,硫化氢,延炼12万吨/年乙苯/苯乙烯装置
1.0,ST010118,<p>mg/kg</p>,2026-01-30 16:00:00,硫化氢,延炼12万吨/年乙苯/苯乙烯装置
0.46,ST010118,"<p>%(v/v)</p>
",2026-01-30 16:00:00,氧气,延炼12万吨/年乙苯/苯乙烯装置
20.45,ST010118,"<p>%(v/v)</p>
",2026-01-30 16:00:00,氮气,延炼12万吨/年乙苯/苯乙烯装置
1.85,ST010118,"<p>%(v/v)</p>
",2026-01-30 16:00:00,一氧化碳,延炼12万吨/年乙苯/苯乙烯装置
2.28,ST010118,"<p>%(v/v)</p>
",2026-01-30 16:00:00,二氧化碳,延炼12万吨/年乙苯/苯乙烯装置
19.82,ST010118,"<p>%(v/v)</p>
",2026-01-30 16:00:00,氢气,延炼12万吨/年乙苯/苯乙烯装置
27.00,ST010118,"<p>%(v/v)</p>
",2026-01-30 16:00:00,甲烷,延炼12万吨/年乙苯/苯乙烯装置
0.07,ST010118,"<p>%(v/v)</p>
",2026-01-30 16:00:00,丙烷,延炼12万吨/年乙苯/苯乙烯装置
0.14,ST010118,"<p>%(v/v)</p>
",2026-01-30 16:00:00,丙烯,延炼12万吨/年乙苯/苯乙烯装置
13.52,ST010118,"<p>%(v/v)</p>
",2026-01-30 16:00:00,乙烯,延炼12万吨/年乙苯/苯乙烯装置
0.00,ST010118,"<p>%(v/v)</p>
",2026-01-30 16:00:00,碳四(合计),延炼12万吨/年乙苯/苯乙烯装置
0.00,ST010118,"<p>%(v/v)</p>
",2026-01-30 16:00:00,异戊烷,延炼12万吨/年乙苯/苯乙烯装置
0.00,ST010118,"<p>%(v/v)</p>
",2026-01-30 16:00:00,正戊烷,延炼12万吨/年乙苯/苯乙烯装置
14.41,ST010118,"<p>%(v/v)</p>
",2026-01-30 16:00:00,乙烷,延炼12万吨/年乙苯/苯乙烯装置
0.00,ST010118,"<p>%(v/v)</p>
",2026-01-30 16:00:00,碳五(合计),延炼12万吨/年乙苯/苯乙烯装置
0.49,ST010118,"<p>%(v/v)</p>
",2026-01-31 16:00:00,氧气,延炼12万吨/年乙苯/苯乙烯装置
21.10,ST010118,"<p>%(v/v)</p>
",2026-01-31 16:00:00,氮气,延炼12万吨/年乙苯/苯乙烯装置
2.00,ST010118,"<p>%(v/v)</p>
",2026-01-31 16:00:00,一氧化碳,延炼12万吨/年乙苯/苯乙烯装置
2.29,ST010118,"<p>%(v/v)</p>
",2026-01-31 16:00:00,二氧化碳,延炼12万吨/年乙苯/苯乙烯装置
20.28,ST010118,"<p>%(v/v)</p>
",2026-01-31 16:00:00,氢气,延炼12万吨/年乙苯/苯乙烯装置
27.16,ST010118,"<p>%(v/v)</p>
",2026-01-31 16:00:00,甲烷,延炼12万吨/年乙苯/苯乙烯装置
0.05,ST010118,"<p>%(v/v)</p>
",2026-01-31 16:00:00,丙烷,延炼12万吨/年乙苯/苯乙烯装置
0.09,ST010118,"<p>%(v/v)</p>
",2026-01-31 16:00:00,丙烯,延炼12万吨/年乙苯/苯乙烯装置
13.33,ST010118,"<p>%(v/v)</p>
",2026-01-31 16:00:00,乙烯,延炼12万吨/年乙苯/苯乙烯装置
0.00,ST010118,"<p>%(v/v)</p>
",2026-01-31 16:00:00,碳四(合计),延炼12万吨/年乙苯/苯乙烯装置
0.00,ST010118,"<p>%(v/v)</p>
",2026-01-31 16:00:00,异戊烷,延炼12万吨/年乙苯/苯乙烯装置
0.00,ST010118,"<p>%(v/v)</p>
",2026-01-31 16:00:00,正戊烷,延炼12万吨/年乙苯/苯乙烯装置
13.21,ST010118,"<p>%(v/v)</p>
",2026-01-31 16:00:00,乙烷,延炼12万吨/年乙苯/苯乙烯装置
0.00,ST010118,"<p>%(v/v)</p>
",2026-01-31 16:00:00,碳五(合计),延炼12万吨/年乙苯/苯乙烯装置
1.0,ST010118,<p>mg/kg</p>,2026-01-31 16:00:00,硫化氢,延炼12万吨/年乙苯/苯乙烯装置
1.0,ST010118,<p>mg/kg</p>,2026-02-01 16:00:00,硫化氢,延炼12万吨/年乙苯/苯乙烯装置
0.92,ST010118,"<p>%(v/v)</p>
",2026-02-01 16:00:00,氧气,延炼12万吨/年乙苯/苯乙烯装置
21.03,ST010118,"<p>%(v/v)</p>
",2026-02-01 16:00:00,氮气,延炼12万吨/年乙苯/苯乙烯装置
1.79,ST010118,"<p>%(v/v)</p>
",2026-02-01 16:00:00,一氧化碳,延炼12万吨/年乙苯/苯乙烯装置
2.22,ST010118,"<p>%(v/v)</p>
",2026-02-01 16:00:00,二氧化碳,延炼12万吨/年乙苯/苯乙烯装置
20.67,ST010118,"<p>%(v/v)</p>
",2026-02-01 16:00:00,氢气,延炼12万吨/年乙苯/苯乙烯装置
27.18,ST010118,"<p>%(v/v)</p>
",2026-02-01 16:00:00,甲烷,延炼12万吨/年乙苯/苯乙烯装置
0.05,ST010118,"<p>%(v/v)</p>
",2026-02-01 16:00:00,丙烷,延炼12万吨/年乙苯/苯乙烯装置
0.10,ST010118,"<p>%(v/v)</p>
",2026-02-01 16:00:00,丙烯,延炼12万吨/年乙苯/苯乙烯装置
13.00,ST010118,"<p>%(v/v)</p>
",2026-02-01 16:00:00,乙烯,延炼12万吨/年乙苯/苯乙烯装置
0.00,ST010118,"<p>%(v/v)</p>
",2026-02-01 16:00:00,碳四(合计),延炼12万吨/年乙苯/苯乙烯装置
0.00,ST010118,"<p>%(v/v)</p>
",2026-02-01 16:00:00,异戊烷,延炼12万吨/年乙苯/苯乙烯装置
0.00,ST010118,"<p>%(v/v)</p>
",2026-02-01 16:00:00,正戊烷,延炼12万吨/年乙苯/苯乙烯装置
13.04,ST010118,"<p>%(v/v)</p>
",2026-02-01 16:00:00,乙烷,延炼12万吨/年乙苯/苯乙烯装置
0.00,ST010118,"<p>%(v/v)</p>
",2026-02-01 16:00:00,碳五(合计),延炼12万吨/年乙苯/苯乙烯装置
1.0,ST010118,<p>mg/kg</p>,2026-02-02 16:00:00,硫化氢,延炼12万吨/年乙苯/苯乙烯装置
0.94,ST010118,"<p>%(v/v)</p>
",2026-02-02 16:00:00,氧气,延炼12万吨/年乙苯/苯乙烯装置
19.71,ST010118,"<p>%(v/v)</p>
",2026-02-02 16:00:00,氮气,延炼12万吨/年乙苯/苯乙烯装置
1.77,ST010118,"<p>%(v/v)</p>
",2026-02-02 16:00:00,一氧化碳,延炼12万吨/年乙苯/苯乙烯装置
2.11,ST010118,"<p>%(v/v)</p>
",2026-02-02 16:00:00,二氧化碳,延炼12万吨/年乙苯/苯乙烯装置
21.10,ST010118,"<p>%(v/v)</p>
",2026-02-02 16:00:00,氢气,延炼12万吨/年乙苯/苯乙烯装置
27.13,ST010118,"<p>%(v/v)</p>
",2026-02-02 16:00:00,甲烷,延炼12万吨/年乙苯/苯乙烯装置
0.08,ST010118,"<p>%(v/v)</p>
",2026-02-02 16:00:00,丙烷,延炼12万吨/年乙苯/苯乙烯装置
0.19,ST010118,"<p>%(v/v)</p>
",2026-02-02 16:00:00,丙烯,延炼12万吨/年乙苯/苯乙烯装置
13.39,ST010118,"<p>%(v/v)</p>
",2026-02-02 16:00:00,乙烯,延炼12万吨/年乙苯/苯乙烯装置
0.00,ST010118,"<p>%(v/v)</p>
",2026-02-02 16:00:00,碳四(合计),延炼12万吨/年乙苯/苯乙烯装置
0.00,ST010118,"<p>%(v/v)</p>
",2026-02-02 16:00:00,异戊烷,延炼12万吨/年乙苯/苯乙烯装置
0.00,ST010118,"<p>%(v/v)</p>
",2026-02-02 16:00:00,正戊烷,延炼12万吨/年乙苯/苯乙烯装置
13.58,ST010118,"<p>%(v/v)</p>
",2026-02-02 16:00:00,乙烷,延炼12万吨/年乙苯/苯乙烯装置
0.00,ST010118,"<p>%(v/v)</p>
",2026-02-02 16:00:00,碳五(合计),延炼12万吨/年乙苯/苯乙烯装置
1.0,ST010118,<p>mg/kg</p>,2026-02-03 16:00:00,硫化氢,延炼12万吨/年乙苯/苯乙烯装置
1.11,ST010118,"<p>%(v/v)</p>
",2026-02-03 16:00:00,氧气,延炼12万吨/年乙苯/苯乙烯装置
20.62,ST010118,"<p>%(v/v)</p>
",2026-02-03 16:00:00,氮气,延炼12万吨/年乙苯/苯乙烯装置
1.91,ST010118,"<p>%(v/v)</p>
",2026-02-03 16:00:00,一氧化碳,延炼12万吨/年乙苯/苯乙烯装置
2.12,ST010118,"<p>%(v/v)</p>
",2026-02-03 16:00:00,二氧化碳,延炼12万吨/年乙苯/苯乙烯装置
20.91,ST010118,"<p>%(v/v)</p>
",2026-02-03 16:00:00,氢气,延炼12万吨/年乙苯/苯乙烯装置
27.03,ST010118,"<p>%(v/v)</p>
",2026-02-03 16:00:00,甲烷,延炼12万吨/年乙苯/苯乙烯装置
0.06,ST010118,"<p>%(v/v)</p>
",2026-02-03 16:00:00,丙烷,延炼12万吨/年乙苯/苯乙烯装置
0.14,ST010118,"<p>%(v/v)</p>
",2026-02-03 16:00:00,丙烯,延炼12万吨/年乙苯/苯乙烯装置
13.19,ST010118,"<p>%(v/v)</p>
",2026-02-03 16:00:00,乙烯,延炼12万吨/年乙苯/苯乙烯装置
0.00,ST010118,"<p>%(v/v)</p>
",2026-02-03 16:00:00,碳四(合计),延炼12万吨/年乙苯/苯乙烯装置
0.00,ST010118,"<p>%(v/v)</p>
",2026-02-03 16:00:00,异戊烷,延炼12万吨/年乙苯/苯乙烯装置
0.00,ST010118,"<p>%(v/v)</p>
",2026-02-03 16:00:00,正戊烷,延炼12万吨/年乙苯/苯乙烯装置
12.90,ST010118,"<p>%(v/v)</p>
",2026-02-03 16:00:00,乙烷,延炼12万吨/年乙苯/苯乙烯装置
0.00,ST010118,"<p>%(v/v)</p>
",2026-02-03 16:00:00,碳五(合计),延炼12万吨/年乙苯/苯乙烯装置
1.0,ST010118,<p>mg/kg</p>,2026-02-04 16:00:00,硫化氢,延炼12万吨/年乙苯/苯乙烯装置
2.21,ST010118,"<p>%(v/v)</p>
",2026-02-04 16:00:00,氧气,延炼12万吨/年乙苯/苯乙烯装置
22.67,ST010118,"<p>%(v/v)</p>
",2026-02-04 16:00:00,氮气,延炼12万吨/年乙苯/苯乙烯装置
1.73,ST010118,"<p>%(v/v)</p>
",2026-02-04 16:00:00,一氧化碳,延炼12万吨/年乙苯/苯乙烯装置
1.95,ST010118,"<p>%(v/v)</p>
",2026-02-04 16:00:00,二氧化碳,延炼12万吨/年乙苯/苯乙烯装置
20.18,ST010118,"<p>%(v/v)</p>
",2026-02-04 16:00:00,氢气,延炼12万吨/年乙苯/苯乙烯装置
25.92,ST010118,"<p>%(v/v)</p>
",2026-02-04 16:00:00,甲烷,延炼12万吨/年乙苯/苯乙烯装置
0.08,ST010118,"<p>%(v/v)</p>
",2026-02-04 16:00:00,丙烷,延炼12万吨/年乙苯/苯乙烯装置
0.21,ST010118,"<p>%(v/v)</p>
",2026-02-04 16:00:00,丙烯,延炼12万吨/年乙苯/苯乙烯装置
12.57,ST010118,"<p>%(v/v)</p>
",2026-02-04 16:00:00,乙烯,延炼12万吨/年乙苯/苯乙烯装置
0.00,ST010118,"<p>%(v/v)</p>
",2026-02-04 16:00:00,碳四(合计),延炼12万吨/年乙苯/苯乙烯装置
0.00,ST010118,"<p>%(v/v)</p>
",2026-02-04 16:00:00,异戊烷,延炼12万吨/年乙苯/苯乙烯装置
0.00,ST010118,"<p>%(v/v)</p>
",2026-02-04 16:00:00,正戊烷,延炼12万吨/年乙苯/苯乙烯装置
12.48,ST010118,"<p>%(v/v)</p>
",2026-02-04 16:00:00,乙烷,延炼12万吨/年乙苯/苯乙烯装置
0.00,ST010118,"<p>%(v/v)</p>
",2026-02-04 16:00:00,碳五(合计),延炼12万吨/年乙苯/苯乙烯装置
1.0,ST010118,<p>mg/kg</p>,2026-02-05 16:00:00,硫化氢,延炼12万吨/年乙苯/苯乙烯装置
0.82,ST010118,"<p>%(v/v)</p>
",2026-02-05 16:00:00,氧气,延炼12万吨/年乙苯/苯乙烯装置
19.74,ST010118,"<p>%(v/v)</p>
",2026-02-05 16:00:00,氮气,延炼12万吨/年乙苯/苯乙烯装置
1.85,ST010118,"<p>%(v/v)</p>
",2026-02-05 16:00:00,一氧化碳,延炼12万吨/年乙苯/苯乙烯装置
1.98,ST010118,"<p>%(v/v)</p>
",2026-02-05 16:00:00,二氧化碳,延炼12万吨/年乙苯/苯乙烯装置
20.84,ST010118,"<p>%(v/v)</p>
",2026-02-05 16:00:00,氢气,延炼12万吨/年乙苯/苯乙烯装置
27.62,ST010118,"<p>%(v/v)</p>
",2026-02-05 16:00:00,甲烷,延炼12万吨/年乙苯/苯乙烯装置
0.06,ST010118,"<p>%(v/v)</p>
",2026-02-05 16:00:00,丙烷,延炼12万吨/年乙苯/苯乙烯装置
0.16,ST010118,"<p>%(v/v)</p>
",2026-02-05 16:00:00,丙烯,延炼12万吨/年乙苯/苯乙烯装置
13.58,ST010118,"<p>%(v/v)</p>
",2026-02-05 16:00:00,乙烯,延炼12万吨/年乙苯/苯乙烯装置
0.00,ST010118,"<p>%(v/v)</p>
",2026-02-05 16:00:00,碳四(合计),延炼12万吨/年乙苯/苯乙烯装置
0.00,ST010118,"<p>%(v/v)</p>
",2026-02-05 16:00:00,异戊烷,延炼12万吨/年乙苯/苯乙烯装置
0.00,ST010118,"<p>%(v/v)</p>
",2026-02-05 16:00:00,正戊烷,延炼12万吨/年乙苯/苯乙烯装置
13.36,ST010118,"<p>%(v/v)</p>
",2026-02-05 16:00:00,乙烷,延炼12万吨/年乙苯/苯乙烯装置
0.00,ST010118,"<p>%(v/v)</p>
",2026-02-05 16:00:00,碳五(合计),延炼12万吨/年乙苯/苯乙烯装置
1.0,ST010118,<p>mg/kg</p>,2026-02-06 16:00:00,硫化氢,延炼12万吨/年乙苯/苯乙烯装置
1.91,ST010118,"<p>%(v/v)</p>
",2026-02-06 16:00:00,氧气,延炼12万吨/年乙苯/苯乙烯装置
21.95,ST010118,"<p>%(v/v)</p>
",2026-02-06 16:00:00,氮气,延炼12万吨/年乙苯/苯乙烯装置
1.34,ST010118,"<p>%(v/v)</p>
",2026-02-06 16:00:00,一氧化碳,延炼12万吨/年乙苯/苯乙烯装置
2.18,ST010118,"<p>%(v/v)</p>
",2026-02-06 16:00:00,二氧化碳,延炼12万吨/年乙苯/苯乙烯装置
20.35,ST010118,"<p>%(v/v)</p>
",2026-02-06 16:00:00,氢气,延炼12万吨/年乙苯/苯乙烯装置
26.30,ST010118,"<p>%(v/v)</p>
",2026-02-06 16:00:00,甲烷,延炼12万吨/年乙苯/苯乙烯装置
0.04,ST010118,"<p>%(v/v)</p>
",2026-02-06 16:00:00,丙烷,延炼12万吨/年乙苯/苯乙烯装置
0.08,ST010118,"<p>%(v/v)</p>
",2026-02-06 16:00:00,丙烯,延炼12万吨/年乙苯/苯乙烯装置
13.03,ST010118,"<p>%(v/v)</p>
",2026-02-06 16:00:00,乙烯,延炼12万吨/年乙苯/苯乙烯装置
0.00,ST010118,"<p>%(v/v)</p>
",2026-02-06 16:00:00,碳四(合计),延炼12万吨/年乙苯/苯乙烯装置
0.00,ST010118,"<p>%(v/v)</p>
",2026-02-06 16:00:00,异戊烷,延炼12万吨/年乙苯/苯乙烯装置
0.00,ST010118,"<p>%(v/v)</p>
",2026-02-06 16:00:00,正戊烷,延炼12万吨/年乙苯/苯乙烯装置
12.82,ST010118,"<p>%(v/v)</p>
",2026-02-06 16:00:00,乙烷,延炼12万吨/年乙苯/苯乙烯装置
0.00,ST010118,"<p>%(v/v)</p>
",2026-02-06 16:00:00,碳五(合计),延炼12万吨/年乙苯/苯乙烯装置
1.0,ST010118,<p>mg/kg</p>,2026-02-07 16:00:00,硫化氢,延炼12万吨/年乙苯/苯乙烯装置
0.95,ST010118,"<p>%(v/v)</p>
",2026-02-07 16:00:00,氧气,延炼12万吨/年乙苯/苯乙烯装置
19.54,ST010118,"<p>%(v/v)</p>
",2026-02-07 16:00:00,氮气,延炼12万吨/年乙苯/苯乙烯装置
1.66,ST010118,"<p>%(v/v)</p>
",2026-02-07 16:00:00,一氧化碳,延炼12万吨/年乙苯/苯乙烯装置
2.21,ST010118,"<p>%(v/v)</p>
",2026-02-07 16:00:00,二氧化碳,延炼12万吨/年乙苯/苯乙烯装置
20.43,ST010118,"<p>%(v/v)</p>
",2026-02-07 16:00:00,氢气,延炼12万吨/年乙苯/苯乙烯装置
27.79,ST010118,"<p>%(v/v)</p>
",2026-02-07 16:00:00,甲烷,延炼12万吨/年乙苯/苯乙烯装置
0.06,ST010118,"<p>%(v/v)</p>
",2026-02-07 16:00:00,丙烷,延炼12万吨/年乙苯/苯乙烯装置
0.14,ST010118,"<p>%(v/v)</p>
",2026-02-07 16:00:00,丙烯,延炼12万吨/年乙苯/苯乙烯装置
13.60,ST010118,"<p>%(v/v)</p>
",2026-02-07 16:00:00,乙烯,延炼12万吨/年乙苯/苯乙烯装置
0.00,ST010118,"<p>%(v/v)</p>
",2026-02-07 16:00:00,碳四(合计),延炼12万吨/年乙苯/苯乙烯装置
0.00,ST010118,"<p>%(v/v)</p>
",2026-02-07 16:00:00,异戊烷,延炼12万吨/年乙苯/苯乙烯装置
0.00,ST010118,"<p>%(v/v)</p>
",2026-02-07 16:00:00,正戊烷,延炼12万吨/年乙苯/苯乙烯装置
13.62,ST010118,"<p>%(v/v)</p>
",2026-02-07 16:00:00,乙烷,延炼12万吨/年乙苯/苯乙烯装置
0.00,ST010118,"<p>%(v/v)</p>
",2026-02-07 16:00:00,碳五(合计),延炼12万吨/年乙苯/苯乙烯装置
1.0,ST010118,<p>mg/kg</p>,2026-02-08 16:00:00,硫化氢,延炼12万吨/年乙苯/苯乙烯装置
3.59,ST010118,"<p>%(v/v)</p>
",2026-02-08 16:00:00,氧气,延炼12万吨/年乙苯/苯乙烯装置
24.73,ST010118,"<p>%(v/v)</p>
",2026-02-08 16:00:00,氮气,延炼12万吨/年乙苯/苯乙烯装置
1.62,ST010118,"<p>%(v/v)</p>
",2026-02-08 16:00:00,一氧化碳,延炼12万吨/年乙苯/苯乙烯装置
1.93,ST010118,"<p>%(v/v)</p>
",2026-02-08 16:00:00,二氧化碳,延炼12万吨/年乙苯/苯乙烯装置
19.17,ST010118,"<p>%(v/v)</p>
",2026-02-08 16:00:00,氢气,延炼12万吨/年乙苯/苯乙烯装置
24.76,ST010118,"<p>%(v/v)</p>
",2026-02-08 16:00:00,甲烷,延炼12万吨/年乙苯/苯乙烯装置
0.07,ST010118,"<p>%(v/v)</p>
",2026-02-08 16:00:00,丙烷,延炼12万吨/年乙苯/苯乙烯装置
0.14,ST010118,"<p>%(v/v)</p>
",2026-02-08 16:00:00,丙烯,延炼12万吨/年乙苯/苯乙烯装置
11.88,ST010118,"<p>%(v/v)</p>
",2026-02-08 16:00:00,乙烯,延炼12万吨/年乙苯/苯乙烯装置
0.00,ST010118,"<p>%(v/v)</p>
",2026-02-08 16:00:00,碳四(合计),延炼12万吨/年乙苯/苯乙烯装置
0.00,ST010118,"<p>%(v/v)</p>
",2026-02-08 16:00:00,异戊烷,延炼12万吨/年乙苯/苯乙烯装置
0.00,ST010118,"<p>%(v/v)</p>
",2026-02-08 16:00:00,正戊烷,延炼12万吨/年乙苯/苯乙烯装置
12.10,ST010118,"<p>%(v/v)</p>
",2026-02-08 16:00:00,乙烷,延炼12万吨/年乙苯/苯乙烯装置
0.00,ST010118,"<p>%(v/v)</p>
",2026-02-08 16:00:00,碳五(合计),延炼12万吨/年乙苯/苯乙烯装置
1.0,ST010118,<p>mg/kg</p>,2026-02-09 16:00:00,硫化氢,延炼12万吨/年乙苯/苯乙烯装置
1.37,ST010118,"<p>%(v/v)</p>
",2026-02-09 16:00:00,氧气,延炼12万吨/年乙苯/苯乙烯装置
21.14,ST010118,"<p>%(v/v)</p>
",2026-02-09 16:00:00,氮气,延炼12万吨/年乙苯/苯乙烯装置
1.74,ST010118,"<p>%(v/v)</p>
",2026-02-09 16:00:00,一氧化碳,延炼12万吨/年乙苯/苯乙烯装置
2.16,ST010118,"<p>%(v/v)</p>
",2026-02-09 16:00:00,二氧化碳,延炼12万吨/年乙苯/苯乙烯装置
20.56,ST010118,"<p>%(v/v)</p>
",2026-02-09 16:00:00,氢气,延炼12万吨/年乙苯/苯乙烯装置
26.96,ST010118,"<p>%(v/v)</p>
",2026-02-09 16:00:00,甲烷,延炼12万吨/年乙苯/苯乙烯装置
0.07,ST010118,"<p>%(v/v)</p>
",2026-02-09 16:00:00,丙烷,延炼12万吨/年乙苯/苯乙烯装置
0.18,ST010118,"<p>%(v/v)</p>
",2026-02-09 16:00:00,丙烯,延炼12万吨/年乙苯/苯乙烯装置
12.93,ST010118,"<p>%(v/v)</p>
",2026-02-09 16:00:00,乙烯,延炼12万吨/年乙苯/苯乙烯装置
0.00,ST010118,"<p>%(v/v)</p>
",2026-02-09 16:00:00,碳四(合计),延炼12万吨/年乙苯/苯乙烯装置
0.00,ST010118,"<p>%(v/v)</p>
",2026-02-09 16:00:00,异戊烷,延炼12万吨/年乙苯/苯乙烯装置
0.00,ST010118,"<p>%(v/v)</p>
",2026-02-09 16:00:00,正戊烷,延炼12万吨/年乙苯/苯乙烯装置
12.90,ST010118,"<p>%(v/v)</p>
",2026-02-09 16:00:00,乙烷,延炼12万吨/年乙苯/苯乙烯装置
0.00,ST010118,"<p>%(v/v)</p>
",2026-02-09 16:00:00,碳五(合计),延炼12万吨/年乙苯/苯乙烯装置
1.0,ST010118,<p>mg/kg</p>,2026-02-10 16:00:00,硫化氢,延炼12万吨/年乙苯/苯乙烯装置
1.98,ST010118,"<p>%(v/v)</p>
",2026-02-10 16:00:00,氧气,延炼12万吨/年乙苯/苯乙烯装置
24.68,ST010118,"<p>%(v/v)</p>
",2026-02-10 16:00:00,氮气,延炼12万吨/年乙苯/苯乙烯装置
2.10,ST010118,"<p>%(v/v)</p>
",2026-02-10 16:00:00,一氧化碳,延炼12万吨/年乙苯/苯乙烯装置
2.29,ST010118,"<p>%(v/v)</p>
",2026-02-10 16:00:00,二氧化碳,延炼12万吨/年乙苯/苯乙烯装置
17.60,ST010118,"<p>%(v/v)</p>
",2026-02-10 16:00:00,氢气,延炼12万吨/年乙苯/苯乙烯装置
26.31,ST010118,"<p>%(v/v)</p>
",2026-02-10 16:00:00,甲烷,延炼12万吨/年乙苯/苯乙烯装置
0.05,ST010118,"<p>%(v/v)</p>
",2026-02-10 16:00:00,丙烷,延炼12万吨/年乙苯/苯乙烯装置
0.12,ST010118,"<p>%(v/v)</p>
",2026-02-10 16:00:00,丙烯,延炼12万吨/年乙苯/苯乙烯装置
12.31,ST010118,"<p>%(v/v)</p>
",2026-02-10 16:00:00,乙烯,延炼12万吨/年乙苯/苯乙烯装置
0.00,ST010118,"<p>%(v/v)</p>
",2026-02-10 16:00:00,碳四(合计),延炼12万吨/年乙苯/苯乙烯装置
0.00,ST010118,"<p>%(v/v)</p>
",2026-02-10 16:00:00,异戊烷,延炼12万吨/年乙苯/苯乙烯装置
0.00,ST010118,"<p>%(v/v)</p>
",2026-02-10 16:00:00,正戊烷,延炼12万吨/年乙苯/苯乙烯装置
12.56,ST010118,"<p>%(v/v)</p>
",2026-02-10 16:00:00,乙烷,延炼12万吨/年乙苯/苯乙烯装置
0.00,ST010118,"<p>%(v/v)</p>
",2026-02-10 16:00:00,碳五(合计),延炼12万吨/年乙苯/苯乙烯装置
1.0,ST010118,<p>mg/kg</p>,2026-02-11 16:00:00,硫化氢,延炼12万吨/年乙苯/苯乙烯装置
1.16,ST010118,"<p>%(v/v)</p>
",2026-02-11 16:00:00,氧气,延炼12万吨/年乙苯/苯乙烯装置
22.06,ST010118,"<p>%(v/v)</p>
",2026-02-11 16:00:00,氮气,延炼12万吨/年乙苯/苯乙烯装置
1.66,ST010118,"<p>%(v/v)</p>
",2026-02-11 16:00:00,一氧化碳,延炼12万吨/年乙苯/苯乙烯装置
2.17,ST010118,"<p>%(v/v)</p>
",2026-02-11 16:00:00,二氧化碳,延炼12万吨/年乙苯/苯乙烯装置
18.74,ST010118,"<p>%(v/v)</p>
",2026-02-11 16:00:00,氢气,延炼12万吨/年乙苯/苯乙烯装置
27.00,ST010118,"<p>%(v/v)</p>
",2026-02-11 16:00:00,甲烷,延炼12万吨/年乙苯/苯乙烯装置
0.06,ST010118,"<p>%(v/v)</p>
",2026-02-11 16:00:00,丙烷,延炼12万吨/年乙苯/苯乙烯装置
0.12,ST010118,"<p>%(v/v)</p>
",2026-02-11 16:00:00,丙烯,延炼12万吨/年乙苯/苯乙烯装置
13.11,ST010118,"<p>%(v/v)</p>
",2026-02-11 16:00:00,乙烯,延炼12万吨/年乙苯/苯乙烯装置
0.00,ST010118,"<p>%(v/v)</p>
",2026-02-11 16:00:00,碳四(合计),延炼12万吨/年乙苯/苯乙烯装置
0.00,ST010118,"<p>%(v/v)</p>
",2026-02-11 16:00:00,异戊烷,延炼12万吨/年乙苯/苯乙烯装置
0.00,ST010118,"<p>%(v/v)</p>
",2026-02-11 16:00:00,正戊烷,延炼12万吨/年乙苯/苯乙烯装置
13.92,ST010118,"<p>%(v/v)</p>
",2026-02-11 16:00:00,乙烷,延炼12万吨/年乙苯/苯乙烯装置
0.00,ST010118,"<p>%(v/v)</p>
",2026-02-11 16:00:00,碳五(合计),延炼12万吨/年乙苯/苯乙烯装置
1.0,ST010118,<p>mg/kg</p>,2026-02-12 16:00:00,硫化氢,延炼12万吨/年乙苯/苯乙烯装置
0.58,ST010118,"<p>%(v/v)</p>
",2026-02-12 16:00:00,氧气,延炼12万吨/年乙苯/苯乙烯装置
20.08,ST010118,"<p>%(v/v)</p>
",2026-02-12 16:00:00,氮气,延炼12万吨/年乙苯/苯乙烯装置
1.65,ST010118,"<p>%(v/v)</p>
",2026-02-12 16:00:00,一氧化碳,延炼12万吨/年乙苯/苯乙烯装置
1.22,ST010118,"<p>%(v/v)</p>
",2026-02-12 16:00:00,二氧化碳,延炼12万吨/年乙苯/苯乙烯装置
19.80,ST010118,"<p>%(v/v)</p>
",2026-02-12 16:00:00,氢气,延炼12万吨/年乙苯/苯乙烯装置
28.28,ST010118,"<p>%(v/v)</p>
",2026-02-12 16:00:00,甲烷,延炼12万吨/年乙苯/苯乙烯装置
0.05,ST010118,"<p>%(v/v)</p>
",2026-02-12 16:00:00,丙烷,延炼12万吨/年乙苯/苯乙烯装置
0.09,ST010118,"<p>%(v/v)</p>
",2026-02-12 16:00:00,丙烯,延炼12万吨/年乙苯/苯乙烯装置
13.71,ST010118,"<p>%(v/v)</p>
",2026-02-12 16:00:00,乙烯,延炼12万吨/年乙苯/苯乙烯装置
0.00,ST010118,"<p>%(v/v)</p>
",2026-02-12 16:00:00,碳四(合计),延炼12万吨/年乙苯/苯乙烯装置
0.00,ST010118,"<p>%(v/v)</p>
",2026-02-12 16:00:00,异戊烷,延炼12万吨/年乙苯/苯乙烯装置
0.00,ST010118,"<p>%(v/v)</p>
",2026-02-12 16:00:00,正戊烷,延炼12万吨/年乙苯/苯乙烯装置
14.54,ST010118,"<p>%(v/v)</p>
",2026-02-12 16:00:00,乙烷,延炼12万吨/年乙苯/苯乙烯装置
0.00,ST010118,"<p>%(v/v)</p>
",2026-02-12 16:00:00,碳五(合计),延炼12万吨/年乙苯/苯乙烯装置
1.0,ST010118,<p>mg/kg</p>,2026-02-13 16:00:00,硫化氢,延炼12万吨/年乙苯/苯乙烯装置
1.54,ST010118,"<p>%(v/v)</p>
",2026-02-13 16:00:00,氧气,延炼12万吨/年乙苯/苯乙烯装置
22.11,ST010118,"<p>%(v/v)</p>
",2026-02-13 16:00:00,氮气,延炼12万吨/年乙苯/苯乙烯装置
1.67,ST010118,"<p>%(v/v)</p>
",2026-02-13 16:00:00,一氧化碳,延炼12万吨/年乙苯/苯乙烯装置
1.19,ST010118,"<p>%(v/v)</p>
",2026-02-13 16:00:00,二氧化碳,延炼12万吨/年乙苯/苯乙烯装置
19.87,ST010118,"<p>%(v/v)</p>
",2026-02-13 16:00:00,氢气,延炼12万吨/年乙苯/苯乙烯装置
27.37,ST010118,"<p>%(v/v)</p>
",2026-02-13 16:00:00,甲烷,延炼12万吨/年乙苯/苯乙烯装置
0.03,ST010118,"<p>%(v/v)</p>
",2026-02-13 16:00:00,丙烷,延炼12万吨/年乙苯/苯乙烯装置
0.06,ST010118,"<p>%(v/v)</p>
",2026-02-13 16:00:00,丙烯,延炼12万吨/年乙苯/苯乙烯装置
13.02,ST010118,"<p>%(v/v)</p>
",2026-02-13 16:00:00,乙烯,延炼12万吨/年乙苯/苯乙烯装置
0.00,ST010118,"<p>%(v/v)</p>
",2026-02-13 16:00:00,碳四(合计),延炼12万吨/年乙苯/苯乙烯装置
0.00,ST010118,"<p>%(v/v)</p>
",2026-02-13 16:00:00,异戊烷,延炼12万吨/年乙苯/苯乙烯装置
0.00,ST010118,"<p>%(v/v)</p>
",2026-02-13 16:00:00,正戊烷,延炼12万吨/年乙苯/苯乙烯装置
13.14,ST010118,"<p>%(v/v)</p>
",2026-02-13 16:00:00,乙烷,延炼12万吨/年乙苯/苯乙烯装置
0.00,ST010118,"<p>%(v/v)</p>
",2026-02-13 16:00:00,碳五(合计),延炼12万吨/年乙苯/苯乙烯装置
1.0,ST010118,<p>mg/kg</p>,2026-02-14 16:00:00,硫化氢,延炼12万吨/年乙苯/苯乙烯装置
1.92,ST010118,"<p>%(v/v)</p>
",2026-02-14 16:00:00,氧气,延炼12万吨/年乙苯/苯乙烯装置
22.30,ST010118,"<p>%(v/v)</p>
",2026-02-14 16:00:00,氮气,延炼12万吨/年乙苯/苯乙烯装置
1.61,ST010118,"<p>%(v/v)</p>
",2026-02-14 16:00:00,一氧化碳,延炼12万吨/年乙苯/苯乙烯装置
1.02,ST010118,"<p>%(v/v)</p>
",2026-02-14 16:00:00,二氧化碳,延炼12万吨/年乙苯/苯乙烯装置
19.26,ST010118,"<p>%(v/v)</p>
",2026-02-14 16:00:00,氢气,延炼12万吨/年乙苯/苯乙烯装置
27.40,ST010118,"<p>%(v/v)</p>
",2026-02-14 16:00:00,甲烷,延炼12万吨/年乙苯/苯乙烯装置
0.02,ST010118,"<p>%(v/v)</p>
",2026-02-14 16:00:00,丙烷,延炼12万吨/年乙苯/苯乙烯装置
0.04,ST010118,"<p>%(v/v)</p>
",2026-02-14 16:00:00,丙烯,延炼12万吨/年乙苯/苯乙烯装置
12.70,ST010118,"<p>%(v/v)</p>
",2026-02-14 16:00:00,乙烯,延炼12万吨/年乙苯/苯乙烯装置
0.00,ST010118,"<p>%(v/v)</p>
",2026-02-14 16:00:00,碳四(合计),延炼12万吨/年乙苯/苯乙烯装置
0.00,ST010118,"<p>%(v/v)</p>
",2026-02-14 16:00:00,异戊烷,延炼12万吨/年乙苯/苯乙烯装置
0.00,ST010118,"<p>%(v/v)</p>
",2026-02-14 16:00:00,正戊烷,延炼12万吨/年乙苯/苯乙烯装置
13.72,ST010118,"<p>%(v/v)</p>
",2026-02-14 16:00:00,乙烷,延炼12万吨/年乙苯/苯乙烯装置
0.00,ST010118,"<p>%(v/v)</p>
",2026-02-14 16:00:00,碳五(合计),延炼12万吨/年乙苯/苯乙烯装置
1.0,ST010118,<p>mg/kg</p>,2026-02-15 16:00:00,硫化氢,延炼12万吨/年乙苯/苯乙烯装置
0.60,ST010118,"<p>%(v/v)</p>
",2026-02-15 16:00:00,氧气,延炼12万吨/年乙苯/苯乙烯装置
20.98,ST010118,"<p>%(v/v)</p>
",2026-02-15 16:00:00,氮气,延炼12万吨/年乙苯/苯乙烯装置
1.72,ST010118,"<p>%(v/v)</p>
",2026-02-15 16:00:00,一氧化碳,延炼12万吨/年乙苯/苯乙烯装置
1.90,ST010118,"<p>%(v/v)</p>
",2026-02-15 16:00:00,二氧化碳,延炼12万吨/年乙苯/苯乙烯装置
20.22,ST010118,"<p>%(v/v)</p>
",2026-02-15 16:00:00,氢气,延炼12万吨/年乙苯/苯乙烯装置
27.36,ST010118,"<p>%(v/v)</p>
",2026-02-15 16:00:00,甲烷,延炼12万吨/年乙苯/苯乙烯装置
0.10,ST010118,"<p>%(v/v)</p>
",2026-02-15 16:00:00,丙烷,延炼12万吨/年乙苯/苯乙烯装置
0.35,ST010118,"<p>%(v/v)</p>
",2026-02-15 16:00:00,丙烯,延炼12万吨/年乙苯/苯乙烯装置
12.94,ST010118,"<p>%(v/v)</p>
",2026-02-15 16:00:00,乙烯,延炼12万吨/年乙苯/苯乙烯装置
0.00,ST010118,"<p>%(v/v)</p>
",2026-02-15 16:00:00,碳四(合计),延炼12万吨/年乙苯/苯乙烯装置
0.00,ST010118,"<p>%(v/v)</p>
",2026-02-15 16:00:00,异戊烷,延炼12万吨/年乙苯/苯乙烯装置
0.00,ST010118,"<p>%(v/v)</p>
",2026-02-15 16:00:00,正戊烷,延炼12万吨/年乙苯/苯乙烯装置
13.83,ST010118,"<p>%(v/v)</p>
",2026-02-15 16:00:00,乙烷,延炼12万吨/年乙苯/苯乙烯装置
0.00,ST010118,"<p>%(v/v)</p>
",2026-02-15 16:00:00,碳五(合计),延炼12万吨/年乙苯/苯乙烯装置
1.0,ST010118,<p>mg/kg</p>,2026-02-16 16:00:00,硫化氢,延炼12万吨/年乙苯/苯乙烯装置
0.00,ST010118,"<p>%(v/v)</p>
",2026-02-16 16:00:00,氧气,延炼12万吨/年乙苯/苯乙烯装置
30.00,ST010118,"<p>%(v/v)</p>
",2026-02-16 16:00:00,氮气,延炼12万吨/年乙苯/苯乙烯装置
1.58,ST010118,"<p>%(v/v)</p>
",2026-02-16 16:00:00,一氧化碳,延炼12万吨/年乙苯/苯乙烯装置
1.20,ST010118,"<p>%(v/v)</p>
",2026-02-16 16:00:00,二氧化碳,延炼12万吨/年乙苯/苯乙烯装置
18.75,ST010118,"<p>%(v/v)</p>
",2026-02-16 16:00:00,氢气,延炼12万吨/年乙苯/苯乙烯装置
24.50,ST010118,"<p>%(v/v)</p>
",2026-02-16 16:00:00,甲烷,延炼12万吨/年乙苯/苯乙烯装置
0.05,ST010118,"<p>%(v/v)</p>
",2026-02-16 16:00:00,丙烷,延炼12万吨/年乙苯/苯乙烯装置
0.13,ST010118,"<p>%(v/v)</p>
",2026-02-16 16:00:00,丙烯,延炼12万吨/年乙苯/苯乙烯装置
11.59,ST010118,"<p>%(v/v)</p>
",2026-02-16 16:00:00,乙烯,延炼12万吨/年乙苯/苯乙烯装置
0.00,ST010118,"<p>%(v/v)</p>
",2026-02-16 16:00:00,碳四(合计),延炼12万吨/年乙苯/苯乙烯装置
0.00,ST010118,"<p>%(v/v)</p>
",2026-02-16 16:00:00,异戊烷,延炼12万吨/年乙苯/苯乙烯装置
0.00,ST010118,"<p>%(v/v)</p>
",2026-02-16 16:00:00,正戊烷,延炼12万吨/年乙苯/苯乙烯装置
12.20,ST010118,"<p>%(v/v)</p>
",2026-02-16 16:00:00,乙烷,延炼12万吨/年乙苯/苯乙烯装置
0.00,ST010118,"<p>%(v/v)</p>
",2026-02-16 16:00:00,碳五(合计),延炼12万吨/年乙苯/苯乙烯装置
1.31,ST010118,"<p>%(v/v)</p>
",2026-02-17 16:00:00,氧气,延炼12万吨/年乙苯/苯乙烯装置
20.79,ST010118,"<p>%(v/v)</p>
",2026-02-17 16:00:00,氮气,延炼12万吨/年乙苯/苯乙烯装置
1.71,ST010118,"<p>%(v/v)</p>
",2026-02-17 16:00:00,一氧化碳,延炼12万吨/年乙苯/苯乙烯装置
1.32,ST010118,"<p>%(v/v)</p>
",2026-02-17 16:00:00,二氧化碳,延炼12万吨/年乙苯/苯乙烯装置
20.44,ST010118,"<p>%(v/v)</p>
",2026-02-17 16:00:00,氢气,延炼12万吨/年乙苯/苯乙烯装置
27.52,ST010118,"<p>%(v/v)</p>
",2026-02-17 16:00:00,甲烷,延炼12万吨/年乙苯/苯乙烯装置
0.04,ST010118,"<p>%(v/v)</p>
",2026-02-17 16:00:00,丙烷,延炼12万吨/年乙苯/苯乙烯装置
0.10,ST010118,"<p>%(v/v)</p>
",2026-02-17 16:00:00,丙烯,延炼12万吨/年乙苯/苯乙烯装置
13.16,ST010118,"<p>%(v/v)</p>
",2026-02-17 16:00:00,乙烯,延炼12万吨/年乙苯/苯乙烯装置
0.00,ST010118,"<p>%(v/v)</p>
",2026-02-17 16:00:00,碳四(合计),延炼12万吨/年乙苯/苯乙烯装置
0.00,ST010118,"<p>%(v/v)</p>
",2026-02-17 16:00:00,异戊烷,延炼12万吨/年乙苯/苯乙烯装置
0.00,ST010118,"<p>%(v/v)</p>
",2026-02-17 16:00:00,正戊烷,延炼12万吨/年乙苯/苯乙烯装置
13.61,ST010118,"<p>%(v/v)</p>
",2026-02-17 16:00:00,乙烷,延炼12万吨/年乙苯/苯乙烯装置
0.00,ST010118,"<p>%(v/v)</p>
",2026-02-17 16:00:00,碳五(合计),延炼12万吨/年乙苯/苯乙烯装置
1.0,ST010118,<p>mg/kg</p>,2026-02-17 16:00:00,硫化氢,延炼12万吨/年乙苯/苯乙烯装置
1.0,ST010118,<p>mg/kg</p>,2026-02-18 16:00:00,硫化氢,延炼12万吨/年乙苯/苯乙烯装置
0.41,ST010118,"<p>%(v/v)</p>
",2026-02-18 16:00:00,氧气,延炼12万吨/年乙苯/苯乙烯装置
20.19,ST010118,"<p>%(v/v)</p>
",2026-02-18 16:00:00,氮气,延炼12万吨/年乙苯/苯乙烯装置
1.81,ST010118,"<p>%(v/v)</p>
",2026-02-18 16:00:00,一氧化碳,延炼12万吨/年乙苯/苯乙烯装置
1.08,ST010118,"<p>%(v/v)</p>
",2026-02-18 16:00:00,二氧化碳,延炼12万吨/年乙苯/苯乙烯装置
21.28,ST010118,"<p>%(v/v)</p>
",2026-02-18 16:00:00,氢气,延炼12万吨/年乙苯/苯乙烯装置
28.34,ST010118,"<p>%(v/v)</p>
",2026-02-18 16:00:00,甲烷,延炼12万吨/年乙苯/苯乙烯装置
0.03,ST010118,"<p>%(v/v)</p>
",2026-02-18 16:00:00,丙烷,延炼12万吨/年乙苯/苯乙烯装置
0.05,ST010118,"<p>%(v/v)</p>
",2026-02-18 16:00:00,丙烯,延炼12万吨/年乙苯/苯乙烯装置
13.36,ST010118,"<p>%(v/v)</p>
",2026-02-18 16:00:00,乙烯,延炼12万吨/年乙苯/苯乙烯装置
0.00,ST010118,"<p>%(v/v)</p>
",2026-02-18 16:00:00,碳四(合计),延炼12万吨/年乙苯/苯乙烯装置
0.00,ST010118,"<p>%(v/v)</p>
",2026-02-18 16:00:00,异戊烷,延炼12万吨/年乙苯/苯乙烯装置
0.00,ST010118,"<p>%(v/v)</p>
",2026-02-18 16:00:00,正戊烷,延炼12万吨/年乙苯/苯乙烯装置
13.45,ST010118,"<p>%(v/v)</p>
",2026-02-18 16:00:00,乙烷,延炼12万吨/年乙苯/苯乙烯装置
0.00,ST010118,"<p>%(v/v)</p>
",2026-02-18 16:00:00,碳五(合计),延炼12万吨/年乙苯/苯乙烯装置
1.0,ST010118,<p>mg/kg</p>,2026-02-19 16:00:00,硫化氢,延炼12万吨/年乙苯/苯乙烯装置
0.42,ST010118,"<p>%(v/v)</p>
",2026-02-19 16:00:00,氧气,延炼12万吨/年乙苯/苯乙烯装置
20.32,ST010118,"<p>%(v/v)</p>
",2026-02-19 16:00:00,氮气,延炼12万吨/年乙苯/苯乙烯装置
1.80,ST010118,"<p>%(v/v)</p>
",2026-02-19 16:00:00,一氧化碳,延炼12万吨/年乙苯/苯乙烯装置
1.23,ST010118,"<p>%(v/v)</p>
",2026-02-19 16:00:00,二氧化碳,延炼12万吨/年乙苯/苯乙烯装置
21.76,ST010118,"<p>%(v/v)</p>
",2026-02-19 16:00:00,氢气,延炼12万吨/年乙苯/苯乙烯装置
28.46,ST010118,"<p>%(v/v)</p>
",2026-02-19 16:00:00,甲烷,延炼12万吨/年乙苯/苯乙烯装置
0.02,ST010118,"<p>%(v/v)</p>
",2026-02-19 16:00:00,丙烷,延炼12万吨/年乙苯/苯乙烯装置
0.04,ST010118,"<p>%(v/v)</p>
",2026-02-19 16:00:00,丙烯,延炼12万吨/年乙苯/苯乙烯装置
12.85,ST010118,"<p>%(v/v)</p>
",2026-02-19 16:00:00,乙烯,延炼12万吨/年乙苯/苯乙烯装置
0.00,ST010118,"<p>%(v/v)</p>
",2026-02-19 16:00:00,碳四(合计),延炼12万吨/年乙苯/苯乙烯装置
0.00,ST010118,"<p>%(v/v)</p>
",2026-02-19 16:00:00,异戊烷,延炼12万吨/年乙苯/苯乙烯装置
0.00,ST010118,"<p>%(v/v)</p>
",2026-02-19 16:00:00,正戊烷,延炼12万吨/年乙苯/苯乙烯装置
13.10,ST010118,"<p>%(v/v)</p>
",2026-02-19 16:00:00,乙烷,延炼12万吨/年乙苯/苯乙烯装置
0.00,ST010118,"<p>%(v/v)</p>
",2026-02-19 16:00:00,碳五(合计),延炼12万吨/年乙苯/苯乙烯装置
1.0,ST010118,<p>mg/kg</p>,2026-02-20 16:00:00,硫化氢,延炼12万吨/年乙苯/苯乙烯装置
1.30,ST010118,"<p>%(v/v)</p>
",2026-02-20 16:00:00,氧气,延炼12万吨/年乙苯/苯乙烯装置
20.61,ST010118,"<p>%(v/v)</p>
",2026-02-20 16:00:00,氮气,延炼12万吨/年乙苯/苯乙烯装置
1.69,ST010118,"<p>%(v/v)</p>
",2026-02-20 16:00:00,一氧化碳,延炼12万吨/年乙苯/苯乙烯装置
1.20,ST010118,"<p>%(v/v)</p>
",2026-02-20 16:00:00,二氧化碳,延炼12万吨/年乙苯/苯乙烯装置
20.15,ST010118,"<p>%(v/v)</p>
",2026-02-20 16:00:00,氢气,延炼12万吨/年乙苯/苯乙烯装置
27.34,ST010118,"<p>%(v/v)</p>
",2026-02-20 16:00:00,甲烷,延炼12万吨/年乙苯/苯乙烯装置
0.03,ST010118,"<p>%(v/v)</p>
",2026-02-20 16:00:00,丙烷,延炼12万吨/年乙苯/苯乙烯装置
0.05,ST010118,"<p>%(v/v)</p>
",2026-02-20 16:00:00,丙烯,延炼12万吨/年乙苯/苯乙烯装置
13.53,ST010118,"<p>%(v/v)</p>
",2026-02-20 16:00:00,乙烯,延炼12万吨/年乙苯/苯乙烯装置
0.00,ST010118,"<p>%(v/v)</p>
",2026-02-20 16:00:00,碳四(合计),延炼12万吨/年乙苯/苯乙烯装置
0.00,ST010118,"<p>%(v/v)</p>
",2026-02-20 16:00:00,异戊烷,延炼12万吨/年乙苯/苯乙烯装置
0.00,ST010118,"<p>%(v/v)</p>
",2026-02-20 16:00:00,正戊烷,延炼12万吨/年乙苯/苯乙烯装置
14.10,ST010118,"<p>%(v/v)</p>
",2026-02-20 16:00:00,乙烷,延炼12万吨/年乙苯/苯乙烯装置
0.00,ST010118,"<p>%(v/v)</p>
",2026-02-20 16:00:00,碳五(合计),延炼12万吨/年乙苯/苯乙烯装置
1.0,ST010118,<p>mg/kg</p>,2026-02-21 16:00:00,硫化氢,延炼12万吨/年乙苯/苯乙烯装置
1.74,ST010118,"<p>%(v/v)</p>
",2026-02-21 16:00:00,氧气,延炼12万吨/年乙苯/苯乙烯装置
21.52,ST010118,"<p>%(v/v)</p>
",2026-02-21 16:00:00,氮气,延炼12万吨/年乙苯/苯乙烯装置
1.66,ST010118,"<p>%(v/v)</p>
",2026-02-21 16:00:00,一氧化碳,延炼12万吨/年乙苯/苯乙烯装置
1.15,ST010118,"<p>%(v/v)</p>
",2026-02-21 16:00:00,二氧化碳,延炼12万吨/年乙苯/苯乙烯装置
13.60,ST010118,"<p>%(v/v)</p>
",2026-02-21 16:00:00,乙烷,延炼12万吨/年乙苯/苯乙烯装置
0.00,ST010118,"<p>%(v/v)</p>
",2026-02-21 16:00:00,碳五(合计),延炼12万吨/年乙苯/苯乙烯装置
20.04,ST010118,"<p>%(v/v)</p>
",2026-02-21 16:00:00,氢气,延炼12万吨/年乙苯/苯乙烯装置
27.02,ST010118,"<p>%(v/v)</p>
",2026-02-21 16:00:00,甲烷,延炼12万吨/年乙苯/苯乙烯装置
0.03,ST010118,"<p>%(v/v)</p>
",2026-02-21 16:00:00,丙烷,延炼12万吨/年乙苯/苯乙烯装置
0.05,ST010118,"<p>%(v/v)</p>
",2026-02-21 16:00:00,丙烯,延炼12万吨/年乙苯/苯乙烯装置
13.19,ST010118,"<p>%(v/v)</p>
",2026-02-21 16:00:00,乙烯,延炼12万吨/年乙苯/苯乙烯装置
0.00,ST010118,"<p>%(v/v)</p>
",2026-02-21 16:00:00,碳四(合计),延炼12万吨/年乙苯/苯乙烯装置
0.00,ST010118,"<p>%(v/v)</p>
",2026-02-21 16:00:00,异戊烷,延炼12万吨/年乙苯/苯乙烯装置
0.00,ST010118,"<p>%(v/v)</p>
",2026-02-21 16:00:00,正戊烷,延炼12万吨/年乙苯/苯乙烯装置
1.0,ST010118,<p>mg/kg</p>,2026-02-22 16:00:00,硫化氢,延炼12万吨/年乙苯/苯乙烯装置
1.81,ST010118,"<p>%(v/v)</p>
",2026-02-22 16:00:00,氧气,延炼12万吨/年乙苯/苯乙烯装置
22.03,ST010118,"<p>%(v/v)</p>
",2026-02-22 16:00:00,氮气,延炼12万吨/年乙苯/苯乙烯装置
1.70,ST010118,"<p>%(v/v)</p>
",2026-02-22 16:00:00,一氧化碳,延炼12万吨/年乙苯/苯乙烯装置
1.14,ST010118,"<p>%(v/v)</p>
",2026-02-22 16:00:00,二氧化碳,延炼12万吨/年乙苯/苯乙烯装置
19.63,ST010118,"<p>%(v/v)</p>
",2026-02-22 16:00:00,氢气,延炼12万吨/年乙苯/苯乙烯装置
27.32,ST010118,"<p>%(v/v)</p>
",2026-02-22 16:00:00,甲烷,延炼12万吨/年乙苯/苯乙烯装置
0.06,ST010118,"<p>%(v/v)</p>
",2026-02-22 16:00:00,丙烷,延炼12万吨/年乙苯/苯乙烯装置
0.14,ST010118,"<p>%(v/v)</p>
",2026-02-22 16:00:00,丙烯,延炼12万吨/年乙苯/苯乙烯装置
12.73,ST010118,"<p>%(v/v)</p>
",2026-02-22 16:00:00,乙烯,延炼12万吨/年乙苯/苯乙烯装置
0.00,ST010118,"<p>%(v/v)</p>
",2026-02-22 16:00:00,碳四(合计),延炼12万吨/年乙苯/苯乙烯装置
0.00,ST010118,"<p>%(v/v)</p>
",2026-02-22 16:00:00,异戊烷,延炼12万吨/年乙苯/苯乙烯装置
0.00,ST010118,"<p>%(v/v)</p>
",2026-02-22 16:00:00,正戊烷,延炼12万吨/年乙苯/苯乙烯装置
13.44,ST010118,"<p>%(v/v)</p>
",2026-02-22 16:00:00,乙烷,延炼12万吨/年乙苯/苯乙烯装置
0.00,ST010118,"<p>%(v/v)</p>
",2026-02-22 16:00:00,碳五(合计),延炼12万吨/年乙苯/苯乙烯装置
1.0,ST010118,<p>mg/kg</p>,2026-02-23 16:00:00,硫化氢,延炼12万吨/年乙苯/苯乙烯装置
0.73,ST010118,"<p>%(v/v)</p>
",2026-02-23 16:00:00,氧气,延炼12万吨/年乙苯/苯乙烯装置
19.70,ST010118,"<p>%(v/v)</p>
",2026-02-23 16:00:00,氮气,延炼12万吨/年乙苯/苯乙烯装置
1.68,ST010118,"<p>%(v/v)</p>
",2026-02-23 16:00:00,一氧化碳,延炼12万吨/年乙苯/苯乙烯装置
1.52,ST010118,"<p>%(v/v)</p>
",2026-02-23 16:00:00,二氧化碳,延炼12万吨/年乙苯/苯乙烯装置
20.69,ST010118,"<p>%(v/v)</p>
",2026-02-23 16:00:00,氢气,延炼12万吨/年乙苯/苯乙烯装置
28.20,ST010118,"<p>%(v/v)</p>
",2026-02-23 16:00:00,甲烷,延炼12万吨/年乙苯/苯乙烯装置
0.03,ST010118,"<p>%(v/v)</p>
",2026-02-23 16:00:00,丙烷,延炼12万吨/年乙苯/苯乙烯装置
0.06,ST010118,"<p>%(v/v)</p>
",2026-02-23 16:00:00,丙烯,延炼12万吨/年乙苯/苯乙烯装置
12.82,ST010118,"<p>%(v/v)</p>
",2026-02-23 16:00:00,乙烯,延炼12万吨/年乙苯/苯乙烯装置
0.00,ST010118,"<p>%(v/v)</p>
",2026-02-23 16:00:00,碳四(合计),延炼12万吨/年乙苯/苯乙烯装置
0.00,ST010118,"<p>%(v/v)</p>
",2026-02-23 16:00:00,异戊烷,延炼12万吨/年乙苯/苯乙烯装置
0.00,ST010118,"<p>%(v/v)</p>
",2026-02-23 16:00:00,正戊烷,延炼12万吨/年乙苯/苯乙烯装置
14.56,ST010118,"<p>%(v/v)</p>
",2026-02-23 16:00:00,乙烷,延炼12万吨/年乙苯/苯乙烯装置
0.00,ST010118,"<p>%(v/v)</p>
",2026-02-23 16:00:00,碳五(合计),延炼12万吨/年乙苯/苯乙烯装置
1.0,ST010118,<p>mg/kg</p>,2026-02-24 16:00:00,硫化氢,延炼12万吨/年乙苯/苯乙烯装置
0.24,ST010118,"<p>%(v/v)</p>
",2026-02-24 16:00:00,氧气,延炼12万吨/年乙苯/苯乙烯装置
19.88,ST010118,"<p>%(v/v)</p>
",2026-02-24 16:00:00,氮气,延炼12万吨/年乙苯/苯乙烯装置
1.97,ST010118,"<p>%(v/v)</p>
",2026-02-24 16:00:00,一氧化碳,延炼12万吨/年乙苯/苯乙烯装置
1.06,ST010118,"<p>%(v/v)</p>
",2026-02-24 16:00:00,二氧化碳,延炼12万吨/年乙苯/苯乙烯装置
22.14,ST010118,"<p>%(v/v)</p>
",2026-02-24 16:00:00,氢气,延炼12万吨/年乙苯/苯乙烯装置
30.06,ST010118,"<p>%(v/v)</p>
",2026-02-24 16:00:00,甲烷,延炼12万吨/年乙苯/苯乙烯装置
0.00,ST010118,"<p>%(v/v)</p>
",2026-02-24 16:00:00,丙烷,延炼12万吨/年乙苯/苯乙烯装置
0.01,ST010118,"<p>%(v/v)</p>
",2026-02-24 16:00:00,丙烯,延炼12万吨/年乙苯/苯乙烯装置
11.89,ST010118,"<p>%(v/v)</p>
",2026-02-24 16:00:00,乙烯,延炼12万吨/年乙苯/苯乙烯装置
0.00,ST010118,"<p>%(v/v)</p>
",2026-02-24 16:00:00,碳四(合计),延炼12万吨/年乙苯/苯乙烯装置
0.00,ST010118,"<p>%(v/v)</p>
",2026-02-24 16:00:00,异戊烷,延炼12万吨/年乙苯/苯乙烯装置
0.00,ST010118,"<p>%(v/v)</p>
",2026-02-24 16:00:00,正戊烷,延炼12万吨/年乙苯/苯乙烯装置
12.76,ST010118,"<p>%(v/v)</p>
",2026-02-24 16:00:00,乙烷,延炼12万吨/年乙苯/苯乙烯装置
0.00,ST010118,"<p>%(v/v)</p>
",2026-02-24 16:00:00,碳五(合计),延炼12万吨/年乙苯/苯乙烯装置
1.0,ST010118,<p>mg/kg</p>,2026-02-25 16:00:00,硫化氢,延炼12万吨/年乙苯/苯乙烯装置
0.67,ST010118,"<p>%(v/v)</p>
",2026-02-25 16:00:00,氧气,延炼12万吨/年乙苯/苯乙烯装置
19.60,ST010118,"<p>%(v/v)</p>
",2026-02-25 16:00:00,氮气,延炼12万吨/年乙苯/苯乙烯装置
1.70,ST010118,"<p>%(v/v)</p>
",2026-02-25 16:00:00,一氧化碳,延炼12万吨/年乙苯/苯乙烯装置
1.50,ST010118,"<p>%(v/v)</p>
",2026-02-25 16:00:00,二氧化碳,延炼12万吨/年乙苯/苯乙烯装置
20.89,ST010118,"<p>%(v/v)</p>
",2026-02-25 16:00:00,氢气,延炼12万吨/年乙苯/苯乙烯装置
28.57,ST010118,"<p>%(v/v)</p>
",2026-02-25 16:00:00,甲烷,延炼12万吨/年乙苯/苯乙烯装置
0.02,ST010118,"<p>%(v/v)</p>
",2026-02-25 16:00:00,丙烷,延炼12万吨/年乙苯/苯乙烯装置
0.04,ST010118,"<p>%(v/v)</p>
",2026-02-25 16:00:00,丙烯,延炼12万吨/年乙苯/苯乙烯装置
13.39,ST010118,"<p>%(v/v)</p>
",2026-02-25 16:00:00,乙烯,延炼12万吨/年乙苯/苯乙烯装置
0.00,ST010118,"<p>%(v/v)</p>
",2026-02-25 16:00:00,碳四(合计),延炼12万吨/年乙苯/苯乙烯装置
0.00,ST010118,"<p>%(v/v)</p>
",2026-02-25 16:00:00,异戊烷,延炼12万吨/年乙苯/苯乙烯装置
0.00,ST010118,"<p>%(v/v)</p>
",2026-02-25 16:00:00,正戊烷,延炼12万吨/年乙苯/苯乙烯装置
13.62,ST010118,"<p>%(v/v)</p>
",2026-02-25 16:00:00,乙烷,延炼12万吨/年乙苯/苯乙烯装置
0.00,ST010118,"<p>%(v/v)</p>
",2026-02-25 16:00:00,碳五(合计),延炼12万吨/年乙苯/苯乙烯装置
1.0,ST010118,<p>mg/kg</p>,2026-02-26 16:00:00,硫化氢,延炼12万吨/年乙苯/苯乙烯装置
2.06,ST010118,"<p>%(v/v)</p>
",2026-02-26 16:00:00,氧气,延炼12万吨/年乙苯/苯乙烯装置
22.34,ST010118,"<p>%(v/v)</p>
",2026-02-26 16:00:00,氮气,延炼12万吨/年乙苯/苯乙烯装置
1.65,ST010118,"<p>%(v/v)</p>
",2026-02-26 16:00:00,一氧化碳,延炼12万吨/年乙苯/苯乙烯装置
1.01,ST010118,"<p>%(v/v)</p>
",2026-02-26 16:00:00,二氧化碳,延炼12万吨/年乙苯/苯乙烯装置
19.22,ST010118,"<p>%(v/v)</p>
",2026-02-26 16:00:00,氢气,延炼12万吨/年乙苯/苯乙烯装置
27.93,ST010118,"<p>%(v/v)</p>
",2026-02-26 16:00:00,甲烷,延炼12万吨/年乙苯/苯乙烯装置
0.03,ST010118,"<p>%(v/v)</p>
",2026-02-26 16:00:00,丙烷,延炼12万吨/年乙苯/苯乙烯装置
0.05,ST010118,"<p>%(v/v)</p>
",2026-02-26 16:00:00,丙烯,延炼12万吨/年乙苯/苯乙烯装置
12.74,ST010118,"<p>%(v/v)</p>
",2026-02-26 16:00:00,乙烯,延炼12万吨/年乙苯/苯乙烯装置
0.00,ST010118,"<p>%(v/v)</p>
",2026-02-26 16:00:00,碳四(合计),延炼12万吨/年乙苯/苯乙烯装置
0.00,ST010118,"<p>%(v/v)</p>
",2026-02-26 16:00:00,异戊烷,延炼12万吨/年乙苯/苯乙烯装置
0.00,ST010118,"<p>%(v/v)</p>
",2026-02-26 16:00:00,正戊烷,延炼12万吨/年乙苯/苯乙烯装置
12.96,ST010118,"<p>%(v/v)</p>
",2026-02-26 16:00:00,乙烷,延炼12万吨/年乙苯/苯乙烯装置
0.00,ST010118,"<p>%(v/v)</p>
",2026-02-26 16:00:00,碳五(合计),延炼12万吨/年乙苯/苯乙烯装置
1.0,ST010118,<p>mg/kg</p>,2026-02-27 16:00:00,硫化氢,延炼12万吨/年乙苯/苯乙烯装置
0.74,ST010118,"<p>%(v/v)</p>
",2026-02-27 16:00:00,氧气,延炼12万吨/年乙苯/苯乙烯装置
20.44,ST010118,"<p>%(v/v)</p>
",2026-02-27 16:00:00,氮气,延炼12万吨/年乙苯/苯乙烯装置
1.94,ST010118,"<p>%(v/v)</p>
",2026-02-27 16:00:00,一氧化碳,延炼12万吨/年乙苯/苯乙烯装置
1.45,ST010118,"<p>%(v/v)</p>
",2026-02-27 16:00:00,二氧化碳,延炼12万吨/年乙苯/苯乙烯装置
19.59,ST010118,"<p>%(v/v)</p>
",2026-02-27 16:00:00,氢气,延炼12万吨/年乙苯/苯乙烯装置
28.50,ST010118,"<p>%(v/v)</p>
",2026-02-27 16:00:00,甲烷,延炼12万吨/年乙苯/苯乙烯装置
0.03,ST010118,"<p>%(v/v)</p>
",2026-02-27 16:00:00,丙烷,延炼12万吨/年乙苯/苯乙烯装置
0.07,ST010118,"<p>%(v/v)</p>
",2026-02-27 16:00:00,丙烯,延炼12万吨/年乙苯/苯乙烯装置
13.55,ST010118,"<p>%(v/v)</p>
",2026-02-27 16:00:00,乙烯,延炼12万吨/年乙苯/苯乙烯装置
0.00,ST010118,"<p>%(v/v)</p>
",2026-02-27 16:00:00,碳四(合计),延炼12万吨/年乙苯/苯乙烯装置
0.00,ST010118,"<p>%(v/v)</p>
",2026-02-27 16:00:00,异戊烷,延炼12万吨/年乙苯/苯乙烯装置
0.00,ST010118,"<p>%(v/v)</p>
",2026-02-27 16:00:00,正戊烷,延炼12万吨/年乙苯/苯乙烯装置
13.68,ST010118,"<p>%(v/v)</p>
",2026-02-27 16:00:00,乙烷,延炼12万吨/年乙苯/苯乙烯装置
0.00,ST010118,"<p>%(v/v)</p>
",2026-02-27 16:00:00,碳五(合计),延炼12万吨/年乙苯/苯乙烯装置
12.81,ST010118,"<p>%(v/v)</p>
",2026-02-28 16:00:00,乙烷,延炼12万吨/年乙苯/苯乙烯装置
0.00,ST010118,"<p>%(v/v)</p>
",2026-02-28 16:00:00,碳五(合计),延炼12万吨/年乙苯/苯乙烯装置
1.0,ST010118,<p>mg/kg</p>,2026-02-28 16:00:00,硫化氢,延炼12万吨/年乙苯/苯乙烯装置
2.01,ST010118,"<p>%(v/v)</p>
",2026-02-28 16:00:00,氧气,延炼12万吨/年乙苯/苯乙烯装置
22.77,ST010118,"<p>%(v/v)</p>
",2026-02-28 16:00:00,氮气,延炼12万吨/年乙苯/苯乙烯装置
1.80,ST010118,"<p>%(v/v)</p>
",2026-02-28 16:00:00,一氧化碳,延炼12万吨/年乙苯/苯乙烯装置
1.18,ST010118,"<p>%(v/v)</p>
",2026-02-28 16:00:00,二氧化碳,延炼12万吨/年乙苯/苯乙烯装置
18.87,ST010118,"<p>%(v/v)</p>
",2026-02-28 16:00:00,氢气,延炼12万吨/年乙苯/苯乙烯装置
27.53,ST010118,"<p>%(v/v)</p>
",2026-02-28 16:00:00,甲烷,延炼12万吨/年乙苯/苯乙烯装置
0.03,ST010118,"<p>%(v/v)</p>
",2026-02-28 16:00:00,丙烷,延炼12万吨/年乙苯/苯乙烯装置
0.06,ST010118,"<p>%(v/v)</p>
",2026-02-28 16:00:00,丙烯,延炼12万吨/年乙苯/苯乙烯装置
12.93,ST010118,"<p>%(v/v)</p>
",2026-02-28 16:00:00,乙烯,延炼12万吨/年乙苯/苯乙烯装置
0.00,ST010118,"<p>%(v/v)</p>
",2026-02-28 16:00:00,碳四(合计),延炼12万吨/年乙苯/苯乙烯装置
0.00,ST010118,"<p>%(v/v)</p>
",2026-02-28 16:00:00,异戊烷,延炼12万吨/年乙苯/苯乙烯装置
0.00,ST010118,"<p>%(v/v)</p>
",2026-02-28 16:00:00,正戊烷,延炼12万吨/年乙苯/苯乙烯装置
1.0,ST010118,<p>mg/kg</p>,2026-03-01 16:00:00,硫化氢,延炼12万吨/年乙苯/苯乙烯装置
0.91,ST010118,"<p>%(v/v)</p>
",2026-03-01 16:00:00,氧气,延炼12万吨/年乙苯/苯乙烯装置
19.96,ST010118,"<p>%(v/v)</p>
",2026-03-01 16:00:00,氮气,延炼12万吨/年乙苯/苯乙烯装置
1.87,ST010118,"<p>%(v/v)</p>
",2026-03-01 16:00:00,一氧化碳,延炼12万吨/年乙苯/苯乙烯装置
1.30,ST010118,"<p>%(v/v)</p>
",2026-03-01 16:00:00,二氧化碳,延炼12万吨/年乙苯/苯乙烯装置
19.77,ST010118,"<p>%(v/v)</p>
",2026-03-01 16:00:00,氢气,延炼12万吨/年乙苯/苯乙烯装置
28.96,ST010118,"<p>%(v/v)</p>
",2026-03-01 16:00:00,甲烷,延炼12万吨/年乙苯/苯乙烯装置
0.02,ST010118,"<p>%(v/v)</p>
",2026-03-01 16:00:00,丙烷,延炼12万吨/年乙苯/苯乙烯装置
0.05,ST010118,"<p>%(v/v)</p>
",2026-03-01 16:00:00,丙烯,延炼12万吨/年乙苯/苯乙烯装置
13.72,ST010118,"<p>%(v/v)</p>
",2026-03-01 16:00:00,乙烯,延炼12万吨/年乙苯/苯乙烯装置
0.00,ST010118,"<p>%(v/v)</p>
",2026-03-01 16:00:00,碳四(合计),延炼12万吨/年乙苯/苯乙烯装置
0.00,ST010118,"<p>%(v/v)</p>
",2026-03-01 16:00:00,异戊烷,延炼12万吨/年乙苯/苯乙烯装置
0.00,ST010118,"<p>%(v/v)</p>
",2026-03-01 16:00:00,正戊烷,延炼12万吨/年乙苯/苯乙烯装置
13.44,ST010118,"<p>%(v/v)</p>
",2026-03-01 16:00:00,乙烷,延炼12万吨/年乙苯/苯乙烯装置
0.00,ST010118,"<p>%(v/v)</p>
",2026-03-01 16:00:00,碳五(合计),延炼12万吨/年乙苯/苯乙烯装置
1.0,ST010118,<p>mg/kg</p>,2026-03-02 16:00:00,硫化氢,延炼12万吨/年乙苯/苯乙烯装置
1.84,ST010118,"<p>%(v/v)</p>
",2026-03-02 16:00:00,氧气,延炼12万吨/年乙苯/苯乙烯装置
23.32,ST010118,"<p>%(v/v)</p>
",2026-03-02 16:00:00,氮气,延炼12万吨/年乙苯/苯乙烯装置
1.90,ST010118,"<p>%(v/v)</p>
",2026-03-02 16:00:00,一氧化碳,延炼12万吨/年乙苯/苯乙烯装置
1.25,ST010118,"<p>%(v/v)</p>
",2026-03-02 16:00:00,二氧化碳,延炼12万吨/年乙苯/苯乙烯装置
19.28,ST010118,"<p>%(v/v)</p>
",2026-03-02 16:00:00,氢气,延炼12万吨/年乙苯/苯乙烯装置
27.56,ST010118,"<p>%(v/v)</p>
",2026-03-02 16:00:00,甲烷,延炼12万吨/年乙苯/苯乙烯装置
0.02,ST010118,"<p>%(v/v)</p>
",2026-03-02 16:00:00,丙烷,延炼12万吨/年乙苯/苯乙烯装置
0.03,ST010118,"<p>%(v/v)</p>
",2026-03-02 16:00:00,丙烯,延炼12万吨/年乙苯/苯乙烯装置
12.43,ST010118,"<p>%(v/v)</p>
",2026-03-02 16:00:00,乙烯,延炼12万吨/年乙苯/苯乙烯装置
0.00,ST010118,"<p>%(v/v)</p>
",2026-03-02 16:00:00,碳四(合计),延炼12万吨/年乙苯/苯乙烯装置
0.00,ST010118,"<p>%(v/v)</p>
",2026-03-02 16:00:00,异戊烷,延炼12万吨/年乙苯/苯乙烯装置
0.00,ST010118,"<p>%(v/v)</p>
",2026-03-02 16:00:00,正戊烷,延炼12万吨/年乙苯/苯乙烯装置
12.36,ST010118,"<p>%(v/v)</p>
",2026-03-02 16:00:00,乙烷,延炼12万吨/年乙苯/苯乙烯装置
0.00,ST010118,"<p>%(v/v)</p>
",2026-03-02 16:00:00,碳五(合计),延炼12万吨/年乙苯/苯乙烯装置
1.0,ST010118,<p>mg/kg</p>,2026-03-03 08:00:00,硫化氢,延炼12万吨/年乙苯/苯乙烯装置
1.26,ST010118,"<p>%(v/v)</p>
",2026-03-03 08:00:00,氧气,延炼12万吨/年乙苯/苯乙烯装置
22.75,ST010118,"<p>%(v/v)</p>
",2026-03-03 08:00:00,氮气,延炼12万吨/年乙苯/苯乙烯装置
1.99,ST010118,"<p>%(v/v)</p>
",2026-03-03 08:00:00,一氧化碳,延炼12万吨/年乙苯/苯乙烯装置
1.75,ST010118,"<p>%(v/v)</p>
",2026-03-03 08:00:00,二氧化碳,延炼12万吨/年乙苯/苯乙烯装置
19.50,ST010118,"<p>%(v/v)</p>
",2026-03-03 08:00:00,氢气,延炼12万吨/年乙苯/苯乙烯装置
27.22,ST010118,"<p>%(v/v)</p>
",2026-03-03 08:00:00,甲烷,延炼12万吨/年乙苯/苯乙烯装置
0.02,ST010118,"<p>%(v/v)</p>
",2026-03-03 08:00:00,丙烷,延炼12万吨/年乙苯/苯乙烯装置
0.03,ST010118,"<p>%(v/v)</p>
",2026-03-03 08:00:00,丙烯,延炼12万吨/年乙苯/苯乙烯装置
12.78,ST010118,"<p>%(v/v)</p>
",2026-03-03 08:00:00,乙烯,延炼12万吨/年乙苯/苯乙烯装置
0.00,ST010118,"<p>%(v/v)</p>
",2026-03-03 08:00:00,碳四(合计),延炼12万吨/年乙苯/苯乙烯装置
0.00,ST010118,"<p>%(v/v)</p>
",2026-03-03 08:00:00,异戊烷,延炼12万吨/年乙苯/苯乙烯装置
0.00,ST010118,"<p>%(v/v)</p>
",2026-03-03 08:00:00,正戊烷,延炼12万吨/年乙苯/苯乙烯装置
12.68,ST010118,"<p>%(v/v)</p>
",2026-03-03 08:00:00,乙烷,延炼12万吨/年乙苯/苯乙烯装置
0.00,ST010118,"<p>%(v/v)</p>
",2026-03-03 08:00:00,碳五(合计),延炼12万吨/年乙苯/苯乙烯装置
1.0,ST010118,<p>mg/kg</p>,2026-03-04 08:00:00,硫化氢,延炼12万吨/年乙苯/苯乙烯装置
2.28,ST010118,"<p>%(v/v)</p>
",2026-03-04 08:00:00,氧气,延炼12万吨/年乙苯/苯乙烯装置
24.26,ST010118,"<p>%(v/v)</p>
",2026-03-04 08:00:00,氮气,延炼12万吨/年乙苯/苯乙烯装置
1.86,ST010118,"<p>%(v/v)</p>
",2026-03-04 08:00:00,一氧化碳,延炼12万吨/年乙苯/苯乙烯装置
1.30,ST010118,"<p>%(v/v)</p>
",2026-03-04 08:00:00,二氧化碳,延炼12万吨/年乙苯/苯乙烯装置
18.75,ST010118,"<p>%(v/v)</p>
",2026-03-04 08:00:00,氢气,延炼12万吨/年乙苯/苯乙烯装置
26.38,ST010118,"<p>%(v/v)</p>
",2026-03-04 08:00:00,甲烷,延炼12万吨/年乙苯/苯乙烯装置
0.02,ST010118,"<p>%(v/v)</p>
",2026-03-04 08:00:00,丙烷,延炼12万吨/年乙苯/苯乙烯装置
0.04,ST010118,"<p>%(v/v)</p>
",2026-03-04 08:00:00,丙烯,延炼12万吨/年乙苯/苯乙烯装置
12.55,ST010118,"<p>%(v/v)</p>
",2026-03-04 08:00:00,乙烯,延炼12万吨/年乙苯/苯乙烯装置
0.00,ST010118,"<p>%(v/v)</p>
",2026-03-04 08:00:00,碳四(合计),延炼12万吨/年乙苯/苯乙烯装置
0.00,ST010118,"<p>%(v/v)</p>
",2026-03-04 08:00:00,异戊烷,延炼12万吨/年乙苯/苯乙烯装置
0.00,ST010118,"<p>%(v/v)</p>
",2026-03-04 08:00:00,正戊烷,延炼12万吨/年乙苯/苯乙烯装置
12.56,ST010118,"<p>%(v/v)</p>
",2026-03-04 08:00:00,乙烷,延炼12万吨/年乙苯/苯乙烯装置
0.00,ST010118,"<p>%(v/v)</p>
",2026-03-04 08:00:00,碳五(合计),延炼12万吨/年乙苯/苯乙烯装置
1.0,ST010118,<p>mg/kg</p>,2026-03-05 08:00:00,硫化氢,延炼12万吨/年乙苯/苯乙烯装置
1.55,ST010118,"<p>%(v/v)</p>
",2026-03-05 08:00:00,氧气,延炼12万吨/年乙苯/苯乙烯装置
22.88,ST010118,"<p>%(v/v)</p>
",2026-03-05 08:00:00,氮气,延炼12万吨/年乙苯/苯乙烯装置
2.28,ST010118,"<p>%(v/v)</p>
",2026-03-05 08:00:00,一氧化碳,延炼12万吨/年乙苯/苯乙烯装置
1.43,ST010118,"<p>%(v/v)</p>
",2026-03-05 08:00:00,二氧化碳,延炼12万吨/年乙苯/苯乙烯装置
18.49,ST010118,"<p>%(v/v)</p>
",2026-03-05 08:00:00,氢气,延炼12万吨/年乙苯/苯乙烯装置
27.49,ST010118,"<p>%(v/v)</p>
",2026-03-05 08:00:00,甲烷,延炼12万吨/年乙苯/苯乙烯装置
0.03,ST010118,"<p>%(v/v)</p>
",2026-03-05 08:00:00,丙烷,延炼12万吨/年乙苯/苯乙烯装置
0.04,ST010118,"<p>%(v/v)</p>
",2026-03-05 08:00:00,丙烯,延炼12万吨/年乙苯/苯乙烯装置
12.76,ST010118,"<p>%(v/v)</p>
",2026-03-05 08:00:00,乙烯,延炼12万吨/年乙苯/苯乙烯装置
0.00,ST010118,"<p>%(v/v)</p>
",2026-03-05 08:00:00,碳四(合计),延炼12万吨/年乙苯/苯乙烯装置
0.00,ST010118,"<p>%(v/v)</p>
",2026-03-05 08:00:00,异戊烷,延炼12万吨/年乙苯/苯乙烯装置
0.00,ST010118,"<p>%(v/v)</p>
",2026-03-05 08:00:00,正戊烷,延炼12万吨/年乙苯/苯乙烯装置
13.04,ST010118,"<p>%(v/v)</p>
",2026-03-05 08:00:00,乙烷,延炼12万吨/年乙苯/苯乙烯装置
0.00,ST010118,"<p>%(v/v)</p>
",2026-03-05 08:00:00,碳五(合计),延炼12万吨/年乙苯/苯乙烯装置
1.0,ST010118,<p>mg/kg</p>,2026-03-06 08:00:00,硫化氢,延炼12万吨/年乙苯/苯乙烯装置
1.37,ST010118,"<p>%(v/v)</p>
",2026-03-06 08:00:00,氧气,延炼12万吨/年乙苯/苯乙烯装置
21.72,ST010118,"<p>%(v/v)</p>
",2026-03-06 08:00:00,氮气,延炼12万吨/年乙苯/苯乙烯装置
2.28,ST010118,"<p>%(v/v)</p>
",2026-03-06 08:00:00,一氧化碳,延炼12万吨/年乙苯/苯乙烯装置
1.76,ST010118,"<p>%(v/v)</p>
",2026-03-06 08:00:00,二氧化碳,延炼12万吨/年乙苯/苯乙烯装置
18.90,ST010118,"<p>%(v/v)</p>
",2026-03-06 08:00:00,氢气,延炼12万吨/年乙苯/苯乙烯装置
27.94,ST010118,"<p>%(v/v)</p>
",2026-03-06 08:00:00,甲烷,延炼12万吨/年乙苯/苯乙烯装置
0.03,ST010118,"<p>%(v/v)</p>
",2026-03-06 08:00:00,丙烷,延炼12万吨/年乙苯/苯乙烯装置
0.06,ST010118,"<p>%(v/v)</p>
",2026-03-06 08:00:00,丙烯,延炼12万吨/年乙苯/苯乙烯装置
12.85,ST010118,"<p>%(v/v)</p>
",2026-03-06 08:00:00,乙烯,延炼12万吨/年乙苯/苯乙烯装置
0.00,ST010118,"<p>%(v/v)</p>
",2026-03-06 08:00:00,碳四(合计),延炼12万吨/年乙苯/苯乙烯装置
0.00,ST010118,"<p>%(v/v)</p>
",2026-03-06 08:00:00,异戊烷,延炼12万吨/年乙苯/苯乙烯装置
0.00,ST010118,"<p>%(v/v)</p>
",2026-03-06 08:00:00,正戊烷,延炼12万吨/年乙苯/苯乙烯装置
13.08,ST010118,"<p>%(v/v)</p>
",2026-03-06 08:00:00,乙烷,延炼12万吨/年乙苯/苯乙烯装置
0.00,ST010118,"<p>%(v/v)</p>
",2026-03-06 08:00:00,碳五(合计),延炼12万吨/年乙苯/苯乙烯装置
1.0,ST010118,<p>mg/kg</p>,2026-03-07 08:00:00,硫化氢,延炼12万吨/年乙苯/苯乙烯装置
1.29,ST010118,"<p>%(v/v)</p>
",2026-03-07 08:00:00,氧气,延炼12万吨/年乙苯/苯乙烯装置
21.58,ST010118,"<p>%(v/v)</p>
",2026-03-07 08:00:00,氮气,延炼12万吨/年乙苯/苯乙烯装置
2.46,ST010118,"<p>%(v/v)</p>
",2026-03-07 08:00:00,一氧化碳,延炼12万吨/年乙苯/苯乙烯装置
1.52,ST010118,"<p>%(v/v)</p>
",2026-03-07 08:00:00,二氧化碳,延炼12万吨/年乙苯/苯乙烯装置
19.19,ST010118,"<p>%(v/v)</p>
",2026-03-07 08:00:00,氢气,延炼12万吨/年乙苯/苯乙烯装置
28.30,ST010118,"<p>%(v/v)</p>
",2026-03-07 08:00:00,甲烷,延炼12万吨/年乙苯/苯乙烯装置
0.03,ST010118,"<p>%(v/v)</p>
",2026-03-07 08:00:00,丙烷,延炼12万吨/年乙苯/苯乙烯装置
0.05,ST010118,"<p>%(v/v)</p>
",2026-03-07 08:00:00,丙烯,延炼12万吨/年乙苯/苯乙烯装置
12.83,ST010118,"<p>%(v/v)</p>
",2026-03-07 08:00:00,乙烯,延炼12万吨/年乙苯/苯乙烯装置
0.00,ST010118,"<p>%(v/v)</p>
",2026-03-07 08:00:00,碳四(合计),延炼12万吨/年乙苯/苯乙烯装置
0.00,ST010118,"<p>%(v/v)</p>
",2026-03-07 08:00:00,异戊烷,延炼12万吨/年乙苯/苯乙烯装置
0.00,ST010118,"<p>%(v/v)</p>
",2026-03-07 08:00:00,正戊烷,延炼12万吨/年乙苯/苯乙烯装置
12.76,ST010118,"<p>%(v/v)</p>
",2026-03-07 08:00:00,乙烷,延炼12万吨/年乙苯/苯乙烯装置
0.00,ST010118,"<p>%(v/v)</p>
",2026-03-07 08:00:00,碳五(合计),延炼12万吨/年乙苯/苯乙烯装置
1.0,ST010118,<p>mg/kg</p>,2026-03-08 08:00:00,硫化氢,延炼12万吨/年乙苯/苯乙烯装置
1.32,ST010118,"<p>%(v/v)</p>
",2026-03-08 08:00:00,氧气,延炼12万吨/年乙苯/苯乙烯装置
21.42,ST010118,"<p>%(v/v)</p>
",2026-03-08 08:00:00,氮气,延炼12万吨/年乙苯/苯乙烯装置
2.34,ST010118,"<p>%(v/v)</p>
",2026-03-08 08:00:00,一氧化碳,延炼12万吨/年乙苯/苯乙烯装置
1.32,ST010118,"<p>%(v/v)</p>
",2026-03-08 08:00:00,二氧化碳,延炼12万吨/年乙苯/苯乙烯装置
18.59,ST010118,"<p>%(v/v)</p>
",2026-03-08 08:00:00,氢气,延炼12万吨/年乙苯/苯乙烯装置
28.56,ST010118,"<p>%(v/v)</p>
",2026-03-08 08:00:00,甲烷,延炼12万吨/年乙苯/苯乙烯装置
0.03,ST010118,"<p>%(v/v)</p>
",2026-03-08 08:00:00,丙烷,延炼12万吨/年乙苯/苯乙烯装置
0.05,ST010118,"<p>%(v/v)</p>
",2026-03-08 08:00:00,丙烯,延炼12万吨/年乙苯/苯乙烯装置
13.10,ST010118,"<p>%(v/v)</p>
",2026-03-08 08:00:00,乙烯,延炼12万吨/年乙苯/苯乙烯装置
0.00,ST010118,"<p>%(v/v)</p>
",2026-03-08 08:00:00,碳四(合计),延炼12万吨/年乙苯/苯乙烯装置
0.00,ST010118,"<p>%(v/v)</p>
",2026-03-08 08:00:00,异戊烷,延炼12万吨/年乙苯/苯乙烯装置
0.00,ST010118,"<p>%(v/v)</p>
",2026-03-08 08:00:00,正戊烷,延炼12万吨/年乙苯/苯乙烯装置
13.26,ST010118,"<p>%(v/v)</p>
",2026-03-08 08:00:00,乙烷,延炼12万吨/年乙苯/苯乙烯装置
0.00,ST010118,"<p>%(v/v)</p>
",2026-03-08 08:00:00,碳五(合计),延炼12万吨/年乙苯/苯乙烯装置
12.52,ST010118,"<p>%(v/v)</p>
",2026-03-09 08:00:00,乙烷,延炼12万吨/年乙苯/苯乙烯装置
0.00,ST010118,"<p>%(v/v)</p>
",2026-03-09 08:00:00,碳五(合计),延炼12万吨/年乙苯/苯乙烯装置
1.90,ST010118,"<p>%(v/v)</p>
",2026-03-09 08:00:00,氧气,延炼12万吨/年乙苯/苯乙烯装置
23.35,ST010118,"<p>%(v/v)</p>
",2026-03-09 08:00:00,氮气,延炼12万吨/年乙苯/苯乙烯装置
2.37,ST010118,"<p>%(v/v)</p>
",2026-03-09 08:00:00,一氧化碳,延炼12万吨/年乙苯/苯乙烯装置
1.37,ST010118,"<p>%(v/v)</p>
",2026-03-09 08:00:00,二氧化碳,延炼12万吨/年乙苯/苯乙烯装置
18.15,ST010118,"<p>%(v/v)</p>
",2026-03-09 08:00:00,氢气,延炼12万吨/年乙苯/苯乙烯装置
27.90,ST010118,"<p>%(v/v)</p>
",2026-03-09 08:00:00,甲烷,延炼12万吨/年乙苯/苯乙烯装置
0.02,ST010118,"<p>%(v/v)</p>
",2026-03-09 08:00:00,丙烷,延炼12万吨/年乙苯/苯乙烯装置
0.04,ST010118,"<p>%(v/v)</p>
",2026-03-09 08:00:00,丙烯,延炼12万吨/年乙苯/苯乙烯装置
12.40,ST010118,"<p>%(v/v)</p>
",2026-03-09 08:00:00,乙烯,延炼12万吨/年乙苯/苯乙烯装置
0.00,ST010118,"<p>%(v/v)</p>
",2026-03-09 08:00:00,碳四(合计),延炼12万吨/年乙苯/苯乙烯装置
0.00,ST010118,"<p>%(v/v)</p>
",2026-03-09 08:00:00,异戊烷,延炼12万吨/年乙苯/苯乙烯装置
0.00,ST010118,"<p>%(v/v)</p>
",2026-03-09 08:00:00,正戊烷,延炼12万吨/年乙苯/苯乙烯装置
1.0,ST010118,<p>mg/kg</p>,2026-03-09 08:00:00,硫化氢,延炼12万吨/年乙苯/苯乙烯装置
1.0,ST010118,<p>mg/kg</p>,2026-03-10 08:00:00,硫化氢,延炼12万吨/年乙苯/苯乙烯装置
0.91,ST010118,"<p>%(v/v)</p>
",2026-03-10 08:00:00,氧气,延炼12万吨/年乙苯/苯乙烯装置
20.63,ST010118,"<p>%(v/v)</p>
",2026-03-10 08:00:00,氮气,延炼12万吨/年乙苯/苯乙烯装置
2.42,ST010118,"<p>%(v/v)</p>
",2026-03-10 08:00:00,一氧化碳,延炼12万吨/年乙苯/苯乙烯装置
1.34,ST010118,"<p>%(v/v)</p>
",2026-03-10 08:00:00,二氧化碳,延炼12万吨/年乙苯/苯乙烯装置
19.48,ST010118,"<p>%(v/v)</p>
",2026-03-10 08:00:00,氢气,延炼12万吨/年乙苯/苯乙烯装置
28.90,ST010118,"<p>%(v/v)</p>
",2026-03-10 08:00:00,甲烷,延炼12万吨/年乙苯/苯乙烯装置
0.03,ST010118,"<p>%(v/v)</p>
",2026-03-10 08:00:00,丙烷,延炼12万吨/年乙苯/苯乙烯装置
0.06,ST010118,"<p>%(v/v)</p>
",2026-03-10 08:00:00,丙烯,延炼12万吨/年乙苯/苯乙烯装置
13.20,ST010118,"<p>%(v/v)</p>
",2026-03-10 08:00:00,乙烯,延炼12万吨/年乙苯/苯乙烯装置
0.00,ST010118,"<p>%(v/v)</p>
",2026-03-10 08:00:00,碳四(合计),延炼12万吨/年乙苯/苯乙烯装置
0.00,ST010118,"<p>%(v/v)</p>
",2026-03-10 08:00:00,异戊烷,延炼12万吨/年乙苯/苯乙烯装置
0.00,ST010118,"<p>%(v/v)</p>
",2026-03-10 08:00:00,正戊烷,延炼12万吨/年乙苯/苯乙烯装置
13.01,ST010118,"<p>%(v/v)</p>
",2026-03-10 08:00:00,乙烷,延炼12万吨/年乙苯/苯乙烯装置
0.00,ST010118,"<p>%(v/v)</p>
",2026-03-10 08:00:00,碳五(合计),延炼12万吨/年乙苯/苯乙烯装置
1.0,ST010118,<p>mg/kg</p>,2026-03-11 08:00:00,硫化氢,延炼12万吨/年乙苯/苯乙烯装置
1.47,ST010118,"<p>%(v/v)</p>
",2026-03-11 08:00:00,氧气,延炼12万吨/年乙苯/苯乙烯装置
21.85,ST010118,"<p>%(v/v)</p>
",2026-03-11 08:00:00,氮气,延炼12万吨/年乙苯/苯乙烯装置
2.29,ST010118,"<p>%(v/v)</p>
",2026-03-11 08:00:00,一氧化碳,延炼12万吨/年乙苯/苯乙烯装置
1.49,ST010118,"<p>%(v/v)</p>
",2026-03-11 08:00:00,二氧化碳,延炼12万吨/年乙苯/苯乙烯装置
17.77,ST010118,"<p>%(v/v)</p>
",2026-03-11 08:00:00,氢气,延炼12万吨/年乙苯/苯乙烯装置
28.50,ST010118,"<p>%(v/v)</p>
",2026-03-11 08:00:00,甲烷,延炼12万吨/年乙苯/苯乙烯装置
0.03,ST010118,"<p>%(v/v)</p>
",2026-03-11 08:00:00,丙烷,延炼12万吨/年乙苯/苯乙烯装置
0.05,ST010118,"<p>%(v/v)</p>
",2026-03-11 08:00:00,丙烯,延炼12万吨/年乙苯/苯乙烯装置
13.31,ST010118,"<p>%(v/v)</p>
",2026-03-11 08:00:00,乙烯,延炼12万吨/年乙苯/苯乙烯装置
0.00,ST010118,"<p>%(v/v)</p>
",2026-03-11 08:00:00,碳四(合计),延炼12万吨/年乙苯/苯乙烯装置
0.00,ST010118,"<p>%(v/v)</p>
",2026-03-11 08:00:00,异戊烷,延炼12万吨/年乙苯/苯乙烯装置
0.00,ST010118,"<p>%(v/v)</p>
",2026-03-11 08:00:00,正戊烷,延炼12万吨/年乙苯/苯乙烯装置
13.23,ST010118,"<p>%(v/v)</p>
",2026-03-11 08:00:00,乙烷,延炼12万吨/年乙苯/苯乙烯装置
0.00,ST010118,"<p>%(v/v)</p>
",2026-03-11 08:00:00,碳五(合计),延炼12万吨/年乙苯/苯乙烯装置
1.0,ST010118,<p>mg/kg</p>,2026-03-12 08:00:00,硫化氢,延炼12万吨/年乙苯/苯乙烯装置
0.54,ST010118,"<p>%(v/v)</p>
",2026-03-12 08:00:00,氧气,延炼12万吨/年乙苯/苯乙烯装置
21.43,ST010118,"<p>%(v/v)</p>
",2026-03-12 08:00:00,氮气,延炼12万吨/年乙苯/苯乙烯装置
2.35,ST010118,"<p>%(v/v)</p>
",2026-03-12 08:00:00,一氧化碳,延炼12万吨/年乙苯/苯乙烯装置
1.92,ST010118,"<p>%(v/v)</p>
",2026-03-12 08:00:00,二氧化碳,延炼12万吨/年乙苯/苯乙烯装置
18.36,ST010118,"<p>%(v/v)</p>
",2026-03-12 08:00:00,氢气,延炼12万吨/年乙苯/苯乙烯装置
28.84,ST010118,"<p>%(v/v)</p>
",2026-03-12 08:00:00,甲烷,延炼12万吨/年乙苯/苯乙烯装置
0.04,ST010118,"<p>%(v/v)</p>
",2026-03-12 08:00:00,丙烷,延炼12万吨/年乙苯/苯乙烯装置
0.08,ST010118,"<p>%(v/v)</p>
",2026-03-12 08:00:00,丙烯,延炼12万吨/年乙苯/苯乙烯装置
12.85,ST010118,"<p>%(v/v)</p>
",2026-03-12 08:00:00,乙烯,延炼12万吨/年乙苯/苯乙烯装置
0.00,ST010118,"<p>%(v/v)</p>
",2026-03-12 08:00:00,碳四(合计),延炼12万吨/年乙苯/苯乙烯装置
0.00,ST010118,"<p>%(v/v)</p>
",2026-03-12 08:00:00,异戊烷,延炼12万吨/年乙苯/苯乙烯装置
0.00,ST010118,"<p>%(v/v)</p>
",2026-03-12 08:00:00,正戊烷,延炼12万吨/年乙苯/苯乙烯装置
13.60,ST010118,"<p>%(v/v)</p>
",2026-03-12 08:00:00,乙烷,延炼12万吨/年乙苯/苯乙烯装置
0.00,ST010118,"<p>%(v/v)</p>
",2026-03-12 08:00:00,碳五(合计),延炼12万吨/年乙苯/苯乙烯装置
1.0,ST010118,<p>mg/kg</p>,2026-03-13 08:00:00,硫化氢,延炼12万吨/年乙苯/苯乙烯装置
1.08,ST010118,"<p>%(v/v)</p>
",2026-03-13 08:00:00,氧气,延炼12万吨/年乙苯/苯乙烯装置
20.22,ST010118,"<p>%(v/v)</p>
",2026-03-13 08:00:00,氮气,延炼12万吨/年乙苯/苯乙烯装置
2.27,ST010118,"<p>%(v/v)</p>
",2026-03-13 08:00:00,一氧化碳,延炼12万吨/年乙苯/苯乙烯装置
1.62,ST010118,"<p>%(v/v)</p>
",2026-03-13 08:00:00,二氧化碳,延炼12万吨/年乙苯/苯乙烯装置
17.41,ST010118,"<p>%(v/v)</p>
",2026-03-13 08:00:00,氢气,延炼12万吨/年乙苯/苯乙烯装置
29.36,ST010118,"<p>%(v/v)</p>
",2026-03-13 08:00:00,甲烷,延炼12万吨/年乙苯/苯乙烯装置
0.05,ST010118,"<p>%(v/v)</p>
",2026-03-13 08:00:00,丙烷,延炼12万吨/年乙苯/苯乙烯装置
0.10,ST010118,"<p>%(v/v)</p>
",2026-03-13 08:00:00,丙烯,延炼12万吨/年乙苯/苯乙烯装置
13.74,ST010118,"<p>%(v/v)</p>
",2026-03-13 08:00:00,乙烯,延炼12万吨/年乙苯/苯乙烯装置
0.00,ST010118,"<p>%(v/v)</p>
",2026-03-13 08:00:00,碳四(合计),延炼12万吨/年乙苯/苯乙烯装置
0.00,ST010118,"<p>%(v/v)</p>
",2026-03-13 08:00:00,异戊烷,延炼12万吨/年乙苯/苯乙烯装置
0.00,ST010118,"<p>%(v/v)</p>
",2026-03-13 08:00:00,正戊烷,延炼12万吨/年乙苯/苯乙烯装置
14.16,ST010118,"<p>%(v/v)</p>
",2026-03-13 08:00:00,乙烷,延炼12万吨/年乙苯/苯乙烯装置
0.00,ST010118,"<p>%(v/v)</p>
",2026-03-13 08:00:00,碳五(合计),延炼12万吨/年乙苯/苯乙烯装置
1.0,ST010118,<p>mg/kg</p>,2026-03-14 08:00:00,硫化氢,延炼12万吨/年乙苯/苯乙烯装置
0.70,ST010118,"<p>%(v/v)</p>
",2026-03-14 08:00:00,氧气,延炼12万吨/年乙苯/苯乙烯装置
20.49,ST010118,"<p>%(v/v)</p>
",2026-03-14 08:00:00,氮气,延炼12万吨/年乙苯/苯乙烯装置
2.23,ST010118,"<p>%(v/v)</p>
",2026-03-14 08:00:00,一氧化碳,延炼12万吨/年乙苯/苯乙烯装置
1.58,ST010118,"<p>%(v/v)</p>
",2026-03-14 08:00:00,二氧化碳,延炼12万吨/年乙苯/苯乙烯装置
17.63,ST010118,"<p>%(v/v)</p>
",2026-03-14 08:00:00,氢气,延炼12万吨/年乙苯/苯乙烯装置
29.51,ST010118,"<p>%(v/v)</p>
",2026-03-14 08:00:00,甲烷,延炼12万吨/年乙苯/苯乙烯装置
0.07,ST010118,"<p>%(v/v)</p>
",2026-03-14 08:00:00,丙烷,延炼12万吨/年乙苯/苯乙烯装置
0.14,ST010118,"<p>%(v/v)</p>
",2026-03-14 08:00:00,丙烯,延炼12万吨/年乙苯/苯乙烯装置
13.66,ST010118,"<p>%(v/v)</p>
",2026-03-14 08:00:00,乙烯,延炼12万吨/年乙苯/苯乙烯装置
0.00,ST010118,"<p>%(v/v)</p>
",2026-03-14 08:00:00,碳四(合计),延炼12万吨/年乙苯/苯乙烯装置
0.00,ST010118,"<p>%(v/v)</p>
",2026-03-14 08:00:00,异戊烷,延炼12万吨/年乙苯/苯乙烯装置
0.00,ST010118,"<p>%(v/v)</p>
",2026-03-14 08:00:00,正戊烷,延炼12万吨/年乙苯/苯乙烯装置
13.99,ST010118,"<p>%(v/v)</p>
",2026-03-14 08:00:00,乙烷,延炼12万吨/年乙苯/苯乙烯装置
0.00,ST010118,"<p>%(v/v)</p>
",2026-03-14 08:00:00,碳五(合计),延炼12万吨/年乙苯/苯乙烯装置
1.0,ST010118,<p>mg/kg</p>,2026-03-15 08:00:00,硫化氢,延炼12万吨/年乙苯/苯乙烯装置
1.83,ST010118,"<p>%(v/v)</p>
",2026-03-15 08:00:00,氧气,延炼12万吨/年乙苯/苯乙烯装置
22.62,ST010118,"<p>%(v/v)</p>
",2026-03-15 08:00:00,氮气,延炼12万吨/年乙苯/苯乙烯装置
2.26,ST010118,"<p>%(v/v)</p>
",2026-03-15 08:00:00,一氧化碳,延炼12万吨/年乙苯/苯乙烯装置
1.80,ST010118,"<p>%(v/v)</p>
",2026-03-15 08:00:00,二氧化碳,延炼12万吨/年乙苯/苯乙烯装置
18.03,ST010118,"<p>%(v/v)</p>
",2026-03-15 08:00:00,氢气,延炼12万吨/年乙苯/苯乙烯装置
27.95,ST010118,"<p>%(v/v)</p>
",2026-03-15 08:00:00,甲烷,延炼12万吨/年乙苯/苯乙烯装置
0.05,ST010118,"<p>%(v/v)</p>
",2026-03-15 08:00:00,丙烷,延炼12万吨/年乙苯/苯乙烯装置
0.09,ST010118,"<p>%(v/v)</p>
",2026-03-15 08:00:00,丙烯,延炼12万吨/年乙苯/苯乙烯装置
12.60,ST010118,"<p>%(v/v)</p>
",2026-03-15 08:00:00,乙烯,延炼12万吨/年乙苯/苯乙烯装置
0.00,ST010118,"<p>%(v/v)</p>
",2026-03-15 08:00:00,碳四(合计),延炼12万吨/年乙苯/苯乙烯装置
0.00,ST010118,"<p>%(v/v)</p>
",2026-03-15 08:00:00,异戊烷,延炼12万吨/年乙苯/苯乙烯装置
0.00,ST010118,"<p>%(v/v)</p>
",2026-03-15 08:00:00,正戊烷,延炼12万吨/年乙苯/苯乙烯装置
12.78,ST010118,"<p>%(v/v)</p>
",2026-03-15 08:00:00,乙烷,延炼12万吨/年乙苯/苯乙烯装置
0.00,ST010118,"<p>%(v/v)</p>
",2026-03-15 08:00:00,碳五(合计),延炼12万吨/年乙苯/苯乙烯装置
1.0,ST010118,<p>mg/kg</p>,2026-03-16 08:00:00,硫化氢,延炼12万吨/年乙苯/苯乙烯装置
2.54,ST010118,"<p>%(v/v)</p>
",2026-03-16 08:00:00,氧气,延炼12万吨/年乙苯/苯乙烯装置
23.59,ST010118,"<p>%(v/v)</p>
",2026-03-16 08:00:00,氮气,延炼12万吨/年乙苯/苯乙烯装置
2.08,ST010118,"<p>%(v/v)</p>
",2026-03-16 08:00:00,一氧化碳,延炼12万吨/年乙苯/苯乙烯装置
1.30,ST010118,"<p>%(v/v)</p>
",2026-03-16 08:00:00,二氧化碳,延炼12万吨/年乙苯/苯乙烯装置
16.50,ST010118,"<p>%(v/v)</p>
",2026-03-16 08:00:00,氢气,延炼12万吨/年乙苯/苯乙烯装置
27.65,ST010118,"<p>%(v/v)</p>
",2026-03-16 08:00:00,甲烷,延炼12万吨/年乙苯/苯乙烯装置
0.06,ST010118,"<p>%(v/v)</p>
",2026-03-16 08:00:00,丙烷,延炼12万吨/年乙苯/苯乙烯装置
0.13,ST010118,"<p>%(v/v)</p>
",2026-03-16 08:00:00,丙烯,延炼12万吨/年乙苯/苯乙烯装置
12.76,ST010118,"<p>%(v/v)</p>
",2026-03-16 08:00:00,乙烯,延炼12万吨/年乙苯/苯乙烯装置
0.00,ST010118,"<p>%(v/v)</p>
",2026-03-16 08:00:00,碳四(合计),延炼12万吨/年乙苯/苯乙烯装置
0.00,ST010118,"<p>%(v/v)</p>
",2026-03-16 08:00:00,异戊烷,延炼12万吨/年乙苯/苯乙烯装置
0.00,ST010118,"<p>%(v/v)</p>
",2026-03-16 08:00:00,正戊烷,延炼12万吨/年乙苯/苯乙烯装置
13.39,ST010118,"<p>%(v/v)</p>
",2026-03-16 08:00:00,乙烷,延炼12万吨/年乙苯/苯乙烯装置
0.00,ST010118,"<p>%(v/v)</p>
",2026-03-16 08:00:00,碳五(合计),延炼12万吨/年乙苯/苯乙烯装置
1.0,ST010118,<p>mg/kg</p>,2026-03-17 08:00:00,硫化氢,延炼12万吨/年乙苯/苯乙烯装置
2.48,ST010118,"<p>%(v/v)</p>
",2026-03-17 08:00:00,氧气,延炼12万吨/年乙苯/苯乙烯装置
23.48,ST010118,"<p>%(v/v)</p>
",2026-03-17 08:00:00,氮气,延炼12万吨/年乙苯/苯乙烯装置
2.06,ST010118,"<p>%(v/v)</p>
",2026-03-17 08:00:00,一氧化碳,延炼12万吨/年乙苯/苯乙烯装置
1.46,ST010118,"<p>%(v/v)</p>
",2026-03-17 08:00:00,二氧化碳,延炼12万吨/年乙苯/苯乙烯装置
16.03,ST010118,"<p>%(v/v)</p>
",2026-03-17 08:00:00,氢气,延炼12万吨/年乙苯/苯乙烯装置
27.73,ST010118,"<p>%(v/v)</p>
",2026-03-17 08:00:00,甲烷,延炼12万吨/年乙苯/苯乙烯装置
0.06,ST010118,"<p>%(v/v)</p>
",2026-03-17 08:00:00,丙烷,延炼12万吨/年乙苯/苯乙烯装置
0.14,ST010118,"<p>%(v/v)</p>
",2026-03-17 08:00:00,丙烯,延炼12万吨/年乙苯/苯乙烯装置
12.93,ST010118,"<p>%(v/v)</p>
",2026-03-17 08:00:00,乙烯,延炼12万吨/年乙苯/苯乙烯装置
0.00,ST010118,"<p>%(v/v)</p>
",2026-03-17 08:00:00,碳四(合计),延炼12万吨/年乙苯/苯乙烯装置
0.00,ST010118,"<p>%(v/v)</p>
",2026-03-17 08:00:00,异戊烷,延炼12万吨/年乙苯/苯乙烯装置
0.00,ST010118,"<p>%(v/v)</p>
",2026-03-17 08:00:00,正戊烷,延炼12万吨/年乙苯/苯乙烯装置
13.62,ST010118,"<p>%(v/v)</p>
",2026-03-17 08:00:00,乙烷,延炼12万吨/年乙苯/苯乙烯装置
0.00,ST010118,"<p>%(v/v)</p>
",2026-03-17 08:00:00,碳五(合计),延炼12万吨/年乙苯/苯乙烯装置
1.0,ST010118,<p>mg/kg</p>,2026-03-18 08:00:00,硫化氢,延炼12万吨/年乙苯/苯乙烯装置
1.52,ST010118,"<p>%(v/v)</p>
",2026-03-18 08:00:00,氧气,延炼12万吨/年乙苯/苯乙烯装置
22.94,ST010118,"<p>%(v/v)</p>
",2026-03-18 08:00:00,氮气,延炼12万吨/年乙苯/苯乙烯装置
2.33,ST010118,"<p>%(v/v)</p>
",2026-03-18 08:00:00,一氧化碳,延炼12万吨/年乙苯/苯乙烯装置
1.79,ST010118,"<p>%(v/v)</p>
",2026-03-18 08:00:00,二氧化碳,延炼12万吨/年乙苯/苯乙烯装置
17.37,ST010118,"<p>%(v/v)</p>
",2026-03-18 08:00:00,氢气,延炼12万吨/年乙苯/苯乙烯装置
28.97,ST010118,"<p>%(v/v)</p>
",2026-03-18 08:00:00,甲烷,延炼12万吨/年乙苯/苯乙烯装置
0.03,ST010118,"<p>%(v/v)</p>
",2026-03-18 08:00:00,丙烷,延炼12万吨/年乙苯/苯乙烯装置
0.05,ST010118,"<p>%(v/v)</p>
",2026-03-18 08:00:00,丙烯,延炼12万吨/年乙苯/苯乙烯装置
12.60,ST010118,"<p>%(v/v)</p>
",2026-03-18 08:00:00,乙烯,延炼12万吨/年乙苯/苯乙烯装置
0.00,ST010118,"<p>%(v/v)</p>
",2026-03-18 08:00:00,碳四(合计),延炼12万吨/年乙苯/苯乙烯装置
0.00,ST010118,"<p>%(v/v)</p>
",2026-03-18 08:00:00,异戊烷,延炼12万吨/年乙苯/苯乙烯装置
0.00,ST010118,"<p>%(v/v)</p>
",2026-03-18 08:00:00,正戊烷,延炼12万吨/年乙苯/苯乙烯装置
12.40,ST010118,"<p>%(v/v)</p>
",2026-03-18 08:00:00,乙烷,延炼12万吨/年乙苯/苯乙烯装置
0.00,ST010118,"<p>%(v/v)</p>
",2026-03-18 08:00:00,碳五(合计),延炼12万吨/年乙苯/苯乙烯装置
1.0,ST010118,<p>mg/kg</p>,2026-03-19 08:00:00,硫化氢,延炼12万吨/年乙苯/苯乙烯装置
3.06,ST010118,"<p>%(v/v)</p>
",2026-03-19 08:00:00,氧气,延炼12万吨/年乙苯/苯乙烯装置
26.22,ST010118,"<p>%(v/v)</p>
",2026-03-19 08:00:00,氮气,延炼12万吨/年乙苯/苯乙烯装置
2.20,ST010118,"<p>%(v/v)</p>
",2026-03-19 08:00:00,一氧化碳,延炼12万吨/年乙苯/苯乙烯装置
1.65,ST010118,"<p>%(v/v)</p>
",2026-03-19 08:00:00,二氧化碳,延炼12万吨/年乙苯/苯乙烯装置
16.76,ST010118,"<p>%(v/v)</p>
",2026-03-19 08:00:00,氢气,延炼12万吨/年乙苯/苯乙烯装置
26.83,ST010118,"<p>%(v/v)</p>
",2026-03-19 08:00:00,甲烷,延炼12万吨/年乙苯/苯乙烯装置
0.02,ST010118,"<p>%(v/v)</p>
",2026-03-19 08:00:00,丙烷,延炼12万吨/年乙苯/苯乙烯装置
0.03,ST010118,"<p>%(v/v)</p>
",2026-03-19 08:00:00,丙烯,延炼12万吨/年乙苯/苯乙烯装置
11.94,ST010118,"<p>%(v/v)</p>
",2026-03-19 08:00:00,乙烯,延炼12万吨/年乙苯/苯乙烯装置
0.00,ST010118,"<p>%(v/v)</p>
",2026-03-19 08:00:00,碳四(合计),延炼12万吨/年乙苯/苯乙烯装置
0.00,ST010118,"<p>%(v/v)</p>
",2026-03-19 08:00:00,异戊烷,延炼12万吨/年乙苯/苯乙烯装置
0.00,ST010118,"<p>%(v/v)</p>
",2026-03-19 08:00:00,正戊烷,延炼12万吨/年乙苯/苯乙烯装置
11.30,ST010118,"<p>%(v/v)</p>
",2026-03-19 08:00:00,乙烷,延炼12万吨/年乙苯/苯乙烯装置
0.00,ST010118,"<p>%(v/v)</p>
",2026-03-19 08:00:00,碳五(合计),延炼12万吨/年乙苯/苯乙烯装置
1.0,ST010118,<p>mg/kg</p>,2026-03-20 08:00:00,硫化氢,延炼12万吨/年乙苯/苯乙烯装置
1.52,ST010118,"<p>%(v/v)</p>
",2026-03-20 08:00:00,氧气,延炼12万吨/年乙苯/苯乙烯装置
22.79,ST010118,"<p>%(v/v)</p>
",2026-03-20 08:00:00,氮气,延炼12万吨/年乙苯/苯乙烯装置
2.36,ST010118,"<p>%(v/v)</p>
",2026-03-20 08:00:00,一氧化碳,延炼12万吨/年乙苯/苯乙烯装置
1.90,ST010118,"<p>%(v/v)</p>
",2026-03-20 08:00:00,二氧化碳,延炼12万吨/年乙苯/苯乙烯装置
17.60,ST010118,"<p>%(v/v)</p>
",2026-03-20 08:00:00,氢气,延炼12万吨/年乙苯/苯乙烯装置
27.84,ST010118,"<p>%(v/v)</p>
",2026-03-20 08:00:00,甲烷,延炼12万吨/年乙苯/苯乙烯装置
0.04,ST010118,"<p>%(v/v)</p>
",2026-03-20 08:00:00,丙烷,延炼12万吨/年乙苯/苯乙烯装置
0.10,ST010118,"<p>%(v/v)</p>
",2026-03-20 08:00:00,丙烯,延炼12万吨/年乙苯/苯乙烯装置
12.91,ST010118,"<p>%(v/v)</p>
",2026-03-20 08:00:00,乙烯,延炼12万吨/年乙苯/苯乙烯装置
0.00,ST010118,"<p>%(v/v)</p>
",2026-03-20 08:00:00,碳四(合计),延炼12万吨/年乙苯/苯乙烯装置
0.00,ST010118,"<p>%(v/v)</p>
",2026-03-20 08:00:00,异戊烷,延炼12万吨/年乙苯/苯乙烯装置
0.00,ST010118,"<p>%(v/v)</p>
",2026-03-20 08:00:00,正戊烷,延炼12万吨/年乙苯/苯乙烯装置
12.93,ST010118,"<p>%(v/v)</p>
",2026-03-20 08:00:00,乙烷,延炼12万吨/年乙苯/苯乙烯装置
0.00,ST010118,"<p>%(v/v)</p>
",2026-03-20 08:00:00,碳五(合计),延炼12万吨/年乙苯/苯乙烯装置
1.0,ST010118,<p>mg/kg</p>,2026-03-21 08:00:00,硫化氢,延炼12万吨/年乙苯/苯乙烯装置
0.92,ST010118,"<p>%(v/v)</p>
",2026-03-21 08:00:00,氧气,延炼12万吨/年乙苯/苯乙烯装置
20.64,ST010118,"<p>%(v/v)</p>
",2026-03-21 08:00:00,氮气,延炼12万吨/年乙苯/苯乙烯装置
2.30,ST010118,"<p>%(v/v)</p>
",2026-03-21 08:00:00,一氧化碳,延炼12万吨/年乙苯/苯乙烯装置
1.64,ST010118,"<p>%(v/v)</p>
",2026-03-21 08:00:00,二氧化碳,延炼12万吨/年乙苯/苯乙烯装置
17.80,ST010118,"<p>%(v/v)</p>
",2026-03-21 08:00:00,氢气,延炼12万吨/年乙苯/苯乙烯装置
29.51,ST010118,"<p>%(v/v)</p>
",2026-03-21 08:00:00,甲烷,延炼12万吨/年乙苯/苯乙烯装置
0.04,ST010118,"<p>%(v/v)</p>
",2026-03-21 08:00:00,丙烷,延炼12万吨/年乙苯/苯乙烯装置
0.08,ST010118,"<p>%(v/v)</p>
",2026-03-21 08:00:00,丙烯,延炼12万吨/年乙苯/苯乙烯装置
13.47,ST010118,"<p>%(v/v)</p>
",2026-03-21 08:00:00,乙烯,延炼12万吨/年乙苯/苯乙烯装置
0.00,ST010118,"<p>%(v/v)</p>
",2026-03-21 08:00:00,碳四(合计),延炼12万吨/年乙苯/苯乙烯装置
0.00,ST010118,"<p>%(v/v)</p>
",2026-03-21 08:00:00,异戊烷,延炼12万吨/年乙苯/苯乙烯装置
0.00,ST010118,"<p>%(v/v)</p>
",2026-03-21 08:00:00,正戊烷,延炼12万吨/年乙苯/苯乙烯装置
13.61,ST010118,"<p>%(v/v)</p>
",2026-03-21 08:00:00,乙烷,延炼12万吨/年乙苯/苯乙烯装置
0.00,ST010118,"<p>%(v/v)</p>
",2026-03-21 08:00:00,碳五(合计),延炼12万吨/年乙苯/苯乙烯装置
1.0,ST010118,<p>mg/kg</p>,2026-03-22 08:00:00,硫化氢,延炼12万吨/年乙苯/苯乙烯装置
1.22,ST010118,"<p>%(v/v)</p>
",2026-03-22 08:00:00,氧气,延炼12万吨/年乙苯/苯乙烯装置
21.44,ST010118,"<p>%(v/v)</p>
",2026-03-22 08:00:00,氮气,延炼12万吨/年乙苯/苯乙烯装置
2.27,ST010118,"<p>%(v/v)</p>
",2026-03-22 08:00:00,一氧化碳,延炼12万吨/年乙苯/苯乙烯装置
1.60,ST010118,"<p>%(v/v)</p>
",2026-03-22 08:00:00,二氧化碳,延炼12万吨/年乙苯/苯乙烯装置
17.42,ST010118,"<p>%(v/v)</p>
",2026-03-22 08:00:00,氢气,延炼12万吨/年乙苯/苯乙烯装置
29.12,ST010118,"<p>%(v/v)</p>
",2026-03-22 08:00:00,甲烷,延炼12万吨/年乙苯/苯乙烯装置
0.05,ST010118,"<p>%(v/v)</p>
",2026-03-22 08:00:00,丙烷,延炼12万吨/年乙苯/苯乙烯装置
0.12,ST010118,"<p>%(v/v)</p>
",2026-03-22 08:00:00,丙烯,延炼12万吨/年乙苯/苯乙烯装置
13.35,ST010118,"<p>%(v/v)</p>
",2026-03-22 08:00:00,乙烯,延炼12万吨/年乙苯/苯乙烯装置
0.00,ST010118,"<p>%(v/v)</p>
",2026-03-22 08:00:00,碳四(合计),延炼12万吨/年乙苯/苯乙烯装置
0.00,ST010118,"<p>%(v/v)</p>
",2026-03-22 08:00:00,异戊烷,延炼12万吨/年乙苯/苯乙烯装置
0.00,ST010118,"<p>%(v/v)</p>
",2026-03-22 08:00:00,正戊烷,延炼12万吨/年乙苯/苯乙烯装置
13.40,ST010118,"<p>%(v/v)</p>
",2026-03-22 08:00:00,乙烷,延炼12万吨/年乙苯/苯乙烯装置
0.00,ST010118,"<p>%(v/v)</p>
",2026-03-22 08:00:00,碳五(合计),延炼12万吨/年乙苯/苯乙烯装置
1.0,ST010118,<p>mg/kg</p>,2026-03-23 08:00:00,硫化氢,延炼12万吨/年乙苯/苯乙烯装置
1.46,ST010118,"<p>%(v/v)</p>
",2026-03-23 08:00:00,氧气,延炼12万吨/年乙苯/苯乙烯装置
21.85,ST010118,"<p>%(v/v)</p>
",2026-03-23 08:00:00,氮气,延炼12万吨/年乙苯/苯乙烯装置
2.25,ST010118,"<p>%(v/v)</p>
",2026-03-23 08:00:00,一氧化碳,延炼12万吨/年乙苯/苯乙烯装置
1.61,ST010118,"<p>%(v/v)</p>
",2026-03-23 08:00:00,二氧化碳,延炼12万吨/年乙苯/苯乙烯装置
16.87,ST010118,"<p>%(v/v)</p>
",2026-03-23 08:00:00,氢气,延炼12万吨/年乙苯/苯乙烯装置
29.00,ST010118,"<p>%(v/v)</p>
",2026-03-23 08:00:00,甲烷,延炼12万吨/年乙苯/苯乙烯装置
0.04,ST010118,"<p>%(v/v)</p>
",2026-03-23 08:00:00,丙烷,延炼12万吨/年乙苯/苯乙烯装置
0.01,ST010118,"<p>%(v/v)</p>
",2026-03-23 08:00:00,丙烯,延炼12万吨/年乙苯/苯乙烯装置
13.54,ST010118,"<p>%(v/v)</p>
",2026-03-23 08:00:00,乙烯,延炼12万吨/年乙苯/苯乙烯装置
0.00,ST010118,"<p>%(v/v)</p>
",2026-03-23 08:00:00,碳四(合计),延炼12万吨/年乙苯/苯乙烯装置
0.00,ST010118,"<p>%(v/v)</p>
",2026-03-23 08:00:00,异戊烷,延炼12万吨/年乙苯/苯乙烯装置
0.00,ST010118,"<p>%(v/v)</p>
",2026-03-23 08:00:00,正戊烷,延炼12万吨/年乙苯/苯乙烯装置
13.37,ST010118,"<p>%(v/v)</p>
",2026-03-23 08:00:00,乙烷,延炼12万吨/年乙苯/苯乙烯装置
0.00,ST010118,"<p>%(v/v)</p>
",2026-03-23 08:00:00,碳五(合计),延炼12万吨/年乙苯/苯乙烯装置
1.0,ST010118,<p>mg/kg</p>,2026-03-24 08:00:00,硫化氢,延炼12万吨/年乙苯/苯乙烯装置
2.59,ST010118,"<p>%(v/v)</p>
",2026-03-24 08:00:00,氧气,延炼12万吨/年乙苯/苯乙烯装置
24.25,ST010118,"<p>%(v/v)</p>
",2026-03-24 08:00:00,氮气,延炼12万吨/年乙苯/苯乙烯装置
2.14,ST010118,"<p>%(v/v)</p>
",2026-03-24 08:00:00,一氧化碳,延炼12万吨/年乙苯/苯乙烯装置
1.33,ST010118,"<p>%(v/v)</p>
",2026-03-24 08:00:00,二氧化碳,延炼12万吨/年乙苯/苯乙烯装置
16.09,ST010118,"<p>%(v/v)</p>
",2026-03-24 08:00:00,氢气,延炼12万吨/年乙苯/苯乙烯装置
27.61,ST010118,"<p>%(v/v)</p>
",2026-03-24 08:00:00,甲烷,延炼12万吨/年乙苯/苯乙烯装置
0.04,ST010118,"<p>%(v/v)</p>
",2026-03-24 08:00:00,丙烷,延炼12万吨/年乙苯/苯乙烯装置
0.07,ST010118,"<p>%(v/v)</p>
",2026-03-24 08:00:00,丙烯,延炼12万吨/年乙苯/苯乙烯装置
12.93,ST010118,"<p>%(v/v)</p>
",2026-03-24 08:00:00,乙烯,延炼12万吨/年乙苯/苯乙烯装置
0.00,ST010118,"<p>%(v/v)</p>
",2026-03-24 08:00:00,碳四(合计),延炼12万吨/年乙苯/苯乙烯装置
0.00,ST010118,"<p>%(v/v)</p>
",2026-03-24 08:00:00,异戊烷,延炼12万吨/年乙苯/苯乙烯装置
0.00,ST010118,"<p>%(v/v)</p>
",2026-03-24 08:00:00,正戊烷,延炼12万吨/年乙苯/苯乙烯装置
12.94,ST010118,"<p>%(v/v)</p>
",2026-03-24 08:00:00,乙烷,延炼12万吨/年乙苯/苯乙烯装置
0.00,ST010118,"<p>%(v/v)</p>
",2026-03-24 08:00:00,碳五(合计),延炼12万吨/年乙苯/苯乙烯装置
1.0,ST010118,<p>mg/kg</p>,2026-03-25 08:00:00,硫化氢,延炼12万吨/年乙苯/苯乙烯装置
1.94,ST010118,"<p>%(v/v)</p>
",2026-03-25 08:00:00,氧气,延炼12万吨/年乙苯/苯乙烯装置
22.22,ST010118,"<p>%(v/v)</p>
",2026-03-25 08:00:00,氮气,延炼12万吨/年乙苯/苯乙烯装置
2.15,ST010118,"<p>%(v/v)</p>
",2026-03-25 08:00:00,一氧化碳,延炼12万吨/年乙苯/苯乙烯装置
1.47,ST010118,"<p>%(v/v)</p>
",2026-03-25 08:00:00,二氧化碳,延炼12万吨/年乙苯/苯乙烯装置
16.56,ST010118,"<p>%(v/v)</p>
",2026-03-25 08:00:00,氢气,延炼12万吨/年乙苯/苯乙烯装置
28.59,ST010118,"<p>%(v/v)</p>
",2026-03-25 08:00:00,甲烷,延炼12万吨/年乙苯/苯乙烯装置
0.05,ST010118,"<p>%(v/v)</p>
",2026-03-25 08:00:00,丙烷,延炼12万吨/年乙苯/苯乙烯装置
0.10,ST010118,"<p>%(v/v)</p>
",2026-03-25 08:00:00,丙烯,延炼12万吨/年乙苯/苯乙烯装置
13.45,ST010118,"<p>%(v/v)</p>
",2026-03-25 08:00:00,乙烯,延炼12万吨/年乙苯/苯乙烯装置
0.00,ST010118,"<p>%(v/v)</p>
",2026-03-25 08:00:00,碳四(合计),延炼12万吨/年乙苯/苯乙烯装置
0.00,ST010118,"<p>%(v/v)</p>
",2026-03-25 08:00:00,异戊烷,延炼12万吨/年乙苯/苯乙烯装置
0.00,ST010118,"<p>%(v/v)</p>
",2026-03-25 08:00:00,正戊烷,延炼12万吨/年乙苯/苯乙烯装置
13.49,ST010118,"<p>%(v/v)</p>
",2026-03-25 08:00:00,乙烷,延炼12万吨/年乙苯/苯乙烯装置
0.00,ST010118,"<p>%(v/v)</p>
",2026-03-25 08:00:00,碳五(合计),延炼12万吨/年乙苯/苯乙烯装置
1.0,ST010118,<p>mg/kg</p>,2026-03-26 08:00:00,硫化氢,延炼12万吨/年乙苯/苯乙烯装置
1.68,ST010118,"<p>%(v/v)</p>
",2026-03-26 08:00:00,氧气,延炼12万吨/年乙苯/苯乙烯装置
21.83,ST010118,"<p>%(v/v)</p>
",2026-03-26 08:00:00,氮气,延炼12万吨/年乙苯/苯乙烯装置
2.14,ST010118,"<p>%(v/v)</p>
",2026-03-26 08:00:00,一氧化碳,延炼12万吨/年乙苯/苯乙烯装置
1.38,ST010118,"<p>%(v/v)</p>
",2026-03-26 08:00:00,二氧化碳,延炼12万吨/年乙苯/苯乙烯装置
16.70,ST010118,"<p>%(v/v)</p>
",2026-03-26 08:00:00,氢气,延炼12万吨/年乙苯/苯乙烯装置
28.90,ST010118,"<p>%(v/v)</p>
",2026-03-26 08:00:00,甲烷,延炼12万吨/年乙苯/苯乙烯装置
0.04,ST010118,"<p>%(v/v)</p>
",2026-03-26 08:00:00,丙烷,延炼12万吨/年乙苯/苯乙烯装置
0.07,ST010118,"<p>%(v/v)</p>
",2026-03-26 08:00:00,丙烯,延炼12万吨/年乙苯/苯乙烯装置
13.60,ST010118,"<p>%(v/v)</p>
",2026-03-26 08:00:00,乙烯,延炼12万吨/年乙苯/苯乙烯装置
0.00,ST010118,"<p>%(v/v)</p>
",2026-03-26 08:00:00,碳四(合计),延炼12万吨/年乙苯/苯乙烯装置
0.00,ST010118,"<p>%(v/v)</p>
",2026-03-26 08:00:00,异戊烷,延炼12万吨/年乙苯/苯乙烯装置
0.00,ST010118,"<p>%(v/v)</p>
",2026-03-26 08:00:00,正戊烷,延炼12万吨/年乙苯/苯乙烯装置
13.66,ST010118,"<p>%(v/v)</p>
",2026-03-26 08:00:00,乙烷,延炼12万吨/年乙苯/苯乙烯装置
0.00,ST010118,"<p>%(v/v)</p>
",2026-03-26 08:00:00,碳五(合计),延炼12万吨/年乙苯/苯乙烯装置
1.0,ST010118,<p>mg/kg</p>,2026-03-27 08:00:00,硫化氢,延炼12万吨/年乙苯/苯乙烯装置
1.65,ST010118,"<p>%(v/v)</p>
",2026-03-27 08:00:00,氧气,延炼12万吨/年乙苯/苯乙烯装置
22.60,ST010118,"<p>%(v/v)</p>
",2026-03-27 08:00:00,氮气,延炼12万吨/年乙苯/苯乙烯装置
2.29,ST010118,"<p>%(v/v)</p>
",2026-03-27 08:00:00,一氧化碳,延炼12万吨/年乙苯/苯乙烯装置
1.39,ST010118,"<p>%(v/v)</p>
",2026-03-27 08:00:00,二氧化碳,延炼12万吨/年乙苯/苯乙烯装置
17.01,ST010118,"<p>%(v/v)</p>
",2026-03-27 08:00:00,氢气,延炼12万吨/年乙苯/苯乙烯装置
28.38,ST010118,"<p>%(v/v)</p>
",2026-03-27 08:00:00,甲烷,延炼12万吨/年乙苯/苯乙烯装置
0.02,ST010118,"<p>%(v/v)</p>
",2026-03-27 08:00:00,丙烷,延炼12万吨/年乙苯/苯乙烯装置
0.03,ST010118,"<p>%(v/v)</p>
",2026-03-27 08:00:00,丙烯,延炼12万吨/年乙苯/苯乙烯装置
13.42,ST010118,"<p>%(v/v)</p>
",2026-03-27 08:00:00,乙烯,延炼12万吨/年乙苯/苯乙烯装置
0.00,ST010118,"<p>%(v/v)</p>
",2026-03-27 08:00:00,碳四(合计),延炼12万吨/年乙苯/苯乙烯装置
0.00,ST010118,"<p>%(v/v)</p>
",2026-03-27 08:00:00,异戊烷,延炼12万吨/年乙苯/苯乙烯装置
0.00,ST010118,"<p>%(v/v)</p>
",2026-03-27 08:00:00,正戊烷,延炼12万吨/年乙苯/苯乙烯装置
13.21,ST010118,"<p>%(v/v)</p>
",2026-03-27 08:00:00,乙烷,延炼12万吨/年乙苯/苯乙烯装置
0.00,ST010118,"<p>%(v/v)</p>
",2026-03-27 08:00:00,碳五(合计),延炼12万吨/年乙苯/苯乙烯装置
1.0,ST010118,<p>mg/kg</p>,2026-03-28 08:00:00,硫化氢,延炼12万吨/年乙苯/苯乙烯装置
2.17,ST010118,"<p>%(v/v)</p>
",2026-03-28 08:00:00,氧气,延炼12万吨/年乙苯/苯乙烯装置
23.26,ST010118,"<p>%(v/v)</p>
",2026-03-28 08:00:00,氮气,延炼12万吨/年乙苯/苯乙烯装置
2.21,ST010118,"<p>%(v/v)</p>
",2026-03-28 08:00:00,一氧化碳,延炼12万吨/年乙苯/苯乙烯装置
1.30,ST010118,"<p>%(v/v)</p>
",2026-03-28 08:00:00,二氧化碳,延炼12万吨/年乙苯/苯乙烯装置
16.70,ST010118,"<p>%(v/v)</p>
",2026-03-28 08:00:00,氢气,延炼12万吨/年乙苯/苯乙烯装置
27.73,ST010118,"<p>%(v/v)</p>
",2026-03-28 08:00:00,甲烷,延炼12万吨/年乙苯/苯乙烯装置
0.03,ST010118,"<p>%(v/v)</p>
",2026-03-28 08:00:00,丙烷,延炼12万吨/年乙苯/苯乙烯装置
0.04,ST010118,"<p>%(v/v)</p>
",2026-03-28 08:00:00,丙烯,延炼12万吨/年乙苯/苯乙烯装置
13.22,ST010118,"<p>%(v/v)</p>
",2026-03-28 08:00:00,乙烯,延炼12万吨/年乙苯/苯乙烯装置
0.00,ST010118,"<p>%(v/v)</p>
",2026-03-28 08:00:00,碳四(合计),延炼12万吨/年乙苯/苯乙烯装置
0.00,ST010118,"<p>%(v/v)</p>
",2026-03-28 08:00:00,异戊烷,延炼12万吨/年乙苯/苯乙烯装置
0.00,ST010118,"<p>%(v/v)</p>
",2026-03-28 08:00:00,正戊烷,延炼12万吨/年乙苯/苯乙烯装置
13.34,ST010118,"<p>%(v/v)</p>
",2026-03-28 08:00:00,乙烷,延炼12万吨/年乙苯/苯乙烯装置
0.00,ST010118,"<p>%(v/v)</p>
",2026-03-28 08:00:00,碳五(合计),延炼12万吨/年乙苯/苯乙烯装置
1.0,ST010118,<p>mg/kg</p>,2026-03-29 08:00:00,硫化氢,延炼12万吨/年乙苯/苯乙烯装置
1.43,ST010118,"<p>%(v/v)</p>
",2026-03-29 08:00:00,氧气,延炼12万吨/年乙苯/苯乙烯装置
21.83,ST010118,"<p>%(v/v)</p>
",2026-03-29 08:00:00,氮气,延炼12万吨/年乙苯/苯乙烯装置
2.27,ST010118,"<p>%(v/v)</p>
",2026-03-29 08:00:00,一氧化碳,延炼12万吨/年乙苯/苯乙烯装置
1.26,ST010118,"<p>%(v/v)</p>
",2026-03-29 08:00:00,二氧化碳,延炼12万吨/年乙苯/苯乙烯装置
17.19,ST010118,"<p>%(v/v)</p>
",2026-03-29 08:00:00,氢气,延炼12万吨/年乙苯/苯乙烯装置
28.65,ST010118,"<p>%(v/v)</p>
",2026-03-29 08:00:00,甲烷,延炼12万吨/年乙苯/苯乙烯装置
0.03,ST010118,"<p>%(v/v)</p>
",2026-03-29 08:00:00,丙烷,延炼12万吨/年乙苯/苯乙烯装置
0.05,ST010118,"<p>%(v/v)</p>
",2026-03-29 08:00:00,丙烯,延炼12万吨/年乙苯/苯乙烯装置
13.63,ST010118,"<p>%(v/v)</p>
",2026-03-29 08:00:00,乙烯,延炼12万吨/年乙苯/苯乙烯装置
0.00,ST010118,"<p>%(v/v)</p>
",2026-03-29 08:00:00,碳四(合计),延炼12万吨/年乙苯/苯乙烯装置
0.00,ST010118,"<p>%(v/v)</p>
",2026-03-29 08:00:00,异戊烷,延炼12万吨/年乙苯/苯乙烯装置
0.00,ST010118,"<p>%(v/v)</p>
",2026-03-29 08:00:00,正戊烷,延炼12万吨/年乙苯/苯乙烯装置
13.66,ST010118,"<p>%(v/v)</p>
",2026-03-29 08:00:00,乙烷,延炼12万吨/年乙苯/苯乙烯装置
0.00,ST010118,"<p>%(v/v)</p>
",2026-03-29 08:00:00,碳五(合计),延炼12万吨/年乙苯/苯乙烯装置
28.69,ST010118,"<p>%(v/v)</p>
",2026-03-30 08:00:00,甲烷,延炼12万吨/年乙苯/苯乙烯装置
0.03,ST010118,"<p>%(v/v)</p>
",2026-03-30 08:00:00,丙烷,延炼12万吨/年乙苯/苯乙烯装置
0.04,ST010118,"<p>%(v/v)</p>
",2026-03-30 08:00:00,丙烯,延炼12万吨/年乙苯/苯乙烯装置
13.44,ST010118,"<p>%(v/v)</p>
",2026-03-30 08:00:00,乙烯,延炼12万吨/年乙苯/苯乙烯装置
0.00,ST010118,"<p>%(v/v)</p>
",2026-03-30 08:00:00,碳四(合计),延炼12万吨/年乙苯/苯乙烯装置
0.00,ST010118,"<p>%(v/v)</p>
",2026-03-30 08:00:00,异戊烷,延炼12万吨/年乙苯/苯乙烯装置
0.00,ST010118,"<p>%(v/v)</p>
",2026-03-30 08:00:00,正戊烷,延炼12万吨/年乙苯/苯乙烯装置
13.09,ST010118,"<p>%(v/v)</p>
",2026-03-30 08:00:00,乙烷,延炼12万吨/年乙苯/苯乙烯装置
0.00,ST010118,"<p>%(v/v)</p>
",2026-03-30 08:00:00,碳五(合计),延炼12万吨/年乙苯/苯乙烯装置
1.0,ST010118,<p>mg/kg</p>,2026-03-30 08:00:00,硫化氢,延炼12万吨/年乙苯/苯乙烯装置
1.58,ST010118,"<p>%(v/v)</p>
",2026-03-30 08:00:00,氧气,延炼12万吨/年乙苯/苯乙烯装置
22.78,ST010118,"<p>%(v/v)</p>
",2026-03-30 08:00:00,氮气,延炼12万吨/年乙苯/苯乙烯装置
2.37,ST010118,"<p>%(v/v)</p>
",2026-03-30 08:00:00,一氧化碳,延炼12万吨/年乙苯/苯乙烯装置
1.30,ST010118,"<p>%(v/v)</p>
",2026-03-30 08:00:00,二氧化碳,延炼12万吨/年乙苯/苯乙烯装置
16.67,ST010118,"<p>%(v/v)</p>
",2026-03-30 08:00:00,氢气,延炼12万吨/年乙苯/苯乙烯装置
1.0,ST010118,<p>mg/kg</p>,2026-03-31 08:00:00,硫化氢,延炼12万吨/年乙苯/苯乙烯装置
3.06,ST010118,"<p>%(v/v)</p>
",2026-03-31 08:00:00,氧气,延炼12万吨/年乙苯/苯乙烯装置
25.49,ST010118,"<p>%(v/v)</p>
",2026-03-31 08:00:00,氮气,延炼12万吨/年乙苯/苯乙烯装置
2.17,ST010118,"<p>%(v/v)</p>
",2026-03-31 08:00:00,一氧化碳,延炼12万吨/年乙苯/苯乙烯装置
1.07,ST010118,"<p>%(v/v)</p>
",2026-03-31 08:00:00,二氧化碳,延炼12万吨/年乙苯/苯乙烯装置
16.54,ST010118,"<p>%(v/v)</p>
",2026-03-31 08:00:00,氢气,延炼12万吨/年乙苯/苯乙烯装置
26.34,ST010118,"<p>%(v/v)</p>
",2026-03-31 08:00:00,甲烷,延炼12万吨/年乙苯/苯乙烯装置
0.04,ST010118,"<p>%(v/v)</p>
",2026-03-31 08:00:00,丙烷,延炼12万吨/年乙苯/苯乙烯装置
0.06,ST010118,"<p>%(v/v)</p>
",2026-03-31 08:00:00,丙烯,延炼12万吨/年乙苯/苯乙烯装置
12.55,ST010118,"<p>%(v/v)</p>
",2026-03-31 08:00:00,乙烯,延炼12万吨/年乙苯/苯乙烯装置
0.00,ST010118,"<p>%(v/v)</p>
",2026-03-31 08:00:00,碳四(合计),延炼12万吨/年乙苯/苯乙烯装置
0.00,ST010118,"<p>%(v/v)</p>
",2026-03-31 08:00:00,异戊烷,延炼12万吨/年乙苯/苯乙烯装置
0.00,ST010118,"<p>%(v/v)</p>
",2026-03-31 08:00:00,正戊烷,延炼12万吨/年乙苯/苯乙烯装置
12.68,ST010118,"<p>%(v/v)</p>
",2026-03-31 08:00:00,乙烷,延炼12万吨/年乙苯/苯乙烯装置
0.00,ST010118,"<p>%(v/v)</p>
",2026-03-31 08:00:00,碳五(合计),延炼12万吨/年乙苯/苯乙烯装置
1.54,ST010118,"<p>%(v/v)</p>
",2026-04-01 08:00:00,氧气,延炼12万吨/年乙苯/苯乙烯装置
21.80,ST010118,"<p>%(v/v)</p>
",2026-04-01 08:00:00,氮气,延炼12万吨/年乙苯/苯乙烯装置
2.33,ST010118,"<p>%(v/v)</p>
",2026-04-01 08:00:00,一氧化碳,延炼12万吨/年乙苯/苯乙烯装置
1.18,ST010118,"<p>%(v/v)</p>
",2026-04-01 08:00:00,二氧化碳,延炼12万吨/年乙苯/苯乙烯装置
17.70,ST010118,"<p>%(v/v)</p>
",2026-04-01 08:00:00,氢气,延炼12万吨/年乙苯/苯乙烯装置
28.70,ST010118,"<p>%(v/v)</p>
",2026-04-01 08:00:00,甲烷,延炼12万吨/年乙苯/苯乙烯装置
0.03,ST010118,"<p>%(v/v)</p>
",2026-04-01 08:00:00,丙烷,延炼12万吨/年乙苯/苯乙烯装置
0.05,ST010118,"<p>%(v/v)</p>
",2026-04-01 08:00:00,丙烯,延炼12万吨/年乙苯/苯乙烯装置
13.43,ST010118,"<p>%(v/v)</p>
",2026-04-01 08:00:00,乙烯,延炼12万吨/年乙苯/苯乙烯装置
0.00,ST010118,"<p>%(v/v)</p>
",2026-04-01 08:00:00,碳四(合计),延炼12万吨/年乙苯/苯乙烯装置
0.00,ST010118,"<p>%(v/v)</p>
",2026-04-01 08:00:00,异戊烷,延炼12万吨/年乙苯/苯乙烯装置
0.00,ST010118,"<p>%(v/v)</p>
",2026-04-01 08:00:00,正戊烷,延炼12万吨/年乙苯/苯乙烯装置
13.26,ST010118,"<p>%(v/v)</p>
",2026-04-01 08:00:00,乙烷,延炼12万吨/年乙苯/苯乙烯装置
0.00,ST010118,"<p>%(v/v)</p>
",2026-04-01 08:00:00,碳五(合计),延炼12万吨/年乙苯/苯乙烯装置
1.0,ST010118,<p>mg/kg</p>,2026-04-01 08:00:00,硫化氢,延炼12万吨/年乙苯/苯乙烯装置
1.0,ST010118,<p>mg/kg</p>,2026-04-02 08:00:00,硫化氢,延炼12万吨/年乙苯/苯乙烯装置
1.17,ST010118,"<p>%(v/v)</p>
",2026-04-02 08:00:00,氧气,延炼12万吨/年乙苯/苯乙烯装置
20.60,ST010118,"<p>%(v/v)</p>
",2026-04-02 08:00:00,氮气,延炼12万吨/年乙苯/苯乙烯装置
2.28,ST010118,"<p>%(v/v)</p>
",2026-04-02 08:00:00,一氧化碳,延炼12万吨/年乙苯/苯乙烯装置
1.10,ST010118,"<p>%(v/v)</p>
",2026-04-02 08:00:00,二氧化碳,延炼12万吨/年乙苯/苯乙烯装置
17.08,ST010118,"<p>%(v/v)</p>
",2026-04-02 08:00:00,氢气,延炼12万吨/年乙苯/苯乙烯装置
29.32,ST010118,"<p>%(v/v)</p>
",2026-04-02 08:00:00,甲烷,延炼12万吨/年乙苯/苯乙烯装置
0.05,ST010118,"<p>%(v/v)</p>
",2026-04-02 08:00:00,丙烷,延炼12万吨/年乙苯/苯乙烯装置
0.09,ST010118,"<p>%(v/v)</p>
",2026-04-02 08:00:00,丙烯,延炼12万吨/年乙苯/苯乙烯装置
14.01,ST010118,"<p>%(v/v)</p>
",2026-04-02 08:00:00,乙烯,延炼12万吨/年乙苯/苯乙烯装置
0.00,ST010118,"<p>%(v/v)</p>
",2026-04-02 08:00:00,碳四(合计),延炼12万吨/年乙苯/苯乙烯装置
0.00,ST010118,"<p>%(v/v)</p>
",2026-04-02 08:00:00,异戊烷,延炼12万吨/年乙苯/苯乙烯装置
0.00,ST010118,"<p>%(v/v)</p>
",2026-04-02 08:00:00,正戊烷,延炼12万吨/年乙苯/苯乙烯装置
14.30,ST010118,"<p>%(v/v)</p>
",2026-04-02 08:00:00,乙烷,延炼12万吨/年乙苯/苯乙烯装置
0.00,ST010118,"<p>%(v/v)</p>
",2026-04-02 08:00:00,碳五(合计),延炼12万吨/年乙苯/苯乙烯装置
1.47,ST010118,"<p>%(v/v)</p>
",2026-04-03 08:00:00,二氧化碳,延炼12万吨/年乙苯/苯乙烯装置
1.0,ST010118,<p>mg/kg</p>,2026-04-03 08:00:00,硫化氢,延炼12万吨/年乙苯/苯乙烯装置
0.35,ST010118,"<p>%(v/v)</p>
",2026-04-03 08:00:00,氧气,延炼12万吨/年乙苯/苯乙烯装置
18.79,ST010118,"<p>%(v/v)</p>
",2026-04-03 08:00:00,氮气,延炼12万吨/年乙苯/苯乙烯装置
2.33,ST010118,"<p>%(v/v)</p>
",2026-04-03 08:00:00,一氧化碳,延炼12万吨/年乙苯/苯乙烯装置
17.98,ST010118,"<p>%(v/v)</p>
",2026-04-03 08:00:00,氢气,延炼12万吨/年乙苯/苯乙烯装置
29.88,ST010118,"<p>%(v/v)</p>
",2026-04-03 08:00:00,甲烷,延炼12万吨/年乙苯/苯乙烯装置
0.05,ST010118,"<p>%(v/v)</p>
",2026-04-03 08:00:00,丙烷,延炼12万吨/年乙苯/苯乙烯装置
0.11,ST010118,"<p>%(v/v)</p>
",2026-04-03 08:00:00,丙烯,延炼12万吨/年乙苯/苯乙烯装置
14.61,ST010118,"<p>%(v/v)</p>
",2026-04-03 08:00:00,乙烯,延炼12万吨/年乙苯/苯乙烯装置
0.00,ST010118,"<p>%(v/v)</p>
",2026-04-03 08:00:00,碳四(合计),延炼12万吨/年乙苯/苯乙烯装置
0.00,ST010118,"<p>%(v/v)</p>
",2026-04-03 08:00:00,异戊烷,延炼12万吨/年乙苯/苯乙烯装置
0.00,ST010118,"<p>%(v/v)</p>
",2026-04-03 08:00:00,正戊烷,延炼12万吨/年乙苯/苯乙烯装置
14.43,ST010118,"<p>%(v/v)</p>
",2026-04-03 08:00:00,乙烷,延炼12万吨/年乙苯/苯乙烯装置
0.00,ST010118,"<p>%(v/v)</p>
",2026-04-03 08:00:00,碳五(合计),延炼12万吨/年乙苯/苯乙烯装置
1.0,ST010118,<p>mg/kg</p>,2026-04-04 08:00:00,硫化氢,延炼12万吨/年乙苯/苯乙烯装置
0.23,ST010118,"<p>%(v/v)</p>
",2026-04-04 08:00:00,氧气,延炼12万吨/年乙苯/苯乙烯装置
19.19,ST010118,"<p>%(v/v)</p>
",2026-04-04 08:00:00,氮气,延炼12万吨/年乙苯/苯乙烯装置
2.57,ST010118,"<p>%(v/v)</p>
",2026-04-04 08:00:00,一氧化碳,延炼12万吨/年乙苯/苯乙烯装置
1.25,ST010118,"<p>%(v/v)</p>
",2026-04-04 08:00:00,二氧化碳,延炼12万吨/年乙苯/苯乙烯装置
18.95,ST010118,"<p>%(v/v)</p>
",2026-04-04 08:00:00,氢气,延炼12万吨/年乙苯/苯乙烯装置
28.85,ST010118,"<p>%(v/v)</p>
",2026-04-04 08:00:00,甲烷,延炼12万吨/年乙苯/苯乙烯装置
0.04,ST010118,"<p>%(v/v)</p>
",2026-04-04 08:00:00,丙烷,延炼12万吨/年乙苯/苯乙烯装置
0.09,ST010118,"<p>%(v/v)</p>
",2026-04-04 08:00:00,丙烯,延炼12万吨/年乙苯/苯乙烯装置
14.53,ST010118,"<p>%(v/v)</p>
",2026-04-04 08:00:00,乙烯,延炼12万吨/年乙苯/苯乙烯装置
0.00,ST010118,"<p>%(v/v)</p>
",2026-04-04 08:00:00,碳四(合计),延炼12万吨/年乙苯/苯乙烯装置
0.00,ST010118,"<p>%(v/v)</p>
",2026-04-04 08:00:00,异戊烷,延炼12万吨/年乙苯/苯乙烯装置
0.00,ST010118,"<p>%(v/v)</p>
",2026-04-04 08:00:00,正戊烷,延炼12万吨/年乙苯/苯乙烯装置
14.29,ST010118,"<p>%(v/v)</p>
",2026-04-04 08:00:00,乙烷,延炼12万吨/年乙苯/苯乙烯装置
0.00,ST010118,"<p>%(v/v)</p>
",2026-04-04 08:00:00,碳五(合计),延炼12万吨/年乙苯/苯乙烯装置
1.0,ST010118,<p>mg/kg</p>,2026-04-05 08:00:00,硫化氢,延炼12万吨/年乙苯/苯乙烯装置
0.80,ST010118,"<p>%(v/v)</p>
",2026-04-05 08:00:00,氧气,延炼12万吨/年乙苯/苯乙烯装置
20.46,ST010118,"<p>%(v/v)</p>
",2026-04-05 08:00:00,氮气,延炼12万吨/年乙苯/苯乙烯装置
2.48,ST010118,"<p>%(v/v)</p>
",2026-04-05 08:00:00,一氧化碳,延炼12万吨/年乙苯/苯乙烯装置
1.42,ST010118,"<p>%(v/v)</p>
",2026-04-05 08:00:00,二氧化碳,延炼12万吨/年乙苯/苯乙烯装置
18.05,ST010118,"<p>%(v/v)</p>
",2026-04-05 08:00:00,氢气,延炼12万吨/年乙苯/苯乙烯装置
28.56,ST010118,"<p>%(v/v)</p>
",2026-04-05 08:00:00,甲烷,延炼12万吨/年乙苯/苯乙烯装置
0.04,ST010118,"<p>%(v/v)</p>
",2026-04-05 08:00:00,丙烷,延炼12万吨/年乙苯/苯乙烯装置
0.09,ST010118,"<p>%(v/v)</p>
",2026-04-05 08:00:00,丙烯,延炼12万吨/年乙苯/苯乙烯装置
14.20,ST010118,"<p>%(v/v)</p>
",2026-04-05 08:00:00,乙烯,延炼12万吨/年乙苯/苯乙烯装置
0.00,ST010118,"<p>%(v/v)</p>
",2026-04-05 08:00:00,碳四(合计),延炼12万吨/年乙苯/苯乙烯装置
0.00,ST010118,"<p>%(v/v)</p>
",2026-04-05 08:00:00,异戊烷,延炼12万吨/年乙苯/苯乙烯装置
0.00,ST010118,"<p>%(v/v)</p>
",2026-04-05 08:00:00,正戊烷,延炼12万吨/年乙苯/苯乙烯装置
13.90,ST010118,"<p>%(v/v)</p>
",2026-04-05 08:00:00,乙烷,延炼12万吨/年乙苯/苯乙烯装置
0.00,ST010118,"<p>%(v/v)</p>
",2026-04-05 08:00:00,碳五(合计),延炼12万吨/年乙苯/苯乙烯装置
1.0,ST010118,<p>mg/kg</p>,2026-04-06 08:00:00,硫化氢,延炼12万吨/年乙苯/苯乙烯装置
0.81,ST010118,"<p>%(v/v)</p>
",2026-04-06 08:00:00,氧气,延炼12万吨/年乙苯/苯乙烯装置
19.22,ST010118,"<p>%(v/v)</p>
",2026-04-06 08:00:00,氮气,延炼12万吨/年乙苯/苯乙烯装置
2.21,ST010118,"<p>%(v/v)</p>
",2026-04-06 08:00:00,一氧化碳,延炼12万吨/年乙苯/苯乙烯装置
1.24,ST010118,"<p>%(v/v)</p>
",2026-04-06 08:00:00,二氧化碳,延炼12万吨/年乙苯/苯乙烯装置
17.36,ST010118,"<p>%(v/v)</p>
",2026-04-06 08:00:00,氢气,延炼12万吨/年乙苯/苯乙烯装置
29.45,ST010118,"<p>%(v/v)</p>
",2026-04-06 08:00:00,甲烷,延炼12万吨/年乙苯/苯乙烯装置
0.05,ST010118,"<p>%(v/v)</p>
",2026-04-06 08:00:00,丙烷,延炼12万吨/年乙苯/苯乙烯装置
0.08,ST010118,"<p>%(v/v)</p>
",2026-04-06 08:00:00,丙烯,延炼12万吨/年乙苯/苯乙烯装置
14.77,ST010118,"<p>%(v/v)</p>
",2026-04-06 08:00:00,乙烯,延炼12万吨/年乙苯/苯乙烯装置
0.00,ST010118,"<p>%(v/v)</p>
",2026-04-06 08:00:00,碳四(合计),延炼12万吨/年乙苯/苯乙烯装置
0.00,ST010118,"<p>%(v/v)</p>
",2026-04-06 08:00:00,异戊烷,延炼12万吨/年乙苯/苯乙烯装置
0.00,ST010118,"<p>%(v/v)</p>
",2026-04-06 08:00:00,正戊烷,延炼12万吨/年乙苯/苯乙烯装置
14.80,ST010118,"<p>%(v/v)</p>
",2026-04-06 08:00:00,乙烷,延炼12万吨/年乙苯/苯乙烯装置
0.00,ST010118,"<p>%(v/v)</p>
",2026-04-06 08:00:00,碳五(合计),延炼12万吨/年乙苯/苯乙烯装置
0.50,ST010118,"<p>%(v/v)</p>
",2026-04-07 08:00:00,氧气,延炼12万吨/年乙苯/苯乙烯装置
18.92,ST010118,"<p>%(v/v)</p>
",2026-04-07 08:00:00,氮气,延炼12万吨/年乙苯/苯乙烯装置
2.19,ST010118,"<p>%(v/v)</p>
",2026-04-07 08:00:00,一氧化碳,延炼12万吨/年乙苯/苯乙烯装置
1.26,ST010118,"<p>%(v/v)</p>
",2026-04-07 08:00:00,二氧化碳,延炼12万吨/年乙苯/苯乙烯装置
17.15,ST010118,"<p>%(v/v)</p>
",2026-04-07 08:00:00,氢气,延炼12万吨/年乙苯/苯乙烯装置
30.19,ST010118,"<p>%(v/v)</p>
",2026-04-07 08:00:00,甲烷,延炼12万吨/年乙苯/苯乙烯装置
0.05,ST010118,"<p>%(v/v)</p>
",2026-04-07 08:00:00,丙烷,延炼12万吨/年乙苯/苯乙烯装置
0.11,ST010118,"<p>%(v/v)</p>
",2026-04-07 08:00:00,丙烯,延炼12万吨/年乙苯/苯乙烯装置
14.86,ST010118,"<p>%(v/v)</p>
",2026-04-07 08:00:00,乙烯,延炼12万吨/年乙苯/苯乙烯装置
0.00,ST010118,"<p>%(v/v)</p>
",2026-04-07 08:00:00,碳四(合计),延炼12万吨/年乙苯/苯乙烯装置
0.00,ST010118,"<p>%(v/v)</p>
",2026-04-07 08:00:00,异戊烷,延炼12万吨/年乙苯/苯乙烯装置
0.00,ST010118,"<p>%(v/v)</p>
",2026-04-07 08:00:00,正戊烷,延炼12万吨/年乙苯/苯乙烯装置
14.76,ST010118,"<p>%(v/v)</p>
",2026-04-07 08:00:00,乙烷,延炼12万吨/年乙苯/苯乙烯装置
0.00,ST010118,"<p>%(v/v)</p>
",2026-04-07 08:00:00,碳五(合计),延炼12万吨/年乙苯/苯乙烯装置
1.0,ST010118,<p>mg/kg</p>,2026-04-07 08:00:00,硫化氢,延炼12万吨/年乙苯/苯乙烯装置
1.0,ST010118,<p>mg/kg</p>,2026-04-08 08:00:00,硫化氢,延炼12万吨/年乙苯/苯乙烯装置
0.41,ST010118,"<p>%(v/v)</p>
",2026-04-08 08:00:00,氧气,延炼12万吨/年乙苯/苯乙烯装置
18.17,ST010118,"<p>%(v/v)</p>
",2026-04-08 08:00:00,氮气,延炼12万吨/年乙苯/苯乙烯装置
2.16,ST010118,"<p>%(v/v)</p>
",2026-04-08 08:00:00,一氧化碳,延炼12万吨/年乙苯/苯乙烯装置
1.20,ST010118,"<p>%(v/v)</p>
",2026-04-08 08:00:00,二氧化碳,延炼12万吨/年乙苯/苯乙烯装置
17.28,ST010118,"<p>%(v/v)</p>
",2026-04-08 08:00:00,氢气,延炼12万吨/年乙苯/苯乙烯装置
30.72,ST010118,"<p>%(v/v)</p>
",2026-04-08 08:00:00,甲烷,延炼12万吨/年乙苯/苯乙烯装置
0.05,ST010118,"<p>%(v/v)</p>
",2026-04-08 08:00:00,丙烷,延炼12万吨/年乙苯/苯乙烯装置
0.08,ST010118,"<p>%(v/v)</p>
",2026-04-08 08:00:00,丙烯,延炼12万吨/年乙苯/苯乙烯装置
15.05,ST010118,"<p>%(v/v)</p>
",2026-04-08 08:00:00,乙烯,延炼12万吨/年乙苯/苯乙烯装置
0.00,ST010118,"<p>%(v/v)</p>
",2026-04-08 08:00:00,碳四(合计),延炼12万吨/年乙苯/苯乙烯装置
0.00,ST010118,"<p>%(v/v)</p>
",2026-04-08 08:00:00,异戊烷,延炼12万吨/年乙苯/苯乙烯装置
0.00,ST010118,"<p>%(v/v)</p>
",2026-04-08 08:00:00,正戊烷,延炼12万吨/年乙苯/苯乙烯装置
14.89,ST010118,"<p>%(v/v)</p>
",2026-04-08 08:00:00,乙烷,延炼12万吨/年乙苯/苯乙烯装置
0.00,ST010118,"<p>%(v/v)</p>
",2026-04-08 08:00:00,碳五(合计),延炼12万吨/年乙苯/苯乙烯装置
1.0,ST010118,<p>mg/kg</p>,2026-04-09 08:00:00,硫化氢,延炼12万吨/年乙苯/苯乙烯装置
1.23,ST010118,"<p>%(v/v)</p>
",2026-04-09 08:00:00,氧气,延炼12万吨/年乙苯/苯乙烯装置
20.22,ST010118,"<p>%(v/v)</p>
",2026-04-09 08:00:00,氮气,延炼12万吨/年乙苯/苯乙烯装置
2.12,ST010118,"<p>%(v/v)</p>
",2026-04-09 08:00:00,一氧化碳,延炼12万吨/年乙苯/苯乙烯装置
1.18,ST010118,"<p>%(v/v)</p>
",2026-04-09 08:00:00,二氧化碳,延炼12万吨/年乙苯/苯乙烯装置
17.02,ST010118,"<p>%(v/v)</p>
",2026-04-09 08:00:00,氢气,延炼12万吨/年乙苯/苯乙烯装置
29.44,ST010118,"<p>%(v/v)</p>
",2026-04-09 08:00:00,甲烷,延炼12万吨/年乙苯/苯乙烯装置
0.04,ST010118,"<p>%(v/v)</p>
",2026-04-09 08:00:00,丙烷,延炼12万吨/年乙苯/苯乙烯装置
0.07,ST010118,"<p>%(v/v)</p>
",2026-04-09 08:00:00,丙烯,延炼12万吨/年乙苯/苯乙烯装置
14.38,ST010118,"<p>%(v/v)</p>
",2026-04-09 08:00:00,乙烯,延炼12万吨/年乙苯/苯乙烯装置
0.00,ST010118,"<p>%(v/v)</p>
",2026-04-09 08:00:00,碳四(合计),延炼12万吨/年乙苯/苯乙烯装置
0.00,ST010118,"<p>%(v/v)</p>
",2026-04-09 08:00:00,异戊烷,延炼12万吨/年乙苯/苯乙烯装置
0.00,ST010118,"<p>%(v/v)</p>
",2026-04-09 08:00:00,正戊烷,延炼12万吨/年乙苯/苯乙烯装置
14.30,ST010118,"<p>%(v/v)</p>
",2026-04-09 08:00:00,乙烷,延炼12万吨/年乙苯/苯乙烯装置
0.00,ST010118,"<p>%(v/v)</p>
",2026-04-09 08:00:00,碳五(合计),延炼12万吨/年乙苯/苯乙烯装置
1.0,ST010118,<p>mg/kg</p>,2026-04-10 08:00:00,硫化氢,延炼12万吨/年乙苯/苯乙烯装置
0.42,ST010118,"<p>%(v/v)</p>
",2026-04-10 08:00:00,氧气,延炼12万吨/年乙苯/苯乙烯装置
19.65,ST010118,"<p>%(v/v)</p>
",2026-04-10 08:00:00,氮气,延炼12万吨/年乙苯/苯乙烯装置
2.47,ST010118,"<p>%(v/v)</p>
",2026-04-10 08:00:00,一氧化碳,延炼12万吨/年乙苯/苯乙烯装置
1.37,ST010118,"<p>%(v/v)</p>
",2026-04-10 08:00:00,二氧化碳,延炼12万吨/年乙苯/苯乙烯装置
17.45,ST010118,"<p>%(v/v)</p>
",2026-04-10 08:00:00,氢气,延炼12万吨/年乙苯/苯乙烯装置
29.69,ST010118,"<p>%(v/v)</p>
",2026-04-10 08:00:00,甲烷,延炼12万吨/年乙苯/苯乙烯装置
0.04,ST010118,"<p>%(v/v)</p>
",2026-04-10 08:00:00,丙烷,延炼12万吨/年乙苯/苯乙烯装置
0.08,ST010118,"<p>%(v/v)</p>
",2026-04-10 08:00:00,丙烯,延炼12万吨/年乙苯/苯乙烯装置
14.43,ST010118,"<p>%(v/v)</p>
",2026-04-10 08:00:00,乙烯,延炼12万吨/年乙苯/苯乙烯装置
0.00,ST010118,"<p>%(v/v)</p>
",2026-04-10 08:00:00,碳四(合计),延炼12万吨/年乙苯/苯乙烯装置
0.00,ST010118,"<p>%(v/v)</p>
",2026-04-10 08:00:00,异戊烷,延炼12万吨/年乙苯/苯乙烯装置
0.00,ST010118,"<p>%(v/v)</p>
",2026-04-10 08:00:00,正戊烷,延炼12万吨/年乙苯/苯乙烯装置
14.40,ST010118,"<p>%(v/v)</p>
",2026-04-10 08:00:00,乙烷,延炼12万吨/年乙苯/苯乙烯装置
0.00,ST010118,"<p>%(v/v)</p>
",2026-04-10 08:00:00,碳五(合计),延炼12万吨/年乙苯/苯乙烯装置
1.0,ST010118,<p>mg/kg</p>,2026-04-11 08:00:00,硫化氢,延炼12万吨/年乙苯/苯乙烯装置
0.47,ST010118,"<p>%(v/v)</p>
",2026-04-11 08:00:00,氧气,延炼12万吨/年乙苯/苯乙烯装置
19.26,ST010118,"<p>%(v/v)</p>
",2026-04-11 08:00:00,氮气,延炼12万吨/年乙苯/苯乙烯装置
2.30,ST010118,"<p>%(v/v)</p>
",2026-04-11 08:00:00,一氧化碳,延炼12万吨/年乙苯/苯乙烯装置
1.56,ST010118,"<p>%(v/v)</p>
",2026-04-11 08:00:00,二氧化碳,延炼12万吨/年乙苯/苯乙烯装置
16.99,ST010118,"<p>%(v/v)</p>
",2026-04-11 08:00:00,氢气,延炼12万吨/年乙苯/苯乙烯装置
29.77,ST010118,"<p>%(v/v)</p>
",2026-04-11 08:00:00,甲烷,延炼12万吨/年乙苯/苯乙烯装置
0.05,ST010118,"<p>%(v/v)</p>
",2026-04-11 08:00:00,丙烷,延炼12万吨/年乙苯/苯乙烯装置
0.10,ST010118,"<p>%(v/v)</p>
",2026-04-11 08:00:00,丙烯,延炼12万吨/年乙苯/苯乙烯装置
14.75,ST010118,"<p>%(v/v)</p>
",2026-04-11 08:00:00,乙烯,延炼12万吨/年乙苯/苯乙烯装置
0.00,ST010118,"<p>%(v/v)</p>
",2026-04-11 08:00:00,碳四(合计),延炼12万吨/年乙苯/苯乙烯装置
0.00,ST010118,"<p>%(v/v)</p>
",2026-04-11 08:00:00,异戊烷,延炼12万吨/年乙苯/苯乙烯装置
0.00,ST010118,"<p>%(v/v)</p>
",2026-04-11 08:00:00,正戊烷,延炼12万吨/年乙苯/苯乙烯装置
14.77,ST010118,"<p>%(v/v)</p>
",2026-04-11 08:00:00,乙烷,延炼12万吨/年乙苯/苯乙烯装置
0.00,ST010118,"<p>%(v/v)</p>
",2026-04-11 08:00:00,碳五(合计),延炼12万吨/年乙苯/苯乙烯装置
1.0,ST010118,<p>mg/kg</p>,2026-04-12 08:00:00,硫化氢,延炼12万吨/年乙苯/苯乙烯装置
0.90,ST010118,"<p>%(v/v)</p>
",2026-04-12 08:00:00,氧气,延炼12万吨/年乙苯/苯乙烯装置
18.97,ST010118,"<p>%(v/v)</p>
",2026-04-12 08:00:00,氮气,延炼12万吨/年乙苯/苯乙烯装置
2.12,ST010118,"<p>%(v/v)</p>
",2026-04-12 08:00:00,一氧化碳,延炼12万吨/年乙苯/苯乙烯装置
1.68,ST010118,"<p>%(v/v)</p>
",2026-04-12 08:00:00,二氧化碳,延炼12万吨/年乙苯/苯乙烯装置
17.02,ST010118,"<p>%(v/v)</p>
",2026-04-12 08:00:00,氢气,延炼12万吨/年乙苯/苯乙烯装置
29.97,ST010118,"<p>%(v/v)</p>
",2026-04-12 08:00:00,甲烷,延炼12万吨/年乙苯/苯乙烯装置
0.04,ST010118,"<p>%(v/v)</p>
",2026-04-12 08:00:00,丙烷,延炼12万吨/年乙苯/苯乙烯装置
0.08,ST010118,"<p>%(v/v)</p>
",2026-04-12 08:00:00,丙烯,延炼12万吨/年乙苯/苯乙烯装置
14.72,ST010118,"<p>%(v/v)</p>
",2026-04-12 08:00:00,乙烯,延炼12万吨/年乙苯/苯乙烯装置
0.00,ST010118,"<p>%(v/v)</p>
",2026-04-12 08:00:00,碳四(合计),延炼12万吨/年乙苯/苯乙烯装置
0.00,ST010118,"<p>%(v/v)</p>
",2026-04-12 08:00:00,异戊烷,延炼12万吨/年乙苯/苯乙烯装置
0.00,ST010118,"<p>%(v/v)</p>
",2026-04-12 08:00:00,正戊烷,延炼12万吨/年乙苯/苯乙烯装置
14.50,ST010118,"<p>%(v/v)</p>
",2026-04-12 08:00:00,乙烷,延炼12万吨/年乙苯/苯乙烯装置
0.00,ST010118,"<p>%(v/v)</p>
",2026-04-12 08:00:00,碳五(合计),延炼12万吨/年乙苯/苯乙烯装置
1.0,ST010118,<p>mg/kg</p>,2026-04-13 08:00:00,硫化氢,延炼12万吨/年乙苯/苯乙烯装置
1.70,ST010118,"<p>%(v/v)</p>
",2026-04-13 08:00:00,氧气,延炼12万吨/年乙苯/苯乙烯装置
21.09,ST010118,"<p>%(v/v)</p>
",2026-04-13 08:00:00,氮气,延炼12万吨/年乙苯/苯乙烯装置
2.13,ST010118,"<p>%(v/v)</p>
",2026-04-13 08:00:00,一氧化碳,延炼12万吨/年乙苯/苯乙烯装置
1.29,ST010118,"<p>%(v/v)</p>
",2026-04-13 08:00:00,二氧化碳,延炼12万吨/年乙苯/苯乙烯装置
16.94,ST010118,"<p>%(v/v)</p>
",2026-04-13 08:00:00,氢气,延炼12万吨/年乙苯/苯乙烯装置
28.82,ST010118,"<p>%(v/v)</p>
",2026-04-13 08:00:00,甲烷,延炼12万吨/年乙苯/苯乙烯装置
0.03,ST010118,"<p>%(v/v)</p>
",2026-04-13 08:00:00,丙烷,延炼12万吨/年乙苯/苯乙烯装置
0.06,ST010118,"<p>%(v/v)</p>
",2026-04-13 08:00:00,丙烯,延炼12万吨/年乙苯/苯乙烯装置
14.06,ST010118,"<p>%(v/v)</p>
",2026-04-13 08:00:00,乙烯,延炼12万吨/年乙苯/苯乙烯装置
0.00,ST010118,"<p>%(v/v)</p>
",2026-04-13 08:00:00,碳四(合计),延炼12万吨/年乙苯/苯乙烯装置
0.00,ST010118,"<p>%(v/v)</p>
",2026-04-13 08:00:00,异戊烷,延炼12万吨/年乙苯/苯乙烯装置
0.00,ST010118,"<p>%(v/v)</p>
",2026-04-13 08:00:00,正戊烷,延炼12万吨/年乙苯/苯乙烯装置
13.88,ST010118,"<p>%(v/v)</p>
",2026-04-13 08:00:00,乙烷,延炼12万吨/年乙苯/苯乙烯装置
0.00,ST010118,"<p>%(v/v)</p>
",2026-04-13 08:00:00,碳五(合计),延炼12万吨/年乙苯/苯乙烯装置
1.0,ST010118,<p>mg/kg</p>,2026-04-14 08:00:00,硫化氢,延炼12万吨/年乙苯/苯乙烯装置
0.65,ST010118,"<p>%(v/v)</p>
",2026-04-14 08:00:00,氧气,延炼12万吨/年乙苯/苯乙烯装置
18.93,ST010118,"<p>%(v/v)</p>
",2026-04-14 08:00:00,氮气,延炼12万吨/年乙苯/苯乙烯装置
2.31,ST010118,"<p>%(v/v)</p>
",2026-04-14 08:00:00,一氧化碳,延炼12万吨/年乙苯/苯乙烯装置
0.21,ST010118,"<p>%(v/v)</p>
",2026-04-14 08:00:00,二氧化碳,延炼12万吨/年乙苯/苯乙烯装置
18.01,ST010118,"<p>%(v/v)</p>
",2026-04-14 08:00:00,氢气,延炼12万吨/年乙苯/苯乙烯装置
30.52,ST010118,"<p>%(v/v)</p>
",2026-04-14 08:00:00,甲烷,延炼12万吨/年乙苯/苯乙烯装置
0.03,ST010118,"<p>%(v/v)</p>
",2026-04-14 08:00:00,丙烷,延炼12万吨/年乙苯/苯乙烯装置
0.06,ST010118,"<p>%(v/v)</p>
",2026-04-14 08:00:00,丙烯,延炼12万吨/年乙苯/苯乙烯装置
14.82,ST010118,"<p>%(v/v)</p>
",2026-04-14 08:00:00,乙烯,延炼12万吨/年乙苯/苯乙烯装置
0.00,ST010118,"<p>%(v/v)</p>
",2026-04-14 08:00:00,碳四(合计),延炼12万吨/年乙苯/苯乙烯装置
0.00,ST010118,"<p>%(v/v)</p>
",2026-04-14 08:00:00,异戊烷,延炼12万吨/年乙苯/苯乙烯装置
0.00,ST010118,"<p>%(v/v)</p>
",2026-04-14 08:00:00,正戊烷,延炼12万吨/年乙苯/苯乙烯装置
14.46,ST010118,"<p>%(v/v)</p>
",2026-04-14 08:00:00,乙烷,延炼12万吨/年乙苯/苯乙烯装置
0.00,ST010118,"<p>%(v/v)</p>
",2026-04-14 08:00:00,碳五(合计),延炼12万吨/年乙苯/苯乙烯装置
14.64,ST010118,"<p>%(v/v)</p>
",2026-04-15 08:00:00,乙烯,延炼12万吨/年乙苯/苯乙烯装置
0.00,ST010118,"<p>%(v/v)</p>
",2026-04-15 08:00:00,碳四(合计),延炼12万吨/年乙苯/苯乙烯装置
0.00,ST010118,"<p>%(v/v)</p>
",2026-04-15 08:00:00,异戊烷,延炼12万吨/年乙苯/苯乙烯装置
0.00,ST010118,"<p>%(v/v)</p>
",2026-04-15 08:00:00,正戊烷,延炼12万吨/年乙苯/苯乙烯装置
14.61,ST010118,"<p>%(v/v)</p>
",2026-04-15 08:00:00,乙烷,延炼12万吨/年乙苯/苯乙烯装置
0.00,ST010118,"<p>%(v/v)</p>
",2026-04-15 08:00:00,碳五(合计),延炼12万吨/年乙苯/苯乙烯装置
1.0,ST010118,<p>mg/kg</p>,2026-04-15 08:00:00,硫化氢,延炼12万吨/年乙苯/苯乙烯装置
0.64,ST010118,"<p>%(v/v)</p>
",2026-04-15 08:00:00,氧气,延炼12万吨/年乙苯/苯乙烯装置
18.96,ST010118,"<p>%(v/v)</p>
",2026-04-15 08:00:00,氮气,延炼12万吨/年乙苯/苯乙烯装置
2.32,ST010118,"<p>%(v/v)</p>
",2026-04-15 08:00:00,一氧化碳,延炼12万吨/年乙苯/苯乙烯装置
0.64,ST010118,"<p>%(v/v)</p>
",2026-04-15 08:00:00,二氧化碳,延炼12万吨/年乙苯/苯乙烯装置
17.85,ST010118,"<p>%(v/v)</p>
",2026-04-15 08:00:00,氢气,延炼12万吨/年乙苯/苯乙烯装置
30.25,ST010118,"<p>%(v/v)</p>
",2026-04-15 08:00:00,甲烷,延炼12万吨/年乙苯/苯乙烯装置
0.03,ST010118,"<p>%(v/v)</p>
",2026-04-15 08:00:00,丙烷,延炼12万吨/年乙苯/苯乙烯装置
0.06,ST010118,"<p>%(v/v)</p>
",2026-04-15 08:00:00,丙烯,延炼12万吨/年乙苯/苯乙烯装置
1.0,ST010118,<p>mg/kg</p>,2026-04-16 08:00:00,硫化氢,延炼12万吨/年乙苯/苯乙烯装置
0.80,ST010118,"<p>%(v/v)</p>
",2026-04-16 08:00:00,氧气,延炼12万吨/年乙苯/苯乙烯装置
19.62,ST010118,"<p>%(v/v)</p>
",2026-04-16 08:00:00,氮气,延炼12万吨/年乙苯/苯乙烯装置
2.28,ST010118,"<p>%(v/v)</p>
",2026-04-16 08:00:00,一氧化碳,延炼12万吨/年乙苯/苯乙烯装置
2.01,ST010118,"<p>%(v/v)</p>
",2026-04-16 08:00:00,二氧化碳,延炼12万吨/年乙苯/苯乙烯装置
17.39,ST010118,"<p>%(v/v)</p>
",2026-04-16 08:00:00,氢气,延炼12万吨/年乙苯/苯乙烯装置
29.22,ST010118,"<p>%(v/v)</p>
",2026-04-16 08:00:00,甲烷,延炼12万吨/年乙苯/苯乙烯装置
0.04,ST010118,"<p>%(v/v)</p>
",2026-04-16 08:00:00,丙烷,延炼12万吨/年乙苯/苯乙烯装置
0.07,ST010118,"<p>%(v/v)</p>
",2026-04-16 08:00:00,丙烯,延炼12万吨/年乙苯/苯乙烯装置
14.31,ST010118,"<p>%(v/v)</p>
",2026-04-16 08:00:00,乙烯,延炼12万吨/年乙苯/苯乙烯装置
0.00,ST010118,"<p>%(v/v)</p>
",2026-04-16 08:00:00,碳四(合计),延炼12万吨/年乙苯/苯乙烯装置
0.00,ST010118,"<p>%(v/v)</p>
",2026-04-16 08:00:00,异戊烷,延炼12万吨/年乙苯/苯乙烯装置
0.00,ST010118,"<p>%(v/v)</p>
",2026-04-16 08:00:00,正戊烷,延炼12万吨/年乙苯/苯乙烯装置
14.26,ST010118,"<p>%(v/v)</p>
",2026-04-16 08:00:00,乙烷,延炼12万吨/年乙苯/苯乙烯装置
0.00,ST010118,"<p>%(v/v)</p>
",2026-04-16 08:00:00,碳五(合计),延炼12万吨/年乙苯/苯乙烯装置
1.0,ST010118,<p>mg/kg</p>,2026-04-17 08:00:00,硫化氢,延炼12万吨/年乙苯/苯乙烯装置
2.06,ST010118,"<p>%(v/v)</p>
",2026-04-17 08:00:00,氧气,延炼12万吨/年乙苯/苯乙烯装置
23.57,ST010118,"<p>%(v/v)</p>
",2026-04-17 08:00:00,氮气,延炼12万吨/年乙苯/苯乙烯装置
2.30,ST010118,"<p>%(v/v)</p>
",2026-04-17 08:00:00,一氧化碳,延炼12万吨/年乙苯/苯乙烯装置
1.71,ST010118,"<p>%(v/v)</p>
",2026-04-17 08:00:00,二氧化碳,延炼12万吨/年乙苯/苯乙烯装置
16.59,ST010118,"<p>%(v/v)</p>
",2026-04-17 08:00:00,氢气,延炼12万吨/年乙苯/苯乙烯装置
27.27,ST010118,"<p>%(v/v)</p>
",2026-04-17 08:00:00,甲烷,延炼12万吨/年乙苯/苯乙烯装置
0.03,ST010118,"<p>%(v/v)</p>
",2026-04-17 08:00:00,丙烷,延炼12万吨/年乙苯/苯乙烯装置
0.05,ST010118,"<p>%(v/v)</p>
",2026-04-17 08:00:00,丙烯,延炼12万吨/年乙苯/苯乙烯装置
13.27,ST010118,"<p>%(v/v)</p>
",2026-04-17 08:00:00,乙烯,延炼12万吨/年乙苯/苯乙烯装置
0.00,ST010118,"<p>%(v/v)</p>
",2026-04-17 08:00:00,碳四(合计),延炼12万吨/年乙苯/苯乙烯装置
0.00,ST010118,"<p>%(v/v)</p>
",2026-04-17 08:00:00,异戊烷,延炼12万吨/年乙苯/苯乙烯装置
0.00,ST010118,"<p>%(v/v)</p>
",2026-04-17 08:00:00,正戊烷,延炼12万吨/年乙苯/苯乙烯装置
13.15,ST010118,"<p>%(v/v)</p>
",2026-04-17 08:00:00,乙烷,延炼12万吨/年乙苯/苯乙烯装置
0.00,ST010118,"<p>%(v/v)</p>
",2026-04-17 08:00:00,碳五(合计),延炼12万吨/年乙苯/苯乙烯装置
1.0,ST010118,<p>mg/kg</p>,2026-04-18 08:00:00,硫化氢,延炼12万吨/年乙苯/苯乙烯装置
0.83,ST010118,"<p>%(v/v)</p>
",2026-04-18 08:00:00,氧气,延炼12万吨/年乙苯/苯乙烯装置
19.36,ST010118,"<p>%(v/v)</p>
",2026-04-18 08:00:00,氮气,延炼12万吨/年乙苯/苯乙烯装置
2.29,ST010118,"<p>%(v/v)</p>
",2026-04-18 08:00:00,一氧化碳,延炼12万吨/年乙苯/苯乙烯装置
1.34,ST010118,"<p>%(v/v)</p>
",2026-04-18 08:00:00,二氧化碳,延炼12万吨/年乙苯/苯乙烯装置
18.53,ST010118,"<p>%(v/v)</p>
",2026-04-18 08:00:00,氢气,延炼12万吨/年乙苯/苯乙烯装置
28.81,ST010118,"<p>%(v/v)</p>
",2026-04-18 08:00:00,甲烷,延炼12万吨/年乙苯/苯乙烯装置
0.04,ST010118,"<p>%(v/v)</p>
",2026-04-18 08:00:00,丙烷,延炼12万吨/年乙苯/苯乙烯装置
0.07,ST010118,"<p>%(v/v)</p>
",2026-04-18 08:00:00,丙烯,延炼12万吨/年乙苯/苯乙烯装置
14.22,ST010118,"<p>%(v/v)</p>
",2026-04-18 08:00:00,乙烯,延炼12万吨/年乙苯/苯乙烯装置
0.00,ST010118,"<p>%(v/v)</p>
",2026-04-18 08:00:00,碳四(合计),延炼12万吨/年乙苯/苯乙烯装置
0.00,ST010118,"<p>%(v/v)</p>
",2026-04-18 08:00:00,异戊烷,延炼12万吨/年乙苯/苯乙烯装置
0.00,ST010118,"<p>%(v/v)</p>
",2026-04-18 08:00:00,正戊烷,延炼12万吨/年乙苯/苯乙烯装置
14.50,ST010118,"<p>%(v/v)</p>
",2026-04-18 08:00:00,乙烷,延炼12万吨/年乙苯/苯乙烯装置
0.00,ST010118,"<p>%(v/v)</p>
",2026-04-18 08:00:00,碳五(合计),延炼12万吨/年乙苯/苯乙烯装置
1.0,ST010118,<p>mg/kg</p>,2026-04-19 08:00:00,硫化氢,延炼12万吨/年乙苯/苯乙烯装置
0.77,ST010118,"<p>%(v/v)</p>
",2026-04-19 08:00:00,氧气,延炼12万吨/年乙苯/苯乙烯装置
19.19,ST010118,"<p>%(v/v)</p>
",2026-04-19 08:00:00,氮气,延炼12万吨/年乙苯/苯乙烯装置
2.24,ST010118,"<p>%(v/v)</p>
",2026-04-19 08:00:00,一氧化碳,延炼12万吨/年乙苯/苯乙烯装置
1.35,ST010118,"<p>%(v/v)</p>
",2026-04-19 08:00:00,二氧化碳,延炼12万吨/年乙苯/苯乙烯装置
17.94,ST010118,"<p>%(v/v)</p>
",2026-04-19 08:00:00,氢气,延炼12万吨/年乙苯/苯乙烯装置
29.59,ST010118,"<p>%(v/v)</p>
",2026-04-19 08:00:00,甲烷,延炼12万吨/年乙苯/苯乙烯装置
0.04,ST010118,"<p>%(v/v)</p>
",2026-04-19 08:00:00,丙烷,延炼12万吨/年乙苯/苯乙烯装置
0.07,ST010118,"<p>%(v/v)</p>
",2026-04-19 08:00:00,丙烯,延炼12万吨/年乙苯/苯乙烯装置
14.54,ST010118,"<p>%(v/v)</p>
",2026-04-19 08:00:00,乙烯,延炼12万吨/年乙苯/苯乙烯装置
0.00,ST010118,"<p>%(v/v)</p>
",2026-04-19 08:00:00,碳四(合计),延炼12万吨/年乙苯/苯乙烯装置
0.00,ST010118,"<p>%(v/v)</p>
",2026-04-19 08:00:00,异戊烷,延炼12万吨/年乙苯/苯乙烯装置
0.00,ST010118,"<p>%(v/v)</p>
",2026-04-19 08:00:00,正戊烷,延炼12万吨/年乙苯/苯乙烯装置
14.29,ST010118,"<p>%(v/v)</p>
",2026-04-19 08:00:00,乙烷,延炼12万吨/年乙苯/苯乙烯装置
0.00,ST010118,"<p>%(v/v)</p>
",2026-04-19 08:00:00,碳五(合计),延炼12万吨/年乙苯/苯乙烯装置
1.0,ST010118,<p>mg/kg</p>,2026-04-20 08:00:00,硫化氢,延炼12万吨/年乙苯/苯乙烯装置
1.29,ST010118,"<p>%(v/v)</p>
",2026-04-20 08:00:00,氧气,延炼12万吨/年乙苯/苯乙烯装置
20.78,ST010118,"<p>%(v/v)</p>
",2026-04-20 08:00:00,氮气,延炼12万吨/年乙苯/苯乙烯装置
2.30,ST010118,"<p>%(v/v)</p>
",2026-04-20 08:00:00,一氧化碳,延炼12万吨/年乙苯/苯乙烯装置
1.83,ST010118,"<p>%(v/v)</p>
",2026-04-20 08:00:00,二氧化碳,延炼12万吨/年乙苯/苯乙烯装置
18.18,ST010118,"<p>%(v/v)</p>
",2026-04-20 08:00:00,氢气,延炼12万吨/年乙苯/苯乙烯装置
28.13,ST010118,"<p>%(v/v)</p>
",2026-04-20 08:00:00,甲烷,延炼12万吨/年乙苯/苯乙烯装置
0.04,ST010118,"<p>%(v/v)</p>
",2026-04-20 08:00:00,丙烷,延炼12万吨/年乙苯/苯乙烯装置
0.08,ST010118,"<p>%(v/v)</p>
",2026-04-20 08:00:00,丙烯,延炼12万吨/年乙苯/苯乙烯装置
13.69,ST010118,"<p>%(v/v)</p>
",2026-04-20 08:00:00,乙烯,延炼12万吨/年乙苯/苯乙烯装置
0.00,ST010118,"<p>%(v/v)</p>
",2026-04-20 08:00:00,碳四(合计),延炼12万吨/年乙苯/苯乙烯装置
0.00,ST010118,"<p>%(v/v)</p>
",2026-04-20 08:00:00,异戊烷,延炼12万吨/年乙苯/苯乙烯装置
0.00,ST010118,"<p>%(v/v)</p>
",2026-04-20 08:00:00,正戊烷,延炼12万吨/年乙苯/苯乙烯装置
13.69,ST010118,"<p>%(v/v)</p>
",2026-04-20 08:00:00,乙烷,延炼12万吨/年乙苯/苯乙烯装置
0.00,ST010118,"<p>%(v/v)</p>
",2026-04-20 08:00:00,碳五(合计),延炼12万吨/年乙苯/苯乙烯装置
1.0,ST010118,<p>mg/kg</p>,2026-04-21 08:00:00,硫化氢,延炼12万吨/年乙苯/苯乙烯装置
0.25,ST010118,"<p>%(v/v)</p>
",2026-04-21 08:00:00,氧气,延炼12万吨/年乙苯/苯乙烯装置
18.00,ST010118,"<p>%(v/v)</p>
",2026-04-21 08:00:00,氮气,延炼12万吨/年乙苯/苯乙烯装置
2.25,ST010118,"<p>%(v/v)</p>
",2026-04-21 08:00:00,一氧化碳,延炼12万吨/年乙苯/苯乙烯装置
1.52,ST010118,"<p>%(v/v)</p>
",2026-04-21 08:00:00,二氧化碳,延炼12万吨/年乙苯/苯乙烯装置
18.23,ST010118,"<p>%(v/v)</p>
",2026-04-21 08:00:00,氢气,延炼12万吨/年乙苯/苯乙烯装置
30.24,ST010118,"<p>%(v/v)</p>
",2026-04-21 08:00:00,甲烷,延炼12万吨/年乙苯/苯乙烯装置
0.04,ST010118,"<p>%(v/v)</p>
",2026-04-21 08:00:00,丙烷,延炼12万吨/年乙苯/苯乙烯装置
0.08,ST010118,"<p>%(v/v)</p>
",2026-04-21 08:00:00,丙烯,延炼12万吨/年乙苯/苯乙烯装置
14.87,ST010118,"<p>%(v/v)</p>
",2026-04-21 08:00:00,乙烯,延炼12万吨/年乙苯/苯乙烯装置
0.00,ST010118,"<p>%(v/v)</p>
",2026-04-21 08:00:00,碳四(合计),延炼12万吨/年乙苯/苯乙烯装置
0.00,ST010118,"<p>%(v/v)</p>
",2026-04-21 08:00:00,异戊烷,延炼12万吨/年乙苯/苯乙烯装置
0.00,ST010118,"<p>%(v/v)</p>
",2026-04-21 08:00:00,正戊烷,延炼12万吨/年乙苯/苯乙烯装置
14.52,ST010118,"<p>%(v/v)</p>
",2026-04-21 08:00:00,乙烷,延炼12万吨/年乙苯/苯乙烯装置
0.00,ST010118,"<p>%(v/v)</p>
",2026-04-21 08:00:00,碳五(合计),延炼12万吨/年乙苯/苯乙烯装置
1.0,ST010118,<p>mg/kg</p>,2026-04-22 08:00:00,硫化氢,延炼12万吨/年乙苯/苯乙烯装置
0.43,ST010118,"<p>%(v/v)</p>
",2026-04-22 08:00:00,氧气,延炼12万吨/年乙苯/苯乙烯装置
20.59,ST010118,"<p>%(v/v)</p>
",2026-04-22 08:00:00,氮气,延炼12万吨/年乙苯/苯乙烯装置
2.28,ST010118,"<p>%(v/v)</p>
",2026-04-22 08:00:00,一氧化碳,延炼12万吨/年乙苯/苯乙烯装置
1.69,ST010118,"<p>%(v/v)</p>
",2026-04-22 08:00:00,二氧化碳,延炼12万吨/年乙苯/苯乙烯装置
17.94,ST010118,"<p>%(v/v)</p>
",2026-04-22 08:00:00,氢气,延炼12万吨/年乙苯/苯乙烯装置
28.85,ST010118,"<p>%(v/v)</p>
",2026-04-22 08:00:00,甲烷,延炼12万吨/年乙苯/苯乙烯装置
0.03,ST010118,"<p>%(v/v)</p>
",2026-04-22 08:00:00,丙烷,延炼12万吨/年乙苯/苯乙烯装置
0.06,ST010118,"<p>%(v/v)</p>
",2026-04-22 08:00:00,丙烯,延炼12万吨/年乙苯/苯乙烯装置
14.17,ST010118,"<p>%(v/v)</p>
",2026-04-22 08:00:00,乙烯,延炼12万吨/年乙苯/苯乙烯装置
0.00,ST010118,"<p>%(v/v)</p>
",2026-04-22 08:00:00,碳四(合计),延炼12万吨/年乙苯/苯乙烯装置
0.00,ST010118,"<p>%(v/v)</p>
",2026-04-22 08:00:00,异戊烷,延炼12万吨/年乙苯/苯乙烯装置
0.00,ST010118,"<p>%(v/v)</p>
",2026-04-22 08:00:00,正戊烷,延炼12万吨/年乙苯/苯乙烯装置
13.97,ST010118,"<p>%(v/v)</p>
",2026-04-22 08:00:00,乙烷,延炼12万吨/年乙苯/苯乙烯装置
0.00,ST010118,"<p>%(v/v)</p>
",2026-04-22 08:00:00,碳五(合计),延炼12万吨/年乙苯/苯乙烯装置
1.0,ST010118,<p>mg/kg</p>,2026-04-23 08:00:00,硫化氢,延炼12万吨/年乙苯/苯乙烯装置
0.30,ST010118,"<p>%(v/v)</p>
",2026-04-23 08:00:00,氧气,延炼12万吨/年乙苯/苯乙烯装置
19.61,ST010118,"<p>%(v/v)</p>
",2026-04-23 08:00:00,氮气,延炼12万吨/年乙苯/苯乙烯装置
2.44,ST010118,"<p>%(v/v)</p>
",2026-04-23 08:00:00,一氧化碳,延炼12万吨/年乙苯/苯乙烯装置
1.66,ST010118,"<p>%(v/v)</p>
",2026-04-23 08:00:00,二氧化碳,延炼12万吨/年乙苯/苯乙烯装置
17.57,ST010118,"<p>%(v/v)</p>
",2026-04-23 08:00:00,氢气,延炼12万吨/年乙苯/苯乙烯装置
29.41,ST010118,"<p>%(v/v)</p>
",2026-04-23 08:00:00,甲烷,延炼12万吨/年乙苯/苯乙烯装置
0.03,ST010118,"<p>%(v/v)</p>
",2026-04-23 08:00:00,丙烷,延炼12万吨/年乙苯/苯乙烯装置
0.06,ST010118,"<p>%(v/v)</p>
",2026-04-23 08:00:00,丙烯,延炼12万吨/年乙苯/苯乙烯装置
14.44,ST010118,"<p>%(v/v)</p>
",2026-04-23 08:00:00,乙烯,延炼12万吨/年乙苯/苯乙烯装置
0.00,ST010118,"<p>%(v/v)</p>
",2026-04-23 08:00:00,碳四(合计),延炼12万吨/年乙苯/苯乙烯装置
0.00,ST010118,"<p>%(v/v)</p>
",2026-04-23 08:00:00,异戊烷,延炼12万吨/年乙苯/苯乙烯装置
0.00,ST010118,"<p>%(v/v)</p>
",2026-04-23 08:00:00,正戊烷,延炼12万吨/年乙苯/苯乙烯装置
14.47,ST010118,"<p>%(v/v)</p>
",2026-04-23 08:00:00,乙烷,延炼12万吨/年乙苯/苯乙烯装置
0.00,ST010118,"<p>%(v/v)</p>
",2026-04-23 08:00:00,碳五(合计),延炼12万吨/年乙苯/苯乙烯装置
1.0,ST010118,<p>mg/kg</p>,2026-04-24 08:00:00,硫化氢,延炼12万吨/年乙苯/苯乙烯装置
0.68,ST010118,"<p>%(v/v)</p>
",2026-04-24 08:00:00,氧气,延炼12万吨/年乙苯/苯乙烯装置
19.54,ST010118,"<p>%(v/v)</p>
",2026-04-24 08:00:00,氮气,延炼12万吨/年乙苯/苯乙烯装置
2.24,ST010118,"<p>%(v/v)</p>
",2026-04-24 08:00:00,一氧化碳,延炼12万吨/年乙苯/苯乙烯装置
1.45,ST010118,"<p>%(v/v)</p>
",2026-04-24 08:00:00,二氧化碳,延炼12万吨/年乙苯/苯乙烯装置
18.09,ST010118,"<p>%(v/v)</p>
",2026-04-24 08:00:00,氢气,延炼12万吨/年乙苯/苯乙烯装置
29.42,ST010118,"<p>%(v/v)</p>
",2026-04-24 08:00:00,甲烷,延炼12万吨/年乙苯/苯乙烯装置
0.02,ST010118,"<p>%(v/v)</p>
",2026-04-24 08:00:00,丙烷,延炼12万吨/年乙苯/苯乙烯装置
0.04,ST010118,"<p>%(v/v)</p>
",2026-04-24 08:00:00,丙烯,延炼12万吨/年乙苯/苯乙烯装置
14.36,ST010118,"<p>%(v/v)</p>
",2026-04-24 08:00:00,乙烯,延炼12万吨/年乙苯/苯乙烯装置
0.00,ST010118,"<p>%(v/v)</p>
",2026-04-24 08:00:00,碳四(合计),延炼12万吨/年乙苯/苯乙烯装置
0.00,ST010118,"<p>%(v/v)</p>
",2026-04-24 08:00:00,异戊烷,延炼12万吨/年乙苯/苯乙烯装置
0.00,ST010118,"<p>%(v/v)</p>
",2026-04-24 08:00:00,正戊烷,延炼12万吨/年乙苯/苯乙烯装置
14.15,ST010118,"<p>%(v/v)</p>
",2026-04-24 08:00:00,乙烷,延炼12万吨/年乙苯/苯乙烯装置
0.00,ST010118,"<p>%(v/v)</p>
",2026-04-24 08:00:00,碳五(合计),延炼12万吨/年乙苯/苯乙烯装置
1.0,ST010118,<p>mg/kg</p>,2026-04-25 08:00:00,硫化氢,延炼12万吨/年乙苯/苯乙烯装置
1.23,ST010118,"<p>%(v/v)</p>
",2026-04-25 08:00:00,氧气,延炼12万吨/年乙苯/苯乙烯装置
20.84,ST010118,"<p>%(v/v)</p>
",2026-04-25 08:00:00,氮气,延炼12万吨/年乙苯/苯乙烯装置
2.22,ST010118,"<p>%(v/v)</p>
",2026-04-25 08:00:00,一氧化碳,延炼12万吨/年乙苯/苯乙烯装置
1.87,ST010118,"<p>%(v/v)</p>
",2026-04-25 08:00:00,二氧化碳,延炼12万吨/年乙苯/苯乙烯装置
18.21,ST010118,"<p>%(v/v)</p>
",2026-04-25 08:00:00,氢气,延炼12万吨/年乙苯/苯乙烯装置
28.25,ST010118,"<p>%(v/v)</p>
",2026-04-25 08:00:00,甲烷,延炼12万吨/年乙苯/苯乙烯装置
0.03,ST010118,"<p>%(v/v)</p>
",2026-04-25 08:00:00,丙烷,延炼12万吨/年乙苯/苯乙烯装置
0.06,ST010118,"<p>%(v/v)</p>
",2026-04-25 08:00:00,丙烯,延炼12万吨/年乙苯/苯乙烯装置
13.73,ST010118,"<p>%(v/v)</p>
",2026-04-25 08:00:00,乙烯,延炼12万吨/年乙苯/苯乙烯装置
0.00,ST010118,"<p>%(v/v)</p>
",2026-04-25 08:00:00,碳四(合计),延炼12万吨/年乙苯/苯乙烯装置
0.00,ST010118,"<p>%(v/v)</p>
",2026-04-25 08:00:00,异戊烷,延炼12万吨/年乙苯/苯乙烯装置
0.00,ST010118,"<p>%(v/v)</p>
",2026-04-25 08:00:00,正戊烷,延炼12万吨/年乙苯/苯乙烯装置
13.57,ST010118,"<p>%(v/v)</p>
",2026-04-25 08:00:00,乙烷,延炼12万吨/年乙苯/苯乙烯装置
0.00,ST010118,"<p>%(v/v)</p>
",2026-04-25 08:00:00,碳五(合计),延炼12万吨/年乙苯/苯乙烯装置
1.0,ST010118,<p>mg/kg</p>,2026-04-26 08:00:00,硫化氢,延炼12万吨/年乙苯/苯乙烯装置
1.50,ST010118,"<p>%(v/v)</p>
",2026-04-26 08:00:00,氧气,延炼12万吨/年乙苯/苯乙烯装置
21.22,ST010118,"<p>%(v/v)</p>
",2026-04-26 08:00:00,氮气,延炼12万吨/年乙苯/苯乙烯装置
1.92,ST010118,"<p>%(v/v)</p>
",2026-04-26 08:00:00,一氧化碳,延炼12万吨/年乙苯/苯乙烯装置
1.13,ST010118,"<p>%(v/v)</p>
",2026-04-26 08:00:00,二氧化碳,延炼12万吨/年乙苯/苯乙烯装置
17.76,ST010118,"<p>%(v/v)</p>
",2026-04-26 08:00:00,氢气,延炼12万吨/年乙苯/苯乙烯装置
28.32,ST010118,"<p>%(v/v)</p>
",2026-04-26 08:00:00,甲烷,延炼12万吨/年乙苯/苯乙烯装置
0.02,ST010118,"<p>%(v/v)</p>
",2026-04-26 08:00:00,丙烷,延炼12万吨/年乙苯/苯乙烯装置
0.04,ST010118,"<p>%(v/v)</p>
",2026-04-26 08:00:00,丙烯,延炼12万吨/年乙苯/苯乙烯装置
14.14,ST010118,"<p>%(v/v)</p>
",2026-04-26 08:00:00,乙烯,延炼12万吨/年乙苯/苯乙烯装置
0.00,ST010118,"<p>%(v/v)</p>
",2026-04-26 08:00:00,碳四(合计),延炼12万吨/年乙苯/苯乙烯装置
0.00,ST010118,"<p>%(v/v)</p>
",2026-04-26 08:00:00,异戊烷,延炼12万吨/年乙苯/苯乙烯装置
0.00,ST010118,"<p>%(v/v)</p>
",2026-04-26 08:00:00,正戊烷,延炼12万吨/年乙苯/苯乙烯装置
13.95,ST010118,"<p>%(v/v)</p>
",2026-04-26 08:00:00,乙烷,延炼12万吨/年乙苯/苯乙烯装置
0.00,ST010118,"<p>%(v/v)</p>
",2026-04-26 08:00:00,碳五(合计),延炼12万吨/年乙苯/苯乙烯装置
1.0,ST010118,<p>mg/kg</p>,2026-04-27 08:00:00,硫化氢,延炼12万吨/年乙苯/苯乙烯装置
2.29,ST010118,"<p>%(v/v)</p>
",2026-04-27 08:00:00,氧气,延炼12万吨/年乙苯/苯乙烯装置
22.78,ST010118,"<p>%(v/v)</p>
",2026-04-27 08:00:00,氮气,延炼12万吨/年乙苯/苯乙烯装置
1.71,ST010118,"<p>%(v/v)</p>
",2026-04-27 08:00:00,一氧化碳,延炼12万吨/年乙苯/苯乙烯装置
1.31,ST010118,"<p>%(v/v)</p>
",2026-04-27 08:00:00,二氧化碳,延炼12万吨/年乙苯/苯乙烯装置
16.13,ST010118,"<p>%(v/v)</p>
",2026-04-27 08:00:00,氢气,延炼12万吨/年乙苯/苯乙烯装置
27.91,ST010118,"<p>%(v/v)</p>
",2026-04-27 08:00:00,甲烷,延炼12万吨/年乙苯/苯乙烯装置
0.02,ST010118,"<p>%(v/v)</p>
",2026-04-27 08:00:00,丙烷,延炼12万吨/年乙苯/苯乙烯装置
0.05,ST010118,"<p>%(v/v)</p>
",2026-04-27 08:00:00,丙烯,延炼12万吨/年乙苯/苯乙烯装置
14.00,ST010118,"<p>%(v/v)</p>
",2026-04-27 08:00:00,乙烯,延炼12万吨/年乙苯/苯乙烯装置
0.00,ST010118,"<p>%(v/v)</p>
",2026-04-27 08:00:00,碳四(合计),延炼12万吨/年乙苯/苯乙烯装置
0.00,ST010118,"<p>%(v/v)</p>
",2026-04-27 08:00:00,异戊烷,延炼12万吨/年乙苯/苯乙烯装置
0.00,ST010118,"<p>%(v/v)</p>
",2026-04-27 08:00:00,正戊烷,延炼12万吨/年乙苯/苯乙烯装置
13.80,ST010118,"<p>%(v/v)</p>
",2026-04-27 08:00:00,乙烷,延炼12万吨/年乙苯/苯乙烯装置
0.00,ST010118,"<p>%(v/v)</p>
",2026-04-27 08:00:00,碳五(合计),延炼12万吨/年乙苯/苯乙烯装置
1.0,ST010118,<p>mg/kg</p>,2026-04-28 08:00:00,硫化氢,延炼12万吨/年乙苯/苯乙烯装置
4.66,ST010118,"<p>%(v/v)</p>
",2026-04-28 08:00:00,氧气,延炼12万吨/年乙苯/苯乙烯装置
27.44,ST010118,"<p>%(v/v)</p>
",2026-04-28 08:00:00,氮气,延炼12万吨/年乙苯/苯乙烯装置
1.71,ST010118,"<p>%(v/v)</p>
",2026-04-28 08:00:00,一氧化碳,延炼12万吨/年乙苯/苯乙烯装置
1.31,ST010118,"<p>%(v/v)</p>
",2026-04-28 08:00:00,二氧化碳,延炼12万吨/年乙苯/苯乙烯装置
12.98,ST010118,"<p>%(v/v)</p>
",2026-04-28 08:00:00,氢气,延炼12万吨/年乙苯/苯乙烯装置
26.35,ST010118,"<p>%(v/v)</p>
",2026-04-28 08:00:00,甲烷,延炼12万吨/年乙苯/苯乙烯装置
0.00,ST010118,"<p>%(v/v)</p>
",2026-04-28 08:00:00,丙烷,延炼12万吨/年乙苯/苯乙烯装置
0.01,ST010118,"<p>%(v/v)</p>
",2026-04-28 08:00:00,丙烯,延炼12万吨/年乙苯/苯乙烯装置
12.24,ST010118,"<p>%(v/v)</p>
",2026-04-28 08:00:00,乙烯,延炼12万吨/年乙苯/苯乙烯装置
0.00,ST010118,"<p>%(v/v)</p>
",2026-04-28 08:00:00,碳四(合计),延炼12万吨/年乙苯/苯乙烯装置
0.00,ST010118,"<p>%(v/v)</p>
",2026-04-28 08:00:00,异戊烷,延炼12万吨/年乙苯/苯乙烯装置
0.00,ST010118,"<p>%(v/v)</p>
",2026-04-28 08:00:00,正戊烷,延炼12万吨/年乙苯/苯乙烯装置
13.30,ST010118,"<p>%(v/v)</p>
",2026-04-28 08:00:00,乙烷,延炼12万吨/年乙苯/苯乙烯装置
0.00,ST010118,"<p>%(v/v)</p>
",2026-04-28 08:00:00,碳五(合计),延炼12万吨/年乙苯/苯乙烯装置
1.0,ST010118,<p>mg/kg</p>,2026-04-29 08:00:00,硫化氢,延炼12万吨/年乙苯/苯乙烯装置
3.25,ST010118,"<p>%(v/v)</p>
",2026-04-29 08:00:00,氧气,延炼12万吨/年乙苯/苯乙烯装置
24.59,ST010118,"<p>%(v/v)</p>
",2026-04-29 08:00:00,氮气,延炼12万吨/年乙苯/苯乙烯装置
1.87,ST010118,"<p>%(v/v)</p>
",2026-04-29 08:00:00,一氧化碳,延炼12万吨/年乙苯/苯乙烯装置
1.16,ST010118,"<p>%(v/v)</p>
",2026-04-29 08:00:00,二氧化碳,延炼12万吨/年乙苯/苯乙烯装置
14.35,ST010118,"<p>%(v/v)</p>
",2026-04-29 08:00:00,氢气,延炼12万吨/年乙苯/苯乙烯装置
28.02,ST010118,"<p>%(v/v)</p>
",2026-04-29 08:00:00,甲烷,延炼12万吨/年乙苯/苯乙烯装置
0.00,ST010118,"<p>%(v/v)</p>
",2026-04-29 08:00:00,丙烷,延炼12万吨/年乙苯/苯乙烯装置
0.01,ST010118,"<p>%(v/v)</p>
",2026-04-29 08:00:00,丙烯,延炼12万吨/年乙苯/苯乙烯装置
12.88,ST010118,"<p>%(v/v)</p>
",2026-04-29 08:00:00,乙烯,延炼12万吨/年乙苯/苯乙烯装置
0.00,ST010118,"<p>%(v/v)</p>
",2026-04-29 08:00:00,碳四(合计),延炼12万吨/年乙苯/苯乙烯装置
0.00,ST010118,"<p>%(v/v)</p>
",2026-04-29 08:00:00,异戊烷,延炼12万吨/年乙苯/苯乙烯装置
0.00,ST010118,"<p>%(v/v)</p>
",2026-04-29 08:00:00,正戊烷,延炼12万吨/年乙苯/苯乙烯装置
13.86,ST010118,"<p>%(v/v)</p>
",2026-04-29 08:00:00,乙烷,延炼12万吨/年乙苯/苯乙烯装置
0.00,ST010118,"<p>%(v/v)</p>
",2026-04-29 08:00:00,碳五(合计),延炼12万吨/年乙苯/苯乙烯装置
1.0,ST010118,<p>mg/kg</p>,2026-04-30 08:00:00,硫化氢,延炼12万吨/年乙苯/苯乙烯装置
3.82,ST010118,"<p>%(v/v)</p>
",2026-04-30 08:00:00,氧气,延炼12万吨/年乙苯/苯乙烯装置
26.74,ST010118,"<p>%(v/v)</p>
",2026-04-30 08:00:00,氮气,延炼12万吨/年乙苯/苯乙烯装置
1.98,ST010118,"<p>%(v/v)</p>
",2026-04-30 08:00:00,一氧化碳,延炼12万吨/年乙苯/苯乙烯装置
1.20,ST010118,"<p>%(v/v)</p>
",2026-04-30 08:00:00,二氧化碳,延炼12万吨/年乙苯/苯乙烯装置
14.42,ST010118,"<p>%(v/v)</p>
",2026-04-30 08:00:00,氢气,延炼12万吨/年乙苯/苯乙烯装置
27.42,ST010118,"<p>%(v/v)</p>
",2026-04-30 08:00:00,甲烷,延炼12万吨/年乙苯/苯乙烯装置
0.00,ST010118,"<p>%(v/v)</p>
",2026-04-30 08:00:00,丙烷,延炼12万吨/年乙苯/苯乙烯装置
0.00,ST010118,"<p>%(v/v)</p>
",2026-04-30 08:00:00,丙烯,延炼12万吨/年乙苯/苯乙烯装置
12.06,ST010118,"<p>%(v/v)</p>
",2026-04-30 08:00:00,乙烯,延炼12万吨/年乙苯/苯乙烯装置
0.00,ST010118,"<p>%(v/v)</p>
",2026-04-30 08:00:00,碳四(合计),延炼12万吨/年乙苯/苯乙烯装置
0.00,ST010118,"<p>%(v/v)</p>
",2026-04-30 08:00:00,异戊烷,延炼12万吨/年乙苯/苯乙烯装置
0.00,ST010118,"<p>%(v/v)</p>
",2026-04-30 08:00:00,正戊烷,延炼12万吨/年乙苯/苯乙烯装置
12.35,ST010118,"<p>%(v/v)</p>
",2026-04-30 08:00:00,乙烷,延炼12万吨/年乙苯/苯乙烯装置
0.00,ST010118,"<p>%(v/v)</p>
",2026-04-30 08:00:00,碳五(合计),延炼12万吨/年乙苯/苯乙烯装置
