result,sampleDotCode,unitName,sampleTime,resultName,deviceName
784.2,ST010377,<p>kg/m<sup>3</sup></p>,2025-05-06 19:00:00,密度(20℃),延炼50万吨/年航煤装置
1.1,ST010377,体积分数 %,2025-05-06 19:00:00,残留量,延炼50万吨/年航煤装置
204.0,ST010377,<p>℃</p>,2025-05-06 19:00:00,90%回收温度,延炼50万吨/年航煤装置
219.0,ST010377,<p>℃</p>,2025-05-06 19:00:00,终馏点,延炼50万吨/年航煤装置
182.0,ST010377,<p>℃</p>,2025-05-06 19:00:00,50%回收温度,延炼50万吨/年航煤装置
171.5,ST010377,<p>℃</p>,2025-05-06 19:00:00,20%回收温度,延炼50万吨/年航煤装置
168.5,ST010377,<p>℃</p>,2025-05-06 19:00:00,10%回收温度,延炼50万吨/年航煤装置
155.5,ST010377,<p>℃</p>,2025-05-06 19:00:00,初馏点,延炼50万吨/年航煤装置
0.5,ST010377,体积分数 %,2025-05-06 19:00:00,损失量,延炼50万吨/年航煤装置
44.0,ST010377,℃,2025-05-06 19:00:00,闪点（闭口）,延炼50万吨/年航煤装置
785.4,ST010377,<p>kg/m<sup>3</sup></p>,2025-05-11 08:00:00,密度(20℃),延炼50万吨/年航煤装置
1.0,ST010377,体积分数 %,2025-05-11 08:00:00,残留量,延炼50万吨/年航煤装置
204.5,ST010377,<p>℃</p>,2025-05-11 08:00:00,90%回收温度,延炼50万吨/年航煤装置
221.0,ST010377,<p>℃</p>,2025-05-11 08:00:00,终馏点,延炼50万吨/年航煤装置
183.5,ST010377,<p>℃</p>,2025-05-11 08:00:00,50%回收温度,延炼50万吨/年航煤装置
173.5,ST010377,<p>℃</p>,2025-05-11 08:00:00,20%回收温度,延炼50万吨/年航煤装置
170.5,ST010377,<p>℃</p>,2025-05-11 08:00:00,10%回收温度,延炼50万吨/年航煤装置
158.0,ST010377,<p>℃</p>,2025-05-11 08:00:00,初馏点,延炼50万吨/年航煤装置
0.7,ST010377,体积分数 %,2025-05-11 08:00:00,损失量,延炼50万吨/年航煤装置
44.5,ST010377,℃,2025-05-11 08:00:00,闪点（闭口）,延炼50万吨/年航煤装置
44.5,ST010377,℃,2025-05-12 08:00:00,闪点（闭口）,延炼50万吨/年航煤装置
784.6,ST010377,<p>kg/m<sup>3</sup></p>,2025-05-12 08:00:00,密度(20℃),延炼50万吨/年航煤装置
1.0,ST010377,体积分数 %,2025-05-12 08:00:00,残留量,延炼50万吨/年航煤装置
206.0,ST010377,<p>℃</p>,2025-05-12 08:00:00,90%回收温度,延炼50万吨/年航煤装置
221.5,ST010377,<p>℃</p>,2025-05-12 08:00:00,终馏点,延炼50万吨/年航煤装置
184.0,ST010377,<p>℃</p>,2025-05-12 08:00:00,50%回收温度,延炼50万吨/年航煤装置
173.0,ST010377,<p>℃</p>,2025-05-12 08:00:00,20%回收温度,延炼50万吨/年航煤装置
169.5,ST010377,<p>℃</p>,2025-05-12 08:00:00,10%回收温度,延炼50万吨/年航煤装置
152.5,ST010377,<p>℃</p>,2025-05-12 08:00:00,初馏点,延炼50万吨/年航煤装置
0.7,ST010377,体积分数 %,2025-05-12 08:00:00,损失量,延炼50万吨/年航煤装置
10.1,ST010377,体积分数 %,2025-05-13 08:00:00,芳烃,延炼50万吨/年航煤装置
0.8,ST010377,体积分数 %,2025-05-13 08:00:00,烯烃,延炼50万吨/年航煤装置
44.5,ST010377,℃,2025-05-13 08:00:00,闪点（闭口）,延炼50万吨/年航煤装置
64,ST010377,ug/g,2025-05-13 08:00:00,水分,延炼50万吨/年航煤装置
2.0,ST010377,&mu;g/g,2025-05-13 08:00:00,氮含量,延炼50万吨/年航煤装置
0.8,ST010377,体积分数 %,2025-05-13 08:00:00,残留量,延炼50万吨/年航煤装置
207.0,ST010377,<p>℃</p>,2025-05-13 08:00:00,90%回收温度,延炼50万吨/年航煤装置
222.0,ST010377,<p>℃</p>,2025-05-13 08:00:00,终馏点,延炼50万吨/年航煤装置
184.0,ST010377,<p>℃</p>,2025-05-13 08:00:00,50%回收温度,延炼50万吨/年航煤装置
172.5,ST010377,<p>℃</p>,2025-05-13 08:00:00,20%回收温度,延炼50万吨/年航煤装置
169.5,ST010377,<p>℃</p>,2025-05-13 08:00:00,10%回收温度,延炼50万吨/年航煤装置
156.5,ST010377,<p>℃</p>,2025-05-13 08:00:00,初馏点,延炼50万吨/年航煤装置
0.8,ST010377,体积分数 %,2025-05-13 08:00:00,损失量,延炼50万吨/年航煤装置
3.146,ST010377,<p>mm<sup>2</sup>/s</p>,2025-05-13 08:00:00,运动黏度（-20℃）,延炼50万吨/年航煤装置
28.4,ST010377,mm,2025-05-13 08:00:00,烟点,延炼50万吨/年航煤装置
39,ST010377,ug/g,2025-05-13 08:00:00,硫醇硫,延炼50万吨/年航煤装置
784.0,ST010377,<p>kg/m<sup>3</sup></p>,2025-05-13 08:00:00,密度(20℃),延炼50万吨/年航煤装置
128,ST010377,ug/g,2025-05-13 08:00:00,总硫含量,延炼50万吨/年航煤装置
-60.8,ST010377,<p>℃</p>,2025-05-13 08:00:00,冰点,延炼50万吨/年航煤装置
784.8,ST010377,<p>kg/m<sup>3</sup></p>,2025-05-14 08:00:00,密度(20℃),延炼50万吨/年航煤装置
1.1,ST010377,体积分数 %,2025-05-14 08:00:00,残留量,延炼50万吨/年航煤装置
206.0,ST010377,<p>℃</p>,2025-05-14 08:00:00,90%回收温度,延炼50万吨/年航煤装置
221.0,ST010377,<p>℃</p>,2025-05-14 08:00:00,终馏点,延炼50万吨/年航煤装置
184.0,ST010377,<p>℃</p>,2025-05-14 08:00:00,50%回收温度,延炼50万吨/年航煤装置
173.5,ST010377,<p>℃</p>,2025-05-14 08:00:00,20%回收温度,延炼50万吨/年航煤装置
169.5,ST010377,<p>℃</p>,2025-05-14 08:00:00,10%回收温度,延炼50万吨/年航煤装置
155.0,ST010377,<p>℃</p>,2025-05-14 08:00:00,初馏点,延炼50万吨/年航煤装置
0.5,ST010377,体积分数 %,2025-05-14 08:00:00,损失量,延炼50万吨/年航煤装置
43.0,ST010377,℃,2025-05-14 08:00:00,闪点（闭口）,延炼50万吨/年航煤装置
0.7,ST010377,体积分数 %,2025-05-15 08:00:00,损失量,延炼50万吨/年航煤装置
44.0,ST010377,℃,2025-05-15 08:00:00,闪点（闭口）,延炼50万吨/年航煤装置
784.3,ST010377,<p>kg/m<sup>3</sup></p>,2025-05-15 08:00:00,密度(20℃),延炼50万吨/年航煤装置
1.0,ST010377,体积分数 %,2025-05-15 08:00:00,残留量,延炼50万吨/年航煤装置
205.5,ST010377,<p>℃</p>,2025-05-15 08:00:00,90%回收温度,延炼50万吨/年航煤装置
221.0,ST010377,<p>℃</p>,2025-05-15 08:00:00,终馏点,延炼50万吨/年航煤装置
183.5,ST010377,<p>℃</p>,2025-05-15 08:00:00,50%回收温度,延炼50万吨/年航煤装置
173.5,ST010377,<p>℃</p>,2025-05-15 08:00:00,20%回收温度,延炼50万吨/年航煤装置
169.5,ST010377,<p>℃</p>,2025-05-15 08:00:00,10%回收温度,延炼50万吨/年航煤装置
155.0,ST010377,<p>℃</p>,2025-05-15 08:00:00,初馏点,延炼50万吨/年航煤装置
784.0,ST010377,<p>kg/m<sup>3</sup></p>,2025-05-16 09:06:00,密度(20℃),延炼50万吨/年航煤装置
0.9,ST010377,体积分数 %,2025-05-16 09:06:00,残留量,延炼50万吨/年航煤装置
207.0,ST010377,<p>℃</p>,2025-05-16 09:06:00,90%回收温度,延炼50万吨/年航煤装置
223.0,ST010377,<p>℃</p>,2025-05-16 09:06:00,终馏点,延炼50万吨/年航煤装置
184.5,ST010377,<p>℃</p>,2025-05-16 09:06:00,50%回收温度,延炼50万吨/年航煤装置
173.5,ST010377,<p>℃</p>,2025-05-16 09:06:00,20%回收温度,延炼50万吨/年航煤装置
170.5,ST010377,<p>℃</p>,2025-05-16 09:06:00,10%回收温度,延炼50万吨/年航煤装置
158.5,ST010377,<p>℃</p>,2025-05-16 09:06:00,初馏点,延炼50万吨/年航煤装置
0.8,ST010377,体积分数 %,2025-05-16 09:06:00,损失量,延炼50万吨/年航煤装置
42.5,ST010377,℃,2025-05-16 09:06:00,闪点（闭口）,延炼50万吨/年航煤装置
1.0,ST010377,体积分数 %,2025-05-17 08:00:00,残留量,延炼50万吨/年航煤装置
207.5,ST010377,<p>℃</p>,2025-05-17 08:00:00,90%回收温度,延炼50万吨/年航煤装置
222.0,ST010377,<p>℃</p>,2025-05-17 08:00:00,终馏点,延炼50万吨/年航煤装置
184.5,ST010377,<p>℃</p>,2025-05-17 08:00:00,50%回收温度,延炼50万吨/年航煤装置
174.5,ST010377,<p>℃</p>,2025-05-17 08:00:00,20%回收温度,延炼50万吨/年航煤装置
171.5,ST010377,<p>℃</p>,2025-05-17 08:00:00,10%回收温度,延炼50万吨/年航煤装置
154.0,ST010377,<p>℃</p>,2025-05-17 08:00:00,初馏点,延炼50万吨/年航煤装置
0.7,ST010377,体积分数 %,2025-05-17 08:00:00,损失量,延炼50万吨/年航煤装置
784.3,ST010377,<p>kg/m<sup>3</sup></p>,2025-05-17 08:00:00,密度(20℃),延炼50万吨/年航煤装置
44.5,ST010377,℃,2025-05-17 08:00:00,闪点（闭口）,延炼50万吨/年航煤装置
784.7,ST010377,<p>kg/m<sup>3</sup></p>,2025-05-18 08:00:00,密度(20℃),延炼50万吨/年航煤装置
1.0,ST010377,体积分数 %,2025-05-18 08:00:00,残留量,延炼50万吨/年航煤装置
207.0,ST010377,<p>℃</p>,2025-05-18 08:00:00,90%回收温度,延炼50万吨/年航煤装置
221.0,ST010377,<p>℃</p>,2025-05-18 08:00:00,终馏点,延炼50万吨/年航煤装置
183.5,ST010377,<p>℃</p>,2025-05-18 08:00:00,50%回收温度,延炼50万吨/年航煤装置
173.5,ST010377,<p>℃</p>,2025-05-18 08:00:00,20%回收温度,延炼50万吨/年航煤装置
170.5,ST010377,<p>℃</p>,2025-05-18 08:00:00,10%回收温度,延炼50万吨/年航煤装置
153.0,ST010377,<p>℃</p>,2025-05-18 08:00:00,初馏点,延炼50万吨/年航煤装置
0.5,ST010377,体积分数 %,2025-05-18 08:00:00,损失量,延炼50万吨/年航煤装置
45.5,ST010377,℃,2025-05-18 08:00:00,闪点（闭口）,延炼50万吨/年航煤装置
44.5,ST010377,℃,2025-05-19 08:00:00,闪点（闭口）,延炼50万吨/年航煤装置
784.6,ST010377,<p>kg/m<sup>3</sup></p>,2025-05-19 08:00:00,密度(20℃),延炼50万吨/年航煤装置
0.9,ST010377,体积分数 %,2025-05-19 08:00:00,残留量,延炼50万吨/年航煤装置
207.0,ST010377,<p>℃</p>,2025-05-19 08:00:00,90%回收温度,延炼50万吨/年航煤装置
222.0,ST010377,<p>℃</p>,2025-05-19 08:00:00,终馏点,延炼50万吨/年航煤装置
184.0,ST010377,<p>℃</p>,2025-05-19 08:00:00,50%回收温度,延炼50万吨/年航煤装置
173.5,ST010377,<p>℃</p>,2025-05-19 08:00:00,20%回收温度,延炼50万吨/年航煤装置
170.5,ST010377,<p>℃</p>,2025-05-19 08:00:00,10%回收温度,延炼50万吨/年航煤装置
157.5,ST010377,<p>℃</p>,2025-05-19 08:00:00,初馏点,延炼50万吨/年航煤装置
0.8,ST010377,体积分数 %,2025-05-19 08:00:00,损失量,延炼50万吨/年航煤装置
207.0,ST010377,<p>℃</p>,2025-05-20 08:00:00,90%回收温度,延炼50万吨/年航煤装置
1.1,ST010377,体积分数 %,2025-05-20 08:00:00,残留量,延炼50万吨/年航煤装置
222.5,ST010377,<p>℃</p>,2025-05-20 08:00:00,终馏点,延炼50万吨/年航煤装置
184.0,ST010377,<p>℃</p>,2025-05-20 08:00:00,50%回收温度,延炼50万吨/年航煤装置
174.0,ST010377,<p>℃</p>,2025-05-20 08:00:00,20%回收温度,延炼50万吨/年航煤装置
171.0,ST010377,<p>℃</p>,2025-05-20 08:00:00,10%回收温度,延炼50万吨/年航煤装置
157.5,ST010377,<p>℃</p>,2025-05-20 08:00:00,初馏点,延炼50万吨/年航煤装置
0.6,ST010377,体积分数 %,2025-05-20 08:00:00,损失量,延炼50万吨/年航煤装置
44.5,ST010377,℃,2025-05-20 08:00:00,闪点（闭口）,延炼50万吨/年航煤装置
784.9,ST010377,<p>kg/m<sup>3</sup></p>,2025-05-20 08:00:00,密度(20℃),延炼50万吨/年航煤装置
784.3,ST010377,<p>kg/m<sup>3</sup></p>,2025-05-21 08:00:00,密度(20℃),延炼50万吨/年航煤装置
1.0,ST010377,体积分数 %,2025-05-21 08:00:00,残留量,延炼50万吨/年航煤装置
206.0,ST010377,<p>℃</p>,2025-05-21 08:00:00,90%回收温度,延炼50万吨/年航煤装置
222.0,ST010377,<p>℃</p>,2025-05-21 08:00:00,终馏点,延炼50万吨/年航煤装置
184.0,ST010377,<p>℃</p>,2025-05-21 08:00:00,50%回收温度,延炼50万吨/年航煤装置
173.5,ST010377,<p>℃</p>,2025-05-21 08:00:00,20%回收温度,延炼50万吨/年航煤装置
169.5,ST010377,<p>℃</p>,2025-05-21 08:00:00,10%回收温度,延炼50万吨/年航煤装置
157.5,ST010377,<p>℃</p>,2025-05-21 08:00:00,初馏点,延炼50万吨/年航煤装置
0.7,ST010377,体积分数 %,2025-05-21 08:00:00,损失量,延炼50万吨/年航煤装置
44.5,ST010377,℃,2025-05-21 08:00:00,闪点（闭口）,延炼50万吨/年航煤装置
784.0,ST010377,<p>kg/m<sup>3</sup></p>,2025-05-22 08:00:00,密度(20℃),延炼50万吨/年航煤装置
1.0,ST010377,体积分数 %,2025-05-22 08:00:00,残留量,延炼50万吨/年航煤装置
206.0,ST010377,<p>℃</p>,2025-05-22 08:00:00,90%回收温度,延炼50万吨/年航煤装置
221.0,ST010377,<p>℃</p>,2025-05-22 08:00:00,终馏点,延炼50万吨/年航煤装置
183.5,ST010377,<p>℃</p>,2025-05-22 08:00:00,50%回收温度,延炼50万吨/年航煤装置
173.5,ST010377,<p>℃</p>,2025-05-22 08:00:00,20%回收温度,延炼50万吨/年航煤装置
169.5,ST010377,<p>℃</p>,2025-05-22 08:00:00,10%回收温度,延炼50万吨/年航煤装置
157.5,ST010377,<p>℃</p>,2025-05-22 08:00:00,初馏点,延炼50万吨/年航煤装置
0.7,ST010377,体积分数 %,2025-05-22 08:00:00,损失量,延炼50万吨/年航煤装置
44.0,ST010377,℃,2025-05-22 08:00:00,闪点（闭口）,延炼50万吨/年航煤装置
44.0,ST010377,℃,2025-05-23 08:00:00,闪点（闭口）,延炼50万吨/年航煤装置
784.6,ST010377,<p>kg/m<sup>3</sup></p>,2025-05-23 08:00:00,密度(20℃),延炼50万吨/年航煤装置
1.0,ST010377,体积分数 %,2025-05-23 08:00:00,残留量,延炼50万吨/年航煤装置
206.5,ST010377,<p>℃</p>,2025-05-23 08:00:00,90%回收温度,延炼50万吨/年航煤装置
221.0,ST010377,<p>℃</p>,2025-05-23 08:00:00,终馏点,延炼50万吨/年航煤装置
183.5,ST010377,<p>℃</p>,2025-05-23 08:00:00,50%回收温度,延炼50万吨/年航煤装置
174.5,ST010377,<p>℃</p>,2025-05-23 08:00:00,20%回收温度,延炼50万吨/年航煤装置
170.5,ST010377,<p>℃</p>,2025-05-23 08:00:00,10%回收温度,延炼50万吨/年航煤装置
158.0,ST010377,<p>℃</p>,2025-05-23 08:00:00,初馏点,延炼50万吨/年航煤装置
0.7,ST010377,体积分数 %,2025-05-23 08:00:00,损失量,延炼50万吨/年航煤装置
45.0,ST010377,℃,2025-05-24 08:00:00,闪点（闭口）,延炼50万吨/年航煤装置
1.0,ST010377,体积分数 %,2025-05-24 08:00:00,残留量,延炼50万吨/年航煤装置
206.5,ST010377,<p>℃</p>,2025-05-24 08:00:00,90%回收温度,延炼50万吨/年航煤装置
220.5,ST010377,<p>℃</p>,2025-05-24 08:00:00,终馏点,延炼50万吨/年航煤装置
184.5,ST010377,<p>℃</p>,2025-05-24 08:00:00,50%回收温度,延炼50万吨/年航煤装置
174.0,ST010377,<p>℃</p>,2025-05-24 08:00:00,20%回收温度,延炼50万吨/年航煤装置
170.0,ST010377,<p>℃</p>,2025-05-24 08:00:00,10%回收温度,延炼50万吨/年航煤装置
159.0,ST010377,<p>℃</p>,2025-05-24 08:00:00,初馏点,延炼50万吨/年航煤装置
0.7,ST010377,体积分数 %,2025-05-24 08:00:00,损失量,延炼50万吨/年航煤装置
784.5,ST010377,<p>kg/m<sup>3</sup></p>,2025-05-24 08:00:00,密度(20℃),延炼50万吨/年航煤装置
784.3,ST010377,<p>kg/m<sup>3</sup></p>,2025-05-25 08:00:00,密度(20℃),延炼50万吨/年航煤装置
1.0,ST010377,体积分数 %,2025-05-25 08:00:00,残留量,延炼50万吨/年航煤装置
205.5,ST010377,<p>℃</p>,2025-05-25 08:00:00,90%回收温度,延炼50万吨/年航煤装置
220.5,ST010377,<p>℃</p>,2025-05-25 08:00:00,终馏点,延炼50万吨/年航煤装置
183.5,ST010377,<p>℃</p>,2025-05-25 08:00:00,50%回收温度,延炼50万吨/年航煤装置
173.0,ST010377,<p>℃</p>,2025-05-25 08:00:00,20%回收温度,延炼50万吨/年航煤装置
170.0,ST010377,<p>℃</p>,2025-05-25 08:00:00,10%回收温度,延炼50万吨/年航煤装置
158.0,ST010377,<p>℃</p>,2025-05-25 08:00:00,初馏点,延炼50万吨/年航煤装置
0.4,ST010377,体积分数 %,2025-05-25 08:00:00,损失量,延炼50万吨/年航煤装置
44.0,ST010377,℃,2025-05-25 08:00:00,闪点（闭口）,延炼50万吨/年航煤装置
1.0,ST010377,体积分数 %,2025-05-26 08:00:00,残留量,延炼50万吨/年航煤装置
206.5,ST010377,<p>℃</p>,2025-05-26 08:00:00,90%回收温度,延炼50万吨/年航煤装置
222.0,ST010377,<p>℃</p>,2025-05-26 08:00:00,终馏点,延炼50万吨/年航煤装置
184.5,ST010377,<p>℃</p>,2025-05-26 08:00:00,50%回收温度,延炼50万吨/年航煤装置
173.0,ST010377,<p>℃</p>,2025-05-26 08:00:00,20%回收温度,延炼50万吨/年航煤装置
170.0,ST010377,<p>℃</p>,2025-05-26 08:00:00,10%回收温度,延炼50万吨/年航煤装置
158.0,ST010377,<p>℃</p>,2025-05-26 08:00:00,初馏点,延炼50万吨/年航煤装置
0.7,ST010377,体积分数 %,2025-05-26 08:00:00,损失量,延炼50万吨/年航煤装置
45.0,ST010377,℃,2025-05-26 08:00:00,闪点（闭口）,延炼50万吨/年航煤装置
784.3,ST010377,<p>kg/m<sup>3</sup></p>,2025-05-26 08:00:00,密度(20℃),延炼50万吨/年航煤装置
784.6,ST010377,<p>kg/m<sup>3</sup></p>,2025-05-27 08:00:00,密度(20℃),延炼50万吨/年航煤装置
1.0,ST010377,体积分数 %,2025-05-27 08:00:00,残留量,延炼50万吨/年航煤装置
205.5,ST010377,<p>℃</p>,2025-05-27 08:00:00,90%回收温度,延炼50万吨/年航煤装置
221.0,ST010377,<p>℃</p>,2025-05-27 08:00:00,终馏点,延炼50万吨/年航煤装置
183.5,ST010377,<p>℃</p>,2025-05-27 08:00:00,50%回收温度,延炼50万吨/年航煤装置
173.5,ST010377,<p>℃</p>,2025-05-27 08:00:00,20%回收温度,延炼50万吨/年航煤装置
170.5,ST010377,<p>℃</p>,2025-05-27 08:00:00,10%回收温度,延炼50万吨/年航煤装置
158.0,ST010377,<p>℃</p>,2025-05-27 08:00:00,初馏点,延炼50万吨/年航煤装置
0.7,ST010377,体积分数 %,2025-05-27 08:00:00,损失量,延炼50万吨/年航煤装置
45.0,ST010377,℃,2025-05-27 08:00:00,闪点（闭口）,延炼50万吨/年航煤装置
784.3,ST010377,<p>kg/m<sup>3</sup></p>,2025-05-28 08:00:00,密度(20℃),延炼50万吨/年航煤装置
0.8,ST010377,体积分数 %,2025-05-28 08:00:00,残留量,延炼50万吨/年航煤装置
206.0,ST010377,<p>℃</p>,2025-05-28 08:00:00,90%回收温度,延炼50万吨/年航煤装置
222.0,ST010377,<p>℃</p>,2025-05-28 08:00:00,终馏点,延炼50万吨/年航煤装置
184.5,ST010377,<p>℃</p>,2025-05-28 08:00:00,50%回收温度,延炼50万吨/年航煤装置
174.5,ST010377,<p>℃</p>,2025-05-28 08:00:00,20%回收温度,延炼50万吨/年航煤装置
170.5,ST010377,<p>℃</p>,2025-05-28 08:00:00,10%回收温度,延炼50万吨/年航煤装置
151.0,ST010377,<p>℃</p>,2025-05-28 08:00:00,初馏点,延炼50万吨/年航煤装置
0.8,ST010377,体积分数 %,2025-05-28 08:00:00,损失量,延炼50万吨/年航煤装置
44.5,ST010377,℃,2025-05-28 08:00:00,闪点（闭口）,延炼50万吨/年航煤装置
170.5,ST010377,<p>℃</p>,2025-05-29 08:00:00,10%回收温度,延炼50万吨/年航煤装置
158.5,ST010377,<p>℃</p>,2025-05-29 08:00:00,初馏点,延炼50万吨/年航煤装置
0.8,ST010377,体积分数 %,2025-05-29 08:00:00,损失量,延炼50万吨/年航煤装置
44.5,ST010377,℃,2025-05-29 08:00:00,闪点（闭口）,延炼50万吨/年航煤装置
784.4,ST010377,<p>kg/m<sup>3</sup></p>,2025-05-29 08:00:00,密度(20℃),延炼50万吨/年航煤装置
0.9,ST010377,体积分数 %,2025-05-29 08:00:00,残留量,延炼50万吨/年航煤装置
206.0,ST010377,<p>℃</p>,2025-05-29 08:00:00,90%回收温度,延炼50万吨/年航煤装置
220.0,ST010377,<p>℃</p>,2025-05-29 08:00:00,终馏点,延炼50万吨/年航煤装置
183.5,ST010377,<p>℃</p>,2025-05-29 08:00:00,50%回收温度,延炼50万吨/年航煤装置
173.5,ST010377,<p>℃</p>,2025-05-29 08:00:00,20%回收温度,延炼50万吨/年航煤装置
784.8,ST010377,<p>kg/m<sup>3</sup></p>,2025-05-30 08:00:00,密度(20℃),延炼50万吨/年航煤装置
1.0,ST010377,体积分数 %,2025-05-30 08:00:00,残留量,延炼50万吨/年航煤装置
208.0,ST010377,<p>℃</p>,2025-05-30 08:00:00,90%回收温度,延炼50万吨/年航煤装置
222.0,ST010377,<p>℃</p>,2025-05-30 08:00:00,终馏点,延炼50万吨/年航煤装置
185.0,ST010377,<p>℃</p>,2025-05-30 08:00:00,50%回收温度,延炼50万吨/年航煤装置
173.5,ST010377,<p>℃</p>,2025-05-30 08:00:00,20%回收温度,延炼50万吨/年航煤装置
170.5,ST010377,<p>℃</p>,2025-05-30 08:00:00,10%回收温度,延炼50万吨/年航煤装置
157.5,ST010377,<p>℃</p>,2025-05-30 08:00:00,初馏点,延炼50万吨/年航煤装置
0.7,ST010377,体积分数 %,2025-05-30 08:00:00,损失量,延炼50万吨/年航煤装置
45.0,ST010377,℃,2025-05-30 08:00:00,闪点（闭口）,延炼50万吨/年航煤装置
784.6,ST010377,<p>kg/m<sup>3</sup></p>,2025-05-31 08:00:00,密度(20℃),延炼50万吨/年航煤装置
1.1,ST010377,体积分数 %,2025-05-31 08:00:00,残留量,延炼50万吨/年航煤装置
207.0,ST010377,<p>℃</p>,2025-05-31 08:00:00,90%回收温度,延炼50万吨/年航煤装置
220.0,ST010377,<p>℃</p>,2025-05-31 08:00:00,终馏点,延炼50万吨/年航煤装置
184.5,ST010377,<p>℃</p>,2025-05-31 08:00:00,50%回收温度,延炼50万吨/年航煤装置
174.5,ST010377,<p>℃</p>,2025-05-31 08:00:00,20%回收温度,延炼50万吨/年航煤装置
170.5,ST010377,<p>℃</p>,2025-05-31 08:00:00,10%回收温度,延炼50万吨/年航煤装置
155.5,ST010377,<p>℃</p>,2025-05-31 08:00:00,初馏点,延炼50万吨/年航煤装置
0.5,ST010377,体积分数 %,2025-05-31 08:00:00,损失量,延炼50万吨/年航煤装置
45.0,ST010377,℃,2025-05-31 08:00:00,闪点（闭口）,延炼50万吨/年航煤装置
170.5,ST010377,<p>℃</p>,2025-06-01 08:00:00,10%回收温度,延炼50万吨/年航煤装置
156.5,ST010377,<p>℃</p>,2025-06-01 08:00:00,初馏点,延炼50万吨/年航煤装置
0.5,ST010377,体积分数 %,2025-06-01 08:00:00,损失量,延炼50万吨/年航煤装置
45.0,ST010377,℃,2025-06-01 08:00:00,闪点（闭口）,延炼50万吨/年航煤装置
1.1,ST010377,体积分数 %,2025-06-01 08:00:00,残留量,延炼50万吨/年航煤装置
207.0,ST010377,<p>℃</p>,2025-06-01 08:00:00,90%回收温度,延炼50万吨/年航煤装置
223.0,ST010377,<p>℃</p>,2025-06-01 08:00:00,终馏点,延炼50万吨/年航煤装置
184.5,ST010377,<p>℃</p>,2025-06-01 08:00:00,50%回收温度,延炼50万吨/年航煤装置
784.4,ST010377,<p>kg/m<sup>3</sup></p>,2025-06-01 08:00:00,密度(20℃),延炼50万吨/年航煤装置
174.5,ST010377,<p>℃</p>,2025-06-01 08:00:00,20%回收温度,延炼50万吨/年航煤装置
784.6,ST010377,<p>kg/m<sup>3</sup></p>,2025-06-02 08:00:00,密度(20℃),延炼50万吨/年航煤装置
1.1,ST010377,体积分数 %,2025-06-02 08:00:00,残留量,延炼50万吨/年航煤装置
206.0,ST010377,<p>℃</p>,2025-06-02 08:00:00,90%回收温度,延炼50万吨/年航煤装置
221.0,ST010377,<p>℃</p>,2025-06-02 08:00:00,终馏点,延炼50万吨/年航煤装置
183.5,ST010377,<p>℃</p>,2025-06-02 08:00:00,50%回收温度,延炼50万吨/年航煤装置
173.5,ST010377,<p>℃</p>,2025-06-02 08:00:00,20%回收温度,延炼50万吨/年航煤装置
169.5,ST010377,<p>℃</p>,2025-06-02 08:00:00,10%回收温度,延炼50万吨/年航煤装置
156.5,ST010377,<p>℃</p>,2025-06-02 08:00:00,初馏点,延炼50万吨/年航煤装置
0.5,ST010377,体积分数 %,2025-06-02 08:00:00,损失量,延炼50万吨/年航煤装置
44.5,ST010377,℃,2025-06-02 08:00:00,闪点（闭口）,延炼50万吨/年航煤装置
784.8,ST010377,<p>kg/m<sup>3</sup></p>,2025-06-03 08:00:00,密度(20℃),延炼50万吨/年航煤装置
0.8,ST010377,体积分数 %,2025-06-03 08:00:00,残留量,延炼50万吨/年航煤装置
207.0,ST010377,<p>℃</p>,2025-06-03 08:00:00,90%回收温度,延炼50万吨/年航煤装置
222.0,ST010377,<p>℃</p>,2025-06-03 08:00:00,终馏点,延炼50万吨/年航煤装置
183.5,ST010377,<p>℃</p>,2025-06-03 08:00:00,50%回收温度,延炼50万吨/年航煤装置
173.5,ST010377,<p>℃</p>,2025-06-03 08:00:00,20%回收温度,延炼50万吨/年航煤装置
169.5,ST010377,<p>℃</p>,2025-06-03 08:00:00,10%回收温度,延炼50万吨/年航煤装置
155.0,ST010377,<p>℃</p>,2025-06-03 08:00:00,初馏点,延炼50万吨/年航煤装置
0.8,ST010377,体积分数 %,2025-06-03 08:00:00,损失量,延炼50万吨/年航煤装置
44.5,ST010377,℃,2025-06-03 08:00:00,闪点（闭口）,延炼50万吨/年航煤装置
1.0,ST010377,体积分数 %,2025-06-04 08:00:00,残留量,延炼50万吨/年航煤装置
208.0,ST010377,<p>℃</p>,2025-06-04 08:00:00,90%回收温度,延炼50万吨/年航煤装置
223.0,ST010377,<p>℃</p>,2025-06-04 08:00:00,终馏点,延炼50万吨/年航煤装置
184.5,ST010377,<p>℃</p>,2025-06-04 08:00:00,50%回收温度,延炼50万吨/年航煤装置
173.5,ST010377,<p>℃</p>,2025-06-04 08:00:00,20%回收温度,延炼50万吨/年航煤装置
169.5,ST010377,<p>℃</p>,2025-06-04 08:00:00,10%回收温度,延炼50万吨/年航煤装置
155.0,ST010377,<p>℃</p>,2025-06-04 08:00:00,初馏点,延炼50万吨/年航煤装置
0.7,ST010377,体积分数 %,2025-06-04 08:00:00,损失量,延炼50万吨/年航煤装置
785.0,ST010377,<p>kg/m<sup>3</sup></p>,2025-06-04 08:00:00,密度(20℃),延炼50万吨/年航煤装置
44.0,ST010377,℃,2025-06-04 08:00:00,闪点（闭口）,延炼50万吨/年航煤装置
784.1,ST010377,<p>kg/m<sup>3</sup></p>,2025-06-05 08:00:00,密度(20℃),延炼50万吨/年航煤装置
0.8,ST010377,体积分数 %,2025-06-05 08:00:00,残留量,延炼50万吨/年航煤装置
207.0,ST010377,<p>℃</p>,2025-06-05 08:00:00,90%回收温度,延炼50万吨/年航煤装置
221.0,ST010377,<p>℃</p>,2025-06-05 08:00:00,终馏点,延炼50万吨/年航煤装置
184.5,ST010377,<p>℃</p>,2025-06-05 08:00:00,50%回收温度,延炼50万吨/年航煤装置
173.5,ST010377,<p>℃</p>,2025-06-05 08:00:00,20%回收温度,延炼50万吨/年航煤装置
169.5,ST010377,<p>℃</p>,2025-06-05 08:00:00,10%回收温度,延炼50万吨/年航煤装置
156.5,ST010377,<p>℃</p>,2025-06-05 08:00:00,初馏点,延炼50万吨/年航煤装置
0.8,ST010377,体积分数 %,2025-06-05 08:00:00,损失量,延炼50万吨/年航煤装置
44.5,ST010377,℃,2025-06-05 08:00:00,闪点（闭口）,延炼50万吨/年航煤装置
44.0,ST010377,℃,2025-06-06 08:00:00,闪点（闭口）,延炼50万吨/年航煤装置
153.5,ST010377,<p>℃</p>,2025-06-06 08:00:00,初馏点,延炼50万吨/年航煤装置
0.7,ST010377,体积分数 %,2025-06-06 08:00:00,损失量,延炼50万吨/年航煤装置
1.0,ST010377,体积分数 %,2025-06-06 08:00:00,残留量,延炼50万吨/年航煤装置
207.0,ST010377,<p>℃</p>,2025-06-06 08:00:00,90%回收温度,延炼50万吨/年航煤装置
223.0,ST010377,<p>℃</p>,2025-06-06 08:00:00,终馏点,延炼50万吨/年航煤装置
185.0,ST010377,<p>℃</p>,2025-06-06 08:00:00,50%回收温度,延炼50万吨/年航煤装置
173.5,ST010377,<p>℃</p>,2025-06-06 08:00:00,20%回收温度,延炼50万吨/年航煤装置
168.5,ST010377,<p>℃</p>,2025-06-06 08:00:00,10%回收温度,延炼50万吨/年航煤装置
784.6,ST010377,<p>kg/m<sup>3</sup></p>,2025-06-06 08:00:00,密度(20℃),延炼50万吨/年航煤装置
784.8,ST010377,<p>kg/m<sup>3</sup></p>,2025-06-07 08:00:00,密度(20℃),延炼50万吨/年航煤装置
1.1,ST010377,体积分数 %,2025-06-07 08:00:00,残留量,延炼50万吨/年航煤装置
206.0,ST010377,<p>℃</p>,2025-06-07 08:00:00,90%回收温度,延炼50万吨/年航煤装置
221.0,ST010377,<p>℃</p>,2025-06-07 08:00:00,终馏点,延炼50万吨/年航煤装置
184.0,ST010377,<p>℃</p>,2025-06-07 08:00:00,50%回收温度,延炼50万吨/年航煤装置
172.5,ST010377,<p>℃</p>,2025-06-07 08:00:00,20%回收温度,延炼50万吨/年航煤装置
169.5,ST010377,<p>℃</p>,2025-06-07 08:00:00,10%回收温度,延炼50万吨/年航煤装置
153.5,ST010377,<p>℃</p>,2025-06-07 08:00:00,初馏点,延炼50万吨/年航煤装置
0.5,ST010377,体积分数 %,2025-06-07 08:00:00,损失量,延炼50万吨/年航煤装置
43.5,ST010377,℃,2025-06-07 08:00:00,闪点（闭口）,延炼50万吨/年航煤装置
785.0,ST010377,<p>kg/m<sup>3</sup></p>,2025-06-08 08:00:00,密度(20℃),延炼50万吨/年航煤装置
0.9,ST010377,体积分数 %,2025-06-08 08:00:00,残留量,延炼50万吨/年航煤装置
205.0,ST010377,<p>℃</p>,2025-06-08 08:00:00,90%回收温度,延炼50万吨/年航煤装置
221.0,ST010377,<p>℃</p>,2025-06-08 08:00:00,终馏点,延炼50万吨/年航煤装置
183.5,ST010377,<p>℃</p>,2025-06-08 08:00:00,50%回收温度,延炼50万吨/年航煤装置
172.5,ST010377,<p>℃</p>,2025-06-08 08:00:00,20%回收温度,延炼50万吨/年航煤装置
169.5,ST010377,<p>℃</p>,2025-06-08 08:00:00,10%回收温度,延炼50万吨/年航煤装置
154.0,ST010377,<p>℃</p>,2025-06-08 08:00:00,初馏点,延炼50万吨/年航煤装置
0.4,ST010377,体积分数 %,2025-06-08 08:00:00,损失量,延炼50万吨/年航煤装置
44.0,ST010377,℃,2025-06-08 08:00:00,闪点（闭口）,延炼50万吨/年航煤装置
784.8,ST010377,<p>kg/m<sup>3</sup></p>,2025-06-09 08:00:00,密度(20℃),延炼50万吨/年航煤装置
1.0,ST010377,体积分数 %,2025-06-09 08:00:00,残留量,延炼50万吨/年航煤装置
206.0,ST010377,<p>℃</p>,2025-06-09 08:00:00,90%回收温度,延炼50万吨/年航煤装置
221.0,ST010377,<p>℃</p>,2025-06-09 08:00:00,终馏点,延炼50万吨/年航煤装置
184.0,ST010377,<p>℃</p>,2025-06-09 08:00:00,50%回收温度,延炼50万吨/年航煤装置
172.5,ST010377,<p>℃</p>,2025-06-09 08:00:00,20%回收温度,延炼50万吨/年航煤装置
168.5,ST010377,<p>℃</p>,2025-06-09 08:00:00,10%回收温度,延炼50万吨/年航煤装置
154.5,ST010377,<p>℃</p>,2025-06-09 08:00:00,初馏点,延炼50万吨/年航煤装置
0.7,ST010377,体积分数 %,2025-06-09 08:00:00,损失量,延炼50万吨/年航煤装置
44.0,ST010377,℃,2025-06-09 08:00:00,闪点（闭口）,延炼50万吨/年航煤装置
44.5,ST010377,℃,2025-06-10 08:00:00,闪点（闭口）,延炼50万吨/年航煤装置
784.6,ST010377,<p>kg/m<sup>3</sup></p>,2025-06-10 08:00:00,密度(20℃),延炼50万吨/年航煤装置
1.0,ST010377,体积分数 %,2025-06-10 08:00:00,残留量,延炼50万吨/年航煤装置
206.0,ST010377,<p>℃</p>,2025-06-10 08:00:00,90%回收温度,延炼50万吨/年航煤装置
221.0,ST010377,<p>℃</p>,2025-06-10 08:00:00,终馏点,延炼50万吨/年航煤装置
183.5,ST010377,<p>℃</p>,2025-06-10 08:00:00,50%回收温度,延炼50万吨/年航煤装置
173.5,ST010377,<p>℃</p>,2025-06-10 08:00:00,20%回收温度,延炼50万吨/年航煤装置
169.5,ST010377,<p>℃</p>,2025-06-10 08:00:00,10%回收温度,延炼50万吨/年航煤装置
151.0,ST010377,<p>℃</p>,2025-06-10 08:00:00,初馏点,延炼50万吨/年航煤装置
0.7,ST010377,体积分数 %,2025-06-10 08:00:00,损失量,延炼50万吨/年航煤装置
784.8,ST010377,<p>kg/m<sup>3</sup></p>,2025-06-11 08:00:00,密度(20℃),延炼50万吨/年航煤装置
0.8,ST010377,体积分数 %,2025-06-11 08:00:00,残留量,延炼50万吨/年航煤装置
207.0,ST010377,<p>℃</p>,2025-06-11 08:00:00,90%回收温度,延炼50万吨/年航煤装置
228.0,ST010377,<p>℃</p>,2025-06-11 08:00:00,终馏点,延炼50万吨/年航煤装置
184.5,ST010377,<p>℃</p>,2025-06-11 08:00:00,50%回收温度,延炼50万吨/年航煤装置
174.5,ST010377,<p>℃</p>,2025-06-11 08:00:00,20%回收温度,延炼50万吨/年航煤装置
169.5,ST010377,<p>℃</p>,2025-06-11 08:00:00,10%回收温度,延炼50万吨/年航煤装置
154.0,ST010377,<p>℃</p>,2025-06-11 08:00:00,初馏点,延炼50万吨/年航煤装置
0.8,ST010377,体积分数 %,2025-06-11 08:00:00,损失量,延炼50万吨/年航煤装置
43.0,ST010377,℃,2025-06-11 08:00:00,闪点（闭口）,延炼50万吨/年航煤装置
43.0,ST010377,℃,2025-06-12 08:00:00,闪点（闭口）,延炼50万吨/年航煤装置
784.3,ST010377,<p>kg/m<sup>3</sup></p>,2025-06-12 08:00:00,密度(20℃),延炼50万吨/年航煤装置
1.1,ST010377,体积分数 %,2025-06-12 08:00:00,残留量,延炼50万吨/年航煤装置
207.0,ST010377,<p>℃</p>,2025-06-12 08:00:00,90%回收温度,延炼50万吨/年航煤装置
225.0,ST010377,<p>℃</p>,2025-06-12 08:00:00,终馏点,延炼50万吨/年航煤装置
184.5,ST010377,<p>℃</p>,2025-06-12 08:00:00,50%回收温度,延炼50万吨/年航煤装置
173.5,ST010377,<p>℃</p>,2025-06-12 08:00:00,20%回收温度,延炼50万吨/年航煤装置
169.5,ST010377,<p>℃</p>,2025-06-12 08:00:00,10%回收温度,延炼50万吨/年航煤装置
153.0,ST010377,<p>℃</p>,2025-06-12 08:00:00,初馏点,延炼50万吨/年航煤装置
0.6,ST010377,体积分数 %,2025-06-12 08:00:00,损失量,延炼50万吨/年航煤装置
784.5,ST010377,<p>kg/m<sup>3</sup></p>,2025-06-13 08:00:00,密度(20℃),延炼50万吨/年航煤装置
1.1,ST010377,体积分数 %,2025-06-13 08:00:00,残留量,延炼50万吨/年航煤装置
207.0,ST010377,<p>℃</p>,2025-06-13 08:00:00,90%回收温度,延炼50万吨/年航煤装置
224.0,ST010377,<p>℃</p>,2025-06-13 08:00:00,终馏点,延炼50万吨/年航煤装置
185.0,ST010377,<p>℃</p>,2025-06-13 08:00:00,50%回收温度,延炼50万吨/年航煤装置
174.5,ST010377,<p>℃</p>,2025-06-13 08:00:00,20%回收温度,延炼50万吨/年航煤装置
170.5,ST010377,<p>℃</p>,2025-06-13 08:00:00,10%回收温度,延炼50万吨/年航煤装置
158.5,ST010377,<p>℃</p>,2025-06-13 08:00:00,初馏点,延炼50万吨/年航煤装置
0.7,ST010377,体积分数 %,2025-06-13 08:00:00,损失量,延炼50万吨/年航煤装置
44.5,ST010377,℃,2025-06-13 08:00:00,闪点（闭口）,延炼50万吨/年航煤装置
784.7,ST010377,<p>kg/m<sup>3</sup></p>,2025-06-14 08:00:00,密度(20℃),延炼50万吨/年航煤装置
0.8,ST010377,体积分数 %,2025-06-14 08:00:00,残留量,延炼50万吨/年航煤装置
206.0,ST010377,<p>℃</p>,2025-06-14 08:00:00,90%回收温度,延炼50万吨/年航煤装置
223.0,ST010377,<p>℃</p>,2025-06-14 08:00:00,终馏点,延炼50万吨/年航煤装置
184.5,ST010377,<p>℃</p>,2025-06-14 08:00:00,50%回收温度,延炼50万吨/年航煤装置
173.5,ST010377,<p>℃</p>,2025-06-14 08:00:00,20%回收温度,延炼50万吨/年航煤装置
170.5,ST010377,<p>℃</p>,2025-06-14 08:00:00,10%回收温度,延炼50万吨/年航煤装置
154.5,ST010377,<p>℃</p>,2025-06-14 08:00:00,初馏点,延炼50万吨/年航煤装置
0.8,ST010377,体积分数 %,2025-06-14 08:00:00,损失量,延炼50万吨/年航煤装置
45.0,ST010377,℃,2025-06-14 08:00:00,闪点（闭口）,延炼50万吨/年航煤装置
784.8,ST010377,<p>kg/m<sup>3</sup></p>,2025-06-15 08:00:00,密度(20℃),延炼50万吨/年航煤装置
45.0,ST010377,℃,2025-06-15 08:00:00,闪点（闭口）,延炼50万吨/年航煤装置
155.5,ST010377,<p>℃</p>,2025-06-15 08:00:00,初馏点,延炼50万吨/年航煤装置
1.1,ST010377,体积分数 %,2025-06-15 08:00:00,残留量,延炼50万吨/年航煤装置
206.0,ST010377,<p>℃</p>,2025-06-15 08:00:00,90%回收温度,延炼50万吨/年航煤装置
222.0,ST010377,<p>℃</p>,2025-06-15 08:00:00,终馏点,延炼50万吨/年航煤装置
184.5,ST010377,<p>℃</p>,2025-06-15 08:00:00,50%回收温度,延炼50万吨/年航煤装置
174.5,ST010377,<p>℃</p>,2025-06-15 08:00:00,20%回收温度,延炼50万吨/年航煤装置
170.5,ST010377,<p>℃</p>,2025-06-15 08:00:00,10%回收温度,延炼50万吨/年航煤装置
0.5,ST010377,体积分数 %,2025-06-15 08:00:00,损失量,延炼50万吨/年航煤装置
784.3,ST010377,<p>kg/m<sup>3</sup></p>,2025-06-16 08:00:00,密度(20℃),延炼50万吨/年航煤装置
1.0,ST010377,体积分数 %,2025-06-16 08:00:00,残留量,延炼50万吨/年航煤装置
206.0,ST010377,<p>℃</p>,2025-06-16 08:00:00,90%回收温度,延炼50万吨/年航煤装置
223.0,ST010377,<p>℃</p>,2025-06-16 08:00:00,终馏点,延炼50万吨/年航煤装置
184.5,ST010377,<p>℃</p>,2025-06-16 08:00:00,50%回收温度,延炼50万吨/年航煤装置
173.5,ST010377,<p>℃</p>,2025-06-16 08:00:00,20%回收温度,延炼50万吨/年航煤装置
170.5,ST010377,<p>℃</p>,2025-06-16 08:00:00,10%回收温度,延炼50万吨/年航煤装置
156.5,ST010377,<p>℃</p>,2025-06-16 08:00:00,初馏点,延炼50万吨/年航煤装置
0.7,ST010377,体积分数 %,2025-06-16 08:00:00,损失量,延炼50万吨/年航煤装置
44.5,ST010377,℃,2025-06-16 08:00:00,闪点（闭口）,延炼50万吨/年航煤装置
784.8,ST010377,<p>kg/m<sup>3</sup></p>,2025-06-17 08:00:00,密度(20℃),延炼50万吨/年航煤装置
45.0,ST010377,℃,2025-06-17 08:00:00,闪点（闭口）,延炼50万吨/年航煤装置
1.0,ST010377,体积分数 %,2025-06-17 08:00:00,残留量,延炼50万吨/年航煤装置
206.0,ST010377,<p>℃</p>,2025-06-17 08:00:00,90%回收温度,延炼50万吨/年航煤装置
222.0,ST010377,<p>℃</p>,2025-06-17 08:00:00,终馏点,延炼50万吨/年航煤装置
185.0,ST010377,<p>℃</p>,2025-06-17 08:00:00,50%回收温度,延炼50万吨/年航煤装置
174.5,ST010377,<p>℃</p>,2025-06-17 08:00:00,20%回收温度,延炼50万吨/年航煤装置
171.5,ST010377,<p>℃</p>,2025-06-17 08:00:00,10%回收温度,延炼50万吨/年航煤装置
152.5,ST010377,<p>℃</p>,2025-06-17 08:00:00,初馏点,延炼50万吨/年航煤装置
0.7,ST010377,体积分数 %,2025-06-17 08:00:00,损失量,延炼50万吨/年航煤装置
784.1,ST010377,<p>kg/m<sup>3</sup></p>,2025-06-18 08:00:00,密度(20℃),延炼50万吨/年航煤装置
1.1,ST010377,体积分数 %,2025-06-18 08:00:00,残留量,延炼50万吨/年航煤装置
206.0,ST010377,<p>℃</p>,2025-06-18 08:00:00,90%回收温度,延炼50万吨/年航煤装置
221.0,ST010377,<p>℃</p>,2025-06-18 08:00:00,终馏点,延炼50万吨/年航煤装置
185.0,ST010377,<p>℃</p>,2025-06-18 08:00:00,50%回收温度,延炼50万吨/年航煤装置
174.5,ST010377,<p>℃</p>,2025-06-18 08:00:00,20%回收温度,延炼50万吨/年航煤装置
171.5,ST010377,<p>℃</p>,2025-06-18 08:00:00,10%回收温度,延炼50万吨/年航煤装置
157.5,ST010377,<p>℃</p>,2025-06-18 08:00:00,初馏点,延炼50万吨/年航煤装置
0.5,ST010377,体积分数 %,2025-06-18 08:00:00,损失量,延炼50万吨/年航煤装置
45.0,ST010377,℃,2025-06-18 08:00:00,闪点（闭口）,延炼50万吨/年航煤装置
785.1,ST010377,<p>kg/m<sup>3</sup></p>,2025-06-19 08:00:00,密度(20℃),延炼50万吨/年航煤装置
43.5,ST010377,℃,2025-06-19 08:00:00,闪点（闭口）,延炼50万吨/年航煤装置
0.8,ST010377,体积分数 %,2025-06-19 08:00:00,残留量,延炼50万吨/年航煤装置
206.0,ST010377,<p>℃</p>,2025-06-19 08:00:00,90%回收温度,延炼50万吨/年航煤装置
221.0,ST010377,<p>℃</p>,2025-06-19 08:00:00,终馏点,延炼50万吨/年航煤装置
185.0,ST010377,<p>℃</p>,2025-06-19 08:00:00,50%回收温度,延炼50万吨/年航煤装置
174.5,ST010377,<p>℃</p>,2025-06-19 08:00:00,20%回收温度,延炼50万吨/年航煤装置
171.5,ST010377,<p>℃</p>,2025-06-19 08:00:00,10%回收温度,延炼50万吨/年航煤装置
158.5,ST010377,<p>℃</p>,2025-06-19 08:00:00,初馏点,延炼50万吨/年航煤装置
0.8,ST010377,体积分数 %,2025-06-19 08:00:00,损失量,延炼50万吨/年航煤装置
784.8,ST010377,<p>kg/m<sup>3</sup></p>,2025-06-20 08:00:00,密度(20℃),延炼50万吨/年航煤装置
0.8,ST010377,体积分数 %,2025-06-20 08:00:00,残留量,延炼50万吨/年航煤装置
206.0,ST010377,<p>℃</p>,2025-06-20 08:00:00,90%回收温度,延炼50万吨/年航煤装置
222.0,ST010377,<p>℃</p>,2025-06-20 08:00:00,终馏点,延炼50万吨/年航煤装置
184.5,ST010377,<p>℃</p>,2025-06-20 08:00:00,50%回收温度,延炼50万吨/年航煤装置
174.5,ST010377,<p>℃</p>,2025-06-20 08:00:00,20%回收温度,延炼50万吨/年航煤装置
171.5,ST010377,<p>℃</p>,2025-06-20 08:00:00,10%回收温度,延炼50万吨/年航煤装置
163.5,ST010377,<p>℃</p>,2025-06-20 08:00:00,初馏点,延炼50万吨/年航煤装置
0.8,ST010377,体积分数 %,2025-06-20 08:00:00,损失量,延炼50万吨/年航煤装置
45.0,ST010377,℃,2025-06-20 08:00:00,闪点（闭口）,延炼50万吨/年航煤装置
785.5,ST010377,<p>kg/m<sup>3</sup></p>,2025-06-21 08:00:00,密度(20℃),延炼50万吨/年航煤装置
1.0,ST010377,体积分数 %,2025-06-21 08:00:00,残留量,延炼50万吨/年航煤装置
206.0,ST010377,<p>℃</p>,2025-06-21 08:00:00,90%回收温度,延炼50万吨/年航煤装置
223.0,ST010377,<p>℃</p>,2025-06-21 08:00:00,终馏点,延炼50万吨/年航煤装置
184.5,ST010377,<p>℃</p>,2025-06-21 08:00:00,50%回收温度,延炼50万吨/年航煤装置
174.5,ST010377,<p>℃</p>,2025-06-21 08:00:00,20%回收温度,延炼50万吨/年航煤装置
171.5,ST010377,<p>℃</p>,2025-06-21 08:00:00,10%回收温度,延炼50万吨/年航煤装置
159.5,ST010377,<p>℃</p>,2025-06-21 08:00:00,初馏点,延炼50万吨/年航煤装置
0.7,ST010377,体积分数 %,2025-06-21 08:00:00,损失量,延炼50万吨/年航煤装置
45.0,ST010377,℃,2025-06-21 08:00:00,闪点（闭口）,延炼50万吨/年航煤装置
1.1,ST010377,体积分数 %,2025-06-22 08:00:00,残留量,延炼50万吨/年航煤装置
206.0,ST010377,<p>℃</p>,2025-06-22 08:00:00,90%回收温度,延炼50万吨/年航煤装置
221.0,ST010377,<p>℃</p>,2025-06-22 08:00:00,终馏点,延炼50万吨/年航煤装置
186.0,ST010377,<p>℃</p>,2025-06-22 08:00:00,50%回收温度,延炼50万吨/年航煤装置
176.5,ST010377,<p>℃</p>,2025-06-22 08:00:00,20%回收温度,延炼50万吨/年航煤装置
174.5,ST010377,<p>℃</p>,2025-06-22 08:00:00,10%回收温度,延炼50万吨/年航煤装置
165.5,ST010377,<p>℃</p>,2025-06-22 08:00:00,初馏点,延炼50万吨/年航煤装置
0.7,ST010377,体积分数 %,2025-06-22 08:00:00,损失量,延炼50万吨/年航煤装置
45.5,ST010377,℃,2025-06-22 08:00:00,闪点（闭口）,延炼50万吨/年航煤装置
787.4,ST010377,<p>kg/m<sup>3</sup></p>,2025-06-22 08:00:00,密度(20℃),延炼50万吨/年航煤装置
44.0,ST010377,℃,2025-06-23 08:00:00,闪点（闭口）,延炼50万吨/年航煤装置
786.6,ST010377,<p>kg/m<sup>3</sup></p>,2025-06-23 08:00:00,密度(20℃),延炼50万吨/年航煤装置
0.8,ST010377,体积分数 %,2025-06-23 08:00:00,残留量,延炼50万吨/年航煤装置
206.0,ST010377,<p>℃</p>,2025-06-23 08:00:00,90%回收温度,延炼50万吨/年航煤装置
223.0,ST010377,<p>℃</p>,2025-06-23 08:00:00,终馏点,延炼50万吨/年航煤装置
184.5,ST010377,<p>℃</p>,2025-06-23 08:00:00,50%回收温度,延炼50万吨/年航煤装置
174.5,ST010377,<p>℃</p>,2025-06-23 08:00:00,20%回收温度,延炼50万吨/年航煤装置
171.5,ST010377,<p>℃</p>,2025-06-23 08:00:00,10%回收温度,延炼50万吨/年航煤装置
156.5,ST010377,<p>℃</p>,2025-06-23 08:00:00,初馏点,延炼50万吨/年航煤装置
0.8,ST010377,体积分数 %,2025-06-23 08:00:00,损失量,延炼50万吨/年航煤装置
785.7,ST010377,<p>kg/m<sup>3</sup></p>,2025-06-24 08:00:00,密度(20℃),延炼50万吨/年航煤装置
1.1,ST010377,体积分数 %,2025-06-24 08:00:00,残留量,延炼50万吨/年航煤装置
207.0,ST010377,<p>℃</p>,2025-06-24 08:00:00,90%回收温度,延炼50万吨/年航煤装置
222.0,ST010377,<p>℃</p>,2025-06-24 08:00:00,终馏点,延炼50万吨/年航煤装置
184.5,ST010377,<p>℃</p>,2025-06-24 08:00:00,50%回收温度,延炼50万吨/年航煤装置
174.5,ST010377,<p>℃</p>,2025-06-24 08:00:00,20%回收温度,延炼50万吨/年航煤装置
171.5,ST010377,<p>℃</p>,2025-06-24 08:00:00,10%回收温度,延炼50万吨/年航煤装置
157.5,ST010377,<p>℃</p>,2025-06-24 08:00:00,初馏点,延炼50万吨/年航煤装置
0.7,ST010377,体积分数 %,2025-06-24 08:00:00,损失量,延炼50万吨/年航煤装置
45.0,ST010377,℃,2025-06-24 08:00:00,闪点（闭口）,延炼50万吨/年航煤装置
1.0,ST010377,体积分数 %,2025-06-25 08:00:00,残留量,延炼50万吨/年航煤装置
206.0,ST010377,<p>℃</p>,2025-06-25 08:00:00,90%回收温度,延炼50万吨/年航煤装置
222.0,ST010377,<p>℃</p>,2025-06-25 08:00:00,终馏点,延炼50万吨/年航煤装置
185.5,ST010377,<p>℃</p>,2025-06-25 08:00:00,50%回收温度,延炼50万吨/年航煤装置
174.5,ST010377,<p>℃</p>,2025-06-25 08:00:00,20%回收温度,延炼50万吨/年航煤装置
170.5,ST010377,<p>℃</p>,2025-06-25 08:00:00,10%回收温度,延炼50万吨/年航煤装置
156.0,ST010377,<p>℃</p>,2025-06-25 08:00:00,初馏点,延炼50万吨/年航煤装置
0.7,ST010377,体积分数 %,2025-06-25 08:00:00,损失量,延炼50万吨/年航煤装置
45.0,ST010377,℃,2025-06-25 08:00:00,闪点（闭口）,延炼50万吨/年航煤装置
785.9,ST010377,<p>kg/m<sup>3</sup></p>,2025-06-25 08:00:00,密度(20℃),延炼50万吨/年航煤装置
170.5,ST010377,<p>℃</p>,2025-06-26 08:00:00,10%回收温度,延炼50万吨/年航煤装置
157.5,ST010377,<p>℃</p>,2025-06-26 08:00:00,初馏点,延炼50万吨/年航煤装置
0.8,ST010377,体积分数 %,2025-06-26 08:00:00,损失量,延炼50万吨/年航煤装置
45.0,ST010377,℃,2025-06-26 08:00:00,闪点（闭口）,延炼50万吨/年航煤装置
786.8,ST010377,<p>kg/m<sup>3</sup></p>,2025-06-26 08:00:00,密度(20℃),延炼50万吨/年航煤装置
0.8,ST010377,体积分数 %,2025-06-26 08:00:00,残留量,延炼50万吨/年航煤装置
206.0,ST010377,<p>℃</p>,2025-06-26 08:00:00,90%回收温度,延炼50万吨/年航煤装置
221.0,ST010377,<p>℃</p>,2025-06-26 08:00:00,终馏点,延炼50万吨/年航煤装置
184.5,ST010377,<p>℃</p>,2025-06-26 08:00:00,50%回收温度,延炼50万吨/年航煤装置
174.5,ST010377,<p>℃</p>,2025-06-26 08:00:00,20%回收温度,延炼50万吨/年航煤装置
158,ST010377,ug/g,2025-06-26 19:00:00,总硫含量,延炼50万吨/年航煤装置
3.188,ST010377,<p>mm<sup>2</sup>/s</p>,2025-06-27 08:00:00,运动黏度（-20℃）,延炼50万吨/年航煤装置
174.5,ST010377,<p>℃</p>,2025-06-27 08:00:00,20%回收温度,延炼50万吨/年航煤装置
170.5,ST010377,<p>℃</p>,2025-06-27 08:00:00,10%回收温度,延炼50万吨/年航煤装置
156.5,ST010377,<p>℃</p>,2025-06-27 08:00:00,初馏点,延炼50万吨/年航煤装置
0.5,ST010377,体积分数 %,2025-06-27 08:00:00,损失量,延炼50万吨/年航煤装置
45.5,ST010377,℃,2025-06-27 08:00:00,闪点（闭口）,延炼50万吨/年航煤装置
-56.5,ST010377,<p>℃</p>,2025-06-27 08:00:00,冰点,延炼50万吨/年航煤装置
51,ST010377,ug/g,2025-06-27 08:00:00,硫醇硫,延炼50万吨/年航煤装置
163,ST010377,ug/g,2025-06-27 08:00:00,水分,延炼50万吨/年航煤装置
161,ST010377,ug/g,2025-06-27 08:00:00,总硫含量,延炼50万吨/年航煤装置
1.9,ST010377,&mu;g/g,2025-06-27 08:00:00,氮含量,延炼50万吨/年航煤装置
786.3,ST010377,<p>kg/m<sup>3</sup></p>,2025-06-27 08:00:00,密度(20℃),延炼50万吨/年航煤装置
1.1,ST010377,体积分数 %,2025-06-27 08:00:00,残留量,延炼50万吨/年航煤装置
206.0,ST010377,<p>℃</p>,2025-06-27 08:00:00,90%回收温度,延炼50万吨/年航煤装置
222.0,ST010377,<p>℃</p>,2025-06-27 08:00:00,终馏点,延炼50万吨/年航煤装置
184.5,ST010377,<p>℃</p>,2025-06-27 08:00:00,50%回收温度,延炼50万吨/年航煤装置
10.8,ST010377,体积分数 %,2025-06-27 08:00:00,芳烃,延炼50万吨/年航煤装置
0.8,ST010377,体积分数 %,2025-06-27 08:00:00,烯烃,延炼50万吨/年航煤装置
29.1,ST010377,mm,2025-06-27 08:00:00,烟点,延炼50万吨/年航煤装置
45.5,ST010377,℃,2025-06-28 08:00:00,闪点（闭口）,延炼50万吨/年航煤装置
1.0,ST010377,体积分数 %,2025-06-28 08:00:00,残留量,延炼50万吨/年航煤装置
205.0,ST010377,<p>℃</p>,2025-06-28 08:00:00,90%回收温度,延炼50万吨/年航煤装置
221.5,ST010377,<p>℃</p>,2025-06-28 08:00:00,终馏点,延炼50万吨/年航煤装置
185.0,ST010377,<p>℃</p>,2025-06-28 08:00:00,50%回收温度,延炼50万吨/年航煤装置
175.0,ST010377,<p>℃</p>,2025-06-28 08:00:00,20%回收温度,延炼50万吨/年航煤装置
172.0,ST010377,<p>℃</p>,2025-06-28 08:00:00,10%回收温度,延炼50万吨/年航煤装置
156.5,ST010377,<p>℃</p>,2025-06-28 08:00:00,初馏点,延炼50万吨/年航煤装置
0.7,ST010377,体积分数 %,2025-06-28 08:00:00,损失量,延炼50万吨/年航煤装置
786.2,ST010377,<p>kg/m<sup>3</sup></p>,2025-06-28 08:00:00,密度(20℃),延炼50万吨/年航煤装置
45.0,ST010377,℃,2025-06-29 08:00:00,闪点（闭口）,延炼50万吨/年航煤装置
1.1,ST010377,体积分数 %,2025-06-29 08:00:00,残留量,延炼50万吨/年航煤装置
206.5,ST010377,<p>℃</p>,2025-06-29 08:00:00,90%回收温度,延炼50万吨/年航煤装置
221.5,ST010377,<p>℃</p>,2025-06-29 08:00:00,终馏点,延炼50万吨/年航煤装置
185.0,ST010377,<p>℃</p>,2025-06-29 08:00:00,50%回收温度,延炼50万吨/年航煤装置
175.0,ST010377,<p>℃</p>,2025-06-29 08:00:00,20%回收温度,延炼50万吨/年航煤装置
171.0,ST010377,<p>℃</p>,2025-06-29 08:00:00,10%回收温度,延炼50万吨/年航煤装置
157.5,ST010377,<p>℃</p>,2025-06-29 08:00:00,初馏点,延炼50万吨/年航煤装置
0.7,ST010377,体积分数 %,2025-06-29 08:00:00,损失量,延炼50万吨/年航煤装置
786.5,ST010377,<p>kg/m<sup>3</sup></p>,2025-06-29 08:00:00,密度(20℃),延炼50万吨/年航煤装置
44.5,ST010377,℃,2025-06-30 08:00:00,闪点（闭口）,延炼50万吨/年航煤装置
785.5,ST010377,<p>kg/m<sup>3</sup></p>,2025-06-30 08:00:00,密度(20℃),延炼50万吨/年航煤装置
0.8,ST010377,体积分数 %,2025-06-30 08:00:00,残留量,延炼50万吨/年航煤装置
207.0,ST010377,<p>℃</p>,2025-06-30 08:00:00,90%回收温度,延炼50万吨/年航煤装置
222.0,ST010377,<p>℃</p>,2025-06-30 08:00:00,终馏点,延炼50万吨/年航煤装置
186.0,ST010377,<p>℃</p>,2025-06-30 08:00:00,50%回收温度,延炼50万吨/年航煤装置
174.5,ST010377,<p>℃</p>,2025-06-30 08:00:00,20%回收温度,延炼50万吨/年航煤装置
171.5,ST010377,<p>℃</p>,2025-06-30 08:00:00,10%回收温度,延炼50万吨/年航煤装置
156.5,ST010377,<p>℃</p>,2025-06-30 08:00:00,初馏点,延炼50万吨/年航煤装置
0.8,ST010377,体积分数 %,2025-06-30 08:00:00,损失量,延炼50万吨/年航煤装置
1.1,ST010377,体积分数 %,2025-07-01 08:00:00,残留量,延炼50万吨/年航煤装置
206.5,ST010377,<p>℃</p>,2025-07-01 08:00:00,90%回收温度,延炼50万吨/年航煤装置
219.5,ST010377,<p>℃</p>,2025-07-01 08:00:00,终馏点,延炼50万吨/年航煤装置
185.5,ST010377,<p>℃</p>,2025-07-01 08:00:00,50%回收温度,延炼50万吨/年航煤装置
175.0,ST010377,<p>℃</p>,2025-07-01 08:00:00,20%回收温度,延炼50万吨/年航煤装置
171.0,ST010377,<p>℃</p>,2025-07-01 08:00:00,10%回收温度,延炼50万吨/年航煤装置
154.5,ST010377,<p>℃</p>,2025-07-01 08:00:00,初馏点,延炼50万吨/年航煤装置
0.7,ST010377,体积分数 %,2025-07-01 08:00:00,损失量,延炼50万吨/年航煤装置
785.0,ST010377,<p>kg/m<sup>3</sup></p>,2025-07-01 08:00:00,密度(20℃),延炼50万吨/年航煤装置
45.0,ST010377,℃,2025-07-01 08:00:00,闪点（闭口）,延炼50万吨/年航煤装置
1.1,ST010377,体积分数 %,2025-07-02 08:00:00,残留量,延炼50万吨/年航煤装置
206.0,ST010377,<p>℃</p>,2025-07-02 08:00:00,90%回收温度,延炼50万吨/年航煤装置
221.0,ST010377,<p>℃</p>,2025-07-02 08:00:00,终馏点,延炼50万吨/年航煤装置
186.0,ST010377,<p>℃</p>,2025-07-02 08:00:00,50%回收温度,延炼50万吨/年航煤装置
174.5,ST010377,<p>℃</p>,2025-07-02 08:00:00,20%回收温度,延炼50万吨/年航煤装置
171.5,ST010377,<p>℃</p>,2025-07-02 08:00:00,10%回收温度,延炼50万吨/年航煤装置
157.5,ST010377,<p>℃</p>,2025-07-02 08:00:00,初馏点,延炼50万吨/年航煤装置
0.5,ST010377,体积分数 %,2025-07-02 08:00:00,损失量,延炼50万吨/年航煤装置
44.5,ST010377,℃,2025-07-02 08:00:00,闪点（闭口）,延炼50万吨/年航煤装置
785.2,ST010377,<p>kg/m<sup>3</sup></p>,2025-07-02 08:00:00,密度(20℃),延炼50万吨/年航煤装置
1.1,ST010377,体积分数 %,2025-07-03 08:00:00,残留量,延炼50万吨/年航煤装置
206.0,ST010377,<p>℃</p>,2025-07-03 08:00:00,90%回收温度,延炼50万吨/年航煤装置
223.0,ST010377,<p>℃</p>,2025-07-03 08:00:00,终馏点,延炼50万吨/年航煤装置
184.5,ST010377,<p>℃</p>,2025-07-03 08:00:00,50%回收温度,延炼50万吨/年航煤装置
174.5,ST010377,<p>℃</p>,2025-07-03 08:00:00,20%回收温度,延炼50万吨/年航煤装置
170.5,ST010377,<p>℃</p>,2025-07-03 08:00:00,10%回收温度,延炼50万吨/年航煤装置
151.5,ST010377,<p>℃</p>,2025-07-03 08:00:00,初馏点,延炼50万吨/年航煤装置
0.5,ST010377,体积分数 %,2025-07-03 08:00:00,损失量,延炼50万吨/年航煤装置
44.0,ST010377,℃,2025-07-03 08:00:00,闪点（闭口）,延炼50万吨/年航煤装置
785.8,ST010377,<p>kg/m<sup>3</sup></p>,2025-07-03 08:00:00,密度(20℃),延炼50万吨/年航煤装置
44.5,ST010377,℃,2025-07-04 08:00:00,闪点（闭口）,延炼50万吨/年航煤装置
785.7,ST010377,<p>kg/m<sup>3</sup></p>,2025-07-04 08:00:00,密度(20℃),延炼50万吨/年航煤装置
0.7,ST010377,体积分数 %,2025-07-04 08:00:00,残留量,延炼50万吨/年航煤装置
206.0,ST010377,<p>℃</p>,2025-07-04 08:00:00,90%回收温度,延炼50万吨/年航煤装置
219.0,ST010377,<p>℃</p>,2025-07-04 08:00:00,终馏点,延炼50万吨/年航煤装置
185.0,ST010377,<p>℃</p>,2025-07-04 08:00:00,50%回收温度,延炼50万吨/年航煤装置
174.5,ST010377,<p>℃</p>,2025-07-04 08:00:00,20%回收温度,延炼50万吨/年航煤装置
171.0,ST010377,<p>℃</p>,2025-07-04 08:00:00,10%回收温度,延炼50万吨/年航煤装置
153.0,ST010377,<p>℃</p>,2025-07-04 08:00:00,初馏点,延炼50万吨/年航煤装置
0.8,ST010377,体积分数 %,2025-07-04 08:00:00,损失量,延炼50万吨/年航煤装置
1.0,ST010377,体积分数 %,2025-07-05 08:00:00,残留量,延炼50万吨/年航煤装置
207.0,ST010377,<p>℃</p>,2025-07-05 08:00:00,90%回收温度,延炼50万吨/年航煤装置
224.0,ST010377,<p>℃</p>,2025-07-05 08:00:00,终馏点,延炼50万吨/年航煤装置
185.5,ST010377,<p>℃</p>,2025-07-05 08:00:00,50%回收温度,延炼50万吨/年航煤装置
174.5,ST010377,<p>℃</p>,2025-07-05 08:00:00,20%回收温度,延炼50万吨/年航煤装置
170.5,ST010377,<p>℃</p>,2025-07-05 08:00:00,10%回收温度,延炼50万吨/年航煤装置
156.0,ST010377,<p>℃</p>,2025-07-05 08:00:00,初馏点,延炼50万吨/年航煤装置
0.7,ST010377,体积分数 %,2025-07-05 08:00:00,损失量,延炼50万吨/年航煤装置
66,ST010377,ug/g,2025-07-05 08:00:00,水分,延炼50万吨/年航煤装置
1.4,ST010377,&mu;g/g,2025-07-05 08:00:00,氮含量,延炼50万吨/年航煤装置
784.5,ST010377,<p>kg/m<sup>3</sup></p>,2025-07-05 08:00:00,密度(20℃),延炼50万吨/年航煤装置
10.6,ST010377,体积分数 %,2025-07-05 08:00:00,芳烃,延炼50万吨/年航煤装置
1.0,ST010377,体积分数 %,2025-07-05 08:00:00,烯烃,延炼50万吨/年航煤装置
3.203,ST010377,<p>mm<sup>2</sup>/s</p>,2025-07-05 08:00:00,运动黏度（-20℃）,延炼50万吨/年航煤装置
29.2,ST010377,mm,2025-07-05 08:00:00,烟点,延炼50万吨/年航煤装置
124,ST010377,ug/g,2025-07-05 08:00:00,总硫含量,延炼50万吨/年航煤装置
44.0,ST010377,℃,2025-07-05 08:00:00,闪点（闭口）,延炼50万吨/年航煤装置
-53.3,ST010377,<p>℃</p>,2025-07-05 08:00:00,冰点,延炼50万吨/年航煤装置
29,ST010377,&mu;g/g,2025-07-05 08:00:00,硫醇硫,延炼50万吨/年航煤装置
1.1,ST010377,体积分数 %,2025-07-06 08:00:00,残留量,延炼50万吨/年航煤装置
206.0,ST010377,<p>℃</p>,2025-07-06 08:00:00,90%回收温度,延炼50万吨/年航煤装置
220.0,ST010377,<p>℃</p>,2025-07-06 08:00:00,终馏点,延炼50万吨/年航煤装置
184.5,ST010377,<p>℃</p>,2025-07-06 08:00:00,50%回收温度,延炼50万吨/年航煤装置
174.5,ST010377,<p>℃</p>,2025-07-06 08:00:00,20%回收温度,延炼50万吨/年航煤装置
170.5,ST010377,<p>℃</p>,2025-07-06 08:00:00,10%回收温度,延炼50万吨/年航煤装置
153.0,ST010377,<p>℃</p>,2025-07-06 08:00:00,初馏点,延炼50万吨/年航煤装置
0.5,ST010377,体积分数 %,2025-07-06 08:00:00,损失量,延炼50万吨/年航煤装置
784.6,ST010377,<p>kg/m<sup>3</sup></p>,2025-07-06 08:00:00,密度(20℃),延炼50万吨/年航煤装置
44.5,ST010377,℃,2025-07-06 08:00:00,闪点（闭口）,延炼50万吨/年航煤装置
1.0,ST010377,体积分数 %,2025-07-07 08:00:00,残留量,延炼50万吨/年航煤装置
206.0,ST010377,<p>℃</p>,2025-07-07 08:00:00,90%回收温度,延炼50万吨/年航煤装置
222.0,ST010377,<p>℃</p>,2025-07-07 08:00:00,终馏点,延炼50万吨/年航煤装置
185.0,ST010377,<p>℃</p>,2025-07-07 08:00:00,50%回收温度,延炼50万吨/年航煤装置
174.5,ST010377,<p>℃</p>,2025-07-07 08:00:00,20%回收温度,延炼50万吨/年航煤装置
170.5,ST010377,<p>℃</p>,2025-07-07 08:00:00,10%回收温度,延炼50万吨/年航煤装置
150.5,ST010377,<p>℃</p>,2025-07-07 08:00:00,初馏点,延炼50万吨/年航煤装置
0.7,ST010377,体积分数 %,2025-07-07 08:00:00,损失量,延炼50万吨/年航煤装置
785.0,ST010377,<p>kg/m<sup>3</sup></p>,2025-07-07 08:00:00,密度(20℃),延炼50万吨/年航煤装置
44.0,ST010377,℃,2025-07-07 08:00:00,闪点（闭口）,延炼50万吨/年航煤装置
785.5,ST010377,<p>kg/m<sup>3</sup></p>,2025-07-08 08:00:00,密度(20℃),延炼50万吨/年航煤装置
1.0,ST010377,体积分数 %,2025-07-08 08:00:00,残留量,延炼50万吨/年航煤装置
206.0,ST010377,<p>℃</p>,2025-07-08 08:00:00,90%回收温度,延炼50万吨/年航煤装置
220.0,ST010377,<p>℃</p>,2025-07-08 08:00:00,终馏点,延炼50万吨/年航煤装置
185.0,ST010377,<p>℃</p>,2025-07-08 08:00:00,50%回收温度,延炼50万吨/年航煤装置
174.5,ST010377,<p>℃</p>,2025-07-08 08:00:00,20%回收温度,延炼50万吨/年航煤装置
170.5,ST010377,<p>℃</p>,2025-07-08 08:00:00,10%回收温度,延炼50万吨/年航煤装置
155.5,ST010377,<p>℃</p>,2025-07-08 08:00:00,初馏点,延炼50万吨/年航煤装置
0.7,ST010377,体积分数 %,2025-07-08 08:00:00,损失量,延炼50万吨/年航煤装置
44.5,ST010377,℃,2025-07-08 08:00:00,闪点（闭口）,延炼50万吨/年航煤装置
785.0,ST010377,<p>kg/m<sup>3</sup></p>,2025-07-09 08:00:00,密度(20℃),延炼50万吨/年航煤装置
1.0,ST010377,体积分数 %,2025-07-09 08:00:00,残留量,延炼50万吨/年航煤装置
206.0,ST010377,<p>℃</p>,2025-07-09 08:00:00,90%回收温度,延炼50万吨/年航煤装置
219.0,ST010377,<p>℃</p>,2025-07-09 08:00:00,终馏点,延炼50万吨/年航煤装置
184.5,ST010377,<p>℃</p>,2025-07-09 08:00:00,50%回收温度,延炼50万吨/年航煤装置
174.5,ST010377,<p>℃</p>,2025-07-09 08:00:00,20%回收温度,延炼50万吨/年航煤装置
170.5,ST010377,<p>℃</p>,2025-07-09 08:00:00,10%回收温度,延炼50万吨/年航煤装置
152.5,ST010377,<p>℃</p>,2025-07-09 08:00:00,初馏点,延炼50万吨/年航煤装置
0.7,ST010377,体积分数 %,2025-07-09 08:00:00,损失量,延炼50万吨/年航煤装置
44.0,ST010377,℃,2025-07-09 08:00:00,闪点（闭口）,延炼50万吨/年航煤装置
44.0,ST010377,℃,2025-07-10 08:00:00,闪点（闭口）,延炼50万吨/年航煤装置
1.1,ST010377,体积分数 %,2025-07-10 08:00:00,残留量,延炼50万吨/年航煤装置
206.0,ST010377,<p>℃</p>,2025-07-10 08:00:00,90%回收温度,延炼50万吨/年航煤装置
218.0,ST010377,<p>℃</p>,2025-07-10 08:00:00,终馏点,延炼50万吨/年航煤装置
184.5,ST010377,<p>℃</p>,2025-07-10 08:00:00,50%回收温度,延炼50万吨/年航煤装置
174.5,ST010377,<p>℃</p>,2025-07-10 08:00:00,20%回收温度,延炼50万吨/年航煤装置
170.5,ST010377,<p>℃</p>,2025-07-10 08:00:00,10%回收温度,延炼50万吨/年航煤装置
154.0,ST010377,<p>℃</p>,2025-07-10 08:00:00,初馏点,延炼50万吨/年航煤装置
0.7,ST010377,体积分数 %,2025-07-10 08:00:00,损失量,延炼50万吨/年航煤装置
784.6,ST010377,<p>kg/m<sup>3</sup></p>,2025-07-10 08:00:00,密度(20℃),延炼50万吨/年航煤装置
784.8,ST010377,<p>kg/m<sup>3</sup></p>,2025-07-11 08:00:00,密度(20℃),延炼50万吨/年航煤装置
1.1,ST010377,体积分数 %,2025-07-11 08:00:00,残留量,延炼50万吨/年航煤装置
207.0,ST010377,<p>℃</p>,2025-07-11 08:00:00,90%回收温度,延炼50万吨/年航煤装置
218.0,ST010377,<p>℃</p>,2025-07-11 08:00:00,终馏点,延炼50万吨/年航煤装置
184.5,ST010377,<p>℃</p>,2025-07-11 08:00:00,50%回收温度,延炼50万吨/年航煤装置
174.5,ST010377,<p>℃</p>,2025-07-11 08:00:00,20%回收温度,延炼50万吨/年航煤装置
170.5,ST010377,<p>℃</p>,2025-07-11 08:00:00,10%回收温度,延炼50万吨/年航煤装置
156.5,ST010377,<p>℃</p>,2025-07-11 08:00:00,初馏点,延炼50万吨/年航煤装置
0.7,ST010377,体积分数 %,2025-07-11 08:00:00,损失量,延炼50万吨/年航煤装置
43.5,ST010377,℃,2025-07-11 08:00:00,闪点（闭口）,延炼50万吨/年航煤装置
43.0,ST010377,℃,2025-07-12 08:00:00,闪点（闭口）,延炼50万吨/年航煤装置
785.4,ST010377,<p>kg/m<sup>3</sup></p>,2025-07-12 08:00:00,密度(20℃),延炼50万吨/年航煤装置
1.1,ST010377,体积分数 %,2025-07-12 08:00:00,残留量,延炼50万吨/年航煤装置
204.5,ST010377,<p>℃</p>,2025-07-12 08:00:00,90%回收温度,延炼50万吨/年航煤装置
217.0,ST010377,<p>℃</p>,2025-07-12 08:00:00,终馏点,延炼50万吨/年航煤装置
183.5,ST010377,<p>℃</p>,2025-07-12 08:00:00,50%回收温度,延炼50万吨/年航煤装置
172.5,ST010377,<p>℃</p>,2025-07-12 08:00:00,20%回收温度,延炼50万吨/年航煤装置
168.5,ST010377,<p>℃</p>,2025-07-12 08:00:00,10%回收温度,延炼50万吨/年航煤装置
152.0,ST010377,<p>℃</p>,2025-07-12 08:00:00,初馏点,延炼50万吨/年航煤装置
0.6,ST010377,体积分数 %,2025-07-12 08:00:00,损失量,延炼50万吨/年航煤装置
43.5,ST010377,℃,2025-07-13 08:00:00,闪点（闭口）,延炼50万吨/年航煤装置
784.5,ST010377,<p>kg/m<sup>3</sup></p>,2025-07-13 08:00:00,密度(20℃),延炼50万吨/年航煤装置
1.1,ST010377,体积分数 %,2025-07-13 08:00:00,残留量,延炼50万吨/年航煤装置
204.5,ST010377,<p>℃</p>,2025-07-13 08:00:00,90%回收温度,延炼50万吨/年航煤装置
216.5,ST010377,<p>℃</p>,2025-07-13 08:00:00,终馏点,延炼50万吨/年航煤装置
183.0,ST010377,<p>℃</p>,2025-07-13 08:00:00,50%回收温度,延炼50万吨/年航煤装置
172.0,ST010377,<p>℃</p>,2025-07-13 08:00:00,20%回收温度,延炼50万吨/年航煤装置
168.0,ST010377,<p>℃</p>,2025-07-13 08:00:00,10%回收温度,延炼50万吨/年航煤装置
153.0,ST010377,<p>℃</p>,2025-07-13 08:00:00,初馏点,延炼50万吨/年航煤装置
0.6,ST010377,体积分数 %,2025-07-13 08:00:00,损失量,延炼50万吨/年航煤装置
785.0,ST010377,<p>kg/m<sup>3</sup></p>,2025-07-14 08:00:00,密度(20℃),延炼50万吨/年航煤装置
0.9,ST010377,体积分数 %,2025-07-14 08:00:00,残留量,延炼50万吨/年航煤装置
205.0,ST010377,<p>℃</p>,2025-07-14 08:00:00,90%回收温度,延炼50万吨/年航煤装置
217.0,ST010377,<p>℃</p>,2025-07-14 08:00:00,终馏点,延炼50万吨/年航煤装置
183.5,ST010377,<p>℃</p>,2025-07-14 08:00:00,50%回收温度,延炼50万吨/年航煤装置
172.5,ST010377,<p>℃</p>,2025-07-14 08:00:00,20%回收温度,延炼50万吨/年航煤装置
168.5,ST010377,<p>℃</p>,2025-07-14 08:00:00,10%回收温度,延炼50万吨/年航煤装置
154.5,ST010377,<p>℃</p>,2025-07-14 08:00:00,初馏点,延炼50万吨/年航煤装置
0.8,ST010377,体积分数 %,2025-07-14 08:00:00,损失量,延炼50万吨/年航煤装置
43.0,ST010377,℃,2025-07-14 08:00:00,闪点（闭口）,延炼50万吨/年航煤装置
184.0,ST010377,<p>℃</p>,2025-07-15 08:00:00,50%回收温度,延炼50万吨/年航煤装置
173.0,ST010377,<p>℃</p>,2025-07-15 08:00:00,20%回收温度,延炼50万吨/年航煤装置
169.0,ST010377,<p>℃</p>,2025-07-15 08:00:00,10%回收温度,延炼50万吨/年航煤装置
152.5,ST010377,<p>℃</p>,2025-07-15 08:00:00,初馏点,延炼50万吨/年航煤装置
0.5,ST010377,体积分数 %,2025-07-15 08:00:00,损失量,延炼50万吨/年航煤装置
43.0,ST010377,℃,2025-07-15 08:00:00,闪点（闭口）,延炼50万吨/年航煤装置
785.5,ST010377,<p>kg/m<sup>3</sup></p>,2025-07-15 08:00:00,密度(20℃),延炼50万吨/年航煤装置
1.1,ST010377,体积分数 %,2025-07-15 08:00:00,残留量,延炼50万吨/年航煤装置
205.0,ST010377,<p>℃</p>,2025-07-15 08:00:00,90%回收温度,延炼50万吨/年航煤装置
217.5,ST010377,<p>℃</p>,2025-07-15 08:00:00,终馏点,延炼50万吨/年航煤装置
1.0,ST010377,体积分数 %,2025-07-16 08:00:00,残留量,延炼50万吨/年航煤装置
205.0,ST010377,<p>℃</p>,2025-07-16 08:00:00,90%回收温度,延炼50万吨/年航煤装置
217.0,ST010377,<p>℃</p>,2025-07-16 08:00:00,终馏点,延炼50万吨/年航煤装置
184.0,ST010377,<p>℃</p>,2025-07-16 08:00:00,50%回收温度,延炼50万吨/年航煤装置
173.0,ST010377,<p>℃</p>,2025-07-16 08:00:00,20%回收温度,延炼50万吨/年航煤装置
168.5,ST010377,<p>℃</p>,2025-07-16 08:00:00,10%回收温度,延炼50万吨/年航煤装置
153.5,ST010377,<p>℃</p>,2025-07-16 08:00:00,初馏点,延炼50万吨/年航煤装置
0.7,ST010377,体积分数 %,2025-07-16 08:00:00,损失量,延炼50万吨/年航煤装置
43.0,ST010377,℃,2025-07-16 08:00:00,闪点（闭口）,延炼50万吨/年航煤装置
785.0,ST010377,<p>kg/m<sup>3</sup></p>,2025-07-16 08:00:00,密度(20℃),延炼50万吨/年航煤装置
186.0,ST010377,<p>℃</p>,2025-07-17 08:00:00,50%回收温度,延炼50万吨/年航煤装置
173.5,ST010377,<p>℃</p>,2025-07-17 08:00:00,20%回收温度,延炼50万吨/年航煤装置
169.5,ST010377,<p>℃</p>,2025-07-17 08:00:00,10%回收温度,延炼50万吨/年航煤装置
151.5,ST010377,<p>℃</p>,2025-07-17 08:00:00,初馏点,延炼50万吨/年航煤装置
0.8,ST010377,体积分数 %,2025-07-17 08:00:00,损失量,延炼50万吨/年航煤装置
43.5,ST010377,℃,2025-07-17 08:00:00,闪点（闭口）,延炼50万吨/年航煤装置
0.8,ST010377,体积分数 %,2025-07-17 08:00:00,残留量,延炼50万吨/年航煤装置
206.0,ST010377,<p>℃</p>,2025-07-17 08:00:00,90%回收温度,延炼50万吨/年航煤装置
218.0,ST010377,<p>℃</p>,2025-07-17 08:00:00,终馏点,延炼50万吨/年航煤装置
784.9,ST010377,<p>kg/m<sup>3</sup></p>,2025-07-17 08:00:00,密度(20℃),延炼50万吨/年航煤装置
785.5,ST010377,<p>kg/m<sup>3</sup></p>,2025-07-18 08:00:00,密度(20℃),延炼50万吨/年航煤装置
1.0,ST010377,体积分数 %,2025-07-18 08:00:00,残留量,延炼50万吨/年航煤装置
206.0,ST010377,<p>℃</p>,2025-07-18 08:00:00,90%回收温度,延炼50万吨/年航煤装置
218.0,ST010377,<p>℃</p>,2025-07-18 08:00:00,终馏点,延炼50万吨/年航煤装置
185.5,ST010377,<p>℃</p>,2025-07-18 08:00:00,50%回收温度,延炼50万吨/年航煤装置
173.5,ST010377,<p>℃</p>,2025-07-18 08:00:00,20%回收温度,延炼50万吨/年航煤装置
169.5,ST010377,<p>℃</p>,2025-07-18 08:00:00,10%回收温度,延炼50万吨/年航煤装置
152.5,ST010377,<p>℃</p>,2025-07-18 08:00:00,初馏点,延炼50万吨/年航煤装置
0.7,ST010377,体积分数 %,2025-07-18 08:00:00,损失量,延炼50万吨/年航煤装置
43.0,ST010377,℃,2025-07-18 08:00:00,闪点（闭口）,延炼50万吨/年航煤装置
785.1,ST010377,<p>kg/m<sup>3</sup></p>,2025-07-19 08:00:00,密度(20℃),延炼50万吨/年航煤装置
1.1,ST010377,体积分数 %,2025-07-19 08:00:00,残留量,延炼50万吨/年航煤装置
206.0,ST010377,<p>℃</p>,2025-07-19 08:00:00,90%回收温度,延炼50万吨/年航煤装置
217.0,ST010377,<p>℃</p>,2025-07-19 08:00:00,终馏点,延炼50万吨/年航煤装置
185.0,ST010377,<p>℃</p>,2025-07-19 08:00:00,50%回收温度,延炼50万吨/年航煤装置
173.5,ST010377,<p>℃</p>,2025-07-19 08:00:00,20%回收温度,延炼50万吨/年航煤装置
168.5,ST010377,<p>℃</p>,2025-07-19 08:00:00,10%回收温度,延炼50万吨/年航煤装置
154.5,ST010377,<p>℃</p>,2025-07-19 08:00:00,初馏点,延炼50万吨/年航煤装置
0.6,ST010377,体积分数 %,2025-07-19 08:00:00,损失量,延炼50万吨/年航煤装置
44.0,ST010377,℃,2025-07-19 08:00:00,闪点（闭口）,延炼50万吨/年航煤装置
784.8,ST010377,<p>kg/m<sup>3</sup></p>,2025-07-20 08:00:00,密度(20℃),延炼50万吨/年航煤装置
1.1,ST010377,体积分数 %,2025-07-20 08:00:00,残留量,延炼50万吨/年航煤装置
204.0,ST010377,<p>℃</p>,2025-07-20 08:00:00,90%回收温度,延炼50万吨/年航煤装置
216.0,ST010377,<p>℃</p>,2025-07-20 08:00:00,终馏点,延炼50万吨/年航煤装置
183.5,ST010377,<p>℃</p>,2025-07-20 08:00:00,50%回收温度,延炼50万吨/年航煤装置
173.5,ST010377,<p>℃</p>,2025-07-20 08:00:00,20%回收温度,延炼50万吨/年航煤装置
168.5,ST010377,<p>℃</p>,2025-07-20 08:00:00,10%回收温度,延炼50万吨/年航煤装置
150.0,ST010377,<p>℃</p>,2025-07-20 08:00:00,初馏点,延炼50万吨/年航煤装置
0.5,ST010377,体积分数 %,2025-07-20 08:00:00,损失量,延炼50万吨/年航煤装置
44.0,ST010377,℃,2025-07-20 08:00:00,闪点（闭口）,延炼50万吨/年航煤装置
784.8,ST010377,<p>kg/m<sup>3</sup></p>,2025-07-21 08:00:00,密度(20℃),延炼50万吨/年航煤装置
1.0,ST010377,体积分数 %,2025-07-21 08:00:00,残留量,延炼50万吨/年航煤装置
205.0,ST010377,<p>℃</p>,2025-07-21 08:00:00,90%回收温度,延炼50万吨/年航煤装置
220.0,ST010377,<p>℃</p>,2025-07-21 08:00:00,终馏点,延炼50万吨/年航煤装置
184.5,ST010377,<p>℃</p>,2025-07-21 08:00:00,50%回收温度,延炼50万吨/年航煤装置
173.5,ST010377,<p>℃</p>,2025-07-21 08:00:00,20%回收温度,延炼50万吨/年航煤装置
169.5,ST010377,<p>℃</p>,2025-07-21 08:00:00,10%回收温度,延炼50万吨/年航煤装置
151.0,ST010377,<p>℃</p>,2025-07-21 08:00:00,初馏点,延炼50万吨/年航煤装置
0.7,ST010377,体积分数 %,2025-07-21 08:00:00,损失量,延炼50万吨/年航煤装置
43.0,ST010377,℃,2025-07-21 08:00:00,闪点（闭口）,延炼50万吨/年航煤装置
785.1,ST010377,<p>kg/m<sup>3</sup></p>,2025-07-22 08:00:00,密度(20℃),延炼50万吨/年航煤装置
1.1,ST010377,体积分数 %,2025-07-22 08:00:00,残留量,延炼50万吨/年航煤装置
205.0,ST010377,<p>℃</p>,2025-07-22 08:00:00,90%回收温度,延炼50万吨/年航煤装置
217.0,ST010377,<p>℃</p>,2025-07-22 08:00:00,终馏点,延炼50万吨/年航煤装置
184.5,ST010377,<p>℃</p>,2025-07-22 08:00:00,50%回收温度,延炼50万吨/年航煤装置
173.5,ST010377,<p>℃</p>,2025-07-22 08:00:00,20%回收温度,延炼50万吨/年航煤装置
169.5,ST010377,<p>℃</p>,2025-07-22 08:00:00,10%回收温度,延炼50万吨/年航煤装置
153.0,ST010377,<p>℃</p>,2025-07-22 08:00:00,初馏点,延炼50万吨/年航煤装置
0.7,ST010377,体积分数 %,2025-07-22 08:00:00,损失量,延炼50万吨/年航煤装置
43.0,ST010377,℃,2025-07-22 08:00:00,闪点（闭口）,延炼50万吨/年航煤装置
45.5,ST010377,℃,2025-07-23 08:00:00,闪点（闭口）,延炼50万吨/年航煤装置
785.2,ST010377,<p>kg/m<sup>3</sup></p>,2025-07-23 08:00:00,密度(20℃),延炼50万吨/年航煤装置
0.9,ST010377,体积分数 %,2025-07-23 08:00:00,残留量,延炼50万吨/年航煤装置
203.0,ST010377,<p>℃</p>,2025-07-23 08:00:00,90%回收温度,延炼50万吨/年航煤装置
216.0,ST010377,<p>℃</p>,2025-07-23 08:00:00,终馏点,延炼50万吨/年航煤装置
182.5,ST010377,<p>℃</p>,2025-07-23 08:00:00,50%回收温度,延炼50万吨/年航煤装置
173.5,ST010377,<p>℃</p>,2025-07-23 08:00:00,20%回收温度,延炼50万吨/年航煤装置
170.5,ST010377,<p>℃</p>,2025-07-23 08:00:00,10%回收温度,延炼50万吨/年航煤装置
159.5,ST010377,<p>℃</p>,2025-07-23 08:00:00,初馏点,延炼50万吨/年航煤装置
0.8,ST010377,体积分数 %,2025-07-23 08:00:00,损失量,延炼50万吨/年航煤装置
0.9,ST010377,体积分数 %,2025-07-24 08:00:00,残留量,延炼50万吨/年航煤装置
203.0,ST010377,<p>℃</p>,2025-07-24 08:00:00,90%回收温度,延炼50万吨/年航煤装置
215.0,ST010377,<p>℃</p>,2025-07-24 08:00:00,终馏点,延炼50万吨/年航煤装置
183.0,ST010377,<p>℃</p>,2025-07-24 08:00:00,50%回收温度,延炼50万吨/年航煤装置
174.5,ST010377,<p>℃</p>,2025-07-24 08:00:00,20%回收温度,延炼50万吨/年航煤装置
170.5,ST010377,<p>℃</p>,2025-07-24 08:00:00,10%回收温度,延炼50万吨/年航煤装置
159.5,ST010377,<p>℃</p>,2025-07-24 08:00:00,初馏点,延炼50万吨/年航煤装置
0.8,ST010377,体积分数 %,2025-07-24 08:00:00,损失量,延炼50万吨/年航煤装置
45.0,ST010377,℃,2025-07-24 08:00:00,闪点（闭口）,延炼50万吨/年航煤装置
785.0,ST010377,<p>kg/m<sup>3</sup></p>,2025-07-24 08:00:00,密度(20℃),延炼50万吨/年航煤装置
0.8,ST010377,体积分数 %,2025-07-25 08:00:00,残留量,延炼50万吨/年航煤装置
203.0,ST010377,<p>℃</p>,2025-07-25 08:00:00,90%回收温度,延炼50万吨/年航煤装置
215.0,ST010377,<p>℃</p>,2025-07-25 08:00:00,终馏点,延炼50万吨/年航煤装置
183.0,ST010377,<p>℃</p>,2025-07-25 08:00:00,50%回收温度,延炼50万吨/年航煤装置
173.5,ST010377,<p>℃</p>,2025-07-25 08:00:00,20%回收温度,延炼50万吨/年航煤装置
170.5,ST010377,<p>℃</p>,2025-07-25 08:00:00,10%回收温度,延炼50万吨/年航煤装置
158.5,ST010377,<p>℃</p>,2025-07-25 08:00:00,初馏点,延炼50万吨/年航煤装置
0.8,ST010377,体积分数 %,2025-07-25 08:00:00,损失量,延炼50万吨/年航煤装置
45.0,ST010377,℃,2025-07-25 08:00:00,闪点（闭口）,延炼50万吨/年航煤装置
784.6,ST010377,<p>kg/m<sup>3</sup></p>,2025-07-25 08:00:00,密度(20℃),延炼50万吨/年航煤装置
785.9,ST010377,<p>kg/m<sup>3</sup></p>,2025-07-26 08:00:00,密度(20℃),延炼50万吨/年航煤装置
1.0,ST010377,体积分数 %,2025-07-26 08:00:00,残留量,延炼50万吨/年航煤装置
208.0,ST010377,<p>℃</p>,2025-07-26 08:00:00,90%回收温度,延炼50万吨/年航煤装置
220.5,ST010377,<p>℃</p>,2025-07-26 08:00:00,终馏点,延炼50万吨/年航煤装置
186.0,ST010377,<p>℃</p>,2025-07-26 08:00:00,50%回收温度,延炼50万吨/年航煤装置
175.0,ST010377,<p>℃</p>,2025-07-26 08:00:00,20%回收温度,延炼50万吨/年航煤装置
169.5,ST010377,<p>℃</p>,2025-07-26 08:00:00,10%回收温度,延炼50万吨/年航煤装置
154.5,ST010377,<p>℃</p>,2025-07-26 08:00:00,初馏点,延炼50万吨/年航煤装置
0.7,ST010377,体积分数 %,2025-07-26 08:00:00,损失量,延炼50万吨/年航煤装置
43.5,ST010377,℃,2025-07-26 08:00:00,闪点（闭口）,延炼50万吨/年航煤装置
786.1,ST010377,<p>kg/m<sup>3</sup></p>,2025-07-27 08:00:00,密度(20℃),延炼50万吨/年航煤装置
1.0,ST010377,体积分数 %,2025-07-27 08:00:00,残留量,延炼50万吨/年航煤装置
208.0,ST010377,<p>℃</p>,2025-07-27 08:00:00,90%回收温度,延炼50万吨/年航煤装置
225.5,ST010377,<p>℃</p>,2025-07-27 08:00:00,终馏点,延炼50万吨/年航煤装置
186.0,ST010377,<p>℃</p>,2025-07-27 08:00:00,50%回收温度,延炼50万吨/年航煤装置
176.0,ST010377,<p>℃</p>,2025-07-27 08:00:00,20%回收温度,延炼50万吨/年航煤装置
171.5,ST010377,<p>℃</p>,2025-07-27 08:00:00,10%回收温度,延炼50万吨/年航煤装置
157.5,ST010377,<p>℃</p>,2025-07-27 08:00:00,初馏点,延炼50万吨/年航煤装置
0.7,ST010377,体积分数 %,2025-07-27 08:00:00,损失量,延炼50万吨/年航煤装置
43.5,ST010377,℃,2025-07-27 08:00:00,闪点（闭口）,延炼50万吨/年航煤装置
785.9,ST010377,<p>kg/m<sup>3</sup></p>,2025-07-28 08:00:00,密度(20℃),延炼50万吨/年航煤装置
43.5,ST010377,℃,2025-07-28 08:00:00,闪点（闭口）,延炼50万吨/年航煤装置
0.8,ST010377,体积分数 %,2025-07-28 08:00:00,残留量,延炼50万吨/年航煤装置
207.0,ST010377,<p>℃</p>,2025-07-28 08:00:00,90%回收温度,延炼50万吨/年航煤装置
220.5,ST010377,<p>℃</p>,2025-07-28 08:00:00,终馏点,延炼50万吨/年航煤装置
186.0,ST010377,<p>℃</p>,2025-07-28 08:00:00,50%回收温度,延炼50万吨/年航煤装置
175.0,ST010377,<p>℃</p>,2025-07-28 08:00:00,20%回收温度,延炼50万吨/年航煤装置
170.5,ST010377,<p>℃</p>,2025-07-28 08:00:00,10%回收温度,延炼50万吨/年航煤装置
154.5,ST010377,<p>℃</p>,2025-07-28 08:00:00,初馏点,延炼50万吨/年航煤装置
0.8,ST010377,体积分数 %,2025-07-28 08:00:00,损失量,延炼50万吨/年航煤装置
43.5,ST010377,℃,2025-07-29 08:00:00,闪点（闭口）,延炼50万吨/年航煤装置
786.9,ST010377,<p>kg/m<sup>3</sup></p>,2025-07-29 08:00:00,密度(20℃),延炼50万吨/年航煤装置
1.0,ST010377,体积分数 %,2025-07-29 08:00:00,残留量,延炼50万吨/年航煤装置
207.0,ST010377,<p>℃</p>,2025-07-29 08:00:00,90%回收温度,延炼50万吨/年航煤装置
220.5,ST010377,<p>℃</p>,2025-07-29 08:00:00,终馏点,延炼50万吨/年航煤装置
154.5,ST010377,<p>℃</p>,2025-07-29 08:00:00,初馏点,延炼50万吨/年航煤装置
0.7,ST010377,体积分数 %,2025-07-29 08:00:00,损失量,延炼50万吨/年航煤装置
186.0,ST010377,<p>℃</p>,2025-07-29 08:00:00,50%回收温度,延炼50万吨/年航煤装置
175.0,ST010377,<p>℃</p>,2025-07-29 08:00:00,20%回收温度,延炼50万吨/年航煤装置
171.0,ST010377,<p>℃</p>,2025-07-29 08:00:00,10%回收温度,延炼50万吨/年航煤装置
42.0,ST010377,℃,2025-07-30 08:00:00,闪点（闭口）,延炼50万吨/年航煤装置
0.8,ST010377,体积分数 %,2025-07-30 08:00:00,残留量,延炼50万吨/年航煤装置
210.0,ST010377,<p>℃</p>,2025-07-30 08:00:00,90%回收温度,延炼50万吨/年航煤装置
222.5,ST010377,<p>℃</p>,2025-07-30 08:00:00,终馏点,延炼50万吨/年航煤装置
187.0,ST010377,<p>℃</p>,2025-07-30 08:00:00,50%回收温度,延炼50万吨/年航煤装置
175.0,ST010377,<p>℃</p>,2025-07-30 08:00:00,20%回收温度,延炼50万吨/年航煤装置
169.5,ST010377,<p>℃</p>,2025-07-30 08:00:00,10%回收温度,延炼50万吨/年航煤装置
151.5,ST010377,<p>℃</p>,2025-07-30 08:00:00,初馏点,延炼50万吨/年航煤装置
0.8,ST010377,体积分数 %,2025-07-30 08:00:00,损失量,延炼50万吨/年航煤装置
786.6,ST010377,<p>kg/m<sup>3</sup></p>,2025-07-30 08:00:00,密度(20℃),延炼50万吨/年航煤装置
786.1,ST010377,<p>kg/m<sup>3</sup></p>,2025-07-31 08:00:00,密度(20℃),延炼50万吨/年航煤装置
1.1,ST010377,体积分数 %,2025-07-31 08:00:00,残留量,延炼50万吨/年航煤装置
213.5,ST010377,<p>℃</p>,2025-07-31 08:00:00,90%回收温度,延炼50万吨/年航煤装置
222.5,ST010377,<p>℃</p>,2025-07-31 08:00:00,终馏点,延炼50万吨/年航煤装置
187.0,ST010377,<p>℃</p>,2025-07-31 08:00:00,50%回收温度,延炼50万吨/年航煤装置
175.0,ST010377,<p>℃</p>,2025-07-31 08:00:00,20%回收温度,延炼50万吨/年航煤装置
170.0,ST010377,<p>℃</p>,2025-07-31 08:00:00,10%回收温度,延炼50万吨/年航煤装置
150.5,ST010377,<p>℃</p>,2025-07-31 08:00:00,初馏点,延炼50万吨/年航煤装置
0.6,ST010377,体积分数 %,2025-07-31 08:00:00,损失量,延炼50万吨/年航煤装置
42.5,ST010377,℃,2025-07-31 08:00:00,闪点（闭口）,延炼50万吨/年航煤装置
786.3,ST010377,<p>kg/m<sup>3</sup></p>,2025-08-01 08:00:00,密度(20℃),延炼50万吨/年航煤装置
1.0,ST010377,体积分数 %,2025-08-01 08:00:00,残留量,延炼50万吨/年航煤装置
210.0,ST010377,<p>℃</p>,2025-08-01 08:00:00,90%回收温度,延炼50万吨/年航煤装置
222.5,ST010377,<p>℃</p>,2025-08-01 08:00:00,终馏点,延炼50万吨/年航煤装置
187.0,ST010377,<p>℃</p>,2025-08-01 08:00:00,50%回收温度,延炼50万吨/年航煤装置
175.0,ST010377,<p>℃</p>,2025-08-01 08:00:00,20%回收温度,延炼50万吨/年航煤装置
169.5,ST010377,<p>℃</p>,2025-08-01 08:00:00,10%回收温度,延炼50万吨/年航煤装置
151.5,ST010377,<p>℃</p>,2025-08-01 08:00:00,初馏点,延炼50万吨/年航煤装置
0.7,ST010377,体积分数 %,2025-08-01 08:00:00,损失量,延炼50万吨/年航煤装置
42.0,ST010377,℃,2025-08-01 08:00:00,闪点（闭口）,延炼50万吨/年航煤装置
786.6,ST010377,<p>kg/m<sup>3</sup></p>,2025-08-02 08:00:00,密度(20℃),延炼50万吨/年航煤装置
1.0,ST010377,体积分数 %,2025-08-02 08:00:00,残留量,延炼50万吨/年航煤装置
212.0,ST010377,<p>℃</p>,2025-08-02 08:00:00,90%回收温度,延炼50万吨/年航煤装置
224.5,ST010377,<p>℃</p>,2025-08-02 08:00:00,终馏点,延炼50万吨/年航煤装置
188.0,ST010377,<p>℃</p>,2025-08-02 08:00:00,50%回收温度,延炼50万吨/年航煤装置
176.0,ST010377,<p>℃</p>,2025-08-02 08:00:00,20%回收温度,延炼50万吨/年航煤装置
171.0,ST010377,<p>℃</p>,2025-08-02 08:00:00,10%回收温度,延炼50万吨/年航煤装置
153.5,ST010377,<p>℃</p>,2025-08-02 08:00:00,初馏点,延炼50万吨/年航煤装置
0.7,ST010377,体积分数 %,2025-08-02 08:00:00,损失量,延炼50万吨/年航煤装置
43.0,ST010377,℃,2025-08-02 08:00:00,闪点（闭口）,延炼50万吨/年航煤装置
786.9,ST010377,<p>kg/m<sup>3</sup></p>,2025-08-03 08:00:00,密度(20℃),延炼50万吨/年航煤装置
1.1,ST010377,体积分数 %,2025-08-03 08:00:00,残留量,延炼50万吨/年航煤装置
210.5,ST010377,<p>℃</p>,2025-08-03 08:00:00,90%回收温度,延炼50万吨/年航煤装置
223.5,ST010377,<p>℃</p>,2025-08-03 08:00:00,终馏点,延炼50万吨/年航煤装置
188.0,ST010377,<p>℃</p>,2025-08-03 08:00:00,50%回收温度,延炼50万吨/年航煤装置
176.0,ST010377,<p>℃</p>,2025-08-03 08:00:00,20%回收温度,延炼50万吨/年航煤装置
171.0,ST010377,<p>℃</p>,2025-08-03 08:00:00,10%回收温度,延炼50万吨/年航煤装置
152.5,ST010377,<p>℃</p>,2025-08-03 08:00:00,初馏点,延炼50万吨/年航煤装置
0.7,ST010377,体积分数 %,2025-08-03 08:00:00,损失量,延炼50万吨/年航煤装置
43.0,ST010377,℃,2025-08-03 08:00:00,闪点（闭口）,延炼50万吨/年航煤装置
42.5,ST010377,℃,2025-08-04 08:00:00,闪点（闭口）,延炼50万吨/年航煤装置
153.5,ST010377,<p>℃</p>,2025-08-04 08:00:00,初馏点,延炼50万吨/年航煤装置
0.7,ST010377,体积分数 %,2025-08-04 08:00:00,损失量,延炼50万吨/年航煤装置
1.0,ST010377,体积分数 %,2025-08-04 08:00:00,残留量,延炼50万吨/年航煤装置
211.5,ST010377,<p>℃</p>,2025-08-04 08:00:00,90%回收温度,延炼50万吨/年航煤装置
226.5,ST010377,<p>℃</p>,2025-08-04 08:00:00,终馏点,延炼50万吨/年航煤装置
188.0,ST010377,<p>℃</p>,2025-08-04 08:00:00,50%回收温度,延炼50万吨/年航煤装置
176.0,ST010377,<p>℃</p>,2025-08-04 08:00:00,20%回收温度,延炼50万吨/年航煤装置
171.0,ST010377,<p>℃</p>,2025-08-04 08:00:00,10%回收温度,延炼50万吨/年航煤装置
786.7,ST010377,<p>kg/m<sup>3</sup></p>,2025-08-04 08:00:00,密度(20℃),延炼50万吨/年航煤装置
43.0,ST010377,℃,2025-08-05 08:00:00,闪点（闭口）,延炼50万吨/年航煤装置
787.1,ST010377,<p>kg/m<sup>3</sup></p>,2025-08-05 08:00:00,密度(20℃),延炼50万吨/年航煤装置
1.1,ST010377,体积分数 %,2025-08-05 08:00:00,残留量,延炼50万吨/年航煤装置
212.0,ST010377,<p>℃</p>,2025-08-05 08:00:00,90%回收温度,延炼50万吨/年航煤装置
225.0,ST010377,<p>℃</p>,2025-08-05 08:00:00,终馏点,延炼50万吨/年航煤装置
189.0,ST010377,<p>℃</p>,2025-08-05 08:00:00,50%回收温度,延炼50万吨/年航煤装置
175.5,ST010377,<p>℃</p>,2025-08-05 08:00:00,20%回收温度,延炼50万吨/年航煤装置
170.5,ST010377,<p>℃</p>,2025-08-05 08:00:00,10%回收温度,延炼50万吨/年航煤装置
151.5,ST010377,<p>℃</p>,2025-08-05 08:00:00,初馏点,延炼50万吨/年航煤装置
0.6,ST010377,体积分数 %,2025-08-05 08:00:00,损失量,延炼50万吨/年航煤装置
-58.7,ST010377,<p>℃</p>,2025-08-06 08:00:00,冰点,延炼50万吨/年航煤装置
78,ST010377,&mu;g/g,2025-08-06 08:00:00,水分,延炼50万吨/年航煤装置
9.7,ST010377,体积分数 %,2025-08-06 08:00:00,芳烃,延炼50万吨/年航煤装置
0.9,ST010377,体积分数 %,2025-08-06 08:00:00,烯烃,延炼50万吨/年航煤装置
3.349,ST010377,<p>mm<sup>2</sup>/s</p>,2025-08-06 08:00:00,运动黏度（-20℃）,延炼50万吨/年航煤装置
787.3,ST010377,<p>kg/m<sup>3</sup></p>,2025-08-06 08:00:00,密度(20℃),延炼50万吨/年航煤装置
1.0,ST010377,体积分数 %,2025-08-06 08:00:00,残留量,延炼50万吨/年航煤装置
212.0,ST010377,<p>℃</p>,2025-08-06 08:00:00,90%回收温度,延炼50万吨/年航煤装置
226.0,ST010377,<p>℃</p>,2025-08-06 08:00:00,终馏点,延炼50万吨/年航煤装置
189.0,ST010377,<p>℃</p>,2025-08-06 08:00:00,50%回收温度,延炼50万吨/年航煤装置
175.5,ST010377,<p>℃</p>,2025-08-06 08:00:00,20%回收温度,延炼50万吨/年航煤装置
170.5,ST010377,<p>℃</p>,2025-08-06 08:00:00,10%回收温度,延炼50万吨/年航煤装置
152.5,ST010377,<p>℃</p>,2025-08-06 08:00:00,初馏点,延炼50万吨/年航煤装置
0.7,ST010377,体积分数 %,2025-08-06 08:00:00,损失量,延炼50万吨/年航煤装置
42.5,ST010377,℃,2025-08-06 08:00:00,闪点（闭口）,延炼50万吨/年航煤装置
28.1,ST010377,mm,2025-08-06 08:00:00,烟点,延炼50万吨/年航煤装置
6.4,ST010377,&mu;g/g,2025-08-06 08:00:00,氮含量,延炼50万吨/年航煤装置
57,ST010377,&mu;g/g,2025-08-06 08:00:00,硫醇硫,延炼50万吨/年航煤装置
195,ST010377,&mu;g/g,2025-08-06 08:00:00,总硫含量,延炼50万吨/年航煤装置
787.7,ST010377,<p>kg/m<sup>3</sup></p>,2025-08-07 08:00:00,密度(20℃),延炼50万吨/年航煤装置
1.0,ST010377,体积分数 %,2025-08-07 08:00:00,残留量,延炼50万吨/年航煤装置
213.0,ST010377,<p>℃</p>,2025-08-07 08:00:00,90%回收温度,延炼50万吨/年航煤装置
226.0,ST010377,<p>℃</p>,2025-08-07 08:00:00,终馏点,延炼50万吨/年航煤装置
189.0,ST010377,<p>℃</p>,2025-08-07 08:00:00,50%回收温度,延炼50万吨/年航煤装置
176.5,ST010377,<p>℃</p>,2025-08-07 08:00:00,20%回收温度,延炼50万吨/年航煤装置
170.5,ST010377,<p>℃</p>,2025-08-07 08:00:00,10%回收温度,延炼50万吨/年航煤装置
152.5,ST010377,<p>℃</p>,2025-08-07 08:00:00,初馏点,延炼50万吨/年航煤装置
0.7,ST010377,体积分数 %,2025-08-07 08:00:00,损失量,延炼50万吨/年航煤装置
43.0,ST010377,℃,2025-08-07 08:00:00,闪点（闭口）,延炼50万吨/年航煤装置
1.0,ST010377,体积分数 %,2025-08-08 08:00:00,残留量,延炼50万吨/年航煤装置
214.0,ST010377,<p>℃</p>,2025-08-08 08:00:00,90%回收温度,延炼50万吨/年航煤装置
226.5,ST010377,<p>℃</p>,2025-08-08 08:00:00,终馏点,延炼50万吨/年航煤装置
189.0,ST010377,<p>℃</p>,2025-08-08 08:00:00,50%回收温度,延炼50万吨/年航煤装置
176.0,ST010377,<p>℃</p>,2025-08-08 08:00:00,20%回收温度,延炼50万吨/年航煤装置
170.5,ST010377,<p>℃</p>,2025-08-08 08:00:00,10%回收温度,延炼50万吨/年航煤装置
150.5,ST010377,<p>℃</p>,2025-08-08 08:00:00,初馏点,延炼50万吨/年航煤装置
0.7,ST010377,体积分数 %,2025-08-08 08:00:00,损失量,延炼50万吨/年航煤装置
42.5,ST010377,℃,2025-08-08 08:00:00,闪点（闭口）,延炼50万吨/年航煤装置
787.4,ST010377,<p>kg/m<sup>3</sup></p>,2025-08-08 08:00:00,密度(20℃),延炼50万吨/年航煤装置
788.1,ST010377,<p>kg/m<sup>3</sup></p>,2025-08-09 08:00:00,密度(20℃),延炼50万吨/年航煤装置
43.0,ST010377,℃,2025-08-09 08:00:00,闪点（闭口）,延炼50万吨/年航煤装置
1.1,ST010377,体积分数 %,2025-08-09 08:00:00,残留量,延炼50万吨/年航煤装置
213.0,ST010377,<p>℃</p>,2025-08-09 08:00:00,90%回收温度,延炼50万吨/年航煤装置
226.0,ST010377,<p>℃</p>,2025-08-09 08:00:00,终馏点,延炼50万吨/年航煤装置
190.0,ST010377,<p>℃</p>,2025-08-09 08:00:00,50%回收温度,延炼50万吨/年航煤装置
176.5,ST010377,<p>℃</p>,2025-08-09 08:00:00,20%回收温度,延炼50万吨/年航煤装置
170.5,ST010377,<p>℃</p>,2025-08-09 08:00:00,10%回收温度,延炼50万吨/年航煤装置
150.5,ST010377,<p>℃</p>,2025-08-09 08:00:00,初馏点,延炼50万吨/年航煤装置
0.7,ST010377,体积分数 %,2025-08-09 08:00:00,损失量,延炼50万吨/年航煤装置
788.1,ST010377,<p>kg/m<sup>3</sup></p>,2025-08-10 08:00:00,密度(20℃),延炼50万吨/年航煤装置
42.5,ST010377,℃,2025-08-10 08:00:00,闪点（闭口）,延炼50万吨/年航煤装置
1.1,ST010377,体积分数 %,2025-08-10 08:00:00,残留量,延炼50万吨/年航煤装置
213.0,ST010377,<p>℃</p>,2025-08-10 08:00:00,90%回收温度,延炼50万吨/年航煤装置
226.0,ST010377,<p>℃</p>,2025-08-10 08:00:00,终馏点,延炼50万吨/年航煤装置
190.0,ST010377,<p>℃</p>,2025-08-10 08:00:00,50%回收温度,延炼50万吨/年航煤装置
176.5,ST010377,<p>℃</p>,2025-08-10 08:00:00,20%回收温度,延炼50万吨/年航煤装置
170.5,ST010377,<p>℃</p>,2025-08-10 08:00:00,10%回收温度,延炼50万吨/年航煤装置
150.5,ST010377,<p>℃</p>,2025-08-10 08:00:00,初馏点,延炼50万吨/年航煤装置
0.7,ST010377,体积分数 %,2025-08-10 08:00:00,损失量,延炼50万吨/年航煤装置
0.9,ST010377,体积分数 %,2025-08-11 08:00:00,残留量,延炼50万吨/年航煤装置
212.0,ST010377,<p>℃</p>,2025-08-11 08:00:00,90%回收温度,延炼50万吨/年航煤装置
228.0,ST010377,<p>℃</p>,2025-08-11 08:00:00,终馏点,延炼50万吨/年航煤装置
190.0,ST010377,<p>℃</p>,2025-08-11 08:00:00,50%回收温度,延炼50万吨/年航煤装置
176.5,ST010377,<p>℃</p>,2025-08-11 08:00:00,20%回收温度,延炼50万吨/年航煤装置
170.5,ST010377,<p>℃</p>,2025-08-11 08:00:00,10%回收温度,延炼50万吨/年航煤装置
152.5,ST010377,<p>℃</p>,2025-08-11 08:00:00,初馏点,延炼50万吨/年航煤装置
0.4,ST010377,体积分数 %,2025-08-11 08:00:00,损失量,延炼50万吨/年航煤装置
43.0,ST010377,℃,2025-08-11 08:00:00,闪点（闭口）,延炼50万吨/年航煤装置
788.7,ST010377,<p>kg/m<sup>3</sup></p>,2025-08-11 08:00:00,密度(20℃),延炼50万吨/年航煤装置
788.1,ST010377,<p>kg/m<sup>3</sup></p>,2025-08-12 08:00:00,密度(20℃),延炼50万吨/年航煤装置
1.1,ST010377,体积分数 %,2025-08-12 08:00:00,残留量,延炼50万吨/年航煤装置
213.0,ST010377,<p>℃</p>,2025-08-12 08:00:00,90%回收温度,延炼50万吨/年航煤装置
225.0,ST010377,<p>℃</p>,2025-08-12 08:00:00,终馏点,延炼50万吨/年航煤装置
190.0,ST010377,<p>℃</p>,2025-08-12 08:00:00,50%回收温度,延炼50万吨/年航煤装置
175.5,ST010377,<p>℃</p>,2025-08-12 08:00:00,20%回收温度,延炼50万吨/年航煤装置
170.5,ST010377,<p>℃</p>,2025-08-12 08:00:00,10%回收温度,延炼50万吨/年航煤装置
150.5,ST010377,<p>℃</p>,2025-08-12 08:00:00,初馏点,延炼50万吨/年航煤装置
0.5,ST010377,体积分数 %,2025-08-12 08:00:00,损失量,延炼50万吨/年航煤装置
43.0,ST010377,℃,2025-08-12 08:00:00,闪点（闭口）,延炼50万吨/年航煤装置
788.8,ST010377,<p>kg/m<sup>3</sup></p>,2025-08-13 08:00:00,密度(20℃),延炼50万吨/年航煤装置
1.1,ST010377,体积分数 %,2025-08-13 08:00:00,残留量,延炼50万吨/年航煤装置
213.0,ST010377,<p>℃</p>,2025-08-13 08:00:00,90%回收温度,延炼50万吨/年航煤装置
224.0,ST010377,<p>℃</p>,2025-08-13 08:00:00,终馏点,延炼50万吨/年航煤装置
190.5,ST010377,<p>℃</p>,2025-08-13 08:00:00,50%回收温度,延炼50万吨/年航煤装置
176.5,ST010377,<p>℃</p>,2025-08-13 08:00:00,20%回收温度,延炼50万吨/年航煤装置
171.5,ST010377,<p>℃</p>,2025-08-13 08:00:00,10%回收温度,延炼50万吨/年航煤装置
151.0,ST010377,<p>℃</p>,2025-08-13 08:00:00,初馏点,延炼50万吨/年航煤装置
0.4,ST010377,体积分数 %,2025-08-13 08:00:00,损失量,延炼50万吨/年航煤装置
43.5,ST010377,℃,2025-08-13 08:00:00,闪点（闭口）,延炼50万吨/年航煤装置
0.9,ST010377,体积分数 %,2025-08-14 08:00:00,残留量,延炼50万吨/年航煤装置
214.0,ST010377,<p>℃</p>,2025-08-14 08:00:00,90%回收温度,延炼50万吨/年航煤装置
228.0,ST010377,<p>℃</p>,2025-08-14 08:00:00,终馏点,延炼50万吨/年航煤装置
190.5,ST010377,<p>℃</p>,2025-08-14 08:00:00,50%回收温度,延炼50万吨/年航煤装置
177.5,ST010377,<p>℃</p>,2025-08-14 08:00:00,20%回收温度,延炼50万吨/年航煤装置
172.5,ST010377,<p>℃</p>,2025-08-14 08:00:00,10%回收温度,延炼50万吨/年航煤装置
154.0,ST010377,<p>℃</p>,2025-08-14 08:00:00,初馏点,延炼50万吨/年航煤装置
0.8,ST010377,体积分数 %,2025-08-14 08:00:00,损失量,延炼50万吨/年航煤装置
787.8,ST010377,<p>kg/m<sup>3</sup></p>,2025-08-14 08:00:00,密度(20℃),延炼50万吨/年航煤装置
44.0,ST010377,℃,2025-08-14 08:00:00,闪点（闭口）,延炼50万吨/年航煤装置
788.6,ST010377,<p>kg/m<sup>3</sup></p>,2025-08-15 08:00:00,密度(20℃),延炼50万吨/年航煤装置
44.5,ST010377,℃,2025-08-15 08:00:00,闪点（闭口）,延炼50万吨/年航煤装置
1.0,ST010377,体积分数 %,2025-08-15 08:00:00,残留量,延炼50万吨/年航煤装置
214.0,ST010377,<p>℃</p>,2025-08-15 08:00:00,90%回收温度,延炼50万吨/年航煤装置
230.0,ST010377,<p>℃</p>,2025-08-15 08:00:00,终馏点,延炼50万吨/年航煤装置
190.5,ST010377,<p>℃</p>,2025-08-15 08:00:00,50%回收温度,延炼50万吨/年航煤装置
178.5,ST010377,<p>℃</p>,2025-08-15 08:00:00,20%回收温度,延炼50万吨/年航煤装置
173.5,ST010377,<p>℃</p>,2025-08-15 08:00:00,10%回收温度,延炼50万吨/年航煤装置
156.5,ST010377,<p>℃</p>,2025-08-15 08:00:00,初馏点,延炼50万吨/年航煤装置
0.7,ST010377,体积分数 %,2025-08-15 08:00:00,损失量,延炼50万吨/年航煤装置
42.5,ST010377,℃,2025-08-16 08:00:00,闪点（闭口）,延炼50万吨/年航煤装置
788.6,ST010377,<p>kg/m<sup>3</sup></p>,2025-08-16 08:00:00,密度(20℃),延炼50万吨/年航煤装置
1.1,ST010377,体积分数 %,2025-08-16 08:00:00,残留量,延炼50万吨/年航煤装置
214.0,ST010377,<p>℃</p>,2025-08-16 08:00:00,90%回收温度,延炼50万吨/年航煤装置
227.0,ST010377,<p>℃</p>,2025-08-16 08:00:00,终馏点,延炼50万吨/年航煤装置
190.5,ST010377,<p>℃</p>,2025-08-16 08:00:00,50%回收温度,延炼50万吨/年航煤装置
177.5,ST010377,<p>℃</p>,2025-08-16 08:00:00,20%回收温度,延炼50万吨/年航煤装置
172.5,ST010377,<p>℃</p>,2025-08-16 08:00:00,10%回收温度,延炼50万吨/年航煤装置
153.0,ST010377,<p>℃</p>,2025-08-16 08:00:00,初馏点,延炼50万吨/年航煤装置
0.5,ST010377,体积分数 %,2025-08-16 08:00:00,损失量,延炼50万吨/年航煤装置
45.0,ST010377,℃,2025-08-17 08:00:00,闪点（闭口）,延炼50万吨/年航煤装置
190.5,ST010377,<p>℃</p>,2025-08-17 08:00:00,50%回收温度,延炼50万吨/年航煤装置
177.5,ST010377,<p>℃</p>,2025-08-17 08:00:00,20%回收温度,延炼50万吨/年航煤装置
172.5,ST010377,<p>℃</p>,2025-08-17 08:00:00,10%回收温度,延炼50万吨/年航煤装置
156.5,ST010377,<p>℃</p>,2025-08-17 08:00:00,初馏点,延炼50万吨/年航煤装置
0.6,ST010377,体积分数 %,2025-08-17 08:00:00,损失量,延炼50万吨/年航煤装置
788.6,ST010377,<p>kg/m<sup>3</sup></p>,2025-08-17 08:00:00,密度(20℃),延炼50万吨/年航煤装置
1.1,ST010377,体积分数 %,2025-08-17 08:00:00,残留量,延炼50万吨/年航煤装置
214.0,ST010377,<p>℃</p>,2025-08-17 08:00:00,90%回收温度,延炼50万吨/年航煤装置
230.0,ST010377,<p>℃</p>,2025-08-17 08:00:00,终馏点,延炼50万吨/年航煤装置
0.9,ST010377,体积分数 %,2025-08-18 08:00:00,残留量,延炼50万吨/年航煤装置
215.0,ST010377,<p>℃</p>,2025-08-18 08:00:00,90%回收温度,延炼50万吨/年航煤装置
227.0,ST010377,<p>℃</p>,2025-08-18 08:00:00,终馏点,延炼50万吨/年航煤装置
190.5,ST010377,<p>℃</p>,2025-08-18 08:00:00,50%回收温度,延炼50万吨/年航煤装置
178.5,ST010377,<p>℃</p>,2025-08-18 08:00:00,20%回收温度,延炼50万吨/年航煤装置
173.5,ST010377,<p>℃</p>,2025-08-18 08:00:00,10%回收温度,延炼50万吨/年航煤装置
155.5,ST010377,<p>℃</p>,2025-08-18 08:00:00,初馏点,延炼50万吨/年航煤装置
0.8,ST010377,体积分数 %,2025-08-18 08:00:00,损失量,延炼50万吨/年航煤装置
788.6,ST010377,<p>kg/m<sup>3</sup></p>,2025-08-18 08:00:00,密度(20℃),延炼50万吨/年航煤装置
42.0,ST010377,℃,2025-08-18 08:00:00,闪点（闭口）,延炼50万吨/年航煤装置
788.9,ST010377,<p>kg/m<sup>3</sup></p>,2025-08-19 08:00:00,密度(20℃),延炼50万吨/年航煤装置
1.0,ST010377,体积分数 %,2025-08-19 08:00:00,残留量,延炼50万吨/年航煤装置
214.0,ST010377,<p>℃</p>,2025-08-19 08:00:00,90%回收温度,延炼50万吨/年航煤装置
226.0,ST010377,<p>℃</p>,2025-08-19 08:00:00,终馏点,延炼50万吨/年航煤装置
191.0,ST010377,<p>℃</p>,2025-08-19 08:00:00,50%回收温度,延炼50万吨/年航煤装置
177.5,ST010377,<p>℃</p>,2025-08-19 08:00:00,20%回收温度,延炼50万吨/年航煤装置
172.5,ST010377,<p>℃</p>,2025-08-19 08:00:00,10%回收温度,延炼50万吨/年航煤装置
154.5,ST010377,<p>℃</p>,2025-08-19 08:00:00,初馏点,延炼50万吨/年航煤装置
0.7,ST010377,体积分数 %,2025-08-19 08:00:00,损失量,延炼50万吨/年航煤装置
45.0,ST010377,℃,2025-08-19 08:00:00,闪点（闭口）,延炼50万吨/年航煤装置
788.5,ST010377,<p>kg/m<sup>3</sup></p>,2025-08-20 08:00:00,密度(20℃),延炼50万吨/年航煤装置
1.1,ST010377,体积分数 %,2025-08-20 08:00:00,残留量,延炼50万吨/年航煤装置
215.5,ST010377,<p>℃</p>,2025-08-20 08:00:00,90%回收温度,延炼50万吨/年航煤装置
227.5,ST010377,<p>℃</p>,2025-08-20 08:00:00,终馏点,延炼50万吨/年航煤装置
191.0,ST010377,<p>℃</p>,2025-08-20 08:00:00,50%回收温度,延炼50万吨/年航煤装置
178.0,ST010377,<p>℃</p>,2025-08-20 08:00:00,20%回收温度,延炼50万吨/年航煤装置
173.0,ST010377,<p>℃</p>,2025-08-20 08:00:00,10%回收温度,延炼50万吨/年航煤装置
155.5,ST010377,<p>℃</p>,2025-08-20 08:00:00,初馏点,延炼50万吨/年航煤装置
0.8,ST010377,体积分数 %,2025-08-20 08:00:00,损失量,延炼50万吨/年航煤装置
44.5,ST010377,℃,2025-08-20 08:00:00,闪点（闭口）,延炼50万吨/年航煤装置
177.5,ST010377,<p>℃</p>,2025-08-21 08:00:00,20%回收温度,延炼50万吨/年航煤装置
172.5,ST010377,<p>℃</p>,2025-08-21 08:00:00,10%回收温度,延炼50万吨/年航煤装置
155.5,ST010377,<p>℃</p>,2025-08-21 08:00:00,初馏点,延炼50万吨/年航煤装置
0.8,ST010377,体积分数 %,2025-08-21 08:00:00,损失量,延炼50万吨/年航煤装置
44.0,ST010377,℃,2025-08-21 08:00:00,闪点（闭口）,延炼50万吨/年航煤装置
788.1,ST010377,<p>kg/m<sup>3</sup></p>,2025-08-21 08:00:00,密度(20℃),延炼50万吨/年航煤装置
0.9,ST010377,体积分数 %,2025-08-21 08:00:00,残留量,延炼50万吨/年航煤装置
213.0,ST010377,<p>℃</p>,2025-08-21 08:00:00,90%回收温度,延炼50万吨/年航煤装置
226.0,ST010377,<p>℃</p>,2025-08-21 08:00:00,终馏点,延炼50万吨/年航煤装置
190.5,ST010377,<p>℃</p>,2025-08-21 08:00:00,50%回收温度,延炼50万吨/年航煤装置
0.8,ST010377,体积分数 %,2025-08-22 08:00:00,残留量,延炼50万吨/年航煤装置
213.0,ST010377,<p>℃</p>,2025-08-22 08:00:00,90%回收温度,延炼50万吨/年航煤装置
228.0,ST010377,<p>℃</p>,2025-08-22 08:00:00,终馏点,延炼50万吨/年航煤装置
191.0,ST010377,<p>℃</p>,2025-08-22 08:00:00,50%回收温度,延炼50万吨/年航煤装置
177.5,ST010377,<p>℃</p>,2025-08-22 08:00:00,20%回收温度,延炼50万吨/年航煤装置
172.5,ST010377,<p>℃</p>,2025-08-22 08:00:00,10%回收温度,延炼50万吨/年航煤装置
155.5,ST010377,<p>℃</p>,2025-08-22 08:00:00,初馏点,延炼50万吨/年航煤装置
0.8,ST010377,体积分数 %,2025-08-22 08:00:00,损失量,延炼50万吨/年航煤装置
788.5,ST010377,<p>kg/m<sup>3</sup></p>,2025-08-22 08:00:00,密度(20℃),延炼50万吨/年航煤装置
44.0,ST010377,℃,2025-08-22 08:00:00,闪点（闭口）,延炼50万吨/年航煤装置
153.0,ST010377,<p>℃</p>,2025-08-23 08:00:00,初馏点,延炼50万吨/年航煤装置
0.5,ST010377,体积分数 %,2025-08-23 08:00:00,损失量,延炼50万吨/年航煤装置
788.6,ST010377,<p>kg/m<sup>3</sup></p>,2025-08-23 08:00:00,密度(20℃),延炼50万吨/年航煤装置
1.1,ST010377,体积分数 %,2025-08-23 08:00:00,残留量,延炼50万吨/年航煤装置
213.0,ST010377,<p>℃</p>,2025-08-23 08:00:00,90%回收温度,延炼50万吨/年航煤装置
225.0,ST010377,<p>℃</p>,2025-08-23 08:00:00,终馏点,延炼50万吨/年航煤装置
190.5,ST010377,<p>℃</p>,2025-08-23 08:00:00,50%回收温度,延炼50万吨/年航煤装置
177.5,ST010377,<p>℃</p>,2025-08-23 08:00:00,20%回收温度,延炼50万吨/年航煤装置
171.5,ST010377,<p>℃</p>,2025-08-23 08:00:00,10%回收温度,延炼50万吨/年航煤装置
44.0,ST010377,℃,2025-08-23 08:00:00,闪点（闭口）,延炼50万吨/年航煤装置
213.0,ST010377,<p>℃</p>,2025-08-24 08:00:00,90%回收温度,延炼50万吨/年航煤装置
228.0,ST010377,<p>℃</p>,2025-08-24 08:00:00,终馏点,延炼50万吨/年航煤装置
190.5,ST010377,<p>℃</p>,2025-08-24 08:00:00,50%回收温度,延炼50万吨/年航煤装置
177.5,ST010377,<p>℃</p>,2025-08-24 08:00:00,20%回收温度,延炼50万吨/年航煤装置
172.5,ST010377,<p>℃</p>,2025-08-24 08:00:00,10%回收温度,延炼50万吨/年航煤装置
154.0,ST010377,<p>℃</p>,2025-08-24 08:00:00,初馏点,延炼50万吨/年航煤装置
0.5,ST010377,体积分数 %,2025-08-24 08:00:00,损失量,延炼50万吨/年航煤装置
1.1,ST010377,体积分数 %,2025-08-24 08:00:00,残留量,延炼50万吨/年航煤装置
43.5,ST010377,℃,2025-08-24 08:00:00,闪点（闭口）,延炼50万吨/年航煤装置
788.2,ST010377,<p>kg/m<sup>3</sup></p>,2025-08-24 08:00:00,密度(20℃),延炼50万吨/年航煤装置
788.4,ST010377,<p>kg/m<sup>3</sup></p>,2025-08-25 08:00:00,密度(20℃),延炼50万吨/年航煤装置
1.1,ST010377,体积分数 %,2025-08-25 08:00:00,残留量,延炼50万吨/年航煤装置
213.0,ST010377,<p>℃</p>,2025-08-25 08:00:00,90%回收温度,延炼50万吨/年航煤装置
225.0,ST010377,<p>℃</p>,2025-08-25 08:00:00,终馏点,延炼50万吨/年航煤装置
190.5,ST010377,<p>℃</p>,2025-08-25 08:00:00,50%回收温度,延炼50万吨/年航煤装置
177.5,ST010377,<p>℃</p>,2025-08-25 08:00:00,20%回收温度,延炼50万吨/年航煤装置
172.5,ST010377,<p>℃</p>,2025-08-25 08:00:00,10%回收温度,延炼50万吨/年航煤装置
154.0,ST010377,<p>℃</p>,2025-08-25 08:00:00,初馏点,延炼50万吨/年航煤装置
0.6,ST010377,体积分数 %,2025-08-25 08:00:00,损失量,延炼50万吨/年航煤装置
44.0,ST010377,℃,2025-08-25 08:00:00,闪点（闭口）,延炼50万吨/年航煤装置
788.8,ST010377,<p>kg/m<sup>3</sup></p>,2025-08-26 08:00:00,密度(20℃),延炼50万吨/年航煤装置
1.1,ST010377,体积分数 %,2025-08-26 08:00:00,残留量,延炼50万吨/年航煤装置
213.0,ST010377,<p>℃</p>,2025-08-26 08:00:00,90%回收温度,延炼50万吨/年航煤装置
228.0,ST010377,<p>℃</p>,2025-08-26 08:00:00,终馏点,延炼50万吨/年航煤装置
190.5,ST010377,<p>℃</p>,2025-08-26 08:00:00,50%回收温度,延炼50万吨/年航煤装置
177.5,ST010377,<p>℃</p>,2025-08-26 08:00:00,20%回收温度,延炼50万吨/年航煤装置
172.5,ST010377,<p>℃</p>,2025-08-26 08:00:00,10%回收温度,延炼50万吨/年航煤装置
153.0,ST010377,<p>℃</p>,2025-08-26 08:00:00,初馏点,延炼50万吨/年航煤装置
0.6,ST010377,体积分数 %,2025-08-26 08:00:00,损失量,延炼50万吨/年航煤装置
42.5,ST010377,℃,2025-08-26 08:00:00,闪点（闭口）,延炼50万吨/年航煤装置
788.7,ST010377,<p>kg/m<sup>3</sup></p>,2025-08-27 08:00:00,密度(20℃),延炼50万吨/年航煤装置
1.0,ST010377,体积分数 %,2025-08-27 08:00:00,残留量,延炼50万吨/年航煤装置
213.0,ST010377,<p>℃</p>,2025-08-27 08:00:00,90%回收温度,延炼50万吨/年航煤装置
228.0,ST010377,<p>℃</p>,2025-08-27 08:00:00,终馏点,延炼50万吨/年航煤装置
191.0,ST010377,<p>℃</p>,2025-08-27 08:00:00,50%回收温度,延炼50万吨/年航煤装置
177.5,ST010377,<p>℃</p>,2025-08-27 08:00:00,20%回收温度,延炼50万吨/年航煤装置
172.5,ST010377,<p>℃</p>,2025-08-27 08:00:00,10%回收温度,延炼50万吨/年航煤装置
154.5,ST010377,<p>℃</p>,2025-08-27 08:00:00,初馏点,延炼50万吨/年航煤装置
0.7,ST010377,体积分数 %,2025-08-27 08:00:00,损失量,延炼50万吨/年航煤装置
44.0,ST010377,℃,2025-08-27 08:00:00,闪点（闭口）,延炼50万吨/年航煤装置
788.5,ST010377,<p>kg/m<sup>3</sup></p>,2025-08-28 08:00:00,密度(20℃),延炼50万吨/年航煤装置
1.0,ST010377,体积分数 %,2025-08-28 08:00:00,残留量,延炼50万吨/年航煤装置
213.0,ST010377,<p>℃</p>,2025-08-28 08:00:00,90%回收温度,延炼50万吨/年航煤装置
228.0,ST010377,<p>℃</p>,2025-08-28 08:00:00,终馏点,延炼50万吨/年航煤装置
190.5,ST010377,<p>℃</p>,2025-08-28 08:00:00,50%回收温度,延炼50万吨/年航煤装置
177.5,ST010377,<p>℃</p>,2025-08-28 08:00:00,20%回收温度,延炼50万吨/年航煤装置
172.5,ST010377,<p>℃</p>,2025-08-28 08:00:00,10%回收温度,延炼50万吨/年航煤装置
153.0,ST010377,<p>℃</p>,2025-08-28 08:00:00,初馏点,延炼50万吨/年航煤装置
0.7,ST010377,体积分数 %,2025-08-28 08:00:00,损失量,延炼50万吨/年航煤装置
43.5,ST010377,℃,2025-08-28 08:00:00,闪点（闭口）,延炼50万吨/年航煤装置
788.3,ST010377,<p>kg/m<sup>3</sup></p>,2025-08-29 08:00:00,密度(20℃),延炼50万吨/年航煤装置
1.1,ST010377,体积分数 %,2025-08-29 08:00:00,残留量,延炼50万吨/年航煤装置
212.5,ST010377,<p>℃</p>,2025-08-29 08:00:00,90%回收温度,延炼50万吨/年航煤装置
226.5,ST010377,<p>℃</p>,2025-08-29 08:00:00,终馏点,延炼50万吨/年航煤装置
190.5,ST010377,<p>℃</p>,2025-08-29 08:00:00,50%回收温度,延炼50万吨/年航煤装置
177.5,ST010377,<p>℃</p>,2025-08-29 08:00:00,20%回收温度,延炼50万吨/年航煤装置
172.0,ST010377,<p>℃</p>,2025-08-29 08:00:00,10%回收温度,延炼50万吨/年航煤装置
154.0,ST010377,<p>℃</p>,2025-08-29 08:00:00,初馏点,延炼50万吨/年航煤装置
0.5,ST010377,体积分数 %,2025-08-29 08:00:00,损失量,延炼50万吨/年航煤装置
43.5,ST010377,℃,2025-08-29 08:00:00,闪点（闭口）,延炼50万吨/年航煤装置
1.1,ST010377,体积分数 %,2025-08-30 08:00:00,残留量,延炼50万吨/年航煤装置
212.5,ST010377,<p>℃</p>,2025-08-30 08:00:00,90%回收温度,延炼50万吨/年航煤装置
224.5,ST010377,<p>℃</p>,2025-08-30 08:00:00,终馏点,延炼50万吨/年航煤装置
190.5,ST010377,<p>℃</p>,2025-08-30 08:00:00,50%回收温度,延炼50万吨/年航煤装置
177.5,ST010377,<p>℃</p>,2025-08-30 08:00:00,20%回收温度,延炼50万吨/年航煤装置
171.0,ST010377,<p>℃</p>,2025-08-30 08:00:00,10%回收温度,延炼50万吨/年航煤装置
151.0,ST010377,<p>℃</p>,2025-08-30 08:00:00,初馏点,延炼50万吨/年航煤装置
0.5,ST010377,体积分数 %,2025-08-30 08:00:00,损失量,延炼50万吨/年航煤装置
788.5,ST010377,<p>kg/m<sup>3</sup></p>,2025-08-30 08:00:00,密度(20℃),延炼50万吨/年航煤装置
43.0,ST010377,℃,2025-08-30 08:00:00,闪点（闭口）,延炼50万吨/年航煤装置
788.3,ST010377,<p>kg/m<sup>3</sup></p>,2025-08-31 08:00:00,密度(20℃),延炼50万吨/年航煤装置
1.1,ST010377,体积分数 %,2025-08-31 08:00:00,残留量,延炼50万吨/年航煤装置
213.0,ST010377,<p>℃</p>,2025-08-31 08:00:00,90%回收温度,延炼50万吨/年航煤装置
225.0,ST010377,<p>℃</p>,2025-08-31 08:00:00,终馏点,延炼50万吨/年航煤装置
190.5,ST010377,<p>℃</p>,2025-08-31 08:00:00,50%回收温度,延炼50万吨/年航煤装置
177.5,ST010377,<p>℃</p>,2025-08-31 08:00:00,20%回收温度,延炼50万吨/年航煤装置
171.5,ST010377,<p>℃</p>,2025-08-31 08:00:00,10%回收温度,延炼50万吨/年航煤装置
151.0,ST010377,<p>℃</p>,2025-08-31 08:00:00,初馏点,延炼50万吨/年航煤装置
0.5,ST010377,体积分数 %,2025-08-31 08:00:00,损失量,延炼50万吨/年航煤装置
43.0,ST010377,℃,2025-08-31 08:00:00,闪点（闭口）,延炼50万吨/年航煤装置
788.2,ST010377,<p>kg/m<sup>3</sup></p>,2025-09-01 08:00:00,密度(20℃),延炼50万吨/年航煤装置
1.0,ST010377,体积分数 %,2025-09-01 08:00:00,残留量,延炼50万吨/年航煤装置
212.0,ST010377,<p>℃</p>,2025-09-01 08:00:00,90%回收温度,延炼50万吨/年航煤装置
226.0,ST010377,<p>℃</p>,2025-09-01 08:00:00,终馏点,延炼50万吨/年航煤装置
189.5,ST010377,<p>℃</p>,2025-09-01 08:00:00,50%回收温度,延炼50万吨/年航煤装置
176.5,ST010377,<p>℃</p>,2025-09-01 08:00:00,20%回收温度,延炼50万吨/年航煤装置
171.5,ST010377,<p>℃</p>,2025-09-01 08:00:00,10%回收温度,延炼50万吨/年航煤装置
151.0,ST010377,<p>℃</p>,2025-09-01 08:00:00,初馏点,延炼50万吨/年航煤装置
0.7,ST010377,体积分数 %,2025-09-01 08:00:00,损失量,延炼50万吨/年航煤装置
43.0,ST010377,℃,2025-09-01 08:00:00,闪点（闭口）,延炼50万吨/年航煤装置
1.1,ST010377,体积分数 %,2025-09-02 08:00:00,残留量,延炼50万吨/年航煤装置
212.0,ST010377,<p>℃</p>,2025-09-02 08:00:00,90%回收温度,延炼50万吨/年航煤装置
225.0,ST010377,<p>℃</p>,2025-09-02 08:00:00,终馏点,延炼50万吨/年航煤装置
190.0,ST010377,<p>℃</p>,2025-09-02 08:00:00,50%回收温度,延炼50万吨/年航煤装置
177.5,ST010377,<p>℃</p>,2025-09-02 08:00:00,20%回收温度,延炼50万吨/年航煤装置
171.5,ST010377,<p>℃</p>,2025-09-02 08:00:00,10%回收温度,延炼50万吨/年航煤装置
151.0,ST010377,<p>℃</p>,2025-09-02 08:00:00,初馏点,延炼50万吨/年航煤装置
0.4,ST010377,体积分数 %,2025-09-02 08:00:00,损失量,延炼50万吨/年航煤装置
43.5,ST010377,℃,2025-09-02 08:00:00,闪点（闭口）,延炼50万吨/年航煤装置
788.8,ST010377,<p>kg/m<sup>3</sup></p>,2025-09-02 08:00:00,密度(20℃),延炼50万吨/年航煤装置
788.2,ST010377,<p>kg/m<sup>3</sup></p>,2025-09-03 08:00:00,密度(20℃),延炼50万吨/年航煤装置
1.0,ST010377,体积分数 %,2025-09-03 08:00:00,残留量,延炼50万吨/年航煤装置
212.0,ST010377,<p>℃</p>,2025-09-03 08:00:00,90%回收温度,延炼50万吨/年航煤装置
226.0,ST010377,<p>℃</p>,2025-09-03 08:00:00,终馏点,延炼50万吨/年航煤装置
191.0,ST010377,<p>℃</p>,2025-09-03 08:00:00,50%回收温度,延炼50万吨/年航煤装置
176.5,ST010377,<p>℃</p>,2025-09-03 08:00:00,20%回收温度,延炼50万吨/年航煤装置
171.5,ST010377,<p>℃</p>,2025-09-03 08:00:00,10%回收温度,延炼50万吨/年航煤装置
151.0,ST010377,<p>℃</p>,2025-09-03 08:00:00,初馏点,延炼50万吨/年航煤装置
0.7,ST010377,体积分数 %,2025-09-03 08:00:00,损失量,延炼50万吨/年航煤装置
43.0,ST010377,℃,2025-09-03 08:00:00,闪点（闭口）,延炼50万吨/年航煤装置
788.0,ST010377,<p>kg/m<sup>3</sup></p>,2025-09-04 08:00:00,密度(20℃),延炼50万吨/年航煤装置
43.5,ST010377,℃,2025-09-04 08:00:00,闪点（闭口）,延炼50万吨/年航煤装置
0.9,ST010377,体积分数 %,2025-09-04 08:00:00,残留量,延炼50万吨/年航煤装置
212.0,ST010377,<p>℃</p>,2025-09-04 08:00:00,90%回收温度,延炼50万吨/年航煤装置
226.0,ST010377,<p>℃</p>,2025-09-04 08:00:00,终馏点,延炼50万吨/年航煤装置
190.0,ST010377,<p>℃</p>,2025-09-04 08:00:00,50%回收温度,延炼50万吨/年航煤装置
176.5,ST010377,<p>℃</p>,2025-09-04 08:00:00,20%回收温度,延炼50万吨/年航煤装置
171.5,ST010377,<p>℃</p>,2025-09-04 08:00:00,10%回收温度,延炼50万吨/年航煤装置
151.0,ST010377,<p>℃</p>,2025-09-04 08:00:00,初馏点,延炼50万吨/年航煤装置
0.8,ST010377,体积分数 %,2025-09-04 08:00:00,损失量,延炼50万吨/年航煤装置
788.7,ST010377,<p>kg/m<sup>3</sup></p>,2025-09-05 08:00:00,密度(20℃),延炼50万吨/年航煤装置
190.5,ST010377,<p>℃</p>,2025-09-05 08:00:00,50%回收温度,延炼50万吨/年航煤装置
177.5,ST010377,<p>℃</p>,2025-09-05 08:00:00,20%回收温度,延炼50万吨/年航煤装置
171.5,ST010377,<p>℃</p>,2025-09-05 08:00:00,10%回收温度,延炼50万吨/年航煤装置
150.0,ST010377,<p>℃</p>,2025-09-05 08:00:00,初馏点,延炼50万吨/年航煤装置
0.7,ST010377,体积分数 %,2025-09-05 08:00:00,损失量,延炼50万吨/年航煤装置
1.0,ST010377,体积分数 %,2025-09-05 08:00:00,残留量,延炼50万吨/年航煤装置
213.0,ST010377,<p>℃</p>,2025-09-05 08:00:00,90%回收温度,延炼50万吨/年航煤装置
226.0,ST010377,<p>℃</p>,2025-09-05 08:00:00,终馏点,延炼50万吨/年航煤装置
43.5,ST010377,℃,2025-09-05 08:00:00,闪点（闭口）,延炼50万吨/年航煤装置
788.7,ST010377,<p>kg/m<sup>3</sup></p>,2025-09-06 08:00:00,密度(20℃),延炼50万吨/年航煤装置
1.1,ST010377,体积分数 %,2025-09-06 08:00:00,残留量,延炼50万吨/年航煤装置
213.5,ST010377,<p>℃</p>,2025-09-06 08:00:00,90%回收温度,延炼50万吨/年航煤装置
226.0,ST010377,<p>℃</p>,2025-09-06 08:00:00,终馏点,延炼50万吨/年航煤装置
191.5,ST010377,<p>℃</p>,2025-09-06 08:00:00,50%回收温度,延炼50万吨/年航煤装置
177.5,ST010377,<p>℃</p>,2025-09-06 08:00:00,20%回收温度,延炼50万吨/年航煤装置
171.5,ST010377,<p>℃</p>,2025-09-06 08:00:00,10%回收温度,延炼50万吨/年航煤装置
150.0,ST010377,<p>℃</p>,2025-09-06 08:00:00,初馏点,延炼50万吨/年航煤装置
0.5,ST010377,体积分数 %,2025-09-06 08:00:00,损失量,延炼50万吨/年航煤装置
43.5,ST010377,℃,2025-09-06 08:00:00,闪点（闭口）,延炼50万吨/年航煤装置
788.9,ST010377,<p>kg/m<sup>3</sup></p>,2025-09-07 08:00:00,密度(20℃),延炼50万吨/年航煤装置
1.1,ST010377,体积分数 %,2025-09-07 08:00:00,残留量,延炼50万吨/年航煤装置
214.0,ST010377,<p>℃</p>,2025-09-07 08:00:00,90%回收温度,延炼50万吨/年航煤装置
227.0,ST010377,<p>℃</p>,2025-09-07 08:00:00,终馏点,延炼50万吨/年航煤装置
190.5,ST010377,<p>℃</p>,2025-09-07 08:00:00,50%回收温度,延炼50万吨/年航煤装置
177.5,ST010377,<p>℃</p>,2025-09-07 08:00:00,20%回收温度,延炼50万吨/年航煤装置
171.5,ST010377,<p>℃</p>,2025-09-07 08:00:00,10%回收温度,延炼50万吨/年航煤装置
151.0,ST010377,<p>℃</p>,2025-09-07 08:00:00,初馏点,延炼50万吨/年航煤装置
0.5,ST010377,体积分数 %,2025-09-07 08:00:00,损失量,延炼50万吨/年航煤装置
43.0,ST010377,℃,2025-09-07 08:00:00,闪点（闭口）,延炼50万吨/年航煤装置
50,ST010377,&mu;g/g,2025-09-08 08:00:00,水分,延炼50万吨/年航煤装置
7.5,ST010377,&mu;g/g,2025-09-08 08:00:00,氮含量,延炼50万吨/年航煤装置
11.1,ST010377,体积分数 %,2025-09-08 08:00:00,芳烃,延炼50万吨/年航煤装置
0.6,ST010377,体积分数 %,2025-09-08 08:00:00,烯烃,延炼50万吨/年航煤装置
43.0,ST010377,℃,2025-09-08 08:00:00,闪点（闭口）,延炼50万吨/年航煤装置
-56.3,ST010377,<p>℃</p>,2025-09-08 08:00:00,冰点,延炼50万吨/年航煤装置
52,ST010377,&mu;g/g,2025-09-08 08:00:00,硫醇硫,延炼50万吨/年航煤装置
3.447,ST010377,<p>mm<sup>2</sup>/s</p>,2025-09-08 08:00:00,运动黏度（-20℃）,延炼50万吨/年航煤装置
788.7,ST010377,<p>kg/m<sup>3</sup></p>,2025-09-08 08:00:00,密度(20℃),延炼50万吨/年航煤装置
27.4,ST010377,mm,2025-09-08 08:00:00,烟点,延炼50万吨/年航煤装置
1.0,ST010377,体积分数 %,2025-09-08 08:00:00,残留量,延炼50万吨/年航煤装置
215.0,ST010377,<p>℃</p>,2025-09-08 08:00:00,90%回收温度,延炼50万吨/年航煤装置
227.0,ST010377,<p>℃</p>,2025-09-08 08:00:00,终馏点,延炼50万吨/年航煤装置
191.5,ST010377,<p>℃</p>,2025-09-08 08:00:00,50%回收温度,延炼50万吨/年航煤装置
177.5,ST010377,<p>℃</p>,2025-09-08 08:00:00,20%回收温度,延炼50万吨/年航煤装置
171.5,ST010377,<p>℃</p>,2025-09-08 08:00:00,10%回收温度,延炼50万吨/年航煤装置
150.0,ST010377,<p>℃</p>,2025-09-08 08:00:00,初馏点,延炼50万吨/年航煤装置
0.7,ST010377,体积分数 %,2025-09-08 08:00:00,损失量,延炼50万吨/年航煤装置
215,ST010377,&mu;g/g,2025-09-08 08:00:00,总硫含量,延炼50万吨/年航煤装置
0.9,ST010377,体积分数 %,2025-09-09 08:00:00,残留量,延炼50万吨/年航煤装置
214.0,ST010377,<p>℃</p>,2025-09-09 08:00:00,90%回收温度,延炼50万吨/年航煤装置
228.0,ST010377,<p>℃</p>,2025-09-09 08:00:00,终馏点,延炼50万吨/年航煤装置
190.5,ST010377,<p>℃</p>,2025-09-09 08:00:00,50%回收温度,延炼50万吨/年航煤装置
177.5,ST010377,<p>℃</p>,2025-09-09 08:00:00,20%回收温度,延炼50万吨/年航煤装置
172.5,ST010377,<p>℃</p>,2025-09-09 08:00:00,10%回收温度,延炼50万吨/年航煤装置
153.0,ST010377,<p>℃</p>,2025-09-09 08:00:00,初馏点,延炼50万吨/年航煤装置
0.8,ST010377,体积分数 %,2025-09-09 08:00:00,损失量,延炼50万吨/年航煤装置
788.8,ST010377,<p>kg/m<sup>3</sup></p>,2025-09-09 08:00:00,密度(20℃),延炼50万吨/年航煤装置
43.0,ST010377,℃,2025-09-09 08:00:00,闪点（闭口）,延炼50万吨/年航煤装置
44.0,ST010377,℃,2025-09-10 08:00:00,闪点（闭口）,延炼50万吨/年航煤装置
1.0,ST010377,体积分数 %,2025-09-10 08:00:00,残留量,延炼50万吨/年航煤装置
215.0,ST010377,<p>℃</p>,2025-09-10 08:00:00,90%回收温度,延炼50万吨/年航煤装置
227.0,ST010377,<p>℃</p>,2025-09-10 08:00:00,终馏点,延炼50万吨/年航煤装置
191.5,ST010377,<p>℃</p>,2025-09-10 08:00:00,50%回收温度,延炼50万吨/年航煤装置
177.5,ST010377,<p>℃</p>,2025-09-10 08:00:00,20%回收温度,延炼50万吨/年航煤装置
172.5,ST010377,<p>℃</p>,2025-09-10 08:00:00,10%回收温度,延炼50万吨/年航煤装置
153.0,ST010377,<p>℃</p>,2025-09-10 08:00:00,初馏点,延炼50万吨/年航煤装置
0.7,ST010377,体积分数 %,2025-09-10 08:00:00,损失量,延炼50万吨/年航煤装置
788.2,ST010377,<p>kg/m<sup>3</sup></p>,2025-09-10 08:00:00,密度(20℃),延炼50万吨/年航煤装置
788.4,ST010377,<p>kg/m<sup>3</sup></p>,2025-09-11 08:00:00,密度(20℃),延炼50万吨/年航煤装置
1.0,ST010377,体积分数 %,2025-09-11 08:00:00,残留量,延炼50万吨/年航煤装置
215.0,ST010377,<p>℃</p>,2025-09-11 08:00:00,90%回收温度,延炼50万吨/年航煤装置
228.0,ST010377,<p>℃</p>,2025-09-11 08:00:00,终馏点,延炼50万吨/年航煤装置
191.5,ST010377,<p>℃</p>,2025-09-11 08:00:00,50%回收温度,延炼50万吨/年航煤装置
177.5,ST010377,<p>℃</p>,2025-09-11 08:00:00,20%回收温度,延炼50万吨/年航煤装置
171.5,ST010377,<p>℃</p>,2025-09-11 08:00:00,10%回收温度,延炼50万吨/年航煤装置
153.0,ST010377,<p>℃</p>,2025-09-11 08:00:00,初馏点,延炼50万吨/年航煤装置
0.7,ST010377,体积分数 %,2025-09-11 08:00:00,损失量,延炼50万吨/年航煤装置
44.5,ST010377,℃,2025-09-11 08:00:00,闪点（闭口）,延炼50万吨/年航煤装置
788.9,ST010377,<p>kg/m<sup>3</sup></p>,2025-09-12 08:00:00,密度(20℃),延炼50万吨/年航煤装置
1.1,ST010377,体积分数 %,2025-09-12 08:00:00,残留量,延炼50万吨/年航煤装置
215.0,ST010377,<p>℃</p>,2025-09-12 08:00:00,90%回收温度,延炼50万吨/年航煤装置
228.0,ST010377,<p>℃</p>,2025-09-12 08:00:00,终馏点,延炼50万吨/年航煤装置
191.5,ST010377,<p>℃</p>,2025-09-12 08:00:00,50%回收温度,延炼50万吨/年航煤装置
177.5,ST010377,<p>℃</p>,2025-09-12 08:00:00,20%回收温度,延炼50万吨/年航煤装置
171.5,ST010377,<p>℃</p>,2025-09-12 08:00:00,10%回收温度,延炼50万吨/年航煤装置
150.5,ST010377,<p>℃</p>,2025-09-12 08:00:00,初馏点,延炼50万吨/年航煤装置
0.5,ST010377,体积分数 %,2025-09-12 08:00:00,损失量,延炼50万吨/年航煤装置
43.0,ST010377,℃,2025-09-12 08:00:00,闪点（闭口）,延炼50万吨/年航煤装置
788.6,ST010377,<p>kg/m<sup>3</sup></p>,2025-09-13 08:00:00,密度(20℃),延炼50万吨/年航煤装置
1.1,ST010377,体积分数 %,2025-09-13 08:00:00,残留量,延炼50万吨/年航煤装置
216.0,ST010377,<p>℃</p>,2025-09-13 08:00:00,90%回收温度,延炼50万吨/年航煤装置
230.0,ST010377,<p>℃</p>,2025-09-13 08:00:00,终馏点,延炼50万吨/年航煤装置
191.5,ST010377,<p>℃</p>,2025-09-13 08:00:00,50%回收温度,延炼50万吨/年航煤装置
177.5,ST010377,<p>℃</p>,2025-09-13 08:00:00,20%回收温度,延炼50万吨/年航煤装置
171.5,ST010377,<p>℃</p>,2025-09-13 08:00:00,10%回收温度,延炼50万吨/年航煤装置
151.5,ST010377,<p>℃</p>,2025-09-13 08:00:00,初馏点,延炼50万吨/年航煤装置
0.6,ST010377,体积分数 %,2025-09-13 08:00:00,损失量,延炼50万吨/年航煤装置
43.5,ST010377,℃,2025-09-13 08:00:00,闪点（闭口）,延炼50万吨/年航煤装置
788.7,ST010377,<p>kg/m<sup>3</sup></p>,2025-09-14 08:00:00,密度(20℃),延炼50万吨/年航煤装置
0.5,ST010377,体积分数 %,2025-09-14 08:00:00,残留量,延炼50万吨/年航煤装置
215.0,ST010377,<p>℃</p>,2025-09-14 08:00:00,90%回收温度,延炼50万吨/年航煤装置
228.0,ST010377,<p>℃</p>,2025-09-14 08:00:00,终馏点,延炼50万吨/年航煤装置
191.5,ST010377,<p>℃</p>,2025-09-14 08:00:00,50%回收温度,延炼50万吨/年航煤装置
177.5,ST010377,<p>℃</p>,2025-09-14 08:00:00,20%回收温度,延炼50万吨/年航煤装置
171.5,ST010377,<p>℃</p>,2025-09-14 08:00:00,10%回收温度,延炼50万吨/年航煤装置
151.5,ST010377,<p>℃</p>,2025-09-14 08:00:00,初馏点,延炼50万吨/年航煤装置
0.8,ST010377,体积分数 %,2025-09-14 08:00:00,损失量,延炼50万吨/年航煤装置
43.5,ST010377,℃,2025-09-14 08:00:00,闪点（闭口）,延炼50万吨/年航煤装置
43.5,ST010377,℃,2025-09-15 08:00:00,闪点（闭口）,延炼50万吨/年航煤装置
788.4,ST010377,<p>kg/m<sup>3</sup></p>,2025-09-15 08:00:00,密度(20℃),延炼50万吨/年航煤装置
0.9,ST010377,体积分数 %,2025-09-15 08:00:00,残留量,延炼50万吨/年航煤装置
216.0,ST010377,<p>℃</p>,2025-09-15 08:00:00,90%回收温度,延炼50万吨/年航煤装置
229.0,ST010377,<p>℃</p>,2025-09-15 08:00:00,终馏点,延炼50万吨/年航煤装置
192.0,ST010377,<p>℃</p>,2025-09-15 08:00:00,50%回收温度,延炼50万吨/年航煤装置
177.5,ST010377,<p>℃</p>,2025-09-15 08:00:00,20%回收温度,延炼50万吨/年航煤装置
171.5,ST010377,<p>℃</p>,2025-09-15 08:00:00,10%回收温度,延炼50万吨/年航煤装置
151.5,ST010377,<p>℃</p>,2025-09-15 08:00:00,初馏点,延炼50万吨/年航煤装置
0.8,ST010377,体积分数 %,2025-09-15 08:00:00,损失量,延炼50万吨/年航煤装置
788.6,ST010377,<p>kg/m<sup>3</sup></p>,2025-09-16 08:00:00,密度(20℃),延炼50万吨/年航煤装置
43.5,ST010377,℃,2025-09-16 08:00:00,闪点（闭口）,延炼50万吨/年航煤装置
0.7,ST010377,体积分数 %,2025-09-16 08:00:00,损失量,延炼50万吨/年航煤装置
1.0,ST010377,体积分数 %,2025-09-16 08:00:00,残留量,延炼50万吨/年航煤装置
216.0,ST010377,<p>℃</p>,2025-09-16 08:00:00,90%回收温度,延炼50万吨/年航煤装置
230.0,ST010377,<p>℃</p>,2025-09-16 08:00:00,终馏点,延炼50万吨/年航煤装置
191.5,ST010377,<p>℃</p>,2025-09-16 08:00:00,50%回收温度,延炼50万吨/年航煤装置
177.5,ST010377,<p>℃</p>,2025-09-16 08:00:00,20%回收温度,延炼50万吨/年航煤装置
171.5,ST010377,<p>℃</p>,2025-09-16 08:00:00,10%回收温度,延炼50万吨/年航煤装置
151.5,ST010377,<p>℃</p>,2025-09-16 08:00:00,初馏点,延炼50万吨/年航煤装置
150.0,ST010377,<p>℃</p>,2025-09-17 08:00:00,初馏点,延炼50万吨/年航煤装置
0.8,ST010377,体积分数 %,2025-09-17 08:00:00,损失量,延炼50万吨/年航煤装置
788.4,ST010377,<p>kg/m<sup>3</sup></p>,2025-09-17 08:00:00,密度(20℃),延炼50万吨/年航煤装置
0.9,ST010377,体积分数 %,2025-09-17 08:00:00,残留量,延炼50万吨/年航煤装置
215.5,ST010377,<p>℃</p>,2025-09-17 08:00:00,90%回收温度,延炼50万吨/年航煤装置
230.0,ST010377,<p>℃</p>,2025-09-17 08:00:00,终馏点,延炼50万吨/年航煤装置
191.5,ST010377,<p>℃</p>,2025-09-17 08:00:00,50%回收温度,延炼50万吨/年航煤装置
177.5,ST010377,<p>℃</p>,2025-09-17 08:00:00,20%回收温度,延炼50万吨/年航煤装置
171.5,ST010377,<p>℃</p>,2025-09-17 08:00:00,10%回收温度,延炼50万吨/年航煤装置
43.0,ST010377,℃,2025-09-17 08:00:00,闪点（闭口）,延炼50万吨/年航煤装置
788.3,ST010377,<p>kg/m<sup>3</sup></p>,2025-09-18 08:00:00,密度(20℃),延炼50万吨/年航煤装置
1.0,ST010377,体积分数 %,2025-09-18 08:00:00,残留量,延炼50万吨/年航煤装置
214.5,ST010377,<p>℃</p>,2025-09-18 08:00:00,90%回收温度,延炼50万吨/年航煤装置
229.0,ST010377,<p>℃</p>,2025-09-18 08:00:00,终馏点,延炼50万吨/年航煤装置
191.5,ST010377,<p>℃</p>,2025-09-18 08:00:00,50%回收温度,延炼50万吨/年航煤装置
177.5,ST010377,<p>℃</p>,2025-09-18 08:00:00,20%回收温度,延炼50万吨/年航煤装置
171.5,ST010377,<p>℃</p>,2025-09-18 08:00:00,10%回收温度,延炼50万吨/年航煤装置
153.0,ST010377,<p>℃</p>,2025-09-18 08:00:00,初馏点,延炼50万吨/年航煤装置
0.4,ST010377,体积分数 %,2025-09-18 08:00:00,损失量,延炼50万吨/年航煤装置
43.0,ST010377,℃,2025-09-18 08:00:00,闪点（闭口）,延炼50万吨/年航煤装置
788.3,ST010377,<p>kg/m<sup>3</sup></p>,2025-09-19 08:00:00,密度(20℃),延炼50万吨/年航煤装置
0.8,ST010377,体积分数 %,2025-09-19 08:00:00,残留量,延炼50万吨/年航煤装置
214.5,ST010377,<p>℃</p>,2025-09-19 08:00:00,90%回收温度,延炼50万吨/年航煤装置
229.0,ST010377,<p>℃</p>,2025-09-19 08:00:00,终馏点,延炼50万吨/年航煤装置
191.5,ST010377,<p>℃</p>,2025-09-19 08:00:00,50%回收温度,延炼50万吨/年航煤装置
177.5,ST010377,<p>℃</p>,2025-09-19 08:00:00,20%回收温度,延炼50万吨/年航煤装置
171.5,ST010377,<p>℃</p>,2025-09-19 08:00:00,10%回收温度,延炼50万吨/年航煤装置
152.0,ST010377,<p>℃</p>,2025-09-19 08:00:00,初馏点,延炼50万吨/年航煤装置
0.8,ST010377,体积分数 %,2025-09-19 08:00:00,损失量,延炼50万吨/年航煤装置
43.0,ST010377,℃,2025-09-19 08:00:00,闪点（闭口）,延炼50万吨/年航煤装置
0.6,ST010377,体积分数 %,2025-09-20 08:00:00,残留量,延炼50万吨/年航煤装置
217.0,ST010377,<p>℃</p>,2025-09-20 08:00:00,90%回收温度,延炼50万吨/年航煤装置
229.0,ST010377,<p>℃</p>,2025-09-20 08:00:00,终馏点,延炼50万吨/年航煤装置
192.5,ST010377,<p>℃</p>,2025-09-20 08:00:00,50%回收温度,延炼50万吨/年航煤装置
178.5,ST010377,<p>℃</p>,2025-09-20 08:00:00,20%回收温度,延炼50万吨/年航煤装置
172.5,ST010377,<p>℃</p>,2025-09-20 08:00:00,10%回收温度,延炼50万吨/年航煤装置
151.0,ST010377,<p>℃</p>,2025-09-20 08:00:00,初馏点,延炼50万吨/年航煤装置
0.8,ST010377,体积分数 %,2025-09-20 08:00:00,损失量,延炼50万吨/年航煤装置
43.0,ST010377,℃,2025-09-20 08:00:00,闪点（闭口）,延炼50万吨/年航煤装置
788.4,ST010377,<p>kg/m<sup>3</sup></p>,2025-09-20 08:00:00,密度(20℃),延炼50万吨/年航煤装置
788.8,ST010377,<p>kg/m<sup>3</sup></p>,2025-09-21 08:00:00,密度(20℃),延炼50万吨/年航煤装置
43.5,ST010377,℃,2025-09-21 08:00:00,闪点（闭口）,延炼50万吨/年航煤装置
1.0,ST010377,体积分数 %,2025-09-21 08:00:00,残留量,延炼50万吨/年航煤装置
216.0,ST010377,<p>℃</p>,2025-09-21 08:00:00,90%回收温度,延炼50万吨/年航煤装置
231.0,ST010377,<p>℃</p>,2025-09-21 08:00:00,终馏点,延炼50万吨/年航煤装置
192.5,ST010377,<p>℃</p>,2025-09-21 08:00:00,50%回收温度,延炼50万吨/年航煤装置
177.5,ST010377,<p>℃</p>,2025-09-21 08:00:00,20%回收温度,延炼50万吨/年航煤装置
171.5,ST010377,<p>℃</p>,2025-09-21 08:00:00,10%回收温度,延炼50万吨/年航煤装置
151.0,ST010377,<p>℃</p>,2025-09-21 08:00:00,初馏点,延炼50万吨/年航煤装置
0.7,ST010377,体积分数 %,2025-09-21 08:00:00,损失量,延炼50万吨/年航煤装置
788.5,ST010377,<p>kg/m<sup>3</sup></p>,2025-09-22 08:00:00,密度(20℃),延炼50万吨/年航煤装置
43.5,ST010377,℃,2025-09-22 08:00:00,闪点（闭口）,延炼50万吨/年航煤装置
0.9,ST010377,体积分数 %,2025-09-22 08:00:00,残留量,延炼50万吨/年航煤装置
215.5,ST010377,<p>℃</p>,2025-09-22 08:00:00,90%回收温度,延炼50万吨/年航煤装置
230.0,ST010377,<p>℃</p>,2025-09-22 08:00:00,终馏点,延炼50万吨/年航煤装置
192.5,ST010377,<p>℃</p>,2025-09-22 08:00:00,50%回收温度,延炼50万吨/年航煤装置
177.5,ST010377,<p>℃</p>,2025-09-22 08:00:00,20%回收温度,延炼50万吨/年航煤装置
171.5,ST010377,<p>℃</p>,2025-09-22 08:00:00,10%回收温度,延炼50万吨/年航煤装置
154.0,ST010377,<p>℃</p>,2025-09-22 08:00:00,初馏点,延炼50万吨/年航煤装置
0.8,ST010377,体积分数 %,2025-09-22 08:00:00,损失量,延炼50万吨/年航煤装置
43.0,ST010377,℃,2025-09-23 08:00:00,闪点（闭口）,延炼50万吨/年航煤装置
788.6,ST010377,<p>kg/m<sup>3</sup></p>,2025-09-23 08:00:00,密度(20℃),延炼50万吨/年航煤装置
0.8,ST010377,体积分数 %,2025-09-23 08:00:00,残留量,延炼50万吨/年航煤装置
215.5,ST010377,<p>℃</p>,2025-09-23 08:00:00,90%回收温度,延炼50万吨/年航煤装置
230.0,ST010377,<p>℃</p>,2025-09-23 08:00:00,终馏点,延炼50万吨/年航煤装置
191.5,ST010377,<p>℃</p>,2025-09-23 08:00:00,50%回收温度,延炼50万吨/年航煤装置
177.5,ST010377,<p>℃</p>,2025-09-23 08:00:00,20%回收温度,延炼50万吨/年航煤装置
171.5,ST010377,<p>℃</p>,2025-09-23 08:00:00,10%回收温度,延炼50万吨/年航煤装置
151.0,ST010377,<p>℃</p>,2025-09-23 08:00:00,初馏点,延炼50万吨/年航煤装置
0.8,ST010377,体积分数 %,2025-09-23 08:00:00,损失量,延炼50万吨/年航煤装置
788.6,ST010377,<p>kg/m<sup>3</sup></p>,2025-09-24 08:00:00,密度(20℃),延炼50万吨/年航煤装置
1.1,ST010377,体积分数 %,2025-09-24 08:00:00,残留量,延炼50万吨/年航煤装置
217.0,ST010377,<p>℃</p>,2025-09-24 08:00:00,90%回收温度,延炼50万吨/年航煤装置
231.0,ST010377,<p>℃</p>,2025-09-24 08:00:00,终馏点,延炼50万吨/年航煤装置
192.5,ST010377,<p>℃</p>,2025-09-24 08:00:00,50%回收温度,延炼50万吨/年航煤装置
177.5,ST010377,<p>℃</p>,2025-09-24 08:00:00,20%回收温度,延炼50万吨/年航煤装置
171.5,ST010377,<p>℃</p>,2025-09-24 08:00:00,10%回收温度,延炼50万吨/年航煤装置
150.0,ST010377,<p>℃</p>,2025-09-24 08:00:00,初馏点,延炼50万吨/年航煤装置
0.6,ST010377,体积分数 %,2025-09-24 08:00:00,损失量,延炼50万吨/年航煤装置
42.5,ST010377,℃,2025-09-24 08:00:00,闪点（闭口）,延炼50万吨/年航煤装置
787.8,ST010377,<p>kg/m<sup>3</sup></p>,2025-09-25 08:00:00,密度(20℃),延炼50万吨/年航煤装置
0.9,ST010377,体积分数 %,2025-09-25 08:00:00,残留量,延炼50万吨/年航煤装置
215.5,ST010377,<p>℃</p>,2025-09-25 08:00:00,90%回收温度,延炼50万吨/年航煤装置
230.0,ST010377,<p>℃</p>,2025-09-25 08:00:00,终馏点,延炼50万吨/年航煤装置
192.5,ST010377,<p>℃</p>,2025-09-25 08:00:00,50%回收温度,延炼50万吨/年航煤装置
177.5,ST010377,<p>℃</p>,2025-09-25 08:00:00,20%回收温度,延炼50万吨/年航煤装置
171.5,ST010377,<p>℃</p>,2025-09-25 08:00:00,10%回收温度,延炼50万吨/年航煤装置
149.0,ST010377,<p>℃</p>,2025-09-25 08:00:00,初馏点,延炼50万吨/年航煤装置
0.4,ST010377,体积分数 %,2025-09-25 08:00:00,损失量,延炼50万吨/年航煤装置
42.5,ST010377,℃,2025-09-25 08:00:00,闪点（闭口）,延炼50万吨/年航煤装置
788.5,ST010377,<p>kg/m<sup>3</sup></p>,2025-09-26 08:00:00,密度(20℃),延炼50万吨/年航煤装置
1.1,ST010377,体积分数 %,2025-09-26 08:00:00,残留量,延炼50万吨/年航煤装置
216.5,ST010377,<p>℃</p>,2025-09-26 08:00:00,90%回收温度,延炼50万吨/年航煤装置
230.0,ST010377,<p>℃</p>,2025-09-26 08:00:00,终馏点,延炼50万吨/年航煤装置
192.5,ST010377,<p>℃</p>,2025-09-26 08:00:00,50%回收温度,延炼50万吨/年航煤装置
177.5,ST010377,<p>℃</p>,2025-09-26 08:00:00,20%回收温度,延炼50万吨/年航煤装置
171.5,ST010377,<p>℃</p>,2025-09-26 08:00:00,10%回收温度,延炼50万吨/年航煤装置
151.0,ST010377,<p>℃</p>,2025-09-26 08:00:00,初馏点,延炼50万吨/年航煤装置
0.5,ST010377,体积分数 %,2025-09-26 08:00:00,损失量,延炼50万吨/年航煤装置
43.0,ST010377,℃,2025-09-26 08:00:00,闪点（闭口）,延炼50万吨/年航煤装置
44.0,ST010377,℃,2025-09-27 08:00:00,闪点（闭口）,延炼50万吨/年航煤装置
788.7,ST010377,<p>kg/m<sup>3</sup></p>,2025-09-27 08:00:00,密度(20℃),延炼50万吨/年航煤装置
1.1,ST010377,体积分数 %,2025-09-27 08:00:00,残留量,延炼50万吨/年航煤装置
217.0,ST010377,<p>℃</p>,2025-09-27 08:00:00,90%回收温度,延炼50万吨/年航煤装置
231.0,ST010377,<p>℃</p>,2025-09-27 08:00:00,终馏点,延炼50万吨/年航煤装置
192.5,ST010377,<p>℃</p>,2025-09-27 08:00:00,50%回收温度,延炼50万吨/年航煤装置
178.5,ST010377,<p>℃</p>,2025-09-27 08:00:00,20%回收温度,延炼50万吨/年航煤装置
172.5,ST010377,<p>℃</p>,2025-09-27 08:00:00,10%回收温度,延炼50万吨/年航煤装置
151.0,ST010377,<p>℃</p>,2025-09-27 08:00:00,初馏点,延炼50万吨/年航煤装置
0.5,ST010377,体积分数 %,2025-09-27 08:00:00,损失量,延炼50万吨/年航煤装置
788.8,ST010377,<p>kg/m<sup>3</sup></p>,2025-09-28 08:00:00,密度(20℃),延炼50万吨/年航煤装置
1.0,ST010377,体积分数 %,2025-09-28 08:00:00,残留量,延炼50万吨/年航煤装置
216.5,ST010377,<p>℃</p>,2025-09-28 08:00:00,90%回收温度,延炼50万吨/年航煤装置
231.0,ST010377,<p>℃</p>,2025-09-28 08:00:00,终馏点,延炼50万吨/年航煤装置
192.5,ST010377,<p>℃</p>,2025-09-28 08:00:00,50%回收温度,延炼50万吨/年航煤装置
178.5,ST010377,<p>℃</p>,2025-09-28 08:00:00,20%回收温度,延炼50万吨/年航煤装置
171.5,ST010377,<p>℃</p>,2025-09-28 08:00:00,10%回收温度,延炼50万吨/年航煤装置
150.0,ST010377,<p>℃</p>,2025-09-28 08:00:00,初馏点,延炼50万吨/年航煤装置
0.7,ST010377,体积分数 %,2025-09-28 08:00:00,损失量,延炼50万吨/年航煤装置
43.5,ST010377,℃,2025-09-28 08:00:00,闪点（闭口）,延炼50万吨/年航煤装置
192.5,ST010377,<p>℃</p>,2025-09-29 08:00:00,50%回收温度,延炼50万吨/年航煤装置
178.5,ST010377,<p>℃</p>,2025-09-29 08:00:00,20%回收温度,延炼50万吨/年航煤装置
172.5,ST010377,<p>℃</p>,2025-09-29 08:00:00,10%回收温度,延炼50万吨/年航煤装置
151.0,ST010377,<p>℃</p>,2025-09-29 08:00:00,初馏点,延炼50万吨/年航煤装置
0.8,ST010377,体积分数 %,2025-09-29 08:00:00,损失量,延炼50万吨/年航煤装置
42.0,ST010377,℃,2025-09-29 08:00:00,闪点（闭口）,延炼50万吨/年航煤装置
788.8,ST010377,<p>kg/m<sup>3</sup></p>,2025-09-29 08:00:00,密度(20℃),延炼50万吨/年航煤装置
0.9,ST010377,体积分数 %,2025-09-29 08:00:00,残留量,延炼50万吨/年航煤装置
216.5,ST010377,<p>℃</p>,2025-09-29 08:00:00,90%回收温度,延炼50万吨/年航煤装置
231.0,ST010377,<p>℃</p>,2025-09-29 08:00:00,终馏点,延炼50万吨/年航煤装置
789.4,ST010377,<p>kg/m<sup>3</sup></p>,2025-09-30 08:00:00,密度(20℃),延炼50万吨/年航煤装置
1.1,ST010377,体积分数 %,2025-09-30 08:00:00,残留量,延炼50万吨/年航煤装置
216.5,ST010377,<p>℃</p>,2025-09-30 08:00:00,90%回收温度,延炼50万吨/年航煤装置
231.0,ST010377,<p>℃</p>,2025-09-30 08:00:00,终馏点,延炼50万吨/年航煤装置
193.5,ST010377,<p>℃</p>,2025-09-30 08:00:00,50%回收温度,延炼50万吨/年航煤装置
178.5,ST010377,<p>℃</p>,2025-09-30 08:00:00,20%回收温度,延炼50万吨/年航煤装置
172.5,ST010377,<p>℃</p>,2025-09-30 08:00:00,10%回收温度,延炼50万吨/年航煤装置
152.0,ST010377,<p>℃</p>,2025-09-30 08:00:00,初馏点,延炼50万吨/年航煤装置
0.6,ST010377,体积分数 %,2025-09-30 08:00:00,损失量,延炼50万吨/年航煤装置
44.0,ST010377,℃,2025-09-30 08:00:00,闪点（闭口）,延炼50万吨/年航煤装置
1.1,ST010377,体积分数 %,2025-10-01 08:00:00,残留量,延炼50万吨/年航煤装置
218.0,ST010377,<p>℃</p>,2025-10-01 08:00:00,90%回收温度,延炼50万吨/年航煤装置
230.0,ST010377,<p>℃</p>,2025-10-01 08:00:00,终馏点,延炼50万吨/年航煤装置
193.5,ST010377,<p>℃</p>,2025-10-01 08:00:00,50%回收温度,延炼50万吨/年航煤装置
178.5,ST010377,<p>℃</p>,2025-10-01 08:00:00,20%回收温度,延炼50万吨/年航煤装置
172.5,ST010377,<p>℃</p>,2025-10-01 08:00:00,10%回收温度,延炼50万吨/年航煤装置
156.5,ST010377,<p>℃</p>,2025-10-01 08:00:00,初馏点,延炼50万吨/年航煤装置
0.6,ST010377,体积分数 %,2025-10-01 08:00:00,损失量,延炼50万吨/年航煤装置
44.5,ST010377,℃,2025-10-01 08:00:00,闪点（闭口）,延炼50万吨/年航煤装置
788.8,ST010377,<p>kg/m<sup>3</sup></p>,2025-10-01 08:00:00,密度(20℃),延炼50万吨/年航煤装置
44.5,ST010377,℃,2025-10-02 08:00:00,闪点（闭口）,延炼50万吨/年航煤装置
789.2,ST010377,<p>kg/m<sup>3</sup></p>,2025-10-02 08:00:00,密度(20℃),延炼50万吨/年航煤装置
1.1,ST010377,体积分数 %,2025-10-02 08:00:00,残留量,延炼50万吨/年航煤装置
217.0,ST010377,<p>℃</p>,2025-10-02 08:00:00,90%回收温度,延炼50万吨/年航煤装置
231.0,ST010377,<p>℃</p>,2025-10-02 08:00:00,终馏点,延炼50万吨/年航煤装置
192.5,ST010377,<p>℃</p>,2025-10-02 08:00:00,50%回收温度,延炼50万吨/年航煤装置
177.5,ST010377,<p>℃</p>,2025-10-02 08:00:00,20%回收温度,延炼50万吨/年航煤装置
171.5,ST010377,<p>℃</p>,2025-10-02 08:00:00,10%回收温度,延炼50万吨/年航煤装置
154.0,ST010377,<p>℃</p>,2025-10-02 08:00:00,初馏点,延炼50万吨/年航煤装置
0.5,ST010377,体积分数 %,2025-10-02 08:00:00,损失量,延炼50万吨/年航煤装置
788.8,ST010377,<p>kg/m<sup>3</sup></p>,2025-10-03 08:00:00,密度(20℃),延炼50万吨/年航煤装置
1.1,ST010377,体积分数 %,2025-10-03 08:00:00,残留量,延炼50万吨/年航煤装置
218.0,ST010377,<p>℃</p>,2025-10-03 08:00:00,90%回收温度,延炼50万吨/年航煤装置
231.0,ST010377,<p>℃</p>,2025-10-03 08:00:00,终馏点,延炼50万吨/年航煤装置
192.5,ST010377,<p>℃</p>,2025-10-03 08:00:00,50%回收温度,延炼50万吨/年航煤装置
178.5,ST010377,<p>℃</p>,2025-10-03 08:00:00,20%回收温度,延炼50万吨/年航煤装置
172.5,ST010377,<p>℃</p>,2025-10-03 08:00:00,10%回收温度,延炼50万吨/年航煤装置
153.5,ST010377,<p>℃</p>,2025-10-03 08:00:00,初馏点,延炼50万吨/年航煤装置
0.6,ST010377,体积分数 %,2025-10-03 08:00:00,损失量,延炼50万吨/年航煤装置
44.0,ST010377,℃,2025-10-03 08:00:00,闪点（闭口）,延炼50万吨/年航煤装置
789.3,ST010377,<p>kg/m<sup>3</sup></p>,2025-10-04 08:00:00,密度(20℃),延炼50万吨/年航煤装置
1.1,ST010377,体积分数 %,2025-10-04 08:00:00,残留量,延炼50万吨/年航煤装置
219.0,ST010377,<p>℃</p>,2025-10-04 08:00:00,90%回收温度,延炼50万吨/年航煤装置
231.0,ST010377,<p>℃</p>,2025-10-04 08:00:00,终馏点,延炼50万吨/年航煤装置
193.5,ST010377,<p>℃</p>,2025-10-04 08:00:00,50%回收温度,延炼50万吨/年航煤装置
178.5,ST010377,<p>℃</p>,2025-10-04 08:00:00,20%回收温度,延炼50万吨/年航煤装置
172.5,ST010377,<p>℃</p>,2025-10-04 08:00:00,10%回收温度,延炼50万吨/年航煤装置
152.5,ST010377,<p>℃</p>,2025-10-04 08:00:00,初馏点,延炼50万吨/年航煤装置
0.8,ST010377,体积分数 %,2025-10-04 08:00:00,损失量,延炼50万吨/年航煤装置
45.5,ST010377,℃,2025-10-04 08:00:00,闪点（闭口）,延炼50万吨/年航煤装置
789.2,ST010377,<p>kg/m<sup>3</sup></p>,2025-10-05 08:00:00,密度(20℃),延炼50万吨/年航煤装置
1.0,ST010377,体积分数 %,2025-10-05 08:00:00,残留量,延炼50万吨/年航煤装置
219.0,ST010377,<p>℃</p>,2025-10-05 08:00:00,90%回收温度,延炼50万吨/年航煤装置
233.0,ST010377,<p>℃</p>,2025-10-05 08:00:00,终馏点,延炼50万吨/年航煤装置
194.5,ST010377,<p>℃</p>,2025-10-05 08:00:00,50%回收温度,延炼50万吨/年航煤装置
179.5,ST010377,<p>℃</p>,2025-10-05 08:00:00,20%回收温度,延炼50万吨/年航煤装置
172.5,ST010377,<p>℃</p>,2025-10-05 08:00:00,10%回收温度,延炼50万吨/年航煤装置
153.0,ST010377,<p>℃</p>,2025-10-05 08:00:00,初馏点,延炼50万吨/年航煤装置
0.7,ST010377,体积分数 %,2025-10-05 08:00:00,损失量,延炼50万吨/年航煤装置
45.0,ST010377,℃,2025-10-05 08:00:00,闪点（闭口）,延炼50万吨/年航煤装置
789.7,ST010377,<p>kg/m<sup>3</sup></p>,2025-10-06 08:00:00,密度(20℃),延炼50万吨/年航煤装置
1.1,ST010377,体积分数 %,2025-10-06 08:00:00,残留量,延炼50万吨/年航煤装置
218.5,ST010377,<p>℃</p>,2025-10-06 08:00:00,90%回收温度,延炼50万吨/年航煤装置
234.0,ST010377,<p>℃</p>,2025-10-06 08:00:00,终馏点,延炼50万吨/年航煤装置
194.5,ST010377,<p>℃</p>,2025-10-06 08:00:00,50%回收温度,延炼50万吨/年航煤装置
179.5,ST010377,<p>℃</p>,2025-10-06 08:00:00,20%回收温度,延炼50万吨/年航煤装置
173.5,ST010377,<p>℃</p>,2025-10-06 08:00:00,10%回收温度,延炼50万吨/年航煤装置
154.0,ST010377,<p>℃</p>,2025-10-06 08:00:00,初馏点,延炼50万吨/年航煤装置
0.5,ST010377,体积分数 %,2025-10-06 08:00:00,损失量,延炼50万吨/年航煤装置
45.5,ST010377,℃,2025-10-06 08:00:00,闪点（闭口）,延炼50万吨/年航煤装置
789.7,ST010377,<p>kg/m<sup>3</sup></p>,2025-10-07 08:00:00,密度(20℃),延炼50万吨/年航煤装置
1.1,ST010377,体积分数 %,2025-10-07 08:00:00,残留量,延炼50万吨/年航煤装置
218.5,ST010377,<p>℃</p>,2025-10-07 08:00:00,90%回收温度,延炼50万吨/年航煤装置
233.0,ST010377,<p>℃</p>,2025-10-07 08:00:00,终馏点,延炼50万吨/年航煤装置
194.5,ST010377,<p>℃</p>,2025-10-07 08:00:00,50%回收温度,延炼50万吨/年航煤装置
179.0,ST010377,<p>℃</p>,2025-10-07 08:00:00,20%回收温度,延炼50万吨/年航煤装置
172.0,ST010377,<p>℃</p>,2025-10-07 08:00:00,10%回收温度,延炼50万吨/年航煤装置
151.0,ST010377,<p>℃</p>,2025-10-07 08:00:00,初馏点,延炼50万吨/年航煤装置
0.4,ST010377,体积分数 %,2025-10-07 08:00:00,损失量,延炼50万吨/年航煤装置
44.0,ST010377,℃,2025-10-07 08:00:00,闪点（闭口）,延炼50万吨/年航煤装置
43.5,ST010377,℃,2025-10-08 08:00:00,闪点（闭口）,延炼50万吨/年航煤装置
789.8,ST010377,<p>kg/m<sup>3</sup></p>,2025-10-08 08:00:00,密度(20℃),延炼50万吨/年航煤装置
1.0,ST010377,体积分数 %,2025-10-08 08:00:00,残留量,延炼50万吨/年航煤装置
218.0,ST010377,<p>℃</p>,2025-10-08 08:00:00,90%回收温度,延炼50万吨/年航煤装置
232.0,ST010377,<p>℃</p>,2025-10-08 08:00:00,终馏点,延炼50万吨/年航煤装置
194.5,ST010377,<p>℃</p>,2025-10-08 08:00:00,50%回收温度,延炼50万吨/年航煤装置
178.5,ST010377,<p>℃</p>,2025-10-08 08:00:00,20%回收温度,延炼50万吨/年航煤装置
172.5,ST010377,<p>℃</p>,2025-10-08 08:00:00,10%回收温度,延炼50万吨/年航煤装置
149.5,ST010377,<p>℃</p>,2025-10-08 08:00:00,初馏点,延炼50万吨/年航煤装置
0.5,ST010377,体积分数 %,2025-10-08 08:00:00,损失量,延炼50万吨/年航煤装置
0.8,ST010377,体积分数 %,2025-10-09 08:00:00,残留量,延炼50万吨/年航煤装置
219.0,ST010377,<p>℃</p>,2025-10-09 08:00:00,90%回收温度,延炼50万吨/年航煤装置
233.0,ST010377,<p>℃</p>,2025-10-09 08:00:00,终馏点,延炼50万吨/年航煤装置
193.5,ST010377,<p>℃</p>,2025-10-09 08:00:00,50%回收温度,延炼50万吨/年航煤装置
178.5,ST010377,<p>℃</p>,2025-10-09 08:00:00,20%回收温度,延炼50万吨/年航煤装置
171.5,ST010377,<p>℃</p>,2025-10-09 08:00:00,10%回收温度,延炼50万吨/年航煤装置
148.5,ST010377,<p>℃</p>,2025-10-09 08:00:00,初馏点,延炼50万吨/年航煤装置
0.8,ST010377,体积分数 %,2025-10-09 08:00:00,损失量,延炼50万吨/年航煤装置
44.0,ST010377,℃,2025-10-09 08:00:00,闪点（闭口）,延炼50万吨/年航煤装置
789.2,ST010377,<p>kg/m<sup>3</sup></p>,2025-10-09 08:00:00,密度(20℃),延炼50万吨/年航煤装置
789.6,ST010377,<p>kg/m<sup>3</sup></p>,2025-10-10 08:00:00,密度(20℃),延炼50万吨/年航煤装置
43.5,ST010377,℃,2025-10-10 08:00:00,闪点（闭口）,延炼50万吨/年航煤装置
1.1,ST010377,体积分数 %,2025-10-10 08:00:00,残留量,延炼50万吨/年航煤装置
219.0,ST010377,<p>℃</p>,2025-10-10 08:00:00,90%回收温度,延炼50万吨/年航煤装置
232.5,ST010377,<p>℃</p>,2025-10-10 08:00:00,终馏点,延炼50万吨/年航煤装置
195.0,ST010377,<p>℃</p>,2025-10-10 08:00:00,50%回收温度,延炼50万吨/年航煤装置
178.5,ST010377,<p>℃</p>,2025-10-10 08:00:00,20%回收温度,延炼50万吨/年航煤装置
171.5,ST010377,<p>℃</p>,2025-10-10 08:00:00,10%回收温度,延炼50万吨/年航煤装置
148.5,ST010377,<p>℃</p>,2025-10-10 08:00:00,初馏点,延炼50万吨/年航煤装置
0.4,ST010377,体积分数 %,2025-10-10 08:00:00,损失量,延炼50万吨/年航煤装置
42.5,ST010377,℃,2025-10-11 08:00:00,闪点（闭口）,延炼50万吨/年航煤装置
219.5,ST010377,<p>℃</p>,2025-10-11 08:00:00,90%回收温度,延炼50万吨/年航煤装置
233.0,ST010377,<p>℃</p>,2025-10-11 08:00:00,终馏点,延炼50万吨/年航煤装置
195.5,ST010377,<p>℃</p>,2025-10-11 08:00:00,50%回收温度,延炼50万吨/年航煤装置
789.5,ST010377,<p>kg/m<sup>3</sup></p>,2025-10-11 08:00:00,密度(20℃),延炼50万吨/年航煤装置
1.0,ST010377,体积分数 %,2025-10-11 08:00:00,残留量,延炼50万吨/年航煤装置
179.5,ST010377,<p>℃</p>,2025-10-11 08:00:00,20%回收温度,延炼50万吨/年航煤装置
171.5,ST010377,<p>℃</p>,2025-10-11 08:00:00,10%回收温度,延炼50万吨/年航煤装置
148.0,ST010377,<p>℃</p>,2025-10-11 08:00:00,初馏点,延炼50万吨/年航煤装置
0.7,ST010377,体积分数 %,2025-10-11 08:00:00,损失量,延炼50万吨/年航煤装置
790.2,ST010377,<p>kg/m<sup>3</sup></p>,2025-10-12 08:00:00,密度(20℃),延炼50万吨/年航煤装置
1.1,ST010377,体积分数 %,2025-10-12 08:00:00,残留量,延炼50万吨/年航煤装置
221.0,ST010377,<p>℃</p>,2025-10-12 08:00:00,90%回收温度,延炼50万吨/年航煤装置
233.0,ST010377,<p>℃</p>,2025-10-12 08:00:00,终馏点,延炼50万吨/年航煤装置
195.5,ST010377,<p>℃</p>,2025-10-12 08:00:00,50%回收温度,延炼50万吨/年航煤装置
179.5,ST010377,<p>℃</p>,2025-10-12 08:00:00,20%回收温度,延炼50万吨/年航煤装置
171.5,ST010377,<p>℃</p>,2025-10-12 08:00:00,10%回收温度,延炼50万吨/年航煤装置
150.0,ST010377,<p>℃</p>,2025-10-12 08:00:00,初馏点,延炼50万吨/年航煤装置
0.5,ST010377,体积分数 %,2025-10-12 08:00:00,损失量,延炼50万吨/年航煤装置
43.5,ST010377,℃,2025-10-12 08:00:00,闪点（闭口）,延炼50万吨/年航煤装置
-53.8,ST010377,<p>℃</p>,2025-10-13 08:00:00,冰点,延炼50万吨/年航煤装置
55,ST010377,&mu;g/g,2025-10-13 08:00:00,硫醇硫,延炼50万吨/年航煤装置
72,ST010377,&mu;g/g,2025-10-13 08:00:00,水分,延炼50万吨/年航煤装置
4.8,ST010377,&mu;g/g,2025-10-13 08:00:00,氮含量,延炼50万吨/年航煤装置
3.647,ST010377,<p>mm<sup>2</sup>/s</p>,2025-10-13 08:00:00,运动黏度（-20℃）,延炼50万吨/年航煤装置
789.7,ST010377,<p>kg/m<sup>3</sup></p>,2025-10-13 08:00:00,密度(20℃),延炼50万吨/年航煤装置
184,ST010377,&mu;g/g,2025-10-13 08:00:00,总硫含量,延炼50万吨/年航煤装置
10.8,ST010377,体积分数 %,2025-10-13 08:00:00,芳烃,延炼50万吨/年航煤装置
0.6,ST010377,体积分数 %,2025-10-13 08:00:00,烯烃,延炼50万吨/年航煤装置
1.0,ST010377,体积分数 %,2025-10-13 08:00:00,残留量,延炼50万吨/年航煤装置
219.5,ST010377,<p>℃</p>,2025-10-13 08:00:00,90%回收温度,延炼50万吨/年航煤装置
233.0,ST010377,<p>℃</p>,2025-10-13 08:00:00,终馏点,延炼50万吨/年航煤装置
195.5,ST010377,<p>℃</p>,2025-10-13 08:00:00,50%回收温度,延炼50万吨/年航煤装置
178.5,ST010377,<p>℃</p>,2025-10-13 08:00:00,20%回收温度,延炼50万吨/年航煤装置
171.0,ST010377,<p>℃</p>,2025-10-13 08:00:00,10%回收温度,延炼50万吨/年航煤装置
151.0,ST010377,<p>℃</p>,2025-10-13 08:00:00,初馏点,延炼50万吨/年航煤装置
0.7,ST010377,体积分数 %,2025-10-13 08:00:00,损失量,延炼50万吨/年航煤装置
42.5,ST010377,℃,2025-10-13 08:00:00,闪点（闭口）,延炼50万吨/年航煤装置
27.6,ST010377,mm,2025-10-13 08:00:00,烟点,延炼50万吨/年航煤装置
790.6,ST010377,<p>kg/m<sup>3</sup></p>,2025-10-14 08:00:00,密度(20℃),延炼50万吨/年航煤装置
42.5,ST010377,℃,2025-10-14 08:00:00,闪点（闭口）,延炼50万吨/年航煤装置
0.9,ST010377,体积分数 %,2025-10-14 08:00:00,残留量,延炼50万吨/年航煤装置
218.5,ST010377,<p>℃</p>,2025-10-14 08:00:00,90%回收温度,延炼50万吨/年航煤装置
233.0,ST010377,<p>℃</p>,2025-10-14 08:00:00,终馏点,延炼50万吨/年航煤装置
194.5,ST010377,<p>℃</p>,2025-10-14 08:00:00,50%回收温度,延炼50万吨/年航煤装置
178.5,ST010377,<p>℃</p>,2025-10-14 08:00:00,20%回收温度,延炼50万吨/年航煤装置
171.5,ST010377,<p>℃</p>,2025-10-14 08:00:00,10%回收温度,延炼50万吨/年航煤装置
152.0,ST010377,<p>℃</p>,2025-10-14 08:00:00,初馏点,延炼50万吨/年航煤装置
0.8,ST010377,体积分数 %,2025-10-14 08:00:00,损失量,延炼50万吨/年航煤装置
790.6,ST010377,<p>kg/m<sup>3</sup></p>,2025-10-15 08:00:00,密度(20℃),延炼50万吨/年航煤装置
1.0,ST010377,体积分数 %,2025-10-15 08:00:00,残留量,延炼50万吨/年航煤装置
220.0,ST010377,<p>℃</p>,2025-10-15 08:00:00,90%回收温度,延炼50万吨/年航煤装置
234.0,ST010377,<p>℃</p>,2025-10-15 08:00:00,终馏点,延炼50万吨/年航煤装置
194.5,ST010377,<p>℃</p>,2025-10-15 08:00:00,50%回收温度,延炼50万吨/年航煤装置
178.5,ST010377,<p>℃</p>,2025-10-15 08:00:00,20%回收温度,延炼50万吨/年航煤装置
172.5,ST010377,<p>℃</p>,2025-10-15 08:00:00,10%回收温度,延炼50万吨/年航煤装置
152.0,ST010377,<p>℃</p>,2025-10-15 08:00:00,初馏点,延炼50万吨/年航煤装置
0.7,ST010377,体积分数 %,2025-10-15 08:00:00,损失量,延炼50万吨/年航煤装置
44.0,ST010377,℃,2025-10-15 08:00:00,闪点（闭口）,延炼50万吨/年航煤装置
171.0,ST010377,<p>℃</p>,2025-10-16 08:00:00,10%回收温度,延炼50万吨/年航煤装置
149.0,ST010377,<p>℃</p>,2025-10-16 08:00:00,初馏点,延炼50万吨/年航煤装置
0.8,ST010377,体积分数 %,2025-10-16 08:00:00,损失量,延炼50万吨/年航煤装置
790.0,ST010377,<p>kg/m<sup>3</sup></p>,2025-10-16 08:00:00,密度(20℃),延炼50万吨/年航煤装置
0.9,ST010377,体积分数 %,2025-10-16 08:00:00,残留量,延炼50万吨/年航煤装置
219.5,ST010377,<p>℃</p>,2025-10-16 08:00:00,90%回收温度,延炼50万吨/年航煤装置
233.0,ST010377,<p>℃</p>,2025-10-16 08:00:00,终馏点,延炼50万吨/年航煤装置
195.5,ST010377,<p>℃</p>,2025-10-16 08:00:00,50%回收温度,延炼50万吨/年航煤装置
178.5,ST010377,<p>℃</p>,2025-10-16 08:00:00,20%回收温度,延炼50万吨/年航煤装置
43.5,ST010377,℃,2025-10-16 08:00:00,闪点（闭口）,延炼50万吨/年航煤装置
1.0,ST010377,体积分数 %,2025-10-17 08:00:00,残留量,延炼50万吨/年航煤装置
219.5,ST010377,<p>℃</p>,2025-10-17 08:00:00,90%回收温度,延炼50万吨/年航煤装置
233.5,ST010377,<p>℃</p>,2025-10-17 08:00:00,终馏点,延炼50万吨/年航煤装置
195.0,ST010377,<p>℃</p>,2025-10-17 08:00:00,50%回收温度,延炼50万吨/年航煤装置
178.0,ST010377,<p>℃</p>,2025-10-17 08:00:00,20%回收温度,延炼50万吨/年航煤装置
172.0,ST010377,<p>℃</p>,2025-10-17 08:00:00,10%回收温度,延炼50万吨/年航煤装置
152.0,ST010377,<p>℃</p>,2025-10-17 08:00:00,初馏点,延炼50万吨/年航煤装置
0.8,ST010377,体积分数 %,2025-10-17 08:00:00,损失量,延炼50万吨/年航煤装置
42.5,ST010377,℃,2025-10-17 08:00:00,闪点（闭口）,延炼50万吨/年航煤装置
790.1,ST010377,<p>kg/m<sup>3</sup></p>,2025-10-17 08:00:00,密度(20℃),延炼50万吨/年航煤装置
789.8,ST010377,<p>kg/m<sup>3</sup></p>,2025-10-18 08:00:00,密度(20℃),延炼50万吨/年航煤装置
1.1,ST010377,体积分数 %,2025-10-18 08:00:00,残留量,延炼50万吨/年航煤装置
219.5,ST010377,<p>℃</p>,2025-10-18 08:00:00,90%回收温度,延炼50万吨/年航煤装置
233.5,ST010377,<p>℃</p>,2025-10-18 08:00:00,终馏点,延炼50万吨/年航煤装置
195.0,ST010377,<p>℃</p>,2025-10-18 08:00:00,50%回收温度,延炼50万吨/年航煤装置
178.0,ST010377,<p>℃</p>,2025-10-18 08:00:00,20%回收温度,延炼50万吨/年航煤装置
171.0,ST010377,<p>℃</p>,2025-10-18 08:00:00,10%回收温度,延炼50万吨/年航煤装置
149.0,ST010377,<p>℃</p>,2025-10-18 08:00:00,初馏点,延炼50万吨/年航煤装置
0.3,ST010377,体积分数 %,2025-10-18 08:00:00,损失量,延炼50万吨/年航煤装置
43.0,ST010377,℃,2025-10-18 08:00:00,闪点（闭口）,延炼50万吨/年航煤装置
45.0,ST010377,℃,2025-10-19 08:00:00,闪点（闭口）,延炼50万吨/年航煤装置
791.1,ST010377,<p>kg/m<sup>3</sup></p>,2025-10-19 08:00:00,密度(20℃),延炼50万吨/年航煤装置
1.1,ST010377,体积分数 %,2025-10-19 08:00:00,残留量,延炼50万吨/年航煤装置
220.5,ST010377,<p>℃</p>,2025-10-19 08:00:00,90%回收温度,延炼50万吨/年航煤装置
234.5,ST010377,<p>℃</p>,2025-10-19 08:00:00,终馏点,延炼50万吨/年航煤装置
196.0,ST010377,<p>℃</p>,2025-10-19 08:00:00,50%回收温度,延炼50万吨/年航煤装置
182.0,ST010377,<p>℃</p>,2025-10-19 08:00:00,20%回收温度,延炼50万吨/年航煤装置
178.0,ST010377,<p>℃</p>,2025-10-19 08:00:00,10%回收温度,延炼50万吨/年航煤装置
163.0,ST010377,<p>℃</p>,2025-10-19 08:00:00,初馏点,延炼50万吨/年航煤装置
0.4,ST010377,体积分数 %,2025-10-19 08:00:00,损失量,延炼50万吨/年航煤装置
790.0,ST010377,<p>kg/m<sup>3</sup></p>,2025-10-20 08:00:00,密度(20℃),延炼50万吨/年航煤装置
49.5,ST010377,℃,2025-10-20 08:00:00,闪点（闭口）,延炼50万吨/年航煤装置
1.0,ST010377,体积分数 %,2025-10-20 08:00:00,残留量,延炼50万吨/年航煤装置
219.5,ST010377,<p>℃</p>,2025-10-20 08:00:00,90%回收温度,延炼50万吨/年航煤装置
234.5,ST010377,<p>℃</p>,2025-10-20 08:00:00,终馏点,延炼50万吨/年航煤装置
196.0,ST010377,<p>℃</p>,2025-10-20 08:00:00,50%回收温度,延炼50万吨/年航煤装置
182.0,ST010377,<p>℃</p>,2025-10-20 08:00:00,20%回收温度,延炼50万吨/年航煤装置
177.0,ST010377,<p>℃</p>,2025-10-20 08:00:00,10%回收温度,延炼50万吨/年航煤装置
163.0,ST010377,<p>℃</p>,2025-10-20 08:00:00,初馏点,延炼50万吨/年航煤装置
0.8,ST010377,体积分数 %,2025-10-20 08:00:00,损失量,延炼50万吨/年航煤装置
47.5,ST010377,℃,2025-10-20 17:00:00,闪点（闭口）,延炼50万吨/年航煤装置
790.5,ST010377,<p>kg/m<sup>3</sup></p>,2025-10-21 08:00:00,密度(20℃),延炼50万吨/年航煤装置
219.0,ST010377,<p>℃</p>,2025-10-21 08:00:00,90%回收温度,延炼50万吨/年航煤装置
233.5,ST010377,<p>℃</p>,2025-10-21 08:00:00,终馏点,延炼50万吨/年航煤装置
196.0,ST010377,<p>℃</p>,2025-10-21 08:00:00,50%回收温度,延炼50万吨/年航煤装置
181.0,ST010377,<p>℃</p>,2025-10-21 08:00:00,20%回收温度,延炼50万吨/年航煤装置
175.0,ST010377,<p>℃</p>,2025-10-21 08:00:00,10%回收温度,延炼50万吨/年航煤装置
157.5,ST010377,<p>℃</p>,2025-10-21 08:00:00,初馏点,延炼50万吨/年航煤装置
0.8,ST010377,体积分数 %,2025-10-21 08:00:00,损失量,延炼50万吨/年航煤装置
1.0,ST010377,体积分数 %,2025-10-21 08:00:00,残留量,延炼50万吨/年航煤装置
46.0,ST010377,℃,2025-10-21 08:00:00,闪点（闭口）,延炼50万吨/年航煤装置
43.5,ST010377,℃,2025-10-22 08:00:00,闪点（闭口）,延炼50万吨/年航煤装置
1.0,ST010377,体积分数 %,2025-10-22 08:00:00,残留量,延炼50万吨/年航煤装置
219.5,ST010377,<p>℃</p>,2025-10-22 08:00:00,90%回收温度,延炼50万吨/年航煤装置
233.5,ST010377,<p>℃</p>,2025-10-22 08:00:00,终馏点,延炼50万吨/年航煤装置
195.0,ST010377,<p>℃</p>,2025-10-22 08:00:00,50%回收温度,延炼50万吨/年航煤装置
179.0,ST010377,<p>℃</p>,2025-10-22 08:00:00,20%回收温度,延炼50万吨/年航煤装置
173.0,ST010377,<p>℃</p>,2025-10-22 08:00:00,10%回收温度,延炼50万吨/年航煤装置
153.0,ST010377,<p>℃</p>,2025-10-22 08:00:00,初馏点,延炼50万吨/年航煤装置
0.8,ST010377,体积分数 %,2025-10-22 08:00:00,损失量,延炼50万吨/年航煤装置
790.7,ST010377,<p>kg/m<sup>3</sup></p>,2025-10-22 08:00:00,密度(20℃),延炼50万吨/年航煤装置
791.3,ST010377,<p>kg/m<sup>3</sup></p>,2025-10-23 08:00:00,密度(20℃),延炼50万吨/年航煤装置
43.5,ST010377,℃,2025-10-23 08:00:00,闪点（闭口）,延炼50万吨/年航煤装置
1.0,ST010377,体积分数 %,2025-10-23 08:00:00,残留量,延炼50万吨/年航煤装置
219.0,ST010377,<p>℃</p>,2025-10-23 08:00:00,90%回收温度,延炼50万吨/年航煤装置
233.5,ST010377,<p>℃</p>,2025-10-23 08:00:00,终馏点,延炼50万吨/年航煤装置
195.0,ST010377,<p>℃</p>,2025-10-23 08:00:00,50%回收温度,延炼50万吨/年航煤装置
180.0,ST010377,<p>℃</p>,2025-10-23 08:00:00,20%回收温度,延炼50万吨/年航煤装置
173.0,ST010377,<p>℃</p>,2025-10-23 08:00:00,10%回收温度,延炼50万吨/年航煤装置
152.5,ST010377,<p>℃</p>,2025-10-23 08:00:00,初馏点,延炼50万吨/年航煤装置
0.8,ST010377,体积分数 %,2025-10-23 08:00:00,损失量,延炼50万吨/年航煤装置
0.9,ST010377,体积分数 %,2025-10-24 08:00:00,残留量,延炼50万吨/年航煤装置
219.5,ST010377,<p>℃</p>,2025-10-24 08:00:00,90%回收温度,延炼50万吨/年航煤装置
232.5,ST010377,<p>℃</p>,2025-10-24 08:00:00,终馏点,延炼50万吨/年航煤装置
195.0,ST010377,<p>℃</p>,2025-10-24 08:00:00,50%回收温度,延炼50万吨/年航煤装置
179.0,ST010377,<p>℃</p>,2025-10-24 08:00:00,20%回收温度,延炼50万吨/年航煤装置
173.0,ST010377,<p>℃</p>,2025-10-24 08:00:00,10%回收温度,延炼50万吨/年航煤装置
150.0,ST010377,<p>℃</p>,2025-10-24 08:00:00,初馏点,延炼50万吨/年航煤装置
0.8,ST010377,体积分数 %,2025-10-24 08:00:00,损失量,延炼50万吨/年航煤装置
43.5,ST010377,℃,2025-10-24 08:00:00,闪点（闭口）,延炼50万吨/年航煤装置
790.6,ST010377,<p>kg/m<sup>3</sup></p>,2025-10-24 08:00:00,密度(20℃),延炼50万吨/年航煤装置
790.8,ST010377,<p>kg/m<sup>3</sup></p>,2025-10-25 08:00:00,密度(20℃),延炼50万吨/年航煤装置
0.8,ST010377,体积分数 %,2025-10-25 08:00:00,残留量,延炼50万吨/年航煤装置
217.5,ST010377,<p>℃</p>,2025-10-25 08:00:00,90%回收温度,延炼50万吨/年航煤装置
232.5,ST010377,<p>℃</p>,2025-10-25 08:00:00,终馏点,延炼50万吨/年航煤装置
194.5,ST010377,<p>℃</p>,2025-10-25 08:00:00,50%回收温度,延炼50万吨/年航煤装置
179.0,ST010377,<p>℃</p>,2025-10-25 08:00:00,20%回收温度,延炼50万吨/年航煤装置
172.0,ST010377,<p>℃</p>,2025-10-25 08:00:00,10%回收温度,延炼50万吨/年航煤装置
153.0,ST010377,<p>℃</p>,2025-10-25 08:00:00,初馏点,延炼50万吨/年航煤装置
0.3,ST010377,体积分数 %,2025-10-25 08:00:00,损失量,延炼50万吨/年航煤装置
43.5,ST010377,℃,2025-10-25 08:00:00,闪点（闭口）,延炼50万吨/年航煤装置
790.4,ST010377,<p>kg/m<sup>3</sup></p>,2025-10-26 08:00:00,密度(20℃),延炼50万吨/年航煤装置
0.9,ST010377,体积分数 %,2025-10-26 08:00:00,残留量,延炼50万吨/年航煤装置
217.5,ST010377,<p>℃</p>,2025-10-26 08:00:00,90%回收温度,延炼50万吨/年航煤装置
234.5,ST010377,<p>℃</p>,2025-10-26 08:00:00,终馏点,延炼50万吨/年航煤装置
194.0,ST010377,<p>℃</p>,2025-10-26 08:00:00,50%回收温度,延炼50万吨/年航煤装置
179.0,ST010377,<p>℃</p>,2025-10-26 08:00:00,20%回收温度,延炼50万吨/年航煤装置
172.0,ST010377,<p>℃</p>,2025-10-26 08:00:00,10%回收温度,延炼50万吨/年航煤装置
154.0,ST010377,<p>℃</p>,2025-10-26 08:00:00,初馏点,延炼50万吨/年航煤装置
0.3,ST010377,体积分数 %,2025-10-26 08:00:00,损失量,延炼50万吨/年航煤装置
43.5,ST010377,℃,2025-10-26 08:00:00,闪点（闭口）,延炼50万吨/年航煤装置
43.0,ST010377,℃,2025-10-27 08:00:00,闪点（闭口）,延炼50万吨/年航煤装置
1.0,ST010377,体积分数 %,2025-10-27 08:00:00,残留量,延炼50万吨/年航煤装置
216.5,ST010377,<p>℃</p>,2025-10-27 08:00:00,90%回收温度,延炼50万吨/年航煤装置
230.5,ST010377,<p>℃</p>,2025-10-27 08:00:00,终馏点,延炼50万吨/年航煤装置
193.0,ST010377,<p>℃</p>,2025-10-27 08:00:00,50%回收温度,延炼50万吨/年航煤装置
178.0,ST010377,<p>℃</p>,2025-10-27 08:00:00,20%回收温度,延炼50万吨/年航煤装置
172.0,ST010377,<p>℃</p>,2025-10-27 08:00:00,10%回收温度,延炼50万吨/年航煤装置
150.0,ST010377,<p>℃</p>,2025-10-27 08:00:00,初馏点,延炼50万吨/年航煤装置
0.8,ST010377,体积分数 %,2025-10-27 08:00:00,损失量,延炼50万吨/年航煤装置
787.5,ST010377,<p>kg/m<sup>3</sup></p>,2025-10-27 08:00:00,密度(20℃),延炼50万吨/年航煤装置
790.5,ST010377,<p>kg/m<sup>3</sup></p>,2025-10-28 08:00:00,密度(20℃),延炼50万吨/年航煤装置
1.0,ST010377,体积分数 %,2025-10-28 08:00:00,残留量,延炼50万吨/年航煤装置
215.5,ST010377,<p>℃</p>,2025-10-28 08:00:00,90%回收温度,延炼50万吨/年航煤装置
229.5,ST010377,<p>℃</p>,2025-10-28 08:00:00,终馏点,延炼50万吨/年航煤装置
192.5,ST010377,<p>℃</p>,2025-10-28 08:00:00,50%回收温度,延炼50万吨/年航煤装置
177.0,ST010377,<p>℃</p>,2025-10-28 08:00:00,20%回收温度,延炼50万吨/年航煤装置
171.0,ST010377,<p>℃</p>,2025-10-28 08:00:00,10%回收温度,延炼50万吨/年航煤装置
153.0,ST010377,<p>℃</p>,2025-10-28 08:00:00,初馏点,延炼50万吨/年航煤装置
0.8,ST010377,体积分数 %,2025-10-28 08:00:00,损失量,延炼50万吨/年航煤装置
42.5,ST010377,℃,2025-10-28 08:00:00,闪点（闭口）,延炼50万吨/年航煤装置
790.0,ST010377,<p>kg/m<sup>3</sup></p>,2025-10-29 08:00:00,密度(20℃),延炼50万吨/年航煤装置
42.5,ST010377,℃,2025-10-29 08:00:00,闪点（闭口）,延炼50万吨/年航煤装置
1.0,ST010377,体积分数 %,2025-10-29 08:00:00,残留量,延炼50万吨/年航煤装置
215.5,ST010377,<p>℃</p>,2025-10-29 08:00:00,90%回收温度,延炼50万吨/年航煤装置
228.5,ST010377,<p>℃</p>,2025-10-29 08:00:00,终馏点,延炼50万吨/年航煤装置
192.5,ST010377,<p>℃</p>,2025-10-29 08:00:00,50%回收温度,延炼50万吨/年航煤装置
177.0,ST010377,<p>℃</p>,2025-10-29 08:00:00,20%回收温度,延炼50万吨/年航煤装置
170.0,ST010377,<p>℃</p>,2025-10-29 08:00:00,10%回收温度,延炼50万吨/年航煤装置
151.0,ST010377,<p>℃</p>,2025-10-29 08:00:00,初馏点,延炼50万吨/年航煤装置
0.8,ST010377,体积分数 %,2025-10-29 08:00:00,损失量,延炼50万吨/年航煤装置
790.0,ST010377,<p>kg/m<sup>3</sup></p>,2025-10-30 08:00:00,密度(20℃),延炼50万吨/年航煤装置
0.9,ST010377,体积分数 %,2025-10-30 08:00:00,残留量,延炼50万吨/年航煤装置
215.5,ST010377,<p>℃</p>,2025-10-30 08:00:00,90%回收温度,延炼50万吨/年航煤装置
227.0,ST010377,<p>℃</p>,2025-10-30 08:00:00,终馏点,延炼50万吨/年航煤装置
191.5,ST010377,<p>℃</p>,2025-10-30 08:00:00,50%回收温度,延炼50万吨/年航煤装置
177.5,ST010377,<p>℃</p>,2025-10-30 08:00:00,20%回收温度,延炼50万吨/年航煤装置
170.0,ST010377,<p>℃</p>,2025-10-30 08:00:00,10%回收温度,延炼50万吨/年航煤装置
154.0,ST010377,<p>℃</p>,2025-10-30 08:00:00,初馏点,延炼50万吨/年航煤装置
0.8,ST010377,体积分数 %,2025-10-30 08:00:00,损失量,延炼50万吨/年航煤装置
43.5,ST010377,℃,2025-10-30 08:00:00,闪点（闭口）,延炼50万吨/年航煤装置
789.5,ST010377,<p>kg/m<sup>3</sup></p>,2025-10-31 08:00:00,密度(20℃),延炼50万吨/年航煤装置
1.0,ST010377,体积分数 %,2025-10-31 08:00:00,残留量,延炼50万吨/年航煤装置
215.5,ST010377,<p>℃</p>,2025-10-31 08:00:00,90%回收温度,延炼50万吨/年航煤装置
229.0,ST010377,<p>℃</p>,2025-10-31 08:00:00,终馏点,延炼50万吨/年航煤装置
192.5,ST010377,<p>℃</p>,2025-10-31 08:00:00,50%回收温度,延炼50万吨/年航煤装置
178.5,ST010377,<p>℃</p>,2025-10-31 08:00:00,20%回收温度,延炼50万吨/年航煤装置
172.0,ST010377,<p>℃</p>,2025-10-31 08:00:00,10%回收温度,延炼50万吨/年航煤装置
155.0,ST010377,<p>℃</p>,2025-10-31 08:00:00,初馏点,延炼50万吨/年航煤装置
0.7,ST010377,体积分数 %,2025-10-31 08:00:00,损失量,延炼50万吨/年航煤装置
42.5,ST010377,℃,2025-10-31 08:00:00,闪点（闭口）,延炼50万吨/年航煤装置
42.5,ST010377,℃,2025-11-01 08:00:00,闪点（闭口）,延炼50万吨/年航煤装置
791.1,ST010377,<p>kg/m<sup>3</sup></p>,2025-11-01 08:00:00,密度(20℃),延炼50万吨/年航煤装置
0.8,ST010377,体积分数 %,2025-11-01 08:00:00,残留量,延炼50万吨/年航煤装置
212.5,ST010377,<p>℃</p>,2025-11-01 08:00:00,90%回收温度,延炼50万吨/年航煤装置
227.5,ST010377,<p>℃</p>,2025-11-01 08:00:00,终馏点,延炼50万吨/年航煤装置
190.5,ST010377,<p>℃</p>,2025-11-01 08:00:00,50%回收温度,延炼50万吨/年航煤装置
176.0,ST010377,<p>℃</p>,2025-11-01 08:00:00,20%回收温度,延炼50万吨/年航煤装置
169.0,ST010377,<p>℃</p>,2025-11-01 08:00:00,10%回收温度,延炼50万吨/年航煤装置
148.0,ST010377,<p>℃</p>,2025-11-01 08:00:00,初馏点,延炼50万吨/年航煤装置
0.8,ST010377,体积分数 %,2025-11-01 08:00:00,损失量,延炼50万吨/年航煤装置
789.1,ST010377,<p>kg/m<sup>3</sup></p>,2025-11-02 08:00:00,密度(20℃),延炼50万吨/年航煤装置
1.0,ST010377,体积分数 %,2025-11-02 08:00:00,残留量,延炼50万吨/年航煤装置
212.5,ST010377,<p>℃</p>,2025-11-02 08:00:00,90%回收温度,延炼50万吨/年航煤装置
226.5,ST010377,<p>℃</p>,2025-11-02 08:00:00,终馏点,延炼50万吨/年航煤装置
189.0,ST010377,<p>℃</p>,2025-11-02 08:00:00,50%回收温度,延炼50万吨/年航煤装置
175.5,ST010377,<p>℃</p>,2025-11-02 08:00:00,20%回收温度,延炼50万吨/年航煤装置
170.0,ST010377,<p>℃</p>,2025-11-02 08:00:00,10%回收温度,延炼50万吨/年航煤装置
150.0,ST010377,<p>℃</p>,2025-11-02 08:00:00,初馏点,延炼50万吨/年航煤装置
0.8,ST010377,体积分数 %,2025-11-02 08:00:00,损失量,延炼50万吨/年航煤装置
42.5,ST010377,℃,2025-11-02 08:00:00,闪点（闭口）,延炼50万吨/年航煤装置
0.8,ST010377,体积分数 %,2025-11-03 08:00:00,残留量,延炼50万吨/年航煤装置
213.5,ST010377,<p>℃</p>,2025-11-03 08:00:00,90%回收温度,延炼50万吨/年航煤装置
232.0,ST010377,<p>℃</p>,2025-11-03 08:00:00,终馏点,延炼50万吨/年航煤装置
191.5,ST010377,<p>℃</p>,2025-11-03 08:00:00,50%回收温度,延炼50万吨/年航煤装置
177.5,ST010377,<p>℃</p>,2025-11-03 08:00:00,20%回收温度,延炼50万吨/年航煤装置
171.0,ST010377,<p>℃</p>,2025-11-03 08:00:00,10%回收温度,延炼50万吨/年航煤装置
155.0,ST010377,<p>℃</p>,2025-11-03 08:00:00,初馏点,延炼50万吨/年航煤装置
0.6,ST010377,体积分数 %,2025-11-03 08:00:00,损失量,延炼50万吨/年航煤装置
787.8,ST010377,<p>kg/m<sup>3</sup></p>,2025-11-03 08:00:00,密度(20℃),延炼50万吨/年航煤装置
42.0,ST010377,℃,2025-11-03 08:00:00,闪点（闭口）,延炼50万吨/年航煤装置
787.6,ST010377,<p>kg/m<sup>3</sup></p>,2025-11-04 08:00:00,密度(20℃),延炼50万吨/年航煤装置
1.0,ST010377,体积分数 %,2025-11-04 08:00:00,残留量,延炼50万吨/年航煤装置
213.5,ST010377,<p>℃</p>,2025-11-04 08:00:00,90%回收温度,延炼50万吨/年航煤装置
234.0,ST010377,<p>℃</p>,2025-11-04 08:00:00,终馏点,延炼50万吨/年航煤装置
190.5,ST010377,<p>℃</p>,2025-11-04 08:00:00,50%回收温度,延炼50万吨/年航煤装置
177.5,ST010377,<p>℃</p>,2025-11-04 08:00:00,20%回收温度,延炼50万吨/年航煤装置
171.5,ST010377,<p>℃</p>,2025-11-04 08:00:00,10%回收温度,延炼50万吨/年航煤装置
153.0,ST010377,<p>℃</p>,2025-11-04 08:00:00,初馏点,延炼50万吨/年航煤装置
0.7,ST010377,体积分数 %,2025-11-04 08:00:00,损失量,延炼50万吨/年航煤装置
42.5,ST010377,℃,2025-11-04 08:00:00,闪点（闭口）,延炼50万吨/年航煤装置
154.5,ST010377,<p>℃</p>,2025-11-05 08:00:00,初馏点,延炼50万吨/年航煤装置
0.7,ST010377,体积分数 %,2025-11-05 08:00:00,损失量,延炼50万吨/年航煤装置
42.5,ST010377,℃,2025-11-05 08:00:00,闪点（闭口）,延炼50万吨/年航煤装置
786.9,ST010377,<p>kg/m<sup>3</sup></p>,2025-11-05 08:00:00,密度(20℃),延炼50万吨/年航煤装置
1.0,ST010377,体积分数 %,2025-11-05 08:00:00,残留量,延炼50万吨/年航煤装置
213.0,ST010377,<p>℃</p>,2025-11-05 08:00:00,90%回收温度,延炼50万吨/年航煤装置
228.0,ST010377,<p>℃</p>,2025-11-05 08:00:00,终馏点,延炼50万吨/年航煤装置
190.5,ST010377,<p>℃</p>,2025-11-05 08:00:00,50%回收温度,延炼50万吨/年航煤装置
176.5,ST010377,<p>℃</p>,2025-11-05 08:00:00,20%回收温度,延炼50万吨/年航煤装置
170.5,ST010377,<p>℃</p>,2025-11-05 08:00:00,10%回收温度,延炼50万吨/年航煤装置
786.5,ST010377,<p>kg/m<sup>3</sup></p>,2025-11-06 08:00:00,密度(20℃),延炼50万吨/年航煤装置
1.0,ST010377,体积分数 %,2025-11-06 08:00:00,残留量,延炼50万吨/年航煤装置
210.5,ST010377,<p>℃</p>,2025-11-06 08:00:00,90%回收温度,延炼50万吨/年航煤装置
225.0,ST010377,<p>℃</p>,2025-11-06 08:00:00,终馏点,延炼50万吨/年航煤装置
188.5,ST010377,<p>℃</p>,2025-11-06 08:00:00,50%回收温度,延炼50万吨/年航煤装置
175.5,ST010377,<p>℃</p>,2025-11-06 08:00:00,20%回收温度,延炼50万吨/年航煤装置
169.5,ST010377,<p>℃</p>,2025-11-06 08:00:00,10%回收温度,延炼50万吨/年航煤装置
150.0,ST010377,<p>℃</p>,2025-11-06 08:00:00,初馏点,延炼50万吨/年航煤装置
0.7,ST010377,体积分数 %,2025-11-06 08:00:00,损失量,延炼50万吨/年航煤装置
43.0,ST010377,℃,2025-11-06 08:00:00,闪点（闭口）,延炼50万吨/年航煤装置
1.0,ST010377,体积分数 %,2025-11-07 08:00:00,残留量,延炼50万吨/年航煤装置
786.8,ST010377,<p>kg/m<sup>3</sup></p>,2025-11-07 08:00:00,密度(20℃),延炼50万吨/年航煤装置
210.5,ST010377,<p>℃</p>,2025-11-07 08:00:00,90%回收温度,延炼50万吨/年航煤装置
225.5,ST010377,<p>℃</p>,2025-11-07 08:00:00,终馏点,延炼50万吨/年航煤装置
188.0,ST010377,<p>℃</p>,2025-11-07 08:00:00,50%回收温度,延炼50万吨/年航煤装置
174.0,ST010377,<p>℃</p>,2025-11-07 08:00:00,20%回收温度,延炼50万吨/年航煤装置
169.0,ST010377,<p>℃</p>,2025-11-07 08:00:00,10%回收温度,延炼50万吨/年航煤装置
150.0,ST010377,<p>℃</p>,2025-11-07 08:00:00,初馏点,延炼50万吨/年航煤装置
0.8,ST010377,体积分数 %,2025-11-07 08:00:00,损失量,延炼50万吨/年航煤装置
42.0,ST010377,℃,2025-11-07 08:00:00,闪点（闭口）,延炼50万吨/年航煤装置
1.0,ST010377,体积分数 %,2025-11-08 08:00:00,残留量,延炼50万吨/年航煤装置
211.5,ST010377,<p>℃</p>,2025-11-08 08:00:00,90%回收温度,延炼50万吨/年航煤装置
226.5,ST010377,<p>℃</p>,2025-11-08 08:00:00,终馏点,延炼50万吨/年航煤装置
188.0,ST010377,<p>℃</p>,2025-11-08 08:00:00,50%回收温度,延炼50万吨/年航煤装置
174.0,ST010377,<p>℃</p>,2025-11-08 08:00:00,20%回收温度,延炼50万吨/年航煤装置
169.0,ST010377,<p>℃</p>,2025-11-08 08:00:00,10%回收温度,延炼50万吨/年航煤装置
150.0,ST010377,<p>℃</p>,2025-11-08 08:00:00,初馏点,延炼50万吨/年航煤装置
0.8,ST010377,体积分数 %,2025-11-08 08:00:00,损失量,延炼50万吨/年航煤装置
786.8,ST010377,<p>kg/m<sup>3</sup></p>,2025-11-08 08:00:00,密度(20℃),延炼50万吨/年航煤装置
42.0,ST010377,℃,2025-11-08 08:00:00,闪点（闭口）,延炼50万吨/年航煤装置
41.5,ST010377,℃,2025-11-09 08:00:00,闪点（闭口）,延炼50万吨/年航煤装置
786.4,ST010377,<p>kg/m<sup>3</sup></p>,2025-11-09 08:00:00,密度(20℃),延炼50万吨/年航煤装置
1.0,ST010377,体积分数 %,2025-11-09 08:00:00,残留量,延炼50万吨/年航煤装置
209.0,ST010377,<p>℃</p>,2025-11-09 08:00:00,90%回收温度,延炼50万吨/年航煤装置
224.5,ST010377,<p>℃</p>,2025-11-09 08:00:00,终馏点,延炼50万吨/年航煤装置
188.0,ST010377,<p>℃</p>,2025-11-09 08:00:00,50%回收温度,延炼50万吨/年航煤装置
174.0,ST010377,<p>℃</p>,2025-11-09 08:00:00,20%回收温度,延炼50万吨/年航煤装置
168.0,ST010377,<p>℃</p>,2025-11-09 08:00:00,10%回收温度,延炼50万吨/年航煤装置
149.0,ST010377,<p>℃</p>,2025-11-09 08:00:00,初馏点,延炼50万吨/年航煤装置
0.8,ST010377,体积分数 %,2025-11-09 08:00:00,损失量,延炼50万吨/年航煤装置
785.8,ST010377,<p>kg/m<sup>3</sup></p>,2025-11-10 08:00:00,密度(20℃),延炼50万吨/年航煤装置
0.8,ST010377,体积分数 %,2025-11-10 08:00:00,残留量,延炼50万吨/年航煤装置
210.5,ST010377,<p>℃</p>,2025-11-10 08:00:00,90%回收温度,延炼50万吨/年航煤装置
223.5,ST010377,<p>℃</p>,2025-11-10 08:00:00,终馏点,延炼50万吨/年航煤装置
188.5,ST010377,<p>℃</p>,2025-11-10 08:00:00,50%回收温度,延炼50万吨/年航煤装置
174.0,ST010377,<p>℃</p>,2025-11-10 08:00:00,20%回收温度,延炼50万吨/年航煤装置
168.0,ST010377,<p>℃</p>,2025-11-10 08:00:00,10%回收温度,延炼50万吨/年航煤装置
151.0,ST010377,<p>℃</p>,2025-11-10 08:00:00,初馏点,延炼50万吨/年航煤装置
0.9,ST010377,体积分数 %,2025-11-10 08:00:00,损失量,延炼50万吨/年航煤装置
41.5,ST010377,℃,2025-11-10 08:00:00,闪点（闭口）,延炼50万吨/年航煤装置
786.0,ST010377,<p>kg/m<sup>3</sup></p>,2025-11-11 08:00:00,密度(20℃),延炼50万吨/年航煤装置
1.0,ST010377,体积分数 %,2025-11-11 08:00:00,残留量,延炼50万吨/年航煤装置
210.5,ST010377,<p>℃</p>,2025-11-11 08:00:00,90%回收温度,延炼50万吨/年航煤装置
223.5,ST010377,<p>℃</p>,2025-11-11 08:00:00,终馏点,延炼50万吨/年航煤装置
187.0,ST010377,<p>℃</p>,2025-11-11 08:00:00,50%回收温度,延炼50万吨/年航煤装置
174.0,ST010377,<p>℃</p>,2025-11-11 08:00:00,20%回收温度,延炼50万吨/年航煤装置
168.0,ST010377,<p>℃</p>,2025-11-11 08:00:00,10%回收温度,延炼50万吨/年航煤装置
150.0,ST010377,<p>℃</p>,2025-11-11 08:00:00,初馏点,延炼50万吨/年航煤装置
0.8,ST010377,体积分数 %,2025-11-11 08:00:00,损失量,延炼50万吨/年航煤装置
42.0,ST010377,℃,2025-11-11 08:00:00,闪点（闭口）,延炼50万吨/年航煤装置
786.8,ST010377,<p>kg/m<sup>3</sup></p>,2025-11-12 08:00:00,密度(20℃),延炼50万吨/年航煤装置
1.0,ST010377,体积分数 %,2025-11-12 08:00:00,残留量,延炼50万吨/年航煤装置
210.5,ST010377,<p>℃</p>,2025-11-12 08:00:00,90%回收温度,延炼50万吨/年航煤装置
223.5,ST010377,<p>℃</p>,2025-11-12 08:00:00,终馏点,延炼50万吨/年航煤装置
188.0,ST010377,<p>℃</p>,2025-11-12 08:00:00,50%回收温度,延炼50万吨/年航煤装置
174.0,ST010377,<p>℃</p>,2025-11-12 08:00:00,20%回收温度,延炼50万吨/年航煤装置
169.0,ST010377,<p>℃</p>,2025-11-12 08:00:00,10%回收温度,延炼50万吨/年航煤装置
150.0,ST010377,<p>℃</p>,2025-11-12 08:00:00,初馏点,延炼50万吨/年航煤装置
0.8,ST010377,体积分数 %,2025-11-12 08:00:00,损失量,延炼50万吨/年航煤装置
42.0,ST010377,℃,2025-11-12 08:00:00,闪点（闭口）,延炼50万吨/年航煤装置
786.1,ST010377,<p>kg/m<sup>3</sup></p>,2025-11-13 08:00:00,密度(20℃),延炼50万吨/年航煤装置
1.0,ST010377,体积分数 %,2025-11-13 08:00:00,残留量,延炼50万吨/年航煤装置
210.5,ST010377,<p>℃</p>,2025-11-13 08:00:00,90%回收温度,延炼50万吨/年航煤装置
224.5,ST010377,<p>℃</p>,2025-11-13 08:00:00,终馏点,延炼50万吨/年航煤装置
188.0,ST010377,<p>℃</p>,2025-11-13 08:00:00,50%回收温度,延炼50万吨/年航煤装置
176.0,ST010377,<p>℃</p>,2025-11-13 08:00:00,20%回收温度,延炼50万吨/年航煤装置
171.0,ST010377,<p>℃</p>,2025-11-13 08:00:00,10%回收温度,延炼50万吨/年航煤装置
153.0,ST010377,<p>℃</p>,2025-11-13 08:00:00,初馏点,延炼50万吨/年航煤装置
0.8,ST010377,体积分数 %,2025-11-13 08:00:00,损失量,延炼50万吨/年航煤装置
45.0,ST010377,℃,2025-11-13 08:00:00,闪点（闭口）,延炼50万吨/年航煤装置
786.8,ST010377,<p>kg/m<sup>3</sup></p>,2025-11-14 08:00:00,密度(20℃),延炼50万吨/年航煤装置
1.0,ST010377,体积分数 %,2025-11-14 08:00:00,残留量,延炼50万吨/年航煤装置
211.5,ST010377,<p>℃</p>,2025-11-14 08:00:00,90%回收温度,延炼50万吨/年航煤装置
225.5,ST010377,<p>℃</p>,2025-11-14 08:00:00,终馏点,延炼50万吨/年航煤装置
189.0,ST010377,<p>℃</p>,2025-11-14 08:00:00,50%回收温度,延炼50万吨/年航煤装置
177.0,ST010377,<p>℃</p>,2025-11-14 08:00:00,20%回收温度,延炼50万吨/年航煤装置
172.0,ST010377,<p>℃</p>,2025-11-14 08:00:00,10%回收温度,延炼50万吨/年航煤装置
156.0,ST010377,<p>℃</p>,2025-11-14 08:00:00,初馏点,延炼50万吨/年航煤装置
0.7,ST010377,体积分数 %,2025-11-14 08:00:00,损失量,延炼50万吨/年航煤装置
44.5,ST010377,℃,2025-11-14 08:00:00,闪点（闭口）,延炼50万吨/年航煤装置
787.2,ST010377,<p>kg/m<sup>3</sup></p>,2025-11-15 08:00:00,密度(20℃),延炼50万吨/年航煤装置
1.0,ST010377,体积分数 %,2025-11-15 08:00:00,残留量,延炼50万吨/年航煤装置
210.5,ST010377,<p>℃</p>,2025-11-15 08:00:00,90%回收温度,延炼50万吨/年航煤装置
225.5,ST010377,<p>℃</p>,2025-11-15 08:00:00,终馏点,延炼50万吨/年航煤装置
188.0,ST010377,<p>℃</p>,2025-11-15 08:00:00,50%回收温度,延炼50万吨/年航煤装置
176.0,ST010377,<p>℃</p>,2025-11-15 08:00:00,20%回收温度,延炼50万吨/年航煤装置
171.0,ST010377,<p>℃</p>,2025-11-15 08:00:00,10%回收温度,延炼50万吨/年航煤装置
155.0,ST010377,<p>℃</p>,2025-11-15 08:00:00,初馏点,延炼50万吨/年航煤装置
0.8,ST010377,体积分数 %,2025-11-15 08:00:00,损失量,延炼50万吨/年航煤装置
44.5,ST010377,℃,2025-11-15 08:00:00,闪点（闭口）,延炼50万吨/年航煤装置
787.7,ST010377,<p>kg/m<sup>3</sup></p>,2025-11-16 08:00:00,密度(20℃),延炼50万吨/年航煤装置
46.0,ST010377,℃,2025-11-16 08:00:00,闪点（闭口）,延炼50万吨/年航煤装置
-56.7,ST010377,<p>℃</p>,2025-11-16 08:00:00,冰点,延炼50万吨/年航煤装置
24,ST010377,&mu;g/g,2025-11-16 08:00:00,硫醇硫,延炼50万吨/年航煤装置
57,ST010377,&mu;g/g,2025-11-16 08:00:00,水分,延炼50万吨/年航煤装置
1.1,ST010377,体积分数 %,2025-11-16 08:00:00,残留量,延炼50万吨/年航煤装置
212.0,ST010377,<p>℃</p>,2025-11-16 08:00:00,90%回收温度,延炼50万吨/年航煤装置
226.5,ST010377,<p>℃</p>,2025-11-16 08:00:00,终馏点,延炼50万吨/年航煤装置
189.0,ST010377,<p>℃</p>,2025-11-16 08:00:00,50%回收温度,延炼50万吨/年航煤装置
177.0,ST010377,<p>℃</p>,2025-11-16 08:00:00,20%回收温度,延炼50万吨/年航煤装置
172.0,ST010377,<p>℃</p>,2025-11-16 08:00:00,10%回收温度,延炼50万吨/年航煤装置
156.5,ST010377,<p>℃</p>,2025-11-16 08:00:00,初馏点,延炼50万吨/年航煤装置
0.6,ST010377,体积分数 %,2025-11-16 08:00:00,损失量,延炼50万吨/年航煤装置
185,ST010377,&mu;g/g,2025-11-16 08:00:00,总硫含量,延炼50万吨/年航煤装置
3.351,ST010377,<p>mm<sup>2</sup>/s</p>,2025-11-16 08:00:00,运动黏度（-20℃）,延炼50万吨/年航煤装置
27.9,ST010377,mm,2025-11-16 08:00:00,烟点,延炼50万吨/年航煤装置
10.6,ST010377,体积分数 %,2025-11-16 08:00:00,芳烃,延炼50万吨/年航煤装置
0.6,ST010377,体积分数 %,2025-11-16 08:00:00,烯烃,延炼50万吨/年航煤装置
0.6,ST010377,&mu;g/g,2025-11-16 08:00:00,氮含量,延炼50万吨/年航煤装置
1.0,ST010377,体积分数 %,2025-11-17 08:00:00,残留量,延炼50万吨/年航煤装置
211.5,ST010377,<p>℃</p>,2025-11-17 08:00:00,90%回收温度,延炼50万吨/年航煤装置
226.0,ST010377,<p>℃</p>,2025-11-17 08:00:00,终馏点,延炼50万吨/年航煤装置
190.5,ST010377,<p>℃</p>,2025-11-17 08:00:00,50%回收温度,延炼50万吨/年航煤装置
177.5,ST010377,<p>℃</p>,2025-11-17 08:00:00,20%回收温度,延炼50万吨/年航煤装置
172.5,ST010377,<p>℃</p>,2025-11-17 08:00:00,10%回收温度,延炼50万吨/年航煤装置
155.5,ST010377,<p>℃</p>,2025-11-17 08:00:00,初馏点,延炼50万吨/年航煤装置
0.8,ST010377,体积分数 %,2025-11-17 08:00:00,损失量,延炼50万吨/年航煤装置
788.7,ST010377,<p>kg/m<sup>3</sup></p>,2025-11-17 08:00:00,密度(20℃),延炼50万吨/年航煤装置
44.0,ST010377,℃,2025-11-17 08:00:00,闪点（闭口）,延炼50万吨/年航煤装置
788.6,ST010377,<p>kg/m<sup>3</sup></p>,2025-11-18 08:00:00,密度(20℃),延炼50万吨/年航煤装置
1.0,ST010377,体积分数 %,2025-11-18 08:00:00,残留量,延炼50万吨/年航煤装置
211.5,ST010377,<p>℃</p>,2025-11-18 08:00:00,90%回收温度,延炼50万吨/年航煤装置
227.0,ST010377,<p>℃</p>,2025-11-18 08:00:00,终馏点,延炼50万吨/年航煤装置
189.5,ST010377,<p>℃</p>,2025-11-18 08:00:00,50%回收温度,延炼50万吨/年航煤装置
176.5,ST010377,<p>℃</p>,2025-11-18 08:00:00,20%回收温度,延炼50万吨/年航煤装置
172.5,ST010377,<p>℃</p>,2025-11-18 08:00:00,10%回收温度,延炼50万吨/年航煤装置
153.5,ST010377,<p>℃</p>,2025-11-18 08:00:00,初馏点,延炼50万吨/年航煤装置
0.8,ST010377,体积分数 %,2025-11-18 08:00:00,损失量,延炼50万吨/年航煤装置
45.0,ST010377,℃,2025-11-18 08:00:00,闪点（闭口）,延炼50万吨/年航煤装置
171.5,ST010377,<p>℃</p>,2025-11-19 08:00:00,10%回收温度,延炼50万吨/年航煤装置
154.5,ST010377,<p>℃</p>,2025-11-19 08:00:00,初馏点,延炼50万吨/年航煤装置
0.8,ST010377,体积分数 %,2025-11-19 08:00:00,损失量,延炼50万吨/年航煤装置
785.7,ST010377,<p>kg/m<sup>3</sup></p>,2025-11-19 08:00:00,密度(20℃),延炼50万吨/年航煤装置
0.9,ST010377,体积分数 %,2025-11-19 08:00:00,残留量,延炼50万吨/年航煤装置
212.0,ST010377,<p>℃</p>,2025-11-19 08:00:00,90%回收温度,延炼50万吨/年航煤装置
226.0,ST010377,<p>℃</p>,2025-11-19 08:00:00,终馏点,延炼50万吨/年航煤装置
190.0,ST010377,<p>℃</p>,2025-11-19 08:00:00,50%回收温度,延炼50万吨/年航煤装置
176.5,ST010377,<p>℃</p>,2025-11-19 08:00:00,20%回收温度,延炼50万吨/年航煤装置
45.0,ST010377,℃,2025-11-19 08:00:00,闪点（闭口）,延炼50万吨/年航煤装置
787.3,ST010377,<p>kg/m<sup>3</sup></p>,2025-11-20 08:00:00,密度(20℃),延炼50万吨/年航煤装置
45.5,ST010377,℃,2025-11-20 08:00:00,闪点（闭口）,延炼50万吨/年航煤装置
1.0,ST010377,体积分数 %,2025-11-20 08:00:00,残留量,延炼50万吨/年航煤装置
212.0,ST010377,<p>℃</p>,2025-11-20 08:00:00,90%回收温度,延炼50万吨/年航煤装置
225.5,ST010377,<p>℃</p>,2025-11-20 08:00:00,终馏点,延炼50万吨/年航煤装置
190.0,ST010377,<p>℃</p>,2025-11-20 08:00:00,50%回收温度,延炼50万吨/年航煤装置
177.0,ST010377,<p>℃</p>,2025-11-20 08:00:00,20%回收温度,延炼50万吨/年航煤装置
172.0,ST010377,<p>℃</p>,2025-11-20 08:00:00,10%回收温度,延炼50万吨/年航煤装置
154.5,ST010377,<p>℃</p>,2025-11-20 08:00:00,初馏点,延炼50万吨/年航煤装置
0.8,ST010377,体积分数 %,2025-11-20 08:00:00,损失量,延炼50万吨/年航煤装置
786.1,ST010377,<p>kg/m<sup>3</sup></p>,2025-11-21 08:00:00,密度(20℃),延炼50万吨/年航煤装置
0.9,ST010377,体积分数 %,2025-11-21 08:00:00,残留量,延炼50万吨/年航煤装置
211.0,ST010377,<p>℃</p>,2025-11-21 08:00:00,90%回收温度,延炼50万吨/年航煤装置
225.0,ST010377,<p>℃</p>,2025-11-21 08:00:00,终馏点,延炼50万吨/年航煤装置
189.0,ST010377,<p>℃</p>,2025-11-21 08:00:00,50%回收温度,延炼50万吨/年航煤装置
177.0,ST010377,<p>℃</p>,2025-11-21 08:00:00,20%回收温度,延炼50万吨/年航煤装置
169.5,ST010377,<p>℃</p>,2025-11-21 08:00:00,10%回收温度,延炼50万吨/年航煤装置
153.5,ST010377,<p>℃</p>,2025-11-21 08:00:00,初馏点,延炼50万吨/年航煤装置
0.3,ST010377,体积分数 %,2025-11-21 08:00:00,损失量,延炼50万吨/年航煤装置
44.5,ST010377,℃,2025-11-21 08:00:00,闪点（闭口）,延炼50万吨/年航煤装置
787.4,ST010377,<p>kg/m<sup>3</sup></p>,2025-11-22 08:00:00,密度(20℃),延炼50万吨/年航煤装置
1.0,ST010377,体积分数 %,2025-11-22 08:00:00,残留量,延炼50万吨/年航煤装置
210.5,ST010377,<p>℃</p>,2025-11-22 08:00:00,90%回收温度,延炼50万吨/年航煤装置
227.5,ST010377,<p>℃</p>,2025-11-22 08:00:00,终馏点,延炼50万吨/年航煤装置
189.0,ST010377,<p>℃</p>,2025-11-22 08:00:00,50%回收温度,延炼50万吨/年航煤装置
176.0,ST010377,<p>℃</p>,2025-11-22 08:00:00,20%回收温度,延炼50万吨/年航煤装置
171.0,ST010377,<p>℃</p>,2025-11-22 08:00:00,10%回收温度,延炼50万吨/年航煤装置
153.0,ST010377,<p>℃</p>,2025-11-22 08:00:00,初馏点,延炼50万吨/年航煤装置
0.7,ST010377,体积分数 %,2025-11-22 08:00:00,损失量,延炼50万吨/年航煤装置
44.5,ST010377,℃,2025-11-22 08:00:00,闪点（闭口）,延炼50万吨/年航煤装置
786.7,ST010377,<p>kg/m<sup>3</sup></p>,2025-11-23 08:00:00,密度(20℃),延炼50万吨/年航煤装置
1.0,ST010377,体积分数 %,2025-11-23 08:00:00,残留量,延炼50万吨/年航煤装置
210.5,ST010377,<p>℃</p>,2025-11-23 08:00:00,90%回收温度,延炼50万吨/年航煤装置
225.5,ST010377,<p>℃</p>,2025-11-23 08:00:00,终馏点,延炼50万吨/年航煤装置
189.5,ST010377,<p>℃</p>,2025-11-23 08:00:00,50%回收温度,延炼50万吨/年航煤装置
175.0,ST010377,<p>℃</p>,2025-11-23 08:00:00,20%回收温度,延炼50万吨/年航煤装置
170.0,ST010377,<p>℃</p>,2025-11-23 08:00:00,10%回收温度,延炼50万吨/年航煤装置
154.0,ST010377,<p>℃</p>,2025-11-23 08:00:00,初馏点,延炼50万吨/年航煤装置
0.8,ST010377,体积分数 %,2025-11-23 08:00:00,损失量,延炼50万吨/年航煤装置
45.0,ST010377,℃,2025-11-23 08:00:00,闪点（闭口）,延炼50万吨/年航煤装置
786.5,ST010377,<p>kg/m<sup>3</sup></p>,2025-11-24 08:00:00,密度(20℃),延炼50万吨/年航煤装置
1.1,ST010377,体积分数 %,2025-11-24 08:00:00,残留量,延炼50万吨/年航煤装置
212.0,ST010377,<p>℃</p>,2025-11-24 08:00:00,90%回收温度,延炼50万吨/年航煤装置
226.5,ST010377,<p>℃</p>,2025-11-24 08:00:00,终馏点,延炼50万吨/年航煤装置
189.0,ST010377,<p>℃</p>,2025-11-24 08:00:00,50%回收温度,延炼50万吨/年航煤装置
176.0,ST010377,<p>℃</p>,2025-11-24 08:00:00,20%回收温度,延炼50万吨/年航煤装置
171.0,ST010377,<p>℃</p>,2025-11-24 08:00:00,10%回收温度,延炼50万吨/年航煤装置
152.5,ST010377,<p>℃</p>,2025-11-24 08:00:00,初馏点,延炼50万吨/年航煤装置
0.6,ST010377,体积分数 %,2025-11-24 08:00:00,损失量,延炼50万吨/年航煤装置
43.5,ST010377,℃,2025-11-24 08:00:00,闪点（闭口）,延炼50万吨/年航煤装置
189.0,ST010377,<p>℃</p>,2025-11-25 08:00:00,50%回收温度,延炼50万吨/年航煤装置
176.0,ST010377,<p>℃</p>,2025-11-25 08:00:00,20%回收温度,延炼50万吨/年航煤装置
171.0,ST010377,<p>℃</p>,2025-11-25 08:00:00,10%回收温度,延炼50万吨/年航煤装置
153.0,ST010377,<p>℃</p>,2025-11-25 08:00:00,初馏点,延炼50万吨/年航煤装置
0.8,ST010377,体积分数 %,2025-11-25 08:00:00,损失量,延炼50万吨/年航煤装置
44.0,ST010377,℃,2025-11-25 08:00:00,闪点（闭口）,延炼50万吨/年航煤装置
785.8,ST010377,<p>kg/m<sup>3</sup></p>,2025-11-25 08:00:00,密度(20℃),延炼50万吨/年航煤装置
0.9,ST010377,体积分数 %,2025-11-25 08:00:00,残留量,延炼50万吨/年航煤装置
212.5,ST010377,<p>℃</p>,2025-11-25 08:00:00,90%回收温度,延炼50万吨/年航煤装置
225.5,ST010377,<p>℃</p>,2025-11-25 08:00:00,终馏点,延炼50万吨/年航煤装置
786.2,ST010377,<p>kg/m<sup>3</sup></p>,2025-11-26 08:00:00,密度(20℃),延炼50万吨/年航煤装置
1.0,ST010377,体积分数 %,2025-11-26 08:00:00,残留量,延炼50万吨/年航煤装置
212.0,ST010377,<p>℃</p>,2025-11-26 08:00:00,90%回收温度,延炼50万吨/年航煤装置
225.5,ST010377,<p>℃</p>,2025-11-26 08:00:00,终馏点,延炼50万吨/年航煤装置
189.0,ST010377,<p>℃</p>,2025-11-26 08:00:00,50%回收温度,延炼50万吨/年航煤装置
176.0,ST010377,<p>℃</p>,2025-11-26 08:00:00,20%回收温度,延炼50万吨/年航煤装置
171.0,ST010377,<p>℃</p>,2025-11-26 08:00:00,10%回收温度,延炼50万吨/年航煤装置
154.0,ST010377,<p>℃</p>,2025-11-26 08:00:00,初馏点,延炼50万吨/年航煤装置
0.8,ST010377,体积分数 %,2025-11-26 08:00:00,损失量,延炼50万吨/年航煤装置
43.0,ST010377,℃,2025-11-26 08:00:00,闪点（闭口）,延炼50万吨/年航煤装置
0.9,ST010377,体积分数 %,2025-11-27 08:00:00,残留量,延炼50万吨/年航煤装置
212.5,ST010377,<p>℃</p>,2025-11-27 08:00:00,90%回收温度,延炼50万吨/年航煤装置
226.5,ST010377,<p>℃</p>,2025-11-27 08:00:00,终馏点,延炼50万吨/年航煤装置
189.0,ST010377,<p>℃</p>,2025-11-27 08:00:00,50%回收温度,延炼50万吨/年航煤装置
176.0,ST010377,<p>℃</p>,2025-11-27 08:00:00,20%回收温度,延炼50万吨/年航煤装置
171.0,ST010377,<p>℃</p>,2025-11-27 08:00:00,10%回收温度,延炼50万吨/年航煤装置
155.0,ST010377,<p>℃</p>,2025-11-27 08:00:00,初馏点,延炼50万吨/年航煤装置
0.8,ST010377,体积分数 %,2025-11-27 08:00:00,损失量,延炼50万吨/年航煤装置
43.0,ST010377,℃,2025-11-27 08:00:00,闪点（闭口）,延炼50万吨/年航煤装置
785.8,ST010377,<p>kg/m<sup>3</sup></p>,2025-11-27 08:00:00,密度(20℃),延炼50万吨/年航煤装置
43.5,ST010377,℃,2025-11-28 08:00:00,闪点（闭口）,延炼50万吨/年航煤装置
329,ST010377,&mu;g/g,2025-11-28 08:00:00,总硫含量,延炼50万吨/年航煤装置
0.7,ST010377,体积分数 %,2025-11-28 08:00:00,损失量,延炼50万吨/年航煤装置
1.0,ST010377,体积分数 %,2025-11-28 08:00:00,残留量,延炼50万吨/年航煤装置
211.5,ST010377,<p>℃</p>,2025-11-28 08:00:00,90%回收温度,延炼50万吨/年航煤装置
226.0,ST010377,<p>℃</p>,2025-11-28 08:00:00,终馏点,延炼50万吨/年航煤装置
189.5,ST010377,<p>℃</p>,2025-11-28 08:00:00,50%回收温度,延炼50万吨/年航煤装置
176.5,ST010377,<p>℃</p>,2025-11-28 08:00:00,20%回收温度,延炼50万吨/年航煤装置
170.5,ST010377,<p>℃</p>,2025-11-28 08:00:00,10%回收温度,延炼50万吨/年航煤装置
153.0,ST010377,<p>℃</p>,2025-11-28 08:00:00,初馏点,延炼50万吨/年航煤装置
785.7,ST010377,<p>kg/m<sup>3</sup></p>,2025-11-28 08:00:00,密度(20℃),延炼50万吨/年航煤装置
210.5,ST010377,<p>℃</p>,2025-11-29 08:00:00,90%回收温度,延炼50万吨/年航煤装置
227.0,ST010377,<p>℃</p>,2025-11-29 08:00:00,终馏点,延炼50万吨/年航煤装置
188.5,ST010377,<p>℃</p>,2025-11-29 08:00:00,50%回收温度,延炼50万吨/年航煤装置
175.5,ST010377,<p>℃</p>,2025-11-29 08:00:00,20%回收温度,延炼50万吨/年航煤装置
170.5,ST010377,<p>℃</p>,2025-11-29 08:00:00,10%回收温度,延炼50万吨/年航煤装置
152.0,ST010377,<p>℃</p>,2025-11-29 08:00:00,初馏点,延炼50万吨/年航煤装置
0.6,ST010377,体积分数 %,2025-11-29 08:00:00,损失量,延炼50万吨/年航煤装置
43.0,ST010377,℃,2025-11-29 08:00:00,闪点（闭口）,延炼50万吨/年航煤装置
786.1,ST010377,<p>kg/m<sup>3</sup></p>,2025-11-29 08:00:00,密度(20℃),延炼50万吨/年航煤装置
1.0,ST010377,体积分数 %,2025-11-29 08:00:00,残留量,延炼50万吨/年航煤装置
1.1,ST010377,体积分数 %,2025-11-30 08:00:00,残留量,延炼50万吨/年航煤装置
786.5,ST010377,<p>kg/m<sup>3</sup></p>,2025-11-30 08:00:00,密度(20℃),延炼50万吨/年航煤装置
211.5,ST010377,<p>℃</p>,2025-11-30 08:00:00,90%回收温度,延炼50万吨/年航煤装置
225.5,ST010377,<p>℃</p>,2025-11-30 08:00:00,终馏点,延炼50万吨/年航煤装置
189.5,ST010377,<p>℃</p>,2025-11-30 08:00:00,50%回收温度,延炼50万吨/年航煤装置
176.5,ST010377,<p>℃</p>,2025-11-30 08:00:00,20%回收温度,延炼50万吨/年航煤装置
170.0,ST010377,<p>℃</p>,2025-11-30 08:00:00,10%回收温度,延炼50万吨/年航煤装置
151.0,ST010377,<p>℃</p>,2025-11-30 08:00:00,初馏点,延炼50万吨/年航煤装置
0.4,ST010377,体积分数 %,2025-11-30 08:00:00,损失量,延炼50万吨/年航煤装置
44.0,ST010377,℃,2025-11-30 08:00:00,闪点（闭口）,延炼50万吨/年航煤装置
0.7,ST010377,体积分数 %,2025-12-01 08:00:00,烯烃,延炼50万吨/年航煤装置
11.0,ST010377,体积分数 %,2025-12-01 08:00:00,芳烃,延炼50万吨/年航煤装置
-57.0,ST010377,<p>℃</p>,2025-12-01 08:00:00,冰点,延炼50万吨/年航煤装置
93,ST010377,&mu;g/g,2025-12-01 08:00:00,水分,延炼50万吨/年航煤装置
399,ST010377,&mu;g/g,2025-12-01 08:00:00,总硫含量,延炼50万吨/年航煤装置
786.1,ST010377,<p>kg/m<sup>3</sup></p>,2025-12-01 08:00:00,密度(20℃),延炼50万吨/年航煤装置
1.0,ST010377,体积分数 %,2025-12-01 08:00:00,残留量,延炼50万吨/年航煤装置
211.5,ST010377,<p>℃</p>,2025-12-01 08:00:00,90%回收温度,延炼50万吨/年航煤装置
225.5,ST010377,<p>℃</p>,2025-12-01 08:00:00,终馏点,延炼50万吨/年航煤装置
188.5,ST010377,<p>℃</p>,2025-12-01 08:00:00,50%回收温度,延炼50万吨/年航煤装置
175.0,ST010377,<p>℃</p>,2025-12-01 08:00:00,20%回收温度,延炼50万吨/年航煤装置
170.0,ST010377,<p>℃</p>,2025-12-01 08:00:00,10%回收温度,延炼50万吨/年航煤装置
153.0,ST010377,<p>℃</p>,2025-12-01 08:00:00,初馏点,延炼50万吨/年航煤装置
0.7,ST010377,体积分数 %,2025-12-01 08:00:00,损失量,延炼50万吨/年航煤装置
43.0,ST010377,℃,2025-12-01 08:00:00,闪点（闭口）,延炼50万吨/年航煤装置
3.327,ST010377,<p>mm<sup>2</sup>/s</p>,2025-12-01 08:00:00,运动黏度（-20℃）,延炼50万吨/年航煤装置
28.3,ST010377,mm,2025-12-01 08:00:00,烟点,延炼50万吨/年航煤装置
1.4,ST010377,&mu;g/g,2025-12-01 08:00:00,氮含量,延炼50万吨/年航煤装置
36,ST010377,&mu;g/g,2025-12-01 08:00:00,硫醇硫,延炼50万吨/年航煤装置
0.8,ST010377,体积分数 %,2025-12-02 08:00:00,损失量,延炼50万吨/年航煤装置
785.2,ST010377,<p>kg/m<sup>3</sup></p>,2025-12-02 08:00:00,密度(20℃),延炼50万吨/年航煤装置
1.0,ST010377,体积分数 %,2025-12-02 08:00:00,残留量,延炼50万吨/年航煤装置
211.0,ST010377,<p>℃</p>,2025-12-02 08:00:00,90%回收温度,延炼50万吨/年航煤装置
225.5,ST010377,<p>℃</p>,2025-12-02 08:00:00,终馏点,延炼50万吨/年航煤装置
189.0,ST010377,<p>℃</p>,2025-12-02 08:00:00,50%回收温度,延炼50万吨/年航煤装置
175.0,ST010377,<p>℃</p>,2025-12-02 08:00:00,20%回收温度,延炼50万吨/年航煤装置
170.0,ST010377,<p>℃</p>,2025-12-02 08:00:00,10%回收温度,延炼50万吨/年航煤装置
152.0,ST010377,<p>℃</p>,2025-12-02 08:00:00,初馏点,延炼50万吨/年航煤装置
43.0,ST010377,℃,2025-12-02 08:00:00,闪点（闭口）,延炼50万吨/年航煤装置
-56.8,ST010377,<p>℃</p>,2025-12-02 08:00:00,冰点,延炼50万吨/年航煤装置
89,ST010377,&mu;g/g,2025-12-02 08:00:00,水分,延炼50万吨/年航煤装置
133,ST010377,&mu;g/g,2025-12-02 08:00:00,硫醇硫,延炼50万吨/年航煤装置
409,ST010377,&mu;g/g,2025-12-02 08:00:00,总硫含量,延炼50万吨/年航煤装置
784.8,ST010377,<p>kg/m<sup>3</sup></p>,2025-12-03 08:00:00,密度(20℃),延炼50万吨/年航煤装置
1.4,ST010377,体积分数 %,2025-12-03 08:00:00,残留量,延炼50万吨/年航煤装置
211.0,ST010377,<p>℃</p>,2025-12-03 08:00:00,90%回收温度,延炼50万吨/年航煤装置
226.5,ST010377,<p>℃</p>,2025-12-03 08:00:00,终馏点,延炼50万吨/年航煤装置
188.0,ST010377,<p>℃</p>,2025-12-03 08:00:00,50%回收温度,延炼50万吨/年航煤装置
176.0,ST010377,<p>℃</p>,2025-12-03 08:00:00,20%回收温度,延炼50万吨/年航煤装置
170.0,ST010377,<p>℃</p>,2025-12-03 08:00:00,10%回收温度,延炼50万吨/年航煤装置
152.5,ST010377,<p>℃</p>,2025-12-03 08:00:00,初馏点,延炼50万吨/年航煤装置
0.6,ST010377,体积分数 %,2025-12-03 08:00:00,损失量,延炼50万吨/年航煤装置
43.5,ST010377,℃,2025-12-03 08:00:00,闪点（闭口）,延炼50万吨/年航煤装置
42.5,ST010377,℃,2025-12-04 08:00:00,闪点（闭口）,延炼50万吨/年航煤装置
786.3,ST010377,<p>kg/m<sup>3</sup></p>,2025-12-04 08:00:00,密度(20℃),延炼50万吨/年航煤装置
1.1,ST010377,体积分数 %,2025-12-04 08:00:00,残留量,延炼50万吨/年航煤装置
211.5,ST010377,<p>℃</p>,2025-12-04 08:00:00,90%回收温度,延炼50万吨/年航煤装置
225.5,ST010377,<p>℃</p>,2025-12-04 08:00:00,终馏点,延炼50万吨/年航煤装置
188.0,ST010377,<p>℃</p>,2025-12-04 08:00:00,50%回收温度,延炼50万吨/年航煤装置
175.0,ST010377,<p>℃</p>,2025-12-04 08:00:00,20%回收温度,延炼50万吨/年航煤装置
169.0,ST010377,<p>℃</p>,2025-12-04 08:00:00,10%回收温度,延炼50万吨/年航煤装置
152.0,ST010377,<p>℃</p>,2025-12-04 08:00:00,初馏点,延炼50万吨/年航煤装置
0.7,ST010377,体积分数 %,2025-12-04 08:00:00,损失量,延炼50万吨/年航煤装置
403,ST010377,&mu;g/g,2025-12-05 08:00:00,总硫含量,延炼50万吨/年航煤装置
783.7,ST010377,<p>kg/m<sup>3</sup></p>,2025-12-05 08:00:00,密度(20℃),延炼50万吨/年航煤装置
1.0,ST010377,体积分数 %,2025-12-05 08:00:00,残留量,延炼50万吨/年航煤装置
210.5,ST010377,<p>℃</p>,2025-12-05 08:00:00,90%回收温度,延炼50万吨/年航煤装置
225.5,ST010377,<p>℃</p>,2025-12-05 08:00:00,终馏点,延炼50万吨/年航煤装置
187.0,ST010377,<p>℃</p>,2025-12-05 08:00:00,50%回收温度,延炼50万吨/年航煤装置
174.0,ST010377,<p>℃</p>,2025-12-05 08:00:00,20%回收温度,延炼50万吨/年航煤装置
169.0,ST010377,<p>℃</p>,2025-12-05 08:00:00,10%回收温度,延炼50万吨/年航煤装置
152.0,ST010377,<p>℃</p>,2025-12-05 08:00:00,初馏点,延炼50万吨/年航煤装置
0.8,ST010377,体积分数 %,2025-12-05 08:00:00,损失量,延炼50万吨/年航煤装置
43.5,ST010377,℃,2025-12-05 08:00:00,闪点（闭口）,延炼50万吨/年航煤装置
433,ST010377,&mu;g/g,2025-12-06 08:00:00,总硫含量,延炼50万吨/年航煤装置
174.5,ST010377,<p>℃</p>,2025-12-06 08:00:00,20%回收温度,延炼50万吨/年航煤装置
169.0,ST010377,<p>℃</p>,2025-12-06 08:00:00,10%回收温度,延炼50万吨/年航煤装置
152.0,ST010377,<p>℃</p>,2025-12-06 08:00:00,初馏点,延炼50万吨/年航煤装置
0.5,ST010377,体积分数 %,2025-12-06 08:00:00,损失量,延炼50万吨/年航煤装置
45.0,ST010377,℃,2025-12-06 08:00:00,闪点（闭口）,延炼50万吨/年航煤装置
785.5,ST010377,<p>kg/m<sup>3</sup></p>,2025-12-06 08:00:00,密度(20℃),延炼50万吨/年航煤装置
1.1,ST010377,体积分数 %,2025-12-06 08:00:00,残留量,延炼50万吨/年航煤装置
210.5,ST010377,<p>℃</p>,2025-12-06 08:00:00,90%回收温度,延炼50万吨/年航煤装置
228.0,ST010377,<p>℃</p>,2025-12-06 08:00:00,终馏点,延炼50万吨/年航煤装置
187.5,ST010377,<p>℃</p>,2025-12-06 08:00:00,50%回收温度,延炼50万吨/年航煤装置
786.0,ST010377,<p>kg/m<sup>3</sup></p>,2025-12-07 08:00:00,密度(20℃),延炼50万吨/年航煤装置
1.0,ST010377,体积分数 %,2025-12-07 08:00:00,残留量,延炼50万吨/年航煤装置
210.5,ST010377,<p>℃</p>,2025-12-07 08:00:00,90%回收温度,延炼50万吨/年航煤装置
225.5,ST010377,<p>℃</p>,2025-12-07 08:00:00,终馏点,延炼50万吨/年航煤装置
187.0,ST010377,<p>℃</p>,2025-12-07 08:00:00,50%回收温度,延炼50万吨/年航煤装置
175.0,ST010377,<p>℃</p>,2025-12-07 08:00:00,20%回收温度,延炼50万吨/年航煤装置
169.0,ST010377,<p>℃</p>,2025-12-07 08:00:00,10%回收温度,延炼50万吨/年航煤装置
150.0,ST010377,<p>℃</p>,2025-12-07 08:00:00,初馏点,延炼50万吨/年航煤装置
0.8,ST010377,体积分数 %,2025-12-07 08:00:00,损失量,延炼50万吨/年航煤装置
42.5,ST010377,℃,2025-12-07 08:00:00,闪点（闭口）,延炼50万吨/年航煤装置
786.2,ST010377,<p>kg/m<sup>3</sup></p>,2025-12-08 08:00:00,密度(20℃),延炼50万吨/年航煤装置
1.0,ST010377,体积分数 %,2025-12-08 08:00:00,残留量,延炼50万吨/年航煤装置
209.0,ST010377,<p>℃</p>,2025-12-08 08:00:00,90%回收温度,延炼50万吨/年航煤装置
224.5,ST010377,<p>℃</p>,2025-12-08 08:00:00,终馏点,延炼50万吨/年航煤装置
187.0,ST010377,<p>℃</p>,2025-12-08 08:00:00,50%回收温度,延炼50万吨/年航煤装置
174.0,ST010377,<p>℃</p>,2025-12-08 08:00:00,20%回收温度,延炼50万吨/年航煤装置
169.0,ST010377,<p>℃</p>,2025-12-08 08:00:00,10%回收温度,延炼50万吨/年航煤装置
151.5,ST010377,<p>℃</p>,2025-12-08 08:00:00,初馏点,延炼50万吨/年航煤装置
0.8,ST010377,体积分数 %,2025-12-08 08:00:00,损失量,延炼50万吨/年航煤装置
43.5,ST010377,℃,2025-12-08 08:00:00,闪点（闭口）,延炼50万吨/年航煤装置
187.0,ST010377,<p>℃</p>,2025-12-09 08:00:00,50%回收温度,延炼50万吨/年航煤装置
174.0,ST010377,<p>℃</p>,2025-12-09 08:00:00,20%回收温度,延炼50万吨/年航煤装置
170.0,ST010377,<p>℃</p>,2025-12-09 08:00:00,10%回收温度,延炼50万吨/年航煤装置
153.0,ST010377,<p>℃</p>,2025-12-09 08:00:00,初馏点,延炼50万吨/年航煤装置
0.8,ST010377,体积分数 %,2025-12-09 08:00:00,损失量,延炼50万吨/年航煤装置
43.0,ST010377,℃,2025-12-09 08:00:00,闪点（闭口）,延炼50万吨/年航煤装置
0.9,ST010377,体积分数 %,2025-12-09 08:00:00,残留量,延炼50万吨/年航煤装置
211.5,ST010377,<p>℃</p>,2025-12-09 08:00:00,90%回收温度,延炼50万吨/年航煤装置
226.5,ST010377,<p>℃</p>,2025-12-09 08:00:00,终馏点,延炼50万吨/年航煤装置
785.0,ST010377,<p>kg/m<sup>3</sup></p>,2025-12-09 08:00:00,密度(20℃),延炼50万吨/年航煤装置
154.0,ST010377,<p>℃</p>,2025-12-10 08:00:00,初馏点,延炼50万吨/年航煤装置
0.7,ST010377,体积分数 %,2025-12-10 08:00:00,损失量,延炼50万吨/年航煤装置
44.0,ST010377,℃,2025-12-10 08:00:00,闪点（闭口）,延炼50万吨/年航煤装置
785.3,ST010377,<p>kg/m<sup>3</sup></p>,2025-12-10 08:00:00,密度(20℃),延炼50万吨/年航煤装置
1.0,ST010377,体积分数 %,2025-12-10 08:00:00,残留量,延炼50万吨/年航煤装置
210.5,ST010377,<p>℃</p>,2025-12-10 08:00:00,90%回收温度,延炼50万吨/年航煤装置
226.0,ST010377,<p>℃</p>,2025-12-10 08:00:00,终馏点,延炼50万吨/年航煤装置
187.5,ST010377,<p>℃</p>,2025-12-10 08:00:00,50%回收温度,延炼50万吨/年航煤装置
175.5,ST010377,<p>℃</p>,2025-12-10 08:00:00,20%回收温度,延炼50万吨/年航煤装置
170.0,ST010377,<p>℃</p>,2025-12-10 08:00:00,10%回收温度,延炼50万吨/年航煤装置
785.2,ST010377,<p>kg/m<sup>3</sup></p>,2025-12-11 08:00:00,密度(20℃),延炼50万吨/年航煤装置
0.9,ST010377,体积分数 %,2025-12-11 08:00:00,残留量,延炼50万吨/年航煤装置
212.5,ST010377,<p>℃</p>,2025-12-11 08:00:00,90%回收温度,延炼50万吨/年航煤装置
226.5,ST010377,<p>℃</p>,2025-12-11 08:00:00,终馏点,延炼50万吨/年航煤装置
188.5,ST010377,<p>℃</p>,2025-12-11 08:00:00,50%回收温度,延炼50万吨/年航煤装置
175.0,ST010377,<p>℃</p>,2025-12-11 08:00:00,20%回收温度,延炼50万吨/年航煤装置
169.0,ST010377,<p>℃</p>,2025-12-11 08:00:00,10%回收温度,延炼50万吨/年航煤装置
153.0,ST010377,<p>℃</p>,2025-12-11 08:00:00,初馏点,延炼50万吨/年航煤装置
0.8,ST010377,体积分数 %,2025-12-11 08:00:00,损失量,延炼50万吨/年航煤装置
42.0,ST010377,℃,2025-12-11 08:00:00,闪点（闭口）,延炼50万吨/年航煤装置
784.6,ST010377,<p>kg/m<sup>3</sup></p>,2025-12-12 08:00:00,密度(20℃),延炼50万吨/年航煤装置
0.9,ST010377,体积分数 %,2025-12-12 08:00:00,残留量,延炼50万吨/年航煤装置
211.5,ST010377,<p>℃</p>,2025-12-12 08:00:00,90%回收温度,延炼50万吨/年航煤装置
224.5,ST010377,<p>℃</p>,2025-12-12 08:00:00,终馏点,延炼50万吨/年航煤装置
187.0,ST010377,<p>℃</p>,2025-12-12 08:00:00,50%回收温度,延炼50万吨/年航煤装置
175.0,ST010377,<p>℃</p>,2025-12-12 08:00:00,20%回收温度,延炼50万吨/年航煤装置
169.0,ST010377,<p>℃</p>,2025-12-12 08:00:00,10%回收温度,延炼50万吨/年航煤装置
152.0,ST010377,<p>℃</p>,2025-12-12 08:00:00,初馏点,延炼50万吨/年航煤装置
0.8,ST010377,体积分数 %,2025-12-12 08:00:00,损失量,延炼50万吨/年航煤装置
42.5,ST010377,℃,2025-12-12 08:00:00,闪点（闭口）,延炼50万吨/年航煤装置
785.0,ST010377,<p>kg/m<sup>3</sup></p>,2025-12-13 08:00:00,密度(20℃),延炼50万吨/年航煤装置
1.0,ST010377,体积分数 %,2025-12-13 08:00:00,残留量,延炼50万吨/年航煤装置
210.0,ST010377,<p>℃</p>,2025-12-13 08:00:00,90%回收温度,延炼50万吨/年航煤装置
224.0,ST010377,<p>℃</p>,2025-12-13 08:00:00,终馏点,延炼50万吨/年航煤装置
187.0,ST010377,<p>℃</p>,2025-12-13 08:00:00,50%回收温度,延炼50万吨/年航煤装置
175.0,ST010377,<p>℃</p>,2025-12-13 08:00:00,20%回收温度,延炼50万吨/年航煤装置
169.5,ST010377,<p>℃</p>,2025-12-13 08:00:00,10%回收温度,延炼50万吨/年航煤装置
152.5,ST010377,<p>℃</p>,2025-12-13 08:00:00,初馏点,延炼50万吨/年航煤装置
0.8,ST010377,体积分数 %,2025-12-13 08:00:00,损失量,延炼50万吨/年航煤装置
42.5,ST010377,℃,2025-12-13 08:00:00,闪点（闭口）,延炼50万吨/年航煤装置
42.5,ST010377,℃,2025-12-14 08:00:00,闪点（闭口）,延炼50万吨/年航煤装置
784.3,ST010377,<p>kg/m<sup>3</sup></p>,2025-12-14 08:00:00,密度(20℃),延炼50万吨/年航煤装置
1.0,ST010377,体积分数 %,2025-12-14 08:00:00,残留量,延炼50万吨/年航煤装置
210.5,ST010377,<p>℃</p>,2025-12-14 08:00:00,90%回收温度,延炼50万吨/年航煤装置
225.5,ST010377,<p>℃</p>,2025-12-14 08:00:00,终馏点,延炼50万吨/年航煤装置
187.0,ST010377,<p>℃</p>,2025-12-14 08:00:00,50%回收温度,延炼50万吨/年航煤装置
175.0,ST010377,<p>℃</p>,2025-12-14 08:00:00,20%回收温度,延炼50万吨/年航煤装置
170.0,ST010377,<p>℃</p>,2025-12-14 08:00:00,10%回收温度,延炼50万吨/年航煤装置
152.0,ST010377,<p>℃</p>,2025-12-14 08:00:00,初馏点,延炼50万吨/年航煤装置
0.8,ST010377,体积分数 %,2025-12-14 08:00:00,损失量,延炼50万吨/年航煤装置
43.5,ST010377,℃,2025-12-15 08:00:00,闪点（闭口）,延炼50万吨/年航煤装置
0.9,ST010377,体积分数 %,2025-12-15 08:00:00,残留量,延炼50万吨/年航煤装置
211.5,ST010377,<p>℃</p>,2025-12-15 08:00:00,90%回收温度,延炼50万吨/年航煤装置
224.0,ST010377,<p>℃</p>,2025-12-15 08:00:00,终馏点,延炼50万吨/年航煤装置
187.5,ST010377,<p>℃</p>,2025-12-15 08:00:00,50%回收温度,延炼50万吨/年航煤装置
175.5,ST010377,<p>℃</p>,2025-12-15 08:00:00,20%回收温度,延炼50万吨/年航煤装置
169.0,ST010377,<p>℃</p>,2025-12-15 08:00:00,10%回收温度,延炼50万吨/年航煤装置
153.0,ST010377,<p>℃</p>,2025-12-15 08:00:00,初馏点,延炼50万吨/年航煤装置
0.8,ST010377,体积分数 %,2025-12-15 08:00:00,损失量,延炼50万吨/年航煤装置
784.5,ST010377,<p>kg/m<sup>3</sup></p>,2025-12-15 08:00:00,密度(20℃),延炼50万吨/年航煤装置
784.8,ST010377,<p>kg/m<sup>3</sup></p>,2025-12-16 08:00:00,密度(20℃),延炼50万吨/年航煤装置
44.0,ST010377,℃,2025-12-16 08:00:00,闪点（闭口）,延炼50万吨/年航煤装置
1.0,ST010377,体积分数 %,2025-12-16 08:00:00,残留量,延炼50万吨/年航煤装置
211.5,ST010377,<p>℃</p>,2025-12-16 08:00:00,90%回收温度,延炼50万吨/年航煤装置
225.5,ST010377,<p>℃</p>,2025-12-16 08:00:00,终馏点,延炼50万吨/年航煤装置
187.0,ST010377,<p>℃</p>,2025-12-16 08:00:00,50%回收温度,延炼50万吨/年航煤装置
175.0,ST010377,<p>℃</p>,2025-12-16 08:00:00,20%回收温度,延炼50万吨/年航煤装置
169.0,ST010377,<p>℃</p>,2025-12-16 08:00:00,10%回收温度,延炼50万吨/年航煤装置
153.0,ST010377,<p>℃</p>,2025-12-16 08:00:00,初馏点,延炼50万吨/年航煤装置
0.8,ST010377,体积分数 %,2025-12-16 08:00:00,损失量,延炼50万吨/年航煤装置
784.9,ST010377,<p>kg/m<sup>3</sup></p>,2025-12-17 08:00:00,密度(20℃),延炼50万吨/年航煤装置
1.0,ST010377,体积分数 %,2025-12-17 08:00:00,残留量,延炼50万吨/年航煤装置
211.0,ST010377,<p>℃</p>,2025-12-17 08:00:00,90%回收温度,延炼50万吨/年航煤装置
225.5,ST010377,<p>℃</p>,2025-12-17 08:00:00,终馏点,延炼50万吨/年航煤装置
187.0,ST010377,<p>℃</p>,2025-12-17 08:00:00,50%回收温度,延炼50万吨/年航煤装置
175.0,ST010377,<p>℃</p>,2025-12-17 08:00:00,20%回收温度,延炼50万吨/年航煤装置
170.0,ST010377,<p>℃</p>,2025-12-17 08:00:00,10%回收温度,延炼50万吨/年航煤装置
156.0,ST010377,<p>℃</p>,2025-12-17 08:00:00,初馏点,延炼50万吨/年航煤装置
0.8,ST010377,体积分数 %,2025-12-17 08:00:00,损失量,延炼50万吨/年航煤装置
44.0,ST010377,℃,2025-12-17 08:00:00,闪点（闭口）,延炼50万吨/年航煤装置
784.8,ST010377,<p>kg/m<sup>3</sup></p>,2025-12-18 08:00:00,密度(20℃),延炼50万吨/年航煤装置
1.0,ST010377,体积分数 %,2025-12-18 08:00:00,残留量,延炼50万吨/年航煤装置
210.5,ST010377,<p>℃</p>,2025-12-18 08:00:00,90%回收温度,延炼50万吨/年航煤装置
224.0,ST010377,<p>℃</p>,2025-12-18 08:00:00,终馏点,延炼50万吨/年航煤装置
187.5,ST010377,<p>℃</p>,2025-12-18 08:00:00,50%回收温度,延炼50万吨/年航煤装置
174.5,ST010377,<p>℃</p>,2025-12-18 08:00:00,20%回收温度,延炼50万吨/年航煤装置
169.5,ST010377,<p>℃</p>,2025-12-18 08:00:00,10%回收温度,延炼50万吨/年航煤装置
153.0,ST010377,<p>℃</p>,2025-12-18 08:00:00,初馏点,延炼50万吨/年航煤装置
0.7,ST010377,体积分数 %,2025-12-18 08:00:00,损失量,延炼50万吨/年航煤装置
43.5,ST010377,℃,2025-12-18 08:00:00,闪点（闭口）,延炼50万吨/年航煤装置
783.5,ST010377,<p>kg/m<sup>3</sup></p>,2025-12-19 08:00:00,密度(20℃),延炼50万吨/年航煤装置
1.0,ST010377,体积分数 %,2025-12-19 08:00:00,残留量,延炼50万吨/年航煤装置
208.5,ST010377,<p>℃</p>,2025-12-19 08:00:00,90%回收温度,延炼50万吨/年航煤装置
225.0,ST010377,<p>℃</p>,2025-12-19 08:00:00,终馏点,延炼50万吨/年航煤装置
186.5,ST010377,<p>℃</p>,2025-12-19 08:00:00,50%回收温度,延炼50万吨/年航煤装置
174.5,ST010377,<p>℃</p>,2025-12-19 08:00:00,20%回收温度,延炼50万吨/年航煤装置
169.5,ST010377,<p>℃</p>,2025-12-19 08:00:00,10%回收温度,延炼50万吨/年航煤装置
153.5,ST010377,<p>℃</p>,2025-12-19 08:00:00,初馏点,延炼50万吨/年航煤装置
0.7,ST010377,体积分数 %,2025-12-19 08:00:00,损失量,延炼50万吨/年航煤装置
43.0,ST010377,℃,2025-12-19 08:00:00,闪点（闭口）,延炼50万吨/年航煤装置
265,ST010377,&mu;g/g,2025-12-19 14:40:00,总硫含量,延炼50万吨/年航煤装置
44.0,ST010377,℃,2025-12-20 08:00:00,闪点（闭口）,延炼50万吨/年航煤装置
783.9,ST010377,<p>kg/m<sup>3</sup></p>,2025-12-20 08:00:00,密度(20℃),延炼50万吨/年航煤装置
1.1,ST010377,体积分数 %,2025-12-20 08:00:00,残留量,延炼50万吨/年航煤装置
209.0,ST010377,<p>℃</p>,2025-12-20 08:00:00,90%回收温度,延炼50万吨/年航煤装置
225.5,ST010377,<p>℃</p>,2025-12-20 08:00:00,终馏点,延炼50万吨/年航煤装置
186.0,ST010377,<p>℃</p>,2025-12-20 08:00:00,50%回收温度,延炼50万吨/年航煤装置
174.0,ST010377,<p>℃</p>,2025-12-20 08:00:00,20%回收温度,延炼50万吨/年航煤装置
169.0,ST010377,<p>℃</p>,2025-12-20 08:00:00,10%回收温度,延炼50万吨/年航煤装置
155.0,ST010377,<p>℃</p>,2025-12-20 08:00:00,初馏点,延炼50万吨/年航煤装置
0.6,ST010377,体积分数 %,2025-12-20 08:00:00,损失量,延炼50万吨/年航煤装置
784.7,ST010377,<p>kg/m<sup>3</sup></p>,2025-12-21 08:00:00,密度(20℃),延炼50万吨/年航煤装置
1.0,ST010377,体积分数 %,2025-12-21 08:00:00,残留量,延炼50万吨/年航煤装置
210.5,ST010377,<p>℃</p>,2025-12-21 08:00:00,90%回收温度,延炼50万吨/年航煤装置
223.5,ST010377,<p>℃</p>,2025-12-21 08:00:00,终馏点,延炼50万吨/年航煤装置
187.0,ST010377,<p>℃</p>,2025-12-21 08:00:00,50%回收温度,延炼50万吨/年航煤装置
174.0,ST010377,<p>℃</p>,2025-12-21 08:00:00,20%回收温度,延炼50万吨/年航煤装置
169.0,ST010377,<p>℃</p>,2025-12-21 08:00:00,10%回收温度,延炼50万吨/年航煤装置
153.0,ST010377,<p>℃</p>,2025-12-21 08:00:00,初馏点,延炼50万吨/年航煤装置
0.8,ST010377,体积分数 %,2025-12-21 08:00:00,损失量,延炼50万吨/年航煤装置
44.0,ST010377,℃,2025-12-21 08:00:00,闪点（闭口）,延炼50万吨/年航煤装置
1.0,ST010377,体积分数 %,2025-12-22 08:00:00,残留量,延炼50万吨/年航煤装置
210.5,ST010377,<p>℃</p>,2025-12-22 08:00:00,90%回收温度,延炼50万吨/年航煤装置
225.0,ST010377,<p>℃</p>,2025-12-22 08:00:00,终馏点,延炼50万吨/年航煤装置
187.5,ST010377,<p>℃</p>,2025-12-22 08:00:00,50%回收温度,延炼50万吨/年航煤装置
174.5,ST010377,<p>℃</p>,2025-12-22 08:00:00,20%回收温度,延炼50万吨/年航煤装置
169.5,ST010377,<p>℃</p>,2025-12-22 08:00:00,10%回收温度,延炼50万吨/年航煤装置
152.0,ST010377,<p>℃</p>,2025-12-22 08:00:00,初馏点,延炼50万吨/年航煤装置
0.7,ST010377,体积分数 %,2025-12-22 08:00:00,损失量,延炼50万吨/年航煤装置
783.8,ST010377,<p>kg/m<sup>3</sup></p>,2025-12-22 08:00:00,密度(20℃),延炼50万吨/年航煤装置
43.0,ST010377,℃,2025-12-22 08:00:00,闪点（闭口）,延炼50万吨/年航煤装置
783.8,ST010377,<p>kg/m<sup>3</sup></p>,2025-12-23 08:00:00,密度(20℃),延炼50万吨/年航煤装置
1.0,ST010377,体积分数 %,2025-12-23 08:00:00,残留量,延炼50万吨/年航煤装置
210.0,ST010377,<p>℃</p>,2025-12-23 08:00:00,90%回收温度,延炼50万吨/年航煤装置
225.5,ST010377,<p>℃</p>,2025-12-23 08:00:00,终馏点,延炼50万吨/年航煤装置
187.0,ST010377,<p>℃</p>,2025-12-23 08:00:00,50%回收温度,延炼50万吨/年航煤装置
175.0,ST010377,<p>℃</p>,2025-12-23 08:00:00,20%回收温度,延炼50万吨/年航煤装置
169.0,ST010377,<p>℃</p>,2025-12-23 08:00:00,10%回收温度,延炼50万吨/年航煤装置
154.0,ST010377,<p>℃</p>,2025-12-23 08:00:00,初馏点,延炼50万吨/年航煤装置
0.5,ST010377,体积分数 %,2025-12-23 08:00:00,损失量,延炼50万吨/年航煤装置
43.0,ST010377,℃,2025-12-23 08:00:00,闪点（闭口）,延炼50万吨/年航煤装置
784.5,ST010377,<p>kg/m<sup>3</sup></p>,2025-12-24 08:00:00,密度(20℃),延炼50万吨/年航煤装置
1.0,ST010377,体积分数 %,2025-12-24 08:00:00,残留量,延炼50万吨/年航煤装置
211.5,ST010377,<p>℃</p>,2025-12-24 08:00:00,90%回收温度,延炼50万吨/年航煤装置
225.5,ST010377,<p>℃</p>,2025-12-24 08:00:00,终馏点,延炼50万吨/年航煤装置
187.0,ST010377,<p>℃</p>,2025-12-24 08:00:00,50%回收温度,延炼50万吨/年航煤装置
175.0,ST010377,<p>℃</p>,2025-12-24 08:00:00,20%回收温度,延炼50万吨/年航煤装置
169.0,ST010377,<p>℃</p>,2025-12-24 08:00:00,10%回收温度,延炼50万吨/年航煤装置
153.0,ST010377,<p>℃</p>,2025-12-24 08:00:00,初馏点,延炼50万吨/年航煤装置
0.8,ST010377,体积分数 %,2025-12-24 08:00:00,损失量,延炼50万吨/年航煤装置
43.0,ST010377,℃,2025-12-24 08:00:00,闪点（闭口）,延炼50万吨/年航煤装置
0.8,ST010377,体积分数 %,2025-12-25 08:00:00,损失量,延炼50万吨/年航煤装置
43.5,ST010377,℃,2025-12-25 08:00:00,闪点（闭口）,延炼50万吨/年航煤装置
783.7,ST010377,<p>kg/m<sup>3</sup></p>,2025-12-25 08:00:00,密度(20℃),延炼50万吨/年航煤装置
1.0,ST010377,体积分数 %,2025-12-25 08:00:00,残留量,延炼50万吨/年航煤装置
212.0,ST010377,<p>℃</p>,2025-12-25 08:00:00,90%回收温度,延炼50万吨/年航煤装置
227.5,ST010377,<p>℃</p>,2025-12-25 08:00:00,终馏点,延炼50万吨/年航煤装置
188.0,ST010377,<p>℃</p>,2025-12-25 08:00:00,50%回收温度,延炼50万吨/年航煤装置
175.0,ST010377,<p>℃</p>,2025-12-25 08:00:00,20%回收温度,延炼50万吨/年航煤装置
170.0,ST010377,<p>℃</p>,2025-12-25 08:00:00,10%回收温度,延炼50万吨/年航煤装置
151.5,ST010377,<p>℃</p>,2025-12-25 08:00:00,初馏点,延炼50万吨/年航煤装置
785.5,ST010377,<p>kg/m<sup>3</sup></p>,2025-12-26 08:00:00,密度(20℃),延炼50万吨/年航煤装置
1.0,ST010377,体积分数 %,2025-12-26 08:00:00,残留量,延炼50万吨/年航煤装置
210.5,ST010377,<p>℃</p>,2025-12-26 08:00:00,90%回收温度,延炼50万吨/年航煤装置
223.5,ST010377,<p>℃</p>,2025-12-26 08:00:00,终馏点,延炼50万吨/年航煤装置
187.0,ST010377,<p>℃</p>,2025-12-26 08:00:00,50%回收温度,延炼50万吨/年航煤装置
175.0,ST010377,<p>℃</p>,2025-12-26 08:00:00,20%回收温度,延炼50万吨/年航煤装置
169.0,ST010377,<p>℃</p>,2025-12-26 08:00:00,10%回收温度,延炼50万吨/年航煤装置
153.0,ST010377,<p>℃</p>,2025-12-26 08:00:00,初馏点,延炼50万吨/年航煤装置
0.8,ST010377,体积分数 %,2025-12-26 08:00:00,损失量,延炼50万吨/年航煤装置
44.0,ST010377,℃,2025-12-26 08:00:00,闪点（闭口）,延炼50万吨/年航煤装置
784.7,ST010377,<p>kg/m<sup>3</sup></p>,2025-12-27 08:00:00,密度(20℃),延炼50万吨/年航煤装置
44.0,ST010377,℃,2025-12-27 08:00:00,闪点（闭口）,延炼50万吨/年航煤装置
1.0,ST010377,体积分数 %,2025-12-27 08:00:00,残留量,延炼50万吨/年航煤装置
209.5,ST010377,<p>℃</p>,2025-12-27 08:00:00,90%回收温度,延炼50万吨/年航煤装置
224.5,ST010377,<p>℃</p>,2025-12-27 08:00:00,终馏点,延炼50万吨/年航煤装置
187.0,ST010377,<p>℃</p>,2025-12-27 08:00:00,50%回收温度,延炼50万吨/年航煤装置
174.0,ST010377,<p>℃</p>,2025-12-27 08:00:00,20%回收温度,延炼50万吨/年航煤装置
169.0,ST010377,<p>℃</p>,2025-12-27 08:00:00,10%回收温度,延炼50万吨/年航煤装置
153.0,ST010377,<p>℃</p>,2025-12-27 08:00:00,初馏点,延炼50万吨/年航煤装置
0.8,ST010377,体积分数 %,2025-12-27 08:00:00,损失量,延炼50万吨/年航煤装置
785.3,ST010377,<p>kg/m<sup>3</sup></p>,2025-12-28 08:00:00,密度(20℃),延炼50万吨/年航煤装置
1.0,ST010377,体积分数 %,2025-12-28 08:00:00,残留量,延炼50万吨/年航煤装置
209.5,ST010377,<p>℃</p>,2025-12-28 08:00:00,90%回收温度,延炼50万吨/年航煤装置
225.0,ST010377,<p>℃</p>,2025-12-28 08:00:00,终馏点,延炼50万吨/年航煤装置
187.5,ST010377,<p>℃</p>,2025-12-28 08:00:00,50%回收温度,延炼50万吨/年航煤装置
174.5,ST010377,<p>℃</p>,2025-12-28 08:00:00,20%回收温度,延炼50万吨/年航煤装置
169.0,ST010377,<p>℃</p>,2025-12-28 08:00:00,10%回收温度,延炼50万吨/年航煤装置
153.0,ST010377,<p>℃</p>,2025-12-28 08:00:00,初馏点,延炼50万吨/年航煤装置
0.7,ST010377,体积分数 %,2025-12-28 08:00:00,损失量,延炼50万吨/年航煤装置
42.5,ST010377,℃,2025-12-28 08:00:00,闪点（闭口）,延炼50万吨/年航煤装置
783.8,ST010377,<p>kg/m<sup>3</sup></p>,2025-12-29 08:00:00,密度(20℃),延炼50万吨/年航煤装置
0.9,ST010377,体积分数 %,2025-12-29 08:00:00,残留量,延炼50万吨/年航煤装置
213.5,ST010377,<p>℃</p>,2025-12-29 08:00:00,90%回收温度,延炼50万吨/年航煤装置
227.5,ST010377,<p>℃</p>,2025-12-29 08:00:00,终馏点,延炼50万吨/年航煤装置
188.0,ST010377,<p>℃</p>,2025-12-29 08:00:00,50%回收温度,延炼50万吨/年航煤装置
175.0,ST010377,<p>℃</p>,2025-12-29 08:00:00,20%回收温度,延炼50万吨/年航煤装置
169.0,ST010377,<p>℃</p>,2025-12-29 08:00:00,10%回收温度,延炼50万吨/年航煤装置
152.0,ST010377,<p>℃</p>,2025-12-29 08:00:00,初馏点,延炼50万吨/年航煤装置
0.8,ST010377,体积分数 %,2025-12-29 08:00:00,损失量,延炼50万吨/年航煤装置
42.0,ST010377,℃,2025-12-29 08:00:00,闪点（闭口）,延炼50万吨/年航煤装置
785.5,ST010377,<p>kg/m<sup>3</sup></p>,2025-12-30 08:00:00,密度(20℃),延炼50万吨/年航煤装置
1.0,ST010377,体积分数 %,2025-12-30 08:00:00,残留量,延炼50万吨/年航煤装置
212.5,ST010377,<p>℃</p>,2025-12-30 08:00:00,90%回收温度,延炼50万吨/年航煤装置
225.5,ST010377,<p>℃</p>,2025-12-30 08:00:00,终馏点,延炼50万吨/年航煤装置
188.5,ST010377,<p>℃</p>,2025-12-30 08:00:00,50%回收温度,延炼50万吨/年航煤装置
174.0,ST010377,<p>℃</p>,2025-12-30 08:00:00,20%回收温度,延炼50万吨/年航煤装置
169.0,ST010377,<p>℃</p>,2025-12-30 08:00:00,10%回收温度,延炼50万吨/年航煤装置
152.0,ST010377,<p>℃</p>,2025-12-30 08:00:00,初馏点,延炼50万吨/年航煤装置
0.8,ST010377,体积分数 %,2025-12-30 08:00:00,损失量,延炼50万吨/年航煤装置
42.5,ST010377,℃,2025-12-30 08:00:00,闪点（闭口）,延炼50万吨/年航煤装置
42.5,ST010377,℃,2025-12-31 08:00:00,闪点（闭口）,延炼50万吨/年航煤装置
782.9,ST010377,<p>kg/m<sup>3</sup></p>,2025-12-31 08:00:00,密度(20℃),延炼50万吨/年航煤装置
1.1,ST010377,体积分数 %,2025-12-31 08:00:00,残留量,延炼50万吨/年航煤装置
212.5,ST010377,<p>℃</p>,2025-12-31 08:00:00,90%回收温度,延炼50万吨/年航煤装置
225.5,ST010377,<p>℃</p>,2025-12-31 08:00:00,终馏点,延炼50万吨/年航煤装置
188.0,ST010377,<p>℃</p>,2025-12-31 08:00:00,50%回收温度,延炼50万吨/年航煤装置
174.0,ST010377,<p>℃</p>,2025-12-31 08:00:00,20%回收温度,延炼50万吨/年航煤装置
169.0,ST010377,<p>℃</p>,2025-12-31 08:00:00,10%回收温度,延炼50万吨/年航煤装置
152.0,ST010377,<p>℃</p>,2025-12-31 08:00:00,初馏点,延炼50万吨/年航煤装置
0.6,ST010377,体积分数 %,2025-12-31 08:00:00,损失量,延炼50万吨/年航煤装置
44.5,ST010377,℃,2026-01-01 08:00:00,闪点（闭口）,延炼50万吨/年航煤装置
785.5,ST010377,<p>kg/m<sup>3</sup></p>,2026-01-01 08:00:00,密度(20℃),延炼50万吨/年航煤装置
1.1,ST010377,体积分数 %,2026-01-01 08:00:00,残留量,延炼50万吨/年航煤装置
210.0,ST010377,<p>℃</p>,2026-01-01 08:00:00,90%回收温度,延炼50万吨/年航煤装置
225.5,ST010377,<p>℃</p>,2026-01-01 08:00:00,终馏点,延炼50万吨/年航煤装置
187.0,ST010377,<p>℃</p>,2026-01-01 08:00:00,50%回收温度,延炼50万吨/年航煤装置
175.0,ST010377,<p>℃</p>,2026-01-01 08:00:00,20%回收温度,延炼50万吨/年航煤装置
170.0,ST010377,<p>℃</p>,2026-01-01 08:00:00,10%回收温度,延炼50万吨/年航煤装置
156.0,ST010377,<p>℃</p>,2026-01-01 08:00:00,初馏点,延炼50万吨/年航煤装置
0.4,ST010377,体积分数 %,2026-01-01 08:00:00,损失量,延炼50万吨/年航煤装置
44.5,ST010377,℃,2026-01-02 08:00:00,闪点（闭口）,延炼50万吨/年航煤装置
784.6,ST010377,<p>kg/m<sup>3</sup></p>,2026-01-02 08:00:00,密度(20℃),延炼50万吨/年航煤装置
1.1,ST010377,体积分数 %,2026-01-02 08:00:00,残留量,延炼50万吨/年航煤装置
212.0,ST010377,<p>℃</p>,2026-01-02 08:00:00,90%回收温度,延炼50万吨/年航煤装置
225.0,ST010377,<p>℃</p>,2026-01-02 08:00:00,终馏点,延炼50万吨/年航煤装置
188.0,ST010377,<p>℃</p>,2026-01-02 08:00:00,50%回收温度,延炼50万吨/年航煤装置
174.5,ST010377,<p>℃</p>,2026-01-02 08:00:00,20%回收温度,延炼50万吨/年航煤装置
170.5,ST010377,<p>℃</p>,2026-01-02 08:00:00,10%回收温度,延炼50万吨/年航煤装置
154.5,ST010377,<p>℃</p>,2026-01-02 08:00:00,初馏点,延炼50万吨/年航煤装置
0.4,ST010377,体积分数 %,2026-01-02 08:00:00,损失量,延炼50万吨/年航煤装置
1.0,ST010377,体积分数 %,2026-01-03 08:00:00,残留量,延炼50万吨/年航煤装置
211.5,ST010377,<p>℃</p>,2026-01-03 08:00:00,90%回收温度,延炼50万吨/年航煤装置
226.5,ST010377,<p>℃</p>,2026-01-03 08:00:00,终馏点,延炼50万吨/年航煤装置
187.0,ST010377,<p>℃</p>,2026-01-03 08:00:00,50%回收温度,延炼50万吨/年航煤装置
175.0,ST010377,<p>℃</p>,2026-01-03 08:00:00,20%回收温度,延炼50万吨/年航煤装置
170.0,ST010377,<p>℃</p>,2026-01-03 08:00:00,10%回收温度,延炼50万吨/年航煤装置
154.0,ST010377,<p>℃</p>,2026-01-03 08:00:00,初馏点,延炼50万吨/年航煤装置
0.8,ST010377,体积分数 %,2026-01-03 08:00:00,损失量,延炼50万吨/年航煤装置
784.6,ST010377,<p>kg/m<sup>3</sup></p>,2026-01-03 08:00:00,密度(20℃),延炼50万吨/年航煤装置
44.5,ST010377,℃,2026-01-03 08:00:00,闪点（闭口）,延炼50万吨/年航煤装置
226.5,ST010377,<p>℃</p>,2026-01-04 08:00:00,终馏点,延炼50万吨/年航煤装置
188.0,ST010377,<p>℃</p>,2026-01-04 08:00:00,50%回收温度,延炼50万吨/年航煤装置
175.0,ST010377,<p>℃</p>,2026-01-04 08:00:00,20%回收温度,延炼50万吨/年航煤装置
170.0,ST010377,<p>℃</p>,2026-01-04 08:00:00,10%回收温度,延炼50万吨/年航煤装置
154.0,ST010377,<p>℃</p>,2026-01-04 08:00:00,初馏点,延炼50万吨/年航煤装置
0.8,ST010377,体积分数 %,2026-01-04 08:00:00,损失量,延炼50万吨/年航煤装置
45.0,ST010377,℃,2026-01-04 08:00:00,闪点（闭口）,延炼50万吨/年航煤装置
784.1,ST010377,<p>kg/m<sup>3</sup></p>,2026-01-04 08:00:00,密度(20℃),延炼50万吨/年航煤装置
0.9,ST010377,体积分数 %,2026-01-04 08:00:00,残留量,延炼50万吨/年航煤装置
213.5,ST010377,<p>℃</p>,2026-01-04 08:00:00,90%回收温度,延炼50万吨/年航煤装置
783.9,ST010377,<p>kg/m<sup>3</sup></p>,2026-01-05 08:00:00,密度(20℃),延炼50万吨/年航煤装置
1.0,ST010377,体积分数 %,2026-01-05 08:00:00,残留量,延炼50万吨/年航煤装置
215.0,ST010377,<p>℃</p>,2026-01-05 08:00:00,90%回收温度,延炼50万吨/年航煤装置
228.5,ST010377,<p>℃</p>,2026-01-05 08:00:00,终馏点,延炼50万吨/年航煤装置
190.0,ST010377,<p>℃</p>,2026-01-05 08:00:00,50%回收温度,延炼50万吨/年航煤装置
176.0,ST010377,<p>℃</p>,2026-01-05 08:00:00,20%回收温度,延炼50万吨/年航煤装置
171.0,ST010377,<p>℃</p>,2026-01-05 08:00:00,10%回收温度,延炼50万吨/年航煤装置
155.5,ST010377,<p>℃</p>,2026-01-05 08:00:00,初馏点,延炼50万吨/年航煤装置
0.8,ST010377,体积分数 %,2026-01-05 08:00:00,损失量,延炼50万吨/年航煤装置
45.0,ST010377,℃,2026-01-05 08:00:00,闪点（闭口）,延炼50万吨/年航煤装置
784.8,ST010377,<p>kg/m<sup>3</sup></p>,2026-01-06 08:00:00,密度(20℃),延炼50万吨/年航煤装置
44.0,ST010377,℃,2026-01-06 08:00:00,闪点（闭口）,延炼50万吨/年航煤装置
1.0,ST010377,体积分数 %,2026-01-06 08:00:00,残留量,延炼50万吨/年航煤装置
213.0,ST010377,<p>℃</p>,2026-01-06 08:00:00,90%回收温度,延炼50万吨/年航煤装置
227.0,ST010377,<p>℃</p>,2026-01-06 08:00:00,终馏点,延炼50万吨/年航煤装置
189.0,ST010377,<p>℃</p>,2026-01-06 08:00:00,50%回收温度,延炼50万吨/年航煤装置
175.0,ST010377,<p>℃</p>,2026-01-06 08:00:00,20%回收温度,延炼50万吨/年航煤装置
170.5,ST010377,<p>℃</p>,2026-01-06 08:00:00,10%回收温度,延炼50万吨/年航煤装置
154.5,ST010377,<p>℃</p>,2026-01-06 08:00:00,初馏点,延炼50万吨/年航煤装置
0.8,ST010377,体积分数 %,2026-01-06 08:00:00,损失量,延炼50万吨/年航煤装置
1.0,ST010377,体积分数 %,2026-01-07 08:00:00,残留量,延炼50万吨/年航煤装置
213.0,ST010377,<p>℃</p>,2026-01-07 08:00:00,90%回收温度,延炼50万吨/年航煤装置
228.5,ST010377,<p>℃</p>,2026-01-07 08:00:00,终馏点,延炼50万吨/年航煤装置
188.0,ST010377,<p>℃</p>,2026-01-07 08:00:00,50%回收温度,延炼50万吨/年航煤装置
175.0,ST010377,<p>℃</p>,2026-01-07 08:00:00,20%回收温度,延炼50万吨/年航煤装置
170.0,ST010377,<p>℃</p>,2026-01-07 08:00:00,10%回收温度,延炼50万吨/年航煤装置
153.0,ST010377,<p>℃</p>,2026-01-07 08:00:00,初馏点,延炼50万吨/年航煤装置
0.8,ST010377,体积分数 %,2026-01-07 08:00:00,损失量,延炼50万吨/年航煤装置
785.3,ST010377,<p>kg/m<sup>3</sup></p>,2026-01-07 08:00:00,密度(20℃),延炼50万吨/年航煤装置
45.0,ST010377,℃,2026-01-07 08:00:00,闪点（闭口）,延炼50万吨/年航煤装置
